{
"type": "FeatureCollection",
"name": "oh31-demographics",
"crs": { "type": "name", "properties": { "name": "urn:ogc:def:crs:OGC:1.3:CRS84" } },
"features": [
{ "type": "Feature", "properties": { "UNIQUE_ID": "Summit-:-BARBERTON 1-A (AJA)", "PRECNAME": "BARBERTON 1-A", "PRECCODE": "AJA", "COUNTYFP": "153", "County": "Summit", "SLDL_DIST": "031", "total_pop": 1581, "age_under18": 372, "age_18_34": 308, "age_35_64": 677, "age_65plus": 224, "pop_hispanic": 82, "pop_white": 1518, "pop_black": 277, "pop_asian": 0, "pct_hispanic": 4.4, "pct_white": 80.5, "pct_black": 14.7, "pct_asian": 0.0, "pct_native": 0.0, "pct_multi": 0.0, "med_hh_income": 58986.0, "pct_bachelors_plus": 21.784858044164043, "pct_no_hs_diploma": 7.0401892744479504, "pct_some_college": 30.101072555205047 }, "geometry": { "type": "Polygon", "coordinates": [ [ [ -81.577761377011868, 41.038797955296019 ], [ -81.577969378176348, 41.038620956337631 ], [ -81.578140379065147, 41.038454957126064 ], [ -81.578292379988142, 41.03818295811994 ], [ -81.578687382519703, 41.037477960753279 ], [ -81.578858383585725, 41.037178961918151 ], [ -81.578962384371252, 41.036812962926227 ], [ -81.578776383860458, 41.036329963423988 ], [ -81.577871379505382, 41.036328960813613 ], [ -81.577323376881665, 41.036339959268851 ], [ -81.577339376909379, 41.036318959296558 ], [ -81.577514377987981, 41.036103960263745 ], [ -81.577589378336114, 41.036043960674291 ], [ -81.577731379110759, 41.035931961293819 ], [ -81.578088380993776, 41.035720962743454 ], [ -81.578301382192947, 41.035594963619246 ], [ -81.578663384115117, 41.035387965091985 ], [ -81.57877338465218, 41.035326965559022 ], [ -81.579170386755479, 41.035081967273008 ], [ -81.579411388105342, 41.034947968226547 ], [ -81.579720389791277, 41.034776969458633 ], [ -81.580748395298485, 41.034170973805807 ], [ -81.581712400702173, 41.033606977796758 ], [ -81.582738406339089, 41.033008982103894 ], [ -81.583305409495736, 41.032677984439125 ], [ -81.583472410448394, 41.032575985194498 ], [ -81.583683411695688, 41.03242698613326 ], [ -81.584589416959602, 41.031806990085684 ], [ -81.584767417682116, 41.031883990515894 ], [ -81.585279420168177, 41.032051991588673 ], [ -81.585776422387497, 41.032231992651198 ], [ -81.586122423952901, 41.032349993411216 ], [ -81.588312433929744, 41.033122998090448 ], [ -81.58880543611599, 41.033344999061491 ], [ -81.588955436862946, 41.033373999429919 ], [ -81.589099437580842, 41.03337499988433 ], [ -81.590240443236723, 41.033313003353967 ], [ -81.5916004501874, 41.033233007488242 ], [ -81.593381458974619, 41.033236012649589 ], [ -81.594439464234782, 41.033234015784416 ], [ -81.596536474733881, 41.03324402186356 ], [ -81.598631485132188, 41.033232028020819 ], [ -81.598650486305971, 41.032651029450285 ], [ -81.599086488458653, 41.032679030670124 ], [ -81.599098487451229, 41.033235029360206 ], [ -81.599045485555564, 41.034123027165904 ], [ -81.598970483603864, 41.034977024878501 ], [ -81.599040482148808, 41.035906022937972 ], [ -81.598553479752781, 41.035903021494775 ], [ -81.596483469882827, 41.035877015546674 ], [ -81.594375459526518, 41.035953009279304 ], [ -81.592378449868903, 41.035953003533479 ], [ -81.592348449849936, 41.03585200370658 ], [ -81.592276449996461, 41.035571004160623 ], [ -81.589443436527105, 41.035353996416482 ], [ -81.589378435055522, 41.036183994368152 ], [ -81.589242432112187, 41.037852990228714 ], [ -81.589323431145701, 41.038811988320965 ], [ -81.589339431049765, 41.039009987849091 ], [ -81.589343430910645, 41.03905398778295 ], [ -81.589157427297337, 41.041097982649227 ], [ -81.58914342698769, 41.041251982335289 ], [ -81.58924242721244, 41.041452982082731 ], [ -81.587742420287668, 41.041552977641537 ], [ -81.586741415874727, 41.041452975117302 ], [ -81.585841411905989, 41.041352972720908 ], [ -81.584841407346147, 41.041352969951845 ], [ -81.583841402793936, 41.041252967324624 ], [ -81.582241395420439, 41.041352962569256 ], [ -81.582193396969899, 41.039636966131582 ], [ -81.581789395072946, 41.039639965010373 ], [ -81.580063387026229, 41.039623960107832 ], [ -81.579531384639296, 41.039608958626467 ], [ -81.578549380102757, 41.039601955886283 ], [ -81.577496375204547, 41.039585952941891 ], [ -81.577584375779608, 41.039350953656133 ], [ -81.577761377011868, 41.038797955296019 ] ] ] } },
{ "type": "Feature", "properties": { "UNIQUE_ID": "Summit-:-BARBERTON 1-B (AJD)", "PRECNAME": "BARBERTON 1-B", "PRECCODE": "AJD", "COUNTYFP": "153", "County": "Summit", "SLDL_DIST": "031", "total_pop": 1419, "age_under18": 270, "age_18_34": 343, "age_35_64": 512, "age_65plus": 294, "pop_hispanic": 13, "pop_white": 1331, "pop_black": 68, "pop_asian": 0, "pct_hispanic": 0.9, "pct_white": 92.0, "pct_black": 4.7, "pct_asian": 0.0, "pct_native": 0.0, "pct_multi": 0.0, "med_hh_income": 61569.0, "pct_bachelors_plus": 16.401748251748252, "pct_no_hs_diploma": 9.7344755244755241, "pct_some_college": 31.755524475524478 }, "geometry": { "type": "Polygon", "coordinates": [ [ [ -81.576535373366681, 41.035969957787742 ], [ -81.576540373525191, 41.035656958378233 ], [ -81.576542373693698, 41.035523958712652 ], [ -81.57654937373394, 41.035462958813497 ], [ -81.576580374352446, 41.034884960119605 ], [ -81.576692376548749, 41.032562965277755 ], [ -81.576706377200566, 41.031785966986185 ], [ -81.576719377731706, 41.031049968586629 ], [ -81.576736378365695, 41.030310970187628 ], [ -81.576782378868629, 41.029981970979826 ], [ -81.576794379162251, 41.029737971531596 ], [ -81.576793379217207, 41.029660971720119 ], [ -81.576777379071913, 41.029626971699038 ], [ -81.576752378967385, 41.029598971716567 ], [ -81.576718378865294, 41.029575971684643 ], [ -81.576679378633571, 41.029559971564943 ], [ -81.576633378413263, 41.029551971441322 ], [ -81.576647379374165, 41.028289974111935 ], [ -81.576665379684229, 41.028027974715847 ], [ -81.577169382222266, 41.028126975981259 ], [ -81.579041391372442, 41.028952979873644 ], [ -81.578954392099703, 41.027576982545028 ], [ -81.578941392768485, 41.026652984467049 ], [ -81.578940394363926, 41.024786988346932 ], [ -81.578940394820492, 41.024264989469039 ], [ -81.578940395392436, 41.023558990958769 ], [ -81.578940396099028, 41.022752992653324 ], [ -81.578949396205289, 41.02258199305632 ], [ -81.578984396955221, 41.021903994640809 ], [ -81.578223392815573, 41.021866992349516 ], [ -81.578210392386353, 41.022309991416819 ], [ -81.578189392004859, 41.022588990745703 ], [ -81.577306387141292, 41.02258898805519 ], [ -81.577306387769696, 41.021846989629616 ], [ -81.577041386299953, 41.021852988817038 ], [ -81.576596383793188, 41.021860987363091 ], [ -81.576619383903548, 41.021802987609142 ], [ -81.576618384823448, 41.020594990077015 ], [ -81.576862386237892, 41.020591990839655 ], [ -81.577026387107836, 41.020588991388841 ], [ -81.577263388483104, 41.020592992073055 ], [ -81.577633390462935, 41.020587993272819 ], [ -81.577785391341948, 41.020591993744027 ], [ -81.578182393630357, 41.020590994908034 ], [ -81.578682396453189, 41.020594996456865 ], [ -81.579018398340921, 41.020592997509851 ], [ -81.579306399878547, 41.020591998413799 ], [ -81.580084404235251, 41.020597000828047 ], [ -81.580344405699435, 41.02058200159567 ], [ -81.580702407715165, 41.020578002731426 ], [ -81.581415411761014, 41.020578004949904 ], [ -81.581525412387748, 41.020578005273606 ], [ -81.581650413061524, 41.020567005713445 ], [ -81.582374416319524, 41.021351006243592 ], [ -81.582837418421676, 41.021859006554244 ], [ -81.583503421403947, 41.022573007053552 ], [ -81.584378425122281, 41.023521007656058 ], [ -81.584666426297261, 41.023865007750302 ], [ -81.58477942681489, 41.024010007754534 ], [ -81.585016427644732, 41.024345007755038 ], [ -81.585382429877185, 41.024194009143152 ], [ -81.58552643065687, 41.024165009709996 ], [ -81.585586430968974, 41.024159009851111 ], [ -81.585725431702613, 41.024155010357312 ], [ -81.586546436207627, 41.024163012752588 ], [ -81.587217439841936, 41.024162014840613 ], [ -81.588406446332911, 41.024170018401996 ], [ -81.588534446943783, 41.024181018784518 ], [ -81.588612447391355, 41.024204019007954 ], [ -81.588873449219562, 41.023897020422787 ], [ -81.58901245012936, 41.023741021172874 ], [ -81.589311452256126, 41.023392022870766 ], [ -81.589451453241182, 41.023225023718439 ], [ -81.589523453848386, 41.02311502420735 ], [ -81.58957445424015, 41.023001024632819 ], [ -81.589600454499745, 41.022903024899385 ], [ -81.589630455148679, 41.022586025723008 ], [ -81.589870456496953, 41.02257802645866 ], [ -81.590084457613244, 41.02260602705671 ], [ -81.590810461314831, 41.022776028889226 ], [ -81.590981462260444, 41.022812029275755 ], [ -81.591181463283235, 41.022854029798872 ], [ -81.591305463935782, 41.022904030063735 ], [ -81.59142946442077, 41.022982030273567 ], [ -81.591641465389927, 41.023141030581044 ], [ -81.591727465791308, 41.023196030743392 ], [ -81.592318468427038, 41.02357003162988 ], [ -81.592510469307072, 41.023679032014989 ], [ -81.592566469547918, 41.023711032065123 ], [ -81.592825470673247, 41.023893032476607 ], [ -81.593057471781279, 41.0240340328847 ], [ -81.593116472043036, 41.024075032928479 ], [ -81.593220472486848, 41.024149033063921 ], [ -81.593244472605733, 41.02416803308175 ], [ -81.593385473205402, 41.024276033256648 ], [ -81.593456473588347, 41.024220033650188 ], [ -81.593560474239865, 41.02416203405555 ], [ -81.593664474890531, 41.024131034444999 ], [ -81.593811475701344, 41.024111034912529 ], [ -81.594284478367967, 41.024083036440082 ], [ -81.594270478156233, 41.024180036229829 ], [ -81.59419047738325, 41.024344035572511 ], [ -81.594108476697997, 41.024531034909955 ], [ -81.594075476321635, 41.024617034586861 ], [ -81.593640473421317, 41.025022032303355 ], [ -81.59353947261755, 41.025116031837555 ], [ -81.59296946868993, 41.025671028846553 ], [ -81.592263463898064, 41.026370025079217 ], [ -81.591623459520576, 41.027018021664219 ], [ -81.591581459286544, 41.027044021487477 ], [ -81.591515458924704, 41.027077021276753 ], [ -81.59132945774526, 41.027208020404679 ], [ -81.590794454328972, 41.027568017962039 ], [ -81.590832454510576, 41.027599018048598 ], [ -81.590947454916062, 41.027709018109611 ], [ -81.591392456681902, 41.028077018584924 ], [ -81.591471457024909, 41.028138018720227 ], [ -81.59150145709674, 41.028193018643947 ], [ -81.591506457119635, 41.028259018504286 ], [ -81.59145945593761, 41.028857017039059 ], [ -81.591420455155685, 41.029212016099997 ], [ -81.591329453791133, 41.029820014437178 ], [ -81.592392459277988, 41.029826017582231 ], [ -81.593452464768632, 41.02983902072738 ], [ -81.594508470123756, 41.029847023806333 ], [ -81.595553475542886, 41.029855026846285 ], [ -81.596596480916915, 41.02986402994398 ], [ -81.596612481668146, 41.029475030908117 ], [ -81.596633483619755, 41.028361033541039 ], [ -81.597684489101226, 41.028371036668162 ], [ -81.598739494611152, 41.028376039827471 ], [ -81.598732493529425, 41.028925038552963 ], [ -81.598740493445959, 41.029033038279834 ], [ -81.598754493430093, 41.029073038192315 ], [ -81.598776493452959, 41.029096038206198 ], [ -81.59899749451624, 41.029189038704509 ], [ -81.599107494941492, 41.029235038875179 ], [ -81.599170495225223, 41.029268039002837 ], [ -81.59914549455101, 41.029554038269438 ], [ -81.599086488458653, 41.032679030670124 ], [ -81.598650486305971, 41.032651029450285 ], [ -81.598631485132188, 41.033232028020819 ], [ -81.596536474733881, 41.03324402186356 ], [ -81.594439464234782, 41.033234015784416 ], [ -81.593381458974619, 41.033236012649589 ], [ -81.5916004501874, 41.033233007488242 ], [ -81.590240443236723, 41.033313003353967 ], [ -81.589099437580842, 41.03337499988433 ], [ -81.588955436862946, 41.033373999429919 ], [ -81.58880543611599, 41.033344999061491 ], [ -81.588312433929744, 41.033122998090448 ], [ -81.586122423952901, 41.032349993411216 ], [ -81.585776422387497, 41.032231992651198 ], [ -81.585279420168177, 41.032051991588673 ], [ -81.584767417682116, 41.031883990515894 ], [ -81.584589416959602, 41.031806990085684 ], [ -81.583683411695688, 41.03242698613326 ], [ -81.583472410448394, 41.032575985194498 ], [ -81.583305409495736, 41.032677984439125 ], [ -81.582738406339089, 41.033008982103894 ], [ -81.581712400702173, 41.033606977796758 ], [ -81.580748395298485, 41.034170973805807 ], [ -81.579720389791277, 41.034776969458633 ], [ -81.579411388105342, 41.034947968226547 ], [ -81.579170386755479, 41.035081967273008 ], [ -81.57877338465218, 41.035326965559022 ], [ -81.578663384115117, 41.035387965091985 ], [ -81.578301382192947, 41.035594963619246 ], [ -81.578088380993776, 41.035720962743454 ], [ -81.577731379110759, 41.035931961293819 ], [ -81.577589378336114, 41.036043960674291 ], [ -81.577514377987981, 41.036103960263745 ], [ -81.577339376909379, 41.036318959296558 ], [ -81.577323376881665, 41.036339959268851 ], [ -81.576525373053386, 41.036335956954844 ], [ -81.576535373366681, 41.035969957787742 ] ] ] } },
{ "type": "Feature", "properties": { "UNIQUE_ID": "Summit-:-BARBERTON 1-C (BAB)", "PRECNAME": "BARBERTON 1-C", "PRECCODE": "BAB", "COUNTYFP": "153", "County": "Summit", "SLDL_DIST": "031", "total_pop": 1429, "age_under18": 278, "age_18_34": 294, "age_35_64": 586, "age_65plus": 271, "pop_hispanic": 39, "pop_white": 779, "pop_black": 40, "pop_asian": 7, "pct_hispanic": 4.5, "pct_white": 89.9, "pct_black": 4.6, "pct_asian": 0.8, "pct_native": 0.0, "pct_multi": 0.0, "med_hh_income": 55367.0, "pct_bachelors_plus": 7.1483577917540178, "pct_no_hs_diploma": 10.856813417190775, "pct_some_college": 34.902935010482175 }, "geometry": { "type": "Polygon", "coordinates": [ [ [ -81.582374416319524, 41.021351006243592 ], [ -81.581650413061524, 41.020567005713445 ], [ -81.581558412681304, 41.020461005605299 ], [ -81.581420412066478, 41.020311005516 ], [ -81.580727408879255, 41.019558004949559 ], [ -81.579951405225145, 41.018760004269971 ], [ -81.579796404422822, 41.018602004168727 ], [ -81.579625403629251, 41.018417004028777 ], [ -81.579282401969905, 41.018079003665072 ], [ -81.579239401776263, 41.018041003609419 ], [ -81.579324402267289, 41.01801900388471 ], [ -81.579799404930782, 41.018002005414303 ], [ -81.581936417209675, 41.018013012074348 ], [ -81.584054429344164, 41.018036018566789 ], [ -81.584933434384965, 41.018050021311595 ], [ -81.584999434777117, 41.018050021543687 ], [ -81.587347448258512, 41.018061028803778 ], [ -81.589728461982943, 41.018080036165223 ], [ -81.591862474117235, 41.018104042761763 ], [ -81.594225487693961, 41.018126049983579 ], [ -81.595009492114386, 41.018137052422922 ], [ -81.595804496765922, 41.018140054872248 ], [ -81.595967497632842, 41.018132055388129 ], [ -81.596279499514807, 41.018102056445841 ], [ -81.596450500789715, 41.017964057305221 ], [ -81.596588501748201, 41.017841058016401 ], [ -81.596967504544466, 41.017525059943651 ], [ -81.597579508925676, 41.017001063071739 ], [ -81.597842510921396, 41.01678606443275 ], [ -81.598080512655017, 41.016578065696464 ], [ -81.598327514459328, 41.016350066975043 ], [ -81.59865251685612, 41.0160840685718 ], [ -81.598900518633926, 41.015888069895311 ], [ -81.599463522923244, 41.015397072754439 ], [ -81.599565523649488, 41.015303073338899 ], [ -81.599739525053863, 41.015115074314267 ], [ -81.599831525776182, 41.01502407478808 ], [ -81.600204528802635, 41.014632076904626 ], [ -81.600355529921472, 41.01447307781018 ], [ -81.600497531069848, 41.014302078628013 ], [ -81.600516531237602, 41.014274078795566 ], [ -81.600535531485633, 41.014226078981132 ], [ -81.600554531815121, 41.014128079261283 ], [ -81.600547532239574, 41.013894079735458 ], [ -81.600551532449316, 41.013757080097655 ], [ -81.600557532870027, 41.013603080487364 ], [ -81.600554534058517, 41.012994081940562 ], [ -81.600569534389379, 41.012851082290943 ], [ -81.601647540821375, 41.012849085747092 ], [ -81.601775541672069, 41.012849086129513 ], [ -81.60291154849736, 41.012832089852928 ], [ -81.603175550105192, 41.012827090692475 ], [ -81.604493558065812, 41.012799094884599 ], [ -81.600542524932578, 41.017642070834412 ], [ -81.596510495557624, 41.021153050083491 ], [ -81.593057471781279, 41.0240340328847 ], [ -81.592825470673247, 41.023893032476607 ], [ -81.592566469547918, 41.023711032065123 ], [ -81.592510469307072, 41.023679032014989 ], [ -81.592318468427038, 41.02357003162988 ], [ -81.591727465791308, 41.023196030743392 ], [ -81.591641465389927, 41.023141030581044 ], [ -81.59142946442077, 41.022982030273567 ], [ -81.591305463935782, 41.022904030063735 ], [ -81.591181463283235, 41.022854029798872 ], [ -81.590981462260444, 41.022812029275755 ], [ -81.590810461314831, 41.022776028889226 ], [ -81.590084457613244, 41.02260602705671 ], [ -81.589870456496953, 41.02257802645866 ], [ -81.589630455148679, 41.022586025723008 ], [ -81.589600454499745, 41.022903024899385 ], [ -81.58957445424015, 41.023001024632819 ], [ -81.589523453848386, 41.02311502420735 ], [ -81.589451453241182, 41.023225023718439 ], [ -81.589311452256126, 41.023392022870766 ], [ -81.58901245012936, 41.023741021172874 ], [ -81.588873449219562, 41.023897020422787 ], [ -81.588612447391355, 41.024204019007954 ], [ -81.588534446943783, 41.024181018784518 ], [ -81.588406446332911, 41.024170018401996 ], [ -81.587217439841936, 41.024162014840613 ], [ -81.586546436207627, 41.024163012752588 ], [ -81.585725431702613, 41.024155010357312 ], [ -81.585586430968974, 41.024159009851111 ], [ -81.58552643065687, 41.024165009709996 ], [ -81.585382429877185, 41.024194009143152 ], [ -81.585016427644732, 41.024345007755038 ], [ -81.58477942681489, 41.024010007754534 ], [ -81.584666426297261, 41.023865007750302 ], [ -81.584378425122281, 41.023521007656058 ], [ -81.583503421403947, 41.022573007053552 ], [ -81.582837418421676, 41.021859006554244 ], [ -81.582374416319524, 41.021351006243592 ] ] ] } },
{ "type": "Feature", "properties": { "UNIQUE_ID": "Summit-:-BARBERTON 2-A (AJG)", "PRECNAME": "BARBERTON 2-A", "PRECCODE": "AJG", "COUNTYFP": "153", "County": "Summit", "SLDL_DIST": "031", "total_pop": 1526, "age_under18": 219, "age_18_34": 254, "age_35_64": 636, "age_65plus": 417, "pop_hispanic": 18, "pop_white": 1316, "pop_black": 370, "pop_asian": 0, "pct_hispanic": 1.0, "pct_white": 74.5, "pct_black": 20.9, "pct_asian": 0.0, "pct_native": 0.0, "pct_multi": 0.0, "med_hh_income": 49408.0, "pct_bachelors_plus": 8.7443427076520592, "pct_no_hs_diploma": 13.861739699149771, "pct_some_college": 33.530412034009153 }, "geometry": { "type": "Polygon", "coordinates": [ [ [ -81.596967504544466, 41.017525059943651 ], [ -81.596588501748201, 41.017841058016401 ], [ -81.596572502737189, 41.017202059475075 ], [ -81.596576504263027, 41.016346061489124 ], [ -81.596584505754606, 41.015501063509944 ], [ -81.594223491945414, 41.015497056063111 ], [ -81.594225493365627, 41.014638058094945 ], [ -81.594218494704535, 41.013751060065857 ], [ -81.594224496270343, 41.012849062159376 ], [ -81.594225497580098, 41.012040064109257 ], [ -81.594226498804375, 41.011250065853659 ], [ -81.594228500257032, 41.010393067878354 ], [ -81.592122487343957, 41.010390061154993 ], [ -81.591879485864325, 41.010390060316091 ], [ -81.591632484374458, 41.010387059602202 ], [ -81.590411476818232, 41.010388055669857 ], [ -81.589913473820602, 41.010385054095522 ], [ -81.589910474181394, 41.010093054763836 ], [ -81.589927475213827, 41.009423056286352 ], [ -81.589944476238969, 41.008788057756718 ], [ -81.589971477411723, 41.008029059576479 ], [ -81.589990478233503, 41.007524060743428 ], [ -81.590003479174229, 41.006921062165375 ], [ -81.590021479848048, 41.006532063114911 ], [ -81.590327481821888, 41.006523064098147 ], [ -81.593730503307114, 41.006543075173418 ], [ -81.593696503472671, 41.006326075521649 ], [ -81.593675503418581, 41.006231075698203 ], [ -81.593617503469005, 41.006038075930825 ], [ -81.593556503186662, 41.005897076056939 ], [ -81.593465502941996, 41.005755076121886 ], [ -81.59341250267255, 41.005687076035869 ], [ -81.593325502316006, 41.005587076036875 ], [ -81.59308050111936, 41.005333075828432 ], [ -81.593009500838619, 41.005244075820677 ], [ -81.592916500381179, 41.005114075768155 ], [ -81.59288650028985, 41.00506107579087 ], [ -81.592833500138966, 41.004939075903032 ], [ -81.59309650187555, 41.004930076746746 ], [ -81.594609511555106, 41.004935081723694 ], [ -81.595265515687373, 41.004952083866186 ], [ -81.595653518203392, 41.004948085093524 ], [ -81.595789519035321, 41.004952085565421 ], [ -81.595985520379372, 41.004950086199159 ], [ -81.596878526007927, 41.00494708915646 ], [ -81.598020533391107, 41.00495509282797 ], [ -81.598016532595807, 41.005391091768871 ], [ -81.598019530384832, 41.006622088908749 ], [ -81.598011529178351, 41.007205087488742 ], [ -81.597991527769821, 41.007912085741864 ], [ -81.598298529720211, 41.007918086785118 ], [ -81.600764545194423, 41.007934094698122 ], [ -81.600644541140142, 41.009589090387585 ], [ -81.600599539278264, 41.010410088301754 ], [ -81.602533551180159, 41.010421094442371 ], [ -81.60363155782602, 41.010428097954531 ], [ -81.604117560852501, 41.010436099428475 ], [ -81.604087560514557, 41.010511099180214 ], [ -81.604152560888892, 41.010519099422694 ], [ -81.604227561343549, 41.010525099645307 ], [ -81.604287561677452, 41.010527099748501 ], [ -81.604347561996988, 41.010530099995627 ], [ -81.604423562531437, 41.01053410017203 ], [ -81.604492562856038, 41.010545100401714 ], [ -81.604568563376958, 41.010559100612099 ], [ -81.60464356381064, 41.010572100798768 ], [ -81.604710564190142, 41.010591100988897 ], [ -81.60476656446366, 41.010608101123132 ], [ -81.604824564760179, 41.010638101208983 ], [ -81.604892565069335, 41.010654101376034 ], [ -81.604957565541511, 41.010664101603624 ], [ -81.60501756582245, 41.010675101731358 ], [ -81.605077566193728, 41.01069210188686 ], [ -81.605135566503819, 41.010717102020983 ], [ -81.604791561949469, 41.01183209820929 ], [ -81.604493558065812, 41.012799094884599 ], [ -81.603175550105192, 41.012827090692475 ], [ -81.60291154849736, 41.012832089852928 ], [ -81.601775541672069, 41.012849086129513 ], [ -81.601647540821375, 41.012849085747092 ], [ -81.600569534389379, 41.012851082290943 ], [ -81.600554534058517, 41.012994081940562 ], [ -81.600557532870027, 41.013603080487364 ], [ -81.600551532449316, 41.013757080097655 ], [ -81.600547532239574, 41.013894079735458 ], [ -81.600554531815121, 41.014128079261283 ], [ -81.600535531485633, 41.014226078981132 ], [ -81.600516531237602, 41.014274078795566 ], [ -81.600497531069848, 41.014302078628013 ], [ -81.600355529921472, 41.01447307781018 ], [ -81.600204528802635, 41.014632076904626 ], [ -81.599831525776182, 41.01502407478808 ], [ -81.599739525053863, 41.015115074314267 ], [ -81.599565523649488, 41.015303073338899 ], [ -81.599463522923244, 41.015397072754439 ], [ -81.598900518633926, 41.015888069895311 ], [ -81.59865251685612, 41.0160840685718 ], [ -81.598327514459328, 41.016350066975043 ], [ -81.598080512655017, 41.016578065696464 ], [ -81.597842510921396, 41.01678606443275 ], [ -81.597579508925676, 41.017001063071739 ], [ -81.596967504544466, 41.017525059943651 ] ] ] } },
{ "type": "Feature", "properties": { "UNIQUE_ID": "Summit-:-BARBERTON 2-B (AJH)", "PRECNAME": "BARBERTON 2-B", "PRECCODE": "AJH", "COUNTYFP": "153", "County": "Summit", "SLDL_DIST": "031", "total_pop": 1376, "age_under18": 250, "age_18_34": 285, "age_35_64": 494, "age_65plus": 347, "pop_hispanic": 14, "pop_white": 1071, "pop_black": 40, "pop_asian": 0, "pct_hispanic": 1.2, "pct_white": 92.5, "pct_black": 3.5, "pct_asian": 0.0, "pct_native": 0.0, "pct_multi": 0.0, "med_hh_income": 61124.0, "pct_bachelors_plus": 11.655265068990561, "pct_no_hs_diploma": 11.895424836601308, "pct_some_college": 30.420479302832238 }, "geometry": { "type": "Polygon", "coordinates": [ [ [ -81.584933434384965, 41.018050021311595 ], [ -81.584054429344164, 41.018036018566789 ], [ -81.584071430386686, 41.017207020420827 ], [ -81.584079431406607, 41.016349022341011 ], [ -81.584097432381654, 41.015501024301706 ], [ -81.584109433515422, 41.014631026209223 ], [ -81.584108434374045, 41.013769028066214 ], [ -81.584120434752535, 41.013473028745764 ], [ -81.584134435555896, 41.012855030146859 ], [ -81.585005440836582, 41.012852032917849 ], [ -81.58560644446797, 41.012849034826615 ], [ -81.585644444695518, 41.012849034982665 ], [ -81.585809445592048, 41.01285203551712 ], [ -81.585973446576887, 41.012863035994386 ], [ -81.586179447758454, 41.012905036531407 ], [ -81.586267448347201, 41.012928036738074 ], [ -81.586348448716919, 41.01295403698056 ], [ -81.586431449281164, 41.012968037228838 ], [ -81.586379449077413, 41.012878037209958 ], [ -81.586339448939114, 41.012796037248783 ], [ -81.58630444880113, 41.012696037421783 ], [ -81.586284448854784, 41.012583037558848 ], [ -81.586275448887321, 41.012531037651328 ], [ -81.58627344904346, 41.012312038179076 ], [ -81.586283449474834, 41.012042038803202 ], [ -81.585016441851764, 41.012043034723121 ], [ -81.58414243648707, 41.0120410319321 ], [ -81.58415043742292, 41.011248033685391 ], [ -81.585027442768407, 41.011243036553616 ], [ -81.586289450480834, 41.011247040543473 ], [ -81.586301451637226, 41.010391042471262 ], [ -81.587342457998034, 41.010381045803797 ], [ -81.588281463761788, 41.01037904884118 ], [ -81.589913473820602, 41.010385054095522 ], [ -81.590411476818232, 41.010388055669857 ], [ -81.591632484374458, 41.010387059602202 ], [ -81.591879485864325, 41.010390060316091 ], [ -81.592122487343957, 41.010390061154993 ], [ -81.594228500257032, 41.010393067878354 ], [ -81.594226498804375, 41.011250065853659 ], [ -81.594225497580098, 41.012040064109257 ], [ -81.594224496270343, 41.012849062159376 ], [ -81.594218494704535, 41.013751060065857 ], [ -81.594225493365627, 41.014638058094945 ], [ -81.594223491945414, 41.015497056063111 ], [ -81.596584505754606, 41.015501063509944 ], [ -81.596576504263027, 41.016346061489124 ], [ -81.596572502737189, 41.017202059475075 ], [ -81.596588501748201, 41.017841058016401 ], [ -81.596450500789715, 41.017964057305221 ], [ -81.596279499514807, 41.018102056445841 ], [ -81.595967497632842, 41.018132055388129 ], [ -81.595804496765922, 41.018140054872248 ], [ -81.595009492114386, 41.018137052422922 ], [ -81.594225487693961, 41.018126049983579 ], [ -81.591862474117235, 41.018104042761763 ], [ -81.589728461982943, 41.018080036165223 ], [ -81.587347448258512, 41.018061028803778 ], [ -81.584999434777117, 41.018050021543687 ], [ -81.584933434384965, 41.018050021311595 ] ] ] } },
{ "type": "Feature", "properties": { "UNIQUE_ID": "Summit-:-BARBERTON 2-C (BAC)", "PRECNAME": "BARBERTON 2-C", "PRECCODE": "BAC", "COUNTYFP": "153", "County": "Summit", "SLDL_DIST": "031", "total_pop": 1302, "age_under18": 247, "age_18_34": 249, "age_35_64": 486, "age_65plus": 320, "pop_hispanic": 0, "pop_white": 1117, "pop_black": 20, "pop_asian": 0, "pct_hispanic": 0.0, "pct_white": 95.6, "pct_black": 1.7, "pct_asian": 0.0, "pct_native": 0.0, "pct_multi": 0.0, "med_hh_income": 55888.0, "pct_bachelors_plus": 27.62726574500768, "pct_no_hs_diploma": 3.3733486943164359, "pct_some_college": 25.628033794162825 }, "geometry": { "type": "Polygon", "coordinates": [ [ [ -81.573214365666345, 41.020747979307011 ], [ -81.572395361008873, 41.020744976844128 ], [ -81.572313361215819, 41.019468979157345 ], [ -81.567913336286239, 41.019413965652895 ], [ -81.567934336758299, 41.018159968231778 ], [ -81.567869336372894, 41.018169968019421 ], [ -81.567743335642689, 41.018181967553211 ], [ -81.567593334708306, 41.018188967068816 ], [ -81.567351333314946, 41.018187966303692 ], [ -81.567188332464426, 41.018174965882245 ], [ -81.567025331496367, 41.01815696543801 ], [ -81.566777330145698, 41.018140964689451 ], [ -81.565847324798384, 41.018140961805059 ], [ -81.565337321838456, 41.018041960405213 ], [ -81.564871319123242, 41.017859959286497 ], [ -81.56466031804203, 41.01763395905251 ], [ -81.564556317428284, 41.017386959213688 ], [ -81.56448231699774, 41.017280959171224 ], [ -81.564429316694998, 41.017202959152627 ], [ -81.563507311323335, 41.017189956359161 ], [ -81.563518311498868, 41.015377959861446 ], [ -81.56352431166188, 41.014389961817756 ], [ -81.563542311700189, 41.014284962044918 ], [ -81.563539311802771, 41.013365963816682 ], [ -81.563530311909872, 41.010475969334045 ], [ -81.564273316403643, 41.010469971753196 ], [ -81.565266322461156, 41.010467974947993 ], [ -81.565821325897446, 41.010463976662912 ], [ -81.566047327318998, 41.010465977463113 ], [ -81.566399329469263, 41.010461978525029 ], [ -81.566516330183163, 41.010463978973597 ], [ -81.567556336497674, 41.010457982232424 ], [ -81.56888434467804, 41.010450986547546 ], [ -81.569076345885961, 41.010449987164186 ], [ -81.569914351051281, 41.010452989834477 ], [ -81.570837356648099, 41.010431992847337 ], [ -81.571937363399101, 41.01043199638606 ], [ -81.573763374646276, 41.010425002215591 ], [ -81.574168377111022, 41.01042000353165 ], [ -81.575611386039995, 41.01041100819009 ], [ -81.577231395961675, 41.010409013365113 ], [ -81.577754399167347, 41.010401015101529 ], [ -81.579888412198059, 41.010411021863732 ], [ -81.581230420511886, 41.010405026172272 ], [ -81.582021425274007, 41.01040702872551 ], [ -81.583279433091306, 41.010406032772671 ], [ -81.58416543853059, 41.010401035589354 ], [ -81.5850394438568, 41.01039503845908 ], [ -81.586301451637226, 41.010391042471262 ], [ -81.586289450480834, 41.011247040543473 ], [ -81.585027442768407, 41.011243036553616 ], [ -81.58415043742292, 41.011248033685391 ], [ -81.58414243648707, 41.0120410319321 ], [ -81.585016441851764, 41.012043034723121 ], [ -81.586283449474834, 41.012042038803202 ], [ -81.58627344904346, 41.012312038179076 ], [ -81.586275448887321, 41.012531037651328 ], [ -81.586284448854784, 41.012583037558848 ], [ -81.58630444880113, 41.012696037421783 ], [ -81.586339448939114, 41.012796037248783 ], [ -81.586379449077413, 41.012878037209958 ], [ -81.586431449281164, 41.012968037228838 ], [ -81.586348448716919, 41.01295403698056 ], [ -81.586267448347201, 41.012928036738074 ], [ -81.586179447758454, 41.012905036531407 ], [ -81.585973446576887, 41.012863035994386 ], [ -81.585809445592048, 41.01285203551712 ], [ -81.585644444695518, 41.012849034982665 ], [ -81.58560644446797, 41.012849034826615 ], [ -81.585005440836582, 41.012852032917849 ], [ -81.584134435555896, 41.012855030146859 ], [ -81.584120434752535, 41.013473028745764 ], [ -81.584108434374045, 41.013769028066214 ], [ -81.584109433515422, 41.014631026209223 ], [ -81.584097432381654, 41.015501024301706 ], [ -81.584079431406607, 41.016349022341011 ], [ -81.584071430386686, 41.017207020420827 ], [ -81.584054429344164, 41.018036018566789 ], [ -81.581936417209675, 41.018013012074348 ], [ -81.579799404930782, 41.018002005414303 ], [ -81.579324402267289, 41.01801900388471 ], [ -81.579239401776263, 41.018041003609419 ], [ -81.579282401969905, 41.018079003665072 ], [ -81.579625403629251, 41.018417004028777 ], [ -81.579796404422822, 41.018602004168727 ], [ -81.579951405225145, 41.018760004269971 ], [ -81.580727408879255, 41.019558004949559 ], [ -81.581420412066478, 41.020311005516 ], [ -81.581558412681304, 41.020461005605299 ], [ -81.581650413061524, 41.020567005713445 ], [ -81.581525412387748, 41.020578005273606 ], [ -81.581415411761014, 41.020578004949904 ], [ -81.580702407715165, 41.020578002731426 ], [ -81.580344405699435, 41.02058200159567 ], [ -81.580084404235251, 41.020597000828047 ], [ -81.579306399878547, 41.020591998413799 ], [ -81.579018398340921, 41.020592997509851 ], [ -81.578682396453189, 41.020594996456865 ], [ -81.578182393630357, 41.020590994908034 ], [ -81.577785391341948, 41.020591993744027 ], [ -81.577633390462935, 41.020587993272819 ], [ -81.577263388483104, 41.020592992073055 ], [ -81.577026387107836, 41.020588991388841 ], [ -81.576862386237892, 41.020591990839655 ], [ -81.576618384823448, 41.020594990077015 ], [ -81.576517384188335, 41.020596989766013 ], [ -81.576417383725754, 41.020595989517531 ], [ -81.57627438285563, 41.020594989068378 ], [ -81.575871380617315, 41.020597987786175 ], [ -81.575386377956008, 41.020589986383847 ], [ -81.575313377510383, 41.020588986140837 ], [ -81.575016375790668, 41.020587985220267 ], [ -81.574424372473615, 41.020586983359962 ], [ -81.574025370259434, 41.020577982153696 ], [ -81.573505367313686, 41.020572980561788 ], [ -81.573440367021746, 41.020575980378396 ], [ -81.573397366790772, 41.0205829802292 ], [ -81.573357366514045, 41.020595980058388 ], [ -81.573312366258989, 41.020615979929666 ], [ -81.573261365932623, 41.020644979664617 ], [ -81.573232365712187, 41.020672979509008 ], [ -81.573216365641258, 41.020700979462333 ], [ -81.573214365666345, 41.020747979307011 ] ] ] } },
{ "type": "Feature", "properties": { "UNIQUE_ID": "Summit-:-BARBERTON 3-A (AJL)", "PRECNAME": "BARBERTON 3-A", "PRECCODE": "AJL", "COUNTYFP": "153", "County": "Summit", "SLDL_DIST": "031", "total_pop": 1660, "age_under18": 595, "age_18_34": 390, "age_35_64": 534, "age_65plus": 141, "pop_hispanic": 36, "pop_white": 961, "pop_black": 746, "pop_asian": 0, "pct_hispanic": 2.0, "pct_white": 53.6, "pct_black": 41.6, "pct_asian": 0.0, "pct_native": 0.0, "pct_multi": 0.6, "med_hh_income": 51006.0, "pct_bachelors_plus": 10.482472989195681, "pct_no_hs_diploma": 14.026710684273709, "pct_some_college": 38.343817527010799 }, "geometry": { "type": "MultiPolygon", "coordinates": [ [ [ [ -81.578891413867964, 40.999572039553684 ], [ -81.578609411965488, 40.999571038614079 ], [ -81.578478411154123, 40.999573038230892 ], [ -81.578478408310048, 40.998365034836937 ], [ -81.579284413586379, 40.998365037532487 ], [ -81.579284416414666, 40.999570040909767 ], [ -81.579001414524924, 40.999572039911534 ], [ -81.578891413867964, 40.999572039553684 ] ] ], [ [ [ -81.595655518439372, 41.004824085414015 ], [ -81.595681518847172, 41.004662085894282 ], [ -81.595831520765145, 41.004131087595503 ], [ -81.595854521031285, 41.004023087922519 ], [ -81.595877521513643, 41.003861088350881 ], [ -81.595885521776538, 41.003752088651204 ], [ -81.595882522395883, 41.00337808947959 ], [ -81.595885523269388, 41.002865090743157 ], [ -81.595881523647279, 41.002586091402542 ], [ -81.595851525461086, 41.001411094038659 ], [ -81.595822527563286, 40.999951097075289 ], [ -81.59580252482516, 40.99899709416546 ], [ -81.595784522354705, 40.998125091526006 ], [ -81.595754518290221, 40.996759087424664 ], [ -81.596776525111849, 40.996756090732411 ], [ -81.597183527702342, 40.996755092105438 ], [ -81.597895532392684, 40.996753094463557 ], [ -81.59846953622403, 40.996754096330292 ], [ -81.598476533215532, 40.99565909311152 ], [ -81.598483532438252, 40.995400092323635 ], [ -81.597999529270609, 40.995400090720615 ], [ -81.597463526135982, 40.995507089277325 ], [ -81.596782521682897, 40.995517087131233 ], [ -81.595973516678015, 40.995637084781059 ], [ -81.595072510756637, 40.995640081852621 ], [ -81.595036510553541, 40.995644081751976 ], [ -81.595004510427131, 40.995654081608301 ], [ -81.594972510260519, 40.995678081604666 ], [ -81.594962510200688, 40.995697081649034 ], [ -81.59495851024441, 40.995720081703524 ], [ -81.594872509749393, 40.995719081443369 ], [ -81.594733508754786, 40.99571208092334 ], [ -81.594364506274516, 40.995701079653891 ], [ -81.594337506558119, 40.99585708005808 ], [ -81.594346507429577, 40.996147080910042 ], [ -81.594197508420748, 40.996878082611687 ], [ -81.594188508512843, 40.996945082717808 ], [ -81.594210512233843, 40.998246086674548 ], [ -81.594274513806923, 40.998673088162668 ], [ -81.594324515127767, 40.999047089400229 ], [ -81.594305516134796, 40.999440090479737 ], [ -81.590573491294052, 40.99945207808927 ], [ -81.586009461033171, 40.999505063057228 ], [ -81.585204453218211, 40.998497057558012 ], [ -81.58443944574384, 40.997536052214848 ], [ -81.580778421570301, 40.997517040074378 ], [ -81.580714420208309, 40.997121038719584 ], [ -81.584112442595611, 40.997125049949091 ], [ -81.582310425273121, 40.994864037629668 ], [ -81.585213444293387, 40.994867047186801 ], [ -81.585186442657644, 40.994293045495674 ], [ -81.58509343840889, 40.992846040991061 ], [ -81.580705409985583, 40.992852026709535 ], [ -81.580538408373741, 40.992643025621376 ], [ -81.582248417116944, 40.991661028417845 ], [ -81.584348430861525, 40.991747035448064 ], [ -81.584338431703159, 40.99212003654273 ], [ -81.586372444911362, 40.992104043088048 ], [ -81.590139469172968, 40.992069055204823 ], [ -81.590148460231404, 40.988635045304129 ], [ -81.591549469213348, 40.988636049787154 ], [ -81.59204647238036, 40.98863205143288 ], [ -81.592170473126856, 40.988637051842325 ], [ -81.593067478805267, 40.988633054684776 ], [ -81.594798489876666, 40.988615060223445 ], [ -81.596208498845229, 40.988615064786281 ], [ -81.597417506516479, 40.988616068640269 ], [ -81.599841521991976, 40.988597076381005 ], [ -81.600550526399587, 40.988595078638546 ], [ -81.600808528087853, 40.988588079460321 ], [ -81.600726526415642, 40.988196078019918 ], [ -81.600347518201787, 40.986151070654586 ], [ -81.60031851752629, 40.985988070101975 ], [ -81.600293517069943, 40.985880069657789 ], [ -81.600275516626979, 40.985767069332695 ], [ -81.600271516281509, 40.985689069046252 ], [ -81.600270516249736, 40.98565606896058 ], [ -81.600274515729566, 40.985464068346587 ], [ -81.598724502358664, 40.984204059684075 ], [ -81.596182479293688, 40.981630043950787 ], [ -81.594469465646412, 40.980482035226714 ], [ -81.593993462282995, 40.980349033323016 ], [ -81.593925460919223, 40.979970032011323 ], [ -81.600461501412511, 40.980062052735143 ], [ -81.600481499963109, 40.979531051259691 ], [ -81.600528496236592, 40.97811804715635 ], [ -81.600571493524043, 40.977095044215936 ], [ -81.600585492636611, 40.976759043251967 ], [ -81.600613490364296, 40.975916040733793 ], [ -81.601898501385023, 40.977015048059329 ], [ -81.601926501610521, 40.977048048275279 ], [ -81.602234504568003, 40.977408050271578 ], [ -81.602693508736195, 40.977871053075631 ], [ -81.603428514772659, 40.978426057045056 ], [ -81.604072520128852, 40.97886606042043 ], [ -81.604593524048553, 40.979120062853923 ], [ -81.605327528970022, 40.979282065632852 ], [ -81.606093534123346, 40.979398068346555 ], [ -81.606760538403407, 40.979490070717617 ], [ -81.606993539952853, 40.979534071600959 ], [ -81.607254541645915, 40.979562072525198 ], [ -81.607311542071557, 40.979569072683425 ], [ -81.607651544209119, 40.979586073850918 ], [ -81.60849054913183, 40.979500076192622 ], [ -81.610600561582515, 40.979329082240852 ], [ -81.610599565476491, 40.980599086228267 ], [ -81.613048580938255, 40.980693094164039 ], [ -81.616244601077796, 40.980816104612757 ], [ -81.616272595843952, 40.979171099447363 ], [ -81.616611598006244, 40.979179100611788 ], [ -81.617387602804172, 40.979197103035226 ], [ -81.618069607073096, 40.979213105188848 ], [ -81.618646610652647, 40.979229107057492 ], [ -81.618511615327648, 40.980903111989775 ], [ -81.621144631954053, 40.981006120587814 ], [ -81.621109634779259, 40.981878123248755 ], [ -81.620989642437394, 40.984385130956397 ], [ -81.620988642513751, 40.984403131010176 ], [ -81.620977643984816, 40.984845132419927 ], [ -81.620971644310202, 40.984960132725675 ], [ -81.620914647440401, 40.985978135867363 ], [ -81.620896648698007, 40.986401137136596 ], [ -81.620884649133288, 40.986543137527441 ], [ -81.620873649552408, 40.98667313794936 ], [ -81.630028708469425, 40.986944168095675 ], [ -81.629986713997923, 40.988561173343079 ], [ -81.629437710503709, 40.988558171534478 ], [ -81.629314709730181, 40.988559171158755 ], [ -81.628812706588946, 40.988561169567546 ], [ -81.628623705334178, 40.988559168944548 ], [ -81.628276703078043, 40.988562167787784 ], [ -81.62806070176461, 40.988565167180639 ], [ -81.62675469344245, 40.988565162961841 ], [ -81.625689686734304, 40.988575159574076 ], [ -81.624552679443681, 40.988581155868808 ], [ -81.623249671106507, 40.988579151718163 ], [ -81.62262766720265, 40.988590149706432 ], [ -81.621977663141337, 40.988594147695046 ], [ -81.620644654601179, 40.988589143363718 ], [ -81.620417653073588, 40.988580142548017 ], [ -81.615584622488328, 40.98864512726648 ], [ -81.606152562415957, 40.98867509696678 ], [ -81.605443558108036, 40.988753094926487 ], [ -81.603963548722646, 40.98875309015051 ], [ -81.6030055425623, 40.988753087015183 ], [ -81.603341545537305, 40.989023088950461 ], [ -81.603663548160497, 40.989212090529278 ], [ -81.604993559124622, 40.990052097457436 ], [ -81.604999559217262, 40.990073097463863 ], [ -81.605018559486766, 40.990125097744517 ], [ -81.605039559793738, 40.990177097973614 ], [ -81.605076560279059, 40.990253098314398 ], [ -81.605104560558232, 40.990303098544359 ], [ -81.605134560915488, 40.990351098810528 ], [ -81.605167561278734, 40.990399099083589 ], [ -81.605185561518667, 40.990423099133373 ], [ -81.605232561838051, 40.990458099415996 ], [ -81.605273562238722, 40.990497099647619 ], [ -81.605322562781026, 40.990563100059568 ], [ -81.605347563075057, 40.990610100311081 ], [ -81.605363563348803, 40.990659100433668 ], [ -81.605373563470437, 40.990690100564848 ], [ -81.605743566706977, 40.99095310257718 ], [ -81.607992592260118, 40.99460312111561 ], [ -81.608030592500185, 40.994601121300278 ], [ -81.60816959349296, 40.994602121746645 ], [ -81.608413595104395, 40.994619122566263 ], [ -81.608440595254564, 40.994621122651267 ], [ -81.608609596422909, 40.994645123334216 ], [ -81.608765597644364, 40.994679123936571 ], [ -81.608890598529285, 40.994716124393314 ], [ -81.609072599898539, 40.994783125254408 ], [ -81.609292601679527, 40.994892126295881 ], [ -81.609456603101819, 40.994988127118184 ], [ -81.610524610232005, 40.995044130849472 ], [ -81.610188612175264, 40.9963851339079 ], [ -81.61018861257115, 40.996500134217214 ], [ -81.610169613889639, 40.996969135630188 ], [ -81.610120617286256, 40.998138139097804 ], [ -81.610112617671959, 40.998311139558226 ], [ -81.610079618889188, 40.998759140840775 ], [ -81.609983620293903, 40.999426142628828 ], [ -81.609913621098897, 40.999808143594436 ], [ -81.609835620823688, 41.00014014357447 ], [ -81.609661618294808, 41.000687141568179 ], [ -81.609582617299054, 41.000898140835851 ], [ -81.609364614517247, 41.001432138721512 ], [ -81.609122611650335, 41.001971136575555 ], [ -81.608833608043383, 41.002687133830932 ], [ -81.608693606329169, 41.003058132486139 ], [ -81.608549605419427, 41.003046132028565 ], [ -81.608326604034772, 41.003027131377792 ], [ -81.607562599088112, 41.002974128988541 ], [ -81.607342595490024, 41.003952125833678 ], [ -81.607342594992701, 41.004152125304472 ], [ -81.607284594194383, 41.004331124702176 ], [ -81.607090591800187, 41.004843122825505 ], [ -81.606257581437262, 41.007081114608255 ], [ -81.605135566503819, 41.010717102020983 ], [ -81.605077566193728, 41.01069210188686 ], [ -81.60501756582245, 41.010675101731358 ], [ -81.604957565541511, 41.010664101603624 ], [ -81.604892565069335, 41.010654101376034 ], [ -81.604824564760179, 41.010638101208983 ], [ -81.60476656446366, 41.010608101123132 ], [ -81.604710564190142, 41.010591100988897 ], [ -81.60464356381064, 41.010572100798768 ], [ -81.604568563376958, 41.010559100612099 ], [ -81.604492562856038, 41.010545100401714 ], [ -81.604423562531437, 41.01053410017203 ], [ -81.604347561996988, 41.010530099995627 ], [ -81.604287561677452, 41.010527099748501 ], [ -81.604227561343549, 41.010525099645307 ], [ -81.604152560888892, 41.010519099422694 ], [ -81.604087560514557, 41.010511099180214 ], [ -81.604117560852501, 41.010436099428475 ], [ -81.60363155782602, 41.010428097954531 ], [ -81.602533551180159, 41.010421094442371 ], [ -81.600599539278264, 41.010410088301754 ], [ -81.600644541140142, 41.009589090387585 ], [ -81.600764545194423, 41.007934094698122 ], [ -81.598298529720211, 41.007918086785118 ], [ -81.597991527769821, 41.007912085741864 ], [ -81.598011529178351, 41.007205087488742 ], [ -81.598019530384832, 41.006622088908749 ], [ -81.598016532595807, 41.005391091768871 ], [ -81.598020533391107, 41.00495509282797 ], [ -81.596878526007927, 41.00494708915646 ], [ -81.595985520379372, 41.004950086199159 ], [ -81.595789519035321, 41.004952085565421 ], [ -81.595653518203392, 41.004948085093524 ], [ -81.595655518439372, 41.004824085414015 ] ] ], [ [ [ -81.583346443469978, 40.999537054333452 ], [ -81.582838440093283, 40.999546052625611 ], [ -81.58284743757909, 40.998489049697774 ], [ -81.583359440911394, 40.998490051379235 ], [ -81.583771443663565, 40.998493052709257 ], [ -81.583755446057637, 40.999530055604332 ], [ -81.583346443469978, 40.999537054333452 ] ] ] ] } },
{ "type": "Feature", "properties": { "UNIQUE_ID": "Summit-:-BARBERTON 3-B (AJM)", "PRECNAME": "BARBERTON 3-B", "PRECCODE": "AJM", "COUNTYFP": "153", "County": "Summit", "SLDL_DIST": "031", "total_pop": 1680, "age_under18": 356, "age_18_34": 309, "age_35_64": 509, "age_65plus": 506, "pop_hispanic": 21, "pop_white": 1219, "pop_black": 295, "pop_asian": 0, "pct_hispanic": 1.3, "pct_white": 72.8, "pct_black": 17.6, "pct_asian": 0.0, "pct_native": 0.0, "pct_multi": 0.4, "med_hh_income": 48066.0, "pct_bachelors_plus": 21.967142857142861, "pct_no_hs_diploma": 13.077857142857141, "pct_some_college": 24.092023809523813 }, "geometry": { "type": "Polygon", "coordinates": [ [ [ -81.590327481821888, 41.006523064098147 ], [ -81.590021479848048, 41.006532063114911 ], [ -81.59004148120971, 41.005673065078966 ], [ -81.59004748167709, 41.005344065886071 ], [ -81.589143475943999, 41.005345062909363 ], [ -81.587513465447728, 41.005348057572824 ], [ -81.586277457587414, 41.0053560535099 ], [ -81.585896455145814, 41.005358052261677 ], [ -81.585897454499857, 41.005851051199706 ], [ -81.585903453839094, 41.006503049739244 ], [ -81.585899453733134, 41.006574049617292 ], [ -81.585872453385562, 41.006704049243737 ], [ -81.58584245308306, 41.006774048940336 ], [ -81.58577545253344, 41.006890048483626 ], [ -81.585726452120113, 41.006950048174978 ], [ -81.585676451824938, 41.007000047920549 ], [ -81.585523450692875, 41.007120047161322 ], [ -81.585658451395901, 41.007231047387542 ], [ -81.585708451633707, 41.007278047443663 ], [ -81.585747451838103, 41.007325047435771 ], [ -81.585781452007055, 41.007378047487151 ], [ -81.585815452087374, 41.007462047403031 ], [ -81.585823451672653, 41.007854046585344 ], [ -81.585755451118288, 41.008019045932421 ], [ -81.585610449982141, 41.008132045273022 ], [ -81.585302448095007, 41.008145044258058 ], [ -81.584995446121894, 41.008162043184171 ], [ -81.58399343989133, 41.008167039932566 ], [ -81.583910439378187, 41.008163039666343 ], [ -81.58385743909497, 41.008151039565568 ], [ -81.58381643885005, 41.008136039389107 ], [ -81.583776438539971, 41.008114039387252 ], [ -81.583746438365466, 41.008091039267903 ], [ -81.583714438256095, 41.00804903925706 ], [ -81.583695438171731, 41.008009039338873 ], [ -81.583690438140977, 41.00797903937773 ], [ -81.583686438164406, 41.007952039384513 ], [ -81.58368343837293, 41.007769039823813 ], [ -81.583688438495045, 41.007654040101073 ], [ -81.583704438790249, 41.007517040430798 ], [ -81.583722438981169, 41.007452040609962 ], [ -81.583777439516339, 41.007297041128417 ], [ -81.583798439754915, 41.0072110414063 ], [ -81.583809439896896, 41.007132041584931 ], [ -81.583811439957657, 41.007074041772199 ], [ -81.583806440011656, 41.00696504194002 ], [ -81.583787440038904, 41.006878042121656 ], [ -81.583773439947919, 41.006811042212263 ], [ -81.583697439772109, 41.006584042418055 ], [ -81.583682439708184, 41.006500042578153 ], [ -81.583677439832286, 41.006427042681729 ], [ -81.583679440158619, 41.006057043500547 ], [ -81.583689440293142, 41.006011043660834 ], [ -81.583714440575861, 41.005966043795503 ], [ -81.583758440878, 41.005922044086709 ], [ -81.583811441213669, 41.005887044325462 ], [ -81.583879441629875, 41.005866044626046 ], [ -81.58394844210369, 41.005859044812667 ], [ -81.584022442578927, 41.005858045095621 ], [ -81.584652446619955, 41.005852047122204 ], [ -81.584652446774342, 41.005752047314289 ], [ -81.584705447570968, 41.005357048376425 ], [ -81.583304438511561, 41.005359043804994 ], [ -81.582389432658928, 41.005360040817003 ], [ -81.58102042393314, 41.005372036293764 ], [ -81.579188412261232, 41.005371030360415 ], [ -81.579181412831758, 41.004565032007754 ], [ -81.579189412952758, 41.004489032242738 ], [ -81.579201413072255, 41.004449032344482 ], [ -81.579225413302609, 41.004423032452586 ], [ -81.579262413572692, 41.004397032626301 ], [ -81.579311413866407, 41.004387032870866 ], [ -81.579920417745896, 41.004383034797158 ], [ -81.58064042239144, 41.004384037231461 ], [ -81.581307426699595, 41.004382039345664 ], [ -81.581460427677058, 41.004373039951886 ], [ -81.581578428492222, 41.004350040348065 ], [ -81.581690429297254, 41.004315040765427 ], [ -81.581795430048061, 41.004258041258197 ], [ -81.581869430491111, 41.00420604156777 ], [ -81.581947431122046, 41.004139042043391 ], [ -81.582003431522722, 41.004066042318264 ], [ -81.582041431887077, 41.003993042654002 ], [ -81.582061432040632, 41.003912042915772 ], [ -81.58207043230145, 41.003758043201081 ], [ -81.582062432470693, 41.003483043784954 ], [ -81.582059432821481, 41.003075044665827 ], [ -81.582065433015131, 41.002982044931258 ], [ -81.582097433319234, 41.002851045269644 ], [ -81.582235434610794, 41.002478046516828 ], [ -81.582253434816934, 41.002414046775606 ], [ -81.582269435117226, 41.002257047149179 ], [ -81.582268435608455, 41.001718048327234 ], [ -81.582258436002718, 41.001308049143816 ], [ -81.582248436843955, 41.000419050991326 ], [ -81.582244436127951, 40.999553050629011 ], [ -81.582838440093283, 40.999546052625611 ], [ -81.583346443469978, 40.999537054333452 ], [ -81.583755446057637, 40.999530055604332 ], [ -81.583884447003726, 40.999527056069212 ], [ -81.584267449528426, 40.999525057307586 ], [ -81.584837453307628, 40.999515059225146 ], [ -81.585190455641751, 40.999513060335303 ], [ -81.585524457847811, 40.99951306147571 ], [ -81.586009461033171, 40.999505063057228 ], [ -81.590573491294052, 40.99945207808927 ], [ -81.594305516134796, 40.999440090479737 ], [ -81.594324515127767, 40.999047089400229 ], [ -81.594274513806923, 40.998673088162668 ], [ -81.594210512233843, 40.998246086674548 ], [ -81.594188508512843, 40.996945082717808 ], [ -81.594197508420748, 40.996878082611687 ], [ -81.594346507429577, 40.996147080910042 ], [ -81.594337506558119, 40.99585708005808 ], [ -81.594364506274516, 40.995701079653891 ], [ -81.594733508754786, 40.99571208092334 ], [ -81.594872509749393, 40.995719081443369 ], [ -81.59495851024441, 40.995720081703524 ], [ -81.594962510200688, 40.995697081649034 ], [ -81.594972510260519, 40.995678081604666 ], [ -81.595004510427131, 40.995654081608301 ], [ -81.595036510553541, 40.995644081751976 ], [ -81.595072510756637, 40.995640081852621 ], [ -81.595973516678015, 40.995637084781059 ], [ -81.596782521682897, 40.995517087131233 ], [ -81.597463526135982, 40.995507089277325 ], [ -81.597999529270609, 40.995400090720615 ], [ -81.598483532438252, 40.995400092323635 ], [ -81.598476533215532, 40.99565909311152 ], [ -81.59846953622403, 40.996754096330292 ], [ -81.597895532392684, 40.996753094463557 ], [ -81.597183527702342, 40.996755092105438 ], [ -81.596776525111849, 40.996756090732411 ], [ -81.595754518290221, 40.996759087424664 ], [ -81.595784522354705, 40.998125091526006 ], [ -81.59580252482516, 40.99899709416546 ], [ -81.595822527563286, 40.999951097075289 ], [ -81.595851525461086, 41.001411094038659 ], [ -81.595881523647279, 41.002586091402542 ], [ -81.595885523269388, 41.002865090743157 ], [ -81.595882522395883, 41.00337808947959 ], [ -81.595885521776538, 41.003752088651204 ], [ -81.595877521513643, 41.003861088350881 ], [ -81.595854521031285, 41.004023087922519 ], [ -81.595831520765145, 41.004131087595503 ], [ -81.595681518847172, 41.004662085894282 ], [ -81.595655518439372, 41.004824085414015 ], [ -81.595653518203392, 41.004948085093524 ], [ -81.595265515687373, 41.004952083866186 ], [ -81.594609511555106, 41.004935081723694 ], [ -81.59309650187555, 41.004930076746746 ], [ -81.592833500138966, 41.004939075903032 ], [ -81.59288650028985, 41.00506107579087 ], [ -81.592916500381179, 41.005114075768155 ], [ -81.593009500838619, 41.005244075820677 ], [ -81.59308050111936, 41.005333075828432 ], [ -81.593325502316006, 41.005587076036875 ], [ -81.59341250267255, 41.005687076035869 ], [ -81.593465502941996, 41.005755076121886 ], [ -81.593556503186662, 41.005897076056939 ], [ -81.593617503469005, 41.006038075930825 ], [ -81.593675503418581, 41.006231075698203 ], [ -81.593696503472671, 41.006326075521649 ], [ -81.593730503307114, 41.006543075173418 ], [ -81.590327481821888, 41.006523064098147 ] ] ] } },
{ "type": "Feature", "properties": { "UNIQUE_ID": "Summit-:-BARBERTON 3-C (AJO)", "PRECNAME": "BARBERTON 3-C", "PRECCODE": "AJO", "COUNTYFP": "153", "County": "Summit", "SLDL_DIST": "031", "total_pop": 1181, "age_under18": 185, "age_18_34": 146, "age_35_64": 405, "age_65plus": 445, "pop_hispanic": 0, "pop_white": 1250, "pop_black": 5, "pop_asian": 0, "pct_hispanic": 0.0, "pct_white": 103.0, "pct_black": 0.4, "pct_asian": 0.0, "pct_native": 0.0, "pct_multi": 0.0, "med_hh_income": 65975.0, "pct_bachelors_plus": 35.5, "pct_no_hs_diploma": 1.5, "pct_some_college": 24.6 }, "geometry": { "type": "Polygon", "coordinates": [ [ [ -81.589927475213827, 41.009423056286352 ], [ -81.589910474181394, 41.010093054763836 ], [ -81.589913473820602, 41.010385054095522 ], [ -81.588281463761788, 41.01037904884118 ], [ -81.587342457998034, 41.010381045803797 ], [ -81.586301451637226, 41.010391042471262 ], [ -81.5850394438568, 41.01039503845908 ], [ -81.58416543853059, 41.010401035589354 ], [ -81.583279433091306, 41.010406032772671 ], [ -81.582021425274007, 41.01040702872551 ], [ -81.581230420511886, 41.010405026172272 ], [ -81.579888412198059, 41.010411021863732 ], [ -81.577754399167347, 41.010401015101529 ], [ -81.577231395961675, 41.010409013365113 ], [ -81.575611386039995, 41.01041100819009 ], [ -81.574168377111022, 41.01042000353165 ], [ -81.573763374646276, 41.010425002215591 ], [ -81.571937363399101, 41.01043199638606 ], [ -81.570837356648099, 41.010431992847337 ], [ -81.569914351051281, 41.010452989834477 ], [ -81.569882350891703, 41.010420989819998 ], [ -81.569710349843618, 41.010251989597144 ], [ -81.573741374613789, 41.010253002553966 ], [ -81.573845376582085, 41.007858007748396 ], [ -81.573841378868821, 41.003925015830227 ], [ -81.573841379241458, 41.003253017267333 ], [ -81.572542370873265, 41.003253012932561 ], [ -81.572536371614149, 40.999612018512707 ], [ -81.573133375569753, 40.999609020480072 ], [ -81.573324376810731, 40.999605021120466 ], [ -81.574968387820718, 40.999600026542318 ], [ -81.575909394057703, 40.999593029674372 ], [ -81.577189402546949, 40.999583033960683 ], [ -81.577567405067796, 40.999585035194855 ], [ -81.578478411154123, 40.999573038230892 ], [ -81.578609411965488, 40.999571038614079 ], [ -81.578891413867964, 40.999572039553684 ], [ -81.579001414524924, 40.999572039911534 ], [ -81.579284416414666, 40.999570040909767 ], [ -81.580559424879937, 40.999563045053151 ], [ -81.580979427699859, 40.999557046440096 ], [ -81.582244436127951, 40.999553050629011 ], [ -81.582248436843955, 41.000419050991326 ], [ -81.582258436002718, 41.001308049143816 ], [ -81.582268435608455, 41.001718048327234 ], [ -81.582269435117226, 41.002257047149179 ], [ -81.582253434816934, 41.002414046775606 ], [ -81.582235434610794, 41.002478046516828 ], [ -81.582097433319234, 41.002851045269644 ], [ -81.582065433015131, 41.002982044931258 ], [ -81.582059432821481, 41.003075044665827 ], [ -81.582062432470693, 41.003483043784954 ], [ -81.58207043230145, 41.003758043201081 ], [ -81.582061432040632, 41.003912042915772 ], [ -81.582041431887077, 41.003993042654002 ], [ -81.582003431522722, 41.004066042318264 ], [ -81.581947431122046, 41.004139042043391 ], [ -81.581869430491111, 41.00420604156777 ], [ -81.581795430048061, 41.004258041258197 ], [ -81.581690429297254, 41.004315040765427 ], [ -81.581578428492222, 41.004350040348065 ], [ -81.581460427677058, 41.004373039951886 ], [ -81.581307426699595, 41.004382039345664 ], [ -81.58064042239144, 41.004384037231461 ], [ -81.579920417745896, 41.004383034797158 ], [ -81.579311413866407, 41.004387032870866 ], [ -81.579262413572692, 41.004397032626301 ], [ -81.579225413302609, 41.004423032452586 ], [ -81.579201413072255, 41.004449032344482 ], [ -81.579189412952758, 41.004489032242738 ], [ -81.579181412831758, 41.004565032007754 ], [ -81.579188412261232, 41.005371030360415 ], [ -81.58102042393314, 41.005372036293764 ], [ -81.582389432658928, 41.005360040817003 ], [ -81.583304438511561, 41.005359043804994 ], [ -81.584705447570968, 41.005357048376425 ], [ -81.584652446774342, 41.005752047314289 ], [ -81.584652446619955, 41.005852047122204 ], [ -81.584022442578927, 41.005858045095621 ], [ -81.58394844210369, 41.005859044812667 ], [ -81.583879441629875, 41.005866044626046 ], [ -81.583811441213669, 41.005887044325462 ], [ -81.583758440878, 41.005922044086709 ], [ -81.583714440575861, 41.005966043795503 ], [ -81.583689440293142, 41.006011043660834 ], [ -81.583679440158619, 41.006057043500547 ], [ -81.583677439832286, 41.006427042681729 ], [ -81.583682439708184, 41.006500042578153 ], [ -81.583697439772109, 41.006584042418055 ], [ -81.583773439947919, 41.006811042212263 ], [ -81.583787440038904, 41.006878042121656 ], [ -81.583806440011656, 41.00696504194002 ], [ -81.583811439957657, 41.007074041772199 ], [ -81.583809439896896, 41.007132041584931 ], [ -81.583798439754915, 41.0072110414063 ], [ -81.583777439516339, 41.007297041128417 ], [ -81.583722438981169, 41.007452040609962 ], [ -81.583704438790249, 41.007517040430798 ], [ -81.583688438495045, 41.007654040101073 ], [ -81.58368343837293, 41.007769039823813 ], [ -81.583686438164406, 41.007952039384513 ], [ -81.583690438140977, 41.00797903937773 ], [ -81.583695438171731, 41.008009039338873 ], [ -81.583714438256095, 41.00804903925706 ], [ -81.583746438365466, 41.008091039267903 ], [ -81.583776438539971, 41.008114039387252 ], [ -81.58381643885005, 41.008136039389107 ], [ -81.58385743909497, 41.008151039565568 ], [ -81.583910439378187, 41.008163039666343 ], [ -81.58399343989133, 41.008167039932566 ], [ -81.584995446121894, 41.008162043184171 ], [ -81.585302448095007, 41.008145044258058 ], [ -81.585610449982141, 41.008132045273022 ], [ -81.585755451118288, 41.008019045932421 ], [ -81.585823451672653, 41.007854046585344 ], [ -81.585815452087374, 41.007462047403031 ], [ -81.585781452007055, 41.007378047487151 ], [ -81.585747451838103, 41.007325047435771 ], [ -81.585708451633707, 41.007278047443663 ], [ -81.585658451395901, 41.007231047387542 ], [ -81.585523450692875, 41.007120047161322 ], [ -81.585676451824938, 41.007000047920549 ], [ -81.585726452120113, 41.006950048174978 ], [ -81.58577545253344, 41.006890048483626 ], [ -81.58584245308306, 41.006774048940336 ], [ -81.585872453385562, 41.006704049243737 ], [ -81.585899453733134, 41.006574049617292 ], [ -81.585903453839094, 41.006503049739244 ], [ -81.585897454499857, 41.005851051199706 ], [ -81.585896455145814, 41.005358052261677 ], [ -81.586277457587414, 41.0053560535099 ], [ -81.587513465447728, 41.005348057572824 ], [ -81.589143475943999, 41.005345062909363 ], [ -81.59004748167709, 41.005344065886071 ], [ -81.59004148120971, 41.005673065078966 ], [ -81.590021479848048, 41.006532063114911 ], [ -81.590003479174229, 41.006921062165375 ], [ -81.589990478233503, 41.007524060743428 ], [ -81.589971477411723, 41.008029059576479 ], [ -81.589944476238969, 41.008788057756718 ], [ -81.589927475213827, 41.009423056286352 ] ] ] } },
{ "type": "Feature", "properties": { "UNIQUE_ID": "Summit-:-BARBERTON 4-A (AJR)", "PRECNAME": "BARBERTON 4-A", "PRECCODE": "AJR", "COUNTYFP": "153", "County": "Summit", "SLDL_DIST": "031", "total_pop": 2048, "age_under18": 427, "age_18_34": 529, "age_35_64": 789, "age_65plus": 303, "pop_hispanic": 14, "pop_white": 1905, "pop_black": 36, "pop_asian": 0, "pct_hispanic": 0.7, "pct_white": 91.1, "pct_black": 1.7, "pct_asian": 0.0, "pct_native": 0.0, "pct_multi": 0.0, "med_hh_income": 47277.0, "pct_bachelors_plus": 12.894231701405719, "pct_no_hs_diploma": 12.981822588463402, "pct_some_college": 36.227047988366451 }, "geometry": { "type": "Polygon", "coordinates": [ [ [ -81.598732493529425, 41.028925038552963 ], [ -81.598739494611152, 41.028376039827471 ], [ -81.598760496284527, 41.027555041798422 ], [ -81.598760496810073, 41.027272042474515 ], [ -81.598768497530017, 41.02687104347396 ], [ -81.60141051150147, 41.02687505139744 ], [ -81.601735513235766, 41.026871052411742 ], [ -81.603521522696283, 41.026874057735128 ], [ -81.603539524915149, 41.025910060125916 ], [ -81.603562527704753, 41.024620063289554 ], [ -81.60251452205398, 41.024606060175827 ], [ -81.602524523036692, 41.02417006129015 ], [ -81.603576528685409, 41.024177064419412 ], [ -81.604629534424987, 41.024191067600597 ], [ -81.606136542541819, 41.024213072101553 ], [ -81.606565544887317, 41.024206073400954 ], [ -81.60660154730634, 41.023206075965973 ], [ -81.606609547798783, 41.023002076509584 ], [ -81.60661354818096, 41.022847076935804 ], [ -81.606630549563491, 41.022284078334678 ], [ -81.606652550871587, 41.021725079816314 ], [ -81.606676552619959, 41.021023081610529 ], [ -81.606688553119739, 41.020831082104976 ], [ -81.606711553527774, 41.020712082472556 ], [ -81.606714553695497, 41.020668082565813 ], [ -81.606724554929286, 41.020138083883836 ], [ -81.606736557191638, 41.019140086460901 ], [ -81.606740557847431, 41.018862087134941 ], [ -81.60674955917743, 41.018303088512766 ], [ -81.606760560825748, 41.017593090352527 ], [ -81.606233557880245, 41.017587088669103 ], [ -81.605054551044347, 41.017579084990686 ], [ -81.604938550430205, 41.017583084622636 ], [ -81.60486754989175, 41.01759908438369 ], [ -81.604806549447758, 41.017638084091374 ], [ -81.604782549272812, 41.017658083964768 ], [ -81.604789549675445, 41.017497084365445 ], [ -81.604860550712942, 41.017225085254978 ], [ -81.605013552581696, 41.016789086840177 ], [ -81.605166554365653, 41.016333088404934 ], [ -81.605300556101014, 41.015933089819271 ], [ -81.605590559604877, 41.015115092740629 ], [ -81.60600456461593, 41.013927096979238 ], [ -81.606081565766473, 41.013649097881526 ], [ -81.606267568260662, 41.013016100062337 ], [ -81.606332569118692, 41.012814100762292 ], [ -81.606508571409847, 41.012265102645515 ], [ -81.606558571931799, 41.01217010299716 ], [ -81.606617572409931, 41.012098103400255 ], [ -81.606679572921792, 41.012051103702326 ], [ -81.606760573518613, 41.012015104065974 ], [ -81.606858574122498, 41.011983104479611 ], [ -81.606978574916852, 41.011967104898773 ], [ -81.6075885785678, 41.011981106765326 ], [ -81.608763585662615, 41.012006110416827 ], [ -81.609143587931058, 41.012014111596649 ], [ -81.60985459222843, 41.01202811382386 ], [ -81.61154760230275, 41.012062119146144 ], [ -81.612547608377938, 41.012078122344619 ], [ -81.61376561566442, 41.012102126178711 ], [ -81.614870622224643, 41.012126129597512 ], [ -81.615067623407029, 41.012130130214565 ], [ -81.615504626090143, 41.012139131609807 ], [ -81.616184630101429, 41.012153133663077 ], [ -81.616469631883731, 41.012155134620727 ], [ -81.616540632342577, 41.012147134874034 ], [ -81.616749633718342, 41.0121091355945 ], [ -81.617002635397, 41.012055136516913 ], [ -81.617632639597019, 41.011920138890289 ], [ -81.61823264356515, 41.011790141154187 ], [ -81.618225640238393, 41.012955138082638 ], [ -81.618142626704469, 41.017511126003413 ], [ -81.618146626140472, 41.017753125379933 ], [ -81.617343616916074, 41.019359118681692 ], [ -81.616140603645803, 41.021719108872063 ], [ -81.615409595318354, 41.023321102570705 ], [ -81.615356594698071, 41.023434102112972 ], [ -81.614732587937723, 41.024679097007308 ], [ -81.614243582168314, 41.02585309255366 ], [ -81.61384258003919, 41.025849091344227 ], [ -81.609644557607126, 41.025851078643313 ], [ -81.609447547110989, 41.029781068242379 ], [ -81.608975544761876, 41.029783066803105 ], [ -81.605969529147245, 41.029840057838108 ], [ -81.605971528930482, 41.029907057659635 ], [ -81.603436515842219, 41.0299530499966 ], [ -81.601842507626458, 41.029953045256178 ], [ -81.601942511055853, 41.028553048954535 ], [ -81.599241496949446, 41.028554040916035 ], [ -81.599170495225223, 41.029268039002837 ], [ -81.599107494941492, 41.029235038875179 ], [ -81.59899749451624, 41.029189038704509 ], [ -81.598776493452959, 41.029096038206198 ], [ -81.598754493430093, 41.029073038192315 ], [ -81.598740493445959, 41.029033038279834 ], [ -81.598732493529425, 41.028925038552963 ] ] ] } },
{ "type": "Feature", "properties": { "UNIQUE_ID": "Summit-:-BARBERTON 4-B (AJT)", "PRECNAME": "BARBERTON 4-B", "PRECCODE": "AJT", "COUNTYFP": "153", "County": "Summit", "SLDL_DIST": "031", "total_pop": 2033, "age_under18": 493, "age_18_34": 473, "age_35_64": 752, "age_65plus": 315, "pop_hispanic": 0, "pop_white": 1610, "pop_black": 102, "pop_asian": 0, "pct_hispanic": 0.0, "pct_white": 87.8, "pct_black": 5.6, "pct_asian": 0.0, "pct_native": 0.0, "pct_multi": 0.0, "med_hh_income": 53875.0, "pct_bachelors_plus": 19.2407371007371, "pct_no_hs_diploma": 5.3678132678132666, "pct_some_college": 26.125012285012286 }, "geometry": { "type": "Polygon", "coordinates": [ [ [ -81.593116472043036, 41.024075032928479 ], [ -81.593057471781279, 41.0240340328847 ], [ -81.596510495557624, 41.021153050083491 ], [ -81.600542524932578, 41.017642070834412 ], [ -81.604493558065812, 41.012799094884599 ], [ -81.604676559143968, 41.0127960954675 ], [ -81.604721559464082, 41.012793095686156 ], [ -81.604946561623123, 41.012398097310403 ], [ -81.605071562878834, 41.012160098352531 ], [ -81.605125563467695, 41.012072098733782 ], [ -81.605238564623434, 41.011854099599383 ], [ -81.605431566687827, 41.011455101167172 ], [ -81.60557056817261, 41.01114610242351 ], [ -81.605634568910403, 41.01098710298929 ], [ -81.605999570602421, 41.011218103566264 ], [ -81.606065570898238, 41.011284103653516 ], [ -81.606109571049629, 41.011328103660361 ], [ -81.606350572013838, 41.011570103830479 ], [ -81.606503572575804, 41.0117121039845 ], [ -81.606555572815154, 41.011745104028009 ], [ -81.606978574916852, 41.011967104898773 ], [ -81.606858574122498, 41.011983104479611 ], [ -81.606760573518613, 41.012015104065974 ], [ -81.606679572921792, 41.012051103702326 ], [ -81.606617572409931, 41.012098103400255 ], [ -81.606558571931799, 41.01217010299716 ], [ -81.606508571409847, 41.012265102645515 ], [ -81.606332569118692, 41.012814100762292 ], [ -81.606267568260662, 41.013016100062337 ], [ -81.606081565766473, 41.013649097881526 ], [ -81.60600456461593, 41.013927096979238 ], [ -81.605590559604877, 41.015115092740629 ], [ -81.605300556101014, 41.015933089819271 ], [ -81.605166554365653, 41.016333088404934 ], [ -81.605013552581696, 41.016789086840177 ], [ -81.604860550712942, 41.017225085254978 ], [ -81.604789549675445, 41.017497084365445 ], [ -81.604782549272812, 41.017658083964768 ], [ -81.604806549447758, 41.017638084091374 ], [ -81.60486754989175, 41.01759908438369 ], [ -81.604938550430205, 41.017583084622636 ], [ -81.605054551044347, 41.017579084990686 ], [ -81.606233557880245, 41.017587088669103 ], [ -81.606760560825748, 41.017593090352527 ], [ -81.60674955917743, 41.018303088512766 ], [ -81.606740557847431, 41.018862087134941 ], [ -81.606736557191638, 41.019140086460901 ], [ -81.606724554929286, 41.020138083883836 ], [ -81.606714553695497, 41.020668082565813 ], [ -81.606711553527774, 41.020712082472556 ], [ -81.606688553119739, 41.020831082104976 ], [ -81.606676552619959, 41.021023081610529 ], [ -81.606652550871587, 41.021725079816314 ], [ -81.606630549563491, 41.022284078334678 ], [ -81.60661354818096, 41.022847076935804 ], [ -81.606609547798783, 41.023002076509584 ], [ -81.60660154730634, 41.023206075965973 ], [ -81.606565544887317, 41.024206073400954 ], [ -81.606136542541819, 41.024213072101553 ], [ -81.604629534424987, 41.024191067600597 ], [ -81.603576528685409, 41.024177064419412 ], [ -81.602524523036692, 41.02417006129015 ], [ -81.60251452205398, 41.024606060175827 ], [ -81.603562527704753, 41.024620063289554 ], [ -81.603539524915149, 41.025910060125916 ], [ -81.603521522696283, 41.026874057735128 ], [ -81.601735513235766, 41.026871052411742 ], [ -81.60141051150147, 41.02687505139744 ], [ -81.598768497530017, 41.02687104347396 ], [ -81.598760496810073, 41.027272042474515 ], [ -81.598760496284527, 41.027555041798422 ], [ -81.598739494611152, 41.028376039827471 ], [ -81.597684489101226, 41.028371036668162 ], [ -81.596633483619755, 41.028361033541039 ], [ -81.596612481668146, 41.029475030908117 ], [ -81.596596480916915, 41.02986402994398 ], [ -81.595553475542886, 41.029855026846285 ], [ -81.594508470123756, 41.029847023806333 ], [ -81.593452464768632, 41.02983902072738 ], [ -81.592392459277988, 41.029826017582231 ], [ -81.591329453791133, 41.029820014437178 ], [ -81.591420455155685, 41.029212016099997 ], [ -81.59145945593761, 41.028857017039059 ], [ -81.591506457119635, 41.028259018504286 ], [ -81.59150145709674, 41.028193018643947 ], [ -81.591471457024909, 41.028138018720227 ], [ -81.591392456681902, 41.028077018584924 ], [ -81.590947454916062, 41.027709018109611 ], [ -81.590832454510576, 41.027599018048598 ], [ -81.590794454328972, 41.027568017962039 ], [ -81.59132945774526, 41.027208020404679 ], [ -81.591515458924704, 41.027077021276753 ], [ -81.591581459286544, 41.027044021487477 ], [ -81.591623459520576, 41.027018021664219 ], [ -81.592263463898064, 41.026370025079217 ], [ -81.59296946868993, 41.025671028846553 ], [ -81.59353947261755, 41.025116031837555 ], [ -81.593640473421317, 41.025022032303355 ], [ -81.594075476321635, 41.024617034586861 ], [ -81.594108476697997, 41.024531034909955 ], [ -81.59419047738325, 41.024344035572511 ], [ -81.594270478156233, 41.024180036229829 ], [ -81.594284478367967, 41.024083036440082 ], [ -81.593811475701344, 41.024111034912529 ], [ -81.593664474890531, 41.024131034444999 ], [ -81.593560474239865, 41.02416203405555 ], [ -81.593456473588347, 41.024220033650188 ], [ -81.593385473205402, 41.024276033256648 ], [ -81.593244472605733, 41.02416803308175 ], [ -81.593220472486848, 41.024149033063921 ], [ -81.593116472043036, 41.024075032928479 ] ] ] } },
{ "type": "Feature", "properties": { "UNIQUE_ID": "Summit-:-BARBERTON 5-A (AJV)", "PRECNAME": "BARBERTON 5-A", "PRECCODE": "AJV", "COUNTYFP": "153", "County": "Summit", "SLDL_DIST": "031", "total_pop": 1918, "age_under18": 374, "age_18_34": 437, "age_35_64": 754, "age_65plus": 353, "pop_hispanic": 0, "pop_white": 1659, "pop_black": 85, "pop_asian": 0, "pct_hispanic": 0.0, "pct_white": 91.1, "pct_black": 4.7, "pct_asian": 0.0, "pct_native": 0.0, "pct_multi": 0.0, "med_hh_income": 45685.0, "pct_bachelors_plus": 9.5357664233576642, "pct_no_hs_diploma": 18.657664233576639, "pct_some_college": 28.66861313868613 }, "geometry": { "type": "Polygon", "coordinates": [ [ [ -81.62731168351128, 41.016367157683064 ], [ -81.627563684956854, 41.016361158498086 ], [ -81.627601685179641, 41.016349158589193 ], [ -81.627629685412813, 41.016328158771579 ], [ -81.627646685693989, 41.016297158919272 ], [ -81.627648685816879, 41.016253159040119 ], [ -81.627656686334788, 41.016096159484043 ], [ -81.627658688654122, 41.015425161362025 ], [ -81.628249692088048, 41.015440163114988 ], [ -81.628271696150648, 41.014277166403687 ], [ -81.62828669776691, 41.013815167708529 ], [ -81.628297699439159, 41.013337168987611 ], [ -81.628309700666875, 41.012978170088466 ], [ -81.628490701702418, 41.012982170563717 ], [ -81.629292706572912, 41.012993173153475 ], [ -81.629259706516791, 41.012957173103572 ], [ -81.629246706531987, 41.012912173184986 ], [ -81.629271709101985, 41.012193175263093 ], [ -81.629284711977675, 41.011392177482122 ], [ -81.628511707339129, 41.011379175045413 ], [ -81.628031704431038, 41.011370173505398 ], [ -81.628064708373969, 41.010257176694644 ], [ -81.628097712347113, 41.009119179889183 ], [ -81.628965718891919, 41.008782183605867 ], [ -81.629351721759548, 41.008632185299298 ], [ -81.630120727626561, 41.0083391885561 ], [ -81.630277728743295, 41.008280189238661 ], [ -81.630667731668808, 41.008135190926843 ], [ -81.631235736069982, 41.007915193338668 ], [ -81.631630739080961, 41.007759195070491 ], [ -81.632439745206241, 41.007440198537552 ], [ -81.632942749079419, 41.007242200695366 ], [ -81.63309175023619, 41.007191201343026 ], [ -81.634060757704461, 41.006820205518537 ], [ -81.634309759574535, 41.006725206620416 ], [ -81.634442760607158, 41.006684207128067 ], [ -81.634686762385371, 41.006627208075173 ], [ -81.636526775458407, 41.006256215137753 ], [ -81.637235780518878, 41.006107217910362 ], [ -81.637969785798148, 41.005944220718526 ], [ -81.638175787288276, 41.00589522151158 ], [ -81.638374788751165, 41.005833222396681 ], [ -81.638676791154069, 41.005719223656953 ], [ -81.638647781641055, 41.008120216714211 ], [ -81.638633780417393, 41.008403215872754 ], [ -81.638616775565325, 41.009626212312781 ], [ -81.638674775903283, 41.009626212542848 ], [ -81.63880177662773, 41.00965121288332 ], [ -81.638961777428179, 41.009700213241096 ], [ -81.639035777744908, 41.009733213401788 ], [ -81.639114778066713, 41.009779213460078 ], [ -81.639184778254261, 41.009833213601105 ], [ -81.639237778396748, 41.009884213591455 ], [ -81.639267778416496, 41.00992121355641 ], [ -81.63924577583289, 41.010553211666711 ], [ -81.639245759794363, 41.014650199943688 ], [ -81.639190756082158, 41.015514197278328 ], [ -81.639188753922028, 41.016067195747816 ], [ -81.638473749785675, 41.016066193517929 ], [ -81.635539732798037, 41.015992184482187 ], [ -81.634755728352971, 41.015972182039661 ], [ -81.634696721245334, 41.017797176766365 ], [ -81.633473714272782, 41.017797172954438 ], [ -81.633442714016127, 41.017797172894056 ], [ -81.630248695692174, 41.017795162944346 ], [ -81.630247698773118, 41.016898165401884 ], [ -81.62865268949885, 41.016884160409965 ], [ -81.628570689184414, 41.016842160293578 ], [ -81.628497688558738, 41.01690815994835 ], [ -81.62792768363218, 41.0174051567368 ], [ -81.627563680446173, 41.017722154788466 ], [ -81.627654680634748, 41.017819154779225 ], [ -81.627582680299327, 41.017813154573176 ], [ -81.626783675637739, 41.017808152125667 ], [ -81.626761678158033, 41.016999154212776 ], [ -81.626750680219487, 41.016360155959383 ], [ -81.62731168351128, 41.016367157683064 ] ] ] } },
{ "type": "Feature", "properties": { "UNIQUE_ID": "Summit-:-BARBERTON 5-B (AJW)", "PRECNAME": "BARBERTON 5-B", "PRECCODE": "AJW", "COUNTYFP": "153", "County": "Summit", "SLDL_DIST": "031", "total_pop": 2117, "age_under18": 467, "age_18_34": 492, "age_35_64": 868, "age_65plus": 290, "pop_hispanic": 28, "pop_white": 1745, "pop_black": 53, "pop_asian": 2, "pct_hispanic": 1.5, "pct_white": 91.5, "pct_black": 2.8, "pct_asian": 0.1, "pct_native": 0.0, "pct_multi": 0.0, "med_hh_income": 50518.0, "pct_bachelors_plus": 19.47289896128423, "pct_no_hs_diploma": 12.911898016997167, "pct_some_college": 24.02134088762984 }, "geometry": { "type": "Polygon", "coordinates": [ [ [ -81.618225640238393, 41.012955138082638 ], [ -81.61823264356515, 41.011790141154187 ], [ -81.619512652158917, 41.01151414595946 ], [ -81.620740660374693, 41.011256150585723 ], [ -81.620864661138086, 41.011230151010203 ], [ -81.621448665071597, 41.011106153233996 ], [ -81.622037669076562, 41.010973155473835 ], [ -81.623217677174239, 41.010717159874638 ], [ -81.62331167769274, 41.010702160274391 ], [ -81.623589679623677, 41.010646161274089 ], [ -81.624094682995249, 41.01053616319404 ], [ -81.624620686602583, 41.010426165218739 ], [ -81.624764687633373, 41.010396165689791 ], [ -81.624832688074761, 41.010378165983894 ], [ -81.625315691587687, 41.010190168021126 ], [ -81.625890695849094, 41.009969170530752 ], [ -81.626367699484121, 41.009785172518377 ], [ -81.626574701045371, 41.009699173407 ], [ -81.62683070291682, 41.009609174485981 ], [ -81.627389707016121, 41.00940017682553 ], [ -81.628097712347113, 41.009119179889183 ], [ -81.628064708373969, 41.010257176694644 ], [ -81.628031704431038, 41.011370173505398 ], [ -81.628511707339129, 41.011379175045413 ], [ -81.629284711977675, 41.011392177482122 ], [ -81.629271709101985, 41.012193175263093 ], [ -81.629246706531987, 41.012912173184986 ], [ -81.629259706516791, 41.012957173103572 ], [ -81.629292706572912, 41.012993173153475 ], [ -81.628490701702418, 41.012982170563717 ], [ -81.628309700666875, 41.012978170088466 ], [ -81.628297699439159, 41.013337168987611 ], [ -81.62828669776691, 41.013815167708529 ], [ -81.628271696150648, 41.014277166403687 ], [ -81.628249692088048, 41.015440163114988 ], [ -81.627658688654122, 41.015425161362025 ], [ -81.627656686334788, 41.016096159484043 ], [ -81.627648685816879, 41.016253159040119 ], [ -81.627646685693989, 41.016297158919272 ], [ -81.627629685412813, 41.016328158771579 ], [ -81.627601685179641, 41.016349158589193 ], [ -81.627563684956854, 41.016361158498086 ], [ -81.62731168351128, 41.016367157683064 ], [ -81.626750680219487, 41.016360155959383 ], [ -81.626761678158033, 41.016999154212776 ], [ -81.626783675637739, 41.017808152125667 ], [ -81.627582680299327, 41.017813154573176 ], [ -81.627654680634748, 41.017819154779225 ], [ -81.627744678447371, 41.018641152829147 ], [ -81.627768677576881, 41.018922152097666 ], [ -81.627047672729717, 41.019150149276385 ], [ -81.627055672157155, 41.019348148751902 ], [ -81.627053669483359, 41.020161146559346 ], [ -81.62705866853274, 41.020466145772687 ], [ -81.62528365878903, 41.020373140515986 ], [ -81.625264656815389, 41.020955138886386 ], [ -81.625142641350351, 41.025594126022867 ], [ -81.625127640031593, 41.025955125059667 ], [ -81.624831638528022, 41.025951124198301 ], [ -81.624553637068701, 41.025951123284656 ], [ -81.621587621245055, 41.025949114430496 ], [ -81.61583159070149, 41.025852097269819 ], [ -81.614243582168314, 41.02585309255366 ], [ -81.614732587937723, 41.024679097007308 ], [ -81.615356594698071, 41.023434102112972 ], [ -81.615409595318354, 41.023321102570705 ], [ -81.616140603645803, 41.021719108872063 ], [ -81.617343616916074, 41.019359118681692 ], [ -81.618146626140472, 41.017753125379933 ], [ -81.618142626704469, 41.017511126003413 ], [ -81.618225640238393, 41.012955138082638 ] ] ] } },
{ "type": "Feature", "properties": { "UNIQUE_ID": "Summit-:-BARBERTON 6-A (AKA)", "PRECNAME": "BARBERTON 6-A", "PRECCODE": "AKA", "COUNTYFP": "153", "County": "Summit", "SLDL_DIST": "031", "total_pop": 2193, "age_under18": 488, "age_18_34": 467, "age_35_64": 868, "age_65plus": 370, "pop_hispanic": 70, "pop_white": 1904, "pop_black": 115, "pop_asian": 0, "pct_hispanic": 3.1, "pct_white": 85.2, "pct_black": 5.1, "pct_asian": 0.0, "pct_native": 0.0, "pct_multi": 0.0, "med_hh_income": 56462.0, "pct_bachelors_plus": 14.520772727272728, "pct_no_hs_diploma": 9.9878636363636382, "pct_some_college": 26.86 }, "geometry": { "type": "Polygon", "coordinates": [ [ [ -81.604791561949469, 41.01183209820929 ], [ -81.605135566503819, 41.010717102020983 ], [ -81.606257581437262, 41.007081114608255 ], [ -81.607090591800187, 41.004843122825505 ], [ -81.607284594194383, 41.004331124702176 ], [ -81.607342594992701, 41.004152125304472 ], [ -81.607342595490024, 41.003952125833678 ], [ -81.607562599088112, 41.002974128988541 ], [ -81.608326604034772, 41.003027131377792 ], [ -81.608549605419427, 41.003046132028565 ], [ -81.608693606329169, 41.003058132486139 ], [ -81.608864607338262, 41.003072133010988 ], [ -81.609424610919262, 41.00312213470675 ], [ -81.609718612791596, 41.003149135645927 ], [ -81.60990561399197, 41.003161136206757 ], [ -81.610075615074507, 41.003165136750631 ], [ -81.610842620022424, 41.003168139292391 ], [ -81.611315623123517, 41.003179140837446 ], [ -81.611683625407125, 41.00319314195805 ], [ -81.612465630414974, 41.003234144478647 ], [ -81.612756632228795, 41.00324514538196 ], [ -81.613467636875811, 41.003259147662355 ], [ -81.614170641380554, 41.003259150044578 ], [ -81.614714644971031, 41.003253151779575 ], [ -81.615058647284087, 41.003244153005959 ], [ -81.615703651530893, 41.003220155180479 ], [ -81.616562657192077, 41.003176158074467 ], [ -81.616626657587972, 41.003170158329681 ], [ -81.616845659193572, 41.003119159202932 ], [ -81.619343678240242, 41.002172169918381 ], [ -81.619364684146021, 41.000174175238335 ], [ -81.619868687616474, 41.000154176957025 ], [ -81.622837707143148, 41.000208186668196 ], [ -81.625052721711214, 41.00025119397143 ], [ -81.625144722340821, 41.000253194197022 ], [ -81.626962734439857, 41.000256200310275 ], [ -81.629248749379116, 41.000353207630205 ], [ -81.630448757262272, 41.000353211670507 ], [ -81.630459758014553, 41.000158212182441 ], [ -81.630505758810159, 40.999969212739309 ], [ -81.630631759709303, 41.000008213163589 ], [ -81.631242763312727, 41.000141214818626 ], [ -81.631240762962221, 41.000239214572808 ], [ -81.631239762598042, 41.000354214276044 ], [ -81.632445770615263, 41.000353218269282 ], [ -81.633525777824374, 41.000354221908772 ], [ -81.636334796092555, 41.0004582309301 ], [ -81.636322794629024, 41.000818229911118 ], [ -81.638794810903136, 41.000835238063971 ], [ -81.638774807711101, 41.001631235718321 ], [ -81.639594812975076, 41.001648238353248 ], [ -81.640137816502175, 41.001659240086731 ], [ -81.640110813260065, 41.002445237746088 ], [ -81.640232813994302, 41.002450238209086 ], [ -81.640342814745537, 41.00246523849929 ], [ -81.640472815346953, 41.002510238762184 ], [ -81.640526815601788, 41.002548238861777 ], [ -81.640566815700041, 41.002592238879203 ], [ -81.640595815596356, 41.002643238817377 ], [ -81.640614815623621, 41.002696238733478 ], [ -81.6406198153595, 41.002749238624524 ], [ -81.640611814671701, 41.00292823801864 ], [ -81.640600813192336, 41.003261237046807 ], [ -81.640704813834361, 41.003263237424207 ], [ -81.64164281995599, 41.003285240396956 ], [ -81.641935822147744, 41.003197241636471 ], [ -81.64200482272237, 41.003175241922051 ], [ -81.642738828408753, 41.002944245037241 ], [ -81.643054830884779, 41.002847246291942 ], [ -81.642995831032309, 41.002708246563785 ], [ -81.643406836160068, 41.002117249583897 ], [ -81.644259841787573, 41.002116252440331 ], [ -81.644403842728337, 41.002116252922555 ], [ -81.64447584315478, 41.002121253118119 ], [ -81.64454684363325, 41.00212025339318 ], [ -81.644688844658859, 41.002104253877221 ], [ -81.644758845163665, 41.002091254175653 ], [ -81.644811845646828, 41.002056254417127 ], [ -81.644841846043036, 41.002006254647569 ], [ -81.644862846378231, 41.001954254873965 ], [ -81.644872846668974, 41.001900255119899 ], [ -81.644870846934253, 41.001846255298069 ], [ -81.644858847084251, 41.001792255389738 ], [ -81.644868850700789, 41.000953257840806 ], [ -81.644881854438353, 41.00008926043018 ], [ -81.644894852028159, 40.999295258307036 ], [ -81.647042866415035, 40.99931126554538 ], [ -81.647205867411358, 40.999307266071305 ], [ -81.647211868844735, 40.999628267208287 ], [ -81.647234869665283, 40.999793267874807 ], [ -81.647286870752637, 41.000015268665521 ], [ -81.647380870475189, 41.000230268341923 ], [ -81.64748387020542, 41.000430268071888 ], [ -81.647652870328301, 41.000669267942534 ], [ -81.647891870631341, 41.000950267952412 ], [ -81.648305871206361, 41.001451267804647 ], [ -81.648677871563478, 41.001943267589418 ], [ -81.64870587132863, 41.002041267372256 ], [ -81.64871987096484, 41.00213026716014 ], [ -81.648732870315129, 41.002288266747044 ], [ -81.647746863860505, 41.002308263367283 ], [ -81.644719837912348, 41.003749249156719 ], [ -81.644402835970951, 41.003743248194766 ], [ -81.643767831879359, 41.003724246122665 ], [ -81.6436958314046, 41.003714245874548 ], [ -81.643595830900765, 41.00368024565843 ], [ -81.643281828292231, 41.00382224422507 ], [ -81.643290825566623, 41.004513242267272 ], [ -81.642148816397523, 41.004943237233036 ], [ -81.639456794631414, 41.006112225072933 ], [ -81.639445793968051, 41.00625322464645 ], [ -81.63934578547105, 41.00825321861798 ], [ -81.639276779292771, 41.009731214114325 ], [ -81.639267778416496, 41.00992121355641 ], [ -81.639237778396748, 41.009884213591455 ], [ -81.639184778254261, 41.009833213601105 ], [ -81.639114778066713, 41.009779213460078 ], [ -81.639035777744908, 41.009733213401788 ], [ -81.638961777428179, 41.009700213241096 ], [ -81.63880177662773, 41.00965121288332 ], [ -81.638674775903283, 41.009626212542848 ], [ -81.638616775565325, 41.009626212312781 ], [ -81.638633780417393, 41.008403215872754 ], [ -81.638647781641055, 41.008120216714211 ], [ -81.638676791154069, 41.005719223656953 ], [ -81.638374788751165, 41.005833222396681 ], [ -81.638175787288276, 41.00589522151158 ], [ -81.637969785798148, 41.005944220718526 ], [ -81.637235780518878, 41.006107217910362 ], [ -81.636526775458407, 41.006256215137753 ], [ -81.634686762385371, 41.006627208075173 ], [ -81.634442760607158, 41.006684207128067 ], [ -81.634309759574535, 41.006725206620416 ], [ -81.634060757704461, 41.006820205518537 ], [ -81.63309175023619, 41.007191201343026 ], [ -81.632942749079419, 41.007242200695366 ], [ -81.632439745206241, 41.007440198537552 ], [ -81.631630739080961, 41.007759195070491 ], [ -81.631235736069982, 41.007915193338668 ], [ -81.630667731668808, 41.008135190926843 ], [ -81.630277728743295, 41.008280189238661 ], [ -81.630120727626561, 41.0083391885561 ], [ -81.629351721759548, 41.008632185299298 ], [ -81.628965718891919, 41.008782183605867 ], [ -81.628097712347113, 41.009119179889183 ], [ -81.627389707016121, 41.00940017682553 ], [ -81.62683070291682, 41.009609174485981 ], [ -81.626574701045371, 41.009699173407 ], [ -81.626367699484121, 41.009785172518377 ], [ -81.625890695849094, 41.009969170530752 ], [ -81.625315691587687, 41.010190168021126 ], [ -81.624832688074761, 41.010378165983894 ], [ -81.624764687633373, 41.010396165689791 ], [ -81.624620686602583, 41.010426165218739 ], [ -81.624094682995249, 41.01053616319404 ], [ -81.623589679623677, 41.010646161274089 ], [ -81.62331167769274, 41.010702160274391 ], [ -81.623217677174239, 41.010717159874638 ], [ -81.622037669076562, 41.010973155473835 ], [ -81.621448665071597, 41.011106153233996 ], [ -81.620864661138086, 41.011230151010203 ], [ -81.620740660374693, 41.011256150585723 ], [ -81.619512652158917, 41.01151414595946 ], [ -81.61823264356515, 41.011790141154187 ], [ -81.617632639597019, 41.011920138890289 ], [ -81.617002635397, 41.012055136516913 ], [ -81.616749633718342, 41.0121091355945 ], [ -81.616540632342577, 41.012147134874034 ], [ -81.616469631883731, 41.012155134620727 ], [ -81.616184630101429, 41.012153133663077 ], [ -81.615504626090143, 41.012139131609807 ], [ -81.615067623407029, 41.012130130214565 ], [ -81.614870622224643, 41.012126129597512 ], [ -81.61376561566442, 41.012102126178711 ], [ -81.612547608377938, 41.012078122344619 ], [ -81.61154760230275, 41.012062119146144 ], [ -81.60985459222843, 41.01202811382386 ], [ -81.609143587931058, 41.012014111596649 ], [ -81.608763585662615, 41.012006110416827 ], [ -81.6075885785678, 41.011981106765326 ], [ -81.606978574916852, 41.011967104898773 ], [ -81.606555572815154, 41.011745104028009 ], [ -81.606503572575804, 41.0117121039845 ], [ -81.606350572013838, 41.011570103830479 ], [ -81.606109571049629, 41.011328103660361 ], [ -81.606065570898238, 41.011284103653516 ], [ -81.605999570602421, 41.011218103566264 ], [ -81.605634568910403, 41.01098710298929 ], [ -81.60557056817261, 41.01114610242351 ], [ -81.605431566687827, 41.011455101167172 ], [ -81.605238564623434, 41.011854099599383 ], [ -81.605125563467695, 41.012072098733782 ], [ -81.605071562878834, 41.012160098352531 ], [ -81.604946561623123, 41.012398097310403 ], [ -81.604721559464082, 41.012793095686156 ], [ -81.604676559143968, 41.0127960954675 ], [ -81.604493558065812, 41.012799094884599 ], [ -81.604791561949469, 41.01183209820929 ] ] ] } },
{ "type": "Feature", "properties": { "UNIQUE_ID": "Summit-:-BARBERTON 6-B (AKC)", "PRECNAME": "BARBERTON 6-B", "PRECCODE": "AKC", "COUNTYFP": "153", "County": "Summit", "SLDL_DIST": "031", "total_pop": 1731, "age_under18": 274, "age_18_34": 327, "age_35_64": 697, "age_65plus": 433, "pop_hispanic": 0, "pop_white": 1735, "pop_black": 0, "pop_asian": 0, "pct_hispanic": 0.0, "pct_white": 95.9, "pct_black": 0.0, "pct_asian": 0.0, "pct_native": 0.0, "pct_multi": 0.0, "med_hh_income": 66154.0, "pct_bachelors_plus": 25.737030618139805, "pct_no_hs_diploma": 2.8828422876949737, "pct_some_college": 37.225823223570188 }, "geometry": { "type": "Polygon", "coordinates": [ [ [ -81.636322794629024, 41.000818229911118 ], [ -81.636334796092555, 41.0004582309301 ], [ -81.638248808708497, 41.000472237279915 ], [ -81.638253809254891, 41.000340237622659 ], [ -81.638260810053055, 41.000153238196233 ], [ -81.638579804549153, 40.997853232426245 ], [ -81.638562804216932, 40.997792232157707 ], [ -81.638529803466582, 40.997676231724789 ], [ -81.638445802028656, 40.997422230519923 ], [ -81.63832979996792, 40.997106229128072 ], [ -81.638200797945814, 40.996795227581707 ], [ -81.637861792887634, 40.996051223973502 ], [ -81.637779791673253, 40.995870223137636 ], [ -81.637736791014447, 40.995773222657562 ], [ -81.637434786406502, 40.995097219361611 ], [ -81.636898778389906, 40.993914213613685 ], [ -81.636865778003269, 40.993844213287005 ], [ -81.638045785650121, 40.993853217115024 ], [ -81.637445774089727, 40.991853208412699 ], [ -81.638145778671287, 40.991853210726802 ], [ -81.6381457744627, 40.990753206992053 ], [ -81.637745772216732, 40.990853206088715 ], [ -81.637848764198566, 40.988570198621289 ], [ -81.639077771975579, 40.98856820263574 ], [ -81.639679775868757, 40.988565204508909 ], [ -81.639905777244167, 40.98856320530124 ], [ -81.642711795227925, 40.98856821427151 ], [ -81.642869796230727, 40.988568214786937 ], [ -81.64332379909979, 40.988567216302243 ], [ -81.644190804570442, 40.988555218993938 ], [ -81.645933815695585, 40.988555224680432 ], [ -81.646848821569876, 40.988558227623919 ], [ -81.646845834184447, 40.991700238479112 ], [ -81.646845834822543, 40.991853239012606 ], [ -81.646937838354091, 40.992563241765247 ], [ -81.646985838678219, 40.992559241906804 ], [ -81.648354847513502, 40.992560246422144 ], [ -81.648566848700852, 40.992523246905435 ], [ -81.648781850998944, 40.992745248386051 ], [ -81.649211855501235, 40.993161251283894 ], [ -81.649315856822824, 40.993317252151535 ], [ -81.649356857661189, 40.993460252771008 ], [ -81.649364857893303, 40.993487252925306 ], [ -81.649352858456012, 40.993654253481566 ], [ -81.65054686622365, 40.993653257327743 ], [ -81.650646876429391, 40.995953265731266 ], [ -81.64994687136732, 40.995853263137505 ], [ -81.649946871694183, 40.995913263270481 ], [ -81.649946875167473, 40.996753266244511 ], [ -81.649946886733289, 40.999552276007464 ], [ -81.649851886042867, 40.999552275729684 ], [ -81.649828885207867, 41.000577275508604 ], [ -81.649555882549663, 41.000749274035684 ], [ -81.649488881904844, 41.000791273666351 ], [ -81.649094878289461, 41.001033271657242 ], [ -81.6498718802562, 41.001745272152711 ], [ -81.64870587132863, 41.002041267372256 ], [ -81.648677871563478, 41.001943267589418 ], [ -81.648305871206361, 41.001451267804647 ], [ -81.647891870631341, 41.000950267952412 ], [ -81.647652870328301, 41.000669267942534 ], [ -81.64748387020542, 41.000430268071888 ], [ -81.647380870475189, 41.000230268341923 ], [ -81.647286870752637, 41.000015268665521 ], [ -81.647234869665283, 40.999793267874807 ], [ -81.647211868844735, 40.999628267208287 ], [ -81.647205867411358, 40.999307266071305 ], [ -81.647042866415035, 40.99931126554538 ], [ -81.644894852028159, 40.999295258307036 ], [ -81.644881854438353, 41.00008926043018 ], [ -81.644868850700789, 41.000953257840806 ], [ -81.644858847084251, 41.001792255389738 ], [ -81.644870846934253, 41.001846255298069 ], [ -81.644872846668974, 41.001900255119899 ], [ -81.644862846378231, 41.001954254873965 ], [ -81.644841846043036, 41.002006254647569 ], [ -81.644811845646828, 41.002056254417127 ], [ -81.644758845163665, 41.002091254175653 ], [ -81.644688844658859, 41.002104253877221 ], [ -81.64454684363325, 41.00212025339318 ], [ -81.64447584315478, 41.002121253118119 ], [ -81.644403842728337, 41.002116252922555 ], [ -81.644259841787573, 41.002116252440331 ], [ -81.643406836160068, 41.002117249583897 ], [ -81.642995831032309, 41.002708246563785 ], [ -81.643054830884779, 41.002847246291942 ], [ -81.642738828408753, 41.002944245037241 ], [ -81.64200482272237, 41.003175241922051 ], [ -81.641935822147744, 41.003197241636471 ], [ -81.64164281995599, 41.003285240396956 ], [ -81.640704813834361, 41.003263237424207 ], [ -81.640600813192336, 41.003261237046807 ], [ -81.640611814671701, 41.00292823801864 ], [ -81.6406198153595, 41.002749238624524 ], [ -81.640614815623621, 41.002696238733478 ], [ -81.640595815596356, 41.002643238817377 ], [ -81.640566815700041, 41.002592238879203 ], [ -81.640526815601788, 41.002548238861777 ], [ -81.640472815346953, 41.002510238762184 ], [ -81.640342814745537, 41.00246523849929 ], [ -81.640232813994302, 41.002450238209086 ], [ -81.640110813260065, 41.002445237746088 ], [ -81.640137816502175, 41.001659240086731 ], [ -81.639594812975076, 41.001648238353248 ], [ -81.638774807711101, 41.001631235718321 ], [ -81.638794810903136, 41.000835238063971 ], [ -81.636322794629024, 41.000818229911118 ] ] ] } },
{ "type": "Feature", "properties": { "UNIQUE_ID": "Summit-:-BATH TWP A (ARB)", "PRECNAME": "BATH TWP A", "PRECCODE": "ARB", "COUNTYFP": "153", "County": "Summit", "SLDL_DIST": "031", "total_pop": 1215, "age_under18": 298, "age_18_34": 136, "age_35_64": 589, "age_65plus": 192, "pop_hispanic": 24, "pop_white": 936, "pop_black": 0, "pop_asian": 11, "pct_hispanic": 2.4, "pct_white": 94.5, "pct_black": 0.0, "pct_asian": 1.1, "pct_native": 1.3, "pct_multi": 0.0, "med_hh_income": 169205.0, "pct_bachelors_plus": 71.3, "pct_no_hs_diploma": 0.9, "pct_some_college": 18.5 }, "geometry": { "type": "Polygon", "coordinates": [ [ [ -81.686227012021988, 41.177099788187597 ], [ -81.686217284620298, 41.177544028151907 ], [ -81.686205005757117, 41.178104784674908 ], [ -81.686179997964871, 41.17934578040002 ], [ -81.686178618281374, 41.179415202955902 ], [ -81.68616885617196, 41.179906407470696 ], [ -81.686161992297727, 41.180251777256466 ], [ -81.68614898772951, 41.18097977473883 ], [ -81.686147104188009, 41.1811010250481 ], [ -81.686143985687011, 41.181301773567739 ], [ -81.686124713382569, 41.182387866817962 ], [ -81.686119977248282, 41.182654768881363 ], [ -81.686107032295723, 41.183424919211362 ], [ -81.686104038142105, 41.1836030526161 ], [ -81.686088965655742, 41.184499762466679 ], [ -81.686072957806871, 41.185754758164485 ], [ -81.686059950568037, 41.186914754150663 ], [ -81.686054948014515, 41.187319752770186 ], [ -81.686049944647237, 41.187847750958476 ], [ -81.686048943862986, 41.187975750465689 ], [ -81.686044941804411, 41.188315749293793 ], [ -81.686007941674561, 41.188346749179615 ], [ -81.685976941614911, 41.188372749085616 ], [ -81.685951941519392, 41.188393748927162 ], [ -81.685729874851674, 41.199090711931127 ], [ -81.685702866424535, 41.200450707214713 ], [ -81.685713865718711, 41.200569706872983 ], [ -81.68571686544297, 41.200607706681083 ], [ -81.685728864427304, 41.200754706199476 ], [ -81.685734863999883, 41.200816706010571 ], [ -81.685742863434982, 41.200901705693838 ], [ -81.685746863096171, 41.200952705510502 ], [ -81.685645857238825, 41.201954701977094 ], [ -81.685644856086611, 41.202129701448001 ], [ -81.684327860856271, 41.202129700286491 ], [ -81.683174865199987, 41.202118699427807 ], [ -81.682442867839995, 41.202119698732915 ], [ -81.681455871471087, 41.202119697972535 ], [ -81.68100387310524, 41.202121697599857 ], [ -81.680500874914074, 41.202124697187635 ], [ -81.680103876349136, 41.202122696854573 ], [ -81.678483882339179, 41.202117695496725 ], [ -81.676781888517098, 41.202120694095889 ], [ -81.676501889486971, 41.20211969383832 ], [ -81.675900891716424, 41.202118693354656 ], [ -81.672896902649953, 41.202116690798533 ], [ -81.671630907236477, 41.202116689774741 ], [ -81.666629925569254, 41.20211868564126 ], [ -81.666092927433496, 41.202119685144247 ], [ -81.665525929611022, 41.202115684746587 ], [ -81.662999938677217, 41.202130682528704 ], [ -81.661744943312613, 41.202134681467207 ], [ -81.660090949194384, 41.202146680084454 ], [ -81.658255955893438, 41.202155678565461 ], [ -81.657548958361872, 41.202165677949353 ], [ -81.654730968565119, 41.202185675549082 ], [ -81.654429969721718, 41.202185675213016 ], [ -81.654000971314517, 41.202185674857098 ], [ -81.653167974290113, 41.202191674152452 ], [ -81.653249975018554, 41.201958674977803 ], [ -81.652345990269538, 41.199352682067534 ], [ -81.651045997609103, 41.198752682773623 ], [ -81.651046003904014, 41.197351687010119 ], [ -81.650746005338831, 41.197251686991301 ], [ -81.651246008649196, 41.19615169075454 ], [ -81.651447020217674, 41.193449699100633 ], [ -81.65274701880459, 41.192848702206824 ], [ -81.652547026379366, 41.191348706553342 ], [ -81.653348028995907, 41.190246710675126 ], [ -81.652917036677493, 41.188881714362175 ], [ -81.652548041086206, 41.188146716266438 ], [ -81.647147068109604, 41.185548718508159 ], [ -81.645946071987723, 41.185448717513971 ], [ -81.645146078874475, 41.184348719908769 ], [ -81.639745108266041, 41.180650724852754 ], [ -81.639945111649482, 41.179650727952854 ], [ -81.636744129853312, 41.176951732077825 ], [ -81.636570130344992, 41.176951731858964 ], [ -81.636583131710097, 41.17656673300305 ], [ -81.636590135577052, 41.17555073588295 ], [ -81.636644138240499, 41.174796738026984 ], [ -81.63670914099238, 41.174055740232205 ], [ -81.636778144433038, 41.173081743039255 ], [ -81.63684914768541, 41.172203745674111 ], [ -81.636881149643244, 41.171668747167729 ], [ -81.636884151152685, 41.171257748340594 ], [ -81.636843155841831, 41.170058751738445 ], [ -81.636849157186816, 41.169686752749094 ], [ -81.636839159927547, 41.168989754796911 ], [ -81.637324158878215, 41.168988755376326 ], [ -81.638128157371114, 41.168994756368711 ], [ -81.639814153998458, 41.168994758420062 ], [ -81.640774152225546, 41.168986759665636 ], [ -81.642466148934446, 41.168974761795909 ], [ -81.64296414794704, 41.168972762437271 ], [ -81.644808144431366, 41.168966764757151 ], [ -81.645282143471022, 41.168969765256286 ], [ -81.646684140738358, 41.168968767057052 ], [ -81.647362139395554, 41.168966767877876 ], [ -81.648222137695257, 41.168964768997391 ], [ -81.648500137194958, 41.168965769272603 ], [ -81.64883413645228, 41.168967769752641 ], [ -81.648446133806374, 41.169759766904811 ], [ -81.648745129682922, 41.170551764865877 ], [ -81.651145118546992, 41.171951763639782 ], [ -81.653546103144024, 41.174152759815001 ], [ -81.657446094069215, 41.174254764105484 ], [ -81.657760091869818, 41.174568763457522 ], [ -81.657772091849736, 41.174559763517934 ], [ -81.657868091761586, 41.174530763725613 ], [ -81.657982091437958, 41.174534763831382 ], [ -81.658049091350605, 41.174543763935233 ], [ -81.658109091088036, 41.174565763913222 ], [ -81.658159090822394, 41.17459576388665 ], [ -81.658209090457746, 41.17463176381068 ], [ -81.658253090250497, 41.17466976370374 ], [ -81.658295089985529, 41.174702763654629 ], [ -81.658366089551109, 41.174763763588736 ], [ -81.65841108929493, 41.174796763553026 ], [ -81.65846208898887, 41.174828763462457 ], [ -81.658515088742362, 41.174860763443881 ], [ -81.658579088460868, 41.174877763448997 ], [ -81.658695088264793, 41.174866763642449 ], [ -81.658753088219655, 41.174848763769269 ], [ -81.658812088240865, 41.174825763905098 ], [ -81.65887208821897, 41.174801764090162 ], [ -81.658934088172529, 41.174779764172399 ], [ -81.659036088162821, 41.174738764448144 ], [ -81.6591110881715, 41.174693764711762 ], [ -81.659169088196094, 41.174673764788146 ], [ -81.659351088227567, 41.17458076532035 ], [ -81.659551087422471, 41.174645765371437 ], [ -81.660645084851865, 41.174657766575066 ], [ -81.660673090349249, 41.173571769980853 ], [ -81.660687092993101, 41.173029771707014 ], [ -81.66067009356604, 41.172922772021337 ], [ -81.66063409420353, 41.172818772304261 ], [ -81.660579094784026, 41.172718772594251 ], [ -81.66050609535516, 41.172626772756523 ], [ -81.66040409601753, 41.172532772937849 ], [ -81.660044097932285, 41.172310773167588 ], [ -81.659490100707671, 41.171995773501834 ], [ -81.65935510130484, 41.171927773613845 ], [ -81.659241101785483, 41.171880773627599 ], [ -81.6590821023388, 41.171841773501463 ], [ -81.658473103868076, 41.171784772945607 ], [ -81.658347104233016, 41.171766772845345 ], [ -81.658217104678627, 41.171731772807135 ], [ -81.658082105196968, 41.171685772830571 ], [ -81.65789710592712, 41.171607772768866 ], [ -81.65769910676903, 41.171508772864286 ], [ -81.657523107645716, 41.171408772989849 ], [ -81.657165109640559, 41.171168773251772 ], [ -81.65695811072446, 41.171011773500361 ], [ -81.656832111580002, 41.170886773754269 ], [ -81.656726112403632, 41.170768773994176 ], [ -81.656620113324877, 41.170623774329599 ], [ -81.65652911438319, 41.170439774789159 ], [ -81.656478115195398, 41.170287775177165 ], [ -81.656447116071064, 41.170132775603086 ], [ -81.656439116633479, 41.170001775998756 ], [ -81.656445117305793, 41.169870776409773 ], [ -81.656477118129189, 41.169692776956602 ], [ -81.656531118967166, 41.169492777681512 ], [ -81.656569119649419, 41.169325778211032 ], [ -81.65659312043131, 41.169147778823572 ], [ -81.656598121303631, 41.168964779363208 ], [ -81.659119116412725, 41.168965782532851 ], [ -81.661478111833063, 41.168957785471406 ], [ -81.661641111514797, 41.168957785700933 ], [ -81.663344108142397, 41.16896278774643 ], [ -81.664569105799643, 41.168966789291083 ], [ -81.665848103302693, 41.168964790853543 ], [ -81.666240102511139, 41.168964791326665 ], [ -81.668892097365045, 41.168962794699326 ], [ -81.670016095207984, 41.1689557960608 ], [ -81.675031085538052, 41.168930802394598 ], [ -81.677246081266304, 41.168911805210584 ], [ -81.678089079664218, 41.168905806265712 ], [ -81.678664078553197, 41.168902806988406 ], [ -81.680905074196303, 41.168904809807621 ], [ -81.681147073725526, 41.168904810089707 ], [ -81.683008070087737, 41.168904812379772 ], [ -81.684019067977957, 41.168924813546532 ], [ -81.684303067350541, 41.16893081391931 ], [ -81.684549066889687, 41.168928814253434 ], [ -81.684793066520285, 41.168910814613533 ], [ -81.685034066317272, 41.16887781498 ], [ -81.685272066143625, 41.168827815441396 ], [ -81.686026065838732, 41.168634817085405 ], [ -81.68638706574076, 41.16855381777652 ], [ -81.686356056068377, 41.170081812460737 ], [ -81.686342051982166, 41.170739810254119 ], [ -81.686286034442205, 41.173536800533093 ], [ -81.686275028731117, 41.17443079737577 ], [ -81.686265023606538, 41.175256794592862 ], [ -81.686234232515829, 41.176749707535905 ], [ -81.686227012021988, 41.177099788187597 ] ] ] } },
{ "type": "Feature", "properties": { "UNIQUE_ID": "Summit-:-BATH TWP B (ARD)", "PRECNAME": "BATH TWP B", "PRECCODE": "ARD", "COUNTYFP": "153", "County": "Summit", "SLDL_DIST": "031", "total_pop": 1249, "age_under18": 294, "age_18_34": 168, "age_35_64": 473, "age_65plus": 314, "pop_hispanic": 20, "pop_white": 1064, "pop_black": 24, "pop_asian": 15, "pct_hispanic": 1.7, "pct_white": 92.9, "pct_black": 2.1, "pct_asian": 1.3, "pct_native": 0.6, "pct_multi": 0.0, "med_hh_income": 164009.0, "pct_bachelors_plus": 69.878035143769964, "pct_no_hs_diploma": 1.6833865814696485, "pct_some_college": 18.613338658146962 }, "geometry": { "type": "Polygon", "coordinates": [ [ [ -81.653249975018554, 41.201958674977803 ], [ -81.653167974290113, 41.202191674152452 ], [ -81.651817979100514, 41.202201673047632 ], [ -81.649928985960187, 41.20221567140814 ], [ -81.649261988379024, 41.202220670899813 ], [ -81.648963989461606, 41.202223670592609 ], [ -81.64779199372515, 41.202228669591868 ], [ -81.647687994151639, 41.202228669490296 ], [ -81.647388995213902, 41.202230669239398 ], [ -81.645191003203209, 41.202246667379228 ], [ -81.644644005113506, 41.202250666902991 ], [ -81.643204010437358, 41.202253665744024 ], [ -81.641786015503428, 41.202261664484467 ], [ -81.641582016330105, 41.202263664305399 ], [ -81.638966025700611, 41.20228466213883 ], [ -81.638033029185991, 41.202284661363663 ], [ -81.637560030873402, 41.202299660889992 ], [ -81.637235032000362, 41.202294660662382 ], [ -81.636542034557635, 41.202295660056365 ], [ -81.635863037050001, 41.202303659499442 ], [ -81.635020040110817, 41.202308658796497 ], [ -81.634574041718878, 41.20231165842997 ], [ -81.633201046626667, 41.202330657157169 ], [ -81.632529049085377, 41.202335656670705 ], [ -81.63184305154752, 41.202338656009374 ], [ -81.630510056468893, 41.202351654914573 ], [ -81.629909058659649, 41.202357654357272 ], [ -81.625984072892592, 41.202400651042723 ], [ -81.625836073375922, 41.202401650897556 ], [ -81.625426074920696, 41.20240465050852 ], [ -81.622699084747197, 41.202429648207485 ], [ -81.622337086155682, 41.202429647888721 ], [ -81.621496089188156, 41.202441647182091 ], [ -81.618728099249893, 41.202465644859963 ], [ -81.61825210093032, 41.202463644461524 ], [ -81.616643106859783, 41.202480643078161 ], [ -81.616086108856024, 41.202482642632944 ], [ -81.614259115523254, 41.202506641056885 ], [ -81.612952120264339, 41.202520639938363 ], [ -81.612720121049307, 41.202523639704523 ], [ -81.611441125783742, 41.20253063865195 ], [ -81.61138512596979, 41.202530638614611 ], [ -81.609661132247339, 41.202548637109054 ], [ -81.60878813541656, 41.202549636401443 ], [ -81.607086141604526, 41.202570634955258 ], [ -81.606536143687691, 41.202571634506477 ], [ -81.606458143893988, 41.202572634403566 ], [ -81.605945145789875, 41.202579633953889 ], [ -81.605244148405262, 41.202580633378098 ], [ -81.604588150779676, 41.202586632799154 ], [ -81.604402151437384, 41.202592632625269 ], [ -81.604175152296278, 41.202608632397535 ], [ -81.597741175754535, 41.202652627007708 ], [ -81.590441202630032, 41.202652621006145 ], [ -81.586641216539931, 41.202652617885754 ], [ -81.586542224864047, 41.196231631978357 ], [ -81.586741241765893, 41.182052663592671 ], [ -81.586753241732936, 41.181973663797955 ], [ -81.586818242159438, 41.181541664803625 ], [ -81.586839242226773, 41.181406665091949 ], [ -81.587078241776808, 41.181327665561675 ], [ -81.587253241370604, 41.181264665880207 ], [ -81.587619240644514, 41.181122666603223 ], [ -81.587924240029523, 41.180988667239482 ], [ -81.588490238941318, 41.180716668465848 ], [ -81.58875823846509, 41.180545669108966 ], [ -81.588979238152547, 41.180364669763023 ], [ -81.589151237916198, 41.18018167038818 ], [ -81.589237237813947, 41.180073670711259 ], [ -81.589474237796068, 41.179679671867902 ], [ -81.589689237752523, 41.179363672807135 ], [ -81.590023237485354, 41.178946674129527 ], [ -81.590110237489952, 41.178777674586719 ], [ -81.590300237483973, 41.178432675585761 ], [ -81.590347237512461, 41.178366675796887 ], [ -81.590414237379932, 41.178305675988099 ], [ -81.590477237282954, 41.178260676202044 ], [ -81.590574237128109, 41.17820367639284 ], [ -81.590697236983203, 41.1781556767137 ], [ -81.590818236707449, 41.178116676862345 ], [ -81.592083233960011, 41.177884678876573 ], [ -81.59233723348396, 41.17782767929274 ], [ -81.592469233281918, 41.177778679570494 ], [ -81.592587233067192, 41.17772867978951 ], [ -81.592702232839912, 41.177648680117876 ], [ -81.592782232840904, 41.177549680410841 ], [ -81.592859232909916, 41.177410680854621 ], [ -81.593023233305232, 41.176842682302414 ], [ -81.59311023364053, 41.176506683136722 ], [ -81.593285234158415, 41.175915684727748 ], [ -81.593439234758819, 41.175321686295092 ], [ -81.593471235015883, 41.175128686796768 ], [ -81.593481235345067, 41.174906687295845 ], [ -81.593490236447579, 41.174232688847411 ], [ -81.593509236888607, 41.173866689740748 ], [ -81.59354323703586, 41.173748690015081 ], [ -81.593605237089022, 41.173651690310649 ], [ -81.593672237037438, 41.173568690553061 ], [ -81.593756236894109, 41.173513690837865 ], [ -81.593860236793148, 41.173478691055806 ], [ -81.594028236426794, 41.173461691297653 ], [ -81.594633235085197, 41.173445692000058 ], [ -81.596101231994979, 41.173427693752721 ], [ -81.596454231234048, 41.173415694271149 ], [ -81.596611230981708, 41.173384694482834 ], [ -81.596761230656583, 41.173342694809811 ], [ -81.596879230520585, 41.173289695033169 ], [ -81.597012230388017, 41.173210695347798 ], [ -81.597199230253253, 41.173074695927028 ], [ -81.597551229930048, 41.172781697048109 ], [ -81.597739229857382, 41.172638697640565 ], [ -81.597869229719706, 41.172551697928817 ], [ -81.59800822948867, 41.172476698330328 ], [ -81.598148229371034, 41.172424698561287 ], [ -81.598255229164323, 41.172389698778325 ], [ -81.598359228929013, 41.172366698954903 ], [ -81.598580228584026, 41.172341699327482 ], [ -81.59944322691436, 41.172232700598734 ], [ -81.599747226361302, 41.172176701117195 ], [ -81.599962225163608, 41.172560700454625 ], [ -81.600053224753466, 41.172705700227077 ], [ -81.60020022394005, 41.172919699866277 ], [ -81.600337223295128, 41.173103699632833 ], [ -81.600673221764282, 41.173515698973446 ], [ -81.600865220990059, 41.173737698686772 ], [ -81.601054220138096, 41.173937698419685 ], [ -81.601873216738426, 41.174760697490434 ], [ -81.602029215985297, 41.174934697195027 ], [ -81.602140215415631, 41.175080696965054 ], [ -81.602214215005901, 41.175188696784609 ], [ -81.602419213922644, 41.175511696256734 ], [ -81.60248621352433, 41.175604696163688 ], [ -81.602565213139215, 41.175730695922375 ], [ -81.602604212863028, 41.175829695750622 ], [ -81.602594210653891, 41.176932693045785 ], [ -81.602586209721139, 41.177358691997064 ], [ -81.602585208895007, 41.177772691000456 ], [ -81.602580207778999, 41.178310689676771 ], [ -81.602549203940058, 41.180226685103428 ], [ -81.602542203337734, 41.180561684220258 ], [ -81.602508202989767, 41.180792683648491 ], [ -81.602468202825449, 41.180917683313659 ], [ -81.602426202701409, 41.181026682983614 ], [ -81.602278202545037, 41.18125368228381 ], [ -81.602195202567017, 41.181358681918226 ], [ -81.601895202716022, 41.181669680855784 ], [ -81.601745202724373, 41.181889680145048 ], [ -81.601681202613065, 41.182005679827832 ], [ -81.601615202474562, 41.182176679373548 ], [ -81.601567202248035, 41.182347678903987 ], [ -81.601552202133973, 41.182442678660827 ], [ -81.601542201457775, 41.182773677822006 ], [ -81.601571200071078, 41.183400676387144 ], [ -81.603484194986962, 41.183386678433344 ], [ -81.603927193831652, 41.183373678930202 ], [ -81.604437192440841, 41.183373679496952 ], [ -81.6050031910125, 41.183358680080339 ], [ -81.605194190493194, 41.183363680349373 ], [ -81.605383189867823, 41.183377680502488 ], [ -81.605576189326158, 41.183408680609631 ], [ -81.605756188710032, 41.183452680666122 ], [ -81.605856188370552, 41.183494680704101 ], [ -81.605957187961067, 41.183559680626779 ], [ -81.606084187422567, 41.183651680518629 ], [ -81.606219186741541, 41.18377068036537 ], [ -81.606334186233667, 41.183890680186629 ], [ -81.606393185822654, 41.183984680020302 ], [ -81.60643318553484, 41.184067679903762 ], [ -81.606454185378922, 41.184128679792025 ], [ -81.606469185046606, 41.184254679450007 ], [ -81.606473184850771, 41.184334679276702 ], [ -81.606453183715161, 41.184847677967085 ], [ -81.60644818310044, 41.185137677262389 ], [ -81.606431181084957, 41.18604467500748 ], [ -81.606427179522214, 41.186765673267047 ], [ -81.606401176329058, 41.188217669625153 ], [ -81.606754174970021, 41.188337669706819 ], [ -81.607002174016969, 41.188437669693151 ], [ -81.607350172723599, 41.188598669674413 ], [ -81.607777170960958, 41.188802669589421 ], [ -81.608224169165624, 41.189005669518316 ], [ -81.608323168757536, 41.189042669575592 ], [ -81.608449168248342, 41.189082669574553 ], [ -81.608579167759657, 41.189115669627981 ], [ -81.608739167255024, 41.189143669687901 ], [ -81.608847166951122, 41.189158669803199 ], [ -81.609057166316205, 41.189171669912788 ], [ -81.609266165635219, 41.189177670136864 ], [ -81.609475165036486, 41.189177670376893 ], [ -81.610822161006197, 41.189140671824788 ], [ -81.611060160362385, 41.189124672059613 ], [ -81.611258159884329, 41.189100672350762 ], [ -81.611442159358546, 41.189071672584873 ], [ -81.611529159152823, 41.189050672711247 ], [ -81.611767158633299, 41.188974673102358 ], [ -81.6119211583854, 41.188915673472501 ], [ -81.612032158122105, 41.188867673680662 ], [ -81.612487157347957, 41.188649674696912 ], [ -81.61272615695313, 41.188528675257423 ], [ -81.61327915596442, 41.188256676472179 ], [ -81.613340155863781, 41.188233676558916 ], [ -81.613417155733984, 41.188214676736443 ], [ -81.613484155528809, 41.188203676787921 ], [ -81.613551155388848, 41.188198676855073 ], [ -81.613649155111418, 41.188202676954937 ], [ -81.613755154700939, 41.188218677056348 ], [ -81.613858154382598, 41.188245677071329 ], [ -81.61395515401216, 41.188282677093177 ], [ -81.614193152919782, 41.188403677019103 ], [ -81.614576151203735, 41.188628676781811 ], [ -81.614814150111329, 41.18876267674672 ], [ -81.615090149003237, 41.188906676580217 ], [ -81.615160148722055, 41.188936676623904 ], [ -81.615261148303702, 41.188972676638755 ], [ -81.615324148035597, 41.18899267659517 ], [ -81.615420147719604, 41.189016676682435 ], [ -81.615517147372131, 41.189035676750066 ], [ -81.615616146954522, 41.189049676765116 ], [ -81.615776146476463, 41.189059676880902 ], [ -81.616349144791286, 41.189060677497196 ], [ -81.617365141710778, 41.189058678518123 ], [ -81.61923813619299, 41.18905368035594 ], [ -81.619645134970369, 41.189049680800927 ], [ -81.620553132274807, 41.189040681707162 ], [ -81.62540611799075, 41.189013686632691 ], [ -81.625821116670764, 41.189008687061957 ], [ -81.626161115780519, 41.189004687403781 ], [ -81.627949110387078, 41.188993689207287 ], [ -81.628792107982264, 41.188993690061288 ], [ -81.63184309888733, 41.188972693103402 ], [ -81.63189309879516, 41.188972693160906 ], [ -81.632857095929893, 41.188960694173645 ], [ -81.633280094647475, 41.188956694618746 ], [ -81.635536088049747, 41.188938696902355 ], [ -81.636382085596807, 41.188935697723927 ], [ -81.636380089187668, 41.187966700527731 ], [ -81.636397090686131, 41.18757570161015 ], [ -81.636397093031661, 41.186937703405967 ], [ -81.636419097325089, 41.18579670664792 ], [ -81.636427100122205, 41.185049708760801 ], [ -81.636562099694686, 41.185045708947548 ], [ -81.636636099550643, 41.185047708983831 ], [ -81.636752099133048, 41.185046709104284 ], [ -81.636941098684289, 41.185033709395462 ], [ -81.637001098519008, 41.185030709424147 ], [ -81.637117098264042, 41.185021709553624 ], [ -81.637227097973877, 41.185012709705141 ], [ -81.637342097653985, 41.185004709880836 ], [ -81.637405097527363, 41.184997709995571 ], [ -81.637472097425842, 41.184987710022732 ], [ -81.637543097303464, 41.184976710153954 ], [ -81.637675097003935, 41.184958710381764 ], [ -81.637797096641521, 41.18494171049322 ], [ -81.637929096317251, 41.184928710700859 ], [ -81.6380670959837, 41.184916710899657 ], [ -81.638133095879155, 41.184908710966326 ], [ -81.63826209562572, 41.184892711127745 ], [ -81.638332095375731, 41.184886711271375 ], [ -81.638399095213543, 41.184884711282983 ], [ -81.638465095029204, 41.1848917113414 ], [ -81.638529094817216, 41.184905711389426 ], [ -81.638586094567884, 41.184931711410051 ], [ -81.638637094242171, 41.184959711362694 ], [ -81.638689094056502, 41.184990711313198 ], [ -81.638739093779805, 41.185022711306978 ], [ -81.638785093566241, 41.18505371125071 ], [ -81.638830093235953, 41.185084711228463 ], [ -81.638914092844118, 41.185137711139156 ], [ -81.638978092522223, 41.1851787110459 ], [ -81.639028092172012, 41.185210711003165 ], [ -81.639036092241867, 41.185215711023133 ], [ -81.639098091898887, 41.185251710970036 ], [ -81.63915209165576, 41.185282710961118 ], [ -81.639270090932001, 41.185358710886227 ], [ -81.6393310906723, 41.185399710851698 ], [ -81.639393090316133, 41.185442710746017 ], [ -81.63945908994441, 41.185486710700971 ], [ -81.63958808924815, 41.185573710617568 ], [ -81.639650088941025, 41.185617710515444 ], [ -81.639769088248116, 41.185704710367041 ], [ -81.63982808791387, 41.185748710348328 ], [ -81.639889087481464, 41.185793710230953 ], [ -81.640167086045224, 41.185980709992435 ], [ -81.64024608555998, 41.186027709995706 ], [ -81.640321085152081, 41.186072709915862 ], [ -81.640394084871303, 41.186113709881809 ], [ -81.64046808441509, 41.18615370986209 ], [ -81.640548084136086, 41.186190709770699 ], [ -81.640618083780652, 41.18622570974177 ], [ -81.64068608341185, 41.186259709752484 ], [ -81.640754083109286, 41.186289709687216 ], [ -81.640819082808591, 41.186319709699411 ], [ -81.640880082552655, 41.186345709738568 ], [ -81.640935082295414, 41.186368709645521 ], [ -81.641028081856021, 41.186412709671906 ], [ -81.641204081628132, 41.18635171004199 ], [ -81.641304081473422, 41.186311710219748 ], [ -81.641365081311704, 41.186293710335761 ], [ -81.641419081272204, 41.186270710491378 ], [ -81.641472081207269, 41.186243710571574 ], [ -81.641526081175698, 41.186215710768117 ], [ -81.641579081174854, 41.186186710871112 ], [ -81.641635081134211, 41.186160710972302 ], [ -81.641699081077434, 41.18613971115056 ], [ -81.641773080872454, 41.186124711292031 ], [ -81.641853080719812, 41.18612071132813 ], [ -81.641936080402331, 41.186124711413186 ], [ -81.642023080088251, 41.186140711495071 ], [ -81.642106079790324, 41.186160711507867 ], [ -81.642184079433719, 41.186188711486714 ], [ -81.642251079147798, 41.186227711462429 ], [ -81.642308078783316, 41.186274711391306 ], [ -81.642358078410481, 41.18632771129235 ], [ -81.642399078042757, 41.186381711161779 ], [ -81.642434077749698, 41.186429711012984 ], [ -81.642469077522975, 41.18647271094428 ], [ -81.642548076977221, 41.18653971088613 ], [ -81.642591076685235, 41.186577710736806 ], [ -81.642689076186429, 41.186629710685381 ], [ -81.642779075793769, 41.186680710646044 ], [ -81.642862075338201, 41.186738710620794 ], [ -81.642919074885896, 41.186810710413305 ], [ -81.642946074557997, 41.186862710298826 ], [ -81.64298307404907, 41.18694571015061 ], [ -81.643039073697722, 41.18701370993373 ], [ -81.643090073425867, 41.18704070991604 ], [ -81.643187072912227, 41.187097709882146 ], [ -81.643234072640908, 41.187129709797169 ], [ -81.643289072304611, 41.187151709782121 ], [ -81.643352072036123, 41.187177709764853 ], [ -81.643411071834919, 41.187199709775456 ], [ -81.643475071521763, 41.18722770979619 ], [ -81.64353307117517, 41.187255709798421 ], [ -81.643597070935485, 41.187289709711692 ], [ -81.643651070547946, 41.187327709663059 ], [ -81.643695070242956, 41.187369709575073 ], [ -81.643722069962195, 41.187423709469122 ], [ -81.643764069748755, 41.187459709401331 ], [ -81.643803069471844, 41.187502709348315 ], [ -81.643838069151457, 41.187544709250389 ], [ -81.643873068857573, 41.187585709177874 ], [ -81.643889068647724, 41.187639709003037 ], [ -81.643893068386262, 41.187696708878242 ], [ -81.643896068135092, 41.187745708691011 ], [ -81.64389506776692, 41.187836708432421 ], [ -81.643896067558245, 41.187883708328933 ], [ -81.643899067130434, 41.187978707988073 ], [ -81.643896066961048, 41.188026707870591 ], [ -81.643896066828049, 41.188075707697848 ], [ -81.643889066641407, 41.188122707549979 ], [ -81.643877066443579, 41.188167707413918 ], [ -81.643858066342133, 41.188213707279012 ], [ -81.643830066242984, 41.18825970709981 ], [ -81.643795066069899, 41.18830570694999 ], [ -81.643737066107775, 41.188349706789992 ], [ -81.643693066131064, 41.18838470660198 ], [ -81.643616065997563, 41.188447706394172 ], [ -81.643574066030311, 41.188487706239876 ], [ -81.643542065930788, 41.188531706075224 ], [ -81.64352406581169, 41.188576705916759 ], [ -81.643513065482182, 41.188664705599969 ], [ -81.643514065172013, 41.188731705480031 ], [ -81.643513064868543, 41.18880470523424 ], [ -81.643495064763499, 41.188848705105976 ], [ -81.643468064595069, 41.188912704891315 ], [ -81.644897060285842, 41.188908706324419 ], [ -81.645239059296429, 41.188904706612206 ], [ -81.645868057470949, 41.188906707309833 ], [ -81.646022056976037, 41.188905707465331 ], [ -81.646919054339492, 41.188903708311919 ], [ -81.647242053375351, 41.188898708704393 ], [ -81.647537052520136, 41.188894708940545 ], [ -81.6491530477673, 41.18888671060401 ], [ -81.651472040873614, 41.188883712964959 ], [ -81.652322038330325, 41.188884713804342 ], [ -81.652917036677493, 41.188881714362175 ], [ -81.653348028995907, 41.190246710675126 ], [ -81.652547026379366, 41.191348706553342 ], [ -81.65274701880459, 41.192848702206824 ], [ -81.651447020217674, 41.193449699100633 ], [ -81.651246008649196, 41.19615169075454 ], [ -81.650746005338831, 41.197251686991301 ], [ -81.651046003904014, 41.197351687010119 ], [ -81.651045997609103, 41.198752682773623 ], [ -81.652345990269538, 41.199352682067534 ], [ -81.653249975018554, 41.201958674977803 ] ] ] } },
{ "type": "Feature", "properties": { "UNIQUE_ID": "Summit-:-BATH TWP C (ARE)", "PRECNAME": "BATH TWP C", "PRECCODE": "ARE", "COUNTYFP": "153", "County": "Summit", "SLDL_DIST": "031", "total_pop": 1258, "age_under18": 262, "age_18_34": 171, "age_35_64": 592, "age_65plus": 233, "pop_hispanic": 41, "pop_white": 1124, "pop_black": 4, "pop_asian": 10, "pct_hispanic": 3.4, "pct_white": 92.4, "pct_black": 0.3, "pct_asian": 0.8, "pct_native": 0.2, "pct_multi": 0.0, "med_hh_income": 161659.0, "pct_bachelors_plus": 69.238065027755752, "pct_no_hs_diploma": 2.0455194290245839, "pct_some_college": 18.652735923869944 }, "geometry": { "type": "Polygon", "coordinates": [ [ [ -81.636583131710097, 41.17656673300305 ], [ -81.636570130344992, 41.176951731858964 ], [ -81.636744129853312, 41.176951732077825 ], [ -81.639945111649482, 41.179650727952854 ], [ -81.639745108266041, 41.180650724852754 ], [ -81.645146078874475, 41.184348719908769 ], [ -81.645946071987723, 41.185448717513971 ], [ -81.647147068109604, 41.185548718508159 ], [ -81.652548041086206, 41.188146716266438 ], [ -81.652917036677493, 41.188881714362175 ], [ -81.652322038330325, 41.188884713804342 ], [ -81.651472040873614, 41.188883712964959 ], [ -81.6491530477673, 41.18888671060401 ], [ -81.647537052520136, 41.188894708940545 ], [ -81.647242053375351, 41.188898708704393 ], [ -81.646919054339492, 41.188903708311919 ], [ -81.646022056976037, 41.188905707465331 ], [ -81.645868057470949, 41.188906707309833 ], [ -81.645239059296429, 41.188904706612206 ], [ -81.644897060285842, 41.188908706324419 ], [ -81.643468064595069, 41.188912704891315 ], [ -81.643495064763499, 41.188848705105976 ], [ -81.643513064868543, 41.18880470523424 ], [ -81.643514065172013, 41.188731705480031 ], [ -81.643513065482182, 41.188664705599969 ], [ -81.64352406581169, 41.188576705916759 ], [ -81.643542065930788, 41.188531706075224 ], [ -81.643574066030311, 41.188487706239876 ], [ -81.643616065997563, 41.188447706394172 ], [ -81.643693066131064, 41.18838470660198 ], [ -81.643737066107775, 41.188349706789992 ], [ -81.643795066069899, 41.18830570694999 ], [ -81.643830066242984, 41.18825970709981 ], [ -81.643858066342133, 41.188213707279012 ], [ -81.643877066443579, 41.188167707413918 ], [ -81.643889066641407, 41.188122707549979 ], [ -81.643896066828049, 41.188075707697848 ], [ -81.643896066961048, 41.188026707870591 ], [ -81.643899067130434, 41.187978707988073 ], [ -81.643896067558245, 41.187883708328933 ], [ -81.64389506776692, 41.187836708432421 ], [ -81.643896068135092, 41.187745708691011 ], [ -81.643893068386262, 41.187696708878242 ], [ -81.643889068647724, 41.187639709003037 ], [ -81.643873068857573, 41.187585709177874 ], [ -81.643838069151457, 41.187544709250389 ], [ -81.643803069471844, 41.187502709348315 ], [ -81.643764069748755, 41.187459709401331 ], [ -81.643722069962195, 41.187423709469122 ], [ -81.643695070242956, 41.187369709575073 ], [ -81.643651070547946, 41.187327709663059 ], [ -81.643597070935485, 41.187289709711692 ], [ -81.64353307117517, 41.187255709798421 ], [ -81.643475071521763, 41.18722770979619 ], [ -81.643411071834919, 41.187199709775456 ], [ -81.643352072036123, 41.187177709764853 ], [ -81.643289072304611, 41.187151709782121 ], [ -81.643234072640908, 41.187129709797169 ], [ -81.643187072912227, 41.187097709882146 ], [ -81.643090073425867, 41.18704070991604 ], [ -81.643039073697722, 41.18701370993373 ], [ -81.64298307404907, 41.18694571015061 ], [ -81.642946074557997, 41.186862710298826 ], [ -81.642919074885896, 41.186810710413305 ], [ -81.642862075338201, 41.186738710620794 ], [ -81.642779075793769, 41.186680710646044 ], [ -81.642689076186429, 41.186629710685381 ], [ -81.642591076685235, 41.186577710736806 ], [ -81.642548076977221, 41.18653971088613 ], [ -81.642469077522975, 41.18647271094428 ], [ -81.642434077749698, 41.186429711012984 ], [ -81.642399078042757, 41.186381711161779 ], [ -81.642358078410481, 41.18632771129235 ], [ -81.642308078783316, 41.186274711391306 ], [ -81.642251079147798, 41.186227711462429 ], [ -81.642184079433719, 41.186188711486714 ], [ -81.642106079790324, 41.186160711507867 ], [ -81.642023080088251, 41.186140711495071 ], [ -81.641936080402331, 41.186124711413186 ], [ -81.641853080719812, 41.18612071132813 ], [ -81.641773080872454, 41.186124711292031 ], [ -81.641699081077434, 41.18613971115056 ], [ -81.641635081134211, 41.186160710972302 ], [ -81.641579081174854, 41.186186710871112 ], [ -81.641526081175698, 41.186215710768117 ], [ -81.641472081207269, 41.186243710571574 ], [ -81.641419081272204, 41.186270710491378 ], [ -81.641365081311704, 41.186293710335761 ], [ -81.641304081473422, 41.186311710219748 ], [ -81.641204081628132, 41.18635171004199 ], [ -81.641028081856021, 41.186412709671906 ], [ -81.640935082295414, 41.186368709645521 ], [ -81.640880082552655, 41.186345709738568 ], [ -81.640819082808591, 41.186319709699411 ], [ -81.640754083109286, 41.186289709687216 ], [ -81.64068608341185, 41.186259709752484 ], [ -81.640618083780652, 41.18622570974177 ], [ -81.640548084136086, 41.186190709770699 ], [ -81.64046808441509, 41.18615370986209 ], [ -81.640394084871303, 41.186113709881809 ], [ -81.640321085152081, 41.186072709915862 ], [ -81.64024608555998, 41.186027709995706 ], [ -81.640167086045224, 41.185980709992435 ], [ -81.639889087481464, 41.185793710230953 ], [ -81.63982808791387, 41.185748710348328 ], [ -81.639769088248116, 41.185704710367041 ], [ -81.639650088941025, 41.185617710515444 ], [ -81.63958808924815, 41.185573710617568 ], [ -81.63945908994441, 41.185486710700971 ], [ -81.639393090316133, 41.185442710746017 ], [ -81.6393310906723, 41.185399710851698 ], [ -81.639270090932001, 41.185358710886227 ], [ -81.63915209165576, 41.185282710961118 ], [ -81.639098091898887, 41.185251710970036 ], [ -81.639036092241867, 41.185215711023133 ], [ -81.639028092172012, 41.185210711003165 ], [ -81.638978092522223, 41.1851787110459 ], [ -81.638914092844118, 41.185137711139156 ], [ -81.638830093235953, 41.185084711228463 ], [ -81.638785093566241, 41.18505371125071 ], [ -81.638739093779805, 41.185022711306978 ], [ -81.638689094056502, 41.184990711313198 ], [ -81.638637094242171, 41.184959711362694 ], [ -81.638586094567884, 41.184931711410051 ], [ -81.638529094817216, 41.184905711389426 ], [ -81.638465095029204, 41.1848917113414 ], [ -81.638399095213543, 41.184884711282983 ], [ -81.638332095375731, 41.184886711271375 ], [ -81.63826209562572, 41.184892711127745 ], [ -81.638133095879155, 41.184908710966326 ], [ -81.6380670959837, 41.184916710899657 ], [ -81.637929096317251, 41.184928710700859 ], [ -81.637797096641521, 41.18494171049322 ], [ -81.637675097003935, 41.184958710381764 ], [ -81.637543097303464, 41.184976710153954 ], [ -81.637472097425842, 41.184987710022732 ], [ -81.637405097527363, 41.184997709995571 ], [ -81.637342097653985, 41.185004709880836 ], [ -81.637227097973877, 41.185012709705141 ], [ -81.637117098264042, 41.185021709553624 ], [ -81.637001098519008, 41.185030709424147 ], [ -81.636941098684289, 41.185033709395462 ], [ -81.636752099133048, 41.185046709104284 ], [ -81.636636099550643, 41.185047708983831 ], [ -81.636562099694686, 41.185045708947548 ], [ -81.636427100122205, 41.185049708760801 ], [ -81.636419097325089, 41.18579670664792 ], [ -81.636397093031661, 41.186937703405967 ], [ -81.636397090686131, 41.18757570161015 ], [ -81.636380089187668, 41.187966700527731 ], [ -81.636382085596807, 41.188935697723927 ], [ -81.635536088049747, 41.188938696902355 ], [ -81.633280094647475, 41.188956694618746 ], [ -81.632857095929893, 41.188960694173645 ], [ -81.63189309879516, 41.188972693160906 ], [ -81.63184309888733, 41.188972693103402 ], [ -81.628792107982264, 41.188993690061288 ], [ -81.627949110387078, 41.188993689207287 ], [ -81.626161115780519, 41.189004687403781 ], [ -81.625821116670764, 41.189008687061957 ], [ -81.62540611799075, 41.189013686632691 ], [ -81.620553132274807, 41.189040681707162 ], [ -81.619645134970369, 41.189049680800927 ], [ -81.61923813619299, 41.18905368035594 ], [ -81.617365141710778, 41.189058678518123 ], [ -81.616349144791286, 41.189060677497196 ], [ -81.615776146476463, 41.189059676880902 ], [ -81.615616146954522, 41.189049676765116 ], [ -81.615517147372131, 41.189035676750066 ], [ -81.615420147719604, 41.189016676682435 ], [ -81.615324148035597, 41.18899267659517 ], [ -81.615261148303702, 41.188972676638755 ], [ -81.615160148722055, 41.188936676623904 ], [ -81.615090149003237, 41.188906676580217 ], [ -81.614814150111329, 41.18876267674672 ], [ -81.614576151203735, 41.188628676781811 ], [ -81.614193152919782, 41.188403677019103 ], [ -81.61395515401216, 41.188282677093177 ], [ -81.613858154382598, 41.188245677071329 ], [ -81.613755154700939, 41.188218677056348 ], [ -81.613649155111418, 41.188202676954937 ], [ -81.613551155388848, 41.188198676855073 ], [ -81.613484155528809, 41.188203676787921 ], [ -81.613417155733984, 41.188214676736443 ], [ -81.613340155863781, 41.188233676558916 ], [ -81.61327915596442, 41.188256676472179 ], [ -81.61272615695313, 41.188528675257423 ], [ -81.612487157347957, 41.188649674696912 ], [ -81.612032158122105, 41.188867673680662 ], [ -81.6119211583854, 41.188915673472501 ], [ -81.611767158633299, 41.188974673102358 ], [ -81.611529159152823, 41.189050672711247 ], [ -81.611442159358546, 41.189071672584873 ], [ -81.611258159884329, 41.189100672350762 ], [ -81.611060160362385, 41.189124672059613 ], [ -81.610822161006197, 41.189140671824788 ], [ -81.609475165036486, 41.189177670376893 ], [ -81.609266165635219, 41.189177670136864 ], [ -81.609057166316205, 41.189171669912788 ], [ -81.608847166951122, 41.189158669803199 ], [ -81.608739167255024, 41.189143669687901 ], [ -81.608579167759657, 41.189115669627981 ], [ -81.608449168248342, 41.189082669574553 ], [ -81.608323168757536, 41.189042669575592 ], [ -81.608224169165624, 41.189005669518316 ], [ -81.607777170960958, 41.188802669589421 ], [ -81.607350172723599, 41.188598669674413 ], [ -81.607002174016969, 41.188437669693151 ], [ -81.606754174970021, 41.188337669706819 ], [ -81.606401176329058, 41.188217669625153 ], [ -81.606427179522214, 41.186765673267047 ], [ -81.606431181084957, 41.18604467500748 ], [ -81.60644818310044, 41.185137677262389 ], [ -81.606453183715161, 41.184847677967085 ], [ -81.606473184850771, 41.184334679276702 ], [ -81.606469185046606, 41.184254679450007 ], [ -81.606454185378922, 41.184128679792025 ], [ -81.60643318553484, 41.184067679903762 ], [ -81.606393185822654, 41.183984680020302 ], [ -81.606334186233667, 41.183890680186629 ], [ -81.606219186741541, 41.18377068036537 ], [ -81.606084187422567, 41.183651680518629 ], [ -81.605957187961067, 41.183559680626779 ], [ -81.605856188370552, 41.183494680704101 ], [ -81.605756188710032, 41.183452680666122 ], [ -81.605576189326158, 41.183408680609631 ], [ -81.605383189867823, 41.183377680502488 ], [ -81.605194190493194, 41.183363680349373 ], [ -81.6050031910125, 41.183358680080339 ], [ -81.604437192440841, 41.183373679496952 ], [ -81.603927193831652, 41.183373678930202 ], [ -81.603484194986962, 41.183386678433344 ], [ -81.601571200071078, 41.183400676387144 ], [ -81.601542201457775, 41.182773677822006 ], [ -81.601552202133973, 41.182442678660827 ], [ -81.601567202248035, 41.182347678903987 ], [ -81.601615202474562, 41.182176679373548 ], [ -81.601681202613065, 41.182005679827832 ], [ -81.601745202724373, 41.181889680145048 ], [ -81.601895202716022, 41.181669680855784 ], [ -81.602195202567017, 41.181358681918226 ], [ -81.602278202545037, 41.18125368228381 ], [ -81.602426202701409, 41.181026682983614 ], [ -81.602468202825449, 41.180917683313659 ], [ -81.602508202989767, 41.180792683648491 ], [ -81.602542203337734, 41.180561684220258 ], [ -81.602549203940058, 41.180226685103428 ], [ -81.602580207778999, 41.178310689676771 ], [ -81.602585208895007, 41.177772691000456 ], [ -81.602586209721139, 41.177358691997064 ], [ -81.602594210653891, 41.176932693045785 ], [ -81.602604212863028, 41.175829695750622 ], [ -81.602565213139215, 41.175730695922375 ], [ -81.60248621352433, 41.175604696163688 ], [ -81.602419213922644, 41.175511696256734 ], [ -81.602214215005901, 41.175188696784609 ], [ -81.602140215415631, 41.175080696965054 ], [ -81.602029215985297, 41.174934697195027 ], [ -81.601873216738426, 41.174760697490434 ], [ -81.601054220138096, 41.173937698419685 ], [ -81.600865220990059, 41.173737698686772 ], [ -81.600673221764282, 41.173515698973446 ], [ -81.600337223295128, 41.173103699632833 ], [ -81.60020022394005, 41.172919699866277 ], [ -81.600053224753466, 41.172705700227077 ], [ -81.599962225163608, 41.172560700454625 ], [ -81.599747226361302, 41.172176701117195 ], [ -81.59944322691436, 41.172232700598734 ], [ -81.598580228584026, 41.172341699327482 ], [ -81.598359228929013, 41.172366698954903 ], [ -81.598255229164323, 41.172389698778325 ], [ -81.598148229371034, 41.172424698561287 ], [ -81.59800822948867, 41.172476698330328 ], [ -81.597869229719706, 41.172551697928817 ], [ -81.597739229857382, 41.172638697640565 ], [ -81.597551229930048, 41.172781697048109 ], [ -81.597199230253253, 41.173074695927028 ], [ -81.597012230388017, 41.173210695347798 ], [ -81.596879230520585, 41.173289695033169 ], [ -81.596761230656583, 41.173342694809811 ], [ -81.596611230981708, 41.173384694482834 ], [ -81.596454231234048, 41.173415694271149 ], [ -81.596101231994979, 41.173427693752721 ], [ -81.594633235085197, 41.173445692000058 ], [ -81.594028236426794, 41.173461691297653 ], [ -81.593860236793148, 41.173478691055806 ], [ -81.593756236894109, 41.173513690837865 ], [ -81.593672237037438, 41.173568690553061 ], [ -81.593605237089022, 41.173651690310649 ], [ -81.59354323703586, 41.173748690015081 ], [ -81.593509236888607, 41.173866689740748 ], [ -81.593490236447579, 41.174232688847411 ], [ -81.593481235345067, 41.174906687295845 ], [ -81.593471235015883, 41.175128686796768 ], [ -81.593439234758819, 41.175321686295092 ], [ -81.593285234158415, 41.175915684727748 ], [ -81.59311023364053, 41.176506683136722 ], [ -81.593023233305232, 41.176842682302414 ], [ -81.592859232909916, 41.177410680854621 ], [ -81.592782232840904, 41.177549680410841 ], [ -81.592702232839912, 41.177648680117876 ], [ -81.592587233067192, 41.17772867978951 ], [ -81.592469233281918, 41.177778679570494 ], [ -81.59233723348396, 41.17782767929274 ], [ -81.592083233960011, 41.177884678876573 ], [ -81.590818236707449, 41.178116676862345 ], [ -81.590697236983203, 41.1781556767137 ], [ -81.590574237128109, 41.17820367639284 ], [ -81.590477237282954, 41.178260676202044 ], [ -81.590414237379932, 41.178305675988099 ], [ -81.590347237512461, 41.178366675796887 ], [ -81.590300237483973, 41.178432675585761 ], [ -81.590110237489952, 41.178777674586719 ], [ -81.590023237485354, 41.178946674129527 ], [ -81.589689237752523, 41.179363672807135 ], [ -81.589474237796068, 41.179679671867902 ], [ -81.589237237813947, 41.180073670711259 ], [ -81.589151237916198, 41.18018167038818 ], [ -81.588979238152547, 41.180364669763023 ], [ -81.58875823846509, 41.180545669108966 ], [ -81.588490238941318, 41.180716668465848 ], [ -81.587924240029523, 41.180988667239482 ], [ -81.587619240644514, 41.181122666603223 ], [ -81.587253241370604, 41.181264665880207 ], [ -81.587078241776808, 41.181327665561675 ], [ -81.586839242226773, 41.181406665091949 ], [ -81.586893247993032, 41.17665467567187 ], [ -81.586929251991847, 41.173452682836654 ], [ -81.587051264359715, 41.163393705283852 ], [ -81.587141264787505, 41.162852706630915 ], [ -81.587196267217053, 41.160872711115829 ], [ -81.58762526659919, 41.160898711637493 ], [ -81.587867266127958, 41.160926711917099 ], [ -81.588027265876931, 41.160950712038677 ], [ -81.588272265447358, 41.161000712233367 ], [ -81.588433265162294, 41.161040712409374 ], [ -81.589096263782707, 41.161237712811584 ], [ -81.589646262724543, 41.16141371321266 ], [ -81.589919262129357, 41.161507713295777 ], [ -81.590045261887752, 41.161559713356127 ], [ -81.59016726156014, 41.161615713382467 ], [ -81.590405261092855, 41.161746713398365 ], [ -81.590631260496011, 41.161873713411424 ], [ -81.590849260053687, 41.161978713524654 ], [ -81.590903259891462, 41.161999713490133 ], [ -81.591017259658429, 41.162034713580589 ], [ -81.591134259465804, 41.162064713718934 ], [ -81.59129625915088, 41.16209471388256 ], [ -81.591398258931804, 41.16210871395927 ], [ -81.591502258784615, 41.162116714038518 ], [ -81.591607258565475, 41.162119714176647 ], [ -81.59183125823256, 41.162118714510996 ], [ -81.592095257822606, 41.16210471485072 ], [ -81.592641256953996, 41.162062715668114 ], [ -81.593591255548347, 41.162003717126588 ], [ -81.593831255232843, 41.161975717434181 ], [ -81.594098254875476, 41.1619287179225 ], [ -81.594229254749735, 41.161890718217855 ], [ -81.594358254569741, 41.161844718482321 ], [ -81.594508254534674, 41.161778718836047 ], [ -81.594976254073075, 41.161566719952567 ], [ -81.595103253932336, 41.161513720199757 ], [ -81.595234253806382, 41.161466720529695 ], [ -81.595436253599232, 41.161404720966871 ], [ -81.595847253096125, 41.161313721655098 ], [ -81.596331252558258, 41.161212722595494 ], [ -81.596586252287281, 41.161146723098234 ], [ -81.596840252046675, 41.161070723571392 ], [ -81.596941251964807, 41.16103772383866 ], [ -81.597144251749341, 41.160970724268871 ], [ -81.597798251209525, 41.160728725700281 ], [ -81.598087250930135, 41.160625726271491 ], [ -81.598471250530778, 41.1604807272127 ], [ -81.598738250421377, 41.160357727838047 ], [ -81.599017250113249, 41.160271728439639 ], [ -81.599348249766294, 41.160200729019962 ], [ -81.59963524945573, 41.160150729531217 ], [ -81.599860249129691, 41.160126729848642 ], [ -81.599951249017209, 41.160123729990168 ], [ -81.600250252389245, 41.15811573522636 ], [ -81.602849250481754, 41.157306740700491 ], [ -81.604448247864198, 41.157501742457782 ], [ -81.605448246686606, 41.15739874410415 ], [ -81.605347241880565, 41.159689738346998 ], [ -81.606746239731194, 41.15968474025933 ], [ -81.607546240704025, 41.158780743644414 ], [ -81.607662240488011, 41.158789743734808 ], [ -81.607758240361093, 41.158793743907395 ], [ -81.607819240257925, 41.158807743907616 ], [ -81.607867240063001, 41.158852743881376 ], [ -81.607910239844756, 41.158932743746917 ], [ -81.607923239806098, 41.158910743821401 ], [ -81.608064240317731, 41.158588744752571 ], [ -81.608183240683914, 41.158357745555904 ], [ -81.60829024105567, 41.158175746128499 ], [ -81.608695241672436, 41.157640748015112 ], [ -81.60880224190241, 41.157512748521384 ], [ -81.60893424192632, 41.157389748940503 ], [ -81.609115242073642, 41.157230749631772 ], [ -81.609336242271354, 41.157049750346076 ], [ -81.609576242476606, 41.156831751286163 ], [ -81.609755242645861, 41.156658751971584 ], [ -81.609834242678645, 41.156582752217815 ], [ -81.610006242902244, 41.156406752906413 ], [ -81.610176243067826, 41.156222753632278 ], [ -81.610374243397089, 41.156025754396886 ], [ -81.610476243414439, 41.155939754767374 ], [ -81.610580243453526, 41.155866755041679 ], [ -81.610692243491485, 41.155801755353593 ], [ -81.610812243439241, 41.155743755710674 ], [ -81.61093724344326, 41.155693756024839 ], [ -81.611042243345068, 41.155659756245342 ], [ -81.611316243201031, 41.155583756777723 ], [ -81.611541243034026, 41.155532757263742 ], [ -81.611613243047813, 41.155517757372721 ], [ -81.611921242725884, 41.155461758007228 ], [ -81.612205242479916, 41.155415758514714 ], [ -81.612499242208983, 41.155374759044889 ], [ -81.612737241973278, 41.155360759374737 ], [ -81.612938241743905, 41.15535675970078 ], [ -81.613099241555773, 41.155374759877823 ], [ -81.613256241209442, 41.15539376001783 ], [ -81.613465240906436, 41.155439760180258 ], [ -81.615050237413826, 41.155974761059298 ], [ -81.615453236568314, 41.156100761345684 ], [ -81.615512236436487, 41.156119761328057 ], [ -81.615701236109103, 41.156166761480812 ], [ -81.61663323440419, 41.156348762311261 ], [ -81.617260233165112, 41.156464762904136 ], [ -81.617935232023527, 41.156580763542465 ], [ -81.618361231269958, 41.156641764007567 ], [ -81.618818230457393, 41.156699764446472 ], [ -81.619268229791558, 41.156736765044023 ], [ -81.619649229232749, 41.156757765446216 ], [ -81.619613228642464, 41.156963764892573 ], [ -81.619560228328098, 41.157101764433939 ], [ -81.619484228117543, 41.157214764014732 ], [ -81.619401227960893, 41.157306763726787 ], [ -81.619303227801808, 41.15739076338204 ], [ -81.619146227739563, 41.157478762903239 ], [ -81.618792227757396, 41.157667761945703 ], [ -81.617892227632581, 41.158133759419982 ], [ -81.617425227575396, 41.158375758174898 ], [ -81.617155227662096, 41.158490757529442 ], [ -81.617029227755964, 41.158523757210354 ], [ -81.616899227855328, 41.158544757017687 ], [ -81.616747228055075, 41.158554756812421 ], [ -81.61657622840589, 41.158545756549131 ], [ -81.616446228592167, 41.158524756419553 ], [ -81.616385228685118, 41.158510756396403 ], [ -81.616214229128289, 41.158457756320459 ], [ -81.616009229552873, 41.158409756162982 ], [ -81.615867229732544, 41.158389756017343 ], [ -81.615672230132134, 41.158381755777796 ], [ -81.615507230241434, 41.158391755501931 ], [ -81.615365230482993, 41.158411755216719 ], [ -81.615204230527382, 41.158449754975464 ], [ -81.615107230658012, 41.158480754732039 ], [ -81.614917230668453, 41.158562754280972 ], [ -81.615026230059144, 41.158730753932282 ], [ -81.615976225164331, 41.160019751961705 ], [ -81.616046224757341, 41.160159751669539 ], [ -81.61607722444279, 41.160249751515536 ], [ -81.616122223967281, 41.160376751251455 ], [ -81.616151223471519, 41.160546750811754 ], [ -81.616158222970952, 41.16071675040385 ], [ -81.616142222273922, 41.160992749638204 ], [ -81.61611122204404, 41.161098749374013 ], [ -81.616059221785633, 41.161204749001428 ], [ -81.615978221597729, 41.16131474863171 ], [ -81.615887221525696, 41.161403748283519 ], [ -81.615813221529223, 41.161460748056733 ], [ -81.615684221512012, 41.161538747648059 ], [ -81.615629221532018, 41.161564747511029 ], [ -81.615497221578607, 41.161610747174528 ], [ -81.615350221716554, 41.16164574690675 ], [ -81.615176221949426, 41.161669746604694 ], [ -81.61511222200113, 41.161673746514808 ], [ -81.614037223701018, 41.161680745115873 ], [ -81.614123222935618, 41.161930744589675 ], [ -81.614181222239409, 41.162171744043739 ], [ -81.614222221483246, 41.162402743447814 ], [ -81.614251220906041, 41.162600743003317 ], [ -81.614363218224923, 41.163539740744092 ], [ -81.614530218005655, 41.163548740922948 ], [ -81.61480021740806, 41.16358474120144 ], [ -81.614938217155071, 41.163614741325908 ], [ -81.615093216720197, 41.16366474139069 ], [ -81.615218216356169, 41.163717741411631 ], [ -81.615389215838206, 41.163809741390054 ], [ -81.615538215354533, 41.163914741347796 ], [ -81.615597215002268, 41.163968741310264 ], [ -81.615681214719885, 41.164051741179016 ], [ -81.61575021429303, 41.164140740994029 ], [ -81.615810213884245, 41.164249740866246 ], [ -81.615849213485092, 41.164364740558938 ], [ -81.615885212898249, 41.164589740072735 ], [ -81.615893211820094, 41.164965739084856 ], [ -81.617535209606345, 41.164729741862189 ], [ -81.617619209503701, 41.164717741983104 ], [ -81.617829209269146, 41.164683742370229 ], [ -81.618866207898265, 41.164538744020831 ], [ -81.61900120767784, 41.164508744329034 ], [ -81.619130207576234, 41.164468744620855 ], [ -81.619253207545214, 41.164418744826499 ], [ -81.619501207429039, 41.164301745528739 ], [ -81.61961020735373, 41.164264745740262 ], [ -81.619701207279618, 41.164240745894091 ], [ -81.619792207115893, 41.164233746064717 ], [ -81.619922206959643, 41.164231746262679 ], [ -81.620377206114128, 41.164245746752805 ], [ -81.620919205201716, 41.164251747490226 ], [ -81.621655203869281, 41.164240748488062 ], [ -81.621912203588735, 41.164221748868258 ], [ -81.622072203328571, 41.164205749135974 ], [ -81.622262203078506, 41.16417374940594 ], [ -81.622446202972512, 41.16412574977884 ], [ -81.622670202833689, 41.164046750266046 ], [ -81.622837202688515, 41.163969750690065 ], [ -81.62303020274544, 41.163851751258726 ], [ -81.623215202903268, 41.163724751837215 ], [ -81.623372202883544, 41.163610752361691 ], [ -81.623592203056134, 41.163467753030965 ], [ -81.623727202977335, 41.163391753410011 ], [ -81.623788203029164, 41.163371753577678 ], [ -81.623850202926235, 41.16335075373425 ], [ -81.62399120270922, 41.163341753943016 ], [ -81.624193202466515, 41.163337754217309 ], [ -81.624497201861772, 41.163340754562711 ], [ -81.624723201496906, 41.16335375484578 ], [ -81.625071200748195, 41.163386755207178 ], [ -81.625934199061831, 41.163492756051944 ], [ -81.625872190655812, 41.166114748897002 ], [ -81.62585318616496, 41.16750974511433 ], [ -81.625821181187803, 41.169050740895308 ], [ -81.626237180452421, 41.169047741455103 ], [ -81.626426180030734, 41.169046741622097 ], [ -81.62773417750843, 41.169034743327202 ], [ -81.62800117708062, 41.169033743653841 ], [ -81.628635175773752, 41.169033744412268 ], [ -81.629586173877883, 41.169032745659294 ], [ -81.6300941729491, 41.169033746288669 ], [ -81.630311172555039, 41.169034746545336 ], [ -81.631092171014771, 41.169020747527021 ], [ -81.631766169766664, 41.16900874836719 ], [ -81.634240164911134, 41.169006751505265 ], [ -81.634382164566674, 41.169006751645476 ], [ -81.635563162351261, 41.168996753143077 ], [ -81.63657116040946, 41.168988754429179 ], [ -81.636839159927547, 41.168989754796911 ], [ -81.636849157186816, 41.169686752749094 ], [ -81.636843155841831, 41.170058751738445 ], [ -81.636884151152685, 41.171257748340594 ], [ -81.636881149643244, 41.171668747167729 ], [ -81.63684914768541, 41.172203745674111 ], [ -81.636778144433038, 41.173081743039255 ], [ -81.63670914099238, 41.174055740232205 ], [ -81.636644138240499, 41.174796738026984 ], [ -81.636590135577052, 41.17555073588295 ], [ -81.636583131710097, 41.17656673300305 ] ] ] } },
{ "type": "Feature", "properties": { "UNIQUE_ID": "Summit-:-BATH TWP D (ARH)", "PRECNAME": "BATH TWP D", "PRECCODE": "ARH", "COUNTYFP": "153", "County": "Summit", "SLDL_DIST": "031", "total_pop": 1533, "age_under18": 319, "age_18_34": 181, "age_35_64": 666, "age_65plus": 367, "pop_hispanic": 7, "pop_white": 1576, "pop_black": 0, "pop_asian": 65, "pct_hispanic": 0.4, "pct_white": 96.6, "pct_black": 0.0, "pct_asian": 4.0, "pct_native": 0.0, "pct_multi": 0.0, "med_hh_income": 169713.0, "pct_bachelors_plus": 80.0, "pct_no_hs_diploma": 0.0, "pct_some_college": 12.8 }, "geometry": { "type": "Polygon", "coordinates": [ [ [ -81.686779205910753, 41.146333894995486 ], [ -81.686747595399154, 41.147864855350051 ], [ -81.686723188745916, 41.149046885602893 ], [ -81.686684179857735, 41.150455880672233 ], [ -81.686669176351131, 41.15100387877601 ], [ -81.686663175117786, 41.151201878056355 ], [ -81.686637170043952, 41.152010875233621 ], [ -81.686627168009053, 41.152337874065935 ], [ -81.686617164129231, 41.152944871928398 ], [ -81.686605159562234, 41.153665869460596 ], [ -81.68660215828632, 41.153869868770236 ], [ -81.686572146891947, 41.15568086245473 ], [ -81.68656914488848, 41.156000861375823 ], [ -81.686518115577186, 41.160625845355078 ], [ -81.686510111992547, 41.161194843397752 ], [ -81.686499107426457, 41.161927840839105 ], [ -81.686490103602921, 41.162532838738443 ], [ -81.686488102706704, 41.162676838194038 ], [ -81.686494102308785, 41.162739837982151 ], [ -81.686492058210149, 41.162845296276387 ], [ -81.6864436085676, 41.165344825677614 ], [ -81.686438084072449, 41.165629827919695 ], [ -81.68643608289797, 41.165825827244838 ], [ -81.686434081819044, 41.165988826694161 ], [ -81.686392069473158, 41.167956819839475 ], [ -81.686391531388978, 41.168021019044545 ], [ -81.686390724572348, 41.168117280862376 ], [ -81.68638706574076, 41.16855381777652 ], [ -81.686026065838732, 41.168634817085405 ], [ -81.685272066143625, 41.168827815441396 ], [ -81.685034066317272, 41.16887781498 ], [ -81.684793066520285, 41.168910814613533 ], [ -81.684549066889687, 41.168928814253434 ], [ -81.684303067350541, 41.16893081391931 ], [ -81.684019067977957, 41.168924813546532 ], [ -81.683008070087737, 41.168904812379772 ], [ -81.681147073725526, 41.168904810089707 ], [ -81.680905074196303, 41.168904809807621 ], [ -81.678664078553197, 41.168902806988406 ], [ -81.678089079664218, 41.168905806265712 ], [ -81.677246081266304, 41.168911805210584 ], [ -81.675031085538052, 41.168930802394598 ], [ -81.670016095207984, 41.1689557960608 ], [ -81.668892097365045, 41.168962794699326 ], [ -81.666240102511139, 41.168964791326665 ], [ -81.666266108610969, 41.167808795058797 ], [ -81.666291113075047, 41.166958797858534 ], [ -81.66629311430529, 41.166710798664944 ], [ -81.666302115618464, 41.166464799434877 ], [ -81.666303116538771, 41.166299799984451 ], [ -81.666327119888066, 41.165640802066264 ], [ -81.666333121664877, 41.16531180318087 ], [ -81.666343122922143, 41.165064803992735 ], [ -81.666346127012389, 41.164288806445064 ], [ -81.666358128216615, 41.164076807184713 ], [ -81.66638113178891, 41.163386809417332 ], [ -81.666654131331399, 41.163381809721884 ], [ -81.667635129694162, 41.163384811020663 ], [ -81.667853129248513, 41.163393811260875 ], [ -81.668016128933445, 41.163408811455177 ], [ -81.668179128458917, 41.163437811587343 ], [ -81.668288128175476, 41.163461811680534 ], [ -81.668776126689451, 41.163586811893225 ], [ -81.668939126242094, 41.163611811980516 ], [ -81.669103125907029, 41.163622812165578 ], [ -81.669321125522373, 41.163629812483194 ], [ -81.669756124849727, 41.163627813000048 ], [ -81.66976312608432, 41.1634018137323 ], [ -81.669759128766898, 41.162906815412555 ], [ -81.669763129209585, 41.162824815665033 ], [ -81.669778129689377, 41.162742815908153 ], [ -81.669804130046757, 41.162660816228652 ], [ -81.669861130682847, 41.162537816687014 ], [ -81.669935131024175, 41.162436817143636 ], [ -81.669993131434083, 41.162345817510484 ], [ -81.670036131897376, 41.162250817860368 ], [ -81.670062132342963, 41.162168818206204 ], [ -81.670065133458863, 41.161962818868986 ], [ -81.670034134164723, 41.161838819241922 ], [ -81.669997134650771, 41.161755819381128 ], [ -81.669906135743631, 41.161590819823658 ], [ -81.669862136546598, 41.161466820172379 ], [ -81.669843137002985, 41.16138482039235 ], [ -81.669830138075525, 41.161184821011346 ], [ -81.669975137858088, 41.161184821283506 ], [ -81.670114137735695, 41.161170821516876 ], [ -81.670278137530971, 41.161149821811087 ], [ -81.670387137505728, 41.161130821968811 ], [ -81.670715137494184, 41.161044822713748 ], [ -81.670879137400107, 41.161009823060368 ], [ -81.671043137293495, 41.160985823354281 ], [ -81.671152137171134, 41.160975823485352 ], [ -81.671642136468577, 41.160961824250769 ], [ -81.672460135187592, 41.160965825307301 ], [ -81.672766134789001, 41.160963825739053 ], [ -81.672356137093814, 41.160661826137726 ], [ -81.672311137436225, 41.160619826246084 ], [ -81.671770141511061, 41.160039827425045 ], [ -81.671641142313121, 41.159914827645267 ], [ -81.671545142967361, 41.159831827809839 ], [ -81.671386143881975, 41.159714827897233 ], [ -81.671181144840986, 41.159588828032149 ], [ -81.670953145770724, 41.159474828160761 ], [ -81.670790146391539, 41.159406828139069 ], [ -81.670682146745094, 41.159368828080105 ], [ -81.670465147467098, 41.15930482804437 ], [ -81.67035614779239, 41.159280827911282 ], [ -81.670137148327171, 41.159243827752853 ], [ -81.669812148978167, 41.15920682749119 ], [ -81.669594149375158, 41.159190827191274 ], [ -81.669086150276939, 41.159166826557396 ], [ -81.667471153089949, 41.159076824711256 ], [ -81.66651215468822, 41.159028823509672 ], [ -81.666510155837074, 41.158807824183583 ], [ -81.66649015681574, 41.158642824692706 ], [ -81.666438157747123, 41.158477825142569 ], [ -81.666379158429095, 41.158353825470975 ], [ -81.666308159220449, 41.158229825821685 ], [ -81.66620416029555, 41.158064826170651 ], [ -81.665978162327846, 41.157733826905861 ], [ -81.665369167958531, 41.15682282897108 ], [ -81.664628174632625, 41.155719831475643 ], [ -81.664513175827139, 41.155535831856511 ], [ -81.664508176949184, 41.155307832583631 ], [ -81.664516180009286, 41.154730834409818 ], [ -81.664543184855049, 41.153783837502147 ], [ -81.664551187388327, 41.153289839110961 ], [ -81.664620200049981, 41.150855846898715 ], [ -81.664621201786247, 41.150531847934651 ], [ -81.664628202406746, 41.1504088483441 ], [ -81.664640202766435, 41.150326848639743 ], [ -81.664666203193306, 41.150243848891833 ], [ -81.664705203588909, 41.150161849215792 ], [ -81.664765203935431, 41.150079849581445 ], [ -81.664863204316731, 41.149981850060236 ], [ -81.664892204486435, 41.149957850141519 ], [ -81.664973204610504, 41.149904850438965 ], [ -81.66502720474233, 41.149875850621314 ], [ -81.665050204813184, 41.149865850734237 ], [ -81.664550207385204, 41.149449851291116 ], [ -81.663549207368021, 41.149650849180233 ], [ -81.663147210792829, 41.14905085042637 ], [ -81.662446211530806, 41.149051849369634 ], [ -81.662646212318705, 41.148851850355094 ], [ -81.662246215751054, 41.148251851618063 ], [ -81.663046219676701, 41.14735185567995 ], [ -81.663836229409597, 41.145331863310673 ], [ -81.662497234132928, 41.144601863480609 ], [ -81.66237323445651, 41.144569863458266 ], [ -81.662271234775957, 41.144519863464282 ], [ -81.66221923494426, 41.144484863488039 ], [ -81.662155235258183, 41.144429863518454 ], [ -81.662029236004116, 41.144309863711527 ], [ -81.66186423702743, 41.144124864035923 ], [ -81.661749238227827, 41.143895864550103 ], [ -81.661719238682963, 41.143813864822292 ], [ -81.661696239107187, 41.143730864990566 ], [ -81.661681239568964, 41.143648865290992 ], [ -81.661667240394067, 41.143483865709847 ], [ -81.661676245904872, 41.142393869217429 ], [ -81.661702262129253, 41.139191879335591 ], [ -81.658736263425766, 41.139188874543066 ], [ -81.658741265462922, 41.138766875840666 ], [ -81.660541273490168, 41.137022884236039 ], [ -81.660440278914564, 41.135950887399716 ], [ -81.661441278553269, 41.13595288908931 ], [ -81.661646278566451, 41.135951889372031 ], [ -81.662971278259604, 41.135943891565063 ], [ -81.664219277828607, 41.135951893654124 ], [ -81.667700276923298, 41.135951899380792 ], [ -81.669397276357671, 41.135955902156873 ], [ -81.670397276121548, 41.135951903878031 ], [ -81.670432276198284, 41.135949903912184 ], [ -81.671957275876935, 41.135925906453522 ], [ -81.673577275720305, 41.135880909293697 ], [ -81.674408275656759, 41.135856910788419 ], [ -81.675269275461844, 41.135838912225651 ], [ -81.676358275345677, 41.135821914089973 ], [ -81.676805275176861, 41.135817914834369 ], [ -81.679147274576195, 41.135820918680572 ], [ -81.680422274090233, 41.135836920805545 ], [ -81.681325273798336, 41.135856922180785 ], [ -81.682249273307804, 41.135886923605156 ], [ -81.683227272944052, 41.135912925177259 ], [ -81.68437027243823, 41.135935926928255 ], [ -81.686989271620462, 41.135953931187359 ], [ -81.686965264934855, 41.137019927465261 ], [ -81.68688524224936, 41.140590915023921 ], [ -81.686858230184924, 41.142495908397557 ], [ -81.686811314225878, 41.144774520800802 ], [ -81.686779205910753, 41.146333894995486 ] ] ] } },
{ "type": "Feature", "properties": { "UNIQUE_ID": "Summit-:-BATH TWP E (ARI)", "PRECNAME": "BATH TWP E", "PRECCODE": "ARI", "COUNTYFP": "153", "County": "Summit", "SLDL_DIST": "031", "total_pop": 1133, "age_under18": 241, "age_18_34": 150, "age_35_64": 480, "age_65plus": 262, "pop_hispanic": 0, "pop_white": 1397, "pop_black": 0, "pop_asian": 27, "pct_hispanic": 0.0, "pct_white": 97.8, "pct_black": 0.0, "pct_asian": 1.9, "pct_native": 0.1, "pct_multi": 0.0, "med_hh_income": 206960.0, "pct_bachelors_plus": 79.685726872246704, "pct_no_hs_diploma": 1.4003524229074891, "pct_some_college": 12.002819383259911 }, "geometry": { "type": "Polygon", "coordinates": [ [ [ -81.637324158878215, 41.168988755376326 ], [ -81.636839159927547, 41.168989754796911 ], [ -81.63657116040946, 41.168988754429179 ], [ -81.635563162351261, 41.168996753143077 ], [ -81.634382164566674, 41.169006751645476 ], [ -81.634240164911134, 41.169006751505265 ], [ -81.631766169766664, 41.16900874836719 ], [ -81.631092171014771, 41.169020747527021 ], [ -81.63109417296981, 41.168445749120671 ], [ -81.631095173697645, 41.168249749636416 ], [ -81.63108517574635, 41.167672751211278 ], [ -81.631089176200206, 41.167549751609954 ], [ -81.631097176705936, 41.167398751994057 ], [ -81.6311281772645, 41.167233752555987 ], [ -81.631194177702497, 41.16706975305479 ], [ -81.631205177691768, 41.167050753117188 ], [ -81.631267177974308, 41.166946753443611 ], [ -81.63138717835146, 41.16678275412572 ], [ -81.631581178752668, 41.166540755029047 ], [ -81.631636178951297, 41.166477755264815 ], [ -81.631650178981175, 41.166455755323419 ], [ -81.6317471791602, 41.16633975578776 ], [ -81.631830179382078, 41.166251756118733 ], [ -81.631857179398864, 41.1662137562518 ], [ -81.632190180238325, 41.16582375776958 ], [ -81.63241218085102, 41.165555758795378 ], [ -81.632628181317884, 41.165310759796157 ], [ -81.632928182086289, 41.164941761165338 ], [ -81.633014182393737, 41.164818761668592 ], [ -81.63306118261545, 41.164737761889519 ], [ -81.63309518282648, 41.164654762177584 ], [ -81.63310618301405, 41.164613762311639 ], [ -81.633119183327423, 41.164490762656428 ], [ -81.633109183837973, 41.164366762981857 ], [ -81.633075184294341, 41.164243763310012 ], [ -81.633041184698925, 41.164160763507347 ], [ -81.632983185210023, 41.164043763726156 ], [ -81.632959185473496, 41.163995763843459 ], [ -81.632811186399181, 41.16380076423463 ], [ -81.632729187304747, 41.163581764688125 ], [ -81.632709187479406, 41.163540764800871 ], [ -81.632646188209819, 41.163375765195134 ], [ -81.632624188523081, 41.16329276537234 ], [ -81.632598189144815, 41.16312776581799 ], [ -81.632590189865311, 41.162921766354756 ], [ -81.632595190368093, 41.162798766698479 ], [ -81.632611190701041, 41.162674767101201 ], [ -81.632674191551658, 41.162417767885671 ], [ -81.632844191806839, 41.162264768484683 ], [ -81.632891191937389, 41.162227768690499 ], [ -81.633000191940923, 41.162161769049867 ], [ -81.63317719199101, 41.162075769535171 ], [ -81.633318191952512, 41.162021769852544 ], [ -81.633662191821074, 41.161918770593161 ], [ -81.633832191685983, 41.161869770920298 ], [ -81.634038191503251, 41.161834771284916 ], [ -81.634094191452434, 41.161825771370445 ], [ -81.634422191000326, 41.161788771957454 ], [ -81.634445191021015, 41.161782772024551 ], [ -81.634476190986007, 41.161781771999799 ], [ -81.634640190770838, 41.161754772317217 ], [ -81.634677190816717, 41.161743772376227 ], [ -81.634702190747532, 41.161740772446407 ], [ -81.634804190729184, 41.161713772666182 ], [ -81.634824190696122, 41.161703772744552 ], [ -81.634859190706692, 41.161694772804864 ], [ -81.635023190661343, 41.161627773219848 ], [ -81.635297190751984, 41.161502773922038 ], [ -81.635462190690248, 41.161442774278569 ], [ -81.635625190562138, 41.161408774609477 ], [ -81.635734190458379, 41.161401774825798 ], [ -81.635789190341924, 41.161402774875029 ], [ -81.635898190105991, 41.161417774957151 ], [ -81.636006189827015, 41.161446775057755 ], [ -81.636115189458934, 41.161484775103055 ], [ -81.636241189050352, 41.161549775045543 ], [ -81.636331188733237, 41.161610774969652 ], [ -81.63660018741426, 41.161835774719243 ], [ -81.636654187148665, 41.161872774679189 ], [ -81.636926186473346, 41.16193977482002 ], [ -81.636972187255324, 41.161719775544661 ], [ -81.637004188048223, 41.16151377620497 ], [ -81.637056189034865, 41.161225777030076 ], [ -81.637199191488293, 41.160527779191852 ], [ -81.63722619223708, 41.160321779846484 ], [ -81.637236192840618, 41.160156780370265 ], [ -81.637235193477238, 41.159992780819373 ], [ -81.637222194176914, 41.159786781328229 ], [ -81.637211194530977, 41.159703781566051 ], [ -81.637172195297353, 41.159538782001604 ], [ -81.637105196141775, 41.159332782479972 ], [ -81.637034196891562, 41.15916778284523 ], [ -81.636927197775208, 41.158961783276226 ], [ -81.636759199006946, 41.158723783769226 ], [ -81.636348201513897, 41.158192784718771 ], [ -81.636107202901258, 41.157909785163234 ], [ -81.63603820325028, 41.157842785267746 ], [ -81.635962203713376, 41.157753785390078 ], [ -81.63589720407785, 41.157676785523932 ], [ -81.635799204663783, 41.157552785750589 ], [ -81.635710205308683, 41.15742878594309 ], [ -81.635464206739599, 41.157129786514147 ], [ -81.635432206857317, 41.157096786528868 ], [ -81.635410207097678, 41.157064786557605 ], [ -81.635235208012574, 41.156861786951197 ], [ -81.635129208584388, 41.156745787128749 ], [ -81.635037209254207, 41.15659978733872 ], [ -81.63495220997163, 41.156451787679835 ], [ -81.634904210368802, 41.15635478791058 ], [ -81.634820211314405, 41.156124788410892 ], [ -81.634784212026972, 41.155948788843304 ], [ -81.634716214696013, 41.155249790719303 ], [ -81.634678215487924, 41.155057791162321 ], [ -81.634612216364303, 41.154819791787119 ], [ -81.634509217659627, 41.154501792530638 ], [ -81.634385219001913, 41.154170793285928 ], [ -81.634500220031427, 41.153869794296938 ], [ -81.634553220464198, 41.153717794773605 ], [ -81.63460822090488, 41.153597795209571 ], [ -81.634698221256713, 41.15347979565707 ], [ -81.634800221606469, 41.153360796139495 ], [ -81.634873221796269, 41.153283796465423 ], [ -81.634989222082268, 41.153171796959462 ], [ -81.635155222386999, 41.15303079753425 ], [ -81.63566122323607, 41.152654799349257 ], [ -81.636192224087381, 41.152247801323924 ], [ -81.6364982246144, 41.152025802323166 ], [ -81.636675225013832, 41.151877802992878 ], [ -81.63682322549765, 41.151694803804162 ], [ -81.636875225709431, 41.15162280403181 ], [ -81.636932226033821, 41.151529804424783 ], [ -81.636985226416257, 41.151418804750541 ], [ -81.637025226840564, 41.151304805151398 ], [ -81.637049227093669, 41.151208805476806 ], [ -81.637061227493376, 41.151125805743284 ], [ -81.637100231671923, 41.150004808946605 ], [ -81.637241231404133, 41.150043809095791 ], [ -81.637259231236641, 41.150070809057539 ], [ -81.637514231374567, 41.149984809635754 ], [ -81.637800231275079, 41.149926810213437 ], [ -81.637906231049669, 41.149958810326652 ], [ -81.638225230677364, 41.149962810713731 ], [ -81.638580230357164, 41.149961811313766 ], [ -81.638709230205009, 41.149970811419074 ], [ -81.638782230103217, 41.149983811498451 ], [ -81.638867229882294, 41.150012811517591 ], [ -81.638943229702377, 41.150053811582893 ], [ -81.639001229427649, 41.150101811525303 ], [ -81.639049229158857, 41.150162811398296 ], [ -81.639078228848987, 41.150223811273044 ], [ -81.63909122851399, 41.150294811064121 ], [ -81.639084226363835, 41.150855809450512 ], [ -81.639075226027231, 41.150954809202581 ], [ -81.639051225819031, 41.15100480897263 ], [ -81.639010225699465, 41.151048808823532 ], [ -81.638918225478122, 41.151116808431837 ], [ -81.638887225444876, 41.151138808381965 ], [ -81.638677225136732, 41.151292807630192 ], [ -81.638637224968619, 41.151334807447775 ], [ -81.638618224852081, 41.151364807300787 ], [ -81.638516224192543, 41.151579806604374 ], [ -81.63850322391869, 41.151629806444049 ], [ -81.638492223624922, 41.151732806114453 ], [ -81.638476223371839, 41.151789805882551 ], [ -81.638458223282257, 41.15182180577866 ], [ -81.638434223239969, 41.151851805658019 ], [ -81.638360222996411, 41.15190980542809 ], [ -81.63809022270496, 41.152077804534507 ], [ -81.638055222609736, 41.152119804372077 ], [ -81.638045222469586, 41.152145804299046 ], [ -81.638038222297084, 41.152203804113512 ], [ -81.638027222112299, 41.15224380392894 ], [ -81.638000221962287, 41.152283803816395 ], [ -81.637957221935196, 41.152323803584125 ], [ -81.637875221769363, 41.152378803388281 ], [ -81.637796221711696, 41.152413803163128 ], [ -81.637706221663649, 41.152441802921324 ], [ -81.637540221740238, 41.152472802606084 ], [ -81.637515221797202, 41.152476802579635 ], [ -81.637860217041833, 41.153605799855249 ], [ -81.638011214818164, 41.154151798495555 ], [ -81.638127212577743, 41.1546837971852 ], [ -81.638555212308944, 41.154629797933858 ], [ -81.63863621228019, 41.154616798044081 ], [ -81.638756212235492, 41.154588798304658 ], [ -81.638890212192109, 41.154544798659153 ], [ -81.63898121223626, 41.154505798897858 ], [ -81.639083212348666, 41.154451799208481 ], [ -81.641130213467932, 41.153544804671817 ], [ -81.641808213892247, 41.153245806557294 ], [ -81.642495214398366, 41.152931808392097 ], [ -81.642625214439462, 41.152871808822127 ], [ -81.642928214584245, 41.152752809542392 ], [ -81.643083214632384, 41.152702809951116 ], [ -81.643176214605646, 41.152680810140602 ], [ -81.643270214555628, 41.152663810373085 ], [ -81.643365214501102, 41.15265181046594 ], [ -81.64382121403797, 41.152651811162357 ], [ -81.645682211887589, 41.152670813836693 ], [ -81.645644202216019, 41.154955807009806 ], [ -81.645629201792801, 41.155071806692938 ], [ -81.645613201468294, 41.155128806419917 ], [ -81.645586201197162, 41.155199806198077 ], [ -81.645552201017452, 41.155267805928268 ], [ -81.645500200793734, 41.155345805681996 ], [ -81.645448200580304, 41.155407805367823 ], [ -81.645380200317931, 41.155474805073958 ], [ -81.643880197529569, 41.156607799698754 ], [ -81.643957197147131, 41.156666799607528 ], [ -81.644346195472338, 41.156958799323554 ], [ -81.644454195019762, 41.157032799221 ], [ -81.644508194840441, 41.157059799263955 ], [ -81.644562194661319, 41.157079799230402 ], [ -81.644616194515166, 41.157094799327886 ], [ -81.644725194359637, 41.157109799362978 ], [ -81.645106193680334, 41.157133799844679 ], [ -81.645596192955935, 41.157157800456872 ], [ -81.646739191215829, 41.157199801942042 ], [ -81.647012190812546, 41.15720480231834 ], [ -81.647894189674602, 41.15720180348854 ], [ -81.647887187721651, 41.15764280224154 ], [ -81.647892186588081, 41.157889801467419 ], [ -81.647922185749394, 41.158095800884581 ], [ -81.648001184642567, 41.158313800349127 ], [ -81.648083183978983, 41.158448800088905 ], [ -81.648145183505008, 41.158528799919267 ], [ -81.648240182935069, 41.15861779981968 ], [ -81.64835618243734, 41.158697799724514 ], [ -81.648571181717912, 41.158798799667622 ], [ -81.648679181436421, 41.158832799717125 ], [ -81.648897180850085, 41.158880799868804 ], [ -81.649929178578304, 41.159065800786585 ], [ -81.650092178174063, 41.159101800856725 ], [ -81.650364177397833, 41.159175801045116 ], [ -81.650501177055759, 41.159225801051342 ], [ -81.650635176523338, 41.159282801043304 ], [ -81.650905175479181, 41.159421800978159 ], [ -81.651073174839695, 41.15951880098261 ], [ -81.6513301737116, 41.159684800828394 ], [ -81.651501172907047, 41.15980980062939 ], [ -81.651686171841604, 41.159975800454532 ], [ -81.651876170702664, 41.160169800057787 ], [ -81.652003169818158, 41.16030779988246 ], [ -81.652211168341225, 41.160566799342867 ], [ -81.652502168857154, 41.160371800347704 ], [ -81.652448169499237, 41.160253800600373 ], [ -81.652546175687732, 41.158851805021399 ], [ -81.651846176744641, 41.15885180399053 ], [ -81.65204618011866, 41.158051806697046 ], [ -81.655246185989782, 41.155858817817112 ], [ -81.656143183097697, 41.15623681798418 ], [ -81.656648191029262, 41.154453824170432 ], [ -81.65671919087282, 41.154450824216553 ], [ -81.656711190059184, 41.154632823705569 ], [ -81.656712187707811, 41.155126822117374 ], [ -81.65674118535199, 41.155608820753507 ], [ -81.657002185015358, 41.155594821166652 ], [ -81.658202183563745, 41.15558082289818 ], [ -81.659290182239815, 41.155570824448063 ], [ -81.6604341808616, 41.155557826056508 ], [ -81.661600179417206, 41.155552827691508 ], [ -81.6617821791788, 41.155548828039763 ], [ -81.664513175827139, 41.155535831856511 ], [ -81.664628174632625, 41.155719831475643 ], [ -81.665369167958531, 41.15682282897108 ], [ -81.665978162327846, 41.157733826905861 ], [ -81.66620416029555, 41.158064826170651 ], [ -81.666308159220449, 41.158229825821685 ], [ -81.666379158429095, 41.158353825470975 ], [ -81.666438157747123, 41.158477825142569 ], [ -81.66649015681574, 41.158642824692706 ], [ -81.666510155837074, 41.158807824183583 ], [ -81.66651215468822, 41.159028823509672 ], [ -81.667471153089949, 41.159076824711256 ], [ -81.669086150276939, 41.159166826557396 ], [ -81.669594149375158, 41.159190827191274 ], [ -81.669812148978167, 41.15920682749119 ], [ -81.670137148327171, 41.159243827752853 ], [ -81.67035614779239, 41.159280827911282 ], [ -81.670465147467098, 41.15930482804437 ], [ -81.670682146745094, 41.159368828080105 ], [ -81.670790146391539, 41.159406828139069 ], [ -81.670953145770724, 41.159474828160761 ], [ -81.671181144840986, 41.159588828032149 ], [ -81.671386143881975, 41.159714827897233 ], [ -81.671545142967361, 41.159831827809839 ], [ -81.671641142313121, 41.159914827645267 ], [ -81.671770141511061, 41.160039827425045 ], [ -81.672311137436225, 41.160619826246084 ], [ -81.672356137093814, 41.160661826137726 ], [ -81.672766134789001, 41.160963825739053 ], [ -81.672460135187592, 41.160965825307301 ], [ -81.671642136468577, 41.160961824250769 ], [ -81.671152137171134, 41.160975823485352 ], [ -81.671043137293495, 41.160985823354281 ], [ -81.670879137400107, 41.161009823060368 ], [ -81.670715137494184, 41.161044822713748 ], [ -81.670387137505728, 41.161130821968811 ], [ -81.670278137530971, 41.161149821811087 ], [ -81.670114137735695, 41.161170821516876 ], [ -81.669975137858088, 41.161184821283506 ], [ -81.669830138075525, 41.161184821011346 ], [ -81.669843137002985, 41.16138482039235 ], [ -81.669862136546598, 41.161466820172379 ], [ -81.669906135743631, 41.161590819823658 ], [ -81.669997134650771, 41.161755819381128 ], [ -81.670034134164723, 41.161838819241922 ], [ -81.670065133458863, 41.161962818868986 ], [ -81.670062132342963, 41.162168818206204 ], [ -81.670036131897376, 41.162250817860368 ], [ -81.669993131434083, 41.162345817510484 ], [ -81.669935131024175, 41.162436817143636 ], [ -81.669861130682847, 41.162537816687014 ], [ -81.669804130046757, 41.162660816228652 ], [ -81.669778129689377, 41.162742815908153 ], [ -81.669763129209585, 41.162824815665033 ], [ -81.669759128766898, 41.162906815412555 ], [ -81.66976312608432, 41.1634018137323 ], [ -81.669756124849727, 41.163627813000048 ], [ -81.669321125522373, 41.163629812483194 ], [ -81.669103125907029, 41.163622812165578 ], [ -81.668939126242094, 41.163611811980516 ], [ -81.668776126689451, 41.163586811893225 ], [ -81.668288128175476, 41.163461811680534 ], [ -81.668179128458917, 41.163437811587343 ], [ -81.668016128933445, 41.163408811455177 ], [ -81.667853129248513, 41.163393811260875 ], [ -81.667635129694162, 41.163384811020663 ], [ -81.666654131331399, 41.163381809721884 ], [ -81.66638113178891, 41.163386809417332 ], [ -81.666358128216615, 41.164076807184713 ], [ -81.666346127012389, 41.164288806445064 ], [ -81.666343122922143, 41.165064803992735 ], [ -81.666333121664877, 41.16531180318087 ], [ -81.666327119888066, 41.165640802066264 ], [ -81.666303116538771, 41.166299799984451 ], [ -81.666302115618464, 41.166464799434877 ], [ -81.66629311430529, 41.166710798664944 ], [ -81.666291113075047, 41.166958797858534 ], [ -81.666266108610969, 41.167808795058797 ], [ -81.666240102511139, 41.168964791326665 ], [ -81.665848103302693, 41.168964790853543 ], [ -81.664569105799643, 41.168966789291083 ], [ -81.663344108142397, 41.16896278774643 ], [ -81.661641111514797, 41.168957785700933 ], [ -81.661478111833063, 41.168957785471406 ], [ -81.659119116412725, 41.168965782532851 ], [ -81.656598121303631, 41.168964779363208 ], [ -81.65659312043131, 41.169147778823572 ], [ -81.656569119649419, 41.169325778211032 ], [ -81.656531118967166, 41.169492777681512 ], [ -81.656477118129189, 41.169692776956602 ], [ -81.656445117305793, 41.169870776409773 ], [ -81.656439116633479, 41.170001775998756 ], [ -81.656447116071064, 41.170132775603086 ], [ -81.656478115195398, 41.170287775177165 ], [ -81.65652911438319, 41.170439774789159 ], [ -81.656620113324877, 41.170623774329599 ], [ -81.656726112403632, 41.170768773994176 ], [ -81.656832111580002, 41.170886773754269 ], [ -81.65695811072446, 41.171011773500361 ], [ -81.657165109640559, 41.171168773251772 ], [ -81.657523107645716, 41.171408772989849 ], [ -81.65769910676903, 41.171508772864286 ], [ -81.65789710592712, 41.171607772768866 ], [ -81.658082105196968, 41.171685772830571 ], [ -81.658217104678627, 41.171731772807135 ], [ -81.658347104233016, 41.171766772845345 ], [ -81.658473103868076, 41.171784772945607 ], [ -81.6590821023388, 41.171841773501463 ], [ -81.659241101785483, 41.171880773627599 ], [ -81.65935510130484, 41.171927773613845 ], [ -81.659490100707671, 41.171995773501834 ], [ -81.660044097932285, 41.172310773167588 ], [ -81.66040409601753, 41.172532772937849 ], [ -81.66050609535516, 41.172626772756523 ], [ -81.660579094784026, 41.172718772594251 ], [ -81.66063409420353, 41.172818772304261 ], [ -81.66067009356604, 41.172922772021337 ], [ -81.660687092993101, 41.173029771707014 ], [ -81.660673090349249, 41.173571769980853 ], [ -81.660645084851865, 41.174657766575066 ], [ -81.659551087422471, 41.174645765371437 ], [ -81.659351088227567, 41.17458076532035 ], [ -81.659169088196094, 41.174673764788146 ], [ -81.6591110881715, 41.174693764711762 ], [ -81.659036088162821, 41.174738764448144 ], [ -81.658934088172529, 41.174779764172399 ], [ -81.65887208821897, 41.174801764090162 ], [ -81.658812088240865, 41.174825763905098 ], [ -81.658753088219655, 41.174848763769269 ], [ -81.658695088264793, 41.174866763642449 ], [ -81.658579088460868, 41.174877763448997 ], [ -81.658515088742362, 41.174860763443881 ], [ -81.65846208898887, 41.174828763462457 ], [ -81.65841108929493, 41.174796763553026 ], [ -81.658366089551109, 41.174763763588736 ], [ -81.658295089985529, 41.174702763654629 ], [ -81.658253090250497, 41.17466976370374 ], [ -81.658209090457746, 41.17463176381068 ], [ -81.658159090822394, 41.17459576388665 ], [ -81.658109091088036, 41.174565763913222 ], [ -81.658049091350605, 41.174543763935233 ], [ -81.657982091437958, 41.174534763831382 ], [ -81.657868091761586, 41.174530763725613 ], [ -81.657772091849736, 41.174559763517934 ], [ -81.657760091869818, 41.174568763457522 ], [ -81.657446094069215, 41.174254764105484 ], [ -81.653546103144024, 41.174152759815001 ], [ -81.651145118546992, 41.171951763639782 ], [ -81.648745129682922, 41.170551764865877 ], [ -81.648446133806374, 41.169759766904811 ], [ -81.64883413645228, 41.168967769752641 ], [ -81.648500137194958, 41.168965769272603 ], [ -81.648222137695257, 41.168964768997391 ], [ -81.647362139395554, 41.168966767877876 ], [ -81.646684140738358, 41.168968767057052 ], [ -81.645282143471022, 41.168969765256286 ], [ -81.644808144431366, 41.168966764757151 ], [ -81.64296414794704, 41.168972762437271 ], [ -81.642466148934446, 41.168974761795909 ], [ -81.640774152225546, 41.168986759665636 ], [ -81.639814153998458, 41.168994758420062 ], [ -81.638128157371114, 41.168994756368711 ], [ -81.637324158878215, 41.168988755376326 ] ] ] } },
{ "type": "Feature", "properties": { "UNIQUE_ID": "Summit-:-BATH TWP F (ARK)-(SLDL-31)", "PRECNAME": "BATH TWP F", "PRECCODE": "ARK", "COUNTYFP": "153", "County": "Summit", "SLDL_DIST": "031", "total_pop": 1209, "age_under18": 257, "age_18_34": 170, "age_35_64": 478, "age_65plus": 304, "pop_hispanic": 30, "pop_white": 1131, "pop_black": 15, "pop_asian": 11, "pct_hispanic": 2.5, "pct_white": 92.8, "pct_black": 1.2, "pct_asian": 0.9, "pct_native": 0.0, "pct_multi": 0.0, "med_hh_income": 153814.0, "pct_bachelors_plus": 66.070239076669395, "pct_no_hs_diploma": 2.2611706512778231, "pct_some_college": 19.604699093157461 }, "geometry": { "type": "Polygon", "coordinates": [ [ [ -81.621457262516373, 41.144886799416462 ], [ -81.622147260753991, 41.145303799374481 ], [ -81.622147274558074, 41.145303807992349 ], [ -81.62238226012299, 41.145450799324024 ], [ -81.622382730838424, 41.145450802540225 ], [ -81.622501259794092, 41.145524799326161 ], [ -81.623078258312916, 41.145872799274002 ], [ -81.623695389420135, 41.145459852773634 ], [ -81.624494258480311, 41.145465802522757 ], [ -81.625034258059245, 41.145469803340028 ], [ -81.625614256367271, 41.145858803180452 ], [ -81.626863252779202, 41.14665580292818 ], [ -81.627125861197428, 41.146823493732697 ], [ -81.627192251298041, 41.147029802399494 ], [ -81.62637625146364, 41.147188800708335 ], [ -81.626595248440921, 41.148049798765882 ], [ -81.626757248009056, 41.148148798748906 ], [ -81.627861244674747, 41.14882979850983 ], [ -81.628069244047254, 41.148957798517301 ], [ -81.628147243812236, 41.149005798489732 ], [ -81.62825620329518, 41.149073353604372 ], [ -81.628347243251, 41.149129798427118 ], [ -81.628347243275954, 41.149129798401958 ], [ -81.62834724327881, 41.149129798403749 ], [ -81.628515242712112, 41.14923379841138 ], [ -81.629712238993108, 41.149981798097798 ], [ -81.629780238832993, 41.150026798110474 ], [ -81.630410236809382, 41.150421797904556 ], [ -81.630510237014633, 41.150347798302498 ], [ -81.630935237593235, 41.150064799704836 ], [ -81.631280237992613, 41.149854800826823 ], [ -81.631635238294763, 41.149654801900553 ], [ -81.63335523995741, 41.148727806961233 ], [ -81.633904240543842, 41.148436808633114 ], [ -81.635202241835998, 41.147745812523311 ], [ -81.635202241922698, 41.147745812524001 ], [ -81.635652171212087, 41.147749707965453 ], [ -81.63624224093914, 41.147754814086817 ], [ -81.636308920584327, 41.147755647661583 ], [ -81.636322240907901, 41.147755814181515 ], [ -81.636841240439679, 41.147759814951321 ], [ -81.637150240135497, 41.147756815425325 ], [ -81.637144545989599, 41.148216006601452 ], [ -81.637138236503745, 41.148724812658592 ], [ -81.637104232128976, 41.149881809323503 ], [ -81.63710349246405, 41.149906215154701 ], [ -81.637103232000044, 41.149914809185368 ], [ -81.637102231837616, 41.149955809077632 ], [ -81.637100904681972, 41.149988321617364 ], [ -81.637100231664519, 41.150004808968404 ], [ -81.637100231671184, 41.150004808968362 ], [ -81.637061227493376, 41.151125805743284 ], [ -81.637049227093669, 41.151208805476806 ], [ -81.637025226840564, 41.151304805151398 ], [ -81.636985226416257, 41.151418804750541 ], [ -81.636932226033821, 41.151529804424783 ], [ -81.636875225709431, 41.15162280403181 ], [ -81.63682322549765, 41.151694803804162 ], [ -81.636675225013832, 41.151877802992878 ], [ -81.6364982246144, 41.152025802323166 ], [ -81.636192224087381, 41.152247801323924 ], [ -81.63566122323607, 41.152654799349257 ], [ -81.635155222386999, 41.15303079753425 ], [ -81.634989222082268, 41.153171796959462 ], [ -81.634873221796269, 41.153283796465423 ], [ -81.634800221606469, 41.153360796139495 ], [ -81.634698221256713, 41.15347979565707 ], [ -81.63460822090488, 41.153597795209571 ], [ -81.634553220464198, 41.153717794773605 ], [ -81.634500220031427, 41.153869794296938 ], [ -81.634385219001913, 41.154170793285928 ], [ -81.634509217659627, 41.154501792530638 ], [ -81.634612216364303, 41.154819791787119 ], [ -81.634678215487924, 41.155057791162321 ], [ -81.634716214696013, 41.155249790719303 ], [ -81.634784212026972, 41.155948788843304 ], [ -81.634820211314405, 41.156124788410892 ], [ -81.634904210368802, 41.15635478791058 ], [ -81.63495220997163, 41.156451787679835 ], [ -81.635037209254207, 41.15659978733872 ], [ -81.635129208584388, 41.156745787128749 ], [ -81.635235208012574, 41.156861786951197 ], [ -81.635410207097678, 41.157064786557605 ], [ -81.635432206857317, 41.157096786528868 ], [ -81.635464206739599, 41.157129786514147 ], [ -81.635710205308683, 41.15742878594309 ], [ -81.635799204663783, 41.157552785750589 ], [ -81.63589720407785, 41.157676785523932 ], [ -81.635962203713376, 41.157753785390078 ], [ -81.63603820325028, 41.157842785267746 ], [ -81.636107202901258, 41.157909785163234 ], [ -81.636348201513897, 41.158192784718771 ], [ -81.636759199006946, 41.158723783769226 ], [ -81.636927197775208, 41.158961783276226 ], [ -81.637034196891562, 41.15916778284523 ], [ -81.637105196141775, 41.159332782479972 ], [ -81.637172195297353, 41.159538782001604 ], [ -81.637211194530977, 41.159703781566051 ], [ -81.637222194176914, 41.159786781328229 ], [ -81.637235193477238, 41.159992780819373 ], [ -81.637236192840618, 41.160156780370265 ], [ -81.63722619223708, 41.160321779846484 ], [ -81.637199191488293, 41.160527779191852 ], [ -81.637056189034865, 41.161225777030076 ], [ -81.637004188048223, 41.16151377620497 ], [ -81.636972187255324, 41.161719775544661 ], [ -81.636926186473346, 41.16193977482002 ], [ -81.636654187148665, 41.161872774679189 ], [ -81.63660018741426, 41.161835774719243 ], [ -81.636331188733237, 41.161610774969652 ], [ -81.636241189050352, 41.161549775045543 ], [ -81.636115189458934, 41.161484775103055 ], [ -81.636006189827015, 41.161446775057755 ], [ -81.635898190105991, 41.161417774957151 ], [ -81.635789190341924, 41.161402774875029 ], [ -81.635734190458379, 41.161401774825798 ], [ -81.635625190562138, 41.161408774609477 ], [ -81.635462190690248, 41.161442774278569 ], [ -81.635297190751984, 41.161502773922038 ], [ -81.635023190661343, 41.161627773219848 ], [ -81.634859190706692, 41.161694772804864 ], [ -81.634824190696122, 41.161703772744552 ], [ -81.634804190729184, 41.161713772666182 ], [ -81.634702190747532, 41.161740772446407 ], [ -81.634677190816717, 41.161743772376227 ], [ -81.634640190770838, 41.161754772317217 ], [ -81.634476190986007, 41.161781771999799 ], [ -81.634445191021015, 41.161782772024551 ], [ -81.634422191000326, 41.161788771957454 ], [ -81.634094191452434, 41.161825771370445 ], [ -81.634038191503251, 41.161834771284916 ], [ -81.633832191685983, 41.161869770920298 ], [ -81.633662191821074, 41.161918770593161 ], [ -81.633318191952512, 41.162021769852544 ], [ -81.63317719199101, 41.162075769535171 ], [ -81.633000191940923, 41.162161769049867 ], [ -81.632891191937389, 41.162227768690499 ], [ -81.632844191806839, 41.162264768484683 ], [ -81.632674191551658, 41.162417767885671 ], [ -81.632611190701041, 41.162674767101201 ], [ -81.632595190368093, 41.162798766698479 ], [ -81.632590189865311, 41.162921766354756 ], [ -81.632598189144815, 41.16312776581799 ], [ -81.632624188523081, 41.16329276537234 ], [ -81.632646188209819, 41.163375765195134 ], [ -81.632709187479406, 41.163540764800871 ], [ -81.632729187304747, 41.163581764688125 ], [ -81.632811186399181, 41.16380076423463 ], [ -81.632959185473496, 41.163995763843459 ], [ -81.632983185210023, 41.164043763726156 ], [ -81.633041184698925, 41.164160763507347 ], [ -81.633075184294341, 41.164243763310012 ], [ -81.633109183837973, 41.164366762981857 ], [ -81.633119183327423, 41.164490762656428 ], [ -81.63310618301405, 41.164613762311639 ], [ -81.63309518282648, 41.164654762177584 ], [ -81.63306118261545, 41.164737761889519 ], [ -81.633014182393737, 41.164818761668592 ], [ -81.632928182086289, 41.164941761165338 ], [ -81.632628181317884, 41.165310759796157 ], [ -81.63241218085102, 41.165555758795378 ], [ -81.632190180238325, 41.16582375776958 ], [ -81.631857179398864, 41.1662137562518 ], [ -81.631830179382078, 41.166251756118733 ], [ -81.6317471791602, 41.16633975578776 ], [ -81.631650178981175, 41.166455755323419 ], [ -81.631636178951297, 41.166477755264815 ], [ -81.631581178752668, 41.166540755029047 ], [ -81.63138717835146, 41.16678275412572 ], [ -81.631267177974308, 41.166946753443611 ], [ -81.631205177691768, 41.167050753117188 ], [ -81.631194177702497, 41.16706975305479 ], [ -81.6311281772645, 41.167233752555987 ], [ -81.631097176705936, 41.167398751994057 ], [ -81.631089176200206, 41.167549751609954 ], [ -81.63108517574635, 41.167672751211278 ], [ -81.631095173697645, 41.168249749636416 ], [ -81.63109417296981, 41.168445749120671 ], [ -81.631092171014771, 41.169020747527021 ], [ -81.630311172555039, 41.169034746545336 ], [ -81.6300941729491, 41.169033746288669 ], [ -81.629586173877883, 41.169032745659294 ], [ -81.628635175773752, 41.169033744412268 ], [ -81.62800117708062, 41.169033743653841 ], [ -81.62773417750843, 41.169034743327202 ], [ -81.626426180030734, 41.169046741622097 ], [ -81.626237180452421, 41.169047741455103 ], [ -81.625821181187803, 41.169050740895308 ], [ -81.62585318616496, 41.16750974511433 ], [ -81.625872190655812, 41.166114748897002 ], [ -81.625934199061831, 41.163492756051944 ], [ -81.625071200748195, 41.163386755207178 ], [ -81.624723201496906, 41.16335375484578 ], [ -81.624497201861772, 41.163340754562711 ], [ -81.624193202466515, 41.163337754217309 ], [ -81.62399120270922, 41.163341753943016 ], [ -81.623850202926235, 41.16335075373425 ], [ -81.623788203029164, 41.163371753577678 ], [ -81.623727202977335, 41.163391753410011 ], [ -81.623592203056134, 41.163467753030965 ], [ -81.623372202883544, 41.163610752361691 ], [ -81.623215202903268, 41.163724751837215 ], [ -81.62303020274544, 41.163851751258726 ], [ -81.622837202688515, 41.163969750690065 ], [ -81.622670202833689, 41.164046750266046 ], [ -81.622446202972512, 41.16412574977884 ], [ -81.622262203078506, 41.16417374940594 ], [ -81.622072203328571, 41.164205749135974 ], [ -81.621912203588735, 41.164221748868258 ], [ -81.621655203869281, 41.164240748488062 ], [ -81.620919205201716, 41.164251747490226 ], [ -81.620377206114128, 41.164245746752805 ], [ -81.619922206959643, 41.164231746262679 ], [ -81.619792207115893, 41.164233746064717 ], [ -81.619701207279618, 41.164240745894091 ], [ -81.61961020735373, 41.164264745740262 ], [ -81.619501207429039, 41.164301745528739 ], [ -81.619253207545214, 41.164418744826499 ], [ -81.619130207576234, 41.164468744620855 ], [ -81.61900120767784, 41.164508744329034 ], [ -81.618866207898265, 41.164538744020831 ], [ -81.617829209269146, 41.164683742370229 ], [ -81.617619209503701, 41.164717741983104 ], [ -81.617535209606345, 41.164729741862189 ], [ -81.615893211820094, 41.164965739084856 ], [ -81.615885212898249, 41.164589740072735 ], [ -81.615849213485092, 41.164364740558938 ], [ -81.615810213884245, 41.164249740866246 ], [ -81.61575021429303, 41.164140740994029 ], [ -81.615681214719885, 41.164051741179016 ], [ -81.615597215002268, 41.163968741310264 ], [ -81.615538215354533, 41.163914741347796 ], [ -81.615389215838206, 41.163809741390054 ], [ -81.615218216356169, 41.163717741411631 ], [ -81.615093216720197, 41.16366474139069 ], [ -81.614938217155071, 41.163614741325908 ], [ -81.61480021740806, 41.16358474120144 ], [ -81.614530218005655, 41.163548740922948 ], [ -81.614363218224923, 41.163539740744092 ], [ -81.614251220906041, 41.162600743003317 ], [ -81.614222221483246, 41.162402743447814 ], [ -81.614181222239409, 41.162171744043739 ], [ -81.614123222935618, 41.161930744589675 ], [ -81.614037223701018, 41.161680745115873 ], [ -81.61511222200113, 41.161673746514808 ], [ -81.615176221949426, 41.161669746604694 ], [ -81.615350221716554, 41.16164574690675 ], [ -81.615497221578607, 41.161610747174528 ], [ -81.615629221532018, 41.161564747511029 ], [ -81.615684221512012, 41.161538747648059 ], [ -81.615813221529223, 41.161460748056733 ], [ -81.615887221525696, 41.161403748283519 ], [ -81.615978221597729, 41.16131474863171 ], [ -81.616059221785633, 41.161204749001428 ], [ -81.61611122204404, 41.161098749374013 ], [ -81.616142222273922, 41.160992749638204 ], [ -81.616158222970952, 41.16071675040385 ], [ -81.616151223471519, 41.160546750811754 ], [ -81.616122223967281, 41.160376751251455 ], [ -81.61607722444279, 41.160249751515536 ], [ -81.616046224757341, 41.160159751669539 ], [ -81.615976225164331, 41.160019751961705 ], [ -81.615026230059144, 41.158730753932282 ], [ -81.614917230668453, 41.158562754280972 ], [ -81.615107230658012, 41.158480754732039 ], [ -81.615204230527382, 41.158449754975464 ], [ -81.615365230482993, 41.158411755216719 ], [ -81.615507230241434, 41.158391755501931 ], [ -81.615672230132134, 41.158381755777796 ], [ -81.615867229732544, 41.158389756017343 ], [ -81.616009229552873, 41.158409756162982 ], [ -81.616214229128289, 41.158457756320459 ], [ -81.616385228685118, 41.158510756396403 ], [ -81.616446228592167, 41.158524756419553 ], [ -81.61657622840589, 41.158545756549131 ], [ -81.616747228055075, 41.158554756812421 ], [ -81.616899227855328, 41.158544757017687 ], [ -81.617029227755964, 41.158523757210354 ], [ -81.617155227662096, 41.158490757529442 ], [ -81.617425227575396, 41.158375758174898 ], [ -81.617892227632581, 41.158133759419982 ], [ -81.618792227757396, 41.157667761945703 ], [ -81.619146227739563, 41.157478762903239 ], [ -81.619303227801808, 41.15739076338204 ], [ -81.619401227960893, 41.157306763726787 ], [ -81.619484228117543, 41.157214764014732 ], [ -81.619560228328098, 41.157101764433939 ], [ -81.619613228642464, 41.156963764892573 ], [ -81.619649229232749, 41.156757765446216 ], [ -81.619268229791558, 41.156736765044023 ], [ -81.618818230457393, 41.156699764446472 ], [ -81.618361231269958, 41.156641764007567 ], [ -81.617935232023527, 41.156580763542465 ], [ -81.617260233165112, 41.156464762904136 ], [ -81.61663323440419, 41.156348762311261 ], [ -81.615701236109103, 41.156166761480812 ], [ -81.615512236436487, 41.156119761328057 ], [ -81.615453236568314, 41.156100761345684 ], [ -81.615050237413826, 41.155974761059298 ], [ -81.613465240906436, 41.155439760180258 ], [ -81.613256241209442, 41.15539376001783 ], [ -81.613099241555773, 41.155374759877823 ], [ -81.612938241743905, 41.15535675970078 ], [ -81.612737241973278, 41.155360759374737 ], [ -81.612499242208983, 41.155374759044889 ], [ -81.612205242479916, 41.155415758514714 ], [ -81.611921242725884, 41.155461758007228 ], [ -81.611613243047813, 41.155517757372721 ], [ -81.611541243034026, 41.155532757263742 ], [ -81.611316243201031, 41.155583756777723 ], [ -81.611042243345068, 41.155659756245342 ], [ -81.61093724344326, 41.155693756024839 ], [ -81.610812243439241, 41.155743755710674 ], [ -81.610692243491485, 41.155801755353593 ], [ -81.610580243453526, 41.155866755041679 ], [ -81.610476243414439, 41.155939754767374 ], [ -81.610374243397089, 41.156025754396886 ], [ -81.610176243067826, 41.156222753632278 ], [ -81.610006242902244, 41.156406752906413 ], [ -81.609834242678645, 41.156582752217815 ], [ -81.609755242645861, 41.156658751971584 ], [ -81.609576242476606, 41.156831751286163 ], [ -81.609336242271354, 41.157049750346076 ], [ -81.609115242073642, 41.157230749631772 ], [ -81.60893424192632, 41.157389748940503 ], [ -81.60880224190241, 41.157512748521384 ], [ -81.608695241672436, 41.157640748015112 ], [ -81.60829024105567, 41.158175746128499 ], [ -81.608183240683914, 41.158357745555904 ], [ -81.608064240317731, 41.158588744752571 ], [ -81.607923239806098, 41.158910743821401 ], [ -81.607910239844756, 41.158932743746917 ], [ -81.607867240063001, 41.158852743881376 ], [ -81.607819240257925, 41.158807743907616 ], [ -81.607758240361093, 41.158793743907395 ], [ -81.607662240488011, 41.158789743734808 ], [ -81.607546240704025, 41.158780743644414 ], [ -81.606746239731194, 41.15968474025933 ], [ -81.605347241880565, 41.159689738346998 ], [ -81.605448246686606, 41.15739874410415 ], [ -81.604448247864198, 41.157501742457782 ], [ -81.602849250481754, 41.157306740700491 ], [ -81.600250252389245, 41.15811573522636 ], [ -81.599951249017209, 41.160123729990168 ], [ -81.599860249129691, 41.160126729848642 ], [ -81.59963524945573, 41.160150729531217 ], [ -81.599348249766294, 41.160200729019962 ], [ -81.599017250113249, 41.160271728439639 ], [ -81.598738250421377, 41.160357727838047 ], [ -81.598471250530778, 41.1604807272127 ], [ -81.598087250930135, 41.160625726271491 ], [ -81.597798251209525, 41.160728725700281 ], [ -81.597144251749341, 41.160970724268871 ], [ -81.596941251964807, 41.16103772383866 ], [ -81.596840252046675, 41.161070723571392 ], [ -81.596586252287281, 41.161146723098234 ], [ -81.596331252558258, 41.161212722595494 ], [ -81.595847253096125, 41.161313721655098 ], [ -81.595436253599232, 41.161404720966871 ], [ -81.595234253806382, 41.161466720529695 ], [ -81.595103253932336, 41.161513720199757 ], [ -81.594976254073075, 41.161566719952567 ], [ -81.594508254534674, 41.161778718836047 ], [ -81.594358254569741, 41.161844718482321 ], [ -81.594229254749735, 41.161890718217855 ], [ -81.594098254875476, 41.1619287179225 ], [ -81.593831255232843, 41.161975717434181 ], [ -81.593591255548347, 41.162003717126588 ], [ -81.592641256953996, 41.162062715668114 ], [ -81.592095257822606, 41.16210471485072 ], [ -81.59183125823256, 41.162118714510996 ], [ -81.591607258565475, 41.162119714176647 ], [ -81.591502258784615, 41.162116714038518 ], [ -81.591398258931804, 41.16210871395927 ], [ -81.59129625915088, 41.16209471388256 ], [ -81.591134259465804, 41.162064713718934 ], [ -81.591017259658429, 41.162034713580589 ], [ -81.590903259891462, 41.161999713490133 ], [ -81.590849260053687, 41.161978713524654 ], [ -81.590631260496011, 41.161873713411424 ], [ -81.590405261092855, 41.161746713398365 ], [ -81.59016726156014, 41.161615713382467 ], [ -81.590045261887752, 41.161559713356127 ], [ -81.589919262129357, 41.161507713295777 ], [ -81.589646262724543, 41.16141371321266 ], [ -81.589096263782707, 41.161237712811584 ], [ -81.588433265162294, 41.161040712409374 ], [ -81.588272265447358, 41.161000712233367 ], [ -81.588027265876931, 41.160950712038677 ], [ -81.587867266127958, 41.160926711917099 ], [ -81.58762526659919, 41.160898711637493 ], [ -81.587196267217053, 41.160872711115829 ], [ -81.587219267623126, 41.160542711835042 ], [ -81.587222268635827, 41.159749713607397 ], [ -81.587220269357246, 41.159205714866104 ], [ -81.587232269865467, 41.15876971585169 ], [ -81.587223270051297, 41.158582716203988 ], [ -81.587243271457027, 41.15751671866677 ], [ -81.587239271879682, 41.157118719520469 ], [ -81.587246272051331, 41.157023719727853 ], [ -81.587250272352435, 41.156775720242919 ], [ -81.587263272740515, 41.156479720969784 ], [ -81.587262273042583, 41.156231721550668 ], [ -81.587262272980936, 41.156218721576948 ], [ -81.587280273816276, 41.155578723007196 ], [ -81.587271273972291, 41.155467723264216 ], [ -81.587270274287832, 41.155194723819704 ], [ -81.587270274674225, 41.154948724412534 ], [ -81.58729227597189, 41.153863726831801 ], [ -81.587287276740653, 41.153303728079756 ], [ -81.587291277137098, 41.152989728737786 ], [ -81.587287277599771, 41.15257672962862 ], [ -81.587288277751412, 41.152438729982762 ], [ -81.587290278077504, 41.152203730482221 ], [ -81.587297278365284, 41.151959731052798 ], [ -81.587302278566668, 41.151777731458438 ], [ -81.587300278898667, 41.151553731919655 ], [ -81.587299279034085, 41.151431732255858 ], [ -81.587308280192872, 41.150517734313659 ], [ -81.587299281275776, 41.149635736197752 ], [ -81.58730162794852, 41.149476766701241 ], [ -81.587324281494816, 41.149478736606156 ], [ -81.592106276940882, 41.14945174376308 ], [ -81.593002276088967, 41.149446745104292 ], [ -81.593428275683507, 41.149444745741128 ], [ -81.593485275628836, 41.149444745825726 ], [ -81.593495589343036, 41.149444655374616 ], [ -81.593615275467258, 41.149447746056019 ], [ -81.593629279908342, 41.146694752337091 ], [ -81.594212279318185, 41.146702753234386 ], [ -81.594768278976687, 41.146690754145752 ], [ -81.595760278074138, 41.14668575562284 ], [ -81.596864277192253, 41.146674757302911 ], [ -81.597075277142409, 41.146668757639326 ], [ -81.597228277025792, 41.146642757924837 ], [ -81.597239275457895, 41.14748775600998 ], [ -81.597237274428196, 41.148090754601313 ], [ -81.597241273800208, 41.148433753786563 ], [ -81.597229272249294, 41.149292751732503 ], [ -81.597380272107159, 41.149307751910115 ], [ -81.597546272016046, 41.149311752133272 ], [ -81.599959269630133, 41.149303755798151 ], [ -81.600569269095516, 41.14930375666836 ], [ -81.601449268299618, 41.149305757965827 ], [ -81.601706268076938, 41.149302758330037 ], [ -81.602670267050286, 41.149306759754865 ], [ -81.602876266945898, 41.149297760117157 ], [ -81.602999266850034, 41.149288760358182 ], [ -81.603103266761622, 41.149276760497109 ], [ -81.603206266726815, 41.149258760727342 ], [ -81.603306266640203, 41.149235760868848 ], [ -81.603389266591748, 41.149210761123484 ], [ -81.603461266570605, 41.149180761259302 ], [ -81.603528266656781, 41.149144761416878 ], [ -81.603636266636187, 41.149072761757715 ], [ -81.603720266720558, 41.149004762098222 ], [ -81.603766266790444, 41.1489567622667 ], [ -81.603837266917012, 41.148862762588742 ], [ -81.60388126700829, 41.148786762832223 ], [ -81.603942267244591, 41.148643763326056 ], [ -81.603960267521671, 41.148535763581528 ], [ -81.603966267921962, 41.148340764036483 ], [ -81.603966268518818, 41.148072764710605 ], [ -81.603956214829466, 41.147496766097227 ], [ -81.603956269709457, 41.147496766097291 ], [ -81.603952272115606, 41.147270875379441 ], [ -81.603952270218372, 41.147270766680855 ], [ -81.603944271191878, 41.146808767758856 ], [ -81.60394027188326, 41.146469768563236 ], [ -81.603938272176819, 41.146347768824398 ], [ -81.603943272320691, 41.146283769019441 ], [ -81.603948522502506, 41.146253700046415 ], [ -81.603954272412096, 41.146220769193015 ], [ -81.603972272531209, 41.14615776937346 ], [ -81.603972272898361, 41.146157768394374 ], [ -81.604010272653525, 41.146063769692901 ], [ -81.60407627282666, 41.145963770000769 ], [ -81.604130272989593, 41.145901770242958 ], [ -81.604226273040226, 41.145817770578645 ], [ -81.60425727303307, 41.145796770705594 ], [ -81.604255275613767, 41.144579773654144 ], [ -81.608075236915298, 41.144476664820331 ], [ -81.608077272591643, 41.144735779158808 ], [ -81.608082271415057, 41.145239777916828 ], [ -81.608386271198086, 41.145235778393761 ], [ -81.608604267886335, 41.145234547574809 ], [ -81.608604271009085, 41.145234778714368 ], [ -81.609094270715261, 41.145231779496001 ], [ -81.610075269954152, 41.145218781059327 ], [ -81.610419269685536, 41.145215781603106 ], [ -81.61040626983214, 41.145161781671263 ], [ -81.610426271658909, 41.144441783537232 ], [ -81.614443268872037, 41.144425789759104 ], [ -81.616336267571299, 41.144420792726109 ], [ -81.616506266610543, 41.144713792240168 ], [ -81.616526267972375, 41.144193793560483 ], [ -81.617578267306072, 41.144186795234603 ], [ -81.617578267305745, 41.144186795239342 ], [ -81.617558266594386, 41.14444479453838 ], [ -81.617538470211855, 41.144541075586275 ], [ -81.617514266006339, 41.144658793881135 ], [ -81.61751426602865, 41.144658793893655 ], [ -81.617514266024301, 41.144658793914751 ], [ -81.61769550621996, 41.144760465600974 ], [ -81.617760265465577, 41.144796793947748 ], [ -81.617869265246995, 41.144831794043846 ], [ -81.618032265084324, 41.144849794236706 ], [ -81.61814126502685, 41.144851794384685 ], [ -81.61825641530578, 41.144850580310674 ], [ -81.619089264369663, 41.14484179586691 ], [ -81.619695170763663, 41.144836876387856 ], [ -81.620320263510536, 41.144831797826363 ], [ -81.620828846178128, 41.144830863759573 ], [ -81.620864263116886, 41.144830798631425 ], [ -81.620919263086037, 41.144827798724123 ], [ -81.620974263076121, 41.144817798835291 ], [ -81.621170212928405, 41.144765496949674 ], [ -81.62124026304231, 41.144746799464308 ], [ -81.621457262516373, 41.144886799416462 ] ] ] } },
{ "type": "Feature", "properties": { "UNIQUE_ID": "Summit-:-BATH TWP G (BCL)", "PRECNAME": "BATH TWP G", "PRECCODE": "BCL", "COUNTYFP": "153", "County": "Summit", "SLDL_DIST": "031", "total_pop": 1185, "age_under18": 221, "age_18_34": 121, "age_35_64": 425, "age_65plus": 418, "pop_hispanic": 13, "pop_white": 1217, "pop_black": 4, "pop_asian": 70, "pct_hispanic": 1.0, "pct_white": 90.8, "pct_black": 0.3, "pct_asian": 5.2, "pct_native": 0.0, "pct_multi": 0.0, "med_hh_income": 173119.0, "pct_bachelors_plus": 70.275062761506277, "pct_no_hs_diploma": 1.4216736401673642, "pct_some_college": 16.97907949790795 }, "geometry": { "type": "Polygon", "coordinates": [ [ [ -81.658741265462922, 41.138766875840666 ], [ -81.658736263425766, 41.139188874543066 ], [ -81.661702262129253, 41.139191879335591 ], [ -81.661676245904872, 41.142393869217429 ], [ -81.661667240394067, 41.143483865709847 ], [ -81.661681239568964, 41.143648865290992 ], [ -81.661696239107187, 41.143730864990566 ], [ -81.661719238682963, 41.143813864822292 ], [ -81.661749238227827, 41.143895864550103 ], [ -81.66186423702743, 41.144124864035923 ], [ -81.662029236004116, 41.144309863711527 ], [ -81.662155235258183, 41.144429863518454 ], [ -81.66221923494426, 41.144484863488039 ], [ -81.662271234775957, 41.144519863464282 ], [ -81.66237323445651, 41.144569863458266 ], [ -81.662497234132928, 41.144601863480609 ], [ -81.663836229409597, 41.145331863310673 ], [ -81.663046219676701, 41.14735185567995 ], [ -81.662246215751054, 41.148251851618063 ], [ -81.662646212318705, 41.148851850355094 ], [ -81.662446211530806, 41.149051849369634 ], [ -81.663147210792829, 41.14905085042637 ], [ -81.663549207368021, 41.149650849180233 ], [ -81.664550207385204, 41.149449851291116 ], [ -81.665050204813184, 41.149865850734237 ], [ -81.66502720474233, 41.149875850621314 ], [ -81.664973204610504, 41.149904850438965 ], [ -81.664892204486435, 41.149957850141519 ], [ -81.664863204316731, 41.149981850060236 ], [ -81.664765203935431, 41.150079849581445 ], [ -81.664705203588909, 41.150161849215792 ], [ -81.664666203193306, 41.150243848891833 ], [ -81.664640202766435, 41.150326848639743 ], [ -81.664628202406746, 41.1504088483441 ], [ -81.664621201786247, 41.150531847934651 ], [ -81.664620200049981, 41.150855846898715 ], [ -81.664551187388327, 41.153289839110961 ], [ -81.664543184855049, 41.153783837502147 ], [ -81.664516180009286, 41.154730834409818 ], [ -81.664508176949184, 41.155307832583631 ], [ -81.664513175827139, 41.155535831856511 ], [ -81.6617821791788, 41.155548828039763 ], [ -81.661600179417206, 41.155552827691508 ], [ -81.6604341808616, 41.155557826056508 ], [ -81.659290182239815, 41.155570824448063 ], [ -81.658202183563745, 41.15558082289818 ], [ -81.657002185015358, 41.155594821166652 ], [ -81.65674118535199, 41.155608820753507 ], [ -81.656712187707811, 41.155126822117374 ], [ -81.656711190059184, 41.154632823705569 ], [ -81.65671919087282, 41.154450824216553 ], [ -81.656648191029262, 41.154453824170432 ], [ -81.656143183097697, 41.15623681798418 ], [ -81.655246185989782, 41.155858817817112 ], [ -81.65204618011866, 41.158051806697046 ], [ -81.651846176744641, 41.15885180399053 ], [ -81.652546175687732, 41.158851805021399 ], [ -81.652448169499237, 41.160253800600373 ], [ -81.652502168857154, 41.160371800347704 ], [ -81.652211168341225, 41.160566799342867 ], [ -81.652003169818158, 41.16030779988246 ], [ -81.651876170702664, 41.160169800057787 ], [ -81.651686171841604, 41.159975800454532 ], [ -81.651501172907047, 41.15980980062939 ], [ -81.6513301737116, 41.159684800828394 ], [ -81.651073174839695, 41.15951880098261 ], [ -81.650905175479181, 41.159421800978159 ], [ -81.650635176523338, 41.159282801043304 ], [ -81.650501177055759, 41.159225801051342 ], [ -81.650364177397833, 41.159175801045116 ], [ -81.650092178174063, 41.159101800856725 ], [ -81.649929178578304, 41.159065800786585 ], [ -81.648897180850085, 41.158880799868804 ], [ -81.648679181436421, 41.158832799717125 ], [ -81.648571181717912, 41.158798799667622 ], [ -81.64835618243734, 41.158697799724514 ], [ -81.648240182935069, 41.15861779981968 ], [ -81.648145183505008, 41.158528799919267 ], [ -81.648083183978983, 41.158448800088905 ], [ -81.648001184642567, 41.158313800349127 ], [ -81.647922185749394, 41.158095800884581 ], [ -81.647892186588081, 41.157889801467419 ], [ -81.647887187721651, 41.15764280224154 ], [ -81.647894189674602, 41.15720180348854 ], [ -81.647012190812546, 41.15720480231834 ], [ -81.646739191215829, 41.157199801942042 ], [ -81.645596192955935, 41.157157800456872 ], [ -81.645106193680334, 41.157133799844679 ], [ -81.644725194359637, 41.157109799362978 ], [ -81.644616194515166, 41.157094799327886 ], [ -81.644562194661319, 41.157079799230402 ], [ -81.644508194840441, 41.157059799263955 ], [ -81.644454195019762, 41.157032799221 ], [ -81.644346195472338, 41.156958799323554 ], [ -81.643957197147131, 41.156666799607528 ], [ -81.643880197529569, 41.156607799698754 ], [ -81.645380200317931, 41.155474805073958 ], [ -81.645448200580304, 41.155407805367823 ], [ -81.645500200793734, 41.155345805681996 ], [ -81.645552201017452, 41.155267805928268 ], [ -81.645586201197162, 41.155199806198077 ], [ -81.645613201468294, 41.155128806419917 ], [ -81.645629201792801, 41.155071806692938 ], [ -81.645644202216019, 41.154955807009806 ], [ -81.645682211887589, 41.152670813836693 ], [ -81.64382121403797, 41.152651811162357 ], [ -81.643365214501102, 41.15265181046594 ], [ -81.643270214555628, 41.152663810373085 ], [ -81.643176214605646, 41.152680810140602 ], [ -81.643083214632384, 41.152702809951116 ], [ -81.642928214584245, 41.152752809542392 ], [ -81.642625214439462, 41.152871808822127 ], [ -81.642495214398366, 41.152931808392097 ], [ -81.641808213892247, 41.153245806557294 ], [ -81.641130213467932, 41.153544804671817 ], [ -81.639083212348666, 41.154451799208481 ], [ -81.63898121223626, 41.154505798897858 ], [ -81.638890212192109, 41.154544798659153 ], [ -81.638756212235492, 41.154588798304658 ], [ -81.63863621228019, 41.154616798044081 ], [ -81.638555212308944, 41.154629797933858 ], [ -81.638127212577743, 41.1546837971852 ], [ -81.638011214818164, 41.154151798495555 ], [ -81.637860217041833, 41.153605799855249 ], [ -81.637515221797202, 41.152476802579635 ], [ -81.637540221740238, 41.152472802606084 ], [ -81.637706221663649, 41.152441802921324 ], [ -81.637796221711696, 41.152413803163128 ], [ -81.637875221769363, 41.152378803388281 ], [ -81.637957221935196, 41.152323803584125 ], [ -81.638000221962287, 41.152283803816395 ], [ -81.638027222112299, 41.15224380392894 ], [ -81.638038222297084, 41.152203804113512 ], [ -81.638045222469586, 41.152145804299046 ], [ -81.638055222609736, 41.152119804372077 ], [ -81.63809022270496, 41.152077804534507 ], [ -81.638360222996411, 41.15190980542809 ], [ -81.638434223239969, 41.151851805658019 ], [ -81.638458223282257, 41.15182180577866 ], [ -81.638476223371839, 41.151789805882551 ], [ -81.638492223624922, 41.151732806114453 ], [ -81.63850322391869, 41.151629806444049 ], [ -81.638516224192543, 41.151579806604374 ], [ -81.638618224852081, 41.151364807300787 ], [ -81.638637224968619, 41.151334807447775 ], [ -81.638677225136732, 41.151292807630192 ], [ -81.638887225444876, 41.151138808381965 ], [ -81.638918225478122, 41.151116808431837 ], [ -81.639010225699465, 41.151048808823532 ], [ -81.639051225819031, 41.15100480897263 ], [ -81.639075226027231, 41.150954809202581 ], [ -81.639084226363835, 41.150855809450512 ], [ -81.63909122851399, 41.150294811064121 ], [ -81.639078228848987, 41.150223811273044 ], [ -81.639049229158857, 41.150162811398296 ], [ -81.639001229427649, 41.150101811525303 ], [ -81.638943229702377, 41.150053811582893 ], [ -81.638867229882294, 41.150012811517591 ], [ -81.638782230103217, 41.149983811498451 ], [ -81.638709230205009, 41.149970811419074 ], [ -81.638580230357164, 41.149961811313766 ], [ -81.638225230677364, 41.149962810713731 ], [ -81.637906231049669, 41.149958810326652 ], [ -81.637800231275079, 41.149926810213437 ], [ -81.637514231374567, 41.149984809635754 ], [ -81.637259231236641, 41.150070809057539 ], [ -81.637241231404133, 41.150043809095791 ], [ -81.637506231471392, 41.149962809709493 ], [ -81.637792231403012, 41.149904810306758 ], [ -81.637803231453702, 41.149879810320577 ], [ -81.642332228818674, 41.14942281841185 ], [ -81.642723242487733, 41.146019828836629 ], [ -81.643343243334982, 41.14568283079484 ], [ -81.643548241057388, 41.146199829563912 ], [ -81.644244241818754, 41.145889831582984 ], [ -81.644464240587695, 41.14612483119658 ], [ -81.648978248124209, 41.143629845545583 ], [ -81.648476255299116, 41.142065849445437 ], [ -81.648485256439329, 41.141805850226 ], [ -81.648421257314851, 41.141598850728712 ], [ -81.649407261055927, 41.140633855166101 ], [ -81.649824262210444, 41.140341856684586 ], [ -81.649921262595484, 41.140225857207689 ], [ -81.650250263615902, 41.139960858504942 ], [ -81.650607264281774, 41.139780859628836 ], [ -81.650979264495888, 41.139698860455979 ], [ -81.651226264462224, 41.139669860969107 ], [ -81.651758264085274, 41.139722861682834 ], [ -81.652238263544064, 41.139781862258666 ], [ -81.652745262875726, 41.139870862821347 ], [ -81.653133262733746, 41.139870863408241 ], [ -81.65352026215767, 41.139938863806051 ], [ -81.653878262206177, 41.139915864463617 ], [ -81.654116262696334, 41.139781865307128 ], [ -81.654355263293283, 41.139624866128806 ], [ -81.654623264207757, 41.13940086724179 ], [ -81.654712265184756, 41.139198868042342 ], [ -81.655280264911951, 41.139198868917788 ], [ -81.655725264710242, 41.1391988696382 ], [ -81.655726266920269, 41.138727871054691 ], [ -81.657270266240616, 41.138746873519324 ], [ -81.657280268765277, 41.138225875147654 ], [ -81.657272271531482, 41.137652876953048 ], [ -81.65727427274723, 41.13738287777003 ], [ -81.656200273268567, 41.137367875998002 ], [ -81.656096273257802, 41.13736887589576 ], [ -81.656590277418914, 41.136461879439267 ], [ -81.65675227881971, 41.136171880658011 ], [ -81.655573278886237, 41.136215878552086 ], [ -81.654572277853077, 41.136501876001162 ], [ -81.65426627654621, 41.136790874658566 ], [ -81.653801274728437, 41.137227872583125 ], [ -81.654587272212808, 41.137703872346243 ], [ -81.654510271625213, 41.13783887186964 ], [ -81.654532271490325, 41.137870871805937 ], [ -81.654359269993492, 41.138188870546053 ], [ -81.654185268054704, 41.138620868933927 ], [ -81.653968266828343, 41.138915867690059 ], [ -81.653852265110388, 41.139271866389237 ], [ -81.653642264397604, 41.139457865533686 ], [ -81.653461263916853, 41.139583864813517 ], [ -81.652655264501817, 41.139534863675003 ], [ -81.651420265996919, 41.139315862393453 ], [ -81.651123266186858, 41.139323861861484 ], [ -81.651091266155831, 41.139330861744604 ], [ -81.651057266114989, 41.139339861695781 ], [ -81.65102426600663, 41.1393488616608 ], [ -81.651007266197752, 41.139326861704767 ], [ -81.650212265332868, 41.139601859555441 ], [ -81.649437262616772, 41.140274856274075 ], [ -81.647828259219807, 41.141238850880633 ], [ -81.646649256503849, 41.14203484659545 ], [ -81.64103424479336, 41.145767827031953 ], [ -81.639439246158091, 41.145712824738176 ], [ -81.639050246533287, 41.145713824135278 ], [ -81.638414246974875, 41.145714823191163 ], [ -81.637407247772018, 41.145715821586847 ], [ -81.637211247851639, 41.145717821273401 ], [ -81.637232251150451, 41.144856823822458 ], [ -81.635319252619709, 41.144848820892051 ], [ -81.631506255449651, 41.144834815033406 ], [ -81.631523260145983, 41.143479818781003 ], [ -81.629565261491749, 41.143473815788084 ], [ -81.629401261573577, 41.143475815545578 ], [ -81.62934426612091, 41.142152819063583 ], [ -81.629326287675241, 41.135847836341881 ], [ -81.629850287607695, 41.135823837245262 ], [ -81.630837287332795, 41.135822838864847 ], [ -81.630947282898163, 41.137094835567623 ], [ -81.633086282118029, 41.137112839012474 ], [ -81.633118280911106, 41.137447838113978 ], [ -81.633521280838707, 41.137424838838143 ], [ -81.633532281960996, 41.13711583974851 ], [ -81.634551281650346, 41.13709684146928 ], [ -81.6345512813174, 41.137199841147734 ], [ -81.635029281002744, 41.137228841864676 ], [ -81.63502928121423, 41.137176841950058 ], [ -81.635443281129, 41.137153842693138 ], [ -81.635468286142469, 41.135820846498525 ], [ -81.635859286045132, 41.13582084714929 ], [ -81.637336285587779, 41.135834849590545 ], [ -81.637760285475295, 41.135838850265102 ], [ -81.638083285322807, 41.13584285082726 ], [ -81.63856428518082, 41.135849851599872 ], [ -81.639340284908201, 41.135860852832799 ], [ -81.642174283983238, 41.135912857372624 ], [ -81.643538283564041, 41.135906859600539 ], [ -81.645040283176229, 41.135917862107803 ], [ -81.646241282791124, 41.135923864066427 ], [ -81.646638282701588, 41.135924864701089 ], [ -81.650283281772047, 41.135928870703793 ], [ -81.650469281644121, 41.135928871002776 ], [ -81.650552281669661, 41.135928871168083 ], [ -81.650779281548466, 41.135928871553567 ], [ -81.651080281487523, 41.135929872025329 ], [ -81.652151281147965, 41.135930873740648 ], [ -81.652424281075753, 41.135930874211837 ], [ -81.654457280493702, 41.135939877544452 ], [ -81.655487280232236, 41.135945879245519 ], [ -81.655683280166429, 41.135946879592041 ], [ -81.656572279952385, 41.135950881054292 ], [ -81.657320279728722, 41.135954882195215 ], [ -81.658282279496234, 41.135949883823578 ], [ -81.659775279000129, 41.135949886264108 ], [ -81.660440278914564, 41.135950887399716 ], [ -81.660541273490168, 41.137022884236039 ], [ -81.658741265462922, 41.138766875840666 ] ] ] } },
{ "type": "Feature", "properties": { "UNIQUE_ID": "Summit-:-BATH TWP H (BCM)-(SLDL-31)", "PRECNAME": "BATH TWP H", "PRECCODE": "BCM", "COUNTYFP": "153", "County": "Summit", "SLDL_DIST": "031", "total_pop": 1250, "age_under18": 315, "age_18_34": 203, "age_35_64": 509, "age_65plus": 223, "pop_hispanic": 28, "pop_white": 990, "pop_black": 62, "pop_asian": 18, "pct_hispanic": 2.5, "pct_white": 89.4, "pct_black": 5.6, "pct_asian": 1.6, "pct_native": 0.0, "pct_multi": 0.0, "med_hh_income": 134508.0, "pct_bachelors_plus": 74.9, "pct_no_hs_diploma": 1.9, "pct_some_college": 11.5 }, "geometry": { "type": "MultiPolygon", "coordinates": [ [ [ [ -81.60388126700829, 41.148786762832223 ], [ -81.603837266917012, 41.148862762588742 ], [ -81.603766266790444, 41.1489567622667 ], [ -81.603720266720558, 41.149004762098222 ], [ -81.603636266636187, 41.149072761757715 ], [ -81.603528266656781, 41.149144761416878 ], [ -81.603461266570605, 41.149180761259302 ], [ -81.603389266591748, 41.149210761123484 ], [ -81.603306266640203, 41.149235760868848 ], [ -81.603206266726815, 41.149258760727342 ], [ -81.603103266761622, 41.149276760497109 ], [ -81.602999266850034, 41.149288760358182 ], [ -81.602876266945898, 41.149297760117157 ], [ -81.602670267050286, 41.149306759754865 ], [ -81.601706268076938, 41.149302758330037 ], [ -81.601449268299618, 41.149305757965827 ], [ -81.600569269095516, 41.14930375666836 ], [ -81.599959269630133, 41.149303755798151 ], [ -81.597546272016046, 41.149311752133272 ], [ -81.597380272107159, 41.149307751910115 ], [ -81.597229272249294, 41.149292751732503 ], [ -81.597241273800208, 41.148433753786563 ], [ -81.597237274428196, 41.148090754601313 ], [ -81.597239275457895, 41.14748775600998 ], [ -81.597228277025792, 41.146642757924837 ], [ -81.597075277142409, 41.146668757639326 ], [ -81.596864277192253, 41.146674757302911 ], [ -81.595760278074138, 41.14668575562284 ], [ -81.594768278976687, 41.146690754145752 ], [ -81.594212279318185, 41.146702753234386 ], [ -81.593629279908342, 41.146694752337091 ], [ -81.593686283102016, 41.144605757216965 ], [ -81.594643282535472, 41.144593758778463 ], [ -81.595195282129097, 41.144586759606369 ], [ -81.597251280676474, 41.144560762887167 ], [ -81.597251280662505, 41.144573000556321 ], [ -81.59725128056715, 41.144626762716001 ], [ -81.597245379447997, 41.144918420712834 ], [ -81.59724427995171, 41.144972761892163 ], [ -81.597242820457993, 41.145059593081157 ], [ -81.597238279329304, 41.14532976104713 ], [ -81.597239187966068, 41.145427307029628 ], [ -81.597241278706605, 41.145651760279577 ], [ -81.596519279312034, 41.145641759236746 ], [ -81.596530279750908, 41.145410759746177 ], [ -81.596338733287737, 41.145405125878185 ], [ -81.5963382799344, 41.145369759572183 ], [ -81.596035280160294, 41.145370759104864 ], [ -81.596029279604878, 41.145697758333611 ], [ -81.596022278879232, 41.146124757327833 ], [ -81.596283278673141, 41.146124757725929 ], [ -81.597240277913826, 41.146126759180888 ], [ -81.597235277566568, 41.146324758708914 ], [ -81.597234277515923, 41.14635375863935 ], [ -81.597524277278154, 41.146356759073797 ], [ -81.598253623788011, 41.146363613143393 ], [ -81.600381274821984, 41.146444763234584 ], [ -81.600367273256452, 41.147271761179788 ], [ -81.600656269306583, 41.147271685145284 ], [ -81.600656272984921, 41.147271761657187 ], [ -81.600667272513689, 41.147508761107893 ], [ -81.601274271995408, 41.147506762028122 ], [ -81.601638271686284, 41.147504762581896 ], [ -81.601964271407908, 41.147503763075974 ], [ -81.602618270849518, 41.147501764067158 ], [ -81.60327227029336, 41.147498765060782 ], [ -81.603888269767921, 41.147496765994717 ], [ -81.603956214829466, 41.147496766097227 ], [ -81.603966268518818, 41.148072764710605 ], [ -81.603966267921962, 41.148340764036483 ], [ -81.603960267521671, 41.148535763581528 ], [ -81.603942267244591, 41.148643763326056 ], [ -81.60388126700829, 41.148786762832223 ] ] ], [ [ [ -81.603952270218372, 41.147270766680855 ], [ -81.603952272115606, 41.147270875379441 ], [ -81.603952270191982, 41.147270766680847 ], [ -81.603952270218372, 41.147270766680855 ] ] ] ] } },
{ "type": "Feature", "properties": { "UNIQUE_ID": "Summit-:-BOSTON HTS VILL (ARR)", "PRECNAME": "BOSTON HTS VILL", "PRECCODE": "ARR", "COUNTYFP": "153", "County": "Summit", "SLDL_DIST": "031", "total_pop": 1402, "age_under18": 321, "age_18_34": 187, "age_35_64": 642, "age_65plus": 252, "pop_hispanic": 9, "pop_white": 1265, "pop_black": 14, "pop_asian": 23, "pct_hispanic": 0.7, "pct_white": 95.6, "pct_black": 1.1, "pct_asian": 1.7, "pct_native": 0.0, "pct_multi": 0.0, "med_hh_income": 114118.0, "pct_bachelors_plus": 54.121263157894752, "pct_no_hs_diploma": 1.4694736842105263, "pct_some_college": 19.590947368421048 }, "geometry": { "type": "Polygon", "coordinates": [ [ [ -81.506535578276214, 41.226253522789314 ], [ -81.514878537792669, 41.226344527149969 ], [ -81.518972517835735, 41.226388529310817 ], [ -81.519004526157886, 41.230196524087347 ], [ -81.518983532394543, 41.232934520313563 ], [ -81.518908546671994, 41.239188511630417 ], [ -81.519193557594207, 41.244846503921458 ], [ -81.519233557365936, 41.244834503955445 ], [ -81.51928855692104, 41.244826503982168 ], [ -81.520059552436919, 41.244828504188582 ], [ -81.521428544526643, 41.244848504614225 ], [ -81.52253653815302, 41.244852504919876 ], [ -81.52326553388518, 41.244861505142396 ], [ -81.524043529393893, 41.244863505407842 ], [ -81.524409527208846, 41.24486950550768 ], [ -81.5252295223994, 41.244874505765871 ], [ -81.52570451974745, 41.244882505860495 ], [ -81.526520514904888, 41.244886506132467 ], [ -81.526946512451701, 41.244894506180273 ], [ -81.527230510848312, 41.244894506289654 ], [ -81.527444509600869, 41.244895506377063 ], [ -81.527667508248953, 41.244901506400339 ], [ -81.528073505926855, 41.2449015065447 ], [ -81.52970849637228, 41.244925506999479 ], [ -81.530145493889023, 41.244924507151133 ], [ -81.530176493683072, 41.244924507187868 ], [ -81.530818489879394, 41.24491650733507 ], [ -81.530918489309812, 41.244919507346694 ], [ -81.533141475972585, 41.244652508464256 ], [ -81.533128477861283, 41.245855506637639 ], [ -81.53313848405493, 41.250052500107991 ], [ -81.5331374879474, 41.252552495659621 ], [ -81.533030491184675, 41.254236492676263 ], [ -81.533021495098183, 41.256821488130058 ], [ -81.533006495531438, 41.257027487683175 ], [ -81.532636505491382, 41.262058478670212 ], [ -81.532637505782304, 41.262309478252291 ], [ -81.532637517875955, 41.270252464258732 ], [ -81.528437542684117, 41.27035246247992 ], [ -81.526037556660157, 41.270252461704544 ], [ -81.526034556771918, 41.270311461589522 ], [ -81.5259375602392, 41.272352457877687 ], [ -81.525940560347109, 41.272421457769276 ], [ -81.526137566379916, 41.27735244886162 ], [ -81.526142566361301, 41.277415448761076 ], [ -81.526166566698123, 41.277732448210578 ], [ -81.526089567170303, 41.27771444824905 ], [ -81.520095601113212, 41.277255446535563 ], [ -81.513751637666047, 41.277154443959176 ], [ -81.506919677143486, 41.277085441218752 ], [ -81.504803689427945, 41.277053440429853 ], [ -81.504826689634513, 41.277419439636724 ], [ -81.507090676636793, 41.277452440569022 ], [ -81.50930166986565, 41.282206432395938 ], [ -81.508727673371482, 41.282360431767337 ], [ -81.508186676570602, 41.282511431296278 ], [ -81.507893678421368, 41.282586430943581 ], [ -81.506690685678777, 41.28291842973826 ], [ -81.50662568612465, 41.282943429735482 ], [ -81.506503686835131, 41.282974429598681 ], [ -81.506257688328503, 41.283035429314467 ], [ -81.506132688794182, 41.282841429669915 ], [ -81.505314691631952, 41.281340432221533 ], [ -81.505000692706147, 41.280745433260194 ], [ -81.504872693158546, 41.280483433721948 ], [ -81.504602693914279, 41.279885434782045 ], [ -81.504472694303089, 41.279567435286452 ], [ -81.504340694709128, 41.279224435975912 ], [ -81.504128695116037, 41.278575437114995 ], [ -81.50397269536262, 41.278009438199824 ], [ -81.503822695439737, 41.277330439437236 ], [ -81.503776695333968, 41.277040439949126 ], [ -81.503535696737018, 41.277043439872372 ], [ -81.498936718734001, 41.277152439340227 ], [ -81.489434731372199, 41.277050450106614 ], [ -81.489433729816511, 41.275762452646269 ], [ -81.489439729388067, 41.275437453338064 ], [ -81.489432728517258, 41.274631454928283 ], [ -81.489433727160588, 41.273479457237499 ], [ -81.489433726766293, 41.273195457840217 ], [ -81.489434726765353, 41.273149457947852 ], [ -81.489443724874917, 41.271593461006695 ], [ -81.489445724456843, 41.271233461753567 ], [ -81.489444723783123, 41.270700462796526 ], [ -81.489446722712515, 41.269820464537958 ], [ -81.489447722416543, 41.269588465013982 ], [ -81.489457720944941, 41.268370467456016 ], [ -81.48947371945053, 41.267105469928374 ], [ -81.489453718350788, 41.266160471926582 ], [ -81.489460717945462, 41.265860472519947 ], [ -81.48946471725732, 41.265210473813362 ], [ -81.489461717042317, 41.265023474160955 ], [ -81.489468716403337, 41.264496475203003 ], [ -81.489467715529969, 41.263773476648069 ], [ -81.489483714698792, 41.263077477989498 ], [ -81.489481714578417, 41.26301147817982 ], [ -81.489475714438939, 41.262856478479677 ], [ -81.489473713967485, 41.26249347925171 ], [ -81.489477713666275, 41.262299479618761 ], [ -81.489475713280626, 41.261924480364804 ], [ -81.489479712892944, 41.261565481058632 ], [ -81.489468712595922, 41.261375481477607 ], [ -81.489535711716826, 41.260652482843341 ], [ -81.489538711227169, 41.260237483682971 ], [ -81.489533708578264, 41.258015488131882 ], [ -81.489539708315874, 41.257844488444086 ], [ -81.489548708026504, 41.257617488878495 ], [ -81.489443705347682, 41.255283493697149 ], [ -81.489436702453347, 41.252753498729355 ], [ -81.489466686222059, 41.246029509008814 ], [ -81.489524646458648, 41.233798523388785 ], [ -81.489531642073743, 41.232416525036179 ], [ -81.489529640893039, 41.232082525423252 ], [ -81.489534640240024, 41.231873525723827 ], [ -81.489484633363617, 41.229726528308454 ], [ -81.48949063199548, 41.229324528792475 ], [ -81.489495631080587, 41.229044529143465 ], [ -81.48958363120758, 41.229100528945509 ], [ -81.48960363122832, 41.229112528912076 ], [ -81.489633627015323, 41.227811530375945 ], [ -81.489576620970965, 41.225951532691319 ], [ -81.490688620901494, 41.22629753089344 ], [ -81.490731620822061, 41.226309530845441 ], [ -81.497312613751532, 41.226419522490005 ], [ -81.504462588458239, 41.226291521640199 ], [ -81.506535578276214, 41.226253522789314 ] ] ] } },
{ "type": "Feature", "properties": { "UNIQUE_ID": "Summit-:-BOSTON TWP (ARP)", "PRECNAME": "BOSTON TWP", "PRECCODE": "ARP", "COUNTYFP": "153", "County": "Summit", "SLDL_DIST": "031", "total_pop": 865, "age_under18": 162, "age_18_34": 164, "age_35_64": 332, "age_65plus": 207, "pop_hispanic": 12, "pop_white": 813, "pop_black": 0, "pop_asian": 0, "pct_hispanic": 1.4, "pct_white": 96.4, "pct_black": 0.0, "pct_asian": 0.0, "pct_native": 0.0, "pct_multi": 0.0, "med_hh_income": 66515.0, "pct_bachelors_plus": 41.155834242093775, "pct_no_hs_diploma": 8.8435114503816799, "pct_some_college": 14.112213740458021 }, "geometry": { "type": "Polygon", "coordinates": [ [ [ -81.586641216539931, 41.202652617885754 ], [ -81.590441202630032, 41.202652621006145 ], [ -81.590445198131533, 41.205784613902722 ], [ -81.590441197495707, 41.206252612852623 ], [ -81.590441196398345, 41.206964611226454 ], [ -81.590441193336844, 41.209152606321332 ], [ -81.590548184329322, 41.215109592906828 ], [ -81.590641183336089, 41.215552591953234 ], [ -81.590541183232276, 41.215952591023388 ], [ -81.590641176610177, 41.220252581327799 ], [ -81.590512175097487, 41.221691577950281 ], [ -81.590528174400887, 41.222133576996455 ], [ -81.590559171937684, 41.223720573372368 ], [ -81.590551171119586, 41.224341571980474 ], [ -81.590570170036756, 41.225060570383903 ], [ -81.590568167731931, 41.226693566711234 ], [ -81.590343160165119, 41.232744552891532 ], [ -81.590378160026987, 41.232755552859103 ], [ -81.590436159607265, 41.23278455283198 ], [ -81.590486159323206, 41.232821552830849 ], [ -81.590510159191751, 41.232850552724663 ], [ -81.590533158973443, 41.23289755264441 ], [ -81.590553158759505, 41.233006552396702 ], [ -81.59055015788698, 41.233627551032043 ], [ -81.590540157086252, 41.234191549682556 ], [ -81.590534155535252, 41.235254547289919 ], [ -81.59053015457593, 41.235942545735291 ], [ -81.590539150706476, 41.238602539741912 ], [ -81.590545150197343, 41.238992538822373 ], [ -81.590546148718516, 41.240044536436905 ], [ -81.590540148009183, 41.240513535365437 ], [ -81.590558146851023, 41.241239533784629 ], [ -81.590572145379937, 41.242204531610597 ], [ -81.590569145338449, 41.242283531402521 ], [ -81.590560145288961, 41.242362531250841 ], [ -81.590540145187006, 41.242453531040972 ], [ -81.590525144178613, 41.243274529189968 ], [ -81.590524143004373, 41.244091527302793 ], [ -81.590567141502049, 41.244957525407791 ], [ -81.590573141329273, 41.245026525211401 ], [ -81.590542141130996, 41.245335524522048 ], [ -81.590641138481644, 41.246752521324098 ], [ -81.590707136424243, 41.251369512117854 ], [ -81.590728140762977, 41.253465509187286 ], [ -81.590737141356755, 41.253759508852809 ], [ -81.590687142189992, 41.254006508487528 ], [ -81.590673144774343, 41.255112506977362 ], [ -81.590673148999656, 41.257088504225905 ], [ -81.59067715160073, 41.258278502635832 ], [ -81.590641167598022, 41.265552492555017 ], [ -81.590441172034204, 41.267051490480803 ], [ -81.59054119410645, 41.277551476016718 ], [ -81.587810210081869, 41.27759147485326 ], [ -81.587417212310953, 41.27759747464625 ], [ -81.58453622910406, 41.277639473336365 ], [ -81.579873256159303, 41.277706471244535 ], [ -81.579816256559184, 41.277707471208203 ], [ -81.571525304667176, 41.277826467538901 ], [ -81.569859314346019, 41.277850466792991 ], [ -81.568887319954484, 41.277852466326792 ], [ -81.568839320202315, 41.277855466274616 ], [ -81.565138341473286, 41.277755464842471 ], [ -81.557060388093547, 41.277750461404942 ], [ -81.557050388222606, 41.277789461362786 ], [ -81.557024388570483, 41.277849461209797 ], [ -81.55700538864447, 41.277877461211467 ], [ -81.556967388943406, 41.277911461133286 ], [ -81.556920389280961, 41.277938461063137 ], [ -81.556846389697469, 41.277960461031412 ], [ -81.55676839016644, 41.277969460949812 ], [ -81.556252393175612, 41.277953460763683 ], [ -81.555823395624998, 41.277934460602296 ], [ -81.555310398634248, 41.277971460318732 ], [ -81.555165399448001, 41.277977460253922 ], [ -81.554790401603128, 41.277969460103513 ], [ -81.554406403765597, 41.277943460005531 ], [ -81.553851406887077, 41.277881459815134 ], [ -81.553678407876149, 41.277869459802375 ], [ -81.553516408883326, 41.277864459708397 ], [ -81.553375409696201, 41.277864459624475 ], [ -81.55290541235523, 41.277889459432323 ], [ -81.55262041403023, 41.277889459294705 ], [ -81.551819418565415, 41.277856458967662 ], [ -81.551354421249073, 41.27782245889285 ], [ -81.550873423898082, 41.277776458704118 ], [ -81.550576425633565, 41.277760458666677 ], [ -81.550397426651983, 41.277756458597352 ], [ -81.549929429344743, 41.277731458370958 ], [ -81.549267433080033, 41.277718458100793 ], [ -81.548852435545072, 41.277706457950295 ], [ -81.548737436212875, 41.277699457927746 ], [ -81.548576437041717, 41.277676457910211 ], [ -81.548482437563834, 41.27766145785867 ], [ -81.54836643822712, 41.277635457860463 ], [ -81.547850440983723, 41.277503457843501 ], [ -81.547727430251612, 41.270732469153998 ], [ -81.547737429309052, 41.270252469909849 ], [ -81.544783446902727, 41.270353468655664 ], [ -81.54456544808059, 41.27032946861987 ], [ -81.544039451113008, 41.270262468481377 ], [ -81.543772452644674, 41.270256468452992 ], [ -81.543502454170579, 41.27027046829938 ], [ -81.543159456247253, 41.270295468120636 ], [ -81.532637517875955, 41.270252464258732 ], [ -81.532637505782304, 41.262309478252291 ], [ -81.532636505491382, 41.262058478670212 ], [ -81.533006495531438, 41.257027487683175 ], [ -81.533021495098183, 41.256821488130058 ], [ -81.533030491184675, 41.254236492676263 ], [ -81.5331374879474, 41.252552495659621 ], [ -81.546238408725642, 41.252652498910741 ], [ -81.548338392020113, 41.250352503236336 ], [ -81.549639383663589, 41.25005250401459 ], [ -81.549757382938665, 41.250052504093816 ], [ -81.55233836715324, 41.250052504679815 ], [ -81.556751340608812, 41.250241505429507 ], [ -81.5714012513684, 41.250214509046685 ], [ -81.575600225828552, 41.250207510097823 ], [ -81.575504228490672, 41.251247508507277 ], [ -81.577648215730051, 41.251358508861713 ], [ -81.577641213085116, 41.250046510820006 ], [ -81.577645214036878, 41.248553513869211 ], [ -81.577882212628367, 41.24855151400245 ], [ -81.578166210974643, 41.248532514064756 ], [ -81.578340209914728, 41.248515514187673 ], [ -81.578524208809682, 41.248489514294498 ], [ -81.578722207667795, 41.248454514409531 ], [ -81.579085205536003, 41.248375514620207 ], [ -81.580980194608628, 41.247902516186699 ], [ -81.581236193223916, 41.24783251634657 ], [ -81.581740190316864, 41.247709516775899 ], [ -81.5830651827075, 41.247377517870028 ], [ -81.584110176769755, 41.247108518693295 ], [ -81.584535174363225, 41.247004519076114 ], [ -81.584540176245298, 41.245317522745843 ], [ -81.584540181096614, 41.241052532055484 ], [ -81.582640190870194, 41.241952529461734 ], [ -81.580440202116449, 41.243252525963364 ], [ -81.576517224682959, 41.243252524717974 ], [ -81.575464230734866, 41.243252524347099 ], [ -81.574940233687784, 41.243252524191163 ], [ -81.574940234296633, 41.242452525804964 ], [ -81.574740237871126, 41.238452534065374 ], [ -81.571139257717505, 41.238352532844267 ], [ -81.567567277289101, 41.238612530999639 ], [ -81.56748727795393, 41.23763653282677 ], [ -81.567239280172359, 41.23425253947449 ], [ -81.567492279079858, 41.233147541760935 ], [ -81.568777272451442, 41.233107542360152 ], [ -81.569067270873205, 41.23311354249963 ], [ -81.570467263636132, 41.233088543234629 ], [ -81.571037260604584, 41.233064543508306 ], [ -81.571239259586974, 41.233058543588648 ], [ -81.570975263480079, 41.227225555245838 ], [ -81.575195242746588, 41.227148557616779 ], [ -81.575144247717418, 41.219772572879549 ], [ -81.57023927029266, 41.219152571084571 ], [ -81.569539273413696, 41.219152570641015 ], [ -81.56133831053944, 41.219252565374696 ], [ -81.560999311985455, 41.219253565216825 ], [ -81.56083031281652, 41.219252565045224 ], [ -81.560139315975462, 41.219252564693434 ], [ -81.558539323096213, 41.219252563682915 ], [ -81.557939326078056, 41.220052561811173 ], [ -81.556239334829854, 41.223352554692731 ], [ -81.555093340482884, 41.223746553306775 ], [ -81.553286349347303, 41.224367551206207 ], [ -81.553134350136261, 41.224602550711971 ], [ -81.553092350457035, 41.224800550269279 ], [ -81.553184350093261, 41.225018549936379 ], [ -81.553498348712495, 41.225312549584594 ], [ -81.553874347040605, 41.225538549384282 ], [ -81.553876346990918, 41.225602549307929 ], [ -81.553887347092854, 41.225908548729969 ], [ -81.553766347798415, 41.226112548260623 ], [ -81.553569348803634, 41.226231548016465 ], [ -81.553320350096058, 41.226358547649781 ], [ -81.553042351419023, 41.226400547371206 ], [ -81.552927352002015, 41.226417547294616 ], [ -81.552561353733438, 41.226376547151602 ], [ -81.552346354724662, 41.22625254728846 ], [ -81.552151355618349, 41.226099547431531 ], [ -81.55173635757258, 41.225913547552111 ], [ -81.551656357915178, 41.22592254754634 ], [ -81.551538358593916, 41.225952547402258 ], [ -81.550462364269748, 41.226830545292749 ], [ -81.54995436682961, 41.226830544987351 ], [ -81.546590383273298, 41.226837543244066 ], [ -81.546439384089368, 41.226824543140907 ], [ -81.54616138536035, 41.226814543066745 ], [ -81.544158395215518, 41.226819541978969 ], [ -81.54402739584755, 41.226813541917245 ], [ -81.542635402729957, 41.226818541172392 ], [ -81.542364404098578, 41.226820540969094 ], [ -81.541070410418854, 41.226824540288654 ], [ -81.540769411836166, 41.226825540143523 ], [ -81.533742446465055, 41.226858536406169 ], [ -81.532437452360881, 41.226552536157236 ], [ -81.532537456427448, 41.229552531623838 ], [ -81.532437464330286, 41.234352524119203 ], [ -81.532466467679541, 41.236682520529484 ], [ -81.531990469927791, 41.236480520713535 ], [ -81.531749471106963, 41.236385520782619 ], [ -81.531518472231284, 41.236302520788612 ], [ -81.531317473184302, 41.236235520759749 ], [ -81.531101474307007, 41.236172520756924 ], [ -81.530637476627248, 41.236054520830749 ], [ -81.53032547813487, 41.235987520789109 ], [ -81.52999547983778, 41.235924520702021 ], [ -81.529219483718435, 41.235786520562243 ], [ -81.527212493940894, 41.235438520328017 ], [ -81.526567497092955, 41.235311520158383 ], [ -81.52599349994702, 41.23518052011319 ], [ -81.525750501113308, 41.235110520177351 ], [ -81.525465502446465, 41.235035520102699 ], [ -81.525047504441545, 41.23491052009836 ], [ -81.52454750678838, 41.234751520197371 ], [ -81.524230508236371, 41.234637520152972 ], [ -81.523704510703482, 41.23443852023513 ], [ -81.523610511138031, 41.23440152022409 ], [ -81.522987513910849, 41.234158520319951 ], [ -81.522535515990938, 41.233986520353199 ], [ -81.522184517552233, 41.233859520398688 ], [ -81.521917518772383, 41.233767520397947 ], [ -81.521231521857302, 41.233546520471862 ], [ -81.520301526172389, 41.233282520348411 ], [ -81.519814528478136, 41.233151520353275 ], [ -81.518983532394543, 41.232934520313563 ], [ -81.519004526157886, 41.230196524087347 ], [ -81.518972517835735, 41.226388529310817 ], [ -81.514878537792669, 41.226344527149969 ], [ -81.506535578276214, 41.226253522789314 ], [ -81.504462588458239, 41.226291521640199 ], [ -81.497312613751532, 41.226419522490005 ], [ -81.490731620822061, 41.226309530845441 ], [ -81.490688620901494, 41.22629753089344 ], [ -81.489576620970965, 41.225951532691319 ], [ -81.489519609279554, 41.222317537048397 ], [ -81.489477601899551, 41.220029539842926 ], [ -81.489534591536426, 41.216833543561243 ], [ -81.489535591234215, 41.216753543613379 ], [ -81.489635581772063, 41.213853546960308 ], [ -81.489535560465868, 41.207253554941836 ], [ -81.489510557213862, 41.206221556151412 ], [ -81.48943554695191, 41.203053560033212 ], [ -81.489435546635747, 41.202960560194803 ], [ -81.489850546232319, 41.202958559633217 ], [ -81.490579545500466, 41.202955558655439 ], [ -81.491795544280691, 41.202964556954008 ], [ -81.492253543820041, 41.202963556379288 ], [ -81.493457542595678, 41.20297055471142 ], [ -81.494042541949327, 41.202968553913642 ], [ -81.494545541511386, 41.202974553234235 ], [ -81.494581541820082, 41.203092553044826 ], [ -81.494693542554941, 41.203339552644238 ], [ -81.494976543895405, 41.203868551668428 ], [ -81.495122544566016, 41.20412755116201 ], [ -81.495313545532881, 41.204490550449513 ], [ -81.495235546489752, 41.204747550284651 ], [ -81.495180546895597, 41.204874550166402 ], [ -81.495108547602456, 41.205036550140541 ], [ -81.494937548980516, 41.205426549919054 ], [ -81.494906549283954, 41.205500549854001 ], [ -81.495726548477549, 41.205516548733797 ], [ -81.495784549841389, 41.205973548133514 ], [ -81.495863549816278, 41.20597554797682 ], [ -81.497052549807904, 41.206380545975996 ], [ -81.497032550802601, 41.20668754563598 ], [ -81.494368553584863, 41.206680549210326 ], [ -81.494307553982395, 41.206798549138973 ], [ -81.494154555116253, 41.207083548977081 ], [ -81.494071555737676, 41.207239548916078 ], [ -81.497058552535421, 41.207237544961551 ], [ -81.500163548837435, 41.20723454123781 ], [ -81.501723542691167, 41.207216542450666 ], [ -81.502392540023891, 41.207208542916767 ], [ -81.504002533739254, 41.207193544168824 ], [ -81.505045529708724, 41.207197545032614 ], [ -81.505199516573015, 41.202930550291548 ], [ -81.507443508207913, 41.202899552160083 ], [ -81.511036494906733, 41.202852555187938 ], [ -81.511498493213949, 41.202853555560118 ], [ -81.511836491889582, 41.202852555847322 ], [ -81.516129475510965, 41.202604559723568 ], [ -81.517036472055807, 41.202552560537669 ], [ -81.530237424082003, 41.202852570941715 ], [ -81.538138395040932, 41.202852577478787 ], [ -81.538288394443413, 41.202846577578384 ], [ -81.540538386078055, 41.202752579644333 ], [ -81.550007351170464, 41.202655587637736 ], [ -81.550340349923417, 41.202652587862644 ], [ -81.552438342315455, 41.202752589417436 ], [ -81.556439327627203, 41.202852592550187 ], [ -81.564739296975361, 41.202852599410413 ], [ -81.568539283047897, 41.202752602691206 ], [ -81.569040281228638, 41.202752603160391 ], [ -81.572340269111578, 41.202752605830788 ], [ -81.572719267714319, 41.20275260617403 ], [ -81.572746267549547, 41.202752606203973 ], [ -81.573437265017915, 41.202854606526245 ], [ -81.573519264650713, 41.202851606628094 ], [ -81.582740230711082, 41.202852614181396 ], [ -81.583216228976809, 41.20279661474499 ], [ -81.584439224651234, 41.202653616072666 ], [ -81.584560224213178, 41.202659616146278 ], [ -81.586641216539931, 41.202652617885754 ] ] ] } },
{ "type": "Feature", "properties": { "UNIQUE_ID": "Summit-:-COPLEY TWP A (ARW)", "PRECNAME": "COPLEY TWP A", "PRECCODE": "ARW", "COUNTYFP": "153", "County": "Summit", "SLDL_DIST": "031", "total_pop": 2013, "age_under18": 700, "age_18_34": 299, "age_35_64": 889, "age_65plus": 125, "pop_hispanic": 27, "pop_white": 1291, "pop_black": 65, "pop_asian": 196, "pct_hispanic": 1.5, "pct_white": 74.0, "pct_black": 3.7, "pct_asian": 11.2, "pct_native": 0.0, "pct_multi": 0.0, "med_hh_income": 225396.0, "pct_bachelors_plus": 83.915201192250365, "pct_no_hs_diploma": 3.7994038748137111, "pct_some_college": 8.564381520119225 }, "geometry": { "type": "Polygon", "coordinates": [ [ [ -81.686989271620462, 41.135953931187359 ], [ -81.68437027243823, 41.135935926928255 ], [ -81.683227272944052, 41.135912925177259 ], [ -81.682249273307804, 41.135886923605156 ], [ -81.681325273798336, 41.135856922180785 ], [ -81.680422274090233, 41.135836920805545 ], [ -81.679147274576195, 41.135820918680572 ], [ -81.676805275176861, 41.135817914834369 ], [ -81.676358275345677, 41.135821914089973 ], [ -81.675269275461844, 41.135838912225651 ], [ -81.674408275656759, 41.135856910788419 ], [ -81.673577275720305, 41.135880909293697 ], [ -81.671957275876935, 41.135925906453522 ], [ -81.670432276198284, 41.135949903912184 ], [ -81.670397276121548, 41.135951903878031 ], [ -81.669397276357671, 41.135955902156873 ], [ -81.667700276923298, 41.135951899380792 ], [ -81.664219277828607, 41.135951893654124 ], [ -81.662971278259604, 41.135943891565063 ], [ -81.661646278566451, 41.135951889372031 ], [ -81.661583280988197, 41.135459890829331 ], [ -81.661580281931677, 41.135273891381047 ], [ -81.661604282988435, 41.135080892084133 ], [ -81.661603283380487, 41.134987892321327 ], [ -81.661596283685711, 41.134927892494076 ], [ -81.661561284352914, 41.134809892855962 ], [ -81.661526285141846, 41.134644893255441 ], [ -81.661519285636885, 41.13456189352015 ], [ -81.661520285853442, 41.13452089369477 ], [ -81.661538286433895, 41.134398894076305 ], [ -81.661593287429099, 41.134191894843539 ], [ -81.661623288281376, 41.134027895374082 ], [ -81.66162328845013, 41.133986895522739 ], [ -81.661612288912451, 41.133904895759414 ], [ -81.661594289289539, 41.133821895958718 ], [ -81.661582289392783, 41.133798896062792 ], [ -81.661583289583973, 41.133779896071069 ], [ -81.661468291742153, 41.133338897319575 ], [ -81.661376291754721, 41.133346897101475 ], [ -81.661294291731195, 41.133359896917774 ], [ -81.661139291494379, 41.133398896520241 ], [ -81.661119291784871, 41.133347896690303 ], [ -81.661107292111325, 41.133289896809387 ], [ -81.661112297241544, 41.132253900092437 ], [ -81.661120298345338, 41.132035900791756 ], [ -81.661127300547633, 41.131598902137874 ], [ -81.661935300766856, 41.131550903666472 ], [ -81.662210300787265, 41.131542904203727 ], [ -81.663813300604019, 41.131559906873136 ], [ -81.66531430054826, 41.131569909416541 ], [ -81.665569300513383, 41.13156290985853 ], [ -81.665573303742207, 41.130967911803005 ], [ -81.665581305212569, 41.130679912733392 ], [ -81.665598312087525, 41.129376916899261 ], [ -81.665595312795901, 41.129243917297245 ], [ -81.667467312785135, 41.129256920560472 ], [ -81.66775231287771, 41.129246921068393 ], [ -81.667758314010129, 41.129048921655432 ], [ -81.667770320380981, 41.127854925593226 ], [ -81.667776321508299, 41.127656926222407 ], [ -81.668031321465094, 41.12765292665167 ], [ -81.670536321926235, 41.12764593105662 ], [ -81.671190322090581, 41.127645932263206 ], [ -81.671407322007241, 41.127663932529146 ], [ -81.671570321823324, 41.127683932764626 ], [ -81.671788321678946, 41.127723933004951 ], [ -81.672330320930342, 41.127867933479763 ], [ -81.672587320680861, 41.127913933767815 ], [ -81.672609322017067, 41.12768393458439 ], [ -81.672598324525794, 41.127230936077162 ], [ -81.6725863343067, 41.125501941726398 ], [ -81.672585336388551, 41.125123942935048 ], [ -81.672583341236432, 41.124257945752632 ], [ -81.67259334555385, 41.123491948268317 ], [ -81.676800346931685, 41.123533955732704 ], [ -81.676798345562403, 41.123765954955829 ], [ -81.676893345913456, 41.123710955312049 ], [ -81.676724326139649, 41.127080943808387 ], [ -81.676819316704524, 41.128699938612542 ], [ -81.677823316777477, 41.128709940274845 ], [ -81.678212316760593, 41.128714940921071 ], [ -81.686061315873715, 41.128978953694691 ], [ -81.687050322421797, 41.127959958993507 ], [ -81.68703430946799, 41.13000195187535 ], [ -81.687017295318796, 41.132235944145364 ], [ -81.687002659063069, 41.134177784514989 ], [ -81.686993299567703, 41.135419533955641 ], [ -81.686989271620462, 41.135953931187359 ] ] ] } },
{ "type": "Feature", "properties": { "UNIQUE_ID": "Summit-:-COPLEY TWP B (ARX)", "PRECNAME": "COPLEY TWP B", "PRECCODE": "ARX", "COUNTYFP": "153", "County": "Summit", "SLDL_DIST": "031", "total_pop": 1715, "age_under18": 288, "age_18_34": 394, "age_35_64": 671, "age_65plus": 362, "pop_hispanic": 46, "pop_white": 1268, "pop_black": 226, "pop_asian": 146, "pct_hispanic": 2.7, "pct_white": 73.4, "pct_black": 13.1, "pct_asian": 8.5, "pct_native": 0.0, "pct_multi": 0.0, "med_hh_income": 156165.0, "pct_bachelors_plus": 78.246010483401292, "pct_no_hs_diploma": 1.2442632498543971, "pct_some_college": 12.343797320908562 }, "geometry": { "type": "Polygon", "coordinates": [ [ [ -81.661441278553269, 41.13595288908931 ], [ -81.660440278914564, 41.135950887399716 ], [ -81.659775279000129, 41.135949886264108 ], [ -81.658282279496234, 41.135949883823578 ], [ -81.657320279728722, 41.135954882195215 ], [ -81.656572279952385, 41.135950881054292 ], [ -81.655683280166429, 41.135946879592041 ], [ -81.655487280232236, 41.135945879245519 ], [ -81.654457280493702, 41.135939877544452 ], [ -81.652424281075753, 41.135930874211837 ], [ -81.652151281147965, 41.135930873740648 ], [ -81.652146281753318, 41.135807874124509 ], [ -81.652061288678368, 41.134311878519533 ], [ -81.651949293063808, 41.133341881248818 ], [ -81.651938293182226, 41.133322881326812 ], [ -81.651820294415131, 41.133060881901692 ], [ -81.651777294914524, 41.132935882160261 ], [ -81.651738295680829, 41.132783882575822 ], [ -81.651725296112019, 41.132670882911242 ], [ -81.651726297112148, 41.132473883527041 ], [ -81.6517382976498, 41.132355883889851 ], [ -81.651807299493669, 41.131936885304007 ], [ -81.651827300357553, 41.131758885878874 ], [ -81.6518473018169, 41.131430886906486 ], [ -81.652355311614087, 41.129279894251049 ], [ -81.652521314939122, 41.128567896679122 ], [ -81.654262314857107, 41.128634899521913 ], [ -81.654339314714235, 41.128651899610496 ], [ -81.654420314654132, 41.128660899747835 ], [ -81.654487314758626, 41.128660899796067 ], [ -81.654987314720316, 41.128662900740117 ], [ -81.655514314757951, 41.128663901655017 ], [ -81.656607314878229, 41.128670903448437 ], [ -81.656737314935128, 41.12866690369524 ], [ -81.656883314963522, 41.128653904054552 ], [ -81.657030315087823, 41.12862890434107 ], [ -81.657401315437497, 41.128568905185325 ], [ -81.657511315543218, 41.128553905392906 ], [ -81.657622315577171, 41.128545905635356 ], [ -81.657745315668308, 41.128542905853095 ], [ -81.657952315664375, 41.128544906205391 ], [ -81.657959316703966, 41.128318906947626 ], [ -81.657959318477253, 41.127948908081379 ], [ -81.657966319593044, 41.127721908826373 ], [ -81.65796532150091, 41.127330909975456 ], [ -81.657981322728531, 41.12708391080718 ], [ -81.658002323581044, 41.12691991131787 ], [ -81.658071325451402, 41.126531912624607 ], [ -81.658108326669364, 41.126293913463385 ], [ -81.658120327134014, 41.126178913880636 ], [ -81.658131328424062, 41.12592191464541 ], [ -81.658115330243007, 41.12555191578204 ], [ -81.658103330427863, 41.125524915860908 ], [ -81.658082331038401, 41.125399916233071 ], [ -81.657891333501198, 41.124870917512141 ], [ -81.657545335996502, 41.124324918543458 ], [ -81.65827733710347, 41.124150920397909 ], [ -81.659384339299351, 41.123790923531317 ], [ -81.663053339462635, 41.124004929491434 ], [ -81.667834339760248, 41.124245937283284 ], [ -81.667825340923997, 41.124026938007233 ], [ -81.667829341657836, 41.123902938339626 ], [ -81.667831344318969, 41.123409940012344 ], [ -81.67259334555385, 41.123491948268317 ], [ -81.672583341236432, 41.124257945752632 ], [ -81.672585336388551, 41.125123942935048 ], [ -81.6725863343067, 41.125501941726398 ], [ -81.672598324525794, 41.127230936077162 ], [ -81.672609322017067, 41.12768393458439 ], [ -81.672587320680861, 41.127913933767815 ], [ -81.672330320930342, 41.127867933479763 ], [ -81.671788321678946, 41.127723933004951 ], [ -81.671570321823324, 41.127683932764626 ], [ -81.671407322007241, 41.127663932529146 ], [ -81.671190322090581, 41.127645932263206 ], [ -81.670536321926235, 41.12764593105662 ], [ -81.668031321465094, 41.12765292665167 ], [ -81.667776321508299, 41.127656926222407 ], [ -81.667770320380981, 41.127854925593226 ], [ -81.667758314010129, 41.129048921655432 ], [ -81.66775231287771, 41.129246921068393 ], [ -81.667467312785135, 41.129256920560472 ], [ -81.665595312795901, 41.129243917297245 ], [ -81.665598312087525, 41.129376916899261 ], [ -81.665581305212569, 41.130679912733392 ], [ -81.665573303742207, 41.130967911803005 ], [ -81.665569300513383, 41.13156290985853 ], [ -81.66531430054826, 41.131569909416541 ], [ -81.663813300604019, 41.131559906873136 ], [ -81.662210300787265, 41.131542904203727 ], [ -81.661935300766856, 41.131550903666472 ], [ -81.661127300547633, 41.131598902137874 ], [ -81.661120298345338, 41.132035900791756 ], [ -81.661112297241544, 41.132253900092437 ], [ -81.661107292111325, 41.133289896809387 ], [ -81.661119291784871, 41.133347896690303 ], [ -81.661139291494379, 41.133398896520241 ], [ -81.661294291731195, 41.133359896917774 ], [ -81.661376291754721, 41.133346897101475 ], [ -81.661468291742153, 41.133338897319575 ], [ -81.661583289583973, 41.133779896071069 ], [ -81.661582289392783, 41.133798896062792 ], [ -81.661594289289539, 41.133821895958718 ], [ -81.661612288912451, 41.133904895759414 ], [ -81.66162328845013, 41.133986895522739 ], [ -81.661623288281376, 41.134027895374082 ], [ -81.661593287429099, 41.134191894843539 ], [ -81.661538286433895, 41.134398894076305 ], [ -81.661520285853442, 41.13452089369477 ], [ -81.661519285636885, 41.13456189352015 ], [ -81.661526285141846, 41.134644893255441 ], [ -81.661561284352914, 41.134809892855962 ], [ -81.661596283685711, 41.134927892494076 ], [ -81.661603283380487, 41.134987892321327 ], [ -81.661604282988435, 41.135080892084133 ], [ -81.661580281931677, 41.135273891381047 ], [ -81.661583280988197, 41.135459890829331 ], [ -81.661646278566451, 41.135951889372031 ], [ -81.661441278553269, 41.13595288908931 ] ] ] } },
{ "type": "Feature", "properties": { "UNIQUE_ID": "Summit-:-COPLEY TWP C (ARY)", "PRECNAME": "COPLEY TWP C", "PRECCODE": "ARY", "COUNTYFP": "153", "County": "Summit", "SLDL_DIST": "031", "total_pop": 1539, "age_under18": 186, "age_18_34": 278, "age_35_64": 405, "age_65plus": 670, "pop_hispanic": 63, "pop_white": 1262, "pop_black": 173, "pop_asian": 13, "pct_hispanic": 3.9, "pct_white": 78.9, "pct_black": 10.8, "pct_asian": 0.8, "pct_native": 0.0, "pct_multi": 0.9, "med_hh_income": 103217.0, "pct_bachelors_plus": 64.367912371134025, "pct_no_hs_diploma": 4.9574742268041243, "pct_some_college": 14.717912371134021 }, "geometry": { "type": "Polygon", "coordinates": [ [ [ -81.637760285475295, 41.135838850265102 ], [ -81.637336285587779, 41.135834849590545 ], [ -81.637291287651095, 41.135284851039607 ], [ -81.637273288158795, 41.135154851391754 ], [ -81.637209289638648, 41.13478385235144 ], [ -81.637183290139802, 41.134656852708424 ], [ -81.637074292766101, 41.133959854491216 ], [ -81.636977295534422, 41.133247856344035 ], [ -81.636944296520326, 41.132962857060555 ], [ -81.63762229654138, 41.132950858283991 ], [ -81.637583295264946, 41.133291857213926 ], [ -81.639355294998595, 41.133291860228887 ], [ -81.639363300540694, 41.131876864318677 ], [ -81.638596300662542, 41.131869862968081 ], [ -81.637838300596599, 41.131876861703383 ], [ -81.637625304566285, 41.130864864224719 ], [ -81.635883304477957, 41.130898861119185 ], [ -81.635624305327525, 41.130672861318928 ], [ -81.634882307730464, 41.130023861887494 ], [ -81.634716308248528, 41.129867862009021 ], [ -81.63460130868738, 41.129735862181008 ], [ -81.634482309285005, 41.129577862428746 ], [ -81.634398309786491, 41.129435862702081 ], [ -81.634331310333636, 41.12931086289985 ], [ -81.634016312643482, 41.128660864191126 ], [ -81.633964313088157, 41.128524864492476 ], [ -81.637492313325879, 41.128556870522388 ], [ -81.634284317376725, 41.127381868259079 ], [ -81.648152318936596, 41.127558892069842 ], [ -81.64845331893325, 41.127554892581159 ], [ -81.648460327594705, 41.125591898486149 ], [ -81.64814832747382, 41.125590897932959 ], [ -81.64815932900774, 41.125243899006108 ], [ -81.645680328243074, 41.125253894556792 ], [ -81.645684330974404, 41.12461089647342 ], [ -81.646551333413043, 41.124124899416024 ], [ -81.648468333965241, 41.124143902793818 ], [ -81.648467334920568, 41.123904903489908 ], [ -81.648473339084859, 41.122978906318735 ], [ -81.645957338056164, 41.122964901811308 ], [ -81.645979340250591, 41.122465903289353 ], [ -81.648203341062171, 41.122485907298568 ], [ -81.648471341222333, 41.122484907741537 ], [ -81.648475348154321, 41.120891912492851 ], [ -81.648478350248396, 41.120416913942329 ], [ -81.648384350371472, 41.120381913871505 ], [ -81.647731351089149, 41.120136913372633 ], [ -81.646153352013172, 41.119725911707697 ], [ -81.643287350982035, 41.119598906722395 ], [ -81.642269349551768, 41.119798904242167 ], [ -81.641131348975804, 41.119798902172356 ], [ -81.641132346028158, 41.12053290007016 ], [ -81.641133345221135, 41.120720899545574 ], [ -81.64089034430755, 41.120903898563085 ], [ -81.640512343090492, 41.121189897025573 ], [ -81.638319341955636, 41.121181892978292 ], [ -81.638017341826227, 41.121180892502601 ], [ -81.638394344470754, 41.120571894887391 ], [ -81.63875234681845, 41.120011897159308 ], [ -81.639118349334794, 41.119415899552529 ], [ -81.639235350086167, 41.119222900330676 ], [ -81.639453351704802, 41.118864901716918 ], [ -81.639855354544281, 41.118207904400727 ], [ -81.640139356459684, 41.117749906202661 ], [ -81.640752361025932, 41.11672291037204 ], [ -81.642179371509926, 41.114384919793423 ], [ -81.642841376741032, 41.113252924384767 ], [ -81.642913377332178, 41.113121924865858 ], [ -81.643125379056997, 41.112739926384194 ], [ -81.64337738126315, 41.11227392823745 ], [ -81.643422381580308, 41.11219792860129 ], [ -81.643856385084334, 41.111456931560433 ], [ -81.644021386379904, 41.111174932764428 ], [ -81.644332388968451, 41.110625934948985 ], [ -81.644377389459379, 41.110538935267755 ], [ -81.6444563902661, 41.110359935973783 ], [ -81.644515390979464, 41.11018693657946 ], [ -81.64391139034953, 41.110193935407196 ], [ -81.643090389544469, 41.110189933744635 ], [ -81.641164387534133, 41.110192929951893 ], [ -81.640300386632816, 41.110194928306257 ], [ -81.638093384343023, 41.11018592398856 ], [ -81.636984383154555, 41.110184921754097 ], [ -81.635415381523927, 41.110184918666491 ], [ -81.634496380593603, 41.11018491689196 ], [ -81.634012380023037, 41.110183915959759 ], [ -81.630904376906088, 41.110179909816175 ], [ -81.628730374542258, 41.110177905561571 ], [ -81.627396373206551, 41.110186902906264 ], [ -81.627206373016023, 41.110183902473672 ], [ -81.625729371475131, 41.110178899593841 ], [ -81.624168369797971, 41.11017489651875 ], [ -81.624222374192058, 41.108814900309163 ], [ -81.623233373072281, 41.108794898376949 ], [ -81.623235368808707, 41.110171894696016 ], [ -81.621422367013125, 41.110169891134788 ], [ -81.620792366289265, 41.110169889958669 ], [ -81.620097365563709, 41.110175888531089 ], [ -81.619975365495208, 41.110177888288 ], [ -81.619628364980329, 41.110190887584018 ], [ -81.619455364844541, 41.110208887224232 ], [ -81.619277364504711, 41.11024488677176 ], [ -81.619174364332011, 41.110271886488242 ], [ -81.619050364107295, 41.110310886080953 ], [ -81.617612361045502, 41.110847881883892 ], [ -81.616473358720711, 41.111274878555868 ], [ -81.616301358421794, 41.111342878057094 ], [ -81.616024357803951, 41.111447877193953 ], [ -81.615845357473276, 41.111535876685799 ], [ -81.615757357593949, 41.111423876762949 ], [ -81.615537358294802, 41.111083877241292 ], [ -81.615325359092779, 41.110742877629242 ], [ -81.615076359867558, 41.110348878158888 ], [ -81.614987360198242, 41.110199878384691 ], [ -81.614943360415168, 41.110083878579843 ], [ -81.614914360811639, 41.109951878866127 ], [ -81.614898361557493, 41.109662879573172 ], [ -81.614881364918446, 41.108369882881306 ], [ -81.614862366172204, 41.107897884098115 ], [ -81.614874366279849, 41.107851884217013 ], [ -81.614907366546774, 41.107805884404236 ], [ -81.614965366693255, 41.10776588459936 ], [ -81.614991366738153, 41.10775588467019 ], [ -81.615054366865152, 41.107741884851535 ], [ -81.615737367638303, 41.107749886163873 ], [ -81.619404371937449, 41.107742893557081 ], [ -81.619395373891251, 41.107073895291137 ], [ -81.619397374708271, 41.106797896020048 ], [ -81.617043372714079, 41.106452892128914 ], [ -81.613196374741463, 41.103856891028258 ], [ -81.611761375241173, 41.102859890592391 ], [ -81.611675375371732, 41.102778890581497 ], [ -81.616417382058557, 41.102796900339762 ], [ -81.619086385828226, 41.102807905833181 ], [ -81.619394386196532, 41.1028089064448 ], [ -81.625595395023751, 41.102832919122335 ], [ -81.630803402242975, 41.10285292984846 ], [ -81.631504403338553, 41.102853931241491 ], [ -81.631724403590766, 41.1028539317156 ], [ -81.638189412696121, 41.10287594495265 ], [ -81.640680416194186, 41.102885950111308 ], [ -81.640893416405163, 41.102887950517903 ], [ -81.641305417067997, 41.102885951369132 ], [ -81.643989420762168, 41.102894956917922 ], [ -81.644494421514466, 41.10289195790736 ], [ -81.644618421746458, 41.102887958172872 ], [ -81.644615421054539, 41.103037957786718 ], [ -81.646022423319877, 41.102970960862201 ], [ -81.646996424867069, 41.102946962954356 ], [ -81.64777042588041, 41.10296296447715 ], [ -81.648392426966595, 41.102922965843781 ], [ -81.648855427003653, 41.103066966432145 ], [ -81.649541426809208, 41.1033219670893 ], [ -81.650036426694982, 41.103505967536677 ], [ -81.650866427511815, 41.103569969009634 ], [ -81.651879428191052, 41.103736970596849 ], [ -81.652534428848796, 41.103784971789217 ], [ -81.652845428812128, 41.103880972118922 ], [ -81.653084428112223, 41.104111971914087 ], [ -81.65345942815388, 41.10421597242005 ], [ -81.654146428623875, 41.104311973453548 ], [ -81.654545429084379, 41.104311974311329 ], [ -81.654840429900304, 41.104231975185556 ], [ -81.655311430267801, 41.104279975986529 ], [ -81.655606430708275, 41.104263976613488 ], [ -81.655989431493367, 41.10422297751068 ], [ -81.655694420121876, 41.106519969848776 ], [ -81.655619417479599, 41.107052968084361 ], [ -81.655583416119441, 41.107344967141067 ], [ -81.655264403993868, 41.109808958960201 ], [ -81.655147399864376, 41.110672956071532 ], [ -81.655036395571614, 41.111561953095141 ], [ -81.65530439581147, 41.111560953662753 ], [ -81.655138389573253, 41.112830949432187 ], [ -81.654605370087509, 41.116871936015656 ], [ -81.65441436323394, 41.118315931328432 ], [ -81.654182354979397, 41.120053925575895 ], [ -81.654096351727929, 41.120738923316985 ], [ -81.65401134860268, 41.121382921146207 ], [ -81.653866343423616, 41.122488917543357 ], [ -81.653807341498691, 41.122884916249468 ], [ -81.653747339922035, 41.123235915065521 ], [ -81.65362633727743, 41.123799913134967 ], [ -81.653529335245167, 41.124231911616739 ], [ -81.653490334407437, 41.124406911046876 ], [ -81.65335033160386, 41.124989908989036 ], [ -81.653033325122053, 41.126370904276094 ], [ -81.652793320406502, 41.127396900702749 ], [ -81.652707318624749, 41.127765899464805 ], [ -81.652521314939122, 41.128567896679122 ], [ -81.652355311614087, 41.129279894251049 ], [ -81.6518473018169, 41.131430886906486 ], [ -81.651827300357553, 41.131758885878874 ], [ -81.651807299493669, 41.131936885304007 ], [ -81.6517382976498, 41.132355883889851 ], [ -81.651726297112148, 41.132473883527041 ], [ -81.651725296112019, 41.132670882911242 ], [ -81.651738295680829, 41.132783882575822 ], [ -81.651777294914524, 41.132935882160261 ], [ -81.651820294415131, 41.133060881901692 ], [ -81.651938293182226, 41.133322881326812 ], [ -81.651949293063808, 41.133341881248818 ], [ -81.652061288678368, 41.134311878519533 ], [ -81.652146281753318, 41.135807874124509 ], [ -81.652151281147965, 41.135930873740648 ], [ -81.651080281487523, 41.135929872025329 ], [ -81.650779281548466, 41.135928871553567 ], [ -81.650552281669661, 41.135928871168083 ], [ -81.650469281644121, 41.135928871002776 ], [ -81.650283281772047, 41.135928870703793 ], [ -81.646638282701588, 41.135924864701089 ], [ -81.646241282791124, 41.135923864066427 ], [ -81.645040283176229, 41.135917862107803 ], [ -81.643538283564041, 41.135906859600539 ], [ -81.642174283983238, 41.135912857372624 ], [ -81.639340284908201, 41.135860852832799 ], [ -81.63856428518082, 41.135849851599872 ], [ -81.638083285322807, 41.13584285082726 ], [ -81.637760285475295, 41.135838850265102 ] ], [ [ -81.638364293811449, 41.133643857539191 ], [ -81.639164293718252, 41.133635858860792 ], [ -81.639165294014134, 41.133551859103456 ], [ -81.639354293994515, 41.133554859464304 ], [ -81.639355294898152, 41.133332860109441 ], [ -81.639208294779294, 41.133342859842756 ], [ -81.639061294776482, 41.13336685945896 ], [ -81.638877294549857, 41.133413859079567 ], [ -81.638726294423549, 41.133467858651073 ], [ -81.638525294012268, 41.133563858037178 ], [ -81.638364293811449, 41.133643857539191 ] ] ] } },
{ "type": "Feature", "properties": { "UNIQUE_ID": "Summit-:-COPLEY TWP D (ASD)", "PRECNAME": "COPLEY TWP D", "PRECCODE": "ASD", "COUNTYFP": "153", "County": "Summit", "SLDL_DIST": "031", "total_pop": 1416, "age_under18": 433, "age_18_34": 223, "age_35_64": 669, "age_65plus": 91, "pop_hispanic": 7, "pop_white": 1198, "pop_black": 50, "pop_asian": 8, "pct_hispanic": 0.5, "pct_white": 92.3, "pct_black": 3.9, "pct_asian": 0.6, "pct_native": 0.0, "pct_multi": 0.0, "med_hh_income": 210027.0, "pct_bachelors_plus": 88.459745762711862, "pct_no_hs_diploma": 0.58827683615819204, "pct_some_college": 7.8879943502824865 }, "geometry": { "type": "Polygon", "coordinates": [ [ [ -81.687186249620339, 41.118865795134163 ], [ -81.687160372342134, 41.120121986214002 ], [ -81.687144366951586, 41.12096098329264 ], [ -81.687121359931098, 41.122078979405984 ], [ -81.687089349978606, 41.123641973961057 ], [ -81.687089349821022, 41.12366606331171 ], [ -81.687089348266909, 41.12390467674512 ], [ -81.68708934688128, 41.124118972278794 ], [ -81.687100346402488, 41.124196972050861 ], [ -81.687066333684939, 41.126202965049458 ], [ -81.687065072414342, 41.126323400773394 ], [ -81.687058826425314, 41.126919813106483 ], [ -81.687055327005965, 41.127253961394786 ], [ -81.687050322421797, 41.127959958993507 ], [ -81.686061315873715, 41.128978953694691 ], [ -81.678212316760593, 41.128714940921071 ], [ -81.677823316777477, 41.128709940274845 ], [ -81.676819316704524, 41.128699938612542 ], [ -81.676724326139649, 41.127080943808387 ], [ -81.676893345913456, 41.123710955312049 ], [ -81.676798345562403, 41.123765954955829 ], [ -81.676800346931685, 41.123533955732704 ], [ -81.67259334555385, 41.123491948268317 ], [ -81.672593345803449, 41.123456948377083 ], [ -81.672591347718523, 41.12310394959168 ], [ -81.672597348790561, 41.122925950122301 ], [ -81.67261235263922, 41.122243952428427 ], [ -81.672621352894367, 41.122190952608882 ], [ -81.672671353991916, 41.122011953316843 ], [ -81.672678354699386, 41.12188395369791 ], [ -81.672678355387987, 41.12175995412926 ], [ -81.672677358685917, 41.121176956082962 ], [ -81.672684363156563, 41.120376958655136 ], [ -81.67267836388406, 41.120236959099202 ], [ -81.672660364499066, 41.1201409593832 ], [ -81.672621365088318, 41.120019959777252 ], [ -81.672564365778413, 41.119901960039932 ], [ -81.672488366401268, 41.119780960281766 ], [ -81.672394367042685, 41.119663960483507 ], [ -81.672291367484164, 41.119554960676368 ], [ -81.672223367888719, 41.119492960732046 ], [ -81.672318368373709, 41.119418961167447 ], [ -81.672579369348384, 41.119266962147087 ], [ -81.672821370191926, 41.119138962988877 ], [ -81.6729823706616, 41.119072963549449 ], [ -81.67318537115257, 41.119008964067405 ], [ -81.67329037135184, 41.11898096435371 ], [ -81.67348937160989, 41.11894696487812 ], [ -81.673703371857599, 41.118924965313546 ], [ -81.673802371946422, 41.118921965531825 ], [ -81.674972372658971, 41.118927967717234 ], [ -81.675082372680677, 41.118924967875749 ], [ -81.675174372868852, 41.118912968077964 ], [ -81.675269373048295, 41.118889968379541 ], [ -81.675354373240665, 41.118859968672261 ], [ -81.675427373585308, 41.118823968876995 ], [ -81.675501373859646, 41.118776969218914 ], [ -81.675559374123722, 41.118727969435703 ], [ -81.675611374493585, 41.118676969729123 ], [ -81.675659374877284, 41.118617969971652 ], [ -81.675690375170689, 41.118563970236266 ], [ -81.675717375718463, 41.118469970562224 ], [ -81.675729376529929, 41.118339971051597 ], [ -81.67570537702214, 41.118238971346386 ], [ -81.675651377724421, 41.118128971612741 ], [ -81.675439379435588, 41.117804972311617 ], [ -81.674283389106421, 41.115971976126701 ], [ -81.674199389857748, 41.115832976492776 ], [ -81.674030391095542, 41.115594976927177 ], [ -81.673904391941107, 41.115429977245498 ], [ -81.673785392749494, 41.115262977517538 ], [ -81.673692393663927, 41.115095977948798 ], [ -81.673654394042757, 41.115012978099202 ], [ -81.673604394805295, 41.114871978495962 ], [ -81.67355039610699, 41.114641979147237 ], [ -81.673538396687604, 41.114542979422659 ], [ -81.673538397320769, 41.114415979865399 ], [ -81.673546398057496, 41.114297980242846 ], [ -81.673584399505302, 41.114043981172749 ], [ -81.673973399620834, 41.11408298177416 ], [ -81.674141399616829, 41.114100982065885 ], [ -81.675713400030375, 41.114272984531532 ], [ -81.675967399967902, 41.114304984882523 ], [ -81.67641939999875, 41.114374985569725 ], [ -81.676637399898723, 41.114412985858259 ], [ -81.677288399802649, 41.114540986667649 ], [ -81.677451399575077, 41.114582986782843 ], [ -81.678048398996552, 41.114767987353225 ], [ -81.678306398679325, 41.114853987555072 ], [ -81.678699398220004, 41.114996987825101 ], [ -81.679025397936144, 41.115091988134395 ], [ -81.679242397752631, 41.115135988414451 ], [ -81.679459397771979, 41.115169988714648 ], [ -81.679731397758204, 41.115202989056911 ], [ -81.680601397959947, 41.115295990401492 ], [ -81.681001398013493, 41.115333991099689 ], [ -81.68158039806201, 41.115390991948779 ], [ -81.68250439833588, 41.115476993435699 ], [ -81.68370139855918, 41.115578995391843 ], [ -81.684081398701849, 41.115617995954466 ], [ -81.684462398696994, 41.115649996615623 ], [ -81.685169398812789, 41.11571999773075 ], [ -81.686964399193002, 41.115877000590658 ], [ -81.687233399261473, 41.11590400097279 ], [ -81.687210387870294, 41.117693994711381 ], [ -81.68720454256048, 41.117977760045491 ], [ -81.687186249620339, 41.118865795134163 ] ] ] } },
{ "type": "Feature", "properties": { "UNIQUE_ID": "Summit-:-COPLEY TWP E (ASE)", "PRECNAME": "COPLEY TWP E", "PRECCODE": "ASE", "COUNTYFP": "153", "County": "Summit", "SLDL_DIST": "031", "total_pop": 1418, "age_under18": 387, "age_18_34": 192, "age_35_64": 628, "age_65plus": 211, "pop_hispanic": 22, "pop_white": 1200, "pop_black": 92, "pop_asian": 29, "pct_hispanic": 1.6, "pct_white": 86.5, "pct_black": 6.6, "pct_asian": 2.1, "pct_native": 0.0, "pct_multi": 0.0, "med_hh_income": 173137.0, "pct_bachelors_plus": 80.010437235543037, "pct_no_hs_diploma": 0.80677009873060646, "pct_some_college": 11.435966149506347 }, "geometry": { "type": "Polygon", "coordinates": [ [ [ -81.67259334555385, 41.123491948268317 ], [ -81.667831344318969, 41.123409940012344 ], [ -81.667832345826113, 41.123133940882042 ], [ -81.667833346969033, 41.122904941596062 ], [ -81.667841350667729, 41.122231943789927 ], [ -81.667850352490419, 41.121881944912332 ], [ -81.667857353771595, 41.1216419456685 ], [ -81.663427352241811, 41.121558937908674 ], [ -81.663380352143051, 41.121557937805719 ], [ -81.663426353644041, 41.121269938746565 ], [ -81.663484356119341, 41.120806940330574 ], [ -81.663519356756794, 41.120683940793363 ], [ -81.663576357492914, 41.12054194139241 ], [ -81.663711359084473, 41.120244942552318 ], [ -81.663749359527117, 41.120180942794619 ], [ -81.66333035987671, 41.120062942438437 ], [ -81.663026360145722, 41.119962942192878 ], [ -81.662879360336191, 41.119930941996444 ], [ -81.662716360285174, 41.119903941826301 ], [ -81.662525360374829, 41.119885941520451 ], [ -81.66218436033482, 41.119848940968055 ], [ -81.6620063603945, 41.11981394072609 ], [ -81.661915360556193, 41.11978494070874 ], [ -81.66170936074117, 41.119704940596691 ], [ -81.661638360964432, 41.119669940576102 ], [ -81.661561361160153, 41.119621940525228 ], [ -81.661467361456658, 41.119551940581644 ], [ -81.661359361765648, 41.119463940675068 ], [ -81.661253362297543, 41.119350940806534 ], [ -81.660919364144362, 41.11895794141828 ], [ -81.660782364893223, 41.118780941744852 ], [ -81.660718365323817, 41.118682941947945 ], [ -81.660599366467835, 41.118451942407624 ], [ -81.660560366900896, 41.11836094266296 ], [ -81.66049036783204, 41.118155943150541 ], [ -81.660463368366791, 41.118061943375004 ], [ -81.660425369183756, 41.117870943947835 ], [ -81.660406370000103, 41.117712944390277 ], [ -81.660400370853353, 41.117554944891296 ], [ -81.660413374186746, 41.1168719469891 ], [ -81.660413376462913, 41.116418948391853 ], [ -81.660407377727878, 41.11616694919806 ], [ -81.660437379176315, 41.115889950162568 ], [ -81.660479380158193, 41.115698950818441 ], [ -81.660511380630453, 41.115598951149906 ], [ -81.660591381664631, 41.115403951977754 ], [ -81.660630382041816, 41.115330952276985 ], [ -81.6607493830018, 41.115159953054103 ], [ -81.660813383468323, 41.115086953400265 ], [ -81.660896383967582, 41.115002953802929 ], [ -81.661017384495267, 41.114909954335175 ], [ -81.661127384946326, 41.114839954695618 ], [ -81.661237385343668, 41.11477995515628 ], [ -81.661343385677768, 41.114729955528801 ], [ -81.661443385972291, 41.114687955825666 ], [ -81.66154138620962, 41.114653956154513 ], [ -81.66174538664292, 41.114599956659433 ], [ -81.661823386769683, 41.114585956825024 ], [ -81.661951386927143, 41.114574957123665 ], [ -81.66213538719407, 41.114565957519673 ], [ -81.662263387235356, 41.114564957768003 ], [ -81.662593387510896, 41.11457695835955 ], [ -81.662752387519234, 41.114588958620445 ], [ -81.663131387578446, 41.114639959205419 ], [ -81.663455387631032, 41.114694959640339 ], [ -81.663739387521915, 41.114742959998644 ], [ -81.664203387491341, 41.114827960656989 ], [ -81.664401387458526, 41.114873960852833 ], [ -81.664961387120158, 41.11502696151156 ], [ -81.66518138700259, 41.115073961719482 ], [ -81.665353386979191, 41.115101962021932 ], [ -81.665624387016408, 41.115136962409089 ], [ -81.665969387154178, 41.115151962968625 ], [ -81.666138387410342, 41.115138963335482 ], [ -81.666090389666735, 41.114712964634599 ], [ -81.66607839175856, 41.114317965886372 ], [ -81.666081392808351, 41.114102966602879 ], [ -81.666089393459842, 41.113981967000782 ], [ -81.667920395198649, 41.113962970580523 ], [ -81.667933395651801, 41.113866970890172 ], [ -81.667917397319471, 41.113564971864264 ], [ -81.667906400728029, 41.112923973893537 ], [ -81.667922408835921, 41.111414978739425 ], [ -81.667920411922708, 41.110853980574603 ], [ -81.668189412065118, 41.110867981046084 ], [ -81.669495413402871, 41.110868983560671 ], [ -81.66977241374066, 41.110865984157961 ], [ -81.669769407709452, 41.11196298062292 ], [ -81.669763405134518, 41.112419979103542 ], [ -81.669767404966279, 41.11246597896244 ], [ -81.669778404716595, 41.112501978905648 ], [ -81.669803404547295, 41.112535978845138 ], [ -81.669842404430241, 41.112560978762318 ], [ -81.669891404441358, 41.112576978840657 ], [ -81.669933404450276, 41.112582978860381 ], [ -81.671787406218726, 41.112579982470329 ], [ -81.671798412059132, 41.111524985937791 ], [ -81.671797415794586, 41.110864988159292 ], [ -81.672010415982157, 41.110869988559365 ], [ -81.672054416002396, 41.110870988604809 ], [ -81.674503418443777, 41.110868993456158 ], [ -81.674796418723616, 41.110873993949291 ], [ -81.67613742004832, 41.110877996593267 ], [ -81.676433420362144, 41.110873997153341 ], [ -81.676496418420186, 41.111228996155269 ], [ -81.676558416950158, 41.111476995470277 ], [ -81.676596416343543, 41.111599995056757 ], [ -81.676693414902246, 41.111847994471503 ], [ -81.676770414057273, 41.112012994042033 ], [ -81.676906412712725, 41.112260993495816 ], [ -81.677037411685831, 41.112467993077871 ], [ -81.677203410446623, 41.112701992575168 ], [ -81.677358409369376, 41.112898992278609 ], [ -81.677489408706663, 41.113046992051387 ], [ -81.677605408014102, 41.113180991782386 ], [ -81.677712407464512, 41.113279991692089 ], [ -81.678162405689534, 41.113656991268577 ], [ -81.678301405127442, 41.113780991157839 ], [ -81.678341404861513, 41.113822991064445 ], [ -81.678404404446155, 41.113904990911401 ], [ -81.678476403727913, 41.114028990636157 ], [ -81.678507403233411, 41.114111990400573 ], [ -81.678524402863516, 41.11419399021144 ], [ -81.678527402137732, 41.114317989727653 ], [ -81.678517401639624, 41.114399989472673 ], [ -81.678507401304543, 41.114440989336174 ], [ -81.678422400040006, 41.114646988436611 ], [ -81.678306398679325, 41.114853987555072 ], [ -81.678048398996552, 41.114767987353225 ], [ -81.677451399575077, 41.114582986782843 ], [ -81.677288399802649, 41.114540986667649 ], [ -81.676637399898723, 41.114412985858259 ], [ -81.67641939999875, 41.114374985569725 ], [ -81.675967399967902, 41.114304984882523 ], [ -81.675713400030375, 41.114272984531532 ], [ -81.674141399616829, 41.114100982065885 ], [ -81.673973399620834, 41.11408298177416 ], [ -81.673584399505302, 41.114043981172749 ], [ -81.673546398057496, 41.114297980242846 ], [ -81.673538397320769, 41.114415979865399 ], [ -81.673538396687604, 41.114542979422659 ], [ -81.67355039610699, 41.114641979147237 ], [ -81.673604394805295, 41.114871978495962 ], [ -81.673654394042757, 41.115012978099202 ], [ -81.673692393663927, 41.115095977948798 ], [ -81.673785392749494, 41.115262977517538 ], [ -81.673904391941107, 41.115429977245498 ], [ -81.674030391095542, 41.115594976927177 ], [ -81.674199389857748, 41.115832976492776 ], [ -81.674283389106421, 41.115971976126701 ], [ -81.675439379435588, 41.117804972311617 ], [ -81.675651377724421, 41.118128971612741 ], [ -81.67570537702214, 41.118238971346386 ], [ -81.675729376529929, 41.118339971051597 ], [ -81.675717375718463, 41.118469970562224 ], [ -81.675690375170689, 41.118563970236266 ], [ -81.675659374877284, 41.118617969971652 ], [ -81.675611374493585, 41.118676969729123 ], [ -81.675559374123722, 41.118727969435703 ], [ -81.675501373859646, 41.118776969218914 ], [ -81.675427373585308, 41.118823968876995 ], [ -81.675354373240665, 41.118859968672261 ], [ -81.675269373048295, 41.118889968379541 ], [ -81.675174372868852, 41.118912968077964 ], [ -81.675082372680677, 41.118924967875749 ], [ -81.674972372658971, 41.118927967717234 ], [ -81.673802371946422, 41.118921965531825 ], [ -81.673703371857599, 41.118924965313546 ], [ -81.67348937160989, 41.11894696487812 ], [ -81.67329037135184, 41.11898096435371 ], [ -81.67318537115257, 41.119008964067405 ], [ -81.6729823706616, 41.119072963549449 ], [ -81.672821370191926, 41.119138962988877 ], [ -81.672579369348384, 41.119266962147087 ], [ -81.672318368373709, 41.119418961167447 ], [ -81.672223367888719, 41.119492960732046 ], [ -81.672291367484164, 41.119554960676368 ], [ -81.672394367042685, 41.119663960483507 ], [ -81.672488366401268, 41.119780960281766 ], [ -81.672564365778413, 41.119901960039932 ], [ -81.672621365088318, 41.120019959777252 ], [ -81.672660364499066, 41.1201409593832 ], [ -81.67267836388406, 41.120236959099202 ], [ -81.672684363156563, 41.120376958655136 ], [ -81.672677358685917, 41.121176956082962 ], [ -81.672678355387987, 41.12175995412926 ], [ -81.672678354699386, 41.12188395369791 ], [ -81.672671353991916, 41.122011953316843 ], [ -81.672621352894367, 41.122190952608882 ], [ -81.67261235263922, 41.122243952428427 ], [ -81.672597348790561, 41.122925950122301 ], [ -81.672591347718523, 41.12310394959168 ], [ -81.672593345803449, 41.123456948377083 ], [ -81.67259334555385, 41.123491948268317 ] ] ] } },
{ "type": "Feature", "properties": { "UNIQUE_ID": "Summit-:-COPLEY TWP F (ASF)", "PRECNAME": "COPLEY TWP F", "PRECCODE": "ASF", "COUNTYFP": "153", "County": "Summit", "SLDL_DIST": "031", "total_pop": 1337, "age_under18": 239, "age_18_34": 285, "age_35_64": 563, "age_65plus": 250, "pop_hispanic": 48, "pop_white": 1042, "pop_black": 186, "pop_asian": 96, "pct_hispanic": 3.5, "pct_white": 76.7, "pct_black": 13.7, "pct_asian": 7.1, "pct_native": 0.0, "pct_multi": 0.0, "med_hh_income": 150000.0, "pct_bachelors_plus": 76.9, "pct_no_hs_diploma": 1.4, "pct_some_college": 12.9 }, "geometry": { "type": "Polygon", "coordinates": [ [ [ -81.654262314857107, 41.128634899521913 ], [ -81.652521314939122, 41.128567896679122 ], [ -81.652707318624749, 41.127765899464805 ], [ -81.652793320406502, 41.127396900702749 ], [ -81.653033325122053, 41.126370904276094 ], [ -81.65335033160386, 41.124989908989036 ], [ -81.653490334407437, 41.124406911046876 ], [ -81.653529335245167, 41.124231911616739 ], [ -81.65362633727743, 41.123799913134967 ], [ -81.653747339922035, 41.123235915065521 ], [ -81.653807341498691, 41.122884916249468 ], [ -81.653866343423616, 41.122488917543357 ], [ -81.65401134860268, 41.121382921146207 ], [ -81.654096351727929, 41.120738923316985 ], [ -81.654182354979397, 41.120053925575895 ], [ -81.65441436323394, 41.118315931328432 ], [ -81.654605370087509, 41.116871936015656 ], [ -81.655138389573253, 41.112830949432187 ], [ -81.65530439581147, 41.111560953662753 ], [ -81.657129397563736, 41.111559957186905 ], [ -81.657455397936914, 41.111556957871095 ], [ -81.657619398076406, 41.111558958201442 ], [ -81.657891398239201, 41.111573958632931 ], [ -81.658108398318731, 41.111603958955257 ], [ -81.658217398330322, 41.111624959116007 ], [ -81.658380398224409, 41.111665959362384 ], [ -81.658596398117879, 41.11173895948837 ], [ -81.658813397937166, 41.111821959645994 ], [ -81.658921397786656, 41.111867959755727 ], [ -81.659137397556066, 41.111968959903876 ], [ -81.659842396736508, 41.112260960331874 ], [ -81.660329396162581, 41.112459960654483 ], [ -81.661390395061517, 41.112875961392618 ], [ -81.662296394167853, 41.113213962113626 ], [ -81.663681392606208, 41.113746963122615 ], [ -81.663936392445279, 41.113836963295576 ], [ -81.664131392355031, 41.113890963497212 ], [ -81.664335392277991, 41.113930963788583 ], [ -81.664514392270902, 41.113957964019278 ], [ -81.664690392363568, 41.113973964343167 ], [ -81.66490439247562, 41.113982964698849 ], [ -81.666089393459842, 41.113981967000782 ], [ -81.666081392808351, 41.114102966602879 ], [ -81.66607839175856, 41.114317965886372 ], [ -81.666090389666735, 41.114712964634599 ], [ -81.666138387410342, 41.115138963335482 ], [ -81.665969387154178, 41.115151962968625 ], [ -81.665624387016408, 41.115136962409089 ], [ -81.665353386979191, 41.115101962021932 ], [ -81.66518138700259, 41.115073961719482 ], [ -81.664961387120158, 41.11502696151156 ], [ -81.664401387458526, 41.114873960852833 ], [ -81.664203387491341, 41.114827960656989 ], [ -81.663739387521915, 41.114742959998644 ], [ -81.663455387631032, 41.114694959640339 ], [ -81.663131387578446, 41.114639959205419 ], [ -81.662752387519234, 41.114588958620445 ], [ -81.662593387510896, 41.11457695835955 ], [ -81.662263387235356, 41.114564957768003 ], [ -81.66213538719407, 41.114565957519673 ], [ -81.661951386927143, 41.114574957123665 ], [ -81.661823386769683, 41.114585956825024 ], [ -81.66174538664292, 41.114599956659433 ], [ -81.66154138620962, 41.114653956154513 ], [ -81.661443385972291, 41.114687955825666 ], [ -81.661343385677768, 41.114729955528801 ], [ -81.661237385343668, 41.11477995515628 ], [ -81.661127384946326, 41.114839954695618 ], [ -81.661017384495267, 41.114909954335175 ], [ -81.660896383967582, 41.115002953802929 ], [ -81.660813383468323, 41.115086953400265 ], [ -81.6607493830018, 41.115159953054103 ], [ -81.660630382041816, 41.115330952276985 ], [ -81.660591381664631, 41.115403951977754 ], [ -81.660511380630453, 41.115598951149906 ], [ -81.660479380158193, 41.115698950818441 ], [ -81.660437379176315, 41.115889950162568 ], [ -81.660407377727878, 41.11616694919806 ], [ -81.660413376462913, 41.116418948391853 ], [ -81.660413374186746, 41.1168719469891 ], [ -81.660400370853353, 41.117554944891296 ], [ -81.660406370000103, 41.117712944390277 ], [ -81.660425369183756, 41.117870943947835 ], [ -81.660463368366791, 41.118061943375004 ], [ -81.66049036783204, 41.118155943150541 ], [ -81.660560366900896, 41.11836094266296 ], [ -81.660599366467835, 41.118451942407624 ], [ -81.660718365323817, 41.118682941947945 ], [ -81.660782364893223, 41.118780941744852 ], [ -81.660919364144362, 41.11895794141828 ], [ -81.661253362297543, 41.119350940806534 ], [ -81.661359361765648, 41.119463940675068 ], [ -81.661467361456658, 41.119551940581644 ], [ -81.661561361160153, 41.119621940525228 ], [ -81.661638360964432, 41.119669940576102 ], [ -81.66170936074117, 41.119704940596691 ], [ -81.661915360556193, 41.11978494070874 ], [ -81.6620063603945, 41.11981394072609 ], [ -81.66218436033482, 41.119848940968055 ], [ -81.662525360374829, 41.119885941520451 ], [ -81.662716360285174, 41.119903941826301 ], [ -81.662879360336191, 41.119930941996444 ], [ -81.663026360145722, 41.119962942192878 ], [ -81.66333035987671, 41.120062942438437 ], [ -81.663749359527117, 41.120180942794619 ], [ -81.663711359084473, 41.120244942552318 ], [ -81.663576357492914, 41.12054194139241 ], [ -81.663519356756794, 41.120683940793363 ], [ -81.663484356119341, 41.120806940330574 ], [ -81.663426353644041, 41.121269938746565 ], [ -81.663380352143051, 41.121557937805719 ], [ -81.663427352241811, 41.121558937908674 ], [ -81.667857353771595, 41.1216419456685 ], [ -81.667850352490419, 41.121881944912332 ], [ -81.667841350667729, 41.122231943789927 ], [ -81.667833346969033, 41.122904941596062 ], [ -81.667832345826113, 41.123133940882042 ], [ -81.667831344318969, 41.123409940012344 ], [ -81.667829341657836, 41.123902938339626 ], [ -81.667825340923997, 41.124026938007233 ], [ -81.667834339760248, 41.124245937283284 ], [ -81.663053339462635, 41.124004929491434 ], [ -81.659384339299351, 41.123790923531317 ], [ -81.65827733710347, 41.124150920397909 ], [ -81.657545335996502, 41.124324918543458 ], [ -81.657891333501198, 41.124870917512141 ], [ -81.658082331038401, 41.125399916233071 ], [ -81.658103330427863, 41.125524915860908 ], [ -81.658115330243007, 41.12555191578204 ], [ -81.658131328424062, 41.12592191464541 ], [ -81.658120327134014, 41.126178913880636 ], [ -81.658108326669364, 41.126293913463385 ], [ -81.658071325451402, 41.126531912624607 ], [ -81.658002323581044, 41.12691991131787 ], [ -81.657981322728531, 41.12708391080718 ], [ -81.65796532150091, 41.127330909975456 ], [ -81.657966319593044, 41.127721908826373 ], [ -81.657959318477253, 41.127948908081379 ], [ -81.657959316703966, 41.128318906947626 ], [ -81.657952315664375, 41.128544906205391 ], [ -81.657745315668308, 41.128542905853095 ], [ -81.657622315577171, 41.128545905635356 ], [ -81.657511315543218, 41.128553905392906 ], [ -81.657401315437497, 41.128568905185325 ], [ -81.657030315087823, 41.12862890434107 ], [ -81.656883314963522, 41.128653904054552 ], [ -81.656737314935128, 41.12866690369524 ], [ -81.656607314878229, 41.128670903448437 ], [ -81.655514314757951, 41.128663901655017 ], [ -81.654987314720316, 41.128662900740117 ], [ -81.654487314758626, 41.128660899796067 ], [ -81.654420314654132, 41.128660899747835 ], [ -81.654339314714235, 41.128651899610496 ], [ -81.654262314857107, 41.128634899521913 ] ] ] } },
{ "type": "Feature", "properties": { "UNIQUE_ID": "Summit-:-COPLEY TWP G (ASG)", "PRECNAME": "COPLEY TWP G", "PRECCODE": "ASG", "COUNTYFP": "153", "County": "Summit", "SLDL_DIST": "031", "total_pop": 1338, "age_under18": 348, "age_18_34": 208, "age_35_64": 515, "age_65plus": 267, "pop_hispanic": 43, "pop_white": 1172, "pop_black": 100, "pop_asian": 20, "pct_hispanic": 3.1, "pct_white": 85.1, "pct_black": 7.3, "pct_asian": 1.5, "pct_native": 0.0, "pct_multi": 0.0, "med_hh_income": 132021.0, "pct_bachelors_plus": 60.9, "pct_no_hs_diploma": 1.8, "pct_some_college": 18.4 }, "geometry": { "type": "Polygon", "coordinates": [ [ [ -81.687394303759405, 41.098179988662423 ], [ -81.68739050450796, 41.099408058374991 ], [ -81.687386501730657, 41.099843056824326 ], [ -81.68733445941119, 41.106470033829886 ], [ -81.687332458414744, 41.106624033270592 ], [ -81.687308443821578, 41.108919025260185 ], [ -81.687291433384388, 41.110546019616713 ], [ -81.687241403424125, 41.115250003239105 ], [ -81.687233399261473, 41.11590400097279 ], [ -81.686964399193002, 41.115877000590658 ], [ -81.685169398812789, 41.11571999773075 ], [ -81.684462398696994, 41.115649996615623 ], [ -81.684081398701849, 41.115617995954466 ], [ -81.68370139855918, 41.115578995391843 ], [ -81.68250439833588, 41.115476993435699 ], [ -81.68158039806201, 41.115390991948779 ], [ -81.681001398013493, 41.115333991099689 ], [ -81.680601397959947, 41.115295990401492 ], [ -81.679731397758204, 41.115202989056911 ], [ -81.679459397771979, 41.115169988714648 ], [ -81.679242397752631, 41.115135988414451 ], [ -81.679025397936144, 41.115091988134395 ], [ -81.678699398220004, 41.114996987825101 ], [ -81.678306398679325, 41.114853987555072 ], [ -81.678422400040006, 41.114646988436611 ], [ -81.678507401304543, 41.114440989336174 ], [ -81.678517401639624, 41.114399989472673 ], [ -81.678527402137732, 41.114317989727653 ], [ -81.678524402863516, 41.11419399021144 ], [ -81.678507403233411, 41.114111990400573 ], [ -81.678476403727913, 41.114028990636157 ], [ -81.678404404446155, 41.113904990911401 ], [ -81.678341404861513, 41.113822991064445 ], [ -81.678301405127442, 41.113780991157839 ], [ -81.678162405689534, 41.113656991268577 ], [ -81.677712407464512, 41.113279991692089 ], [ -81.677605408014102, 41.113180991782386 ], [ -81.677489408706663, 41.113046992051387 ], [ -81.677358409369376, 41.112898992278609 ], [ -81.677203410446623, 41.112701992575168 ], [ -81.677037411685831, 41.112467993077871 ], [ -81.676906412712725, 41.112260993495816 ], [ -81.676770414057273, 41.112012994042033 ], [ -81.676693414902246, 41.111847994471503 ], [ -81.676596416343543, 41.111599995056757 ], [ -81.676558416950158, 41.111476995470277 ], [ -81.676496418420186, 41.111228996155269 ], [ -81.676433420362144, 41.110873997153341 ], [ -81.67613742004832, 41.110877996593267 ], [ -81.674796418723616, 41.110873993949291 ], [ -81.674503418443777, 41.110868993456158 ], [ -81.672054416002396, 41.110870988604809 ], [ -81.672010415982157, 41.110869988559365 ], [ -81.671797415794586, 41.110864988159292 ], [ -81.671798412059132, 41.111524985937791 ], [ -81.671787406218726, 41.112579982470329 ], [ -81.669933404450276, 41.112582978860381 ], [ -81.669891404441358, 41.112576978840657 ], [ -81.669842404430241, 41.112560978762318 ], [ -81.669803404547295, 41.112535978845138 ], [ -81.669778404716595, 41.112501978905648 ], [ -81.669767404966279, 41.11246597896244 ], [ -81.669763405134518, 41.112419979103542 ], [ -81.669769407709452, 41.11196298062292 ], [ -81.66977241374066, 41.110865984157961 ], [ -81.669495413402871, 41.110868983560671 ], [ -81.668189412065118, 41.110867981046084 ], [ -81.667920411922708, 41.110853980574603 ], [ -81.667922408835921, 41.111414978739425 ], [ -81.667906400728029, 41.112923973893537 ], [ -81.667917397319471, 41.113564971864264 ], [ -81.667933395651801, 41.113866970890172 ], [ -81.667920395198649, 41.113962970580523 ], [ -81.666089393459842, 41.113981967000782 ], [ -81.66490439247562, 41.113982964698849 ], [ -81.664690392363568, 41.113973964343167 ], [ -81.664514392270902, 41.113957964019278 ], [ -81.664335392277991, 41.113930963788583 ], [ -81.664131392355031, 41.113890963497212 ], [ -81.663936392445279, 41.113836963295576 ], [ -81.663681392606208, 41.113746963122615 ], [ -81.662296394167853, 41.113213962113626 ], [ -81.661390395061517, 41.112875961392618 ], [ -81.660329396162581, 41.112459960654483 ], [ -81.659842396736508, 41.112260960331874 ], [ -81.659137397556066, 41.111968959903876 ], [ -81.658921397786656, 41.111867959755727 ], [ -81.658813397937166, 41.111821959645994 ], [ -81.658596398117879, 41.11173895948837 ], [ -81.658380398224409, 41.111665959362384 ], [ -81.658217398330322, 41.111624959116007 ], [ -81.658108398318731, 41.111603958955257 ], [ -81.657891398239201, 41.111573958632931 ], [ -81.657619398076406, 41.111558958201442 ], [ -81.657455397936914, 41.111556957871095 ], [ -81.657129397563736, 41.111559957186905 ], [ -81.65530439581147, 41.111560953662753 ], [ -81.655036395571614, 41.111561953095141 ], [ -81.655147399864376, 41.110672956071532 ], [ -81.655264403993868, 41.109808958960201 ], [ -81.655583416119441, 41.107344967141067 ], [ -81.655619417479599, 41.107052968084361 ], [ -81.655694420121876, 41.106519969848776 ], [ -81.655989431493367, 41.10422297751068 ], [ -81.656046433706962, 41.10377497902693 ], [ -81.656167438117308, 41.102894982008138 ], [ -81.656210439325392, 41.102646982783163 ], [ -81.656271440867314, 41.102351983837373 ], [ -81.65638744332233, 41.101860985642823 ], [ -81.656532446070585, 41.101331987548249 ], [ -81.656746449872301, 41.100621990131636 ], [ -81.657158456683845, 41.099325995064582 ], [ -81.657429457163246, 41.099328995556704 ], [ -81.657812457744711, 41.099332996371047 ], [ -81.660006461146665, 41.099352000943377 ], [ -81.661113462787768, 41.099363003202193 ], [ -81.661412463247473, 41.099373003844114 ], [ -81.66149746344675, 41.099371004044912 ], [ -81.661949464176587, 41.099362004986681 ], [ -81.66381646716664, 41.099372008888089 ], [ -81.664523468304495, 41.099368010438724 ], [ -81.664877468755705, 41.099372011164689 ], [ -81.666907472062462, 41.099375015352379 ], [ -81.667374472859379, 41.099352016408247 ], [ -81.667474473074805, 41.099342016649707 ], [ -81.667643473564425, 41.099318017161245 ], [ -81.667754473788861, 41.099297017436186 ], [ -81.667870474132016, 41.099270017758087 ], [ -81.667976474536047, 41.099234018126083 ], [ -81.668116474976031, 41.099178018596561 ], [ -81.668226475461722, 41.099129018975333 ], [ -81.669460480925579, 41.098490023615518 ], [ -81.67038148495601, 41.098024027092706 ], [ -81.670570485910375, 41.097928027780576 ], [ -81.670884487324003, 41.097762029027095 ], [ -81.671075488222456, 41.097663029736133 ], [ -81.672012492395936, 41.097193033248907 ], [ -81.672114492825003, 41.097145033670934 ], [ -81.672375493832178, 41.097034034522103 ], [ -81.672536494557264, 41.096973035084112 ], [ -81.672764495258363, 41.096900035789261 ], [ -81.672904495732013, 41.096861036281027 ], [ -81.673204496669626, 41.096785037138361 ], [ -81.674275500171547, 41.096501040389064 ], [ -81.675200503193594, 41.096258043174622 ], [ -81.675352503728121, 41.09621904360371 ], [ -81.675880505530898, 41.096068045281889 ], [ -81.676238506751346, 41.095959046414329 ], [ -81.676907509065074, 41.095766048445334 ], [ -81.677538511300583, 41.095578050424997 ], [ -81.678644515222999, 41.095244053976742 ], [ -81.679379517831606, 41.095032056227758 ], [ -81.680871523264003, 41.09458206098828 ], [ -81.681287524845089, 41.094457062264823 ], [ -81.681833526628012, 41.094312063959741 ], [ -81.682169527793008, 41.094237064961938 ], [ -81.683019530620271, 41.094037067498405 ], [ -81.683100530867605, 41.094016067696245 ], [ -81.683222531249811, 41.093987068110316 ], [ -81.684140534276338, 41.093774070807648 ], [ -81.684784536504452, 41.0936140727799 ], [ -81.685040537342076, 41.093554073556867 ], [ -81.68531553826621, 41.093498074350045 ], [ -81.686677542496639, 41.093242078148343 ], [ -81.687410544794332, 41.093097080286213 ], [ -81.687408542056914, 41.09352207874992 ], [ -81.687407539581244, 41.093902077504417 ], [ -81.687394732352104, 41.098041453892684 ], [ -81.687394303759405, 41.098179988662423 ] ] ] } },
{ "type": "Feature", "properties": { "UNIQUE_ID": "Summit-:-COPLEY TWP H (ASH)", "PRECNAME": "COPLEY TWP H", "PRECCODE": "ASH", "COUNTYFP": "153", "County": "Summit", "SLDL_DIST": "031", "total_pop": 1502, "age_under18": 325, "age_18_34": 280, "age_35_64": 626, "age_65plus": 271, "pop_hispanic": 8, "pop_white": 1268, "pop_black": 100, "pop_asian": 31, "pct_hispanic": 0.6, "pct_white": 87.3, "pct_black": 6.9, "pct_asian": 2.1, "pct_native": 0.0, "pct_multi": 0.1, "med_hh_income": 92924.0, "pct_bachelors_plus": 48.542251655629144, "pct_no_hs_diploma": 4.2271523178807957, "pct_some_college": 27.33006622516556 }, "geometry": { "type": "Polygon", "coordinates": [ [ [ -81.687423556848088, 41.091203086882516 ], [ -81.687419704869995, 41.091743065529407 ], [ -81.687410545242372, 41.093027080528323 ], [ -81.687410544794332, 41.093097080286213 ], [ -81.686677542496639, 41.093242078148343 ], [ -81.68531553826621, 41.093498074350045 ], [ -81.685040537342076, 41.093554073556867 ], [ -81.684784536504452, 41.0936140727799 ], [ -81.684140534276338, 41.093774070807648 ], [ -81.683222531249811, 41.093987068110316 ], [ -81.683100530867605, 41.094016067696245 ], [ -81.683019530620271, 41.094037067498405 ], [ -81.682169527793008, 41.094237064961938 ], [ -81.681833526628012, 41.094312063959741 ], [ -81.681287524845089, 41.094457062264823 ], [ -81.680871523264003, 41.09458206098828 ], [ -81.679379517831606, 41.095032056227758 ], [ -81.678644515222999, 41.095244053976742 ], [ -81.677538511300583, 41.095578050424997 ], [ -81.676907509065074, 41.095766048445334 ], [ -81.676238506751346, 41.095959046414329 ], [ -81.675880505530898, 41.096068045281889 ], [ -81.675352503728121, 41.09621904360371 ], [ -81.675200503193594, 41.096258043174622 ], [ -81.674275500171547, 41.096501040389064 ], [ -81.673204496669626, 41.096785037138361 ], [ -81.672904495732013, 41.096861036281027 ], [ -81.672764495258363, 41.096900035789261 ], [ -81.672536494557264, 41.096973035084112 ], [ -81.672375493832178, 41.097034034522103 ], [ -81.672114492825003, 41.097145033670934 ], [ -81.672012492395936, 41.097193033248907 ], [ -81.671075488222456, 41.097663029736133 ], [ -81.670884487324003, 41.097762029027095 ], [ -81.670570485910375, 41.097928027780576 ], [ -81.67038148495601, 41.098024027092706 ], [ -81.669460480925579, 41.098490023615518 ], [ -81.668226475461722, 41.099129018975333 ], [ -81.668116474976031, 41.099178018596561 ], [ -81.667976474536047, 41.099234018126083 ], [ -81.667870474132016, 41.099270017758087 ], [ -81.667754473788861, 41.099297017436186 ], [ -81.667643473564425, 41.099318017161245 ], [ -81.667474473074805, 41.099342016649707 ], [ -81.667374472859379, 41.099352016408247 ], [ -81.666907472062462, 41.099375015352379 ], [ -81.664877468755705, 41.099372011164689 ], [ -81.664523468304495, 41.099368010438724 ], [ -81.66381646716664, 41.099372008888089 ], [ -81.661949464176587, 41.099362004986681 ], [ -81.66149746344675, 41.099371004044912 ], [ -81.661412463247473, 41.099373003844114 ], [ -81.661113462787768, 41.099363003202193 ], [ -81.660006461146665, 41.099352000943377 ], [ -81.657812457744711, 41.099332996371047 ], [ -81.657429457163246, 41.099328995556704 ], [ -81.657158456683845, 41.099325995064582 ], [ -81.656746449872301, 41.100621990131636 ], [ -81.656532446070585, 41.101331987548249 ], [ -81.65638744332233, 41.101860985642823 ], [ -81.656271440867314, 41.102351983837373 ], [ -81.656210439325392, 41.102646982783163 ], [ -81.656167438117308, 41.102894982008138 ], [ -81.656046433706962, 41.10377497902693 ], [ -81.655989431493367, 41.10422297751068 ], [ -81.655606430708275, 41.104263976613488 ], [ -81.655311430267801, 41.104279975986529 ], [ -81.654840429900304, 41.104231975185556 ], [ -81.654545429084379, 41.104311974311329 ], [ -81.654146428623875, 41.104311973453548 ], [ -81.65345942815388, 41.10421597242005 ], [ -81.653084428112223, 41.104111971914087 ], [ -81.652845428812128, 41.103880972118922 ], [ -81.652534428848796, 41.103784971789217 ], [ -81.651879428191052, 41.103736970596849 ], [ -81.650866427511815, 41.103569969009634 ], [ -81.650036426694982, 41.103505967536677 ], [ -81.649541426809208, 41.1033219670893 ], [ -81.648855427003653, 41.103066966432145 ], [ -81.648392426966595, 41.102922965843781 ], [ -81.64777042588041, 41.10296296447715 ], [ -81.646996424867069, 41.102946962954356 ], [ -81.646022423319877, 41.102970960862201 ], [ -81.644615421054539, 41.103037957786718 ], [ -81.644618421746458, 41.102887958172872 ], [ -81.644494421514466, 41.10289195790736 ], [ -81.643989420762168, 41.102894956917922 ], [ -81.641305417067997, 41.102885951369132 ], [ -81.640893416405163, 41.102887950517903 ], [ -81.640680416194186, 41.102885950111308 ], [ -81.638189412696121, 41.10287594495265 ], [ -81.631724403590766, 41.1028539317156 ], [ -81.631504403338553, 41.102853931241491 ], [ -81.630803402242975, 41.10285292984846 ], [ -81.625595395023751, 41.102832919122335 ], [ -81.619394386196532, 41.1028089064448 ], [ -81.619086385828226, 41.102807905833181 ], [ -81.618098386800185, 41.101946906054046 ], [ -81.61786038688858, 41.101793905897246 ], [ -81.617734387037899, 41.101696905896667 ], [ -81.617795387169664, 41.101653906181191 ], [ -81.617889387650166, 41.101572906547595 ], [ -81.618032388282074, 41.101400907331048 ], [ -81.61809238867113, 41.101280907773173 ], [ -81.618120389015218, 41.101204907967087 ], [ -81.618142389274411, 41.10109590833833 ], [ -81.618149389797665, 41.100947908745908 ], [ -81.618149390327275, 41.100759909168993 ], [ -81.618153397283507, 41.098299915593273 ], [ -81.618488397841602, 41.098301916287838 ], [ -81.619057398648991, 41.098338917482195 ], [ -81.619412399235998, 41.098344918204184 ], [ -81.619417403966395, 41.09673192242586 ], [ -81.619411406440193, 41.095861924681223 ], [ -81.61941740807697, 41.095307926150085 ], [ -81.619413412983405, 41.093624930560807 ], [ -81.619416413825164, 41.093333931335813 ], [ -81.619831413993268, 41.093532931702796 ], [ -81.620789414460987, 41.094002932510598 ], [ -81.620868414871353, 41.09390693292989 ], [ -81.621197416539204, 41.093536934672031 ], [ -81.621504418171284, 41.093182936259183 ], [ -81.621661419108605, 41.093009937098827 ], [ -81.621451418906673, 41.092905936895555 ], [ -81.621314418971636, 41.092808936825286 ], [ -81.621270419037529, 41.092770936837503 ], [ -81.621232419048894, 41.092729936880481 ], [ -81.621177419173065, 41.092654936897006 ], [ -81.621147419312223, 41.092599937022989 ], [ -81.621110419604832, 41.092472937280426 ], [ -81.621091420088717, 41.092303937702255 ], [ -81.62109842077173, 41.092071938277947 ], [ -81.622099422779172, 41.092055940518605 ], [ -81.622441423508249, 41.092056941272894 ], [ -81.622806424210253, 41.092052942090767 ], [ -81.622976424570254, 41.09205494246396 ], [ -81.623366425284374, 41.092061943311222 ], [ -81.623554425621094, 41.092084943673036 ], [ -81.62366642572151, 41.092111943833402 ], [ -81.623797425744385, 41.092163943943525 ], [ -81.623920425830036, 41.092230944051508 ], [ -81.624041425810105, 41.092314944076612 ], [ -81.624221425594143, 41.092483944083227 ], [ -81.624417425550121, 41.09263494410456 ], [ -81.624564425624371, 41.092700944266404 ], [ -81.624699425774097, 41.092734944444196 ], [ -81.624819425940373, 41.092757944591369 ], [ -81.624938426064745, 41.092769944849756 ], [ -81.625197426598902, 41.092777945406866 ], [ -81.625187425296858, 41.093165944347646 ], [ -81.625181425102241, 41.093241944140679 ], [ -81.625154424538039, 41.093391943628347 ], [ -81.625128424144506, 41.093495943277901 ], [ -81.625030423107248, 41.093758942384504 ], [ -81.624984422764825, 41.09385394203013 ], [ -81.624902422100106, 41.093997941452209 ], [ -81.624625420108728, 41.094457939662512 ], [ -81.624489419330686, 41.094653938789108 ], [ -81.624395418737606, 41.094772938337279 ], [ -81.623926416172253, 41.095300935877418 ], [ -81.62378941545596, 41.095463935101847 ], [ -81.623903415547886, 41.095518935233329 ], [ -81.625157415708188, 41.096138936264971 ], [ -81.625975415927286, 41.096531936959046 ], [ -81.626590415955761, 41.096843937470453 ], [ -81.62686341605766, 41.09697793768337 ], [ -81.627775416092291, 41.097423938386726 ], [ -81.628098416068923, 41.097575938664036 ], [ -81.630209416100925, 41.09861094028517 ], [ -81.63063541615081, 41.098815940594704 ], [ -81.630923416127942, 41.098948940912962 ], [ -81.631091416148394, 41.099020941015837 ], [ -81.631238416141969, 41.099074941182778 ], [ -81.631356416181831, 41.099108941325547 ], [ -81.631498416317939, 41.099136941538717 ], [ -81.631632416494469, 41.099154941774835 ], [ -81.631787416687516, 41.099164942084165 ], [ -81.631894416943354, 41.099166942310383 ], [ -81.631991417033632, 41.099167942543396 ], [ -81.633409419365009, 41.099169945528615 ], [ -81.634030420337055, 41.099168946802749 ], [ -81.635095421985966, 41.099176949055341 ], [ -81.635601422794124, 41.099177950058738 ], [ -81.635605425504892, 41.098447952179555 ], [ -81.635600427015959, 41.098036953328574 ], [ -81.63560142926832, 41.097443954954528 ], [ -81.635610431503309, 41.09685895663128 ], [ -81.635618436332805, 41.095561960285927 ], [ -81.635624439777132, 41.0946489629289 ], [ -81.635616440745977, 41.094365963713685 ], [ -81.635618441114261, 41.09429296388825 ], [ -81.637780445076729, 41.094288968585232 ], [ -81.638301446022638, 41.094291969758146 ], [ -81.638965447236629, 41.094290971121701 ], [ -81.639299447891375, 41.09428797193317 ], [ -81.639710448646454, 41.094292972725924 ], [ -81.640371449893308, 41.094289974215386 ], [ -81.641360451689238, 41.094291976366605 ], [ -81.642966454736452, 41.094290979783921 ], [ -81.643928456454546, 41.094287981935636 ], [ -81.644233457062839, 41.094291982548164 ], [ -81.644629457762989, 41.094288983436947 ], [ -81.644618460228514, 41.093715985084714 ], [ -81.644628461694154, 41.093361986163636 ], [ -81.644624464457578, 41.092686988094798 ], [ -81.644624468241602, 41.091802990683867 ], [ -81.644618469420692, 41.091520991532008 ], [ -81.64462247194416, 41.090904993347621 ], [ -81.644624472473865, 41.090794993626318 ], [ -81.644631474990149, 41.090192995418604 ], [ -81.644643475953359, 41.089970996088397 ], [ -81.64463947671257, 41.089769996673482 ], [ -81.644646477729893, 41.089547997375661 ], [ -81.644641479095654, 41.089205998383179 ], [ -81.644644479717982, 41.089074998761191 ], [ -81.644647480173077, 41.088961999054455 ], [ -81.644645480943225, 41.088784999565505 ], [ -81.644650481690192, 41.088590000173966 ], [ -81.644648482940028, 41.088303001015163 ], [ -81.644664488512092, 41.086984004953393 ], [ -81.644666491306623, 41.086325006860264 ], [ -81.64467749243498, 41.08605500767635 ], [ -81.644683494334402, 41.085606009052583 ], [ -81.644687495649066, 41.085306009933099 ], [ -81.644688498849533, 41.084531012224026 ], [ -81.64468249973585, 41.08432601280704 ], [ -81.644671500166652, 41.084214013038896 ], [ -81.644649500614577, 41.084102013375215 ], [ -81.644609501071969, 41.083961013698818 ], [ -81.644569501352464, 41.083861013868521 ], [ -81.644521501720959, 41.083763014053837 ], [ -81.644330502627184, 41.083434014568624 ], [ -81.644167503234598, 41.08317901493001 ], [ -81.64386150443535, 41.0827250155398 ], [ -81.643647505115467, 41.082428015948054 ], [ -81.643481505783512, 41.082177016295596 ], [ -81.643320506261475, 41.081952016554247 ], [ -81.643144506957697, 41.0816810169188 ], [ -81.643045507409795, 41.081518017180592 ], [ -81.642890507896183, 41.081292017481402 ], [ -81.643163508751272, 41.081249018292816 ], [ -81.643398509380035, 41.081243018826122 ], [ -81.643606509930365, 41.081244019313317 ], [ -81.643897510623532, 41.081239020022892 ], [ -81.644133511290875, 41.081241020529127 ], [ -81.644621512506802, 41.081231021729451 ], [ -81.645631515071884, 41.081223024121996 ], [ -81.646241516587736, 41.081227025466717 ], [ -81.646642517654598, 41.081219026478514 ], [ -81.647416519672689, 41.081218028230552 ], [ -81.647679520307648, 41.081211028923128 ], [ -81.647805520610035, 41.081214029129022 ], [ -81.649354524537245, 41.081212032746542 ], [ -81.650300526969048, 41.08120503497139 ], [ -81.650828528265237, 41.081207036221457 ], [ -81.651402529708733, 41.081204037596123 ], [ -81.651904530935909, 41.08120803871379 ], [ -81.653004533730211, 41.081206041312512 ], [ -81.653964536286352, 41.081193043580321 ], [ -81.654589537796355, 41.081199045000744 ], [ -81.654830538471316, 41.081192045622217 ], [ -81.655294539649958, 41.08119104668107 ], [ -81.655755540703737, 41.081205047713127 ], [ -81.656001541340359, 41.08120204825336 ], [ -81.656137541729223, 41.081203048569904 ], [ -81.656406542363058, 41.081205049237511 ], [ -81.656464542574284, 41.081198049357923 ], [ -81.656869543588257, 41.081201050336034 ], [ -81.657121544144616, 41.08120305085059 ], [ -81.658290547114788, 41.081196053648547 ], [ -81.658484547622791, 41.081190054060784 ], [ -81.659128549351081, 41.081191055596975 ], [ -81.659475550231974, 41.081187056462213 ], [ -81.660077551751058, 41.081180057837273 ], [ -81.660238552200667, 41.081182058259166 ], [ -81.661215554659762, 41.081180060496791 ], [ -81.661739555945331, 41.08118806169896 ], [ -81.662152556941777, 41.081188062625394 ], [ -81.66264955816537, 41.081190063800946 ], [ -81.663199559471252, 41.081204065012926 ], [ -81.663842561135908, 41.081206066564661 ], [ -81.664133561899533, 41.0812050672561 ], [ -81.664530562831587, 41.081204068121629 ], [ -81.664864563670022, 41.081210068899267 ], [ -81.66534756490104, 41.081199070099665 ], [ -81.666353567510782, 41.081192072460226 ], [ -81.667319569988734, 41.081192074710543 ], [ -81.66756057050786, 41.081196075252905 ], [ -81.667992571682106, 41.081192076217818 ], [ -81.66822857220896, 41.08119907672755 ], [ -81.669012574217916, 41.081201078569535 ], [ -81.67012257699524, 41.081204081175464 ], [ -81.671120579484068, 41.081207083474816 ], [ -81.671514580507832, 41.081205084432568 ], [ -81.671753581038971, 41.081209084976472 ], [ -81.672235582331211, 41.081210086054398 ], [ -81.672857583803378, 41.081218087449074 ], [ -81.673222584718147, 41.081216088322137 ], [ -81.674344587508756, 41.081224090931521 ], [ -81.674730588524909, 41.081222091858223 ], [ -81.675076589367464, 41.081226092607004 ], [ -81.675345590055471, 41.081224093269846 ], [ -81.675900591400762, 41.081229094520864 ], [ -81.675916588949491, 41.081661093099996 ], [ -81.675770559336229, 41.086715076045479 ], [ -81.677284562746408, 41.08671607946475 ], [ -81.677283550844749, 41.08875107264263 ], [ -81.677277541537535, 41.090331067372929 ], [ -81.68744057040395, 41.089079094232751 ], [ -81.68742445432035, 41.091091045875153 ], [ -81.687423556848088, 41.091203086882516 ] ] ] } },
{ "type": "Feature", "properties": { "UNIQUE_ID": "Summit-:-COPLEY TWP I (AYH)", "PRECNAME": "COPLEY TWP I", "PRECCODE": "AYH", "COUNTYFP": "153", "County": "Summit", "SLDL_DIST": "031", "total_pop": 1447, "age_under18": 284, "age_18_34": 304, "age_35_64": 617, "age_65plus": 242, "pop_hispanic": 10, "pop_white": 1157, "pop_black": 155, "pop_asian": 0, "pct_hispanic": 0.7, "pct_white": 86.5, "pct_black": 11.6, "pct_asian": 0.0, "pct_native": 0.0, "pct_multi": 0.2, "med_hh_income": 108215.0, "pct_bachelors_plus": 46.604284727021422, "pct_no_hs_diploma": 5.3910850034554256, "pct_some_college": 25.452246026261232 }, "geometry": { "type": "Polygon", "coordinates": [ [ [ -81.619831413993268, 41.093532931702796 ], [ -81.619416413825164, 41.093333931335813 ], [ -81.61910741367447, 41.093190931033888 ], [ -81.618185413137141, 41.092725930256861 ], [ -81.617840412969173, 41.092558929894857 ], [ -81.617214412706872, 41.092240929366852 ], [ -81.617103412529545, 41.0921879292505 ], [ -81.616562412209845, 41.091927928695902 ], [ -81.615824411724716, 41.091566928026211 ], [ -81.615524411607254, 41.091419927758821 ], [ -81.615491411513091, 41.091408927699312 ], [ -81.615030411231047, 41.091188927289338 ], [ -81.614331410703372, 41.090846926611022 ], [ -81.614265410606336, 41.090813926545671 ], [ -81.614220410644663, 41.090792926507305 ], [ -81.613731410198469, 41.090561926022332 ], [ -81.6119104087593, 41.089652924232929 ], [ -81.611739408617012, 41.089572924116325 ], [ -81.611721408313912, 41.089666923776605 ], [ -81.611660407344431, 41.089999922805596 ], [ -81.610862406083996, 41.089855921436481 ], [ -81.610698402988021, 41.090962918282308 ], [ -81.608278398115814, 41.090944912981328 ], [ -81.608276398460859, 41.090831913251854 ], [ -81.607193396325926, 41.090807910949948 ], [ -81.607209398734881, 41.089748913601369 ], [ -81.606359396941272, 41.089749911721576 ], [ -81.606361397529298, 41.089499912268089 ], [ -81.60524939535415, 41.0894139100252 ], [ -81.60523939511063, 41.089554909658652 ], [ -81.604989394543281, 41.089536909197847 ], [ -81.604974394629622, 41.089471909267672 ], [ -81.604786394247569, 41.089465908863417 ], [ -81.604793395021048, 41.089144909712559 ], [ -81.604803395731423, 41.088803910571428 ], [ -81.605371396953629, 41.088810911779419 ], [ -81.605720397683029, 41.088816912537439 ], [ -81.606266398768895, 41.088828913732549 ], [ -81.606989400340197, 41.088845915341295 ], [ -81.606982402674035, 41.087791917933096 ], [ -81.606976407046275, 41.08586392263819 ], [ -81.606993408207444, 41.085376923838176 ], [ -81.606990408730084, 41.085171924408805 ], [ -81.606988409037925, 41.085019924700127 ], [ -81.606972410091998, 41.084531925921247 ], [ -81.60698741078599, 41.084240926675783 ], [ -81.606986411272104, 41.084017927169491 ], [ -81.606323409730336, 41.08401792569969 ], [ -81.606310410132039, 41.083807926213581 ], [ -81.606308410421533, 41.083660926546493 ], [ -81.606329413698774, 41.082222930103541 ], [ -81.606334415626009, 41.081396932182756 ], [ -81.606289415685964, 41.081287932320208 ], [ -81.606290417018457, 41.080714933771091 ], [ -81.607078418937675, 41.080737935526074 ], [ -81.608092421520638, 41.080766937843102 ], [ -81.608269422247631, 41.080650938482883 ], [ -81.608225422576879, 41.080445938889895 ], [ -81.607530428364086, 41.077144945409842 ], [ -81.607294427696331, 41.077153944844127 ], [ -81.607403428147734, 41.077101945268744 ], [ -81.607465428297573, 41.077106945430884 ], [ -81.607519428392081, 41.077126945512155 ], [ -81.606692429408184, 41.075655947113553 ], [ -81.606543433700011, 41.073571951872118 ], [ -81.606614433961511, 41.073572952032144 ], [ -81.607044435136501, 41.07357095311054 ], [ -81.607552436733656, 41.073559954337057 ], [ -81.608502439505997, 41.073556956641696 ], [ -81.610078444000862, 41.073561960453844 ], [ -81.612197450226645, 41.073554965677474 ], [ -81.612610451484485, 41.07355696660327 ], [ -81.613716454669458, 41.073549969308552 ], [ -81.616808463638236, 41.073550976788205 ], [ -81.617139464641795, 41.073551977651746 ], [ -81.617595465960449, 41.073545978707173 ], [ -81.617916466901661, 41.073549979540367 ], [ -81.618070467349796, 41.073546979886679 ], [ -81.618188467731272, 41.073545980180967 ], [ -81.618725469290894, 41.073550981509847 ], [ -81.619124470469444, 41.073550982404257 ], [ -81.61940847120762, 41.073551983078573 ], [ -81.61946147136608, 41.073557983267108 ], [ -81.619548471588502, 41.073580983398031 ], [ -81.619528471364262, 41.073642983173571 ], [ -81.619510470380831, 41.073948982353109 ], [ -81.619510469798868, 41.074136981800237 ], [ -81.619512469532012, 41.074232981545627 ], [ -81.619493466316584, 41.075348978637514 ], [ -81.619488464910063, 41.075800977377533 ], [ -81.619476461638115, 41.076916974457752 ], [ -81.619478460939689, 41.077159973838206 ], [ -81.62023646304165, 41.077156975604055 ], [ -81.620630464118136, 41.077159976579296 ], [ -81.621001465071501, 41.077168977462925 ], [ -81.621179465641376, 41.077166977867165 ], [ -81.622120468074527, 41.077174980091804 ], [ -81.622226468449668, 41.077174980296526 ], [ -81.622916470323275, 41.077173981971534 ], [ -81.623196471125283, 41.07717398267048 ], [ -81.623888472996256, 41.07717798428753 ], [ -81.625791478164516, 41.077177988772505 ], [ -81.626041478851192, 41.077184989341617 ], [ -81.62631147950016, 41.077186990015335 ], [ -81.627642483125243, 41.077188993206931 ], [ -81.628825486409255, 41.07719299595442 ], [ -81.628954486696358, 41.077198996226386 ], [ -81.629345487729395, 41.077207997182484 ], [ -81.629783488875404, 41.077210998214355 ], [ -81.632237495458, 41.077247003976105 ], [ -81.632251498145095, 41.076507005990656 ], [ -81.629580492100885, 41.076111000763646 ], [ -81.629341499792162, 41.073660006852641 ], [ -81.625344488568416, 41.073552997534073 ], [ -81.625844492929659, 41.072653001118894 ], [ -81.625345493956928, 41.071852002052594 ], [ -81.624845493444028, 41.071560001651939 ], [ -81.624153492662174, 41.071161001014104 ], [ -81.624068492762731, 41.071040001116678 ], [ -81.62421749342866, 41.070954001751893 ], [ -81.624558495187856, 41.070736003159212 ], [ -81.62471149603374, 41.070632003828692 ], [ -81.625074497969237, 41.070349005450325 ], [ -81.625343499489745, 41.070123006762664 ], [ -81.625491500436453, 41.070007007409977 ], [ -81.625622501088699, 41.069907008030135 ], [ -81.625782502015284, 41.06977300874275 ], [ -81.625904502716168, 41.069683009293485 ], [ -81.626109503861656, 41.06952201028863 ], [ -81.626366505216296, 41.069365011332323 ], [ -81.626524505172654, 41.069520011294884 ], [ -81.626718505233015, 41.069695011305349 ], [ -81.626886505293811, 41.069837011346479 ], [ -81.627213505274753, 41.070135011342472 ], [ -81.627407505375714, 41.070290011387328 ], [ -81.627549505524868, 41.070392011483797 ], [ -81.627730505617649, 41.0704960116039 ], [ -81.627791505812425, 41.070529011697126 ], [ -81.627992506142817, 41.070609011909212 ], [ -81.628588507200661, 41.070821012851958 ], [ -81.628824507685252, 41.070898013224728 ], [ -81.629277508470622, 41.071062013872741 ], [ -81.62942750875763, 41.071110014126155 ], [ -81.630288510330644, 41.071414015341148 ], [ -81.630782511276735, 41.071581016153573 ], [ -81.631116511882823, 41.071700016643696 ], [ -81.632137513667146, 41.072053018102395 ], [ -81.632586514490598, 41.072214018753918 ], [ -81.63274351467966, 41.072266019056862 ], [ -81.633305515717922, 41.072468019838006 ], [ -81.633552516118385, 41.072552020176339 ], [ -81.633741516432167, 41.072624020477306 ], [ -81.633910516641265, 41.072679020695993 ], [ -81.634562517806017, 41.072907021669714 ], [ -81.634681517949062, 41.072945021803299 ], [ -81.635273518977968, 41.073154022699065 ], [ -81.635447519229217, 41.073211022961381 ], [ -81.635903520009037, 41.073375023590458 ], [ -81.636208520539029, 41.073477023999516 ], [ -81.637120521865484, 41.07379902533156 ], [ -81.637700522812111, 41.073999026151874 ], [ -81.638164523554764, 41.074164026828129 ], [ -81.638322523797839, 41.074225027046744 ], [ -81.638562524175612, 41.074304027352845 ], [ -81.639014524797275, 41.074460028005767 ], [ -81.639099524099578, 41.074695027516924 ], [ -81.639163523755983, 41.074839027344872 ], [ -81.639226523546313, 41.074941027180699 ], [ -81.639327523044003, 41.075134026827456 ], [ -81.639501522371447, 41.075427026445169 ], [ -81.639631521859044, 41.075674026074708 ], [ -81.640132519622142, 41.076579024605039 ], [ -81.640291518887835, 41.076876024140255 ], [ -81.640559517719993, 41.077357023371441 ], [ -81.640888516240182, 41.077947022519012 ], [ -81.641010515644496, 41.078174022077718 ], [ -81.641052515519391, 41.078253021959206 ], [ -81.641204514794126, 41.078517021558618 ], [ -81.641339514148527, 41.078764021191397 ], [ -81.641746512508959, 41.079453020117342 ], [ -81.641813512218746, 41.079564019965559 ], [ -81.642451509588625, 41.080608018414694 ], [ -81.642597509137445, 41.08082201816071 ], [ -81.642832508159813, 41.081200017647632 ], [ -81.642890507896183, 41.081292017481402 ], [ -81.643045507409795, 41.081518017180592 ], [ -81.643144506957697, 41.0816810169188 ], [ -81.643320506261475, 41.081952016554247 ], [ -81.643481505783512, 41.082177016295596 ], [ -81.643647505115467, 41.082428015948054 ], [ -81.64386150443535, 41.0827250155398 ], [ -81.644167503234598, 41.08317901493001 ], [ -81.644330502627184, 41.083434014568624 ], [ -81.644521501720959, 41.083763014053837 ], [ -81.644569501352464, 41.083861013868521 ], [ -81.644609501071969, 41.083961013698818 ], [ -81.644649500614577, 41.084102013375215 ], [ -81.644671500166652, 41.084214013038896 ], [ -81.64468249973585, 41.08432601280704 ], [ -81.644688498849533, 41.084531012224026 ], [ -81.644687495649066, 41.085306009933099 ], [ -81.644683494334402, 41.085606009052583 ], [ -81.64467749243498, 41.08605500767635 ], [ -81.644666491306623, 41.086325006860264 ], [ -81.644664488512092, 41.086984004953393 ], [ -81.644648482940028, 41.088303001015163 ], [ -81.644650481690192, 41.088590000173966 ], [ -81.644645480943225, 41.088784999565505 ], [ -81.644647480173077, 41.088961999054455 ], [ -81.644644479717982, 41.089074998761191 ], [ -81.644641479095654, 41.089205998383179 ], [ -81.644646477729893, 41.089547997375661 ], [ -81.64463947671257, 41.089769996673482 ], [ -81.644643475953359, 41.089970996088397 ], [ -81.644631474990149, 41.090192995418604 ], [ -81.644624472473865, 41.090794993626318 ], [ -81.64462247194416, 41.090904993347621 ], [ -81.644618469420692, 41.091520991532008 ], [ -81.644624468241602, 41.091802990683867 ], [ -81.644624464457578, 41.092686988094798 ], [ -81.644628461694154, 41.093361986163636 ], [ -81.644618460228514, 41.093715985084714 ], [ -81.644629457762989, 41.094288983436947 ], [ -81.644233457062839, 41.094291982548164 ], [ -81.643928456454546, 41.094287981935636 ], [ -81.642966454736452, 41.094290979783921 ], [ -81.641360451689238, 41.094291976366605 ], [ -81.640371449893308, 41.094289974215386 ], [ -81.639710448646454, 41.094292972725924 ], [ -81.639299447891375, 41.09428797193317 ], [ -81.638965447236629, 41.094290971121701 ], [ -81.638301446022638, 41.094291969758146 ], [ -81.637780445076729, 41.094288968585232 ], [ -81.635618441114261, 41.09429296388825 ], [ -81.635616440745977, 41.094365963713685 ], [ -81.635624439777132, 41.0946489629289 ], [ -81.635618436332805, 41.095561960285927 ], [ -81.635610431503309, 41.09685895663128 ], [ -81.63560142926832, 41.097443954954528 ], [ -81.635600427015959, 41.098036953328574 ], [ -81.635605425504892, 41.098447952179555 ], [ -81.635601422794124, 41.099177950058738 ], [ -81.635095421985966, 41.099176949055341 ], [ -81.634030420337055, 41.099168946802749 ], [ -81.633409419365009, 41.099169945528615 ], [ -81.631991417033632, 41.099167942543396 ], [ -81.631894416943354, 41.099166942310383 ], [ -81.631787416687516, 41.099164942084165 ], [ -81.631632416494469, 41.099154941774835 ], [ -81.631498416317939, 41.099136941538717 ], [ -81.631356416181831, 41.099108941325547 ], [ -81.631238416141969, 41.099074941182778 ], [ -81.631091416148394, 41.099020941015837 ], [ -81.630923416127942, 41.098948940912962 ], [ -81.63063541615081, 41.098815940594704 ], [ -81.630209416100925, 41.09861094028517 ], [ -81.628098416068923, 41.097575938664036 ], [ -81.627775416092291, 41.097423938386726 ], [ -81.62686341605766, 41.09697793768337 ], [ -81.626590415955761, 41.096843937470453 ], [ -81.625975415927286, 41.096531936959046 ], [ -81.625157415708188, 41.096138936264971 ], [ -81.623903415547886, 41.095518935233329 ], [ -81.62378941545596, 41.095463935101847 ], [ -81.623926416172253, 41.095300935877418 ], [ -81.624395418737606, 41.094772938337279 ], [ -81.624489419330686, 41.094653938789108 ], [ -81.624625420108728, 41.094457939662512 ], [ -81.624902422100106, 41.093997941452209 ], [ -81.624984422764825, 41.09385394203013 ], [ -81.625030423107248, 41.093758942384504 ], [ -81.625128424144506, 41.093495943277901 ], [ -81.625154424538039, 41.093391943628347 ], [ -81.625181425102241, 41.093241944140679 ], [ -81.625187425296858, 41.093165944347646 ], [ -81.625197426598902, 41.092777945406866 ], [ -81.624938426064745, 41.092769944849756 ], [ -81.624819425940373, 41.092757944591369 ], [ -81.624699425774097, 41.092734944444196 ], [ -81.624564425624371, 41.092700944266404 ], [ -81.624417425550121, 41.09263494410456 ], [ -81.624221425594143, 41.092483944083227 ], [ -81.624041425810105, 41.092314944076612 ], [ -81.623920425830036, 41.092230944051508 ], [ -81.623797425744385, 41.092163943943525 ], [ -81.62366642572151, 41.092111943833402 ], [ -81.623554425621094, 41.092084943673036 ], [ -81.623366425284374, 41.092061943311222 ], [ -81.622976424570254, 41.09205494246396 ], [ -81.622806424210253, 41.092052942090767 ], [ -81.622441423508249, 41.092056941272894 ], [ -81.622099422779172, 41.092055940518605 ], [ -81.62109842077173, 41.092071938277947 ], [ -81.621091420088717, 41.092303937702255 ], [ -81.621110419604832, 41.092472937280426 ], [ -81.621147419312223, 41.092599937022989 ], [ -81.621177419173065, 41.092654936897006 ], [ -81.621232419048894, 41.092729936880481 ], [ -81.621270419037529, 41.092770936837503 ], [ -81.621314418971636, 41.092808936825286 ], [ -81.621451418906673, 41.092905936895555 ], [ -81.621661419108605, 41.093009937098827 ], [ -81.621504418171284, 41.093182936259183 ], [ -81.621197416539204, 41.093536934672031 ], [ -81.620868414871353, 41.09390693292989 ], [ -81.620789414460987, 41.094002932510598 ], [ -81.619831413993268, 41.093532931702796 ] ] ] } },
{ "type": "Feature", "properties": { "UNIQUE_ID": "Summit-:-COPLEY TWP J (BCN)", "PRECNAME": "COPLEY TWP J", "PRECCODE": "BCN", "COUNTYFP": "153", "County": "Summit", "SLDL_DIST": "031", "total_pop": 1639, "age_under18": 324, "age_18_34": 475, "age_35_64": 596, "age_65plus": 244, "pop_hispanic": 0, "pop_white": 1125, "pop_black": 296, "pop_asian": 71, "pct_hispanic": 0.0, "pct_white": 70.4, "pct_black": 18.5, "pct_asian": 4.4, "pct_native": 0.0, "pct_multi": 0.1, "med_hh_income": 78807.0, "pct_bachelors_plus": 29.5, "pct_no_hs_diploma": 6.6, "pct_some_college": 29.6 }, "geometry": { "type": "Polygon", "coordinates": [ [ [ -81.616417382058557, 41.102796900339762 ], [ -81.611675375371732, 41.102778890581497 ], [ -81.609961378107599, 41.100653892396842 ], [ -81.609989381643445, 41.099172896138136 ], [ -81.61106538348082, 41.099165898480614 ], [ -81.611063383897957, 41.098997898831477 ], [ -81.61106938590062, 41.098157900961624 ], [ -81.61108338804236, 41.097299903150436 ], [ -81.611087391304267, 41.096030906369691 ], [ -81.611098393728852, 41.095049908840615 ], [ -81.611112396637878, 41.093868911849576 ], [ -81.610337395162816, 41.093861910174127 ], [ -81.607986390752572, 41.093864905112831 ], [ -81.606335387749809, 41.093859901503706 ], [ -81.606343388206653, 41.093670901988233 ], [ -81.606356390830172, 41.092461905008037 ], [ -81.60635439184594, 41.092034906056639 ], [ -81.60636039225426, 41.091869906458996 ], [ -81.60635639253492, 41.09172590683594 ], [ -81.606359393054518, 41.091503907347253 ], [ -81.606374393976665, 41.091104908410465 ], [ -81.606391394377823, 41.09091290887747 ], [ -81.606414396020099, 41.090212910664071 ], [ -81.606406396147264, 41.090177910727796 ], [ -81.60637739610975, 41.090123910778715 ], [ -81.606361396106607, 41.090109910838819 ], [ -81.606336396188212, 41.090099910800255 ], [ -81.60570339485696, 41.090077909376781 ], [ -81.60533739407721, 41.090068908590411 ], [ -81.60445739235837, 41.090065906687812 ], [ -81.604226391821157, 41.090061906157636 ], [ -81.604108391583793, 41.090055905974623 ], [ -81.604109392050304, 41.089826906455762 ], [ -81.604128392600018, 41.089591907067906 ], [ -81.604140393748423, 41.08909590832328 ], [ -81.604149394496204, 41.088753909177214 ], [ -81.604245394635072, 41.088771909352872 ], [ -81.60436639484908, 41.088783909588408 ], [ -81.604659395424122, 41.088801910243063 ], [ -81.604803395731423, 41.088803910571428 ], [ -81.604793395021048, 41.089144909712559 ], [ -81.604786394247569, 41.089465908863417 ], [ -81.604974394629622, 41.089471909267672 ], [ -81.604989394543281, 41.089536909197847 ], [ -81.60523939511063, 41.089554909658652 ], [ -81.60524939535415, 41.0894139100252 ], [ -81.606361397529298, 41.089499912268089 ], [ -81.606359396941272, 41.089749911721576 ], [ -81.607209398734881, 41.089748913601369 ], [ -81.607193396325926, 41.090807910949948 ], [ -81.608276398460859, 41.090831913251854 ], [ -81.608278398115814, 41.090944912981328 ], [ -81.610698402988021, 41.090962918282308 ], [ -81.610862406083996, 41.089855921436481 ], [ -81.611660407344431, 41.089999922805596 ], [ -81.611721408313912, 41.089666923776605 ], [ -81.611739408617012, 41.089572924116325 ], [ -81.6119104087593, 41.089652924232929 ], [ -81.613731410198469, 41.090561926022332 ], [ -81.614220410644663, 41.090792926507305 ], [ -81.614265410606336, 41.090813926545671 ], [ -81.614331410703372, 41.090846926611022 ], [ -81.615030411231047, 41.091188927289338 ], [ -81.615491411513091, 41.091408927699312 ], [ -81.615524411607254, 41.091419927758821 ], [ -81.615824411724716, 41.091566928026211 ], [ -81.616562412209845, 41.091927928695902 ], [ -81.617103412529545, 41.0921879292505 ], [ -81.617214412706872, 41.092240929366852 ], [ -81.617840412969173, 41.092558929894857 ], [ -81.618185413137141, 41.092725930256861 ], [ -81.61910741367447, 41.093190931033888 ], [ -81.619416413825164, 41.093333931335813 ], [ -81.619413412983405, 41.093624930560807 ], [ -81.61941740807697, 41.095307926150085 ], [ -81.619411406440193, 41.095861924681223 ], [ -81.619417403966395, 41.09673192242586 ], [ -81.619412399235998, 41.098344918204184 ], [ -81.619057398648991, 41.098338917482195 ], [ -81.618488397841602, 41.098301916287838 ], [ -81.618153397283507, 41.098299915593273 ], [ -81.618149390327275, 41.100759909168993 ], [ -81.618149389797665, 41.100947908745908 ], [ -81.618142389274411, 41.10109590833833 ], [ -81.618120389015218, 41.101204907967087 ], [ -81.61809238867113, 41.101280907773173 ], [ -81.618032388282074, 41.101400907331048 ], [ -81.617889387650166, 41.101572906547595 ], [ -81.617795387169664, 41.101653906181191 ], [ -81.617734387037899, 41.101696905896667 ], [ -81.61786038688858, 41.101793905897246 ], [ -81.618098386800185, 41.101946906054046 ], [ -81.619086385828226, 41.102807905833181 ], [ -81.616417382058557, 41.102796900339762 ] ] ] } },
{ "type": "Feature", "properties": { "UNIQUE_ID": "Summit-:-COPLEY TWP K (BCO)", "PRECNAME": "COPLEY TWP K", "PRECCODE": "BCO", "COUNTYFP": "153", "County": "Summit", "SLDL_DIST": "031", "total_pop": 1511, "age_under18": 318, "age_18_34": 331, "age_35_64": 577, "age_65plus": 285, "pop_hispanic": 4, "pop_white": 973, "pop_black": 182, "pop_asian": 24, "pct_hispanic": 0.3, "pct_white": 80.6, "pct_black": 15.1, "pct_asian": 2.0, "pct_native": 0.0, "pct_multi": 0.1, "med_hh_income": 96539.0, "pct_bachelors_plus": 44.747124917382692, "pct_no_hs_diploma": 4.6040317250495697, "pct_some_college": 22.864309319233314 }, "geometry": { "type": "Polygon", "coordinates": [ [ [ -81.594690362792392, 41.095716871906006 ], [ -81.589250353404211, 41.095485860760611 ], [ -81.588806352709284, 41.09546385983321 ], [ -81.588341351850261, 41.095431858957319 ], [ -81.588341352435123, 41.09495285996443 ], [ -81.588341356168741, 41.092152866224708 ], [ -81.590320360201005, 41.092086870739742 ], [ -81.590394360658493, 41.091861871429941 ], [ -81.590475361099521, 41.09167187202128 ], [ -81.590585361653268, 41.091455872755745 ], [ -81.590715362246655, 41.091219873547288 ], [ -81.590866362922256, 41.090958874515437 ], [ -81.588449358234783, 41.090811869468915 ], [ -81.588346367697639, 41.08345588567073 ], [ -81.588374368483755, 41.082943886959363 ], [ -81.588381369764846, 41.081949889122377 ], [ -81.588403370843309, 41.081146891034834 ], [ -81.588440372451018, 41.080040893605982 ], [ -81.588444373136554, 41.079484894817227 ], [ -81.588445373354247, 41.079384895053607 ], [ -81.588449373887428, 41.078968895976168 ], [ -81.588484374811983, 41.078350897420272 ], [ -81.588499376349475, 41.077247899960383 ], [ -81.588498376807308, 41.076821900933012 ], [ -81.588510377381368, 41.076487901658524 ], [ -81.588531378827824, 41.075450904042917 ], [ -81.588549379352571, 41.075070904943722 ], [ -81.588549379426325, 41.0750349050602 ], [ -81.588547379733839, 41.074771905628886 ], [ -81.588590381463405, 41.073597908343487 ], [ -81.58892438234605, 41.073592909183674 ], [ -81.589852385064546, 41.073588911430939 ], [ -81.591040388575635, 41.073588914322954 ], [ -81.591240389191839, 41.073588914777318 ], [ -81.591553390101893, 41.073588915496742 ], [ -81.592504392805409, 41.073586917812513 ], [ -81.594993400058968, 41.073575923883261 ], [ -81.595482401528074, 41.073579925037699 ], [ -81.596134403375828, 41.073581926674308 ], [ -81.596592404710805, 41.073575927807134 ], [ -81.596889405592748, 41.073581928492828 ], [ -81.601445418832839, 41.073578939559383 ], [ -81.603087423641412, 41.073570943498027 ], [ -81.603480424789822, 41.073563944503896 ], [ -81.603656425289699, 41.073566944915505 ], [ -81.605927431900682, 41.073567950399813 ], [ -81.606543433700011, 41.073571951872118 ], [ -81.606692429408184, 41.075655947113553 ], [ -81.607519428392081, 41.077126945512155 ], [ -81.607465428297573, 41.077106945430884 ], [ -81.607403428147734, 41.077101945268744 ], [ -81.607294427696331, 41.077153944844127 ], [ -81.607530428364086, 41.077144945409842 ], [ -81.608225422576879, 41.080445938889895 ], [ -81.608269422247631, 41.080650938482883 ], [ -81.608092421520638, 41.080766937843102 ], [ -81.607078418937675, 41.080737935526074 ], [ -81.606290417018457, 41.080714933771091 ], [ -81.606289415685964, 41.081287932320208 ], [ -81.606334415626009, 41.081396932182756 ], [ -81.606329413698774, 41.082222930103541 ], [ -81.606308410421533, 41.083660926546493 ], [ -81.606310410132039, 41.083807926213581 ], [ -81.606323409730336, 41.08401792569969 ], [ -81.606986411272104, 41.084017927169491 ], [ -81.60698741078599, 41.084240926675783 ], [ -81.606972410091998, 41.084531925921247 ], [ -81.606988409037925, 41.085019924700127 ], [ -81.606990408730084, 41.085171924408805 ], [ -81.606993408207444, 41.085376923838176 ], [ -81.606976407046275, 41.08586392263819 ], [ -81.606982402674035, 41.087791917933096 ], [ -81.606989400340197, 41.088845915341295 ], [ -81.606266398768895, 41.088828913732549 ], [ -81.605720397683029, 41.088816912537439 ], [ -81.605371396953629, 41.088810911779419 ], [ -81.604803395731423, 41.088803910571428 ], [ -81.604659395424122, 41.088801910243063 ], [ -81.60436639484908, 41.088783909588408 ], [ -81.604245394635072, 41.088771909352872 ], [ -81.604149394496204, 41.088753909177214 ], [ -81.604140393748423, 41.08909590832328 ], [ -81.604128392600018, 41.089591907067906 ], [ -81.604109392050304, 41.089826906455762 ], [ -81.604108391583793, 41.090055905974623 ], [ -81.604226391821157, 41.090061906157636 ], [ -81.60445739235837, 41.090065906687812 ], [ -81.60533739407721, 41.090068908590411 ], [ -81.60570339485696, 41.090077909376781 ], [ -81.606336396188212, 41.090099910800255 ], [ -81.606361396106607, 41.090109910838819 ], [ -81.60637739610975, 41.090123910778715 ], [ -81.606406396147264, 41.090177910727796 ], [ -81.606414396020099, 41.090212910664071 ], [ -81.606391394377823, 41.09091290887747 ], [ -81.606374393976665, 41.091104908410465 ], [ -81.606359393054518, 41.091503907347253 ], [ -81.60635639253492, 41.09172590683594 ], [ -81.60636039225426, 41.091869906458996 ], [ -81.60635439184594, 41.092034906056639 ], [ -81.606356390830172, 41.092461905008037 ], [ -81.606343388206653, 41.093670901988233 ], [ -81.606335387749809, 41.093859901503706 ], [ -81.607986390752572, 41.093864905112831 ], [ -81.610337395162816, 41.093861910174127 ], [ -81.611112396637878, 41.093868911849576 ], [ -81.611098393728852, 41.095049908840615 ], [ -81.611087391304267, 41.096030906369691 ], [ -81.61108338804236, 41.097299903150436 ], [ -81.61106938590062, 41.098157900961624 ], [ -81.611063383897957, 41.098997898831477 ], [ -81.61106538348082, 41.099165898480614 ], [ -81.609989381643445, 41.099172896138136 ], [ -81.609961378107599, 41.100653892396842 ], [ -81.611675375371732, 41.102778890581497 ], [ -81.611761375241173, 41.102859890592391 ], [ -81.613196374741463, 41.103856891028258 ], [ -81.617043372714079, 41.106452892128914 ], [ -81.619397374708271, 41.106797896020048 ], [ -81.619395373891251, 41.107073895291137 ], [ -81.619404371937449, 41.107742893557081 ], [ -81.615737367638303, 41.107749886163873 ], [ -81.615054366865152, 41.107741884851535 ], [ -81.614991366738153, 41.10775588467019 ], [ -81.614965366693255, 41.10776588459936 ], [ -81.614907366546774, 41.107805884404236 ], [ -81.614874366279849, 41.107851884217013 ], [ -81.614862366172204, 41.107897884098115 ], [ -81.614881364918446, 41.108369882881306 ], [ -81.614898361557493, 41.109662879573172 ], [ -81.614914360811639, 41.109951878866127 ], [ -81.614943360415168, 41.110083878579843 ], [ -81.614987360198242, 41.110199878384691 ], [ -81.615076359867558, 41.110348878158888 ], [ -81.613957357374915, 41.110869874697286 ], [ -81.614843355259453, 41.111989873495261 ], [ -81.614937354968788, 41.112118873402984 ], [ -81.614754354513479, 41.112239872695703 ], [ -81.614119352697756, 41.112674870364096 ], [ -81.614065352555286, 41.112709870221231 ], [ -81.613904352113906, 41.112817869557553 ], [ -81.613474351111378, 41.113077868051022 ], [ -81.613220350542861, 41.113214867210438 ], [ -81.612969349927326, 41.113339866427289 ], [ -81.612851349707981, 41.113391866125646 ], [ -81.612694349481529, 41.113459865654455 ], [ -81.61226234866993, 41.113611864352748 ], [ -81.611659347767571, 41.113775862849245 ], [ -81.611215348232918, 41.113392862903432 ], [ -81.61014734957439, 41.112492863086857 ], [ -81.609941349774914, 41.112328863129221 ], [ -81.609226350350809, 41.111770863098954 ], [ -81.608649350804512, 41.111363863050315 ], [ -81.607428351484216, 41.110567862559982 ], [ -81.606693351727017, 41.110124862262161 ], [ -81.606283351854799, 41.109867862104878 ], [ -81.606095351798757, 41.109765861939842 ], [ -81.605441351904602, 41.109413861483269 ], [ -81.605042351852845, 41.109228861155948 ], [ -81.604874351830887, 41.109150861064045 ], [ -81.604930356065879, 41.107272865741216 ], [ -81.604892357472025, 41.106600867305438 ], [ -81.605086361608073, 41.10476487217273 ], [ -81.604959362448341, 41.104307873013582 ], [ -81.604944362563188, 41.104237873176096 ], [ -81.60449236282696, 41.103853873139585 ], [ -81.604512363213644, 41.10369087361309 ], [ -81.604467363748711, 41.103434874138728 ], [ -81.604721364077008, 41.103433874645361 ], [ -81.604847364182106, 41.103432874904776 ], [ -81.604844365631294, 41.102796876438049 ], [ -81.604630365240041, 41.102815875981769 ], [ -81.604224364552692, 41.102859875031605 ], [ -81.603892364017938, 41.10290387422345 ], [ -81.60376836383584, 41.102923873930386 ], [ -81.603291362962921, 41.103008872722967 ], [ -81.60295436236558, 41.103080871927403 ], [ -81.602880362147872, 41.103096871670139 ], [ -81.60238536123812, 41.103221870431909 ], [ -81.601831360124308, 41.103384868835292 ], [ -81.601447359295676, 41.103515867740704 ], [ -81.600488357336332, 41.103868864914126 ], [ -81.599253354751625, 41.104330861344479 ], [ -81.599262357498375, 41.102855864865248 ], [ -81.595852352788071, 41.102843857867597 ], [ -81.594612352426054, 41.101933857397086 ], [ -81.594542352864991, 41.101652857862753 ], [ -81.594578356735227, 41.099332863359727 ], [ -81.594690362792392, 41.095716871906006 ] ] ] } },
{ "type": "Feature", "properties": { "UNIQUE_ID": "Summit-:-COPLEY TWP L (BCP)", "PRECNAME": "COPLEY TWP L", "PRECCODE": "BCP", "COUNTYFP": "153", "County": "Summit", "SLDL_DIST": "031", "total_pop": 1488, "age_under18": 337, "age_18_34": 270, "age_35_64": 572, "age_65plus": 309, "pop_hispanic": 18, "pop_white": 1280, "pop_black": 130, "pop_asian": 10, "pct_hispanic": 1.3, "pct_white": 89.1, "pct_black": 9.1, "pct_asian": 0.7, "pct_native": 0.0, "pct_multi": 0.2, "med_hh_income": 93137.0, "pct_bachelors_plus": 49.447858099062913, "pct_no_hs_diploma": 4.0815261044176712, "pct_some_college": 27.319410977242306 }, "geometry": { "type": "Polygon", "coordinates": [ [ [ -81.687623742828265, 41.062152187900246 ], [ -81.68762357619957, 41.062172949926364 ], [ -81.687616538523613, 41.063049846427376 ], [ -81.687613734853613, 41.063399183577076 ], [ -81.687610733191917, 41.06365618266743 ], [ -81.687596726548762, 41.064674179124914 ], [ -81.687596726485808, 41.064698178995961 ], [ -81.687557690964979, 41.07023215977631 ], [ -81.687545679423351, 41.072030153494765 ], [ -81.687493596115729, 41.079832346862688 ], [ -81.687489625709844, 41.080427124258492 ], [ -81.687488212778675, 41.080661073623354 ], [ -81.687485621555766, 41.081090121952656 ], [ -81.687484620609297, 41.081238121439526 ], [ -81.687447578003088, 41.087893098356389 ], [ -81.687441571402061, 41.088923094750811 ], [ -81.68744057040395, 41.089079094232751 ], [ -81.677277541537535, 41.090331067372929 ], [ -81.677283550844749, 41.08875107264263 ], [ -81.677284562746408, 41.08671607946475 ], [ -81.675770559336229, 41.086715076045479 ], [ -81.675916588949491, 41.081661093099996 ], [ -81.675900591400762, 41.081229094520864 ], [ -81.675345590055471, 41.081224093269846 ], [ -81.675076589367464, 41.081226092607004 ], [ -81.674730588524909, 41.081222091858223 ], [ -81.674344587508756, 41.081224090931521 ], [ -81.673222584718147, 41.081216088322137 ], [ -81.672857583803378, 41.081218087449074 ], [ -81.672235582331211, 41.081210086054398 ], [ -81.671753581038971, 41.081209084976472 ], [ -81.671514580507832, 41.081205084432568 ], [ -81.671120579484068, 41.081207083474816 ], [ -81.67012257699524, 41.081204081175464 ], [ -81.669012574217916, 41.081201078569535 ], [ -81.66822857220896, 41.08119907672755 ], [ -81.667992571682106, 41.081192076217818 ], [ -81.66756057050786, 41.081196075252905 ], [ -81.667319569988734, 41.081192074710543 ], [ -81.666353567510782, 41.081192072460226 ], [ -81.66534756490104, 41.081199070099665 ], [ -81.664864563670022, 41.081210068899267 ], [ -81.664530562831587, 41.081204068121629 ], [ -81.664133561899533, 41.0812050672561 ], [ -81.663842561135908, 41.081206066564661 ], [ -81.663199559471252, 41.081204065012926 ], [ -81.66264955816537, 41.081190063800946 ], [ -81.662152556941777, 41.081188062625394 ], [ -81.661739555945331, 41.08118806169896 ], [ -81.661215554659762, 41.081180060496791 ], [ -81.660238552200667, 41.081182058259166 ], [ -81.660077551751058, 41.081180057837273 ], [ -81.659475550231974, 41.081187056462213 ], [ -81.659128549351081, 41.081191055596975 ], [ -81.658484547622791, 41.081190054060784 ], [ -81.658290547114788, 41.081196053648547 ], [ -81.657121544144616, 41.08120305085059 ], [ -81.656869543588257, 41.081201050336034 ], [ -81.656464542574284, 41.081198049357923 ], [ -81.656406542363058, 41.081205049237511 ], [ -81.656137541729223, 41.081203048569904 ], [ -81.656001541340359, 41.08120204825336 ], [ -81.655755540703737, 41.081205047713127 ], [ -81.655294539649958, 41.08119104668107 ], [ -81.654830538471316, 41.081192045622217 ], [ -81.654589537796355, 41.081199045000744 ], [ -81.653964536286352, 41.081193043580321 ], [ -81.653004533730211, 41.081206041312512 ], [ -81.651904530935909, 41.08120803871379 ], [ -81.651402529708733, 41.081204037596123 ], [ -81.650828528265237, 41.081207036221457 ], [ -81.650300526969048, 41.08120503497139 ], [ -81.649354524537245, 41.081212032746542 ], [ -81.647805520610035, 41.081214029129022 ], [ -81.647679520307648, 41.081211028923128 ], [ -81.647416519672689, 41.081218028230552 ], [ -81.646642517654598, 41.081219026478514 ], [ -81.646241516587736, 41.081227025466717 ], [ -81.645631515071884, 41.081223024121996 ], [ -81.644621512506802, 41.081231021729451 ], [ -81.644133511290875, 41.081241020529127 ], [ -81.643897510623532, 41.081239020022892 ], [ -81.643606509930365, 41.081244019313317 ], [ -81.643398509380035, 41.081243018826122 ], [ -81.643163508751272, 41.081249018292816 ], [ -81.642890507896183, 41.081292017481402 ], [ -81.642832508159813, 41.081200017647632 ], [ -81.642597509137445, 41.08082201816071 ], [ -81.642451509588625, 41.080608018414694 ], [ -81.641813512218746, 41.079564019965559 ], [ -81.641746512508959, 41.079453020117342 ], [ -81.641339514148527, 41.078764021191397 ], [ -81.641204514794126, 41.078517021558618 ], [ -81.641052515519391, 41.078253021959206 ], [ -81.641010515644496, 41.078174022077718 ], [ -81.640888516240182, 41.077947022519012 ], [ -81.640559517719993, 41.077357023371441 ], [ -81.640291518887835, 41.076876024140255 ], [ -81.640132519622142, 41.076579024605039 ], [ -81.639631521859044, 41.075674026074708 ], [ -81.639501522371447, 41.075427026445169 ], [ -81.639327523044003, 41.075134026827456 ], [ -81.639226523546313, 41.074941027180699 ], [ -81.639163523755983, 41.074839027344872 ], [ -81.639099524099578, 41.074695027516924 ], [ -81.639014524797275, 41.074460028005767 ], [ -81.638562524175612, 41.074304027352845 ], [ -81.638322523797839, 41.074225027046744 ], [ -81.638164523554764, 41.074164026828129 ], [ -81.637700522812111, 41.073999026151874 ], [ -81.637120521865484, 41.07379902533156 ], [ -81.636208520539029, 41.073477023999516 ], [ -81.635903520009037, 41.073375023590458 ], [ -81.635447519229217, 41.073211022961381 ], [ -81.635273518977968, 41.073154022699065 ], [ -81.634681517949062, 41.072945021803299 ], [ -81.634562517806017, 41.072907021669714 ], [ -81.633910516641265, 41.072679020695993 ], [ -81.633741516432167, 41.072624020477306 ], [ -81.633552516118385, 41.072552020176339 ], [ -81.633305515717922, 41.072468019838006 ], [ -81.63274351467966, 41.072266019056862 ], [ -81.632586514490598, 41.072214018753918 ], [ -81.632137513667146, 41.072053018102395 ], [ -81.631116511882823, 41.071700016643696 ], [ -81.630782511276735, 41.071581016153573 ], [ -81.630288510330644, 41.071414015341148 ], [ -81.62942750875763, 41.071110014126155 ], [ -81.629277508470622, 41.071062013872741 ], [ -81.628824507685252, 41.070898013224728 ], [ -81.628588507200661, 41.070821012851958 ], [ -81.627992506142817, 41.070609011909212 ], [ -81.627791505812425, 41.070529011697126 ], [ -81.627730505617649, 41.0704960116039 ], [ -81.627549505524868, 41.070392011483797 ], [ -81.627407505375714, 41.070290011387328 ], [ -81.627213505274753, 41.070135011342472 ], [ -81.626886505293811, 41.069837011346479 ], [ -81.626718505233015, 41.069695011305349 ], [ -81.626524505172654, 41.069520011294884 ], [ -81.626366505216296, 41.069365011332323 ], [ -81.626109503861656, 41.06952201028863 ], [ -81.625904502716168, 41.069683009293485 ], [ -81.625782502015284, 41.06977300874275 ], [ -81.625622501088699, 41.069907008030135 ], [ -81.625491500436453, 41.070007007409977 ], [ -81.625343499489745, 41.070123006762664 ], [ -81.625074497969237, 41.070349005450325 ], [ -81.62471149603374, 41.070632003828692 ], [ -81.624558495187856, 41.070736003159212 ], [ -81.62421749342866, 41.070954001751893 ], [ -81.624068492762731, 41.071040001116678 ], [ -81.624153492662174, 41.071161001014104 ], [ -81.624845493444028, 41.071560001651939 ], [ -81.625345493956928, 41.071852002052594 ], [ -81.625844492929659, 41.072653001118894 ], [ -81.625344488568416, 41.073552997534073 ], [ -81.629341499792162, 41.073660006852641 ], [ -81.629580492100885, 41.076111000763646 ], [ -81.632251498145095, 41.076507005990656 ], [ -81.632237495458, 41.077247003976105 ], [ -81.629783488875404, 41.077210998214355 ], [ -81.629345487729395, 41.077207997182484 ], [ -81.628954486696358, 41.077198996226386 ], [ -81.628825486409255, 41.07719299595442 ], [ -81.627642483125243, 41.077188993206931 ], [ -81.62631147950016, 41.077186990015335 ], [ -81.626041478851192, 41.077184989341617 ], [ -81.625791478164516, 41.077177988772505 ], [ -81.623888472996256, 41.07717798428753 ], [ -81.623196471125283, 41.07717398267048 ], [ -81.622916470323275, 41.077173981971534 ], [ -81.622226468449668, 41.077174980296526 ], [ -81.622120468074527, 41.077174980091804 ], [ -81.621179465641376, 41.077166977867165 ], [ -81.621001465071501, 41.077168977462925 ], [ -81.620630464118136, 41.077159976579296 ], [ -81.62023646304165, 41.077156975604055 ], [ -81.619478460939689, 41.077159973838206 ], [ -81.619476461638115, 41.076916974457752 ], [ -81.619488464910063, 41.075800977377533 ], [ -81.619493466316584, 41.075348978637514 ], [ -81.619512469532012, 41.074232981545627 ], [ -81.619510469798868, 41.074136981800237 ], [ -81.619510470380831, 41.073948982353109 ], [ -81.619528471364262, 41.073642983173571 ], [ -81.619548471588502, 41.073580983398031 ], [ -81.61946147136608, 41.073557983267108 ], [ -81.61940847120762, 41.073551983078573 ], [ -81.619124470469444, 41.073550982404257 ], [ -81.618725469290894, 41.073550981509847 ], [ -81.618188467731272, 41.073545980180967 ], [ -81.618070467349796, 41.073546979886679 ], [ -81.617916466901661, 41.073549979540367 ], [ -81.617595465960449, 41.073545978707173 ], [ -81.617139464641795, 41.073551977651746 ], [ -81.616808463638236, 41.073550976788205 ], [ -81.613716454669458, 41.073549969308552 ], [ -81.612610451484485, 41.07355696660327 ], [ -81.612197450226645, 41.073554965677474 ], [ -81.610078444000862, 41.073561960453844 ], [ -81.608502439505997, 41.073556956641696 ], [ -81.607552436733656, 41.073559954337057 ], [ -81.607044435136501, 41.07357095311054 ], [ -81.606614433961511, 41.073572952032144 ], [ -81.606543433700011, 41.073571951872118 ], [ -81.605927431900682, 41.073567950399813 ], [ -81.603656425289699, 41.073566944915505 ], [ -81.603480424789822, 41.073563944503896 ], [ -81.603087423641412, 41.073570943498027 ], [ -81.601445418832839, 41.073578939559383 ], [ -81.596889405592748, 41.073581928492828 ], [ -81.596592404710805, 41.073575927807134 ], [ -81.596134403375828, 41.073581926674308 ], [ -81.595482401528074, 41.073579925037699 ], [ -81.594993400058968, 41.073575923883261 ], [ -81.592504392805409, 41.073586917812513 ], [ -81.591553390101893, 41.073588915496742 ], [ -81.591240389191839, 41.073588914777318 ], [ -81.591040388575635, 41.073588914322954 ], [ -81.589852385064546, 41.073588911430939 ], [ -81.58892438234605, 41.073592909183674 ], [ -81.588590381463405, 41.073597908343487 ], [ -81.588591382403862, 41.072873909999274 ], [ -81.588631384503287, 41.071382913436651 ], [ -81.588654386160172, 41.070166916175893 ], [ -81.588684388249575, 41.068648919668178 ], [ -81.588715389713627, 41.067644921940108 ], [ -81.588723390106381, 41.067415922483676 ], [ -81.588731390986268, 41.066725924053486 ], [ -81.58872739131769, 41.066520924540605 ], [ -81.588748392226165, 41.065887925978195 ], [ -81.588749392660489, 41.065537926811388 ], [ -81.588750392854749, 41.065415927026258 ], [ -81.588759393331372, 41.065118927740329 ], [ -81.588770394192352, 41.064461929282501 ], [ -81.588773394425843, 41.064262929695403 ], [ -81.588807396395012, 41.062917932782696 ], [ -81.588822397030228, 41.062449933859561 ], [ -81.590891404171629, 41.062548938912741 ], [ -81.59294241137799, 41.062452944444225 ], [ -81.59319441226242, 41.062434945107007 ], [ -81.594342416412005, 41.06235294826012 ], [ -81.59464241753669, 41.062352948990522 ], [ -81.595442420421662, 41.062252951256106 ], [ -81.597642428122185, 41.062252956965722 ], [ -81.599142433188035, 41.062352960538519 ], [ -81.612843481199221, 41.062252995855204 ], [ -81.613949485017969, 41.06223899880252 ], [ -81.620648508724045, 41.062154016116786 ], [ -81.621759512522615, 41.062156019006402 ], [ -81.623409518207751, 41.062213023097314 ], [ -81.628571536494249, 41.062142036537779 ], [ -81.637625567798722, 41.062221059483875 ], [ -81.63871957156806, 41.062226062312234 ], [ -81.63948157425277, 41.062225064285315 ], [ -81.641689581886141, 41.062237069832591 ], [ -81.643296587548505, 41.062233073958964 ], [ -81.644129590358361, 41.062240076132312 ], [ -81.645730596031299, 41.062240080240208 ], [ -81.646166597546824, 41.062237081367293 ], [ -81.646898600015078, 41.062242083239937 ], [ -81.64868360634928, 41.062241087746393 ], [ -81.649135607896696, 41.062239088986821 ], [ -81.6495996095301, 41.062244090155026 ], [ -81.649938610705178, 41.062239090974181 ], [ -81.652545619774543, 41.062242097642496 ], [ -81.653329622583186, 41.062238099692962 ], [ -81.653993624809118, 41.062240101358391 ], [ -81.654709627355459, 41.062232103261834 ], [ -81.655942631656671, 41.062241106373826 ], [ -81.656366633168403, 41.062240107453448 ], [ -81.657192636073603, 41.062228109666606 ], [ -81.658157639422768, 41.06222711208391 ], [ -81.658642641150109, 41.062230113304217 ], [ -81.659263643359552, 41.062227114966952 ], [ -81.660479647544918, 41.062229118068245 ], [ -81.660898648981643, 41.06223211908663 ], [ -81.66133365056254, 41.06222912026476 ], [ -81.661383650752981, 41.062220120441275 ], [ -81.661451651110397, 41.062191120638694 ], [ -81.662008653085039, 41.062192122122468 ], [ -81.66228765401415, 41.062193122847056 ], [ -81.662841656308942, 41.062138124359599 ], [ -81.663068656726097, 41.062209124749344 ], [ -81.663141656888072, 41.062223124871373 ], [ -81.6632056570283, 41.062229125072257 ], [ -81.66570266574486, 41.062241131384525 ], [ -81.666270667678589, 41.062239132900629 ], [ -81.666811669621183, 41.062230134287184 ], [ -81.669908680282987, 41.062266142072481 ], [ -81.673331691211771, 41.062432150314592 ], [ -81.674340694553138, 41.062463152781902 ], [ -81.676265702106349, 41.062320158260157 ], [ -81.676839704366031, 41.062277159861864 ], [ -81.678173710113157, 41.062089163855781 ], [ -81.678303710318445, 41.062133164062367 ], [ -81.678374710458144, 41.062144164186222 ], [ -81.679725715219462, 41.062146167642823 ], [ -81.67979571549597, 41.062145167845564 ], [ -81.680167716668649, 41.062159168774649 ], [ -81.685959737054702, 41.062134183656376 ], [ -81.687622606531932, 41.062152175613946 ], [ -81.687623742828265, 41.062152187900246 ] ] ] } },
{ "type": "Feature", "properties": { "UNIQUE_ID": "Summit-:-CUY FALLS 1-A (AKF)", "PRECNAME": "CUY FALLS 1-A", "PRECCODE": "AKF", "COUNTYFP": "153", "County": "Summit", "SLDL_DIST": "031", "total_pop": 1721, "age_under18": 327, "age_18_34": 455, "age_35_64": 683, "age_65plus": 256, "pop_hispanic": 41, "pop_white": 1206, "pop_black": 348, "pop_asian": 136, "pct_hispanic": 2.3, "pct_white": 68.1, "pct_black": 19.7, "pct_asian": 7.7, "pct_native": 0.0, "pct_multi": 0.3, "med_hh_income": 51832.0, "pct_bachelors_plus": 20.758127512923608, "pct_no_hs_diploma": 10.540264215967836, "pct_some_college": 40.59931074095347 }, "geometry": { "type": "Polygon", "coordinates": [ [ [ -81.492028270202894, 41.118144656490905 ], [ -81.492535270931569, 41.118452655258672 ], [ -81.488735281318725, 41.120953658803032 ], [ -81.487635286528445, 41.122353658949997 ], [ -81.487535291145846, 41.12375365741655 ], [ -81.484435303264249, 41.126854658913501 ], [ -81.484099305424749, 41.127476658702129 ], [ -81.482529316015487, 41.130380657854019 ], [ -81.482435316657202, 41.130555657747692 ], [ -81.482149327117838, 41.133690654453879 ], [ -81.48174732718897, 41.133646655134775 ], [ -81.481374327346998, 41.133604655787515 ], [ -81.481187327337082, 41.133582656106469 ], [ -81.480964327424005, 41.133556656538893 ], [ -81.480676327508448, 41.133525657019462 ], [ -81.480631327582643, 41.133520657165178 ], [ -81.480406327576389, 41.133495657541332 ], [ -81.480291327651045, 41.133483657751391 ], [ -81.480168327676807, 41.13346965799937 ], [ -81.480123327707489, 41.13346465803675 ], [ -81.480014327707238, 41.133445658259937 ], [ -81.479900327636713, 41.133413658434712 ], [ -81.479788327581602, 41.133372658664506 ], [ -81.47970732749009, 41.133334658895983 ], [ -81.479598327468011, 41.133276659095742 ], [ -81.479550327321064, 41.133241659218555 ], [ -81.479482327261962, 41.13319365945533 ], [ -81.479383326983481, 41.133112659712069 ], [ -81.479281326788254, 41.133018659965053 ], [ -81.479132326471571, 41.132889660416055 ], [ -81.478768325762502, 41.13258666134309 ], [ -81.478030324137734, 41.131957663339868 ], [ -81.477733323499706, 41.131719664158148 ], [ -81.477599323295522, 41.131603664491372 ], [ -81.477443322880589, 41.131479664869481 ], [ -81.477255322487963, 41.131320665453281 ], [ -81.477013322062476, 41.131126666019171 ], [ -81.476730321443029, 41.130875666798069 ], [ -81.476780321262353, 41.130827666807903 ], [ -81.476813320990999, 41.130781666851313 ], [ -81.47686232077892, 41.130696666855798 ], [ -81.476889320394392, 41.130597666891326 ], [ -81.476898319958721, 41.1304816670566 ], [ -81.476964318673822, 41.130094667391703 ], [ -81.477274318453524, 41.130100666911488 ], [ -81.477663318393454, 41.130131666196618 ], [ -81.477706317559495, 41.129917666446758 ], [ -81.477764316788409, 41.129684666602479 ], [ -81.477775316701667, 41.129658666613658 ], [ -81.477791316476939, 41.129591666635449 ], [ -81.477808316363365, 41.129544666736741 ], [ -81.477867315897427, 41.129424666783379 ], [ -81.477902315722531, 41.129373666789881 ], [ -81.477937315496192, 41.129333666716576 ], [ -81.477988315322904, 41.129298666703228 ], [ -81.478007315313604, 41.12927466669138 ], [ -81.478184313413223, 41.128754667054579 ], [ -81.478226312993129, 41.128615667180497 ], [ -81.478318312137375, 41.128382667289891 ], [ -81.478546312290817, 41.128477666818796 ], [ -81.478718312393852, 41.128534666432081 ], [ -81.478902312411179, 41.128582666101337 ], [ -81.479195312473237, 41.128640665549597 ], [ -81.479302311199632, 41.128297665765693 ], [ -81.479376310566337, 41.128111665888994 ], [ -81.479454309712708, 41.127879666018949 ], [ -81.47964330779989, 41.127337666380157 ], [ -81.479874305605492, 41.126703666714945 ], [ -81.479284305556064, 41.1265876679199 ], [ -81.478963305568811, 41.126528668538107 ], [ -81.478688305621574, 41.126467669047621 ], [ -81.478381305635111, 41.12640566965802 ], [ -81.478089305563785, 41.126341670211289 ], [ -81.477645310005528, 41.127599669364578 ], [ -81.477555310841694, 41.127834669243441 ], [ -81.477498311250713, 41.127965669180647 ], [ -81.477093311158626, 41.127858669984406 ], [ -81.476434311182501, 41.127709671229141 ], [ -81.476473310699973, 41.12758867135917 ], [ -81.476542310089854, 41.127403671497959 ], [ -81.47688130658284, 41.126426672077926 ], [ -81.476990305667726, 41.12616167222361 ], [ -81.476719305636081, 41.126089672784609 ], [ -81.476412305546987, 41.126024673430067 ], [ -81.476104305529731, 41.125964674035203 ], [ -81.475839305598555, 41.125906674530341 ], [ -81.475489305530303, 41.125848675131294 ], [ -81.475185305576261, 41.12578567574834 ], [ -81.474537305582757, 41.125652676991685 ], [ -81.473368305441511, 41.125419679310546 ], [ -81.473245305512336, 41.125407679467962 ], [ -81.473183305603499, 41.125415679578062 ], [ -81.473121305740591, 41.125435679662253 ], [ -81.472997305953328, 41.125491679830922 ], [ -81.472085308123923, 41.125962680726964 ], [ -81.471198310269685, 41.126426681642414 ], [ -81.470769311254401, 41.126641682043832 ], [ -81.470665311035077, 41.126563682353861 ], [ -81.470584311002668, 41.126531682551423 ], [ -81.470512310954817, 41.126524682677321 ], [ -81.470327311200123, 41.126546682924634 ], [ -81.469708312053271, 41.126674683847732 ], [ -81.469584312182306, 41.126703683995409 ], [ -81.469460312374935, 41.126741684171336 ], [ -81.469274312736246, 41.126814684327286 ], [ -81.469149312970231, 41.126873684535539 ], [ -81.468892313631798, 41.127003684754712 ], [ -81.46871831309609, 41.126824685321196 ], [ -81.468588312693413, 41.126679685708694 ], [ -81.468483312345668, 41.126538686076259 ], [ -81.468476312281254, 41.126515686132059 ], [ -81.468457312151457, 41.126491686182817 ], [ -81.46833131135341, 41.126230686693695 ], [ -81.470400308560087, 41.125791683772192 ], [ -81.470710308141491, 41.125722683353175 ], [ -81.470772308167469, 41.12571268326581 ], [ -81.470834308056737, 41.125708683194489 ], [ -81.470957307972753, 41.125709682968846 ], [ -81.471019307969655, 41.125706682865754 ], [ -81.471081307821862, 41.125698682749203 ], [ -81.471423307399476, 41.125631682290667 ], [ -81.471694307047969, 41.125568681937075 ], [ -81.471554306544832, 41.125399682344096 ], [ -81.470954304727087, 41.124740684214778 ], [ -81.470810304250051, 41.124570684658394 ], [ -81.470532303469795, 41.124270685526916 ], [ -81.470158302248976, 41.12384168665961 ], [ -81.469981301803102, 41.123658687215688 ], [ -81.46978630127866, 41.123479687754248 ], [ -81.469542300315638, 41.123162688584635 ], [ -81.469395299964006, 41.123005689063376 ], [ -81.469007298781662, 41.122576690239846 ], [ -81.468849298178526, 41.122394690726686 ], [ -81.467339293574568, 41.120727695400682 ], [ -81.466822291888121, 41.120147697062343 ], [ -81.466518291066251, 41.119817698004944 ], [ -81.466051289494004, 41.119288699476854 ], [ -81.465766288677585, 41.118984700338096 ], [ -81.465770288328798, 41.11886770045205 ], [ -81.46604228249069, 41.117186702161554 ], [ -81.467827281241767, 41.117122699165328 ], [ -81.468884280395429, 41.117080697421471 ], [ -81.471277279081804, 41.117085693301334 ], [ -81.473041278080416, 41.117109690295536 ], [ -81.474564277235572, 41.117131687629268 ], [ -81.478772275136052, 41.117232680278235 ], [ -81.485024271911911, 41.117381669400629 ], [ -81.488581270035056, 41.117461663167667 ], [ -81.488640270061808, 41.117464663122831 ], [ -81.488697270032574, 41.117467662974086 ], [ -81.489029269867601, 41.117468662403802 ], [ -81.489772269440323, 41.117471661167265 ], [ -81.489770269799749, 41.117586660964754 ], [ -81.489766270497128, 41.117801660776294 ], [ -81.489763271155994, 41.118021660457863 ], [ -81.48975727233784, 41.118355660130824 ], [ -81.489755272636856, 41.118472659958861 ], [ -81.489748274046178, 41.11890165951101 ], [ -81.489737276317584, 41.119590658722998 ], [ -81.49102627159742, 41.118367657957535 ], [ -81.492028270202894, 41.118144656490905 ] ] ] } },
{ "type": "Feature", "properties": { "UNIQUE_ID": "Summit-:-CUY FALLS 1-B (AKG)", "PRECNAME": "CUY FALLS 1-B", "PRECCODE": "AKG", "COUNTYFP": "153", "County": "Summit", "SLDL_DIST": "031", "total_pop": 1718, "age_under18": 336, "age_18_34": 473, "age_35_64": 676, "age_65plus": 233, "pop_hispanic": 5, "pop_white": 1321, "pop_black": 27, "pop_asian": 90, "pct_hispanic": 0.3, "pct_white": 85.1, "pct_black": 1.7, "pct_asian": 5.8, "pct_native": 0.0, "pct_multi": 0.0, "med_hh_income": 64784.0, "pct_bachelors_plus": 18.446158323632133, "pct_no_hs_diploma": 7.9694412107101282, "pct_some_college": 32.106169965075672 }, "geometry": { "type": "Polygon", "coordinates": [ [ [ -81.476730321443029, 41.130875666798069 ], [ -81.477013322062476, 41.131126666019171 ], [ -81.476785322662678, 41.131262666222959 ], [ -81.476575323281466, 41.131400666411281 ], [ -81.476386323905686, 41.131549666590686 ], [ -81.476179324629612, 41.131723666689631 ], [ -81.474675329009202, 41.132754667862351 ], [ -81.474641329061555, 41.132777667884731 ], [ -81.474424329775317, 41.132932668071952 ], [ -81.474392329851995, 41.132962668088766 ], [ -81.47433333017932, 41.133045668052112 ], [ -81.474252330388282, 41.133076668152349 ], [ -81.47419633043512, 41.133090668287927 ], [ -81.474113330481387, 41.133098668410149 ], [ -81.473249331095133, 41.133104669827972 ], [ -81.472980331277199, 41.133115670215254 ], [ -81.47266333148923, 41.133106670746436 ], [ -81.472508331663107, 41.133109671018147 ], [ -81.472163331880779, 41.133107671622476 ], [ -81.471551332251764, 41.133118672617798 ], [ -81.471274332438497, 41.133114673019733 ], [ -81.469669333533375, 41.133123675664784 ], [ -81.469370333718274, 41.13312067621105 ], [ -81.469113333891883, 41.133126676622879 ], [ -81.468619334277221, 41.133129677362433 ], [ -81.468315334467604, 41.133127677920811 ], [ -81.467508335045622, 41.133135679245918 ], [ -81.467215335211108, 41.133123679693405 ], [ -81.467197328361522, 41.131071682376721 ], [ -81.465403329430728, 41.131038685410324 ], [ -81.465419327246437, 41.130414686166674 ], [ -81.465437326373106, 41.130130686516864 ], [ -81.465448324007653, 41.129446687370233 ], [ -81.465469323042086, 41.129154687707548 ], [ -81.46547432237584, 41.128953687946137 ], [ -81.465499319813389, 41.128187688950071 ], [ -81.46598131947249, 41.128201688091401 ], [ -81.466228319387852, 41.128204687664478 ], [ -81.46659831906058, 41.128186687115864 ], [ -81.466722318956158, 41.128171686900572 ], [ -81.467032318480832, 41.128110686481904 ], [ -81.46706931846505, 41.128096686412349 ], [ -81.46709431837202, 41.128093686368778 ], [ -81.467218318211621, 41.128054686243338 ], [ -81.467342317913833, 41.128008686050336 ], [ -81.467455317709309, 41.127959685925219 ], [ -81.467877316700722, 41.127748685513936 ], [ -81.468112316204696, 41.127614685262031 ], [ -81.468337315690675, 41.12750868501729 ], [ -81.469014314033956, 41.127166684388015 ], [ -81.468892313631798, 41.127003684754712 ], [ -81.469149312970231, 41.126873684535539 ], [ -81.469274312736246, 41.126814684327286 ], [ -81.469460312374935, 41.126741684171336 ], [ -81.469584312182306, 41.126703683995409 ], [ -81.469708312053271, 41.126674683847732 ], [ -81.470327311200123, 41.126546682924634 ], [ -81.470512310954817, 41.126524682677321 ], [ -81.470584311002668, 41.126531682551423 ], [ -81.470665311035077, 41.126563682353861 ], [ -81.470769311254401, 41.126641682043832 ], [ -81.471198310269685, 41.126426681642414 ], [ -81.472085308123923, 41.125962680726964 ], [ -81.472997305953328, 41.125491679830922 ], [ -81.473121305740591, 41.125435679662253 ], [ -81.473183305603499, 41.125415679578062 ], [ -81.473245305512336, 41.125407679467962 ], [ -81.473368305441511, 41.125419679310546 ], [ -81.474537305582757, 41.125652676991685 ], [ -81.475185305576261, 41.12578567574834 ], [ -81.475489305530303, 41.125848675131294 ], [ -81.475839305598555, 41.125906674530341 ], [ -81.476104305529731, 41.125964674035203 ], [ -81.476412305546987, 41.126024673430067 ], [ -81.476719305636081, 41.126089672784609 ], [ -81.476990305667726, 41.12616167222361 ], [ -81.47688130658284, 41.126426672077926 ], [ -81.476542310089854, 41.127403671497959 ], [ -81.476473310699973, 41.12758867135917 ], [ -81.476434311182501, 41.127709671229141 ], [ -81.477093311158626, 41.127858669984406 ], [ -81.477498311250713, 41.127965669180647 ], [ -81.477555310841694, 41.127834669243441 ], [ -81.477645310005528, 41.127599669364578 ], [ -81.478089305563785, 41.126341670211289 ], [ -81.478381305635111, 41.12640566965802 ], [ -81.478688305621574, 41.126467669047621 ], [ -81.478963305568811, 41.126528668538107 ], [ -81.479284305556064, 41.1265876679199 ], [ -81.479874305605492, 41.126703666714945 ], [ -81.47964330779989, 41.127337666380157 ], [ -81.479454309712708, 41.127879666018949 ], [ -81.479376310566337, 41.128111665888994 ], [ -81.479302311199632, 41.128297665765693 ], [ -81.479195312473237, 41.128640665549597 ], [ -81.478902312411179, 41.128582666101337 ], [ -81.478718312393852, 41.128534666432081 ], [ -81.478546312290817, 41.128477666818796 ], [ -81.478318312137375, 41.128382667289891 ], [ -81.478226312993129, 41.128615667180497 ], [ -81.478184313413223, 41.128754667054579 ], [ -81.478007315313604, 41.12927466669138 ], [ -81.477988315322904, 41.129298666703228 ], [ -81.477937315496192, 41.129333666716576 ], [ -81.477902315722531, 41.129373666789881 ], [ -81.477867315897427, 41.129424666783379 ], [ -81.477808316363365, 41.129544666736741 ], [ -81.477791316476939, 41.129591666635449 ], [ -81.477775316701667, 41.129658666613658 ], [ -81.477764316788409, 41.129684666602479 ], [ -81.477706317559495, 41.129917666446758 ], [ -81.477663318393454, 41.130131666196618 ], [ -81.477274318453524, 41.130100666911488 ], [ -81.476964318673822, 41.130094667391703 ], [ -81.476898319958721, 41.1304816670566 ], [ -81.476889320394392, 41.130597666891326 ], [ -81.47686232077892, 41.130696666855798 ], [ -81.476813320990999, 41.130781666851313 ], [ -81.476780321262353, 41.130827666807903 ], [ -81.476730321443029, 41.130875666798069 ] ] ] } },
{ "type": "Feature", "properties": { "UNIQUE_ID": "Summit-:-CUY FALLS 1-C (AKJ)", "PRECNAME": "CUY FALLS 1-C", "PRECCODE": "AKJ", "COUNTYFP": "153", "County": "Summit", "SLDL_DIST": "031", "total_pop": 1487, "age_under18": 162, "age_18_34": 474, "age_35_64": 533, "age_65plus": 318, "pop_hispanic": 31, "pop_white": 1122, "pop_black": 148, "pop_asian": 42, "pct_hispanic": 2.3, "pct_white": 84.7, "pct_black": 11.2, "pct_asian": 3.2, "pct_native": 0.0, "pct_multi": 0.0, "med_hh_income": 70090.0, "pct_bachelors_plus": 28.229993275050443, "pct_no_hs_diploma": 3.1685272360457293, "pct_some_college": 33.633490248823136 }, "geometry": { "type": "Polygon", "coordinates": [ [ [ -81.46564828826375, 41.118860700662538 ], [ -81.465770288328798, 41.11886770045205 ], [ -81.465766288677585, 41.118984700338096 ], [ -81.466051289494004, 41.119288699476854 ], [ -81.466518291066251, 41.119817698004944 ], [ -81.466822291888121, 41.120147697062343 ], [ -81.467339293574568, 41.120727695400682 ], [ -81.468849298178526, 41.122394690726686 ], [ -81.469007298781662, 41.122576690239846 ], [ -81.469395299964006, 41.123005689063376 ], [ -81.469542300315638, 41.123162688584635 ], [ -81.46978630127866, 41.123479687754248 ], [ -81.469981301803102, 41.123658687215688 ], [ -81.470158302248976, 41.12384168665961 ], [ -81.470532303469795, 41.124270685526916 ], [ -81.470810304250051, 41.124570684658394 ], [ -81.470954304727087, 41.124740684214778 ], [ -81.471554306544832, 41.125399682344096 ], [ -81.471694307047969, 41.125568681937075 ], [ -81.471423307399476, 41.125631682290667 ], [ -81.471081307821862, 41.125698682749203 ], [ -81.471019307969655, 41.125706682865754 ], [ -81.470957307972753, 41.125709682968846 ], [ -81.470834308056737, 41.125708683194489 ], [ -81.470772308167469, 41.12571268326581 ], [ -81.470710308141491, 41.125722683353175 ], [ -81.470400308560087, 41.125791683772192 ], [ -81.46833131135341, 41.126230686693695 ], [ -81.468457312151457, 41.126491686182817 ], [ -81.468476312281254, 41.126515686132059 ], [ -81.468483312345668, 41.126538686076259 ], [ -81.468588312693413, 41.126679685708694 ], [ -81.46871831309609, 41.126824685321196 ], [ -81.468892313631798, 41.127003684754712 ], [ -81.469014314033956, 41.127166684388015 ], [ -81.468337315690675, 41.12750868501729 ], [ -81.468112316204696, 41.127614685262031 ], [ -81.467877316700722, 41.127748685513936 ], [ -81.467455317709309, 41.127959685925219 ], [ -81.467342317913833, 41.128008686050336 ], [ -81.467218318211621, 41.128054686243338 ], [ -81.46709431837202, 41.128093686368778 ], [ -81.46706931846505, 41.128096686412349 ], [ -81.467032318480832, 41.128110686481904 ], [ -81.466722318956158, 41.128171686900572 ], [ -81.46659831906058, 41.128186687115864 ], [ -81.466228319387852, 41.128204687664478 ], [ -81.46598131947249, 41.128201688091401 ], [ -81.465499319813389, 41.128187688950071 ], [ -81.46547432237584, 41.128953687946137 ], [ -81.465469323042086, 41.129154687707548 ], [ -81.465448324007653, 41.129446687370233 ], [ -81.464727324430498, 41.129427688626741 ], [ -81.463987324903854, 41.129418689877788 ], [ -81.463588325151605, 41.129409690537294 ], [ -81.462601325649246, 41.129394692137133 ], [ -81.460935326724098, 41.129375694951882 ], [ -81.460194327158703, 41.129357696215905 ], [ -81.459574327530703, 41.129350697252086 ], [ -81.45952032898559, 41.129754696809471 ], [ -81.45946333139743, 41.13047869595308 ], [ -81.458634331880745, 41.130462697322884 ], [ -81.458343332113827, 41.130471697824902 ], [ -81.458079332233041, 41.130455698261883 ], [ -81.457590332607879, 41.13045169915663 ], [ -81.457742331038489, 41.130049699387506 ], [ -81.458154327083108, 41.128953700120739 ], [ -81.45838132425429, 41.128177700798801 ], [ -81.46010231361825, 41.125349701630199 ], [ -81.459712312005635, 41.124799703016521 ], [ -81.459056309233134, 41.123874705356101 ], [ -81.459114308027537, 41.123519705738836 ], [ -81.459107307360952, 41.123317706043807 ], [ -81.459032299387886, 41.120941709278931 ], [ -81.459094299209411, 41.120929709208724 ], [ -81.459404298799797, 41.120854708757747 ], [ -81.459458298680772, 41.120837708698105 ], [ -81.459477298626126, 41.120826708638809 ], [ -81.459528298584615, 41.120810708599386 ], [ -81.459653298261188, 41.120742708510804 ], [ -81.459715298089876, 41.120693708425669 ], [ -81.459817297725621, 41.12059670838476 ], [ -81.459903297366495, 41.120532708293197 ], [ -81.459965297281713, 41.120496708252269 ], [ -81.460147296840944, 41.120417708079998 ], [ -81.460170296830626, 41.120412708019209 ], [ -81.460409296316186, 41.120308707715758 ], [ -81.460295295815001, 41.120134708164869 ], [ -81.460270295701903, 41.120087708310486 ], [ -81.460219295478012, 41.120012708492389 ], [ -81.46018229522393, 41.119946708664166 ], [ -81.460116294796791, 41.11980570891307 ], [ -81.460085294575947, 41.119712709066029 ], [ -81.460063294286158, 41.119618709232206 ], [ -81.460048293913701, 41.11952570943501 ], [ -81.460039293636356, 41.119431709567145 ], [ -81.460036292925494, 41.119245709791933 ], [ -81.460055292618435, 41.119151709900194 ], [ -81.460065291364643, 41.118790710345415 ], [ -81.461164290855677, 41.118808708453237 ], [ -81.462727290050452, 41.118840705768285 ], [ -81.46385928934977, 41.118857703728757 ], [ -81.464318289065105, 41.118853703011872 ], [ -81.464934288739343, 41.11884770190921 ], [ -81.465033288703438, 41.118848701736582 ], [ -81.465514288437546, 41.1188537009482 ], [ -81.46564828826375, 41.118860700662538 ] ] ] } },
{ "type": "Feature", "properties": { "UNIQUE_ID": "Summit-:-CUY FALLS 1-D (BAG)", "PRECNAME": "CUY FALLS 1-D", "PRECCODE": "BAG", "COUNTYFP": "153", "County": "Summit", "SLDL_DIST": "031", "total_pop": 1780, "age_under18": 244, "age_18_34": 727, "age_35_64": 498, "age_65plus": 311, "pop_hispanic": 79, "pop_white": 1322, "pop_black": 125, "pop_asian": 196, "pct_hispanic": 4.7, "pct_white": 78.6, "pct_black": 7.4, "pct_asian": 11.6, "pct_native": 0.0, "pct_multi": 0.0, "med_hh_income": 69945.0, "pct_bachelors_plus": 38.209147025813692, "pct_no_hs_diploma": 3.251627384960718, "pct_some_college": 34.677384960718292 }, "geometry": { "type": "Polygon", "coordinates": [ [ [ -81.465419327246437, 41.130414686166674 ], [ -81.465403329430728, 41.131038685410324 ], [ -81.467197328361522, 41.131071682376721 ], [ -81.467215335211108, 41.133123679693405 ], [ -81.466953335389476, 41.133138680133385 ], [ -81.466498335783953, 41.133144680897338 ], [ -81.46639233585212, 41.133150681081112 ], [ -81.466313335870225, 41.133159681166653 ], [ -81.466006335080991, 41.132845682089858 ], [ -81.465617334021147, 41.132469683200164 ], [ -81.465606334037744, 41.132453683256742 ], [ -81.465435333589582, 41.13227768378097 ], [ -81.464109334371528, 41.132253685964109 ], [ -81.463543334666653, 41.132242686944188 ], [ -81.462863335152477, 41.132230688085777 ], [ -81.461877335678722, 41.132213689659842 ], [ -81.461606335899063, 41.132215690176587 ], [ -81.461322336023954, 41.132199690640242 ], [ -81.460829336328388, 41.132191691415052 ], [ -81.460514336560962, 41.132191692005783 ], [ -81.460212336640396, 41.132178692526175 ], [ -81.459403337188874, 41.132162693878641 ], [ -81.458302337865987, 41.132143695649901 ], [ -81.457178338541652, 41.132125697531386 ], [ -81.45644833890988, 41.132108698808835 ], [ -81.456069339227028, 41.132105699460091 ], [ -81.455438339586479, 41.132091700448278 ], [ -81.455098339715818, 41.132083701108428 ], [ -81.454118340322367, 41.132067702708561 ], [ -81.453425340824623, 41.132052703859195 ], [ -81.453114340868581, 41.132037704391941 ], [ -81.452746341126939, 41.132040705026014 ], [ -81.452655341163293, 41.132032705188202 ], [ -81.452213341513769, 41.132023705885445 ], [ -81.452401328350433, 41.128247710656929 ], [ -81.452541317212933, 41.125013714807857 ], [ -81.452633316385189, 41.124782714954051 ], [ -81.452723308306872, 41.122426717948507 ], [ -81.452763304625861, 41.121362719362487 ], [ -81.452764304504186, 41.121327719403183 ], [ -81.452867295345328, 41.118667722828818 ], [ -81.453460294994272, 41.118677721737129 ], [ -81.455117294036228, 41.118708718945093 ], [ -81.456784293202745, 41.118735715986922 ], [ -81.457055293029455, 41.118735715577976 ], [ -81.457648292673355, 41.118751714513827 ], [ -81.458696292207321, 41.118767712686136 ], [ -81.459190291890764, 41.118778711823957 ], [ -81.459442291766209, 41.118781711383292 ], [ -81.460065291364643, 41.118790710345415 ], [ -81.460055292618435, 41.119151709900194 ], [ -81.460036292925494, 41.119245709791933 ], [ -81.460039293636356, 41.119431709567145 ], [ -81.460048293913701, 41.11952570943501 ], [ -81.460063294286158, 41.119618709232206 ], [ -81.460085294575947, 41.119712709066029 ], [ -81.460116294796791, 41.11980570891307 ], [ -81.46018229522393, 41.119946708664166 ], [ -81.460219295478012, 41.120012708492389 ], [ -81.460270295701903, 41.120087708310486 ], [ -81.460295295815001, 41.120134708164869 ], [ -81.460409296316186, 41.120308707715758 ], [ -81.460170296830626, 41.120412708019209 ], [ -81.460147296840944, 41.120417708079998 ], [ -81.459965297281713, 41.120496708252269 ], [ -81.459903297366495, 41.120532708293197 ], [ -81.459817297725621, 41.12059670838476 ], [ -81.459715298089876, 41.120693708425669 ], [ -81.459653298261188, 41.120742708510804 ], [ -81.459528298584615, 41.120810708599386 ], [ -81.459477298626126, 41.120826708638809 ], [ -81.459458298680772, 41.120837708698105 ], [ -81.459404298799797, 41.120854708757747 ], [ -81.459094299209411, 41.120929709208724 ], [ -81.459032299387886, 41.120941709278931 ], [ -81.459107307360952, 41.123317706043807 ], [ -81.459114308027537, 41.123519705738836 ], [ -81.459056309233134, 41.123874705356101 ], [ -81.459712312005635, 41.124799703016521 ], [ -81.46010231361825, 41.125349701630199 ], [ -81.45838132425429, 41.128177700798801 ], [ -81.458154327083108, 41.128953700120739 ], [ -81.457742331038489, 41.130049699387506 ], [ -81.457590332607879, 41.13045169915663 ], [ -81.458079332233041, 41.130455698261883 ], [ -81.458343332113827, 41.130471697824902 ], [ -81.458634331880745, 41.130462697322884 ], [ -81.45946333139743, 41.13047869595308 ], [ -81.45952032898559, 41.129754696809471 ], [ -81.459574327530703, 41.129350697252086 ], [ -81.460194327158703, 41.129357696215905 ], [ -81.460935326724098, 41.129375694951882 ], [ -81.462601325649246, 41.129394692137133 ], [ -81.463588325151605, 41.129409690537294 ], [ -81.463987324903854, 41.129418689877788 ], [ -81.464727324430498, 41.129427688626741 ], [ -81.465448324007653, 41.129446687370233 ], [ -81.465437326373106, 41.130130686516864 ], [ -81.465419327246437, 41.130414686166674 ] ] ] } },
{ "type": "Feature", "properties": { "UNIQUE_ID": "Summit-:-CUY FALLS 2-A (AKO)", "PRECNAME": "CUY FALLS 2-A", "PRECCODE": "AKO", "COUNTYFP": "153", "County": "Summit", "SLDL_DIST": "031", "total_pop": 1542, "age_under18": 312, "age_18_34": 396, "age_35_64": 556, "age_65plus": 278, "pop_hispanic": 1, "pop_white": 2021, "pop_black": 23, "pop_asian": 0, "pct_hispanic": 0.0, "pct_white": 97.7, "pct_black": 1.1, "pct_asian": 0.0, "pct_native": 0.0, "pct_multi": 0.0, "med_hh_income": 59537.0, "pct_bachelors_plus": 33.394422827496754, "pct_no_hs_diploma": 1.627431906614786, "pct_some_college": 32.952529182879381 }, "geometry": { "type": "Polygon", "coordinates": [ [ [ -81.495548309336669, 41.130960635572357 ], [ -81.495610302165318, 41.128750638024101 ], [ -81.495900302080287, 41.128795637531859 ], [ -81.496269302104949, 41.128875636798789 ], [ -81.496514302071034, 41.128915636304896 ], [ -81.496791301959234, 41.128942635870438 ], [ -81.496914301927944, 41.128949635617033 ], [ -81.497284301715723, 41.128958634982702 ], [ -81.497744301410094, 41.128955634211813 ], [ -81.498025301296309, 41.128964633757995 ], [ -81.498982300682997, 41.128967632179176 ], [ -81.499382300505943, 41.128977631489036 ], [ -81.499814300155691, 41.128972630729919 ], [ -81.500000299973223, 41.128958630502524 ], [ -81.500247299898462, 41.128930630895923 ], [ -81.500507299780111, 41.128880631448091 ], [ -81.500512297237961, 41.128063632370541 ], [ -81.500518295603413, 41.127566632979779 ], [ -81.500528294462811, 41.127193633434153 ], [ -81.500521293734835, 41.126978633694868 ], [ -81.501847293879081, 41.126913636026721 ], [ -81.502129293830208, 41.126901636560284 ], [ -81.503035293907772, 41.126848638256796 ], [ -81.503040294526045, 41.127075638009792 ], [ -81.50302429761507, 41.128085636756843 ], [ -81.503007299756845, 41.12881363585123 ], [ -81.503009300374828, 41.129018635623751 ], [ -81.502980306374042, 41.130978633266679 ], [ -81.502970307094998, 41.131216632964616 ], [ -81.503312307154587, 41.131224633513817 ], [ -81.503606307147479, 41.131243634008442 ], [ -81.504038307145848, 41.131255634734899 ], [ -81.504349307235145, 41.131257635288208 ], [ -81.504655307255973, 41.13127163581467 ], [ -81.505025307248246, 41.131282636368731 ], [ -81.505338307178761, 41.131280636928935 ], [ -81.505657307270965, 41.131288637450723 ], [ -81.505950307316795, 41.131307637971929 ], [ -81.506307307317641, 41.131313638562276 ], [ -81.506752307297745, 41.13132963925905 ], [ -81.507035307265411, 41.131331639792407 ], [ -81.507440307321303, 41.131344640453186 ], [ -81.508200307373244, 41.131367641693778 ], [ -81.508465307322652, 41.131366642161559 ], [ -81.508481309254293, 41.132052641396996 ], [ -81.50849331175732, 41.132948640214281 ], [ -81.508513315399767, 41.134275638677195 ], [ -81.508495316020671, 41.134503638305809 ], [ -81.508215316057189, 41.134510637835902 ], [ -81.507660316194972, 41.134502636952632 ], [ -81.507371316261697, 41.134502636427598 ], [ -81.507075316297943, 41.134496635958037 ], [ -81.506254316393935, 41.134485634642957 ], [ -81.505284316523941, 41.134474632988358 ], [ -81.504915316554474, 41.134472632390569 ], [ -81.504304316718901, 41.134460631342655 ], [ -81.503990316748713, 41.134461630860599 ], [ -81.503250316898303, 41.134448629595965 ], [ -81.50294131689985, 41.134448629117756 ], [ -81.502209317072541, 41.134439627939031 ], [ -81.501132317207322, 41.134427626096006 ], [ -81.500107317316321, 41.134414624393607 ], [ -81.498921318139068, 41.134408626005893 ], [ -81.497798318802154, 41.134408627878912 ], [ -81.497078319330512, 41.13441062908079 ], [ -81.496670319574378, 41.134407629755003 ], [ -81.49667731882883, 41.134173629940307 ], [ -81.496678316716483, 41.133520630738438 ], [ -81.496683314630303, 41.132844631515546 ], [ -81.496208314855863, 41.132845632300082 ], [ -81.495558315375206, 41.132842633336196 ], [ -81.495565310695099, 41.131380635063955 ], [ -81.495561309886185, 41.13115763532042 ], [ -81.495548309336669, 41.130960635572357 ] ] ] } },
{ "type": "Feature", "properties": { "UNIQUE_ID": "Summit-:-CUY FALLS 2-B (AKP)", "PRECNAME": "CUY FALLS 2-B", "PRECCODE": "AKP", "COUNTYFP": "153", "County": "Summit", "SLDL_DIST": "031", "total_pop": 1594, "age_under18": 241, "age_18_34": 320, "age_35_64": 715, "age_65plus": 318, "pop_hispanic": 45, "pop_white": 1075, "pop_black": 24, "pop_asian": 13, "pct_hispanic": 3.9, "pct_white": 92.0, "pct_black": 2.1, "pct_asian": 1.1, "pct_native": 0.0, "pct_multi": 0.0, "med_hh_income": 70246.0, "pct_bachelors_plus": 11.5319774718398, "pct_no_hs_diploma": 8.6548185231539421, "pct_some_college": 22.413704630788484 }, "geometry": { "type": "Polygon", "coordinates": [ [ [ -81.495610302165318, 41.128750638024101 ], [ -81.495548309336669, 41.130960635572357 ], [ -81.495561309886185, 41.13115763532042 ], [ -81.495565310695099, 41.131380635063955 ], [ -81.495558315375206, 41.132842633336196 ], [ -81.496208314855863, 41.132845632300082 ], [ -81.496683314630303, 41.132844631515546 ], [ -81.496678316716483, 41.133520630738438 ], [ -81.49667731882883, 41.134173629940307 ], [ -81.496670319574378, 41.134407629755003 ], [ -81.495544320371621, 41.134408631571631 ], [ -81.494580321047977, 41.13440263311179 ], [ -81.494274321185841, 41.134404633659209 ], [ -81.49365332166893, 41.134402634632643 ], [ -81.493284321826081, 41.13439763531084 ], [ -81.49300832209795, 41.134399635727391 ], [ -81.491735322886484, 41.134394637818154 ], [ -81.490692323585847, 41.134390639581888 ], [ -81.490399323798272, 41.134395640058045 ], [ -81.490136323926166, 41.134388640441749 ], [ -81.48927232457271, 41.134385641924936 ], [ -81.488988324753066, 41.134391642360796 ], [ -81.488907324849038, 41.1344156424692 ], [ -81.488790325002739, 41.134429642645749 ], [ -81.488224325460976, 41.13443464357097 ], [ -81.487938325627496, 41.134447643963405 ], [ -81.487638325831313, 41.13443564449944 ], [ -81.487417325893929, 41.134412644934585 ], [ -81.486583326118549, 41.134310646419124 ], [ -81.486003326323996, 41.134250647378714 ], [ -81.485618326401664, 41.134196648107924 ], [ -81.485297326527643, 41.134157648652057 ], [ -81.485235326485849, 41.134155648816495 ], [ -81.484804326618985, 41.134102649578054 ], [ -81.484583326695372, 41.134081649929506 ], [ -81.484629326010364, 41.133863650105297 ], [ -81.484644325584838, 41.133737650235105 ], [ -81.484707324416263, 41.133415650565148 ], [ -81.484877321660221, 41.132593651285802 ], [ -81.484923320794678, 41.132334651526783 ], [ -81.484981319966579, 41.132081651705491 ], [ -81.485206316171897, 41.130963652698235 ], [ -81.48527831501022, 41.130645652944068 ], [ -81.485353314567135, 41.130513652965071 ], [ -81.485647312762225, 41.130034653104445 ], [ -81.485881312947015, 41.130137652584807 ], [ -81.486906313477235, 41.130500650411861 ], [ -81.487861313949821, 41.130846648399974 ], [ -81.488116314028531, 41.130920647927113 ], [ -81.48816531334009, 41.130709648130207 ], [ -81.48845930847979, 41.129265649318619 ], [ -81.488528307652672, 41.129040649503203 ], [ -81.488798307719449, 41.129107648959398 ], [ -81.488859307682219, 41.129111648831405 ], [ -81.48970930709072, 41.129106647451493 ], [ -81.489971306916729, 41.129098646998642 ], [ -81.49024230668833, 41.129067646550887 ], [ -81.49052830629094, 41.128992646199762 ], [ -81.490714305905115, 41.128926645937632 ], [ -81.490744305818666, 41.128911645952243 ], [ -81.490776305801617, 41.128902645859057 ], [ -81.490962305373742, 41.128827645672018 ], [ -81.490988305399327, 41.128820645641817 ], [ -81.491024305274948, 41.128804645617123 ], [ -81.49132230481608, 41.128723645160242 ], [ -81.491581304619061, 41.12868464482078 ], [ -81.49189030428407, 41.128669644353899 ], [ -81.492475304004145, 41.128674643296264 ], [ -81.493404303403352, 41.128679641783457 ], [ -81.494050302955401, 41.128687640723335 ], [ -81.494341302742242, 41.128684640247577 ], [ -81.495161302294932, 41.128700638794932 ], [ -81.495346302165601, 41.128714638478037 ], [ -81.495610302165318, 41.128750638024101 ] ] ] } },
{ "type": "Feature", "properties": { "UNIQUE_ID": "Summit-:-CUY FALLS 2-C (AKS)", "PRECNAME": "CUY FALLS 2-C", "PRECCODE": "AKS", "COUNTYFP": "153", "County": "Summit", "SLDL_DIST": "031", "total_pop": 1518, "age_under18": 300, "age_18_34": 338, "age_35_64": 649, "age_65plus": 231, "pop_hispanic": 31, "pop_white": 1378, "pop_black": 5, "pop_asian": 55, "pct_hispanic": 2.0, "pct_white": 88.0, "pct_black": 0.3, "pct_asian": 3.5, "pct_native": 0.0, "pct_multi": 0.0, "med_hh_income": 82305.0, "pct_bachelors_plus": 35.685385121790652, "pct_no_hs_diploma": 1.2131665569453587, "pct_some_college": 35.434298880842661 }, "geometry": { "type": "Polygon", "coordinates": [ [ [ -81.507001287001586, 41.124159648560529 ], [ -81.508881287324002, 41.124067652058905 ], [ -81.508778288160798, 41.124371651481013 ], [ -81.508707288637922, 41.124557651145075 ], [ -81.508599289528306, 41.12488365052743 ], [ -81.5085432900635, 41.125077650151425 ], [ -81.508470290816334, 41.125349649687763 ], [ -81.508433291241815, 41.125535649428699 ], [ -81.508399291879911, 41.125768649079717 ], [ -81.508383292629247, 41.126049648631778 ], [ -81.508377293283502, 41.126281648393736 ], [ -81.508381294047837, 41.126564647984601 ], [ -81.508399296600544, 41.127448646954832 ], [ -81.508406298454872, 41.128131646098616 ], [ -81.508424300348565, 41.128832645291098 ], [ -81.50842430092861, 41.129039644988076 ], [ -81.508465307322652, 41.131366642161559 ], [ -81.508200307373244, 41.131367641693778 ], [ -81.507440307321303, 41.131344640453186 ], [ -81.507035307265411, 41.131331639792407 ], [ -81.506752307297745, 41.13132963925905 ], [ -81.506307307317641, 41.131313638562276 ], [ -81.505950307316795, 41.131307637971929 ], [ -81.505657307270965, 41.131288637450723 ], [ -81.505338307178761, 41.131280636928935 ], [ -81.505025307248246, 41.131282636368731 ], [ -81.504655307255973, 41.13127163581467 ], [ -81.504349307235145, 41.131257635288208 ], [ -81.504038307145848, 41.131255634734899 ], [ -81.503606307147479, 41.131243634008442 ], [ -81.503312307154587, 41.131224633513817 ], [ -81.502970307094998, 41.131216632964616 ], [ -81.502980306374042, 41.130978633266679 ], [ -81.503009300374828, 41.129018635623751 ], [ -81.503007299756845, 41.12881363585123 ], [ -81.50302429761507, 41.128085636756843 ], [ -81.503040294526045, 41.127075638009792 ], [ -81.503035293907772, 41.126848638256796 ], [ -81.502129293830208, 41.126901636560284 ], [ -81.501847293879081, 41.126913636026721 ], [ -81.500521293734835, 41.126978633694868 ], [ -81.500528294462811, 41.127193633434153 ], [ -81.500518295603413, 41.127566632979779 ], [ -81.500512297237961, 41.128063632370541 ], [ -81.500507299780111, 41.128880631448091 ], [ -81.500247299898462, 41.128930630895923 ], [ -81.500000299973223, 41.128958630502524 ], [ -81.499814300155691, 41.128972630729919 ], [ -81.499382300505943, 41.128977631489036 ], [ -81.498982300682997, 41.128967632179176 ], [ -81.498025301296309, 41.128964633757995 ], [ -81.497744301410094, 41.128955634211813 ], [ -81.497284301715723, 41.128958634982702 ], [ -81.496914301927944, 41.128949635617033 ], [ -81.496791301959234, 41.128942635870438 ], [ -81.496514302071034, 41.128915636304896 ], [ -81.496269302104949, 41.128875636798789 ], [ -81.495900302080287, 41.128795637531859 ], [ -81.495610302165318, 41.128750638024101 ], [ -81.495346302165601, 41.128714638478037 ], [ -81.495161302294932, 41.128700638794932 ], [ -81.494341302742242, 41.128684640247577 ], [ -81.494050302955401, 41.128687640723335 ], [ -81.493404303403352, 41.128679641783457 ], [ -81.493426301188592, 41.128002642538398 ], [ -81.493434299995144, 41.127645642957539 ], [ -81.493429299252725, 41.12741364323869 ], [ -81.493144299524346, 41.127425643711106 ], [ -81.492703299871849, 41.127455644399639 ], [ -81.492692299113003, 41.127218644648558 ], [ -81.492693298163516, 41.126938644981351 ], [ -81.492688297514334, 41.126705645310558 ], [ -81.492693292086201, 41.125025647267151 ], [ -81.492688290523333, 41.124561647774264 ], [ -81.493002290263846, 41.124547647256307 ], [ -81.49337329006211, 41.124538646696351 ], [ -81.493620289900221, 41.12452764623751 ], [ -81.49421928946002, 41.124511645316346 ], [ -81.494855288928903, 41.12449164422808 ], [ -81.495122288810222, 41.124491643754006 ], [ -81.495472288498803, 41.124474643179418 ], [ -81.495781288248978, 41.124465642698553 ], [ -81.496040288196738, 41.124468642299114 ], [ -81.496336287942043, 41.124452641780159 ], [ -81.496671287714946, 41.124441641249348 ], [ -81.497107283576469, 41.123249641927764 ], [ -81.499036284031121, 41.123752638003424 ], [ -81.501136281886758, 41.123152639184333 ], [ -81.50295528254793, 41.12312164252711 ], [ -81.506054283524165, 41.123067648146765 ], [ -81.50693628386631, 41.123052649826946 ], [ -81.507001287001586, 41.124159648560529 ] ] ] } },
{ "type": "Feature", "properties": { "UNIQUE_ID": "Summit-:-CUY FALLS 2-D (BAH)", "PRECNAME": "CUY FALLS 2-D", "PRECCODE": "BAH", "COUNTYFP": "153", "County": "Summit", "SLDL_DIST": "031", "total_pop": 1611, "age_under18": 298, "age_18_34": 443, "age_35_64": 582, "age_65plus": 288, "pop_hispanic": 42, "pop_white": 1325, "pop_black": 43, "pop_asian": 35, "pct_hispanic": 2.9, "pct_white": 90.7, "pct_black": 2.9, "pct_asian": 2.4, "pct_native": 0.0, "pct_multi": 0.0, "med_hh_income": 49187.0, "pct_bachelors_plus": 28.679256965944269, "pct_no_hs_diploma": 4.2590092879256964, "pct_some_college": 49.752755417956656 }, "geometry": { "type": "Polygon", "coordinates": [ [ [ -81.496735283448032, 41.123152642590625 ], [ -81.497107283576469, 41.123249641927764 ], [ -81.496671287714946, 41.124441641249348 ], [ -81.496336287942043, 41.124452641780159 ], [ -81.496040288196738, 41.124468642299114 ], [ -81.495781288248978, 41.124465642698553 ], [ -81.495472288498803, 41.124474643179418 ], [ -81.495122288810222, 41.124491643754006 ], [ -81.494855288928903, 41.12449164422808 ], [ -81.49421928946002, 41.124511645316346 ], [ -81.493620289900221, 41.12452764623751 ], [ -81.49337329006211, 41.124538646696351 ], [ -81.493002290263846, 41.124547647256307 ], [ -81.492688290523333, 41.124561647774264 ], [ -81.492693292086201, 41.125025647267151 ], [ -81.492688297514334, 41.126705645310558 ], [ -81.492693298163516, 41.126938644981351 ], [ -81.492692299113003, 41.127218644648558 ], [ -81.492703299871849, 41.127455644399639 ], [ -81.493144299524346, 41.127425643711106 ], [ -81.493429299252725, 41.12741364323869 ], [ -81.493434299995144, 41.127645642957539 ], [ -81.493426301188592, 41.128002642538398 ], [ -81.493404303403352, 41.128679641783457 ], [ -81.492475304004145, 41.128674643296264 ], [ -81.49189030428407, 41.128669644353899 ], [ -81.491581304619061, 41.12868464482078 ], [ -81.49132230481608, 41.128723645160242 ], [ -81.491024305274948, 41.128804645617123 ], [ -81.490988305399327, 41.128820645641817 ], [ -81.490962305373742, 41.128827645672018 ], [ -81.490776305801617, 41.128902645859057 ], [ -81.490744305818666, 41.128911645952243 ], [ -81.490714305905115, 41.128926645937632 ], [ -81.49052830629094, 41.128992646199762 ], [ -81.49024230668833, 41.129067646550887 ], [ -81.489971306916729, 41.129098646998642 ], [ -81.48970930709072, 41.129106647451493 ], [ -81.488859307682219, 41.129111648831405 ], [ -81.488798307719449, 41.129107648959398 ], [ -81.488528307652672, 41.129040649503203 ], [ -81.48845930847979, 41.129265649318619 ], [ -81.48816531334009, 41.130709648130207 ], [ -81.488116314028531, 41.130920647927113 ], [ -81.487861313949821, 41.130846648399974 ], [ -81.486906313477235, 41.130500650411861 ], [ -81.485881312947015, 41.130137652584807 ], [ -81.485647312762225, 41.130034653104445 ], [ -81.485353314567135, 41.130513652965071 ], [ -81.48527831501022, 41.130645652944068 ], [ -81.485206316171897, 41.130963652698235 ], [ -81.484981319966579, 41.132081651705491 ], [ -81.484923320794678, 41.132334651526783 ], [ -81.484877321660221, 41.132593651285802 ], [ -81.484707324416263, 41.133415650565148 ], [ -81.484644325584838, 41.133737650235105 ], [ -81.484629326010364, 41.133863650105297 ], [ -81.484583326695372, 41.134081649929506 ], [ -81.483860326947877, 41.134015651194687 ], [ -81.483386327178195, 41.133960652088092 ], [ -81.483166327146932, 41.13392165243328 ], [ -81.482795327029152, 41.133826653164782 ], [ -81.482634327026759, 41.133774653507153 ], [ -81.482567326955959, 41.133735653694345 ], [ -81.482149327117838, 41.133690654453879 ], [ -81.482435316657202, 41.130555657747692 ], [ -81.482529316015487, 41.130380657854019 ], [ -81.484099305424749, 41.127476658702129 ], [ -81.484435303264249, 41.126854658913501 ], [ -81.487535291145846, 41.12375365741655 ], [ -81.487635286528445, 41.122353658949997 ], [ -81.488735281318725, 41.120953658803032 ], [ -81.492535270931569, 41.118452655258672 ], [ -81.493476269867884, 41.118303653777225 ], [ -81.493609270027108, 41.118360653470731 ], [ -81.494939271302712, 41.119007650460389 ], [ -81.495141276921061, 41.120794648039002 ], [ -81.494721277395598, 41.120876648643183 ], [ -81.495127281990605, 41.122364646254994 ], [ -81.496735283448032, 41.123152642590625 ] ] ] } },
{ "type": "Feature", "properties": { "UNIQUE_ID": "Summit-:-CUY FALLS 3-A (AKV)", "PRECNAME": "CUY FALLS 3-A", "PRECCODE": "AKV", "COUNTYFP": "153", "County": "Summit", "SLDL_DIST": "031", "total_pop": 1288, "age_under18": 173, "age_18_34": 317, "age_35_64": 523, "age_65plus": 275, "pop_hispanic": 0, "pop_white": 1181, "pop_black": 39, "pop_asian": 17, "pct_hispanic": 0.0, "pct_white": 93.0, "pct_black": 3.1, "pct_asian": 1.3, "pct_native": 0.0, "pct_multi": 1.5, "med_hh_income": 81351.0, "pct_bachelors_plus": 44.902711076684739, "pct_no_hs_diploma": 2.8278853601859026, "pct_some_college": 27.874438419829591 }, "geometry": { "type": "Polygon", "coordinates": [ [ [ -81.514154343970887, 41.146295632270501 ], [ -81.514193349277519, 41.148451629435037 ], [ -81.514020349395807, 41.148449629163828 ], [ -81.514028348196248, 41.14796162981046 ], [ -81.514031347305348, 41.147589630370305 ], [ -81.514022346931355, 41.147449630469971 ], [ -81.513984346384277, 41.147215630761075 ], [ -81.513890345517808, 41.146841631085387 ], [ -81.51385934482127, 41.146561631471947 ], [ -81.513869342211109, 41.145488632816964 ], [ -81.513852341576197, 41.145251633153251 ], [ -81.513607342125397, 41.145395632592084 ], [ -81.513391342610632, 41.14553063203514 ], [ -81.513097343253065, 41.145705631393 ], [ -81.513019339830763, 41.144283633152774 ], [ -81.513026337784709, 41.143500634150897 ], [ -81.513036333174668, 41.141692636494035 ], [ -81.513042330843334, 41.140736637786588 ], [ -81.513035330233762, 41.140518638093972 ], [ -81.513309330122027, 41.140524638453982 ], [ -81.514115329763783, 41.140526639787048 ], [ -81.514123325580371, 41.138849642019871 ], [ -81.514124324861228, 41.138570642378781 ], [ -81.514132324695069, 41.138477642508775 ], [ -81.514150324461767, 41.138383642619679 ], [ -81.514143323860637, 41.138154642914515 ], [ -81.514167323439651, 41.137986643214447 ], [ -81.514159323008343, 41.137777643496477 ], [ -81.514165322025221, 41.137404643997613 ], [ -81.514161321809325, 41.137310644094057 ], [ -81.514165320172197, 41.136657644914301 ], [ -81.514152319564445, 41.136423645200303 ], [ -81.514244319581152, 41.136421645361999 ], [ -81.514914319376018, 41.136425646507419 ], [ -81.515469319202893, 41.136423647431236 ], [ -81.515782319087705, 41.136418647940253 ], [ -81.516148318955445, 41.136415648534893 ], [ -81.516951318845287, 41.136422649808964 ], [ -81.517938318461077, 41.136423651472512 ], [ -81.518134318401351, 41.136427651768663 ], [ -81.518137318302763, 41.136352651929109 ], [ -81.518137317394832, 41.13595265243066 ], [ -81.519437316825815, 41.135852654725227 ], [ -81.520229316647374, 41.135890655960146 ], [ -81.521206316494215, 41.135937657531485 ], [ -81.521245317903094, 41.136577656645471 ], [ -81.521350318749626, 41.13701065626401 ], [ -81.52140631909117, 41.137195656101575 ], [ -81.521485319653081, 41.137468655796454 ], [ -81.521455321828327, 41.138493654302081 ], [ -81.522223321515327, 41.138531655546302 ], [ -81.522228321805542, 41.138644655346106 ], [ -81.522219322102714, 41.138777655140409 ], [ -81.522179322253407, 41.13883065505857 ], [ -81.522146322278786, 41.138860654892248 ], [ -81.52213932225456, 41.138862654952248 ], [ -81.522127323383614, 41.139421654136939 ], [ -81.522843323003926, 41.139348655327694 ], [ -81.523006318511236, 41.137168658783509 ], [ -81.523050317020292, 41.136453659852833 ], [ -81.522503317228669, 41.136434658970011 ], [ -81.522483317898718, 41.136778658442083 ], [ -81.52246431783675, 41.136762658447076 ], [ -81.52239431782931, 41.136710658401846 ], [ -81.522280317610466, 41.136642658318976 ], [ -81.522125317555293, 41.136563658126214 ], [ -81.522042317413565, 41.136502658097029 ], [ -81.521966317311268, 41.136437658097229 ], [ -81.521894317191752, 41.136349658060333 ], [ -81.521833317028126, 41.13625665808685 ], [ -81.52179931680088, 41.136160658186647 ], [ -81.521795316555597, 41.13605965835626 ], [ -81.521805316432264, 41.135953658468999 ], [ -81.523096316125901, 41.135978660574132 ], [ -81.527606315025992, 41.136053667904591 ], [ -81.527610314996352, 41.136078667880049 ], [ -81.527613315209493, 41.136171667770562 ], [ -81.527623315791857, 41.136481667304643 ], [ -81.527625316372024, 41.136845666802273 ], [ -81.527613317054971, 41.137190666287211 ], [ -81.527624318520026, 41.138061664997878 ], [ -81.527589320517009, 41.139182663254331 ], [ -81.528420320139787, 41.139157664640472 ], [ -81.528442320869615, 41.139571664072847 ], [ -81.528551320854547, 41.139564664213964 ], [ -81.52863932441474, 41.141707661194509 ], [ -81.52871532445981, 41.141744661221949 ], [ -81.528896325447704, 41.142365660625977 ], [ -81.528811325673303, 41.142496660290135 ], [ -81.528450325820614, 41.142424659799396 ], [ -81.527584326492388, 41.142480658370786 ], [ -81.527583327184317, 41.142907657700896 ], [ -81.528588326558975, 41.14287165935658 ], [ -81.528588326841856, 41.143038659055726 ], [ -81.528612328037852, 41.143788658033806 ], [ -81.532331325399099, 41.143684663942466 ], [ -81.532088318884803, 41.139328670317397 ], [ -81.532181318725335, 41.13932167039507 ], [ -81.532629318515092, 41.139292671177124 ], [ -81.532910314016078, 41.13637267617451 ], [ -81.53734031243701, 41.136140683882587 ], [ -81.537500315653091, 41.138700680032017 ], [ -81.537426315738529, 41.138722679810542 ], [ -81.5372003158665, 41.138799679308036 ], [ -81.537251315994922, 41.138901679282576 ], [ -81.537295316067286, 41.138990679155398 ], [ -81.537334316234791, 41.139124679020682 ], [ -81.537363316305047, 41.139198678952425 ], [ -81.537369316492914, 41.13929367879561 ], [ -81.537368316488511, 41.139356678692693 ], [ -81.537359316614385, 41.139462678501367 ], [ -81.537344316897261, 41.139598678320048 ], [ -81.537312317017168, 41.139726678004457 ], [ -81.537302317128621, 41.139756677935019 ], [ -81.537213317152975, 41.139788677738885 ], [ -81.536926317389373, 41.13988867716332 ], [ -81.536925317332148, 41.13985067721692 ], [ -81.53692331710262, 41.139641677587917 ], [ -81.536437317346312, 41.139701676720719 ], [ -81.536438317251822, 41.139590676895459 ], [ -81.535302317908531, 41.13970367482429 ], [ -81.535418318523895, 41.140135674381746 ], [ -81.53550132257709, 41.14313666978255 ], [ -81.535529322867816, 41.143350669472753 ], [ -81.535540323040522, 41.143504669231291 ], [ -81.535463323126251, 41.143518669105632 ], [ -81.535523324054907, 41.144274667952118 ], [ -81.535534324250861, 41.144420667808056 ], [ -81.535536324769708, 41.144749667264023 ], [ -81.534705325329014, 41.144768665922534 ], [ -81.534234325788077, 41.144779665174305 ], [ -81.533589326222312, 41.144788664172204 ], [ -81.531009328175898, 41.144826660116479 ], [ -81.531057330767311, 41.14645965772614 ], [ -81.531063331000851, 41.14666265742386 ], [ -81.531073331543439, 41.147001656914838 ], [ -81.531091332605541, 41.14765565597321 ], [ -81.531654337353331, 41.151009651621855 ], [ -81.531650337941016, 41.151333651154872 ], [ -81.531414338162506, 41.151342650752206 ], [ -81.531215338463923, 41.151363650511314 ], [ -81.530898338842931, 41.151397649938154 ], [ -81.530666339147729, 41.15142964956123 ], [ -81.530233339681288, 41.15150264886293 ], [ -81.530044339964348, 41.151544648451569 ], [ -81.529791340278123, 41.1516146480309 ], [ -81.529588340716842, 41.151690647626303 ], [ -81.52940634098681, 41.151780647160656 ], [ -81.529320341179528, 41.151835647033074 ], [ -81.529177341516942, 41.151941646611313 ], [ -81.52869034283529, 41.152369645314756 ], [ -81.528594343040027, 41.152438645020837 ], [ -81.528490343279714, 41.152501644764413 ], [ -81.528425343336139, 41.152523644644191 ], [ -81.528349343445655, 41.15253264449769 ], [ -81.528188343679872, 41.152523644364585 ], [ -81.528123343749357, 41.152513644240067 ], [ -81.528012343698023, 41.152468644138814 ], [ -81.527935343774374, 41.152429644137648 ], [ -81.527877343768068, 41.152399644053403 ], [ -81.527798343761404, 41.152341644012942 ], [ -81.527708343702741, 41.152267644039469 ], [ -81.527637343643832, 41.152193643981384 ], [ -81.527602343572099, 41.152147644056143 ], [ -81.527581343563568, 41.152119644088557 ], [ -81.527560343540713, 41.152075644108606 ], [ -81.526893344538578, 41.152214642874732 ], [ -81.526368345278371, 41.152335641929923 ], [ -81.526353345995844, 41.152713641368237 ], [ -81.526037346373343, 41.152728640944204 ], [ -81.525667346876247, 41.152723640371427 ], [ -81.525699345885755, 41.152222641147915 ], [ -81.524762346932093, 41.152217639815319 ], [ -81.524337346979195, 41.152052639412958 ], [ -81.523237347717611, 41.151798638241722 ], [ -81.522780347987265, 41.151693637685511 ], [ -81.522650348032357, 41.151663637508484 ], [ -81.522652346907847, 41.151087638361375 ], [ -81.522660343217339, 41.149260640935523 ], [ -81.52349034244385, 41.149256642172915 ], [ -81.523565339458585, 41.147797644435656 ], [ -81.524259335543704, 41.146138647844495 ], [ -81.524257332268334, 41.144436650326199 ], [ -81.523618332687263, 41.144428649319728 ], [ -81.523640333981874, 41.145104648383501 ], [ -81.522902334531608, 41.145097647300659 ], [ -81.52284133824476, 41.146873644670812 ], [ -81.520135340400415, 41.146872640514871 ], [ -81.518042342121788, 41.146857637417263 ], [ -81.518071336680194, 41.144454640672102 ], [ -81.516571337735442, 41.144453638423386 ], [ -81.515662338286631, 41.144440636980264 ], [ -81.516651339195533, 41.145094637626876 ], [ -81.516651341993693, 41.146296636021027 ], [ -81.515604342758166, 41.14629563439761 ], [ -81.514154343970887, 41.146295632270501 ] ] ] } },
{ "type": "Feature", "properties": { "UNIQUE_ID": "Summit-:-CUY FALLS 3-B (AKW)", "PRECNAME": "CUY FALLS 3-B", "PRECCODE": "AKW", "COUNTYFP": "153", "County": "Summit", "SLDL_DIST": "031", "total_pop": 1350, "age_under18": 162, "age_18_34": 281, "age_35_64": 428, "age_65plus": 479, "pop_hispanic": 3, "pop_white": 1194, "pop_black": 23, "pop_asian": 21, "pct_hispanic": 0.2, "pct_white": 94.7, "pct_black": 1.8, "pct_asian": 1.7, "pct_native": 0.0, "pct_multi": 0.6, "med_hh_income": 90698.0, "pct_bachelors_plus": 47.595555555555556, "pct_no_hs_diploma": 2.5433333333333334, "pct_some_college": 24.869111111111113 }, "geometry": { "type": "Polygon", "coordinates": [ [ [ -81.512359382903412, 41.160955610508267 ], [ -81.509098387864412, 41.160957606138062 ], [ -81.509220387041452, 41.160706606621034 ], [ -81.509416385847416, 41.160356607294389 ], [ -81.509716383862909, 41.15982360839223 ], [ -81.510210380909697, 41.158951610150815 ], [ -81.510371379817087, 41.158648610743832 ], [ -81.510524378572143, 41.158284611441893 ], [ -81.51059537791555, 41.158049611824246 ], [ -81.510679376857126, 41.157717612388971 ], [ -81.510720376320563, 41.157499612686713 ], [ -81.510749375655593, 41.157289613070361 ], [ -81.510765374935076, 41.157014613370258 ], [ -81.510768374501311, 41.156832613650373 ], [ -81.510746373602132, 41.156501614016555 ], [ -81.510676372569009, 41.156050614518307 ], [ -81.510624372037555, 41.155848614679641 ], [ -81.510542371440721, 41.155599614873154 ], [ -81.510443370888993, 41.155338615088475 ], [ -81.510352370412122, 41.155124615208187 ], [ -81.510169369754436, 41.154770615421349 ], [ -81.509993369286747, 41.154506615527389 ], [ -81.509880369006666, 41.15437561549399 ], [ -81.509753368809115, 41.154213615552528 ], [ -81.509523368209543, 41.153921615568983 ], [ -81.509395367932399, 41.153740615570158 ], [ -81.509287367648071, 41.153576615709326 ], [ -81.509152367087282, 41.153347615717323 ], [ -81.509110366972578, 41.153268615797813 ], [ -81.508941366326184, 41.152941615990493 ], [ -81.508841365778977, 41.15273461610591 ], [ -81.508786365509437, 41.152621616132507 ], [ -81.508699365146612, 41.152424616248311 ], [ -81.508672364870321, 41.152316616370292 ], [ -81.508673364787114, 41.15229461642771 ], [ -81.508625363820769, 41.151901616767958 ], [ -81.508547361768947, 41.151145617650478 ], [ -81.508527360963726, 41.150841617959401 ], [ -81.50852436018188, 41.150561618311251 ], [ -81.508518358859845, 41.150092618870687 ], [ -81.50851935854557, 41.149955619127667 ], [ -81.508523357376518, 41.14954861959211 ], [ -81.508523354082882, 41.148344621090168 ], [ -81.50852435115462, 41.147262622451436 ], [ -81.508531349601355, 41.146702623146211 ], [ -81.508530348068163, 41.146142623882326 ], [ -81.508535347424058, 41.14594762412019 ], [ -81.508530346552433, 41.145628624534218 ], [ -81.508536345308926, 41.145142625127427 ], [ -81.508531344682268, 41.144928625381787 ], [ -81.50853234305275, 41.144319626132166 ], [ -81.508533342516458, 41.144152626308177 ], [ -81.508535341678538, 41.143824626760193 ], [ -81.508532340715291, 41.143500627184736 ], [ -81.508820340565748, 41.143493627628011 ], [ -81.509142340394021, 41.143496628067744 ], [ -81.509438340190172, 41.143494628591192 ], [ -81.509717339936756, 41.14349762904326 ], [ -81.510806339228623, 41.143496630746149 ], [ -81.510810334885818, 41.14184663280426 ], [ -81.511067334775916, 41.141844633182707 ], [ -81.511253334595963, 41.141827633582217 ], [ -81.511377334412842, 41.141803633734753 ], [ -81.511563334268558, 41.141753634114657 ], [ -81.511598334142064, 41.141750634144614 ], [ -81.511625334161948, 41.141738634252427 ], [ -81.511907333811564, 41.141692634721984 ], [ -81.511901333100823, 41.141380635101463 ], [ -81.511904328764047, 41.13972063728859 ], [ -81.512085328886727, 41.139799637502875 ], [ -81.512208328997673, 41.13985963755654 ], [ -81.512392329187804, 41.139971637707319 ], [ -81.512548329363085, 41.140078637872485 ], [ -81.512697329651175, 41.140194637943473 ], [ -81.51288032995356, 41.140358638009538 ], [ -81.513035330233762, 41.140518638093972 ], [ -81.513042330843334, 41.140736637786588 ], [ -81.513036333174668, 41.141692636494035 ], [ -81.513026337784709, 41.143500634150897 ], [ -81.513019339830763, 41.144283633152774 ], [ -81.513097343253065, 41.145705631393 ], [ -81.513391342610632, 41.14553063203514 ], [ -81.513607342125397, 41.145395632592084 ], [ -81.513852341576197, 41.145251633153251 ], [ -81.513869342211109, 41.145488632816964 ], [ -81.51385934482127, 41.146561631471947 ], [ -81.513890345517808, 41.146841631085387 ], [ -81.513984346384277, 41.147215630761075 ], [ -81.514022346931355, 41.147449630469971 ], [ -81.514031347305348, 41.147589630370305 ], [ -81.514028348196248, 41.14796162981046 ], [ -81.514020349395807, 41.148449629163828 ], [ -81.514193349277519, 41.148451629435037 ], [ -81.514239355268472, 41.150943626225065 ], [ -81.517724351753941, 41.150956631334587 ], [ -81.517720352523469, 41.151283630852824 ], [ -81.517609369162784, 41.158538620882901 ], [ -81.516841370266064, 41.158532619765538 ], [ -81.516412370943243, 41.158533619222105 ], [ -81.515096372719441, 41.158516617465978 ], [ -81.514231373951731, 41.158511616207335 ], [ -81.513435375192614, 41.158530615145629 ], [ -81.512369376749987, 41.15857361359992 ], [ -81.512359382903412, 41.160955610508267 ] ] ] } },
{ "type": "Feature", "properties": { "UNIQUE_ID": "Summit-:-CUY FALLS 3-C (AKZ)", "PRECNAME": "CUY FALLS 3-C", "PRECCODE": "AKZ", "COUNTYFP": "153", "County": "Summit", "SLDL_DIST": "031", "total_pop": 1460, "age_under18": 292, "age_18_34": 334, "age_35_64": 552, "age_65plus": 282, "pop_hispanic": 101, "pop_white": 1071, "pop_black": 35, "pop_asian": 18, "pct_hispanic": 7.7, "pct_white": 81.6, "pct_black": 2.7, "pct_asian": 1.4, "pct_native": 0.2, "pct_multi": 0.0, "med_hh_income": 80132.0, "pct_bachelors_plus": 35.815201090661212, "pct_no_hs_diploma": 2.1586230402181323, "pct_some_college": 40.987116564417178 }, "geometry": { "type": "Polygon", "coordinates": [ [ [ -81.508215316057189, 41.134510637835902 ], [ -81.508495316020671, 41.134503638305809 ], [ -81.50852331656678, 41.134695638155414 ], [ -81.508544319728003, 41.135864636738411 ], [ -81.508546320574936, 41.136189636267794 ], [ -81.508555321249787, 41.136401636022548 ], [ -81.50972332091419, 41.136402637994642 ], [ -81.510038320753125, 41.13640963848146 ], [ -81.510347320740422, 41.136410638981658 ], [ -81.510470320611091, 41.136405639201222 ], [ -81.510532320559363, 41.136397639297691 ], [ -81.510656320562944, 41.136373639586424 ], [ -81.510716320482416, 41.136350639629654 ], [ -81.510780320378601, 41.136332639799363 ], [ -81.511028319995162, 41.136212640396352 ], [ -81.51109131994302, 41.136190640513135 ], [ -81.511406319651741, 41.136134641058 ], [ -81.511646319835066, 41.136201641433843 ], [ -81.511924319888209, 41.136273641765733 ], [ -81.512200319906967, 41.13630364216133 ], [ -81.512755319748251, 41.13630664306833 ], [ -81.513042319685823, 41.136314643559253 ], [ -81.513371319698919, 41.136383644019993 ], [ -81.513618319777734, 41.136415644357513 ], [ -81.513865319738713, 41.136423644756306 ], [ -81.514152319564445, 41.136423645200303 ], [ -81.514165320172197, 41.136657644914301 ], [ -81.514161321809325, 41.137310644094057 ], [ -81.514165322025221, 41.137404643997613 ], [ -81.514159323008343, 41.137777643496477 ], [ -81.514167323439651, 41.137986643214447 ], [ -81.514143323860637, 41.138154642914515 ], [ -81.514150324461767, 41.138383642619679 ], [ -81.514132324695069, 41.138477642508775 ], [ -81.514124324861228, 41.138570642378781 ], [ -81.514123325580371, 41.138849642019871 ], [ -81.514115329763783, 41.140526639787048 ], [ -81.513309330122027, 41.140524638453982 ], [ -81.513035330233762, 41.140518638093972 ], [ -81.51288032995356, 41.140358638009538 ], [ -81.512697329651175, 41.140194637943473 ], [ -81.512548329363085, 41.140078637872485 ], [ -81.512392329187804, 41.139971637707319 ], [ -81.512208328997673, 41.13985963755654 ], [ -81.512085328886727, 41.139799637502875 ], [ -81.511904328764047, 41.13972063728859 ], [ -81.511901333100823, 41.141380635101463 ], [ -81.511907333811564, 41.141692634721984 ], [ -81.511625334161948, 41.141738634252427 ], [ -81.511598334142064, 41.141750634144614 ], [ -81.511563334268558, 41.141753634114657 ], [ -81.511377334412842, 41.141803633734753 ], [ -81.511253334595963, 41.141827633582217 ], [ -81.511067334775916, 41.141844633182707 ], [ -81.510810334885818, 41.14184663280426 ], [ -81.510806339228623, 41.143496630746149 ], [ -81.509717339936756, 41.14349762904326 ], [ -81.509438340190172, 41.143494628591192 ], [ -81.509142340394021, 41.143496628067744 ], [ -81.508820340565748, 41.143493627628011 ], [ -81.508532340715291, 41.143500627184736 ], [ -81.508535341678538, 41.143824626760193 ], [ -81.508533342516458, 41.144152626308177 ], [ -81.50853234305275, 41.144319626132166 ], [ -81.508531344682268, 41.144928625381787 ], [ -81.508536345308926, 41.145142625127427 ], [ -81.508530346552433, 41.145628624534218 ], [ -81.508535347424058, 41.14594762412019 ], [ -81.508530348068163, 41.146142623882326 ], [ -81.508531349601355, 41.146702623146211 ], [ -81.50852435115462, 41.147262622451436 ], [ -81.508523354082882, 41.148344621090168 ], [ -81.508417354195572, 41.148368620925567 ], [ -81.508296354419073, 41.148387620687288 ], [ -81.508048354746862, 41.148412620335087 ], [ -81.507937354851222, 41.148416620152844 ], [ -81.507829354865592, 41.148415620012933 ], [ -81.506866355613582, 41.14837261855299 ], [ -81.506681355769359, 41.148357618337684 ], [ -81.506558355886696, 41.148341618163514 ], [ -81.506373355868647, 41.148305617920741 ], [ -81.506132355913792, 41.148227617652289 ], [ -81.505844355736826, 41.148087617377911 ], [ -81.505511355508418, 41.147889617133991 ], [ -81.50484235482071, 41.147480616591267 ], [ -81.504196354306544, 41.1470946161526 ], [ -81.50395235397572, 41.146942615921596 ], [ -81.5036803537715, 41.146782615662644 ], [ -81.503497353588102, 41.146666615572784 ], [ -81.503278353320724, 41.146534615348223 ], [ -81.503007353040672, 41.146366615179581 ], [ -81.502936352973734, 41.146327615073112 ], [ -81.502473352534722, 41.146037614763522 ], [ -81.502354352324019, 41.145971614659494 ], [ -81.501465351454826, 41.145434613881456 ], [ -81.501574350990609, 41.14531561424841 ], [ -81.501662350609337, 41.14524161445123 ], [ -81.501791350355646, 41.145162614751371 ], [ -81.501846350247234, 41.145134614860673 ], [ -81.501941349972313, 41.145105614986534 ], [ -81.502045349907178, 41.145080615250471 ], [ -81.50218434971508, 41.14506561545118 ], [ -81.50234834959285, 41.145060615742203 ], [ -81.502957349193366, 41.145060616594883 ], [ -81.503225349001838, 41.145069617037692 ], [ -81.503365348895713, 41.145071617220069 ], [ -81.503512348848773, 41.145081617505468 ], [ -81.503648348736363, 41.145101617606763 ], [ -81.503699348529096, 41.145028617830967 ], [ -81.503777348252413, 41.14496661803598 ], [ -81.503894347988691, 41.144890618298589 ], [ -81.50401834759748, 41.144820618556871 ], [ -81.50411934741993, 41.144751618782045 ], [ -81.504190347136756, 41.144691618930594 ], [ -81.504259346912207, 41.144624619142697 ], [ -81.5043043467183, 41.144565619324908 ], [ -81.504395346245303, 41.144421619620978 ], [ -81.504687344577377, 41.1439316206448 ], [ -81.50566733922598, 41.142307624113478 ], [ -81.50584233809559, 41.141983624849921 ], [ -81.504541339218918, 41.142112622571659 ], [ -81.504754338052692, 41.141739623418765 ], [ -81.50487333733129, 41.14150762387802 ], [ -81.504999336319941, 41.141182624425412 ], [ -81.505001336174658, 41.14116462449033 ], [ -81.505014336064576, 41.141135624531969 ], [ -81.505055335693839, 41.140995624782647 ], [ -81.50510533496346, 41.140762625100521 ], [ -81.505135334267734, 41.140529625441921 ], [ -81.505145333580117, 41.140296625732219 ], [ -81.505148332534446, 41.13992362616704 ], [ -81.50516033184509, 41.139692626529531 ], [ -81.505148331165969, 41.139456626767881 ], [ -81.505148330052023, 41.139083627242577 ], [ -81.505152328920687, 41.138679627677398 ], [ -81.505166328029986, 41.138400628066826 ], [ -81.505215326438886, 41.137867628778224 ], [ -81.505253321733392, 41.136254630816758 ], [ -81.505254320521445, 41.135830631274594 ], [ -81.505269319184222, 41.135367631867595 ], [ -81.505284316523941, 41.134474632988358 ], [ -81.506254316393935, 41.134485634642957 ], [ -81.507075316297943, 41.134496635958037 ], [ -81.507371316261697, 41.134502636427598 ], [ -81.507660316194972, 41.134502636952632 ], [ -81.508215316057189, 41.134510637835902 ] ] ] } },
{ "type": "Feature", "properties": { "UNIQUE_ID": "Summit-:-CUY FALLS 3-D (ALA)", "PRECNAME": "CUY FALLS 3-D", "PRECCODE": "ALA", "COUNTYFP": "153", "County": "Summit", "SLDL_DIST": "031", "total_pop": 1316, "age_under18": 257, "age_18_34": 303, "age_35_64": 535, "age_65plus": 221, "pop_hispanic": 92, "pop_white": 1107, "pop_black": 3, "pop_asian": 13, "pct_hispanic": 7.5, "pct_white": 89.9, "pct_black": 0.2, "pct_asian": 1.1, "pct_native": 0.2, "pct_multi": 0.0, "med_hh_income": 98429.0, "pct_bachelors_plus": 38.23632218844984, "pct_no_hs_diploma": 2.0586626139817632, "pct_some_college": 37.634954407294828 }, "geometry": { "type": "Polygon", "coordinates": [ [ [ -81.504915316554474, 41.134472632390569 ], [ -81.505284316523941, 41.134474632988358 ], [ -81.505269319184222, 41.135367631867595 ], [ -81.505254320521445, 41.135830631274594 ], [ -81.505253321733392, 41.136254630816758 ], [ -81.505215326438886, 41.137867628778224 ], [ -81.505166328029986, 41.138400628066826 ], [ -81.505152328920687, 41.138679627677398 ], [ -81.505148330052023, 41.139083627242577 ], [ -81.505148331165969, 41.139456626767881 ], [ -81.50516033184509, 41.139692626529531 ], [ -81.505148332534446, 41.13992362616704 ], [ -81.505145333580117, 41.140296625732219 ], [ -81.505135334267734, 41.140529625441921 ], [ -81.50510533496346, 41.140762625100521 ], [ -81.505055335693839, 41.140995624782647 ], [ -81.505014336064576, 41.141135624531969 ], [ -81.505001336174658, 41.14116462449033 ], [ -81.504999336319941, 41.141182624425412 ], [ -81.50487333733129, 41.14150762387802 ], [ -81.504754338052692, 41.141739623418765 ], [ -81.504541339218918, 41.142112622571659 ], [ -81.50584233809559, 41.141983624849921 ], [ -81.50566733922598, 41.142307624113478 ], [ -81.504687344577377, 41.1439316206448 ], [ -81.504395346245303, 41.144421619620978 ], [ -81.5043043467183, 41.144565619324908 ], [ -81.504259346912207, 41.144624619142697 ], [ -81.504190347136756, 41.144691618930594 ], [ -81.50411934741993, 41.144751618782045 ], [ -81.50401834759748, 41.144820618556871 ], [ -81.503894347988691, 41.144890618298589 ], [ -81.503777348252413, 41.14496661803598 ], [ -81.503699348529096, 41.145028617830967 ], [ -81.503648348736363, 41.145101617606763 ], [ -81.503512348848773, 41.145081617505468 ], [ -81.503365348895713, 41.145071617220069 ], [ -81.503225349001838, 41.145069617037692 ], [ -81.502957349193366, 41.145060616594883 ], [ -81.50234834959285, 41.145060615742203 ], [ -81.50218434971508, 41.14506561545118 ], [ -81.502045349907178, 41.145080615250471 ], [ -81.501941349972313, 41.145105614986534 ], [ -81.501846350247234, 41.145134614860673 ], [ -81.501791350355646, 41.145162614751371 ], [ -81.501662350609337, 41.14524161445123 ], [ -81.501574350990609, 41.14531561424841 ], [ -81.501465351454826, 41.145434613881456 ], [ -81.501134350984444, 41.145238613628138 ], [ -81.500123349817045, 41.144623612804445 ], [ -81.49998034959583, 41.144528612745944 ], [ -81.499826349448526, 41.144443613048345 ], [ -81.499556349183791, 41.14428061372039 ], [ -81.499578348454023, 41.144074613860681 ], [ -81.499598345510307, 41.143152614929519 ], [ -81.499605342495869, 41.142208615947915 ], [ -81.499589341018634, 41.141741616529238 ], [ -81.499585340123289, 41.141461616889082 ], [ -81.499601336804631, 41.140424618040896 ], [ -81.499617332324632, 41.139035619543009 ], [ -81.499625330803681, 41.138538620112797 ], [ -81.499622330208808, 41.138339620379938 ], [ -81.499631329460627, 41.138118620572385 ], [ -81.499651325388825, 41.136859621986005 ], [ -81.499658325122951, 41.136765622113053 ], [ -81.499680324763901, 41.136673622164835 ], [ -81.499722324508056, 41.136579622249158 ], [ -81.49978332410366, 41.136487622262592 ], [ -81.500023323133078, 41.136209622201648 ], [ -81.500048322992782, 41.136162622292709 ], [ -81.500060322825121, 41.136116622395818 ], [ -81.500065321701015, 41.135770622777351 ], [ -81.500080319931598, 41.135229623442775 ], [ -81.500083318906235, 41.134903623863792 ], [ -81.500093318199404, 41.134669624096539 ], [ -81.500091318079143, 41.134623624155665 ], [ -81.500107317316321, 41.134414624393607 ], [ -81.501132317207322, 41.134427626096006 ], [ -81.502209317072541, 41.134439627939031 ], [ -81.50294131689985, 41.134448629117756 ], [ -81.503250316898303, 41.134448629595965 ], [ -81.503990316748713, 41.134461630860599 ], [ -81.504304316718901, 41.134460631342655 ], [ -81.504915316554474, 41.134472632390569 ] ] ] } },
{ "type": "Feature", "properties": { "UNIQUE_ID": "Summit-:-CUY FALLS 3-E (BAJ)", "PRECNAME": "CUY FALLS 3-E", "PRECCODE": "BAJ", "COUNTYFP": "153", "County": "Summit", "SLDL_DIST": "031", "total_pop": 1269, "age_under18": 240, "age_18_34": 247, "age_35_64": 527, "age_65plus": 255, "pop_hispanic": 22, "pop_white": 1302, "pop_black": 12, "pop_asian": 0, "pct_hispanic": 1.6, "pct_white": 96.9, "pct_black": 0.9, "pct_asian": 0.0, "pct_native": 0.0, "pct_multi": 0.0, "med_hh_income": 93541.0, "pct_bachelors_plus": 51.567295597484282, "pct_no_hs_diploma": 0.24292452830188679, "pct_some_college": 34.871226415094348 }, "geometry": { "type": "Polygon", "coordinates": [ [ [ -81.519537303385803, 41.129752663339353 ], [ -81.519437316825815, 41.135852654725227 ], [ -81.518137317394832, 41.13595265243066 ], [ -81.518137318302763, 41.136352651929109 ], [ -81.518134318401351, 41.136427651768663 ], [ -81.517938318461077, 41.136423651472512 ], [ -81.516951318845287, 41.136422649808964 ], [ -81.516148318955445, 41.136415648534893 ], [ -81.515782319087705, 41.136418647940253 ], [ -81.515469319202893, 41.136423647431236 ], [ -81.514914319376018, 41.136425646507419 ], [ -81.514244319581152, 41.136421645361999 ], [ -81.514152319564445, 41.136423645200303 ], [ -81.513865319738713, 41.136423644756306 ], [ -81.513618319777734, 41.136415644357513 ], [ -81.513371319698919, 41.136383644019993 ], [ -81.513042319685823, 41.136314643559253 ], [ -81.512755319748251, 41.13630664306833 ], [ -81.512200319906967, 41.13630364216133 ], [ -81.511924319888209, 41.136273641765733 ], [ -81.511646319835066, 41.136201641433843 ], [ -81.511406319651741, 41.136134641058 ], [ -81.51109131994302, 41.136190640513135 ], [ -81.511028319995162, 41.136212640396352 ], [ -81.510780320378601, 41.136332639799363 ], [ -81.510716320482416, 41.136350639629654 ], [ -81.510656320562944, 41.136373639586424 ], [ -81.510532320559363, 41.136397639297691 ], [ -81.510470320611091, 41.136405639201222 ], [ -81.510347320740422, 41.136410638981658 ], [ -81.510038320753125, 41.13640963848146 ], [ -81.50972332091419, 41.136402637994642 ], [ -81.508555321249787, 41.136401636022548 ], [ -81.508546320574936, 41.136189636267794 ], [ -81.508544319728003, 41.135864636738411 ], [ -81.50852331656678, 41.134695638155414 ], [ -81.508495316020671, 41.134503638305809 ], [ -81.508513315399767, 41.134275638677195 ], [ -81.50849331175732, 41.132948640214281 ], [ -81.508481309254293, 41.132052641396996 ], [ -81.508465307322652, 41.131366642161559 ], [ -81.50842430092861, 41.129039644988076 ], [ -81.508424300348565, 41.128832645291098 ], [ -81.508406298454872, 41.128131646098616 ], [ -81.508399296600544, 41.127448646954832 ], [ -81.508381294047837, 41.126564647984601 ], [ -81.508377293283502, 41.126281648393736 ], [ -81.508383292629247, 41.126049648631778 ], [ -81.508399291879911, 41.125768649079717 ], [ -81.508433291241815, 41.125535649428699 ], [ -81.508470290816334, 41.125349649687763 ], [ -81.5085432900635, 41.125077650151425 ], [ -81.508599289528306, 41.12488365052743 ], [ -81.508707288637922, 41.124557651145075 ], [ -81.508778288160798, 41.124371651481013 ], [ -81.508881287324002, 41.124067652058905 ], [ -81.517337289706376, 41.123852667488684 ], [ -81.518937290330015, 41.123852670442119 ], [ -81.519537290697073, 41.123952671376315 ], [ -81.519554296006675, 41.126389668031848 ], [ -81.519544303017625, 41.129583663590928 ], [ -81.519537303385803, 41.129752663339353 ] ] ] } },
{ "type": "Feature", "properties": { "UNIQUE_ID": "Summit-:-CUY FALLS 4-A (ALE)", "PRECNAME": "CUY FALLS 4-A", "PRECCODE": "ALE", "COUNTYFP": "153", "County": "Summit", "SLDL_DIST": "031", "total_pop": 1531, "age_under18": 242, "age_18_34": 412, "age_35_64": 607, "age_65plus": 270, "pop_hispanic": 36, "pop_white": 1374, "pop_black": 0, "pop_asian": 0, "pct_hispanic": 2.5, "pct_white": 94.2, "pct_black": 0.0, "pct_asian": 0.0, "pct_native": 0.0, "pct_multi": 0.0, "med_hh_income": 79533.0, "pct_bachelors_plus": 43.645395166557797, "pct_no_hs_diploma": 2.2140431090790336, "pct_some_college": 30.963291966035271 }, "geometry": { "type": "Polygon", "coordinates": [ [ [ -81.488306371712838, 41.14873462638262 ], [ -81.488620371517911, 41.14873862588933 ], [ -81.489057371226366, 41.148750625190985 ], [ -81.489079368409008, 41.147886626102711 ], [ -81.489095364155048, 41.146552627691399 ], [ -81.490179363334221, 41.146569625937353 ], [ -81.490178362681263, 41.146356626245343 ], [ -81.490206357837565, 41.144863627928238 ], [ -81.490217357074087, 41.144647628169594 ], [ -81.490220356216341, 41.144365628549245 ], [ -81.491271355532319, 41.144392626762269 ], [ -81.492347354840362, 41.14441462504616 ], [ -81.493387354074343, 41.144422623345413 ], [ -81.493387354203804, 41.144471623352686 ], [ -81.493347361181037, 41.146620620902354 ], [ -81.4941473606046, 41.146634619600846 ], [ -81.494406360473221, 41.146634619130474 ], [ -81.494441354104964, 41.144667621395818 ], [ -81.4944493533676, 41.144441621675853 ], [ -81.49476835316608, 41.14444662115951 ], [ -81.494928351492163, 41.143948621450789 ], [ -81.495050350189757, 41.143600621711656 ], [ -81.495304350066974, 41.143619621234947 ], [ -81.496580349294234, 41.143638619219686 ], [ -81.497369348755484, 41.143650617932977 ], [ -81.49735334999653, 41.144060617438306 ], [ -81.496766350472541, 41.144055618402334 ], [ -81.496754351823228, 41.144478617962982 ], [ -81.497616351216337, 41.144493616519007 ], [ -81.498679350527539, 41.14451761481638 ], [ -81.498664357506371, 41.146703612321517 ], [ -81.498658358885621, 41.147130611825297 ], [ -81.498655362625385, 41.14829661049194 ], [ -81.498643364568807, 41.148902609856897 ], [ -81.498651364839077, 41.148996609760012 ], [ -81.498645368128834, 41.150006608533452 ], [ -81.498641370775317, 41.150846607626825 ], [ -81.498632371870158, 41.151188607231724 ], [ -81.498312372158651, 41.151191607747514 ], [ -81.498057372396545, 41.151193608143402 ], [ -81.497507372772972, 41.151187609035915 ], [ -81.496884373187854, 41.151190609940059 ], [ -81.49644237352075, 41.151188610657762 ], [ -81.495837374055498, 41.151185611625777 ], [ -81.495386374312432, 41.151179612368026 ], [ -81.494326375124615, 41.151175614041705 ], [ -81.493832375527035, 41.151177614738259 ], [ -81.493559375737462, 41.151171615177141 ], [ -81.493271375858853, 41.151169615680615 ], [ -81.492845376187432, 41.151171616304204 ], [ -81.492429376537288, 41.151164616982989 ], [ -81.492215376670813, 41.151166617343648 ], [ -81.491145377503784, 41.15116561897112 ], [ -81.490376378059253, 41.151158620219782 ], [ -81.490089378306237, 41.151166620673571 ], [ -81.489820378516654, 41.151155621127678 ], [ -81.489450378809877, 41.151153621672968 ], [ -81.489138379001545, 41.151168622112884 ], [ -81.489027378087201, 41.150838622698778 ], [ -81.488905376904256, 41.15046362338817 ], [ -81.488726375400248, 41.149955624274824 ], [ -81.488645374764431, 41.149717624688314 ], [ -81.488479373228529, 41.149234625525423 ], [ -81.488417372676707, 41.149036625825218 ], [ -81.488306371712838, 41.14873462638262 ] ] ] } },
{ "type": "Feature", "properties": { "UNIQUE_ID": "Summit-:-CUY FALLS 4-B (ALF)", "PRECNAME": "CUY FALLS 4-B", "PRECCODE": "ALF", "COUNTYFP": "153", "County": "Summit", "SLDL_DIST": "031", "total_pop": 1629, "age_under18": 353, "age_18_34": 382, "age_35_64": 609, "age_65plus": 285, "pop_hispanic": 13, "pop_white": 1448, "pop_black": 21, "pop_asian": 0, "pct_hispanic": 0.9, "pct_white": 97.4, "pct_black": 1.4, "pct_asian": 0.0, "pct_native": 0.0, "pct_multi": 0.0, "med_hh_income": 77631.0, "pct_bachelors_plus": 49.778111587982828, "pct_no_hs_diploma": 4.795033721643164, "pct_some_college": 20.506192519926429 }, "geometry": { "type": "Polygon", "coordinates": [ [ [ -81.490136323926166, 41.134388640441749 ], [ -81.490399323798272, 41.134395640058045 ], [ -81.49039232455705, 41.134632639711242 ], [ -81.49038133332472, 41.137329636583317 ], [ -81.490378335583245, 41.138038635775679 ], [ -81.490373335756743, 41.138084635668164 ], [ -81.490357335953803, 41.138131635698095 ], [ -81.490300336221779, 41.138224635617888 ], [ -81.490106337253394, 41.138486635644604 ], [ -81.490276337439781, 41.138593635226115 ], [ -81.490563337799898, 41.138762634613741 ], [ -81.49087033830024, 41.138959633846262 ], [ -81.491249338768299, 41.139185632954131 ], [ -81.491480339049218, 41.139331632395191 ], [ -81.492064339777457, 41.139688631108378 ], [ -81.492258340022175, 41.139794630632977 ], [ -81.492459340244011, 41.139930630147916 ], [ -81.492991340961154, 41.140255628928003 ], [ -81.493171339957314, 41.14000662888656 ], [ -81.493183339804432, 41.139959628943188 ], [ -81.493184339268495, 41.13976362916091 ], [ -81.493449339023456, 41.139770628709385 ], [ -81.493633339004134, 41.139807628392553 ], [ -81.494371339115062, 41.140008626982542 ], [ -81.494628339200446, 41.140082626486567 ], [ -81.49469533935536, 41.140127626280041 ], [ -81.494709339532562, 41.140183626199395 ], [ -81.494677339689133, 41.140235626214078 ], [ -81.494518340273444, 41.140391626248359 ], [ -81.494175341585503, 41.140713626444096 ], [ -81.494019342194548, 41.14088662653802 ], [ -81.494853343335095, 41.141399624539318 ], [ -81.495333343877292, 41.141691623458428 ], [ -81.495439344004083, 41.141748623247018 ], [ -81.495608344268817, 41.141865622798178 ], [ -81.49645734536486, 41.142379620802004 ], [ -81.496640345560877, 41.142494620420528 ], [ -81.496593346347879, 41.142742620203428 ], [ -81.496579348584589, 41.143442619430857 ], [ -81.496580349294234, 41.143638619219686 ], [ -81.495304350066974, 41.143619621234947 ], [ -81.495050350189757, 41.143600621711656 ], [ -81.494928351492163, 41.143948621450789 ], [ -81.49476835316608, 41.14444662115951 ], [ -81.4944493533676, 41.144441621675853 ], [ -81.494441354104964, 41.144667621395818 ], [ -81.494406360473221, 41.146634619130474 ], [ -81.4941473606046, 41.146634619600846 ], [ -81.493347361181037, 41.146620620902354 ], [ -81.493387354203804, 41.144471623352686 ], [ -81.493387354074343, 41.144422623345413 ], [ -81.492347354840362, 41.14441462504616 ], [ -81.491271355532319, 41.144392626762269 ], [ -81.490220356216341, 41.144365628549245 ], [ -81.490217357074087, 41.144647628169594 ], [ -81.490206357837565, 41.144863627928238 ], [ -81.490178362681263, 41.146356626245343 ], [ -81.490179363334221, 41.146569625937353 ], [ -81.489095364155048, 41.146552627691399 ], [ -81.489079368409008, 41.147886626102711 ], [ -81.489057371226366, 41.148750625190985 ], [ -81.488620371517911, 41.14873862588933 ], [ -81.488306371712838, 41.14873462638262 ], [ -81.488417372676707, 41.149036625825218 ], [ -81.488479373228529, 41.149234625525423 ], [ -81.488645374764431, 41.149717624688314 ], [ -81.488726375400248, 41.149955624274824 ], [ -81.488357375762305, 41.149960624798645 ], [ -81.485731377690229, 41.149960628990549 ], [ -81.485726377478557, 41.14989362905164 ], [ -81.48570937645745, 41.149583629452593 ], [ -81.48570137630071, 41.149536629470752 ], [ -81.485680374860664, 41.149086630120571 ], [ -81.485651374085037, 41.148836630398897 ], [ -81.48561137220959, 41.148266631162834 ], [ -81.485579370240373, 41.147651632001342 ], [ -81.485556369346412, 41.147342632391201 ], [ -81.485543368964258, 41.147248632514362 ], [ -81.485488368390108, 41.147061632803137 ], [ -81.485394367602694, 41.146804633284326 ], [ -81.485560367486983, 41.146772633076587 ], [ -81.484838365346889, 41.14598663513604 ], [ -81.484093363308176, 41.14518263732554 ], [ -81.483843362677334, 41.14491863802759 ], [ -81.484995361772405, 41.144928636192546 ], [ -81.484808360281633, 41.144396637080774 ], [ -81.484779360045579, 41.144318637248631 ], [ -81.484773359890937, 41.144289637292317 ], [ -81.484763359851755, 41.144272637378975 ], [ -81.484383356465344, 41.143150639294078 ], [ -81.484666355954843, 41.143067638931186 ], [ -81.485330355140363, 41.142939638036133 ], [ -81.485256354442129, 41.142736638438393 ], [ -81.485169353675403, 41.142454638859292 ], [ -81.484931351654339, 41.141800640092391 ], [ -81.48490735155201, 41.141753640143492 ], [ -81.484861351416981, 41.141706640278045 ], [ -81.484811351358076, 41.141672640419273 ], [ -81.484688351160827, 41.14160864065623 ], [ -81.484426350980684, 41.141497641205412 ], [ -81.484198350937305, 41.141399641692892 ], [ -81.484158350849555, 41.141376641849462 ], [ -81.483830350601067, 41.14121864258157 ], [ -81.483580350317879, 41.141088643061131 ], [ -81.483228349881557, 41.140896643938653 ], [ -81.483053350721136, 41.141098643968704 ], [ -81.482540350232796, 41.140839645073896 ], [ -81.481857349503855, 41.14048464664976 ], [ -81.481560349262423, 41.140338647291074 ], [ -81.480657348310686, 41.139867649348034 ], [ -81.48089234739389, 41.139624649195738 ], [ -81.481561344477257, 41.138877649020607 ], [ -81.481808343398356, 41.138609649027394 ], [ -81.482078343659708, 41.138735648410034 ], [ -81.482372343977616, 41.138884647710313 ], [ -81.482723344298265, 41.139067646917496 ], [ -81.483007344604488, 41.139208646328349 ], [ -81.483385342884873, 41.138790646244153 ], [ -81.483442342670998, 41.138720646207851 ], [ -81.483776341167371, 41.13834964608089 ], [ -81.483810341041178, 41.138301646065031 ], [ -81.483853340906634, 41.138257646063686 ], [ -81.483888340687415, 41.138210646123873 ], [ -81.483975340151488, 41.13807164614682 ], [ -81.48399634003853, 41.138025646142921 ], [ -81.484046339361711, 41.137826646272458 ], [ -81.484082338621619, 41.137605646465545 ], [ -81.484110337819857, 41.137395646753859 ], [ -81.484131337361902, 41.137243646849925 ], [ -81.48421433531604, 41.136627647500163 ], [ -81.484241334542787, 41.136391647685144 ], [ -81.484706334294003, 41.136421646924425 ], [ -81.485686333826024, 41.136494645215407 ], [ -81.486708333376697, 41.136571643462794 ], [ -81.486831333390995, 41.136587643282482 ], [ -81.486967333414043, 41.136618642965303 ], [ -81.487087333439518, 41.136662642717567 ], [ -81.487383333683198, 41.136820642044583 ], [ -81.487960334510291, 41.137176640703622 ], [ -81.48820033482265, 41.137319640179768 ], [ -81.488239334871508, 41.13734664007621 ], [ -81.48828033494074, 41.137366639939074 ], [ -81.488301334876226, 41.137384639939093 ], [ -81.488423335059352, 41.137461639641039 ], [ -81.488624335290055, 41.137578639178066 ], [ -81.488712334643694, 41.137370639271182 ], [ -81.488724334472721, 41.137323639316932 ], [ -81.488734334376772, 41.137304639330083 ], [ -81.488736334320265, 41.137277639336737 ], [ -81.488881332498693, 41.136765639735081 ], [ -81.488900332199989, 41.136672639807536 ], [ -81.488926331629685, 41.13648563999881 ], [ -81.488972329927762, 41.135972640511717 ], [ -81.488984329263971, 41.135786640705227 ], [ -81.488991328568517, 41.135553640991752 ], [ -81.488997325450669, 41.134619642064159 ], [ -81.488988324753066, 41.134391642360796 ], [ -81.48927232457271, 41.134385641924936 ], [ -81.490136323926166, 41.134388640441749 ] ] ] } },
{ "type": "Feature", "properties": { "UNIQUE_ID": "Summit-:-CUY FALLS 4-C (ALH)", "PRECNAME": "CUY FALLS 4-C", "PRECCODE": "ALH", "COUNTYFP": "153", "County": "Summit", "SLDL_DIST": "031", "total_pop": 1528, "age_under18": 286, "age_18_34": 454, "age_35_64": 629, "age_65plus": 159, "pop_hispanic": 15, "pop_white": 1583, "pop_black": 6, "pop_asian": 42, "pct_hispanic": 0.9, "pct_white": 92.3, "pct_black": 0.3, "pct_asian": 2.4, "pct_native": 0.2, "pct_multi": 0.0, "med_hh_income": 69296.0, "pct_bachelors_plus": 39.800522193211492, "pct_no_hs_diploma": 7.7261096605744131, "pct_some_college": 26.428655352480419 }, "geometry": { "type": "Polygon", "coordinates": [ [ [ -81.488907324849038, 41.1344156424692 ], [ -81.488988324753066, 41.134391642360796 ], [ -81.488997325450669, 41.134619642064159 ], [ -81.488991328568517, 41.135553640991752 ], [ -81.488984329263971, 41.135786640705227 ], [ -81.488972329927762, 41.135972640511717 ], [ -81.488926331629685, 41.13648563999881 ], [ -81.488900332199989, 41.136672639807536 ], [ -81.488881332498693, 41.136765639735081 ], [ -81.488736334320265, 41.137277639336737 ], [ -81.488734334376772, 41.137304639330083 ], [ -81.488724334472721, 41.137323639316932 ], [ -81.488712334643694, 41.137370639271182 ], [ -81.488624335290055, 41.137578639178066 ], [ -81.488423335059352, 41.137461639641039 ], [ -81.488301334876226, 41.137384639939093 ], [ -81.48828033494074, 41.137366639939074 ], [ -81.488239334871508, 41.13734664007621 ], [ -81.48820033482265, 41.137319640179768 ], [ -81.487960334510291, 41.137176640703622 ], [ -81.487383333683198, 41.136820642044583 ], [ -81.487087333439518, 41.136662642717567 ], [ -81.486967333414043, 41.136618642965303 ], [ -81.486831333390995, 41.136587643282482 ], [ -81.486708333376697, 41.136571643462794 ], [ -81.485686333826024, 41.136494645215407 ], [ -81.484706334294003, 41.136421646924425 ], [ -81.484241334542787, 41.136391647685144 ], [ -81.48421433531604, 41.136627647500163 ], [ -81.484131337361902, 41.137243646849925 ], [ -81.484110337819857, 41.137395646753859 ], [ -81.484082338621619, 41.137605646465545 ], [ -81.484046339361711, 41.137826646272458 ], [ -81.48399634003853, 41.138025646142921 ], [ -81.483975340151488, 41.13807164614682 ], [ -81.483888340687415, 41.138210646123873 ], [ -81.483853340906634, 41.138257646063686 ], [ -81.483810341041178, 41.138301646065031 ], [ -81.483776341167371, 41.13834964608089 ], [ -81.483442342670998, 41.138720646207851 ], [ -81.483385342884873, 41.138790646244153 ], [ -81.483007344604488, 41.139208646328349 ], [ -81.482723344298265, 41.139067646917496 ], [ -81.482372343977616, 41.138884647710313 ], [ -81.482078343659708, 41.138735648410034 ], [ -81.481808343398356, 41.138609649027394 ], [ -81.481561344477257, 41.138877649020607 ], [ -81.48089234739389, 41.139624649195738 ], [ -81.480657348310686, 41.139867649348034 ], [ -81.481560349262423, 41.140338647291074 ], [ -81.481857349503855, 41.14048464664976 ], [ -81.482540350232796, 41.140839645073896 ], [ -81.483053350721136, 41.141098643968704 ], [ -81.483228349881557, 41.140896643938653 ], [ -81.483580350317879, 41.141088643061131 ], [ -81.483830350601067, 41.14121864258157 ], [ -81.484158350849555, 41.141376641849462 ], [ -81.484198350937305, 41.141399641692892 ], [ -81.484426350980684, 41.141497641205412 ], [ -81.484688351160827, 41.14160864065623 ], [ -81.484811351358076, 41.141672640419273 ], [ -81.484861351416981, 41.141706640278045 ], [ -81.48490735155201, 41.141753640143492 ], [ -81.484931351654339, 41.141800640092391 ], [ -81.485169353675403, 41.142454638859292 ], [ -81.485256354442129, 41.142736638438393 ], [ -81.485330355140363, 41.142939638036133 ], [ -81.484666355954843, 41.143067638931186 ], [ -81.484383356465344, 41.143150639294078 ], [ -81.484763359851755, 41.144272637378975 ], [ -81.484773359890937, 41.144289637292317 ], [ -81.484779360045579, 41.144318637248631 ], [ -81.484808360281633, 41.144396637080774 ], [ -81.484995361772405, 41.144928636192546 ], [ -81.483843362677334, 41.14491863802759 ], [ -81.484093363308176, 41.14518263732554 ], [ -81.484838365346889, 41.14598663513604 ], [ -81.485560367486983, 41.146772633076587 ], [ -81.485394367602694, 41.146804633284326 ], [ -81.485488368390108, 41.147061632803137 ], [ -81.485543368964258, 41.147248632514362 ], [ -81.485556369346412, 41.147342632391201 ], [ -81.485579370240373, 41.147651632001342 ], [ -81.48561137220959, 41.148266631162834 ], [ -81.485651374085037, 41.148836630398897 ], [ -81.485680374860664, 41.149086630120571 ], [ -81.48570137630071, 41.149536629470752 ], [ -81.48570937645745, 41.149583629452593 ], [ -81.485726377478557, 41.14989362905164 ], [ -81.485731377690229, 41.149960628990549 ], [ -81.485054378232121, 41.149958630043024 ], [ -81.484189378865324, 41.14996063135937 ], [ -81.483448379427173, 41.149971632557865 ], [ -81.483124379715903, 41.149980632994804 ], [ -81.48214938048811, 41.149989634572464 ], [ -81.482136380053163, 41.149862634765775 ], [ -81.482129378619206, 41.149412635255565 ], [ -81.482131377759217, 41.149136635646492 ], [ -81.481671378132546, 41.149149636321752 ], [ -81.480930378628472, 41.149159637462354 ], [ -81.480672378954608, 41.14919063788188 ], [ -81.480582378390025, 41.148978638262435 ], [ -81.48056837619248, 41.148325639100804 ], [ -81.480562373573051, 41.147537640069189 ], [ -81.480545369952338, 41.146432641458532 ], [ -81.480547368972296, 41.146122641786633 ], [ -81.480538368296365, 41.145898642097755 ], [ -81.480532366779045, 41.145431642662892 ], [ -81.480526366397484, 41.145338642768905 ], [ -81.480488365944325, 41.145197643086604 ], [ -81.480448365714736, 41.145104643211901 ], [ -81.480289365186209, 41.144912643736625 ], [ -81.480130364717283, 41.14472864419146 ], [ -81.479775363689228, 41.144351645261878 ], [ -81.479467362905126, 41.144018646116798 ], [ -81.479307362451763, 41.143850646548131 ], [ -81.479136361901411, 41.143662647067657 ], [ -81.478993361610989, 41.143521647454428 ], [ -81.47873336102036, 41.143285648196908 ], [ -81.478543360564231, 41.143102648728714 ], [ -81.478371360166946, 41.142943649168984 ], [ -81.477743359074765, 41.142483650748801 ], [ -81.477540358706932, 41.142324651294203 ], [ -81.477038360303979, 41.142702651685276 ], [ -81.476758361182448, 41.142924651845668 ], [ -81.477003358875862, 41.142279652224836 ], [ -81.477192357572477, 41.141907652397443 ], [ -81.477644354119207, 41.140977652833747 ], [ -81.477887352670848, 41.140569652880814 ], [ -81.478158351157731, 41.140174652956375 ], [ -81.478222350789522, 41.140089652946664 ], [ -81.478418349829354, 41.139830652938052 ], [ -81.480735342696519, 41.138153651323286 ], [ -81.480820342071823, 41.137975651389425 ], [ -81.481639335756199, 41.136233652187563 ], [ -81.482149327117838, 41.133690654453879 ], [ -81.482567326955959, 41.133735653694345 ], [ -81.482634327026759, 41.133774653507153 ], [ -81.482795327029152, 41.133826653164782 ], [ -81.483166327146932, 41.13392165243328 ], [ -81.483386327178195, 41.133960652088092 ], [ -81.483860326947877, 41.134015651194687 ], [ -81.484583326695372, 41.134081649929506 ], [ -81.484804326618985, 41.134102649578054 ], [ -81.485235326485849, 41.134155648816495 ], [ -81.485297326527643, 41.134157648652057 ], [ -81.485618326401664, 41.134196648107924 ], [ -81.486003326323996, 41.134250647378714 ], [ -81.486583326118549, 41.134310646419124 ], [ -81.487417325893929, 41.134412644934585 ], [ -81.487638325831313, 41.13443564449944 ], [ -81.487938325627496, 41.134447643963405 ], [ -81.488224325460976, 41.13443464357097 ], [ -81.488790325002739, 41.134429642645749 ], [ -81.488907324849038, 41.1344156424692 ] ] ] } },
{ "type": "Feature", "properties": { "UNIQUE_ID": "Summit-:-CUY FALLS 4-D (BAK)", "PRECNAME": "CUY FALLS 4-D", "PRECCODE": "BAK", "COUNTYFP": "153", "County": "Summit", "SLDL_DIST": "031", "total_pop": 1505, "age_under18": 307, "age_18_34": 363, "age_35_64": 591, "age_65plus": 244, "pop_hispanic": 18, "pop_white": 1425, "pop_black": 24, "pop_asian": 185, "pct_hispanic": 1.1, "pct_white": 86.2, "pct_black": 1.5, "pct_asian": 11.2, "pct_native": 0.0, "pct_multi": 0.0, "med_hh_income": 93032.0, "pct_bachelors_plus": 50.335614617940202, "pct_no_hs_diploma": 3.0310963455149502, "pct_some_college": 26.296877076411963 }, "geometry": { "type": "Polygon", "coordinates": [ [ [ -81.498921318139068, 41.134408626005893 ], [ -81.500107317316321, 41.134414624393607 ], [ -81.500091318079143, 41.134623624155665 ], [ -81.500093318199404, 41.134669624096539 ], [ -81.500083318906235, 41.134903623863792 ], [ -81.500080319931598, 41.135229623442775 ], [ -81.500065321701015, 41.135770622777351 ], [ -81.500060322825121, 41.136116622395818 ], [ -81.500048322992782, 41.136162622292709 ], [ -81.500023323133078, 41.136209622201648 ], [ -81.49978332410366, 41.136487622262592 ], [ -81.499722324508056, 41.136579622249158 ], [ -81.499680324763901, 41.136673622164835 ], [ -81.499658325122951, 41.136765622113053 ], [ -81.499651325388825, 41.136859621986005 ], [ -81.499631329460627, 41.138118620572385 ], [ -81.499622330208808, 41.138339620379938 ], [ -81.499625330803681, 41.138538620112797 ], [ -81.499617332324632, 41.139035619543009 ], [ -81.499601336804631, 41.140424618040896 ], [ -81.499585340123289, 41.141461616889082 ], [ -81.499589341018634, 41.141741616529238 ], [ -81.499605342495869, 41.142208615947915 ], [ -81.499598345510307, 41.143152614929519 ], [ -81.499578348454023, 41.144074613860681 ], [ -81.499556349183791, 41.14428061372039 ], [ -81.49897034840302, 41.143923615026793 ], [ -81.498707348167912, 41.143770615630203 ], [ -81.498680348955702, 41.144020615408152 ], [ -81.498679350527539, 41.14451761481638 ], [ -81.497616351216337, 41.144493616519007 ], [ -81.496754351823228, 41.144478617962982 ], [ -81.496766350472541, 41.144055618402334 ], [ -81.49735334999653, 41.144060617438306 ], [ -81.497369348755484, 41.143650617932977 ], [ -81.496580349294234, 41.143638619219686 ], [ -81.496579348584589, 41.143442619430857 ], [ -81.496593346347879, 41.142742620203428 ], [ -81.496640345560877, 41.142494620420528 ], [ -81.49645734536486, 41.142379620802004 ], [ -81.495608344268817, 41.141865622798178 ], [ -81.495439344004083, 41.141748623247018 ], [ -81.495333343877292, 41.141691623458428 ], [ -81.494853343335095, 41.141399624539318 ], [ -81.494019342194548, 41.14088662653802 ], [ -81.494175341585503, 41.140713626444096 ], [ -81.494518340273444, 41.140391626248359 ], [ -81.494677339689133, 41.140235626214078 ], [ -81.494709339532562, 41.140183626199395 ], [ -81.49469533935536, 41.140127626280041 ], [ -81.494628339200446, 41.140082626486567 ], [ -81.494371339115062, 41.140008626982542 ], [ -81.493633339004134, 41.139807628392553 ], [ -81.493449339023456, 41.139770628709385 ], [ -81.493184339268495, 41.13976362916091 ], [ -81.493183339804432, 41.139959628943188 ], [ -81.493171339957314, 41.14000662888656 ], [ -81.492991340961154, 41.140255628928003 ], [ -81.492459340244011, 41.139930630147916 ], [ -81.492258340022175, 41.139794630632977 ], [ -81.492064339777457, 41.139688631108378 ], [ -81.491480339049218, 41.139331632395191 ], [ -81.491249338768299, 41.139185632954131 ], [ -81.49087033830024, 41.138959633846262 ], [ -81.490563337799898, 41.138762634613741 ], [ -81.490276337439781, 41.138593635226115 ], [ -81.490106337253394, 41.138486635644604 ], [ -81.490300336221779, 41.138224635617888 ], [ -81.490357335953803, 41.138131635698095 ], [ -81.490373335756743, 41.138084635668164 ], [ -81.490378335583245, 41.138038635775679 ], [ -81.49038133332472, 41.137329636583317 ], [ -81.49039232455705, 41.134632639711242 ], [ -81.490399323798272, 41.134395640058045 ], [ -81.490692323585847, 41.134390639581888 ], [ -81.491735322886484, 41.134394637818154 ], [ -81.49300832209795, 41.134399635727391 ], [ -81.493284321826081, 41.13439763531084 ], [ -81.49365332166893, 41.134402634632643 ], [ -81.494274321185841, 41.134404633659209 ], [ -81.494580321047977, 41.13440263311179 ], [ -81.495544320371621, 41.134408631571631 ], [ -81.496670319574378, 41.134407629755003 ], [ -81.497078319330512, 41.13441062908079 ], [ -81.497798318802154, 41.134408627878912 ], [ -81.498921318139068, 41.134408626005893 ] ] ] } },
{ "type": "Feature", "properties": { "UNIQUE_ID": "Summit-:-CUY FALLS 5-A (ALN)", "PRECNAME": "CUY FALLS 5-A", "PRECCODE": "ALN", "COUNTYFP": "153", "County": "Summit", "SLDL_DIST": "031", "total_pop": 1603, "age_under18": 347, "age_18_34": 503, "age_35_64": 565, "age_65plus": 188, "pop_hispanic": 0, "pop_white": 919, "pop_black": 654, "pop_asian": 36, "pct_hispanic": 0.0, "pct_white": 58.3, "pct_black": 41.5, "pct_asian": 2.3, "pct_native": 0.0, "pct_multi": 0.0, "med_hh_income": 77450.0, "pct_bachelors_plus": 46.882969432314404, "pct_no_hs_diploma": 9.9755458515283841, "pct_some_college": 21.293886462882096 }, "geometry": { "type": "Polygon", "coordinates": [ [ [ -81.489850546232319, 41.202958559633217 ], [ -81.489435546635747, 41.202960560194803 ], [ -81.48943552009392, 41.194753569878337 ], [ -81.489380517500692, 41.193933570997025 ], [ -81.489349515995912, 41.193463571523452 ], [ -81.489335515331263, 41.193253571843407 ], [ -81.489435513906997, 41.192853572140656 ], [ -81.489435511587004, 41.192133572979756 ], [ -81.489439510238896, 41.19172257353366 ], [ -81.489435507089553, 41.190753574630499 ], [ -81.489435495142544, 41.187053579100208 ], [ -81.489535490851154, 41.185753580430294 ], [ -81.489535482387566, 41.183153583589068 ], [ -81.489522481630217, 41.182899583872619 ], [ -81.489431475699206, 41.181064586146341 ], [ -81.489344463292369, 41.177214590875046 ], [ -81.489434445957457, 41.171895597043971 ], [ -81.489355427984819, 41.166309603855012 ], [ -81.489353427791542, 41.166242603864717 ], [ -81.489335426117563, 41.165753604553352 ], [ -81.489361421576817, 41.164337606150411 ], [ -81.489509415710373, 41.162554608008961 ], [ -81.489556412161988, 41.161487609245121 ], [ -81.489744408380062, 41.160374610280691 ], [ -81.490479406289523, 41.159906609693259 ], [ -81.490546406093358, 41.15986060969545 ], [ -81.490611405947874, 41.159822609574057 ], [ -81.490628405907643, 41.159808609622957 ], [ -81.491587403168509, 41.159206608827738 ], [ -81.492501400484301, 41.15862360812865 ], [ -81.492557400694452, 41.158672607995371 ], [ -81.492627400779284, 41.158715607851747 ], [ -81.493570411191897, 41.162212602305857 ], [ -81.494064416543964, 41.163982599461292 ], [ -81.495316415461417, 41.163988597516138 ], [ -81.498635412753828, 41.163996592516895 ], [ -81.498635415534039, 41.164853591493738 ], [ -81.498402416036598, 41.164938591798297 ], [ -81.49724241833934, 41.165360593033071 ], [ -81.493253426330867, 41.166809597333213 ], [ -81.493330426692992, 41.166952597095012 ], [ -81.493596428149885, 41.167470596117774 ], [ -81.493710428990852, 41.167756595580805 ], [ -81.493746429252752, 41.167865595404614 ], [ -81.493789429763993, 41.168040595135324 ], [ -81.493814430211486, 41.168182594898028 ], [ -81.493838430896943, 41.168380594661528 ], [ -81.493844431601573, 41.168600594367973 ], [ -81.493838432939199, 41.169031593911761 ], [ -81.493817435177135, 41.169703593136035 ], [ -81.493811436143503, 41.170017592777285 ], [ -81.493784438733499, 41.170793591950343 ], [ -81.493777440259066, 41.171286591308764 ], [ -81.493784440645655, 41.171418591176284 ], [ -81.493812441474446, 41.171649590880499 ], [ -81.493852442182941, 41.171882590582179 ], [ -81.493861442301778, 41.171924590443147 ], [ -81.493906442835396, 41.172120590158187 ], [ -81.494158445804231, 41.173106588635996 ], [ -81.494260447130415, 41.173542588028674 ], [ -81.494283447495803, 41.173666587857085 ], [ -81.494327448490282, 41.173982587411174 ], [ -81.494362449928531, 41.174460586793543 ], [ -81.49438045153974, 41.174942586187512 ], [ -81.494385453604522, 41.175577585434823 ], [ -81.494371455564291, 41.176203584745096 ], [ -81.494359456625347, 41.176512584385534 ], [ -81.494362457932112, 41.176945583855662 ], [ -81.494350459509363, 41.177418583367441 ], [ -81.494349461936736, 41.178157582488595 ], [ -81.494315471159013, 41.181034579149646 ], [ -81.494314474583163, 41.182105577964087 ], [ -81.494324476222928, 41.182593577359505 ], [ -81.494323477197483, 41.182907577025276 ], [ -81.494333479811232, 41.183711576031264 ], [ -81.494334479927758, 41.183779575931666 ], [ -81.494336480583229, 41.183964575760825 ], [ -81.494338484353236, 41.185136574344028 ], [ -81.494348488020862, 41.18630257295942 ], [ -81.494343489092259, 41.186631572614672 ], [ -81.493382490024629, 41.186634573928458 ], [ -81.493293490104378, 41.186640574107919 ], [ -81.493235490223725, 41.186651574164003 ], [ -81.493195490317461, 41.186668574202336 ], [ -81.493008490917092, 41.186805574297225 ], [ -81.492899491234596, 41.186874574386685 ], [ -81.492792491549636, 41.18691357445902 ], [ -81.492679491695924, 41.186935574626055 ], [ -81.492562491827357, 41.186944574741958 ], [ -81.492368491980869, 41.186932575038 ], [ -81.49222549208929, 41.186910575282766 ], [ -81.492186492363075, 41.186990575198635 ], [ -81.492172492604226, 41.187076575175006 ], [ -81.492168492884858, 41.187146575099156 ], [ -81.492172494794389, 41.187736574386733 ], [ -81.49216449683918, 41.188378573627041 ], [ -81.492164497048876, 41.188439573585498 ], [ -81.492164499223293, 41.189122572777279 ], [ -81.493152498322587, 41.189126571400315 ], [ -81.494146497368178, 41.189118569983449 ], [ -81.49415149503119, 41.188423570753244 ], [ -81.494376494840679, 41.188413570498788 ], [ -81.49438849761539, 41.189270569459225 ], [ -81.494389499237329, 41.189798568876448 ], [ -81.494394500549561, 41.190207568396488 ], [ -81.498810496323983, 41.190207562137104 ], [ -81.498934504423275, 41.192747559085689 ], [ -81.499099513048051, 41.195502555690631 ], [ -81.50013151161761, 41.195496554561927 ], [ -81.502687503206786, 41.195482556934245 ], [ -81.502528504199319, 41.195640556621875 ], [ -81.502300505676274, 41.195872556143833 ], [ -81.5017795090466, 41.196403555011337 ], [ -81.501503510784119, 41.19667355445462 ], [ -81.501294512240534, 41.196897554076756 ], [ -81.500631516573989, 41.197570552696178 ], [ -81.500035520406968, 41.198158551475288 ], [ -81.498876525487688, 41.199340551613616 ], [ -81.49781752997022, 41.200402551868393 ], [ -81.497606530875203, 41.200624551872821 ], [ -81.497228532637195, 41.20105355187637 ], [ -81.497009533686622, 41.201316551874363 ], [ -81.496762535040304, 41.201650551791218 ], [ -81.496547536131317, 41.201954551722494 ], [ -81.496387537164296, 41.202196551681681 ], [ -81.496132538816681, 41.202645551486462 ], [ -81.495958540112085, 41.202983551315491 ], [ -81.495462540535229, 41.20297255201104 ], [ -81.495140540898973, 41.202976552504701 ], [ -81.494545541511386, 41.202974553234235 ], [ -81.494042541949327, 41.202968553913642 ], [ -81.493457542595678, 41.20297055471142 ], [ -81.492253543820041, 41.202963556379288 ], [ -81.491795544280691, 41.202964556954008 ], [ -81.490579545500466, 41.202955558655439 ], [ -81.489850546232319, 41.202958559633217 ] ] ] } },
{ "type": "Feature", "properties": { "UNIQUE_ID": "Summit-:-CUY FALLS 5-B (ALO)", "PRECNAME": "CUY FALLS 5-B", "PRECCODE": "ALO", "COUNTYFP": "153", "County": "Summit", "SLDL_DIST": "031", "total_pop": 1429, "age_under18": 283, "age_18_34": 270, "age_35_64": 422, "age_65plus": 454, "pop_hispanic": 0, "pop_white": 1054, "pop_black": 160, "pop_asian": 35, "pct_hispanic": 0.0, "pct_white": 72.3, "pct_black": 11.0, "pct_asian": 2.4, "pct_native": 0.0, "pct_multi": 0.0, "med_hh_income": 64284.0, "pct_bachelors_plus": 42.239678096571026, "pct_no_hs_diploma": 14.32148355493352, "pct_some_college": 19.761371588523442 }, "geometry": { "type": "Polygon", "coordinates": [ [ [ -81.508592393913617, 41.162835603075251 ], [ -81.508580395526053, 41.163440602311553 ], [ -81.508581397742418, 41.164216601406942 ], [ -81.5085903983382, 41.164454601075455 ], [ -81.508581400267076, 41.165143600184045 ], [ -81.508587404110855, 41.166561598460468 ], [ -81.508581407684801, 41.167834596878649 ], [ -81.50857040915804, 41.16837859616259 ], [ -81.508569414289639, 41.17024359379414 ], [ -81.508562416076117, 41.17087959301481 ], [ -81.508567417609157, 41.171455592361013 ], [ -81.508564418750808, 41.171844591809354 ], [ -81.508548419148369, 41.171994591648726 ], [ -81.508546419365928, 41.17205359155318 ], [ -81.508559419379125, 41.172077591519148 ], [ -81.508562419752806, 41.172247591341332 ], [ -81.508559420561483, 41.17252559099888 ], [ -81.508563420921746, 41.172673590762784 ], [ -81.508558423417256, 41.173544589654774 ], [ -81.508553424773027, 41.174051589090126 ], [ -81.508558425688264, 41.174390588645366 ], [ -81.508557428990727, 41.175571587131685 ], [ -81.508563430093844, 41.175994586665084 ], [ -81.508559432135243, 41.176726585740866 ], [ -81.508557437625882, 41.178707583298397 ], [ -81.508556439758209, 41.179504582291408 ], [ -81.508560440794213, 41.179879581816309 ], [ -81.508555442138146, 41.180339581215165 ], [ -81.50855944299137, 41.180683580782855 ], [ -81.508568443752324, 41.180972580471803 ], [ -81.508581444652023, 41.181297580057091 ], [ -81.508587446263419, 41.181901579257087 ], [ -81.508574447836523, 41.182443578641532 ], [ -81.508579449440802, 41.183031577884819 ], [ -81.508587451425399, 41.183786576917939 ], [ -81.508580452563109, 41.184171576487877 ], [ -81.508560453598861, 41.184533576000163 ], [ -81.508516454809666, 41.184916575461585 ], [ -81.508465455791097, 41.185243575022952 ], [ -81.508382457175159, 41.185656574418196 ], [ -81.5082544589945, 41.186158573631204 ], [ -81.508116460428894, 41.186567573025272 ], [ -81.508010461596101, 41.186847572559827 ], [ -81.507849462980616, 41.187206571921699 ], [ -81.507663464772335, 41.187622571242485 ], [ -81.507304467688442, 41.188318569971827 ], [ -81.507288467809687, 41.188338569966795 ], [ -81.50707446960331, 41.188762569266437 ], [ -81.506897471072818, 41.189092568618044 ], [ -81.506532474252523, 41.189815567402931 ], [ -81.505846480171641, 41.191134565093776 ], [ -81.505482483289398, 41.1918485638978 ], [ -81.505119486548736, 41.192537562715003 ], [ -81.504901488327846, 41.19290856210975 ], [ -81.504763489346502, 41.193111561680304 ], [ -81.504680489935538, 41.193240561501938 ], [ -81.50463749027044, 41.193307561345485 ], [ -81.504364492296517, 41.193683560611973 ], [ -81.504129493926854, 41.193972560083658 ], [ -81.503742496469044, 41.194418559136381 ], [ -81.503138500335439, 41.195036557910804 ], [ -81.502687503206786, 41.195482556934245 ], [ -81.50013151161761, 41.195496554561927 ], [ -81.499099513048051, 41.195502555690631 ], [ -81.498934504423275, 41.192747559085689 ], [ -81.498810496323983, 41.190207562137104 ], [ -81.494394500549561, 41.190207568396488 ], [ -81.494389499237329, 41.189798568876448 ], [ -81.49438849761539, 41.189270569459225 ], [ -81.494376494840679, 41.188413570498788 ], [ -81.49415149503119, 41.188423570753244 ], [ -81.494146497368178, 41.189118569983449 ], [ -81.493152498322587, 41.189126571400315 ], [ -81.492164499223293, 41.189122572777279 ], [ -81.492164497048876, 41.188439573585498 ], [ -81.49216449683918, 41.188378573627041 ], [ -81.492172494794389, 41.187736574386733 ], [ -81.492168492884858, 41.187146575099156 ], [ -81.492172492604226, 41.187076575175006 ], [ -81.492186492363075, 41.186990575198635 ], [ -81.49222549208929, 41.186910575282766 ], [ -81.492368491980869, 41.186932575038 ], [ -81.492562491827357, 41.186944574741958 ], [ -81.492679491695924, 41.186935574626055 ], [ -81.492792491549636, 41.18691357445902 ], [ -81.492899491234596, 41.186874574386685 ], [ -81.493008490917092, 41.186805574297225 ], [ -81.493195490317461, 41.186668574202336 ], [ -81.493235490223725, 41.186651574164003 ], [ -81.493293490104378, 41.186640574107919 ], [ -81.493382490024629, 41.186634573928458 ], [ -81.494343489092259, 41.186631572614672 ], [ -81.494348488020862, 41.18630257295942 ], [ -81.494338484353236, 41.185136574344028 ], [ -81.494336480583229, 41.183964575760825 ], [ -81.494334479927758, 41.183779575931666 ], [ -81.494333479811232, 41.183711576031264 ], [ -81.494323477197483, 41.182907577025276 ], [ -81.494324476222928, 41.182593577359505 ], [ -81.494314474583163, 41.182105577964087 ], [ -81.494315471159013, 41.181034579149646 ], [ -81.494349461936736, 41.178157582488595 ], [ -81.494350459509363, 41.177418583367441 ], [ -81.494362457932112, 41.176945583855662 ], [ -81.494359456625347, 41.176512584385534 ], [ -81.494371455564291, 41.176203584745096 ], [ -81.494385453604522, 41.175577585434823 ], [ -81.49438045153974, 41.174942586187512 ], [ -81.494362449928531, 41.174460586793543 ], [ -81.494327448490282, 41.173982587411174 ], [ -81.494283447495803, 41.173666587857085 ], [ -81.494260447130415, 41.173542588028674 ], [ -81.494158445804231, 41.173106588635996 ], [ -81.493906442835396, 41.172120590158187 ], [ -81.493861442301778, 41.171924590443147 ], [ -81.493852442182941, 41.171882590582179 ], [ -81.493812441474446, 41.171649590880499 ], [ -81.493784440645655, 41.171418591176284 ], [ -81.493777440259066, 41.171286591308764 ], [ -81.493784438733499, 41.170793591950343 ], [ -81.493811436143503, 41.170017592777285 ], [ -81.493817435177135, 41.169703593136035 ], [ -81.493838432939199, 41.169031593911761 ], [ -81.493844431601573, 41.168600594367973 ], [ -81.493838430896943, 41.168380594661528 ], [ -81.493814430211486, 41.168182594898028 ], [ -81.493789429763993, 41.168040595135324 ], [ -81.493746429252752, 41.167865595404614 ], [ -81.493710428990852, 41.167756595580805 ], [ -81.493596428149885, 41.167470596117774 ], [ -81.493330426692992, 41.166952597095012 ], [ -81.493253426330867, 41.166809597333213 ], [ -81.49724241833934, 41.165360593033071 ], [ -81.498402416036598, 41.164938591798297 ], [ -81.498635415534039, 41.164853591493738 ], [ -81.498635412753828, 41.163996592516895 ], [ -81.498635411269461, 41.163515593061803 ], [ -81.49828941148769, 41.163510593593536 ], [ -81.498400410454039, 41.163189593762539 ], [ -81.498290410292341, 41.163108594060205 ], [ -81.498247410206318, 41.163069594194255 ], [ -81.49822241001597, 41.163020594303092 ], [ -81.49817740988594, 41.162964594364212 ], [ -81.4981374097258, 41.162886594587498 ], [ -81.49812040944532, 41.162806594659052 ], [ -81.498124408037526, 41.162379595164367 ], [ -81.49812040781886, 41.162305595225376 ], [ -81.498071407445906, 41.162168595497725 ], [ -81.498005407236946, 41.162078595653028 ], [ -81.497830406908164, 41.161935596155445 ], [ -81.497772406692178, 41.16187659628882 ], [ -81.497712406423986, 41.161761596460728 ], [ -81.497687406277294, 41.161703596608724 ], [ -81.497686406096463, 41.161641596670854 ], [ -81.497729405080321, 41.161342596976496 ], [ -81.497765404526746, 41.161177597100497 ], [ -81.497885404455502, 41.161184596853168 ], [ -81.498134404238797, 41.161190596475343 ], [ -81.498430403996636, 41.161189596059522 ], [ -81.498495403879957, 41.161166595937544 ], [ -81.498531403749354, 41.161137595987817 ], [ -81.498560403596144, 41.161093595946753 ], [ -81.498566403252724, 41.160985596122039 ], [ -81.498568402461927, 41.160742596381304 ], [ -81.498557402246647, 41.16065659645048 ], [ -81.498535402052966, 41.160611596568579 ], [ -81.498492402021327, 41.160570596651787 ], [ -81.498474402021614, 41.160562596678517 ], [ -81.498445401964787, 41.16054959679412 ], [ -81.498384401921186, 41.160541596859986 ], [ -81.497882402384121, 41.160533597670607 ], [ -81.497967401088999, 41.160157597908224 ], [ -81.49798640059656, 41.160019598053566 ], [ -81.497990400242116, 41.159911598236718 ], [ -81.49797639963154, 41.159719598446756 ], [ -81.497954399057562, 41.159516598683375 ], [ -81.497958396619694, 41.158768599531605 ], [ -81.498630396154624, 41.1587745985385 ], [ -81.498863395937121, 41.158774598199926 ], [ -81.498993395856061, 41.158774597923511 ], [ -81.499627395330009, 41.158773597022375 ], [ -81.500227394685311, 41.158773596766196 ], [ -81.500968393635574, 41.158772597758528 ], [ -81.502481391368192, 41.158756599871346 ], [ -81.502973390669325, 41.158761600539144 ], [ -81.503831389437224, 41.158758601704974 ], [ -81.505027387769701, 41.158753603296553 ], [ -81.50686538509818, 41.15874660586779 ], [ -81.507601384051711, 41.158740606869387 ], [ -81.508917382024791, 41.158700608677933 ], [ -81.510371379817087, 41.158648610743832 ], [ -81.510210380909697, 41.158951610150815 ], [ -81.509716383862909, 41.15982360839223 ], [ -81.509416385847416, 41.160356607294389 ], [ -81.509220387041452, 41.160706606621034 ], [ -81.509098387864412, 41.160957606138062 ], [ -81.509040388344232, 41.161076605924904 ], [ -81.508991388734671, 41.161183605711372 ], [ -81.508875389653468, 41.161470605166137 ], [ -81.508772390600555, 41.161753604656944 ], [ -81.508703391412524, 41.162016604271081 ], [ -81.508657392061423, 41.162229603974119 ], [ -81.508613393085909, 41.162548603453338 ], [ -81.508592393913617, 41.162835603075251 ] ] ] } },
{ "type": "Feature", "properties": { "UNIQUE_ID": "Summit-:-CUY FALLS 5-C (ALP)", "PRECNAME": "CUY FALLS 5-C", "PRECCODE": "ALP", "COUNTYFP": "153", "County": "Summit", "SLDL_DIST": "031", "total_pop": 1643, "age_under18": 327, "age_18_34": 227, "age_35_64": 505, "age_65plus": 584, "pop_hispanic": 8, "pop_white": 1544, "pop_black": 154, "pop_asian": 0, "pct_hispanic": 0.4, "pct_white": 85.6, "pct_black": 8.5, "pct_asian": 0.0, "pct_native": 0.0, "pct_multi": 0.0, "med_hh_income": 48381.0, "pct_bachelors_plus": 29.435336976320581, "pct_no_hs_diploma": 7.5391621129326047, "pct_some_college": 24.835276259866422 }, "geometry": { "type": "Polygon", "coordinates": [ [ [ -81.510524378572143, 41.158284611441893 ], [ -81.510371379817087, 41.158648610743832 ], [ -81.508917382024791, 41.158700608677933 ], [ -81.507601384051711, 41.158740606869387 ], [ -81.50686538509818, 41.15874660586779 ], [ -81.505027387769701, 41.158753603296553 ], [ -81.503831389437224, 41.158758601704974 ], [ -81.502973390669325, 41.158761600539144 ], [ -81.502481391368192, 41.158756599871346 ], [ -81.500968393635574, 41.158772597758528 ], [ -81.500227394685311, 41.158773596766196 ], [ -81.499627395330009, 41.158773597022375 ], [ -81.498993395856061, 41.158774597923511 ], [ -81.498863395937121, 41.158774598199926 ], [ -81.498630396154624, 41.1587745985385 ], [ -81.497958396619694, 41.158768599531605 ], [ -81.497954399057562, 41.159516598683375 ], [ -81.49797639963154, 41.159719598446756 ], [ -81.497990400242116, 41.159911598236718 ], [ -81.49798640059656, 41.160019598053566 ], [ -81.497967401088999, 41.160157597908224 ], [ -81.497882402384121, 41.160533597670607 ], [ -81.498384401921186, 41.160541596859986 ], [ -81.498445401964787, 41.16054959679412 ], [ -81.498474402021614, 41.160562596678517 ], [ -81.498492402021327, 41.160570596651787 ], [ -81.498535402052966, 41.160611596568579 ], [ -81.498557402246647, 41.16065659645048 ], [ -81.498568402461927, 41.160742596381304 ], [ -81.498566403252724, 41.160985596122039 ], [ -81.498560403596144, 41.161093595946753 ], [ -81.498531403749354, 41.161137595987817 ], [ -81.498495403879957, 41.161166595937544 ], [ -81.498430403996636, 41.161189596059522 ], [ -81.498134404238797, 41.161190596475343 ], [ -81.497885404455502, 41.161184596853168 ], [ -81.497765404526746, 41.161177597100497 ], [ -81.497729405080321, 41.161342596976496 ], [ -81.497686406096463, 41.161641596670854 ], [ -81.497687406277294, 41.161703596608724 ], [ -81.497712406423986, 41.161761596460728 ], [ -81.497772406692178, 41.16187659628882 ], [ -81.497830406908164, 41.161935596155445 ], [ -81.498005407236946, 41.162078595653028 ], [ -81.498071407445906, 41.162168595497725 ], [ -81.49812040781886, 41.162305595225376 ], [ -81.498124408037526, 41.162379595164367 ], [ -81.49812040944532, 41.162806594659052 ], [ -81.4981374097258, 41.162886594587498 ], [ -81.49817740988594, 41.162964594364212 ], [ -81.49822241001597, 41.163020594303092 ], [ -81.498247410206318, 41.163069594194255 ], [ -81.498290410292341, 41.163108594060205 ], [ -81.498400410454039, 41.163189593762539 ], [ -81.49828941148769, 41.163510593593536 ], [ -81.498635411269461, 41.163515593061803 ], [ -81.498635412753828, 41.163996592516895 ], [ -81.495316415461417, 41.163988597516138 ], [ -81.494064416543964, 41.163982599461292 ], [ -81.493570411191897, 41.162212602305857 ], [ -81.492627400779284, 41.158715607851747 ], [ -81.492557400694452, 41.158672607995371 ], [ -81.492501400484301, 41.15862360812865 ], [ -81.492980399252104, 41.158327607761784 ], [ -81.493699397120949, 41.157875607170318 ], [ -81.495661391681168, 41.156645605548654 ], [ -81.495848391144833, 41.156535605390673 ], [ -81.496164390308763, 41.156332605185398 ], [ -81.497507386541628, 41.155486604016488 ], [ -81.497997385171431, 41.155181603614395 ], [ -81.49822738448826, 41.155033603428528 ], [ -81.498839382788901, 41.154651602919067 ], [ -81.499076382098778, 41.154503602693069 ], [ -81.500089379315881, 41.153863602117475 ], [ -81.500953376527974, 41.153328604017808 ], [ -81.500798376220473, 41.153151603987318 ], [ -81.500739375909063, 41.153058604035799 ], [ -81.500718375813705, 41.153011604000575 ], [ -81.500704375741989, 41.152964604070597 ], [ -81.500688375441612, 41.152870604111882 ], [ -81.500689375086594, 41.152777604275897 ], [ -81.500694374931228, 41.152730604358048 ], [ -81.50072337463682, 41.152637604505863 ], [ -81.500743374481289, 41.152591604570063 ], [ -81.50077137427256, 41.152545604622794 ], [ -81.500807374131043, 41.152498604774891 ], [ -81.50099437346104, 41.15233460524194 ], [ -81.500820373042728, 41.152175605113221 ], [ -81.500759373057406, 41.152136605091854 ], [ -81.500698372974668, 41.152106605065036 ], [ -81.500636373027362, 41.152089604946092 ], [ -81.500575373028369, 41.152077604907113 ], [ -81.500513373139839, 41.152071604784389 ], [ -81.499535373950337, 41.152067604807989 ], [ -81.499542373287497, 41.151834605067123 ], [ -81.499543371255484, 41.151195605784338 ], [ -81.49984737106989, 41.151203605314684 ], [ -81.502625368226958, 41.151216608874975 ], [ -81.502922367905128, 41.151211609294251 ], [ -81.503036367753907, 41.15121660951862 ], [ -81.503613367175177, 41.151222610292962 ], [ -81.503983366824059, 41.151222610876594 ], [ -81.504481366191129, 41.151215611597195 ], [ -81.504786365955511, 41.15122061207898 ], [ -81.506064364524093, 41.151217613888022 ], [ -81.506068363974023, 41.151004614227311 ], [ -81.506069361258639, 41.150070615326875 ], [ -81.506076356898419, 41.148533617222192 ], [ -81.506083356430054, 41.148388617432161 ], [ -81.506095356178335, 41.148311617468416 ], [ -81.506132355913792, 41.148227617652289 ], [ -81.506373355868647, 41.148305617920741 ], [ -81.506558355886696, 41.148341618163514 ], [ -81.506681355769359, 41.148357618337684 ], [ -81.506866355613582, 41.14837261855299 ], [ -81.507829354865592, 41.148415620012933 ], [ -81.507937354851222, 41.148416620152844 ], [ -81.508048354746862, 41.148412620335087 ], [ -81.508296354419073, 41.148387620687288 ], [ -81.508417354195572, 41.148368620925567 ], [ -81.508523354082882, 41.148344621090168 ], [ -81.508523357376518, 41.14954861959211 ], [ -81.50851935854557, 41.149955619127667 ], [ -81.508518358859845, 41.150092618870687 ], [ -81.50852436018188, 41.150561618311251 ], [ -81.508527360963726, 41.150841617959401 ], [ -81.508547361768947, 41.151145617650478 ], [ -81.508625363820769, 41.151901616767958 ], [ -81.508673364787114, 41.15229461642771 ], [ -81.508672364870321, 41.152316616370292 ], [ -81.508699365146612, 41.152424616248311 ], [ -81.508786365509437, 41.152621616132507 ], [ -81.508841365778977, 41.15273461610591 ], [ -81.508941366326184, 41.152941615990493 ], [ -81.509110366972578, 41.153268615797813 ], [ -81.509152367087282, 41.153347615717323 ], [ -81.509287367648071, 41.153576615709326 ], [ -81.509395367932399, 41.153740615570158 ], [ -81.509523368209543, 41.153921615568983 ], [ -81.509753368809115, 41.154213615552528 ], [ -81.509880369006666, 41.15437561549399 ], [ -81.509993369286747, 41.154506615527389 ], [ -81.510169369754436, 41.154770615421349 ], [ -81.510352370412122, 41.155124615208187 ], [ -81.510443370888993, 41.155338615088475 ], [ -81.510542371440721, 41.155599614873154 ], [ -81.510624372037555, 41.155848614679641 ], [ -81.510676372569009, 41.156050614518307 ], [ -81.510746373602132, 41.156501614016555 ], [ -81.510768374501311, 41.156832613650373 ], [ -81.510765374935076, 41.157014613370258 ], [ -81.510749375655593, 41.157289613070361 ], [ -81.510720376320563, 41.157499612686713 ], [ -81.510679376857126, 41.157717612388971 ], [ -81.51059537791555, 41.158049611824246 ], [ -81.510524378572143, 41.158284611441893 ] ] ] } },
{ "type": "Feature", "properties": { "UNIQUE_ID": "Summit-:-CUY FALLS 5-D (ALQ)", "PRECNAME": "CUY FALLS 5-D", "PRECCODE": "ALQ", "COUNTYFP": "153", "County": "Summit", "SLDL_DIST": "031", "total_pop": 1440, "age_under18": 281, "age_18_34": 312, "age_35_64": 546, "age_65plus": 301, "pop_hispanic": 122, "pop_white": 1533, "pop_black": 0, "pop_asian": 0, "pct_hispanic": 7.0, "pct_white": 88.2, "pct_black": 0.0, "pct_asian": 0.0, "pct_native": 0.0, "pct_multi": 0.0, "med_hh_income": 90875.0, "pct_bachelors_plus": 24.821859819569745, "pct_no_hs_diploma": 1.4914642609299096, "pct_some_college": 29.157321304649546 }, "geometry": { "type": "Polygon", "coordinates": [ [ [ -81.505844355736826, 41.148087617377911 ], [ -81.506132355913792, 41.148227617652289 ], [ -81.506095356178335, 41.148311617468416 ], [ -81.506083356430054, 41.148388617432161 ], [ -81.506076356898419, 41.148533617222192 ], [ -81.506069361258639, 41.150070615326875 ], [ -81.506068363974023, 41.151004614227311 ], [ -81.506064364524093, 41.151217613888022 ], [ -81.504786365955511, 41.15122061207898 ], [ -81.504481366191129, 41.151215611597195 ], [ -81.503983366824059, 41.151222610876594 ], [ -81.503613367175177, 41.151222610292962 ], [ -81.503036367753907, 41.15121660951862 ], [ -81.502922367905128, 41.151211609294251 ], [ -81.502625368226958, 41.151216608874975 ], [ -81.49984737106989, 41.151203605314684 ], [ -81.499543371255484, 41.151195605784338 ], [ -81.499542373287497, 41.151834605067123 ], [ -81.499535373950337, 41.152067604807989 ], [ -81.500513373139839, 41.152071604784389 ], [ -81.500575373028369, 41.152077604907113 ], [ -81.500636373027362, 41.152089604946092 ], [ -81.500698372974668, 41.152106605065036 ], [ -81.500759373057406, 41.152136605091854 ], [ -81.500820373042728, 41.152175605113221 ], [ -81.50099437346104, 41.15233460524194 ], [ -81.500807374131043, 41.152498604774891 ], [ -81.50077137427256, 41.152545604622794 ], [ -81.500743374481289, 41.152591604570063 ], [ -81.50072337463682, 41.152637604505863 ], [ -81.500694374931228, 41.152730604358048 ], [ -81.500689375086594, 41.152777604275897 ], [ -81.500688375441612, 41.152870604111882 ], [ -81.500704375741989, 41.152964604070597 ], [ -81.500718375813705, 41.153011604000575 ], [ -81.500739375909063, 41.153058604035799 ], [ -81.500798376220473, 41.153151603987318 ], [ -81.500953376527974, 41.153328604017808 ], [ -81.500089379315881, 41.153863602117475 ], [ -81.499076382098778, 41.154503602693069 ], [ -81.498839382788901, 41.154651602919067 ], [ -81.49822738448826, 41.155033603428528 ], [ -81.497997385171431, 41.155181603614395 ], [ -81.497507386541628, 41.155486604016488 ], [ -81.496164390308763, 41.156332605185398 ], [ -81.495848391144833, 41.156535605390673 ], [ -81.495661391681168, 41.156645605548654 ], [ -81.493699397120949, 41.157875607170318 ], [ -81.492980399252104, 41.158327607761784 ], [ -81.492501400484301, 41.15862360812865 ], [ -81.491587403168509, 41.159206608827738 ], [ -81.490628405907643, 41.159808609622957 ], [ -81.490611405947874, 41.159822609574057 ], [ -81.490546406093358, 41.15986060969545 ], [ -81.490479406289523, 41.159906609693259 ], [ -81.489744408380062, 41.160374610280691 ], [ -81.489630407668145, 41.160130610706339 ], [ -81.489605407441985, 41.160036610899553 ], [ -81.489594406969218, 41.15989661106844 ], [ -81.489596405567156, 41.159448611573765 ], [ -81.489597403981151, 41.158962612135575 ], [ -81.489597401341214, 41.158174613086445 ], [ -81.489606398762675, 41.157361614021937 ], [ -81.489606396200969, 41.156566615037725 ], [ -81.489610393598795, 41.155781615963058 ], [ -81.489614391880266, 41.155247616579985 ], [ -81.48960639098641, 41.154978616867368 ], [ -81.489609390420256, 41.154780617091227 ], [ -81.489603388152773, 41.154096617899356 ], [ -81.489604387103171, 41.153753618368064 ], [ -81.489597385305615, 41.153198619008634 ], [ -81.489591383181917, 41.152560619741905 ], [ -81.489526382401436, 41.152285620177665 ], [ -81.489326380664068, 41.15170262117821 ], [ -81.489231379816388, 41.151417621734261 ], [ -81.489138379001545, 41.151168622112884 ], [ -81.489450378809877, 41.151153621672968 ], [ -81.489820378516654, 41.151155621127678 ], [ -81.490089378306237, 41.151166620673571 ], [ -81.490376378059253, 41.151158620219782 ], [ -81.491145377503784, 41.15116561897112 ], [ -81.492215376670813, 41.151166617343648 ], [ -81.492429376537288, 41.151164616982989 ], [ -81.492845376187432, 41.151171616304204 ], [ -81.493271375858853, 41.151169615680615 ], [ -81.493559375737462, 41.151171615177141 ], [ -81.493832375527035, 41.151177614738259 ], [ -81.494326375124615, 41.151175614041705 ], [ -81.495386374312432, 41.151179612368026 ], [ -81.495837374055498, 41.151185611625777 ], [ -81.49644237352075, 41.151188610657762 ], [ -81.496884373187854, 41.151190609940059 ], [ -81.497507372772972, 41.151187609035915 ], [ -81.498057372396545, 41.151193608143402 ], [ -81.498312372158651, 41.151191607747514 ], [ -81.498632371870158, 41.151188607231724 ], [ -81.498641370775317, 41.150846607626825 ], [ -81.498645368128834, 41.150006608533452 ], [ -81.498651364839077, 41.148996609760012 ], [ -81.498643364568807, 41.148902609856897 ], [ -81.498655362625385, 41.14829661049194 ], [ -81.498658358885621, 41.147130611825297 ], [ -81.498664357506371, 41.146703612321517 ], [ -81.498679350527539, 41.14451761481638 ], [ -81.498680348955702, 41.144020615408152 ], [ -81.498707348167912, 41.143770615630203 ], [ -81.49897034840302, 41.143923615026793 ], [ -81.499556349183791, 41.14428061372039 ], [ -81.499826349448526, 41.144443613048345 ], [ -81.49998034959583, 41.144528612745944 ], [ -81.500123349817045, 41.144623612804445 ], [ -81.501134350984444, 41.145238613628138 ], [ -81.501465351454826, 41.145434613881456 ], [ -81.502354352324019, 41.145971614659494 ], [ -81.502473352534722, 41.146037614763522 ], [ -81.502936352973734, 41.146327615073112 ], [ -81.503007353040672, 41.146366615179581 ], [ -81.503278353320724, 41.146534615348223 ], [ -81.503497353588102, 41.146666615572784 ], [ -81.5036803537715, 41.146782615662644 ], [ -81.50395235397572, 41.146942615921596 ], [ -81.504196354306544, 41.1470946161526 ], [ -81.50484235482071, 41.147480616591267 ], [ -81.505511355508418, 41.147889617133991 ], [ -81.505844355736826, 41.148087617377911 ] ] ] } },
{ "type": "Feature", "properties": { "UNIQUE_ID": "Summit-:-CUY FALLS 6-A (ALV)", "PRECNAME": "CUY FALLS 6-A", "PRECCODE": "ALV", "COUNTYFP": "153", "County": "Summit", "SLDL_DIST": "031", "total_pop": 1466, "age_under18": 307, "age_18_34": 312, "age_35_64": 574, "age_65plus": 273, "pop_hispanic": 43, "pop_white": 1401, "pop_black": 21, "pop_asian": 11, "pct_hispanic": 2.9, "pct_white": 95.1, "pct_black": 1.4, "pct_asian": 0.7, "pct_native": 0.0, "pct_multi": 0.0, "med_hh_income": 67479.0, "pct_bachelors_plus": 33.691683708248121, "pct_no_hs_diploma": 0.0, "pct_some_college": 40.681663258350376 }, "geometry": { "type": "Polygon", "coordinates": [ [ [ -81.489630407668145, 41.160130610706339 ], [ -81.489744408380062, 41.160374610280691 ], [ -81.489177409989551, 41.160714610758973 ], [ -81.488886410832251, 41.160901610986159 ], [ -81.487624414238326, 41.161658612004175 ], [ -81.487011416026547, 41.162051612489549 ], [ -81.486582417204247, 41.162286612833938 ], [ -81.485845419287031, 41.162734613384522 ], [ -81.48562741979903, 41.162857613610782 ], [ -81.485466420200879, 41.162932613734554 ], [ -81.485329420431611, 41.162986613911904 ], [ -81.485160420728562, 41.163036614071068 ], [ -81.485051420972297, 41.163061614180677 ], [ -81.484950421107641, 41.1630786143348 ], [ -81.484851421246191, 41.163087614497996 ], [ -81.484513421554041, 41.163114614986512 ], [ -81.483500422697205, 41.163194616421194 ], [ -81.482733423447002, 41.163255617484239 ], [ -81.480913425582386, 41.163435620014802 ], [ -81.479692426923634, 41.163541621783857 ], [ -81.479405427274784, 41.16356662211912 ], [ -81.478396428326633, 41.163646623550825 ], [ -81.47815942861061, 41.163662623968484 ], [ -81.477914428784572, 41.163653624297574 ], [ -81.477607428932373, 41.163632624820011 ], [ -81.477248428993335, 41.163575625458527 ], [ -81.477195426310971, 41.162721626528189 ], [ -81.477158423987888, 41.162023627465615 ], [ -81.477093421899923, 41.161360628355887 ], [ -81.477046420984436, 41.161073628872821 ], [ -81.476883418239709, 41.160205630159844 ], [ -81.47675741586967, 41.15948263127472 ], [ -81.47669841496409, 41.159177631726301 ], [ -81.476700414827945, 41.159145631725558 ], [ -81.476661414242045, 41.158946632091698 ], [ -81.478000413190927, 41.158947630013536 ], [ -81.477997410568733, 41.158147631039022 ], [ -81.478006407931886, 41.157360631973333 ], [ -81.477998407188466, 41.157135632263454 ], [ -81.477999405284322, 41.156556633003362 ], [ -81.478003402708453, 41.15576563395058 ], [ -81.477998400058155, 41.154969634889909 ], [ -81.480794397836675, 41.154965630574772 ], [ -81.480787398485063, 41.155168630315153 ], [ -81.480786399699397, 41.155526629878089 ], [ -81.480792400482215, 41.155763629628261 ], [ -81.480788401217495, 41.155993629322566 ], [ -81.480793403133347, 41.156556628617665 ], [ -81.480790404720651, 41.157066628028545 ], [ -81.480796405727517, 41.157355627632789 ], [ -81.483211403752776, 41.15734962397606 ], [ -81.483508403603707, 41.157353623456885 ], [ -81.48376740331986, 41.157349623092898 ], [ -81.48582840177157, 41.157355619875958 ], [ -81.487459400490721, 41.157360617375979 ], [ -81.489606398762675, 41.157361614021937 ], [ -81.489597401341214, 41.158174613086445 ], [ -81.489597403981151, 41.158962612135575 ], [ -81.489596405567156, 41.159448611573765 ], [ -81.489594406969218, 41.15989661106844 ], [ -81.489605407441985, 41.160036610899553 ], [ -81.489630407668145, 41.160130610706339 ] ] ] } },
{ "type": "Feature", "properties": { "UNIQUE_ID": "Summit-:-CUY FALLS 6-B (ALW)", "PRECNAME": "CUY FALLS 6-B", "PRECCODE": "ALW", "COUNTYFP": "153", "County": "Summit", "SLDL_DIST": "031", "total_pop": 1538, "age_under18": 269, "age_18_34": 337, "age_35_64": 594, "age_65plus": 338, "pop_hispanic": 21, "pop_white": 1305, "pop_black": 99, "pop_asian": 0, "pct_hispanic": 1.4, "pct_white": 87.2, "pct_black": 6.6, "pct_asian": 0.0, "pct_native": 0.0, "pct_multi": 0.0, "med_hh_income": 71867.0, "pct_bachelors_plus": 33.439220779220776, "pct_no_hs_diploma": 9.9806493506493492, "pct_some_college": 32.010779220779227 }, "geometry": { "type": "Polygon", "coordinates": [ [ [ -81.478000413190927, 41.158947630013536 ], [ -81.476661414242045, 41.158946632091698 ], [ -81.476700414827945, 41.159145631725558 ], [ -81.47669841496409, 41.159177631726301 ], [ -81.47675741586967, 41.15948263127472 ], [ -81.476883418239709, 41.160205630159844 ], [ -81.477046420984436, 41.161073628872821 ], [ -81.477093421899923, 41.161360628355887 ], [ -81.477158423987888, 41.162023627465615 ], [ -81.477195426310971, 41.162721626528189 ], [ -81.477248428993335, 41.163575625458527 ], [ -81.476243429278682, 41.163379627171487 ], [ -81.47584942936264, 41.163313627882459 ], [ -81.475172429513435, 41.163198629022425 ], [ -81.474456429585118, 41.16306363029949 ], [ -81.474425429624461, 41.163057630335132 ], [ -81.473957429794595, 41.162968631194381 ], [ -81.473782429748738, 41.162928631465711 ], [ -81.473234429759515, 41.162802632476158 ], [ -81.4724194304641, 41.162801633746099 ], [ -81.47195843093337, 41.162838634369081 ], [ -81.471600431434581, 41.162899634804077 ], [ -81.47140243170999, 41.162932635096027 ], [ -81.470772432878704, 41.163115635823289 ], [ -81.470454433538549, 41.163250636094297 ], [ -81.470149434260094, 41.163397636401299 ], [ -81.469571435996286, 41.163762636784838 ], [ -81.469337436732516, 41.163927636991204 ], [ -81.469270436971584, 41.163976636989425 ], [ -81.468837431081198, 41.162130640047373 ], [ -81.468689429153656, 41.161501641006659 ], [ -81.468511426730259, 41.160720642314388 ], [ -81.468462425977862, 41.160492642676267 ], [ -81.468387424654807, 41.160086643339397 ], [ -81.468340423341843, 41.159690643844542 ], [ -81.468319422156839, 41.159327644337331 ], [ -81.468325420813542, 41.158927644867248 ], [ -81.468346419840216, 41.158637645218008 ], [ -81.468381418846022, 41.158337645558603 ], [ -81.468419418047645, 41.158114645792779 ], [ -81.468474417053102, 41.157845646048507 ], [ -81.468568415778378, 41.157486646375574 ], [ -81.46873541394757, 41.156976646715812 ], [ -81.46909541024425, 41.155958647445125 ], [ -81.469350407659647, 41.155238648044985 ], [ -81.470453396503515, 41.152137650202192 ], [ -81.469490397626231, 41.152251651598178 ], [ -81.469186397785251, 41.152243652121776 ], [ -81.468831398018878, 41.152241652625868 ], [ -81.468853392339255, 41.150544654739782 ], [ -81.468737385830451, 41.148563657457125 ], [ -81.468686385963821, 41.148588657505449 ], [ -81.46866338603725, 41.148595657580621 ], [ -81.468370386663523, 41.148719657845405 ], [ -81.468105387195777, 41.148817658206283 ], [ -81.467732385740334, 41.148326659354069 ], [ -81.471630374180691, 41.145714656498434 ], [ -81.471722374641971, 41.145865656184505 ], [ -81.472090376505605, 41.146509654750353 ], [ -81.472249377164331, 41.146758654240799 ], [ -81.472323377605463, 41.146889653944307 ], [ -81.472407378026773, 41.147038653653233 ], [ -81.472531378539742, 41.147227653220078 ], [ -81.472614378932832, 41.147367652867594 ], [ -81.472738379489513, 41.147549652469095 ], [ -81.47283438004547, 41.147743652066232 ], [ -81.472992380830036, 41.148024651407482 ], [ -81.473111381464207, 41.14824965099664 ], [ -81.473284382526856, 41.148607650263529 ], [ -81.473331382865382, 41.14870465001605 ], [ -81.473438383481536, 41.148923649608371 ], [ -81.473525384188392, 41.149149649154126 ], [ -81.473756386475912, 41.149880647914244 ], [ -81.473807387064781, 41.150084647565919 ], [ -81.473884387726031, 41.150301647173073 ], [ -81.474100389956376, 41.151000645933031 ], [ -81.474141390346361, 41.151141645695787 ], [ -81.474194390971078, 41.151329645425669 ], [ -81.474273391625516, 41.151564645021644 ], [ -81.474338392373369, 41.151782644642353 ], [ -81.474429393242943, 41.15209464408958 ], [ -81.474502393925562, 41.152312643706274 ], [ -81.474598394989926, 41.152629643157404 ], [ -81.474722396144372, 41.153014642498199 ], [ -81.474845397400713, 41.153417641805198 ], [ -81.475122397096399, 41.15340664138013 ], [ -81.477715395065488, 41.153398637347699 ], [ -81.477994394856637, 41.153407636859271 ], [ -81.477989395642794, 41.153650636579641 ], [ -81.477994397393047, 41.154180635885027 ], [ -81.48079039525436, 41.154176631529822 ], [ -81.48078639699709, 41.154701630953788 ], [ -81.480794397836675, 41.154965630574772 ], [ -81.477998400058155, 41.154969634889909 ], [ -81.478003402708453, 41.15576563395058 ], [ -81.477999405284322, 41.156556633003362 ], [ -81.477998407188466, 41.157135632263454 ], [ -81.478006407931886, 41.157360631973333 ], [ -81.477997410568733, 41.158147631039022 ], [ -81.478000413190927, 41.158947630013536 ] ] ] } },
{ "type": "Feature", "properties": { "UNIQUE_ID": "Summit-:-CUY FALLS 6-C (ALY)", "PRECNAME": "CUY FALLS 6-C", "PRECCODE": "ALY", "COUNTYFP": "153", "County": "Summit", "SLDL_DIST": "031", "total_pop": 1527, "age_under18": 324, "age_18_34": 407, "age_35_64": 553, "age_65plus": 243, "pop_hispanic": 0, "pop_white": 1184, "pop_black": 12, "pop_asian": 25, "pct_hispanic": 0.0, "pct_white": 93.3, "pct_black": 0.9, "pct_asian": 2.0, "pct_native": 0.0, "pct_multi": 0.0, "med_hh_income": 69005.0, "pct_bachelors_plus": 35.63451211525868, "pct_no_hs_diploma": 2.9423706614276357, "pct_some_college": 27.263719711853305 }, "geometry": { "type": "Polygon", "coordinates": [ [ [ -81.489027378087201, 41.150838622698778 ], [ -81.489138379001545, 41.151168622112884 ], [ -81.489231379816388, 41.151417621734261 ], [ -81.489326380664068, 41.15170262117821 ], [ -81.489526382401436, 41.152285620177665 ], [ -81.489591383181917, 41.152560619741905 ], [ -81.489597385305615, 41.153198619008634 ], [ -81.489604387103171, 41.153753618368064 ], [ -81.489603388152773, 41.154096617899356 ], [ -81.489609390420256, 41.154780617091227 ], [ -81.48960639098641, 41.154978616867368 ], [ -81.489614391880266, 41.155247616579985 ], [ -81.489610393598795, 41.155781615963058 ], [ -81.489606396200969, 41.156566615037725 ], [ -81.489606398762675, 41.157361614021937 ], [ -81.487459400490721, 41.157360617375979 ], [ -81.48582840177157, 41.157355619875958 ], [ -81.48376740331986, 41.157349623092898 ], [ -81.483508403603707, 41.157353623456885 ], [ -81.483211403752776, 41.15734962397606 ], [ -81.480796405727517, 41.157355627632789 ], [ -81.480790404720651, 41.157066628028545 ], [ -81.480793403133347, 41.156556628617665 ], [ -81.480788401217495, 41.155993629322566 ], [ -81.480792400482215, 41.155763629628261 ], [ -81.480786399699397, 41.155526629878089 ], [ -81.480787398485063, 41.155168630315153 ], [ -81.480794397836675, 41.154965630574772 ], [ -81.48078639699709, 41.154701630953788 ], [ -81.48079039525436, 41.154176631529822 ], [ -81.481099395046854, 41.154173631123825 ], [ -81.482025394265762, 41.154174629658087 ], [ -81.482583393856231, 41.154169628813619 ], [ -81.482658393778166, 41.154154628640391 ], [ -81.482723393647689, 41.15413262862829 ], [ -81.482350391939846, 41.153548629897088 ], [ -81.482205391600118, 41.153378630373183 ], [ -81.482069391075981, 41.153213630785963 ], [ -81.481727389973955, 41.152796631827769 ], [ -81.481549389529164, 41.152592632361866 ], [ -81.481310388716778, 41.152302633081916 ], [ -81.481141388183843, 41.152091633559174 ], [ -81.480708386753747, 41.151578634859455 ], [ -81.480259385389118, 41.151036636285653 ], [ -81.479998384513976, 41.150725637017239 ], [ -81.479859384077756, 41.150553637506732 ], [ -81.479688383527616, 41.150352637989549 ], [ -81.479677383494362, 41.150334638059185 ], [ -81.479647383393157, 41.150305638083381 ], [ -81.47945838283961, 41.150070638660246 ], [ -81.479273382216292, 41.149849639291538 ], [ -81.479501381672947, 41.149754639032778 ], [ -81.479936380686141, 41.149544638612902 ], [ -81.480351379703819, 41.149349638214012 ], [ -81.480672378954608, 41.14919063788188 ], [ -81.480930378628472, 41.149159637462354 ], [ -81.481671378132546, 41.149149636321752 ], [ -81.482131377759217, 41.149136635646492 ], [ -81.482129378619206, 41.149412635255565 ], [ -81.482136380053163, 41.149862634765775 ], [ -81.48214938048811, 41.149989634572464 ], [ -81.483124379715903, 41.149980632994804 ], [ -81.483448379427173, 41.149971632557865 ], [ -81.484189378865324, 41.14996063135937 ], [ -81.485054378232121, 41.149958630043024 ], [ -81.485731377690229, 41.149960628990549 ], [ -81.488357375762305, 41.149960624798645 ], [ -81.488726375400248, 41.149955624274824 ], [ -81.488905376904256, 41.15046362338817 ], [ -81.489027378087201, 41.150838622698778 ] ] ] } },
{ "type": "Feature", "properties": { "UNIQUE_ID": "Summit-:-CUY FALLS 6-D (BAN)", "PRECNAME": "CUY FALLS 6-D", "PRECCODE": "BAN", "COUNTYFP": "153", "County": "Summit", "SLDL_DIST": "031", "total_pop": 1567, "age_under18": 263, "age_18_34": 414, "age_35_64": 628, "age_65plus": 262, "pop_hispanic": 17, "pop_white": 1261, "pop_black": 138, "pop_asian": 101, "pct_hispanic": 1.2, "pct_white": 86.6, "pct_black": 9.5, "pct_asian": 6.9, "pct_native": 0.0, "pct_multi": 0.0, "med_hh_income": 64333.0, "pct_bachelors_plus": 39.428788839568803, "pct_no_hs_diploma": 1.2263157894736842, "pct_some_college": 32.196892834495877 }, "geometry": { "type": "Polygon", "coordinates": [ [ [ -81.477003358875862, 41.142279652224836 ], [ -81.476758361182448, 41.142924651845668 ], [ -81.477038360303979, 41.142702651685276 ], [ -81.477540358706932, 41.142324651294203 ], [ -81.477743359074765, 41.142483650748801 ], [ -81.478371360166946, 41.142943649168984 ], [ -81.478543360564231, 41.143102648728714 ], [ -81.47873336102036, 41.143285648196908 ], [ -81.478993361610989, 41.143521647454428 ], [ -81.479136361901411, 41.143662647067657 ], [ -81.479307362451763, 41.143850646548131 ], [ -81.479467362905126, 41.144018646116798 ], [ -81.479775363689228, 41.144351645261878 ], [ -81.480130364717283, 41.14472864419146 ], [ -81.480289365186209, 41.144912643736625 ], [ -81.480448365714736, 41.145104643211901 ], [ -81.480488365944325, 41.145197643086604 ], [ -81.480526366397484, 41.145338642768905 ], [ -81.480532366779045, 41.145431642662892 ], [ -81.480538368296365, 41.145898642097755 ], [ -81.480547368972296, 41.146122641786633 ], [ -81.480545369952338, 41.146432641458532 ], [ -81.480562373573051, 41.147537640069189 ], [ -81.48056837619248, 41.148325639100804 ], [ -81.480582378390025, 41.148978638262435 ], [ -81.480672378954608, 41.14919063788188 ], [ -81.480351379703819, 41.149349638214012 ], [ -81.479936380686141, 41.149544638612902 ], [ -81.479501381672947, 41.149754639032778 ], [ -81.479273382216292, 41.149849639291538 ], [ -81.47945838283961, 41.150070638660246 ], [ -81.479647383393157, 41.150305638083381 ], [ -81.479677383494362, 41.150334638059185 ], [ -81.479688383527616, 41.150352637989549 ], [ -81.479859384077756, 41.150553637506732 ], [ -81.479998384513976, 41.150725637017239 ], [ -81.480259385389118, 41.151036636285653 ], [ -81.480708386753747, 41.151578634859455 ], [ -81.481141388183843, 41.152091633559174 ], [ -81.481310388716778, 41.152302633081916 ], [ -81.481549389529164, 41.152592632361866 ], [ -81.481727389973955, 41.152796631827769 ], [ -81.482069391075981, 41.153213630785963 ], [ -81.482205391600118, 41.153378630373183 ], [ -81.482350391939846, 41.153548629897088 ], [ -81.482723393647689, 41.15413262862829 ], [ -81.482658393778166, 41.154154628640391 ], [ -81.482583393856231, 41.154169628813619 ], [ -81.482025394265762, 41.154174629658087 ], [ -81.481099395046854, 41.154173631123825 ], [ -81.48079039525436, 41.154176631529822 ], [ -81.477994397393047, 41.154180635885027 ], [ -81.477989395642794, 41.153650636579641 ], [ -81.477994394856637, 41.153407636859271 ], [ -81.477715395065488, 41.153398637347699 ], [ -81.475122397096399, 41.15340664138013 ], [ -81.474845397400713, 41.153417641805198 ], [ -81.474722396144372, 41.153014642498199 ], [ -81.474598394989926, 41.152629643157404 ], [ -81.474502393925562, 41.152312643706274 ], [ -81.474429393242943, 41.15209464408958 ], [ -81.474338392373369, 41.151782644642353 ], [ -81.474273391625516, 41.151564645021644 ], [ -81.474194390971078, 41.151329645425669 ], [ -81.474141390346361, 41.151141645695787 ], [ -81.474100389956376, 41.151000645933031 ], [ -81.473884387726031, 41.150301647173073 ], [ -81.473807387064781, 41.150084647565919 ], [ -81.473756386475912, 41.149880647914244 ], [ -81.473525384188392, 41.149149649154126 ], [ -81.473438383481536, 41.148923649608371 ], [ -81.473331382865382, 41.14870465001605 ], [ -81.473284382526856, 41.148607650263529 ], [ -81.473111381464207, 41.14824965099664 ], [ -81.472992380830036, 41.148024651407482 ], [ -81.47283438004547, 41.147743652066232 ], [ -81.472738379489513, 41.147549652469095 ], [ -81.472614378932832, 41.147367652867594 ], [ -81.472531378539742, 41.147227653220078 ], [ -81.472407378026773, 41.147038653653233 ], [ -81.472323377605463, 41.146889653944307 ], [ -81.472249377164331, 41.146758654240799 ], [ -81.472090376505605, 41.146509654750353 ], [ -81.471722374641971, 41.145865656184505 ], [ -81.471630374180691, 41.145714656498434 ], [ -81.472524371672492, 41.145140655826808 ], [ -81.472834370793734, 41.144953655583123 ], [ -81.473140369400824, 41.144604655470019 ], [ -81.47473436208098, 41.142753655298812 ], [ -81.475534358518161, 41.141854655160969 ], [ -81.477890351485868, 41.140212653353132 ], [ -81.478418349829354, 41.139830652938052 ], [ -81.478222350789522, 41.140089652946664 ], [ -81.478158351157731, 41.140174652956375 ], [ -81.477887352670848, 41.140569652880814 ], [ -81.477644354119207, 41.140977652833747 ], [ -81.477192357572477, 41.141907652397443 ], [ -81.477003358875862, 41.142279652224836 ] ] ] } },
{ "type": "Feature", "properties": { "UNIQUE_ID": "Summit-:-CUY FALLS 7-A (AMC)", "PRECNAME": "CUY FALLS 7-A", "PRECCODE": "AMC", "COUNTYFP": "153", "County": "Summit", "SLDL_DIST": "031", "total_pop": 1817, "age_under18": 246, "age_18_34": 667, "age_35_64": 634, "age_65plus": 270, "pop_hispanic": 58, "pop_white": 1290, "pop_black": 64, "pop_asian": 15, "pct_hispanic": 3.6, "pct_white": 80.1, "pct_black": 4.0, "pct_asian": 0.9, "pct_native": 0.0, "pct_multi": 0.0, "med_hh_income": 57654.0, "pct_bachelors_plus": 34.767872807017554, "pct_no_hs_diploma": 4.272368421052632, "pct_some_college": 28.551644736842103 }, "geometry": { "type": "Polygon", "coordinates": [ [ [ -81.48174732718897, 41.133646655134775 ], [ -81.482149327117838, 41.133690654453879 ], [ -81.481639335756199, 41.136233652187563 ], [ -81.480820342071823, 41.137975651389425 ], [ -81.480735342696519, 41.138153651323286 ], [ -81.478418349829354, 41.139830652938052 ], [ -81.477890351485868, 41.140212653353132 ], [ -81.475534358518161, 41.141854655160969 ], [ -81.47473436208098, 41.142753655298812 ], [ -81.473140369400824, 41.144604655470019 ], [ -81.472834370793734, 41.144953655583123 ], [ -81.472524371672492, 41.145140655826808 ], [ -81.471630374180691, 41.145714656498434 ], [ -81.467732385740334, 41.148326659354069 ], [ -81.467541385089731, 41.148069660000523 ], [ -81.467424384552373, 41.147893660385606 ], [ -81.468022383199127, 41.147634659828341 ], [ -81.468084383118295, 41.147600659742025 ], [ -81.468147382949425, 41.147559659701372 ], [ -81.468201382777949, 41.147515659711416 ], [ -81.468248382514119, 41.147468659672391 ], [ -81.468268382418785, 41.147436659633058 ], [ -81.468284382347008, 41.147422659626422 ], [ -81.468335382036486, 41.147329659690691 ], [ -81.468360381660901, 41.147236659783658 ], [ -81.468367381463764, 41.147189659818402 ], [ -81.468374381057885, 41.147050660040634 ], [ -81.46837637994048, 41.146723660431896 ], [ -81.468388379237354, 41.146515660625163 ], [ -81.468657378963314, 41.146503660221576 ], [ -81.468781378864307, 41.146476660080722 ], [ -81.468843378648984, 41.146454659996962 ], [ -81.468861378656271, 41.146441660029666 ], [ -81.468905378560805, 41.146421659978849 ], [ -81.468968378382428, 41.146377659919501 ], [ -81.469030378145021, 41.146320659903999 ], [ -81.469082377886608, 41.146263659860459 ], [ -81.469116377718564, 41.146216659879151 ], [ -81.469216377071405, 41.146047659902834 ], [ -81.469230377006497, 41.146031659942302 ], [ -81.469283376692431, 41.145942659966984 ], [ -81.469359376227473, 41.145845659960344 ], [ -81.469450375858386, 41.145753659900684 ], [ -81.469511375718952, 41.145706659930042 ], [ -81.469646375308571, 41.145623659759792 ], [ -81.469783374976743, 41.145560659685827 ], [ -81.469907374745048, 41.145515659507772 ], [ -81.470030374589456, 41.145478659380572 ], [ -81.470341374100698, 41.145395658955607 ], [ -81.470713373497347, 41.14530765854245 ], [ -81.470837373258689, 41.145273658345907 ], [ -81.471043372972076, 41.145207658100752 ], [ -81.471085372877312, 41.145188658071369 ], [ -81.471362372242567, 41.145083657741985 ], [ -81.471369371564379, 41.144883658018252 ], [ -81.471396370770478, 41.144650658258094 ], [ -81.471397370445217, 41.144557658399179 ], [ -81.471391370179745, 41.144463658473434 ], [ -81.471378369919407, 41.144371658584646 ], [ -81.471349369570788, 41.144276658750108 ], [ -81.471246368763502, 41.143990659273875 ], [ -81.471118368224225, 41.143824659756362 ], [ -81.470985367947165, 41.143687660080694 ], [ -81.470148366167606, 41.142976662363914 ], [ -81.469912365646152, 41.142770662975806 ], [ -81.469876365496376, 41.142739663133177 ], [ -81.469828365436641, 41.142697663221021 ], [ -81.469320364385482, 41.142268664591555 ], [ -81.469151363976991, 41.142119665043928 ], [ -81.468979363400493, 41.141892665598547 ], [ -81.4689583628343, 41.141752665813534 ], [ -81.468952362422428, 41.141612666031918 ], [ -81.468949358166725, 41.140355667609363 ], [ -81.469247357947836, 41.1403436671444 ], [ -81.469991357437763, 41.140341665961309 ], [ -81.470252357226897, 41.14034666552147 ], [ -81.470729356991868, 41.140346664772444 ], [ -81.471039356669635, 41.140339664291567 ], [ -81.471048356032824, 41.140137664490403 ], [ -81.471043354817439, 41.13976466501839 ], [ -81.471044353590045, 41.139390665423939 ], [ -81.471035352254276, 41.139017665955329 ], [ -81.471036351468541, 41.138784666240227 ], [ -81.471043350694856, 41.138538666526671 ], [ -81.471033349389359, 41.138147667020434 ], [ -81.471029347084311, 41.137447667922522 ], [ -81.471017344421966, 41.13665366900679 ], [ -81.471017342615184, 41.13609466966976 ], [ -81.471008341611522, 41.135811670019677 ], [ -81.471535341268819, 41.135803669175552 ], [ -81.472621340462396, 41.13579766746119 ], [ -81.472947340256155, 41.13578366692218 ], [ -81.473207340061961, 41.135779666474484 ], [ -81.474009339517977, 41.135779665208517 ], [ -81.474360339257672, 41.135775664669048 ], [ -81.474377336311747, 41.134899665723772 ], [ -81.475472335504051, 41.134898663927522 ], [ -81.475961335155645, 41.134892663069913 ], [ -81.476229330513149, 41.133543664326474 ], [ -81.476245330339168, 41.133494664364612 ], [ -81.476277329830822, 41.133341664545107 ], [ -81.476353328503208, 41.132947664858321 ], [ -81.476400327811305, 41.132751665038185 ], [ -81.476587324596593, 41.131820665916734 ], [ -81.476583324453244, 41.131773665983097 ], [ -81.476569324347892, 41.131726666071025 ], [ -81.476544324227916, 41.131683666167952 ], [ -81.476510324125258, 41.13164466628141 ], [ -81.476386323905686, 41.131549666590686 ], [ -81.476575323281466, 41.131400666411281 ], [ -81.476785322662678, 41.131262666222959 ], [ -81.477013322062476, 41.131126666019171 ], [ -81.477255322487963, 41.131320665453281 ], [ -81.477443322880589, 41.131479664869481 ], [ -81.477599323295522, 41.131603664491372 ], [ -81.477733323499706, 41.131719664158148 ], [ -81.478030324137734, 41.131957663339868 ], [ -81.478768325762502, 41.13258666134309 ], [ -81.479132326471571, 41.132889660416055 ], [ -81.479281326788254, 41.133018659965053 ], [ -81.479383326983481, 41.133112659712069 ], [ -81.479482327261962, 41.13319365945533 ], [ -81.479550327321064, 41.133241659218555 ], [ -81.479598327468011, 41.133276659095742 ], [ -81.47970732749009, 41.133334658895983 ], [ -81.479788327581602, 41.133372658664506 ], [ -81.479900327636713, 41.133413658434712 ], [ -81.480014327707238, 41.133445658259937 ], [ -81.480123327707489, 41.13346465803675 ], [ -81.480168327676807, 41.13346965799937 ], [ -81.480291327651045, 41.133483657751391 ], [ -81.480406327576389, 41.133495657541332 ], [ -81.480631327582643, 41.133520657165178 ], [ -81.480676327508448, 41.133525657019462 ], [ -81.480964327424005, 41.133556656538893 ], [ -81.481187327337082, 41.133582656106469 ], [ -81.481374327346998, 41.133604655787515 ], [ -81.48174732718897, 41.133646655134775 ] ] ] } },
{ "type": "Feature", "properties": { "UNIQUE_ID": "Summit-:-CUY FALLS 7-B (AME)", "PRECNAME": "CUY FALLS 7-B", "PRECCODE": "AME", "COUNTYFP": "153", "County": "Summit", "SLDL_DIST": "031", "total_pop": 1594, "age_under18": 281, "age_18_34": 384, "age_35_64": 666, "age_65plus": 263, "pop_hispanic": 3, "pop_white": 1539, "pop_black": 98, "pop_asian": 86, "pct_hispanic": 0.2, "pct_white": 90.3, "pct_black": 5.8, "pct_asian": 5.0, "pct_native": 0.0, "pct_multi": 0.0, "med_hh_income": 51036.0, "pct_bachelors_plus": 38.473684210526315, "pct_no_hs_diploma": 7.2131578947368418, "pct_some_college": 25.18245614035088 }, "geometry": { "type": "Polygon", "coordinates": [ [ [ -81.468022383199127, 41.147634659828341 ], [ -81.467424384552373, 41.147893660385606 ], [ -81.467541385089731, 41.148069660000523 ], [ -81.467732385740334, 41.148326659354069 ], [ -81.46731638693565, 41.14856165972563 ], [ -81.467167386903029, 41.148547660024782 ], [ -81.467130386978226, 41.148560660026433 ], [ -81.467066387079399, 41.148580660138393 ], [ -81.467021387259436, 41.148593660203062 ], [ -81.466968387269162, 41.148607660227235 ], [ -81.466823387472147, 41.148640660399771 ], [ -81.466711387614637, 41.148660660525422 ], [ -81.466611387745132, 41.148665660693588 ], [ -81.466521387859686, 41.148663660902272 ], [ -81.466430387843374, 41.148658661023923 ], [ -81.46632638794074, 41.148645661210651 ], [ -81.466226387939443, 41.148625661418976 ], [ -81.466128387915916, 41.1486006615932 ], [ -81.466031387883689, 41.148574661717568 ], [ -81.465903387892041, 41.148538662012264 ], [ -81.465776387850028, 41.148496662238983 ], [ -81.465649387782449, 41.148447662505276 ], [ -81.465574387726619, 41.148415662642641 ], [ -81.465465387589731, 41.148364662878869 ], [ -81.465081387338259, 41.148192663715975 ], [ -81.464757386972423, 41.148032664472389 ], [ -81.464453386524156, 41.147832665228563 ], [ -81.46414638605377, 41.147604665995829 ], [ -81.463775385216053, 41.147294667002583 ], [ -81.463731385226893, 41.147259667125823 ], [ -81.463683385063263, 41.147227667223255 ], [ -81.463636385051103, 41.147198667342245 ], [ -81.463580384985562, 41.147170667424348 ], [ -81.463533384871425, 41.147135667563973 ], [ -81.463485384862452, 41.147100667653667 ], [ -81.463436384732987, 41.147066667847831 ], [ -81.463387384653473, 41.147032667930638 ], [ -81.463312384552992, 41.146983668097178 ], [ -81.462303382259492, 41.146098670853 ], [ -81.461256379979901, 41.145178673785281 ], [ -81.460794380048554, 41.145112674560295 ], [ -81.460554379840929, 41.144972675170706 ], [ -81.460418379270521, 41.144790675605336 ], [ -81.459897378497345, 41.144438676909026 ], [ -81.459638378351656, 41.14435767736925 ], [ -81.459323378704255, 41.144394677818596 ], [ -81.459011379626304, 41.144588678114538 ], [ -81.458732381611242, 41.145121677843342 ], [ -81.458734382829164, 41.145487677373723 ], [ -81.459119383667712, 41.145825676326702 ], [ -81.458757386490632, 41.146546675948429 ], [ -81.458212387346663, 41.146706676550401 ], [ -81.457779387640855, 41.146678677303775 ], [ -81.457526385288546, 41.145930678717939 ], [ -81.457217384415202, 41.145610679620773 ], [ -81.456674383886082, 41.145363680813148 ], [ -81.456378383966836, 41.14531368131405 ], [ -81.455926385037728, 41.145509681786095 ], [ -81.455884385205053, 41.145571681792219 ], [ -81.455858385416562, 41.145611681802848 ], [ -81.45569838627641, 41.14584768171995 ], [ -81.455885387369676, 41.14619468093349 ], [ -81.45614938816118, 41.146489680177538 ], [ -81.456308389435407, 41.146905679333294 ], [ -81.456181393158488, 41.147971678138646 ], [ -81.456264395433308, 41.148662677050652 ], [ -81.456172396970231, 41.149090676615828 ], [ -81.455737398430969, 41.149413676917753 ], [ -81.454688399868502, 41.149616678312327 ], [ -81.454070399459596, 41.149350679642865 ], [ -81.453318398179945, 41.148811681555436 ], [ -81.451991397867744, 41.148416684141893 ], [ -81.451312398033863, 41.14832968531227 ], [ -81.449933398102175, 41.148053687914896 ], [ -81.449933396741756, 41.147653688408163 ], [ -81.450032379172043, 41.142568695163249 ], [ -81.450030379069844, 41.142533695273421 ], [ -81.449948371357081, 41.140272698487266 ], [ -81.450037371304433, 41.140278698301032 ], [ -81.450194371236321, 41.140277698042382 ], [ -81.450745370865135, 41.140286697165081 ], [ -81.451183370566, 41.140299696420712 ], [ -81.451830370129144, 41.140302695408401 ], [ -81.453310369119734, 41.14030969293767 ], [ -81.454598368173421, 41.140312690918535 ], [ -81.455830367304401, 41.140320688887307 ], [ -81.456815366653331, 41.140327687255891 ], [ -81.458594365483194, 41.14033968442417 ], [ -81.460237364403312, 41.140352681727251 ], [ -81.462793362591484, 41.140372677565729 ], [ -81.463415362209275, 41.140377676554415 ], [ -81.464123361760258, 41.140378675422312 ], [ -81.465436360718627, 41.140372673304945 ], [ -81.466531359957969, 41.140364671518917 ], [ -81.466835359720847, 41.140367671005073 ], [ -81.467210359391672, 41.140352670445374 ], [ -81.467898358978488, 41.140353669303252 ], [ -81.468692358341116, 41.140344668065644 ], [ -81.468949358166725, 41.140355667609363 ], [ -81.468952362422428, 41.141612666031918 ], [ -81.4689583628343, 41.141752665813534 ], [ -81.468979363400493, 41.141892665598547 ], [ -81.469151363976991, 41.142119665043928 ], [ -81.469320364385482, 41.142268664591555 ], [ -81.469828365436641, 41.142697663221021 ], [ -81.469876365496376, 41.142739663133177 ], [ -81.469912365646152, 41.142770662975806 ], [ -81.470148366167606, 41.142976662363914 ], [ -81.470985367947165, 41.143687660080694 ], [ -81.471118368224225, 41.143824659756362 ], [ -81.471246368763502, 41.143990659273875 ], [ -81.471349369570788, 41.144276658750108 ], [ -81.471378369919407, 41.144371658584646 ], [ -81.471391370179745, 41.144463658473434 ], [ -81.471397370445217, 41.144557658399179 ], [ -81.471396370770478, 41.144650658258094 ], [ -81.471369371564379, 41.144883658018252 ], [ -81.471362372242567, 41.145083657741985 ], [ -81.471085372877312, 41.145188658071369 ], [ -81.471043372972076, 41.145207658100752 ], [ -81.470837373258689, 41.145273658345907 ], [ -81.470713373497347, 41.14530765854245 ], [ -81.470341374100698, 41.145395658955607 ], [ -81.470030374589456, 41.145478659380572 ], [ -81.469907374745048, 41.145515659507772 ], [ -81.469783374976743, 41.145560659685827 ], [ -81.469646375308571, 41.145623659759792 ], [ -81.469511375718952, 41.145706659930042 ], [ -81.469450375858386, 41.145753659900684 ], [ -81.469359376227473, 41.145845659960344 ], [ -81.469283376692431, 41.145942659966984 ], [ -81.469230377006497, 41.146031659942302 ], [ -81.469216377071405, 41.146047659902834 ], [ -81.469116377718564, 41.146216659879151 ], [ -81.469082377886608, 41.146263659860459 ], [ -81.469030378145021, 41.146320659903999 ], [ -81.468968378382428, 41.146377659919501 ], [ -81.468905378560805, 41.146421659978849 ], [ -81.468861378656271, 41.146441660029666 ], [ -81.468843378648984, 41.146454659996962 ], [ -81.468781378864307, 41.146476660080722 ], [ -81.468657378963314, 41.146503660221576 ], [ -81.468388379237354, 41.146515660625163 ], [ -81.46837637994048, 41.146723660431896 ], [ -81.468374381057885, 41.147050660040634 ], [ -81.468367381463764, 41.147189659818402 ], [ -81.468360381660901, 41.147236659783658 ], [ -81.468335382036486, 41.147329659690691 ], [ -81.468284382347008, 41.147422659626422 ], [ -81.468268382418785, 41.147436659633058 ], [ -81.468248382514119, 41.147468659672391 ], [ -81.468201382777949, 41.147515659711416 ], [ -81.468147382949425, 41.147559659701372 ], [ -81.468084383118295, 41.147600659742025 ], [ -81.468022383199127, 41.147634659828341 ] ] ] } },
{ "type": "Feature", "properties": { "UNIQUE_ID": "Summit-:-CUY FALLS 7-C (AMG)", "PRECNAME": "CUY FALLS 7-C", "PRECCODE": "AMG", "COUNTYFP": "153", "County": "Summit", "SLDL_DIST": "031", "total_pop": 1739, "age_under18": 367, "age_18_34": 485, "age_35_64": 608, "age_65plus": 279, "pop_hispanic": 11, "pop_white": 1331, "pop_black": 8, "pop_asian": 131, "pct_hispanic": 0.7, "pct_white": 84.0, "pct_black": 0.5, "pct_asian": 8.3, "pct_native": 0.0, "pct_multi": 0.0, "med_hh_income": 68435.0, "pct_bachelors_plus": 33.405347901092583, "pct_no_hs_diploma": 6.6945945945945953, "pct_some_college": 24.542495687176533 }, "geometry": { "type": "Polygon", "coordinates": [ [ [ -81.476179324629612, 41.131723666689631 ], [ -81.476386323905686, 41.131549666590686 ], [ -81.476510324125258, 41.13164466628141 ], [ -81.476544324227916, 41.131683666167952 ], [ -81.476569324347892, 41.131726666071025 ], [ -81.476583324453244, 41.131773665983097 ], [ -81.476587324596593, 41.131820665916734 ], [ -81.476400327811305, 41.132751665038185 ], [ -81.476353328503208, 41.132947664858321 ], [ -81.476277329830822, 41.133341664545107 ], [ -81.476245330339168, 41.133494664364612 ], [ -81.476229330513149, 41.133543664326474 ], [ -81.475961335155645, 41.134892663069913 ], [ -81.475472335504051, 41.134898663927522 ], [ -81.474377336311747, 41.134899665723772 ], [ -81.474360339257672, 41.135775664669048 ], [ -81.474009339517977, 41.135779665208517 ], [ -81.473207340061961, 41.135779666474484 ], [ -81.472947340256155, 41.13578366692218 ], [ -81.472621340462396, 41.13579766746119 ], [ -81.471535341268819, 41.135803669175552 ], [ -81.471008341611522, 41.135811670019677 ], [ -81.471017342615184, 41.13609466966976 ], [ -81.471017344421966, 41.13665366900679 ], [ -81.471029347084311, 41.137447667922522 ], [ -81.471033349389359, 41.138147667020434 ], [ -81.471043350694856, 41.138538666526671 ], [ -81.471036351468541, 41.138784666240227 ], [ -81.471035352254276, 41.139017665955329 ], [ -81.471044353590045, 41.139390665423939 ], [ -81.471043354817439, 41.13976466501839 ], [ -81.471048356032824, 41.140137664490403 ], [ -81.471039356669635, 41.140339664291567 ], [ -81.470729356991868, 41.140346664772444 ], [ -81.470252357226897, 41.14034666552147 ], [ -81.469991357437763, 41.140341665961309 ], [ -81.469247357947836, 41.1403436671444 ], [ -81.468949358166725, 41.140355667609363 ], [ -81.468692358341116, 41.140344668065644 ], [ -81.467898358978488, 41.140353669303252 ], [ -81.467210359391672, 41.140352670445374 ], [ -81.466835359720847, 41.140367671005073 ], [ -81.466531359957969, 41.140364671518917 ], [ -81.465436360718627, 41.140372673304945 ], [ -81.464123361760258, 41.140378675422312 ], [ -81.463415362209275, 41.140377676554415 ], [ -81.462793362591484, 41.140372677565729 ], [ -81.462822359705697, 41.139526678641289 ], [ -81.463429359385572, 41.139533677607346 ], [ -81.463705359202024, 41.139533677183081 ], [ -81.463810359028969, 41.139522677036616 ], [ -81.46391735884734, 41.139497676915042 ], [ -81.463997358702386, 41.139446676809833 ], [ -81.464044358344282, 41.139372676823648 ], [ -81.46405735809256, 41.139286676884495 ], [ -81.464051356222555, 41.138721677629015 ], [ -81.464051354174998, 41.138129678395245 ], [ -81.463451354646651, 41.138127679449482 ], [ -81.463095354848207, 41.138127680021157 ], [ -81.462340355351202, 41.138131681184362 ], [ -81.462038355588149, 41.138137681672312 ], [ -81.461722355778647, 41.138132682256014 ], [ -81.460325356811637, 41.138139684442862 ], [ -81.460321356003107, 41.137911684780221 ], [ -81.460342353874154, 41.137278685620174 ], [ -81.460372350450768, 41.136290686798603 ], [ -81.460384348885469, 41.135812687450638 ], [ -81.460384348679867, 41.135764687494948 ], [ -81.460383347427964, 41.135373688029738 ], [ -81.460391346675777, 41.135158688282459 ], [ -81.460415346213253, 41.135019688388127 ], [ -81.460455345647233, 41.134879688514765 ], [ -81.460515345176134, 41.134739688665753 ], [ -81.460565344850266, 41.134647688642517 ], [ -81.460661344234992, 41.134507688728057 ], [ -81.460784343701846, 41.134369688696466 ], [ -81.460955343090546, 41.13420868860905 ], [ -81.461169342478883, 41.134081688391142 ], [ -81.461356342079938, 41.133985688264751 ], [ -81.461480341759014, 41.133934688129536 ], [ -81.46160434152614, 41.133893687989449 ], [ -81.461638341455384, 41.133884687886045 ], [ -81.461790341246001, 41.133842687691164 ], [ -81.46197634104935, 41.133807687442989 ], [ -81.462099340924937, 41.133792687296136 ], [ -81.46222334078206, 41.133783687100802 ], [ -81.462408340578691, 41.133778686771826 ], [ -81.462839340313366, 41.133778686115669 ], [ -81.463519339843046, 41.133777684942565 ], [ -81.465215338799325, 41.133778682141411 ], [ -81.465338338673817, 41.13379168194178 ], [ -81.465399338712075, 41.133801681839408 ], [ -81.465522338747306, 41.133834681609365 ], [ -81.465560338766934, 41.133852681484434 ], [ -81.465584338769091, 41.1338576814804 ], [ -81.465645338816401, 41.133882681349959 ], [ -81.465706338851064, 41.133914681204828 ], [ -81.465824339041049, 41.13399468085548 ], [ -81.465927339315456, 41.134088680553411 ], [ -81.465950339388016, 41.134120680556492 ], [ -81.465971339430951, 41.134135680482345 ], [ -81.466013339516181, 41.134182680287402 ], [ -81.466085339773514, 41.134276680118305 ], [ -81.46614534012474, 41.13437067990651 ], [ -81.466227340777124, 41.134574679491912 ], [ -81.466560340481252, 41.134568678964278 ], [ -81.466746340240505, 41.134547678619704 ], [ -81.466869340092046, 41.134521678502232 ], [ -81.466993339929189, 41.134485678306461 ], [ -81.467118339695148, 41.134439678209397 ], [ -81.467423338936783, 41.134295677898656 ], [ -81.467186338332809, 41.134055678585028 ], [ -81.467003337864213, 41.133865679140648 ], [ -81.466534336602479, 41.133394680485168 ], [ -81.466408336220454, 41.133253680852668 ], [ -81.466313335870225, 41.133159681166653 ], [ -81.46639233585212, 41.133150681081112 ], [ -81.466498335783953, 41.133144680897338 ], [ -81.466953335389476, 41.133138680133385 ], [ -81.467215335211108, 41.133123679693405 ], [ -81.467508335045622, 41.133135679245918 ], [ -81.468315334467604, 41.133127677920811 ], [ -81.468619334277221, 41.133129677362433 ], [ -81.469113333891883, 41.133126676622879 ], [ -81.469370333718274, 41.13312067621105 ], [ -81.469669333533375, 41.133123675664784 ], [ -81.471274332438497, 41.133114673019733 ], [ -81.471551332251764, 41.133118672617798 ], [ -81.472163331880779, 41.133107671622476 ], [ -81.472508331663107, 41.133109671018147 ], [ -81.47266333148923, 41.133106670746436 ], [ -81.472980331277199, 41.133115670215254 ], [ -81.473249331095133, 41.133104669827972 ], [ -81.474113330481387, 41.133098668410149 ], [ -81.47419633043512, 41.133090668287927 ], [ -81.474252330388282, 41.133076668152349 ], [ -81.47433333017932, 41.133045668052112 ], [ -81.474392329851995, 41.132962668088766 ], [ -81.474424329775317, 41.132932668071952 ], [ -81.474641329061555, 41.132777667884731 ], [ -81.474675329009202, 41.132754667862351 ], [ -81.476179324629612, 41.131723666689631 ] ] ] } },
{ "type": "Feature", "properties": { "UNIQUE_ID": "Summit-:-CUY FALLS 7-D (AMH)", "PRECNAME": "CUY FALLS 7-D", "PRECCODE": "AMH", "COUNTYFP": "153", "County": "Summit", "SLDL_DIST": "031", "total_pop": 1528, "age_under18": 286, "age_18_34": 317, "age_35_64": 587, "age_65plus": 338, "pop_hispanic": 1, "pop_white": 1186, "pop_black": 0, "pop_asian": 228, "pct_hispanic": 0.1, "pct_white": 84.5, "pct_black": 0.0, "pct_asian": 16.2, "pct_native": 0.0, "pct_multi": 0.0, "med_hh_income": 95836.0, "pct_bachelors_plus": 35.048070634401569, "pct_no_hs_diploma": 5.4381948986265529, "pct_some_college": 28.470176586003927 }, "geometry": { "type": "Polygon", "coordinates": [ [ [ -81.466006335080991, 41.132845682089858 ], [ -81.466313335870225, 41.133159681166653 ], [ -81.466408336220454, 41.133253680852668 ], [ -81.466534336602479, 41.133394680485168 ], [ -81.467003337864213, 41.133865679140648 ], [ -81.467186338332809, 41.134055678585028 ], [ -81.467423338936783, 41.134295677898656 ], [ -81.467118339695148, 41.134439678209397 ], [ -81.466993339929189, 41.134485678306461 ], [ -81.466869340092046, 41.134521678502232 ], [ -81.466746340240505, 41.134547678619704 ], [ -81.466560340481252, 41.134568678964278 ], [ -81.466227340777124, 41.134574679491912 ], [ -81.46614534012474, 41.13437067990651 ], [ -81.466085339773514, 41.134276680118305 ], [ -81.466013339516181, 41.134182680287402 ], [ -81.465971339430951, 41.134135680482345 ], [ -81.465950339388016, 41.134120680556492 ], [ -81.465927339315456, 41.134088680553411 ], [ -81.465824339041049, 41.13399468085548 ], [ -81.465706338851064, 41.133914681204828 ], [ -81.465645338816401, 41.133882681349959 ], [ -81.465584338769091, 41.1338576814804 ], [ -81.465560338766934, 41.133852681484434 ], [ -81.465522338747306, 41.133834681609365 ], [ -81.465399338712075, 41.133801681839408 ], [ -81.465338338673817, 41.13379168194178 ], [ -81.465215338799325, 41.133778682141411 ], [ -81.463519339843046, 41.133777684942565 ], [ -81.462839340313366, 41.133778686115669 ], [ -81.462408340578691, 41.133778686771826 ], [ -81.46222334078206, 41.133783687100802 ], [ -81.462099340924937, 41.133792687296136 ], [ -81.46197634104935, 41.133807687442989 ], [ -81.461790341246001, 41.133842687691164 ], [ -81.461638341455384, 41.133884687886045 ], [ -81.46160434152614, 41.133893687989449 ], [ -81.461480341759014, 41.133934688129536 ], [ -81.461356342079938, 41.133985688264751 ], [ -81.461169342478883, 41.134081688391142 ], [ -81.460955343090546, 41.13420868860905 ], [ -81.460784343701846, 41.134369688696466 ], [ -81.460661344234992, 41.134507688728057 ], [ -81.460565344850266, 41.134647688642517 ], [ -81.460515345176134, 41.134739688665753 ], [ -81.460455345647233, 41.134879688514765 ], [ -81.460415346213253, 41.135019688388127 ], [ -81.460391346675777, 41.135158688282459 ], [ -81.460383347427964, 41.135373688029738 ], [ -81.460384348679867, 41.135764687494948 ], [ -81.460384348885469, 41.135812687450638 ], [ -81.460372350450768, 41.136290686798603 ], [ -81.460342353874154, 41.137278685620174 ], [ -81.460321356003107, 41.137911684780221 ], [ -81.460325356811637, 41.138139684442862 ], [ -81.461722355778647, 41.138132682256014 ], [ -81.462038355588149, 41.138137681672312 ], [ -81.462340355351202, 41.138131681184362 ], [ -81.463095354848207, 41.138127680021157 ], [ -81.463451354646651, 41.138127679449482 ], [ -81.464051354174998, 41.138129678395245 ], [ -81.464051356222555, 41.138721677629015 ], [ -81.46405735809256, 41.139286676884495 ], [ -81.464044358344282, 41.139372676823648 ], [ -81.463997358702386, 41.139446676809833 ], [ -81.46391735884734, 41.139497676915042 ], [ -81.463810359028969, 41.139522677036616 ], [ -81.463705359202024, 41.139533677183081 ], [ -81.463429359385572, 41.139533677607346 ], [ -81.462822359705697, 41.139526678641289 ], [ -81.462793362591484, 41.140372677565729 ], [ -81.460237364403312, 41.140352681727251 ], [ -81.458594365483194, 41.14033968442417 ], [ -81.456815366653331, 41.140327687255891 ], [ -81.455830367304401, 41.140320688887307 ], [ -81.454598368173421, 41.140312690918535 ], [ -81.453310369119734, 41.14030969293767 ], [ -81.451830370129144, 41.140302695408401 ], [ -81.451183370566, 41.140299696420712 ], [ -81.450745370865135, 41.140286697165081 ], [ -81.450194371236321, 41.140277698042382 ], [ -81.450037371304433, 41.140278698301032 ], [ -81.449948371357081, 41.140272698487266 ], [ -81.4499153561013, 41.135848704483351 ], [ -81.450615355363396, 41.135749703533136 ], [ -81.451038355020486, 41.13575170277403 ], [ -81.452040354309048, 41.135747701161989 ], [ -81.452115354354007, 41.135756701009889 ], [ -81.452213341513769, 41.132023705885445 ], [ -81.452655341163293, 41.132032705188202 ], [ -81.452746341126939, 41.132040705026014 ], [ -81.453114340868581, 41.132037704391941 ], [ -81.453425340824623, 41.132052703859195 ], [ -81.454118340322367, 41.132067702708561 ], [ -81.455098339715818, 41.132083701108428 ], [ -81.455438339586479, 41.132091700448278 ], [ -81.456069339227028, 41.132105699460091 ], [ -81.45644833890988, 41.132108698808835 ], [ -81.457178338541652, 41.132125697531386 ], [ -81.458302337865987, 41.132143695649901 ], [ -81.459403337188874, 41.132162693878641 ], [ -81.460212336640396, 41.132178692526175 ], [ -81.460514336560962, 41.132191692005783 ], [ -81.460829336328388, 41.132191691415052 ], [ -81.461322336023954, 41.132199690640242 ], [ -81.461606335899063, 41.132215690176587 ], [ -81.461877335678722, 41.132213689659842 ], [ -81.462863335152477, 41.132230688085777 ], [ -81.463543334666653, 41.132242686944188 ], [ -81.464109334371528, 41.132253685964109 ], [ -81.465435333589582, 41.13227768378097 ], [ -81.465606334037744, 41.132453683256742 ], [ -81.465617334021147, 41.132469683200164 ], [ -81.466006335080991, 41.132845682089858 ] ] ] } },
{ "type": "Feature", "properties": { "UNIQUE_ID": "Summit-:-CUY FALLS 8-A (AMJ)-(SLDL-31)", "PRECNAME": "CUY FALLS 8-A", "PRECCODE": "AMJ", "COUNTYFP": "153", "County": "Summit", "SLDL_DIST": "031", "total_pop": 1079, "age_under18": 190, "age_18_34": 152, "age_35_64": 493, "age_65plus": 244, "pop_hispanic": 1, "pop_white": 1071, "pop_black": 2, "pop_asian": 14, "pct_hispanic": 0.1, "pct_white": 98.9, "pct_black": 0.2, "pct_asian": 1.3, "pct_native": 0.0, "pct_multi": 0.0, "med_hh_income": 109776.0, "pct_bachelors_plus": 52.102629193109699, "pct_no_hs_diploma": 3.1285584768812336, "pct_some_college": 29.569809610154124 }, "geometry": { "type": "MultiPolygon", "coordinates": [ [ [ [ -81.587306281926615, 41.149108737431014 ], [ -81.587304647375092, 41.149248208635377 ], [ -81.587303281659445, 41.14936473682836 ], [ -81.587301281519458, 41.149476736576474 ], [ -81.58730162794852, 41.149476766701241 ], [ -81.587299281275776, 41.149635736197752 ], [ -81.587308280192872, 41.150517734313659 ], [ -81.587299279034085, 41.151431732255858 ], [ -81.587300278898667, 41.151553731919655 ], [ -81.587302278566668, 41.151777731458438 ], [ -81.587297278365284, 41.151959731052798 ], [ -81.587290278077504, 41.152203730482221 ], [ -81.587288277751412, 41.152438729982762 ], [ -81.587287277599771, 41.15257672962862 ], [ -81.587291277137098, 41.152989728737786 ], [ -81.587287276740653, 41.153303728079756 ], [ -81.58729227597189, 41.153863726831801 ], [ -81.587270274674225, 41.154948724412534 ], [ -81.587270274287832, 41.155194723819704 ], [ -81.587271273972291, 41.155467723264216 ], [ -81.587280273816276, 41.155578723007196 ], [ -81.587262272980936, 41.156218721576948 ], [ -81.587262273042583, 41.156231721550668 ], [ -81.587263272740515, 41.156479720969784 ], [ -81.587250272352435, 41.156775720242919 ], [ -81.587246272051331, 41.157023719727853 ], [ -81.587239271879682, 41.157118719520469 ], [ -81.587243271457027, 41.15751671866677 ], [ -81.587223270051297, 41.158582716203988 ], [ -81.587232269865467, 41.15876971585169 ], [ -81.587220269357246, 41.159205714866104 ], [ -81.587222268635827, 41.159749713607397 ], [ -81.587219267623126, 41.160542711835042 ], [ -81.587196267217053, 41.160872711115829 ], [ -81.587141264787505, 41.162852706630915 ], [ -81.587051264359715, 41.163393705283852 ], [ -81.586929251991847, 41.173452682836654 ], [ -81.586893247993032, 41.17665467567187 ], [ -81.586839242226773, 41.181406665091949 ], [ -81.586538242890242, 41.181489664564054 ], [ -81.586483243125343, 41.181498664554255 ], [ -81.586560242665158, 41.181620664354313 ], [ -81.58665624221446, 41.181788664028772 ], [ -81.586753241732936, 41.181973663797955 ], [ -81.586741241765893, 41.182052663592671 ], [ -81.586542224864047, 41.196231631978357 ], [ -81.586641216539931, 41.202652617885754 ], [ -81.584560224213178, 41.202659616146278 ], [ -81.584439224651234, 41.202653616072666 ], [ -81.583216228976809, 41.20279661474499 ], [ -81.582740230711082, 41.202852614181396 ], [ -81.573519264650713, 41.202851606628094 ], [ -81.573437265017915, 41.202854606526245 ], [ -81.572746267549547, 41.202752606203973 ], [ -81.572719267714319, 41.20275260617403 ], [ -81.572340269111578, 41.202752605830788 ], [ -81.569040281228638, 41.202752603160391 ], [ -81.568539283047897, 41.202752602691206 ], [ -81.564739296975361, 41.202852599410413 ], [ -81.556439327627203, 41.202852592550187 ], [ -81.552438342315455, 41.202752589417436 ], [ -81.550340349923417, 41.202652587862644 ], [ -81.550007351170464, 41.202655587637736 ], [ -81.540538386078055, 41.202752579644333 ], [ -81.538288394443413, 41.202846577578384 ], [ -81.538245394545058, 41.202819577590738 ], [ -81.538105394981002, 41.202725577609051 ], [ -81.537935395463037, 41.202601577715342 ], [ -81.537813395866081, 41.202531577720293 ], [ -81.537706396097704, 41.202481577721237 ], [ -81.537474396865207, 41.20238457763746 ], [ -81.537227397622729, 41.202274577632089 ], [ -81.536919398545891, 41.202124577595768 ], [ -81.536301400389036, 41.201803577635722 ], [ -81.53608340101394, 41.20168157764342 ], [ -81.535663402183118, 41.201417577751791 ], [ -81.53526440323121, 41.201143577797829 ], [ -81.534937404094691, 41.200887577908496 ], [ -81.534426405282318, 41.20045457822166 ], [ -81.534293405588571, 41.200336578236694 ], [ -81.53419340585863, 41.200256578322254 ], [ -81.533670407036027, 41.199808578544925 ], [ -81.533600407200879, 41.199756578598333 ], [ -81.533212408018784, 41.199417578736501 ], [ -81.533075408423258, 41.199314578814125 ], [ -81.532719409149493, 41.198980579024074 ], [ -81.532569409445031, 41.198825579141875 ], [ -81.532455409687017, 41.198716579153455 ], [ -81.53232040984372, 41.198574579293194 ], [ -81.532157410158646, 41.198415579369716 ], [ -81.532013410494457, 41.198260579484064 ], [ -81.531817410818874, 41.198060579657202 ], [ -81.531602411270882, 41.197860579726367 ], [ -81.53151341142221, 41.197787579741998 ], [ -81.531362411733255, 41.197674579837383 ], [ -81.531267411954644, 41.19761157987336 ], [ -81.531051412539668, 41.197457579890163 ], [ -81.530862412952359, 41.197331579888285 ], [ -81.530619413491351, 41.197161579978513 ], [ -81.53051341379728, 41.19710057991098 ], [ -81.530442413870091, 41.197065579945189 ], [ -81.530372414140516, 41.197020579917243 ], [ -81.528863417859711, 41.19622257973294 ], [ -81.528627418378676, 41.196105579754239 ], [ -81.528341419037943, 41.195932579780255 ], [ -81.528198419380502, 41.195828579734616 ], [ -81.527957419818122, 41.195621579876047 ], [ -81.527616420465037, 41.195341579937917 ], [ -81.527389420875863, 41.195161579990348 ], [ -81.527273421089205, 41.195084580026879 ], [ -81.526611422389081, 41.194574580173708 ], [ -81.526541422474509, 41.194514580206679 ], [ -81.526500422550129, 41.194467580215687 ], [ -81.52646442255454, 41.194426580204308 ], [ -81.526422422524078, 41.19431658037918 ], [ -81.526418422210696, 41.194162580614886 ], [ -81.526431421827297, 41.193989580820137 ], [ -81.526432421841577, 41.1939595808972 ], [ -81.526450421147942, 41.193624581441284 ], [ -81.526454420502333, 41.193320581829305 ], [ -81.526456420484593, 41.193254582004244 ], [ -81.526511417263478, 41.191614584463004 ], [ -81.526513416992429, 41.191455584665881 ], [ -81.526546414838705, 41.190381586312533 ], [ -81.526547414512947, 41.190192586584018 ], [ -81.526580412653189, 41.189241587947741 ], [ -81.526583412191869, 41.188952588380864 ], [ -81.526593411587413, 41.188674588849601 ], [ -81.526596411340833, 41.188547588988619 ], [ -81.526612409910442, 41.1877515902368 ], [ -81.526670406150785, 41.185815593115144 ], [ -81.526696404965605, 41.185176594093747 ], [ -81.526704404105246, 41.184774594673158 ], [ -81.526714403680245, 41.184553595020567 ], [ -81.526744401125654, 41.183185597054184 ], [ -81.526798398466426, 41.181756599258762 ], [ -81.526851396725519, 41.180887600592449 ], [ -81.528175393327786, 41.180881602009272 ], [ -81.529181390738046, 41.180886603148288 ], [ -81.529294390448598, 41.180883603216841 ], [ -81.529414390129034, 41.180880603426949 ], [ -81.530171388201424, 41.180878604178766 ], [ -81.531022385970971, 41.18086960515204 ], [ -81.534537376961566, 41.18085660906069 ], [ -81.536200372714902, 41.180846610891578 ], [ -81.536191369453093, 41.178411614734614 ], [ -81.536183368629651, 41.177775615775737 ], [ -81.536177365878956, 41.175709618994027 ], [ -81.536163365005535, 41.175103619960865 ], [ -81.536162364106048, 41.17440862108662 ], [ -81.536175363431624, 41.173921621823759 ], [ -81.53620036280995, 41.173457622589645 ], [ -81.536226362241976, 41.173111623235854 ], [ -81.535205364437886, 41.173097622018787 ], [ -81.53383636739261, 41.173095620337804 ], [ -81.533535368090142, 41.173099620033824 ], [ -81.532108371178367, 41.173096618331158 ], [ -81.531400372696041, 41.173088617475862 ], [ -81.530499374633408, 41.173099616372141 ], [ -81.530937372955776, 41.172657617608451 ], [ -81.531437372195299, 41.172856617883554 ], [ -81.532337370227538, 41.172856618993961 ], [ -81.532037369077912, 41.171655620465906 ], [ -81.531437369366941, 41.171055620648595 ], [ -81.532238366675415, 41.170354622681906 ], [ -81.533138364625842, 41.17025462391463 ], [ -81.534138362966701, 41.170453624845159 ], [ -81.536088357441841, 41.169345629044756 ], [ -81.536624356229908, 41.169204629911654 ], [ -81.536658355803496, 41.168906630468776 ], [ -81.536684355236304, 41.168578631004486 ], [ -81.536713354934193, 41.168328631451644 ], [ -81.536735354450713, 41.167990631971399 ], [ -81.536786353499835, 41.167408632945524 ], [ -81.536830352980175, 41.167022633663571 ], [ -81.536856352182838, 41.166437634644687 ], [ -81.537661350678434, 41.16640563570342 ], [ -81.538571348939882, 41.16639363685411 ], [ -81.538945348243288, 41.166402637365557 ], [ -81.539285347728807, 41.166401637799822 ], [ -81.539960346472597, 41.166404638588233 ], [ -81.540608345344751, 41.16642363942448 ], [ -81.540841344927813, 41.166436639668596 ], [ -81.540985344597971, 41.166439639916064 ], [ -81.541959342851484, 41.166480641042803 ], [ -81.542137342517307, 41.166476641321069 ], [ -81.542269342251373, 41.166456641474483 ], [ -81.542372342061569, 41.166430641658607 ], [ -81.542461341855983, 41.166395641841675 ], [ -81.542544341717473, 41.166351642026427 ], [ -81.542670341400367, 41.166268642352236 ], [ -81.542789341017638, 41.16617164262334 ], [ -81.542904340739014, 41.166064642920794 ], [ -81.543416339324764, 41.165596644399713 ], [ -81.54351933905312, 41.165512644683979 ], [ -81.543604338855758, 41.165453644846359 ], [ -81.543680338681881, 41.165415644994802 ], [ -81.543811338463811, 41.165370645254825 ], [ -81.543889338242678, 41.16535364536594 ], [ -81.544009338049335, 41.16533664559946 ], [ -81.544164337790775, 41.16532564583477 ], [ -81.544591336936037, 41.165305646392611 ], [ -81.544745336716318, 41.165289646581861 ], [ -81.544919336336505, 41.165264646895125 ], [ -81.545175335916213, 41.165219647253856 ], [ -81.545540335208514, 41.16514264787142 ], [ -81.546138332872246, 41.163652651229413 ], [ -81.545638333724341, 41.163652650530167 ], [ -81.544738334112921, 41.162452651415101 ], [ -81.544738333531669, 41.161752652592838 ], [ -81.546670330380692, 41.161684655322311 ], [ -81.546671780856499, 41.161652564194313 ], [ -81.547184329561674, 41.161654656031743 ], [ -81.547205682729881, 41.158843515835436 ], [ -81.549382281245158, 41.158794630064776 ], [ -81.549384324170944, 41.158794663978938 ], [ -81.551079098237139, 41.158822767572858 ], [ -81.551122357583594, 41.159190472015396 ], [ -81.551122321904728, 41.159191665652806 ], [ -81.55100932433875, 41.163071658617966 ], [ -81.551127530305976, 41.163074534919048 ], [ -81.551119324561228, 41.163796657474265 ], [ -81.556841551908235, 41.163950081952507 ], [ -81.556830315205048, 41.164797663090681 ], [ -81.556821315254169, 41.164913662864961 ], [ -81.556808329844515, 41.166700809420114 ], [ -81.556539317003811, 41.169252654527732 ], [ -81.556839316939829, 41.170952651746603 ], [ -81.561567307271488, 41.171058657272766 ], [ -81.561598307150035, 41.171000657493153 ], [ -81.561705306925987, 41.170845657865705 ], [ -81.561795306755712, 41.170744658186997 ], [ -81.561896306519316, 41.170649658452305 ], [ -81.562008306360738, 41.170562658749319 ], [ -81.56212929549821, 41.170483665961456 ], [ -81.562129306070844, 41.170483659082876 ], [ -81.56248930533927, 41.170272659927598 ], [ -81.563249303819873, 41.169837661697031 ], [ -81.563376303568873, 41.16977366197677 ], [ -81.563512303300229, 41.169719662248525 ], [ -81.563640209578807, 41.16968065553484 ], [ -81.563653303054721, 41.16967666249819 ], [ -81.563663969588831, 41.169674340552 ], [ -81.563800302731977, 41.169644662776292 ], [ -81.563927306859028, 41.169626882340147 ], [ -81.563950302434236, 41.169623662974317 ], [ -81.566424297554519, 41.169422666423252 ], [ -81.566761432346851, 41.16939084914101 ], [ -81.566922296632271, 41.169375667132776 ], [ -81.567535295412767, 41.169302668058279 ], [ -81.568157398494236, 41.169218174346334 ], [ -81.568205294092479, 41.169211669045389 ], [ -81.568316133732054, 41.169195678847323 ], [ -81.569619291362258, 41.169007671232947 ], [ -81.569878290668669, 41.16951467049536 ], [ -81.569878290678005, 41.169514670495666 ], [ -81.569878290685921, 41.169514670511163 ], [ -81.569878291837071, 41.169514670533566 ], [ -81.571040288422296, 41.169552671865191 ], [ -81.571040288638528, 41.169052672881165 ], [ -81.571440287987571, 41.168652674226152 ], [ -81.571446702331386, 41.168641449268698 ], [ -81.573012285481639, 41.167634678230087 ], [ -81.573149000004506, 41.167419128718819 ], [ -81.573440284875218, 41.167252679536467 ], [ -81.573395980032586, 41.167031159159436 ], [ -81.573396285093608, 41.167030679952013 ], [ -81.573418285597342, 41.16605568197928 ], [ -81.576424280183446, 41.166031685872966 ], [ -81.57641828028963, 41.165897686145065 ], [ -81.576417749946827, 41.165885753259666 ], [ -81.576414280385535, 41.165807686331192 ], [ -81.576358678155117, 41.164866428218126 ], [ -81.576288282090658, 41.163674690616162 ], [ -81.576280715081538, 41.163615318424974 ], [ -81.576275282208854, 41.163572690840866 ], [ -81.576273975159609, 41.163566155667318 ], [ -81.576271282205212, 41.163552690848391 ], [ -81.576257282275122, 41.16348669096773 ], [ -81.576257282271726, 41.163486690955956 ], [ -81.576257282267278, 41.163486690934981 ], [ -81.576255122704737, 41.163479222444508 ], [ -81.576233282373622, 41.163403691109352 ], [ -81.576213656014744, 41.163353675478788 ], [ -81.576202282505704, 41.163324691269132 ], [ -81.576159282626193, 41.16324169137139 ], [ -81.576103282794534, 41.163147691507504 ], [ -81.576103282771783, 41.163147691477086 ], [ -81.576103282768969, 41.163147691472361 ], [ -81.576029282960178, 41.163048691581267 ], [ -81.575966283115989, 41.16297369165455 ], [ -81.575175284980091, 41.16211069240147 ], [ -81.574775355412186, 41.16167610209714 ], [ -81.574725286029292, 41.161621692830998 ], [ -81.574154287309682, 41.160996693357831 ], [ -81.574081287496796, 41.160909693399752 ], [ -81.573950287769719, 41.160727693605388 ], [ -81.573865288028344, 41.160584693823488 ], [ -81.573798143856465, 41.160418540669326 ], [ -81.573747288318586, 41.160292694241349 ], [ -81.573709339858851, 41.160167385429467 ], [ -81.573651288697789, 41.159975694737867 ], [ -81.573599997908531, 41.159791481421557 ], [ -81.573580288895428, 41.159720695190046 ], [ -81.573541863941543, 41.159565274822086 ], [ -81.573513289156693, 41.159449695623692 ], [ -81.57349128927676, 41.159315695940819 ], [ -81.573486078988111, 41.15925178300688 ], [ -81.573476289380451, 41.159131696257163 ], [ -81.573463289546282, 41.158869696776861 ], [ -81.573460289616747, 41.158751697014786 ], [ -81.57344357372817, 41.158096821829432 ], [ -81.573426290461555, 41.157419699688624 ], [ -81.573421290552901, 41.157206700160408 ], [ -81.573413290876914, 41.156628701276212 ], [ -81.573392291239358, 41.156120702297088 ], [ -81.573381291323642, 41.155921702720029 ], [ -81.573355291445282, 41.155784702928884 ], [ -81.57331962599207, 41.155673743904863 ], [ -81.573283291630929, 41.155560703310798 ], [ -81.573211291819987, 41.155382703573935 ], [ -81.573189322798271, 41.155339375757393 ], [ -81.573175291925224, 41.155311703692668 ], [ -81.573165082302623, 41.155291480811464 ], [ -81.573123292025613, 41.155208703806004 ], [ -81.573057292169381, 41.15509570394395 ], [ -81.573035836965275, 41.155064465219439 ], [ -81.572932292478683, 41.154913704096067 ], [ -81.57287240321989, 41.154839161179531 ], [ -81.572838292600736, 41.154796704245229 ], [ -81.572752070232525, 41.15470202873594 ], [ -81.572685292891805, 41.154628704342478 ], [ -81.572455293327366, 41.15441070444809 ], [ -81.572149293811535, 41.154136704627952 ], [ -81.571091295491229, 41.153213704936682 ], [ -81.570977295661606, 41.153110705003677 ], [ -81.570763295995846, 41.152898705136195 ], [ -81.57052229632275, 41.152629705290451 ], [ -81.570386296606031, 41.152469705458074 ], [ -81.570343802920334, 41.15241592450333 ], [ -81.570258296768714, 41.152307705593678 ], [ -81.570001558134066, 41.151966874856704 ], [ -81.569855297474049, 41.151772706100886 ], [ -81.568953298780585, 41.150595707121212 ], [ -81.568480299507399, 41.149971707705582 ], [ -81.568077322607309, 41.14941473945111 ], [ -81.568077300006621, 41.149414708175343 ], [ -81.568043618669918, 41.149362772183885 ], [ -81.567946300246646, 41.149212708343121 ], [ -81.568184300011282, 41.149230708682857 ], [ -81.568271299873288, 41.14923570878674 ], [ -81.569392298879038, 41.149204710517409 ], [ -81.569334964538626, 41.147723697162284 ], [ -81.569333299537021, 41.147320714228172 ], [ -81.569324300245341, 41.145316718222595 ], [ -81.569330300572958, 41.144367720129864 ], [ -81.571957298734418, 41.144366724195848 ], [ -81.574538296919101, 41.144380728159781 ], [ -81.574651296839292, 41.144381728332505 ], [ -81.574776296751054, 41.144382728523802 ], [ -81.578972293788524, 41.144408734959079 ], [ -81.581380292083296, 41.144423738650794 ], [ -81.58260329121542, 41.144431740524631 ], [ -81.582560290807976, 41.1448587395342 ], [ -81.582544290655704, 41.145018739163369 ], [ -81.582544290646481, 41.145027739143906 ], [ -81.582543290638, 41.14503673912288 ], [ -81.582506290282808, 41.145410738256942 ], [ -81.583046289872911, 41.145413739078855 ], [ -81.585016288378313, 41.145422742081173 ], [ -81.5850092874567, 41.146228740302021 ], [ -81.584983047850287, 41.147979353019814 ], [ -81.5849662841905, 41.149097733952232 ], [ -81.586228282979945, 41.14910973583688 ], [ -81.587306281926615, 41.149108737431014 ] ] ], [ [ [ -81.565393302303079, 41.151410700288757 ], [ -81.565431393671574, 41.151313645872861 ], [ -81.565393386323549, 41.151410700289205 ], [ -81.565393302303079, 41.151410700288757 ] ] ], [ [ [ -81.566073301709054, 41.15062570286976 ], [ -81.566098600325745, 41.150728761911488 ], [ -81.566168301533253, 41.151012702207744 ], [ -81.566197301469487, 41.15118970190305 ], [ -81.566198301456453, 41.151252701780948 ], [ -81.565453350798776, 41.151257700356496 ], [ -81.565466302233276, 41.151224700788887 ], [ -81.565673302031769, 41.150852701786654 ], [ -81.565779301987902, 41.150701702247162 ], [ -81.565878301859925, 41.150610702602883 ], [ -81.566029301757354, 41.150525702933237 ], [ -81.566029301766079, 41.150525702958291 ], [ -81.566050919295847, 41.150574833754398 ], [ -81.566073301709054, 41.15062570286976 ] ] ] ] } },
{ "type": "Feature", "properties": { "UNIQUE_ID": "Summit-:-CUY FALLS 8-B (AMK)", "PRECNAME": "CUY FALLS 8-B", "PRECCODE": "AMK", "COUNTYFP": "153", "County": "Summit", "SLDL_DIST": "031", "total_pop": 1580, "age_under18": 447, "age_18_34": 220, "age_35_64": 687, "age_65plus": 226, "pop_hispanic": 0, "pop_white": 1130, "pop_black": 33, "pop_asian": 222, "pct_hispanic": 0.0, "pct_white": 78.5, "pct_black": 2.3, "pct_asian": 15.4, "pct_native": 0.0, "pct_multi": 0.0, "med_hh_income": 111458.0, "pct_bachelors_plus": 56.517963314357999, "pct_no_hs_diploma": 0.81012017710309914, "pct_some_college": 25.058444022770399 }, "geometry": { "type": "Polygon", "coordinates": [ [ [ -81.494581541820082, 41.203092553044826 ], [ -81.494545541511386, 41.202974553234235 ], [ -81.495140540898973, 41.202976552504701 ], [ -81.495462540535229, 41.20297255201104 ], [ -81.495958540112085, 41.202983551315491 ], [ -81.496132538816681, 41.202645551486462 ], [ -81.496387537164296, 41.202196551681681 ], [ -81.496547536131317, 41.201954551722494 ], [ -81.496762535040304, 41.201650551791218 ], [ -81.497009533686622, 41.201316551874363 ], [ -81.497228532637195, 41.20105355187637 ], [ -81.497606530875203, 41.200624551872821 ], [ -81.49781752997022, 41.200402551868393 ], [ -81.498876525487688, 41.199340551613616 ], [ -81.500035520406968, 41.198158551475288 ], [ -81.500631516573989, 41.197570552696178 ], [ -81.501294512240534, 41.196897554076756 ], [ -81.501503510784119, 41.19667355445462 ], [ -81.5017795090466, 41.196403555011337 ], [ -81.502300505676274, 41.195872556143833 ], [ -81.502528504199319, 41.195640556621875 ], [ -81.502687503206786, 41.195482556934245 ], [ -81.503138500335439, 41.195036557910804 ], [ -81.503742496469044, 41.194418559136381 ], [ -81.504129493926854, 41.193972560083658 ], [ -81.504364492296517, 41.193683560611973 ], [ -81.50463749027044, 41.193307561345485 ], [ -81.504680489935538, 41.193240561501938 ], [ -81.504763489346502, 41.193111561680304 ], [ -81.504901488327846, 41.19290856210975 ], [ -81.505119486548736, 41.192537562715003 ], [ -81.505482483289398, 41.1918485638978 ], [ -81.505846480171641, 41.191134565093776 ], [ -81.506532474252523, 41.189815567402931 ], [ -81.506897471072818, 41.189092568618044 ], [ -81.50707446960331, 41.188762569266437 ], [ -81.507288467809687, 41.188338569966795 ], [ -81.507304467688442, 41.188318569971827 ], [ -81.507663464772335, 41.187622571242485 ], [ -81.507849462980616, 41.187206571921699 ], [ -81.508010461596101, 41.186847572559827 ], [ -81.508116460428894, 41.186567573025272 ], [ -81.5082544589945, 41.186158573631204 ], [ -81.508382457175159, 41.185656574418196 ], [ -81.508512457512097, 41.185894574196986 ], [ -81.508571457749554, 41.186049574108587 ], [ -81.508597457944859, 41.186145574031642 ], [ -81.508615458217577, 41.186249573880488 ], [ -81.508625458578834, 41.186416573727193 ], [ -81.50862245888564, 41.186511573555691 ], [ -81.508632459262557, 41.186682573351383 ], [ -81.510016455324021, 41.186686574798422 ], [ -81.510273454698591, 41.186691575049124 ], [ -81.511257451885584, 41.186697576045056 ], [ -81.511543451090304, 41.186712576357969 ], [ -81.512506448394646, 41.186720577283175 ], [ -81.512683447802104, 41.186711577460699 ], [ -81.512806447404913, 41.186698577617776 ], [ -81.512879447168288, 41.186684577760687 ], [ -81.513033446610009, 41.186631577964818 ], [ -81.513111446268084, 41.186590578115748 ], [ -81.513195445855047, 41.186530578233601 ], [ -81.518176437280289, 41.18902357994989 ], [ -81.517918443064715, 41.191228576713378 ], [ -81.517940443071083, 41.191235576714341 ], [ -81.518000442968869, 41.191263576686296 ], [ -81.518023442960555, 41.191285576705276 ], [ -81.518040442899903, 41.191311576728182 ], [ -81.518049442916791, 41.19133657664625 ], [ -81.518056442926024, 41.191363576663868 ], [ -81.51802644444453, 41.191950575832983 ], [ -81.518028444702452, 41.192100575560723 ], [ -81.518035444857546, 41.19216157548879 ], [ -81.518045444868704, 41.192183575512267 ], [ -81.518068444855658, 41.192206575483972 ], [ -81.518102444766257, 41.192230575475783 ], [ -81.518147444704439, 41.192253575456114 ], [ -81.518384444190005, 41.192346575613804 ], [ -81.518452443981857, 41.192365575675694 ], [ -81.518542443771253, 41.192384575731872 ], [ -81.518767443174923, 41.192419575904275 ], [ -81.518820443030933, 41.192441575921258 ], [ -81.518863442889085, 41.192467575879718 ], [ -81.518907442918106, 41.192506575912574 ], [ -81.518942442904091, 41.192550575864772 ], [ -81.519054442867926, 41.192734575734505 ], [ -81.51909644285557, 41.192785575645757 ], [ -81.519150442887252, 41.19283857560702 ], [ -81.519221442739266, 41.192893575670347 ], [ -81.519300442572458, 41.192940575654433 ], [ -81.519379442412614, 41.192973575706546 ], [ -81.519466442269078, 41.193004575720948 ], [ -81.519581441939124, 41.193025575807155 ], [ -81.519690441590186, 41.193032575862546 ], [ -81.519831441150274, 41.193050576029208 ], [ -81.519989440703398, 41.193098576060521 ], [ -81.520110440436497, 41.193155576108282 ], [ -81.520230440180967, 41.193201576151196 ], [ -81.520335439975554, 41.193230576238101 ], [ -81.520468439523285, 41.193246576345665 ], [ -81.52082343844468, 41.19325457668301 ], [ -81.52094243808277, 41.193262576775211 ], [ -81.521034437834743, 41.193278576835041 ], [ -81.521149437533794, 41.193309576898535 ], [ -81.521246437278364, 41.193346576946787 ], [ -81.521332437121671, 41.193388576900297 ], [ -81.521430436870673, 41.193456576957445 ], [ -81.521506436877402, 41.193530576897111 ], [ -81.521566436782621, 41.19361357687194 ], [ -81.521611436866039, 41.193700576783357 ], [ -81.5217254373202, 41.194122576315131 ], [ -81.521813437764834, 41.19443357594691 ], [ -81.521860437731434, 41.194544575848958 ], [ -81.521918437783725, 41.194625575747715 ], [ -81.521983437756276, 41.194701575681691 ], [ -81.522062437554908, 41.194767575700418 ], [ -81.522169437406305, 41.194836575711307 ], [ -81.522271437159176, 41.194881575713879 ], [ -81.522374436814573, 41.19491357577769 ], [ -81.522493436491459, 41.194941575813942 ], [ -81.522573436341474, 41.194949575849179 ], [ -81.522772435661821, 41.194959576034876 ], [ -81.523043434740316, 41.194965576300788 ], [ -81.523229434206669, 41.194973576434826 ], [ -81.523352433790748, 41.194974576549299 ], [ -81.523549433113487, 41.194975576778013 ], [ -81.523619432878405, 41.194965576865613 ], [ -81.523736432406579, 41.19493957695876 ], [ -81.523850431938428, 41.194895577155485 ], [ -81.523935431620828, 41.194848577312612 ], [ -81.524000431293175, 41.19480057746209 ], [ -81.524069430969377, 41.194732577546183 ], [ -81.524496428591604, 41.194261578624491 ], [ -81.524611428016584, 41.194147578921992 ], [ -81.524728427481406, 41.194069579186412 ], [ -81.524836427101192, 41.194025579347176 ], [ -81.524916426769835, 41.193998579426669 ], [ -81.525006426494329, 41.193979579526228 ], [ -81.525078426171461, 41.193972579594615 ], [ -81.525204425735367, 41.193966579703179 ], [ -81.526432421841577, 41.1939595808972 ], [ -81.526431421827297, 41.193989580820137 ], [ -81.526418422210696, 41.194162580614886 ], [ -81.526422422524078, 41.19431658037918 ], [ -81.52646442255454, 41.194426580204308 ], [ -81.526500422550129, 41.194467580215687 ], [ -81.526541422474509, 41.194514580206679 ], [ -81.526611422389081, 41.194574580173708 ], [ -81.527273421089205, 41.195084580026879 ], [ -81.527389420875863, 41.195161579990348 ], [ -81.527616420465037, 41.195341579937917 ], [ -81.527957419818122, 41.195621579876047 ], [ -81.528198419380502, 41.195828579734616 ], [ -81.528341419037943, 41.195932579780255 ], [ -81.528627418378676, 41.196105579754239 ], [ -81.528863417859711, 41.19622257973294 ], [ -81.530372414140516, 41.197020579917243 ], [ -81.530442413870091, 41.197065579945189 ], [ -81.53051341379728, 41.19710057991098 ], [ -81.530619413491351, 41.197161579978513 ], [ -81.530862412952359, 41.197331579888285 ], [ -81.531051412539668, 41.197457579890163 ], [ -81.531267411954644, 41.19761157987336 ], [ -81.531362411733255, 41.197674579837383 ], [ -81.53151341142221, 41.197787579741998 ], [ -81.531602411270882, 41.197860579726367 ], [ -81.531817410818874, 41.198060579657202 ], [ -81.532013410494457, 41.198260579484064 ], [ -81.532157410158646, 41.198415579369716 ], [ -81.53232040984372, 41.198574579293194 ], [ -81.532455409687017, 41.198716579153455 ], [ -81.532569409445031, 41.198825579141875 ], [ -81.532719409149493, 41.198980579024074 ], [ -81.533075408423258, 41.199314578814125 ], [ -81.533212408018784, 41.199417578736501 ], [ -81.533600407200879, 41.199756578598333 ], [ -81.533670407036027, 41.199808578544925 ], [ -81.53419340585863, 41.200256578322254 ], [ -81.534293405588571, 41.200336578236694 ], [ -81.534426405282318, 41.20045457822166 ], [ -81.534937404094691, 41.200887577908496 ], [ -81.53526440323121, 41.201143577797829 ], [ -81.535663402183118, 41.201417577751791 ], [ -81.53608340101394, 41.20168157764342 ], [ -81.536301400389036, 41.201803577635722 ], [ -81.536919398545891, 41.202124577595768 ], [ -81.537227397622729, 41.202274577632089 ], [ -81.537474396865207, 41.20238457763746 ], [ -81.537706396097704, 41.202481577721237 ], [ -81.537813395866081, 41.202531577720293 ], [ -81.537935395463037, 41.202601577715342 ], [ -81.538105394981002, 41.202725577609051 ], [ -81.538245394545058, 41.202819577590738 ], [ -81.538288394443413, 41.202846577578384 ], [ -81.538138395040932, 41.202852577478787 ], [ -81.530237424082003, 41.202852570941715 ], [ -81.517036472055807, 41.202552560537669 ], [ -81.516129475510965, 41.202604559723568 ], [ -81.511836491889582, 41.202852555847322 ], [ -81.511498493213949, 41.202853555560118 ], [ -81.511036494906733, 41.202852555187938 ], [ -81.507443508207913, 41.202899552160083 ], [ -81.505199516573015, 41.202930550291548 ], [ -81.505045529708724, 41.207197545032614 ], [ -81.504002533739254, 41.207193544168824 ], [ -81.502392540023891, 41.207208542916767 ], [ -81.501723542691167, 41.207216542450666 ], [ -81.500163548837435, 41.20723454123781 ], [ -81.497058552535421, 41.207237544961551 ], [ -81.494071555737676, 41.207239548916078 ], [ -81.494154555116253, 41.207083548977081 ], [ -81.494307553982395, 41.206798549138973 ], [ -81.494368553584863, 41.206680549210326 ], [ -81.497032550802601, 41.20668754563598 ], [ -81.497052549807904, 41.206380545975996 ], [ -81.495863549816278, 41.20597554797682 ], [ -81.495784549841389, 41.205973548133514 ], [ -81.495726548477549, 41.205516548733797 ], [ -81.494906549283954, 41.205500549854001 ], [ -81.494937548980516, 41.205426549919054 ], [ -81.495108547602456, 41.205036550140541 ], [ -81.495180546895597, 41.204874550166402 ], [ -81.495235546489752, 41.204747550284651 ], [ -81.495313545532881, 41.204490550449513 ], [ -81.495122544566016, 41.20412755116201 ], [ -81.494976543895405, 41.203868551668428 ], [ -81.494693542554941, 41.203339552644238 ], [ -81.494581541820082, 41.203092553044826 ] ] ] } },
{ "type": "Feature", "properties": { "UNIQUE_ID": "Summit-:-CUY FALLS 8-C (AMM)", "PRECNAME": "CUY FALLS 8-C", "PRECCODE": "AMM", "COUNTYFP": "153", "County": "Summit", "SLDL_DIST": "031", "total_pop": 1336, "age_under18": 313, "age_18_34": 256, "age_35_64": 509, "age_65plus": 258, "pop_hispanic": 11, "pop_white": 1136, "pop_black": 5, "pop_asian": 8, "pct_hispanic": 0.9, "pct_white": 97.8, "pct_black": 0.4, "pct_asian": 0.7, "pct_native": 0.0, "pct_multi": 0.0, "med_hh_income": 112881.0, "pct_bachelors_plus": 54.130538922155687, "pct_no_hs_diploma": 1.9308383233532933, "pct_some_college": 21.38293413173653 }, "geometry": { "type": "MultiPolygon", "coordinates": [ [ [ [ -81.508558423417256, 41.173544589654774 ], [ -81.508912422595543, 41.173551590074077 ], [ -81.50965242102707, 41.173557590970461 ], [ -81.510327419620452, 41.173573591790088 ], [ -81.511142417789031, 41.173579592723286 ], [ -81.511538416963873, 41.173575593225578 ], [ -81.511876416238721, 41.173580593589996 ], [ -81.512582414726822, 41.173598594419104 ], [ -81.513027413788137, 41.173602594963747 ], [ -81.513629412440267, 41.17361759559406 ], [ -81.514036411619045, 41.173621596125592 ], [ -81.514749410117361, 41.173641596955569 ], [ -81.516903405523991, 41.173698599416568 ], [ -81.517089405059394, 41.173691599599628 ], [ -81.517193404793034, 41.173678599754183 ], [ -81.517384404318562, 41.173633600081068 ], [ -81.517455404013802, 41.173609600123292 ], [ -81.517622403467101, 41.173536600472751 ], [ -81.517713403197533, 41.173487600608318 ], [ -81.517815402799073, 41.173425600806958 ], [ -81.518025402125474, 41.173284601318024 ], [ -81.518170401621234, 41.173205601545241 ], [ -81.518258401305857, 41.173169601730415 ], [ -81.518365400990618, 41.173139601908694 ], [ -81.518455400777142, 41.173124602018028 ], [ -81.518601400418348, 41.173115602232237 ], [ -81.518972399682141, 41.173114602629845 ], [ -81.519185399156157, 41.173118602908708 ], [ -81.520145397112344, 41.173117604048365 ], [ -81.524119388451581, 41.173126608772797 ], [ -81.524283388175718, 41.173124608924674 ], [ -81.52426239016286, 41.174115607488439 ], [ -81.524296390403038, 41.174282607284304 ], [ -81.524360390522787, 41.174403607234836 ], [ -81.524459390476679, 41.174546607070418 ], [ -81.524551390553924, 41.174681607060045 ], [ -81.524655390558451, 41.174823606949047 ], [ -81.524832390690733, 41.175074606770998 ], [ -81.524903390796112, 41.175213606634181 ], [ -81.524911390917239, 41.175260606614501 ], [ -81.52494439112958, 41.175431606380251 ], [ -81.525072391382295, 41.175727606101219 ], [ -81.525255391413921, 41.175948606030246 ], [ -81.525438391312193, 41.1761176059577 ], [ -81.525568391517581, 41.176412605723748 ], [ -81.527660386560996, 41.176330608218713 ], [ -81.529054383183905, 41.176312609826454 ], [ -81.53068737941004, 41.1763266117214 ], [ -81.530696379060089, 41.176087612097902 ], [ -81.530631378626538, 41.175703612567609 ], [ -81.530374378536123, 41.175296612875343 ], [ -81.530298378240118, 41.175056613166994 ], [ -81.530262377825892, 41.174696613650639 ], [ -81.530129377644712, 41.174474613871915 ], [ -81.529654377818105, 41.173881614239818 ], [ -81.529488377558252, 41.173543614496708 ], [ -81.529472376885536, 41.173105615119447 ], [ -81.530499374633408, 41.173099616372141 ], [ -81.531400372696041, 41.173088617475862 ], [ -81.532108371178367, 41.173096618331158 ], [ -81.533535368090142, 41.173099620033824 ], [ -81.53383636739261, 41.173095620337804 ], [ -81.535205364437886, 41.173097622018787 ], [ -81.536226362241976, 41.173111623235854 ], [ -81.53620036280995, 41.173457622589645 ], [ -81.536175363431624, 41.173921621823759 ], [ -81.536162364106048, 41.17440862108662 ], [ -81.536163365005535, 41.175103619960865 ], [ -81.536177365878956, 41.175709618994027 ], [ -81.536183368629651, 41.177775615775737 ], [ -81.536191369453093, 41.178411614734614 ], [ -81.536200372714902, 41.180846610891578 ], [ -81.534537376961566, 41.18085660906069 ], [ -81.531022385970971, 41.18086960515204 ], [ -81.530171388201424, 41.180878604178766 ], [ -81.529414390129034, 41.180880603426949 ], [ -81.529294390448598, 41.180883603216841 ], [ -81.529181390738046, 41.180886603148288 ], [ -81.528175393327786, 41.180881602009272 ], [ -81.526851396725519, 41.180887600592449 ], [ -81.526798398466426, 41.181756599258762 ], [ -81.526744401125654, 41.183185597054184 ], [ -81.526714403680245, 41.184553595020567 ], [ -81.526704404105246, 41.184774594673158 ], [ -81.526696404965605, 41.185176594093747 ], [ -81.526670406150785, 41.185815593115144 ], [ -81.526612409910442, 41.1877515902368 ], [ -81.526596411340833, 41.188547588988619 ], [ -81.526593411587413, 41.188674588849601 ], [ -81.526583412191869, 41.188952588380864 ], [ -81.526580412653189, 41.189241587947741 ], [ -81.526547414512947, 41.190192586584018 ], [ -81.526546414838705, 41.190381586312533 ], [ -81.526513416992429, 41.191455584665881 ], [ -81.526511417263478, 41.191614584463004 ], [ -81.526456420484593, 41.193254582004244 ], [ -81.526454420502333, 41.193320581829305 ], [ -81.526450421147942, 41.193624581441284 ], [ -81.526432421841577, 41.1939595808972 ], [ -81.525204425735367, 41.193966579703179 ], [ -81.525078426171461, 41.193972579594615 ], [ -81.525006426494329, 41.193979579526228 ], [ -81.524916426769835, 41.193998579426669 ], [ -81.524836427101192, 41.194025579347176 ], [ -81.524728427481406, 41.194069579186412 ], [ -81.524611428016584, 41.194147578921992 ], [ -81.524496428591604, 41.194261578624491 ], [ -81.524069430969377, 41.194732577546183 ], [ -81.524000431293175, 41.19480057746209 ], [ -81.523935431620828, 41.194848577312612 ], [ -81.523850431938428, 41.194895577155485 ], [ -81.523736432406579, 41.19493957695876 ], [ -81.523619432878405, 41.194965576865613 ], [ -81.523549433113487, 41.194975576778013 ], [ -81.523352433790748, 41.194974576549299 ], [ -81.523229434206669, 41.194973576434826 ], [ -81.523043434740316, 41.194965576300788 ], [ -81.522772435661821, 41.194959576034876 ], [ -81.522573436341474, 41.194949575849179 ], [ -81.522493436491459, 41.194941575813942 ], [ -81.522374436814573, 41.19491357577769 ], [ -81.522271437159176, 41.194881575713879 ], [ -81.522169437406305, 41.194836575711307 ], [ -81.522062437554908, 41.194767575700418 ], [ -81.521983437756276, 41.194701575681691 ], [ -81.521918437783725, 41.194625575747715 ], [ -81.521860437731434, 41.194544575848958 ], [ -81.521813437764834, 41.19443357594691 ], [ -81.5217254373202, 41.194122576315131 ], [ -81.521611436866039, 41.193700576783357 ], [ -81.521566436782621, 41.19361357687194 ], [ -81.521506436877402, 41.193530576897111 ], [ -81.521430436870673, 41.193456576957445 ], [ -81.521332437121671, 41.193388576900297 ], [ -81.521246437278364, 41.193346576946787 ], [ -81.521149437533794, 41.193309576898535 ], [ -81.521034437834743, 41.193278576835041 ], [ -81.52094243808277, 41.193262576775211 ], [ -81.52082343844468, 41.19325457668301 ], [ -81.520468439523285, 41.193246576345665 ], [ -81.520335439975554, 41.193230576238101 ], [ -81.520230440180967, 41.193201576151196 ], [ -81.520110440436497, 41.193155576108282 ], [ -81.519989440703398, 41.193098576060521 ], [ -81.519831441150274, 41.193050576029208 ], [ -81.519690441590186, 41.193032575862546 ], [ -81.519581441939124, 41.193025575807155 ], [ -81.519466442269078, 41.193004575720948 ], [ -81.519379442412614, 41.192973575706546 ], [ -81.519300442572458, 41.192940575654433 ], [ -81.519221442739266, 41.192893575670347 ], [ -81.519150442887252, 41.19283857560702 ], [ -81.51909644285557, 41.192785575645757 ], [ -81.519054442867926, 41.192734575734505 ], [ -81.518942442904091, 41.192550575864772 ], [ -81.518907442918106, 41.192506575912574 ], [ -81.518863442889085, 41.192467575879718 ], [ -81.518820443030933, 41.192441575921258 ], [ -81.518767443174923, 41.192419575904275 ], [ -81.518542443771253, 41.192384575731872 ], [ -81.518452443981857, 41.192365575675694 ], [ -81.518384444190005, 41.192346575613804 ], [ -81.518147444704439, 41.192253575456114 ], [ -81.518102444766257, 41.192230575475783 ], [ -81.518068444855658, 41.192206575483972 ], [ -81.518045444868704, 41.192183575512267 ], [ -81.518035444857546, 41.19216157548879 ], [ -81.518028444702452, 41.192100575560723 ], [ -81.51802644444453, 41.191950575832983 ], [ -81.518056442926024, 41.191363576663868 ], [ -81.518049442916791, 41.19133657664625 ], [ -81.518040442899903, 41.191311576728182 ], [ -81.518023442960555, 41.191285576705276 ], [ -81.518000442968869, 41.191263576686296 ], [ -81.517940443071083, 41.191235576714341 ], [ -81.517918443064715, 41.191228576713378 ], [ -81.518176437280289, 41.18902357994989 ], [ -81.513195445855047, 41.186530578233601 ], [ -81.513111446268084, 41.186590578115748 ], [ -81.513033446610009, 41.186631577964818 ], [ -81.512879447168288, 41.186684577760687 ], [ -81.512806447404913, 41.186698577617776 ], [ -81.512683447802104, 41.186711577460699 ], [ -81.512506448394646, 41.186720577283175 ], [ -81.511543451090304, 41.186712576357969 ], [ -81.511257451885584, 41.186697576045056 ], [ -81.510273454698591, 41.186691575049124 ], [ -81.510016455324021, 41.186686574798422 ], [ -81.508632459262557, 41.186682573351383 ], [ -81.50862245888564, 41.186511573555691 ], [ -81.508625458578834, 41.186416573727193 ], [ -81.508615458217577, 41.186249573880488 ], [ -81.508597457944859, 41.186145574031642 ], [ -81.508571457749554, 41.186049574108587 ], [ -81.508512457512097, 41.185894574196986 ], [ -81.508382457175159, 41.185656574418196 ], [ -81.508465455791097, 41.185243575022952 ], [ -81.508516454809666, 41.184916575461585 ], [ -81.508560453598861, 41.184533576000163 ], [ -81.508580452563109, 41.184171576487877 ], [ -81.508587451425399, 41.183786576917939 ], [ -81.508579449440802, 41.183031577884819 ], [ -81.508574447836523, 41.182443578641532 ], [ -81.508587446263419, 41.181901579257087 ], [ -81.508581444652023, 41.181297580057091 ], [ -81.508568443752324, 41.180972580471803 ], [ -81.50855944299137, 41.180683580782855 ], [ -81.508555442138146, 41.180339581215165 ], [ -81.508560440794213, 41.179879581816309 ], [ -81.508556439758209, 41.179504582291408 ], [ -81.508557437625882, 41.178707583298397 ], [ -81.508559432135243, 41.176726585740866 ], [ -81.508563430093844, 41.175994586665084 ], [ -81.508557428990727, 41.175571587131685 ], [ -81.508558425688264, 41.174390588645366 ], [ -81.508553424773027, 41.174051589090126 ], [ -81.508558423417256, 41.173544589654774 ] ] ], [ [ [ -81.586753241732936, 41.181973663797955 ], [ -81.58665624221446, 41.181788664028772 ], [ -81.586560242665158, 41.181620664354313 ], [ -81.586483243125343, 41.181498664554255 ], [ -81.586538242890242, 41.181489664564054 ], [ -81.586839242226773, 41.181406665091949 ], [ -81.586818242159438, 41.181541664803625 ], [ -81.586753241732936, 41.181973663797955 ] ] ] ] } },
{ "type": "Feature", "properties": { "UNIQUE_ID": "Summit-:-CUY FALLS 8-D (AMN)", "PRECNAME": "CUY FALLS 8-D", "PRECCODE": "AMN", "COUNTYFP": "153", "County": "Summit", "SLDL_DIST": "031", "total_pop": 1214, "age_under18": 271, "age_18_34": 216, "age_35_64": 473, "age_65plus": 254, "pop_hispanic": 4, "pop_white": 966, "pop_black": 23, "pop_asian": 76, "pct_hispanic": 0.3, "pct_white": 84.2, "pct_black": 2.0, "pct_asian": 6.6, "pct_native": 0.0, "pct_multi": 0.3, "med_hh_income": 134970.0, "pct_bachelors_plus": 63.083934426229519, "pct_no_hs_diploma": 2.2701639344262294, "pct_some_college": 26.345737704918037 }, "geometry": { "type": "Polygon", "coordinates": [ [ [ -81.533313335390829, 41.150809654377554 ], [ -81.533235335161265, 41.150653654499855 ], [ -81.533891334804068, 41.150813655281489 ], [ -81.533897335593394, 41.151339654394711 ], [ -81.534078335322093, 41.151341654726956 ], [ -81.534247335135916, 41.151338654899703 ], [ -81.534420334950042, 41.151327655224364 ], [ -81.534403334883422, 41.151280655222592 ], [ -81.534400334917095, 41.151247655279107 ], [ -81.534429333560539, 41.150311656783202 ], [ -81.534462332340851, 41.149484658121899 ], [ -81.534482331024137, 41.148585659636723 ], [ -81.53449133081854, 41.148488659787056 ], [ -81.534346327154893, 41.145862663662186 ], [ -81.535643326136693, 41.145820665691112 ], [ -81.535637328134541, 41.147269663424616 ], [ -81.535609333657533, 41.151315656949997 ], [ -81.536005333243807, 41.151314657556945 ], [ -81.536298332963312, 41.151322658001618 ], [ -81.536459332800419, 41.151329658208233 ], [ -81.536593332647229, 41.151330658383138 ], [ -81.536878332338546, 41.151314658801198 ], [ -81.537002332202533, 41.151300659042285 ], [ -81.537136332092487, 41.151278659222356 ], [ -81.537509331495258, 41.151172659962675 ], [ -81.537643331389873, 41.151153660190595 ], [ -81.537738331297319, 41.151145660337001 ], [ -81.537786327625255, 41.14832166500306 ], [ -81.541088324516224, 41.148196670137935 ], [ -81.542969322735701, 41.148125673051929 ], [ -81.543011318879991, 41.144205679699894 ], [ -81.541534319856694, 41.144244677296953 ], [ -81.541630318730043, 41.143156679319702 ], [ -81.541614317806349, 41.142340680636465 ], [ -81.540606318447701, 41.14235667903354 ], [ -81.540686317388648, 41.141476680602452 ], [ -81.542574315900168, 41.14104468429128 ], [ -81.54457431351041, 41.13960468992299 ], [ -81.544510312685077, 41.138612691473639 ], [ -81.542750313680031, 41.138868688237807 ], [ -81.542504312934682, 41.138098689116227 ], [ -81.542735312792715, 41.138062689563071 ], [ -81.543008312745471, 41.138015690033129 ], [ -81.543489312472147, 41.137918690963311 ], [ -81.544573311806644, 41.137688693145158 ], [ -81.546478310730961, 41.137277696977968 ], [ -81.546510310182896, 41.136612698103988 ], [ -81.547501309871635, 41.136563699885954 ], [ -81.547436310043636, 41.136790699367715 ], [ -81.547395310216857, 41.136888699115246 ], [ -81.547344310263327, 41.136959698946015 ], [ -81.547229310312972, 41.137058698603063 ], [ -81.547270310376035, 41.137105698556795 ], [ -81.547306310402419, 41.137167698537986 ], [ -81.547327310528075, 41.137241698397105 ], [ -81.547351310660474, 41.137433698100516 ], [ -81.547357310644571, 41.137476698039897 ], [ -81.547395310742544, 41.137687697737896 ], [ -81.547441310915474, 41.137890697435864 ], [ -81.547450310915139, 41.137909697417079 ], [ -81.549076310130516, 41.137566700653323 ], [ -81.548764309727986, 41.136935701295336 ], [ -81.54845330939699, 41.136307701852161 ], [ -81.54838530939486, 41.136169701997218 ], [ -81.548396309144792, 41.135891702521754 ], [ -81.548939309002165, 41.135852703483195 ], [ -81.549058309099081, 41.136020703397442 ], [ -81.550623308678695, 41.136031705919002 ], [ -81.550741308809904, 41.136307705667733 ], [ -81.550809308785077, 41.136307705738659 ], [ -81.551539309496633, 41.137952704013983 ], [ -81.551642309514449, 41.138033704088684 ], [ -81.549564311450041, 41.139951697263356 ], [ -81.549683311487101, 41.140048697348142 ], [ -81.550012311557779, 41.140307697430728 ], [ -81.551709309845194, 41.138839702746544 ], [ -81.551704310029152, 41.13922770204659 ], [ -81.55026931152598, 41.140510697422037 ], [ -81.550286311465356, 41.140523697487374 ], [ -81.550552311525905, 41.140738697488267 ], [ -81.551199311526062, 41.141248697655953 ], [ -81.551935310744469, 41.140705699794189 ], [ -81.552549310679353, 41.141057700142426 ], [ -81.552785310479337, 41.140964700658039 ], [ -81.553063310330757, 41.140892701178792 ], [ -81.553154310046594, 41.140459702127139 ], [ -81.5534083099745, 41.14068570214053 ], [ -81.554769309612908, 41.1413147031991 ], [ -81.55433331005456, 41.14192670132212 ], [ -81.5559143093746, 41.142759702331382 ], [ -81.555026310241459, 41.143474699670534 ], [ -81.555179310218705, 41.143554699707664 ], [ -81.556135309331609, 41.142776702678475 ], [ -81.556352309174073, 41.142900702762255 ], [ -81.558049308381399, 41.143813703711345 ], [ -81.55886730757004, 41.142838706800433 ], [ -81.560132306849141, 41.143446707638667 ], [ -81.558731308166173, 41.145452701725127 ], [ -81.559011307978992, 41.145542701927212 ], [ -81.559216307805869, 41.145593702166465 ], [ -81.559574307632786, 41.145660702620688 ], [ -81.559261308044796, 41.146672700240664 ], [ -81.558949308414427, 41.147480698246838 ], [ -81.56091330667735, 41.1475517010442 ], [ -81.56091330680151, 41.147851700505349 ], [ -81.560927306781707, 41.14891369854309 ], [ -81.561501306306468, 41.148913699323884 ], [ -81.563604304371523, 41.147882704472146 ], [ -81.563733304309636, 41.147820704787392 ], [ -81.563795304196432, 41.14788570473867 ], [ -81.56398930408055, 41.148085704713289 ], [ -81.564219303828921, 41.148054705053255 ], [ -81.566135302135095, 41.147802708444424 ], [ -81.566317301841778, 41.148541707294441 ], [ -81.564637303317994, 41.14874570435547 ], [ -81.564841303153955, 41.148952704269 ], [ -81.565093302905566, 41.149201704172079 ], [ -81.565368302625302, 41.149496704007923 ], [ -81.565482302473995, 41.149617703940393 ], [ -81.565708302149019, 41.149882703715328 ], [ -81.565833302004748, 41.150075703541852 ], [ -81.565962301902772, 41.150333703268913 ], [ -81.56602930176544, 41.150525702928668 ], [ -81.565878301859925, 41.150610702602883 ], [ -81.565779301987902, 41.150701702247162 ], [ -81.565673302031769, 41.150852701786654 ], [ -81.565466302233276, 41.151224700788887 ], [ -81.565393302303079, 41.151410700288757 ], [ -81.565228302443572, 41.151831699273671 ], [ -81.56509030253028, 41.152239698239782 ], [ -81.565003302528993, 41.152669697293184 ], [ -81.565002302490512, 41.152738697163983 ], [ -81.564740302936571, 41.151400699401528 ], [ -81.557087311012182, 41.151284688426756 ], [ -81.55723130964904, 41.146516697444156 ], [ -81.555599310952573, 41.146484695021712 ], [ -81.554031311648274, 41.145140695074545 ], [ -81.555332310227143, 41.143810699506837 ], [ -81.555199310263504, 41.14374469938533 ], [ -81.554903310389193, 41.143589699233679 ], [ -81.554898310430431, 41.14359469922401 ], [ -81.554841310401599, 41.143647699063543 ], [ -81.553951311364457, 41.14448469610516 ], [ -81.553632311465165, 41.144212696104532 ], [ -81.553120311724129, 41.144052695587391 ], [ -81.553161311660915, 41.143956695856993 ], [ -81.553096311752483, 41.14399869570893 ], [ -81.552020312504908, 41.144126693763823 ], [ -81.55198231261474, 41.144243693552937 ], [ -81.551960312666651, 41.144308693364856 ], [ -81.55183131284997, 41.144518692779613 ], [ -81.551469313422473, 41.144914691502628 ], [ -81.551418313428044, 41.144962691319058 ], [ -81.551294313575781, 41.145117690901785 ], [ -81.551246313646317, 41.145187690733167 ], [ -81.551183313752446, 41.145292690390924 ], [ -81.551160313800921, 41.145341690302281 ], [ -81.551090314007482, 41.145525689827473 ], [ -81.551051314161086, 41.145682689564268 ], [ -81.551359313846078, 41.145668690024273 ], [ -81.551599313720843, 41.145668690362086 ], [ -81.551766314053594, 41.146432689294713 ], [ -81.551915314091801, 41.146938688565896 ], [ -81.552124314214836, 41.147325688203956 ], [ -81.552403314195715, 41.147752687839628 ], [ -81.552127314404459, 41.147732687540262 ], [ -81.55078931556028, 41.147746685489253 ], [ -81.550759315646019, 41.147809685328887 ], [ -81.550707315765891, 41.147902685024881 ], [ -81.550622315925736, 41.148037684732216 ], [ -81.550563316019137, 41.148122684440452 ], [ -81.550444316144151, 41.14827568405466 ], [ -81.550288316443357, 41.148463683415343 ], [ -81.550135316730717, 41.148638682913088 ], [ -81.549952317044429, 41.148857682257201 ], [ -81.549776317279708, 41.149098681518595 ], [ -81.549641317592915, 41.149318681018364 ], [ -81.549479317982858, 41.149617680221965 ], [ -81.549261318431661, 41.150076679110917 ], [ -81.549082318908177, 41.150433678169065 ], [ -81.548927319212865, 41.150705677531512 ], [ -81.548812319445659, 41.150878677043004 ], [ -81.548666319719828, 41.151071676438825 ], [ -81.548595319917339, 41.151156676229554 ], [ -81.548453320178254, 41.151305675723975 ], [ -81.54832232028896, 41.151278675613142 ], [ -81.548192320454817, 41.151275675418042 ], [ -81.548080320541786, 41.151278675291103 ], [ -81.547668320944709, 41.151276674620817 ], [ -81.547135321548794, 41.151266673869515 ], [ -81.546435322219438, 41.151266672887893 ], [ -81.545855322907201, 41.151276671961853 ], [ -81.54559732318225, 41.151285671638668 ], [ -81.544942323898297, 41.151295670649674 ], [ -81.543639325173459, 41.151304668727661 ], [ -81.542966325990577, 41.151315667738899 ], [ -81.542578326394022, 41.151322667177332 ], [ -81.542357326583215, 41.151334666827843 ], [ -81.542061326986982, 41.151374666294046 ], [ -81.541883327151268, 41.151420665941949 ], [ -81.541718327409967, 41.151450665697332 ], [ -81.54152032761202, 41.151468665304989 ], [ -81.541377327836784, 41.151473665162356 ], [ -81.541316327847895, 41.151470665018707 ], [ -81.541167327992184, 41.151453664868399 ], [ -81.540945328133589, 41.151407664608342 ], [ -81.540827328294995, 41.151366664488961 ], [ -81.540765328239488, 41.151334664510038 ], [ -81.540534335376918, 41.157454654026829 ], [ -81.540684335023258, 41.157326654445797 ], [ -81.540788334797824, 41.157244654746684 ], [ -81.540956334456894, 41.157124655193627 ], [ -81.542079332176087, 41.15637465802741 ], [ -81.542185331943728, 41.156297658312269 ], [ -81.542327331683111, 41.156202658603533 ], [ -81.542740330813501, 41.155870659766762 ], [ -81.542953330297507, 41.155680660373022 ], [ -81.543106330009323, 41.155532660886301 ], [ -81.543274329602568, 41.155348661377637 ], [ -81.543543328980476, 41.155033662350668 ], [ -81.544022327833787, 41.154449663998747 ], [ -81.544734327570637, 41.155236663667552 ], [ -81.545662326500548, 41.155220664959671 ], [ -81.544990328164729, 41.15613266251772 ], [ -81.54513932847486, 41.156778661574087 ], [ -81.543970329407657, 41.156115661060191 ], [ -81.543038330600652, 41.156100659772648 ], [ -81.542814333200397, 41.158340655755019 ], [ -81.541166335572868, 41.158404653360428 ], [ -81.541006336716435, 41.159300651681782 ], [ -81.540889336944673, 41.159343651492094 ], [ -81.54082833708901, 41.159366651336668 ], [ -81.540730337255141, 41.159370651189299 ], [ -81.540668337305775, 41.159374651063722 ], [ -81.540604337433777, 41.159380651044643 ], [ -81.540535337512608, 41.159384650911605 ], [ -81.540469337605529, 41.159389650774024 ], [ -81.540406337700603, 41.159396650697992 ], [ -81.540293337873081, 41.159410650539002 ], [ -81.540183338057773, 41.159422650400948 ], [ -81.540073338305731, 41.159435650218455 ], [ -81.539954338508551, 41.159449650024506 ], [ -81.539891338591644, 41.15945764990802 ], [ -81.539827338723143, 41.159461649785896 ], [ -81.539704338825928, 41.159467649667405 ], [ -81.539642338905637, 41.15946864952744 ], [ -81.53957633900464, 41.159466649442685 ], [ -81.53951333916649, 41.159463649349831 ], [ -81.539452339238665, 41.159460649314582 ], [ -81.539347339372071, 41.159458649150949 ], [ -81.539245339555293, 41.159460649052775 ], [ -81.539136339678592, 41.15946164886914 ], [ -81.539021339878161, 41.159461648674203 ], [ -81.538908339982299, 41.159461648556082 ], [ -81.538802340202466, 41.159460648400952 ], [ -81.538721340230055, 41.159456648327804 ], [ -81.538657340372993, 41.159448648265567 ], [ -81.538612340383921, 41.15943764823087 ], [ -81.538567340451323, 41.159403648217705 ], [ -81.538713340076526, 41.15925564862993 ], [ -81.538542340268677, 41.159252648436592 ], [ -81.537774341553927, 41.159316647235727 ], [ -81.53702734272332, 41.159392646072028 ], [ -81.53702534277096, 41.159449645991025 ], [ -81.537001344206018, 41.160513644302469 ], [ -81.536991345015139, 41.161126643299234 ], [ -81.536993345291577, 41.16131264300715 ], [ -81.536993345362589, 41.161392642904467 ], [ -81.537075345061751, 41.161297643160978 ], [ -81.537165344805928, 41.161150643520422 ], [ -81.537373343826914, 41.160719644427239 ], [ -81.537484343526316, 41.160542644896665 ], [ -81.537607343080722, 41.160385645322343 ], [ -81.537860342354364, 41.16011364608466 ], [ -81.539230340745107, 41.160500647330934 ], [ -81.539166342175548, 41.161572645498737 ], [ -81.544738333531669, 41.161752652592838 ], [ -81.544738334112921, 41.162452651415101 ], [ -81.545638333724341, 41.163652650530167 ], [ -81.546138332872246, 41.163652651229413 ], [ -81.545540335208514, 41.16514264787142 ], [ -81.545175335916213, 41.165219647253856 ], [ -81.544919336336505, 41.165264646895125 ], [ -81.544745336716318, 41.165289646581861 ], [ -81.544591336936037, 41.165305646392611 ], [ -81.544164337790775, 41.16532564583477 ], [ -81.544009338049335, 41.16533664559946 ], [ -81.543889338242678, 41.16535364536594 ], [ -81.543811338463811, 41.165370645254825 ], [ -81.543680338681881, 41.165415644994802 ], [ -81.543604338855758, 41.165453644846359 ], [ -81.54351933905312, 41.165512644683979 ], [ -81.543416339324764, 41.165596644399713 ], [ -81.542904340739014, 41.166064642920794 ], [ -81.542789341017638, 41.16617164262334 ], [ -81.542670341400367, 41.166268642352236 ], [ -81.542544341717473, 41.166351642026427 ], [ -81.542461341855983, 41.166395641841675 ], [ -81.542372342061569, 41.166430641658607 ], [ -81.542269342251373, 41.166456641474483 ], [ -81.542137342517307, 41.166476641321069 ], [ -81.541959342851484, 41.166480641042803 ], [ -81.540985344597971, 41.166439639916064 ], [ -81.540841344927813, 41.166436639668596 ], [ -81.540608345344751, 41.16642363942448 ], [ -81.539960346472597, 41.166404638588233 ], [ -81.539285347728807, 41.166401637799822 ], [ -81.538945348243288, 41.166402637365557 ], [ -81.538571348939882, 41.16639363685411 ], [ -81.537661350678434, 41.16640563570342 ], [ -81.536856352182838, 41.166437634644687 ], [ -81.536830352980175, 41.167022633663571 ], [ -81.536786353499835, 41.167408632945524 ], [ -81.536735354450713, 41.167990631971399 ], [ -81.536713354934193, 41.168328631451644 ], [ -81.536684355236304, 41.168578631004486 ], [ -81.536658355803496, 41.168906630468776 ], [ -81.536624356229908, 41.169204629911654 ], [ -81.536088357441841, 41.169345629044756 ], [ -81.534138362966701, 41.170453624845159 ], [ -81.533138364625842, 41.17025462391463 ], [ -81.532238366675415, 41.170354622681906 ], [ -81.531437369366941, 41.171055620648595 ], [ -81.532037369077912, 41.171655620465906 ], [ -81.532337370227538, 41.172856618993961 ], [ -81.531437372195299, 41.172856617883554 ], [ -81.530937372955776, 41.172657617608451 ], [ -81.530499374633408, 41.173099616372141 ], [ -81.529472376885536, 41.173105615119447 ], [ -81.529488377558252, 41.173543614496708 ], [ -81.529654377818105, 41.173881614239818 ], [ -81.530129377644712, 41.174474613871915 ], [ -81.530262377825892, 41.174696613650639 ], [ -81.530298378240118, 41.175056613166994 ], [ -81.530374378536123, 41.175296612875343 ], [ -81.530631378626538, 41.175703612567609 ], [ -81.530696379060089, 41.176087612097902 ], [ -81.53068737941004, 41.1763266117214 ], [ -81.529054383183905, 41.176312609826454 ], [ -81.527660386560996, 41.176330608218713 ], [ -81.525568391517581, 41.176412605723748 ], [ -81.525438391312193, 41.1761176059577 ], [ -81.525255391413921, 41.175948606030246 ], [ -81.525072391382295, 41.175727606101219 ], [ -81.52494439112958, 41.175431606380251 ], [ -81.524911390917239, 41.175260606614501 ], [ -81.524903390796112, 41.175213606634181 ], [ -81.524832390690733, 41.175074606770998 ], [ -81.524655390558451, 41.174823606949047 ], [ -81.524551390553924, 41.174681607060045 ], [ -81.524459390476679, 41.174546607070418 ], [ -81.524360390522787, 41.174403607234836 ], [ -81.524296390403038, 41.174282607284304 ], [ -81.52426239016286, 41.174115607488439 ], [ -81.524283388175718, 41.173124608924674 ], [ -81.524895386818173, 41.173120609696007 ], [ -81.525143386237318, 41.173120610001952 ], [ -81.525895384594776, 41.173122610850541 ], [ -81.525893384310095, 41.17295661111114 ], [ -81.525901383543413, 41.172523611767026 ], [ -81.525921383294218, 41.172436611881714 ], [ -81.525971383009605, 41.172303612178162 ], [ -81.526029382612819, 41.172200612365501 ], [ -81.526084382334901, 41.17212261256666 ], [ -81.526158382015808, 41.171986612871841 ], [ -81.526195381634977, 41.171877613062051 ], [ -81.526216381392786, 41.17175961329221 ], [ -81.526267378574829, 41.170255615512474 ], [ -81.526263378321914, 41.17015861569147 ], [ -81.526248378332852, 41.170094615749555 ], [ -81.526219378244363, 41.170015615821228 ], [ -81.526163378180087, 41.169913615894615 ], [ -81.526100378082461, 41.169832615921159 ], [ -81.5260073781686, 41.169747615941425 ], [ -81.525777378363472, 41.169598615903482 ], [ -81.525668378298064, 41.169504615903179 ], [ -81.525567378339431, 41.169391615906136 ], [ -81.525429378141268, 41.169175616065147 ], [ -81.525872377357842, 41.169173616595209 ], [ -81.526141376808397, 41.169155616998566 ], [ -81.526400376189571, 41.169116617357766 ], [ -81.526631375672821, 41.169063617764856 ], [ -81.526915374853033, 41.168970618257724 ], [ -81.529311368452113, 41.167925622777481 ], [ -81.529806367088739, 41.167705623736836 ], [ -81.530522365324742, 41.167395625125145 ], [ -81.530766364672601, 41.167279625567375 ], [ -81.53096236405429, 41.167165626016285 ], [ -81.531125363589425, 41.167054626339436 ], [ -81.53127036313694, 41.16693662670496 ], [ -81.531452362506684, 41.166756627217929 ], [ -81.531508362308116, 41.166691627420683 ], [ -81.53168536159302, 41.166413628099228 ], [ -81.531420362013279, 41.166359627776139 ], [ -81.531137362356219, 41.166277627548197 ], [ -81.530959362615405, 41.166221627392268 ], [ -81.530864362631618, 41.166185627406598 ], [ -81.531239361162179, 41.165632628677855 ], [ -81.531271361051949, 41.16562562875496 ], [ -81.531360360877528, 41.165596628946609 ], [ -81.531443360603362, 41.165562629069278 ], [ -81.531524360403907, 41.165518629202971 ], [ -81.531595360255665, 41.165469629371593 ], [ -81.531667359998153, 41.165409629624854 ], [ -81.53171935985479, 41.165354629769055 ], [ -81.531766359658079, 41.165285629882561 ], [ -81.53180735948834, 41.165210630114188 ], [ -81.531822359395704, 41.165165630126197 ], [ -81.53182935929415, 41.165122630262147 ], [ -81.531830359218546, 41.165072630296066 ], [ -81.53182835912186, 41.16500363042789 ], [ -81.531850359111871, 41.165002630485539 ], [ -81.53185035715471, 41.163788632311288 ], [ -81.53185635636541, 41.163261633138646 ], [ -81.531870356075899, 41.163134633332007 ], [ -81.531895355969596, 41.163056633520185 ], [ -81.531921355824537, 41.163005633599582 ], [ -81.532007355535953, 41.162905633835798 ], [ -81.532124355123045, 41.162799634201519 ], [ -81.532169355057349, 41.162747634302249 ], [ -81.532207354912146, 41.162691634508839 ], [ -81.532238354740798, 41.162628634646246 ], [ -81.532255354565407, 41.162570634733832 ], [ -81.532264354456643, 41.162506634850708 ], [ -81.532264353898668, 41.162118635395956 ], [ -81.532088354113156, 41.162111635162901 ], [ -81.531772354680385, 41.162116634771436 ], [ -81.530790356256489, 41.162110633463243 ], [ -81.530672356392586, 41.16212363333679 ], [ -81.530563356632172, 41.162147633106521 ], [ -81.530470356833874, 41.162179632987801 ], [ -81.530398357042358, 41.162210632779946 ], [ -81.530329357180321, 41.162253632684205 ], [ -81.530241357472732, 41.162315632436702 ], [ -81.530005358151854, 41.162501631807942 ], [ -81.529508358094333, 41.162019631895483 ], [ -81.529436358148288, 41.16195063195385 ], [ -81.528737359030544, 41.161851631153233 ], [ -81.527737358407293, 41.160552631776547 ], [ -81.527900356702517, 41.159738633172182 ], [ -81.529714353949274, 41.159743635657065 ], [ -81.529714352194929, 41.158624637280575 ], [ -81.530733350605985, 41.158607638730373 ], [ -81.530721348604146, 41.157340640683366 ], [ -81.530712347060202, 41.156390642048081 ], [ -81.527579349624389, 41.155511639046551 ], [ -81.527427347441062, 41.15415664077139 ], [ -81.527367346538526, 41.153620641483577 ], [ -81.527358346371614, 41.153541641652545 ], [ -81.527356346370766, 41.153515641624715 ], [ -81.527396346305281, 41.153514641740038 ], [ -81.532448340299268, 41.153477649048497 ], [ -81.532450340081141, 41.153324649216458 ], [ -81.532451339213964, 41.152775650093773 ], [ -81.532440338444985, 41.152256650875898 ], [ -81.533373337454904, 41.152256652275597 ], [ -81.533379336054836, 41.151324653737099 ], [ -81.533170336304806, 41.151322653367671 ], [ -81.533178335462836, 41.150804654223414 ], [ -81.533313335390829, 41.150809654377554 ] ] ] } },
{ "type": "Feature", "properties": { "UNIQUE_ID": "Summit-:-CUY FALLS 8-E (AMO)", "PRECNAME": "CUY FALLS 8-E", "PRECCODE": "AMO", "COUNTYFP": "153", "County": "Summit", "SLDL_DIST": "031", "total_pop": 1196, "age_under18": 282, "age_18_34": 218, "age_35_64": 542, "age_65plus": 154, "pop_hispanic": 4, "pop_white": 987, "pop_black": 8, "pop_asian": 20, "pct_hispanic": 0.4, "pct_white": 96.1, "pct_black": 0.8, "pct_asian": 1.9, "pct_native": 0.0, "pct_multi": 0.0, "med_hh_income": 115504.0, "pct_bachelors_plus": 56.865301003344477, "pct_no_hs_diploma": 1.7107023411371238, "pct_some_college": 20.365384615384617 }, "geometry": { "type": "Polygon", "coordinates": [ [ [ -81.527760356938373, 41.159738632986446 ], [ -81.527900356702517, 41.159738633172182 ], [ -81.527737358407293, 41.160552631776547 ], [ -81.528737359030544, 41.161851631153233 ], [ -81.529436358148288, 41.16195063195385 ], [ -81.529508358094333, 41.162019631895483 ], [ -81.530005358151854, 41.162501631807942 ], [ -81.530241357472732, 41.162315632436702 ], [ -81.530329357180321, 41.162253632684205 ], [ -81.530398357042358, 41.162210632779946 ], [ -81.530470356833874, 41.162179632987801 ], [ -81.530563356632172, 41.162147633106521 ], [ -81.530672356392586, 41.16212363333679 ], [ -81.530790356256489, 41.162110633463243 ], [ -81.531772354680385, 41.162116634771436 ], [ -81.532088354113156, 41.162111635162901 ], [ -81.532264353898668, 41.162118635395956 ], [ -81.532264354456643, 41.162506634850708 ], [ -81.532255354565407, 41.162570634733832 ], [ -81.532238354740798, 41.162628634646246 ], [ -81.532207354912146, 41.162691634508839 ], [ -81.532169355057349, 41.162747634302249 ], [ -81.532124355123045, 41.162799634201519 ], [ -81.532007355535953, 41.162905633835798 ], [ -81.531921355824537, 41.163005633599582 ], [ -81.531895355969596, 41.163056633520185 ], [ -81.531870356075899, 41.163134633332007 ], [ -81.53185635636541, 41.163261633138646 ], [ -81.53185035715471, 41.163788632311288 ], [ -81.531850359111871, 41.165002630485539 ], [ -81.53182835912186, 41.16500363042789 ], [ -81.531830359218546, 41.165072630296066 ], [ -81.53182935929415, 41.165122630262147 ], [ -81.531822359395704, 41.165165630126197 ], [ -81.53180735948834, 41.165210630114188 ], [ -81.531766359658079, 41.165285629882561 ], [ -81.53171935985479, 41.165354629769055 ], [ -81.531667359998153, 41.165409629624854 ], [ -81.531595360255665, 41.165469629371593 ], [ -81.531524360403907, 41.165518629202971 ], [ -81.531443360603362, 41.165562629069278 ], [ -81.531360360877528, 41.165596628946609 ], [ -81.531271361051949, 41.16562562875496 ], [ -81.531239361162179, 41.165632628677855 ], [ -81.530864362631618, 41.166185627406598 ], [ -81.530959362615405, 41.166221627392268 ], [ -81.531137362356219, 41.166277627548197 ], [ -81.531420362013279, 41.166359627776139 ], [ -81.53168536159302, 41.166413628099228 ], [ -81.531508362308116, 41.166691627420683 ], [ -81.531452362506684, 41.166756627217929 ], [ -81.53127036313694, 41.16693662670496 ], [ -81.531125363589425, 41.167054626339436 ], [ -81.53096236405429, 41.167165626016285 ], [ -81.530766364672601, 41.167279625567375 ], [ -81.530522365324742, 41.167395625125145 ], [ -81.529806367088739, 41.167705623736836 ], [ -81.529311368452113, 41.167925622777481 ], [ -81.526915374853033, 41.168970618257724 ], [ -81.526631375672821, 41.169063617764856 ], [ -81.526400376189571, 41.169116617357766 ], [ -81.526141376808397, 41.169155616998566 ], [ -81.525872377357842, 41.169173616595209 ], [ -81.525429378141268, 41.169175616065147 ], [ -81.525567378339431, 41.169391615906136 ], [ -81.525668378298064, 41.169504615903179 ], [ -81.525777378363472, 41.169598615903482 ], [ -81.5260073781686, 41.169747615941425 ], [ -81.526100378082461, 41.169832615921159 ], [ -81.526163378180087, 41.169913615894615 ], [ -81.526219378244363, 41.170015615821228 ], [ -81.526248378332852, 41.170094615749555 ], [ -81.526263378321914, 41.17015861569147 ], [ -81.526267378574829, 41.170255615512474 ], [ -81.526216381392786, 41.17175961329221 ], [ -81.526195381634977, 41.171877613062051 ], [ -81.526158382015808, 41.171986612871841 ], [ -81.526084382334901, 41.17212261256666 ], [ -81.526029382612819, 41.172200612365501 ], [ -81.525971383009605, 41.172303612178162 ], [ -81.525921383294218, 41.172436611881714 ], [ -81.525901383543413, 41.172523611767026 ], [ -81.525893384310095, 41.17295661111114 ], [ -81.525895384594776, 41.173122610850541 ], [ -81.525143386237318, 41.173120610001952 ], [ -81.524895386818173, 41.173120609696007 ], [ -81.524283388175718, 41.173124608924674 ], [ -81.524119388451581, 41.173126608772797 ], [ -81.520145397112344, 41.173117604048365 ], [ -81.519185399156157, 41.173118602908708 ], [ -81.518972399682141, 41.173114602629845 ], [ -81.518601400418348, 41.173115602232237 ], [ -81.518455400777142, 41.173124602018028 ], [ -81.518365400990618, 41.173139601908694 ], [ -81.518258401305857, 41.173169601730415 ], [ -81.518170401621234, 41.173205601545241 ], [ -81.518025402125474, 41.173284601318024 ], [ -81.517815402799073, 41.173425600806958 ], [ -81.517713403197533, 41.173487600608318 ], [ -81.517622403467101, 41.173536600472751 ], [ -81.517455404013802, 41.173609600123292 ], [ -81.517384404318562, 41.173633600081068 ], [ -81.517193404793034, 41.173678599754183 ], [ -81.517089405059394, 41.173691599599628 ], [ -81.516903405523991, 41.173698599416568 ], [ -81.514749410117361, 41.173641596955569 ], [ -81.514036411619045, 41.173621596125592 ], [ -81.513629412440267, 41.17361759559406 ], [ -81.513027413788137, 41.173602594963747 ], [ -81.512582414726822, 41.173598594419104 ], [ -81.511876416238721, 41.173580593589996 ], [ -81.511538416963873, 41.173575593225578 ], [ -81.511142417789031, 41.173579592723286 ], [ -81.510327419620452, 41.173573591790088 ], [ -81.50965242102707, 41.173557590970461 ], [ -81.508912422595543, 41.173551590074077 ], [ -81.508558423417256, 41.173544589654774 ], [ -81.508563420921746, 41.172673590762784 ], [ -81.508559420561483, 41.17252559099888 ], [ -81.508562419752806, 41.172247591341332 ], [ -81.508559419379125, 41.172077591519148 ], [ -81.508546419365928, 41.17205359155318 ], [ -81.508548419148369, 41.171994591648726 ], [ -81.508564418750808, 41.171844591809354 ], [ -81.508567417609157, 41.171455592361013 ], [ -81.508562416076117, 41.17087959301481 ], [ -81.508569414289639, 41.17024359379414 ], [ -81.50857040915804, 41.16837859616259 ], [ -81.508581407684801, 41.167834596878649 ], [ -81.508587404110855, 41.166561598460468 ], [ -81.508581400267076, 41.165143600184045 ], [ -81.5085903983382, 41.164454601075455 ], [ -81.511213394065663, 41.164553604385787 ], [ -81.511309398710026, 41.166413602082933 ], [ -81.519323384690011, 41.166671611953696 ], [ -81.519323383016669, 41.165885613028458 ], [ -81.520235380840745, 41.165650614547459 ], [ -81.520667378517999, 41.164946616077479 ], [ -81.521158377133446, 41.164702617026073 ], [ -81.521230375235348, 41.163844618393185 ], [ -81.522262373430465, 41.163826619761977 ], [ -81.522496364653904, 41.15972362585542 ], [ -81.52300236288302, 41.159211627279454 ], [ -81.525870358475274, 41.159085631408857 ], [ -81.527558356043073, 41.159094633634524 ], [ -81.527760356938373, 41.159738632986446 ] ] ] } },
{ "type": "Feature", "properties": { "UNIQUE_ID": "Summit-:-NORTON 1-A (ANO)", "PRECNAME": "NORTON 1-A", "PRECCODE": "ANO", "COUNTYFP": "153", "County": "Summit", "SLDL_DIST": "031", "total_pop": 1439, "age_under18": 292, "age_18_34": 220, "age_35_64": 619, "age_65plus": 308, "pop_hispanic": 32, "pop_white": 1140, "pop_black": 22, "pop_asian": 0, "pct_hispanic": 2.6, "pct_white": 93.0, "pct_black": 1.8, "pct_asian": 0.0, "pct_native": 0.0, "pct_multi": 0.5, "med_hh_income": 105630.0, "pct_bachelors_plus": 24.302008310249313, "pct_no_hs_diploma": 5.0006925207756234, "pct_some_college": 36.051731301939057 }, "geometry": { "type": "Polygon", "coordinates": [ [ [ -81.687722667224207, 41.04208863607959 ], [ -81.687708859866561, 41.043880251476153 ], [ -81.687704855997794, 41.044489249354001 ], [ -81.687691843859952, 41.046364242793409 ], [ -81.687689302081765, 41.046806020047939 ], [ -81.687687332644003, 41.047148321670562 ], [ -81.687686838313496, 41.047234239767761 ], [ -81.687686838077212, 41.047272239610415 ], [ -81.687685834530484, 41.047833237636716 ], [ -81.687685832794074, 41.048091236793987 ], [ -81.687685832565421, 41.048133236665834 ], [ -81.687685830846817, 41.048401235671129 ], [ -81.687684811704784, 41.051396225335949 ], [ -81.687683801511355, 41.053003219759766 ], [ -81.687679397407948, 41.054222614736062 ], [ -81.687679124436301, 41.054298195641081 ], [ -81.687675787259778, 41.055222212051525 ], [ -81.687654764042861, 41.058842199470234 ], [ -81.687653762802711, 41.059039198755855 ], [ -81.687641754758232, 41.060281194412433 ], [ -81.687632748984157, 41.061192191263345 ], [ -81.687630747982482, 41.061340190737354 ], [ -81.687628746732102, 41.061540190002169 ], [ -81.687626745284902, 41.06176018929871 ], [ -81.68762663868884, 41.061774106414305 ], [ -81.687623742828265, 41.062152187900246 ], [ -81.687622606531932, 41.062152175613946 ], [ -81.685959737054702, 41.062134183656376 ], [ -81.680167716668649, 41.062159168774649 ], [ -81.67979571549597, 41.062145167845564 ], [ -81.679725715219462, 41.062146167642823 ], [ -81.678374710458144, 41.062144164186222 ], [ -81.678303710318445, 41.062133164062367 ], [ -81.678173710113157, 41.062089163855781 ], [ -81.676839704366031, 41.062277159861864 ], [ -81.676265702106349, 41.062320158260157 ], [ -81.674340694553138, 41.062463152781902 ], [ -81.673331691211771, 41.062432150314592 ], [ -81.669908680282987, 41.062266142072481 ], [ -81.666811669621183, 41.062230134287184 ], [ -81.666270667678589, 41.062239132900629 ], [ -81.66570266574486, 41.062241131384525 ], [ -81.6632056570283, 41.062229125072257 ], [ -81.663141656888072, 41.062223124871373 ], [ -81.663068656726097, 41.062209124749344 ], [ -81.662841656308942, 41.062138124359599 ], [ -81.66228765401415, 41.062193122847056 ], [ -81.662008653085039, 41.062192122122468 ], [ -81.662014657861292, 41.061259125062904 ], [ -81.662019660461837, 41.060743126640475 ], [ -81.662027664895788, 41.059882129385898 ], [ -81.662028667965629, 41.059279131341583 ], [ -81.662058685192974, 41.055901142045904 ], [ -81.662061690780163, 41.0548131454889 ], [ -81.662049696267118, 41.053721148843238 ], [ -81.662074703649367, 41.052295153379411 ], [ -81.662079705140911, 41.051989154349869 ], [ -81.662079711522566, 41.050750158321073 ], [ -81.662101717696146, 41.049536162136739 ], [ -81.661545715292263, 41.049558160623832 ], [ -81.660639711395731, 41.049591158029862 ], [ -81.656192692163501, 41.049764145400999 ], [ -81.656187695152212, 41.049138147306337 ], [ -81.656192696020938, 41.04897114785814 ], [ -81.656200701482788, 41.0478251513535 ], [ -81.656226705763203, 41.046962154120109 ], [ -81.656237707361555, 41.046627155175806 ], [ -81.656246712903211, 41.045472158751245 ], [ -81.65563171030621, 41.045458157072602 ], [ -81.655400709390904, 41.045457156471407 ], [ -81.655297708899795, 41.045464156127345 ], [ -81.655197708345653, 41.045482155794758 ], [ -81.655134707926265, 41.045500155565477 ], [ -81.654983707105728, 41.045554154990036 ], [ -81.654690705174161, 41.045674153856879 ], [ -81.653988700817891, 41.045973150983819 ], [ -81.653878700152362, 41.046005150590489 ], [ -81.653785699707953, 41.046016150299565 ], [ -81.653495698422319, 41.046021149455839 ], [ -81.652476693991346, 41.046018146632036 ], [ -81.65214869265175, 41.046013145789544 ], [ -81.651721690849016, 41.046017144579558 ], [ -81.651440689575509, 41.046031143766754 ], [ -81.65129068875676, 41.046047143263124 ], [ -81.651009687373843, 41.046085142363474 ], [ -81.65071468590655, 41.046133141424953 ], [ -81.650564685192307, 41.046152140929777 ], [ -81.650385684314074, 41.046167140458714 ], [ -81.64995568247528, 41.046184139206872 ], [ -81.649948680603856, 41.046587137921577 ], [ -81.649929678987391, 41.046916136928388 ], [ -81.649903678172919, 41.047074136367257 ], [ -81.649868677445724, 41.047204135913944 ], [ -81.649792677146124, 41.047206135648516 ], [ -81.648004669725353, 41.047176130798761 ], [ -81.647882669163181, 41.04717013056726 ], [ -81.647773668797896, 41.04715813026548 ], [ -81.647774669880945, 41.046900131013075 ], [ -81.647788672771668, 41.046251132962851 ], [ -81.64781367651824, 41.045412135589032 ], [ -81.647845680997222, 41.0444211385824 ], [ -81.647862686387938, 41.043213142263582 ], [ -81.647892691896885, 41.041959146019821 ], [ -81.647903693232678, 41.041670146886567 ], [ -81.647907694444839, 41.0414111477414 ], [ -81.647929697427244, 41.040741149731048 ], [ -81.647932698506793, 41.040493150546773 ], [ -81.647954702007226, 41.039705152940051 ], [ -81.64908770717588, 41.039732156029906 ], [ -81.651098716332982, 41.03976616169431 ], [ -81.651911720105488, 41.039786163875455 ], [ -81.655394735881956, 41.039850173652809 ], [ -81.656383740380733, 41.039863176390625 ], [ -81.656481740779896, 41.039871176608237 ], [ -81.658337749255679, 41.039901181840506 ], [ -81.660762760197912, 41.039957188512197 ], [ -81.662240766943441, 41.039992192596749 ], [ -81.662830769569439, 41.040005194268076 ], [ -81.663128770892328, 41.040011195046304 ], [ -81.663689773402268, 41.04002219660719 ], [ -81.665762782770884, 41.040063202368593 ], [ -81.66707078872993, 41.040089205995827 ], [ -81.668396794686515, 41.040118209703529 ], [ -81.669458799585797, 41.040129212637964 ], [ -81.671635809373825, 41.04016821869434 ], [ -81.676221830088082, 41.040256231405387 ], [ -81.676887833051367, 41.040265233237307 ], [ -81.677536835959614, 41.040280235064387 ], [ -81.680107847542601, 41.040327242168985 ], [ -81.680862850928335, 41.040346244243992 ], [ -81.681456853547303, 41.040357245926273 ], [ -81.681989856038356, 41.040355247445632 ], [ -81.682556858563274, 41.040364249036145 ], [ -81.682793859608452, 41.040369249626224 ], [ -81.683245861585007, 41.040393250875312 ], [ -81.683638863227699, 41.040426251897017 ], [ -81.683812863847706, 41.040448252292975 ], [ -81.684418866132916, 41.040540253697557 ], [ -81.684739867186238, 41.04060225442673 ], [ -81.685097868333301, 41.040684255124837 ], [ -81.685285868859722, 41.040735255464206 ], [ -81.68590887048579, 41.040926256596158 ], [ -81.686266871333757, 41.041052257154995 ], [ -81.686430871651694, 41.041114257417142 ], [ -81.686640872073482, 41.041205257677028 ], [ -81.686903872533506, 41.041326258014671 ], [ -81.686998872650776, 41.041364258147347 ], [ -81.687522873332767, 41.041645258641701 ], [ -81.687724873417338, 41.041768258830992 ], [ -81.687723872568597, 41.041893258347827 ], [ -81.687723872532942, 41.041900263699148 ], [ -81.687723872443698, 41.041917800375025 ], [ -81.687723872370171, 41.041932258212313 ], [ -81.687722667224207, 41.04208863607959 ] ] ] } },
{ "type": "Feature", "properties": { "UNIQUE_ID": "Summit-:-NORTON 1-B (ANP)", "PRECNAME": "NORTON 1-B", "PRECCODE": "ANP", "COUNTYFP": "153", "County": "Summit", "SLDL_DIST": "031", "total_pop": 1459, "age_under18": 282, "age_18_34": 259, "age_35_64": 619, "age_65plus": 299, "pop_hispanic": 1, "pop_white": 1380, "pop_black": 33, "pop_asian": 0, "pct_hispanic": 0.1, "pct_white": 95.9, "pct_black": 2.3, "pct_asian": 0.0, "pct_native": 0.0, "pct_multi": 0.0, "med_hh_income": 102468.0, "pct_bachelors_plus": 27.403696098562627, "pct_no_hs_diploma": 4.6709103353867212, "pct_some_college": 31.537097878165639 }, "geometry": { "type": "Polygon", "coordinates": [ [ [ -81.588886400200735, 41.060252938929615 ], [ -81.588894400894645, 41.059801940019767 ], [ -81.589016401462729, 41.059745940418949 ], [ -81.589375402957074, 41.059598941685813 ], [ -81.589590403799576, 41.059530942393394 ], [ -81.590891408912029, 41.059223946518436 ], [ -81.591311410640202, 41.059122947779464 ], [ -81.593436419124629, 41.05863695446871 ], [ -81.59444642324155, 41.058405957602986 ], [ -81.59525542649331, 41.058223960138939 ], [ -81.595435427276755, 41.058180960777896 ], [ -81.595766428679269, 41.058102961773862 ], [ -81.596128430148397, 41.058016962900012 ], [ -81.597779436856641, 41.057650968141907 ], [ -81.597963437691561, 41.057607968675548 ], [ -81.598407439443562, 41.057503970107391 ], [ -81.598737440865065, 41.057427971161168 ], [ -81.599624444626386, 41.057222973946665 ], [ -81.600604448658203, 41.056995977102432 ], [ -81.602042454726586, 41.056667981625893 ], [ -81.60236345611473, 41.056594982614811 ], [ -81.606368473312955, 41.055670995464602 ], [ -81.607843479773138, 41.055335000206142 ], [ -81.608958484670424, 41.055077003835883 ], [ -81.609267485963855, 41.055006004843449 ], [ -81.610906493433248, 41.054571010244977 ], [ -81.611016493927792, 41.054547010556412 ], [ -81.612548500722241, 41.05421101552102 ], [ -81.61397950698202, 41.05391802003394 ], [ -81.617080520967335, 41.053258030019286 ], [ -81.617283521954619, 41.053222030660997 ], [ -81.618388526816105, 41.053035034108774 ], [ -81.618905529098598, 41.052955035745612 ], [ -81.621458540531947, 41.052538043662999 ], [ -81.622917547046583, 41.052291048226735 ], [ -81.623554549924265, 41.052189050253602 ], [ -81.624281553167151, 41.052070052498721 ], [ -81.62551255864382, 41.051896056320381 ], [ -81.62686656475887, 41.051724060421066 ], [ -81.627980569677504, 41.051580063761932 ], [ -81.628492571922678, 41.051515065314575 ], [ -81.631255584285213, 41.051194073680314 ], [ -81.631849586844396, 41.05113007548092 ], [ -81.632439589496954, 41.051061077228745 ], [ -81.634460598572261, 41.050820083408624 ], [ -81.635177601813993, 41.050732085563233 ], [ -81.635896605116216, 41.05065308769133 ], [ -81.636481607659675, 41.05058908952271 ], [ -81.637763613507857, 41.050433093454373 ], [ -81.637921614202725, 41.050422093871909 ], [ -81.638290615798624, 41.050406094916568 ], [ -81.638874618299212, 41.050393096516061 ], [ -81.639507620888594, 41.050377098309447 ], [ -81.639817622232897, 41.050368099186301 ], [ -81.640606625592767, 41.050344101360899 ], [ -81.64142062903116, 41.050314103647771 ], [ -81.641538629451915, 41.050308104034919 ], [ -81.642233632499682, 41.050274105977344 ], [ -81.643304637108628, 41.050232109018609 ], [ -81.645021644355822, 41.050167113887909 ], [ -81.646125649072587, 41.050126116962858 ], [ -81.647702655783348, 41.050067121424135 ], [ -81.647727661218795, 41.048851125118766 ], [ -81.647773668797896, 41.04715813026548 ], [ -81.647882669163181, 41.04717013056726 ], [ -81.648004669725353, 41.047176130798761 ], [ -81.649792677146124, 41.047206135648516 ], [ -81.649868677445724, 41.047204135913944 ], [ -81.649903678172919, 41.047074136367257 ], [ -81.649929678987391, 41.046916136928388 ], [ -81.649948680603856, 41.046587137921577 ], [ -81.64995568247528, 41.046184139206872 ], [ -81.650385684314074, 41.046167140458714 ], [ -81.650564685192307, 41.046152140929777 ], [ -81.65071468590655, 41.046133141424953 ], [ -81.651009687373843, 41.046085142363474 ], [ -81.65129068875676, 41.046047143263124 ], [ -81.651440689575509, 41.046031143766754 ], [ -81.651721690849016, 41.046017144579558 ], [ -81.65214869265175, 41.046013145789544 ], [ -81.652476693991346, 41.046018146632036 ], [ -81.653495698422319, 41.046021149455839 ], [ -81.653785699707953, 41.046016150299565 ], [ -81.653878700152362, 41.046005150590489 ], [ -81.653988700817891, 41.045973150983819 ], [ -81.654690705174161, 41.045674153856879 ], [ -81.654983707105728, 41.045554154990036 ], [ -81.655134707926265, 41.045500155565477 ], [ -81.655197708345653, 41.045482155794758 ], [ -81.655297708899795, 41.045464156127345 ], [ -81.655400709390904, 41.045457156471407 ], [ -81.65563171030621, 41.045458157072602 ], [ -81.656246712903211, 41.045472158751245 ], [ -81.656237707361555, 41.046627155175806 ], [ -81.656226705763203, 41.046962154120109 ], [ -81.656200701482788, 41.0478251513535 ], [ -81.656192696020938, 41.04897114785814 ], [ -81.656187695152212, 41.049138147306337 ], [ -81.656192692163501, 41.049764145400999 ], [ -81.660639711395731, 41.049591158029862 ], [ -81.661545715292263, 41.049558160623832 ], [ -81.662101717696146, 41.049536162136739 ], [ -81.662079711522566, 41.050750158321073 ], [ -81.662079705140911, 41.051989154349869 ], [ -81.662074703649367, 41.052295153379411 ], [ -81.662049696267118, 41.053721148843238 ], [ -81.662061690780163, 41.0548131454889 ], [ -81.662058685192974, 41.055901142045904 ], [ -81.662028667965629, 41.059279131341583 ], [ -81.662027664895788, 41.059882129385898 ], [ -81.662019660461837, 41.060743126640475 ], [ -81.662014657861292, 41.061259125062904 ], [ -81.662008653085039, 41.062192122122468 ], [ -81.661451651110397, 41.062191120638694 ], [ -81.661383650752981, 41.062220120441275 ], [ -81.66133365056254, 41.06222912026476 ], [ -81.660898648981643, 41.06223211908663 ], [ -81.660479647544918, 41.062229118068245 ], [ -81.659263643359552, 41.062227114966952 ], [ -81.658642641150109, 41.062230113304217 ], [ -81.658157639422768, 41.06222711208391 ], [ -81.657192636073603, 41.062228109666606 ], [ -81.656366633168403, 41.062240107453448 ], [ -81.655942631656671, 41.062241106373826 ], [ -81.654709627355459, 41.062232103261834 ], [ -81.653993624809118, 41.062240101358391 ], [ -81.653329622583186, 41.062238099692962 ], [ -81.652545619774543, 41.062242097642496 ], [ -81.649938610705178, 41.062239090974181 ], [ -81.6495996095301, 41.062244090155026 ], [ -81.649135607896696, 41.062239088986821 ], [ -81.64868360634928, 41.062241087746393 ], [ -81.646898600015078, 41.062242083239937 ], [ -81.646166597546824, 41.062237081367293 ], [ -81.645730596031299, 41.062240080240208 ], [ -81.644129590358361, 41.062240076132312 ], [ -81.643296587548505, 41.062233073958964 ], [ -81.641689581886141, 41.062237069832591 ], [ -81.63948157425277, 41.062225064285315 ], [ -81.63871957156806, 41.062226062312234 ], [ -81.637625567798722, 41.062221059483875 ], [ -81.628571536494249, 41.062142036537779 ], [ -81.623409518207751, 41.062213023097314 ], [ -81.621759512522615, 41.062156019006402 ], [ -81.620648508724045, 41.062154016116786 ], [ -81.613949485017969, 41.06223899880252 ], [ -81.612843481199221, 41.062252995855204 ], [ -81.599142433188035, 41.062352960538519 ], [ -81.597642428122185, 41.062252956965722 ], [ -81.595442420421662, 41.062252951256106 ], [ -81.59464241753669, 41.062352948990522 ], [ -81.594342416412005, 41.06235294826012 ], [ -81.59319441226242, 41.062434945107007 ], [ -81.59294241137799, 41.062452944444225 ], [ -81.590891404171629, 41.062548938912741 ], [ -81.588822397030228, 41.062449933859561 ], [ -81.588864398929488, 41.061188936851053 ], [ -81.588862399480362, 41.060786937748581 ], [ -81.588886400200735, 41.060252938929615 ] ] ] } },
{ "type": "Feature", "properties": { "UNIQUE_ID": "Summit-:-NORTON 2-A (ANS)", "PRECNAME": "NORTON 2-A", "PRECCODE": "ANS", "COUNTYFP": "153", "County": "Summit", "SLDL_DIST": "031", "total_pop": 1407, "age_under18": 282, "age_18_34": 239, "age_35_64": 558, "age_65plus": 328, "pop_hispanic": 9, "pop_white": 1401, "pop_black": 34, "pop_asian": 18, "pct_hispanic": 0.6, "pct_white": 91.0, "pct_black": 2.2, "pct_asian": 1.2, "pct_native": 0.0, "pct_multi": 0.5, "med_hh_income": 91548.0, "pct_bachelors_plus": 25.064689265536732, "pct_no_hs_diploma": 3.794703389830508, "pct_some_college": 34.408262711864417 }, "geometry": { "type": "Polygon", "coordinates": [ [ [ -81.58924242131647, 41.04573397255367 ], [ -81.58924242721244, 41.041452982082731 ], [ -81.58914342698769, 41.041251982335289 ], [ -81.589157427297337, 41.041097982649227 ], [ -81.589343430910645, 41.03905398778295 ], [ -81.589339431049765, 41.039009987849091 ], [ -81.589323431145701, 41.038811988320965 ], [ -81.589242432112187, 41.037852990228714 ], [ -81.589378435055522, 41.036183994368152 ], [ -81.589443436527105, 41.035353996416482 ], [ -81.592276449996461, 41.035571004160623 ], [ -81.592348449849936, 41.03585200370658 ], [ -81.592378449868903, 41.035953003533479 ], [ -81.594375459526518, 41.035953009279304 ], [ -81.596483469882827, 41.035877015546674 ], [ -81.598553479752781, 41.035903021494775 ], [ -81.599040482148808, 41.035906022937972 ], [ -81.598970483603864, 41.034977024878501 ], [ -81.599045485555564, 41.034123027165904 ], [ -81.599098487451229, 41.033235029360206 ], [ -81.599086488458653, 41.032679030670124 ], [ -81.59914549455101, 41.029554038269438 ], [ -81.599170495225223, 41.029268039002837 ], [ -81.599241496949446, 41.028554040916035 ], [ -81.601942511055853, 41.028553048954535 ], [ -81.601842507626458, 41.029953045256178 ], [ -81.603436515842219, 41.0299530499966 ], [ -81.605971528930482, 41.029907057659635 ], [ -81.605969529147245, 41.029840057838108 ], [ -81.608975544761876, 41.029783066803105 ], [ -81.609447547110989, 41.029781068242379 ], [ -81.609644557607126, 41.025851078643313 ], [ -81.61384258003919, 41.025849091344227 ], [ -81.614243582168314, 41.02585309255366 ], [ -81.61583159070149, 41.025852097269819 ], [ -81.621587621245055, 41.025949114430496 ], [ -81.624553637068701, 41.025951123284656 ], [ -81.624831638528022, 41.025951124198301 ], [ -81.625127640031593, 41.025955125059667 ], [ -81.625142641350351, 41.025594126022867 ], [ -81.625264656815389, 41.020955138886386 ], [ -81.62528365878903, 41.020373140515986 ], [ -81.62705866853274, 41.020466145772687 ], [ -81.626943667653805, 41.020539145216063 ], [ -81.62682666666268, 41.020626144598737 ], [ -81.626706665678, 41.020730143923757 ], [ -81.626572664455594, 41.020865143153557 ], [ -81.62645166333931, 41.02100414243268 ], [ -81.626406662734922, 41.021104142055108 ], [ -81.626839664709948, 41.021253142935883 ], [ -81.627433667200776, 41.021489144124921 ], [ -81.627638668161964, 41.021561144533663 ], [ -81.627864669210709, 41.021627145080359 ], [ -81.627819668514292, 41.021754144585778 ], [ -81.627693666168625, 41.022232142860702 ], [ -81.627685665775857, 41.022349142562177 ], [ -81.627690665310155, 41.022504142155192 ], [ -81.627803663139971, 41.023323140272076 ], [ -81.627808662981167, 41.023393140051724 ], [ -81.627800662642485, 41.023474139841532 ], [ -81.627780662293802, 41.023553139608339 ], [ -81.62775866200181, 41.023611139349796 ], [ -81.627676661019919, 41.023763138657564 ], [ -81.627634660557817, 41.023821138381813 ], [ -81.627586660081505, 41.023877138077502 ], [ -81.627522659588749, 41.023940137702205 ], [ -81.627365658301841, 41.024053136982303 ], [ -81.627243657422326, 41.024130136385885 ], [ -81.62713865660065, 41.024189135907783 ], [ -81.627005655668356, 41.024253135291836 ], [ -81.626943655212727, 41.024300135010506 ], [ -81.626834654333592, 41.024400134424802 ], [ -81.626785653916187, 41.024454134102932 ], [ -81.62669365289625, 41.024582133491222 ], [ -81.626643652414856, 41.024674133104284 ], [ -81.626639651961739, 41.024783132804743 ], [ -81.626630650934089, 41.02510213186067 ], [ -81.626624648794817, 41.02574213015054 ], [ -81.625661643947979, 41.025646127498078 ], [ -81.625655643608866, 41.02575512719558 ], [ -81.625651643299165, 41.025833126919125 ], [ -81.625649643099862, 41.02588112684159 ], [ -81.625647642982088, 41.025932126648286 ], [ -81.625645642726397, 41.025988126504025 ], [ -81.625644642563373, 41.026054126342558 ], [ -81.625644642308217, 41.026129126082807 ], [ -81.625643642042021, 41.026211125877502 ], [ -81.625642641774334, 41.026300125612778 ], [ -81.625641641404314, 41.026391125420687 ], [ -81.625640641151179, 41.026482125136397 ], [ -81.625640640848005, 41.026572124926048 ], [ -81.625642640517526, 41.026661124675996 ], [ -81.625649640282887, 41.026748124503698 ], [ -81.625664640109804, 41.026833124247588 ], [ -81.625693640033873, 41.026914124138557 ], [ -81.625736640030695, 41.02699012408457 ], [ -81.625795640119179, 41.027060124028928 ], [ -81.625866640228224, 41.027124124139299 ], [ -81.62594764053361, 41.027185124149192 ], [ -81.626031640735235, 41.027243124317117 ], [ -81.626114641010432, 41.027302124351571 ], [ -81.626192641198259, 41.027363124449955 ], [ -81.626260641330674, 41.027427124487531 ], [ -81.626382641220701, 41.02764712425261 ], [ -81.626393641112486, 41.027729124031239 ], [ -81.626395640777943, 41.027812123800231 ], [ -81.626394640574119, 41.027898123631367 ], [ -81.626391640209675, 41.027986123324609 ], [ -81.626389639920603, 41.028076123058881 ], [ -81.626389639779759, 41.028128122970067 ], [ -81.626389639673604, 41.02816712281308 ], [ -81.626389639269902, 41.028259122558012 ], [ -81.626388638942657, 41.028354122304954 ], [ -81.626386638647276, 41.028450122071348 ], [ -81.626383638339178, 41.02854812175859 ], [ -81.626381637995593, 41.028648121487016 ], [ -81.626379637688856, 41.028750121286052 ], [ -81.626378637271358, 41.028853120955155 ], [ -81.626377636973316, 41.028959120685471 ], [ -81.626376636674209, 41.029065120413847 ], [ -81.626373636218148, 41.029169120128408 ], [ -81.626365635933354, 41.029270119835424 ], [ -81.626347635493858, 41.029368119503808 ], [ -81.626313634962074, 41.029460119151267 ], [ -81.626265634525183, 41.029546118705262 ], [ -81.626211633904759, 41.029627118364431 ], [ -81.626163633386852, 41.029709118000127 ], [ -81.626115632236434, 41.0299851171428 ], [ -81.626117631962416, 41.030083116839855 ], [ -81.626119631664167, 41.030179116643481 ], [ -81.626117631312894, 41.030275116376153 ], [ -81.626108630944472, 41.030370116039272 ], [ -81.626092630660168, 41.030461115747912 ], [ -81.626048629839516, 41.03062411520316 ], [ -81.626030629513096, 41.030693114973623 ], [ -81.626017629334484, 41.030751114796047 ], [ -81.625999629001583, 41.030824114523895 ], [ -81.62598662868335, 41.030876114307013 ], [ -81.625887628227602, 41.030869114073134 ], [ -81.625819627879252, 41.030867113836003 ], [ -81.625739627486482, 41.030865113671872 ], [ -81.625649627095683, 41.030863113328202 ], [ -81.625551626587708, 41.030862113087963 ], [ -81.62534462549489, 41.030860112498715 ], [ -81.625240625033328, 41.030860112200237 ], [ -81.625139624521807, 41.030859111849892 ], [ -81.625048623955195, 41.03085911157924 ], [ -81.624974623616083, 41.030859111385695 ], [ -81.624899623326684, 41.030851111144038 ], [ -81.624889623472711, 41.030779111336713 ], [ -81.624880623617685, 41.030728111500558 ], [ -81.624866623696789, 41.030666111577005 ], [ -81.624834624010077, 41.030511111887613 ], [ -81.624803624384114, 41.030336112258219 ], [ -81.624796624670665, 41.030240112512018 ], [ -81.624799625068164, 41.030139112826653 ], [ -81.624803625423525, 41.030034113069171 ], [ -81.624804625672795, 41.029931113341135 ], [ -81.624806626045384, 41.029829113675504 ], [ -81.624808626349903, 41.029728113909485 ], [ -81.624811626708663, 41.029629114197448 ], [ -81.624814627039513, 41.029536114430663 ], [ -81.624817627607626, 41.029371114936822 ], [ -81.624819627832252, 41.029305115124892 ], [ -81.624820627990388, 41.029258115251636 ], [ -81.624826628108551, 41.029203115366712 ], [ -81.624828628191068, 41.029177115472102 ], [ -81.624709627604588, 41.029177115115914 ], [ -81.624578626984061, 41.029176114727406 ], [ -81.624455626303714, 41.029174114364132 ], [ -81.624340625666306, 41.029173114033554 ], [ -81.624234625196053, 41.029172113756545 ], [ -81.624139624696255, 41.029172113439202 ], [ -81.623910623494567, 41.029184112711697 ], [ -81.623844623155179, 41.029185112523301 ], [ -81.623874623464474, 41.02910811286602 ], [ -81.623887623735797, 41.02906011299801 ], [ -81.623900623924612, 41.029002113216038 ], [ -81.623909624248355, 41.028936113354817 ], [ -81.623910624462468, 41.028861113549027 ], [ -81.623899624674152, 41.028781113796519 ], [ -81.623871624758436, 41.028698113937345 ], [ -81.623826624824872, 41.028613114039686 ], [ -81.623766624724041, 41.028533114009264 ], [ -81.623701624611599, 41.028458114026421 ], [ -81.623590624444418, 41.028329114020288 ], [ -81.623555624376436, 41.028286114043134 ], [ -81.623501624415667, 41.028205114114968 ], [ -81.623425623859859, 41.028239113811317 ], [ -81.623331623238997, 41.028283113434554 ], [ -81.623229622567834, 41.028322113044815 ], [ -81.623114621922056, 41.028350112589798 ], [ -81.62298662116757, 41.028365112138651 ], [ -81.622852620438579, 41.028371111708488 ], [ -81.622712619789766, 41.028373111325045 ], [ -81.622568619023212, 41.02837311086671 ], [ -81.622424618217693, 41.028371110516034 ], [ -81.622284617566677, 41.028367110024554 ], [ -81.621826615330164, 41.028325108778908 ], [ -81.621741614809523, 41.028323108577744 ], [ -81.621671614501508, 41.028322108380003 ], [ -81.621580613969826, 41.02832210806698 ], [ -81.621563611539258, 41.029100105940167 ], [ -81.621552610775026, 41.029347105281374 ], [ -81.621524609351837, 41.029768104048841 ], [ -81.621495608446139, 41.030023103335367 ], [ -81.62145760760275, 41.030233102708564 ], [ -81.621410606797539, 41.030421102049509 ], [ -81.621344605821292, 41.030624101332556 ], [ -81.621306605177466, 41.030776100795187 ], [ -81.621269604705233, 41.030891100407899 ], [ -81.621193603731527, 41.03107709968863 ], [ -81.62110760264467, 41.031309098790636 ], [ -81.621009601370957, 41.03155409786406 ], [ -81.620927600254291, 41.031789097034334 ], [ -81.620813598821456, 41.032073095917774 ], [ -81.620392593351966, 41.033194091745983 ], [ -81.620333592593198, 41.033350091137685 ], [ -81.620223591033067, 41.0336990899279 ], [ -81.620061588386321, 41.034326087734726 ], [ -81.619979587316649, 41.034549086965789 ], [ -81.619884586247593, 41.034764086136619 ], [ -81.619781585105684, 41.034977085294678 ], [ -81.619653583645672, 41.035280084128608 ], [ -81.619444581435715, 41.035707082340707 ], [ -81.619260579231494, 41.036120080720011 ], [ -81.619192578567919, 41.036263080201081 ], [ -81.619135577880016, 41.036407079630102 ], [ -81.619110577533363, 41.036484079398953 ], [ -81.61924457798689, 41.036551079563878 ], [ -81.62404459757586, 41.037653090426218 ], [ -81.624944599896992, 41.038253091402737 ], [ -81.625023596536522, 41.039417088540219 ], [ -81.625787600212618, 41.039402090746194 ], [ -81.626875605272076, 41.039374093884412 ], [ -81.627256607146435, 41.039358095059661 ], [ -81.628142611401373, 41.039330097656375 ], [ -81.629406617428074, 41.03928610136284 ], [ -81.63178162869805, 41.039212108297299 ], [ -81.632409631741382, 41.039208110127397 ], [ -81.634425640906954, 41.03925311576004 ], [ -81.636023648199156, 41.039290120145175 ], [ -81.637959657192511, 41.039326125548357 ], [ -81.637954656494301, 41.039502125095986 ], [ -81.637938652877196, 41.040397122493196 ], [ -81.637933651863761, 41.040650121784246 ], [ -81.637914650081868, 41.041110120398436 ], [ -81.637911647800649, 41.041689118702365 ], [ -81.637892645468398, 41.042267117061868 ], [ -81.637861638820979, 41.043974112052439 ], [ -81.637856636582967, 41.044537110429033 ], [ -81.637840634432578, 41.045084108837273 ], [ -81.637841632132165, 41.045674107175309 ], [ -81.637828631498351, 41.045832106699713 ], [ -81.637809627646334, 41.04682610382752 ], [ -81.63779062428128, 41.0476771013739 ], [ -81.637775621548357, 41.048359099387255 ], [ -81.637776619253145, 41.048971097568966 ], [ -81.637770618247956, 41.049232096871073 ], [ -81.637760616270384, 41.049714095417819 ], [ -81.63775961426856, 41.050250093964245 ], [ -81.637763613507857, 41.050433093454373 ], [ -81.636481607659675, 41.05058908952271 ], [ -81.635896605116216, 41.05065308769133 ], [ -81.635177601813993, 41.050732085563233 ], [ -81.634460598572261, 41.050820083408624 ], [ -81.632439589496954, 41.051061077228745 ], [ -81.631849586844396, 41.05113007548092 ], [ -81.631255584285213, 41.051194073680314 ], [ -81.628492571922678, 41.051515065314575 ], [ -81.627980569677504, 41.051580063761932 ], [ -81.62686656475887, 41.051724060421066 ], [ -81.62551255864382, 41.051896056320381 ], [ -81.624281553167151, 41.052070052498721 ], [ -81.623554549924265, 41.052189050253602 ], [ -81.622917547046583, 41.052291048226735 ], [ -81.621458540531947, 41.052538043662999 ], [ -81.618905529098598, 41.052955035745612 ], [ -81.618388526816105, 41.053035034108774 ], [ -81.617283521954619, 41.053222030660997 ], [ -81.617080520967335, 41.053258030019286 ], [ -81.61397950698202, 41.05391802003394 ], [ -81.612548500722241, 41.05421101552102 ], [ -81.611016493927792, 41.054547010556412 ], [ -81.610906493433248, 41.054571010244977 ], [ -81.609267485963855, 41.055006004843449 ], [ -81.608958484670424, 41.055077003835883 ], [ -81.607843479773138, 41.055335000206142 ], [ -81.606368473312955, 41.055670995464602 ], [ -81.60236345611473, 41.056594982614811 ], [ -81.602042454726586, 41.056667981625893 ], [ -81.600604448658203, 41.056995977102432 ], [ -81.599624444626386, 41.057222973946665 ], [ -81.598737440865065, 41.057427971161168 ], [ -81.598407439443562, 41.057503970107391 ], [ -81.597963437691561, 41.057607968675548 ], [ -81.597779436856641, 41.057650968141907 ], [ -81.596128430148397, 41.058016962900012 ], [ -81.595766428679269, 41.058102961773862 ], [ -81.595435427276755, 41.058180960777896 ], [ -81.59525542649331, 41.058223960138939 ], [ -81.59444642324155, 41.058405957602986 ], [ -81.593436419124629, 41.05863695446871 ], [ -81.591311410640202, 41.059122947779464 ], [ -81.590891408912029, 41.059223946518436 ], [ -81.589590403799576, 41.059530942393394 ], [ -81.589375402957074, 41.059598941685813 ], [ -81.589016401462729, 41.059745940418949 ], [ -81.588894400894645, 41.059801940019767 ], [ -81.589042403436338, 41.058352943644941 ], [ -81.589240416291815, 41.049457964105329 ], [ -81.58924242131647, 41.04573397255367 ] ] ] } },
{ "type": "Feature", "properties": { "UNIQUE_ID": "Summit-:-NORTON 2-B (ANU)", "PRECNAME": "NORTON 2-B", "PRECCODE": "ANU", "COUNTYFP": "153", "County": "Summit", "SLDL_DIST": "031", "total_pop": 1526, "age_under18": 363, "age_18_34": 196, "age_35_64": 667, "age_65plus": 300, "pop_hispanic": 78, "pop_white": 1555, "pop_black": 69, "pop_asian": 0, "pct_hispanic": 4.6, "pct_white": 92.2, "pct_black": 4.1, "pct_asian": 0.0, "pct_native": 0.5, "pct_multi": 0.0, "med_hh_income": 98601.0, "pct_bachelors_plus": 27.4, "pct_no_hs_diploma": 2.7, "pct_some_college": 42.1 }, "geometry": { "type": "Polygon", "coordinates": [ [ [ -81.625661643947979, 41.025646127498078 ], [ -81.626624648794817, 41.02574213015054 ], [ -81.626966650494737, 41.025775131057998 ], [ -81.627183651643747, 41.02579213169507 ], [ -81.627414652765808, 41.025799132365137 ], [ -81.628353657838858, 41.025803135132399 ], [ -81.6295496642568, 41.025805138790027 ], [ -81.630563669692634, 41.025806141861828 ], [ -81.630559666966775, 41.026580139665469 ], [ -81.630552665967343, 41.026863138891379 ], [ -81.630559665173266, 41.027075138328193 ], [ -81.630575664832094, 41.0272031379724 ], [ -81.630597664582439, 41.027305137797256 ], [ -81.630635664421831, 41.027431137511897 ], [ -81.630670664230877, 41.027521137454315 ], [ -81.630719664133281, 41.027620137262559 ], [ -81.630778664131157, 41.027717137196007 ], [ -81.630838664187564, 41.027800137150535 ], [ -81.630892664254972, 41.027853137117901 ], [ -81.630968664513929, 41.027905137248034 ], [ -81.630995664550781, 41.02791913731312 ], [ -81.631020664609167, 41.027932137340585 ], [ -81.631080664847076, 41.027956137410648 ], [ -81.63123966568719, 41.027979137844106 ], [ -81.631397666398342, 41.027990138327276 ], [ -81.632190670594085, 41.027993140677893 ], [ -81.633199675823505, 41.027994143688744 ], [ -81.634096680616537, 41.027990146376943 ], [ -81.634903684777854, 41.02799114871852 ], [ -81.635315686879451, 41.027995149934242 ], [ -81.636233691745147, 41.02799115273875 ], [ -81.63696769552098, 41.027999154909601 ], [ -81.637746699612123, 41.028000157232484 ], [ -81.638189702010166, 41.027995158587728 ], [ -81.638149696013059, 41.029491154196833 ], [ -81.638125692550702, 41.030359151666801 ], [ -81.638109690345658, 41.030898150070207 ], [ -81.638068683968044, 41.032490145373423 ], [ -81.638025672539413, 41.035423136871536 ], [ -81.638019670586047, 41.035896135515628 ], [ -81.638015667312672, 41.036748133069942 ], [ -81.638014665353069, 41.037270131605602 ], [ -81.637998662649665, 41.03794712960287 ], [ -81.637986660638987, 41.038439128172129 ], [ -81.637959657192511, 41.039326125548357 ], [ -81.636023648199156, 41.039290120145175 ], [ -81.634425640906954, 41.03925311576004 ], [ -81.632409631741382, 41.039208110127397 ], [ -81.63178162869805, 41.039212108297299 ], [ -81.629406617428074, 41.03928610136284 ], [ -81.628142611401373, 41.039330097656375 ], [ -81.627256607146435, 41.039358095059661 ], [ -81.626875605272076, 41.039374093884412 ], [ -81.625787600212618, 41.039402090746194 ], [ -81.625023596536522, 41.039417088540219 ], [ -81.624944599896992, 41.038253091402737 ], [ -81.62404459757586, 41.037653090426218 ], [ -81.61924457798689, 41.036551079563878 ], [ -81.619110577533363, 41.036484079398953 ], [ -81.619135577880016, 41.036407079630102 ], [ -81.619192578567919, 41.036263080201081 ], [ -81.619260579231494, 41.036120080720011 ], [ -81.619444581435715, 41.035707082340707 ], [ -81.619653583645672, 41.035280084128608 ], [ -81.619781585105684, 41.034977085294678 ], [ -81.619884586247593, 41.034764086136619 ], [ -81.619979587316649, 41.034549086965789 ], [ -81.620061588386321, 41.034326087734726 ], [ -81.620223591033067, 41.0336990899279 ], [ -81.620333592593198, 41.033350091137685 ], [ -81.620392593351966, 41.033194091745983 ], [ -81.620813598821456, 41.032073095917774 ], [ -81.620927600254291, 41.031789097034334 ], [ -81.621009601370957, 41.03155409786406 ], [ -81.62110760264467, 41.031309098790636 ], [ -81.621193603731527, 41.03107709968863 ], [ -81.621269604705233, 41.030891100407899 ], [ -81.621306605177466, 41.030776100795187 ], [ -81.621344605821292, 41.030624101332556 ], [ -81.621410606797539, 41.030421102049509 ], [ -81.62145760760275, 41.030233102708564 ], [ -81.621495608446139, 41.030023103335367 ], [ -81.621524609351837, 41.029768104048841 ], [ -81.621552610775026, 41.029347105281374 ], [ -81.621563611539258, 41.029100105940167 ], [ -81.621580613969826, 41.02832210806698 ], [ -81.621671614501508, 41.028322108380003 ], [ -81.621741614809523, 41.028323108577744 ], [ -81.621826615330164, 41.028325108778908 ], [ -81.622284617566677, 41.028367110024554 ], [ -81.622424618217693, 41.028371110516034 ], [ -81.622568619023212, 41.02837311086671 ], [ -81.622712619789766, 41.028373111325045 ], [ -81.622852620438579, 41.028371111708488 ], [ -81.62298662116757, 41.028365112138651 ], [ -81.623114621922056, 41.028350112589798 ], [ -81.623229622567834, 41.028322113044815 ], [ -81.623331623238997, 41.028283113434554 ], [ -81.623425623859859, 41.028239113811317 ], [ -81.623501624415667, 41.028205114114968 ], [ -81.623555624376436, 41.028286114043134 ], [ -81.623590624444418, 41.028329114020288 ], [ -81.623701624611599, 41.028458114026421 ], [ -81.623766624724041, 41.028533114009264 ], [ -81.623826624824872, 41.028613114039686 ], [ -81.623871624758436, 41.028698113937345 ], [ -81.623899624674152, 41.028781113796519 ], [ -81.623910624462468, 41.028861113549027 ], [ -81.623909624248355, 41.028936113354817 ], [ -81.623900623924612, 41.029002113216038 ], [ -81.623887623735797, 41.02906011299801 ], [ -81.623874623464474, 41.02910811286602 ], [ -81.623844623155179, 41.029185112523301 ], [ -81.623910623494567, 41.029184112711697 ], [ -81.624139624696255, 41.029172113439202 ], [ -81.624234625196053, 41.029172113756545 ], [ -81.624340625666306, 41.029173114033554 ], [ -81.624455626303714, 41.029174114364132 ], [ -81.624578626984061, 41.029176114727406 ], [ -81.624709627604588, 41.029177115115914 ], [ -81.624828628191068, 41.029177115472102 ], [ -81.624826628108551, 41.029203115366712 ], [ -81.624820627990388, 41.029258115251636 ], [ -81.624819627832252, 41.029305115124892 ], [ -81.624817627607626, 41.029371114936822 ], [ -81.624814627039513, 41.029536114430663 ], [ -81.624811626708663, 41.029629114197448 ], [ -81.624808626349903, 41.029728113909485 ], [ -81.624806626045384, 41.029829113675504 ], [ -81.624804625672795, 41.029931113341135 ], [ -81.624803625423525, 41.030034113069171 ], [ -81.624799625068164, 41.030139112826653 ], [ -81.624796624670665, 41.030240112512018 ], [ -81.624803624384114, 41.030336112258219 ], [ -81.624834624010077, 41.030511111887613 ], [ -81.624866623696789, 41.030666111577005 ], [ -81.624880623617685, 41.030728111500558 ], [ -81.624889623472711, 41.030779111336713 ], [ -81.624899623326684, 41.030851111144038 ], [ -81.624974623616083, 41.030859111385695 ], [ -81.625048623955195, 41.03085911157924 ], [ -81.625139624521807, 41.030859111849892 ], [ -81.625240625033328, 41.030860112200237 ], [ -81.62534462549489, 41.030860112498715 ], [ -81.625551626587708, 41.030862113087963 ], [ -81.625649627095683, 41.030863113328202 ], [ -81.625739627486482, 41.030865113671872 ], [ -81.625819627879252, 41.030867113836003 ], [ -81.625887628227602, 41.030869114073134 ], [ -81.62598662868335, 41.030876114307013 ], [ -81.625999629001583, 41.030824114523895 ], [ -81.626017629334484, 41.030751114796047 ], [ -81.626030629513096, 41.030693114973623 ], [ -81.626048629839516, 41.03062411520316 ], [ -81.626092630660168, 41.030461115747912 ], [ -81.626108630944472, 41.030370116039272 ], [ -81.626117631312894, 41.030275116376153 ], [ -81.626119631664167, 41.030179116643481 ], [ -81.626117631962416, 41.030083116839855 ], [ -81.626115632236434, 41.0299851171428 ], [ -81.626163633386852, 41.029709118000127 ], [ -81.626211633904759, 41.029627118364431 ], [ -81.626265634525183, 41.029546118705262 ], [ -81.626313634962074, 41.029460119151267 ], [ -81.626347635493858, 41.029368119503808 ], [ -81.626365635933354, 41.029270119835424 ], [ -81.626373636218148, 41.029169120128408 ], [ -81.626376636674209, 41.029065120413847 ], [ -81.626377636973316, 41.028959120685471 ], [ -81.626378637271358, 41.028853120955155 ], [ -81.626379637688856, 41.028750121286052 ], [ -81.626381637995593, 41.028648121487016 ], [ -81.626383638339178, 41.02854812175859 ], [ -81.626386638647276, 41.028450122071348 ], [ -81.626388638942657, 41.028354122304954 ], [ -81.626389639269902, 41.028259122558012 ], [ -81.626389639673604, 41.02816712281308 ], [ -81.626389639779759, 41.028128122970067 ], [ -81.626389639920603, 41.028076123058881 ], [ -81.626391640209675, 41.027986123324609 ], [ -81.626394640574119, 41.027898123631367 ], [ -81.626395640777943, 41.027812123800231 ], [ -81.626393641112486, 41.027729124031239 ], [ -81.626382641220701, 41.02764712425261 ], [ -81.626260641330674, 41.027427124487531 ], [ -81.626192641198259, 41.027363124449955 ], [ -81.626114641010432, 41.027302124351571 ], [ -81.626031640735235, 41.027243124317117 ], [ -81.62594764053361, 41.027185124149192 ], [ -81.625866640228224, 41.027124124139299 ], [ -81.625795640119179, 41.027060124028928 ], [ -81.625736640030695, 41.02699012408457 ], [ -81.625693640033873, 41.026914124138557 ], [ -81.625664640109804, 41.026833124247588 ], [ -81.625649640282887, 41.026748124503698 ], [ -81.625642640517526, 41.026661124675996 ], [ -81.625640640848005, 41.026572124926048 ], [ -81.625640641151179, 41.026482125136397 ], [ -81.625641641404314, 41.026391125420687 ], [ -81.625642641774334, 41.026300125612778 ], [ -81.625643642042021, 41.026211125877502 ], [ -81.625644642308217, 41.026129126082807 ], [ -81.625644642563373, 41.026054126342558 ], [ -81.625645642726397, 41.025988126504025 ], [ -81.625647642982088, 41.025932126648286 ], [ -81.625649643099862, 41.02588112684159 ], [ -81.625651643299165, 41.025833126919125 ], [ -81.625655643608866, 41.02575512719558 ], [ -81.625661643947979, 41.025646127498078 ] ] ] } },
{ "type": "Feature", "properties": { "UNIQUE_ID": "Summit-:-NORTON 3-A (AOA)", "PRECNAME": "NORTON 3-A", "PRECCODE": "AOA", "COUNTYFP": "153", "County": "Summit", "SLDL_DIST": "031", "total_pop": 1392, "age_under18": 302, "age_18_34": 260, "age_35_64": 491, "age_65plus": 339, "pop_hispanic": 4, "pop_white": 1023, "pop_black": 0, "pop_asian": 244, "pct_hispanic": 0.3, "pct_white": 83.0, "pct_black": 0.0, "pct_asian": 19.8, "pct_native": 0.0, "pct_multi": 0.0, "med_hh_income": 89250.0, "pct_bachelors_plus": 37.313805436337624, "pct_no_hs_diploma": 3.9587267525035768, "pct_some_college": 27.443562231759657 }, "geometry": { "type": "Polygon", "coordinates": [ [ [ -81.687796597171811, 41.027914804954762 ], [ -81.687789941860075, 41.031110295880467 ], [ -81.687788940586856, 41.031310295259814 ], [ -81.687768920199574, 41.034477284143335 ], [ -81.687746896474849, 41.038186271230146 ], [ -81.687746895786702, 41.038286270923649 ], [ -81.687745894941528, 41.038411270515148 ], [ -81.687742891764486, 41.038903268748633 ], [ -81.687740890739775, 41.0390672682326 ], [ -81.687739889474756, 41.039264267555936 ], [ -81.687731881085583, 41.040583262953319 ], [ -81.687728033670211, 41.041327960674316 ], [ -81.6877268748554, 41.041552259539877 ], [ -81.687725874265922, 41.041641259246788 ], [ -81.687725874144846, 41.041660258318593 ], [ -81.687725873941091, 41.041692259051338 ], [ -81.687724989808217, 41.041759417786416 ], [ -81.687724873417338, 41.041768258830992 ], [ -81.687522873332767, 41.041645258641701 ], [ -81.686998872650776, 41.041364258147347 ], [ -81.686903872533506, 41.041326258014671 ], [ -81.686640872073482, 41.041205257677028 ], [ -81.686430871651694, 41.041114257417142 ], [ -81.686266871333757, 41.041052257154995 ], [ -81.68590887048579, 41.040926256596158 ], [ -81.685285868859722, 41.040735255464206 ], [ -81.685097868333301, 41.040684255124837 ], [ -81.684739867186238, 41.04060225442673 ], [ -81.684418866132916, 41.040540253697557 ], [ -81.683812863847706, 41.040448252292975 ], [ -81.683638863227699, 41.040426251897017 ], [ -81.683245861585007, 41.040393250875312 ], [ -81.682793859608452, 41.040369249626224 ], [ -81.682556858563274, 41.040364249036145 ], [ -81.681989856038356, 41.040355247445632 ], [ -81.681456853547303, 41.040357245926273 ], [ -81.680862850928335, 41.040346244243992 ], [ -81.680107847542601, 41.040327242168985 ], [ -81.677536835959614, 41.040280235064387 ], [ -81.676887833051367, 41.040265233237307 ], [ -81.676221830088082, 41.040256231405387 ], [ -81.671635809373825, 41.04016821869434 ], [ -81.669458799585797, 41.040129212637964 ], [ -81.668396794686515, 41.040118209703529 ], [ -81.66707078872993, 41.040089205995827 ], [ -81.665762782770884, 41.040063202368593 ], [ -81.663689773402268, 41.04002219660719 ], [ -81.663128770892328, 41.040011195046304 ], [ -81.662830769569439, 41.040005194268076 ], [ -81.662240766943441, 41.039992192596749 ], [ -81.660762760197912, 41.039957188512197 ], [ -81.658337749255679, 41.039901181840506 ], [ -81.656481740779896, 41.039871176608237 ], [ -81.656383740380733, 41.039863176390625 ], [ -81.655394735881956, 41.039850173652809 ], [ -81.651911720105488, 41.039786163875455 ], [ -81.651098716332982, 41.03976616169431 ], [ -81.64908770717588, 41.039732156029906 ], [ -81.647954702007226, 41.039705152940051 ], [ -81.647960702845353, 41.039518153458317 ], [ -81.647992707048274, 41.03860415627932 ], [ -81.648005709551356, 41.038038158037494 ], [ -81.648009710404338, 41.037847158618952 ], [ -81.648030714045746, 41.037030161082136 ], [ -81.648056717134338, 41.036349163144017 ], [ -81.646618710270204, 41.036337159098572 ], [ -81.646243708502709, 41.036339157964079 ], [ -81.644808701637203, 41.036320153948751 ], [ -81.64313969374183, 41.036307149169744 ], [ -81.642546690852825, 41.036300147405726 ], [ -81.642215689295369, 41.036288146523383 ], [ -81.64210868879178, 41.036281146274852 ], [ -81.64193968817284, 41.036257145818659 ], [ -81.64171168719605, 41.036202145350728 ], [ -81.64160068681629, 41.036169145103109 ], [ -81.641491686514286, 41.036131144928007 ], [ -81.641310685896727, 41.036061144609917 ], [ -81.641165685330151, 41.036017144254984 ], [ -81.641020684781523, 41.035985143952303 ], [ -81.640713683483199, 41.035940143157056 ], [ -81.640458682288013, 41.03592014247679 ], [ -81.640168680995188, 41.035904141752106 ], [ -81.639063675662968, 41.035904138512251 ], [ -81.638507672935759, 41.035903136916325 ], [ -81.638019670586047, 41.035896135515628 ], [ -81.638025672539413, 41.035423136871536 ], [ -81.638068683968044, 41.032490145373423 ], [ -81.638109690345658, 41.030898150070207 ], [ -81.638125692550702, 41.030359151666801 ], [ -81.638149696013059, 41.029491154196833 ], [ -81.638189702010166, 41.027995158587728 ], [ -81.638215704671069, 41.027346160453604 ], [ -81.63822670570562, 41.02707516128924 ], [ -81.638246707815597, 41.026559162868928 ], [ -81.638247710787113, 41.025808164976532 ], [ -81.639194715771495, 41.025807167842103 ], [ -81.640738724033966, 41.025807172447308 ], [ -81.641868730156958, 41.025807175912703 ], [ -81.64312273680315, 41.025807179712665 ], [ -81.644474744083823, 41.025794183781386 ], [ -81.645991752235574, 41.025787188420239 ], [ -81.646683755933623, 41.025783190488461 ], [ -81.648396765239099, 41.025776195622008 ], [ -81.650308775498658, 41.025768201457247 ], [ -81.650799778059692, 41.025771202881131 ], [ -81.652205785585892, 41.025780207127461 ], [ -81.653871794452044, 41.025781212186445 ], [ -81.655315802213181, 41.025775216522874 ], [ -81.65770681496798, 41.025774223711103 ], [ -81.660942832386837, 41.025767233536556 ], [ -81.661752836705972, 41.02576823591383 ], [ -81.662182838988002, 41.02576823722729 ], [ -81.663501846074226, 41.025768241245942 ], [ -81.663716847253923, 41.025769241848458 ], [ -81.665240855417224, 41.025763246451554 ], [ -81.665518856887417, 41.025762247325275 ], [ -81.667318866464086, 41.025766252767504 ], [ -81.667319868056708, 41.025483253670416 ], [ -81.667331870192527, 41.025084254999868 ], [ -81.667343876208889, 41.023983258549229 ], [ -81.667352877569456, 41.023723259410346 ], [ -81.667373887292769, 41.021940265203327 ], [ -81.667418900047352, 41.019595272818449 ], [ -81.667435902664323, 41.019132274405351 ], [ -81.667463913359683, 41.017153280872996 ], [ -81.667465914068316, 41.017032281232524 ], [ -81.667484918212438, 41.016282283702871 ], [ -81.667486919799416, 41.015977284739222 ], [ -81.667502923724555, 41.015272286989543 ], [ -81.667501925076692, 41.015028287772573 ], [ -81.667511926585902, 41.014751288685893 ], [ -81.667517928515295, 41.014388289876997 ], [ -81.667525930676618, 41.013999291183261 ], [ -81.671968959399138, 41.013594306547191 ], [ -81.676984992036211, 41.013141323947096 ], [ -81.677454994962531, 41.013106325522081 ], [ -81.677680996423689, 41.013094326308149 ], [ -81.678135999249818, 41.013079327751022 ], [ -81.678671002505794, 41.013079329463821 ], [ -81.678996004375534, 41.013091330508423 ], [ -81.679275005968393, 41.013107331283919 ], [ -81.679831008967966, 41.013157332920066 ], [ -81.680182010813667, 41.013203333838497 ], [ -81.680768013722485, 41.013300335428035 ], [ -81.681107015349085, 41.013369336213707 ], [ -81.681485017061661, 41.013457337143187 ], [ -81.681945019077162, 41.013575338184758 ], [ -81.683089023934102, 41.013892340735033 ], [ -81.683261024755055, 41.013934341103436 ], [ -81.684366029324877, 41.014245343537326 ], [ -81.687943044253089, 41.015244351348201 ], [ -81.687940042792007, 41.015462350631125 ], [ -81.687936040216556, 41.015872349159302 ], [ -81.687862000252395, 41.022045327511229 ], [ -81.687823985200225, 41.024359319450447 ], [ -81.687810979654429, 41.025229316374613 ], [ -81.687806365028308, 41.025498837320029 ], [ -81.687803976941595, 41.025638314922247 ], [ -81.687802851477883, 41.025646943076481 ], [ -81.687800976810863, 41.025661314850971 ], [ -81.68779997485575, 41.025960313791458 ], [ -81.687799974740045, 41.02597874661398 ], [ -81.687799972770094, 41.02629431261316 ], [ -81.687796597171811, 41.027914804954762 ] ] ] } },
{ "type": "Feature", "properties": { "UNIQUE_ID": "Summit-:-NORTON 3-B (AOC)", "PRECNAME": "NORTON 3-B", "PRECCODE": "AOC", "COUNTYFP": "153", "County": "Summit", "SLDL_DIST": "031", "total_pop": 1518, "age_under18": 273, "age_18_34": 299, "age_35_64": 636, "age_65plus": 310, "pop_hispanic": 18, "pop_white": 1277, "pop_black": 0, "pop_asian": 80, "pct_hispanic": 1.1, "pct_white": 81.1, "pct_black": 0.0, "pct_asian": 5.1, "pct_native": 0.0, "pct_multi": 0.0, "med_hh_income": 91227.0, "pct_bachelors_plus": 28.365592105263158, "pct_no_hs_diploma": 0.81019736842105261, "pct_some_college": 31.077434210526313 }, "geometry": { "type": "MultiPolygon", "coordinates": [ [ [ [ -81.627744678447371, 41.018641152829147 ], [ -81.628080680259544, 41.018655153800069 ], [ -81.628415682193818, 41.018669154828622 ], [ -81.630872695880726, 41.018778162179714 ], [ -81.631348698483365, 41.018797163620505 ], [ -81.632093699544185, 41.019706163378423 ], [ -81.632338700359526, 41.019859163657678 ], [ -81.632967702581126, 41.020210164637369 ], [ -81.633552704631825, 41.020567165437456 ], [ -81.633756705223902, 41.020731165625307 ], [ -81.633729704804637, 41.02078116543192 ], [ -81.633714704619223, 41.020828165215363 ], [ -81.633600700740473, 41.021729162327517 ], [ -81.633577699563375, 41.022007161483685 ], [ -81.636019713009645, 41.022043168858744 ], [ -81.636902717799259, 41.022050171614822 ], [ -81.638322725646617, 41.022073175850849 ], [ -81.638257714808432, 41.024772167917007 ], [ -81.638245712565308, 41.025347166285819 ], [ -81.638247710787113, 41.025808164976532 ], [ -81.638246707815597, 41.026559162868928 ], [ -81.63822670570562, 41.02707516128924 ], [ -81.638215704671069, 41.027346160453604 ], [ -81.638189702010166, 41.027995158587728 ], [ -81.637746699612123, 41.028000157232484 ], [ -81.63696769552098, 41.027999154909601 ], [ -81.636233691745147, 41.02799115273875 ], [ -81.635315686879451, 41.027995149934242 ], [ -81.634903684777854, 41.02799114871852 ], [ -81.634096680616537, 41.027990146376943 ], [ -81.633199675823505, 41.027994143688744 ], [ -81.632190670594085, 41.027993140677893 ], [ -81.631397666398342, 41.027990138327276 ], [ -81.63123966568719, 41.027979137844106 ], [ -81.631080664847076, 41.027956137410648 ], [ -81.631020664609167, 41.027932137340585 ], [ -81.630995664550781, 41.02791913731312 ], [ -81.630968664513929, 41.027905137248034 ], [ -81.630892664254972, 41.027853137117901 ], [ -81.630838664187564, 41.027800137150535 ], [ -81.630778664131157, 41.027717137196007 ], [ -81.630719664133281, 41.027620137262559 ], [ -81.630670664230877, 41.027521137454315 ], [ -81.630635664421831, 41.027431137511897 ], [ -81.630597664582439, 41.027305137797256 ], [ -81.630575664832094, 41.0272031379724 ], [ -81.630559665173266, 41.027075138328193 ], [ -81.630552665967343, 41.026863138891379 ], [ -81.630559666966775, 41.026580139665469 ], [ -81.630563669692634, 41.025806141861828 ], [ -81.6295496642568, 41.025805138790027 ], [ -81.628353657838858, 41.025803135132399 ], [ -81.627414652765808, 41.025799132365137 ], [ -81.627183651643747, 41.02579213169507 ], [ -81.626966650494737, 41.025775131057998 ], [ -81.626624648794817, 41.02574213015054 ], [ -81.626630650934089, 41.02510213186067 ], [ -81.626639651961739, 41.024783132804743 ], [ -81.626643652414856, 41.024674133104284 ], [ -81.62669365289625, 41.024582133491222 ], [ -81.626785653916187, 41.024454134102932 ], [ -81.626834654333592, 41.024400134424802 ], [ -81.626943655212727, 41.024300135010506 ], [ -81.627005655668356, 41.024253135291836 ], [ -81.62713865660065, 41.024189135907783 ], [ -81.627243657422326, 41.024130136385885 ], [ -81.627365658301841, 41.024053136982303 ], [ -81.627522659588749, 41.023940137702205 ], [ -81.627586660081505, 41.023877138077502 ], [ -81.627634660557817, 41.023821138381813 ], [ -81.627676661019919, 41.023763138657564 ], [ -81.62775866200181, 41.023611139349796 ], [ -81.627780662293802, 41.023553139608339 ], [ -81.627800662642485, 41.023474139841532 ], [ -81.627808662981167, 41.023393140051724 ], [ -81.627803663139971, 41.023323140272076 ], [ -81.627690665310155, 41.022504142155192 ], [ -81.627685665775857, 41.022349142562177 ], [ -81.627693666168625, 41.022232142860702 ], [ -81.627819668514292, 41.021754144585778 ], [ -81.627864669210709, 41.021627145080359 ], [ -81.627638668161964, 41.021561144533663 ], [ -81.627433667200776, 41.021489144124921 ], [ -81.626839664709948, 41.021253142935883 ], [ -81.626406662734922, 41.021104142055108 ], [ -81.62645166333931, 41.02100414243268 ], [ -81.626572664455594, 41.020865143153557 ], [ -81.626706665678, 41.020730143923757 ], [ -81.62682666666268, 41.020626144598737 ], [ -81.626943667653805, 41.020539145216063 ], [ -81.62705866853274, 41.020466145772687 ], [ -81.627053669483359, 41.020161146559346 ], [ -81.627055672157155, 41.019348148751902 ], [ -81.627047672729717, 41.019150149276385 ], [ -81.627768677576881, 41.018922152097666 ], [ -81.627744678447371, 41.018641152829147 ] ] ], [ [ [ -81.647773668797896, 41.04715813026548 ], [ -81.647727661218795, 41.048851125118766 ], [ -81.647702655783348, 41.050067121424135 ], [ -81.646125649072587, 41.050126116962858 ], [ -81.645021644355822, 41.050167113887909 ], [ -81.643304637108628, 41.050232109018609 ], [ -81.642233632499682, 41.050274105977344 ], [ -81.641538629451915, 41.050308104034919 ], [ -81.64142062903116, 41.050314103647771 ], [ -81.640606625592767, 41.050344101360899 ], [ -81.639817622232897, 41.050368099186301 ], [ -81.639507620888594, 41.050377098309447 ], [ -81.638874618299212, 41.050393096516061 ], [ -81.638290615798624, 41.050406094916568 ], [ -81.637921614202725, 41.050422093871909 ], [ -81.637763613507857, 41.050433093454373 ], [ -81.63775961426856, 41.050250093964245 ], [ -81.637760616270384, 41.049714095417819 ], [ -81.637770618247956, 41.049232096871073 ], [ -81.637776619253145, 41.048971097568966 ], [ -81.637775621548357, 41.048359099387255 ], [ -81.63779062428128, 41.0476771013739 ], [ -81.637809627646334, 41.04682610382752 ], [ -81.637828631498351, 41.045832106699713 ], [ -81.637841632132165, 41.045674107175309 ], [ -81.637840634432578, 41.045084108837273 ], [ -81.637856636582967, 41.044537110429033 ], [ -81.637861638820979, 41.043974112052439 ], [ -81.637892645468398, 41.042267117061868 ], [ -81.637911647800649, 41.041689118702365 ], [ -81.637914650081868, 41.041110120398436 ], [ -81.637933651863761, 41.040650121784246 ], [ -81.637938652877196, 41.040397122493196 ], [ -81.637954656494301, 41.039502125095986 ], [ -81.637959657192511, 41.039326125548357 ], [ -81.637986660638987, 41.038439128172129 ], [ -81.637998662649665, 41.03794712960287 ], [ -81.638014665353069, 41.037270131605602 ], [ -81.638015667312672, 41.036748133069942 ], [ -81.638019670586047, 41.035896135515628 ], [ -81.638507672935759, 41.035903136916325 ], [ -81.639063675662968, 41.035904138512251 ], [ -81.640168680995188, 41.035904141752106 ], [ -81.640458682288013, 41.03592014247679 ], [ -81.640713683483199, 41.035940143157056 ], [ -81.641020684781523, 41.035985143952303 ], [ -81.641165685330151, 41.036017144254984 ], [ -81.641310685896727, 41.036061144609917 ], [ -81.641491686514286, 41.036131144928007 ], [ -81.64160068681629, 41.036169145103109 ], [ -81.64171168719605, 41.036202145350728 ], [ -81.64193968817284, 41.036257145818659 ], [ -81.64210868879178, 41.036281146274852 ], [ -81.642215689295369, 41.036288146523383 ], [ -81.642546690852825, 41.036300147405726 ], [ -81.64313969374183, 41.036307149169744 ], [ -81.644808701637203, 41.036320153948751 ], [ -81.646243708502709, 41.036339157964079 ], [ -81.646618710270204, 41.036337159098572 ], [ -81.648056717134338, 41.036349163144017 ], [ -81.648030714045746, 41.037030161082136 ], [ -81.648009710404338, 41.037847158618952 ], [ -81.648005709551356, 41.038038158037494 ], [ -81.647992707048274, 41.03860415627932 ], [ -81.647960702845353, 41.039518153458317 ], [ -81.647954702007226, 41.039705152940051 ], [ -81.647932698506793, 41.040493150546773 ], [ -81.647929697427244, 41.040741149731048 ], [ -81.647907694444839, 41.0414111477414 ], [ -81.647903693232678, 41.041670146886567 ], [ -81.647892691896885, 41.041959146019821 ], [ -81.647862686387938, 41.043213142263582 ], [ -81.647845680997222, 41.0444211385824 ], [ -81.64781367651824, 41.045412135589032 ], [ -81.647788672771668, 41.046251132962851 ], [ -81.647774669880945, 41.046900131013075 ], [ -81.647773668797896, 41.04715813026548 ] ] ] ] } },
{ "type": "Feature", "properties": { "UNIQUE_ID": "Summit-:-NORTON 4-A (ATE)", "PRECNAME": "NORTON 4-A", "PRECCODE": "ATE", "COUNTYFP": "153", "County": "Summit", "SLDL_DIST": "031", "total_pop": 1353, "age_under18": 254, "age_18_34": 264, "age_35_64": 609, "age_65plus": 226, "pop_hispanic": 4, "pop_white": 1189, "pop_black": 19, "pop_asian": 26, "pct_hispanic": 0.3, "pct_white": 95.7, "pct_black": 1.5, "pct_asian": 2.1, "pct_native": 0.0, "pct_multi": 0.0, "med_hh_income": 76084.0, "pct_bachelors_plus": 26.307074428887248, "pct_no_hs_diploma": 9.7609432571849659, "pct_some_college": 28.517759764185701 }, "geometry": { "type": "Polygon", "coordinates": [ [ [ -81.688154116683293, 41.004142390592492 ], [ -81.688152198888304, 41.004266994487104 ], [ -81.688145112868654, 41.004727388487403 ], [ -81.688132106059868, 41.005772384883151 ], [ -81.688040105000411, 41.010373857081667 ], [ -81.688038075308427, 41.010475368223481 ], [ -81.688035074543791, 41.010606367784469 ], [ -81.68801110188916, 41.011719907859252 ], [ -81.687989239703128, 41.012735393366455 ], [ -81.687981623135329, 41.013089173380436 ], [ -81.687972680681398, 41.013504535831586 ], [ -81.687953244668179, 41.014407294727427 ], [ -81.687953049618031, 41.014416354280996 ], [ -81.687948246715649, 41.014813821075869 ], [ -81.687945924542902, 41.015005992999299 ], [ -81.687943044253089, 41.015244351348201 ], [ -81.684366029324877, 41.014245343537326 ], [ -81.683261024755055, 41.013934341103436 ], [ -81.683089023934102, 41.013892340735033 ], [ -81.681945019077162, 41.013575338184758 ], [ -81.681485017061661, 41.013457337143187 ], [ -81.681107015349085, 41.013369336213707 ], [ -81.680768013722485, 41.013300335428035 ], [ -81.680182010813667, 41.013203333838497 ], [ -81.679831008967966, 41.013157332920066 ], [ -81.679275005968393, 41.013107331283919 ], [ -81.678996004375534, 41.013091330508423 ], [ -81.678671002505794, 41.013079329463821 ], [ -81.678135999249818, 41.013079327751022 ], [ -81.677680996423689, 41.013094326308149 ], [ -81.677454994962531, 41.013106325522081 ], [ -81.676984992036211, 41.013141323947096 ], [ -81.671968959399138, 41.013594306547191 ], [ -81.667525930676618, 41.013999291183261 ], [ -81.667517928515295, 41.014388289876997 ], [ -81.667511926585902, 41.014751288685893 ], [ -81.667501925076692, 41.015028287772573 ], [ -81.667502923724555, 41.015272286989543 ], [ -81.667486919799416, 41.015977284739222 ], [ -81.667484918212438, 41.016282283702871 ], [ -81.667465914068316, 41.017032281232524 ], [ -81.667463913359683, 41.017153280872996 ], [ -81.667435902664323, 41.019132274405351 ], [ -81.667418900047352, 41.019595272818449 ], [ -81.667373887292769, 41.021940265203327 ], [ -81.667352877569456, 41.023723259410346 ], [ -81.667343876208889, 41.023983258549229 ], [ -81.667331870192527, 41.025084254999868 ], [ -81.667319868056708, 41.025483253670416 ], [ -81.667318866464086, 41.025766252767504 ], [ -81.665518856887417, 41.025762247325275 ], [ -81.665240855417224, 41.025763246451554 ], [ -81.663716847253923, 41.025769241848458 ], [ -81.663501846074226, 41.025768241245942 ], [ -81.662182838988002, 41.02576823722729 ], [ -81.661752836705972, 41.02576823591383 ], [ -81.660942832386837, 41.025767233536556 ], [ -81.65770681496798, 41.025774223711103 ], [ -81.655315802213181, 41.025775216522874 ], [ -81.653871794452044, 41.025781212186445 ], [ -81.652205785585892, 41.025780207127461 ], [ -81.650799778059692, 41.025771202881131 ], [ -81.650308775498658, 41.025768201457247 ], [ -81.648396765239099, 41.025776195622008 ], [ -81.646683755933623, 41.025783190488461 ], [ -81.645991752235574, 41.025787188420239 ], [ -81.644474744083823, 41.025794183781386 ], [ -81.64312273680315, 41.025807179712665 ], [ -81.641868730156958, 41.025807175912703 ], [ -81.640738724033966, 41.025807172447308 ], [ -81.639194715771495, 41.025807167842103 ], [ -81.638247710787113, 41.025808164976532 ], [ -81.638245712565308, 41.025347166285819 ], [ -81.638257714808432, 41.024772167917007 ], [ -81.638322725646617, 41.022073175850849 ], [ -81.636902717799259, 41.022050171614822 ], [ -81.636019713009645, 41.022043168858744 ], [ -81.633577699563375, 41.022007161483685 ], [ -81.633600700740473, 41.021729162327517 ], [ -81.633714704619223, 41.020828165215363 ], [ -81.633729704804637, 41.02078116543192 ], [ -81.633756705223902, 41.020731165625307 ], [ -81.633552704631825, 41.020567165437456 ], [ -81.632967702581126, 41.020210164637369 ], [ -81.632338700359526, 41.019859163657678 ], [ -81.632093699544185, 41.019706163378423 ], [ -81.631348698483365, 41.018797163620505 ], [ -81.630872695880726, 41.018778162179714 ], [ -81.628415682193818, 41.018669154828622 ], [ -81.628080680259544, 41.018655153800069 ], [ -81.627744678447371, 41.018641152829147 ], [ -81.627654680634748, 41.017819154779225 ], [ -81.628436687568964, 41.017088159205564 ], [ -81.628603689100771, 41.016931160155018 ], [ -81.62865268949885, 41.016884160409965 ], [ -81.630247698773118, 41.016898165401884 ], [ -81.630248695692174, 41.017795162944346 ], [ -81.633442714016127, 41.017797172894056 ], [ -81.633473714272782, 41.017797172954438 ], [ -81.634696721245334, 41.017797176766365 ], [ -81.634755728352971, 41.015972182039661 ], [ -81.635539732798037, 41.015992184482187 ], [ -81.638473749785675, 41.016066193517929 ], [ -81.639188753922028, 41.016067195747816 ], [ -81.639190756082158, 41.015514197278328 ], [ -81.639245759794363, 41.014650199943688 ], [ -81.63924577583289, 41.010553211666711 ], [ -81.639267778416496, 41.00992121355641 ], [ -81.639276779292771, 41.009731214114325 ], [ -81.63934578547105, 41.00825321861798 ], [ -81.639445793968051, 41.00625322464645 ], [ -81.639456794631414, 41.006112225072933 ], [ -81.642148816397523, 41.004943237233036 ], [ -81.643290825566623, 41.004513242267272 ], [ -81.643281828292231, 41.00382224422507 ], [ -81.643595830900765, 41.00368024565843 ], [ -81.6436958314046, 41.003714245874548 ], [ -81.643767831879359, 41.003724246122665 ], [ -81.644402835970951, 41.003743248194766 ], [ -81.644719837912348, 41.003749249156719 ], [ -81.645707844239311, 41.003769252400339 ], [ -81.64657984983414, 41.0037812552292 ], [ -81.647321854544316, 41.003800257570497 ], [ -81.648707863517785, 41.003815262090555 ], [ -81.649257867013446, 41.003818263888448 ], [ -81.649750870143635, 41.003828265454736 ], [ -81.649747867822242, 41.004343263955562 ], [ -81.649802868159838, 41.004353264102228 ], [ -81.649852868447667, 41.004368264190241 ], [ -81.649899868637064, 41.004391264284578 ], [ -81.650340870302614, 41.004654264927609 ], [ -81.650893872318562, 41.004992265697709 ], [ -81.651007872695288, 41.00507226582657 ], [ -81.651113872954653, 41.005165265921036 ], [ -81.65119987314803, 41.005250265988664 ], [ -81.651243873020277, 41.005324265898828 ], [ -81.651283872614101, 41.005474265550035 ], [ -81.651292872273117, 41.005574265320753 ], [ -81.651265867528338, 41.006563262252037 ], [ -81.651251863552673, 41.007428259601127 ], [ -81.651239861706387, 41.007825258352902 ], [ -81.651239860610232, 41.008067257569792 ], [ -81.65209086587501, 41.008089260246841 ], [ -81.652389867759339, 41.008088261227215 ], [ -81.653139872307079, 41.008100263644216 ], [ -81.65314687408997, 41.007726264826353 ], [ -81.65314487738388, 41.007019266924708 ], [ -81.653152878581665, 41.006777267656126 ], [ -81.653156880638534, 41.006324269081595 ], [ -81.653181887404898, 41.004900273514941 ], [ -81.653210891433417, 41.00406727610013 ], [ -81.653208892319213, 41.003869276755616 ], [ -81.654195898738337, 41.003873279909818 ], [ -81.654383899960749, 41.00387328059437 ], [ -81.654742902214039, 41.003881281719998 ], [ -81.656582913983726, 41.003899287675949 ], [ -81.656586912941989, 41.004142286929955 ], [ -81.656578912152625, 41.004297286449301 ], [ -81.656549902887946, 41.006166280607346 ], [ -81.656536900514865, 41.006652279085756 ], [ -81.656510893200718, 41.008134274401634 ], [ -81.657003896233078, 41.008150276006205 ], [ -81.659034908883456, 41.008167282460391 ], [ -81.659517911864924, 41.008178284033285 ], [ -81.660815919946401, 41.008184288224832 ], [ -81.660881920335655, 41.008180288373381 ], [ -81.660927920679526, 41.008170288618807 ], [ -81.660966921023217, 41.008153288763076 ], [ -81.660995921318076, 41.008130288985548 ], [ -81.661011921627818, 41.00809928912409 ], [ -81.661020921954602, 41.008039289316024 ], [ -81.661032923850271, 41.007666290514074 ], [ -81.661042924800768, 41.00749129106508 ], [ -81.661037926443768, 41.007163292073621 ], [ -81.661043927422782, 41.006975292745949 ], [ -81.661062928892818, 41.006699293603241 ], [ -81.661184929749865, 41.006692294097363 ], [ -81.66120892994067, 41.006688294184478 ], [ -81.661238930142062, 41.006675294311492 ], [ -81.661276930577699, 41.006650294456627 ], [ -81.661312930906163, 41.006619294749633 ], [ -81.661328931168867, 41.006599294862319 ], [ -81.661346931637127, 41.00651129515866 ], [ -81.661337933519178, 41.006128296337025 ], [ -81.661289937495894, 41.005275298808733 ], [ -81.661268939892963, 41.004772300321335 ], [ -81.661235941039124, 41.004514301083503 ], [ -81.661181941791085, 41.004291301563569 ], [ -81.661144942127123, 41.004179301814517 ], [ -81.661040942770683, 41.003918302288433 ], [ -81.661636946636875, 41.003917304251274 ], [ -81.661929948511542, 41.003916305227889 ], [ -81.662485952097683, 41.003918307006117 ], [ -81.662475951094905, 41.004102306449958 ], [ -81.66244094998757, 41.004283305721529 ], [ -81.662398948083535, 41.004608304586476 ], [ -81.662390947456828, 41.004716304194666 ], [ -81.662390946837306, 41.004825303854084 ], [ -81.662399945780692, 41.005042303248828 ], [ -81.662423944040313, 41.005423302064365 ], [ -81.662455940626586, 41.006129300005441 ], [ -81.662461938769496, 41.006510298775432 ], [ -81.662468938550731, 41.00656429867162 ], [ -81.662491938405637, 41.00661729858686 ], [ -81.662530938353711, 41.006664298541267 ], [ -81.66258793858411, 41.006693298623084 ], [ -81.662655938999677, 41.006711298740825 ], [ -81.662728939403962, 41.006723299022816 ], [ -81.662799939765364, 41.006730299168495 ], [ -81.663167942032089, 41.006729300419138 ], [ -81.663174941685, 41.006805300137884 ], [ -81.663176941250057, 41.006914299868356 ], [ -81.663154937097303, 41.007675297337407 ], [ -81.663149934307143, 41.008216295649142 ], [ -81.665407948373783, 41.008231302907674 ], [ -81.665657949876859, 41.008233303682644 ], [ -81.66615995299108, 41.008247305224891 ], [ -81.666806957016888, 41.008250307365742 ], [ -81.66767996240003, 41.008265310103027 ], [ -81.6677219705998, 41.006774315082041 ], [ -81.669004978666408, 41.006786319178481 ], [ -81.670133985767464, 41.006795322816387 ], [ -81.671258992841501, 41.006807326418773 ], [ -81.672383999873361, 41.006818330035394 ], [ -81.673468006623565, 41.006827333526445 ], [ -81.673496007069076, 41.006787333764208 ], [ -81.673505007293286, 41.0067653338319 ], [ -81.673514007551944, 41.006718334055961 ], [ -81.673526011123315, 41.006096336168348 ], [ -81.673544013526453, 41.005693337497547 ], [ -81.67353901396497, 41.005612337749774 ], [ -81.673523014179409, 41.00556833782391 ], [ -81.673487014162049, 41.005534337859103 ], [ -81.673423013839937, 41.005510337733533 ], [ -81.673358013470661, 41.005502337551846 ], [ -81.673270012914941, 41.005499337247244 ], [ -81.673053011445006, 41.005505336519278 ], [ -81.672365007183586, 41.005495334301145 ], [ -81.671285000360186, 41.005480330823886 ], [ -81.670551995637737, 41.005477328475294 ], [ -81.670149993214395, 41.005469327190703 ], [ -81.670155993964471, 41.005335327603611 ], [ -81.670162998477167, 41.004519330327483 ], [ -81.670160001480312, 41.003959332154864 ], [ -81.67104700723786, 41.003971334960944 ], [ -81.672090013890568, 41.003973338449732 ], [ -81.674675030434102, 41.004001346772789 ], [ -81.675766037509902, 41.004009350380755 ], [ -81.676251040569923, 41.004017351885039 ], [ -81.677742050125701, 41.004032356750251 ], [ -81.678946057841969, 41.00403536070381 ], [ -81.681475074006386, 41.004063368967884 ], [ -81.682659081632011, 41.004081372739556 ], [ -81.682959083580897, 41.004076373767816 ], [ -81.685402099152356, 41.004100381657643 ], [ -81.685557100196903, 41.004099382237335 ], [ -81.686479106030163, 41.004110385189946 ], [ -81.687142110374694, 41.004110387328765 ], [ -81.687673113759402, 41.004116389127063 ], [ -81.687997115773328, 41.004126390144904 ], [ -81.688153731338915, 41.00414235132115 ], [ -81.688154116683293, 41.004142390592492 ] ] ] } },
{ "type": "Feature", "properties": { "UNIQUE_ID": "Summit-:-NORTON 4-B (ATG)", "PRECNAME": "NORTON 4-B", "PRECCODE": "ATG", "COUNTYFP": "153", "County": "Summit", "SLDL_DIST": "031", "total_pop": 1541, "age_under18": 327, "age_18_34": 296, "age_35_64": 625, "age_65plus": 293, "pop_hispanic": 29, "pop_white": 1392, "pop_black": 4, "pop_asian": 12, "pct_hispanic": 2.0, "pct_white": 94.3, "pct_black": 0.3, "pct_asian": 0.8, "pct_native": 0.0, "pct_multi": 0.0, "med_hh_income": 75637.0, "pct_bachelors_plus": 16.143556701030931, "pct_no_hs_diploma": 20.962048969072161, "pct_some_college": 19.190657216494845 }, "geometry": { "type": "MultiPolygon", "coordinates": [ [ [ [ -81.649482838338201, 40.988556236057285 ], [ -81.649569838873433, 40.988556236347463 ], [ -81.650547845055286, 40.988553239484204 ], [ -81.653324862795301, 40.988554248429615 ], [ -81.654139868035827, 40.98855025107634 ], [ -81.656517883126369, 40.988553258734818 ], [ -81.656794594841955, 40.988551192003015 ], [ -81.657186887460739, 40.988548260870687 ], [ -81.657624130071682, 40.988551779553404 ], [ -81.657932892136657, 40.98855426329753 ], [ -81.658170893687242, 40.988553264009163 ], [ -81.658283894453561, 40.988553264391548 ], [ -81.658413895258292, 40.988553264765002 ], [ -81.658431855833712, 40.988553194705489 ], [ -81.658925898475985, 40.988551266476861 ], [ -81.659561183148512, 40.988555888542116 ], [ -81.660163906405927, 40.988560270466671 ], [ -81.6614119143549, 40.988561274519746 ], [ -81.662229919627663, 40.988565277136033 ], [ -81.662846923616797, 40.988568279102246 ], [ -81.663193925803085, 40.98856928022213 ], [ -81.663378926931586, 40.988570280870896 ], [ -81.663655928730478, 40.988570281737289 ], [ -81.664869936535553, 40.988572285628607 ], [ -81.665789942415699, 40.988574288636414 ], [ -81.666734948421634, 40.988580291663773 ], [ -81.667100553869773, 40.988575135633653 ], [ -81.66786895556325, 40.988564295300549 ], [ -81.668124957221096, 40.988554296051767 ], [ -81.668794961452647, 40.988555298237642 ], [ -81.669702967261799, 40.988566301230321 ], [ -81.670909974974137, 40.988569305049879 ], [ -81.671525978914786, 40.98856230703479 ], [ -81.672034982101181, 40.988565308693993 ], [ -81.672129982770102, 40.988565309004372 ], [ -81.672282983686912, 40.988565309524553 ], [ -81.672910873618591, 40.988568103512371 ], [ -81.673407990884286, 40.988570313161141 ], [ -81.675426003759398, 40.988571319654284 ], [ -81.675567004722893, 40.988570320098049 ], [ -81.676163345961314, 40.988567207242696 ], [ -81.676524010813694, 40.988565323102755 ], [ -81.676940980205245, 40.988567231494741 ], [ -81.677837019219851, 40.988571327396144 ], [ -81.678011020287926, 40.988576327969987 ], [ -81.678094020875974, 40.988582328254722 ], [ -81.678227021680144, 40.988583328717652 ], [ -81.678678024560327, 40.988584330144121 ], [ -81.679043026950708, 40.988584331346161 ], [ -81.679570030242843, 40.988584333063464 ], [ -81.681361041747948, 40.988585338790116 ], [ -81.681565042891833, 40.988572339420195 ], [ -81.681800044472084, 40.988571340157151 ], [ -81.683150053047513, 40.988568344457327 ], [ -81.683844057514023, 40.988570346726647 ], [ -81.685178400117437, 40.988566980761995 ], [ -81.685427067542392, 40.988566351775113 ], [ -81.685543713766634, 40.988566954702286 ], [ -81.686008071212839, 40.988569353727065 ], [ -81.687889083373975, 40.988587359835329 ], [ -81.688491087241829, 40.988588361785787 ], [ -81.688442097809158, 40.990731369941713 ], [ -81.688350117856984, 40.994777385363918 ], [ -81.688333120329531, 40.995271387154702 ], [ -81.688321122989464, 40.995802389222355 ], [ -81.688306126213661, 40.996455391701538 ], [ -81.688270055848463, 40.998051277837718 ], [ -81.688246139361425, 40.99910940181524 ], [ -81.688224143446277, 41.000034405100912 ], [ -81.688221142464499, 41.000197404451647 ], [ -81.688213140184317, 41.000542403264006 ], [ -81.688207138449656, 41.000801402313279 ], [ -81.688201110741105, 41.001195043800379 ], [ -81.688195133306593, 41.001585399560149 ], [ -81.688181611758012, 41.002428350317501 ], [ -81.688154116683293, 41.004142390592492 ], [ -81.688153731338915, 41.00414235132115 ], [ -81.687997115773328, 41.004126390144904 ], [ -81.687673113759402, 41.004116389127063 ], [ -81.687142110374694, 41.004110387328765 ], [ -81.686479106030163, 41.004110385189946 ], [ -81.685557100196903, 41.004099382237335 ], [ -81.685402099152356, 41.004100381657643 ], [ -81.682959083580897, 41.004076373767816 ], [ -81.682659081632011, 41.004081372739556 ], [ -81.681475074006386, 41.004063368967884 ], [ -81.678946057841969, 41.00403536070381 ], [ -81.677742050125701, 41.004032356750251 ], [ -81.676251040569923, 41.004017351885039 ], [ -81.675766037509902, 41.004009350380755 ], [ -81.674675030434102, 41.004001346772789 ], [ -81.672090013890568, 41.003973338449732 ], [ -81.67104700723786, 41.003971334960944 ], [ -81.670160001480312, 41.003959332154864 ], [ -81.670162998477167, 41.004519330327483 ], [ -81.670155993964471, 41.005335327603611 ], [ -81.670149993214395, 41.005469327190703 ], [ -81.670551995637737, 41.005477328475294 ], [ -81.671285000360186, 41.005480330823886 ], [ -81.672365007183586, 41.005495334301145 ], [ -81.673053011445006, 41.005505336519278 ], [ -81.673270012914941, 41.005499337247244 ], [ -81.673358013470661, 41.005502337551846 ], [ -81.673423013839937, 41.005510337733533 ], [ -81.673487014162049, 41.005534337859103 ], [ -81.673523014179409, 41.00556833782391 ], [ -81.67353901396497, 41.005612337749774 ], [ -81.673544013526453, 41.005693337497547 ], [ -81.673526011123315, 41.006096336168348 ], [ -81.673514007551944, 41.006718334055961 ], [ -81.673505007293286, 41.0067653338319 ], [ -81.673496007069076, 41.006787333764208 ], [ -81.673468006623565, 41.006827333526445 ], [ -81.672383999873361, 41.006818330035394 ], [ -81.671258992841501, 41.006807326418773 ], [ -81.670133985767464, 41.006795322816387 ], [ -81.669004978666408, 41.006786319178481 ], [ -81.6677219705998, 41.006774315082041 ], [ -81.66767996240003, 41.008265310103027 ], [ -81.666806957016888, 41.008250307365742 ], [ -81.66615995299108, 41.008247305224891 ], [ -81.665657949876859, 41.008233303682644 ], [ -81.665407948373783, 41.008231302907674 ], [ -81.663149934307143, 41.008216295649142 ], [ -81.663154937097303, 41.007675297337407 ], [ -81.663176941250057, 41.006914299868356 ], [ -81.663174941685, 41.006805300137884 ], [ -81.663167942032089, 41.006729300419138 ], [ -81.662799939765364, 41.006730299168495 ], [ -81.662728939403962, 41.006723299022816 ], [ -81.662655938999677, 41.006711298740825 ], [ -81.66258793858411, 41.006693298623084 ], [ -81.662530938353711, 41.006664298541267 ], [ -81.662491938405637, 41.00661729858686 ], [ -81.662468938550731, 41.00656429867162 ], [ -81.662461938769496, 41.006510298775432 ], [ -81.662455940626586, 41.006129300005441 ], [ -81.662423944040313, 41.005423302064365 ], [ -81.662399945780692, 41.005042303248828 ], [ -81.662390946837306, 41.004825303854084 ], [ -81.662390947456828, 41.004716304194666 ], [ -81.662398948083535, 41.004608304586476 ], [ -81.66244094998757, 41.004283305721529 ], [ -81.662475951094905, 41.004102306449958 ], [ -81.662485952097683, 41.003918307006117 ], [ -81.661929948511542, 41.003916305227889 ], [ -81.661636946636875, 41.003917304251274 ], [ -81.661040942770683, 41.003918302288433 ], [ -81.661144942127123, 41.004179301814517 ], [ -81.661181941791085, 41.004291301563569 ], [ -81.661235941039124, 41.004514301083503 ], [ -81.661268939892963, 41.004772300321335 ], [ -81.661289937495894, 41.005275298808733 ], [ -81.661337933519178, 41.006128296337025 ], [ -81.661346931637127, 41.00651129515866 ], [ -81.661328931168867, 41.006599294862319 ], [ -81.661312930906163, 41.006619294749633 ], [ -81.661276930577699, 41.006650294456627 ], [ -81.661238930142062, 41.006675294311492 ], [ -81.66120892994067, 41.006688294184478 ], [ -81.661184929749865, 41.006692294097363 ], [ -81.661062928892818, 41.006699293603241 ], [ -81.661043927422782, 41.006975292745949 ], [ -81.661037926443768, 41.007163292073621 ], [ -81.661042924800768, 41.00749129106508 ], [ -81.661032923850271, 41.007666290514074 ], [ -81.661020921954602, 41.008039289316024 ], [ -81.661011921627818, 41.00809928912409 ], [ -81.660995921318076, 41.008130288985548 ], [ -81.660966921023217, 41.008153288763076 ], [ -81.660927920679526, 41.008170288618807 ], [ -81.660881920335655, 41.008180288373381 ], [ -81.660815919946401, 41.008184288224832 ], [ -81.659517911864924, 41.008178284033285 ], [ -81.659034908883456, 41.008167282460391 ], [ -81.657003896233078, 41.008150276006205 ], [ -81.656510893200718, 41.008134274401634 ], [ -81.656536900514865, 41.006652279085756 ], [ -81.656549902887946, 41.006166280607346 ], [ -81.656578912152625, 41.004297286449301 ], [ -81.656586912941989, 41.004142286929955 ], [ -81.656582913983726, 41.003899287675949 ], [ -81.654742902214039, 41.003881281719998 ], [ -81.654383899960749, 41.00387328059437 ], [ -81.654195898738337, 41.003873279909818 ], [ -81.653208892319213, 41.003869276755616 ], [ -81.653210891433417, 41.00406727610013 ], [ -81.653181887404898, 41.004900273514941 ], [ -81.653156880638534, 41.006324269081595 ], [ -81.653152878581665, 41.006777267656126 ], [ -81.65314487738388, 41.007019266924708 ], [ -81.65314687408997, 41.007726264826353 ], [ -81.653139872307079, 41.008100263644216 ], [ -81.652389867759339, 41.008088261227215 ], [ -81.65209086587501, 41.008089260246841 ], [ -81.651239860610232, 41.008067257569792 ], [ -81.651239861706387, 41.007825258352902 ], [ -81.651251863552673, 41.007428259601127 ], [ -81.651265867528338, 41.006563262252037 ], [ -81.651292872273117, 41.005574265320753 ], [ -81.651283872614101, 41.005474265550035 ], [ -81.651243873020277, 41.005324265898828 ], [ -81.65119987314803, 41.005250265988664 ], [ -81.651113872954653, 41.005165265921036 ], [ -81.651007872695288, 41.00507226582657 ], [ -81.650893872318562, 41.004992265697709 ], [ -81.650340870302614, 41.004654264927609 ], [ -81.649899868637064, 41.004391264284578 ], [ -81.649852868447667, 41.004368264190241 ], [ -81.649802868159838, 41.004353264102228 ], [ -81.649747867822242, 41.004343263955562 ], [ -81.649750870143635, 41.003828265454736 ], [ -81.649257867013446, 41.003818263888448 ], [ -81.648707863517785, 41.003815262090555 ], [ -81.647321854544316, 41.003800257570497 ], [ -81.64657984983414, 41.0037812552292 ], [ -81.645707844239311, 41.003769252400339 ], [ -81.644719837912348, 41.003749249156719 ], [ -81.647746863860505, 41.002308263367283 ], [ -81.648732870315129, 41.002288266747044 ], [ -81.64871987096484, 41.00213026716014 ], [ -81.64870587132863, 41.002041267372256 ], [ -81.6498718802562, 41.001745272152711 ], [ -81.649094878289461, 41.001033271657242 ], [ -81.649488881904844, 41.000791273666351 ], [ -81.649555882549663, 41.000749274035684 ], [ -81.649828885207867, 41.000577275508604 ], [ -81.649851886042867, 40.999552275729684 ], [ -81.649946886733289, 40.999552276007464 ], [ -81.649946875167473, 40.996753266244511 ], [ -81.649946871694183, 40.995913263270481 ], [ -81.64994687136732, 40.995853263137505 ], [ -81.650646876429391, 40.995953265731266 ], [ -81.65054686622365, 40.993653257327743 ], [ -81.649352858456012, 40.993654253481566 ], [ -81.649364857893303, 40.993487252925306 ], [ -81.649356857661189, 40.993460252771008 ], [ -81.649315856822824, 40.993317252151535 ], [ -81.649211855501235, 40.993161251283894 ], [ -81.648781850998944, 40.992745248386051 ], [ -81.648566848700852, 40.992523246905435 ], [ -81.648354847513502, 40.992560246422144 ], [ -81.646985838678219, 40.992559241906804 ], [ -81.646937838354091, 40.992563241765247 ], [ -81.646845834822543, 40.991853239012606 ], [ -81.646845834184447, 40.991700238479112 ], [ -81.646848821569876, 40.988558227623919 ], [ -81.645933815695585, 40.988555224680432 ], [ -81.644190804570442, 40.988555218993938 ], [ -81.64332379909979, 40.988567216302243 ], [ -81.642869796230727, 40.988568214786937 ], [ -81.642711795227925, 40.98856821427151 ], [ -81.639905777244167, 40.98856320530124 ], [ -81.639679775868757, 40.988565204508909 ], [ -81.639077771975579, 40.98856820263574 ], [ -81.637848764198566, 40.988570198621289 ], [ -81.637745772216732, 40.990853206088715 ], [ -81.6381457744627, 40.990753206992053 ], [ -81.638145778671287, 40.991853210726802 ], [ -81.637445774089727, 40.991853208412699 ], [ -81.638045785650121, 40.993853217115024 ], [ -81.636865778003269, 40.993844213287005 ], [ -81.636898778389906, 40.993914213613685 ], [ -81.637434786406502, 40.995097219361611 ], [ -81.637736791014447, 40.995773222657562 ], [ -81.637779791673253, 40.995870223137636 ], [ -81.637861792887634, 40.996051223973502 ], [ -81.638200797945814, 40.996795227581707 ], [ -81.63832979996792, 40.997106229128072 ], [ -81.638445802028656, 40.997422230519923 ], [ -81.638529803466582, 40.997676231724789 ], [ -81.638562804216932, 40.997792232157707 ], [ -81.638579804549153, 40.997853232426245 ], [ -81.638260810053055, 41.000153238196233 ], [ -81.638253809254891, 41.000340237622659 ], [ -81.638248808708497, 41.000472237279915 ], [ -81.636334796092555, 41.0004582309301 ], [ -81.633525777824374, 41.000354221908772 ], [ -81.632445770615263, 41.000353218269282 ], [ -81.631239762598042, 41.000354214276044 ], [ -81.631240762962221, 41.000239214572808 ], [ -81.631242763312727, 41.000141214818626 ], [ -81.630631759709303, 41.000008213163589 ], [ -81.630505758810159, 40.999969212739309 ], [ -81.630459758014553, 41.000158212182441 ], [ -81.630448757262272, 41.000353211670507 ], [ -81.629248749379116, 41.000353207630205 ], [ -81.626962734439857, 41.000256200310275 ], [ -81.625144722340821, 41.000253194197022 ], [ -81.625052721711214, 41.00025119397143 ], [ -81.622837707143148, 41.000208186668196 ], [ -81.619868687616474, 41.000154176957025 ], [ -81.619364684146021, 41.000174175238335 ], [ -81.619343678240242, 41.002172169918381 ], [ -81.616845659193572, 41.003119159202932 ], [ -81.616626657587972, 41.003170158329681 ], [ -81.616562657192077, 41.003176158074467 ], [ -81.615703651530893, 41.003220155180479 ], [ -81.615058647284087, 41.003244153005959 ], [ -81.614714644971031, 41.003253151779575 ], [ -81.614170641380554, 41.003259150044578 ], [ -81.613467636875811, 41.003259147662355 ], [ -81.612756632228795, 41.00324514538196 ], [ -81.612465630414974, 41.003234144478647 ], [ -81.611683625407125, 41.00319314195805 ], [ -81.611315623123517, 41.003179140837446 ], [ -81.610842620022424, 41.003168139292391 ], [ -81.610075615074507, 41.003165136750631 ], [ -81.60990561399197, 41.003161136206757 ], [ -81.609718612791596, 41.003149135645927 ], [ -81.609424610919262, 41.00312213470675 ], [ -81.608864607338262, 41.003072133010988 ], [ -81.608693606329169, 41.003058132486139 ], [ -81.608833608043383, 41.002687133830932 ], [ -81.609122611650335, 41.001971136575555 ], [ -81.609364614517247, 41.001432138721512 ], [ -81.609582617299054, 41.000898140835851 ], [ -81.609661618294808, 41.000687141568179 ], [ -81.609835620823688, 41.00014014357447 ], [ -81.609913621098897, 40.999808143594436 ], [ -81.609983620293903, 40.999426142628828 ], [ -81.610079618889188, 40.998759140840775 ], [ -81.610112617671959, 40.998311139558226 ], [ -81.610120617286256, 40.998138139097804 ], [ -81.610169613889639, 40.996969135630188 ], [ -81.61018861257115, 40.996500134217214 ], [ -81.610188612175264, 40.9963851339079 ], [ -81.610524610232005, 40.995044130849472 ], [ -81.609456603101819, 40.994988127118184 ], [ -81.609292601679527, 40.994892126295881 ], [ -81.609072599898539, 40.994783125254408 ], [ -81.608890598529285, 40.994716124393314 ], [ -81.608765597644364, 40.994679123936571 ], [ -81.608609596422909, 40.994645123334216 ], [ -81.608440595254564, 40.994621122651267 ], [ -81.608413595104395, 40.994619122566263 ], [ -81.60816959349296, 40.994602121746645 ], [ -81.608030592500185, 40.994601121300278 ], [ -81.607992592260118, 40.99460312111561 ], [ -81.605743566706977, 40.99095310257718 ], [ -81.605373563470437, 40.990690100564848 ], [ -81.605363563348803, 40.990659100433668 ], [ -81.605347563075057, 40.990610100311081 ], [ -81.605322562781026, 40.990563100059568 ], [ -81.605273562238722, 40.990497099647619 ], [ -81.605232561838051, 40.990458099415996 ], [ -81.605185561518667, 40.990423099133373 ], [ -81.605167561278734, 40.990399099083589 ], [ -81.605134560915488, 40.990351098810528 ], [ -81.605104560558232, 40.990303098544359 ], [ -81.605076560279059, 40.990253098314398 ], [ -81.605039559793738, 40.990177097973614 ], [ -81.605018559486766, 40.990125097744517 ], [ -81.604999559217262, 40.990073097463863 ], [ -81.604993559124622, 40.990052097457436 ], [ -81.603663548160497, 40.989212090529278 ], [ -81.603341545537305, 40.989023088950461 ], [ -81.6030055425623, 40.988753087015183 ], [ -81.603963548722646, 40.98875309015051 ], [ -81.605443558108036, 40.988753094926487 ], [ -81.606152562415957, 40.98867509696678 ], [ -81.615584622488328, 40.98864512726648 ], [ -81.620417653073588, 40.988580142548017 ], [ -81.620644654601179, 40.988589143363718 ], [ -81.621977663141337, 40.988594147695046 ], [ -81.62262766720265, 40.988590149706432 ], [ -81.623249671106507, 40.988579151718163 ], [ -81.624552679443681, 40.988581155868808 ], [ -81.625689686734304, 40.988575159574076 ], [ -81.62675469344245, 40.988565162961841 ], [ -81.62806070176461, 40.988565167180639 ], [ -81.628276703078043, 40.988562167787784 ], [ -81.628623705334178, 40.988559168944548 ], [ -81.628812706588946, 40.988561169567546 ], [ -81.629314709730181, 40.988559171158755 ], [ -81.629437710503709, 40.988558171534478 ], [ -81.629986713997923, 40.988561173343079 ], [ -81.630028708469425, 40.986944168095675 ], [ -81.620873649552408, 40.98667313794936 ], [ -81.620884649133288, 40.986543137527441 ], [ -81.620896648698007, 40.986401137136596 ], [ -81.620914647440401, 40.985978135867363 ], [ -81.620971644310202, 40.984960132725675 ], [ -81.621578648170072, 40.984954134700203 ], [ -81.621578646117328, 40.984370132802923 ], [ -81.624680665623544, 40.984370142652409 ], [ -81.62468066210171, 40.983380139427055 ], [ -81.630773700221155, 40.983381158732989 ], [ -81.632318709850921, 40.983382163627006 ], [ -81.632393711149859, 40.983607164621993 ], [ -81.632616714885685, 40.984241167385342 ], [ -81.632741716812731, 40.984560168883228 ], [ -81.631500709112501, 40.984565164982619 ], [ -81.631085706468454, 40.984566163599851 ], [ -81.631151708745662, 40.985065165520616 ], [ -81.631554711275498, 40.985065166822423 ], [ -81.632933719919933, 40.985063171183697 ], [ -81.633100722350378, 40.98546017302516 ], [ -81.633580729492223, 40.986548178197047 ], [ -81.63172071800534, 40.98661917243313 ], [ -81.631356715700718, 40.986630171343549 ], [ -81.631416717429374, 40.986985172710675 ], [ -81.631681722503842, 40.987919176628012 ], [ -81.632026724708069, 40.987919177779432 ], [ -81.632719729072079, 40.987919179976267 ], [ -81.632718731476274, 40.988559182120291 ], [ -81.633356735556916, 40.988563184162665 ], [ -81.633867738791267, 40.988560185840917 ], [ -81.634474742613023, 40.988566187747153 ], [ -81.634418741743843, 40.988425187177782 ], [ -81.634172738113421, 40.987855184472551 ], [ -81.63393673470496, 40.987358181991965 ], [ -81.633888734083968, 40.987250181486495 ], [ -81.638231762035133, 40.987365195860107 ], [ -81.638563764023914, 40.987353196841475 ], [ -81.638945766556546, 40.987353198069499 ], [ -81.639591770592872, 40.98736020018589 ], [ -81.639564769038174, 40.987006198906244 ], [ -81.639539767555604, 40.986655197576617 ], [ -81.638317760423618, 40.986798194169118 ], [ -81.63816175801108, 40.986441192492933 ], [ -81.638057756455169, 40.986185191305765 ], [ -81.637976754954266, 40.985955190237796 ], [ -81.637953754483036, 40.985868189848368 ], [ -81.637809751124394, 40.985213187197616 ], [ -81.641303773437969, 40.98530719861602 ], [ -81.641357761965736, 40.982295188526479 ], [ -81.641738764450935, 40.982315189784934 ], [ -81.641660782828694, 40.987118205995664 ], [ -81.641656783814852, 40.987384206902369 ], [ -81.647656822194236, 40.987443226310468 ], [ -81.647654822468226, 40.987520226562289 ], [ -81.647665474392213, 40.987982052318522 ], [ -81.647665824425275, 40.987997228242314 ], [ -81.64768862063687, 40.988556172143909 ], [ -81.647688826934882, 40.988561230347138 ], [ -81.649482838338201, 40.988556236057285 ] ] ], [ [ [ -81.628497688558738, 41.01690815994835 ], [ -81.628570689184414, 41.016842160293578 ], [ -81.62865268949885, 41.016884160409965 ], [ -81.628603689100771, 41.016931160155018 ], [ -81.628436687568964, 41.017088159205564 ], [ -81.627654680634748, 41.017819154779225 ], [ -81.627563680446173, 41.017722154788466 ], [ -81.62792768363218, 41.0174051567368 ], [ -81.628497688558738, 41.01690815994835 ] ] ] ] } },
{ "type": "Feature", "properties": { "UNIQUE_ID": "Summit-:-PENINSULA VILL (ARO)", "PRECNAME": "PENINSULA VILL", "PRECCODE": "ARO", "COUNTYFP": "153", "County": "Summit", "SLDL_DIST": "031", "total_pop": 536, "age_under18": 105, "age_18_34": 94, "age_35_64": 216, "age_65plus": 121, "pop_hispanic": 7, "pop_white": 559, "pop_black": 1, "pop_asian": 2, "pct_hispanic": 1.2, "pct_white": 97.7, "pct_black": 0.2, "pct_asian": 0.3, "pct_native": 0.0, "pct_multi": 0.0, "med_hh_income": 114309.0, "pct_bachelors_plus": 62.311948529411744, "pct_no_hs_diploma": 2.1277573529411771, "pct_some_college": 17.15 }, "geometry": { "type": "Polygon", "coordinates": [ [ [ -81.518908546671994, 41.239188511630417 ], [ -81.518983532394543, 41.232934520313563 ], [ -81.519814528478136, 41.233151520353275 ], [ -81.520301526172389, 41.233282520348411 ], [ -81.521231521857302, 41.233546520471862 ], [ -81.521917518772383, 41.233767520397947 ], [ -81.522184517552233, 41.233859520398688 ], [ -81.522535515990938, 41.233986520353199 ], [ -81.522987513910849, 41.234158520319951 ], [ -81.523610511138031, 41.23440152022409 ], [ -81.523704510703482, 41.23443852023513 ], [ -81.524230508236371, 41.234637520152972 ], [ -81.52454750678838, 41.234751520197371 ], [ -81.525047504441545, 41.23491052009836 ], [ -81.525465502446465, 41.235035520102699 ], [ -81.525750501113308, 41.235110520177351 ], [ -81.52599349994702, 41.23518052011319 ], [ -81.526567497092955, 41.235311520158383 ], [ -81.527212493940894, 41.235438520328017 ], [ -81.529219483718435, 41.235786520562243 ], [ -81.52999547983778, 41.235924520702021 ], [ -81.53032547813487, 41.235987520789109 ], [ -81.530637476627248, 41.236054520830749 ], [ -81.531101474307007, 41.236172520756924 ], [ -81.531317473184302, 41.236235520759749 ], [ -81.531518472231284, 41.236302520788612 ], [ -81.531749471106963, 41.236385520782619 ], [ -81.531990469927791, 41.236480520713535 ], [ -81.532466467679541, 41.236682520529484 ], [ -81.532437464330286, 41.234352524119203 ], [ -81.532537456427448, 41.229552531623838 ], [ -81.532437452360881, 41.226552536157236 ], [ -81.533742446465055, 41.226858536406169 ], [ -81.540769411836166, 41.226825540143523 ], [ -81.541070410418854, 41.226824540288654 ], [ -81.542364404098578, 41.226820540969094 ], [ -81.542635402729957, 41.226818541172392 ], [ -81.54402739584755, 41.226813541917245 ], [ -81.544158395215518, 41.226819541978969 ], [ -81.54616138536035, 41.226814543066745 ], [ -81.546439384089368, 41.226824543140907 ], [ -81.546590383273298, 41.226837543244066 ], [ -81.54995436682961, 41.226830544987351 ], [ -81.550462364269748, 41.226830545292749 ], [ -81.551538358593916, 41.225952547402258 ], [ -81.551656357915178, 41.22592254754634 ], [ -81.55173635757258, 41.225913547552111 ], [ -81.552151355618349, 41.226099547431531 ], [ -81.552346354724662, 41.22625254728846 ], [ -81.552561353733438, 41.226376547151602 ], [ -81.552927352002015, 41.226417547294616 ], [ -81.553042351419023, 41.226400547371206 ], [ -81.553320350096058, 41.226358547649781 ], [ -81.553569348803634, 41.226231548016465 ], [ -81.553766347798415, 41.226112548260623 ], [ -81.553887347092854, 41.225908548729969 ], [ -81.553876346990918, 41.225602549307929 ], [ -81.553874347040605, 41.225538549384282 ], [ -81.553498348712495, 41.225312549584594 ], [ -81.553184350093261, 41.225018549936379 ], [ -81.553092350457035, 41.224800550269279 ], [ -81.553134350136261, 41.224602550711971 ], [ -81.553286349347303, 41.224367551206207 ], [ -81.555093340482884, 41.223746553306775 ], [ -81.556239334829854, 41.223352554692731 ], [ -81.557939326078056, 41.220052561811173 ], [ -81.558539323096213, 41.219252563682915 ], [ -81.560139315975462, 41.219252564693434 ], [ -81.56083031281652, 41.219252565045224 ], [ -81.560999311985455, 41.219253565216825 ], [ -81.56133831053944, 41.219252565374696 ], [ -81.569539273413696, 41.219152570641015 ], [ -81.57023927029266, 41.219152571084571 ], [ -81.575144247717418, 41.219772572879549 ], [ -81.575195242746588, 41.227148557616779 ], [ -81.570975263480079, 41.227225555245838 ], [ -81.571239259586974, 41.233058543588648 ], [ -81.571037260604584, 41.233064543508306 ], [ -81.570467263636132, 41.233088543234629 ], [ -81.569067270873205, 41.23311354249963 ], [ -81.568777272451442, 41.233107542360152 ], [ -81.567492279079858, 41.233147541760935 ], [ -81.567239280172359, 41.23425253947449 ], [ -81.56748727795393, 41.23763653282677 ], [ -81.567567277289101, 41.238612530999639 ], [ -81.571139257717505, 41.238352532844267 ], [ -81.574740237871126, 41.238452534065374 ], [ -81.574940234296633, 41.242452525804964 ], [ -81.574940233687784, 41.243252524191163 ], [ -81.575464230734866, 41.243252524347099 ], [ -81.576517224682959, 41.243252524717974 ], [ -81.580440202116449, 41.243252525963364 ], [ -81.582640190870194, 41.241952529461734 ], [ -81.584540181096614, 41.241052532055484 ], [ -81.584540176245298, 41.245317522745843 ], [ -81.584535174363225, 41.247004519076114 ], [ -81.584110176769755, 41.247108518693295 ], [ -81.5830651827075, 41.247377517870028 ], [ -81.581740190316864, 41.247709516775899 ], [ -81.581236193223916, 41.24783251634657 ], [ -81.580980194608628, 41.247902516186699 ], [ -81.579085205536003, 41.248375514620207 ], [ -81.578722207667795, 41.248454514409531 ], [ -81.578524208809682, 41.248489514294498 ], [ -81.578340209914728, 41.248515514187673 ], [ -81.578166210974643, 41.248532514064756 ], [ -81.577882212628367, 41.24855151400245 ], [ -81.577645214036878, 41.248553513869211 ], [ -81.577641213085116, 41.250046510820006 ], [ -81.577648215730051, 41.251358508861713 ], [ -81.575504228490672, 41.251247508507277 ], [ -81.575600225828552, 41.250207510097823 ], [ -81.5714012513684, 41.250214509046685 ], [ -81.556751340608812, 41.250241505429507 ], [ -81.55233836715324, 41.250052504679815 ], [ -81.549757382938665, 41.250052504093816 ], [ -81.549639383663589, 41.25005250401459 ], [ -81.548338392020113, 41.250352503236336 ], [ -81.546238408725642, 41.252652498910741 ], [ -81.5331374879474, 41.252552495659621 ], [ -81.53313848405493, 41.250052500107991 ], [ -81.533128477861283, 41.245855506637639 ], [ -81.533141475972585, 41.244652508464256 ], [ -81.530918489309812, 41.244919507346694 ], [ -81.530818489879394, 41.24491650733507 ], [ -81.530176493683072, 41.244924507187868 ], [ -81.530145493889023, 41.244924507151133 ], [ -81.52970849637228, 41.244925506999479 ], [ -81.528073505926855, 41.2449015065447 ], [ -81.527667508248953, 41.244901506400339 ], [ -81.527444509600869, 41.244895506377063 ], [ -81.527230510848312, 41.244894506289654 ], [ -81.526946512451701, 41.244894506180273 ], [ -81.526520514904888, 41.244886506132467 ], [ -81.52570451974745, 41.244882505860495 ], [ -81.5252295223994, 41.244874505765871 ], [ -81.524409527208846, 41.24486950550768 ], [ -81.524043529393893, 41.244863505407842 ], [ -81.52326553388518, 41.244861505142396 ], [ -81.52253653815302, 41.244852504919876 ], [ -81.521428544526643, 41.244848504614225 ], [ -81.520059552436919, 41.244828504188582 ], [ -81.51928855692104, 41.244826503982168 ], [ -81.519233557365936, 41.244834503955445 ], [ -81.519193557594207, 41.244846503921458 ], [ -81.518908546671994, 41.239188511630417 ] ] ] } },
{ "type": "Feature", "properties": { "UNIQUE_ID": "Summit-:-RICHFIELD TWP Y (AUL)", "PRECNAME": "RICHFIELD TWP Y", "PRECCODE": "AUL", "COUNTYFP": "153", "County": "Summit", "SLDL_DIST": "031", "total_pop": 1353, "age_under18": 272, "age_18_34": 178, "age_35_64": 499, "age_65plus": 404, "pop_hispanic": 12, "pop_white": 1211, "pop_black": 17, "pop_asian": 30, "pct_hispanic": 0.9, "pct_white": 92.4, "pct_black": 1.3, "pct_asian": 2.3, "pct_native": 0.0, "pct_multi": 0.2, "med_hh_income": 148734.0, "pct_bachelors_plus": 53.354739162380604, "pct_no_hs_diploma": 2.4463629684055839, "pct_some_college": 24.220720058780309 }, "geometry": { "type": "MultiPolygon", "coordinates": [ [ [ [ -81.672029721950352, 41.277244511101046 ], [ -81.670508730835124, 41.277252510447887 ], [ -81.670197732612067, 41.277253510322474 ], [ -81.663250772861659, 41.277291507374706 ], [ -81.661995780263098, 41.277318506791545 ], [ -81.661800781405049, 41.277322506718434 ], [ -81.661143785131841, 41.277314506436078 ], [ -81.6495958521853, 41.277405501452598 ], [ -81.647951861758813, 41.277416500688041 ], [ -81.647155866434517, 41.277420500403558 ], [ -81.642614892722975, 41.277449498424268 ], [ -81.641994896368004, 41.277454498164325 ], [ -81.64145989946654, 41.277457497865733 ], [ -81.63908891315802, 41.277471496904894 ], [ -81.638707915350693, 41.277473496664612 ], [ -81.638546916299404, 41.277474496615632 ], [ -81.637847920380153, 41.277478496342191 ], [ -81.637843919313212, 41.277051496771776 ], [ -81.637838917175031, 41.276268497605258 ], [ -81.637837916630502, 41.276064497828735 ], [ -81.637818913602217, 41.27489549903455 ], [ -81.637815913133736, 41.274712499211951 ], [ -81.637805911534116, 41.274079499919573 ], [ -81.637673891846759, 41.266486507824368 ], [ -81.637674889001872, 41.2654645089574 ], [ -81.637643887346982, 41.264751509662396 ], [ -81.6376458749683, 41.260162514515663 ], [ -81.637643871086681, 41.258740516033107 ], [ -81.637640858755802, 41.25414652091893 ], [ -81.645244812780305, 41.25415152293936 ], [ -81.645243815839095, 41.25525152179064 ], [ -81.640880841963863, 41.255178520658816 ], [ -81.640881849229672, 41.257831517896527 ], [ -81.639245858942303, 41.25779951746371 ], [ -81.639288859877141, 41.258252517035018 ], [ -81.639676859509095, 41.258932516410709 ], [ -81.640193858520405, 41.259740515754196 ], [ -81.640666856562433, 41.26003151556079 ], [ -81.640666859281112, 41.261034514572863 ], [ -81.642388848995978, 41.261034515085683 ], [ -81.643121848135223, 41.262328514042416 ], [ -81.638638874877671, 41.262352512492733 ], [ -81.638731874976529, 41.26258951229547 ], [ -81.638802875071377, 41.262787512150339 ], [ -81.638862875184842, 41.262955511961728 ], [ -81.63927387577634, 41.264046510930712 ], [ -81.639452875898229, 41.264502510581295 ], [ -81.639608876108653, 41.264919510192428 ], [ -81.639740876334386, 41.265305509801337 ], [ -81.639792876657538, 41.265526509602175 ], [ -81.63984187717945, 41.265810509297005 ], [ -81.63989687784192, 41.266183508993031 ], [ -81.639912877997773, 41.266265508833094 ], [ -81.639953878176158, 41.266428508699654 ], [ -81.651742808590271, 41.26642851286848 ], [ -81.651718815362457, 41.268792510610965 ], [ -81.660310765427965, 41.268973513628708 ], [ -81.660333761330165, 41.26763951480897 ], [ -81.663367743524702, 41.267639515846589 ], [ -81.663364744001882, 41.267796515778556 ], [ -81.663343746197356, 41.268519515095228 ], [ -81.665940730951988, 41.268498516115841 ], [ -81.665962715797789, 41.263524520409071 ], [ -81.663489730418092, 41.263502519595811 ], [ -81.663500729011091, 41.263046519946073 ], [ -81.663378729784796, 41.263047519956366 ], [ -81.661854738780278, 41.263044519429869 ], [ -81.660462747075925, 41.263044518965025 ], [ -81.660464745587831, 41.262554519443086 ], [ -81.66046874378172, 41.261944519967805 ], [ -81.660470742371544, 41.261455520393156 ], [ -81.660470741835894, 41.261289520536224 ], [ -81.660085744102901, 41.261290520479641 ], [ -81.656453765812657, 41.261294519313523 ], [ -81.65561477087563, 41.261296518990086 ], [ -81.655439771832249, 41.261295519004499 ], [ -81.655446770900369, 41.260974519281099 ], [ -81.655488766270253, 41.259459520699274 ], [ -81.655616755122836, 41.255889524059022 ], [ -81.655634753723362, 41.255412524542258 ], [ -81.656601747911694, 41.255427524741421 ], [ -81.657952739779802, 41.255449525091649 ], [ -81.657943743688193, 41.25675552396897 ], [ -81.662344716835676, 41.256628525309161 ], [ -81.662385713294441, 41.25551852632308 ], [ -81.664547700391282, 41.255556526826425 ], [ -81.667190684370738, 41.255551527590356 ], [ -81.665742688443345, 41.253996528556875 ], [ -81.665486689055669, 41.25368652874257 ], [ -81.6653146894418, 41.253462528916273 ], [ -81.6653516865142, 41.252546529675662 ], [ -81.665367685200792, 41.252155530043723 ], [ -81.665380684274325, 41.251862530297252 ], [ -81.66536168164987, 41.249456533667058 ], [ -81.665355689540618, 41.247961538440151 ], [ -81.665351693846361, 41.247132541041573 ], [ -81.665346700023875, 41.245975544684065 ], [ -81.665341701125627, 41.245751545397795 ], [ -81.666549693944887, 41.245783545712065 ], [ -81.666633693361646, 41.245786545678321 ], [ -81.667631687717844, 41.245754546100429 ], [ -81.667744720189205, 41.239589565982719 ], [ -81.667441721865075, 41.239588565847235 ], [ -81.666692725955244, 41.23959156556117 ], [ -81.665064735093722, 41.239592564988875 ], [ -81.664949735737622, 41.239593564892942 ], [ -81.665150759263057, 41.234872580017218 ], [ -81.66855274079191, 41.23496058124482 ], [ -81.668556753822415, 41.232528589106181 ], [ -81.662379786250085, 41.232475586426212 ], [ -81.662370790843255, 41.231575589212056 ], [ -81.662364794336767, 41.230900591353631 ], [ -81.662447824309197, 41.224946610138424 ], [ -81.663091821249864, 41.224948610539862 ], [ -81.663551819029323, 41.224950610809906 ], [ -81.6654468098629, 41.224956611760646 ], [ -81.665585813602377, 41.224112614524095 ], [ -81.665589833142619, 41.220392626475295 ], [ -81.665125835242762, 41.220391626184643 ], [ -81.665145850098753, 41.217552635243024 ], [ -81.664370853749872, 41.217513634813464 ], [ -81.661190868627799, 41.217353633299673 ], [ -81.654666897738011, 41.217301629299257 ], [ -81.654673904587597, 41.215826633764628 ], [ -81.654673906324248, 41.215470634895077 ], [ -81.654429969721718, 41.202185675213016 ], [ -81.654730968565119, 41.202185675549082 ], [ -81.657548958361872, 41.202165677949353 ], [ -81.658255955893438, 41.202155678565461 ], [ -81.660090949194384, 41.202146680084454 ], [ -81.661744943312613, 41.202134681467207 ], [ -81.662999938677217, 41.202130682528704 ], [ -81.665525929611022, 41.202115684746587 ], [ -81.666092927433496, 41.202119685144247 ], [ -81.666629925569254, 41.20211868564126 ], [ -81.671630907236477, 41.202116689774741 ], [ -81.672896902649953, 41.202116690798533 ], [ -81.675900891716424, 41.202118693354656 ], [ -81.676501889486971, 41.20211969383832 ], [ -81.676781888517098, 41.202120694095889 ], [ -81.678483882339179, 41.202117695496725 ], [ -81.680103876349136, 41.202122696854573 ], [ -81.680500874914074, 41.202124697187635 ], [ -81.68100387310524, 41.202121697599857 ], [ -81.681455871471087, 41.202119697972535 ], [ -81.682442867839995, 41.202119698732915 ], [ -81.683174865199987, 41.202118699427807 ], [ -81.684327860856271, 41.202129700286491 ], [ -81.685644856086611, 41.202129701448001 ], [ -81.685546816127996, 41.208551679227085 ], [ -81.685574813576196, 41.208943677951098 ], [ -81.685653806777694, 41.209976674406555 ], [ -81.685652806142812, 41.210071674075706 ], [ -81.685446747543239, 41.219551641390353 ], [ -81.685451717122945, 41.2243836247589 ], [ -81.685451261988092, 41.224444581416137 ], [ -81.685353635298782, 41.237519579535849 ], [ -81.685320623292213, 41.239449572932116 ], [ -81.685319622502718, 41.239586572504606 ], [ -81.685280583664948, 41.245821551074144 ], [ -81.68525555995808, 41.249619537943765 ], [ -81.685179213463925, 41.260936656248639 ], [ -81.685178593683574, 41.261028528617857 ], [ -81.685025627366826, 41.27120752103675 ], [ -81.684951646809537, 41.277108516690866 ], [ -81.684950227148605, 41.277125079523451 ], [ -81.684948646834329, 41.27714351664951 ], [ -81.684934646915721, 41.277143516713352 ], [ -81.684857603407693, 41.277140287318765 ], [ -81.684767647926037, 41.277136516633689 ], [ -81.68464147133021, 41.277129696148144 ], [ -81.684619648761867, 41.277128516513336 ], [ -81.684580454650273, 41.277127402004162 ], [ -81.68440864989617, 41.277122516470044 ], [ -81.684357650290892, 41.277122516454526 ], [ -81.684250650841804, 41.277123516387235 ], [ -81.681757665334786, 41.277143515358894 ], [ -81.679379679229427, 41.277164514289467 ], [ -81.679235680000858, 41.277166514278328 ], [ -81.678126686501116, 41.277178513783433 ], [ -81.676878693789149, 41.2771915131706 ], [ -81.674164709538999, 41.277220512070855 ], [ -81.672029721950352, 41.277244511101046 ] ] ], [ [ [ -81.647971802110362, 41.256222521605594 ], [ -81.647232806648205, 41.256222521398932 ], [ -81.647251803839765, 41.255282522310395 ], [ -81.648548796055834, 41.255302522688254 ], [ -81.650972781532275, 41.255340523296518 ], [ -81.650972783336869, 41.255973522705517 ], [ -81.649819790275643, 41.255950522367407 ], [ -81.649867802597797, 41.260396518081208 ], [ -81.649262806072812, 41.26036451790474 ], [ -81.6493768004906, 41.258648519658799 ], [ -81.647842809518792, 41.258589519244275 ], [ -81.647971802110362, 41.256222521605594 ] ] ] ] } },
{ "type": "Feature", "properties": { "UNIQUE_ID": "Summit-:-RICHFIELD TWP Z (AUM)", "PRECNAME": "RICHFIELD TWP Z", "PRECCODE": "AUM", "COUNTYFP": "153", "County": "Summit", "SLDL_DIST": "031", "total_pop": 1355, "age_under18": 256, "age_18_34": 182, "age_35_64": 598, "age_65plus": 319, "pop_hispanic": 0, "pop_white": 1119, "pop_black": 89, "pop_asian": 41, "pct_hispanic": 0.0, "pct_white": 81.9, "pct_black": 6.5, "pct_asian": 3.0, "pct_native": 0.0, "pct_multi": 0.0, "med_hh_income": 75386.0, "pct_bachelors_plus": 46.073202614379085, "pct_no_hs_diploma": 0.63616557734204793, "pct_some_college": 33.071895424836605 }, "geometry": { "type": "MultiPolygon", "coordinates": [ [ [ [ -81.614228109832681, 41.204674635500702 ], [ -81.614210107627656, 41.205552633222254 ], [ -81.614209106858922, 41.205848632449097 ], [ -81.61420210440437, 41.206768630125808 ], [ -81.614204102680887, 41.207433628387214 ], [ -81.61418809928557, 41.20876562497947 ], [ -81.614184098833064, 41.20890662462994 ], [ -81.614187097449076, 41.209435623232139 ], [ -81.614175095733984, 41.210131621482624 ], [ -81.612087104144607, 41.210119619961866 ], [ -81.61164210664198, 41.209852620360408 ], [ -81.611037108073276, 41.210273618839999 ], [ -81.611345106049257, 41.210561618301178 ], [ -81.611404105634378, 41.210658618118316 ], [ -81.61191010257258, 41.211025617579189 ], [ -81.611986102133216, 41.211112617410983 ], [ -81.611993101755147, 41.211208617198203 ], [ -81.612231101036187, 41.211128617490004 ], [ -81.613131098375561, 41.210710619225132 ], [ -81.614146094133034, 41.210765619817508 ], [ -81.614063092031785, 41.211704617418462 ], [ -81.614041091494244, 41.211915616856842 ], [ -81.613978089449716, 41.212819614454986 ], [ -81.61180309856627, 41.212815612930406 ], [ -81.611808097064738, 41.213402611466435 ], [ -81.61394208804866, 41.2134026129985 ], [ -81.613836084332092, 41.214995608826563 ], [ -81.613819083455724, 41.215333607923739 ], [ -81.613799082876298, 41.21560160727428 ], [ -81.613768082187846, 41.215898606500801 ], [ -81.613747081999335, 41.216025606161558 ], [ -81.613714081789539, 41.216150605805964 ], [ -81.613481081076131, 41.216822603903736 ], [ -81.613423080818052, 41.216999603446361 ], [ -81.613319080328623, 41.217390602400826 ], [ -81.61329807992314, 41.217577601927289 ], [ -81.61328607945309, 41.217763601385229 ], [ -81.613265077783879, 41.218471599609089 ], [ -81.613265077120076, 41.218699598979619 ], [ -81.613254075806609, 41.219227597640199 ], [ -81.613257075339931, 41.219410597181792 ], [ -81.613251074894521, 41.219579596763218 ], [ -81.613242072872254, 41.220410594675059 ], [ -81.613242071644478, 41.220865593476191 ], [ -81.613637069811745, 41.22086659369895 ], [ -81.614075067814625, 41.220867593959063 ], [ -81.614240067088559, 41.220872594073349 ], [ -81.614411066229025, 41.22088459416576 ], [ -81.614571065397854, 41.220900594174914 ], [ -81.614832064122098, 41.2209405943021 ], [ -81.615312061682488, 41.221019594309759 ], [ -81.615819059174896, 41.221103594453965 ], [ -81.615902058715264, 41.221116594458515 ], [ -81.616596055202848, 41.221229594549492 ], [ -81.61689405371213, 41.221273594650022 ], [ -81.617022053080461, 41.221285594665495 ], [ -81.617236052125989, 41.221291594777171 ], [ -81.617467051064992, 41.221283594988151 ], [ -81.617592050531542, 41.221269595054899 ], [ -81.61773004989675, 41.221247595213008 ], [ -81.617867049382639, 41.221218595367723 ], [ -81.618250047896197, 41.221110595903248 ], [ -81.618422047242561, 41.22105359609801 ], [ -81.618673046294418, 41.220971596484056 ], [ -81.61907504492082, 41.220835597038644 ], [ -81.619193044421081, 41.220800597213234 ], [ -81.619324043924379, 41.220769597354149 ], [ -81.619435043440319, 41.220751597469004 ], [ -81.619682042374066, 41.220725597727096 ], [ -81.61983504175177, 41.220718597879497 ], [ -81.619948041214187, 41.220717597917407 ], [ -81.62008204060767, 41.220725597978046 ], [ -81.620538038408412, 41.220768598113729 ], [ -81.62113603545599, 41.220825598363852 ], [ -81.621431033990348, 41.220855598444587 ], [ -81.621675032838709, 41.220870598549986 ], [ -81.621822032124584, 41.220875598588741 ], [ -81.621996031351856, 41.220874598689406 ], [ -81.624288021066533, 41.220781600354137 ], [ -81.624989017907595, 41.220751600830837 ], [ -81.625689014745035, 41.2207276013228 ], [ -81.625740014516225, 41.220725601364329 ], [ -81.626038013246756, 41.220719601594041 ], [ -81.626364011713989, 41.220707601776503 ], [ -81.626813009699006, 41.220691602102832 ], [ -81.627649005996361, 41.220656602742423 ], [ -81.628336002933963, 41.220625603256593 ], [ -81.628312000350135, 41.221435601020083 ], [ -81.627793002795528, 41.221435600719239 ], [ -81.627612998656417, 41.222916596585947 ], [ -81.627659995701563, 41.223758594246874 ], [ -81.627720991687838, 41.22484659137735 ], [ -81.62794898368422, 41.226922585811813 ], [ -81.629195977990207, 41.226795586811612 ], [ -81.629336977377775, 41.22678158695696 ], [ -81.629893975916104, 41.226418588265105 ], [ -81.630767972409046, 41.226179589354899 ], [ -81.63258996512053, 41.225744591520375 ], [ -81.632739964530757, 41.225708591695415 ], [ -81.633469962068261, 41.225399592948172 ], [ -81.634612958538497, 41.224865595129302 ], [ -81.6355949556458, 41.224366597043975 ], [ -81.636557952897661, 41.223877598970184 ], [ -81.636554951752004, 41.224182598144985 ], [ -81.636550950410737, 41.224557597050442 ], [ -81.636547949276959, 41.224856596175783 ], [ -81.635455952618742, 41.225373594150376 ], [ -81.63447295552939, 41.225875592228647 ], [ -81.634052956451939, 41.226179591115439 ], [ -81.633427957855744, 41.226632589536159 ], [ -81.633200958334911, 41.226795588925924 ], [ -81.631953962500987, 41.227342586735631 ], [ -81.631649962161916, 41.227878585085612 ], [ -81.630874961222787, 41.229250580913018 ], [ -81.630102961396773, 41.230327577594146 ], [ -81.629347961427769, 41.231444574176166 ], [ -81.629301961530615, 41.231477573995456 ], [ -81.628661963178317, 41.231970572359543 ], [ -81.628494959235525, 41.233397568415342 ], [ -81.628564956408468, 41.234109566500365 ], [ -81.628592954007644, 41.234780564688087 ], [ -81.628651952040087, 41.235283563318333 ], [ -81.628801943971766, 41.237415557589195 ], [ -81.628830939272703, 41.238755553888453 ], [ -81.62857594069979, 41.238763553808383 ], [ -81.628172942897251, 41.238763553673792 ], [ -81.628057947364312, 41.237606556748865 ], [ -81.627913952541164, 41.236299560264811 ], [ -81.627816955734517, 41.235498562421029 ], [ -81.627676961593394, 41.233954566496855 ], [ -81.627483964509594, 41.233397567943449 ], [ -81.627409965614575, 41.233178568521396 ], [ -81.627365966233981, 41.233071568760259 ], [ -81.627260967437024, 41.23287256925213 ], [ -81.627191968174699, 41.232756569619823 ], [ -81.62710296901237, 41.232631569907781 ], [ -81.626893970965995, 41.23239357043299 ], [ -81.626813971631279, 41.232311570590319 ], [ -81.626705972507381, 41.232213570836336 ], [ -81.626459974363854, 41.232012571235124 ], [ -81.626234976186268, 41.231837571594525 ], [ -81.625762979674988, 41.231482572389616 ], [ -81.624408986771527, 41.231473571715682 ], [ -81.624399990303544, 41.230350574771762 ], [ -81.624322991046768, 41.230238575037994 ], [ -81.624207992232883, 41.230044575463673 ], [ -81.624154992909396, 41.229912575814481 ], [ -81.623847994280993, 41.229976575493041 ], [ -81.623448996140311, 41.23004757515379 ], [ -81.62302899801395, 41.230110574718026 ], [ -81.618048021604139, 41.230719570758161 ], [ -81.618070015452119, 41.232837565246719 ], [ -81.616631022892378, 41.232854564502361 ], [ -81.616631020970672, 41.233547562782775 ], [ -81.618074013499495, 41.233526563467031 ], [ -81.61808500680003, 41.235855557380262 ], [ -81.617169011159106, 41.236069556421207 ], [ -81.616560013536613, 41.2363835553816 ], [ -81.6166510128281, 41.236483555203939 ], [ -81.616710012488809, 41.236456555235911 ], [ -81.617317010140127, 41.236159556268653 ], [ -81.618085006391937, 41.236003556965123 ], [ -81.618086006243971, 41.236040556897748 ], [ -81.618263005374928, 41.236038556965909 ], [ -81.620213994880686, 41.236026557769208 ], [ -81.620219992124845, 41.236934555451455 ], [ -81.620346983746714, 41.239562548547092 ], [ -81.620899980829705, 41.239485548942028 ], [ -81.622047974940685, 41.239337549797774 ], [ -81.622306973588124, 41.239304549960735 ], [ -81.622534972428596, 41.239279550146904 ], [ -81.622715971501364, 41.23926555019289 ], [ -81.623018969871424, 41.23925555035207 ], [ -81.623199968776206, 41.239256550405926 ], [ -81.62325996851601, 41.239259550423213 ], [ -81.623617966489604, 41.239275550525718 ], [ -81.623929964621098, 41.239303550622331 ], [ -81.623943956154449, 41.241967543468903 ], [ -81.623062961086475, 41.241986543132647 ], [ -81.619742979810269, 41.242058541794194 ], [ -81.619742973372951, 41.244252536058255 ], [ -81.619906971091098, 41.24470853486158 ], [ -81.619742970139768, 41.245352533192268 ], [ -81.619742969308547, 41.245652532398758 ], [ -81.620342965795288, 41.245652532510817 ], [ -81.621730957130552, 41.245828532460258 ], [ -81.621826954876397, 41.246356531102954 ], [ -81.624842937108028, 41.246363531925866 ], [ -81.6289229128991, 41.24638553305887 ], [ -81.629337910492694, 41.246387533177533 ], [ -81.635170875021345, 41.246664534056826 ], [ -81.631843890401328, 41.252872520695391 ], [ -81.631694892040656, 41.253146520419072 ], [ -81.631355899657635, 41.255269518000972 ], [ -81.631111902438278, 41.255770517321054 ], [ -81.630225912891376, 41.257708514971199 ], [ -81.629491920115882, 41.258775513545061 ], [ -81.628514929462312, 41.260147511690739 ], [ -81.627011942355637, 41.26166750954728 ], [ -81.626466946755301, 41.262122508830274 ], [ -81.626169949282158, 41.262388508473926 ], [ -81.626203949921148, 41.262727508080431 ], [ -81.622043974718665, 41.262748506678143 ], [ -81.622040981196463, 41.265304503708656 ], [ -81.622042985005365, 41.266851501971679 ], [ -81.622074991057872, 41.269315499062131 ], [ -81.626451965378038, 41.269335500660716 ], [ -81.626554968061896, 41.270615499290663 ], [ -81.626641972804961, 41.272644497027123 ], [ -81.626534974129385, 41.272938496610742 ], [ -81.626275977525125, 41.273646495700234 ], [ -81.622108001756885, 41.273655494013241 ], [ -81.622119003749475, 41.274476493137485 ], [ -81.625975981364732, 41.274477494694622 ], [ -81.625712984702034, 41.275197493758732 ], [ -81.623600997040171, 41.275191492861637 ], [ -81.62041501535117, 41.275144491593331 ], [ -81.620441015342749, 41.275166491592969 ], [ -81.620551014843812, 41.27524649157845 ], [ -81.620874013565796, 41.275460491420766 ], [ -81.621251011973655, 41.27570349130557 ], [ -81.615949043046001, 41.275835488935755 ], [ -81.615921040778161, 41.274837490160955 ], [ -81.609922081700645, 41.277378484521336 ], [ -81.610072081139663, 41.277498484466697 ], [ -81.609656083438068, 41.277494484311894 ], [ -81.604516113159505, 41.277449482183108 ], [ -81.602594124208835, 41.277463481341606 ], [ -81.600552136151194, 41.277478480439093 ], [ -81.595804163654392, 41.277513478335024 ], [ -81.592585182364189, 41.277536476926109 ], [ -81.59054119410645, 41.277551476016718 ], [ -81.590441172034204, 41.267051490480803 ], [ -81.590641167598022, 41.265552492555017 ], [ -81.59067715160073, 41.258278502635832 ], [ -81.590673148999656, 41.257088504225905 ], [ -81.590673144774343, 41.255112506977362 ], [ -81.590687142189992, 41.254006508487528 ], [ -81.590737141356755, 41.253759508852809 ], [ -81.590728140762977, 41.253465509187286 ], [ -81.590707136424243, 41.251369512117854 ], [ -81.590641138481644, 41.246752521324098 ], [ -81.590542141130996, 41.245335524522048 ], [ -81.590573141329273, 41.245026525211401 ], [ -81.590567141502049, 41.244957525407791 ], [ -81.590524143004373, 41.244091527302793 ], [ -81.590525144178613, 41.243274529189968 ], [ -81.590540145187006, 41.242453531040972 ], [ -81.590560145288961, 41.242362531250841 ], [ -81.590569145338449, 41.242283531402521 ], [ -81.590572145379937, 41.242204531610597 ], [ -81.590558146851023, 41.241239533784629 ], [ -81.590540148009183, 41.240513535365437 ], [ -81.590546148718516, 41.240044536436905 ], [ -81.590545150197343, 41.238992538822373 ], [ -81.590539150706476, 41.238602539741912 ], [ -81.59053015457593, 41.235942545735291 ], [ -81.590534155535252, 41.235254547289919 ], [ -81.590540157086252, 41.234191549682556 ], [ -81.59055015788698, 41.233627551032043 ], [ -81.590553158759505, 41.233006552396702 ], [ -81.590533158973443, 41.23289755264441 ], [ -81.590510159191751, 41.232850552724663 ], [ -81.590486159323206, 41.232821552830849 ], [ -81.590436159607265, 41.23278455283198 ], [ -81.590378160026987, 41.232755552859103 ], [ -81.590343160165119, 41.232744552891532 ], [ -81.590568167731931, 41.226693566711234 ], [ -81.590570170036756, 41.225060570383903 ], [ -81.590551171119586, 41.224341571980474 ], [ -81.590559171937684, 41.223720573372368 ], [ -81.590528174400887, 41.222133576996455 ], [ -81.590512175097487, 41.221691577950281 ], [ -81.590641176610177, 41.220252581327799 ], [ -81.590541183232276, 41.215952591023388 ], [ -81.590641183336089, 41.215552591953234 ], [ -81.590548184329322, 41.215109592906828 ], [ -81.590441193336844, 41.209152606321332 ], [ -81.590441196398345, 41.206964611226454 ], [ -81.590441197495707, 41.206252612852623 ], [ -81.590445198131533, 41.205784613902722 ], [ -81.590441202630032, 41.202652621006145 ], [ -81.597741175754535, 41.202652627007708 ], [ -81.604175152296278, 41.202608632397535 ], [ -81.604402151437384, 41.202592632625269 ], [ -81.604588150779676, 41.202586632799154 ], [ -81.605244148405262, 41.202580633378098 ], [ -81.605945145789875, 41.202579633953889 ], [ -81.606458143893988, 41.202572634403566 ], [ -81.606536143687691, 41.202571634506477 ], [ -81.607086141604526, 41.202570634955258 ], [ -81.60878813541656, 41.202549636401443 ], [ -81.609661132247339, 41.202548637109054 ], [ -81.61138512596979, 41.202530638614611 ], [ -81.611441125783742, 41.20253063865195 ], [ -81.612720121049307, 41.202523639704523 ], [ -81.612952120264339, 41.202520639938363 ], [ -81.614259115523254, 41.202506641056885 ], [ -81.614230114781435, 41.202816640256316 ], [ -81.614226114509421, 41.2029326399308 ], [ -81.614229113223601, 41.20338463879817 ], [ -81.614222112656535, 41.20362563811662 ], [ -81.614228109832681, 41.204674635500702 ] ] ], [ [ [ -81.625154991952115, 41.276773491693156 ], [ -81.625035993737143, 41.277179491172092 ], [ -81.624919995392347, 41.277555490717276 ], [ -81.618516032415471, 41.277556487968518 ], [ -81.615957047210998, 41.277556486937392 ], [ -81.61595304662319, 41.27729948720733 ], [ -81.615955043802117, 41.276145488563671 ], [ -81.621596010542348, 41.275925491210984 ], [ -81.622297007604956, 41.276377490977609 ], [ -81.622471006819367, 41.276496490908023 ], [ -81.622667006058549, 41.276615490845195 ], [ -81.622757005565362, 41.276655490827146 ], [ -81.622800005394851, 41.276674490807913 ], [ -81.622889004957159, 41.276703490805367 ], [ -81.623005004333592, 41.27673449089697 ], [ -81.623144003637478, 41.276756490877602 ], [ -81.623308002647192, 41.276765490941663 ], [ -81.624995992953899, 41.27677349169511 ], [ -81.625154991952115, 41.276773491693156 ] ] ] ] } },
{ "type": "Feature", "properties": { "UNIQUE_ID": "Summit-:-RICHFIELD VILL A (AUN)", "PRECNAME": "RICHFIELD VILL A", "PRECCODE": "AUN", "COUNTYFP": "153", "County": "Summit", "SLDL_DIST": "031", "total_pop": 1208, "age_under18": 240, "age_18_34": 136, "age_35_64": 541, "age_65plus": 291, "pop_hispanic": 4, "pop_white": 1037, "pop_black": 10, "pop_asian": 97, "pct_hispanic": 0.3, "pct_white": 86.7, "pct_black": 0.8, "pct_asian": 8.1, "pct_native": 0.0, "pct_multi": 0.0, "med_hh_income": 163759.0, "pct_bachelors_plus": 55.338775510204073, "pct_no_hs_diploma": 1.7412244897959184, "pct_some_college": 26.627346938775514 }, "geometry": { "type": "Polygon", "coordinates": [ [ [ -81.637674889001872, 41.2654645089574 ], [ -81.637673891846759, 41.266486507824368 ], [ -81.637805911534116, 41.274079499919573 ], [ -81.637815913133736, 41.274712499211951 ], [ -81.637818913602217, 41.27489549903455 ], [ -81.637837916630502, 41.276064497828735 ], [ -81.637838917175031, 41.276268497605258 ], [ -81.637843919313212, 41.277051496771776 ], [ -81.637847920380153, 41.277478496342191 ], [ -81.636715926968805, 41.277485495822901 ], [ -81.636668927206969, 41.277485495794281 ], [ -81.636540927957796, 41.277486495723743 ], [ -81.636394928783815, 41.277488495698279 ], [ -81.636114930427013, 41.277490495546907 ], [ -81.635970931313693, 41.277490495475718 ], [ -81.627352981196267, 41.277541491784653 ], [ -81.625678990953205, 41.277551491038352 ], [ -81.624919995392347, 41.277555490717276 ], [ -81.625035993737143, 41.277179491172092 ], [ -81.625154991952115, 41.276773491693156 ], [ -81.624995992953899, 41.27677349169511 ], [ -81.623308002647192, 41.276765490941663 ], [ -81.623144003637478, 41.276756490877602 ], [ -81.623005004333592, 41.27673449089697 ], [ -81.622889004957159, 41.276703490805367 ], [ -81.622800005394851, 41.276674490807913 ], [ -81.622757005565362, 41.276655490827146 ], [ -81.622667006058549, 41.276615490845195 ], [ -81.622471006819367, 41.276496490908023 ], [ -81.622297007604956, 41.276377490977609 ], [ -81.621596010542348, 41.275925491210984 ], [ -81.615955043802117, 41.276145488563671 ], [ -81.61595304662319, 41.27729948720733 ], [ -81.615957047210998, 41.277556486937392 ], [ -81.610072081139663, 41.277498484466697 ], [ -81.609922081700645, 41.277378484521336 ], [ -81.615921040778161, 41.274837490160955 ], [ -81.615949043046001, 41.275835488935755 ], [ -81.621251011973655, 41.27570349130557 ], [ -81.620874013565796, 41.275460491420766 ], [ -81.620551014843812, 41.27524649157845 ], [ -81.620441015342749, 41.275166491592969 ], [ -81.62041501535117, 41.275144491593331 ], [ -81.623600997040171, 41.275191492861637 ], [ -81.625712984702034, 41.275197493758732 ], [ -81.625975981364732, 41.274477494694622 ], [ -81.622119003749475, 41.274476493137485 ], [ -81.622108001756885, 41.273655494013241 ], [ -81.626275977525125, 41.273646495700234 ], [ -81.626534974129385, 41.272938496610742 ], [ -81.626641972804961, 41.272644497027123 ], [ -81.626554968061896, 41.270615499290663 ], [ -81.626451965378038, 41.269335500660716 ], [ -81.622074991057872, 41.269315499062131 ], [ -81.622042985005365, 41.266851501971679 ], [ -81.622040981196463, 41.265304503708656 ], [ -81.622043974718665, 41.262748506678143 ], [ -81.626203949921148, 41.262727508080431 ], [ -81.626169949282158, 41.262388508473926 ], [ -81.626466946755301, 41.262122508830274 ], [ -81.627011942355637, 41.26166750954728 ], [ -81.628514929462312, 41.260147511690739 ], [ -81.629491920115882, 41.258775513545061 ], [ -81.630225912891376, 41.257708514971199 ], [ -81.631111902438278, 41.255770517321054 ], [ -81.631355899657635, 41.255269518000972 ], [ -81.631694892040656, 41.253146520419072 ], [ -81.632044889980364, 41.253146520426441 ], [ -81.632815885245947, 41.253145520635655 ], [ -81.633744879571864, 41.253132520973345 ], [ -81.634542874776869, 41.253109521120983 ], [ -81.634593873853305, 41.252890521410016 ], [ -81.634624873058058, 41.252664521626514 ], [ -81.635064870175285, 41.252599521890048 ], [ -81.635240869111485, 41.252578521935348 ], [ -81.635462867692297, 41.252571522001801 ], [ -81.63606486409283, 41.252582522101683 ], [ -81.636227863149315, 41.252591522120099 ], [ -81.636437861890272, 41.252611522187699 ], [ -81.636610860919816, 41.25263252220406 ], [ -81.636761860098744, 41.252658522241042 ], [ -81.637092858230432, 41.252694522265138 ], [ -81.63721185741251, 41.252700522274466 ], [ -81.637462855998706, 41.252702522395261 ], [ -81.637618855022595, 41.252695522398646 ], [ -81.637786853934358, 41.252681522439005 ], [ -81.637902853157428, 41.25266752254953 ], [ -81.638055852192977, 41.252643522546741 ], [ -81.638276850693344, 41.252598522646224 ], [ -81.63849284929762, 41.252543522780975 ], [ -81.638992845871456, 41.252390523035061 ], [ -81.639300843742916, 41.252289523237614 ], [ -81.639773840324636, 41.252122523584781 ], [ -81.640188837478945, 41.251992523772309 ], [ -81.640416835963649, 41.251928523902237 ], [ -81.640774833567505, 41.251858524039257 ], [ -81.640874832936262, 41.251846524081628 ], [ -81.641008832073382, 41.25183652418 ], [ -81.641177831048452, 41.251831524178669 ], [ -81.641890826740834, 41.251850524349834 ], [ -81.642660822221259, 41.251888524524475 ], [ -81.643802815347954, 41.251927524766906 ], [ -81.644726809939613, 41.251964524964883 ], [ -81.645110807560485, 41.251976525074042 ], [ -81.645362806046279, 41.251980525157485 ], [ -81.645557804923854, 41.251977525214159 ], [ -81.645563804464885, 41.25183752527073 ], [ -81.645566802427496, 41.251118526011318 ], [ -81.645571799252778, 41.250001527191067 ], [ -81.645571800558315, 41.249697528053154 ], [ -81.645583803398253, 41.24901253003123 ], [ -81.645587806584643, 41.248259532240276 ], [ -81.646093803527549, 41.248259532396311 ], [ -81.646366801966153, 41.248246532528889 ], [ -81.646717799942238, 41.248214532686518 ], [ -81.647063798134582, 41.248156532992091 ], [ -81.647196797448515, 41.248130533078609 ], [ -81.64751479590781, 41.248049533400824 ], [ -81.647760794811674, 41.247971533704131 ], [ -81.647988793841336, 41.247886534047346 ], [ -81.648084793426605, 41.247844534187614 ], [ -81.648175793105793, 41.247799534341866 ], [ -81.648305792456853, 41.247744534555032 ], [ -81.648411792113123, 41.24769253470312 ], [ -81.648509791733147, 41.247635534919674 ], [ -81.649027789858025, 41.247358535887535 ], [ -81.649176789414071, 41.247265536177295 ], [ -81.649601787932596, 41.24703453696366 ], [ -81.649723787555502, 41.246963537229192 ], [ -81.649761787334882, 41.246940537354135 ], [ -81.649852786999318, 41.246895537441127 ], [ -81.649978786674737, 41.246823537695469 ], [ -81.650227785696202, 41.246706538154058 ], [ -81.650393784925384, 41.246641538362077 ], [ -81.650496784566684, 41.246611538539632 ], [ -81.650602784040416, 41.246588538640985 ], [ -81.650859782703819, 41.24654853882236 ], [ -81.650991781894589, 41.246535538849258 ], [ -81.651161780978569, 41.24652453892611 ], [ -81.651353779882086, 41.246517539048554 ], [ -81.65167377793243, 41.246515539169543 ], [ -81.652140775287549, 41.246506539263095 ], [ -81.652427773563588, 41.246509539389493 ], [ -81.653973764457675, 41.246491539888879 ], [ -81.654243762866315, 41.246503539922521 ], [ -81.654405761824336, 41.246525539844853 ], [ -81.654507761101186, 41.246549539856467 ], [ -81.654634760129881, 41.246588539709307 ], [ -81.65477175908093, 41.246641539636094 ], [ -81.654882758155878, 41.246698539458237 ], [ -81.654992757169637, 41.246764539303953 ], [ -81.655086756337099, 41.246833539137221 ], [ -81.655190755225334, 41.246930538862607 ], [ -81.655263754415358, 41.247014538617954 ], [ -81.655324753590634, 41.247100538342814 ], [ -81.655372752982714, 41.247186538166289 ], [ -81.655413752213093, 41.247281537848075 ], [ -81.655438751737321, 41.247364537641808 ], [ -81.65545475119734, 41.247452537354704 ], [ -81.6554597504783, 41.247606536851471 ], [ -81.655433749845059, 41.247763536394523 ], [ -81.655308747954606, 41.248315534627316 ], [ -81.655504746619613, 41.24833853462367 ], [ -81.655627745864152, 41.248342534639733 ], [ -81.655882744460996, 41.248332534754269 ], [ -81.656036743569359, 41.248316534876352 ], [ -81.656462741365189, 41.248249535148105 ], [ -81.657049738362602, 41.248143535648865 ], [ -81.657409736429798, 41.248083535873562 ], [ -81.657611735352944, 41.24807153598092 ], [ -81.657778734318086, 41.248071536053637 ], [ -81.657906733554228, 41.248077536052897 ], [ -81.658107732158783, 41.24810053601653 ], [ -81.658293730965852, 41.248137535964553 ], [ -81.658465729686526, 41.248183535893411 ], [ -81.658825726909029, 41.248302535648193 ], [ -81.658908726265452, 41.248320535536763 ], [ -81.659079725152225, 41.248342535549781 ], [ -81.660092719046389, 41.248342535773027 ], [ -81.660312717854865, 41.248333535895924 ], [ -81.660440717112024, 41.248315536016143 ], [ -81.660532716678617, 41.24829253612549 ], [ -81.660762715728637, 41.248208536432543 ], [ -81.660909715168799, 41.24814453663398 ], [ -81.661108714409892, 41.248051536982992 ], [ -81.661025715503456, 41.247937537282183 ], [ -81.660704719446684, 41.247539538467848 ], [ -81.660561721296233, 41.247353539037398 ], [ -81.660290724636141, 41.247003540030015 ], [ -81.659429735169965, 41.245900543224529 ], [ -81.658511746351934, 41.244723546621081 ], [ -81.658419747433129, 41.244606546941434 ], [ -81.658156750666123, 41.244263547976075 ], [ -81.657223761911439, 41.243056551349383 ], [ -81.657151762804801, 41.242963551629899 ], [ -81.656999764611697, 41.242768552176969 ], [ -81.655981776733668, 41.241440555907268 ], [ -81.655425783287356, 41.240728557921827 ], [ -81.655063787617991, 41.240242559311021 ], [ -81.654682792134068, 41.239731560686039 ], [ -81.654650792510921, 41.239672560850138 ], [ -81.654913791120833, 41.239666560993562 ], [ -81.655194789604678, 41.239664561158634 ], [ -81.655257789203148, 41.239664561163416 ], [ -81.656631781666206, 41.239642561719869 ], [ -81.65821577289735, 41.239629562320609 ], [ -81.659637765153164, 41.239615562913258 ], [ -81.660769758815675, 41.239611563363006 ], [ -81.662283750460247, 41.239600563965389 ], [ -81.664099740414727, 41.239595564606674 ], [ -81.664599737575017, 41.239597564806466 ], [ -81.664839736319465, 41.239594564907279 ], [ -81.664949735737622, 41.239593564892942 ], [ -81.665064735093722, 41.239592564988875 ], [ -81.666692725955244, 41.23959156556117 ], [ -81.667441721865075, 41.239588565847235 ], [ -81.667744720189205, 41.239589565982719 ], [ -81.667631687717844, 41.245754546100429 ], [ -81.666633693361646, 41.245786545678321 ], [ -81.666549693944887, 41.245783545712065 ], [ -81.665341701125627, 41.245751545397795 ], [ -81.665346700023875, 41.245975544684065 ], [ -81.665351693846361, 41.247132541041573 ], [ -81.665355689540618, 41.247961538440151 ], [ -81.66536168164987, 41.249456533667058 ], [ -81.665380684274325, 41.251862530297252 ], [ -81.665367685200792, 41.252155530043723 ], [ -81.6653516865142, 41.252546529675662 ], [ -81.6653146894418, 41.253462528916273 ], [ -81.665486689055669, 41.25368652874257 ], [ -81.665742688443345, 41.253996528556875 ], [ -81.667190684370738, 41.255551527590356 ], [ -81.664547700391282, 41.255556526826425 ], [ -81.662385713294441, 41.25551852632308 ], [ -81.662344716835676, 41.256628525309161 ], [ -81.657943743688193, 41.25675552396897 ], [ -81.657952739779802, 41.255449525091649 ], [ -81.656601747911694, 41.255427524741421 ], [ -81.655634753723362, 41.255412524542258 ], [ -81.655616755122836, 41.255889524059022 ], [ -81.655488766270253, 41.259459520699274 ], [ -81.655446770900369, 41.260974519281099 ], [ -81.655439771832249, 41.261295519004499 ], [ -81.65561477087563, 41.261296518990086 ], [ -81.656453765812657, 41.261294519313523 ], [ -81.660085744102901, 41.261290520479641 ], [ -81.660470741835894, 41.261289520536224 ], [ -81.660470742371544, 41.261455520393156 ], [ -81.66046874378172, 41.261944519967805 ], [ -81.660464745587831, 41.262554519443086 ], [ -81.660462747075925, 41.263044518965025 ], [ -81.661854738780278, 41.263044519429869 ], [ -81.663378729784796, 41.263047519956366 ], [ -81.663500729011091, 41.263046519946073 ], [ -81.663489730418092, 41.263502519595811 ], [ -81.665962715797789, 41.263524520409071 ], [ -81.665940730951988, 41.268498516115841 ], [ -81.663343746197356, 41.268519515095228 ], [ -81.663364744001882, 41.267796515778556 ], [ -81.663367743524702, 41.267639515846589 ], [ -81.660333761330165, 41.26763951480897 ], [ -81.660310765427965, 41.268973513628708 ], [ -81.651718815362457, 41.268792510610965 ], [ -81.651742808590271, 41.26642851286848 ], [ -81.639953878176158, 41.266428508699654 ], [ -81.639912877997773, 41.266265508833094 ], [ -81.63989687784192, 41.266183508993031 ], [ -81.63984187717945, 41.265810509297005 ], [ -81.639792876657538, 41.265526509602175 ], [ -81.639740876334386, 41.265305509801337 ], [ -81.639608876108653, 41.264919510192428 ], [ -81.639452875898229, 41.264502510581295 ], [ -81.63927387577634, 41.264046510930712 ], [ -81.638862875184842, 41.262955511961728 ], [ -81.638802875071377, 41.262787512150339 ], [ -81.638731874976529, 41.26258951229547 ], [ -81.638638874877671, 41.262352512492733 ], [ -81.643121848135223, 41.262328514042416 ], [ -81.642388848995978, 41.261034515085683 ], [ -81.640666859281112, 41.261034514572863 ], [ -81.640666856562433, 41.26003151556079 ], [ -81.640193858520405, 41.259740515754196 ], [ -81.639676859509095, 41.258932516410709 ], [ -81.639288859877141, 41.258252517035018 ], [ -81.639245858942303, 41.25779951746371 ], [ -81.640881849229672, 41.257831517896527 ], [ -81.640880841963863, 41.255178520658816 ], [ -81.645243815839095, 41.25525152179064 ], [ -81.645244812780305, 41.25415152293936 ], [ -81.637640858755802, 41.25414652091893 ], [ -81.637643871086681, 41.258740516033107 ], [ -81.6376458749683, 41.260162514515663 ], [ -81.637643887346982, 41.264751509662396 ], [ -81.637674889001872, 41.2654645089574 ] ], [ [ -81.649262806072812, 41.26036451790474 ], [ -81.649867802597797, 41.260396518081208 ], [ -81.649819790275643, 41.255950522367407 ], [ -81.650972783336869, 41.255973522705517 ], [ -81.650972781532275, 41.255340523296518 ], [ -81.648548796055834, 41.255302522688254 ], [ -81.647251803839765, 41.255282522310395 ], [ -81.647232806648205, 41.256222521398932 ], [ -81.647971802110362, 41.256222521605594 ], [ -81.647842809518792, 41.258589519244275 ], [ -81.6493768004906, 41.258648519658799 ], [ -81.649262806072812, 41.26036451790474 ] ] ] } },
{ "type": "Feature", "properties": { "UNIQUE_ID": "Summit-:-RICHFIELD VILL B (AUQ)", "PRECNAME": "RICHFIELD VILL B", "PRECCODE": "AUQ", "COUNTYFP": "153", "County": "Summit", "SLDL_DIST": "031", "total_pop": 1265, "age_under18": 235, "age_18_34": 255, "age_35_64": 469, "age_65plus": 306, "pop_hispanic": 3, "pop_white": 1114, "pop_black": 12, "pop_asian": 11, "pct_hispanic": 0.2, "pct_white": 90.3, "pct_black": 1.0, "pct_asian": 0.9, "pct_native": 0.0, "pct_multi": 0.1, "med_hh_income": 118397.0, "pct_bachelors_plus": 50.064622641509438, "pct_no_hs_diploma": 1.81501572327044, "pct_some_college": 27.130110062893081 }, "geometry": { "type": "Polygon", "coordinates": [ [ [ -81.626813009699006, 41.220691602102832 ], [ -81.626539019818495, 41.217985609303192 ], [ -81.626493021891591, 41.217439610698563 ], [ -81.626472023231017, 41.217036611830622 ], [ -81.626299029964898, 41.215225616597351 ], [ -81.626079037109477, 41.213309621609895 ], [ -81.625994040229372, 41.212459623891704 ], [ -81.625958042289781, 41.211870625417362 ], [ -81.629080029359642, 41.211848627710211 ], [ -81.629875026061782, 41.211846628320075 ], [ -81.629881030637051, 41.210506631929164 ], [ -81.631740023203676, 41.210493633330337 ], [ -81.633688015307726, 41.210484634779569 ], [ -81.634601011534897, 41.210470635505963 ], [ -81.634602013088212, 41.210059636694254 ], [ -81.634602013167608, 41.210028636768115 ], [ -81.634618013375189, 41.209968636938925 ], [ -81.634629013434093, 41.209949636983715 ], [ -81.634653013327608, 41.209925637106942 ], [ -81.634682013281761, 41.209905637161306 ], [ -81.634716013300633, 41.209890637192899 ], [ -81.634753013147304, 41.209880637233205 ], [ -81.634791012949336, 41.209876637273638 ], [ -81.635959008259675, 41.209869638238764 ], [ -81.636789004919635, 41.209869638829723 ], [ -81.638071999783634, 41.209862639782394 ], [ -81.638070995476127, 41.210979636604016 ], [ -81.638070993397179, 41.211518635070369 ], [ -81.638068987512256, 41.213052630672586 ], [ -81.638074985488416, 41.213582629127295 ], [ -81.638087980881096, 41.214755625800962 ], [ -81.638071974355171, 41.21646762095579 ], [ -81.638076967662215, 41.218185616006778 ], [ -81.638059964598227, 41.219013613692077 ], [ -81.638049962934929, 41.219444612433364 ], [ -81.63804096118163, 41.219897611164299 ], [ -81.638047958920836, 41.220493609418 ], [ -81.638702955774832, 41.220538609686891 ], [ -81.63915395340652, 41.220608609788123 ], [ -81.639507951337464, 41.220719609705995 ], [ -81.639547951103168, 41.220736609693624 ], [ -81.639875949058109, 41.220872609497086 ], [ -81.640092947480113, 41.221008609200602 ], [ -81.640370945378237, 41.221216608808497 ], [ -81.640627943238513, 41.221461608242734 ], [ -81.641103938946699, 41.221984606990375 ], [ -81.64134393665671, 41.222249606342295 ], [ -81.647570920678078, 41.219250618872557 ], [ -81.648776917735049, 41.218668621422644 ], [ -81.650044892900624, 41.222952609326533 ], [ -81.650839884623579, 41.223968606691678 ], [ -81.651344870973531, 41.226451599502667 ], [ -81.649415878868965, 41.226792597457703 ], [ -81.646164893628864, 41.227051594966831 ], [ -81.645990894473258, 41.227074594880378 ], [ -81.645906894817998, 41.227093594790489 ], [ -81.645845895034711, 41.227112594631727 ], [ -81.64579089511551, 41.227135594577419 ], [ -81.645686895414784, 41.227196594323303 ], [ -81.646425888094839, 41.228049592241916 ], [ -81.646767884678141, 41.228442591167294 ], [ -81.647142880953496, 41.228871590094499 ], [ -81.647904873287118, 41.229754587880279 ], [ -81.649658855407779, 41.231784582667018 ], [ -81.649998851689759, 41.23221958154754 ], [ -81.650832841357399, 41.233571577830816 ], [ -81.651344834886245, 41.234390575555651 ], [ -81.652435820915883, 41.236176570660021 ], [ -81.653086812681849, 41.237206567798921 ], [ -81.653296809923745, 41.237554566870344 ], [ -81.653680804984219, 41.238173565125358 ], [ -81.654055800043309, 41.238791563377717 ], [ -81.654076799763615, 41.23882356324301 ], [ -81.654253797571798, 41.239086562535789 ], [ -81.654650792510921, 41.239672560850138 ], [ -81.654682792134068, 41.239731560686039 ], [ -81.655063787617991, 41.240242559311021 ], [ -81.655425783287356, 41.240728557921827 ], [ -81.655981776733668, 41.241440555907268 ], [ -81.656999764611697, 41.242768552176969 ], [ -81.657151762804801, 41.242963551629899 ], [ -81.657223761911439, 41.243056551349383 ], [ -81.658156750666123, 41.244263547976075 ], [ -81.658419747433129, 41.244606546941434 ], [ -81.658511746351934, 41.244723546621081 ], [ -81.659429735169965, 41.245900543224529 ], [ -81.660290724636141, 41.247003540030015 ], [ -81.660561721296233, 41.247353539037398 ], [ -81.660704719446684, 41.247539538467848 ], [ -81.661025715503456, 41.247937537282183 ], [ -81.661108714409892, 41.248051536982992 ], [ -81.660909715168799, 41.24814453663398 ], [ -81.660762715728637, 41.248208536432543 ], [ -81.660532716678617, 41.24829253612549 ], [ -81.660440717112024, 41.248315536016143 ], [ -81.660312717854865, 41.248333535895924 ], [ -81.660092719046389, 41.248342535773027 ], [ -81.659079725152225, 41.248342535549781 ], [ -81.658908726265452, 41.248320535536763 ], [ -81.658825726909029, 41.248302535648193 ], [ -81.658465729686526, 41.248183535893411 ], [ -81.658293730965852, 41.248137535964553 ], [ -81.658107732158783, 41.24810053601653 ], [ -81.657906733554228, 41.248077536052897 ], [ -81.657778734318086, 41.248071536053637 ], [ -81.657611735352944, 41.24807153598092 ], [ -81.657409736429798, 41.248083535873562 ], [ -81.657049738362602, 41.248143535648865 ], [ -81.656462741365189, 41.248249535148105 ], [ -81.656036743569359, 41.248316534876352 ], [ -81.655882744460996, 41.248332534754269 ], [ -81.655627745864152, 41.248342534639733 ], [ -81.655504746619613, 41.24833853462367 ], [ -81.655308747954606, 41.248315534627316 ], [ -81.655433749845059, 41.247763536394523 ], [ -81.6554597504783, 41.247606536851471 ], [ -81.65545475119734, 41.247452537354704 ], [ -81.655438751737321, 41.247364537641808 ], [ -81.655413752213093, 41.247281537848075 ], [ -81.655372752982714, 41.247186538166289 ], [ -81.655324753590634, 41.247100538342814 ], [ -81.655263754415358, 41.247014538617954 ], [ -81.655190755225334, 41.246930538862607 ], [ -81.655086756337099, 41.246833539137221 ], [ -81.654992757169637, 41.246764539303953 ], [ -81.654882758155878, 41.246698539458237 ], [ -81.65477175908093, 41.246641539636094 ], [ -81.654634760129881, 41.246588539709307 ], [ -81.654507761101186, 41.246549539856467 ], [ -81.654405761824336, 41.246525539844853 ], [ -81.654243762866315, 41.246503539922521 ], [ -81.653973764457675, 41.246491539888879 ], [ -81.652427773563588, 41.246509539389493 ], [ -81.652140775287549, 41.246506539263095 ], [ -81.65167377793243, 41.246515539169543 ], [ -81.651353779882086, 41.246517539048554 ], [ -81.651161780978569, 41.24652453892611 ], [ -81.650991781894589, 41.246535538849258 ], [ -81.650859782703819, 41.24654853882236 ], [ -81.650602784040416, 41.246588538640985 ], [ -81.650496784566684, 41.246611538539632 ], [ -81.650393784925384, 41.246641538362077 ], [ -81.650227785696202, 41.246706538154058 ], [ -81.649978786674737, 41.246823537695469 ], [ -81.649852786999318, 41.246895537441127 ], [ -81.649761787334882, 41.246940537354135 ], [ -81.649723787555502, 41.246963537229192 ], [ -81.649601787932596, 41.24703453696366 ], [ -81.649176789414071, 41.247265536177295 ], [ -81.649027789858025, 41.247358535887535 ], [ -81.648509791733147, 41.247635534919674 ], [ -81.648411792113123, 41.24769253470312 ], [ -81.648305792456853, 41.247744534555032 ], [ -81.648175793105793, 41.247799534341866 ], [ -81.648084793426605, 41.247844534187614 ], [ -81.647988793841336, 41.247886534047346 ], [ -81.647760794811674, 41.247971533704131 ], [ -81.64751479590781, 41.248049533400824 ], [ -81.647196797448515, 41.248130533078609 ], [ -81.647063798134582, 41.248156532992091 ], [ -81.646717799942238, 41.248214532686518 ], [ -81.646366801966153, 41.248246532528889 ], [ -81.646093803527549, 41.248259532396311 ], [ -81.645587806584643, 41.248259532240276 ], [ -81.645583803398253, 41.24901253003123 ], [ -81.645571800558315, 41.249697528053154 ], [ -81.645571799252778, 41.250001527191067 ], [ -81.645566802427496, 41.251118526011318 ], [ -81.645563804464885, 41.25183752527073 ], [ -81.645557804923854, 41.251977525214159 ], [ -81.645362806046279, 41.251980525157485 ], [ -81.645110807560485, 41.251976525074042 ], [ -81.644726809939613, 41.251964524964883 ], [ -81.643802815347954, 41.251927524766906 ], [ -81.642660822221259, 41.251888524524475 ], [ -81.641890826740834, 41.251850524349834 ], [ -81.641177831048452, 41.251831524178669 ], [ -81.641008832073382, 41.25183652418 ], [ -81.640874832936262, 41.251846524081628 ], [ -81.640774833567505, 41.251858524039257 ], [ -81.640416835963649, 41.251928523902237 ], [ -81.640188837478945, 41.251992523772309 ], [ -81.639773840324636, 41.252122523584781 ], [ -81.639300843742916, 41.252289523237614 ], [ -81.638992845871456, 41.252390523035061 ], [ -81.63849284929762, 41.252543522780975 ], [ -81.638276850693344, 41.252598522646224 ], [ -81.638055852192977, 41.252643522546741 ], [ -81.637902853157428, 41.25266752254953 ], [ -81.637786853934358, 41.252681522439005 ], [ -81.637618855022595, 41.252695522398646 ], [ -81.637462855998706, 41.252702522395261 ], [ -81.63721185741251, 41.252700522274466 ], [ -81.637092858230432, 41.252694522265138 ], [ -81.636761860098744, 41.252658522241042 ], [ -81.636610860919816, 41.25263252220406 ], [ -81.636437861890272, 41.252611522187699 ], [ -81.636227863149315, 41.252591522120099 ], [ -81.63606486409283, 41.252582522101683 ], [ -81.635462867692297, 41.252571522001801 ], [ -81.635240869111485, 41.252578521935348 ], [ -81.635064870175285, 41.252599521890048 ], [ -81.634624873058058, 41.252664521626514 ], [ -81.634593873853305, 41.252890521410016 ], [ -81.634542874776869, 41.253109521120983 ], [ -81.633744879571864, 41.253132520973345 ], [ -81.632815885245947, 41.253145520635655 ], [ -81.632044889980364, 41.253146520426441 ], [ -81.631694892040656, 41.253146520419072 ], [ -81.631843890401328, 41.252872520695391 ], [ -81.635170875021345, 41.246664534056826 ], [ -81.629337910492694, 41.246387533177533 ], [ -81.6289229128991, 41.24638553305887 ], [ -81.624842937108028, 41.246363531925866 ], [ -81.621826954876397, 41.246356531102954 ], [ -81.621730957130552, 41.245828532460258 ], [ -81.620342965795288, 41.245652532510817 ], [ -81.619742969308547, 41.245652532398758 ], [ -81.619742970139768, 41.245352533192268 ], [ -81.619906971091098, 41.24470853486158 ], [ -81.619742973372951, 41.244252536058255 ], [ -81.619742979810269, 41.242058541794194 ], [ -81.623062961086475, 41.241986543132647 ], [ -81.623943956154449, 41.241967543468903 ], [ -81.623929964621098, 41.239303550622331 ], [ -81.623617966489604, 41.239275550525718 ], [ -81.62325996851601, 41.239259550423213 ], [ -81.623199968776206, 41.239256550405926 ], [ -81.623018969871424, 41.23925555035207 ], [ -81.622715971501364, 41.23926555019289 ], [ -81.622534972428596, 41.239279550146904 ], [ -81.622306973588124, 41.239304549960735 ], [ -81.622047974940685, 41.239337549797774 ], [ -81.620899980829705, 41.239485548942028 ], [ -81.620346983746714, 41.239562548547092 ], [ -81.620219992124845, 41.236934555451455 ], [ -81.620213994880686, 41.236026557769208 ], [ -81.618263005374928, 41.236038556965909 ], [ -81.618086006243971, 41.236040556897748 ], [ -81.618085006391937, 41.236003556965123 ], [ -81.617317010140127, 41.236159556268653 ], [ -81.616710012488809, 41.236456555235911 ], [ -81.6166510128281, 41.236483555203939 ], [ -81.616560013536613, 41.2363835553816 ], [ -81.617169011159106, 41.236069556421207 ], [ -81.61808500680003, 41.235855557380262 ], [ -81.618074013499495, 41.233526563467031 ], [ -81.616631020970672, 41.233547562782775 ], [ -81.616631022892378, 41.232854564502361 ], [ -81.618070015452119, 41.232837565246719 ], [ -81.618048021604139, 41.230719570758161 ], [ -81.62302899801395, 41.230110574718026 ], [ -81.623448996140311, 41.23004757515379 ], [ -81.623847994280993, 41.229976575493041 ], [ -81.624154992909396, 41.229912575814481 ], [ -81.624207992232883, 41.230044575463673 ], [ -81.624322991046768, 41.230238575037994 ], [ -81.624399990303544, 41.230350574771762 ], [ -81.624408986771527, 41.231473571715682 ], [ -81.625762979674988, 41.231482572389616 ], [ -81.626234976186268, 41.231837571594525 ], [ -81.626459974363854, 41.232012571235124 ], [ -81.626705972507381, 41.232213570836336 ], [ -81.626813971631279, 41.232311570590319 ], [ -81.626893970965995, 41.23239357043299 ], [ -81.62710296901237, 41.232631569907781 ], [ -81.627191968174699, 41.232756569619823 ], [ -81.627260967437024, 41.23287256925213 ], [ -81.627365966233981, 41.233071568760259 ], [ -81.627409965614575, 41.233178568521396 ], [ -81.627483964509594, 41.233397567943449 ], [ -81.627676961593394, 41.233954566496855 ], [ -81.627816955734517, 41.235498562421029 ], [ -81.627913952541164, 41.236299560264811 ], [ -81.628057947364312, 41.237606556748865 ], [ -81.628172942897251, 41.238763553673792 ], [ -81.62857594069979, 41.238763553808383 ], [ -81.628830939272703, 41.238755553888453 ], [ -81.628801943971766, 41.237415557589195 ], [ -81.628651952040087, 41.235283563318333 ], [ -81.628592954007644, 41.234780564688087 ], [ -81.628564956408468, 41.234109566500365 ], [ -81.628494959235525, 41.233397568415342 ], [ -81.628661963178317, 41.231970572359543 ], [ -81.629301961530615, 41.231477573995456 ], [ -81.629347961427769, 41.231444574176166 ], [ -81.630102961396773, 41.230327577594146 ], [ -81.630874961222787, 41.229250580913018 ], [ -81.631649962161916, 41.227878585085612 ], [ -81.631953962500987, 41.227342586735631 ], [ -81.633200958334911, 41.226795588925924 ], [ -81.633427957855744, 41.226632589536159 ], [ -81.634052956451939, 41.226179591115439 ], [ -81.63447295552939, 41.225875592228647 ], [ -81.635455952618742, 41.225373594150376 ], [ -81.636547949276959, 41.224856596175783 ], [ -81.636550950410737, 41.224557597050442 ], [ -81.636554951752004, 41.224182598144985 ], [ -81.636557952897661, 41.223877598970184 ], [ -81.6355949556458, 41.224366597043975 ], [ -81.634612958538497, 41.224865595129302 ], [ -81.633469962068261, 41.225399592948172 ], [ -81.632739964530757, 41.225708591695415 ], [ -81.63258996512053, 41.225744591520375 ], [ -81.630767972409046, 41.226179589354899 ], [ -81.629893975916104, 41.226418588265105 ], [ -81.629336977377775, 41.22678158695696 ], [ -81.629195977990207, 41.226795586811612 ], [ -81.62794898368422, 41.226922585811813 ], [ -81.627720991687838, 41.22484659137735 ], [ -81.627659995701563, 41.223758594246874 ], [ -81.627612998656417, 41.222916596585947 ], [ -81.627793002795528, 41.221435600719239 ], [ -81.628312000350135, 41.221435601020083 ], [ -81.628336002933963, 41.220625603256593 ], [ -81.627649005996361, 41.220656602742423 ], [ -81.626813009699006, 41.220691602102832 ] ] ] } },
{ "type": "Feature", "properties": { "UNIQUE_ID": "Summit-:-RICHFIELD VILL C (BCK)", "PRECNAME": "RICHFIELD VILL C", "PRECCODE": "BCK", "COUNTYFP": "153", "County": "Summit", "SLDL_DIST": "031", "total_pop": 1256, "age_under18": 191, "age_18_34": 215, "age_35_64": 577, "age_65plus": 273, "pop_hispanic": 6, "pop_white": 1135, "pop_black": 20, "pop_asian": 5, "pct_hispanic": 0.5, "pct_white": 91.9, "pct_black": 1.6, "pct_asian": 0.4, "pct_native": 0.0, "pct_multi": 0.1, "med_hh_income": 86818.0, "pct_bachelors_plus": 47.246386020651308, "pct_no_hs_diploma": 2.4540111199364576, "pct_some_college": 26.62986497220016 }, "geometry": { "type": "Polygon", "coordinates": [ [ [ -81.654000971314517, 41.202185674857098 ], [ -81.654429969721718, 41.202185675213016 ], [ -81.654673906324248, 41.215470634895077 ], [ -81.654673904587597, 41.215826633764628 ], [ -81.654666897738011, 41.217301629299257 ], [ -81.661190868627799, 41.217353633299673 ], [ -81.664370853749872, 41.217513634813464 ], [ -81.665145850098753, 41.217552635243024 ], [ -81.665125835242762, 41.220391626184643 ], [ -81.665589833142619, 41.220392626475295 ], [ -81.665585813602377, 41.224112614524095 ], [ -81.6654468098629, 41.224956611760646 ], [ -81.663551819029323, 41.224950610809906 ], [ -81.663091821249864, 41.224948610539862 ], [ -81.662447824309197, 41.224946610138424 ], [ -81.662364794336767, 41.230900591353631 ], [ -81.662370790843255, 41.231575589212056 ], [ -81.662379786250085, 41.232475586426212 ], [ -81.668556753822415, 41.232528589106181 ], [ -81.66855274079191, 41.23496058124482 ], [ -81.665150759263057, 41.234872580017218 ], [ -81.664949735737622, 41.239593564892942 ], [ -81.664839736319465, 41.239594564907279 ], [ -81.664599737575017, 41.239597564806466 ], [ -81.664099740414727, 41.239595564606674 ], [ -81.662283750460247, 41.239600563965389 ], [ -81.660769758815675, 41.239611563363006 ], [ -81.659637765153164, 41.239615562913258 ], [ -81.65821577289735, 41.239629562320609 ], [ -81.656631781666206, 41.239642561719869 ], [ -81.655257789203148, 41.239664561163416 ], [ -81.655194789604678, 41.239664561158634 ], [ -81.654913791120833, 41.239666560993562 ], [ -81.654650792510921, 41.239672560850138 ], [ -81.654253797571798, 41.239086562535789 ], [ -81.654076799763615, 41.23882356324301 ], [ -81.654055800043309, 41.238791563377717 ], [ -81.653680804984219, 41.238173565125358 ], [ -81.653296809923745, 41.237554566870344 ], [ -81.653086812681849, 41.237206567798921 ], [ -81.652435820915883, 41.236176570660021 ], [ -81.651344834886245, 41.234390575555651 ], [ -81.650832841357399, 41.233571577830816 ], [ -81.649998851689759, 41.23221958154754 ], [ -81.649658855407779, 41.231784582667018 ], [ -81.647904873287118, 41.229754587880279 ], [ -81.647142880953496, 41.228871590094499 ], [ -81.646767884678141, 41.228442591167294 ], [ -81.646425888094839, 41.228049592241916 ], [ -81.645686895414784, 41.227196594323303 ], [ -81.64579089511551, 41.227135594577419 ], [ -81.645845895034711, 41.227112594631727 ], [ -81.645906894817998, 41.227093594790489 ], [ -81.645990894473258, 41.227074594880378 ], [ -81.646164893628864, 41.227051594966831 ], [ -81.649415878868965, 41.226792597457703 ], [ -81.651344870973531, 41.226451599502667 ], [ -81.650839884623579, 41.223968606691678 ], [ -81.650044892900624, 41.222952609326533 ], [ -81.648776917735049, 41.218668621422644 ], [ -81.647570920678078, 41.219250618872557 ], [ -81.64134393665671, 41.222249606342295 ], [ -81.641103938946699, 41.221984606990375 ], [ -81.640627943238513, 41.221461608242734 ], [ -81.640370945378237, 41.221216608808497 ], [ -81.640092947480113, 41.221008609200602 ], [ -81.639875949058109, 41.220872609497086 ], [ -81.639547951103168, 41.220736609693624 ], [ -81.639507951337464, 41.220719609705995 ], [ -81.63915395340652, 41.220608609788123 ], [ -81.638702955774832, 41.220538609686891 ], [ -81.638047958920836, 41.220493609418 ], [ -81.63804096118163, 41.219897611164299 ], [ -81.638049962934929, 41.219444612433364 ], [ -81.638059964598227, 41.219013613692077 ], [ -81.638076967662215, 41.218185616006778 ], [ -81.638071974355171, 41.21646762095579 ], [ -81.638087980881096, 41.214755625800962 ], [ -81.638074985488416, 41.213582629127295 ], [ -81.638068987512256, 41.213052630672586 ], [ -81.638070993397179, 41.211518635070369 ], [ -81.638070995476127, 41.210979636604016 ], [ -81.638071999783634, 41.209862639782394 ], [ -81.636789004919635, 41.209869638829723 ], [ -81.635959008259675, 41.209869638238764 ], [ -81.634791012949336, 41.209876637273638 ], [ -81.634753013147304, 41.209880637233205 ], [ -81.634716013300633, 41.209890637192899 ], [ -81.634682013281761, 41.209905637161306 ], [ -81.634653013327608, 41.209925637106942 ], [ -81.634629013434093, 41.209949636983715 ], [ -81.634618013375189, 41.209968636938925 ], [ -81.634602013167608, 41.210028636768115 ], [ -81.634602013088212, 41.210059636694254 ], [ -81.634601011534897, 41.210470635505963 ], [ -81.633688015307726, 41.210484634779569 ], [ -81.631740023203676, 41.210493633330337 ], [ -81.629881030637051, 41.210506631929164 ], [ -81.629875026061782, 41.211846628320075 ], [ -81.629080029359642, 41.211848627710211 ], [ -81.625958042289781, 41.211870625417362 ], [ -81.625994040229372, 41.212459623891704 ], [ -81.626079037109477, 41.213309621609895 ], [ -81.626299029964898, 41.215225616597351 ], [ -81.626472023231017, 41.217036611830622 ], [ -81.626493021891591, 41.217439610698563 ], [ -81.626539019818495, 41.217985609303192 ], [ -81.626813009699006, 41.220691602102832 ], [ -81.626364011713989, 41.220707601776503 ], [ -81.626038013246756, 41.220719601594041 ], [ -81.625740014516225, 41.220725601364329 ], [ -81.625689014745035, 41.2207276013228 ], [ -81.624989017907595, 41.220751600830837 ], [ -81.624288021066533, 41.220781600354137 ], [ -81.621996031351856, 41.220874598689406 ], [ -81.621822032124584, 41.220875598588741 ], [ -81.621675032838709, 41.220870598549986 ], [ -81.621431033990348, 41.220855598444587 ], [ -81.62113603545599, 41.220825598363852 ], [ -81.620538038408412, 41.220768598113729 ], [ -81.62008204060767, 41.220725597978046 ], [ -81.619948041214187, 41.220717597917407 ], [ -81.61983504175177, 41.220718597879497 ], [ -81.619682042374066, 41.220725597727096 ], [ -81.619435043440319, 41.220751597469004 ], [ -81.619324043924379, 41.220769597354149 ], [ -81.619193044421081, 41.220800597213234 ], [ -81.61907504492082, 41.220835597038644 ], [ -81.618673046294418, 41.220971596484056 ], [ -81.618422047242561, 41.22105359609801 ], [ -81.618250047896197, 41.221110595903248 ], [ -81.617867049382639, 41.221218595367723 ], [ -81.61773004989675, 41.221247595213008 ], [ -81.617592050531542, 41.221269595054899 ], [ -81.617467051064992, 41.221283594988151 ], [ -81.617236052125989, 41.221291594777171 ], [ -81.617022053080461, 41.221285594665495 ], [ -81.61689405371213, 41.221273594650022 ], [ -81.616596055202848, 41.221229594549492 ], [ -81.615902058715264, 41.221116594458515 ], [ -81.615819059174896, 41.221103594453965 ], [ -81.615312061682488, 41.221019594309759 ], [ -81.614832064122098, 41.2209405943021 ], [ -81.614571065397854, 41.220900594174914 ], [ -81.614411066229025, 41.22088459416576 ], [ -81.614240067088559, 41.220872594073349 ], [ -81.614075067814625, 41.220867593959063 ], [ -81.613637069811745, 41.22086659369895 ], [ -81.613242071644478, 41.220865593476191 ], [ -81.613242072872254, 41.220410594675059 ], [ -81.613251074894521, 41.219579596763218 ], [ -81.613257075339931, 41.219410597181792 ], [ -81.613254075806609, 41.219227597640199 ], [ -81.613265077120076, 41.218699598979619 ], [ -81.613265077783879, 41.218471599609089 ], [ -81.61328607945309, 41.217763601385229 ], [ -81.61329807992314, 41.217577601927289 ], [ -81.613319080328623, 41.217390602400826 ], [ -81.613423080818052, 41.216999603446361 ], [ -81.613481081076131, 41.216822603903736 ], [ -81.613714081789539, 41.216150605805964 ], [ -81.613747081999335, 41.216025606161558 ], [ -81.613768082187846, 41.215898606500801 ], [ -81.613799082876298, 41.21560160727428 ], [ -81.613819083455724, 41.215333607923739 ], [ -81.613836084332092, 41.214995608826563 ], [ -81.61394208804866, 41.2134026129985 ], [ -81.611808097064738, 41.213402611466435 ], [ -81.61180309856627, 41.212815612930406 ], [ -81.613978089449716, 41.212819614454986 ], [ -81.614041091494244, 41.211915616856842 ], [ -81.614063092031785, 41.211704617418462 ], [ -81.614146094133034, 41.210765619817508 ], [ -81.613131098375561, 41.210710619225132 ], [ -81.612231101036187, 41.211128617490004 ], [ -81.611993101755147, 41.211208617198203 ], [ -81.611986102133216, 41.211112617410983 ], [ -81.61191010257258, 41.211025617579189 ], [ -81.611404105634378, 41.210658618118316 ], [ -81.611345106049257, 41.210561618301178 ], [ -81.611037108073276, 41.210273618839999 ], [ -81.61164210664198, 41.209852620360408 ], [ -81.612087104144607, 41.210119619961866 ], [ -81.614175095733984, 41.210131621482624 ], [ -81.614187097449076, 41.209435623232139 ], [ -81.614184098833064, 41.20890662462994 ], [ -81.61418809928557, 41.20876562497947 ], [ -81.614204102680887, 41.207433628387214 ], [ -81.61420210440437, 41.206768630125808 ], [ -81.614209106858922, 41.205848632449097 ], [ -81.614210107627656, 41.205552633222254 ], [ -81.614228109832681, 41.204674635500702 ], [ -81.614222112656535, 41.20362563811662 ], [ -81.614229113223601, 41.20338463879817 ], [ -81.614226114509421, 41.2029326399308 ], [ -81.614230114781435, 41.202816640256316 ], [ -81.614259115523254, 41.202506641056885 ], [ -81.616086108856024, 41.202482642632944 ], [ -81.616643106859783, 41.202480643078161 ], [ -81.61825210093032, 41.202463644461524 ], [ -81.618728099249893, 41.202465644859963 ], [ -81.621496089188156, 41.202441647182091 ], [ -81.622337086155682, 41.202429647888721 ], [ -81.622699084747197, 41.202429648207485 ], [ -81.625426074920696, 41.20240465050852 ], [ -81.625836073375922, 41.202401650897556 ], [ -81.625984072892592, 41.202400651042723 ], [ -81.629909058659649, 41.202357654357272 ], [ -81.630510056468893, 41.202351654914573 ], [ -81.63184305154752, 41.202338656009374 ], [ -81.632529049085377, 41.202335656670705 ], [ -81.633201046626667, 41.202330657157169 ], [ -81.634574041718878, 41.20231165842997 ], [ -81.635020040110817, 41.202308658796497 ], [ -81.635863037050001, 41.202303659499442 ], [ -81.636542034557635, 41.202295660056365 ], [ -81.637235032000362, 41.202294660662382 ], [ -81.637560030873402, 41.202299660889992 ], [ -81.638033029185991, 41.202284661363663 ], [ -81.638966025700611, 41.20228466213883 ], [ -81.641582016330105, 41.202263664305399 ], [ -81.641786015503428, 41.202261664484467 ], [ -81.643204010437358, 41.202253665744024 ], [ -81.644644005113506, 41.202250666902991 ], [ -81.645191003203209, 41.202246667379228 ], [ -81.647388995213902, 41.202230669239398 ], [ -81.647687994151639, 41.202228669490296 ], [ -81.64779199372515, 41.202228669591868 ], [ -81.648963989461606, 41.202223670592609 ], [ -81.649261988379024, 41.202220670899813 ], [ -81.649928985960187, 41.20221567140814 ], [ -81.651817979100514, 41.202201673047632 ], [ -81.653167974290113, 41.202191674152452 ], [ -81.654000971314517, 41.202185674857098 ] ] ] } }
]
}
