cycle,district,election,candidate,party,contributions,expenditures,status,data_through,tusa_candidate,race_url,incumbent
2018,1,"General Election November 6, 2018",Scott Wiggam,Republican,97841.11,71659.48,Won,12/31/2018,/oh/candidate/scott-wiggam-14360,/oh/race/ohio-house-of-representatives-district-1-827,True
2018,1,"General Election November 6, 2018",Kevin Barnet,Democratic,5609.36,6160.96,Lost,12/31/2018,/oh/candidate/kevin-barnet,/oh/race/ohio-house-of-representatives-district-1-827,False
2018,1,"General Election November 6, 2018",Elizabeth Thomas,Libertarian,0.0,0.0,Lost,12/31/2018,,/oh/race/ohio-house-of-representatives-district-1-827,False
2018,1,"Democratic Party Primary Election May 8, 2018",Kevin Barnet,Democratic,5609.36,6160.96,Advanced,12/31/2018,/oh/candidate/kevin-barnet,/oh/race/ohio-house-of-representatives-district-1-827,False
2018,1,"Republican Party Primary Election May 8, 2018",Scott Wiggam,Republican,97841.11,71659.48,Advanced,12/31/2018,/oh/candidate/scott-wiggam-14360,/oh/race/ohio-house-of-representatives-district-1-827,True
2018,2,"General Election November 6, 2018",Mark Romanchuk,Republican,179810.02,153212.28,Won,12/31/2018,/oh/candidate/mark-romanchuk-13721,/oh/race/ohio-house-of-representatives-district-2-1063,True
2018,2,"General Election November 6, 2018",Lane Winters,Democratic,12522.0,9884.61,Lost,12/31/2018,/oh/candidate/lane-winters,/oh/race/ohio-house-of-representatives-district-2-1063,False
2018,2,"General Election November 6, 2018",Tim Grady,Libertarian,64.03,0.0,Lost,12/31/2018,/oh/candidate/tim-grady,/oh/race/ohio-house-of-representatives-district-2-1063,False
2018,2,"Democratic Party Primary Election May 8, 2018",Lane Winters,Democratic,12522.0,9884.61,Advanced,12/31/2018,/oh/candidate/lane-winters,/oh/race/ohio-house-of-representatives-district-2-1063,False
2018,2,"Democratic Party Primary Election May 8, 2018",Amanda Spear,Democratic,0.0,0.0,Withdrew,12/31/2018,,/oh/race/ohio-house-of-representatives-district-2-1063,False
2018,2,"Republican Party Primary Election May 8, 2018",Mark Romanchuk,Republican,179810.02,153212.28,Advanced,12/31/2018,/oh/candidate/mark-romanchuk-13721,/oh/race/ohio-house-of-representatives-district-2-1063,True
2018,3,"General Election November 6, 2018",Theresa Gavarone,Republican,473579.86,214278.66,Won,12/31/2018,/oh/candidate/theresa-gavarone-14560,/oh/race/ohio-house-of-representatives-district-3-7658,True
2018,3,"General Election November 6, 2018",Daniel Gordon,Democratic,1230.85,4168.48,Withdrew,12/31/2018,/oh/candidate/daniel-gordon,/oh/race/ohio-house-of-representatives-district-3-7658,False
2018,3,"General Election November 6, 2018",Aidan Hubbell-Staeble,Democratic,5405.05,1443.75,Lost,12/31/2018,/oh/candidate/aidan-hubbell-staeble-15057,/oh/race/ohio-house-of-representatives-district-3-7658,False
2018,3,"Democratic Party Primary Election May 8, 2018",Daniel Gordon,Democratic,1230.85,4168.48,Advanced,12/31/2018,/oh/candidate/daniel-gordon,/oh/race/ohio-house-of-representatives-district-3-7658,False
2018,3,"Republican Party Primary Election May 8, 2018",Theresa Gavarone,Republican,473579.86,214278.66,Advanced,12/31/2018,/oh/candidate/theresa-gavarone-14560,/oh/race/ohio-house-of-representatives-district-3-7658,True
2018,4,"General Election November 6, 2018",Bob Cupp,Republican,158636.0,146926.09,Won,12/31/2018,/oh/candidate/robert-cupp-289,/oh/race/ohio-house-of-representatives-district-4-14869,True
2018,4,"General Election November 6, 2018",Tristam Cheeseman,Democratic,0.0,779.36,Lost,12/31/2018,/oh/candidate/tristam-cheeseman,/oh/race/ohio-house-of-representatives-district-4-14869,False
2018,4,"Democratic Party Primary Election May 8, 2018",Tristam Cheeseman,Democratic,0.0,779.36,Advanced,12/31/2018,/oh/candidate/tristam-cheeseman,/oh/race/ohio-house-of-representatives-district-4-14869,False
2018,4,"Republican Party Primary Election May 8, 2018",Bob Cupp,Republican,158636.0,146926.09,Advanced,12/31/2018,/oh/candidate/robert-cupp-289,/oh/race/ohio-house-of-representatives-district-4-14869,True
2018,5,"General Election November 6, 2018",Tim Ginter,Republican,173910.58,114260.64,Won,12/31/2018,/oh/candidate/tim-ginter-12277,/oh/race/ohio-house-of-representatives-district-5-8086,True
2018,5,"General Election November 6, 2018",John Dyce,Democratic,25499.69,21765.84,Lost,12/31/2018,/oh/candidate/john-dyce,/oh/race/ohio-house-of-representatives-district-5-8086,False
2018,5,"Democratic Party Primary Election May 8, 2018",John Dyce,Democratic,25499.69,21765.84,Advanced,12/31/2018,/oh/candidate/john-dyce,/oh/race/ohio-house-of-representatives-district-5-8086,False
2018,5,"Republican Party Primary Election May 8, 2018",Tim Ginter,Republican,173910.58,114260.64,Advanced,12/31/2018,/oh/candidate/tim-ginter-12277,/oh/race/ohio-house-of-representatives-district-5-8086,True
2018,6,"General Election November 6, 2018",Phillip Robinson,Democratic,111265.12,115823.21,Won,12/31/2018,/oh/candidate/phillip-robinson-14457,/oh/race/ohio-house-of-representatives-district-6-6357,False
2018,6,"General Election November 6, 2018",James Trakas,Republican,377440.68,364881.31,Lost,12/31/2018,/oh/candidate/james-trakas,/oh/race/ohio-house-of-representatives-district-6-6357,False
2018,6,"Democratic Party Primary Election May 8, 2018",Phillip Robinson,Democratic,111265.12,115823.21,Advanced,12/31/2018,/oh/candidate/phillip-robinson-14457,/oh/race/ohio-house-of-representatives-district-6-6357,False
2018,6,"Republican Party Primary Election May 8, 2018",James Trakas,Republican,377440.68,364881.31,Advanced,12/31/2018,/oh/candidate/james-trakas,/oh/race/ohio-house-of-representatives-district-6-6357,False
2018,6,"Republican Party Primary Election May 8, 2018",Michael Canty,Republican,211908.61,181457.27,Lost,12/31/2018,/oh/candidate/michael-canty,/oh/race/ohio-house-of-representatives-district-6-6357,False
2018,7,"General Election November 6, 2018",Thomas Patton,Republican,733580.78,763620.82,Won,12/31/2018,/oh/candidate/thomas-patton-8243,/oh/race/ohio-house-of-representatives-district-7-7899,True
2018,7,"General Election November 6, 2018",Aziz Ahmad,Democratic,6441.4,5304.83,Lost,12/31/2018,/oh/candidate/aziz-ahmad,/oh/race/ohio-house-of-representatives-district-7-7899,False
2018,7,"Democratic Party Primary Election May 8, 2018",Aziz Ahmad,Democratic,6441.4,5304.83,Advanced,12/31/2018,/oh/candidate/aziz-ahmad,/oh/race/ohio-house-of-representatives-district-7-7899,False
2018,7,"Republican Party Primary Election May 8, 2018",Thomas Patton,Republican,733580.78,763620.82,Advanced,12/31/2018,/oh/candidate/thomas-patton-8243,/oh/race/ohio-house-of-representatives-district-7-7899,True
2018,8,"General Election November 6, 2018",Kent Smith,Democratic,45962.0,41964.26,Won,12/31/2018,/oh/candidate/kent-smith-9094,/oh/race/ohio-house-of-representatives-district-8-8683,True
2018,8,"Democratic Party Primary Election May 8, 2018",Kent Smith,Democratic,45962.0,41964.26,Advanced,12/31/2018,/oh/candidate/kent-smith-9094,/oh/race/ohio-house-of-representatives-district-8-8683,True
2018,8,"Democratic Party Primary Election May 8, 2018",Cassandra Mcdonald,Democratic,25.0,25.0,Lost,12/31/2018,/oh/candidate/cassandra-mcdonald,/oh/race/ohio-house-of-representatives-district-8-8683,False
2018,9,"General Election November 6, 2018",Janine Boyd,Democratic,27957.0,32890.39,Won,12/31/2018,/oh/candidate/janine-boyd-14004,/oh/race/ohio-house-of-representatives-district-9-4776,True
2018,9,"General Election November 6, 2018",Joe Miller,Republican,0.0,0.0,Lost,12/31/2018,,/oh/race/ohio-house-of-representatives-district-9-4776,False
2018,9,"Democratic Party Primary Election May 8, 2018",Janine Boyd,Democratic,27957.0,32890.39,Advanced,12/31/2018,/oh/candidate/janine-boyd-14004,/oh/race/ohio-house-of-representatives-district-9-4776,True
2018,9,"Republican Party Primary Election May 8, 2018",Joe Miller,Republican,0.0,0.0,Advanced,12/31/2018,,/oh/race/ohio-house-of-representatives-district-9-4776,False
2018,10,"General Election November 6, 2018",Terrence Upchurch,Democratic,16520.13,15659.31,Won,12/31/2018,/oh/candidate/terrence-upchurch-14635,/oh/race/ohio-house-of-representatives-district-10-6455,False
2018,10,"Democratic Party Primary Election May 8, 2018",Terrence Upchurch,Democratic,16520.13,15659.31,Advanced,12/31/2018,/oh/candidate/terrence-upchurch-14635,/oh/race/ohio-house-of-representatives-district-10-6455,False
2018,10,"Democratic Party Primary Election May 8, 2018",Nelson Cintron Jr.,Democratic,0.0,0.0,Lost,12/31/2018,,/oh/race/ohio-house-of-representatives-district-10-6455,False
2018,10,"Democratic Party Primary Election May 8, 2018",T Dow,Democratic,0.0,2087.64,Lost,12/31/2018,/oh/candidate/t-dow,/oh/race/ohio-house-of-representatives-district-10-6455,False
2018,10,"Democratic Party Primary Election May 8, 2018",Kyle Early,Democratic,15704.6,13846.52,Lost,12/31/2018,/oh/candidate/kyle-early,/oh/race/ohio-house-of-representatives-district-10-6455,False
2018,10,"Democratic Party Primary Election May 8, 2018",Ronnie Jones,Democratic,350.0,7842.99,Lost,12/31/2018,/oh/candidate/ronnie-jones,/oh/race/ohio-house-of-representatives-district-10-6455,False
2018,10,"Democratic Party Primary Election May 8, 2018",Aanand Mehta,Democratic,77609.89,81193.23,Lost,12/31/2018,/oh/candidate/aanand-mehta,/oh/race/ohio-house-of-representatives-district-10-6455,False
2018,10,"Democratic Party Primary Election May 8, 2018",Billy Sharp,Democratic,2852.0,4121.36,Lost,12/31/2018,/oh/candidate/billy-sharp,/oh/race/ohio-house-of-representatives-district-10-6455,False
2018,10,"Democratic Party Primary Election May 8, 2018",Danielle Shepherd,Democratic,0.0,0.0,Lost,12/31/2018,,/oh/race/ohio-house-of-representatives-district-10-6455,False
2018,11,"General Election November 6, 2018",Stephanie Howse,Democratic,34932.18,35869.28,Won,12/31/2018,/oh/candidate/stephanie-howse-13977,/oh/race/ohio-house-of-representatives-district-11-6228,True
2018,11,"General Election November 6, 2018",Shalira Taylor,Republican,900.0,544.88,Lost,12/31/2018,/oh/candidate/shalira-taylor,/oh/race/ohio-house-of-representatives-district-11-6228,False
2018,11,"Democratic Party Primary Election May 8, 2018",Stephanie Howse,Democratic,34932.18,35869.28,Advanced,12/31/2018,/oh/candidate/stephanie-howse-13977,/oh/race/ohio-house-of-representatives-district-11-6228,True
2018,12,"General Election November 6, 2018",Juanita Brent,Democratic,14645.0,14374.37,Won,12/31/2018,/oh/candidate/juanita-brent-14788,/oh/race/ohio-house-of-representatives-district-12-2741,False
2018,12,"Democratic Party Primary Election May 8, 2018",Juanita Brent,Democratic,14645.0,14374.37,Advanced,12/31/2018,/oh/candidate/juanita-brent-14788,/oh/race/ohio-house-of-representatives-district-12-2741,False
2018,12,"Democratic Party Primary Election May 8, 2018",Patrice Brown,Democratic,1500.37,1330.37,Lost,12/31/2018,/oh/candidate/patrice-brown,/oh/race/ohio-house-of-representatives-district-12-2741,False
2018,12,"Democratic Party Primary Election May 8, 2018",Earl Campbell,Democratic,2434.79,0.0,Lost,12/31/2018,/oh/candidate/earl-campbell,/oh/race/ohio-house-of-representatives-district-12-2741,False
2018,12,"Democratic Party Primary Election May 8, 2018",Yvonka Hall,Democratic,11285.22,11162.96,Lost,12/31/2018,/oh/candidate/yvonka-hall,/oh/race/ohio-house-of-representatives-district-12-2741,False
2018,12,"Democratic Party Primary Election May 8, 2018",Dimitri McDaniel,Democratic,11936.14,21936.14,Lost,12/31/2018,/oh/candidate/dimitri-mcdaniel,/oh/race/ohio-house-of-representatives-district-12-2741,False
2018,12,"Democratic Party Primary Election May 8, 2018",Isaac Powell,Democratic,1134.05,0.0,Lost,12/31/2018,/oh/candidate/isaac-powell,/oh/race/ohio-house-of-representatives-district-12-2741,False
2018,13,"General Election November 6, 2018",Michael Skindell,Democratic,68323.0,55824.26,Won,12/31/2018,/oh/candidate/michael-skindell-420,/oh/race/ohio-house-of-representatives-district-13-2739,False
2018,13,"General Election November 6, 2018",Jay Carson,Republican,12652.95,4771.81,Lost,12/31/2018,/oh/candidate/jay-carson-14945,/oh/race/ohio-house-of-representatives-district-13-2739,False
2018,13,"Democratic Party Primary Election May 8, 2018",Michael Skindell,Democratic,68323.0,55824.26,Advanced,12/31/2018,/oh/candidate/michael-skindell-420,/oh/race/ohio-house-of-representatives-district-13-2739,False
2018,13,"Democratic Party Primary Election May 8, 2018",Tom Bullock,Democratic,41766.42,51568.51,Lost,12/31/2018,/oh/candidate/tom-bullock,/oh/race/ohio-house-of-representatives-district-13-2739,False
2018,13,"Republican Party Primary Election May 8, 2018",Jay Carson,Republican,12652.95,4771.81,Advanced,12/31/2018,/oh/candidate/jay-carson-14945,/oh/race/ohio-house-of-representatives-district-13-2739,False
2018,14,"General Election November 6, 2018",Bride Rose Sweeney,Democratic,62806.0,42501.4,Won,12/31/2018,/oh/candidate/bride-sweeney-14941,/oh/race/ohio-house-of-representatives-district-14-6636,False
2018,14,"General Election November 6, 2018",Ryan Mcclain,Libertarian,2225.73,1173.16,Lost,12/31/2018,/oh/candidate/ryan-mcclain-15020,/oh/race/ohio-house-of-representatives-district-14-6636,False
2018,14,"Democratic Party Primary Election May 8, 2018",Bride Rose Sweeney,Democratic,62806.0,42501.4,Advanced,12/31/2018,/oh/candidate/bride-sweeney-14941,/oh/race/ohio-house-of-representatives-district-14-6636,False
2018,14,"Democratic Party Primary Election May 8, 2018",Carl J. Burgio,Democratic,7535.57,5748.22,Lost,12/31/2018,/oh/candidate/carl-j-burgio,/oh/race/ohio-house-of-representatives-district-14-6636,False
2018,14,"Democratic Party Primary Election May 8, 2018",Steven Holecko,Democratic,35471.0,41029.66,Lost,12/31/2018,/oh/candidate/steven-holecko,/oh/race/ohio-house-of-representatives-district-14-6636,False
2018,14,"Democratic Party Primary Election May 8, 2018",Rick Raley,Democratic,0.0,0.0,Lost,12/31/2018,,/oh/race/ohio-house-of-representatives-district-14-6636,False
2018,15,"General Election November 6, 2018",Jeffrey Crossman,Democratic,62748.68,19400.0,Won,12/31/2018,/oh/candidate/jeffrey-crossman-15064,/oh/race/ohio-house-of-representatives-district-15-6567,False
2018,15,"General Election November 6, 2018",Nicholas Celebrezze,Democratic,82720.0,86738.75,Withdrew,12/31/2018,/oh/candidate/nicholas-celebrezze-13316,/oh/race/ohio-house-of-representatives-district-15-6567,True
2018,15,"General Election November 6, 2018",Kevin Kussmaul,Republican,5483.91,8299.91,Lost,12/31/2018,/oh/candidate/kevin-kussmaul-15053,/oh/race/ohio-house-of-representatives-district-15-6567,False
2018,15,"Democratic Party Primary Election May 8, 2018",Nicholas Celebrezze,Democratic,82720.0,86738.75,Advanced,12/31/2018,/oh/candidate/nicholas-celebrezze-13316,/oh/race/ohio-house-of-representatives-district-15-6567,True
2018,16,"General Election November 6, 2018",David Greenspan,Republican,1015222.45,238025.06,Won,12/31/2018,/oh/candidate/david-greenspan-14313,/oh/race/ohio-house-of-representatives-district-16-902,True
2018,16,"General Election November 6, 2018",Cassimir Svigelj,Democratic,23680.62,17200.42,Lost,12/31/2018,/oh/candidate/cassimir-svigelj,/oh/race/ohio-house-of-representatives-district-16-902,False
2018,16,"Democratic Party Primary Election May 8, 2018",Cassimir Svigelj,Democratic,23680.62,17200.42,Advanced,12/31/2018,/oh/candidate/cassimir-svigelj,/oh/race/ohio-house-of-representatives-district-16-902,False
2018,16,"Republican Party Primary Election May 8, 2018",David Greenspan,Republican,1015222.45,238025.06,Advanced,12/31/2018,/oh/candidate/david-greenspan-14313,/oh/race/ohio-house-of-representatives-district-16-902,True
2018,16,"Republican Party Primary Election May 8, 2018",Monique Boyd,Republican,18421.0,17750.25,Lost,12/31/2018,/oh/candidate/monique-boyd,/oh/race/ohio-house-of-representatives-district-16-902,False
2018,17,"General Election November 6, 2018",Adam Miller,Democratic,136418.36,84336.46,Won,12/31/2018,/oh/candidate/adam-miller-14384,/oh/race/ohio-house-of-representatives-district-17-12208,True
2018,17,"General Election November 6, 2018",John Rush,Republican,350.0,611.78,Lost,12/31/2018,/oh/candidate/john-rush,/oh/race/ohio-house-of-representatives-district-17-12208,False
2018,17,"Democratic Party Primary Election May 8, 2018",Adam Miller,Democratic,136418.36,84336.46,Advanced,12/31/2018,/oh/candidate/adam-miller-14384,/oh/race/ohio-house-of-representatives-district-17-12208,True
2018,17,"Democratic Party Primary Election May 8, 2018",Ali Hagi Ridwan,Democratic,0.0,0.0,Withdrew,12/31/2018,,/oh/race/ohio-house-of-representatives-district-17-12208,False
2018,17,"Republican Party Primary Election May 8, 2018",John Rush,Republican,350.0,611.78,Advanced,12/31/2018,/oh/candidate/john-rush,/oh/race/ohio-house-of-representatives-district-17-12208,False
2018,18,"General Election November 6, 2018",Kristin Boggs,Democratic,143148.11,115689.57,Won,12/31/2018,/oh/candidate/kristin-boggs-14399,/oh/race/ohio-house-of-representatives-district-18-5951,True
2018,18,"General Election November 6, 2018",David Todd,Republican,1775.0,2307.79,Lost,12/31/2018,/oh/candidate/david-todd-14578,/oh/race/ohio-house-of-representatives-district-18-5951,False
2018,18,"Democratic Party Primary Election May 8, 2018",Kristin Boggs,Democratic,143148.11,115689.57,Advanced,12/31/2018,/oh/candidate/kristin-boggs-14399,/oh/race/ohio-house-of-representatives-district-18-5951,True
2018,18,"Republican Party Primary Election May 8, 2018",David Todd,Republican,1775.0,2307.79,Advanced,12/31/2018,/oh/candidate/david-todd-14578,/oh/race/ohio-house-of-representatives-district-18-5951,False
2018,19,"General Election November 6, 2018",Mary Lightbody,Democratic,410096.73,184262.25,Won,12/31/2018,/oh/candidate/mary-lightbody-14707,/oh/race/ohio-house-of-representatives-district-19-2737,False
2018,19,"General Election November 6, 2018",Timothy Barhorst,Republican,326779.23,233361.92,Lost,12/31/2018,/oh/candidate/timothy-barhorst-14674,/oh/race/ohio-house-of-representatives-district-19-2737,False
2018,19,"Democratic Party Primary Election May 8, 2018",Mary Lightbody,Democratic,410096.73,184262.25,Advanced,12/31/2018,/oh/candidate/mary-lightbody-14707,/oh/race/ohio-house-of-representatives-district-19-2737,False
2018,19,"Democratic Party Primary Election May 8, 2018",Noni Banks,Democratic,1846.0,609.0,Lost,12/31/2018,/oh/candidate/noni-banks,/oh/race/ohio-house-of-representatives-district-19-2737,False
2018,19,"Republican Party Primary Election May 8, 2018",Timothy Barhorst,Republican,326779.23,233361.92,Advanced,12/31/2018,/oh/candidate/timothy-barhorst-14674,/oh/race/ohio-house-of-representatives-district-19-2737,False
2018,19,"Republican Party Primary Election May 8, 2018",Chris Curry,Republican,0.0,0.0,Lost,12/31/2018,,/oh/race/ohio-house-of-representatives-district-19-2737,False
2018,19,"Republican Party Primary Election May 8, 2018",David Ferguson,Republican,196893.4,28745.04,Lost,12/31/2018,/oh/candidate/david-ferguson,/oh/race/ohio-house-of-representatives-district-19-2737,False
2018,20,"General Election November 6, 2018",Richard Brown,Democratic,90368.6,66128.3,Won,12/31/2018,/oh/candidate/richard-brown-12154,/oh/race/ohio-house-of-representatives-district-20-4397,True
2018,20,"General Election November 6, 2018",Bobby Mitchell,Republican,263866.49,41219.99,Lost,12/31/2018,/oh/candidate/bobby-mitchell-14402,/oh/race/ohio-house-of-representatives-district-20-4397,False
2018,20,"Democratic Party Primary Election May 8, 2018",Richard Brown,Democratic,90368.6,66128.3,Advanced,12/31/2018,/oh/candidate/richard-brown-12154,/oh/race/ohio-house-of-representatives-district-20-4397,True
2018,20,"Republican Party Primary Election May 8, 2018",Bobby Mitchell,Republican,263866.49,41219.99,Advanced,12/31/2018,/oh/candidate/bobby-mitchell-14402,/oh/race/ohio-house-of-representatives-district-20-4397,False
2018,21,"General Election November 6, 2018",Beth Liston,Democratic,483161.56,249481.31,Won,12/31/2018,/oh/candidate/beth-liston-14663,/oh/race/ohio-house-of-representatives-district-21-2735,False
2018,21,"General Election November 6, 2018",Stuart Harris,Republican,306954.25,217034.03,Lost,12/31/2018,/oh/candidate/stuart-harris-14773,/oh/race/ohio-house-of-representatives-district-21-2735,False
2018,21,"Democratic Party Primary Election May 8, 2018",Beth Liston,Democratic,483161.56,249481.31,Advanced,12/31/2018,/oh/candidate/beth-liston-14663,/oh/race/ohio-house-of-representatives-district-21-2735,False
2018,21,"Democratic Party Primary Election May 8, 2018",Mindy Yocum,Democratic,5269.19,4578.0,Lost,12/31/2018,/oh/candidate/mindy-yocum-14676,/oh/race/ohio-house-of-representatives-district-21-2735,False
2018,21,"Republican Party Primary Election May 8, 2018",Stuart Harris,Republican,306954.25,217034.03,Advanced,12/31/2018,/oh/candidate/stuart-harris-14773,/oh/race/ohio-house-of-representatives-district-21-2735,False
2018,21,"Republican Party Primary Election May 8, 2018",Doug Smith,Republican,3506.26,3789.25,Lost,12/31/2018,/oh/candidate/doug-smith,/oh/race/ohio-house-of-representatives-district-21-2735,False
2018,22,"General Election November 6, 2018",David Leland,Democratic,151985.38,149610.21,Won,12/31/2018,/oh/candidate/david-leland-13918,/oh/race/ohio-house-of-representatives-district-22-10214,True
2018,22,"General Election November 6, 2018",Doug Moody,Republican,0.0,0.0,Lost,12/31/2018,,/oh/race/ohio-house-of-representatives-district-22-10214,False
2018,22,"Democratic Party Primary Election May 8, 2018",David Leland,Democratic,151985.38,149610.21,Advanced,12/31/2018,/oh/candidate/david-leland-13918,/oh/race/ohio-house-of-representatives-district-22-10214,True
2018,22,"Democratic Party Primary Election May 8, 2018",Jermaine Clarke,Democratic,392.73,392.73,Withdrew,12/31/2018,/oh/candidate/jermaine-clarke,/oh/race/ohio-house-of-representatives-district-22-10214,False
2018,22,"Republican Party Primary Election May 8, 2018",Doug Moody,Republican,0.0,0.0,Advanced,12/31/2018,,/oh/race/ohio-house-of-representatives-district-22-10214,False
2018,23,"General Election November 6, 2018",Laura Lanese,Republican,505604.04,85367.57,Won,12/31/2018,/oh/candidate/laura-lanese-14556,/oh/race/ohio-house-of-representatives-district-23-7796,True
2018,23,"General Election November 6, 2018",Russell Harris,Democratic,11677.92,12498.77,Lost,12/31/2018,/oh/candidate/russell-harris-13647,/oh/race/ohio-house-of-representatives-district-23-7796,False
2018,23,"Democratic Party Primary Election May 8, 2018",Russell Harris,Democratic,11677.92,12498.77,Advanced,12/31/2018,/oh/candidate/russell-harris-13647,/oh/race/ohio-house-of-representatives-district-23-7796,False
2018,23,"Republican Party Primary Election May 8, 2018",Laura Lanese,Republican,505604.04,85367.57,Advanced,12/31/2018,/oh/candidate/laura-lanese-14556,/oh/race/ohio-house-of-representatives-district-23-7796,True
2018,24,"General Election November 6, 2018",Allison Russo,Democratic,230322.37,233184.58,Won,12/31/2018,/oh/candidate/catherine-russo-14814,/oh/race/ohio-house-of-representatives-district-24-5389,False
2018,24,"General Election November 6, 2018",Erik Yassenoff,Republican,342385.01,229843.15,Lost,12/31/2018,/oh/candidate/erik-yassenoff-14810,/oh/race/ohio-house-of-representatives-district-24-5389,False
2018,24,"Democratic Party Primary Election May 8, 2018",Allison Russo,Democratic,230322.37,233184.58,Advanced,12/31/2018,/oh/candidate/catherine-russo-14814,/oh/race/ohio-house-of-representatives-district-24-5389,False
2018,24,"Democratic Party Primary Election May 8, 2018",Andrea Bonny,Democratic,9560.89,8541.02,Lost,12/31/2018,/oh/candidate/andrea-bonny-14863,/oh/race/ohio-house-of-representatives-district-24-5389,False
2018,24,"Democratic Party Primary Election May 8, 2018",Mary B. Relotto,Democratic,46961.46,36458.41,Lost,12/31/2018,/oh/candidate/mary-b-relotto,/oh/race/ohio-house-of-representatives-district-24-5389,False
2018,24,"Republican Party Primary Election May 8, 2018",Erik Yassenoff,Republican,342385.01,229843.15,Advanced,12/31/2018,/oh/candidate/erik-yassenoff-14810,/oh/race/ohio-house-of-representatives-district-24-5389,False
2018,25,"General Election November 6, 2018",Bernadine Kennedy Kent,Democratic,20940.07,19225.5,Won,12/31/2018,/oh/candidate/bernadine-kent-14484,/oh/race/ohio-house-of-representatives-district-25-5052,True
2018,25,"General Election November 6, 2018",Debbie Staggs,Republican,0.0,0.0,Lost,12/31/2018,,/oh/race/ohio-house-of-representatives-district-25-5052,False
2018,25,"Democratic Party Primary Election May 8, 2018",Bernadine Kennedy Kent,Democratic,20940.07,19225.5,Advanced,12/31/2018,/oh/candidate/bernadine-kent-14484,/oh/race/ohio-house-of-representatives-district-25-5052,True
2018,25,"Democratic Party Primary Election May 8, 2018",Ismail Mohamed,Democratic,35770.0,36636.63,Lost,12/31/2018,/oh/candidate/ismail-mohamed,/oh/race/ohio-house-of-representatives-district-25-5052,False
2018,25,"Democratic Party Primary Election May 8, 2018",Daahir Omar,Democratic,7450.0,6700.0,Withdrew,12/31/2018,/oh/candidate/daahir-omar,/oh/race/ohio-house-of-representatives-district-25-5052,False
2018,25,"Democratic Party Primary Election May 8, 2018",Lamar Peoples,Democratic,2325.0,2268.13,Lost,12/31/2018,/oh/candidate/lamar-peoples-14928,/oh/race/ohio-house-of-representatives-district-25-5052,False
2018,25,"Republican Party Primary Election May 8, 2018",Debbie Staggs,Republican,0.0,0.0,Advanced,12/31/2018,,/oh/race/ohio-house-of-representatives-district-25-5052,False
2018,26,"General Election November 6, 2018",Erica Crawley,Democratic,38493.22,30817.91,Won,12/31/2018,/oh/candidate/erica-crawley-14802,/oh/race/ohio-house-of-representatives-district-26-3420,False
2018,26,"General Election November 6, 2018",Shareeque Sadiq,Republican,3825.0,3818.67,Lost,12/31/2018,/oh/candidate/shareeque-sadiq-14962,/oh/race/ohio-house-of-representatives-district-26-3420,False
2018,26,"General Election November 6, 2018",Steve Dodge,Green,0.0,0.0,Lost,12/31/2018,,/oh/race/ohio-house-of-representatives-district-26-3420,False
2018,26,"Democratic Party Primary Election May 8, 2018",Erica Crawley,Democratic,38493.22,30817.91,Advanced,12/31/2018,/oh/candidate/erica-crawley-14802,/oh/race/ohio-house-of-representatives-district-26-3420,False
2018,26,"Democratic Party Primary Election May 8, 2018",Michael D Cole,Democratic,18757.88,19066.03,Lost,12/31/2018,/oh/candidate/michael-d-cole,/oh/race/ohio-house-of-representatives-district-26-3420,False
2018,26,"Green Party Primary Election May 8, 2018",Steve Dodge,Green,0.0,0.0,Advanced,12/31/2018,,/oh/race/ohio-house-of-representatives-district-26-3420,False
2018,26,"Republican Party Primary Election May 8, 2018",Shareeque Sadiq,Republican,3825.0,3818.67,Advanced,12/31/2018,/oh/candidate/shareeque-sadiq-14962,/oh/race/ohio-house-of-representatives-district-26-3420,False
2018,27,"General Election November 6, 2018",Thomas Brinkman,Republican,629784.51,154754.66,Won,12/31/2018,/oh/candidate/thomas-brinkman-7302,/oh/race/ohio-house-of-representatives-district-27-7512,True
2018,27,"General Election November 6, 2018",Christine Fisher,Democratic,127590.86,125928.29,Lost,12/31/2018,/oh/candidate/christine-fisher-14832,/oh/race/ohio-house-of-representatives-district-27-7512,False
2018,27,"Democratic Party Primary Election May 8, 2018",Christine Fisher,Democratic,127590.86,125928.29,Advanced,12/31/2018,/oh/candidate/christine-fisher-14832,/oh/race/ohio-house-of-representatives-district-27-7512,False
2018,27,"Republican Party Primary Election May 8, 2018",Thomas Brinkman,Republican,629784.51,154754.66,Advanced,12/31/2018,/oh/candidate/thomas-brinkman-7302,/oh/race/ohio-house-of-representatives-district-27-7512,True
2018,28,"General Election November 6, 2018",Jessica Miranda,Democratic,176674.21,114915.98,Won,12/31/2018,/oh/candidate/jessica-miranda-14449,/oh/race/ohio-house-of-representatives-district-28-12714,False
2018,28,"General Election November 6, 2018",Jonathan Dever,Republican,562848.09,531064.53,Lost,12/31/2018,/oh/candidate/jonathan-dever-13862,/oh/race/ohio-house-of-representatives-district-28-12714,True
2018,28,"Democratic Party Primary Election May 8, 2018",Jessica Miranda,Democratic,176674.21,114915.98,Advanced,12/31/2018,/oh/candidate/jessica-miranda-14449,/oh/race/ohio-house-of-representatives-district-28-12714,False
2018,28,"Democratic Party Primary Election May 8, 2018",Paul Sohi,Democratic,40862.63,31308.37,Lost,12/31/2018,/oh/candidate/paul-sohi,/oh/race/ohio-house-of-representatives-district-28-12714,False
2018,28,"Republican Party Primary Election May 8, 2018",Jonathan Dever,Republican,562848.09,531064.53,Advanced,12/31/2018,/oh/candidate/jonathan-dever-13862,/oh/race/ohio-house-of-representatives-district-28-12714,True
2018,29,"General Election November 6, 2018",Louis W Blessing III,Republican,121296.55,112392.36,Won,12/31/2018,/oh/candidate/louis-blessing-13752,/oh/race/ohio-house-of-representatives-district-29-14445,True
2018,29,"General Election November 6, 2018",Carrie Davis,Democratic,10500.0,0.0,Lost,12/31/2018,/oh/candidate/carrie-davis,/oh/race/ohio-house-of-representatives-district-29-14445,False
2018,29,"Republican Party Primary Election May 8, 2018",Louis W Blessing III,Republican,121296.55,112392.36,Advanced,12/31/2018,/oh/candidate/louis-blessing-13752,/oh/race/ohio-house-of-representatives-district-29-14445,True
2018,30,"General Election November 6, 2018",Bill Seitz,Republican,490823.34,473398.86,Won,12/31/2018,/oh/candidate/william-seitz-7262,/oh/race/ohio-house-of-representatives-district-30-12051,True
2018,30,"General Election November 6, 2018",Clayton Adams,Democratic,10196.39,9234.35,Lost,12/31/2018,/oh/candidate/clayton-adams,/oh/race/ohio-house-of-representatives-district-30-12051,False
2018,30,"Democratic Party Primary Election May 8, 2018",Clayton Adams,Democratic,10196.39,9234.35,Advanced,12/31/2018,/oh/candidate/clayton-adams,/oh/race/ohio-house-of-representatives-district-30-12051,False
2018,30,"Republican Party Primary Election May 8, 2018",Bill Seitz,Republican,490823.34,473398.86,Advanced,12/31/2018,/oh/candidate/william-seitz-7262,/oh/race/ohio-house-of-representatives-district-30-12051,True
2018,31,"General Election November 6, 2018",Brigid Kelly,Democratic,201880.54,203937.06,Won,12/31/2018,/oh/candidate/brigid-kelly-14310,/oh/race/ohio-house-of-representatives-district-31-5638,True
2018,31,"Democratic Party Primary Election May 8, 2018",Brigid Kelly,Democratic,201880.54,203937.06,Advanced,12/31/2018,/oh/candidate/brigid-kelly-14310,/oh/race/ohio-house-of-representatives-district-31-5638,True
2018,32,"General Election November 6, 2018",Catherine Ingram,Democratic,35543.67,30717.63,Won,12/31/2018,/oh/candidate/catherine-ingram-13992,/oh/race/ohio-house-of-representatives-district-32-9414,True
2018,32,"General Election November 6, 2018",Marilyn Tunnat,Republican,5540.0,4572.41,Lost,12/31/2018,/oh/candidate/marilyn-tunnat,/oh/race/ohio-house-of-representatives-district-32-9414,False
2018,32,"Democratic Party Primary Election May 8, 2018",Catherine Ingram,Democratic,35543.67,30717.63,Advanced,12/31/2018,/oh/candidate/catherine-ingram-13992,/oh/race/ohio-house-of-representatives-district-32-9414,True
2018,32,"Republican Party Primary Election May 8, 2018",Marilyn Tunnat,Republican,5540.0,4572.41,Advanced,12/31/2018,/oh/candidate/marilyn-tunnat,/oh/race/ohio-house-of-representatives-district-32-9414,False
2018,33,"General Election November 6, 2018",Sedrick Denson,Democratic,64677.0,70505.81,Won,12/31/2018,/oh/candidate/sedrick-denson-14646,/oh/race/ohio-house-of-representatives-district-33-5300,False
2018,33,"General Election November 6, 2018",Judith Boyce,Republican,3815.0,3660.0,Lost,12/31/2018,/oh/candidate/judith-boyce,/oh/race/ohio-house-of-representatives-district-33-5300,False
2018,33,"Democratic Party Primary Election May 8, 2018",Sedrick Denson,Democratic,64677.0,70505.81,Advanced,12/31/2018,/oh/candidate/sedrick-denson-14646,/oh/race/ohio-house-of-representatives-district-33-5300,False
2018,33,"Democratic Party Primary Election May 8, 2018",Kathy Goodwin-Williams,Democratic,5546.13,3953.37,Lost,12/31/2018,/oh/candidate/kathy-goodwin-williams,/oh/race/ohio-house-of-representatives-district-33-5300,False
2018,34,"General Election November 6, 2018",Emilia Sykes,Democratic,229161.1,209600.33,Won,12/31/2018,/oh/candidate/emilia-sykes-13913,/oh/race/ohio-house-of-representatives-district-34-2455,True
2018,34,"General Election November 6, 2018",Josh Sines,Republican,116.0,0.0,Lost,12/31/2018,/oh/candidate/josh-sines,/oh/race/ohio-house-of-representatives-district-34-2455,False
2018,34,"Democratic Party Primary Election May 8, 2018",Emilia Sykes,Democratic,229161.1,209600.33,Advanced,12/31/2018,/oh/candidate/emilia-sykes-13913,/oh/race/ohio-house-of-representatives-district-34-2455,True
2018,34,"Republican Party Primary Election May 8, 2018",Josh Sines,Republican,116.0,0.0,Advanced,12/31/2018,/oh/candidate/josh-sines,/oh/race/ohio-house-of-representatives-district-34-2455,False
2018,35,"General Election November 6, 2018",Tavia Galonski,Democratic,70247.16,58316.54,Won,12/31/2018,/oh/candidate/tavia-galonski-14677,/oh/race/ohio-house-of-representatives-district-35-388,True
2018,35,"General Election November 6, 2018",Osita Obierka,Republican,85.0,0.0,Lost,12/31/2018,/oh/candidate/osita-obierka,/oh/race/ohio-house-of-representatives-district-35-388,False
2018,35,"General Election November 6, 2018",Kevin Fay,Green,0.0,0.0,Lost,12/31/2018,,/oh/race/ohio-house-of-representatives-district-35-388,False
2018,35,"Democratic Party Primary Election May 8, 2018",Tavia Galonski,Democratic,70247.16,58316.54,Advanced,12/31/2018,/oh/candidate/tavia-galonski-14677,/oh/race/ohio-house-of-representatives-district-35-388,True
2018,35,"Green Party Primary Election May 8, 2018",Kevin Fay,Green,0.0,0.0,Advanced,12/31/2018,,/oh/race/ohio-house-of-representatives-district-35-388,False
2018,35,"Republican Party Primary Election May 8, 2018",Osita Obierka,Republican,85.0,0.0,Advanced,12/31/2018,/oh/candidate/osita-obierka,/oh/race/ohio-house-of-representatives-district-35-388,False
2018,36,"General Election November 6, 2018",Anthony DeVitis,Republican,301814.55,233452.27,Won,12/31/2018,/oh/candidate/anthony-devitis-13610,/oh/race/ohio-house-of-representatives-district-36-7580,True
2018,36,"General Election November 6, 2018",Timothy Piatt,Democratic,89103.07,80538.05,Lost,12/31/2018,/oh/candidate/timothy-piatt,/oh/race/ohio-house-of-representatives-district-36-7580,False
2018,36,"Democratic Party Primary Election May 8, 2018",Timothy Piatt,Democratic,89103.07,80538.05,Advanced,12/31/2018,/oh/candidate/timothy-piatt,/oh/race/ohio-house-of-representatives-district-36-7580,False
2018,36,"Democratic Party Primary Election May 8, 2018",John Noah Spinner,Democratic,4182.35,4188.35,Lost,12/31/2018,/oh/candidate/john-spinner-14856,/oh/race/ohio-house-of-representatives-district-36-7580,False
2018,36,"Republican Party Primary Election May 8, 2018",Anthony DeVitis,Republican,301814.55,233452.27,Advanced,12/31/2018,/oh/candidate/anthony-devitis-13610,/oh/race/ohio-house-of-representatives-district-36-7580,True
2018,37,"General Election November 6, 2018",Casey Weinstein,Democratic,410532.73,271340.44,Won,12/31/2018,/oh/candidate/casey-weinstein-14549,/oh/race/ohio-house-of-representatives-district-37-2748,False
2018,37,"General Election November 6, 2018",Mike Rasor,Republican,335398.05,293281.15,Lost,12/31/2018,/oh/candidate/mike-rasor-14795,/oh/race/ohio-house-of-representatives-district-37-2748,False
2018,37,"Democratic Party Primary Election May 8, 2018",Casey Weinstein,Democratic,410532.73,271340.44,Advanced,12/31/2018,/oh/candidate/casey-weinstein-14549,/oh/race/ohio-house-of-representatives-district-37-2748,False
2018,37,"Republican Party Primary Election May 8, 2018",Mike Rasor,Republican,335398.05,293281.15,Advanced,12/31/2018,/oh/candidate/mike-rasor-14795,/oh/race/ohio-house-of-representatives-district-37-2748,False
2018,37,"Republican Party Primary Election May 8, 2018",Craig Shubert,Republican,6520.37,5410.0,Lost,12/31/2018,/oh/candidate/craig-shubert,/oh/race/ohio-house-of-representatives-district-37-2748,False
2018,37,"Republican Party Primary Election May 8, 2018",Dexter Vaughan,Republican,91139.33,103711.47,Lost,12/31/2018,/oh/candidate/dexter-vaughan,/oh/race/ohio-house-of-representatives-district-37-2748,False
2018,38,"General Election November 6, 2018",Bill Roemer,Republican,152606.68,69289.64,Won,12/31/2018,/oh/candidate/bill-roemer-14640,/oh/race/ohio-house-of-representatives-district-38-5247,False
2018,38,"General Election November 6, 2018",Elliot Kolkovich,Democratic,80183.87,62780.01,Lost,12/31/2018,/oh/candidate/elliot-kolkovich-14727,/oh/race/ohio-house-of-representatives-district-38-5247,False
2018,38,"Democratic Party Primary Election May 8, 2018",Elliot Kolkovich,Democratic,80183.87,62780.01,Advanced,12/31/2018,/oh/candidate/elliot-kolkovich-14727,/oh/race/ohio-house-of-representatives-district-38-5247,False
2018,38,"Republican Party Primary Election May 8, 2018",Bill Roemer,Republican,152606.68,69289.64,Advanced,12/31/2018,/oh/candidate/bill-roemer-14640,/oh/race/ohio-house-of-representatives-district-38-5247,False
2018,38,"Republican Party Primary Election May 8, 2018",Marilyn Slaby,Republican,0.47,3347.17,Withdrew,12/31/2018,/oh/candidate/marilyn-slaby,/oh/race/ohio-house-of-representatives-district-38-5247,True
2018,39,"General Election November 6, 2018",Fred Strahorn,Democratic,625469.95,615160.34,Won,12/31/2018,/oh/candidate/fred-strahorn-6662,/oh/race/ohio-house-of-representatives-district-39-7873,True
2018,39,"Democratic Party Primary Election May 8, 2018",Fred Strahorn,Democratic,625469.95,615160.34,Advanced,12/31/2018,/oh/candidate/fred-strahorn-6662,/oh/race/ohio-house-of-representatives-district-39-7873,True
2018,39,"Democratic Party Primary Election May 8, 2018",Walter Hickman,Democratic,0.0,1913.82,Lost,12/31/2018,/oh/candidate/walter-hickman,/oh/race/ohio-house-of-representatives-district-39-7873,False
2018,40,"General Election November 6, 2018",Phil Plummer,Republican,185212.82,137042.46,Won,12/31/2018,/oh/candidate/phil-plummer-14833,/oh/race/ohio-house-of-representatives-district-40-2750,False
2018,40,"General Election November 6, 2018",Ryan Taylor,Democratic,38034.02,33409.55,Lost,12/31/2018,/oh/candidate/ryan-taylor-14937,/oh/race/ohio-house-of-representatives-district-40-2750,False
2018,40,"Democratic Party Primary Election May 8, 2018",Ryan Taylor,Democratic,38034.02,33409.55,Advanced,12/31/2018,/oh/candidate/ryan-taylor-14937,/oh/race/ohio-house-of-representatives-district-40-2750,False
2018,40,"Democratic Party Primary Election May 8, 2018",Albert Griggs,Democratic,0.0,0.0,Lost,12/31/2018,,/oh/race/ohio-house-of-representatives-district-40-2750,False
2018,40,"Republican Party Primary Election May 8, 2018",Phil Plummer,Republican,185212.82,137042.46,Advanced,12/31/2018,/oh/candidate/phil-plummer-14833,/oh/race/ohio-house-of-representatives-district-40-2750,False
2018,41,"General Election November 6, 2018",James Butler,Republican,259944.39,166743.52,Won,12/31/2018,/oh/candidate/jim-butler-13479,/oh/race/ohio-house-of-representatives-district-41-6822,True
2018,41,"General Election November 6, 2018",John Mcmanus,Democratic,94015.14,95813.09,Lost,12/31/2018,/oh/candidate/john-mcmanus-14912,/oh/race/ohio-house-of-representatives-district-41-6822,False
2018,41,"Democratic Party Primary Election May 8, 2018",John Mcmanus,Democratic,94015.14,95813.09,Advanced,12/31/2018,/oh/candidate/john-mcmanus-14912,/oh/race/ohio-house-of-representatives-district-41-6822,False
2018,41,"Republican Party Primary Election May 8, 2018",James Butler,Republican,259944.39,166743.52,Advanced,12/31/2018,/oh/candidate/jim-butler-13479,/oh/race/ohio-house-of-representatives-district-41-6822,True
2018,42,"General Election November 6, 2018",Niraj Antani,Republican,193714.32,101730.39,Won,12/31/2018,/oh/candidate/niraj-antani-14252,/oh/race/ohio-house-of-representatives-district-42-4922,True
2018,42,"General Election November 6, 2018",Zachary Dickerson,Democratic,55781.99,45738.91,Lost,12/31/2018,/oh/candidate/zachary-dickerson-14778,/oh/race/ohio-house-of-representatives-district-42-4922,False
2018,42,"Democratic Party Primary Election May 8, 2018",Zachary Dickerson,Democratic,55781.99,45738.91,Advanced,12/31/2018,/oh/candidate/zachary-dickerson-14778,/oh/race/ohio-house-of-representatives-district-42-4922,False
2018,42,"Democratic Party Primary Election May 8, 2018",Autumn Kerns,Democratic,0.0,0.0,Lost,12/31/2018,,/oh/race/ohio-house-of-representatives-district-42-4922,False
2018,42,"Republican Party Primary Election May 8, 2018",Niraj Antani,Republican,193714.32,101730.39,Advanced,12/31/2018,/oh/candidate/niraj-antani-14252,/oh/race/ohio-house-of-representatives-district-42-4922,True
2018,42,"Republican Party Primary Election May 8, 2018",Sarah Clark,Republican,10800.0,10823.76,Lost,12/31/2018,/oh/candidate/sarah-clark,/oh/race/ohio-house-of-representatives-district-42-4922,False
2018,42,"Republican Party Primary Election May 8, 2018",Marcus Rech,Republican,1626.76,5286.22,Lost,12/31/2018,/oh/candidate/marcus-rech-14626,/oh/race/ohio-house-of-representatives-district-42-4922,False
2018,43,"General Election November 6, 2018",Jeffrey Todd Smith,Republican,95041.88,41323.14,Won,12/31/2018,/oh/candidate/jeffrey-smith-14939,/oh/race/ohio-house-of-representatives-district-43-10051,True
2018,43,"General Election November 6, 2018",Daniel Foley,Democratic,373215.91,158579.55,Lost,12/31/2018,/oh/candidate/daniel-foley,/oh/race/ohio-house-of-representatives-district-43-10051,False
2018,43,"Democratic Party Primary Election May 8, 2018",Daniel Foley,Democratic,373215.91,158579.55,Advanced,12/31/2018,/oh/candidate/daniel-foley,/oh/race/ohio-house-of-representatives-district-43-10051,False
2018,43,"Republican Party Primary Election May 8, 2018",Jeffrey Todd Smith,Republican,95041.88,41323.14,Advanced,12/31/2018,/oh/candidate/jeffrey-smith-14939,/oh/race/ohio-house-of-representatives-district-43-10051,True
2018,43,"Republican Party Primary Election May 8, 2018",Kenneth Henning,Republican,12823.72,12530.76,Lost,12/31/2018,/oh/candidate/kenneth-henning,/oh/race/ohio-house-of-representatives-district-43-10051,False
2018,44,"General Election November 6, 2018",Paula Hicks-Hudson,Democratic,8017.0,5567.21,Won,12/31/2018,/oh/candidate/paula-hicks-hudson-14990,/oh/race/ohio-house-of-representatives-district-44-2746,False
2018,44,"General Election November 6, 2018",Kenneth Cousino,Republican,0.0,0.0,Withdrew,12/31/2018,,/oh/race/ohio-house-of-representatives-district-44-2746,False
2018,44,"Democratic Party Primary Election May 8, 2018",Paula Hicks-Hudson,Democratic,8017.0,5567.21,Advanced,12/31/2018,/oh/candidate/paula-hicks-hudson-14990,/oh/race/ohio-house-of-representatives-district-44-2746,False
2018,44,"Democratic Party Primary Election May 8, 2018",Robert James Worthington,Democratic,2254.35,2028.21,Lost,12/31/2018,/oh/candidate/robert-james-worthington,/oh/race/ohio-house-of-representatives-district-44-2746,False
2018,44,"Republican Party Primary Election May 8, 2018",Kenneth Cousino,Republican,0.0,0.0,Advanced,12/31/2018,,/oh/race/ohio-house-of-representatives-district-44-2746,False
2018,45,"General Election November 6, 2018",Lisa Sobecki,Democratic,20681.38,10021.59,Won,12/31/2018,/oh/candidate/lisa-sobecki-14991,/oh/race/ohio-house-of-representatives-district-45-2634,False
2018,45,"General Election November 6, 2018",David Davenport,Republican,0.0,0.0,Lost,12/31/2018,/oh/candidate/david-davenport,/oh/race/ohio-house-of-representatives-district-45-2634,False
2018,45,"Democratic Party Primary Election May 8, 2018",Lisa Sobecki,Democratic,20681.38,10021.59,Advanced,12/31/2018,/oh/candidate/lisa-sobecki-14991,/oh/race/ohio-house-of-representatives-district-45-2634,False
2018,45,"Democratic Party Primary Election May 8, 2018",Nathaniel Livingston,Democratic,0.0,0.0,Withdrew,12/31/2018,/oh/candidate/nathaniel-livingston,/oh/race/ohio-house-of-representatives-district-45-2634,False
2018,45,"Republican Party Primary Election May 8, 2018",David Davenport,Republican,0.0,0.0,Advanced,12/31/2018,/oh/candidate/david-davenport,/oh/race/ohio-house-of-representatives-district-45-2634,False
2018,46,"General Election November 6, 2018",Michael Sheehy,Democratic,42035.0,40750.44,Won,12/31/2018,/oh/candidate/michael-sheehy-13926,/oh/race/ohio-house-of-representatives-district-46-6521,True
2018,46,"Democratic Party Primary Election May 8, 2018",Michael Sheehy,Democratic,42035.0,40750.44,Advanced,12/31/2018,/oh/candidate/michael-sheehy-13926,/oh/race/ohio-house-of-representatives-district-46-6521,True
2018,46,"Republican Party Primary Election May 8, 2018",Matthew Barry,Republican,0.0,0.0,Disqualified,12/31/2018,,/oh/race/ohio-house-of-representatives-district-46-6521,False
2018,47,"General Election November 6, 2018",Derek Merrin,Republican,173806.01,112410.3,Won,12/31/2018,/oh/candidate/derek-merrin-14395,/oh/race/ohio-house-of-representatives-district-47-9150,True
2018,47,"General Election November 6, 2018",Gary Newnham,Democratic,8165.56,9622.0,Lost,12/31/2018,/oh/candidate/gary-newnham,/oh/race/ohio-house-of-representatives-district-47-9150,False
2018,47,"Democratic Party Primary Election May 8, 2018",Gary Newnham,Democratic,8165.56,9622.0,Advanced,12/31/2018,/oh/candidate/gary-newnham,/oh/race/ohio-house-of-representatives-district-47-9150,False
2018,47,"Republican Party Primary Election May 8, 2018",Derek Merrin,Republican,173806.01,112410.3,Advanced,12/31/2018,/oh/candidate/derek-merrin-14395,/oh/race/ohio-house-of-representatives-district-47-9150,True
2018,47,"Republican Party Primary Election May 8, 2018",Barbara Lang,Republican,71081.9,58710.11,Lost,12/31/2018,/oh/candidate/barbara-lang,/oh/race/ohio-house-of-representatives-district-47-9150,False
2018,48,"General Election November 6, 2018",Scott Oelslager,Republican,312430.16,338174.57,Won,12/31/2018,/oh/candidate/scott-oelslager-250,/oh/race/ohio-house-of-representatives-district-48-2636,False
2018,48,"General Election November 6, 2018",Lorraine Wilburn,Democratic,42789.79,27592.07,Lost,12/31/2018,/oh/candidate/lorraine-wilburn,/oh/race/ohio-house-of-representatives-district-48-2636,False
2018,48,"Democratic Party Primary Election May 8, 2018",Lorraine Wilburn,Democratic,42789.79,27592.07,Advanced,12/31/2018,/oh/candidate/lorraine-wilburn,/oh/race/ohio-house-of-representatives-district-48-2636,False
2018,48,"Republican Party Primary Election May 8, 2018",Scott Oelslager,Republican,312430.16,338174.57,Advanced,12/31/2018,/oh/candidate/scott-oelslager-250,/oh/race/ohio-house-of-representatives-district-48-2636,False
2018,49,"General Election November 6, 2018",Thomas West,Democratic,57728.76,45019.64,Won,12/31/2018,/oh/candidate/thomas-west-11394,/oh/race/ohio-house-of-representatives-district-49-9978,True
2018,49,"General Election November 6, 2018",James Haavisto,Republican,5299.14,12712.42,Lost,12/31/2018,/oh/candidate/james-haavisto,/oh/race/ohio-house-of-representatives-district-49-9978,False
2018,49,"Democratic Party Primary Election May 8, 2018",Thomas West,Democratic,57728.76,45019.64,Advanced,12/31/2018,/oh/candidate/thomas-west-11394,/oh/race/ohio-house-of-representatives-district-49-9978,True
2018,49,"Republican Party Primary Election May 8, 2018",James Haavisto,Republican,5299.14,12712.42,Advanced,12/31/2018,/oh/candidate/james-haavisto,/oh/race/ohio-house-of-representatives-district-49-9978,False
2018,50,"General Election November 6, 2018",Reginald Stoltzfus,Republican,270171.92,137987.72,Won,12/31/2018,/oh/candidate/reginald-stoltzfus-14681,/oh/race/ohio-house-of-representatives-district-50-11834,False
2018,50,"General Election November 6, 2018",Cassie Gabelt,Democratic,20098.41,19165.0,Lost,12/31/2018,/oh/candidate/cassie-gabelt,/oh/race/ohio-house-of-representatives-district-50-11834,False
2018,50,"Democratic Party Primary Election May 8, 2018",Cassie Gabelt,Democratic,20098.41,19165.0,Advanced,12/31/2018,/oh/candidate/cassie-gabelt,/oh/race/ohio-house-of-representatives-district-50-11834,False
2018,50,"Democratic Party Primary Election May 8, 2018",Courtlen Vizzuso,Democratic,865.0,865.0,Withdrew,12/31/2018,/oh/candidate/courtlen-vizzuso,/oh/race/ohio-house-of-representatives-district-50-11834,False
2018,50,"Republican Party Primary Election May 8, 2018",Reginald Stoltzfus,Republican,270171.92,137987.72,Advanced,12/31/2018,/oh/candidate/reginald-stoltzfus-14681,/oh/race/ohio-house-of-representatives-district-50-11834,False
2018,50,"Republican Party Primary Election May 8, 2018",Josh Hagan,Republican,70657.79,27643.72,Lost,12/31/2018,/oh/candidate/josh-hagan,/oh/race/ohio-house-of-representatives-district-50-11834,False
2018,50,"Republican Party Primary Election May 8, 2018",Jacob Urick,Republican,0.0,0.0,Disqualified,12/31/2018,,/oh/race/ohio-house-of-representatives-district-50-11834,False
2018,51,"General Election November 6, 2018",Sara Carruthers,Republican,31219.62,324960.25,Won,12/31/2018,/oh/candidate/sara-carruthers-14864,/oh/race/ohio-house-of-representatives-district-51-1276,False
2018,51,"General Election November 6, 2018",Susan Vaughn,Democratic,19167.96,21305.83,Lost,12/31/2018,/oh/candidate/susan-vaughn,/oh/race/ohio-house-of-representatives-district-51-1276,False
2018,51,"Democratic Party Primary Election May 8, 2018",Susan Vaughn,Democratic,19167.96,21305.83,Advanced,12/31/2018,/oh/candidate/susan-vaughn,/oh/race/ohio-house-of-representatives-district-51-1276,False
2018,51,"Republican Party Primary Election May 8, 2018",Sara Carruthers,Republican,31219.62,324960.25,Advanced,12/31/2018,/oh/candidate/sara-carruthers-14864,/oh/race/ohio-house-of-representatives-district-51-1276,False
2018,51,"Republican Party Primary Election May 8, 2018",Richard Retherford,Republican,45112.17,30553.77,Lost,12/31/2018,/oh/candidate/richard-retherford,/oh/race/ohio-house-of-representatives-district-51-1276,True
2018,51,"Republican Party Primary Election May 8, 2018",Gregory Jolivette,Republican,3075.0,6528.67,Lost,12/31/2018,/oh/candidate/gregory-jolivette,/oh/race/ohio-house-of-representatives-district-51-1276,False
2018,52,"General Election November 6, 2018",George Lang,Republican,351892.65,277474.42,Won,12/31/2018,/oh/candidate/george-lang-14740,/oh/race/ohio-house-of-representatives-district-52-8713,True
2018,52,"General Election November 6, 2018",Kathleen Wyenandt,Democratic,199616.69,155245.99,Lost,12/31/2018,/oh/candidate/kathleen-wyenandt-13601,/oh/race/ohio-house-of-representatives-district-52-8713,False
2018,52,"Democratic Party Primary Election May 8, 2018",Kathleen Wyenandt,Democratic,199616.69,155245.99,Advanced,12/31/2018,/oh/candidate/kathleen-wyenandt-13601,/oh/race/ohio-house-of-representatives-district-52-8713,False
2018,52,"Republican Party Primary Election May 8, 2018",George Lang,Republican,351892.65,277474.42,Advanced,12/31/2018,/oh/candidate/george-lang-14740,/oh/race/ohio-house-of-representatives-district-52-8713,True
2018,53,"General Election November 6, 2018",Candice Keller,Republican,7025.0,8599.37,Won,12/31/2018,/oh/candidate/candice-keller-14381,/oh/race/ohio-house-of-representatives-district-53-11629,True
2018,53,"General Election November 6, 2018",Rebecca Howard,Democratic,23206.17,19559.17,Lost,12/31/2018,/oh/candidate/rebecca-howard,/oh/race/ohio-house-of-representatives-district-53-11629,False
2018,53,"Democratic Party Primary Election May 8, 2018",Rebecca Howard,Democratic,23206.17,19559.17,Advanced,12/31/2018,/oh/candidate/rebecca-howard,/oh/race/ohio-house-of-representatives-district-53-11629,False
2018,53,"Republican Party Primary Election May 8, 2018",Candice Keller,Republican,7025.0,8599.37,Advanced,12/31/2018,/oh/candidate/candice-keller-14381,/oh/race/ohio-house-of-representatives-district-53-11629,True
2018,54,"General Election November 6, 2018",Paul Zeltwanger,Republican,955.34,1424.66,Won,12/31/2018,/oh/candidate/paul-zeltwanger-14081,/oh/race/ohio-house-of-representatives-district-54-384,True
2018,54,"General Election November 6, 2018",Nikki Foster,Democratic,57486.77,39535.69,Lost,12/31/2018,/oh/candidate/nikki-foster,/oh/race/ohio-house-of-representatives-district-54-384,False
2018,54,"Democratic Party Primary Election May 8, 2018",Nikki Foster,Democratic,57486.77,39535.69,Advanced,12/31/2018,/oh/candidate/nikki-foster,/oh/race/ohio-house-of-representatives-district-54-384,False
2018,54,"Republican Party Primary Election May 8, 2018",Paul Zeltwanger,Republican,955.34,1424.66,Advanced,12/31/2018,/oh/candidate/paul-zeltwanger-14081,/oh/race/ohio-house-of-representatives-district-54-384,True
2018,55,"General Election November 6, 2018",Gayle L Manning,Republican,589771.62,434095.35,Won,12/31/2018,/oh/candidate/gayle-manning-13283,/oh/race/ohio-house-of-representatives-district-55-7552,False
2018,55,"General Election November 6, 2018",Kelly Kraus Mencke,Democratic,1200.0,1513.64,Lost,12/31/2018,/oh/candidate/kelly-kraus-mencke,/oh/race/ohio-house-of-representatives-district-55-7552,False
2018,55,"General Election November 6, 2018",William Fichtel,Libertarian,461.75,461.75,Lost,12/31/2018,/oh/candidate/william-fichtel,/oh/race/ohio-house-of-representatives-district-55-7552,False
2018,55,"Democratic Party Primary Election May 8, 2018",Kelly Kraus Mencke,Democratic,1200.0,1513.64,Advanced,12/31/2018,/oh/candidate/kelly-kraus-mencke,/oh/race/ohio-house-of-representatives-district-55-7552,False
2018,55,"Green Party Primary Election May 8, 2018",Andrew Smith,Green,0.0,0.0,Disqualified,12/31/2018,/oh/candidate/andrew-smith,/oh/race/ohio-house-of-representatives-district-55-7552,False
2018,55,"Republican Party Primary Election May 8, 2018",Gayle L Manning,Republican,589771.62,434095.35,Advanced,12/31/2018,/oh/candidate/gayle-manning-13283,/oh/race/ohio-house-of-representatives-district-55-7552,False
2018,56,"General Election November 6, 2018",Joseph A Miller III,Democratic,50825.45,46276.83,Won,12/31/2018,/oh/candidate/joseph-miller-14808,/oh/race/ohio-house-of-representatives-district-56-6352,False
2018,56,"General Election November 6, 2018",Robert Weber,Republican,29454.29,38947.18,Lost,12/31/2018,/oh/candidate/robert-weber,/oh/race/ohio-house-of-representatives-district-56-6352,False
2018,56,"Democratic Party Primary Election May 8, 2018",Joseph A Miller III,Democratic,50825.45,46276.83,Advanced,12/31/2018,/oh/candidate/joseph-miller-14808,/oh/race/ohio-house-of-representatives-district-56-6352,False
2018,56,"Democratic Party Primary Election May 8, 2018",Mark Ballard II,Democratic,100.0,0.0,Lost,12/31/2018,/oh/candidate/mark-ballard-ii,/oh/race/ohio-house-of-representatives-district-56-6352,False
2018,56,"Democratic Party Primary Election May 8, 2018",Claudia Olaes,Democratic,21606.25,21521.17,Lost,12/31/2018,/oh/candidate/claudia-olaes,/oh/race/ohio-house-of-representatives-district-56-6352,False
2018,56,"Democratic Party Primary Election May 8, 2018",Cory Shawver,Democratic,45180.18,44550.97,Lost,12/31/2018,/oh/candidate/cory-shawver-14647,/oh/race/ohio-house-of-representatives-district-56-6352,False
2018,56,"Republican Party Primary Election May 8, 2018",Robert Weber,Republican,29454.29,38947.18,Advanced,12/31/2018,/oh/candidate/robert-weber,/oh/race/ohio-house-of-representatives-district-56-6352,False
2018,57,"General Election November 6, 2018",Dick Stein,Republican,111927.85,71334.07,Won,12/31/2018,/oh/candidate/richard-stein-14443,/oh/race/ohio-house-of-representatives-district-57-6236,True
2018,57,"General Election November 6, 2018",James Johnson,Democratic,7833.49,7314.0,Lost,12/31/2018,/oh/candidate/james-johnson,/oh/race/ohio-house-of-representatives-district-57-6236,False
2018,57,"Democratic Party Primary Election May 8, 2018",James Johnson,Democratic,7833.49,7314.0,Advanced,12/31/2018,/oh/candidate/james-johnson,/oh/race/ohio-house-of-representatives-district-57-6236,False
2018,57,"Republican Party Primary Election May 8, 2018",Dick Stein,Republican,111927.85,71334.07,Advanced,12/31/2018,/oh/candidate/richard-stein-14443,/oh/race/ohio-house-of-representatives-district-57-6236,True
2018,58,"General Election November 6, 2018",Michele Lepore Hagan,Democratic,94396.62,76875.44,Won,12/31/2018,/oh/candidate/michele-lepore-hagan-13931,/oh/race/ohio-house-of-representatives-district-58-6070,True
2018,58,"General Election November 6, 2018",David Simon,Republican,7328.0,4770.0,Lost,12/31/2018,/oh/candidate/david-simon,/oh/race/ohio-house-of-representatives-district-58-6070,False
2018,58,"Democratic Party Primary Election May 8, 2018",Michele Lepore Hagan,Democratic,94396.62,76875.44,Advanced,12/31/2018,/oh/candidate/michele-lepore-hagan-13931,/oh/race/ohio-house-of-representatives-district-58-6070,True
2018,58,"Republican Party Primary Election May 8, 2018",David Simon,Republican,7328.0,4770.0,Advanced,12/31/2018,/oh/candidate/david-simon,/oh/race/ohio-house-of-representatives-district-58-6070,False
2018,59,"General Election November 6, 2018",Don Manning,Republican,70430.1,16411.71,Won,12/31/2018,/oh/candidate/don-manning-14433,/oh/race/ohio-house-of-representatives-district-59-4341,False
2018,59,"General Election November 6, 2018",Eric C Ungaro,Democratic,88513.71,65119.02,Lost,12/31/2018,/oh/candidate/eric-c-ungaro,/oh/race/ohio-house-of-representatives-district-59-4341,False
2018,59,"Democratic Party Primary Election May 8, 2018",Eric C Ungaro,Democratic,88513.71,65119.02,Advanced,12/31/2018,/oh/candidate/eric-c-ungaro,/oh/race/ohio-house-of-representatives-district-59-4341,False
2018,59,"Democratic Party Primary Election May 8, 2018",Larry Moliterno,Democratic,18281.97,19775.86,Lost,12/31/2018,/oh/candidate/larry-moliterno,/oh/race/ohio-house-of-representatives-district-59-4341,False
2018,59,"Republican Party Primary Election May 8, 2018",Don Manning,Republican,70430.1,16411.71,Advanced,12/31/2018,/oh/candidate/don-manning-14433,/oh/race/ohio-house-of-representatives-district-59-4341,False
2018,60,"General Election November 6, 2018",John Rogers,Democratic,156833.54,117449.31,Won,12/31/2018,/oh/candidate/john-rogers-13807,/oh/race/ohio-house-of-representatives-district-60-7303,True
2018,60,"General Election November 6, 2018",Mike Zuren,Republican,2183.79,8206.87,Lost,12/31/2018,/oh/candidate/mike-zuren,/oh/race/ohio-house-of-representatives-district-60-7303,False
2018,60,"Democratic Party Primary Election May 8, 2018",John Rogers,Democratic,156833.54,117449.31,Advanced,12/31/2018,/oh/candidate/john-rogers-13807,/oh/race/ohio-house-of-representatives-district-60-7303,True
2018,61,"General Election November 6, 2018",Jamie Callender,Republican,242239.79,224293.62,Won,12/31/2018,/oh/candidate/jamie-callender-433,/oh/race/ohio-house-of-representatives-district-61-2743,False
2018,61,"General Election November 6, 2018",Rick Walker,Democratic,1431.83,409.27,Lost,12/31/2018,/oh/candidate/rick-walker,/oh/race/ohio-house-of-representatives-district-61-2743,False
2018,61,"Democratic Party Primary Election May 8, 2018",Rick Walker,Democratic,1431.83,409.27,Advanced,12/31/2018,/oh/candidate/rick-walker,/oh/race/ohio-house-of-representatives-district-61-2743,False
2018,61,"Republican Party Primary Election May 8, 2018",Jamie Callender,Republican,242239.79,224293.62,Advanced,12/31/2018,/oh/candidate/jamie-callender-433,/oh/race/ohio-house-of-representatives-district-61-2743,False
2018,61,"Republican Party Primary Election May 8, 2018",John T Plecnik,Republican,166443.57,58346.95,Lost,12/31/2018,/oh/candidate/john-t-plecnik,/oh/race/ohio-house-of-representatives-district-61-2743,False
2018,62,"General Election November 6, 2018",Scott Lipps,Republican,236007.78,162850.74,Won,12/31/2018,/oh/candidate/p-lipps-14303,/oh/race/ohio-house-of-representatives-district-62-6919,True
2018,62,"General Election November 6, 2018",Jim Staton,Democratic,3096.0,2554.54,Lost,12/31/2018,/oh/candidate/jim-staton,/oh/race/ohio-house-of-representatives-district-62-6919,False
2018,62,"Democratic Party Primary Election May 8, 2018",Jim Staton,Democratic,3096.0,2554.54,Advanced,12/31/2018,/oh/candidate/jim-staton,/oh/race/ohio-house-of-representatives-district-62-6919,False
2018,62,"Republican Party Primary Election May 8, 2018",Scott Lipps,Republican,236007.78,162850.74,Advanced,12/31/2018,/oh/candidate/p-lipps-14303,/oh/race/ohio-house-of-representatives-district-62-6919,True
2018,62,"Republican Party Primary Election May 8, 2018",Daniel Kroger,Republican,5753.9,4027.05,Lost,12/31/2018,/oh/candidate/daniel-kroger-14891,/oh/race/ohio-house-of-representatives-district-62-6919,False
2018,63,"General Election November 6, 2018",Glenn Holmes,Democratic,85731.0,65934.43,Won,12/31/2018,/oh/candidate/glenn-holmes,/oh/race/ohio-house-of-representatives-district-63-5738,True
2018,63,"General Election November 6, 2018",James Hughes,Republican,205204.51,279264.7,Lost,12/31/2018,/oh/candidate/james-hughes,/oh/race/ohio-house-of-representatives-district-63-5738,False
2018,63,"Democratic Party Primary Election May 8, 2018",Glenn Holmes,Democratic,85731.0,65934.43,Advanced,12/31/2018,/oh/candidate/glenn-holmes,/oh/race/ohio-house-of-representatives-district-63-5738,True
2018,63,"Republican Party Primary Election May 8, 2018",James Hughes,Republican,205204.51,279264.7,Advanced,12/31/2018,/oh/candidate/james-hughes,/oh/race/ohio-house-of-representatives-district-63-5738,False
2018,64,"General Election November 6, 2018",Michael O'Brien,Democratic,83412.43,57751.84,Won,12/31/2018,/oh/candidate/michael-obrien-13993,/oh/race/ohio-house-of-representatives-district-64-2179,True
2018,64,"General Election November 6, 2018",Martha Yoder,Republican,36442.0,38551.29,Lost,12/31/2018,/oh/candidate/martha-yoder-14487,/oh/race/ohio-house-of-representatives-district-64-2179,False
2018,64,"Democratic Party Primary Election May 8, 2018",Michael O'Brien,Democratic,83412.43,57751.84,Advanced,12/31/2018,/oh/candidate/michael-obrien-13993,/oh/race/ohio-house-of-representatives-district-64-2179,True
2018,64,"Republican Party Primary Election May 8, 2018",Martha Yoder,Republican,36442.0,38551.29,Advanced,12/31/2018,/oh/candidate/martha-yoder-14487,/oh/race/ohio-house-of-representatives-district-64-2179,False
2018,64,"Republican Party Primary Election May 8, 2018",Randy Law,Republican,1291.21,306.79,Lost,12/31/2018,/oh/candidate/randy-law,/oh/race/ohio-house-of-representatives-district-64-2179,False
2018,65,"General Election November 6, 2018",John Becker,Republican,106306.17,61318.37,Won,12/31/2018,/oh/candidate/john-becker,/oh/race/ohio-house-of-representatives-district-65-11667,True
2018,65,"General Election November 6, 2018",Patricia Lawrence,Democratic,19760.58,10217.47,Lost,12/31/2018,/oh/candidate/patricia-lawrence-14961,/oh/race/ohio-house-of-representatives-district-65-11667,False
2018,65,"Democratic Party Primary Election May 8, 2018",Patricia Lawrence,Democratic,19760.58,10217.47,Advanced,12/31/2018,/oh/candidate/patricia-lawrence-14961,/oh/race/ohio-house-of-representatives-district-65-11667,False
2018,65,"Republican Party Primary Election May 8, 2018",John Becker,Republican,106306.17,61318.37,Advanced,12/31/2018,/oh/candidate/john-becker,/oh/race/ohio-house-of-representatives-district-65-11667,True
2018,65,"Republican Party Primary Election May 8, 2018",Erin Neace,Republican,8570.0,9384.64,Lost,12/31/2018,/oh/candidate/erin-neace,/oh/race/ohio-house-of-representatives-district-65-11667,False
2018,66,"General Election November 6, 2018",Doug,Republican,0.0,0.0,Won,12/31/2018,,/oh/race/ohio-house-of-representatives-district-66-12829,True
2018,66,"General Election November 6, 2018",Jeff Richards,Democratic,8847.97,7675.06,Lost,12/31/2018,/oh/candidate/jeff-richards,/oh/race/ohio-house-of-representatives-district-66-12829,False
2018,66,"Democratic Party Primary Election May 8, 2018",Jeff Richards,Democratic,8847.97,7675.06,Advanced,12/31/2018,/oh/candidate/jeff-richards,/oh/race/ohio-house-of-representatives-district-66-12829,False
2018,66,"Democratic Party Primary Election May 8, 2018",Brian Flick,Democratic,4535.0,4263.29,Lost,12/31/2018,/oh/candidate/brian-flick-14846,/oh/race/ohio-house-of-representatives-district-66-12829,False
2018,66,"Republican Party Primary Election May 8, 2018",Doug,Republican,0.0,0.0,Advanced,12/31/2018,,/oh/race/ohio-house-of-representatives-district-66-12829,True
2018,67,"General Election November 6, 2018",Kris Jordan,Republican,200965.5,152404.13,Won,12/31/2018,/oh/candidate/kris-jordan-12136,/oh/race/ohio-house-of-representatives-district-67-2343,False
2018,67,"General Election November 6, 2018",Cory Hoffman,Democratic,6207.35,10223.88,Lost,12/31/2018,/oh/candidate/cory-hoffman,/oh/race/ohio-house-of-representatives-district-67-2343,False
2018,67,"Democratic Party Primary Election May 8, 2018",Cory Hoffman,Democratic,6207.35,10223.88,Advanced,12/31/2018,/oh/candidate/cory-hoffman,/oh/race/ohio-house-of-representatives-district-67-2343,False
2018,67,"Republican Party Primary Election May 8, 2018",Kris Jordan,Republican,200965.5,152404.13,Advanced,12/31/2018,/oh/candidate/kris-jordan-12136,/oh/race/ohio-house-of-representatives-district-67-2343,False
2018,67,"Republican Party Primary Election May 8, 2018",Brian Lorenz,Republican,32010.92,30439.66,Lost,12/31/2018,/oh/candidate/brian-lorenz-14770,/oh/race/ohio-house-of-representatives-district-67-2343,False
2018,67,"Republican Party Primary Election May 8, 2018",Denise Martin,Republican,0.0,0.0,Lost,12/31/2018,,/oh/race/ohio-house-of-representatives-district-67-2343,False
2018,68,"General Election November 6, 2018",Rick Carfagna,Republican,234965.02,179002.04,Won,12/31/2018,/oh/candidate/rick-carfagna-14355,/oh/race/ohio-house-of-representatives-district-68-3386,True
2018,68,"General Election November 6, 2018",Kathleen Tate,Democratic,4949.54,786.89,Lost,12/31/2018,/oh/candidate/kathleen-tate-14993,/oh/race/ohio-house-of-representatives-district-68-3386,False
2018,68,"General Election November 6, 2018",Patrick Glasgow,Libertarian,705.48,455.42,Lost,12/31/2018,/oh/candidate/patrick-glasgow-14994,/oh/race/ohio-house-of-representatives-district-68-3386,False
2018,68,"Democratic Party Primary Election May 8, 2018",Kathleen Tate,Democratic,4949.54,786.89,Advanced,12/31/2018,/oh/candidate/kathleen-tate-14993,/oh/race/ohio-house-of-representatives-district-68-3386,False
2018,68,"Republican Party Primary Election May 8, 2018",Rick Carfagna,Republican,234965.02,179002.04,Advanced,12/31/2018,/oh/candidate/rick-carfagna-14355,/oh/race/ohio-house-of-representatives-district-68-3386,True
2018,69,"General Election November 6, 2018",Steve Hambley,Republican,96351.6,83719.18,Won,12/31/2018,/oh/candidate/steve-hambley,/oh/race/ohio-house-of-representatives-district-69-3299,True
2018,69,"General Election November 6, 2018",Carol Brenstuhl,Democratic,4250.94,3934.87,Lost,12/31/2018,/oh/candidate/carol-brenstuhl,/oh/race/ohio-house-of-representatives-district-69-3299,False
2018,69,"Democratic Party Primary Election May 8, 2018",Carol Brenstuhl,Democratic,4250.94,3934.87,Advanced,12/31/2018,/oh/candidate/carol-brenstuhl,/oh/race/ohio-house-of-representatives-district-69-3299,False
2018,69,"Republican Party Primary Election May 8, 2018",Steve Hambley,Republican,96351.6,83719.18,Advanced,12/31/2018,/oh/candidate/steve-hambley,/oh/race/ohio-house-of-representatives-district-69-3299,True
2018,70,"General Election November 6, 2018",Darrell Kick,Republican,48906.02,47880.18,Won,12/31/2018,/oh/candidate/darrell-kick-14458,/oh/race/ohio-house-of-representatives-district-70-12216,True
2018,70,"General Election November 6, 2018",Steve Johnson,Democratic,10836.79,18423.82,Lost,12/31/2018,/oh/candidate/steve-johnson-13611,/oh/race/ohio-house-of-representatives-district-70-12216,False
2018,70,"Democratic Party Primary Election May 8, 2018",Steve Johnson,Democratic,10836.79,18423.82,Advanced,12/31/2018,/oh/candidate/steve-johnson-13611,/oh/race/ohio-house-of-representatives-district-70-12216,False
2018,70,"Republican Party Primary Election May 8, 2018",Darrell Kick,Republican,48906.02,47880.18,Advanced,12/31/2018,/oh/candidate/darrell-kick-14458,/oh/race/ohio-house-of-representatives-district-70-12216,True
2018,71,"General Election November 6, 2018",Scott Ryan,Republican,372316.11,346081.02,Won,12/31/2018,/oh/candidate/scott-ryan-13879,/oh/race/ohio-house-of-representatives-district-71-1359,True
2018,71,"General Election November 6, 2018",Jeremy Eugene Blake,Democratic,28052.49,26018.84,Lost,12/31/2018,/oh/candidate/jeremy-eugene-blake,/oh/race/ohio-house-of-representatives-district-71-1359,False
2018,71,"Democratic Party Primary Election May 8, 2018",Jeremy Eugene Blake,Democratic,28052.49,26018.84,Advanced,12/31/2018,/oh/candidate/jeremy-eugene-blake,/oh/race/ohio-house-of-representatives-district-71-1359,False
2018,71,"Republican Party Primary Election May 8, 2018",Scott Ryan,Republican,372316.11,346081.02,Advanced,12/31/2018,/oh/candidate/scott-ryan-13879,/oh/race/ohio-house-of-representatives-district-71-1359,True
2018,72,"General Election November 6, 2018",Larry Householder,Republican,1714845.44,1646051.0,Won,12/31/2018,/oh/candidate/larry-householder-409,/oh/race/ohio-house-of-representatives-district-72-3927,True
2018,72,"General Election November 6, 2018",Tyler Shipley,Democratic,2416.09,2115.09,Lost,12/31/2018,/oh/candidate/tyler-shipley,/oh/race/ohio-house-of-representatives-district-72-3927,False
2018,72,"Democratic Party Primary Election May 8, 2018",Tyler Shipley,Democratic,2416.09,2115.09,Advanced,12/31/2018,/oh/candidate/tyler-shipley,/oh/race/ohio-house-of-representatives-district-72-3927,False
2018,72,"Republican Party Primary Election May 8, 2018",Larry Householder,Republican,1714845.44,1646051.0,Advanced,12/31/2018,/oh/candidate/larry-householder-409,/oh/race/ohio-house-of-representatives-district-72-3927,True
2018,72,"Republican Party Primary Election May 8, 2018",Kevin Black,Republican,21070.84,18420.03,Lost,12/31/2018,/oh/candidate/kevin-black,/oh/race/ohio-house-of-representatives-district-72-3927,False
2018,73,"General Election November 6, 2018",Richard Perales,Republican,199034.2,155793.65,Won,12/31/2018,/oh/candidate/richard-perales-13698,/oh/race/ohio-house-of-representatives-district-73-5314,True
2018,73,"General Election November 6, 2018",Kim Mccarthy,Democratic,61335.16,53449.63,Lost,12/31/2018,/oh/candidate/kim-mccarthy-14809,/oh/race/ohio-house-of-representatives-district-73-5314,False
2018,73,"Democratic Party Primary Election May 8, 2018",Kim Mccarthy,Democratic,61335.16,53449.63,Advanced,12/31/2018,/oh/candidate/kim-mccarthy-14809,/oh/race/ohio-house-of-representatives-district-73-5314,False
2018,73,"Republican Party Primary Election May 8, 2018",Richard Perales,Republican,199034.2,155793.65,Advanced,12/31/2018,/oh/candidate/richard-perales-13698,/oh/race/ohio-house-of-representatives-district-73-5314,True
2018,73,"Republican Party Primary Election May 8, 2018",Jocelyn Smith,Republican,150.0,0.0,Lost,12/31/2018,/oh/candidate/jocelyn-smith,/oh/race/ohio-house-of-representatives-district-73-5314,False
2018,74,"General Election November 6, 2018",Bill Dean,Republican,27003.0,13040.73,Won,12/31/2018,/oh/candidate/william-dean-14494,/oh/race/ohio-house-of-representatives-district-74-8028,True
2018,74,"General Election November 6, 2018",Anne Gorman,Democratic,48201.48,32541.43,Lost,12/31/2018,/oh/candidate/anne-gorman,/oh/race/ohio-house-of-representatives-district-74-8028,False
2018,74,"Democratic Party Primary Election May 8, 2018",Anne Gorman,Democratic,48201.48,32541.43,Advanced,12/31/2018,/oh/candidate/anne-gorman,/oh/race/ohio-house-of-representatives-district-74-8028,False
2018,74,"Democratic Party Primary Election May 8, 2018",Steve Key,Democratic,0.0,0.0,Withdrew,12/31/2018,/oh/candidate/steve-key,/oh/race/ohio-house-of-representatives-district-74-8028,False
2018,74,"Republican Party Primary Election May 8, 2018",Bill Dean,Republican,27003.0,13040.73,Advanced,12/31/2018,/oh/candidate/william-dean-14494,/oh/race/ohio-house-of-representatives-district-74-8028,True
2018,75,"General Election November 6, 2018",Randi Clites,Democratic,191121.09,89773.88,Won,12/31/2018,/oh/candidate/randi-clites-14731,/oh/race/ohio-house-of-representatives-district-75-6354,False
2018,75,"General Election November 6, 2018",Jim Lutz,Republican,42677.83,5576.72,Lost,12/31/2018,/oh/candidate/jim-lutz-14460,/oh/race/ohio-house-of-representatives-district-75-6354,False
2018,75,"Democratic Party Primary Election May 8, 2018",Randi Clites,Democratic,191121.09,89773.88,Advanced,12/31/2018,/oh/candidate/randi-clites-14731,/oh/race/ohio-house-of-representatives-district-75-6354,False
2018,75,"Democratic Party Primary Election May 8, 2018",Denise Baba,Democratic,1755.66,4024.34,Lost,12/31/2018,/oh/candidate/denise-baba,/oh/race/ohio-house-of-representatives-district-75-6354,False
2018,75,"Democratic Party Primary Election May 8, 2018",Alice Freitas,Democratic,0.0,0.0,Lost,12/31/2018,,/oh/race/ohio-house-of-representatives-district-75-6354,False
2018,75,"Republican Party Primary Election May 8, 2018",Jim Lutz,Republican,42677.83,5576.72,Advanced,12/31/2018,/oh/candidate/jim-lutz-14460,/oh/race/ohio-house-of-representatives-district-75-6354,False
2018,76,"General Election November 6, 2018",Sarah LaTourette,Republican,310418.33,296508.16,Won,12/31/2018,/oh/candidate/sarah-latourette-14026,/oh/race/ohio-house-of-representatives-district-76-237,True
2018,76,"General Election November 6, 2018",John Kennedy,Democratic,16437.06,15580.31,Lost,12/31/2018,/oh/candidate/john-kennedy,/oh/race/ohio-house-of-representatives-district-76-237,False
2018,76,"Democratic Party Primary Election May 8, 2018",John Kennedy,Democratic,16437.06,15580.31,Advanced,12/31/2018,/oh/candidate/john-kennedy,/oh/race/ohio-house-of-representatives-district-76-237,False
2018,76,"Republican Party Primary Election May 8, 2018",Sarah LaTourette,Republican,310418.33,296508.16,Advanced,12/31/2018,/oh/candidate/sarah-latourette-14026,/oh/race/ohio-house-of-representatives-district-76-237,True
2018,77,"General Election November 6, 2018",Tim Schaffer,Republican,157495.62,106870.36,Won,12/31/2018,/oh/candidate/tim-schaffer-7125,/oh/race/ohio-house-of-representatives-district-77-1425,True
2018,77,"General Election November 6, 2018",Brett Pransky,Democratic,14487.18,13236.74,Lost,12/31/2018,/oh/candidate/brett-pransky,/oh/race/ohio-house-of-representatives-district-77-1425,False
2018,77,"General Election November 6, 2018",Kryssi Wichers,Libertarian,4837.13,2517.22,Lost,12/31/2018,/oh/candidate/kryssi-wichers,/oh/race/ohio-house-of-representatives-district-77-1425,False
2018,77,"Democratic Party Primary Election May 8, 2018",Brett Pransky,Democratic,14487.18,13236.74,Advanced,12/31/2018,/oh/candidate/brett-pransky,/oh/race/ohio-house-of-representatives-district-77-1425,False
2018,77,"Republican Party Primary Election May 8, 2018",Tim Schaffer,Republican,157495.62,106870.36,Advanced,12/31/2018,/oh/candidate/tim-schaffer-7125,/oh/race/ohio-house-of-representatives-district-77-1425,True
2018,78,"General Election November 6, 2018",Ronald Hood,Republican,220460.41,94689.99,Won,12/31/2018,/oh/candidate/ronald-hood-251,/oh/race/ohio-house-of-representatives-district-78-16094,True
2018,78,"General Election November 6, 2018",Amber Daniels,Democratic,16632.97,10802.7,Lost,12/31/2018,/oh/candidate/amber-daniels-14883,/oh/race/ohio-house-of-representatives-district-78-16094,False
2018,78,"Democratic Party Primary Election May 8, 2018",Amber Daniels,Democratic,16632.97,10802.7,Advanced,12/31/2018,/oh/candidate/amber-daniels-14883,/oh/race/ohio-house-of-representatives-district-78-16094,False
2018,78,"Democratic Party Primary Election May 8, 2018",Bruce Johnson,Democratic,0.0,0.0,Withdrew,12/31/2018,,/oh/race/ohio-house-of-representatives-district-78-16094,False
2018,78,"Republican Party Primary Election May 8, 2018",Ronald Hood,Republican,220460.41,94689.99,Advanced,12/31/2018,/oh/candidate/ronald-hood-251,/oh/race/ohio-house-of-representatives-district-78-16094,True
2018,78,"Republican Party Primary Election May 8, 2018",Austin Reid,Republican,0.0,0.0,Lost,12/31/2018,/oh/candidate/austin-reid,/oh/race/ohio-house-of-representatives-district-78-16094,False
2018,78,"Republican Party Primary Election May 8, 2018",Andrew Smigelski,Republican,150.0,50.0,Lost,12/31/2018,/oh/candidate/andrew-smigelski,/oh/race/ohio-house-of-representatives-district-78-16094,False
2018,79,"General Election November 6, 2018",Jerome Kyle Koehler,Republican,333643.0,82552.71,Won,12/31/2018,/oh/candidate/jerome-koehler-13869,/oh/race/ohio-house-of-representatives-district-79-1581,True
2018,79,"General Election November 6, 2018",Amanda Finfrock,Democratic,23525.81,17315.47,Lost,12/31/2018,/oh/candidate/amanda-finfrock-14997,/oh/race/ohio-house-of-representatives-district-79-1581,False
2018,79,"Democratic Party Primary Election May 8, 2018",Amanda Finfrock,Democratic,23525.81,17315.47,Advanced,12/31/2018,/oh/candidate/amanda-finfrock-14997,/oh/race/ohio-house-of-representatives-district-79-1581,False
2018,79,"Republican Party Primary Election May 8, 2018",Jerome Kyle Koehler,Republican,333643.0,82552.71,Advanced,12/31/2018,/oh/candidate/jerome-koehler-13869,/oh/race/ohio-house-of-representatives-district-79-1581,True
2018,80,"General Election November 6, 2018",Jena Powell,Republican,185793.65,184523.4,Won,12/31/2018,/oh/candidate/jena-powell-14860,/oh/race/ohio-house-of-representatives-district-80-4579,False
2018,80,"General Election November 6, 2018",D J Byrnes,Democratic,56925.89,54644.02,Lost,12/31/2018,/oh/candidate/d-j-byrnes,/oh/race/ohio-house-of-representatives-district-80-4579,False
2018,80,"Republican Party Primary Election May 8, 2018",Jena Powell,Republican,185793.65,184523.4,Advanced,12/31/2018,/oh/candidate/jena-powell-14860,/oh/race/ohio-house-of-representatives-district-80-4579,False
2018,80,"Republican Party Primary Election May 8, 2018",George Lovett,Republican,14235.18,132947.56,Lost,12/31/2018,/oh/candidate/george-lovett,/oh/race/ohio-house-of-representatives-district-80-4579,False
2018,80,"Republican Party Primary Election May 8, 2018",John O'Brien,Republican,126891.66,69090.25,Lost,12/31/2018,/oh/candidate/john-obrien,/oh/race/ohio-house-of-representatives-district-80-4579,False
2018,80,"Republican Party Primary Election May 8, 2018",Jd Winteregg,Republican,50058.83,46651.28,Lost,12/31/2018,/oh/candidate/jd-winteregg,/oh/race/ohio-house-of-representatives-district-80-4579,False
2018,81,"General Election November 6, 2018",James Hoops,Republican,129970.71,61661.37,Won,12/31/2018,/oh/candidate/james-hoops-568,/oh/race/ohio-house-of-representatives-district-81-2416,True
2018,81,"General Election November 6, 2018",Janet Breneman,Democratic,2021.5,2032.67,Lost,12/31/2018,/oh/candidate/janet-breneman-14430,/oh/race/ohio-house-of-representatives-district-81-2416,False
2018,81,"Democratic Party Primary Election May 8, 2018",Janet Breneman,Democratic,2021.5,2032.67,Advanced,12/31/2018,/oh/candidate/janet-breneman-14430,/oh/race/ohio-house-of-representatives-district-81-2416,False
2018,81,"Republican Party Primary Election May 8, 2018",James Hoops,Republican,129970.71,61661.37,Advanced,12/31/2018,/oh/candidate/james-hoops-568,/oh/race/ohio-house-of-representatives-district-81-2416,True
2018,81,"Republican Party Primary Election May 8, 2018",Thomas Liebrecht,Republican,9498.38,4350.0,Lost,12/31/2018,/oh/candidate/thomas-liebrecht,/oh/race/ohio-house-of-representatives-district-81-2416,False
2018,82,"General Election November 6, 2018",Craig Riedel,Republican,172445.89,152274.2,Won,12/31/2018,/oh/candidate/craig-riedel-14489,/oh/race/ohio-house-of-representatives-district-82-12219,True
2018,82,"General Election November 6, 2018",Aden Baker,Democratic,4325.98,3582.22,Lost,12/31/2018,/oh/candidate/aden-baker-14730,/oh/race/ohio-house-of-representatives-district-82-12219,False
2018,82,"Democratic Party Primary Election May 8, 2018",Aden Baker,Democratic,4325.98,3582.22,Advanced,12/31/2018,/oh/candidate/aden-baker-14730,/oh/race/ohio-house-of-representatives-district-82-12219,False
2018,82,"Republican Party Primary Election May 8, 2018",Craig Riedel,Republican,172445.89,152274.2,Advanced,12/31/2018,/oh/candidate/craig-riedel-14489,/oh/race/ohio-house-of-representatives-district-82-12219,True
2018,83,"General Election November 6, 2018",Jon Cross,Republican,362603.76,365144.36,Won,12/31/2018,/oh/candidate/jon-cross-14627,/oh/race/ohio-house-of-representatives-district-83-3463,False
2018,83,"General Election November 6, 2018",Mary Harshfield,Democratic,0.0,96.8,Lost,12/31/2018,/oh/candidate/mary-harshfield,/oh/race/ohio-house-of-representatives-district-83-3463,False
2018,83,"Democratic Party Primary Election May 8, 2018",Ashley Philipp,Democratic,0.0,0.0,Disqualified,12/31/2018,,/oh/race/ohio-house-of-representatives-district-83-3463,False
2018,83,"Republican Party Primary Election May 8, 2018",Jon Cross,Republican,362603.76,365144.36,Advanced,12/31/2018,/oh/candidate/jon-cross-14627,/oh/race/ohio-house-of-representatives-district-83-3463,False
2018,83,"Republican Party Primary Election May 8, 2018",Cheryl Buckland,Republican,121256.01,64942.0,Lost,12/31/2018,/oh/candidate/cheryl-buckland,/oh/race/ohio-house-of-representatives-district-83-3463,False
2018,84,"General Election November 6, 2018",Susan Manchester,Republican,192931.87,124108.03,Won,12/31/2018,/oh/candidate/susan-manchester-14693,/oh/race/ohio-house-of-representatives-district-84-11588,False
2018,84,"General Election November 6, 2018",Joseph Monbeck,Democratic,3523.53,2911.64,Lost,12/31/2018,/oh/candidate/joseph-monbeck,/oh/race/ohio-house-of-representatives-district-84-11588,False
2018,84,"Democratic Party Primary Election May 8, 2018",Joseph Monbeck,Democratic,3523.53,2911.64,Advanced,12/31/2018,/oh/candidate/joseph-monbeck,/oh/race/ohio-house-of-representatives-district-84-11588,False
2018,84,"Republican Party Primary Election May 8, 2018",Susan Manchester,Republican,192931.87,124108.03,Advanced,12/31/2018,/oh/candidate/susan-manchester-14693,/oh/race/ohio-house-of-representatives-district-84-11588,False
2018,84,"Republican Party Primary Election May 8, 2018",Travis Faber,Republican,78779.8,122729.37,Lost,12/31/2018,/oh/candidate/travis-faber,/oh/race/ohio-house-of-representatives-district-84-11588,False
2018,84,"Republican Party Primary Election May 8, 2018",Aaron Heilers,Republican,46738.55,54377.21,Lost,12/31/2018,/oh/candidate/aaron-heilers,/oh/race/ohio-house-of-representatives-district-84-11588,False
2018,85,"General Election November 6, 2018",Nino Vitale,Republican,63529.79,64994.93,Won,12/31/2018,/oh/candidate/anthony-vitale-13857,/oh/race/ohio-house-of-representatives-district-85-969,True
2018,85,"General Election November 6, 2018",Garrett Baldwin,Democratic,9063.47,7648.0,Lost,12/31/2018,/oh/candidate/garrett-baldwin,/oh/race/ohio-house-of-representatives-district-85-969,False
2018,85,"Democratic Party Primary Election May 8, 2018",Garrett Baldwin,Democratic,9063.47,7648.0,Advanced,12/31/2018,/oh/candidate/garrett-baldwin,/oh/race/ohio-house-of-representatives-district-85-969,False
2018,85,"Republican Party Primary Election May 8, 2018",Nino Vitale,Republican,63529.79,64994.93,Advanced,12/31/2018,/oh/candidate/anthony-vitale-13857,/oh/race/ohio-house-of-representatives-district-85-969,True
2018,85,"Republican Party Primary Election May 8, 2018",Rochiel Foulk,Republican,0.0,1800.0,Lost,12/31/2018,/oh/candidate/rochiel-foulk,/oh/race/ohio-house-of-representatives-district-85-969,False
2018,85,"Republican Party Primary Election May 8, 2018",Justin Griffis,Republican,9156.11,9155.67,Lost,12/31/2018,/oh/candidate/justin-griffis,/oh/race/ohio-house-of-representatives-district-85-969,False
2018,85,"Republican Party Primary Election May 8, 2018",Joseph Ratermann,Republican,487.62,0.0,Lost,12/31/2018,/oh/candidate/joseph-ratermann,/oh/race/ohio-house-of-representatives-district-85-969,False
2018,86,"General Election November 6, 2018",Tracy Richardson,Republican,134161.83,89577.62,Won,12/31/2018,/oh/candidate/tracy-richardson-14679,/oh/race/ohio-house-of-representatives-district-86-11614,False
2018,86,"General Election November 6, 2018",Glenn Coble,Democratic,1594.95,1570.0,Lost,12/31/2018,/oh/candidate/glenn-coble,/oh/race/ohio-house-of-representatives-district-86-11614,False
2018,86,"General Election November 6, 2018",Taylor Hoffman,Libertarian,0.0,0.0,Lost,12/31/2018,/oh/candidate/taylor-hoffman,/oh/race/ohio-house-of-representatives-district-86-11614,False
2018,86,"Democratic Party Primary Election May 8, 2018",Glenn Coble,Democratic,1594.95,1570.0,Advanced,12/31/2018,/oh/candidate/glenn-coble,/oh/race/ohio-house-of-representatives-district-86-11614,False
2018,86,"Republican Party Primary Election May 8, 2018",Tracy Richardson,Republican,134161.83,89577.62,Advanced,12/31/2018,/oh/candidate/tracy-richardson-14679,/oh/race/ohio-house-of-representatives-district-86-11614,False
2018,86,"Republican Party Primary Election May 8, 2018",Robert Matthew Sammons,Republican,726.67,10650.24,Lost,12/31/2018,/oh/candidate/robert-matthew-sammons,/oh/race/ohio-house-of-representatives-district-86-11614,False
2018,87,"General Election November 6, 2018",Riordan McClain,Republican,161429.19,46008.95,Won,12/31/2018,/oh/candidate/riordan-mcclain-14897,/oh/race/ohio-house-of-representatives-district-87-11467,True
2018,87,"General Election November 6, 2018",Mary Pierce-Broadwater,Democratic,1455.0,1259.16,Lost,12/31/2018,/oh/candidate/mary-pierce-broadwater-14946,/oh/race/ohio-house-of-representatives-district-87-11467,False
2018,87,"Democratic Party Primary Election May 8, 2018",Mary Pierce-Broadwater,Democratic,1455.0,1259.16,Advanced,12/31/2018,/oh/candidate/mary-pierce-broadwater-14946,/oh/race/ohio-house-of-representatives-district-87-11467,False
2018,87,"Democratic Party Primary Election May 8, 2018",James Wheeler,Democratic,0.0,0.0,Withdrew,12/31/2018,,/oh/race/ohio-house-of-representatives-district-87-11467,False
2018,87,"Republican Party Primary Election May 8, 2018",Riordan McClain,Republican,161429.19,46008.95,Advanced,12/31/2018,/oh/candidate/riordan-mcclain-14897,/oh/race/ohio-house-of-representatives-district-87-11467,True
2018,87,"Republican Party Primary Election May 8, 2018",Steve Reinhard,Republican,12488.35,23002.2,Lost,12/31/2018,/oh/candidate/steve-reinhard,/oh/race/ohio-house-of-representatives-district-87-11467,False
2018,87,"Republican Party Primary Election May 8, 2018",Doug Weisenauer,Republican,550.33,6671.58,Lost,12/31/2018,/oh/candidate/doug-weisenauer,/oh/race/ohio-house-of-representatives-district-87-11467,False
2018,88,"General Election November 6, 2018",Bill Reineke,Republican,508258.42,269467.43,Won,12/31/2018,/oh/candidate/william-reineke-14072,/oh/race/ohio-house-of-representatives-district-88-7709,True
2018,88,"General Election November 6, 2018",Rachel Crooks,Democratic,193078.3,140726.3,Lost,12/31/2018,/oh/candidate/rachel-crooks-14870,/oh/race/ohio-house-of-representatives-district-88-7709,False
2018,88,"Democratic Party Primary Election May 8, 2018",Rachel Crooks,Democratic,193078.3,140726.3,Advanced,12/31/2018,/oh/candidate/rachel-crooks-14870,/oh/race/ohio-house-of-representatives-district-88-7709,False
2018,88,"Republican Party Primary Election May 8, 2018",Bill Reineke,Republican,508258.42,269467.43,Advanced,12/31/2018,/oh/candidate/william-reineke-14072,/oh/race/ohio-house-of-representatives-district-88-7709,True
2018,89,"General Election November 6, 2018",Steven Arndt,Republican,614073.93,122302.75,Won,12/31/2018,/oh/candidate/steven-arndt-14382,/oh/race/ohio-house-of-representatives-district-89-10237,True
2018,89,"General Election November 6, 2018",Joseph Helle,Democratic,18952.57,18241.89,Lost,12/31/2018,/oh/candidate/joseph-helle,/oh/race/ohio-house-of-representatives-district-89-10237,False
2018,89,"Democratic Party Primary Election May 8, 2018",Joseph Helle,Democratic,18952.57,18241.89,Advanced,12/31/2018,/oh/candidate/joseph-helle,/oh/race/ohio-house-of-representatives-district-89-10237,False
2018,89,"Republican Party Primary Election May 8, 2018",Steven Arndt,Republican,614073.93,122302.75,Advanced,12/31/2018,/oh/candidate/steven-arndt-14382,/oh/race/ohio-house-of-representatives-district-89-10237,True
2018,90,"General Election November 6, 2018",Brian Baldridge,Republican,292276.26,237392.06,Won,12/31/2018,/oh/candidate/brian-baldridge-14905,/oh/race/ohio-house-of-representatives-district-90-6497,False
2018,90,"General Election November 6, 2018",Adrienne Buckler,Democratic,42742.45,41890.36,Lost,12/31/2018,/oh/candidate/adrienne-buckler-14909,/oh/race/ohio-house-of-representatives-district-90-6497,False
2018,90,"Democratic Party Primary Election May 8, 2018",Adrienne Buckler,Democratic,42742.45,41890.36,Advanced,12/31/2018,/oh/candidate/adrienne-buckler-14909,/oh/race/ohio-house-of-representatives-district-90-6497,False
2018,90,"Democratic Party Primary Election May 8, 2018",Joni Fearing,Democratic,0.0,0.0,Lost,12/31/2018,,/oh/race/ohio-house-of-representatives-district-90-6497,False
2018,90,"Republican Party Primary Election May 8, 2018",Brian Baldridge,Republican,292276.26,237392.06,Advanced,12/31/2018,/oh/candidate/brian-baldridge-14905,/oh/race/ohio-house-of-representatives-district-90-6497,False
2018,90,"Republican Party Primary Election May 8, 2018",Gina Collinsworth,Republican,142558.07,31856.25,Lost,12/31/2018,/oh/candidate/gina-collinsworth,/oh/race/ohio-house-of-representatives-district-90-6497,False
2018,90,"Republican Party Primary Election May 8, 2018",Justin Pizzulli,Republican,23262.94,22681.84,Lost,12/31/2018,/oh/candidate/justin-pizzulli,/oh/race/ohio-house-of-representatives-district-90-6497,False
2018,90,"Republican Party Primary Election May 8, 2018",Scottie Powell,Republican,7514.26,4132.04,Lost,12/31/2018,/oh/candidate/scottie-powell,/oh/race/ohio-house-of-representatives-district-90-6497,False
2018,91,"General Election November 6, 2018",Shane Wilkin,Republican,142277.65,135910.66,Won,12/31/2018,/oh/candidate/shane-wilkin-14861,/oh/race/ohio-house-of-representatives-district-91-2752,True
2018,91,"General Election November 6, 2018",Justin Grimes,Democratic,0.0,0.0,Lost,12/31/2018,,/oh/race/ohio-house-of-representatives-district-91-2752,False
2018,91,"Democratic Party Primary Election May 8, 2018",Justin Grimes,Democratic,0.0,0.0,Advanced,12/31/2018,,/oh/race/ohio-house-of-representatives-district-91-2752,False
2018,91,"Republican Party Primary Election May 8, 2018",Shane Wilkin,Republican,142277.65,135910.66,Advanced,12/31/2018,/oh/candidate/shane-wilkin-14861,/oh/race/ohio-house-of-representatives-district-91-2752,True
2018,91,"Republican Party Primary Election May 8, 2018",Beth Ellis,Republican,149337.29,63358.75,Lost,12/31/2018,/oh/candidate/beth-ellis,/oh/race/ohio-house-of-representatives-district-91-2752,False
2018,92,"General Election November 6, 2018",Gary Scherer,Republican,343900.84,92738.39,Won,12/31/2018,/oh/candidate/gary-scherer-13781,/oh/race/ohio-house-of-representatives-district-92-11,True
2018,92,"General Election November 6, 2018",Beth Workman,Democratic,44006.62,40417.31,Lost,12/31/2018,/oh/candidate/beth-workman-14933,/oh/race/ohio-house-of-representatives-district-92-11,False
2018,92,"Democratic Party Primary Election May 8, 2018",Beth Workman,Democratic,44006.62,40417.31,Advanced,12/31/2018,/oh/candidate/beth-workman-14933,/oh/race/ohio-house-of-representatives-district-92-11,False
2018,92,"Republican Party Primary Election May 8, 2018",Gary Scherer,Republican,343900.84,92738.39,Advanced,12/31/2018,/oh/candidate/gary-scherer-13781,/oh/race/ohio-house-of-representatives-district-92-11,True
2018,93,"General Election November 6, 2018",Ryan Smith,Republican,1525049.87,1497002.51,Won,12/31/2018,/oh/candidate/ryan-smith-13671,/oh/race/ohio-house-of-representatives-district-93-11856,True
2018,93,"General Election November 6, 2018",Jim Rumley,Democratic,0.0,0.0,Withdrew,12/31/2018,,/oh/race/ohio-house-of-representatives-district-93-11856,False
2018,93,"General Election November 6, 2018",Samantha Thomas-Bush,Democratic,3780.52,2385.0,Lost,12/31/2018,/oh/candidate/samantha-thomas-bush,/oh/race/ohio-house-of-representatives-district-93-11856,False
2018,93,"Democratic Party Primary Election May 8, 2018",Jim Rumley,Democratic,0.0,0.0,Advanced,12/31/2018,,/oh/race/ohio-house-of-representatives-district-93-11856,False
2018,93,"Republican Party Primary Election May 8, 2018",Ryan Smith,Republican,1525049.87,1497002.51,Advanced,12/31/2018,/oh/candidate/ryan-smith-13671,/oh/race/ohio-house-of-representatives-district-93-11856,True
2018,94,"General Election November 6, 2018",Jay Edwards,Republican,530888.66,418247.51,Won,12/31/2018,/oh/candidate/jay-edwards-14441,/oh/race/ohio-house-of-representatives-district-94-4393,True
2018,94,"General Election November 6, 2018",Taylor Sappington,Democratic,88562.15,76562.36,Lost,12/31/2018,/oh/candidate/taylor-sappington,/oh/race/ohio-house-of-representatives-district-94-4393,False
2018,94,"Democratic Party Primary Election May 8, 2018",Taylor Sappington,Democratic,88562.15,76562.36,Advanced,12/31/2018,/oh/candidate/taylor-sappington,/oh/race/ohio-house-of-representatives-district-94-4393,False
2018,94,"Republican Party Primary Election May 8, 2018",Jay Edwards,Republican,530888.66,418247.51,Advanced,12/31/2018,/oh/candidate/jay-edwards-14441,/oh/race/ohio-house-of-representatives-district-94-4393,True
2018,95,"General Election November 6, 2018",Don Jones,Republican,136029.95,116226.65,Won,12/31/2018,/oh/candidate/don-jones-14851,/oh/race/ohio-house-of-representatives-district-95-6504,False
2018,95,"General Election November 6, 2018",Daniel Milleson,Democratic,186273.6,182652.2,Lost,12/31/2018,/oh/candidate/daniel-milleson-14767,/oh/race/ohio-house-of-representatives-district-95-6504,False
2018,95,"Democratic Party Primary Election May 8, 2018",Daniel Milleson,Democratic,186273.6,182652.2,Advanced,12/31/2018,/oh/candidate/daniel-milleson-14767,/oh/race/ohio-house-of-representatives-district-95-6504,False
2018,95,"Republican Party Primary Election May 8, 2018",Don Jones,Republican,136029.95,116226.65,Advanced,12/31/2018,/oh/candidate/don-jones-14851,/oh/race/ohio-house-of-representatives-district-95-6504,False
2018,96,"General Election November 6, 2018",Jack Cera,Democratic,302605.06,231728.93,Won,12/31/2018,/oh/candidate/jack-cera-265,/oh/race/ohio-house-of-representatives-district-96-3593,True
2018,96,"General Election November 6, 2018",Bob Mazeroski,Republican,30855.9,15749.91,Withdrew,12/31/2018,/oh/candidate/bob-mazeroski,/oh/race/ohio-house-of-representatives-district-96-3593,False
2018,96,"Democratic Party Primary Election May 8, 2018",Jack Cera,Democratic,302605.06,231728.93,Advanced,12/31/2018,/oh/candidate/jack-cera-265,/oh/race/ohio-house-of-representatives-district-96-3593,True
2018,96,"Republican Party Primary Election May 8, 2018",Bob Mazeroski,Republican,30855.9,15749.91,Advanced,12/31/2018,/oh/candidate/bob-mazeroski,/oh/race/ohio-house-of-representatives-district-96-3593,False
2018,96,"Republican Party Primary Election May 8, 2018",Fiona Ruminski,Republican,3266.29,1667.11,Lost,12/31/2018,/oh/candidate/fiona-ruminski,/oh/race/ohio-house-of-representatives-district-96-3593,False
2018,97,"General Election November 6, 2018",Brian Hill,Republican,310554.67,233617.31,Won,12/31/2018,/oh/candidate/brian-hill-13554,/oh/race/ohio-house-of-representatives-district-97-6926,True
2018,97,"General Election November 6, 2018",Kristine Fowler-Geis,Democratic,16621.51,13328.28,Lost,12/31/2018,/oh/candidate/kristine-fowler-geis-14916,/oh/race/ohio-house-of-representatives-district-97-6926,False
2018,97,"Democratic Party Primary Election May 8, 2018",Kristine Fowler-Geis,Democratic,16621.51,13328.28,Advanced,12/31/2018,/oh/candidate/kristine-fowler-geis-14916,/oh/race/ohio-house-of-representatives-district-97-6926,False
2018,97,"Democratic Party Primary Election May 8, 2018",Jennifer Riesbeck Mahoney,Democratic,500.0,40.0,Lost,12/31/2018,/oh/candidate/jennifer-riesbeck-mahoney,/oh/race/ohio-house-of-representatives-district-97-6926,False
2018,97,"Republican Party Primary Election May 8, 2018",Brian Hill,Republican,310554.67,233617.31,Advanced,12/31/2018,/oh/candidate/brian-hill-13554,/oh/race/ohio-house-of-representatives-district-97-6926,True
2018,98,"General Election November 6, 2018",Brett Hillyer,Republican,228845.58,210873.87,Won,12/31/2018,/oh/candidate/brett-hillyer-14878,/oh/race/ohio-house-of-representatives-district-98-6507,False
2018,98,"General Election November 6, 2018",Jeremiah Johnson,Democratic,9596.1,4911.95,Lost,12/31/2018,/oh/candidate/jeremiah-johnson-14125,/oh/race/ohio-house-of-representatives-district-98-6507,False
2018,98,"Democratic Party Primary Election May 8, 2018",Jeremiah Johnson,Democratic,9596.1,4911.95,Advanced,12/31/2018,/oh/candidate/jeremiah-johnson-14125,/oh/race/ohio-house-of-representatives-district-98-6507,False
2018,98,"Democratic Party Primary Election May 8, 2018",Todd Beegle,Democratic,0.0,0.0,Withdrew,12/31/2018,,/oh/race/ohio-house-of-representatives-district-98-6507,False
2018,98,"Republican Party Primary Election May 8, 2018",Brett Hillyer,Republican,228845.58,210873.87,Advanced,12/31/2018,/oh/candidate/brett-hillyer-14878,/oh/race/ohio-house-of-representatives-district-98-6507,False
2018,98,"Republican Party Primary Election May 8, 2018",Mark Behrendt,Republican,4610.0,4610.0,Lost,12/31/2018,/oh/candidate/mark-behrendt,/oh/race/ohio-house-of-representatives-district-98-6507,False
2018,98,"Republican Party Primary Election May 8, 2018",Shane N Gunnoe,Republican,131569.31,37706.22,Lost,12/31/2018,/oh/candidate/shane-n-gunnoe,/oh/race/ohio-house-of-representatives-district-98-6507,False
2018,98,"Republican Party Primary Election May 8, 2018",Larry Hawthorne,Republican,12512.65,50.0,Lost,12/31/2018,/oh/candidate/larry-hawthorne,/oh/race/ohio-house-of-representatives-district-98-6507,False
2018,98,"Republican Party Primary Election May 8, 2018",Gregg Ress,Republican,29375.0,29060.62,Lost,12/31/2018,/oh/candidate/gregg-ress,/oh/race/ohio-house-of-representatives-district-98-6507,False
2018,99,"General Election November 6, 2018",John Patterson,Democratic,154276.22,160383.06,Won,12/31/2018,/oh/candidate/john-patterson-13579,/oh/race/ohio-house-of-representatives-district-99-1316,True
2018,99,"General Election November 6, 2018",Michael Pircio,Republican,40037.0,3575.0,Lost,12/31/2018,/oh/candidate/michael-pircio,/oh/race/ohio-house-of-representatives-district-99-1316,False
2018,99,"Democratic Party Primary Election May 8, 2018",John Patterson,Democratic,154276.22,160383.06,Advanced,12/31/2018,/oh/candidate/john-patterson-13579,/oh/race/ohio-house-of-representatives-district-99-1316,True
2018,99,"Republican Party Primary Election May 8, 2018",Michael Pircio,Republican,40037.0,3575.0,Advanced,12/31/2018,/oh/candidate/michael-pircio,/oh/race/ohio-house-of-representatives-district-99-1316,False
2020,1,"General Election November 3, 2020",Scott Wiggam,Republican,165719.88,128038.82,Won,12/31/2020,/oh/candidate/scott-wiggam-14360,/oh/race/ohio-house-of-representatives-district-1-46076,True
2020,1,"General Election November 3, 2020",Alison Theiss,Democratic,11466.17,9460.51,Lost,12/31/2020,/oh/candidate/alison-thiess,/oh/race/ohio-house-of-representatives-district-1-46076,False
2020,1,"Democratic Party Primary Election April 28, 2020",Alison Theiss,Democratic,11466.17,9460.51,Advanced,12/31/2020,/oh/candidate/alison-thiess,/oh/race/ohio-house-of-representatives-district-1-46076,False
2020,1,"Republican Party Primary Election April 28, 2020",Scott Wiggam,Republican,165719.88,128038.82,Advanced,12/31/2020,/oh/candidate/scott-wiggam-14360,/oh/race/ohio-house-of-representatives-district-1-46076,True
2020,1,"Republican Party Primary Election April 28, 2020",Jason Wetz,Republican,370.0,370.0,Lost,12/31/2020,/oh/candidate/jason-wetz,/oh/race/ohio-house-of-representatives-district-1-46076,False
2020,2,"General Election November 3, 2020",Marilyn John,Republican,175644.3,94684.67,Won,12/31/2020,/oh/candidate/marilyn-john-15208,/oh/race/ohio-house-of-representatives-district-2-46077,False
2020,2,"General Election November 3, 2020",Sam Grady,Democratic,2708.2,238.82,Lost,12/31/2020,/oh/candidate/sam-grady,/oh/race/ohio-house-of-representatives-district-2-46077,False
2020,2,"Democratic Party Primary Election April 28, 2020",Sam Grady Write-In,Democratic,2708.2,238.82,Advanced,12/31/2020,/oh/candidate/sam-grady,/oh/race/ohio-house-of-representatives-district-2-46077,False
2020,2,"Democratic Party Primary Election April 28, 2020",Carline Curry Write-In,Democratic,0.0,0.0,Lost,12/31/2020,,/oh/race/ohio-house-of-representatives-district-2-46077,False
2020,2,"Republican Party Primary Election April 28, 2020",Marilyn John,Republican,175644.3,94684.67,Advanced,12/31/2020,/oh/candidate/marilyn-john-15208,/oh/race/ohio-house-of-representatives-district-2-46077,False
2020,2,"Republican Party Primary Election April 28, 2020",Nathan Martin,Republican,10555.54,11452.37,Lost,12/31/2020,/oh/candidate/nathan-martin,/oh/race/ohio-house-of-representatives-district-2-46077,False
2020,3,"General Election November 3, 2020",Haraz Ghanbari,Republican,504649.58,192036.73,Won,12/31/2020,/oh/candidate/haraz-ghanbari-15163,/oh/race/ohio-house-of-representatives-district-3-46078,True
2020,3,"General Election November 3, 2020",Laurel Johnson,Democratic,17241.27,6537.5,Lost,12/31/2020,/oh/candidate/laurel-johnson-15312,/oh/race/ohio-house-of-representatives-district-3-46078,False
2020,3,"Democratic Party Primary Election April 28, 2020",Laurel Johnson,Democratic,17241.27,6537.5,Advanced,12/31/2020,/oh/candidate/laurel-johnson-15312,/oh/race/ohio-house-of-representatives-district-3-46078,False
2020,3,"Republican Party Primary Election April 28, 2020",Haraz Ghanbari,Republican,504649.58,192036.73,Advanced,12/31/2020,/oh/candidate/haraz-ghanbari-15163,/oh/race/ohio-house-of-representatives-district-3-46078,True
2020,4,"General Election November 3, 2020",Bob Cupp,Republican,802143.19,759438.39,Won,12/31/2020,/oh/candidate/robert-cupp-289,/oh/race/ohio-house-of-representatives-district-4-46079,True
2020,4,"General Election November 3, 2020",Christina Marie Holloway,Libertarian,0.0,0.0,Withdrew,12/31/2020,,/oh/race/ohio-house-of-representatives-district-4-46079,False
2020,4,"Libertarian Party Primary Election April 28, 2020",Christina Marie Holloway Write-In,Libertarian,0.0,0.0,Advanced,12/31/2020,,/oh/race/ohio-house-of-representatives-district-4-46079,False
2020,4,"Republican Party Primary Election April 28, 2020",Bob Cupp,Republican,802143.19,759438.39,Advanced,12/31/2020,/oh/candidate/robert-cupp-289,/oh/race/ohio-house-of-representatives-district-4-46079,True
2020,5,"General Election November 3, 2020",Tim Ginter,Republican,113918.83,116152.78,Won,12/31/2020,/oh/candidate/tim-ginter-12277,/oh/race/ohio-house-of-representatives-district-5-46080,True
2020,5,"General Election November 3, 2020",Daniel Winston,Democratic,5023.64,4748.7,Lost,12/31/2020,/oh/candidate/daniel-winston,/oh/race/ohio-house-of-representatives-district-5-46080,False
2020,5,"Democratic Party Primary Election April 28, 2020",Daniel Winston,Democratic,5023.64,4748.7,Advanced,12/31/2020,/oh/candidate/daniel-winston,/oh/race/ohio-house-of-representatives-district-5-46080,False
2020,5,"Republican Party Primary Election April 28, 2020",Tim Ginter,Republican,113918.83,116152.78,Advanced,12/31/2020,/oh/candidate/tim-ginter-12277,/oh/race/ohio-house-of-representatives-district-5-46080,True
2020,6,"General Election November 3, 2020",Phillip Robinson,Democratic,321858.64,217409.04,Won,12/31/2020,/oh/candidate/phillip-robinson-14457,/oh/race/ohio-house-of-representatives-district-6-46081,True
2020,6,"General Election November 3, 2020",Shay Hawkins,Republican,0.0,0.0,Lost,12/31/2020,/oh/candidate/shay-hawkins,/oh/race/ohio-house-of-representatives-district-6-46081,False
2020,6,"Democratic Party Primary Election April 28, 2020",Phillip Robinson,Democratic,321858.64,217409.04,Advanced,12/31/2020,/oh/candidate/phillip-robinson-14457,/oh/race/ohio-house-of-representatives-district-6-46081,True
2020,6,"Republican Party Primary Election April 28, 2020",Shay Hawkins,Republican,0.0,0.0,Advanced,12/31/2020,/oh/candidate/shay-hawkins,/oh/race/ohio-house-of-representatives-district-6-46081,False
2020,6,"Republican Party Primary Election April 28, 2020",Ed Hargate,Republican,5275.0,33205.8,Lost,12/31/2020,/oh/candidate/ed-hargate,/oh/race/ohio-house-of-representatives-district-6-46081,False
2020,7,"General Election November 3, 2020",Thomas Patton,Republican,881939.89,777199.87,Won,12/31/2020,/oh/candidate/thomas-patton-8243,/oh/race/ohio-house-of-representatives-district-7-46082,True
2020,7,"General Election November 3, 2020",Joan Sweeny,Democratic,53878.11,46580.87,Lost,12/31/2020,/oh/candidate/joan-sweeny,/oh/race/ohio-house-of-representatives-district-7-46082,False
2020,7,"Democratic Party Primary Election April 28, 2020",Joan Sweeny,Democratic,53878.11,46580.87,Advanced,12/31/2020,/oh/candidate/joan-sweeny,/oh/race/ohio-house-of-representatives-district-7-46082,False
2020,7,"Republican Party Primary Election April 28, 2020",Thomas Patton,Republican,881939.89,777199.87,Advanced,12/31/2020,/oh/candidate/thomas-patton-8243,/oh/race/ohio-house-of-representatives-district-7-46082,True
2020,8,"General Election November 3, 2020",Kent Smith,Democratic,52721.28,44534.15,Won,12/31/2020,/oh/candidate/kent-smith-9094,/oh/race/ohio-house-of-representatives-district-8-46083,True
2020,8,"Democratic Party Primary Election April 28, 2020",Kent Smith,Democratic,52721.28,44534.15,Advanced,12/31/2020,/oh/candidate/kent-smith-9094,/oh/race/ohio-house-of-representatives-district-8-46083,True
2020,8,"Republican Party Primary Election April 28, 2020",Christopher Litwinowicz Write-In,Republican,0.0,0.0,Lost,12/31/2020,/oh/candidate/christopher-litwinowicz,/oh/race/ohio-house-of-representatives-district-8-46083,False
2020,9,"General Election November 3, 2020",Janine Boyd,Democratic,45635.5,37025.34,Won,12/31/2020,/oh/candidate/janine-boyd-14004,/oh/race/ohio-house-of-representatives-district-9-46084,True
2020,9,"General Election November 3, 2020",Dustin Russell,Republican,0.0,0.0,Lost,12/31/2020,,/oh/race/ohio-house-of-representatives-district-9-46084,False
2020,9,"Democratic Party Primary Election April 28, 2020",Janine Boyd,Democratic,45635.5,37025.34,Advanced,12/31/2020,/oh/candidate/janine-boyd-14004,/oh/race/ohio-house-of-representatives-district-9-46084,True
2020,9,"Democratic Party Primary Election April 28, 2020",VIncent Stokes,Democratic,3258.94,2164.53,Lost,12/31/2020,/oh/candidate/vincent-stokes,/oh/race/ohio-house-of-representatives-district-9-46084,False
2020,9,"Republican Party Primary Election April 28, 2020",Dustin Russell,Republican,0.0,0.0,Advanced,12/31/2020,,/oh/race/ohio-house-of-representatives-district-9-46084,False
2020,10,"General Election November 3, 2020",Terrence Upchurch,Democratic,84404.06,84144.54,Won,12/31/2020,/oh/candidate/terrence-upchurch-14635,/oh/race/ohio-house-of-representatives-district-10-46085,True
2020,10,"Democratic Party Primary Election April 28, 2020",Terrence Upchurch,Democratic,84404.06,84144.54,Advanced,12/31/2020,/oh/candidate/terrence-upchurch-14635,/oh/race/ohio-house-of-representatives-district-10-46085,True
2020,10,"Democratic Party Primary Election April 28, 2020",J. Allen Burger,Democratic,0.0,0.0,Lost,12/31/2020,/oh/candidate/j-allen-burger,/oh/race/ohio-house-of-representatives-district-10-46085,False
2020,11,"General Election November 3, 2020",Stephanie Howse,Democratic,85253.48,77434.77,Won,12/31/2020,/oh/candidate/stephanie-howse-13977,/oh/race/ohio-house-of-representatives-district-11-46086,True
2020,11,"Democratic Party Primary Election April 28, 2020",Stephanie Howse,Democratic,85253.48,77434.77,Advanced,12/31/2020,/oh/candidate/stephanie-howse-13977,/oh/race/ohio-house-of-representatives-district-11-46086,True
2020,12,"General Election November 3, 2020",Juanita Brent,Democratic,67692.35,51562.88,Won,12/31/2020,/oh/candidate/juanita-brent-14788,/oh/race/ohio-house-of-representatives-district-12-46087,True
2020,12,"General Election November 3, 2020",Jerry Powell,Republican,1775.0,0.0,Lost,12/31/2020,/oh/candidate/jerry-powell,/oh/race/ohio-house-of-representatives-district-12-46087,False
2020,12,"Democratic Party Primary Election April 28, 2020",Juanita Brent,Democratic,67692.35,51562.88,Advanced,12/31/2020,/oh/candidate/juanita-brent-14788,/oh/race/ohio-house-of-representatives-district-12-46087,True
2020,12,"Democratic Party Primary Election April 28, 2020",Felicia Washington Ross,Democratic,0.0,0.0,Lost,12/31/2020,,/oh/race/ohio-house-of-representatives-district-12-46087,False
2020,12,"Democratic Party Primary Election April 28, 2020",Phyllis Peterson Write-In,Democratic,155.0,155.0,Lost,12/31/2020,/oh/candidate/phyllis-peterson,/oh/race/ohio-house-of-representatives-district-12-46087,False
2020,12,"Republican Party Primary Election April 28, 2020",Jerry Powell Write-In,Republican,1775.0,0.0,Advanced,12/31/2020,/oh/candidate/jerry-powell,/oh/race/ohio-house-of-representatives-district-12-46087,False
2020,13,"General Election November 3, 2020",Michael Skindell,Democratic,40050.2,30334.67,Won,12/31/2020,/oh/candidate/michael-skindell-420,/oh/race/ohio-house-of-representatives-district-13-46088,True
2020,13,"General Election November 3, 2020",Daniel Harrington,Republican,0.0,0.0,Lost,12/31/2020,/oh/candidate/daniel-harrington,/oh/race/ohio-house-of-representatives-district-13-46088,False
2020,13,"Democratic Party Primary Election April 28, 2020",Michael Skindell,Democratic,40050.2,30334.67,Advanced,12/31/2020,/oh/candidate/michael-skindell-420,/oh/race/ohio-house-of-representatives-district-13-46088,True
2020,13,"Republican Party Primary Election April 28, 2020",Daniel Harrington Write-In,Republican,0.0,0.0,Advanced,12/31/2020,/oh/candidate/daniel-harrington,/oh/race/ohio-house-of-representatives-district-13-46088,False
2020,14,"General Election November 3, 2020",Bride Rose Sweeney,Democratic,56424.5,39557.43,Won,12/31/2020,/oh/candidate/bride-sweeney-14941,/oh/race/ohio-house-of-representatives-district-14-46089,True
2020,14,"General Election November 3, 2020",Lynn McMahan,Republican,0.0,0.0,Lost,12/31/2020,,/oh/race/ohio-house-of-representatives-district-14-46089,False
2020,14,"Democratic Party Primary Election April 28, 2020",Bride Rose Sweeney,Democratic,56424.5,39557.43,Advanced,12/31/2020,/oh/candidate/bride-sweeney-14941,/oh/race/ohio-house-of-representatives-district-14-46089,True
2020,14,"Republican Party Primary Election April 28, 2020",Lynn McMahan,Republican,0.0,0.0,Advanced,12/31/2020,,/oh/race/ohio-house-of-representatives-district-14-46089,False
2020,15,"General Election November 3, 2020",Jeffrey Crossman,Democratic,130849.16,93011.45,Won,12/31/2020,/oh/candidate/jeffrey-crossman-15064,/oh/race/ohio-house-of-representatives-district-15-46090,True
2020,15,"General Election November 3, 2020",Kevin Kussmaul,Republican,21835.23,18641.27,Lost,12/31/2020,/oh/candidate/kevin-kussmaul-15053,/oh/race/ohio-house-of-representatives-district-15-46090,False
2020,15,"Democratic Party Primary Election April 28, 2020",Jeffrey Crossman,Democratic,130849.16,93011.45,Advanced,12/31/2020,/oh/candidate/jeffrey-crossman-15064,/oh/race/ohio-house-of-representatives-district-15-46090,True
2020,15,"Republican Party Primary Election April 28, 2020",Kevin Kussmaul,Republican,21835.23,18641.27,Advanced,12/31/2020,/oh/candidate/kevin-kussmaul-15053,/oh/race/ohio-house-of-representatives-district-15-46090,False
2020,16,"General Election November 3, 2020",Monique Smith,Democratic,144886.86,123102.85,Won,12/31/2020,/oh/candidate/monique-smith-15180,/oh/race/ohio-house-of-representatives-district-16-46091,False
2020,16,"General Election November 3, 2020",David Greenspan,Republican,591041.18,262953.84,Lost,12/31/2020,/oh/candidate/david-greenspan-14313,/oh/race/ohio-house-of-representatives-district-16-46091,True
2020,16,"Democratic Party Primary Election April 28, 2020",Monique Smith,Democratic,144886.86,123102.85,Advanced,12/31/2020,/oh/candidate/monique-smith-15180,/oh/race/ohio-house-of-representatives-district-16-46091,False
2020,16,"Democratic Party Primary Election April 28, 2020",Joesph Romano,Democratic,33455.0,32861.36,Lost,12/31/2020,/oh/candidate/joesph-romano-15141,/oh/race/ohio-house-of-representatives-district-16-46091,False
2020,16,"Republican Party Primary Election April 28, 2020",David Greenspan,Republican,591041.18,262953.84,Advanced,12/31/2020,/oh/candidate/david-greenspan-14313,/oh/race/ohio-house-of-representatives-district-16-46091,True
2020,17,"General Election November 3, 2020",Adam Miller,Democratic,47809.68,54607.02,Won,12/31/2020,/oh/candidate/adam-miller-14384,/oh/race/ohio-house-of-representatives-district-17-46092,True
2020,17,"General Election November 3, 2020",Tim Haske,Republican,249.0,119.0,Lost,12/31/2020,/oh/candidate/tim-haske,/oh/race/ohio-house-of-representatives-district-17-46092,False
2020,17,"Democratic Party Primary Election April 28, 2020",Adam Miller,Democratic,47809.68,54607.02,Advanced,12/31/2020,/oh/candidate/adam-miller-14384,/oh/race/ohio-house-of-representatives-district-17-46092,True
2020,17,"Republican Party Primary Election April 28, 2020",Tim Haske,Republican,249.0,119.0,Advanced,12/31/2020,/oh/candidate/tim-haske,/oh/race/ohio-house-of-representatives-district-17-46092,False
2020,17,"Republican Party Primary Election April 28, 2020",John Rutan,Republican,0.0,0.0,Lost,12/31/2020,/oh/candidate/john-rutan,/oh/race/ohio-house-of-representatives-district-17-46092,False
2020,18,"General Election November 3, 2020",Kristin Boggs,Democratic,221861.46,241963.79,Won,12/31/2020,/oh/candidate/kristin-boggs-14399,/oh/race/ohio-house-of-representatives-district-18-46093,True
2020,18,"General Election November 3, 2020",Kayla Packard,Republican,0.0,0.0,Lost,12/31/2020,,/oh/race/ohio-house-of-representatives-district-18-46093,False
2020,18,"Democratic Party Primary Election April 28, 2020",Kristin Boggs,Democratic,221861.46,241963.79,Advanced,12/31/2020,/oh/candidate/kristin-boggs-14399,/oh/race/ohio-house-of-representatives-district-18-46093,True
2020,18,"Republican Party Primary Election April 28, 2020",Kayla Packard,Republican,0.0,0.0,Advanced,12/31/2020,,/oh/race/ohio-house-of-representatives-district-18-46093,False
2020,19,"General Election November 3, 2020",Mary Lightbody,Democratic,228397.98,142919.52,Won,12/31/2020,/oh/candidate/mary-lightbody-14707,/oh/race/ohio-house-of-representatives-district-19-46094,True
2020,19,"General Election November 3, 2020",Meredith Freedhoff,Republican,153350.98,157181.39,Lost,12/31/2020,/oh/candidate/meredith-freedhoff-15248,/oh/race/ohio-house-of-representatives-district-19-46094,False
2020,19,"Democratic Party Primary Election April 28, 2020",Mary Lightbody,Democratic,228397.98,142919.52,Advanced,12/31/2020,/oh/candidate/mary-lightbody-14707,/oh/race/ohio-house-of-representatives-district-19-46094,True
2020,19,"Republican Party Primary Election April 28, 2020",Meredith Freedhoff,Republican,153350.98,157181.39,Advanced,12/31/2020,/oh/candidate/meredith-freedhoff-15248,/oh/race/ohio-house-of-representatives-district-19-46094,False
2020,20,"General Election November 3, 2020",Richard Brown,Democratic,126440.52,109567.57,Won,12/31/2020,/oh/candidate/richard-brown-12154,/oh/race/ohio-house-of-representatives-district-20-46095,True
2020,20,"General Election November 3, 2020",Chris Baer,Republican,2540.0,384.71,Lost,12/31/2020,/oh/candidate/chris-baer,/oh/race/ohio-house-of-representatives-district-20-46095,False
2020,20,"Democratic Party Primary Election April 28, 2020",Richard Brown,Democratic,126440.52,109567.57,Advanced,12/31/2020,/oh/candidate/richard-brown-12154,/oh/race/ohio-house-of-representatives-district-20-46095,True
2020,20,"Republican Party Primary Election April 28, 2020",Chris Baer,Republican,2540.0,384.71,Advanced,12/31/2020,/oh/candidate/chris-baer,/oh/race/ohio-house-of-representatives-district-20-46095,False
2020,21,"General Election November 3, 2020",Beth Liston,Democratic,359910.06,236565.63,Won,12/31/2020,/oh/candidate/beth-liston-14663,/oh/race/ohio-house-of-representatives-district-21-46096,True
2020,21,"General Election November 3, 2020",Mehek Cooke,Republican,487153.0,331722.96,Lost,12/31/2020,/oh/candidate/mehek-cooke-15194,/oh/race/ohio-house-of-representatives-district-21-46096,False
2020,21,"Democratic Party Primary Election April 28, 2020",Beth Liston,Democratic,359910.06,236565.63,Advanced,12/31/2020,/oh/candidate/beth-liston-14663,/oh/race/ohio-house-of-representatives-district-21-46096,True
2020,21,"Republican Party Primary Election April 28, 2020",Mehek Cooke,Republican,487153.0,331722.96,Advanced,12/31/2020,/oh/candidate/mehek-cooke-15194,/oh/race/ohio-house-of-representatives-district-21-46096,False
2020,22,"General Election November 3, 2020",David Leland,Democratic,199592.45,143676.69,Won,12/31/2020,/oh/candidate/david-leland-13918,/oh/race/ohio-house-of-representatives-district-22-46097,True
2020,22,"General Election November 3, 2020",Stephany Spencer,Republican,0.0,0.0,Withdrew,12/31/2020,,/oh/race/ohio-house-of-representatives-district-22-46097,False
2020,22,"Democratic Party Primary Election April 28, 2020",David Leland,Democratic,199592.45,143676.69,Advanced,12/31/2020,/oh/candidate/david-leland-13918,/oh/race/ohio-house-of-representatives-district-22-46097,True
2020,22,"Democratic Party Primary Election April 28, 2020",Kashi Adhikari,Democratic,9798.97,7242.64,Lost,12/31/2020,/oh/candidate/kashi-adhikari-15249,/oh/race/ohio-house-of-representatives-district-22-46097,False
2020,22,"Republican Party Primary Election April 28, 2020",Stephany Spencer,Republican,0.0,0.0,Advanced,12/31/2020,,/oh/race/ohio-house-of-representatives-district-22-46097,False
2020,23,"General Election November 3, 2020",Laura Lanese,Republican,445013.95,209851.77,Won,12/31/2020,/oh/candidate/laura-lanese-14556,/oh/race/ohio-house-of-representatives-district-23-46098,True
2020,23,"General Election November 3, 2020",Nancy Day-Achauer,Democratic,220894.67,166433.93,Lost,12/31/2020,/oh/candidate/nancy-day-achauer-15145,/oh/race/ohio-house-of-representatives-district-23-46098,False
2020,23,"Democratic Party Primary Election April 28, 2020",Nancy Day-Achauer,Democratic,220894.67,166433.93,Advanced,12/31/2020,/oh/candidate/nancy-day-achauer-15145,/oh/race/ohio-house-of-representatives-district-23-46098,False
2020,23,"Republican Party Primary Election April 28, 2020",Laura Lanese,Republican,445013.95,209851.77,Advanced,12/31/2020,/oh/candidate/laura-lanese-14556,/oh/race/ohio-house-of-representatives-district-23-46098,True
2020,24,"General Election November 3, 2020",Allison Russo,Democratic,267888.38,194085.15,Won,12/31/2020,/oh/candidate/catherine-russo-14814,/oh/race/ohio-house-of-representatives-district-24-46099,True
2020,24,"General Election November 3, 2020",Patrick Manley,Republican,56369.03,28579.3,Lost,12/31/2020,/oh/candidate/patrick-manley,/oh/race/ohio-house-of-representatives-district-24-46099,False
2020,24,"Democratic Party Primary Election April 28, 2020",Allison Russo,Democratic,267888.38,194085.15,Advanced,12/31/2020,/oh/candidate/catherine-russo-14814,/oh/race/ohio-house-of-representatives-district-24-46099,True
2020,24,"Republican Party Primary Election April 28, 2020",Patrick Manley,Republican,56369.03,28579.3,Advanced,12/31/2020,/oh/candidate/patrick-manley,/oh/race/ohio-house-of-representatives-district-24-46099,False
2020,25,"General Election November 3, 2020",Dontavius Jarrells,Democratic,73197.52,68930.73,Won,12/31/2020,/oh/candidate/dontavius-jarrells,/oh/race/ohio-house-of-representatives-district-25-46100,False
2020,25,"General Election November 3, 2020",Jeffrey Burger,Republican,851.0,0.0,Lost,12/31/2020,/oh/candidate/jeffrey-burger,/oh/race/ohio-house-of-representatives-district-25-46100,False
2020,25,"Democratic Party Primary Election April 28, 2020",Dontavius Jarrells,Democratic,73197.52,68930.73,Advanced,12/31/2020,/oh/candidate/dontavius-jarrells,/oh/race/ohio-house-of-representatives-district-25-46100,False
2020,25,"Democratic Party Primary Election April 28, 2020",Mohamud Jama,Democratic,80325.27,86366.48,Lost,12/31/2020,/oh/candidate/mohamud-jama-15152,/oh/race/ohio-house-of-representatives-district-25-46100,False
2020,25,"Democratic Party Primary Election April 28, 2020",Gary Josephson,Democratic,1378.03,0.0,Lost,12/31/2020,/oh/candidate/gary-josephson,/oh/race/ohio-house-of-representatives-district-25-46100,False
2020,25,"Democratic Party Primary Election April 28, 2020",Mayo Makinde,Democratic,9966.13,28898.81,Lost,12/31/2020,/oh/candidate/mayo-makinde-12039,/oh/race/ohio-house-of-representatives-district-25-46100,False
2020,25,"Democratic Party Primary Election April 28, 2020",Kofi Nsia-Pepra,Democratic,11751.84,12683.5,Lost,12/31/2020,/oh/candidate/kofi-nsia-pepra-15085,/oh/race/ohio-house-of-representatives-district-25-46100,False
2020,25,"Republican Party Primary Election April 28, 2020",Jeffrey Burger,Republican,851.0,0.0,Advanced,12/31/2020,/oh/candidate/jeffrey-burger,/oh/race/ohio-house-of-representatives-district-25-46100,False
2020,26,"General Election November 3, 2020",Erica Crawley,Democratic,68381.8,55786.6,Won,12/31/2020,/oh/candidate/erica-crawley-14802,/oh/race/ohio-house-of-representatives-district-26-46101,True
2020,26,"Democratic Party Primary Election April 28, 2020",Erica Crawley,Democratic,68381.8,55786.6,Advanced,12/31/2020,/oh/candidate/erica-crawley-14802,/oh/race/ohio-house-of-representatives-district-26-46101,True
2020,26,"Republican Party Primary Election April 28, 2020",Steven Blake,Republican,0.0,0.0,Withdrew,12/31/2020,/oh/candidate/steven-blake,/oh/race/ohio-house-of-representatives-district-26-46101,False
2020,27,"General Election November 3, 2020",Thomas Brinkman,Republican,524351.05,289981.1,Won,12/31/2020,/oh/candidate/thomas-brinkman-7302,/oh/race/ohio-house-of-representatives-district-27-46102,True
2020,27,"General Election November 3, 2020",Sara Bitter,Democratic,272531.22,244081.6,Lost,12/31/2020,/oh/candidate/sara-bitter-14890,/oh/race/ohio-house-of-representatives-district-27-46102,False
2020,27,"Democratic Party Primary Election April 28, 2020",Sara Bitter,Democratic,272531.22,244081.6,Advanced,12/31/2020,/oh/candidate/sara-bitter-14890,/oh/race/ohio-house-of-representatives-district-27-46102,False
2020,27,"Republican Party Primary Election April 28, 2020",Thomas Brinkman,Republican,524351.05,289981.1,Advanced,12/31/2020,/oh/candidate/thomas-brinkman-7302,/oh/race/ohio-house-of-representatives-district-27-46102,True
2020,28,"General Election November 3, 2020",Jessica Miranda,Democratic,444188.97,356213.24,Won,12/31/2020,/oh/candidate/jessica-miranda-14449,/oh/race/ohio-house-of-representatives-district-28-46103,True
2020,28,"General Election November 3, 2020",Christopher Monzel,Republican,347057.99,341269.51,Lost,12/31/2020,/oh/candidate/christopher-monzel-15199,/oh/race/ohio-house-of-representatives-district-28-46103,False
2020,28,"Democratic Party Primary Election April 28, 2020",Jessica Miranda,Democratic,444188.97,356213.24,Advanced,12/31/2020,/oh/candidate/jessica-miranda-14449,/oh/race/ohio-house-of-representatives-district-28-46103,True
2020,28,"Democratic Party Primary Election April 28, 2020",Regina Collins Write-In,Democratic,0.0,0.0,Lost,12/31/2020,/oh/candidate/regina-collins,/oh/race/ohio-house-of-representatives-district-28-46103,False
2020,28,"Republican Party Primary Election April 28, 2020",Christopher Monzel,Republican,347057.99,341269.51,Advanced,12/31/2020,/oh/candidate/christopher-monzel-15199,/oh/race/ohio-house-of-representatives-district-28-46103,False
2020,29,"General Election November 3, 2020",Cindy Abrams,Republican,135457.99,104544.62,Won,12/31/2020,/oh/candidate/cindy-abrams-15157,/oh/race/ohio-house-of-representatives-district-29-46104,True
2020,29,"General Election November 3, 2020",Harrison Stanley Write-In,Independent,5275.0,4954.21,Lost,12/31/2020,/oh/candidate/harrison-stanley,/oh/race/ohio-house-of-representatives-district-29-46104,False
2020,29,"Republican Party Primary Election April 28, 2020",Cindy Abrams,Republican,135457.99,104544.62,Advanced,12/31/2020,/oh/candidate/cindy-abrams-15157,/oh/race/ohio-house-of-representatives-district-29-46104,True
2020,30,"General Election November 3, 2020",Bill Seitz,Republican,535533.51,501572.23,Won,12/31/2020,/oh/candidate/william-seitz-7262,/oh/race/ohio-house-of-representatives-district-30-46105,True
2020,30,"General Election November 3, 2020",Tom Roll,Independent,0.0,0.0,Lost,12/31/2020,,/oh/race/ohio-house-of-representatives-district-30-46105,False
2020,30,"Republican Party Primary Election April 28, 2020",Bill Seitz,Republican,535533.51,501572.23,Advanced,12/31/2020,/oh/candidate/william-seitz-7262,/oh/race/ohio-house-of-representatives-district-30-46105,True
2020,31,"General Election November 3, 2020",Brigid Kelly,Democratic,58020.2,33429.77,Won,12/31/2020,/oh/candidate/brigid-kelly-14310,/oh/race/ohio-house-of-representatives-district-31-46106,True
2020,31,"Democratic Party Primary Election April 28, 2020",Brigid Kelly,Democratic,58020.2,33429.77,Advanced,12/31/2020,/oh/candidate/brigid-kelly-14310,/oh/race/ohio-house-of-representatives-district-31-46106,True
2020,32,"General Election November 3, 2020",Catherine Ingram,Democratic,58444.4,57242.69,Won,12/31/2020,/oh/candidate/catherine-ingram-13992,/oh/race/ohio-house-of-representatives-district-32-46107,True
2020,32,"Democratic Party Primary Election April 28, 2020",Catherine Ingram,Democratic,58444.4,57242.69,Advanced,12/31/2020,/oh/candidate/catherine-ingram-13992,/oh/race/ohio-house-of-representatives-district-32-46107,True
2020,32,"Democratic Party Primary Election April 28, 2020",Dadrien Washington,Democratic,359.77,0.0,Lost,12/31/2020,/oh/candidate/dadrien-washington,/oh/race/ohio-house-of-representatives-district-32-46107,False
2020,33,"General Election November 3, 2020",Sedrick Denson,Democratic,35701.0,26381.72,Won,12/31/2020,/oh/candidate/sedrick-denson-14646,/oh/race/ohio-house-of-representatives-district-33-46108,True
2020,33,"General Election November 3, 2020",Mary Hill,Republican,4906.24,1353.47,Lost,12/31/2020,/oh/candidate/mary-hill,/oh/race/ohio-house-of-representatives-district-33-46108,False
2020,33,"Democratic Party Primary Election April 28, 2020",Sedrick Denson,Democratic,35701.0,26381.72,Advanced,12/31/2020,/oh/candidate/sedrick-denson-14646,/oh/race/ohio-house-of-representatives-district-33-46108,True
2020,33,"Democratic Party Primary Election April 28, 2020",Terrence Gragston,Democratic,4131.59,4125.76,Lost,12/31/2020,/oh/candidate/terrence-gragston,/oh/race/ohio-house-of-representatives-district-33-46108,False
2020,33,"Republican Party Primary Election April 28, 2020",Mary Hill,Republican,4906.24,1353.47,Advanced,12/31/2020,/oh/candidate/mary-hill,/oh/race/ohio-house-of-representatives-district-33-46108,False
2020,34,"General Election November 3, 2020",Emilia Sykes,Democratic,703478.33,635885.2,Won,12/31/2020,/oh/candidate/emilia-sykes-13913,/oh/race/ohio-house-of-representatives-district-34-46109,True
2020,34,"General Election November 3, 2020",Henry Todd,Republican,0.0,0.0,Lost,12/31/2020,,/oh/race/ohio-house-of-representatives-district-34-46109,False
2020,34,"Democratic Party Primary Election April 28, 2020",Emilia Sykes,Democratic,703478.33,635885.2,Advanced,12/31/2020,/oh/candidate/emilia-sykes-13913,/oh/race/ohio-house-of-representatives-district-34-46109,True
2020,34,"Republican Party Primary Election April 28, 2020",Henry Todd,Republican,0.0,0.0,Advanced,12/31/2020,,/oh/race/ohio-house-of-representatives-district-34-46109,False
2020,35,"General Election November 3, 2020",Tavia Galonski,Democratic,71086.28,62963.77,Won,12/31/2020,/oh/candidate/tavia-galonski-14677,/oh/race/ohio-house-of-representatives-district-35-46110,True
2020,35,"General Election November 3, 2020",Jodi Sarver,Republican,0.0,0.0,Lost,12/31/2020,,/oh/race/ohio-house-of-representatives-district-35-46110,False
2020,35,"Democratic Party Primary Election April 28, 2020",Tavia Galonski,Democratic,71086.28,62963.77,Advanced,12/31/2020,/oh/candidate/tavia-galonski-14677,/oh/race/ohio-house-of-representatives-district-35-46110,True
2020,35,"Republican Party Primary Election April 28, 2020",Jodi Sarver,Republican,0.0,0.0,Advanced,12/31/2020,,/oh/race/ohio-house-of-representatives-district-35-46110,False
2020,36,"General Election November 3, 2020",Bob Young,Republican,348455.05,92193.16,Won,12/31/2020,/oh/candidate/bob-young,/oh/race/ohio-house-of-representatives-district-36-46111,False
2020,36,"General Election November 3, 2020",Matthew Shaughnessy,Democratic,85111.81,79216.52,Lost,12/31/2020,/oh/candidate/matthew-shaughnessy,/oh/race/ohio-house-of-representatives-district-36-46111,False
2020,36,"Democratic Party Primary Election April 28, 2020",Matthew Shaughnessy,Democratic,85111.81,79216.52,Advanced,12/31/2020,/oh/candidate/matthew-shaughnessy,/oh/race/ohio-house-of-representatives-district-36-46111,False
2020,36,"Democratic Party Primary Election April 28, 2020",AJ Harris,Democratic,11411.98,8631.18,Lost,12/31/2020,/oh/candidate/aj-harris-15318,/oh/race/ohio-house-of-representatives-district-36-46111,False
2020,36,"Republican Party Primary Election April 28, 2020",Bob Young,Republican,348455.05,92193.16,Advanced,12/31/2020,/oh/candidate/bob-young,/oh/race/ohio-house-of-representatives-district-36-46111,False
2020,37,"General Election November 3, 2020",Casey Weinstein,Democratic,435843.86,338231.13,Won,12/31/2020,/oh/candidate/casey-weinstein-14549,/oh/race/ohio-house-of-representatives-district-37-46112,True
2020,37,"General Election November 3, 2020",Beth Bigham,Republican,310447.52,181185.15,Lost,12/31/2020,/oh/candidate/beth-bigham,/oh/race/ohio-house-of-representatives-district-37-46112,False
2020,37,"Democratic Party Primary Election April 28, 2020",Casey Weinstein,Democratic,435843.86,338231.13,Advanced,12/31/2020,/oh/candidate/casey-weinstein-14549,/oh/race/ohio-house-of-representatives-district-37-46112,True
2020,37,"Republican Party Primary Election April 28, 2020",Beth Bigham,Republican,310447.52,181185.15,Advanced,12/31/2020,/oh/candidate/beth-bigham,/oh/race/ohio-house-of-representatives-district-37-46112,False
2020,38,"General Election November 3, 2020",Bill Roemer,Republican,274845.32,58251.17,Won,12/31/2020,/oh/candidate/bill-roemer-14640,/oh/race/ohio-house-of-representatives-district-38-46113,True
2020,38,"General Election November 3, 2020",Joe Campbell,Democratic,6775.52,5737.79,Lost,12/31/2020,/oh/candidate/joe-campbell,/oh/race/ohio-house-of-representatives-district-38-46113,False
2020,38,"Democratic Party Primary Election April 28, 2020",Joe Campbell,Democratic,6775.52,5737.79,Advanced,12/31/2020,/oh/candidate/joe-campbell,/oh/race/ohio-house-of-representatives-district-38-46113,False
2020,38,"Republican Party Primary Election April 28, 2020",Bill Roemer,Republican,274845.32,58251.17,Advanced,12/31/2020,/oh/candidate/bill-roemer-14640,/oh/race/ohio-house-of-representatives-district-38-46113,True
2020,39,"General Election November 3, 2020",Willis Blackshear,Democratic,79483.83,65649.75,Won,12/31/2020,/oh/candidate/willis-blackshear-15219,/oh/race/ohio-house-of-representatives-district-39-46114,False
2020,39,"General Election November 3, 2020",John Ferrell Mullins III,Republican,0.0,0.0,Lost,12/31/2020,,/oh/race/ohio-house-of-representatives-district-39-46114,False
2020,39,"Democratic Party Primary Election April 28, 2020",Willis Blackshear,Democratic,79483.83,65649.75,Advanced,12/31/2020,/oh/candidate/willis-blackshear-15219,/oh/race/ohio-house-of-representatives-district-39-46114,False
2020,39,"Democratic Party Primary Election April 28, 2020",Walter Hickman,Democratic,0.0,0.0,Lost,12/31/2020,/oh/candidate/walter-hickman,/oh/race/ohio-house-of-representatives-district-39-46114,False
2020,39,"Democratic Party Primary Election April 28, 2020",Jo'El Jones,Democratic,8998.35,7479.95,Lost,12/31/2020,/oh/candidate/joel-jones,/oh/race/ohio-house-of-representatives-district-39-46114,False
2020,39,"Republican Party Primary Election April 28, 2020",John Ferrell Mullins III,Republican,0.0,0.0,Advanced,12/31/2020,,/oh/race/ohio-house-of-representatives-district-39-46114,False
2020,40,"General Election November 3, 2020",Phil Plummer,Republican,252774.77,170688.87,Won,12/31/2020,/oh/candidate/phil-plummer-14833,/oh/race/ohio-house-of-representatives-district-40-46115,True
2020,40,"General Election November 3, 2020",Leronda Jackson,Democratic,48285.94,56372.03,Lost,12/31/2020,/oh/candidate/leronda-jackson,/oh/race/ohio-house-of-representatives-district-40-46115,False
2020,40,"Democratic Party Primary Election April 28, 2020",Leronda Jackson,Democratic,48285.94,56372.03,Advanced,12/31/2020,/oh/candidate/leronda-jackson,/oh/race/ohio-house-of-representatives-district-40-46115,False
2020,40,"Republican Party Primary Election April 28, 2020",Phil Plummer,Republican,252774.77,170688.87,Advanced,12/31/2020,/oh/candidate/phil-plummer-14833,/oh/race/ohio-house-of-representatives-district-40-46115,True
2020,41,"General Election November 3, 2020",Andrea White,Republican,363128.79,91446.92,Won,12/31/2020,/oh/candidate/andrea-white-15240,/oh/race/ohio-house-of-representatives-district-41-46116,False
2020,41,"General Election November 3, 2020",Cate Berger,Democratic,33409.38,29118.19,Lost,12/31/2020,/oh/candidate/cate-berger-15256,/oh/race/ohio-house-of-representatives-district-41-46116,False
2020,41,"Democratic Party Primary Election April 28, 2020",Cate Berger,Democratic,33409.38,29118.19,Advanced,12/31/2020,/oh/candidate/cate-berger-15256,/oh/race/ohio-house-of-representatives-district-41-46116,False
2020,41,"Republican Party Primary Election April 28, 2020",Andrea White,Republican,363128.79,91446.92,Advanced,12/31/2020,/oh/candidate/andrea-white-15240,/oh/race/ohio-house-of-representatives-district-41-46116,False
2020,42,"General Election November 3, 2020",Tom Young,Republican,140215.01,91299.49,Won,12/31/2020,/oh/candidate/tom-young-11933,/oh/race/ohio-house-of-representatives-district-42-46117,False
2020,42,"General Election November 3, 2020",Brian Hyer,Independent,0.0,0.0,Withdrew,12/31/2020,,/oh/race/ohio-house-of-representatives-district-42-46117,False
2020,42,"Republican Party Primary Election April 28, 2020",Tom Young,Republican,140215.01,91299.49,Advanced,12/31/2020,/oh/candidate/tom-young-11933,/oh/race/ohio-house-of-representatives-district-42-46117,False
2020,42,"Republican Party Primary Election April 28, 2020",Jacob Stubbs,Republican,0.0,0.0,Lost,12/31/2020,/oh/candidate/jacob-stubbs,/oh/race/ohio-house-of-representatives-district-42-46117,False
2020,43,"General Election November 3, 2020",Rodney Creech,Republican,269678.2,96082.62,Won,12/31/2020,/oh/candidate/rodney-creech-15169,/oh/race/ohio-house-of-representatives-district-43-46118,False
2020,43,"General Election November 3, 2020",Amy Cox,Democratic,315315.8,225367.24,Lost,12/31/2020,/oh/candidate/amy-cox-15162,/oh/race/ohio-house-of-representatives-district-43-46118,False
2020,43,"Democratic Party Primary Election April 28, 2020",Amy Cox,Democratic,315315.8,225367.24,Advanced,12/31/2020,/oh/candidate/amy-cox-15162,/oh/race/ohio-house-of-representatives-district-43-46118,False
2020,43,"Republican Party Primary Election April 28, 2020",Rodney Creech,Republican,269678.2,96082.62,Advanced,12/31/2020,/oh/candidate/rodney-creech-15169,/oh/race/ohio-house-of-representatives-district-43-46118,False
2020,43,"Republican Party Primary Election April 28, 2020",Jeffrey Todd Smith,Republican,28785.51,12841.2,Lost,12/31/2020,/oh/candidate/jeffrey-smith-14939,/oh/race/ohio-house-of-representatives-district-43-46118,True
2020,44,"General Election November 3, 2020",Paula Hicks-Hudson,Democratic,118717.0,102162.89,Won,12/31/2020,/oh/candidate/paula-hicks-hudson-14990,/oh/race/ohio-house-of-representatives-district-44-46119,True
2020,44,"General Election November 3, 2020",Robert McMahon,Republican,0.0,0.0,Lost,12/31/2020,/oh/candidate/robert-mcmahon,/oh/race/ohio-house-of-representatives-district-44-46119,False
2020,44,"Democratic Party Primary Election April 28, 2020",Paula Hicks-Hudson Write-In,Democratic,118717.0,102162.89,Advanced,12/31/2020,/oh/candidate/paula-hicks-hudson-14990,/oh/race/ohio-house-of-representatives-district-44-46119,True
2020,44,"Republican Party Primary Election April 28, 2020",Robert McMahon,Republican,0.0,0.0,Advanced,12/31/2020,/oh/candidate/robert-mcmahon,/oh/race/ohio-house-of-representatives-district-44-46119,False
2020,45,"General Election November 3, 2020",Lisa Sobecki,Democratic,69948.88,34572.14,Won,12/31/2020,/oh/candidate/lisa-sobecki-14991,/oh/race/ohio-house-of-representatives-district-45-46120,True
2020,45,"General Election November 3, 2020",Shane Logan,Republican,345.0,381.01,Lost,12/31/2020,/oh/candidate/shane-logan,/oh/race/ohio-house-of-representatives-district-45-46120,False
2020,45,"Democratic Party Primary Election April 28, 2020",Lisa Sobecki,Democratic,69948.88,34572.14,Advanced,12/31/2020,/oh/candidate/lisa-sobecki-14991,/oh/race/ohio-house-of-representatives-district-45-46120,True
2020,45,"Republican Party Primary Election April 28, 2020",Shane Logan,Republican,345.0,381.01,Advanced,12/31/2020,/oh/candidate/shane-logan,/oh/race/ohio-house-of-representatives-district-45-46120,False
2020,46,"General Election November 3, 2020",Michael Sheehy,Democratic,56435.41,43124.64,Won,12/31/2020,/oh/candidate/michael-sheehy-13926,/oh/race/ohio-house-of-representatives-district-46-46121,True
2020,46,"General Election November 3, 2020",Steven Salander,Republican,550.0,482.73,Lost,12/31/2020,/oh/candidate/steven-salander,/oh/race/ohio-house-of-representatives-district-46-46121,False
2020,46,"Democratic Party Primary Election April 28, 2020",Michael Sheehy,Democratic,56435.41,43124.64,Advanced,12/31/2020,/oh/candidate/michael-sheehy-13926,/oh/race/ohio-house-of-representatives-district-46-46121,True
2020,46,"Republican Party Primary Election April 28, 2020",Steven Salander,Republican,550.0,482.73,Advanced,12/31/2020,/oh/candidate/steven-salander,/oh/race/ohio-house-of-representatives-district-46-46121,False
2020,47,"General Election November 3, 2020",Derek Merrin,Republican,309009.26,185239.87,Won,12/31/2020,/oh/candidate/derek-merrin-14395,/oh/race/ohio-house-of-representatives-district-47-46122,True
2020,47,"General Election November 3, 2020",Nancy Larson,Democratic,71756.45,62407.18,Lost,12/31/2020,/oh/candidate/nancy-larson-15179,/oh/race/ohio-house-of-representatives-district-47-46122,False
2020,47,"Democratic Party Primary Election April 28, 2020",Nancy Larson,Democratic,71756.45,62407.18,Advanced,12/31/2020,/oh/candidate/nancy-larson-15179,/oh/race/ohio-house-of-representatives-district-47-46122,False
2020,47,"Republican Party Primary Election April 28, 2020",Derek Merrin,Republican,309009.26,185239.87,Advanced,12/31/2020,/oh/candidate/derek-merrin-14395,/oh/race/ohio-house-of-representatives-district-47-46122,True
2020,48,"General Election November 3, 2020",Scott Oelslager,Republican,289021.44,276975.3,Won,12/31/2020,/oh/candidate/scott-oelslager-250,/oh/race/ohio-house-of-representatives-district-48-46123,True
2020,48,"General Election November 3, 2020",Jean Mastin Write-In,Independent,0.0,0.0,Lost,12/31/2020,,/oh/race/ohio-house-of-representatives-district-48-46123,False
2020,48,"Republican Party Primary Election April 28, 2020",Scott Oelslager,Republican,289021.44,276975.3,Advanced,12/31/2020,/oh/candidate/scott-oelslager-250,/oh/race/ohio-house-of-representatives-district-48-46123,True
2020,49,"General Election November 3, 2020",Thomas West,Democratic,109894.57,67014.29,Won,12/31/2020,/oh/candidate/thomas-west-11394,/oh/race/ohio-house-of-representatives-district-49-46124,True
2020,49,"General Election November 3, 2020",James Haavisto,Republican,0.0,0.0,Lost,12/31/2020,/oh/candidate/james-haavisto,/oh/race/ohio-house-of-representatives-district-49-46124,False
2020,49,"Democratic Party Primary Election April 28, 2020",Thomas West,Democratic,109894.57,67014.29,Advanced,12/31/2020,/oh/candidate/thomas-west-11394,/oh/race/ohio-house-of-representatives-district-49-46124,True
2020,49,"Republican Party Primary Election April 28, 2020",James Haavisto,Republican,0.0,0.0,Advanced,12/31/2020,/oh/candidate/james-haavisto,/oh/race/ohio-house-of-representatives-district-49-46124,False
2020,50,"General Election November 3, 2020",Reginald Stoltzfus,Republican,87796.01,75607.57,Won,12/31/2020,/oh/candidate/reginald-stoltzfus-14681,/oh/race/ohio-house-of-representatives-district-50-46125,True
2020,50,"General Election November 3, 2020",Brian Simeone,Democratic,1225.0,1276.43,Lost,12/31/2020,/oh/candidate/brian-simeone,/oh/race/ohio-house-of-representatives-district-50-46125,False
2020,50,"Democratic Party Primary Election April 28, 2020",Brian Simeone,Democratic,1225.0,1276.43,Advanced,12/31/2020,/oh/candidate/brian-simeone,/oh/race/ohio-house-of-representatives-district-50-46125,False
2020,50,"Republican Party Primary Election April 28, 2020",Reginald Stoltzfus,Republican,87796.01,75607.57,Advanced,12/31/2020,/oh/candidate/reginald-stoltzfus-14681,/oh/race/ohio-house-of-representatives-district-50-46125,True
2020,51,"General Election November 3, 2020",Sara Carruthers,Republican,76085.0,57893.12,Won,12/31/2020,/oh/candidate/sara-carruthers-14864,/oh/race/ohio-house-of-representatives-district-51-46126,True
2020,51,"General Election November 3, 2020",Johnny Hamilton Write-In,Independent,0.0,0.0,Lost,12/31/2020,/oh/candidate/johnny-hamilton,/oh/race/ohio-house-of-representatives-district-51-46126,False
2020,51,"Republican Party Primary Election April 28, 2020",Sara Carruthers,Republican,76085.0,57893.12,Advanced,12/31/2020,/oh/candidate/sara-carruthers-14864,/oh/race/ohio-house-of-representatives-district-51-46126,True
2020,52,"General Election November 3, 2020",Jennifer Gross,Republican,25190.0,44025.95,Won,12/31/2020,/oh/candidate/jennifer-gross-15181,/oh/race/ohio-house-of-representatives-district-52-46127,False
2020,52,"General Election November 3, 2020",Charles Horn,Democratic,2483.67,10206.98,Lost,12/31/2020,/oh/candidate/charles-horn-15257,/oh/race/ohio-house-of-representatives-district-52-46127,False
2020,52,"Democratic Party Primary Election April 28, 2020",Charles Horn,Democratic,2483.67,10206.98,Advanced,12/31/2020,/oh/candidate/charles-horn-15257,/oh/race/ohio-house-of-representatives-district-52-46127,False
2020,52,"Republican Party Primary Election April 28, 2020",Jennifer Gross,Republican,25190.0,44025.95,Advanced,12/31/2020,/oh/candidate/jennifer-gross-15181,/oh/race/ohio-house-of-representatives-district-52-46127,False
2020,52,"Republican Party Primary Election April 28, 2020",Mark Welch,Republican,70728.2,58056.43,Lost,12/31/2020,/oh/candidate/mark-welch-15285,/oh/race/ohio-house-of-representatives-district-52-46127,False
2020,53,"General Election November 3, 2020",Thomas Hall,Republican,65363.14,53386.83,Won,12/31/2020,/oh/candidate/thomas-hall-15205,/oh/race/ohio-house-of-representatives-district-53-46128,False
2020,53,"General Election November 3, 2020",Michelle Novak,Democratic,31961.3,28452.74,Lost,12/31/2020,/oh/candidate/michelle-novak-15297,/oh/race/ohio-house-of-representatives-district-53-46128,False
2020,53,"Democratic Party Primary Election April 28, 2020",Michelle Novak,Democratic,31961.3,28452.74,Advanced,12/31/2020,/oh/candidate/michelle-novak-15297,/oh/race/ohio-house-of-representatives-district-53-46128,False
2020,53,"Republican Party Primary Election April 28, 2020",Thomas Hall,Republican,65363.14,53386.83,Advanced,12/31/2020,/oh/candidate/thomas-hall-15205,/oh/race/ohio-house-of-representatives-district-53-46128,False
2020,53,"Republican Party Primary Election April 28, 2020",Brett Guido,Republican,6669.78,3316.53,Lost,12/31/2020,/oh/candidate/brett-guido,/oh/race/ohio-house-of-representatives-district-53-46128,False
2020,53,"Republican Party Primary Election April 28, 2020",Diane Mullins,Republican,19746.64,18681.23,Lost,12/31/2020,/oh/candidate/teresa-mullins-15177,/oh/race/ohio-house-of-representatives-district-53-46128,False
2020,53,"Republican Party Primary Election April 28, 2020",Jeffrey Wellbaum,Republican,606.07,606.07,Withdrew,12/31/2020,/oh/candidate/jeffrey-wellbaum-13366,/oh/race/ohio-house-of-representatives-district-53-46128,False
2020,54,"General Election November 3, 2020",Paul Zeltwanger,Republican,9315.17,2506.89,Won,12/31/2020,/oh/candidate/paul-zeltwanger-14081,/oh/race/ohio-house-of-representatives-district-54-46129,True
2020,54,"General Election November 3, 2020",Morgan Showen,Democratic,38308.09,30788.4,Lost,12/31/2020,/oh/candidate/morgan-showen-15264,/oh/race/ohio-house-of-representatives-district-54-46129,False
2020,54,"Democratic Party Primary Election April 28, 2020",Morgan Showen,Democratic,38308.09,30788.4,Advanced,12/31/2020,/oh/candidate/morgan-showen-15264,/oh/race/ohio-house-of-representatives-district-54-46129,False
2020,54,"Republican Party Primary Election April 28, 2020",Paul Zeltwanger,Republican,9315.17,2506.89,Advanced,12/31/2020,/oh/candidate/paul-zeltwanger-14081,/oh/race/ohio-house-of-representatives-district-54-46129,True
2020,55,"General Election November 3, 2020",Gayle L Manning,Republican,531423.25,284564.4,Won,12/31/2020,/oh/candidate/gayle-manning-13283,/oh/race/ohio-house-of-representatives-district-55-46130,True
2020,55,"General Election November 3, 2020",Zach Stepp,Democratic,273372.59,162967.24,Lost,12/31/2020,/oh/candidate/zach-stepp-15198,/oh/race/ohio-house-of-representatives-district-55-46130,False
2020,55,"General Election November 3, 2020",Dale Stein Write-In,Independent,0.0,0.0,Lost,12/31/2020,,/oh/race/ohio-house-of-representatives-district-55-46130,False
2020,55,"Democratic Party Primary Election April 28, 2020",Zach Stepp,Democratic,273372.59,162967.24,Advanced,12/31/2020,/oh/candidate/zach-stepp-15198,/oh/race/ohio-house-of-representatives-district-55-46130,False
2020,55,"Republican Party Primary Election April 28, 2020",Gayle L Manning,Republican,531423.25,284564.4,Advanced,12/31/2020,/oh/candidate/gayle-manning-13283,/oh/race/ohio-house-of-representatives-district-55-46130,True
2020,56,"General Election November 3, 2020",Joseph A Miller III,Democratic,101145.34,52117.63,Won,12/31/2020,/oh/candidate/joseph-miller-14808,/oh/race/ohio-house-of-representatives-district-56-46131,True
2020,56,"General Election November 3, 2020",Brad Lacko,Republican,1520.79,946.38,Lost,12/31/2020,/oh/candidate/brad-lacko,/oh/race/ohio-house-of-representatives-district-56-46131,False
2020,56,"Democratic Party Primary Election April 28, 2020",Joseph A Miller III,Democratic,101145.34,52117.63,Advanced,12/31/2020,/oh/candidate/joseph-miller-14808,/oh/race/ohio-house-of-representatives-district-56-46131,True
2020,56,"Republican Party Primary Election April 28, 2020",Brad Lacko,Republican,1520.79,946.38,Advanced,12/31/2020,/oh/candidate/brad-lacko,/oh/race/ohio-house-of-representatives-district-56-46131,False
2020,57,"General Election November 3, 2020",Dick Stein,Republican,89287.27,72237.28,Won,12/31/2020,/oh/candidate/richard-stein-14443,/oh/race/ohio-house-of-representatives-district-57-46132,True
2020,57,"General Election November 3, 2020",Dara Adkison,Democratic,13150.53,9960.32,Lost,12/31/2020,/oh/candidate/dara-adkison-15284,/oh/race/ohio-house-of-representatives-district-57-46132,False
2020,57,"Democratic Party Primary Election April 28, 2020",Dara Adkison,Democratic,13150.53,9960.32,Advanced,12/31/2020,/oh/candidate/dara-adkison-15284,/oh/race/ohio-house-of-representatives-district-57-46132,False
2020,57,"Republican Party Primary Election April 28, 2020",Dick Stein,Republican,89287.27,72237.28,Advanced,12/31/2020,/oh/candidate/richard-stein-14443,/oh/race/ohio-house-of-representatives-district-57-46132,True
2020,58,"General Election November 3, 2020",Michele Lepore Hagan,Democratic,68359.88,59591.29,Won,12/31/2020,/oh/candidate/michele-lepore-hagan-13931,/oh/race/ohio-house-of-representatives-district-58-46133,True
2020,58,"General Election November 3, 2020",David Simon,Republican,11194.13,8199.37,Lost,12/31/2020,/oh/candidate/david-simon,/oh/race/ohio-house-of-representatives-district-58-46133,False
2020,58,"Democratic Party Primary Election April 28, 2020",Michele Lepore Hagan,Democratic,68359.88,59591.29,Advanced,12/31/2020,/oh/candidate/michele-lepore-hagan-13931,/oh/race/ohio-house-of-representatives-district-58-46133,True
2020,58,"Republican Party Primary Election April 28, 2020",David Simon,Republican,11194.13,8199.37,Advanced,12/31/2020,/oh/candidate/david-simon,/oh/race/ohio-house-of-representatives-district-58-46133,False
2020,59,"General Election November 3, 2020",Alessandro Cutrona,Republican,389459.76,117919.36,Won,12/31/2020,/oh/candidate/alessandro-cutrona,/oh/race/ohio-house-of-representatives-district-59-46134,True
2020,59,"General Election November 3, 2020",Don Manning,Republican,76199.0,76096.79,Withdrew,12/31/2020,/oh/candidate/don-manning-14433,/oh/race/ohio-house-of-representatives-district-59-46134,True
2020,59,"General Election November 3, 2020",Christopher Stanley,Democratic,112758.0,93244.26,Lost,12/31/2020,/oh/candidate/christopher-stanley,/oh/race/ohio-house-of-representatives-district-59-46134,False
2020,59,"Democratic Party Primary Election April 28, 2020",Christopher Stanley,Democratic,112758.0,93244.26,Advanced,12/31/2020,/oh/candidate/christopher-stanley,/oh/race/ohio-house-of-representatives-district-59-46134,False
2020,59,"Republican Party Primary Election April 28, 2020",Don Manning,Republican,76199.0,76096.79,Advanced,12/31/2020,/oh/candidate/don-manning-14433,/oh/race/ohio-house-of-representatives-district-59-46134,True
2020,60,"General Election November 3, 2020",Daniel Troy,Democratic,194468.28,111488.79,Won,12/31/2020,/oh/candidate/daniel-troy-270,/oh/race/ohio-house-of-representatives-district-60-46135,False
2020,60,"General Election November 3, 2020",George Phillips,Republican,104092.99,64075.28,Lost,12/31/2020,/oh/candidate/george-phillips-10045,/oh/race/ohio-house-of-representatives-district-60-46135,False
2020,60,"Democratic Party Primary Election April 28, 2020",Daniel Troy,Democratic,194468.28,111488.79,Advanced,12/31/2020,/oh/candidate/daniel-troy-270,/oh/race/ohio-house-of-representatives-district-60-46135,False
2020,60,"Republican Party Primary Election April 28, 2020",George Phillips,Republican,104092.99,64075.28,Advanced,12/31/2020,/oh/candidate/george-phillips-10045,/oh/race/ohio-house-of-representatives-district-60-46135,False
2020,61,"General Election November 3, 2020",Jamie Callender,Republican,162612.55,156658.48,Won,12/31/2020,/oh/candidate/jamie-callender-433,/oh/race/ohio-house-of-representatives-district-61-46136,True
2020,61,"General Election November 3, 2020",Adam Dudziak,Democratic,16489.48,14267.22,Lost,12/31/2020,/oh/candidate/adam-dudziak-15303,/oh/race/ohio-house-of-representatives-district-61-46136,False
2020,61,"Democratic Party Primary Election April 28, 2020",Adam Dudziak,Democratic,16489.48,14267.22,Advanced,12/31/2020,/oh/candidate/adam-dudziak-15303,/oh/race/ohio-house-of-representatives-district-61-46136,False
2020,61,"Republican Party Primary Election April 28, 2020",Jamie Callender,Republican,162612.55,156658.48,Advanced,12/31/2020,/oh/candidate/jamie-callender-433,/oh/race/ohio-house-of-representatives-district-61-46136,True
2020,62,"General Election November 3, 2020",Scott Lipps,Republican,135564.63,112210.05,Won,12/31/2020,/oh/candidate/p-lipps-14303,/oh/race/ohio-house-of-representatives-district-62-46137,True
2020,62,"General Election November 3, 2020",Erin Rosiello,Democratic,27653.34,20561.34,Lost,12/31/2020,/oh/candidate/erin-rosiello-15271,/oh/race/ohio-house-of-representatives-district-62-46137,False
2020,62,"Democratic Party Primary Election April 28, 2020",Erin Rosiello,Democratic,27653.34,20561.34,Advanced,12/31/2020,/oh/candidate/erin-rosiello-15271,/oh/race/ohio-house-of-representatives-district-62-46137,False
2020,62,"Republican Party Primary Election April 28, 2020",Scott Lipps,Republican,135564.63,112210.05,Advanced,12/31/2020,/oh/candidate/p-lipps-14303,/oh/race/ohio-house-of-representatives-district-62-46137,True
2020,63,"General Election November 3, 2020",Michael Loychik,Republican,123258.67,111137.38,Won,12/31/2020,/oh/candidate/michael-loychik,/oh/race/ohio-house-of-representatives-district-63-46138,False
2020,63,"General Election November 3, 2020",Gil Blair,Democratic,101933.2,87556.63,Lost,12/31/2020,/oh/candidate/j-blair-15189,/oh/race/ohio-house-of-representatives-district-63-46138,True
2020,63,"Democratic Party Primary Election April 28, 2020",Gil Blair,Democratic,101933.2,87556.63,Advanced,12/31/2020,/oh/candidate/j-blair-15189,/oh/race/ohio-house-of-representatives-district-63-46138,True
2020,63,"Democratic Party Primary Election April 28, 2020",Werner Lange,Democratic,1434.4,1434.4,Lost,12/31/2020,/oh/candidate/werner-lange-8944,/oh/race/ohio-house-of-representatives-district-63-46138,False
2020,63,"Democratic Party Primary Election April 28, 2020",Barry Profato,Democratic,0.0,0.0,Lost,12/31/2020,/oh/candidate/barry-profato,/oh/race/ohio-house-of-representatives-district-63-46138,False
2020,63,"Republican Party Primary Election April 28, 2020",Michael Loychik,Republican,123258.67,111137.38,Advanced,12/31/2020,/oh/candidate/michael-loychik,/oh/race/ohio-house-of-representatives-district-63-46138,False
2020,64,"General Election November 3, 2020",Michael O'Brien,Democratic,82931.15,52001.61,Won,12/31/2020,/oh/candidate/michael-obrien-13993,/oh/race/ohio-house-of-representatives-district-64-46139,True
2020,64,"General Election November 3, 2020",Martha Yoder,Republican,34403.6,48872.66,Lost,12/31/2020,/oh/candidate/martha-yoder-14487,/oh/race/ohio-house-of-representatives-district-64-46139,False
2020,64,"Democratic Party Primary Election April 28, 2020",Michael O'Brien,Democratic,82931.15,52001.61,Advanced,12/31/2020,/oh/candidate/michael-obrien-13993,/oh/race/ohio-house-of-representatives-district-64-46139,True
2020,64,"Republican Party Primary Election April 28, 2020",Martha Yoder,Republican,34403.6,48872.66,Advanced,12/31/2020,/oh/candidate/martha-yoder-14487,/oh/race/ohio-house-of-representatives-district-64-46139,False
2020,65,"General Election November 3, 2020",Jeannette Schmidt,Republican,260673.26,66455.66,Won,12/31/2020,/oh/candidate/jeannette-schmidt-7321,/oh/race/ohio-house-of-representatives-district-65-46140,False
2020,65,"General Election November 3, 2020",Alan Darnowsky,Democratic,9924.4,8404.57,Lost,12/31/2020,/oh/candidate/alan-darnowsky-15258,/oh/race/ohio-house-of-representatives-district-65-46140,False
2020,65,"General Election November 3, 2020",Jim Lewis Write-In,Independent,2667.73,2667.73,Lost,12/31/2020,/oh/candidate/jim-lewis,/oh/race/ohio-house-of-representatives-district-65-46140,False
2020,65,"Democratic Party Primary Election April 28, 2020",Alan Darnowsky,Democratic,9924.4,8404.57,Advanced,12/31/2020,/oh/candidate/alan-darnowsky-15258,/oh/race/ohio-house-of-representatives-district-65-46140,False
2020,65,"Republican Party Primary Election April 28, 2020",Jeannette Schmidt,Republican,260673.26,66455.66,Advanced,12/31/2020,/oh/candidate/jeannette-schmidt-7321,/oh/race/ohio-house-of-representatives-district-65-46140,False
2020,65,"Republican Party Primary Election April 28, 2020",Dillon Blevins,Republican,5062.58,559.7,Lost,12/31/2020,/oh/candidate/dillon-blevins,/oh/race/ohio-house-of-representatives-district-65-46140,False
2020,65,"Republican Party Primary Election April 28, 2020",Joseph Dills,Republican,54679.73,65540.0,Lost,12/31/2020,/oh/candidate/joseph-dills-15143,/oh/race/ohio-house-of-representatives-district-65-46140,False
2020,66,"General Election November 3, 2020",Adam Bird,Republican,35114.09,27768.05,Won,12/31/2020,/oh/candidate/adam-bird-15144,/oh/race/ohio-house-of-representatives-district-66-46141,False
2020,66,"General Election November 3, 2020",Alicia Gee Write-In,Independent,1878.63,1739.98,Lost,12/31/2020,/oh/candidate/alicia-gee,/oh/race/ohio-house-of-representatives-district-66-46141,False
2020,66,"Republican Party Primary Election April 28, 2020",Adam Bird,Republican,35114.09,27768.05,Advanced,12/31/2020,/oh/candidate/adam-bird-15144,/oh/race/ohio-house-of-representatives-district-66-46141,False
2020,66,"Republican Party Primary Election April 28, 2020",Allen Freeman,Republican,110879.34,17105.68,Lost,12/31/2020,/oh/candidate/allen-freeman,/oh/race/ohio-house-of-representatives-district-66-46141,False
2020,66,"Republican Party Primary Election April 28, 2020",Nick Owens,Republican,26608.41,37216.9,Lost,12/31/2020,/oh/candidate/nicholas-owens-13542,/oh/race/ohio-house-of-representatives-district-66-46141,False
2020,67,"General Election November 3, 2020",Kris Jordan,Republican,210046.14,18292.69,Won,12/31/2020,/oh/candidate/kris-jordan-12136,/oh/race/ohio-house-of-representatives-district-67-46142,True
2020,67,"General Election November 3, 2020",Rachael Morocco,Democratic,158586.16,120230.2,Lost,12/31/2020,/oh/candidate/rachael-morocco-15186,/oh/race/ohio-house-of-representatives-district-67-46142,False
2020,67,"Democratic Party Primary Election April 28, 2020",Rachael Morocco,Democratic,158586.16,120230.2,Advanced,12/31/2020,/oh/candidate/rachael-morocco-15186,/oh/race/ohio-house-of-representatives-district-67-46142,False
2020,67,"Republican Party Primary Election April 28, 2020",Kris Jordan,Republican,210046.14,18292.69,Advanced,12/31/2020,/oh/candidate/kris-jordan-12136,/oh/race/ohio-house-of-representatives-district-67-46142,True
2020,68,"General Election November 3, 2020",Rick Carfagna,Republican,290163.64,275435.7,Won,12/31/2020,/oh/candidate/rick-carfagna-14355,/oh/race/ohio-house-of-representatives-district-68-46143,True
2020,68,"General Election November 3, 2020",Steven Mount,Democratic,9455.0,2258.09,Lost,12/31/2020,/oh/candidate/steven-mount,/oh/race/ohio-house-of-representatives-district-68-46143,False
2020,68,"Democratic Party Primary Election April 28, 2020",Steven Mount,Democratic,9455.0,2258.09,Advanced,12/31/2020,/oh/candidate/steven-mount,/oh/race/ohio-house-of-representatives-district-68-46143,False
2020,68,"Republican Party Primary Election April 28, 2020",Rick Carfagna,Republican,290163.64,275435.7,Advanced,12/31/2020,/oh/candidate/rick-carfagna-14355,/oh/race/ohio-house-of-representatives-district-68-46143,True
2020,69,"General Election November 3, 2020",Sharon Ray,Republican,246070.59,52336.02,Won,12/31/2020,/oh/candidate/sharon-ray-15184,/oh/race/ohio-house-of-representatives-district-69-46144,False
2020,69,"General Election November 3, 2020",Donna Beheydt,Democratic,36322.79,21927.77,Lost,12/31/2020,/oh/candidate/donna-beheydt-15156,/oh/race/ohio-house-of-representatives-district-69-46144,False
2020,69,"Democratic Party Primary Election April 28, 2020",Donna Beheydt,Democratic,36322.79,21927.77,Advanced,12/31/2020,/oh/candidate/donna-beheydt-15156,/oh/race/ohio-house-of-representatives-district-69-46144,False
2020,69,"Republican Party Primary Election April 28, 2020",Sharon Ray,Republican,246070.59,52336.02,Advanced,12/31/2020,/oh/candidate/sharon-ray-15184,/oh/race/ohio-house-of-representatives-district-69-46144,False
2020,70,"General Election November 3, 2020",Darrell Kick,Republican,28195.0,26354.95,Won,12/31/2020,/oh/candidate/darrell-kick-14458,/oh/race/ohio-house-of-representatives-district-70-46145,True
2020,70,"General Election November 3, 2020",Kevin Barnet,Democratic,3172.0,3019.75,Lost,12/31/2020,/oh/candidate/kevin-barnet,/oh/race/ohio-house-of-representatives-district-70-46145,False
2020,70,"Democratic Party Primary Election April 28, 2020",Kevin Barnet,Democratic,3172.0,3019.75,Advanced,12/31/2020,/oh/candidate/kevin-barnet,/oh/race/ohio-house-of-representatives-district-70-46145,False
2020,70,"Republican Party Primary Election April 28, 2020",Darrell Kick,Republican,28195.0,26354.95,Advanced,12/31/2020,/oh/candidate/darrell-kick-14458,/oh/race/ohio-house-of-representatives-district-70-46145,True
2020,70,"Republican Party Primary Election April 28, 2020",Terry Robertson,Republican,491.27,0.0,Lost,12/31/2020,/oh/candidate/terry-robertson-15197,/oh/race/ohio-house-of-representatives-district-70-46145,False
2020,71,"General Election November 3, 2020",Mark Fraizer,Republican,872075.14,113043.47,Won,12/31/2020,/oh/candidate/mark-fraizer,/oh/race/ohio-house-of-representatives-district-71-46146,True
2020,71,"General Election November 3, 2020",Mark Carr,Democratic,16116.43,14662.87,Lost,12/31/2020,/oh/candidate/mark-carr,/oh/race/ohio-house-of-representatives-district-71-46146,False
2020,71,"Democratic Party Primary Election April 28, 2020",Mark Carr,Democratic,16116.43,14662.87,Advanced,12/31/2020,/oh/candidate/mark-carr,/oh/race/ohio-house-of-representatives-district-71-46146,False
2020,71,"Republican Party Primary Election April 28, 2020",Mark Fraizer,Republican,872075.14,113043.47,Advanced,12/31/2020,/oh/candidate/mark-fraizer,/oh/race/ohio-house-of-representatives-district-71-46146,True
2020,71,"Republican Party Primary Election April 28, 2020",Thaddeus Claggett,Republican,35185.2,137968.51,Lost,12/31/2020,/oh/candidate/thaddeus-claggett,/oh/race/ohio-house-of-representatives-district-71-46146,False
2020,72,"General Election November 3, 2020",Larry Householder,Republican,2833341.57,2436653.44,Won,12/31/2020,/oh/candidate/larry-householder-409,/oh/race/ohio-house-of-representatives-district-72-46147,True
2020,72,"General Election November 3, 2020",Marci McCaulay Write-In,Democratic,25700.0,18272.84,Lost,12/31/2020,/oh/candidate/marci-mccaulay,/oh/race/ohio-house-of-representatives-district-72-46147,False
2020,72,"General Election November 3, 2020",Jay Conrad Write-In,Republican,5923.73,5903.36,Lost,12/31/2020,/oh/candidate/jay-conrad,/oh/race/ohio-house-of-representatives-district-72-46147,False
2020,72,"General Election November 3, 2020",Robert Leist Write-In,Libertarian,19895.0,18381.39,Lost,12/31/2020,/oh/candidate/robert-leist,/oh/race/ohio-house-of-representatives-district-72-46147,False
2020,72,"General Election November 3, 2020",Kaitlyn Clark Write-In,Independent,540.0,256.29,Lost,12/31/2020,/oh/candidate/kaitlyn-clark,/oh/race/ohio-house-of-representatives-district-72-46147,False
2020,72,"Republican Party Primary Election April 28, 2020",Larry Householder,Republican,2833341.57,2436653.44,Advanced,12/31/2020,/oh/candidate/larry-householder-409,/oh/race/ohio-house-of-representatives-district-72-46147,True
2020,73,"General Election November 3, 2020",Brian Lampton,Republican,189584.34,96436.67,Won,12/31/2020,/oh/candidate/brian-lampton-12127,/oh/race/ohio-house-of-representatives-district-73-46148,False
2020,73,"General Election November 3, 2020",Kim Mccarthy,Democratic,53226.81,52037.58,Lost,12/31/2020,/oh/candidate/kim-mccarthy-14809,/oh/race/ohio-house-of-representatives-district-73-46148,False
2020,73,"Democratic Party Primary Election April 28, 2020",Kim Mccarthy,Democratic,53226.81,52037.58,Advanced,12/31/2020,/oh/candidate/kim-mccarthy-14809,/oh/race/ohio-house-of-representatives-district-73-46148,False
2020,73,"Republican Party Primary Election April 28, 2020",Brian Lampton,Republican,189584.34,96436.67,Advanced,12/31/2020,/oh/candidate/brian-lampton-12127,/oh/race/ohio-house-of-representatives-district-73-46148,False
2020,73,"Republican Party Primary Election April 28, 2020",John Broughton,Republican,750.0,17701.5,Lost,12/31/2020,/oh/candidate/john-broughton,/oh/race/ohio-house-of-representatives-district-73-46148,False
2020,74,"General Election November 3, 2020",Bill Dean,Republican,14335.0,3645.06,Won,12/31/2020,/oh/candidate/william-dean-14494,/oh/race/ohio-house-of-representatives-district-74-46149,True
2020,74,"General Election November 3, 2020",Michael Johnston Write-In,Democratic,0.0,0.0,Lost,12/31/2020,/oh/candidate/michael-johnston,/oh/race/ohio-house-of-representatives-district-74-46149,False
2020,74,"General Election November 3, 2020",Ted McClenen Write-In,Democratic,0.0,0.0,Lost,12/31/2020,,/oh/race/ohio-house-of-representatives-district-74-46149,False
2020,74,"Republican Party Primary Election April 28, 2020",Bill Dean,Republican,14335.0,3645.06,Advanced,12/31/2020,/oh/candidate/william-dean-14494,/oh/race/ohio-house-of-representatives-district-74-46149,True
2020,75,"General Election November 3, 2020",Gail Pavliga,Republican,14846.92,14291.1,Won,12/31/2020,/oh/candidate/gail-pavliga,/oh/race/ohio-house-of-representatives-district-75-46150,False
2020,75,"General Election November 3, 2020",Randi Clites,Democratic,167274.06,133619.31,Lost,12/31/2020,/oh/candidate/randi-clites-14731,/oh/race/ohio-house-of-representatives-district-75-46150,True
2020,75,"Democratic Party Primary Election April 28, 2020",Randi Clites,Democratic,167274.06,133619.31,Advanced,12/31/2020,/oh/candidate/randi-clites-14731,/oh/race/ohio-house-of-representatives-district-75-46150,True
2020,75,"Republican Party Primary Election April 28, 2020",Gail Pavliga,Republican,14846.92,14291.1,Advanced,12/31/2020,/oh/candidate/gail-pavliga,/oh/race/ohio-house-of-representatives-district-75-46150,False
2020,76,"General Election November 3, 2020",Diane Grendell,Republican,514193.71,37776.61,Won,12/31/2020,/oh/candidate/diane-grendell-15187,/oh/race/ohio-house-of-representatives-district-76-46151,True
2020,76,"General Election November 3, 2020",Garrett Westhoven,Democratic,4487.44,4102.25,Lost,12/31/2020,/oh/candidate/garrett-westhoven-15314,/oh/race/ohio-house-of-representatives-district-76-46151,False
2020,76,"Democratic Party Primary Election April 28, 2020",Garrett Westhoven,Democratic,4487.44,4102.25,Advanced,12/31/2020,/oh/candidate/garrett-westhoven-15314,/oh/race/ohio-house-of-representatives-district-76-46151,False
2020,76,"Republican Party Primary Election April 28, 2020",Diane Grendell,Republican,514193.71,37776.61,Advanced,12/31/2020,/oh/candidate/diane-grendell-15187,/oh/race/ohio-house-of-representatives-district-76-46151,True
2020,76,"Republican Party Primary Election April 28, 2020",Frank Hall,Republican,6710.0,6710.49,Lost,12/31/2020,/oh/candidate/frank-hall,/oh/race/ohio-house-of-representatives-district-76-46151,False
2020,77,"General Election November 3, 2020",Jeff LaRe,Republican,222211.41,149289.43,Won,12/31/2020,/oh/candidate/jeff-lare-15172,/oh/race/ohio-house-of-representatives-district-77-46152,True
2020,77,"General Election November 3, 2020",Melissa Wilde,Democratic,27346.15,25228.47,Lost,12/31/2020,/oh/candidate/melissa-wilde,/oh/race/ohio-house-of-representatives-district-77-46152,False
2020,77,"Democratic Party Primary Election April 28, 2020",Melissa Wilde,Democratic,27346.15,25228.47,Advanced,12/31/2020,/oh/candidate/melissa-wilde,/oh/race/ohio-house-of-representatives-district-77-46152,False
2020,77,"Republican Party Primary Election April 28, 2020",Jeff LaRe,Republican,222211.41,149289.43,Advanced,12/31/2020,/oh/candidate/jeff-lare-15172,/oh/race/ohio-house-of-representatives-district-77-46152,True
2020,78,"General Election November 3, 2020",Brian Stewart,Republican,171335.92,77746.1,Won,12/31/2020,/oh/candidate/brian-stewart-15227,/oh/race/ohio-house-of-representatives-district-78-46153,False
2020,78,"General Election November 3, 2020",Charlotte Owens,Democratic,8009.19,6025.1,Lost,12/31/2020,/oh/candidate/charlotte-owens,/oh/race/ohio-house-of-representatives-district-78-46153,False
2020,78,"Democratic Party Primary Election April 28, 2020",Charlotte Owens,Democratic,8009.19,6025.1,Advanced,12/31/2020,/oh/candidate/charlotte-owens,/oh/race/ohio-house-of-representatives-district-78-46153,False
2020,78,"Republican Party Primary Election April 28, 2020",Brian Stewart,Republican,171335.92,77746.1,Advanced,12/31/2020,/oh/candidate/brian-stewart-15227,/oh/race/ohio-house-of-representatives-district-78-46153,False
2020,78,"Republican Party Primary Election April 28, 2020",Aaron Adams,Republican,1813.38,45.21,Lost,12/31/2020,/oh/candidate/aaron-adams-15236,/oh/race/ohio-house-of-representatives-district-78-46153,False
2020,78,"Republican Party Primary Election April 28, 2020",Bobby Mitchell,Republican,17251.99,91015.37,Lost,12/31/2020,/oh/candidate/bobby-mitchell-14402,/oh/race/ohio-house-of-representatives-district-78-46153,False
2020,79,"General Election November 3, 2020",Jerome Kyle Koehler,Republican,116280.58,71133.91,Won,12/31/2020,/oh/candidate/jerome-koehler-13869,/oh/race/ohio-house-of-representatives-district-79-46154,True
2020,79,"General Election November 3, 2020",Cynthia Richards,Democratic,41495.66,38003.21,Lost,12/31/2020,/oh/candidate/cynthia-richards-15231,/oh/race/ohio-house-of-representatives-district-79-46154,False
2020,79,"Democratic Party Primary Election April 28, 2020",Cynthia Richards,Democratic,41495.66,38003.21,Advanced,12/31/2020,/oh/candidate/cynthia-richards-15231,/oh/race/ohio-house-of-representatives-district-79-46154,False
2020,79,"Republican Party Primary Election April 28, 2020",Jerome Kyle Koehler,Republican,116280.58,71133.91,Advanced,12/31/2020,/oh/candidate/jerome-koehler-13869,/oh/race/ohio-house-of-representatives-district-79-46154,True
2020,80,"General Election November 3, 2020",Jena Powell,Republican,27867.13,11996.91,Won,12/31/2020,/oh/candidate/jena-powell-14860,/oh/race/ohio-house-of-representatives-district-80-46155,True
2020,80,"General Election November 3, 2020",Ted Jones,Democratic,1400.0,1418.25,Lost,12/31/2020,/oh/candidate/ted-jones,/oh/race/ohio-house-of-representatives-district-80-46155,False
2020,80,"Democratic Party Primary Election April 28, 2020",Ted Jones Write-In,Democratic,1400.0,1418.25,Advanced,12/31/2020,/oh/candidate/ted-jones,/oh/race/ohio-house-of-representatives-district-80-46155,False
2020,80,"Republican Party Primary Election April 28, 2020",Jena Powell,Republican,27867.13,11996.91,Advanced,12/31/2020,/oh/candidate/jena-powell-14860,/oh/race/ohio-house-of-representatives-district-80-46155,True
2020,81,"General Election November 3, 2020",James Hoops,Republican,95718.49,83398.57,Won,12/31/2020,/oh/candidate/james-hoops-568,/oh/race/ohio-house-of-representatives-district-81-46156,True
2020,81,"General Election November 3, 2020",Janet Breneman Write-In,Independent,2590.11,2625.11,Lost,12/31/2020,/oh/candidate/janet-breneman-14430,/oh/race/ohio-house-of-representatives-district-81-46156,False
2020,81,"Republican Party Primary Election April 28, 2020",James Hoops,Republican,95718.49,83398.57,Advanced,12/31/2020,/oh/candidate/james-hoops-568,/oh/race/ohio-house-of-representatives-district-81-46156,True
2020,82,"General Election November 3, 2020",Craig Riedel,Republican,189254.2,190957.34,Won,12/31/2020,/oh/candidate/craig-riedel-14489,/oh/race/ohio-house-of-representatives-district-82-46157,True
2020,82,"General Election November 3, 2020",Elecia Wobler Write-In,Independent,2265.0,1333.52,Lost,12/31/2020,/oh/candidate/elecia-wobler,/oh/race/ohio-house-of-representatives-district-82-46157,False
2020,82,"Republican Party Primary Election April 28, 2020",Craig Riedel,Republican,189254.2,190957.34,Advanced,12/31/2020,/oh/candidate/craig-riedel-14489,/oh/race/ohio-house-of-representatives-district-82-46157,True
2020,83,"General Election November 3, 2020",Jon Cross,Republican,252177.1,224348.16,Won,12/31/2020,/oh/candidate/jon-cross-14627,/oh/race/ohio-house-of-representatives-district-83-46158,True
2020,83,"General Election November 3, 2020",Mary Harshfield Write-In,Democratic,0.0,48.42,Lost,12/31/2020,/oh/candidate/mary-harshfield,/oh/race/ohio-house-of-representatives-district-83-46158,False
2020,83,"Republican Party Primary Election April 28, 2020",Jon Cross,Republican,252177.1,224348.16,Advanced,12/31/2020,/oh/candidate/jon-cross-14627,/oh/race/ohio-house-of-representatives-district-83-46158,True
2020,84,"General Election November 3, 2020",Susan Manchester,Republican,114215.63,113798.53,Won,12/31/2020,/oh/candidate/susan-manchester-14693,/oh/race/ohio-house-of-representatives-district-84-46159,True
2020,84,"General Election November 3, 2020",Joseph Monbeck,Democratic,250.0,611.89,Lost,12/31/2020,/oh/candidate/joseph-monbeck,/oh/race/ohio-house-of-representatives-district-84-46159,False
2020,84,"Democratic Party Primary Election April 28, 2020",Joseph Monbeck,Democratic,250.0,611.89,Advanced,12/31/2020,/oh/candidate/joseph-monbeck,/oh/race/ohio-house-of-representatives-district-84-46159,False
2020,84,"Republican Party Primary Election April 28, 2020",Susan Manchester,Republican,114215.63,113798.53,Advanced,12/31/2020,/oh/candidate/susan-manchester-14693,/oh/race/ohio-house-of-representatives-district-84-46159,True
2020,85,"General Election November 3, 2020",Nino Vitale,Republican,69592.69,49346.07,Won,12/31/2020,/oh/candidate/anthony-vitale-13857,/oh/race/ohio-house-of-representatives-district-85-46160,True
2020,85,"General Election November 3, 2020",Ted Greek Write-In,Democratic,7217.6,5682.5,Lost,12/31/2020,/oh/candidate/ted-greek,/oh/race/ohio-house-of-representatives-district-85-46160,False
2020,85,"Republican Party Primary Election April 28, 2020",Nino Vitale,Republican,69592.69,49346.07,Advanced,12/31/2020,/oh/candidate/anthony-vitale-13857,/oh/race/ohio-house-of-representatives-district-85-46160,True
2020,86,"General Election November 3, 2020",Tracy Richardson,Republican,137803.78,73800.93,Won,12/31/2020,/oh/candidate/tracy-richardson-14679,/oh/race/ohio-house-of-representatives-district-86-46161,True
2020,86,"General Election November 3, 2020",Tiffanie Roberts,Democratic,23698.42,18969.85,Lost,12/31/2020,/oh/candidate/tiffanie-roberts,/oh/race/ohio-house-of-representatives-district-86-46161,False
2020,86,"Democratic Party Primary Election April 28, 2020",Tiffanie Roberts,Democratic,23698.42,18969.85,Advanced,12/31/2020,/oh/candidate/tiffanie-roberts,/oh/race/ohio-house-of-representatives-district-86-46161,False
2020,86,"Republican Party Primary Election April 28, 2020",Tracy Richardson,Republican,137803.78,73800.93,Advanced,12/31/2020,/oh/candidate/tracy-richardson-14679,/oh/race/ohio-house-of-representatives-district-86-46161,True
2020,87,"General Election November 3, 2020",Riordan McClain,Republican,21080.7,4976.34,Won,12/31/2020,/oh/candidate/riordan-mcclain-14897,/oh/race/ohio-house-of-representatives-district-87-46162,True
2020,87,"General Election November 3, 2020",Nicholas Barnes,Democratic,1391.63,1391.63,Lost,12/31/2020,/oh/candidate/nicholas-barnes,/oh/race/ohio-house-of-representatives-district-87-46162,False
2020,87,"Democratic Party Primary Election April 28, 2020",Nicholas Barnes,Democratic,1391.63,1391.63,Advanced,12/31/2020,/oh/candidate/nicholas-barnes,/oh/race/ohio-house-of-representatives-district-87-46162,False
2020,87,"Republican Party Primary Election April 28, 2020",Riordan McClain,Republican,21080.7,4976.34,Advanced,12/31/2020,/oh/candidate/riordan-mcclain-14897,/oh/race/ohio-house-of-representatives-district-87-46162,True
2020,88,"General Election November 3, 2020",Gary Click,Republican,59694.03,220243.26,Won,12/31/2020,/oh/candidate/gary-click,/oh/race/ohio-house-of-representatives-district-88-46163,False
2020,88,"General Election November 3, 2020",Christopher Liebold,Democratic,30849.91,30858.22,Lost,12/31/2020,/oh/candidate/christopher-liebold,/oh/race/ohio-house-of-representatives-district-88-46163,False
2020,88,"Democratic Party Primary Election April 28, 2020",Christopher Liebold,Democratic,30849.91,30858.22,Advanced,12/31/2020,/oh/candidate/christopher-liebold,/oh/race/ohio-house-of-representatives-district-88-46163,False
2020,88,"Republican Party Primary Election April 28, 2020",Gary Click,Republican,59694.03,220243.26,Advanced,12/31/2020,/oh/candidate/gary-click,/oh/race/ohio-house-of-representatives-district-88-46163,False
2020,88,"Republican Party Primary Election April 28, 2020",Edwin Ollom,Republican,22906.01,22492.72,Lost,12/31/2020,/oh/candidate/edwin-ollom-15253,/oh/race/ohio-house-of-representatives-district-88-46163,False
2020,88,"Republican Party Primary Election April 28, 2020",Shayne Thomas,Republican,40227.21,51551.6,Lost,12/31/2020,/oh/candidate/shayne-thomas-15311,/oh/race/ohio-house-of-representatives-district-88-46163,False
2020,89,"General Election November 3, 2020",DJ Swearingen,Republican,469122.81,331055.39,Won,12/31/2020,/oh/candidate/douglas-swearingen-15195,/oh/race/ohio-house-of-representatives-district-89-46164,True
2020,89,"General Election November 3, 2020",Alexis Miller,Democratic,308394.53,244716.26,Lost,12/31/2020,/oh/candidate/alexis-miller-15201,/oh/race/ohio-house-of-representatives-district-89-46164,False
2020,89,"Democratic Party Primary Election April 28, 2020",Alexis Miller,Democratic,308394.53,244716.26,Advanced,12/31/2020,/oh/candidate/alexis-miller-15201,/oh/race/ohio-house-of-representatives-district-89-46164,False
2020,89,"Republican Party Primary Election April 28, 2020",DJ Swearingen,Republican,469122.81,331055.39,Advanced,12/31/2020,/oh/candidate/douglas-swearingen-15195,/oh/race/ohio-house-of-representatives-district-89-46164,True
2020,90,"General Election November 3, 2020",Brian Baldridge,Republican,150567.36,122724.09,Won,12/31/2020,/oh/candidate/brian-baldridge-14905,/oh/race/ohio-house-of-representatives-district-90-46165,True
2020,90,"Republican Party Primary Election April 28, 2020",Brian Baldridge,Republican,150567.36,122724.09,Advanced,12/31/2020,/oh/candidate/brian-baldridge-14905,/oh/race/ohio-house-of-representatives-district-90-46165,True
2020,91,"General Election November 3, 2020",Shane Wilkin,Republican,203265.0,173619.28,Won,12/31/2020,/oh/candidate/shane-wilkin-14861,/oh/race/ohio-house-of-representatives-district-91-46166,True
2020,91,"General Election November 3, 2020",Scott Dailey,Democratic,2680.0,1935.71,Lost,12/31/2020,/oh/candidate/scott-dailey-14981,/oh/race/ohio-house-of-representatives-district-91-46166,False
2020,91,"Democratic Party Primary Election April 28, 2020",Scott Dailey,Democratic,2680.0,1935.71,Advanced,12/31/2020,/oh/candidate/scott-dailey-14981,/oh/race/ohio-house-of-representatives-district-91-46166,False
2020,91,"Republican Party Primary Election April 28, 2020",Shane Wilkin,Republican,203265.0,173619.28,Advanced,12/31/2020,/oh/candidate/shane-wilkin-14861,/oh/race/ohio-house-of-representatives-district-91-46166,True
2020,92,"General Election November 3, 2020",Mark Johnson,Republican,186735.32,96351.87,Won,12/31/2020,/oh/candidate/mark-johnson-15220,/oh/race/ohio-house-of-representatives-district-92-46167,False
2020,92,"General Election November 3, 2020",Beth Workman,Democratic,97824.56,75102.23,Lost,12/31/2020,/oh/candidate/beth-workman-14933,/oh/race/ohio-house-of-representatives-district-92-46167,False
2020,92,"Democratic Party Primary Election April 28, 2020",Beth Workman,Democratic,97824.56,75102.23,Advanced,12/31/2020,/oh/candidate/beth-workman-14933,/oh/race/ohio-house-of-representatives-district-92-46167,False
2020,92,"Republican Party Primary Election April 28, 2020",Mark Johnson,Republican,186735.32,96351.87,Advanced,12/31/2020,/oh/candidate/mark-johnson-15220,/oh/race/ohio-house-of-representatives-district-92-46167,False
2020,93,"General Election November 3, 2020",Jason Stephens,Republican,186836.69,88756.56,Won,12/31/2020,/oh/candidate/jason-stephens-15242,/oh/race/ohio-house-of-representatives-district-93-46168,True
2020,93,"General Election November 3, 2020",William Saunders Write-In,Independent,170.0,0.0,Lost,12/31/2020,/oh/candidate/william-saunders,/oh/race/ohio-house-of-representatives-district-93-46168,False
2020,93,"Republican Party Primary Election April 28, 2020",Jason Stephens,Republican,186836.69,88756.56,Advanced,12/31/2020,/oh/candidate/jason-stephens-15242,/oh/race/ohio-house-of-representatives-district-93-46168,True
2020,93,"Republican Party Primary Election April 28, 2020",Jeff Halley,Republican,33473.64,47633.49,Lost,12/31/2020,/oh/candidate/jeff-halley-15237,/oh/race/ohio-house-of-representatives-district-93-46168,False
2020,94,"General Election November 3, 2020",Jay Edwards,Republican,956440.9,869020.62,Won,12/31/2020,/oh/candidate/jay-edwards-14441,/oh/race/ohio-house-of-representatives-district-94-46169,True
2020,94,"General Election November 3, 2020",Katie O'Neill,Democratic,36064.34,28804.22,Lost,12/31/2020,/oh/candidate/katie-oneill-15289,/oh/race/ohio-house-of-representatives-district-94-46169,False
2020,94,"Democratic Party Primary Election April 28, 2020",Katie O'Neill,Democratic,36064.34,28804.22,Advanced,12/31/2020,/oh/candidate/katie-oneill-15289,/oh/race/ohio-house-of-representatives-district-94-46169,False
2020,94,"Republican Party Primary Election April 28, 2020",Jay Edwards,Republican,956440.9,869020.62,Advanced,12/31/2020,/oh/candidate/jay-edwards-14441,/oh/race/ohio-house-of-representatives-district-94-46169,True
2020,95,"General Election November 3, 2020",Don Jones,Republican,151247.0,128252.05,Won,12/31/2020,/oh/candidate/don-jones-14851,/oh/race/ohio-house-of-representatives-district-95-46170,True
2020,95,"Republican Party Primary Election April 28, 2020",Don Jones,Republican,151247.0,128252.05,Advanced,12/31/2020,/oh/candidate/don-jones-14851,/oh/race/ohio-house-of-representatives-district-95-46170,True
2020,96,"General Election November 3, 2020",Ron Ferguson,Republican,233531.96,88168.05,Won,12/31/2020,/oh/candidate/ron-ferguson-14049,/oh/race/ohio-house-of-representatives-district-96-46171,False
2020,96,"General Election November 3, 2020",Richard Olivito,Democratic,51092.5,47961.89,Lost,12/31/2020,/oh/candidate/richard-olivito-13194,/oh/race/ohio-house-of-representatives-district-96-46171,False
2020,96,"General Election November 3, 2020",Oscar Herrera,Libertarian,4554.03,3410.94,Lost,12/31/2020,/oh/candidate/oscar-herrera-15122,/oh/race/ohio-house-of-representatives-district-96-46171,False
2020,96,"Democratic Party Primary Election April 28, 2020",Richard Olivito,Democratic,51092.5,47961.89,Advanced,12/31/2020,/oh/candidate/richard-olivito-13194,/oh/race/ohio-house-of-representatives-district-96-46171,False
2020,96,"Democratic Party Primary Election April 28, 2020",Charlie DiPalma,Democratic,2475.0,1322.89,Lost,12/31/2020,/oh/candidate/charlie-dipalma,/oh/race/ohio-house-of-representatives-district-96-46171,False
2020,96,"Libertarian Party Primary Election April 28, 2020",Oscar Herrera,Libertarian,4554.03,3410.94,Advanced,12/31/2020,/oh/candidate/oscar-herrera-15122,/oh/race/ohio-house-of-representatives-district-96-46171,False
2020,96,"Republican Party Primary Election April 28, 2020",Ron Ferguson,Republican,233531.96,88168.05,Advanced,12/31/2020,/oh/candidate/ron-ferguson-14049,/oh/race/ohio-house-of-representatives-district-96-46171,False
2020,97,"General Election November 3, 2020",Adam Holmes,Republican,81213.51,71919.62,Won,12/31/2020,/oh/candidate/adam-holmes-15161,/oh/race/ohio-house-of-representatives-district-97-46172,True
2020,97,"General Election November 3, 2020",Alaina Swope,Democratic,25247.04,23923.67,Lost,12/31/2020,/oh/candidate/alaina-swope,/oh/race/ohio-house-of-representatives-district-97-46172,False
2020,97,"Democratic Party Primary Election April 28, 2020",Alaina Swope,Democratic,25247.04,23923.67,Advanced,12/31/2020,/oh/candidate/alaina-swope,/oh/race/ohio-house-of-representatives-district-97-46172,False
2020,97,"Republican Party Primary Election April 28, 2020",Adam Holmes,Republican,81213.51,71919.62,Advanced,12/31/2020,/oh/candidate/adam-holmes-15161,/oh/race/ohio-house-of-representatives-district-97-46172,True
2020,98,"General Election November 3, 2020",Brett Hillyer,Republican,173181.85,147900.93,Won,12/31/2020,/oh/candidate/brett-hillyer-14878,/oh/race/ohio-house-of-representatives-district-98-46173,True
2020,98,"General Election November 3, 2020",Todd Beegle,Democratic,0.0,0.0,Lost,12/31/2020,,/oh/race/ohio-house-of-representatives-district-98-46173,False
2020,98,"Democratic Party Primary Election April 28, 2020",Todd Beegle,Democratic,0.0,0.0,Advanced,12/31/2020,,/oh/race/ohio-house-of-representatives-district-98-46173,False
2020,98,"Republican Party Primary Election April 28, 2020",Brett Hillyer,Republican,173181.85,147900.93,Advanced,12/31/2020,/oh/candidate/brett-hillyer-14878,/oh/race/ohio-house-of-representatives-district-98-46173,True
2020,99,"General Election November 3, 2020",Sarah Fowler,Republican,117673.02,50302.95,Won,12/31/2020,/oh/candidate/sarah-fowler-13808,/oh/race/ohio-house-of-representatives-district-99-46174,False
2020,99,"General Election November 3, 2020",Richard Dana,Democratic,183205.77,117694.11,Lost,12/31/2020,/oh/candidate/richard-dana-15119,/oh/race/ohio-house-of-representatives-district-99-46174,False
2020,99,"General Election November 3, 2020",Kyle Bruckman Write-In,Independent,0.0,0.0,Lost,12/31/2020,,/oh/race/ohio-house-of-representatives-district-99-46174,False
2020,99,"Democratic Party Primary Election April 28, 2020",Richard Dana,Democratic,183205.77,117694.11,Advanced,12/31/2020,/oh/candidate/richard-dana-15119,/oh/race/ohio-house-of-representatives-district-99-46174,False
2020,99,"Republican Party Primary Election April 28, 2020",Sarah Fowler,Republican,117673.02,50302.95,Advanced,12/31/2020,/oh/candidate/sarah-fowler-13808,/oh/race/ohio-house-of-representatives-district-99-46174,False
2022,1,"General Election November 8, 2022",Dontavius Jarrells,Democratic,201090.06,180499.15,Won,12/31/2022,/oh/candidate/dontavius-jarrells,/oh/race/ohio-house-of-representatives-district-1-60090,True
2022,1,"Democratic Party Primary Election August 2, 2022",Dontavius Jarrells,Democratic,201090.06,180499.15,Advanced,12/31/2022,/oh/candidate/dontavius-jarrells,/oh/race/ohio-house-of-representatives-district-1-60090,True
2022,1,"Democratic Party Primary Election August 2, 2022",Carolyn Harding,Democratic,18142.63,17139.58,Lost,12/31/2022,/oh/candidate/carolyn-harding,/oh/race/ohio-house-of-representatives-district-1-60090,False
2022,2,"General Election November 8, 2022",Latyna Humphrey,Democratic,33240.56,23664.34,Won,12/31/2022,/oh/candidate/latyna-humphrey,/oh/race/ohio-house-of-representatives-district-2-60101,True
2022,2,"Democratic Party Primary Election August 2, 2022",Latyna Humphrey,Democratic,33240.56,23664.34,Advanced,12/31/2022,/oh/candidate/latyna-humphrey,/oh/race/ohio-house-of-representatives-district-2-60101,True
2022,2,"Democratic Party Primary Election August 2, 2022",Michael D Cole,Democratic,0.0,0.0,Withdrew,12/31/2022,/oh/candidate/michael-d-cole,/oh/race/ohio-house-of-representatives-district-2-60101,False
2022,3,"General Election November 8, 2022",Ismail Mohamed,Democratic,69986.56,61950.5,Won,12/31/2022,/oh/candidate/ismail-mohamed,/oh/race/ohio-house-of-representatives-district-3-60112,False
2022,3,"General Election November 8, 2022",Jeffrey Lanning,Republican,13506.4,10647.89,Lost,12/31/2022,/oh/candidate/jeffrey-lanning,/oh/race/ohio-house-of-representatives-district-3-60112,False
2022,3,"Democratic Party Primary Election August 2, 2022",Ismail Mohamed,Democratic,69986.56,61950.5,Advanced,12/31/2022,/oh/candidate/ismail-mohamed,/oh/race/ohio-house-of-representatives-district-3-60112,False
2022,3,"Democratic Party Primary Election August 2, 2022",Kelly Harrop,Democratic,78426.69,78306.69,Lost,12/31/2022,/oh/candidate/kelly-harrop,/oh/race/ohio-house-of-representatives-district-3-60112,False
2022,3,"Democratic Party Primary Election August 2, 2022",Mayo Makinde,Democratic,300.88,3178.0,Lost,12/31/2022,/oh/candidate/mayo-makinde-12039,/oh/race/ohio-house-of-representatives-district-3-60112,False
2022,3,"Democratic Party Primary Election August 2, 2022",DaVon Marshall,Democratic,7213.5,2494.42,Lost,12/31/2022,/oh/candidate/davon-marshall,/oh/race/ohio-house-of-representatives-district-3-60112,False
2022,3,"Democratic Party Primary Election August 2, 2022",Lamar Peoples,Democratic,1380.0,823.59,Lost,12/31/2022,/oh/candidate/lamar-peoples-14928,/oh/race/ohio-house-of-representatives-district-3-60112,False
2022,3,"Republican Party Primary Election August 2, 2022",Jeffrey Lanning,Republican,13506.4,10647.89,Advanced,12/31/2022,/oh/candidate/jeffrey-lanning,/oh/race/ohio-house-of-representatives-district-3-60112,False
2022,4,"General Election November 8, 2022",Mary Lightbody,Democratic,151902.06,150803.76,Won,12/31/2022,/oh/candidate/mary-lightbody-14707,/oh/race/ohio-house-of-representatives-district-4-60123,True
2022,4,"General Election November 8, 2022",Jill Rudler,Republican,273692.89,107048.86,Lost,12/31/2022,/oh/candidate/jill-rudler,/oh/race/ohio-house-of-representatives-district-4-60123,False
2022,4,"Democratic Party Primary Election August 2, 2022",Mary Lightbody,Democratic,151902.06,150803.76,Advanced,12/31/2022,/oh/candidate/mary-lightbody-14707,/oh/race/ohio-house-of-representatives-district-4-60123,True
2022,4,"Republican Party Primary Election August 2, 2022",Jill Rudler,Republican,273692.89,107048.86,Advanced,12/31/2022,/oh/candidate/jill-rudler,/oh/race/ohio-house-of-representatives-district-4-60123,False
2022,4,"Republican Party Primary Election August 2, 2022",Paul Fillman,Republican,4933.95,25399.73,Withdrew,12/31/2022,/oh/candidate/paul-fillman-14725,/oh/race/ohio-house-of-representatives-district-4-60123,False
2022,5,"General Election November 8, 2022",Richard Brown,Democratic,260810.95,190539.24,Won,12/31/2022,/oh/candidate/richard-brown-12154,/oh/race/ohio-house-of-representatives-district-5-60134,True
2022,5,"General Election November 8, 2022",Ronald Beach IV,Republican,133849.99,40393.77,Lost,12/31/2022,/oh/candidate/ronald-beach-iv,/oh/race/ohio-house-of-representatives-district-5-60134,False
2022,5,"Democratic Party Primary Election August 2, 2022",Richard Brown,Democratic,260810.95,190539.24,Advanced,12/31/2022,/oh/candidate/richard-brown-12154,/oh/race/ohio-house-of-representatives-district-5-60134,True
2022,5,"Republican Party Primary Election August 2, 2022",Ronald Beach IV,Republican,133849.99,40393.77,Advanced,12/31/2022,/oh/candidate/ronald-beach-iv,/oh/race/ohio-house-of-representatives-district-5-60134,False
2022,6,"General Election November 8, 2022",Adam Miller,Democratic,116566.16,78630.71,Won,12/31/2022,/oh/candidate/adam-miller-14384,/oh/race/ohio-house-of-representatives-district-6-60145,True
2022,6,"General Election November 8, 2022",Joe Wharton,Republican,6423.79,3312.64,Lost,12/31/2022,/oh/candidate/joe-wharton,/oh/race/ohio-house-of-representatives-district-6-60145,False
2022,6,"Democratic Party Primary Election August 2, 2022",Adam Miller,Democratic,116566.16,78630.71,Advanced,12/31/2022,/oh/candidate/adam-miller-14384,/oh/race/ohio-house-of-representatives-district-6-60145,True
2022,6,"Democratic Party Primary Election August 2, 2022",Adhanet Kifle,Democratic,27.38,50.0,Withdrew,12/31/2022,/oh/candidate/adhanet-kifle-14469,/oh/race/ohio-house-of-representatives-district-6-60145,False
2022,6,"Republican Party Primary Election August 2, 2022",Joe Wharton,Republican,6423.79,3312.64,Advanced,12/31/2022,/oh/candidate/joe-wharton,/oh/race/ohio-house-of-representatives-district-6-60145,False
2022,7,"General Election November 8, 2022",Allison Russo,Democratic,533254.77,522333.56,Won,12/31/2022,/oh/candidate/catherine-russo-14814,/oh/race/ohio-house-of-representatives-district-7-60156,True
2022,7,"Democratic Party Primary Election August 2, 2022",Allison Russo,Democratic,533254.77,522333.56,Advanced,12/31/2022,/oh/candidate/catherine-russo-14814,/oh/race/ohio-house-of-representatives-district-7-60156,True
2022,7,"Democratic Party Primary Election August 2, 2022",Ben Leland,Democratic,34060.0,4557.62,Withdrew,12/31/2022,/oh/candidate/ben-leland,/oh/race/ohio-house-of-representatives-district-7-60156,False
2022,8,"General Election November 8, 2022",Beth Liston,Democratic,137124.92,123617.5,Won,12/31/2022,/oh/candidate/beth-liston-14663,/oh/race/ohio-house-of-representatives-district-8-60167,True
2022,8,"General Election November 8, 2022",Zully Truemper,Republican,1100.0,732.16,Lost,12/31/2022,/oh/candidate/zully-truemper,/oh/race/ohio-house-of-representatives-district-8-60167,False
2022,8,"Democratic Party Primary Election August 2, 2022",Beth Liston,Democratic,137124.92,123617.5,Advanced,12/31/2022,/oh/candidate/beth-liston-14663,/oh/race/ohio-house-of-representatives-district-8-60167,True
2022,8,"Republican Party Primary Election August 2, 2022",Zully Truemper Write-In,Republican,1100.0,732.16,Advanced,12/31/2022,/oh/candidate/zully-truemper,/oh/race/ohio-house-of-representatives-district-8-60167,False
2022,9,"General Election November 8, 2022",Munira Abdullahi,Democratic,79151.04,62491.03,Won,12/31/2022,/oh/candidate/munira-abdullahi,/oh/race/ohio-house-of-representatives-district-9-60178,False
2022,9,"Democratic Party Primary Election August 2, 2022",Munira Abdullahi,Democratic,79151.04,62491.03,Advanced,12/31/2022,/oh/candidate/munira-abdullahi,/oh/race/ohio-house-of-representatives-district-9-60178,False
2022,9,"Democratic Party Primary Election August 2, 2022",Jeremy Eugene Blake,Democratic,50.0,3454.63,Withdrew,12/31/2022,/oh/candidate/jeremy-eugene-blake,/oh/race/ohio-house-of-representatives-district-9-60178,False
2022,9,"Democratic Party Primary Election August 2, 2022",Paul Filippelli,Democratic,19281.4,19235.01,Lost,12/31/2022,/oh/candidate/paul-filippelli,/oh/race/ohio-house-of-representatives-district-9-60178,False
2022,9,"Republican Party Primary Election August 2, 2022",Sue King,Republican,0.0,0.0,Withdrew,12/31/2022,,/oh/race/ohio-house-of-representatives-district-9-60178,False
2022,10,"General Election November 8, 2022",David Dobos,Republican,254251.0,64908.93,Won,12/31/2022,/oh/candidate/david-dobos,/oh/race/ohio-house-of-representatives-district-10-60091,False
2022,10,"General Election November 8, 2022",Russell Harris,Democratic,161817.43,136206.89,Lost,12/31/2022,/oh/candidate/russell-harris-13647,/oh/race/ohio-house-of-representatives-district-10-60091,False
2022,10,"Democratic Party Primary Election August 2, 2022",Russell Harris,Democratic,161817.43,136206.89,Advanced,12/31/2022,/oh/candidate/russell-harris-13647,/oh/race/ohio-house-of-representatives-district-10-60091,False
2022,10,"Republican Party Primary Election August 2, 2022",David Dobos,Republican,254251.0,64908.93,Advanced,12/31/2022,/oh/candidate/david-dobos,/oh/race/ohio-house-of-representatives-district-10-60091,False
2022,10,"Republican Party Primary Election August 2, 2022",Laura Lanese,Republican,61546.39,62685.58,Withdrew,12/31/2022,/oh/candidate/laura-lanese-14556,/oh/race/ohio-house-of-representatives-district-10-60091,True
2022,11,"General Election November 8, 2022",Anita Somani,Democratic,207540.98,130505.01,Won,12/31/2022,/oh/candidate/anita-somani,/oh/race/ohio-house-of-representatives-district-11-60092,False
2022,11,"General Election November 8, 2022",Omar Tarazi,Republican,211744.14,58920.08,Lost,12/31/2022,/oh/candidate/omar-tarazi,/oh/race/ohio-house-of-representatives-district-11-60092,False
2022,11,"Democratic Party Primary Election August 2, 2022",Anita Somani,Democratic,207540.98,130505.01,Advanced,12/31/2022,/oh/candidate/anita-somani,/oh/race/ohio-house-of-representatives-district-11-60092,False
2022,11,"Democratic Party Primary Election August 2, 2022",Rick Neal,Democratic,0.0,0.0,Withdrew,12/31/2022,,/oh/race/ohio-house-of-representatives-district-11-60092,False
2022,11,"Republican Party Primary Election August 2, 2022",Omar Tarazi,Republican,211744.14,58920.08,Advanced,12/31/2022,/oh/candidate/omar-tarazi,/oh/race/ohio-house-of-representatives-district-11-60092,False
2022,11,"Republican Party Primary Election August 2, 2022",Aaron Neumann,Republican,0.0,0.0,Withdrew,12/31/2022,/oh/candidate/aaron-neumann,/oh/race/ohio-house-of-representatives-district-11-60092,False
2022,12,"General Election November 8, 2022",Brian Stewart,Republican,142176.04,92442.43,Won,12/31/2022,/oh/candidate/brian-stewart-15227,/oh/race/ohio-house-of-representatives-district-12-60093,True
2022,12,"General Election November 8, 2022",Matthew Briner Write-In,Independent,0.0,0.0,Lost,12/31/2022,,/oh/race/ohio-house-of-representatives-district-12-60093,False
2022,12,"Republican Party Primary Election August 2, 2022",Brian Stewart,Republican,142176.04,92442.43,Advanced,12/31/2022,/oh/candidate/brian-stewart-15227,/oh/race/ohio-house-of-representatives-district-12-60093,True
2022,13,"General Election November 8, 2022",Michael Skindell,Democratic,34361.06,40496.0,Won,12/31/2022,/oh/candidate/michael-skindell-420,/oh/race/ohio-house-of-representatives-district-13-60094,True
2022,13,"General Election November 8, 2022",Keith Davey,Republican,5205.0,4486.76,Lost,12/31/2022,/oh/candidate/keith-davey,/oh/race/ohio-house-of-representatives-district-13-60094,False
2022,13,"Democratic Party Primary Election August 2, 2022",Michael Skindell,Democratic,34361.06,40496.0,Advanced,12/31/2022,/oh/candidate/michael-skindell-420,/oh/race/ohio-house-of-representatives-district-13-60094,True
2022,13,"Republican Party Primary Election August 2, 2022",Keith Davey,Republican,5205.0,4486.76,Advanced,12/31/2022,/oh/candidate/keith-davey,/oh/race/ohio-house-of-representatives-district-13-60094,False
2022,14,"General Election November 8, 2022",Sean Brennan,Democratic,226041.45,132831.02,Won,12/31/2022,/oh/candidate/sean-brennan,/oh/race/ohio-house-of-representatives-district-14-60095,False
2022,14,"General Election November 8, 2022",Jolene Austin,Republican,62029.12,30115.85,Lost,12/31/2022,/oh/candidate/jolene-austin,/oh/race/ohio-house-of-representatives-district-14-60095,False
2022,14,"Democratic Party Primary Election August 2, 2022",Sean Brennan,Democratic,226041.45,132831.02,Advanced,12/31/2022,/oh/candidate/sean-brennan,/oh/race/ohio-house-of-representatives-district-14-60095,False
2022,14,"Republican Party Primary Election August 2, 2022",Jolene Austin,Republican,62029.12,30115.85,Advanced,12/31/2022,/oh/candidate/jolene-austin,/oh/race/ohio-house-of-representatives-district-14-60095,False
2022,14,"Republican Party Primary Election August 2, 2022",David J Morgan,Republican,1514.0,1072.57,Lost,12/31/2022,/oh/candidate/david-j-morgan,/oh/race/ohio-house-of-representatives-district-14-60095,False
2022,15,"General Election November 8, 2022",Richard Dell'Aquila,Democratic,21883.07,21305.75,Won,12/31/2022,/oh/candidate/richard-dellaquila,/oh/race/ohio-house-of-representatives-district-15-60096,False
2022,15,"General Election November 8, 2022",Nicholas Phillips Write-In,Independent,8338.0,2266.31,Lost,12/31/2022,/oh/candidate/nicholas-phillips,/oh/race/ohio-house-of-representatives-district-15-60096,False
2022,15,"Democratic Party Primary Election August 2, 2022",Richard Dell'Aquila,Democratic,21883.07,21305.75,Advanced,12/31/2022,/oh/candidate/richard-dellaquila,/oh/race/ohio-house-of-representatives-district-15-60096,False
2022,15,"Republican Party Primary Election August 2, 2022",Shay Hawkins,Republican,0.0,0.0,Withdrew,12/31/2022,/oh/candidate/shay-hawkins,/oh/race/ohio-house-of-representatives-district-15-60096,False
2022,16,"General Election November 8, 2022",Bride Rose Sweeney,Democratic,297950.53,205189.32,Won,12/31/2022,/oh/candidate/bride-sweeney-14941,/oh/race/ohio-house-of-representatives-district-16-60097,True
2022,16,"General Election November 8, 2022",Michael Lamb,Republican,188226.73,15446.14,Lost,12/31/2022,/oh/candidate/michael-lamb,/oh/race/ohio-house-of-representatives-district-16-60097,False
2022,16,"Democratic Party Primary Election August 2, 2022",Bride Rose Sweeney,Democratic,297950.53,205189.32,Advanced,12/31/2022,/oh/candidate/bride-sweeney-14941,/oh/race/ohio-house-of-representatives-district-16-60097,True
2022,16,"Democratic Party Primary Election August 2, 2022",Monique Smith,Democratic,103634.12,123930.72,Lost,12/31/2022,/oh/candidate/monique-smith-15180,/oh/race/ohio-house-of-representatives-district-16-60097,True
2022,16,"Republican Party Primary Election August 2, 2022",Michael Lamb,Republican,188226.73,15446.14,Advanced,12/31/2022,/oh/candidate/michael-lamb,/oh/race/ohio-house-of-representatives-district-16-60097,False
2022,17,"General Election November 8, 2022",Thomas Patton,Republican,1021040.06,909124.01,Won,12/31/2022,/oh/candidate/thomas-patton-8243,/oh/race/ohio-house-of-representatives-district-17-60098,True
2022,17,"General Election November 8, 2022",Troy Greenfield,Democratic,55869.16,31120.96,Lost,12/31/2022,/oh/candidate/troy-greenfield,/oh/race/ohio-house-of-representatives-district-17-60098,False
2022,17,"Democratic Party Primary Election August 2, 2022",Troy Greenfield,Democratic,55869.16,31120.96,Advanced,12/31/2022,/oh/candidate/troy-greenfield,/oh/race/ohio-house-of-representatives-district-17-60098,False
2022,17,"Republican Party Primary Election August 2, 2022",Thomas Patton,Republican,1021040.06,909124.01,Advanced,12/31/2022,/oh/candidate/thomas-patton-8243,/oh/race/ohio-house-of-representatives-district-17-60098,True
2022,17,"Republican Party Primary Election August 2, 2022",Ryan Mcclain,Republican,599.6,606.33,Lost,12/31/2022,/oh/candidate/ryan-mcclain-15020,/oh/race/ohio-house-of-representatives-district-17-60098,False
2022,18,"General Election November 8, 2022",Darnell Brewer,Democratic,16624.81,13634.1,Won,12/31/2022,/oh/candidate/darnell-brewer,/oh/race/ohio-house-of-representatives-district-18-60099,False
2022,18,"General Election November 8, 2022",Shalira Taylor,Republican,11705.21,11289.76,Lost,12/31/2022,/oh/candidate/shalira-taylor,/oh/race/ohio-house-of-representatives-district-18-60099,False
2022,18,"General Election November 8, 2022",Shayla Davis,Independent,6140.29,6368.01,Disqualified,12/31/2022,/oh/candidate/shayla-davis,/oh/race/ohio-house-of-representatives-district-18-60099,False
2022,18,"Democratic Party Primary Election August 2, 2022",Darnell Brewer,Democratic,16624.81,13634.1,Advanced,12/31/2022,/oh/candidate/darnell-brewer,/oh/race/ohio-house-of-representatives-district-18-60099,False
2022,18,"Democratic Party Primary Election August 2, 2022",Sandra Williams,Democratic,35103.98,20854.62,Withdrew,12/31/2022,/oh/candidate/sandra-williams-10714,/oh/race/ohio-house-of-representatives-district-18-60099,False
2022,18,"Democratic Party Primary Election August 2, 2022",Vincent Rosemond Write-In,Democratic,0.0,0.0,Withdrew,12/31/2022,,/oh/race/ohio-house-of-representatives-district-18-60099,False
2022,18,"Republican Party Primary Election August 2, 2022",Shalira Taylor Write-In,Republican,11705.21,11289.76,Advanced,12/31/2022,/oh/candidate/shalira-taylor,/oh/race/ohio-house-of-representatives-district-18-60099,False
2022,19,"General Election November 8, 2022",Phillip Robinson,Democratic,140079.14,148053.22,Won,12/31/2022,/oh/candidate/phillip-robinson-14457,/oh/race/ohio-house-of-representatives-district-19-60100,True
2022,19,"General Election November 8, 2022",Ron Brough,Republican,4925.0,6591.54,Lost,12/31/2022,/oh/candidate/ron-brough,/oh/race/ohio-house-of-representatives-district-19-60100,False
2022,19,"Democratic Party Primary Election August 2, 2022",Phillip Robinson,Democratic,140079.14,148053.22,Advanced,12/31/2022,/oh/candidate/phillip-robinson-14457,/oh/race/ohio-house-of-representatives-district-19-60100,True
2022,19,"Democratic Party Primary Election August 2, 2022",Thomas Jackson,Democratic,55322.57,40413.15,Withdrew,12/31/2022,/oh/candidate/thomas-jackson-15270,/oh/race/ohio-house-of-representatives-district-19-60100,False
2022,19,"Democratic Party Primary Election August 2, 2022",Matthew Schoeffler,Democratic,0.0,0.0,Withdrew,12/31/2022,,/oh/race/ohio-house-of-representatives-district-19-60100,False
2022,19,"Republican Party Primary Election August 2, 2022",Ron Brough,Republican,4925.0,6591.54,Advanced,12/31/2022,/oh/candidate/ron-brough,/oh/race/ohio-house-of-representatives-district-19-60100,False
2022,19,"Republican Party Primary Election August 2, 2022",David Horvath,Republican,0.0,0.0,Withdrew,12/31/2022,,/oh/race/ohio-house-of-representatives-district-19-60100,False
2022,20,"General Election November 8, 2022",Terrence Upchurch,Democratic,59439.99,58214.48,Won,12/31/2022,/oh/candidate/terrence-upchurch-14635,/oh/race/ohio-house-of-representatives-district-20-60102,True
2022,20,"Democratic Party Primary Election August 2, 2022",Terrence Upchurch,Democratic,59439.99,58214.48,Advanced,12/31/2022,/oh/candidate/terrence-upchurch-14635,/oh/race/ohio-house-of-representatives-district-20-60102,True
2022,20,"Democratic Party Primary Election August 2, 2022",Mike Seals,Democratic,1370.0,900.0,Lost,12/31/2022,/oh/candidate/mike-seals,/oh/race/ohio-house-of-representatives-district-20-60102,False
2022,21,"General Election November 8, 2022",Elliot Forhan,Democratic,90233.35,88217.21,Won,12/31/2022,/oh/candidate/elliot-forhan,/oh/race/ohio-house-of-representatives-district-21-60103,False
2022,21,"General Election November 8, 2022",Kelly Powell,Republican,924.27,634.39,Lost,12/31/2022,/oh/candidate/kelly-powell,/oh/race/ohio-house-of-representatives-district-21-60103,False
2022,21,"Democratic Party Primary Election August 2, 2022",Elliot Forhan,Democratic,90233.35,88217.21,Advanced,12/31/2022,/oh/candidate/elliot-forhan,/oh/race/ohio-house-of-representatives-district-21-60103,False
2022,21,"Democratic Party Primary Election August 2, 2022",Michael Ettorre,Democratic,5527.2,4641.14,Lost,12/31/2022,/oh/candidate/michael-ettorre,/oh/race/ohio-house-of-representatives-district-21-60103,False
2022,21,"Democratic Party Primary Election August 2, 2022",Jonathan Holody,Democratic,22183.15,24304.7,Lost,12/31/2022,/oh/candidate/jonathan-holody,/oh/race/ohio-house-of-representatives-district-21-60103,False
2022,21,"Republican Party Primary Election August 2, 2022",Kelly Powell,Republican,924.27,634.39,Advanced,12/31/2022,/oh/candidate/kelly-powell,/oh/race/ohio-house-of-representatives-district-21-60103,False
2022,22,"General Election November 8, 2022",Juanita Brent,Democratic,48475.77,50523.39,Won,12/31/2022,/oh/candidate/juanita-brent-14788,/oh/race/ohio-house-of-representatives-district-22-60104,True
2022,22,"Democratic Party Primary Election August 2, 2022",Juanita Brent,Democratic,48475.77,50523.39,Advanced,12/31/2022,/oh/candidate/juanita-brent-14788,/oh/race/ohio-house-of-representatives-district-22-60104,True
2022,22,"Democratic Party Primary Election August 2, 2022",Danielle Dronet,Democratic,11794.04,3509.12,Lost,12/31/2022,/oh/candidate/danielle-dronet,/oh/race/ohio-house-of-representatives-district-22-60104,False
2022,22,"Democratic Party Primary Election August 2, 2022",VIncent Stokes,Democratic,33936.55,20028.07,Lost,12/31/2022,/oh/candidate/vincent-stokes,/oh/race/ohio-house-of-representatives-district-22-60104,False
2022,23,"General Election November 8, 2022",Daniel Troy,Democratic,218915.14,208357.6,Won,12/31/2022,/oh/candidate/daniel-troy-270,/oh/race/ohio-house-of-representatives-district-23-60105,True
2022,23,"General Election November 8, 2022",George Phillips,Republican,384353.31,96885.02,Lost,12/31/2022,/oh/candidate/george-phillips-10045,/oh/race/ohio-house-of-representatives-district-23-60105,False
2022,23,"Democratic Party Primary Election August 2, 2022",Daniel Troy,Democratic,218915.14,208357.6,Advanced,12/31/2022,/oh/candidate/daniel-troy-270,/oh/race/ohio-house-of-representatives-district-23-60105,True
2022,23,"Republican Party Primary Election August 2, 2022",George Phillips,Republican,384353.31,96885.02,Advanced,12/31/2022,/oh/candidate/george-phillips-10045,/oh/race/ohio-house-of-representatives-district-23-60105,False
2022,24,"General Election November 8, 2022",Dani Isaacsohn,Democratic,400375.73,461300.58,Won,12/31/2022,/oh/candidate/dani-isaacsohn,/oh/race/ohio-house-of-representatives-district-24-60106,False
2022,24,"General Election November 8, 2022",Adam Koehler,Republican,16965.6,18069.68,Lost,12/31/2022,/oh/candidate/adam-koehler,/oh/race/ohio-house-of-representatives-district-24-60106,False
2022,24,"Democratic Party Primary Election August 2, 2022",Dani Isaacsohn,Democratic,400375.73,461300.58,Advanced,12/31/2022,/oh/candidate/dani-isaacsohn,/oh/race/ohio-house-of-representatives-district-24-60106,False
2022,24,"Democratic Party Primary Election August 2, 2022",Mark Childers,Democratic,0.0,0.0,Withdrew,12/31/2022,/oh/candidate/mark-childers,/oh/race/ohio-house-of-representatives-district-24-60106,False
2022,24,"Democratic Party Primary Election August 2, 2022",Dale Mallory,Democratic,12839.56,10080.98,Lost,12/31/2022,/oh/candidate/dale-mallory,/oh/race/ohio-house-of-representatives-district-24-60106,False
2022,24,"Republican Party Primary Election August 2, 2022",Adam Koehler,Republican,16965.6,18069.68,Advanced,12/31/2022,/oh/candidate/adam-koehler,/oh/race/ohio-house-of-representatives-district-24-60106,False
2022,25,"General Election November 8, 2022",Cecil Thomas,Democratic,88290.72,49353.66,Won,12/31/2022,/oh/candidate/cecil-thomas-13915,/oh/race/ohio-house-of-representatives-district-25-60107,False
2022,25,"General Election November 8, 2022",John Breadon,Republican,0.0,0.0,Lost,12/31/2022,,/oh/race/ohio-house-of-representatives-district-25-60107,False
2022,25,"Democratic Party Primary Election August 2, 2022",Cecil Thomas,Democratic,88290.72,49353.66,Advanced,12/31/2022,/oh/candidate/cecil-thomas-13915,/oh/race/ohio-house-of-representatives-district-25-60107,False
2022,25,"Democratic Party Primary Election August 2, 2022",Mohamud Jama,Democratic,0.0,1076.3,Withdrew,12/31/2022,/oh/candidate/mohamud-jama-15152,/oh/race/ohio-house-of-representatives-district-25-60107,False
2022,25,"Republican Party Primary Election August 2, 2022",John Breadon,Republican,0.0,0.0,Advanced,12/31/2022,,/oh/race/ohio-house-of-representatives-district-25-60107,False
2022,25,"Republican Party Primary Election August 2, 2022",Jason Miller Write-In,Republican,0.0,0.0,Withdrew,12/31/2022,,/oh/race/ohio-house-of-representatives-district-25-60107,False
2022,26,"General Election November 8, 2022",Sedrick Denson,Democratic,5160.32,8377.45,Won,12/31/2022,/oh/candidate/sedrick-denson-14646,/oh/race/ohio-house-of-representatives-district-26-60108,True
2022,26,"Democratic Party Primary Election August 2, 2022",Sedrick Denson,Democratic,5160.32,8377.45,Advanced,12/31/2022,/oh/candidate/sedrick-denson-14646,/oh/race/ohio-house-of-representatives-district-26-60108,True
2022,26,"Democratic Party Primary Election August 2, 2022",Colleen Reynolds,Democratic,26586.04,25531.8,Withdrew,12/31/2022,/oh/candidate/colleen-reynolds,/oh/race/ohio-house-of-representatives-district-26-60108,False
2022,27,"General Election November 8, 2022",Rachel Baker,Democratic,290025.12,189964.09,Won,12/31/2022,/oh/candidate/rachel-baker,/oh/race/ohio-house-of-representatives-district-27-60109,False
2022,27,"General Election November 8, 2022",Jennifer Giroux,Republican,189333.85,92846.46,Lost,12/31/2022,/oh/candidate/jennifer-giroux,/oh/race/ohio-house-of-representatives-district-27-60109,False
2022,27,"Democratic Party Primary Election August 2, 2022",Rachel Baker,Democratic,290025.12,189964.09,Advanced,12/31/2022,/oh/candidate/rachel-baker,/oh/race/ohio-house-of-representatives-district-27-60109,False
2022,27,"Democratic Party Primary Election August 2, 2022",Gavi Begtrup,Democratic,191362.97,102729.81,Lost,12/31/2022,/oh/candidate/gavi-begtrup,/oh/race/ohio-house-of-representatives-district-27-60109,False
2022,27,"Republican Party Primary Election August 2, 2022",Jennifer Giroux,Republican,189333.85,92846.46,Advanced,12/31/2022,/oh/candidate/jennifer-giroux,/oh/race/ohio-house-of-representatives-district-27-60109,False
2022,27,"Republican Party Primary Election August 2, 2022",Lindsay Cole,Republican,8370.01,11985.09,Lost,12/31/2022,/oh/candidate/lindsay-cole,/oh/race/ohio-house-of-representatives-district-27-60109,False
2022,27,"Republican Party Primary Election August 2, 2022",Joe Murray,Republican,15016.54,4628.82,Lost,12/31/2022,/oh/candidate/joe-murray,/oh/race/ohio-house-of-representatives-district-27-60109,False
2022,28,"General Election November 8, 2022",Jessica Miranda,Democratic,415762.75,334608.37,Won,12/31/2022,/oh/candidate/jessica-miranda-14449,/oh/race/ohio-house-of-representatives-district-28-60110,True
2022,28,"General Election November 8, 2022",Christopher Monzel,Republican,330830.61,233194.57,Lost,12/31/2022,/oh/candidate/christopher-monzel-15199,/oh/race/ohio-house-of-representatives-district-28-60110,False
2022,28,"General Election November 8, 2022",Regina Collins,Independent,0.0,0.0,Withdrew,12/31/2022,/oh/candidate/regina-collins,/oh/race/ohio-house-of-representatives-district-28-60110,False
2022,28,"Democratic Party Primary Election August 2, 2022",Jessica Miranda,Democratic,415762.75,334608.37,Advanced,12/31/2022,/oh/candidate/jessica-miranda-14449,/oh/race/ohio-house-of-representatives-district-28-60110,True
2022,28,"Republican Party Primary Election August 2, 2022",Christopher Monzel,Republican,330830.61,233194.57,Advanced,12/31/2022,/oh/candidate/christopher-monzel-15199,/oh/race/ohio-house-of-representatives-district-28-60110,False
2022,28,"Republican Party Primary Election August 2, 2022",Kim Georgeton,Republican,32972.8,32403.5,Lost,12/31/2022,/oh/candidate/kim-georgeton,/oh/race/ohio-house-of-representatives-district-28-60110,False
2022,29,"General Election November 8, 2022",Cindy Abrams,Republican,366053.8,342161.47,Won,12/31/2022,/oh/candidate/cindy-abrams-15157,/oh/race/ohio-house-of-representatives-district-29-60111,True
2022,29,"General Election November 8, 2022",Juan Valle,Democratic,50.0,0.0,Withdrew,12/31/2022,/oh/candidate/juan-valle,/oh/race/ohio-house-of-representatives-district-29-60111,False
2022,29,"Democratic Party Primary Election August 2, 2022",Juan Valle,Democratic,50.0,0.0,Advanced,12/31/2022,/oh/candidate/juan-valle,/oh/race/ohio-house-of-representatives-district-29-60111,False
2022,29,"Republican Party Primary Election August 2, 2022",Cindy Abrams,Republican,366053.8,342161.47,Advanced,12/31/2022,/oh/candidate/cindy-abrams-15157,/oh/race/ohio-house-of-representatives-district-29-60111,True
2022,30,"General Election November 8, 2022",Bill Seitz,Republican,560779.39,540469.8,Won,12/31/2022,/oh/candidate/william-seitz-7262,/oh/race/ohio-house-of-representatives-district-30-60113,True
2022,30,"General Election November 8, 2022",Alissa Mayhaus,Democratic,40170.04,21462.59,Lost,12/31/2022,/oh/candidate/alissa-mayhaus,/oh/race/ohio-house-of-representatives-district-30-60113,False
2022,30,"Democratic Party Primary Election August 2, 2022",Alissa Mayhaus,Democratic,40170.04,21462.59,Advanced,12/31/2022,/oh/candidate/alissa-mayhaus,/oh/race/ohio-house-of-representatives-district-30-60113,False
2022,30,"Republican Party Primary Election August 2, 2022",Bill Seitz,Republican,560779.39,540469.8,Advanced,12/31/2022,/oh/candidate/william-seitz-7262,/oh/race/ohio-house-of-representatives-district-30-60113,True
2022,30,"Republican Party Primary Election August 2, 2022",Angela Hymer,Republican,1557.55,1173.81,Lost,12/31/2022,/oh/candidate/angela-hymer,/oh/race/ohio-house-of-representatives-district-30-60113,False
2022,31,"General Election November 8, 2022",Bill Roemer,Republican,558059.19,166310.64,Won,12/31/2022,/oh/candidate/bill-roemer-14640,/oh/race/ohio-house-of-representatives-district-31-60114,True
2022,31,"General Election November 8, 2022",Rita Darrow,Democratic,53419.96,47084.13,Lost,12/31/2022,/oh/candidate/rita-darrow,/oh/race/ohio-house-of-representatives-district-31-60114,False
2022,31,"Democratic Party Primary Election August 2, 2022",Rita Darrow,Democratic,53419.96,47084.13,Advanced,12/31/2022,/oh/candidate/rita-darrow,/oh/race/ohio-house-of-representatives-district-31-60114,False
2022,31,"Democratic Party Primary Election August 2, 2022",Lucas Blower Write-In,Democratic,159.3,5.25,Lost,12/31/2022,/oh/candidate/lucas-blower,/oh/race/ohio-house-of-representatives-district-31-60114,False
2022,31,"Republican Party Primary Election August 2, 2022",Bill Roemer,Republican,558059.19,166310.64,Advanced,12/31/2022,/oh/candidate/bill-roemer-14640,/oh/race/ohio-house-of-representatives-district-31-60114,True
2022,32,"General Election November 8, 2022",Bob Young,Republican,432442.16,113996.04,Won,12/31/2022,/oh/candidate/bob-young,/oh/race/ohio-house-of-representatives-district-32-60115,True
2022,32,"General Election November 8, 2022",Matthew Shaughnessy,Democratic,49471.56,37612.61,Lost,12/31/2022,/oh/candidate/matthew-shaughnessy,/oh/race/ohio-house-of-representatives-district-32-60115,False
2022,32,"Democratic Party Primary Election August 2, 2022",Matthew Shaughnessy,Democratic,49471.56,37612.61,Advanced,12/31/2022,/oh/candidate/matthew-shaughnessy,/oh/race/ohio-house-of-representatives-district-32-60115,False
2022,32,"Republican Party Primary Election August 2, 2022",Bob Young,Republican,432442.16,113996.04,Advanced,12/31/2022,/oh/candidate/bob-young,/oh/race/ohio-house-of-representatives-district-32-60115,True
2022,33,"General Election November 8, 2022",Tavia Galonski,Democratic,102068.25,65893.61,Won,12/31/2022,/oh/candidate/tavia-galonski-14677,/oh/race/ohio-house-of-representatives-district-33-60116,True
2022,33,"General Election November 8, 2022",Kristopher Anderson,Republican,5318.26,3365.47,Lost,12/31/2022,/oh/candidate/kristopher-anderson,/oh/race/ohio-house-of-representatives-district-33-60116,False
2022,33,"Democratic Party Primary Election August 2, 2022",Tavia Galonski,Democratic,102068.25,65893.61,Advanced,12/31/2022,/oh/candidate/tavia-galonski-14677,/oh/race/ohio-house-of-representatives-district-33-60116,True
2022,33,"Democratic Party Primary Election August 2, 2022",Derrick Hall,Democratic,0.0,35.23,Withdrew,12/31/2022,/oh/candidate/derrick-hall,/oh/race/ohio-house-of-representatives-district-33-60116,False
2022,33,"Democratic Party Primary Election August 2, 2022",Veronica Sims,Democratic,0.0,785.0,Withdrew,12/31/2022,/oh/candidate/veronica-sims,/oh/race/ohio-house-of-representatives-district-33-60116,False
2022,33,"Republican Party Primary Election August 2, 2022",Kristopher Anderson,Republican,5318.26,3365.47,Advanced,12/31/2022,/oh/candidate/kristopher-anderson,/oh/race/ohio-house-of-representatives-district-33-60116,False
2022,34,"General Election November 8, 2022",Casey Weinstein,Democratic,457702.66,409813.4,Won,12/31/2022,/oh/candidate/casey-weinstein-14549,/oh/race/ohio-house-of-representatives-district-34-60117,True
2022,34,"General Election November 8, 2022",Beth Bigham,Republican,452724.6,171750.51,Lost,12/31/2022,/oh/candidate/beth-bigham,/oh/race/ohio-house-of-representatives-district-34-60117,False
2022,34,"Democratic Party Primary Election August 2, 2022",Casey Weinstein,Democratic,457702.66,409813.4,Advanced,12/31/2022,/oh/candidate/casey-weinstein-14549,/oh/race/ohio-house-of-representatives-district-34-60117,True
2022,34,"Republican Party Primary Election August 2, 2022",Beth Bigham,Republican,452724.6,171750.51,Advanced,12/31/2022,/oh/candidate/beth-bigham,/oh/race/ohio-house-of-representatives-district-34-60117,False
2022,35,"General Election November 8, 2022",Steve Demetriou,Republican,438889.14,346743.68,Won,12/31/2022,/oh/candidate/steve-demetriou,/oh/race/ohio-house-of-representatives-district-35-60118,False
2022,35,"General Election November 8, 2022",Lori O'Neill,Democratic,0.0,0.0,Lost,12/31/2022,,/oh/race/ohio-house-of-representatives-district-35-60118,False
2022,35,"Democratic Party Primary Election August 2, 2022",Lori O'Neill,Democratic,0.0,0.0,Advanced,12/31/2022,,/oh/race/ohio-house-of-representatives-district-35-60118,False
2022,35,"Democratic Party Primary Election August 2, 2022",Deb Helton,Democratic,22373.98,8351.1,Withdrew,12/31/2022,/oh/candidate/deb-helton,/oh/race/ohio-house-of-representatives-district-35-60118,False
2022,35,"Republican Party Primary Election August 2, 2022",Steve Demetriou,Republican,438889.14,346743.68,Advanced,12/31/2022,/oh/candidate/steve-demetriou,/oh/race/ohio-house-of-representatives-district-35-60118,False
2022,36,"General Election November 8, 2022",Andrea White,Republican,480644.1,223322.02,Won,12/31/2022,/oh/candidate/andrea-white-15240,/oh/race/ohio-house-of-representatives-district-36-60119,True
2022,36,"General Election November 8, 2022",Addison Caruso,Democratic,60930.4,39452.46,Lost,12/31/2022,/oh/candidate/addison-caruso,/oh/race/ohio-house-of-representatives-district-36-60119,False
2022,36,"General Election November 8, 2022",John Biller Write-In,Independent,5375.06,3726.64,Lost,12/31/2022,/oh/candidate/john-biller,/oh/race/ohio-house-of-representatives-district-36-60119,False
2022,36,"Democratic Party Primary Election August 2, 2022",Addison Caruso,Democratic,60930.4,39452.46,Advanced,12/31/2022,/oh/candidate/addison-caruso,/oh/race/ohio-house-of-representatives-district-36-60119,False
2022,36,"Republican Party Primary Election August 2, 2022",Andrea White,Republican,480644.1,223322.02,Advanced,12/31/2022,/oh/candidate/andrea-white-15240,/oh/race/ohio-house-of-representatives-district-36-60119,True
2022,37,"General Election November 8, 2022",Tom Young,Republican,76335.0,55942.22,Won,12/31/2022,/oh/candidate/tom-young-11933,/oh/race/ohio-house-of-representatives-district-37-60120,True
2022,37,"General Election November 8, 2022",Megan Overman Write-In,Independent,9030.56,7366.73,Lost,12/31/2022,/oh/candidate/megan-overman,/oh/race/ohio-house-of-representatives-district-37-60120,False
2022,37,"Republican Party Primary Election August 2, 2022",Tom Young,Republican,76335.0,55942.22,Advanced,12/31/2022,/oh/candidate/tom-young-11933,/oh/race/ohio-house-of-representatives-district-37-60120,True
2022,38,"General Election November 8, 2022",Willis Blackshear,Democratic,74023.94,64175.16,Won,12/31/2022,/oh/candidate/willis-blackshear-15219,/oh/race/ohio-house-of-representatives-district-38-60121,True
2022,38,"Democratic Party Primary Election August 2, 2022",Willis Blackshear,Democratic,74023.94,64175.16,Advanced,12/31/2022,/oh/candidate/willis-blackshear-15219,/oh/race/ohio-house-of-representatives-district-38-60121,True
2022,39,"General Election November 8, 2022",Phil Plummer,Republican,550547.79,525507.67,Won,12/31/2022,/oh/candidate/phil-plummer-14833,/oh/race/ohio-house-of-representatives-district-39-60122,True
2022,39,"General Election November 8, 2022",Leronda Jackson,Democratic,91842.19,67576.98,Lost,12/31/2022,/oh/candidate/leronda-jackson,/oh/race/ohio-house-of-representatives-district-39-60122,False
2022,39,"Democratic Party Primary Election August 2, 2022",Leronda Jackson Write-In,Democratic,91842.19,67576.98,Advanced,12/31/2022,/oh/candidate/leronda-jackson,/oh/race/ohio-house-of-representatives-district-39-60122,False
2022,39,"Republican Party Primary Election August 2, 2022",Phil Plummer,Republican,550547.79,525507.67,Advanced,12/31/2022,/oh/candidate/phil-plummer-14833,/oh/race/ohio-house-of-representatives-district-39-60122,True
2022,40,"General Election November 8, 2022",Rodney Creech,Republican,104487.3,71865.69,Won,12/31/2022,/oh/candidate/rodney-creech-15169,/oh/race/ohio-house-of-representatives-district-40-60124,True
2022,40,"General Election November 8, 2022",Amy Cox,Democratic,18195.85,20865.76,Lost,12/31/2022,/oh/candidate/amy-cox-15162,/oh/race/ohio-house-of-representatives-district-40-60124,False
2022,40,"Democratic Party Primary Election August 2, 2022",Amy Cox,Democratic,18195.85,20865.76,Advanced,12/31/2022,/oh/candidate/amy-cox-15162,/oh/race/ohio-house-of-representatives-district-40-60124,False
2022,40,"Republican Party Primary Election August 2, 2022",Rodney Creech,Republican,104487.3,71865.69,Advanced,12/31/2022,/oh/candidate/rodney-creech-15169,/oh/race/ohio-house-of-representatives-district-40-60124,True
2022,41,"General Election November 8, 2022",Josh Williams,Republican,362137.15,123788.19,Won,12/31/2022,/oh/candidate/josh-williams,/oh/race/ohio-house-of-representatives-district-41-60125,False
2022,41,"General Election November 8, 2022",Nancy Larson,Democratic,132257.01,107696.17,Lost,12/31/2022,/oh/candidate/nancy-larson-15179,/oh/race/ohio-house-of-representatives-district-41-60125,False
2022,41,"Democratic Party Primary Election August 2, 2022",Nancy Larson,Democratic,132257.01,107696.17,Advanced,12/31/2022,/oh/candidate/nancy-larson-15179,/oh/race/ohio-house-of-representatives-district-41-60125,False
2022,41,"Democratic Party Primary Election August 2, 2022",Colin Flanagan,Democratic,11398.89,12305.74,Lost,12/31/2022,/oh/candidate/colin-flanagan,/oh/race/ohio-house-of-representatives-district-41-60125,False
2022,41,"Republican Party Primary Election August 2, 2022",Josh Williams,Republican,362137.15,123788.19,Advanced,12/31/2022,/oh/candidate/josh-williams,/oh/race/ohio-house-of-representatives-district-41-60125,False
2022,42,"General Election November 8, 2022",Derek Merrin,Republican,866264.95,400353.2,Won,12/31/2022,/oh/candidate/derek-merrin-14395,/oh/race/ohio-house-of-representatives-district-42-60126,True
2022,42,"General Election November 8, 2022",Erika White,Democratic,209154.8,216263.35,Lost,12/31/2022,/oh/candidate/erika-white,/oh/race/ohio-house-of-representatives-district-42-60126,False
2022,42,"Democratic Party Primary Election August 2, 2022",Erika White,Democratic,209154.8,216263.35,Advanced,12/31/2022,/oh/candidate/erika-white,/oh/race/ohio-house-of-representatives-district-42-60126,False
2022,42,"Democratic Party Primary Election August 2, 2022",Nick Komives,Democratic,0.0,0.0,Withdrew,12/31/2022,,/oh/race/ohio-house-of-representatives-district-42-60126,False
2022,42,"Republican Party Primary Election August 2, 2022",Derek Merrin,Republican,866264.95,400353.2,Advanced,12/31/2022,/oh/candidate/derek-merrin-14395,/oh/race/ohio-house-of-representatives-district-42-60126,True
2022,43,"General Election November 8, 2022",Michele Grim,Democratic,31853.12,41383.07,Won,12/31/2022,/oh/candidate/michele-grim,/oh/race/ohio-house-of-representatives-district-43-60127,False
2022,43,"General Election November 8, 2022",Wendi Hendricks,Republican,11422.6,18374.03,Lost,12/31/2022,/oh/candidate/wendi-hendricks,/oh/race/ohio-house-of-representatives-district-43-60127,False
2022,43,"Democratic Party Primary Election August 2, 2022",Michele Grim,Democratic,31853.12,41383.07,Advanced,12/31/2022,/oh/candidate/michele-grim,/oh/race/ohio-house-of-representatives-district-43-60127,False
2022,43,"Democratic Party Primary Election August 2, 2022",Daniel Ortiz,Democratic,16119.71,15233.56,Lost,12/31/2022,/oh/candidate/daniel-ortiz,/oh/race/ohio-house-of-representatives-district-43-60127,False
2022,43,"Republican Party Primary Election August 2, 2022",Wendi Hendricks,Republican,11422.6,18374.03,Advanced,12/31/2022,/oh/candidate/wendi-hendricks,/oh/race/ohio-house-of-representatives-district-43-60127,False
2022,43,"Republican Party Primary Election August 2, 2022",Kristi Kille,Republican,925.0,830.84,Lost,12/31/2022,/oh/candidate/kristi-kille,/oh/race/ohio-house-of-representatives-district-43-60127,False
2022,44,"General Election November 8, 2022",Elgin Rogers Jr.,Democratic,76227.32,57726.71,Won,12/31/2022,/oh/candidate/elgin-rogers-jr,/oh/race/ohio-house-of-representatives-district-44-60128,False
2022,44,"General Election November 8, 2022",Roy Palmer,Republican,1599.01,1346.24,Lost,12/31/2022,/oh/candidate/roy-palmer,/oh/race/ohio-house-of-representatives-district-44-60128,False
2022,44,"Democratic Party Primary Election August 2, 2022",Elgin Rogers Jr.,Democratic,76227.32,57726.71,Advanced,12/31/2022,/oh/candidate/elgin-rogers-jr,/oh/race/ohio-house-of-representatives-district-44-60128,False
2022,44,"Republican Party Primary Election August 2, 2022",Roy Palmer,Republican,1599.01,1346.24,Advanced,12/31/2022,/oh/candidate/roy-palmer,/oh/race/ohio-house-of-representatives-district-44-60128,False
2022,45,"General Election November 8, 2022",Jennifer Gross,Republican,65433.17,68990.63,Won,12/31/2022,/oh/candidate/jennifer-gross-15181,/oh/race/ohio-house-of-representatives-district-45-60129,True
2022,45,"General Election November 8, 2022",Charles Horn,Democratic,14346.09,14090.96,Lost,12/31/2022,/oh/candidate/charles-horn-15257,/oh/race/ohio-house-of-representatives-district-45-60129,False
2022,45,"Democratic Party Primary Election August 2, 2022",Charles Horn,Democratic,14346.09,14090.96,Advanced,12/31/2022,/oh/candidate/charles-horn-15257,/oh/race/ohio-house-of-representatives-district-45-60129,False
2022,45,"Republican Party Primary Election August 2, 2022",Jennifer Gross,Republican,65433.17,68990.63,Advanced,12/31/2022,/oh/candidate/jennifer-gross-15181,/oh/race/ohio-house-of-representatives-district-45-60129,True
2022,46,"General Election November 8, 2022",Thomas Hall,Republican,272935.14,127748.42,Won,12/31/2022,/oh/candidate/thomas-hall-15205,/oh/race/ohio-house-of-representatives-district-46-60130,True
2022,46,"General Election November 8, 2022",Larry Mulligan,Democratic,40928.08,26860.71,Lost,12/31/2022,/oh/candidate/larry-mulligan,/oh/race/ohio-house-of-representatives-district-46-60130,False
2022,46,"Democratic Party Primary Election August 2, 2022",Larry Mulligan,Democratic,40928.08,26860.71,Advanced,12/31/2022,/oh/candidate/larry-mulligan,/oh/race/ohio-house-of-representatives-district-46-60130,False
2022,46,"Republican Party Primary Election August 2, 2022",Thomas Hall,Republican,272935.14,127748.42,Advanced,12/31/2022,/oh/candidate/thomas-hall-15205,/oh/race/ohio-house-of-representatives-district-46-60130,True
2022,46,"Republican Party Primary Election August 2, 2022",Matt King,Republican,111035.37,53189.37,Lost,12/31/2022,/oh/candidate/matt-king,/oh/race/ohio-house-of-representatives-district-46-60130,False
2022,47,"General Election November 8, 2022",Sara Carruthers,Republican,179461.49,184412.97,Won,12/31/2022,/oh/candidate/sara-carruthers-14864,/oh/race/ohio-house-of-representatives-district-47-60131,True
2022,47,"General Election November 8, 2022",Sam Lawrence,Democratic,79294.95,39255.14,Lost,12/31/2022,/oh/candidate/sam-lawrence,/oh/race/ohio-house-of-representatives-district-47-60131,False
2022,47,"Democratic Party Primary Election August 2, 2022",Sam Lawrence,Democratic,79294.95,39255.14,Advanced,12/31/2022,/oh/candidate/sam-lawrence,/oh/race/ohio-house-of-representatives-district-47-60131,False
2022,47,"Republican Party Primary Election August 2, 2022",Sara Carruthers,Republican,179461.49,184412.97,Advanced,12/31/2022,/oh/candidate/sara-carruthers-14864,/oh/race/ohio-house-of-representatives-district-47-60131,True
2022,47,"Republican Party Primary Election August 2, 2022",Cody Harper,Republican,0.0,0.0,Lost,12/31/2022,/oh/candidate/cody-harper,/oh/race/ohio-house-of-representatives-district-47-60131,False
2022,48,"General Election November 8, 2022",Scott Oelslager,Republican,288755.48,240246.86,Won,12/31/2022,/oh/candidate/scott-oelslager-250,/oh/race/ohio-house-of-representatives-district-48-60132,True
2022,48,"General Election November 8, 2022",David Smith,Democratic,0.0,0.0,Lost,12/31/2022,,/oh/race/ohio-house-of-representatives-district-48-60132,False
2022,48,"Democratic Party Primary Election August 2, 2022",David Smith Write-In,Democratic,0.0,0.0,Advanced,12/31/2022,,/oh/race/ohio-house-of-representatives-district-48-60132,False
2022,48,"Republican Party Primary Election August 2, 2022",Scott Oelslager,Republican,288755.48,240246.86,Advanced,12/31/2022,/oh/candidate/scott-oelslager-250,/oh/race/ohio-house-of-representatives-district-48-60132,True
2022,49,"General Election November 8, 2022",Jim Thomas,Republican,355429.78,166600.22,Won,12/31/2022,/oh/candidate/jim-thomas,/oh/race/ohio-house-of-representatives-district-49-60133,False
2022,49,"General Election November 8, 2022",Thomas West,Democratic,233563.91,246629.9,Lost,12/31/2022,/oh/candidate/thomas-west-11394,/oh/race/ohio-house-of-representatives-district-49-60133,True
2022,49,"Democratic Party Primary Election August 2, 2022",Thomas West,Democratic,233563.91,246629.9,Advanced,12/31/2022,/oh/candidate/thomas-west-11394,/oh/race/ohio-house-of-representatives-district-49-60133,True
2022,49,"Republican Party Primary Election August 2, 2022",Jim Thomas,Republican,355429.78,166600.22,Advanced,12/31/2022,/oh/candidate/jim-thomas,/oh/race/ohio-house-of-representatives-district-49-60133,False
2022,50,"General Election November 8, 2022",Reginald Stoltzfus,Republican,54800.0,43486.36,Won,12/31/2022,/oh/candidate/reginald-stoltzfus-14681,/oh/race/ohio-house-of-representatives-district-50-60135,True
2022,50,"Republican Party Primary Election August 2, 2022",Reginald Stoltzfus,Republican,54800.0,43486.36,Advanced,12/31/2022,/oh/candidate/reginald-stoltzfus-14681,/oh/race/ohio-house-of-representatives-district-50-60135,True
2022,51,"General Election November 8, 2022",Brett Hillyer,Republican,210125.53,162167.63,Won,12/31/2022,/oh/candidate/brett-hillyer-14878,/oh/race/ohio-house-of-representatives-district-51-60136,True
2022,51,"Republican Party Primary Election August 2, 2022",Brett Hillyer,Republican,210125.53,162167.63,Advanced,12/31/2022,/oh/candidate/brett-hillyer-14878,/oh/race/ohio-house-of-representatives-district-51-60136,True
2022,52,"General Election November 8, 2022",Gayle L Manning,Republican,498486.64,287323.81,Won,12/31/2022,/oh/candidate/gayle-manning-13283,/oh/race/ohio-house-of-representatives-district-52-60137,True
2022,52,"General Election November 8, 2022",Regan Phillips,Democratic,77756.36,68318.42,Lost,12/31/2022,/oh/candidate/regan-phillips,/oh/race/ohio-house-of-representatives-district-52-60137,False
2022,52,"Democratic Party Primary Election August 2, 2022",Regan Phillips,Democratic,77756.36,68318.42,Advanced,12/31/2022,/oh/candidate/regan-phillips,/oh/race/ohio-house-of-representatives-district-52-60137,False
2022,52,"Republican Party Primary Election August 2, 2022",Gayle L Manning,Republican,498486.64,287323.81,Advanced,12/31/2022,/oh/candidate/gayle-manning-13283,/oh/race/ohio-house-of-representatives-district-52-60137,True
2022,53,"General Election November 8, 2022",Joseph A Miller III,Democratic,205986.51,157706.27,Won,12/31/2022,/oh/candidate/joseph-miller-14808,/oh/race/ohio-house-of-representatives-district-53-60138,True
2022,53,"General Election November 8, 2022",Marty Gallagher,Republican,160347.25,89375.3,Lost,12/31/2022,/oh/candidate/marty-gallagher,/oh/race/ohio-house-of-representatives-district-53-60138,False
2022,53,"Democratic Party Primary Election August 2, 2022",Joseph A Miller III,Democratic,205986.51,157706.27,Advanced,12/31/2022,/oh/candidate/joseph-miller-14808,/oh/race/ohio-house-of-representatives-district-53-60138,True
2022,53,"Democratic Party Primary Election August 2, 2022",Daniel Ramos Write-In,Democratic,217.6,1134.6,Lost,12/31/2022,/oh/candidate/daniel-ramos-13081,/oh/race/ohio-house-of-representatives-district-53-60138,False
2022,53,"Republican Party Primary Election August 2, 2022",Marty Gallagher,Republican,160347.25,89375.3,Advanced,12/31/2022,/oh/candidate/marty-gallagher,/oh/race/ohio-house-of-representatives-district-53-60138,False
2022,53,"Republican Party Primary Election August 2, 2022",Sarah McGervey,Republican,15286.0,13472.35,Lost,12/31/2022,/oh/candidate/sarah-mcgervey,/oh/race/ohio-house-of-representatives-district-53-60138,False
2022,54,"General Election November 8, 2022",Dick Stein,Republican,179498.18,124198.67,Won,12/31/2022,/oh/candidate/richard-stein-14443,/oh/race/ohio-house-of-representatives-district-54-60139,True
2022,54,"General Election November 8, 2022",Bryan Burgess,Democratic,9103.06,5832.33,Lost,12/31/2022,/oh/candidate/bryan-burgess,/oh/race/ohio-house-of-representatives-district-54-60139,False
2022,54,"Democratic Party Primary Election August 2, 2022",Bryan Burgess,Democratic,9103.06,5832.33,Advanced,12/31/2022,/oh/candidate/bryan-burgess,/oh/race/ohio-house-of-representatives-district-54-60139,False
2022,54,"Republican Party Primary Election August 2, 2022",Dick Stein,Republican,179498.18,124198.67,Advanced,12/31/2022,/oh/candidate/richard-stein-14443,/oh/race/ohio-house-of-representatives-district-54-60139,True
2022,54,"Republican Party Primary Election August 2, 2022",Kathleen Beyer Write-In,Republican,0.0,0.0,Lost,12/31/2022,,/oh/race/ohio-house-of-representatives-district-54-60139,False
2022,55,"General Election November 8, 2022",Scott Lipps,Republican,210582.75,140980.69,Won,12/31/2022,/oh/candidate/p-lipps-14303,/oh/race/ohio-house-of-representatives-district-55-60140,True
2022,55,"General Election November 8, 2022",Paul Zorn,Democratic,13064.5,6042.96,Lost,12/31/2022,/oh/candidate/paul-zorn,/oh/race/ohio-house-of-representatives-district-55-60140,False
2022,55,"Democratic Party Primary Election August 2, 2022",Paul Zorn,Democratic,13064.5,6042.96,Advanced,12/31/2022,/oh/candidate/paul-zorn,/oh/race/ohio-house-of-representatives-district-55-60140,False
2022,55,"Republican Party Primary Election August 2, 2022",Scott Lipps,Republican,210582.75,140980.69,Advanced,12/31/2022,/oh/candidate/p-lipps-14303,/oh/race/ohio-house-of-representatives-district-55-60140,True
2022,55,"Republican Party Primary Election August 2, 2022",Matthew Fisher,Republican,0.0,0.0,Withdrew,12/31/2022,,/oh/race/ohio-house-of-representatives-district-55-60140,False
2022,55,"Republican Party Primary Election August 2, 2022",Thomas Goodwin,Republican,0.0,0.0,Lost,12/31/2022,/oh/candidate/thomas-goodwin,/oh/race/ohio-house-of-representatives-district-55-60140,False
2022,55,"Republican Party Primary Election August 2, 2022",Steve Muterspaw,Republican,0.0,0.0,Withdrew,12/31/2022,,/oh/race/ohio-house-of-representatives-district-55-60140,False
2022,56,"General Election November 8, 2022",Adam Mathews,Republican,64867.0,62381.36,Won,12/31/2022,/oh/candidate/adam-mathews,/oh/race/ohio-house-of-representatives-district-56-60141,False
2022,56,"General Election November 8, 2022",Joy Bennett,Democratic,95845.67,83926.84,Lost,12/31/2022,/oh/candidate/joy-bennett,/oh/race/ohio-house-of-representatives-district-56-60141,False
2022,56,"Democratic Party Primary Election August 2, 2022",Joy Bennett,Democratic,95845.67,83926.84,Advanced,12/31/2022,/oh/candidate/joy-bennett,/oh/race/ohio-house-of-representatives-district-56-60141,False
2022,56,"Democratic Party Primary Election August 2, 2022",Sam CAO,Democratic,20768.77,19812.1,Lost,12/31/2022,/oh/candidate/sam-cao,/oh/race/ohio-house-of-representatives-district-56-60141,False
2022,56,"Republican Party Primary Election August 2, 2022",Adam Mathews,Republican,64867.0,62381.36,Advanced,12/31/2022,/oh/candidate/adam-mathews,/oh/race/ohio-house-of-representatives-district-56-60141,False
2022,56,"Republican Party Primary Election August 2, 2022",Kathy Grossmann,Republican,23467.3,49031.24,Lost,12/31/2022,/oh/candidate/kathy-grossmann,/oh/race/ohio-house-of-representatives-district-56-60141,False
2022,57,"General Election November 8, 2022",Jamie Callender,Republican,150316.05,121458.29,Won,12/31/2022,/oh/candidate/jamie-callender-433,/oh/race/ohio-house-of-representatives-district-57-60142,True
2022,57,"General Election November 8, 2022",Evan Rosborough,Democratic,44742.35,25855.88,Lost,12/31/2022,/oh/candidate/evan-rosborough,/oh/race/ohio-house-of-representatives-district-57-60142,False
2022,57,"Democratic Party Primary Election August 2, 2022",Evan Rosborough,Democratic,44742.35,25855.88,Advanced,12/31/2022,/oh/candidate/evan-rosborough,/oh/race/ohio-house-of-representatives-district-57-60142,False
2022,57,"Republican Party Primary Election August 2, 2022",Jamie Callender,Republican,150316.05,121458.29,Advanced,12/31/2022,/oh/candidate/jamie-callender-433,/oh/race/ohio-house-of-representatives-district-57-60142,True
2022,58,"General Election November 8, 2022",Alessandro Cutrona,Republican,525595.39,278446.32,Won,12/31/2022,/oh/candidate/alessandro-cutrona,/oh/race/ohio-house-of-representatives-district-58-60143,True
2022,58,"General Election November 8, 2022",Bruce Neff,Democratic,25555.55,26596.86,Lost,12/31/2022,/oh/candidate/bruce-neff,/oh/race/ohio-house-of-representatives-district-58-60143,False
2022,58,"Democratic Party Primary Election August 2, 2022",Bruce Neff,Democratic,25555.55,26596.86,Advanced,12/31/2022,/oh/candidate/bruce-neff,/oh/race/ohio-house-of-representatives-district-58-60143,False
2022,58,"Republican Party Primary Election August 2, 2022",Alessandro Cutrona,Republican,525595.39,278446.32,Advanced,12/31/2022,/oh/candidate/alessandro-cutrona,/oh/race/ohio-house-of-representatives-district-58-60143,True
2022,58,"Republican Party Primary Election August 2, 2022",Jeff Write-In,Republican,0.0,0.0,Withdrew,12/31/2022,,/oh/race/ohio-house-of-representatives-district-58-60143,False
2022,59,"General Election November 8, 2022",Lauren McNally,Democratic,127194.68,96038.46,Won,12/31/2022,/oh/candidate/lauren-mcnally,/oh/race/ohio-house-of-representatives-district-59-60144,False
2022,59,"General Election November 8, 2022",Gregory Beight,Independent,19052.44,20569.95,Lost,12/31/2022,/oh/candidate/gregory-beight,/oh/race/ohio-house-of-representatives-district-59-60144,False
2022,59,"General Election November 8, 2022",Eric C Ungaro,Independent,24650.0,22576.63,Lost,12/31/2022,/oh/candidate/eric-c-ungaro,/oh/race/ohio-house-of-representatives-district-59-60144,False
2022,59,"General Election November 8, 2022",Cecil Monroe Write-In,Independent,0.0,0.0,Lost,12/31/2022,/oh/candidate/cecil-monroe,/oh/race/ohio-house-of-representatives-district-59-60144,False
2022,59,"Democratic Party Primary Election August 2, 2022",Lauren McNally,Democratic,127194.68,96038.46,Advanced,12/31/2022,/oh/candidate/lauren-mcnally,/oh/race/ohio-house-of-representatives-district-59-60144,False
2022,59,"Democratic Party Primary Election August 2, 2022",John Dyce,Democratic,3287.64,3293.26,Lost,12/31/2022,/oh/candidate/john-dyce,/oh/race/ohio-house-of-representatives-district-59-60144,False
2022,59,"Democratic Party Primary Election August 2, 2022",Wayne Penny Jr.,Democratic,0.0,0.0,Lost,12/31/2022,/oh/candidate/wayne-penny-jr,/oh/race/ohio-house-of-representatives-district-59-60144,False
2022,59,"Democratic Party Primary Election August 2, 2022",Ronald Shadd,Democratic,6091.3,5134.22,Lost,12/31/2022,/oh/candidate/ronald-shadd,/oh/race/ohio-house-of-representatives-district-59-60144,False
2022,60,"General Election November 8, 2022",Kris Jordan,Republican,28528.02,18579.83,Won,12/31/2022,/oh/candidate/kris-jordan-12136,/oh/race/ohio-house-of-representatives-district-60-60146,True
2022,60,"Democratic Party Primary Election August 2, 2022",Rebecca Slater,Democratic,0.0,0.0,Withdrew,12/31/2022,/oh/candidate/rebecca-slater,/oh/race/ohio-house-of-representatives-district-60-60146,False
2022,60,"Republican Party Primary Election August 2, 2022",Kris Jordan,Republican,28528.02,18579.83,Advanced,12/31/2022,/oh/candidate/kris-jordan-12136,/oh/race/ohio-house-of-representatives-district-60-60146,True
2022,61,"General Election November 8, 2022",Beth Lear,Republican,123917.54,127602.48,Won,12/31/2022,/oh/candidate/beth-lear-13101,/oh/race/ohio-house-of-representatives-district-61-60147,False
2022,61,"General Election November 8, 2022",Louise Valentine,Democratic,139826.37,134770.6,Lost,12/31/2022,/oh/candidate/louise-valentine,/oh/race/ohio-house-of-representatives-district-61-60147,False
2022,61,"Democratic Party Primary Election August 2, 2022",Louise Valentine,Democratic,139826.37,134770.6,Advanced,12/31/2022,/oh/candidate/louise-valentine,/oh/race/ohio-house-of-representatives-district-61-60147,False
2022,61,"Democratic Party Primary Election August 2, 2022",Rachael Morocco,Democratic,100.0,12.5,Withdrew,12/31/2022,/oh/candidate/rachael-morocco-15186,/oh/race/ohio-house-of-representatives-district-61-60147,False
2022,61,"Republican Party Primary Election August 2, 2022",Beth Lear,Republican,123917.54,127602.48,Advanced,12/31/2022,/oh/candidate/beth-lear-13101,/oh/race/ohio-house-of-representatives-district-61-60147,False
2022,61,"Republican Party Primary Election August 2, 2022",Shawn Stevens,Republican,0.0,0.0,Lost,12/31/2022,,/oh/race/ohio-house-of-representatives-district-61-60147,True
2022,62,"General Election November 8, 2022",Jeannette Schmidt,Republican,220741.68,114767.63,Won,12/31/2022,/oh/candidate/jeannette-schmidt-7321,/oh/race/ohio-house-of-representatives-district-62-60148,True
2022,62,"General Election November 8, 2022",Brian Flick,Democratic,40284.3,24178.31,Lost,12/31/2022,/oh/candidate/brian-flick-14846,/oh/race/ohio-house-of-representatives-district-62-60148,False
2022,62,"Democratic Party Primary Election August 2, 2022",Brian Flick,Democratic,40284.3,24178.31,Advanced,12/31/2022,/oh/candidate/brian-flick-14846,/oh/race/ohio-house-of-representatives-district-62-60148,False
2022,62,"Republican Party Primary Election August 2, 2022",Jeannette Schmidt,Republican,220741.68,114767.63,Advanced,12/31/2022,/oh/candidate/jeannette-schmidt-7321,/oh/race/ohio-house-of-representatives-district-62-60148,True
2022,63,"General Election November 8, 2022",Adam Bird,Republican,129882.13,75016.3,Won,12/31/2022,/oh/candidate/adam-bird-15144,/oh/race/ohio-house-of-representatives-district-63-60149,True
2022,63,"General Election November 8, 2022",Richard Perry,Democratic,0.0,0.0,Lost,12/31/2022,,/oh/race/ohio-house-of-representatives-district-63-60149,False
2022,63,"Democratic Party Primary Election August 2, 2022",Richard Perry Write-In,Democratic,0.0,0.0,Advanced,12/31/2022,,/oh/race/ohio-house-of-representatives-district-63-60149,False
2022,63,"Republican Party Primary Election August 2, 2022",Adam Bird,Republican,129882.13,75016.3,Advanced,12/31/2022,/oh/candidate/adam-bird-15144,/oh/race/ohio-house-of-representatives-district-63-60149,True
2022,64,"General Election November 8, 2022",Nick Santucci,Republican,450323.36,326437.92,Won,12/31/2022,/oh/candidate/nick-santucci,/oh/race/ohio-house-of-representatives-district-64-60150,False
2022,64,"General Election November 8, 2022",Vince Peterson,Democratic,238127.46,223357.05,Lost,12/31/2022,/oh/candidate/vince-peterson,/oh/race/ohio-house-of-representatives-district-64-60150,False
2022,64,"Democratic Party Primary Election August 2, 2022",Vince Peterson,Democratic,238127.46,223357.05,Advanced,12/31/2022,/oh/candidate/vince-peterson,/oh/race/ohio-house-of-representatives-district-64-60150,False
2022,64,"Democratic Party Primary Election August 2, 2022",Bria Bennett,Democratic,35101.01,35099.87,Lost,12/31/2022,/oh/candidate/bria-bennett,/oh/race/ohio-house-of-representatives-district-64-60150,False
2022,64,"Republican Party Primary Election August 2, 2022",Nick Santucci,Republican,450323.36,326437.92,Advanced,12/31/2022,/oh/candidate/nick-santucci,/oh/race/ohio-house-of-representatives-district-64-60150,False
2022,65,"General Election November 8, 2022",Michael Loychik,Republican,226506.79,169816.02,Won,12/31/2022,/oh/candidate/michael-loychik,/oh/race/ohio-house-of-representatives-district-65-60151,True
2022,65,"General Election November 8, 2022",Jennifer Donnelly,Independent,3555.14,1836.8,Lost,12/31/2022,/oh/candidate/jennifer-donnelly,/oh/race/ohio-house-of-representatives-district-65-60151,False
2022,65,"Republican Party Primary Election August 2, 2022",Michael Loychik,Republican,226506.79,169816.02,Advanced,12/31/2022,/oh/candidate/michael-loychik,/oh/race/ohio-house-of-representatives-district-65-60151,True
2022,65,"Republican Party Primary Election August 2, 2022",Randy Law,Republican,9389.09,0.0,Lost,12/31/2022,/oh/candidate/randy-law,/oh/race/ohio-house-of-representatives-district-65-60151,False
2022,66,"General Election November 8, 2022",Sharon Ray,Republican,144037.19,128083.82,Won,12/31/2022,/oh/candidate/sharon-ray-15184,/oh/race/ohio-house-of-representatives-district-66-60152,True
2022,66,"General Election November 8, 2022",Christina Collins,Democratic,16151.72,13667.86,Lost,12/31/2022,/oh/candidate/christina-collins,/oh/race/ohio-house-of-representatives-district-66-60152,False
2022,66,"General Election November 8, 2022",Mike Oliver,Democratic,0.0,0.0,Withdrew,12/31/2022,,/oh/race/ohio-house-of-representatives-district-66-60152,False
2022,66,"Democratic Party Primary Election August 2, 2022",Mike Oliver Write-In,Democratic,0.0,0.0,Advanced,12/31/2022,,/oh/race/ohio-house-of-representatives-district-66-60152,False
2022,66,"Republican Party Primary Election August 2, 2022",Sharon Ray,Republican,144037.19,128083.82,Advanced,12/31/2022,/oh/candidate/sharon-ray-15184,/oh/race/ohio-house-of-representatives-district-66-60152,True
2022,67,"General Election November 8, 2022",Melanie Miller,Republican,217891.17,151605.93,Won,12/31/2022,/oh/candidate/melanie-miller,/oh/race/ohio-house-of-representatives-district-67-60153,False
2022,67,"General Election November 8, 2022",Drew Burge,Democratic,6664.8,6486.22,Lost,12/31/2022,/oh/candidate/drew-burge,/oh/race/ohio-house-of-representatives-district-67-60153,False
2022,67,"Democratic Party Primary Election August 2, 2022",Drew Burge,Democratic,6664.8,6486.22,Advanced,12/31/2022,/oh/candidate/drew-burge,/oh/race/ohio-house-of-representatives-district-67-60153,False
2022,67,"Republican Party Primary Election August 2, 2022",Melanie Miller,Republican,217891.17,151605.93,Advanced,12/31/2022,/oh/candidate/melanie-miller,/oh/race/ohio-house-of-representatives-district-67-60153,False
2022,67,"Republican Party Primary Election August 2, 2022",Ron Falconi,Republican,33049.53,111773.75,Lost,12/31/2022,/oh/candidate/ron-falconi-15196,/oh/race/ohio-house-of-representatives-district-67-60153,False
2022,67,"Republican Party Primary Election August 2, 2022",Terry Robertson,Republican,0.0,0.0,Lost,12/31/2022,/oh/candidate/terry-robertson-15197,/oh/race/ohio-house-of-representatives-district-67-60153,False
2022,67,"Republican Party Primary Election August 2, 2022",Matt Young,Republican,19283.81,6773.52,Withdrew,12/31/2022,/oh/candidate/matt-young,/oh/race/ohio-house-of-representatives-district-67-60153,False
2022,68,"General Election November 8, 2022",Thaddeus Claggett,Republican,18040.0,25456.12,Won,12/31/2022,/oh/candidate/thaddeus-claggett,/oh/race/ohio-house-of-representatives-district-68-60154,False
2022,68,"General Election November 8, 2022",Daniel Crawford Write-In,Independent,5125.4,4645.94,Lost,12/31/2022,/oh/candidate/daniel-crawford,/oh/race/ohio-house-of-representatives-district-68-60154,False
2022,68,"Democratic Party Primary Election August 2, 2022",Mark Carr,Democratic,0.0,885.53,Withdrew,12/31/2022,/oh/candidate/mark-carr,/oh/race/ohio-house-of-representatives-district-68-60154,False
2022,68,"Republican Party Primary Election August 2, 2022",Thaddeus Claggett,Republican,18040.0,25456.12,Advanced,12/31/2022,/oh/candidate/thaddeus-claggett,/oh/race/ohio-house-of-representatives-district-68-60154,False
2022,68,"Republican Party Primary Election August 2, 2022",Mark Fraizer,Republican,230182.15,165696.11,Lost,12/31/2022,/oh/candidate/mark-fraizer,/oh/race/ohio-house-of-representatives-district-68-60154,True
2022,69,"General Election November 8, 2022",Kevin Miller,Republican,147626.36,102678.24,Won,12/31/2022,/oh/candidate/kevin-miller,/oh/race/ohio-house-of-representatives-district-69-60155,True
2022,69,"General Election November 8, 2022",Charlotte Owens,Democratic,6676.62,4230.71,Lost,12/31/2022,/oh/candidate/charlotte-owens,/oh/race/ohio-house-of-representatives-district-69-60155,False
2022,69,"Democratic Party Primary Election August 2, 2022",Charlotte Owens,Democratic,6676.62,4230.71,Advanced,12/31/2022,/oh/candidate/charlotte-owens,/oh/race/ohio-house-of-representatives-district-69-60155,False
2022,69,"Republican Party Primary Election August 2, 2022",Kevin Miller,Republican,147626.36,102678.24,Advanced,12/31/2022,/oh/candidate/kevin-miller,/oh/race/ohio-house-of-representatives-district-69-60155,True
2022,70,"General Election November 8, 2022",Brian Lampton,Republican,222116.74,97975.52,Won,12/31/2022,/oh/candidate/brian-lampton-12127,/oh/race/ohio-house-of-representatives-district-70-60157,True
2022,70,"General Election November 8, 2022",Eric Price,Democratic,7089.48,7203.27,Lost,12/31/2022,/oh/candidate/eric-price,/oh/race/ohio-house-of-representatives-district-70-60157,False
2022,70,"Democratic Party Primary Election August 2, 2022",Eric Price,Democratic,7089.48,7203.27,Advanced,12/31/2022,/oh/candidate/eric-price,/oh/race/ohio-house-of-representatives-district-70-60157,False
2022,70,"Republican Party Primary Election August 2, 2022",Brian Lampton,Republican,222116.74,97975.52,Advanced,12/31/2022,/oh/candidate/brian-lampton-12127,/oh/race/ohio-house-of-representatives-district-70-60157,True
2022,70,"Republican Party Primary Election August 2, 2022",Katherine Shutte,Republican,2982.52,3517.91,Lost,12/31/2022,/oh/candidate/katherine-shutte,/oh/race/ohio-house-of-representatives-district-70-60157,False
2022,71,"General Election November 8, 2022",Bill Dean,Republican,5175.0,13851.37,Won,12/31/2022,/oh/candidate/william-dean-14494,/oh/race/ohio-house-of-representatives-district-71-60158,True
2022,71,"General Election November 8, 2022",Jim Duffee,Democratic,32517.07,26955.41,Lost,12/31/2022,/oh/candidate/jim-duffee,/oh/race/ohio-house-of-representatives-district-71-60158,False
2022,71,"Democratic Party Primary Election August 2, 2022",Jim Duffee,Democratic,32517.07,26955.41,Advanced,12/31/2022,/oh/candidate/jim-duffee,/oh/race/ohio-house-of-representatives-district-71-60158,False
2022,71,"Republican Party Primary Election August 2, 2022",Bill Dean,Republican,5175.0,13851.37,Advanced,12/31/2022,/oh/candidate/william-dean-14494,/oh/race/ohio-house-of-representatives-district-71-60158,True
2022,72,"General Election November 8, 2022",Gail Pavliga,Republican,400297.76,143234.12,Won,12/31/2022,/oh/candidate/gail-pavliga,/oh/race/ohio-house-of-representatives-district-72-60159,True
2022,72,"General Election November 8, 2022",Kathleen Clyde,Democratic,390279.63,411401.78,Lost,12/31/2022,/oh/candidate/kathleen-clyde,/oh/race/ohio-house-of-representatives-district-72-60159,False
2022,72,"Democratic Party Primary Election August 2, 2022",Kathleen Clyde,Democratic,390279.63,411401.78,Advanced,12/31/2022,/oh/candidate/kathleen-clyde,/oh/race/ohio-house-of-representatives-district-72-60159,False
2022,72,"Republican Party Primary Election August 2, 2022",Gail Pavliga,Republican,400297.76,143234.12,Advanced,12/31/2022,/oh/candidate/gail-pavliga,/oh/race/ohio-house-of-representatives-district-72-60159,True
2022,73,"General Election November 8, 2022",Jeff LaRe,Republican,231508.27,209254.19,Won,12/31/2022,/oh/candidate/jeff-lare-15172,/oh/race/ohio-house-of-representatives-district-73-60160,True
2022,73,"Republican Party Primary Election August 2, 2022",Jeff LaRe,Republican,231508.27,209254.19,Advanced,12/31/2022,/oh/candidate/jeff-lare-15172,/oh/race/ohio-house-of-representatives-district-73-60160,True
2022,74,"General Election November 8, 2022",Bernard Willis,Republican,23249.7,4239.04,Won,12/31/2022,/oh/candidate/bernard-willis,/oh/race/ohio-house-of-representatives-district-74-60161,False
2022,74,"General Election November 8, 2022",Daniel Saks,Democratic,10.0,10.0,Lost,12/31/2022,/oh/candidate/daniel-saks,/oh/race/ohio-house-of-representatives-district-74-60161,False
2022,74,"Democratic Party Primary Election August 2, 2022",Daniel Saks Write-In,Democratic,10.0,10.0,Advanced,12/31/2022,/oh/candidate/daniel-saks,/oh/race/ohio-house-of-representatives-district-74-60161,False
2022,74,"Republican Party Primary Election August 2, 2022",Bernard Willis,Republican,23249.7,4239.04,Advanced,12/31/2022,/oh/candidate/bernard-willis,/oh/race/ohio-house-of-representatives-district-74-60161,False
2022,75,"General Election November 8, 2022",Haraz Ghanbari,Republican,417321.11,228127.02,Won,12/31/2022,/oh/candidate/haraz-ghanbari-15163,/oh/race/ohio-house-of-representatives-district-75-60162,True
2022,75,"General Election November 8, 2022",Jan Materni,Democratic,45546.06,37019.32,Lost,12/31/2022,/oh/candidate/jan-materni,/oh/race/ohio-house-of-representatives-district-75-60162,False
2022,75,"Democratic Party Primary Election August 2, 2022",Jan Materni,Democratic,45546.06,37019.32,Advanced,12/31/2022,/oh/candidate/jan-materni,/oh/race/ohio-house-of-representatives-district-75-60162,False
2022,75,"Republican Party Primary Election August 2, 2022",Haraz Ghanbari,Republican,417321.11,228127.02,Advanced,12/31/2022,/oh/candidate/haraz-ghanbari-15163,/oh/race/ohio-house-of-representatives-district-75-60162,True
2022,76,"General Election November 8, 2022",Marilyn John,Republican,98061.0,104318.41,Won,12/31/2022,/oh/candidate/marilyn-john-15208,/oh/race/ohio-house-of-representatives-district-76-60163,True
2022,76,"Democratic Party Primary Election August 2, 2022",Justin Andrews Write-In,Democratic,0.0,0.0,Withdrew,12/31/2022,,/oh/race/ohio-house-of-representatives-district-76-60163,False
2022,76,"Republican Party Primary Election August 2, 2022",Marilyn John,Republican,98061.0,104318.41,Advanced,12/31/2022,/oh/candidate/marilyn-john-15208,/oh/race/ohio-house-of-representatives-district-76-60163,True
2022,77,"General Election November 8, 2022",Scott Wiggam,Republican,163928.74,89719.98,Won,12/31/2022,/oh/candidate/scott-wiggam-14360,/oh/race/ohio-house-of-representatives-district-77-60164,True
2022,77,"General Election November 8, 2022",Mark Gooch,Democratic,34254.77,30604.24,Lost,12/31/2022,/oh/candidate/mark-gooch,/oh/race/ohio-house-of-representatives-district-77-60164,False
2022,77,"Democratic Party Primary Election August 2, 2022",Mark Gooch,Democratic,34254.77,30604.24,Advanced,12/31/2022,/oh/candidate/mark-gooch,/oh/race/ohio-house-of-representatives-district-77-60164,False
2022,77,"Republican Party Primary Election August 2, 2022",Scott Wiggam,Republican,163928.74,89719.98,Advanced,12/31/2022,/oh/candidate/scott-wiggam-14360,/oh/race/ohio-house-of-representatives-district-77-60164,True
2022,78,"General Election November 8, 2022",Susan Manchester,Republican,427579.15,365281.94,Won,12/31/2022,/oh/candidate/susan-manchester-14693,/oh/race/ohio-house-of-representatives-district-78-60165,True
2022,78,"Republican Party Primary Election August 2, 2022",Susan Manchester,Republican,427579.15,365281.94,Advanced,12/31/2022,/oh/candidate/susan-manchester-14693,/oh/race/ohio-house-of-representatives-district-78-60165,True
2022,78,"Republican Party Primary Election August 2, 2022",JJ Sreenan,Republican,31412.94,57428.89,Lost,12/31/2022,/oh/candidate/jj-sreenan,/oh/race/ohio-house-of-representatives-district-78-60165,False
2022,79,"General Election November 8, 2022",Monica Robb Blasdel,Republican,110199.03,81994.54,Won,12/31/2022,/oh/candidate/monica-robb-blasdel,/oh/race/ohio-house-of-representatives-district-79-60166,False
2022,79,"General Election November 8, 2022",Taylor Eastham,Democratic,9061.56,7137.75,Lost,12/31/2022,/oh/candidate/taylor-eastham,/oh/race/ohio-house-of-representatives-district-79-60166,False
2022,79,"General Election November 8, 2022",John Williams Write-In,Independent,0.0,0.0,Lost,12/31/2022,,/oh/race/ohio-house-of-representatives-district-79-60166,False
2022,79,"Democratic Party Primary Election August 2, 2022",Taylor Eastham,Democratic,9061.56,7137.75,Advanced,12/31/2022,/oh/candidate/taylor-eastham,/oh/race/ohio-house-of-representatives-district-79-60166,False
2022,79,"Republican Party Primary Election August 2, 2022",Monica Robb Blasdel,Republican,110199.03,81994.54,Advanced,12/31/2022,/oh/candidate/monica-robb-blasdel,/oh/race/ohio-house-of-representatives-district-79-60166,False
2022,80,"General Election November 8, 2022",Jena Powell,Republican,3181.0,18077.31,Won,12/31/2022,/oh/candidate/jena-powell-14860,/oh/race/ohio-house-of-representatives-district-80-60168,True
2022,80,"General Election November 8, 2022",Melissa Lay-Vandyke Write-In,Independent,6255.21,4720.71,Lost,12/31/2022,/oh/candidate/melissa-lay-vandyke,/oh/race/ohio-house-of-representatives-district-80-60168,False
2022,80,"Republican Party Primary Election August 2, 2022",Jena Powell,Republican,3181.0,18077.31,Advanced,12/31/2022,/oh/candidate/jena-powell-14860,/oh/race/ohio-house-of-representatives-district-80-60168,True
2022,81,"General Election November 8, 2022",James Hoops,Republican,189312.65,182112.41,Won,12/31/2022,/oh/candidate/james-hoops-568,/oh/race/ohio-house-of-representatives-district-81-60169,True
2022,81,"Republican Party Primary Election August 2, 2022",James Hoops,Republican,189312.65,182112.41,Advanced,12/31/2022,/oh/candidate/james-hoops-568,/oh/race/ohio-house-of-representatives-district-81-60169,True
2022,82,"General Election November 8, 2022",Roy Klopfenstein,Republican,67816.08,62662.73,Won,12/31/2022,/oh/candidate/roy-klopfenstein,/oh/race/ohio-house-of-representatives-district-82-60170,False
2022,82,"General Election November 8, 2022",Magdalene Markward,Democratic,5878.62,3431.59,Lost,12/31/2022,/oh/candidate/magdalene-markward,/oh/race/ohio-house-of-representatives-district-82-60170,False
2022,82,"Democratic Party Primary Election August 2, 2022",Magdalene Markward,Democratic,5878.62,3431.59,Advanced,12/31/2022,/oh/candidate/magdalene-markward,/oh/race/ohio-house-of-representatives-district-82-60170,False
2022,82,"Republican Party Primary Election August 2, 2022",Roy Klopfenstein,Republican,67816.08,62662.73,Advanced,12/31/2022,/oh/candidate/roy-klopfenstein,/oh/race/ohio-house-of-representatives-district-82-60170,False
2022,82,"Republican Party Primary Election August 2, 2022",Ted Penner,Republican,7000.0,14122.18,Lost,12/31/2022,/oh/candidate/ted-penner,/oh/race/ohio-house-of-representatives-district-82-60170,False
2022,83,"General Election November 8, 2022",Jon Cross,Republican,418195.24,380851.36,Won,12/31/2022,/oh/candidate/jon-cross-14627,/oh/race/ohio-house-of-representatives-district-83-60171,True
2022,83,"General Election November 8, 2022",Claire Osborne,Democratic,17022.96,9341.5,Lost,12/31/2022,/oh/candidate/claire-osborne,/oh/race/ohio-house-of-representatives-district-83-60171,False
2022,83,"Democratic Party Primary Election August 2, 2022",Claire Osborne,Democratic,17022.96,9341.5,Advanced,12/31/2022,/oh/candidate/claire-osborne,/oh/race/ohio-house-of-representatives-district-83-60171,False
2022,83,"Democratic Party Primary Election August 2, 2022",Melissa Kritzell,Democratic,1951.69,1876.89,Lost,12/31/2022,/oh/candidate/melissa-kritzell,/oh/race/ohio-house-of-representatives-district-83-60171,False
2022,83,"Republican Party Primary Election August 2, 2022",Jon Cross,Republican,418195.24,380851.36,Advanced,12/31/2022,/oh/candidate/jon-cross-14627,/oh/race/ohio-house-of-representatives-district-83-60171,True
2022,84,"General Election November 8, 2022",Angela King,Republican,85890.39,72885.5,Won,12/31/2022,/oh/candidate/angela-king,/oh/race/ohio-house-of-representatives-district-84-60172,False
2022,84,"General Election November 8, 2022",Sophia Rodriguez,Democratic,35497.58,24665.7,Lost,12/31/2022,/oh/candidate/sophia-rodriguez,/oh/race/ohio-house-of-representatives-district-84-60172,False
2022,84,"Democratic Party Primary Election August 2, 2022",Sophia Rodriguez,Democratic,35497.58,24665.7,Advanced,12/31/2022,/oh/candidate/sophia-rodriguez,/oh/race/ohio-house-of-representatives-district-84-60172,False
2022,84,"Republican Party Primary Election August 2, 2022",Angela King,Republican,85890.39,72885.5,Advanced,12/31/2022,/oh/candidate/angela-king,/oh/race/ohio-house-of-representatives-district-84-60172,False
2022,84,"Republican Party Primary Election August 2, 2022",Jacob Larger,Republican,42092.9,45782.8,Lost,12/31/2022,/oh/candidate/jacob-larger,/oh/race/ohio-house-of-representatives-district-84-60172,False
2022,84,"Republican Party Primary Election August 2, 2022",Aimee Morrow,Republican,1030.0,120.0,Lost,12/31/2022,/oh/candidate/aimee-morrow,/oh/race/ohio-house-of-representatives-district-84-60172,False
2022,85,"General Election November 8, 2022",Timothy Barhorst,Republican,88360.0,85556.53,Won,12/31/2022,/oh/candidate/timothy-barhorst-14674,/oh/race/ohio-house-of-representatives-district-85-60173,False
2022,85,"Republican Party Primary Election August 2, 2022",Timothy Barhorst,Republican,88360.0,85556.53,Advanced,12/31/2022,/oh/candidate/timothy-barhorst-14674,/oh/race/ohio-house-of-representatives-district-85-60173,False
2022,85,"Republican Party Primary Election August 2, 2022",Nick Davis,Republican,29093.01,22098.47,Withdrew,12/31/2022,/oh/candidate/nick-davis,/oh/race/ohio-house-of-representatives-district-85-60173,False
2022,85,"Republican Party Primary Election August 2, 2022",Rochiel Foulk,Republican,1781.61,2141.19,Lost,12/31/2022,/oh/candidate/rochiel-foulk,/oh/race/ohio-house-of-representatives-district-85-60173,False
2022,85,"Republican Party Primary Election August 2, 2022",Lilli Vitale,Republican,13200.0,23382.48,Lost,12/31/2022,/oh/candidate/lilli-vitale,/oh/race/ohio-house-of-representatives-district-85-60173,False
2022,86,"General Election November 8, 2022",Tracy Richardson,Republican,194826.96,133489.85,Won,12/31/2022,/oh/candidate/tracy-richardson-14679,/oh/race/ohio-house-of-representatives-district-86-60174,True
2022,86,"General Election November 8, 2022",Barbara Luke,Democratic,71902.11,47868.98,Lost,12/31/2022,/oh/candidate/barbara-luke,/oh/race/ohio-house-of-representatives-district-86-60174,False
2022,86,"Democratic Party Primary Election August 2, 2022",Barbara Luke,Democratic,71902.11,47868.98,Advanced,12/31/2022,/oh/candidate/barbara-luke,/oh/race/ohio-house-of-representatives-district-86-60174,False
2022,86,"Republican Party Primary Election August 2, 2022",Tracy Richardson,Republican,194826.96,133489.85,Advanced,12/31/2022,/oh/candidate/tracy-richardson-14679,/oh/race/ohio-house-of-representatives-district-86-60174,True
2022,86,"Republican Party Primary Election August 2, 2022",Michael Bohland,Republican,1882.82,1822.47,Lost,12/31/2022,/oh/candidate/michael-bohland,/oh/race/ohio-house-of-representatives-district-86-60174,False
2022,87,"General Election November 8, 2022",Riordan McClain,Republican,28450.0,22096.12,Won,12/31/2022,/oh/candidate/riordan-mcclain-14897,/oh/race/ohio-house-of-representatives-district-87-60175,True
2022,87,"Republican Party Primary Election August 2, 2022",Riordan McClain,Republican,28450.0,22096.12,Advanced,12/31/2022,/oh/candidate/riordan-mcclain-14897,/oh/race/ohio-house-of-representatives-district-87-60175,True
2022,88,"General Election November 8, 2022",Gary Click,Republican,92533.41,81407.43,Won,12/31/2022,/oh/candidate/gary-click,/oh/race/ohio-house-of-representatives-district-88-60176,True
2022,88,"General Election November 8, 2022",Dianne Selvey,Democratic,2395.0,2396.95,Lost,12/31/2022,/oh/candidate/dianne-selvey,/oh/race/ohio-house-of-representatives-district-88-60176,False
2022,88,"Democratic Party Primary Election August 2, 2022",Dianne Selvey Write-In,Democratic,2395.0,2396.95,Advanced,12/31/2022,/oh/candidate/dianne-selvey,/oh/race/ohio-house-of-representatives-district-88-60176,False
2022,88,"Republican Party Primary Election August 2, 2022",Gary Click,Republican,92533.41,81407.43,Advanced,12/31/2022,/oh/candidate/gary-click,/oh/race/ohio-house-of-representatives-district-88-60176,True
2022,89,"General Election November 8, 2022",DJ Swearingen,Republican,534323.19,345458.74,Won,12/31/2022,/oh/candidate/douglas-swearingen-15195,/oh/race/ohio-house-of-representatives-district-89-60177,True
2022,89,"General Election November 8, 2022",Jim Obergefell,Democratic,364372.62,248202.28,Lost,12/31/2022,/oh/candidate/jim-obergefell,/oh/race/ohio-house-of-representatives-district-89-60177,False
2022,89,"Democratic Party Primary Election August 2, 2022",Jim Obergefell,Democratic,364372.62,248202.28,Advanced,12/31/2022,/oh/candidate/jim-obergefell,/oh/race/ohio-house-of-representatives-district-89-60177,False
2022,89,"Republican Party Primary Election August 2, 2022",DJ Swearingen,Republican,534323.19,345458.74,Advanced,12/31/2022,/oh/candidate/douglas-swearingen-15195,/oh/race/ohio-house-of-representatives-district-89-60177,True
2022,90,"General Election November 8, 2022",Brian Baldridge,Republican,518821.73,464721.14,Won,12/31/2022,/oh/candidate/brian-baldridge-14905,/oh/race/ohio-house-of-representatives-district-90-60179,True
2022,90,"General Election November 8, 2022",Andrew Dodson,Democratic,12491.62,7314.43,Lost,12/31/2022,/oh/candidate/andrew-dodson,/oh/race/ohio-house-of-representatives-district-90-60179,False
2022,90,"Democratic Party Primary Election August 2, 2022",Andrew Dodson,Democratic,12491.62,7314.43,Advanced,12/31/2022,/oh/candidate/andrew-dodson,/oh/race/ohio-house-of-representatives-district-90-60179,False
2022,90,"Republican Party Primary Election August 2, 2022",Brian Baldridge,Republican,518821.73,464721.14,Advanced,12/31/2022,/oh/candidate/brian-baldridge-14905,/oh/race/ohio-house-of-representatives-district-90-60179,True
2022,90,"Republican Party Primary Election August 2, 2022",Calvin Robinson,Republican,0.0,0.0,Lost,12/31/2022,/oh/candidate/calvin-robinson,/oh/race/ohio-house-of-representatives-district-90-60179,False
2022,91,"General Election November 8, 2022",Bob Peterson,Republican,138168.81,135179.96,Won,12/31/2022,/oh/candidate/bob-peterson-12961,/oh/race/ohio-house-of-representatives-district-91-60180,False
2022,91,"Republican Party Primary Election August 2, 2022",Bob Peterson,Republican,138168.81,135179.96,Advanced,12/31/2022,/oh/candidate/bob-peterson-12961,/oh/race/ohio-house-of-representatives-district-91-60180,False
2022,92,"General Election November 8, 2022",Mark Johnson,Republican,117787.97,107312.88,Won,12/31/2022,/oh/candidate/mark-johnson-15220,/oh/race/ohio-house-of-representatives-district-92-60181,True
2022,92,"Republican Party Primary Election August 2, 2022",Mark Johnson,Republican,117787.97,107312.88,Advanced,12/31/2022,/oh/candidate/mark-johnson-15220,/oh/race/ohio-house-of-representatives-district-92-60181,True
2022,93,"General Election November 8, 2022",Jason Stephens,Republican,621245.02,588705.98,Won,12/31/2022,/oh/candidate/jason-stephens-15242,/oh/race/ohio-house-of-representatives-district-93-60182,True
2022,93,"Republican Party Primary Election August 2, 2022",Jason Stephens,Republican,621245.02,588705.98,Advanced,12/31/2022,/oh/candidate/jason-stephens-15242,/oh/race/ohio-house-of-representatives-district-93-60182,True
2022,94,"General Election November 8, 2022",Jay Edwards,Republican,1233282.47,1106933.25,Won,12/31/2022,/oh/candidate/jay-edwards-14441,/oh/race/ohio-house-of-representatives-district-94-60183,True
2022,94,"General Election November 8, 2022",Michelle Tanya Conrath,Democratic,129585.11,111886.3,Lost,12/31/2022,/oh/candidate/michelle-tanya-conrath,/oh/race/ohio-house-of-representatives-district-94-60183,False
2022,94,"General Election November 8, 2022",Rhyan Goodman,Democratic,0.0,0.0,Withdrew,12/31/2022,,/oh/race/ohio-house-of-representatives-district-94-60183,False
2022,94,"Democratic Party Primary Election August 2, 2022",Rhyan Goodman,Democratic,0.0,0.0,Advanced,12/31/2022,,/oh/race/ohio-house-of-representatives-district-94-60183,False
2022,94,"Republican Party Primary Election August 2, 2022",Jay Edwards,Republican,1233282.47,1106933.25,Advanced,12/31/2022,/oh/candidate/jay-edwards-14441,/oh/race/ohio-house-of-representatives-district-94-60183,True
2022,95,"General Election November 8, 2022",Don Jones,Republican,272856.38,275872.91,Won,12/31/2022,/oh/candidate/don-jones-14851,/oh/race/ohio-house-of-representatives-district-95-60184,True
2022,95,"General Election November 8, 2022",William Ryan,Democratic,0.0,0.0,Lost,12/31/2022,,/oh/race/ohio-house-of-representatives-district-95-60184,False
2022,95,"Democratic Party Primary Election August 2, 2022",William Ryan,Democratic,0.0,0.0,Advanced,12/31/2022,,/oh/race/ohio-house-of-representatives-district-95-60184,False
2022,95,"Republican Party Primary Election August 2, 2022",Don Jones,Republican,272856.38,275872.91,Advanced,12/31/2022,/oh/candidate/don-jones-14851,/oh/race/ohio-house-of-representatives-district-95-60184,True
2022,96,"General Election November 8, 2022",Ron Ferguson,Republican,90903.03,93522.09,Won,12/31/2022,/oh/candidate/ron-ferguson-14049,/oh/race/ohio-house-of-representatives-district-96-60185,True
2022,96,"General Election November 8, 2022",Charlie DiPalma,Democratic,14703.05,4176.68,Lost,12/31/2022,/oh/candidate/charlie-dipalma,/oh/race/ohio-house-of-representatives-district-96-60185,False
2022,96,"Democratic Party Primary Election August 2, 2022",Charlie DiPalma,Democratic,14703.05,4176.68,Advanced,12/31/2022,/oh/candidate/charlie-dipalma,/oh/race/ohio-house-of-representatives-district-96-60185,False
2022,96,"Republican Party Primary Election August 2, 2022",Ron Ferguson,Republican,90903.03,93522.09,Advanced,12/31/2022,/oh/candidate/ron-ferguson-14049,/oh/race/ohio-house-of-representatives-district-96-60185,True
2022,97,"General Election November 8, 2022",Adam Holmes,Republican,76358.4,72478.46,Won,12/31/2022,/oh/candidate/adam-holmes-15161,/oh/race/ohio-house-of-representatives-district-97-60186,True
2022,97,"Republican Party Primary Election August 2, 2022",Adam Holmes,Republican,76358.4,72478.46,Advanced,12/31/2022,/oh/candidate/adam-holmes-15161,/oh/race/ohio-house-of-representatives-district-97-60186,True
2022,98,"General Election November 8, 2022",Darrell Kick,Republican,113291.17,48195.51,Won,12/31/2022,/oh/candidate/darrell-kick-14458,/oh/race/ohio-house-of-representatives-district-98-60187,True
2022,98,"General Election November 8, 2022",Annie Homstad Write-In,Independent,1540.03,733.31,Lost,12/31/2022,/oh/candidate/annie-homstad,/oh/race/ohio-house-of-representatives-district-98-60187,False
2022,98,"Republican Party Primary Election August 2, 2022",Darrell Kick,Republican,113291.17,48195.51,Advanced,12/31/2022,/oh/candidate/darrell-kick-14458,/oh/race/ohio-house-of-representatives-district-98-60187,True
2022,98,"Republican Party Primary Election August 2, 2022",Scott Pullins,Republican,3479.27,15822.82,Lost,12/31/2022,/oh/candidate/scott-pullins,/oh/race/ohio-house-of-representatives-district-98-60187,False
2022,99,"General Election November 8, 2022",Sarah Fowler,Republican,38117.18,59655.49,Won,12/31/2022,/oh/candidate/sarah-fowler-13808,/oh/race/ohio-house-of-representatives-district-99-60188,True
2022,99,"General Election November 8, 2022",Abby Kovacs,Democratic,6350.0,5101.37,Withdrew,12/31/2022,/oh/candidate/abby-kovacs,/oh/race/ohio-house-of-representatives-district-99-60188,False
2022,99,"General Election November 8, 2022",Kathy Zappitello,Democratic,28757.97,22775.21,Lost,12/31/2022,/oh/candidate/kathy-zappitello,/oh/race/ohio-house-of-representatives-district-99-60188,False
2022,99,"Democratic Party Primary Election August 2, 2022",Abby Kovacs,Democratic,6350.0,5101.37,Advanced,12/31/2022,/oh/candidate/abby-kovacs,/oh/race/ohio-house-of-representatives-district-99-60188,False
2022,99,"Republican Party Primary Election August 2, 2022",Sarah Fowler,Republican,38117.18,59655.49,Advanced,12/31/2022,/oh/candidate/sarah-fowler-13808,/oh/race/ohio-house-of-representatives-district-99-60188,True
2024,1,"General Election November 5, 2024",Dontavius Jarrells,Democratic,254284.82,245418.97,Won,12/31/2024,/oh/candidate/dontavius-jarrells,/oh/race/ohio-house-of-representatives-district-1-68533,True
2024,1,"Democratic Party Primary Election March 19, 2024",Dontavius Jarrells,Democratic,254284.82,245418.97,Advanced,12/31/2024,/oh/candidate/dontavius-jarrells,/oh/race/ohio-house-of-representatives-district-1-68533,True
2024,2,"General Election November 5, 2024",Latyna Humphrey,Democratic,63122.56,60004.45,Won,12/31/2024,/oh/candidate/latyna-humphrey,/oh/race/ohio-house-of-representatives-district-2-68544,True
2024,2,"General Election November 5, 2024",Eric Terford,Libertarian,575.18,108.87,Lost,12/31/2024,/oh/candidate/eric-terford,/oh/race/ohio-house-of-representatives-district-2-68544,False
2024,2,"General Election November 5, 2024",Tyler Rice Write-In,Independent,625.0,546.37,Lost,12/31/2024,/oh/candidate/tyler-rice,/oh/race/ohio-house-of-representatives-district-2-68544,False
2024,2,"Democratic Party Primary Election March 19, 2024",Latyna Humphrey,Democratic,63122.56,60004.45,Advanced,12/31/2024,/oh/candidate/latyna-humphrey,/oh/race/ohio-house-of-representatives-district-2-68544,True
2024,3,"General Election November 5, 2024",Ismail Mohamed,Democratic,85798.58,49890.69,Won,12/31/2024,/oh/candidate/ismail-mohamed,/oh/race/ohio-house-of-representatives-district-3-68555,True
2024,3,"Democratic Party Primary Election March 19, 2024",Ismail Mohamed,Democratic,85798.58,49890.69,Advanced,12/31/2024,/oh/candidate/ismail-mohamed,/oh/race/ohio-house-of-representatives-district-3-68555,True
2024,3,"Democratic Party Primary Election March 19, 2024",Abdirizak Diini,Democratic,74031.0,73378.23,Lost,12/31/2024,/oh/candidate/abdirizak-diini,/oh/race/ohio-house-of-representatives-district-3-68555,False
2024,3,"Democratic Party Primary Election March 19, 2024",Julie Trabold,Democratic,500.0,500.0,Lost,12/31/2024,/oh/candidate/julie-trabold,/oh/race/ohio-house-of-representatives-district-3-68555,False
2024,4,"General Election November 5, 2024",Beryl Piccolantonio,Democratic,264378.12,367140.63,Won,12/31/2024,/oh/candidate/beryl-piccolantonio,/oh/race/ohio-house-of-representatives-district-4-68566,True
2024,4,"General Election November 5, 2024",Jason Allevato,Republican,65242.65,72734.85,Lost,12/31/2024,/oh/candidate/jason-allevato,/oh/race/ohio-house-of-representatives-district-4-68566,False
2024,4,"Democratic Party Primary Election March 19, 2024",Beryl Piccolantonio,Democratic,264378.12,367140.63,Advanced,12/31/2024,/oh/candidate/beryl-piccolantonio,/oh/race/ohio-house-of-representatives-district-4-68566,True
2024,4,"Republican Party Primary Election March 19, 2024",Jason Allevato,Republican,65242.65,72734.85,Advanced,12/31/2024,/oh/candidate/jason-allevato,/oh/race/ohio-house-of-representatives-district-4-68566,False
2024,5,"General Election November 5, 2024",Meredith Lawson?Rowe,Democratic,86802.26,76955.25,Won,12/31/2024,/oh/candidate/meredith-lawsonrowe,/oh/race/ohio-house-of-representatives-district-5-68577,False
2024,5,"Democratic Party Primary Election March 19, 2024",Meredith Lawson?Rowe,Democratic,86802.26,76955.25,Advanced,12/31/2024,/oh/candidate/meredith-lawsonrowe,/oh/race/ohio-house-of-representatives-district-5-68577,False
2024,5,"Democratic Party Primary Election March 19, 2024",Leonardo Almeida,Democratic,29014.85,22182.01,Lost,12/31/2024,/oh/candidate/leonardo-almeida,/oh/race/ohio-house-of-representatives-district-5-68577,False
2024,5,"Democratic Party Primary Election March 19, 2024",Marco Miller,Democratic,47215.1,42071.63,Lost,12/31/2024,/oh/candidate/marco-miller,/oh/race/ohio-house-of-representatives-district-5-68577,False
2024,6,"General Election November 5, 2024",Christine Cockley,Democratic,195673.96,159615.27,Won,12/31/2024,/oh/candidate/christine-cockley,/oh/race/ohio-house-of-representatives-district-6-68588,False
2024,6,"General Election November 5, 2024",Hussein Jabiri,Republican,14237.36,3366.19,Lost,12/31/2024,/oh/candidate/hussein-jabiri,/oh/race/ohio-house-of-representatives-district-6-68588,False
2024,6,"Democratic Party Primary Election March 19, 2024",Christine Cockley,Democratic,195673.96,159615.27,Advanced,12/31/2024,/oh/candidate/christine-cockley,/oh/race/ohio-house-of-representatives-district-6-68588,False
2024,6,"Democratic Party Primary Election March 19, 2024",Brandon Barcus,Democratic,39785.74,29997.97,Lost,12/31/2024,/oh/candidate/brandon-barcus,/oh/race/ohio-house-of-representatives-district-6-68588,False
2024,6,"Democratic Party Primary Election March 19, 2024",Patrick Barnacle,Democratic,5602.42,6073.8,Lost,12/31/2024,/oh/candidate/patrick-barnacle,/oh/race/ohio-house-of-representatives-district-6-68588,False
2024,6,"Democratic Party Primary Election March 19, 2024",Eli Bohnert,Democratic,65103.82,28001.79,Lost,12/31/2024,/oh/candidate/eli-bohnert,/oh/race/ohio-house-of-representatives-district-6-68588,False
2024,6,"Democratic Party Primary Election March 19, 2024",Adhanet Kifle,Democratic,28870.61,30927.4,Lost,12/31/2024,/oh/candidate/adhanet-kifle-14469,/oh/race/ohio-house-of-representatives-district-6-68588,False
2024,6,"Democratic Party Primary Election March 19, 2024",Kawther Musa,Democratic,88546.8,88311.51,Lost,12/31/2024,/oh/candidate/kawther-musa,/oh/race/ohio-house-of-representatives-district-6-68588,False
2024,6,"Democratic Party Primary Election March 19, 2024",Elijah Williams,Democratic,0.0,0.0,Lost,12/31/2024,/oh/candidate/elijah-williams,/oh/race/ohio-house-of-representatives-district-6-68588,False
2024,6,"Republican Party Primary Election March 19, 2024",Hussein Jabiri,Republican,14237.36,3366.19,Advanced,12/31/2024,/oh/candidate/hussein-jabiri,/oh/race/ohio-house-of-representatives-district-6-68588,False
2024,7,"General Election November 5, 2024",Allison Russo,Democratic,793868.77,828174.73,Won,12/31/2024,/oh/candidate/catherine-russo-14814,/oh/race/ohio-house-of-representatives-district-7-68599,True
2024,7,"General Election November 5, 2024",Susan Miller Write-In,Independent,0.0,0.0,Lost,12/31/2024,,/oh/race/ohio-house-of-representatives-district-7-68599,False
2024,7,"Democratic Party Primary Election March 19, 2024",Allison Russo,Democratic,793868.77,828174.73,Advanced,12/31/2024,/oh/candidate/catherine-russo-14814,/oh/race/ohio-house-of-representatives-district-7-68599,True
2024,8,"General Election November 5, 2024",Anita Somani,Democratic,108142.54,97427.53,Won,12/31/2024,/oh/candidate/anita-somani,/oh/race/ohio-house-of-representatives-district-8-68610,True
2024,8,"General Election November 5, 2024",Aaron Neumann,Republican,3561.72,2011.2,Lost,12/31/2024,/oh/candidate/aaron-neumann,/oh/race/ohio-house-of-representatives-district-8-68610,False
2024,8,"Democratic Party Primary Election March 19, 2024",Anita Somani,Democratic,108142.54,97427.53,Advanced,12/31/2024,/oh/candidate/anita-somani,/oh/race/ohio-house-of-representatives-district-8-68610,True
2024,8,"Republican Party Primary Election March 19, 2024",Aaron Neumann Write-In,Republican,3561.72,2011.2,Advanced,12/31/2024,/oh/candidate/aaron-neumann,/oh/race/ohio-house-of-representatives-district-8-68610,False
2024,9,"General Election November 5, 2024",Munira Abdullahi,Democratic,146701.51,109743.38,Won,12/31/2024,/oh/candidate/munira-abdullahi,/oh/race/ohio-house-of-representatives-district-9-68621,True
2024,9,"General Election November 5, 2024",Brandy Seymour,Libertarian,3795.61,2430.18,Lost,12/31/2024,/oh/candidate/brandy-seymour,/oh/race/ohio-house-of-representatives-district-9-68621,False
2024,9,"Democratic Party Primary Election March 19, 2024",Munira Abdullahi,Democratic,146701.51,109743.38,Advanced,12/31/2024,/oh/candidate/munira-abdullahi,/oh/race/ohio-house-of-representatives-district-9-68621,True
2024,10,"General Election November 5, 2024",Mark Sigrist,Democratic,205965.94,202395.68,Won,12/31/2024,/oh/candidate/mark-sigrist,/oh/race/ohio-house-of-representatives-district-10-68534,False
2024,10,"General Election November 5, 2024",Brian Garvine,Republican,164377.83,51354.57,Lost,12/31/2024,/oh/candidate/brian-garvine,/oh/race/ohio-house-of-representatives-district-10-68534,False
2024,10,"Democratic Party Primary Election March 19, 2024",Mark Sigrist,Democratic,205965.94,202395.68,Advanced,12/31/2024,/oh/candidate/mark-sigrist,/oh/race/ohio-house-of-representatives-district-10-68534,False
2024,10,"Democratic Party Primary Election March 19, 2024",Ahmet Ali,Democratic,0.0,0.0,Withdrew,12/31/2024,,/oh/race/ohio-house-of-representatives-district-10-68534,False
2024,10,"Democratic Party Primary Election March 19, 2024",Sarah Pomeroy,Democratic,55038.3,39263.28,Lost,12/31/2024,/oh/candidate/sarah-pomeroy,/oh/race/ohio-house-of-representatives-district-10-68534,False
2024,10,"Republican Party Primary Election March 19, 2024",Brian Garvine,Republican,164377.83,51354.57,Advanced,12/31/2024,/oh/candidate/brian-garvine,/oh/race/ohio-house-of-representatives-district-10-68534,False
2024,10,"Republican Party Primary Election March 19, 2024",David Dobos,Republican,20096.06,28242.26,Withdrew,12/31/2024,/oh/candidate/david-dobos,/oh/race/ohio-house-of-representatives-district-10-68534,True
2024,10,"Republican Party Primary Election March 19, 2024",Shafi Shafat,Republican,6821.53,6830.46,Lost,12/31/2024,/oh/candidate/shafi-shafat,/oh/race/ohio-house-of-representatives-district-10-68534,False
2024,11,"General Election November 5, 2024",Crystal Lett,Democratic,203356.97,209441.93,Won,12/31/2024,/oh/candidate/crystal-lett-15153,/oh/race/ohio-house-of-representatives-district-11-68535,False
2024,11,"General Election November 5, 2024",Stephanie Kunze,Republican,898072.61,430733.69,Lost,12/31/2024,/oh/candidate/stephanie-kunze-13634,/oh/race/ohio-house-of-representatives-district-11-68535,False
2024,11,"Democratic Party Primary Election March 19, 2024",Crystal Lett,Democratic,203356.97,209441.93,Advanced,12/31/2024,/oh/candidate/crystal-lett-15153,/oh/race/ohio-house-of-representatives-district-11-68535,False
2024,11,"Republican Party Primary Election March 19, 2024",Stephanie Kunze,Republican,898072.61,430733.69,Advanced,12/31/2024,/oh/candidate/stephanie-kunze-13634,/oh/race/ohio-house-of-representatives-district-11-68535,False
2024,12,"General Election November 5, 2024",Brian Stewart,Republican,194458.35,209873.29,Won,12/31/2024,/oh/candidate/brian-stewart-15227,/oh/race/ohio-house-of-representatives-district-12-68536,True
2024,12,"General Election November 5, 2024",Brad Cotton,Democratic,29799.68,29772.83,Lost,12/31/2024,/oh/candidate/brad-cotton,/oh/race/ohio-house-of-representatives-district-12-68536,False
2024,12,"Democratic Party Primary Election March 19, 2024",Brad Cotton,Democratic,29799.68,29772.83,Advanced,12/31/2024,/oh/candidate/brad-cotton,/oh/race/ohio-house-of-representatives-district-12-68536,False
2024,12,"Republican Party Primary Election March 19, 2024",Brian Stewart,Republican,194458.35,209873.29,Advanced,12/31/2024,/oh/candidate/brian-stewart-15227,/oh/race/ohio-house-of-representatives-district-12-68536,True
2024,12,"Republican Party Primary Election March 19, 2024",Patricia Hamilton,Republican,19098.91,17502.14,Lost,12/31/2024,/oh/candidate/patricia-hamilton,/oh/race/ohio-house-of-representatives-district-12-68536,False
2024,13,"General Election November 5, 2024",Tristan Rader,Democratic,48375.87,47375.55,Won,12/31/2024,/oh/candidate/tristan-rader,/oh/race/ohio-house-of-representatives-district-13-68537,False
2024,13,"General Election November 5, 2024",Robert Dintaman,Republican,6256.91,4032.47,Lost,12/31/2024,/oh/candidate/robert-dintaman,/oh/race/ohio-house-of-representatives-district-13-68537,False
2024,13,"Democratic Party Primary Election March 19, 2024",Tristan Rader,Democratic,48375.87,47375.55,Advanced,12/31/2024,/oh/candidate/tristan-rader,/oh/race/ohio-house-of-representatives-district-13-68537,False
2024,13,"Democratic Party Primary Election March 19, 2024",Michael Skindell,Democratic,9157.93,20903.47,Withdrew,12/31/2024,/oh/candidate/michael-skindell-420,/oh/race/ohio-house-of-representatives-district-13-68537,True
2024,13,"Republican Party Primary Election March 19, 2024",Robert Dintaman,Republican,6256.91,4032.47,Advanced,12/31/2024,/oh/candidate/robert-dintaman,/oh/race/ohio-house-of-representatives-district-13-68537,False
2024,14,"General Election November 5, 2024",Sean Brennan,Democratic,294034.55,249408.32,Won,12/31/2024,/oh/candidate/sean-brennan,/oh/race/ohio-house-of-representatives-district-14-68538,True
2024,14,"General Election November 5, 2024",David J Morgan,Republican,60.0,40.77,Lost,12/31/2024,/oh/candidate/david-j-morgan,/oh/race/ohio-house-of-representatives-district-14-68538,False
2024,14,"Democratic Party Primary Election March 19, 2024",Sean Brennan,Democratic,294034.55,249408.32,Advanced,12/31/2024,/oh/candidate/sean-brennan,/oh/race/ohio-house-of-representatives-district-14-68538,True
2024,14,"Republican Party Primary Election March 19, 2024",David J Morgan,Republican,60.0,40.77,Advanced,12/31/2024,/oh/candidate/david-j-morgan,/oh/race/ohio-house-of-representatives-district-14-68538,False
2024,15,"General Election November 5, 2024",Chris Glassburn,Democratic,134453.79,124466.22,Won,12/31/2024,/oh/candidate/chris-glassburn,/oh/race/ohio-house-of-representatives-district-15-68539,False
2024,15,"General Election November 5, 2024",Aaron Borowski,Republican,31840.86,24381.08,Lost,12/31/2024,/oh/candidate/aaron-borowski,/oh/race/ohio-house-of-representatives-district-15-68539,False
2024,15,"Democratic Party Primary Election March 19, 2024",Chris Glassburn,Democratic,134453.79,124466.22,Advanced,12/31/2024,/oh/candidate/chris-glassburn,/oh/race/ohio-house-of-representatives-district-15-68539,False
2024,15,"Democratic Party Primary Election March 19, 2024",Tj Mulloy,Democratic,12686.35,17567.2,Lost,12/31/2024,/oh/candidate/tj-mulloy,/oh/race/ohio-house-of-representatives-district-15-68539,False
2024,15,"Republican Party Primary Election March 19, 2024",Aaron Borowski,Republican,31840.86,24381.08,Advanced,12/31/2024,/oh/candidate/aaron-borowski,/oh/race/ohio-house-of-representatives-district-15-68539,False
2024,15,"Republican Party Primary Election March 19, 2024",Ryan Mcclain,Republican,3642.82,3558.12,Lost,12/31/2024,/oh/candidate/ryan-mcclain-15020,/oh/race/ohio-house-of-representatives-district-15-68539,False
2024,16,"General Election November 5, 2024",Bride Rose Sweeney,Democratic,228591.02,131533.79,Won,12/31/2024,/oh/candidate/bride-sweeney-14941,/oh/race/ohio-house-of-representatives-district-16-68540,True
2024,16,"General Election November 5, 2024",Daniel Harrington,Republican,0.0,0.0,Lost,12/31/2024,/oh/candidate/daniel-harrington,/oh/race/ohio-house-of-representatives-district-16-68540,False
2024,16,"Democratic Party Primary Election March 19, 2024",Bride Rose Sweeney,Democratic,228591.02,131533.79,Advanced,12/31/2024,/oh/candidate/bride-sweeney-14941,/oh/race/ohio-house-of-representatives-district-16-68540,True
2024,16,"Republican Party Primary Election March 19, 2024",Daniel Harrington,Republican,0.0,0.0,Advanced,12/31/2024,/oh/candidate/daniel-harrington,/oh/race/ohio-house-of-representatives-district-16-68540,False
2024,17,"General Election November 5, 2024",Michael Dovilla,Republican,367027.9,135814.77,Won,12/31/2024,/oh/candidate/michael-dovilla,/oh/race/ohio-house-of-representatives-district-17-68541,False
2024,17,"General Election November 5, 2024",Jessica Sutherland,Democratic,51897.43,42639.85,Lost,12/31/2024,/oh/candidate/jessica-sutherland,/oh/race/ohio-house-of-representatives-district-17-68541,False
2024,17,"Democratic Party Primary Election March 19, 2024",Jessica Sutherland,Democratic,51897.43,42639.85,Advanced,12/31/2024,/oh/candidate/jessica-sutherland,/oh/race/ohio-house-of-representatives-district-17-68541,False
2024,17,"Republican Party Primary Election March 19, 2024",Michael Dovilla,Republican,367027.9,135814.77,Advanced,12/31/2024,/oh/candidate/michael-dovilla,/oh/race/ohio-house-of-representatives-district-17-68541,False
2024,17,"Republican Party Primary Election March 19, 2024",Anthony Leon Alexander,Republican,0.0,0.0,Lost,12/31/2024,,/oh/race/ohio-house-of-representatives-district-17-68541,False
2024,17,"Republican Party Primary Election March 19, 2024",Gordon Short,Republican,135523.64,202833.0,Lost,12/31/2024,/oh/candidate/gordon-short,/oh/race/ohio-house-of-representatives-district-17-68541,False
2024,18,"General Election November 5, 2024",Juanita Brent,Democratic,57789.23,25701.39,Won,12/31/2024,/oh/candidate/juanita-brent-14788,/oh/race/ohio-house-of-representatives-district-18-68542,True
2024,18,"General Election November 5, 2024",Justyn Anderson,Republican,0.0,0.0,Lost,12/31/2024,/oh/candidate/justyn-anderson,/oh/race/ohio-house-of-representatives-district-18-68542,False
2024,18,"General Election November 5, 2024",Christela Neal Write-In,Independent,93.14,0.0,Lost,12/31/2024,/oh/candidate/christela-neal,/oh/race/ohio-house-of-representatives-district-18-68542,False
2024,18,"Democratic Party Primary Election March 19, 2024",Juanita Brent,Democratic,57789.23,25701.39,Advanced,12/31/2024,/oh/candidate/juanita-brent-14788,/oh/race/ohio-house-of-representatives-district-18-68542,True
2024,18,"Republican Party Primary Election March 19, 2024",Justyn Anderson Write-In,Republican,0.0,0.0,Advanced,12/31/2024,/oh/candidate/justyn-anderson,/oh/race/ohio-house-of-representatives-district-18-68542,False
2024,19,"General Election November 5, 2024",Phillip Robinson,Democratic,180927.28,157282.6,Won,12/31/2024,/oh/candidate/phillip-robinson-14457,/oh/race/ohio-house-of-representatives-district-19-68543,True
2024,19,"General Election November 5, 2024",Kenny Godnavec,Republican,8050.33,4735.29,Lost,12/31/2024,/oh/candidate/kenny-godnavec,/oh/race/ohio-house-of-representatives-district-19-68543,False
2024,19,"Democratic Party Primary Election March 19, 2024",Phillip Robinson,Democratic,180927.28,157282.6,Advanced,12/31/2024,/oh/candidate/phillip-robinson-14457,/oh/race/ohio-house-of-representatives-district-19-68543,True
2024,19,"Republican Party Primary Election March 19, 2024",Kenny Godnavec,Republican,8050.33,4735.29,Advanced,12/31/2024,/oh/candidate/kenny-godnavec,/oh/race/ohio-house-of-representatives-district-19-68543,False
2024,20,"General Election November 5, 2024",Terrence Upchurch,Democratic,101752.02,99853.18,Won,12/31/2024,/oh/candidate/terrence-upchurch-14635,/oh/race/ohio-house-of-representatives-district-20-68545,True
2024,20,"General Election November 5, 2024",Donna Brown,Republican,8833.26,7523.97,Lost,12/31/2024,/oh/candidate/donna-brown,/oh/race/ohio-house-of-representatives-district-20-68545,False
2024,20,"Democratic Party Primary Election March 19, 2024",Terrence Upchurch Write-In,Democratic,101752.02,99853.18,Advanced,12/31/2024,/oh/candidate/terrence-upchurch-14635,/oh/race/ohio-house-of-representatives-district-20-68545,True
2024,20,"Democratic Party Primary Election March 19, 2024",Nathaniel Hartfield Write-In,Democratic,0.0,0.0,Lost,12/31/2024,,/oh/race/ohio-house-of-representatives-district-20-68545,False
2024,20,"Republican Party Primary Election March 19, 2024",Donna Brown,Republican,8833.26,7523.97,Advanced,12/31/2024,/oh/candidate/donna-brown,/oh/race/ohio-house-of-representatives-district-20-68545,False
2024,21,"General Election November 5, 2024",Eric Synenberg,Democratic,189441.04,157565.04,Won,12/31/2024,/oh/candidate/eric-synenberg,/oh/race/ohio-house-of-representatives-district-21-68546,False
2024,21,"General Election November 5, 2024",Joshua Malovasic,Republican,3770.0,479.59,Lost,12/31/2024,/oh/candidate/joshua-malovasic,/oh/race/ohio-house-of-representatives-district-21-68546,False
2024,21,"Democratic Party Primary Election March 19, 2024",Eric Synenberg,Democratic,189441.04,157565.04,Advanced,12/31/2024,/oh/candidate/eric-synenberg,/oh/race/ohio-house-of-representatives-district-21-68546,False
2024,21,"Democratic Party Primary Election March 19, 2024",Elliot Forhan,Democratic,53706.44,55246.52,Lost,12/31/2024,/oh/candidate/elliot-forhan,/oh/race/ohio-house-of-representatives-district-21-68546,True
2024,21,"Democratic Party Primary Election March 19, 2024",Juan Goodwin,Democratic,0.0,18.0,Withdrew,12/31/2024,/oh/candidate/juan-goodwin,/oh/race/ohio-house-of-representatives-district-21-68546,False
2024,21,"Democratic Party Primary Election March 19, 2024",Jonathan Holody,Democratic,4503.1,1110.04,Withdrew,12/31/2024,/oh/candidate/jonathan-holody,/oh/race/ohio-house-of-representatives-district-21-68546,False
2024,21,"Democratic Party Primary Election March 19, 2024",Angel Washington,Democratic,31002.58,26264.85,Lost,12/31/2024,/oh/candidate/angel-washington,/oh/race/ohio-house-of-representatives-district-21-68546,False
2024,21,"Republican Party Primary Election March 19, 2024",Joshua Malovasic Write-In,Republican,3770.0,479.59,Advanced,12/31/2024,/oh/candidate/joshua-malovasic,/oh/race/ohio-house-of-representatives-district-21-68546,False
2024,22,"General Election November 5, 2024",Darnell Brewer,Democratic,56794.15,56219.03,Won,12/31/2024,/oh/candidate/darnell-brewer,/oh/race/ohio-house-of-representatives-district-22-68547,True
2024,22,"General Election November 5, 2024",Milan Wesley,Republican,0.0,0.0,Lost,12/31/2024,,/oh/race/ohio-house-of-representatives-district-22-68547,False
2024,22,"Democratic Party Primary Election March 19, 2024",Darnell Brewer,Democratic,56794.15,56219.03,Advanced,12/31/2024,/oh/candidate/darnell-brewer,/oh/race/ohio-house-of-representatives-district-22-68547,True
2024,22,"Republican Party Primary Election March 19, 2024",Milan Wesley Write-In,Republican,0.0,0.0,Advanced,12/31/2024,,/oh/race/ohio-house-of-representatives-district-22-68547,False
2024,23,"General Election November 5, 2024",Daniel Troy,Democratic,237041.51,217140.54,Won,12/31/2024,/oh/candidate/daniel-troy-270,/oh/race/ohio-house-of-representatives-district-23-68548,True
2024,23,"General Election November 5, 2024",Tony Hocevar,Republican,32514.18,18180.11,Lost,12/31/2024,/oh/candidate/tony-hocevar,/oh/race/ohio-house-of-representatives-district-23-68548,False
2024,23,"Democratic Party Primary Election March 19, 2024",Daniel Troy,Democratic,237041.51,217140.54,Advanced,12/31/2024,/oh/candidate/daniel-troy-270,/oh/race/ohio-house-of-representatives-district-23-68548,True
2024,23,"Republican Party Primary Election March 19, 2024",Tony Hocevar,Republican,32514.18,18180.11,Advanced,12/31/2024,/oh/candidate/tony-hocevar,/oh/race/ohio-house-of-representatives-district-23-68548,False
2024,24,"General Election November 5, 2024",Dani Isaacsohn,Democratic,510235.96,388836.83,Won,12/31/2024,/oh/candidate/dani-isaacsohn,/oh/race/ohio-house-of-representatives-district-24-68549,True
2024,24,"General Election November 5, 2024",John Sess,Republican,1039.36,0.0,Lost,12/31/2024,/oh/candidate/john-sess,/oh/race/ohio-house-of-representatives-district-24-68549,False
2024,24,"Democratic Party Primary Election March 19, 2024",Dani Isaacsohn,Democratic,510235.96,388836.83,Advanced,12/31/2024,/oh/candidate/dani-isaacsohn,/oh/race/ohio-house-of-representatives-district-24-68549,True
2024,24,"Democratic Party Primary Election March 19, 2024",Stephan Pryor,Democratic,2945.72,2029.39,Lost,12/31/2024,/oh/candidate/stephan-pryor,/oh/race/ohio-house-of-representatives-district-24-68549,False
2024,24,"Republican Party Primary Election March 19, 2024",John Sess,Republican,1039.36,0.0,Advanced,12/31/2024,/oh/candidate/john-sess,/oh/race/ohio-house-of-representatives-district-24-68549,False
2024,25,"General Election November 5, 2024",Cecil Thomas,Democratic,51991.11,72816.85,Won,12/31/2024,/oh/candidate/cecil-thomas-13915,/oh/race/ohio-house-of-representatives-district-25-68550,True
2024,25,"General Election November 5, 2024",Jim Berns,Republican,0.0,0.0,Lost,12/31/2024,,/oh/race/ohio-house-of-representatives-district-25-68550,False
2024,25,"General Election November 5, 2024",Kenneth Dietz,Libertarian,0.0,0.0,Disqualified,12/31/2024,,/oh/race/ohio-house-of-representatives-district-25-68550,False
2024,25,"Democratic Party Primary Election March 19, 2024",Cecil Thomas,Democratic,51991.11,72816.85,Advanced,12/31/2024,/oh/candidate/cecil-thomas-13915,/oh/race/ohio-house-of-representatives-district-25-68550,True
2024,25,"Republican Party Primary Election March 19, 2024",Jim Berns,Republican,0.0,0.0,Advanced,12/31/2024,,/oh/race/ohio-house-of-representatives-district-25-68550,False
2024,26,"General Election November 5, 2024",Sedrick Denson,Democratic,10028.0,0.0,Won,12/31/2024,/oh/candidate/sedrick-denson-14646,/oh/race/ohio-house-of-representatives-district-26-68551,True
2024,26,"General Election November 5, 2024",John Breadon,Republican,0.0,0.0,Lost,12/31/2024,,/oh/race/ohio-house-of-representatives-district-26-68551,False
2024,26,"Democratic Party Primary Election March 19, 2024",Sedrick Denson,Democratic,10028.0,0.0,Advanced,12/31/2024,/oh/candidate/sedrick-denson-14646,/oh/race/ohio-house-of-representatives-district-26-68551,True
2024,26,"Republican Party Primary Election March 19, 2024",John Breadon,Republican,0.0,0.0,Advanced,12/31/2024,,/oh/race/ohio-house-of-representatives-district-26-68551,False
2024,27,"General Election November 5, 2024",Rachel Baker,Democratic,228542.25,243935.03,Won,12/31/2024,/oh/candidate/rachel-baker,/oh/race/ohio-house-of-representatives-district-27-68552,True
2024,27,"General Election November 5, 2024",Curt C Hartman,Republican,85427.61,21427.78,Lost,12/31/2024,/oh/candidate/curt-c-hartman,/oh/race/ohio-house-of-representatives-district-27-68552,False
2024,27,"Democratic Party Primary Election March 19, 2024",Rachel Baker,Democratic,228542.25,243935.03,Advanced,12/31/2024,/oh/candidate/rachel-baker,/oh/race/ohio-house-of-representatives-district-27-68552,True
2024,27,"Republican Party Primary Election March 19, 2024",Curt C Hartman,Republican,85427.61,21427.78,Advanced,12/31/2024,/oh/candidate/curt-c-hartman,/oh/race/ohio-house-of-representatives-district-27-68552,False
2024,28,"General Election November 5, 2024",Karen Brownlee,Democratic,152175.86,146418.82,Won,12/31/2024,/oh/candidate/karen-brownlee,/oh/race/ohio-house-of-representatives-district-28-68553,False
2024,28,"General Election November 5, 2024",Jessica Miranda,Democratic,120374.71,87610.29,Withdrew,12/31/2024,/oh/candidate/jessica-miranda-14449,/oh/race/ohio-house-of-representatives-district-28-68553,True
2024,28,"General Election November 5, 2024",Jennifer Giroux,Republican,97126.54,59175.45,Lost,12/31/2024,/oh/candidate/jennifer-giroux,/oh/race/ohio-house-of-representatives-district-28-68553,False
2024,28,"General Election November 5, 2024",Regina Collins Write-In,Independent,0.0,0.0,Lost,12/31/2024,/oh/candidate/regina-collins,/oh/race/ohio-house-of-representatives-district-28-68553,False
2024,28,"Democratic Party Primary Election March 19, 2024",Jessica Miranda,Democratic,120374.71,87610.29,Advanced,12/31/2024,/oh/candidate/jessica-miranda-14449,/oh/race/ohio-house-of-representatives-district-28-68553,True
2024,28,"Democratic Party Primary Election March 19, 2024",Regina Collins,Independent,0.0,0.0,Disqualified,12/31/2024,/oh/candidate/regina-collins,/oh/race/ohio-house-of-representatives-district-28-68553,False
2024,28,"Republican Party Primary Election March 19, 2024",Jennifer Giroux,Republican,97126.54,59175.45,Advanced,12/31/2024,/oh/candidate/jennifer-giroux,/oh/race/ohio-house-of-representatives-district-28-68553,False
2024,29,"General Election November 5, 2024",Cindy Abrams,Republican,565394.71,391115.43,Won,12/31/2024,/oh/candidate/cindy-abrams-15157,/oh/race/ohio-house-of-representatives-district-29-68554,True
2024,29,"General Election November 5, 2024",Joseph Salvato,Democratic,22491.39,41234.78,Lost,12/31/2024,/oh/candidate/joseph-salvato,/oh/race/ohio-house-of-representatives-district-29-68554,False
2024,29,"General Election November 5, 2024",Liz Anderson,Independent,0.0,0.0,Withdrew,12/31/2024,,/oh/race/ohio-house-of-representatives-district-29-68554,False
2024,29,"Democratic Party Primary Election March 19, 2024",Joseph Salvato,Democratic,22491.39,41234.78,Advanced,12/31/2024,/oh/candidate/joseph-salvato,/oh/race/ohio-house-of-representatives-district-29-68554,False
2024,29,"Republican Party Primary Election March 19, 2024",Cindy Abrams,Republican,565394.71,391115.43,Advanced,12/31/2024,/oh/candidate/cindy-abrams-15157,/oh/race/ohio-house-of-representatives-district-29-68554,True
2024,29,"Republican Party Primary Election March 19, 2024",George Brunemann,Republican,49665.89,49607.53,Lost,12/31/2024,/oh/candidate/george-brunemann,/oh/race/ohio-house-of-representatives-district-29-68554,False
2024,30,"General Election November 5, 2024",Mike Odioso,Republican,223720.37,176286.95,Won,12/31/2024,/oh/candidate/mike-odioso,/oh/race/ohio-house-of-representatives-district-30-68556,False
2024,30,"General Election November 5, 2024",Stefanie Hawk,Democratic,24856.42,20885.07,Lost,12/31/2024,/oh/candidate/stefanie-hawk,/oh/race/ohio-house-of-representatives-district-30-68556,False
2024,30,"Democratic Party Primary Election March 19, 2024",Stefanie Hawk,Democratic,24856.42,20885.07,Advanced,12/31/2024,/oh/candidate/stefanie-hawk,/oh/race/ohio-house-of-representatives-district-30-68556,False
2024,30,"Democratic Party Primary Election March 19, 2024",Andrew Voynovich,Democratic,0.0,0.0,Lost,12/31/2024,,/oh/race/ohio-house-of-representatives-district-30-68556,False
2024,30,"Republican Party Primary Election March 19, 2024",Mike Odioso,Republican,223720.37,176286.95,Advanced,12/31/2024,/oh/candidate/mike-odioso,/oh/race/ohio-house-of-representatives-district-30-68556,False
2024,31,"General Election November 5, 2024",Bill Roemer,Republican,747097.9,490764.57,Won,12/31/2024,/oh/candidate/bill-roemer-14640,/oh/race/ohio-house-of-representatives-district-31-68557,True
2024,31,"General Election November 5, 2024",AJ Harris,Democratic,170606.97,164662.17,Lost,12/31/2024,/oh/candidate/aj-harris-15318,/oh/race/ohio-house-of-representatives-district-31-68557,False
2024,31,"General Election November 5, 2024",Jennings Digman,Libertarian,0.0,0.0,Withdrew,12/31/2024,,/oh/race/ohio-house-of-representatives-district-31-68557,False
2024,31,"Democratic Party Primary Election March 19, 2024",AJ Harris,Democratic,170606.97,164662.17,Advanced,12/31/2024,/oh/candidate/aj-harris-15318,/oh/race/ohio-house-of-representatives-district-31-68557,False
2024,31,"Republican Party Primary Election March 19, 2024",Bill Roemer,Republican,747097.9,490764.57,Advanced,12/31/2024,/oh/candidate/bill-roemer-14640,/oh/race/ohio-house-of-representatives-district-31-68557,True
2024,32,"General Election November 5, 2024",Jack K. Daniels,Republican,227494.87,129129.59,Won,12/31/2024,/oh/candidate/jack-k-daniels,/oh/race/ohio-house-of-representatives-district-32-68558,True
2024,32,"General Election November 5, 2024",Jim Colopy,Democratic,43526.2,43259.11,Lost,12/31/2024,/oh/candidate/jim-colopy,/oh/race/ohio-house-of-representatives-district-32-68558,False
2024,32,"Democratic Party Primary Election March 19, 2024",Jim Colopy,Democratic,43526.2,43259.11,Advanced,12/31/2024,/oh/candidate/jim-colopy,/oh/race/ohio-house-of-representatives-district-32-68558,False
2024,32,"Republican Party Primary Election March 19, 2024",Jack K. Daniels,Republican,227494.87,129129.59,Advanced,12/31/2024,/oh/candidate/jack-k-daniels,/oh/race/ohio-house-of-representatives-district-32-68558,True
2024,32,"Republican Party Primary Election March 19, 2024",Mary Stormer,Republican,30703.33,31229.37,Lost,12/31/2024,/oh/candidate/mary-stormer,/oh/race/ohio-house-of-representatives-district-32-68558,False
2024,33,"General Election November 5, 2024",Veronica Sims,Democratic,34277.98,34950.2,Won,12/31/2024,/oh/candidate/veronica-sims,/oh/race/ohio-house-of-representatives-district-33-68559,True
2024,33,"Democratic Party Primary Election March 19, 2024",Veronica Sims,Democratic,34277.98,34950.2,Advanced,12/31/2024,/oh/candidate/veronica-sims,/oh/race/ohio-house-of-representatives-district-33-68559,True
2024,34,"General Election November 5, 2024",Derrick Hall,Democratic,218650.49,242151.92,Won,12/31/2024,/oh/candidate/derrick-hall,/oh/race/ohio-house-of-representatives-district-34-68560,False
2024,34,"General Election November 5, 2024",Adam Bozic,Republican,20031.71,9750.95,Lost,12/31/2024,/oh/candidate/adam-bozic,/oh/race/ohio-house-of-representatives-district-34-68560,False
2024,34,"Democratic Party Primary Election March 19, 2024",Derrick Hall,Democratic,218650.49,242151.92,Advanced,12/31/2024,/oh/candidate/derrick-hall,/oh/race/ohio-house-of-representatives-district-34-68560,False
2024,34,"Democratic Party Primary Election March 19, 2024",Dina Edwards,Democratic,14516.04,8066.04,Lost,12/31/2024,/oh/candidate/dina-edwards,/oh/race/ohio-house-of-representatives-district-34-68560,False
2024,34,"Democratic Party Primary Election March 19, 2024",Nathan Jarosz,Democratic,33663.68,46924.53,Lost,12/31/2024,/oh/candidate/nathan-jarosz,/oh/race/ohio-house-of-representatives-district-34-68560,False
2024,34,"Republican Party Primary Election March 19, 2024",Adam Bozic,Republican,20031.71,9750.95,Advanced,12/31/2024,/oh/candidate/adam-bozic,/oh/race/ohio-house-of-representatives-district-34-68560,False
2024,35,"General Election November 5, 2024",Steve Demetriou,Republican,613921.9,508037.23,Won,12/31/2024,/oh/candidate/steve-demetriou,/oh/race/ohio-house-of-representatives-district-35-68561,True
2024,35,"General Election November 5, 2024",Mark Curtis,Democratic,103016.34,90889.1,Lost,12/31/2024,/oh/candidate/mark-curtis,/oh/race/ohio-house-of-representatives-district-35-68561,False
2024,35,"Democratic Party Primary Election March 19, 2024",Mark Curtis,Democratic,103016.34,90889.1,Advanced,12/31/2024,/oh/candidate/mark-curtis,/oh/race/ohio-house-of-representatives-district-35-68561,False
2024,35,"Republican Party Primary Election March 19, 2024",Steve Demetriou,Republican,613921.9,508037.23,Advanced,12/31/2024,/oh/candidate/steve-demetriou,/oh/race/ohio-house-of-representatives-district-35-68561,True
2024,36,"General Election November 5, 2024",Andrea White,Republican,1114015.79,523717.86,Won,12/31/2024,/oh/candidate/andrea-white-15240,/oh/race/ohio-house-of-representatives-district-36-68562,True
2024,36,"General Election November 5, 2024",Rose Lounsbury,Democratic,288614.82,284340.18,Lost,12/31/2024,/oh/candidate/rose-lounsbury,/oh/race/ohio-house-of-representatives-district-36-68562,False
2024,36,"Democratic Party Primary Election March 19, 2024",Rose Lounsbury,Democratic,288614.82,284340.18,Advanced,12/31/2024,/oh/candidate/rose-lounsbury,/oh/race/ohio-house-of-representatives-district-36-68562,False
2024,36,"Democratic Party Primary Election March 19, 2024",Charles Horn,Democratic,0.0,3197.97,Lost,12/31/2024,/oh/candidate/charles-horn-15257,/oh/race/ohio-house-of-representatives-district-36-68562,False
2024,36,"Republican Party Primary Election March 19, 2024",Andrea White,Republican,1114015.79,523717.86,Advanced,12/31/2024,/oh/candidate/andrea-white-15240,/oh/race/ohio-house-of-representatives-district-36-68562,True
2024,37,"General Election November 5, 2024",Tom Young,Republican,100735.87,98575.27,Won,12/31/2024,/oh/candidate/tom-young-11933,/oh/race/ohio-house-of-representatives-district-37-68563,True
2024,37,"Democratic Party Primary Election March 19, 2024",R. Avery Neal,Democratic,0.0,0.0,Withdrew,12/31/2024,,/oh/race/ohio-house-of-representatives-district-37-68563,False
2024,37,"Republican Party Primary Election March 19, 2024",Tom Young,Republican,100735.87,98575.27,Advanced,12/31/2024,/oh/candidate/tom-young-11933,/oh/race/ohio-house-of-representatives-district-37-68563,True
2024,38,"General Election November 5, 2024",Desiree Tims,Democratic,98354.47,76442.32,Won,12/31/2024,/oh/candidate/desiree-tims,/oh/race/ohio-house-of-representatives-district-38-68564,False
2024,38,"Democratic Party Primary Election March 19, 2024",Desiree Tims,Democratic,98354.47,76442.32,Advanced,12/31/2024,/oh/candidate/desiree-tims,/oh/race/ohio-house-of-representatives-district-38-68564,False
2024,38,"Democratic Party Primary Election March 19, 2024",Derrick Foward,Democratic,31860.27,16648.29,Lost,12/31/2024,/oh/candidate/derrick-foward,/oh/race/ohio-house-of-representatives-district-38-68564,False
2024,39,"General Election November 5, 2024",Phil Plummer,Republican,417110.28,310941.93,Won,12/31/2024,/oh/candidate/phil-plummer-14833,/oh/race/ohio-house-of-representatives-district-39-68565,True
2024,39,"General Election November 5, 2024",Dion,Democratic,22549.41,21515.21,Lost,12/31/2024,/oh/candidate/dion-green,/oh/race/ohio-house-of-representatives-district-39-68565,False
2024,39,"Democratic Party Primary Election March 19, 2024",Dion Write-In,Democratic,22549.41,21515.21,Advanced,12/31/2024,/oh/candidate/dion-green,/oh/race/ohio-house-of-representatives-district-39-68565,False
2024,39,"Republican Party Primary Election March 19, 2024",Phil Plummer,Republican,417110.28,310941.93,Advanced,12/31/2024,/oh/candidate/phil-plummer-14833,/oh/race/ohio-house-of-representatives-district-39-68565,True
2024,40,"General Election November 5, 2024",Rodney Creech,Republican,102290.0,108979.34,Won,12/31/2024,/oh/candidate/rodney-creech-15169,/oh/race/ohio-house-of-representatives-district-40-68567,True
2024,40,"General Election November 5, 2024",Bobbie Arnold,Democratic,0.0,0.0,Lost,12/31/2024,/oh/candidate/bobbie-arnold,/oh/race/ohio-house-of-representatives-district-40-68567,False
2024,40,"Democratic Party Primary Election March 19, 2024",Bobbie Arnold,Democratic,0.0,0.0,Advanced,12/31/2024,/oh/candidate/bobbie-arnold,/oh/race/ohio-house-of-representatives-district-40-68567,False
2024,40,"Democratic Party Primary Election March 19, 2024",Logan Turner Write-In,Democratic,0.0,0.0,Lost,12/31/2024,,/oh/race/ohio-house-of-representatives-district-40-68567,False
2024,40,"Republican Party Primary Election March 19, 2024",Rodney Creech,Republican,102290.0,108979.34,Advanced,12/31/2024,/oh/candidate/rodney-creech-15169,/oh/race/ohio-house-of-representatives-district-40-68567,True
2024,41,"General Election November 5, 2024",Erika White,Democratic,140893.57,73074.01,Won,12/31/2024,/oh/candidate/erika-white,/oh/race/ohio-house-of-representatives-district-41-68568,False
2024,41,"General Election November 5, 2024",Josiah Leinbach,Republican,5371.31,5371.31,Lost,12/31/2024,/oh/candidate/josiah-leinbach,/oh/race/ohio-house-of-representatives-district-41-68568,False
2024,41,"Democratic Party Primary Election March 19, 2024",Erika White,Democratic,140893.57,73074.01,Advanced,12/31/2024,/oh/candidate/erika-white,/oh/race/ohio-house-of-representatives-district-41-68568,False
2024,41,"Democratic Party Primary Election March 19, 2024",Colin Flanagan,Democratic,7188.41,5111.46,Withdrew,12/31/2024,/oh/candidate/colin-flanagan,/oh/race/ohio-house-of-representatives-district-41-68568,False
2024,41,"Republican Party Primary Election March 19, 2024",Josiah Leinbach,Republican,5371.31,5371.31,Advanced,12/31/2024,/oh/candidate/josiah-leinbach,/oh/race/ohio-house-of-representatives-district-41-68568,False
2024,42,"General Election November 5, 2024",Elgin Rogers Jr.,Democratic,99737.9,100346.91,Won,12/31/2024,/oh/candidate/elgin-rogers-jr,/oh/race/ohio-house-of-representatives-district-42-68569,True
2024,42,"Democratic Party Primary Election March 19, 2024",Elgin Rogers Jr.,Democratic,99737.9,100346.91,Advanced,12/31/2024,/oh/candidate/elgin-rogers-jr,/oh/race/ohio-house-of-representatives-district-42-68569,True
2024,43,"General Election November 5, 2024",Michele Grim,Democratic,235139.15,168020.17,Won,12/31/2024,/oh/candidate/michele-grim,/oh/race/ohio-house-of-representatives-district-43-68570,True
2024,43,"General Election November 5, 2024",Wendi Hendricks,Republican,3645.43,0.0,Lost,12/31/2024,/oh/candidate/wendi-hendricks,/oh/race/ohio-house-of-representatives-district-43-68570,False
2024,43,"General Election November 5, 2024",Kristi Kille Write-In,Republican,0.0,0.0,Disqualified,12/31/2024,/oh/candidate/kristi-kille,/oh/race/ohio-house-of-representatives-district-43-68570,False
2024,43,"Democratic Party Primary Election March 19, 2024",Michele Grim,Democratic,235139.15,168020.17,Advanced,12/31/2024,/oh/candidate/michele-grim,/oh/race/ohio-house-of-representatives-district-43-68570,True
2024,43,"Republican Party Primary Election March 19, 2024",Wendi Hendricks,Republican,3645.43,0.0,Advanced,12/31/2024,/oh/candidate/wendi-hendricks,/oh/race/ohio-house-of-representatives-district-43-68570,False
2024,44,"General Election November 5, 2024",Josh Williams,Republican,465552.29,203804.78,Won,12/31/2024,/oh/candidate/josh-williams,/oh/race/ohio-house-of-representatives-district-44-68571,True
2024,44,"General Election November 5, 2024",Dave Blyth,Democratic,79488.15,78881.99,Lost,12/31/2024,/oh/candidate/dave-blyth,/oh/race/ohio-house-of-representatives-district-44-68571,False
2024,44,"Democratic Party Primary Election March 19, 2024",Dave Blyth,Democratic,79488.15,78881.99,Advanced,12/31/2024,/oh/candidate/dave-blyth,/oh/race/ohio-house-of-representatives-district-44-68571,False
2024,44,"Republican Party Primary Election March 19, 2024",Josh Williams,Republican,465552.29,203804.78,Advanced,12/31/2024,/oh/candidate/josh-williams,/oh/race/ohio-house-of-representatives-district-44-68571,True
2024,45,"General Election November 5, 2024",Jennifer Gross,Republican,82968.55,53174.76,Won,12/31/2024,/oh/candidate/jennifer-gross-15181,/oh/race/ohio-house-of-representatives-district-45-68572,True
2024,45,"General Election November 5, 2024",Landon Meador,Democratic,13491.42,2031.1,Lost,12/31/2024,/oh/candidate/landon-meador,/oh/race/ohio-house-of-representatives-district-45-68572,False
2024,45,"Democratic Party Primary Election March 19, 2024",Landon Meador,Democratic,13491.42,2031.1,Advanced,12/31/2024,/oh/candidate/landon-meador,/oh/race/ohio-house-of-representatives-district-45-68572,False
2024,45,"Republican Party Primary Election March 19, 2024",Jennifer Gross,Republican,82968.55,53174.76,Advanced,12/31/2024,/oh/candidate/jennifer-gross-15181,/oh/race/ohio-house-of-representatives-district-45-68572,True
2024,46,"General Election November 5, 2024",Thomas Hall,Republican,186868.09,120332.64,Won,12/31/2024,/oh/candidate/thomas-hall-15205,/oh/race/ohio-house-of-representatives-district-46-68573,True
2024,46,"General Election November 5, 2024",Benjamin Mccall,Democratic,17784.55,10072.9,Lost,12/31/2024,/oh/candidate/benjamin-mccall,/oh/race/ohio-house-of-representatives-district-46-68573,False
2024,46,"Democratic Party Primary Election March 19, 2024",Benjamin Mccall,Democratic,17784.55,10072.9,Advanced,12/31/2024,/oh/candidate/benjamin-mccall,/oh/race/ohio-house-of-representatives-district-46-68573,False
2024,46,"Republican Party Primary Election March 19, 2024",Thomas Hall,Republican,186868.09,120332.64,Advanced,12/31/2024,/oh/candidate/thomas-hall-15205,/oh/race/ohio-house-of-representatives-district-46-68573,True
2024,46,"Republican Party Primary Election March 19, 2024",Zachary Stacy,Republican,1991.38,2142.0,Lost,12/31/2024,/oh/candidate/zachary-stacy,/oh/race/ohio-house-of-representatives-district-46-68573,False
2024,47,"General Election November 5, 2024",Diane Mullins,Republican,71708.38,79700.72,Won,12/31/2024,/oh/candidate/teresa-mullins-15177,/oh/race/ohio-house-of-representatives-district-47-68574,False
2024,47,"General Election November 5, 2024",Vanessa Cummings,Democratic,41251.58,38361.26,Lost,12/31/2024,/oh/candidate/vanessa-cummings,/oh/race/ohio-house-of-representatives-district-47-68574,False
2024,47,"Democratic Party Primary Election March 19, 2024",Vanessa Cummings,Democratic,41251.58,38361.26,Advanced,12/31/2024,/oh/candidate/vanessa-cummings,/oh/race/ohio-house-of-representatives-district-47-68574,False
2024,47,"Republican Party Primary Election March 19, 2024",Diane Mullins,Republican,71708.38,79700.72,Advanced,12/31/2024,/oh/candidate/teresa-mullins-15177,/oh/race/ohio-house-of-representatives-district-47-68574,False
2024,47,"Republican Party Primary Election March 19, 2024",Sara Carruthers,Republican,179661.07,279629.16,Lost,12/31/2024,/oh/candidate/sara-carruthers-14864,/oh/race/ohio-house-of-representatives-district-47-68574,True
2024,48,"General Election November 5, 2024",Scott Oelslager,Republican,300830.03,241036.17,Won,12/31/2024,/oh/candidate/scott-oelslager-250,/oh/race/ohio-house-of-representatives-district-48-68575,True
2024,48,"General Election November 5, 2024",Lynn Gorman,Democratic,7619.69,7150.63,Lost,12/31/2024,/oh/candidate/lynn-gorman,/oh/race/ohio-house-of-representatives-district-48-68575,False
2024,48,"Democratic Party Primary Election March 19, 2024",Lynn Gorman,Democratic,7619.69,7150.63,Advanced,12/31/2024,/oh/candidate/lynn-gorman,/oh/race/ohio-house-of-representatives-district-48-68575,False
2024,48,"Republican Party Primary Election March 19, 2024",Scott Oelslager,Republican,300830.03,241036.17,Advanced,12/31/2024,/oh/candidate/scott-oelslager-250,/oh/race/ohio-house-of-representatives-district-48-68575,True
2024,49,"General Election November 5, 2024",Jim Thomas,Republican,436170.78,364260.39,Won,12/31/2024,/oh/candidate/jim-thomas,/oh/race/ohio-house-of-representatives-district-49-68576,True
2024,49,"General Election November 5, 2024",Krista Allison,Democratic,173303.8,169596.88,Lost,12/31/2024,/oh/candidate/krista-allison,/oh/race/ohio-house-of-representatives-district-49-68576,False
2024,49,"Democratic Party Primary Election March 19, 2024",Krista Allison,Democratic,173303.8,169596.88,Advanced,12/31/2024,/oh/candidate/krista-allison,/oh/race/ohio-house-of-representatives-district-49-68576,False
2024,49,"Republican Party Primary Election March 19, 2024",Jim Thomas,Republican,436170.78,364260.39,Advanced,12/31/2024,/oh/candidate/jim-thomas,/oh/race/ohio-house-of-representatives-district-49-68576,True
2024,50,"General Election November 5, 2024",Matthew Kishman,Republican,88822.79,61788.55,Won,12/31/2024,/oh/candidate/matthew-kishman,/oh/race/ohio-house-of-representatives-district-50-68578,False
2024,50,"General Election November 5, 2024",Doremus Redvine,Democratic,8064.83,4801.95,Lost,12/31/2024,/oh/candidate/doremus-redvine,/oh/race/ohio-house-of-representatives-district-50-68578,False
2024,50,"Democratic Party Primary Election March 19, 2024",Doremus Redvine Write-In,Democratic,8064.83,4801.95,Advanced,12/31/2024,/oh/candidate/doremus-redvine,/oh/race/ohio-house-of-representatives-district-50-68578,False
2024,50,"Democratic Party Primary Election March 19, 2024",Vanessa Joy,Democratic,0.0,0.0,Withdrew,12/31/2024,/oh/candidate/vanessa-joy,/oh/race/ohio-house-of-representatives-district-50-68578,False
2024,50,"Republican Party Primary Election March 19, 2024",Matthew Kishman,Republican,88822.79,61788.55,Advanced,12/31/2024,/oh/candidate/matthew-kishman,/oh/race/ohio-house-of-representatives-district-50-68578,False
2024,51,"General Election November 5, 2024",Jodi Salvo,Republican,175660.76,199389.91,Won,12/31/2024,/oh/candidate/jodi-salvo,/oh/race/ohio-house-of-representatives-district-51-68579,False
2024,51,"General Election November 5, 2024",Joe Rinehart,Democratic,15282.87,19044.44,Lost,12/31/2024,/oh/candidate/joe-rinehart,/oh/race/ohio-house-of-representatives-district-51-68579,False
2024,51,"Democratic Party Primary Election March 19, 2024",Joe Rinehart,Democratic,15282.87,19044.44,Advanced,12/31/2024,/oh/candidate/joe-rinehart,/oh/race/ohio-house-of-representatives-district-51-68579,False
2024,51,"Democratic Party Primary Election March 19, 2024",John Bazaar,Democratic,1187.82,1391.67,Lost,12/31/2024,/oh/candidate/john-bazaar,/oh/race/ohio-house-of-representatives-district-51-68579,False
2024,51,"Republican Party Primary Election March 19, 2024",Jodi Salvo,Republican,175660.76,199389.91,Advanced,12/31/2024,/oh/candidate/jodi-salvo,/oh/race/ohio-house-of-representatives-district-51-68579,False
2024,51,"Republican Party Primary Election March 19, 2024",Brett Hillyer,Republican,375605.66,308595.06,Lost,12/31/2024,/oh/candidate/brett-hillyer-14878,/oh/race/ohio-house-of-representatives-district-51-68579,True
2024,52,"General Election November 5, 2024",Gayle L Manning,Republican,375606.35,263879.46,Won,12/31/2024,/oh/candidate/gayle-manning-13283,/oh/race/ohio-house-of-representatives-district-52-68580,True
2024,52,"General Election November 5, 2024",Genevieve Flieger,Democratic,32993.86,104672.54,Lost,12/31/2024,/oh/candidate/genevieve-flieger,/oh/race/ohio-house-of-representatives-district-52-68580,False
2024,52,"Democratic Party Primary Election March 19, 2024",Genevieve Flieger,Democratic,32993.86,104672.54,Advanced,12/31/2024,/oh/candidate/genevieve-flieger,/oh/race/ohio-house-of-representatives-district-52-68580,False
2024,52,"Republican Party Primary Election March 19, 2024",Gayle L Manning,Republican,375606.35,263879.46,Advanced,12/31/2024,/oh/candidate/gayle-manning-13283,/oh/race/ohio-house-of-representatives-district-52-68580,True
2024,53,"General Election November 5, 2024",Joseph A Miller III,Democratic,282647.99,318799.32,Won,12/31/2024,/oh/candidate/joseph-miller-14808,/oh/race/ohio-house-of-representatives-district-53-68581,True
2024,53,"General Election November 5, 2024",Brad Lacko,Republican,4656.45,2666.96,Lost,12/31/2024,/oh/candidate/brad-lacko,/oh/race/ohio-house-of-representatives-district-53-68581,False
2024,53,"Democratic Party Primary Election March 19, 2024",Joseph A Miller III,Democratic,282647.99,318799.32,Advanced,12/31/2024,/oh/candidate/joseph-miller-14808,/oh/race/ohio-house-of-representatives-district-53-68581,True
2024,53,"Republican Party Primary Election March 19, 2024",Brad Lacko,Republican,4656.45,2666.96,Advanced,12/31/2024,/oh/candidate/brad-lacko,/oh/race/ohio-house-of-representatives-district-53-68581,False
2024,54,"General Election November 5, 2024",Kellie Deeter,Republican,374436.84,342006.26,Won,12/31/2024,/oh/candidate/kellie-deeter,/oh/race/ohio-house-of-representatives-district-54-68582,False
2024,54,"General Election November 5, 2024",Brenda Buchanan,Democratic,23438.43,23089.83,Lost,12/31/2024,/oh/candidate/brenda-buchanan,/oh/race/ohio-house-of-representatives-district-54-68582,False
2024,54,"General Election November 5, 2024",Andrew Leonard Write-In,Independent,0.0,0.0,Lost,12/31/2024,/oh/candidate/andrew-leonard,/oh/race/ohio-house-of-representatives-district-54-68582,False
2024,54,"Democratic Party Primary Election March 19, 2024",Brenda Buchanan,Democratic,23438.43,23089.83,Advanced,12/31/2024,/oh/candidate/brenda-buchanan,/oh/race/ohio-house-of-representatives-district-54-68582,False
2024,54,"Republican Party Primary Election March 19, 2024",Kellie Deeter,Republican,374436.84,342006.26,Advanced,12/31/2024,/oh/candidate/kellie-deeter,/oh/race/ohio-house-of-representatives-district-54-68582,False
2024,54,"Republican Party Primary Election March 19, 2024",Anthony Savage,Republican,16920.0,18505.86,Lost,12/31/2024,/oh/candidate/anthony-savage,/oh/race/ohio-house-of-representatives-district-54-68582,False
2024,55,"General Election November 5, 2024",Michelle Teska,Republican,81913.64,75998.73,Won,12/31/2024,/oh/candidate/colleen-teska,/oh/race/ohio-house-of-representatives-district-55-68583,False
2024,55,"General Election November 5, 2024",Laura Davis,Democratic,31236.78,25425.78,Lost,12/31/2024,/oh/candidate/laura-davis,/oh/race/ohio-house-of-representatives-district-55-68583,False
2024,55,"Democratic Party Primary Election March 19, 2024",Laura Davis,Democratic,31236.78,25425.78,Advanced,12/31/2024,/oh/candidate/laura-davis,/oh/race/ohio-house-of-representatives-district-55-68583,False
2024,55,"Republican Party Primary Election March 19, 2024",Michelle Teska,Republican,81913.64,75998.73,Advanced,12/31/2024,/oh/candidate/colleen-teska,/oh/race/ohio-house-of-representatives-district-55-68583,False
2024,55,"Republican Party Primary Election March 19, 2024",Thomas Goodwin,Republican,0.0,0.0,Withdrew,12/31/2024,/oh/candidate/thomas-goodwin,/oh/race/ohio-house-of-representatives-district-55-68583,False
2024,55,"Republican Party Primary Election March 19, 2024",Scott Hughes,Republican,7200.0,7200.0,Withdrew,12/31/2024,/oh/candidate/scott-hughes,/oh/race/ohio-house-of-representatives-district-55-68583,False
2024,55,"Republican Party Primary Election March 19, 2024",Kim Lukens,Republican,7500.0,0.0,Withdrew,12/31/2024,/oh/candidate/kim-lukens,/oh/race/ohio-house-of-representatives-district-55-68583,False
2024,55,"Republican Party Primary Election March 19, 2024",Ben Mccullough,Republican,11531.1,12370.17,Lost,12/31/2024,/oh/candidate/ben-mccullough,/oh/race/ohio-house-of-representatives-district-55-68583,False
2024,56,"General Election November 5, 2024",Adam Mathews,Republican,351812.8,193206.24,Won,12/31/2024,/oh/candidate/adam-mathews,/oh/race/ohio-house-of-representatives-district-56-68584,True
2024,56,"General Election November 5, 2024",Cleveland Canova,Democratic,14254.43,14245.82,Lost,12/31/2024,/oh/candidate/cleveland-canova,/oh/race/ohio-house-of-representatives-district-56-68584,False
2024,56,"Democratic Party Primary Election March 19, 2024",Cleveland Canova,Democratic,14254.43,14245.82,Advanced,12/31/2024,/oh/candidate/cleveland-canova,/oh/race/ohio-house-of-representatives-district-56-68584,False
2024,56,"Republican Party Primary Election March 19, 2024",Adam Mathews,Republican,351812.8,193206.24,Advanced,12/31/2024,/oh/candidate/adam-mathews,/oh/race/ohio-house-of-representatives-district-56-68584,True
2024,56,"Republican Party Primary Election March 19, 2024",Kathy Grossmann,Republican,8450.0,132548.66,Lost,12/31/2024,/oh/candidate/kathy-grossmann,/oh/race/ohio-house-of-representatives-district-56-68584,False
2024,56,"Republican Party Primary Election March 19, 2024",Heather Salyer,Republican,18914.24,17322.46,Lost,12/31/2024,/oh/candidate/heather-salyer,/oh/race/ohio-house-of-representatives-district-56-68584,False
2024,57,"General Election November 5, 2024",Jamie Callender,Republican,296721.07,291996.54,Won,12/31/2024,/oh/candidate/jamie-callender-433,/oh/race/ohio-house-of-representatives-district-57-68585,True
2024,57,"General Election November 5, 2024",Rick Walker,Democratic,7386.44,2760.36,Lost,12/31/2024,/oh/candidate/rick-walker,/oh/race/ohio-house-of-representatives-district-57-68585,False
2024,57,"Democratic Party Primary Election March 19, 2024",Rick Walker,Democratic,7386.44,2760.36,Advanced,12/31/2024,/oh/candidate/rick-walker,/oh/race/ohio-house-of-representatives-district-57-68585,False
2024,57,"Republican Party Primary Election March 19, 2024",Jamie Callender,Republican,296721.07,291996.54,Advanced,12/31/2024,/oh/candidate/jamie-callender-433,/oh/race/ohio-house-of-representatives-district-57-68585,True
2024,58,"General Election November 5, 2024",Lauren McNally,Democratic,144689.81,138133.25,Won,12/31/2024,/oh/candidate/lauren-mcnally,/oh/race/ohio-house-of-representatives-district-58-68586,True
2024,58,"General Election November 5, 2024",Emily Ciccone,Republican,0.0,0.0,Lost,12/31/2024,/oh/candidate/emily-ciccone,/oh/race/ohio-house-of-representatives-district-58-68586,False
2024,58,"Democratic Party Primary Election March 19, 2024",Lauren McNally,Democratic,144689.81,138133.25,Advanced,12/31/2024,/oh/candidate/lauren-mcnally,/oh/race/ohio-house-of-representatives-district-58-68586,True
2024,58,"Republican Party Primary Election March 19, 2024",Emily Ciccone Write-In,Republican,0.0,0.0,Advanced,12/31/2024,/oh/candidate/emily-ciccone,/oh/race/ohio-house-of-representatives-district-58-68586,False
2024,58,"Republican Party Primary Election March 19, 2024",Jennifer Ciccone,Republican,0.0,0.0,Withdrew,12/31/2024,,/oh/race/ohio-house-of-representatives-district-58-68586,False
2024,59,"General Election November 5, 2024",Tex Fischer,Republican,349515.76,113469.67,Won,12/31/2024,/oh/candidate/tex-fischer,/oh/race/ohio-house-of-representatives-district-59-68587,True
2024,59,"General Election November 5, 2024",Alessandro Cutrona,Republican,709684.56,428090.39,Withdrew,12/31/2024,/oh/candidate/alessandro-cutrona,/oh/race/ohio-house-of-representatives-district-59-68587,True
2024,59,"General Election November 5, 2024",Laura Schaeffer,Democratic,94206.61,80144.49,Lost,12/31/2024,/oh/candidate/laura-schaeffer,/oh/race/ohio-house-of-representatives-district-59-68587,False
2024,59,"Democratic Party Primary Election March 19, 2024",Laura Schaeffer,Democratic,94206.61,80144.49,Advanced,12/31/2024,/oh/candidate/laura-schaeffer,/oh/race/ohio-house-of-representatives-district-59-68587,False
2024,59,"Republican Party Primary Election March 19, 2024",Alessandro Cutrona,Republican,709684.56,428090.39,Advanced,12/31/2024,/oh/candidate/alessandro-cutrona,/oh/race/ohio-house-of-representatives-district-59-68587,True
2024,60,"General Election November 5, 2024",Brian Lorenz,Republican,505754.56,244707.14,Won,12/31/2024,/oh/candidate/brian-lorenz-14770,/oh/race/ohio-house-of-representatives-district-60-68589,True
2024,60,"General Election November 5, 2024",Rachael Morocco,Democratic,154815.46,158963.3,Lost,12/31/2024,/oh/candidate/rachael-morocco-15186,/oh/race/ohio-house-of-representatives-district-60-68589,False
2024,60,"Democratic Party Primary Election March 19, 2024",Rachael Morocco,Democratic,154815.46,158963.3,Advanced,12/31/2024,/oh/candidate/rachael-morocco-15186,/oh/race/ohio-house-of-representatives-district-60-68589,False
2024,60,"Democratic Party Primary Election March 19, 2024",Brendan Foley,Democratic,0.0,0.0,Withdrew,12/31/2024,,/oh/race/ohio-house-of-representatives-district-60-68589,False
2024,60,"Republican Party Primary Election March 19, 2024",Brian Lorenz,Republican,505754.56,244707.14,Advanced,12/31/2024,/oh/candidate/brian-lorenz-14770,/oh/race/ohio-house-of-representatives-district-60-68589,True
2024,61,"General Election November 5, 2024",Beth Lear,Republican,179775.74,151252.66,Won,12/31/2024,/oh/candidate/beth-lear-13101,/oh/race/ohio-house-of-representatives-district-61-68590,True
2024,61,"General Election November 5, 2024",David Hogan,Democratic,19322.17,18238.37,Lost,12/31/2024,/oh/candidate/david-hogan,/oh/race/ohio-house-of-representatives-district-61-68590,False
2024,61,"Democratic Party Primary Election March 19, 2024",David Hogan,Democratic,19322.17,18238.37,Advanced,12/31/2024,/oh/candidate/david-hogan,/oh/race/ohio-house-of-representatives-district-61-68590,False
2024,61,"Democratic Party Primary Election March 19, 2024",Christian Smith,Democratic,0.0,0.0,Lost,12/31/2024,,/oh/race/ohio-house-of-representatives-district-61-68590,False
2024,61,"Republican Party Primary Election March 19, 2024",Beth Lear,Republican,179775.74,151252.66,Advanced,12/31/2024,/oh/candidate/beth-lear-13101,/oh/race/ohio-house-of-representatives-district-61-68590,True
2024,61,"Republican Party Primary Election March 19, 2024",Michael Holt,Republican,12665.0,11688.7,Lost,12/31/2024,/oh/candidate/michael-holt,/oh/race/ohio-house-of-representatives-district-61-68590,False
2024,61,"Republican Party Primary Election March 19, 2024",Kurt Keyser,Republican,140.68,4124.17,Withdrew,12/31/2024,/oh/candidate/kurt-keyser,/oh/race/ohio-house-of-representatives-district-61-68590,False
2024,62,"General Election November 5, 2024",Jeannette Schmidt,Republican,448108.43,219391.67,Won,12/31/2024,/oh/candidate/jeannette-schmidt-7321,/oh/race/ohio-house-of-representatives-district-62-68591,True
2024,62,"General Election November 5, 2024",Katie Vockell,Democratic,21211.53,18249.52,Lost,12/31/2024,/oh/candidate/katie-vockell,/oh/race/ohio-house-of-representatives-district-62-68591,False
2024,62,"Democratic Party Primary Election March 19, 2024",Katie Vockell,Democratic,21211.53,18249.52,Advanced,12/31/2024,/oh/candidate/katie-vockell,/oh/race/ohio-house-of-representatives-district-62-68591,False
2024,62,"Republican Party Primary Election March 19, 2024",Jeannette Schmidt,Republican,448108.43,219391.67,Advanced,12/31/2024,/oh/candidate/jeannette-schmidt-7321,/oh/race/ohio-house-of-representatives-district-62-68591,True
2024,62,"Republican Party Primary Election March 19, 2024",Dillon Blevins,Republican,16080.11,8777.89,Lost,12/31/2024,/oh/candidate/dillon-blevins,/oh/race/ohio-house-of-representatives-district-62-68591,False
2024,63,"General Election November 5, 2024",Adam Bird,Republican,129822.11,131836.85,Won,12/31/2024,/oh/candidate/adam-bird-15144,/oh/race/ohio-house-of-representatives-district-63-68592,True
2024,63,"General Election November 5, 2024",Tracey McCullough,Democratic,19936.74,18716.73,Lost,12/31/2024,/oh/candidate/tracey-mccullough,/oh/race/ohio-house-of-representatives-district-63-68592,False
2024,63,"Democratic Party Primary Election March 19, 2024",Tracey McCullough,Democratic,19936.74,18716.73,Advanced,12/31/2024,/oh/candidate/tracey-mccullough,/oh/race/ohio-house-of-representatives-district-63-68592,False
2024,63,"Republican Party Primary Election March 19, 2024",Adam Bird,Republican,129822.11,131836.85,Advanced,12/31/2024,/oh/candidate/adam-bird-15144,/oh/race/ohio-house-of-representatives-district-63-68592,True
2024,64,"General Election November 5, 2024",Nick Santucci,Republican,767773.34,397988.37,Won,12/31/2024,/oh/candidate/nick-santucci,/oh/race/ohio-house-of-representatives-district-64-68593,True
2024,64,"General Election November 5, 2024",Lauren Mathews,Democratic,34913.38,59142.58,Lost,12/31/2024,/oh/candidate/lauren-mathews,/oh/race/ohio-house-of-representatives-district-64-68593,False
2024,64,"Democratic Party Primary Election March 19, 2024",Lauren Mathews,Democratic,34913.38,59142.58,Advanced,12/31/2024,/oh/candidate/lauren-mathews,/oh/race/ohio-house-of-representatives-district-64-68593,False
2024,64,"Republican Party Primary Election March 19, 2024",Nick Santucci,Republican,767773.34,397988.37,Advanced,12/31/2024,/oh/candidate/nick-santucci,/oh/race/ohio-house-of-representatives-district-64-68593,True
2024,65,"General Election November 5, 2024",David Thomas,Republican,118393.5,123482.95,Won,12/31/2024,/oh/candidate/david-thomas,/oh/race/ohio-house-of-representatives-district-65-68594,False
2024,65,"Republican Party Primary Election March 19, 2024",David Thomas,Republican,118393.5,123482.95,Advanced,12/31/2024,/oh/candidate/david-thomas,/oh/race/ohio-house-of-representatives-district-65-68594,False
2024,65,"Republican Party Primary Election March 19, 2024",Laurie Magyar,Republican,10260.0,7573.69,Lost,12/31/2024,/oh/candidate/laurie-magyar,/oh/race/ohio-house-of-representatives-district-65-68594,False
2024,66,"General Election November 5, 2024",Sharon Ray,Republican,415234.93,267090.76,Won,12/31/2024,/oh/candidate/sharon-ray-15184,/oh/race/ohio-house-of-representatives-district-66-68595,True
2024,66,"General Election November 5, 2024",Bradford Scott Quade,Democratic,34541.36,30289.72,Lost,12/31/2024,/oh/candidate/bradford-scott-quade,/oh/race/ohio-house-of-representatives-district-66-68595,False
2024,66,"Democratic Party Primary Election March 19, 2024",Bradford Scott Quade,Democratic,34541.36,30289.72,Advanced,12/31/2024,/oh/candidate/bradford-scott-quade,/oh/race/ohio-house-of-representatives-district-66-68595,False
2024,66,"Republican Party Primary Election March 19, 2024",Sharon Ray,Republican,415234.93,267090.76,Advanced,12/31/2024,/oh/candidate/sharon-ray-15184,/oh/race/ohio-house-of-representatives-district-66-68595,True
2024,66,"Republican Party Primary Election March 19, 2024",Gary Fox,Republican,10996.57,10997.4,Lost,12/31/2024,/oh/candidate/gary-fox,/oh/race/ohio-house-of-representatives-district-66-68595,False
2024,67,"General Election November 5, 2024",Melanie Miller,Republican,121271.06,82076.0,Won,12/31/2024,/oh/candidate/melanie-miller,/oh/race/ohio-house-of-representatives-district-67-68596,True
2024,67,"General Election November 5, 2024",Drew McIlveen,Democratic,0.0,0.0,Withdrew,12/31/2024,,/oh/race/ohio-house-of-representatives-district-67-68596,False
2024,67,"Democratic Party Primary Election March 19, 2024",Drew McIlveen,Democratic,0.0,0.0,Advanced,12/31/2024,,/oh/race/ohio-house-of-representatives-district-67-68596,False
2024,67,"Republican Party Primary Election March 19, 2024",Melanie Miller,Republican,121271.06,82076.0,Advanced,12/31/2024,/oh/candidate/melanie-miller,/oh/race/ohio-house-of-representatives-district-67-68596,True
2024,68,"General Election November 5, 2024",Thaddeus Claggett,Republican,25655.0,8823.52,Won,12/31/2024,/oh/candidate/thaddeus-claggett,/oh/race/ohio-house-of-representatives-district-68-68597,True
2024,68,"General Election November 5, 2024",Michael Smith,Democratic,27400.54,23925.13,Lost,12/31/2024,/oh/candidate/michael-smith,/oh/race/ohio-house-of-representatives-district-68-68597,False
2024,68,"Democratic Party Primary Election March 19, 2024",Michael Smith,Democratic,27400.54,23925.13,Advanced,12/31/2024,/oh/candidate/michael-smith,/oh/race/ohio-house-of-representatives-district-68-68597,False
2024,68,"Republican Party Primary Election March 19, 2024",Thaddeus Claggett,Republican,25655.0,8823.52,Advanced,12/31/2024,/oh/candidate/thaddeus-claggett,/oh/race/ohio-house-of-representatives-district-68-68597,True
2024,69,"General Election November 5, 2024",Kevin Miller,Republican,914801.34,417871.11,Won,12/31/2024,/oh/candidate/kevin-miller,/oh/race/ohio-house-of-representatives-district-69-68598,True
2024,69,"General Election November 5, 2024",Jamie Hough,Democratic,16239.52,15377.46,Lost,12/31/2024,/oh/candidate/jamie-hough,/oh/race/ohio-house-of-representatives-district-69-68598,False
2024,69,"Democratic Party Primary Election March 19, 2024",Jamie Hough,Democratic,16239.52,15377.46,Advanced,12/31/2024,/oh/candidate/jamie-hough,/oh/race/ohio-house-of-representatives-district-69-68598,False
2024,69,"Republican Party Primary Election March 19, 2024",Kevin Miller,Republican,914801.34,417871.11,Advanced,12/31/2024,/oh/candidate/kevin-miller,/oh/race/ohio-house-of-representatives-district-69-68598,True
2024,69,"Republican Party Primary Election March 19, 2024",Daniel Kalmbach,Republican,162573.17,421901.8,Lost,12/31/2024,/oh/candidate/daniel-kalmbach,/oh/race/ohio-house-of-representatives-district-69-68598,False
2024,70,"General Election November 5, 2024",Brian Lampton,Republican,154182.55,126906.25,Won,12/31/2024,/oh/candidate/brian-lampton-12127,/oh/race/ohio-house-of-representatives-district-70-68600,True
2024,70,"General Election November 5, 2024",Joseph Wilson,Democratic,0.0,0.0,Lost,12/31/2024,,/oh/race/ohio-house-of-representatives-district-70-68600,False
2024,70,"Democratic Party Primary Election March 19, 2024",Joseph Wilson,Democratic,0.0,0.0,Advanced,12/31/2024,,/oh/race/ohio-house-of-representatives-district-70-68600,False
2024,70,"Republican Party Primary Election March 19, 2024",Brian Lampton,Republican,154182.55,126906.25,Advanced,12/31/2024,/oh/candidate/brian-lampton-12127,/oh/race/ohio-house-of-representatives-district-70-68600,True
2024,71,"General Election November 5, 2024",Levi Dean,Republican,105778.22,82014.5,Won,12/31/2024,/oh/candidate/levi-dean,/oh/race/ohio-house-of-representatives-district-71-68601,False
2024,71,"General Election November 5, 2024",Jim Duffee,Democratic,0.0,0.0,Withdrew,12/31/2024,/oh/candidate/jim-duffee,/oh/race/ohio-house-of-representatives-district-71-68601,False
2024,71,"General Election November 5, 2024",Krista Magaw,Democratic,49138.33,47379.31,Lost,12/31/2024,/oh/candidate/krista-magaw,/oh/race/ohio-house-of-representatives-district-71-68601,False
2024,71,"Democratic Party Primary Election March 19, 2024",Jim Duffee,Democratic,0.0,0.0,Advanced,12/31/2024,/oh/candidate/jim-duffee,/oh/race/ohio-house-of-representatives-district-71-68601,False
2024,71,"Republican Party Primary Election March 19, 2024",Levi Dean,Republican,105778.22,82014.5,Advanced,12/31/2024,/oh/candidate/levi-dean,/oh/race/ohio-house-of-representatives-district-71-68601,False
2024,71,"Republican Party Primary Election March 19, 2024",Joshua Day,Republican,35049.08,32594.46,Lost,12/31/2024,/oh/candidate/joshua-day,/oh/race/ohio-house-of-representatives-district-71-68601,False
2024,71,"Republican Party Primary Election March 19, 2024",Bob Fudge,Republican,22670.75,26712.35,Lost,12/31/2024,/oh/candidate/bob-fudge,/oh/race/ohio-house-of-representatives-district-71-68601,False
2024,71,"Republican Party Primary Election March 19, 2024",Tyler Scott,Republican,2177.05,2173.55,Lost,12/31/2024,/oh/candidate/tyler-scott,/oh/race/ohio-house-of-representatives-district-71-68601,False
2024,72,"General Election November 5, 2024",Heidi Workman,Republican,461064.45,222467.08,Won,12/31/2024,/oh/candidate/heidi-workman,/oh/race/ohio-house-of-representatives-district-72-68602,False
2024,72,"General Election November 5, 2024",Nathaniel Adams,Democratic,34554.76,35667.91,Lost,12/31/2024,/oh/candidate/nathaniel-adams,/oh/race/ohio-house-of-representatives-district-72-68602,False
2024,72,"Democratic Party Primary Election March 19, 2024",Nathaniel Adams,Democratic,34554.76,35667.91,Advanced,12/31/2024,/oh/candidate/nathaniel-adams,/oh/race/ohio-house-of-representatives-district-72-68602,False
2024,72,"Republican Party Primary Election March 19, 2024",Heidi Workman,Republican,461064.45,222467.08,Advanced,12/31/2024,/oh/candidate/heidi-workman,/oh/race/ohio-house-of-representatives-district-72-68602,False
2024,72,"Republican Party Primary Election March 19, 2024",Gail Pavliga,Republican,342757.86,141136.43,Lost,12/31/2024,/oh/candidate/gail-pavliga,/oh/race/ohio-house-of-representatives-district-72-68602,True
2024,73,"General Election November 5, 2024",Jeff LaRe,Republican,790302.45,579586.78,Won,12/31/2024,/oh/candidate/jeff-lare-15172,/oh/race/ohio-house-of-representatives-district-73-68603,True
2024,73,"General Election November 5, 2024",Michael Scarmack,Democratic,13452.43,12737.54,Lost,12/31/2024,/oh/candidate/michael-scarmack,/oh/race/ohio-house-of-representatives-district-73-68603,False
2024,73,"Democratic Party Primary Election March 19, 2024",Michael Scarmack Write-In,Democratic,13452.43,12737.54,Advanced,12/31/2024,/oh/candidate/michael-scarmack,/oh/race/ohio-house-of-representatives-district-73-68603,False
2024,73,"Republican Party Primary Election March 19, 2024",Jeff LaRe,Republican,790302.45,579586.78,Advanced,12/31/2024,/oh/candidate/jeff-lare-15172,/oh/race/ohio-house-of-representatives-district-73-68603,True
2024,73,"Republican Party Primary Election March 19, 2024",Austin Beigel,Republican,12370.0,3367.87,Withdrew,12/31/2024,/oh/candidate/austin-beigel,/oh/race/ohio-house-of-representatives-district-73-68603,False
2024,73,"Republican Party Primary Election March 19, 2024",Mike Tussey,Republican,25405.0,65292.82,Lost,12/31/2024,/oh/candidate/mike-tussey,/oh/race/ohio-house-of-representatives-district-73-68603,False
2024,74,"General Election November 5, 2024",Bernard Willis,Republican,11793.83,14122.28,Won,12/31/2024,/oh/candidate/bernard-willis,/oh/race/ohio-house-of-representatives-district-74-68604,True
2024,74,"General Election November 5, 2024",Derek Alvarado,Democratic,0.0,0.0,Lost,12/31/2024,,/oh/race/ohio-house-of-representatives-district-74-68604,False
2024,74,"Democratic Party Primary Election March 19, 2024",Derek Alvarado,Democratic,0.0,0.0,Advanced,12/31/2024,,/oh/race/ohio-house-of-representatives-district-74-68604,False
2024,74,"Republican Party Primary Election March 19, 2024",Bernard Willis,Republican,11793.83,14122.28,Advanced,12/31/2024,/oh/candidate/bernard-willis,/oh/race/ohio-house-of-representatives-district-74-68604,True
2024,75,"General Election November 5, 2024",Haraz Ghanbari,Republican,868139.33,404384.21,Won,12/31/2024,/oh/candidate/haraz-ghanbari-15163,/oh/race/ohio-house-of-representatives-district-75-68605,True
2024,75,"General Election November 5, 2024",Jan Materni,Democratic,22635.89,20338.77,Lost,12/31/2024,/oh/candidate/jan-materni,/oh/race/ohio-house-of-representatives-district-75-68605,False
2024,75,"Democratic Party Primary Election March 19, 2024",Jan Materni,Democratic,22635.89,20338.77,Advanced,12/31/2024,/oh/candidate/jan-materni,/oh/race/ohio-house-of-representatives-district-75-68605,False
2024,75,"Republican Party Primary Election March 19, 2024",Haraz Ghanbari,Republican,868139.33,404384.21,Advanced,12/31/2024,/oh/candidate/haraz-ghanbari-15163,/oh/race/ohio-house-of-representatives-district-75-68605,True
2024,75,"Republican Party Primary Election March 19, 2024",Sally Culling,Republican,228285.73,311414.78,Lost,12/31/2024,/oh/candidate/sally-culling,/oh/race/ohio-house-of-representatives-district-75-68605,False
2024,76,"General Election November 5, 2024",Marilyn John,Republican,135195.09,146038.24,Won,12/31/2024,/oh/candidate/marilyn-john-15208,/oh/race/ohio-house-of-representatives-district-76-68606,True
2024,76,"General Election November 5, 2024",Emily Adams,Democratic,37432.61,27889.71,Lost,12/31/2024,/oh/candidate/emily-adams,/oh/race/ohio-house-of-representatives-district-76-68606,False
2024,76,"General Election November 5, 2024",Alomar Davenport,Democratic,0.0,0.0,Withdrew,12/31/2024,,/oh/race/ohio-house-of-representatives-district-76-68606,False
2024,76,"General Election November 5, 2024",Tim Grady Write-In,Independent,0.0,0.0,Lost,12/31/2024,/oh/candidate/tim-grady,/oh/race/ohio-house-of-representatives-district-76-68606,False
2024,76,"Democratic Party Primary Election March 19, 2024",Alomar Davenport,Democratic,0.0,0.0,Advanced,12/31/2024,,/oh/race/ohio-house-of-representatives-district-76-68606,False
2024,76,"Republican Party Primary Election March 19, 2024",Marilyn John,Republican,135195.09,146038.24,Advanced,12/31/2024,/oh/candidate/marilyn-john-15208,/oh/race/ohio-house-of-representatives-district-76-68606,True
2024,77,"General Election November 5, 2024",Meredith Craig,Republican,107505.6,100141.74,Won,12/31/2024,/oh/candidate/meredith-craig,/oh/race/ohio-house-of-representatives-district-77-68607,False
2024,77,"General Election November 5, 2024",Mark Gooch,Democratic,34281.65,34302.61,Lost,12/31/2024,/oh/candidate/mark-gooch,/oh/race/ohio-house-of-representatives-district-77-68607,False
2024,77,"Democratic Party Primary Election March 19, 2024",Mark Gooch,Democratic,34281.65,34302.61,Advanced,12/31/2024,/oh/candidate/mark-gooch,/oh/race/ohio-house-of-representatives-district-77-68607,False
2024,77,"Republican Party Primary Election March 19, 2024",Meredith Craig,Republican,107505.6,100141.74,Advanced,12/31/2024,/oh/candidate/meredith-craig,/oh/race/ohio-house-of-representatives-district-77-68607,False
2024,77,"Republican Party Primary Election March 19, 2024",William Albright,Republican,34365.4,52621.15,Lost,12/31/2024,/oh/candidate/william-albright,/oh/race/ohio-house-of-representatives-district-77-68607,False
2024,77,"Republican Party Primary Election March 19, 2024",Dennis Finley,Republican,12671.53,12913.44,Lost,12/31/2024,/oh/candidate/dennis-finley,/oh/race/ohio-house-of-representatives-district-77-68607,False
2024,77,"Republican Party Primary Election March 19, 2024",Frank Grande,Republican,4950.0,6253.04,Lost,12/31/2024,/oh/candidate/frank-grande,/oh/race/ohio-house-of-representatives-district-77-68607,False
2024,77,"Republican Party Primary Election March 19, 2024",Josh Hlavaty,Republican,54410.0,51607.44,Lost,12/31/2024,/oh/candidate/josh-hlavaty,/oh/race/ohio-house-of-representatives-district-77-68607,False
2024,78,"General Election November 5, 2024",Matthew Huffman,Republican,2306960.57,2643622.85,Won,12/31/2024,/oh/candidate/matthew-huffman-10592,/oh/race/ohio-house-of-representatives-district-78-68608,False
2024,78,"Democratic Party Primary Election March 19, 2024",Dylan Gross,Democratic,3190.58,3190.58,Disqualified,12/31/2024,/oh/candidate/dylan-gross,/oh/race/ohio-house-of-representatives-district-78-68608,False
2024,78,"Republican Party Primary Election March 19, 2024",Matthew Huffman,Republican,2306960.57,2643622.85,Advanced,12/31/2024,/oh/candidate/matthew-huffman-10592,/oh/race/ohio-house-of-representatives-district-78-68608,False
2024,78,"Republican Party Primary Election March 19, 2024",Chris Walther,Republican,0.0,0.0,Disqualified,12/31/2024,,/oh/race/ohio-house-of-representatives-district-78-68608,False
2024,79,"General Election November 5, 2024",Monica Robb Blasdel,Republican,275730.83,216059.33,Won,12/31/2024,/oh/candidate/monica-robb-blasdel,/oh/race/ohio-house-of-representatives-district-79-68609,True
2024,79,"General Election November 5, 2024",Dan Votaw,Democratic,17436.86,14911.86,Lost,12/31/2024,/oh/candidate/dan-votaw,/oh/race/ohio-house-of-representatives-district-79-68609,False
2024,79,"Democratic Party Primary Election March 19, 2024",Dan Votaw,Democratic,17436.86,14911.86,Advanced,12/31/2024,/oh/candidate/dan-votaw,/oh/race/ohio-house-of-representatives-district-79-68609,False
2024,79,"Republican Party Primary Election March 19, 2024",Monica Robb Blasdel,Republican,275730.83,216059.33,Advanced,12/31/2024,/oh/candidate/monica-robb-blasdel,/oh/race/ohio-house-of-representatives-district-79-68609,True
2024,80,"General Election November 5, 2024",Johnathan Newman,Republican,44240.14,32412.21,Won,12/31/2024,/oh/candidate/johnathan-newman,/oh/race/ohio-house-of-representatives-district-80-68611,False
2024,80,"General Election November 5, 2024",Melissa Lay-Vandyke,Democratic,11412.82,11348.88,Lost,12/31/2024,/oh/candidate/melissa-lay-vandyke,/oh/race/ohio-house-of-representatives-district-80-68611,False
2024,80,"Democratic Party Primary Election March 19, 2024",Melissa Lay-Vandyke,Democratic,11412.82,11348.88,Advanced,12/31/2024,/oh/candidate/melissa-lay-vandyke,/oh/race/ohio-house-of-representatives-district-80-68611,False
2024,80,"Republican Party Primary Election March 19, 2024",Johnathan Newman,Republican,44240.14,32412.21,Advanced,12/31/2024,/oh/candidate/johnathan-newman,/oh/race/ohio-house-of-representatives-district-80-68611,False
2024,80,"Republican Party Primary Election March 19, 2024",Jena Powell,Republican,150.0,4471.2,Withdrew,12/31/2024,/oh/candidate/jena-powell-14860,/oh/race/ohio-house-of-representatives-district-80-68611,True
2024,81,"General Election November 5, 2024",James Hoops,Republican,235356.87,195723.85,Won,12/31/2024,/oh/candidate/james-hoops-568,/oh/race/ohio-house-of-representatives-district-81-68612,True
2024,81,"General Election November 5, 2024",Greg Adams,Democratic,0.0,0.0,Lost,12/31/2024,,/oh/race/ohio-house-of-representatives-district-81-68612,False
2024,81,"General Election November 5, 2024",Gene Redinger,Democratic,0.0,0.0,Withdrew,12/31/2024,,/oh/race/ohio-house-of-representatives-district-81-68612,False
2024,81,"Democratic Party Primary Election March 19, 2024",Gene Redinger Write-In,Democratic,0.0,0.0,Advanced,12/31/2024,,/oh/race/ohio-house-of-representatives-district-81-68612,False
2024,81,"Republican Party Primary Election March 19, 2024",James Hoops,Republican,235356.87,195723.85,Advanced,12/31/2024,/oh/candidate/james-hoops-568,/oh/race/ohio-house-of-representatives-district-81-68612,True
2024,82,"General Election November 5, 2024",Roy Klopfenstein,Republican,104765.92,97116.16,Won,12/31/2024,/oh/candidate/roy-klopfenstein,/oh/race/ohio-house-of-representatives-district-82-68613,True
2024,82,"General Election November 5, 2024",Magdalene Markward,Democratic,6429.98,3643.61,Lost,12/31/2024,/oh/candidate/magdalene-markward,/oh/race/ohio-house-of-representatives-district-82-68613,False
2024,82,"Democratic Party Primary Election March 19, 2024",Magdalene Markward,Democratic,6429.98,3643.61,Advanced,12/31/2024,/oh/candidate/magdalene-markward,/oh/race/ohio-house-of-representatives-district-82-68613,False
2024,82,"Republican Party Primary Election March 19, 2024",Roy Klopfenstein,Republican,104765.92,97116.16,Advanced,12/31/2024,/oh/candidate/roy-klopfenstein,/oh/race/ohio-house-of-representatives-district-82-68613,True
2024,83,"General Election November 5, 2024",Ty Mathews,Republican,324519.01,336821.11,Won,12/31/2024,/oh/candidate/ty-mathews,/oh/race/ohio-house-of-representatives-district-83-68614,False
2024,83,"General Election November 5, 2024",Sheila Coressel,Democratic,28044.39,26284.95,Lost,12/31/2024,/oh/candidate/sheila-coressel,/oh/race/ohio-house-of-representatives-district-83-68614,False
2024,83,"Democratic Party Primary Election March 19, 2024",Sheila Coressel,Democratic,28044.39,26284.95,Advanced,12/31/2024,/oh/candidate/sheila-coressel,/oh/race/ohio-house-of-representatives-district-83-68614,False
2024,83,"Republican Party Primary Election March 19, 2024",Ty Mathews,Republican,324519.01,336821.11,Advanced,12/31/2024,/oh/candidate/ty-mathews,/oh/race/ohio-house-of-representatives-district-83-68614,False
2024,83,"Republican Party Primary Election March 19, 2024",Jon Cross,Republican,572998.86,416588.73,Lost,12/31/2024,/oh/candidate/jon-cross-14627,/oh/race/ohio-house-of-representatives-district-83-68614,True
2024,84,"General Election November 5, 2024",Angela King,Republican,84337.3,63599.8,Won,12/31/2024,/oh/candidate/angela-king,/oh/race/ohio-house-of-representatives-district-84-68615,True
2024,84,"General Election November 5, 2024",Arienne Childrey,Democratic,24451.8,15144.66,Lost,12/31/2024,/oh/candidate/arienne-childrey,/oh/race/ohio-house-of-representatives-district-84-68615,False
2024,84,"Democratic Party Primary Election March 19, 2024",Arienne Childrey,Democratic,24451.8,15144.66,Advanced,12/31/2024,/oh/candidate/arienne-childrey,/oh/race/ohio-house-of-representatives-district-84-68615,False
2024,84,"Democratic Party Primary Election March 19, 2024",Heather Schmidt Write-In,Democratic,0.0,0.0,Lost,12/31/2024,,/oh/race/ohio-house-of-representatives-district-84-68615,False
2024,84,"Republican Party Primary Election March 19, 2024",Angela King,Republican,84337.3,63599.8,Advanced,12/31/2024,/oh/candidate/angela-king,/oh/race/ohio-house-of-representatives-district-84-68615,True
2024,85,"General Election November 5, 2024",Timothy Barhorst,Republican,219354.41,228709.72,Won,12/31/2024,/oh/candidate/timothy-barhorst-14674,/oh/race/ohio-house-of-representatives-district-85-68616,True
2024,85,"General Election November 5, 2024",Victoria Maddox,Democratic,7810.79,3223.2,Lost,12/31/2024,/oh/candidate/victoria-maddox,/oh/race/ohio-house-of-representatives-district-85-68616,False
2024,85,"Democratic Party Primary Election March 19, 2024",Victoria Maddox,Democratic,7810.79,3223.2,Advanced,12/31/2024,/oh/candidate/victoria-maddox,/oh/race/ohio-house-of-representatives-district-85-68616,False
2024,85,"Republican Party Primary Election March 19, 2024",Timothy Barhorst,Republican,219354.41,228709.72,Advanced,12/31/2024,/oh/candidate/timothy-barhorst-14674,/oh/race/ohio-house-of-representatives-district-85-68616,True
2024,86,"General Election November 5, 2024",Tracy Richardson,Republican,488593.01,163178.36,Won,12/31/2024,/oh/candidate/tracy-richardson-14679,/oh/race/ohio-house-of-representatives-district-86-68617,True
2024,86,"General Election November 5, 2024",Lesley Verbus,Democratic,35549.18,31199.24,Lost,12/31/2024,/oh/candidate/lesley-verbus,/oh/race/ohio-house-of-representatives-district-86-68617,False
2024,86,"Democratic Party Primary Election March 19, 2024",Lesley Verbus,Democratic,35549.18,31199.24,Advanced,12/31/2024,/oh/candidate/lesley-verbus,/oh/race/ohio-house-of-representatives-district-86-68617,False
2024,86,"Republican Party Primary Election March 19, 2024",Tracy Richardson,Republican,488593.01,163178.36,Advanced,12/31/2024,/oh/candidate/tracy-richardson-14679,/oh/race/ohio-house-of-representatives-district-86-68617,True
2024,86,"Republican Party Primary Election March 19, 2024",Wezlynn Davis,Republican,95365.93,134100.13,Lost,12/31/2024,/oh/candidate/wezlynn-davis,/oh/race/ohio-house-of-representatives-district-86-68617,False
2024,87,"General Election November 5, 2024",Riordan McClain,Republican,24100.0,37146.83,Won,12/31/2024,/oh/candidate/riordan-mcclain-14897,/oh/race/ohio-house-of-representatives-district-87-68618,True
2024,87,"General Election November 5, 2024",Craig Swartz,Democratic,15104.3,12041.04,Lost,12/31/2024,/oh/candidate/craig-swartz-12099,/oh/race/ohio-house-of-representatives-district-87-68618,False
2024,87,"Democratic Party Primary Election March 19, 2024",Craig Swartz,Democratic,15104.3,12041.04,Advanced,12/31/2024,/oh/candidate/craig-swartz-12099,/oh/race/ohio-house-of-representatives-district-87-68618,False
2024,87,"Republican Party Primary Election March 19, 2024",Riordan McClain,Republican,24100.0,37146.83,Advanced,12/31/2024,/oh/candidate/riordan-mcclain-14897,/oh/race/ohio-house-of-representatives-district-87-68618,True
2024,88,"General Election November 5, 2024",Gary Click,Republican,94224.52,100004.38,Won,12/31/2024,/oh/candidate/gary-click,/oh/race/ohio-house-of-representatives-district-88-68619,True
2024,88,"General Election November 5, 2024",Dianne Selvey,Democratic,11016.59,13626.98,Lost,12/31/2024,/oh/candidate/dianne-selvey,/oh/race/ohio-house-of-representatives-district-88-68619,False
2024,88,"Democratic Party Primary Election March 19, 2024",Dianne Selvey,Democratic,11016.59,13626.98,Advanced,12/31/2024,/oh/candidate/dianne-selvey,/oh/race/ohio-house-of-representatives-district-88-68619,False
2024,88,"Republican Party Primary Election March 19, 2024",Gary Click,Republican,94224.52,100004.38,Advanced,12/31/2024,/oh/candidate/gary-click,/oh/race/ohio-house-of-representatives-district-88-68619,True
2024,89,"General Election November 5, 2024",DJ Swearingen,Republican,647997.44,452939.86,Won,12/31/2024,/oh/candidate/douglas-swearingen-15195,/oh/race/ohio-house-of-representatives-district-89-68620,True
2024,89,"General Election November 5, 2024",Alicia Roshong,Democratic,87780.75,90818.09,Lost,12/31/2024,/oh/candidate/alicia-roshong,/oh/race/ohio-house-of-representatives-district-89-68620,False
2024,89,"Democratic Party Primary Election March 19, 2024",Alicia Roshong,Democratic,87780.75,90818.09,Advanced,12/31/2024,/oh/candidate/alicia-roshong,/oh/race/ohio-house-of-representatives-district-89-68620,False
2024,89,"Republican Party Primary Election March 19, 2024",DJ Swearingen,Republican,647997.44,452939.86,Advanced,12/31/2024,/oh/candidate/douglas-swearingen-15195,/oh/race/ohio-house-of-representatives-district-89-68620,True
2024,89,"Republican Party Primary Election March 19, 2024",Steven Kraus,Republican,27038.6,30299.26,Lost,12/31/2024,/oh/candidate/steven-kraus,/oh/race/ohio-house-of-representatives-district-89-68620,False
2024,90,"General Election November 5, 2024",Justin Pizzulli,Republican,684669.48,162631.59,Won,12/31/2024,/oh/candidate/justin-pizzulli,/oh/race/ohio-house-of-representatives-district-90-68622,True
2024,90,"General Election November 5, 2024",Kaitlyn Nunnelley,Democratic,15187.8,10260.24,Lost,12/31/2024,/oh/candidate/kaitlyn-nunnelley,/oh/race/ohio-house-of-representatives-district-90-68622,False
2024,90,"Democratic Party Primary Election March 19, 2024",Kaitlyn Nunnelley,Democratic,15187.8,10260.24,Advanced,12/31/2024,/oh/candidate/kaitlyn-nunnelley,/oh/race/ohio-house-of-representatives-district-90-68622,False
2024,90,"Republican Party Primary Election March 19, 2024",Justin Pizzulli,Republican,684669.48,162631.59,Advanced,12/31/2024,/oh/candidate/justin-pizzulli,/oh/race/ohio-house-of-representatives-district-90-68622,True
2024,90,"Republican Party Primary Election March 19, 2024",Gina Collinsworth,Republican,138139.81,135883.04,Lost,12/31/2024,/oh/candidate/gina-collinsworth,/oh/race/ohio-house-of-representatives-district-90-68622,False
2024,90,"Republican Party Primary Election March 19, 2024",Timothy Wheeler,Republican,15015.0,15014.94,Lost,12/31/2024,/oh/candidate/timothy-wheeler,/oh/race/ohio-house-of-representatives-district-90-68622,False
2024,91,"General Election November 5, 2024",Bob Peterson,Republican,131972.5,131813.32,Won,12/31/2024,/oh/candidate/bob-peterson-12961,/oh/race/ohio-house-of-representatives-district-91-68623,True
2024,91,"General Election November 5, 2024",Ellen Clark,Democratic,0.0,0.0,Lost,12/31/2024,,/oh/race/ohio-house-of-representatives-district-91-68623,False
2024,91,"Democratic Party Primary Election March 19, 2024",Ellen Clark,Democratic,0.0,0.0,Advanced,12/31/2024,,/oh/race/ohio-house-of-representatives-district-91-68623,False
2024,91,"Republican Party Primary Election March 19, 2024",Bob Peterson,Republican,131972.5,131813.32,Advanced,12/31/2024,/oh/candidate/bob-peterson-12961,/oh/race/ohio-house-of-representatives-district-91-68623,True
2024,92,"General Election November 5, 2024",Mark Johnson,Republican,103700.4,111863.01,Won,12/31/2024,/oh/candidate/mark-johnson-15220,/oh/race/ohio-house-of-representatives-district-92-68624,True
2024,92,"General Election November 5, 2024",Arthur Beatty,Democratic,13438.43,11609.48,Lost,12/31/2024,/oh/candidate/arthur-beatty,/oh/race/ohio-house-of-representatives-district-92-68624,False
2024,92,"Democratic Party Primary Election March 19, 2024",Arthur Beatty,Democratic,13438.43,11609.48,Advanced,12/31/2024,/oh/candidate/arthur-beatty,/oh/race/ohio-house-of-representatives-district-92-68624,False
2024,92,"Republican Party Primary Election March 19, 2024",Mark Johnson,Republican,103700.4,111863.01,Advanced,12/31/2024,/oh/candidate/mark-johnson-15220,/oh/race/ohio-house-of-representatives-district-92-68624,True
2024,93,"General Election November 5, 2024",Jason Stephens,Republican,2310202.45,1994251.84,Won,12/31/2024,/oh/candidate/jason-stephens-15242,/oh/race/ohio-house-of-representatives-district-93-68625,True
2024,93,"Republican Party Primary Election March 19, 2024",Jason Stephens,Republican,2310202.45,1994251.84,Advanced,12/31/2024,/oh/candidate/jason-stephens-15242,/oh/race/ohio-house-of-representatives-district-93-68625,True
2024,94,"General Election November 5, 2024",Kevin Ritter,Republican,130841.37,105014.33,Won,12/31/2024,/oh/candidate/kevin-ritter,/oh/race/ohio-house-of-representatives-district-94-68626,False
2024,94,"General Election November 5, 2024",Wenda Sheard,Democratic,60775.11,52256.51,Lost,12/31/2024,/oh/candidate/wenda-sheard,/oh/race/ohio-house-of-representatives-district-94-68626,False
2024,94,"General Election November 5, 2024",Andrea Neutzling Write-In,Independent,0.0,0.0,Lost,12/31/2024,,/oh/race/ohio-house-of-representatives-district-94-68626,False
2024,94,"Democratic Party Primary Election March 19, 2024",Wenda Sheard,Democratic,60775.11,52256.51,Advanced,12/31/2024,/oh/candidate/wenda-sheard,/oh/race/ohio-house-of-representatives-district-94-68626,False
2024,94,"Republican Party Primary Election March 19, 2024",Kevin Ritter,Republican,130841.37,105014.33,Advanced,12/31/2024,/oh/candidate/kevin-ritter,/oh/race/ohio-house-of-representatives-district-94-68626,False
2024,94,"Republican Party Primary Election March 19, 2024",Shannon Walker,Republican,23276.36,11625.14,Lost,12/31/2024,/oh/candidate/shannon-walker,/oh/race/ohio-house-of-representatives-district-94-68626,False
2024,95,"General Election November 5, 2024",Don Jones,Republican,281383.29,222912.81,Won,12/31/2024,/oh/candidate/don-jones-14851,/oh/race/ohio-house-of-representatives-district-95-68627,True
2024,95,"General Election November 5, 2024",Lish Greiner,Democratic,0.0,0.0,Withdrew,12/31/2024,/oh/candidate/lish-greiner,/oh/race/ohio-house-of-representatives-district-95-68627,False
2024,95,"General Election November 5, 2024",Micah McCarey,Democratic,31794.11,26464.54,Lost,12/31/2024,/oh/candidate/micah-mccarey,/oh/race/ohio-house-of-representatives-district-95-68627,False
2024,95,"Democratic Party Primary Election March 19, 2024",Lish Greiner,Democratic,0.0,0.0,Advanced,12/31/2024,/oh/candidate/lish-greiner,/oh/race/ohio-house-of-representatives-district-95-68627,False
2024,95,"Republican Party Primary Election March 19, 2024",Don Jones,Republican,281383.29,222912.81,Advanced,12/31/2024,/oh/candidate/don-jones-14851,/oh/race/ohio-house-of-representatives-district-95-68627,True
2024,95,"Republican Party Primary Election March 19, 2024",Nelson Roe,Republican,1334.23,110.63,Lost,12/31/2024,/oh/candidate/nelson-roe,/oh/race/ohio-house-of-representatives-district-95-68627,False
2024,96,"General Election November 5, 2024",Ron Ferguson,Republican,87755.37,83536.27,Won,12/31/2024,/oh/candidate/ron-ferguson-14049,/oh/race/ohio-house-of-representatives-district-96-68628,True
2024,96,"Republican Party Primary Election March 19, 2024",Ron Ferguson,Republican,87755.37,83536.27,Advanced,12/31/2024,/oh/candidate/ron-ferguson-14049,/oh/race/ohio-house-of-representatives-district-96-68628,True
2024,97,"General Election November 5, 2024",Adam Holmes,Republican,67662.47,58456.41,Won,12/31/2024,/oh/candidate/adam-holmes-15161,/oh/race/ohio-house-of-representatives-district-97-68629,True
2024,97,"General Election November 5, 2024",Scott Wilson,Independent,14750.0,14750.0,Lost,12/31/2024,/oh/candidate/scott-wilson,/oh/race/ohio-house-of-representatives-district-97-68629,False
2024,97,"Republican Party Primary Election March 19, 2024",Adam Holmes,Republican,67662.47,58456.41,Advanced,12/31/2024,/oh/candidate/adam-holmes-15161,/oh/race/ohio-house-of-representatives-district-97-68629,True
2024,98,"General Election November 5, 2024",Mark Hiner,Republican,53361.23,165461.49,Won,12/31/2024,/oh/candidate/mark-hiner,/oh/race/ohio-house-of-representatives-district-98-68630,False
2024,98,"General Election November 5, 2024",Annie Homstad,Democratic,13625.77,13071.51,Lost,12/31/2024,/oh/candidate/annie-homstad,/oh/race/ohio-house-of-representatives-district-98-68630,False
2024,98,"Democratic Party Primary Election March 19, 2024",Annie Homstad,Democratic,13625.77,13071.51,Advanced,12/31/2024,/oh/candidate/annie-homstad,/oh/race/ohio-house-of-representatives-district-98-68630,False
2024,98,"Republican Party Primary Election March 19, 2024",Mark Hiner,Republican,53361.23,165461.49,Advanced,12/31/2024,/oh/candidate/mark-hiner,/oh/race/ohio-house-of-representatives-district-98-68630,False
2024,98,"Republican Party Primary Election March 19, 2024",Brandon Lape,Republican,1742.12,2142.36,Lost,12/31/2024,/oh/candidate/brandon-lape,/oh/race/ohio-house-of-representatives-district-98-68630,False
2024,98,"Republican Party Primary Election March 19, 2024",Scott Pullins,Republican,28868.17,37654.59,Lost,12/31/2024,/oh/candidate/scott-pullins,/oh/race/ohio-house-of-representatives-district-98-68630,False
2024,99,"General Election November 5, 2024",Sarah Fowler,Republican,21260.28,28499.12,Won,12/31/2024,/oh/candidate/sarah-fowler-13808,/oh/race/ohio-house-of-representatives-district-99-68631,True
2024,99,"General Election November 5, 2024",Louis Murphy,Democratic,18408.43,8676.04,Lost,12/31/2024,/oh/candidate/louis-murphy,/oh/race/ohio-house-of-representatives-district-99-68631,False
2024,99,"Democratic Party Primary Election March 19, 2024",Louis Murphy,Democratic,18408.43,8676.04,Advanced,12/31/2024,/oh/candidate/louis-murphy,/oh/race/ohio-house-of-representatives-district-99-68631,False
2024,99,"Republican Party Primary Election March 19, 2024",Sarah Fowler,Republican,21260.28,28499.12,Advanced,12/31/2024,/oh/candidate/sarah-fowler-13808,/oh/race/ohio-house-of-representatives-district-99-68631,True
