state,party,name,wiki_title,tier,office,start,end,source
VT,R,Phil Scott,Phil Scott,4,81st Lieutenant Governor of Vermont,2011,2017,linked
VT,R,Phil Scott,Phil Scott,3,State legislature,2001,2011,linked
MA,R,Charlie Baker,Charlie Baker,1,Secretary of Administration and Finance of Massachusetts,1994,1998,linked
MA,R,Charlie Baker,Charlie Baker,1,Secretary of Health and Human Services of Massachusetts,1992,1994,linked
MA,R,Charlie Baker,Charlie Baker,1,6th President of the National Collegiate Athletic Association,2023,,linked
TX,D,Henry Cuellar,Henry Cuellar,4,102nd Secretary of State of Texas,2001,2001,linked
TX,D,Henry Cuellar,Henry Cuellar,3,Member of the Texas House of Representatives,1987,2001,linked
TX,D,Henry Cuellar,Henry Cuellar,4,U.S. House,2005,,linked
NY,D,Nita Lowey,Nita Lowey,1,Chair of the House Appropriations Committee,2019,2021,linked
WV,D,Jim Justice,Jim Justice,5,Justice's voice,2025,,linked
MD,R,Larry Hogan,Larry Hogan,1,Chair of the National Governors Association,2019,2020,linked
MD,R,Larry Hogan,Larry Hogan,1,Secretary of Appointments of Maryland,2003,2007,linked
IL,D,Daniel Lipinski,Dan Lipinski,4,U.S. House,2005,2021,linked
AZ,D,Ruben Gallego,Ruben Gallego,3,Member of the Arizona House of Representatives,2011,2014,linked
AZ,D,Ruben Gallego,Ruben Gallego,5,Gallego's voice,2025,,linked
AL,D,Nathan Mathis,Nathan Mathis,3,Member of the Alabama House of Representatives,1983,1995,linked
KY,D,Andy Beshear,Andy Beshear,4,50th Attorney General of Kentucky,2016,2019,linked
GA,R,Tom Price,Tom Price (American politician),1,Chair of the House Budget Committee,2015,2017,linked
GA,R,Tom Price,Tom Price (American politician),4,U.S. House,2005,2017,linked
GA,R,Tom Price,Tom Price (American politician),3,Majority Leader of the Georgia Senate,2002,2003,linked
GA,R,Tom Price,Tom Price (American politician),3,State legislature,1997,2005,linked
GA,R,Tom Price,Tom Price (American politician),1,23rd United States Secretary of Health and Human Services,2017,2017,linked
NY,D,Grace Meng,Grace Meng,4,U.S. House,2013,,linked
NY,D,Grace Meng,Grace Meng,3,State legislature,2009,2012,linked
NH,R,Chris Sununu,Chris Sununu,4,Member of the New Hampshire Executive Council from the 3rd district,2011,2017,linked
NH,R,Chris Sununu,Chris Sununu,5,82nd Governor of New Hampshire,2017,2025,linked
HI,D,Tulsi Gabbard,Tulsi Gabbard,4,U.S. House,2013,2021,linked
HI,D,Tulsi Gabbard,Tulsi Gabbard,1,Vice Chair of the Democratic National Committee,2013,2016,linked
HI,D,Tulsi Gabbard,Tulsi Gabbard,2,Member of the Honolulu City Council from the 6th district,2011,2012,linked
HI,D,Tulsi Gabbard,Tulsi Gabbard,3,State legislature,2002,2004,linked
HI,D,Tulsi Gabbard,Tulsi Gabbard,1,Gabbard's voice,2025,2026,linked
MN,D,Collin Peterson,Collin Peterson,4,U.S. House,1991,2021,linked
MN,D,Collin Peterson,Collin Peterson,3,State legislature,1977,1987,linked
MN,D,Collin Peterson,Collin Peterson,1,Chair of the House Agriculture Committee,2019,2021,linked
NY,D,Joseph Crowley,Joe Crowley,1,Vice Chair of the House Democratic Caucus,2013,2017,linked
NY,D,Joseph Crowley,Joe Crowley,3,State legislature,1987,1998,linked
NY,D,Joseph Crowley,Joe Crowley,1,Chair of the House Democratic Caucus,2017,2019,linked
WV,D,Joe Manchin,Joe Manchin,1,Chair of the Senate Energy Committee,2021,2025,linked
WV,D,Joe Manchin,Joe Manchin,1,Ranking Member of the Senate Energy Committee,2019,2021,linked
WV,D,Joe Manchin,Joe Manchin,1,Chair of the National Governors Association,2010,2010,linked
WV,D,Joe Manchin,Joe Manchin,4,27th Secretary of State of West Virginia,2001,2005,linked
WV,D,Joe Manchin,Joe Manchin,3,Member of the West Virginia Senate,1986,1996,linked
WV,D,Joe Manchin,Joe Manchin,3,State legislature,1982,1986,linked
WV,D,Joe Manchin,Joe Manchin,5,Joe Manchin's voice,2010,2025,linked
NY,R,John Katko,John Katko,4,U.S. House,2015,2023,linked
NY,R,John Katko,John Katko,1,Ranking Member of the House Homeland Security Committee,2021,2023,linked
OH,R,Patrick Tiberi,Pat Tiberi,4,U.S. House,2001,2018,linked
OH,R,Patrick Tiberi,Pat Tiberi,3,State legislature,1993,2000,linked
OH,R,Patrick Tiberi,Pat Tiberi,1,Chair of the Joint Economic Committee,2017,2018,linked
CA,R,Juan Hidalgo,,,,,,none
CA,R,Evan Low,Evan Low,2,Mayor of Campbell,2009,2014,linked
CA,R,Evan Low,Evan Low,3,Member of the California State Assembly,2014,2024,linked
MN,R,Erik Paulsen,Erik Paulsen,4,U.S. House,2009,2019,linked
MN,R,Erik Paulsen,Erik Paulsen,3,Majority Leader of the Minnesota House of Representatives,2003,2007,linked
MN,R,Erik Paulsen,Erik Paulsen,3,State legislature,1995,2009,linked
MN,R,Erik Paulsen,Erik Paulsen,1,Chair of the Joint Economic Committee,2018,2019,linked
NJ,D,Bill Pascrell,Bill Pascrell,2,Mayor of Paterson,1990,1997,linked
NJ,D,Bill Pascrell,Bill Pascrell,3,State legislature,1988,1997,linked
NJ,D,Bill Pascrell,Bill Pascrell,1,Pascrell's voice,1997,2024,linked
TX,D,Vicente Gonzalez,Vicente Gonzalez (American politician),0,,,,linked
OK,D,Joy Hofmeister,Joy Hofmeister,4,14th Oklahoma Superintendent of Public Instruction,2015,2023,linked
MI,D,Daniel Kildee,Dan Kildee,1,Kildee's voice,2013,2025,linked
IL,R,Robert Dold,Bob Dold,4,U.S. House,2015,2017,linked
MN,R,Lacy Johnson,,,,,,none
NY,D,Max Rose,Max Rose,4,U.S. House,2019,2021,linked
VA,R,Scott Taylor,Scott Taylor (politician),3,State legislature,2014,2017,linked
VA,R,Scott Taylor,Scott Taylor (politician),4,U.S. House,2017,2019,linked
OH,D,Tim Ryan,Tim Ryan (Ohio politician),3,State legislature,2001,2002,linked
TX,R,Ted Poe,Ted Poe,4,U.S. House,2005,2019,linked
GA,R,Rob Woodall,Rob Woodall,4,U.S. House,2011,2021,linked
GA,R,Rob Woodall,Rob Woodall,1,Chair of the Republican Study Committee,2014,2015,linked
MS,D,Brandon Presley,Brandon Presley,2,Mayor of Nettleton,2001,2007,linked
MS,D,Brandon Presley,Brandon Presley,4,Member of the Mississippi Public Service Commission from the Northern district,2008,2024,linked
NY,D,Alexandria Ocasio-Cortez,Alexandria Ocasio-Cortez,4,U.S. House,2019,,linked
OR,R,Greg Walden,Greg Walden,1,Chair of the House Energy and Commerce Committee,2017,2019,linked
OR,R,Greg Walden,Greg Walden,1,Chair of the National Republican Congressional Committee,2013,2017,linked
OR,R,Greg Walden,Greg Walden,4,U.S. House,1999,2021,linked
OR,R,Greg Walden,Greg Walden,3,State legislature,1995,1997,linked
OR,R,Greg Walden,Greg Walden,3,State legislature,1989,1995,linked
OR,R,Greg Walden,Greg Walden,1,Ranking Member of the House Energy and Commerce Committee,2019,2021,linked
IN,R,Susan Brooks,Susan Brooks,4,U.S. House,2013,2021,linked
IN,R,Susan Brooks,Susan Brooks,1,United States Attorney for the Southern District of Indiana,2001,2007,linked
IN,R,Susan Brooks,Susan Brooks,1,Chair of the House Ethics Committee,2017,2019,linked
CA,D,Raul Ruiz,Raul Ruiz (politician),0,,,,linked
WA,R,David Reichert,Dave Reichert,2,30th Sheriff of King County,1997,2005,linked
WA,R,David Reichert,Dave Reichert,4,U.S. House,2005,2019,linked
CA,D,Andrew Janz,,,,,,none
MD,R,Kimberly Klacik,Kimberly Klacik,0,,,,linked
KS,D,Laura Kelly,Laura Kelly,3,State legislature,2005,2019,linked
LA,D,John Bel Edwards,John Bel Edwards,3,Minority Leader of the Louisiana House of Representatives,2012,2015,linked
LA,D,John Bel Edwards,John Bel Edwards,3,State legislature,2008,2015,linked
CO,R,Mike Coffman,Mike Coffman,4,U.S. House,2009,2019,linked
CO,R,Mike Coffman,Mike Coffman,4,35th Secretary of State of Colorado,2007,2009,linked
CO,R,Mike Coffman,Mike Coffman,4,Treasurer of Colorado,2006,2007,linked
CO,R,Mike Coffman,Mike Coffman,3,State legislature,1994,1999,linked
CO,R,Mike Coffman,Mike Coffman,3,State legislature,1993,1994,linked
CO,R,Mike Coffman,Mike Coffman,3,State legislature,1989,1993,linked
CO,R,Mike Coffman,Mike Coffman,2,Mayor of Aurora,2019,,linked
CA,R,Antonio Delgado,,,,,,none
WI,R,Paul Ryan,Paul Ryan,1,Leader of the House Republican Conference,2015,2019,linked
WI,R,Paul Ryan,Paul Ryan,1,Chair of the House Ways and Means Committee,2015,2015,linked
WI,R,Paul Ryan,Paul Ryan,1,Chair of the House Budget Committee,2011,2015,linked
WI,R,Paul Ryan,Paul Ryan,4,U.S. House,1999,2019,linked
WI,R,Paul Ryan,Paul Ryan,4,54th Speaker of the United States House of Representatives,2015,2019,linked
NJ,D,Albio Sires,Albio Sires,3,167th Speaker of the New Jersey General Assembly,2002,2006,linked
NJ,D,Albio Sires,Albio Sires,3,State legislature,2000,2006,linked
NJ,D,Albio Sires,Albio Sires,2,Mayor of West New York,2023,,linked
NC,D,Josh Stein,Josh Stein,4,51st Attorney General of North Carolina,2017,2025,linked
NC,D,Josh Stein,Josh Stein,3,State legislature,2009,2016,linked
TX,R,Kenny Marchant,Kenny Marchant,4,U.S. House,2005,2021,linked
TX,R,Kenny Marchant,Kenny Marchant,3,Member of the Texas House of Representatives,1987,2005,linked
TX,R,Kenny Marchant,Kenny Marchant,1,Ranking Member of the House Ethics Committee,2019,2021,linked
UT,I,Evan McMullin,Evan McMullin,0,,,,linked
PA,D,Art Halvorson,,,,,,none
ND,R,Doug Burgum,Doug Burgum,1,55th United States Secretary of the Interior,2025,,linked
NY,D,Nydia Velázquez,Nydia Velázquez,1,Chair of the House Small Business Committee,2019,2023,linked
NY,D,Nydia Velázquez,Nydia Velázquez,2,Member of the New York City Council from the 27th district,1984,1985,linked
NY,D,Nydia Velázquez,Nydia Velázquez,1,Ranking Member of the House Small Business Committee,2023,,linked
KS,R,Kevin Yoder,Kevin Yoder,3,State legislature,2003,2011,linked
KS,R,Kevin Yoder,Kevin Yoder,4,U.S. House,2011,2019,linked
CT,R,Bob Stefanowski,Bob Stefanowski,0,,,,linked
NY,D,Chuck Schumer,Chuck Schumer,3,Senate Minority Leader,2025,,linked
NY,D,Chuck Schumer,Chuck Schumer,3,Senate Majority Leader,2021,2025,linked
NY,D,Chuck Schumer,Chuck Schumer,3,Leader of the Senate Democratic Caucus,2017,,linked
NY,D,Chuck Schumer,Chuck Schumer,1,Chair of the Senate Democratic Policy Committee,2011,2017,linked
NY,D,Chuck Schumer,Chuck Schumer,1,Chair of the Senate Rules Committee,2009,2015,linked
NY,D,Chuck Schumer,Chuck Schumer,1,Vice Chair of the Senate Democratic Caucus,2007,2017,linked
NY,D,Chuck Schumer,Chuck Schumer,1,Chair of the Democratic Senatorial Campaign Committee,2005,2009,linked
NY,D,Chuck Schumer,Chuck Schumer,3,State legislature,1975,1980,linked
NY,D,Chuck Schumer,Chuck Schumer,5,Schumer's voice,1999,,linked
IL,D,Cheri Bustos,Cheri Bustos,1,Chair of the Democratic Congressional Campaign Committee,2019,2021,linked
IL,D,Cheri Bustos,Cheri Bustos,1,Co-Chair of the Democratic Policy and Communications Committee,2017,2019,linked
IL,D,Cheri Bustos,Cheri Bustos,4,U.S. House,2013,2023,linked
IL,D,Cheri Bustos,Cheri Bustos,1,Co-Chair of the House Democratic Steering Committee,2021,2023,linked
NY,D,Brian Higgins,Brian Higgins,3,State legislature,1999,2004,linked
NY,D,Brian Higgins,Brian Higgins,2,Member of the Buffalo Common Council from the South district,1988,1993,linked
PA,R,Patrick Meehan,Pat Meehan,1,United States Attorney for the Eastern District of Pennsylvania,2001,2008,linked
PA,R,Patrick Meehan,Pat Meehan,2,District Attorney of Delaware County,1996,2001,linked
PA,R,Patrick Meehan,Pat Meehan,4,U.S. House,2011,2018,linked
SD,D,Billie Sutton,Billie Sutton,3,State legislature,2011,2019,linked
SD,D,Billie Sutton,Billie Sutton,3,Minority Leader of the South Dakota Senate,2015,2019,linked
OH,R,Mike Turner,Mike Turner,1,Ranking Member of the House Intelligence Committee,2022,2023,linked
OH,R,Mike Turner,Mike Turner,3,President of the NATO Parliamentary Assembly,2014,2016,linked
OH,R,Mike Turner,Mike Turner,2,53rd Mayor of Dayton,1994,2002,linked
OH,R,Mike Turner,Mike Turner,1,Chair of the House Intelligence Committee,2023,2025,linked
IA,D,Scholten,J. D. Scholten,3,State legislature,2023,,linked
CA,R,Dana Rohrabacher,Dana Rohrabacher,0,,,,linked
MO,D,Jason Kander,Jason Kander,3,State legislature,2009,2013,linked
MO,D,Jason Kander,Jason Kander,4,39th Secretary of State of Missouri,2013,2017,linked
IL,R,Peter Roskam,Peter Roskam,4,U.S. House,2007,2019,linked
IL,R,Peter Roskam,Peter Roskam,1,House Republican Chief Deputy Whip,2011,2014,linked
IL,R,Peter Roskam,Peter Roskam,3,State legislature,2000,2007,linked
IL,R,Peter Roskam,Peter Roskam,3,State legislature,1993,1999,linked
IL,R,Peter Roskam,Peter Roskam,1,Chair of the National Endowment for Democracy,2025,,linked
ND,R,John Hoeven,John Hoeven,1,Chair of the Senate Indian Affairs Committee,2017,2021,linked
ND,R,John Hoeven,John Hoeven,5,United States Senator,2011,,linked
WI,R,James Sensenbrenner,Jim Sensenbrenner,1,Chair of the House Science Committee,1997,2001,linked
WI,R,James Sensenbrenner,Jim Sensenbrenner,3,State legislature,1975,1979,linked
WI,R,James Sensenbrenner,Jim Sensenbrenner,3,Member of the Wisconsin State Assembly,1973,1975,linked
WI,R,James Sensenbrenner,Jim Sensenbrenner,1,Chair of the House Judiciary Committee,2001,2007,linked
MI,R,Justin Amash,Justin Amash,3,State legislature,2009,2011,linked
MI,R,Justin Amash,Justin Amash,4,U.S. House,2011,2021,linked
ND,D,Katrina Christiansen,,,,,,none
TX,D,Filemon Vela,Filemon Vela Jr.,4,U.S. House,2013,2022,linked
NE,R,Jeff Fortenberry,Jeff Fortenberry,4,U.S. House,2005,2022,linked
MI,R,Fred Upton,Fred Upton,1,Chair of the House Energy and Commerce Committee,2011,2017,linked
TN,D,Jim Cooper,Jim Cooper,0,,,,linked
CA,R,John Briscoe,,,,,,none
AK,R,Lisa Murkowski,Lisa Murkowski,1,Chair of the Senate Indian Affairs Committee,2025,,linked
AK,R,Lisa Murkowski,Lisa Murkowski,1,Vice Chair of the Senate Indian Affairs Committee,2021,2025,linked
AK,R,Lisa Murkowski,Lisa Murkowski,1,Chair of the Senate Energy Committee,2015,2021,linked
AK,R,Lisa Murkowski,Lisa Murkowski,1,Ranking Member of the Senate Energy Committee,2009,2015,linked
AK,R,Lisa Murkowski,Lisa Murkowski,1,Vice Chair of the Senate Republican Conference,2009,2010,linked
AK,R,Lisa Murkowski,Lisa Murkowski,3,State legislature,1999,2002,linked
AK,R,Lisa Murkowski,Lisa Murkowski,5,Murkowski's voice,2002,,linked
TN,D,Steven Reynolds,,,,,,none
MT,D,Steve Bullock,Steve Bullock (American politician),1,Chair of the National Governors Association,2018,2019,linked
MT,D,Steve Bullock,Steve Bullock (American politician),4,23rd Attorney General of Montana,2009,2013,linked
PA,D,Josh Shapiro,Josh Shapiro,4,Attorney General of Pennsylvania,2017,2023,linked
PA,D,Josh Shapiro,Josh Shapiro,2,Chair of the Montgomery County Board of Commissioners,2012,2017,linked
PA,D,Josh Shapiro,Josh Shapiro,3,State legislature,2005,2012,linked
NE,I,Dan Osborn,Dan Osborn,0,,,,linked
ND,D,Heidi Heitkamp,Heidi Heitkamp,4,28th Attorney General of North Dakota,1992,2000,linked
ND,D,Heidi Heitkamp,Heidi Heitkamp,4,20th Tax Commissioner of North Dakota,1986,1992,linked
ND,D,Heidi Heitkamp,Heidi Heitkamp,5,United States Senator,2013,2019,linked
CO,R,Nicholas Morse,,,,,,none
FL,R,John Rutherford,John Rutherford (Florida politician),2,4th Sheriff of Jacksonville,2003,2015,linked
AK,D,Mary Peltola,Mary Peltola,4,U.S. House,2022,2025,linked
AK,D,Mary Peltola,Mary Peltola,3,Member of the Alaska House of Representatives,1999,2009,linked
AK,D,Mary Peltola,Mary Peltola,1,Co-Chair of the Blue Dog Coalition for Policy,2023,2025,linked
TX,R,Sam Johnson,Sam Johnson,1,Chair of the House Ways and Means Committee,2015,2015,linked
TX,R,Sam Johnson,Sam Johnson,3,State legislature,1985,1991,linked
TX,R,Sam Johnson,Sam Johnson,4,U.S. House,1991,,linked
NJ,R,Rodney Frelinghuysen,Rodney Frelinghuysen,4,U.S. House,1995,2019,linked
NJ,R,Rodney Frelinghuysen,Rodney Frelinghuysen,3,State legislature,1984,1995,linked
NJ,R,Rodney Frelinghuysen,Rodney Frelinghuysen,1,Chair of the House Appropriations Committee,2017,2019,linked
WV,D,Mark Hunt,Mark Hunt (politician),3,State legislature,2022,2025,linked
WV,D,Mark Hunt,Mark Hunt (politician),3,Member of the West Virginia House of Delegates,2004,2014,linked
WV,D,Mark Hunt,Mark Hunt (politician),4,Auditor of West Virginia,2025,,linked
CT,D,Rosa DeLauro,Rosa DeLauro,1,Ranking Member of the House Appropriations Committee,2023,,linked
CT,D,Rosa DeLauro,Rosa DeLauro,1,Chair of the House Appropriations Committee,2021,2023,linked
CT,D,Rosa DeLauro,Rosa DeLauro,1,Co-Chair of the House Democratic Steering Committee,2003,2021,linked
CT,D,Rosa DeLauro,Rosa DeLauro,4,U.S. House,1991,,linked
FL,D,Lois Frankel,Lois Frankel,2,Mayor of West Palm Beach,2003,2011,linked
FL,D,Lois Frankel,Lois Frankel,3,Member of the Florida House of Representatives,1994,2002,linked
FL,D,Lois Frankel,Lois Frankel,1,Frankel's voice,2013,,linked
OH,D,Marcy Kaptur,Marcy Kaptur,4,U.S. House,1983,,linked
NY,R,Elise Stefanik,Elise Stefanik,1,Chair of the House Republican Conference,2021,2025,linked
NY,R,Elise Stefanik,Elise Stefanik,4,Elise Stefanik's voice,2015,,linked
AZ,R,Martha McSally,Martha McSally,4,U.S. House,2015,2019,linked
AZ,R,Martha McSally,Martha McSally,5,United States Senator,2019,2020,linked
WA,R,Jaime Herrera Beutler,Jaime Herrera Beutler,3,State legislature,2007,2011,linked
WA,R,Jaime Herrera Beutler,Jaime Herrera Beutler,4,U.S. House,2011,2023,linked
MD,R,Mark Plaster,,,,,,none
HI,D,Colleen Wakako Hanabusa,Colleen Hanabusa,3,11th President of the Hawaii Senate,2009,2010,linked
HI,D,Colleen Wakako Hanabusa,Colleen Hanabusa,3,State legislature,1999,2010,linked
HI,D,Colleen Wakako Hanabusa,Colleen Hanabusa,4,U.S. House,2016,,linked
HI,D,Brian Schatz,Brian Schatz,1,Vice Chair of the Senate Indian Affairs Committee,2025,,linked
HI,D,Brian Schatz,Brian Schatz,1,Chair of the Senate Indian Affairs Committee,2021,2025,linked
HI,D,Brian Schatz,Brian Schatz,5,United States Senator,2012,,linked
HI,D,Brian Schatz,Brian Schatz,4,12th Lieutenant Governor of Hawaii,2010,2012,linked
HI,D,Brian Schatz,Brian Schatz,1,Chair of the Hawaii Democratic Party,2008,2010,linked
HI,D,Brian Schatz,Brian Schatz,3,Member of the Hawaii House of Representatives,1998,2006,linked
HI,D,Brian Schatz,Brian Schatz,1,Deputy Secretary of the Senate Democratic Caucus,2023,,linked
CA,D,Norma Torres,Norma Torres,3,State legislature,2013,2014,linked
CA,D,Norma Torres,Norma Torres,3,Member of the California State Assembly,2008,2013,linked
CA,D,Norma Torres,Norma Torres,2,Mayor of Pomona,2006,2008,linked
CA,D,Norma Torres,Norma Torres,2,Member of the Pomona City Council from the 6th district,2001,2006,linked
CA,D,Norma Torres,Norma Torres,4,U.S. House,2015,,linked
NJ,D,Frank Pallone,Frank Pallone,1,Chair of the House Energy and Commerce Committee,2019,2023,linked
NJ,D,Frank Pallone,Frank Pallone,3,State legislature,1984,1988,linked
NJ,D,Frank Pallone,Frank Pallone,1,Ranking Member of the House Energy and Commerce Committee,2023,,linked
KY,D,Jim Gray,Jim Gray (American politician),2,Mayor of Lexington,2011,2019,linked
KY,D,Jim Gray,Jim Gray (American politician),1,Secretary of Transportation of Kentucky,2019,2026,linked
CA,R,Justin James Aguilera,,,,,,none
GA,R,David Callahan,,,,,,none
FL,D,Darren Soto,Darren Soto,3,State legislature,2012,2016,linked
FL,D,Darren Soto,Darren Soto,3,State legislature,2007,2012,linked
FL,D,Darren Soto,Darren Soto,4,U.S. House,2017,,linked
NJ,R,Anthony Valdes,,,,,,none
MD,D,Heather Mizeur,Heather Mizeur,3,State legislature,2007,2015,linked
IN,D,John Gregg,John R. Gregg,3,Speaker of the Indiana House of Representatives,1996,2003,linked
IN,D,John Gregg,John R. Gregg,3,State legislature,1987,2003,linked
IN,D,John Gregg,John R. Gregg,1,President of Vincennes University {{small|Acting}},2003,2004,linked
FL,D,Theodore Deutch,Ted Deutch,1,Chair of the House Ethics Committee,2019,2022,linked
FL,D,Theodore Deutch,Ted Deutch,3,State legislature,2006,2010,linked
FL,D,Theodore Deutch,Ted Deutch,1,CEO of the American Jewish Committee,2022,,linked
MN,R,Greg Ryan,,,,,,none
IL,R,Rodney Davis,Rodney Davis (politician),4,U.S. House,2013,2023,linked
IL,R,Rodney Davis,Rodney Davis (politician),1,Ranking Member of the House Administration Committee,2019,2023,linked
PA,R,Ryan Costello,Ryan Costello,2,Member of the Chester County Board of Commissioners,2011,2014,linked
PA,R,Ryan Costello,Ryan Costello,2,Recorder of Deeds of Chester County,2008,2011,linked
PA,R,Ryan Costello,Ryan Costello,4,U.S. House,2015,2019,linked
CA,R,Duncan Hunter,Duncan D. Hunter,0,,,,linked
CA,D,Linda Sánchez,Linda Sánchez,1,Vice Chair of the House Democratic Caucus,2017,2019,linked
HI,R,Andria Tupola,Andria Tupola,2,Member of the Honolulu City Council from the 1st district,2021,,linked
HI,R,Andria Tupola,Andria Tupola,3,Minority Leader of the Hawaii House of Representatives,2017,2018,linked
HI,R,Andria Tupola,Andria Tupola,3,State legislature,2014,2018,linked
AZ,R,David Schweikert,David Schweikert,3,State legislature,1991,1995,linked
AZ,R,David Schweikert,David Schweikert,1,Chair of the Joint Economic Committee,2025,,linked
CT,D,Joe Courtney,Joe Courtney (politician),3,State legislature,1987,1995,linked
CT,D,Joe Courtney,Joe Courtney (politician),4,U.S. House,2007,,linked
NY,D,Gregory Meeks,Gregory Meeks,1,Ranking Member of the House Foreign Affairs Committee,2023,,linked
NY,D,Gregory Meeks,Gregory Meeks,1,Chair of the House Foreign Affairs Committee,2021,2023,linked
NY,D,Gregory Meeks,Gregory Meeks,4,U.S. House,1998,,linked
NY,D,Gregory Meeks,Gregory Meeks,3,State legislature,1993,1998,linked
TX,R,Dan Crenshaw,Dan Crenshaw,4,U.S. House,2019,,linked
OR,R,Knute Buehler,Knute Buehler,3,State legislature,2015,2019,linked
CO,R,Ken Buck,Ken Buck,1,Chair of the Colorado Republican Party,2019,2021,linked
CO,R,Ken Buck,Ken Buck,2,District Attorney of Weld County,2004,2014,linked
CO,R,Ken Buck,Ken Buck,4,U.S. House,2015,2024,linked
OH,R,Steve Stivers,Steve Stivers,4,U.S. House,2011,2021,linked
OH,R,Steve Stivers,Steve Stivers,3,State legislature,2003,2008,linked
OH,R,Steve Stivers,Steve Stivers,1,Chair of the National Republican Congressional Committee,2017,2019,linked
MO,R,Ann Wagner,Ann Wagner,1,United States Ambassador to Luxembourg,2005,2009,linked
MO,R,Ann Wagner,Ann Wagner,1,Chair of the Missouri Republican Party,1999,2005,linked
MO,R,Ann Wagner,Ann Wagner,4,U.S. House,2013,,linked
NE,R,Ben Sasse,Ben Sasse,5,United States Senator,2015,2023,linked
NE,R,Ben Sasse,Ben Sasse,1,15th President of Midland University,2010,2014,linked
NE,R,Ben Sasse,Ben Sasse,1,Assistant Secretary of Health and Human Services for Planning and Evaluation,2007,2009,linked
NE,R,Ben Sasse,Ben Sasse,1,13th President of the University of Florida,2023,2024,linked
UT,R,Rob Bishop,Rob Bishop,1,Ranking Member of the House Natural Resources Committee,2019,2021,linked
UT,R,Rob Bishop,Rob Bishop,1,Chair of the House Natural Resources Committee,2015,2019,linked
UT,R,Rob Bishop,Rob Bishop,4,U.S. House,2003,2021,linked
UT,R,Rob Bishop,Rob Bishop,1,Chair of the Utah Republican Party,1997,2001,linked
UT,R,Rob Bishop,Rob Bishop,3,Speaker of the Utah House of Representatives,1992,1994,linked
UT,R,Rob Bishop,Rob Bishop,3,Member of the Utah House of Representatives,2026,,linked
OK,D,Jason Nichols,,,,,,none
UT,R,Jason Chaffetz,Jason Chaffetz,4,U.S. House,2009,2017,linked
UT,R,Jason Chaffetz,Jason Chaffetz,1,Chair of the House Oversight Committee,2015,2017,linked
RI,R,Allan Fung,Allan Fung,2,"Mayor of Cranston, Rhode Island",2009,2021,linked
CO,R,Doug Lamborn,Doug Lamborn,3,State legislature,1999,2007,linked
CO,R,Doug Lamborn,Doug Lamborn,3,State legislature,1995,1999,linked
CO,R,Doug Lamborn,Doug Lamborn,4,Lamborn's voice,2007,2025,linked
TX,R,Pete Olson,Pete Olson,4,U.S. House,2009,2021,linked
ME,R,Susan Collins,Susan Collins,1,Chair of the Senate Appropriations Committee,2025,,linked
ME,R,Susan Collins,Susan Collins,1,Vice Chair of the Senate Appropriations Committee,2023,2025,linked
ME,R,Susan Collins,Susan Collins,1,Chair of the Senate Aging Committee,2015,2021,linked
ME,R,Susan Collins,Susan Collins,1,Ranking Member of the Senate Aging Committee,2013,2015,linked
ME,R,Susan Collins,Susan Collins,1,Ranking Member of the Senate Homeland Security Committee,2007,2013,linked
ME,R,Susan Collins,Susan Collins,1,Chair of the Senate Homeland Security and Governmental Affairs Committee,2003,2007,linked
ME,R,Susan Collins,Susan Collins,5,Collins's voice,1997,,linked
NY,D,Paul Tonko,Paul Tonko,3,State legislature,1983,2007,linked
VA,R,Robert Wittman,Rob Wittman,3,State legislature,2006,2007,linked
VA,R,Robert Wittman,Rob Wittman,4,U.S. House,2007,,linked
OH,D,Michael Lorentz,,,,,,none
NY,D,Adriano Espaillat,Adriano Espaillat,4,U.S. House,2017,,linked
NY,D,Adriano Espaillat,Adriano Espaillat,3,State legislature,2011,2016,linked
NY,D,Adriano Espaillat,Adriano Espaillat,3,State legislature,1997,2010,linked
NY,D,Adriano Espaillat,Adriano Espaillat,1,Chair of the Congressional Hispanic Caucus,2025,,linked
HI,D,Ed Case,Ed Case,3,State legislature,1994,2002,linked
MN,R,Frank Nelson Drake,,,,,,none
TN,R,John Duncan,Jimmy Duncan (politician),4,U.S. House,1988,,linked
RI,D,James Langevin,James Langevin,4,24th Secretary of State of Rhode Island,1995,2001,linked
RI,D,James Langevin,James Langevin,3,State legislature,1989,1995,linked
RI,D,James Langevin,James Langevin,4,U.S. House,2001,2023,linked
CA,R,David Valadao,David Valadao,3,State legislature,2010,2012,linked
CA,R,David Valadao,David Valadao,1,Chair of the Republican Governance Group,2025,,linked
PA,R,Brian Fitzpatrick,Brian Fitzpatrick (American politician),1,Fitzpatrick's voice,2017,,linked
CO,D,Adam Frisch,Adam Frisch,2,Member of the Aspen City Council,2011,2019,linked
CA,R,Casey Lucius,,,,,,none
FL,D,Debbie Mucarsel-Powell,Debbie Mucarsel-Powell,4,U.S. House,2019,2021,linked
IL,D,Chuy Garcia,Chuy García,2,Member of the Cook County Board of Commissioners from the 7th district,2011,2018,linked
IL,D,Chuy Garcia,Chuy García,3,State legislature,1993,1999,linked
IL,D,Chuy Garcia,Chuy García,2,Member of the Chicago City Council from the 22nd ward,1986,1993,linked
IL,D,Chuy Garcia,Chuy García,4,U.S. House,2019,,linked
PA,D,Brendan Boyle,Brendan Boyle,3,State legislature,2009,2015,linked
PA,D,Brendan Boyle,Brendan Boyle,1,Ranking Member of the House Budget Committee,2023,,linked
CA,D,Barbara Lee,Barbara Lee,1,Chair of the Congressional Black Caucus,2009,2011,linked
CA,D,Barbara Lee,Barbara Lee,1,Chair of the Congressional Progressive Caucus,2005,2009,linked
CA,D,Barbara Lee,Barbara Lee,3,State legislature,1996,1998,linked
CA,D,Barbara Lee,Barbara Lee,3,Member of the California State Assembly,1990,1996,linked
CA,D,Barbara Lee,Barbara Lee,2,52nd Mayor of Oakland,2025,,linked
WI,D,Ron Kind,Ron Kind,4,U.S. House,1997,2023,linked
WI,D,Ron Kind,Ron Kind,1,Chair of the New Democrat Coalition,2013,2017,linked
IN,R,Jim Banks,Jim Banks,1,Chair of the Republican Study Committee,2021,2023,linked
IN,R,Jim Banks,Jim Banks,4,U.S. House,2017,2025,linked
IN,R,Jim Banks,Jim Banks,3,State legislature,2010,2016,linked
IN,R,Jim Banks,Jim Banks,5,Banks' voice,2025,,linked
TX,R,Lamar Smith,Lamar Smith,1,Chair of the House Judiciary Committee,2011,2013,linked
TX,R,Lamar Smith,Lamar Smith,1,Chair of the House Ethics Committee,1999,2001,linked
TX,R,Lamar Smith,Lamar Smith,4,U.S. House,1987,2019,linked
TX,R,Lamar Smith,Lamar Smith,2,Member of the Bexar County Commission from the 3rd district,1983,1985,linked
TX,R,Lamar Smith,Lamar Smith,3,State legislature,1981,1982,linked
TX,R,Lamar Smith,Lamar Smith,1,Chair of the House Science Committee,2013,2019,linked
NJ,D,Robert Menendez,Rob Menendez,4,U.S. House,2023,,linked
WI,R,Mike Gallagher,Mike Gallagher (American politician),4,U.S. House,2017,2024,linked
WI,R,Mike Gallagher,Mike Gallagher (American politician),1,Chair of the House Committee on the Chinese Communist Party,2023,2024,linked
VA,R,Barbara Comstock,Barbara Comstock,3,State legislature,2010,2014,linked
VA,R,Barbara Comstock,Barbara Comstock,4,U.S. House,2015,2019,linked
MN,R,Kendall Qualls,,,,,,none
TX,R,Michael Burgess,Michael C. Burgess,4,U.S. House,2003,2025,linked
TX,R,Michael Burgess,Michael C. Burgess,1,Chair of the House Rules Committee,2024,2025,linked
NJ,R,Thomas MacArthur,Tom MacArthur,2,Mayor of Randolph,2013,2014,linked
NJ,R,Thomas MacArthur,Tom MacArthur,4,U.S. House,2015,2019,linked
NJ,R,Leonard Lance,Leonard Lance,3,Minority Leader of the New Jersey Senate,2004,2008,linked
NJ,R,Leonard Lance,Leonard Lance,3,State legislature,2002,2009,linked
NJ,R,Leonard Lance,Leonard Lance,3,State legislature,1991,2002,linked
NJ,R,Leonard Lance,Leonard Lance,4,U.S. House,2009,2019,linked
IN,D,Peter Visclosky,Pete Visclosky,4,U.S. House,1985,2021,linked
CO,R,Casper Stockham,,,,,,none
UT,D,Ben McAdams,Ben McAdams,2,Mayor of Salt Lake County,2013,2019,linked
UT,D,Ben McAdams,Ben McAdams,3,State legislature,2009,2012,linked
UT,R,John Curtis,John Curtis,4,U.S. House,2017,,linked
UT,R,John Curtis,John Curtis,2,44th Mayor of Provo,2010,2017,linked
UT,R,John Curtis,John Curtis,5,Curtis's voice,2025,,linked
MO,D,Chris Koster,Chris Koster,3,State legislature,2005,2009,linked
MO,D,Chris Koster,Chris Koster,4,41st Attorney General of Missouri,2009,2017,linked
CA,R,Lisa Remmer,,,,,,none
MD,R,Andy Harris,Andy Harris (politician),4,U.S. House,2011,,linked
MD,R,Andy Harris,Andy Harris (politician),3,Member of the Maryland Senate,1999,2011,linked
MD,R,Andy Harris,Andy Harris (politician),1,Chair of the House Freedom Caucus,2024,,linked
GA,R,Barry Loudermilk,Barry Loudermilk,3,State legislature,2011,2013,linked
GA,R,Barry Loudermilk,Barry Loudermilk,3,State legislature,2005,2011,linked
GA,R,Barry Loudermilk,Barry Loudermilk,4,U.S. House,2015,,linked
MA,D,Joseph Kennedy,Joe Kennedy III,4,U.S. House,2013,2021,linked
MA,D,Joseph Kennedy,Joe Kennedy III,1,United States Special Envoy for Northern Ireland,2022,2024,linked
CA,R,Justin Fareed,,,,,,none
TX,R,John Carter,John Carter (Texas politician),4,U.S. House,2003,,linked
TX,R,John Carter,John Carter (Texas politician),1,Secretary of the House Republican Conference,2007,2013,linked
PA,R,Scott Perry,Scott Perry,3,State legislature,2007,2012,linked
PA,R,Scott Perry,Scott Perry,1,Chair of the House Freedom Caucus,2022,2024,linked
CA,D,Scott Peters,Scott Peters (politician),2,President of San Diego City Council,2006,2008,linked
CA,D,Scott Peters,Scott Peters (politician),2,Member of San Diego City Council from the 1st district,2000,2008,linked
NJ,R,Christopher Smith,Chris Smith (New Jersey politician),4,U.S. House,1981,,linked
NJ,R,Christopher Smith,Chris Smith (New Jersey politician),1,Chair of the House Veterans' Affairs Committee,2001,2005,linked
IN,D,Shelli Yoder,Shelli Yoder,3,State legislature,2020,,linked
IN,D,Shelli Yoder,Shelli Yoder,3,Minority Leader of the Indiana Senate,2025,,linked
CA,D,Phil Arballo,,,,,,none
TX,D,Veronica Escobar,Veronica Escobar,4,U.S. House,2019,,linked
TX,D,Veronica Escobar,Veronica Escobar,2,County Judge of El Paso County,2011,2017,linked
TX,D,Veronica Escobar,Veronica Escobar,1,Co-Chair of the House Democratic Policy and Communications Committee,2023,2025,linked
NY,D,Ritchie Torres,Ritchie Torres,2,Member of the New York City Council from the 15th district,2014,2020,linked
NY,D,Ritchie Torres,Ritchie Torres,4,U.S. House,2021,,linked
WY,D,Ryan Greene,,,,,,none
MS,D,Mike Espy,Mike Espy,4,U.S. House,1987,1993,linked
MS,D,Mike Espy,Mike Espy,4,25th United States Secretary of Agriculture,1993,1994,linked
MN,D,Richard Nolan,Rick Nolan,3,State legislature,1969,1973,linked
NJ,D,Joshua Gottheimer,Josh Gottheimer,4,U.S. House,2017,,linked
NY,R,Joe Pinion,Joe Pinion,0,,,,linked
UT,R,Mitt Romney,Mitt Romney,1,President of the Salt Lake Organizing Committee for the Olympic and Paralympic Winter Games of 2002,1999,2002,linked
UT,R,Mitt Romney,Mitt Romney,5,Romney's voice,2019,2025,linked
VA,R,Charles Hernick,,,,,,none
MA,R,Geoff Diehl,Geoff Diehl,3,State legislature,2011,2019,linked
MN,D,Amy Klobuchar,Amy Klobuchar,5,United States Senator,2007,,linked
MN,D,Amy Klobuchar,Amy Klobuchar,1,Ranking Member of the Senate Agriculture Committee,2025,,linked
MN,D,Amy Klobuchar,Amy Klobuchar,1,Chair of the Senate Democratic Steering and Policy Committee,2025,,linked
MN,D,Amy Klobuchar,Amy Klobuchar,1,Chair of the Senate Rules Committee,2021,2025,linked
MN,D,Amy Klobuchar,Amy Klobuchar,1,Chair of the Senate Democratic Steering Committee,2015,2025,linked
MN,D,Amy Klobuchar,Amy Klobuchar,2,County Attorney of Hennepin County,1999,2007,linked
IL,R,Joan McCarthy Lasonde,,,,,,none
NY,D,Kathleen Rice,Kathleen Rice,2,District Attorney of Nassau County,2006,2015,linked
NY,D,Kathleen Rice,Kathleen Rice,4,U.S. House,2015,2023,linked
TX,R,Joe Barton,Joe Barton,4,U.S. House,1985,2019,linked
TX,R,Joe Barton,Joe Barton,1,Chair of the House Energy and Commerce Committee,2004,2007,linked
MI,D,Debbie Dingell,Debbie Dingell,1,Co-Chair of the House Democratic Policy and Communications Committee,2019,2023,linked
MI,D,Debbie Dingell,Debbie Dingell,1,Chair of the House Democratic Policy and Communications Committee,2024,,linked
VT,D,Peter Welch,Peter Welch,4,U.S. House,2007,2023,linked
VT,D,Peter Welch,Peter Welch,3,73rd and 78th President pro tempore of the Vermont Senate,2003,2007,linked
VT,D,Peter Welch,Peter Welch,3,Minority Leader of the Vermont Senate,1983,1985,linked
VT,D,Peter Welch,Peter Welch,3,State legislature,2001,2007,linked
VT,D,Peter Welch,Peter Welch,5,United States Senator,2023,,linked
PA,R,Charles Dent,Charlie Dent,4,U.S. House,2005,2018,linked
PA,R,Charles Dent,Charlie Dent,3,State legislature,1999,2004,linked
PA,R,Charles Dent,Charlie Dent,3,State legislature,1991,1998,linked
PA,R,Charles Dent,Charlie Dent,1,Chair of the House Ethics Committee,2015,2017,linked
GA,R,Tom Graves,Tom Graves,3,Member of the Georgia House of Representatives,2003,2010,linked
AZ,R,Doug Ducey,Doug Ducey,1,Chair of the Republican Governors Association,2020,2022,linked
AZ,R,Doug Ducey,Doug Ducey,4,42nd Treasurer of Arizona,2011,2015,linked
TN,D,Phil Bredesen,Phil Bredesen,2,4th Mayor of Metropolitan Nashville,1991,1999,linked
CA,D,Katie Porter,Katie Porter,1,Porter's voice,2019,2025,linked
MN,R,Tyler Kistner,,,,,,none
MA,D,Stephen Lynch,Stephen Lynch (politician),3,State legislature,1996,2001,linked
MA,D,Stephen Lynch,Stephen Lynch (politician),3,State legislature,1995,1996,linked
MA,D,Stephen Lynch,Stephen Lynch (politician),1,Ranking Member of the House Oversight Committee,2025,2025,linked
NY,R,Elizabeth Joy,,,,,,none
FL,R,Mario Diaz-Balart,Mario Díaz-Balart,3,Member of the Florida House of Representatives,2000,2002,linked
FL,R,Mario Diaz-Balart,Mario Díaz-Balart,3,State legislature,1992,2000,linked
NY,D,Yvette Clarke,Yvette Clarke,2,Member of the New York City Council from the 40th district,2002,2006,linked
NY,D,Yvette Clarke,Yvette Clarke,1,Chair of the Congressional Black Caucus,2025,,linked
NJ,R,Bob Hugin,Bob Hugin,1,Chair of the New Jersey Republican Party,2021,2025,linked
CO,R,George Athanasopoulos,,,,,,none
NJ,R,Thomas Kean,Thomas Kean Jr.,3,Minority Leader of the New Jersey Senate,2008,2022,linked
NJ,R,Thomas Kean,Thomas Kean Jr.,3,State legislature,2003,2022,linked
NJ,R,Thomas Kean,Thomas Kean Jr.,3,Member of the New Jersey General Assembly,2001,2003,linked
NJ,R,Thomas Kean,Thomas Kean Jr.,4,U.S. House,2023,,linked
PA,D,Matt Cartwright,Matt Cartwright,1,Co-Chair of the House Democratic Policy and Communications Committee,2019,2023,linked
CA,R,Kevin McCarthy,Kevin McCarthy,1,House Minority Leader,2007,2023,linked
CA,R,Kevin McCarthy,Kevin McCarthy,3,Minority Leader of the California Assembly,2004,2006,linked
CA,R,Kevin McCarthy,Kevin McCarthy,3,House Majority Leader,2002,2006,linked
CA,R,Kevin McCarthy,Kevin McCarthy,1,House Majority Whip,2011,2014,linked
CA,R,Kevin McCarthy,Kevin McCarthy,1,House Republican Chief Deputy Whip,2009,2011,linked
CA,R,Kevin McCarthy,Kevin McCarthy,4,55th Speaker of the United States House of Representatives,2023,2023,linked
GA,D,Shawn Harris,,,,,,none
TN,R,David Kustoff,David Kustoff,1,United States Attorney for the Western District of Tennessee,2006,2008,linked
TN,R,David Kustoff,David Kustoff,4,U.S. House,2017,,linked
MD,R,Amie Hoeber,,,,,,none
NY,R,Mark Assini,,,,,,none
UT,R,Mike Lee,Mike Lee,1,Chair of the Joint Economic Committee,2019,2021,linked
UT,R,Mike Lee,Mike Lee,5,United States Senator,2011,,linked
UT,R,Mike Lee,Mike Lee,1,Chair of the Senate Energy Committee,2025,,linked
IA,D,Christina Bohannan,Christina Bohannan,3,State legislature,2021,2023,linked
TX,D,Sylvia Garcia,Sylvia Garcia,3,State legislature,2013,2018,linked
TX,D,Sylvia Garcia,Sylvia Garcia,2,Member of the Harris County Commission from Precinct 2,2003,2011,linked
TX,D,Sylvia Garcia,Sylvia Garcia,2,12th City Controller of Houston,1998,2003,linked
TX,D,Sylvia Garcia,Sylvia Garcia,4,U.S. House,2019,,linked
MI,D,Elissa Slotkin,Elissa Slotkin,1,Acting Assistant Secretary of Defense for International Security Affairs,2015,2017,linked
MI,D,Elissa Slotkin,Elissa Slotkin,5,United States Senator,2025,,linked
UT,R,Mike Kennedy,Mike Kennedy,3,Member of the Utah Senate,2021,2025,linked
UT,R,Mike Kennedy,Mike Kennedy,3,State legislature,2013,2019,linked
UT,R,Mike Kennedy,Mike Kennedy,4,U.S. House,2025,,linked
OH,R,Brad Wenstrup,Brad Wenstrup,4,Wenstrup's voice,2013,2025,linked
NM,R,Michelle Garcia Holmes,,,,,,none
CA,R,Elizabeth Heng,,,,,,none
NY,D,Anthony Brindisi,Anthony Brindisi,4,U.S. House,2019,2021,linked
NY,D,Anthony Brindisi,Anthony Brindisi,3,State legislature,2011,2019,linked
NY,D,Anthony Brindisi,Anthony Brindisi,1,Judge of the United States District Court for the Northern District of New York,2024,,linked
NM,D,Xochitl Torres Small,Xochitl Torres Small,1,Under Secretary of Agriculture for Rural Development,2021,2023,linked
NM,D,Xochitl Torres Small,Xochitl Torres Small,4,U.S. House,2019,2021,linked
NM,D,Xochitl Torres Small,Xochitl Torres Small,1,15th United States Deputy Secretary of Agriculture,2023,2025,linked
ME,R,Mark Holbrook,,,,,,none
CA,R,Charlie Schaupp,,,,,,none
CA,R,Joe Collins,,,,,,none
TX,R,Ron Wright,Ron Wright (politician),4,U.S. House,2019,2021,linked
NC,R,Leon Threatt,,,,,,none
IL,R,Adam Kinzinger,Adam Kinzinger,0,,,,linked
NH,R,Kelly Ayotte,Kelly Ayotte,5,United States Senator,2011,2017,linked
NH,R,Kelly Ayotte,Kelly Ayotte,4,27th Attorney General of New Hampshire,2004,2009,linked
NH,R,Kelly Ayotte,Kelly Ayotte,5,83rd Governor of New Hampshire,2025,,linked
OK,R,Steve Russell,Steve Russell (politician),3,State legislature,2009,2013,linked
OK,R,Steve Russell,Steve Russell (politician),4,U.S. House,2015,2019,linked
OH,D,Ken Harbaugh,Ken Harbaugh,0,,,,linked
IN,D,Mel Hall,,,,,,none
KS,R,Amanda Adkins,Amanda Adkins (politician),1,65th Chair of the Kansas Republican Party,2009,2013,linked
NC,R,George Holding,George Holding,1,United States Attorney for the Eastern District of North Carolina,2006,2011,linked
PA,D,Michael Doyle,Mike Doyle (American politician),4,Member of the U.S. House of Representatives from Pennsylvania,1995,2022,linked
IA,D,David Loebsack,Dave Loebsack,4,U.S. House,2007,2021,linked
WA,R,Robert Sutherland,Robert Sutherland (Washington politician),3,State legislature,2019,2023,linked
ME,D,Jared Golden,Jared Golden,4,U.S. House,2019,,linked
ME,D,Jared Golden,Jared Golden,3,State legislature,2014,2018,linked
ME,D,Jared Golden,Jared Golden,1,Co-Chair of the Blue Dog Coalition for Administration,2023,2025,linked
WV,D,Talley Sergent,,,,,,none
IA,R,Chuck Grassley,Chuck Grassley,1,Chair of the Senate Judiciary Committee,2025,,linked
IA,R,Chuck Grassley,Chuck Grassley,5,United States Senator,1981,,linked
IA,R,Chuck Grassley,Chuck Grassley,1,Chair of the Senate Finance Committee,2019,2021,linked
IA,R,Chuck Grassley,Chuck Grassley,1,Chair of the Senate Narcotics Caucus,2015,2019,linked
IA,R,Chuck Grassley,Chuck Grassley,1,Chair of the Senate Aging Committee,1997,2001,linked
IA,R,Chuck Grassley,Chuck Grassley,4,U.S. House,1975,1981,linked
IA,R,Chuck Grassley,Chuck Grassley,3,Member of the Iowa House of Representatives,1959,1975,linked
CA,D,Josh Harder,Josh Harder,0,,,,linked
TX,D,Lloyd Doggett,Lloyd Doggett,4,Justice of the Texas Supreme Court,1989,1994,linked
TX,D,Lloyd Doggett,Lloyd Doggett,3,State legislature,1973,1985,linked
IL,R,Randy Hultgren,Randy Hultgren,3,State legislature,2007,2011,linked
IL,R,Randy Hultgren,Randy Hultgren,3,Member of the Illinois House of Representatives,1999,2007,linked
IL,R,Randy Hultgren,Randy Hultgren,2,Member of the DuPage County Board from the 4th district,1994,1998,linked
IL,R,Randy Hultgren,Randy Hultgren,4,U.S. House,2011,2019,linked
NM,R,Mark Ronchetti,,,,,,none
KY,D,Amy McGrath,Amy McGrath,0,,,,linked
TX,R,Van Taylor,Van Taylor,3,State legislature,2015,2019,linked
TX,R,Van Taylor,Van Taylor,3,State legislature,2010,2015,linked
TX,R,Van Taylor,Van Taylor,4,U.S. House,2019,2023,linked
TX,D,Al Green,Al Green (politician),4,U.S. House,2005,,linked
KS,D,Paul Davis,Paul Davis (Kansas politician),3,State legislature,2003,2015,linked
KS,D,Paul Davis,Paul Davis (Kansas politician),3,Minority Leader of the Kansas House of Representatives,2009,2015,linked
TN,D,Steve Cohen,Steve Cohen (politician),3,State legislature,1983,2006,linked
TN,D,Steve Cohen,Steve Cohen (politician),4,U.S. House,2007,,linked
FL,D,Bill McCullough,,,,,,none
MT,D,Jon Tester,Jon Tester,1,Chair of the Senate Veterans' Affairs Committee,2021,2025,linked
MT,D,Jon Tester,Jon Tester,1,Ranking Member of the Senate Veterans' Affairs Committee,2017,2021,linked
MT,D,Jon Tester,Jon Tester,1,Chair of the Democratic Senatorial Campaign Committee,2015,2017,linked
MT,D,Jon Tester,Jon Tester,1,Chair of the Senate Indian Affairs Committee,2014,2015,linked
MT,D,Jon Tester,Jon Tester,3,President of the Montana Senate,2005,2007,linked
MT,D,Jon Tester,Jon Tester,3,Member of the Montana Senate,1999,2007,linked
MT,D,Jon Tester,Jon Tester,5,Tester's voice,2007,2025,linked
MI,D,Andy Levin,Andy Levin,1,"Director of the Michigan Department of Energy, Labor, and Economic Growth",2010,2011,linked
MI,D,Andy Levin,Andy Levin,4,U.S. House,2019,2023,linked
TN,D,Christopher Hale,,,,,,none
PA,D,Janelle Stelson,Janelle Stelson,0,,,,linked
CA,R,Greg Raths,,,,,,none
NJ,R,Frank LoBiondo,Frank LoBiondo,3,State legislature,1988,1995,linked
NJ,R,Frank LoBiondo,Frank LoBiondo,2,"Member of the Cumberland County, New Jersey Board of Chosen Freeholders",1985,1987,linked
NJ,R,Frank LoBiondo,Frank LoBiondo,4,U.S. House,1995,2019,linked
WA,R,Bill Bryant,Bill Bryant (politician),1,Member of the Seattle Port Commission Position 5,2008,2016,linked
KY,R,Andy Barr,Andy Barr,4,U.S. House,2013,,linked
FL,D,Val Demings,Val Demings,1,Chief of the Orlando Police Department,2007,2011,linked
FL,D,Val Demings,Val Demings,4,U.S. House,2017,2023,linked
TX,D,Greg Casar,Greg Casar,4,U.S. House,2023,,linked
TX,D,Greg Casar,Greg Casar,2,Member of the Austin City Council from the 4th district,2015,2022,linked
TX,D,Greg Casar,Greg Casar,1,Chair of the Congressional Progressive Caucus,2025,,linked
WA,R,Craig Keller,,,,,,none
MA,D,Niki Tsongas,Niki Tsongas,0,,,,linked
CA,R,Justin Donald Fareed,,,,,,none
IL,R,Jeanne Ives,Jeanne Ives,3,State legislature,2013,2019,linked
FL,R,Scotty Moore,,,,,,none
NJ,D,Donald Payne,Donald Payne Jr.,4,Payne's voice,2012,,linked
TX,R,Mac Thornberry,Mac Thornberry,1,Chair of the House Armed Services Committee,2015,2019,linked
TX,R,Mac Thornberry,Mac Thornberry,4,U.S. House,1995,2021,linked
TX,R,Mac Thornberry,Mac Thornberry,1,Ranking Member of the House Armed Services Committee,2019,2021,linked
SD,R,John Thune,John Thune,3,Leader of the Senate Republican Conference,2025,,linked
SD,R,John Thune,John Thune,3,Senate Minority Whip,2021,2025,linked
SD,R,John Thune,John Thune,3,Senate Majority Whip,2019,2021,linked
SD,R,John Thune,John Thune,1,Chair of the Senate Commerce Committee,2015,2019,linked
SD,R,John Thune,John Thune,1,Chair of the Senate Republican Conference,2012,2019,linked
SD,R,John Thune,John Thune,1,Chair of the Senate Republican Policy Committee,2009,2012,linked
SD,R,John Thune,John Thune,5,United States Senator,2005,,linked
SD,R,John Thune,John Thune,4,U.S. House,1997,2003,linked
SD,R,John Thune,John Thune,3,Senate Majority Leader,2025,,linked
AZ,R,Nick Pierson,,,,,,none
GA,R,Karen Handel,Karen Handel,4,26th Secretary of State of Georgia,2007,2010,linked
GA,R,Karen Handel,Karen Handel,4,U.S. House,2017,,linked
GA,R,Drew Ferguson,Drew Ferguson (politician),4,U.S. House,2017,2025,linked
GA,R,Drew Ferguson,Drew Ferguson (politician),1,House Republican Chief Deputy Whip,2019,2023,linked
OK,R,Stephanie Bice,Stephanie Bice,3,State legislature,2014,2020,linked
OK,R,Stephanie Bice,Stephanie Bice,4,U.S. House,2021,,linked
AR,D,Conner Eldridge,Conner Eldridge,1,United States Attorney for the Western District of Arkansas,2010,2015,linked
NJ,R,Jack Ciattarelli,Jack Ciattarelli,2,Member of the Somerset County Board of Chosen Freeholders,2007,2011,linked
NJ,R,Jack Ciattarelli,Jack Ciattarelli,3,State legislature,2011,2018,linked
OR,R,Cliff Bentz,Cliff Bentz,3,State legislature,2018,2020,linked
OR,R,Cliff Bentz,Cliff Bentz,3,State legislature,2008,2018,linked
OR,R,Cliff Bentz,Cliff Bentz,4,U.S. House,2021,,linked
NY,R,Miriam Flisser,,,,,,none
IL,R,Vince Kolber,,,,,,none
MO,R,Andrew Jones,,,,,,none
NY,R,Jim Maxwell,,,,,,none
AZ,R,Andy Biggs,Andy Biggs,4,U.S. House,2017,,linked
AZ,R,Andy Biggs,Andy Biggs,3,President of the Arizona Senate,2013,2017,linked
AZ,R,Andy Biggs,Andy Biggs,3,Member of the Arizona Senate,2011,2017,linked
AZ,R,Andy Biggs,Andy Biggs,3,State legislature,2003,2011,linked
AZ,R,Andy Biggs,Andy Biggs,1,Chair of the House Freedom Caucus,2019,2022,linked
IN,D,Liz Watson,Liz Watson (politician),1,Assistant Secretary of Labor for Congressional and Intergovernmental Affairs,2022,2025,linked
IL,D,Lauren Underwood,Lauren Underwood,4,U.S. House,2019,,linked
IL,D,Lauren Underwood,Lauren Underwood,1,Co-Chair of the House Democratic Policy and Communications Committee,2023,,linked
TX,R,Irene Armendariz-Jackson,,,,,,none
OR,D,Peter DeFazio,Peter DeFazio,1,Chair of the House Transportation Committee,2019,2023,linked
OR,D,Peter DeFazio,Peter DeFazio,1,Chair of the Congressional Progressive Caucus,2003,2005,linked
OR,D,Peter DeFazio,Peter DeFazio,4,U.S. House,1987,2023,linked
CA,R,Brian Maryott,,,,,,none
CA,R,Marla Livengood,,,,,,none
CA,R,Mike Garcia,Mike Garcia (politician),1,Garcia's voice,2020,,linked
CA,R,Andrew Grant,,,,,,none
GA,R,Doug Collins,Doug Collins (politician),1,Acting Director of the United States Office of Government Ethics,2025,2025,linked
GA,R,Doug Collins,Doug Collins (politician),1,Acting Special Counsel of the United States,2025,2025,linked
GA,R,Doug Collins,Doug Collins (politician),1,Ranking Member of the House Judiciary Committee,2019,2020,linked
GA,R,Doug Collins,Doug Collins (politician),1,Vice Chair of the House Republican Conference,2017,2019,linked
GA,R,Doug Collins,Doug Collins (politician),4,U.S. House,2013,2021,linked
GA,R,Doug Collins,Doug Collins (politician),3,State legislature,2007,2013,linked
GA,R,Doug Collins,Doug Collins (politician),1,12th United States Secretary of Veterans Affairs,2025,,linked
TX,D,Lizzie Pannill Fletcher,Lizzie Fletcher,4,U.S. House,2019,,linked
CA,D,Brad Sherman,Brad Sherman,4,Member of the California Board of Equalization,1991,1997,linked
TX,R,Genevieve Collins,,,,,,none
TX,R,Kay Granger,Kay Granger,1,Ranking Member of the House Appropriations Committee,2019,2023,linked
TX,R,Kay Granger,Kay Granger,1,Vice Chair of the House Republican Conference,2007,2009,linked
TX,R,Kay Granger,Kay Granger,4,U.S. House,1997,2025,linked
TX,R,Kay Granger,Kay Granger,2,41st Mayor of Fort Worth,1991,1995,linked
TX,R,Kay Granger,Kay Granger,1,Chair of the House Appropriations Committee,2023,2024,linked
NY,R,La'Ron Singletary,La'Ron Singletary,1,Chief of the Rochester Police Department,2019,2020,linked
LA,R,Garret Graves,Garret Graves,4,U.S. House,2015,2025,linked
LA,R,Garret Graves,Garret Graves,1,Ranking Member of the House Climate Crisis Committee,2019,2023,linked
UT,D,Brian King,Brian King (politician),3,Minority Leader of the Utah House of Representatives,2015,2023,linked
UT,D,Brian King,Brian King (politician),3,Member of the Utah House of Representatives,2009,2024,linked
UT,D,Brian King,Brian King (politician),1,Chair of the Utah Democratic Party,2025,,linked
NY,R,Gonzalo Duran,,,,,,none
MI,R,David Trott,Dave Trott (politician),4,U.S. House,2015,2019,linked
OH,R,Warren Davidson,Warren Davidson,4,U.S. House,2016,,linked
NC,R,Sue Googe,,,,,,none
FL,D,April Freeman,,,,,,none
IN,D,Evan Bayh,Evan Bayh,5,United States Senator,1999,2011,linked
IN,D,Evan Bayh,Evan Bayh,4,56th Secretary of State of Indiana,1986,1989,linked
CO,R,Charlie Winn,,,,,,none
TX,R,Michael Conaway,Mike Conaway,1,Chair of the House Agriculture Committee,2015,2019,linked
TX,R,Michael Conaway,Mike Conaway,1,Chair of the House Ethics Committee,2013,2015,linked
TX,R,Michael Conaway,Mike Conaway,4,U.S. House,2005,2021,linked
TX,R,Michael Conaway,Mike Conaway,1,Ranking Member of the House Agriculture Committee,2019,2021,linked
IL,D,Chuy García,Chuy García,2,Member of the Cook County Board of Commissioners from the 7th district,2011,2018,linked
IL,D,Chuy García,Chuy García,3,State legislature,1993,1999,linked
IL,D,Chuy García,Chuy García,2,Member of the Chicago City Council from the 22nd ward,1986,1993,linked
IL,D,Chuy García,Chuy García,4,U.S. House,2019,,linked
CA,R,Andy Whallon,,,,,,none
NY,R,Marc Molinaro,Marc Molinaro,4,U.S. House,2023,2025,linked
NY,R,Marc Molinaro,Marc Molinaro,2,County Executive of Dutchess County,2012,2023,linked
NY,R,Marc Molinaro,Marc Molinaro,3,State legislature,2007,2011,linked
NY,R,Marc Molinaro,Marc Molinaro,2,Member of the Dutchess County Legislature,2001,2006,linked
NY,R,Marc Molinaro,Marc Molinaro,2,Mayor of Tivoli,1995,2007,linked
NY,R,Marc Molinaro,Marc Molinaro,1,Administrator of the Federal Transit Administration,2025,2026,linked
OK,D,Madison Horn,,,,,,none
TX,D,Gene Green,Gene Green,4,U.S. House,1993,2019,linked
TX,D,Gene Green,Gene Green,3,State legislature,1985,1993,linked
TX,D,Gene Green,Gene Green,3,Member of the Texas House of Representatives,1973,1985,linked
TX,D,Gene Green,Gene Green,1,Chair of the House Ethics Committee,2008,2009,linked
PA,R,Tom Marino,Tom Marino,1,United States Attorney for the Middle District of Pennsylvania,2002,2007,linked
PA,R,Tom Marino,Tom Marino,2,District Attorney of Lycoming County,2023,,linked
MI,D,Rob Davidson,,,,,,none
MO,D,Lucas Kunce,Lucas Kunce,0,,,,linked
OH,R,Christina Hagan,Christina Hagan,3,State legislature,2011,2018,linked
TX,R,Jay Furman,,,,,,none
KY,D,Paul Walker,,,,,,none
CA,D,Jessica Morse,Jessica Morse,0,,,,linked
ID,D,James Piotrowski,,,,,,none
NY,R,Lee Zeldin,Lee Zeldin,4,U.S. House,2015,2023,linked
NY,R,Lee Zeldin,Lee Zeldin,3,State legislature,2011,2014,linked
NY,R,Lee Zeldin,Lee Zeldin,1,17th Administrator of the Environmental Protection Agency,2025,,linked
OH,R,Steve Chabot,Steve Chabot,1,Chair of the House Small Business Committee,2015,2019,linked
OH,R,Steve Chabot,Steve Chabot,4,U.S. House,2011,2023,linked
OH,R,Steve Chabot,Steve Chabot,1,Ranking Member of the House Small Business Committee,2019,2021,linked
MI,D,Sander Levin,Sander Levin,3,State legislature,1965,1971,linked
MI,D,Sander Levin,Sander Levin,1,Chair of the House Ways and Means Committee,2010,2011,linked
WA,R,Dan Newhouse,Dan Newhouse,1,Director of the Washington State Department of Agriculture,2009,2013,linked
WA,R,Dan Newhouse,Dan Newhouse,3,State legislature,2003,2009,linked
WA,R,Dan Newhouse,Dan Newhouse,4,U.S. House,2015,,linked
MS,D,Mark Gladney,,,,,,none
UT,R,Gary Herbert,Gary Herbert,1,Chair of the National Governors Association,2015,2016,linked
UT,R,Gary Herbert,Gary Herbert,4,6th Lieutenant Governor of Utah,2005,2009,linked
UT,R,Gary Herbert,Gary Herbert,2,Member of the Utah County Commission,1990,2004,linked
IL,R,Douglas Bennett,,,,,,none
CT,R,George Logan,George Logan (Connecticut politician),3,State legislature,2017,2021,linked
NJ,D,Mikie Sherrill,Mikie Sherrill,4,U.S. House,2019,2025,linked
NJ,D,Mikie Sherrill,Mikie Sherrill,5,Governor of New Jersey,2026,,linked
CO,R,Darryl Glenn,,,,,,none
OK,D,Kendra Horn,Kendra Horn,4,U.S. House,2019,2021,linked
SC,R,Trey Gowdy,Trey Gowdy,1,Chair of the House Benghazi Committee,2014,2016,linked
SC,R,Trey Gowdy,Trey Gowdy,4,U.S. House,2011,2019,linked
SC,R,Trey Gowdy,Trey Gowdy,1,Chair of the House Oversight Committee,2017,2019,linked
NV,D,Ruben Kihuen,Ruben Kihuen,3,State legislature,2011,2017,linked
NV,D,Ruben Kihuen,Ruben Kihuen,3,State legislature,2007,2011,linked
NV,D,Ruben Kihuen,Ruben Kihuen,4,U.S. House,2017,2019,linked
NM,R,Stevan Pearce,Steve Pearce (politician),1,Chair of the New Mexico Republican Party,2018,2024,linked
NM,R,Stevan Pearce,Steve Pearce (politician),4,U.S. House,2011,2019,linked
NM,R,Stevan Pearce,Steve Pearce (politician),3,State legislature,1997,2001,linked
NM,R,Stevan Pearce,Steve Pearce (politician),1,Director of the Bureau of Land Management,2026,,linked
MD,R,Charles Anthony,,,,,,none
ME,I,Angus King,Angus King,5,United States Senator,2013,,linked
RI,D,Jack Reed,Jack Reed (Rhode Island politician),1,Chair of the Senate Armed Services Committee,2021,2025,linked
RI,D,Jack Reed,Jack Reed (Rhode Island politician),5,United States Senator,1997,,linked
RI,D,Jack Reed,Jack Reed (Rhode Island politician),4,U.S. House,1991,1997,linked
RI,D,Jack Reed,Jack Reed (Rhode Island politician),3,State legislature,1985,1991,linked
RI,D,Jack Reed,Jack Reed (Rhode Island politician),1,Ranking Member of the Senate Armed Services Committee,2025,,linked
KS,D,Patrick Schmidt,Patrick Schmidt (politician),3,State legislature,2025,,linked
NC,D,Roy Cooper,Roy Cooper,4,50th Attorney General of North Carolina,2001,2017,linked
NC,D,Roy Cooper,Roy Cooper,3,Majority Leader of the North Carolina Senate,1997,2001,linked
NC,D,Roy Cooper,Roy Cooper,3,State legislature,1991,2001,linked
NC,D,Roy Cooper,Roy Cooper,3,State legislature,1987,1991,linked
MD,R,Richmond Davis,,,,,,none
UT,R,Spencer Cox,Spencer Cox,1,Chair of the National Governors Association,2023,2024,linked
UT,R,Spencer Cox,Spencer Cox,4,8th Lieutenant Governor of Utah,2013,2021,linked
UT,R,Spencer Cox,Spencer Cox,3,State legislature,2013,2013,linked
PA,R,Richard Sean Parnell,Sean Parnell (spokesperson),1,Assistant to the Secretary of Defense for Public Affairs,2025,,linked
WI,R,Tim Rogers,,,,,,none
CA,R,Bruce Lou,,,,,,none
MN,D,Dan Feehan,,,,,,none
IL,R,Nick Stella,,,,,,none
CA,R,Young Kim,Young Kim,3,State legislature,2014,2016,linked
CA,R,Young Kim,Young Kim,1,Kim's voice,2021,,linked
OR,D,Ron Wyden,Ron Wyden,1,Ranking Member of the Senate Finance Committee,2025,,linked
OR,D,Ron Wyden,Ron Wyden,1,Chair of the Senate Finance Committee,2021,2025,linked
OR,D,Ron Wyden,Ron Wyden,1,Chair of the Senate Energy Committee,2013,2014,linked
OR,D,Ron Wyden,Ron Wyden,4,U.S. House,1981,1996,linked
OR,D,Ron Wyden,Ron Wyden,5,Wyden's voice,1996,,linked
OH,D,Shawna Roberts,,,,,,none
NE,R,Don Bacon,Don Bacon,4,U.S. House,2017,,linked
OH,R,Robert Latta,Bob Latta,3,Member of the Ohio House of Representatives,2003,2007,linked
OH,R,Robert Latta,Bob Latta,4,U.S. House,2007,,linked
CO,R,Peter Yu,,,,,,none
NY,R,Anthony D'Esposito,Anthony D'Esposito,4,U.S. House,2023,2025,linked
NY,R,Anthony D'Esposito,Anthony D'Esposito,2,Member of the Hempstead Town Council from the 4th district,2016,2023,linked
NY,R,Anthony D'Esposito,Anthony D'Esposito,1,Inspector General of the United States Department of Labor,2026,,linked
NY,R,Tina Forte,,,,,,none
CA,R,Michelle Steel,Michelle Steel,2,Chair of the Orange County Board of Supervisors,2020,2021,linked
CA,R,Michelle Steel,Michelle Steel,2,Member of the Orange County Board of Supervisors from the 2nd district,2015,2021,linked
CA,R,Michelle Steel,Michelle Steel,4,Member of the California State Board of Equalization from the 3rd district,2007,2015,linked
CA,R,Michelle Steel,Michelle Steel,1,United States Ambassador to South Korea,2026,,linked
CA,R,Scott Jones,Scott Jones (sheriff),2,36th Sheriff of Sacramento County,2010,2022,linked
NY,D,Patrick Ryan,Pat Ryan (politician),2,2nd County Executive of Ulster County,2019,2022,linked
OK,D,Drew Edmondson,Drew Edmondson,2,District Attorney of Muskogee County,1983,1992,linked
OK,D,Drew Edmondson,Drew Edmondson,3,State legislature,1975,1977,linked
OK,D,Drew Edmondson,Drew Edmondson,4,16th Attorney General of Oklahoma,1995,2011,linked
TX,R,John Ratcliffe,John Ratcliffe,1,6th Director of National Intelligence,2020,2021,linked
TX,R,John Ratcliffe,John Ratcliffe,4,U.S. House,2015,2020,linked
TX,R,John Ratcliffe,John Ratcliffe,2,Mayor of Heath,2004,2012,linked
TX,R,John Ratcliffe,John Ratcliffe,1,Acting United States Attorney for the Eastern District of Texas,2007,2008,linked
TX,R,John Ratcliffe,John Ratcliffe,1,9th Director of the Central Intelligence Agency,2025,,linked
CT,D,Richard Blumenthal,Richard Blumenthal,5,United States Senator,2011,,linked
CT,D,Richard Blumenthal,Richard Blumenthal,4,23rd Attorney General of Connecticut,1991,2011,linked
CT,D,Richard Blumenthal,Richard Blumenthal,3,State legislature,1987,1991,linked
CT,D,Richard Blumenthal,Richard Blumenthal,3,State legislature,1984,1987,linked
CT,D,Richard Blumenthal,Richard Blumenthal,1,United States Attorney for the District of Connecticut,1977,1981,linked
CT,D,Richard Blumenthal,Richard Blumenthal,1,Ranking Member of the Senate Veterans' Affairs Committee,2025,,linked
GA,R,Douglas Bell,,,,,,none
MO,R,Steven Bailey,,,,,,none
FL,D,Donna Shalala,Donna Shalala,4,U.S. House,2019,2021,linked
FL,D,Donna Shalala,Donna Shalala,1,President of the Clinton Foundation,2015,2017,linked
FL,D,Donna Shalala,Donna Shalala,1,5th President of the University of Miami,2001,2015,linked
FL,D,Donna Shalala,Donna Shalala,1,18th United States Secretary of Health and Human Services,1993,2001,linked
FL,D,Donna Shalala,Donna Shalala,1,"5th Chancellor of the University of Wisconsin, Madison",1988,1993,linked
FL,D,Donna Shalala,Donna Shalala,1,10th President of Hunter College,1980,1988,linked
FL,D,Donna Shalala,Donna Shalala,1,Assistant Secretary of Housing and Urban Development for Policy Development and Research,1977,1980,linked
FL,D,Donna Shalala,Donna Shalala,1,President of The New School,2023,2024,linked
NJ,D,Jeff Van Drew,Jeff Van Drew,3,State legislature,2008,2018,linked
NJ,D,Jeff Van Drew,Jeff Van Drew,3,State legislature,2002,2008,linked
NJ,D,Jeff Van Drew,Jeff Van Drew,2,Member of the Cape May County Board of Chosen Freeholders,2001,2002,linked
NJ,D,Jeff Van Drew,Jeff Van Drew,4,U.S. House,2019,,linked
MI,R,Bill Huizenga,Bill Huizenga,3,State legislature,2003,2009,linked
TX,D,Beto O'Rourke,Beto O'Rourke,2,Mayor pro tempore of El Paso,2005,2006,linked
TX,D,Beto O'Rourke,Beto O'Rourke,2,Member of the El Paso City Council from the 8th district,2005,2011,linked
TX,D,Beto O'Rourke,Beto O'Rourke,4,U.S. House,2013,2019,linked
MA,R,John Deaton,John Deaton,0,,,,linked
MS,D,Jim Hood,Jim Hood,4,39th Attorney General of Mississippi,2004,2020,linked
SC,R,Mark Sanford,Mark Sanford,4,Sanford's voice,2013,,linked
MS,D,Bennie Thompson,Bennie Thompson,1,Chair of the House January 6th Committee,2021,2023,linked
MS,D,Bennie Thompson,Bennie Thompson,1,Chair of the House Homeland Security Committee,2019,2023,linked
MS,D,Bennie Thompson,Bennie Thompson,4,U.S. House,1993,,linked
MS,D,Bennie Thompson,Bennie Thompson,1,Ranking Member of the House Homeland Security Committee,2023,,linked
TX,D,Joaquin Castro,Joaquin Castro,3,State legislature,2003,2013,linked
TX,D,Joaquin Castro,Joaquin Castro,4,U.S. House,2013,,linked
CT,R,Harry Arora,Harry Arora,3,State legislature,2020,2023,linked
IL,R,Craig Cameron,,,,,,none
ID,D,David Roth,,,,,,none
CA,D,Jackie Speier,Jackie Speier,3,State legislature,1998,2006,linked
CA,D,Jackie Speier,Jackie Speier,3,State legislature,1986,1996,linked
CA,D,Jackie Speier,Jackie Speier,2,Member of the San Mateo County Board of Supervisors from the 1st district,2025,,linked
PA,D,Dan Pastore,,,,,,none
FL,D,Hillary Clinton,,,,,,none
FL,R,Brian Mast,Brian Mast,1,Chair of the House Foreign Affairs Committee,2025,,linked
WV,D,Barry Lee Wendell,,,,,,none
MD,R,Dan Cox,Dan Cox,3,State legislature,2019,2023,linked
FL,R,Virginia Fuller,,,,,,none
MA,R,Peter Tedeschi,,,,,,none
OR,R,Brian Heinrich,,,,,,none
VA,R,Jeff Dove,,,,,,none
MN,R,Jason Lewis,Jason Lewis (Minnesota politician),4,U.S. House,2017,2019,linked
KY,D,Matthew Lehman,Matt Lehman (Kentucky politician),3,State legislature,2025,,linked
NY,R,Paul King,,,,,,none
WA,R,Cathy McMorris Rodgers,Cathy McMorris Rodgers,1,Ranking Member of the House Energy and Commerce Committee,2021,2023,linked
WA,R,Cathy McMorris Rodgers,Cathy McMorris Rodgers,1,Chair of the House Republican Conference,2013,2019,linked
WA,R,Cathy McMorris Rodgers,Cathy McMorris Rodgers,1,Vice Chair of the House Republican Conference,2009,2013,linked
WA,R,Cathy McMorris Rodgers,Cathy McMorris Rodgers,4,U.S. House,2005,2025,linked
WA,R,Cathy McMorris Rodgers,Cathy McMorris Rodgers,3,Minority Leader of the Washington House of Representatives,2003,2004,linked
WA,R,Cathy McMorris Rodgers,Cathy McMorris Rodgers,3,State legislature,1994,2005,linked
WA,R,Cathy McMorris Rodgers,Cathy McMorris Rodgers,1,Chair of the House Energy and Commerce Committee,2023,2025,linked
PA,R,John William Emmons,,,,,,none
OR,R,Lori Chavez-DeRemer,Lori Chavez-DeRemer,4,U.S. House,2023,2025,linked
OR,R,Lori Chavez-DeRemer,Lori Chavez-DeRemer,2,Mayor of Happy Valley,2011,2019,linked
NY,D,Kim Myers,,,,,,none
SD,R,Dusty Johnson,Dusty Johnson,1,Chief of Staff to the Governor of South Dakota,2011,2014,linked
SD,R,Dusty Johnson,Dusty Johnson,4,Member of the South Dakota Public Utilities Commission,2005,2011,linked
SD,R,Dusty Johnson,Dusty Johnson,4,U.S. House,2019,,linked
KY,R,Vickie Yates Glisson,,,,,,none
UT,R,Blake Moore,Blake Moore,4,U.S. House,2021,,linked
UT,R,Blake Moore,Blake Moore,1,Vice Chair of the House Republican Conference,2023,,linked
CA,R,John Cox,John H. Cox,0,,,,linked
VA,D,Anthony Flaccavento,,,,,,none
MI,D,Gretchen Whitmer,Gretchen Whitmer,1,Vice Chair of the Democratic National Committee,2021,2025,linked
MI,D,Gretchen Whitmer,Gretchen Whitmer,2,Prosecuting Attorney of Ingham County,2016,2016,linked
MI,D,Gretchen Whitmer,Gretchen Whitmer,3,Minority Leader of the Michigan Senate,2011,2015,linked
MI,D,Gretchen Whitmer,Gretchen Whitmer,3,State legislature,2006,2015,linked
MI,D,Gretchen Whitmer,Gretchen Whitmer,3,Member of the Michigan House of Representatives,2003,2006,linked
TX,R,Wesley Hunt,Wesley Hunt,4,U.S. House,2023,,linked
MD,R,Neil Parrott,Neil Parrott,3,Member of the Maryland House of Delegates,2011,2023,linked
MD,R,Neil Parrott,Neil Parrott,2,Member of the Washington County Board of County Commissioners,2026,,linked
IL,R,Tonia Khouri,,,,,,none
TX,R,Tony Gonzales,Tony Gonzales,4,U.S. House,2021,2026,linked
NY,R,James O'Donnell,,,,,,none
OH,D,Sherrod Brown,Sherrod Brown,1,Chair of the Senate Banking Committee,2021,2025,linked
OH,D,Sherrod Brown,Sherrod Brown,1,Ranking Member of the Senate Banking Committee,2015,2021,linked
OH,D,Sherrod Brown,Sherrod Brown,4,U.S. House,1993,2007,linked
OH,D,Sherrod Brown,Sherrod Brown,4,46th Secretary of State of Ohio,1983,1991,linked
OH,D,Sherrod Brown,Sherrod Brown,3,State legislature,1975,1983,linked
OH,D,Sherrod Brown,Sherrod Brown,5,Brown's voice,2007,2025,linked
KS,D,Sharice Davids,Sharice Davids,4,U.S. House,2019,,linked
GA,D,Marcus Flowers,,,,,,none
SC,D,James Clyburn,Jim Clyburn,1,House Assistant Democratic Leader,2023,2024,linked
SC,D,James Clyburn,Jim Clyburn,1,House Majority Whip,2019,2023,linked
SC,D,James Clyburn,Jim Clyburn,1,Chair of the House Democratic Caucus,2006,2007,linked
SC,D,James Clyburn,Jim Clyburn,1,Vice Chair of the House Democratic Caucus,2003,2006,linked
SC,D,James Clyburn,Jim Clyburn,4,Clyburn's voice,1993,,linked
OK,D,Mary Brannon,,,,,,none
IL,R,Mike Bost,Mike Bost,1,Ranking Member of the House Veterans' Affairs Committee,2021,2023,linked
IL,R,Mike Bost,Mike Bost,4,U.S. House,2015,,linked
IL,R,Mike Bost,Mike Bost,3,State legislature,1995,2015,linked
IL,R,Mike Bost,Mike Bost,1,Chair of the House Veterans' Affairs Committee,2023,,linked
MN,R,Tom Emmer,Tom Emmer,1,House Majority Whip,2023,,linked
MN,R,Tom Emmer,Tom Emmer,1,Chair of the National Republican Congressional Committee,2019,2023,linked
MN,R,Tom Emmer,Tom Emmer,4,U.S. House,2015,,linked
MN,R,Tom Emmer,Tom Emmer,3,State legislature,2005,2011,linked
NY,D,Matt Castelli,,,,,,none
AZ,D,Greg Stanton,Greg Stanton,2,60th Mayor of Phoenix,2012,2018,linked
PA,D,John Fetterman,John Fetterman,4,34th Lieutenant Governor of Pennsylvania,2019,2023,linked
PA,D,John Fetterman,John Fetterman,2,Mayor of Braddock,2006,2019,linked
PA,D,John Fetterman,John Fetterman,5,United States Senator,2023,,linked
CA,R,Devin Nunes,Devin Nunes,1,Ranking Member of the House Intelligence Committee,2019,2022,linked
CA,R,Devin Nunes,Devin Nunes,1,Chair of the House Intelligence Committee,2015,2019,linked
CA,R,Devin Nunes,Devin Nunes,1,Chair of the President's Intelligence Advisory Board,2025,,linked
KS,R,Lynn Jenkins,Lynn Jenkins,4,U.S. House,2009,2019,linked
KS,R,Lynn Jenkins,Lynn Jenkins,4,37th Treasurer of Kansas,2003,2009,linked
KS,R,Lynn Jenkins,Lynn Jenkins,3,State legislature,2001,2003,linked
KS,R,Lynn Jenkins,Lynn Jenkins,3,State legislature,1999,2001,linked
KS,R,Lynn Jenkins,Lynn Jenkins,1,Vice Chair of the House Republican Conference,2013,2017,linked
KS,R,Jerry Moran,Jerry Moran,1,Ranking Member of the Senate Veterans' Affairs Committee,2021,2025,linked
KS,R,Jerry Moran,Jerry Moran,1,Chair of the National Republican Senatorial Committee,2013,2015,linked
KS,R,Jerry Moran,Jerry Moran,5,United States Senator,2011,,linked
KS,R,Jerry Moran,Jerry Moran,4,U.S. House,1997,2011,linked
KS,R,Jerry Moran,Jerry Moran,3,State legislature,1989,1997,linked
KS,R,Jerry Moran,Jerry Moran,1,Chair of the Senate Veterans' Affairs Committee,2025,,linked
TN,D,Mariah Phillips,,,,,,none
PA,D,Ron DiNicola,,,,,,none
CA,D,Tony Cárdenas,Tony Cárdenas,2,Member of the Los Angeles City Council from the 6th district,2003,2013,linked
CA,D,Tony Cárdenas,Tony Cárdenas,3,State legislature,1996,2002,linked
CA,D,Tony Cárdenas,Tony Cárdenas,4,Cárdenas's voice,2013,2025,linked
CA,R,Brian Dahle,Brian Dahle,3,Minority Leader of the California Assembly,2017,2018,linked
CA,R,Brian Dahle,Brian Dahle,3,State legislature,2012,2019,linked
CA,R,Brian Dahle,Brian Dahle,2,Member of the Lassen County Board of Supervisors from the 4th district,1997,2012,linked
CA,R,Brian Dahle,Brian Dahle,3,State legislature,2019,2024,linked
FL,D,Chris Hunter,,,,,,none
CA,R,Melissa Toomim,,,,,,none
TX,R,Bill Flores,Bill Flores,4,U.S. House,2011,2021,linked
TX,R,Bill Flores,Bill Flores,1,Chair of the Republican Study Committee,2015,2017,linked
CA,D,Adam Schiff,Adam Schiff,1,Chair of the House Intelligence Committee,2019,2023,linked
CA,D,Adam Schiff,Adam Schiff,1,Ranking Member of the House Intelligence Committee,2015,2019,linked
CA,D,Adam Schiff,Adam Schiff,3,State legislature,1996,2000,linked
CA,D,Adam Schiff,Adam Schiff,5,Schiff's voice,2024,,linked
OH,D,Greg Landsman,Greg Landsman,2,Member of the Cincinnati City Council,2018,2022,linked
OH,D,Greg Landsman,Greg Landsman,4,U.S. House,2023,,linked
AL,R,Gary Palmer,Gary Palmer,4,U.S. House,2015,,linked
AL,R,Gary Palmer,Gary Palmer,1,Chair of the House Republican Policy Committee,2019,2025,linked
WA,R,Susan Hutchison,Susan Hutchison,1,Chair of the Washington Republican Party,2013,2018,linked
MI,R,Eric Esshaki,,,,,,none
CA,D,Mike Thompson,Mike Thompson,3,State legislature,1993,1998,linked
CA,D,Mike Thompson,Mike Thompson,3,State legislature,1990,1993,linked
CA,D,Eric Swalwell,Eric Swalwell,2,Member of the Dublin City Council,2010,2013,linked
NY,D,Thomas Suozzi,Tom Suozzi,2,7th County Executive of Nassau County,2002,2009,linked
NY,D,Thomas Suozzi,Tom Suozzi,2,Mayor of Glen Cove,1994,2001,linked
NY,D,Thomas Suozzi,Tom Suozzi,4,Suozzi's voice,2024,,linked
OH,R,David Joyce,David Joyce (politician),4,U.S. House,2013,,linked
OH,R,David Joyce,David Joyce (politician),2,39th Prosecutor of Geauga County,1988,2013,linked
OH,R,David Joyce,David Joyce (politician),1,Chair of the Republican Governance Group,2022,2025,linked
FL,D,Donna Deegan,Donna Deegan,2,9th Mayor of Jacksonville,2023,,linked
FL,D,Dana Marie Cottrell,,,,,,none
PA,R,Kathy Barnette,Kathy Barnette,0,,,,linked
IN,D,Jennifer McCormick,Jennifer McCormick,4,44th Indiana Superintendent of Public Instruction,2017,2021,linked
FL,D,Gay Valimont,,,,,,none
GA,R,Jody Hice,Jody Hice,4,U.S. House,2015,2023,linked
VT,R,Scott Milne,Scott Milne,0,,,,linked
TX,R,Michael McCaul,Michael McCaul,1,Ranking Member of the House Foreign Affairs Committee,2019,2023,linked
TX,R,Michael McCaul,Michael McCaul,1,Chair of the House Homeland Security Committee,2013,2019,linked
TX,R,Michael McCaul,Michael McCaul,4,U.S. House,2005,,linked
TX,R,Michael McCaul,Michael McCaul,1,Chair of the House Foreign Affairs Committee,2023,2025,linked
TX,R,Beth Van Duyne,Beth Van Duyne,2,Mayor of Irving,2011,2017,linked
TX,R,Beth Van Duyne,Beth Van Duyne,4,U.S. House,2021,,linked
CA,R,Mike Cargile,,,,,,none
OH,R,John Adams,,,,,,none
IL,D,Brendan Kelly,,,,,,none
WA,R,Michael Baumgartner,Michael Baumgartner,2,Treasurer of Spokane County,2019,2025,linked
WA,R,Michael Baumgartner,Michael Baumgartner,3,State legislature,2011,2019,linked
WA,R,Michael Baumgartner,Michael Baumgartner,4,U.S. House,2025,,linked
CA,R,Anita Chen,,,,,,none
NC,R,Ted Budd,Ted Budd,4,U.S. House,2017,2023,linked
NC,R,Ted Budd,Ted Budd,5,United States Senator,2023,,linked
CA,R,Eric Ching,,,,,,none
OR,R,Christine Drazan,Christine Drazan,3,Minority Leader of the Oregon House of Representatives,2025,2025,linked
OR,R,Christine Drazan,Christine Drazan,3,Member of the Oregon House of Representatives,2025,2025,linked
OR,R,Christine Drazan,Christine Drazan,3,State legislature,2025,,linked
NY,R,Michael Zumbluskas,,,,,,none
MD,R,Pat McDonough,Pat McDonough,3,State legislature,1979,1983,linked
MD,R,Pat McDonough,Pat McDonough,3,State legislature,2003,2019,linked
CA,R,Vin Kruttiventi,,,,,,none
WV,D,Ben Salango,,,,,,none
NY,R,Ruben Vargas,,,,,,none
FL,R,Gus Bilirakis,Gus Bilirakis,3,State legislature,1998,2006,linked
FL,R,Gus Bilirakis,Gus Bilirakis,1,Bilirakis's voice,2007,,linked
CA,D,Will Rollins,,,,,,none
KY,D,Charles Booker,Charles Booker (American politician),3,State legislature,2019,2021,linked
IA,R,David Young,David Young (Iowa politician),4,U.S. House,2015,2019,linked
IA,R,David Young,David Young (Iowa politician),3,State legislature,2023,,linked
NM,D,Ben Ray Luján,Ben Ray Luján,1,Assistant Speaker of the United States House of Representatives,2019,2021,linked
NM,D,Ben Ray Luján,Ben Ray Luján,1,Chair of the Democratic Congressional Campaign Committee,2015,2019,linked
NM,D,Ben Ray Luján,Ben Ray Luján,4,U.S. House,2009,2021,linked
NM,D,Ben Ray Luján,Ben Ray Luján,4,Member of the New Mexico Public Regulation Commission from the 3rd district,2005,2009,linked
NM,D,Ben Ray Luján,Ben Ray Luján,5,United States Senator,2021,,linked
IA,D,Michael Franken,Michael Franken,1,Director of the Defense POW/MIA Accounting Agency,2015,2017,linked
MD,R,Liz Matory,,,,,,none
FL,R,Aaron Bean,Aaron Bean,3,President pro tempore of the Florida Senate,2020,2022,linked
FL,R,Aaron Bean,Aaron Bean,3,State legislature,2012,2022,linked
FL,R,Aaron Bean,Aaron Bean,3,State legislature,2000,2008,linked
FL,R,Aaron Bean,Aaron Bean,4,U.S. House,2023,,linked
CA,D,Doris Matsui,Doris Matsui,0,,,,linked
IL,R,Tommy Hanson,,,,,,none
CT,R,Margaret Streicker,,,,,,none
FL,D,Ken McGurn,,,,,,none
NV,D,Susie Lee,Susie Lee,4,U.S. House,2019,,linked
AZ,D,Mark Kelly,Mark Kelly,5,United States Senator,2020,,linked
GA,R,Rich McCormick,Rich McCormick,0,,,,linked
WA,R,Jesse Jensen,,,,,,none
NV,R,Mark Amodei,Mark Amodei,1,Chair of the Nevada Republican Party,2010,2011,linked
NV,R,Mark Amodei,Mark Amodei,3,State legislature,1999,2011,linked
NV,R,Mark Amodei,Mark Amodei,3,State legislature,1997,1999,linked
NV,R,Mark Amodei,Mark Amodei,4,U.S. House,2011,,linked
NY,D,George Latimer,George Latimer (New York politician),2,9th Westchester County Executive,2018,2025,linked
NY,D,George Latimer,George Latimer (New York politician),3,State legislature,2013,2017,linked
NY,D,George Latimer,George Latimer (New York politician),3,State legislature,2005,2012,linked
NY,D,George Latimer,George Latimer (New York politician),2,Member of the Westchester County Board of Legislators from the 7th district,1992,2004,linked
NY,D,George Latimer,George Latimer (New York politician),4,U.S. House,2025,,linked
CA,R,Steve Garvey,Steve Garvey,0,,,,linked
MO,D,Dave Cowell,,,,,,none
WI,D,Rebecca Cooke,Rebecca Cooke (politician),0,,,,linked
OH,R,Troy Balderson,Troy Balderson,3,State legislature,2011,2018,linked
OH,R,Troy Balderson,Troy Balderson,3,State legislature,2009,2011,linked
OH,R,Troy Balderson,Troy Balderson,4,Balderson's voice,2018,,linked
CA,R,Nisha Sharma,,,,,,none
ID,D,Wendy Norman,,,,,,none
NY,R,John Faso,John Faso,3,Minority Leader of the New York State Assembly,1998,2002,linked
NY,R,John Faso,John Faso,3,State legislature,1987,2002,linked
NY,R,John Faso,John Faso,4,U.S. House,2017,2019,linked
OH,R,Rob Portman,Rob Portman,5,United States Senator,2011,2023,linked
OH,R,Rob Portman,Rob Portman,1,35th Director of the Office of Management and Budget,2006,2007,linked
OH,R,Rob Portman,Rob Portman,1,14th United States Trade Representative,2005,2006,linked
OH,R,Rob Portman,Rob Portman,4,U.S. House,1993,,linked
OH,R,Rob Portman,Rob Portman,1,White House Director of Legislative Affairs,1989,1991,linked
OH,R,Rob Portman,Rob Portman,1,Ranking Member of the Senate Homeland Security Committee,2021,2023,linked
AZ,R,Dave Giles,,,,,,none
CA,R,Mark Reed,,,,,,none
PA,R,James Hayes,,,,,,none
MO,D,Trudy Busch Valentine,,,,,,none
TX,D,Pete Gallego,Pete Gallego,3,Member of the Texas House of Representatives,1991,2013,linked
TX,D,Pete Gallego,Pete Gallego,4,U.S. House,2013,2015,linked
SC,D,Jaime Harrison,Jaime Harrison,1,Chair of the South Carolina Democratic Party,2013,2017,linked
SC,D,Jaime Harrison,Jaime Harrison,1,Chair of the Democratic National Committee,2021,2025,linked
IN,D,Ray McCormick,,,,,,none
VA,R,Dave Brat,Dave Brat,1,Dean of the Liberty University School of Business,2019,2023,linked
VA,R,Dave Brat,Dave Brat,4,U.S. House,2014,,linked
NY,R,Peter King,Peter King (American politician),1,Ranking Member of the House Homeland Security Committee,2007,2011,linked
NY,R,Peter King,Peter King (American politician),2,Comptroller of Nassau County,1982,1993,linked
NY,R,Peter King,Peter King (American politician),1,Chair of the House Homeland Security Committee,2011,2013,linked
MI,R,Mike Bishop,Mike Bishop (politician),3,Majority Leader of the Michigan Senate,2007,2011,linked
MI,R,Mike Bishop,Mike Bishop (politician),3,State legislature,2003,2011,linked
MI,R,Mike Bishop,Mike Bishop (politician),3,State legislature,1999,2003,linked
MI,R,Mike Bishop,Mike Bishop (politician),4,U.S. House,2015,2019,linked
FL,D,Frederica Wilson,Frederica Wilson,3,State legislature,2002,2010,linked
FL,D,Frederica Wilson,Frederica Wilson,3,State legislature,1998,2002,linked
WA,R,Elizabeth Kreiselmaier,,,,,,none
MI,D,Carl Marlinga,,,,,,none
MT,D,Monica Tranel,Monica Tranel,0,,,,linked
UT,R,Chris Stewart,Chris Stewart (Utah politician),4,U.S. House,2013,2023,linked
MN,D,Timothy Walz,Tim Walz,1,Ranking Member of the House Veterans' Affairs Committee,2017,2019,linked
MN,D,Timothy Walz,Tim Walz,4,U.S. House,2007,2019,linked
AZ,R,John McCain,John McCain,5,United States Senator,1987,2018,linked
AZ,R,John McCain,John McCain,4,U.S. House,1983,1987,linked
AZ,R,John McCain,John McCain,1,Chair of the Senate Armed Services Committee,2015,2018,linked
AZ,R,John McCain,John McCain,1,Chair of the Senate Indian Affairs Committee,2005,2007,linked
AZ,R,John McCain,John McCain,1,Chair of the Senate Commerce Committee,2003,2005,linked
IN,R,Gunny Harmon,,,,,,none
IA,R,Ashley Hinson,Ashley Hinson,3,State legislature,2017,2021,linked
CA,R,Anna Cheng Kramer,,,,,,none
VA,R,Bob Goodlatte,Bob Goodlatte,1,Chair of the House Agriculture Committee,2003,2007,linked
VA,R,Bob Goodlatte,Bob Goodlatte,4,U.S. House,1993,2019,linked
VA,R,Bob Goodlatte,Bob Goodlatte,1,Chair of the House Judiciary Committee,2013,2019,linked
SC,R,Duke Buckner,,,,,,none
SD,D,Jamie Smith,Jamie Smith (politician),3,Minority Leader of the South Dakota House of Representatives,2019,2023,linked
SD,D,Jamie Smith,Jamie Smith (politician),3,State legislature,2017,2023,linked
SD,D,Jamie Smith,Jamie Smith (politician),3,State legislature,2025,,linked
CA,D,Audrey Denney,,,,,,none
GA,D,Jon Ossoff,Jon Ossoff,5,United States Senator,2021,,linked
NH,D,Jeanne Shaheen,Jeanne Shaheen,1,Ranking Member of the Senate Foreign Relations Committee,2025,,linked
NH,D,Jeanne Shaheen,Jeanne Shaheen,5,78th Governor of New Hampshire,1997,2003,linked
NH,D,Jeanne Shaheen,Jeanne Shaheen,3,Ranking Member of the Senate Small Business Committee,1990,1996,linked
NH,D,Jeanne Shaheen,Jeanne Shaheen,5,Shaheen's voice,2009,,linked
MS,R,Michael Guest,Michael Guest (politician),1,Ranking Member of the House Ethics Committee,2022,2023,linked
MS,R,Michael Guest,Michael Guest (politician),4,U.S. House,2019,,linked
MS,R,Michael Guest,Michael Guest (politician),2,District Attorney of Rankin County and Madison County,2008,2019,linked
MS,R,Michael Guest,Michael Guest (politician),1,Chair of the House Ethics Committee,2023,,linked
CA,R,Dale Mensing,,,,,,none
VA,R,Ryan McAdams,,,,,,none
WI,D,Kristin Lyerly,,,,,,none
PA,D,Bibiana Boerio,Bibiana Boerio,0,,,,linked
TX,R,Mayra Flores,Mayra Flores,4,U.S. House,2022,,linked
OH,R,Mike DeWine,Mike DeWine,5,United States Senator,1995,2007,linked
OH,R,Mike DeWine,Mike DeWine,4,59th Lieutenant Governor of Ohio,1991,1994,linked
OH,R,Mike DeWine,Mike DeWine,4,U.S. House,1983,1991,linked
OH,R,Mike DeWine,Mike DeWine,3,State legislature,1981,1982,linked
OH,R,Mike DeWine,Mike DeWine,2,Prosecutor of Greene County,1977,1981,linked
OH,R,Mike DeWine,Mike DeWine,5,Governor of Ohio,2019,,linked
IL,R,Marcus Lewis,,,,,,none
DE,R,Lee Murphy,,,,,,none
TN,R,Marsha Blackburn,Marsha Blackburn,4,U.S. House,2003,2019,linked
TN,R,Marsha Blackburn,Marsha Blackburn,3,State legislature,1999,2003,linked
TN,R,Marsha Blackburn,Marsha Blackburn,1,"Executive Director of the Tennessee Film, Entertainment, and Music Commission",1995,1997,linked
TN,R,Marsha Blackburn,Marsha Blackburn,5,United States Senator,2019,,linked
MI,R,Peter Meijer,Peter Meijer,4,U.S. House,2021,2023,linked
CO,D,Trisha Calvarese,,,,,,none
AR,R,French Hill,French Hill (politician),4,U.S. House,2015,,linked
AR,R,French Hill,French Hill (politician),1,Chair of the House Financial Services Committee,2025,,linked
PA,D,Tom Wolf,Tom Wolf,1,Secretary of Revenue of Pennsylvania,2007,2008,linked
MI,R,John Moolenaar,John Moolenaar,3,State legislature,2011,2014,linked
MI,R,John Moolenaar,John Moolenaar,3,State legislature,2003,2008,linked
MI,R,John Moolenaar,John Moolenaar,1,Chair of the House Committee on the Chinese Communist Party,2024,,linked
CA,D,Ammar Campa-Najjar,Ammar Campa-Najjar,0,,,,linked
NJ,D,Andy Kim,Andy Kim,4,U.S. House,2019,2024,linked
NJ,D,Andy Kim,Andy Kim,5,Kim's voice,2024,,linked
AZ,D,Javier Ramos,,,,,,none
AZ,R,Paul Gosar,Paul Gosar,0,,,,linked
TX,R,Steven Wright,,,,,,none
MI,D,Gretchen Driskell,Gretchen Driskell,3,State legislature,2013,2016,linked
TX,D,Colin Allred,Colin Allred,4,Allred's voice,2019,2025,linked
VA,R,Mike Wade,,,,,,none
AZ,R,Wendy Rogers,Wendy Rogers (politician),3,Member of the Arizona Senate,2021,,linked
CA,R,Jim DeBello,,,,,,none
PA,R,Lloyd Smucker,Lloyd Smucker,3,State legislature,2009,2016,linked
NY,R,Cathy Bernstein,,,,,,none
FL,R,Laurel Lee,Laurel Lee,4,30th Secretary of State of Florida,2019,2022,linked
FL,R,Laurel Lee,Laurel Lee,2,Judge of the Thirteenth Judicial Circuit Court of Florida,2013,2019,linked
FL,R,Laurel Lee,Laurel Lee,4,U.S. House,2023,,linked
TN,D,Randal Cooper,,,,,,none
SC,D,Joe Cunningham,Joe Cunningham (American politician),4,U.S. House,2019,2021,linked
IL,R,Darin LaHood,Darin LaHood,3,State legislature,2011,2015,linked
NY,D,John Mannion,John Mannion (American politician),3,State legislature,2020,2024,linked
NY,D,John Mannion,John Mannion (American politician),4,U.S. House,2025,,linked
PA,R,Michael Harvey,,,,,,none
TX,R,Lance Gooden,Lance Gooden,3,State legislature,2017,2019,linked
TX,R,Lance Gooden,Lance Gooden,4,U.S. House,2019,,linked
ND,D,Mac Schneider,Mac Schneider,3,Minority Leader of the North Dakota Senate,2013,2016,linked
ND,D,Mac Schneider,Mac Schneider,3,State legislature,2009,2016,linked
ND,D,Mac Schneider,Mac Schneider,1,United States Attorney for the District of North Dakota,2022,2025,linked
MO,D,Emanuel Cleaver,Emanuel Cleaver,4,U.S. House,2005,,linked
MO,D,Emanuel Cleaver,Emanuel Cleaver,2,51st Mayor of Kansas City,1991,1999,linked
MO,D,Emanuel Cleaver,Emanuel Cleaver,1,Chair of the Congressional Black Caucus,2011,2013,linked
GA,R,Johnny Isakson,Johnny Isakson,1,Chair of the Senate Veterans Affairs Committee,2015,2019,linked
GA,R,Johnny Isakson,Johnny Isakson,1,Chair of the Senate Ethics Committee,2015,2019,linked
GA,R,Johnny Isakson,Johnny Isakson,4,U.S. House,1999,,linked
GA,R,Johnny Isakson,Johnny Isakson,3,State legislature,1993,1997,linked
GA,R,Johnny Isakson,Johnny Isakson,3,Minority Leader of the Georgia House of Representatives,1983,1991,linked
GA,R,Johnny Isakson,Johnny Isakson,3,Member of the Georgia House of Representatives,1977,1991,linked
GA,R,Johnny Isakson,Johnny Isakson,5,United States Senator,2005,2019,linked
ID,D,Paulette Jordan,Paulette Jordan,3,State legislature,2014,2018,linked
MS,R,Brian Flowers,,,,,,none
NV,D,Dina Titus,Dina Titus,3,State legislature,1988,2008,linked
NV,D,Dina Titus,Dina Titus,1,Titus's voice,2013,,linked
NH,R,Matt Mowers,,,,,,none
CT,R,Jennifer Nye,,,,,,none
CA,D,Max Steiner,,,,,,none
CA,R,Peter Hernandez,,,,,,none
AZ,D,Jonathan Nez,Jonathan Nez,2,9th Vice President of the Navajo Nation,2015,2019,linked
AZ,D,Jonathan Nez,Jonathan Nez,2,Member of the Navajo Nation Council,2007,2015,linked
AZ,D,Jonathan Nez,Jonathan Nez,2,9th President of the Navajo Nation,2019,2023,linked
PA,D,Dwight Evans,Dwight Evans (politician),3,State legislature,1981,2016,linked
CA,D,Hillary Clinton,,,,,,none
MD,R,William Devine,,,,,,none
NJ,R,Carmen Bucco,,,,,,none
RI,R,Bob Flanders,Robert Flanders,4,Associate Justice of the Rhode Island Supreme Court,1996,2004,linked
CA,R,Cristina Osmeña,,,,,,none
WA,R,Timothy Hazelo,,,,,,none
CT,D,Elizabeth Esty,Elizabeth Esty,3,State legislature,2009,2011,linked
CT,D,Elizabeth Esty,Elizabeth Esty,4,U.S. House,2013,2019,linked
MD,R,Gregory Thomas Coll,,,,,,none
HI,R,Donald Trump,,,,,,none
TN,R,Tim Burchett,Tim Burchett,2,Mayor of Knox County,2010,2018,linked
TN,R,Tim Burchett,Tim Burchett,3,State legislature,1999,2010,linked
TN,R,Tim Burchett,Tim Burchett,3,State legislature,1995,1999,linked
TN,R,Tim Burchett,Tim Burchett,4,U.S. House,2019,,linked
NC,R,Christian Castelli,,,,,,none
UT,R,Blake David Moore,Blake Moore,4,U.S. House,2021,,linked
UT,R,Blake David Moore,Blake Moore,1,Vice Chair of the House Republican Conference,2023,,linked
SC,D,Kathryn Harvey,,,,,,none
IL,R,Esther Joy King,,,,,,none
TX,R,Michael Cloud,Michael Cloud,4,U.S. House,2018,,linked
CA,R,Edward Royce,Ed Royce (politician),3,State legislature,1982,1993,linked
CA,R,Edward Royce,Ed Royce (politician),1,Chair of the House Foreign Affairs Committee,2013,2019,linked
AZ,D,Katie Hobbs,Katie Hobbs,4,21st Secretary of State of Arizona,2019,2023,linked
AZ,D,Katie Hobbs,Katie Hobbs,3,Minority Leader of the Arizona Senate,2015,2019,linked
AZ,D,Katie Hobbs,Katie Hobbs,3,State legislature,2013,2019,linked
AZ,D,Katie Hobbs,Katie Hobbs,3,State legislature,2011,2013,linked
AZ,D,Katie Hobbs,Katie Hobbs,5,24th Governor of Arizona,2023,,linked
CA,D,Mark Takano,Mark Takano,1,Chair of the House Veterans' Affairs Committee,2019,2023,linked
CA,D,Mark Takano,Mark Takano,1,Ranking Member of the House Veterans' Affairs Committee,2023,,linked
ID,R,Michael Simpson,Mike Simpson,3,38th Speaker of the Idaho House of Representatives,1992,1998,linked
ID,R,Michael Simpson,Mike Simpson,3,Member of the Idaho House of Representatives,1984,1998,linked
ID,R,Michael Simpson,Mike Simpson,4,U.S. House,1999,,linked
GA,D,Sanford Bishop,Sanford Bishop,3,State legislature,1991,1993,linked
GA,D,Sanford Bishop,Sanford Bishop,3,State legislature,1977,1991,linked
GA,D,Sanford Bishop,Sanford Bishop,4,U.S. House,1993,,linked
VA,R,Thomas Oh,,,,,,none
FL,R,Jesus Gabriel Navarro,,,,,,none
SC,R,Joe Wilson,Joe Wilson,3,State legislature,1985,2001,linked
SC,R,Joe Wilson,Joe Wilson,4,Wilson's voice,2001,,linked
MD,R,George McDermott,,,,,,none
NY,R,Michael Lawler,Mike Lawler,3,State legislature,2021,2022,linked
NY,R,Michael Lawler,Mike Lawler,4,U.S. House,2023,,linked
OK,R,Tom Cole,Tom Cole,1,Chair of the House Rules Committee,2023,2024,linked
OK,R,Tom Cole,Tom Cole,1,Ranking Member of the House Rules Committee,2019,2023,linked
OK,R,Tom Cole,Tom Cole,1,Chair of the National Republican Congressional Committee,2007,2009,linked
OK,R,Tom Cole,Tom Cole,4,U.S. House,2003,,linked
OK,R,Tom Cole,Tom Cole,4,26th Secretary of State of Oklahoma,1995,1999,linked
OK,R,Tom Cole,Tom Cole,3,State legislature,1988,1991,linked
OK,R,Tom Cole,Tom Cole,1,Chair of the House Appropriations Committee,2024,,linked
CA,R,Larry Thompson,Larry A. Thompson,0,,,,linked
GA,R,Eugene Yu,,,,,,none
PA,D,Bob Hollister,,,,,,none
CA,D,Juan Vargas,Juan Vargas,3,State legislature,2010,2013,linked
CA,D,Juan Vargas,Juan Vargas,3,State legislature,2000,2006,linked
CA,D,Juan Vargas,Juan Vargas,2,Member of San Diego City Council from the 8th district,1993,2000,linked
OR,R,Monique DeSpain,,,,,,none
CA,R,Bill Wells,,,,,,none
OR,R,Amy Ryan Courser,,,,,,none
MI,D,Hillary Scholten,Hillary Scholten,4,U.S. House,2023,,linked
WA,R,Loren Culp,,,,,,none
MD,R,John Walsh,,,,,,none
AL,D,Jesse Smith,,,,,,none
NY,D,Josh Riley,Josh Riley,4,U.S. House,2025,,linked
MS,R,Gregg Harper,Gregg Harper,4,U.S. House,2009,2019,linked
MS,R,Gregg Harper,Gregg Harper,1,Chair of the House Administration Committee,2017,2019,linked
HI,D,Jill Tokuda,Jill Tokuda,3,State legislature,2006,2018,linked
HI,D,Jill Tokuda,Jill Tokuda,4,U.S. House,2023,,linked
NJ,D,Josh Gottheimer,Josh Gottheimer,4,U.S. House,2017,,linked
NC,D,Josh Brannon,,,,,,none
MA,D,Maura Healey,Maura Healey,4,44th Attorney General of Massachusetts,2015,2023,linked
SC,D,Mal Hyman,,,,,,none
IN,D,Ron Drake,Ron Drake,4,Member of the Indiana House of Representatives from Clay County and Sullivan County,1962,1966,linked
WY,R,Mark Gordon,Mark Gordon,4,29th Treasurer of Wyoming,2012,2019,linked
WY,R,Mark Gordon,Mark Gordon,5,33rd Governor of Wyoming,2019,,linked
FL,D,Jim Lange,,,,,,none
CA,R,Chris Coulombe,,,,,,none
CA,D,Jim Reed,,,,,,none
AK,R,Mike Dunleavy,Mike Dunleavy (politician),3,Member of the Alaska State Senate,2013,2018,linked
AK,R,Mike Dunleavy,Mike Dunleavy (politician),5,Governor of Alaska,2018,,linked
AL,R,Dale Strong,Dale Strong,2,Chair of the Madison County Commission,2012,2023,linked
AL,R,Dale Strong,Dale Strong,2,Member of the Madison County Commission from the 4th district,1996,2012,linked
AL,R,Dale Strong,Dale Strong,4,U.S. House,2023,,linked
NY,R,Nick Langworthy,Nick Langworthy,1,Chair of the New York Republican Party,2019,2023,linked
NY,R,Nick Langworthy,Nick Langworthy,2,"Chair of the Erie County, New York Republican Committee",2010,2019,linked
NY,R,Nick Langworthy,Nick Langworthy,4,U.S. House,2023,,linked
NY,R,Yuri Dashevsky,,,,,,none
FL,D,Patrick Murphy,Patrick Murphy (Florida politician),4,U.S. House,2013,2017,linked
FL,R,Maria Elvira Salazar,María Elvira Salazar,4,U.S. House,2021,,linked
NY,R,Andrew Garbarino,Andrew Garbarino,4,U.S. House,2021,,linked
NY,R,Andrew Garbarino,Andrew Garbarino,3,State legislature,2013,2020,linked
NY,R,Andrew Garbarino,Andrew Garbarino,1,Chair of the House Homeland Security Committee,2025,,linked
GA,D,Raphael Warnock,Raphael Warnock,5,United States Senator,2021,,linked
CA,R,Andy Caldwell,,,,,,none
TX,R,Randy Weber,Randy Weber,3,State legislature,2009,2013,linked
TX,R,Randy Weber,Randy Weber,4,U.S. House,2013,,linked
WA,R,Jeffrey Beeler,,,,,,none
NY,D,Mondaire Jones,Mondaire Jones,4,U.S. House,2021,2023,linked
NY,D,Mondaire Jones,Mondaire Jones,1,Member of the United States Commission on Civil Rights,2023,,linked
NV,D,Jacky Rosen,Jacky Rosen,4,U.S. House,2017,2019,linked
NV,D,Jacky Rosen,Jacky Rosen,5,United States Senator,2019,,linked
OR,R,Bud Pierce,Bud Pierce,0,,,,linked
TX,R,Susan Narvaiz,,,,,,none
VA,D,Abigail Spanberger,Abigail Spanberger,4,U.S. House,2019,2025,linked
VA,D,Abigail Spanberger,Abigail Spanberger,1,Spanberger's voice,2026,,linked
WI,R,Peter Theron,,,,,,none
WV,D,Chris Bob Reed,,,,,,none
NH,R,Jim Lawrence,,,,,,none
CA,R,Sean Flynn,,,,,,none
ME,R,Shawn Moody,,,,,,none
NJ,R,Teddy Liddell,,,,,,none
TX,R,Jenny Garcia Sharon,,,,,,none
AL,D,Mallory Hagan,Mallory Hagan,0,,,,linked
OK,R,Kevin Hern,Kevin Hern,4,U.S. House,2018,,linked
OK,R,Kevin Hern,Kevin Hern,1,Chair of the House Republican Policy Committee,2025,2026,linked
OK,R,Kevin Hern,Kevin Hern,1,Chair of the Republican Study Committee,2023,2025,linked
NY,R,Claudia Tenney,Claudia Tenney,3,Member of the New York State Assembly,2011,2016,linked
OH,D,Janet Garrett,,,,,,none
TX,R,Fabian Cordova Vasquez,,,,,,none
MD,D,Wes Moore,Wes Moore,1,Chair of the National Governors Association,2026,,linked
CO,R,Charles Casper Stockham,,,,,,none
CA,R,Darrell Issa,Darrell Issa,1,Chair of the House Oversight Committee,2011,2015,linked
CA,R,Darrell Issa,Darrell Issa,1,Issa's voice,2021,,linked
MO,R,Sam Graves,Sam Graves,1,Chair of the House Transportation Committee,2023,,linked
MO,R,Sam Graves,Sam Graves,1,Ranking Member of the House Transportation Committee,2019,2023,linked
MO,R,Sam Graves,Sam Graves,1,Chair of the House Small Business Committee,2011,2015,linked
MO,R,Sam Graves,Sam Graves,1,Ranking Member of the House Small Business Committee,2009,2011,linked
MO,R,Sam Graves,Sam Graves,3,State legislature,1995,2001,linked
MO,R,Sam Graves,Sam Graves,3,State legislature,1993,1995,linked
MO,R,Sam Graves,Sam Graves,4,U.S. House,2001,,linked
OR,R,Mike Erickson,Mike Erickson,0,,,,linked
MI,D,Kimberly Bizon,,,,,,none
FL,R,Daniel Webster,Daniel Webster (Florida politician),3,Majority Leader of the Florida Senate,2006,2008,linked
FL,R,Daniel Webster,Daniel Webster (Florida politician),3,Member of the Florida Senate,1998,2008,linked
FL,R,Daniel Webster,Daniel Webster (Florida politician),3,89th Speaker of the Florida House of Representatives,1996,1998,linked
FL,R,Daniel Webster,Daniel Webster (Florida politician),3,Member of the Florida House of Representatives,1980,1998,linked
IL,D,C. J. Baricevic,,,,,,none
MA,D,William Keating,Bill Keating,2,District Attorney of Norfolk County,1999,2011,linked
MA,D,William Keating,Bill Keating,3,Member of the Massachusetts Senate,1985,1999,linked
MA,D,William Keating,Bill Keating,3,Member of the Massachusetts House of Representatives,1977,1985,linked
NM,D,Michelle Lujan Grisham,Michelle Lujan Grisham,4,U.S. House,2013,2019,linked
NM,D,Michelle Lujan Grisham,Michelle Lujan Grisham,2,Member of the Bernalillo County Commission from the 1st district,2011,2012,linked
NM,D,Michelle Lujan Grisham,Michelle Lujan Grisham,1,Secretary of Health of New Mexico,2004,2007,linked
AL,D,Elizabeth Anderson,,,,,,none
CA,R,Tamika Hamilton,,,,,,none
TN,D,Heidi Campbell,Heidi Campbell (politician),2,Mayor of Oak Hill,2014,2020,linked
TN,D,Heidi Campbell,Heidi Campbell (politician),3,State legislature,2021,,linked
SC,R,William Timmons,William Timmons,3,State legislature,2016,2018,linked
SC,R,William Timmons,William Timmons,4,U.S. House,2019,,linked
NJ,D,Donald Norcross,Donald Norcross,3,State legislature,2010,2014,linked
NJ,D,Donald Norcross,Donald Norcross,3,State legislature,2010,2010,linked
NJ,D,Donald Norcross,Donald Norcross,4,U.S. House,2014,,linked
WI,R,Scott Fitzgerald,Scott Fitzgerald (politician),3,Majority Leader of the Wisconsin Senate,2013,2021,linked
WI,R,Scott Fitzgerald,Scott Fitzgerald (politician),3,Minority Leader of the Wisconsin Senate,2012,2013,linked
WI,R,Scott Fitzgerald,Scott Fitzgerald (politician),3,State legislature,1995,2021,linked
WI,R,Scott Fitzgerald,Scott Fitzgerald (politician),4,U.S. House,2021,,linked
TN,D,Mark Harmon,,,,,,none
AR,D,Hayden Catherine Shamel,,,,,,none
CA,D,Maxine Waters,Maxine Waters,1,Chair of the House Financial Services Committee,2019,2023,linked
CA,D,Maxine Waters,Maxine Waters,1,Chair of the Congressional Black Caucus,1997,1999,linked
CA,D,Maxine Waters,Maxine Waters,3,State legislature,1976,1990,linked
CA,D,Maxine Waters,Maxine Waters,1,Ranking Member of the House Financial Services Committee,2023,,linked
FL,D,Randy Perkins,,,,,,none
NH,D,Colin Van Ostern,Colin Van Ostern,4,Member of the New Hampshire Executive Council from the 2nd district,2013,2017,linked
MO,D,Gen Williams,,,,,,none
CA,R,Joshua Scott,,,,,,none
FL,D,Joe Garcia,Joe Garcia,4,Chair of the Florida Public Service Commission,1999,2000,linked
FL,D,Joe Garcia,Joe Garcia,4,Commissioner of the Florida Public Service Commission,1994,2000,linked
FL,D,Joe Garcia,Joe Garcia,4,U.S. House,2013,2015,linked
VA,R,Tom Garrett,Tom Garrett (Virginia politician),4,U.S. House,2017,2019,linked
VA,R,Tom Garrett,Tom Garrett (Virginia politician),3,State legislature,2012,2017,linked
VA,R,Tom Garrett,Tom Garrett (Virginia politician),2,Commonwealth's Attorney of Louisa County,2008,2011,linked
VA,R,Tom Garrett,Tom Garrett (Virginia politician),3,State legislature,2024,,linked
OH,R,Rob Weber,,,,,,none
CA,D,Luis Correa,Lou Correa,3,State legislature,2006,2014,linked
CA,D,Luis Correa,Lou Correa,2,Member of the Orange County Board of Supervisors from the 1st district,2005,2006,linked
CA,D,Luis Correa,Lou Correa,3,State legislature,1998,2004,linked
CA,D,Luis Correa,Lou Correa,4,U.S. House,2017,,linked
WI,R,Bryan Steil,Bryan Steil,1,Ranking Member of the House Fair Growth Committee,2021,2023,linked
WI,R,Bryan Steil,Bryan Steil,4,U.S. House,2019,,linked
WI,R,Bryan Steil,Bryan Steil,1,Chair of the House Administration Committee,2023,,linked
OH,D,Samantha Meadows,,,,,,none
CT,R,Leora Levy,Leora Levy,1,Republican National Committeewoman from Connecticut,2016,2024,linked
CA,D,Katie Hill,Katie Hill,4,U.S. House,2019,2019,linked
TX,D,Hank Gilbert,,,,,,none
IN,R,Susan Marie Smith,,,,,,none
TX,D,Michelle Vallejo,,,,,,none
NY,R,Colin Schmitt,Colin Schmitt,3,State legislature,2019,2022,linked
NM,D,Teresa Leger Fernandez,Teresa Leger Fernández,4,Leger Fernández's voice,2021,,linked
MA,R,Julie Hall,,,,,,none
UT,D,Hillary Clinton,,,,,,none
NY,D,Hillary Clinton,Hillary Clinton,4,67th United States Secretary of State,2009,2013,name-match
NY,D,Hillary Clinton,Hillary Clinton,5,United States Senator,2001,2009,name-match
NY,D,Hillary Clinton,Hillary Clinton,1,First Lady of the United States,1993,2001,name-match
NY,D,Hillary Clinton,Hillary Clinton,1,First Lady of Arkansas,1983,1992,name-match
NY,D,Hillary Clinton,Hillary Clinton,1,11th Chancellor of Queen's University Belfast,2020,,name-match
IN,R,CAT Ping,,,,,,none
OK,D,Joshua Harris-Till,,,,,,none
IL,R,Mark Curran,Mark Curran,2,Sheriff of Lake County,2006,2018,linked
TN,R,Charlotte Bergmann,,,,,,none
IL,R,Jim Oberweis,Jim Oberweis,3,State legislature,2013,2021,linked
MN,D,Jeff Ettinger,Jeff Ettinger,1,President of the University of Minnesota,2023,2024,linked
WV,R,Donald Trump,,,,,,none
TN,D,David Kent,,,,,,none
AR,D,Clarke Tucker,Clarke Tucker,3,State legislature,2015,2019,linked
AR,D,Clarke Tucker,Clarke Tucker,3,Member of the Arkansas Senate,2021,,linked
CT,R,Jayme Stevenson,,,,,,none
CO,R,Mark Barrington,,,,,,none
CO,D,Jared Polis,Jared Polis,1,Chair of the National Governors Association,2024,2025,linked
CO,D,Jared Polis,Jared Polis,4,U.S. House,2009,2019,linked
CO,D,Jared Polis,Jared Polis,4,Member of the Colorado State Board of Education from the at-large district,2001,2007,linked
KY,D,Conor Halbleib,,,,,,none
OH,D,Betsy Rader,,,,,,none
OH,R,Bob Gibbs,Bob Gibbs,3,State legislature,2009,2011,linked
OH,R,Bob Gibbs,Bob Gibbs,3,State legislature,2003,2009,linked
WA,D,Lisa Brown,Lisa Brown (Washington politician),1,Director of the Washington State Department of Commerce,2019,2022,linked
WA,D,Lisa Brown,Lisa Brown (Washington politician),1,Chancellor of Washington State University Spokane,2013,2017,linked
WA,D,Lisa Brown,Lisa Brown (Washington politician),3,Majority Leader of the Washington Senate,2005,2012,linked
WA,D,Lisa Brown,Lisa Brown (Washington politician),3,Minority Leader of the Washington Senate,2003,2005,linked
WA,D,Lisa Brown,Lisa Brown (Washington politician),3,State legislature,1997,2013,linked
WA,D,Lisa Brown,Lisa Brown (Washington politician),3,State legislature,1993,1997,linked
WA,D,Lisa Brown,Lisa Brown (Washington politician),2,48th Mayor of Spokane,2024,,linked
WI,D,Mandela Barnes,Mandela Barnes,3,State legislature,2013,2017,linked
OH,D,Emilia Sykes,Emilia Sykes,3,Minority Leader of the Ohio House of Representatives,2019,2021,linked
OH,D,Emilia Sykes,Emilia Sykes,3,State legislature,2015,2022,linked
OH,D,Emilia Sykes,Emilia Sykes,4,U.S. House,2023,,linked
KY,D,Morgan McGarvey,Morgan McGarvey,3,Minority Leader of the Kentucky Senate,2019,2023,linked
KY,D,Morgan McGarvey,Morgan McGarvey,3,State legislature,2012,2023,linked
KY,D,Morgan McGarvey,Morgan McGarvey,4,U.S. House,2023,,linked
FL,R,Francis Rooney,Francis Rooney,1,7th United States Ambassador to the Holy See,2005,2008,linked
FL,R,Francis Rooney,Francis Rooney,4,U.S. House,2017,2021,linked
IN,R,Jim Baird,Jim Baird (politician),3,State legislature,2010,2018,linked
IN,R,Jim Baird,Jim Baird (politician),4,U.S. House,2019,,linked
VA,R,Jen Kiggans,Jen Kiggans,3,State legislature,2020,2022,linked
VA,R,Jen Kiggans,Jen Kiggans,4,U.S. House,2023,,linked
MO,R,Robert Vroman,,,,,,none
FL,D,Phil Ehr,,,,,,none
UT,R,Burgess Owens,Burgess Owens,4,U.S. House,2021,,linked
TX,R,Troy Nehls,Troy Nehls,2,Sheriff of Fort Bend County,2013,2021,linked
TX,R,Troy Nehls,Troy Nehls,4,U.S. House,2021,,linked
CA,R,John Munn,,,,,,none
WV,R,Shelley Moore Capito,Shelley Moore Capito,1,Chair of the Senate Environment Committee,2025,,linked
WV,R,Shelley Moore Capito,Shelley Moore Capito,1,Chair of the Senate Republican Policy Committee,2025,,linked
WV,R,Shelley Moore Capito,Shelley Moore Capito,1,Vice Chair of the Senate Republican Conference,2023,2025,linked
WV,R,Shelley Moore Capito,Shelley Moore Capito,4,Ranking Member of the Senate Environment Committee,2001,2015,linked
WV,R,Shelley Moore Capito,Shelley Moore Capito,3,State legislature,1996,2000,linked
WV,R,Shelley Moore Capito,Shelley Moore Capito,5,Shelley Moore Capito's voice,2015,,linked
OR,R,Alek Skarlatos,Alek Skarlatos,3,State legislature,2025,,linked
OR,R,Alek Skarlatos,Alek Skarlatos,3,Deputy Minority Leader of the Oregon House of Representatives,2025,,linked
LA,R,Steve Scalise,Steve Scalise,1,House Minority Whip,2019,2023,linked
LA,R,Steve Scalise,Steve Scalise,1,House Majority Whip,2014,2019,linked
LA,R,Steve Scalise,Steve Scalise,1,Chair of the Republican Study Committee,2013,2014,linked
LA,R,Steve Scalise,Steve Scalise,4,U.S. House,2008,,linked
LA,R,Steve Scalise,Steve Scalise,3,State legislature,2008,2008,linked
LA,R,Steve Scalise,Steve Scalise,3,State legislature,1996,2008,linked
LA,R,Steve Scalise,Steve Scalise,1,House Majority Leader,2023,,linked
MD,R,Kathy Szeliga,Kathy Szeliga,3,State legislature,2011,,linked
IL,R,John Booras,,,,,,none
WA,R,Dan Matthews,,,,,,none
PA,D,Bob Casey Jr.,Bob Casey Jr.,1,Chair of the Senate Aging Committee,2021,2025,linked
PA,D,Bob Casey Jr.,Bob Casey Jr.,1,Ranking Member of the Senate Aging Committee,2017,2021,linked
PA,D,Bob Casey Jr.,Bob Casey Jr.,4,74th Treasurer of Pennsylvania,2005,2007,linked
PA,D,Bob Casey Jr.,Bob Casey Jr.,4,47th Auditor General of Pennsylvania,1997,2005,linked
PA,D,Bob Casey Jr.,Bob Casey Jr.,5,Casey's voice,2007,2025,linked
WA,D,Marie Gluesenkamp Perez,Marie Gluesenkamp Perez,1,Co-Chair of the Blue Dog Coalition for Administration,2025,,linked
WA,D,Marie Gluesenkamp Perez,Marie Gluesenkamp Perez,1,Co-Chair of the Blue Dog Coalition for Communications,2023,2025,linked
WA,D,Marie Gluesenkamp Perez,Marie Gluesenkamp Perez,4,U.S. House,2023,,linked
CA,R,Steve Williams,,,,,,none
PA,D,Denny Wolff,Dennis C. Wolff,4,24th Secretary of Agriculture of Pennsylvania,2003,2009,linked
WA,R,Keith Swank,,,,,,none
VA,R,Ben Cline,Ben Cline,3,State legislature,2002,2018,linked
VA,R,Ben Cline,Ben Cline,4,U.S. House,2019,,linked
CO,R,Scott Tipton,Scott Tipton,3,State legislature,2009,2011,linked
CO,R,Scott Tipton,Scott Tipton,4,U.S. House,2011,2021,linked
AL,D,Walt Maddox,Walt Maddox,2,Member of the Tuscaloosa City Council from the 6th district,2001,2005,linked
AL,D,Walt Maddox,Walt Maddox,2,36th Mayor of Tuscaloosa,2005,,linked
AL,D,Tabitha Isner,Tabitha Isner,1,Vice chair of the Alabama Democratic Party,2022,2026,linked
CA,D,Brynne Kennedy,,,,,,none
OH,R,Laverne Gore,,,,,,none
FL,R,Dan Franzese,,,,,,none
MI,D,Kristen McDonald Rivet,Kristen McDonald Rivet,3,State legislature,2023,2025,linked
MI,D,Kristen McDonald Rivet,Kristen McDonald Rivet,4,U.S. House,2025,,linked
NY,R,Nicole Malliotakis,Nicole Malliotakis,3,Member of the New York State Assembly,2011,2021,linked
NY,R,Nicole Malliotakis,Nicole Malliotakis,4,U.S. House,2021,,linked
MO,R,Sean Smith,,,,,,none
AZ,D,Hiral Tipirneni,Hiral Tipirneni,0,,,,linked
FL,D,Charlie Crist,Charlie Crist,4,U.S. House,2017,2022,linked
FL,D,Charlie Crist,Charlie Crist,4,35th Attorney General of Florida,2003,2007,linked
FL,D,Charlie Crist,Charlie Crist,1,21st Education Commissioner of Florida,2001,2003,linked
FL,D,Charlie Crist,Charlie Crist,3,State legislature,1992,1998,linked
CA,R,Michael Maher,,,,,,none
NJ,D,Amy Kennedy,Amy Kennedy,0,,,,linked
TX,D,Julie Oliver,,,,,,none
PA,R,Lisa Scheller,,,,,,none
PA,R,Dasha Pruett,,,,,,none
TX,R,John Abney Culberson,John Culberson,3,Member of the Texas House of Representatives,1987,2001,linked
TX,R,John Abney Culberson,John Culberson,4,U.S. House,2001,2019,linked
OH,D,Danny O'Connor,,,,,,none
IL,R,Darren Bailey,Darren Bailey,3,State legislature,2019,2021,linked
IL,R,Darren Bailey,Darren Bailey,3,State legislature,2021,2023,linked
FL,R,Carlos Gimenez,Carlos A. Giménez,2,7th Mayor of Miami-Dade County,2011,2020,linked
FL,R,Carlos Gimenez,Carlos A. Giménez,2,Member of the Miami-Dade County Commission from the 7th district,2005,2011,linked
FL,R,Carlos Gimenez,Carlos A. Giménez,2,City Manager of Miami,2000,2003,linked
TN,D,Megan Barry,Megan Barry,2,7th Mayor of Metropolitan Nashville,2015,2018,linked
MO,D,Wesley Bell,Wesley Bell,2,Prosecuting Attorney of St. Louis County,2019,2025,linked
MO,D,Wesley Bell,Wesley Bell,4,U.S. House,2025,,linked
AL,D,Ron Crumpton,,,,,,none
IL,R,Valerie Ramirez Mukherjee,,,,,,none
CO,D,David Torres,,,,,,none
CA,R,David Serpa,,,,,,none
FL,D,Alcee Hastings,Alcee Hastings,1,Judge of the United States District Court for the Southern District of Florida,1979,1989,linked
FL,D,Alcee Hastings,Alcee Hastings,2,Judge of the 17th Judicial Circuit Court of Florida,1977,1979,linked
WI,D,Dan Kohl,,,,,,none
MO,D,Nicole Galloway,Nicole Galloway,4,38th Auditor of Missouri,2015,2023,linked
OH,D,Vanessa Enoch,,,,,,none
CA,R,Alex Balekian,,,,,,none
MI,D,Shri Thanedar,Shri Thanedar,3,State legislature,2021,2023,linked
MI,D,Shri Thanedar,Shri Thanedar,4,U.S. House,2023,,linked
MD,R,Mark Arness,,,,,,none
OK,R,James Lankford,James Lankford,1,Chair of the Senate Ethics Committee,2025,,linked
OK,R,James Lankford,James Lankford,1,Vice Chair of the Senate Ethics Committee,2021,2025,linked
OK,R,James Lankford,James Lankford,5,United States Senator,2015,,linked
OK,R,James Lankford,James Lankford,1,Chair of the House Republican Policy Committee,2013,2015,linked
OK,R,James Lankford,James Lankford,4,U.S. House,2011,2015,linked
OK,R,James Lankford,James Lankford,1,Vice Chair of the Senate Republican Conference,2025,,linked
MO,D,Henry Martin,,,,,,none
WV,D,Mike Manypenny,Mike Manypenny,3,State legislature,2009,2015,linked
FL,R,Bill Posey,Bill Posey,3,Member of the Florida Senate,2000,2008,linked
FL,R,Bill Posey,Bill Posey,3,State legislature,1992,2000,linked
FL,R,Bill Posey,Bill Posey,1,Posey's voice,2009,2025,linked
CA,R,Antonio Sabato,Antonio Sabàto Jr.,0,,,,linked
NY,R,Carlos Santiago-Cano,,,,,,none
WA,R,Dan Alexander,,,,,,none
GA,R,Richard McCormick,Rich McCormick,0,,,,linked
PA,R,David Torres,,,,,,none
NJ,R,Darius Mayfield,,,,,,none
MI,R,Martell Bivings,,,,,,none
IN,D,Gary Snyder,,,,,,none
FL,D,Allen Ellison,,,,,,none
OH,R,Beverly Goldstein,,,,,,none
MA,R,Dan Sullivan,,,,,,none
CA,R,Alison Hayden,,,,,,none
OR,D,Jamie McLeod-Skinner,Jamie McLeod-Skinner,2,"Member of the Santa Clara City Council, Seat 7",2005,2012,linked
AR,R,Steve Womack,Steve Womack,1,Chair of the House Budget Committee,2018,2019,linked
AR,R,Steve Womack,Steve Womack,4,U.S. House,2011,,linked
AR,R,Steve Womack,Steve Womack,2,Mayor of Rogers,1999,2011,linked
AR,R,Steve Womack,Steve Womack,1,Ranking Member of the House Budget Committee,2019,2021,linked
WY,D,Gary Trauner,Gary Trauner,2,Chair of the Teton County School District Number 1 Board of Trustees,2006,2008,linked
CA,R,Tom McClintock,Tom McClintock,3,State legislature,2000,2008,linked
CA,R,Tom McClintock,Tom McClintock,3,Member of the California State Assembly,1996,2000,linked
TX,R,Craig Goldman,Craig Goldman,3,Majority Leader of the Texas House of Representatives,2023,2024,linked
TX,R,Craig Goldman,Craig Goldman,3,State legislature,2013,2025,linked
TX,R,Craig Goldman,Craig Goldman,4,U.S. House,2025,,linked
WV,D,Lacy Watson,,,,,,none
MD,R,Tony Campbell,,,,,,none
AZ,R,Kelly Cooper,,,,,,none
KY,R,Brett Guthrie,Brett Guthrie,4,U.S. House,2009,,linked
KY,R,Brett Guthrie,Brett Guthrie,3,State legislature,1999,2009,linked
KY,R,Brett Guthrie,Brett Guthrie,1,Chair of the House Energy and Commerce Committee,2025,,linked
GA,R,Angela Stanton-King,Angela Stanton-King,0,,,,linked
CA,D,Karen Bass,Karen Bass,1,Chair of the Congressional Black Caucus,2019,2021,linked
CA,D,Karen Bass,Karen Bass,3,67th Speaker of the California State Assembly,2008,2010,linked
CA,D,Karen Bass,Karen Bass,3,Majority Leader of the California Assembly,2006,2008,linked
CA,D,Karen Bass,Karen Bass,3,State legislature,2004,2010,linked
CA,D,Karen Bass,Karen Bass,2,43rd Mayor of Los Angeles,2022,,linked
CA,R,John Fitzgerald,,,,,,none
OK,D,Naomi Andrews,,,,,,none
CO,R,Valdamar Archuleta,,,,,,none
MI,D,Matthew Morgan,,,,,,none
NC,D,Dan McCready,,,,,,none
NY,D,Jackie Gordon,,,,,,none
AL,D,Peter Joffrion,,,,,,none
WY,D,Greg Hunter,,,,,,none
TX,R,Chip Roy,Chip Roy,4,U.S. House,2019,,linked
MN,D,Jeanne Hendricks,,,,,,none
NC,D,Butterfield,G. K. Butterfield,1,Chair of the Congressional Black Caucus,2015,2017,linked
NC,D,Butterfield,G. K. Butterfield,4,U.S. House,2004,,linked
NC,D,Butterfield,G. K. Butterfield,4,Associate Justice of the North Carolina Supreme Court,2001,2003,linked
NC,D,Butterfield,G. K. Butterfield,1,House Democratic Senior Chief Deputy Whip,2021,2022,linked
VA,D,"Herb Jones, Jr.",,,,,,none
AZ,D,Tom O'Halleran,Tom O'Halleran,3,State legislature,2007,2009,linked
AZ,D,Tom O'Halleran,Tom O'Halleran,3,Member of the Arizona House of Representatives,2001,2007,linked
AZ,D,Tom O'Halleran,Tom O'Halleran,4,U.S. House,2017,2023,linked
CT,R,Matthew Corey,,,,,,none
AZ,D,Jevin Hodge,Jevin Hodge,3,State legislature,2024,2024,linked
OR,R,Joanna Harbour,,,,,,none
GA,D,Stacey Abrams,Stacey Abrams,3,Member of the Georgia House of Representatives,2007,2017,linked
GA,D,Stacey Abrams,Stacey Abrams,3,Minority Leader of the Georgia House of Representatives,2011,2017,linked
SC,D,Adair Ford Boroughs,Adair Ford Boroughs,1,United States Attorney for the District of South Carolina,2022,2025,linked
OK,D,Abby Broyles,,,,,,none
IA,D,Kim Weaver,,,,,,none
CA,R,Matt Jacobs,,,,,,none
ND,D,Shelley Lenz,,,,,,none
MI,R,Paul Junge,,,,,,none
IN,R,Rudy Yakym III,Rudy Yakym,4,U.S. House,2022,,linked
VA,D,Cameron Webb,Cameron Webb,1,Virginia State Health Commissioner,2026,,linked
VA,R,Marty Williams,Marty Williams,3,State legislature,1996,2008,name-match
GA,D,Wade Herring,,,,,,none
NM,D,Gabriel Vasquez,Gabe Vasquez,2,Member of the Las Cruces City Council from the 3rd district,2017,2021,linked
NM,D,Gabriel Vasquez,Gabe Vasquez,4,U.S. House,2023,,linked
NH,D,Maggie Hassan,Maggie Hassan,5,United States Senator,2017,,linked
NH,D,Maggie Hassan,Maggie Hassan,5,81st Governor of New Hampshire,2013,2017,linked
NH,D,Maggie Hassan,Maggie Hassan,3,Majority Leader of the New Hampshire Senate,2008,2010,linked
NH,D,Maggie Hassan,Maggie Hassan,3,State legislature,2004,2010,linked
NH,D,Maggie Hassan,Maggie Hassan,1,Ranking Member of the Joint Economic Committee,2025,,linked
NC,D,David Wilson Brown,,,,,,none
FL,D,L. J. Holloway,,,,,,none
AR,R,Asa Hutchinson,Asa Hutchinson,1,Chair of the National Governors Association,2021,2022,linked
AR,R,Asa Hutchinson,Asa Hutchinson,1,Under Secretary of Homeland Security for Border and Transportation Security,2003,2005,linked
AR,R,Asa Hutchinson,Asa Hutchinson,1,8th Administrator of the Drug Enforcement Administration,2001,2003,linked
AR,R,Asa Hutchinson,Asa Hutchinson,4,U.S. House,1997,2001,linked
AR,R,Asa Hutchinson,Asa Hutchinson,1,Chair of the Arkansas Republican Party,1991,1995,linked
AR,R,Asa Hutchinson,Asa Hutchinson,1,United States Attorney for the Western District of Arkansas,1982,1985,linked
TN,D,Jason Martin,,,,,,none
DE,D,John Carney,John Carney (Delaware politician),4,U.S. House,2011,2017,linked
DE,D,John Carney,John Carney (Delaware politician),4,24th Lieutenant Governor of Delaware,2001,2009,linked
DE,D,John Carney,John Carney (Delaware politician),4,45th Chair of the National Lieutenant Governors Association,2004,2005,linked
DE,D,John Carney,John Carney (Delaware politician),2,58th Mayor of Wilmington,2025,,linked
IA,D,Lanon Baccam,,,,,,none
IL,D,Robin Kelly,Robin Kelly,1,Chair of the Illinois Democratic Party,2021,2022,linked
IL,D,Robin Kelly,Robin Kelly,3,State legislature,2003,2007,linked
IL,D,Robin Kelly,Robin Kelly,4,U.S. House,2013,,linked
FL,D,Kathy Castor,Kathy Castor,2,Member of the Hillsborough County Commission from the 1st district,2003,2007,linked
FL,D,Kathy Castor,Kathy Castor,1,Chair of the House Climate Crisis Committee,2019,2023,linked
OR,R,Tom Harrison,,,,,,none
AZ,D,Amish Shah,Amish Shah,3,Member of the Arizona House of Representatives,2019,2024,linked
TX,D,Elizabeth Hernandez,,,,,,none
PA,R,Pearl Kim,,,,,,none
CA,R,April Verlato,,,,,,none
CA,D,Derek Tran,Derek Tran,4,U.S. House,2025,,linked
CA,R,Jay Obernolte,Jay Obernolte,3,State legislature,2014,2020,linked
CA,R,Jay Obernolte,Jay Obernolte,1,Chair of the House Republican Policy Committee,2026,,linked
IA,D,Liz Mathis,Liz Mathis,3,State legislature,2011,,linked
KS,D,Barbara Bollier,Barbara Bollier,3,Member of the Kansas House of Representatives,2010,2017,linked
KS,D,Barbara Bollier,Barbara Bollier,3,State legislature,2017,2021,linked
FL,D,Whitney Fox,,,,,,none
SC,D,Annie Andrews,Annie Andrews (physician),0,,,,linked
NC,D,Charles Graham,Charles Graham (American politician),3,State legislature,2011,2023,linked
VA,D,Derek Kitts,,,,,,none
IN,D,Frank Mrvan,Frank J. Mrvan,4,U.S. House,2021,,linked
IL,D,Raja Krishnamoorthi,Raja Krishnamoorthi,4,U.S. House,2017,,linked
NV,R,Joe Lombardo,Joe Lombardo,2,17th Sheriff of Clark County,2015,2023,linked
NV,R,Joe Lombardo,Joe Lombardo,5,Governor of Nevada,2023,,linked
IN,R,Angela Grabovsky,,,,,,none
NC,R,Sandy Smith,,,,,,none
CA,R,Katherine Piccinini,,,,,,none
WA,R,Doug Basler,,,,,,none
TX,R,Wendell Champion,,,,,,none
CA,D,George Whitesides,George T. Whitesides,4,U.S. House,2025,,linked
PA,D,Amanda Waldman,,,,,,none
NY,D,Timothy Kennedy,Tim Kennedy (politician),3,State legislature,2011,2024,linked
NY,D,Timothy Kennedy,Tim Kennedy (politician),4,U.S. House,2024,,linked
TX,R,Alan Garza,,,,,,none
CA,D,Nanette Diaz Barragán,Nanette Barragán,4,Barragán's voice,2017,,linked
CA,D,Jared Huffman,Jared Huffman,4,U.S. House,2013,,linked
CA,D,Jared Huffman,Jared Huffman,3,State legislature,2006,2012,linked
CA,D,Jared Huffman,Jared Huffman,1,Ranking Member of the House Natural Resources Committee,2025,,linked
MS,R,Mike Ezell,Mike Ezell,2,Sheriff of Jackson County,2014,2022,linked
MS,R,Mike Ezell,Mike Ezell,4,U.S. House,2023,,linked
AZ,D,Quacy Smith,,,,,,none
NJ,R,Billy Prempeh,,,,,,none
CA,D,Adam Gray,Adam Gray,3,State legislature,2012,2022,linked
CA,D,Adam Gray,Adam Gray,4,U.S. House,2025,,linked
VT,R,Mark Coester,,,,,,none
IL,D,Nikki Budzinski,Nikki Budzinski,4,U.S. House,2023,,linked
SC,R,Tim Scott,Tim Scott,1,Chair of the National Republican Senatorial Committee,2025,,linked
SC,R,Tim Scott,Tim Scott,1,Chair of the Senate Banking Committee,2025,,linked
SC,R,Tim Scott,Tim Scott,1,Ranking Member of the Senate Banking Committee,2023,2025,linked
SC,R,Tim Scott,Tim Scott,1,Ranking Member of the Senate Aging Committee,2021,2023,linked
SC,R,Tim Scott,Tim Scott,4,U.S. House,2011,2013,linked
SC,R,Tim Scott,Tim Scott,3,State legislature,2009,2011,linked
SC,R,Tim Scott,Tim Scott,2,Member of the Charleston County Council from the 3rd district,1995,2009,linked
SC,R,Tim Scott,Tim Scott,5,Scott's voice,2013,,linked
FL,D,Jennifer Adams,,,,,,none
KY,D,Hank Linderman,,,,,,none
RI,D,Seth Magaziner,Seth Magaziner,4,31st Treasurer of Rhode Island,2015,2023,linked
RI,D,Seth Magaziner,Seth Magaziner,4,U.S. House,2023,,linked
MT,R,Matthew Rosendale,Matt Rosendale,4,16th Auditor of Montana,2017,2021,linked
MT,R,Matthew Rosendale,Matt Rosendale,3,State legislature,2013,2017,linked
MT,R,Matthew Rosendale,Matt Rosendale,3,State legislature,2011,2013,linked
MT,R,Matthew Rosendale,Matt Rosendale,1,Rosendale's voice,2021,2025,linked
CO,R,Shane Bolling,,,,,,none
FL,R,James Judge,,,,,,none
MO,D,Trish Gunby,Trish Gunby,3,State legislature,2020,2023,linked
KS,D,Kamala Harris,,,,,,none
CA,R,Mimi Walters,Mimi Walters,3,Member of the California State Senate,2008,2015,linked
CA,R,Mimi Walters,Mimi Walters,3,State legislature,2004,2008,linked
CA,R,Mimi Walters,Mimi Walters,4,U.S. House,2015,2019,linked
IN,D,Deborah Pickett,,,,,,none
MA,D,Joe Biden,,,,,,none
MN,R,Dalia Al-Aqidi,,,,,,none
FL,D,Walter Dartland,,,,,,none
NE,D,Bob Krist,Bob Krist,3,State legislature,2009,2019,linked
NE,D,Bob Krist,Bob Krist,3,Chair of the Executive Board of the Nebraska Legislature,2015,2017,linked
FL,R,Joe Kaufman,,,,,,none
OH,D,Craig Swartz,,,,,,none
NY,D,Antonio Delgado,Antonio Delgado,4,U.S. House,2019,2022,linked
NY,D,Antonio Delgado,Antonio Delgado,4,Lieutenant Governor of New York,2022,,linked
IN,R,Victoria Spartz,Victoria Spartz,3,State legislature,2017,2020,linked
IN,R,Victoria Spartz,Victoria Spartz,4,U.S. House,2021,,linked
NE,D,Patty Pansing Brooks,Patty Pansing Brooks,3,State legislature,2015,2023,linked
MN,D,Joe Radinovich,Joe Radinovich,3,State legislature,2013,2015,linked
NJ,R,Rosemary Becchi,,,,,,none
CA,R,Rudy Peters,,,,,,none
PA,D,Mike Molesevich,,,,,,none
MD,R,Cheryl Riley,,,,,,none
PA,D,Susan Wild,Susan Wild,1,Ranking Member of the House Ethics Committee,2023,2025,linked
PA,D,Susan Wild,Susan Wild,1,Chair of the House Ethics Committee,2022,2023,linked
CA,R,Ritesh Tandon,,,,,,none
CO,D,Kamala Harris,,,,,,none
FL,R,Cory Mills,Cory Mills,4,U.S. House,2023,,linked
KY,R,Thomas Massie,Thomas Massie,2,Judge-Executive of Lewis County,2011,2012,linked
KY,R,Thomas Massie,Thomas Massie,4,U.S. House,2012,,linked
VA,R,Glenn Youngkin,Glenn Youngkin,0,,,,linked
MA,D,Richard Neal,Richard Neal,1,Ranking Member of the House Ways and Means Committee,2023,,linked
MA,D,Richard Neal,Richard Neal,1,Chair of the House Ways and Means Committee,2019,2023,linked
MA,D,Richard Neal,Richard Neal,2,50th Mayor of Springfield,1984,1989,linked
MA,D,Richard Neal,Richard Neal,2,Member of the Springfield City Council,1978,1984,linked
TX,D,Claudia Andreana Zapata,,,,,,none
IL,D,Paul Lange,,,,,,none
CO,R,Steve House,,,,,,none
IN,D,Lori Camp,,,,,,none
WA,D,Kamala Harris,,,,,,none
RI,R,Robert Lancia,Robert Lancia,3,State legislature,2015,2018,linked
CT,R,John Shaban,John Shaban,3,State legislature,2011,2017,linked
IL,D,Marie Newman,Marie Newman,4,U.S. House,2021,2023,linked
IL,R,Sargis Sangari,,,,,,none
AZ,R,Joshua Barnett,,,,,,none
CA,R,Jeff Denham,Jeff Denham,3,State legislature,2002,2010,linked
MI,D,Callie Barr,,,,,,none
KS,R,Mike Pompeo,Mike Pompeo,1,6th Director of the Central Intelligence Agency,2017,2018,linked
KS,R,Mike Pompeo,Mike Pompeo,4,U.S. House,2011,2017,linked
KS,R,Mike Pompeo,Mike Pompeo,4,70th United States Secretary of State,2018,2021,linked
CO,D,Ike McCorkle,,,,,,none
GA,R,Marjorie Taylor Greene,Marjorie Taylor Greene,4,Greene's voice,2021,2026,linked
CO,R,Walker Stapleton,Walker Stapleton,4,56th Treasurer of Colorado,2011,2019,linked
CA,R,Ken Calvert,Ken Calvert,0,,,,linked
CA,D,Judy Chu,Judy Chu,4,Member of the California State Board of Equalization from the 4th district,2007,2009,linked
CA,D,Judy Chu,Judy Chu,3,State legislature,2001,2006,linked
CA,D,Judy Chu,Judy Chu,1,Chu's voice,2009,,linked
MN,D,Jen Schultz,Jennifer Schultz,3,State legislature,2015,2023,linked
CA,D,Pete Aguilar,Pete Aguilar,1,Vice Chair of the House Democratic Caucus,2021,2023,linked
CA,D,Pete Aguilar,Pete Aguilar,2,Mayor of Redlands,2010,2014,linked
CA,D,Pete Aguilar,Pete Aguilar,1,Chair of the House Democratic Caucus,2023,,linked
FL,R,Chris Eddy,,,,,,none
GA,R,Victor Armendariz,,,,,,none
MD,D,Glenn Ivey,Glenn Ivey,2,State's Attorney of Prince George's County,2003,2011,linked
MD,D,Glenn Ivey,Glenn Ivey,4,Chair of the Maryland Public Service Commission,1998,2000,linked
MD,D,Glenn Ivey,Glenn Ivey,4,U.S. House,2023,,linked
CA,R,Kevin Lincoln,Kevin Lincoln (politician),2,80th Mayor of Stockton,2021,2025,linked
TX,R,Greg Abbott,Greg Abbott,1,Chair of the Republican Governors Association,2019,2020,linked
TX,R,Greg Abbott,Greg Abbott,4,50th Attorney General of Texas,2002,2015,linked
TX,R,Greg Abbott,Greg Abbott,4,Justice of the Supreme Court of Texas,1996,2001,linked
TX,R,Greg Abbott,Greg Abbott,5,Governor of Texas,2015,,linked
TX,R,Monica De La Cruz,Monica De La Cruz,4,U.S. House,2023,,linked
CO,R,Gabe Evans,Gabe Evans,3,State legislature,2023,2025,linked
CO,R,Gabe Evans,Gabe Evans,4,U.S. House,2025,,linked
MO,D,Kathy Ellis,,,,,,none
ND,R,Kelly Armstrong,Kelly Armstrong,4,U.S. House,2019,2024,linked
ND,R,Kelly Armstrong,Kelly Armstrong,1,Chair of the North Dakota Republican Party,2015,2018,linked
ND,R,Kelly Armstrong,Kelly Armstrong,3,State legislature,2012,2018,linked
ND,R,Kelly Armstrong,Kelly Armstrong,1,Armstrong's voice,2024,,linked
FL,R,Calvin Wimbish,,,,,,none
IA,D,Abby Finkenauer,Abby Finkenauer,4,U.S. House,2019,2021,linked
IA,D,Abby Finkenauer,Abby Finkenauer,3,State legislature,2015,2019,linked
IA,D,Abby Finkenauer,Abby Finkenauer,1,United States Special Envoy for Global Youth Issues,2022,2025,linked
AL,R,Katie Britt,Katie Britt,5,United States Senator,2023,,linked
FL,D,Margaret Good,Margaret Good,3,State legislature,2018,2020,linked
CA,D,Stephen Houlahan,,,,,,none
OR,D,Kamala Harris,,,,,,none
MI,D,Haley Stevens,Haley Stevens,4,U.S. House,2019,,linked
TX,R,Caroline Kane,,,,,,none
TX,D,Maclovio Perez,,,,,,none
CA,R,Christopher Gonzales,,,,,,none
NY,R,Brandon Williams,Brandon Williams (politician),4,U.S. House,2023,2025,linked
NY,R,Brandon Williams,Brandon Williams (politician),1,United States Under Secretary of Energy for Nuclear Security,2025,,linked
VA,D,Leslie Mehta,Leslie Mehta,3,State legislature,2026,,linked
OK,D,Brandon Wade,,,,,,none
NY,R,Marcus Molinaro,Marc Molinaro,4,U.S. House,2023,2025,linked
NY,R,Marcus Molinaro,Marc Molinaro,2,County Executive of Dutchess County,2012,2023,linked
NY,R,Marcus Molinaro,Marc Molinaro,3,State legislature,2007,2011,linked
NY,R,Marcus Molinaro,Marc Molinaro,2,Member of the Dutchess County Legislature,2001,2006,linked
NY,R,Marcus Molinaro,Marc Molinaro,2,Mayor of Tivoli,1995,2007,linked
NY,R,Marcus Molinaro,Marc Molinaro,1,Administrator of the Federal Transit Administration,2025,2026,linked
GA,R,Rick Allen,Rick Allen (politician),4,U.S. House,2015,,linked
NY,D,Liuba Grechen Shirley,,,,,,none
NY,D,Laura Gillen,Laura Gillen,2,Town Supervisor of Hempstead,2018,2020,linked
NY,D,Laura Gillen,Laura Gillen,4,U.S. House,2025,,linked
NY,R,George Mitris,,,,,,none
VA,R,Leon Benjamin,,,,,,none
IN,R,Luke Messer,Luke Messer,4,U.S. House,2013,2019,linked
IN,R,Luke Messer,Luke Messer,3,State legislature,2003,2006,linked
IN,R,Luke Messer,Luke Messer,1,Chair of the House Republican Policy Committee,2015,2019,linked
MO,R,Vicky Hartzler,Vicky Hartzler,4,U.S. House,2011,2023,linked
MO,R,Vicky Hartzler,Vicky Hartzler,3,State legislature,1995,2001,linked
MO,R,Vicky Hartzler,Vicky Hartzler,1,Chair of the U.S. Commission on International Religious Freedom,2025,,linked
HI,D,Hillary Clinton,,,,,,none
WY,R,Cynthia Lummis,Cynthia Lummis,4,U.S. House,2009,2017,linked
WY,R,Cynthia Lummis,Cynthia Lummis,4,27th Treasurer of Wyoming,1999,2007,linked
WY,R,Cynthia Lummis,Cynthia Lummis,3,State legislature,1993,1995,linked
WY,R,Cynthia Lummis,Cynthia Lummis,3,State legislature,1985,1993,linked
WY,R,Cynthia Lummis,Cynthia Lummis,5,United States Senator,2021,,linked
OK,D,Jeremiah Ross,,,,,,none
NM,R,Alexis Johnson,,,,,,none
CA,R,Burt Lancaster,,,,,,none
NJ,D,Hillary Clinton,,,,,,none
LA,D,Mel Manuel,,,,,,none
TN,R,Mark Green,Mark Green (Tennessee politician),4,U.S. House,2019,2025,linked
TN,R,Mark Green,Mark Green (Tennessee politician),3,State legislature,2013,2018,linked
TN,R,Mark Green,Mark Green (Tennessee politician),1,Chair of the House Homeland Security Committee,2023,2025,linked
MN,R,Gene Rechtzigel,,,,,,none
TX,D,Gina Ortiz Jones,Gina Ortiz Jones,1,27th United States Under Secretary of the Air Force,2021,2023,linked
TX,D,Gina Ortiz Jones,Gina Ortiz Jones,2,184th Mayor of San Antonio,2025,,linked
NY,D,Daniel Goldman,Dan Goldman,4,U.S. House,2023,,linked
FL,R,Rick Scott,Rick Scott,1,Chair of the National Republican Senatorial Committee,2021,2023,linked
FL,R,Rick Scott,Rick Scott,5,United States Senator,2019,,linked
FL,R,Rick Scott,Rick Scott,1,Chair of the Senate Aging Committee,2025,,linked
NC,R,Robert Thomas,,,,,,none
MS,R,Trent Kelly,Trent Kelly,2,District Attorney of Mississippi's 1st Judicial District,2012,2015,linked
MS,R,Trent Kelly,Trent Kelly,4,U.S. House,2015,,linked
WI,D,Tammy Baldwin,Tammy Baldwin,5,United States Senator,2013,,linked
WI,D,Tammy Baldwin,Tammy Baldwin,4,U.S. House,1999,2013,linked
WI,D,Tammy Baldwin,Tammy Baldwin,3,State legislature,1993,1999,linked
WI,D,Tammy Baldwin,Tammy Baldwin,2,Member of the Dane County Board of Supervisors from the 8th district,1986,1993,linked
WI,D,Tammy Baldwin,Tammy Baldwin,1,Secretary of the Senate Democratic Caucus,2017,,linked
MS,D,Dianne Dodson Black,,,,,,none
PA,D,Chris Dziados,,,,,,none
IA,R,Randy Feenstra,Randy Feenstra,3,State legislature,2009,2021,linked
IA,R,Randy Feenstra,Randy Feenstra,2,Treasurer of Sioux County,2006,2008,linked
IA,R,Randy Feenstra,Randy Feenstra,4,U.S. House,2021,,linked
MI,R,Jack Bergman,Jack Bergman,4,U.S. House,2017,,linked
IL,R,Jim Carris,,,,,,none
PA,D,Beth Farnham,,,,,,none
IN,D,Cinde Wirth,,,,,,none
IL,D,Hillary Clinton,Hillary Clinton,4,67th United States Secretary of State,2009,2013,name-match
IL,D,Hillary Clinton,Hillary Clinton,5,United States Senator,2001,2009,name-match
IL,D,Hillary Clinton,Hillary Clinton,1,First Lady of the United States,1993,2001,name-match
IL,D,Hillary Clinton,Hillary Clinton,1,First Lady of Arkansas,1983,1992,name-match
IL,D,Hillary Clinton,Hillary Clinton,1,11th Chancellor of Queen's University Belfast,2020,,name-match
MO,D,Jeanette Cass,,,,,,none
MA,D,James McGovern,Jim McGovern (American politician),1,Ranking Member of the House Rules Committee,2023,,linked
MA,D,James McGovern,Jim McGovern (American politician),1,Chair of the House Rules Committee,2019,2023,linked
CT,D,Joe Biden,,,,,,none
NC,D,Kyle Horton,,,,,,none
MI,D,John Conyers,John Conyers,4,Member of the U.S. House of Representatives from Michigan,1965,2017,linked
MI,D,John Conyers,John Conyers,1,Ranking Member of the House Judiciary Committee,2011,2017,linked
MI,D,John Conyers,John Conyers,1,Chair of the House Judiciary Committee,2007,2011,linked
MI,D,John Conyers,John Conyers,1,Chair of the House Oversight Committee,1989,1995,linked
MI,R,Heather Smiley,,,,,,none
NY,D,Nancy Goroff,Nancy Goroff,0,,,,linked
TX,D,Kathleen Brown,,,,,,none
NC,D,Patricia Timmons-Goodson,Patricia Timmons-Goodson,4,Judge of the North Carolina Court of Appeals,1997,2005,linked
NC,D,Patricia Timmons-Goodson,Patricia Timmons-Goodson,4,Associate Justice of the North Carolina Supreme Court,2006,2012,linked
SC,R,Russell Fry,Russell Fry,3,State legislature,2015,2022,linked
SC,R,Russell Fry,Russell Fry,4,U.S. House,2023,,linked
NY,R,Nicholas Langworthy,Nick Langworthy,1,Chair of the New York Republican Party,2019,2023,linked
NY,R,Nicholas Langworthy,Nick Langworthy,2,"Chair of the Erie County, New York Republican Committee",2010,2019,linked
NY,R,Nicholas Langworthy,Nick Langworthy,4,U.S. House,2023,,linked
VA,R,Aliscia Andrews,,,,,,none
NC,R,Walter Jones,Walter B. Jones Jr.,3,State legislature,1983,1993,linked
NC,R,Walter Jones,Walter B. Jones Jr.,4,U.S. House,1995,2019,linked
TX,R,Ava Reynero Pate,,,,,,none
CA,D,Gil Cisneros,Gil Cisneros,1,10th Under Secretary of Defense for Personnel and Readiness,2021,2023,linked
NC,R,Dan Bishop,Dan Bishop,1,Deputy Director of the Office of Management and Budget,2025,2025,linked
NC,R,Dan Bishop,Dan Bishop,3,State legislature,2017,2019,linked
NC,R,Dan Bishop,Dan Bishop,3,State legislature,2015,2017,linked
NC,R,Dan Bishop,Dan Bishop,2,Member of the Mecklenburg County Commission from the 5th district,2005,2008,linked
NC,R,Dan Bishop,Dan Bishop,1,United States Attorney for the Middle District of North Carolina,2025,,linked
AL,D,Doug Jones,Doug Jones (politician),1,United States Attorney for the Northern District of Alabama,1997,2001,linked
AL,D,Doug Jones,Doug Jones (politician),5,United States Senator,2018,2021,linked
TX,D,MJ Hegar,M. J. Hegar,0,,,,linked
FL,R,Marco Rubio,Marco Rubio,1,Acting United States National Security Advisor,2025,,linked
FL,R,Marco Rubio,Marco Rubio,1,Acting Archivist of the United States,2025,2026,linked
FL,R,Marco Rubio,Marco Rubio,1,Acting Administrator of the United States Agency for International Development,2025,2025,linked
FL,R,Marco Rubio,Marco Rubio,5,United States Senator,2011,2025,linked
FL,R,Marco Rubio,Marco Rubio,1,Vice Chair of the Senate Intelligence Committee,2021,2025,linked
FL,R,Marco Rubio,Marco Rubio,1,Chair of the Senate Intelligence Committee,2020,2021,linked
FL,R,Marco Rubio,Marco Rubio,1,Chair of the Senate Small Business Committee,2019,2021,linked
FL,R,Marco Rubio,Marco Rubio,3,94th Speaker of the Florida House of Representatives,2006,2008,linked
FL,R,Marco Rubio,Marco Rubio,3,State legislature,2000,2008,linked
FL,R,Marco Rubio,Marco Rubio,2,Member of the West Miami City Commission,1998,2000,linked
FL,R,Marco Rubio,Marco Rubio,4,United States Secretary of State,2025,,linked
OH,D,Tamie Wilson,,,,,,none
VT,R,Donald Trump,,,,,,none
MO,D,Bethany Mann,,,,,,none
IL,D,Bobby Rush,Bobby Rush,2,Member of the Chicago City Council from the 2nd ward,1983,1993,linked
IL,D,Bobby Rush,Bobby Rush,4,U.S. House,1993,2023,linked
KY,D,Kenneth Stepp,,,,,,none
NC,R,Alan Swain,,,,,,none
TX,R,Tre Pennie,,,,,,none
FL,D,David Shapiro,,,,,,none
NE,D,Kamala Harris,,,,,,none
CA,D,John Garamendi,John Garamendi,4,46th Lieutenant Governor of California,2007,2009,linked
CA,D,John Garamendi,John Garamendi,4,Insurance Commissioner of California,2003,2007,linked
CA,D,John Garamendi,John Garamendi,1,1st United States Deputy Secretary of the Interior,1995,1998,linked
CA,D,John Garamendi,John Garamendi,3,Member of the California Senate,1976,1990,linked
CA,D,John Garamendi,John Garamendi,3,State legislature,1974,1976,linked
AZ,D,Delina DiSanto,,,,,,none
VA,R,Hung Cao,Hung Cao,1,35th United States Under Secretary of the Navy,2025,,linked
VA,R,Hung Cao,Hung Cao,1,Acting United States Secretary of the Navy,2026,,linked
WV,D,Steve Williams,Stephen T. Williams,3,Member of the West Virginia House of Delegates,1986,1994,linked
WV,D,Steve Williams,Stephen T. Williams,2,47th Mayor of Huntington,2013,2025,linked
NY,D,Perry Gershon,,,,,,none
GA,R,Herman West,,,,,,none
OR,R,Christopher Mann,,,,,,none
MA,R,John Hugo,,,,,,none
KS,D,Alan LaPolice,,,,,,none
NM,R,Janice Arnold-Jones,Janice Arnold-Jones,3,State legislature,2003,2011,linked
NM,R,Janice Arnold-Jones,Janice Arnold-Jones,2,Member of the Albuquerque City Council from District 7,2013,2014,linked
PA,R,Aaron Bashir,,,,,,none
WA,R,Tiffany Smiley,,,,,,none
AZ,R,Daniel Butierez,,,,,,none
OR,D,Dan Ruby,,,,,,none
GA,D,Kamala Harris,,,,,,none
WV,D,Kendra Fershee,,,,,,none
OK,R,Donald Trump,,,,,,none
IL,D,Sean Casten,Sean Casten,4,U.S. House,2019,,linked
NJ,R,Claire Gustafson,,,,,,none
OR,R,John Verbeek,,,,,,none
FL,D,Kristen Carlson,,,,,,none
MO,R,Blaine Luetkemeyer,Blaine Luetkemeyer,3,State legislature,1999,2005,linked
MO,R,Blaine Luetkemeyer,Blaine Luetkemeyer,1,Ranking Member of the House Small Business Committee,2021,2023,linked
WI,D,Richard Dick Ausman,,,,,,none
WA,R,Dino Rossi,Dino Rossi,3,Member of the Washington State Senate,2016,2017,linked
AZ,D,Kirsten Engel,Kirsten Engel,3,State legislature,2017,2021,linked
AZ,D,Kirsten Engel,Kirsten Engel,3,State legislature,2021,2021,linked
MN,D,Angie Craig,Angie Craig,4,U.S. House,2019,,linked
MN,D,Angie Craig,Angie Craig,1,Ranking Member of the House Agriculture Committee,2025,,linked
FL,R,Vern Buchanan,Vern Buchanan,1,Buchanan's voice,2007,,linked
FL,R,Drew Montez Clark,,,,,,none
RI,D,Gabe Amo,Gabe Amo,4,U.S. House,2023,,linked
AZ,D,Katrina Schaffner,,,,,,none
NM,D,Martin Heinrich,Martin Heinrich,1,Ranking Member of the Senate Energy Committee,2025,,linked
NM,D,Martin Heinrich,Martin Heinrich,1,Chair of the Joint Economic Committee,2023,2025,linked
NM,D,Martin Heinrich,Martin Heinrich,1,Vice Chair of the Joint Economic Committee,2021,2023,linked
NM,D,Martin Heinrich,Martin Heinrich,4,U.S. House,2009,2013,linked
NM,D,Martin Heinrich,Martin Heinrich,2,Member of the Albuquerque City Council from the 6th district,2004,2008,linked
NM,D,Martin Heinrich,Martin Heinrich,5,Heinrich's voice,2013,,linked
AR,D,Marcus Jones,,,,,,none
MI,D,Lon Johnson,Lon Johnson,1,Chair of the Michigan Democratic Party,2013,2015,linked
CA,R,Aja Smith,,,,,,none
TX,D,Jon Haire,,,,,,none
OR,D,Janelle Bynum,Janelle Bynum,3,Member of the Oregon House of Representatives,2017,2025,linked
OR,D,Janelle Bynum,Janelle Bynum,4,U.S. House,2025,,linked
TX,R,Lana Centonze,,,,,,none
NH,D,Ann Kuster,Annie Kuster,4,U.S. House,2013,2025,linked
NH,D,Ann Kuster,Annie Kuster,1,Chair of the New Democrat Coalition,2023,2025,linked
MA,R,Caroline Colarusso,,,,,,none
KS,D,Bob Hernandez,,,,,,none
TX,D,Marc Veasey,Marc Veasey,3,State legislature,2005,2013,linked
TX,D,Marc Veasey,Marc Veasey,4,U.S. House,2013,,linked
GA,R,Becky Hites,,,,,,none
MT,D,Denise Juneau,Denise Juneau,4,16th Superintendent of Public Instruction of Montana,2009,2017,linked
MT,D,Denise Juneau,Denise Juneau,1,Superintendent of Seattle Public Schools,2018,2021,linked
SC,D,Fran Person,,,,,,none
KS,D,James Thompson,,,,,,none
FL,D,Rebekah Jones,Rebekah Jones,0,,,,linked
AZ,D,Greg Whitten,,,,,,none
TN,D,Cameron Parsons,,,,,,none
VA,R,John Collick,,,,,,none
VA,R,Terry Namkung,,,,,,none
MS,D,Hillary Clinton,,,,,,none
CA,D,Jim Costa,Jim Costa,1,Chair of the Blue Dog Coalition for Administration,2017,2019,linked
CA,D,Jim Costa,Jim Costa,1,Chair of the Blue Dog Coalition for Communications,2015,2017,linked
CA,D,Jim Costa,Jim Costa,3,State legislature,1994,2002,linked
CA,D,Jim Costa,Jim Costa,3,State legislature,1978,1994,linked
CA,D,Jim Costa,Jim Costa,1,Chair of the Blue Dog Coalition for Policy,2023,2023,linked
MT,R,Donald Trump,,,,,,none
FL,D,Lauren Baer,,,,,,none
OH,R,Eric Brewer,,,,,,none
GA,D,Liz Johnson,,,,,,none
HI,R,Duke Aiona,Duke Aiona,4,11th Lieutenant Governor of Hawaii,2002,2010,linked
WA,R,Dave Reichert,Dave Reichert,2,30th Sheriff of King County,1997,2005,linked
WA,R,Dave Reichert,Dave Reichert,4,U.S. House,2005,2019,linked
NY,D,John Avlon,John Avlon,0,,,,linked
VT,R,Anya Tynio,,,,,,none
NJ,D,Sue Altman,,,,,,none
CO,D,Joe Biden,,,,,,none
AR,D,Joyce Elliott,Joyce Elliott,3,Majority Leader of the Arkansas Senate,2009,2011,linked
AR,D,Joyce Elliott,Joyce Elliott,3,Member of the Arkansas House of Representatives,2001,2007,linked
AR,D,Joyce Elliott,Joyce Elliott,3,State legislature,2009,2023,linked
AZ,R,Tiffany Shedd,,,,,,none
TN,R,David Roe,Phil Roe (politician),1,Chair of the House Veterans' Affairs Committee,2017,2019,linked
TN,R,David Roe,Phil Roe (politician),4,U.S. House,2009,2021,linked
TN,R,David Roe,Phil Roe (politician),2,Mayor of Johnson City,2007,2009,linked
TN,R,David Roe,Phil Roe (politician),1,Ranking Member of the House Veterans' Affairs Committee,2019,2021,linked
KY,D,Samuel Gaskins,,,,,,none
TX,D,Truth Torres,,,,,,none
NC,R,Madison Cawthorn,Madison Cawthorn,4,U.S. House,2021,2023,linked
FL,R,Ron DeSantis,Ron DeSantis,4,U.S. House,2013,2018,linked
MO,D,Jamie Daniel Schoolcraft,,,,,,none
TX,D,Jasmine Crockett,Jasmine Crockett,3,State legislature,2021,2023,linked
TX,D,Jasmine Crockett,Jasmine Crockett,4,U.S. House,2023,,linked
MD,R,Corrogan Vaughn,,,,,,none
AL,D,Rick Neighbors,,,,,,none
MO,R,Ryan Derks,,,,,,none
CA,R,James Bradley,,,,,,none
VA,R,Nick Freitas,Nick Freitas,3,Member of the Virginia House of Delegates,2016,2026,linked
NV,D,Hillary Clinton,,,,,,none
CA,R,Peter Bono,,,,,,none
TX,R,Patrick David Gillespie,,,,,,none
GA,D,Dana Barrett,,,,,,none
WA,R,Drew MacEwen,Drew MacEwen,3,State legislature,2013,2023,linked
WA,R,Drew MacEwen,Drew MacEwen,3,State legislature,2023,,linked
NC,R,Robert Pittenger,Robert Pittenger,3,Member of the North Carolina Senate,2003,2008,linked
NC,R,Robert Pittenger,Robert Pittenger,4,U.S. House,2013,2019,linked
VT,D,Joe Biden,,,,,,none
DE,R,Rob Arlett,,,,,,none
FL,D,Jared Moskowitz,Jared Moskowitz,4,U.S. House,2023,,linked
FL,D,Jared Moskowitz,Jared Moskowitz,2,Member of the Broward County Commission from the 8th district,2022,2022,linked
FL,D,Jared Moskowitz,Jared Moskowitz,1,Director of the Florida Division of Emergency Management,2019,2021,linked
FL,D,Jared Moskowitz,Jared Moskowitz,3,State legislature,2012,2019,linked
FL,D,Jared Moskowitz,Jared Moskowitz,2,Member of the Parkland City Commission from the 2nd district,2006,2012,linked
GA,R,Brian Kemp,Brian Kemp,1,Chair of the Republican Governors Association,2024,2025,linked
GA,R,Brian Kemp,Brian Kemp,4,27th Secretary of State of Georgia,2010,2018,linked
GA,R,Brian Kemp,Brian Kemp,3,State legislature,2003,2007,linked
GA,R,Brian Kemp,Brian Kemp,5,Governor of Georgia,2019,,linked
MD,D,Joe Biden,,,,,,none
AL,D,Robert Kennedy,,,,,,none
LA,D,Hillary Clinton,,,,,,none
OH,R,Derek Merrin,Derek Merrin,3,Member of the Ohio House of Representatives,2016,2025,linked
TX,R,Nathaniel Moran,Nathaniel Moran,2,County Judge of Smith County,2016,2022,linked
TX,R,Nathaniel Moran,Nathaniel Moran,4,U.S. House,2023,,linked
KS,D,Mark Holland,Mark Holland (American politician),2,28th Mayor of Kansas City,2013,2018,linked
MD,R,Yuripzy Morgan,,,,,,none
FL,D,Pat Kemp,,,,,,none
PA,R,Lou Barletta,Lou Barletta,2,Mayor of Hazleton,2000,2010,linked
PA,R,Lou Barletta,Lou Barletta,4,U.S. House,2011,2019,linked
VT,D,Kamala Harris,,,,,,none
TX,D,Tanya Lloyd,,,,,,none
PA,D,Ashley Ehasz,,,,,,none
AR,D,Chris Jones,Chris Jones (Arkansas politician),0,,,,linked
NC,D,Cal Cunningham,Cal Cunningham,3,State legislature,2001,2003,linked
CT,R,Larry Lazor,,,,,,none
DE,D,Lisa Blunt Rochester,Lisa Blunt Rochester,4,U.S. House,2017,2025,linked
DE,D,Lisa Blunt Rochester,Lisa Blunt Rochester,5,United States Senator,2025,,linked
MI,R,John James,John James (Michigan politician),4,U.S. House,2023,,linked
VA,D,Elaine Luria,Elaine Luria,4,U.S. House,2019,2023,linked
MN,R,Cicely Davis,,,,,,none
MI,D,Bob Lorinser,,,,,,none
VA,R,Mike Clancy,,,,,,none
NH,D,Joe Biden,,,,,,none
IN,R,Jennifer-Ruth Green,,,,,,none
NY,D,Sean Patrick Maloney,Sean Patrick Maloney,1,Chair of the Democratic Congressional Campaign Committee,2021,2023,linked
NY,D,Sean Patrick Maloney,Sean Patrick Maloney,4,U.S. House,2013,2023,linked
NY,D,Sean Patrick Maloney,Sean Patrick Maloney,1,White House Staff Secretary,1999,2000,linked
NY,D,Sean Patrick Maloney,Sean Patrick Maloney,1,United States Ambassador to the Organisation for Economic Co-operation and Development,2024,2025,linked
TX,D,Rhonda Hart,,,,,,none
SD,D,Kamala Harris,,,,,,none
OH,D,Matt Kilboy,,,,,,none
NY,R,Bill Kregler,,,,,,none
CO,R,Donald Trump,,,,,,none
NE,D,Paul Theobald,,,,,,none
MI,D,Brian Jaye,,,,,,none
CO,R,Sergei Matveyuk,,,,,,none
NC,R,Eric Blankenburg,,,,,,none
OK,D,Frankie Robbins,,,,,,none
UT,D,Shireen Ghorbani,Shireen Ghorbani,2,Member of the Salt Lake County Council from the at-large district,2019,2021,linked
WI,D,Tony Evers,Tony Evers,0,,,,linked
TX,D,Jan McDowell,,,,,,none
IN,R,Greg Pence,Greg Pence,4,Pence's voice,2019,2025,linked
MD,R,Chris Palombi,,,,,,none
IL,D,Tammy Duckworth,Tammy Duckworth,1,Vice Chair of the Democratic National Committee,2021,2025,linked
IL,D,Tammy Duckworth,Tammy Duckworth,4,U.S. House,2013,2017,linked
IL,D,Tammy Duckworth,Tammy Duckworth,1,Assistant Secretary of Veterans Affairs for Public and Intergovernmental Affairs,2009,2011,linked
IL,D,Tammy Duckworth,Tammy Duckworth,1,Director of the Illinois Department of Veterans Affairs,2006,2009,linked
IL,D,Tammy Duckworth,Tammy Duckworth,5,United States Senator,2017,,linked
ME,D,Kamala Harris,,,,,,none
DE,D,Joe Biden,Joe Biden,5,Vice President of the United States,2009,2017,name-match
DE,D,Joe Biden,Joe Biden,5,United States Senator,1973,2009,name-match
DE,D,Joe Biden,Joe Biden,1,Chair of the Senate Foreign Relations Committee,2007,2009,name-match
DE,D,Joe Biden,Joe Biden,1,Chair of the International Narcotics Control Caucus,2007,2009,name-match
DE,D,Joe Biden,Joe Biden,1,Chair of the Senate Judiciary Committee,1987,1995,name-match
DE,D,Joe Biden,Joe Biden,2,Member of the New Castle County Council from the 4th district,1971,1973,name-match
DE,D,Joe Biden,Joe Biden,5,President of the United States,2021,2025,name-match
OR,R,Christopher Christensen,,,,,,none
CT,R,Lesley DeNardis,,,,,,none
TX,D,Linda Nuno,,,,,,none
GA,R,Buddy Carter,Buddy Carter,3,State legislature,2009,2014,linked
GA,R,Buddy Carter,Buddy Carter,3,State legislature,2005,2009,linked
GA,R,Buddy Carter,Buddy Carter,4,U.S. House,2015,,linked
WI,D,Ann Roe,Ann Roe,3,State legislature,2025,,linked
FL,D,Kimberly Walker,,,,,,none
AZ,D,Raúl Grijalva,Raúl Grijalva,1,Chair of the House Natural Resources Committee,2019,2023,linked
AZ,D,Raúl Grijalva,Raúl Grijalva,1,Co-Chair of the Congressional Progressive Caucus,2009,2019,linked
AZ,D,Raúl Grijalva,Raúl Grijalva,1,Ranking Member of the House Natural Resources Committee,2023,2025,linked
RI,R,Patrick Donovan,,,,,,none
DE,R,Julianne Murray,Julianne Murray,1,Chair of the Delaware Republican Party,2023,2025,linked
DE,R,Julianne Murray,Julianne Murray,1,United States Attorney for the District of Delaware,2025,2025,linked
NJ,R,Scott Fegler,,,,,,none
VA,R,Denver Riggleman,Denver Riggleman,4,U.S. House,2019,2021,linked
IA,D,Theresa Greenfield,Theresa Greenfield,0,,,,linked
AL,D,Lee Auman,,,,,,none
PA,D,Madeleine Dean,Madeleine Dean,3,State legislature,2012,2018,linked
PA,D,Madeleine Dean,Madeleine Dean,4,U.S. House,2019,,linked
OK,D,Adam Martin,,,,,,none
FL,R,Willie Montague,,,,,,none
VT,D,Becca Balint,Becca Balint,3,President pro tempore of the Vermont Senate,2021,2023,linked
VT,D,Becca Balint,Becca Balint,3,Majority Leader of the Vermont Senate,2017,2021,linked
VT,D,Becca Balint,Becca Balint,3,State legislature,2015,2023,linked
VT,D,Becca Balint,Becca Balint,4,U.S. House,2023,,linked
NC,R,Tyler Lee,,,,,,none
CA,R,Doug LaMalfa,Doug LaMalfa,3,State legislature,2010,2012,linked
CA,R,Doug LaMalfa,Doug LaMalfa,3,State legislature,2002,2008,linked
CA,R,Doug LaMalfa,Doug LaMalfa,4,U.S. House,2013,2026,linked
FL,D,Eric Lynn,,,,,,none
CA,R,Stephen Knight,Steve Knight (politician),3,State legislature,2012,2015,linked
CA,R,Stephen Knight,Steve Knight (politician),3,State legislature,2008,2012,linked
CA,R,Stephen Knight,Steve Knight (politician),4,U.S. House,2015,2019,linked
CA,R,Roger Groh,,,,,,none
VA,D,Ken Mitchell,,,,,,none
ME,D,Janet Mills,Janet Mills,5,75th Governor of Maine,2019,,linked
ME,D,Janet Mills,Janet Mills,4,55th and 57th Attorney General of Maine,2013,2019,linked
ME,D,Janet Mills,Janet Mills,3,Member of the Maine House of Representatives,2002,2009,linked
ME,D,Janet Mills,Janet Mills,2,"District Attorney of Androscoggin, Franklin, and Oxford Counties",1980,1995,linked
IL,R,Thomas Lynch,,,,,,none
OH,D,Hillary Clinton,,,,,,none
CA,D,Jimmy Panetta,Jimmy Panetta,0,,,,linked
CO,D,Brittany Pettersen,Brittany Pettersen,3,State legislature,2019,2023,linked
CO,D,Brittany Pettersen,Brittany Pettersen,3,State legislature,2013,2019,linked
CO,D,Brittany Pettersen,Brittany Pettersen,4,U.S. House,2023,,linked
WA,D,Carolyn Long,,,,,,none
NY,R,Tom Reed,Tom Reed (politician),2,Mayor of Corning,2008,2010,linked
GA,R,Chris West,,,,,,none
TN,D,Wayne Steele,,,,,,none
PA,D,Chris Deluzio,Chris Deluzio,4,U.S. House,2023,,linked
DE,D,Kamala Harris,,,,,,none
IN,D,Courtney Tritch,,,,,,none
NE,R,Adrian Smith,Adrian Smith (politician),3,State legislature,1999,2007,linked
NE,R,Adrian Smith,Adrian Smith (politician),4,Smith's voice,2007,,linked
OH,D,Michael Kripchak,,,,,,none
TX,D,Trey Hunt,,,,,,none
NV,R,Drew Johnson,Drew Johnson,0,,,,linked
NC,D,Cheri Beasley,Cheri Beasley,4,Associate Justice of the North Carolina Supreme Court,2012,2019,linked
NC,D,Cheri Beasley,Cheri Beasley,4,Judge of the North Carolina Court of Appeals,2009,2012,linked
NC,D,Cheri Beasley,Cheri Beasley,4,29th Chief Justice of the North Carolina Supreme Court,2019,2020,linked
FL,D,Annette Taddeo,Annette Taddeo,3,State legislature,2017,2022,linked
ME,R,Jay Allen,,,,,,none
NC,D,DD Adams,,,,,,none
GA,R,Andrew Clyde,Andrew Clyde,4,U.S. House,2021,,linked
MO,D,Ray Hartmann,,,,,,none
CA,D,Kim Mangone,,,,,,none
VT,R,Miriam Berry,,,,,,none
IL,R,Philanise White,,,,,,none
LA,D,Foster Campbell,Foster Campbell,3,State legislature,1976,2002,linked
LA,D,Foster Campbell,Foster Campbell,4,Member of the Louisiana Public Service Commission from the 5th district,2003,,linked
CT,D,John Larson,John B. Larson,1,Chair of the House Democratic Caucus,2009,2013,linked
CT,D,John Larson,John B. Larson,1,Vice Chair of the House Democratic Caucus,2006,2009,linked
CT,D,John Larson,John B. Larson,1,Ranking Member of the House Administration Committee,2003,2005,linked
CT,D,John Larson,John B. Larson,3,President pro tempore of the Connecticut Senate,1987,1995,linked
CT,D,John Larson,John B. Larson,3,State legislature,1983,1995,linked
CT,D,John Larson,John B. Larson,4,U.S. House,1999,,linked
NY,R,Mike Sapraicone,,,,,,none
CA,R,Chris Bish,,,,,,none
WI,R,Derrick Van Orden,Derrick Van Orden,4,U.S. House,2023,,linked
VA,R,Mike Van Meter,,,,,,none
AR,R,Tom Cotton,Tom Cotton,1,Chair of the Senate Intelligence Committee,2025,,linked
AR,R,Tom Cotton,Tom Cotton,5,United States Senator,2015,,linked
AR,R,Tom Cotton,Tom Cotton,4,U.S. House,2013,2015,linked
AR,R,Tom Cotton,Tom Cotton,1,Chair of the Senate Republican Conference,2025,,linked
ME,R,Donald Trump,,,,,,none
CA,R,Christian Leonel Valiente,,,,,,none
ID,D,Aaron Swisher,,,,,,none
MN,D,Kamala Harris,,,,,,none
OK,D,Dennis Baker,,,,,,none
IA,D,Cindy Axne,Cindy Axne,4,U.S. House,2019,2023,linked
VA,R,Jerry Torres,,,,,,none
LA,D,Joe Biden,,,,,,none
CA,R,Ronda Baldwin-Kennedy,,,,,,none
WV,R,Riley Moore,Riley Moore,4,25th Treasurer of West Virginia,2021,2025,linked
WV,R,Riley Moore,Riley Moore,3,State legislature,2017,2019,linked
WV,R,Riley Moore,Riley Moore,4,U.S. House,2025,,linked
KY,D,Seth Hall,,,,,,none
OH,D,Richard Cordray,Richard Cordray,1,1st Director of the Consumer Financial Protection Bureau,2012,2017,linked
OH,D,Richard Cordray,Richard Cordray,4,49th Attorney General of Ohio,2009,2011,linked
OH,D,Richard Cordray,Richard Cordray,4,46th Treasurer of Ohio,2007,2009,linked
OH,D,Richard Cordray,Richard Cordray,2,Treasurer of Franklin County,2002,2007,linked
OH,D,Richard Cordray,Richard Cordray,1,1st Solicitor General of Ohio,1993,1995,linked
OH,D,Richard Cordray,Richard Cordray,3,State legislature,1991,1992,linked
OH,D,Richard Cordray,Richard Cordray,1,Chief Operating Officer of Federal Student Aid,2021,2024,linked
NE,R,Donald Trump,,,,,,none
PA,R,Dave McCormick,Dave McCormick,1,Under Secretary of the Treasury for International Affairs,2007,2009,linked
PA,R,Dave McCormick,Dave McCormick,1,United States Deputy National Security Advisor for International Economic Affairs,2006,2007,linked
PA,R,Dave McCormick,Dave McCormick,1,Under Secretary of Commerce for Industry and Security,2005,2006,linked
PA,R,Dave McCormick,Dave McCormick,5,United States Senator,2025,,linked
AZ,R,Brandon Martin,,,,,,none
NY,R,Nicholas LaLota,Nick LaLota,4,U.S. House,2023,,linked
MI,R,Lisa McClain,Lisa McClain,1,Secretary of the House Republican Conference,2023,2025,linked
MI,R,Lisa McClain,Lisa McClain,1,Chair of the House Republican Conference,2025,,linked
OH,R,Jim Burgess,,,,,,none
IL,R,Seth Alan Cohen,,,,,,none
CA,R,Matt Gunderson,,,,,,none
CA,R,Jack Orswell,,,,,,none
TX,D,John Love,,,,,,none
OH,D,Michael Galbraith,,,,,,none
TX,D,Shirley McKellar,,,,,,none
TX,D,Tartisha Hill,,,,,,none
AR,D,Chintan Desai,,,,,,none
SC,D,Mary Geren,,,,,,none
MA,D,Lori Trahan,Lori Trahan,4,U.S. House,2019,,linked
MA,D,Lori Trahan,Lori Trahan,1,Co-Chair of the House Democratic Policy and Communications Committee,2023,,linked
GA,D,Joe Biden,,,,,,none
NJ,D,Joe Biden,,,,,,none
IN,D,Valerie McCray,,,,,,none
KS,D,Jimmy Beard,,,,,,none
PA,D,Katie McGinty,Katie McGinty,1,Pennsylvania Secretary of Environmental Protection,2003,2008,linked
PA,D,Katie McGinty,Katie McGinty,2,Chair of the Council on Environmental Quality,1993,1998,linked
PA,D,Katie McGinty,Katie McGinty,1,Chief of Staff to the Governor of Pennsylvania,2015,2015,linked
ID,D,Kaylee Peterson,,,,,,none
PA,D,Susan Boser,,,,,,none
PA,D,Conor Lamb,Conor Lamb,0,,,,linked
NY,R,Donald Trump,Donald Trump,5,President of the United States,2025,,name-match
NM,R,Steve Pearce,Steve Pearce (politician),1,Chair of the New Mexico Republican Party,2018,2024,linked
NM,R,Steve Pearce,Steve Pearce (politician),4,U.S. House,2011,2019,linked
NM,R,Steve Pearce,Steve Pearce (politician),3,State legislature,1997,2001,linked
NM,R,Steve Pearce,Steve Pearce (politician),1,Director of the Bureau of Land Management,2026,,linked
SC,R,Sheri Biggs,Sheri Biggs,4,U.S. House,2025,,linked
FL,R,Byron Donalds,Byron Donalds,3,State legislature,2016,2020,linked
FL,R,Byron Donalds,Byron Donalds,4,U.S. House,2021,,linked
TN,D,Kevin Jenkins,,,,,,none
WI,D,Mary Hoeft,,,,,,none
MA,D,Seth Moulton,Seth Moulton,4,U.S. House,2015,,linked
RI,R,Donald Trump,,,,,,none
WI,R,Erik Olsen,,,,,,none
VA,R,Jim Myles,,,,,,none
NJ,R,Donald Trump,,,,,,none
IL,R,Jeffrey Leef,,,,,,none
GA,R,Austin Scott,Austin Scott,3,Member of the Georgia House of Representatives,1996,2011,linked
GA,R,Austin Scott,Austin Scott,4,U.S. House,2011,,linked
TX,D,Carolyn Salter,,,,,,none
MI,R,James Hooper,,,,,,none
MI,D,Jerry Hilliard,,,,,,none
NV,R,Jim Marchant,Jim Marchant,3,State legislature,2016,2018,linked
AR,D,Hillary Clinton,Hillary Clinton,4,67th United States Secretary of State,2009,2013,name-match
AR,D,Hillary Clinton,Hillary Clinton,5,United States Senator,2001,2009,name-match
AR,D,Hillary Clinton,Hillary Clinton,1,First Lady of the United States,1993,2001,name-match
AR,D,Hillary Clinton,Hillary Clinton,1,First Lady of Arkansas,1983,1992,name-match
AR,D,Hillary Clinton,Hillary Clinton,1,11th Chancellor of Queen's University Belfast,2020,,name-match
MO,D,Pam May,,,,,,none
WY,R,Donald Trump,,,,,,none
IL,R,John Elleson,,,,,,none
TN,D,Meg Gorman,,,,,,none
MI,D,Rashida Tlaib,Rashida Tlaib,3,Member of the Michigan House of Representatives,2009,2014,linked
NE,D,Kate Bolz,Kate Bolz,3,State legislature,2013,2021,linked
TX,R,Jodey Arrington,Jodey Arrington,4,U.S. House,2017,,linked
TX,R,Jodey Arrington,Jodey Arrington,1,Chair of the House Budget Committee,2023,,linked
PA,D,Shamaine Daniels,,,,,,none
PA,R,John Joyce,John Joyce (American politician),4,U.S. House,2019,,linked
IL,R,Mary Miller,Mary Miller (politician),4,U.S. House,2021,,linked
AZ,D,Kyrsten Sinema,Kyrsten Sinema,4,U.S. House,2013,2019,linked
AZ,D,Kyrsten Sinema,Kyrsten Sinema,3,State legislature,2011,2012,linked
AZ,D,Kyrsten Sinema,Kyrsten Sinema,3,State legislature,2005,2011,linked
AZ,D,Kyrsten Sinema,Kyrsten Sinema,5,Kyrsten Sinema's voice,2019,2025,linked
NY,D,Paula Collins,,,,,,none
NC,D,Daryl Farrow,,,,,,none
LA,R,Mike Johnson,Mike Johnson,1,Leader of the House Republican Conference,2023,,linked
LA,R,Mike Johnson,Mike Johnson,1,Vice Chair of the House Republican Conference,2021,2023,linked
LA,R,Mike Johnson,Mike Johnson,1,Chair of the Republican Study Committee,2019,2021,linked
LA,R,Mike Johnson,Mike Johnson,4,U.S. House,2017,,linked
LA,R,Mike Johnson,Mike Johnson,3,State legislature,2015,2017,linked
LA,R,Mike Johnson,Mike Johnson,4,56th Speaker of the United States House of Representatives,2023,,linked
NC,D,Don Davis,Don Davis (North Carolina politician),3,State legislature,2013,2023,linked
NC,D,Don Davis,Don Davis (North Carolina politician),2,Mayor of Snow Hill,2001,2008,linked
NC,D,Don Davis,Don Davis (North Carolina politician),4,U.S. House,2023,,linked
CO,D,Michael Bennet,Michael Bennet,1,Chair of the Democratic Senatorial Campaign Committee,2013,2015,linked
CO,D,Michael Bennet,Michael Bennet,1,Superintendent of Denver Public Schools,2005,2009,linked
CO,D,Michael Bennet,Michael Bennet,5,United States Senator,2009,,linked
CA,D,Sara Jacobs,Sara Jacobs,0,,,,linked
MO,D,Missi Hesketh,,,,,,none
NE,D,Tony Vargas,Tony Vargas,3,State legislature,2017,2025,linked
NE,D,Tony Vargas,Tony Vargas,3,Vice Chair of the Executive Board of the Nebraska Legislature,2019,2023,linked
IA,D,Rita Hart,Rita Hart,3,State legislature,2013,2019,linked
IA,D,Rita Hart,Rita Hart,1,Chair of the Iowa Democratic Party,2023,,linked
FL,R,Matt Gaetz,Matt Gaetz,4,U.S. House,2017,2024,linked
FL,R,Matt Gaetz,Matt Gaetz,3,State legislature,2010,2016,linked
MA,R,Kevin O'Connor,,,,,,none
GA,R,Mike Collins,Mike Collins (politician),4,U.S. House,2023,,linked
FL,D,Bob Rackleff,,,,,,none
TX,D,Joe Biden,,,,,,none
NC,R,Richard Hudson,Richard Hudson (American politician),1,Secretary of the House Republican Conference,2021,2023,linked
NC,R,Richard Hudson,Richard Hudson (American politician),1,Chair of the National Republican Congressional Committee,2023,,linked
ID,D,Rudy Soto,,,,,,none
NC,D,Wiley Nickel,Wiley Nickel,3,State legislature,2019,2023,linked
NC,D,Wiley Nickel,Wiley Nickel,4,U.S. House,2023,2025,linked
ID,D,Hillary Clinton,,,,,,none
VA,D,Missy Cotter Smasal,,,,,,none
AZ,R,Eve Nunez,,,,,,none
FL,R,Anna Paulina Luna,Anna Paulina Luna,4,U.S. House,2023,,linked
UT,D,Nathaniel Woodward,,,,,,none
CO,D,Yadira Caraveo,Yadira Caraveo,3,State legislature,2019,2023,linked
CO,D,Yadira Caraveo,Yadira Caraveo,4,U.S. House,2023,2025,linked
IL,D,Mike Quigley,Mike Quigley,2,Member of the Cook County Board of Commissioners from the 10th district,1998,2009,linked
IL,D,Mike Quigley,Mike Quigley,4,U.S. House,2009,,linked
TX,D,Mike Siegel,,,,,,none
CA,R,Christine Russell,,,,,,none
IN,R,Mark Messmer,Mark Messmer,3,Majority Leader of the Indiana Senate,2018,2022,linked
IN,R,Mark Messmer,Mark Messmer,3,State legislature,2014,2024,linked
IN,R,Mark Messmer,Mark Messmer,3,State legislature,2008,2014,linked
IN,R,Mark Messmer,Mark Messmer,4,U.S. House,2025,,linked
RI,R,Ashley Kalus,,,,,,none
WY,D,Lynnette Grey Bull,,,,,,none
IL,R,Ashley Ramos,,,,,,none
VA,D,Jennifer Lynn Lewis,,,,,,none
TX,R,Pete Sessions,Pete Sessions,1,Chair of the House Rules Committee,2013,2019,linked
TX,R,Pete Sessions,Pete Sessions,1,Chair of the National Republican Congressional Committee,2009,2013,linked
VA,R,Corey Stewart,Corey Stewart,2,Chair of the Prince William Board of County Supervisors,2006,2019,linked
VA,R,Corey Stewart,Corey Stewart,2,Occoquan District Supervisor,2003,2006,linked
CA,D,Rita Ramirez,,,,,,none
CA,R,Corey Gustafson,,,,,,none
NY,R,George Santos,George Santos,4,Santos's voice,2023,2023,linked
NY,D,Hakeem Jeffries,Hakeem Jeffries,1,Leader of the House Democratic Caucus,2023,,linked
NY,D,Hakeem Jeffries,Hakeem Jeffries,1,Chair of the House Democratic Caucus,2019,2023,linked
NY,D,Hakeem Jeffries,Hakeem Jeffries,1,Co-Chair of the House Democratic Policy and Communications Committee,2017,2019,linked
NY,D,Hakeem Jeffries,Hakeem Jeffries,4,U.S. House,2013,,linked
NY,D,Hakeem Jeffries,Hakeem Jeffries,3,State legislature,2007,2012,linked
NY,D,Hakeem Jeffries,Hakeem Jeffries,1,House Minority Leader,2023,,linked
MO,R,Mark Alford,Mark Alford,4,U.S. House,2023,,linked
LA,R,Ralph Lee Abraham,Ralph Abraham (politician),1,Surgeon General of the Louisiana Department of Health,2024,2025,name-match
LA,R,Ralph Lee Abraham,Ralph Abraham (politician),4,U.S. House,2015,2021,name-match
LA,R,Ralph Lee Abraham,Ralph Abraham (politician),1,Principal Deputy Director of the Centers for Disease Control and Prevention,2025,2026,name-match
TN,D,Joe Biden,,,,,,none
NV,R,Sam Peters,,,,,,none
PA,R,Ryan Mackenzie,Ryan Mackenzie,3,Member of the Pennsylvania House of Representatives,2012,2024,linked
PA,R,Ryan Mackenzie,Ryan Mackenzie,4,U.S. House,2025,,linked
NC,R,Mark Walker,Mark Walker (North Carolina politician),1,Vice Chair of the House Republican Conference,2019,2021,linked
NC,R,Mark Walker,Mark Walker (North Carolina politician),1,Chair of the Republican Study Committee,2017,2019,linked
NC,R,Mark Walker,Mark Walker (North Carolina politician),4,U.S. House,2015,2021,linked
OH,R,Kevin Coughlin,Kevin Coughlin,3,State legislature,1997,2001,linked
OH,R,Kevin Coughlin,Kevin Coughlin,3,State legislature,2001,2010,linked
ND,R,Kevin Cramer,Kevin Cramer,4,U.S. House,2013,2019,linked
ND,R,Kevin Cramer,Kevin Cramer,4,Member of the North Dakota Public Service Commission,2003,2012,linked
ND,R,Kevin Cramer,Kevin Cramer,1,Chair of the North Dakota Republican Party,1991,1993,linked
ND,R,Kevin Cramer,Kevin Cramer,5,United States Senator,2019,,linked
MN,D,Tim Walz,Tim Walz,1,Ranking Member of the House Veterans' Affairs Committee,2017,2019,linked
MN,D,Tim Walz,Tim Walz,4,U.S. House,2007,2019,linked
NY,D,Jerrold Nadler,Jerry Nadler,1,Chair of the House Judiciary Committee,2019,2023,linked
NY,D,Jerrold Nadler,Jerry Nadler,3,Member of the New York State Assembly,1977,1992,linked
NY,D,Jerrold Nadler,Jerry Nadler,1,Ranking Member of the House Judiciary Committee,2023,2025,linked
IN,D,Tim Peck,,,,,,none
CA,D,Derek Marshall,,,,,,none
IL,D,Delia Ramirez,Delia Ramirez,3,State legislature,2018,2022,linked
IL,D,Delia Ramirez,Delia Ramirez,4,U.S. House,2023,,linked
TX,D,Melissa McDonough,,,,,,none
OR,R,Mark Callahan,Mark Callahan,0,,,,linked
GA,R,Joe Profit,Joe Profit,0,,,,linked
MI,R,Paul Hudson,,,,,,none
OH,D,Jerrad Christian,,,,,,none
WA,R,Jeb Brewer,,,,,,none
NH,R,Donald Trump,,,,,,none
OH,R,Orlando Sonza,,,,,,none
NC,R,Roger Allison,,,,,,none
IN,D,Derrick Holder,,,,,,none
WI,D,Kamala Harris,,,,,,none
TN,D,Hillary Clinton,,,,,,none
FL,D,Debbie Wasserman Schultz,Debbie Wasserman Schultz,1,Chair of the Democratic National Committee,2011,2016,linked
FL,D,Debbie Wasserman Schultz,Debbie Wasserman Schultz,3,Member of the Florida Senate,2000,2004,linked
FL,D,Debbie Wasserman Schultz,Debbie Wasserman Schultz,3,State legislature,1992,2000,linked
FL,D,Debbie Wasserman Schultz,Debbie Wasserman Schultz,1,Chair of the House Democratic Steering Committee,2023,,linked
TN,D,Sarah Freeman,,,,,,none
CA,R,Tom Silva,,,,,,none
CA,D,Christine Bubser,,,,,,none
TN,D,Gloria Johnson,Gloria Johnson (politician),3,Member of the Tennessee House of Representatives,2019,,linked
TX,D,Iro Omere,,,,,,none
SC,R,Ralph Norman,Ralph Norman,3,State legislature,2009,2017,linked
SC,R,Ralph Norman,Ralph Norman,4,U.S. House,2017,,linked
CA,R,Kevin Kiley,Kevin Kiley (politician),3,State legislature,2016,2022,linked
CA,R,Kevin Kiley,Kevin Kiley (politician),4,U.S. House,2023,,linked
CA,R,Kimberlin Brown Pelzer,Kimberlin Brown,0,,,,linked
TX,R,Morgan Luttrell,Morgan Luttrell,4,U.S. House,2023,,linked
TX,D,Steven David,,,,,,none
CA,R,Donald Trump,,,,,,none
AL,R,Beatrice Nichols,,,,,,none
AK,D,Alyse Galvin,Alyse Galvin,3,State legislature,2023,,linked
CA,R,Mark Meuser,,,,,,none
GA,D,Lindsay Holliday,,,,,,none
PA,R,George Kelly,Mike Kelly (Pennsylvania politician),0,,,,linked
AZ,D,Joe Biden,,,,,,none
UT,D,Kamala Harris,,,,,,none
MT,D,Ryan Busse,,,,,,none
NC,D,Nigel William Bristow,,,,,,none
FL,D,Val Butler Demings,Val Demings,1,Chief of the Orlando Police Department,2007,2011,linked
FL,D,Val Butler Demings,Val Demings,4,U.S. House,2017,2023,linked
SC,D,Hillary Clinton,,,,,,none
CA,D,Rudy Salas,Rudy Salas,3,State legislature,2012,2022,linked
MI,R,Nick Somberg,,,,,,none
IN,D,Lynn Coleman,,,,,,none
CA,R,Diane Harkey,Diane Harkey,4,Member of the California State Board of Equalization from the 4th district,2015,2019,linked
CA,R,Diane Harkey,Diane Harkey,3,State legislature,2008,2014,linked
CA,R,Diane Harkey,Diane Harkey,2,Mayor of Dana Point,2006,2007,linked
CA,R,Diane Harkey,Diane Harkey,2,Member of the Dana Point City Council,2004,2008,linked
CA,R,Diane Harkey,Diane Harkey,4,Chair of the California State Board of Equalization,2017,2019,linked
NM,R,Nella Domenici,,,,,,none
NC,D,Kamala Harris,,,,,,none
VA,D,Tim Kaine,Tim Kaine,1,Chair of the Democratic National Committee,2009,2011,linked
VA,D,Tim Kaine,Tim Kaine,4,38th Lieutenant Governor of Virginia,2002,2006,linked
VA,D,Tim Kaine,Tim Kaine,2,76th Mayor of Richmond,1998,2001,linked
VA,D,Tim Kaine,Tim Kaine,2,Member of the Richmond City Council from the 2nd district,1994,2001,linked
VA,D,Tim Kaine,Tim Kaine,5,United States Senator,2013,,linked
SC,D,Joe Biden,,,,,,none
FL,D,Dave Koller,,,,,,none
GA,R,Bongo Salvesen,,,,,,none
DE,D,Sarah McBride,Sarah McBride,3,State legislature,2020,2025,linked
DE,D,Sarah McBride,Sarah McBride,4,U.S. House,2025,,linked
IA,R,Donald Trump,,,,,,none
KS,R,Ron Estes,Ron Estes,4,39th Treasurer of Kansas,2011,2017,linked
KS,R,Ron Estes,Ron Estes,2,Treasurer of Sedgwick County,2004,2010,linked
KS,R,Ron Estes,Ron Estes,4,U.S. House,2017,,linked
NV,R,Adam Laxalt,Adam Laxalt,4,33rd Attorney General of Nevada,2015,2019,linked
AR,D,Lauren Mallett-Hays,,,,,,none
OK,R,Frank Lucas,Frank Lucas (Oklahoma politician),1,Ranking Member of the House Science Committee,2019,2023,linked
OK,R,Frank Lucas,Frank Lucas (Oklahoma politician),1,Chair of the House Agriculture Committee,2011,2015,linked
OK,R,Frank Lucas,Frank Lucas (Oklahoma politician),1,Ranking Member of the House Agriculture Committee,2009,2011,linked
OK,R,Frank Lucas,Frank Lucas (Oklahoma politician),3,State legislature,1989,1994,linked
OK,R,Frank Lucas,Frank Lucas (Oklahoma politician),1,Chair of the House Science Committee,2023,2025,linked
MO,D,Randi McCallian,,,,,,none
PA,D,Chrissy Houlahan,Chrissy Houlahan,4,U.S. House,2019,,linked
FL,R,Mike Miller,Mike Miller (Florida politician),3,State legislature,2014,2018,linked
OR,R,Jo Rae Perkins,Jo Rae Perkins,0,,,,linked
ND,D,Kamala Harris,,,,,,none
IL,R,Kathy Salvi,Kathy Salvi,1,Chair of the Illinois Republican Party,2024,2026,linked
NY,R,Michael LiPetri,Mike LiPetri,3,State legislature,2019,2021,linked
NC,D,Phillip Price,,,,,,none
FL,R,Donald Trump,,,,,,none
OH,R,Mark Richardson,,,,,,none
NJ,D,Joshua Welle,,,,,,none
IL,R,Jerry Evans,,,,,,none
NH,D,Chris Pappas,Chris Pappas (American politician),4,U.S. House,2019,,linked
NH,D,Chris Pappas,Chris Pappas (American politician),4,Member of the New Hampshire Executive Council from the 4th district,2013,2019,linked
NH,D,Chris Pappas,Chris Pappas (American politician),2,Treasurer of Hillsborough County,2007,2011,linked
NH,D,Chris Pappas,Chris Pappas (American politician),4,Member of the New Hampshire House of Representatives from Hillsborough County,2002,2006,linked
PA,R,Daniel David,Dan David (money manager),0,,,,linked
NH,D,Maggie Goodlander,Maggie Goodlander,4,U.S. House,2025,,linked
NJ,R,Bob Patterson,,,,,,none
WA,R,Marc Hennemann,,,,,,none
MI,R,Tim Walberg,Tim Walberg,3,Member of the Michigan House of Representatives,1983,1999,linked
MI,R,Tim Walberg,Tim Walberg,1,Chair of the House Education Committee,2025,,linked
CA,D,Ted Lieu,Ted Lieu,1,Vice Chair of the House Democratic Caucus,2023,,linked
CA,D,Ted Lieu,Ted Lieu,1,Co-Chair of the House Democratic Policy and Communications Committee,2019,2023,linked
CA,D,Ted Lieu,Ted Lieu,3,State legislature,2011,2014,linked
CA,D,Ted Lieu,Ted Lieu,3,State legislature,2005,2010,linked
VA,R,John McGuire,John McGuire (Virginia politician),3,State legislature,2024,2025,linked
VA,R,John McGuire,John McGuire (Virginia politician),3,State legislature,2018,2024,linked
VA,R,John McGuire,John McGuire (Virginia politician),4,U.S. House,2025,,linked
NV,D,Catherine Cortez Masto,Catherine Cortez Masto,5,United States Senator,2017,,linked
NV,D,Catherine Cortez Masto,Catherine Cortez Masto,1,Chair of the Democratic Senatorial Campaign Committee,2019,2021,linked
NV,D,Catherine Cortez Masto,Catherine Cortez Masto,4,32nd Attorney General of Nevada,2007,2015,linked
DE,R,Donald Trump,,,,,,none
RI,D,Joe Biden,,,,,,none
PA,R,Rob Bresnahan,Rob Bresnahan,4,U.S. House,2025,,linked
IN,D,Kamala Harris,,,,,,none
IA,R,Mariannette Miller-Meeks,Mariannette Miller-Meeks,3,State legislature,2019,2021,linked
IA,R,Mariannette Miller-Meeks,Mariannette Miller-Meeks,1,Director of the Iowa Department of Public Health,2011,2014,linked
NJ,R,Rik Mehta,,,,,,none
FL,D,Scott Fuhrman,,,,,,none
MT,D,Kathleen Williams,Kathleen Williams (politician),3,Member of the Montana House of Representatives,2011,2017,linked
AK,R,Donald Trump,,,,,,none
FL,R,Neal Dunn,Neal Dunn,4,U.S. House,2017,,linked
AR,D,Monte Hodges,Monte Hodges,3,State legislature,2013,2023,linked
WA,D,Joe Biden,,,,,,none
MD,D,Kamala Harris,,,,,,none
NY,R,Douglas Tuman,,,,,,none
TX,R,Donald Trump,,,,,,none
MS,D,Joe Biden,,,,,,none
NY,R,Thomas Zmich,,,,,,none
CT,D,Chris Murphy,Chris Murphy,1,Deputy Secretary of the Senate Democratic Caucus,2025,,linked
CT,D,Chris Murphy,Chris Murphy,5,United States Senator,2013,,linked
CT,D,Chris Murphy,Chris Murphy,4,U.S. House,2007,2013,linked
CT,D,Chris Murphy,Chris Murphy,3,State legislature,2003,2007,linked
NJ,R,Joseph Belnome,,,,,,none
MN,D,Joe Biden,,,,,,none
GA,D,Lexy Doherty,,,,,,none
OK,D,Kamala Harris,,,,,,none
MD,D,April McClain Delaney,April McClain Delaney,4,U.S. House,2025,,linked
IL,D,Kevin Gaither,,,,,,none
NJ,R,Jefferson Van Drew,Jeff Van Drew,3,State legislature,2008,2018,linked
NJ,R,Jefferson Van Drew,Jeff Van Drew,3,State legislature,2002,2008,linked
NJ,R,Jefferson Van Drew,Jeff Van Drew,2,Member of the Cape May County Board of Chosen Freeholders,2001,2002,linked
NJ,R,Jefferson Van Drew,Jeff Van Drew,4,U.S. House,2019,,linked
AZ,R,Stephen Ferrara,,,,,,none
AK,D,Kamala Harris,,,,,,none
ID,D,Cristina McNeil,,,,,,none
IN,D,Joe Donnelly,Joe Donnelly,5,United States Senator,2013,2019,linked
IN,D,Joe Donnelly,Joe Donnelly,4,U.S. House,2007,2013,linked
IN,D,Joe Donnelly,Joe Donnelly,1,12th United States Ambassador to the Holy See,2022,2024,linked
GA,D,Tambrei Cash,,,,,,none
NC,R,Mark Meadows,Mark Meadows,1,Ranking Member of the House Oversight Committee,2020,2020,linked
NC,R,Mark Meadows,Mark Meadows,1,Chair of the House Freedom Caucus,2017,2019,linked
NC,R,Mark Meadows,Mark Meadows,4,U.S. House,2013,2020,linked
NC,R,Mark Meadows,Mark Meadows,1,29th White House Chief of Staff,2020,2021,linked
CO,R,Jeff Crank,Jeff Crank,4,U.S. House,2025,,linked
KY,R,Harold Rogers,Hal Rogers,1,Chair of the House Appropriations Committee,2011,2017,linked
KY,R,Harold Rogers,Hal Rogers,4,U.S. House,1981,,linked
KY,R,Harold Rogers,Hal Rogers,2,Commonwealth's Attorney of the 28th Kentucky Circuit Court,1969,1981,linked
MO,R,Jacob Turk,,,,,,none
WA,R,Jim Postma,,,,,,none
OR,D,Joe Biden,,,,,,none
FL,D,Stephanie Murphy,Stephanie Murphy,4,U.S. House,2017,2023,linked
TN,D,Jack Allen,,,,,,none
FL,R,Mike Haridopolos,Mike Haridopolos,3,President of the Florida Senate,2010,2012,linked
FL,R,Mike Haridopolos,Mike Haridopolos,3,State legislature,2003,2012,linked
FL,R,Mike Haridopolos,Mike Haridopolos,3,State legislature,2000,2003,linked
FL,R,Mike Haridopolos,Mike Haridopolos,4,U.S. House,2025,,linked
VA,D,Kamala Harris,,,,,,none
NY,D,Joe Biden,,,,,,none
CA,D,Jerry McNerney,Jerry McNerney,3,State legislature,2024,,linked
GA,D,Lucy McBath,Lucy McBath,0,,,,linked
NM,R,Steve Jones,,,,,,none
CA,R,Michael Koslow,,,,,,none
PA,R,Mike Doyle,Mike Doyle (American politician),4,Member of the U.S. House of Representatives from Pennsylvania,1995,2022,linked
IL,R,Tom Hanson,,,,,,none
FL,D,Cindy Lyn Banyai,,,,,,none
WI,D,Mike Van Someren,,,,,,none
KS,R,Donald Trump,,,,,,none
AL,R,Barry Moore,Barry Moore (American politician),3,State legislature,2010,2018,linked
KY,R,Donald Trump,,,,,,none
NY,R,Menachem Raitport,,,,,,none
WY,D,Kyle Cameron,,,,,,none
MD,D,"Johnny O Olszewski, Jr.",Johnny Olszewski,2,14th Executive of Baltimore County,2018,2025,linked
MD,D,"Johnny O Olszewski, Jr.",Johnny Olszewski,3,State legislature,2006,2015,linked
MD,D,"Johnny O Olszewski, Jr.",Johnny Olszewski,4,Olszewski's voice,2025,,linked
NH,R,Steven Negron,Steve Negron,3,State legislature,2016,2018,linked
AK,D,Mark Begich,Mark Begich,5,United States Senator,2009,2015,linked
AK,D,Mark Begich,Mark Begich,2,34th Mayor of Anchorage,2003,2009,linked
AK,D,Mark Begich,Mark Begich,1,Chair of the Anchorage Assembly,1996,1998,linked
AK,D,Mark Begich,Mark Begich,1,Member of the Anchorage Assembly from Seat H,1988,1998,linked
AK,D,Mark Begich,Mark Begich,1,Chair of the Senate Democratic Steering and Outreach Committee,2011,2015,linked
NV,R,Mark Robertson,,,,,,none
TN,D,Danielle Mitchell,,,,,,none
MN,R,Michelle Fischbach,Michelle Fischbach,4,49th Lieutenant Governor of Minnesota,2018,2019,linked
MN,R,Michelle Fischbach,Michelle Fischbach,3,President of the Minnesota Senate,2017,2018,linked
MN,R,Michelle Fischbach,Michelle Fischbach,3,State legislature,2013,2018,linked
MN,R,Michelle Fischbach,Michelle Fischbach,3,State legislature,1996,2013,linked
MN,R,Michelle Fischbach,Michelle Fischbach,4,U.S. House,2021,,linked
TX,R,Darrell Day,,,,,,none
GA,D,Antonio Daza-Fernandez,,,,,,none
FL,R,Kat Cammack,Kat Cammack,4,U.S. House,2021,,linked
MD,D,David Trone,David Trone,4,Trone's voice,2019,2025,linked
NE,R,Mike Flood,Mike Flood (politician),3,Speaker of the Nebraska Legislature,2007,2013,linked
NE,R,Mike Flood,Mike Flood (politician),3,State legislature,2021,2022,linked
NE,R,Mike Flood,Mike Flood (politician),4,U.S. House,2022,,linked
NC,R,Pat Harrigan,Pat Harrigan,4,U.S. House,2025,,linked
IN,R,James Baird,Jim Baird (politician),3,State legislature,2010,2018,linked
IN,R,James Baird,Jim Baird (politician),4,U.S. House,2019,,linked
IN,D,Tom McDermott,Thomas McDermott Jr.,2,20th Mayor of Hammond,2004,,linked
FL,D,Jim Kennedy,,,,,,none
WA,D,Derek Kilmer,Derek Kilmer,1,Chair of the New Democrat Coalition,2019,2021,linked
WA,D,Derek Kilmer,Derek Kilmer,4,U.S. House,2013,2025,linked
WA,D,Derek Kilmer,Derek Kilmer,3,State legislature,2007,2012,linked
WA,D,Derek Kilmer,Derek Kilmer,3,State legislature,2005,2007,linked
WA,D,Derek Kilmer,Derek Kilmer,1,Chair of the House Modernization Committee,2019,2023,linked
MD,D,Jamie Raskin,Jamie Raskin,1,Ranking Member of the House Oversight Committee,2023,2025,linked
MD,D,Jamie Raskin,Jamie Raskin,4,U.S. House,2017,,linked
MD,D,Jamie Raskin,Jamie Raskin,3,State legislature,2007,2016,linked
MD,D,Jamie Raskin,Jamie Raskin,1,Ranking Member of the House Judiciary Committee,2025,,linked
KS,D,Joe Biden,,,,,,none
FL,D,Andrea Doria Kale,,,,,,none
SC,R,Nancy Mace,Nancy Mace,3,State legislature,2018,2020,linked
SC,R,Nancy Mace,Nancy Mace,4,U.S. House,2021,,linked
KY,D,John Yarmuth,John Yarmuth,4,U.S. House,2007,2023,linked
KY,D,John Yarmuth,John Yarmuth,1,Chair of the House Budget Committee,2019,2023,linked
TX,R,Will Hurd,Will Hurd,4,U.S. House,2015,2021,linked
FL,D,Dana Cottrell,,,,,,none
KS,R,Tracey Mann,Tracey Mann,4,50th Lieutenant Governor of Kansas,2018,2019,linked
KS,R,Tracey Mann,Tracey Mann,4,U.S. House,2021,,linked
NY,R,Eliot Rabin,,,,,,none
NJ,R,Daryl Kipnis,,,,,,none
VA,R,Jeff Jordan,,,,,,none
NJ,D,Matthew Jenkins,,,,,,none
CO,R,John Fabbricatore,,,,,,none
MA,R,Donald Trump,,,,,,none
IL,R,Pete DiCianni,,,,,,none
MI,R,David Dudenhoefer,,,,,,none
AR,R,Bruce Westerman,Bruce Westerman,1,Ranking Member of the House Natural Resources Committee,2021,2023,linked
AR,R,Bruce Westerman,Bruce Westerman,4,U.S. House,2015,,linked
AR,R,Bruce Westerman,Bruce Westerman,3,Majority Leader of the Arkansas House of Representatives,2013,2015,linked
AR,R,Bruce Westerman,Bruce Westerman,3,State legislature,2013,2015,linked
AR,R,Bruce Westerman,Bruce Westerman,3,State legislature,2011,2013,linked
AR,R,Bruce Westerman,Bruce Westerman,1,Chair of the House Natural Resources Committee,2023,,linked
SC,D,Archie Parnell,Archie Parnell,0,,,,linked
TX,R,Brandon Gill,Brandon Gill,4,U.S. House,2025,,linked
CA,D,Kermit Jones,,,,,,none
MI,D,Joe Biden,,,,,,none
NC,R,Dan Forest,Dan Forest,4,34th Lieutenant Governor of North Carolina,2013,2021,linked
DE,R,Hans Reigle,,,,,,none
TX,R,Keith Self,Keith Self,4,U.S. House,2023,,linked
GA,R,Christian Zimm,,,,,,none
NY,R,Alexander Dodenhoff,,,,,,none
CO,D,Diana DeGette,Diana DeGette,3,State legislature,1993,1997,linked
CO,D,Diana DeGette,Diana DeGette,4,U.S. House,1997,,linked
TX,D,Kristin Hook,,,,,,none
PA,R,Neil Young,,,,,,none
HI,D,Kai Kahele,Kai Kahele,2,Member of the Office of Hawaiian Affairs Board of Trustees,2024,,linked
HI,D,Kai Kahele,Kai Kahele,4,U.S. House,2021,2023,linked
HI,D,Kai Kahele,Kai Kahele,3,State legislature,2016,2020,linked
HI,D,Kai Kahele,Kai Kahele,2,Chair of the Office of Hawaiian Affairs Board of Trustees,2024,,linked
TN,D,Christopher Martin Finley,,,,,,none
FL,D,Joe Biden,,,,,,none
VA,D,Joe Biden,,,,,,none
WI,D,Tricia Zunker,,,,,,none
IA,R,Kim Reynolds,Kim Reynolds,1,Chair of the Republican Governors Association,2022,2023,linked
IA,R,Kim Reynolds,Kim Reynolds,4,46th Lieutenant Governor of Iowa,2011,2017,linked
IA,R,Kim Reynolds,Kim Reynolds,4,56th Chair of the National Lieutenant Governors Association,2015,2016,linked
IA,R,Kim Reynolds,Kim Reynolds,3,State legislature,2009,2011,linked
NV,R,Donald Trump,,,,,,none
GA,D,Val Almonord,,,,,,none
FL,D,Tom Wells,,,,,,none
MO,D,Claire McCaskill,Claire McCaskill,5,United States Senator,2007,2019,linked
MO,D,Claire McCaskill,Claire McCaskill,4,34th Auditor of Missouri,1999,2007,linked
MO,D,Claire McCaskill,Claire McCaskill,2,Prosecutor of Jackson County,1993,1998,linked
MO,D,Claire McCaskill,Claire McCaskill,3,State legislature,1983,1988,linked
MO,D,Claire McCaskill,Claire McCaskill,1,Ranking Member of the Senate Homeland Security Committee,2017,2019,linked
NH,D,Carol Shea-Porter,Carol Shea-Porter,4,U.S. House,2017,2019,linked
IL,D,Janice Schakowsky,Jan Schakowsky,4,U.S. House,1999,,linked
IL,D,Janice Schakowsky,Jan Schakowsky,3,Member of the Illinois House of Representatives,1991,1998,linked
IL,D,Janice Schakowsky,Jan Schakowsky,1,House Democratic Senior Chief Deputy Whip,2019,,linked
AL,D,Hillary Clinton,,,,,,none
MN,R,Donald Trump,,,,,,none
AL,R,Mike Rogers,Mike Rogers (Alabama politician),1,Ranking Member of the House Armed Services Committee,2021,2023,linked
AL,R,Mike Rogers,Mike Rogers (Alabama politician),1,Ranking Member of the House Homeland Security Committee,2019,2021,linked
AL,R,Mike Rogers,Mike Rogers (Alabama politician),4,U.S. House,2003,,linked
AL,R,Mike Rogers,Mike Rogers (Alabama politician),3,State legislature,1994,2002,linked
AL,R,Mike Rogers,Mike Rogers (Alabama politician),1,Chair of the House Armed Services Committee,2023,,linked
TX,D,Robin Fulford,,,,,,none
ME,D,Joe Biden,,,,,,none
AR,D,William Hanson,,,,,,none
FL,R,Leo Valentin,,,,,,none
NH,D,Kamala Harris,,,,,,none
CT,R,Mary Fay,,,,,,none
AL,D,James Averhart,,,,,,none
CA,R,Russell Rene Lambert,,,,,,none
NY,D,Kirsten Gillibrand,Kirsten Gillibrand,1,Chair of the Democratic Senatorial Campaign Committee,2025,,linked
NY,D,Kirsten Gillibrand,Kirsten Gillibrand,5,United States Senator,2009,,linked
NY,D,Kirsten Gillibrand,Kirsten Gillibrand,4,U.S. House,2007,2009,linked
NY,D,Kirsten Gillibrand,Kirsten Gillibrand,1,Ranking Member of the Senate Aging Committee,2025,,linked
NV,R,Sam Brown,Sam Brown (military officer),1,Under Secretary of Veterans Affairs for Memorial Affairs,2025,,linked
PA,R,Glenn Thompson,Glenn Thompson (politician),1,Ranking Member of the House Agriculture Committee,2021,2023,linked
PA,R,Glenn Thompson,Glenn Thompson (politician),4,U.S. House,2009,,linked
PA,R,Glenn Thompson,Glenn Thompson (politician),1,Chair of the House Agriculture Committee,2023,,linked
VA,D,Karen Baker,,,,,,none
IL,R,Donald Trump,,,,,,none
SC,D,Moe Brown,,,,,,none
MD,R,Donald Trump,,,,,,none
TN,D,Odessa Kelly,,,,,,none
MS,D,Dot Benford,,,,,,none
MI,D,Michael Lynch,,,,,,none
WI,D,Brad Pfaff,Brad Pfaff,1,"Secretary of the Wisconsin Department of Agriculture, Trade and Consumer Protection",2019,2019,linked
WI,D,Brad Pfaff,Brad Pfaff,3,State legislature,2021,,linked
OH,D,Matthew Diemer,,,,,,none
ID,R,Donald Trump,,,,,,none
CA,R,Paul Chabot,,,,,,none
AL,D,Adia Winfrey,,,,,,none
NJ,R,Paul Dilks,,,,,,none
NE,D,Joe Biden,,,,,,none
FL,R,Greg Steube,Greg Steube,3,State legislature,2016,2018,linked
FL,R,Greg Steube,Greg Steube,3,Member of the Florida House of Representatives,2010,2016,linked
FL,R,Greg Steube,Greg Steube,4,Steube's voice,2019,,linked
IA,D,Hillary Clinton,,,,,,none
MO,D,Kamala Harris,,,,,,none
OH,D,Adam Miller,Adam Miller (politician),3,Member of the Ohio House of Representatives,2023,2025,linked
WY,D,Kamala Harris,,,,,,none
NJ,R,Curtis Bashaw,,,,,,none
TN,R,Chuck Fleischmann,Chuck Fleischmann,4,U.S. House,2011,,linked
TX,D,Dayna Steele,,,,,,none
PA,D,Jim Atkinson,,,,,,none
MS,D,Craig Elliot Raybon,,,,,,none
MN,R,Pete Stauber,Pete Stauber,2,Member of the St. Louis County Commission from the 5th district,2013,2019,linked
MN,R,Pete Stauber,Pete Stauber,4,U.S. House,2019,,linked
PA,R,Frederick Keller,Fred Keller (politician),3,State legislature,2011,2019,linked
PA,R,Frederick Keller,Fred Keller (politician),4,U.S. House,2019,,linked
TX,D,Mary Jo Woods,,,,,,none
TX,D,Mark Lorenzen,,,,,,none
KY,R,Rhonda Palazzo,,,,,,none
OH,D,Keith Mundy,,,,,,none
PA,R,Daniel Philip Meuser,Dan Meuser,1,Secretary of Revenue of Pennsylvania,2011,2015,linked
PA,R,Daniel Philip Meuser,Dan Meuser,4,U.S. House,2019,,linked
PA,D,Kamala Harris,,,,,,none
NC,D,Jasmine Beach-Ferrara,,,,,,none
MT,D,Kamala Harris,,,,,,none
FL,R,Gregory Steube,Greg Steube,3,State legislature,2016,2018,linked
FL,R,Gregory Steube,Greg Steube,3,Member of the Florida House of Representatives,2010,2016,linked
FL,R,Gregory Steube,Greg Steube,4,Steube's voice,2019,,linked
WI,R,Sean Duffy,Sean Duffy,1,Acting Administrator of the National Aeronautics and Space Administration,2025,2025,linked
WI,R,Sean Duffy,Sean Duffy,4,U.S. House,2011,2019,linked
WI,R,Sean Duffy,Sean Duffy,2,District Attorney of Ashland County,2002,2010,linked
NC,D,Caleb Rudow,Caleb Rudow,3,Member of the North Carolina House of Representatives,2022,2025,linked
TX,D,Hillary Clinton,,,,,,none
NM,R,Donald Trump,,,,,,none
NY,D,David Wagenhauser,,,,,,none
IA,D,Ryan Melton,,,,,,none
AK,R,Don Young,Don Young,4,U.S. House,1973,2022,linked
AK,R,Don Young,Don Young,1,Chair of the House Transportation Committee,2001,2007,linked
AK,R,Don Young,Don Young,1,Chair of the House Resources Committee,1995,2001,linked
AK,R,Don Young,Don Young,3,State legislature,1971,1973,linked
AK,R,Don Young,Don Young,3,State legislature,1967,1971,linked
CT,R,Mike France,Mike France (politician),3,State legislature,2015,2023,linked
TX,D,Sandeep Srivastava,,,,,,none
TN,D,Maryam Abolfazli,,,,,,none
IL,R,Rick Laib,,,,,,none
IL,D,Brian Roberts,,,,,,none
TX,D,Rashad Lewis,,,,,,none
IL,R,Chad Koppie,,,,,,none
FL,D,Barbie Harden Hall,,,,,,none
CA,R,Jason Michael Anderson,,,,,,none
WI,R,Glenn Grothman,Glenn Grothman,3,State legislature,2005,2015,linked
WI,R,Glenn Grothman,Glenn Grothman,3,Member of the Wisconsin State Assembly,2003,2005,linked
WI,R,Glenn Grothman,Glenn Grothman,4,U.S. House,2015,,linked
IN,R,John Schmitz,,,,,,none
IN,D,William Tanoos,,,,,,none
TN,D,Victoria Isabel Broderick,,,,,,none
WI,R,Eric Hovde,,,,,,none
OH,R,Chris DePizzo,,,,,,none
MA,R,Rick Green,,,,,,none
CA,D,Tim Sheridan,,,,,,none
TN,R,Bill Hagerty,Bill Hagerty,1,30th United States Ambassador to Japan,2017,2019,linked
TN,R,Bill Hagerty,Bill Hagerty,1,Tennessee Commissioner of Economic and Community Development,2011,2014,linked
TN,R,Bill Hagerty,Bill Hagerty,5,United States Senator,2021,,linked
MS,R,Ron Eller,,,,,,none
CA,R,Buzz Patterson,,,,,,none
PA,D,Susan Ellis Wild,Susan Wild,1,Ranking Member of the House Ethics Committee,2023,2025,linked
PA,D,Susan Ellis Wild,Susan Wild,1,Chair of the House Ethics Committee,2022,2023,linked
PA,R,David Winkler,,,,,,none
MN,R,Brad Finstad,Brad Finstad,3,State legislature,2003,2009,linked
MN,R,Brad Finstad,Brad Finstad,4,U.S. House,2022,,linked
IL,R,Scott Gryder,,,,,,none
OH,D,Jill Schiller,,,,,,none
VA,R,Bob Good,Bob Good,4,U.S. House,2021,2025,linked
VA,R,Bob Good,Bob Good,2,Member of the Campbell County Board of Supervisors from the Sunburst district,2016,2019,linked
VA,R,Bob Good,Bob Good,1,Chair of the House Freedom Caucus,2024,2024,linked
TX,R,Ronny Jackson,Ronny Jackson,1,1st Chief Medical Advisor to the President,2019,2019,linked
TX,R,Ronny Jackson,Ronny Jackson,1,Physician to the President,2013,2018,linked
TX,R,Ronny Jackson,Ronny Jackson,4,U.S. House,2021,,linked
ME,R,Ronald Russell,,,,,,none
TX,D,Russell Foster,,,,,,none
LA,D,Kamala Harris,,,,,,none
HI,R,Ron Curtis,,,,,,none
WA,D,Natasha Hill,Natasha Hill,3,State legislature,2025,,linked
NC,D,Frank McNeill,,,,,,none
MI,R,Tom Barrett,Tom Barrett (Michigan politician),3,State legislature,2019,2023,linked
MI,R,Tom Barrett,Tom Barrett (Michigan politician),3,State legislature,2015,2019,linked
MI,R,Tom Barrett,Tom Barrett (Michigan politician),4,U.S. House,2025,,linked
MI,D,Jessica Swartz,,,,,,none
IN,R,Todd Rokita,Todd Rokita,4,U.S. House,2011,2019,linked
IN,R,Todd Rokita,Todd Rokita,4,59th Secretary of State of Indiana,2002,2010,linked
IN,R,Todd Rokita,Todd Rokita,4,44th Attorney General of Indiana,2021,,linked
MS,D,Ty Pinkins,,,,,,none
GA,D,Mike Ford,,,,,,none
TX,D,Lizzie Fletcher,Lizzie Fletcher,4,U.S. House,2019,,linked
NC,R,Lee Haywood,,,,,,none
CA,D,Harley Rouda,Harley Rouda,4,U.S. House,2019,2021,linked
VT,R,Gerald Malloy,,,,,,none
AL,D,Joe Biden,,,,,,none
CT,R,Michael Massey,,,,,,none
AR,R,Donald Trump,,,,,,none
CO,D,John Hickenlooper,John Hickenlooper,1,Chair of the National Governors Association,2014,2015,linked
CO,D,John Hickenlooper,John Hickenlooper,2,43rd Mayor of Denver,2003,2011,linked
CO,D,John Hickenlooper,John Hickenlooper,5,United States Senator,2021,,linked
AK,D,Al Gross,Al Gross (politician),0,,,,linked
WA,R,Don Hewett,,,,,,none
FL,D,Clint Curtis,,,,,,none
MD,R,Nicolee Ambrose,,,,,,none
SC,D,Kim Nelson,,,,,,none
TX,D,Marquette Greene-Scott,,,,,,none
CA,R,Eric Early,,,,,,none
OH,D,Kamala Harris,,,,,,none
MS,R,Roger Wicker,Roger Wicker,1,Chair of the Senate Armed Services Committee,2025,,linked
MS,R,Roger Wicker,Roger Wicker,1,Ranking Member of the Senate Armed Services Committee,2023,2025,linked
MS,R,Roger Wicker,Roger Wicker,1,Ranking Member of the Senate Commerce Committee,2021,2023,linked
MS,R,Roger Wicker,Roger Wicker,1,Chair of the Senate Commerce Committee,2019,2021,linked
MS,R,Roger Wicker,Roger Wicker,1,Chair of the National Republican Senatorial Committee,2015,2017,linked
MS,R,Roger Wicker,Roger Wicker,4,U.S. House,1995,2007,linked
MS,R,Roger Wicker,Roger Wicker,3,State legislature,1988,1995,linked
MS,R,Roger Wicker,Roger Wicker,5,Roger Wicker's voice,2007,,linked
VA,R,Daniel Gade,Daniel Gade,1,Commissioner of the Virginia Department of Veterans Services,2022,2024,linked
NC,R,Paul Wright,,,,,,none
CA,R,Brad Allen,,,,,,none
AZ,D,Joan Greene,,,,,,none
CT,R,Donald Trump,,,,,,none
MI,R,Tim Kelly,Tim Kelly (Michigan politician),3,State legislature,2013,2019,linked
MI,R,Tim Kelly,Tim Kelly (Michigan politician),3,State legislature,2025,,linked
FL,D,Al Lawson,Al Lawson,3,Minority Leader of the Florida Senate,2008,2010,linked
FL,D,Al Lawson,Al Lawson,3,Member of the Florida Senate,2000,2010,linked
FL,D,Al Lawson,Al Lawson,3,Member of the Florida House of Representatives,1982,2000,linked
FL,D,Al Lawson,Al Lawson,4,U.S. House,2017,2023,linked
WI,D,Mark Pocan,Mark Pocan,4,U.S. House,2013,,linked
WI,D,Mark Pocan,Mark Pocan,3,State legislature,1999,2013,linked
WI,D,Mark Pocan,Mark Pocan,1,Chair of the Congressional Progressive Caucus,2017,2021,linked
OH,D,Gary Josephson,,,,,,none
PA,R,Bryan Leib,,,,,,none
NC,D,Chuck Hubbard,,,,,,none
NJ,R,Susan Kiley,,,,,,none
NC,D,Andy Millard,,,,,,none
LA,D,Troy Carter,Troy Carter (politician),3,Minority Leader of the Louisiana State Senate,2016,2021,linked
LA,D,Troy Carter,Troy Carter (politician),3,State legislature,2016,2021,linked
LA,D,Troy Carter,Troy Carter (politician),2,Member of the New Orleans City Council from District C,1994,2002,linked
LA,D,Troy Carter,Troy Carter (politician),3,State legislature,1992,1994,linked
LA,D,Troy Carter,Troy Carter (politician),4,U.S. House,2021,,linked
CA,D,Joe Biden,,,,,,none
NH,R,Eddie Edwards,,,,,,none
WA,D,Rick Larsen,Rick Larsen,4,U.S. House,2001,,linked
WA,D,Rick Larsen,Rick Larsen,2,Member of the Snohomish County Council from the 1st district,1998,2001,linked
WA,D,Rick Larsen,Rick Larsen,1,Ranking Member of the House Transportation Committee,2023,,linked
DE,D,Chris Coons,Chris Coons,1,Chair of the Senate Ethics Committee,2021,2025,linked
DE,D,Chris Coons,Chris Coons,5,United States Senator,2010,,linked
DE,D,Chris Coons,Chris Coons,2,8th New Castle County Executive,2005,2010,linked
DE,D,Chris Coons,Chris Coons,2,President of the New Castle County Council,2001,2005,linked
DE,D,Chris Coons,Chris Coons,1,Vice Chair of the Senate Ethics Committee,2025,,linked
NC,D,Scott Huffman,,,,,,none
TN,D,Jane George,,,,,,none
FL,D,Kari Lerner,Kari Lerner,3,Member of the New Hampshire House of Representatives,2017,2018,linked
NC,D,Valerie Foushee,Valerie Foushee,3,State legislature,2013,2023,linked
NC,D,Valerie Foushee,Valerie Foushee,3,State legislature,2013,2013,linked
NC,D,Valerie Foushee,Valerie Foushee,4,Foushee's voice,2023,,linked
HI,R,Joe Akana,,,,,,none
AL,R,Caroleene Dobson,,,,,,none
NC,D,Deborah Ross,Deborah Ross (politician),3,Member of the North Carolina House of Representatives,2003,2013,linked
NC,D,Deborah Ross,Deborah Ross (politician),4,U.S. House,2021,,linked
MN,R,Tad Jude,Tad Jude,3,State legislature,1973,1983,linked
MN,R,Tad Jude,Tad Jude,3,State legislature,1983,1989,linked
TX,R,Charles Lingerfelt,,,,,,none
UT,D,Doug Owens,Doug Owens,3,Member of the Utah House of Representatives,2021,,linked
NV,R,April Becker,,,,,,none
NC,D,David Parker,,,,,,none
IL,D,Bradley Scott Schneider,Brad Schneider,4,U.S. House,2017,,linked
IL,D,Bradley Scott Schneider,Brad Schneider,1,Chair of the New Democrat Coalition,2025,,linked
WI,D,Ben Steinhoff,,,,,,none
MO,R,Mike Kehoe,Mike Kehoe,4,48th Lieutenant Governor of Missouri,2018,2025,linked
MO,R,Mike Kehoe,Mike Kehoe,3,Majority Leader of the Missouri Senate,2015,2018,linked
MO,R,Mike Kehoe,Mike Kehoe,3,State legislature,2011,2018,linked
CA,R,Daniel Bocic Martinez,,,,,,none
TX,D,Tom Watson,,,,,,none
TN,D,Erika Stotts Pearson,,,,,,none
NY,D,John Plumb,John F. Plumb,1,Assistant Secretary of Defense for Space Policy,2022,2024,linked
NJ,R,Bob Healey,,,,,,none
SD,D,Joe Biden,,,,,,none
CO,R,Marshall Dawson,,,,,,none
SC,D,James Smith,James E. Smith Jr.,3,State legislature,1996,2018,linked
NV,D,Steven Horsford,Steven Horsford,4,U.S. House,2019,,linked
NV,D,Steven Horsford,Steven Horsford,3,Majority Leader of the Nevada State Senate,2009,2013,linked
NV,D,Steven Horsford,Steven Horsford,3,State legislature,2005,2013,linked
NV,D,Steven Horsford,Steven Horsford,1,Chair of the Congressional Black Caucus,2023,2025,linked
VA,D,Eugene Vindman,Eugene Vindman,4,U.S. House,2025,,linked
NC,D,Pam Genant,,,,,,none
KY,R,Mike Craven,,,,,,none
FL,D,Adam Christensen,,,,,,none
FL,D,Nancy Soderberg,Nancy Soderberg,0,,,,linked
NE,D,Preston Love Jr.,Preston Love Jr.,0,,,,linked
AK,D,Joe Biden,,,,,,none
WI,D,Hillary Clinton,,,,,,none
CO,R,Lauren Boebert,Lauren Boebert,1,Lauren Boebert's voice,2025,,linked
VA,D,Bobby Scott,Bobby Scott (politician),1,Chair of the House Education Committee,2019,2023,linked
VA,D,Bobby Scott,Bobby Scott (politician),4,U.S. House,1993,,linked
VA,D,Bobby Scott,Bobby Scott (politician),3,State legislature,1983,1993,linked
VA,D,Bobby Scott,Bobby Scott (politician),3,Member of the Virginia House of Delegates,1978,1983,linked
VA,D,Bobby Scott,Bobby Scott (politician),1,Ranking Member of the House Education Committee,2023,,linked
IL,D,Betsy Dirksen Londrigan,,,,,,none
MO,D,Joe Biden,,,,,,none
IN,D,Jeannine Lee Lake,,,,,,none
TX,D,John Lira,,,,,,none
NJ,R,Rajesh Mohan,,,,,,none
PA,R,Rob Mercuri,Rob Mercuri,3,State legislature,2021,2024,linked
NC,D,Barbara Gaskins,,,,,,none
NY,R,Steven Sams,,,,,,none
NC,R,Addul Ali,,,,,,none
NV,D,Patricia Ackerman,,,,,,none
TX,D,Roy Barrera,Roy R. Barrera Sr.,4,Secretary of State of Texas,1968,1969,name-match
IN,R,Marlin Stutzman,Marlin Stutzman,3,State legislature,2009,2010,linked
IN,R,Marlin Stutzman,Marlin Stutzman,3,State legislature,2003,2009,linked
IN,R,Marlin Stutzman,Marlin Stutzman,4,U.S. House,2025,,linked
CT,D,Kamala Harris,,,,,,none
PA,D,Erin McClelland,,,,,,none
AZ,R,Donald Trump,,,,,,none
TX,D,Laura Jones,,,,,,none
MI,D,Matt Longjohn,Matthew Longjohn,3,State legislature,2025,,linked
NJ,R,Mark Razzoli,,,,,,none
AL,R,Robin Litaker,,,,,,none
MT,R,Troy Downing,Troy Downing,4,17th Auditor of Montana,2021,2025,linked
MT,R,Troy Downing,Troy Downing,4,U.S. House,2025,,linked
IN,R,Eric Holcomb,Eric Holcomb,4,51st Lieutenant Governor of Indiana,2016,2017,linked
IN,R,Eric Holcomb,Eric Holcomb,1,Chair of the Indiana Republican Party,2011,2013,linked
TN,D,Lore Bergman,,,,,,none
ND,R,Julie Fedorchak,Julie Fedorchak,4,Member of the North Dakota Public Service Commission,2012,2025,linked
ND,R,Julie Fedorchak,Julie Fedorchak,4,U.S. House,2025,,linked
TX,R,Antonio Swad,,,,,,none
IL,R,David Merkle,,,,,,none
CA,D,Zoe Lofgren,Zoe Lofgren,1,Ranking Member of the House Science Committee,2023,,linked
CA,D,Zoe Lofgren,Zoe Lofgren,1,Chair of the House Administration Committee,2019,2023,linked
CA,D,Zoe Lofgren,Zoe Lofgren,1,Chair of the House Ethics Committee,2009,2011,linked
DE,R,Mike Ramone,Mike Ramone,3,State legislature,2008,2024,linked
DE,R,Mike Ramone,Mike Ramone,3,Minority Leader of the Delaware House of Representatives,2023,2024,linked
WA,R,Chris Vance,Chris Vance (politician),1,Chair of the Washington Republican Party,2001,2006,linked
WA,R,Chris Vance,Chris Vance (politician),2,Member of the King County Council from the 13th district,1994,2001,linked
WA,R,Chris Vance,Chris Vance (politician),3,State legislature,1991,1993,linked
MD,R,Johnny Ray Salling,Johnny Ray Salling,3,State legislature,2015,,linked
SC,R,Gerhard Gressmann,,,,,,none
OH,R,Bill Johnson,Bill Johnson (university president),4,U.S. House,2011,2024,linked
OH,R,Bill Johnson,Bill Johnson (university president),1,10th President of Youngstown State University,2024,,linked
VA,R,Bill Moher III,,,,,,none
TX,D,Peter Filler,,,,,,none
NC,D,Frank Pierce,,,,,,none
ME,D,Chellie Pingree,Chellie Pingree,3,Member of the Maine Senate,1992,2000,linked
ME,D,Chellie Pingree,Chellie Pingree,4,U.S. House,2009,,linked
IN,R,Larry Bucshon,Larry Bucshon,4,U.S. House,2011,2025,linked
IL,R,Theresa Raborn,,,,,,none
MO,R,Anthony Rogers,,,,,,none
CA,R,Christine Bish,,,,,,none
VT,R,Lawrence Zupan,,,,,,none
CA,R,Daniel Jose Bocic Martinez,,,,,,none
TX,R,Lori Bartley,,,,,,none
MO,D,Lindsey Simmons,,,,,,none
OR,R,Donald Trump,,,,,,none
AK,R,Nick Begich,Nick Begich III,4,U.S. House,2025,,linked
NY,R,Robert Ardini,,,,,,none
TX,D,Rick De La Fuente,,,,,,none
WA,R,Vincent Cavaleri,,,,,,none
MO,R,Donald Trump,,,,,,none
GA,R,Brian Jack,Brian Jack,1,White House Political Director,2019,2021,linked
GA,R,Brian Jack,Brian Jack,4,U.S. House,2025,,linked
MI,R,Mike Rogers,Mike Rogers (Michigan politician),4,U.S. House,2001,2015,linked
MI,R,Mike Rogers,Mike Rogers (Michigan politician),3,State legislature,1995,2001,linked
MI,R,Mike Rogers,Mike Rogers (Michigan politician),1,Chair of the House Intelligence Committee,2011,2015,linked
NJ,D,Bonnie Watson Coleman,Bonnie Watson Coleman,3,Majority Leader of the New Jersey General Assembly,2006,2010,linked
NJ,D,Bonnie Watson Coleman,Bonnie Watson Coleman,1,Chair of the New Jersey Democratic Party,2002,2006,linked
NJ,D,Bonnie Watson Coleman,Bonnie Watson Coleman,3,State legislature,1998,2015,linked
NJ,D,Bonnie Watson Coleman,Bonnie Watson Coleman,4,U.S. House,2015,,linked
CA,R,Errol Webber,,,,,,none
CO,D,Jason Crow,Jason Crow,4,U.S. House,2019,,linked
PA,D,Hillary Clinton,,,,,,none
MO,D,Katy Geppert,,,,,,none
VA,R,Donald Trump,,,,,,none
NC,R,David Rouzer,David Rouzer,3,State legislature,2009,2013,linked
NC,R,David Rouzer,David Rouzer,4,U.S. House,2015,,linked
CA,R,Ron Cohen,,,,,,none
OH,D,Kate Schroder,,,,,,none
TX,D,Jamie Kaye Jordan,,,,,,none
TX,D,Mikal Williams,,,,,,none
SD,R,Mike Rounds,Mike Rounds,3,State legislature,1991,2001,linked
SD,R,Mike Rounds,Mike Rounds,5,United States Senator,2015,,linked
TX,D,Stuart Whitlow,,,,,,none
CA,R,Rudy Recile,,,,,,none
MS,D,Antonia Eliason,,,,,,none
MD,D,Anthony Brown,Anthony Brown (Maryland politician),4,U.S. House,2017,2023,linked
MD,D,Anthony Brown,Anthony Brown (Maryland politician),4,8th Lieutenant Governor of Maryland,2007,2015,linked
MD,D,Anthony Brown,Anthony Brown (Maryland politician),4,51st Chair of the National Lieutenant Governors Association,2010,2011,linked
MD,D,Anthony Brown,Anthony Brown (Maryland politician),3,State legislature,1999,2007,linked
ND,D,Hillary Clinton,,,,,,none
SC,D,Hosea Cleveland,,,,,,none
CA,D,Robert Garcia,Robert Garcia (California congressman),4,U.S. House,2023,,linked
CA,D,Robert Garcia,Robert Garcia (California congressman),2,28th Mayor of Long Beach,2014,2022,linked
CA,D,Robert Garcia,Robert Garcia (California congressman),2,Vice Mayor of Long Beach,2012,2014,linked
CA,D,Robert Garcia,Robert Garcia (California congressman),2,Member of the Long Beach City Council from the 1st district,2009,2014,linked
CA,D,Robert Garcia,Robert Garcia (California congressman),1,Ranking Member of the House Oversight Committee,2025,,linked
MA,D,Ayanna Pressley,Ayanna Pressley,4,U.S. House,2019,,linked
MA,D,Ayanna Pressley,Ayanna Pressley,2,Member of the Boston City Council from the at-large district,2010,2019,linked
AL,R,Kay Ivey,Kay Ivey,4,30th Lieutenant Governor of Alabama,2011,2017,linked
AL,R,Kay Ivey,Kay Ivey,4,38th Treasurer of Alabama,2003,2011,linked
OH,D,Amy Cox,,,,,,none
HI,R,Bob McDermott,Bob McDermott,3,Member of the Hawaii House of Representatives,2012,2022,linked
PA,D,Robert Brady,Bob Brady,1,Chair of the House Administration Committee,2007,2011,linked
PA,D,Robert Brady,Bob Brady,4,U.S. House,1998,,linked
PA,D,Robert Brady,Bob Brady,1,Chair of the Philadelphia Democratic Party,1986,,linked
NC,R,Laurie Buckhout,Laurie Buckhout,1,Assistant Secretary of Defense for Cyber Policy,2025,2025,linked
NY,R,Constantine Jean-Pierre,,,,,,none
CA,D,Marisa Wood,,,,,,none
WI,R,Tom Tiffany,Tom Tiffany,3,State legislature,2013,2020,linked
WI,R,Tom Tiffany,Tom Tiffany,3,State legislature,2011,2013,linked
WI,R,Tom Tiffany,Tom Tiffany,4,U.S. House,2020,,linked
WV,D,Kamala Harris,,,,,,none
VA,D,Ralph Northam,Ralph Northam,4,Lieutenant Governor of Virginia,2014,2018,linked
VA,D,Ralph Northam,Ralph Northam,3,State legislature,2008,2014,linked
VA,D,Ralph Northam,Ralph Northam,5,Governor of Virginia,2018,2022,linked
GA,D,Joyce Marie Griggs,,,,,,none
AZ,R,Debbie Lesko,Debbie Lesko,4,U.S. House,2018,,linked
AZ,R,Debbie Lesko,Debbie Lesko,3,President pro tempore of the Arizona Senate,2017,2018,linked
AZ,R,Debbie Lesko,Debbie Lesko,3,State legislature,2015,2018,linked
AZ,R,Debbie Lesko,Debbie Lesko,3,Member of the Arizona House of Representatives,2009,2015,linked
AZ,R,Debbie Lesko,Debbie Lesko,2,Member of the Maricopa County Board of Supervisors from the 4th district,2025,,linked
NC,D,Joe Biden,,,,,,none
IL,R,Joe McGraw,,,,,,none
SC,D,David Robinson,,,,,,none
WA,R,Cliff Moon,,,,,,none
FL,D,Andrew Gillum,Andrew Gillum,2,Member of the Tallahassee City Commission for the 2nd seat,2003,2014,linked
FL,D,Andrew Gillum,Andrew Gillum,2,126th Mayor of Tallahassee,2014,2018,linked
FL,D,Jay McGovern,,,,,,none
NC,D,Justin Dues,,,,,,none
TX,R,Johnny Teague,,,,,,none
PA,R,Donald Trump,Donald Trump,5,President of the United States,2025,,name-match
CA,R,Scott Baugh,Scott Baugh,3,Member of the California State Assembly from the 67th district,1995,2000,linked
CA,R,Scott Baugh,Scott Baugh,3,Minority Leader of the California Assembly,1999,2000,linked
PA,R,Greg McCauley,,,,,,none
TN,D,Dawn Barlow,,,,,,none
IN,D,Joe Biden,,,,,,none
KY,D,Erin Marshall,,,,,,none
WI,D,Peter Barca,Peter Barca,3,Minority Leader of the Wisconsin State Assembly,2011,2017,linked
WI,D,Peter Barca,Peter Barca,3,State legislature,2009,2019,linked
WI,D,Peter Barca,Peter Barca,4,U.S. House,1993,,linked
WI,D,Peter Barca,Peter Barca,1,14th Secretary of the Wisconsin Department of Revenue,2019,2024,linked
CA,R,Richard Fox,,,,,,none
TX,D,Jon Mark Hogg,,,,,,none
OH,R,Jim Jordan,Jim Jordan,1,Chair of the House Judiciary Committee,2023,,linked
OH,R,Jim Jordan,Jim Jordan,1,Ranking Member of the House Judiciary Committee,2020,2023,linked
OH,R,Jim Jordan,Jim Jordan,1,Ranking Member of the House Oversight Committee,2020,2020,linked
OH,R,Jim Jordan,Jim Jordan,1,Chair of the House Freedom Caucus,2015,2017,linked
OH,R,Jim Jordan,Jim Jordan,3,State legislature,2001,2006,linked
OH,R,Jim Jordan,Jim Jordan,3,State legislature,1995,2000,linked
OH,R,Jim Jordan,Jim Jordan,4,U.S. House,2007,,linked
NV,R,Joyce Bentley,,,,,,none
NM,D,Melanie Stansbury,Melanie Stansbury,3,State legislature,2019,2021,linked
NM,D,Melanie Stansbury,Melanie Stansbury,4,U.S. House,2021,,linked
TN,D,Blair Walsingham,,,,,,none
VA,D,Jennifer Wexton,Jennifer Wexton,3,State legislature,2014,2019,linked
VA,D,Jennifer Wexton,Jennifer Wexton,4,U.S. House,2019,2025,linked
FL,D,James David Stockton,,,,,,none
CA,D,Joe Kerr,,,,,,none
FL,R,Jim Pruden,,,,,,none
VA,R,Yesli Vega,,,,,,none
KY,D,Kamala Harris,,,,,,none
MI,D,Bart Goldberg,,,,,,none
WY,R,John Barrasso,John Barrasso,1,Ranking Member of the Senate Energy Committee,2021,2025,linked
WY,R,John Barrasso,John Barrasso,1,Chair of the Senate Republican Conference,2019,2025,linked
WY,R,John Barrasso,John Barrasso,1,Chair of the Senate Environment Committee,2017,2021,linked
WY,R,John Barrasso,John Barrasso,1,Chair of the Senate Republican Policy Committee,2012,2019,linked
WY,R,John Barrasso,John Barrasso,1,Chair of the Senate Indian Affairs Committee,2015,2017,linked
WY,R,John Barrasso,John Barrasso,5,United States Senator,2007,,linked
WY,R,John Barrasso,John Barrasso,3,State legislature,2003,2007,linked
WY,R,John Barrasso,John Barrasso,3,Senate Majority Whip,2025,,linked
ND,R,Donald Trump,,,,,,none
FL,D,Alan Cohn,Alan Cohn,0,,,,linked
IN,R,Donald Trump,,,,,,none
MD,D,Sarah Elfreth,Sarah Elfreth,3,State legislature,2019,2025,linked
MD,D,Sarah Elfreth,Sarah Elfreth,4,U.S. House,2025,,linked
TX,R,Louie Gohmert,Louie Gohmert,4,U.S. House,2005,2023,linked
IL,D,Jonathan Jackson,Jonathan Jackson (Illinois politician),4,U.S. House,2023,,linked
CT,D,Jahana Hayes,Jahana Hayes,4,U.S. House,2019,,linked
SC,D,Melissa Ward Watson,,,,,,none
MD,R,Robert Steinberger,,,,,,none
NJ,R,Steven Uccio,,,,,,none
SC,D,Robert Williams,Robert Q. Williams,3,State legislature,2007,,linked
NE,D,Carol Blood,Carol Blood,3,State legislature,2017,2025,linked
SD,D,Tim Bjorkman,,,,,,none
OH,R,Michael Young,,,,,,none
CA,R,Benito Benny Bernal,,,,,,none
WA,D,Christine Brown,,,,,,none
TN,D,Melody Shekari,,,,,,none
WI,D,Gwen Moore,Gwen Moore,3,State legislature,1993,2005,linked
WI,D,Gwen Moore,Gwen Moore,3,State legislature,1989,1993,linked
WI,D,Gwen Moore,Gwen Moore,4,U.S. House,2005,,linked
CA,D,Grace Napolitano,Grace Napolitano,3,State legislature,1992,1998,linked
CA,D,Grace Napolitano,Grace Napolitano,1,Napolitano's voice,1999,2025,linked
MD,D,Chris Van Hollen,Chris Van Hollen,1,Chair of the Democratic Senatorial Campaign Committee,2017,2019,linked
MD,D,Chris Van Hollen,Chris Van Hollen,1,House Democratic Assistant to the Leader,2009,2011,linked
MD,D,Chris Van Hollen,Chris Van Hollen,1,Chair of the Democratic Congressional Campaign Committee,2007,2011,linked
MD,D,Chris Van Hollen,Chris Van Hollen,4,U.S. House,2003,2017,linked
MD,D,Chris Van Hollen,Chris Van Hollen,3,State legislature,1995,2003,linked
MD,D,Chris Van Hollen,Chris Van Hollen,3,State legislature,1991,1995,linked
MD,D,Chris Van Hollen,Chris Van Hollen,5,United States Senator,2017,,linked
TX,R,Mauro Garza,,,,,,none
IL,D,Eric Sorensen,Eric Sorensen (politician),4,U.S. House,2023,,linked
TX,R,August Pfluger,August Pfluger,4,U.S. House,2021,,linked
TX,R,August Pfluger,August Pfluger,1,Chair of the Republican Study Committee,2025,,linked
ID,D,Joe Biden,,,,,,none
GA,R,Donald Trump,,,,,,none
MN,D,Jill Abahsain,,,,,,none
CO,D,Joe Neguse,Joe Neguse,1,Chair of the House Democratic Policy and Communications Committee,2021,2024,linked
CO,D,Joe Neguse,Joe Neguse,4,U.S. House,2019,,linked
CO,D,Joe Neguse,Joe Neguse,1,Executive Director of the Colorado Department of Regulatory Agencies,2015,2017,linked
CO,D,Joe Neguse,Joe Neguse,1,House Assistant Democratic Leader,2024,,linked
OH,D,Louis Lyras,,,,,,none
TX,R,Roger Williams,Roger Williams (Texas politician),4,U.S. House,2013,,linked
TX,R,Roger Williams,Roger Williams (Texas politician),4,105th Secretary of State of Texas,2005,2007,linked
TX,R,Roger Williams,Roger Williams (Texas politician),1,Chair of the House Small Business Committee,2023,,linked
IL,R,Bruce Rauner,Bruce Rauner,0,,,,linked
TX,R,Pat Fallon,Pat Fallon,3,State legislature,2019,2021,linked
TX,R,Pat Fallon,Pat Fallon,3,State legislature,2013,2019,linked
TX,R,Pat Fallon,Pat Fallon,4,U.S. House,2021,,linked
KY,D,Jimmy Ausbrooks,,,,,,none
NV,R,Dean Heller,Dean Heller,4,U.S. House,2007,2011,linked
NV,R,Dean Heller,Dean Heller,4,15th Secretary of State of Nevada,1995,2007,linked
NV,R,Dean Heller,Dean Heller,3,State legislature,1990,1994,linked
NV,R,Dean Heller,Dean Heller,5,United States Senator,2011,2019,linked
VA,R,Ed Gillespie,Ed Gillespie,1,Chair of the Virginia Republican Party,2006,2007,linked
VA,R,Ed Gillespie,Ed Gillespie,1,61st Chair of the Republican National Committee,2003,2005,linked
VA,R,Ed Gillespie,Ed Gillespie,1,Counselor to the President,2007,2009,linked
AL,R,Robert Aderholt,Robert Aderholt,4,U.S. House,1997,,linked
MI,R,Paul Mitchell,Paul Mitchell (politician),4,U.S. House,2017,2021,linked
AZ,R,Juan Ciscomani,Juan Ciscomani,4,U.S. House,2023,,linked
SC,D,Evangeline Hundley,,,,,,none
OR,D,Jeff Merkley,Jeff Merkley,5,United States Senator,2009,,linked
OR,D,Jeff Merkley,Jeff Merkley,3,64th Speaker of the Oregon House of Representatives,2007,2009,linked
OR,D,Jeff Merkley,Jeff Merkley,3,State legislature,1999,2009,linked
OR,D,Jeff Merkley,Jeff Merkley,1,Ranking Member of the Senate Budget Committee,2025,,linked
WI,D,Russ Feingold,Russ Feingold,5,United States Senator,1993,2011,linked
WI,D,Russ Feingold,Russ Feingold,3,State legislature,1983,1993,linked
WI,D,Russ Feingold,Russ Feingold,1,United States Special Envoy for the African Great Lakes and the Congo-Kinshasa,2013,2015,linked
NM,D,Hillary Clinton,,,,,,none
MI,D,Kamala Harris,,,,,,none
TX,D,Adrienne Bell,,,,,,none
TX,D,Sam Eppler,,,,,,none
PA,R,Deborah Williams,,,,,,none
MO,R,Eric Burlison,Eric Burlison,3,State legislature,2019,2023,linked
MO,R,Eric Burlison,Eric Burlison,3,State legislature,2009,2017,linked
MO,R,Eric Burlison,Eric Burlison,4,U.S. House,2023,,linked
TX,D,Lisa Welch,,,,,,none
MI,D,Hillary Clinton,,,,,,none
MA,R,Donnie Dionicio Palmer,,,,,,none
MO,D,Teresa Montseny,,,,,,none
KY,D,Joe Biden,,,,,,none
ID,D,Stephen Heidt,,,,,,none
MN,D,Tina Smith,Tina Smith,4,48th Lieutenant Governor of Minnesota,2015,2018,linked
MN,D,Tina Smith,Tina Smith,5,United States Senator,2018,,linked
CA,R,Tom Herman,,,,,,none
NV,R,Big Dan Rodimer,Daniel Rodimer,0,,,,linked
OH,R,Max Miller,Max Miller (politician),4,U.S. House,2023,,linked
ID,R,Mike Crapo,Mike Crapo,3,Senate Republican Chief Deputy Whip,2013,,linked
ID,R,Mike Crapo,Mike Crapo,1,Ranking Member of the Senate Finance Committee,2021,2025,linked
ID,R,Mike Crapo,Mike Crapo,5,Chair of the Senate Banking Committee,2017,2021,linked
ID,R,Mike Crapo,Mike Crapo,4,U.S. House,1993,1999,linked
ID,R,Mike Crapo,Mike Crapo,3,37th President pro tempore of the Idaho Senate,1988,1992,linked
ID,R,Mike Crapo,Mike Crapo,3,State legislature,1984,1992,linked
ID,R,Mike Crapo,Mike Crapo,1,Chair of the Senate Finance Committee,2025,,linked
SD,D,Dan Ahlers,Dan Ahlers,3,State legislature,2017,2019,linked
SD,D,Dan Ahlers,Dan Ahlers,3,State legislature,2009,2011,linked
NC,R,Christine Villaverde,,,,,,none
WA,D,Denny Heck,Denny Heck,4,U.S. House,2013,2021,linked
WA,D,Denny Heck,Denny Heck,3,Majority Leader of the Washington House of Representatives,1983,1985,linked
WA,D,Denny Heck,Denny Heck,3,State legislature,1977,1985,linked
WA,D,Denny Heck,Denny Heck,4,17th Lieutenant Governor of Washington,2021,,linked
TX,D,Carol Iannuzzi,,,,,,none
IN,D,Matthew Fyfe,,,,,,none
MS,R,Donald Trump,,,,,,none
TX,R,John Cornyn,John Cornyn,1,Chair of the Senate Narcotics Caucus,2025,,linked
TX,R,John Cornyn,John Cornyn,1,Ranking Member of the Senate Narcotics Caucus,2021,2023,linked
TX,R,John Cornyn,John Cornyn,3,Senate Majority Whip,2015,2019,linked
TX,R,John Cornyn,John Cornyn,3,Senate Minority Whip,2013,2015,linked
TX,R,John Cornyn,John Cornyn,1,Chair of the National Republican Senatorial Committee,2009,2013,linked
TX,R,John Cornyn,John Cornyn,4,49th Attorney General of Texas,1999,2002,linked
TX,R,John Cornyn,John Cornyn,4,Justice of the Texas Supreme Court,1991,1997,linked
TX,R,John Cornyn,John Cornyn,2,Judge of the Texas 37th Judicial District Court,1985,1991,linked
TX,R,John Cornyn,John Cornyn,5,Cornyn's voice,2002,,linked
OH,D,Matt Diemer,,,,,,none
WI,D,Joe Biden,,,,,,none
NE,D,Daniel Ebers,,,,,,none
MI,D,Frank Accavitti,,,,,,none
GA,D,Maura Keller,,,,,,none
AL,D,Kamala Harris,,,,,,none
OH,R,Lee Stahley,,,,,,none
SD,D,Hillary Clinton,,,,,,none
MI,R,Donald Trump,,,,,,none
SC,D,Judd Larkins,,,,,,none
NM,R,Sharon Clahchischilliage,Sharon Clahchischilliage,3,State legislature,2013,2018,linked
NM,R,Sharon Clahchischilliage,Sharon Clahchischilliage,1,Member of New Mexico Public Education Commission from the 5th district,2023,,linked
ME,R,Austin Theriault,Austin Theriault,3,State legislature,2022,2024,linked
MN,R,May Lor Xiong,,,,,,none
FL,R,Michael Waltz,Mike Waltz,4,U.S. House,2019,2025,linked
FL,R,Michael Waltz,Mike Waltz,1,Waltz's voice,2025,,linked
NC,R,Donald Trump,,,,,,none
NC,D,Hillary Clinton,,,,,,none
WY,D,Mary Throne,Mary Throne,3,State legislature,2007,2017,linked
WY,D,Mary Throne,Mary Throne,3,Minority Leader of the Wyoming House of Representatives,2013,2017,linked
NM,D,Joe Biden,,,,,,none
PA,R,Daniel Meuser,Dan Meuser,1,Secretary of Revenue of Pennsylvania,2011,2015,linked
PA,R,Daniel Meuser,Dan Meuser,4,U.S. House,2019,,linked
NC,R,Brad Knott,Brad Knott,4,U.S. House,2025,,linked
IL,D,Joe Biden,,,,,,none
NY,R,John Cummings,,,,,,none
AZ,D,Hillary Clinton,,,,,,none
TX,D,Linsey Fagan,,,,,,none
VA,D,Jennifer McClellan,Jennifer McClellan,3,State legislature,2017,2023,linked
VA,D,Jennifer McClellan,Jennifer McClellan,3,State legislature,2006,2017,linked
VA,D,Jennifer McClellan,Jennifer McClellan,4,U.S. House,2023,,linked
PA,R,Alfeia Goodwin,,,,,,none
WA,R,Joseph Brumbles,,,,,,none
SC,D,Michael Moore,,,,,,none
IL,R,Lupe Castillo,,,,,,none
TX,D,Wendy Davis,Wendy Davis (politician),2,Member of the Fort Worth City Council from the 9th district,1999,2008,linked
TX,D,Wendy Davis,Wendy Davis (politician),3,State legislature,2009,2015,linked
OH,D,Amy Rippel-Elton,,,,,,none
DE,D,Matt Meyer,Matt Meyer,2,11th Executive of New Castle County,2017,2025,linked
OR,D,Maxine Dexter,Maxine Dexter,3,State legislature,2020,2024,linked
OR,D,Maxine Dexter,Maxine Dexter,4,Dexter's voice,2025,,linked
NJ,R,Frank Pallotta,,,,,,none
NV,D,Elizabeth Mercedes Krause,,,,,,none
OH,R,David Taylor,David Taylor (Ohio politician),4,U.S. House,2025,,linked
ND,D,Trygve Hammer,,,,,,none
UT,D,Joe Biden,,,,,,none
MT,D,John Driscoll,John Driscoll (Montana politician),3,40th Speaker of the Montana House of Representatives,1977,1979,linked
MT,D,John Driscoll,John Driscoll (Montana politician),3,Member of the Montana House of Representatives,1973,1979,linked
MT,D,John Driscoll,John Driscoll (Montana politician),4,Member of the Montana Public Service Commission for the 5th district,1981,1993,linked
NC,D,Cynthia Wallace,,,,,,none
CA,R,Johnny Nalbandian,,,,,,none
CA,D,Ro Khanna,Ro Khanna,4,U.S. House,2017,,linked
WA,D,Kim Schrier,Kim Schrier,4,U.S. House,2019,,linked
MN,R,Scott Jensen,Scott Jensen (Minnesota politician),3,State legislature,2017,2021,linked
MS,D,Jeramey Anderson,Jeramey Anderson,3,State legislature,2013,,linked
AL,R,Donald Trump,,,,,,none
IN,D,Kiley Adolph,,,,,,none
TX,R,Blake Farenthold,Blake Farenthold,4,U.S. House,2011,2018,linked
PA,D,Christopher Deluzio,Chris Deluzio,4,U.S. House,2023,,linked
NJ,D,Herb Conaway,Herb Conaway,3,State legislature,1998,2025,linked
NJ,D,Herb Conaway,Herb Conaway,4,U.S. House,2025,,linked
FL,D,David Holden,,,,,,none
UT,D,Darlene McDonald,,,,,,none
CT,R,Justin Anderson,,,,,,none
CA,D,Ami Bera,Ami Bera,0,,,,linked
IN,R,Trey Hollingsworth,Trey Hollingsworth,4,U.S. House,2017,2023,linked
TX,D,Simon Cardell,,,,,,none
AR,R,Rick Crawford,Rick Crawford (politician),4,U.S. House,2011,,linked
AR,R,Rick Crawford,Rick Crawford (politician),1,Chair of the House Intelligence Committee,2025,,linked
PA,R,Guy Reschenthaler,Guy Reschenthaler,4,U.S. House,2019,,linked
PA,R,Guy Reschenthaler,Guy Reschenthaler,3,State legislature,2015,2019,linked
PA,R,Guy Reschenthaler,Guy Reschenthaler,1,House Republican Chief Deputy Whip,2023,,linked
TN,D,Karl Dean,Karl Dean,2,6th Mayor of Metropolitan Nashville,2007,2015,linked
TX,R,Rey Gonzalez,,,,,,none
NV,D,Joe Biden,,,,,,none
OH,R,Donald Trump,,,,,,none
FL,D,Jan Schneider,,,,,,none
NC,R,Tim Moore,Tim Moore (North Carolina politician),3,Speaker of the North Carolina House of Representatives,2015,2025,linked
NC,R,Tim Moore,Tim Moore (North Carolina politician),3,State legislature,2003,2025,linked
NC,R,Tim Moore,Tim Moore (North Carolina politician),4,U.S. House,2025,,linked
NC,R,Steve Von Loor,,,,,,none
VA,R,Derrick Anderson,Derrick Anderson,1,Assistant Secretary of the Army for Manpower and Reserve Affairs,2025,2025,linked
VA,R,Derrick Anderson,Derrick Anderson,1,Assistant Secretary of Defense for Special Operations and Low-Intensity Conflict,2025,,linked
IL,D,Chip Markel,,,,,,none
CT,R,Michael Goldstein,,,,,,none
IN,R,Jefferson Shreve,Jefferson Shreve,2,Member of the Indianapolis City-County Council,2018,2020,linked
IN,R,Jefferson Shreve,Jefferson Shreve,4,U.S. House,2025,,linked
NY,D,Joseph Morelle,Joseph Morelle,4,U.S. House,2018,,linked
NY,D,Joseph Morelle,Joseph Morelle,3,Majority Leader of the New York State Assembly,2013,2018,linked
NY,D,Joseph Morelle,Joseph Morelle,3,Speaker of the New York State Assembly {{small|Acting}},2015,2015,linked
NY,D,Joseph Morelle,Joseph Morelle,3,Member of the New York State Assembly from the 136th district,1991,2018,linked
NY,D,Joseph Morelle,Joseph Morelle,1,Ranking Member of the House Administration Committee,2023,,linked
GA,D,David Scott,David Scott (Georgia politician),1,Chair of the House Agriculture Committee,2021,2023,linked
GA,D,David Scott,David Scott (Georgia politician),4,U.S. House,2003,2026,linked
GA,D,David Scott,David Scott (Georgia politician),3,State legislature,1983,2003,linked
GA,D,David Scott,David Scott (Georgia politician),3,State legislature,1975,1983,linked
GA,D,David Scott,David Scott (Georgia politician),1,Ranking Member of the House Agriculture Committee,2023,2025,linked
IA,D,Deidre DeJear,,,,,,none
IN,R,Randy Niemeyer,,,,,,none
CA,R,John Duarte,John Duarte (politician),4,U.S. House,2023,2025,linked
MO,D,Crystal Quade,Crystal Quade,3,State legislature,2017,2025,linked
MO,D,Crystal Quade,Crystal Quade,3,Minority Leader of the Missouri House of Representatives,2019,2025,linked
IN,R,Erin Houchin,Erin Houchin,4,U.S. House,2023,,linked
IN,R,Erin Houchin,Erin Houchin,3,State legislature,2014,2022,linked
IN,R,Erin Houchin,Erin Houchin,1,Secretary of the House Republican Conference,2025,,linked
GA,D,Hank Johnson,Hank Johnson,4,U.S. House,2007,,linked
KS,R,Jake LaTurner,Jake LaTurner,4,40th Treasurer of Kansas,2017,2021,linked
KS,R,Jake LaTurner,Jake LaTurner,3,State legislature,2013,2017,linked
KS,R,Jake LaTurner,Jake LaTurner,4,U.S. House,2021,2025,linked
MA,R,Joseph Schneider,,,,,,none
CA,R,Justin Lee,,,,,,none
CO,R,Jeff Hurd,Jeff Hurd,4,U.S. House,2025,,linked
OH,D,Shontel Brown,Shontel Brown,2,Member of the Cuyahoga County Council from the 9th district,2015,2021,linked
OH,D,Shontel Brown,Shontel Brown,4,U.S. House,2021,,linked
MO,D,Renee Hoagenson,,,,,,none
MN,D,Kelly Morrison,Kelly Morrison,3,State legislature,2023,2024,linked
MN,D,Kelly Morrison,Kelly Morrison,3,State legislature,2019,2023,linked
MN,D,Kelly Morrison,Kelly Morrison,4,U.S. House,2025,,linked
WV,R,David McKinley,David McKinley,1,Chair of the West Virginia Republican Party,1990,1994,linked
WV,R,David McKinley,David McKinley,3,State legislature,1980,1994,linked
WV,R,David McKinley,David McKinley,4,U.S. House,2011,2023,linked
AL,D,Shomari Figures,Shomari Figures,4,U.S. House,2025,,linked
SC,R,Donald Trump,,,,,,none
CA,D,Dave Min,Dave Min,3,State legislature,2020,2024,linked
CA,D,Dave Min,Dave Min,4,U.S. House,2025,,linked
PA,D,Joe Biden,Joe Biden,5,Vice President of the United States,2009,2017,name-match
PA,D,Joe Biden,Joe Biden,5,United States Senator,1973,2009,name-match
PA,D,Joe Biden,Joe Biden,1,Chair of the Senate Foreign Relations Committee,2007,2009,name-match
PA,D,Joe Biden,Joe Biden,1,Chair of the International Narcotics Control Caucus,2007,2009,name-match
PA,D,Joe Biden,Joe Biden,1,Chair of the Senate Judiciary Committee,1987,1995,name-match
PA,D,Joe Biden,Joe Biden,2,Member of the New Castle County Council from the 4th district,1971,1973,name-match
PA,D,Joe Biden,Joe Biden,5,President of the United States,2021,2025,name-match
AR,R,John Boozman,John Boozman,1,Ranking Member of the Senate Agriculture Committee,2021,2025,linked
AR,R,John Boozman,John Boozman,5,United States Senator,2011,,linked
AR,R,John Boozman,John Boozman,4,U.S. House,2001,,linked
AR,R,John Boozman,John Boozman,1,Chair of the Senate Agriculture Committee,2025,,linked
IN,D,Hillary Clinton,,,,,,none
DE,R,Lauren Witzke,Lauren Witzke,0,,,,linked
AR,D,Celeste Williams,,,,,,none
OH,R,Alan Rapoport,,,,,,none
LA,R,“Dan” Lux,,,,,,none
RI,R,Harold Russell Taub,,,,,,none
MT,R,Matt Rosendale,Matt Rosendale,4,16th Auditor of Montana,2017,2021,linked
MT,R,Matt Rosendale,Matt Rosendale,3,State legislature,2013,2017,linked
MT,R,Matt Rosendale,Matt Rosendale,3,State legislature,2011,2013,linked
MT,R,Matt Rosendale,Matt Rosendale,1,Rosendale's voice,2021,2025,linked
FL,D,Pam Keith,,,,,,none
WI,R,Donald Trump,,,,,,none
VA,D,Mark Warner,Mark Warner,1,Vice Chair of the Senate Intelligence Committee,2025,,linked
VA,D,Mark Warner,Mark Warner,1,Chair of the Senate Intelligence Committee,2021,2025,linked
VA,D,Mark Warner,Mark Warner,1,Vice Chair of the Senate Democratic Caucus,2017,,linked
VA,D,Mark Warner,Mark Warner,1,Chair of the National Governors Association,2004,2005,linked
VA,D,Mark Warner,Mark Warner,1,Chair of the Democratic Party of Virginia,1993,1995,linked
VA,D,Mark Warner,Mark Warner,5,Mark Warner's voice,2009,,linked
SC,R,Jeff Duncan,Jeff Duncan (politician),3,State legislature,2003,2011,linked
SC,R,Jeff Duncan,Jeff Duncan (politician),4,U.S. House,2011,2025,linked
WA,D,Maria Cantwell,Maria Cantwell,1,Ranking Member of the Senate Commerce Committee,2025,,linked
WA,D,Maria Cantwell,Maria Cantwell,1,Chair of the Senate Commerce Committee,2021,2025,linked
WA,D,Maria Cantwell,Maria Cantwell,1,Ranking Member of the Senate Energy Committee,2015,2019,linked
WA,D,Maria Cantwell,Maria Cantwell,1,Chair of the Senate Small Business Committee,2014,2015,linked
WA,D,Maria Cantwell,Maria Cantwell,1,Chair of the Senate Indian Affairs Committee,2013,2014,linked
WA,D,Maria Cantwell,Maria Cantwell,4,U.S. House,1993,1995,linked
WA,D,Maria Cantwell,Maria Cantwell,3,State legislature,1987,1993,linked
WA,D,Maria Cantwell,Maria Cantwell,5,Cantwell's voice,2001,,linked
TN,D,Kamala Harris,,,,,,none
RI,D,David Cicilline,David Cicilline,1,Co-Chair of the House Democratic Policy and Communications Committee,2017,2019,linked
RI,D,David Cicilline,David Cicilline,4,U.S. House,2011,2023,linked
RI,D,David Cicilline,David Cicilline,2,36th Mayor of Providence,2003,2011,linked
RI,D,David Cicilline,David Cicilline,3,State legislature,1995,2003,linked
RI,D,David Cicilline,David Cicilline,1,Chair of the House Democratic Policy and Communications Committee,2019,2021,linked
MN,D,Ian Todd,,,,,,none
MN,R,Jennifer Zielinski,,,,,,none
OR,D,Suzanne Bonamici,Suzanne Bonamici,3,State legislature,2008,2011,linked
OR,D,Suzanne Bonamici,Suzanne Bonamici,3,State legislature,2007,2008,linked
OR,D,Suzanne Bonamici,Suzanne Bonamici,4,U.S. House,2012,,linked
NJ,R,Jason Todd Mushnick,,,,,,none
IL,R,Mark Rice,,,,,,none
WA,D,Hillary Clinton,Hillary Clinton,4,67th United States Secretary of State,2009,2013,name-match
WA,D,Hillary Clinton,Hillary Clinton,5,United States Senator,2001,2009,name-match
WA,D,Hillary Clinton,Hillary Clinton,1,First Lady of the United States,1993,2001,name-match
WA,D,Hillary Clinton,Hillary Clinton,1,First Lady of Arkansas,1983,1992,name-match
WA,D,Hillary Clinton,Hillary Clinton,1,11th Chancellor of Queen's University Belfast,2020,,name-match
CA,R,Roger Allen Petersen,,,,,,none
TX,D,Sheila Jackson Lee,Sheila Jackson Lee,2,Member of the Houston City Council from the at-large district,1990,1995,linked
TX,D,Sheila Jackson Lee,Sheila Jackson Lee,4,Jackson Lee's voice,1995,2024,linked
MD,D,Kweisi Mfume,Kweisi Mfume,1,President and CEO of the NAACP,1996,2004,linked
MD,D,Kweisi Mfume,Kweisi Mfume,2,Member of the Baltimore City Council from the 4th district,1978,1986,linked
MD,D,Kweisi Mfume,Kweisi Mfume,4,U.S. House,2020,,linked
CA,D,Anna Eshoo,Anna Eshoo,1,Eshoo's voice,1993,2025,linked
CA,D,Mark DeSaulnier,Mark DeSaulnier,3,State legislature,2008,2015,linked
CA,D,Mark DeSaulnier,Mark DeSaulnier,3,State legislature,2006,2008,linked
CA,D,Mark DeSaulnier,Mark DeSaulnier,2,Member of the Contra Costa County Board of Supervisors from the 4th district,1994,2006,linked
CA,D,Mark DeSaulnier,Mark DeSaulnier,1,Ranking Member of the House Ethics Committee,2025,,linked
MO,D,Kristen Radaker-Sheafer,,,,,,none
AK,R,Dan Sullivan,Dan Sullivan (U.S. senator),1,Commissioner of the Alaska Department of Natural Resources,2010,2013,linked
AK,R,Dan Sullivan,Dan Sullivan (U.S. senator),4,27th Attorney General of Alaska,2009,2010,linked
AK,R,Dan Sullivan,Dan Sullivan (U.S. senator),1,22nd Assistant Secretary of State for Economic and Business Affairs,2006,2009,linked
AK,R,Dan Sullivan,Dan Sullivan (U.S. senator),5,United States Senator,2015,,linked
VA,D,Taysha Lee DeVaughan,,,,,,none
CO,R,Cory Gardner,Cory Gardner,1,Chair of the National Republican Senatorial Committee,2017,2019,linked
CO,R,Cory Gardner,Cory Gardner,4,U.S. House,2011,2015,linked
CO,R,Cory Gardner,Cory Gardner,3,State legislature,2005,2011,linked
CO,R,Cory Gardner,Cory Gardner,5,United States Senator,2015,2021,linked
SC,D,Kamala Harris,,,,,,none
NC,D,Linda Coleman,Linda Coleman (North Carolina politician),2,Member of the Wake County Board of Commissioners from the 1st district,1998,2002,linked
NC,D,Linda Coleman,Linda Coleman (North Carolina politician),3,State legislature,2005,2009,linked
GA,R,Wayne Johnson,,,,,,none
GA,D,Darrius Butler,,,,,,none
WI,D,Sarah Lloyd,,,,,,none
TN,R,Donald Trump,,,,,,none
ND,D,Joe Biden,,,,,,none
PA,R,Jim Bognet,,,,,,none
PA,R,David Galluch,,,,,,none
AR,D,Rodney Govens,,,,,,none
NM,D,Kamala Harris,,,,,,none
IN,D,John Dale,,,,,,none
TN,D,Lynnette Williams,,,,,,none
IL,R,Chris Dargis,,,,,,none
NY,R,John Delaney,,,,,,none
WI,R,Tim Michels,,,,,,none
NJ,R,Jennifer Zinone,,,,,,none
OH,D,Joe Biden,,,,,,none
NC,R,Gregory Murphy,Greg Murphy (politician),3,State legislature,2015,2019,linked
NC,R,Gregory Murphy,Greg Murphy (politician),4,U.S. House,2019,,linked
NC,D,Jeff Jackson,Jeff Jackson (politician),4,U.S. House,2023,2024,linked
NC,D,Jeff Jackson,Jeff Jackson (politician),3,State legislature,2014,2023,linked
NC,D,Jeff Jackson,Jeff Jackson (politician),4,52nd Attorney General of North Carolina,2025,,linked
PA,D,Zach Womer,,,,,,none
IN,D,Roger Day,,,,,,none
MO,R,Bob Onder,Bob Onder,3,State legislature,2015,2023,linked
MO,R,Bob Onder,Bob Onder,3,State legislature,2007,2009,linked
MO,R,Bob Onder,Bob Onder,4,U.S. House,2025,,linked
NY,R,Juan Pagan,,,,,,none
GA,D,Carolyn Bourdeaux,Carolyn Bourdeaux,4,U.S. House,2021,2023,linked
MO,D,Cort VanOstran,,,,,,none
HI,D,Mazie Hirono,Mazie Hirono,4,U.S. House,2007,2013,linked
HI,D,Mazie Hirono,Mazie Hirono,4,10th Lieutenant Governor of Hawaii,1994,2002,linked
HI,D,Mazie Hirono,Mazie Hirono,3,Member of the Hawaii House of Representatives,1981,1994,linked
HI,D,Mazie Hirono,Mazie Hirono,5,United States Senator,2013,,linked
GA,D,Tabitha Johnson-Green,,,,,,none
NC,D,Kyle Parrish,,,,,,none
PA,D,Marc Friedenberg,,,,,,none
TN,D,Marquita Bradshaw,Marquita Bradshaw,0,,,,linked
TX,R,Carmen Maria Montiel,,,,,,none
VA,R,Karina Lipsman,,,,,,none
MA,D,Lori Loureiro Trahan,Lori Trahan,4,U.S. House,2019,,linked
MA,D,Lori Loureiro Trahan,Lori Trahan,1,Co-Chair of the House Democratic Policy and Communications Committee,2023,,linked
SD,R,Donald Trump,,,,,,none
OH,R,Steven Kraus,,,,,,none
MD,D,Steny Hoyer,Steny Hoyer,1,House Majority Leader,2019,2023,linked
MD,D,Steny Hoyer,Steny Hoyer,1,House Minority Whip,2011,2019,linked
MD,D,Steny Hoyer,Steny Hoyer,1,Chair of the House Democratic Caucus,1989,1995,linked
MD,D,Steny Hoyer,Steny Hoyer,1,Vice Chair of the House Democratic Caucus,1989,1989,linked
MD,D,Steny Hoyer,Steny Hoyer,3,President of the Maryland Senate,1975,1978,linked
MD,D,Steny Hoyer,Steny Hoyer,3,Member of the Maryland Senate,1975,1978,linked
MD,D,Steny Hoyer,Steny Hoyer,4,U.S. House,1981,,linked
AR,D,Caitlin Draper,,,,,,none
MO,D,Hillary Clinton,,,,,,none
AL,D,Terri Sewell,Terri Sewell,4,U.S. House,2011,,linked
CA,R,Tony Amador,,,,,,none
TN,R,Andrew Ogles,Andy Ogles,2,Mayor of Maury County,2018,2022,linked
TN,R,Andrew Ogles,Andy Ogles,4,U.S. House,2023,,linked
CA,R,Ran Petel,,,,,,none
IL,R,Niki Conforti,,,,,,none
PA,D,Raymond Todd Rowley,,,,,,none
IA,D,Cynthia Axne,Cindy Axne,4,U.S. House,2019,2023,linked
OH,D,Aftab Pureval,Aftab Pureval,2,Clerk of Courts of Hamilton County,2017,2022,linked
OH,D,Aftab Pureval,Aftab Pureval,2,70th Mayor of Cincinnati,2022,,linked
NM,R,Yvette Herrell,Yvette Herrell,4,U.S. House,2021,2023,linked
NM,R,Yvette Herrell,Yvette Herrell,3,State legislature,2011,2019,linked
NM,R,Yvette Herrell,Yvette Herrell,1,Assistant Secretary of Agriculture for Congressional Relations,2025,,linked
NC,R,Mark Harris,Mark Harris (North Carolina politician),4,U.S. House,2025,,linked
CA,R,Ian Weeks,,,,,,none
IL,R,James Falakos,,,,,,none
CA,R,Kevin Cookingham,,,,,,none
PA,D,Gary Steven Wegman,,,,,,none
IA,D,Fred Hubbell,Fred Hubbell,0,,,,linked
IA,D,Monica Vernon,Monica Vernon,2,"Cedar Rapids City Council, Mayor Pro Tempore",2008,2015,linked
PA,D,Lee Griffin,,,,,,none
AL,D,Phyllis Harvey-Hall,,,,,,none
CA,R,Kenneth Weston Wright,,,,,,none
MS,D,Jacob Owens,,,,,,none
AR,D,Kamala Harris,,,,,,none
FL,R,Greg Musselwhite,,,,,,none
MS,D,David Baria,David Baria,3,State legislature,2012,2020,linked
MS,D,David Baria,David Baria,3,State legislature,2008,2012,linked
MS,D,David Baria,David Baria,3,Minority Leader of the Mississippi House of Representatives,2016,2020,linked
VA,D,Abigail Davis Spanberger,Abigail Spanberger,4,U.S. House,2019,2025,linked
VA,D,Abigail Davis Spanberger,Abigail Spanberger,1,Spanberger's voice,2026,,linked
OK,D,Tim Gilpin,,,,,,none
FL,R,Glo Smith,,,,,,none
FL,D,Alina Valdes,,,,,,none
CA,R,Scott Giblin,,,,,,none
NC,R,Patrick McHenry,Patrick McHenry,4,Speaker pro tempore of the United States House of Representatives,2023,2023,linked
NC,R,Patrick McHenry,Patrick McHenry,1,Ranking Member of the House Financial Services Committee,2019,2023,linked
NC,R,Patrick McHenry,Patrick McHenry,1,House Republican Chief Deputy Whip,2014,2019,linked
NC,R,Patrick McHenry,Patrick McHenry,4,U.S. House,2005,2025,linked
NC,R,Patrick McHenry,Patrick McHenry,3,State legislature,2003,2005,linked
NC,R,Patrick McHenry,Patrick McHenry,1,Chair of the House Financial Services Committee,2023,2025,linked
ME,D,Emily Ann Cain,Emily Cain,3,Minority Leader of the Maine House of Representatives,2010,2012,linked
ME,D,Emily Ann Cain,Emily Cain,3,State legislature,2005,2012,linked
ME,D,Emily Ann Cain,Emily Cain,3,State legislature,2012,2014,linked
FL,R,Wayne Liebnitzky,,,,,,none
IL,R,Jim Marter,,,,,,none
OH,R,Mike Carey,Mike Carey (politician),4,U.S. House,2021,,linked
RI,R,Patricia Morgan,Patricia Morgan,3,State legislature,2021,2025,linked
RI,R,Patricia Morgan,Patricia Morgan,3,Minority Leader of the Rhode Island House of Representatives,2017,2018,linked
GA,R,Jonathan Chavez,,,,,,none
WV,R,Jim Justice,Jim Justice,5,Justice's voice,2025,,linked
TX,D,Michael Cole,,,,,,none
CT,R,David Sullivan,,,,,,none
NC,D,Ryan Watts,,,,,,none
AZ,D,Kamala Harris,,,,,,none
NJ,D,Phil Murphy,Phil Murphy,1,Chair of the National Governors Association,2022,2023,linked
NJ,D,Phil Murphy,Phil Murphy,1,United States Ambassador to Germany,2009,2013,linked
NE,D,Jessica McClure,,,,,,none
IA,D,Kamala Harris,,,,,,none
OH,D,Desiree Tims,Desiree Tims,3,State legislature,2025,,linked
FL,D,Manny Lopez,,,,,,none
KS,D,Kali Barnett,,,,,,none
FL,D,Joanne Terry,,,,,,none
AL,R,Jerry Carl,Jerry Carl,2,Member of the Mobile County Commission,2012,2020,linked
AL,R,Jerry Carl,Jerry Carl,4,U.S. House,2021,2025,linked
MA,D,Katherine Clark,Katherine Clark,1,Assistant Speaker of the United States House of Representatives,2021,2023,linked
MA,D,Katherine Clark,Katherine Clark,1,Vice Chair of the House Democratic Caucus,2019,2021,linked
MA,D,Katherine Clark,Katherine Clark,4,U.S. House,2013,,linked
MA,D,Katherine Clark,Katherine Clark,3,Member of the Massachusetts Senate,2011,2013,linked
MA,D,Katherine Clark,Katherine Clark,3,State legislature,2008,2011,linked
MA,D,Katherine Clark,Katherine Clark,1,House Minority Whip,2023,,linked
NY,D,Tracy Mitrano,,,,,,none
CA,R,Erin Cruz,,,,,,none
RI,D,Sheldon Whitehouse,Sheldon Whitehouse,1,Ranking Member of the Senate Environment Committee,2025,,linked
RI,D,Sheldon Whitehouse,Sheldon Whitehouse,1,Chair of the Senate Budget Committee,2023,2025,linked
RI,D,Sheldon Whitehouse,Sheldon Whitehouse,1,Chair of the Senate Narcotics Caucus,2021,2025,linked
RI,D,Sheldon Whitehouse,Sheldon Whitehouse,4,71st Attorney General of Rhode Island,1999,2003,linked
RI,D,Sheldon Whitehouse,Sheldon Whitehouse,1,United States Attorney for the District of Rhode Island,1993,1998,linked
RI,D,Sheldon Whitehouse,Sheldon Whitehouse,5,Sheldon Whitehouse's voice,2007,,linked
PA,R,Mike Kelly,Mike Kelly (Pennsylvania politician),0,,,,linked
MI,R,Charles Langworthy,,,,,,none
CA,R,David Pan,,,,,,none
GA,R,Don Cole,,,,,,none
AR,D,John White,,,,,,none
MS,D,Randy Wadkins,,,,,,none
TX,D,Stephen Daniel,,,,,,none
AZ,D,Michael Muscato,,,,,,none
NH,R,Frank Guinta,Frank Guinta,2,54th Mayor of Manchester,2006,2010,linked
NH,R,Frank Guinta,Frank Guinta,4,U.S. House,2015,2017,linked
NC,D,Marlando Pridgen,,,,,,none
FL,R,Ted Yoho,Ted Yoho,4,U.S. House,2013,2021,linked
AL,D,Tom Holmes,,,,,,none
NY,D,Anna Throne-Holst,,,,,,none
ME,R,Eric Brakey,Eric Brakey,3,State legislature,2022,2024,linked
SD,D,Paula Hawks,Paula Hawks,3,State legislature,2013,2017,linked
SD,D,Paula Hawks,Paula Hawks,1,Chair of the South Dakota Democratic Party,2019,2019,linked
NC,D,Ralph Scott,,,,,,none
TN,R,Bill Lee,Bill Lee (Tennessee politician),1,Chair of the Republican Governors Association,2023,2024,linked
AZ,R,Jeff Zink,,,,,,none
KY,D,Josh Hicks,,,,,,none
TX,D,Ernest Lineberger,,,,,,none
AR,D,Joe Biden,,,,,,none
TX,D,Donna Imam,,,,,,none
AL,R,Mo Brooks,Mo Brooks,2,Member of the Madison County Commission from the 5th district,1996,2011,linked
AL,R,Mo Brooks,Mo Brooks,3,Member of the Alabama House of Representatives,1982,1992,linked
AL,R,Mo Brooks,Mo Brooks,4,U.S. House,2011,2023,linked
FL,R,Gary Adler,,,,,,none
GA,R,Jeff Criswell,,,,,,none
NJ,D,Joseph Salerno,,,,,,none
WA,R,Donald Trump,,,,,,none
CT,R,Jonathan Riddle,,,,,,none
OR,D,Joe Yetter,,,,,,none
TX,R,Brian Babin,Brian Babin,4,U.S. House,2015,,linked
TX,R,Brian Babin,Brian Babin,1,Chair of the House Science Committee,2025,,linked
IL,D,Bill Foster,Bill Foster (politician),0,,,,linked
MD,D,Blane Miller,,,,,,none
NE,R,Jim Pillen,Jim Pillen,0,,,,linked
GA,R,Johsie Cruz Ezammudeen,,,,,,none
CA,D,Mike Barkley,,,,,,none
VA,D,Gerald Connolly,Gerry Connolly,3,President of the NATO Parliamentary Assembly,2024,2024,linked
VA,D,Gerald Connolly,Gerry Connolly,4,U.S. House,2009,2025,linked
VA,D,Gerald Connolly,Gerry Connolly,2,Chair of the Fairfax County Board of Supervisors,2003,2009,linked
VA,D,Gerald Connolly,Gerry Connolly,2,Member of the Fairfax County Board of Supervisors from the Providence district,1995,2003,linked
VA,D,Gerald Connolly,Gerry Connolly,1,Ranking Member of the House Oversight Committee,2025,2025,linked
VA,D,Hillary Clinton,,,,,,none
AZ,D,Ann Kirkpatrick,Ann Kirkpatrick,3,State legislature,2005,2007,linked
NC,R,Chuck Edwards,Chuck Edwards,3,State legislature,2016,2023,linked
NC,R,Chuck Edwards,Chuck Edwards,4,U.S. House,2023,,linked
TX,D,Julie Johnson,Julie Johnson (politician),3,State legislature,2019,2025,linked
TX,D,Julie Johnson,Julie Johnson (politician),4,U.S. House,2025,,linked
WA,R,Matt Larkin,,,,,,none
GA,R,Mark Gonsalves,,,,,,none
CA,R,Douglas Brower,,,,,,none
IL,R,Jimmy Lee Tillman,,,,,,none
TX,R,Mark Mitchell,,,,,,none
MD,R,Kim Klacik,Kimberly Klacik,0,,,,linked
NY,R,Joe Vitollo,,,,,,none
FL,R,Laura Loomer,Laura Loomer,0,,,,linked
FL,D,Thomas Witkop,,,,,,none
KY,D,Alexandra Owensby,,,,,,none
KY,D,Hillary Clinton,,,,,,none
KY,D,James Rhodes,,,,,,none
CT,R,Manny Santos,,,,,,none
FL,D,Sandy Kennedy,,,,,,none
MA,R,Bob May,,,,,,none
VT,D,Sue Minter,Sue Minter,3,State legislature,2005,2011,linked
VT,D,Sue Minter,Sue Minter,1,Secretary of the Vermont Agency of Transportation,2015,2015,linked
LA,D,Ryan Trundle,,,,,,none
TX,R,Willie Billups,,,,,,none
MN,R,Karin Housley,Karin Housley,3,State legislature,2013,,linked
CO,D,River Gassen,,,,,,none
WI,D,Jessica King,Jessica King,3,State legislature,2011,2013,linked
NC,D,Christopher Ward,,,,,,none
NC,R,Virginia Foxx,Virginia Foxx,1,Chair of the House Education Committee,2023,2025,linked
NC,R,Virginia Foxx,Virginia Foxx,1,Ranking Member of the House Education Committee,2019,2023,linked
NC,R,Virginia Foxx,Virginia Foxx,1,Secretary of the House Republican Conference,2013,2017,linked
NC,R,Virginia Foxx,Virginia Foxx,4,U.S. House,2005,,linked
NC,R,Virginia Foxx,Virginia Foxx,3,Member of the North Carolina Senate,1995,2005,linked
NC,R,Virginia Foxx,Virginia Foxx,1,Chair of the House Rules Committee,2025,,linked
AK,D,Steve Lindbeck,,,,,,none
MI,D,Clinton St. Mosley,,,,,,none
FL,D,Yen Bailey,,,,,,none
MA,R,John Paul Moran,,,,,,none
TX,D,Eddie Bernice Johnson,Eddie Bernice Johnson,4,U.S. House,1993,2023,linked
TX,D,Eddie Bernice Johnson,Eddie Bernice Johnson,3,State legislature,1987,1993,linked
TX,D,Eddie Bernice Johnson,Eddie Bernice Johnson,3,State legislature,1973,1977,linked
TX,D,Eddie Bernice Johnson,Eddie Bernice Johnson,1,Chair of the House Science Committee,2019,2023,linked
IL,R,John Shimkus,John Shimkus,0,,,,linked
FL,D,Yvonne Hayes Hinson,Yvonne Hayes Hinson,3,State legislature,2020,,linked
NC,D,Thomas Mills,,,,,,none
MS,D,Kamala Harris,,,,,,none
TN,R,John Rose,John Rose (Tennessee politician),4,33rd Agriculture Commissioner of Tennessee,2002,2003,linked
TN,R,John Rose,John Rose (Tennessee politician),4,U.S. House,2019,,linked
TX,R,Ted Cruz,Ted Cruz,1,Ranking Member of the Senate Commerce Committee,2023,2025,linked
TX,R,Ted Cruz,Ted Cruz,5,United States Senator,2013,,linked
TX,R,Ted Cruz,Ted Cruz,1,3rd Solicitor General of Texas,2003,2008,linked
TX,R,Ted Cruz,Ted Cruz,1,Chair of the Senate Commerce Committee,2025,,linked
OR,R,Colm Willis,,,,,,none
NC,D,Kathy Manning,Kathy Manning,4,U.S. House,2021,2025,linked
NY,D,Rob Lubin,,,,,,none
ID,R,Brad Little,Brad Little,4,42nd Lieutenant Governor of Idaho,2009,2019,linked
ID,R,Brad Little,Brad Little,3,Member of the Idaho Senate,2001,2009,linked
NC,D,Pete Glidewell,,,,,,none
WA,D,Patty Murray,Patty Murray,1,Chair of the Senate Appropriations Committee,2023,2025,linked
WA,D,Patty Murray,Patty Murray,1,"Chair of the Senate Health, Education, Labor and Pensions Committee",2021,2023,linked
WA,D,Patty Murray,Patty Murray,1,Chair of the Senate Budget Committee,2013,2015,linked
WA,D,Patty Murray,Patty Murray,1,Chair of the Senate Veterans' Affairs Committee,2011,2013,linked
WA,D,Patty Murray,Patty Murray,3,Senate Assistant Democratic Leader,2017,2023,linked
WA,D,Patty Murray,Patty Murray,1,Secretary of the Senate Democratic Caucus,2007,2017,linked
WA,D,Patty Murray,Patty Murray,1,Chair of the Democratic Senatorial Campaign Committee,2011,2013,linked
WA,D,Patty Murray,Patty Murray,5,United States Senator,1993,,linked
WA,D,Patty Murray,Patty Murray,3,State legislature,1989,1993,linked
WA,D,Patty Murray,Patty Murray,1,Vice Chair of the Senate Appropriations Committee,2025,,linked
FL,R,Ileana Ros-Lehtinen,Ileana Ros-Lehtinen,3,State legislature,1986,1989,linked
FL,R,Ileana Ros-Lehtinen,Ileana Ros-Lehtinen,3,State legislature,1982,1986,linked
FL,R,Ileana Ros-Lehtinen,Ileana Ros-Lehtinen,1,Chair of the House Foreign Affairs Committee,2011,2013,linked
NJ,D,Cory Booker,Cory Booker,5,United States Senator,2013,,linked
NJ,D,Cory Booker,Cory Booker,1,Chair of the Senate Democratic Strategic Communications Committee,2025,,linked
NJ,D,Cory Booker,Cory Booker,2,38th Mayor of Newark,2006,2013,linked
NJ,D,Cory Booker,Cory Booker,2,Member of the Newark Municipal Council from the Central Ward,1998,2002,linked
IA,R,Rod Blum,Rod Blum,4,U.S. House,2015,2019,linked
VA,D,Gloria Tinsley Witt,,,,,,none
FL,D,Bill Nelson,Bill Nelson,5,United States Senator,2001,2019,linked
FL,D,Bill Nelson,Bill Nelson,1,Ranking Member of the Senate Commerce Committee,2015,2019,linked
FL,D,Bill Nelson,Bill Nelson,1,Chair of the Senate Aging Committee,2013,2015,linked
FL,D,Bill Nelson,Bill Nelson,4,22nd Treasurer of Florida,1995,2001,linked
FL,D,Bill Nelson,Bill Nelson,3,State legislature,1972,1978,linked
FL,D,Bill Nelson,Bill Nelson,1,14th Administrator of the National Aeronautics and Space Administration,2021,2025,linked
LA,D,Marshall Jones,,,,,,none
MA,D,Hillary Clinton,,,,,,none
IL,R,Catalina Lauf,,,,,,none
NM,D,Gabe Vasquez,Gabe Vasquez,2,Member of the Las Cruces City Council from the 3rd district,2017,2021,linked
NM,D,Gabe Vasquez,Gabe Vasquez,4,U.S. House,2023,,linked
WA,R,Todd Bloom,,,,,,none
MN,R,Tom Weiler,,,,,,none
NH,R,Lily Tang Williams,Lily Tang Williams,1,Chair of the Colorado Libertarian Party,2015,2016,linked
NJ,R,David Pinckney,,,,,,none
IL,R,Joshua Loyd,,,,,,none
NH,D,Molly Kelly,Molly Kelly,3,State legislature,2006,2016,linked
MA,R,Tracy Lyn Lovvorn,,,,,,none
WI,D,John Zarbano,,,,,,none
TX,D,Kathi Thomas,,,,,,none
NV,R,John Lee,John Lee (Nevada politician),3,State legislature,2004,2012,linked
NV,R,John Lee,John Lee (Nevada politician),3,State legislature,1996,2002,linked
NV,R,John Lee,John Lee (Nevada politician),2,Mayor of North Las Vegas,2013,2022,linked
NC,R,Richard Burr,Richard Burr,5,United States Senator,2005,2023,linked
NC,R,Richard Burr,Richard Burr,4,U.S. House,1995,2005,linked
NC,R,Richard Burr,Richard Burr,1,Chair of the Senate Intelligence Committee,2015,2020,linked
NY,R,Brian Kelly,,,,,,none
WI,R,Ron Johnson,Ron Johnson,1,Chair of the Senate Budget Committee,2026,,linked
WI,R,Ron Johnson,Ron Johnson,1,Chair of the Senate Homeland Security Committee,2015,2021,linked
WI,R,Ron Johnson,Ron Johnson,5,United States Senator,2011,,linked
IN,D,Joe Mackey,,,,,,none
WY,D,Scott Morrow,,,,,,none
DE,R,John Whalen,,,,,,none
WA,D,Adam Smith,Adam Smith (Washington politician),1,Chair of the House Armed Services Committee,2019,2023,linked
WA,D,Adam Smith,Adam Smith (Washington politician),4,U.S. House,1997,,linked
WA,D,Adam Smith,Adam Smith (Washington politician),3,State legislature,1991,1997,linked
WA,D,Adam Smith,Adam Smith (Washington politician),1,Ranking Member of the House Armed Services Committee,2023,,linked
WV,D,Glenn Elliott,,,,,,none
CA,R,Nikka Piterman,,,,,,none
CT,R,Angel Cadena,,,,,,none
AZ,R,Daniel Wood,,,,,,none
FL,R,Thomas Chalifoux,,,,,,none
FL,R,Vennia Francois,,,,,,none
CA,D,Nancy Pelosi,Nancy Pelosi,1,House Minority Leader,2011,2019,linked
CA,D,Nancy Pelosi,Nancy Pelosi,1,Leader of the House Democratic Caucus,2003,2023,linked
CA,D,Nancy Pelosi,Nancy Pelosi,1,House Minority Whip,2002,2003,linked
CA,D,Nancy Pelosi,Nancy Pelosi,1,Chair of the California Democratic Party,1981,1983,linked
CA,D,Nancy Pelosi,Nancy Pelosi,4,52nd Speaker of the United States House of Representatives,2019,2023,linked
UT,R,Mia Love,Mia Love,2,Mayor of Saratoga Springs,2010,2014,linked
UT,R,Mia Love,Mia Love,4,U.S. House,2015,2019,linked
IA,D,Joe Biden,,,,,,none
CA,D,Luz Maria Rivas,Luz Rivas,3,Member of the California State Assembly,2018,2024,linked
CA,D,Luz Maria Rivas,Luz Rivas,4,U.S. House,2025,,linked
NJ,R,Mary Jo Guinchard,,,,,,none
PA,D,Kristy Marie Gnibus,,,,,,none
WY,R,Liz Cheney,Liz Cheney,4,U.S. House,2017,2023,linked
WY,R,Liz Cheney,Liz Cheney,1,Chair of the House Republican Conference,2019,2021,linked
WY,R,Liz Cheney,Liz Cheney,1,Vice Chair of the House January 6 Committee,2021,2023,linked
MN,R,Jeff Johnson,Jeff Johnson (Minnesota politician),3,Member of the Minnesota House of Representatives,2001,2007,linked
MN,R,Jeff Johnson,Jeff Johnson (Minnesota politician),2,Member of the Hennepin County Board of Commissioners from the 7th district,2009,2021,linked
NC,R,Courtney Geels,,,,,,none
CA,D,Alex Padilla,Alex Padilla,5,United States Senator,2021,,linked
CA,D,Alex Padilla,Alex Padilla,4,29th Secretary of State of California,2015,2021,linked
CA,D,Alex Padilla,Alex Padilla,3,State legislature,2006,2014,linked
CA,D,Alex Padilla,Alex Padilla,2,President of the Los Angeles City Council,2001,2006,linked
CA,D,Alex Padilla,Alex Padilla,2,Member of the Los Angeles City Council from the 7th district,1999,2006,linked
CA,D,Alex Padilla,Alex Padilla,1,Ranking Member of the Senate Rules Committee,2025,,linked
ME,R,Bruce Poliquin,Bruce Poliquin,4,49th Treasurer of Maine,2011,2013,linked
ME,R,Bruce Poliquin,Bruce Poliquin,4,U.S. House,2015,2019,linked
IL,D,JB Pritzker,JB Pritzker,0,,,,linked
MD,R,Chris Chaffee,,,,,,none
FL,D,Sanjay Patel,,,,,,none
CA,R,Jeff Gorman,,,,,,none
AZ,R,Lea Marquez Peterson,Lea Márquez Peterson,4,Member of the Arizona Corporation Commission,2019,,linked
NC,D,Rick Bryson,,,,,,none
AL,D,Will Boyd,Will Boyd,0,,,,linked
MN,D,Dean Phillips,Dean Phillips,1,Co-Chair of the House Democratic Policy and Communications Committee,2023,2024,linked
MN,D,Dean Phillips,Dean Phillips,4,Phillips's voice,2019,2025,linked
WY,D,Joe Biden,,,,,,none
WY,D,Hillary Clinton,,,,,,none
ID,D,Kamala Harris,,,,,,none
CA,D,Michael Eggman,,,,,,none
OK,D,Joe Biden,,,,,,none
IN,D,Chip Coldiron,,,,,,none
WV,D,Cathy Kunkel,,,,,,none
OR,D,Val Hoyle,Val Hoyle,4,Labor Commissioner of Oregon,2019,2023,linked
OR,D,Val Hoyle,Val Hoyle,3,Majority Leader of the Oregon House of Representatives,2013,2015,linked
OR,D,Val Hoyle,Val Hoyle,3,State legislature,2009,2017,linked
OR,D,Val Hoyle,Val Hoyle,4,U.S. House,2023,,linked
NJ,D,Nellie Pou,Nellie Pou,3,State legislature,2012,2025,linked
NJ,D,Nellie Pou,Nellie Pou,3,State legislature,1997,2012,linked
NJ,D,Nellie Pou,Nellie Pou,4,U.S. House,2025,,linked
WI,D,Kyle Kilbourn,,,,,,none
FL,R,John Mica,John Mica,1,Ranking Member of the House Transportation Committee,2007,2011,linked
FL,R,John Mica,John Mica,4,U.S. House,1993,2017,linked
FL,R,John Mica,John Mica,3,State legislature,1976,1980,linked
FL,R,John Mica,John Mica,1,Chair of the House Transportation Committee,2011,2013,linked
OH,D,Emilia Strong Sykes,Emilia Sykes,3,Minority Leader of the Ohio House of Representatives,2019,2021,linked
OH,D,Emilia Strong Sykes,Emilia Sykes,3,State legislature,2015,2022,linked
OH,D,Emilia Strong Sykes,Emilia Sykes,4,U.S. House,2023,,linked
IA,R,Zach Nunn,Zach Nunn,4,U.S. House,2023,,linked
IA,R,Zach Nunn,Zach Nunn,3,State legislature,2019,2023,linked
IA,R,Zach Nunn,Zach Nunn,3,State legislature,2015,2019,linked
LA,D,Jessee Carlton Fleenor,,,,,,none
GA,R,Caesar Gonzales,,,,,,none
WI,D,Margaret Engebretson,,,,,,none
IA,D,Sarah Corkery,,,,,,none
NE,R,Pete Ricketts,Pete Ricketts,1,Chair of the Republican Governors Association,2021,2022,linked
NE,R,Pete Ricketts,Pete Ricketts,5,United States Senator,2023,,linked
CA,R,Paul Cook,Paul Cook (politician),2,Member of the San Bernardino County Board of Supervisors from the 1st district,2020,,linked
CA,R,Paul Cook,Paul Cook (politician),4,U.S. House,2013,2020,linked
CA,R,Paul Cook,Paul Cook (politician),3,State legislature,2006,2012,linked
CA,R,Paul Cook,Paul Cook (politician),2,Vice Chair of San Bernardino County,2023,2025,linked
NJ,D,Tom Malinowski,Tom Malinowski,1,"12th Assistant Secretary of State for Democracy, Human Rights, and Labor",2014,2017,linked
NJ,D,Tom Malinowski,Tom Malinowski,4,U.S. House,2019,2023,linked
SC,R,Tom Rice,Tom Rice,4,U.S. House,2013,2023,linked
TN,D,Alan Bohms,,,,,,none
NC,D,Wesley Casteen,,,,,,none
RI,D,Dan McKee,Dan McKee,4,69th Lieutenant Governor of Rhode Island,2015,2021,linked
RI,D,Dan McKee,Dan McKee,4,57th Chair of the National Lieutenant Governors Association,2016,2017,linked
RI,D,Dan McKee,Dan McKee,2,Mayor of Cumberland,2007,2015,linked
IN,D,Erik Hurt,,,,,,none
MD,D,Jesse Colvin,,,,,,none
WA,R,Raul Garcia,,,,,,none
NY,R,Renee Zeno,,,,,,none
CO,D,Jillian Freeland,,,,,,none
UT,R,Celeste Maloy,Celeste Maloy,4,U.S. House,2023,,linked
CA,D,Julia Brownley,Julia Brownley,3,State legislature,2006,2012,linked
CA,D,Julia Brownley,Julia Brownley,4,U.S. House,2013,,linked
NV,R,Joe Heck,Joe Heck,3,State legislature,2004,2008,linked
NV,R,Joe Heck,Joe Heck,4,U.S. House,2011,2017,linked
NE,D,David Else,,,,,,none
VA,R,Jennifer Kiggans,Jen Kiggans,3,State legislature,2020,2022,linked
VA,R,Jennifer Kiggans,Jen Kiggans,4,U.S. House,2023,,linked
TN,R,Diana Harshbarger,Diana Harshbarger,4,U.S. House,2021,,linked
NC,R,Bo Hines,Bo Hines,1,Executive Director of the President's Council of Advisers on Digital Assets,2025,2025,linked
PA,D,Mary Gay Scanlon,Mary Gay Scanlon,0,,,,linked
MI,D,Debbie Stabenow,Debbie Stabenow,1,Chair of the Senate Democratic Policy and Communications Committee,2017,2025,linked
MI,D,Debbie Stabenow,Debbie Stabenow,1,Chair of the Senate Agriculture Committee,2021,2025,linked
MI,D,Debbie Stabenow,Debbie Stabenow,1,Ranking Member of the Senate Agriculture Committee,2015,2021,linked
MI,D,Debbie Stabenow,Debbie Stabenow,1,Secretary of the Senate Democratic Caucus,2005,2007,linked
MI,D,Debbie Stabenow,Debbie Stabenow,4,U.S. House,1997,2001,linked
MI,D,Debbie Stabenow,Debbie Stabenow,3,State legislature,1991,1994,linked
MI,D,Debbie Stabenow,Debbie Stabenow,3,State legislature,1979,1991,linked
MI,D,Debbie Stabenow,Debbie Stabenow,2,Chair of the Ingham County Board of Commissioners,1977,1979,linked
MI,D,Debbie Stabenow,Debbie Stabenow,2,Member of the Ingham County Board of Commissioners from the 13th district,1975,1979,linked
MI,D,Debbie Stabenow,Debbie Stabenow,5,Stabenow's voice,2001,2025,linked
IN,D,Pat Hackett,,,,,,none
CA,R,Rafael Dagnesses,,,,,,none
CA,D,Liam O'Mara,,,,,,none
MA,D,Ed Markey,Ed Markey,5,United States Senator,2013,,linked
MA,D,Ed Markey,Ed Markey,1,Chair of the House Global Warming Committee,2007,2011,linked
MA,D,Ed Markey,Ed Markey,3,Member of the Massachusetts House of Representatives,1973,1976,linked
MA,D,Ed Markey,Ed Markey,1,Ranking Member of the Senate Small Business Committee,2025,,linked
KS,D,Esau Freeman,,,,,,none
OH,D,Theresa Gasper,,,,,,none
FL,D,Danielle Hawk,,,,,,none
GA,D,Hillary Clinton,,,,,,none
RI,D,Hillary Clinton,,,,,,none
NV,D,Kamala Harris,,,,,,none
MT,D,Joe Biden,,,,,,none
IL,R,Keith Pekau,,,,,,none
MT,R,Steve Daines,Steve Daines,5,United States Senator,2015,,linked
MT,R,Steve Daines,Steve Daines,1,Chair of the National Republican Senatorial Committee,2023,2025,linked
MT,R,Steve Daines,Steve Daines,4,U.S. House,2013,2015,linked
CA,R,Ryan Downing,,,,,,none
OR,R,Art Robinson,Art Robinson,1,Chair of the Oregon Republican Party,2013,2015,linked
OR,R,Art Robinson,Art Robinson,3,State legislature,2021,2025,linked
FL,R,Carla Spalding,,,,,,none
ID,R,Russ Fulcher,Russ Fulcher,3,State legislature,2005,2014,linked
ID,R,Russ Fulcher,Russ Fulcher,4,Fulcher's voice,2019,,linked
KS,D,Paul Buskirk,,,,,,none
CA,D,Alan Lowenthal,Alan Lowenthal,3,State legislature,2004,2012,linked
CA,D,Alan Lowenthal,Alan Lowenthal,3,State legislature,1998,2004,linked
CA,D,Alan Lowenthal,Alan Lowenthal,4,U.S. House,2013,2023,linked
TN,D,Marty Olsen,,,,,,none
TX,R,Kevin Brady,Kevin Brady,1,Chair of the House Ways and Means Committee,2015,2019,linked
TX,R,Kevin Brady,Kevin Brady,4,U.S. House,1997,2023,linked
TX,R,Kevin Brady,Kevin Brady,3,State legislature,1991,1997,linked
TX,R,Kevin Brady,Kevin Brady,1,Ranking Member of the House Ways and Means Committee,2019,2023,linked
PA,D,Kerith Strano Taylor,,,,,,none
AZ,D,Yassamin Ansari,Yassamin Ansari,2,Member of the Phoenix City Council from the 7th district,2021,2024,linked
AZ,D,Yassamin Ansari,Yassamin Ansari,4,U.S. House,2025,,linked
SC,R,John McCollum,,,,,,none
AL,D,Yolanda Flowers,,,,,,none
KY,R,James Comer,James Comer,1,Ranking Member of the House Oversight Committee,2020,2023,linked
KY,R,James Comer,James Comer,4,U.S. House,2016,,linked
KY,R,James Comer,James Comer,4,34th Agriculture Commissioner of Kentucky,2012,2016,linked
KY,R,James Comer,James Comer,3,State legislature,2001,2012,linked
KY,R,James Comer,James Comer,1,Chair of the House Oversight Committee,2023,,linked
SC,D,Sean Carrigan,,,,,,none
TX,D,Gus Trujillo,,,,,,none
CA,R,Bob Evans,,,,,,none
SC,D,Bryon Best,,,,,,none
IL,D,Kamala Harris,,,,,,none
WV,D,Natalie Cline,,,,,,none
NY,D,Carolyn Maloney,Carolyn Maloney,1,Vice Chair of the Joint Economic Committee,2019,2020,linked
NY,D,Carolyn Maloney,Carolyn Maloney,2,Member of the New York City Council,1983,1993,linked
NY,D,Carolyn Maloney,Carolyn Maloney,1,Chair of the House Oversight Committee,2019,2023,linked
RI,D,Kamala Harris,,,,,,none
CA,D,Mike Levin,Mike Levin,4,U.S. House,2019,,linked
UT,R,Donald Trump,,,,,,none
CA,R,John Mark Porter,,,,,,none
OR,D,Hillary Clinton,,,,,,none
PA,R,Pat Toomey,Pat Toomey,5,United States Senator,2011,2023,linked
PA,R,Pat Toomey,Pat Toomey,4,U.S. House,1999,2005,linked
PA,R,Pat Toomey,Pat Toomey,1,Ranking Member of the Senate Banking Committee,2021,2023,linked
MO,D,Jack Truman,,,,,,none
NC,D,Alma Adams,Alma Adams,4,U.S. House,2014,,linked
NC,D,Alma Adams,Alma Adams,3,Member of the North Carolina House of Representatives,1994,2014,linked
FL,R,Jesus Navarro,,,,,,none
MA,R,Dean Tran,Dean Tran,3,State legislature,2017,2021,linked
MA,R,Dean Tran,Dean Tran,2,Member of the Fitchburg City Council,2005,2017,linked
MA,R,Dean Tran,Dean Tran,3,Massachusetts Senate Assistant Minority Whip,2019,2020,linked
CA,R,Kenneth Wright,,,,,,none
MO,D,Kevin Miller,,,,,,none
WA,R,Carmen Goers,,,,,,none
CT,D,Ned Lamont,Ned Lamont,1,Lamont's voice,2019,,linked
CT,D,Hillary Clinton,,,,,,none
NY,R,Naomi Levin,,,,,,none
WA,R,Douglas Dightman,,,,,,none
TX,D,Theresa Boisseau,,,,,,none
TX,R,Jake Ellzey,Jake Ellzey,3,State legislature,2021,2021,linked
TX,R,Jake Ellzey,Jake Ellzey,4,U.S. House,2021,,linked
KS,R,Derek Schmidt,Derek Schmidt,4,44th Attorney General of Kansas,2011,2023,linked
KS,R,Derek Schmidt,Derek Schmidt,3,Majority Leader of the Kansas Senate,2005,2011,linked
KS,R,Derek Schmidt,Derek Schmidt,3,State legislature,2001,2011,linked
KS,R,Derek Schmidt,Derek Schmidt,4,U.S. House,2025,,linked
FL,R,Scott Franklin,Scott Franklin (politician),2,Member of the Lakeland City Commission from the Southeast district,2018,2021,linked
CA,R,Johnny Tacherra,,,,,,none
TX,D,Rick Kennedy,,,,,,none
GA,D,Lisa Ring,,,,,,none
GA,D,Patricia McCracken,,,,,,none
NY,D,Bridget Fleming,,,,,,none
CA,R,Omar Navarro,Omar Navarro,0,,,,linked
WV,D,Steven Wendelin,,,,,,none
PA,R,Keith Rothfus,Keith Rothfus,4,U.S. House,2013,2019,linked
WI,R,Scott Walker,Scott Walker (politician),1,Chair of the Republican Governors Association,2016,2017,linked
WI,R,Scott Walker,Scott Walker (politician),2,5th Executive of Milwaukee County,2002,2010,linked
WI,R,Scott Walker,Scott Walker (politician),3,State legislature,1993,2002,linked
NY,D,Tedra Cobb,,,,,,none
AK,D,Hillary Clinton,,,,,,none
RI,R,Allen Waters,,,,,,none
AR,I,Ricky Dale Harrington Jr.,,,,,,none
TX,D,Miguel Levario,,,,,,none
AL,D,Danner Kline,,,,,,none
MA,D,Kamala Harris,,,,,,none
MD,R,Michelle Talkington,,,,,,none
LA,R,John Kennedy,John Kennedy (Louisiana politician),4,Treasurer of Louisiana,2000,2017,linked
LA,R,John Kennedy,John Kennedy (Louisiana politician),1,Secretary of the Louisiana Department of Revenue,1996,1999,linked
LA,R,John Kennedy,John Kennedy (Louisiana politician),5,United States Senator,2017,,linked
LA,D,Katie Darling,,,,,,none
GA,D,James Neal Harris,,,,,,none
MD,D,Dutch Ruppersberger,Dutch Ruppersberger,4,U.S. House,2003,2025,linked
MD,D,Dutch Ruppersberger,Dutch Ruppersberger,2,10th Executive of Baltimore County,1994,2002,linked
MD,D,Dutch Ruppersberger,Dutch Ruppersberger,1,Ranking Member of the House Intelligence Committee,2011,2015,linked
NY,R,Daniel Donovan,Dan Donovan (politician),2,District Attorney of Richmond County,2004,2015,linked
NY,R,Daniel Donovan,Dan Donovan (politician),1,Deputy Borough President of Staten Island,2002,2003,linked
NY,R,Daniel Donovan,Dan Donovan (politician),4,U.S. House,2015,,linked
OH,R,Michael Rulli,Michael Rulli,3,State legislature,2019,2024,linked
OH,R,Michael Rulli,Michael Rulli,4,U.S. House,2024,,linked
OR,R,Bob Todd,,,,,,none
PA,R,Jeremy Shaffer,Jeremy Shaffer,3,State legislature,2025,,name-match
OH,D,Marcia Fudge,Marcia Fudge,1,Chair of the Congressional Black Caucus,2013,2015,linked
OH,D,Marcia Fudge,Marcia Fudge,4,U.S. House,2008,,linked
OH,D,Marcia Fudge,Marcia Fudge,2,Mayor of Warrensville Heights,2000,2008,linked
OH,D,Marcia Fudge,Marcia Fudge,1,18th United States Secretary of Housing and Urban Development,2021,2024,linked
IN,R,Jackie Walorski,Jackie Walorski,4,U.S. House,2013,2022,linked
IN,R,Jackie Walorski,Jackie Walorski,3,State legislature,2005,2010,linked
IN,R,Jackie Walorski,Jackie Walorski,1,Ranking Member of the House Ethics Committee,2021,2022,linked
MA,R,Jeffrey Sossa-Paquette,,,,,,none
IL,D,Sara Dady,,,,,,none
MT,D,Hillary Clinton,,,,,,none
WY,R,Harriet Hageman,Harriet Hageman,4,U.S. House,2023,,linked
NH,R,Russell Prescott,Russell Prescott,3,Member of the New Hampshire Senate,2010,2016,linked
NH,R,Russell Prescott,Russell Prescott,4,Member of the New Hampshire Executive Council from the 3rd district,2017,2021,linked
IL,R,Eric Carlson,,,,,,none
FL,D,Maxwell Frost,Maxwell Frost,4,U.S. House,2023,,linked
FL,D,Maxwell Frost,Maxwell Frost,1,Co-Chair of the House Democratic Policy and Communications Committee,2025,,linked
MI,D,Libbi Urban,,,,,,none
IA,R,Joni Ernst,Joni Ernst,5,United States Senator,2015,,linked
IA,R,Joni Ernst,Joni Ernst,1,Ranking Member of the Senate Small Business Committee,2023,2025,linked
IA,R,Joni Ernst,Joni Ernst,1,Chair of the Senate Republican Policy Committee,2023,2025,linked
IA,R,Joni Ernst,Joni Ernst,1,Vice Chair of the Senate Republican Conference,2019,2023,linked
IA,R,Joni Ernst,Joni Ernst,3,State legislature,2011,2014,linked
IA,R,Joni Ernst,Joni Ernst,1,Chair of the Senate Small Business Committee,2025,,linked
VA,D,Leslie Cockburn,Leslie Cockburn,0,,,,linked
OH,D,Joyce Beatty,Joyce Beatty,4,U.S. House,2013,,linked
OH,D,Joyce Beatty,Joyce Beatty,3,Minority Leader of the Ohio House of Representatives,2006,2009,linked
OH,D,Joyce Beatty,Joyce Beatty,3,Member of the Ohio House of Representatives,1999,2008,linked
OH,D,Joyce Beatty,Joyce Beatty,1,Chair of the Congressional Black Caucus,2021,2023,linked
VA,D,Joshua Throneburg,,,,,,none
OH,D,Rick Neal,,,,,,none
TN,D,Renee Hoyos,,,,,,none
CT,R,Danny Postemski,,,,,,none
CT,R,Jim Griffin,,,,,,none
VT,I,Bernie Sanders,Bernie Sanders,1,"Ranking Member of the Senate Health, Education, Labor and Pensions Committee",2025,,linked
VT,I,Bernie Sanders,Bernie Sanders,1,"Chair of the Senate Health, Education, Labor and Pensions Committee",2023,2025,linked
VT,I,Bernie Sanders,Bernie Sanders,1,Chair of the Senate Democratic Outreach Committee,2017,,linked
VT,I,Bernie Sanders,Bernie Sanders,1,Chair of the Senate Budget Committee,2021,2023,linked
VT,I,Bernie Sanders,Bernie Sanders,1,Chair of the Senate Veterans' Affairs Committee,2013,2015,linked
VT,I,Bernie Sanders,Bernie Sanders,4,U.S. House,1991,2007,linked
VT,I,Bernie Sanders,Bernie Sanders,2,37th Mayor of Burlington,1981,1989,linked
VT,I,Bernie Sanders,Bernie Sanders,5,Sanders's voice,2007,,linked
WA,D,Marilyn Strickland,Marilyn Strickland,2,38th Mayor of Tacoma,2010,2018,linked
WA,D,Marilyn Strickland,Marilyn Strickland,4,U.S. House,2021,,linked
MI,R,Bill Schuette,Bill Schuette,2,Judge of the Michigan Fourth District Court of Appeals,2003,2009,linked
MI,R,Bill Schuette,Bill Schuette,3,State legislature,1995,2003,linked
MI,R,Bill Schuette,Bill Schuette,1,Director of the Michigan Department of Agriculture,1991,1994,linked
MI,R,Bill Schuette,Bill Schuette,4,U.S. House,1985,1991,linked
MI,R,Bill Schuette,Bill Schuette,4,53rd Attorney General of Michigan,2011,2019,linked
WA,D,Joe Pakootas,,,,,,none
VA,D,Suhas Subramanyam,Suhas Subramanyam,3,State legislature,2024,2025,linked
VA,D,Suhas Subramanyam,Suhas Subramanyam,3,State legislature,2020,2024,linked
VA,D,Suhas Subramanyam,Suhas Subramanyam,4,U.S. House,2025,,linked
AR,D,Risie Howard,,,,,,none
PA,D,Robert Williams,,,,,,none
MO,R,Billy Long,Billy Long,1,51st Commissioner of Internal Revenue,2025,2025,linked
MO,R,Billy Long,Billy Long,4,U.S. House,2011,2023,linked
MO,R,Billy Long,Billy Long,1,United States Ambassador to Iceland,2026,,linked
NC,R,Thom Tillis,Thom Tillis,3,Speaker of the North Carolina House of Representatives,2011,2015,linked
NC,R,Thom Tillis,Thom Tillis,3,State legislature,2007,2015,linked
NC,R,Thom Tillis,Thom Tillis,5,United States Senator,2015,,linked
AR,R,Sarah Huckabee Sanders,Sarah Huckabee Sanders,1,31st White House Press Secretary,2017,2019,linked
AR,R,Sarah Huckabee Sanders,Sarah Huckabee Sanders,1,White House Deputy Press Secretary,2017,2017,linked
LA,R,Donald Trump,,,,,,none
NE,D,Mark Elworth,,,,,,none
MN,D,Hillary Clinton,,,,,,none
TX,D,JJ Jefferson,,,,,,none
AL,R,Bradley Byrne,Bradley Byrne,1,Chancellor of the Alabama Community College System,2007,2009,linked
AL,R,Bradley Byrne,Bradley Byrne,3,State legislature,2002,2007,linked
AL,R,Bradley Byrne,Bradley Byrne,4,Member of the Alabama State Board of Education from the 1st district,1995,2003,linked
AL,R,Bradley Byrne,Bradley Byrne,4,U.S. House,2013,,linked
PA,D,Brent Ottaway,,,,,,none
NJ,R,Kim Guadagno,Kim Guadagno,4,33rd Secretary of State of New Jersey,2010,2018,linked
NJ,R,Kim Guadagno,Kim Guadagno,2,"75th Sheriff of Monmouth County, New Jersey",2008,2010,linked
NJ,R,Kim Guadagno,Kim Guadagno,4,1st Lieutenant Governor of New Jersey,2010,2018,linked
DE,D,Tom Carper,Tom Carper,1,Chair of the Senate Environment Committee,2021,2025,linked
DE,D,Tom Carper,Tom Carper,1,Ranking Member of the Senate Environment Committee,2017,2021,linked
DE,D,Tom Carper,Tom Carper,1,Chair of the Senate Homeland Security Committee,2013,2015,linked
DE,D,Tom Carper,Tom Carper,1,Chair of the National Governors Association,1998,1999,linked
DE,D,Tom Carper,Tom Carper,4,U.S. House,1983,1993,linked
DE,D,Tom Carper,Tom Carper,4,Treasurer of Delaware,1977,1983,linked
DE,D,Tom Carper,Tom Carper,5,Carper's voice,2001,2025,linked
NC,D,Christian Cano,,,,,,none
NH,D,Tom Sherman,Tom Sherman (politician),3,State legislature,2012,2016,linked
NH,D,Tom Sherman,Tom Sherman (politician),3,State legislature,2018,2022,linked
SC,D,Thomas Dixon,,,,,,none
MO,D,Gena Ross,,,,,,none
WA,D,Emily Randall,Emily Randall,3,State legislature,2019,2024,linked
WA,D,Emily Randall,Emily Randall,4,U.S. House,2025,,linked
KS,D,Michelle De La Isla,Michelle De La Isla,2,Mayor of Topeka,2018,2022,linked
TX,D,Kamala Harris,,,,,,none
VA,R,Manga Anantatmula,,,,,,none
TX,R,James Rodgers,,,,,,none
CO,R,Steven Monahan,,,,,,none
NV,D,Steve Sisolak,Steve Sisolak,2,Chair of the Clark County Commission,2013,2019,linked
NV,D,Steve Sisolak,Steve Sisolak,2,Vice Chair of the Clark County Commission,2011,2013,linked
NV,D,Steve Sisolak,Steve Sisolak,2,Member of the Clark County Commission from District A,2009,2019,linked
NV,D,Steve Sisolak,Steve Sisolak,4,Member of the Nevada Board of Regents from the 2nd district,1999,2008,linked
SC,R,Katie Arrington,Katie Arrington,3,State legislature,2017,2019,linked
SC,R,Katie Arrington,Katie Arrington,1,Chief Information Officer of the Department of Defense,2025,2025,linked
TN,R,Scott DesJarlais,Scott DesJarlais,4,U.S. House,2011,,linked
PA,D,William Marx,,,,,,none
NJ,D,Tim Alexander,,,,,,none
SC,R,Henry McMaster,Henry McMaster,4,91st Lieutenant Governor of South Carolina,2015,2017,linked
SC,R,Henry McMaster,Henry McMaster,4,50th Attorney General of South Carolina,2003,2011,linked
SC,R,Henry McMaster,Henry McMaster,1,Chair of the South Carolina Republican Party,1993,2002,linked
SC,R,Henry McMaster,Henry McMaster,1,United States Attorney for the District of South Carolina,1981,1985,linked
NC,D,Moe Davis,Moe Davis,0,,,,linked
AR,D,Natalie James,,,,,,none
SC,D,Krystle Matthews,Krystle Matthews,3,State legislature,2018,2022,linked
MA,R,Robert Burke,,,,,,none
NY,R,Nick LaLota,Nick LaLota,4,U.S. House,2023,,linked
OR,D,Kurt Schrader,Kurt Schrader,3,State legislature,2003,2008,linked
OR,D,Kurt Schrader,Kurt Schrader,3,State legislature,1997,2003,linked
OR,D,Kurt Schrader,Kurt Schrader,4,U.S. House,2009,2023,linked
WA,D,Bob Ferguson,Bob Ferguson (politician),4,18th Attorney General of Washington,2013,2025,linked
WA,D,Bob Ferguson,Bob Ferguson (politician),2,Chair of the King County Council,2009,2013,linked
WA,D,Bob Ferguson,Bob Ferguson (politician),2,Member of the King County Council,2004,2013,linked
WA,D,Bob Ferguson,Bob Ferguson (politician),1,Ferguson's voice,2025,,linked
HI,D,Josh Green,Josh Green (politician),4,15th Lieutenant Governor of Hawaii,2018,2022,linked
HI,D,Josh Green,Josh Green (politician),3,State legislature,2008,2018,linked
HI,D,Josh Green,Josh Green (politician),3,State legislature,2004,2008,linked
MN,D,Rachel Bohman,,,,,,none
PA,D,Jessica King,,,,,,none
FL,R,Christine Quinn,,,,,,none
FL,R,George Buck,,,,,,none
GA,D,Kate L. Stamper,,,,,,none
MD,D,Hillary Clinton,,,,,,none
FL,R,Rocky Rochford,,,,,,none
MN,D,John Peters,,,,,,none
ID,D,Jerry Sturgill,,,,,,none
NY,R,Ricky Donovan,,,,,,none
TX,D,Vanessa Adia,,,,,,none
AZ,R,Abraham Hamadeh,Abraham Hamadeh,4,U.S. House,2025,,linked
MS,R,Steven Palazzo,Steven Palazzo,3,State legislature,2006,2011,linked
MS,R,Steven Palazzo,Steven Palazzo,4,U.S. House,2011,2023,linked
SC,R,Mick Mulvaney,Mick Mulvaney,1,Director of the Office of Management and Budget,2017,2020,linked
SC,R,Mick Mulvaney,Mick Mulvaney,1,White House Chief of Staff,2019,2020,linked
SC,R,Mick Mulvaney,Mick Mulvaney,1,Director of the Consumer Financial Protection Bureau,2017,2018,linked
SC,R,Mick Mulvaney,Mick Mulvaney,4,U.S. House,2011,2017,linked
SC,R,Mick Mulvaney,Mick Mulvaney,3,State legislature,2009,2011,linked
SC,R,Mick Mulvaney,Mick Mulvaney,3,State legislature,2007,2009,linked
SC,R,Mick Mulvaney,Mick Mulvaney,1,United States Special Envoy for Northern Ireland,2020,2021,linked
NJ,R,Richard Pezzullo,,,,,,none
OK,D,Hillary Clinton,,,,,,none
VA,R,Morgan Griffith,Morgan Griffith,3,Majority Leader of the Virginia House of Delegates,2000,2010,linked
VA,R,Morgan Griffith,Morgan Griffith,3,State legislature,1994,2011,linked
VA,R,Morgan Griffith,Morgan Griffith,4,U.S. House,2011,,linked
GA,R,Kelly Loeffler,Kelly Loeffler,5,United States Senator,2020,2021,linked
GA,R,Kelly Loeffler,Kelly Loeffler,1,28th Administrator of the Small Business Administration,2025,,linked
TX,D,Sylvester Turner,Sylvester Turner,2,62nd Mayor of Houston,2016,2024,linked
TX,D,Sylvester Turner,Sylvester Turner,3,State legislature,1989,2016,linked
TX,D,Sylvester Turner,Sylvester Turner,4,Turner's voice,2025,2025,linked
MO,R,Jason Smith,Jason Smith (American politician),1,Ranking Member of the House Budget Committee,2021,2023,linked
MO,R,Jason Smith,Jason Smith (American politician),1,Secretary of the House Republican Conference,2017,2021,linked
MO,R,Jason Smith,Jason Smith (American politician),4,U.S. House,2013,,linked
MO,R,Jason Smith,Jason Smith (American politician),3,Member of the Missouri House of Representatives,2005,2013,linked
MO,R,Jason Smith,Jason Smith (American politician),1,Chair of the House Ways and Means Committee,2023,,linked
MA,R,Jesse Brown,,,,,,none
WV,D,Hillary Clinton,,,,,,none
RI,R,Allen Rodney Waters,,,,,,none
FL,D,Sheila Cherfilus-McCormick,Sheila Cherfilus-McCormick,4,U.S. House,2022,2026,linked
FL,R,Ross Spano,Ross Spano,3,State legislature,2012,2018,linked
FL,R,Ross Spano,Ross Spano,4,U.S. House,2019,2021,linked
NE,D,Jane Raybould,Jane Raybould,3,State legislature,2023,,linked
OH,D,Brian Bob Kenderes,,,,,,none
NY,R,Chele Farley,,,,,,none
AZ,D,Raul Grijalva,Raúl Grijalva,1,Chair of the House Natural Resources Committee,2019,2023,linked
AZ,D,Raul Grijalva,Raúl Grijalva,1,Co-Chair of the Congressional Progressive Caucus,2009,2019,linked
AZ,D,Raul Grijalva,Raúl Grijalva,1,Ranking Member of the House Natural Resources Committee,2023,2025,linked
NY,R,Philip Rosenthal,,,,,,none
SC,D,Daryl Scott,,,,,,none
CO,D,Stephany Rose Spaulding,,,,,,none
FL,D,Cindy Banyai,,,,,,none
NV,D,Chip Evans,,,,,,none
GA,D,Chuck Enderlin,,,,,,none
AL,R,Tommy Tuberville,Tommy Tuberville,5,Tuberville's voice,2021,,linked
AZ,R,Kari Lake,Kari Lake,1,Senior Advisor to the United States Agency for Global Media,2025,,linked
AZ,R,Luis Pozzolo,,,,,,none
ND,D,Merrill Piepkorn,Merrill Piepkorn,3,State legislature,2016,2024,linked
NE,R,Deb Fischer,Deb Fischer,5,United States Senator,2013,,linked
NE,R,Deb Fischer,Deb Fischer,3,State legislature,2005,2013,linked
NE,R,Deb Fischer,Deb Fischer,1,Ranking Member of the Senate Rules Committee,2023,2025,linked
NY,R,Kyle Van De Water,,,,,,none
NC,D,Ernest Reeves,,,,,,none
NY,D,Thomas Carle,,,,,,none
CA,D,Rese Penelope Yee,,,,,,none
CA,D,Salud Carbajal,Salud Carbajal,2,Member of the Santa Barbara County Board of Supervisors from the 1st district,2005,2017,linked
CA,D,Salud Carbajal,Salud Carbajal,4,U.S. House,2017,,linked
PA,R,Marty Nothstein,Marty Nothstein,0,,,,linked
OH,D,Shannon Freshour,,,,,,none
CA,R,Thomas Cole,,,,,,none
NJ,D,Stephanie Schmid,,,,,,none
NH,R,Don Bolduc,Don Bolduc,0,,,,linked
IL,R,Regan Deering,Regan Deering,3,State legislature,2025,,linked
MI,R,Jeff Gorman,,,,,,none
GA,D,Devin Pandy,,,,,,none
IL,R,Mark Kirk,Mark Kirk,4,U.S. House,2001,2010,linked
IL,R,Mark Kirk,Mark Kirk,5,United States Senator,2010,2017,linked
NY,R,Ameer Benno,,,,,,none
NC,D,David Price,David Price (American politician),4,U.S. House,1997,2023,linked
NH,R,Karoline Leavitt,Karoline Leavitt,1,36th White House Press Secretary,2025,2026,linked
PA,D,Eugene DePasquale,Eugene DePasquale,4,49th Auditor General of Pennsylvania,2013,2021,linked
PA,D,Eugene DePasquale,Eugene DePasquale,3,State legislature,2007,2013,linked
PA,D,Eugene DePasquale,Eugene DePasquale,1,Chair of the Pennsylvania Democratic Party,2025,,linked
WA,R,Joe Kent,Joe Kent,1,Acting Chief of Staff to the Director of National Intelligence,2025,2025,linked
WA,R,Joe Kent,Joe Kent,1,8th Director of the National Counterterrorism Center,2025,2026,linked
MO,D,Gordon Christensen,,,,,,none
GA,D,Nikema Williams,Nikema Williams,1,Chair of the Georgia Democratic Party,2019,2025,linked
GA,D,Nikema Williams,Nikema Williams,3,State legislature,2017,2021,linked
GA,D,Nikema Williams,Nikema Williams,4,U.S. House,2021,,linked
WY,D,Merav Ben-David,Merav Ben-David,0,,,,linked
MI,R,Steven Elliott,,,,,,none
NV,R,Cresent Hardy,Cresent Hardy,3,Member of the Nevada Assembly,2010,2014,linked
NV,R,Cresent Hardy,Cresent Hardy,4,U.S. House,2015,2017,linked
KS,D,Hillary Clinton,,,,,,none
IN,D,Barry Welsh,,,,,,none
IL,R,O'Neill Deuser,,,,,,none
HI,D,Joe Biden,,,,,,none
CO,D,Diane Mitsch Bush,Diane Mitsch Bush,3,State legislature,2013,2017,linked
MN,D,Betty McCollum,Betty McCollum,3,State legislature,1993,2001,linked
MN,D,Betty McCollum,Betty McCollum,4,U.S. House,2001,,linked
NC,D,Ben Clark,Ben Clark (politician),3,State legislature,2013,2023,linked
MD,R,Scott Collier,,,,,,none
KS,D,Laura Lombard,,,,,,none
GA,D,Francys Johnson,Francys Johnson,0,,,,linked
IL,D,Danny Davis,Danny Davis (Illinois politician),2,Member of the Cook County Board of Commissioners,1990,1997,linked
IL,D,Danny Davis,Danny Davis (Illinois politician),2,Member of the Chicago City Council from the 29th Ward,1979,1990,linked
IL,D,Danny Davis,Danny Davis (Illinois politician),4,U.S. House,1997,,linked
DE,R,Scott Walker,,,,,,none
MT,R,Greg Gianforte,Greg Gianforte,1,Chair of the Republican Governors Association,2025,,linked
MT,R,Greg Gianforte,Greg Gianforte,4,U.S. House,2017,,linked
NH,D,Hillary Clinton,,,,,,none
FL,R,Joe Budd,,,,,,none
CA,D,Christy Smith,Christy Smith (politician),3,State legislature,2018,2020,linked
CO,R,Barbara Kirkmeyer,Barbara Kirkmeyer,3,State legislature,2021,,linked
TX,R,David Smalling,,,,,,none
MO,D,Henry Robert Martin,,,,,,none
FL,D,Maxwell Alejandro Frost,Maxwell Frost,4,U.S. House,2023,,linked
FL,D,Maxwell Alejandro Frost,Maxwell Frost,1,Co-Chair of the House Democratic Policy and Communications Committee,2025,,linked
OK,D,Zoe Midyett,,,,,,none
OH,R,Bernie Moreno,Bernie Moreno,5,United States Senator,2025,,linked
KS,R,Prasanth Reddy,,,,,,none
KS,D,Daniel Giroux,,,,,,none
ID,R,Jim Risch,Jim Risch,1,Ranking Member of the Senate Foreign Relations Committee,2021,2025,linked
ID,R,Jim Risch,Jim Risch,1,Chair of the Senate Small Business Committee,2017,2019,linked
ID,R,Jim Risch,Jim Risch,5,United States Senator,2009,,linked
ID,R,Jim Risch,Jim Risch,5,Governor of Idaho,2006,2007,linked
ID,R,Jim Risch,Jim Risch,4,Lieutenant Governor of Idaho,2007,2009,linked
ID,R,Jim Risch,Jim Risch,3,Majority Leader of the Idaho Senate,1996,2002,linked
ID,R,Jim Risch,Jim Risch,3,President pro tempore of the Idaho Senate,1982,1988,linked
ID,R,Jim Risch,Jim Risch,3,State legislature,1995,2002,linked
ID,R,Jim Risch,Jim Risch,1,Chair of the Senate Foreign Relations Committee,2025,,linked
PA,D,Sarah Hammond,,,,,,none
TX,D,Sri Preston Kulkarni,,,,,,none
AL,D,Lin Veasey,,,,,,none
IL,R,Mike Fricilone,,,,,,none
MD,D,John Sarbanes,John Sarbanes,4,Sarbanes's voice,2007,2025,linked
VA,R,John Sitka,,,,,,none
CO,R,Erik Aadland,,,,,,none
MA,R,Dean James Martilli,,,,,,none
DE,D,Hillary Clinton,,,,,,none
VA,D,Terry McAuliffe,Terry McAuliffe,1,Chair of the National Governors Association,2016,2017,linked
VA,D,Terry McAuliffe,Terry McAuliffe,1,Chair of the Democratic National Committee,2001,2005,linked
IL,D,Erika Weaver,,,,,,none
MO,D,Megan Rezabek,,,,,,none
MI,D,Joseph Alfonso,,,,,,none
NM,R,Mick Rich,,,,,,none
CA,D,Bryan Caforio,,,,,,none
WI,R,Leah Vukmir,Leah Vukmir,3,State legislature,2002,2011,linked
WI,R,Leah Vukmir,Leah Vukmir,3,State legislature,2011,2019,linked
TX,D,Lulu Seikaly,,,,,,none
WV,D,Joe Biden,,,,,,none
UT,D,Caroline Gleich,Caroline Gleich,0,,,,linked
MT,D,Penny Ronning,,,,,,none
PA,D,Preston Nouri,,,,,,none
MN,D,Quinn Nystrom,,,,,,none
MI,R,Lena Epstein,,,,,,none
UT,D,Glenn Wright,,,,,,none
OR,D,Earl Blumenauer,Earl Blumenauer,2,Portland City Commissioner,1987,1996,linked
OR,D,Earl Blumenauer,Earl Blumenauer,2,Member of the Multnomah County Board of Commissioners,1979,1987,linked
OR,D,Earl Blumenauer,Earl Blumenauer,3,State legislature,1973,1979,linked
OR,D,Earl Blumenauer,Earl Blumenauer,4,Blumenauer's voice,1996,,linked
NY,D,Robert Zimmerman,,,,,,none
WA,D,Suzan DelBene,Suzan DelBene,1,Chair of the New Democrat Coalition,2021,2023,linked
WA,D,Suzan DelBene,Suzan DelBene,4,U.S. House,2012,,linked
WA,D,Suzan DelBene,Suzan DelBene,1,Chair of the Democratic Congressional Campaign Committee,2023,,linked
NY,R,Anthony Marecki,,,,,,none
OH,R,JD Vance,JD Vance,1,Finance Chair of the Republican National Committee,2025,,linked
OH,R,JD Vance,JD Vance,5,United States Senator,2023,2025,linked
OH,R,JD Vance,JD Vance,5,Vice President of the United States,2025,,linked
GA,D,Patti Hewitt,,,,,,none
CT,D,James Himes,Jim Himes,1,Chair of the House Fair Growth Committee,2021,2023,linked
CT,D,James Himes,Jim Himes,1,Chair of the New Democrat Coalition,2017,2019,linked
CT,D,James Himes,Jim Himes,4,U.S. House,2009,,linked
CT,D,James Himes,Jim Himes,1,Ranking Member of the House Intelligence Committee,2023,,linked
IL,R,Justin Burau,,,,,,none
UT,D,Nick Mitchell,,,,,,none
GA,D,Flynn Broady,,,,,,none
NY,R,Garfield Wallace,,,,,,none
NY,R,Dan DeBono,,,,,,none
NY,D,Andrea Morse,,,,,,none
GA,R,Herschel Walker,Herschel Walker,2,Co-Chair of the President's Council on Physical Fitness and Sports,2018,2022,linked
NY,R,Benine Hamdan,,,,,,none
CA,D,Robert Derlet,,,,,,none
PA,D,Summer Lee,Summer Lee,3,State legislature,2019,2022,linked
PA,D,Summer Lee,Summer Lee,4,U.S. House,2023,,linked
IN,R,Mike Braun,Mike Braun,1,Ranking Member of the Senate Aging Committee,2023,2025,linked
IN,R,Mike Braun,Mike Braun,5,United States Senator,2019,2025,linked
IN,R,Mike Braun,Mike Braun,3,State legislature,2014,2017,linked
IN,R,Mike Braun,Mike Braun,1,Braun's voice,2025,,linked
ME,D,Hillary Clinton,,,,,,none
CA,R,Eugene Cleek,,,,,,none
MI,R,Mark Ambrose,,,,,,none
AR,D,Jared Henderson,,,,,,none
CA,D,Julia Peacock,,,,,,none
MN,R,Jim Hagedorn,Jim Hagedorn,4,U.S. House,2019,2022,linked
MT,D,Mike Cooney,Mike Cooney,3,President of the Montana Senate,2007,2009,linked
MT,D,Mike Cooney,Mike Cooney,3,State legislature,2005,2011,linked
MT,D,Mike Cooney,Mike Cooney,3,State legislature,2003,2005,linked
MT,D,Mike Cooney,Mike Cooney,4,17th Secretary of State of Montana,1989,2001,linked
MT,D,Mike Cooney,Mike Cooney,3,State legislature,1977,1981,linked
MT,D,Mike Cooney,Mike Cooney,4,36th Lieutenant Governor of Montana,2016,2021,linked
MO,D,David Blackwell,,,,,,none
NE,D,Hillary Clinton,,,,,,none
TX,D,Duncan Klussmann,,,,,,none
FL,R,Bill Olson,,,,,,none
CA,R,Stan Caplan,,,,,,none
OK,R,Jim Inhofe,Jim Inhofe,1,Chair of the Senate Armed Services Committee,2018,2021,linked
OK,R,Jim Inhofe,Jim Inhofe,1,Chair of the Senate Environment Committee,2015,2017,linked
OK,R,Jim Inhofe,Jim Inhofe,4,U.S. House,1987,1994,linked
OK,R,Jim Inhofe,Jim Inhofe,2,32nd Mayor of Tulsa,1978,1984,linked
OK,R,Jim Inhofe,Jim Inhofe,3,Minority Leader of the Oklahoma Senate,1975,1976,linked
OK,R,Jim Inhofe,Jim Inhofe,3,State legislature,1969,1977,linked
OK,R,Jim Inhofe,Jim Inhofe,3,State legislature,1966,1969,linked
OK,R,Jim Inhofe,Jim Inhofe,5,Inhofe's voice,1994,2023,linked
MO,D,Jill Schupp,Jill Schupp,3,State legislature,2009,2015,linked
MO,D,Jill Schupp,Jill Schupp,3,State legislature,2015,2023,linked
IN,D,André Carson,André Carson,2,Member of the Indianapolis City-County Council from the 15th district,2007,2008,linked
IN,D,André Carson,André Carson,4,U.S. House,2008,,linked
IL,R,JD Diganvker,,,,,,none
RI,R,Salvatore Caiozzo,,,,,,none
CO,D,Gail Schwartz,Gail Schwartz,3,State legislature,2007,2015,linked
FL,D,Corry Westbrook,,,,,,none
NJ,R,Christian Onuoha,,,,,,none
MD,D,Ben Cardin,Ben Cardin,1,Chair of the Senate Foreign Relations Committee,2023,2025,linked
MD,D,Ben Cardin,Ben Cardin,1,Chair of the Senate Small Business Committee,2021,2023,linked
MD,D,Ben Cardin,Ben Cardin,1,Ranking Member of the Senate Small Business Committee,2018,2021,linked
MD,D,Ben Cardin,Ben Cardin,1,Ranking Member of the Senate Foreign Relations Committee,2015,2018,linked
MD,D,Ben Cardin,Ben Cardin,4,U.S. House,1987,2007,linked
MD,D,Ben Cardin,Ben Cardin,3,103rd Speaker of the Maryland House of Delegates,1979,1987,linked
MD,D,Ben Cardin,Ben Cardin,3,State legislature,1967,1987,linked
MD,D,Ben Cardin,Ben Cardin,5,Cardin's voice,2007,2025,linked
CA,D,Jay Chen,,,,,,none
VT,R,Liam Madden,Liam Madden,0,,,,linked
CA,R,Stephen Slauson,,,,,,none
CA,D,Kamala Harris,Kamala Harris,5,Vice President of the United States,2021,2025,name-match
CA,D,Kamala Harris,Kamala Harris,5,United States Senator,2017,2021,name-match
CA,D,Kamala Harris,Kamala Harris,4,32nd Attorney General of California,2011,2017,name-match
CA,D,Kamala Harris,Kamala Harris,2,27th District Attorney of San Francisco,2004,2011,name-match
MO,R,Josh Hawley,Josh Hawley,4,42nd Attorney General of Missouri,2017,2019,linked
MO,R,Josh Hawley,Josh Hawley,5,United States Senator,2019,,linked
FL,R,Gary Stein,,,,,,none
MS,D,Dianne Black,,,,,,none
MI,D,Debra Wirth,,,,,,none
ME,R,Dale John Crafts,Dale Crafts,3,Member of the Maine House of Representatives,2008,2016,linked
MI,R,Jeff Jones,,,,,,none
OH,D,Roy Rich,,,,,,none
ID,D,Jennifer Martinez,,,,,,none
MS,D,Johnny DuPree,Johnny DuPree,2,Mayor of Hattiesburg,2001,2017,linked
MS,D,Johnny DuPree,Johnny DuPree,3,Member of the Mississippi State Senate from the 45th district,2026,,linked
SD,D,Brian Bengs,,,,,,none
CA,R,Ron Bassilian,,,,,,none
CA,D,TJ Cox,TJ Cox,4,U.S. House,2019,2021,linked
CA,D,Laura Friedman,Laura Friedman,3,Member of the California Assembly,2016,2024,linked
CA,D,Laura Friedman,Laura Friedman,2,Mayor of Glendale,2011,2012,linked
CA,D,Laura Friedman,Laura Friedman,4,U.S. House,2025,,linked
IA,R,Christopher Peters,,,,,,none
VA,R,Winsome Earle-Sears,Winsome Earle-Sears,4,Member of the Virginia Board of Education,2011,2015,linked
VA,R,Winsome Earle-Sears,Winsome Earle-Sears,3,State legislature,2002,2004,linked
VA,R,Winsome Earle-Sears,Winsome Earle-Sears,4,42nd Lieutenant Governor of Virginia,2022,2026,linked
GA,D,Bob Christian,,,,,,none
WI,D,Tom Nelson,Tom Nelson (Wisconsin politician),3,Majority Leader of the Wisconsin Assembly,2009,2011,linked
WI,D,Tom Nelson,Tom Nelson (Wisconsin politician),3,State legislature,2005,2011,linked
WI,D,Tom Nelson,Tom Nelson (Wisconsin politician),2,County Executive of Outagamie County,2011,,linked
MO,R,Mike Parson,Mike Parson,4,47th Lieutenant Governor of Missouri,2017,2018,linked
MO,R,Mike Parson,Mike Parson,3,State legislature,2011,2017,linked
MO,R,Mike Parson,Mike Parson,3,State legislature,2005,2011,linked
MO,R,Mike Parson,Mike Parson,2,Sheriff of Polk County,1993,2004,linked
MO,R,Mike Parson,Mike Parson,1,Parson's voice,2018,2025,linked
KS,D,Nancy Boyda,Nancy Boyda,4,U.S. House,2007,2009,linked
TX,R,Jimmy Leon,,,,,,none
TN,D,Justin Kanew,,,,,,none
MI,D,Gary Peters,Gary Peters,1,Ranking Member of the Senate Homeland Security Committee,2025,,linked
MI,D,Gary Peters,Gary Peters,1,Chair of the Senate Homeland Security Committee,2021,2025,linked
MI,D,Gary Peters,Gary Peters,1,Chair of the Democratic Senatorial Campaign Committee,2021,2025,linked
MI,D,Gary Peters,Gary Peters,1,Commissioner of the Michigan Lottery,2003,2007,linked
MI,D,Gary Peters,Gary Peters,3,State legislature,1995,2002,linked
MI,D,Gary Peters,Gary Peters,5,Peters' voice,2015,,linked
AL,R,Richard Shelby,Richard Shelby,1,Chair of the Senate Appropriations Committee,2018,2021,linked
AL,R,Richard Shelby,Richard Shelby,1,Chair of the Senate Rules Committee,2017,2018,linked
AL,R,Richard Shelby,Richard Shelby,1,Chair of the Senate Banking Committee,2015,2017,linked
AL,R,Richard Shelby,Richard Shelby,1,Chair of the Senate Intelligence Committee,2001,2001,linked
AL,R,Richard Shelby,Richard Shelby,4,U.S. House,1979,1987,linked
AL,R,Richard Shelby,Richard Shelby,3,Member of the Alabama Senate,1970,1978,linked
AL,R,Richard Shelby,Richard Shelby,5,United States Senator,1987,2023,linked
IN,R,Todd Young,Todd Young,5,United States Senator,2017,,linked
IN,R,Todd Young,Todd Young,1,Chair of the National Republican Senatorial Committee,2019,2021,linked
IN,R,Todd Young,Todd Young,4,U.S. House,2011,2017,linked
MS,D,Michael Ted Evans,Michael Evans (politician),3,State legislature,2012,2016,linked
MS,D,Michael Ted Evans,Michael Evans (politician),3,State legislature,2016,2024,linked
NJ,D,Kamala Harris,,,,,,none
CA,R,Ted Howze,,,,,,none
OK,R,Markwayne Mullin,Markwayne Mullin,5,United States Senator,2023,2026,linked
OK,R,Markwayne Mullin,Markwayne Mullin,4,U.S. House,2013,2023,linked
OK,R,Markwayne Mullin,Markwayne Mullin,1,9th United States Secretary of Homeland Security,2026,,linked
OR,D,Andrea Salinas,Andrea Salinas,4,U.S. House,2023,,linked
OR,D,Andrea Salinas,Andrea Salinas,3,State legislature,2017,2023,linked
VA,D,Vangie Williams,,,,,,none
CA,R,Agnes Gibboney,,,,,,none
MT,R,Ryan Zinke,Ryan Zinke,1,52nd United States Secretary of the Interior,2017,2019,linked
MT,R,Ryan Zinke,Ryan Zinke,3,State legislature,2009,2013,linked
PA,R,Dan Meuser,Dan Meuser,1,Secretary of Revenue of Pennsylvania,2011,2015,linked
PA,R,Dan Meuser,Dan Meuser,4,U.S. House,2019,,linked
FL,D,Robert Neeld,,,,,,none
KS,R,Roger Marshall,Roger Marshall,4,U.S. House,2017,2021,linked
KS,R,Roger Marshall,Roger Marshall,5,United States Senator,2021,,linked
ND,D,Zach Raknerud,,,,,,none
MO,D,Cori Bush,Cori Bush,4,Bush's voice,2021,2025,linked
MD,D,Mia Mason,,,,,,none
KY,D,Matthew Ryan Best,,,,,,none
NJ,R,John McCann,,,,,,none
WV,D,Paula Jean Swearengin,Paula Jean Swearengin,0,,,,linked
AR,D,Josh Mahony,,,,,,none
WI,D,Randy Bryce,,,,,,none
NC,R,Powell Dew,,,,,,none
MN,D,David Snyder,,,,,,none
MA,R,Mark Alliegro,,,,,,none
IN,D,Tobi Beck,,,,,,none
KY,D,Randy Cravens,,,,,,none
NY,D,Kamala Harris,,,,,,none
OH,R,Madison Gesiotto Gilbert,Madison Gesiotto Gilbert,0,,,,linked
VA,D,Donald McEachin,Donald McEachin,3,State legislature,2008,2017,linked
VA,D,Donald McEachin,Donald McEachin,3,State legislature,2006,2008,linked
VA,D,Donald McEachin,Donald McEachin,4,U.S. House,2017,2022,linked
HI,R,Patrick Largey,,,,,,none
UT,D,Bill Campbell,,,,,,none
ME,R,Paul LePage,Paul LePage,2,50th Mayor of Waterville,2004,2011,linked
ME,R,Paul LePage,Paul LePage,5,74th Governor of Maine,2011,2019,linked
NE,D,Kara Eastman,,,,,,none
RI,R,Stephen Joseph Corvi,,,,,,none
TN,R,Diane Black,Diane Black,4,U.S. House,2011,2019,linked
TN,R,Diane Black,Diane Black,3,State legislature,2005,2010,linked
TN,R,Diane Black,Diane Black,3,State legislature,1999,2005,linked
TN,R,Diane Black,Diane Black,1,Chair of the House Budget Committee,2017,2018,linked
ME,R,Edwin Thelander,,,,,,none
WA,R,Cody Hart,,,,,,none
KY,R,Harold Bratcher,,,,,,none
MI,D,Curtis Hertel,Curtis Hertel Jr.,3,Member of the Michigan Senate from the 23rd district,2015,2022,linked
MI,D,Curtis Hertel,Curtis Hertel Jr.,1,Chair of the Michigan Democratic Party,2025,,linked
IL,D,Dick Durbin,Dick Durbin,3,Senate Minority Whip,2025,,linked
IL,D,Dick Durbin,Dick Durbin,1,Ranking Member of the Senate Judiciary Committee,2025,,linked
IL,D,Dick Durbin,Dick Durbin,3,Senate Majority Whip,2021,2025,linked
IL,D,Dick Durbin,Dick Durbin,1,Chair of the Senate Judiciary Committee,2021,2025,linked
IL,D,Dick Durbin,Dick Durbin,4,U.S. House,1983,1997,linked
IL,D,Dick Durbin,Dick Durbin,5,Durbin's voice,1997,,linked
NY,R,Jack Martins,Jack Martins,2,Mayor of Mineola,2004,2010,linked
NY,R,Jack Martins,Jack Martins,3,State legislature,2023,,linked
CA,R,John Dennis,,,,,,none
MD,R,Jeff Warner,,,,,,none
MA,D,Jake Auchincloss,Jake Auchincloss,4,U.S. House,2021,,linked
WI,D,Roger Polack,,,,,,none
TN,D,Kiran Sreepada,,,,,,none
FL,D,Steven Specht,,,,,,none
UT,D,Katrina Fallick-Wang,,,,,,none
FL,D,Rock Aboujaoude,,,,,,none
IN,D,Thomasina Marsili,,,,,,none
VA,D,Jane Dittmar,,,,,,none
FL,D,Kamala Harris,,,,,,none
CA,R,Paul Jones,,,,,,none
TX,D,James Cargas,,,,,,none
CA,R,Denise Gitsham,,,,,,none
UT,D,Kael Weston,,,,,,none
TN,R,Andy Ogles,Andy Ogles,2,Mayor of Maury County,2018,2022,linked
TN,R,Andy Ogles,Andy Ogles,4,U.S. House,2023,,linked
PA,D,Scott Wallace,,,,,,none
NY,R,Kevin Waltz,,,,,,none
KY,R,Stuart Ray,,,,,,none
OK,R,Josh Brecheen,Josh Brecheen,3,State legislature,2010,2018,linked
OK,R,Josh Brecheen,Josh Brecheen,4,U.S. House,2023,,linked
CA,R,Wes Hallman,,,,,,none
LA,D,Lee Ann Dugas,,,,,,none
VA,D,Donald Beyer,Don Beyer,1,Vice Chair of the Joint Economic Committee,2020,2021,linked
VA,D,Donald Beyer,Don Beyer,4,U.S. House,2015,,linked
VA,D,Donald Beyer,Don Beyer,1,United States Ambassador to Switzerland and Liechtenstein,2009,2013,linked
VA,D,Donald Beyer,Don Beyer,4,36th Lieutenant Governor of Virginia,1990,1998,linked
VA,D,Donald Beyer,Don Beyer,1,Chair of the Joint Economic Committee,2021,2023,linked
OK,D,Danyell Lanier,,,,,,none
NY,R,Lovelynn Gwinn,,,,,,none
DE,R,Colin Bonini,Colin Bonini,3,State legislature,1994,2022,linked
NJ,R,Agha Khan,,,,,,none
MS,D,Shuwaski Young,,,,,,none
WA,D,Douglas McKinley,,,,,,none
PA,R,Guy Ciarrocchi,,,,,,none
AZ,R,Blake Masters,Blake Masters,0,,,,linked
CO,R,Joe O'Dea,,,,,,none
NY,D,Max Della Pia,,,,,,none
NY,R,Phil Oliva,,,,,,none
OH,D,David Esrati,,,,,,none
AL,D,Kathy Warner-Stanton,,,,,,none
AR,D,Quintessa Hathaway,,,,,,none
WI,D,Tom Palzewicz,,,,,,none
CA,D,Doug Applegate,,,,,,none
WY,D,Theresa Livingston,,,,,,none
FL,R,Dennis Ross,Dennis Ross (politician),3,Member of the Florida House of Representatives,2000,2008,linked
NY,R,Stylo Sapaskis,,,,,,none
DE,R,Eric Hansen,,,,,,none
MS,D,Dennis Quinn,,,,,,none
NY,R,Jineea Butler,,,,,,none
FL,D,Karen Green,,,,,,none
CO,D,Hillary Clinton,,,,,,none
MD,D,Elijah Cummings,Elijah Cummings,4,U.S. House,1996,,linked
MD,D,Elijah Cummings,Elijah Cummings,3,State legislature,1983,1996,linked
MD,D,Elijah Cummings,Elijah Cummings,1,Chair of the House Oversight Committee,2019,2019,linked
NH,R,Robert Burns,,,,,,none
FL,D,Jennifer Zimmerman,,,,,,none
IL,R,John Morrow,,,,,,none
VA,D,Nicholas Betts,,,,,,none
PA,D,Mike Marsicano,,,,,,none
VT,D,Hillary Clinton,,,,,,none
NJ,R,Paul DeGroot,,,,,,none
AZ,D,Mikel Weisser,,,,,,none
FL,D,Robert Asencio,Robert Asencio,3,State legislature,2016,2018,linked
CA,D,Brett Murdock,,,,,,none
MD,D,Angela Alsobrooks,Angela Alsobrooks,2,8th Executive of Prince George's County,2018,2024,linked
MD,D,Angela Alsobrooks,Angela Alsobrooks,2,State's Attorney of Prince George's County,2011,2018,linked
MD,D,Angela Alsobrooks,Angela Alsobrooks,5,Alsobrooks' voice,2025,,linked
MS,R,Cindy Hyde-Smith,Cindy Hyde-Smith,4,7th Agriculture Commissioner of Mississippi,2012,2018,linked
MS,R,Cindy Hyde-Smith,Cindy Hyde-Smith,3,State legislature,2000,2012,linked
MS,R,Cindy Hyde-Smith,Cindy Hyde-Smith,5,United States Senator,2018,,linked
NV,D,Clint Koble,,,,,,none
UT,D,Darren Parry,,,,,,none
OH,D,Michael Wager,Michael Wager (politician),0,,,,linked
CO,D,Karen McCormick,Karen McCormick,3,State legislature,2021,,linked
CT,R,Clay Cope,,,,,,none
IN,D,Christina Hale,Christina Hale,3,State legislature,2012,2016,linked
IL,R,Joseph Severino,,,,,,none
PA,D,Christina Hartman,,,,,,none
NJ,D,LaMonica McIver,LaMonica McIver,2,President of the Newark Municipal Council,2022,2024,linked
NJ,D,LaMonica McIver,LaMonica McIver,2,Member of the Newark Municipal Council from the Central Ward,2018,2024,linked
NJ,D,LaMonica McIver,LaMonica McIver,4,U.S. House,2024,,linked
HI,D,Kamala Harris,,,,,,none
IN,D,Paul Steury,,,,,,none
FL,D,Mary Barzee Flores,Mary Barzee Flores,2,Judge of the Eleventh Judicial Circuit Court of Florida,2003,2011,linked
OH,D,Quentin Potter,,,,,,none
GA,D,Jim Barksdale,,,,,,none
IL,D,Lisa Haderlein,,,,,,none
UT,D,Charlene Albarran,,,,,,none
WA,D,Pramila Jayapal,Pramila Jayapal,4,U.S. House,2017,,linked
WA,D,Pramila Jayapal,Pramila Jayapal,3,State legislature,2015,2016,linked
WA,D,Pramila Jayapal,Pramila Jayapal,1,Chair of the Congressional Progressive Caucus,2019,2025,linked
WI,D,Amanda Stuck,Amanda Stuck,3,State legislature,2015,2021,linked
FL,D,Joey Atkins,,,,,,none
OH,R,Jim Renacci,Jim Renacci,2,Mayor of Wadsworth,2004,2008,linked
OH,R,Jim Renacci,Jim Renacci,4,U.S. House,2011,2019,linked
PA,R,Christian Nascimento,,,,,,none
CA,R,Matt Brock,,,,,,none
TX,D,Joseph Kopser,,,,,,none
PA,R,Scott Wagner,Scott Wagner,3,State legislature,2014,2018,linked
TX,R,Phillip Aronoff,,,,,,none
OH,D,Joel Newby,,,,,,none
CA,D,Gilbert Ray Cisneros,Gil Cisneros,1,10th Under Secretary of Defense for Personnel and Readiness,2021,2023,linked
HI,R,Steve Bond,,,,,,none
OK,D,Christina Owen,,,,,,none
CO,D,Ed Perlmutter,Ed Perlmutter,3,State legislature,1995,2003,linked
CO,D,Ed Perlmutter,Ed Perlmutter,4,U.S. House,2007,2023,linked
WI,R,Tony Wied,Tony Wied,4,U.S. House,2024,,linked
NM,R,Alexis Martinez Johnson,,,,,,none
NH,R,Corky Messner,,,,,,none
NY,D,Francis Conole,,,,,,none
CA,D,Ron Varasteh,,,,,,none
GA,R,David Perdue,David Perdue,5,United States Senator,2015,2021,linked
GA,R,David Perdue,David Perdue,1,14th United States Ambassador to China,2025,,linked
NM,D,Debra Haaland,Deb Haaland,1,54th United States Secretary of the Interior,2021,2025,linked
NM,D,Debra Haaland,Deb Haaland,4,U.S. House,2019,2021,linked
NM,D,Debra Haaland,Deb Haaland,1,Chair of the New Mexico Democratic Party,2015,2017,linked
AK,D,Les Gara,Les Gara,3,State legislature,2003,2019,linked
VA,D,Kai Degner,,,,,,none
CA,D,Kevin Mullin,Kevin Mullin,3,Speaker pro tempore of the California State Assembly,2014,2022,linked
CA,D,Kevin Mullin,Kevin Mullin,3,State legislature,2012,2022,linked
CA,D,Kevin Mullin,Kevin Mullin,4,U.S. House,2023,,linked
FL,R,Nicolas Kimaz,,,,,,none
MI,R,Tudor Dixon,Tudor Dixon,0,,,,linked
NV,R,Mary Perry,,,,,,none
FL,D,Lucia Baez-Geller,,,,,,none
NJ,R,David Richter,,,,,,none
SC,R,Lindsey Graham,Lindsey Graham,1,Chair of the Senate Budget Committee,2025,2026,linked
SC,R,Lindsey Graham,Lindsey Graham,1,Ranking Member of the Senate Judiciary Committee,2023,2025,linked
SC,R,Lindsey Graham,Lindsey Graham,1,Ranking Member of the Senate Budget Committee,2021,2023,linked
SC,R,Lindsey Graham,Lindsey Graham,1,Chair of the Senate Judiciary Committee,2019,2021,linked
SC,R,Lindsey Graham,Lindsey Graham,4,U.S. House,1995,2003,linked
SC,R,Lindsey Graham,Lindsey Graham,3,State legislature,1992,1994,linked
SC,R,Lindsey Graham,Lindsey Graham,5,Graham's voice,2003,2026,linked
MO,R,Eric Schmitt,Eric Schmitt,1,Vice Chair of the Joint Economic Committee,2025,,linked
MO,R,Eric Schmitt,Eric Schmitt,4,43rd Attorney General of Missouri,2019,2023,linked
MO,R,Eric Schmitt,Eric Schmitt,4,46th Treasurer of Missouri,2017,2019,linked
MO,R,Eric Schmitt,Eric Schmitt,3,State legislature,2009,2017,linked
MO,R,Eric Schmitt,Eric Schmitt,5,Schmitt's voice,2023,,linked
WV,R,Carol Miller,Carol Miller (politician),3,Member of the West Virginia House of Delegates,2006,2018,linked
TX,D,William Matta,,,,,,none
WA,D,Doug White,,,,,,none
OH,D,Ted Strickland,Ted Strickland,4,U.S. House,1997,2007,linked
OH,D,Ted Strickland,Ted Strickland,1,Strickland's voice,2007,2011,linked
CA,D,Tatiana Matta,,,,,,none
CA,R,Brian Hawkins,,,,,,none
AZ,R,Paul Babeu,Paul Babeu,2,Sheriff of Pinal County,2009,2017,linked
KY,D,Nancy Jo Kemper,,,,,,none
NY,R,Miriam Levitt Flisser,,,,,,none
IN,D,Woody Myers,Woody Myers,1,Health Commissioner of Indiana,1985,1990,linked
IN,D,Woody Myers,Woody Myers,2,Health Commissioner of New York City,1990,1991,linked
OR,D,Tina Kotek,Tina Kotek,3,67th Speaker of the Oregon House of Representatives,2013,2022,linked
OR,D,Tina Kotek,Tina Kotek,3,Majority Leader of the Oregon House of Representatives,2011,2013,linked
OR,D,Tina Kotek,Tina Kotek,3,Speaker pro tempore of the Oregon House of Representatives,2011,2011,linked
OR,D,Tina Kotek,Tina Kotek,3,State legislature,2007,2022,linked
OR,D,Tina Kotek,Tina Kotek,5,39th Governor of Oregon,2023,,linked
FL,D,Shante Munns,,,,,,none
CA,R,Carlos Santamaria,,,,,,none
AZ,D,Anita Malik,,,,,,none
WA,D,Carmela Conroy,Carmela Conroy,0,,,,linked
TX,R,Jaimy Blanco,,,,,,none
HI,R,Cam Cavasso,Campbell Cavasso,3,State legislature,1985,1991,linked
NE,D,Brad Ashford,Brad Ashford,3,Member of the Nebraska Legislature,2007,2015,linked
NE,D,Brad Ashford,Brad Ashford,4,U.S. House,2015,2017,linked
VT,D,Patrick Leahy,Patrick Leahy,5,Dean of the United States Senate,1975,2023,linked
VT,D,Patrick Leahy,Patrick Leahy,1,Chairman of the Senate Appropriations Committee,2021,2023,linked
VT,D,Patrick Leahy,Patrick Leahy,2,"State's Attorney of Chittenden County, Vermont",1966,1975,linked
VT,D,Patrick Leahy,Patrick Leahy,1,Chairman of the Senate Judiciary Committee,2007,2015,linked
VT,D,Patrick Leahy,Patrick Leahy,1,Ranking Member of the Senate Judiciary Committee,2015,2017,linked
VT,D,Patrick Leahy,Patrick Leahy,1,Chair of the Senate Agriculture Committee,1987,1995,linked
VT,D,Patrick Leahy,Patrick Leahy,1,Ranking Member of the Senate Agriculture Committee,1995,1997,linked
NY,D,Richard Reichard,,,,,,none
NJ,R,John Muniz,,,,,,none
AZ,R,Eli Crane,Eli Crane,4,U.S. House,2023,,linked
SC,D,Arik Bjorn,,,,,,none
CA,R,James Waters,,,,,,none
KY,D,Calvin Sidle,,,,,,none
CA,R,Lucie Lapointe Volotzky,,,,,,none
IA,D,Jim Mowrer,,,,,,none
CA,R,Max Semenenko,,,,,,none
AZ,D,David Brill,,,,,,none
KS,D,Britani Potter,,,,,,none
HI,R,Brian Evans,,,,,,none
MI,D,Bryan Berghoef,,,,,,none
PA,R,Mehmet Oz,Mehmet Oz,2,"Co-chairman of the President's Council on Sports, Fitness, and Nutrition",2018,2022,linked
PA,R,Mehmet Oz,Mehmet Oz,1,17th Administrator of the Centers for Medicare and Medicaid Services,2025,,linked
OK,D,Kojo Asamoa-Caesar,,,,,,none
FL,R,Lavern Spicer,,,,,,none
NY,R,Gregg Sadwick,,,,,,none
CO,R,Jennifer Qualteri,,,,,,none
UT,D,Rick Edwin Jones,,,,,,none
OH,D,Nan Whaley,Nan Whaley,2,56th Mayor of Dayton,2014,2022,linked
MA,R,Helen Brady,,,,,,none
MN,R,Royce White,Royce White,0,,,,linked
AL,D,David Putman,,,,,,none
NY,R,Maureen McArdle Schulman,,,,,,none
SC,D,Brandon Brown,,,,,,none
TX,D,Lupe Valdez,Lupe Valdez,2,Dallas County Sheriff,2005,2017,linked
CA,R,Doug Shepherd,,,,,,none
KY,R,Mitch McConnell,Mitch McConnell,3,Senate Majority Leader,2015,2021,linked
KY,R,Mitch McConnell,Mitch McConnell,3,Senate Minority Leader,2021,2025,linked
KY,R,Mitch McConnell,Mitch McConnell,3,Leader of the Senate Republican Conference,2007,2025,linked
KY,R,Mitch McConnell,Mitch McConnell,3,Senate Majority Whip,2003,2007,linked
KY,R,Mitch McConnell,Mitch McConnell,5,United States Senator,1985,,linked
KY,R,Mitch McConnell,Mitch McConnell,2,Judge/Executive of Jefferson County,1978,1985,linked
KY,R,Mitch McConnell,Mitch McConnell,1,Acting United States Assistant Attorney General for the Office of Legislative Affairs,1975,1975,linked
KY,R,Mitch McConnell,Mitch McConnell,1,Chair of the Senate Rules Committee,2025,,linked
IN,D,Andy Ruff,,,,,,none
IL,R,Max Rice,,,,,,none
PA,R,Matt Connolly,,,,,,none
CA,R,Tyler Geffeney,,,,,,none
TX,R,Robert Schafranek,,,,,,none
NY,D,Zephyr Teachout,Zephyr Teachout,0,,,,linked
MN,D,Tawnja Zahradka,,,,,,none
MT,R,Tim Sheehy,Tim Sheehy,5,United States Senator,2025,,linked
OH,D,Alaina Shearer,,,,,,none
VA,D,Eileen Bedell,,,,,,none
OH,D,Hillary O'Connor Mueri,,,,,,none
FL,R,David Jolly,David Jolly,4,U.S. House,2014,,linked
NY,D,Steven Holden,,,,,,none
SD,D,Sheryl Johnson,,,,,,none
CA,D,Asif Mahmood,,,,,,none
NM,R,Michael Romero,,,,,,none
PA,D,George Scott,,,,,,none
NM,R,Richard Gregory Priem,,,,,,none
MO,D,Wm. Lacy Clay,Lacy Clay,3,State legislature,1991,2001,linked
MO,D,Wm. Lacy Clay,Lacy Clay,3,State legislature,1983,1991,linked
MO,D,Wm. Lacy Clay,Lacy Clay,4,U.S. House,2001,2021,linked
PA,R,John Chrin,,,,,,none
GA,R,Greg Duke,,,,,,none
SD,D,Jay Williams,,,,,,none
FL,D,Robert Matthew Tager,,,,,,none
SC,D,Dimitri Cherny,,,,,,none
OH,D,Nick Rubando,,,,,,none
MN,R,Joe Teirab,,,,,,none
MI,R,John Gibbs,John Gibbs (government official),1,"Administrator of Ottawa County, Michigan",2023,2024,linked
MI,R,John Gibbs,John Gibbs (government official),1,Assistant Secretary of Housing and Urban Development for Community Planning and Development,2020,2021,linked
TX,D,Eric Holguin,,,,,,none
NJ,R,Seth Grossman,,,,,,none
TX,R,Kyle Sinclair,,,,,,none
GA,D,John Lewis,John Lewis,4,U.S. House,1987,2020,linked
GA,D,John Lewis,John Lewis,2,Member of the Atlanta City Council from at-large post 18,1982,1985,linked
GA,D,John Lewis,John Lewis,1,3rd Chairman of the Student Nonviolent Coordinating Committee,1963,1966,linked
GA,D,John Lewis,John Lewis,1,House Democratic Senior Chief Deputy Whip,2003,2020,linked
OK,D,Mike Workman,,,,,,none
ME,R,Demi Kouzounas,,,,,,none
NY,D,DuWayne Gregory,,,,,,none
MI,D,Cathy Albro,,,,,,none
IL,D,Raymond Lenzi,,,,,,none
NC,D,Bruce Davis,,,,,,none
TX,D,Catherine Krantz,,,,,,none
NJ,R,Jay Webber,Jay Webber,1,Chairman of the New Jersey Republican State Committee,2009,2011,linked
NJ,R,Jay Webber,Jay Webber,3,State legislature,2008,,linked
TX,D,Tawana Cadien,,,,,,none
NM,R,Jerald Steve McFall,,,,,,none
MI,D,Jon Hoadley,Jon Hoadley,3,State legislature,2015,2021,linked
MI,R,Whittney Williams,,,,,,none
OH,D,James Neu,,,,,,none
KY,D,Geoff Young,Geoff Young,0,,,,linked
NM,D,Merrie Lee Soules,,,,,,none
SC,D,Chris Fedalei,,,,,,none
PA,R,James Jones,,,,,,none
UT,D,Mike Weinholtz,,,,,,none
NV,R,Danny Tarkanian,Danny Tarkanian,2,Member of the Douglas County Commission from the 1st district,2021,,linked
MI,R,Christopher Morse,,,,,,none
ID,R,Raúl Labrador,Raúl Labrador,4,33rd Attorney General of Idaho,2023,,linked
ID,R,Raúl Labrador,Raúl Labrador,1,Chair of the Idaho Republican Party,2019,2020,linked
ID,R,Raúl Labrador,Raúl Labrador,4,U.S. House,2011,2019,linked
ID,R,Raúl Labrador,Raúl Labrador,4,Member of the Idaho House of Representatives from the 14th district Seat B,2006,2010,linked
IL,R,Jesus Solorio,,,,,,none
KS,D,Patrick Wiesner,,,,,,none
TX,D,Dan Wood,,,,,,none
OH,D,Steven Fought,,,,,,none
FL,D,LJ Holloway,,,,,,none
MN,R,Jim Newberger,Jim Newberger,3,State legislature,2013,2019,linked
TX,R,Julio Garza,,,,,,none
AL,R,Martha Roby,Martha Roby,4,U.S. House,2011,2021,linked
AR,D,Dianne Curry,,,,,,none
MI,D,Dennis Murphy,,,,,,none
NY,D,Andrew Cuomo,Andrew Cuomo,1,Chair of the National Governors Association,2020,2021,linked
NY,D,Andrew Cuomo,Andrew Cuomo,4,64th Attorney General of New York,2007,2010,linked
NY,D,Andrew Cuomo,Andrew Cuomo,1,11th United States Secretary of Housing and Urban Development,1997,2001,linked
NY,D,Andrew Cuomo,Andrew Cuomo,1,Assistant Secretary of Housing and Urban Development for Community Planning and Development,1993,1997,linked
MI,D,Dana Ferguson,,,,,,none
TX,D,Jennie Lou Leeder,,,,,,none
WI,D,Beau Liegeois,,,,,,none
UT,D,James Courage Singer,,,,,,none
FL,R,Thomas Rooney,Tom Rooney (Florida politician),0,,,,linked
MI,D,Anil Kumar,,,,,,none
LA,D,DAW Williams,,,,,,none
PA,D,Steve Santarsiero,Steve Santarsiero,3,State legislature,2009,2016,linked
PA,D,Steve Santarsiero,Steve Santarsiero,3,State legislature,2019,,linked
GA,D,Angela Pendley,,,,,,none
NC,R,Pat McCrory,Pat McCrory,2,53rd Mayor of Charlotte,1995,2009,linked
GA,D,Josh McCall,,,,,,none
TX,R,Cassy Garcia,,,,,,none
WV,R,Alexander Mooney,Alex Mooney,1,Chair of the Maryland Republican Party,2010,2013,linked
WV,R,Alexander Mooney,Alex Mooney,3,State legislature,1999,2011,linked
WV,R,Alexander Mooney,Alex Mooney,4,U.S. House,2015,2025,linked
TX,D,Limon,,,,,,none
FL,D,Ges Selmont,,,,,,none
MI,R,Travis Wines,,,,,,none
CA,R,Danny Turner,,,,,,none
UT,D,Devin Thorpe,,,,,,none
VA,D,Qasim Rashid,Qasim Rashid,0,,,,linked
SD,R,Kristi Noem,Kristi Noem,1,8th United States Secretary of Homeland Security,2025,2026,linked
SD,R,Kristi Noem,Kristi Noem,4,U.S. House,2011,2019,linked
SD,R,Kristi Noem,Kristi Noem,3,State legislature,2007,2011,linked
SD,R,Kristi Noem,Kristi Noem,1,United States Special Envoy for the Shield of the Americas,2026,,linked
TX,D,Lorie Burch,,,,,,none
NY,D,Jamaal Bowman,Jamaal Bowman,4,Bowman's voice,2021,2025,linked
FL,D,Christine Alexandria Olivo,,,,,,none
CA,R,Angel Cardenas,,,,,,none
TX,D,Candace Valenzuela,Candace Valenzuela,1,Regional Administrator for the United States Department of Housing and Urban Development,2022,,linked
PA,D,Christina Finello,,,,,,none
CA,D,Louie Campos,,,,,,none
TX,D,Greg Sagan,,,,,,none
IN,D,Dee Thornton,,,,,,none
WA,D,Dave Wilson,,,,,,none
TX,D,Sima Ladjevardian,,,,,,none
WA,D,Jay Inslee,Jay Inslee,3,State legislature,1989,1993,linked
MA,R,Ann Wofford,,,,,,none
IL,D,Dani Brzozowski,,,,,,none
SC,R,Laura Sterling,,,,,,none
MD,D,John Delaney,John Delaney (Maryland politician),4,U.S. House,2013,2019,linked
NJ,D,David Cole,,,,,,none
CO,R,Heidi Ganahl,Heidi Ganahl,4,Member of the University of Colorado Board of Regents from the at-large district,2017,2023,linked
MI,R,Candius Stearns,,,,,,none
TX,D,Bill Bradshaw,,,,,,none
FL,R,Carlos Curbelo,Carlos Curbelo,2,Member of the Miami-Dade County Public Schools Board from the 7th district,2010,2015,linked
FL,R,Carlos Curbelo,Carlos Curbelo,4,U.S. House,2015,2019,linked
TX,R,Dan McQueen,,,,,,none
KS,R,Steve Watkins,Steve Watkins,4,U.S. House,2019,2021,linked
TX,R,Jeff Martin,,,,,,none
TN,R,Wayne Alberson,,,,,,none
TN,D,Rickey Hobson,,,,,,none
CA,D,Wendy Reed,,,,,,none
PA,R,Lenny McAllister,Lenny McAllister,0,,,,linked
MI,D,Suzanna Shkreli,,,,,,none
NC,D,John McNeil,,,,,,none
CA,R,Lenore Solis,,,,,,none
IN,R,Mark Leyva,,,,,,none
MA,R,William Burke,,,,,,none
TX,D,Jana Lynne Sanchez,,,,,,none
CA,D,Gavin Newsom,Gavin Newsom,4,49th Lieutenant Governor of California,2011,2019,linked
CA,D,Gavin Newsom,Gavin Newsom,2,42nd Mayor of San Francisco,2004,2011,linked
CA,D,Gavin Newsom,Gavin Newsom,2,Member of the San Francisco Board of Supervisors,1997,2004,linked
VT,D,Christine Hallquist,Christine Hallquist,0,,,,linked
MS,R,John Bouie,,,,,,none
OH,D,Michele Young,,,,,,none
FL,D,Corinna Balderramos Robinson,,,,,,none
OR,D,Alex Spenser,,,,,,none
CT,R,Dan Carter,Dan E. Carter,3,State legislature,2011,2017,linked
OH,D,Jaime Castle,,,,,,none
MN,D,Ilhan Omar,Ilhan Omar,3,State legislature,2017,2019,linked
MN,D,Ilhan Omar,Ilhan Omar,4,U.S. House,2019,,linked
NJ,R,Eric Fisher,,,,,,none
NY,R,Alison Esposito,Alison Esposito,0,,,,linked
HI,R,Conrad Kress,,,,,,none
NY,D,Louise McIntosh Slaughter,Louise Slaughter,3,State legislature,1983,1986,linked
NY,D,Louise McIntosh Slaughter,Louise Slaughter,1,Chair of the House Rules Committee,2007,2011,linked
ND,D,Chase Iron Eyes,Chase Iron Eyes,0,,,,linked
CA,R,Tom Patti,Tom Patti,0,,,,linked
PA,D,Joshua Burkholder,,,,,,none
NJ,D,Bob Menendez,Bob Menendez,1,Chair of the Senate Foreign Relations Committee,2021,2023,linked
NJ,D,Bob Menendez,Bob Menendez,1,Ranking Member of the Senate Foreign Relations Committee,2018,2021,linked
NJ,D,Bob Menendez,Bob Menendez,1,Chair of the Democratic Senatorial Campaign Committee,2009,2011,linked
NJ,D,Bob Menendez,Bob Menendez,1,Chair of the House Democratic Caucus,2003,2006,linked
NJ,D,Bob Menendez,Bob Menendez,1,Vice Chair of the House Democratic Caucus,1999,2003,linked
NJ,D,Bob Menendez,Bob Menendez,4,U.S. House,1993,2006,linked
NJ,D,Bob Menendez,Bob Menendez,3,State legislature,1991,1993,linked
NJ,D,Bob Menendez,Bob Menendez,3,State legislature,1988,1991,linked
NJ,D,Bob Menendez,Bob Menendez,2,Mayor of Union City,1986,1992,linked
NJ,D,Bob Menendez,Bob Menendez,5,Menendez's voice,2006,2024,linked
NY,R,David Gurfein,David Gurfein,0,,,,linked
GA,D,Kevin Van Ausdal,,,,,,none
NY,D,Kathy Hochul,Kathy Hochul,4,Lieutenant Governor of New York,2015,2021,linked
NY,D,Kathy Hochul,Kathy Hochul,4,U.S. House,2011,,linked
NY,D,Kathy Hochul,Kathy Hochul,2,8th Clerk of Erie County,2007,2011,linked
NY,D,Kathy Hochul,Kathy Hochul,1,Member of the Hamburg Town Board,1994,2007,linked
AZ,D,David Garcia,David Garcia (politician),0,,,,linked
GA,D,Steven Lamar Foster,,,,,,none
AK,D,Patricia Chesbro,,,,,,none
PA,D,Rick Daugherty,,,,,,none
NH,D,Joyce Craig,Joyce Craig,2,56th Mayor of Manchester,2018,2024,linked
TX,D,Ruby Faye Woolridge,,,,,,none
OH,D,William Smith,,,,,,none
UT,D,Jenny Wilson,Jenny Wilson (politician),2,Member of the Salt Lake County Council At-Large,2015,2019,linked
UT,D,Jenny Wilson,Jenny Wilson (politician),2,Mayor of Salt Lake County,2019,,linked
NJ,R,Scott Garrett,Scott Garrett,3,State legislature,1990,2003,linked
NJ,R,Scott Garrett,Scott Garrett,4,U.S. House,2003,2017,linked
MN,R,Stewart Mills,,,,,,none
IL,R,Bill Fawell,,,,,,none
UT,D,Peter Clemens,,,,,,none
CA,R,Sue Caro,,,,,,none
TN,R,Stacy Ries Snyder,,,,,,none
NY,R,Robert Evans,,,,,,none
NY,R,Lutchi Gayot,,,,,,none
OR,D,Kate Brown,Kate Brown,4,24th Secretary of State of Oregon,2009,2015,linked
OR,D,Kate Brown,Kate Brown,3,State legislature,1997,2009,linked
OR,D,Kate Brown,Kate Brown,3,State legislature,1991,1997,linked
OR,D,Kate Brown,Kate Brown,5,38th Governor of Oregon,2015,2023,linked
VA,D,Matt Rowe,,,,,,none
MA,R,David Rosa,,,,,,none
OH,D,Scott Wharton,,,,,,none
IA,R,Steve King,Steve King,3,State legislature,1997,2003,linked
AZ,D,Talia Fuentes,,,,,,none
TN,D,Tharon Chandler,,,,,,none
MO,R,Eric Greitens,Eric Greitens,0,,,,linked
OK,D,Al McAffrey,Al McAffrey,3,State legislature,2006,2012,linked
OK,D,Al McAffrey,Al McAffrey,3,State legislature,2012,2015,linked
GA,D,Don Wilson,,,,,,none
KY,R,Rand Paul,Rand Paul,1,Chair of the Senate Homeland Security Committee,2025,,linked
KY,R,Rand Paul,Rand Paul,1,Ranking Member of the Senate Homeland Security Committee,2023,2025,linked
KY,R,Rand Paul,Rand Paul,1,Ranking Member of the Senate Small Business Committee,2021,2023,linked
KY,R,Rand Paul,Rand Paul,5,Paul's voice,2011,,linked
UT,D,Chris Peterson,Christopher Peterson (law professor),0,,,,linked
IL,D,Jim Walz,,,,,,none
NJ,D,Lorna Phillipson,,,,,,none
CA,D,Emilio Huerta,,,,,,none
FL,R,Thuy Lowe,,,,,,none
HI,R,John Carroll,John Carroll (Hawaii politician),3,Member of the Hawaii House of Representatives,1971,1979,linked
HI,R,John Carroll,John Carroll (Hawaii politician),3,Member of the Hawaii Senate from the 6th District,1979,1981,linked
TX,D,Tom Wakely,,,,,,none
TX,D,Mike Clark,,,,,,none
CO,D,Bob Seay,,,,,,none
TX,D,Eric Mauck,,,,,,none
IA,D,Patty Judge,Patty Judge,4,13th Secretary of Agriculture of Iowa,1999,2007,linked
IA,D,Patty Judge,Patty Judge,3,State legislature,1993,1999,linked
IA,D,Patty Judge,Patty Judge,4,45th Lieutenant Governor of Iowa,2007,2011,linked
MA,D,Elizabeth Warren,Elizabeth Warren,1,Ranking Member of the Senate Banking Committee,2025,,linked
MA,D,Elizabeth Warren,Elizabeth Warren,1,Vice Chair of the Senate Democratic Caucus,2017,,linked
MA,D,Elizabeth Warren,Elizabeth Warren,1,Special Advisor for the Consumer Financial Protection Bureau,2010,2011,linked
MA,D,Elizabeth Warren,Elizabeth Warren,1,Chair of the Congressional Oversight Panel,2008,2010,linked
MA,D,Elizabeth Warren,Elizabeth Warren,5,Warren's voice,2013,,linked
NJ,D,Peter Jacob,,,,,,none
TX,R,Sandra Whitten,,,,,,none
IL,R,Mark Wayne Lorch,,,,,,none
NY,R,Patrick Delices,,,,,,none
TX,D,Mark Gibson,,,,,,none
AK,D,Ray Metcalfe,Ray Metcalfe,3,State legislature,1979,1983,linked
TN,D,Stuart Starr,,,,,,none
MN,D,Keith Ellison,Keith Ellison,1,Deputy Chair of the Democratic National Committee,2017,2018,linked
MN,D,Keith Ellison,Keith Ellison,1,Chair of the Congressional Progressive Caucus,2011,2017,linked
MN,D,Keith Ellison,Keith Ellison,4,U.S. House,2007,2019,linked
MN,D,Keith Ellison,Keith Ellison,3,State legislature,2003,2007,linked
MN,D,Keith Ellison,Keith Ellison,4,30th Attorney General of Minnesota,2019,,linked
KS,R,Kris Kobach,Kris Kobach,4,31st Secretary of State of Kansas,2011,2019,linked
KS,R,Kris Kobach,Kris Kobach,1,64th Chair of the Kansas Republican Party,2007,2009,linked
KS,R,Kris Kobach,Kris Kobach,4,45th Attorney General of Kansas,2023,,linked
WV,R,Patrick Morrisey,Patrick Morrisey,4,34th Attorney General of West Virginia,2013,2025,linked
WV,R,Patrick Morrisey,Patrick Morrisey,1,Morrisey's voice,2025,,linked
FL,R,Andrea Leigh McGee,,,,,,none
NJ,D,Frederick John Lavergne,,,,,,none
RI,R,Rhue Reis,,,,,,none
OH,R,Donald Larson,,,,,,none
ME,D,Sara Gideon,Sara Gideon,3,State legislature,2012,2020,linked
ME,D,Sara Gideon,Sara Gideon,3,102nd Speaker of the Maine House of Representatives,2016,2020,linked
UT,D,Lee Castillo,,,,,,none
RI,D,Gina Raimondo,Gina Raimondo,4,30th Treasurer of Rhode Island,2011,2015,linked
RI,D,Gina Raimondo,Gina Raimondo,1,40th United States Secretary of Commerce,2021,2025,linked
UT,D,Stephen Tryon,,,,,,none
VA,D,LuAnn Bennett,,,,,,none
NE,D,Chris Janicek,,,,,,none
TX,R,Rick Seeberger,,,,,,none
TX,D,Todd Litton,,,,,,none
CT,R,Daria Novak,,,,,,none
CO,D,Misty Plowright,Misty Plowright,0,,,,linked
HI,D,David Ige,David Ige,3,Member of the Hawaii Senate,1994,2014,linked
HI,D,David Ige,David Ige,3,Member of the Hawaii House of Representatives,1985,1994,linked
PA,D,Mike Parrish,,,,,,none
CA,R,Omar Qudrat,,,,,,none
IL,D,Mark Wicklund,,,,,,none
OH,R,Majewski,,,,,,none
CA,D,Patrick Malloy,,,,,,none
NJ,R,Brent Sonnek-Schmelz,,,,,,none
WI,R,Steve Toft,,,,,,none
MD,D,Joe Werner,,,,,,none
MI,D,Douglas Smith,,,,,,none
HI,R,Shirl Ostrov,,,,,,none
NY,D,Dana Balter,,,,,,none
MO,D,Bill Otto,Bill Otto (Missouri politician),3,State legislature,2013,2017,linked
TX,R,Tim Westley,,,,,,none
WA,D,Jim Moeller,Jim Moeller,3,State legislature,2003,2017,linked
WA,D,Jim Moeller,Jim Moeller,3,Speaker pro tempore of the Washington House of Representatives,2011,2017,linked
FL,R,Paul Spain,,,,,,none
NJ,D,Joseph Wenzel,,,,,,none
TX,D,Adam Bell,,,,,,none
IL,R,Patrick Harlan,,,,,,none
TN,R,Jody Ball,,,,,,none
FL,D,David Bruderly,,,,,,none
WI,D,Khary Penebaker,Khary Penebaker,0,,,,linked
CA,R,Tyler Fischella,,,,,,none
MS,R,Tate Reeves,Tate Reeves,4,32nd Lieutenant Governor of Mississippi,2012,2020,linked
MS,R,Tate Reeves,Tate Reeves,4,53rd Treasurer of Mississippi,2004,2012,linked
NY,R,Michael O'Reilly,,,,,,none
OH,D,Robert Klepinger,,,,,,none
PA,R,Doug Mastriano,Doug Mastriano,3,State legislature,2019,,linked
AK,R,Sarah Palin,Sarah Palin,1,Chair of the Alaska Oil and Gas Conservation Commission,2003,2004,linked
AK,R,Sarah Palin,Sarah Palin,2,Mayor of Wasilla,1996,2002,linked
AK,R,Sarah Palin,Sarah Palin,2,Member of the Wasilla City Council from Ward E,1992,1996,linked
AZ,D,John Williamson,,,,,,none
MI,D,Paul Clements,,,,,,none
IN,D,Tommy Schrader,,,,,,none
NY,R,Shelly Schratz,,,,,,none
MO,R,Roy Blunt,Roy Blunt,1,Chair of the Senate Republican Policy Committee,2019,2023,linked
MO,R,Roy Blunt,Roy Blunt,1,Ranking Member of the Senate Rules Committee,2021,2023,linked
MO,R,Roy Blunt,Roy Blunt,1,Chair of the Senate Rules Committee,2018,2021,linked
MO,R,Roy Blunt,Roy Blunt,4,U.S. House,1997,2011,linked
MO,R,Roy Blunt,Roy Blunt,1,House Minority Whip,2007,2009,linked
MO,R,Roy Blunt,Roy Blunt,1,Acting House Majority Leader,2005,2006,linked
MO,R,Roy Blunt,Roy Blunt,1,House Majority Whip,2003,2007,linked
MO,R,Roy Blunt,Roy Blunt,1,House Republican Chief Deputy Whip,1999,2003,linked
MO,R,Roy Blunt,Roy Blunt,1,23rd President of Southwest Baptist University,1992,1996,linked
MO,R,Roy Blunt,Roy Blunt,4,33rd Secretary of State of Missouri,1985,1993,linked
MO,R,Roy Blunt,Roy Blunt,5,United States Senator,2011,2023,linked
OK,R,Kevin Stitt,Kevin Stitt,1,Chair of the National Governors Association,2025,2026,linked
PA,D,Mary Ellen Balchunis,,,,,,none
UT,D,Misty Snow,Misty Snow,0,,,,linked
PA,R,Bill Shuster,Bill Shuster,4,U.S. House,2001,,linked
PA,R,Bill Shuster,Bill Shuster,1,Chair of the House Transportation Committee,2013,2019,linked
AZ,D,Matt Heinz,Matt Heinz,3,State legislature,2009,2013,linked
AZ,D,Matt Heinz,Matt Heinz,2,Pima County Supervisor,2020,,linked
NE,D,Daniel Wik,,,,,,none
CA,R,Jeff Stone,Jeff Stone (California and Nevada politician),3,State legislature,2022,,linked
CA,R,Jeff Stone,Jeff Stone (California and Nevada politician),1,Western Regional Director of the U.S. Department of Labor,2019,2021,linked
CA,R,Jeff Stone,Jeff Stone (California and Nevada politician),3,State legislature,2014,2019,linked
CA,R,Jeff Stone,Jeff Stone (California and Nevada politician),2,Member of the Riverside County Board of Supervisors from the 3rd District,2004,2014,linked
NC,R,Mark Robinson,Mark Robinson (American politician),4,35th Lieutenant Governor of North Carolina,2021,2025,linked
KS,D,Jay Sidie,,,,,,none
NY,D,Mike Derrick,,,,,,none
IN,D,Angela Demaree,,,,,,none
NJ,R,Marcos Arroyo,,,,,,none
WI,D,Ryan Solen,,,,,,none
CA,D,Lucille Roybal-Allard,Lucille Roybal-Allard,3,State legislature,1987,1992,linked
LA,R,Eddie Rispone,Eddie Rispone,0,,,,linked
CA,D,Suzanne Savary,,,,,,none
CO,D,Morgan Carroll,Morgan Carroll,3,President of the Colorado Senate,2013,2015,linked
CO,D,Morgan Carroll,Morgan Carroll,3,State legislature,2009,2017,linked
CO,D,Morgan Carroll,Morgan Carroll,3,State legislature,2005,2009,linked
CO,D,Morgan Carroll,Morgan Carroll,1,Chair of the Colorado Democratic Party,2017,2023,linked
NY,R,Allan Romaguera,,,,,,none
WA,D,Tony Ventrella,,,,,,none
MI,R,Al Hardwick,,,,,,none
ND,D,Marvin Nelson,Marvin Nelson,3,State legislature,2010,2022,linked
MN,R,Dave Hughes,,,,,,none
IL,D,Amanda Howland,,,,,,none
NJ,R,Hector Castillo,,,,,,none
GA,D,Rashid Malik,,,,,,none
TX,D,Pat Bryan,,,,,,none
KY,R,Daniel Cameron,Daniel Cameron (American politician),4,51st Attorney General of Kentucky,2019,2024,linked
IL,D,Brad Schneider,Brad Schneider,4,U.S. House,2017,,linked
IL,D,Brad Schneider,Brad Schneider,1,Chair of the New Democrat Coalition,2025,,linked
NY,R,Wendy Long,Wendy Long,0,,,,linked
OR,D,Jim Crary,,,,,,none
KY,R,Matt Bevin,Matt Bevin,0,,,,linked
ND,D,Eliot Glassheim,Eliot Glassheim,3,State legislature,1993,2017,linked
NY,D,Colleen Deacon,,,,,,none
NY,R,Anthony Pappas,,,,,,none
VA,D,Shaun Brown,,,,,,none
CA,D,Sam Liccardo,Sam Liccardo,2,65th Mayor of San Jose,2015,2023,linked
CA,D,Sam Liccardo,Sam Liccardo,2,Member of the San Jose City Council from the 3rd district,2007,2014,linked
CA,D,Sam Liccardo,Sam Liccardo,4,U.S. House,2025,,linked
OH,R,Richard Morckel,,,,,,none
OH,D,Ed Albertson,,,,,,none
MN,D,Terri Bonoff,Terri Bonoff,3,State legislature,2005,2017,linked
HI,R,Angela Aulani Kaaihue,,,,,,none
NY,R,Frank Spotorno,,,,,,none
NY,R,Danniel Maio,,,,,,none
NH,D,Dan Feltes,Dan Feltes,3,State legislature,2014,2020,linked
NH,D,Dan Feltes,Dan Feltes,3,Majority Leader of the New Hampshire Senate,2018,2020,linked
GA,D,Rodney Stooksbury,,,,,,none
AZ,R,007 Bond IV,,,,,,none
IL,R,Arthur Jones,Arthur J. Jones,0,,,,linked
MD,D,Ben Jealous,Ben Jealous,1,President and CEO of the NAACP,2008,2013,linked
MD,D,Ben Jealous,Ben Jealous,1,Executive Director of the Sierra Club,2022,2025,linked
VT,D,David Zuckerman,David Zuckerman (politician),3,State legislature,2013,2017,linked
VT,D,David Zuckerman,David Zuckerman (politician),3,State legislature,1997,2011,linked
VT,D,David Zuckerman,David Zuckerman (politician),4,82nd & 84th Lieutenant Governor of Vermont,2023,2025,linked
VT,D,Brenda Siegel,,,,,,none
WV,R,Bill Cole,Bill Cole (West Virginia politician),3,State legislature,2013,2017,linked
WV,R,Bill Cole,Bill Cole (West Virginia politician),3,State legislature,2010,2011,linked
WV,R,Bill Cole,Bill Cole (West Virginia politician),4,President of the West Virginia Senate {{small|Lieutenant Governor of West Virginia}},2015,2017,linked
VT,D,Esther Charlestin,Esther Charlestin,0,,,,linked
NY,R,Joseph Ciardullo,,,,,,none
TX,R,Zeffen Hardin,,,,,,none
MA,D,Jay Gonzalez,Jay Gonzalez (politician),1,Secretary of Administration and Finance of Massachusetts,2009,2013,linked
MA,D,Jay Gonzalez,Jay Gonzalez (politician),1,15th President of Curry College,2023,,linked
AL,D,Everett Wess,,,,,,none
AR,D,Hallie Shoffner,,,,,,none
CO,R,Mark Baisley,Mark Baisley,3,State legislature,2019,2023,linked
CO,R,Mark Baisley,Mark Baisley,3,State legislature,2023,,linked
DE,R,Michael Katz,Michael Katz (politician),3,State legislature,2009,2013,linked
IA,D,Josh Turek,Josh Turek,3,State legislature,2023,,linked
ID,I,Todd Achilles,Todd Achilles,4,Member of the Idaho House of Representatives from the 16B district,2024,2025,linked
IL,D,Juliana Stratton,Juliana Stratton,4,63rd Chair of the National Lieutenant Governors Association,2022,2023,linked
IL,D,Juliana Stratton,Juliana Stratton,3,State legislature,2017,2019,linked
IL,D,Juliana Stratton,Juliana Stratton,4,48th Lieutenant Governor of Illinois,2019,,linked
IL,R,Don Tracy,Don Tracy,1,Chair of the Illinois Republican Party,2021,2024,linked
IL,R,Don Tracy,Don Tracy,1,Chair of the Illinois Gaming Board,2015,2019,linked
KS,D,Adam Hamilton,Adam Hamilton (pastor),0,,,,linked
LA,D,Jamie Davis,,,,,,none
LA,R,Julia Letlow,Julia Letlow,4,U.S. House,2021,,linked
ME,D,Troy Jackson,Troy Jackson,3,Minority Leader of the Maine Senate,2016,2018,linked
ME,D,Troy Jackson,Troy Jackson,3,Majority Leader of the Maine Senate,2013,2014,linked
ME,D,Troy Jackson,Troy Jackson,3,Member of the Maine Senate,2016,2024,linked
ME,D,Troy Jackson,Troy Jackson,3,Member of the Maine House of Representatives,2002,2008,linked
ME,D,Troy Jackson,Troy Jackson,3,President of the Maine Senate,2018,2024,linked
MI,D,Abdul El-Sayed,Abdul El-Sayed,0,,,,linked
MN,D,Peggy Flanagan,Peggy Flanagan,4,50th Lieutenant Governor of Minnesota,2019,,linked
MN,D,Peggy Flanagan,Peggy Flanagan,3,State legislature,2015,2019,linked
MN,R,Michele Tafoya,Michele Tafoya,0,,,,linked
MS,D,Scott Colom,Scott Colom,2,District Attorney for the 16th Judicial District of Mississippi,2016,,linked
MT,D,Alani Bankhead,,,,,,none
MT,R,Kurt Alme,Kurt Alme,1,United States Attorney for the District of Montana,2025,2026,linked
NC,R,Michael Whatley,Michael Whatley,1,Chair of the North Carolina Republican Party,2019,2024,linked
NC,R,Michael Whatley,Michael Whatley,1,66th Chair of the Republican National Committee,2024,2025,linked
NH,R,John Sununu,John E. Sununu,4,U.S. House,1997,2003,linked
NH,R,John Sununu,John E. Sununu,5,United States Senator,2003,2009,linked
NJ,R,Justin Murphy,,,,,,none
NM,R,Larry Marker,,,,,,none
OK,D,N'Kiyla Jasmine Thomas,,,,,,none
OR,R,David Brock Smith,David Brock Smith,3,State legislature,2017,2023,linked
OR,R,David Brock Smith,David Brock Smith,3,State legislature,2023,,linked
RI,R,Raymond McKay,,,,,,none
SC,R,Darline Graham,Darline Graham,1,Commissioner of the South Carolina Commission for the Blind,2019,2026,linked
SC,R,Darline Graham,Darline Graham,5,Graham's voice,2026,,linked
SD,I,Brian Bengs,,,,,,none
TX,D,James Talarico,James Talarico,3,Member of the Texas House of Representatives,2018,,linked
TX,R,Ken Paxton,Ken Paxton,3,State legislature,2013,2015,linked
TX,R,Ken Paxton,Ken Paxton,3,State legislature,2003,2013,linked
TX,R,Ken Paxton,Ken Paxton,4,51st Attorney General of Texas,2015,,linked
VA,R,Bert Mizusawa,Bert Mizusawa,0,,,,linked
WV,D,Rachel Fetty Anderson,,,,,,none
WY,D,James Byrd,James W. Byrd,3,State legislature,2009,2019,linked
FL,D,Angie Nixon,Angie Nixon,3,Member of the Florida House of Representatives,2020,,linked
FL,R,Ashley Moody,Ashley Moody,5,United States Senator,2025,,linked
FL,R,Ashley Moody,Ashley Moody,4,38th Attorney General of Florida,2019,2025,linked
FL,R,Ashley Moody,Ashley Moody,2,Judge of the Thirteenth Judicial Circuit Court of Florida,2007,2017,linked
OH,R,Jon Husted,Jon Husted,3,State legislature,2009,2011,linked
OH,R,Jon Husted,Jon Husted,3,99th Speaker of the Ohio House of Representatives,2005,2009,linked
OH,R,Jon Husted,Jon Husted,3,State legislature,2001,2009,linked
OH,R,Jon Husted,Jon Husted,5,United States Senator,2025,,linked
AK,D,Jonathan Kreiss-Tomkins,Jonathan Kreiss-Tomkins,3,State legislature,2013,2023,linked
AK,R,Bernadette Wilson,,,,,,none
AR,D,Fredrick Love,Fredrick Love,3,Minority Leader of the Arkansas House of Representatives,2019,2021,linked
AR,D,Fredrick Love,Fredrick Love,3,Member of the Arkansas House of Representatives,2011,2023,linked
AR,D,Fredrick Love,Fredrick Love,3,State legislature,2023,,linked
CA,D,Xavier Becerra,Xavier Becerra,1,25th United States Secretary of Health and Human Services,2021,2025,linked
CA,D,Xavier Becerra,Xavier Becerra,4,33rd Attorney General of California,2017,2021,linked
CA,D,Xavier Becerra,Xavier Becerra,1,Chair of the House Democratic Caucus,2013,2017,linked
CA,D,Xavier Becerra,Xavier Becerra,1,Vice Chair of the House Democratic Caucus,2009,2013,linked
CA,D,Xavier Becerra,Xavier Becerra,1,House Democratic Assistant to the Leader,2007,2009,linked
CA,D,Xavier Becerra,Xavier Becerra,1,Chair of the Congressional Hispanic Caucus,1997,1999,linked
CA,D,Xavier Becerra,Xavier Becerra,3,State legislature,1990,1992,linked
CA,R,Steve Hilton,Steve Hilton,1,Director of Strategy to the Prime Minister of the United Kingdom,2010,2012,linked
CO,D,Phil Weiser,Phil Weiser,1,15th Dean of the University of Colorado Law School,2011,2016,linked
CO,D,Phil Weiser,Phil Weiser,4,39th Attorney General of Colorado,2019,,linked
CO,R,Victor Marx,Victor Marx,0,,,,linked
CT,R,Ryan Fazio,Ryan Fazio,3,State legislature,2021,,linked
FL,D,David Jolly,David Jolly,4,U.S. House,2014,,linked
GA,D,Keisha Lance Bottoms,Keisha Lance Bottoms,1,Director of the Office of Public Engagement Senior Advisor to the President,2022,2023,linked
GA,D,Keisha Lance Bottoms,Keisha Lance Bottoms,2,60th Mayor of Atlanta,2018,2022,linked
GA,D,Keisha Lance Bottoms,Keisha Lance Bottoms,2,Member of the Atlanta City Council from the 11th district,2010,2018,linked
GA,R,Rick Jackson,Rick Jackson (businessman),0,,,,linked
HI,R,Gary Cordery,,,,,,none
IA,D,Rob Sand,Rob Sand,4,33rd Auditor of Iowa,2019,,linked
IA,R,Zach Lahn,Zach Lahn,0,,,,linked
ID,D,Terri Pickens,,,,,,none
KS,D,Cindy Holscher,Cindy Holscher,3,State legislature,2017,2021,linked
KS,D,Cindy Holscher,Cindy Holscher,3,State legislature,2021,,linked
KS,R,Ty Masterson,Ty Masterson,3,State legislature,2009,,linked
KS,R,Ty Masterson,Ty Masterson,3,State legislature,2005,2009,linked
KS,R,Ty Masterson,Ty Masterson,3,President of the Kansas Senate,2021,,linked
MA,R,Michael Minogue,,,,,,none
ME,D,Hannah Pingree,Hannah Pingree,3,Majority Leader of the Maine House of Representatives,2006,2008,linked
ME,D,Hannah Pingree,Hannah Pingree,3,State legislature,2002,2010,linked
ME,D,Hannah Pingree,Hannah Pingree,3,99th Speaker of the Maine House of Representatives,2008,2010,linked
ME,R,Robert Charles,Robert B. Charles,1,8th Assistant Secretary of State for International Narcotics and Law Enforcement Affairs,2003,2005,linked
MI,D,Jocelyn Benson,Jocelyn Benson,1,Dean of the Wayne State University Law School,2012,2016,linked
MI,D,Jocelyn Benson,Jocelyn Benson,4,43rd Secretary of State of Michigan,2019,,linked
MN,R,Lisa Demuth,Lisa Demuth,3,Minority Leader of the Minnesota House of Representatives,2023,2025,linked
MN,R,Lisa Demuth,Lisa Demuth,3,State legislature,2019,,linked
MN,R,Lisa Demuth,Lisa Demuth,3,62nd Speaker of the Minnesota House of Representatives,2025,,linked
NE,D,Lynne Walz,Lynne Walz,3,State legislature,2017,2025,linked
NH,D,Cinde Warmington,Cinde Warmington,4,Member of the New Hampshire Executive Council from the 2nd district,2021,2025,linked
NM,D,Deb Haaland,Deb Haaland,1,54th United States Secretary of the Interior,2021,2025,linked
NM,D,Deb Haaland,Deb Haaland,4,U.S. House,2019,2021,linked
NM,D,Deb Haaland,Deb Haaland,1,Chair of the New Mexico Democratic Party,2015,2017,linked
NM,R,Gregg Hull,Gregg Hull,2,Mayor of Rio Rancho,2014,2026,linked
NV,D,Aaron Ford,Aaron Ford (Nevada politician),3,Majority Leader of the Nevada Senate,2016,2018,linked
NV,D,Aaron Ford,Aaron Ford (Nevada politician),3,Minority Leader of the Nevada Senate,2014,2016,linked
NV,D,Aaron Ford,Aaron Ford (Nevada politician),3,State legislature,2013,2018,linked
NV,D,Aaron Ford,Aaron Ford (Nevada politician),4,34th Attorney General of Nevada,2019,,linked
NY,R,Bruce Blakeman,Bruce Blakeman,2,Member of the Nassau County Legislature from the 7th district,1995,1999,linked
NY,R,Bruce Blakeman,Bruce Blakeman,2,10th Nassau County Executive,2022,,linked
OH,D,Amy Acton,Amy Acton,1,Director of the Ohio Department of Health,2019,2020,linked
OH,R,Vivek Ramaswamy,Vivek Ramaswamy,0,,,,linked
OK,D,Cyndi Munson,Cyndi Munson,3,State legislature,2015,,linked
OK,D,Cyndi Munson,Cyndi Munson,3,Minority Leader of the Oklahoma House of Representatives,2022,,linked
OK,R,Mike Mazzei,Mike Mazzei,3,State legislature,2004,2016,linked
OK,R,Mike Mazzei,Mike Mazzei,1,Oklahoma Secretary of Budget,2019,2020,linked
PA,R,Stacy Garrity,Stacy Garrity,4,79th Treasurer of Pennsylvania,2021,,linked
RI,D,Helena Foulkes,Helena Foulkes,0,,,,linked
RI,R,Aaron Guckian,,,,,,none
SC,D,Jermaine Johnson,Jermaine Johnson (politician),3,Member of the South Carolina House of Representatives,2020,,linked
SC,R,Alan Wilson,Alan Wilson (politician),4,51st Attorney General of South Carolina,2011,,linked
SD,R,Larry Rhoden,Larry Rhoden,4,39th Lieutenant Governor of South Dakota,2019,2025,linked
SD,R,Larry Rhoden,Larry Rhoden,4,Secretary of Agriculture of South Dakota,2020,2020,linked
SD,R,Larry Rhoden,Larry Rhoden,3,State legislature,2017,2019,linked
SD,R,Larry Rhoden,Larry Rhoden,3,State legislature,2009,2015,linked
SD,R,Larry Rhoden,Larry Rhoden,5,Governor of South Dakota,2025,,linked
TN,D,Jerri Green,,,,,,none
TX,D,Gina Hinojosa,Gina Hinojosa,3,State legislature,2017,,linked
VT,D,Amanda Janoo,,,,,,none
WI,D,David Crowley,David Crowley (Wisconsin politician),3,State legislature,2017,2020,linked
WI,D,David Crowley,David Crowley (Wisconsin politician),2,7th Executive of Milwaukee County,2020,,linked
WY,D,Kenneth Casner,,,,,,none
WY,R,Eric Barlow,Eric Barlow,3,65th Speaker of the Wyoming House of Representatives,2021,2023,linked
WY,R,Eric Barlow,Eric Barlow,3,Majority Leader of the Wyoming House of Representatives,2019,2021,linked
WY,R,Eric Barlow,Eric Barlow,3,State legislature,2013,2023,linked
WY,R,Eric Barlow,Eric Barlow,3,State legislature,2023,,linked
AL,D,Clyde Jones,,,,,,none
AL,R,Rhett Marques,Rhett Marques,3,State legislature,2018,,linked
AL,D,Lee McInnis,,,,,,none
AL,D,Amanda Pusczek,,,,,,none
AL,D,Andrew Sneed,,,,,,none
AL,D,Maurice Mercer,,,,,,none
AL,R,Ammie Akin,,,,,,none
AK,I,Bill Hill,,,,,,none
AK,R,Nicholas Begich III,Nick Begich III,4,U.S. House,2025,,linked
AZ,R,Jay Feely,,,,,,none
AZ,R,Zuhdi Jasser,Zuhdi Jasser,0,,,,linked
AZ,D,Elizabeth Lee,,,,,,none
AZ,R,Mark Lamb,Mark Lamb (sheriff),2,Sheriff of Pinal County,2017,2024,linked
AZ,D,Joanna Mendoza,,,,,,none
AZ,D,Adelita Grijalva,Adelita Grijalva,2,Member of the Pima County Board of Supervisors from the 5th district,2021,2025,linked
AZ,D,Adelita Grijalva,Adelita Grijalva,4,U.S. House,2025,,linked
AZ,D,Bernadette Placentia,,,,,,none
AZ,D,Danielle Sterbinsky,,,,,,none
AR,D,Terri Green,,,,,,none
AR,D,Robb Ryerse,,,,,,none
AR,D,James Russell,,,,,,none
CA,D,Mike McGuire,Mike McGuire (politician),3,Majority Leader of the California Senate,2022,2024,linked
CA,D,Mike McGuire,Mike McGuire (politician),3,State legislature,2014,,linked
CA,D,Mike McGuire,Mike McGuire (politician),2,Member of the Sonoma County Board of Supervisors from the 4th district,2011,2014,linked
CA,D,Mike McGuire,Mike McGuire (politician),3,President pro tempore of the California State Senate,2024,2025,linked
CA,R,James Gallagher,James Gallagher (California politician),3,Minority Leader of the California Assembly,2022,2025,linked
CA,R,James Gallagher,James Gallagher (California politician),3,State legislature,2014,2026,linked
CA,R,James Gallagher,James Gallagher (California politician),2,Member of the Sutter County Board of Supervisors from the 5th district,2009,2014,linked
CA,R,James Gallagher,James Gallagher (California politician),4,U.S. House,2026,,linked
CA,R,Robin Littau,,,,,,none
CA,R,Robb Tucker,,,,,,none
CA,D,Eric Jones,,,,,,none
CA,D,Michael Masuda,,,,,,none
CA,D,Richard Pan,Richard Pan,3,State legislature,2012,2014,linked
CA,D,Richard Pan,Richard Pan,3,State legislature,2010,2012,linked
CA,D,Richard Pan,Richard Pan,3,State legislature,2014,2022,linked
CA,I,Kevin Kiley,Kevin Kiley (politician),3,State legislature,2016,2022,linked
CA,I,Kevin Kiley,Kevin Kiley (politician),4,U.S. House,2023,,linked
CA,D,Mai Vang,Mai Vang,2,Member of the Sacramento City Council from the 8th district,2020,,linked
CA,R,John McBride,,,,,,none
CA,R,Jeff Frese,,,,,,none
CA,D,Connie Chan,Connie Chan (politician),2,Member of the San Francisco Board of Supervisors from the 1st district,2021,,linked
CA,D,Lateefah Simon,Lateefah Simon,4,U.S. House,2025,,linked
CA,D,Jamie Joyce,,,,,,none
CA,D,Aisha Wahab,Aisha Wahab,3,State legislature,2022,2026,linked
CA,D,Aisha Wahab,Aisha Wahab,2,Member of the Hayward City Council,2018,2022,linked
CA,D,Aisha Wahab,Aisha Wahab,4,U.S. House,2026,,linked
CA,D,Melissa Hernandez,,,,,,none
CA,R,Charles Hoelter,,,,,,none
CA,R,Peter Soule,,,,,,none
CA,R,Shane Lewis,,,,,,none
CA,R,Peter Verbica,,,,,,none
CA,D,Sandra Van Scotter,,,,,,none
CA,R,Vince Fong,Vince Fong,3,Member of the California State Assembly,2016,2024,linked
CA,R,Vince Fong,Vince Fong,4,U.S. House,2024,,linked
CA,R,Kyle Kirkland,,,,,,none
CA,D,Randy Villegas,,,,,,none
CA,D,Tessa Lynn Hodge,,,,,,none
CA,R,Bob Smith,,,,,,none
CA,R,Joe Males,,,,,,none
CA,D,Jacqui Irwin,Jacqui Irwin,3,Member of the California State Assembly,2014,,linked
CA,R,Sam Gallucci,,,,,,none
CA,R,Jason Gibbs,,,,,,none
CA,D,Luz Rivas,Luz Rivas,3,Member of the California State Assembly,2018,2024,linked
CA,D,Luz Rivas,Luz Rivas,4,U.S. House,2025,,linked
CA,D,Angelica Duenas,,,,,,none
CA,R,Scott Meyers,,,,,,none
CA,D,Gilbert Cisneros,Gil Cisneros,1,10th Under Secretary of Defense for Personnel and Readiness,2021,2023,linked
CA,R,Stephanie Vargas,,,,,,none
CA,D,Jimmy Gomez,Jimmy Gomez,3,State legislature,2012,2017,linked
CA,D,Jimmy Gomez,Jimmy Gomez,4,U.S. House,2017,,linked
CA,D,Angela Gonzales-Torres,Angela Gonzales-Torres,0,,,,linked
CA,R,Houston Brignano,,,,,,none
CA,D,Sydney Kamlager-Dove,Sydney Kamlager-Dove,3,State legislature,2021,2022,linked
CA,D,Sydney Kamlager-Dove,Sydney Kamlager-Dove,3,State legislature,2018,2021,linked
CA,D,Sydney Kamlager-Dove,Sydney Kamlager-Dove,4,U.S. House,2023,,linked
CA,D,Samantha Mota,,,,,,none
CA,D,Hilda Solis,Hilda Solis,2,Member of the Los Angeles County Board of Supervisors from the 1st district,2014,,linked
CA,D,Hilda Solis,Hilda Solis,1,25th United States Secretary of Labor,2009,2013,linked
CA,D,Hilda Solis,Hilda Solis,3,State legislature,1994,2000,linked
CA,D,Hilda Solis,Hilda Solis,3,State legislature,1992,1994,linked
CA,D,Hilda Solis,Hilda Solis,2,Chair of Los Angeles County,2025,,linked
CA,R,Pedro Casas,,,,,,none
CA,R,Steve Manos,,,,,,none
CA,R,Mitch Clemmons,,,,,,none
CA,R,Brian Burley,,,,,,none
CA,R,Cristian Morales,,,,,,none
CA,D,Nanette Barragan,Nanette Barragán,4,Barragán's voice,2017,,linked
CA,R,Genevieve Angel,,,,,,none
CA,R,Chuong Vo,,,,,,none
CA,D,Lou Correa,Lou Correa,3,State legislature,2006,2014,linked
CA,D,Lou Correa,Lou Correa,2,Member of the Orange County Board of Supervisors from the 1st district,2005,2006,linked
CA,D,Lou Correa,Lou Correa,3,State legislature,1998,2004,linked
CA,D,Lou Correa,Lou Correa,4,U.S. House,2017,,linked
CA,R,Jenny Le Roux,,,,,,none
CA,D,Marni von Wilpert,Marni von Wilpert,2,Member of the San Diego City Council from the 5th district,2020,,linked
CA,R,Jim Desmond,Jim Desmond,2,Member of the San Diego County Board of Supervisors from the 5th district,2019,,linked
CA,R,Jim Desmond,Jim Desmond,2,Mayor of San Marcos,2006,2018,linked
CA,R,Jim Desmond,Jim Desmond,2,Vice Chair of the San Diego County Board of Supervisors,2020,2021,linked
CA,R,Armen Kurdian,,,,,,none
CA,R,Steve Cohen,,,,,,none
CA,R,Ricardo Cabrera,,,,,,none
CA,R,Jeff Belle,,,,,,none
CO,D,Melat Kiros,Melat Kiros,0,,,,linked
CO,R,Christy Peterson,,,,,,none
CO,R,Kelley Dennison,,,,,,none
CO,D,Dwayne Romero,,,,,,none
CO,D,Eileen Laubacher,Eileen Laubacher,0,,,,linked
CO,D,Jessica Killin,,,,,,none
CO,R,Jason Clark,,,,,,none
CO,R,Tim Bennett,,,,,,none
CO,D,Manny Rutinel,Manny Rutinel,3,State legislature,2023,2026,linked
CT,D,Luke Bronin,Luke Bronin,2,67th Mayor of Hartford,2016,2024,linked
CT,R,Amy Chai,,,,,,none
CT,R,George Austin,,,,,,none
CT,D,Rosa Delauro,Rosa DeLauro,1,Ranking Member of the House Appropriations Committee,2023,,linked
CT,D,Rosa Delauro,Rosa DeLauro,1,Chair of the House Appropriations Committee,2021,2023,linked
CT,D,Rosa Delauro,Rosa DeLauro,1,Co-Chair of the House Democratic Steering Committee,2003,2021,linked
CT,D,Rosa Delauro,Rosa DeLauro,4,U.S. House,1991,,linked
CT,R,Christopher Lancia,,,,,,none
CT,D,Jim Himes,Jim Himes,1,Chair of the House Fair Growth Committee,2021,2023,linked
CT,D,Jim Himes,Jim Himes,1,Chair of the New Democrat Coalition,2017,2019,linked
CT,D,Jim Himes,Jim Himes,4,U.S. House,2009,,linked
CT,D,Jim Himes,Jim Himes,1,Ranking Member of the House Intelligence Committee,2023,,linked
CT,R,Chris Shea,,,,,,none
DE,R,Joseph Arminio,,,,,,none
FL,R,Jimmy Patronis,Jimmy Patronis,1,4th Chief Financial Officer of Florida,2017,2025,linked
FL,R,Jimmy Patronis,Jimmy Patronis,4,Member of the Florida Public Service Commission,2015,2017,linked
FL,R,Jimmy Patronis,Jimmy Patronis,3,State legislature,2006,2014,linked
FL,R,Jimmy Patronis,Jimmy Patronis,4,U.S. House,2025,,linked
FL,D,Amanda Green,,,,,,none
FL,R,Austin Rogers,,,,,,none
FL,D,Seth Harp,,,,,,none
FL,D,LaShonda Holloway,,,,,,none
FL,D,Rachel Grage,,,,,,none
FL,D,Eric Yonce,,,,,,none
FL,R,Randy Fine,Randy Fine,3,State legislature,2024,2025,linked
FL,R,Randy Fine,Randy Fine,3,Member of the Florida House of Representatives,2016,2024,linked
FL,R,Randy Fine,Randy Fine,4,U.S. House,2025,,linked
FL,D,Bale Dalton,,,,,,none
FL,R,Ryan Elijah,,,,,,none
FL,D,Jennifer Jenkins,,,,,,none
FL,R,Dan Green,,,,,,none
FL,D,James Pericola,,,,,,none
FL,R,Joe Strada,,,,,,none
FL,D,Kimberly Overman,,,,,,none
FL,D,Leela Gray,,,,,,none
FL,R,Mike Beltran,Mike Beltran,3,State legislature,2018,2024,linked
FL,D,Robert People,,,,,,none
FL,D,Kelly Kirschner,,,,,,none
FL,R,Sydney Gruters,,,,,,none
FL,D,Matthew Montavon,,,,,,none
FL,D,Curtis Gibson,,,,,,none
FL,D,Victor Arias,,,,,,none
FL,R,Jim Schwartzel,,,,,,none
FL,R,Brent Andersen,,,,,,none
FL,D,James Martin,,,,,,none
FL,D,Pia Dandiya,,,,,,none
FL,R,Casey Askar,,,,,,none
FL,R,Deborah Adeimy,,,,,,none
FL,D,Oliver Gilbert,Oliver Gilbert,2,Mayor of Miami Gardens,2012,2020,linked
FL,D,Oliver Gilbert,Oliver Gilbert,2,Member of the Miami-Dade County Commission from the 1st district,2020,,linked
FL,R,Mayonna Te Brown,,,,,,none
FL,R,Scott Singer,,,,,,none
FL,D,Nicole Locklin,,,,,,none
FL,D,Eliott Rodriguez,Eliott Rodriguez,0,,,,linked
FL,R,Maria Salazar,María Elvira Salazar,4,U.S. House,2021,,linked
GA,D,Amanda Hollowell,,,,,,none
GA,R,James Kingston,,,,,,none
GA,D,Sanford Bishop Jr.,Sanford Bishop,3,State legislature,1991,1993,linked
GA,D,Sanford Bishop Jr.,Sanford Bishop,3,State legislature,1977,1991,linked
GA,D,Sanford Bishop Jr.,Sanford Bishop,4,U.S. House,1993,,linked
GA,R,Matt Day,,,,,,none
GA,R,Jim Duffie,,,,,,none
GA,R,John Salvesen,,,,,,none
GA,R,Kevin Martin,,,,,,none
GA,D,Anthony Kozycki,,,,,,none
GA,D,Kelly Etsi,,,,,,none
GA,D,Caitlyn Gegen,,,,,,none
GA,D,Pamela DeLancy,,,,,,none
GA,R,Houston Gaines,Houston Gaines,3,Member of the Georgia House of Representatives,2019,,linked
GA,D,Chris Harden,,,,,,none
GA,R,John Cowan,,,,,,none
GA,D,Ceretta Smith,,,,,,none
GA,D,Jasmine Clark,Jasmine Clark,3,State legislature,2019,,linked
GA,R,Clay Fuller,Clay Fuller,2,District Attorney of Lookout Mountain Judicial Circuit,2023,2026,linked
GA,R,Clay Fuller,Clay Fuller,4,U.S. House,2026,,linked
HI,R,Adriel Lam,,,,,,none
HI,R,Brenton Awa,Brenton Awa,3,State legislature,2022,,linked
HI,R,Brenton Awa,Brenton Awa,3,Minority Leader of the Hawaii Senate,2024,,linked
ID,D,Elinor Gilbreath,,,,,,none
IL,R,Christian Maxwell,,,,,,none
IL,D,Donna Miller,Donna Miller,2,Member of the Cook County Board of Commissioners from the 6th district,2018,,linked
IL,R,Michael Noack,,,,,,none
IL,R,Angel Oakley,,,,,,none
IL,D,Patty Garcia,,,,,,none
IL,D,La Shawn Ford,La Shawn Ford,3,State legislature,2007,,linked
IL,D,Melissa Bean,Melissa Bean,4,U.S. House,2005,2011,linked
IL,R,Jennifer Davis,,,,,,none
IL,D,Daniel Biss,Daniel Biss,3,State legislature,2013,2019,linked
IL,D,Daniel Biss,Daniel Biss,3,State legislature,2011,2013,linked
IL,R,Carl Lambrecht,,,,,,none
IL,R,Jeff Walter,,,,,,none
IL,D,Julie Fortier,,,,,,none
IL,R,Jeff Wilson,,,,,,none
IL,R,James Marter,,,,,,none
IL,D,Jennifer Todd,,,,,,none
IL,D,Paul Nolley,,,,,,none
IL,R,Dillan Vancil,,,,,,none
IN,R,Barb Regnitz,,,,,,none
IN,D,Jamee Decio,,,,,,none
IN,R,Rudy Yakym,Rudy Yakym,4,U.S. House,2022,,linked
IN,D,Kelly Thompson,,,,,,none
IN,D,Drew Cox,,,,,,none
IN,D,James Ford,J. D. Ford,3,State legislature,2018,,linked
IN,D,Cynthia Wirth,,,,,,none
IN,D,Andre Carson,André Carson,2,Member of the Indianapolis City-County Council from the 15th district,2007,2008,linked
IN,D,Andre Carson,André Carson,4,U.S. House,2008,,linked
IN,R,Patrick McAuley,,,,,,none
IN,D,Mary Allen,,,,,,none
IN,D,Brad Meyer,,,,,,none
IA,D,Lindsay James,Lindsay James (politician),3,Member of the Iowa House of Representatives,2019,,linked
IA,R,Joe Mitchell,Joe Mitchell (politician),3,State legislature,2019,2023,linked
IA,D,Sarah Trone Garriott,Sarah Trone Garriott,3,Member of the Iowa Senate,2021,,linked
IA,D,Dave Dawson,David Dawson (politician),3,State legislature,2013,2017,linked
IA,R,Chris McGowan,,,,,,none
KS,D,Lauren Reinhold,,,,,,none
KS,D,Don Coover,,,,,,none
KS,R,Eric Jenkins,,,,,,none
KS,D,Katy Tyndell,,,,,,none
KY,D,Drew Williams,,,,,,none
KY,D,Megan Wingfield,,,,,,none
KY,R,Maria Rodriguez,,,,,,none
KY,D,Melissa Strange,,,,,,none
KY,R,Ed Gallrein,Ed Gallrein,0,,,,linked
KY,D,Ned Pillersdorf,,,,,,none
KY,D,Zach Dembo,,,,,,none
KY,R,Ralph Alvarado,Ralph Alvarado,3,State legislature,2015,2023,linked
KY,R,Ralph Alvarado,Ralph Alvarado,1,15th Commissioner of the Tennessee Department of Health,2023,2025,linked
LA,D,Lauren Jewett,,,,,,none
LA,D,Tia LeBrun,,,,,,none
LA,R,Clay Higgins,Clay Higgins,4,U.S. House,2017,,name-match
LA,D,Matthew Gromlich,,,,,,none
ME,D,Matt Dunlap,Matthew Dunlap,4,47th and 49th Secretary of State of Maine,2013,2021,linked
ME,D,Matt Dunlap,Matthew Dunlap,3,State legislature,1996,2005,linked
ME,D,Matt Dunlap,Matthew Dunlap,4,Auditor of Maine,2022,,linked
MD,D,Daniel Schwartz,,,,,,none
MD,D,John Olszewski,Johnny Olszewski,2,14th Executive of Baltimore County,2018,2025,linked
MD,D,John Olszewski,Johnny Olszewski,3,State legislature,2006,2015,linked
MD,D,John Olszewski,Johnny Olszewski,4,Olszewski's voice,2025,,linked
MD,R,David Wallace,,,,,,none
MD,R,Berney Flowers,,,,,,none
MD,D,Adrian Boafo,Adrian Boafo,3,State legislature,2023,,linked
MD,D,April Delaney,April McClain Delaney,4,U.S. House,2025,,linked
MD,R,Robin Ficker,Robin Ficker,3,State legislature,1979,1983,linked
MA,I,Nadia Milleron,Nadia Milleron,0,,,,linked
MA,R,Gary Grossi,,,,,,none
MA,R,Tom Stalcup,,,,,,none
MA,D,Daniel Koh,Dan Koh,0,,,,linked
MA,R,Micah Jones,,,,,,none
MA,R,Tyler MacAllister,,,,,,none
MI,D,Benjamin Ambrose,,,,,,none
MI,R,Terri DeBoer,,,,,,none
MI,D,Sean McCann,Sean McCann (politician),3,State legislature,2011,2014,linked
MI,D,Sean McCann,Sean McCann (politician),3,Member of the Michigan Senate,2019,,linked
MI,D,Christian Vukasovich,,,,,,none
MI,D,William Lawrence,William Lawrence (activist),0,,,,linked
MI,R,Tom Smith,,,,,,none
MI,D,Ray Pooley,,,,,,none
MI,D,Christina Hines,,,,,,none
MI,R,Mike Bouchard Jr.,,,,,,none
MI,D,Jeremy Moss,Jeremy Moss,3,Member of the Michigan Senate,2019,,linked
MI,D,Jeremy Moss,Jeremy Moss,3,State legislature,2015,2019,linked
MI,D,Jeremy Moss,Jeremy Moss,3,President pro tempore of the Michigan Senate,2023,,linked
MI,R,Ethan Baker,,,,,,none
MI,D,Donavan McKinney,Donavan McKinney,3,Member of the Michigan House of Representatives,2023,,linked
MI,R,T.P. Nykoriak,,,,,,none
MN,D,Jacob Johnson,,,,,,none
MN,D,Matt Little,Matt Little,3,State legislature,2017,2021,linked
MN,R,Eric Pratt,Eric Pratt,3,Member of the Minnesota Senate,2013,,linked
MN,R,Tyler Bass,,,,,,none
MN,R,Paul Wikstrom,,,,,,none
MN,R,John Nagel,,,,,,none
MN,D,Doug Chapin,,,,,,none
MN,D,Erik Osberg,,,,,,none
MN,D,Trina Swanson,,,,,,none
MS,D,Cliff Johnson,,,,,,none
MS,D,Michael Chiaradio,,,,,,none
MS,D,Jeffrey Hulum,Jeffrey Hulum III,3,State legislature,2022,,linked
MO,R,Paul Berry,,,,,,none
MO,D,Frederick Wellman,,,,,,none
MO,D,Jordan Herrera,,,,,,none
MO,R,Rick Brattin,Rick Brattin,3,State legislature,2013,2019,linked
MO,R,Rick Brattin,Rick Brattin,3,State legislature,2011,2013,linked
MO,R,Rick Brattin,Rick Brattin,3,State legislature,2021,,linked
MO,D,Josh Smead,,,,,,none
MO,R,Chris Stigall,Chris Stigall,0,,,,linked
MO,D,Christopher Riechard,,,,,,none
MT,D,Sam Forstag,Sam Forstag,0,,,,linked
MT,R,Aaron Flint,,,,,,none
MT,D,Brian Miller,,,,,,none
NE,D,Christopher Backemeyer,,,,,,none
NE,D,Denise Powell,,,,,,none
NE,R,Brinker Harding,,,,,,none
NE,D,Becky Stille,,,,,,none
NV,R,Carrie Buck,Carrie Buck (politician),3,State legislature,2020,,linked
NV,D,Teresa Benitez-Thompson,Teresa Benitez-Thompson,3,State legislature,2010,2022,linked
NV,D,Teresa Benitez-Thompson,Teresa Benitez-Thompson,3,Majority Leader of the Nevada Assembly,2016,2022,linked
NV,R,Dave Flippo,,,,,,none
NV,R,Marty O'Donnell,Martin O'Donnell,0,,,,linked
NV,R,Cody Whipple,,,,,,none
NH,D,Stefany Shaheen,,,,,,none
NH,R,Anthony Dilorenzo,,,,,,none
NH,R,Lily Williams,Lily Tang Williams,1,Chair of the Colorado Libertarian Party,2015,2016,linked
NJ,R,Damon Galdo,,,,,,none
NJ,D,Zack Mullock,,,,,,none
NJ,R,Jeff Van Drew,Jeff Van Drew,3,State legislature,2008,2018,linked
NJ,R,Jeff Van Drew,Jeff Van Drew,3,State legislature,2002,2008,linked
NJ,R,Jeff Van Drew,Jeff Van Drew,2,Member of the Cape May County Board of Chosen Freeholders,2001,2002,linked
NJ,R,Jeff Van Drew,Jeff Van Drew,4,U.S. House,2019,,linked
NJ,R,Michael McGuire,,,,,,none
NJ,D,Rachel Peace,,,,,,none
NJ,R,Sean Kirrane,,,,,,none
NJ,R,Hillary Herzig,,,,,,none
NJ,D,Rebecca Bennett,,,,,,none
NJ,I,Aristotle Eliopoulos,,,,,,none
NJ,R,Rosemary Pino,,,,,,none
NJ,D,Analilia Mejia,Analilia Mejia,4,U.S. House,2026,,linked
NJ,R,Joe Hathaway,,,,,,none
NJ,D,Adam Hamawy,Adam Hamawy,0,,,,linked
NJ,R,Gregg Mele,,,,,,none
NM,R,Didi Okpareke,,,,,,none
NM,R,Greg Cunningham,,,,,,none
NM,R,Martin Zamora,Martin R. Zamora,4,Member of the New Mexico House of Representatives from the 63rd district,2019,,linked
NY,D,Christopher Gallant,,,,,,none
NY,D,Patrick Halpin,Patrick G. Halpin,3,Member of the New York State Assembly from the 11th district,1983,1987,linked
NY,D,Patrick Halpin,Patrick G. Halpin,3,Member of the New York State Assembly from the 9th district,1982,1982,linked
NY,D,Patrick Halpin,Patrick G. Halpin,2,5th Executive of Suffolk County,1988,1991,linked
NY,R,Mike LiPetri,Mike LiPetri,3,State legislature,2019,2021,linked
NY,R,Jeanine Driscoll,,,,,,none
NY,R,George Marsh,,,,,,none
NY,R,Joseph Chou,,,,,,none
NY,D,Claire Valdez,Claire Valdez,3,Member of the New York State Assembly from the 37th district,2025,,linked
NY,R,Melvin Rivera,,,,,,none
NY,R,Lewis Mizrahi,,,,,,none
NY,R,Joel Anabilah-Azumah,,,,,,none
NY,D,Brad Lander,Brad Lander,2,45th Comptroller of New York City,2022,2025,linked
NY,D,Brad Lander,Brad Lander,2,Member of the New York City Council from the 39th district,2010,2021,linked
NY,R,Jennifer Moore,,,,,,none
NY,D,Michael DeCillis,,,,,,none
NY,D,Micah Lasher,Micah Lasher,3,State legislature,2025,,linked
NY,R,Caroline Shinkle,,,,,,none
NY,D,Darializa Avila Chevalier,Darializa Avila Chevalier,0,,,,linked
NY,R,Jomo M. Williams,,,,,,none
NY,R,Diamant Hysenaj,,,,,,none
NY,R,Joseph Cinquemani,,,,,,none
NY,D,Cait Conley,Cait Conley,0,,,,linked
NY,R,Mike Lawler,Mike Lawler,3,State legislature,2021,2022,linked
NY,R,Mike Lawler,Mike Lawler,4,U.S. House,2023,,linked
NY,R,Jacqueline Auringer,,,,,,none
NY,R,Peter Oberacker,Peter Oberacker,3,State legislature,2021,,linked
NY,R,Ralph Ambrosio,,,,,,none
NY,D,Blake Gendebien,,,,,,none
NY,R,Anthony Constantino,,,,,,none
NY,R,Kailee Buller,,,,,,none
NY,D,Aaron Gies,,,,,,none
NY,D,Alissa Ellman,,,,,,none
NY,R,Virginia McIntyre,,,,,,none
NY,R,Dennis Hannon,,,,,,none
NC,R,Eugene Douglass,,,,,,none
NC,D,Raymond Smith,Raymond Smith Jr.,3,State legislature,2019,2023,linked
NC,R,Max Ganorkar,,,,,,none
NC,D,Cyril Jefferson,,,,,,none
NC,R,Addison McDowell,Addison McDowell,4,U.S. House,2025,,linked
NC,D,Kimberly Hardy,,,,,,none
NC,D,Colby Watson,,,,,,none
NC,D,Richard Ojeda,Richard Ojeda,3,{{nobold|Full list}},2017,2019,linked
NC,D,Ashley Bell,,,,,,none
NC,D,Jamie Ager,,,,,,none
NC,R,Jennifer Balkcom,Jennifer Balkcom,3,State legislature,2023,,linked
NC,R,Jack Codiga,,,,,,none
NC,D,Paul Barringer,,,,,,none
NC,D,Lakesha Womack,,,,,,none
OH,R,Eric Conroy,,,,,,none
OH,D,Jennifer Mazzuckelli,,,,,,none
OH,R,Cleophus Dulaney,,,,,,none
OH,D,Joshua Kolasinski,,,,,,none
OH,D,Brian Shaver,,,,,,none
OH,D,Elizabeth Kirtley,,,,,,none
OH,D,Brian Poindexter,,,,,,none
OH,D,Kristina Knickerbocker,,,,,,none
OH,R,Michael Turner,Mike Turner,1,Ranking Member of the House Intelligence Committee,2022,2023,linked
OH,R,Michael Turner,Mike Turner,3,President of the NATO Parliamentary Assembly,2014,2016,linked
OH,R,Michael Turner,Mike Turner,2,53rd Mayor of Dayton,1994,2002,linked
OH,R,Michael Turner,Mike Turner,1,Chair of the House Intelligence Committee,2023,2025,linked
OH,R,Mike Kirchner,,,,,,none
OH,R,Carey Coleman,,,,,,none
OH,D,Maria Jukic,,,,,,none
OH,D,Don Leonard,,,,,,none
OK,D,John Croisant,,,,,,none
OK,R,Mark Tedford,Mark Tedford,3,State legislature,2022,,linked
OK,D,Suzie Byrd,,,,,,none
OK,D,Mitchell Jacob,,,,,,none
OK,D,Jena Nelson,,,,,,none
OR,R,Barbara Kahl,,,,,,none
OR,D,Chris Beck,Chris Beck (politician),0,,,,linked
OR,R,Loran Ayles,,,,,,none
OR,R,Monique Despain,,,,,,none
OR,R,Patti Adair,,,,,,none
OR,R,David Russ,,,,,,none
PA,D,Robert Harvie,,,,,,none
PA,R,Jessica Arriaga,,,,,,none
PA,D,Chris Rabb,Chris Rabb,3,State legislature,2017,,linked
PA,I,Dennis Mahoney,,,,,,none
PA,R,Aurora Stuski,,,,,,none
PA,D,Mary Scanlon,Mary Gay Scanlon,0,,,,linked
PA,R,Nicholas Manganaro,,,,,,none
PA,R,Martin Young,,,,,,none
PA,D,Bob Brooks,,,,,,none
PA,D,Paige Cognetti,Paige Cognetti,2,36th Mayor of Scranton,2020,,linked
PA,D,Rachel Wallace,,,,,,none
PA,D,Nancy Mannion,,,,,,none
PA,D,Elizabeth Farnham,,,,,,none
PA,D,Alan Bradstock,,,,,,none
PA,D,Raymond Bilger,,,,,,none
PA,D,Justin Wagner,,,,,,none
PA,R,Tony Guy,,,,,,none
RI,R,Kellie Keenan,,,,,,none
RI,R,Victor Mellor,,,,,,none
SC,D,Nancy Lacore,Nancy Lacore,0,,,,linked
SC,R,Jenny Costa Honeycutt,,,,,,none
SC,D,Zyon Khalifa,,,,,,none
SC,D,Eunice Lehmacher,,,,,,none
SC,D,Courtney McClain,,,,,,none
SC,D,Mallory Dittmer,,,,,,none
SC,R,Wes Climer,Wes Climer,3,State legislature,2016,,linked
SC,R,John Peterson,,,,,,none
SC,D,John Vincent,,,,,,none
SD,D,Nicole Gronli,,,,,,none
SD,R,Marty Jackley,Marty Jackley,1,39th United States Attorney for the District of South Dakota,2006,2009,linked
SD,R,Marty Jackley,Marty Jackley,4,30th and 33rd Attorney General of South Dakota,2023,,linked
TN,D,Kristi Burke,,,,,,none
TN,D,Michaela Barnett,,,,,,none
TN,D,Anna Golladay,,,,,,none
TN,D,Victoria Broderick,,,,,,none
TN,D,Chaz Molder,,,,,,none
TN,R,Charlie Hatcher,Charlie Hatcher,4,Agriculture Commissioner of Tennessee,2019,2025,linked
TN,D,Mike Croley,,,,,,none
TN,R,Johnny Garrett,Johnny Garrett (politician),3,State legislature,2019,,linked
TN,D,Darden Copeland,,,,,,none
TN,R,Matt Van Epps,Matt Van Epps,1,Tennessee Commissioner of General Services,2024,2025,linked
TN,R,Matt Van Epps,Matt Van Epps,4,U.S. House,2025,,linked
TN,D,Heidi Kuhn,,,,,,none
TN,D,Justin J. Pearson,Justin J. Pearson,3,State legislature,2023,,linked
TN,R,Brent Taylor,Brent Taylor (Tennessee politician),3,State legislature,2023,,linked
TX,D,Yolanda Prince,,,,,,none
TX,D,Shaun Finnie,,,,,,none
TX,R,Steve Toth,Steve Toth,3,State legislature,2019,,linked
TX,D,Evan Hunt,,,,,,none
TX,D,Jason Pearce,,,,,,none
TX,D,Chelsey Hockett,,,,,,none
TX,D,Danny Minton,,,,,,none
TX,R,Alexander Hale,,,,,,none
TX,R,Jessica Steinmann,,,,,,none
TX,D,Leticia Gutierrez,,,,,,none
TX,R,Alexandra Mealer,Alex Mealer,0,,,,linked
TX,D,Caitlin Rourk,,,,,,none
TX,R,Chris Gober,,,,,,none
TX,D,Claire Reynolds,,,,,,none
TX,D,Angela Rodriguez Prilliman,,,,,,none
TX,D,Mark Nair,,,,,,none
TX,D,Thurman Bartie,,,,,,none
TX,D,Bobby Pulido,Bobby Pulido,0,,,,linked
TX,R,Adam Bauman,,,,,,none
TX,D,Casey Shepard,,,,,,none
TX,D,Christian Menefee,Christian Menefee,2,County Attorney of Harris County,2021,2026,linked
TX,D,Christian Menefee,Christian Menefee,4,U.S. House,2026,,linked
TX,R,Ronald Whitfield,,,,,,none
TX,D,Kyle Rable,,,,,,none
TX,R,Tom Sell,,,,,,none
TX,R,Edgardo Baez,,,,,,none
TX,R,Mark Teixeira,Mark Teixeira,0,,,,linked
TX,R,Trever Nehls,Troy Nehls,2,Sheriff of Fort Bend County,2013,2021,name-match
TX,R,Trever Nehls,Troy Nehls,4,U.S. House,2021,,name-match
TX,D,Katy Padilla Stout,,,,,,none
TX,R,Brandon Herrera,,,,,,none
TX,D,Kevin Burge,,,,,,none
TX,D,Dione Sims,,,,,,none
TX,D,Steven Shook,,,,,,none
TX,R,Tano Tijerina,,,,,,none
TX,R,Martha Fierro,,,,,,none
TX,D,Frederick Haynes,Frederick Haynes III,0,,,,linked
TX,R,Everett Jackson,,,,,,none
TX,D,Justin Early,,,,,,none
TX,D,Dan Barrios,,,,,,none
TX,R,Jace Yarbrough,,,,,,none
TX,R,Patrick Gillespie,,,,,,none
TX,R,Eric Flores,,,,,,none
TX,D,Johnny Garcia,,,,,,none
TX,R,Carlos De La Cruz,,,,,,none
TX,R,Lauren Pena,,,,,,none
TX,R,Jon Bonck,,,,,,none
UT,R,Riley Owen,,,,,,none
UT,D,Peter Crosby,,,,,,none
UT,D,Kent Udell,,,,,,none
UT,D,Jonathan Larsen,,,,,,none
VT,D,Rebecca Balint,Becca Balint,3,President pro tempore of the Vermont Senate,2021,2023,linked
VT,D,Rebecca Balint,Becca Balint,3,Majority Leader of the Vermont Senate,2017,2021,linked
VT,D,Rebecca Balint,Becca Balint,3,State legislature,2015,2023,linked
VT,D,Rebecca Balint,Becca Balint,4,U.S. House,2023,,linked
VA,D,Shannon Taylor,Shannon Taylor (attorney),2,Commonwealth's Attorney for Henrico County,2012,,linked
VA,R,Edwin Rivera,,,,,,none
VA,R,Robert Murray,,,,,,none
VA,D,Thomas Perriello,Tom Perriello,1,United States Special Envoy for the African Great Lakes,2015,2016,linked
VA,D,Thomas Perriello,Tom Perriello,1,Special Representative for the Quadrennial Diplomacy and Development Review,2014,2015,linked
VA,D,Thomas Perriello,Tom Perriello,4,U.S. House,2009,2011,linked
VA,D,Thomas Perriello,Tom Perriello,1,United States Special Envoy for Sudan,2024,2025,linked
VA,D,Beth Macy,Beth Macy,0,,,,linked
VA,R,Doug Ollivant,,,,,,none
VA,R,Tony Sabio,,,,,,none
VA,D,Joy Powers,,,,,,none
VA,R,Dave Beckwith,,,,,,none
VA,D,James Walkinshaw,James Walkinshaw,2,Member of the Fairfax County Board of Supervisors from the Braddock district,2020,2025,linked
VA,D,James Walkinshaw,James Walkinshaw,4,U.S. House,2025,,linked
VA,R,Arthur Purves,,,,,,none
WA,R,Mary Silva,,,,,,none
WA,R,Edwin H. Feller,,,,,,none
WA,R,John Braun,John Braun,3,State legislature,2017,,linked
WA,R,John Braun,John Braun,3,Minority Leader of the Washington State Senate,2020,,linked
WA,D,John Duresky,,,,,,none
WA,R,Amanda McKinney,,,,,,none
WA,R,Teresa Fox,,,,,,none
WA,R,Nirav Sheth,,,,,,none
WA,R,Spencer Meline,,,,,,none
WA,R,Chris D. Chung,,,,,,none
WV,D,Vince George,,,,,,none
WV,D,Ace Parsi,,,,,,none
WI,D,Mitchell Berman,,,,,,none
WI,D,Andrew Beck,,,,,,none
WI,D,Brad Smith,,,,,,none
WI,D,Frederic Clark,Fred Clark (politician),3,Member of the Wisconsin State Assembly,2013,2015,linked
WI,R,Michael Alfonso,,,,,,none
WI,D,Rick Crosson,,,,,,none
WY,D,Lisa Kinney,Lisa F. Kinney,3,State legislature,1985,1995,linked
WY,R,Chuck Gray,Chuck Gray (Wyoming politician),3,State legislature,2017,2023,linked
WY,R,Chuck Gray,Chuck Gray (Wyoming politician),4,24th Secretary of State of Wyoming,2023,,linked
