state,county_name,county_id,dem_2018,gop_2018,oth_2018,total_2018,districts_2018
IN,Lake,18089,109835,51861,2,161698,1
IN,Porter,18127,37801,26691,0,64492,1
IN,LaPorte,18091,20822,16112,17,36951,1;2
IN,Miami,18103,2929,7337,1,10267,2
IN,Starke,18149,3223,4308,0,7531,2
IN,St. Joseph,18141,53289,39649,6,92944,2
IN,Kosciusko,18085,6385,19682,1,26068,2;3
IN,Fulton,18049,2445,4521,0,6966,2
IN,Wabash,18169,3168,8031,0,11199,2
IN,Pulaski,18131,1452,2853,3,4308,2
IN,Marshall,18099,5486,9309,0,14795,2
IN,Elkhart,18039,20162,33499,1,53662,2
IN,Blackford,18009,1114,2712,0,3826,3;5
IN,DeKalb,18033,4027,9906,0,13933,3
IN,Steuben,18151,3710,8474,0,12184,3
IN,Adams,18001,2842,8322,0,11164,3
IN,LaGrange,18087,1959,5685,0,7644,3
IN,Noble,18113,3865,9841,0,13706,3
IN,Huntington,18069,3390,9665,0,13055,3
IN,Wells,18179,2489,8405,0,10894,3
IN,Jay,18075,1867,4408,0,6275,3
IN,Whitley,18183,3419,9898,0,13317,3
IN,Allen,18003,54759,70954,0,125713,3
IN,Jasper,18073,3069,7423,0,10492,4
IN,Putnam,18133,3384,8473,0,11857,4
IN,Howard,18067,10426,18056,0,28482,4;5
IN,Tippecanoe,18157,25378,25571,0,50949,4
IN,Clinton,18023,2584,6535,0,9119,4
IN,Montgomery,18107,3287,9145,0,12432,4
IN,Morgan,18109,6634,18358,0,24992,4;9
IN,Newton,18111,1349,3205,0,4554,4
IN,White,18181,2497,5926,0,8423,4
IN,Boone,18011,9535,17768,0,27303,4;5
IN,Warren,18171,887,2367,0,3254,4
IN,Hendricks,18063,22560,39598,0,62158,4
IN,Cass,18017,3733,7590,0,11323,4
IN,Fountain,18045,1439,4385,0,5824,4
IN,Carroll,18015,1942,4944,0,6886,4
IN,Benton,18007,795,2128,0,2923,4
IN,Madison,18095,16512,27184,0,43696,5
IN,Marion,18097,193153,112227,0,305380,5;7
IN,Tipton,18159,1409,4693,0,6102,5
IN,Grant,18053,5907,14026,0,19933,5
IN,Hamilton,18057,53366,83679,0,137045,5
IN,Randolph,18135,2224,5441,413,8078,6
IN,Switzerland,18155,870,1963,81,2914,6
IN,Hancock,18059,9096,20099,991,30186,6
IN,Shelby,18145,4046,9966,382,14394,6
IN,Ohio,18115,679,1657,56,2392,6
IN,Jennings,18079,2502,6416,199,9117,6
IN,Henry,18065,4999,10090,634,15723,6
IN,Union,18161,636,1819,51,2506,6
IN,Rush,18139,1572,4244,195,6011,6
IN,Jefferson,18077,4235,6766,251,11252,6
IN,Delaware,18035,18480,18072,1069,37621,6
IN,Franklin,18047,1414,5581,535,7530,6
IN,Ripley,18137,2165,6901,413,9479,6
IN,Dearborn,18029,4277,13434,469,18180,6
IN,Scott,18143,2995,4536,57,7588,6;9
IN,Wayne,18177,7130,11697,992,19819,6
IN,Fayette,18041,2163,5104,188,7455,6
IN,Bartholomew,18005,9607,16161,783,26551,6
IN,Decatur,18031,2007,6692,277,8976,6
IN,Gibson,18051,3491,8889,0,12380,8
IN,Vanderburgh,18163,25679,32428,0,58107,8
IN,Posey,18129,3543,7051,0,10594,8
IN,Perry,18123,3119,3914,0,7033,8
IN,Greene,18055,2786,7767,0,10553,8
IN,Pike,18125,1543,3539,0,5082,8
IN,Owen,18119,2129,4946,0,7075,8
IN,Daviess,18027,1627,7026,0,8653,8
IN,Spencer,18147,2879,5722,0,8601,8
IN,Knox,18083,3489,8763,0,12252,8
IN,Sullivan,18153,2237,5057,0,7294,8
IN,Crawford,18025,1575,2339,0,3914,8;9
IN,Warrick,18173,8871,15357,0,24228,8
IN,Dubois,18037,4932,11389,0,16321,8
IN,Parke,18121,1342,3972,0,5314,8
IN,Vigo,18167,13844,17576,0,31420,8
IN,Vermillion,18165,1970,3412,0,5382,8
IN,Martin,18101,1029,3185,0,4214,8
IN,Clay,18021,2207,7040,0,9247,8
IN,Harrison,18061,5435,10121,0,15556,9
IN,Lawrence,18093,4907,10550,0,15457,9
IN,Floyd,18043,14508,17311,0,31819,9
IN,Johnson,18081,18039,33664,0,51703,9
IN,Washington,18175,2970,6361,0,9331,9
IN,Orange,18117,2278,4495,0,6773,9
IN,Clark,18019,19236,23751,0,42987,9
IN,Monroe,18105,35575,16206,0,51781,9
IN,Brown,18013,3002,4169,0,7171,9
IN,Jackson,18071,4481,9935,0,14416,9
AL,Mobile,01097,60596,72498,93,133187,1
AL,Escambia,01053,3763,8313,0,12076,1
AL,Monroe,01099,3863,4978,0,8841,1
AL,Clarke,01025,5254,2645,108,8007,1;7
AL,Baldwin,01003,17779,59992,58,77829,1
AL,Washington,01129,2004,4802,2,6808,1
AL,Autauga,01001,6221,13400,44,19665,2
AL,Montgomery,01101,50099,26257,113,76469,2;3;7
AL,Conecuh,01035,2463,2391,1,4855,2
AL,Henry,01067,2253,4418,10,6681,2
AL,Bullock,01011,2830,850,2,3682,2
AL,Covington,01039,2363,9617,0,11980,2
AL,Houston,01069,9957,22077,97,32131,2
AL,Pike,01109,4556,5799,21,10376,2
AL,Dale,01045,4261,9927,45,14233,2
AL,Elmore,01051,8292,21018,61,29371,2
AL,Barbour,01005,4162,4191,1,8354,2
AL,Coffee,01031,4142,11754,30,15926,2
AL,Geneva,01061,1544,7365,32,8941,2
AL,Butler,01013,3693,4414,5,8112,2
AL,Crenshaw,01041,1770,3579,7,5356,2
AL,St. Clair,01115,5589,24272,8,29869,3
AL,Calhoun,01015,12178,24695,35,36908,3
AL,Tallapoosa,01123,4684,10998,5,15687,3
AL,Cleburne,01029,462,3950,3,4415,3
AL,Lee,01081,21002,28268,44,49314,3
AL,Talladega,01121,10212,15963,12,26187,3
AL,Clay,01027,1051,4331,0,5382,3
AL,Russell,01113,8016,7001,7,15024,3
AL,Randolph,01111,1810,5774,5,7589,3
AL,Cherokee,01019,1364,7092,7,8463,3;4
AL,Macon,01087,5988,1235,4,7227,3
AL,Chambers,01017,4777,6524,8,11309,3
AL,Marshall,01095,4271,22915,19,27205,4
AL,Etowah,01055,9005,25387,29,34421,4
AL,Tuscaloosa,01125,32996,17539,1528,52063,4;7
AL,Walker,01127,4111,18897,23,23031,4
AL,DeKalb,01049,3699,17469,41,21209,4
AL,Winston,01133,829,6836,20,7685,4
AL,Blount,01009,1957,17420,14,19391,4;6
AL,Colbert,01033,6912,13694,11,20617,4
AL,Cullman,01043,3359,25245,20,28624,4
AL,Jackson,01071,3522,12049,10,15581,4;5
AL,Marion,01093,1273,8570,12,9855,4
AL,Lamar,01075,824,4532,1,5357,4
AL,Franklin,01059,1866,6850,13,8729,4
AL,Fayette,01057,1493,5851,11,7355,4
AL,Lawrence,01079,3183,8605,6,11794,4
AL,Madison,01089,66424,74838,128,141390,5
AL,Lauderdale,01077,10288,20503,0,30791,5
AL,Morgan,01103,10816,28583,28,39427,5
AL,Limestone,01083,10343,23141,43,33527,5
AL,Shelby,01117,23289,60328,48,83665,6
AL,Chilton,01021,2060,10684,4,12748,6
AL,Bibb,01007,1559,5299,1,6859,6
AL,Jefferson,01073,146384,96484,1298,244166,6;7
AL,Coosa,01037,1439,2814,4,4257,6
AL,Marengo,01091,5269,0,154,5423,7
AL,Hale,01065,4658,0,109,4767,7
AL,Pickens,01107,4192,0,0,4192,7
AL,Choctaw,01023,3520,0,135,3655,7
AL,Wilcox,01131,3478,0,71,3549,7
AL,Perry,01105,3342,0,44,3386,7
AL,Dallas,01047,10817,0,275,11092,7
AL,Sumter,01119,4540,0,57,4597,7
AL,Lowndes,01085,3831,0,77,3908,7
AL,Greene,01063,3610,0,22,3632,7
AZ,Pima,04019,223379,161311,912,385602,1;2;3
AZ,Cochise,04003,18539,26198,140,44877,2
AZ,Pinal,04021,49938,65135,983,116056,1;3;4
AZ,Greenlee,04011,1160,1379,4,2543,1
AZ,Navajo,04017,18018,18331,60,36409,1
AZ,Yavapai,04025,38846,67289,1255,107390,1;4
AZ,Coconino,04005,35864,18780,84,54728,1
AZ,Gila,04007,7532,12606,188,20326,1;4
AZ,Apache,04001,16905,8078,62,25045,1
AZ,Graham,04009,3658,6886,21,10565,1
AZ,Maricopa,04013,717486,669907,22031,1409424,1;3;4;5;6;7;8;9
AZ,Santa Cruz,04023,9109,4314,12,13435,3
AZ,Yuma,04027,20307,22937,270,43514,3;4
AZ,La Paz,04012,1399,3533,82,5014,4
AZ,Mohave,04015,17053,52567,1029,70649,1;4
AR,Jefferson,05069,11336,7837,392,19565,1;4
AR,Baxter,05005,3189,10712,354,14255,1
AR,Arkansas,05001,1406,3428,86,4920,1
AR,Lonoke,05085,4259,15728,507,20494,1
AR,Stone,05137,954,3346,107,4407,1
AR,Crittenden,05035,6085,5601,176,11862,1
AR,Mississippi,05093,3659,6460,256,10375,1
AR,Fulton,05049,933,2790,75,3798,1
AR,Jackson,05067,1082,3014,73,4169,1
AR,Lawrence,05075,922,3616,126,4664,1
AR,Independence,05063,1980,7879,241,10100,1
AR,Lincoln,05079,875,1971,176,3022,1
AR,Woodruff,05147,829,1208,40,2077,1
AR,Randolph,05121,1149,4268,186,5603,1
AR,Cross,05037,1441,4235,104,5780,1
AR,Searcy,05129,478,2546,107,3131,1;3
AR,Prairie,05117,628,2144,55,2827,1
AR,Clay,05021,842,3182,90,4114,1
AR,Sharp,05135,1102,4407,131,5640,1
AR,Izard,05065,838,3524,85,4447,1
AR,Greene,05055,2176,8470,268,10914,1
AR,Poinsett,05111,1273,4651,164,6088,1
AR,St. Francis,05123,3038,2587,129,5754,1
AR,Desha,05041,1653,1658,83,3394,1
AR,Chicot,05017,1929,1537,61,3527,1
AR,Monroe,05095,1131,1408,49,2588,1
AR,Cleburne,05023,1503,7928,185,9616,1
AR,Lee,05077,1154,924,23,2101,1
AR,Phillips,05107,3125,2182,72,5379,1
AR,Craighead,05031,8087,17389,566,26042,1
AR,Faulkner,05045,13737,23702,1099,38538,2
AR,Van Buren,05141,1603,4525,154,6282,2
AR,Pulaski,05119,80138,52467,2289,134894,2
AR,Perry,05105,1047,2568,88,3703,2
AR,White,05145,4846,16669,499,22014,2
AR,Sebastian,05131,9044,23112,973,33129,3;4
AR,Conway,05029,2443,3910,111,6464,2
AR,Saline,05125,12321,28284,953,41558,2
AR,Washington,05143,29775,34346,1651,65772,3
AR,Crawford,05033,3300,13089,434,16823,3;4
AR,Pope,05115,3876,13690,393,17959,3
AR,Carroll,05015,3094,5663,196,8953,3
AR,Newton,05101,675,2316,154,3145,3;4
AR,Boone,05009,2239,9132,236,11607,3
AR,Marion,05089,1085,3954,120,5159,3
AR,Benton,05007,23805,51473,2214,77492,3
AR,Garland,05051,9988,21187,594,31769,4
AR,Franklin,05047,1119,4023,119,5261,4
AR,Polk,05113,972,4958,119,6049,4
AR,Madison,05087,1426,3948,138,5512,4
AR,Montgomery,05097,615,2162,53,2830,4
AR,Clark,05019,2848,3767,114,6729,4
AR,Hot Spring,05059,2274,6261,180,8715,4
AR,Pike,05109,599,2664,71,3334,4
AR,Little River,05081,1097,2751,70,3918,4
AR,Union,05139,4164,7867,184,12215,4
AR,Bradley,05011,937,1832,70,2839,4
AR,Logan,05083,1156,4112,245,5513,4
AR,Johnson,05071,1996,5200,237,7433,4
AR,Sevier,05133,734,2372,86,3192,4
AR,Ouachita,05103,3249,3934,163,7346,4
AR,Ashley,05003,1888,4143,95,6126,4
AR,Hempstead,05057,1690,3194,59,4943,4
AR,Scott,05127,442,2332,75,2849,4
AR,Howard,05061,1008,2453,53,3514,4
AR,Nevada,05099,906,1562,48,2516,4
AR,Yell,05149,1179,3988,138,5305,4
AR,Cleveland,05025,535,2015,40,2590,4
AR,Lafayette,05073,716,1362,40,2118,4
AR,Miller,05091,3087,8189,137,11413,4
AR,Grant,05053,988,4463,97,5548,4
AR,Calhoun,05013,483,1268,28,1779,4
AR,Drew,05043,1819,3432,101,5352,4
AR,Columbia,05027,2172,4091,70,6333,4
AR,Dallas,05039,807,1279,26,2112,4
CA,Sierra,06091,707,956,0,1663,1
CA,Shasta,06089,24755,45308,0,70063,1
CA,Plumas,06063,4003,5221,0,9224,1
CA,Modoc,06049,1041,2421,0,3462,1
CA,Tehama,06103,7021,13885,0,20906,1
CA,Butte,06007,48127,41063,0,89190,1
CA,Placer,06061,81259,93417,0,174676,1;4
CA,Glenn,06021,3030,5225,0,8255,1;3
CA,Nevada,06057,31666,22567,0,54233,1;4
CA,Lassen,06035,2456,6556,0,9012,1
CA,Siskiyou,06093,8391,9792,0,18183,1
CA,Del Norte,06015,3920,4339,0,8259,2
CA,Mendocino,06045,23839,9240,0,33079,2
CA,Trinity,06105,2604,2647,0,5251,2
CA,Marin,06041,107005,20700,0,127705,2
CA,Humboldt,06023,36466,15622,0,52088,2
CA,Sonoma,06097,160389,41415,0,201804,2;5
CA,Sutter,06101,13572,16108,0,29680,3
CA,Yolo,06113,55939,15479,0,71418,3;6
CA,Colusa,06011,2411,3277,0,5688,3
CA,Sacramento,06067,351612,137314,0,488926,3;6;7;9
CA,Lake,06033,12704,7511,0,20215,3;5
CA,Solano,06095,95638,47857,0,143495,3;5
CA,Yuba,06115,8044,10946,0,18990,3
CA,Fresno,06019,130722,121205,0,251927,4;16;21;22
CA,Alpine,06003,420,199,0,619,4
CA,Tuolumne,06109,10596,13221,0,23817,4
CA,Mariposa,06043,3513,4713,0,8226,4
CA,El Dorado,06017,41155,48034,0,89189,4
CA,Calaveras,06009,9006,12518,0,21524,4
CA,Madera,06039,15400,22977,0,38377,4;16
CA,Amador,06005,7206,10285,0,17491,4
CA,Napa,06055,41640,12439,0,54079,5
CA,Contra Costa,06013,289768,113132,0,402900,5;9;11;15
CA,Mono,06051,0,3905,0,3905,8
CA,Inyo,06027,0,6150,0,6150,8
CA,San Bernardino,06071,216428,289774,0,506202,8;27;31;35;39
CA,Stanislaus,06099,81392,75346,0,156738,10
CA,San Joaquin,06077,105086,87498,0,192584,9;10
CA,San Francisco,06075,306924,48267,0,355191,12;13;14
CA,Alameda,06001,457183,104584,0,561767,13;15;17
CA,San Mateo,06081,221148,61178,0,282326,14;18
CA,Merced,06047,32083,26717,0,58800,16
CA,Santa Clara,06085,449215,154824,0,604039,17;18;19;20
CA,Santa Cruz,06087,96453,19991,0,116444,18;20
CA,San Benito,06069,13974,5525,0,19499,20
CA,Monterey,06053,90402,23011,0,113413,20
CA,Kings,06031,11566,18725,0,30291,21
CA,Kern,06029,79859,121953,0,201812,21;23
CA,Tulare,06107,44885,54606,0,99491,21;22;23
CA,Los Angeles,06037,2192226,646758,0,2838984,23;25;26;27;28;29;30;32;33;34;35;37;38;39;40;43;44;47
CA,Santa Barbara,06083,95865,59051,0,154916,24
CA,San Luis Obispo,06079,68115,57454,0,125569,24
CA,Ventura,06111,183753,122351,0,306104,24;25;26;30
CA,Riverside,06065,343891,289550,0,633441,36;41;42;50
CA,Orange,06059,581435,492040,0,1073475,38;39;45;46;47;48;49
CA,San Diego,06073,706248,430182,0,1136430,49;50;51;52;53
CA,Imperial,06025,22112,11225,0,33337,51
CO,Arapahoe,08005,154740,108926,8035,271701,1;4;6
CO,Jefferson,08059,173265,118773,12620,304658,1;2;7
CO,Denver,08031,239280,57186,9602,306068,1
CO,Clear Creek,08019,2847,2062,410,5319,2
CO,Park,08093,3474,5350,576,9400,2;5
CO,Eagle,08037,13308,7935,949,22192,2;3
CO,Grand,08049,3328,3609,654,7591,2
CO,Summit,08117,8835,4068,1057,13960,2
CO,Larimer,08069,92787,72558,11458,176803,2
CO,Boulder,08013,130071,38116,6372,174559,2;4
CO,Gilpin,08047,1732,1304,309,3345,2
CO,Broomfield,08014,20290,13019,2343,35652,2
CO,Pueblo,08101,30541,31787,4330,66658,3
CO,Delta,08029,4543,9958,688,15189,3
CO,Gunnison,08051,5383,2991,418,8792,3
CO,Hinsdale,08053,211,321,26,558,3
CO,Lake,08065,1645,1057,158,2860,3
CO,Pitkin,08097,7150,2446,252,9848,3
CO,Dolores,08033,257,878,64,1199,3
CO,Montezuma,08083,4275,6943,553,11771,3
CO,Montrose,08085,5388,12767,874,19029,3
CO,San Miguel,08113,3032,937,128,4097,3
CO,Archuleta,08007,2635,3850,334,6819,3
CO,La Plata,08067,15556,11586,1355,28497,3
CO,Ouray,08091,1826,1278,118,3222,3
CO,San Juan,08111,264,172,21,457,3
CO,Mesa,08077,21460,42483,3757,67700,3
CO,Jackson,08057,138,599,39,776,3
CO,Routt,08107,8353,4603,473,13429,3
CO,Garfield,08045,11410,11836,922,24168,3
CO,Moffat,08081,842,4347,207,5396,3
CO,Rio Blanco,08103,396,2544,113,3053,3
CO,Custer,08027,799,1944,145,2888,3
CO,Alamosa,08003,2875,2977,236,6088,3
CO,Conejos,08021,1547,1888,125,3560,3
CO,Costilla,08023,1043,527,75,1645,3
CO,Huerfano,08055,1638,1764,234,3636,3
CO,Mineral,08079,246,326,29,601,3
CO,Rio Grande,08105,1804,2936,206,4946,3
CO,Saguache,08109,1502,1052,121,2675,3
CO,Weld,08123,47727,77310,12,125049,4
CO,Elbert,08039,3404,11170,0,14574,4
CO,Lincoln,08073,373,1708,0,2081,4
CO,Washington,08121,275,2129,0,2404,4
CO,Cheyenne,08017,130,853,0,983,4
CO,Kit Carson,08063,515,2559,1,3075,4
CO,Logan,08075,1863,6667,1,8531,4
CO,Morgan,08087,2927,7680,0,10607,4
CO,Phillips,08095,398,1634,0,2032,4
CO,Sedgwick,08115,269,935,0,1204,4
CO,Yuma,08125,655,3440,0,4095,4
CO,Douglas,08035,73450,101124,1419,175993,4;6
CO,Adams,08001,97012,66401,7423,170836,4;6;7
CO,Otero,08089,2892,4558,0,7450,4
CO,Baca,08009,320,1543,0,1863,4
CO,Bent,08011,651,1208,0,1859,4
CO,Crowley,08025,412,980,0,1392,4
CO,Kiowa,08061,96,671,0,767,4
CO,Las Animas,08071,2999,3231,0,6230,4
CO,Prowers,08099,1097,3036,1,4134,4
CO,El Paso,08041,109510,155070,10124,274704,5
CO,Teller,08119,4042,8375,431,12848,5
CO,Fremont,08043,5972,12752,778,19502,5
CO,Chaffee,08015,5506,5035,347,10888,5
CT,Middlesex,09007,47044,29973,950,77967,1;2;3
CT,Hartford,09003,216538,118758,3231,338527,1;2;5
CT,Litchfield,09005,41280,42334,249,83863,1;5
CT,Windham,09015,24176,16086,1313,41575,2
CT,Tolland,09013,40338,22607,1644,64589,2
CT,New London,09011,69343,32868,2405,104616,2
CT,New Haven,09009,197520,120797,143,318460,2;3;4;5
CT,Fairfield,09001,213102,137098,10,350210,3;4;5
DE,Kent,10001,33162,24556,332,58050,1
DE,Sussex,10005,44048,44615,384,89047,1
DE,New Castle,10003,150143,56213,361,206717,1
FL,Duval,12031,179664,189024,6148,374836,4;5
FL,Citrus,12017,22380,47839,94,70313,11
FL,Lee,12071,111897,174534,221,286652,17;19
FL,Broward,12011,444766,174865,19110,638741,20;22;23
FL,Santa Rosa,12113,19948,55526,0,75474,1
FL,Okaloosa,12091,23694,60222,0,83916,1
FL,Walton,12131,7329,22861,0,30190,1
FL,Holmes,12059,787,5963,0,6750,1;2
FL,Escambia,12033,54734,73752,0,128486,1
FL,Wakulla,12129,4469,9623,0,14092,2
FL,Dixie,12029,989,4748,0,5737,2
FL,Taylor,12123,1982,5879,0,7861,2
FL,Jefferson,12065,3719,3568,0,7287,2;5
FL,Leon,12073,89684,48574,0,138258,2;5
FL,Gilchrist,12041,1324,5991,0,7315,2
FL,Marion,12083,57452,95441,67,152960,2;3;11
FL,Lafayette,12067,458,2328,0,2786,2
FL,Washington,12133,1792,7227,0,9019,2
FL,Jackson,12063,4891,10935,0,15826,2
FL,Franklin,12037,1805,3589,0,5394,2
FL,Calhoun,12013,925,3666,0,4591,2
FL,Liberty,12077,580,2077,0,2657,2
FL,Suwannee,12121,3472,12376,0,15848,2
FL,Levy,12075,4715,12168,0,16883,2
FL,Gulf,12045,1458,4411,0,5869,2
FL,Columbia,12023,6937,17559,0,24496,2;5
FL,Bay,12005,15834,47366,0,63200,2
FL,Clay,12019,26019,66733,0,92752,3
FL,Union,12125,899,3964,0,4863,3
FL,Alachua,12001,70937,43579,0,114516,3
FL,Putnam,12107,8494,19490,0,27984,3
FL,Bradford,12007,2460,7983,0,10443,3
FL,Nassau,12089,9895,32571,797,43263,4
FL,St. Johns,12109,40858,85608,2778,129244,4;6
FL,Madison,12079,3456,4101,0,7557,5
FL,Baker,12003,1966,8448,0,10414,5
FL,Hamilton,12047,1756,2746,0,4502,5
FL,Gadsden,12039,14612,5356,0,19968,5
FL,Flagler,12035,21635,30583,0,52218,6
FL,Volusia,12127,103779,122589,0,226368,6
FL,Lake,12069,60849,92949,13,153811,6;11;15
FL,Seminole,12117,106338,91435,0,197773,7
FL,Orange,12095,125592,71936,0,197528,7;8;9
FL,Brevard,12009,112989,167649,0,280638,8
FL,Indian River,12061,27005,46744,0,73749,8
FL,Osceola,12097,71924,41829,0,113753,9
FL,Polk,12105,107853,131483,155,239491,9;15;17
FL,Sumter,12119,22205,51631,32,73868,11
FL,Hernando,12053,30385,49362,111,79858,11
FL,Pasco,12101,80624,124959,5206,210789,12
FL,Hillsborough,12057,113143,120732,305,234180,12;15;16
FL,Pinellas,12103,232512,199700,2188,434400,12;13
FL,Sarasota,12115,94779,114565,0,209344,16;17
FL,Manatee,12081,67653,95137,0,162790,16
FL,DeSoto,12027,3253,5557,0,8810,17
FL,Charlotte,12015,32617,53387,0,86004,17
FL,Glades,12043,1184,2598,0,3782,17
FL,Okeechobee,12093,3415,7665,0,11080,17
FL,Hardee,12049,1903,4428,0,6331,17
FL,Highlands,12055,13299,25913,0,39212,17
FL,Palm Beach,12099,157839,101495,3233,262567,18;20;22
FL,St. Lucie,12111,62281,61645,0,123926,18
FL,Martin,12085,27694,50235,0,77929,18
FL,Collier,12021,55337,99206,28,154571,19;25
FL,Miami-Dade,12086,299870,302965,7198,610033,23;25;26;27
FL,Hendry,12051,3557,5051,0,8608,25
FL,Monroe,12087,16671,19307,0,35978,26
GA,Chatham,13051,59674,42901,0,102575,1
GA,Ware,13299,3009,7907,0,10916,1
GA,Effingham,13103,5065,18080,0,23145,1;12
GA,Pierce,13229,741,6074,0,6815,1
GA,Long,13183,1335,2609,0,3944,1
GA,Wayne,13305,1974,8044,0,10018,1
GA,Charlton,13049,808,2520,0,3328,1
GA,Clinch,13065,513,1688,0,2201,1
GA,Glynn,13127,11429,20846,0,32275,1
GA,Bryan,13029,4307,10585,0,14892,1
GA,Camden,13039,5725,11167,0,16892,1
GA,Liberty,13179,9458,5764,0,15222,1
GA,McIntosh,13191,2068,3251,0,5319,1
GA,Bacon,13005,485,3260,0,3745,1
GA,Lowndes,13185,532,26226,0,26758,1;8
GA,Brantley,13025,529,5084,0,5613,1
GA,Echols,13101,122,1001,0,1123,1
GA,Taylor,13269,1361,1894,0,3255,2
GA,Sumter,13261,5827,4611,0,10438,2
GA,Crawford,13079,1507,3351,0,4858,2
GA,Randolph,13243,1710,1023,0,2733,2
GA,Dougherty,13095,22647,8431,0,31078,2
GA,Baker,13007,649,606,0,1255,2
GA,Crisp,13081,3103,3802,0,6905,2
GA,Early,13099,2135,1957,0,4092,2
GA,Calhoun,13037,1287,586,0,1873,2
GA,Decatur,13087,3874,5139,0,9013,2
GA,Mitchell,13205,3721,3630,0,7351,2
GA,Grady,13131,3136,5148,0,8284,2
GA,Clay,13061,729,438,0,1167,2
GA,Talbot,13263,1814,1067,0,2881,2
GA,Marion,13197,1169,1720,0,2889,2
GA,Terrell,13273,2372,1518,0,3890,2
GA,Dooly,13093,2021,1649,0,3670,2
GA,Peach,13225,5148,5123,0,10271,2
GA,Muscogee,13215,38729,23748,0,62477,2;3
GA,Lee,13177,4145,9270,0,13415,2
GA,Chattahoochee,13053,541,546,0,1087,2
GA,Miller,13201,670,1569,0,2239,2
GA,Bibb,13021,27750,26234,0,53984,2;8
GA,Quitman,13239,465,449,0,914,2
GA,Macon,13193,2777,1354,0,4131,2
GA,Stewart,13259,1116,641,0,1757,2
GA,Seminole,13253,1265,1922,0,3187,2
GA,Schley,13249,453,1449,0,1902,2
GA,Webster,13307,484,606,0,1090,2
GA,Spalding,13255,8919,14950,0,23869,3
GA,Coweta,13077,16573,40679,0,57252,3
GA,Fayette,13113,24094,32978,0,57072,3;13
GA,Troup,13285,8690,14809,0,23499,3
GA,Meriwether,13199,3428,5055,0,8483,3
GA,Lamar,13171,2153,5076,0,7229,3
GA,Carroll,13045,11931,29242,0,41173,3
GA,Harris,13145,3892,11861,0,15753,3
GA,Heard,13149,664,3309,0,3973,3
GA,Pike,13231,1149,7261,0,8410,3
GA,Henry,13151,55661,41491,0,97152,3;10;13
GA,Upson,13293,3326,7063,0,10389,3
GA,Newton,13217,22991,19357,0,42348,4;10
GA,DeKalb,13089,256965,44814,0,301779,4;5;6
GA,Rockdale,13247,24318,11726,0,36044,4
GA,Gwinnett,13135,175023,135943,0,310966,4;7;10
GA,Fulton,13121,307966,93006,0,400972,5;6;11;13
GA,Clayton,13063,81031,7129,0,88160,5;13
GA,Cobb,13067,165079,142952,0,308031,6;11;13
GA,Forsyth,13117,25841,66532,0,92373,7;9
GA,Monroe,13207,0,10529,0,10529,8
GA,Wilcox,13315,0,2304,0,2304,8
GA,Berrien,13019,0,5633,0,5633,8
GA,Houston,13153,0,43850,0,43850,8
GA,Turner,13287,0,2635,0,2635,8
GA,Colquitt,13071,0,10819,0,10819,8
GA,Atkinson,13003,0,2023,0,2023,8
GA,Jones,13169,0,9781,0,9781,8
GA,Brooks,13027,0,4167,0,4167,8
GA,Thomas,13275,0,12863,0,12863,8
GA,Wilkinson,13319,0,2809,0,2809,8
GA,Worth,13321,0,6512,0,6512,8
GA,Tift,13277,0,11195,0,11195,8
GA,Cook,13075,0,4849,0,4849,8
GA,Dodge,13091,0,5751,0,5751,8
GA,Pulaski,13235,0,2881,0,2881,8
GA,Twiggs,13289,0,2597,0,2597,8
GA,Ben Hill,13017,0,4320,0,4320,8
GA,Bleckley,13023,0,4100,0,4100,8
GA,Telfair,13271,0,2652,0,2652,8
GA,Irwin,13155,0,2960,0,2960,8
GA,Lanier,13173,0,2214,0,2214,8
GA,Hall,13139,16991,49430,0,66421,9
GA,Clarke,13059,29538,12930,0,42468,9;10
GA,Habersham,13137,2471,12788,0,15259,9
GA,Banks,13011,676,6070,0,6746,9
GA,Pickens,13227,1911,11217,0,13128,9;14
GA,Gilmer,13123,2001,10322,0,12323,9
GA,Hart,13147,2187,7237,0,9424,9
GA,Union,13291,1904,9802,0,11706,9
GA,White,13311,1746,9547,0,11293,9
GA,Franklin,13119,1093,6953,0,8046,9
GA,Elbert,13105,2207,5055,0,7262,9
GA,Dawson,13085,1539,9874,0,11413,9
GA,Jackson,13157,4734,21814,0,26548,9
GA,Madison,13195,2468,9041,0,11509,9
GA,Fannin,13111,1845,9200,0,11045,9
GA,Lumpkin,13187,2280,9120,0,11400,9
GA,Towns,13281,1110,4910,0,6020,9
GA,Rabun,13241,1484,5965,0,7449,9
GA,Stephens,13257,1705,7243,0,8948,9
GA,Barrow,13013,6789,20241,0,27030,10
GA,Putnam,13237,2480,6719,0,9199,10
GA,McDuffie,13189,3358,5314,0,8672,10
GA,Oconee,13219,5810,14587,0,20397,10
GA,Jefferson,13163,3403,3148,0,6551,10
GA,Walton,13297,8501,29703,0,38204,10
GA,Oglethorpe,13221,1837,4535,0,6372,10
GA,Columbia,13073,18942,42099,0,61041,10;12
GA,Morgan,13211,2556,6826,0,9382,10
GA,Lincoln,13181,1156,2745,0,3901,10
GA,Baldwin,13009,7441,7839,0,15280,10
GA,Johnson,13167,908,2470,0,3378,10
GA,Butts,13035,2372,6336,0,8708,10
GA,Wilkes,13317,1679,2572,0,4251,10
GA,Hancock,13141,2513,912,0,3425,10
GA,Taliaferro,13265,485,363,0,848,10
GA,Washington,13303,3876,4049,0,7925,10
GA,Glascock,13125,107,1148,0,1255,10
GA,Greene,13133,2965,5949,0,8914,10
GA,Jasper,13159,1450,4397,0,5847,10
GA,Warren,13301,1141,1057,0,2198,10
GA,Bartow,13015,8310,28524,0,36834,11
GA,Cherokee,13057,26980,78142,0,105122,11
GA,Richmond,13245,45717,23708,0,69425,12
GA,Toombs,13279,2157,6580,0,8737,12
GA,Appling,13001,1316,5345,0,6661,12
GA,Emanuel,13107,2165,5406,0,7571,12
GA,Montgomery,13209,793,2654,0,3447,12
GA,Wheeler,13309,546,1345,0,1891,12
GA,Burke,13033,4114,4492,0,8606,12
GA,Jeff Davis,13161,787,3896,0,4683,12
GA,Coffee,13069,3469,8841,0,12310,12
GA,Treutlen,13283,749,1763,0,2512,12
GA,Bulloch,13031,8473,14952,0,23425,12
GA,Screven,13251,2121,3216,0,5337,12
GA,Laurens,13175,6119,12424,0,18543,12
GA,Candler,13043,954,2543,0,3497,12
GA,Tattnall,13267,1501,5028,0,6529,12
GA,Jenkins,13165,967,1884,0,2851,12
GA,Evans,13109,1012,2371,0,3383,12
GA,Douglas,13097,33005,21509,0,54514,13
GA,Whitfield,13313,6909,19807,0,26716,14
GA,Chattooga,13055,1482,5799,0,7281,14
GA,Floyd,13115,7993,21776,0,29769,14
GA,Polk,13233,2553,10075,0,12628,14
GA,Walker,13295,3847,17298,0,21145,14
GA,Paulding,13223,19394,40982,0,60376,14
GA,Haralson,13143,1241,9164,0,10405,14
GA,Catoosa,13047,4473,18901,0,23374,14
GA,Gordon,13129,3128,14313,0,17441,14
GA,Murray,13213,1579,9313,0,10892,14
GA,Dade,13083,883,4448,0,5331,14
HI,Honolulu,15003,183084,61914,7063,252061,1;2
HI,Hawaii,15001,45237,12138,0,57375,2
HI,Maui,15009,39906,8716,0,48622,2
HI,Kauai,15007,19694,4580,0,24274,2
ID,Idaho,16049,1276,5191,422,6889,1
ID,Ada,16001,86193,95068,6101,187362,1;2
ID,Adams,16003,427,1291,138,1856,1
ID,Kootenai,16055,16665,36669,2846,56180,1
ID,Lewis,16061,266,1006,92,1364,1
ID,Washington,16087,790,2833,223,3846,1
ID,Shoshone,16079,1427,2328,375,4130,1
ID,Canyon,16027,17690,40512,4490,62692,1
ID,Gem,16045,1315,5173,499,6987,1
ID,Payette,16075,1471,5464,526,7461,1
ID,Valley,16085,2123,2608,359,5090,1
ID,Benewah,16009,894,2471,250,3615,1
ID,Clearwater,16035,710,2188,190,3088,1
ID,Boise,16015,800,2346,281,3427,1
ID,Owyhee,16073,599,2586,217,3402,1
ID,Boundary,16021,929,3005,260,4194,1
ID,Nez Perce,16069,4930,8225,1012,14167,1
ID,Latah,16057,8177,6307,1054,15538,1
ID,Bonner,16017,6061,11067,1093,18221,1
ID,Clark,16033,32,217,0,249,2
ID,Camas,16025,133,392,0,525,2
ID,Bear Lake,16007,291,1844,0,2135,2
ID,Madison,16065,1410,7292,0,8702,2
ID,Jerome,16053,1299,4000,0,5299,2
ID,Lemhi,16059,802,2608,0,3410,2
ID,Blaine,16013,6764,3670,0,10434,2
ID,Oneida,16071,199,1292,0,1491,2
ID,Fremont,16043,751,3981,0,4732,2
ID,Teton,16081,2503,2244,0,4747,2
ID,Bonneville,16019,9446,25370,0,34816,2
ID,Power,16077,648,1537,0,2185,2
ID,Minidoka,16067,1081,4004,0,5085,2
ID,Jefferson,16051,1183,7379,0,8562,2
ID,Gooding,16047,958,3414,0,4372,2
ID,Bingham,16011,3054,9927,0,12981,2
ID,Franklin,16041,399,3396,0,3795,2
ID,Custer,16037,453,1609,0,2062,2
ID,Elmore,16039,1991,4933,0,6924,2
ID,Twin Falls,16083,6865,17246,0,24111,2
ID,Bannock,16005,12423,16370,0,28793,2
ID,Cassia,16031,1027,5067,0,6094,2
ID,Butte,16023,175,836,0,1011,2
ID,Caribou,16029,323,1916,0,2239,2
ID,Lincoln,16063,350,1111,0,1461,2
IL,Cook,17031,1381905,344937,19337,1746179,1;2;3;4;5;6;7;8;9;10;11
IL,Will,17197,138133,102856,5149,246138,1;2;3;11;14;16
IL,Kankakee,17091,16363,20032,0,36395,2
IL,DuPage,17043,211635,151919,311,363865,3;5;6;8;11;14
IL,McHenry,17111,59873,56728,0,116601,6;14
IL,Lake,17097,154399,97170,0,251569,6;10;14
IL,Kane,17089,96570,73262,0,169832,6;8;11;14
IL,Kendall,17093,24484,20361,0,44845,11;14
IL,Union,17181,2417,4997,201,7615,12
IL,Madison,17119,47567,54820,1626,104013,12;13;15
IL,Jefferson,17081,4554,9088,360,14002,12
IL,Randolph,17157,4317,7672,283,12272,12
IL,Franklin,17055,5131,9958,366,15455,12
IL,Perry,17145,2634,5833,144,8611,12
IL,St. Clair,17163,54108,41387,3355,98850,12
IL,Williamson,17199,8996,17728,705,27429,12
IL,Jackson,17077,10148,9879,551,20578,12
IL,Alexander,17003,1099,1084,51,2234,12
IL,Macon,17115,16242,22945,77,39264,13
IL,Pulaski,17153,938,1442,34,2414,12
IL,Monroe,17133,5593,9735,324,15652,12
IL,Christian,17021,3467,9452,0,12919,13
IL,Greene,17061,1335,2985,4,4324,13
IL,Montgomery,17135,3961,7438,10,11409,13
IL,Sangamon,17167,36533,49205,84,85822,13;18
IL,De Witt,17039,1816,4377,10,6203,13
IL,Macoupin,17117,7031,10969,23,18023,13
IL,Calhoun,17013,811,1447,1,2259,13
IL,Piatt,17147,2631,4985,22,7638,13
IL,McLean,17113,31232,36168,0,67400,13;18
IL,Champaign,17019,47195,31515,0,78710,13;15
IL,Jersey,17083,2786,5917,9,8712,13
IL,Bond,17005,2255,4298,1,6554,13;15
IL,DeKalb,17037,19739,16521,0,36260,14;16
IL,Massac,17127,1443,3937,0,5380,15
IL,Edwards,17047,419,1999,0,2418,15
IL,Lawrence,17101,1291,3007,0,4298,15
IL,Marion,17121,3917,8732,0,12649,15
IL,Clark,17023,1821,4267,16,6104,15
IL,Douglas,17041,1627,4738,0,6365,15
IL,Wayne,17191,1048,4908,0,5956,15
IL,Gallatin,17059,714,1360,0,2074,15
IL,Shelby,17173,2344,6837,0,9181,15
IL,Washington,17189,1399,4634,0,6033,15
IL,Coles,17029,6520,10464,0,16984,15
IL,Fayette,17051,1897,5950,0,7847,15
IL,Effingham,17049,3162,11143,0,14305,15
IL,Hamilton,17065,862,2579,0,3441,15
IL,Johnson,17087,1223,3948,0,5171,15
IL,Wabash,17185,1040,2943,0,3983,15
IL,Clay,17025,1036,3803,0,4839,15
IL,Vermilion,17183,8446,14675,0,23121,15
IL,Richland,17159,1597,4438,0,6035,15
IL,Clinton,17027,3678,10403,0,14081,15
IL,Edgar,17045,1734,4270,0,6004,15
IL,Saline,17165,2711,6676,0,9387,15
IL,White,17193,1445,4410,0,5855,15
IL,Ford,17053,1051,3916,0,4967,15;16
IL,Hardin,17069,431,1251,0,1682,15
IL,Cumberland,17035,1058,3252,0,4310,15
IL,Jasper,17079,1099,3311,0,4410,15
IL,Moultrie,17139,1640,3487,0,5127,15
IL,Pope,17151,396,1373,0,1769,15
IL,Crawford,17033,2094,4770,0,6864,15
IL,LaSalle,17099,17241,22725,0,39966,16
IL,Lee,17103,5210,7397,0,12607,16
IL,Livingston,17105,3286,8818,0,12104,16
IL,Bureau,17011,5234,8408,0,13642,16
IL,Iroquois,17075,1875,8401,0,10276,16
IL,Grundy,17063,6904,12406,0,19310,16
IL,Boone,17007,7465,10530,0,17995,16
IL,Ogle,17141,6980,12147,0,19127,16
IL,Winnebago,17201,48710,46936,60,95706,16;17
IL,Stark,17175,559,1497,0,2056,16;18
IL,Putnam,17155,1094,1487,0,2581,16
IL,Mercer,17131,3967,3037,0,7004,17
IL,Henry,17073,10408,9034,0,19442,17
IL,Whiteside,17195,13246,8160,0,21406,17
IL,Rock Island,17161,32765,17992,0,50757,17
IL,Jo Daviess,17085,5111,4124,0,9235,17
IL,Fulton,17057,7870,4719,0,12589,17
IL,Henderson,17071,1386,1278,0,2664,17
IL,Warren,17187,3353,2749,0,6102,17
IL,Stephenson,17177,8658,7696,0,16354,17
IL,Knox,17095,11203,6671,0,17874,17
IL,Carroll,17015,3169,2798,0,5967,17
IL,Tazewell,17179,19984,31856,0,51840,17;18
IL,Peoria,17143,33926,31089,0,65015,17;18
IL,Logan,17107,2443,7574,0,10017,18
IL,Morgan,17137,3342,8351,0,11693,18
IL,Mason,17125,1633,3602,0,5235,18
IL,Scott,17171,410,1630,0,2040,18
IL,Hancock,17067,1928,5062,0,6990,18
IL,Cass,17017,1314,3195,0,4509,18
IL,Pike,17149,1392,5050,0,6442,18
IL,Schuyler,17169,862,2242,0,3104,18
IL,Marshall,17123,1348,3375,0,4723,18
IL,McDonough,17109,4002,6171,0,10173,18
IL,Adams,17001,5972,18421,0,24393,18
IL,Brown,17009,350,1541,0,1891,18
IL,Woodford,17203,4576,11656,0,16232,18
IL,Menard,17129,1323,4033,0,5356,18
IA,Dubuque,19061,22359,19282,1106,42747,1
IA,Poweshiek,19157,3966,4044,232,8242,1
IA,Delaware,19055,2810,4475,212,7497,1
IA,Howard,19089,1587,1878,146,3611,1
IA,Worth,19195,1530,1866,109,3505,1
IA,Benton,19011,4698,6465,418,11581,1
IA,Black Hawk,19013,29667,22103,1353,53123,1
IA,Clayton,19043,3311,4320,261,7892,1
IA,Linn,19113,57712,40733,3422,101867,1
IA,Buchanan,19019,3977,4166,310,8453,1
IA,Tama,19171,3257,3780,243,7280,1
IA,Fayette,19065,3701,4167,328,8196,1
IA,Jones,19105,3787,4490,288,8565,1
IA,Bremer,19017,5182,5908,329,11419,1
IA,Mitchell,19131,1836,2518,148,4502,1
IA,Iowa,19095,3099,4203,293,7595,1
IA,Marshall,19127,6611,7124,411,14146,1
IA,Allamakee,19005,2353,3073,226,5652,1
IA,Winneshiek,19191,5102,4364,392,9858,1
IA,Jackson,19097,3797,4483,232,8512,1
IA,Scott,19163,38282,29012,1627,68921,2
IA,Wayne,19185,884,1406,59,2349,2
IA,Mahaska,19123,2712,5489,247,8448,2
IA,Keokuk,19107,1574,2377,88,4039,2
IA,Wapello,19179,5775,5169,360,11304,2
IA,Washington,19183,4272,4595,230,9097,2
IA,Appanoose,19007,2055,2770,132,4957,2
IA,Johnson,19103,49010,16998,1666,67674,2
IA,Van Buren,19177,1197,1634,68,2899,2
IA,Decatur,19053,1122,1651,113,2886,2
IA,Jefferson,19101,4201,2644,178,7023,2
IA,Clinton,19045,9864,7725,415,18004,2
IA,Davis,19051,1389,1646,68,3103,2
IA,Muscatine,19139,7797,6569,428,14794,2
IA,Cedar,19031,4098,3725,221,8044,2
IA,Lee,19111,6515,5578,333,12426,2
IA,Henry,19087,3211,3950,241,7402,2
IA,Lucas,19117,1295,2106,107,3508,2
IA,Marion,19125,5630,8796,434,14860,2
IA,Jasper,19099,7519,7622,465,15606,2
IA,Louisa,19115,1679,2031,82,3792,2
IA,Clarke,19039,1525,1939,153,3617,2
IA,Monroe,19135,1294,1717,92,3103,2
IA,Des Moines,19057,8546,6138,373,15057,2
IA,Montgomery,19137,1209,2631,117,3957,3
IA,Adair,19001,1067,2205,125,3397,3
IA,Dallas,19049,18593,21089,1266,40948,3
IA,Adams,19003,518,1152,60,1730,3
IA,Union,19175,1717,2930,210,4857,3
IA,Polk,19153,115877,82404,7183,205464,3
IA,Warren,19181,10363,12778,910,24051,3
IA,Ringgold,19159,716,1493,65,2274,3
IA,Cass,19029,1777,3829,166,5772,3
IA,Pottawattamie,19155,14044,18181,1572,33797,3
IA,Taylor,19173,673,1683,72,2428,3
IA,Guthrie,19077,1622,3159,211,4992,3
IA,Page,19145,1741,3776,115,5632,3
IA,Mills,19129,2146,3941,221,6308,3
IA,Fremont,19071,990,1933,95,3018,3
IA,Madison,19121,2589,4749,278,7616,3
IA,Cherokee,19035,2359,2702,88,5149,4
IA,Harrison,19085,2237,3559,189,5985,4
IA,Woodbury,19193,18686,15708,751,35145,4
IA,Butler,19023,2199,3675,196,6070,4
IA,Story,19169,27569,13474,1460,42503,4
IA,Buena Vista,19021,3178,3228,162,6568,4
IA,Emmet,19063,1743,1879,98,3720,4
IA,Plymouth,19149,4084,6503,197,10784,4
IA,Kossuth,19109,3171,3942,158,7271,4
IA,Hardin,19083,3027,3917,211,7155,4
IA,Sioux,19167,3682,10824,262,14768,4
IA,Carroll,19027,4075,4652,194,8921,4
IA,Ida,19093,1117,1757,64,2938,4
IA,Monona,19133,1671,2055,83,3809,4
IA,Osceola,19143,709,1663,50,2422,4
IA,Sac,19161,1686,2549,80,4315,4
IA,Humboldt,19091,1465,2481,106,4052,4
IA,Webster,19187,6918,6706,385,14009,4
IA,Pocahontas,19151,1201,1831,88,3120,4
IA,Wright,19197,2085,2650,151,4886,4
IA,Boone,19015,6353,5350,371,12074,4
IA,Chickasaw,19037,2345,2671,165,5181,4
IA,Winnebago,19189,2181,2233,183,4597,4
IA,Calhoun,19025,1842,2318,118,4278,4
IA,O'Brien,19141,1916,3795,108,5819,4
IA,Greene,19073,1945,1999,106,4050,4
IA,Floyd,19067,3205,2841,211,6257,4
IA,Crawford,19047,2248,3025,142,5415,4
IA,Cerro Gordo,19033,10688,7620,587,18895,4
IA,Lyon,19119,1355,3716,101,5172,4
IA,Clay,19041,3125,3555,180,6860,4
IA,Palo Alto,19147,1701,1925,74,3700,4
IA,Franklin,19069,1717,2229,121,4067,4
IA,Shelby,19165,1817,3070,144,5031,4
IA,Hancock,19081,1843,2765,160,4768,4
IA,Audubon,19009,1234,1378,57,2669,4
IA,Grundy,19075,1996,3540,167,5703,4
IA,Hamilton,19079,2942,3215,181,6338,4
IA,Dickinson,19059,3931,4676,180,8787,4
KS,Dickinson,20041,1960,4779,0,6739,1
KS,Riley,20161,10005,9644,0,19649,1
KS,Clay,20027,1105,2050,0,3155,1
KS,Jewell,20089,225,957,0,1182,1
KS,Rice,20159,764,2331,0,3095,1
KS,Rawlins,20153,196,1003,0,1199,1
KS,Logan,20109,160,992,0,1152,1
KS,Cloud,20029,1228,2005,0,3233,1
KS,Gove,20063,159,925,0,1084,1
KS,Marshall,20117,1216,2286,119,3621,1;2
KS,Smith,20183,306,1287,0,1593,1
KS,Rush,20165,267,1037,0,1304,1
KS,Stevens,20189,168,1326,0,1494,1
KS,Washington,20201,558,1637,0,2195,1
KS,Thomas,20193,549,2407,0,2956,1
KS,Decatur,20039,190,922,0,1112,1
KS,Lincoln,20105,278,958,0,1236,1
KS,McPherson,20113,3668,7412,0,11080,1
KS,Chase,20017,376,827,0,1203,1
KS,Ness,20135,154,992,0,1146,1
KS,Hamilton,20075,116,506,0,622,1
KS,Phillips,20147,342,1821,0,2163,1
KS,Barton,20009,2179,6348,0,8527,1
KS,Republic,20157,543,1457,0,2000,1
KS,Scott,20171,267,1588,0,1855,1
KS,Reno,20155,7220,13457,0,20677,1
KS,Russell,20167,624,2030,0,2654,1
KS,Cheyenne,20023,155,918,0,1073,1
KS,Ellsworth,20053,641,1620,0,2261,1
KS,Ottawa,20143,663,1736,0,2399,1
KS,Marion,20115,1309,3465,0,4774,1
KS,Geary,20061,2513,3587,0,6100,1
KS,Ford,20057,2544,4471,0,7015,1
KS,Osborne,20141,316,1172,0,1488,1
KS,Sheridan,20179,146,975,0,1121,1
KS,Mitchell,20123,581,1893,0,2474,1
KS,Pottawatomie,20149,2642,7077,0,9719,1
KS,Graham,20065,220,841,0,1061,1
KS,Ellis,20051,3334,6999,0,10333,1
KS,Clark,20025,164,673,0,837,1
KS,Lane,20101,123,574,0,697,1
KS,Morton,20129,129,775,0,904,1
KS,Meade,20119,253,1091,0,1344,1
KS,Gray,20069,332,1433,0,1765,1
KS,Hodgeman,20083,154,710,0,864,1
KS,Trego,20195,262,981,0,1243,1
KS,Pawnee,20145,606,1621,0,2227,1;4
KS,Kearny,20093,219,855,0,1074,1
KS,Saline,20169,7298,10996,0,18294,1
KS,Seward,20175,1244,2499,0,3743,1
KS,Wabaunsee,20197,856,2239,0,3095,1
KS,Shawnee,20177,38116,28276,3994,70386,2
KS,Finney,20055,3129,5365,0,8494,1
KS,Sherman,20181,353,1720,0,2073,1
KS,Norton,20137,315,1535,0,1850,1
KS,Wallace,20199,48,594,0,642,1
KS,Morris,20127,644,1551,0,2195,1
KS,Haskell,20081,228,874,0,1102,1
KS,Wichita,20203,114,634,0,748,1
KS,Stanton,20187,101,485,0,586,1
KS,Lyon,20111,4942,5841,0,10783,1
KS,Grant,20067,354,1440,0,1794,1
KS,Rooks,20163,346,1767,0,2113,1
KS,Greeley,20071,66,417,0,483,1
KS,Nemaha,20131,1136,3142,226,4504,2
KS,Jackson,20085,1834,3059,369,5262,2
KS,Osage,20139,2195,3679,388,6262,2
KS,Leavenworth,20103,10792,14056,1472,26320,2
KS,Labette,20099,2316,3524,470,6310,2
KS,Franklin,20059,3207,5478,607,9292,2
KS,Crawford,20037,5684,6148,949,12781,2
KS,Atchison,20005,2100,3031,317,5448,2
KS,Coffey,20031,893,2310,226,3429,2
KS,Cherokee,20021,2130,4405,441,6976,2
KS,Doniphan,20043,598,1887,99,2584,2
KS,Neosho,20133,1765,3183,437,5385,2
KS,Douglas,20045,35497,12033,1886,49416,2
KS,Linn,20107,885,2656,216,3757,2
KS,Montgomery,20125,2663,6719,421,9803,2
KS,Allen,20001,1529,2530,326,4385,2
KS,Wilson,20205,763,2031,181,2975,2
KS,Woodson,20207,293,803,83,1179,2
KS,Jefferson,20087,3041,4008,465,7514,2
KS,Bourbon,20011,1430,3172,331,4933,2
KS,Miami,20121,4292,8194,580,13066,2;3
KS,Anderson,20003,770,1785,181,2736,2
KS,Brown,20013,1006,2137,223,3366,2
KS,Wyandotte,20209,28731,12105,1312,42148,3
KS,Johnson,20091,140133,124285,6734,271152,3
KS,Sedgwick,20173,75049,92063,206,167318,4
KS,Barber,20007,297,1452,0,1749,4
KS,Stafford,20185,310,1307,0,1617,4
KS,Kingman,20095,698,2267,0,2965,4
KS,Harvey,20079,5525,8007,0,13532,4
KS,Butler,20015,7568,16302,0,23870,4
KS,Harper,20077,417,1601,0,2018,4
KS,Cowley,20035,3624,6861,0,10485,4
KS,Comanche,20033,133,582,0,715,4
KS,Sumner,20191,2453,5523,0,7976,4
KS,Greenwood,20073,502,1610,0,2112,4
KS,Edwards,20047,252,896,0,1148,4
KS,Kiowa,20097,141,789,0,930,4
KS,Chautauqua,20019,205,925,0,1130,4
KS,Elk,20049,185,861,0,1046,4
KS,Pratt,20151,914,2311,0,3225,4
KY,Hopkins,21107,5055,11034,0,16089,1
KY,Metcalfe,21169,1017,3300,0,4317,1
KY,Simpson,21213,2332,3904,0,6236,1
KY,Livingston,21139,1136,2687,0,3823,1
KY,Casey,21045,630,4141,0,4771,1
KY,Adair,21001,1273,5624,0,6897,1
KY,Trigg,21221,1866,3910,0,5776,1
KY,Cumberland,21057,422,2364,0,2786,1
KY,Monroe,21171,386,3843,0,4229,1
KY,Caldwell,21033,1474,3476,0,4950,1
KY,Crittenden,21055,808,2548,0,3356,1
KY,Graves,21083,3701,9683,0,13384,1
KY,Webster,21233,1361,3034,0,4395,1
KY,Taylor,21217,2456,7062,0,9518,1
KY,Todd,21219,1280,2640,0,3920,1
KY,Carlisle,21039,603,1703,0,2306,1
KY,Henderson,21101,6247,8746,0,14993,1
KY,Russell,21207,1118,6013,0,7131,1
KY,Marion,21155,2750,3327,0,6077,1
KY,Allen,21003,1295,4943,0,6238,1
KY,Fulton,21075,696,1193,0,1889,1
KY,Ohio,21183,2071,5888,0,7959,1
KY,Calloway,21035,4809,7818,0,12627,1
KY,Hickman,21105,521,1235,0,1756,1
KY,Lyon,21143,1169,2283,0,3452,1
KY,McLean,21149,1266,2663,0,3929,1
KY,Muhlenberg,21177,4739,6249,0,10988,1
KY,Ballard,21007,1027,2413,0,3440,1
KY,Christian,21047,6622,10261,0,16883,1
KY,McCracken,21145,8701,15638,0,24339,1
KY,Union,21225,1964,3570,0,5534,1
KY,Washington,21229,1480,3204,105,4789,1;2
KY,Clinton,21053,516,3311,0,3827,1
KY,Logan,21141,2893,5753,0,8646,1
KY,Marshall,21157,4576,9780,0,14356,1
KY,Hardin,21093,11887,20258,835,32980,2
KY,Nelson,21179,5617,10150,360,16127,2
KY,Bullitt,21029,7810,18205,696,26711,2
KY,Hart,21099,1745,4444,172,6361,2
KY,Garrard,21079,1258,4416,113,5787,2
KY,Green,21087,669,3462,67,4198,2
KY,Edmonson,21061,911,3429,67,4407,2
KY,Daviess,21059,12611,21709,797,35117,2
KY,Hancock,21091,1282,2240,93,3615,2
KY,Boyle,21021,3828,6479,223,10530,2
KY,Warren,21227,13935,25029,687,39651,2
KY,Meade,21163,3189,6589,273,10051,2
KY,Larue,21123,1178,3511,104,4793,2
KY,Breckinridge,21027,1945,5573,149,7667,2
KY,Mercer,21167,2413,6090,190,8693,2
KY,Grayson,21085,1713,6439,191,8343,2
KY,Butler,21031,749,3839,70,4658,2
KY,Spencer,21215,2000,5760,226,7986,2;4
KY,Jessamine,21113,7000,13199,331,20530,2;6
KY,Barren,21009,3744,10812,300,14856,2
KY,Jefferson,21111,177171,109011,3890,290072,3;4
KY,Pendleton,21191,1193,3242,140,4575,4
KY,Owen,21187,1168,2784,132,4084,4
KY,Bracken,21023,790,1947,81,2818,4
KY,Grant,21081,1816,5205,232,7253,4
KY,Carroll,21041,1350,1904,99,3353,4
KY,Greenup,21089,4467,8101,308,12876,4
KY,Gallatin,21077,898,1876,139,2913,4
KY,Shelby,21211,5982,10567,571,17120,4
KY,Mason,21161,1779,3666,91,5536,4
KY,Henry,21103,2230,3735,200,6165,4
KY,Kenton,21117,20195,30876,2148,53219,4
KY,Oldham,21185,9824,16495,706,27025,4
KY,Boone,21015,12548,27912,1437,41897,4
KY,Harrison,21097,2260,4094,131,6485,4;6
KY,Campbell,21037,13111,19605,1195,33911,4
KY,Lewis,21135,516,2620,75,3211,4
KY,Trimble,21223,1030,1858,79,2967,4
KY,Boyd,21019,5787,8912,326,15025,4;5
KY,Leslie,21131,376,3266,0,3642,5
KY,Whitley,21235,1434,8029,0,9463,5
KY,Knox,21121,1445,7630,0,9075,5
KY,Breathitt,21025,1367,3140,0,4507,5
KY,Jackson,21109,372,3579,0,3951,5
KY,Martin,21159,401,2836,0,3237,5
KY,Pulaski,21199,3384,18076,0,21460,5
KY,Johnson,21115,1261,6518,0,7779,5
KY,McCreary,21147,637,4323,0,4960,5
KY,Pike,21195,4328,14667,0,18995,5
KY,Laurel,21125,2597,13810,0,16407,5
KY,Wayne,21231,1232,5381,0,6613,5
KY,Lawrence,21127,1240,3903,0,5143,5
KY,Floyd,21071,3499,8763,0,12262,5
KY,Letcher,21133,1749,5917,0,7666,5
KY,Clay,21051,796,4175,0,4971,5
KY,Perry,21193,2332,7248,0,9580,5
KY,Rockcastle,21203,666,4688,0,5354,5
KY,Knott,21119,1648,3484,0,5132,5
KY,Rowan,21205,2837,4603,0,7440,5
KY,Magoffin,21153,1422,3859,0,5281,5
KY,Harlan,21095,1395,6849,0,8244,5
KY,Lincoln,21137,1732,6241,0,7973,5
KY,Carter,21043,2787,5621,0,8408,5
KY,Owsley,21189,288,1533,0,1821,5
KY,Lee,21129,423,1935,0,2358,5
KY,Elliott,21063,803,964,0,1767,5
KY,Morgan,21175,1152,3077,0,4229,5
KY,Bell,21013,1320,6155,0,7475,5
KY,Scott,21209,9158,12522,288,21968,6
KY,Robertson,21201,296,531,7,834,6
KY,Bath,21011,1776,2768,60,4604,6
KY,Fleming,21069,1638,3926,54,5618,6
KY,Menifee,21165,976,1800,43,2819,6
KY,Montgomery,21173,3661,6484,136,10281,6
KY,Estill,21065,1471,3948,54,5473,6
KY,Powell,21197,1671,3179,90,4940,6
KY,Nicholas,21181,924,1603,24,2551,6
KY,Madison,21151,13523,20367,421,34311,6
KY,Fayette,21067,72532,47735,1341,121608,6
KY,Anderson,21005,3386,6864,119,10369,6
KY,Clark,21049,5418,9119,179,14716,6
KY,Franklin,21073,11702,9860,359,21921,6
KY,Bourbon,21017,3123,4922,118,8163,6
KY,Wolfe,21237,1125,1450,36,2611,6
KY,Woodford,21239,5878,6932,112,12922,6
LA,Jefferson,22051,48526,65864,17991,132381,1;2
LA,Terrebonne,22109,3995,22499,3390,29884,1;6
LA,Tangipahoa,22105,7791,24514,4543,36848,1;5
LA,Lafourche,22057,3741,23739,2128,29608,1;6
LA,St. Bernard,22087,1859,7255,1880,10994,1
LA,St. Tammany,22103,14530,70352,9990,94872,1
LA,Plaquemines,22075,1004,5901,1320,8225,1
LA,Orleans,22071,106014,13251,10416,129681,1;2
LA,Iberville,22047,5670,3959,1621,11250,2;6
LA,St. James,22093,5543,1767,1101,8411,2
LA,West Baton Rouge,22121,3600,4488,1131,9219,2;6
LA,Ascension,22005,9713,27708,3488,40909,2;6
LA,East Baton Rouge,22033,58338,76123,15715,150176,2;6
LA,St. John the Baptist,22095,8649,3555,1519,13723,2;6
LA,Assumption,22007,2268,3584,642,6494,2;6
LA,St. Charles,22089,6758,7362,3392,17512,2;6
LA,Lafayette,22055,18243,39722,19351,77316,3
LA,St. Mary,22101,3081,10030,4143,17254,3
LA,Cameron,22023,156,1683,544,2383,3
LA,St. Martin,22099,3023,10893,4835,18751,3
LA,Vermilion,22113,2224,12303,3590,18117,3
LA,Jefferson Davis,22053,1059,6156,2014,9229,3
LA,Calcasieu,22019,10927,29507,19317,59751,3
LA,Acadia,22001,1743,13481,5187,20411,3
LA,Iberia,22045,3142,12334,6131,21607,3
LA,St. Landry,22097,10802,15074,1276,27152,3;4;5
LA,Caddo,22017,33962,38651,1600,74213,4
LA,Beauregard,22011,1626,8181,218,10025,4
LA,Webster,22119,3735,8360,228,12323,4
LA,Union,22111,1709,5833,160,7702,4
LA,De Soto,22031,3166,6843,195,10204,4
LA,Claiborne,22027,1462,2746,91,4299,4
LA,Sabine,22085,1048,5334,138,6520,4
LA,Allen,22003,1434,4268,197,5899,4
LA,Red River,22081,1110,1731,49,2890,4
LA,Bienville,22013,2006,2803,108,4917,4
LA,Vernon,22115,1691,8443,202,10336,4
LA,Bossier,22015,8084,24759,584,33427,4
LA,Natchitoches,22069,4109,6439,232,10780,4
LA,Evangeline,22039,2537,7072,246,9855,4
LA,Ouachita,22073,14429,31176,1469,47074,5
LA,Jackson,22049,1537,3801,157,5495,5
LA,Tensas,22107,770,1021,62,1853,5
LA,Richland,22083,1680,5149,160,6989,5
LA,Franklin,22041,1217,5263,119,6599,5
LA,Madison,22065,1480,1621,92,3193,5
LA,West Carroll,22123,363,2634,48,3045,5
LA,East Carroll,22035,1071,1117,103,2291,5
LA,Morehouse,22067,3030,4759,211,8000,5
LA,East Feliciana,22037,2222,4028,513,6763,5;6
LA,Concordia,22029,2013,3813,145,5971,5
LA,Rapides,22079,12087,27235,1500,40822,5
LA,LaSalle,22059,359,4117,105,4581,5
LA,Avoyelles,22009,2816,7417,407,10640,5
LA,Washington,22117,3599,8376,612,12587,5
LA,Caldwell,22021,449,2532,64,3045,5
LA,West Feliciana,22125,1505,2875,179,4559,5
LA,Lincoln,22061,4459,8256,474,13189,5
LA,Catahoula,22025,816,2365,88,3269,5
LA,Grant,22043,669,5126,201,5996,5
LA,Winn,22127,911,2854,108,3873,5
LA,St. Helena,22091,1503,2007,690,4200,5;6
LA,Pointe Coupee,22077,1484,6479,1696,9659,6
LA,Livingston,22063,2778,36205,2369,41352,6
ME,Cumberland,23005,97640,43004,12628,153272,1
ME,Sagadahoc,23023,10634,7301,1275,19210,1
ME,York,23031,51803,34041,10806,96650,1
ME,Lincoln,23015,10409,7506,1163,19078,1
ME,Knox,23013,12689,6578,1173,20440,1
ME,Kennebec,23011,18020,12758,2625,33403,1
MD,Carroll,24013,24485,47320,1854,73659,1;8
MD,Cecil,24015,12941,21123,822,34886,1
MD,Harford,24025,45511,61714,2815,110040,1;2
MD,Somerset,24039,3022,4424,113,7559,1
MD,Dorchester,24019,5331,6997,129,12457,1
MD,Worcester,24047,9196,14357,333,23886,1
MD,Wicomico,24045,15654,17433,577,33664,1
MD,Talbot,24041,9357,8645,264,18266,1
MD,Kent,24029,4681,3855,130,8666,1
MD,Queen Anne's,24035,8290,14124,393,22807,1
MD,Caroline,24011,3874,7385,194,11453,1
MD,Baltimore,24005,200174,112337,8864,321375,1;2;3;7
MD,Howard,24027,96925,41455,4019,142399,2;3;7
MD,Anne Arundel,24003,121930,97087,7357,226374,2;3;4;5
MD,Baltimore,24510,161419,16704,4582,182705,2;3;7
MD,Montgomery,24031,316811,81565,7438,405814,3;6;8
MD,Prince George's,24033,286896,23663,5616,316175,4;5
MD,St. Mary's,24037,18859,20109,1400,40368,5
MD,Calvert,24009,18891,18996,1222,39109,5
MD,Charles,24017,46354,16847,1385,64586,5
MD,Washington,24043,19068,29360,1860,50288,6
MD,Allegany,24001,7393,14851,656,22900,6
MD,Garrett,24023,2476,8182,236,10894,6
MD,Frederick,24021,53509,49373,3072,105954,6;8
MA,Franklin,25011,25541,5726,114,31381,1;2
MA,Berkshire,25003,44678,0,475,45153,1
MA,Hampshire,25015,56987,7084,379,64450,1;2
MA,Hampden,25013,121454,68,3548,125070,1;2
MA,Worcester,25027,194056,101225,3611,298892,1;2;3;4;5
MA,Norfolk,25021,243460,651,4670,248781,2;4;7;8
MA,Middlesex,25017,480602,151057,13195,644854,3;4;5;6;7
MA,Essex,25009,203590,94431,10665,308686,3;6
MA,Bristol,25005,133439,22444,2074,157957,4;8;9
MA,Plymouth,25023,142179,60087,893,203159,4;8;9
MA,Suffolk,25025,214505,6248,3864,224617,5;7;8
MA,Dukes,25007,7916,2157,1,10074,9
MA,Barnstable,25001,72289,45535,41,117865,9
MA,Nantucket,25019,2901,1240,1,4142,9
MI,Kent,26081,127978,142266,5371,275615,2;3
MI,Ionia,26067,7805,14517,833,23155,3
MI,Wayne,26163,451414,159927,20810,632151,11;12;13;14
MI,Macomb,26099,169744,167881,12135,349760,9;10
MI,Oakland,26125,339867,236123,15815,591805,8;9;11;14
MI,Mason,26105,5535,7815,223,13573,1;2
MI,Ontonagon,26131,1338,1786,0,3124,1
MI,Presque Isle,26141,2659,3980,0,6639,1
MI,Antrim,26009,4975,7792,0,12767,1
MI,Montmorency,26119,1471,3094,0,4565,1
MI,Alcona,26001,1727,3721,0,5448,1
MI,Houghton,26061,6477,7759,0,14236,1
MI,Menominee,26109,3471,5243,0,8714,1
MI,Schoolcraft,26153,1530,2178,0,3708,1
MI,Mackinac,26097,2185,3476,0,5661,1
MI,Manistee,26101,5257,6334,0,11591,1
MI,Gogebic,26053,3171,3309,0,6480,1
MI,Chippewa,26033,5575,8311,0,13886,1
MI,Cheboygan,26031,4660,7739,0,12399,1
MI,Delta,26041,6972,9351,0,16323,1
MI,Iron,26071,2264,3106,0,5370,1
MI,Oscoda,26135,1155,2513,0,3668,1
MI,Baraga,26013,1309,1916,0,3225,1
MI,Emmet,26047,7756,10018,0,17774,1
MI,Marquette,26103,16978,12753,0,29731,1
MI,Crawford,26039,2268,3912,0,6180,1
MI,Alger,26003,1915,2211,0,4126,1
MI,Kalkaska,26079,2852,5406,0,8258,1
MI,Benzie,26019,4551,5127,0,9678,1
MI,Dickinson,26043,4191,7124,0,11315,1
MI,Alpena,26007,5233,7638,0,12871,1
MI,Grand Traverse,26055,23648,24855,0,48503,1
MI,Otsego,26137,3952,7301,0,11253,1
MI,Luce,26095,815,1554,0,2369,1
MI,Keweenaw,26083,580,726,0,1306,1
MI,Leelanau,26089,7295,6816,0,14111,1
MI,Charlevoix,26029,5624,7901,0,13525,1
MI,Allegan,26005,18080,28763,2397,49240,2;6
MI,Newaygo,26123,6798,12763,565,20126,2
MI,Oceana,26127,4205,6218,228,10651,2
MI,Lake,26085,1767,2730,123,4620,2
MI,Ottawa,26139,46408,78454,1663,126525,2
MI,Muskegon,26121,35685,30603,1339,67627,2
MI,Calhoun,26025,20857,26630,1440,48927,3
MI,Barry,26015,8730,16803,841,26374,3
MI,Montcalm,26117,7811,14403,48,22262,3;4
MI,Gladwin,26051,3499,7311,0,10810,4
MI,Clinton,26037,15507,19876,0,35383,4
MI,Saginaw,26145,40093,37179,1906,79178,4;5
MI,Missaukee,26113,1521,4943,0,6464,4
MI,Wexford,26165,4397,9270,0,13667,4
MI,Roscommon,26143,3951,7556,0,11507,4
MI,Ogemaw,26129,2827,5977,0,8804,4
MI,Gratiot,26057,5186,8827,0,14013,4
MI,Clare,26035,3965,7687,0,11652,4
MI,Osceola,26133,2560,6663,0,9223,4
MI,Mecosta,26107,5734,9543,0,15277,4
MI,Isabella,26073,10452,11445,0,21897,4
MI,Shiawassee,26155,11840,17222,0,29062,4
MI,Midland,26111,14428,23469,0,37897,4
MI,Tuscola,26157,7626,12914,1351,21891,5;10
MI,Iosco,26069,5004,5794,641,11439,5
MI,Arenac,26011,2858,3307,400,6565,5
MI,Bay,26017,24523,18577,2514,45614,5
MI,Genesee,26049,102509,55850,6808,165167,5
MI,Cass,26027,6756,11824,874,19454,6
MI,St. Joseph,26149,7206,11908,1178,20292,6
MI,Van Buren,26159,12572,15102,1639,29313,6
MI,Kalamazoo,26077,63215,47312,3576,114103,6
MI,Berrien,26021,26679,33033,2269,61981,6
MI,Lapeer,26087,12442,24697,1467,38606,10
MI,Eaton,26045,25790,23956,0,49746,7
MI,Monroe,26115,26592,34078,0,60670,7
MI,Washtenaw,26161,124068,44007,2623,170698,7;12
MI,Branch,26023,5097,9937,0,15034,7
MI,Hillsdale,26059,5139,11470,0,16609,7
MI,Lenawee,26091,17886,21908,0,39794,7
MI,Jackson,26075,26530,33653,0,60183,7
MI,Ingham,26065,80785,35085,2744,118614,8
MI,Livingston,26093,37773,56266,2942,96981,8
MI,Huron,26063,3652,8478,1371,13501,10
MI,Sanilac,26151,4084,10113,2143,16340,10
MI,St. Clair,26147,23719,38562,3778,66059,10
MN,Lyon,27083,5117,4821,6,9944,7
MN,Grant,27051,1820,1314,2,3136,7
MN,Becker,27005,7664,7083,5,14752,7
MN,Pine,27115,4558,6430,552,11540,8
MN,Polk,27119,6660,5177,5,11842,7
MN,Freeborn,27047,6791,6996,45,13832,1
MN,Martin,27091,3047,5612,16,8675,1
MN,Mower,27099,7849,6662,40,14551,1
MN,Brown,27015,4574,7136,10,11720,1
MN,Jackson,27063,1821,2827,7,4655,1
MN,Waseca,27161,3340,4749,13,8102,1
MN,Winona,27169,12133,9078,25,21236,1
MN,Blue Earth,27013,15945,11920,58,27923,1
MN,Fillmore,27045,4517,5114,20,9651,1
MN,Watonwan,27165,1826,2254,8,4088,1
MN,Dodge,27039,3782,5268,21,9071,1
MN,Le Sueur,27079,5364,7348,23,12735,1
MN,Steele,27147,7128,9075,24,16227,1
MN,Faribault,27043,2423,3891,12,6326,1
MN,Rock,27133,1296,2451,3,3750,1
MN,Olmsted,27109,39719,30941,180,70840,1
MN,Nicollet,27103,8846,6712,33,15591,1
MN,Nobles,27105,2907,4024,8,6939,1
MN,Cottonwood,27033,2183,2791,15,4989,1;7
MN,Houston,27055,4410,4526,4,8940,1
MN,Rice,27131,15418,12826,32,28276,1;2
MN,Dakota,27037,113784,91633,438,205855,2
MN,Goodhue,27049,10452,12505,30,22987,2
MN,Scott,27139,29874,35770,116,65760,2
MN,Wabasha,27157,4186,5730,16,9932,2
MN,Washington,27163,67656,58251,2858,128765,2;4;6
MN,Hennepin,27053,424344,197380,1700,623424,3;5;6
MN,Carver,27019,22149,28445,36,50630,3;6
MN,Anoka,27003,74313,83304,406,158023,3;5;6
MN,Ramsey,27123,170401,61803,11216,243420,4;5
MN,Benton,27009,5800,10081,41,15922,6
MN,Wright,27171,20113,38769,53,58935,6
MN,Stearns,27145,27213,38353,72,65638,6;7
MN,Sherburne,27141,13271,25665,60,38996,6
MN,Lake of the Woods,27077,844,1001,2,1847,7
MN,Otter Tail,27111,13176,14191,13,27380,7
MN,McLeod,27085,6545,8290,17,14852,7
MN,Meeker,27093,4639,5625,7,10271,7
MN,Norman,27107,1857,856,1,2714,7
MN,Pipestone,27117,1420,2281,1,3702,7
MN,Lac qui Parle,27073,1973,1379,1,3353,7
MN,Marshall,27089,2196,1907,1,4104,7
MN,Big Stone,27011,1420,1158,3,2581,7
MN,Wilkin,27167,1457,1123,0,2580,7
MN,Beltrami,27007,9612,8046,239,17897,7;8
MN,Stevens,27149,2487,1885,6,4378,7
MN,Douglas,27041,8577,9419,12,18008,7
MN,Sibley,27143,2866,3659,3,6528,7
MN,Clay,27027,16317,7934,17,24268,7
MN,Lincoln,27081,1232,1182,6,2420,7
MN,Roseau,27135,2993,3473,1,6467,7
MN,Swift,27151,2309,1729,4,4042,7
MN,Kandiyohi,27067,9611,8970,12,18593,7
MN,Traverse,27155,893,627,1,1521,7
MN,Kittson,27069,1515,842,0,2357,7
MN,Murray,27101,1930,2170,1,4101,7
MN,Clearwater,27029,1507,1981,0,3488,7
MN,Renville,27129,3393,2888,4,6285,7
MN,Pope,27121,3004,2426,3,5433,7
MN,Todd,27153,4128,5467,3,9598,7
MN,Mahnomen,27087,1283,642,1,1926,7
MN,Redwood,27127,2949,3236,2,6187,7
MN,Chippewa,27023,3115,2412,1,5528,7
MN,Pennington,27113,2977,2391,3,5371,7
MN,Red Lake,27125,1032,638,1,1671,7
MN,Yellow Medicine,27173,2216,2090,3,4309,7
MN,Morrison,27097,4048,9653,502,14203,8
MN,Aitkin,27001,3401,4466,300,8167,8
MN,Hubbard,27057,3701,6008,374,10083,8
MN,St. Louis,27137,57108,38496,4172,99776,8
MN,Wadena,27159,1620,3718,189,5527,8
MN,Itasca,27061,9716,10973,899,21588,8
MN,Chisago,27025,9774,14864,981,25619,8
MN,Kanabec,27065,2466,3895,308,6669,8
MN,Cass,27021,5158,8221,583,13962,8
MN,Isanti,27059,5887,10678,715,17280,8
MN,Carlton,27017,8260,7090,1017,16367,8
MN,Crow Wing,27035,12283,18100,971,31354,8
MN,Lake,27075,3050,2627,230,5907,8
MN,Koochiching,27071,2408,2653,190,5251,8
MN,Mille Lacs,27095,3766,6375,523,10664,8
MN,Cook,27031,1956,1083,162,3201,8
MS,Monroe,28095,3865,7894,83,11842,1
MS,Marshall,28093,5880,5388,100,11368,1
MS,Alcorn,28003,1908,8233,60,10201,1
MS,Lafayette,28071,7018,9357,97,16472,1
MS,Lowndes,28087,8852,10832,158,19842,1
MS,Pontotoc,28115,1629,8019,55,9703,1
MS,DeSoto,28033,17258,33118,401,50777,1
MS,Itawamba,28057,756,6094,41,6891,1
MS,Winston,28159,2941,4051,43,7035,1
MS,Union,28145,1304,6974,61,8339,1
MS,Lee,28081,7254,18188,161,25603,1
MS,Oktibbeha,28105,7053,7084,143,14280,1;3
MS,Webster,28155,724,3197,19,3940,1
MS,Tishomingo,28141,1117,4982,42,6141,1
MS,Chickasaw,28017,2545,3372,56,5973,1
MS,Choctaw,28019,827,2171,23,3021,1
MS,Prentiss,28117,1433,5765,48,7246,1
MS,Clay,28025,4149,3508,53,7710,1
MS,Calhoun,28013,1303,3332,34,4669,1
MS,Benton,28009,1160,1618,19,2797,1
MS,Tippah,28139,1322,5579,57,6958,1
MS,Tate,28137,2847,5781,56,8684,1
MS,Holmes,28051,4829,590,163,5582,2
MS,Sunflower,28133,5776,1180,332,7288,2
MS,Warren,28149,8288,5171,1401,14860,2
MS,Carroll,28015,1738,1842,420,4000,2
MS,Issaquena,28055,344,135,44,523,2
MS,Sharkey,28125,1365,246,86,1697,2
MS,Washington,28151,10461,2483,609,13553,2
MS,Tunica,28143,1980,345,129,2454,2
MS,Panola,28107,6514,3329,821,10664,2
MS,Yalobusha,28161,2495,1520,300,4315,2
MS,Copiah,28029,6164,2710,1235,10109,2
MS,Humphreys,28053,2552,414,184,3150,2
MS,Bolivar,28011,7898,2117,457,10472,2
MS,Yazoo,28163,4365,1912,743,7020,2
MS,Attala,28007,2919,2406,574,5899,2
MS,Tallahatchie,28135,2839,1044,287,4170,2
MS,Coahoma,28027,4987,939,298,6224,2
MS,Hinds,28049,58143,16119,3321,77583,2;3
MS,Grenada,28043,4166,2412,580,7158,2
MS,Madison,28089,16183,23510,655,40348,2;3
MS,Jefferson,28063,2717,203,282,3202,2
MS,Leflore,28083,6357,1599,448,8404,2
MS,Leake,28079,3313,2113,668,6094,2
MS,Claiborne,28021,2895,275,194,3364,2
MS,Quitman,28119,1803,393,169,2365,2
MS,Montgomery,28097,1962,1327,331,3620,2
MS,Pike,28113,6051,6559,150,12760,3
MS,Lauderdale,28075,8952,14046,142,23140,3
MS,Jefferson Davis,28065,2872,1921,58,4851,3
MS,Walthall,28147,2069,2994,59,5122,3
MS,Smith,28129,1383,4527,85,5995,3
MS,Lincoln,28085,3664,8705,115,12484,3
MS,Amite,28005,2000,3318,59,5377,3
MS,Rankin,28121,11346,39779,536,51661,3
MS,Jasper,28061,3416,2931,82,6429,3
MS,Franklin,28037,1097,2038,47,3182,3
MS,Neshoba,28099,2860,5085,89,8034,3
MS,Lawrence,28077,1810,3233,51,5094,3
MS,Kemper,28069,2541,979,14,3534,3
MS,Scott,28123,3148,4683,69,7900,3
MS,Clarke,28023,2070,3980,44,6094,3;4
MS,Simpson,28127,3009,5861,87,8957,3
MS,Noxubee,28103,3026,889,35,3950,3
MS,Wilkinson,28157,1859,962,27,2848,3
MS,Newton,28101,2212,4994,60,7266,3
MS,Covington,28031,2674,4098,106,6878,3
MS,Adams,28001,6156,4535,109,10800,3
MS,Harrison,28047,19059,31729,691,51479,4
MS,George,28039,881,6290,59,7230,4
MS,Pearl River,28109,2967,12833,142,15942,4
MS,Stone,28131,1272,4067,48,5387,4
MS,Jones,28067,6385,15658,198,22241,4
MS,Hancock,28045,3402,10355,159,13916,4
MS,Perry,28111,947,3003,42,3992,4
MS,Lamar,28073,4601,15171,181,19953,4
MS,Marion,28091,2804,6114,52,8970,4
MS,Forrest,28035,9598,12932,200,22730,4
MS,Wayne,28153,2746,4589,49,7384,4
MS,Jackson,28059,12985,26490,455,39930,4
MS,Greene,28041,710,3047,26,3783,4
MO,St. Louis,29189,270673,174661,9115,454449,1;2
MO,Boone,29019,39830,32797,1661,74288,4
MO,St. Louis,29510,92718,16391,3823,112932,1
MO,St. Charles,29183,69852,99626,3322,172800,2;3
MO,Jefferson,29099,34326,51814,2415,88555,2;3;8
MO,Cole,29051,9646,23049,549,33244,3
MO,Osage,29151,856,5094,74,6024,3
MO,Montgomery,29139,999,3592,94,4685,3
MO,Gasconade,29073,1365,4883,109,6357,3
MO,Maries,29125,771,3089,51,3911,3
MO,Miller,29131,1530,8129,183,9842,3
MO,Warren,29219,3978,9552,301,13831,3
MO,Camden,29029,4424,15031,377,19832,3;4
MO,Callaway,29027,4799,11916,359,17074,3
MO,Franklin,29071,12847,28707,858,42412,3
MO,Lincoln,29113,6232,14475,495,21202,3
MO,Cass,29037,14677,27737,1100,43514,4
MO,Audrain,29007,2298,6107,212,8617,4;6
MO,Pettis,29159,4226,10386,435,15047,4
MO,Dade,29057,526,2746,79,3351,4
MO,Barton,29011,670,4196,113,4979,4
MO,Moniteau,29135,1177,4627,119,5923,4
MO,Dallas,29059,1163,5129,156,6448,4
MO,St. Clair,29185,1047,2948,98,4093,4
MO,Cedar,29039,860,4406,151,5417,4
MO,Hickory,29085,934,3069,82,4085,4
MO,Howard,29089,1264,2807,94,4165,4
MO,Cooper,29053,1833,5000,172,7005,4
MO,Bates,29013,1591,4893,178,6662,4
MO,Randolph,29175,2211,6373,234,8818,4
MO,Vernon,29217,1617,5377,195,7189,4
MO,Morgan,29141,1651,5985,168,7804,4
MO,Pulaski,29169,2445,8024,298,10767,4
MO,Benton,29015,2145,5966,205,8316,4
MO,Henry,29083,2484,5878,210,8572,4
MO,Johnson,29101,5763,11324,567,17654,4
MO,Webster,29225,2964,11098,396,14458,4;7
MO,Laclede,29105,2198,10959,306,13463,4
MO,Clay,29047,42541,50979,2809,96329,5;6
MO,Jackson,29095,71013,74351,4222,149586,5;6
MO,Saline,29195,3200,4332,249,7781,5
MO,Ray,29177,3816,5297,272,9385,5
MO,Lafayette,29107,4944,8065,343,13352,5
MO,Kansas City,36000,89923,20306,2544,112773,5
MO,Atchison,29005,436,1704,77,2217,6
MO,Platte,29165,18583,24518,1088,44189,6
MO,Livingston,29117,965,4107,87,5159,6
MO,Marion,29127,2529,7911,203,10643,6
MO,Mercer,29129,145,1182,32,1359,6
MO,Holt,29087,276,1569,69,1914,6
MO,Knox,29103,256,1277,18,1551,6
MO,Worth,29227,179,709,36,924,6
MO,Schuyler,29197,325,1255,24,1604,6
MO,Putnam,29171,255,1617,29,1901,6
MO,Scotland,29199,284,1285,32,1601,6
MO,Carroll,29033,569,3064,87,3720,6
MO,Harrison,29081,429,2358,75,2862,6
MO,Chariton,29041,783,2489,56,3328,6
MO,Gentry,29075,516,1927,96,2539,6
MO,DeKalb,29063,688,2923,149,3760,6
MO,Daviess,29061,592,2332,92,3016,6
MO,Monroe,29137,750,2792,76,3618,6
MO,Lewis,29111,771,2664,60,3495,6
MO,Caldwell,29025,757,2893,109,3759,6
MO,Shelby,29205,551,2113,47,2711,6
MO,Grundy,29079,595,2921,108,3624,6
MO,Sullivan,29211,364,1579,25,1968,6
MO,Linn,29115,1040,3523,81,4644,6
MO,Ralls,29173,1008,3289,57,4354,6
MO,Macon,29121,1375,5041,117,6533,6
MO,Pike,29163,1746,4300,144,6190,6
MO,Andrew,29003,1752,5529,284,7565,6
MO,Clinton,29049,2376,5954,275,8605,6
MO,Nodaway,29147,2050,5405,228,7683,6
MO,Adair,29001,2883,5549,188,8620,6
MO,Buchanan,29021,10422,18471,1060,29953,6
MO,Clark,29045,567,2045,61,2673,6
MO,Greene,29077,46680,63816,4697,115193,7
MO,McDonald,29119,1209,5136,171,6516,7
MO,Barry,29009,2558,9261,372,12191,7
MO,Stone,29209,2948,11328,388,14664,7
MO,Lawrence,29109,3184,10067,636,13887,7
MO,Polk,29167,2626,8586,411,11623,7
MO,Newton,29145,4799,16819,774,22392,7
MO,Taney,29213,4357,15560,521,20438,7
MO,Jasper,29097,10465,28146,1459,40070,7
MO,Christian,29043,9509,25190,1348,36047,7
MO,Mississippi,29133,1025,2716,37,3778,8
MO,Reynolds,29179,594,1892,32,2518,8
MO,Bollinger,29017,764,3965,59,4788,8
MO,Ozark,29153,722,3183,56,3961,8
MO,Wright,29229,1107,5528,126,6761,8
MO,Iron,29093,1078,2370,60,3508,8
MO,Carter,29035,402,1870,29,2301,8
MO,New Madrid,29143,1520,4093,65,5678,8
MO,Oregon,29149,816,2896,49,3761,8
MO,Wayne,29223,910,3733,53,4696,8
MO,Douglas,29067,907,4489,95,5491,8
MO,Ripley,29181,838,3526,60,4424,8
MO,Shannon,29203,714,2433,43,3190,8
MO,Madison,29123,998,3224,199,4421,8
MO,Pemiscot,29155,1455,2985,35,4475,8
MO,Dunklin,29069,1863,5990,81,7934,8
MO,Perry,29157,1522,5578,91,7191,8
MO,Scott,29201,3199,10896,164,14259,8
MO,Dent,29065,948,4988,81,6017,8
MO,Crawford,29055,1968,6390,125,8483,8
MO,Texas,29215,1626,7487,126,9239,8
MO,Stoddard,29207,1683,8981,130,10794,8
MO,Ste. Genevieve,29186,2880,4252,123,7255,8
MO,Butler,29023,2616,11060,210,13886,8
MO,Washington,29221,2061,4943,136,7140,8
MO,Howell,29091,2766,11434,213,14413,8
MO,Phelps,29161,4716,10977,302,15995,8
MO,Cape Girardeau,29031,8048,23687,505,32240,8
MO,St. Francois,29187,7052,14051,444,21547,8
MT,Sanders,30089,1853,4077,210,6140,1
MT,Jefferson,30043,2621,4016,200,6837,1
MT,Liberty,30051,299,653,24,976,1
MT,Roosevelt,30085,1865,1476,95,3436,1
MT,Sheridan,30091,661,1087,52,1800,1
MT,Yellowstone,30111,29612,37399,2361,69372,1
MT,Park,30067,4741,4711,277,9729,1
MT,Stillwater,30095,1350,3373,157,4880,1
MT,Mineral,30061,702,1286,69,2057,1
MT,Madison,30057,1667,3159,145,4971,1
MT,Lake,30047,6416,7013,355,13784,1
MT,Lincoln,30053,2628,6453,245,9326,1
MT,Missoula,30063,39416,20567,1622,61605,1
MT,Pondera,30073,1004,1607,84,2695,1
MT,Toole,30101,542,1310,56,1908,1
MT,Chouteau,30015,1071,1515,66,2652,1
MT,Blaine,30005,1742,1173,87,3002,1
MT,Golden Valley,30037,108,323,22,453,1
MT,Carbon,30009,2442,3450,184,6076,1
MT,Cascade,30013,15826,17219,925,33970,1
MT,Glacier,30035,3564,1307,111,4982,1
MT,Ravalli,30081,8289,14495,598,23382,1
MT,Lewis and Clark,30049,18798,15686,1046,35530,1
MT,Phillips,30071,451,1588,52,2091,1
MT,Gallatin,30031,31297,23157,1523,55977,1
MT,Fergus,30027,1752,3915,139,5806,1
MT,Treasure,30103,95,308,12,415,1
MT,Hill,30041,3315,2834,231,6380,1
MT,Big Horn,30003,2865,1705,106,4676,1
MT,Wibaux,30109,114,402,18,534,1
MT,Granite,30039,609,1133,62,1804,1
MT,Teton,30099,1117,1959,76,3152,1
MT,Carter,30011,100,636,12,748,1
MT,Powell,30077,859,1806,92,2757,1
MT,Daniels,30019,240,684,20,944,1
MT,Garfield,30033,55,606,20,681,1
MT,Richland,30083,962,3260,120,4342,1
MT,Dawson,30021,1128,2811,125,4064,1
MT,Beaverhead,30001,1681,3113,122,4916,1
MT,Wheatland,30107,277,631,22,930,1
MT,Judith Basin,30045,311,849,34,1194,1
MT,Musselshell,30065,502,1833,92,2427,1
MT,Sweet Grass,30097,580,1475,61,2116,1
MT,Broadwater,30007,897,2249,105,3251,1
MT,Fallon,30025,226,1025,24,1275,1
MT,Flathead,30029,18051,28450,1277,47778,1
MT,Deer Lodge,30023,2693,1379,155,4227,1
MT,Rosebud,30087,1349,1918,90,3357,1
MT,McCone,30055,194,813,21,1028,1
MT,Meagher,30059,264,680,38,982,1
MT,Prairie,30079,149,484,22,655,1
MT,Powder River,30075,172,785,18,975,1
MT,Petroleum,30069,46,259,8,313,1
MT,Silver Bow,30093,10822,5032,442,16296,1
MT,Custer,30017,1638,3085,168,4891,1
MT,Valley,30105,1256,2442,178,3876,1
NE,Lancaster,31109,59143,57568,0,116711,1
NE,Sarpy,31153,26144,41508,0,67652,1;2
NE,Cass,31025,3347,7213,0,10560,1
NE,Platte,31141,2110,8893,0,11003,1
NE,Thurston,31173,851,968,0,1819,1
NE,Washington,31177,2445,6721,0,9166,1
NE,Burt,31021,789,2130,0,2919,1
NE,Saunders,31155,2467,7017,0,9484,1
NE,Seward,31159,1824,5225,0,7049,1
NE,Madison,31119,2348,8124,0,10472,1
NE,Cuming,31039,552,2797,0,3349,1
NE,Stanton,31167,388,1854,0,2242,1
NE,Colfax,31037,638,1845,0,2483,1
NE,Polk,31143,371,1711,0,2082,1
NE,Dodge,31053,3541,8497,0,12038,1
NE,Dixon,31051,564,1644,0,2208,1;3
NE,Otoe,31131,1793,4548,0,6341,1
NE,Butler,31023,634,2836,0,3470,1
NE,Douglas,31055,105428,98922,0,204350,2
NE,Franklin,31061,240,1114,0,1354,3
NE,Dakota,31043,1837,2636,0,4473,3
NE,Perkins,31135,149,1071,0,1220,3
NE,Gage,31067,2570,5680,0,8250,3
NE,Garden,31069,152,845,0,997,3
NE,Hitchcock,31087,149,926,0,1075,3
NE,Furnas,31065,313,1819,0,2132,3
NE,Hall,31079,5392,11287,0,16679,3
NE,Hayes,31085,31,361,0,392,3
NE,Grant,31075,12,293,0,305,3
NE,Lincoln,31111,2907,9603,0,12510,3
NE,Pawnee,31133,252,875,0,1127,3
NE,Frontier,31063,164,881,0,1045,3
NE,Brown,31017,159,1200,0,1359,3
NE,Cherry,31031,305,2056,0,2361,3
NE,Sioux,31165,77,461,0,538,3
NE,Buffalo,31019,4503,11837,0,16340,3
NE,Gosper,31073,131,705,0,836,3
NE,Richardson,31147,766,2238,0,3004,3
NE,Chase,31029,170,1390,0,1560,3
NE,Garfield,31071,103,686,0,789,3
NE,Harlan,31083,236,1259,0,1495,3
NE,Arthur,31005,22,208,0,230,3
NE,Nance,31125,292,946,0,1238,3
NE,Clay,31035,492,2195,0,2687,3
NE,Dundy,31057,81,693,0,774,3
NE,Valley,31175,315,1475,0,1790,3
NE,Sherman,31163,346,942,0,1288,3
NE,Logan,31113,27,308,0,335,3
NE,McPherson,31117,25,233,0,258,3
NE,Thomas,31171,34,311,0,345,3
NE,Keya Paha,31103,32,355,0,387,3
NE,Hooker,31091,49,263,0,312,3
NE,Dawes,31045,960,2425,0,3385,3
NE,Deuel,31049,111,600,0,711,3
NE,Banner,31007,53,258,0,311,3
NE,Blaine,31009,37,224,0,261,3
NE,Merrick,31121,617,2740,0,3357,3
NE,Morrill,31123,368,1737,0,2105,3
NE,Loup,31115,48,257,0,305,3
NE,Wheeler,31183,59,350,0,409,3
NE,Rock,31149,65,590,0,655,3
NE,Boyd,31015,105,824,0,929,3
NE,Boone,31011,387,1903,0,2290,3
NE,Greeley,31077,207,785,0,992,3
NE,Sheridan,31161,313,1706,0,2019,3
NE,Knox,31107,693,2814,0,3507,3
NE,Nuckolls,31129,319,1436,0,1755,3
NE,Webster,31181,267,1097,0,1364,3
NE,Antelope,31003,354,2149,0,2503,3
NE,Kimball,31105,235,1147,0,1382,3
NE,Pierce,31139,381,2367,0,2748,3
NE,Cedar,31027,598,2863,0,3461,3
NE,Howard,31093,565,1836,0,2401,3
NE,Johnson,31097,475,1258,0,1733,3
NE,Thayer,31169,448,1778,0,2226,3
NE,Kearney,31099,519,2111,0,2630,3
NE,Holt,31089,595,3529,0,4124,3
NE,Custer,31041,662,3955,0,4617,3
NE,Fillmore,31059,561,1963,0,2524,3
NE,Jefferson,31095,729,2239,0,2968,3
NE,Keith,31101,563,2643,0,3206,3
NE,Red Willow,31145,618,3279,0,3897,3
NE,Hamilton,31081,810,3261,0,4071,3
NE,Phelps,31137,577,3275,0,3852,3
NE,Nemaha,31127,671,1920,0,2591,3
NE,Cheyenne,31033,592,2660,0,3252,3
NE,Saline,31151,1490,2691,0,4181,3
NE,Wayne,31179,895,2287,0,3182,3
NE,Dawson,31047,1506,4753,0,6259,3
NE,York,31185,1093,4034,0,5127,3
NE,Box Butte,31013,939,2688,0,3627,3
NE,Adams,31001,3032,7171,0,10203,3
NE,Scotts Bluff,31157,3266,7301,0,10567,3
NV,Clark,32003,363616,252990,27988,644594,1;3;4
NV,Douglas,32005,8093,17734,0,25827,2
NV,Lyon,32019,5523,14967,194,20684,2;4
NV,Washoe,32031,90706,94862,0,185568,2
NV,Carson City,32510,8983,13624,0,22607,2
NV,Lander,32015,376,1692,0,2068,2
NV,Churchill,32001,1983,7506,0,9489,2
NV,Eureka,32011,89,658,0,747,2
NV,Storey,32029,722,1608,0,2330,2
NV,Elko,32007,2965,12069,0,15034,2
NV,Pershing,32027,377,1369,0,1746,2
NV,Humboldt,32013,1164,4322,0,5486,2
NV,Lincoln,32017,304,1538,85,1927,4
NV,Nye,32023,4960,11160,1207,17327,4
NV,Esmeralda,32009,54,290,20,364,4
NV,White Pine,32033,711,2332,162,3205,4
NV,Mineral,32021,646,1006,119,1771,4
NH,Carroll,33003,12146,11464,275,23885,1
NH,Belknap,33001,12256,14125,396,26777,1;2
NH,Rockingham,33015,71211,66089,2166,139466,1;2
NH,Strafford,33017,30819,21469,838,53126,1
NH,Hillsborough,33011,87489,71360,3188,162037,1;2
NH,Grafton,33009,25627,13499,875,40001,1;2
NH,Merrimack,33013,36702,26626,1387,64715,1;2
NH,Sullivan,33019,9200,7553,410,17163,2
NH,Cheshire,33005,19784,11830,720,32334,2
NH,Coos,33007,6008,4971,261,11240,2
NJ,Camden,34007,123530,54859,4419,182808,1;2
NJ,Gloucester,34015,60266,48754,2518,111538,1;2
NJ,Burlington,34005,111894,75032,1499,188425,1;2;3
NJ,Atlantic,34001,52917,39118,1833,93868,2
NJ,Salem,34033,10998,12100,705,23803,2
NJ,Cape May,34009,21595,19003,486,41084,2
NJ,Cumberland,34011,23914,15782,837,40533,2
NJ,Ocean,34029,79103,139886,3899,222888,2;3;4
NJ,Monmouth,34025,126940,130063,2715,259718,4;6
NJ,Mercer,34021,86118,39206,1010,126334,4;12
NJ,Essex,34013,195904,42584,3918,242406,7;8;10;11
NJ,Sussex,34037,26821,32783,1413,61017,5;11
NJ,Warren,34041,17153,22352,907,40412,5;7
NJ,Union,34039,120892,52862,2624,176378,7;8;10;12
NJ,Bergen,34003,210532,121579,3811,335922,5;8;9
NJ,Passaic,34031,94275,49452,1238,144965,5;9;11
NJ,Middlesex,34023,131456,72988,0,204444,6;12
NJ,Hunterdon,34019,27654,33904,1234,62792,7
NJ,Somerset,34035,77448,56160,1627,135235,7;12
NJ,Morris,34027,112984,98307,2382,213673,7;11
NJ,Hudson,34017,112995,27206,5279,145480,8;9;10
NM,Torrance,35057,1940,3132,268,5340,1
NM,Sandoval,35043,30557,21509,3041,55107,1;3
NM,Bernalillo,35001,143756,85218,11066,240040,1;2;3
NM,Santa Fe,35049,52692,11542,2676,66910,1;3
NM,Valencia,35061,12724,11389,100,24213,1;2
NM,Cibola,35006,4355,2634,0,6989,2
NM,Lincoln,35027,2812,4953,0,7765,2
NM,Chaves,35005,6058,10505,0,16563,2
NM,Grant,35017,7176,4530,0,11706,2
NM,Luna,35029,3198,2890,0,6088,2
NM,Catron,35003,553,1264,0,1817,2
NM,Doña Ana,35013,39206,21461,0,60667,2
NM,Socorro,35053,3879,2325,0,6204,2
NM,Sierra,35051,2052,2611,0,4663,2
NM,Lea,35025,3910,9842,0,13752,2
NM,Roosevelt,35041,1506,2951,142,4599,2;3
NM,Eddy,35015,5198,10413,0,15611,2
NM,Otero,35035,6873,10176,0,17049,2
NM,De Baca,35011,292,500,0,792,2
NM,Guadalupe,35019,1162,505,0,1667,2
NM,Hidalgo,35023,817,760,0,1577,2
NM,McKinley,35031,13995,3352,881,18228,2;3
NM,Quay,35037,1304,1646,137,3087,3
NM,Curry,35009,3319,6415,418,10152,3
NM,Union,35059,468,931,61,1460,3
NM,Harding,35021,202,244,28,474,3
NM,San Miguel,35047,7379,1552,279,9210,3
NM,Taos,35055,12098,1888,478,14464,3
NM,Rio Arriba,35039,9916,2324,486,12726,3
NM,Mora,35033,1788,464,72,2324,3
NM,Colfax,35007,2474,1935,256,4665,3
NM,Los Alamos,35028,6217,3087,921,10225,3
NM,San Juan,35045,14150,19753,3274,37177,3
NC,Warren,37185,4932,2502,0,7434,1
NC,Edgecombe,37065,11504,5908,0,17412,1
NC,Durham,37063,104343,23308,528,128179,1;4
NC,Pitt,37147,16025,34585,0,50610,1;3
NC,Gates,37073,2149,2050,0,4199,1
NC,Hertford,37091,5509,2296,0,7805,1
NC,Washington,37187,2804,1929,0,4733,1
NC,Martin,37117,4766,4327,0,9093,1
NC,Halifax,37083,10809,6575,0,17384,1
NC,Bertie,37015,4419,2471,0,6890,1
NC,Northampton,37131,4609,2701,0,7310,1
NC,Granville,37077,10661,10258,0,20919,1
NC,Vance,37181,8768,5373,0,14141,1
NC,Wilson,37195,14954,13462,198,28614,1;2
NC,Franklin,37069,11118,13610,772,25500,2
NC,Wake,37183,269653,151709,15136,436498,2;4
NC,Nash,37127,18228,18384,669,37281,2
NC,Harnett,37085,13408,21057,1010,35475,2
NC,Johnston,37101,23906,40994,1735,66635,2;7
NC,Craven,37049,0,27362,0,27362,3
NC,Chowan,37041,0,3760,0,3760,3
NC,Tyrrell,37177,0,982,0,982,3
NC,Pamlico,37137,0,4004,0,4004,3
NC,Carteret,37031,0,23442,0,23442,3
NC,Hyde,37095,0,1510,0,1510,3
NC,Perquimans,37143,0,4155,0,4155,3
NC,Camden,37029,0,3298,0,3298,3
NC,Beaufort,37013,0,14470,0,14470,3
NC,Jones,37103,0,3018,0,3018,3
NC,Greene,37079,0,4668,0,4668,3
NC,Currituck,37053,0,8104,0,8104,3
NC,Lenoir,37107,0,12897,0,12897,3
NC,Dare,37055,0,11491,0,11491,3
NC,Onslow,37133,0,29236,0,29236,3
NC,Pasquotank,37139,0,8108,0,8108,3
NC,Orange,37135,52209,12868,2213,67290,4
NC,Avery,37011,1545,4945,0,6490,5
NC,Surry,37171,6270,17735,0,24005,5
NC,Stokes,37169,4065,13094,0,17159,5
NC,Watauga,37189,13811,10690,0,24501,5
NC,Alleghany,37005,1209,3359,0,4568,5
NC,Forsyth,37067,77048,60302,0,137350,5
NC,Ashe,37009,3823,7954,0,11777,5
NC,Wilkes,37193,5430,17467,0,22897,5
NC,Catawba,37035,17343,36040,0,53383,5;10
NC,Yadkin,37197,2503,10822,0,13325,5
NC,Alexander,37003,3359,10484,0,13843,5
NC,Alamance,37001,24952,31476,0,56428,6
NC,Chatham,37037,20444,15526,0,35970,6
NC,Lee,37105,8812,10715,0,19527,6
NC,Caswell,37033,3729,4559,0,8288,6
NC,Guilford,37081,119184,78529,3773,201486,6;13
NC,Randolph,37151,9837,36908,0,46745,6
NC,Person,37145,6138,8458,0,14596,6
NC,Rockingham,37157,11287,21038,0,32325,6
NC,Brunswick,37019,22840,35312,875,59027,7
NC,Wayne,37191,15733,20305,605,36643,7
NC,Bladen,37017,5914,6712,153,12779,7;9
NC,New Hanover,37129,46155,41286,1464,88905,7
NC,Duplin,37061,6221,8920,208,15349,7
NC,Sampson,37163,7468,11441,279,19188,7
NC,Pender,37141,7786,12510,630,20926,7
NC,Columbus,37047,7247,11064,257,18568,7
NC,Stanly,37167,5990,16414,0,22404,8
NC,Hoke,37093,7812,5121,0,12933,8
NC,Rowan,37159,15794,31330,500,47624,8;13
NC,Cabarrus,37025,32440,41512,0,73952,8
NC,Moore,37125,15402,24883,0,40285,8
NC,Cumberland,37051,55104,37880,400,93384,8;9
NC,Montgomery,37123,3612,5505,0,9117,8
NC,Mecklenburg,37119,255830,117832,1626,375288,9;12
NC,Union,37179,34126,51645,1589,87360,9
NC,Richmond,37153,7138,6786,298,14222,9
NC,Scotland,37165,5908,4463,197,10568,9
NC,Robeson,37155,17419,12691,777,30887,9
NC,Anson,37007,4586,3266,114,7966,9
NC,Gaston,37071,25738,45701,0,71439,10
NC,Buncombe,37021,73275,44458,1257,118990,10;11
NC,Rutherford,37161,6506,16431,0,22937,10
NC,Polk,37149,3694,5483,0,9177,10
NC,Lincoln,37109,8872,22654,0,31526,10
NC,Cleveland,37045,11563,21799,0,33362,10
NC,Iredell,37097,22394,41139,1912,65445,10;13
NC,Burke,37023,9208,18524,536,28268,11
NC,Macon,37113,4891,10116,342,15349,11
NC,Mitchell,37121,1424,4799,108,6331,11
NC,Yancey,37199,3508,5625,168,9301,11
NC,Haywood,37087,9968,14712,542,25222,11
NC,Henderson,37089,18941,29008,899,48848,11
NC,Caldwell,37027,6701,19212,475,26388,11
NC,Jackson,37099,7268,7494,423,15185,11
NC,Swain,37173,2055,3016,153,5224,11
NC,Cherokee,37039,2557,8191,202,10950,11
NC,Transylvania,37175,6516,8912,367,15795,11
NC,Madison,37115,4036,4981,223,9240,11
NC,Clay,37043,1308,3717,138,5163,11
NC,McDowell,37111,4244,10276,229,14749,11
NC,Graham,37075,838,2712,84,3634,11
NC,Davie,37059,4396,12613,484,17493,13
NC,Davidson,37057,14898,40468,1675,57041,13
ND,Steele,38091,465,461,31,957,1
ND,LaMoure,38045,674,1307,62,2043,1
ND,Traill,38097,1610,1944,147,3701,1
ND,Dickey,38021,718,1375,61,2154,1
ND,Eddy,38027,459,718,49,1226,1
ND,Emmons,38029,262,1508,56,1826,1
ND,Morton,38059,3742,10240,725,14707,1
ND,Ransom,38073,1107,1072,107,2286,1
ND,Burke,38013,151,779,25,955,1
ND,Ramsey,38071,1919,2854,236,5009,1
ND,Foster,38031,450,1132,57,1639,1
ND,Pierce,38069,541,1297,61,1899,1
ND,Mountrail,38061,1286,2348,147,3781,1
ND,Cavalier,38019,643,1216,68,1927,1
ND,Bottineau,38009,806,2316,132,3254,1
ND,Golden Valley,38033,123,721,27,871,1
ND,Divide,38023,290,859,45,1194,1
ND,Sheridan,38083,115,635,38,788,1
ND,Billings,38007,76,469,21,566,1
ND,Griggs,38039,407,782,27,1216,1
ND,Wells,38103,476,1652,89,2217,1
ND,Logan,38047,157,795,29,981,1
ND,Oliver,38065,154,772,44,970,1
ND,McKenzie,38053,812,3158,152,4122,1
ND,Mercer,38057,746,3040,157,3943,1
ND,Benson,38005,1225,909,109,2243,1
ND,Walsh,38099,1580,2723,170,4473,1
ND,Nelson,38063,690,879,51,1620,1
ND,McIntosh,38051,297,1098,52,1447,1
ND,Cass,38017,37664,35255,3270,76189,1
ND,McHenry,38049,624,1797,126,2547,1
ND,Barnes,38003,1992,2785,208,4985,1
ND,Williams,38105,2074,8393,519,10986,1
ND,Richland,38077,2957,3853,326,7136,1
ND,Adams,38001,236,878,44,1158,1
ND,Ward,38101,6418,16046,1322,23786,1
ND,Grand Forks,38035,13293,13137,1007,27437,1
ND,Slope,38087,53,319,10,382,1
ND,Dunn,38025,379,1603,43,2025,1
ND,Stark,38089,1946,9774,428,12148,1
ND,Burleigh,38015,12623,30977,1846,45446,1
ND,Bowman,38011,253,1331,54,1638,1
ND,Towner,38095,413,666,39,1118,1
ND,Sioux,38085,984,315,112,1411,1
ND,Grant,38037,210,1011,43,1264,1
ND,Sargent,38081,931,962,84,1977,1
ND,Kidder,38043,235,989,57,1281,1
ND,Rolette,38079,3327,1292,296,4915,1
ND,Renville,38075,220,913,62,1195,1
ND,Hettinger,38041,184,1055,35,1274,1
ND,Stutsman,38093,3110,5784,395,9289,1
ND,McLean,38055,1307,3498,198,5003,1
ND,Pembina,38067,963,1876,88,2927,1
OH,Hamilton,39061,185031,150404,4882,340317,1;2
OH,Warren,39165,32228,65775,2095,100098,1
OH,Brown,39015,3324,11409,196,14929,2
OH,Clermont,39025,22541,56531,1004,80076,2
OH,Pike,39131,3014,5555,116,8685,2
OH,Adams,39001,1817,6810,106,8733,2
OH,Highland,39071,2777,10585,185,13547,2
OH,Ross,39141,8228,14621,417,23266,2;15
OH,Scioto,39145,8142,15217,164,23523,2;6
OH,Franklin,39049,312113,167676,3494,483283,3;12;15
OH,Union,39159,7469,16183,0,23652,4
OH,Allen,39003,11609,24551,0,36160,4
OH,Shelby,39149,3713,14994,0,18707,4
OH,Crawford,39033,4129,10334,0,14463,4
OH,Sandusky,39143,8757,13181,0,21938,4
OH,Huron,39077,7035,11727,0,18762,4;7
OH,Mercer,39107,3019,13882,203,17104,4;5;8
OH,Champaign,39021,4229,10798,0,15027,4
OH,Seneca,39147,6515,12041,0,18556,4
OH,Lorain,39093,62904,49864,0,112768,4;7;9
OH,Logan,39091,4025,12562,0,16587,4
OH,Erie,39043,16273,13974,0,30247,4;9
OH,Marion,39101,6950,13509,61,20520,4;12
OH,Auglaize,39011,3825,15487,0,19312,4
OH,Hardin,39065,2487,6596,292,9375,5
OH,Defiance,39039,4420,9196,349,13965,5
OH,Ottawa,39123,7956,10143,264,18363,5;9
OH,Hancock,39063,7595,19988,731,28314,5
OH,Fulton,39051,4735,11180,380,16295,5
OH,Wyandot,39175,1959,5968,227,8154,5
OH,Paulding,39125,1972,4741,228,6941,5
OH,Henry,39069,2744,7803,240,10787,5
OH,Putnam,39137,2218,12387,316,14921,5
OH,Wood,39173,21269,27382,1287,49938,5
OH,Lucas,39095,91847,57479,2167,151493,5;9
OH,Williams,39171,3465,9537,409,13411,5
OH,Van Wert,39161,2188,8322,300,10810,5
OH,Gallia,39053,2393,7271,0,9664,6
OH,Harrison,39067,1667,4147,0,5814,6
OH,Carroll,39019,2851,7363,0,10214,6
OH,Washington,39167,7447,15924,0,23371,6
OH,Noble,39121,1154,3516,0,4670,6
OH,Athens,39009,13685,8199,533,22417,6;15
OH,Muskingum,39119,9614,19240,315,29169,6;12
OH,Monroe,39111,1756,3484,0,5240,6
OH,Guernsey,39059,3599,8964,0,12563,6
OH,Jefferson,39081,8524,16055,0,24579,6
OH,Lawrence,39087,6375,14132,0,20507,6
OH,Belmont,39013,8164,16662,0,24826,6
OH,Meigs,39105,2139,5658,0,7797,6
OH,Jackson,39079,2765,7310,0,10075,6
OH,Mahoning,39099,50976,40232,0,91208,6;13
OH,Columbiana,39029,10793,25018,0,35811,6
OH,Tuscarawas,39157,12252,20216,0,32468,6;7
OH,Ashland,39005,5968,12673,0,18641,7
OH,Coshocton,39031,3703,8175,0,11878,7
OH,Stark,39151,63801,74986,0,138787,7;13;16
OH,Richland,39139,15909,27950,445,44304,7;12
OH,Medina,39103,30269,43781,0,74050,7;16
OH,Knox,39083,7715,14810,0,22525,7
OH,Holmes,39075,1834,7115,0,8949,7
OH,Butler,39017,50247,84891,0,135138,8
OH,Darke,39037,3798,15683,0,19481,8
OH,Clark,39023,19380,28223,0,47603,8
OH,Miami,39109,11279,30197,0,41476,8
OH,Preble,39135,3734,11999,0,15733,8
OH,Cuyahoga,39035,329224,148114,0,477338,9;11;14;16
OH,Greene,39057,23284,43941,1482,68707,10
OH,Fayette,39047,2069,6241,156,8466,10;15
OH,Montgomery,39113,93705,108818,3781,206304,10
OH,Summit,39153,121463,88610,0,210073,11;13;14;16
OH,Licking,39089,26192,41691,1083,68966,12
OH,Morrow,39117,3736,9185,259,13180,12
OH,Delaware,39041,41782,52022,1092,94896,12
OH,Trumbull,39155,41670,33573,0,75243,13;14
OH,Portage,39133,30182,29812,0,59994,13;14;16
OH,Geauga,39055,15596,26895,0,42491,14
OH,Lake,39085,40167,54019,0,94186,14
OH,Ashtabula,39007,13427,18730,0,32157,14
OH,Clinton,39027,3421,11141,415,14977,15
OH,Fairfield,39045,19909,38531,1139,59579,15
OH,Perry,39127,3145,8127,275,11547,15
OH,Madison,39097,3535,10040,251,13826,15
OH,Pickaway,39129,4958,14482,418,19858,15
OH,Hocking,39073,3084,6569,242,9895,15
OH,Morgan,39115,1372,3628,86,5086,15
OH,Vinton,39163,1199,2782,96,4077,15
OH,Wayne,39169,13421,26156,0,39577,16
OK,Rogers,40131,8428,22893,1635,32956,1;2
OK,Creek,40037,5943,16531,0,22474,1;3
OK,Tulsa,40143,87904,113018,0,200922,1
OK,Wagoner,40145,7588,18177,0,25765,1
OK,Washington,40147,5253,12471,0,17724,1
OK,Adair,40001,1529,3362,286,5177,2
OK,Cherokee,40021,6292,6745,820,13857,2
OK,Choctaw,40023,1029,2827,174,4030,2
OK,Coal,40029,494,1242,94,1830,2
OK,Craig,40035,1272,3281,185,4738,2
OK,Delaware,40041,3380,9030,664,13074,2
OK,Atoka,40005,818,3067,124,4009,2
OK,Haskell,40061,935,2630,113,3678,2
OK,Hughes,40063,1123,2423,224,3770,2
OK,Johnston,40069,746,2127,133,3006,2
OK,Latimer,40077,869,1985,142,2996,2
OK,Le Flore,40079,3417,8813,506,12736,2
OK,McCurtain,40089,1661,5623,260,7544,2
OK,McIntosh,40091,2306,4017,262,6585,2
OK,Marshall,40095,1031,3171,191,4393,2
OK,Mayes,40097,3702,8534,649,12885,2
OK,Muskogee,40101,7915,10724,980,19619,2
OK,Nowata,40105,751,2533,194,3478,2
OK,Okfuskee,40107,987,1925,177,3089,2
OK,Okmulgee,40111,4136,6376,498,11010,2
OK,Ottawa,40115,2850,5116,508,8474,2
OK,Pittsburg,40121,3775,8954,610,13339,2
OK,Pushmataha,40127,794,2370,147,3311,2
OK,Sequoyah,40135,3420,7548,456,11424,2
OK,Bryan,40013,3103,7711,498,11312,2
OK,Cimarron,40025,67,730,0,797,3
OK,Custer,40039,1902,6359,0,8261,3
OK,Alfalfa,40003,248,1547,0,1795,3
OK,Dewey,40043,202,1557,0,1759,3
OK,Ellis,40045,180,1295,0,1475,3
OK,Garfield,40047,4203,13086,0,17289,3
OK,Grant,40053,350,1346,0,1696,3
OK,Greer,40055,346,1122,0,1468,3
OK,Harmon,40057,182,559,0,741,3
OK,Harper,40059,126,1080,0,1206,3
OK,Jackson,40065,1391,5038,0,6429,3
OK,Kay,40071,3683,9231,0,12914,3
OK,Kingfisher,40073,687,4395,0,5082,3
OK,Kiowa,40075,656,2055,0,2711,3
OK,Beaver,40007,187,1608,0,1795,3
OK,Lincoln,40081,2687,8520,0,11207,3
OK,Logan,40083,4246,11456,0,15702,3
OK,Major,40093,339,2390,0,2729,3
OK,Beckham,40009,982,4720,0,5702,3
OK,Noble,40103,879,3078,0,3957,3
OK,Osage,40113,5514,9723,0,15237,3
OK,Pawnee,40117,1397,3475,0,4872,3
OK,Payne,40119,8547,13993,0,22540,3
OK,Blaine,40011,628,2310,0,2938,3
OK,Roger Mills,40129,177,1331,0,1508,3
OK,Texas,40139,677,3439,0,4116,3
OK,Washita,40149,650,3148,0,3798,3
OK,Woods,40151,509,2324,0,2833,3
OK,Woodward,40153,924,4959,0,5883,3
OK,Caddo,40015,2308,5021,0,7329,3
OK,Canadian,40017,12630,32505,318,45453,3;4
OK,Carter,40019,3608,9918,417,13943,4
OK,Cleveland,40027,37709,50275,3582,91566,4
OK,Comanche,40031,9135,15774,1576,26485,4
OK,Cotton,40033,378,1540,76,1994,4
OK,Garvin,40049,1832,5786,257,7875,4
OK,Grady,40051,3779,12671,611,17061,4
OK,Jefferson,40067,303,1221,37,1561,4
OK,Love,40085,692,2014,66,2772,4
OK,McClain,40087,3161,10100,490,13751,4
OK,Murray,40099,970,3239,144,4353,4
OK,Oklahoma,40109,118899,112177,891,231967,4;5
OK,Pontotoc,40123,3352,8102,373,11827,4
OK,Stephens,40137,2783,10541,437,13761,4
OK,Tillman,40141,474,1563,48,2085,4
OK,Pottawatomie,40125,7844,13030,0,20874,5
OK,Seminole,40133,2578,3956,0,6534,5
OR,Crook,41013,2698,8335,517,11550,2
OR,Multnomah,41051,288509,57182,27090,372781,1;3;5
OR,Wheeler,41069,177,592,48,817,2
OR,Sherman,41055,200,755,34,989,2
OR,Benton,41003,30220,12054,1785,44059,4;5
OR,Coos,41011,13116,14804,833,28753,4
OR,Lane,41039,116561,55535,5308,177404,4
OR,Linn,41043,22516,30214,1722,54452,4
OR,Marion,41047,63916,57074,4087,125077,5
OR,Clatsop,41007,11101,6526,726,18353,1
OR,Columbia,41009,12130,10642,1288,24060,1
OR,Deschutes,41017,46924,45939,3050,95913,2
OR,Washington,41067,158464,75189,10376,244029,1
OR,Yamhill,41071,21793,19906,2180,43879,1
OR,Jackson,41029,46142,51835,4362,102339,2
OR,Morrow,41049,934,2611,192,3737,2
OR,Wasco,41065,4846,5858,489,11193,2
OR,Malheur,41045,2121,6359,485,8965,2
OR,Josephine,41033,13990,24290,1844,40124,2;4
OR,Umatilla,41059,7596,15332,1175,24103,2
OR,Baker,41001,1894,6004,409,8307,2
OR,Wallowa,41063,1212,2692,178,4082,2
OR,Grant,41023,770,2845,224,3839,2
OR,Jefferson,41031,3006,5394,458,8858,2
OR,Hood River,41027,6735,3578,274,10587,2
OR,Klamath,41035,7126,19665,1581,28372,2
OR,Gilliam,41021,256,707,39,1002,2
OR,Lake,41037,571,2768,236,3575,2
OR,Harney,41025,672,2681,187,3540,2
OR,Union,41061,3281,7926,586,11793,2
OR,Clackamas,41005,108649,80872,7598,197119,3;5
OR,Douglas,41019,18824,28379,1472,48675,4
OR,Curry,41015,5070,6172,296,11538,4
OR,Lincoln,41041,14223,8857,940,24020,5
OR,Polk,41053,18367,17241,1219,36827,5
OR,Tillamook,41057,13604,11436,830,25870,5
PA,Bucks,42017,141577,152461,0,294038,1
PA,Montgomery,42091,242027,137736,0,379763,1;4;5
PA,Philadelphia,42101,477118,70092,0,547210,2;3;5
PA,Berks,42011,72555,71181,0,143736,4;6;9
PA,Delaware,42045,154477,94817,0,249294,5
PA,Chester,42029,139804,97054,0,236858,5;6
PA,Lehigh,42077,70000,54354,4193,128547,7
PA,Northampton,42095,59393,51888,3450,114731,7
PA,Monroe,42089,30515,23971,368,54854,7;8
PA,Elk,42047,3584,7712,0,11296,15
PA,Centre,42027,32635,27941,0,60576,12;15
PA,Luzerne,42079,53554,53921,0,107475,8;9
PA,Lackawanna,42069,53467,30361,0,83828,8
PA,Pike,42103,8711,12030,0,20741,8
PA,Wayne,42127,7550,12540,0,20090,8
PA,Carbon,42025,8902,13448,0,22350,9
PA,Schuylkill,42107,18510,29946,0,48456,9
PA,Lebanon,42075,17526,31414,0,48940,9
PA,Montour,42093,3076,3915,0,6991,9
PA,Columbia,42037,9825,12690,0,22515,9
PA,Northumberland,42097,9492,18896,0,28388,9;12
PA,Dauphin,42043,58605,49767,0,108372,10
PA,York,42133,68128,102641,0,170769,10;11
PA,Cumberland,42041,46726,57817,0,104543,10;13
PA,Lancaster,42071,89167,113788,0,202955,11
PA,Perry,42099,4493,12576,0,17069,12
PA,Wyoming,42131,3567,6980,0,10547,12
PA,Lycoming,42081,12063,28866,0,40929,12
PA,Union,42119,5424,8952,0,14376,12
PA,Sullivan,42113,825,1878,0,2703,12
PA,Bradford,42015,5735,14305,0,20040,12
PA,Potter,42105,1418,4809,0,6227,12
PA,Tioga,42117,3733,10949,0,14682,12
PA,Clinton,42035,4631,7732,0,12363,12
PA,Snyder,42109,3583,9696,0,13279,12
PA,Juniata,42067,1814,6623,0,8437,12
PA,Mifflin,42087,3130,10537,0,13667,12
PA,Susquehanna,42115,4814,10983,0,15797,12
PA,Fulton,42057,888,4387,0,5275,13
PA,Blair,42013,12497,30851,0,43348,13
PA,Huntingdon,42061,4246,11570,0,15816,13
PA,Somerset,42111,6963,21572,0,28535,13
PA,Franklin,42055,15634,39116,0,54750,13
PA,Adams,42001,13291,25596,0,38887,13
PA,Bedford,42009,3489,15311,0,18800,13
PA,Cambria,42021,18579,30855,0,49434,13;15
PA,Westmoreland,42129,59841,85605,0,145446,13;14
PA,Fayette,42051,17115,23182,0,40297,14
PA,Greene,42059,4957,7267,0,12224,14
PA,Washington,42125,33601,45313,0,78914,14
PA,Clarion,42031,3847,9958,0,13805,15
PA,Venango,42121,5935,12544,0,18479,15
PA,Warren,42123,4770,9660,0,14430,15
PA,Cameron,42023,527,1242,0,1769,15
PA,McKean,42083,3489,9064,0,12553,15
PA,Clearfield,42033,7367,19476,0,26843,15
PA,Armstrong,42005,7521,16760,0,24281,15
PA,Indiana,42063,11211,18053,0,29264,15
PA,Forest,42053,564,1364,0,1928,15
PA,Jefferson,42065,3358,12214,0,15572,15
PA,Butler,42019,28499,50376,774,79649,15;16;17
PA,Lawrence,42073,13553,18245,362,32160,16
PA,Erie,42049,60392,40470,940,101802,16
PA,Mercer,42085,17842,22799,521,41162,16
PA,Crawford,42039,11850,18301,342,30493,16
PA,Allegheny,42003,377782,102697,0,480479,17;18
PA,Beaver,42007,32821,35108,0,67929,17
RI,Newport,44005,21189,12257,59,33505,1
RI,Providence,44007,130873,64526,529,195928,1;2
RI,Kent,44003,41046,25842,138,67026,2
RI,Washington,44009,35836,19643,99,55578,2
RI,Bristol,44001,13493,7568,41,21102,1
RI,,00NAN,138,2,1,141,1;2
SC,Dorchester,45035,24520,26353,176,51049,1;6
SC,Beaufort,45013,33095,37552,85,70732,1;6
SC,Berkeley,45015,31698,33963,262,65923,1;6
SC,Charleston,45019,89131,57704,1088,147923,1;6
SC,Colleton,45029,6399,6651,186,13236,1;6
SC,Aiken,45003,21760,37338,610,59708,2
SC,Orangeburg,45075,21393,8991,280,30664,2;6
SC,Barnwell,45011,3400,3900,48,7348,2
SC,Lexington,45063,33072,64673,1641,99386,2
SC,Richland,45079,95380,43768,2117,141265,2;6
SC,Abbeville,45001,2943,5544,89,8576,3
SC,Oconee,45073,7316,19966,361,27643,3
SC,Pickens,45077,9333,28814,565,38712,3
SC,Newberry,45071,4909,7956,163,13028,3;5
SC,Saluda,45081,2163,4633,78,6874,3
SC,McCormick,45065,2057,2328,33,4418,3
SC,Laurens,45059,6901,13278,227,20406,3
SC,Edgefield,45037,3611,5702,109,9422,3
SC,Greenville,45045,65446,104049,7140,176635,3;4
SC,Greenwood,45047,8641,14301,280,23222,3
SC,Anderson,45007,18019,44144,756,62919,3
SC,Spartanburg,45083,33309,58861,2695,94865,4;5
SC,Lee,45061,4179,2162,31,6372,5
SC,York,45091,38290,55212,1859,95361,5
SC,Union,45087,3612,5256,74,8942,5
SC,Cherokee,45021,4804,11736,183,16723,5
SC,Fairfield,45039,5732,3456,87,9275,5
SC,Chester,45023,5141,5655,106,10902,5
SC,Kershaw,45055,8856,14232,384,23472,5
SC,Lancaster,45057,12696,19915,441,33052,5
SC,Sumter,45085,19600,14463,358,34421,5;6
SC,Clarendon,45027,6442,5547,123,12112,6
SC,Bamberg,45009,2848,1484,44,4376,6
SC,Calhoun,45017,2998,2880,88,5966,6
SC,Hampton,45049,4236,2268,74,6578,6
SC,Allendale,45005,2306,544,24,2874,6
SC,Jasper,45053,4976,4222,136,9334,6
SC,Williamsburg,45089,7956,3558,98,11612,6
SC,Florence,45041,21731,23745,83,45559,6;7
SC,Dillon,45033,4008,4206,2,8216,7
SC,Horry,45051,35659,74987,183,110829,7
SC,Chesterfield,45025,5099,6903,9,12011,7
SC,Marion,45067,6279,4194,3,10476,7
SC,Marlboro,45069,4363,3340,2,7705,7
SC,Georgetown,45043,11057,14759,43,25859,7
SC,Darlington,45031,10976,12301,34,23311,7
SD,Union,46127,2152,4282,185,6619,1
SD,Spink,46115,958,1736,86,2780,1
SD,Edmunds,46045,488,1147,50,1685,1
SD,Clay,46027,2567,1906,134,4607,1
SD,Bon Homme,46009,940,1674,97,2711,1
SD,Jerauld,46073,312,567,28,907,1
SD,Charles Mix,46023,1319,2085,126,3530,1
SD,Hutchinson,46067,883,2281,106,3270,1
SD,Custer,46033,1273,2944,161,4378,1
SD,McCook,46087,1047,1373,64,2484,1
SD,Hanson,46061,536,1022,38,1596,1
SD,Stanley,46117,377,1042,60,1479,1
SD,Walworth,46129,528,1648,68,2244,1
SD,Gregory,46053,586,1484,52,2122,1
SD,Moody,46101,1090,1622,113,2825,1
SD,Turner,46125,1262,2467,117,3846,1
SD,Brule,46015,814,1231,78,2123,1
SD,Buffalo,46017,330,172,28,530,1
SD,Clark,46025,452,1150,47,1649,1
SD,Sanborn,46111,292,678,47,1017,1
SD,Jones,46075,94,420,28,542,1
SD,Aurora,46003,443,728,89,1260,1
SD,Douglas,46043,265,1162,67,1494,1
SD,Deuel,46039,624,1272,73,1969,1
SD,Day,46037,1072,1541,104,2717,1
SD,Grant,46051,945,2121,123,3189,1
SD,Mellette,46095,303,358,38,699,1
SD,Hamlin,46057,695,1939,74,2708,1
SD,Dewey,46041,1084,623,86,1793,1
SD,McPherson,46089,216,798,33,1047,1
SD,Jackson,46071,370,575,27,972,1
SD,Perkins,46105,224,1064,45,1333,1
SD,Campbell,46021,108,601,16,725,1
SD,Haakon,46055,117,796,27,940,1
SD,Faulk,46049,255,780,30,1065,1
SD,Harding,46063,94,568,20,682,1
SD,Lincoln,46083,8266,15049,690,24005,1
SD,Brookings,46011,4717,6418,518,11653,1
SD,Brown,46013,5482,8346,411,14239,1
SD,Sully,46119,182,613,14,809,1
SD,Potter,46107,248,923,25,1196,1
SD,Hughes,46065,2332,5366,260,7958,1
SD,Lawrence,46081,3489,6868,487,10844,1
SD,Yankton,46135,3383,5191,308,8882,1
SD,Meade,46093,2508,7160,474,10142,1
SD,Bennett,46007,438,604,35,1077,1
SD,Kingsbury,46077,855,1507,70,2432,1
SD,Oglala Lakota,46102,2473,336,152,2961,1
SD,Fall River,46047,882,2149,152,3183,1
SD,Todd,46121,1598,506,91,2195,1
SD,Corson,46031,557,484,44,1085,1
SD,Lake,46079,1925,3110,135,5170,1
SD,Tripp,46123,556,1814,72,2442,1
SD,Codington,46029,3144,7129,285,10558,1
SD,Hyde,46069,164,462,27,653,1
SD,Roberts,46109,1664,1915,105,3684,1
SD,Beadle,46005,1983,3825,225,6033,1
SD,Pennington,46103,14092,25433,1821,41346,1
SD,Lyman,46085,500,830,53,1383,1
SD,Davison,46035,2160,4807,283,7250,1
SD,Hand,46059,429,1171,49,1649,1
SD,Minnehaha,46099,29148,37768,2564,69480,1
SD,Marshall,46091,860,1024,61,1945,1
SD,Butte,46019,836,2799,149,3784,1
SD,Miner,46097,413,642,44,1099,1
SD,Ziebach,46137,417,340,40,797,1
TN,Hamblen,47063,3228,12703,289,16220,1
TN,Washington,47179,12819,30067,864,43750,1
TN,Sevier,47155,5677,23483,540,29700,1
TN,Sullivan,47163,11568,41455,938,53961,1
TN,Johnson,47091,869,4664,91,5624,1
TN,Hancock,47067,246,1454,45,1745,1
TN,Greene,47059,3686,16077,324,20087,1
TN,Hawkins,47073,2783,13495,435,16713,1
TN,Jefferson,47089,3105,11795,173,15073,1;2
TN,Unicoi,47171,1100,4782,109,5991,1
TN,Cocke,47029,1513,7884,235,9632,1
TN,Carter,47019,3240,14259,384,17883,1
TN,Knox,47093,63397,100776,1612,165785,2
TN,Grainger,47057,1084,5532,74,6690,2
TN,Claiborne,47025,1608,6687,92,8387,2
TN,Campbell,47013,1950,7638,197,9785,2;3
TN,Blount,47009,12642,33361,472,46475,2
TN,Loudon,47105,4932,16234,222,21388,2
TN,Hamilton,47065,57681,73047,2214,132942,3
TN,Monroe,47123,3035,10979,260,14274,3
TN,Morgan,47129,1099,4255,104,5458,3
TN,Scott,47151,795,4217,98,5110,3
TN,Union,47173,989,3772,106,4867,3
TN,Bradley,47011,7270,23702,1014,31986,3;4
TN,McMinn,47107,3238,11966,339,15543,3
TN,Anderson,47001,8703,16420,510,25633,3
TN,Roane,47145,4730,13770,445,18945,3
TN,Polk,47139,1399,4253,110,5762,3
TN,Marshall,47117,2672,6313,306,9291,4
TN,Moore,47127,518,1890,52,2460,4
TN,Meigs,47121,836,2476,98,3410,4
TN,Sequatchie,47153,1168,3438,144,4750,4
TN,Rutherford,47149,39134,49922,3015,92071,4
TN,Franklin,47051,4130,8970,233,13333,4
TN,Lincoln,47103,2155,8136,175,10466,4
TN,Warren,47177,3452,6662,382,10496,4
TN,Bledsoe,47007,975,2895,99,3969,4
TN,Rhea,47143,2062,6719,280,9061,4
TN,Bedford,47003,3045,8715,314,12074,4
TN,Grundy,47061,964,2488,106,3558,4
TN,Maury,47119,10672,19886,812,31370,4;7
TN,Van Buren,47175,539,1413,68,2020,4;6
TN,Marion,47115,2714,6158,221,9093,4
TN,Davidson,47037,167839,67701,8,235548,5
TN,Dickson,47043,6033,10195,0,16228,5
TN,Cheatham,47021,4908,9081,88,14077,5;6
TN,Smith,47159,1331,4584,127,6042,6
TN,Trousdale,47169,677,1552,47,2276,6
TN,Robertson,47147,5739,14675,771,21185,6
TN,Coffee,47031,4656,11452,403,16511,6
TN,Cumberland,47035,5053,16541,424,22018,6
TN,Clay,47027,702,1549,46,2297,6
TN,Overton,47133,2693,3855,89,6637,6
TN,Jackson,47087,1165,2349,67,3581,6
TN,Wilson,47189,15973,34757,1007,51737,6
TN,DeKalb,47041,1364,3697,122,5183,6
TN,White,47185,1924,5959,221,8104,6
TN,Sumner,47165,17380,40194,1368,58942,6
TN,Cannon,47015,1002,3043,85,4130,6
TN,Putnam,47141,7175,14996,393,22564,6
TN,Fentress,47049,1073,4568,135,5776,6
TN,Macon,47111,968,4669,120,5757,6
TN,Pickett,47137,592,1557,43,2192,6
TN,Lawrence,47099,2787,8813,117,11717,7
TN,Benton,47005,1483,3561,65,5109,7;8
TN,Wayne,47181,679,3292,38,4009,7
TN,Lewis,47101,983,2844,73,3900,7
TN,Williamson,47187,34862,67010,796,102668,7
TN,Henderson,47077,1652,6646,85,8383,7
TN,Perry,47135,505,1558,26,2089,7
TN,Decatur,47039,898,2803,42,3743,7
TN,Stewart,47161,1017,3071,34,4122,7
TN,Humphreys,47085,1824,3824,59,5707,7
TN,Hickman,47081,1872,4760,102,6734,7
TN,Chester,47023,1149,4076,52,5277,7
TN,Montgomery,47125,19269,28528,683,48480,7
TN,Giles,47055,2395,6045,131,8571,7
TN,McNairy,47109,1836,6135,81,8052,7
TN,Hardin,47071,1610,6364,62,8036,7
TN,Houston,47083,845,1803,30,2678,7
TN,Hardeman,47069,3236,3828,86,7150,7
TN,Crockett,47033,864,2941,152,3957,8
TN,Lake,47095,371,940,38,1349,8
TN,Haywood,47075,3030,2509,93,5632,8
TN,Madison,47113,13119,18488,728,32335,8
TN,Gibson,47053,3612,10784,389,14785,8
TN,Tipton,47167,4086,13533,370,17989,8
TN,Henry,47079,2326,6811,736,9873,8
TN,Obion,47131,1896,7316,213,9425,8
TN,Weakley,47183,2371,7174,259,9804,8
TN,Dyer,47045,1981,8008,264,10253,8
TN,Shelby,47157,178099,102799,3076,283974,8;9
TN,Carroll,47017,1926,6391,246,8563,8
TN,Fayette,47047,4175,11424,281,15880,8
TN,Lauderdale,47097,2023,3794,148,5965,8
TX,Angelina,48005,6706,19231,320,26257,1
TX,Gregg,48183,10564,24812,508,35884,1
TX,Kaufman,48257,11205,26727,97,38029,5
TX,Harrison,48203,5959,16273,302,22534,1
TX,Nacogdoches,48347,7075,13701,391,21167,1
TX,Panola,48365,1559,7105,63,8727,1
TX,Rusk,48401,3374,12664,192,16230,1
TX,Sabine,48403,487,3421,24,3932,1
TX,San Augustine,48405,726,2247,22,2995,1
TX,Shelby,48419,1467,5998,56,7521,1
TX,Smith,48423,21606,53983,1290,76879,1
TX,Upshur,48459,2243,11484,193,13920,1;4
TX,Wood,48499,2550,14071,67,16688,1;5
TX,Harris,48201,675409,492085,23125,1190619,2;7;8;9;10;18;22;29;36
TX,Collin,48085,150918,194359,5392,350669,3;4;32
TX,Bowie,48037,7512,20417,277,28206,4
TX,Camp,48063,1073,2778,27,3878,4
TX,Cass,48067,1960,8217,77,10254,4
TX,Delta,48119,310,1577,28,1915,4
TX,Fannin,48147,1913,8624,155,10692,4
TX,Franklin,48159,567,3319,43,3929,4
TX,Grayson,48181,10171,32038,632,42841,4
TX,Hopkins,48223,2315,9399,108,11822,4
TX,Hunt,48231,6335,21267,432,28034,4
TX,Lamar,48277,3370,12846,179,16395,4
TX,Marion,48315,993,2484,29,3506,4
TX,Morris,48343,1211,2957,32,4200,4
TX,Rains,48379,678,3655,38,4371,4
TX,Red River,48387,946,3405,30,4381,4
TX,Rockwall,48397,10210,27550,541,38301,4
TX,Titus,48449,2080,5738,96,7914,4
TX,Anderson,48001,3162,11421,25,14608,5
TX,Cherokee,48073,3179,11596,12,14787,5
TX,Dallas,48113,460156,228907,8430,697493,5;24;26;30;32;33
TX,Henderson,48213,4892,21484,24,26400,5
TX,Van Zandt,48467,2490,15246,34,17770,5
TX,Ellis,48139,18022,40883,837,59742,6
TX,Navarro,48349,3780,10363,147,14290,6
TX,Tarrant,48439,286967,324717,10663,622347,6;12;24;25;26;33
TX,Grimes,48185,1892,6561,138,8591,8
TX,Houston,48225,1675,5590,67,7332,8
TX,Leon,48289,765,5721,59,6545,8;17
TX,Madison,48313,732,3046,32,3810,8
TX,Montgomery,48339,44759,140962,3360,189081,8
TX,San Jacinto,48407,1640,7534,123,9297,8
TX,Trinity,48455,898,4207,43,5148,8
TX,Walker,48471,5527,11864,361,17752,8
TX,Fort Bend,48157,135149,105707,7867,248723,9;22
TX,Austin,48015,2047,8763,174,10984,10
TX,Bastrop,48021,11202,15019,895,27116,10;17;27
TX,Colorado,48089,1730,5704,110,7544,10
TX,Fayette,48149,2029,8182,133,10344,10
TX,Lee,48287,1215,4466,90,5771,10;17
TX,Travis,48453,340346,125187,12111,477644,10;17;21;25;35
TX,Waller,48473,6048,10219,241,16508,10
TX,Washington,48477,2912,10262,206,13380,10
TX,Andrews,48003,656,3419,48,4123,11
TX,Brown,48049,1448,10555,171,12174,11
TX,Callahan,48059,519,4416,59,4994,11
TX,Coke,48081,109,1184,19,1312,11
TX,Coleman,48083,326,2763,30,3119,11
TX,Comanche,48093,671,3868,51,4590,11
TX,Concho,48095,132,832,10,974,11
TX,Dawson,48115,678,2277,30,2985,11
TX,Eastland,48133,751,5387,59,6197,11
TX,Ector,48135,7904,22040,458,30402,11
TX,Erath,48143,2202,10126,156,12484,11;25
TX,Glasscock,48173,28,524,2,554,11
TX,Hood,48221,4127,20161,325,24613,11
TX,Irion,48235,78,644,11,733,11
TX,Kimble,48267,170,1520,20,1710,11
TX,Llano,48299,1928,8053,127,10108,11
TX,McCulloch,48307,353,2293,26,2672,11
TX,Martin,48317,201,1309,20,1530,11
TX,Mason,48319,364,1579,13,1956,11
TX,Menard,48327,123,654,6,783,11
TX,Midland,48329,7976,33718,904,42598,11
TX,Mills,48333,226,1761,16,2003,11
TX,Mitchell,48335,263,1614,19,1896,11
TX,Palo Pinto,48363,1675,7616,93,9384,11
TX,Runnels,48399,324,2885,22,3231,11
TX,San Saba,48411,220,1823,6,2049,11
TX,Stephens,48429,289,2643,14,2946,11;19
TX,Sterling,48431,30,454,3,487,11
TX,Tom Green,48451,8053,25948,493,34494,11
TX,Parker,48367,8015,45468,884,54367,12
TX,Wise,48497,3299,19142,372,22813,12;13
TX,Archer,48009,310,3249,44,3603,13
TX,Armstrong,48011,57,808,22,887,13
TX,Baylor,48023,131,1083,16,1230,13
TX,Briscoe,48045,57,558,7,622,13
TX,Carson,48065,196,2209,34,2439,13
TX,Childress,48075,200,1539,15,1754,13
TX,Clay,48077,458,3770,51,4279,13
TX,Collingsworth,48087,90,836,10,936,13
TX,Cooke,48097,2171,11963,177,14311,13
TX,Cottle,48101,87,460,8,555,13
TX,Dallam,48111,121,969,22,1112,13
TX,Deaf Smith,48117,921,2792,45,3758,13
TX,Dickens,48125,94,654,2,750,13
TX,Donley,48129,113,1134,27,1274,13
TX,Floyd,48153,415,1442,6,1863,13;19
TX,Foard,48155,101,324,6,431,13
TX,Gray,48179,528,5301,88,5917,13
TX,Hall,48191,140,809,12,961,13
TX,Hansford,48195,99,1565,19,1683,13
TX,Hardeman,48197,145,1000,10,1155,13
TX,Hartley,48205,122,1466,14,1602,13
TX,Hemphill,48211,124,1234,11,1369,13
TX,Hutchinson,48233,627,5909,98,6634,13
TX,Jack,48237,265,2501,28,2794,13
TX,King,48269,3,124,2,129,13
TX,Knox,48275,204,870,8,1082,13
TX,Lipscomb,48295,95,954,17,1066,13
TX,Montague,48337,810,6474,89,7373,13
TX,Moore,48341,697,3300,42,4039,13
TX,Motley,48345,39,480,6,525,13
TX,Ochiltree,48357,184,2179,34,2397,13
TX,Oldham,48359,58,749,4,811,13
TX,Potter,48375,6471,17450,419,24340,13
TX,Randall,48381,7705,39701,823,48229,13
TX,Roberts,48393,16,442,4,462,13
TX,Sherman,48421,69,707,41,817,13
TX,Swisher,48437,372,1493,16,1881,13
TX,Wheeler,48483,115,1674,27,1816,13
TX,Wichita,48485,8362,24779,666,33807,13
TX,Wilbarger,48487,686,2759,0,3445,13
TX,Brazoria,48039,42181,66638,2195,111014,14;22
TX,Chambers,48071,2787,12334,0,15121,14;36
TX,Galveston,48167,42187,68811,1984,112982,14
TX,Jefferson,48245,36159,36966,685,73810,14
TX,Brooks,48047,1508,338,14,1860,15
TX,Duval,48131,3022,807,50,3879,15
TX,Guadalupe,48187,19031,33508,1145,53684,15;35
TX,Hidalgo,48215,110161,36280,1547,147988,15;28;34
TX,Jim Hogg,48247,1162,243,20,1425,15
TX,Karnes,48255,1423,2563,48,4034,15
TX,Live Oak,48297,615,2952,31,3598,15
TX,Wilson,48493,7097,4615,13,11725,15;28
TX,El Paso,48141,138506,52512,8966,199984,16;23
TX,Brazos,48041,24367,38075,1560,64002,17
TX,Burleson,48051,1351,5147,70,6568,17
TX,Falls,48145,1381,3251,30,4662,17
TX,Freestone,48161,1304,5248,59,6611,17
TX,Limestone,48293,1578,5242,60,6880,17
TX,McLennan,48309,25906,47727,994,74627,17
TX,Milam,48331,1906,5959,96,7961,17
TX,Robertson,48395,1838,4345,57,6240,17
TX,Bailey,48017,354,1234,0,1588,19
TX,Borden,48033,13,325,0,338,19
TX,Castro,48069,381,1215,0,1596,19
TX,Cochran,48079,125,553,0,678,19
TX,Crosby,48107,382,1025,0,1407,19
TX,Fisher,48151,306,1168,0,1474,19
TX,Gaines,48165,468,3363,0,3831,19
TX,Garza,48169,172,1101,0,1273,19
TX,Hale,48189,1725,5654,0,7379,19
TX,Haskell,48207,253,1400,0,1653,19
TX,Hockley,48219,1068,4989,0,6057,19
TX,Howard,48227,1606,5716,0,7322,19
TX,Jones,48253,758,4205,0,4963,19
TX,Kent,48263,31,301,0,332,19
TX,Lamb,48279,635,2810,0,3445,19
TX,Lubbock,48303,28293,62195,0,90488,19
TX,Lynn,48305,295,1393,0,1688,19
TX,Nolan,48353,807,3219,0,4026,19
TX,Parmer,48369,351,1676,0,2027,19
TX,Scurry,48415,578,3760,0,4338,19
TX,Shackelford,48417,86,1196,0,1282,19
TX,Stonewall,48433,92,511,0,603,19
TX,Taylor,48441,9199,31218,0,40417,19
TX,Terry,48445,552,2247,0,2799,19
TX,Throckmorton,48447,67,623,0,690,19
TX,Yoakum,48501,305,1592,0,1897,19
TX,Young,48503,767,5577,0,6344,19
TX,Bexar,48029,324364,170244,6082,500690,20;21;23;28;35
TX,Bandera,48019,1896,7519,155,9570,21
TX,Blanco,48031,1511,4156,96,5763,21
TX,Comal,48091,16326,43915,1102,61343,21;35
TX,Gillespie,48171,2487,9796,163,12446,21
TX,Hays,48209,43113,33118,2124,78355,21;25;35
TX,Kendall,48259,4188,15191,286,19665,21
TX,Kerr,48265,5212,16539,288,22039,21
TX,Real,48385,252,1279,17,1548,21
TX,Brewster,48043,2041,1940,92,4073,23
TX,Crane,48103,234,787,24,1045,23
TX,Crockett,48105,333,904,22,1259,23
TX,Culberson,48109,461,286,27,774,23
TX,Dimmit,48127,2020,787,43,2850,23
TX,Edwards,48137,144,601,11,756,23
TX,Frio,48163,1989,1586,84,3659,23
TX,Hudspeth,48229,383,466,26,875,23
TX,Jeff Davis,48243,448,706,20,1174,23
TX,Kinney,48271,337,820,32,1189,23
TX,La Salle,48283,861,585,14,1460,23;28
TX,Loving,48301,9,44,0,53,23
TX,Maverick,48323,7416,2881,298,10595,23
TX,Medina,48325,4207,11681,255,16143,23
TX,Pecos,48371,1311,2144,52,3507,23
TX,Presidio,48377,1196,431,26,1653,23
TX,Reagan,48383,150,674,5,829,23
TX,Reeves,48389,1311,1010,49,2370,23
TX,Schleicher,48413,194,730,24,948,23
TX,Sutton,48435,240,954,6,1200,23
TX,Terrell,48443,170,275,14,459,23
TX,Upton,48461,177,813,17,1007,23
TX,Uvalde,48463,3327,4388,185,7900,23
TX,Val Verde,48465,5544,5518,273,11335,23
TX,Ward,48475,829,2036,42,2907,23
TX,Winkler,48495,322,1110,16,1448,23
TX,Zavala,48507,2270,557,54,2881,23
TX,Denton,48121,122377,165109,4747,292233,24;26
TX,Bell,48027,38058,46859,1239,86156,25;31
TX,Bosque,48035,1294,5664,101,7059,25
TX,Burnet,48053,4138,13987,257,18382,25
TX,Coryell,48099,4859,10705,268,15832,25
TX,Hamilton,48193,509,2758,28,3295,25
TX,Hill,48217,2329,8887,114,11330,25
TX,Johnson,48251,11416,39618,734,51768,25
TX,Lampasas,48281,1502,5860,105,7467,25
TX,Somervell,48425,577,3007,44,3628,25
TX,Aransas,48007,2021,6676,220,8917,27
TX,Caldwell,48055,5268,5798,298,11364,27;35
TX,Calhoun,48057,1767,4159,93,6019,27
TX,Gonzales,48177,1309,4174,67,5550,27;34
TX,Jackson,48239,763,3932,50,4745,27
TX,Lavaca,48285,920,6699,67,7686,27
TX,Matagorda,48321,2751,7103,497,10351,27
TX,Nueces,48355,44692,44924,3858,93474,27
TX,Refugio,48391,842,1576,45,2463,27
TX,San Patricio,48409,6533,11167,417,18117,27;34
TX,Victoria,48469,7486,19228,357,27071,27
TX,Wharton,48481,3532,9110,198,12840,27
TX,Atascosa,48013,7138,2385,0,9523,28
TX,McMullen,48311,167,47,0,214,28
TX,Starr,48427,9121,421,0,9542,28
TX,Webb,48479,42698,4521,0,47219,28
TX,Zapata,48505,1828,140,0,1968,28
TX,Williamson,48491,103155,99648,3886,206689,31
TX,Bee,48025,2862,4183,0,7045,34
TX,Cameron,48061,50226,26632,0,76858,34
TX,DeWitt,48123,1096,4971,0,6067,34
TX,Goliad,48175,772,2206,0,2978,34
TX,Jim Wells,48249,5312,4327,0,9639,34
TX,Kenedy,48261,94,64,0,158,34
TX,Kleberg,48273,4379,3968,0,8347,34
TX,Willacy,48489,2868,1319,0,4187,34
TX,Hardin,48199,2610,17481,0,20091,36
TX,Jasper,48241,2213,9572,0,11785,36
TX,Liberty,48291,4301,16109,0,20410,36
TX,Newton,48351,996,3654,0,4650,36
TX,Orange,48361,4807,21373,0,26180,36
TX,Polk,48373,3768,12939,0,16707,36
TX,Tyler,48457,1047,6058,0,7105,36
UT,Salt Lake,49035,225189,177093,9583,411865,2;3;4
UT,Daggett,49009,72,326,33,431,1
UT,Grand,49019,0,0,4309,4309,1
UT,Rich,49033,118,908,58,1084,1
UT,Duchesne,49013,575,4908,248,5731,1
UT,Cache,49005,7587,24188,7651,39426,1
UT,Uintah,49047,1070,8677,560,10307,1
UT,Davis,49011,31904,79999,12177,124080,1;2
UT,Box Elder,49003,2453,14456,2025,18934,1
UT,Morgan,49029,574,3954,529,5057,1
UT,Weber,49057,23627,44800,11432,79859,1
UT,Summit,49043,10472,7437,2014,19923,1
UT,Millard,49027,491,3992,146,4629,2
UT,Kane,49025,798,2200,95,3093,2
UT,Sevier,49041,759,6282,263,7304,2
UT,Garfield,49017,427,1670,47,2144,2
UT,Washington,49053,12954,44026,3300,60280,2
UT,Sanpete,49039,1576,7397,212,9185,2;4
UT,Beaver,49001,277,1769,73,2119,2
UT,Iron,49021,2919,11945,853,15717,2
UT,Wayne,49055,286,1020,52,1358,2
UT,Juab,49023,780,2914,23,3717,2;4
UT,Piute,49031,60,621,14,695,2
UT,Tooele,49045,6142,14160,1417,21719,2
UT,Carbon,49007,1804,4726,322,6852,3
UT,Utah,49049,32521,131951,8314,172786,3;4
UT,Emery,49015,438,3208,167,3813,3
UT,San Juan,49037,2283,2761,261,5305,3
UT,Wasatch,49051,3658,7894,426,11978,3
VT,Orange,50017,8224,3614,671,12509,1
VT,Rutland,50021,14237,8841,1274,24352,1
VT,Addison,50001,12269,4186,746,17201,1
VT,Caledonia,50005,7080,4054,537,11671,1
VT,Chittenden,50007,57238,15268,2997,75503,1
VT,Essex,50009,1106,958,124,2188,1
VT,Franklin,50011,11047,6251,872,18170,1
VT,Grand Isle,50013,2393,1141,151,3685,1
VT,Windsor,50027,17608,6027,1455,25090,1
VT,Bennington,50003,9723,3939,957,14619,1
VT,Windham,50025,14207,3623,1173,19003,1
VT,Washington,50023,19767,6182,1275,27224,1
VT,Orleans,50019,5569,3851,475,9895,1
VT,Lamoille,50015,8079,2771,490,11340,1
VA,Gloucester,51073,4818,10792,21,15631,1
VA,Essex,51057,2113,2313,2,4428,1
VA,Fauquier,51061,13105,18962,44,32111,1;5
VA,King and Queen,51097,1239,1728,4,2971,1
VA,King William,51101,2455,5054,6,7515,1
VA,Middlesex,51119,1800,3328,4,5132,1
VA,New Kent,51127,3412,7259,7,10678,1
VA,Richmond,51159,1012,1893,1,2906,1
VA,Spotsylvania,51177,23718,27718,539,51975,1;7
VA,Westmoreland,51193,3129,3836,6,6971,1
VA,Fredericksburg,51630,6312,3393,16,9721,1
VA,Caroline,51033,5575,5775,6,11356,1
VA,Hanover,51085,18146,35497,60,53703,1
VA,James City,51095,18412,20346,51,38809,1;2
VA,Lancaster,51103,2439,3271,5,5715,1
VA,Mathews,51115,1378,3027,6,4411,1
VA,Northumberland,51133,2384,3892,3,6279,1
VA,King George,51099,3618,6138,8,9764,1
VA,Stafford,51179,26763,29214,74,56051,1
VA,Prince William,51153,102595,59998,1268,163861,1;10;11
VA,Accomack,51001,5729,7025,12,12766,2
VA,Hampton,51650,38720,5927,2123,46770,2;3
VA,Poquoson,51735,1555,4429,10,5994,2
VA,Williamsburg,51830,4408,1787,16,6211,2
VA,Northampton,51131,2807,2312,8,5127,2
VA,Norfolk,51710,52119,9421,2430,63970,2;3
VA,York,51199,12960,16067,48,29075,2
VA,Virginia Beach,51810,86822,82586,217,169625,2
VA,Chesapeake,51550,51629,27865,4444,83938,3;4
VA,Franklin,51620,2152,0,221,2373,3
VA,Portsmouth,51740,26301,0,1868,28169,3
VA,Suffolk,51800,23477,5453,2072,31002,3;4
VA,Isle of Wight,51093,8975,0,2297,11272,3
VA,Newport News,51700,44518,0,4747,49265,3
VA,Charles City,51036,2085,1224,29,3338,4
VA,Dinwiddie,51053,4756,5705,92,10553,4
VA,Henrico,51087,92455,51768,1695,145918,4;7
VA,Prince George,51149,5321,7139,148,12608,4
VA,Southampton,51175,2895,3967,97,6959,4
VA,Sussex,51183,2232,1619,30,3881,4
VA,Colonial Heights,51570,1948,4357,100,6405,4
VA,Emporia,51595,1138,626,13,1777,4
VA,Hopewell,51670,3803,2971,100,6874,4
VA,Petersburg,51730,9074,1024,111,10209,4
VA,Chesterfield,51041,81001,71086,1974,154061,4;7
VA,Richmond,51760,73254,14005,1869,89128,4
VA,Greensville,51081,2067,1381,24,3472,4
VA,Surry,51181,1944,1478,37,3459,4
VA,Albemarle,51003,34409,18807,117,53333,5
VA,Appomattox,51011,1744,4909,11,6664,5
VA,Campbell,51031,6045,15829,49,21923,5
VA,Charlotte,51037,1820,2888,7,4715,5
VA,Cumberland,51049,1790,2350,5,4145,5
VA,Henry,51089,6893,11794,10,18697,5;9
VA,Lunenburg,51111,1911,2557,8,4476,5
VA,Madison,51113,2202,3813,10,6025,5
VA,Mecklenburg,51117,5153,6616,11,11780,5
VA,Pittsylvania,51143,7788,17429,31,25248,5
VA,Prince Edward,51147,3815,3227,8,7050,5
VA,Rappahannock,51157,1837,2042,6,3885,5
VA,Brunswick,51025,3666,2463,8,6137,5
VA,Buckingham,51029,2737,3363,8,6108,5
VA,Fluvanna,51065,5790,6172,24,11986,5
VA,Franklin,51067,6727,15355,45,22127,5
VA,Nelson,51125,3669,3686,13,7368,5
VA,Bedford,51019,9173,26220,51,35444,5;6
VA,Halifax,51083,5791,7843,15,13649,5
VA,Danville,51590,9216,5847,16,15079,5
VA,Greene,51079,3062,5050,14,8126,5
VA,Charlottesville,51540,17422,3010,58,20490,5
VA,Amherst,51009,4217,8326,8,12551,6
VA,Bath,51017,526,1216,7,1749,6
VA,Botetourt,51023,4258,11261,13,15532,6
VA,Page,51139,2372,5898,7,8277,6
VA,Rockbridge,51163,3310,6059,0,9369,6
VA,Rockingham,51165,9754,21876,29,31659,6
VA,Warren,51187,5031,9190,23,14244,6
VA,Staunton,51790,5422,4182,10,9614,6
VA,Waynesboro,51820,3840,3875,4,7719,6
VA,Augusta,51015,8371,21412,28,29811,6
VA,Lexington,51678,1431,697,5,2133,6
VA,Roanoke,51770,19669,11538,36,31243,6
VA,Shenandoah,51171,5269,11211,10,16490,6
VA,Harrisonburg,51660,9130,4562,23,13715,6
VA,Lynchburg,51680,13191,13579,52,26822,6
VA,Roanoke,51161,16124,25790,58,41972,6;9
VA,Highland,51091,382,800,0,1182,6
VA,Buena Vista,51530,564,1191,4,1759,6
VA,Culpeper,51047,7910,11239,295,19444,7
VA,Louisa,51109,6256,8982,221,15459,7
VA,Nottoway,51135,2401,2862,67,5330,7
VA,Powhatan,51145,4333,10434,231,14998,7
VA,Amelia,51007,1926,3879,55,5860,7
VA,Goochland,51075,5248,7913,120,13281,7
VA,Orange,51137,6007,8797,187,14991,7
VA,Falls Church,51610,5761,1410,21,7192,8
VA,Alexandria,51510,52006,13569,151,65726,8
VA,Arlington,51013,84506,22046,230,106782,8
VA,Fairfax,51059,328815,145996,5274,480085,8;10;11
VA,Alleghany,51005,1892,3563,2,5457,9
VA,Bland,51021,505,1950,1,2456,9
VA,Buchanan,51027,1824,4149,6,5979,9
VA,Carroll,51035,2551,8052,8,10611,9
VA,Floyd,51063,2512,4237,5,6754,9
VA,Giles,51071,1933,4714,1,6648,9
VA,Grayson,51077,1543,4187,3,5733,9
VA,Lee,51105,1735,5104,3,6842,9
VA,Patrick,51141,1620,5071,10,6701,9
VA,Pulaski,51155,4056,8021,15,12092,9
VA,Scott,51169,1687,5865,6,7558,9
VA,Smyth,51173,2825,6843,3,9671,9
VA,Bristol,51520,1751,3521,11,5283,9
VA,Covington,51580,755,1024,1,1780,9
VA,Galax,51640,658,1173,1,1832,9
VA,Martinsville,51690,2865,1673,14,4552,9
VA,Radford,51750,2978,2103,8,5089,9
VA,Salem,51775,3890,6008,5,9903,9
VA,Dickenson,51051,1631,2864,4,4499,9
VA,Montgomery,51121,19969,15506,35,35510,9
VA,Russell,51167,2695,6283,6,8984,9
VA,Tazewell,51185,2732,10643,12,13387,9
VA,Wise,51195,2955,8022,9,10986,9
VA,Wythe,51197,2868,7829,11,10708,9
VA,Washington,51191,6001,14490,25,20516,9
VA,Craig,51045,529,1670,0,2199,9
VA,Norton,51720,416,684,3,1103,9
VA,Winchester,51840,4924,4209,10,9143,10
VA,Clarke,51043,3037,4152,11,7200,10
VA,Manassas,51683,7794,5118,18,12930,10
VA,Manassas Park,51685,2959,1419,3,4381,10
VA,Frederick,51069,12109,22064,65,34238,10
VA,Loudoun,51107,100515,67545,262,168322,10
VA,Fairfax,51600,7089,3229,231,10549,11
WA,King,53033,744912,174535,10158,929605,1;7;8;9
WA,Snohomish,53061,197436,113745,0,311181,1;2;7
WA,Whatcom,53073,67233,39112,0,106345,1;2
WA,Skagit,53057,31759,19661,0,51420,1;2
WA,San Juan,53055,8130,2436,0,10566,2
WA,Island,53029,26647,12602,0,39249,2
WA,Wahkiakum,53069,1022,1416,0,2438,3
WA,Lewis,53041,10937,22865,0,33802,3
WA,Cowlitz,53015,19136,24642,0,43778,3
WA,Klickitat,53039,4802,5929,0,10731,3
WA,Pacific,53049,5329,5439,0,10768,3
WA,Clark,53011,99277,94896,0,194173,3
WA,Skamania,53059,2521,3066,0,5587,3
WA,Thurston,53067,77868,44140,0,122008,3;10
WA,Yakima,53077,28653,41757,0,70410,4
WA,Grant,53025,7189,19197,0,26386,4
WA,Okanogan,53047,6506,10007,0,16513,4
WA,Franklin,53021,8868,13360,0,22228,4
WA,Douglas,53017,5175,9632,0,14807,4;8
WA,Benton,53005,28285,46521,0,74806,4
WA,Adams,53001,1104,3116,0,4220,4
WA,Walla Walla,53071,11197,13775,0,24972,4;5
WA,Stevens,53065,6961,15586,0,22547,5
WA,Lincoln,53043,1329,4070,0,5399,5
WA,Columbia,53013,636,1572,0,2208,5
WA,Asotin,53003,3570,5527,0,9097,5
WA,Pend Oreille,53051,2350,4496,0,6846,5
WA,Ferry,53019,1232,2272,0,3504,5
WA,Garfield,53023,321,969,0,1290,5
WA,Whitman,53075,8946,8184,0,17130,5
WA,Spokane,53063,108697,119770,0,228467,5
WA,Grays Harbor,53027,15515,12644,0,28159,6
WA,Kitsap,53035,76746,42628,0,119374,6
WA,Jefferson,53031,15076,5591,0,20667,6
WA,Clallam,53009,22633,16551,0,39184,6
WA,Mason,53045,14834,12606,0,27440,6;10
WA,Pierce,53053,190722,128857,0,319579,6;8;9;10
WA,Kittitas,53037,8700,10458,0,19158,8
WA,Chelan,53007,14900,17852,0,32752,8
WV,Grant,54023,625,3057,0,3682,1
WV,Mineral,54057,2287,6580,0,8867,1
WV,Preston,54077,3232,6912,0,10144,1
WV,Taylor,54091,1758,3523,0,5281,1
WV,Harrison,54033,8544,13849,0,22393,1
WV,Tucker,54093,1045,2057,0,3102,1
WV,Tyler,54095,596,2208,0,2804,1
WV,Marshall,54051,2830,7825,0,10655,1
WV,Doddridge,54017,456,1747,0,2203,1
WV,Barbour,54001,1453,3425,0,4878,1
WV,Ritchie,54085,564,2596,0,3160,1
WV,Hancock,54029,2955,6960,0,9915,1
WV,Wood,54107,9035,19338,0,28373,1
WV,Wetzel,54103,1481,3343,0,4824,1
WV,Monongalia,54061,17047,14045,0,31092,1
WV,Marion,54049,7923,11005,0,18928,1
WV,Pleasants,54073,645,1820,0,2465,1
WV,Brooke,54009,2298,5360,0,7658,1
WV,Ohio,54069,4848,10992,0,15840,1
WV,Gilmer,54021,595,1355,0,1950,1
WV,Pendleton,54071,784,1629,46,2459,2
WV,Wirt,54105,572,1171,70,1813,2
WV,Clay,54015,952,1371,73,2396,2
WV,Calhoun,54013,776,1198,81,2055,2
WV,Lewis,54041,1997,3318,162,5477,2
WV,Jackson,54035,3874,5773,333,9980,2
WV,Roane,54087,1738,2282,128,4148,2
WV,Berkeley,54003,11961,20129,1550,33640,2
WV,Putnam,54079,8384,12313,423,21120,2
WV,Morgan,54065,1710,4074,266,6050,2
WV,Hampshire,54027,1637,4934,221,6792,2
WV,Kanawha,54039,34360,27851,1170,63381,2
WV,Upshur,54097,2616,4606,208,7430,2
WV,Hardy,54031,1424,2864,144,4432,2
WV,Jefferson,54037,9528,10307,978,20813,2
WV,Braxton,54007,1749,2218,133,4100,2
WV,Randolph,54083,3949,4466,291,8706,2
WV,Mercer,54055,6436,11265,0,17701,3
WV,Pocahontas,54075,1201,1601,0,2802,3
WV,McDowell,54047,2101,2315,0,4416,3
WV,Mason,54053,3748,4440,0,8188,3
WV,Mingo,54059,2623,4234,0,6857,3
WV,Greenbrier,54025,5489,6459,0,11948,3
WV,Monroe,54063,1930,2933,0,4863,3
WV,Raleigh,54081,9299,14217,0,23516,3
WV,Summers,54089,1818,2167,0,3985,3
WV,Logan,54045,3586,5818,0,9404,3
WV,Wayne,54099,5614,6837,0,12451,3
WV,Cabell,54011,14104,14813,0,28917,3
WV,Fayette,54019,6103,5968,0,12071,3
WV,Lincoln,54043,2590,2952,0,5542,3
WV,Webster,54101,933,1271,0,2204,3
WV,Wyoming,54109,2213,3504,0,5717,3
WV,Boone,54005,3357,3272,0,6629,3
WV,Nicholas,54067,3195,4579,0,7774,3
WI,Outagamie,55087,31819,50393,0,82212,8
WI,Waupaca,55135,6888,15360,0,22248,8
WI,Brown,55009,45320,69402,0,114722,8
WI,Shawano,55115,5070,12739,0,17809,8
WI,Marinette,55075,5273,12017,0,17290,8
WI,Calumet,55015,7647,15806,0,23453,8
WI,Kewaunee,55061,2951,6490,0,9441,8
WI,Door,55029,7025,9863,0,16888,8
WI,Winnebago,55139,37865,37024,0,74889,6;8
WI,Oconto,55083,4722,12734,0,17456,8
WI,Menominee,55078,784,307,0,1091,8
WI,Iron,55051,1219,1824,38,3081,7
WI,Lincoln,55069,4580,8703,136,13419,7
WI,Barron,55005,7228,10931,336,18495,7
WI,Ashland,55003,4219,2573,89,6881,7
WI,Oneida,55085,7179,12033,283,19495,7
WI,St. Croix,55109,16631,22676,620,39927,7
WI,Clark,55019,3531,7878,179,11588,7
WI,Sawyer,55113,3403,4609,149,8161,7
WI,Price,55099,2437,4160,68,6665,7
WI,Taylor,55119,1904,6113,57,8074,7
WI,Marathon,55073,21647,39194,675,61516,7
WI,Wood,55141,14539,18047,153,32739,3;7
WI,Langlade,55067,2655,6400,139,9194,7
WI,Polk,55095,7314,10943,303,18560,7
WI,Washburn,55129,3139,4622,128,7889,7
WI,Forest,55041,1273,2611,75,3959,7
WI,Vilas,55125,4296,8116,108,12520,7
WI,Rusk,55107,2078,3881,90,6049,7
WI,Chippewa,55017,13245,14044,179,27468,3;7
WI,Douglas,55031,10877,7613,255,18745,7
WI,Burnett,55013,2800,4630,109,7539,7
WI,Bayfield,55007,5207,3490,90,8787,7
WI,Dane,55025,239624,11,8,239643,2
WI,Jackson,55053,4748,3221,25,7994,3;7
WI,Florence,55037,610,1526,29,2165,7
WI,Juneau,55057,4622,5368,57,10047,3;7
WI,Monroe,55081,8579,8071,49,16699,3;7
WI,Rock,55105,42830,14526,960,58316,1;2
WI,Sheboygan,55117,22101,30019,0,52120,6
WI,Marquette,55077,2970,4098,0,7068,6
WI,Fond du Lac,55039,17748,27029,0,44777,6
WI,Manitowoc,55071,15418,19657,0,35075,6
WI,Ozaukee,55089,20125,30599,0,50724,6
WI,Columbia,55021,14002,12469,0,26471,6
WI,Waushara,55137,4088,6414,0,10502,6
WI,Dodge,55027,13740,23382,0,37122,5;6
WI,Milwaukee,55079,262507,117386,8592,388485,1;4;5;6
WI,Green Lake,55047,2883,5191,0,8074,6
WI,Waukesha,55133,71978,143480,1165,216623,1;4;5
WI,Jefferson,55055,15702,21760,0,37462,5
WI,Washington,55131,18940,50848,0,69788,5
WI,Walworth,55127,16892,26735,1268,44895,1;5
WI,Eau Claire,55035,31004,17357,0,48361,3
WI,Portage,55097,20315,13933,0,34248,3
WI,Grant,55043,11230,8149,0,19379,3
WI,Vernon,55123,8039,4916,0,12955,3
WI,Buffalo,55011,3339,2587,0,5926,3
WI,La Crosse,55063,37782,18945,0,56727,3
WI,Pierce,55093,9378,8029,0,17407,3
WI,Adams,55001,4518,4752,0,9270,3
WI,Richland,55103,4309,2283,0,6592,2;3
WI,Dunn,55033,10285,8031,0,18316,3
WI,Crawford,55023,4244,2322,0,6566,3
WI,Trempealeau,55121,7174,4998,0,12172,3
WI,Pepin,55091,1638,1462,0,3100,3
WI,Sauk,55111,19759,4,1,19764,2
WI,Green,55045,12121,2,0,12123,2
WI,Iowa,55049,8454,10,0,8464,2
WI,Lafayette,55065,4564,1,0,4565,2
WI,Kenosha,55059,33130,31784,2340,67254,1
WI,Racine,55101,39337,44412,2859,86608,1
WY,Campbell,56005,1680,10291,920,12891,1
WY,Laramie,56021,11871,18474,1991,32336,1
WY,Johnson,56019,686,2935,213,3834,1
WY,Sublette,56035,663,2522,187,3372,1
WY,Natrona,56025,6808,15665,1750,24223,1
WY,Sheridan,56033,3270,7749,639,11658,1
WY,Park,56029,2578,8380,745,11703,1
WY,Converse,56009,806,3715,373,4894,1
WY,Carbon,56007,1410,3234,459,5103,1
WY,Goshen,56015,1014,3513,229,4756,1
WY,Fremont,56013,4534,8562,1129,14225,1
WY,Platte,56031,808,2618,304,3730,1
WY,Sweetwater,56037,3959,7700,1094,12753,1
WY,Albany,56001,7509,5868,944,14321,1
WY,Teton,56039,7373,3843,406,11622,1
WY,Crook,56011,346,2525,185,3056,1
WY,Uinta,56041,1256,4517,430,6203,1
WY,Hot Springs,56017,451,1584,191,2226,1
WY,Lincoln,56023,1132,5617,407,7156,1
WY,Washakie,56043,592,2263,228,3083,1
WY,Big Horn,56003,649,3359,279,4287,1
WY,Niobrara,56027,136,929,83,1148,1
WY,Weston,56045,372,2100,193,2665,1
NY,Albany,36001,80833,32326,70,113229,20
NY,Allegany,36003,4585,10340,0,14925,23
NY,Bronx,36005,259364,15468,4622,279454,13;14;15;16
NY,Broome,36007,41094,32038,128,73260,19;22
NY,Cattaraugus,36009,8782,15145,6,23933,23
NY,Cayuga,36011,10918,16679,24,27621,24
NY,Chautauqua,36013,17872,25536,0,43408,23
NY,Chemung,36015,12637,17235,26,29898,23
NY,Chenango,36017,7455,9282,26,16763,22
NY,Clinton,36019,13311,13232,261,26804,21
NY,Columbia,36021,16741,12125,713,29579,19
NY,Cortland,36023,9246,7378,15,16639,22
NY,Delaware,36025,7338,9332,465,17135,19
NY,Dutchess,36027,61356,48714,857,110927,18;19
NY,Erie,36029,219877,111123,2451,333451,26;27
NY,Essex,36031,7250,7089,173,14512,21
NY,Franklin,36033,6841,7273,142,14256,21
NY,Fulton,36035,5564,11293,150,17007,21
NY,Genesee,36037,8706,11475,627,20808,27
NY,Greene,36039,8066,10834,680,19580,19
NY,Hamilton,36041,918,1833,25,2776,21
NY,Herkimer,36043,9512,12691,42,22245,21;22
NY,Jefferson,36045,234,312,156,702,21
NY,Kings,36047,544221,75956,3782,623959,7;8;9;10;11;12
NY,Lewis,36049,2361,5928,210,8499,21
NY,Livingston,36051,11520,12036,527,24083,27
NY,Madison,36053,12809,13296,23,26128,22
NY,Monroe,36055,165324,116546,243,282113,25;27
NY,Montgomery,36057,7572,7442,210,15224,19;20
NY,Nassau,36059,286033,199349,269,485651,2;3;4;5
NY,New York,36061,479682,53071,2805,535558,7;10;12;13
NY,Niagara,36063,37399,32647,1079,71125,26;27
NY,Oneida,36065,41115,39192,0,80307,22
NY,Onondaga,36067,90630,86833,281,177744,24
NY,Ontario,36069,22696,20475,461,43632,23;27
NY,Orleans,36073,4773,7575,297,12645,27
NY,Oswego,36075,20835,33396,23,54254,22;24
NY,Otsego,36077,10686,10577,559,21822,19
NY,Putnam,36079,19002,19484,11,38497,18
NY,Queens,36081,400547,41363,7937,449847,3;5;6;7;8;12;14
NY,Rensselaer,36083,33547,25368,1180,60095,19;20
NY,Richmond,36085,70264,68458,498,139220,11
NY,Rockland,36087,62677,12444,189,75310,17
NY,Saratoga,36091,50321,43697,412,94430,20;21
NY,Schenectady,36093,34588,19145,30,53763,20
NY,Schoharie,36095,4605,7241,421,12267,19
NY,Schuyler,36097,3167,4246,1,7414,23
NY,Seneca,36099,5450,6157,4,11611,23
NY,St. Lawrence,36089,15002,17842,684,33528,21
NY,Steuben,36101,12329,21978,17,34324,23
NY,Suffolk,36103,266419,263029,2988,532436,1;2;3
NY,Sullivan,36105,12068,12269,333,24670,19
NY,Tioga,36107,7509,10875,10,18394,22;23
NY,Tompkins,36109,28762,8916,0,37678,23
NY,Ulster,36111,48072,29020,1633,78725,19
NY,Warren,36113,12385,13283,373,26041,21
NY,Washington,36115,8411,11892,277,20580,21
NY,Wayne,36117,12383,19188,7,31578,24
NY,Westchester,36119,243880,22270,1083,267233,16;17;18
NY,Yates,36123,3502,4679,3,8184,23
