state,county_name,county_id,dem_2020,gop_2020,oth_2020,total_2020,districts_2020
AL,Coffee,01031,4875,17211,15,22101,2
AL,Henry,01067,2527,6624,6,9157,2
AL,Bullock,01011,3348,1150,4,4502,2
AL,Pike,01109,5468,8184,10,13662,2
AL,Blount,01009,189,24807,149,25145,4;6
AL,Choctaw,01023,3894,0,553,4447,7
AL,Baldwin,01003,24326,83964,104,108394,1
AL,Mobile,01097,79335,101862,177,181374,1
AL,Clarke,01025,6263,2978,513,9754,1;7
AL,Escambia,01053,4983,10687,9,15679,1
AL,Monroe,01099,4519,6044,3,10566,1
AL,Washington,01129,2378,6290,3,8671,1
AL,Autauga,01001,7357,20081,39,27477,2
AL,Montgomery,01101,63536,33426,150,97112,2;3;7
AL,Conecuh,01035,2987,3235,0,6222,2
AL,Covington,01039,2708,14437,7,17152,2
AL,Houston,01069,12748,32937,55,45740,2
AL,Dale,01045,5114,14361,19,19494,2
AL,Elmore,01051,10029,30572,25,40626,2
AL,Barbour,01005,4691,5643,10,10344,2
AL,Geneva,01061,1599,10837,9,12445,2
AL,Butler,01013,3893,5437,9,9339,2
AL,Crenshaw,01041,1689,4816,7,6512,2
AL,Calhoun,01015,14389,36137,46,50572,3
AL,Tallapoosa,01123,5552,15213,11,20776,3
AL,Cleburne,01029,645,6491,4,7140,3
AL,Talladega,01121,12709,22727,21,35457,3
AL,St. Clair,01115,7451,36478,22,43951,3
AL,Russell,01113,10916,10171,17,21104,3
AL,Randolph,01111,2134,8516,12,10662,3
AL,Clay,01027,1148,5710,4,6862,3
AL,Lee,01081,26320,44235,82,70637,3
AL,Cherokee,01019,1495,10669,3,12167,3;4
AL,Macon,01087,6810,1798,7,8615,3
AL,Chambers,01017,6091,8989,10,15090,3
AL,Marshall,01095,5642,33574,27,39243,4
AL,Etowah,01055,11369,35914,46,47329,4
AL,Tuscaloosa,01125,42519,23835,2301,68655,4;7
AL,DeKalb,01049,4453,24460,33,28946,4
AL,Winston,01133,983,10193,14,11190,4
AL,Colbert,01033,8143,19326,17,27486,4
AL,Walker,01127,4755,26147,17,30919,4
AL,Cullman,01043,4359,37133,30,41522,4
AL,Marion,01093,1462,12246,9,13717,4
AL,Lamar,01075,943,6168,1,7112,4
AL,Franklin,01059,2127,10253,6,12386,4
AL,Fayette,01057,1360,7302,4,8666,4
AL,Lawrence,01079,3471,12287,10,15768,4
AL,Jackson,01071,8,19500,205,19713,4;5
AL,Morgan,01103,0,41646,800,42446,5
AL,Lauderdale,01077,0,33023,907,33930,5
AL,Madison,01089,0,121634,7866,129500,5
AL,Limestone,01083,0,37371,1288,38659,5
AL,Shelby,01117,0,88447,2323,90770,6
AL,Bibb,01007,0,7744,93,7837,6
AL,Jefferson,01073,110212,135207,6471,251890,6;7
AL,Chilton,01021,0,16111,117,16228,6
AL,Coosa,01037,0,3774,61,3835,6
AL,Marengo,01091,6399,0,740,7139,7
AL,Hale,01065,5353,0,197,5550,7
AL,Pickens,01107,5070,0,339,5409,7
AL,Wilcox,01131,4344,0,199,4543,7
AL,Perry,01105,4119,0,63,4182,7
AL,Dallas,01047,13294,0,273,13567,7
AL,Sumter,01119,5037,0,125,5162,7
AL,Lowndes,01085,5238,0,68,5306,7
AL,Greene,01063,4033,0,73,4106,7
AZ,Greenlee,04011,1380,2226,0,3606,1
AZ,Pima,04019,297856,208460,0,506316,1;2;3
AZ,Pinal,04021,74752,105841,0,180593,1;3;4
AZ,Navajo,04017,24205,26371,0,50576,1
AZ,Apache,04001,23605,11110,0,34715,1
AZ,Maricopa,04013,1004699,980910,0,1985609,1;3;4;5;6;7;8;9
AZ,Mohave,04015,23659,76511,0,100170,1;4
AZ,Graham,04009,4436,10153,0,14589,1
AZ,Coconino,04005,44842,26800,0,71642,1
AZ,Yavapai,04025,47855,91503,0,139358,1;4
AZ,Gila,04007,9190,17928,0,27118,1;4
AZ,Cochise,04003,24288,34796,0,59084,2
AZ,Santa Cruz,04023,13493,5729,0,19222,3
AZ,Yuma,04027,33016,35115,0,68131,3;4
AZ,La Paz,04012,2042,5063,0,7105,4
AR,Lonoke,05085,0,28307,0,28307,1
AR,Jefferson,05069,13682,10163,686,24531,1;4
AR,Baxter,05005,0,18684,0,18684,1
AR,Crittenden,05035,0,12315,0,12315,1
AR,Mississippi,05093,0,10189,0,10189,1
AR,Jackson,05067,0,4453,0,4453,1
AR,Arkansas,05001,0,5402,0,5402,1
AR,Stone,05137,0,5293,0,5293,1
AR,Lawrence,05075,0,5428,0,5428,1
AR,Independence,05063,0,13352,0,13352,1
AR,Lincoln,05079,0,3373,0,3373,1
AR,Woodruff,05147,0,2155,0,2155,1
AR,Greene,05055,0,15064,0,15064,1
AR,Randolph,05121,0,6227,0,6227,1
AR,Cross,05037,0,6189,0,6189,1
AR,Searcy,05129,26,3568,3,3597,1;3
AR,Prairie,05117,0,3130,0,3130,1
AR,Clay,05021,0,4797,0,4797,1
AR,Fulton,05049,0,4522,0,4522,1
AR,Sharp,05135,0,6855,0,6855,1
AR,Izard,05065,0,5255,0,5255,1
AR,Poinsett,05111,0,6933,0,6933,1
AR,St. Francis,05123,0,5192,0,5192,1
AR,Chicot,05017,0,3001,0,3001,1
AR,Desha,05041,0,3161,0,3161,1
AR,Monroe,05095,0,2336,0,2336,1
AR,Cleburne,05023,0,11711,0,11711,1
AR,Lee,05077,0,1862,0,1862,1
AR,Phillips,05107,0,4350,0,4350,1
AR,Craighead,05031,0,34368,0,34368,1
AR,Faulkner,05045,19017,35279,0,54296,2
AR,Van Buren,05141,1678,6072,0,7750,2
AR,Perry,05105,1066,3542,0,4608,2
AR,White,05145,6232,24584,0,30816,2
AR,Conway,05029,2822,5850,0,8672,2
AR,Saline,05125,16256,40612,0,56868,2
AR,Pulaski,05119,101339,68154,0,169493,2
AR,Sebastian,05131,13037,32063,1861,46961,3;4
AR,Crawford,05033,4571,18627,833,24031,3;4
AR,Pope,05115,5117,18479,714,24310,3
AR,Carroll,05015,3813,7588,301,11702,3
AR,Newton,05101,696,3106,98,3900,3;4
AR,Washington,05143,39890,50007,3827,93724,3
AR,Boone,05009,2644,13824,473,16941,3
AR,Marion,05089,1327,5908,195,7430,3
AR,Benton,05007,37491,76899,5161,119551,3
AR,Ouachita,05103,3854,5443,199,9496,4
AR,Garland,05051,11800,30747,1428,43975,4
AR,Franklin,05047,1171,5689,180,7040,4
AR,Polk,05113,1089,7019,298,8406,4
AR,Madison,05087,1521,5496,252,7269,4
AR,Montgomery,05097,635,3103,87,3825,4
AR,Clark,05019,3137,4967,191,8295,4
AR,Hot Spring,05059,2812,9316,360,12488,4
AR,Pike,05109,574,3530,91,4195,4
AR,Little River,05081,1235,3775,99,5109,4
AR,Union,05139,5214,10693,426,16333,4
AR,Bradley,05011,1124,2398,88,3610,4
AR,Logan,05083,1391,6472,293,8156,4
AR,Johnson,05071,2094,6937,369,9400,4
AR,Sevier,05133,1011,3970,141,5122,4
AR,Ashley,05003,2092,5603,169,7864,4
AR,Hempstead,05057,2094,4528,148,6770,4
AR,Scott,05127,449,2977,91,3517,4
AR,Howard,05061,1265,3393,96,4754,4
AR,Nevada,05099,1068,2178,78,3324,4
AR,Yell,05149,1206,5228,211,6645,4
AR,Cleveland,05025,581,2893,77,3551,4
AR,Lafayette,05073,841,1747,41,2629,4
AR,Miller,05091,4105,11870,382,16357,4
AR,Grant,05053,1112,6763,264,8139,4
AR,Calhoun,05013,457,1649,41,2147,4
AR,Drew,05043,2221,4447,170,6838,4
AR,Columbia,05027,2700,5591,165,8456,4
AR,Dallas,05039,928,1615,58,2601,4
CA,Alameda,06001,595439,142812,0,738251,13;15;17
CA,Alpine,06003,473,264,0,737,4
CA,Amador,06005,8259,13833,0,22092,4
CA,Butte,06007,52112,49929,0,102041,1
CA,Calaveras,06009,10333,16563,0,26896,4
CA,Colusa,06011,3348,4328,0,7676,3
CA,Contra Costa,06013,395893,165172,0,561065,5;9;11;15
CA,Del Norte,06015,5103,6089,0,11192,2
CA,El Dorado,06017,51597,63710,0,115307,4
CA,Fresno,06019,188273,172957,0,361230,4;16;21;22
CA,Glenn,06021,4004,7126,0,11130,1;3
CA,Humboldt,06023,46089,20656,0,66745,2
CA,Imperial,06025,34868,20087,0,54955,51
CA,Inyo,06027,4559,4702,0,9261,8
CA,Kern,06029,123239,180279,0,303518,21;23
CA,Kings,06031,16611,26983,0,43594,21
CA,Lake,06033,15919,12397,0,28316,3;5
CA,Lassen,06035,3000,8892,0,11892,1
CA,Los Angeles,06037,2955618,919791,0,3875409,23;25;26;27;28;29;30;32;33;34;35;37;38;39;40;43;44;47
CA,Madera,06039,21855,30965,0,52820,4;16
CA,Marin,06041,124729,25363,0,150092,2
CA,Mariposa,06043,4195,5906,0,10101,4
CA,Mendocino,06045,29925,12806,0,42731,2
CA,Merced,06047,49613,39777,0,89390,16
CA,Modoc,06049,1290,3025,0,4315,1
CA,Mono,06051,3969,2633,0,6602,8
CA,Monterey,06053,122057,41291,0,163348,20
CA,Napa,06055,52204,18472,0,70676,5
CA,Nevada,06057,37166,27409,0,64575,1;4
CA,Orange,06059,796652,701227,0,1497879,38;39;45;46;47;48;49
CA,Placer,06061,103770,126209,0,229979,1;4
CA,Plumas,06063,4737,6541,0,11278,1
CA,Riverside,06065,529953,450304,0,980257,36;41;42;50
CA,Sacramento,06067,444156,258306,0,702462,3;6;7;9
CA,San Benito,06069,18735,9412,0,28147,20
CA,San Bernardino,06071,454944,356787,0,811731,8;27;31;35;39
CA,San Diego,06073,1018193,504474,0,1522667,49;50;51;52;53
CA,San Francisco,06075,402620,9179,0,411799,12;13;14
CA,San Joaquin,06077,161665,121355,0,283020,9;10
CA,San Luis Obispo,06079,84608,73172,0,157780,24
CA,San Mateo,06081,298597,63526,0,362123,14;18
CA,Santa Barbara,06083,124584,74781,0,199365,24
CA,Santa Clara,06085,642764,153289,0,796053,17;18;19;20
CA,Santa Cruz,06087,120380,19352,0,139732,18;20
CA,Shasta,06089,31851,59983,0,91834,1
CA,Sierra,06091,801,1129,0,1930,1
CA,Siskiyou,06093,10198,13155,0,23353,1
CA,Solano,06095,129959,73011,0,202970,3;5
CA,Sonoma,06097,202998,60335,0,263333,2;5
CA,Stanislaus,06099,115503,95449,0,210952,10
CA,Sutter,06101,18333,23551,0,41884,3
CA,Tehama,06103,9507,19082,0,28589,1
CA,Trinity,06105,3021,3110,0,6131,2
CA,Tulare,06107,63747,82421,0,146168,21;22;23
CA,Tuolumne,06109,12212,17916,0,30128,4
CA,Ventura,06111,241004,172415,0,413419,24;25;26;30
CA,Yolo,06113,65897,29320,0,95217,3;6
CA,Yuba,06115,11498,17760,0,29258,3
CO,Denver,08031,290197,72356,10435,372988,1
CO,Jefferson,08059,206551,149109,10737,366397,1;2;7
CO,Arapahoe,08005,205376,128129,10177,343682,1;4;6
CO,Clear Creek,08019,3392,2675,258,6325,2
CO,Park,08093,4552,6838,616,12006,2;5
CO,Eagle,08037,17570,10105,846,28521,2;3
CO,Grand,08049,4348,4781,359,9488,2
CO,Summit,08117,11677,5430,751,17858,2
CO,Larimer,08069,117869,92292,7667,217828,2
CO,Boulder,08013,150049,45689,5165,200903,2;4
CO,Gilpin,08047,2139,1746,207,4092,2
CO,Broomfield,08014,26935,16887,1405,45227,2
CO,Pueblo,08101,41780,41576,3526,86882,3
CO,Delta,08029,5723,12937,485,19145,3
CO,Gunnison,08051,6863,3809,348,11020,3
CO,Hinsdale,08053,238,351,23,612,3
CO,Lake,08065,2218,1420,234,3872,3
CO,Pitkin,08097,8682,2829,289,11800,3
CO,Dolores,08033,319,1063,32,1414,3
CO,Montezuma,08083,5614,9248,421,15283,3
CO,Montrose,08085,7326,16529,646,24501,3
CO,San Miguel,08113,3745,1175,132,5052,3
CO,Archuleta,08007,3577,5038,307,8922,3
CO,La Plata,08067,19877,14059,1110,35046,3
CO,Ouray,08091,2301,1578,86,3965,3
CO,San Juan,08111,322,201,20,543,3
CO,Mesa,08077,30576,55437,3414,89427,3
CO,Jackson,08057,158,672,22,852,3
CO,Routt,08107,10273,5930,390,16593,3
CO,Garfield,08045,15531,13756,1151,30438,3
CO,Moffat,08081,1143,5587,161,6891,3
CO,Rio Blanco,08103,560,3006,74,3640,3
CO,Custer,08027,1055,2413,113,3581,3
CO,Alamosa,08003,3616,3746,300,7662,3
CO,Conejos,08021,1920,2209,89,4218,3
CO,Costilla,08023,1278,688,68,2034,3
CO,Huerfano,08055,1999,2157,179,4335,3
CO,Weld,08123,57762,98886,5592,162240,4
CO,Mineral,08079,291,412,40,743,3
CO,Rio Grande,08105,2428,3567,212,6207,3
CO,Saguache,08109,1830,1334,123,3287,3
CO,Elbert,08039,3807,14144,571,18522,4
CO,Lincoln,08073,382,2134,83,2599,4
CO,Washington,08121,303,2600,70,2973,4
CO,Cheyenne,08017,100,989,32,1121,4
CO,Kit Carson,08063,525,3148,93,3766,4
CO,Logan,08075,1849,8134,319,10302,4
CO,Morgan,08087,3347,9617,468,13432,4
CO,Phillips,08095,402,1965,58,2425,4
CO,Sedgwick,08115,239,1128,40,1407,4
CO,Yuma,08125,617,4155,100,4872,4
CO,Douglas,08035,92492,126976,6537,226005,4;6
CO,Adams,08001,126861,90546,8715,226122,4;6;7
CO,Otero,08089,3188,5946,296,9430,4
CO,Baca,08009,276,1823,66,2165,4
CO,Bent,08011,639,1500,86,2225,4
CO,Crowley,08025,385,1255,74,1714,4
CO,Kiowa,08061,77,787,17,881,4
CO,Las Animas,08071,3347,4254,252,7853,4
CO,Prowers,08099,1286,4008,136,5430,4
CO,El Paso,08041,141402,210639,19087,371128,5
CO,Teller,08119,4690,11157,767,16614,5
CO,Fremont,08043,6691,17283,1097,25071,5
CO,Chaffee,08015,6487,6410,509,13406,5
CT,Middlesex,09007,55953,39080,1720,96753,1;2;3
CT,Hartford,09003,275492,152117,6189,433798,1;2;5
CT,Litchfield,09005,49990,53348,1382,104720,1;5
CT,Windham,09015,29256,23953,1673,54882,2
CT,Tolland,09013,46322,30360,1866,78548,2
CT,New London,09011,85993,46189,3331,135513,2
CT,New Haven,09009,235384,166146,5927,407457,2;3;4;5
CT,Fairfield,09001,282441,171469,7178,461088,3;4;5
DE,Kent,10001,42984,39586,2052,84622,1
DE,Sussex,10005,54061,69225,2358,125644,1
DE,New Castle,10003,184337,87581,6086,278004,1
FL,Bay,12005,0,76997,5160,82157,2
FL,Marion,12083,61140,129933,1393,192466,2;3;11
FL,Duval,12031,252809,233045,309,486163,4;5
FL,Nassau,12089,16225,42045,25,58295,4
FL,Flagler,12035,26257,43346,56,69659,6
FL,Lake,12069,78953,127508,20,206481,6;11;15
FL,Volusia,12127,121945,174894,433,297272,6
FL,Polk,12105,144214,191566,794,336574,9;15;17
FL,Pinellas,12103,271741,281209,443,553393,12;13
FL,Lee,12071,150267,230833,680,381780,17;19
FL,Collier,12021,36612,69227,60,105899,19
FL,Holmes,12059,587,7960,160,8707,1;2
FL,Walton,12131,10554,32172,424,43150,1
FL,Okaloosa,12091,34966,78035,1877,114878,1
FL,Escambia,12033,73582,93078,2268,168928,1
FL,Santa Rosa,12113,29483,75075,1380,105938,1
FL,Dixie,12029,0,6993,188,7181,2
FL,Calhoun,12013,0,5662,154,5816,2
FL,Taylor,12123,0,8541,308,8849,2
FL,Wakulla,12129,0,14514,1042,15556,2
FL,Gulf,12045,0,6806,301,7107,2
FL,Jefferson,12065,3800,4427,59,8286,2;5
FL,Levy,12075,0,18959,861,19820,2
FL,Suwannee,12121,0,17971,156,18127,2
FL,Jackson,12063,0,18262,922,19184,2
FL,Washington,12133,0,10619,457,11076,2
FL,Leon,12073,60937,68968,10490,140395,2;5
FL,Columbia,12023,2033,26051,1102,29186,2;5
FL,Gilchrist,12041,0,8484,265,8749,2
FL,Lafayette,12067,0,3307,20,3327,2
FL,Franklin,12037,0,5220,443,5663,2
FL,Liberty,12077,0,2973,73,3046,2
FL,Alachua,12001,86857,52914,0,139771,3
FL,Clay,12019,38040,84221,0,122261,3
FL,Putnam,12107,10835,24916,0,35751,3
FL,Bradford,12007,3302,9965,0,13267,3
FL,Union,12125,1151,4962,0,6113,3
FL,St. Johns,12109,62417,111451,128,173996,4;6
FL,Madison,12079,3990,5261,0,9251,5
FL,Gadsden,12039,16783,6875,0,23658,5
FL,Baker,12003,2476,11329,0,13805,5
FL,Hamilton,12047,2133,3579,0,5712,5
FL,Seminole,12117,132316,119461,3513,255290,7
FL,Orange,12095,397446,236886,2751,637083,7;8;9;10
FL,Brevard,12009,139769,215686,0,355455,8
FL,Indian River,12061,34585,61055,0,95640,8
FL,Osceola,12097,103147,65756,179,169082,9
FL,Citrus,12017,26816,64293,0,91109,11
FL,Sumter,12119,26793,63841,0,90634,11
FL,Hernando,12053,37530,68885,0,106415,11
FL,Pasco,12101,108659,188887,0,297546,12
FL,Hillsborough,12057,378718,319855,0,698573,12;14;15;16
FL,Broward,12011,608589,322619,2699,933907,20;22;23;24
FL,Sarasota,12115,113117,151746,1308,266171,16;17
FL,Manatee,12081,86698,128072,0,214770,16
FL,DeSoto,12027,4050,8171,136,12357,17
FL,Hardee,12049,2422,5771,134,8327,17
FL,Charlotte,12015,38633,73809,1531,113973,17
FL,Okeechobee,12093,4129,11082,278,15489,17
FL,Glades,12043,1319,3685,73,5077,17
FL,Highlands,12055,15807,34540,586,50933,17
FL,Palm Beach,12099,424756,321993,11597,758346,18;20;21;22
FL,St. Lucie,12111,78231,88678,4000,170909,18
FL,Martin,12085,31205,64874,1991,98070,18
FL,Miami-Dade,12086,522075,393803,10937,926815,23;24;26;27
FL,Monroe,12087,21391,25546,0,46937,26
GA,Ware,13299,4015,9783,0,13798,1
GA,Chatham,13051,73738,56935,0,130673,1
GA,Effingham,13103,7160,23677,0,30837,1;12
GA,Glynn,13127,14753,26199,0,40952,1
GA,Long,13183,1936,3554,0,5490,1
GA,Pierce,13229,1020,7768,0,8788,1
GA,Wayne,13305,2550,9937,0,12487,1
GA,Charlton,13049,986,3359,0,4345,1
GA,Clinch,13065,608,2060,0,2668,1
GA,Bryan,13029,6135,14767,0,20902,1
GA,Camden,13039,7715,15220,0,22935,1
GA,Liberty,13179,12689,8241,0,20930,1
GA,McIntosh,13191,2410,4084,0,6494,1
GA,Bacon,13005,554,3910,0,4464,1
GA,Brantley,13025,662,6749,0,7411,1
GA,Lowndes,13185,18942,26201,0,45143,1;8
GA,Echols,13101,149,1229,0,1378,1
GA,Calhoun,13037,1465,694,0,2159,2
GA,Dougherty,13095,25428,9450,0,34878,2
GA,Chattahoochee,13053,715,813,0,1528,2
GA,Sumter,13261,6790,5205,0,11995,2
GA,Baker,13007,780,736,0,1516,2
GA,Crisp,13081,3157,4791,0,7948,2
GA,Early,13099,2643,2434,0,5077,2
GA,Decatur,13087,5128,6253,0,11381,2
GA,Mitchell,13205,4429,4400,0,8829,2
GA,Randolph,13243,1863,1161,0,3024,2
GA,Grady,13131,3927,6587,0,10514,2
GA,Clay,13061,839,581,0,1420,2
GA,Talbot,13263,2180,1274,0,3454,2
GA,Marion,13197,1476,2092,0,3568,2
GA,Terrell,13273,2591,1778,0,4369,2
GA,Dooly,13093,1994,1988,0,3982,2
GA,Peach,13225,6059,6170,0,12229,2
GA,Muscogee,13215,49460,29557,0,79017,2;3
GA,Lee,13177,5134,11335,0,16469,2
GA,Miller,13201,871,1868,0,2739,2
GA,Crawford,13079,1774,4165,0,5939,2
GA,Bibb,13021,43003,26332,0,69335,2;8
GA,Quitman,13239,544,522,0,1066,2
GA,Macon,13193,2916,1614,0,4530,2
GA,Stewart,13259,1247,696,0,1943,2
GA,Seminole,13253,1361,2420,0,3781,2
GA,Taylor,13269,1484,2261,0,3745,2
GA,Schley,13249,553,1675,0,2228,2
GA,Webster,13307,699,676,0,1375,2
GA,Spalding,13255,11071,18182,0,29253,3
GA,Fayette,13113,30790,39582,0,70372,3;13
GA,Troup,13285,10480,18881,0,29361,3
GA,Meriwether,13199,4007,6523,0,10530,3
GA,Lamar,13171,2447,6365,0,8812,3
GA,Carroll,13045,15038,38034,0,53072,3
GA,Coweta,13077,22028,52959,0,74987,3
GA,Harris,13145,4888,14655,0,19543,3
GA,Heard,13149,739,4444,0,5183,3
GA,Pike,13231,1369,9112,0,10481,3
GA,Henry,13151,72563,47805,0,120368,3;10;13
GA,Upson,13293,3806,8664,0,12470,3
GA,Newton,13217,29751,23182,0,52933,4;10
GA,DeKalb,13089,302261,60902,0,363163,4;5;6
GA,Rockdale,13247,31212,12382,0,43594,4
GA,Gwinnett,13135,233872,169819,0,403691,4;7;10
GA,Fulton,13121,368664,145891,0,514555,5;6;11;13
GA,Clayton,13063,95579,14429,0,110008,5;13
GA,Cobb,13067,216317,171699,0,388016,6;11;13
GA,Forsyth,13117,39074,87748,0,126822,7;9
GA,Wilcox,13315,800,2383,0,3183,8
GA,Berrien,13019,1147,6349,0,7496,8
GA,Houston,13153,30552,42880,0,73432,8
GA,Turner,13287,1244,2468,0,3712,8
GA,Colquitt,13071,3799,11824,0,15623,8
GA,Atkinson,13003,704,2201,0,2905,8
GA,Jones,13169,4603,10031,0,14634,8
GA,Thomas,13275,8003,13121,0,21124,8
GA,Brooks,13027,2602,4227,0,6829,8
GA,Monroe,13207,4117,11086,0,15203,8
GA,Wilkinson,13319,1951,2651,0,4602,8
GA,Worth,13321,2223,6825,0,9048,8
GA,Tift,13277,4645,11267,0,15912,8
GA,Cook,13075,1910,4917,0,6827,8
GA,Dodge,13091,1965,5825,0,7790,8
GA,Pulaski,13235,1080,2804,0,3884,8
GA,Twiggs,13289,1946,2309,0,4255,8
GA,Ben Hill,13017,2225,4168,0,6393,8
GA,Bleckley,13023,1241,4347,0,5588,8
GA,Telfair,13271,1415,2703,0,4118,8
GA,Irwin,13155,943,3145,0,4088,8
GA,Lanier,13173,926,2514,0,3440,8
GA,Clarke,13059,34479,15818,0,50297,9;10
GA,Habersham,13137,3349,16529,0,19878,9
GA,Banks,13011,898,7681,0,8579,9
GA,Pickens,13227,2647,13965,0,16612,9;14
GA,Hall,13139,23417,64876,0,88293,9
GA,Gilmer,13123,2753,13237,0,15990,9
GA,Hart,13147,2911,9407,0,12318,9
GA,Union,13291,2643,12509,0,15152,9
GA,White,13311,2272,12238,0,14510,9
GA,Franklin,13119,1470,9098,0,10568,9
GA,Elbert,13105,2687,6218,0,8905,9
GA,Dawson,13085,2310,13426,0,15736,9
GA,Jackson,13157,7167,29704,0,36871,9
GA,Madison,13195,3277,11264,0,14541,9
GA,Fannin,13111,2397,11960,0,14357,9
GA,Lumpkin,13187,2960,12195,0,15155,9
GA,Towns,13281,1464,6265,0,7729,9
GA,Rabun,13241,1854,7458,0,9312,9
GA,Stephens,13257,2185,9332,0,11517,9
GA,Barrow,13013,9936,26965,0,36901,10
GA,Putnam,13237,3222,8393,0,11615,10
GA,McDuffie,13189,3986,6243,0,10229,10
GA,Oconee,13219,7191,17644,0,24835,10
GA,Jefferson,13163,3834,3481,0,7315,10
GA,Walton,13297,12012,38157,0,50169,10
GA,Oglethorpe,13221,2318,5587,0,7905,10
GA,Columbia,13073,27004,52338,0,79342,10;12
GA,Morgan,13211,3061,8415,0,11476,10
GA,Lincoln,13181,1344,3171,0,4515,10
GA,Baldwin,13009,8633,9101,0,17734,10
GA,Johnson,13167,1105,2801,0,3906,10
GA,Butts,13035,3112,8320,0,11432,10
GA,Wilkes,13317,2014,2837,0,4851,10
GA,Hancock,13141,2815,1162,0,3977,10
GA,Taliaferro,13265,498,363,0,861,10
GA,Washington,13303,4531,4538,0,9069,10
GA,Glascock,13125,144,1353,0,1497,10
GA,Greene,13133,3677,7379,0,11056,10
GA,Jasper,13159,1646,5815,0,7461,10
GA,Warren,13301,1389,1155,0,2544,10
GA,Bartow,13015,11520,38024,0,49544,11
GA,Cherokee,13057,39492,102280,0,141772,11
GA,Richmond,13245,56588,28703,0,85291,12
GA,Toombs,13279,2738,7876,0,10614,12
GA,Appling,13001,1690,6335,0,8025,12
GA,Emanuel,13107,2614,6566,0,9180,12
GA,Montgomery,13209,899,2942,0,3841,12
GA,Wheeler,13309,655,1549,0,2204,12
GA,Burke,13033,4959,5473,0,10432,12
GA,Jeff Davis,13161,995,4529,0,5524,12
GA,Coffee,13069,4243,10315,0,14558,12
GA,Treutlen,13283,863,2067,0,2930,12
GA,Bulloch,13031,10689,18813,0,29502,12
GA,Screven,13251,2494,3971,0,6465,12
GA,Laurens,13175,7648,14515,0,22163,12
GA,Tattnall,13267,1879,6020,0,7899,12
GA,Jenkins,13165,1181,2174,0,3355,12
GA,Candler,13043,1175,3144,0,4319,12
GA,Evans,13109,1217,2899,0,4116,12
GA,Douglas,13097,43308,24560,0,67868,13
GA,Whitfield,13313,10144,24715,0,34859,14
GA,Chattooga,13055,1872,7673,0,9545,14
GA,Floyd,13115,11278,28011,0,39289,14
GA,Polk,13233,3491,13254,0,16745,14
GA,Walker,13295,5548,22714,0,28262,14
GA,Haralson,13143,1768,12051,0,13819,14
GA,Paulding,13223,28493,54528,0,83021,14
GA,Catoosa,13047,6676,24766,0,31442,14
GA,Gordon,13129,4362,18608,0,22970,14
GA,Murray,13213,2247,12526,0,14773,14
GA,Dade,13083,1222,5893,0,7115,14
HI,Honolulu,15003,236968,106965,5739,349672,1;2
HI,Hawaii,15001,55774,20897,5401,82072,2
HI,Maui,15009,42140,19120,3807,65067,2
HI,Kauai,15007,19880,8233,1611,29724,2
ID,Idaho,16049,1508,7604,250,9362,1
ID,Adams,16003,553,1884,86,2523,1
ID,Lewis,16061,338,1457,40,1835,1
ID,Owyhee,16073,838,3703,142,4683,1
ID,Gem,16045,1818,7728,289,9835,1
ID,Washington,16087,1060,4086,155,5301,1
ID,Shoshone,16079,1653,3991,218,5862,1
ID,Canyon,16027,25367,60042,3434,88843,1
ID,Kootenai,16055,21913,62442,3101,87456,1
ID,Payette,16075,2140,8678,320,11138,1
ID,Benewah,16009,945,3680,165,4790,1
ID,Clearwater,16035,847,3364,105,4316,1
ID,Ada,16001,107315,138488,9205,255008,1;2
ID,Boise,16015,1125,3444,178,4747,1
ID,Boundary,16021,1175,4855,168,6198,1
ID,Nez Perce,16069,6177,13525,860,20562,1
ID,Latah,16057,9840,9704,842,20386,1
ID,Valley,16085,2777,3934,217,6928,1
ID,Bonner,16017,7601,18213,907,26721,1
ID,Clark,16033,29,270,6,305,2
ID,Camas,16025,114,518,30,662,2
ID,Bear Lake,16007,309,2870,104,3283,2
ID,Madison,16065,1833,13986,934,16753,2
ID,Lemhi,16059,860,3623,159,4642,2
ID,Jerome,16053,1470,5808,408,7686,2
ID,Blaine,16013,7703,5026,430,13159,2
ID,Fremont,16043,793,5569,289,6651,2
ID,Oneida,16071,195,2099,104,2398,2
ID,Bonneville,16019,10731,38637,2412,51780,2
ID,Teton,16081,2981,3056,204,6241,2
ID,Power,16077,696,2223,121,3040,2
ID,Minidoka,16067,1252,6248,351,7851,2
ID,Jefferson,16051,1245,12058,584,13887,2
ID,Lincoln,16063,325,1501,79,1905,2
ID,Cassia,16031,1149,7810,525,9484,2
ID,Gooding,16047,1036,4684,262,5982,2
ID,Bingham,16011,3324,15487,760,19571,2
ID,Custer,16037,458,2050,148,2656,2
ID,Franklin,16041,493,5803,291,6587,2
ID,Twin Falls,16083,7611,26046,1726,35383,2
ID,Elmore,16039,2237,7254,496,9987,2
ID,Bannock,16005,13193,24116,1660,38969,2
ID,Butte,16023,173,1159,62,1394,2
ID,Caribou,16029,331,2682,146,3159,2
IL,Cook,17031,1682336,535593,30121,2248050,1;2;3;4;5;6;7;8;9;10;11
IL,Will,17197,180594,157671,0,338265,1;2;3;11;14;16
IL,Kankakee,17091,20703,28102,0,48805,2
IL,DuPage,17043,275311,178364,4052,457727,3;5;6;8;11;14
IL,McHenry,17111,77396,83093,1327,161816,6;14
IL,Lake,17097,198211,131474,902,330587,6;10;14
IL,Kane,17089,129538,97131,1202,227871,6;8;11;14
IL,Kendall,17093,33057,28644,0,61701,11;14
IL,Union,17181,2284,6536,0,8820,12
IL,Madison,17119,56170,79031,0,135201,12;13;15
IL,Jefferson,17081,4183,12449,0,16632,12
IL,Randolph,17157,3336,11356,0,14692,12
IL,Franklin,17055,4518,13927,0,18445,12
IL,Perry,17145,2261,7607,0,9868,12
IL,St. Clair,17163,62682,61723,0,124405,12
IL,Williamson,17199,9121,23965,0,33086,12
IL,Jackson,17077,10252,12238,0,22490,12
IL,Alexander,17003,966,1559,0,2525,12
IL,Pulaski,17153,803,1787,0,2590,12
IL,Monroe,17133,5778,15164,0,20942,12
IL,Christian,17021,3910,12225,0,16135,13
IL,Greene,17061,1258,4643,0,5901,13
IL,Montgomery,17135,3766,9671,0,13437,13
IL,Macon,17115,19016,29888,0,48904,13
IL,Sangamon,17167,43450,59721,0,103171,13;18
IL,De Witt,17039,2084,5822,0,7906,13
IL,Macoupin,17117,7264,16363,0,23627,13
IL,Calhoun,17013,659,2032,0,2691,13
IL,Piatt,17147,3000,6745,0,9745,13
IL,McLean,17113,37603,48048,0,85651,13;18
IL,Champaign,17019,54607,39364,0,93971,13;15
IL,Jersey,17083,2922,8764,0,11686,13
IL,Bond,17005,2406,5536,0,7942,13;15
IL,DeKalb,17037,23676,23545,0,47221,14;16
IL,Massac,17127,1734,4912,0,6646,15
IL,Edwards,17047,458,2743,0,3201,15
IL,Lawrence,17101,1461,4589,0,6050,15
IL,Marion,17121,4783,12296,0,17079,15
IL,Clark,17023,1983,6289,0,8272,15
IL,Douglas,17041,2225,6412,0,8637,15
IL,Wayne,17191,1212,7010,0,8222,15
IL,Gallatin,17059,663,1764,0,2427,15
IL,Shelby,17173,2661,9195,0,11856,15
IL,Washington,17189,1680,5965,0,7645,15
IL,Coles,17029,8247,14133,0,22380,15
IL,Fayette,17051,1880,7968,0,9848,15
IL,Effingham,17049,3592,14870,0,18462,15
IL,Hamilton,17065,907,3190,0,4097,15
IL,Johnson,17087,1270,4968,0,6238,15
IL,Wabash,17185,1218,4083,0,5301,15
IL,Clay,17025,1163,5332,0,6495,15
IL,Vermilion,17183,9872,21204,0,31076,15
IL,Richland,17159,1775,6077,0,7852,15
IL,Clinton,17027,4508,14173,0,18681,15
IL,Edgar,17045,1916,6140,0,8056,15
IL,Saline,17165,2835,7713,0,10548,15
IL,White,17193,1533,5648,0,7181,15
IL,Ford,17053,1366,5451,4,6821,15;16
IL,Hardin,17069,473,1571,0,2044,15
IL,Cumberland,17035,1231,4542,0,5773,15
IL,Jasper,17079,981,4313,0,5294,15
IL,Moultrie,17139,1739,4939,0,6678,15
IL,Pope,17151,451,1646,0,2097,15
IL,Crawford,17033,2274,7033,0,9307,15
IL,Grundy,17063,7942,18108,24,26074,16
IL,LaSalle,17099,19954,32214,0,52168,16
IL,Lee,17103,5319,10400,10,15729,16
IL,Livingston,17105,3430,13448,26,16904,16
IL,Bureau,17011,5749,11541,17,17307,16
IL,Iroquois,17075,2186,11645,15,13846,16
IL,Boone,17007,8745,15813,44,24602,16
IL,Ogle,17141,7706,18350,0,26056,16
IL,Winnebago,17201,57099,68124,76,125299,16;17
IL,Stark,17175,562,2198,0,2760,16;18
IL,Putnam,17155,1197,2133,1,3331,16
IL,Fulton,17057,7885,8592,28,16505,17
IL,Peoria,17143,39173,44394,13,83580,17;18
IL,Mercer,17131,3765,4976,0,8741,17
IL,Henry,17073,10526,14963,0,25489,17
IL,Whiteside,17195,13400,13748,0,27148,17
IL,Rock Island,17161,37651,28694,92,66437,17
IL,Jo Daviess,17085,5436,6954,0,12390,17
IL,Henderson,17071,1433,2157,0,3590,17
IL,Warren,17187,3394,4422,8,7824,17
IL,Stephenson,17177,9646,12261,0,21907,17
IL,Knox,17095,11482,11316,5,22803,17
IL,Carroll,17015,3300,4682,0,7982,17
IL,Tazewell,17179,21874,46642,22,68538,17;18
IL,Logan,17107,3037,10124,0,13161,18
IL,Morgan,17137,3843,11169,0,15012,18
IL,Mason,17125,1590,5079,0,6669,18
IL,Scott,17171,428,2254,0,2682,18
IL,Hancock,17067,1946,7230,0,9176,18
IL,Cass,17017,1301,3903,0,5204,18
IL,Pike,17149,1232,6595,0,7827,18
IL,Schuyler,17169,844,2977,0,3821,18
IL,Marshall,17123,1482,4578,0,6060,18
IL,McDonough,17109,4125,7934,0,12059,18
IL,Adams,17001,6986,26133,0,33119,18
IL,Brown,17009,384,2103,0,2487,18
IL,Woodford,17203,4711,16249,0,20960,18
IL,Menard,17129,1512,5203,0,6715,18
IA,Jones,19105,4242,6621,8,10871,1
IA,Johnson,19103,56129,24101,68,80298,2
IA,Davis,19051,1129,2795,7,3931,2
IA,Wapello,19179,6153,8780,36,14969,2
IA,Keokuk,19107,1571,3461,8,5040,2
IA,Dallas,19049,25367,27907,1636,54910,3
IA,Polk,19153,141567,102320,8584,252471,3
IA,Guthrie,19077,2095,3890,278,6263,3
IA,Warren,19181,12698,16473,1202,30373,3
IA,Kossuth,19109,2780,5964,5,8749,4
IA,Emmet,19063,1565,3084,3,4652,4
IA,Linn,19113,69391,56243,152,125786,1
IA,Sac,19161,1540,3745,28,5313,4
IA,Hardin,19083,2934,5758,10,8702,4
IA,Sioux,19167,2756,16017,53,18826,4
IA,Webster,19187,6894,10117,31,17042,4
IA,Hancock,19081,1772,4136,10,5918,4
IA,Dubuque,19061,26541,26263,55,52859,1
IA,Marshall,19127,8176,9176,21,17373,1
IA,Poweshiek,19157,4429,5432,23,9884,1
IA,Delaware,19055,3280,6608,8,9896,1
IA,Howard,19089,1893,2944,2,4839,1
IA,Fayette,19065,4099,5984,3,10086,1
IA,Buchanan,19019,4481,6180,3,10664,1
IA,Black Hawk,19013,36060,29333,75,65468,1
IA,Worth,19195,1669,2633,6,4308,1
IA,Benton,19011,5307,9165,17,14489,1
IA,Clayton,19043,3590,5895,6,9491,1
IA,Tama,19171,3750,5150,17,8917,1
IA,Bremer,19017,6036,8000,10,14046,1
IA,Iowa,19095,3543,6041,8,9592,1
IA,Mitchell,19131,2016,3559,3,5578,1
IA,Allamakee,19005,2697,4595,3,7295,1
IA,Winneshiek,19191,5807,6041,5,11853,1
IA,Jackson,19097,4340,6225,9,10574,1
IA,Scott,19163,47459,41973,168,89600,2
IA,Wayne,19185,726,2050,5,2781,2
IA,Mahaska,19123,3076,7575,26,10677,2
IA,Washington,19183,4650,6633,23,11306,2
IA,Appanoose,19007,1952,4078,8,6038,2
IA,Van Buren,19177,941,2759,4,3704,2
IA,Decatur,19053,1215,2347,9,3571,2
IA,Jefferson,19101,4374,4226,17,8617,2
IA,Clinton,19045,12997,10945,35,23977,2
IA,Muscatine,19139,9731,10279,37,20047,2
IA,Cedar,19031,4629,5534,17,10180,2
IA,Jasper,19099,8099,11181,36,19316,2
IA,Henry,19087,3607,5857,23,9487,2
IA,Lucas,19117,1297,2892,7,4196,2
IA,Marion,19125,6124,12146,43,18313,2
IA,Louisa,19115,1917,3169,10,5096,2
IA,Lee,19111,6969,9145,35,16149,2
IA,Clarke,19039,1639,2712,13,4364,2
IA,Monroe,19135,1203,2612,6,3821,2
IA,Des Moines,19057,9268,9641,62,18971,2
IA,Montgomery,19137,1636,3428,142,5206,3
IA,Adair,19001,1263,2655,142,4060,3
IA,Adams,19003,634,1416,83,2133,3
IA,Union,19175,2201,3589,254,6044,3
IA,Cass,19029,2210,4626,197,7033,3
IA,Ringgold,19159,823,1789,64,2676,3
IA,Pottawattamie,19155,18424,24256,2122,44802,3
IA,Taylor,19173,821,2261,88,3170,3
IA,Page,19145,2288,4889,199,7376,3
IA,Mills,19129,2617,5163,276,8056,3
IA,Fremont,19071,1297,2340,120,3757,3
IA,Madison,19121,3264,5995,358,9617,3
IA,Audubon,19009,1134,1979,4,3117,4
IA,Cherokee,19035,2090,4168,17,6275,4
IA,Woodbury,19193,19812,24045,178,44035,4
IA,Butler,19023,2413,5157,14,7584,4
IA,Buena Vista,19021,3016,4698,20,7734,4
IA,Plymouth,19149,3620,10126,31,13777,4
IA,Story,19169,28249,20694,116,49059,4
IA,Carroll,19027,3805,6768,21,10594,4
IA,Osceola,19143,627,2542,5,3174,4
IA,Monona,19133,1547,2974,22,4543,4
IA,Humboldt,19091,1473,3601,9,5083,4
IA,Pocahontas,19151,1064,2584,15,3663,4
IA,Wright,19197,2065,3855,15,5935,4
IA,Boone,19015,6453,8180,34,14667,4
IA,Chickasaw,19037,2092,4254,8,6354,4
IA,Winnebago,19189,2215,3549,15,5779,4
IA,Calhoun,19025,1570,3473,16,5059,4
IA,O'Brien,19141,1615,5744,17,7376,4
IA,Shelby,19165,1962,4379,16,6357,4
IA,Floyd,19067,3244,4478,13,7735,4
IA,Greene,19073,1848,2952,12,4812,4
IA,Crawford,19047,2412,4215,14,6641,4
IA,Ida,19093,1059,2660,10,3729,4
IA,Cerro Gordo,19033,10876,11736,32,22644,4
IA,Lyon,19119,1138,5556,7,6701,4
IA,Clay,19041,2834,5798,16,8648,4
IA,Palo Alto,19147,1621,3193,3,4817,4
IA,Franklin,19069,1634,3249,10,4893,4
IA,Grundy,19075,2012,4906,13,6931,4
IA,Hamilton,19079,2947,4690,14,7651,4
IA,Harrison,19085,2498,5140,24,7662,4
IA,Dickinson,19059,3575,7205,11,10791,4
KS,Dickinson,20041,2114,7065,0,9179,1
KS,Rawlins,20153,222,1241,0,1463,1
KS,Sheridan,20179,152,1273,0,1425,1
KS,Lane,20101,132,734,0,866,1
KS,Barton,20009,2432,8468,0,10900,1
KS,Republic,20157,404,2211,0,2615,1
KS,Reno,20155,8968,18626,0,27594,1
KS,Rush,20165,331,1311,0,1642,1
KS,Jewell,20089,216,1394,0,1610,1
KS,Decatur,20039,230,1257,0,1487,1
KS,Graham,20065,214,1089,0,1303,1
KS,Wabaunsee,20197,988,2852,0,3840,1
KS,Norton,20137,374,1997,0,2371,1
KS,Clark,20025,170,859,0,1029,1
KS,Phillips,20147,340,2389,0,2729,1
KS,Cloud,20029,876,3262,0,4138,1
KS,Ellsworth,20053,680,2142,0,2822,1
KS,Pawnee,20145,678,2025,0,2703,1;4
KS,Mitchell,20123,575,2494,0,3069,1
KS,Riley,20161,12925,12056,0,24981,1
KS,Clay,20027,878,3223,0,4101,1
KS,Rice,20159,999,3257,0,4256,1
KS,Logan,20109,193,1241,0,1434,1
KS,Gove,20063,157,1309,0,1466,1
KS,Marshall,20117,1305,3532,130,4967,1;2
KS,Smith,20183,330,1770,0,2100,1
KS,Stevens,20189,267,1690,0,1957,1
KS,Washington,20201,421,2420,0,2841,1
KS,Thomas,20193,599,3131,0,3730,1
KS,Lincoln,20105,279,1275,0,1554,1
KS,McPherson,20113,3892,10028,0,13920,1
KS,Chase,20017,388,1082,0,1470,1
KS,Ness,20135,176,1318,0,1494,1
KS,Hamilton,20075,151,682,0,833,1
KS,Scott,20171,302,2028,0,2330,1
KS,Pottawatomie,20149,3048,9829,0,12877,1
KS,Cheyenne,20023,236,1197,0,1433,1
KS,Ottawa,20143,541,2609,0,3150,1
KS,Hodgeman,20083,182,837,0,1019,1
KS,Osborne,20141,308,1599,0,1907,1
KS,Stanton,20187,126,616,0,742,1
KS,Russell,20167,631,2717,0,3348,1
KS,Marion,20115,1543,4486,0,6029,1
KS,Geary,20061,4066,5293,0,9359,1
KS,Ford,20057,2981,5631,0,8612,1
KS,Ellis,20051,3847,9693,0,13540,1
KS,Saline,20169,7611,16592,0,24203,1
KS,Morton,20129,163,1005,0,1168,1
KS,Meade,20119,392,1381,0,1773,1
KS,Gray,20069,389,1842,0,2231,1
KS,Trego,20195,269,1335,0,1604,1
KS,Morris,20127,751,2082,0,2833,1
KS,Kearny,20093,253,1158,0,1411,1
KS,Seward,20175,1822,3312,0,5134,1
KS,Finney,20055,4581,6989,0,11570,1
KS,Sherman,20181,466,2216,0,2682,1
KS,Wallace,20199,58,753,0,811,1
KS,Haskell,20081,274,1108,0,1382,1
KS,Wichita,20203,162,790,0,952,1
KS,Lyon,20111,5964,7778,0,13742,1
KS,Grant,20067,533,1903,0,2436,1
KS,Rooks,20163,457,2218,0,2675,1
KS,Greeley,20071,81,538,0,619,1
KS,Shawnee,20177,43491,39184,2806,85481,2
KS,Nemaha,20131,1033,4451,150,5634,2
KS,Jackson,20085,2040,4199,306,6545,2
KS,Osage,20139,2285,5242,413,7940,2
KS,Leavenworth,20103,13054,21177,1789,36020,2
KS,Franklin,20059,3300,8190,789,12279,2
KS,Crawford,20037,5993,9660,847,16500,2
KS,Atchison,20005,2367,4701,268,7336,2
KS,Coffey,20031,955,3331,220,4506,2
KS,Cherokee,20021,2034,6638,410,9082,2
KS,Doniphan,20043,651,2807,135,3593,2
KS,Neosho,20133,1663,4845,287,6795,2
KS,Douglas,20045,38395,18005,2494,58894,2
KS,Linn,20107,876,3816,290,4982,2
KS,Labette,20099,2587,5471,421,8479,2
KS,Montgomery,20125,3060,9778,439,13277,2
KS,Allen,20001,1493,4118,242,5853,2
KS,Wilson,20205,695,3036,185,3916,2
KS,Woodson,20207,292,1157,70,1519,2
KS,Jefferson,20087,3235,6055,448,9738,2
KS,Bourbon,20011,1488,4836,291,6615,2
KS,Miami,20121,5227,11906,675,17808,2;3
KS,Anderson,20003,777,2751,187,3715,2
KS,Brown,20013,1162,3074,180,4416,2
KS,Wyandotte,20209,37552,16788,1991,56331,3
KS,Sedgwick,20173,90494,130038,227,220759,4
KS,Johnson,20091,180329,157148,9687,347164,3
KS,Barber,20007,286,2020,0,2306,4
KS,Stafford,20185,336,1671,0,2007,4
KS,Kingman,20095,720,3209,0,3929,4
KS,Harvey,20079,6250,10873,0,17123,4
KS,Butler,20015,8586,23674,0,32260,4
KS,Harper,20077,412,2221,0,2633,4
KS,Cowley,20035,4082,10118,0,14200,4
KS,Comanche,20033,119,795,0,914,4
KS,Sumner,20191,2605,8268,0,10873,4
KS,Greenwood,20073,561,2489,0,3050,4
KS,Edwards,20047,225,1187,0,1412,4
KS,Kiowa,20097,140,1016,0,1156,4
KS,Chautauqua,20019,200,1407,0,1607,4
KS,Elk,20049,187,1150,0,1337,4
KS,Pratt,20151,928,3160,0,4088,4
KY,Logan,21141,3058,9099,0,12157,1
KY,Marshall,21157,3964,13442,0,17406,1
KY,Henderson,21101,7400,12988,0,20388,1
KY,Washington,21229,1474,4455,142,6071,1;2
KY,Clinton,21053,531,4337,0,4868,1
KY,Cumberland,21057,409,2835,0,3244,1
KY,Monroe,21171,413,4870,0,5283,1
KY,Hickman,21105,431,1742,0,2173,1
KY,Carlisle,21039,446,2161,0,2607,1
KY,Crittenden,21055,720,3460,0,4180,1
KY,Fulton,21075,753,1623,0,2376,1
KY,Casey,21045,788,6278,0,7066,1
KY,Ballard,21007,811,3369,0,4180,1
KY,Metcalfe,21169,874,4036,0,4910,1
KY,Livingston,21139,985,3981,0,4966,1
KY,Lyon,21143,1032,3164,0,4196,1
KY,McLean,21149,1115,3593,0,4708,1
KY,Russell,21207,1134,7641,0,8775,1
KY,Adair,21001,1202,7373,0,8575,1
KY,Todd,21219,1212,3967,0,5179,1
KY,Caldwell,21033,1407,4948,0,6355,1
KY,Webster,21233,1420,4445,0,5865,1
KY,Allen,21003,1472,7703,0,9175,1
KY,Union,21225,1576,4837,0,6413,1
KY,Trigg,21221,1748,5537,0,7285,1
KY,Ohio,21183,2346,8544,0,10890,1
KY,Simpson,21213,2566,6055,0,8621,1
KY,Taylor,21217,2645,9622,0,12267,1
KY,Marion,21155,2719,5885,0,8604,1
KY,Graves,21083,3331,13343,0,16674,1
KY,Muhlenberg,21177,4045,9803,0,13848,1
KY,Calloway,21035,5341,11944,0,17285,1
KY,Hopkins,21107,5650,15440,0,21090,1
KY,Christian,21047,8117,15339,0,23456,1
KY,McCracken,21145,10410,22705,0,33115,1
KY,Meade,21163,3304,10135,407,13846,2
KY,Hart,21099,1684,6330,203,8217,2
KY,Spencer,21215,2478,8712,82,11272,2;4
KY,Jessamine,21113,7525,18120,542,26187,2;6
KY,Green,21087,744,4832,113,5689,2
KY,Butler,21031,818,5137,119,6074,2
KY,Edmonson,21061,953,4992,117,6062,2
KY,Larue,21123,1208,5760,206,7174,2
KY,Hancock,21091,1226,3172,112,4510,2
KY,Garrard,21079,1593,6713,203,8509,2
KY,Breckinridge,21027,1909,7821,261,9991,2
KY,Grayson,21085,1915,9620,300,11835,2
KY,Mercer,21167,2661,8461,325,11447,2
KY,Barren,21009,4074,15268,462,19804,2
KY,Boyle,21021,4805,9044,374,14223,2
KY,Nelson,21179,6178,16151,547,22876,2
KY,Bullitt,21029,9769,30284,1231,41284,2
KY,Daviess,21059,14833,32382,1463,48678,2
KY,Hardin,21093,15604,31241,1667,48512,2
KY,Warren,21227,17497,36177,1430,55104,2
KY,Jefferson,21111,236738,147476,0,384214,3;4
KY,Trimble,21223,1068,3151,0,4219,4
KY,Carroll,21041,1181,2872,0,4053,4
KY,Pendleton,21191,1321,5535,0,6856,4
KY,Bracken,21023,843,3354,0,4197,4
KY,Shelby,21211,7862,15439,0,23301,4
KY,Boyd,21019,7286,14047,0,21333,4;5
KY,Harrison,21097,2347,6374,59,8780,4;6
KY,Gallatin,21077,873,2931,0,3804,4
KY,Owen,21187,1105,4267,0,5372,4
KY,Henry,21103,2173,5808,0,7981,4
KY,Mason,21161,2200,5623,0,7823,4
KY,Grant,21081,2291,8705,0,10996,4
KY,Greenup,21089,5018,12842,0,17860,4
KY,Oldham,21185,13576,23968,0,37544,4
KY,Campbell,21037,18745,29567,0,48312,4
KY,Boone,21015,19981,46327,0,66308,4
KY,Kenton,21117,31418,49977,0,81395,4
KY,Lewis,21135,783,5032,0,5815,4
KY,Clay,21051,698,6842,0,7540,5
KY,Leslie,21131,360,4434,0,4794,5
KY,Martin,21159,353,3580,0,3933,5
KY,Johnson,21115,1276,8862,0,10138,5
KY,Floyd,21071,3265,12980,0,16245,5
KY,Knott,21119,1261,4919,0,6180,5
KY,Rockcastle,21203,828,6885,0,7713,5
KY,Magoffin,21153,1069,4367,0,5436,5
KY,Harlan,21095,1306,9554,0,10860,5
KY,Lincoln,21137,1937,8829,0,10766,5
KY,Jackson,21109,494,5556,0,6050,5
KY,Morgan,21175,1010,4475,0,5485,5
KY,Breathitt,21025,1145,4428,0,5573,5
KY,Knox,21121,1601,11523,0,13124,5
KY,Letcher,21133,1536,7496,0,9032,5
KY,Laurel,21125,3768,24264,0,28032,5
KY,Owsley,21189,190,1659,0,1849,5
KY,McCreary,21147,589,5772,0,6361,5
KY,Lawrence,21127,1177,5658,0,6835,5
KY,Wayne,21231,1301,7693,0,8994,5
KY,Whitley,21235,1856,13310,0,15166,5
KY,Perry,21193,1925,8505,0,10430,5
KY,Carter,21043,2754,8506,0,11260,5
KY,Rowan,21205,3323,6549,0,9872,5
KY,Pike,21195,3975,20949,0,24924,5
KY,Pulaski,21199,4179,27107,0,31286,5
KY,Lee,21129,385,2145,0,2530,5
KY,Elliott,21063,794,2070,0,2864,5
KY,Bell,21013,1438,8428,0,9866,5
KY,Menifee,21165,815,2217,44,3076,6
KY,Powell,21197,1399,3994,101,5494,6
KY,Estill,21065,1336,5125,70,6531,6
KY,Nicholas,21181,985,2345,57,3387,6
KY,Bath,21011,1667,3873,79,5619,6
KY,Fayette,21067,81409,69158,2549,153116,6
KY,Wolfe,21237,914,2012,52,2978,6
KY,Madison,21151,14687,28468,855,44010,6
KY,Robertson,21201,299,814,21,1134,6
KY,Fleming,21069,1902,5077,80,7059,6
KY,Bourbon,21017,3013,6463,177,9653,6
KY,Anderson,21005,3318,9751,181,13250,6
KY,Montgomery,21173,3534,9105,192,12831,6
KY,Clark,21049,5582,12163,323,18068,6
KY,Scott,21209,9678,18699,565,28942,6
KY,Franklin,21073,11853,13691,556,26100,6
KY,Woodford,21239,5894,9107,240,15241,6
LA,Jefferson,22051,67121,95995,18437,181553,1;2
LA,Terrebonne,22109,8622,33292,1215,43129,1;6
LA,Tangipahoa,22105,8984,27280,898,37162,1;5
LA,St. Bernard,22087,5072,10943,461,16476,1
LA,St. Tammany,22103,30822,100594,3374,134790,1
LA,Orleans,22071,117604,21061,27510,166175,1;2
LA,Plaquemines,22075,2749,7397,237,10383,1
LA,Lafourche,22057,6012,35051,1198,42261,1;6
LA,Iberville,22047,5764,6274,3027,15065,2;6
LA,St. James,22093,5320,3745,2412,11477,2
LA,West Baton Rouge,22121,4468,6886,1798,13152,2;6
LA,Ascension,22005,13505,41625,4323,59453,2;6
LA,East Baton Rouge,22033,83321,102028,14336,199685,2;6
LA,St. John the Baptist,22095,10346,5809,3453,19608,2;6
LA,Assumption,22007,2666,6496,997,10159,2;6
LA,St. Charles,22089,7522,14900,3681,26103,2;6
LA,Lafayette,22055,20774,68286,21093,110153,3
LA,St. Mary,22101,5528,14041,2129,21698,3
LA,St. Martin,22099,4891,17294,3334,25519,3
LA,Cameron,22023,141,3454,255,3850,3
LA,Vermilion,22113,2442,20881,2750,26073,3
LA,Jefferson Davis,22053,1668,10853,1474,13995,3
LA,Calcasieu,22019,15663,52229,11301,79193,3
LA,Acadia,22001,3090,21843,2428,27361,3
LA,Iberia,22045,6518,20406,3873,30797,3
LA,St. Landry,22097,5548,13935,3374,22857,3;4;5
LA,Caddo,22017,36171,47315,15255,98741,4
LA,Beauregard,22011,1466,11265,2516,15247,4
LA,Webster,22119,4151,11127,1786,17064,4
LA,Union,22111,1617,7180,1516,10313,4
LA,De Soto,22031,4023,8592,1356,13971,4
LA,Claiborne,22027,1694,3629,688,6011,4
LA,Sabine,22085,1041,7534,1172,9747,4
LA,Red River,22081,1130,2243,439,3812,4
LA,Bienville,22013,1995,3585,995,6575,4
LA,Allen,22003,1370,6365,1360,9095,4
LA,Vernon,22115,1781,12152,2102,16035,4
LA,Bossier,22015,9022,36099,6939,52060,4
LA,Natchitoches,22069,4861,8530,2160,15551,4
LA,Evangeline,22039,2424,9534,1649,13607,4
LA,East Feliciana,22037,1103,4664,128,5895,5;6
LA,Pointe Coupee,22077,3038,7894,282,11214,6
LA,Livingston,22063,5846,54851,1911,62608,6
LA,St. Helena,22091,2022,2194,151,4367,5;6
ME,Cumberland,23005,129001,61869,8,190878,1
ME,York,23031,73105,53842,0,126947,1
ME,Knox,23013,15827,9637,0,25464,1
ME,Sagadahoc,23023,13978,9722,1,23701,1
ME,Aroostook,23003,17229,17931,9,35169,2
ME,Oxford,23017,17703,15478,0,33181,2
ME,Somerset,23025,12598,14727,1,27326,2
ME,Penobscot,23019,43445,41093,5,84543,2
ME,Washington,23029,8125,9078,5,17208,2
ME,Piscataquis,23021,4338,5483,0,9821,2
ME,Hancock,23009,21593,13509,1,35103,2
ME,Waldo,23027,13918,10205,3,24126,2
ME,Androscoggin,23001,32417,26044,0,58461,2
ME,Statewide Uocava,23000,4608,989,3,5600,1;2
ME,Franklin,23007,9677,7593,7,17277,2
ME,Lincoln,23015,12902,10491,2,23395,1
ME,Kennebec,23011,38514,32545,3,71062,1;2
MD,Carroll,24013,33141,62637,128,95906,1;8
MD,Cecil,24015,16042,29918,69,46029,1
MD,Talbot,24041,10306,11838,40,22184,1
MD,Kent,24029,5106,5396,20,10522,1
MD,Howard,24027,118369,59371,400,178140,2;3;7
MD,Wicomico,24045,20552,24724,84,45360,1
MD,Worcester,24047,11139,19751,44,30934,1
MD,Caroline,24011,4729,10691,26,15446,1
MD,Dorchester,24019,6375,9294,20,15689,1
MD,Queen Anne's,24035,9814,19707,50,29571,1
MD,Somerset,24039,3895,6038,11,9944,1
MD,Harford,24025,60324,84036,339,144699,1;2
MD,Baltimore,24005,251054,151640,996,403690,1;2;3;7
MD,Anne Arundel,24003,165311,131225,618,297154,2;3;4;5
MD,Baltimore,24510,198301,32693,866,231860,2;3;7
MD,Montgomery,24031,402258,111161,4875,518294,3;6;8
MD,Prince George's,24033,378226,37149,1145,416520,4;5
MD,Calvert,24009,21928,26201,68,48197,5
MD,Charles,24017,62491,26091,195,88777,5
MD,St. Mary's,24037,23065,31553,81,54699,5
MD,Allegany,24001,9359,19671,458,29488,6
MD,Garrett,24023,3265,11795,160,15220,6
MD,Washington,24043,24847,40356,967,66170,6
MD,Frederick,24021,72843,65214,1620,139677,6;8
MA,Hampden,25013,161108,97,6866,168071,1;2
MA,Berkshire,25003,56461,0,960,57421,1
MA,Hampshire,25015,67427,9825,1142,78394,1;2
MA,Worcester,25027,272568,122952,2626,398146,1;2;3;4;5
MA,Franklin,25011,31211,8152,210,39573,1;2
MA,Norfolk,25021,279694,95372,2040,377106,2;4;7;8
MA,Middlesex,25017,626519,160496,3999,791014,3;4;5;6;7
MA,Essex,25009,284973,102187,3089,390249,3;6
MA,Bristol,25005,145651,116284,2901,264836,4;8;9
MA,Plymouth,25023,184946,94147,3861,282954,4;8;9
MA,Suffolk,25025,263595,46173,2580,312348,5;7;8
MA,Dukes,25007,9815,2434,166,12415,9
MA,Barnstable,25001,93493,49753,3769,147015,9
MA,Nantucket,25019,5135,1864,117,7116,9
MI,Dickinson,26043,4322,9893,196,14411,1
MI,Ontonagon,26131,1252,2457,43,3752,1
MI,Schoolcraft,26153,1395,3201,50,4646,1
MI,Alger,26003,1936,3063,64,5063,1
MI,Mackinac,26097,2294,4551,92,6937,1
MI,Houghton,26061,6997,10960,323,18280,1
MI,Chippewa,26033,5765,11364,251,17380,1
MI,Keweenaw,26083,594,909,23,1526,1
MI,Luce,26095,739,2181,43,2963,1
MI,Cheboygan,26031,4671,10705,226,15602,1
MI,Marquette,26103,19281,17217,560,37058,1
MI,Menominee,26109,4137,7886,185,12208,1
MI,Mason,26105,5877,10737,368,16982,1;2
MI,Alpena,26007,5336,10961,282,16579,1
MI,Kalkaska,26079,2698,7560,191,10449,1
MI,Presque Isle,26141,2528,5609,99,8236,1
MI,Montmorency,26119,1404,4258,96,5758,1
MI,Alcona,26001,1911,4901,82,6894,1
MI,Manistee,26101,5348,8896,190,14434,1
MI,Antrim,26009,5235,10292,263,15790,1
MI,Gogebic,26053,3332,4672,113,8117,1
MI,Delta,26041,6893,13719,262,20874,1
MI,Iron,26071,2306,4318,73,6697,1
MI,Oscoda,26135,1157,3540,87,4784,1
MI,Baraga,26013,1332,2595,56,3983,1
MI,Otsego,26137,4022,10264,258,14544,1
MI,Emmet,26047,8496,13069,326,21891,1
MI,Grand Traverse,26055,25578,32768,1095,59441,1
MI,Benzie,26019,4903,7022,162,12087,1
MI,Crawford,26039,2223,5357,112,7692,1
MI,Charlevoix,26029,5989,10498,274,16761,1
MI,Leelanau,26089,7844,8710,173,16727,1
MI,Newaygo,26123,6753,19083,858,26694,2
MI,Oceana,26127,4198,9178,452,13828,2
MI,Lake,26085,2003,3923,214,6140,2
MI,Ottawa,26139,55905,107558,3419,166882,2
MI,Muskegon,26121,39932,47516,2650,90098,2
MI,Kent,26081,176799,176740,2482,356021,2;3
MI,Allegan,26005,19954,43450,2535,65939,2;6
MI,Barry,26015,12058,23083,0,35141,3
MI,Calhoun,26025,29125,35468,0,64593,3
MI,Ionia,26067,11086,20258,0,31344,3
MI,Montcalm,26117,8591,21446,954,30991,3;4
MI,Isabella,26073,12079,15734,893,28706,4
MI,Gladwin,26051,3771,10177,278,14226,4
MI,Missaukee,26113,1675,6763,171,8609,4
MI,Wexford,26165,4973,12334,530,17837,4
MI,Roscommon,26143,4535,9883,284,14702,4
MI,Gratiot,26057,5560,12618,518,18696,4
MI,Clare,26035,4530,10937,400,15867,4
MI,Ogemaw,26129,2977,8272,277,11526,4
MI,Clinton,26037,18749,26291,1292,46332,4
MI,Osceola,26133,2757,9059,308,12124,4
MI,Saginaw,26145,47620,50082,3088,100790,4;5
MI,Mecosta,26107,6408,13527,638,20573,4
MI,Midland,26111,16600,30533,1022,48155,4
MI,Shiawassee,26155,13142,23721,1154,38017,4
MI,Arenac,26011,3014,5204,367,8585,5
MI,Iosco,26069,5663,8700,606,14969,5
MI,Tuscola,26157,8979,19365,358,28702,5;10
MI,Bay,26017,27141,29583,2241,58965,5
MI,Genesee,26049,125219,84215,8108,217542,5
MI,Berrien,26021,32279,45366,3449,81094,6
MI,Cass,26027,7811,16744,1196,25751,6
MI,Kalamazoo,26077,71484,65059,4907,141450,6
MI,Van Buren,26159,13724,23234,1556,38514,6
MI,St. Joseph,26149,7486,18141,1719,27346,6
MI,Branch,26023,5929,14223,0,20152,7
MI,Hillsdale,26059,5560,17280,0,22840,7
MI,Lenawee,26091,20435,32072,0,52507,7
MI,Eaton,26045,29923,32893,0,62816,7
MI,Jackson,26075,30650,48515,0,79165,7
MI,Monroe,26115,32539,51619,0,84158,7
MI,Washtenaw,26161,153188,56884,2897,212969,7;12
MI,Ingham,26065,96385,44016,2734,143135,8
MI,Livingston,26093,50070,72590,2336,124996,8
MI,Oakland,26125,424533,313729,16412,754674,8;9;11;14
MI,Macomb,26099,221237,244539,11441,477217,9;10
MI,Lapeer,26087,15443,35308,0,50751,10
MI,St. Clair,26147,30039,58049,0,88088,10
MI,Huron,26063,5020,12816,0,17836,10
MI,Sanilac,26151,5776,16092,0,21868,10
MI,Wayne,26163,589444,239896,25296,854636,11;12;13;14
MN,Fillmore,27045,4959,6294,708,11961,1
MN,Jackson,27063,1930,3522,312,5764,1
MN,Dodge,27039,4352,6797,851,12000,1
MN,Steele,27147,8297,11120,1312,20729,1
MN,Brown,27015,5166,8585,737,14488,1
MN,Mower,27099,9155,8679,1280,19114,1
MN,Winona,27169,13478,11581,1577,26636,1
MN,Le Sueur,27079,6071,9551,954,16576,1
MN,Nobles,27105,3114,5020,444,8578,1
MN,Wright,27171,23843,55899,111,79853,6
MN,Anoka,27003,84973,114570,4154,203697,3;5;6
MN,Redwood,27127,2759,4905,525,8189,7
MN,Hubbard,27057,3977,8064,710,12751,8
MN,Itasca,27061,9544,15402,1272,26218,8
MN,Blue Earth,27013,18188,14653,2499,35340,1
MN,Watonwan,27165,2113,2699,295,5107,1
MN,Houston,27055,5118,5434,665,11217,1
MN,Lake,27075,3274,3548,316,7138,8
MN,Cass,27021,5702,11202,1105,18009,8
MN,Waseca,27161,3874,5847,570,10291,1
MN,Freeborn,27047,7111,8381,1042,16534,1
MN,Faribault,27043,2811,4601,439,7851,1
MN,Olmsted,27109,48759,36460,4538,89757,1
MN,Rock,27133,1618,3278,232,5128,1
MN,Dakota,27037,131554,109893,15092,256539,2
MN,Scott,27139,35050,45444,5121,85615,2
MN,Cottonwood,27033,2007,3605,394,6006,1;7
MN,Rice,27131,16926,15637,2257,34820,1;2
MN,Martin,27091,3551,6664,677,10892,1
MN,Nicollet,27103,9914,7947,1037,18898,1
MN,Goodhue,27049,11383,15270,1518,28171,2
MN,Wabasha,27157,4587,7701,643,12931,2
MN,Washington,27163,80201,71989,8528,160718,2;4;6
MN,Hennepin,27053,449845,250420,35505,735770,3;5;6
MN,Carver,27019,27111,37752,71,64934,3;6
MN,Ramsey,27123,189418,69526,24130,283074,4;5
MN,Benton,27009,6475,15032,41,21548,6
MN,Stearns,27145,29074,52645,1010,82729,6;7
MN,Sherburne,27141,15546,37894,61,53501,6
MN,Lake of the Woods,27077,769,1432,157,2358,7
MN,Otter Tail,27111,13693,20046,2121,35860,7
MN,McLeod,27085,6695,12073,1747,20515,7
MN,Meeker,27093,4325,8055,930,13310,7
MN,Norman,27107,1922,1269,205,3396,7
MN,Pipestone,27117,1464,3110,297,4871,7
MN,Lac qui Parle,27073,1852,1905,217,3974,7
MN,Marshall,27089,2094,2745,226,5065,7
MN,Big Stone,27011,1261,1456,201,2918,7
MN,Wilkin,27167,1555,1631,227,3413,7
MN,Beltrami,27007,9971,11350,2352,23673,7;8
MN,Stevens,27149,2254,2490,295,5039,7
MN,Douglas,27041,8565,13939,1239,23743,7
MN,Sibley,27143,2732,4959,607,8298,7
MN,Clay,27027,17254,11653,2685,31592,7
MN,Lincoln,27081,1188,1735,165,3088,7
MN,Roseau,27135,2799,5133,411,8343,7
MN,Lyon,27083,4958,6861,877,12696,7
MN,Polk,27119,6823,7596,931,15350,7
MN,Swift,27151,2371,2497,280,5148,7
MN,Kandiyohi,27067,9424,12210,1466,23100,7
MN,Traverse,27155,825,887,112,1824,7
MN,Kittson,27069,1398,1093,116,2607,7
MN,Grant,27051,1686,1751,190,3627,7
MN,Becker,27005,7692,10342,1156,19190,7
MN,Murray,27101,1733,2833,277,4843,7
MN,Clearwater,27029,1473,2909,247,4629,7
MN,Renville,27129,3379,4112,549,8040,7
MN,Pope,27121,2873,3660,409,6942,7
MN,Todd,27153,3854,8277,883,13014,7
MN,Mahnomen,27087,1187,873,207,2267,7
MN,Chippewa,27023,2889,3169,504,6562,7
MN,Pennington,27113,3129,3514,557,7200,7
MN,Red Lake,27125,977,1062,125,2164,7
MN,Yellow Medicine,27173,2129,2989,363,5481,7
MN,Aitkin,27001,3227,6063,460,9750,8
MN,Morrison,27097,4083,13927,971,18981,8
MN,St. Louis,27137,58564,53667,6179,118410,8
MN,Wadena,27159,1887,5213,430,7530,8
MN,Chisago,27025,10343,20591,2411,33345,8
MN,Kanabec,27065,2510,5818,587,8915,8
MN,Pine,27115,4792,9673,1097,15562,8
MN,Isanti,27059,6402,15216,1917,23535,8
MN,Carlton,27017,8935,10243,1027,20205,8
MN,Crow Wing,27035,12993,24546,1883,39422,8
MN,Koochiching,27071,2393,4135,297,6825,8
MN,Mille Lacs,27095,3946,9302,1100,14348,8
MN,Cook,27031,2277,1299,193,3769,8
MS,Marshall,28093,6971,7621,0,14592,1
MS,Lee,28081,10620,25028,0,35648,1
MS,Prentiss,28117,1740,8613,0,10353,1
MS,Union,28145,1809,10505,0,12314,1
MS,Itawamba,28057,1048,9514,0,10562,1
MS,Clay,28025,5055,4714,0,9769,1
MS,Webster,28155,882,4349,0,5231,1
MS,Choctaw,28019,1109,3023,0,4132,1
MS,DeSoto,28033,27255,47838,0,75093,1
MS,Pontotoc,28115,2206,11787,0,13993,1
MS,Tippah,28139,1673,8050,0,9723,1
MS,Lowndes,28087,11562,14576,0,26138,1
MS,Oktibbeha,28105,8891,9947,0,18838,1;3
MS,Alcorn,28003,2441,12780,0,15221,1
MS,Lafayette,28071,9141,13941,0,23082,1
MS,Tate,28137,3767,8699,0,12466,1
MS,Attala,28007,3764,4931,0,8695,2
MS,Bolivar,28011,9132,4367,0,13499,2
MS,Carroll,28015,1923,3681,0,5604,2
MS,Copiah,28029,6710,5947,0,12657,2
MS,Hinds,28049,72891,26984,0,99875,2;3
MS,Coahoma,28027,6127,2167,0,8294,2
MS,Yazoo,28163,5604,4549,0,10153,2
MS,Leake,28079,4031,4973,0,9004,2
MS,Tunica,28143,2615,834,0,3449,2
MS,Leflore,28083,7749,2961,0,10710,2
MS,Madison,28089,22301,33755,0,56056,2;3
MS,Rankin,28121,16326,54043,0,70369,3
MS,Clarke,28023,2044,5033,0,7077,3
MS,Monroe,28095,4970,11646,0,16616,1
MS,Neshoba,28099,2995,8592,0,11587,3
MS,Winston,28159,3857,5322,0,9179,1
MS,Chickasaw,28017,3253,4548,0,7801,1
MS,Benton,28009,1454,2567,0,4021,1
MS,Calhoun,28013,1628,4764,0,6392,1
MS,Tishomingo,28141,969,7887,0,8856,1
MS,Holmes,28051,6671,1249,0,7920,2
MS,Sunflower,28133,6961,2550,0,9511,2
MS,Issaquena,28055,368,295,0,663,2
MS,Warren,28149,10396,10280,0,20676,2
MS,Sharkey,28125,1513,606,0,2119,2
MS,Washington,28151,12965,4919,0,17884,2
MS,Panola,28107,7800,7727,0,15527,2
MS,Yalobusha,28161,2975,3496,0,6471,2
MS,Humphreys,28053,3095,990,0,4085,2
MS,Tallahatchie,28135,3378,2179,0,5557,2
MS,Grenada,28043,5099,5597,0,10696,2
MS,Jefferson,28063,3368,494,0,3862,2
MS,Claiborne,28021,3854,572,0,4426,2
MS,Quitman,28119,2215,921,0,3136,2
MS,Montgomery,28097,2283,2724,0,5007,2
MS,Pike,28113,7964,8674,0,16638,3
MS,Lauderdale,28075,12103,18711,0,30814,3
MS,Jefferson Davis,28065,3357,2566,0,5923,3
MS,Walthall,28147,2600,4136,0,6736,3
MS,Smith,28129,1652,6417,0,8069,3
MS,Lincoln,28085,4536,11751,0,16287,3
MS,Amite,28005,2521,4417,0,6938,3
MS,Jasper,28061,3984,4344,0,8328,3
MS,Franklin,28037,1391,2876,0,4267,3
MS,Lawrence,28077,2033,4299,0,6332,3
MS,Kemper,28069,2597,1928,0,4525,3
MS,Scott,28123,4063,6341,0,10404,3
MS,Simpson,28127,3633,7798,0,11431,3
MS,Noxubee,28103,3572,1282,0,4854,3
MS,Wilkinson,28157,2516,1347,0,3863,3
MS,Newton,28101,2918,7201,0,10119,3
MS,Covington,28031,3130,5836,0,8966,3
MS,Adams,28001,6990,5802,0,12792,3
MS,Hancock,28045,0,17196,0,17196,4
MS,Harrison,28047,0,57126,0,57126,4
MS,George,28039,0,9944,0,9944,4
MS,Pearl River,28109,0,20863,0,20863,4
MS,Stone,28131,0,6684,0,6684,4
MS,Jones,28067,0,25291,0,25291,4
MS,Perry,28111,0,4954,0,4954,4
MS,Lamar,28073,0,24080,0,24080,4
MS,Marion,28091,0,9834,0,9834,4
MS,Forrest,28035,0,23635,0,23635,4
MS,Wayne,28153,0,8339,0,8339,4
MS,Jackson,28059,0,42158,0,42158,4
MS,Greene,28041,0,5036,0,5036,4
MO,St. Louis,29189,309857,211045,11892,532794,1;2
MO,St. Louis,29510,104767,23179,2948,130894,1
MO,Jefferson,29099,36351,73218,3237,112806,2;3;8
MO,Miller,29131,1687,10288,206,12181,3
MO,St. Charles,29183,80554,130012,5454,216020,2;3
MO,Boone,29019,45540,40809,2495,88844,4
MO,Cass,29037,17050,38185,1380,56615,4
MO,Henry,29083,2366,7973,241,10580,4
MO,Franklin,29071,13032,38283,1062,52377,3
MO,Callaway,29027,4974,15349,487,20810,3
MO,Camden,29029,4931,18922,486,24339,3;4
MO,Maries,29125,740,3885,80,4705,3
MO,Montgomery,29139,1024,4552,82,5658,3
MO,Lincoln,29113,6179,21592,665,28436,3
MO,Osage,29151,813,6543,104,7460,3
MO,Warren,29219,4286,13283,385,17954,3
MO,Cole,29051,10385,27676,1002,39063,3
MO,Gasconade,29073,1315,6351,107,7773,3
MO,Dallas,29059,1255,6498,208,7961,4
MO,Moniteau,29135,1201,5679,168,7048,4
MO,Bates,29013,1556,6539,195,8290,4
MO,Barton,29011,758,5053,129,5940,4
MO,Benton,29015,2073,7981,273,10327,4
MO,Audrain,29007,2437,7692,307,10436,4;6
MO,Howard,29089,1313,3474,180,4967,4
MO,Pettis,29159,4437,13742,569,18748,4
MO,Webster,29225,3312,14472,649,18433,4;7
MO,Pulaski,29169,3399,10163,502,14064,4
MO,Vernon,29217,1751,7145,163,9059,4
MO,Cedar,29039,1070,5657,176,6903,4
MO,Hickory,29085,962,3907,112,4981,4
MO,Cooper,29053,2040,6227,313,8580,4
MO,Dade,29057,605,3345,89,4039,4
MO,Morgan,29141,1762,7315,235,9312,4
MO,St. Clair,29185,965,3847,104,4916,4
MO,Johnson,29101,6452,15612,773,22837,4
MO,Randolph,29175,2325,7898,335,10558,4
MO,Laclede,29105,2516,13720,423,16659,4
MO,Jackson,29095,88370,98822,5117,192309,5;6
MO,Lafayette,29107,5270,11312,310,16892,5
MO,Ray,29177,3877,7198,306,11381,5
MO,Saline,29195,3546,5618,213,9377,5
MO,Clay,29047,53647,67532,3075,124254,5;6
MO,Holt,29087,264,2002,52,2318,6
MO,Kansas City,36000,105588,26770,3321,135679,5
MO,Worth,29227,192,865,30,1087,6
MO,Sullivan,29211,411,1992,33,2436,6
MO,Carroll,29033,639,3772,55,4466,6
MO,Andrew,29003,2002,7420,217,9639,6
MO,Caldwell,29025,768,3693,142,4603,6
MO,Buchanan,29021,11659,23523,1008,36190,6
MO,Atchison,29005,444,2257,72,2773,6
MO,Platte,29165,24026,31344,1225,56595,6
MO,Clinton,29049,2550,7922,257,10729,6
MO,Adair,29001,3219,6814,195,10228,6
MO,Macon,29121,1413,6191,108,7712,6
MO,Schuyler,29197,290,1624,40,1954,6
MO,Shelby,29205,502,2704,50,3256,6
MO,Scotland,29199,278,1614,30,1922,6
MO,Nodaway,29147,2373,7242,170,9785,6
MO,DeKalb,29063,820,3840,115,4775,6
MO,Ralls,29173,1094,4369,96,5559,6
MO,Pike,29163,1572,5821,126,7519,6
MO,Chariton,29041,782,3175,60,4017,6
MO,Linn,29115,1091,4429,110,5630,6
MO,Mercer,29129,181,1544,19,1744,6
MO,Gentry,29075,535,2591,63,3189,6
MO,Knox,29103,252,1513,29,1794,6
MO,Grundy,29079,661,3662,74,4397,6
MO,Clark,29045,587,2660,72,3319,6
MO,Putnam,29171,272,2013,26,2311,6
MO,Marion,29127,2743,10171,220,13134,6
MO,Monroe,29137,803,3460,85,4348,6
MO,Daviess,29061,638,3125,82,3845,6
MO,Harrison,29081,496,3250,42,3788,6
MO,Livingston,29117,1040,5536,90,6666,6
MO,Lewis,29111,783,3625,73,4481,6
MO,Jasper,29097,12424,36897,2133,51454,7
MO,Barry,29009,2701,12016,598,15315,7
MO,Greene,29077,50881,81048,7293,139222,7
MO,Taney,29213,4870,19902,972,25744,7
MO,Polk,29167,2767,11479,624,14870,7
MO,Lawrence,29109,3210,13291,926,17427,7
MO,Newton,29145,5408,21625,953,27986,7
MO,Stone,29209,3140,14264,567,17971,7
MO,Christian,29043,10444,33228,2269,45941,7
MO,McDonald,29119,1375,7240,268,8883,7
MO,Iron,29093,985,3358,82,4425,8
MO,Cape Girardeau,29031,10036,29028,739,39803,8
MO,Carter,29035,392,2378,35,2805,8
MO,Bollinger,29017,791,5020,73,5884,8
MO,Howell,29091,3027,14937,309,18273,8
MO,Butler,29023,3154,14372,289,17815,8
MO,Scott,29201,3671,13547,227,17445,8
MO,Pemiscot,29155,1488,3953,62,5503,8
MO,Phelps,29161,5302,13591,456,19349,8
MO,St. Francois,29187,7170,19505,576,27251,8
MO,Mississippi,29133,1077,3457,81,4615,8
MO,Washington,29221,1915,7473,219,9607,8
MO,New Madrid,29143,1676,5326,87,7089,8
MO,Ozark,29153,706,3976,62,4744,8
MO,Reynolds,29179,546,2546,64,3156,8
MO,Ste. Genevieve,29186,2704,6170,178,9052,8
MO,Shannon,29203,717,3039,43,3799,8
MO,Perry,29157,1621,7397,134,9152,8
MO,Wright,29229,1113,7342,130,8585,8
MO,Dent,29065,1042,5884,154,7080,8
MO,Crawford,29055,2052,8620,171,10843,8
MO,Oregon,29149,817,3713,84,4614,8
MO,Madison,29123,1085,4413,95,5593,8
MO,Ripley,29181,840,4655,70,5565,8
MO,Wayne,29223,821,4823,85,5729,8
MO,Stoddard,29207,1738,11316,155,13209,8
MO,Texas,29215,1696,9278,161,11135,8
MO,Douglas,29067,941,5771,127,6839,8
MO,Dunklin,29069,2074,7978,129,10181,8
MT,Liberty,30051,304,776,0,1080,1
MT,Jefferson,30043,2835,5288,0,8123,1
MT,Yellowstone,30111,33563,50145,0,83708,1
MT,Roosevelt,30085,2060,1927,0,3987,1
MT,Sheridan,30091,681,1328,0,2009,1
MT,Sanders,30089,2009,5574,0,7583,1
MT,Valley,30105,1232,2966,0,4198,1
MT,Park,30067,5582,5933,0,11515,1
MT,Stillwater,30095,1343,4366,0,5709,1
MT,Mineral,30061,679,1647,0,2326,1
MT,Madison,30057,1943,4113,0,6056,1
MT,Lake,30047,7250,9239,0,16489,1
MT,Blaine,30005,1707,1391,0,3098,1
MT,Chouteau,30015,1140,1820,0,2960,1
MT,Missoula,30063,44749,26662,0,71411,1
MT,Pondera,30073,1019,1963,0,2982,1
MT,Custer,30017,1773,4072,0,5845,1
MT,Lincoln,30053,3112,8587,0,11699,1
MT,Toole,30101,551,1546,0,2097,1
MT,Golden Valley,30037,47,412,0,459,1
MT,Carbon,30009,2590,4465,0,7055,1
MT,Cascade,30013,17043,22724,0,39767,1
MT,Glacier,30035,3885,1783,0,5668,1
MT,Ravalli,30081,9350,19114,0,28464,1
MT,Lewis and Clark,30049,21050,21045,0,42095,1
MT,Phillips,30071,489,1860,0,2349,1
MT,Gallatin,30031,38501,32217,0,70718,1
MT,Fergus,30027,1753,4715,0,6468,1
MT,Hill,30041,3361,3807,0,7168,1
MT,Big Horn,30003,2681,2103,0,4784,1
MT,Wibaux,30109,98,492,0,590,1
MT,Granite,30039,700,1388,0,2088,1
MT,Teton,30099,1127,2557,0,3684,1
MT,Carter,30011,96,758,0,854,1
MT,Powell,30077,899,2278,0,3177,1
MT,Daniels,30019,229,786,0,1015,1
MT,Garfield,30033,63,738,0,801,1
MT,Richland,30083,1054,4694,0,5748,1
MT,Beaverhead,30001,1817,3811,0,5628,1
MT,Dawson,30021,1161,3639,0,4800,1
MT,Wheatland,30107,271,792,0,1063,1
MT,Judith Basin,30045,346,998,0,1344,1
MT,Treasure,30103,104,356,0,460,1
MT,Musselshell,30065,519,2341,0,2860,1
MT,Sweet Grass,30097,606,1843,0,2449,1
MT,Flathead,30029,21271,38426,0,59697,1
MT,Broadwater,30007,935,3150,0,4085,1
MT,Fallon,30025,251,1312,0,1563,1
MT,Deer Lodge,30023,2831,2036,0,4867,1
MT,Rosebud,30087,1325,2426,0,3751,1
MT,McCone,30055,187,932,0,1119,1
MT,Meagher,30059,273,834,0,1107,1
MT,Prairie,30079,148,568,0,716,1
MT,Powder River,30075,185,953,0,1138,1
MT,Petroleum,30069,51,298,0,349,1
MT,Silver Bow,30093,11511,7175,0,18686,1
NE,Lancaster,31109,76220,75474,4195,155889,1
NE,Platte,31141,2813,12267,344,15424,1
NE,Cass,31025,4145,10350,473,14968,1
NE,Thurston,31173,953,1254,45,2252,1
NE,Washington,31177,3029,8869,347,12245,1
NE,Burt,31021,893,2657,105,3655,1
NE,Saunders,31155,2950,9262,372,12584,1
NE,Seward,31159,2218,6627,249,9094,1
NE,Madison,31119,3073,12104,423,15600,1
NE,Cuming,31039,706,3606,88,4400,1
NE,Otoe,31131,2287,5744,195,8226,1
NE,Stanton,31167,490,2525,83,3098,1
NE,Dodge,31053,4577,11551,508,16636,1
NE,Colfax,31037,856,2720,80,3656,1
NE,Dixon,31051,568,2298,105,2971,1;3
NE,Polk,31143,493,2295,62,2850,1
NE,Butler,31023,781,3585,88,4454,1
NE,Sarpy,31153,34986,56874,3210,95070,1;2
NE,Douglas,31055,133827,132230,8252,274309,2
NE,Dakota,31043,2385,3872,232,6489,3
NE,Holt,31089,503,4706,193,5402,3
NE,Gosper,31073,124,963,21,1108,3
NE,Adams,31001,3126,10450,605,14181,3
NE,Nemaha,31127,644,2527,129,3300,3
NE,Kimball,31105,207,1562,77,1846,3
NE,Gage,31067,2529,7737,480,10746,3
NE,Brown,31017,129,1461,49,1639,3
NE,Thayer,31169,423,2398,78,2899,3
NE,Custer,31041,584,5101,199,5884,3
NE,Richardson,31147,791,3007,130,3928,3
NE,Furnas,31065,293,2199,81,2573,3
NE,Sherman,31163,265,1334,52,1651,3
NE,Cherry,31031,277,2673,135,3085,3
NE,Wheeler,31183,43,432,12,487,3
NE,Red Willow,31145,663,4570,148,5381,3
NE,Nance,31125,282,1397,60,1739,3
NE,Boone,31011,354,2622,98,3074,3
NE,Nuckolls,31129,283,1911,56,2250,3
NE,Dundy,31057,73,893,20,986,3
NE,Phelps,31137,551,4251,159,4961,3
NE,Deuel,31049,105,872,37,1014,3
NE,Webster,31181,245,1532,51,1828,3
NE,Blaine,31009,23,265,17,305,3
NE,Knox,31107,699,3662,146,4507,3
NE,Garden,31069,136,982,44,1162,3
NE,Sioux,31165,60,638,20,718,3
NE,Lincoln,31111,3009,13231,651,16891,3
NE,Wayne,31179,794,3133,144,4071,3
NE,Morrill,31123,302,2072,129,2503,3
NE,York,31185,1124,5584,249,6957,3
NE,Keith,31101,598,3557,140,4295,3
NE,Antelope,31003,358,2990,102,3450,3
NE,Jefferson,31095,702,2811,156,3669,3
NE,Pawnee,31133,238,1094,40,1372,3
NE,Boyd,31015,89,966,40,1095,3
NE,Saline,31151,1563,3759,261,5583,3
NE,Franklin,31061,208,1457,38,1703,3
NE,Scotts Bluff,31157,3564,10796,858,15218,3
NE,Kearney,31099,481,2927,136,3544,3
NE,Merrick,31121,578,3411,172,4161,3
NE,Harlan,31083,217,1642,34,1893,3
NE,Chase,31029,154,1780,35,1969,3
NE,Fillmore,31059,497,2460,106,3063,3
NE,Clay,31035,480,2879,131,3490,3
NE,Arthur,31005,14,261,8,283,3
NE,Dawson,31047,1946,6783,281,9010,3
NE,Hitchcock,31087,141,1250,53,1444,3
NE,Frontier,31063,142,1248,25,1415,3
NE,Keya Paha,31103,34,464,12,510,3
NE,Howard,31093,500,2764,154,3418,3
NE,Perkins,31135,140,1344,40,1524,3
NE,Sheridan,31161,280,2219,108,2607,3
NE,Hall,31079,5985,16729,1015,23729,3
NE,Grant,31075,14,360,10,384,3
NE,Greeley,31077,176,997,29,1202,3
NE,Cheyenne,31033,689,3839,182,4710,3
NE,Logan,31113,30,395,13,438,3
NE,Banner,31007,45,342,16,403,3
NE,Johnson,31097,446,1624,75,2145,3
NE,Pierce,31139,366,3402,113,3881,3
NE,Cedar,31027,583,4083,135,4801,3
NE,Hayes,31085,21,493,11,525,3
NE,Hamilton,31081,802,4347,241,5390,3
NE,Valley,31175,297,1953,51,2301,3
NE,Hooker,31091,43,373,14,430,3
NE,Dawes,31045,892,2975,164,4031,3
NE,Box Butte,31013,894,3964,247,5105,3
NE,Buffalo,31019,4673,17477,999,23149,3
NE,Rock,31149,53,747,18,818,3
NE,Garfield,31071,89,929,24,1042,3
NE,Loup,31115,45,383,12,440,3
NE,Thomas,31171,41,360,12,413,3
NE,McPherson,31117,19,271,9,299,3
NV,Clark,32003,499162,390152,44119,933433,1;3;4
NV,Douglas,32005,10389,22364,687,33440,2
NV,Carson City,32510,11662,16825,735,29222,2
NV,Lander,32015,471,2090,134,2695,2
NV,Lyon,32019,7887,20794,942,29623,2;4
NV,Washoe,32031,116580,121767,6336,244683,2
NV,Churchill,32001,2780,9383,482,12645,2
NV,Eureka,32011,93,849,42,984,2
NV,Storey,32029,817,1926,78,2821,2
NV,Elko,32007,4173,16250,1130,21553,2
NV,Pershing,32027,507,1653,112,2272,2
NV,Humboldt,32013,1502,5848,282,7632,2
NV,Lincoln,32017,359,1968,51,2378,4
NV,Nye,32023,7244,16714,881,24839,4
NV,Esmeralda,32009,69,386,12,467,4
NV,Mineral,32021,810,1343,94,2247,4
NV,White Pine,32033,872,3262,126,4260,4
NH,Carroll,33003,15909,16082,613,32604,1
NH,Belknap,33001,16228,20487,894,37609,1;2
NH,Sullivan,33019,12426,10811,671,23908,2
NH,Rockingham,33015,95664,94276,4357,194297,1;2
NH,Strafford,33017,40617,29396,2107,72120,1
NH,Hillsborough,33011,118879,101732,5732,226343,1;2
NH,Grafton,33009,32359,19215,1262,52836,1;2
NH,Merrimack,33013,48476,37595,2080,88151,1;2
NH,Cheshire,33005,25323,16690,1095,43108,2
NH,Coos,33007,8014,7761,351,16126,2
NJ,Salem,34033,14249,18251,1138,33638,2
NJ,Camden,34007,173168,88587,91,261846,1;2
NJ,Gloucester,34015,86281,82271,1264,169816,1;2
NJ,Burlington,34005,159307,95176,2216,256699,1;2;3
NJ,Atlantic,34001,69566,65354,2150,137070,2
NJ,Cape May,34009,21899,34627,558,57084,2
NJ,Ocean,34029,121011,206098,5495,332604,2;3;4
NJ,Cumberland,34011,31266,28744,1502,61512,2
NJ,Monmouth,34025,166968,199359,5294,371621,4;6
NJ,Mercer,34021,111821,56829,3289,171939,4;12
NJ,Warren,34041,24596,34170,720,59486,5;7
NJ,Bergen,34003,284369,189689,6789,480847,5;8;9
NJ,Sussex,34037,35201,50020,1049,86270,5;11
NJ,Passaic,34031,134692,80270,3362,218324,5;9;11
NJ,Middlesex,34023,227008,134533,2040,363581,6;12
NJ,Hunterdon,34019,36815,46443,0,83258,7
NJ,Somerset,34035,102905,78639,1350,182894,7;12
NJ,Union,34039,160395,81977,2176,244548,7;8;10;12
NJ,Morris,34027,147956,144075,0,292031,7;11
NJ,Essex,34013,255468,70840,4702,331010,7;8;10;11
NJ,Hudson,34017,174246,57136,5563,236945,8;9;10
NM,Sandoval,35043,39576,35456,0,75032,1;3
NM,Bernalillo,35001,183474,127537,0,311011,1;2;3
NM,Roosevelt,35041,1818,4632,0,6450,2;3
NM,Catron,35003,619,1631,0,2250,2
NM,Torrance,35057,2323,4854,0,7177,1
NM,Santa Fe,35049,61933,18523,0,80456,1;3
NM,Valencia,35061,15131,16499,0,31630,1;2
NM,Cibola,35006,4868,3818,0,8686,2
NM,Lincoln,35027,3323,6808,0,10131,2
NM,Chaves,35005,7058,14975,0,22033,2
NM,Grant,35017,7897,6282,0,14179,2
NM,Luna,35029,3854,4045,0,7899,2
NM,Doña Ana,35013,49417,31694,0,81111,2
NM,Socorro,35053,3977,3049,0,7026,2
NM,Sierra,35051,2381,3425,0,5806,2
NM,Lea,35025,4558,15772,0,20330,2
NM,Otero,35035,9009,13970,0,22979,2
NM,Eddy,35015,6003,16645,0,22648,2
NM,De Baca,35011,269,615,0,884,2
NM,Guadalupe,35019,1352,772,0,2124,2
NM,Hidalgo,35023,881,1018,0,1899,2
NM,McKinley,35031,17217,8162,0,25379,2;3
NM,Colfax,35007,2789,3132,0,5921,3
NM,San Miguel,35047,8455,2884,0,11339,3
NM,Los Alamos,35028,7062,5028,0,12090,3
NM,Rio Arriba,35039,11378,4635,0,16013,3
NM,Quay,35037,1197,2554,0,3751,3
NM,Curry,35009,4302,10420,0,14722,3
NM,Harding,35021,188,294,0,482,3
NM,Union,35059,399,1344,0,1743,3
NM,Taos,35055,13427,3371,0,16798,3
NM,Mora,35033,1867,724,0,2591,3
NM,San Juan,35045,17730,33207,0,50937,3
NY,Richmond,36085,95268,117522,0,212790,11
NY,Kings,36047,702452,177957,5014,885423,7;8;9;10;11;12
NY,Nassau,36059,373117,298713,5210,677040,2;3;4;5
NY,Suffolk,36103,355545,379000,3665,738210,1;2;3
NY,Queens,36081,567955,153019,2596,723570,3;5;6;7;8;12;14
NY,New York,36061,575685,89132,8196,673013,7;10;12;13
NY,Bronx,36005,351108,59304,1379,411791,13;14;15;16
NY,Westchester,36119,284609,110452,7416,402477,16;17;18
NY,Rockland,36087,73455,54791,11258,139504,17
NY,Putnam,36079,25225,26578,441,52244,18
NY,Erie,36029,272616,177989,6373,456978,26;27
NY,Orange,36071,89332,70378,1912,161622,18
NY,Dutchess,36027,80583,59485,1804,141872,18;19
NY,Delaware,36025,9923,11528,715,22166,19
NY,Columbia,36021,21257,12918,643,34818,19
NY,Rensselaer,36083,43094,33219,875,77188,19;20
NY,Otsego,36077,13975,10861,1860,26696,19
NY,Montgomery,36057,9129,11374,121,20624,19;20
NY,Ulster,36111,59504,33164,2197,94865,19
NY,Greene,36039,11225,12378,604,24207,19
NY,Sullivan,36105,16802,14827,626,32255,19
NY,Schoharie,36095,6629,8102,433,15164,19
NY,Broome,36007,51127,37164,2543,90834,19;22
NY,Albany,36001,100511,49857,107,150475,20
NY,Schenectady,36093,42533,30452,44,73029,20
NY,Saratoga,36091,66520,64386,36,130942,20;21
NY,Jefferson,36045,15554,27925,24,43503,21
NY,Washington,36115,10820,17082,10,27912,21
NY,Hamilton,36041,1100,2326,0,3426,21
NY,Franklin,36033,8892,10329,6,19227,21
NY,Fulton,36035,7470,15810,10,23290,21
NY,Warren,36113,16604,19315,29,35948,21
NY,St. Lawrence,36089,18375,26138,20,44533,21
NY,Essex,36031,9278,9844,7,19129,21
NY,Clinton,36019,17212,18060,18,35290,21
NY,Lewis,36049,3402,9415,6,12823,21
NY,Herkimer,36043,11460,16967,365,28792,21;22
NY,Chenango,36017,9319,11922,662,21903,22
NY,Oswego,36075,18387,32969,1967,53323,22;24
NY,Oneida,36065,48959,50645,1427,101031,22
NY,Cortland,36023,11082,9552,619,21253,22
NY,Madison,36053,15669,17045,706,33420,22
NY,Tioga,36107,9227,14581,6440,30248,22;23
NY,Allegany,36003,5623,14434,235,20292,23
NY,Cattaraugus,36009,11157,21971,423,33551,23
NY,Chautauqua,36013,21334,35862,749,57945,23
NY,Chemung,36015,14812,23394,509,38715,23
NY,Yates,36123,3943,6419,75,10437,23
NY,Schuyler,36097,3597,5869,132,9598,23
NY,Steuben,36101,14456,30505,377,45338,23
NY,Ontario,36069,26265,30191,631,57087,23;27
NY,Tompkins,36109,32444,11816,546,44806,23
NY,Seneca,36099,6334,8495,119,14948,23
NY,Wayne,36117,13703,27436,1893,43032,24
NY,Onondaga,36067,110541,114073,8722,233336,24
NY,Cayuga,36011,12679,21931,1284,35894,24
NY,Monroe,36055,212931,144787,5717,363435,25;27
NY,Niagara,36063,45582,52076,1356,99014,26;27
NY,Genesee,36037,8780,18813,557,28150,27
NY,Wyoming,36121,4895,13879,269,19043,27
NY,Livingston,36051,11746,18163,393,30302,27
NY,Orleans,36073,5191,11699,279,17169,27
NC,Warren,37185,6506,3765,0,10271,1
NC,Wayne,37191,23800,30849,0,54649,1
NC,Edgecombe,37065,16138,9124,0,25262,1
NC,Pitt,37147,45771,40631,0,86402,1;3
NC,Gates,37073,2585,3276,0,5861,1
NC,Hertford,37091,6997,3341,0,10338,1
NC,Washington,37187,3382,2738,0,6120,1
NC,Northampton,37131,6085,3911,0,9996,1
NC,Martin,37117,5988,6427,0,12415,1
NC,Halifax,37083,15446,9938,0,25384,1
NC,Nash,37127,25514,26165,0,51679,1
NC,Bertie,37015,5871,3783,0,9654,1
NC,Greene,37079,3845,4840,0,8685,1
NC,Vance,37181,12406,8308,0,20714,1;4
NC,Wilson,37195,20905,19515,0,40420,1
NC,Wake,37183,381325,228276,10914,620515,2;4
NC,Craven,37049,19775,32020,0,51795,3
NC,Tyrrell,37177,728,1012,0,1740,3
NC,Chowan,37041,3142,4504,0,7646,3
NC,Pamlico,37137,2579,4974,0,7553,3
NC,Carteret,37031,10768,29395,0,40163,3
NC,Hyde,37095,1024,1406,0,2430,3
NC,Jones,37103,2132,3307,0,5439,3
NC,Camden,37029,1467,4269,0,5736,3
NC,Currituck,37053,3983,11768,0,15751,3
NC,Duplin,37061,8452,13634,0,22086,3
NC,Pasquotank,37139,9644,9805,0,19449,3
NC,Beaufort,37013,9092,16751,0,25843,3
NC,Dare,37055,9362,13919,0,23281,3
NC,Onslow,37133,23121,46579,0,69700,3
NC,Perquimans,37143,2428,4969,0,7397,3
NC,Lenoir,37107,12948,14983,0,27931,3
NC,Durham,37063,143900,33597,0,177497,4
NC,Franklin,37069,16729,20043,0,36772,4
NC,Chatham,37037,26579,21216,0,47795,4;13
NC,Orange,37135,63681,20270,0,83951,4
NC,Granville,37077,15264,15867,0,31131,4
NC,Burke,37023,12896,30222,770,43888,5
NC,Watauga,37189,16378,14693,591,31662,5
NC,Alleghany,37005,1380,4549,112,6041,5
NC,Gaston,37071,38899,69147,1954,110000,5
NC,Ashe,37009,4086,11270,345,15701,5
NC,Rutherford,37161,8957,24013,750,33720,5;11
NC,Wilkes,37193,7235,27045,847,35127,5
NC,Catawba,37035,24758,57793,132,82683,5;10
NC,Caldwell,37027,9823,31549,695,42067,5
NC,Alexander,37003,3996,15567,433,19996,5
NC,Cleveland,37045,16647,32270,1285,50202,5
NC,Forsyth,37067,109859,85753,0,195612,6;10
NC,Guilford,37081,171170,105080,0,276250,6
NC,Brunswick,37019,31285,56962,124,88371,7
NC,New Hanover,37129,62316,66435,303,129054,7
NC,Harnett,37085,22016,35041,38,57095,7;8
NC,Johnston,37101,39394,68937,168,108499,7
NC,Sampson,37163,10691,17424,25,28140,7
NC,Bladen,37017,7163,9572,12,16747,7
NC,Pender,37141,11258,22210,32,33500,7
NC,Columbus,37047,9450,16458,18,25926,7
NC,Stanly,37167,8236,25169,0,33405,8
NC,Cabarrus,37025,50857,64522,0,115379,8
NC,Lee,37105,12210,16116,0,28326,8;13
NC,Moore,37125,19781,37044,0,56825,8;9
NC,Cumberland,37051,85617,59464,0,145081,8
NC,Montgomery,37123,4350,8277,0,12627,8
NC,Union,37179,46752,82136,0,128888,9
NC,Richmond,37153,8974,11387,0,20361,9
NC,Hoke,37093,11928,9225,0,21153,9
NC,Robeson,37155,19116,26655,0,45771,9
NC,Scotland,37165,7135,7268,0,14403,9
NC,Mecklenburg,37119,406299,59249,0,465548,9;12
NC,Anson,37007,5815,5252,0,11067,9
NC,Surry,37171,9003,26891,0,35894,10
NC,Stokes,37169,5549,19623,0,25172,10
NC,Yadkin,37197,3871,15669,0,19540,10
NC,Lincoln,37109,12543,36811,0,49354,10
NC,Iredell,37097,32539,67366,0,99905,10;13
NC,Rockingham,37157,16104,30559,0,46663,10
NC,Macon,37113,6058,13953,506,20517,11
NC,Avery,37011,1956,7010,240,9206,11
NC,Mitchell,37121,1862,6868,200,8930,11
NC,Yancey,37199,3797,7216,255,11268,11
NC,Buncombe,37021,92938,60429,5858,159225,11
NC,Polk,37149,4368,7514,284,12166,11
NC,Haywood,37087,13026,22067,1108,36201,11
NC,Henderson,37089,25958,39982,1900,67840,11
NC,Swain,37173,2717,3946,272,6935,11
NC,Cherokee,37039,3433,12391,436,16260,11
NC,Transylvania,37175,8248,11321,601,20170,11
NC,Jackson,37099,9283,11102,807,21192,11
NC,Madison,37115,4883,7618,420,12921,11
NC,Clay,37043,1665,4928,181,6774,11
NC,McDowell,37111,5708,16329,663,22700,11
NC,Graham,37075,951,3522,95,4568,11
NC,Davie,37059,6177,18971,0,25148,13
NC,Rowan,37159,22973,49153,0,72126,13
NC,Alamance,37001,38416,46535,0,84951,13
NC,Davidson,37057,22226,65683,0,87909,13
NC,Randolph,37151,15069,55308,0,70377,13
NC,Person,37145,8297,12651,0,20948,13
NC,Caswell,37033,4828,6991,0,11819,13
ND,LaMoure,38045,437,1695,63,2195,1
ND,Ransom,38073,818,1492,105,2415,1
ND,Barnes,38003,1562,3737,172,5471,1
ND,Steele,38091,344,704,25,1073,1
ND,Benson,38005,738,1138,58,1934,1
ND,Mercer,38057,668,3871,98,4637,1
ND,Divide,38023,242,913,37,1192,1
ND,Traill,38097,1275,2709,115,4099,1
ND,Emmons,38029,207,1736,37,1980,1
ND,Kidder,38043,212,1217,27,1456,1
ND,Grand Forks,38035,10746,18427,1038,30211,1
ND,Burleigh,38015,12111,36122,1643,49876,1
ND,Cass,38017,34055,46877,3603,84535,1
ND,Richland,38077,2124,5276,276,7676,1
ND,Dunn,38025,319,1948,62,2329,1
ND,Sioux,38085,728,294,150,1172,1
ND,Golden Valley,38033,114,871,22,1007,1
ND,Griggs,38039,260,941,26,1227,1
ND,Mountrail,38061,1154,2819,125,4098,1
ND,Pierce,38069,411,1633,49,2093,1
ND,Ramsey,38071,1362,3786,175,5323,1
ND,Dickey,38021,532,1796,77,2405,1
ND,Bottineau,38009,692,2646,84,3422,1
ND,Morton,38059,3375,12382,587,16344,1
ND,McKenzie,38053,719,4395,201,5315,1
ND,Adams,38001,213,1010,33,1256,1
ND,Ward,38101,6320,20465,1100,27885,1
ND,Slope,38087,37,377,7,421,1
ND,Stark,38089,1981,12408,463,14852,1
ND,Bowman,38011,195,1413,37,1645,1
ND,Towner,38095,271,866,18,1155,1
ND,Grant,38037,189,1163,27,1379,1
ND,Sargent,38081,674,1295,59,2028,1
ND,Rolette,38079,2292,1344,102,3738,1
ND,Renville,38075,194,1073,44,1311,1
ND,Hettinger,38041,149,1126,26,1301,1
ND,McLean,38055,1119,4220,137,5476,1
ND,Burke,38013,140,977,17,1134,1
ND,Foster,38031,318,1391,38,1747,1
ND,Sheridan,38083,103,684,17,804,1
ND,Billings,38007,64,554,16,634,1
ND,Eddy,38027,336,874,36,1246,1
ND,Wells,38103,386,1910,55,2351,1
ND,Logan,38047,113,914,28,1055,1
ND,Oliver,38065,121,906,28,1055,1
ND,Cavalier,38019,400,1548,44,1992,1
ND,Walsh,38099,1082,3485,122,4689,1
ND,Nelson,38063,495,1195,53,1743,1
ND,McIntosh,38051,220,1191,34,1445,1
ND,Pembina,38067,685,2518,81,3284,1
ND,McHenry,38049,554,2358,69,2981,1
ND,Williams,38105,1862,11534,511,13907,1
ND,Stutsman,38093,2252,7005,342,9599,1
OH,Darke,39037,4387,22249,4,26640,1;2;3;8;9;15
OH,Jackson,39079,3120,10839,0,13959,1;2;3;6;8;9;15
OH,Madison,39097,4537,14811,12,19360,1;2;3;8;9;15
OH,Henry,39069,3236,11423,0,14659,1;2;3;5;8;9;15
OH,Wyandot,39175,2347,8889,0,11236,1;2;3;5;8;9;15
OH,Ottawa,39123,9032,14715,2,23749,1;2;3;5;8;9;15
OH,Lucas,39095,112954,84507,3,197464,1;2;3;5;8;9;15
OH,Lorain,39093,71758,77675,3291,152724,1;2;3;4;7;8;9;15
OH,Hamilton,39061,223916,191808,8589,424313,1;2;3;8;9;15
OH,Warren,39165,41660,87071,5139,133870,1;2;3;8;9;15
OH,Adams,39001,2121,9752,0,11873,1;2;3;8;9;15
OH,Allen,39003,13080,33201,1164,47445,1;2;3;4;8;9;15
OH,Ashland,39005,5195,19699,985,25879,1;2;3;7;8;9;15
OH,Ashtabula,39007,15088,27955,0,43043,1;2;3;8;9;14;15
OH,Athens,39009,13973,11327,5,25305,1;2;3;6;8;9;15
OH,Auglaize,39011,4192,20835,458,25485,1;2;3;4;8;9;15
OH,Belmont,39013,8552,23191,0,31743,1;2;3;6;8;9;15
OH,Brown,39015,3980,16698,1,20679,1;2;3;8;9;15
OH,Butler,39017,64380,115747,64,180191,1;2;3;8;9;15
OH,Carroll,39019,3107,10506,0,13613,1;2;3;6;8;9;15
OH,Champaign,39021,4569,14766,480,19815,1;2;3;4;8;9;15
OH,Clark,39023,22759,39767,33,62559,1;2;3;8;9;15
OH,Clermont,39025,29366,78985,8,108359,1;2;3;8;9;15
OH,Clinton,39027,4153,15876,5,20034,1;2;3;8;9;15
OH,Columbiana,39029,12546,36472,0,49018,1;2;3;6;8;9;15
OH,Coshocton,39031,3371,12268,586,16225,1;2;3;7;8;9;15
OH,Crawford,39033,4557,15260,623,20440,1;2;3;4;8;9;15
OH,Cuyahoga,39035,382128,207824,30,589982,1;2;3;8;9;11;14;15;16
OH,Defiance,39039,5152,14024,0,19176,1;2;3;5;8;9;15
OH,Delaware,39041,50212,70080,3424,123716,1;2;3;8;9;12;15
OH,Erie,39043,19344,19955,202,39501,1;2;3;4;8;9;15
OH,Fairfield,39045,25825,54998,7,80830,1;2;3;8;9;15
OH,Fayette,39047,2601,9559,0,12160,1;2;3;8;9;10;15
OH,Franklin,39049,380854,228703,4036,613593,1;2;3;8;9;12;15
OH,Fulton,39051,5409,16945,0,22354,1;2;3;5;8;9;15
OH,Gallia,39053,2803,10504,0,13307,1;2;3;6;8;9;15
OH,Geauga,39055,17450,37098,0,54548,1;2;3;8;9;14;15
OH,Greene,39057,29909,58298,0,88207,1;2;3;8;9;10;15
OH,Guernsey,39059,4195,13444,0,17639,1;2;3;6;8;9;15
OH,Hancock,39063,9972,27919,0,37891,1;2;3;5;8;9;15
OH,Hardin,39065,2773,10063,0,12836,1;2;3;5;8;9;15
OH,Harrison,39067,1704,5568,0,7272,1;2;3;6;8;9;15
OH,Highland,39071,3353,15834,2,19189,1;2;3;8;9;15
OH,Hocking,39073,3477,10082,4,13563,1;2;3;8;9;15
OH,Holmes,39075,1428,10776,354,12558,1;2;3;7;8;9;15
OH,Huron,39077,7002,18183,879,26064,1;2;3;4;7;8;9;15
OH,Jefferson,39081,9432,23264,0,32696,1;2;3;6;8;9;15
OH,Knox,39083,7264,21803,1336,30403,1;2;3;7;8;9;15
OH,Lake,39085,47173,78171,0,125344,1;2;3;8;9;14;15
OH,Lawrence,39087,7399,20310,0,27709,1;2;3;6;8;9;15
OH,Licking,39089,29381,60087,3152,92620,1;2;3;8;9;12;15
OH,Logan,39091,4559,18121,518,23198,1;2;3;4;8;9;15
OH,Mahoning,39099,57536,57536,2017,117089,1;2;3;6;8;9;13;15
OH,Marion,39101,7902,18673,852,27427,1;2;3;4;8;9;12;15
OH,Medina,39103,33883,67267,1127,102277,1;2;3;7;8;9;15;16
OH,Meigs,39105,2415,8274,0,10689,1;2;3;6;8;9;15
OH,Mercer,39107,3609,19712,43,23364,1;2;3;4;5;8;9;15
OH,Miami,39109,13918,42298,11,56227,1;2;3;8;9;15
OH,Monroe,39111,1688,5317,0,7005,1;2;3;6;8;9;15
OH,Montgomery,39113,119775,147064,0,266839,1;2;3;8;9;10;15
OH,Morgan,39115,1381,5146,1,6528,1;2;3;8;9;15
OH,Morrow,39117,3757,13768,560,18085,1;2;3;8;9;12;15
OH,Muskingum,39119,10217,29120,683,40020,1;2;3;6;8;9;12;15
OH,Noble,39121,1136,5002,0,6138,1;2;3;6;8;9;15
OH,Paulding,39125,2035,7154,0,9189,1;2;3;5;8;9;15
OH,Perry,39127,3479,12683,5,16167,1;2;3;8;9;15
OH,Pickaway,39129,6035,21701,4,27740,1;2;3;8;9;15
OH,Pike,39131,3232,8534,0,11766,1;2;3;8;9;15
OH,Portage,39133,33732,44855,1189,79776,1;2;3;8;9;13;14;15;16
OH,Preble,39135,4194,16913,1,21108,1;2;3;8;9;15
OH,Putnam,39137,2461,16935,0,19396,1;2;3;5;8;9;15
OH,Richland,39139,15994,40193,1992,58179,1;2;3;7;8;9;12;15
OH,Ross,39141,9680,22759,1,32440,1;2;3;8;9;15
OH,Sandusky,39143,9598,18766,1063,29427,1;2;3;4;8;9;15
OH,Scioto,39145,8753,22226,1,30980,1;2;3;6;8;9;15
OH,Seneca,39147,7548,17115,838,25501,1;2;3;4;8;9;15
OH,Shelby,39149,3926,20483,509,24918,1;2;3;4;8;9;15
OH,Stark,39151,65449,113530,3886,182865,1;2;3;7;8;9;13;15;16
OH,Summit,39153,141924,125383,2903,270210,1;2;3;8;9;11;13;14;15;16
OH,Trumbull,39155,46037,51849,2133,100019,1;2;3;8;9;13;14;15
OH,Tuscarawas,39157,11027,30926,924,42877,1;2;3;6;7;8;9;15
OH,Union,39159,9855,21978,1011,32844,1;2;3;4;8;9;15
OH,Van Wert,39161,2626,11928,0,14554,1;2;3;5;8;9;15
OH,Vinton,39163,1230,4444,3,5677,1;2;3;8;9;15
OH,Washington,39167,8494,22985,0,31479,1;2;3;6;8;9;15
OH,Wayne,39169,14381,38035,0,52416,1;2;3;8;9;15;16
OH,Williams,39171,3999,14163,0,18162,1;2;3;5;8;9;15
OH,Wood,39173,25859,40267,0,66126,1;2;3;5;8;9;15
OK,Le Flore,40079,3368,14773,459,18600,2
OK,McCurtain,40089,1890,9281,172,11343,2
OK,Creek,40037,6167,23980,95,30242,1;3
OK,Rogers,40131,8716,33932,1688,44336,1;2
OK,Tulsa,40143,95728,159665,9694,265087,1
OK,Wagoner,40145,6979,26988,1172,35139,1
OK,Washington,40147,4800,17683,864,23347,1
OK,Adair,40001,1366,5488,231,7085,2
OK,Cherokee,40021,5970,10887,783,17640,2
OK,Choctaw,40023,1142,4544,111,5797,2
OK,Coal,40029,414,1975,74,2463,2
OK,Craig,40035,1200,4628,169,5997,2
OK,Delaware,40041,3286,13409,448,17143,2
OK,Atoka,40005,777,4458,94,5329,2
OK,Haskell,40061,827,4069,72,4968,2
OK,Hughes,40063,958,3694,134,4786,2
OK,Johnston,40069,722,3364,114,4200,2
OK,Latimer,40077,801,3290,107,4198,2
OK,McIntosh,40091,2055,6033,183,8271,2
OK,Marshall,40095,1043,4854,134,6031,2
OK,Mayes,40097,3431,12541,561,16533,2
OK,Muskogee,40101,7777,16382,806,24965,2
OK,Nowata,40105,722,3528,121,4371,2
OK,Okfuskee,40107,942,2958,107,4007,2
OK,Okmulgee,40111,4198,9596,445,14239,2
OK,Ottawa,40115,2746,8135,431,11312,2
OK,Pittsburg,40121,3739,13587,499,17825,2
OK,Pushmataha,40127,720,3885,88,4693,2
OK,Sequoyah,40135,3108,11800,338,15246,2
OK,Bryan,40013,3256,12133,480,15869,2
OK,Cimarron,40025,75,967,0,1042,3
OK,Custer,40039,2085,8554,0,10639,3
OK,Alfalfa,40003,218,2034,0,2252,3
OK,Dewey,40043,185,2169,0,2354,3
OK,Ellis,40045,146,1717,0,1863,3
OK,Garfield,40047,4463,17804,0,22267,3
OK,Grant,40053,248,1957,0,2205,3
OK,Greer,40055,299,1655,0,1954,3
OK,Harmon,40057,159,770,0,929,3
OK,Harper,40059,110,1366,0,1476,3
OK,Jackson,40065,1513,6653,0,8166,3
OK,Kay,40071,3788,13335,0,17123,3
OK,Kingfisher,40073,702,5728,0,6430,3
OK,Kiowa,40075,581,2828,0,3409,3
OK,Beaver,40007,175,1988,0,2163,3
OK,Lincoln,40081,2533,12215,0,14748,3
OK,Logan,40083,5001,16349,0,21350,3
OK,Major,40093,291,3160,0,3451,3
OK,Beckham,40009,1031,6884,0,7915,3
OK,Noble,40103,864,4047,0,4911,3
OK,Osage,40113,5889,14461,0,20350,3
OK,Pawnee,40117,1339,5370,0,6709,3
OK,Payne,40119,9619,19784,0,29403,3
OK,Blaine,40011,625,3253,0,3878,3
OK,Roger Mills,40129,170,1664,0,1834,3
OK,Texas,40139,905,4587,0,5492,3
OK,Washita,40149,526,4229,0,4755,3
OK,Woods,40151,554,3103,0,3657,3
OK,Woodward,40153,926,6821,0,7747,3
OK,Caddo,40015,2460,7346,0,9806,3
OK,Canadian,40017,15244,45737,382,61363,3;4
OK,Carter,40019,4163,14716,523,19402,4
OK,Cleveland,40027,44249,70423,4483,119155,4
OK,Comanche,40031,12392,21756,1304,35452,4
OK,Cotton,40033,366,2129,67,2562,4
OK,Garvin,40049,1701,8881,287,10869,4
OK,Grady,40051,3701,18603,706,23010,4
OK,Jefferson,40067,306,1983,62,2351,4
OK,Love,40085,671,3300,89,4060,4
OK,McClain,40087,3209,15351,614,19174,4
OK,Murray,40099,986,4711,174,5871,4
OK,Oklahoma,40109,144731,147802,1096,293629,4;5
OK,Pontotoc,40123,3595,11180,453,15228,4
OK,Stephens,40137,2868,15595,509,18972,4
OK,Tillman,40141,541,2096,54,2691,4
OK,Pottawatomie,40125,8221,19766,0,27987,5
OK,Seminole,40133,2459,5808,0,8267,5
OR,Sherman,41055,188,950,25,1163,2
OR,Union,41061,3537,10499,389,14425,2
OR,Baker,41001,1769,7687,266,9722,2
OR,Jackson,41029,52584,65897,4070,122551,2
OR,Klamath,41035,8861,25564,1249,35674,2
OR,Crook,41013,3128,11448,390,14966,2
OR,Wheeler,41069,173,738,19,930,2
OR,Clackamas,41005,130094,110916,7210,248220,3;5
OR,Multnomah,41051,354296,82708,14689,451693,1;3;5
OR,Linn,41043,26766,42492,1741,70999,4
OR,Lane,41039,135125,79857,4808,219790,4
OR,Washington,41067,207070,101458,626,309154,1
OR,Curry,41015,6019,8313,329,14661,4
OR,Douglas,41019,20951,41400,1348,63699,4
OR,Clatsop,41007,13544,9739,34,23317,1
OR,Columbia,41009,14855,16403,83,31341,1
OR,Yamhill,41071,27675,28673,96,56444,1
OR,Polk,41053,21968,23877,1391,47236,5
OR,Marion,41047,77014,78699,4960,160673,5
OR,Tillamook,41057,7972,8106,415,16493,5
OR,Wallowa,41063,1336,3576,128,5040,2
OR,Hood River,41027,7737,4445,397,12579,2
OR,Malheur,41045,2466,8910,321,11697,2
OR,Umatilla,41059,8887,21668,1231,31786,2
OR,Lake,41037,619,3539,99,4257,2
OR,Jefferson,41031,3724,7428,409,11561,2
OR,Wasco,41065,5663,7426,478,13567,2
OR,Deschutes,41017,55654,61790,3615,121059,2
OR,Josephine,41033,16621,31462,1729,49812,2;4
OR,Gilliam,41021,246,884,24,1154,2
OR,Morrow,41049,1171,3628,188,4987,2
OR,Grant,41023,709,3688,126,4523,2
OR,Harney,41025,636,3668,112,4416,2
OR,Benton,41003,34620,16208,1307,52135,4;5
OR,Coos,41011,14745,20933,844,36522,4
OR,Lincoln,41041,16916,12109,918,29943,5
PA,Bucks,42017,167513,225231,0,392744,1
PA,Montgomery,42091,302656,202469,0,505125,1;4;5
PA,Perry,42099,5255,19040,0,24295,12
PA,Tioga,42117,4625,16031,0,20656,12
PA,Philadelphia,42101,572950,121107,0,694057,2;3;5
PA,Berks,42011,93639,108776,0,202415,4;6;9
PA,Delaware,42045,201405,122301,0,323706,5
PA,Chester,42029,175681,136936,0,312617,5;6
PA,Lehigh,42077,96835,85219,0,182054,7
PA,Northampton,42095,83100,83622,0,166722,7
PA,Monroe,42089,44122,37079,0,81201,7;8
PA,Luzerne,42079,66473,74257,0,140730,8;9
PA,Lackawanna,42069,66974,46999,0,113973,8
PA,Pike,42103,13317,18821,0,32138,8
PA,Wayne,42127,9879,17884,0,27763,8
PA,Carbon,42025,10768,22227,0,32995,9
PA,Schuylkill,42107,20960,48579,0,69539,9
PA,Lebanon,42075,22606,47810,0,70416,9
PA,Montour,42093,3378,6283,0,9661,9
PA,Columbia,42037,9861,20893,0,30754,9
PA,Northumberland,42097,11705,30043,0,41748,9;12
PA,Dauphin,42043,75460,69065,0,144525,10
PA,York,42133,86525,149387,0,235912,10;11
PA,Cumberland,42041,58926,81308,0,140234,10;13
PA,Lancaster,42071,109807,167477,0,277284,11
PA,Wyoming,42131,4272,10287,0,14559,12
PA,Lycoming,42081,15624,42892,0,58516,12
PA,Union,42119,6699,13214,0,19913,12
PA,Sullivan,42113,891,2635,0,3526,12
PA,Bradford,42015,7279,22220,0,29499,12
PA,Potter,42105,1649,7295,0,8944,12
PA,Clinton,42035,5296,12045,0,17341,12
PA,Snyder,42109,4134,14857,0,18991,12
PA,Juniata,42067,2104,9765,0,11869,12
PA,Mifflin,42087,4313,16826,0,21139,12
PA,Susquehanna,42115,5849,15612,0,21461,12
PA,Centre,42027,36988,39585,0,76573,12;15
PA,Fulton,42057,1055,6783,0,7838,13
PA,Blair,42013,16243,46944,0,63187,13
PA,Huntingdon,42061,5226,17154,0,22380,13
PA,Somerset,42111,8843,31430,0,40273,13
PA,Franklin,42055,21253,58229,0,79482,13
PA,Adams,42001,17392,38377,0,55769,13
PA,Bedford,42009,4234,23102,0,27336,13
PA,Cambria,42021,22314,47467,0,69781,13;15
PA,Westmoreland,42129,69799,132327,0,202126,13;14
PA,Fayette,42051,20712,39722,0,60434,14
PA,Greene,42059,5246,11925,0,17171,14
PA,Washington,42125,43182,73826,0,117008,14
PA,Clarion,42031,4251,15061,0,19312,15
PA,Venango,42121,6974,19255,0,26229,15
PA,Warren,42123,5650,14625,0,20275,15
PA,Cameron,42023,556,1861,0,2417,15
PA,McKean,42083,4541,14695,0,19236,15
PA,Elk,42047,4155,12595,0,16750,15
PA,Clearfield,42033,8959,30028,0,38987,15
PA,Armstrong,42005,8629,26934,0,35563,15
PA,Indiana,42063,12446,28053,0,40499,15
PA,Forest,42053,684,1934,0,2618,15
PA,Jefferson,42065,4118,18492,0,22610,15
PA,Butler,42019,35629,76266,0,111895,15;16;17
PA,Lawrence,42073,16484,28977,0,45461,16
PA,Erie,42049,68424,65582,0,134006,16
PA,Mercer,42085,20804,36600,0,57404,16
PA,Crawford,42039,12797,25385,0,38182,16
PA,Allegheny,42003,443558,268889,0,712447,17;18
PA,Beaver,42007,39498,54486,0,93984,17
RI,Bristol,44001,18038,4587,3624,26249,1
RI,Providence,44007,170413,64251,21201,255865,1;2
RI,Newport,44005,29281,7229,5296,41806,1
RI,Kent,44003,50218,39696,152,90066,2
RI,Washington,44009,43528,29524,136,73188,2
SC,Dorchester,45035,36424,40427,233,77084,1;6
SC,Charleston,45019,127619,90365,713,218697,1;6
SC,Beaufort,45013,45179,52392,124,97695,1;6
SC,Berkeley,45015,48262,55706,276,104244,1;6
SC,Colleton,45029,8877,10117,254,19248,1;6
SC,Aiken,45003,31367,52331,1339,85037,2
SC,Lexington,45063,48515,92872,2892,144279,2
SC,Barnwell,45011,4807,5386,118,10311,2
SC,Richland,45079,131110,59573,2749,193432,2;5;6
SC,Orangeburg,45075,27810,13105,297,41212,2;6
SC,Abbeville,45001,3938,8437,12,12387,3
SC,Pickens,45077,12416,44754,72,57242,3
SC,Greenwood,45047,11410,20416,30,31856,3
SC,Anderson,45007,25106,70455,73,95634,3
SC,Laurens,45059,9702,20692,34,30428,3
SC,Greenville,45045,96432,156913,3277,256622,3;4
SC,Newberry,45071,6618,11891,5,18514,3;5
SC,McCormick,45065,2607,3092,2,5701,3
SC,Oconee,45073,9426,30983,50,40459,3
SC,Edgefield,45037,4859,8428,4,13291,3
SC,Saluda,45081,2843,6376,5,9224,3
SC,Spartanburg,45083,50963,94598,2155,147716,4;5
SC,Union,45087,4963,8191,16,13170,5
SC,York,45091,56305,87044,111,143460,5
SC,Kershaw,45055,12207,21212,24,33443,5
SC,Cherokee,45021,6914,18232,18,25164,5
SC,Lancaster,45057,18161,31493,22,49676,5
SC,Lee,45061,5359,3056,11,8426,5
SC,Chester,45023,6898,8798,7,15703,5
SC,Sumter,45085,27176,21570,105,48851,5;6
SC,Fairfield,45039,7315,4770,12,12097,5
SC,Clarendon,45027,8465,8110,122,16697,6
SC,Allendale,45005,2778,812,26,3616,6
SC,Calhoun,45017,4016,4177,84,8277,6
SC,Hampton,45049,5513,3676,77,9266,6
SC,Williamsburg,45089,10544,5330,117,15991,6
SC,Bamberg,45009,4159,2274,47,6480,6
SC,Jasper,45053,7123,7059,152,14334,6
SC,Florence,45041,30150,34310,89,64549,6;7
SC,Marlboro,45069,6232,5213,4,11449,7
SC,Horry,45051,54244,124568,133,178945,7
SC,Georgetown,45043,14812,21740,19,36571,7
SC,Chesterfield,45025,7371,11456,10,18837,7
SC,Darlington,45031,14850,17502,27,32379,7
SC,Dillon,45033,6337,6710,7,13054,7
SC,Marion,45067,8617,6072,5,14694,7
SD,Todd,46121,1247,961,0,2208,1
SD,Day,46037,485,2336,0,2821,1
SD,Union,46127,1345,6862,0,8207,1
SD,Clay,46027,1378,3750,0,5128,1
SD,McCook,46087,369,2479,0,2848,1
SD,Custer,46033,902,4336,0,5238,1
SD,Jones,46075,65,528,0,593,1
SD,Lincoln,46083,5290,25298,0,30588,1
SD,Brookings,46011,2791,10741,0,13532,1
SD,Yankton,46135,1887,8404,0,10291,1
SD,Sully,46119,92,807,0,899,1
SD,Douglas,46043,106,1568,0,1674,1
SD,Potter,46107,102,1255,0,1357,1
SD,Kingsbury,46077,361,2314,0,2675,1
SD,Hughes,46065,1276,7148,0,8424,1
SD,Lawrence,46081,2521,10481,0,13002,1
SD,Brown,46013,2841,13706,0,16547,1
SD,Meade,46093,2178,10983,0,13161,1
SD,Bennett,46007,288,807,0,1095,1
SD,Oglala Lakota,46102,1865,855,0,2720,1
SD,Fall River,46047,735,3142,0,3877,1
SD,Corson,46031,365,755,0,1120,1
SD,Lake,46079,834,4717,0,5551,1
SD,Tripp,46123,267,2360,0,2627,1
SD,Codington,46029,1881,10685,0,12566,1
SD,Hyde,46069,68,628,0,696,1
SD,Beadle,46005,936,5857,0,6793,1
SD,Pennington,46103,11679,41982,0,53661,1
SD,Haakon,46055,59,1061,0,1120,1
SD,Lyman,46085,312,1228,0,1540,1
SD,Walworth,46129,267,2222,0,2489,1
SD,Hand,46059,159,1647,0,1806,1
SD,Harding,46063,48,747,0,795,1
SD,Deuel,46039,294,2005,0,2299,1
SD,Roberts,46109,934,3100,0,4034,1
SD,Clark,46025,222,1571,0,1793,1
SD,Spink,46115,400,2645,0,3045,1
SD,Perkins,46105,176,1427,0,1603,1
SD,Hutchinson,46067,351,3301,0,3652,1
SD,Turner,46125,541,3885,0,4426,1
SD,Charles Mix,46023,703,2921,0,3624,1
SD,Stanley,46117,180,1399,0,1579,1
SD,Brule,46015,338,2073,0,2411,1
SD,Davison,46035,1069,7101,0,8170,1
SD,Minnehaha,46099,19600,65473,0,85073,1
SD,Hamlin,46057,359,2644,0,3003,1
SD,Dewey,46041,693,1065,0,1758,1
SD,Butte,46019,672,3977,0,4649,1
SD,Jackson,46071,253,809,0,1062,1
SD,Campbell,46021,64,790,0,854,1
SD,Buffalo,46017,196,306,0,502,1
SD,Faulk,46049,90,1065,0,1155,1
SD,McPherson,46089,114,1181,0,1295,1
SD,Aurora,46003,144,1224,0,1368,1
SD,Sanborn,46111,129,1016,0,1145,1
SD,Miner,46097,133,964,0,1097,1
SD,Edmunds,46045,184,1741,0,1925,1
SD,Jerauld,46073,115,847,0,962,1
SD,Bon Homme,46009,389,2519,0,2908,1
SD,Gregory,46053,179,2009,0,2188,1
SD,Hanson,46061,275,1938,0,2213,1
SD,Moody,46101,631,2425,0,3056,1
SD,Ziebach,46137,297,531,0,828,1
SD,Grant,46051,462,3164,0,3626,1
SD,Mellette,46095,198,548,0,746,1
SD,Marshall,46091,364,1670,0,2034,1
TN,Washington,47179,18342,37924,1681,57947,1
TN,Hamblen,47063,5110,17424,568,23102,1
TN,Hawkins,47073,4088,18602,707,23397,1
TN,Greene,47059,5214,21364,687,27265,1
TN,Sevier,47155,8040,32869,1155,42064,1
TN,Sullivan,47163,17381,53266,2022,72669,1
TN,Johnson,47091,1214,5869,207,7290,1
TN,Hancock,47067,330,2043,48,2421,1
TN,Jefferson,47089,4046,18257,349,22652,1;2
TN,Cocke,47029,2205,10822,461,13488,1
TN,Carter,47019,4483,18130,722,23335,1
TN,Unicoi,47171,1527,6196,246,7969,1
TN,Knox,47093,81254,133176,2645,217075,2
TN,Grainger,47057,1247,8362,112,9721,2
TN,Claiborne,47025,1928,10301,178,12407,2
TN,Campbell,47013,2103,11430,297,13830,2;3
TN,Blount,47009,15681,48659,986,65326,2
TN,Loudon,47105,5890,22435,426,28751,2
TN,Hamilton,47065,67101,93475,3506,164082,3
TN,Monroe,47123,3375,16138,462,19975,3
TN,Morgan,47129,1054,6567,166,7787,3
TN,Scott,47151,807,6979,148,7934,3
TN,Union,47173,1060,6150,152,7362,3
TN,Bradley,47011,9971,33123,241,43335,3;4
TN,Anderson,47001,10461,23069,750,34280,3
TN,McMinn,47107,3739,17726,575,22040,3
TN,Roane,47145,5202,18902,627,24731,3
TN,Polk,47139,1391,6482,148,8021,3
TN,Marshall,47117,3803,9872,0,13675,4
TN,Meigs,47121,1125,3889,0,5014,4
TN,Sequatchie,47153,1389,5389,0,6778,4
TN,Moore,47127,639,2789,0,3428,4
TN,Rutherford,47149,60094,76543,0,136637,4
TN,Franklin,47051,4995,13127,0,18122,4
TN,Lincoln,47103,2982,12084,0,15066,4
TN,Warren,47177,4292,10400,0,14692,4
TN,Bledsoe,47007,1126,4319,0,5445,4
TN,Rhea,47143,2620,10089,0,12709,4
TN,Bedford,47003,4507,13258,0,17765,4
TN,Grundy,47061,943,4375,0,5318,4
TN,Maury,47119,14328,30825,299,45452,4;7
TN,Van Buren,47175,576,2091,5,2672,4;6
TN,Marion,47115,3394,9437,0,12831,4
TN,Davidson,47037,232098,0,14,232112,5
TN,Dickson,47043,12751,0,0,12751,5
TN,Cheatham,47021,8413,3998,118,12529,5;6
TN,Smith,47159,1450,6582,166,8198,6
TN,Trousdale,47169,777,2601,72,3450,6
TN,Robertson,47147,7430,22654,773,30857,6
TN,Coffee,47031,5246,17317,528,23091,6
TN,Cumberland,47035,5862,23060,541,29463,6
TN,Clay,47027,585,2415,60,3060,6
TN,Overton,47133,1599,6806,179,8584,6
TN,Jackson,47087,986,3691,89,4766,6
TN,Wilson,47189,19769,49892,1749,71410,6
TN,DeKalb,47041,1586,5806,160,7552,6
TN,White,47185,2087,9232,248,11567,6
TN,Sumner,47165,23725,59982,2114,85821,6
TN,Cannon,47015,1111,4702,138,5951,6
TN,Putnam,47141,7943,22513,870,31326,6
TN,Fentress,47049,998,6653,135,7786,6
TN,Macon,47111,1084,7252,152,8488,6
TN,Pickett,47137,469,2183,57,2709,6
TN,Lawrence,47099,2574,13743,426,16743,7
TN,Benton,47005,1269,5389,181,6839,7;8
TN,Lewis,47101,974,4155,111,5240,7
TN,Williamson,47187,42286,91920,2660,136866,7
TN,Henderson,47077,1746,9457,229,11432,7
TN,Perry,47135,504,2460,56,3020,7
TN,Decatur,47039,784,3995,93,4872,7
TN,Stewart,47161,974,4856,119,5949,7
TN,Humphreys,47085,1715,5856,209,7780,7
TN,Hickman,47081,1888,7193,248,9329,7
TN,Wayne,47181,634,4939,98,5671,7
TN,Chester,47023,1241,5908,124,7273,7
TN,Montgomery,47125,26117,42844,3752,72713,7
TN,Giles,47055,2652,9055,300,12007,7
TN,McNairy,47109,1700,8794,195,10689,7
TN,Houston,47083,748,2698,73,3519,7
TN,Hardeman,47069,3386,5302,256,8944,7
TN,Hardin,47071,1532,9122,183,10837,7
TN,Crockett,47033,1067,4402,116,5585,8
TN,Lake,47095,458,1399,47,1904,8
TN,Haywood,47075,3590,3349,138,7077,8
TN,Madison,47113,16501,24197,757,41455,8
TN,Gibson,47053,4823,16030,397,21250,8
TN,Tipton,47167,5770,19605,506,25881,8
TN,Henry,47079,2892,10170,1125,14187,8
TN,Obion,47131,2206,10362,276,12844,8
TN,Weakley,47183,2672,10289,253,13214,8
TN,Dyer,47045,2694,11135,259,14088,8
TN,Shelby,47157,232694,135217,8201,376112,8;9
TN,Carroll,47017,2196,8888,267,11351,8
TN,Fayette,47047,5766,15502,357,21625,8
TN,Lauderdale,47097,2458,5458,201,8117,8
TX,Travis,48453,404909,170146,18055,593110,10;17;21;25;35
TX,Dallas,48113,564703,315093,33665,913461,5;24;26;30;32;33
TX,Denton,48121,164373,234625,9505,408503,24;26
TX,Angelina,48005,9126,25259,0,34385,1
TX,Gregg,48183,14764,32692,0,47456,1
TX,Harrison,48203,7753,21567,0,29320,1
TX,Bowie,48037,10202,26357,1178,37737,4
TX,Nacogdoches,48347,8729,17329,0,26058,1
TX,Panola,48365,2021,9211,0,11232,1
TX,Rusk,48401,4669,16591,0,21260,1
TX,Sabine,48403,681,4701,0,5382,1
TX,San Augustine,48405,949,2942,0,3891,1
TX,Shelby,48419,1991,7942,0,9933,1
TX,Smith,48423,29949,70001,0,99950,1
TX,Upshur,48459,2780,15458,204,18442,1;4
TX,Wood,48499,3343,18794,217,22354,1;5
TX,Harris,48201,863624,713149,36380,1613153,2;7;8;9;10;18;22;29;36
TX,Cass,48067,2623,10575,332,13530,4
TX,Collin,48085,197765,267532,9912,475209,3;4;32
TX,Camp,48063,1315,3575,69,4959,4
TX,Delta,48119,366,2065,39,2470,4
TX,Fannin,48147,2398,11825,301,14524,4
TX,Franklin,48159,723,4049,103,4875,4
TX,Grayson,48181,13031,44475,1103,58609,4
TX,Hopkins,48223,2768,12323,289,15380,4
TX,Hunt,48231,7994,28593,781,37368,4
TX,Lamar,48277,4149,16020,653,20822,4
TX,Marion,48315,1251,3408,80,4739,4
TX,Morris,48343,1619,3711,70,5400,4
TX,Rains,48379,777,5035,79,5891,4
TX,Red River,48387,1151,4333,165,5649,4
TX,Rockwall,48397,14606,37324,1460,53390,4
TX,Titus,48449,2691,7210,353,10254,4
TX,Anderson,48001,3915,14881,264,19060,5
TX,Cherokee,48073,3972,14915,299,19186,5
TX,Henderson,48213,6305,29026,619,35950,5
TX,Kaufman,48257,16854,38131,1215,56200,5
TX,Van Zandt,48467,3232,22039,340,25611,5
TX,Ellis,48139,24595,56889,2653,84137,6
TX,Navarro,48349,4629,13807,466,18902,6
TX,Tarrant,48439,367367,427754,28701,823822,6;12;24;25;26;33
TX,Grimes,48185,2638,9356,204,12198,8
TX,Houston,48225,2177,7066,110,9353,8
TX,Leon,48289,974,7454,112,8540,8;17
TX,Madison,48313,1024,4151,67,5242,8
TX,Montgomery,48339,65242,196032,5593,266867,8
TX,San Jacinto,48407,2131,10000,229,12360,8
TX,Trinity,48455,1184,5543,80,6807,8
TX,Walker,48471,7357,15694,486,23537,8
TX,Fort Bend,48157,174655,158915,10818,344388,9;22
TX,Austin,48015,2608,11629,245,14482,10
TX,Bastrop,48021,14610,20627,980,36217,10;17;27
TX,Colorado,48089,2299,7423,120,9842,10
TX,Fayette,48149,2450,10186,135,12771,10
TX,Hays,48209,55782,47719,3999,107500,21;25;35
TX,Lee,48287,1619,6254,129,8002,10;17
TX,Waller,48473,7598,14269,423,22290,10
TX,Washington,48477,3827,13173,231,17231,10
TX,Andrews,48003,798,4887,109,5794,11
TX,Brown,48049,1911,13470,251,15632,11
TX,Callahan,48059,653,5840,120,6613,11
TX,Coke,48081,158,1534,46,1738,11
TX,Coleman,48083,400,3611,43,4054,11
TX,Kerr,48265,6097,20693,621,27411,21
TX,Comanche,48093,805,5006,100,5911,11
TX,Concho,48095,172,1052,22,1246,11
TX,Dawson,48115,821,2683,49,3553,11
TX,Eastland,48133,899,6979,142,8020,11
TX,Ector,48135,10501,31848,981,43330,11
TX,Erath,48143,2640,13413,369,16422,11;25
TX,Glasscock,48173,32,612,5,649,11
TX,Hood,48221,5114,26141,564,31819,11
TX,Irion,48235,109,761,13,883,11
TX,Kimble,48267,231,1963,40,2234,11
TX,Llano,48299,2208,9986,194,12388,11
TX,McCulloch,48307,444,2839,88,3371,11
TX,Martin,48317,266,1811,32,2109,11
TX,Mason,48319,419,1980,29,2428,11
TX,Menard,48327,186,800,17,1003,11
TX,Midland,48329,11141,45847,1250,58238,11
TX,Mills,48333,240,2189,35,2464,11
TX,Mitchell,48335,354,2132,40,2526,11
TX,Palo Pinto,48363,2008,9995,211,12214,11
TX,Runnels,48399,494,3742,75,4311,11
TX,San Saba,48411,259,2258,25,2542,11
TX,Stephens,48429,342,3342,40,3724,11;19
TX,Sterling,48431,47,570,6,623,11
TX,Tom Green,48451,11115,32382,1063,44560,11
TX,Parker,48367,10519,61985,2671,75175,12
TX,Wise,48497,4277,26519,771,31567,12;13
TX,Archer,48009,404,4229,71,4704,13
TX,Armstrong,48011,69,1025,16,1110,13
TX,Baylor,48023,167,1480,40,1687,13
TX,Briscoe,48045,77,637,10,724,13
TX,Carson,48065,306,2731,70,3107,13
TX,Childress,48075,272,1957,32,2261,13
TX,Clay,48077,592,4977,110,5679,13
TX,Collingsworth,48087,135,1035,14,1184,13
TX,Cooke,48097,2818,15418,459,18695,13
TX,Cottle,48101,112,543,6,661,13
TX,Dallam,48111,200,1371,26,1597,13
TX,Deaf Smith,48117,1267,3206,65,4538,13
TX,Dickens,48125,123,828,9,960,13
TX,Donley,48129,178,1419,29,1626,13
TX,Floyd,48153,379,1580,28,1987,13;19
TX,Foard,48155,95,415,4,514,13
TX,Gray,48179,787,6741,156,7684,13
TX,Hall,48191,157,961,17,1135,13
TX,Hansford,48195,169,1813,29,2011,13
TX,Hardeman,48197,203,1338,17,1558,13
TX,Hartley,48205,174,1856,41,2071,13
TX,Hemphill,48211,182,1472,40,1694,13
TX,Hutchinson,48233,907,7595,208,8710,13
TX,Jack,48237,297,3313,54,3664,13
TX,King,48269,4,145,2,151,13
TX,Knox,48275,251,1145,17,1413,13
TX,Lipscomb,48295,120,1177,24,1321,13
TX,Montague,48337,979,8588,164,9731,13
TX,Moore,48341,1080,4275,100,5455,13
TX,Motley,48345,42,592,6,640,13
TX,Ochiltree,48357,278,2793,45,3116,13
TX,Oldham,48359,81,898,13,992,13
TX,Potter,48375,9558,22451,809,32818,13
TX,Randall,48381,12184,50515,1450,64149,13
TX,Roberts,48393,19,521,6,546,13
TX,Sherman,48421,95,866,20,981,13
TX,Swisher,48437,483,1791,41,2315,13
TX,Wheeler,48483,163,2097,27,2287,13
TX,Wichita,48485,11994,31812,1186,44992,13
TX,Wilbarger,48487,894,3423,69,4386,13
TX,Brazoria,48039,57662,89577,4477,151716,14;22
TX,Chambers,48071,3456,17305,461,21222,14;36
TX,Galveston,48167,55672,97136,0,152808,14
TX,Jefferson,48245,44202,48160,0,92362,14
TX,Brooks,48047,1553,784,26,2363,15
TX,Duval,48131,2815,1642,76,4533,15
TX,Guadalupe,48187,25905,48128,2022,76055,15;35
TX,Hidalgo,48215,127528,78686,4296,210510,15;28;34
TX,Jim Hogg,48247,1398,483,10,1891,15
TX,Karnes,48255,1322,3655,61,5038,15
TX,Live Oak,48297,778,4105,53,4936,15
TX,Wilson,48493,6942,17258,374,24574,15;28
TX,El Paso,48141,170884,90295,1031,262210,16;23
TX,Brazos,48041,31778,47336,3256,82370,17
TX,Burleson,48051,1704,6585,151,8440,17
TX,Falls,48145,1771,4149,99,6019,17
TX,Freestone,48161,1509,6899,147,8555,17
TX,Limestone,48293,2084,6782,141,9007,17
TX,McLennan,48309,33093,59653,2682,95428,17
TX,Milam,48331,2320,7799,195,10314,17
TX,Robertson,48395,2241,5584,142,7967,17
TX,Bailey,48017,333,1450,43,1826,19
TX,Borden,48033,18,390,3,411,19
TX,Castro,48069,399,1588,25,2012,19
TX,Cochran,48079,163,808,17,988,19
TX,Crosby,48107,435,1422,31,1888,19
TX,Fisher,48151,326,1451,29,1806,19
TX,Gaines,48165,498,5148,96,5742,19
TX,Garza,48169,199,1395,19,1613,19
TX,Hale,48189,1898,7306,183,9387,19
TX,Haskell,48207,324,1853,23,2200,19
TX,Hockley,48219,1264,6623,135,8022,19
TX,Howard,48227,1866,7838,208,9912,19
TX,Jones,48253,866,5650,101,6617,19
TX,Kent,48263,47,395,4,446,19
TX,Lamb,48279,735,3580,70,4385,19
TX,Lubbock,48303,33956,80707,3360,118023,19
TX,Lynn,48305,364,1906,0,2270,19
TX,Nolan,48353,1027,4185,74,5286,19
TX,Parmer,48369,433,2140,45,2618,19
TX,Scurry,48415,731,4957,116,5804,19
TX,Shackelford,48417,104,1492,11,1607,19
TX,Stonewall,48433,111,588,2,701,19
TX,Taylor,48441,12217,40512,1383,54112,19
TX,Terry,48445,621,2844,65,3530,19
TX,Throckmorton,48447,67,793,8,868,19
TX,Yoakum,48501,364,2180,50,2594,19
TX,Young,48503,888,7048,141,8077,19
TX,Bexar,48029,426750,301884,21267,749901,20;21;23;28;35
TX,Bandera,48019,2338,9861,324,12523,21
TX,Blanco,48031,1829,5367,175,7371,21
TX,Comal,48091,22947,62282,2424,87653,21;35
TX,Gillespie,48171,3033,12340,314,15687,21
TX,Kendall,48259,5538,20302,504,26344,21
TX,Real,48385,286,1626,37,1949,21
TX,Brewster,48043,2249,2382,138,4769,23
TX,Crane,48103,259,1191,31,1481,23
TX,Crockett,48105,340,1139,24,1503,23
TX,Culberson,48109,429,350,24,803,23
TX,Dimmit,48127,2242,1248,78,3568,23
TX,Edwards,48137,154,833,12,999,23
TX,Frio,48163,2483,2470,131,5084,23
TX,Hudspeth,48229,410,652,36,1098,23
TX,Jeff Davis,48243,489,769,25,1283,23
TX,Kinney,48271,420,1088,41,1549,23
TX,La Salle,48283,1149,1051,54,2254,23;28
TX,Loving,48301,6,53,3,62,23
TX,Maverick,48323,8552,5769,349,14670,23
TX,Medina,48325,6131,15636,466,22233,23
TX,Pecos,48371,1542,2936,143,4621,23
TX,Presidio,48377,1467,619,62,2148,23
TX,Reagan,48383,173,878,24,1075,23
TX,Reeves,48389,1502,1841,128,3471,23
TX,Schleicher,48413,200,916,13,1129,23
TX,Sutton,48435,303,1221,19,1543,23
TX,Terrell,48443,126,323,5,454,23
TX,Upton,48461,192,1113,31,1336,23
TX,Uvalde,48463,3910,6037,228,10175,23
TX,Val Verde,48465,6693,7956,371,15020,23
TX,Ward,48475,837,3037,89,3963,23
TX,Winkler,48495,388,1624,50,2062,23
TX,Zavala,48507,2847,1214,106,4167,23
TX,Bell,48027,53040,70424,2734,126198,25;31
TX,Bosque,48035,1477,7411,130,9018,25
TX,Burnet,48053,5183,18576,490,24249,25
TX,Coryell,48099,7055,15401,638,23094,25
TX,Hamilton,48193,576,3578,69,4223,25
TX,Hill,48217,2681,11833,195,14709,25
TX,Johnson,48251,15316,54339,1203,70858,25
TX,Lampasas,48281,1979,8109,210,10298,25
TX,Somervell,48425,721,4121,75,4917,25
TX,Aransas,48007,2460,9358,221,12039,27
TX,Caldwell,48055,6708,7725,416,14849,27;35
TX,Calhoun,48057,1955,5647,92,7694,27
TX,Gonzales,48177,1747,5610,118,7475,27;34
TX,Jackson,48239,922,5276,87,6285,27
TX,Lavaca,48285,1118,8783,94,9995,27
TX,Matagorda,48321,3438,9677,261,13376,27
TX,Nueces,48355,56104,65375,2892,124371,27
TX,Refugio,48391,988,2134,51,3173,27
TX,Polk,48373,4472,18599,399,23470,36
TX,San Patricio,48409,8449,16157,597,25203,27;34
TX,Victoria,48469,9118,24012,485,33615,27
TX,Wharton,48481,4353,11989,233,16575,27
TX,Atascosa,48013,7587,10082,257,17926,28
TX,McMullen,48311,107,392,0,499,28
TX,Starr,48427,11804,3912,233,15949,28
TX,Webb,48479,47457,17541,2649,67647,28
TX,Zapata,48505,2352,1221,61,3634,28
TX,Williamson,48491,129934,144606,6474,281014,31
TX,Bee,48025,3258,5462,259,8979,34
TX,Cameron,48061,68852,39961,3042,111855,34
TX,DeWitt,48123,1335,6300,146,7781,34
TX,Goliad,48175,850,2938,87,3875,34
TX,Jim Wells,48249,6301,6684,295,13280,34
TX,Kenedy,48261,89,75,4,168,34
TX,Kleberg,48273,5329,5164,262,10755,34
TX,Willacy,48489,3361,1775,137,5273,34
TX,Hardin,48199,3031,23954,438,27423,36
TX,Jasper,48241,2749,12537,180,15466,36
TX,Liberty,48291,5228,23128,568,28924,36
TX,Newton,48351,1116,4841,60,6017,36
TX,Orange,48361,5683,29291,607,35581,36
TX,Tyler,48457,1130,8336,142,9608,36
UT,Weber,49057,37504,69061,0,106565,1
UT,Rich,49033,204,1078,1,1283,1
UT,Morgan,49029,965,5290,30,6285,1
UT,Duchesne,49013,817,7065,21,7903,1
UT,Cache,49005,16031,38148,113,54292,1
UT,Uintah,49047,1604,12666,0,14270,1
UT,Box Elder,49003,4653,20794,0,25447,1
UT,Summit,49043,13546,10893,0,24439,1
UT,Daggett,49009,98,473,0,571,1
UT,Davis,49011,48511,114604,2819,165934,1;2
UT,Salt Lake,49035,278673,224057,24993,527723,2;3;4
UT,Millard,49027,493,5202,199,5894,2
UT,Kane,49025,968,2857,119,3944,2
UT,Sevier,49041,892,8752,278,9922,2
UT,Garfield,49017,486,2013,58,2557,2
UT,Washington,49053,17505,62649,4273,84427,2
UT,Sanpete,49039,1853,9632,580,12065,2;4
UT,Beaver,49001,334,2433,70,2837,2
UT,Iron,49021,4165,18241,1129,23535,2
UT,Wayne,49055,341,1170,39,1550,2
UT,Juab,49023,868,4526,273,5667,2;4
UT,Piute,49031,60,750,17,827,2
UT,Tooele,49045,7665,21243,1546,30454,2
UT,Utah,49049,55397,201843,15419,272659,3;4
UT,Wasatch,49051,4812,11361,593,16766,3
UT,Emery,49015,478,4075,127,4680,3
UT,Carbon,49007,2065,6595,280,8940,3
UT,Grand,49019,2460,2339,129,4928,3
UT,San Juan,49037,2498,3536,353,6387,3
VT,Addison,50001,14974,5449,1054,21477,1
VT,Orleans,50019,7671,5203,717,13591,1
VT,Grand Isle,50013,3031,1540,193,4764,1
VT,Windsor,50027,23108,8355,2041,33504,1
VT,Bennington,50003,11987,5851,1513,19351,1
VT,Windham,50025,18001,5380,1630,25011,1
VT,Franklin,50011,14817,9202,1166,25185,1
VT,Caledonia,50005,9320,5486,858,15664,1
VT,Washington,50023,24734,7793,1873,34400,1
VT,Lamoille,50015,10178,3639,668,14485,1
VT,Rutland,50021,18288,11559,3113,32960,1
VT,Essex,50009,1485,1438,252,3175,1
VT,Chittenden,50007,70660,19805,4066,94531,1
VT,Orange,50017,10579,5132,1018,16729,1
VA,Richmond,51159,1216,2820,4,4040,1
VA,Essex,51057,2704,3385,4,6093,1
VA,Mathews,51115,1555,4209,3,5767,1
VA,Middlesex,51119,2217,4479,6,6702,1
VA,King and Queen,51097,1451,2607,10,4068,1
VA,Westmoreland,51193,3853,5950,7,9810,1
VA,King William,51101,2871,7569,9,10449,1
VA,Lancaster,51103,2884,4191,9,7084,1
VA,Gloucester,51073,5877,16059,24,21960,1
VA,Northumberland,51133,2730,4954,8,7692,1
VA,Caroline,51033,6954,8992,22,15968,1
VA,New Kent,51127,4119,9983,21,14123,1
VA,Fauquier,51061,17054,26018,115,43187,1;5
VA,King George,51099,4557,9539,31,14127,1
VA,Fredericksburg,51630,7689,4830,33,12552,1
VA,Spotsylvania,51177,33511,40859,153,74523,1;7
VA,James City,51095,22637,26035,315,48987,1;2
VA,Hanover,51085,21906,47211,112,69229,1
VA,Stafford,51179,35240,42392,136,77768,1
VA,Prince William,51153,137863,86202,455,224520,1;10;11
VA,Chesapeake,51550,65557,59462,239,125258,3;4
VA,Suffolk,51800,27798,20422,98,48318,3;4
VA,Newport News,51700,52859,25429,223,78511,2;3
VA,Accomack,51001,7707,8793,350,16850,2
VA,Northampton,51131,3780,2763,155,6698,2
VA,Poquoson,51735,2094,5457,243,7794,2
VA,Williamsburg,51830,4712,1968,174,6854,2
VA,Hampton,51650,46090,17574,711,64375,2;3
VA,York,51199,17634,19828,1040,38502,2
VA,Norfolk,51710,64559,23278,1216,89053,2;3
VA,Virginia Beach,51810,116623,102838,5796,225257,2
VA,Franklin,51620,2443,1468,4,3915,3
VA,Isle of Wight,51093,9431,13586,26,23043,3
VA,Portsmouth,51740,30921,12497,110,43528,3
VA,Charles City,51036,2640,1725,2,4367,4
VA,Greensville,51081,2643,1809,4,4456,4
VA,Southampton,51175,3864,5582,0,9446,4
VA,Sussex,51183,2822,2160,7,4989,4
VA,Emporia,51595,1574,728,2,2304,4
VA,Surry,51181,2337,1970,10,4317,4
VA,Colonial Heights,51570,3052,5875,16,8943,4
VA,Dinwiddie,51053,6288,8495,20,14803,4
VA,Petersburg,51730,12172,1641,25,13838,4
VA,Prince George,51149,7080,9781,21,16882,4
VA,Hopewell,51670,5552,3916,27,9495,4
VA,Henrico,51087,116645,62980,341,179966,4;7
VA,Chesterfield,51041,106942,93317,387,200646,4;7
VA,Richmond,51760,89273,19368,176,108817,4
VA,Franklin,51067,9050,20318,56,29424,5
VA,Lunenburg,51111,2436,3392,5,5833,5
VA,Brunswick,51025,4580,3279,5,7864,5
VA,Cumberland,51049,2286,2932,9,5227,5
VA,Halifax,51083,7958,10083,18,18059,5
VA,Henry,51089,3165,18480,638,22283,5;9
VA,Prince Edward,51147,5066,4350,23,9439,5
VA,Charlotte,51037,2457,3669,19,6145,5
VA,Rappahannock,51157,2157,2775,17,4949,5
VA,Appomattox,51011,2695,6389,31,9115,5
VA,Buckingham,51029,3595,4438,17,8050,5
VA,Mecklenburg,51117,6626,9175,21,15822,5
VA,Nelson,51125,4618,4561,40,9219,5
VA,Charlottesville,51540,20941,3084,54,24079,5
VA,Madison,51113,2959,5062,44,8065,5
VA,Fluvanna,51065,7943,7756,43,15742,5
VA,Danville,51590,12086,7085,42,19213,5
VA,Bedford,51019,12160,35944,89,48193,5;6
VA,Pittsylvania,51143,10832,22705,65,33602,5
VA,Greene,51079,4562,6593,61,11216,5
VA,Campbell,51031,9269,20221,109,29599,5
VA,Albemarle,51003,43361,20005,198,63564,5
VA,Bath,51017,530,1886,3,2419,6
VA,Highland,51091,376,1136,2,1514,6
VA,Page,51139,2790,9466,17,12273,6
VA,Lexington,51678,1650,1085,5,2740,6
VA,Rockbridge,51163,3612,8637,13,12262,6
VA,Buena Vista,51530,683,2061,7,2751,6
VA,Waynesboro,51820,4574,5938,16,10528,6
VA,Amherst,51009,5110,11715,15,16840,6
VA,Shenandoah,51171,6188,17180,21,23389,6
VA,Botetourt,51023,4812,15682,21,20515,6
VA,Augusta,51015,9521,32375,33,41929,6
VA,Staunton,51790,6495,6238,19,12752,6
VA,Harrisonburg,51660,9978,6544,31,16553,6
VA,Warren,51187,6319,14479,31,20829,6
VA,Lynchburg,51680,16418,18829,61,35308,6
VA,Rockingham,51165,10986,32318,51,43355,6
VA,Roanoke,51770,24673,17348,61,42082,6
VA,Roanoke,51161,14990,37817,962,53769,6;9
VA,Powhatan,51145,5749,13855,14,19618,7
VA,Nottoway,51135,3119,3843,12,6974,7
VA,Amelia,51007,2542,5272,10,7824,7
VA,Orange,51137,8255,12300,41,20596,7
VA,Louisa,51109,8611,13020,44,21675,7
VA,Culpeper,51047,10714,16039,47,26800,7
VA,Goochland,51075,6837,9874,45,16756,7
VA,Falls Church,51610,6999,1708,20,8727,8
VA,Alexandria,51510,64007,17034,227,81268,8
VA,Arlington,51013,101981,26904,296,129181,8
VA,Fairfax,51059,406702,182261,2106,591069,8;10;11
VA,Galax,51640,0,2057,30,2087,9
VA,Bland,51021,0,2936,55,2991,9
VA,Covington,51580,0,1956,77,2033,9
VA,Craig,51045,0,2765,102,2867,9
VA,Buchanan,51027,0,8255,239,8494,9
VA,Lee,51105,0,8654,245,8899,9
VA,Scott,51169,0,9354,263,9617,9
VA,Alleghany,51005,0,6550,240,6790,9
VA,Grayson,51077,0,6556,203,6759,9
VA,Martinsville,51690,0,3054,221,3275,9
VA,Patrick,51141,0,7663,259,7922,9
VA,Dickenson,51051,0,5802,277,6079,9
VA,Russell,51167,0,11129,409,11538,9
VA,Giles,51071,0,7371,341,7712,9
VA,Carroll,51035,0,12912,439,13351,9
VA,Bristol,51520,0,6062,370,6432,9
VA,Tazewell,51185,0,17059,443,17502,9
VA,Smyth,51173,0,11946,574,12520,9
VA,Wythe,51197,0,12302,534,12836,9
VA,Salem,51775,0,10003,518,10521,9
VA,Wise,51195,0,13623,648,14271,9
VA,Pulaski,51155,0,13869,777,14646,9
VA,Radford,51750,0,4253,815,5068,9
VA,Floyd,51063,0,6979,847,7826,9
VA,Washington,51191,0,23583,1567,25150,9
VA,Montgomery,51121,0,28571,5338,33909,9
VA,Norton,51720,0,1254,95,1349,9
VA,Clarke,51043,3851,5387,9,9247,10
VA,Frederick,51069,16935,30871,52,47858,10
VA,Loudoun,51107,133409,88755,249,222413,10
VA,Manassas Park,51685,3979,2021,5,6005,10
VA,Winchester,51840,6626,5310,18,11954,10
VA,Manassas,51683,10199,6483,14,16696,10
VA,Fairfax,51600,8972,4156,47,13175,11
WA,Whatcom,53073,83133,52399,260,135792,1;2
WA,Snohomish,53061,250311,173875,840,425026,1;2;7
WA,Lewis,53041,13202,31344,55,44601,3
WA,Klickitat,53039,5404,7800,21,13225,3
WA,Cowlitz,53015,22048,37130,151,59329,3
WA,Yakima,53077,35781,58523,150,94454,4
WA,Kitsap,53035,91800,62454,354,154608,6
WA,Pierce,53053,291788,107345,32942,432075,6;8;9;10
WA,Mason,53045,19450,14565,1464,35479,6;10
WA,Skagit,53057,38372,32851,151,71374,1;2
WA,King,53033,869884,298571,1945,1170400,1;7;8;9
WA,San Juan,53055,9600,3226,43,12869,2
WA,Island,53029,29131,23350,92,52573,2
WA,Wahkiakum,53069,1043,1916,1,2960,3
WA,Clark,53011,128050,141035,691,269776,3
WA,Thurston,53067,123932,4682,17800,146414,3;10
WA,Pacific,53049,6275,7476,25,13776,3
WA,Skamania,53059,2985,4196,13,7194,3
WA,Benton,53005,32469,68743,197,101409,4
WA,Okanogan,53047,7707,13074,28,20809,4
WA,Grant,53025,9582,26758,53,36393,4
WA,Adams,53001,1488,4265,8,5761,4
WA,Walla Walla,53071,11618,19040,41,30699,4;5
WA,Ferry,53019,1292,2966,15,4273,5
WA,Franklin,53021,11551,20324,38,31913,4
WA,Douglas,53017,7169,13604,22,20795,4;8
WA,Stevens,53065,6860,21112,70,28042,5
WA,Whitman,53075,9609,11060,25,20694,5
WA,Lincoln,53043,1362,5540,16,6918,5
WA,Columbia,53013,565,1893,7,2465,5
WA,Asotin,53003,3550,8195,23,11768,5
WA,Pend Oreille,53051,2343,6076,17,8436,5
WA,Garfield,53023,275,1190,3,1468,5
WA,Spokane,53063,118812,172838,593,292243,5
WA,Jefferson,53031,17096,7203,75,24374,6
WA,Clallam,53009,25424,22609,38,48071,6
WA,Grays Harbor,53027,18327,18999,65,37391,6
WA,Chelan,53007,19503,23005,68,42576,8
WA,Kittitas,53037,11565,14204,41,25810,8
WV,Monongalia,54061,19240,21611,0,40851,1
WV,Tucker,54093,1013,2700,0,3713,1
WV,Ritchie,54085,697,3395,0,4092,1
WV,Tyler,54095,745,3036,0,3781,1
WV,Gilmer,54021,677,1844,0,2521,1
WV,Mineral,54057,2609,9876,0,12485,1
WV,Grant,54023,662,4403,0,5065,1
WV,Barbour,54001,1569,4917,0,6486,1
WV,Pleasants,54073,799,2536,0,3335,1
WV,Marion,54049,8737,16161,0,24898,1
WV,Hancock,54029,3964,9358,0,13322,1
WV,Preston,54077,3272,10688,0,13960,1
WV,Taylor,54091,1815,5369,0,7184,1
WV,Harrison,54033,8922,20540,0,29462,1
WV,Doddridge,54017,483,2492,0,2975,1
WV,Marshall,54051,3597,10098,0,13695,1
WV,Wetzel,54103,1774,4633,0,6407,1
WV,Wood,54107,11017,26542,0,37559,1
WV,Ohio,54069,6457,13157,0,19614,1
WV,Brooke,54009,3128,7132,0,10260,1
WV,Wirt,54105,593,1928,0,2521,2
WV,Lewis,54041,1978,5272,0,7250,2
WV,Clay,54015,967,2234,0,3201,2
WV,Calhoun,54013,850,1917,0,2767,2
WV,Jackson,54035,3958,9066,0,13024,2
WV,Putnam,54079,9364,18108,0,27472,2
WV,Roane,54087,1830,3737,0,5567,2
WV,Hardy,54031,1477,4684,0,6161,2
WV,Berkeley,54003,16698,33772,0,50470,2
WV,Morgan,54065,2103,6308,0,8411,2
WV,Hampshire,54027,2048,7662,0,9710,2
WV,Kanawha,54039,38015,40844,0,78859,2
WV,Pendleton,54071,914,2574,0,3488,2
WV,Upshur,54097,2595,7240,0,9835,2
WV,Jefferson,54037,11470,15712,0,27182,2
WV,Braxton,54007,1898,3460,0,5358,2
WV,Randolph,54083,4041,7677,0,11718,2
WV,Mason,54053,2910,7745,0,10655,3
WV,Pocahontas,54075,1120,2593,0,3713,3
WV,Mercer,54055,5552,18561,0,24113,3
WV,McDowell,54047,1376,4315,0,5691,3
WV,Greenbrier,54025,4681,10642,0,15323,3
WV,Mingo,54059,1797,7064,0,8861,3
WV,Monroe,54063,1345,4807,0,6152,3
WV,Summers,54089,1522,3685,0,5207,3
WV,Logan,54045,2643,8601,0,11244,3
WV,Raleigh,54081,8446,22909,0,31355,3
WV,Wayne,54099,4526,11007,0,15533,3
WV,Cabell,54011,14525,21744,0,36269,3
WV,Fayette,54019,5346,10574,0,15920,3
WV,Lincoln,54043,2029,5274,0,7303,3
WV,Webster,54101,725,2277,0,3002,3
WV,Wyoming,54109,1474,6383,0,7857,3
WV,Boone,54005,2462,5898,0,8360,3
WV,Nicholas,54067,2448,7506,0,9954,3
WI,Racine,55101,45091,59331,92,104514,1
WI,Walworth,55127,20495,36247,43,56785,1;5
WI,Rock,55105,44475,38141,75,82691,1;2
WI,Dane,55025,253784,83066,314,337164,2
WI,Lafayette,55065,3836,4454,2,8292,2
WI,Sauk,55111,18390,17059,0,35449,2
WI,La Crosse,55063,40504,26698,57,67259,3
WI,Dunn,55033,10667,12616,0,23283,3
WI,Grant,55043,11967,13114,12,25093,3
WI,Chippewa,55017,15083,20309,4,35396,3;7
WI,Crawford,55023,4551,4055,0,8606,3
WI,Portage,55097,21626,18276,31,39933,3
WI,Richland,55103,4299,4550,3,8852,2;3
WI,Jackson,55053,4834,5271,0,10105,3;7
WI,Eau Claire,55035,33210,24260,42,57512,3
WI,Monroe,55081,9480,12840,25,22345,3;7
WI,Pepin,55091,1682,2425,0,4107,3
WI,Milwaukee,55079,302324,137671,8357,448352,1;4;5;6
WI,Waukesha,55133,93875,167546,175,261596,1;4;5
WI,Dodge,55027,16019,31468,0,47487,5;6
WI,Winnebago,55139,42779,49679,72,92530,6;8
WI,Fond du Lac,55039,20191,36176,0,56367,6
WI,Columbia,55021,15837,16971,24,32832,6
WI,St. Croix,55109,22354,33296,45,55695,7
WI,Wood,55141,17261,23247,20,40528,3;7
WI,Lincoln,55069,6129,10123,0,16252,7
WI,Price,55099,3116,5327,0,8443,7
WI,Clark,55019,4672,9968,7,14647,7
WI,Douglas,55031,13266,10962,21,24249,7
WI,Marathon,55073,29770,46096,74,75940,7
WI,Washburn,55129,3846,6385,6,10237,7
WI,Outagamie,55087,41690,64985,0,106675,8
WI,Brown,55009,55344,87044,60,142448,8
WI,Kewaunee,55061,3413,8614,10,12037,8
WI,Oconto,55083,5644,17375,0,23019,8
WI,Shawano,55115,6379,15970,0,22349,8
WI,Kenosha,55059,38337,48524,91,86952,1
WI,Green,55045,11060,9874,12,20946,2
WI,Iowa,55049,8063,5595,6,13664,2
WI,Adams,55001,4639,6910,5,11554,3
WI,Buffalo,55011,3457,4282,4,7743,3
WI,Trempealeau,55121,7154,8086,11,15251,3
WI,Juneau,55057,5103,8360,15,13478,3;7
WI,Vernon,55123,8557,7260,6,15823,3
WI,Pierce,55093,10208,12871,6,23085,3
WI,Jefferson,55055,19282,27605,46,46933,5
WI,Washington,55131,24841,62039,0,86880,5
WI,Waushara,55137,4342,9033,0,13375,6
WI,Green Lake,55047,3218,7313,11,10542,6
WI,Ozaukee,55089,24272,36259,41,60572,6
WI,Manitowoc,55071,16164,27663,24,43851,6
WI,Marquette,55077,3211,5692,4,8907,6
WI,Sheboygan,55117,25993,38901,46,64940,6
WI,Polk,55095,9271,16701,0,25972,7
WI,Langlade,55067,3676,7413,0,11089,7
WI,Bayfield,55007,6107,4589,0,10696,7
WI,Ashland,55003,4795,3746,4,8545,7
WI,Barron,55005,9119,15936,5,25060,7
WI,Forest,55041,1777,3212,2,4991,7
WI,Vilas,55125,5761,9499,4,15264,7
WI,Sawyer,55113,4448,5917,5,10370,7
WI,Iron,55051,1542,2396,2,3940,7
WI,Rusk,55107,2553,5172,2,7727,7
WI,Taylor,55119,2683,7843,1,10527,7
WI,Oneida,55085,9979,13877,23,23879,7
WI,Burnett,55013,3499,6497,0,9996,7
WI,Florence,55037,752,2149,0,2901,7
WI,Calumet,55015,10303,20138,3,30444,8
WI,Waupaca,55135,8459,20252,24,28735,8
WI,Marinette,55075,6275,16514,0,22789,8
WI,Door,55029,8778,11255,7,20040,8
WI,Menominee,55078,1110,411,0,1521,8
WY,Sheridan,56033,3460,11588,978,16026,1
WY,Weston,56045,402,2760,256,3418,1
WY,Big Horn,56003,724,4587,329,5640,1
WY,Fremont,56013,5227,11505,1072,17804,1
WY,Laramie,56021,13863,27641,3088,44592,1
WY,Natrona,56025,7454,24214,2691,34359,1
WY,Teton,56039,8628,5210,515,14353,1
WY,Sublette,56035,837,3729,284,4850,1
WY,Uinta,56041,1521,6781,805,9107,1
WY,Campbell,56005,1713,15732,1509,18954,1
WY,Platte,56031,868,3589,364,4821,1
WY,Lincoln,56023,1429,8324,532,10285,1
WY,Albany,56001,8440,8629,1157,18226,1
WY,Goshen,56015,1037,4722,376,6135,1
WY,Park,56029,2874,12374,1052,16300,1
WY,Carbon,56007,1337,4644,527,6508,1
WY,Johnson,56019,792,3715,296,4803,1
WY,Washakie,56043,599,3063,278,3940,1
WY,Converse,56009,785,5418,563,6766,1
WY,Sweetwater,56037,3680,11097,1370,16147,1
WY,Crook,56011,337,3442,267,4046,1
WY,Hot Springs,56017,424,1915,184,2523,1
WY,Niobrara,56027,145,1053,91,1289,1
IN,Lake,18089,131628,79965,4986,216579,1
IN,Porter,18127,40915,41598,3410,85923,1
IN,LaPorte,18091,22119,24887,1125,48131,1;2
IN,Miami,18103,3229,10902,0,14131,2
IN,Starke,18149,2858,7244,0,10102,2
IN,St. Joseph,18141,58882,55705,0,114587,2
IN,Kosciusko,18085,7618,27583,0,35201,2;3
IN,Fulton,18049,2316,6733,0,9049,2
IN,Wabash,18169,3370,10913,0,14283,2
IN,Pulaski,18131,1424,4317,0,5741,2
IN,Marshall,18099,5679,14019,0,19698,2
IN,Elkhart,18039,25223,49304,0,74527,2
IN,Blackford,18009,1419,3520,267,5206,3;5
IN,DeKalb,18033,4691,14630,0,19321,3
IN,Steuben,18151,4096,11809,0,15905,3
IN,Adams,18001,3045,10954,0,13999,3
IN,LaGrange,18087,2123,8318,0,10441,3
IN,Noble,18113,4382,14461,0,18843,3
IN,Huntington,18069,3964,13586,0,17550,3
IN,Wells,18179,3017,10916,0,13933,3
IN,Jay,18075,1881,6399,0,8280,3
IN,Whitley,18183,4082,13249,0,17331,3
IN,Allen,18003,68118,98427,0,166545,3
IN,Jasper,18073,3733,11406,0,15139,4
IN,Putnam,18133,3771,12594,0,16365,4
IN,Howard,18067,13679,25829,380,39888,4;5
IN,Tippecanoe,18157,33940,36476,0,70416,4
IN,Clinton,18023,3311,9399,0,12710,4
IN,Montgomery,18107,3795,13018,0,16813,4
IN,Morgan,18109,7021,27299,1069,35389,4;9
IN,Newton,18111,1522,4909,0,6431,4
IN,White,18181,2884,8081,0,10965,4
IN,Boone,18011,13849,23511,664,38024,4;5
IN,Warren,18171,966,3426,0,4392,4
IN,Hendricks,18063,30094,56411,0,86505,4
IN,Cass,18017,4684,10236,0,14920,4
IN,Fountain,18045,1676,6164,0,7840,4
IN,Carroll,18015,2255,7179,0,9434,4
IN,Benton,18007,1018,3013,0,4031,4
IN,Madison,18095,19861,28319,3281,51461,5
IN,Marion,18097,243429,141880,3681,388990,5;7
IN,Tipton,18159,1906,5540,512,7958,5
IN,Grant,18053,8011,17210,1532,26753,5
IN,Hamilton,18057,82512,103553,6471,192536,5
IN,Randolph,18135,2332,8102,510,10944,6
IN,Switzerland,18155,934,3043,89,4066,6
IN,Hancock,18059,11709,29028,1824,42561,6
IN,Shelby,18145,4624,14424,721,19769,6
IN,Ohio,18115,710,2334,67,3111,6
IN,Jennings,18079,2540,9162,380,12082,6
IN,Henry,18065,5287,14740,889,20916,6
IN,Union,18161,712,2649,100,3461,6
IN,Rush,18139,1662,5906,261,7829,6
IN,Jefferson,18077,4546,9465,430,14441,6
IN,Delaware,18035,19646,26240,1701,47587,6
IN,Franklin,18047,1988,9352,463,11803,6
IN,Ripley,18137,2660,10997,497,14154,6
IN,Dearborn,18029,5145,19335,751,25231,6
IN,Scott,18143,2606,6961,299,9866,6;9
IN,Wayne,18177,8980,17341,1192,27513,6
IN,Fayette,18041,2138,7652,210,10000,6
IN,Bartholomew,18005,11977,22705,1183,35865,6
IN,Decatur,18031,2279,9518,408,12205,6
IN,Gibson,18051,3464,11963,527,15954,8
IN,Vanderburgh,18163,30306,44315,2302,76923,8
IN,Posey,18129,3262,9482,374,13118,8
IN,Perry,18123,3034,5277,248,8559,8
IN,Greene,18055,2986,11008,506,14500,8
IN,Pike,18125,1285,4596,206,6087,8
IN,Owen,18119,2296,6975,418,9689,8
IN,Daviess,18027,1767,9630,337,11734,8
IN,Spencer,18147,3086,7238,278,10602,8
IN,Knox,18083,3468,11564,525,15557,8
IN,Sullivan,18153,1988,6499,291,8778,8
IN,Crawford,18025,1325,3220,187,4732,8;9
IN,Warrick,18173,10251,22115,892,33258,8
IN,Dubois,18037,5408,14978,727,21113,8
IN,Parke,18121,1357,5293,251,6901,8
IN,Vigo,18167,16429,24906,1453,42788,8
IN,Vermillion,18165,1996,4996,272,7264,8
IN,Martin,18101,866,3887,265,5018,8
IN,Clay,18021,2255,9386,381,12022,8
IN,Harrison,18061,4879,14532,615,20026,9
IN,Lawrence,18093,4415,15293,897,20605,9
IN,Floyd,18043,15680,24216,1464,41360,9
IN,Johnson,18081,21466,51843,3171,76480,9
IN,Washington,18175,2502,9028,465,11995,9
IN,Orange,18117,2089,6253,363,8705,9
IN,Clark,18019,20246,34130,2441,56817,9
IN,Monroe,18105,37455,22484,2442,62381,9
IN,Brown,18013,2831,5643,391,8865,9
IN,Jackson,18071,4038,14149,756,18943,9
LA,Avoyelles,22009,0,4783,0,4783,5
LA,Caldwell,22021,0,1395,0,1395,5
LA,Catahoula,22025,0,1030,0,1030,5
LA,Concordia,22029,0,1666,0,1666,5
LA,East Carroll,22035,0,611,0,611,5
LA,Franklin,22041,0,2462,0,2462,5
LA,Grant,22043,0,2111,0,2111,5
LA,Jackson,22049,0,1742,0,1742,5
LA,LaSalle,22059,0,2253,0,2253,5
LA,Lincoln,22061,0,5871,0,5871,5
LA,Madison,22065,0,1003,0,1003,5
LA,Morehouse,22067,0,2564,0,2564,5
LA,Ouachita,22073,0,14582,0,14582,5
LA,Rapides,22079,0,16279,0,16279,5
LA,Richland,22083,0,4017,0,4017,5
LA,Tensas,22107,0,856,0,856,5
LA,Washington,22117,0,3989,0,3989,5
LA,West Carroll,22123,0,1113,0,1113,5
LA,West Feliciana,22125,0,1484,0,1484,5
LA,Winn,22127,0,1501,0,1501,5
FL,Hendry,12051,0,0,0,0,25
AK,Aleutians East,02013,163,303,0,466,1
AK,Aleutians West,02016,603,677,0,1280,1
AK,Anchorage,02020,72299,70262,0,142561,1
AK,Bethel,02050,2939,2106,0,5045,1
AK,Bristol Bay,02060,197,299,0,496,1
AK,Denali,02068,469,637,0,1106,1
AK,Dillingham,02070,911,926,0,1837,1
AK,Fairbanks North Star,02090,19744,24406,0,44150,1
AK,Haines,02100,1913,883,0,2796,1
AK,Hoonah-Angoon,02105,1345,741,0,2086,1
AK,Juneau,02110,10664,6297,0,16961,1
AK,Kenai Peninsula,02122,11250,20328,0,31578,1
AK,Ketchikan Gateway,02130,2788,3904,0,6692,1
AK,Kodiak Island,02150,2881,3559,0,6440,1
AK,Kusilvak,02158,1145,1002,0,2147,1
AK,Lake and Peninsula,02164,219,220,0,439,1
AK,Matanuska-Susitna,02170,14988,37379,0,52367,1
AK,Nome,02180,1653,1647,0,3300,1
AK,North Slope,02185,1072,1417,0,2489,1
AK,Northwest Arctic,02188,890,1005,0,1895,1
AK,Petersburg,02195,827,862,0,1689,1
AK,Prince of Wales-Hyder,02198,2201,2025,0,4226,1
AK,Sitka,02220,2142,1732,0,3874,1
AK,Skagway,02230,661,240,0,901,1
AK,Southeast Fairbanks,02240,1139,2872,0,4011,1
AK,Valdez-Cordova,02261,1816,2881,0,4697,1
AK,Wrangell,02275,500,791,0,1291,1
AK,Yakutat,02282,251,220,0,471,1
AK,Yukon-Koyukuk,02290,1835,2448,0,4283,1
