state,county_name,county_id,dem_2022,gop_2022,oth_2022,total_2022,districts_2022
SD,Aurora,46003,179,989,0,1168,1
SD,Beadle,46005,870,4712,0,5582,1
SD,Bennett,46007,258,699,0,957,1
SD,Bon Homme,46009,388,2057,0,2445,1
SD,Brookings,46011,2757,8783,0,11540,1
SD,Brown,46013,2684,10425,0,13109,1
SD,Brule,46015,367,1652,0,2019,1
SD,Buffalo,46017,139,211,0,350,1
SD,Butte,46019,1022,3021,0,4043,1
SD,Campbell,46021,64,583,0,647,1
SD,Charles Mix,46023,572,2391,0,2963,1
SD,Clark,46025,213,1320,0,1533,1
SD,Clay,46027,1163,2971,0,4134,1
SD,Codington,46029,1790,8729,0,10519,1
SD,Corson,46031,269,550,0,819,1
SD,Custer,46033,1023,3753,0,4776,1
SD,Davison,46035,1143,5769,0,6912,1
SD,Day,46037,480,1898,0,2378,1
SD,Deuel,46039,279,1643,0,1922,1
SD,Dewey,46041,519,870,0,1389,1
SD,Douglas,46043,146,1279,0,1425,1
SD,Edmunds,46045,200,1440,0,1640,1
SD,Fall River,46047,759,2700,0,3459,1
SD,Faulk,46049,140,779,0,919,1
SD,Grant,46051,468,2587,0,3055,1
SD,Gregory,46053,280,1690,0,1970,1
SD,Haakon,46055,165,791,0,956,1
SD,Hamlin,46057,366,2255,0,2621,1
SD,Hand,46059,197,1259,0,1456,1
SD,Hanson,46061,233,1336,0,1569,1
SD,Harding,46063,143,518,0,661,1
SD,Hughes,46065,1410,5706,0,7116,1
SD,Hutchinson,46067,358,2690,0,3048,1
SD,Hyde,46069,81,479,0,560,1
SD,Jackson,46071,247,598,0,845,1
SD,Jerauld,46073,105,720,0,825,1
SD,Jones,46075,72,391,0,463,1
SD,Kingsbury,46077,390,2055,0,2445,1
SD,Lake,46079,845,3810,0,4655,1
SD,Lawrence,46081,2999,8479,0,11478,1
SD,Lincoln,46083,5360,21002,0,26362,1
SD,Lyman,46085,267,982,0,1249,1
SD,Marshall,46091,391,1378,0,1769,1
SD,McCook,46087,389,2054,0,2443,1
SD,McPherson,46089,123,953,0,1076,1
SD,Meade,46093,3294,8152,0,11446,1
SD,Mellette,46095,159,429,0,588,1
SD,Miner,46097,133,828,0,961,1
SD,Minnehaha,46099,17765,50693,0,68458,1
SD,Moody,46101,574,1976,0,2550,1
SD,Oglala Lakota,46102,1336,647,0,1983,1
SD,Pennington,46103,11080,31305,0,42385,1
SD,Perkins,46105,282,1060,0,1342,1
SD,Potter,46107,136,944,0,1080,1
SD,Roberts,46109,738,2590,0,3328,1
SD,Sanborn,46111,124,845,0,969,1
SD,Spink,46115,410,2166,0,2576,1
SD,Stanley,46117,272,1129,0,1401,1
SD,Sully,46119,129,625,0,754,1
SD,Todd,46121,947,677,0,1624,1
SD,Tripp,46123,325,1865,0,2190,1
SD,Turner,46125,561,3174,0,3735,1
SD,Union,46127,1139,5180,0,6319,1
SD,Walworth,46129,271,1691,0,1962,1
SD,Yankton,46135,1804,6499,0,8303,1
SD,Ziebach,46137,228,389,0,617,1
TN,Anderson,47001,6715,13969,350,21034,3
TN,Bedford,47003,1798,7942,453,10193,4
TN,Benton,47005,736,3229,95,4060,7;8
TN,Bledsoe,47007,442,2836,80,3358,4
TN,Blount,47009,9472,30042,0,39514,2
TN,Bradley,47011,4167,20136,366,24669,3
TN,Campbell,47013,1206,6204,61,7471,2;3
TN,Cannon,47015,654,2985,0,3639,6
TN,Carroll,47017,1206,5707,177,7090,8
TN,Carter,47019,2402,11447,336,14185,1
TN,Cheatham,47021,3105,8342,188,11635,7
TN,Chester,47023,611,3764,71,4446,8
TN,Claiborne,47025,977,5695,0,6672,2
TN,Clay,47027,327,1402,0,1729,6
TN,Cocke,47029,1185,6488,202,7875,1
TN,Coffee,47031,2541,9904,1012,13457,4
TN,Crockett,47033,501,2662,50,3213,8
TN,Cumberland,47035,3676,16903,0,20579,6
TN,Davidson,47037,116435,56963,2180,175578,5;6;7
TN,DeKalb,47041,902,3897,0,4799,6
TN,Decatur,47039,521,2696,55,3272,7
TN,Dickson,47043,3139,9918,279,13336,7
TN,Dyer,47045,1261,6784,147,8192,8
TN,Fayette,47047,3149,10693,203,14045,8
TN,Fentress,47049,600,4438,0,5038,6
TN,Franklin,47051,2485,8310,420,11215,4
TN,Gibson,47053,2406,9619,220,12245,8
TN,Giles,47055,1574,5593,194,7361,4
TN,Grainger,47057,676,4705,0,5381,2
TN,Greene,47059,2896,13884,273,17053,1
TN,Grundy,47061,450,2500,369,3319,4
TN,Hamblen,47063,2370,10168,185,12723,1
TN,Hamilton,47065,40369,58556,1243,100168,3
TN,Hancock,47067,155,1113,22,1290,1
TN,Hardeman,47069,1873,3331,87,5291,8
TN,Hardin,47071,782,5515,64,6361,8
TN,Hawkins,47073,1974,11571,241,13786,1
TN,Haywood,47075,1861,1968,56,3885,8
TN,Henderson,47077,807,5573,87,6467,8
TN,Henry,47079,1539,6408,394,8341,8
TN,Hickman,47081,1109,4571,83,5763,7
TN,Houston,47083,513,1872,57,2442,7
TN,Humphreys,47085,905,3360,186,4451,7
TN,Jackson,47087,637,2424,0,3061,6
TN,Jefferson,47089,2052,10489,244,12785,1;2
TN,Johnson,47091,687,4209,97,4993,1
TN,Knox,47093,50123,77873,0,127996,2
TN,Lake,47095,218,862,31,1111,8
TN,Lauderdale,47097,1295,3258,114,4667,8
TN,Lawrence,47099,1461,7714,323,9498,4
TN,Lewis,47101,654,2671,60,3385,5
TN,Lincoln,47103,1388,7360,206,8954,4
TN,Loudon,47105,4037,15543,0,19580,2
TN,Macon,47111,607,4098,0,4705,6
TN,Madison,47113,8233,15076,423,23732,8
TN,Marion,47115,1594,5783,229,7606,4
TN,Marshall,47117,2012,6488,178,8678,5
TN,Maury,47119,8888,20687,772,30347,5
TN,McMinn,47107,2022,10577,204,12803,3
TN,McNairy,47109,989,5751,125,6865,8
TN,Meigs,47121,511,2520,84,3115,4
TN,Monroe,47123,1761,9813,171,11745,3
TN,Montgomery,47125,15064,24486,890,40440,7
TN,Moore,47127,279,1675,80,2034,4
TN,Morgan,47129,595,3885,89,4569,3
TN,Obion,47131,1125,6476,94,7695,8
TN,Overton,47133,1105,4565,0,5670,6
TN,Perry,47135,317,1518,25,1860,7
TN,Pickett,47137,326,1591,0,1917,6
TN,Polk,47139,721,3928,66,4715,3
TN,Putnam,47141,4788,14124,0,18912,6
TN,Rhea,47143,1094,6320,161,7575,4
TN,Roane,47145,3339,12080,296,15715,3
TN,Robertson,47147,3843,13638,369,17850,7
TN,Rutherford,47149,26611,44402,2158,73171,4
TN,Scott,47151,391,3191,11,3593,3;6
TN,Sequatchie,47153,615,3442,119,4176,4
TN,Sevier,47155,3908,18406,414,22728,1
TN,Shelby,47157,112323,78667,5558,196548,8;9
TN,Smith,47159,889,4247,0,5136,6
TN,Stewart,47161,621,3124,120,3865,7
TN,Sullivan,47163,8871,32310,784,41965,1
TN,Sumner,47165,13810,36471,0,50281,6
TN,Tipton,47167,3076,11120,510,14706,8;9
TN,Trousdale,47169,447,1635,0,2082,6
TN,Unicoi,47171,840,4149,107,5096,1
TN,Union,47173,617,3451,0,4068,2
TN,Van Buren,47175,315,1491,0,1806,6
TN,Warren,47177,1828,6211,500,8539,4;6
TN,Washington,47179,9827,23466,808,34101,1
TN,Wayne,47181,370,3042,55,3467,7
TN,Weakley,47183,1402,6498,150,8050,8
TN,White,47185,1121,5801,0,6922,6
TN,Williamson,47187,26982,56561,1278,84821,5;7
TN,Wilson,47189,12801,30632,672,44105,5;6
WV,Boone,54005,1343,3741,186,5270,1
WV,Braxton,54007,842,2295,144,3281,1
WV,Cabell,54011,8149,13283,620,22052,1
WV,Calhoun,54013,429,1469,158,2056,1
WV,Clay,54015,431,1561,98,2090,1
WV,Fayette,54019,3134,6106,422,9662,1
WV,Gilmer,54021,417,1125,84,1626,1
WV,Greenbrier,54025,2844,7088,943,10875,1
WV,Jackson,54035,1744,5975,388,8107,1
WV,Kanawha,54039,19452,26442,1657,47551,1
WV,Lincoln,54043,1125,3502,183,4810,1
WV,Logan,54045,1278,4695,175,6148,1
WV,Mason,54053,1399,4699,260,6358,1
WV,McDowell,54047,1008,1953,156,3117,1
WV,Mercer,54055,3496,9662,803,13961,1
WV,Mingo,54059,1005,4323,130,5458,1
WV,Monroe,54063,799,2896,591,4286,1
WV,Nicholas,54067,1385,4743,251,6379,1
WV,Pendleton,54071,461,1626,87,2174,1
WV,Pocahontas,54075,674,1893,164,2731,1
WV,Putnam,54079,4248,11557,582,16387,1
WV,Raleigh,54081,4221,13495,869,18585,1
WV,Roane,54087,879,2479,255,3613,1
WV,Summers,54089,877,2246,299,3422,1
WV,Wayne,54099,2316,6935,273,9524,1
WV,Webster,54101,396,1385,67,1848,1
WV,Wirt,54105,272,1304,109,1685,1
WV,Wyoming,54109,804,3033,303,4140,1
WV,Barbour,54001,1082,2772,0,3854,2
WV,Berkeley,54003,8852,20653,0,29505,2
WV,Brooke,54009,2154,4109,0,6263,2
WV,Doddridge,54017,397,1584,0,1981,2
WV,Grant,54023,431,3035,0,3466,2
WV,Hampshire,54027,1170,5046,0,6216,2
WV,Hancock,54029,2521,5785,0,8306,2
WV,Hardy,54031,877,3071,0,3948,2
WV,Harrison,54033,6792,11149,0,17941,2
WV,Jefferson,54037,7526,10664,0,18190,2
WV,Lewis,54041,1139,3265,0,4404,2
WV,Marion,54049,6783,8791,0,15574,2
WV,Marshall,54051,2994,5932,0,8926,2
WV,Mineral,54057,1691,6234,0,7925,2
WV,Monongalia,54061,14138,11827,0,25965,2
WV,Morgan,54065,1180,3949,0,5129,2
WV,Ohio,54069,5022,7415,0,12437,2
WV,Pleasants,54073,552,1652,0,2204,2
WV,Preston,54077,2585,6246,0,8831,2
WV,Randolph,54083,2612,4910,0,7522,2
WV,Ritchie,54085,451,2061,0,2512,2
WV,Taylor,54091,1385,2969,0,4354,2
WV,Tucker,54093,889,1680,0,2569,2
WV,Tyler,54095,547,1838,0,2385,2
WV,Upshur,54097,1597,4486,0,6083,2
WV,Wetzel,54103,1340,2572,0,3912,2
WV,Wood,54107,7571,16798,0,24369,2
WY,Albany,56001,6085,5699,833,12617,1
WY,Big Horn,56003,504,3449,281,4234,1
WY,Campbell,56005,1215,10446,765,12426,1
WY,Carbon,56007,892,3434,357,4683,1
WY,Converse,56009,602,4044,409,5055,1
WY,Crook,56011,306,2814,159,3279,1
WY,Fremont,56013,3519,8539,1356,13414,1
WY,Goshen,56015,766,3835,251,4852,1
WY,Hot Springs,56017,367,1641,171,2179,1
WY,Johnson,56019,601,3003,255,3859,1
WY,Laramie,56021,9572,17539,2660,29771,1
WY,Lincoln,56023,998,6118,373,7489,1
WY,Natrona,56025,5235,15399,1783,22417,1
WY,Niobrara,56027,75,936,72,1083,1
WY,Park,56029,1922,9658,1091,12671,1
WY,Platte,56031,603,3107,264,3974,1
WY,Sheridan,56033,2704,8497,881,12082,1
WY,Sublette,56035,604,2768,178,3550,1
WY,Sweetwater,56037,2555,8362,909,11826,1
WY,Teton,56039,6447,2957,661,10065,1
WY,Uinta,56041,987,5119,442,6548,1
WY,Washakie,56043,435,2430,171,3036,1
WY,Weston,56045,256,2412,124,2792,1
AL,Shelby,01117,8298,53053,555,61906,6
AL,Barbour,01005,2625,3821,69,6515,2
AL,Morgan,01103,5964,25206,902,32072,5
AL,Winston,01133,398,6360,168,6926,4
AL,Autauga,01001,3888,13356,442,17686,2
AL,Etowah,01055,4804,20754,539,26097,4
AL,Sumter,01119,2788,1045,33,3866,7
AL,Blount,01009,835,15271,20,16126,6
AL,Houston,01069,6018,21026,533,27577,2
AL,Coosa,01037,984,2703,127,3814,3
AL,Perry,01105,2338,803,40,3181,7
AL,Crenshaw,01041,882,3607,57,4546,2
AL,Clarke,01025,3780,5075,112,8967,7
AL,Chilton,01021,742,10632,117,11491,3;6
AL,Marion,01093,583,7666,158,8407,4
AL,Cullman,01043,1840,23641,675,26156,4
AL,Monroe,01099,626,4293,20,4939,1
AL,Calhoun,01015,6923,21839,1281,30043,3
AL,Lowndes,01085,2828,1179,51,4058,7
AL,Marshall,01095,2401,21283,552,24236,4
AL,Tallapoosa,01123,2824,10361,370,13555,3
AL,Washington,01129,344,4575,10,4929,1
AL,Bullock,01011,1821,797,22,2640,2
AL,Limestone,01083,6952,23295,1024,31271,5
AL,Walker,01127,2030,15437,371,17838,4
AL,St. Clair,01115,3680,23187,1018,27885,3
AL,Geneva,01061,793,7058,116,7967,2
AL,Baldwin,01003,7774,59498,233,67505,1
AL,Madison,01089,45757,69866,4652,120275,5
AL,Lee,01081,12185,26384,1869,40438,3
AL,Wilcox,01131,2604,1211,35,3850,7
AL,Choctaw,01023,2080,2966,104,5150,7
AL,Marengo,01091,3607,3543,106,7256,7
AL,Montgomery,01101,34871,21681,974,57526,2;7
AL,Jefferson,01073,75954,93759,2930,172643,6;7
AL,Conecuh,01035,1881,2504,34,4419,2
AL,Covington,01039,1330,9788,133,11251,2
AL,Escambia,01053,828,7295,30,8153,1;2
AL,Lamar,01075,430,3881,63,4374,4
AL,Jackson,01071,1548,11541,256,13345,5
AL,Dale,01045,2389,9364,236,11989,2
AL,Fayette,01057,662,4760,85,5507,4
AL,Colbert,01033,4086,12781,373,17240,4
AL,Pike,01109,2710,5284,116,8110,2
AL,Dallas,01047,7681,3483,143,11307,7
AL,DeKalb,01049,1729,14936,430,17095,4
AL,Cleburne,01029,285,4179,142,4606,3
AL,Tuscaloosa,01125,19460,30906,1184,51550,4;7
AL,Chambers,01017,2866,5941,301,9108,3
AL,Elmore,01051,4958,20276,510,25744,2
AL,Lawrence,01079,1890,8591,242,10723,4
AL,Cherokee,01019,682,6965,194,7841,3
AL,Butler,01013,2062,3744,76,5882,2
AL,Bibb,01007,402,4835,24,5261,6
AL,Lauderdale,01077,5350,19888,567,25805,4;5
AL,Franklin,01059,828,6464,142,7434,4
AL,Clay,01027,483,3643,115,4241,3
AL,Mobile,01097,16888,65128,899,82915,1
AL,Pickens,01107,2452,3959,116,6527,7
AL,Hale,01065,2990,2138,68,5196,7
AL,Randolph,01111,929,5466,192,6587,3
AL,Macon,01087,3919,1207,205,5331,3
AL,Talladega,01121,6605,14321,707,21633,3
AL,Greene,01063,2412,535,27,2974,7
AL,Russell,01113,5221,5989,324,11534,3
AL,Coffee,01031,2377,11342,259,13978,2
AL,Henry,01067,1588,5028,97,6713,2
AZ,Pinal,04021,56639,83196,2932,142767,2;5;6;7
AZ,Cochise,04003,17568,29063,128,46759,6;7
AZ,Apache,04001,18020,8475,54,26549,2
AZ,Maricopa,04013,562345,791868,66403,1420616,1;2;3;4;5;7;8;9
AZ,Graham,04009,2818,7989,13,10820,2;6
AZ,Yavapai,04025,43943,78388,155,122486,2
AZ,Yuma,04027,11437,28502,1084,41023,7;9
AZ,Santa Cruz,04023,6275,3787,11,10073,7
AZ,Gila,04007,7774,14569,41,22384,2
AZ,Greenlee,04011,878,1540,5,2423,6
AZ,La Paz,04012,0,4260,207,4467,9
AZ,Coconino,04005,34831,19741,109,54681,2
AZ,Pima,04019,229578,167044,697,397319,6;7
AZ,Mohave,04015,130,63707,2513,66350,2;9
AZ,Navajo,04017,18480,21667,104,40251,2
AR,Union,05139,3301,8004,245,11550,4
AR,Newton,05101,489,2462,88,3039,4
AR,Crawford,05033,2981,13762,575,17318,3
AR,Craighead,05031,8128,19283,0,27411,1
AR,Hempstead,05057,1110,3286,97,4493,4
AR,Clark,05019,2091,3721,170,5982,4
AR,Saline,05125,9750,30908,2309,42967,2
AR,Lonoke,05085,4666,17482,0,22148,1
AR,Drew,05043,1566,3498,143,5207,4
AR,Franklin,05047,892,4165,157,5214,4
AR,Lincoln,05079,636,2042,0,2678,1
AR,Hot Spring,05059,1989,7381,308,9678,4
AR,Pope,05115,3415,13004,551,16970,4
AR,White,05145,3553,18243,1168,22964,2
AR,Boone,05009,2160,10433,0,12593,1
AR,Little River,05081,777,2886,105,3768,4
AR,Scott,05127,333,2494,88,2915,4
AR,Dallas,05039,633,1354,52,2039,4
AR,Lee,05077,958,970,0,1928,1
AR,Arkansas,05001,1046,3379,0,4425,1
AR,Montgomery,05097,492,2551,81,3124,4
AR,Pulaski,05119,63297,54469,4948,122714,1;2;4
AR,Cleveland,05025,368,2185,67,2620,4
AR,Stone,05137,995,4015,0,5010,1
AR,Yell,05149,790,4312,148,5250,4
AR,Polk,05113,874,5737,241,6852,4
AR,Miller,05091,2354,8588,248,11190,4
AR,Conway,05029,1767,4563,267,6597,2
AR,Columbia,05027,1735,4184,131,6050,4
AR,Van Buren,05141,1043,4778,382,6203,2
AR,Izard,05065,747,3794,0,4541,1
AR,Woodruff,05147,659,1397,0,2056,1
AR,Randolph,05121,883,4328,0,5211,1
AR,Howard,05061,856,2684,77,3617,4
AR,Poinsett,05111,997,4526,0,5523,1
AR,Ouachita,05103,2583,4185,170,6938,4
AR,Monroe,05095,856,1223,0,2079,1
AR,Lafayette,05073,592,1318,41,1951,4
AR,Greene,05055,2140,9331,0,11471,1
AR,Sevier,05133,529,2902,104,3535,4
AR,Marion,05089,1069,4844,0,5913,1
AR,Cleburne,05023,1269,8286,428,9983,2
AR,Bradley,05011,708,1807,58,2573,4
AR,Perry,05105,665,2927,186,3778,2
AR,Faulkner,05045,11323,26422,2084,39829,2
AR,Jackson,05067,1006,2981,0,3987,1
AR,Pike,05109,450,3151,92,3693,4
AR,Carroll,05015,2811,5906,287,9004,3
AR,Desha,05041,1265,1599,0,2864,1
AR,St. Francis,05123,2413,2573,0,4986,1
AR,Independence,05063,1922,8496,0,10418,1
AR,Jefferson,05069,9108,7309,440,16857,4
AR,Sebastian,05131,8820,24184,1164,34168,3;4
AR,Garland,05051,8378,23467,1149,32994,4
AR,Nevada,05099,714,1685,44,2443,4
AR,Benton,05007,27846,59326,3341,90513,3
AR,Prairie,05117,394,2183,0,2577,1
AR,Mississippi,05093,3341,5207,0,8548,1
AR,Sharp,05135,1017,4995,0,6012,1
AR,Lawrence,05075,802,3754,0,4556,1
AR,Madison,05087,1056,4408,183,5647,3
AR,Cross,05037,1105,3786,0,4891,1
AR,Crittenden,05035,5123,5459,0,10582,1
AR,Searcy,05129,407,2556,0,2963,1
AR,Washington,05143,30485,37619,2189,70293,3
AR,Clay,05021,723,3195,0,3918,1
AR,Chicot,05017,1676,1648,0,3324,1
AR,Grant,05053,834,5285,152,6271,4
AR,Johnson,05071,1424,5273,242,6939,4
AR,Fulton,05049,747,3211,0,3958,1
AR,Logan,05083,997,4996,199,6192,4
AR,Ashley,05003,1243,4076,101,5420,4
AR,Calhoun,05013,286,1257,31,1574,4
AR,Baxter,05005,3089,12373,0,15462,1
CA,Alameda,06001,380922,94328,0,475250,10;12;14;17
CA,Alpine,06003,371,241,0,612,3
CA,Amador,06005,6498,11941,0,18439,5
CA,Butte,06007,35503,36776,0,72279,1
CA,Calaveras,06009,7602,13478,0,21080,5
CA,Colusa,06011,1703,3794,0,5497,1
CA,Contra Costa,06013,279954,75520,0,355474,8;9;10
CA,Del Norte,06015,3607,4662,0,8269,2
CA,El Dorado,06017,36540,51230,0,87770,3;5
CA,Fresno,06019,101624,114646,0,216270,5;13;20;21
CA,Glenn,06021,2422,5450,0,7872,1
CA,Humboldt,06023,31691,15993,0,47684,2
CA,Imperial,06025,18193,11598,0,29791,25
CA,Inyo,06027,3563,3775,0,7338,3
CA,Kern,06029,72136,113923,0,186059,20;22;23
CA,Kings,06031,9694,16654,0,26348,20;22
CA,Lassen,06035,1856,7280,0,9136,1
CA,Lake,06033,11075,8935,0,20010,4
CA,Los Angeles,06037,1635816,589473,60968,2286257,23;26;27;28;29;30;31;32;34;35;36;37;38;42;43;44;45
CA,Madera,06039,13781,22605,0,36386,5;13
CA,Marin,06041,97612,20205,0,117817,2
CA,Mariposa,06043,3065,4717,0,7782,5
CA,Mendocino,06045,20240,9926,0,30166,2
CA,Merced,06047,28577,26108,0,54685,13
CA,Modoc,06049,898,2502,0,3400,1
CA,Mono,06051,2632,1882,0,4514,3
CA,Monterey,06053,68269,33305,0,101574,18;19
CA,Napa,06055,34958,14863,0,49821,4
CA,Nevada,06057,28363,22290,0,50653,3
CA,Orange,06059,474100,494699,0,968799,38;40;45;46;47;49
CA,Placer,06061,79058,102352,0,181410,3
CA,Plumas,06063,3487,5103,0,8590,3
CA,Riverside,06065,295140,288323,0,583463,25;35;39;40;41;48
CA,Sacramento,06067,286309,187647,0,473956,3;6;7
CA,San Benito,06069,10613,8763,0,19376,18
CA,San Bernardino,06071,215366,227819,0,443185,23;25;28;33;35;40
CA,San Diego,06073,590995,425931,0,1016926,48;49;50;51;52
CA,San Francisco,06075,245184,42217,0,287401,2;11;12;15
CA,San Joaquin,06077,97200,78537,0,175737,9;13
CA,San Luis Obispo,06079,63837,54319,0,118156,19;24
CA,San Mateo,06081,219918,0,0,219918,15;16
CA,Santa Barbara,06083,81656,52126,0,133782,24
CA,Santa Clara,06085,416081,97809,0,513890,16;17;18;19
CA,Santa Cruz,06087,81851,21514,0,103365,18;19
CA,Sierra,06091,582,971,0,1553,3
CA,Shasta,06089,23087,44931,0,68018,1
CA,Siskiyou,06093,6929,10714,0,17643,1
CA,Solano,06095,80745,48068,0,128813,4;7;8
CA,Sonoma,06097,146598,48550,0,195148,2;4
CA,Stanislaus,06099,55631,71945,0,127576,5;9;13
CA,Sutter,06101,9328,18421,0,27749,1
CA,Tehama,06103,6424,14136,0,20560,1
CA,Trinity,06105,2119,2388,0,4507,2
CA,Tulare,06107,34453,55741,0,90194,20;21;22
CA,Tuolumne,06109,8906,14160,0,23066,5
CA,Ventura,06111,154399,123878,0,278277,24;26;32
CA,Yolo,06113,46430,20332,0,66762,4;7
CA,Yuba,06115,6794,12587,0,19381,1;3
CO,Adams,08001,86608,64682,6179,157469,4;6;7;8
CO,Arapahoe,08005,154507,94348,5066,253921,1;4;6
CO,Baca,08009,239,1418,91,1748,4
CO,Bent,08011,494,1247,71,1812,4
CO,Cheyenne,08017,75,814,18,907,4
CO,Crowley,08025,283,994,83,1360,4
CO,Douglas,08035,79184,105569,3748,188501,4;6
CO,El Paso,08041,112768,158883,10649,282300,4;5;7
CO,Elbert,08039,3324,12172,542,16038,4
CO,Kiowa,08061,60,670,20,750,4
CO,Kit Carson,08063,356,2552,86,2994,4
CO,Larimer,08069,99019,70426,4417,173862,2;4;8
CO,Lincoln,08073,272,1757,65,2094,4
CO,Logan,08075,1449,6409,295,8153,4
CO,Morgan,08087,2137,7653,284,10074,4
CO,Phillips,08095,272,1614,55,1941,4
CO,Prowers,08099,907,3200,144,4251,4
CO,Sedgwick,08115,196,915,31,1142,4
CO,Washington,08121,203,2102,76,2381,4
CO,Weld,08123,46594,76119,4413,127126,2;4;7;8
CO,Yuma,08125,455,3375,117,3947,4
CO,Denver,08031,225288,48992,6186,280466,1;6
CO,Jefferson,08059,174422,116604,6510,297536,1;2;6;7
CO,Broomfield,08014,23305,13016,708,37029,7
CO,Chaffee,08015,6418,5002,269,11689,7
CO,Custer,08027,952,2253,76,3281,7
CO,Fremont,08043,5962,13317,496,19775,7
CO,Lake,08065,1728,1094,108,2930,7
CO,Park,08093,4095,5570,296,9961,7
CO,Teller,08119,4102,9032,286,13420,7
CO,Alamosa,08003,2966,2904,2,5872,3
CO,Archuleta,08007,3574,4197,4,7775,3
CO,Conejos,08021,1592,1790,0,3382,3
CO,Costilla,08023,1113,546,0,1659,3
CO,Delta,08029,5603,10173,9,15785,3
CO,Dolores,08033,337,960,0,1297,3
CO,Eagle,08037,13882,7553,336,21771,2;3
CO,Garfield,08045,13752,10325,8,24085,3
CO,Gunnison,08051,6219,2760,5,8984,3
CO,Hinsdale,08053,238,276,0,514,3
CO,Huerfano,08055,1994,1793,0,3787,3
CO,La Plata,08067,18648,10900,11,29559,3
CO,Las Animas,08071,3210,3385,2,6597,3
CO,Mesa,08077,30765,41884,53,72702,3
CO,Mineral,08079,304,392,0,696,3
CO,Moffat,08081,1094,4278,5,5377,3
CO,Montezuma,08083,5313,7134,3,12450,3
CO,Montrose,08085,7627,12978,9,20614,3
CO,Otero,08089,2961,4174,6,7141,3
CO,Ouray,08091,2239,1281,0,3520,3
CO,Pitkin,08097,7543,1975,3,9521,3
CO,Pueblo,08101,35394,31104,24,66522,3
CO,Rio Blanco,08103,534,2489,0,3023,3
CO,Rio Grande,08105,2118,2800,3,4921,3
CO,Saguache,08109,1583,1162,0,2745,3
CO,San Juan,08111,369,167,0,536,3
CO,San Miguel,08113,3206,835,1,4042,3
CO,Boulder,08013,128480,32635,2846,163961,2
CO,Clear Creek,08019,2962,2015,137,5114,2
CO,Gilpin,08047,1911,1368,89,3368,2
CO,Grand,08049,3903,3776,186,7865,2
CO,Jackson,08057,121,528,17,666,2
CO,Routt,08107,8410,4760,307,13477,2
CO,Summit,08117,9788,3864,303,13955,2
CT,Tolland,09013,34596,24196,873,59665,2
CT,New Haven,09009,157577,121646,5082,284305,2;3;4;5
CT,Windham,09015,20410,18117,622,39149,2
CT,Hartford,09003,187205,117534,2898,307637,1;2;5
CT,Litchfield,09005,36120,44714,224,81058,1;5
CT,Fairfield,09001,182099,132743,548,315390,3;4;5
CT,New London,09011,60619,37359,1997,99975,2
CT,Middlesex,09007,42900,30049,1208,74157,1;2;3
DE,New Castle,10003,110139,56529,2875,169543,1
DE,Kent,10001,25974,27146,956,54076,1
DE,Sussex,10005,42303,54526,1201,98030,1
FL,Alachua,12001,55454,38704,1052,95210,3
FL,Baker,12003,1152,9379,81,10612,3
FL,Bay,12005,14990,51848,0,66838,2
FL,Bradford,12007,1859,8179,130,10168,3
FL,Brevard,12009,95227,169767,0,264994,8
FL,Broward,12011,350531,230876,3347,584754,20;23;24;25
FL,Calhoun,12013,768,4068,0,4836,2
FL,Charlotte,12015,27343,63900,611,91854,17
FL,Citrus,12017,19245,55827,70,75142,12
FL,Clay,12019,22530,66983,101,89614,4
FL,Collier,12021,46576,115138,78,161792,18;19;26
FL,Columbia,12023,4961,18332,262,23555,3
FL,Miami-Dade,12086,319547,384931,288,704766,24;26;27;28
FL,DeSoto,12027,1677,6504,21,8202,18
FL,Dixie,12029,793,5258,85,6136,3
FL,Escambia,12033,46764,67337,0,114101,1
FL,Flagler,12035,13812,40018,0,53830,6
FL,Gadsden,12039,11314,6048,0,17362,2
FL,Franklin,12037,1563,3846,0,5409,2
FL,Gilchrist,12041,1067,6667,97,7831,3
FL,Glades,12043,643,3000,11,3654,18
FL,Gulf,12045,1358,5044,0,6402,2
FL,Hamilton,12047,1155,3053,36,4244,3
FL,Hardee,12049,795,4513,12,5320,18
FL,Hendry,12051,1688,6114,38,7840,18
FL,Hernando,12053,23761,55717,74,79552,12
FL,Highlands,12055,8153,29491,136,37780,18
FL,Hillsborough,12057,226263,249997,160,476420,14;15;16
FL,Lee,12071,88543,182794,478,271815,17;19
FL,Holmes,12059,598,6149,0,6747,2
FL,Indian River,12061,24637,51480,0,76117,8
FL,Jackson,12063,4133,12137,0,16270,2
FL,Jefferson,12065,2973,4137,0,7110,2
FL,Lafayette,12067,297,2571,28,2896,2;3
FL,Lake,12069,46746,107062,1894,155702,6;11
FL,Leon,12073,70792,46430,0,117222,2
FL,Madison,12079,2467,4494,0,6961,2
FL,Manatee,12081,58725,111719,198,170642,16
FL,Levy,12075,3935,13648,247,17830,3
FL,Liberty,12077,489,2121,0,2610,2
FL,Monroe,12087,13183,20421,53,33657,28
FL,Marion,12083,41866,106340,1167,149373,3;6
FL,Martin,12085,22233,55018,0,77251,21
FL,Nassau,12089,10387,37021,64,47472,4
FL,Okaloosa,12091,23015,56621,0,79636,1
FL,Orange,12095,217936,179386,4607,401929,8;9;10;11
FL,Okeechobee,12093,1860,8561,30,10451,18
FL,Osceola,12097,52827,48929,0,101756,9
FL,Palm Beach,12099,273863,263397,1070,538330,20;21;22;23
FL,Pasco,12101,73767,148872,297,222936,12;15
FL,Pinellas,12103,202844,210021,6500,419365,13;14
FL,Polk,12105,67774,148935,1220,217929,9;11;15;18
FL,Putnam,12107,4639,20321,0,24960,6
FL,Sarasota,12115,83939,131368,1302,216609,17
FL,Seminole,12117,82258,98275,191,180724,7
FL,St. Lucie,12111,47960,72888,0,120848,21
FL,Santa Rosa,12113,19111,55359,0,74470,1
FL,Volusia,12127,71932,143953,121,216006,6;7
FL,Wakulla,12129,4258,10720,0,14978,2
FL,Sumter,12119,22297,64656,1414,88367,11
FL,Suwannee,12121,2796,13272,179,16247,3
FL,Taylor,12123,1439,6155,0,7594,2
FL,Union,12125,562,3921,46,4529,3
FL,Walton,12131,7167,27281,0,34448,1;2
FL,Washington,12133,1411,7675,0,9086,2
GA,Baldwin,13009,6851,7918,0,14769,8
GA,Banks,13011,698,6577,0,7275,9
GA,Barrow,13013,7571,21621,0,29192,10
GA,Bartow,13015,8255,31421,0,39676,11
GA,Appling,13001,1185,5447,0,6632,1
GA,Atkinson,13003,451,1740,0,2191,8
GA,Bacon,13005,400,3303,0,3703,1
GA,Baker,13007,573,682,0,1255,2
GA,Ben Hill,13017,1618,3444,0,5062,8
GA,Berrien,13019,752,5220,0,5972,8
GA,Bibb,13021,32269,21421,0,53690,2;8
GA,Bleckley,13023,864,3890,0,4754,8
GA,Brantley,13025,431,5404,0,5835,1
GA,Brooks,13027,1880,3661,0,5541,8
GA,Bryan,13029,5024,11881,0,16905,1
GA,Bulloch,13031,7508,15870,0,23378,12
GA,Burke,13033,3668,4700,0,8368,12
GA,Butts,13035,2400,7203,0,9603,10
GA,Calhoun,13037,1045,663,0,1708,2
GA,Camden,13039,5457,12309,0,17766,1
GA,Candler,13043,889,2653,0,3542,12
GA,Carroll,13045,11217,32043,0,43260,3
GA,Catoosa,13047,6117,18042,0,24159,14
GA,Charlton,13049,712,2655,0,3367,1
GA,Chatham,13051,61055,44502,0,105557,1
GA,Cherokee,13057,30697,88583,0,119280,6;11
GA,Chattahoochee,13053,465,548,0,1013,2
GA,Chattooga,13055,1733,5890,0,7623,14
GA,Clarke,13059,27236,12490,0,39726,10
GA,Clay,13061,596,523,0,1119,2
GA,Clayton,13063,72543,10439,0,82982,5;13
GA,Clinch,13065,403,1657,0,2060,8
GA,Cobb,13067,165736,142721,0,308457,6;11;13;14
GA,Coffee,13069,2968,8737,0,11705,8
GA,Colquitt,13071,2637,9832,0,12469,8
GA,Columbia,13073,21102,43048,0,64150,12
GA,Cook,13075,1364,4147,0,5511,8
GA,Coweta,13077,17865,45160,0,63025,3
GA,Crawford,13079,1351,3446,0,4797,2
GA,Crisp,13081,1949,4273,0,6222,8
GA,Dade,13083,1160,4577,0,5737,14
GA,Dawson,13085,2014,11850,0,13864,6
GA,Decatur,13087,3412,5397,0,8809,2
GA,DeKalb,13089,243752,50099,0,293851,4;5
GA,Dodge,13091,1446,5077,0,6523,8
GA,Dooly,13093,1543,1706,0,3249,2
GA,Dougherty,13095,18920,7672,0,26592,2
GA,Douglas,13097,33194,19100,0,52294,3;13
GA,Early,13099,1709,2182,0,3891,2
GA,Echols,13101,98,950,0,1048,8
GA,Effingham,13103,5939,19276,0,25215,1;12
GA,Elbert,13105,1927,5321,0,7248,10
GA,Emanuel,13107,2021,5456,0,7477,12
GA,Evans,13109,881,2426,0,3307,12
GA,Fannin,13111,2052,10467,0,12519,9
GA,Fayette,13113,26058,33630,0,59688,3;13
GA,Floyd,13115,10405,20950,0,31355,14
GA,Forsyth,13117,29250,72482,0,101732,6
GA,Franklin,13119,1084,7594,0,8678,9
GA,Fulton,13121,293977,119324,0,413301,5;6;7;13
GA,Gilmer,13123,2294,11620,0,13914,9
GA,Glascock,13125,102,1187,0,1289,12
GA,Glynn,13127,11201,21855,0,33056,1
GA,Gordon,13129,3921,14568,0,18489,14
GA,Grady,13131,2639,5658,0,8297,2
GA,Greene,13133,3149,7259,0,10408,10
GA,Gwinnett,13135,169300,126949,0,296249,6;7;9
GA,Habersham,13137,2709,14124,0,16833,9
GA,Hall,13139,17988,54786,0,72774,9
GA,Hancock,13141,2236,1056,0,3292,10
GA,Haralson,13143,1236,10313,0,11549,3
GA,Henry,13151,59338,35318,0,94656,3;10;13
GA,Harris,13145,4006,12898,0,16904,3
GA,Hart,13147,2229,8201,0,10430,9
GA,Heard,13149,564,3850,0,4414,3
GA,Houston,13153,24056,34602,0,58658,2;8
GA,Irwin,13155,661,2725,0,3386,8
GA,Jackson,13157,5738,25879,0,31617,10
GA,Jasper,13159,1314,5209,0,6523,10
GA,Jeff Davis,13161,649,3812,0,4461,8
GA,Jefferson,13163,2994,3128,0,6122,12
GA,Jones,13169,3634,8575,0,12209,8
GA,Lamar,13171,1942,5710,0,7652,3
GA,Lanier,13173,649,1946,0,2595,8
GA,Laurens,13175,5871,12422,0,18293,12
GA,Lee,13177,4041,9508,0,13549,2
GA,Liberty,13179,9271,6023,0,15294,1
GA,Lincoln,13181,1007,2934,0,3941,12
GA,Long,13183,1468,2933,0,4401,1
GA,Lowndes,13185,13068,21368,0,34436,8
GA,Lumpkin,13187,2367,10218,0,12585,9
GA,Macon,13193,2294,1440,0,3734,2
GA,Jenkins,13165,860,1886,0,2746,12
GA,Johnson,13167,845,2470,0,3315,12
GA,Madison,13195,2611,9847,0,12458,10
GA,Marion,13197,1068,1765,0,2833,2
GA,McDuffie,13189,3000,5256,0,8256,12
GA,McIntosh,13191,1948,3506,0,5454,1
GA,Meriwether,13199,3066,5721,0,8787,3
GA,Miller,13201,561,1585,0,2146,2
GA,Mitchell,13205,3110,3911,0,7021,2
GA,Monroe,13207,3359,10236,0,13595,8
GA,Montgomery,13209,667,2519,0,3186,12
GA,Morgan,13211,2507,7716,0,10223,10
GA,Murray,13213,1838,9520,0,11358,14
GA,Muscogee,13215,36299,22665,0,58964,2;3
GA,Newton,13217,23728,18740,0,42468,4;10
GA,Paulding,13223,25445,40469,0,65914,14
GA,Peach,13225,4776,5203,0,9979,2
GA,Pickens,13227,2109,12813,0,14922,11
GA,Pierce,13229,689,6450,0,7139,1
GA,Pike,13231,1068,8279,0,9347,3
GA,Polk,13233,3085,10326,0,13411,14
GA,Pulaski,13235,874,2451,0,3325,8
GA,Putnam,13237,2528,7609,0,10137,10
GA,Quitman,13239,391,508,0,899,2
GA,Rabun,13241,1688,6480,0,8168,9
GA,Randolph,13243,1428,1114,0,2542,2
GA,Richmond,13245,41860,21617,0,63477,12
GA,Oconee,13219,6068,16165,0,22233,10
GA,Oglethorpe,13221,1831,4896,0,6727,10
GA,Rockdale,13247,24971,9518,0,34489,4
GA,Schley,13249,424,1445,0,1869,2
GA,Screven,13251,1851,3384,0,5235,12
GA,Seminole,13253,859,2163,0,3022,2
GA,Spalding,13255,9042,15049,0,24091,3
GA,Stephens,13257,1656,7652,0,9308,9
GA,Stewart,13259,949,610,0,1559,2
GA,Sumter,13261,5034,4544,0,9578,2
GA,Talbot,13263,1714,1126,0,2840,2
GA,Taliaferro,13265,462,313,0,775,10
GA,Tattnall,13267,1365,5061,0,6426,12
GA,Taylor,13269,1181,2009,0,3190,2
GA,Telfair,13271,936,2427,0,3363,8
GA,Thomas,13275,6414,10735,0,17149,2
GA,Tift,13277,3314,9560,0,12874,8
GA,Toombs,13279,1904,6499,0,8403,12
GA,Towns,13281,1251,5878,0,7129,9
GA,Treutlen,13283,634,1767,0,2401,12
GA,Troup,13285,7973,15048,0,23021,3
GA,Turner,13287,970,2071,0,3041,8
GA,Twiggs,13289,1511,1955,0,3466,8
GA,Union,13291,2404,11792,0,14196,9
GA,Upson,13293,2866,7136,0,10002,3
GA,Walker,13295,5158,16551,0,21709,14
GA,Walton,13297,9853,32304,0,42157,10
GA,Ware,13299,2798,7854,0,10652,1
GA,Terrell,13273,1962,1676,0,3638,2
GA,Warren,13301,1051,1061,0,2112,12
GA,Washington,13303,3594,3976,0,7570,12
GA,Wayne,13305,1893,8079,0,9972,1
GA,Webster,13307,463,669,0,1132,2
GA,Wheeler,13309,492,1319,0,1811,12
GA,White,13311,1927,10711,0,12638,9
GA,Whitfield,13313,7956,18503,0,26459,14
GA,Wilcox,13315,585,2010,0,2595,8
GA,Wilkes,13317,1560,2513,0,4073,10;12
GA,Wilkinson,13319,1624,2370,0,3994,8
GA,Worth,13321,1649,5667,0,7316,8
GA,State Floating,00000,0,0,14,14,7
HI,Hawaii,15001,40305,19981,1758,62044,2
HI,Maui,15009,31106,16917,1414,49437,2
HI,Kauai,15007,14547,7549,462,22558,2
HI,Honolulu,15003,185995,79644,1496,267135,1;2
ID,Bonner,16017,5779,14584,428,20791,1
ID,Canyon,16027,14224,42207,1610,58041,1
ID,Oneida,16071,168,1377,0,1545,2
ID,Minidoka,16067,825,3676,0,4501,2
ID,Latah,16057,7206,7507,292,15005,1
ID,Jefferson,16051,1124,7640,0,8764,2
ID,Caribou,16029,280,1803,0,2083,2
ID,Kootenai,16055,14378,46564,1142,62084,1
ID,Lewis,16061,214,1117,26,1357,1
ID,Gem,16045,1253,6085,200,7538,1
ID,Boundary,16021,835,4188,120,5143,1
ID,Fremont,16043,658,3424,0,4082,2
ID,Boise,16015,774,2545,104,3423,1
ID,Shoshone,16079,1087,2868,108,4063,1
ID,Benewah,16009,546,2777,103,3426,1
ID,Cassia,16031,903,4674,0,5577,2
ID,Gooding,16047,757,3123,0,3880,2
ID,Jerome,16053,955,3701,0,4656,2
ID,Blaine,16013,5966,3667,0,9633,2
ID,Adams,16003,396,1544,66,2006,1
ID,Nez Perce,16069,4073,9075,280,13428,1
ID,Custer,16037,358,1501,0,1859,2
ID,Bingham,16011,2209,9647,0,11856,2
ID,Franklin,16041,405,3838,0,4243,2
ID,Elmore,16039,1516,4932,0,6448,2
ID,Clearwater,16035,580,2463,59,3102,1
ID,Ada,16001,78715,102155,2120,182990,1;2
ID,Idaho,16049,1112,6169,162,7443,1
ID,Bonneville,16019,8505,26060,0,34565,2
ID,Bannock,16005,9654,15392,0,25046,2
ID,Owyhee,16073,458,2733,89,3280,1
ID,Madison,16065,1293,6672,0,7965,2
ID,Payette,16075,1215,6202,171,7588,1
ID,Washington,16087,643,3181,82,3906,1
ID,Clark,16033,26,170,0,196,2
ID,Valley,16085,2174,2913,118,5205,1
ID,Bear Lake,16007,244,1952,0,2196,2
ID,Camas,16025,99,399,0,498,2
ID,Butte,16023,138,808,0,946,2
ID,Lincoln,16063,272,1004,0,1276,2
ID,Lemhi,16059,689,2861,0,3550,2
ID,Twin Falls,16083,5433,16454,0,21887,2
ID,Teton,16081,2403,2222,0,4625,2
IL,Franklin,17055,3102,10613,2,13717,12
IL,Union,17181,1806,5208,5,7019,12
IL,Warren,17187,2103,3758,0,5861,15;17
IL,Winnebago,17201,41583,45964,18,87565,16;17
IL,Moultrie,17139,1346,3891,0,5237,15
IL,Kane,17089,87519,70190,0,157709,8;11;14
IL,Crawford,17033,1528,5411,0,6939,12
IL,Jersey,17083,2260,6975,0,9235,15
IL,Iroquois,17075,1938,8465,0,10403,2
IL,Henry,17073,6787,12741,15,19543,16;17
IL,Clark,17023,1380,4922,0,6302,12
IL,Fayette,17051,1417,6571,0,7988,15
IL,Bond,17005,1788,4574,0,6362,15
IL,Brown,17009,343,1568,0,1911,15
IL,Vermilion,17183,6624,15288,0,21912,2;15
IL,De Witt,17039,1562,4458,0,6020,15
IL,Mason,17125,1466,3440,0,4906,15
IL,Kendall,17093,22971,22232,38,45241,14
IL,Saline,17165,1772,6312,0,8084,12
IL,Mercer,17131,2482,4225,0,6707,15;17
IL,LaSalle,17099,17246,22153,35,39434,14;16
IL,St. Clair,17163,46330,42212,69,88611,12;13
IL,Coles,17029,5773,10614,0,16387,12;15
IL,Pope,17151,304,1361,0,1665,12
IL,White,17193,1060,4606,0,5666,12
IL,Boone,17007,6475,10903,0,17378,11;16
IL,McLean,17113,29595,34849,88,64532,16;17
IL,Marshall,17123,1269,3437,0,4706,16
IL,Scott,17171,414,1657,0,2071,15
IL,Lee,17103,4255,7730,0,11985,16
IL,Massac,17127,1105,3734,0,4839,12
IL,Edgar,17045,1452,4577,0,6029,15
IL,Logan,17107,2496,7023,0,9519,15
IL,Tazewell,17179,15735,35497,0,51232,16;17
IL,Knox,17095,8080,9405,8,17493,17
IL,Macoupin,17117,6585,11327,14,17926,13
IL,Montgomery,17135,2971,7531,0,10502,15
IL,Pulaski,17153,571,1441,4,2016,12
IL,Henderson,17071,946,1967,0,2913,15
IL,Morgan,17137,3474,7501,0,10975,15
IL,Edwards,17047,365,2399,0,2764,12
IL,Shelby,17173,2061,7627,0,9688,15
IL,Lake,17097,140968,87411,216,228595,5;9;10;11
IL,Sangamon,17167,37034,41798,83,78915,13;15
IL,Lawrence,17101,1073,3933,0,5006,12
IL,Richland,17159,1289,4878,0,6167,12
IL,Madison,17119,43456,54163,68,97687,13;15
IL,Wabash,17185,838,3201,0,4039,12
IL,Gallatin,17059,535,1629,0,2164,12
IL,Ogle,17141,6156,13086,0,19242,16
IL,Hardin,17069,300,1353,0,1653,12
IL,Effingham,17049,2745,13082,0,15827,12
IL,McHenry,17111,55348,60470,0,115818,9;10;11;16
IL,Livingston,17105,2973,9721,0,12694,2;16
IL,Bureau,17011,4441,8146,9,12596,14;16
IL,Calhoun,17013,627,1672,0,2299,15
IL,DeKalb,17037,17825,16572,22,34419,11;14;16
IL,Jo Daviess,17085,3753,5710,0,9463,16
IL,Monroe,17133,4333,11339,9,15681,12
IL,Stephenson,17177,6419,10115,22,16556,16;17
IL,Randolph,17157,2855,8543,5,11403,12
IL,Menard,17129,1532,3680,0,5212,15
IL,Wayne,17191,815,5925,0,6740,12
IL,Peoria,17143,28292,29994,0,58286,16;17
IL,Greene,17061,974,3491,0,4465,15
IL,Marion,17121,2946,9939,0,12885,12
IL,Macon,17115,13854,21370,20,35244,13;15
IL,Schuyler,17169,865,2293,0,3158,15
IL,Will,17197,118154,113552,288,231994,1;2;11;14
IL,Cumberland,17035,879,3823,0,4702,12
IL,Alexander,17003,637,1061,5,1703,12
IL,Adams,17001,5595,19346,0,24941,15
IL,Perry,17145,1830,5988,2,7820,12
IL,Whiteside,17195,8808,11132,36,19976,17
IL,Clinton,17027,2956,11763,0,14719,12
IL,Jackson,17077,8295,8884,15,17194,12
IL,Williamson,17199,6812,18274,25,25111,12
IL,Douglas,17041,1670,4752,0,6422,15
IL,Ford,17053,1135,3942,0,5077,2;16
IL,Carroll,17015,2087,3870,0,5957,17
IL,Hancock,17067,1647,5521,0,7168,15
IL,Jasper,17079,758,3813,0,4571,12
IL,Christian,17021,3610,8749,0,12359,15
IL,Piatt,17147,2658,4908,2,7568,13;15
IL,Jefferson,17081,2871,10259,11,13141,12
IL,McDonough,17109,3406,5906,1,9313,15;17
IL,Grundy,17063,6961,12118,0,19079,16
IL,Cass,17017,1140,2789,0,3929,15
IL,Stark,17175,473,1828,0,2301,16
IL,Hamilton,17065,581,2830,0,3411,12
IL,Kankakee,17091,13720,21236,20,34976,1;2
IL,Rock Island,17161,26518,21408,82,48008,17
IL,Putnam,17155,1085,1663,0,2748,14;16
IL,Washington,17189,1063,4948,0,6011,12
IL,Clay,17025,866,4826,0,5692,12
IL,Champaign,17019,40338,27367,89,67794,2;13;15
IL,Johnson,17087,815,4010,0,4825,12
IL,Fulton,17057,5141,7713,35,12889,15;17
IL,Woodford,17203,3835,13054,0,16889,16
IL,Pike,17149,1086,4901,0,5987,15
IA,Osceola,19143,271,1959,41,2271,4
IA,Wapello,19179,3951,6438,9,10398,3
IA,Jones,19105,3123,5003,4,8130,1
IA,Plymouth,19149,1770,7734,141,9645,4
IA,Adair,19001,973,2166,2,3141,3
IA,Calhoun,19025,883,2846,96,3825,4
IA,Iowa,19095,2596,4723,6,7325,1
IA,Marion,19125,4235,9842,15,14092,1
IA,Howard,19089,1206,2154,3,3363,2
IA,Crawford,19047,918,3267,104,4289,4
IA,Grundy,19075,1505,3862,5,5372,2
IA,Benton,19011,3912,7428,9,11349,2
IA,Clayton,19043,2528,4844,5,7377,2
IA,Wright,19197,1082,3008,100,4190,4
IA,Clinton,19045,7059,9742,12,16813,1
IA,Warren,19181,9517,14046,25,23588,1
IA,Carroll,19027,1871,5829,160,7860,4
IA,Keokuk,19107,990,2769,3,3762,1
IA,Guthrie,19077,1632,3359,8,4999,3
IA,Butler,19023,1730,4279,3,6012,2
IA,Woodbury,19193,9601,18234,594,28429,4
IA,Harrison,19085,1338,3891,162,5391,4
IA,Van Buren,19177,646,2125,6,2777,1
IA,Black Hawk,19013,24345,22776,51,47172,2
IA,Palo Alto,19147,867,2625,57,3549,4
IA,Chickasaw,19037,1746,3199,4,4949,2
IA,Polk,19153,108401,81903,361,190665,3
IA,Tama,19171,2408,4203,5,6616,2
IA,Des Moines,19057,5756,7693,17,13466,1
IA,O'Brien,19141,811,4419,82,5312,4
IA,Clay,19041,1528,4692,111,6331,4
IA,Muscatine,19139,5406,7744,8,13158,1
IA,Linn,19113,51725,41818,102,93645,2
IA,Dubuque,19061,17980,20884,22,38886,2
IA,Hamilton,19079,1654,3808,150,5612,4
IA,Davis,19051,813,2133,2,2948,3
IA,Cass,19029,1602,3579,12,5193,3
IA,Jasper,19099,5578,9292,15,14885,1
IA,Poweshiek,19157,3135,4339,9,7483,2
IA,Ida,19093,492,2169,41,2702,4
IA,Floyd,19067,2304,3377,4,5685,2
IA,Pottawattamie,19155,10310,17178,1242,28730,4
IA,Scott,19163,29963,33380,50,63393,1
IA,Fremont,19071,659,1780,86,2525,4
IA,Bremer,19017,4428,6576,6,11010,2
IA,Humboldt,19091,784,2925,73,3782,4
IA,Johnson,19103,45469,18120,53,63642,1
IA,Madison,19121,2492,4984,13,7489,3
IA,Dickinson,19059,2190,5917,128,8235,4
IA,Washington,19183,3290,5376,4,8670,1
IA,Audubon,19009,633,1639,52,2324,4
IA,Allamakee,19005,1932,3820,3,5755,2
IA,Page,19145,1562,3534,7,5103,3
IA,Hancock,19081,1012,3190,95,4297,4
IA,Webster,19187,3802,7826,253,11881,4
IA,Winneshiek,19191,4445,5135,5,9585,2
IA,Dallas,19049,21239,22814,57,44110,3
IA,Emmet,19063,823,2407,62,3292,4
IA,Appanoose,19007,1412,3249,6,4667,3
IA,Greene,19073,1307,2246,7,3560,3
IA,Monona,19133,792,2364,70,3226,4
IA,Buena Vista,19021,1316,3602,78,4996,4
IA,Mahaska,19123,1865,6080,9,7954,1
IA,Lucas,19117,995,2417,5,3417,3
IA,Kossuth,19109,1668,4864,101,6633,4
IA,Union,19175,1611,2869,13,4493,3
IA,Jackson,19097,2732,4853,5,7590,1
IA,Monroe,19135,794,2106,5,2905,3
IA,Lee,19111,4441,6970,11,11422,1
IA,Buchanan,19019,3128,5028,9,8165,2
IA,Taylor,19173,577,1660,3,2240,3
IA,Cherokee,19035,975,3402,75,4452,4
IA,Hardin,19083,2037,4486,2,6525,2
IA,Wayne,19185,581,1753,7,2341,3
IA,Sioux,19167,1281,12665,131,14077,4
IA,Winnebago,19189,1303,2924,102,4329,4
IA,Decatur,19053,835,1890,6,2731,3
IA,Clarke,19039,1075,2250,5,3330,3
IA,Delaware,19055,2279,5356,6,7641,2
IA,Adams,19003,510,1126,3,1639,3
IA,Cerro Gordo,19033,7672,9137,10,16819,2
IA,Franklin,19069,866,2630,63,3559,4
IA,Shelby,19165,1054,3385,105,4544,4
IA,Ringgold,19159,600,1435,0,2035,3
IA,Boone,19015,4070,6614,278,10962,4
IA,Louisa,19115,987,2480,2,3469,1
IA,Henry,19087,2183,4673,2,6858,1
IA,Worth,19195,1189,2031,4,3224,2
IA,Story,19169,19628,16015,847,36490,4
IA,Marshall,19127,4633,7256,274,12163,4
IA,Jefferson,19101,3204,3274,7,6485,1
IA,Montgomery,19137,1155,2351,3,3509,3
IA,Pocahontas,19151,537,2181,61,2779,4
IA,Mitchell,19131,1481,2735,6,4222,2
IA,Sac,19161,777,2998,96,3871,4
IA,Lyon,19119,523,4368,46,4937,4
IA,Cedar,19031,3133,4762,6,7901,1
IA,Fayette,19065,2825,4714,5,7544,2
IA,Mills,19129,1508,3856,154,5518,4
KS,Allen,20001,1262,2836,0,4098,2
KS,Anderson,20003,718,2042,146,2906,3
KS,Atchison,20005,1813,3658,0,5471,2
KS,Barber,20007,222,1520,0,1742,4
KS,Barton,20009,1540,6445,0,7985,1
KS,Bourbon,20011,1233,3584,0,4817,2
KS,Brown,20013,982,2359,0,3341,2
KS,Butler,20015,6584,17072,0,23656,4
KS,Chase,20017,326,840,0,1166,2
KS,Chautauqua,20019,153,1013,0,1166,4
KS,Cherokee,20021,1637,4772,0,6409,2
KS,Cheyenne,20023,136,710,0,846,1
KS,Clark,20025,149,694,0,843,1
KS,Clay,20027,587,2690,0,3277,1
KS,Cloud,20029,596,2588,0,3184,1
KS,Coffey,20031,858,2567,0,3425,2
KS,Comanche,20033,101,640,0,741,4
KS,Cowley,20035,3137,7449,0,10586,4
KS,Dickinson,20041,1384,5509,0,6893,1
KS,Doniphan,20043,516,2108,0,2624,2
KS,Douglas,20045,32535,14072,0,46607,1;2
KS,Edwards,20047,169,920,0,1089,4
KS,Elk,20049,148,923,0,1071,4
KS,Ellis,20051,2640,7775,0,10415,1
KS,Finney,20055,2283,4847,0,7130,1
KS,Ellsworth,20053,433,1791,0,2224,1
KS,Ford,20057,1723,4162,0,5885,1
KS,Franklin,20059,3297,5845,368,9510,3
KS,Geary,20061,2485,3515,0,6000,2
KS,Gove,20063,115,1039,0,1154,1
KS,Graham,20065,143,850,0,993,1
KS,Grant,20067,292,1298,0,1590,1
KS,Gray,20069,307,1394,0,1701,1
KS,Greeley,20071,58,381,0,439,1
KS,Greenwood,20073,423,1884,0,2307,4
KS,Hamilton,20075,96,498,0,594,1
KS,Harper,20077,312,1673,0,1985,4
KS,Harvey,20079,4737,8056,0,12793,4
KS,Haskell,20081,160,820,0,980,1
KS,Hodgeman,20083,115,673,0,788,1
KS,Jackson,20085,1337,3717,0,5054,1;2
KS,Jefferson,20087,2354,5142,0,7496,1
KS,Jewell,20089,144,1055,0,1199,1
KS,Kearny,20093,131,815,0,946,1
KS,Kingman,20095,581,2511,0,3092,4
KS,Kiowa,20097,105,828,0,933,4
KS,Labette,20099,1949,3957,0,5906,2
KS,Lane,20101,92,577,0,669,1
KS,Leavenworth,20103,10809,15951,0,26760,2
KS,Lincoln,20105,152,1033,0,1185,1
KS,Linn,20107,735,2966,0,3701,2
KS,Logan,20109,125,959,0,1084,1
KS,Lyon,20111,4591,5397,0,9988,2
KS,McPherson,20113,2860,8230,0,11090,1
KS,Marion,20115,1240,3526,0,4766,2
KS,Marshall,20117,861,2977,0,3838,1
KS,Meade,20119,221,1081,0,1302,1
KS,Miami,20121,4638,8421,408,13467,3
KS,Morton,20129,111,679,0,790,1
KS,Mitchell,20123,359,2005,0,2364,1
KS,Montgomery,20125,2432,7054,0,9486,2
KS,Morris,20127,745,1463,0,2208,2
KS,Nemaha,20131,1011,3552,0,4563,2
KS,Neosho,20133,1430,3654,0,5084,2
KS,Ness,20135,98,1056,0,1154,1
KS,Norton,20137,242,1546,0,1788,1
KS,Osage,20139,1922,4290,0,6212,2
KS,Osborne,20141,161,1269,0,1430,1
KS,Ottawa,20143,345,2021,0,2366,1
KS,Pawnee,20145,477,1656,0,2133,1;4
KS,Phillips,20147,224,1972,0,2196,1
KS,Pottawatomie,20149,2403,7950,0,10353,1
KS,Pratt,20151,716,2379,0,3095,4
KS,Rawlins,20153,151,991,0,1142,1
KS,Reno,20155,6006,14438,0,20444,1
KS,Republic,20157,293,1664,0,1957,1
KS,Rice,20159,594,2481,0,3075,1
KS,Riley,20161,8546,9475,0,18021,1
KS,Rooks,20163,270,1807,0,2077,1
KS,Rush,20165,207,1114,0,1321,1
KS,Russell,20167,432,2241,0,2673,1
KS,Saline,20169,5004,12506,0,17510,1
KS,Scott,20171,186,1506,0,1692,1
KS,Seward,20175,839,2069,0,2908,1
KS,Sheridan,20179,85,994,0,1079,1
KS,Sherman,20181,276,1770,0,2046,1
KS,Smith,20183,211,1429,0,1640,1
KS,Stafford,20185,249,1318,0,1567,4
KS,Stanton,20187,68,437,0,505,1
KS,Stevens,20189,167,1219,0,1386,1
KS,Sumner,20191,1931,5940,0,7871,4
KS,Thomas,20193,447,2435,0,2882,1
KS,Trego,20195,159,1097,0,1256,1
KS,Wabaunsee,20197,995,2322,0,3317,2
KS,Wallace,20199,46,615,0,661,1
KS,Washington,20201,233,1986,0,2219,1
KS,Wichita,20203,90,616,0,706,1
KS,Wilson,20205,641,2659,0,3300,2
KS,Woodson,20207,251,920,0,1171,2
KS,Johnson,20091,149078,107779,5703,262560,3
KS,Sedgwick,20173,64035,89929,0,153964,4
KS,Shawnee,20177,34230,31170,91,65491,2
KS,Wyandotte,20209,22597,11523,466,34586,2;3
KS,Crawford,20037,4843,6938,0,11781,2
KS,Decatur,20039,153,972,0,1125,1
KY,Adair,21001,851,5422,0,6273,1
KY,Allen,21003,944,5141,0,6085,1
KY,Anderson,21005,2051,7146,71,9268,1;6
KY,Ballard,21007,554,2554,0,3108,1
KY,Barren,21009,2942,11133,0,14075,2
KY,Bath,21011,1045,3125,1,4171,5;6
KY,Bell,21013,982,5808,0,6790,5
KY,Boone,21015,13001,30266,1998,45265,4
KY,Bourbon,21017,1709,4919,101,6729,6
KY,Boyd,21019,4330,9612,1,13943,5
KY,Boyle,21021,3456,6724,0,10180,1
KY,Bracken,21023,619,2517,90,3226,4
KY,Breathitt,21025,784,2763,0,3547,5
KY,Breckinridge,21027,1462,5294,0,6756,2
KY,Bullitt,21029,6262,18335,0,24597,2
KY,Butler,21031,609,3569,0,4178,2
KY,Caldwell,21033,934,3727,0,4661,1
KY,Calloway,21035,3483,8288,0,11771,1
KY,Campbell,21037,13797,20362,1413,35572,4
KY,Carlisle,21039,324,1790,0,2114,1
KY,Carroll,21041,780,1945,122,2847,4
KY,Carter,21043,1756,6255,26,8037,4;5
KY,Casey,21045,551,4573,0,5124,1
KY,Christian,21047,4688,10638,0,15326,1
KY,Clark,21049,3381,9075,186,12642,6
KY,Clay,21051,521,4376,0,4897,5
KY,Clinton,21053,311,3081,0,3392,1
KY,Crittenden,21055,460,2608,0,3068,1
KY,Cumberland,21057,266,2206,0,2472,1
KY,Daviess,21059,10580,22200,0,32780,2
KY,Edmonson,21061,776,3502,0,4278,2
KY,Elliott,21063,555,1465,0,2020,5
KY,Estill,21065,685,3888,44,4617,6
KY,Fayette,21067,45691,50033,6798,102522,6
KY,Fleming,21069,917,4123,17,5057,6
KY,Floyd,21071,2494,9090,0,11584,5
KY,Franklin,21073,9210,10638,0,19848,1
KY,Fulton,21075,414,1102,0,1516,1
KY,Gallatin,21077,651,2199,125,2975,4
KY,Garrard,21079,1030,4808,35,5873,6
KY,Grant,21081,1319,5786,285,7390,4
KY,Graves,21083,2105,9887,0,11992,1
KY,Grayson,21085,1397,6500,0,7897,2
KY,Greenup,21089,3102,9056,396,12554,4
KY,Green,21087,519,3764,0,4283,2
KY,Hancock,21091,923,2323,0,3246,2
KY,Hardin,21093,10105,20557,0,30662,2
KY,Harlan,21095,907,6791,0,7698,5
KY,Harrison,21097,1790,4649,172,6611,4
KY,Hart,21099,1410,4754,0,6164,2
KY,Henderson,21101,4655,9267,0,13922,1
KY,Henry,21103,1527,4221,255,6003,4
KY,Hickman,21105,249,1285,0,1534,1
KY,Hopkins,21107,3685,10993,0,14678,1
KY,Jackson,21109,301,3316,0,3617,5
KY,Jefferson,21111,166661,109278,0,275939,2;3
KY,Jessamine,21113,4257,12599,276,17132,6
KY,Johnson,21115,741,4894,0,5635,5
KY,Kenton,21117,19800,29218,2011,51029,4
KY,Knott,21119,1050,3743,0,4793,5
KY,Knox,21121,1069,6841,0,7910,5
KY,Larue,21123,969,4167,0,5136,2
KY,Laurel,21125,2538,14816,0,17354,5
KY,Lawrence,21127,705,3400,0,4105,5
KY,Lee,21129,291,1746,0,2037,5
KY,Leslie,21131,254,2580,0,2834,5
KY,Letcher,21133,1184,4538,0,5722,5
KY,Lewis,21135,441,3265,115,3821,4
KY,Lincoln,21137,1224,6164,1,7389,5
KY,Livingston,21139,542,2662,0,3204,1
KY,Logan,21141,1932,6529,0,8461,1;2
KY,Lyon,21143,722,2492,0,3214,1
KY,Madison,21151,8728,20135,0,28863,6
KY,Magoffin,21153,957,3888,0,4845,5
KY,Marion,21155,1764,4045,0,5809,1
KY,Marshall,21157,2681,10182,0,12863,1
KY,Martin,21159,194,2401,0,2595,5
KY,Mason,21161,1555,4016,192,5763,4
KY,McCracken,21145,6625,16023,0,22648,1
KY,Montgomery,21173,1985,6822,106,8913,6
KY,Morgan,21175,798,3208,0,4006,5
KY,Muhlenberg,21177,2792,7156,0,9948,2
KY,Nelson,21179,4920,11401,360,16681,2;4
KY,Nicholas,21181,543,1900,32,2475,6
KY,Ohio,21183,1448,5778,0,7226,2
KY,Oldham,21185,9164,15768,1170,26102,4
KY,Owen,21187,793,2941,134,3868,4
KY,Owsley,21189,187,1576,0,1763,5
KY,Pendleton,21191,888,3844,141,4873,4
KY,Perry,21193,1455,6012,0,7467,5
KY,Pike,21195,2734,12989,1,15724,5
KY,Powell,21197,790,2766,0,3556,6
KY,Pulaski,21199,3151,17820,1,20972,5
KY,Robertson,21201,238,709,24,971,4
KY,Rockcastle,21203,554,4174,0,4728,5
KY,Rowan,21205,2454,4881,0,7335,5
KY,Russell,21207,701,5600,0,6301,1
KY,Scott,21209,6043,13593,404,20040,6
KY,Shelby,21211,5351,11560,729,17640,4
KY,Simpson,21213,1509,4192,0,5701,1
KY,Spencer,21215,1610,5832,246,7688,4
KY,Taylor,21217,1782,7143,0,8925,1
KY,Todd,21219,737,2719,0,3456,1
KY,Trigg,21221,1245,4189,0,5434,1
KY,McCreary,21147,466,3911,0,4377,5
KY,McLean,21149,795,2825,0,3620,2
KY,Meade,21163,2347,7156,0,9503,2
KY,Menifee,21165,496,1727,0,2223,5
KY,Mercer,21167,1746,6399,94,8239,6
KY,Metcalfe,21169,681,3305,0,3986,1
KY,Monroe,21171,283,3561,0,3844,1
KY,Trimble,21223,716,2340,109,3165,4
KY,Union,21225,1048,3774,0,4822,1
KY,Warren,21227,13186,25127,0,38313,2
KY,Whitley,21235,1326,8578,1,9905,5
KY,Wolfe,21237,580,1640,0,2220,5
KY,Woodford,21239,3541,7016,243,10800,6
KY,Washington,21229,1166,3653,0,4819,1
KY,Wayne,21231,916,5331,0,6247,5
KY,Webster,21233,943,3237,0,4180,1
LA,Acadia,22001,1341,14972,3248,19561,3
LA,Ascension,22005,7212,29542,2847,39601,2;6
LA,Assumption,22007,1725,5253,309,7287,2;6
LA,Avoyelles,22009,1507,8056,1565,11128,5
LA,Calcasieu,22019,6694,32210,14444,53348,3
LA,Caldwell,22021,203,2686,281,3170,5
LA,Concordia,22029,940,3881,946,5767,5
LA,East Baton Rouge,22033,38744,85724,5481,129949,2;6
LA,Cameron,22023,59,1964,407,2430,3
LA,Catahoula,22025,431,2584,441,3456,5
LA,Franklin,22041,560,4884,593,6037,5
LA,East Carroll,22035,601,892,413,1906,5
LA,East Feliciana,22037,1616,3715,1885,7216,5
LA,Grant,22043,128,3471,443,4042,5
LA,Iberia,22045,2287,12839,4392,19518,3
LA,Iberville,22047,5110,6377,241,11728,2;6
LA,Jackson,22049,670,4235,649,5554,5
LA,Jefferson,22051,46290,68539,1390,116219,1;2
LA,Lafayette,22055,7798,42295,21956,72049,3
LA,Jefferson Davis,22053,830,7318,1916,10064,3
LA,Lafourche,22057,2695,25243,1437,29375,1;6
LA,LaSalle,22059,160,4405,384,4949,5
LA,Lincoln,22061,1944,8517,1784,12245,5
LA,Livingston,22063,2330,35916,3031,41277,6
LA,Madison,22065,739,1417,461,2617,5
LA,Morehouse,22067,1591,4553,805,6949,5
LA,Orleans,22071,92936,17318,395,110649,1;2
LA,Ouachita,22073,6809,29827,5374,42010,5
LA,Plaquemines,22075,2034,5571,174,7779,1
LA,Pointe Coupee,22077,1715,3822,3565,9102,5
LA,Rapides,22079,5618,26971,5796,38385,5
LA,Richland,22083,787,4982,794,6563,5
LA,St. Bernard,22087,3131,7267,240,10638,1
LA,St. Charles,22089,5214,11542,628,17384,2;6
LA,St. Helena,22091,989,1659,1338,3986,5
LA,St. James,22093,4724,3924,0,8648,2
LA,St. John the Baptist,22095,6642,4333,265,11240,2;6
LA,St. Martin,22099,1871,11368,3763,17002,3;6
LA,St. Mary,22101,1669,9048,3410,14127,3;6
LA,St. Tammany,22103,21680,70233,1983,93896,1
LA,Tangipahoa,22105,6476,21829,6088,34393,1;5
LA,Tensas,22107,347,951,294,1592,5
LA,Terrebonne,22109,4144,21084,1276,26504,1;6
LA,Vermilion,22113,1217,13434,3271,17922,3
LA,Washington,22117,2304,8106,2329,12739,5
LA,West Baton Rouge,22121,3274,6289,209,9772,2;6
LA,West Carroll,22123,146,2970,239,3355,5
LA,West Feliciana,22125,746,2674,670,4090,5
LA,Winn,22127,408,3094,404,3906,5
ME,Knox,23013,13482,8417,2,21901,1
ME,Lincoln,23015,11485,9032,10,20527,1
ME,Sagadahoc,23023,12235,8103,9,20347,1
ME,York,23031,59535,42629,48,102212,1
ME,Cumberland,23005,110005,49131,77,159213,1
ME,Kennebec,23011,30759,25874,2545,59178,1;2
ME,Androscoggin,23001,23753,19463,3190,46406,2
ME,Aroostook,23003,11936,14595,1476,28007,2
ME,Franklin,23007,7449,6153,1102,14704,2
ME,Hancock,23009,16870,11184,2124,30178,2
ME,Oxford,23017,12856,12073,2141,27070,2
ME,Penobscot,23019,31265,32033,4394,67692,2
ME,Piscataquis,23021,3178,4415,477,8070,2
ME,Somerset,23025,9243,11619,1608,22470,2
ME,Waldo,23027,11110,8210,1418,20738,2
ME,Washington,23029,6047,7329,1044,14420,2
MD,Allegany,24001,7589,13944,23,21556,6
MD,Anne Arundel,24003,119175,95067,235,214477,3;5
MD,Baltimore,24510,127713,14978,353,143044,2;7
MD,Baltimore,24005,170608,100401,1011,272020,1;2;7
MD,Calvert,24009,16504,20927,47,37478,5
MD,Cecil,24015,12349,19678,894,32921,1
MD,Charles,24017,37746,16686,83,54515,5
MD,Dorchester,24019,5093,6262,210,11565,1
MD,Frederick,24021,58802,47487,115,106404,6
MD,Garrett,24023,2780,8528,8,11316,6
MD,Harford,24025,45278,54910,2939,103127,1
MD,Howard,24027,88784,40645,123,129552,3
MD,Kent,24029,4684,3657,142,8483,1
MD,Montgomery,24031,270098,66798,4539,341435,4;6;8
MD,Prince George's,24033,214328,22289,581,237198,4;5;8
MD,Caroline,24011,3725,6755,285,10765,1
MD,Carroll,24013,25875,45396,72,71343,2;3
MD,Queen Anne's,24035,9134,13203,547,22884,1
MD,St. Mary's,24037,15100,22564,42,37706,5
MD,Somerset,24039,2609,4143,81,6833,1
MD,Talbot,24041,9248,8113,294,17655,1
MD,Washington,24043,20228,28644,59,48931,6
MD,Wicomico,24045,14419,15491,639,30549,1
MD,Worcester,24047,9577,13897,497,23971,1
MA,Plymouth,25023,122453,86200,318,208971,4;8;9
MA,Middlesex,25017,426327,158197,2613,587137,2;3;4;5;6;7
MA,Bristol,25005,115292,25673,2956,143921,4;8;9
MA,Berkshire,25003,36196,12003,57,48256,1
MA,Hampden,25013,80395,55276,203,135874,1
MA,Essex,25009,179178,97326,4766,281270,3;6
MA,Hampshire,25015,47655,15903,114,63672,1;2
MA,Dukes,25007,7270,1924,3,9197,9
MA,Worcester,25027,170904,110226,513,281643,1;2;3;4
MA,Franklin,25011,23103,7998,15,31116,1;2
MA,Norfolk,25021,196453,55604,2572,254629,2;4;5;7;8;9
MA,Barnstable,25001,72474,43801,44,116319,9
MA,Suffolk,25025,155268,35260,633,191161,5;7;8
MA,Nantucket,25019,3432,1399,0,4831,9
MI,Tuscola,26157,6652,15927,1065,23644,8;9
MI,Gladwin,26051,3379,8274,211,11864,2
MI,Manistee,26101,5112,6970,221,12303,2
MI,Wayne,26163,417720,189534,20254,627508,6;12;13
MI,Berrien,26021,26248,34901,1755,62904,4;5
MI,Huron,26063,4013,10290,415,14718,9
MI,Van Buren,26159,12470,17657,1194,31321,4
MI,Leelanau,26089,7467,7477,311,15255,1
MI,Charlevoix,26029,5458,8726,379,14563,1
MI,Branch,26023,4398,11164,397,15959,5
MI,Sanilac,26151,4553,13349,569,18471,9
MI,Otsego,26137,3752,8239,350,12341,1
MI,Delta,26041,5856,10979,388,17223,1
MI,Ogemaw,26129,2745,6542,302,9589,1
MI,Washtenaw,26161,132859,44782,189,177830,6
MI,Clinton,26037,19424,20761,750,40935,7
MI,Luce,26095,603,1666,68,2337,1
MI,Emmet,26047,7814,10787,444,19045,1
MI,Wexford,26165,4549,9991,307,14847,1;2
MI,Baraga,26013,1086,2225,128,3439,1
MI,Calhoun,26025,20329,28265,1851,50445,4;5
MI,Osceola,26133,2534,7439,224,10197,2
MI,Grand Traverse,26055,23664,26796,1306,51766,1
MI,Roscommon,26143,4002,8351,359,12712,1
MI,Genesee,26049,96496,66387,6804,169687,7;8
MI,Shiawassee,26155,13363,17860,813,32036,7
MI,Dickinson,26043,3768,8055,303,12126,1
MI,Lake,26085,1732,3322,107,5161,2
MI,Allegan,26005,18664,36312,1539,56515,4
MI,Chippewa,26033,4968,8935,461,14364,1
MI,Kalamazoo,26077,62076,47751,4783,114610,4;5
MI,Ingham,26065,79415,36471,2320,118206,7
MI,Gogebic,26053,2565,3711,154,6430,1
MI,Kent,26081,156794,130409,8451,295654,2;3
MI,Clare,26035,4011,8375,225,12611,2
MI,Isabella,26073,10584,12288,478,23350,2
MI,Alger,26003,1711,2493,92,4296,1
MI,Marquette,26103,16933,13469,786,31188,1
MI,Mecosta,26107,5713,11190,381,17284,2
MI,Mason,26105,5504,8763,265,14532,2
MI,Hillsdale,26059,4448,13450,545,18443,5
MI,Ottawa,26139,51896,88865,3543,144304,2;3;4
MI,Cheboygan,26031,4159,8673,353,13185,1
MI,Eaton,26045,26567,25352,1053,52972,2;7
MI,Iosco,26069,4279,7703,389,12371,1
MI,Oceana,26127,4104,7467,224,11795,2
MI,Benzie,26019,4666,5706,235,10607,1
MI,Barry,26015,9860,19423,640,29923,2
MI,Oscoda,26135,1013,2851,96,3960,1
MI,Macomb,26099,168516,196865,10952,376333,9;10
MI,Montmorency,26119,1273,3659,128,5060,1
MI,Iron,26071,1898,3579,124,5601,1
MI,Jackson,26075,23933,38094,1757,63784,5
MI,Montcalm,26117,7797,17286,539,25622,2
MI,Gratiot,26057,4925,9842,307,15074,2
MI,Ionia,26067,8855,16680,656,26191,2
MI,Presque Isle,26141,2323,4739,180,7242,1
MI,Lapeer,26087,12673,28828,1382,42883,9
MI,Mackinac,26097,2000,3774,164,5938,1
MI,Oakland,26125,350145,259322,5569,615036,6;7;9;10;11;12
MI,Livingston,26093,44439,61530,1998,107967,7
MI,Ontonagon,26131,1068,2085,100,3253,1
MI,Kalkaska,26079,2366,6117,279,8762,1
MI,Bay,26017,23824,22748,2114,48686,8
MI,Monroe,26115,24117,42340,1543,68000,5;6
MI,Muskegon,26121,36746,33114,2273,72133,2;3
MI,Schoolcraft,26153,1249,2522,94,3865,1
MI,Lenawee,26091,15744,25394,1144,42282,5
MI,Missaukee,26113,1462,5734,191,7387,1
MI,Crawford,26039,2022,4214,197,6433,1
MI,Menominee,26109,2986,6336,242,9564,1
MI,Cass,26027,6513,13090,432,20035,5
MI,Houghton,26061,6096,8817,415,15328,1
MI,Saginaw,26145,41188,36149,3343,80680,8
MI,St. Joseph,26149,6775,14052,744,21571,5
MI,Newaygo,26123,6388,15487,480,22355,2
MI,Alcona,26001,1675,4124,122,5921,1
MI,Alpena,26007,4628,8777,419,13824,1
MI,Antrim,26009,4892,8589,326,13807,1
MI,St. Clair,26147,23678,46469,2686,72833,9
MI,Keweenaw,26083,0,0,1382,1382,1
MI,Arenac,26011,2133,4591,252,6976,1
MN,Aitkin,27001,2867,5545,5,8417,8
MN,Anoka,27003,69723,85195,359,155277,3;5;6
MN,Becker,27005,4333,9651,708,14692,7;8
MN,Beltrami,27007,8188,9834,30,18052,8
MN,Benton,27009,5058,11227,31,16316,6
MN,Big Stone,27011,767,1523,139,2429,7
MN,Blue Earth,27013,12785,12300,1312,26397,1
MN,Brown,27015,3307,7999,333,11639,1;7
MN,Carlton,27017,7709,8193,17,15919,8
MN,Carver,27019,23120,30570,56,53746,6
MN,Cass,27021,4881,10288,16,15185,8
MN,Clay,27027,10168,10595,1362,22125,7
MN,Clearwater,27029,912,2626,1,3539,8
MN,Cook,27031,2163,1074,1,3238,8
MN,Cottonwood,27033,1144,3198,246,4588,7
MN,Crow Wing,27035,10923,21636,18,32577,8
MN,Dakota,27037,108329,85362,6849,200540,2
MN,Dodge,27039,3063,5995,325,9383,1
MN,Douglas,27041,5540,13113,938,19591,7
MN,Faribault,27043,1828,3955,223,6006,1
MN,Fillmore,27045,3642,5541,304,9487,1
MN,Freeborn,27047,5049,7444,524,13017,1
MN,Goodhue,27049,8961,12880,1072,22913,1
MN,Grant,27051,922,1806,202,2930,7
MN,Hennepin,27053,383778,181389,3327,568494,3;5;6
MN,Chippewa,27023,1460,3221,232,4913,7
MN,Chisago,27025,8914,16894,19,25827,8
MN,Houston,27055,3476,4930,329,8735,1
MN,Hubbard,27057,3389,6851,360,10600,7;8
MN,Isanti,27059,5571,13215,9,18795,8
MN,Itasca,27061,8722,12623,7,21352,8
MN,Jackson,27063,1224,3154,173,4551,1
MN,Kittson,27069,598,1157,162,1917,7
MN,Koochiching,27071,2006,3239,2,5247,8
MN,Lac qui Parle,27073,974,1999,154,3127,7
MN,Lake,27075,2898,2760,10,5668,8
MN,Lake of the Woods,27077,477,1337,1,1815,8
MN,Le Sueur,27079,4295,8287,573,13155,2
MN,Lincoln,27081,630,1664,135,2429,7
MN,Lyon,27083,2853,6425,478,9756,7
MN,McLeod,27085,4286,10998,1066,16350,7
MN,Mahnomen,27087,679,954,1,1634,8
MN,Marshall,27089,865,2940,220,4025,7
MN,Kanabec,27065,2155,4965,5,7125,8
MN,Kandiyohi,27067,5552,11613,973,18138,7
MN,Meeker,27093,2725,7437,589,10751,7
MN,Mille Lacs,27095,3337,7712,5,11054,8
MN,Morrison,27097,3065,11469,786,15320,7
MN,Mower,27099,6911,6726,479,14116,1
MN,Murray,27101,964,2755,160,3879,7
MN,Nicollet,27103,7309,7332,592,15233,1
MN,Nobles,27105,1754,3981,281,6016,1
MN,Norman,27107,851,1472,152,2475,7
MN,Olmsted,27109,36164,29846,1950,67960,1
MN,Otter Tail,27111,7998,18787,1613,28398,7
MN,Martin,27091,2313,5748,301,8362,1
MN,Pine,27115,4050,8307,11,12368,8
MN,Pipestone,27117,817,2857,125,3799,7
MN,Polk,27119,3041,7224,634,10899,7
MN,Pope,27121,1757,3595,300,5652,7
MN,Ramsey,27123,155030,61484,371,216885,4;5
MN,Red Lake,27125,414,1054,117,1585,7
MN,Redwood,27127,1425,4664,325,6414,7
MN,Renville,27129,1594,4310,357,6261,7
MN,Rice,27131,13707,13435,1163,28305,1;2
MN,Rock,27133,1120,2842,153,4115,1
MN,Roseau,27135,1323,4874,286,6483,7
MN,St. Louis,27137,52509,40312,145,92966,8
MN,Pennington,27113,1583,3414,435,5432,7
MN,Scott,27139,29587,35918,2307,67812,2
MN,Sherburne,27141,12932,28414,145,41491,6
MN,Sibley,27143,1574,4578,398,6550,7
MN,Stearns,27145,22285,41660,1155,65100,6;7
MN,Steele,27147,5897,9804,751,16452,1
MN,Stevens,27149,1283,2549,178,4010,7
MN,Swift,27151,1234,2452,209,3895,7
MN,Todd,27153,2347,7806,638,10791,7
MN,Traverse,27155,428,1006,110,1544,7
MN,Wabasha,27157,3644,6508,497,10649,1
MN,Wadena,27159,1338,4283,304,5925,7
MN,Waseca,27161,2615,5347,387,8349,1
MN,Washington,27163,69476,59327,1077,129880,2;4;8
MN,Watonwan,27165,1267,2487,120,3874,1
MN,Wilkin,27167,638,1799,153,2590,7
MN,Winona,27169,9417,10116,848,20381,1
MN,Wright,27171,21458,44059,285,65802,6
MN,Yellow Medicine,27173,1153,2940,260,4353,7
MS,Walthall,28147,1174,2603,0,3777,3
MS,Franklin,28037,871,1933,0,2804,2
MS,Lincoln,28085,2001,6921,0,8922,3
MS,Union,28145,769,6036,0,6805,1
MS,Newton,28101,1211,4501,0,5712,3
MS,Wilkinson,28157,1549,846,0,2395,2
MS,Neshoba,28099,1191,4832,0,6023,3
MS,Tate,28137,1938,4990,0,6928,1
MS,Copiah,28029,3195,3662,0,6857,2
MS,Jones,28067,3983,12724,215,16922,3;4
MS,Oktibbeha,28105,4383,5862,0,10245,1;3
MS,Claiborne,28021,1795,316,0,2111,2
MS,Hinds,28049,38132,14643,140,52915,2;3
MS,Marshall,28093,3429,4393,0,7822,1
MS,Scott,28123,1807,3749,0,5556,3
MS,Clarke,28023,1203,3503,0,4706,3
MS,Lee,28081,4140,13283,0,17423,1
MS,Webster,28155,450,2750,0,3200,1
MS,Winston,28159,2051,3272,0,5323,3
MS,Tishomingo,28141,433,4337,0,4770,1
MS,Noxubee,28103,2006,1039,0,3045,3
MS,Kemper,28069,1183,1204,0,2387,3
MS,Tallahatchie,28135,1775,1340,0,3115,2
MS,Montgomery,28097,1225,1772,0,2997,2
MS,Tunica,28143,922,483,0,1405,2
MS,Leflore,28083,4244,1900,0,6144,2
MS,Attala,28007,2008,3194,0,5202,2
MS,Stone,28131,866,3819,115,4800,4
MS,Jefferson Davis,28065,1653,1555,0,3208,3
MS,Alcorn,28003,880,6179,0,7059,1
MS,Issaquena,28055,285,302,0,587,2
MS,Prentiss,28117,625,4177,0,4802,1
MS,Choctaw,28019,538,1974,0,2512,1
MS,Bolivar,28011,4912,2753,0,7665,2
MS,Simpson,28127,1897,5217,0,7114,3
MS,Yalobusha,28161,1835,2518,0,4353,2
MS,Panola,28107,3330,4470,0,7800,2
MS,Lawrence,28077,1127,2758,0,3885,3
MS,Quitman,28119,1009,460,0,1469,2
MS,Madison,28089,11185,19961,0,31146,2;3
MS,Lamar,28073,3352,13496,580,17428,4
MS,Calhoun,28013,664,2789,0,3453,1
MS,Yazoo,28163,2384,2787,0,5171,2
MS,Amite,28005,1538,3127,0,4665,2
MS,Monroe,28095,2105,6124,0,8229,1
MS,Forrest,28035,6543,10802,516,17861,4
MS,Pearl River,28109,1822,11163,222,13207,4
MS,DeSoto,28033,11151,23388,0,34539,1
MS,Wayne,28153,1863,3924,44,5831,4
MS,Lauderdale,28075,5145,10895,0,16040,3
MS,Lafayette,28071,4709,7999,0,12708,1
MS,Greene,28041,548,2862,39,3449,4
MS,Leake,28079,2069,3204,0,5273,2
MS,Marion,28091,1583,4842,0,6425,3
MS,Adams,28001,4469,3817,0,8286,2
MS,Grenada,28043,2574,3541,0,6115,2
MS,Rankin,28121,7904,30740,0,38644,3
MS,Perry,28111,715,2689,77,3481,4
MS,Sharkey,28125,720,384,0,1104,2
MS,Coahoma,28027,2582,1103,0,3685,2
MS,Jackson,28059,8184,24036,594,32814,4
MS,Pike,28113,3779,5607,0,9386,3
MS,Carroll,28015,1112,2626,0,3738,2
MS,Sunflower,28133,3192,1500,0,4692,2
MS,Hancock,28045,2256,9767,200,12223,4
MS,Jasper,28061,1820,2629,0,4449,3
MS,George,28039,575,5984,123,6682,4
MS,Jefferson,28063,1712,319,0,2031,2
MS,Harrison,28047,12577,28455,844,41876,4
MS,Chickasaw,28017,1658,2619,0,4277,1
MS,Benton,28009,772,1383,0,2155,1
MS,Smith,28129,694,3803,0,4497,3
MS,Washington,28151,6025,2742,0,8767,2
MS,Clay,28025,3102,3217,0,6319,1
MS,Lowndes,28087,5694,9146,0,14840,1
MS,Warren,28149,5258,6558,0,11816,2
MS,Tippah,28139,683,4900,0,5583,1
MS,Holmes,28051,3558,752,0,4310,2
MS,Itawamba,28057,429,5402,0,5831,1
MS,Humphreys,28053,2174,872,0,3046,2
MS,Covington,28031,1416,3750,0,5166,3
MS,Pontotoc,28115,882,6356,0,7238,1
MO,Cole,29051,8302,20116,0,28418,3
MO,Bates,29013,988,4651,119,5758,4
MO,Benton,29015,1514,6022,147,7683,4
MO,Bollinger,29017,469,3644,53,4166,8
MO,Boone,29019,33364,28485,766,62615,3;4
MO,Buchanan,29021,7946,15955,654,24555,6
MO,Butler,29023,1764,9535,203,11502,8
MO,Caldwell,29025,542,2801,79,3422,6
MO,Callaway,29027,4022,10940,0,14962,3
MO,Camden,29029,3820,14057,271,18148,3;4
MO,Cape Girardeau,29031,6409,20776,599,27784,8
MO,Carroll,29033,467,2851,54,3372,6
MO,Carter,29035,266,1613,25,1904,8
MO,Cass,29037,11764,26975,951,39690,4
MO,Cedar,29039,776,4211,102,5089,4
MO,Chariton,29041,525,2243,45,2813,6
MO,Christian,29043,7363,25059,806,33228,7
MO,Clark,29045,392,1906,50,2348,6
MO,Clay,29047,39042,45897,2259,87198,5;6
MO,Clinton,29049,1829,5537,188,7554,6
MO,Cooper,29053,1487,4628,0,6115,3
MO,Crawford,29055,1412,6167,0,7579,3
MO,Dade,29057,433,2509,53,2995,4
MO,Dallas,29059,917,4669,133,5719,4
MO,Daviess,29061,473,2182,57,2712,6
MO,DeKalb,29063,532,2744,99,3375,6
MO,Dent,29065,714,4191,117,5022,8
MO,Douglas,29067,645,4269,98,5012,8
MO,Dunklin,29069,1075,5044,97,6216,8
MO,Franklin,29071,9662,26096,1042,36800,2
MO,Gasconade,29073,1024,4674,0,5698,3
MO,Gentry,29075,427,1852,44,2323,6
MO,Greene,29077,36863,58363,2517,97743,7
MO,Grundy,29079,454,2711,65,3230,6
MO,Harrison,29081,319,2368,46,2733,6
MO,Henry,29083,1587,5643,204,7434,4
MO,Hickory,29085,665,2907,68,3640,4
MO,Holt,29087,204,1423,44,1671,6
MO,Howard,29089,1011,2651,129,3791,4
MO,Howell,29091,2077,10867,321,13265,8
MO,Iron,29093,633,2350,69,3052,8
MO,Jackson,29095,59553,67162,3533,130248,4;5;6
MO,Jasper,29097,8253,25657,770,34680,7
MO,Jefferson,29099,25998,51037,1543,78578,3;8
MO,Johnson,29101,4229,10849,526,15604,4
MO,Kansas City,36000,67626,16609,1746,85981,5
MO,Knox,29103,183,1164,16,1363,6
MO,Laclede,29105,1664,9453,216,11333,4
MO,Lafayette,29107,2785,8982,262,12029,4
MO,Lawrence,29109,2036,10252,240,12528,7
MO,Lewis,29111,535,2591,57,3183,6
MO,Lincoln,29113,4469,14681,551,19701,6
MO,Linn,29115,795,3241,95,4131,6
MO,Livingston,29117,803,3892,76,4771,6
MO,Macon,29121,977,4531,81,5589,6
MO,Madison,29123,688,2972,62,3722,8
MO,Maries,29125,558,2881,0,3439,3
MO,Marion,29127,1781,6790,131,8702,6
MO,McDonald,29119,871,5081,140,6092,7
MO,Mercer,29129,152,1097,17,1266,6
MO,Miller,29131,1318,7391,0,8709,3
MO,Mississippi,29133,539,2301,42,2882,8
MO,Moniteau,29135,852,4278,0,5130,3
MO,Monroe,29137,517,2581,56,3154,6
MO,Montgomery,29139,794,3268,0,4062,3
MO,Morgan,29141,1311,5376,173,6860,4
MO,New Madrid,29143,903,3440,56,4399,8
MO,Newton,29145,3771,15803,352,19926,7
MO,Nodaway,29147,1737,5204,132,7073,6
MO,Oregon,29149,505,2528,50,3083,8
MO,Osage,29151,684,4832,0,5516,3
MO,Ozark,29153,492,3121,76,3689,8
MO,Pemiscot,29155,665,2526,27,3218,8
MO,Perry,29157,1023,5213,89,6325,8
MO,Pettis,29159,2935,9794,342,13071,4
MO,Phelps,29161,3576,9690,337,13603,8
MO,Pike,29163,1075,4020,60,5155,6
MO,Platte,29165,17827,22310,870,41007,6
MO,Polk,29167,1889,8400,254,10543,4
MO,Pulaski,29169,1643,7104,213,8960,4
MO,Putnam,29171,214,1478,24,1716,6
MO,Ralls,29173,761,3167,54,3982,6
MO,Randolph,29175,1592,5632,160,7384,6
MO,Ray,29177,1919,5723,241,7883,6
MO,Reynolds,29179,436,1934,38,2408,8
MO,Ripley,29181,561,3139,58,3758,8
MO,Saline,29195,1722,4374,140,6236,4
MO,Schuyler,29197,232,1272,35,1539,6
MO,Scotland,29199,218,1123,28,1369,6
MO,Scott,29201,2099,9348,163,11610,8
MO,Shannon,29203,515,2355,41,2911,8
MO,Shelby,29205,373,1882,48,2303,6
MO,St. Charles,29183,57997,90623,903,149523,2;3
MO,St. Clair,29185,665,2920,92,3677,4
MO,St. Francois,29187,4481,13262,442,18185,8
MO,St. Louis,29189,207508,152610,8070,368188,1;2
MO,St. Louis,29510,63740,17173,2414,83327,1
MO,Ste. Genevieve,29186,1883,4561,119,6563,8
MO,Stoddard,29207,1061,7499,109,8669,8
MO,Stone,29209,2362,11132,251,13745,7
MO,Sullivan,29211,249,1467,29,1745,6
MO,Taney,29213,3247,14160,307,17714,7
MO,Texas,29215,1152,6945,163,8260,8
MO,Vernon,29217,1205,4789,113,6107,4
MO,Warren,29219,3249,9637,257,13143,2;3
MO,Washington,29221,1395,5416,0,6811,3
MO,Wayne,29223,576,3425,64,4065,8
MO,Webster,29225,2333,10386,314,13033,4;7
MO,Worth,29227,148,696,23,867,6
MO,Wright,29229,705,5418,124,6247,8
MO,Adair,29001,2171,4768,142,7081,6
MO,Andrew,29003,1405,5182,148,6735,6
MO,Atchison,29005,302,1583,43,1928,6
MO,Audrain,29007,1671,5569,164,7404,6
MO,Barry,29009,1792,8813,321,10926,7
MO,Barton,29011,531,3699,66,4296,4
MT,Powell,30077,639,1762,172,2573,1
MT,Valley,30105,512,2217,491,3220,2
MT,Roosevelt,30085,969,1396,213,2578,2
MT,Dawson,30021,524,2583,447,3554,2
MT,Richland,30083,530,2941,283,3754,2
MT,Beaverhead,30001,1330,3004,193,4527,1
MT,Mineral,30061,580,1458,146,2184,1
MT,Lincoln,30053,2200,6687,446,9333,1
MT,Powder River,30075,62,724,113,899,2
MT,Daniels,30019,80,601,80,761,2
MT,Silver Bow,30093,8434,5048,665,14147,1
MT,Broadwater,30007,399,2417,614,3430,2
MT,Madison,30057,1483,3290,258,5031,1
MT,Park,30067,2487,4236,2294,9017,2
MT,Wibaux,30109,33,357,49,439,2
MT,Rosebud,30087,516,1747,443,2706,2
MT,Stillwater,30095,488,3214,826,4528,2
MT,Deer Lodge,30023,2256,1510,212,3978,1
MT,Prairie,30079,72,467,70,609,2
MT,McCone,30055,92,770,65,927,2
MT,Jefferson,30043,1031,3752,1696,6479,2
MT,Chouteau,30015,395,1463,432,2290,2
MT,Treasure,30103,22,307,93,422,2
MT,Meagher,30059,89,628,196,913,2
MT,Liberty,30051,117,660,140,917,2
MT,Teton,30099,479,1917,514,2910,2
MT,Missoula,30063,35991,18846,1703,56540,1
MT,Musselshell,30065,183,1793,283,2259,2
MT,Fergus,30027,619,3808,998,5425,2
MT,Cascade,30013,6638,15634,6807,29079,2
MT,Lewis and Clark,30049,7422,14237,11664,33323,2
MT,Gallatin,30031,28747,22288,1810,52845,1
MT,Flathead,30029,16571,29290,1864,47725,1
MT,Sheridan,30091,353,1097,161,1611,2
MT,Toole,30101,194,1212,251,1657,2
MT,Lake,30047,5388,7389,541,13318,1
MT,Yellowstone,30111,12999,32351,15429,60779,2
MT,Blaine,30005,587,1040,228,1855,2
MT,Hill,30041,1463,2703,975,5141,2
MT,Carter,30011,37,663,59,759,2
MT,Ravalli,30081,7523,15158,886,23567,1
MT,Granite,30039,533,1149,100,1782,1
MT,Phillips,30071,203,1376,176,1755,2
MT,Judith Basin,30045,127,784,183,1094,2
MT,Fallon,30025,94,1053,94,1241,2
MT,Carbon,30009,1030,3294,1509,5833,2
MT,Wheatland,30107,84,576,181,841,2
MT,Custer,30017,848,2959,754,4561,2
MT,Big Horn,30003,1214,1476,556,3246,2
MT,Sanders,30089,1615,4549,460,6624,1
MT,Glacier,30035,1748,1213,111,3072,1
MT,Sweet Grass,30097,205,1276,380,1861,2
MT,Golden Valley,30037,37,348,61,446,2
MT,Garfield,30033,18,586,54,658,2
MT,Petroleum,30069,13,235,41,289,2
MT,Pondera,30073,442,1542,336,2320,1;2
NE,Cass,31025,3400,7705,0,11105,1
NE,Dodge,31053,3495,7825,0,11320,1
NE,Butler,31023,632,2791,0,3423,1
NE,Colfax,31037,465,1919,0,2384,1
NE,Cuming,31039,496,2648,0,3144,1
NE,Lancaster,31109,59965,53563,0,113528,1
NE,Madison,31119,1951,9677,0,11628,1
NE,Platte,31141,1766,9200,0,10966,1
NE,Polk,31143,321,1659,33,2013,1;3
NE,Sarpy,31153,25998,38261,0,64259,1;2
NE,Seward,31159,1703,4936,0,6639,1
NE,Stanton,31167,328,2132,0,2460,1
NE,Douglas,31055,98055,93363,0,191418,2
NE,Saunders,31155,2295,7111,0,9406,2
NE,Adams,31001,2166,7284,686,10136,3
NE,Antelope,31003,195,2119,91,2405,3
NE,Arthur,31005,8,228,7,243,3
NE,Banner,31007,32,312,13,357,3
NE,Blaine,31009,17,172,6,195,3
NE,Boone,31011,253,2065,127,2445,3
NE,Box Butte,31013,543,2551,205,3299,3
NE,Boyd,31015,72,796,16,884,3
NE,Brown,31017,88,1061,58,1207,3
NE,Buffalo,31019,3100,11766,893,15759,3
NE,Burt,31021,499,1923,228,2650,3
NE,Cedar,31027,368,3147,178,3693,3
NE,Chase,31029,123,1334,36,1493,3
NE,Cherry,31031,186,2133,155,2474,3
NE,Cheyenne,31033,402,2698,191,3291,3
NE,Clay,31035,285,2203,166,2654,3
NE,Custer,31041,413,3698,191,4302,3
NE,Dakota,31043,825,2499,210,3534,3
NE,Dawes,31045,564,2268,215,3047,3
NE,Dawson,31047,800,4449,320,5569,3
NE,Deuel,31049,63,629,41,733,3
NE,Dixon,31051,315,1710,117,2142,3
NE,Dundy,31057,51,670,27,748,3
NE,Fillmore,31059,359,1875,121,2355,3
NE,Franklin,31061,112,999,62,1173,3
NE,Frontier,31063,98,902,64,1064,3
NE,Furnas,31065,186,1562,91,1839,3
NE,Gage,31067,1756,5448,582,7786,3
NE,Garden,31069,79,714,64,857,3
NE,Garfield,31071,52,680,26,758,3
NE,Gosper,31073,84,706,39,829,3
NE,Grant,31075,10,259,8,277,3
NE,Greeley,31077,123,840,48,1011,3
NE,Hall,31079,3289,10776,943,15008,3
NE,Hamilton,31081,540,3194,243,3977,3
NE,Harlan,31083,169,1133,75,1377,3
NE,Hayes,31085,15,356,6,377,3
NE,Hitchcock,31087,83,881,71,1035,3
NE,Holt,31089,336,3452,144,3932,3
NE,Hooker,31091,30,319,18,367,3
NE,Howard,31093,323,1939,130,2392,3
NE,Jefferson,31095,505,1985,151,2641,3
NE,Johnson,31097,329,1161,101,1591,3
NE,Kearney,31099,347,2058,124,2529,3
NE,Keith,31101,344,2381,149,2874,3
NE,Keya Paha,31103,28,376,7,411,3
NE,Kimball,31105,139,1099,77,1315,3
NE,Knox,31107,416,2993,170,3579,3
NE,Lincoln,31111,1876,9129,793,11798,3
NE,Logan,31113,18,294,12,324,3
NE,Loup,31115,39,279,11,329,3
NE,McPherson,31117,15,198,4,217,3
NE,Merrick,31121,365,2585,232,3182,3
NE,Morrill,31123,212,1533,152,1897,3
NE,Nance,31125,190,982,76,1248,3
NE,Nemaha,31127,406,1728,171,2305,3
NE,Nuckolls,31129,179,1325,54,1558,3
NE,Otoe,31131,1199,4016,408,5623,3
NE,Pawnee,31133,160,834,63,1057,3
NE,Perkins,31135,97,960,47,1104,3
NE,Phelps,31137,409,3038,152,3599,3
NE,Pierce,31139,200,2491,129,2820,3
NE,Red Willow,31145,422,3304,220,3946,3
NE,Richardson,31147,507,2103,233,2843,3
NE,Rock,31149,44,526,11,581,3
NE,Saline,31151,912,2514,247,3673,3
NE,Scotts Bluff,31157,1883,7016,795,9694,3
NE,Thurston,31173,321,787,124,1232,3
NE,Sheridan,31161,172,1595,86,1853,3
NE,Sherman,31163,199,938,60,1197,3
NE,Sioux,31165,46,478,18,542,3
NE,Thayer,31169,298,1757,82,2137,3
NE,Thomas,31171,28,265,10,303,3
NE,Valley,31175,214,1501,82,1797,3
NE,Washington,31177,1741,6220,557,8518,3
NE,Wayne,31179,537,2250,157,2944,3
NE,Webster,31181,159,1073,57,1289,3
NE,Wheeler,31183,27,312,9,348,3
NE,York,31185,707,3975,240,4922,3
NV,Carson City,32510,8865,14136,602,23603,2
NV,Churchill,32001,1931,7536,336,9803,2;4
NV,Clark,32003,355938,312076,5533,673547,1;3;4
NV,Douglas,32005,7897,20486,566,28949,2
NV,Elko,32007,2757,12675,643,16075,2
NV,Esmeralda,32009,73,363,0,436,4
NV,Eureka,32011,54,697,26,777,2
NV,Humboldt,32013,1044,4844,180,6068,2
NV,Lander,32015,295,1784,111,2190,2
NV,Lincoln,32017,334,1799,0,2133,2;4
NV,Lyon,32019,5392,17290,776,23458,2;4
NV,Mineral,32021,675,1183,0,1858,4
NV,Nye,32023,6273,14368,0,20641,4
NV,Pershing,32027,337,1366,61,1764,2
NV,Storey,32029,605,1851,84,2540,2
NV,Washoe,32031,87585,100151,4148,191884,2
NV,White Pine,32033,602,2696,121,3419,2
NH,Belknap,33001,14078,16457,0,30535,1;2
NH,Rockingham,33015,79208,74071,0,153279,1;2
NH,Strafford,33017,33853,22495,0,56348,1
NH,Carroll,33003,13873,13207,0,27080,1;2
NH,Hillsborough,33011,93672,77502,0,171174,1;2
NH,Merrimack,33013,40439,29903,0,70342,1;2
NH,Cheshire,33005,20390,13358,0,33748,2
NH,Sullivan,33019,10243,8806,0,19049,2
NH,Grafton,33009,27047,15468,0,42515,2
NH,Coos,33007,6224,6541,0,12765,2
NJ,Burlington,34005,97331,67036,1472,165839,1;3
NJ,Camden,34007,97135,44394,3684,145213,1
NJ,Gloucester,34015,51066,47478,2138,100682,1;2
NJ,Atlantic,34001,33585,42208,810,76603,2
NJ,Ocean,34029,60427,143760,2609,206796,2;4
NJ,Cape May,34009,13210,24113,456,37779,2
NJ,Cumberland,34011,13352,17314,469,31135,2
NJ,Salem,34033,6888,11443,280,18611,2
NJ,Mercer,34021,66487,30160,1000,97647,3;12
NJ,Monmouth,34025,99377,126830,3679,229886,3;4;6
NJ,Bergen,34003,163301,123708,2639,289648,5;9
NJ,Passaic,34031,60820,50726,1579,113125,5;9;11
NJ,Sussex,34037,20418,34298,484,55200,5;7
NJ,Middlesex,34023,118932,81569,2819,203320,6;12
NJ,Hunterdon,34019,27657,32678,0,60335,7
NJ,Morris,34027,97421,93172,1218,191811,7;11
NJ,Somerset,34035,65229,51696,445,117370,7;12
NJ,Union,34039,90186,49208,1330,140724,7;8;10;12
NJ,Warren,34041,14950,23997,0,38947,7
NJ,Essex,34013,135656,37769,2666,176091,8;10;11
NJ,Hudson,34017,82938,26696,3256,112890,8;9;10
NM,Bernalillo,35001,146416,95893,0,242309,1;2
NM,Chaves,35005,4693,11488,0,16181,1;2;3
NM,De Baca,35011,211,512,0,723,1
NM,Guadalupe,35019,937,740,0,1677,1
NM,Lincoln,35027,2486,5762,0,8248,1
NM,Otero,35035,6045,11366,0,17411,1;2
NM,Sandoval,35043,32029,28508,0,60537,1;3
NM,Santa Fe,35049,54068,15163,0,69231,1;3
NM,Torrance,35057,1795,3675,0,5470,1
NM,Catron,35003,493,1497,0,1990,2
NM,Cibola,35006,3514,3195,0,6709,2
NM,Doña Ana,35013,32248,24943,0,57191,2
NM,Eddy,35015,3824,12703,0,16527,2;3
NM,Grant,35017,6290,5281,0,11571,2
NM,Hidalgo,35023,645,931,0,1576,2
NM,Lea,35025,2533,11334,0,13867,2;3
NM,Luna,35029,2563,3236,0,5799,2
NM,McKinley,35031,13213,5761,0,18974,2;3
NM,Sierra,35051,1891,2970,0,4861,2
NM,Socorro,35053,3089,2905,0,5994,2
NM,Valencia,35061,10844,14333,0,25177,1;2
NM,Colfax,35007,2406,2465,0,4871,3
NM,Curry,35009,2829,7320,0,10149,3
NM,Harding,35021,163,244,0,407,3
NM,Los Alamos,35028,6472,3600,0,10072,3
NM,Mora,35033,1799,612,0,2411,3
NM,Quay,35037,936,2047,0,2983,3
NM,Rio Arriba,35039,9050,3707,0,12757,3
NM,Roosevelt,35041,1300,3313,0,4613,3
NM,San Juan,35045,14412,25150,0,39562,3
NM,San Miguel,35047,7318,2091,0,9409,3
NM,Taos,35055,10741,2504,0,13245,3
NM,Union,35059,377,1080,0,1457,3
NY,Herkimer,36043,6400,16035,5,22440,21
NY,Broome,36007,32906,34789,29,67724,19
NY,Nassau,36059,234631,272645,149,507425,2;3;4
NY,Wayne,36117,10343,22663,18,33024,24
NY,Clinton,36019,14011,13611,9,27631,21
NY,Wyoming,36121,3168,11647,578,15393,24
NY,Seneca,36099,4639,6647,8,11294,24
NY,Yates,36123,2908,5226,6,8140,24
NY,Columbia,36021,16100,13423,7,29530,19
NY,Jefferson,36045,10076,20959,17,31052,21;24
NY,Warren,36113,13221,14888,16,28125,21
NY,Queens,36081,289218,136683,2413,428314,3;5;6;7;14
NY,Niagara,36063,32434,41750,27,74211,24;26
NY,Tioga,36107,6957,11892,5,18854,19
NY,Franklin,36033,7239,7972,3,15214,21
NY,St. Lawrence,36089,14327,20070,13,34410,21
NY,Oswego,36075,13035,26609,32,39676,22;24
NY,Tompkins,36109,25933,9200,14,35147,19
NY,New York,36061,370636,57575,4774,432985,10;12;13
NY,Rensselaer,36083,30417,31537,22,61976,20;21
NY,Delaware,36025,7010,11439,2,18451,19
NY,Dutchess,36027,57041,57189,42,114272,17;18
NY,Bronx,36005,149373,33198,1369,183940,13;14;15;16
NY,Washington,36115,8570,13472,0,22042,21
NY,Orleans,36073,3238,9913,2,13153,24;25
NY,Essex,36031,7967,7642,2,15611,21
NY,Otsego,36077,7142,11646,8,18796,19;21
NY,Schuyler,36097,2731,4923,162,7816,23
NY,Kings,36047,410477,119130,2117,531724,7;8;9;10;11
NY,Cattaraugus,36009,7342,18081,7,25430,23
NY,Lewis,36049,2742,7869,0,10611,21
NY,Ontario,36069,19639,25823,60,45522,24
NY,Saratoga,36091,49585,53825,21,103431,20
NY,Orange,36071,55886,65538,84,121508,18
NY,Oneida,36065,27835,46143,29,74007,22
NY,Westchester,36119,193225,122374,229,315828,16;17
NY,Madison,36053,10786,15240,32,26058,22
NY,Cortland,36023,7232,8775,8,16015,19
NY,Chenango,36017,4950,10312,14,15276,19
NY,Chemung,36015,9668,17664,34,27366,23
NY,Schenectady,36093,28711,25509,33,54253,20
NY,Richmond,36085,48994,91216,75,140285,11
NY,Monroe,36055,150429,125291,130,275850,25
NY,Suffolk,36103,235968,318691,122,554781,1;2
NY,Putnam,36079,16933,24071,7,41011,17
NY,Sullivan,36105,9767,14529,5,24301,19
NY,Allegany,36003,3643,11812,8,15463,23
NY,Greene,36039,7693,12261,5,19959,19
NY,Fulton,36035,5864,12822,6,18692,21
NY,Hamilton,36041,939,1934,0,2873,21
NY,Steuben,36101,9722,24233,10,33965,23
NY,Chautauqua,36013,14281,28409,25,42715,23
NY,Livingston,36051,7882,16055,8,23945,24
NY,Erie,36029,188619,148317,0,336936,23;26
NY,Montgomery,36057,5499,10242,5,15746,21
NY,Cayuga,36011,10412,16068,16,26496,24
NY,Onondaga,36067,94267,74055,90,168412,22
NY,Genesee,36037,5932,15637,16,21585,24
NY,Albany,36001,71621,44475,83,116179,20
NY,Rockland,36087,48725,59120,112,107957,17
NY,Schoharie,36095,4285,8446,4,12735,21
NY,Ulster,36111,29089,20261,0,49350,18
NC,Caldwell,37027,6235,21527,9,27771,5;10
NC,Carteret,37031,8462,23690,0,32152,3
NC,Cabarrus,37025,32344,42895,0,75239,8;12
NC,Burke,37023,8655,21251,29,29935,10
NC,Catawba,37035,15441,39884,154,55479,10
NC,Rowan,37159,14203,33741,0,47944,8
NC,New Hanover,37129,46138,47479,0,93617,7
NC,Rockingham,37157,10482,21654,391,32527,6
NC,Wake,37183,287376,163429,0,450805,2;13
NC,Pender,37141,7418,16016,0,23434,7
NC,Perquimans,37143,1669,3789,0,5458,1
NC,Vance,37181,7333,5579,0,12912,1
NC,Macon,37113,4545,10847,315,15707,11
NC,Mecklenburg,37119,237751,122169,0,359920,12;14
NC,Stanly,37167,5038,18492,0,23530,8
NC,Polk,37149,3597,5767,160,9524,11
NC,Hoke,37093,7259,5795,0,13054,9
NC,Pitt,37147,29910,24800,0,54710,1;3
NC,Wilson,37195,13132,12997,0,26129,1
NC,Warren,37185,4470,2696,0,7166,1
NC,Union,37179,30977,58792,0,89769,8
NC,Yancey,37199,2847,5852,152,8851,11
NC,Hyde,37095,719,1139,0,1858,3
NC,Durham,37063,102933,24564,0,127497,4
NC,Cumberland,37051,46197,37249,0,83446,7;9
NC,Greene,37079,3025,2994,0,6019,1
NC,Caswell,37033,3213,4835,74,8122,4;6
NC,Granville,37077,9659,12473,0,22132,4
NC,Guilford,37081,110418,74501,1986,186905,6
NC,Forsyth,37067,72612,61235,359,134206,5;6
NC,Franklin,37069,12351,15092,0,27443,1
NC,Lenoir,37107,7507,11078,0,18585,3
NC,McDowell,37111,3870,11948,251,16069,11
NC,Craven,37049,13742,23112,0,36854,3
NC,Cherokee,37039,2405,9628,191,12224,11
NC,Camden,37029,1033,3222,0,4255,3
NC,Cleveland,37045,10151,22617,24,32792,10
NC,Chowan,37041,2211,3279,0,5490,1
NC,Clay,37043,1302,4124,76,5502,11
NC,Duplin,37061,4931,10219,0,15150,3
NC,Scotland,37165,4347,5131,0,9478,9
NC,Montgomery,37123,2665,5954,0,8619,8
NC,Robeson,37155,12704,14075,0,26779,7
NC,Wayne,37191,13992,21058,0,35050,3;13
NC,Wilkes,37193,4636,19806,0,24442,5
NC,Gaston,37071,25833,47368,15,73216,10;14
NC,Harnett,37085,13400,23248,0,36648,9;13
NC,Haywood,37087,9879,16431,451,26761,11
NC,Columbus,37047,6882,12143,0,19025,7
NC,Moore,37125,14060,28152,0,42212,9
NC,Nash,37127,17017,18495,0,35512,1
NC,Ashe,37009,3188,8639,0,11827,5
NC,Avery,37011,1543,5254,0,6797,5
NC,Transylvania,37175,6790,9081,343,16214,11
NC,Edgecombe,37065,9488,5945,0,15433,1
NC,Rutherford,37161,5510,17734,129,23373,10;11
NC,Sampson,37163,5865,11890,0,17755,3
NC,Lee,37105,7623,11499,0,19122,9
NC,Jones,37103,1355,2499,0,3854,3
NC,Lincoln,37109,9036,27191,38,36265,10
NC,Madison,37115,3987,5902,188,10077,11
NC,Iredell,37097,20835,48546,46,69427,10
NC,Halifax,37083,9099,6549,0,15648,1
NC,Jackson,37099,6528,8136,262,14926,11
NC,Johnston,37101,29170,46215,0,75385,13
NC,Henderson,37089,19871,30466,861,51198,11
NC,Buncombe,37021,73906,44062,1976,119944,11
NC,Currituck,37053,2804,8764,0,11568,3
NC,Dare,37055,7202,10556,0,17758,3
NC,Davidson,37057,14526,44604,0,59130,8
NC,Bertie,37015,3604,2726,0,6330,1
NC,Bladen,37017,4750,7003,0,11753,7
NC,Orange,37135,51115,15185,0,66300,4
NC,Surry,37171,5662,19071,0,24733,5
NC,Person,37145,5617,9780,0,15397,4
NC,Onslow,37133,13579,30322,0,43901,3
NC,Northampton,37131,3825,2931,0,6756,1
NC,Hertford,37091,4191,2400,0,6591,1
NC,Beaufort,37013,6024,12899,0,18923,3
NC,Anson,37007,3305,3843,0,7148,8
NC,Randolph,37151,9165,38851,0,48016,9
NC,Brunswick,37019,26297,46673,0,72970,7
NC,Stokes,37169,3846,14328,0,18174,5
NC,Yadkin,37197,2352,11490,0,13842,5
NC,Chatham,37037,22349,16961,0,39310,9
NC,Pamlico,37137,2064,4067,0,6131,3
NC,Pasquotank,37139,6787,7281,0,14068,1
NC,Richmond,37153,4758,7732,0,12490,8;9
NC,Martin,37117,4207,4482,0,8689,1
NC,Davie,37059,4395,13648,0,18043,5
NC,Washington,37187,2153,1910,0,4063,1
NC,Watauga,37189,11893,10841,0,22734,5
NC,Gates,37073,1810,2488,0,4298,1
NC,Graham,37075,620,2810,78,3508,11
NC,Alamance,37001,25521,34329,0,59850,4
NC,Swain,37173,1734,2945,92,4771,11
NC,Tyrrell,37177,540,730,0,1270,1
NC,Alexander,37003,2921,12244,27,15192,10
NC,Alleghany,37005,1185,3846,0,5031,5
NC,Mitchell,37121,1395,5079,0,6474,5
ND,Adams,38001,231,690,0,921,1
ND,Barnes,38003,1484,2375,6,3865,1
ND,Benson,38005,638,795,3,1436,1
ND,Billings,38007,92,439,0,531,1
ND,Bottineau,38009,808,2027,6,2841,1
ND,Bowman,38011,280,1074,1,1355,1
ND,Burke,38013,160,614,1,775,1
ND,Burleigh,38015,13285,21915,109,35309,1
ND,Cass,38017,27281,26107,151,53539,1
ND,Cavalier,38019,422,1117,4,1543,1
ND,Dickey,38021,535,1231,0,1766,1
ND,Divide,38023,287,733,1,1021,1
ND,Dunn,38025,344,1301,3,1648,1
ND,Eddy,38027,299,633,1,933,1
ND,Emmons,38029,301,1212,4,1517,1
ND,Foster,38031,342,896,1,1239,1
ND,Golden Valley,38033,155,615,2,772,1
ND,Grand Forks,38035,8119,10560,45,18724,1
ND,Grant,38037,230,871,3,1104,1
ND,Griggs,38039,318,670,2,990,1
ND,Hettinger,38041,213,813,1,1027,1
ND,Kidder,38043,290,768,0,1058,1
ND,LaMoure,38045,491,1139,1,1631,1
ND,Logan,38047,179,639,3,821,1
ND,McHenry,38049,546,1596,4,2146,1
ND,McIntosh,38051,304,791,0,1095,1
ND,McKenzie,38053,721,2468,5,3194,1
ND,McLean,38055,1236,2960,12,4208,1
ND,Mercer,38057,860,2710,7,3577,1
ND,Morton,38059,3897,7385,22,11304,1
ND,Mountrail,38061,884,1702,5,2591,1
ND,Nelson,38063,553,955,1,1509,1
ND,Oliver,38065,174,654,1,829,1
ND,Pembina,38067,697,1741,2,2440,1
ND,Pierce,38069,483,997,1,1481,1
ND,Ramsey,38071,1393,2598,0,3991,1
ND,Ransom,38073,853,956,4,1813,1
ND,Renville,38075,198,690,1,889,1
ND,Richland,38077,2313,3603,5,5921,1
ND,Rolette,38079,1502,1133,6,2641,1
ND,Sargent,38081,671,912,0,1583,1
ND,Sheridan,38083,137,481,2,620,1
ND,Slope,38087,50,252,1,303,1
ND,Sioux,38085,373,196,3,572,1
ND,Stark,38089,1987,7106,19,9112,1
ND,Steele,38091,325,457,2,784,1
ND,Stutsman,38093,2382,4281,9,6672,1
ND,Towner,38095,292,558,0,850,1
ND,Traill,38097,1186,1749,10,2945,1
ND,Walsh,38099,1026,2427,5,3458,1
ND,Ward,38101,5355,11266,44,16665,1
ND,Wells,38103,412,1254,8,1674,1
ND,Williams,38105,2050,5287,16,7353,1
OH,Hamilton,39061,168517,133901,0,302418,1;8
OH,Warren,39165,34375,66860,0,101235,1
OH,Adams,39001,1473,7411,0,8884,2
OH,Brown,39015,2566,11680,0,14246,2
OH,Clermont,39025,22842,57353,0,80195,2
OH,Clinton,39027,3037,11066,0,14103,2
OH,Fayette,39047,1701,6733,0,8434,2;15
OH,Gallia,39053,1864,7126,0,8990,2
OH,Highland,39071,2255,10888,0,13143,2
OH,Hocking,39073,2830,6505,0,9335,2
OH,Jackson,39079,2045,6750,0,8795,2
OH,Lawrence,39087,4524,12921,0,17445,2
OH,Meigs,39105,1650,5664,0,7314,2
OH,Pickaway,39129,5022,14398,0,19420,2
OH,Pike,39131,1979,5842,0,7821,2
OH,Ross,39141,6875,15689,0,22564,2
OH,Scioto,39145,5781,15297,0,21078,2
OH,Vinton,39163,927,3030,0,3957,2
OH,Franklin,39049,269141,152921,18,422080,3;15
OH,Allen,39003,9034,23713,0,32747,4
OH,Ashland,39005,4395,14005,0,18400,4
OH,Auglaize,39011,3354,15416,0,18770,4
OH,Champaign,39021,3738,10767,0,14505,4
OH,Delaware,39041,42719,55757,0,98476,4;12
OH,Hardin,39065,2149,6946,0,9095,4
OH,Logan,39091,3512,13002,0,16514,4
OH,Marion,39101,5784,13499,0,19283,4
OH,Morrow,39117,2896,10447,0,13343,4
OH,Richland,39139,11724,30137,0,41861,4
OH,Shelby,39149,2944,15081,0,18025,4;15
OH,Union,39159,8460,17021,0,25481,4
OH,Wyandot,39175,1866,6326,0,8192,4;5
OH,Crawford,39033,3324,11539,0,14863,5
OH,Hancock,39063,6866,20495,0,27361,5
OH,Henry,39069,2219,8239,0,10458,5
OH,Huron,39077,4956,13429,0,18385,5
OH,Lorain,39093,51701,57685,0,109386,5
OH,Mercer,39107,2639,15108,0,17747,5
OH,Paulding,39125,1405,5141,0,6546,5
OH,Putnam,39137,1767,13345,0,15112,5
OH,Seneca,39147,4855,13354,0,18209,5
OH,Van Wert,39161,1858,8296,0,10154,5
OH,Wood,39173,22995,25100,0,48095,5;9
OH,Belmont,39013,5722,16791,0,22513,6
OH,Carroll,39019,2159,7966,0,10125,6
OH,Columbiana,39029,8519,26935,0,35454,6
OH,Harrison,39067,1129,4065,0,5194,6
OH,Jefferson,39081,6325,16534,0,22859,6
OH,Mahoning,39099,37447,47701,0,85148,6
OH,Monroe,39111,1021,3862,0,4883,6
OH,Noble,39121,767,3852,0,4619,6
OH,Stark,39151,53341,79001,0,132342,6;13
OH,Tuscarawas,39157,8634,21543,0,30177,6;12
OH,Washington,39167,6098,16684,0,22782,6
OH,Cuyahoga,39035,262637,139341,38,402016,7;11
OH,Holmes,39075,1271,7244,2,8517,7;12
OH,Medina,39103,28741,48210,21,76972,7
OH,Wayne,39169,11489,26815,25,38329,7
OH,Butler,39017,44497,83837,0,128334,8
OH,Darke,39037,3092,16770,0,19862,8
OH,Miami,39109,10205,31608,0,41813,8;15
OH,Preble,39135,2988,12794,0,15782,8
OH,Defiance,39039,5272,7914,0,13186,9
OH,Erie,39043,15249,13498,0,28747,9
OH,Fulton,39051,6544,9584,0,16128,9
OH,Lucas,39095,86676,44972,0,131648,9
OH,Ottawa,39123,8906,9400,0,18306,9
OH,Sandusky,39143,9523,11607,0,21130,9
OH,Williams,39171,4732,7947,0,12679,9
OH,Clark,39023,14388,29900,0,44288,10;15
OH,Greene,39057,21003,44764,0,65767,10
OH,Montgomery,39113,74650,109334,0,183984,10
OH,Athens,39009,10753,8027,0,18780,12
OH,Coshocton,39031,2536,8830,0,11366,12
OH,Fairfield,39045,19965,38972,0,58937,12
OH,Guernsey,39059,2704,9494,0,12198,12
OH,Knox,39083,5954,17018,0,22972,12
OH,Licking,39089,20713,45570,0,66283,12
OH,Morgan,39115,1000,3846,0,4846,12
OH,Muskingum,39119,6333,21255,0,27588,12
OH,Perry,39127,2671,9278,0,11949,12
OH,Portage,39133,24792,35077,0,59869,13;14
OH,Summit,39153,110599,85864,0,196463,13
OH,Ashtabula,39007,10259,20464,0,30723,14
OH,Geauga,39055,13987,28550,0,42537,14
OH,Lake,39085,35167,58260,0,93427,14
OH,Trumbull,39155,29931,41756,0,71687,14
OH,Madison,39097,3661,10376,0,14037,15
OK,Adair,40001,1165,3756,234,5155,2
OK,Alfalfa,40003,184,1547,0,1731,3
OK,Atoka,40005,627,3172,112,3911,2
OK,Beaver,40007,145,1538,0,1683,3
OK,Beckham,40009,752,4707,0,5459,3
OK,Blaine,40011,503,2465,0,2968,3
OK,Bryan,40013,2461,8580,401,11442,2
OK,Caddo,40015,1756,5276,0,7032,3
OK,Canadian,40017,12996,35674,1151,49821,3;5
OK,Carter,40019,3151,10207,0,13358,4
OK,Cherokee,40021,4864,7908,671,13443,2
OK,Choctaw,40023,697,3224,109,4030,2
OK,Cimarron,40025,34,690,0,724,3
OK,Cleveland,40027,38215,52505,0,90720,4
OK,Coal,40029,329,1460,106,1895,2
OK,Comanche,40031,8258,15249,0,23507,4
OK,Cotton,40033,296,1541,0,1837,4
OK,Craig,40035,1044,3217,176,4437,2
OK,Creek,40037,4696,17072,474,22242,1;3
OK,Custer,40039,1432,6036,0,7468,3
OK,Delaware,40041,2796,9926,403,13125,2
OK,Dewey,40043,188,1569,0,1757,3
OK,Ellis,40045,170,1312,0,1482,3
OK,Garfield,40047,3169,12980,0,16149,3
OK,Garvin,40049,1490,6602,0,8092,4
OK,Grady,40051,3418,14337,0,17755,4
OK,Grant,40053,230,1362,0,1592,3
OK,Greer,40055,225,1109,0,1334,3
OK,Harmon,40057,106,539,0,645,3
OK,Harper,40059,115,1044,0,1159,3
OK,Haskell,40061,623,2646,104,3373,2
OK,Hughes,40063,765,2634,123,3522,2
OK,Jackson,40065,942,4533,0,5475,3
OK,Jefferson,40067,251,1357,0,1608,4
OK,Johnston,40069,503,2371,76,2950,2
OK,Kay,40071,2953,9516,0,12469,3
OK,Kingfisher,40073,573,4273,0,4846,3
OK,Kiowa,40075,421,2036,0,2457,3
OK,Latimer,40077,620,2298,119,3037,2
OK,Le Flore,40079,2224,9500,357,12081,2
OK,Lincoln,40081,1931,8613,475,11019,5
OK,Logan,40083,3725,12561,624,16910,3;5
OK,Love,40085,509,2224,0,2733,4
OK,McClain,40087,3013,11975,0,14988,4
OK,McCurtain,40089,1346,6607,232,8185,2
OK,McIntosh,40091,1686,4446,289,6421,2
OK,Major,40093,250,2426,0,2676,3
OK,Marshall,40095,807,3449,130,4386,2
OK,Oklahoma,40109,99101,115858,5868,220827,3;4;5
OK,Mayes,40097,2940,9136,493,12569,2
OK,Murray,40099,800,3443,0,4243,4
OK,Muskogee,40101,5008,10721,1993,17722,2
OK,Noble,40103,733,3067,0,3800,3
OK,Nowata,40105,608,2553,125,3286,2
OK,Okfuskee,40107,755,2054,111,2920,2
OK,Okmulgee,40111,3398,6817,356,10571,2
OK,Osage,40113,4529,10506,0,15035,3
OK,Ottawa,40115,1883,5483,283,7649,2
OK,Pawnee,40117,1093,3933,0,5026,3
OK,Payne,40119,7683,14300,0,21983,3
OK,Pittsburg,40121,2851,9317,461,12629,2
OK,Pontotoc,40123,3031,8140,0,11171,4
OK,Pottawatomie,40125,5189,14469,942,20600,5
OK,Pushmataha,40127,526,2667,79,3272,2
OK,Roger Mills,40129,141,1169,0,1310,3
OK,Rogers,40131,7536,25025,1129,33690,1;2
OK,Seminole,40133,1463,4108,268,5839,5
OK,Sequoyah,40135,2219,7620,373,10212,2
OK,Stephens,40137,2336,10725,0,13061,4
OK,Texas,40139,480,3180,0,3660,3
OK,Tulsa,40143,72082,112497,8323,192902,1
OK,Wagoner,40145,5980,19767,1019,26766,1;2
OK,Washington,40147,4041,12489,495,17025,2
OK,Washita,40149,439,3119,0,3558,3
OK,Woods,40151,441,2248,0,2689,3
OK,Woodward,40153,714,4654,0,5368,3
OK,Tillman,40141,334,1505,0,1839,4
OR,Columbia,41009,11548,14686,35,26269,1
OR,Lincoln,41041,13872,10298,1614,25784,4
OR,Crook,41013,2849,10847,17,13713,2
OR,Wallowa,41063,1288,3194,5,4487,2
OR,Grant,41023,690,3333,14,4037,2
OR,Lane,41039,102200,68996,10891,182087,4
OR,Gilliam,41021,202,749,3,954,2
OR,Hood River,41027,6620,3608,371,10599,3
OR,Curry,41015,4566,7232,706,12504,4
OR,Malheur,41045,1796,7216,15,9027,2
OR,Deschutes,41017,53822,53034,192,107048,2;5
OR,Multnomah,41051,281925,67246,10279,359450,1;3;5
OR,Coos,41011,10761,18184,2079,31024,4
OR,Harney,41025,593,3161,15,3769,2
OR,Wasco,41065,4655,6390,18,11063,2
OR,Jackson,41029,44006,57884,101,101991,2
OR,Douglas,41019,14074,32578,3346,49998,2;4
OR,Wheeler,41069,160,632,5,797,2
OR,Lake,41037,583,3323,13,3919,2
OR,Jefferson,41031,2639,6679,16,9334,2;5
OR,Umatilla,41059,6493,17730,23,24246,2
OR,Klamath,41035,7155,22287,40,29482,2
OR,Yamhill,41071,20535,26611,1351,48497,6
OR,Baker,41001,1764,6739,10,8513,2
OR,Benton,41003,28067,13818,3014,44899,4
OR,Polk,41053,17583,21906,1074,40563,6
OR,Linn,41043,19434,40235,231,59900,4;5
OR,Union,41061,3104,8972,25,12101,2
OR,Marion,41047,56119,70336,3237,129692,2;5;6
OR,Washington,41067,158870,89259,1716,249845,1;6
OR,Tillamook,41057,6724,7172,36,13932,1
OR,Clackamas,41005,102298,104547,1664,208509,2;3;5;6
OR,Morrow,41049,846,3086,4,3936,2
OR,Sherman,41055,161,829,1,991,2
OR,Josephine,41033,13377,28253,38,41668,2
OR,Clatsop,41007,11046,8421,13,19480,1
PA,Adams,42001,0,34978,0,34978,13
PA,Allegheny,42003,329767,233060,0,562827,12;17
PA,Armstrong,42005,7140,21062,0,28202,15
PA,Beaver,42007,30575,42568,0,73143,17
PA,Bedford,42009,0,19607,0,19607,13
PA,Berks,42011,70258,78349,0,148607,4;6;9
PA,Blair,42013,0,40655,0,40655,13
PA,Bradford,42015,6040,17053,0,23093,9
PA,Bucks,42017,140222,171655,0,311877,1
PA,Butler,42019,31850,61351,0,93201,16
PA,Cambria,42021,0,44754,0,44754,13
PA,Cameron,42023,432,1448,0,1880,15
PA,Carbon,42025,9189,16844,0,26033,7
PA,Centre,42027,30783,30958,0,61741,15
PA,Chester,42029,152301,105966,0,258267,5;6
PA,Clarion,42031,3481,11762,0,15243,15
PA,Clearfield,42033,7275,24079,0,31354,15
PA,Clinton,42035,4132,9879,0,14011,15
PA,Columbia,42037,8167,16459,0,24626,9
PA,Crawford,42039,10538,22446,0,32984,16
PA,Cumberland,42041,48604,65458,0,114062,10;13
PA,Dauphin,42043,58919,55140,0,114059,10
PA,Delaware,42045,154968,94000,0,248968,5
PA,Elk,42047,3369,10249,0,13618,15
PA,Erie,42049,56423,49263,0,105686,16
PA,Fayette,42051,0,32739,0,32739,14
PA,Forest,42053,582,1600,0,2182,15
PA,Franklin,42055,0,53203,0,53203,13
PA,Fulton,42057,0,5619,0,5619,13
PA,Greene,42059,0,10209,0,10209,14
PA,Huntingdon,42061,0,15287,0,15287,13
PA,Indiana,42063,552,25167,0,25719,14;15
PA,Jefferson,42065,3485,14189,0,17674,15
PA,Juniata,42067,0,8269,0,8269,13
PA,Lackawanna,42069,52590,36483,0,89073,8
PA,Lancaster,42071,92466,131511,0,223977,11
PA,Lawrence,42073,12923,22984,0,35907,16
PA,Lebanon,42075,18374,37802,0,56176,9
PA,Lehigh,42077,73756,62343,0,136099,7
PA,Luzerne,42079,52447,63492,0,115939,8;9
PA,Lycoming,42081,12951,32959,0,45910,9;15
PA,McKean,42083,3487,11167,0,14654,15
PA,Mercer,42085,16153,28710,0,44863,16
PA,Mifflin,42087,0,14004,0,14004,13
PA,Monroe,42089,30881,27675,0,58556,7;8
PA,Montgomery,42091,260485,151088,0,411573,1;4;5
PA,Montour,42093,2879,4947,0,7826,9
PA,Northampton,42095,66657,62800,0,129457,7
PA,Northumberland,42097,9691,22986,0,32677,9
PA,Perry,42099,0,16534,0,16534,13
PA,Philadelphia,42101,405629,62962,0,468591,2;3;5
PA,Pike,42103,10030,14844,0,24874,8
PA,Potter,42105,1224,5824,0,7048,15
PA,Schuylkill,42107,16316,38972,0,55288,9
PA,Snyder,42109,3967,11229,0,15196,15
PA,Somerset,42111,0,27815,0,27815,13;14
PA,Sullivan,42113,818,2184,0,3002,9
PA,Susquehanna,42115,4845,12281,0,17126,9
PA,Tioga,42117,3648,12815,0,16463,15
PA,Union,42119,6110,9881,0,15991,15
PA,Venango,42121,5888,14868,0,20756,15;16
PA,Warren,42123,4739,11235,0,15974,15
PA,Washington,42125,0,63293,0,63293,14
PA,Wayne,42127,7912,14571,0,22483,8
PA,Westmoreland,42129,17947,112245,0,130192,12;14
PA,Wyoming,42131,3664,8014,0,11678,9
PA,York,42133,67061,118965,0,186026,10;11
RI,Bristol,44001,13072,7395,42,20509,1
RI,Kent,44003,33195,33298,2110,68603,2
RI,Providence,44007,102879,72218,1997,177094,1;2
RI,Washington,44009,31806,25422,1858,59086,2
RI,Na,00000,169,6,0,175,1;2
RI,Newport,44005,20629,11685,42,32356,1
SC,Richland,45079,82436,44201,160,126797,2;6
SC,Marlboro,45069,3276,3205,8,6489,7
SC,Hampton,45049,3053,2574,2,5629,6
SC,Jasper,45053,4752,6315,32,11099,1;6
SC,Union,45087,2632,5940,104,8676,5
SC,Calhoun,45017,2292,3346,8,5646,6
SC,Orangeburg,45075,16475,9663,25,26163,2;6
SC,Fairfield,45039,4170,3800,395,8365,5
SC,Williamsburg,45089,5903,3868,12,9783,6
SC,Colleton,45029,4984,7551,19,12554,1;6
SC,Spartanburg,45083,3658,72673,3333,79664,4;5
SC,Saluda,45081,0,5319,44,5363,3
SC,Barnwell,45011,2473,3802,6,6281,2
SC,Marion,45067,4532,3881,10,8423,7
SC,Lee,45061,3015,2171,56,5242,5
SC,Allendale,45005,1289,533,2,1824,6
SC,Abbeville,45001,0,6689,66,6755,3
SC,Horry,45051,38536,94434,239,133209,7
SC,Sumter,45085,15516,14807,314,30637,5;6
SC,Greenwood,45047,0,16318,389,16707,3
SC,Charleston,45019,81577,70701,838,153116,1;6
SC,Kershaw,45055,7201,14738,368,22307,5
SC,McCormick,45065,0,3071,41,3112,3
SC,Dillon,45033,3544,4287,5,7836,7
SC,Georgetown,45043,10489,16763,38,27290,7
SC,Dorchester,45035,20579,28313,593,49485,1;6
SC,Pickens,45077,0,33781,1046,34827,3
SC,Oconee,45073,0,24094,679,24773,3
SC,Beaufort,45013,28425,42788,683,71896,1
SC,Lexington,45063,30665,68470,183,99318,2
SC,Chesterfield,45025,4403,8116,18,12537,7
SC,York,45091,34410,60651,1475,96536,5
SC,Berkeley,45015,29251,40839,1070,71160,1
SC,Laurens,45059,0,15651,349,16000,3
SC,Anderson,45007,0,52308,1325,53633,3
SC,Clarendon,45027,4999,6458,4,11461,6
SC,Florence,45041,17964,23263,67,41294,6;7
SC,Newberry,45071,0,9803,127,9930,3
SC,Chester,45023,3508,5930,161,9599,5
SC,Aiken,45003,17705,37213,60,54978,2
SC,Edgefield,45037,0,6628,78,6706,3
SC,Bamberg,45009,2224,1753,3,3980,6
SC,Lancaster,45057,11206,23042,464,34712,5
SC,Greenville,45045,0,125660,14196,139856,3;4
SC,Cherokee,45021,3359,12678,163,16200,5
SC,Darlington,45031,8181,11810,19,20010,7
TX,Brazos,48041,20363,35373,1712,57448,10
TX,Bowie,48037,6255,20068,35,26358,1;4
TX,Camp,48063,846,3092,0,3938,1
TX,Cass,48067,1520,8393,0,9913,1
TX,Franklin,48159,506,3345,0,3851,1
TX,Gregg,48183,8728,24350,0,33078,1
TX,Harrison,48203,4743,16539,0,21282,1
TX,Marion,48315,740,2536,0,3276,1
TX,Morris,48343,935,2998,0,3933,1
TX,Panola,48365,1254,6968,0,8222,1
TX,Red River,48387,743,3466,16,4225,1;4
TX,Rusk,48401,2724,12685,0,15409,1
TX,Sabine,48403,385,3730,0,4115,1
TX,San Augustine,48405,586,2237,0,2823,1
TX,Shelby,48419,1088,5770,0,6858,1
TX,Smith,48423,18184,57501,0,75685,1
TX,Titus,48449,1563,5680,0,7243,1
TX,Upshur,48459,1890,12200,88,14178,1;5
TX,Austin,48015,1630,9280,175,11085,10
TX,Bastrop,48021,11417,16940,421,28778,10;27
TX,Fayette,48149,1569,8644,147,10360,10
TX,Grimes,48185,1645,7594,148,9387,10
TX,Lee,48287,992,5127,101,6220,10
TX,Madison,48313,560,3242,62,3864,10
TX,Travis,48453,324583,120287,8094,452964,10;17;21;35;37
TX,Waller,48473,4739,11487,334,16560,10
TX,Washington,48477,2469,11129,234,13832,10
TX,Williamson,48491,35049,122670,965,158684,10;17;31;37
TX,Burleson,48051,1087,5469,99,6655,10
TX,Colorado,48089,1289,6070,106,7465,10
TX,Bell,48027,0,62511,0,62511,11;31
TX,Brown,48049,0,11158,0,11158,11
TX,Coke,48081,0,1296,0,1296,11
TX,Coleman,48083,0,2910,0,2910,11
TX,Concho,48095,0,845,0,845,11
TX,Ector,48135,0,19146,0,19146,11
TX,Tarrant,48439,196402,332187,1432,530021,6;12;24;25;30;33
TX,Parker,48367,6813,54409,0,61222,12;25
TX,Archer,48009,352,3479,0,3831,13
TX,Armstrong,48011,60,833,0,893,13
TX,Baylor,48023,117,1181,0,1298,13
TX,Briscoe,48045,54,531,0,585,13
TX,Carson,48065,202,2175,0,2377,13
TX,Childress,48075,163,1575,0,1738,13
TX,Clay,48077,444,4006,0,4450,13
TX,Collingsworth,48087,78,836,0,914,13
TX,Cottle,48101,60,446,0,506,13
TX,Dallam,48111,85,951,0,1036,13
TX,Deaf Smith,48117,646,2288,0,2934,13
TX,Denton,48121,112910,189643,448,303001,4;13;26;32
TX,Dickens,48125,98,685,0,783,13
TX,Donley,48129,112,1069,0,1181,13
TX,Foard,48155,76,419,0,495,13
TX,Gray,48179,519,5040,0,5559,13
TX,Hall,48191,96,766,0,862,13
TX,Hansford,48195,92,1410,0,1502,13
TX,Hardeman,48197,113,860,0,973,13
TX,Hartley,48205,109,1456,0,1565,13
TX,Hemphill,48211,152,1166,0,1318,13
TX,Hutchinson,48233,585,5445,0,6030,13
TX,King,48269,3,98,0,101,13
TX,Knox,48275,147,872,0,1019,13
TX,Lipscomb,48295,85,889,0,974,13
TX,Montague,48337,819,6948,0,7767,13
TX,Moore,48341,493,3072,0,3565,13
TX,Motley,48345,22,478,0,500,13
TX,Ochiltree,48357,137,1983,0,2120,13
TX,Oldham,48359,54,708,0,762,13
TX,Potter,48375,5611,16133,0,21744,13
TX,Randall,48381,8542,39013,0,47555,13
TX,Roberts,48393,13,431,0,444,13
TX,Sherman,48421,41,658,0,699,13
TX,Wheeler,48483,104,1570,0,1674,13
TX,Wichita,48485,8191,23120,0,31311,13
TX,Wilbarger,48487,546,2565,0,3111,13
TX,Wise,48497,3242,22044,0,25286,13;26
TX,Brazoria,48039,41554,66525,1145,109224,9;14;22
TX,Galveston,48167,38998,71257,0,110255,14
TX,Jefferson,48245,26328,35246,0,61574,14;36
TX,Orange,48361,3754,21129,0,24883,14
TX,Brooks,48047,1111,706,34,1851,15
TX,Guadalupe,48187,18852,36748,434,56034,15;28
TX,Hidalgo,48215,78488,57623,3107,139218,15;34
TX,Jim Wells,48249,4351,4823,113,9287,15
TX,Karnes,48255,728,2949,40,3717,15
TX,Live Oak,48297,535,3395,33,3963,15
TX,Wilson,48493,4133,14838,307,19278,15
TX,El Paso,48141,101565,59437,1130,162132,16;23
TX,Angelina,48005,5172,19145,0,24317,17
TX,Falls,48145,1147,3523,0,4670,17
TX,Freestone,48161,545,5571,0,6116,6;17
TX,Houston,48225,1395,5714,0,7109,17
TX,Leon,48289,681,6111,0,6792,17
TX,Limestone,48293,1356,5419,0,6775,17
TX,McLennan,48309,22997,48664,0,71661,17
TX,Milam,48331,1576,6739,0,8315,17
TX,Nacogdoches,48347,5311,13288,0,18599,17
TX,Robertson,48395,1288,4657,0,5945,17
TX,Trinity,48455,820,4431,0,5251,17
TX,Walker,48471,4648,12443,66,17157,8;17
TX,Harris,48201,579982,505127,10935,1096044,2;7;8;9;18;22;29;36;38
TX,Andrews,48003,416,3277,0,3693,19
TX,Bailey,48017,144,1131,0,1275,19
TX,Borden,48033,9,303,0,312,19
TX,Callahan,48059,48,4819,0,4867,19;25
TX,Castro,48069,171,1244,0,1415,19
TX,Cochran,48079,78,518,0,596,19
TX,Crosby,48107,222,996,0,1218,19
TX,Dawson,48115,330,2108,0,2438,19
TX,Fisher,48151,168,1182,0,1350,19
TX,Floyd,48153,178,1265,0,1443,19
TX,Gaines,48165,285,3767,0,4052,19
TX,Garza,48169,109,1045,0,1154,19
TX,Hale,48189,979,5225,0,6204,19
TX,Haskell,48207,178,1442,0,1620,19
TX,Hockley,48219,658,4726,0,5384,19
TX,Howard,48227,919,5382,0,6301,19
TX,Jones,48253,548,4339,0,4887,19
TX,Kent,48263,24,311,0,335,19
TX,Lamb,48279,339,2653,0,2992,19
TX,Lubbock,48303,21367,59864,0,81231,19
TX,Lynn,48305,167,1523,0,1690,19
TX,Martin,48317,143,1326,0,1469,19
TX,Mitchell,48335,165,1554,0,1719,19
TX,Nolan,48353,520,3163,0,3683,19
TX,Parmer,48369,152,1582,0,1734,19
TX,Scurry,48415,399,3645,0,4044,19
TX,Shackelford,48417,84,1146,0,1230,19
TX,Stonewall,48433,61,487,0,548,19
TX,Swisher,48437,208,1394,0,1602,19
TX,Taylor,48441,7835,30887,0,38722,19
TX,Terry,48445,257,2198,0,2455,19
TX,Throckmorton,48447,53,612,0,665,19
TX,Yoakum,48501,137,1447,0,1584,19
TX,Montgomery,48339,47840,156001,1225,205066,2;8
TX,Bexar,48029,298891,221718,3601,524210,20;21;23;28;35
TX,Bandera,48019,1837,8603,0,10440,21
TX,Blanco,48031,1556,5172,0,6728,21
TX,Comal,48091,18937,55394,0,74331,21;35
TX,Gillespie,48171,2376,10893,0,13269,21
TX,Hays,48209,48092,40493,0,88585,21;35
TX,Kendall,48259,4425,17909,0,22334,21
TX,Kerr,48265,4555,17712,0,22267,21
TX,Real,48385,213,1343,0,1556,21
TX,Fort Bend,48157,121594,121814,3559,246967,7;9;22
TX,Matagorda,48321,2143,7298,173,9614,22
TX,Wharton,48481,2571,9346,140,12057,22
TX,Glasscock,48173,0,537,0,537,11
TX,Irion,48235,0,628,0,628,11
TX,Kimble,48267,0,1667,0,1667,11
TX,Lampasas,48281,0,6831,0,6831,11
TX,Llano,48299,0,9407,0,9407,11
TX,McCulloch,48307,0,2250,0,2250,11
TX,Mason,48319,0,1716,0,1716,11
TX,Menard,48327,0,653,0,653,11
TX,Midland,48329,0,34476,0,34476,11
TX,Mills,48333,0,1877,0,1877,11
TX,Runnels,48399,0,2906,0,2906,11
TX,San Saba,48411,0,1881,0,1881,11
TX,Sterling,48431,0,417,0,417,11
TX,Tom Green,48451,0,26208,0,26208,11
TX,Sutton,48435,146,958,46,1150,23
TX,Terrell,48443,85,263,55,403,23
TX,Upton,48461,98,853,85,1036,23
TX,Uvalde,48463,2475,4720,641,7836,23
TX,Val Verde,48465,3077,4526,1777,9380,23
TX,Ward,48475,362,1996,138,2496,23
TX,Winkler,48495,155,1086,54,1295,23
TX,Zavala,48507,1381,773,107,2261,23
TX,Brewster,48043,1506,1943,265,3714,23
TX,Crane,48103,124,933,50,1107,23
TX,Crockett,48105,223,946,51,1220,23
TX,Culberson,48109,238,386,35,659,23
TX,Dimmit,48127,1562,970,162,2694,23
TX,Edwards,48137,79,586,132,797,23
TX,Frio,48163,1454,1887,179,3520,23
TX,Hudspeth,48229,209,581,53,843,23
TX,Jeff Davis,48243,366,617,46,1029,23
TX,Kinney,48271,199,732,213,1144,23
TX,La Salle,48283,552,771,36,1359,23
TX,Loving,48301,6,62,5,73,23
TX,Maverick,48323,4115,4232,605,8952,23
TX,Medina,48325,3824,12119,1333,17276,23
TX,Pecos,48371,824,2574,202,3600,23
TX,Presidio,48377,1025,550,79,1654,23
TX,Reagan,48383,65,538,106,709,23
TX,Reeves,48389,714,1241,95,2050,23
TX,Schleicher,48413,150,793,39,982,23
TX,Dallas,48113,367643,230743,10285,608671,5;6;24;30;32;33
TX,Comanche,48093,0,4181,0,4181,25
TX,Eastland,48133,0,5518,0,5518,25
TX,Erath,48143,0,11752,0,11752,25
TX,Hood,48221,0,21825,0,21825,25
TX,Jack,48237,0,2772,0,2772,25
TX,Johnson,48251,0,45630,0,45630,6;25
TX,Palo Pinto,48363,0,8345,0,8345,25
TX,Somervell,48425,0,3540,0,3540,25
TX,Stephens,48429,0,2226,0,2226,25
TX,Young,48503,0,5604,0,5604,25
TX,Cooke,48097,1714,13150,0,14864,26
TX,Aransas,48007,1953,7626,0,9579,27
TX,Bee,48025,2226,4125,0,6351,27
TX,Caldwell,48055,4715,6433,0,11148,27
TX,Calhoun,48057,1272,4279,0,5551,27
TX,DeWitt,48123,847,5168,0,6015,27
TX,Goliad,48175,699,2571,0,3270,27
TX,Gonzales,48177,1056,4402,0,5458,27
TX,Jackson,48239,526,4048,0,4574,27
TX,Lavaca,48285,758,7397,0,8155,27
TX,Nueces,48355,41422,47199,0,88621,27
TX,Refugio,48391,682,1602,0,2284,27
TX,San Patricio,48409,5948,11837,0,17785,27
TX,Victoria,48469,6334,18717,0,25051,27
TX,Atascosa,48013,4618,7880,0,12498,28
TX,Duval,48131,2255,1155,0,3410,28
TX,Jim Hogg,48247,1137,356,0,1493,28
TX,McMullen,48311,81,284,0,365,28
TX,Starr,48427,7196,3009,0,10205,28
TX,Webb,48479,31329,13052,0,44381,28
TX,Zapata,48505,2536,924,0,3460,28
TX,Collin,48085,149922,200247,8747,358916,3;4;32
TX,Hunt,48231,5916,23600,575,30091,3;4
TX,Bosque,48035,0,6177,0,6177,31
TX,Burnet,48053,0,16585,0,16585,31
TX,Coryell,48099,0,12972,0,12972,31
TX,Hamilton,48193,0,3044,0,3044,31
TX,Cameron,48061,38444,35685,2521,76650,34
TX,Kenedy,48261,35,104,4,143,34
TX,Kleberg,48273,3313,4040,173,7526,34
TX,Willacy,48489,2024,1649,127,3800,34
TX,Chambers,48071,2418,13231,0,15649,36
TX,Hardin,48199,2018,17511,0,19529,36
TX,Jasper,48241,1585,9558,0,11143,36
TX,Liberty,48291,3326,16340,0,19666,36
TX,Newton,48351,685,3653,0,4338,36
TX,Tyler,48457,810,6386,0,7196,36
TX,Delta,48119,259,1673,43,1975,4
TX,Fannin,48147,1655,9587,276,11518,4
TX,Grayson,48181,8822,34843,979,44644,4
TX,Hopkins,48223,1815,10116,308,12239,4
TX,Lamar,48277,2460,12469,291,15220,4
TX,Rains,48379,537,4304,97,4938,4
TX,Rockwall,48397,11031,30391,1132,42554,4
TX,Henderson,48213,4403,22908,457,27768,5
TX,Kaufman,48257,13050,28315,951,42316,5
TX,Van Zandt,48467,2244,17695,311,20250,5
TX,Wood,48499,2250,15339,255,17844,5
TX,Anderson,48001,0,11979,0,11979,6
TX,Cherokee,48073,0,12143,0,12143,6
TX,Ellis,48139,0,49949,0,49949,6
TX,Hill,48217,0,9432,0,9432,6
TX,Navarro,48349,0,12138,0,12138,6
TX,Polk,48373,3104,13400,184,16688,8
TX,San Jacinto,48407,1518,7861,108,9487,8
UT,Sanpete,49039,1336,8129,509,9974,4
UT,Millard,49027,370,4479,277,5126,2
UT,Tooele,49045,4982,14981,1957,21920,2
UT,Davis,49011,32308,85326,3988,121622,1;2
UT,Emery,49015,317,3543,210,4070,3
UT,Piute,49031,7,154,3,164,2
UT,Washington,49053,13277,51518,4198,68993,2
UT,Weber,49057,23871,52448,0,76319,1
UT,Salt Lake,49035,186561,171463,19097,377121,1;2;3;4
UT,Cache,49005,9804,31474,0,41278,1
UT,Duchesne,49013,491,5379,359,6229,3
UT,Summit,49043,10590,9104,284,19978,1;3
UT,Box Elder,49003,2672,17053,0,19725,1
UT,Uintah,49047,969,9210,558,10737,3
UT,Rich,49033,130,940,1,1071,1
UT,Morgan,49029,631,4471,0,5102,1
UT,Grand,49019,2184,2193,240,4617,3
UT,Garfield,49017,373,1918,77,2368,2
UT,Iron,49021,2619,13620,980,17219,2
UT,Wasatch,49051,3715,8762,772,13249,3
UT,Beaver,49001,237,2112,91,2440,2
UT,Juab,49023,466,4063,193,4722,2;4
UT,Kane,49025,808,2688,126,3622,2
UT,Carbon,49007,1388,4837,426,6651,3
UT,Utah,49049,38924,148931,15101,202956,3;4
UT,Wayne,49055,324,1135,53,1512,2
UT,Sevier,49041,603,6856,307,7766,2
UT,Daggett,49009,65,318,29,412,3
UT,San Juan,49037,1998,3183,416,5597,3
VT,Addison,50001,11471,4683,1632,17786,1
VT,Orleans,50019,5091,4098,1361,10550,1
VT,Grand Isle,50013,2189,1264,455,3908,1
VT,Windsor,50027,17177,7255,2143,26575,1
VT,Bennington,50003,9276,4927,1409,15612,1
VT,Windham,50025,14299,4445,1156,19900,1
VT,Franklin,50011,9300,7594,2425,19319,1
VT,Caledonia,50005,6646,4420,1491,12557,1
VT,Washington,50023,18716,6577,2244,27537,1
VT,Lamoille,50015,7245,2932,1065,11242,1
VT,Rutland,50021,12476,10050,3364,25890,1
VT,Essex,50009,889,1057,421,2367,1
VT,Chittenden,50007,53864,14556,6675,75095,1
VT,Orange,50017,7855,4539,1290,13684,1
VA,Accomack,51001,5569,7604,15,13188,2
VA,Albemarle,51003,33437,16638,126,50201,5;7
VA,Amherst,51009,3536,8250,16,11802,5
VA,Alleghany,51005,1347,4057,7,5411,6
VA,Arlington,51013,70856,18699,1779,91334,8
VA,Amelia,51007,1393,4187,4,5584,5
VA,Appomattox,51011,1364,5224,9,6597,5
VA,Augusta,51015,7089,23358,40,30487,6
VA,Bath,51017,358,1330,3,1691,6
VA,Bedford,51019,7389,26254,45,33688,5;6;9
VA,Bland,51021,296,1922,7,2225,9
VA,Botetourt,51023,3568,11118,21,14707,6
VA,Brunswick,51025,2791,2450,5,5246,4
VA,Campbell,51031,4616,15393,50,20059,5
VA,Buchanan,51027,767,3969,9,4745,9
VA,Carroll,51035,1685,8496,29,10210,9
VA,Buckingham,51029,1869,3472,6,5347,5
VA,Caroline,51033,5244,6350,15,11609,7
VA,Chesterfield,51041,70534,68825,897,140256,1;4
VA,Charles City,51036,1585,1263,0,2848,4
VA,Charlotte,51037,1301,2953,1,4255,5
VA,Fairfax,51059,271542,132601,2543,406686,8;10;11
VA,Clarke,51043,2902,4270,7,7179,6
VA,Craig,51045,350,1715,5,2070,9
VA,Culpeper,51047,7979,12198,39,20216,7
VA,Cumberland,51049,1307,2410,5,3722,5
VA,Dickenson,51051,864,3018,15,3897,9
VA,Dinwiddie,51053,3639,5890,6,9535,4
VA,Essex,51057,1696,2498,26,4220,1
VA,Fauquier,51061,12408,20704,45,33157,10
VA,Floyd,51063,2005,4208,14,6227,9
VA,Fluvanna,51065,5516,6299,17,11832,5
VA,Franklin,51067,5131,15259,22,20412,9
VA,Frederick,51069,11302,22317,74,33693,6
VA,Giles,51071,1337,4436,12,5785,9
VA,Gloucester,51073,4306,10921,231,15458,1
VA,Goochland,51075,5028,8706,22,13756,5
VA,Grayson,51077,985,4393,6,5384,9
VA,Greene,51079,3307,5114,15,8436,7
VA,Greensville,51081,1527,1397,9,2933,4
VA,Hanover,51085,17054,34465,418,51937,1;5
VA,Halifax,51083,4374,7677,20,12071,5
VA,Henrico,51087,76319,47987,878,125184,1;4
VA,Henry,51089,4486,10984,16,15486,9
VA,Highland,51091,297,891,3,1191,6
VA,Isle of Wight,51093,7158,11346,29,18533,2
VA,James City,51095,18090,19342,371,37803,1
VA,King and Queen,51097,1023,1869,36,2928,1
VA,King George,51099,3913,6590,26,10529,7
VA,Lancaster,51103,2188,3211,58,5457,1
VA,King William,51101,2074,5411,64,7549,1
VA,Lee,51105,842,4806,16,5664,9
VA,Loudoun,51107,94116,68505,355,162976,10
VA,Louisa,51109,5762,10511,24,16297,5
VA,Lunenburg,51111,1440,2658,2,4100,5
VA,Madison,51113,2320,4143,8,6471,7
VA,Mathews,51115,1239,3065,95,4399,1
VA,Mecklenburg,51117,3869,7236,15,11120,5
VA,Montgomery,51121,14239,13563,67,27869,9
VA,Middlesex,51119,1716,3351,61,5128,1
VA,Nelson,51125,3405,3725,14,7144,5
VA,New Kent,51127,3417,7567,87,11071,1
VA,Northampton,51131,2855,2569,10,5434,2
VA,Orange,51137,6432,9695,28,16155,7
VA,Northumberland,51133,2093,4027,63,6183,1
VA,Nottoway,51135,1713,3103,5,4821,5
VA,Patrick,51141,1065,4864,12,5941,9
VA,Page,51139,1847,6360,5,8212,6
VA,Pittsylvania,51143,5994,17896,41,23931,5
VA,Smyth,51173,1496,6935,26,8457,9
VA,Powhatan,51145,3711,11200,20,14931,5
VA,Prince Edward,51147,2918,3445,11,6374,5
VA,Stafford,51179,28685,28806,144,57635,7
VA,Prince George,51149,4163,6994,15,11172,4
VA,Prince William,51153,90113,61151,324,151588,7;10
VA,Pulaski,51155,2768,8065,26,10859,9
VA,Surry,51181,1659,1654,7,3320,4
VA,Sussex,51183,1689,1728,11,3428,4
VA,Rappahannock,51157,1722,2329,10,4061,10
VA,Richmond,51159,764,2005,19,2788,1
VA,Roanoke,51161,13036,24286,82,37404,6;9
VA,Rockbridge,51163,2964,6037,18,9019,6
VA,Rockingham,51165,8392,23093,50,31535,6
VA,Wythe,51197,1824,7645,22,9491,9
VA,Russell,51167,1337,6471,21,7829,9
VA,Scott,51169,928,5607,8,6543,9
VA,Shenandoah,51171,4387,11766,19,16172,6
VA,York,51199,11640,15914,333,27887,1
VA,Southampton,51175,2666,4736,7,7409,2;4
VA,Spotsylvania,51177,25424,29390,140,54954,7
VA,Tazewell,51185,1635,9876,27,11538,9
VA,Hampton,51650,28593,11994,67,40654,3
VA,Warren,51187,4253,9965,30,14248,6
VA,Washington,51191,4047,13870,53,17970,9
VA,Westmoreland,51193,2642,4333,78,7053,1
VA,Wise,51195,1783,7506,26,9315,9
VA,Alexandria,51510,41974,11276,973,54223,8
VA,Bristol,51520,1259,3130,14,4403,9
VA,Buena Vista,51530,466,1153,6,1625,6
VA,Charlottesville,51540,14581,2100,43,16724,5
VA,Chesapeake,51550,44335,44062,248,88645,2;3
VA,Emporia,51595,840,542,13,1395,4
VA,Fairfax,51600,6384,3235,22,9641,11
VA,Falls Church,51610,5134,1193,110,6437,8
VA,Franklin,51620,1730,1179,4,2913,2
VA,Fredericksburg,51630,6082,3066,20,9168,7
VA,Galax,51640,395,1208,2,1605,9
VA,Harrisonburg,51660,6526,3819,23,10368,6
VA,Hopewell,51670,2692,2493,12,5197,4
VA,Lexington,51678,1312,700,9,2021,6
VA,Lynchburg,51680,10840,12508,71,23419,5
VA,Manassas,51683,6029,4609,15,10653,10
VA,Manassas Park,51685,2041,1304,7,3352,10
VA,Martinsville,51690,2032,1642,9,3683,9
VA,Newport News,51700,31834,17790,81,49705,3
VA,Norfolk,51710,38638,15579,154,54371,3
VA,Norton,51720,266,666,6,938,9
VA,Petersburg,51730,6592,994,14,7600,4
VA,Poquoson,51735,1250,4271,65,5586,1
VA,Portsmouth,51740,18770,8419,44,27233,3
VA,Radford,51750,1744,2006,10,3760,9
VA,Richmond,51760,57568,11625,150,69343,4
VA,Roanoke,51770,15482,10780,58,26320,6
VA,Salem,51775,3040,5283,18,8341,6
VA,Staunton,51790,5081,4033,17,9131,6
VA,Suffolk,51800,20475,16265,56,36796,2
VA,Virginia Beach,51810,81421,81016,245,162682,2
VA,Waynesboro,51820,3264,3926,14,7204,6
VA,Williamsburg,51830,3352,1656,87,5095,1
VA,Winchester,51840,4263,3621,12,7896,6
VA,Colonial Heights,51570,1618,4019,8,5645,4
VA,Covington,51580,474,1011,1,1486,6
VA,Danville,51590,6208,5421,35,11664,5
WA,Adams,53001,788,2997,50,3835,4;5
WA,Asotin,53003,2939,6041,22,9002,5
WA,Benton,53005,22157,50826,1559,74542,4
WA,Chelan,53007,15852,18092,131,34075,8
WA,Clallam,53009,22146,18315,30,40491,6
WA,Clark,53011,112986,90792,1254,205032,3
WA,Columbia,53013,490,1497,2,1989,5
WA,Cowlitz,53015,19647,24902,200,44749,3
WA,Douglas,53017,4494,10734,306,15534,4;8
WA,Ferry,53019,944,2440,11,3395,5
WA,Franklin,53021,6149,15137,239,21525,4;5
WA,Grant,53025,6189,19124,693,26006,4
WA,Grays Harbor,53027,14716,14755,44,29515,6
WA,Island,53029,24242,18654,73,42969,2
WA,Jefferson,53031,15312,5791,27,21130,6
WA,King,53033,662380,216650,2471,881501,1;7;8;9
WA,Garfield,53023,242,1031,5,1278,5
WA,Kitsap,53035,74901,48066,116,123083,6
WA,Kittitas,53037,9350,11291,71,20712,8
WA,Klickitat,53039,4613,6597,115,11325,4
WA,Lewis,53041,12449,22802,176,35427,3
WA,Lincoln,53043,1280,4786,12,6078,5
WA,Mason,53045,14601,14725,45,29371,6
WA,Okanogan,53047,6211,9669,399,16279,4
WA,Pacific,53049,6046,5784,41,11871,3
WA,Pend Oreille,53051,1942,4799,17,6758,5
WA,Pierce,53053,179582,150831,736,331149,6;8;10
WA,San Juan,53055,8322,2912,18,11252,2
WA,Skagit,53057,30120,26507,76,56703,2
WA,Skamania,53059,2886,3280,33,6199,3
WA,Snohomish,53061,174246,116130,457,290833,1;2
WA,Spokane,53063,96337,124123,522,220982,5
WA,Stevens,53065,5724,16956,79,22759,5
WA,Thurston,53067,73418,51156,209,124783,3;10
WA,Wahkiakum,53069,1125,1416,10,2551,3
WA,Walla Walla,53071,9227,14067,54,23348,5
WA,Whatcom,53073,66798,43663,213,110674,2
WA,Whitman,53075,7341,8096,36,15473,5
WA,Yakima,53077,20675,38983,1949,61607,4
WI,Kenosha,55059,29592,35698,436,65726,1
WI,Milwaukee,55079,234769,103635,5590,343994,1;4;5
WI,Racine,55101,34910,45833,534,81277,1
WI,Rock,55105,34776,29089,827,64692,1;2
WI,Walworth,55127,16605,28718,451,45774,1;5
WI,Dane,55025,227298,65432,5770,298500,2
WI,Green,55045,9006,7939,460,17405,2
WI,Iowa,55049,6507,4762,294,11563,2
WI,Lafayette,55065,2903,3494,142,6539,2
WI,Sauk,55111,14584,13649,596,28829,2;3
WI,Adams,55001,3601,6266,0,9867,3
WI,Buffalo,55011,2301,3812,0,6113,3
WI,Chippewa,55017,11298,17655,0,28953,3;7
WI,Crawford,55023,3334,3667,0,7001,3
WI,Dunn,55033,8037,10363,0,18400,3
WI,Eau Claire,55035,27216,20842,0,48058,3
WI,Grant,55043,8534,11353,0,19887,3
WI,Jackson,55053,3409,4581,0,7990,3;7
WI,Juneau,55057,3799,6863,0,10662,3;7
WI,La Crosse,55063,31878,23234,0,55112,3
WI,Monroe,55081,6712,10600,0,17312,3;7
WI,Pepin,55091,1218,2079,0,3297,3
WI,Pierce,55093,7756,10232,0,17988,3
WI,Portage,55097,17077,16120,0,33197,3
WI,Richland,55103,3172,3790,0,6962,3
WI,Trempealeau,55121,5090,7175,0,12265,3
WI,Vernon,55123,6450,6705,0,13155,3
WI,Wood,55141,12722,20175,0,32897,3;7
WI,Dodge,55027,5732,28003,3,33738,5;6
WI,Jefferson,55055,15557,22642,0,38199,5
WI,Washington,55131,20735,52675,0,73410,5
WI,Waukesha,55133,78783,139238,0,218021,5
WI,Calumet,55015,3041,17681,1786,22508,6;8
WI,Columbia,55021,0,18115,2,18117,6
WI,Fond du Lac,55039,0,35793,43,35836,6
WI,Green Lake,55047,0,6977,24,7001,6
WI,Manitowoc,55071,0,27022,53,27075,6
WI,Marquette,55077,0,5695,12,5707,6
WI,Ozaukee,55089,0,35232,96,35328,6
WI,Sheboygan,55117,0,37384,49,37433,6
WI,Waushara,55137,0,8965,16,8981,6
WI,Winnebago,55139,217,48931,161,49309,6;8
WI,Ashland,55003,3830,3100,0,6930,7
WI,Barron,55005,7108,12976,0,20084,7
WI,Bayfield,55007,5161,4083,0,9244,7
WI,Burnett,55013,2835,5370,0,8205,7
WI,Clark,55019,3367,8269,0,11636,7
WI,Douglas,55031,10147,8440,0,18587,7
WI,Florence,55037,594,1916,0,2510,7
WI,Forest,55041,1340,2826,0,4166,7
WI,Iron,55051,1208,2066,0,3274,7
WI,Langlade,55067,2744,6292,0,9036,7
WI,Lincoln,55069,4987,8490,0,13477,7
WI,Marathon,55073,23287,37969,0,61256,7
WI,Oneida,55085,8235,11954,0,20189,7
WI,Polk,55095,7216,13238,0,20454,7
WI,Price,55099,2429,4639,0,7068,7
WI,Rusk,55107,2039,4345,0,6384,7
WI,St. Croix,55109,17623,26215,0,43838,7
WI,Sawyer,55113,3526,4927,0,8453,7
WI,Taylor,55119,2114,6557,0,8671,7
WI,Vilas,55125,4766,8405,0,13171,7
WI,Washburn,55129,3038,5313,0,8351,7
WI,Brown,55009,16975,73904,14795,105674,8
WI,Door,55029,3336,10271,2245,15852,8
WI,Kewaunee,55061,1128,7448,1011,9587,8
WI,Marinette,55075,2318,14163,1182,17663,8
WI,Menominee,55078,365,410,135,910,8
WI,Oconto,55083,2027,14910,1838,18775,8
WI,Outagamie,55087,13989,55711,9170,78870,8
WI,Shawano,55115,2253,13597,1334,17184,8
WI,Waupaca,55135,3247,17162,1737,22146,8
IN,Lake,18089,74362,59030,6,133398,1
IN,Porter,18127,27568,30344,3,57915,1
IN,LaPorte,18091,13946,17447,378,31771,1;2
IN,Miami,18103,1708,6410,334,8452,2
IN,Starke,18149,1662,4924,255,6841,2
IN,St. Joseph,18141,32743,36869,1966,71578,2
IN,Kosciusko,18085,3994,17757,957,22708,2;3
IN,Fulton,18049,1164,4159,169,5492,2
IN,Wabash,18169,2102,7338,351,9791,2
IN,Pulaski,18131,747,2882,109,3738,2
IN,Marshall,18099,2990,9439,355,12784,2
IN,Elkhart,18039,12944,30924,1018,44886,2
IN,Cass,18017,2172,6243,147,8562,2;4
IN,Randolph,18135,1480,5262,112,6854,3;6
IN,Blackford,18009,794,2443,128,3365,3
IN,DeKalb,18033,2731,8382,637,11750,3
IN,Steuben,18151,2491,6846,330,9667,3
IN,Adams,18001,1850,6840,277,8967,3
IN,LaGrange,18087,1248,5186,164,6598,3
IN,Noble,18113,2455,8641,406,11502,3
IN,Huntington,18069,2473,8236,625,11334,3
IN,Wells,18179,1622,7172,336,9130,3
IN,Jay,18075,1201,4055,148,5404,3
IN,Whitley,18183,2555,8348,611,11514,3
IN,Allen,18003,38911,57415,5442,101768,3
IN,Jasper,18073,1942,7264,0,9206,4
IN,Putnam,18133,2347,7499,0,9846,4
IN,Howard,18067,7763,17021,0,24784,4;5
IN,Tippecanoe,18157,18119,20268,0,38387,4
IN,Clinton,18023,1612,5657,0,7269,4
IN,Montgomery,18107,2168,7569,0,9737,4
IN,Morgan,18109,4439,16686,0,21125,4
IN,Newton,18111,814,3161,0,3975,4
IN,White,18181,1603,5118,0,6721,4
IN,Boone,18011,9146,15440,0,24586,4
IN,Warren,18171,553,2254,0,2807,4
IN,Hendricks,18063,16351,31829,0,48180,4
IN,Fountain,18045,978,3934,72,4984,4;8
IN,Carroll,18015,1314,4900,0,6214,4
IN,Benton,18007,486,1992,0,2478,4
IN,Madison,18095,13253,22601,0,35854,5
IN,Tipton,18159,1243,4038,0,5281,5
IN,Grant,18053,4201,11564,0,15765,5
IN,Delaware,18035,12432,17436,0,29868,5
IN,Hamilton,18057,54638,74287,0,128925,5
IN,Marion,18097,136290,82802,4240,223332,6;7
IN,Hancock,18059,7055,16636,0,23691,6
IN,Shelby,18145,2841,8597,0,11438,6
IN,Johnson,18081,13765,30859,0,44624,6
IN,Henry,18065,3590,9862,0,13452,6
IN,Union,18161,522,1970,0,2492,6
IN,Rush,18139,1001,3822,0,4823,6
IN,Wayne,18177,5493,11101,0,16594,6
IN,Fayette,18041,1360,4803,0,6163,6
IN,Bartholomew,18005,8354,13966,84,22404,6;9
IN,Gibson,18051,2424,7543,229,10196,8
IN,Vanderburgh,18163,19399,26653,1117,47169,8
IN,Posey,18129,2304,6244,223,8771,8
IN,Perry,18123,2338,3732,156,6226,8
IN,Greene,18055,2177,6931,329,9437,8
IN,Pike,18125,868,2709,86,3663,8
IN,Owen,18119,1522,4263,378,6163,8
IN,Daviess,18027,1197,5613,182,6992,8
IN,Spencer,18147,2232,5218,149,7599,8
IN,Knox,18083,2905,7025,289,10219,8
IN,Sullivan,18153,1812,4306,240,6358,8
IN,Crawford,18025,1058,2410,119,3587,8
IN,Orange,18117,1240,4012,119,5371,8
IN,Warrick,18173,6398,13247,450,20095,8
IN,Dubois,18037,3741,9611,355,13707,8
IN,Parke,18121,954,3385,131,4470,8
IN,Vigo,18167,11016,15043,737,26796,8
IN,Vermillion,18165,1625,3275,160,5060,8
IN,Martin,18101,722,2630,147,3499,8
IN,Clay,18021,1636,5741,268,7645,8
IN,Harrison,18061,3360,10231,347,13938,9
IN,Switzerland,18155,659,1922,70,2651,9
IN,Lawrence,18093,2549,9739,439,12727,9
IN,Floyd,18043,10477,15745,662,26884,9
IN,Ohio,18115,462,1467,34,1963,9
IN,Jennings,18079,1613,5951,349,7913,9
IN,Washington,18175,1704,6024,303,8031,9
IN,Jefferson,18077,3152,6388,227,9767,9
IN,Clark,18019,13073,22026,1199,36298,9
IN,Franklin,18047,1247,5967,141,7355,9
IN,Ripley,18137,1549,6648,177,8374,9
IN,Monroe,18105,24972,14114,1029,40115,9
IN,Dearborn,18029,2641,11368,294,14303,9
IN,Scott,18143,1901,4780,164,6845,9
IN,Brown,18013,2089,3992,303,6384,9
IN,Jackson,18071,2269,8659,272,11200,9
IN,Decatur,18031,1477,6211,316,8004,9
AR,Phillips,05107,2224,1929,0,4153,1
FL,Duval,12031,75485,61692,0,137177,4
FL,St. Johns,12109,4423,14856,0,19279,6
LA,Allen,22003,0,0,0,0,4
LA,Beauregard,22011,0,0,0,0,4
LA,Bienville,22013,0,0,0,0,4
LA,Bossier,22015,0,0,0,0,4
LA,Caddo,22017,0,0,0,0,4
LA,Claiborne,22027,0,0,0,0,4
LA,De Soto,22031,0,0,0,0,4
LA,Evangeline,22039,0,0,0,0,4
LA,Natchitoches,22069,0,0,0,0,4
LA,Red River,22081,0,0,0,0,4
LA,Sabine,22085,0,0,0,0,4
LA,St. Landry,22097,0,0,0,0,4
LA,Union,22111,0,0,0,0,4
LA,Vernon,22115,0,0,0,0,4
LA,Webster,22119,0,0,0,0,4
MI,Midland,26111,17832,21298,963,40093,2;8
ID,Power,16077,455,1477,0,1932,2
IL,Cook,17031,1069080,327014,8674,1404768,1;2;3;4;5;6;7;8;9;10;11
IL,DuPage,17043,192266,145663,343,338272,3;4;6;8;11
AK,Aleutians East,02013,98,154,0,252,1
AK,Aleutians West,02016,441,271,0,712,1
AK,Anchorage,02020,60876,38512,0,99388,1
AK,Bethel,02050,3324,524,0,3848,1
AK,Bristol Bay,02060,181,128,0,309,1
AK,Denali,02068,471,577,0,1048,1
AK,Dillingham,02070,1027,312,0,1339,1
AK,Fairbanks North Star,02090,15890,14918,0,30808,1
AK,Haines,02100,934,444,0,1378,1
AK,Hoonah-Angoon,02105,807,308,0,1115,1
AK,Juneau,02110,10092,3202,0,13294,1
AK,Kenai Peninsula,02122,10420,14470,0,24890,1
AK,Ketchikan Gateway,02130,2470,2102,0,4572,1
AK,Kodiak Island,02150,2152,1784,0,3936,1
AK,Kusilvak,02158,1250,154,0,1404,1
AK,Lake and Peninsula,02164,224,79,0,303,1
AK,Matanuska-Susitna,02170,13480,26505,0,39985,1
AK,Nome,02180,1929,481,0,2410,1
AK,North Slope,02185,950,293,0,1243,1
AK,Northwest Arctic,02188,820,217,0,1037,1
AK,Petersburg,02195,737,567,0,1304,1
AK,Prince of Wales-Hyder,02198,1289,843,0,2132,1
AK,Sitka,02220,2237,1066,0,3303,1
AK,Skagway,02230,494,137,0,631,1
AK,Southeast Fairbanks,02240,904,1644,0,2548,1
AK,Valdez-Cordova,02261,1726,1641,0,3367,1
AK,Wrangell,02275,396,478,0,874,1
AK,Yakutat,02282,198,77,0,275,1
AK,Yukon-Koyukuk,02290,1359,579,0,1938,1
