level,geoid,state_fips,code,name,population,college_pct,white_pct,black_pct,hispanic_pct,asian_pct,median_household_income
nation,US,,,United States,334922499,35.7,57.4,11.9,19.3,5.9,80734
state,01,01,,Alabama,5086768,28.4,63.4,25.6,5.6,1.4,63999
state,02,02,,Alaska,735706,31.7,57.7,2.9,7.3,6.4,92788
state,04,04,,Arizona,7378838,33.3,52.6,4.4,31.4,3.5,79964
state,05,05,,Arkansas,3049391,25.7,67.4,14.6,9.0,1.6,60773
state,06,06,,California,39287377,37.1,33.8,5.2,40.2,15.3,99122
state,08,08,,Colorado,5862189,45.7,64.8,3.8,22.5,3.2,95470
state,09,09,,Connecticut,3624508,42.5,61.9,9.8,18.3,4.7,95781
state,10,10,,Delaware,1021191,35.8,58.1,21.4,11.0,4.3,84954
state,11,11,,District of Columbia,681294,64.2,36.5,41.6,11.9,4.3,109870
state,12,12,,Florida,22416077,34.1,50.4,14.6,27.4,2.9,74568
state,13,13,,Georgia,10940407,34.9,49.1,30.7,11.0,4.5,77353
state,15,15,,Hawaii,1445235,36.1,20.9,1.8,9.9,36.4,100389
state,16,16,,Idaho,1934262,31.8,78.6,0.7,13.6,1.3,77800
state,17,17,,Illinois,12694798,37.8,58.1,13.3,18.8,5.9,83390
state,18,18,,Indiana,6851073,29.5,75.4,9.1,8.6,2.6,71957
state,19,19,,Iowa,3210507,31.4,82.3,3.8,7.3,2.5,75059
state,20,20,,Kansas,2947197,35.6,72.7,5.2,13.6,2.9,74275
state,21,21,,Kentucky,4534824,27.6,81.5,7.6,5.0,1.6,63726
state,22,22,,Louisiana,4611961,27.0,55.7,30.5,7.2,1.7,60756
state,23,23,,Maine,1387817,36.2,89.9,1.8,2.2,1.1,74733
state,24,24,,Maryland,6206011,43.4,46.6,28.9,12.5,6.5,103678
state,25,25,,Massachusetts,7044056,47.3,66.6,6.4,13.3,7.3,103960
state,26,26,,Michigan,10077761,32.4,72.4,13.1,5.9,3.4,72875
state,27,27,,Minnesota,5739445,39.4,75.9,6.9,6.4,5.1,89062
state,28,28,,Mississippi,2946779,25.1,55.2,36.3,3.7,1.0,56447
state,29,29,,Missouri,6191814,32.4,76.3,10.9,5.2,2.1,70702
state,30,30,,Montana,1116875,35.2,83.6,0.4,4.6,0.8,72509
state,31,31,,Nebraska,1978707,34.6,75.3,4.6,12.7,2.6,76475
state,32,32,,Nevada,3184612,27.9,44.8,9.0,29.6,8.8,78260
state,33,33,,New Hampshire,1394868,40.6,86.9,1.3,4.7,2.6,99031
state,34,34,,New Jersey,9343809,43.6,50.9,12.2,22.5,10.0,103556
state,35,35,,New Mexico,2120246,31.0,36.0,1.8,48.4,1.6,64059
state,36,36,,New York,19852366,40.2,52.8,13.4,19.8,9.0,85974
state,37,37,,North Carolina,10730404,35.7,60.0,20.0,11.3,3.3,72388
state,38,38,,North Dakota,784841,32.7,81.7,3.3,4.7,1.6,76657
state,39,39,,Ohio,11810293,31.5,75.8,12.0,4.8,2.5,71389
state,40,40,,Oklahoma,4028634,28.3,62.1,6.8,12.7,2.4,65039
state,41,41,,Oregon,4254293,36.8,71.4,1.8,14.7,4.4,83011
state,42,42,,Pennsylvania,13018639,35.2,73.0,10.3,8.7,3.8,77971
state,44,44,,Rhode Island,1101801,37.7,68.0,4.9,17.7,3.5,87796
state,45,45,,South Carolina,5296225,32.1,61.9,24.6,7.4,1.7,69324
state,46,46,,South Dakota,907428,31.9,79.8,2.1,4.8,1.4,75081
state,47,47,,Tennessee,7066383,31.1,71.0,15.4,7.4,1.9,69595
state,48,48,,Texas,30188424,33.8,39.1,11.9,39.7,5.5,78476
state,49,49,,Utah,3392331,37.7,74.7,1.1,15.9,2.4,95166
state,50,50,,Vermont,647106,43.8,89.9,1.1,2.6,1.8,81203
state,51,51,,Virginia,8705170,42.2,58.4,18.3,11.0,6.9,93170
state,53,53,,Washington,7816116,39.6,63.1,3.8,14.4,9.7,98141
state,54,54,,West Virginia,1778373,24.1,89.7,3.1,2.1,0.8,59608
state,55,55,,Wisconsin,5914872,33.4,78.6,5.9,8.0,2.9,77485
state,56,56,,Wyoming,582397,30.6,81.4,0.8,10.7,0.8,76176
cd,0101,01,01,"Congressional District 1 (119th Congress), Alabama",735406,25.5,72.9,15.9,5.1,1.3,66291
cd,0102,01,02,"Congressional District 2 (119th Congress), Alabama",710301,26.2,40.5,50.2,3.9,2.0,52839
cd,0103,01,03,"Congressional District 3 (119th Congress), Alabama",726115,24.1,71.0,19.6,4.0,1.5,60293
cd,0104,01,04,"Congressional District 4 (119th Congress), Alabama",727005,21.4,80.7,6.6,8.5,0.6,61167
cd,0105,01,05,"Congressional District 5 (119th Congress), Alabama",745693,36.1,68.2,17.5,7.0,1.8,77752
cd,0106,01,06,"Congressional District 6 (119th Congress), Alabama",721709,38.4,71.1,18.0,5.8,1.7,84306
cd,0107,01,07,"Congressional District 7 (119th Congress), Alabama",720539,26.7,38.4,52.5,4.7,1.3,52380
cd,0200,02,00,"Congressional District (at Large) (119th Congress), Alaska",735706,31.7,57.7,2.9,7.3,6.4,92788
cd,0401,04,01,"Congressional District 1 (119th Congress), Arizona",804578,52.5,68.6,3.5,17.3,4.5,99999
cd,0402,04,02,"Congressional District 2 (119th Congress), Arizona",826257,26.2,54.6,2.3,18.2,1.2,67729
cd,0403,04,03,"Congressional District 3 (119th Congress), Arizona",815927,20.4,19.1,10.3,63.2,2.3,68202
cd,0404,04,04,"Congressional District 4 (119th Congress), Arizona",804739,39.2,55.2,5.0,26.5,5.6,82587
cd,0405,04,05,"Congressional District 5 (119th Congress), Arizona",840221,40.8,66.0,3.3,18.5,5.7,109252
cd,0406,04,06,"Congressional District 6 (119th Congress), Arizona",812709,39.5,61.7,3.5,25.4,3.0,77758
cd,0407,04,07,"Congressional District 7 (119th Congress), Arizona",808224,22.2,28.6,3.5,60.2,1.9,59811
cd,0408,04,08,"Congressional District 8 (119th Congress), Arizona",802956,33.1,62.8,3.7,22.1,4.9,82925
cd,0409,04,09,"Congressional District 9 (119th Congress), Arizona",863227,22.9,56.2,4.2,31.2,2.1,78678
cd,0501,05,01,"Congressional District 1 (119th Congress), Arkansas",752719,18.4,73.5,16.6,4.3,0.7,52771
cd,0502,05,02,"Congressional District 2 (119th Congress), Arkansas",761775,33.3,66.8,20.5,6.4,1.6,65200
cd,0503,05,03,"Congressional District 3 (119th Congress), Arkansas",786435,32.1,62.0,2.6,17.2,3.4,74552
cd,0504,05,04,"Congressional District 4 (119th Congress), Arkansas",748462,19.1,67.6,19.4,7.9,0.7,52605
cd,0601,06,01,"Congressional District 1 (119th Congress), California",760971,23.6,60.8,1.7,23.7,5.9,70421
cd,0602,06,02,"Congressional District 2 (119th Congress), California",755468,43.2,64.8,1.5,21.2,3.9,98747
cd,0603,06,03,"Congressional District 3 (119th Congress), California",778710,41.6,67.9,1.6,15.0,7.8,106071
cd,0604,06,04,"Congressional District 4 (119th Congress), California",764257,36.2,49.9,2.7,32.7,8.3,97540
cd,0605,06,05,"Congressional District 5 (119th Congress), California",772813,31.5,57.9,2.3,27.4,5.8,92960
cd,0606,06,06,"Congressional District 6 (119th Congress), California",757721,30.9,46.7,8.8,23.4,12.3,86309
cd,0607,06,07,"Congressional District 7 (119th Congress), California",764052,34.9,30.9,9.7,27.3,23.0,94069
cd,0608,06,08,"Congressional District 8 (119th Congress), California",752539,30.3,23.8,13.4,36.4,18.1,97897
cd,0609,06,09,"Congressional District 9 (119th Congress), California",774084,22.7,27.9,6.6,42.4,17.3,91983
cd,0610,06,10,"Congressional District 10 (119th Congress), California",760299,55.6,46.0,5.0,18.4,22.7,153525
cd,0611,06,11,"Congressional District 11 (119th Congress), California",719712,64.2,40.6,4.9,15.0,31.7,143154
cd,0612,06,12,"Congressional District 12 (119th Congress), California",748393,54.1,32.9,14.7,23.7,20.2,108648
cd,0613,06,13,"Congressional District 13 (119th Congress), California",785894,14.1,21.0,2.7,66.1,6.7,69468
cd,0614,06,14,"Congressional District 14 (119th Congress), California",738570,48.1,24.4,5.2,24.9,39.3,142599
cd,0615,06,15,"Congressional District 15 (119th Congress), California",738509,49.1,27.5,2.4,25.9,37.3,149727
cd,0616,06,16,"Congressional District 16 (119th Congress), California",746476,63.3,41.0,1.9,19.6,31.0,175126
cd,0617,06,17,"Congressional District 17 (119th Congress), California",749526,63.6,20.0,1.9,16.3,57.1,182230
cd,0618,06,18,"Congressional District 18 (119th Congress), California",753842,24.4,17.5,2.0,65.5,11.5,103584
cd,0619,06,19,"Congressional District 19 (119th Congress), California",745177,47.9,47.7,1.9,25.0,19.1,126610
cd,0620,06,20,"Congressional District 20 (119th Congress), California",782028,29.1,46.7,3.2,36.5,7.8,90346
cd,0621,06,21,"Congressional District 21 (119th Congress), California",758000,17.1,18.1,4.4,64.9,9.5,64764
cd,0622,06,22,"Congressional District 22 (119th Congress), California",780759,10.2,15.3,4.2,74.2,3.7,58828
cd,0623,06,23,"Congressional District 23 (119th Congress), California",764069,21.2,37.3,7.9,44.6,4.2,74939
cd,0624,06,24,"Congressional District 24 (119th Congress), California",757747,39.2,49.0,1.4,39.6,4.8,97920
cd,0625,06,25,"Congressional District 25 (119th Congress), California",780646,17.3,22.9,4.3,66.5,2.6,66572
cd,0626,06,26,"Congressional District 26 (119th Congress), California",751824,37.5,41.4,1.8,44.3,7.6,115527
cd,0627,06,27,"Congressional District 27 (119th Congress), California",746656,30.4,31.5,9.5,44.4,9.4,102407
cd,0628,06,28,"Congressional District 28 (119th Congress), California",743063,48.4,26.2,3.9,26.9,38.1,107786
cd,0629,06,29,"Congressional District 29 (119th Congress), California",734777,24.7,20.3,3.8,65.0,7.9,75811
cd,0630,06,30,"Congressional District 30 (119th Congress), California",743383,51.8,54.7,3.8,23.3,12.3,91416
cd,0631,06,31,"Congressional District 31 (119th Congress), California",736368,25.3,13.6,2.5,61.3,19.5,91699
cd,0632,06,32,"Congressional District 32 (119th Congress), California",762403,52.5,50.6,4.3,26.2,12.5,111824
cd,0633,06,33,"Congressional District 33 (119th Congress), California",764959,21.1,17.2,8.9,62.9,6.8,86416
cd,0634,06,34,"Congressional District 34 (119th Congress), California",748464,29.4,11.1,4.2,64.4,17.2,63055
cd,0635,06,35,"Congressional District 35 (119th Congress), California",764518,23.4,13.7,5.9,65.3,11.8,91136
cd,0636,06,36,"Congressional District 36 (119th Congress), California",738907,67.0,53.0,4.0,16.6,18.4,130594
cd,0637,06,37,"Congressional District 37 (119th Congress), California",745432,29.6,12.7,21.1,55.0,6.7,70327
cd,0638,06,38,"Congressional District 38 (119th Congress), California",740416,30.5,13.2,2.0,60.0,21.8,99648
cd,0639,06,39,"Congressional District 39 (119th Congress), California",765795,20.0,18.4,8.4,63.3,6.2,91833
cd,0640,06,40,"Congressional District 40 (119th Congress), California",753713,51.5,46.9,1.8,25.2,20.2,134712
cd,0641,06,41,"Congressional District 41 (119th Congress), California",797949,31.6,41.2,5.0,40.2,8.2,103180
cd,0642,06,42,"Congressional District 42 (119th Congress), California",736570,26.0,17.9,5.5,66.0,7.3,81436
cd,0643,06,43,"Congressional District 43 (119th Congress), California",729891,22.3,6.9,21.8,58.7,8.9,75699
cd,0644,06,44,"Congressional District 44 (119th Congress), California",744757,23.6,12.4,10.3,61.4,11.8,85696
cd,0645,06,45,"Congressional District 45 (119th Congress), California",748896,38.7,24.8,2.0,30.8,37.9,107226
cd,0646,06,46,"Congressional District 46 (119th Congress), California",757342,22.6,14.5,1.6,65.6,15.6,89883
cd,0647,06,47,"Congressional District 47 (119th Congress), California",754999,59.8,49.8,1.5,17.0,24.5,127854
cd,0648,06,48,"Congressional District 48 (119th Congress), California",760621,34.7,52.5,3.1,30.7,6.7,113202
cd,0649,06,49,"Congressional District 49 (119th Congress), California",754648,49.4,56.3,2.3,27.4,7.1,121073
cd,0650,06,50,"Congressional District 50 (119th Congress), California",754032,60.3,53.6,2.6,22.3,14.3,120202
cd,0651,06,51,"Congressional District 51 (119th Congress), California",759191,46.6,45.3,5.6,25.6,16.1,105271
cd,0652,06,52,"Congressional District 52 (119th Congress), California",757541,25.3,13.9,7.4,60.1,14.0,86750
cd,0801,08,01,"Congressional District 1 (119th Congress), Colorado",724976,56.5,54.1,8.6,27.9,3.6,94592
cd,0802,08,02,"Congressional District 2 (119th Congress), Colorado",725063,59.7,75.9,0.8,14.3,3.3,100908
cd,0803,08,03,"Congressional District 3 (119th Congress), Colorado",728794,33.3,66.9,0.9,26.0,0.8,70890
cd,0804,08,04,"Congressional District 4 (119th Congress), Colorado",756186,48.1,74.3,1.8,15.0,3.6,115239
cd,0805,08,05,"Congressional District 5 (119th Congress), Colorado",734906,42.0,65.3,5.5,18.8,2.8,90465
cd,0806,08,06,"Congressional District 6 (119th Congress), Colorado",728750,45.4,55.0,9.9,23.2,5.7,100168
cd,0807,08,07,"Congressional District 7 (119th Congress), Colorado",723678,49.6,75.3,1.3,15.5,3.0,103971
cd,0808,08,08,"Congressional District 8 (119th Congress), Colorado",739836,29.8,51.4,1.9,39.5,2.9,94617
cd,0901,09,01,"Congressional District 1 (119th Congress), Connecticut",721392,39.4,55.9,14.5,18.9,5.9,87708
cd,0902,09,02,"Congressional District 2 (119th Congress), Connecticut",722183,39.7,77.5,3.4,10.2,3.5,97479
cd,0903,09,03,"Congressional District 3 (119th Congress), Connecticut",724297,40.5,59.6,13.1,18.2,4.3,90395
cd,0904,09,04,"Congressional District 4 (119th Congress), Connecticut",728656,53.8,55.7,10.3,22.8,5.9,119442
cd,0905,09,05,"Congressional District 5 (119th Congress), Connecticut",727980,39.2,60.7,7.9,21.2,4.1,91081
cd,1000,10,00,"Congressional District (at Large) (119th Congress), Delaware",1021191,35.8,58.1,21.4,11.0,4.3,84954
cd,1198,11,98,"Delegate District (at Large) (119th Congress), District of Columbia",681294,64.2,36.5,41.6,11.9,4.3,109870
cd,1201,12,01,"Congressional District 1 (119th Congress), Florida",793302,32.2,69.3,12.5,8.3,2.6,77798
cd,1202,12,02,"Congressional District 2 (119th Congress), Florida",792630,31.6,62.8,22.2,7.7,2.0,64208
cd,1203,12,03,"Congressional District 3 (119th Congress), Florida",798141,29.2,64.6,15.1,12.6,3.0,60712
cd,1204,12,04,"Congressional District 4 (119th Congress), Florida",797286,27.2,51.9,30.1,9.8,2.7,71083
cd,1205,12,05,"Congressional District 5 (119th Congress), Florida",818508,46.3,63.8,11.5,12.7,5.8,89255
cd,1206,12,06,"Congressional District 6 (119th Congress), Florida",816594,25.5,70.0,10.9,13.2,1.5,64612
cd,1207,12,07,"Congressional District 7 (119th Congress), Florida",789605,36.9,60.6,9.2,21.9,4.0,81536
cd,1208,12,08,"Congressional District 8 (119th Congress), Florida",801628,34.1,70.7,9.0,12.6,2.2,77332
cd,1209,12,09,"Congressional District 9 (119th Congress), Florida",821565,33.9,28.3,9.8,53.6,3.7,75396
cd,1210,12,10,"Congressional District 10 (119th Congress), Florida",788933,37.1,34.3,25.2,30.2,4.7,71412
cd,1211,12,11,"Congressional District 11 (119th Congress), Florida",826010,35.9,57.4,11.9,20.8,3.9,84548
cd,1212,12,12,"Congressional District 12 (119th Congress), Florida",820692,24.3,73.6,4.4,15.3,2.1,65279
cd,1213,12,13,"Congressional District 13 (119th Congress), Florida",769211,35.1,73.5,6.8,11.5,3.6,72731
cd,1214,12,14,"Congressional District 14 (119th Congress), Florida",786912,41.6,46.7,16.3,28.0,3.8,75688
cd,1215,12,15,"Congressional District 15 (119th Congress), Florida",813472,33.9,49.2,13.6,27.5,5.1,71624
cd,1216,12,16,"Congressional District 16 (119th Congress), Florida",830753,35.8,58.6,11.8,21.7,2.9,84737
cd,1217,12,17,"Congressional District 17 (119th Congress), Florida",828650,33.3,74.0,5.3,15.3,1.6,76106
cd,1218,12,18,"Congressional District 18 (119th Congress), Florida",825024,20.6,52.4,12.8,29.7,1.5,62039
cd,1219,12,19,"Congressional District 19 (119th Congress), Florida",808421,37.6,68.2,6.2,20.1,1.8,81319
cd,1220,12,20,"Congressional District 20 (119th Congress), Florida",792510,25.9,18.6,49.1,24.9,2.7,64018
cd,1221,12,21,"Congressional District 21 (119th Congress), Florida",812005,36.2,61.6,13.1,18.8,2.2,82154
cd,1222,12,22,"Congressional District 22 (119th Congress), Florida",786471,38.4,47.4,17.4,28.4,2.7,81071
cd,1223,12,23,"Congressional District 23 (119th Congress), Florida",778879,45.1,52.2,13.6,22.9,3.3,85464
cd,1224,12,24,"Congressional District 24 (119th Congress), Florida",793181,31.5,15.8,39.3,40.0,1.5,64874
cd,1225,12,25,"Congressional District 25 (119th Congress), Florida",780689,42.0,30.8,15.2,44.5,4.8,85554
cd,1226,12,26,"Congressional District 26 (119th Congress), Florida",804169,30.7,18.7,5.0,73.7,0.9,71986
cd,1227,12,27,"Congressional District 27 (119th Congress), Florida",764988,43.6,16.6,4.7,73.5,2.0,78952
cd,1228,12,28,"Congressional District 28 (119th Congress), Florida",775848,30.5,15.2,8.8,72.3,1.4,79094
cd,1301,13,01,"Congressional District 1 (119th Congress), Georgia",787122,29.1,56.5,27.9,8.3,2.0,68956
cd,1302,13,02,"Congressional District 2 (119th Congress), Georgia",754620,21.8,39.1,49.4,6.0,1.4,52535
cd,1303,13,03,"Congressional District 3 (119th Congress), Georgia",785402,30.0,63.2,23.3,6.8,2.0,78956
cd,1304,13,04,"Congressional District 4 (119th Congress), Georgia",765448,39.0,19.9,48.1,18.5,9.1,71556
cd,1305,13,05,"Congressional District 5 (119th Congress), Georgia",764559,49.8,30.6,48.0,10.8,5.6,76330
cd,1306,13,06,"Congressional District 6 (119th Congress), Georgia",778880,47.7,28.6,50.6,12.8,3.4,89755
cd,1307,13,07,"Congressional District 7 (119th Congress), Georgia",790971,58.1,62.0,8.0,10.8,13.8,126823
cd,1308,13,08,"Congressional District 8 (119th Congress), Georgia",774685,23.4,56.9,30.0,7.9,1.5,61494
cd,1309,13,09,"Congressional District 9 (119th Congress), Georgia",800737,31.9,59.7,12.1,17.4,6.8,82224
cd,1310,13,10,"Congressional District 10 (119th Congress), Georgia",801805,29.8,59.4,25.0,8.4,2.5,75887
cd,1311,13,11,"Congressional District 11 (119th Congress), Georgia",784112,42.2,66.5,11.7,12.4,4.1,97878
cd,1312,13,12,"Congressional District 12 (119th Congress), Georgia",774597,24.6,51.3,36.3,6.1,1.8,61779
cd,1313,13,13,"Congressional District 13 (119th Congress), Georgia",794711,32.2,23.3,49.8,14.9,7.0,81466
cd,1314,13,14,"Congressional District 14 (119th Congress), Georgia",782758,28.0,68.8,12.2,12.8,1.7,79676
cd,1501,15,01,"Congressional District 1 (119th Congress), Hawaii",719645,39.9,14.8,1.9,8.2,49.1,104305
cd,1502,15,02,"Congressional District 2 (119th Congress), Hawaii",725590,32.3,27.0,1.7,11.6,23.8,95891
cd,1601,16,01,"Congressional District 1 (119th Congress), Idaho",986280,30.0,79.5,0.6,12.5,1.1,79577
cd,1602,16,02,"Congressional District 2 (119th Congress), Idaho",947982,33.8,77.6,0.8,14.9,1.6,75805
cd,1701,17,01,"Congressional District 1 (119th Congress), Illinois",739958,32.3,36.2,47.5,10.5,2.2,71465
cd,1702,17,02,"Congressional District 2 (119th Congress), Illinois",742590,24.9,34.1,46.2,15.3,1.1,64304
cd,1703,17,03,"Congressional District 3 (119th Congress), Illinois",739663,37.1,39.3,5.4,45.6,6.8,88650
cd,1704,17,04,"Congressional District 4 (119th Congress), Illinois",729797,24.8,23.2,4.7,66.3,4.3,75931
cd,1705,17,05,"Congressional District 5 (119th Congress), Illinois",751305,66.1,70.0,2.7,12.4,10.6,114146
cd,1706,17,06,"Congressional District 6 (119th Congress), Illinois",747517,44.2,69.2,5.0,16.1,6.0,99953
cd,1707,17,07,"Congressional District 7 (119th Congress), Illinois",744315,48.0,29.6,40.2,17.4,8.9,83208
cd,1708,17,08,"Congressional District 8 (119th Congress), Illinois",746772,40.0,52.5,4.6,25.1,13.8,99637
cd,1709,17,09,"Congressional District 9 (119th Congress), Illinois",745003,56.2,58.9,8.4,13.7,14.2,92513
cd,1710,17,10,"Congressional District 10 (119th Congress), Illinois",753708,47.0,56.8,6.1,24.7,8.2,107371
cd,1711,17,11,"Congressional District 11 (119th Congress), Illinois",754751,45.7,62.5,5.9,19.4,8.7,109255
cd,1712,17,12,"Congressional District 12 (119th Congress), Illinois",746831,24.4,87.2,4.8,3.1,1.0,68540
cd,1713,17,13,"Congressional District 13 (119th Congress), Illinois",747221,32.3,66.3,19.0,5.1,4.2,63106
cd,1714,17,14,"Congressional District 14 (119th Congress), Illinois",763833,34.2,57.9,8.9,23.9,5.4,95523
cd,1715,17,15,"Congressional District 15 (119th Congress), Illinois",746652,26.1,89.8,2.9,3.1,0.9,73993
cd,1716,17,16,"Congressional District 16 (119th Congress), Illinois",748860,31.6,83.9,2.4,7.3,2.5,84411
cd,1717,17,17,"Congressional District 17 (119th Congress), Illinois",746022,24.5,68.0,12.7,11.8,2.2,59364
cd,1801,18,01,"Congressional District 1 (119th Congress), Indiana",757919,26.7,60.0,17.5,17.4,1.4,73983
cd,1802,18,02,"Congressional District 2 (119th Congress), Indiana",752547,25.0,75.9,6.1,12.0,1.5,68107
cd,1803,18,03,"Congressional District 3 (119th Congress), Indiana",762957,25.5,80.3,5.6,7.0,2.9,70696
cd,1804,18,04,"Congressional District 4 (119th Congress), Indiana",772003,31.8,80.9,4.6,7.5,3.3,78449
cd,1805,18,05,"Congressional District 5 (119th Congress), Indiana",773191,40.8,81.1,5.1,5.0,3.8,81223
cd,1806,18,06,"Congressional District 6 (119th Congress), Indiana",763862,28.7,79.7,5.0,5.7,5.4,76875
cd,1807,18,07,"Congressional District 7 (119th Congress), Indiana",752682,36.3,45.1,32.0,15.3,2.0,64147
cd,1808,18,08,"Congressional District 8 (119th Congress), Indiana",755776,23.2,87.8,3.6,3.3,1.0,65139
cd,1809,18,09,"Congressional District 9 (119th Congress), Indiana",760136,27.4,87.2,2.5,4.4,2.0,71567
cd,1901,19,01,"Congressional District 1 (119th Congress), Iowa",800735,32.8,83.3,4.1,6.0,2.3,73680
cd,1902,19,02,"Congressional District 2 (119th Congress), Iowa",795370,29.2,86.1,3.9,4.1,1.6,73764
cd,1903,19,03,"Congressional District 3 (119th Congress), Iowa",816359,36.7,78.2,5.2,8.7,3.9,80844
cd,1904,19,04,"Congressional District 4 (119th Congress), Iowa",798043,26.8,81.7,1.9,10.4,2.1,72711
cd,2001,20,01,"Congressional District 1 (119th Congress), Kansas",731585,30.5,74.6,2.6,16.2,1.8,66270
cd,2002,20,02,"Congressional District 2 (119th Congress), Kansas",732657,27.9,70.5,7.4,13.5,1.9,65594
cd,2003,20,03,"Congressional District 3 (119th Congress), Kansas",744760,52.2,75.5,4.7,10.5,4.6,101979
cd,2004,20,04,"Congressional District 4 (119th Congress), Kansas",738195,30.9,70.2,5.9,14.2,3.3,69200
cd,2101,21,01,"Congressional District 1 (119th Congress), Kentucky",753971,21.0,84.4,6.6,4.1,0.7,58027
cd,2102,21,02,"Congressional District 2 (119th Congress), Kentucky",765661,23.8,83.9,5.1,4.6,2.1,66796
cd,2103,21,03,"Congressional District 3 (119th Congress), Kentucky",748522,36.0,61.2,21.2,8.8,3.0,68047
cd,2104,21,04,"Congressional District 4 (119th Congress), Kentucky",762319,32.0,86.9,3.1,4.5,1.2,80457
cd,2105,21,05,"Congressional District 5 (119th Congress), Kentucky",742663,16.0,93.7,1.4,1.6,0.4,45798
cd,2106,21,06,"Congressional District 6 (119th Congress), Kentucky",761688,36.7,79.1,8.0,6.5,2.3,68266
cd,2201,22,01,"Congressional District 1 (119th Congress), Louisiana",771652,36.4,69.2,11.6,11.6,2.1,78359
cd,2202,22,02,"Congressional District 2 (119th Congress), Louisiana",763550,27.6,32.8,49.4,10.6,2.6,55374
cd,2203,22,03,"Congressional District 3 (119th Congress), Louisiana",770787,24.4,65.8,21.1,6.1,1.6,62445
cd,2204,22,04,"Congressional District 4 (119th Congress), Louisiana",769520,24.6,68.0,20.6,5.2,1.1,60165
cd,2205,22,05,"Congressional District 5 (119th Congress), Louisiana",778598,26.0,61.7,28.1,4.9,1.4,61529
cd,2206,22,06,"Congressional District 6 (119th Congress), Louisiana",757854,22.7,36.4,53.0,4.9,1.5,48696
cd,2301,23,01,"Congressional District 1 (119th Congress), Maine",695717,43.9,88.7,2.0,2.4,1.5,88029
cd,2302,23,02,"Congressional District 2 (119th Congress), Maine",692100,28.4,91.1,1.6,1.9,0.8,64428
cd,2401,24,01,"Congressional District 1 (119th Congress), Maryland",781616,35.0,71.5,14.8,6.0,2.4,94639
cd,2402,24,02,"Congressional District 2 (119th Congress), Maryland",771118,46.2,58.8,24.3,6.4,5.7,99849
cd,2403,24,03,"Congressional District 3 (119th Congress), Maryland",781479,52.8,56.5,17.4,9.4,10.5,133046
cd,2404,24,04,"Congressional District 4 (119th Congress), Maryland",758679,33.6,10.0,53.8,27.1,4.8,91987
cd,2405,24,05,"Congressional District 5 (119th Congress), Maryland",791419,42.1,42.7,39.7,8.0,3.0,130777
cd,2406,24,06,"Congressional District 6 (119th Congress), Maryland",796669,40.8,58.7,12.4,14.3,9.2,102585
cd,2407,24,07,"Congressional District 7 (119th Congress), Maryland",753868,32.5,29.3,53.9,9.1,3.1,63952
cd,2408,24,08,"Congressional District 8 (119th Congress), Maryland",771163,63.9,43.4,16.8,20.0,13.7,138349
cd,2501,25,01,"Congressional District 1 (119th Congress), Massachusetts",777981,32.3,69.3,5.4,19.3,2.3,75663
cd,2502,25,02,"Congressional District 2 (119th Congress), Massachusetts",787021,46.6,70.3,4.8,11.7,7.2,97592
cd,2503,25,03,"Congressional District 3 (119th Congress), Massachusetts",785403,40.0,59.3,4.1,22.9,8.3,99663
cd,2504,25,04,"Congressional District 4 (119th Congress), Massachusetts",787020,49.9,76.2,3.4,6.7,6.8,116055
cd,2505,25,05,"Congressional District 5 (119th Congress), Massachusetts",778640,61.4,62.7,4.7,11.3,13.6,130807
cd,2506,25,06,"Congressional District 6 (119th Congress), Massachusetts",784690,49.9,75.5,3.1,11.8,4.8,118476
cd,2507,25,07,"Congressional District 7 (119th Congress), Massachusetts",773502,49.6,38.2,20.1,22.7,11.1,91370
cd,2508,25,08,"Congressional District 8 (119th Congress), Massachusetts",781306,53.0,65.1,9.6,7.2,9.8,118565
cd,2509,25,09,"Congressional District 9 (119th Congress), Massachusetts",788493,42.7,82.2,2.5,6.4,1.4,100749
cd,2601,26,01,"Congressional District 1 (119th Congress), Michigan",783000,28.3,89.3,1.2,2.3,0.6,64546
cd,2602,26,02,"Congressional District 2 (119th Congress), Michigan",784314,22.5,87.4,2.0,4.9,0.6,67585
cd,2603,26,03,"Congressional District 3 (119th Congress), Michigan",779539,38.6,70.4,10.7,10.8,2.9,78245
cd,2604,26,04,"Congressional District 4 (119th Congress), Michigan",778930,33.3,75.2,7.8,9.1,2.5,74722
cd,2605,26,05,"Congressional District 5 (119th Congress), Michigan",773657,23.6,85.0,3.8,5.5,0.7,70618
cd,2606,26,06,"Congressional District 6 (119th Congress), Michigan",771301,52.6,68.6,9.6,5.4,10.8,97063
cd,2607,26,07,"Congressional District 7 (119th Congress), Michigan",778561,37.6,80.1,5.5,5.9,3.4,80357
cd,2608,26,08,"Congressional District 8 (119th Congress), Michigan",770294,24.9,73.8,14.7,5.6,1.2,63195
cd,2609,26,09,"Congressional District 9 (119th Congress), Michigan",778989,29.2,88.1,2.3,4.1,1.4,85269
cd,2610,26,10,"Congressional District 10 (119th Congress), Michigan",771566,30.5,71.1,13.6,3.2,6.8,76410
cd,2611,26,11,"Congressional District 11 (119th Congress), Michigan",775896,50.8,67.1,12.7,5.6,8.9,93271
cd,2612,26,12,"Congressional District 12 (119th Congress), Michigan",761609,27.4,46.2,43.5,3.3,1.8,59614
cd,2613,26,13,"Congressional District 13 (119th Congress), Michigan",770105,22.6,37.3,44.3,10.5,2.8,50833
cd,2701,27,01,"Congressional District 1 (119th Congress), Minnesota",715713,32.0,81.9,3.9,7.6,2.9,79637
cd,2702,27,02,"Congressional District 2 (119th Congress), Minnesota",730253,43.5,74.3,6.8,8.1,5.5,108849
cd,2703,27,03,"Congressional District 3 (119th Congress), Minnesota",708294,51.8,70.1,9.7,5.5,8.5,109478
cd,2704,27,04,"Congressional District 4 (119th Congress), Minnesota",705537,47.6,62.4,10.4,7.6,13.4,89186
cd,2705,27,05,"Congressional District 5 (119th Congress), Minnesota",707022,51.1,59.9,17.2,10.6,5.4,83858
cd,2706,27,06,"Congressional District 6 (119th Congress), Minnesota",734184,35.7,83.0,5.2,3.9,3.2,104536
cd,2707,27,07,"Congressional District 7 (119th Congress), Minnesota",716373,25.2,87.4,1.4,5.7,1.0,74383
cd,2708,27,08,"Congressional District 8 (119th Congress), Minnesota",722069,28.3,87.4,1.2,2.2,1.1,75433
cd,2801,28,01,"Congressional District 1 (119th Congress), Mississippi",746893,24.5,63.5,27.8,4.0,0.8,62385
cd,2802,28,02,"Congressional District 2 (119th Congress), Mississippi",713085,21.6,31.2,63.6,2.3,0.5,44511
cd,2803,28,03,"Congressional District 3 (119th Congress), Mississippi",738402,28.9,58.4,33.4,3.0,1.2,60128
cd,2804,28,04,"Congressional District 4 (119th Congress), Mississippi",748399,25.5,66.6,21.6,5.6,1.5,60376
cd,2901,29,01,"Congressional District 1 (119th Congress), Missouri",752720,38.0,41.0,45.5,4.8,3.6,61097
cd,2902,29,02,"Congressional District 2 (119th Congress), Missouri",771008,50.0,82.8,3.0,3.3,4.8,102169
cd,2903,29,03,"Congressional District 3 (119th Congress), Missouri",780389,35.5,84.6,4.6,3.6,2.2,81928
cd,2904,29,04,"Congressional District 4 (119th Congress), Missouri",782304,25.2,84.1,4.3,5.2,1.0,67043
cd,2905,29,05,"Congressional District 5 (119th Congress), Missouri",772256,34.4,58.7,21.8,11.8,2.0,67634
cd,2906,29,06,"Congressional District 6 (119th Congress), Missouri",775000,27.1,86.8,3.6,4.2,1.1,73975
cd,2907,29,07,"Congressional District 7 (119th Congress), Missouri",785302,27.7,84.0,1.8,6.5,1.4,63127
cd,2908,29,08,"Congressional District 8 (119th Congress), Missouri",772835,20.8,87.0,3.7,2.6,0.8,60159
cd,3001,30,01,"Congressional District 1 (119th Congress), Montana",564861,38.8,85.2,0.3,4.4,1.0,73598
cd,3002,30,02,"Congressional District 2 (119th Congress), Montana",552014,31.4,82.0,0.5,4.7,0.6,71501
cd,3101,31,01,"Congressional District 1 (119th Congress), Nebraska",662376,36.4,77.3,3.1,11.7,2.7,79326
cd,3102,31,02,"Congressional District 2 (119th Congress), Nebraska",664272,42.5,68.2,9.2,13.4,4.1,83942
cd,3103,31,03,"Congressional District 3 (119th Congress), Nebraska",652059,25.0,80.5,1.4,13.1,0.8,68556
cd,3201,32,01,"Congressional District 1 (119th Congress), Nevada",771368,25.7,39.0,9.0,37.1,7.9,69532
cd,3202,32,02,"Congressional District 2 (119th Congress), Nevada",790547,29.4,62.0,1.9,24.1,4.2,85247
cd,3203,32,03,"Congressional District 3 (119th Congress), Nevada",809043,34.7,42.2,9.8,21.6,17.3,84345
cd,3204,32,04,"Congressional District 4 (119th Congress), Nevada",813654,21.2,36.1,15.0,35.9,5.5,74580
cd,3301,33,01,"Congressional District 1 (119th Congress), New Hampshire",698446,41.5,86.7,1.3,4.8,2.5,100838
cd,3302,33,02,"Congressional District 2 (119th Congress), New Hampshire",696422,39.8,87.1,1.4,4.5,2.6,97382
cd,3401,34,01,"Congressional District 1 (119th Congress), New Jersey",778642,36.1,58.9,15.3,16.1,5.1,90796
cd,3402,34,02,"Congressional District 2 (119th Congress), New Jersey",783815,31.3,63.3,10.4,18.0,3.8,85261
cd,3403,34,03,"Congressional District 3 (119th Congress), New Jersey",783491,46.2,61.9,12.1,12.4,8.3,116959
cd,3404,34,04,"Congressional District 4 (119th Congress), New Jersey",788486,40.3,79.7,3.3,11.1,2.4,99155
cd,3405,34,05,"Congressional District 5 (119th Congress), New Jersey",778374,55.0,57.0,5.3,17.4,16.4,132937
cd,3406,34,06,"Congressional District 6 (119th Congress), New Jersey",780307,42.6,41.8,10.9,25.0,18.0,105178
cd,3407,34,07,"Congressional District 7 (119th Congress), New Jersey",783203,55.0,68.9,5.2,13.3,8.2,136541
cd,3408,34,08,"Congressional District 8 (119th Congress), New Jersey",763596,41.4,24.6,7.9,51.2,11.4,84356
cd,3409,34,09,"Congressional District 9 (119th Congress), New Jersey",767600,34.0,36.8,8.1,43.2,8.7,88416
cd,3410,34,10,"Congressional District 10 (119th Congress), New Jersey",777942,32.6,18.4,47.0,22.7,6.6,72784
cd,3411,34,11,"Congressional District 11 (119th Congress), New Jersey",779403,59.2,60.4,5.2,17.5,12.0,137244
cd,3412,34,12,"Congressional District 12 (119th Congress), New Jersey",778950,48.8,38.3,15.1,22.8,19.9,113235
cd,3501,35,01,"Congressional District 1 (119th Congress), New Mexico",711799,39.5,44.7,2.4,41.8,2.6,71236
cd,3502,35,02,"Congressional District 2 (119th Congress), New Mexico",707320,24.4,28.6,1.9,60.5,1.1,57932
cd,3503,35,03,"Congressional District 3 (119th Congress), New Mexico",701127,28.1,34.4,1.1,43.0,1.1,62557
cd,3601,36,01,"Congressional District 1 (119th Congress), New York",778092,46.5,71.1,4.3,15.2,5.4,134242
cd,3602,36,02,"Congressional District 2 (119th Congress), New York",782282,33.9,54.4,9.5,29.3,3.3,128330
cd,3603,36,03,"Congressional District 3 (119th Congress), New York",770395,53.4,53.8,3.4,15.2,23.5,139677
cd,3604,36,04,"Congressional District 4 (119th Congress), New York",773177,44.9,48.7,16.9,22.2,7.8,141082
cd,3605,36,05,"Congressional District 5 (119th Congress), New York",789687,28.6,13.8,39.5,21.1,14.9,86577
cd,3606,36,06,"Congressional District 6 (119th Congress), New York",733304,38.3,24.4,4.3,26.4,40.9,80301
cd,3607,36,07,"Congressional District 7 (119th Congress), New York",753548,44.6,37.5,10.1,34.8,12.2,88575
cd,3608,36,08,"Congressional District 8 (119th Congress), New York",759088,36.2,27.4,41.4,16.2,8.2,66089
cd,3609,36,09,"Congressional District 9 (119th Congress), New York",737304,38.9,32.2,40.2,11.2,8.8,75855
cd,3610,36,10,"Congressional District 10 (119th Congress), New York",733272,61.7,50.0,5.7,19.6,19.5,117000
cd,3611,36,11,"Congressional District 11 (119th Congress), New York",752901,36.6,51.5,6.5,19.0,19.5,90701
cd,3612,36,12,"Congressional District 12 (119th Congress), New York",719940,80.3,64.9,4.7,11.6,13.1,147775
cd,3613,36,13,"Congressional District 13 (119th Congress), New York",778141,35.9,15.6,23.8,51.3,5.3,53573
cd,3614,36,14,"Congressional District 14 (119th Congress), New York",718731,29.5,18.1,13.5,52.9,11.7,67549
cd,3615,36,15,"Congressional District 15 (119th Congress), New York",751695,22.3,9.2,31.9,52.4,2.8,47075
cd,3616,36,16,"Congressional District 16 (119th Congress), New York",775704,49.1,39.4,20.2,29.3,6.3,104031
cd,3617,36,17,"Congressional District 17 (119th Congress), New York",777627,49.5,63.1,7.2,20.9,4.9,125890
cd,3618,36,18,"Congressional District 18 (119th Congress), New York",786484,36.6,62.5,9.5,19.3,2.9,94063
cd,3619,36,19,"Congressional District 19 (119th Congress), New York",774788,35.3,80.2,4.0,7.3,3.6,73134
cd,3620,36,20,"Congressional District 20 (119th Congress), New York",782695,42.9,72.4,8.4,7.4,5.4,86491
cd,3621,36,21,"Congressional District 21 (119th Congress), New York",770419,26.2,88.6,2.1,3.8,1.0,70983
cd,3622,36,22,"Congressional District 22 (119th Congress), New York",767369,35.6,76.5,8.2,5.9,3.9,73829
cd,3623,36,23,"Congressional District 23 (119th Congress), New York",770072,30.9,89.1,2.1,3.8,1.0,72834
cd,3624,36,24,"Congressional District 24 (119th Congress), New York",771272,25.9,88.0,2.4,4.3,0.9,72690
cd,3625,36,25,"Congressional District 25 (119th Congress), New York",771484,41.8,68.2,13.2,9.8,3.7,76853
cd,3626,36,26,"Congressional District 26 (119th Congress), New York",772895,35.7,65.9,15.7,7.6,5.9,65395
cd,3701,37,01,"Congressional District 1 (119th Congress), North Carolina",747584,20.3,47.2,38.9,8.2,0.8,56285
cd,3702,37,02,"Congressional District 2 (119th Congress), North Carolina",766292,54.0,53.3,22.7,13.2,5.7,92505
cd,3703,37,03,"Congressional District 3 (119th Congress), North Carolina",760895,28.2,62.5,19.6,10.9,1.6,64452
cd,3704,37,04,"Congressional District 4 (119th Congress), North Carolina",769729,61.4,52.9,18.9,11.6,11.0,102949
cd,3705,37,05,"Congressional District 5 (119th Congress), North Carolina",751008,27.8,68.3,17.1,8.5,2.2,58936
cd,3706,37,06,"Congressional District 6 (119th Congress), North Carolina",769663,30.2,60.9,18.8,11.8,3.8,68629
cd,3707,37,07,"Congressional District 7 (119th Congress), North Carolina",778792,33.1,64.8,18.1,9.0,1.3,69574
cd,3708,37,08,"Congressional District 8 (119th Congress), North Carolina",765329,35.0,60.0,16.6,9.7,4.0,81221
cd,3709,37,09,"Congressional District 9 (119th Congress), North Carolina",765958,28.6,57.9,20.7,13.2,1.8,67665
cd,3710,37,10,"Congressional District 10 (119th Congress), North Carolina",766029,32.8,66.2,15.2,11.8,2.4,70226
cd,3711,37,11,"Congressional District 11 (119th Congress), North Carolina",758211,35.7,83.0,3.2,8.1,0.9,65577
cd,3712,37,12,"Congressional District 12 (119th Congress), North Carolina",770963,44.7,34.6,36.9,18.8,5.4,75943
cd,3713,37,13,"Congressional District 13 (119th Congress), North Carolina",792542,31.5,61.9,18.5,14.0,1.0,81810
cd,3714,37,14,"Congressional District 14 (119th Congress), North Carolina",767409,35.6,66.6,15.2,9.2,3.8,75731
cd,3800,38,00,"Congressional District (at Large) (119th Congress), North Dakota",784841,32.7,81.7,3.3,4.7,1.6,76657
cd,3901,39,01,"Congressional District 1 (119th Congress), Ohio",794614,46.4,67.7,17.4,4.9,4.3,80294
cd,3902,39,02,"Congressional District 2 (119th Congress), Ohio",787099,21.2,92.2,1.9,1.7,0.6,66384
cd,3903,39,03,"Congressional District 3 (119th Congress), Ohio",789553,44.5,53.6,28.1,6.7,5.6,72381
cd,3904,39,04,"Congressional District 4 (119th Congress), Ohio",797595,29.5,85.1,4.2,2.8,3.1,78746
cd,3905,39,05,"Congressional District 5 (119th Congress), Ohio",788570,25.1,83.8,3.7,7.7,1.0,71027
cd,3906,39,06,"Congressional District 6 (119th Congress), Ohio",779266,21.0,86.2,5.8,3.4,0.5,60453
cd,3907,39,07,"Congressional District 7 (119th Congress), Ohio",781785,37.5,85.7,3.3,4.3,2.9,86611
cd,3908,39,08,"Congressional District 8 (119th Congress), Ohio",788819,30.7,73.7,12.9,5.0,2.9,78441
cd,3909,39,09,"Congressional District 9 (119th Congress), Ohio",781702,27.8,74.6,11.6,7.7,1.4,66739
cd,3910,39,10,"Congressional District 10 (119th Congress), Ohio",786190,32.3,71.4,16.4,4.1,2.2,68677
cd,3911,39,11,"Congressional District 11 (119th Congress), Ohio",773464,33.5,41.1,43.0,8.0,2.8,53094
cd,3912,39,12,"Congressional District 12 (119th Congress), Ohio",798482,27.6,88.0,3.9,2.2,2.0,76493
cd,3913,39,13,"Congressional District 13 (119th Congress), Ohio",783308,34.0,75.6,12.1,3.0,3.4,70696
cd,3914,39,14,"Congressional District 14 (119th Congress), Ohio",785281,28.2,86.0,5.1,3.5,1.1,71462
cd,3915,39,15,"Congressional District 15 (119th Congress), Ohio",794565,33.5,72.1,11.6,6.7,4.2,78358
cd,4001,40,01,"Congressional District 1 (119th Congress), Oklahoma",809593,33.3,59.0,8.2,14.6,3.5,70845
cd,4002,40,02,"Congressional District 2 (119th Congress), Oklahoma",804459,19.9,62.2,3.0,6.2,0.9,55652
cd,4003,40,03,"Congressional District 3 (119th Congress), Oklahoma",797981,22.2,60.6,4.8,21.2,1.6,59242
cd,4004,40,04,"Congressional District 4 (119th Congress), Oklahoma",804349,27.9,65.6,6.9,10.8,2.6,67010
cd,4005,40,05,"Congressional District 5 (119th Congress), Oklahoma",812252,38.2,63.1,10.9,10.7,3.2,74730
cd,4101,41,01,"Congressional District 1 (119th Congress), Oregon",707875,47.8,64.5,2.2,15.8,9.8,98323
cd,4102,41,02,"Congressional District 2 (119th Congress), Oregon",708237,24.4,75.5,0.6,15.5,0.8,67259
cd,4103,41,03,"Congressional District 3 (119th Congress), Oregon",699535,41.5,64.2,5.2,14.8,7.2,89326
cd,4104,41,04,"Congressional District 4 (119th Congress), Oregon",710014,32.8,79.2,0.8,9.4,2.6,68838
cd,4105,41,05,"Congressional District 5 (119th Congress), Oregon",714831,39.0,78.9,0.9,10.5,2.8,93030
cd,4106,41,06,"Congressional District 6 (119th Congress), Oregon",713801,35.1,65.8,1.2,21.9,3.4,87618
cd,4201,42,01,"Congressional District 1 (119th Congress), Pennsylvania",767357,44.9,79.1,3.6,6.7,6.1,113911
cd,4202,42,02,"Congressional District 2 (119th Congress), Pennsylvania",746424,28.1,35.9,23.4,25.9,9.8,60334
cd,4203,42,03,"Congressional District 3 (119th Congress), Pennsylvania",762762,43.6,31.4,51.2,6.2,6.1,64484
cd,4204,42,04,"Congressional District 4 (119th Congress), Pennsylvania",774814,49.2,74.9,8.3,6.4,6.1,110538
cd,4205,42,05,"Congressional District 5 (119th Congress), Pennsylvania",765322,42.2,57.9,24.0,6.7,6.8,87199
cd,4206,42,06,"Congressional District 6 (119th Congress), Pennsylvania",779553,48.7,68.8,4.9,16.9,5.2,106917
cd,4207,42,07,"Congressional District 7 (119th Congress), Pennsylvania",775601,32.8,67.2,5.4,20.8,3.0,82392
cd,4208,42,08,"Congressional District 8 (119th Congress), Pennsylvania",768757,27.4,72.8,6.0,15.1,2.0,67979
cd,4209,42,09,"Congressional District 9 (119th Congress), Pennsylvania",765525,23.3,86.8,2.2,6.8,0.9,69483
cd,4210,42,10,"Congressional District 10 (119th Congress), Pennsylvania",779640,34.7,70.4,9.8,10.4,4.8,81964
cd,4211,42,11,"Congressional District 11 (119th Congress), Pennsylvania",772863,30.9,81.1,3.4,9.7,2.1,87221
cd,4212,42,12,"Congressional District 12 (119th Congress), Pennsylvania",760856,41.9,73.0,14.8,3.1,4.2,71986
cd,4213,42,13,"Congressional District 13 (119th Congress), Pennsylvania",765396,22.4,89.4,2.2,4.0,0.7,69259
cd,4214,42,14,"Congressional District 14 (119th Congress), Pennsylvania",757997,27.0,90.7,3.0,1.7,0.8,67375
cd,4215,42,15,"Congressional District 15 (119th Congress), Pennsylvania",758565,25.3,91.0,1.8,2.3,1.7,65472
cd,4216,42,16,"Congressional District 16 (119th Congress), Pennsylvania",762592,30.0,87.6,4.1,2.9,1.3,67764
cd,4217,42,17,"Congressional District 17 (119th Congress), Pennsylvania",754615,45.0,82.6,6.9,2.6,3.2,85933
cd,4401,44,01,"Congressional District 1 (119th Congress), Rhode Island",546488,38.1,63.0,5.9,20.0,3.6,82508
cd,4402,44,02,"Congressional District 2 (119th Congress), Rhode Island",555313,37.4,73.0,3.9,15.5,3.3,93597
cd,4501,45,01,"Congressional District 1 (119th Congress), South Carolina",763792,43.2,68.0,17.3,8.5,1.8,90436
cd,4502,45,02,"Congressional District 2 (119th Congress), South Carolina",749271,36.2,60.0,25.9,7.3,2.2,74611
cd,4503,45,03,"Congressional District 3 (119th Congress), South Carolina",750357,26.3,71.7,16.4,6.3,1.0,62661
cd,4504,45,04,"Congressional District 4 (119th Congress), South Carolina",765409,36.1,64.1,17.3,11.4,2.6,72664
cd,4505,45,05,"Congressional District 5 (119th Congress), South Carolina",758357,29.5,64.0,23.3,6.1,2.0,71517
cd,4506,45,06,"Congressional District 6 (119th Congress), South Carolina",745526,29.2,41.2,47.0,6.6,1.6,55782
cd,4507,45,07,"Congressional District 7 (119th Congress), South Carolina",763513,24.4,63.9,25.5,5.4,1.1,59582
cd,4600,46,00,"Congressional District (at Large) (119th Congress), South Dakota",907428,31.9,79.8,2.1,4.8,1.4,75081
cd,4701,47,01,"Congressional District 1 (119th Congress), Tennessee",782000,23.2,88.5,2.1,5.3,0.8,57829
cd,4702,47,02,"Congressional District 2 (119th Congress), Tennessee",792639,34.4,83.1,5.6,5.8,1.7,72572
cd,4703,47,03,"Congressional District 3 (119th Congress), Tennessee",788609,29.0,77.8,9.6,6.3,1.4,69771
cd,4704,47,04,"Congressional District 4 (119th Congress), Tennessee",799279,25.8,75.6,8.8,8.8,2.0,69571
cd,4705,47,05,"Congressional District 5 (119th Congress), Tennessee",796623,47.0,68.8,12.0,10.5,4.0,93904
cd,4706,47,06,"Congressional District 6 (119th Congress), Tennessee",788325,28.8,78.1,8.8,8.0,1.1,69359
cd,4707,47,07,"Congressional District 7 (119th Congress), Tennessee",791449,34.4,69.2,15.3,8.2,1.9,75800
cd,4708,47,08,"Congressional District 8 (119th Congress), Tennessee",767898,29.8,72.6,17.1,4.0,2.1,69163
cd,4709,47,09,"Congressional District 9 (119th Congress), Tennessee",759561,26.9,23.8,61.4,9.7,1.9,55052
cd,4801,48,01,"Congressional District 1 (119th Congress), Texas",779066,22.9,59.9,16.9,17.7,1.1,65184
cd,4802,48,02,"Congressional District 2 (119th Congress), Texas",814076,39.3,47.0,12.2,32.2,4.2,99648
cd,4803,48,03,"Congressional District 3 (119th Congress), Texas",846484,50.2,54.2,10.7,16.4,13.9,121914
cd,4804,48,04,"Congressional District 4 (119th Congress), Texas",823011,44.8,58.6,8.9,15.1,12.5,97860
cd,4805,48,05,"Congressional District 5 (119th Congress), Texas",806900,24.4,45.8,14.8,30.8,4.5,78587
cd,4806,48,06,"Congressional District 6 (119th Congress), Texas",793946,26.3,43.7,13.7,34.9,3.5,79905
cd,4807,48,07,"Congressional District 7 (119th Congress), Texas",796950,49.7,26.2,20.1,31.2,18.7,77965
cd,4808,48,08,"Congressional District 8 (119th Congress), Texas",846118,33.7,44.5,12.2,32.6,6.5,90294
cd,4809,48,09,"Congressional District 9 (119th Congress), Texas",776446,32.3,13.0,35.5,38.9,9.6,65402
cd,4810,48,10,"Congressional District 10 (119th Congress), Texas",797070,41.1,54.9,9.7,25.7,5.4,84909
cd,4811,48,11,"Congressional District 11 (119th Congress), Texas",777036,24.3,42.7,11.2,39.9,2.0,71018
cd,4812,48,12,"Congressional District 12 (119th Congress), Texas",816916,34.2,54.3,12.2,24.5,4.5,87454
cd,4813,48,13,"Congressional District 13 (119th Congress), Texas",782513,26.2,57.8,6.5,28.9,2.4,68442
cd,4814,48,14,"Congressional District 14 (119th Congress), Texas",777988,25.8,52.3,15.1,26.0,2.8,77215
cd,4815,48,15,"Congressional District 15 (119th Congress), Texas",790465,22.7,15.0,1.3,81.4,1.2,59751
cd,4816,48,16,"Congressional District 16 (119th Congress), Texas",776702,27.1,11.4,3.1,82.2,1.2,60388
cd,4817,48,17,"Congressional District 17 (119th Congress), Texas",791966,27.5,52.3,14.1,26.7,2.2,68232
cd,4818,48,18,"Congressional District 18 (119th Congress), Texas",791493,28.4,16.1,30.7,44.9,4.8,63409
cd,4819,48,19,"Congressional District 19 (119th Congress), Texas",773548,25.3,50.2,5.7,39.1,1.6,63608
cd,4820,48,20,"Congressional District 20 (119th Congress), Texas",783289,25.2,17.1,5.9,70.7,3.4,62770
cd,4821,48,21,"Congressional District 21 (119th Congress), Texas",810199,47.0,58.2,3.2,31.9,2.3,95646
cd,4822,48,22,"Congressional District 22 (119th Congress), Texas",833743,47.0,39.5,11.8,29.4,14.9,110835
cd,4823,48,23,"Congressional District 23 (119th Congress), Texas",770809,31.1,27.9,3.5,62.9,2.5,79042
cd,4824,48,24,"Congressional District 24 (119th Congress), Texas",761741,54.5,60.6,7.4,18.2,8.7,115964
cd,4825,48,25,"Congressional District 25 (119th Congress), Texas",806742,31.1,57.5,11.8,23.4,3.3,80508
cd,4826,48,26,"Congressional District 26 (119th Congress), Texas",830132,47.7,55.4,9.3,19.7,10.5,116898
cd,4827,48,27,"Congressional District 27 (119th Congress), Texas",777664,21.4,37.1,3.9,54.6,1.6,68094
cd,4828,48,28,"Congressional District 28 (119th Congress), Texas",789743,21.2,17.7,4.3,75.0,1.1,65728
cd,4829,48,29,"Congressional District 29 (119th Congress), Texas",752781,13.0,7.7,12.9,75.8,2.2,55446
cd,4830,48,30,"Congressional District 30 (119th Congress), Texas",779620,31.0,17.0,39.6,37.1,3.4,72761
cd,4831,48,31,"Congressional District 31 (119th Congress), Texas",843922,38.6,57.1,7.2,24.2,5.8,96016
cd,4832,48,32,"Congressional District 32 (119th Congress), Texas",767505,40.7,31.3,20.4,36.4,8.3,72034
cd,4833,48,33,"Congressional District 33 (119th Congress), Texas",777278,23.6,12.8,18.0,58.3,8.5,64457
cd,4834,48,34,"Congressional District 34 (119th Congress), Texas",778225,19.3,7.6,0.6,90.6,0.6,53104
cd,4835,48,35,"Congressional District 35 (119th Congress), Texas",819409,32.9,27.4,11.5,53.7,3.4,73088
cd,4836,48,36,"Congressional District 36 (119th Congress), Texas",784320,24.0,47.6,11.0,33.5,4.1,76047
cd,4837,48,37,"Congressional District 37 (119th Congress), Texas",774416,62.9,51.6,6.3,27.5,9.5,96069
cd,4838,48,38,"Congressional District 38 (119th Congress), Texas",788192,50.5,47.6,10.2,27.2,10.1,102662
cd,4901,49,01,"Congressional District 1 (119th Congress), Utah",846210,37.9,78.6,1.0,13.8,2.0,93425
cd,4902,49,02,"Congressional District 2 (119th Congress), Utah",852435,33.7,70.2,1.3,19.6,2.7,86300
cd,4903,49,03,"Congressional District 3 (119th Congress), Utah",821200,44.2,77.4,0.7,12.7,2.3,94670
cd,4904,49,04,"Congressional District 4 (119th Congress), Utah",872486,35.6,72.9,1.2,17.3,2.6,106578
cd,5000,50,00,"Congressional District (at Large) (119th Congress), Vermont",647106,43.8,89.9,1.1,2.6,1.8,81203
cd,5101,51,01,"Congressional District 1 (119th Congress), Virginia",804410,47.6,70.1,12.6,5.8,5.9,104610
cd,5102,51,02,"Congressional District 2 (119th Congress), Virginia",787890,38.7,58.7,21.9,7.9,5.3,93757
cd,5103,51,03,"Congressional District 3 (119th Congress), Virginia",776096,30.0,38.9,42.8,8.8,2.9,67878
cd,5104,51,04,"Congressional District 4 (119th Congress), Virginia",796326,33.0,41.5,40.9,10.4,2.1,70751
cd,5105,51,05,"Congressional District 5 (119th Congress), Virginia",798638,34.3,68.8,19.8,4.6,2.0,72558
cd,5106,51,06,"Congressional District 6 (119th Congress), Virginia",790761,28.7,77.6,8.0,8.6,1.7,71978
cd,5107,51,07,"Congressional District 7 (119th Congress), Virginia",806870,37.7,50.0,19.8,17.9,5.2,113817
cd,5108,51,08,"Congressional District 8 (119th Congress), Virginia",776847,65.8,49.3,12.8,20.1,11.6,131383
cd,5109,51,09,"Congressional District 9 (119th Congress), Virginia",780117,23.9,86.7,5.6,3.3,1.6,58380
cd,5110,51,10,"Congressional District 10 (119th Congress), Virginia",802125,55.9,51.7,8.5,18.9,15.4,162359
cd,5111,51,11,"Congressional District 11 (119th Congress), Virginia",785090,68.3,48.3,8.3,14.8,22.2,160992
cd,5301,53,01,"Congressional District 1 (119th Congress), Washington",783828,53.0,58.0,2.5,10.1,21.5,134799
cd,5302,53,02,"Congressional District 2 (119th Congress), Washington",781265,36.9,68.8,2.6,12.8,7.2,90029
cd,5303,53,03,"Congressional District 3 (119th Congress), Washington",788069,28.9,75.0,1.6,11.7,3.7,90428
cd,5304,53,04,"Congressional District 4 (119th Congress), Washington",781735,24.0,50.1,1.1,41.2,1.6,77137
cd,5305,53,05,"Congressional District 5 (119th Congress), Washington",788007,31.7,79.2,1.6,8.9,2.3,75273
cd,5306,53,06,"Congressional District 6 (119th Congress), Washington",782007,35.1,72.5,3.1,9.6,4.1,90625
cd,5307,53,07,"Congressional District 7 (119th Congress), Washington",779308,66.5,61.8,4.9,9.6,15.2,125152
cd,5308,53,08,"Congressional District 8 (119th Congress), Washington",781768,42.0,67.3,1.9,11.4,11.0,127442
cd,5309,53,09,"Congressional District 9 (119th Congress), Washington",772812,42.0,39.1,12.1,15.1,23.4,100420
cd,5310,53,10,"Congressional District 10 (119th Congress), Washington",777317,32.1,59.3,7.0,13.6,7.5,94427
cd,5401,54,01,"Congressional District 1 (119th Congress), West Virginia",877069,22.1,90.8,3.2,1.4,0.6,54402
cd,5402,54,02,"Congressional District 2 (119th Congress), West Virginia",901304,26.1,88.6,3.0,2.9,0.9,64829
cd,5501,55,01,"Congressional District 1 (119th Congress), Wisconsin",733917,31.0,74.3,5.9,13.3,1.8,79703
cd,5502,55,02,"Congressional District 2 (119th Congress), Wisconsin",748550,48.4,78.9,4.1,7.2,4.8,87636
cd,5503,55,03,"Congressional District 3 (119th Congress), Wisconsin",739573,28.5,89.2,1.1,3.6,2.3,72409
cd,5504,55,04,"Congressional District 4 (119th Congress), Wisconsin",725486,34.1,40.4,31.5,18.5,4.9,60201
cd,5505,55,05,"Congressional District 5 (119th Congress), Wisconsin",742808,40.9,85.4,1.6,6.3,3.0,95803
cd,5506,55,06,"Congressional District 6 (119th Congress), Wisconsin",738897,28.6,86.1,1.9,5.8,2.6,75789
cd,5507,55,07,"Congressional District 7 (119th Congress), Wisconsin",743243,26.1,89.5,0.7,2.8,1.6,72975
cd,5508,55,08,"Congressional District 8 (119th Congress), Wisconsin",742398,29.7,83.8,1.4,6.5,2.5,78966
cd,5600,56,00,"Congressional District (at Large) (119th Congress), Wyoming",582397,30.6,81.4,0.8,10.7,0.8,76176
sldu,01001,01,001,State Senate District 1 (2024); Alabama,152126,29.3,83.0,7.8,3.8,0.7,70450
sldu,01002,01,002,State Senate District 2 (2024); Alabama,162780,50.6,56.7,27.0,6.9,3.8,93781
sldu,01003,01,003,State Senate District 3 (2024); Alabama,153876,30.0,68.7,15.6,9.9,1.3,76534
sldu,01004,01,004,State Senate District 4 (2024); Alabama,143432,17.5,89.7,1.5,4.4,0.5,58830
sldu,01005,01,005,State Senate District 5 (2024); Alabama,136717,19.0,87.3,6.4,2.8,0.3,63979
sldu,01006,01,006,State Senate District 6 (2024); Alabama,148296,18.8,73.1,12.1,8.7,0.4,59389
sldu,01007,01,007,State Senate District 7 (2024); Alabama,154912,43.4,61.9,24.2,7.3,1.4,76777
sldu,01008,01,008,State Senate District 8 (2024); Alabama,151608,23.0,79.9,7.3,6.6,0.7,61231
sldu,01009,01,009,State Senate District 9 (2024); Alabama,151451,26.2,76.0,3.8,15.1,1.1,65142
sldu,01010,01,010,State Senate District 10 (2024); Alabama,151704,16.4,77.3,10.8,8.0,0.5,53663
sldu,01011,01,011,State Senate District 11 (2024); Alabama,151724,20.2,72.7,19.0,3.4,0.6,71369
sldu,01012,01,012,State Senate District 12 (2024); Alabama,149144,20.3,68.7,22.4,4.2,0.7,55456
sldu,01013,01,013,State Senate District 13 (2024); Alabama,150692,20.9,69.4,21.9,4.2,0.6,60761
sldu,01014,01,014,State Senate District 14 (2024); Alabama,144478,32.4,71.0,14.5,10.0,1.3,80254
sldu,01015,01,015,State Senate District 15 (2024); Alabama,135352,56.1,80.2,8.8,5.6,2.0,112275
sldu,01016,01,016,State Senate District 16 (2024); Alabama,143941,61.2,71.5,16.0,5.1,4.4,97130
sldu,01017,01,017,State Senate District 17 (2024); Alabama,135787,23.8,80.9,9.9,4.9,0.8,79815
sldu,01018,01,018,State Senate District 18 (2024); Alabama,140772,41.4,36.3,52.4,5.8,2.6,48893
sldu,01019,01,019,State Senate District 19 (2024); Alabama,137499,19.6,29.3,60.8,6.1,0.6,58265
sldu,01020,01,020,State Senate District 20 (2024); Alabama,134073,23.1,24.4,65.3,6.4,0.7,54865
sldu,01021,01,021,State Senate District 21 (2024); Alabama,149828,32.2,65.4,23.0,6.4,1.9,63850
sldu,01022,01,022,State Senate District 22 (2024); Alabama,141484,17.9,71.6,18.0,3.8,0.5,58074
sldu,01023,01,023,State Senate District 23 (2024); Alabama,136730,14.7,39.7,56.6,0.8,0.5,40712
sldu,01024,01,024,State Senate District 24 (2024); Alabama,143556,22.4,35.8,57.0,3.1,0.7,50171
sldu,01025,01,025,State Senate District 25 (2024); Alabama,148680,36.2,59.7,29.4,2.9,4.5,77727
sldu,01026,01,026,State Senate District 26 (2024); Alabama,146498,27.1,21.4,69.2,5.9,0.8,48871
sldu,01027,01,027,State Senate District 27 (2024); Alabama,153830,43.0,66.0,21.2,4.5,4.7,62920
sldu,01028,01,028,State Senate District 28 (2024); Alabama,145298,16.9,39.0,52.0,4.9,0.5,44983
sldu,01029,01,029,State Senate District 29 (2024); Alabama,144067,21.3,71.0,18.0,5.2,1.1,60643
sldu,01030,01,030,State Senate District 30 (2024); Alabama,137759,24.1,66.5,24.0,4.5,1.0,65754
sldu,01031,01,031,State Senate District 31 (2024); Alabama,138807,22.4,69.2,18.9,6.1,1.2,59617
sldu,01032,01,032,State Senate District 32 (2024); Alabama,158681,38.7,81.3,7.3,6.0,1.3,82668
sldu,01033,01,033,State Senate District 33 (2024); Alabama,136399,25.5,31.6,62.0,2.7,1.0,47307
sldu,01034,01,034,State Senate District 34 (2024); Alabama,141509,28.3,65.5,24.5,3.7,1.7,66706
sldu,01035,01,035,State Senate District 35 (2024); Alabama,133278,26.9,68.5,19.0,4.3,3.7,67542
sldu,0200A,02,00A,State Senate District A (2024); Alaska,35510,26.1,55.2,0.5,6.4,7.6,83847
sldu,0200B,02,00B,State Senate District B (2024); Alaska,35800,40.1,62.5,0.6,6.8,7.0,99534
sldu,0200C,02,00C,State Senate District C (2024); Alaska,37952,32.5,67.8,0.5,5.2,9.1,77833
sldu,0200D,02,00D,State Senate District D (2024); Alaska,37104,27.0,77.0,0.7,4.8,1.9,86357
sldu,0200E,02,00E,State Senate District E (2024); Alaska,35592,49.3,64.8,2.0,7.5,7.4,138542
sldu,0200F,02,00F,State Senate District F (2024); Alaska,35840,40.1,57.5,2.9,9.2,12.8,126760
sldu,0200G,02,00G,State Senate District G (2024); Alaska,36422,30.6,47.1,4.3,9.5,10.0,92127
sldu,0200H,02,00H,State Senate District H (2024); Alaska,37625,43.0,62.1,3.0,7.0,8.9,116223
sldu,0200I,02,00I,State Senate District I (2024); Alaska,34426,38.4,53.7,5.6,13.6,5.5,75787
sldu,0200J,02,00J,State Senate District J (2024); Alaska,36840,28.5,37.5,7.8,11.4,13.4,77568
sldu,0200K,02,00K,State Senate District K (2024); Alaska,37510,31.0,37.7,9.7,11.0,17.2,87467
sldu,0200L,02,00L,State Senate District L (2024); Alaska,35132,47.4,74.4,2.9,7.0,2.6,138175
sldu,0200M,02,00M,State Senate District M (2024); Alaska,40435,28.6,74.4,1.3,6.2,1.2,102144
sldu,0200N,02,00N,State Senate District N (2024); Alaska,40257,22.7,76.2,0.8,5.4,1.9,90127
sldu,0200O,02,00O,State Senate District O (2024); Alaska,38167,23.0,76.0,1.5,4.5,1.8,88971
sldu,0200P,02,00P,State Senate District P (2024); Alaska,35925,25.8,57.0,7.4,10.4,4.0,75190
sldu,0200Q,02,00Q,State Senate District Q (2024); Alaska,37097,31.9,77.2,1.5,7.2,1.3,105877
sldu,0200R,02,00R,State Senate District R (2024); Alaska,37327,35.6,59.7,1.8,6.3,2.8,78913
sldu,0200S,02,00S,State Senate District S (2024); Alaska,34946,15.4,13.7,2.2,4.6,9.3,78373
sldu,0200T,02,00T,State Senate District T (2024); Alaska,35799,12.4,15.6,0.9,3.0,2.5,74583
sldu,04001,04,001,State Senate District 1 (2024); Arizona,246671,30.4,77.3,0.5,15.5,1.1,69555
sldu,04002,04,002,State Senate District 2 (2024); Arizona,253802,35.0,58.6,5.0,23.9,6.5,81548
sldu,04003,04,003,State Senate District 3 (2024); Arizona,240816,57.4,81.6,1.3,7.3,4.5,132332
sldu,04004,04,004,State Senate District 4 (2024); Arizona,246417,60.0,75.0,2.1,11.6,5.8,110119
sldu,04005,04,005,State Senate District 5 (2024); Arizona,241537,42.4,47.3,6.7,35.3,3.2,72795
sldu,04006,04,006,State Senate District 6 (2024); Arizona,221081,21.3,25.2,0.8,10.1,0.7,53804
sldu,04007,04,007,State Senate District 7 (2024); Arizona,253467,28.2,69.9,1.8,19.3,1.3,68654
sldu,04008,04,008,State Senate District 8 (2024); Arizona,250737,44.9,51.3,6.5,27.2,5.7,76772
sldu,04009,04,009,State Senate District 9 (2024); Arizona,236406,28.0,48.8,4.5,37.0,2.1,70322
sldu,04010,04,010,State Senate District 10 (2024); Arizona,239291,31.5,71.5,2.8,18.0,2.3,80144
sldu,04011,04,011,State Senate District 11 (2024); Arizona,239419,23.6,18.9,15.4,57.2,3.0,75860
sldu,04012,04,012,State Senate District 12 (2024); Arizona,243790,50.9,59.3,5.0,19.3,8.5,103398
sldu,04013,04,013,State Senate District 13 (2024); Arizona,237864,47.6,56.2,5.1,20.5,11.5,108196
sldu,04014,04,014,State Senate District 14 (2024); Arizona,253967,49.1,66.1,3.1,17.5,6.4,126890
sldu,04015,04,015,State Senate District 15 (2024); Arizona,266581,35.0,66.4,3.6,20.9,2.6,112340
sldu,04016,04,016,State Senate District 16 (2024); Arizona,261084,20.8,43.6,6.1,36.3,1.8,76249
sldu,04017,04,017,State Senate District 17 (2024); Arizona,249296,47.0,67.1,2.7,21.0,3.0,99900
sldu,04018,04,018,State Senate District 18 (2024); Arizona,244209,46.3,62.7,3.8,22.6,4.1,71906
sldu,04019,04,019,State Senate District 19 (2024); Arizona,233949,30.9,59.9,2.7,30.0,1.7,69314
sldu,04020,04,020,State Senate District 20 (2024); Arizona,241065,27.6,34.9,2.6,53.0,3.2,47249
sldu,04021,04,021,State Senate District 21 (2024); Arizona,246628,22.5,29.8,4.0,59.7,1.6,59248
sldu,04022,04,022,State Senate District 22 (2024); Arizona,257571,17.4,19.8,11.0,62.0,2.6,84645
sldu,04023,04,023,State Senate District 23 (2024); Arizona,241104,20.0,25.5,3.4,62.6,1.3,72649
sldu,04024,04,024,State Senate District 24 (2024); Arizona,236250,12.2,19.2,6.4,67.6,2.4,63324
sldu,04025,04,025,State Senate District 25 (2024); Arizona,275769,23.5,49.5,4.2,38.5,1.7,88633
sldu,04026,04,026,State Senate District 26 (2024); Arizona,241317,15.7,19.7,7.4,63.9,3.2,59504
sldu,04027,04,027,State Senate District 27 (2024); Arizona,243762,29.7,57.9,3.8,27.4,4.1,84663
sldu,04028,04,028,State Senate District 28 (2024); Arizona,232401,38.7,77.9,2.2,9.9,4.6,87326
sldu,04029,04,029,State Senate District 29 (2024); Arizona,256972,30.4,57.9,5.0,27.0,2.7,92494
sldu,04030,04,030,State Senate District 30 (2024); Arizona,245615,15.9,74.6,1.0,17.4,1.1,57263
sldu,05001,05,001,State Senate District 1 (2024); Arkansas,81414,18.7,65.3,24.7,6.4,0.3,49293
sldu,05002,05,002,State Senate District 2 (2024); Arkansas,82755,18.1,62.7,30.2,3.4,0.6,54903
sldu,05003,05,003,State Senate District 3 (2024); Arkansas,82996,19.1,61.9,27.5,6.5,0.5,50643
sldu,05004,05,004,State Senate District 4 (2024); Arkansas,84714,14.8,63.9,19.7,11.3,0.5,49056
sldu,05005,05,005,State Senate District 5 (2024); Arkansas,84662,16.2,85.2,1.0,7.6,1.0,53750
sldu,05006,05,006,State Senate District 6 (2024); Arkansas,87590,24.7,79.7,8.0,7.0,0.6,55460
sldu,05007,05,007,State Senate District 7 (2024); Arkansas,87197,23.8,81.5,7.2,5.9,0.6,69925
sldu,05008,05,008,State Senate District 8 (2024); Arkansas,82320,17.2,37.9,54.6,3.4,0.5,46919
sldu,05009,05,009,State Senate District 9 (2024); Arkansas,83161,15.1,35.2,56.1,3.3,0.7,48042
sldu,05010,05,010,State Senate District 10 (2024); Arkansas,85524,15.6,70.3,21.1,2.7,0.7,49473
sldu,05011,05,011,State Senate District 11 (2024); Arkansas,89696,23.4,76.3,11.4,5.6,1.5,71181
sldu,05012,05,012,State Senate District 12 (2024); Arkansas,86173,23.1,32.7,53.6,7.9,0.8,43008
sldu,05013,05,013,State Senate District 13 (2024); Arkansas,88127,39.2,63.4,25.5,4.7,1.6,80311
sldu,05014,05,014,State Senate District 14 (2024); Arkansas,88563,61.8,68.1,19.6,3.9,4.0,84511
sldu,05015,05,015,State Senate District 15 (2024); Arkansas,88730,26.3,20.8,56.2,18.5,1.1,48198
sldu,05016,05,016,State Senate District 16 (2024); Arkansas,91784,32.3,75.1,11.7,7.6,1.7,79070
sldu,05017,05,017,State Senate District 17 (2024); Arkansas,94369,43.0,69.1,15.6,7.2,2.2,67898
sldu,05018,05,018,State Senate District 18 (2024); Arkansas,88496,20.2,85.8,3.7,5.0,0.6,55189
sldu,05019,05,019,State Senate District 19 (2024); Arkansas,84866,15.4,72.2,18.3,4.4,0.5,52602
sldu,05020,05,020,State Senate District 20 (2024); Arkansas,89364,31.9,66.2,20.1,6.9,1.4,60339
sldu,05021,05,021,State Senate District 21 (2024); Arkansas,86983,15.8,89.3,1.6,3.0,0.3,54791
sldu,05022,05,022,State Senate District 22 (2024); Arkansas,85699,16.2,87.6,1.1,5.3,0.5,52781
sldu,05023,05,023,State Senate District 23 (2024); Arkansas,87555,17.6,91.3,0.4,2.5,0.6,48521
sldu,05024,05,024,State Senate District 24 (2024); Arkansas,87855,21.5,89.7,2.2,2.9,0.2,58514
sldu,05025,05,025,State Senate District 25 (2024); Arkansas,89180,23.0,78.6,4.5,11.2,0.7,56072
sldu,05026,05,026,State Senate District 26 (2024); Arkansas,87630,19.6,82.3,1.1,7.7,2.3,57246
sldu,05027,05,027,State Senate District 27 (2024); Arkansas,85053,23.6,57.2,7.3,21.2,5.3,53893
sldu,05028,05,028,State Senate District 28 (2024); Arkansas,85399,17.8,79.8,0.2,8.2,0.8,53997
sldu,05029,05,029,State Senate District 29 (2024); Arkansas,87055,22.0,78.6,1.3,7.9,1.1,67672
sldu,05030,05,030,State Senate District 30 (2024); Arkansas,88295,50.1,69.9,5.4,8.9,2.4,60081
sldu,05031,05,031,State Senate District 31 (2024); Arkansas,88150,25.9,37.5,2.2,38.9,2.8,69420
sldu,05032,05,032,State Senate District 32 (2024); Arkansas,87768,24.0,48.1,1.1,32.3,1.1,79220
sldu,05033,05,033,State Senate District 33 (2024); Arkansas,90099,47.5,58.8,1.5,14.4,8.6,102641
sldu,05034,05,034,State Senate District 34 (2024); Arkansas,91676,45.3,69.2,2.9,9.4,4.2,105246
sldu,05035,05,035,State Senate District 35 (2024); Arkansas,88493,30.2,64.2,1.2,11.6,2.8,78712
sldu,06001,06,001,State Senate District 1 (2024); California,937889,25.5,64.2,1.5,21.4,5.1,72530
sldu,06002,06,002,State Senate District 2 (2024); California,984184,40.5,62.4,1.6,23.9,4.1,95254
sldu,06003,06,003,State Senate District 3 (2024); California,1043433,34.5,40.6,7.3,31.4,13.0,104043
sldu,06004,06,004,State Senate District 4 (2024); California,1043919,26.6,52.2,1.8,35.5,4.6,87546
sldu,06005,06,005,State Senate District 5 (2024); California,1035110,32.7,29.6,5.6,36.3,22.5,107782
sldu,06006,06,006,State Senate District 6 (2024); California,988589,38.6,59.0,4.6,18.2,10.3,102808
sldu,06007,06,007,State Senate District 7 (2024); California,949329,50.9,30.9,14.5,27.4,19.0,108303
sldu,06008,06,008,State Senate District 8 (2024); California,945676,33.4,29.7,11.0,27.2,22.7,90571
sldu,06009,06,009,State Senate District 9 (2024); California,979379,46.4,38.3,7.0,25.1,22.2,128465
sldu,06010,06,010,State Senate District 10 (2024); California,1023315,56.4,17.5,3.3,20.7,53.1,164952
sldu,06011,06,011,State Senate District 11 (2024); California,973945,57.4,33.5,4.3,16.9,38.2,138888
sldu,06012,06,012,State Senate District 12 (2024); California,961839,31.4,45.8,3.6,36.3,8.5,90547
sldu,06013,06,013,State Senate District 13 (2024); California,984443,65.3,40.1,1.7,19.9,31.1,182808
sldu,06014,06,014,State Senate District 14 (2024); California,1010439,14.8,17.2,4.0,66.9,8.5,62516
sldu,06015,06,015,State Senate District 15 (2024); California,1005437,44.8,25.6,2.7,34.6,31.9,142086
sldu,06016,06,016,State Senate District 16 (2024); California,968730,11.5,16.9,3.8,73.0,3.6,61740
sldu,06017,06,017,State Senate District 17 (2024); California,996273,35.3,43.3,1.4,45.7,4.7,101663
sldu,06018,06,018,State Senate District 18 (2024); California,963833,23.0,16.1,3.9,69.3,7.2,79843
sldu,06019,06,019,State Senate District 19 (2024); California,953134,28.0,45.1,5.3,39.3,4.7,75639
sldu,06020,06,020,State Senate District 20 (2024); California,916831,25.3,23.2,3.3,60.7,9.5,79410
sldu,06021,06,021,State Senate District 21 (2024); California,1017686,32.8,37.0,1.5,51.8,5.3,98590
sldu,06022,06,022,State Senate District 22 (2024); California,1000215,23.8,12.7,4.0,63.8,16.4,89141
sldu,06023,06,023,State Senate District 23 (2024); California,1029751,23.4,28.5,10.0,50.6,6.1,90250
sldu,06024,06,024,State Senate District 24 (2024); California,1003720,64.9,54.6,3.9,16.2,17.5,121879
sldu,06025,06,025,State Senate District 25 (2024); California,1007091,47.7,33.2,3.5,26.6,31.7,103792
sldu,06026,06,026,State Senate District 26 (2024); California,938391,34.7,17.6,3.8,58.2,16.9,68970
sldu,06027,06,027,State Senate District 27 (2024); California,994285,49.8,53.5,4.2,24.3,11.6,112200
sldu,06028,06,028,State Senate District 28 (2024); California,967546,38.4,20.6,18.0,46.8,9.1,79986
sldu,06029,06,029,State Senate District 29 (2024); California,950847,20.9,16.8,8.4,64.2,6.6,86911
sldu,06030,06,030,State Senate District 30 (2024); California,960249,29.1,12.4,2.8,61.1,20.7,96708
sldu,06031,06,031,State Senate District 31 (2024); California,964785,20.0,17.5,7.6,63.7,7.5,91787
sldu,06032,06,032,State Senate District 32 (2024); California,973049,35.3,41.2,5.2,34.1,12.9,119662
sldu,06033,06,033,State Senate District 33 (2024); California,1004030,24.4,15.9,7.2,65.4,7.9,81735
sldu,06034,06,034,State Senate District 34 (2024); California,939589,24.3,14.7,1.6,64.7,16.5,92149
sldu,06035,06,035,State Senate District 35 (2024); California,926697,21.1,7.7,20.0,60.8,7.8,76275
sldu,06036,06,036,State Senate District 36 (2024); California,973798,44.6,41.5,1.6,23.5,27.7,116228
sldu,06037,06,037,State Senate District 37 (2024); California,1017879,56.2,43.0,1.8,23.3,25.2,128888
sldu,06038,06,038,State Senate District 38 (2024); California,966269,53.9,56.0,2.0,25.0,10.0,126986
sldu,06039,06,039,State Senate District 39 (2024); California,1046386,42.0,43.7,7.5,31.1,10.7,95419
sldu,06040,06,040,State Senate District 40 (2024); California,939387,46.2,47.3,2.0,27.3,16.7,120763
sldu,08001,08,001,State Senate District 1 (2024); Colorado,166427,27.5,67.3,1.4,26.7,0.8,82469
sldu,08002,08,002,State Senate District 2 (2024); Colorado,178799,57.0,76.1,1.3,11.3,4.8,144693
sldu,08003,08,003,State Senate District 3 (2024); Colorado,169356,25.6,51.0,1.9,42.1,0.8,64010
sldu,08004,08,004,State Senate District 4 (2024); Colorado,176293,42.8,83.0,1.4,9.6,0.8,94757
sldu,08005,08,005,State Senate District 5 (2024); Colorado,164346,39.2,71.9,0.5,22.2,0.8,81931
sldu,08006,08,006,State Senate District 6 (2024); Colorado,163414,40.9,68.8,0.5,21.8,0.7,70097
sldu,08007,08,007,State Senate District 7 (2024); Colorado,163659,32.4,78.7,0.6,15.1,0.9,73153
sldu,08008,08,008,State Senate District 8 (2024); Colorado,162916,47.1,72.2,0.5,19.1,1.1,97278
sldu,08009,08,009,State Senate District 9 (2024); Colorado,171762,58.2,75.6,3.1,10.7,3.5,126383
sldu,08010,08,010,State Senate District 10 (2024); Colorado,173632,40.2,67.8,4.1,18.6,2.9,91930
sldu,08011,08,011,State Senate District 11 (2024); Colorado,167224,26.5,48.1,9.4,30.4,2.7,65928
sldu,08012,08,012,State Senate District 12 (2024); Colorado,166125,42.6,66.5,5.8,18.4,2.5,84410
sldu,08013,08,013,State Senate District 13 (2024); Colorado,165779,21.7,46.5,2.4,46.0,1.2,73294
sldu,08014,08,014,State Senate District 14 (2024); Colorado,159557,59.9,78.3,1.3,12.7,2.7,81498
sldu,08015,08,015,State Senate District 15 (2024); Colorado,162618,46.4,82.0,0.7,12.2,1.1,96163
sldu,08016,08,016,State Senate District 16 (2024); Colorado,164271,58.6,79.6,1.2,11.4,2.6,121076
sldu,08017,08,017,State Senate District 17 (2024); Colorado,168832,54.9,69.9,0.6,19.8,3.9,107092
sldu,08018,08,018,State Senate District 18 (2024); Colorado,160886,75.0,78.0,0.9,10.0,5.8,105382
sldu,08019,08,019,State Senate District 19 (2024); Colorado,160438,50.1,74.2,1.1,16.9,2.9,111924
sldu,08020,08,020,State Senate District 20 (2024); Colorado,166424,56.9,78.0,0.7,13.3,3.3,125635
sldu,08021,08,021,State Senate District 21 (2024); Colorado,171126,24.5,41.4,2.3,50.0,2.1,93086
sldu,08022,08,022,State Senate District 22 (2024); Colorado,164539,45.6,68.4,1.8,22.1,3.1,87395
sldu,08023,08,023,State Senate District 23 (2024); Colorado,181109,47.1,74.4,0.8,17.7,2.7,125269
sldu,08024,08,024,State Senate District 24 (2024); Colorado,168933,31.2,48.4,2.1,39.9,4.9,99698
sldu,08025,08,025,State Senate District 25 (2024); Colorado,170969,47.9,64.0,1.4,23.2,5.6,107625
sldu,08026,08,026,State Senate District 26 (2024); Colorado,163692,55.3,62.8,7.0,18.9,5.2,89158
sldu,08027,08,027,State Senate District 27 (2024); Colorado,168803,54.7,62.2,7.6,13.6,9.6,129319
sldu,08028,08,028,State Senate District 28 (2024); Colorado,171813,26.5,30.1,16.4,41.2,5.8,83325
sldu,08029,08,029,State Senate District 29 (2024); Colorado,160674,33.7,42.3,17.1,28.9,5.2,81232
sldu,08030,08,030,State Senate District 30 (2024); Colorado,174242,67.2,76.5,1.5,9.5,7.3,154239
sldu,08031,08,031,State Senate District 31 (2024); Colorado,162808,71.8,73.3,5.8,12.4,2.9,99883
sldu,08032,08,032,State Senate District 32 (2024); Colorado,160795,50.5,54.2,5.9,29.7,4.3,81241
sldu,08033,08,033,State Senate District 33 (2024); Colorado,168982,46.7,35.0,19.1,35.5,4.3,111122
sldu,08034,08,034,State Senate District 34 (2024); Colorado,166840,55.8,51.8,3.6,36.5,2.3,98526
sldu,08035,08,035,State Senate District 35 (2024); Colorado,174106,29.8,69.4,2.7,20.8,1.0,83747
sldu,09001,09,001,State Senate District 1 (2024); Connecticut,93795,28.2,29.7,16.5,46.7,4.0,58265
sldu,09002,09,002,State Senate District 2 (2024); Connecticut,96832,31.1,25.4,47.9,18.2,2.4,64109
sldu,09003,09,003,State Senate District 3 (2024); Connecticut,100456,34.9,48.7,13.5,23.6,9.1,91259
sldu,09004,09,004,State Senate District 4 (2024); Connecticut,102933,50.8,63.2,8.9,13.1,10.4,103431
sldu,09005,09,005,State Senate District 5 (2024); Connecticut,99500,65.8,69.5,6.0,10.3,8.8,135294
sldu,09006,09,006,State Senate District 6 (2024); Connecticut,97797,26.8,50.4,8.3,33.3,3.1,72555
sldu,09007,09,007,State Senate District 7 (2024); Connecticut,100153,37.6,77.2,5.4,8.5,2.9,99957
sldu,09008,09,008,State Senate District 8 (2024); Connecticut,98790,53.3,80.4,2.6,7.2,5.4,114023
sldu,09009,09,009,State Senate District 9 (2024); Connecticut,101870,42.9,68.8,7.5,11.5,7.6,93143
sldu,09010,09,010,State Senate District 10 (2024); Connecticut,98139,32.8,24.6,34.9,29.5,5.0,56252
sldu,09011,09,011,State Senate District 11 (2024); Connecticut,95654,46.7,47.0,15.6,26.3,5.8,70423
sldu,09012,09,012,State Senate District 12 (2024); Connecticut,96947,54.2,84.2,1.6,5.7,3.8,122925
sldu,09013,09,013,State Senate District 13 (2024); Connecticut,97886,35.1,56.5,6.5,27.2,4.4,82890
sldu,09014,09,014,State Senate District 14 (2024); Connecticut,94956,47.1,74.4,5.2,12.4,4.3,106045
sldu,09015,09,015,State Senate District 15 (2024); Connecticut,104447,20.1,33.0,21.3,36.2,2.9,55225
sldu,09016,09,016,State Senate District 16 (2024); Connecticut,102293,37.0,70.9,8.8,11.6,2.7,99289
sldu,09017,09,017,State Senate District 17 (2024); Connecticut,101298,38.0,55.7,17.6,18.0,3.2,98276
sldu,09018,09,018,State Senate District 18 (2024); Connecticut,99493,36.7,79.9,2.8,7.6,3.6,90470
sldu,09019,09,019,State Senate District 19 (2024); Connecticut,98504,31.5,70.4,5.6,13.6,4.0,89142
sldu,09020,09,020,State Senate District 20 (2024); Connecticut,95968,40.6,72.0,5.0,14.8,3.5,91657
sldu,09021,09,021,State Senate District 21 (2024); Connecticut,106954,42.1,68.8,6.8,14.9,5.1,113541
sldu,09022,09,022,State Senate District 22 (2024); Connecticut,104558,44.2,53.3,10.0,23.5,6.7,95563
sldu,09023,09,023,State Senate District 23 (2024); Connecticut,94522,16.5,15.8,23.3,51.3,4.3,51551
sldu,09024,09,024,State Senate District 24 (2024); Connecticut,104391,38.5,46.8,9.6,28.2,4.9,92019
sldu,09025,09,025,State Senate District 25 (2024); Connecticut,102757,48.6,47.0,15.3,29.2,4.4,113050
sldu,09026,09,026,State Senate District 26 (2024); Connecticut,101992,73.1,74.0,4.2,11.0,4.7,201328
sldu,09027,09,027,State Senate District 27 (2024); Connecticut,108587,51.4,39.2,18.6,30.3,8.3,107971
sldu,09028,09,028,State Senate District 28 (2024); Connecticut,107350,66.1,80.9,2.0,7.8,4.7,164429
sldu,09029,09,029,State Senate District 29 (2024); Connecticut,103943,29.2,72.9,3.4,13.8,4.3,77123
sldu,09030,09,030,State Senate District 30 (2024); Connecticut,106451,43.8,79.5,3.6,9.8,2.3,102758
sldu,09031,09,031,State Senate District 31 (2024); Connecticut,100475,30.7,69.2,5.1,16.6,3.6,84926
sldu,09032,09,032,State Senate District 32 (2024); Connecticut,105841,45.9,77.6,3.3,10.1,3.8,116406
sldu,09033,09,033,State Senate District 33 (2024); Connecticut,99845,47.0,86.6,1.2,5.9,2.1,114063
sldu,09034,09,034,State Senate District 34 (2024); Connecticut,97222,38.0,76.4,3.1,13.4,4.2,110083
sldu,09035,09,035,State Senate District 35 (2024); Connecticut,98359,40.1,82.3,1.9,7.9,3.2,99646
sldu,09036,09,036,State Senate District 36 (2024); Connecticut,103550,72.2,70.5,3.6,12.7,6.7,204609
sldu,10001,10,001,State Senate District 1 (2024); Delaware,44775,53.0,66.0,21.0,5.6,2.6,85454
sldu,10002,10,002,State Senate District 2 (2024); Delaware,44572,19.0,22.0,55.9,15.0,1.2,62344
sldu,10003,10,003,State Senate District 3 (2024); Delaware,46609,24.2,27.3,44.6,21.4,1.2,57181
sldu,10004,10,004,State Senate District 4 (2024); Delaware,43952,65.2,70.5,5.5,5.7,13.3,144048
sldu,10005,10,005,State Senate District 5 (2024); Delaware,46071,48.5,65.5,14.7,5.9,7.9,99488
sldu,10006,10,006,State Senate District 6 (2024); Delaware,53620,51.9,86.1,4.2,4.1,2.2,95928
sldu,10007,10,007,State Senate District 7 (2024); Delaware,44658,32.0,63.9,9.7,19.7,2.7,85638
sldu,10008,10,008,State Senate District 8 (2024); Delaware,46254,58.8,71.0,7.9,8.4,7.5,101434
sldu,10009,10,009,State Senate District 9 (2024); Delaware,45043,31.6,55.7,15.7,16.2,8.0,77339
sldu,10010,10,010,State Senate District 10 (2024); Delaware,48608,49.1,57.6,24.4,5.0,7.8,132324
sldu,10011,10,011,State Senate District 11 (2024); Delaware,48327,39.0,37.3,29.4,16.6,11.1,95133
sldu,10012,10,012,State Senate District 12 (2024); Delaware,51404,37.8,54.0,27.4,8.1,7.4,110976
sldu,10013,10,013,State Senate District 13 (2024); Delaware,48569,25.7,34.2,41.2,16.0,4.8,78864
sldu,10014,10,014,State Senate District 14 (2024); Delaware,51278,27.8,55.9,27.6,9.0,2.4,93788
sldu,10015,10,015,State Senate District 15 (2024); Delaware,48959,21.8,76.5,12.6,4.8,1.6,75961
sldu,10016,10,016,State Senate District 16 (2024); Delaware,48747,34.7,59.2,21.2,8.6,3.0,85126
sldu,10017,10,017,State Senate District 17 (2024); Delaware,49043,27.6,38.5,42.7,8.9,2.7,62863
sldu,10018,10,018,State Senate District 18 (2024); Delaware,53200,23.1,60.7,18.7,14.1,1.5,70886
sldu,10019,10,019,State Senate District 19 (2024); Delaware,51752,27.3,67.1,8.4,16.9,0.9,77810
sldu,10020,10,020,State Senate District 20 (2024); Delaware,53934,39.0,78.3,6.5,9.3,1.4,88561
sldu,10021,10,021,State Senate District 21 (2024); Delaware,51816,16.0,65.8,13.9,13.5,0.6,66618
sldu,11001,11,001,Ward 1 (2024); District of Columbia,81010,75.1,43.9,22.5,21.3,5.8,132588
sldu,11002,11,002,Ward 2 (2024); District of Columbia,80347,85.8,61.2,9.7,13.4,10.0,132753
sldu,11003,11,003,Ward 3 (2024); District of Columbia,81004,88.3,68.7,8.3,9.7,7.0,144877
sldu,11004,11,004,Ward 4 (2024); District of Columbia,85682,60.1,25.9,45.2,20.3,2.0,127583
sldu,11005,11,005,Ward 5 (2024); District of Columbia,90611,56.8,25.2,54.9,11.1,3.3,102771
sldu,11006,11,006,Ward 6 (2024); District of Columbia,84376,83.1,56.2,23.6,8.5,5.5,138170
sldu,11007,11,007,Ward 7 (2024); District of Columbia,90540,35.0,7.8,78.8,7.8,0.8,71088
sldu,11008,11,008,Ward 8 (2024); District of Columbia,87724,28.2,9.7,80.9,4.0,0.9,52769
sldu,12001,12,001,State Senate District 1 (2024); Florida,556015,30.3,68.2,14.8,7.1,2.4,76095
sldu,12002,12,002,State Senate District 2 (2024); Florida,561104,29.4,72.6,9.9,9.1,2.1,72987
sldu,12003,12,003,State Senate District 3 (2024); Florida,550870,33.4,58.2,26.7,8.2,2.1,61143
sldu,12004,12,004,State Senate District 4 (2024); Florida,567720,41.9,63.9,12.7,11.8,5.3,88571
sldu,12005,12,005,State Senate District 5 (2024); Florida,553292,26.7,38.7,40.0,11.7,3.9,59210
sldu,12006,12,006,State Senate District 6 (2024); Florida,556255,30.5,67.7,13.4,10.3,3.0,73808
sldu,12007,12,007,State Senate District 7 (2024); Florida,590419,39.1,75.3,7.3,9.9,2.8,84487
sldu,12008,12,008,State Senate District 8 (2024); Florida,567150,27.5,67.3,10.8,16.3,1.8,69673
sldu,12009,12,009,State Senate District 9 (2024); Florida,565135,27.0,63.5,13.7,15.6,2.8,59760
sldu,12010,12,010,State Senate District 10 (2024); Florida,548062,44.7,55.9,10.7,23.3,5.2,86931
sldu,12011,12,011,State Senate District 11 (2024); Florida,568986,24.5,79.8,4.0,10.6,1.4,64633
sldu,12012,12,012,State Senate District 12 (2024); Florida,589490,23.1,47.8,15.2,30.9,1.8,64560
sldu,12013,12,013,State Senate District 13 (2024); Florida,572375,35.7,61.1,9.0,18.9,4.3,83611
sldu,12014,12,014,State Senate District 14 (2024); Florida,557227,45.8,48.4,6.4,35.1,5.1,86536
sldu,12015,12,015,State Senate District 15 (2024); Florida,557598,28.0,26.6,36.9,26.5,3.9,66080
sldu,12016,12,016,State Senate District 16 (2024); Florida,547085,33.2,36.3,30.9,24.6,2.9,64269
sldu,12017,12,017,State Senate District 17 (2024); Florida,545476,42.8,39.7,8.7,41.4,5.2,81811
sldu,12018,12,018,State Senate District 18 (2024); Florida,546807,34.9,72.5,6.2,11.9,4.7,71177
sldu,12019,12,019,State Senate District 19 (2024); Florida,563459,35.3,69.5,9.3,12.8,2.6,79556
sldu,12020,12,020,State Senate District 20 (2024); Florida,579036,35.8,61.6,10.4,20.7,2.7,84227
sldu,12021,12,021,State Senate District 21 (2024); Florida,546961,32.5,75.1,4.8,13.6,2.4,68959
sldu,12022,12,022,State Senate District 22 (2024); Florida,561817,40.4,78.2,4.1,11.8,2.1,83355
sldu,12023,12,023,State Senate District 23 (2024); Florida,591991,34.5,54.1,10.5,25.7,5.1,83356
sldu,12024,12,024,State Senate District 24 (2024); Florida,560541,29.2,32.2,26.1,35.7,2.2,69456
sldu,12025,12,025,State Senate District 25 (2024); Florida,570235,32.4,26.1,9.7,56.1,3.6,74713
sldu,12026,12,026,State Senate District 26 (2024); Florida,553864,45.8,57.3,17.3,17.4,3.0,87509
sldu,12027,12,027,State Senate District 27 (2024); Florida,577373,23.5,65.5,8.3,21.0,1.4,69097
sldu,12028,12,028,State Senate District 28 (2024); Florida,582855,36.6,55.6,8.2,31.4,1.5,86224
sldu,12029,12,029,State Senate District 29 (2024); Florida,561440,26.1,61.2,14.0,19.1,1.7,63929
sldu,12030,12,030,State Senate District 30 (2024); Florida,553225,39.7,41.5,21.1,24.9,3.7,79856
sldu,12031,12,031,State Senate District 31 (2024); Florida,568496,40.1,63.0,10.8,19.6,2.4,94516
sldu,12032,12,032,State Senate District 32 (2024); Florida,554399,29.0,21.9,46.2,24.5,3.0,67878
sldu,12033,12,033,State Senate District 33 (2024); Florida,561440,33.0,66.9,6.1,21.6,1.7,75164
sldu,12034,12,034,State Senate District 34 (2024); Florida,554256,25.8,10.5,46.1,39.0,1.2,60103
sldu,12035,12,035,State Senate District 35 (2024); Florida,554198,43.2,25.0,18.5,46.2,5.6,95309
sldu,12036,12,036,State Senate District 36 (2024); Florida,543174,39.2,13.3,3.5,79.0,1.8,67074
sldu,12037,12,037,State Senate District 37 (2024); Florida,542014,41.2,44.7,14.1,34.0,1.9,72958
sldu,12038,12,038,State Senate District 38 (2024); Florida,560610,40.6,18.0,10.7,65.9,2.0,86590
sldu,12039,12,039,State Senate District 39 (2024); Florida,539490,30.2,5.1,2.9,89.9,0.8,69026
sldu,12040,12,040,State Senate District 40 (2024); Florida,534137,33.2,18.7,6.9,70.6,1.5,82446
sldu,13001,13,001,State Senate District 1 (2024); Georgia,199310,37.9,57.2,23.9,9.3,2.8,83063
sldu,13002,13,002,State Senate District 2 (2024); Georgia,191894,32.0,35.6,48.7,9.0,2.5,61086
sldu,13003,13,003,State Senate District 3 (2024); Georgia,195534,25.4,65.4,20.7,7.5,1.3,67232
sldu,13004,13,004,State Senate District 4 (2024); Georgia,198961,29.1,63.2,23.6,6.6,1.6,71132
sldu,13005,13,005,State Senate District 5 (2024); Georgia,187767,23.9,14.8,25.2,46.0,10.7,61749
sldu,13006,13,006,State Senate District 6 (2024); Georgia,198122,33.2,70.0,16.1,7.5,1.8,91781
sldu,13007,13,007,State Senate District 7 (2024); Georgia,191924,48.0,34.0,20.6,19.4,20.6,95391
sldu,13008,13,008,State Senate District 8 (2024); Georgia,194497,23.0,57.2,30.3,7.7,1.4,55802
sldu,13009,13,009,State Senate District 9 (2024); Georgia,199351,38.2,28.2,29.8,23.1,14.1,92287
sldu,13010,13,010,State Senate District 10 (2024); Georgia,188842,38.8,23.9,61.0,6.4,3.5,78715
sldu,13011,13,011,State Senate District 11 (2024); Georgia,190285,17.5,55.0,31.3,10.3,0.7,53892
sldu,13012,13,012,State Senate District 12 (2024); Georgia,185361,19.3,32.5,59.8,3.8,0.7,47126
sldu,13013,13,013,State Senate District 13 (2024); Georgia,187816,19.2,60.4,27.9,7.3,1.1,56641
sldu,13014,13,014,State Senate District 14 (2024); Georgia,193339,67.5,51.9,19.3,14.0,8.1,109708
sldu,13015,13,015,State Senate District 15 (2024); Georgia,183496,22.2,33.2,52.6,7.4,1.4,48175
sldu,13016,13,016,State Senate District 16 (2024); Georgia,200383,35.1,62.5,23.4,6.8,2.8,86657
sldu,13017,13,017,State Senate District 17 (2024); Georgia,200321,29.2,19.0,64.3,7.9,4.2,80181
sldu,13018,13,018,State Senate District 18 (2024); Georgia,195573,27.7,55.9,31.1,6.4,2.0,74840
sldu,13019,13,019,State Senate District 19 (2024); Georgia,197466,14.0,60.6,23.6,10.8,0.7,50488
sldu,13020,13,020,State Senate District 20 (2024); Georgia,199240,25.8,58.2,31.3,4.7,1.8,72622
sldu,13021,13,021,State Senate District 21 (2024); Georgia,202412,53.1,69.1,7.0,11.7,7.5,125685
sldu,13022,13,022,State Senate District 22 (2024); Georgia,191089,24.9,29.5,57.5,5.9,1.7,54341
sldu,13023,13,023,State Senate District 23 (2024); Georgia,196243,19.8,53.4,35.5,5.6,0.9,62761
sldu,13024,13,024,State Senate District 24 (2024); Georgia,198036,33.3,66.9,18.4,6.4,3.8,80755
sldu,13025,13,025,State Senate District 25 (2024); Georgia,193349,24.1,59.8,30.3,4.6,1.2,68352
sldu,13026,13,026,State Senate District 26 (2024); Georgia,188392,16.6,34.3,56.0,4.5,1.3,43272
sldu,13027,13,027,State Senate District 27 (2024); Georgia,204971,53.2,66.2,4.3,11.5,13.4,135528
sldu,13028,13,028,State Senate District 28 (2024); Georgia,201035,35.9,23.7,53.0,16.7,2.1,86532
sldu,13029,13,029,State Senate District 29 (2024); Georgia,193861,32.1,58.8,27.8,6.2,2.8,72283
sldu,13030,13,030,State Senate District 30 (2024); Georgia,197845,24.4,60.8,24.8,7.7,1.2,78520
sldu,13031,13,031,State Senate District 31 (2024); Georgia,203609,26.9,62.5,21.0,10.2,1.4,90428
sldu,13032,13,032,State Senate District 32 (2024); Georgia,195910,44.2,62.6,14.0,12.2,5.8,108037
sldu,13033,13,033,State Senate District 33 (2024); Georgia,196019,42.0,32.5,33.0,23.6,4.0,84415
sldu,13034,13,034,State Senate District 34 (2024); Georgia,186335,23.6,10.1,65.2,16.5,4.1,57207
sldu,13035,13,035,State Senate District 35 (2024); Georgia,194759,53.7,27.4,53.2,9.3,4.7,87603
sldu,13036,13,036,State Senate District 36 (2024); Georgia,193613,54.9,35.1,47.5,7.8,4.6,81701
sldu,13037,13,037,State Senate District 37 (2024); Georgia,197288,49.7,59.9,19.9,10.1,4.2,113172
sldu,13038,13,038,State Senate District 38 (2024); Georgia,196128,50.9,27.7,59.3,7.1,2.4,85291
sldu,13039,13,039,State Senate District 39 (2024); Georgia,194718,53.0,27.6,55.1,6.7,5.7,77138
sldu,13040,13,040,State Senate District 40 (2024); Georgia,194609,59.3,42.4,19.4,22.5,11.3,93173
sldu,13041,13,041,State Senate District 41 (2024); Georgia,191320,39.0,20.7,57.9,9.6,6.8,72816
sldu,13042,13,042,State Senate District 42 (2024); Georgia,202891,26.7,51.5,34.8,7.4,1.5,84294
sldu,13043,13,043,State Senate District 43 (2024); Georgia,197922,34.6,19.4,62.2,10.3,2.1,78557
sldu,13044,13,044,State Senate District 44 (2024); Georgia,189439,46.8,31.3,48.6,9.2,5.6,80237
sldu,13045,13,045,State Senate District 45 (2024); Georgia,201719,37.6,48.6,19.7,16.9,10.5,98651
sldu,13046,13,046,State Senate District 46 (2024); Georgia,199059,40.8,63.0,19.1,8.4,4.1,86328
sldu,13047,13,047,State Senate District 47 (2024); Georgia,199665,31.8,65.1,16.3,12.0,2.9,70632
sldu,13048,13,048,State Senate District 48 (2024); Georgia,191262,67.5,47.5,8.4,7.9,31.4,161697
sldu,13049,13,049,State Senate District 49 (2024); Georgia,199063,28.3,59.4,6.9,27.2,2.3,81705
sldu,13050,13,050,State Senate District 50 (2024); Georgia,195753,21.5,78.2,4.8,12.2,1.4,62535
sldu,13051,13,051,State Senate District 51 (2024); Georgia,199580,27.9,88.7,1.0,6.1,0.7,74215
sldu,13052,13,052,State Senate District 52 (2024); Georgia,196141,24.7,72.3,11.1,11.2,1.1,73996
sldu,13053,13,053,State Senate District 53 (2024); Georgia,192690,21.2,86.1,3.9,4.4,1.1,63070
sldu,13054,13,054,State Senate District 54 (2024); Georgia,194235,18.9,65.6,2.9,27.6,1.1,66502
sldu,13055,13,055,State Senate District 55 (2024); Georgia,200383,36.7,20.4,60.0,9.5,5.7,78338
sldu,13056,13,056,State Senate District 56 (2024); Georgia,189582,61.7,74.7,6.1,8.0,5.7,130153
sldu,15001,15,001,State Senate District 1 (2024); Hawaii,57636,33.7,15.3,0.8,10.7,32.6,80487
sldu,15002,15,002,State Senate District 2 (2024); Hawaii,48812,23.6,32.7,0.8,15.6,13.9,63622
sldu,15003,15,003,State Senate District 3 (2024); Hawaii,52607,33.4,39.7,0.7,11.4,16.5,80199
sldu,15004,15,004,State Senate District 4 (2024); Hawaii,46714,34.6,34.2,0.9,9.1,15.6,96992
sldu,15005,15,005,State Senate District 5 (2024); Hawaii,55046,27.3,12.9,1.4,7.0,45.9,102758
sldu,15006,15,006,State Senate District 6 (2024); Hawaii,54078,33.8,41.2,0.9,12.3,23.1,94701
sldu,15007,15,007,State Senate District 7 (2024); Hawaii,55465,31.8,33.2,0.2,12.5,14.1,95970
sldu,15008,15,008,State Senate District 8 (2024); Hawaii,73731,30.1,28.7,0.8,10.6,30.0,97668
sldu,15009,15,009,State Senate District 9 (2024); Hawaii,53711,58.5,21.7,0.8,4.7,50.7,145792
sldu,15010,15,010,State Senate District 10 (2024); Hawaii,52596,44.4,17.0,1.3,6.2,52.4,84220
sldu,15011,15,011,State Senate District 11 (2024); Hawaii,57230,52.4,18.7,1.2,5.9,47.2,90058
sldu,15012,15,012,State Senate District 12 (2024); Hawaii,55183,48.5,23.3,1.9,5.3,53.1,75933
sldu,15013,15,013,State Senate District 13 (2024); Hawaii,54243,35.7,10.1,1.6,6.4,54.2,73966
sldu,15014,15,014,State Senate District 14 (2024); Hawaii,54231,28.3,8.6,1.4,5.8,58.2,104963
sldu,15015,15,015,State Senate District 15 (2024); Hawaii,83609,31.8,23.6,4.5,12.2,35.9,92806
sldu,15016,15,016,State Senate District 16 (2024); Hawaii,54827,40.1,8.4,1.2,6.2,57.9,122206
sldu,15017,15,017,State Senate District 17 (2024); Hawaii,56066,36.4,10.7,1.9,11.8,45.6,119845
sldu,15018,15,018,State Senate District 18 (2024); Hawaii,50799,36.7,7.5,1.9,8.0,54.2,123157
sldu,15019,15,019,State Senate District 19 (2024); Hawaii,55258,24.9,5.0,1.0,7.1,62.9,105171
sldu,15020,15,020,State Senate District 20 (2024); Hawaii,62389,34.3,14.0,2.9,13.3,40.9,133224
sldu,15021,15,021,State Senate District 21 (2024); Hawaii,62867,29.3,12.6,3.0,15.2,30.9,117119
sldu,15022,15,022,State Senate District 22 (2024); Hawaii,50466,17.4,10.3,2.5,12.8,10.1,88843
sldu,15023,15,023,State Senate District 23 (2024); Hawaii,75417,35.4,31.5,5.8,14.3,16.7,94684
sldu,15024,15,024,State Senate District 24 (2024); Hawaii,67869,42.2,28.8,1.4,12.2,25.5,120165
sldu,15025,15,025,State Senate District 25 (2024); Hawaii,54385,51.9,28.3,0.2,7.5,27.6,155916
sldu,16001,16,001,State Senate District 1 (2024); Idaho,57689,28.0,87.2,0.4,4.4,1.0,68429
sldu,16002,16,002,State Senate District 2 (2024); Idaho,54010,21.1,86.2,0.5,5.2,0.4,64509
sldu,16003,16,003,State Senate District 3 (2024); Idaho,57874,30.8,86.9,0.2,4.7,0.7,91555
sldu,16004,16,004,State Senate District 4 (2024); Idaho,53029,30.4,86.0,0.6,5.1,0.8,71797
sldu,16005,16,005,State Senate District 5 (2024); Idaho,56554,28.5,84.5,0.3,6.4,0.6,81925
sldu,16006,16,006,State Senate District 6 (2024); Idaho,54932,36.9,83.0,0.8,5.0,1.7,66472
sldu,16007,16,007,State Senate District 7 (2024); Idaho,54672,25.9,88.3,0.2,4.3,0.8,66738
sldu,16008,16,008,State Senate District 8 (2024); Idaho,54453,28.9,77.9,1.6,12.2,2.0,69767
sldu,16009,16,009,State Senate District 9 (2024); Idaho,55838,18.7,73.0,0.2,20.2,1.0,65532
sldu,16010,16,010,State Senate District 10 (2024); Idaho,62855,30.4,76.3,0.7,15.2,0.8,92993
sldu,16011,16,011,State Senate District 11 (2024); Idaho,54142,16.2,52.6,0.3,40.0,1.0,70477
sldu,16012,16,012,State Senate District 12 (2024); Idaho,62089,24.3,68.2,0.5,26.8,0.6,75570
sldu,16013,16,013,State Senate District 13 (2024); Idaho,55824,23.5,69.9,1.4,22.5,0.8,75870
sldu,16014,16,014,State Senate District 14 (2024); Idaho,57512,44.0,84.7,0.3,8.4,1.4,97911
sldu,16015,16,015,State Senate District 15 (2024); Idaho,52678,38.1,78.6,0.7,10.3,4.0,83451
sldu,16016,16,016,State Senate District 16 (2024); Idaho,51835,42.6,79.4,1.9,12.5,1.3,72262
sldu,16017,16,017,State Senate District 17 (2024); Idaho,51492,38.6,77.5,2.1,12.5,3.1,70898
sldu,16018,16,018,State Senate District 18 (2024); Idaho,54113,51.1,77.6,1.8,8.2,6.3,100140
sldu,16019,16,019,State Senate District 19 (2024); Idaho,54013,60.8,86.1,1.1,5.7,2.2,95000
sldu,16020,16,020,State Senate District 20 (2024); Idaho,58913,46.8,80.8,1.1,8.9,2.8,109003
sldu,16021,16,021,State Senate District 21 (2024); Idaho,58054,38.0,81.4,1.3,12.0,1.8,88486
sldu,16022,16,022,State Senate District 22 (2024); Idaho,55496,42.6,80.3,1.4,10.2,2.5,109220
sldu,16023,16,023,State Senate District 23 (2024); Idaho,55901,24.7,80.4,0.5,13.9,0.8,86666
sldu,16024,16,024,State Senate District 24 (2024); Idaho,54714,20.8,72.4,0.1,23.1,0.1,72805
sldu,16025,16,025,State Senate District 25 (2024); Idaho,56075,24.4,74.6,1.3,16.8,1.8,61820
sldu,16026,16,026,State Senate District 26 (2024); Idaho,55482,30.3,64.1,0.2,30.7,0.3,82531
sldu,16027,16,027,State Senate District 27 (2024); Idaho,52459,19.4,64.5,0.3,30.7,0.2,70830
sldu,16028,16,028,State Senate District 28 (2024); Idaho,54037,27.1,78.4,0.2,13.5,0.8,81174
sldu,16029,16,029,State Senate District 29 (2024); Idaho,53734,30.7,80.9,1.2,9.7,1.7,56267
sldu,16030,16,030,State Senate District 30 (2024); Idaho,52348,21.5,74.5,0.2,17.2,0.3,76167
sldu,16031,16,031,State Senate District 31 (2024); Idaho,56195,25.5,85.5,0.1,10.6,0.1,76605
sldu,16032,16,032,State Senate District 32 (2024); Idaho,52644,37.5,80.1,0.2,15.0,1.5,87004
sldu,16033,16,033,State Senate District 33 (2024); Idaho,53689,28.9,76.8,0.5,16.9,0.4,67095
sldu,16034,16,034,State Senate District 34 (2024); Idaho,54618,41.8,83.5,1.0,9.8,1.5,60160
sldu,16035,16,035,State Senate District 35 (2024); Idaho,54299,32.9,87.2,0.2,8.9,0.3,89283
sldu,17001,17,001,State Senate District 1 (2024); Illinois,209171,20.1,18.6,4.3,73.9,2.1,72790
sldu,17002,17,002,State Senate District 2 (2024); Illinois,213289,40.7,31.5,9.0,53.1,3.6,89908
sldu,17003,17,003,State Senate District 3 (2024); Illinois,214258,45.6,21.0,47.8,19.2,8.1,70340
sldu,17004,17,004,State Senate District 4 (2024); Illinois,211363,32.0,28.8,42.8,23.4,2.2,75214
sldu,17005,17,005,State Senate District 5 (2024); Illinois,216544,55.6,34.1,40.3,13.2,8.1,92098
sldu,17006,17,006,State Senate District 6 (2024); Illinois,214839,84.3,75.3,3.2,9.3,7.3,113290
sldu,17007,17,007,State Senate District 7 (2024); Illinois,217199,60.4,52.2,15.5,17.4,9.4,72370
sldu,17008,17,008,State Senate District 8 (2024); Illinois,219767,49.9,49.5,6.0,15.9,23.6,89641
sldu,17009,17,009,State Senate District 9 (2024); Illinois,209561,68.6,63.2,7.7,9.6,13.9,120300
sldu,17010,17,010,State Senate District 10 (2024); Illinois,220494,40.0,61.3,1.9,26.3,7.1,93758
sldu,17011,17,011,State Senate District 11 (2024); Illinois,214409,23.0,29.4,3.3,63.7,2.3,78911
sldu,17012,17,012,State Senate District 12 (2024); Illinois,211485,24.1,12.0,6.0,66.0,14.4,65289
sldu,17013,17,013,State Senate District 13 (2024); Illinois,215061,51.9,22.4,49.7,13.2,10.4,67266
sldu,17014,17,014,State Senate District 14 (2024); Illinois,211703,28.0,33.2,47.2,14.3,2.3,71103
sldu,17015,17,015,State Senate District 15 (2024); Illinois,210106,26.4,28.1,52.8,14.4,1.3,70641
sldu,17016,17,016,State Senate District 16 (2024); Illinois,209032,19.1,22.1,47.2,26.6,1.7,59154
sldu,17017,17,017,State Senate District 17 (2024); Illinois,210823,25.4,15.9,63.3,17.0,0.7,60573
sldu,17018,17,018,State Senate District 18 (2024); Illinois,215786,37.7,61.5,17.0,15.4,2.1,90813
sldu,17019,17,019,State Senate District 19 (2024); Illinois,216125,40.4,61.5,25.5,7.7,1.9,110712
sldu,17020,17,020,State Senate District 20 (2024); Illinois,212013,48.4,38.6,4.2,46.8,6.5,91311
sldu,17021,17,021,State Senate District 21 (2024); Illinois,217202,62.6,66.5,4.6,10.8,13.7,125645
sldu,17022,17,022,State Senate District 22 (2024); Illinois,212712,28.7,32.1,5.8,45.6,12.7,87360
sldu,17023,17,023,State Senate District 23 (2024); Illinois,215620,47.7,57.3,4.5,20.3,14.2,105301
sldu,17024,17,024,State Senate District 24 (2024); Illinois,216385,50.3,69.9,2.9,12.5,10.8,114830
sldu,17025,17,025,State Senate District 25 (2024); Illinois,217985,36.5,40.9,5.5,40.6,10.0,98213
sldu,17026,17,026,State Senate District 26 (2024); Illinois,218669,58.3,73.3,1.8,10.0,11.1,142354
sldu,17027,17,027,State Senate District 27 (2024); Illinois,209038,51.6,63.8,3.0,18.0,11.9,102390
sldu,17028,17,028,State Senate District 28 (2024); Illinois,213849,45.7,57.5,4.2,17.5,17.1,95699
sldu,17029,17,029,State Senate District 29 (2024); Illinois,216981,66.3,70.2,2.8,12.9,10.2,134909
sldu,17030,17,030,State Senate District 30 (2024); Illinois,215188,41.2,34.9,10.2,37.3,13.9,89685
sldu,17031,17,031,State Senate District 31 (2024); Illinois,216803,38.0,51.3,7.8,30.3,6.5,102203
sldu,17032,17,032,State Senate District 32 (2024); Illinois,219929,34.4,77.1,1.6,14.9,2.5,99974
sldu,17033,17,033,State Senate District 33 (2024); Illinois,217820,45.8,70.0,2.5,16.7,6.5,122023
sldu,17034,17,034,State Senate District 34 (2024); Illinois,215214,21.4,55.5,14.6,21.0,3.0,58175
sldu,17035,17,035,State Senate District 35 (2024); Illinois,217029,39.9,76.1,2.1,14.7,3.4,109729
sldu,17036,17,036,State Senate District 36 (2024); Illinois,214332,24.4,70.8,9.9,12.0,2.4,63133
sldu,17037,17,037,State Senate District 37 (2024); Illinois,215356,27.5,82.3,2.2,9.6,2.1,76363
sldu,17038,17,038,State Senate District 38 (2024); Illinois,221017,28.2,73.1,5.4,15.2,1.9,80139
sldu,17039,17,039,State Senate District 39 (2024); Illinois,211939,36.2,39.1,15.3,39.2,3.5,81852
sldu,17040,17,040,State Senate District 40 (2024); Illinois,216164,24.8,55.1,26.1,14.1,0.8,75271
sldu,17041,17,041,State Senate District 41 (2024); Illinois,216848,54.7,73.9,3.5,9.1,9.7,118946
sldu,17042,17,042,State Senate District 42 (2024); Illinois,219172,47.0,53.9,9.5,21.6,10.9,109846
sldu,17043,17,043,State Senate District 43 (2024); Illinois,218418,26.5,45.4,13.9,33.3,4.0,86194
sldu,17044,17,044,State Senate District 44 (2024); Illinois,215044,34.5,86.5,3.7,3.1,3.0,86215
sldu,17045,17,045,State Senate District 45 (2024); Illinois,215911,25.6,83.9,3.0,7.1,1.1,78409
sldu,17046,17,046,State Senate District 46 (2024); Illinois,216809,34.2,65.2,18.4,7.8,3.0,57682
sldu,17047,17,047,State Senate District 47 (2024); Illinois,214296,22.5,91.1,1.7,3.2,0.8,68296
sldu,17048,17,048,State Senate District 48 (2024); Illinois,213426,31.7,70.6,17.7,3.5,2.2,63134
sldu,17049,17,049,State Senate District 49 (2024); Illinois,219575,40.2,54.2,12.2,21.7,8.3,117693
sldu,17050,17,050,State Senate District 50 (2024); Illinois,214425,24.1,89.4,3.1,3.5,0.6,71273
sldu,17051,17,051,State Senate District 51 (2024); Illinois,216541,24.6,90.2,1.9,3.8,0.8,70948
sldu,17052,17,052,State Senate District 52 (2024); Illinois,218493,40.7,59.2,17.4,8.4,10.7,56265
sldu,17053,17,053,State Senate District 53 (2024); Illinois,214250,26.7,88.0,1.5,6.3,1.4,78846
sldu,17054,17,054,State Senate District 54 (2024); Illinois,214132,24.3,93.4,1.5,1.9,0.6,76860
sldu,17055,17,055,State Senate District 55 (2024); Illinois,216939,25.8,90.6,2.2,2.7,0.5,76856
sldu,17056,17,056,State Senate District 56 (2024); Illinois,214990,29.9,75.7,11.2,5.9,1.2,70189
sldu,17057,17,057,State Senate District 57 (2024); Illinois,213995,30.3,57.0,30.4,4.4,1.5,70993
sldu,17058,17,058,State Senate District 58 (2024); Illinois,214561,20.7,89.4,3.6,2.7,0.6,66129
sldu,17059,17,059,State Senate District 59 (2024); Illinois,214713,23.9,84.1,7.2,3.3,1.5,56635
sldu,18001,18,001,State Senate District 1 (2024); Indiana,140142,33.0,66.5,11.5,16.3,2.0,86351
sldu,18002,18,002,State Senate District 2 (2024); Indiana,132249,22.5,34.1,21.6,39.8,2.0,58992
sldu,18003,18,003,State Senate District 3 (2024); Indiana,133605,17.0,31.1,49.3,15.2,0.6,51694
sldu,18004,18,004,State Senate District 4 (2024); Indiana,136623,24.5,71.9,10.8,12.3,1.2,74889
sldu,18005,18,005,State Senate District 5 (2024); Indiana,134257,29.3,84.8,2.2,8.3,1.0,82153
sldu,18006,18,006,State Senate District 6 (2024); Indiana,139511,27.3,83.0,2.7,9.1,1.3,88225
sldu,18007,18,007,State Senate District 7 (2024); Indiana,141182,31.7,84.9,2.1,8.4,1.5,85496
sldu,18008,18,008,State Senate District 8 (2024); Indiana,134249,21.1,86.3,1.5,7.4,0.4,72723
sldu,18009,18,009,State Senate District 9 (2024); Indiana,134421,25.0,82.7,3.1,8.3,1.6,71395
sldu,18010,18,010,State Senate District 10 (2024); Indiana,134063,29.4,59.3,17.3,16.1,1.6,60609
sldu,18011,18,011,State Senate District 11 (2024); Indiana,133537,35.5,75.0,6.6,9.3,3.6,75833
sldu,18012,18,012,State Senate District 12 (2024); Indiana,135347,20.9,66.3,5.3,23.5,1.0,66139
sldu,18013,18,013,State Senate District 13 (2024); Indiana,135385,18.5,89.8,0.4,6.8,0.5,74816
sldu,18014,18,014,State Senate District 14 (2024); Indiana,137324,19.4,64.1,15.4,10.8,5.7,61844
sldu,18015,18,015,State Senate District 15 (2024); Indiana,141300,39.4,76.8,6.3,5.7,6.3,79896
sldu,18016,18,016,State Senate District 16 (2024); Indiana,139363,32.8,80.7,5.0,6.2,2.6,74794
sldu,18017,18,017,State Senate District 17 (2024); Indiana,133937,21.2,87.6,2.8,4.3,0.7,60204
sldu,18018,18,018,State Senate District 18 (2024); Indiana,132262,18.4,84.1,1.6,9.4,0.6,66645
sldu,18019,18,019,State Senate District 19 (2024); Indiana,137283,18.8,84.5,3.5,7.2,0.6,61836
sldu,18020,18,020,State Senate District 20 (2024); Indiana,139015,57.0,82.4,3.4,5.8,4.4,110819
sldu,18021,18,021,State Senate District 21 (2024); Indiana,146188,35.1,80.8,6.5,5.7,2.2,79903
sldu,18022,18,022,State Senate District 22 (2024); Indiana,136823,29.9,76.4,6.6,10.9,2.3,64791
sldu,18023,18,023,State Senate District 23 (2024); Indiana,135014,34.6,80.3,2.3,5.0,9.0,60019
sldu,18024,18,024,State Senate District 24 (2024); Indiana,141729,37.1,77.3,9.8,5.1,3.5,96458
sldu,18025,18,025,State Senate District 25 (2024); Indiana,137547,20.9,82.3,5.8,5.5,0.6,64129
sldu,18026,18,026,State Senate District 26 (2024); Indiana,136667,24.0,85.4,4.4,3.6,1.4,58454
sldu,18027,18,027,State Senate District 27 (2024); Indiana,134628,19.2,89.3,2.7,3.1,0.7,61609
sldu,18028,18,028,State Senate District 28 (2024); Indiana,141498,29.8,79.2,9.5,6.5,1.2,81173
sldu,18029,18,029,State Senate District 29 (2024); Indiana,138866,57.5,61.0,17.8,9.3,7.5,102394
sldu,18030,18,030,State Senate District 30 (2024); Indiana,132260,50.9,53.5,27.0,10.7,3.2,73501
sldu,18031,18,031,State Senate District 31 (2024); Indiana,139267,64.5,76.9,6.3,5.1,6.8,129582
sldu,18032,18,032,State Senate District 32 (2024); Indiana,139083,33.7,69.5,10.5,8.5,6.9,85569
sldu,18033,18,033,State Senate District 33 (2024); Indiana,137231,39.5,39.9,35.1,16.9,2.2,62856
sldu,18034,18,034,State Senate District 34 (2024); Indiana,141919,24.5,24.3,52.8,15.6,1.2,51877
sldu,18035,18,035,State Senate District 35 (2024); Indiana,140512,24.4,60.0,20.2,13.7,1.7,68950
sldu,18036,18,036,State Senate District 36 (2024); Indiana,138100,29.8,63.8,8.6,8.3,14.3,72382
sldu,18037,18,037,State Senate District 37 (2024); Indiana,139397,27.5,91.5,1.6,1.9,1.7,82767
sldu,18038,18,038,State Senate District 38 (2024); Indiana,137690,24.4,86.3,4.5,2.9,1.7,55776
sldu,18039,18,039,State Senate District 39 (2024); Indiana,134586,17.0,91.0,1.4,3.4,0.4,64494
sldu,18040,18,040,State Senate District 40 (2024); Indiana,134829,50.1,80.1,3.6,4.9,7.1,65321
sldu,18041,18,041,State Senate District 41 (2024); Indiana,141110,30.7,81.4,2.5,6.8,5.6,82437
sldu,18042,18,042,State Senate District 42 (2024); Indiana,137104,18.2,93.7,0.7,2.2,0.3,68529
sldu,18043,18,043,State Senate District 43 (2024); Indiana,133785,19.7,93.4,0.5,2.1,0.5,71863
sldu,18044,18,044,State Senate District 44 (2024); Indiana,133271,21.5,88.7,0.5,6.3,1.1,69752
sldu,18045,18,045,State Senate District 45 (2024); Indiana,139354,28.9,80.3,6.9,6.4,1.2,75853
sldu,18046,18,046,State Senate District 46 (2024); Indiana,134585,35.6,58.3,16.9,16.9,1.9,59655
sldu,18047,18,047,State Senate District 47 (2024); Indiana,133989,25.0,89.9,2.6,3.4,0.8,73484
sldu,18048,18,048,State Senate District 48 (2024); Indiana,138492,20.2,90.7,1.1,4.7,0.4,69376
sldu,18049,18,049,State Senate District 49 (2024); Indiana,135612,26.0,83.6,6.3,3.1,0.9,63014
sldu,18050,18,050,State Senate District 50 (2024); Indiana,134882,32.6,83.8,5.9,3.4,1.8,73467
sldu,19001,19,001,State Senate District 1 (2024); Iowa,64766,21.1,58.5,5.3,26.4,2.4,66408
sldu,19002,19,002,State Senate District 2 (2024); Iowa,64195,26.3,85.3,1.3,10.9,0.5,81213
sldu,19003,19,003,State Senate District 3 (2024); Iowa,63683,23.4,76.2,1.6,14.3,3.5,68836
sldu,19004,19,004,State Senate District 4 (2024); Iowa,63424,21.7,86.8,2.3,5.6,0.8,68130
sldu,19005,19,005,State Senate District 5 (2024); Iowa,63469,24.5,90.8,1.0,4.8,0.6,70711
sldu,19006,19,006,State Senate District 6 (2024); Iowa,63087,22.0,84.3,0.5,10.7,0.8,70005
sldu,19007,19,007,State Senate District 7 (2024); Iowa,63066,25.9,84.7,3.0,6.1,1.6,82757
sldu,19008,19,008,State Senate District 8 (2024); Iowa,63963,28.6,92.8,0.6,2.9,0.3,88348
sldu,19009,19,009,State Senate District 9 (2024); Iowa,62966,21.4,91.8,1.1,3.2,0.5,61862
sldu,19010,19,010,State Senate District 10 (2024); Iowa,63247,19.4,80.8,2.3,12.2,1.1,63400
sldu,19011,19,011,State Senate District 11 (2024); Iowa,65297,32.1,92.1,0.6,3.4,0.8,91286
sldu,19012,19,012,State Senate District 12 (2024); Iowa,64323,22.3,90.6,0.6,4.8,0.6,72955
sldu,19013,19,013,State Senate District 13 (2024); Iowa,63545,19.6,83.8,2.0,8.5,1.1,63947
sldu,19014,19,014,State Senate District 14 (2024); Iowa,71384,57.8,80.6,4.0,4.9,5.9,104264
sldu,19015,19,015,State Senate District 15 (2024); Iowa,63061,22.4,59.6,7.2,20.9,7.6,67176
sldu,19016,19,016,State Senate District 16 (2024); Iowa,65114,52.3,76.4,4.8,9.1,5.1,88200
sldu,19017,19,017,State Senate District 17 (2024); Iowa,61916,21.8,49.2,16.2,21.0,7.3,58304
sldu,19018,19,018,State Senate District 18 (2024); Iowa,63721,47.5,73.1,10.1,7.6,5.0,73312
sldu,19019,19,019,State Senate District 19 (2024); Iowa,63944,25.0,91.9,1.1,2.7,1.0,74991
sldu,19020,19,020,State Senate District 20 (2024); Iowa,67817,28.2,76.0,7.0,9.7,3.2,76518
sldu,19021,19,021,State Senate District 21 (2024); Iowa,69170,51.4,85.9,2.3,4.7,3.7,108095
sldu,19022,19,022,State Senate District 22 (2024); Iowa,64383,50.5,77.7,7.1,5.5,5.8,103909
sldu,19023,19,023,State Senate District 23 (2024); Iowa,66747,47.1,87.9,2.9,4.1,2.2,130362
sldu,19024,19,024,State Senate District 24 (2024); Iowa,64358,27.8,88.5,0.9,7.3,0.5,75573
sldu,19025,19,025,State Senate District 25 (2024); Iowa,64590,65.2,76.4,3.8,5.1,9.6,60995
sldu,19026,19,026,State Senate District 26 (2024); Iowa,65010,29.2,74.6,1.1,17.3,3.0,80168
sldu,19027,19,027,State Senate District 27 (2024); Iowa,63016,24.8,87.8,0.9,5.7,1.1,72269
sldu,19028,19,028,State Senate District 28 (2024); Iowa,63397,23.4,84.4,0.6,11.3,1.0,70600
sldu,19029,19,029,State Senate District 29 (2024); Iowa,63566,26.2,92.3,0.8,2.8,1.0,77864
sldu,19030,19,030,State Senate District 30 (2024); Iowa,63598,23.5,89.9,1.5,4.8,0.9,69373
sldu,19031,19,031,State Senate District 31 (2024); Iowa,64291,20.9,64.6,17.1,8.7,3.3,56662
sldu,19032,19,032,State Senate District 32 (2024); Iowa,63721,22.5,92.4,0.8,4.1,0.4,72057
sldu,19033,19,033,State Senate District 33 (2024); Iowa,64725,26.7,93.0,1.4,3.1,0.7,89087
sldu,19034,19,034,State Senate District 34 (2024); Iowa,63699,22.1,93.3,0.5,2.5,0.4,72128
sldu,19035,19,035,State Senate District 35 (2024); Iowa,62909,24.2,89.4,2.5,3.6,0.6,70551
sldu,19036,19,036,State Senate District 36 (2024); Iowa,63351,34.3,85.6,4.1,2.8,1.6,67952
sldu,19037,19,037,State Senate District 37 (2024); Iowa,63657,41.1,85.8,2.9,2.9,3.4,82862
sldu,19038,19,038,State Senate District 38 (2024); Iowa,62953,40.6,90.5,1.5,2.2,2.3,79882
sldu,19039,19,039,State Senate District 39 (2024); Iowa,63862,28.9,74.8,10.9,5.7,1.1,65367
sldu,19040,19,040,State Senate District 40 (2024); Iowa,63697,34.2,78.9,7.0,5.6,3.5,75931
sldu,19041,19,041,State Senate District 41 (2024); Iowa,63288,27.4,79.6,6.0,8.2,1.6,78693
sldu,19042,19,042,State Senate District 42 (2024); Iowa,63608,30.8,94.7,0.6,1.5,0.6,96266
sldu,19043,19,043,State Senate District 43 (2024); Iowa,65067,58.9,75.2,7.2,5.4,6.8,93101
sldu,19044,19,044,State Senate District 44 (2024); Iowa,63386,27.4,88.1,1.7,3.9,2.6,64131
sldu,19045,19,045,State Senate District 45 (2024); Iowa,65727,57.7,71.0,9.8,8.2,6.0,55529
sldu,19046,19,046,State Senate District 46 (2024); Iowa,64913,31.7,87.7,1.7,6.0,0.9,79692
sldu,19047,19,047,State Senate District 47 (2024); Iowa,64584,49.7,82.5,3.1,5.5,4.8,100487
sldu,19048,19,048,State Senate District 48 (2024); Iowa,62345,22.5,80.5,1.9,12.7,0.9,69749
sldu,19049,19,049,State Senate District 49 (2024); Iowa,63877,26.6,70.9,10.3,10.0,1.5,62311
sldu,19050,19,050,State Senate District 50 (2024); Iowa,63024,22.4,86.6,4.1,3.8,0.9,61335
sldu,20001,20,001,State Senate District 1 (2024); Kansas,72047,23.7,87.7,1.8,3.6,0.3,70859
sldu,20002,20,002,State Senate District 2 (2024); Kansas,74875,52.3,72.1,5.0,8.6,5.3,59935
sldu,20003,20,003,State Senate District 3 (2024); Kansas,74030,36.1,85.2,2.5,6.0,1.3,89879
sldu,20004,20,004,State Senate District 4 (2024); Kansas,72301,17.1,22.7,27.3,36.8,7.2,58632
sldu,20005,20,005,State Senate District 5 (2024); Kansas,78066,36.4,70.1,11.2,8.7,2.5,91915
sldu,20006,20,006,State Senate District 6 (2024); Kansas,70525,21.8,40.9,9.9,40.5,3.1,60337
sldu,20007,20,007,State Senate District 7 (2024); Kansas,75175,64.8,84.3,1.8,7.2,2.6,97676
sldu,20008,20,008,State Senate District 8 (2024); Kansas,76768,62.5,75.3,6.0,8.2,6.0,95984
sldu,20009,20,009,State Senate District 9 (2024); Kansas,78556,43.6,80.5,2.7,9.5,2.2,101571
sldu,20010,20,010,State Senate District 10 (2024); Kansas,76771,57.2,81.2,4.2,8.1,2.6,121779
sldu,20011,20,011,State Senate District 11 (2024); Kansas,75348,69.9,77.2,3.2,3.9,12.6,148527
sldu,20012,20,012,State Senate District 12 (2024); Kansas,72966,21.0,89.4,1.5,3.9,0.3,67253
sldu,20013,20,013,State Senate District 13 (2024); Kansas,72553,26.8,85.0,1.4,5.4,1.2,54512
sldu,20014,20,014,State Senate District 14 (2024); Kansas,74578,28.9,88.3,2.0,5.1,0.5,69057
sldu,20015,20,015,State Senate District 15 (2024); Kansas,72288,21.8,81.4,2.9,6.5,0.2,56384
sldu,20016,20,016,State Senate District 16 (2024); Kansas,76761,51.7,77.7,5.6,7.3,4.5,99801
sldu,20017,20,017,State Senate District 17 (2024); Kansas,73341,26.6,63.3,7.6,19.2,2.2,59392
sldu,20018,20,018,State Senate District 18 (2024); Kansas,73346,32.4,85.9,2.0,5.5,0.6,83549
sldu,20019,20,019,State Senate District 19 (2024); Kansas,71796,27.3,58.9,9.7,20.8,1.0,52661
sldu,20020,20,020,State Senate District 20 (2024); Kansas,72593,39.4,78.1,4.3,9.3,2.2,77378
sldu,20021,20,021,State Senate District 21 (2024); Kansas,73210,50.0,67.9,9.8,14.0,3.7,81315
sldu,20022,20,022,State Senate District 22 (2024); Kansas,71946,48.9,73.6,6.4,10.0,4.1,61098
sldu,20023,20,023,State Senate District 23 (2024); Kansas,73836,45.1,71.0,4.7,14.6,4.3,101628
sldu,20024,20,024,State Senate District 24 (2024); Kansas,72113,27.7,80.5,2.6,10.9,1.3,66135
sldu,20025,20,025,State Senate District 25 (2024); Kansas,72787,20.0,51.6,9.2,27.6,3.9,50218
sldu,20026,20,026,State Senate District 26 (2024); Kansas,74410,34.7,80.9,1.7,9.6,2.2,93967
sldu,20027,20,027,State Senate District 27 (2024); Kansas,70336,37.6,76.3,3.6,11.6,1.9,78784
sldu,20028,20,028,State Senate District 28 (2024); Kansas,75276,16.4,61.7,5.5,20.1,4.4,59287
sldu,20029,20,029,State Senate District 29 (2024); Kansas,74070,23.6,40.6,20.5,28.4,3.2,46830
sldu,20030,20,030,State Senate District 30 (2024); Kansas,71300,41.8,66.4,7.0,9.3,9.7,82639
sldu,20031,20,031,State Senate District 31 (2024); Kansas,77431,33.0,78.6,2.4,12.5,1.9,78166
sldu,20032,20,032,State Senate District 32 (2024); Kansas,75923,24.9,82.8,1.5,8.8,0.9,61146
sldu,20033,20,033,State Senate District 33 (2024); Kansas,72586,23.0,80.8,1.5,12.6,0.2,61668
sldu,20034,20,034,State Senate District 34 (2024); Kansas,72808,21.3,83.2,2.3,9.5,0.4,60672
sldu,20035,20,035,State Senate District 35 (2024); Kansas,76177,68.3,78.7,3.0,5.4,8.1,147059
sldu,20036,20,036,State Senate District 36 (2024); Kansas,71383,23.3,91.1,0.8,3.6,0.4,62047
sldu,20037,20,037,State Senate District 37 (2024); Kansas,71464,38.6,76.8,5.9,9.7,1.7,106659
sldu,20038,20,038,State Senate District 38 (2024); Kansas,72431,19.3,41.9,2.0,52.2,1.3,68895
sldu,20039,20,039,State Senate District 39 (2024); Kansas,71342,20.9,47.7,2.5,45.2,2.4,70966
sldu,20040,20,040,State Senate District 40 (2024); Kansas,71684,30.9,87.6,1.2,7.0,0.8,63153
sldu,21001,21,001,State Senate District 1 (2024); Kentucky,117896,21.9,85.4,5.2,4.6,0.8,52311
sldu,21002,21,002,State Senate District 2 (2024); Kentucky,120626,24.7,86.8,5.9,2.8,0.6,64485
sldu,21003,21,003,State Senate District 3 (2024); Kentucky,115278,17.8,74.1,12.6,6.1,1.1,54920
sldu,21004,21,004,State Senate District 4 (2024); Kentucky,115501,17.3,85.9,6.6,3.4,0.4,58286
sldu,21005,21,005,State Senate District 5 (2024); Kentucky,113874,15.7,91.6,1.5,3.4,0.3,59342
sldu,21006,21,006,State Senate District 6 (2024); Kentucky,117813,46.9,81.1,5.9,5.2,2.8,104954
sldu,21007,21,007,State Senate District 7 (2024); Kentucky,114533,30.0,81.2,5.5,6.7,1.0,81712
sldu,21008,21,008,State Senate District 8 (2024); Kentucky,121796,24.8,86.3,3.6,3.8,1.8,67757
sldu,21009,21,009,State Senate District 9 (2024); Kentucky,124687,16.7,81.5,6.2,5.4,1.9,50093
sldu,21010,21,010,State Senate District 10 (2024); Kentucky,114736,24.5,74.6,10.4,6.5,2.1,67391
sldu,21011,21,011,State Senate District 11 (2024); Kentucky,117728,36.8,82.4,4.2,6.0,2.7,100588
sldu,21012,21,012,State Senate District 12 (2024); Kentucky,121846,40.5,83.7,4.2,5.5,2.6,78833
sldu,21013,21,013,State Senate District 13 (2024); Kentucky,121233,47.1,67.4,13.8,10.5,3.8,54181
sldu,21014,21,014,State Senate District 14 (2024); Kentucky,114795,20.7,89.2,4.4,2.8,0.5,70237
sldu,21015,21,015,State Senate District 15 (2024); Kentucky,118870,17.0,92.1,0.9,3.5,0.5,49207
sldu,21016,21,016,State Senate District 16 (2024); Kentucky,123363,23.7,86.9,4.4,4.3,1.4,60643
sldu,21017,21,017,State Senate District 17 (2024); Kentucky,129187,31.4,85.6,4.8,4.7,1.1,85976
sldu,21018,21,018,State Senate District 18 (2024); Kentucky,122718,18.3,94.1,1.2,1.3,0.4,57363
sldu,21019,21,019,State Senate District 19 (2024); Kentucky,111496,46.4,74.0,10.7,7.8,2.4,82606
sldu,21020,21,020,State Senate District 20 (2024); Kentucky,114732,27.3,84.4,5.7,4.5,1.1,69984
sldu,21021,21,021,State Senate District 21 (2024); Kentucky,119564,16.1,94.2,0.8,2.0,0.2,52178
sldu,21022,21,022,State Senate District 22 (2024); Kentucky,124913,36.4,78.7,8.4,6.1,2.1,68519
sldu,21023,21,023,State Senate District 23 (2024); Kentucky,124573,37.9,83.2,4.3,5.6,1.1,76476
sldu,21024,21,024,State Senate District 24 (2024); Kentucky,120999,35.6,89.9,3.0,2.8,0.8,74829
sldu,21025,21,025,State Senate District 25 (2024); Kentucky,120630,14.5,93.5,2.1,1.7,0.2,38743
sldu,21026,21,026,State Senate District 26 (2024); Kentucky,110618,51.0,75.0,10.9,5.9,3.5,83155
sldu,21027,21,027,State Senate District 27 (2024); Kentucky,127464,25.2,85.0,5.8,4.5,1.1,61680
sldu,21028,21,028,State Senate District 28 (2024); Kentucky,124601,26.5,79.6,7.6,7.2,2.0,64911
sldu,21029,21,029,State Senate District 29 (2024); Kentucky,119143,14.9,94.9,1.3,0.7,0.3,39705
sldu,21030,21,030,State Senate District 30 (2024); Kentucky,117110,13.7,94.3,1.5,1.2,0.4,40007
sldu,21031,21,031,State Senate District 31 (2024); Kentucky,113472,15.8,93.3,1.4,1.1,0.7,44376
sldu,21032,21,032,State Senate District 32 (2024); Kentucky,130033,27.4,81.4,6.0,4.7,3.1,66259
sldu,21033,21,033,State Senate District 33 (2024); Kentucky,115852,15.1,35.2,52.3,5.9,0.7,44313
sldu,21034,21,034,State Senate District 34 (2024); Kentucky,132089,41.3,82.3,7.1,4.1,2.1,71204
sldu,21035,21,035,State Senate District 35 (2024); Kentucky,113343,25.2,48.3,25.8,18.2,2.4,49209
sldu,21036,21,036,State Senate District 36 (2024); Kentucky,114832,58.6,77.9,7.0,4.7,5.4,99529
sldu,21037,21,037,State Senate District 37 (2024); Kentucky,113803,19.5,56.8,22.0,9.6,3.6,59200
sldu,21038,21,038,State Senate District 38 (2024); Kentucky,119077,21.9,81.8,5.6,6.4,1.8,79854
sldu,22001,22,001,State Senate District 1 (2024); Louisiana,119925,27.4,61.2,20.5,9.6,1.5,73013
sldu,22002,22,002,State Senate District 2 (2024); Louisiana,118896,18.6,32.9,56.7,7.1,0.6,56316
sldu,22003,22,003,State Senate District 3 (2024); Louisiana,118530,30.2,28.9,54.0,8.0,4.2,52902
sldu,22004,22,004,State Senate District 4 (2024); Louisiana,112368,41.4,28.6,56.8,8.2,1.3,53721
sldu,22005,22,005,State Senate District 5 (2024); Louisiana,121606,43.4,33.5,48.7,9.8,2.2,56690
sldu,22006,22,006,State Senate District 6 (2024); Louisiana,116478,34.0,62.7,24.8,6.3,1.9,80614
sldu,22007,22,007,State Senate District 7 (2024); Louisiana,119975,26.4,18.3,58.0,15.9,4.2,54140
sldu,22008,22,008,State Senate District 8 (2024); Louisiana,117390,20.3,48.8,26.6,14.4,5.0,63654
sldu,22009,22,009,State Senate District 9 (2024); Louisiana,120415,49.0,66.6,11.5,13.9,3.2,73827
sldu,22010,22,010,State Senate District 10 (2024); Louisiana,120942,37.0,60.0,8.8,21.2,4.6,75754
sldu,22011,22,011,State Senate District 11 (2024); Louisiana,114889,45.9,77.7,6.3,9.0,1.5,89810
sldu,22012,22,012,State Senate District 12 (2024); Louisiana,115411,20.4,68.6,21.1,4.2,0.5,54702
sldu,22013,22,013,State Senate District 13 (2024); Louisiana,120073,21.9,78.9,9.6,7.1,0.8,82245
sldu,22014,22,014,State Senate District 14 (2024); Louisiana,117023,34.6,30.6,53.8,6.6,4.5,45199
sldu,22015,22,015,State Senate District 15 (2024); Louisiana,111482,21.7,14.0,73.5,6.9,2.0,48899
sldu,22016,22,016,State Senate District 16 (2024); Louisiana,124057,55.8,62.0,20.7,7.2,4.1,79146
sldu,22017,22,017,State Senate District 17 (2024); Louisiana,110521,21.3,60.4,31.9,3.6,0.3,65643
sldu,22018,22,018,State Senate District 18 (2024); Louisiana,121734,30.1,73.6,13.6,7.3,1.0,97789
sldu,22019,22,019,State Senate District 19 (2024); Louisiana,120513,23.2,56.2,25.0,12.6,0.8,71877
sldu,22020,22,020,State Senate District 20 (2024); Louisiana,117274,19.1,70.6,11.7,6.8,0.8,66846
sldu,22021,22,021,State Senate District 21 (2024); Louisiana,115971,15.6,61.2,23.7,8.0,1.1,60249
sldu,22022,22,022,State Senate District 22 (2024); Louisiana,125543,23.0,61.4,26.5,5.5,2.0,61649
sldu,22023,22,023,State Senate District 23 (2024); Louisiana,129943,42.3,72.8,12.9,8.2,2.5,80491
sldu,22024,22,024,State Senate District 24 (2024); Louisiana,124807,17.9,38.8,51.9,3.6,1.0,46616
sldu,22025,22,025,State Senate District 25 (2024); Louisiana,118499,24.2,68.5,19.2,4.8,1.8,68238
sldu,22026,22,026,State Senate District 26 (2024); Louisiana,124063,16.8,74.2,15.5,4.3,1.0,50051
sldu,22027,22,027,State Senate District 27 (2024); Louisiana,111648,23.5,63.7,26.0,4.4,0.8,66460
sldu,22028,22,028,State Senate District 28 (2024); Louisiana,114763,17.8,65.5,23.1,5.1,1.1,49243
sldu,22029,22,029,State Senate District 29 (2024); Louisiana,117256,17.9,35.3,56.5,3.4,0.6,34207
sldu,22030,22,030,State Senate District 30 (2024); Louisiana,111271,17.7,76.0,10.5,6.8,1.1,59779
sldu,22031,22,031,State Senate District 31 (2024); Louisiana,120119,24.6,64.0,24.2,4.6,1.4,58941
sldu,22032,22,032,State Senate District 32 (2024); Louisiana,112427,16.8,70.7,21.2,3.8,0.3,55663
sldu,22033,22,033,State Senate District 33 (2024); Louisiana,115662,23.2,69.6,23.4,3.2,0.4,56015
sldu,22034,22,034,State Senate District 34 (2024); Louisiana,109841,16.3,29.0,66.2,2.1,0.5,35710
sldu,22035,22,035,State Senate District 35 (2024); Louisiana,115205,29.4,74.1,15.5,4.8,1.4,62785
sldu,22036,22,036,State Senate District 36 (2024); Louisiana,124734,25.8,62.8,25.5,5.7,1.1,63975
sldu,22037,22,037,State Senate District 37 (2024); Louisiana,118399,26.0,64.3,25.4,6.2,0.9,61327
sldu,22038,22,038,State Senate District 38 (2024); Louisiana,122031,31.3,55.1,34.6,3.8,1.2,63888
sldu,22039,22,039,State Senate District 39 (2024); Louisiana,120277,15.9,29.3,60.9,5.9,1.0,37711
sldu,23001,23,001,State Senate District 1 (2024); Maine,36844,24.9,92.7,0.8,1.8,0.4,56264
sldu,23002,23,002,State Senate District 2 (2024); Maine,40990,20.3,93.4,0.6,1.4,0.3,55187
sldu,23003,23,003,State Senate District 3 (2024); Maine,39838,21.2,94.9,0.6,1.1,0.1,58880
sldu,23004,23,004,State Senate District 4 (2024); Maine,40998,19.8,94.2,0.6,1.3,0.5,65319
sldu,23005,23,005,State Senate District 5 (2024); Maine,40971,28.9,92.3,0.7,2.0,0.7,59028
sldu,23006,23,006,State Senate District 6 (2024); Maine,41869,26.0,88.9,0.7,2.3,0.4,59310
sldu,23007,23,007,State Senate District 7 (2024); Maine,38614,44.4,92.0,1.2,2.0,1.0,74753
sldu,23008,23,008,State Senate District 8 (2024); Maine,39314,32.8,88.8,1.1,3.0,1.8,59765
sldu,23009,23,009,State Senate District 9 (2024); Maine,38665,35.5,89.0,2.5,2.7,1.4,64847
sldu,23010,23,010,State Senate District 10 (2024); Maine,41525,35.8,91.7,0.4,1.8,0.9,81603
sldu,23011,23,011,State Senate District 11 (2024); Maine,40192,34.4,92.8,0.4,1.6,0.5,72782
sldu,23012,23,012,State Senate District 12 (2024); Maine,39310,40.7,93.2,0.3,1.9,0.4,74414
sldu,23013,23,013,State Senate District 13 (2024); Maine,38768,38.4,93.3,0.8,1.4,0.7,74893
sldu,23014,23,014,State Senate District 14 (2024); Maine,39448,36.5,92.7,0.6,2.3,0.5,79224
sldu,23015,23,015,State Senate District 15 (2024); Maine,38052,32.9,90.0,1.2,2.7,0.9,61886
sldu,23016,23,016,State Senate District 16 (2024); Maine,40132,26.4,91.0,0.9,2.3,1.5,62244
sldu,23017,23,017,State Senate District 17 (2024); Maine,39416,21.3,94.9,0.3,0.9,0.8,73816
sldu,23018,23,018,State Senate District 18 (2024); Maine,40222,26.1,92.1,0.2,1.7,0.3,67291
sldu,23019,23,019,State Senate District 19 (2024); Maine,39680,24.5,93.2,0.4,1.1,0.8,57503
sldu,23020,23,020,State Senate District 20 (2024); Maine,40584,28.4,91.5,2.3,2.4,0.9,77359
sldu,23021,23,021,State Senate District 21 (2024); Maine,38324,22.6,77.3,13.8,3.1,1.7,55393
sldu,23022,23,022,State Senate District 22 (2024); Maine,39596,28.3,89.1,0.2,1.7,0.6,83637
sldu,23023,23,023,State Senate District 23 (2024); Maine,40917,56.2,90.8,1.0,2.7,1.7,88923
sldu,23024,23,024,State Senate District 24 (2024); Maine,38930,43.7,92.0,0.5,2.0,0.6,87096
sldu,23025,23,025,State Senate District 25 (2024); Maine,40891,63.0,89.2,0.3,3.1,1.3,128489
sldu,23026,23,026,State Senate District 26 (2024); Maine,39850,43.4,88.4,1.6,2.2,1.7,95941
sldu,23027,23,027,State Senate District 27 (2024); Maine,38748,53.8,76.7,8.3,3.1,4.4,83608
sldu,23028,23,028,State Senate District 28 (2024); Maine,38559,61.0,76.5,9.6,3.5,3.3,74358
sldu,23029,23,029,State Senate District 29 (2024); Maine,38673,58.8,83.2,5.0,3.5,2.6,100270
sldu,23030,23,030,State Senate District 30 (2024); Maine,39378,50.7,88.3,0.9,2.6,1.8,115397
sldu,23031,23,031,State Senate District 31 (2024); Maine,38575,40.6,85.1,1.6,3.1,0.9,84494
sldu,23032,23,032,State Senate District 32 (2024); Maine,38713,30.5,92.9,0.7,2.1,1.1,81143
sldu,23033,23,033,State Senate District 33 (2024); Maine,40056,23.0,90.2,0.9,1.6,1.6,80378
sldu,23034,23,034,State Senate District 34 (2024); Maine,40521,43.4,92.3,1.7,1.5,1.2,99911
sldu,23035,23,035,State Senate District 35 (2024); Maine,40654,48.0,90.9,1.2,3.1,0.8,103198
sldu,24001,24,001,State Senate District 1 (2024); Maryland,133079,22.1,87.0,4.8,2.9,1.1,64981
sldu,24002,24,002,State Senate District 2 (2024); Maryland,133526,25.4,72.0,12.5,8.4,1.5,79913
sldu,24003,24,003,State Senate District 3 (2024); Maryland,134118,46.4,52.4,16.3,17.4,7.6,108171
sldu,24004,24,004,State Senate District 4 (2024); Maryland,134559,46.8,76.6,4.8,9.1,4.8,144801
sldu,24005,24,005,State Senate District 5 (2024); Maryland,136808,41.2,82.9,4.6,5.9,2.4,117707
sldu,24006,24,006,State Senate District 6 (2024); Maryland,128961,18.5,61.5,19.5,10.1,2.2,69049
sldu,24007,24,007,State Senate District 7 (2024); Maryland,128416,42.9,71.7,12.7,4.7,6.0,114976
sldu,24008,24,008,State Senate District 8 (2024); Maryland,125186,35.0,45.9,34.6,6.2,8.9,86327
sldu,24009,24,009,State Senate District 9 (2024); Maryland,130906,67.3,53.8,8.3,7.2,24.7,178077
sldu,24010,24,010,State Senate District 10 (2024); Maryland,127106,43.6,30.8,52.2,7.6,4.7,98746
sldu,24011,24,011,State Senate District 11 (2024); Maryland,129348,61.0,54.2,28.9,7.3,5.3,108684
sldu,24012,24,012,State Senate District 12 (2024); Maryland,129731,50.0,47.2,24.4,10.7,10.9,117054
sldu,24013,24,013,State Senate District 13 (2024); Maryland,137189,59.8,38.3,27.1,12.1,16.0,137864
sldu,24014,24,014,State Senate District 14 (2024); Maryland,130818,56.9,38.3,29.2,14.5,12.0,143945
sldu,24015,24,015,State Senate District 15 (2024); Maryland,132835,68.6,42.3,11.4,12.5,27.5,171856
sldu,24016,24,016,State Senate District 16 (2024); Maryland,129870,85.9,64.6,6.1,9.3,14.1,188511
sldu,24017,24,017,State Senate District 17 (2024); Maryland,135976,58.9,36.9,12.7,24.5,21.2,117507
sldu,24018,24,018,State Senate District 18 (2024); Maryland,127841,59.4,43.3,14.2,28.0,8.2,131168
sldu,24019,24,019,State Senate District 19 (2024); Maryland,129117,50.6,35.2,17.6,28.0,12.7,118133
sldu,24020,24,020,State Senate District 20 (2024); Maryland,131080,56.9,30.8,32.4,22.8,8.4,106001
sldu,24021,24,021,State Senate District 21 (2024); Maryland,133026,46.0,25.8,34.2,24.5,9.9,101949
sldu,24022,24,022,State Senate District 22 (2024); Maryland,133790,35.9,14.0,41.9,33.8,5.4,95052
sldu,24023,24,023,State Senate District 23 (2024); Maryland,136328,49.3,17.4,64.6,9.3,3.1,133439
sldu,24024,24,024,State Senate District 24 (2024); Maryland,131229,36.6,5.4,73.1,14.7,2.4,100710
sldu,24025,24,025,State Senate District 25 (2024); Maryland,131140,34.4,5.5,79.1,9.3,1.6,98717
sldu,24026,24,026,State Senate District 26 (2024); Maryland,137604,35.1,7.2,67.1,18.0,3.3,105933
sldu,24027,24,027,State Senate District 27 (2024); Maryland,136795,35.9,48.0,36.6,5.9,2.0,131892
sldu,24028,24,028,State Senate District 28 (2024); Maryland,141112,33.6,33.0,47.2,8.2,3.4,124900
sldu,24029,24,029,State Senate District 29 (2024); Maryland,137397,36.2,70.7,14.3,6.1,2.6,118215
sldu,24030,24,030,State Senate District 30 (2024); Maryland,128294,53.4,71.7,10.5,10.8,2.3,127966
sldu,24031,24,031,State Senate District 31 (2024); Maryland,131163,40.7,73.6,10.0,7.0,3.6,131711
sldu,24032,24,032,State Senate District 32 (2024); Maryland,141900,38.2,40.0,32.8,13.9,6.2,108408
sldu,24033,24,033,State Senate District 33 (2024); Maryland,135614,56.4,68.3,12.5,8.0,4.4,142830
sldu,24034,24,034,State Senate District 34 (2024); Maryland,135178,37.4,59.1,23.6,7.6,3.3,102549
sldu,24035,24,035,State Senate District 35 (2024); Maryland,133462,36.6,85.1,4.6,3.9,1.8,114217
sldu,24036,24,036,State Senate District 36 (2024); Maryland,138541,32.7,78.8,7.5,7.1,1.2,92860
sldu,24037,24,037,State Senate District 37 (2024); Maryland,133152,28.3,63.5,23.0,6.9,1.4,72738
sldu,24038,24,038,State Senate District 38 (2024); Maryland,141793,30.7,66.2,20.8,5.6,1.9,77056
sldu,24039,24,039,State Senate District 39 (2024); Maryland,131858,48.8,23.4,23.8,28.5,18.1,113950
sldu,24040,24,040,State Senate District 40 (2024); Maryland,122406,28.4,19.5,68.8,4.4,2.3,47094
sldu,24041,24,041,State Senate District 41 (2024); Maryland,128740,35.3,24.4,62.5,6.5,2.0,65199
sldu,24042,24,042,State Senate District 42 (2024); Maryland,124024,52.1,79.6,6.8,5.2,4.4,118079
sldu,24043,24,043,State Senate District 43 (2024); Maryland,125770,50.5,36.7,46.8,6.2,5.3,72534
sldu,24044,24,044,State Senate District 44 (2024); Maryland,132814,36.0,34.8,41.0,11.0,8.6,84051
sldu,24045,24,045,State Senate District 45 (2024); Maryland,122129,25.8,15.8,73.0,5.5,0.9,58193
sldu,24046,24,046,State Senate District 46 (2024); Maryland,116732,50.8,46.8,26.5,18.3,3.9,78780
sldu,24047,24,047,State Senate District 47 (2024); Maryland,137550,23.9,5.7,39.4,49.8,2.1,78404
sldu,25D01,25,D01,Berkshire-Hampden-Franklin-Hampshire District (2024); Massachusetts,167868,40.4,86.3,2.1,5.3,1.7,80405
sldu,25D02,25,D02,Hampden and Hampshire District (2024); Massachusetts,165004,32.5,72.3,2.1,19.6,2.8,74643
sldu,25D03,25,D03,Hampden District (2024); Massachusetts,165964,18.7,30.4,16.1,48.4,2.0,50003
sldu,25D04,25,D04,Hampden-Hampshire-Worcester District (2024); Massachusetts,168047,39.6,80.0,3.4,9.5,3.0,93372
sldu,25D05,25,D05,Hampshire-Franklin-Worcester District (2024); Massachusetts,168453,46.9,80.4,2.4,7.0,5.1,77011
sldu,25D06,25,D06,Worcester and Hampshire District (2024); Massachusetts,168646,35.9,83.9,3.3,6.7,2.2,96776
sldu,25D07,25,D07,Worcester and Hampden District (2024); Massachusetts,183284,35.5,82.6,1.8,9.7,1.9,105691
sldu,25D08,25,D08,Second Worcester District (2024); Massachusetts,167468,48.7,62.4,6.5,10.7,12.5,109688
sldu,25D09,25,D09,First Worcester District (2024); Massachusetts,168642,42.8,54.9,8.7,23.3,6.9,78519
sldu,25D10,25,D10,Worcester and Middlesex District (2024); Massachusetts,177145,41.5,69.6,3.6,15.9,5.4,100006
sldu,25D11,25,D11,First Middlesex District (2024); Massachusetts,178563,34.3,54.7,8.0,15.7,16.5,90812
sldu,25D12,25,D12,Middlesex and Worcester District (2024); Massachusetts,178817,61.9,69.1,2.7,8.2,10.7,138159
sldu,25D13,25,D13,Middlesex and Norfolk District (2024); Massachusetts,176033,60.4,63.8,3.3,10.9,10.9,132521
sldu,25D14,25,D14,Norfolk-Worcester-Middlesex District (2024); Massachusetts,179680,58.3,78.9,2.3,6.7,5.1,145297
sldu,25D15,25,D15,Third Middlesex District (2024); Massachusetts,169477,65.1,67.3,4.5,9.2,13.5,147450
sldu,25D16,25,D16,Fourth Middlesex District (2024); Massachusetts,179448,59.2,71.7,2.7,5.7,13.8,147605
sldu,25D17,25,D17,Norfolk and Middlesex District (2024); Massachusetts,182657,83.8,66.8,2.5,5.6,17.8,175889
sldu,25D18,25,D18,Norfolk and Suffolk District (2024); Massachusetts,181232,60.4,67.6,10.1,11.2,5.6,130665
sldu,25D19,25,D19,First Essex District (2024); Massachusetts,166641,22.5,30.2,2.9,61.5,2.5,69872
sldu,25D20,25,D20,Second Essex and Middlesex District (2024); Massachusetts,183054,50.5,79.6,2.1,7.9,5.5,128772
sldu,25D21,25,D21,First Essex and Middlesex District (2024); Massachusetts,180919,56.6,88.7,1.0,3.7,2.5,134508
sldu,25D22,25,D22,Second Essex District (2024); Massachusetts,170253,45.0,76.3,3.6,12.6,2.4,100228
sldu,25D23,25,D23,Fifth Middlesex District (2024); Massachusetts,184747,56.3,65.5,5.5,6.3,15.5,122318
sldu,25D24,25,D24,Third Essex District (2024); Massachusetts,182561,38.5,54.3,6.9,28.9,4.8,96809
sldu,25D25,25,D25,Third Suffolk District (2024); Massachusetts,177196,48.0,54.3,3.8,30.3,6.6,102489
sldu,25D26,25,D26,Middlesex and Suffolk District (2024); Massachusetts,184498,51.2,41.7,8.6,27.9,13.0,103712
sldu,25D27,25,D27,Second Middlesex District (2024); Massachusetts,181262,68.7,64.2,6.6,9.4,13.1,135954
sldu,25D28,25,D28,Suffolk and Middlesex District (2024); Massachusetts,174051,74.5,62.0,4.7,9.4,17.2,106831
sldu,25D29,25,D29,Second Suffolk District (2024); Massachusetts,184309,36.9,21.7,38.0,27.0,5.4,67525
sldu,25D30,25,D30,First Suffolk District (2024); Massachusetts,184982,54.6,45.5,18.8,13.6,13.1,112798
sldu,25D31,25,D31,First Plymouth and Norfolk District (2024); Massachusetts,174143,57.5,87.9,1.7,3.1,3.8,129107
sldu,25D32,25,D32,Norfolk and Plymouth District (2024); Massachusetts,172881,47.1,63.5,5.1,6.3,19.5,107173
sldu,25D33,25,D33,Norfolk-Plymouth-Bristol District (2024); Massachusetts,169047,48.2,66.0,13.2,5.2,8.9,121720
sldu,25D34,25,D34,Second Plymouth and Norfolk District (2024); Massachusetts,172568,27.1,44.1,25.2,10.4,2.5,92025
sldu,25D35,25,D35,Bristol and Norfolk District (2024); Massachusetts,182854,50.9,77.5,5.4,5.2,7.0,118758
sldu,25D36,25,D36,Third Bristol and Plymouth District (2024); Massachusetts,184505,31.8,81.1,3.8,5.0,1.5,98925
sldu,25D37,25,D37,First Bristol and Plymouth District (2024); Massachusetts,173289,25.8,78.0,3.3,8.8,2.1,76233
sldu,25D38,25,D38,Second Bristol and Plymouth District (2024); Massachusetts,167487,25.4,67.3,3.2,16.9,1.5,70566
sldu,25D39,25,D39,Plymouth and Barnstable District (2024); Massachusetts,188565,47.6,89.1,1.1,2.9,1.1,111304
sldu,25D40,25,D40,Cape and Islands District (2024); Massachusetts,177816,48.8,81.5,4.2,5.0,1.4,96774
sldu,26001,26,001,State Senate District 1 (2024); Michigan,262075,16.6,39.7,33.7,20.7,0.8,49954
sldu,26002,26,002,State Senate District 2 (2024); Michigan,253220,23.9,63.4,22.9,8.4,1.1,49314
sldu,26003,26,003,State Senate District 3 (2024); Michigan,263633,27.4,40.2,41.2,2.3,10.6,49596
sldu,26004,26,004,State Senate District 4 (2024); Michigan,266275,25.4,72.6,13.5,6.3,2.0,77120
sldu,26005,26,005,State Senate District 5 (2024); Michigan,258146,35.1,60.6,19.3,4.5,9.7,79036
sldu,26006,26,006,State Senate District 6 (2024); Michigan,256691,34.9,45.0,41.2,3.3,5.1,73366
sldu,26007,26,007,State Senate District 7 (2024); Michigan,263760,41.6,38.7,42.0,8.3,4.7,69909
sldu,26008,26,008,State Senate District 8 (2024); Michigan,259113,46.1,48.5,41.3,3.0,2.2,78872
sldu,26009,26,009,State Senate District 9 (2024); Michigan,264161,54.6,69.0,4.7,3.6,17.5,105285
sldu,26010,26,010,State Senate District 10 (2024); Michigan,273203,20.1,43.7,44.4,2.4,5.2,56593
sldu,26011,26,011,State Senate District 11 (2024); Michigan,259330,25.2,67.3,21.6,2.7,2.8,75924
sldu,26012,26,012,State Senate District 12 (2024); Michigan,256306,33.9,79.3,11.2,3.2,1.2,84605
sldu,26013,26,013,State Senate District 13 (2024); Michigan,268637,61.6,69.0,8.4,3.6,14.3,120463
sldu,26014,26,014,State Senate District 14 (2024); Michigan,268831,41.8,78.8,5.9,4.2,4.9,80811
sldu,26015,26,015,State Senate District 15 (2024); Michigan,269672,53.1,64.8,14.0,6.5,8.2,80062
sldu,26016,26,016,State Senate District 16 (2024); Michigan,270374,22.6,87.5,2.1,5.8,0.3,73519
sldu,26017,26,017,State Senate District 17 (2024); Michigan,270347,21.5,83.5,4.0,6.3,0.9,65446
sldu,26018,26,018,State Senate District 18 (2024); Michigan,269536,26.6,83.1,4.5,4.9,1.7,74756
sldu,26019,26,019,State Senate District 19 (2024); Michigan,272203,40.9,74.9,10.5,5.9,2.7,72748
sldu,26020,26,020,State Senate District 20 (2024); Michigan,264353,29.3,74.5,8.6,9.4,2.0,74087
sldu,26021,26,021,State Senate District 21 (2024); Michigan,263341,31.2,69.4,11.8,8.7,3.4,69787
sldu,26022,26,022,State Senate District 22 (2024); Michigan,262372,38.1,91.9,0.8,3.0,0.9,99814
sldu,26023,26,023,State Senate District 23 (2024); Michigan,271471,40.7,83.1,4.0,4.7,3.1,94596
sldu,26024,26,024,State Senate District 24 (2024); Michigan,262107,40.3,87.4,1.4,4.5,2.6,107642
sldu,26025,26,025,State Senate District 25 (2024); Michigan,263891,19.6,89.7,2.3,3.8,0.5,67195
sldu,26026,26,026,State Senate District 26 (2024); Michigan,259993,19.7,87.6,3.2,4.6,0.3,67626
sldu,26027,26,027,State Senate District 27 (2024); Michigan,257557,22.1,60.0,28.1,4.7,1.4,56232
sldu,26028,26,028,State Senate District 28 (2024); Michigan,260707,40.6,80.7,3.6,5.6,4.8,73905
sldu,26029,26,029,State Senate District 29 (2024); Michigan,266073,37.2,55.0,16.9,18.5,4.0,73857
sldu,26030,26,030,State Senate District 30 (2024); Michigan,271040,45.3,80.3,5.0,7.3,2.5,85989
sldu,26031,26,031,State Senate District 31 (2024); Michigan,269589,39.7,80.4,1.5,11.5,2.9,90910
sldu,26032,26,032,State Senate District 32 (2024); Michigan,262588,23.6,78.7,8.6,6.6,0.5,65212
sldu,26033,26,033,State Senate District 33 (2024); Michigan,270738,22.3,87.0,2.1,5.2,0.5,74433
sldu,26034,26,034,State Senate District 34 (2024); Michigan,271004,20.5,88.0,2.3,4.0,0.7,58784
sldu,26035,26,035,State Senate District 35 (2024); Michigan,268851,28.2,74.2,12.1,8.0,1.5,61825
sldu,26036,26,036,State Senate District 36 (2024); Michigan,274056,19.8,92.2,0.7,2.3,0.5,57664
sldu,26037,26,037,State Senate District 37 (2024); Michigan,262682,37.3,88.0,0.8,2.7,0.6,75925
sldu,26038,26,038,State Senate District 38 (2024); Michigan,269835,26.5,87.8,2.0,2.0,0.8,60207
sldu,27001,27,001,State Senate District 1 (2024); Minnesota,84164,23.7,87.2,1.1,4.9,1.1,74177
sldu,27002,27,002,State Senate District 2 (2024); Minnesota,85070,27.3,69.3,0.6,2.6,0.6,67275
sldu,27003,27,003,State Senate District 3 (2024); Minnesota,84328,31.4,90.7,0.5,1.7,0.6,77369
sldu,27004,27,004,State Senate District 4 (2024); Minnesota,85577,37.9,84.6,3.6,4.2,1.4,79136
sldu,27005,27,005,State Senate District 5 (2024); Minnesota,87662,22.3,88.1,0.8,4.2,0.3,69187
sldu,27006,27,006,State Senate District 6 (2024); Minnesota,86654,30.0,92.3,0.6,1.7,0.4,71291
sldu,27007,27,007,State Senate District 7 (2024); Minnesota,85161,21.2,92.0,0.9,1.3,0.4,62842
sldu,27008,27,008,State Senate District 8 (2024); Minnesota,85621,44.6,86.6,2.8,2.6,1.7,68790
sldu,27009,27,009,State Senate District 9 (2024); Minnesota,84756,26.4,90.9,0.9,3.6,0.5,73194
sldu,27010,27,010,State Senate District 10 (2024); Minnesota,87522,19.6,92.1,0.5,2.1,0.5,74199
sldu,27011,27,011,State Senate District 11 (2024); Minnesota,86148,20.9,87.3,2.4,2.3,0.8,74768
sldu,27012,27,012,State Senate District 12 (2024); Minnesota,86683,26.5,90.3,0.6,5.2,0.6,73887
sldu,27013,27,013,State Senate District 13 (2024); Minnesota,87079,29.9,90.0,2.1,2.8,1.0,87025
sldu,27014,27,014,State Senate District 14 (2024); Minnesota,86927,29.9,65.9,19.5,6.0,3.5,64318
sldu,27015,27,015,State Senate District 15 (2024); Minnesota,84739,25.4,86.7,1.3,5.7,2.0,71688
sldu,27016,27,016,State Senate District 16 (2024); Minnesota,85398,23.3,80.8,3.0,11.7,1.1,74056
sldu,27017,27,017,State Senate District 17 (2024); Minnesota,85076,24.2,89.2,0.6,6.4,0.9,84259
sldu,27018,27,018,State Senate District 18 (2024); Minnesota,85982,35.7,83.2,5.6,5.3,2.5,73358
sldu,27019,27,019,State Senate District 19 (2024); Minnesota,85472,23.3,79.5,6.7,9.5,1.2,77968
sldu,27020,27,020,State Senate District 20 (2024); Minnesota,84438,29.2,90.7,0.9,3.7,1.1,86771
sldu,27021,27,021,State Senate District 21 (2024); Minnesota,84336,22.2,76.1,1.7,16.3,2.1,70492
sldu,27022,27,022,State Senate District 22 (2024); Minnesota,85821,26.8,88.4,0.9,7.1,0.4,82425
sldu,27023,27,023,State Senate District 23 (2024); Minnesota,84771,21.6,78.3,2.2,11.7,4.3,72161
sldu,27024,27,024,State Senate District 24 (2024); Minnesota,85959,45.5,81.0,4.3,5.8,4.4,103497
sldu,27025,27,025,State Senate District 25 (2024); Minnesota,86210,50.5,70.5,10.3,6.3,7.7,87566
sldu,27026,27,026,State Senate District 26 (2024); Minnesota,85209,29.9,91.4,1.3,2.8,1.2,73886
sldu,27027,27,027,State Senate District 27 (2024); Minnesota,87684,25.5,90.8,0.9,2.7,1.2,107402
sldu,27028,27,028,State Senate District 28 (2024); Minnesota,87087,23.9,90.1,0.6,2.9,2.2,96468
sldu,27029,27,029,State Senate District 29 (2024); Minnesota,88451,30.0,90.2,0.4,4.0,1.3,95318
sldu,27030,27,030,State Senate District 30 (2024); Minnesota,91107,38.7,84.8,4.7,3.0,2.6,125164
sldu,27031,27,031,State Senate District 31 (2024); Minnesota,87626,31.2,86.8,3.5,2.4,2.7,118494
sldu,27032,27,032,State Senate District 32 (2024); Minnesota,89055,37.0,72.9,8.7,4.2,8.2,109597
sldu,27033,27,033,State Senate District 33 (2024); Minnesota,85058,46.2,87.0,2.9,3.8,2.7,107967
sldu,27034,27,034,State Senate District 34 (2024); Minnesota,83065,40.9,66.6,12.0,5.4,9.3,124133
sldu,27035,27,035,State Senate District 35 (2024); Minnesota,85859,27.1,72.8,9.2,5.7,6.3,89273
sldu,27036,27,036,State Senate District 36 (2024); Minnesota,84946,46.6,81.4,3.1,4.8,5.5,108315
sldu,27037,27,037,State Senate District 37 (2024); Minnesota,89016,56.2,78.9,7.2,2.3,7.0,133236
sldu,27038,27,038,State Senate District 38 (2024); Minnesota,84886,27.3,29.7,33.8,11.1,18.7,74771
sldu,27039,27,039,State Senate District 39 (2024); Minnesota,85281,36.4,57.4,18.5,13.0,5.7,78458
sldu,27040,27,040,State Senate District 40 (2024); Minnesota,83733,54.5,73.1,6.4,5.6,9.3,99943
sldu,27041,27,041,State Senate District 41 (2024); Minnesota,88930,44.6,81.3,3.5,5.3,4.7,120804
sldu,27042,27,042,State Senate District 42 (2024); Minnesota,82833,66.9,73.2,4.4,4.2,10.6,143657
sldu,27043,27,043,State Senate District 43 (2024); Minnesota,82099,44.9,65.9,15.0,8.9,3.2,90973
sldu,27044,27,044,State Senate District 44 (2024); Minnesota,83516,34.0,58.2,8.6,8.2,18.9,87963
sldu,27045,27,045,State Senate District 45 (2024); Minnesota,85440,64.6,85.9,2.0,3.7,4.1,129393
sldu,27046,27,046,State Senate District 46 (2024); Minnesota,83916,61.3,75.9,7.5,5.4,3.9,96780
sldu,27047,27,047,State Senate District 47 (2024); Minnesota,88324,59.5,67.3,8.9,6.2,13.0,122946
sldu,27048,27,048,State Senate District 48 (2024); Minnesota,88246,54.2,84.3,2.0,5.5,3.6,131497
sldu,27049,27,049,State Senate District 49 (2024); Minnesota,83585,64.3,72.1,5.6,4.7,11.0,125194
sldu,27050,27,050,State Senate District 50 (2024); Minnesota,82329,63.5,77.6,5.4,4.5,6.2,110459
sldu,27051,27,051,State Senate District 51 (2024); Minnesota,86436,39.8,56.0,14.3,17.9,5.4,85131
sldu,27052,27,052,State Senate District 52 (2024); Minnesota,86148,53.9,67.6,10.9,7.7,8.5,105693
sldu,27053,27,053,State Senate District 53 (2024); Minnesota,85506,38.5,72.1,5.8,14.6,3.6,91742
sldu,27054,27,054,State Senate District 54 (2024); Minnesota,88502,42.8,71.6,6.2,8.1,8.2,114148
sldu,27055,27,055,State Senate District 55 (2024); Minnesota,85022,44.2,65.9,12.1,9.6,5.0,99911
sldu,27056,27,056,State Senate District 56 (2024); Minnesota,85482,49.1,72.8,7.9,5.6,6.1,110486
sldu,27057,27,057,State Senate District 57 (2024); Minnesota,89641,49.4,78.2,6.0,5.6,5.4,138903
sldu,27058,27,058,State Senate District 58 (2024); Minnesota,86344,38.4,85.2,2.0,6.4,2.6,112604
sldu,27059,27,059,State Senate District 59 (2024); Minnesota,84675,44.0,40.4,32.6,9.4,9.0,84092
sldu,27060,27,060,State Senate District 60 (2024); Minnesota,83276,53.0,61.5,16.1,7.3,7.9,62597
sldu,27061,27,061,State Senate District 61 (2024); Minnesota,84438,69.6,73.8,8.6,7.3,4.3,88863
sldu,27062,27,062,State Senate District 62 (2024); Minnesota,83200,45.0,44.6,26.7,18.7,2.7,61419
sldu,27063,27,063,State Senate District 63 (2024); Minnesota,86485,63.3,73.2,9.3,6.9,2.7,107103
sldu,27064,27,064,State Senate District 64 (2024); Minnesota,83371,67.0,76.7,8.0,5.2,4.1,90220
sldu,27065,27,065,State Senate District 65 (2024); Minnesota,84844,35.3,46.8,21.1,12.2,11.6,65132
sldu,27066,27,066,State Senate District 66 (2024); Minnesota,84514,47.5,51.9,13.5,7.4,20.3,72287
sldu,27067,27,067,State Senate District 67 (2024); Minnesota,82726,25.6,31.2,17.0,13.2,31.3,69552
sldu,28001,28,001,State Senate District 1 (2024); Mississippi,56341,28.9,61.2,28.0,6.9,0.8,72957
sldu,28002,28,002,State Senate District 2 (2024); Mississippi,60512,29.0,54.1,36.1,4.6,1.5,80616
sldu,28003,28,003,State Senate District 3 (2024); Mississippi,60582,17.3,65.9,23.4,5.8,0.3,53966
sldu,28004,28,004,State Senate District 4 (2024); Mississippi,55812,18.3,78.2,11.6,4.4,0.4,51852
sldu,28005,28,005,State Senate District 5 (2024); Mississippi,59953,18.3,87.1,5.7,2.2,0.5,52370
sldu,28006,28,006,State Senate District 6 (2024); Mississippi,60459,32.9,72.0,20.6,3.2,1.1,79032
sldu,28007,28,007,State Senate District 7 (2024); Mississippi,52776,15.8,53.3,40.8,2.7,0.3,48085
sldu,28008,28,008,State Senate District 8 (2024); Mississippi,58640,15.0,62.6,31.1,3.2,0.2,47556
sldu,28009,28,009,State Senate District 9 (2024); Mississippi,61186,46.2,67.9,22.7,4.1,2.3,67097
sldu,28010,28,010,State Senate District 10 (2024); Mississippi,59456,19.5,56.9,33.6,4.4,0.2,60461
sldu,28011,28,011,State Senate District 11 (2024); Mississippi,52249,18.2,29.7,63.9,3.6,0.3,45161
sldu,28012,28,012,State Senate District 12 (2024); Mississippi,52746,20.8,24.8,69.7,1.8,0.7,42317
sldu,28013,28,013,State Senate District 13 (2024); Mississippi,51121,23.1,26.3,68.9,2.6,0.6,39689
sldu,28014,28,014,State Senate District 14 (2024); Mississippi,53351,22.1,55.4,39.7,1.6,0.2,50339
sldu,28015,28,015,State Senate District 15 (2024); Mississippi,54288,37.0,64.3,28.1,2.4,1.8,50543
sldu,28016,28,016,State Senate District 16 (2024); Mississippi,53045,21.1,32.0,62.7,1.1,1.6,36841
sldu,28017,28,017,State Senate District 17 (2024); Mississippi,52918,31.3,62.4,29.7,2.3,1.2,63747
sldu,28018,28,018,State Senate District 18 (2024); Mississippi,54728,17.5,55.2,27.3,3.0,0.4,56029
sldu,28019,28,019,State Senate District 19 (2024); Mississippi,59059,31.3,60.0,28.2,5.5,1.9,104846
sldu,28020,28,020,State Senate District 20 (2024); Mississippi,56720,46.3,75.8,15.7,2.8,1.5,98577
sldu,28021,28,021,State Senate District 21 (2024); Mississippi,53668,26.2,31.8,62.9,1.5,1.0,57874
sldu,28022,28,022,State Senate District 22 (2024); Mississippi,53687,27.9,34.1,59.6,5.0,0.5,46915
sldu,28023,28,023,State Senate District 23 (2024); Mississippi,52808,27.8,51.4,44.1,1.8,0.5,59683
sldu,28024,28,024,State Senate District 24 (2024); Mississippi,52175,14.6,29.6,67.2,1.1,0.1,36069
sldu,28025,28,025,State Senate District 25 (2024); Mississippi,52749,60.6,60.8,29.4,3.6,3.9,90235
sldu,28026,28,026,State Senate District 26 (2024); Mississippi,58923,35.8,22.9,69.4,2.9,1.7,56565
sldu,28027,28,027,State Senate District 27 (2024); Mississippi,56058,27.2,27.0,68.0,2.1,1.1,42086
sldu,28028,28,028,State Senate District 28 (2024); Mississippi,52466,21.6,10.3,84.8,2.0,0.9,40620
sldu,28029,28,029,State Senate District 29 (2024); Mississippi,53481,39.5,34.5,60.1,2.0,0.7,62661
sldu,28030,28,030,State Senate District 30 (2024); Mississippi,56552,29.4,61.2,30.4,4.0,1.7,69900
sldu,28031,28,031,State Senate District 31 (2024); Mississippi,54889,16.5,56.6,29.6,8.6,0.3,52765
sldu,28032,28,032,State Senate District 32 (2024); Mississippi,54183,17.0,28.4,64.8,1.8,0.4,35781
sldu,28033,28,033,State Senate District 33 (2024); Mississippi,54020,25.2,64.6,26.9,2.3,0.6,58571
sldu,28034,28,034,State Senate District 34 (2024); Mississippi,54467,17.0,36.4,55.6,5.4,0.2,42883
sldu,28035,28,035,State Senate District 35 (2024); Mississippi,58233,16.2,53.7,42.2,2.3,0.2,50256
sldu,28036,28,036,State Senate District 36 (2024); Mississippi,57699,21.2,75.5,18.0,2.8,0.7,66384
sldu,28037,28,037,State Senate District 37 (2024); Mississippi,55778,19.2,32.9,61.3,3.2,0.2,44037
sldu,28038,28,038,State Senate District 38 (2024); Mississippi,56841,13.4,30.6,65.2,1.3,0.2,36511
sldu,28039,28,039,State Senate District 39 (2024); Mississippi,59976,18.4,69.8,26.8,1.1,0.5,50905
sldu,28040,28,040,State Senate District 40 (2024); Mississippi,61074,16.5,78.5,12.8,4.2,0.3,57355
sldu,28041,28,041,State Senate District 41 (2024); Mississippi,61384,15.7,64.6,29.9,2.2,0.2,49215
sldu,28042,28,042,State Senate District 42 (2024); Mississippi,57996,21.5,75.1,17.2,4.9,0.5,55696
sldu,28043,28,043,State Senate District 43 (2024); Mississippi,56570,15.4,71.3,22.1,2.4,0.3,49113
sldu,28044,28,044,State Senate District 44 (2024); Mississippi,55853,37.1,68.1,23.7,3.9,1.1,70605
sldu,28045,28,045,State Senate District 45 (2024); Mississippi,61722,31.3,64.7,26.6,3.5,1.3,58341
sldu,28046,28,046,State Senate District 46 (2024); Mississippi,57756,23.8,82.9,7.8,4.5,0.6,67935
sldu,28047,28,047,State Senate District 47 (2024); Mississippi,60239,21.7,78.1,9.2,4.6,2.2,69277
sldu,28048,28,048,State Senate District 48 (2024); Mississippi,60248,27.4,58.2,29.3,4.7,1.5,51919
sldu,28049,28,049,State Senate District 49 (2024); Mississippi,61017,30.4,57.0,26.3,7.5,2.2,59969
sldu,28050,28,050,State Senate District 50 (2024); Mississippi,60451,27.5,58.9,20.6,9.7,4.3,57935
sldu,28051,28,051,State Senate District 51 (2024); Mississippi,57400,25.8,64.9,21.8,5.3,2.2,67344
sldu,28052,28,052,State Senate District 52 (2024); Mississippi,60474,30.8,60.8,22.2,10.5,1.6,65360
sldu,29001,29,001,State Senate District 1 (2024); Missouri,181511,42.1,85.8,3.4,3.1,2.4,84791
sldu,29002,29,002,State Senate District 2 (2024); Missouri,181966,45.3,83.2,4.2,4.2,3.6,120106
sldu,29003,29,003,State Senate District 3 (2024); Missouri,178726,16.8,90.6,1.6,1.7,0.3,64012
sldu,29004,29,004,State Senate District 4 (2024); Missouri,178567,56.7,69.4,14.7,5.0,5.2,75175
sldu,29005,29,005,State Senate District 5 (2024); Missouri,172690,33.6,29.6,58.2,4.7,3.0,47402
sldu,29006,29,006,State Senate District 6 (2024); Missouri,182947,28.5,86.5,4.7,3.5,0.9,67056
sldu,29007,29,007,State Senate District 7 (2024); Missouri,174245,51.1,60.8,16.5,13.3,3.4,68772
sldu,29008,29,008,State Senate District 8 (2024); Missouri,182128,42.8,78.6,8.3,5.9,1.7,98018
sldu,29009,29,009,State Senate District 9 (2024); Missouri,180771,20.1,29.8,53.8,10.8,0.9,51752
sldu,29010,29,010,State Senate District 10 (2024); Missouri,188126,25.1,88.8,3.7,2.8,0.6,86235
sldu,29011,29,011,State Senate District 11 (2024); Missouri,182832,21.1,67.9,9.5,15.7,1.2,63894
sldu,29012,29,012,State Senate District 12 (2024); Missouri,181219,21.6,91.7,1.6,2.8,0.6,65084
sldu,29013,29,013,State Senate District 13 (2024); Missouri,183768,23.6,23.5,68.5,2.1,0.6,60299
sldu,29014,29,014,State Senate District 14 (2024); Missouri,187495,33.4,38.4,45.4,6.9,3.6,57885
sldu,29015,29,015,State Senate District 15 (2024); Missouri,183426,68.2,76.7,2.6,4.4,9.9,131435
sldu,29016,29,016,State Senate District 16 (2024); Missouri,177432,22.9,82.6,3.9,5.5,1.8,57081
sldu,29017,29,017,State Senate District 17 (2024); Missouri,178982,36.8,72.0,8.8,9.7,3.4,85661
sldu,29018,29,018,State Senate District 18 (2024); Missouri,176703,20.9,90.0,3.4,2.2,0.7,60214
sldu,29019,29,019,State Senate District 19 (2024); Missouri,188043,51.5,75.8,9.5,4.5,4.8,72758
sldu,29020,29,020,State Senate District 20 (2024); Missouri,181924,30.1,88.7,0.9,3.5,1.4,77489
sldu,29021,29,021,State Senate District 21 (2024); Missouri,185602,28.5,87.2,2.8,4.6,0.5,80897
sldu,29022,29,022,State Senate District 22 (2024); Missouri,182569,25.9,88.3,1.2,3.0,1.1,84328
sldu,29023,29,023,State Senate District 23 (2024); Missouri,181378,41.1,82.1,5.5,4.5,2.8,92463
sldu,29024,29,024,State Senate District 24 (2024); Missouri,182698,61.1,77.0,6.3,3.2,7.4,110152
sldu,29025,29,025,State Senate District 25 (2024); Missouri,176114,14.4,82.6,7.0,3.0,0.3,49303
sldu,29026,29,026,State Senate District 26 (2024); Missouri,185201,24.4,89.4,1.1,2.6,0.5,75753
sldu,29027,29,027,State Senate District 27 (2024); Missouri,178388,25.5,85.9,5.6,2.7,1.0,63130
sldu,29028,29,028,State Senate District 28 (2024); Missouri,188345,17.6,89.7,1.1,4.2,0.4,55156
sldu,29029,29,029,State Senate District 29 (2024); Missouri,190242,23.6,84.9,0.7,7.0,1.0,69613
sldu,29030,29,030,State Senate District 30 (2024); Missouri,181282,31.9,81.7,4.3,5.9,1.9,50413
sldu,29031,29,031,State Senate District 31 (2024); Missouri,181691,28.1,84.4,4.3,5.1,1.0,77408
sldu,29032,29,032,State Senate District 32 (2024); Missouri,184475,24.7,80.5,1.4,8.8,1.4,62486
sldu,29033,29,033,State Senate District 33 (2024); Missouri,182136,20.6,89.5,1.3,4.1,0.5,53918
sldu,29034,29,034,State Senate District 34 (2024); Missouri,188192,36.8,77.5,6.8,7.5,2.0,78282
sldu,30001,30,001,State Senate District 1 (2024); Montana,23178,19.1,90.2,0.1,2.9,0.3,48803
sldu,30002,30,002,State Senate District 2 (2024); Montana,21931,46.7,92.7,0.2,2.6,0.4,74501
sldu,30003,30,003,State Senate District 3 (2024); Montana,21326,36.4,89.5,0.3,4.1,1.2,75198
sldu,30004,30,004,State Senate District 4 (2024); Montana,23923,29.4,90.5,0.1,3.6,0.8,61984
sldu,30005,30,005,State Senate District 5 (2024); Montana,24701,33.8,87.7,0.3,3.8,1.4,76643
sldu,30006,30,006,State Senate District 6 (2024); Montana,22978,43.7,87.4,0.3,3.8,0.3,83179
sldu,30007,30,007,State Senate District 7 (2024); Montana,22475,27.9,82.1,0.2,4.1,0.5,59741
sldu,30008,30,008,State Senate District 8 (2024); Montana,21634,18.3,34.9,0.2,3.3,0.5,49968
sldu,30009,30,009,State Senate District 9 (2024); Montana,22569,26.5,88.1,0.5,2.9,0.6,66443
sldu,30010,30,010,State Senate District 10 (2024); Montana,21572,25.6,80.5,1.1,5.9,0.8,53701
sldu,30011,30,011,State Senate District 11 (2024); Montana,22181,26.0,79.3,3.0,6.6,1.6,74000
sldu,30012,30,012,State Senate District 12 (2024); Montana,21152,33.2,82.7,0.6,4.9,0.8,65816
sldu,30013,30,013,State Senate District 13 (2024); Montana,22722,27.2,88.2,0.3,3.5,0.6,77269
sldu,30014,30,014,State Senate District 14 (2024); Montana,22019,25.5,82.5,0.2,2.3,0.3,53175
sldu,30015,30,015,State Senate District 15 (2024); Montana,21708,25.2,86.2,0.3,4.4,0.4,74172
sldu,30016,30,016,State Senate District 16 (2024); Montana,19087,19.5,24.7,0.2,3.4,0.5,56518
sldu,30017,30,017,State Senate District 17 (2024); Montana,21660,23.0,90.6,0.1,2.5,0.5,70743
sldu,30018,30,018,State Senate District 18 (2024); Montana,21647,25.3,86.9,0.0,3.6,0.8,70567
sldu,30019,30,019,State Senate District 19 (2024); Montana,22890,24.2,90.6,0.3,3.0,0.6,67158
sldu,30020,30,020,State Senate District 20 (2024); Montana,21953,23.4,84.6,0.1,5.6,0.1,79007
sldu,30021,30,021,State Senate District 21 (2024); Montana,19806,18.4,34.4,1.0,4.1,0.4,58100
sldu,30022,30,022,State Senate District 22 (2024); Montana,23863,31.9,84.3,0.2,7.0,0.2,75514
sldu,30023,30,023,State Senate District 23 (2024); Montana,21175,44.1,78.5,0.8,10.0,1.1,72884
sldu,30024,30,024,State Senate District 24 (2024); Montana,23040,22.7,72.7,0.7,12.6,1.3,51573
sldu,30025,30,025,State Senate District 25 (2024); Montana,21242,40.3,86.8,0.3,4.6,0.5,77213
sldu,30026,30,026,State Senate District 26 (2024); Montana,21642,49.8,90.9,0.1,3.4,1.3,96594
sldu,30027,30,027,State Senate District 27 (2024); Montana,22703,32.8,84.2,0.6,4.8,0.7,85965
sldu,30028,30,028,State Senate District 28 (2024); Montana,22213,33.2,91.2,0.2,3.0,0.2,82354
sldu,30029,30,029,State Senate District 29 (2024); Montana,22224,45.2,90.4,0.2,3.1,0.4,74142
sldu,30030,30,030,State Senate District 30 (2024); Montana,20984,63.2,88.5,0.3,6.7,0.8,118165
sldu,30031,30,031,State Senate District 31 (2024); Montana,21620,58.6,83.6,1.4,6.9,2.7,78366
sldu,30032,30,032,State Senate District 32 (2024); Montana,23211,59.5,86.3,0.3,5.7,1.9,97060
sldu,30033,30,033,State Senate District 33 (2024); Montana,23468,59.9,87.8,0.3,4.9,0.6,89909
sldu,30034,30,034,State Senate District 34 (2024); Montana,23906,37.1,89.0,0.1,4.7,0.5,96495
sldu,30035,30,035,State Senate District 35 (2024); Montana,23001,33.6,90.3,0.2,4.1,0.4,71122
sldu,30036,30,036,State Senate District 36 (2024); Montana,23091,24.8,91.0,0.2,2.5,0.3,55000
sldu,30037,30,037,State Senate District 37 (2024); Montana,20592,28.5,86.9,0.0,6.5,0.4,64761
sldu,30038,30,038,State Senate District 38 (2024); Montana,23730,27.5,89.5,0.2,2.7,0.9,71125
sldu,30039,30,039,State Senate District 39 (2024); Montana,23162,28.4,91.1,0.4,3.0,0.1,69237
sldu,30040,30,040,State Senate District 40 (2024); Montana,22588,47.7,88.8,0.4,3.8,0.6,77661
sldu,30041,30,041,State Senate District 41 (2024); Montana,23051,40.1,86.9,1.0,4.5,0.4,74080
sldu,30042,30,042,State Senate District 42 (2024); Montana,22517,44.6,89.9,0.3,4.1,0.6,88183
sldu,30043,30,043,State Senate District 43 (2024); Montana,22416,28.5,92.2,0.1,2.4,0.3,66250
sldu,30044,30,044,State Senate District 44 (2024); Montana,24311,28.8,85.3,0.5,5.7,1.0,78572
sldu,30045,30,045,State Senate District 45 (2024); Montana,22888,35.3,88.9,0.6,4.3,1.1,83326
sldu,30046,30,046,State Senate District 46 (2024); Montana,22407,37.8,69.3,0.3,6.6,1.1,71198
sldu,30047,30,047,State Senate District 47 (2024); Montana,22118,56.0,87.2,0.0,4.7,1.0,102005
sldu,30048,30,048,State Senate District 48 (2024); Montana,21512,50.0,85.7,0.9,2.8,1.8,56369
sldu,30049,30,049,State Senate District 49 (2024); Montana,22966,42.6,86.0,0.1,3.4,2.6,70804
sldu,30050,30,050,State Senate District 50 (2024); Montana,22122,49.3,84.1,0.5,8.9,1.2,64987
sldu,31001,31,001,State Senate District 1 (2024); Nebraska,38829,25.2,86.7,1.3,6.6,0.2,67020
sldu,31002,31,002,State Senate District 2 (2024); Nebraska,43399,38.2,87.7,1.0,4.5,1.7,93144
sldu,31003,31,003,State Senate District 3 (2024); Nebraska,40535,37.4,69.0,4.3,16.6,2.6,96976
sldu,31004,31,004,State Senate District 4 (2024); Nebraska,40345,59.0,81.1,3.7,5.9,4.9,123663
sldu,31005,31,005,State Senate District 5 (2024); Nebraska,42752,18.1,40.4,7.0,48.4,1.4,65254
sldu,31006,31,006,State Senate District 6 (2024); Nebraska,40460,50.7,75.7,7.6,7.3,4.8,67819
sldu,31007,31,007,State Senate District 7 (2024); Nebraska,39747,26.3,39.8,5.7,49.5,1.3,58528
sldu,31008,31,008,State Senate District 8 (2024); Nebraska,41457,43.0,70.9,13.4,5.7,3.7,68230
sldu,31009,31,009,State Senate District 9 (2024); Nebraska,39532,51.1,70.3,8.3,12.4,4.1,60590
sldu,31010,31,010,State Senate District 10 (2024); Nebraska,42168,41.6,74.1,8.8,7.2,3.4,89883
sldu,31011,31,011,State Senate District 11 (2024); Nebraska,40230,15.4,22.8,44.6,20.1,4.8,41818
sldu,31012,31,012,State Senate District 12 (2024); Nebraska,36566,35.9,73.3,2.7,16.2,3.9,69713
sldu,31013,31,013,State Senate District 13 (2024); Nebraska,40659,25.2,47.1,26.2,9.8,10.6,63289
sldu,31014,31,014,State Senate District 14 (2024); Nebraska,40376,43.0,76.7,4.3,12.7,2.1,97531
sldu,31015,31,015,State Senate District 15 (2024); Nebraska,42162,25.3,79.1,0.5,16.3,0.6,76743
sldu,31016,31,016,State Senate District 16 (2024); Nebraska,38394,31.3,90.7,0.3,5.4,0.4,82842
sldu,31017,31,017,State Senate District 17 (2024); Nebraska,39835,19.7,52.8,4.9,27.6,1.9,69087
sldu,31018,31,018,State Senate District 18 (2024); Nebraska,43721,45.7,67.9,12.6,7.4,5.5,108827
sldu,31019,31,019,State Senate District 19 (2024); Nebraska,39597,23.9,79.0,0.8,14.8,1.1,64029
sldu,31020,31,020,State Senate District 20 (2024); Nebraska,43369,49.3,83.1,3.4,7.4,2.4,88363
sldu,31021,31,021,State Senate District 21 (2024); Nebraska,40624,38.6,77.8,3.7,7.6,5.2,88626
sldu,31022,31,022,State Senate District 22 (2024); Nebraska,38939,23.3,74.2,0.7,22.2,0.2,72366
sldu,31023,31,023,State Senate District 23 (2024); Nebraska,40257,27.2,79.4,1.1,15.1,0.4,85852
sldu,31024,31,024,State Senate District 24 (2024); Nebraska,39008,27.6,90.7,0.9,5.0,0.5,78521
sldu,31025,31,025,State Senate District 25 (2024); Nebraska,42272,59.3,86.7,1.3,4.4,3.5,111149
sldu,31026,31,026,State Senate District 26 (2024); Nebraska,41344,32.5,77.5,5.0,8.6,3.1,62012
sldu,31027,31,027,State Senate District 27 (2024); Nebraska,41513,33.7,72.0,5.3,13.7,3.5,74764
sldu,31028,31,028,State Senate District 28 (2024); Nebraska,39810,40.2,73.7,5.1,10.3,4.2,50231
sldu,31029,31,029,State Senate District 29 (2024); Nebraska,38778,44.8,81.7,1.7,7.0,2.1,73190
sldu,31030,31,030,State Senate District 30 (2024); Nebraska,41743,37.5,90.2,0.6,3.6,2.2,86816
sldu,31031,31,031,State Senate District 31 (2024); Nebraska,40582,53.4,80.4,2.1,6.9,5.1,125512
sldu,31032,31,032,State Senate District 32 (2024); Nebraska,39343,24.4,81.8,0.4,13.5,1.0,77483
sldu,31033,31,033,State Senate District 33 (2024); Nebraska,40406,30.2,84.3,1.1,11.1,0.8,70524
sldu,31034,31,034,State Senate District 34 (2024); Nebraska,37638,27.7,85.3,0.7,10.0,1.0,78554
sldu,31035,31,035,State Senate District 35 (2024); Nebraska,38120,16.8,48.3,4.7,43.5,0.9,60913
sldu,31036,31,036,State Senate District 36 (2024); Nebraska,44153,51.8,84.4,2.6,4.7,2.0,132880
sldu,31037,31,037,State Senate District 37 (2024); Nebraska,40759,35.2,81.5,0.9,12.2,2.0,72607
sldu,31038,31,038,State Senate District 38 (2024); Nebraska,40728,25.0,89.8,0.6,6.0,0.2,65975
sldu,31039,31,039,State Senate District 39 (2024); Nebraska,47557,62.8,84.9,0.9,4.8,5.3,150067
sldu,31040,31,040,State Senate District 40 (2024); Nebraska,39880,23.6,91.1,0.4,3.8,0.2,68399
sldu,31041,31,041,State Senate District 41 (2024); Nebraska,39082,24.7,91.3,0.3,5.3,0.1,76518
sldu,31042,31,042,State Senate District 42 (2024); Nebraska,37156,22.9,86.4,0.8,8.6,0.6,64972
sldu,31043,31,043,State Senate District 43 (2024); Nebraska,38586,26.9,88.1,0.5,4.3,0.7,61451
sldu,31044,31,044,State Senate District 44 (2024); Nebraska,39556,20.2,66.4,4.0,26.1,0.8,68408
sldu,31045,31,045,State Senate District 45 (2024); Nebraska,38237,34.1,67.6,7.2,15.9,3.1,81207
sldu,31046,31,046,State Senate District 46 (2024); Nebraska,38913,31.2,65.4,6.8,12.8,7.8,55911
sldu,31047,31,047,State Senate District 47 (2024); Nebraska,38889,21.7,84.3,0.5,10.0,0.7,61599
sldu,31048,31,048,State Senate District 48 (2024); Nebraska,39833,26.1,71.9,0.6,22.5,0.7,62817
sldu,31049,31,049,State Senate District 49 (2024); Nebraska,40868,47.8,83.6,1.8,7.2,4.7,116454
sldu,32001,32,001,State Senate District 1 (2024); Nevada,164834,23.8,30.9,21.4,31.1,8.3,90879
sldu,32002,32,002,State Senate District 2 (2024); Nevada,139931,8.1,14.6,12.2,65.2,3.3,46741
sldu,32003,32,003,State Senate District 3 (2024); Nevada,148538,19.4,30.9,13.5,42.9,6.3,60481
sldu,32004,32,004,State Senate District 4 (2024); Nevada,147108,12.4,15.5,23.3,51.2,3.7,59385
sldu,32005,32,005,State Senate District 5 (2024); Nevada,158100,33.1,55.9,7.5,19.9,8.7,81629
sldu,32006,32,006,State Senate District 6 (2024); Nevada,154624,30.9,46.5,8.6,29.6,8.0,77694
sldu,32007,32,007,State Senate District 7 (2024); Nevada,144313,19.8,29.6,11.1,44.2,7.8,62474
sldu,32008,32,008,State Senate District 8 (2024); Nevada,150243,40.1,49.3,9.4,18.0,15.4,91595
sldu,32009,32,009,State Senate District 9 (2024); Nevada,152122,34.4,37.4,11.2,21.1,21.9,81751
sldu,32010,32,010,State Senate District 10 (2024); Nevada,142757,23.4,30.6,15.0,34.8,11.2,51522
sldu,32011,32,011,State Senate District 11 (2024); Nevada,161637,38.6,36.5,10.1,17.4,26.4,105132
sldu,32012,32,012,State Senate District 12 (2024); Nevada,154433,34.0,44.9,7.6,21.5,14.3,87134
sldu,32013,32,013,State Senate District 13 (2024); Nevada,141137,23.8,45.4,3.3,38.0,6.7,61762
sldu,32014,32,014,State Senate District 14 (2024); Nevada,149817,28.9,64.9,1.6,21.8,3.8,98955
sldu,32015,32,015,State Senate District 15 (2024); Nevada,148201,35.1,58.6,2.4,26.6,4.8,85300
sldu,32016,32,016,State Senate District 16 (2024); Nevada,150870,40.2,67.5,1.6,18.0,5.0,99695
sldu,32017,32,017,State Senate District 17 (2024); Nevada,147067,22.2,72.4,1.3,16.4,1.8,82491
sldu,32018,32,018,State Senate District 18 (2024); Nevada,157637,32.5,50.6,11.2,21.6,6.9,100032
sldu,32019,32,019,State Senate District 19 (2024); Nevada,167546,22.7,62.3,3.9,20.2,4.0,82205
sldu,32020,32,020,State Senate District 20 (2024); Nevada,154496,34.0,66.1,3.6,15.9,7.2,91082
sldu,32021,32,021,State Senate District 21 (2024); Nevada,149201,18.2,25.1,8.6,54.5,6.7,66276
sldu,33001,33,001,State Senate District 1 (2024); New Hampshire,55723,25.9,92.2,1.2,2.7,0.3,63462
sldu,33002,33,002,State Senate District 2 (2024); New Hampshire,57645,36.9,91.9,0.7,2.5,1.2,87208
sldu,33003,33,003,State Senate District 3 (2024); New Hampshire,58010,36.4,93.8,0.6,1.7,1.2,86196
sldu,33004,33,004,State Senate District 4 (2024); New Hampshire,57590,45.6,85.0,1.5,3.9,3.4,89419
sldu,33005,33,005,State Senate District 5 (2024); New Hampshire,59908,56.5,85.7,1.3,2.8,4.8,103627
sldu,33006,33,006,State Senate District 6 (2024); New Hampshire,57013,28.9,92.0,1.1,1.8,1.3,87022
sldu,33007,33,007,State Senate District 7 (2024); New Hampshire,57714,31.3,92.2,0.5,2.5,0.9,86052
sldu,33008,33,008,State Senate District 8 (2024); New Hampshire,56528,30.4,91.9,0.8,2.3,0.4,84066
sldu,33009,33,009,State Senate District 9 (2024); New Hampshire,56952,44.5,88.4,0.4,3.5,3.4,122605
sldu,33010,33,010,State Senate District 10 (2024); New Hampshire,57102,43.4,91.8,0.8,2.3,0.9,84986
sldu,33011,33,011,State Senate District 11 (2024); New Hampshire,60322,48.8,87.9,0.5,3.5,3.1,123168
sldu,33012,33,012,State Senate District 12 (2024); New Hampshire,60310,44.7,79.4,3.0,7.0,5.3,117566
sldu,33013,33,013,State Senate District 13 (2024); New Hampshire,60665,39.2,68.3,2.0,16.8,8.2,91982
sldu,33014,33,014,State Senate District 14 (2024); New Hampshire,58361,42.3,89.9,1.3,3.6,1.7,129839
sldu,33015,33,015,State Senate District 15 (2024); New Hampshire,58747,46.3,87.3,2.9,3.2,2.3,95211
sldu,33016,33,016,State Senate District 16 (2024); New Hampshire,58621,40.0,87.4,1.4,3.1,2.3,115313
sldu,33017,33,017,State Senate District 17 (2024); New Hampshire,56957,33.6,91.9,0.8,2.8,0.5,105209
sldu,33018,33,018,State Senate District 18 (2024); New Hampshire,56104,29.5,74.5,2.6,14.9,3.7,89368
sldu,33019,33,019,State Senate District 19 (2024); New Hampshire,59256,45.1,88.0,0.7,4.2,2.6,122381
sldu,33020,33,020,State Senate District 20 (2024); New Hampshire,58021,36.3,70.7,5.6,12.8,4.4,75849
sldu,33021,33,021,State Senate District 21 (2024); New Hampshire,57656,61.3,86.8,0.4,3.6,3.4,111746
sldu,33022,33,022,State Senate District 22 (2024); New Hampshire,60541,39.0,86.2,1.0,6.2,2.9,116595
sldu,33023,33,023,State Senate District 23 (2024); New Hampshire,58203,37.0,91.9,0.6,1.9,0.9,117417
sldu,33024,33,024,State Senate District 24 (2024); New Hampshire,56919,55.1,92.4,0.4,2.3,1.9,116863
sldu,34001,34,001,State Senate District 1 (2024); New Jersey,235532,27.4,57.8,11.1,25.5,1.0,76889
sldu,34002,34,002,State Senate District 2 (2024); New Jersey,232900,32.7,51.4,13.7,20.4,8.9,76942
sldu,34003,34,003,State Senate District 3 (2024); New Jersey,239221,34.8,73.0,11.1,9.2,2.8,97135
sldu,34004,34,004,State Senate District 4 (2024); New Jersey,235057,33.2,66.2,15.7,10.0,3.2,102379
sldu,34005,34,005,State Senate District 5 (2024); New Jersey,236595,26.3,42.8,20.2,29.3,3.7,73525
sldu,34006,34,006,State Senate District 6 (2024); New Jersey,237928,46.3,62.9,11.3,12.2,8.7,96482
sldu,34007,34,007,State Senate District 7 (2024); New Jersey,233789,42.9,55.5,22.1,9.3,6.1,107272
sldu,34008,34,008,State Senate District 8 (2024); New Jersey,232774,41.7,69.8,9.7,10.3,4.9,112323
sldu,34009,34,009,State Senate District 9 (2024); New Jersey,235632,30.3,83.7,2.4,9.0,1.8,82905
sldu,34010,34,010,State Senate District 10 (2024); New Jersey,231570,41.6,78.9,3.5,11.6,2.5,107017
sldu,34011,34,011,State Senate District 11 (2024); New Jersey,230350,47.1,61.9,11.1,17.5,4.2,103426
sldu,34012,34,012,State Senate District 12 (2024); New Jersey,228411,42.9,69.8,5.5,13.3,7.5,119209
sldu,34013,34,013,State Senate District 13 (2024); New Jersey,230346,53.1,75.5,2.6,10.0,7.5,138301
sldu,34014,34,014,State Senate District 14 (2024); New Jersey,227110,48.0,52.2,8.0,17.0,19.4,110343
sldu,34015,34,015,State Senate District 15 (2024); New Jersey,232709,45.8,38.3,22.6,24.4,11.1,95296
sldu,34016,34,016,State Senate District 16 (2024); New Jersey,229368,67.9,57.7,4.1,8.9,24.9,160259
sldu,34017,34,017,State Senate District 17 (2024); New Jersey,235791,45.1,27.0,19.1,28.7,21.5,112737
sldu,34018,34,018,State Senate District 18 (2024); New Jersey,236030,55.6,39.6,7.3,13.3,35.2,128696
sldu,34019,34,019,State Senate District 19 (2024); New Jersey,241533,32.8,30.9,11.1,38.2,16.5,94206
sldu,34020,34,020,State Senate District 20 (2024); New Jersey,229420,24.0,17.5,22.7,51.0,4.0,81474
sldu,34021,34,021,State Senate District 21 (2024); New Jersey,231039,67.6,67.7,3.0,12.1,12.9,177704
sldu,34022,34,022,State Senate District 22 (2024); New Jersey,240256,37.4,37.0,20.2,33.6,4.9,104113
sldu,34023,34,023,State Senate District 23 (2024); New Jersey,240856,44.6,66.9,4.8,15.7,8.3,112625
sldu,34024,34,024,State Senate District 24 (2024); New Jersey,240314,45.3,76.8,2.9,12.5,3.4,121534
sldu,34025,34,025,State Senate District 25 (2024); New Jersey,240101,53.1,65.6,2.8,22.2,4.7,134102
sldu,34026,34,026,State Senate District 26 (2024); New Jersey,228053,57.4,66.0,2.7,10.7,16.5,131880
sldu,34027,34,027,State Senate District 27 (2024); New Jersey,238170,55.7,48.6,10.6,22.5,13.5,134325
sldu,34028,34,028,State Senate District 28 (2024); New Jersey,228136,31.1,13.6,64.4,14.8,2.1,67178
sldu,34029,34,029,State Senate District 29 (2024); New Jersey,232211,23.0,13.5,26.8,47.8,3.8,57649
sldu,34030,34,030,State Senate District 30 (2024); New Jersey,230453,42.5,81.6,2.3,11.4,1.5,96795
sldu,34031,34,031,State Senate District 31 (2024); New Jersey,240686,37.1,25.5,23.6,34.4,11.0,77202
sldu,34032,34,032,State Senate District 32 (2024); New Jersey,224227,70.7,39.7,5.4,19.9,29.9,133446
sldu,34033,34,033,State Senate District 33 (2024); New Jersey,230544,38.5,17.2,3.2,67.4,9.7,80427
sldu,34034,34,034,State Senate District 34 (2024); New Jersey,234184,36.1,24.8,36.0,27.0,5.9,82306
sldu,34035,34,035,State Senate District 35 (2024); New Jersey,237007,18.5,19.2,17.5,56.8,4.6,66602
sldu,34036,34,036,State Senate District 36 (2024); New Jersey,233755,38.3,38.4,4.2,43.0,11.1,87907
sldu,34037,34,037,State Senate District 37 (2024); New Jersey,230540,53.2,32.3,11.7,27.4,24.5,109526
sldu,34038,34,038,State Senate District 38 (2024); New Jersey,225709,49.2,52.3,4.4,22.9,17.0,127347
sldu,34039,34,039,State Senate District 39 (2024); New Jersey,233677,62.8,67.7,1.8,11.9,14.6,166577
sldu,34040,34,040,State Senate District 40 (2024); New Jersey,231825,60.4,70.5,2.8,14.6,8.2,147402
sldu,35001,35,001,State Senate District 1 (2024); New Mexico,46446,23.2,40.0,0.6,19.8,1.1,65452
sldu,35002,35,002,State Senate District 2 (2024); New Mexico,46932,18.5,49.1,0.8,29.4,0.5,57492
sldu,35003,35,003,State Senate District 3 (2024); New Mexico,47153,14.1,10.1,0.6,15.0,1.3,48645
sldu,35004,35,004,State Senate District 4 (2024); New Mexico,47247,14.8,14.2,0.3,18.0,1.2,46531
sldu,35005,35,005,State Senate District 5 (2024); New Mexico,49766,34.9,28.6,0.8,59.8,2.1,75881
sldu,35006,35,006,State Senate District 6 (2024); New Mexico,49952,38.1,37.3,0.3,52.2,0.8,67435
sldu,35007,35,007,State Senate District 7 (2024); New Mexico,50991,23.0,43.8,4.2,46.0,0.9,52534
sldu,35008,35,008,State Senate District 8 (2024); New Mexico,49597,27.5,30.5,0.9,63.4,0.5,51855
sldu,35009,35,009,State Senate District 9 (2024); New Mexico,52466,38.2,45.1,2.0,44.3,1.2,79124
sldu,35010,35,010,State Senate District 10 (2024); New Mexico,50680,44.3,37.8,1.9,51.8,1.8,89163
sldu,35011,35,011,State Senate District 11 (2024); New Mexico,50272,11.2,8.7,2.4,82.6,1.0,61865
sldu,35012,35,012,State Senate District 12 (2024); New Mexico,51696,35.4,46.1,2.9,41.0,1.6,83993
sldu,35013,35,013,State Senate District 13 (2024); New Mexico,44948,42.7,36.8,2.7,51.1,2.3,49215
sldu,35014,35,014,State Senate District 14 (2024); New Mexico,48056,16.9,14.5,1.3,78.4,1.0,66898
sldu,35015,35,015,State Senate District 15 (2024); New Mexico,48753,36.3,42.1,3.8,38.4,2.5,55303
sldu,35016,35,016,State Senate District 16 (2024); New Mexico,49141,55.3,48.7,3.9,34.2,3.7,62613
sldu,35017,35,017,State Senate District 17 (2024); New Mexico,47898,23.5,26.6,4.9,54.5,4.2,42824
sldu,35018,35,018,State Senate District 18 (2024); New Mexico,52326,45.6,51.9,2.0,33.9,3.2,70564
sldu,35019,35,019,State Senate District 19 (2024); New Mexico,52129,43.9,62.1,0.7,28.7,1.9,92290
sldu,35020,35,020,State Senate District 20 (2024); New Mexico,53236,38.8,51.0,2.4,34.9,2.2,70434
sldu,35021,35,021,State Senate District 21 (2024); New Mexico,52186,60.7,55.2,1.2,27.9,9.6,124280
sldu,35022,35,022,State Senate District 22 (2024); New Mexico,49987,17.7,13.7,0.7,20.9,1.1,55466
sldu,35023,35,023,State Senate District 23 (2024); New Mexico,51549,40.1,35.2,2.9,49.1,2.2,85971
sldu,35024,35,024,State Senate District 24 (2024); New Mexico,51188,34.0,29.2,1.2,63.6,1.9,65046
sldu,35025,35,025,State Senate District 25 (2024); New Mexico,52987,64.6,65.2,0.8,25.8,1.5,92322
sldu,35026,35,026,State Senate District 26 (2024); New Mexico,50852,26.9,19.0,3.3,71.2,1.4,64434
sldu,35027,35,027,State Senate District 27 (2024); New Mexico,53572,22.9,45.8,1.6,46.7,1.3,58855
sldu,35028,35,028,State Senate District 28 (2024); New Mexico,50827,23.3,36.4,1.0,58.7,1.1,41370
sldu,35029,35,029,State Senate District 29 (2024); New Mexico,53337,19.5,32.5,0.9,58.3,1.0,54929
sldu,35030,35,030,State Senate District 30 (2024); New Mexico,48419,18.8,20.5,1.7,42.3,0.7,60068
sldu,35031,35,031,State Senate District 31 (2024); New Mexico,54452,20.5,7.4,0.4,90.7,0.2,53090
sldu,35032,35,032,State Senate District 32 (2024); New Mexico,48270,15.0,29.9,1.0,65.5,0.7,52245
sldu,35033,35,033,State Senate District 33 (2024); New Mexico,50936,25.1,51.8,2.7,33.1,0.7,51915
sldu,35034,35,034,State Senate District 34 (2024); New Mexico,51691,23.6,52.3,3.2,37.6,1.6,65433
sldu,35035,35,035,State Senate District 35 (2024); New Mexico,51521,27.5,45.8,1.3,47.7,0.9,57797
sldu,35036,35,036,State Senate District 36 (2024); New Mexico,48908,23.8,27.4,0.9,67.5,0.4,47500
sldu,35037,35,037,State Senate District 37 (2024); New Mexico,53721,44.7,38.6,1.7,53.6,2.8,62354
sldu,35038,35,038,State Senate District 38 (2024); New Mexico,50496,31.1,25.9,1.7,68.3,0.8,48602
sldu,35039,35,039,State Senate District 39 (2024); New Mexico,49323,31.7,34.1,0.9,60.4,0.7,68380
sldu,35040,35,040,State Senate District 40 (2024); New Mexico,54368,33.7,41.0,2.7,44.9,1.5,94520
sldu,35041,35,041,State Senate District 41 (2024); New Mexico,51322,10.8,25.2,3.2,69.6,0.5,62275
sldu,35042,35,042,State Senate District 42 (2024); New Mexico,50649,23.1,45.0,1.9,48.0,0.9,83070
sldu,36001,36,001,State Senate District 1 (2024); New York,323808,46.2,70.5,3.6,17.2,4.7,123648
sldu,36002,36,002,State Senate District 2 (2024); New York,320156,55.7,74.6,3.4,12.1,5.9,162040
sldu,36003,36,003,State Senate District 3 (2024); New York,331477,31.1,64.1,7.1,20.8,4.1,114420
sldu,36004,36,004,State Senate District 4 (2024); New York,329895,26.2,30.5,16.1,45.2,4.2,125083
sldu,36005,36,005,State Senate District 5 (2024); New York,323277,50.0,65.9,2.4,14.3,14.3,154423
sldu,36006,36,006,State Senate District 6 (2024); New York,326702,38.5,31.4,27.7,32.3,4.2,133771
sldu,36007,36,007,State Senate District 7 (2024); New York,323251,63.5,61.0,1.9,11.3,22.0,157922
sldu,36008,36,008,State Senate District 8 (2024); New York,319602,44.0,76.8,3.2,14.3,2.6,143075
sldu,36009,36,009,State Senate District 9 (2024); New York,321569,46.7,51.2,13.2,19.3,11.0,138694
sldu,36010,36,010,State Senate District 10 (2024); New York,333501,27.7,18.2,45.7,18.3,8.6,82422
sldu,36011,36,011,State Senate District 11 (2024); New York,308020,40.8,28.9,8.5,19.0,37.1,93825
sldu,36012,36,012,State Senate District 12 (2024); New York,297947,40.2,34.0,2.2,33.2,26.8,82158
sldu,36013,36,013,State Senate District 13 (2024); New York,291182,23.9,8.5,6.8,61.0,20.8,75196
sldu,36014,36,014,State Senate District 14 (2024); New York,323460,37.9,16.1,43.2,17.9,14.6,95006
sldu,36015,36,015,State Senate District 15 (2024); New York,316236,33.2,26.7,5.4,33.1,23.9,90150
sldu,36016,36,016,State Senate District 16 (2024); New York,293961,36.1,20.6,3.6,16.8,55.7,74106
sldu,36017,36,017,State Senate District 17 (2024); New York,282594,30.0,31.0,1.9,20.3,43.6,68243
sldu,36018,36,018,State Senate District 18 (2024); New York,313282,39.4,36.8,12.1,40.5,6.2,77820
sldu,36019,36,019,State Senate District 19 (2024); New York,303641,21.4,5.7,62.7,18.6,4.9,59306
sldu,36020,36,020,State Senate District 20 (2024); New York,319088,51.8,34.1,42.8,11.0,4.5,92465
sldu,36021,36,021,State Senate District 21 (2024); New York,295441,38.7,23.0,47.9,12.1,9.0,85566
sldu,36022,36,022,State Senate District 22 (2024); New York,299909,37.5,67.5,3.0,9.4,14.5,68951
sldu,36023,36,023,State Senate District 23 (2024); New York,307986,34.5,41.8,18.1,23.4,12.2,62790
sldu,36024,36,024,State Senate District 24 (2024); New York,325834,39.1,68.5,2.1,13.8,12.4,109973
sldu,36025,36,025,State Senate District 25 (2024); New York,326455,44.5,25.5,42.6,20.1,4.7,77057
sldu,36026,36,026,State Senate District 26 (2024); New York,315682,60.2,50.0,6.4,24.3,13.6,120796
sldu,36027,36,027,State Senate District 27 (2024); New York,296624,65.4,49.8,6.5,15.8,23.0,109875
sldu,36028,36,028,State Senate District 28 (2024); New York,288654,82.8,70.4,3.4,8.8,12.6,162634
sldu,36029,36,029,State Senate District 29 (2024); New York,312001,29.9,12.3,25.6,53.8,4.8,43239
sldu,36030,36,030,State Senate District 30 (2024); New York,323796,45.6,20.9,35.3,31.2,7.1,58903
sldu,36031,36,031,State Senate District 31 (2024); New York,320471,32.7,15.2,12.0,66.9,3.0,57904
sldu,36032,36,032,State Senate District 32 (2024); New York,309949,14.7,1.8,32.6,61.7,0.7,38083
sldu,36033,36,033,State Senate District 33 (2024); New York,298268,27.1,16.8,16.6,58.2,5.0,51779
sldu,36034,36,034,State Senate District 34 (2024); New York,303584,29.7,19.8,18.1,47.7,10.1,65527
sldu,36035,36,035,State Senate District 35 (2024); New York,317138,45.8,40.9,11.9,35.8,7.1,103011
sldu,36036,36,036,State Senate District 36 (2024); New York,311373,29.6,8.4,54.6,28.8,2.8,69022
sldu,36037,36,037,State Senate District 37 (2024); New York,318723,62.8,58.6,7.0,22.0,7.6,145240
sldu,36038,36,038,State Senate District 38 (2024); New York,327050,42.9,59.7,10.2,20.6,6.1,108869
sldu,36039,36,039,State Senate District 39 (2024); New York,321709,39.0,58.2,11.7,21.0,3.2,100375
sldu,36040,36,040,State Senate District 40 (2024); New York,317852,52.8,63.8,5.4,22.9,3.8,135398
sldu,36041,36,041,State Senate District 41 (2024); New York,323331,38.9,77.3,4.7,9.6,2.0,85148
sldu,36042,36,042,State Senate District 42 (2024); New York,322917,33.8,61.4,9.1,21.8,3.1,99437
sldu,36043,36,043,State Senate District 43 (2024); New York,314964,37.1,78.1,6.2,5.5,4.9,85786
sldu,36044,36,044,State Senate District 44 (2024); New York,330722,43.0,77.7,5.4,5.9,4.1,92998
sldu,36045,36,045,State Senate District 45 (2024); New York,320803,28.9,89.0,2.3,3.0,1.1,70587
sldu,36046,36,046,State Senate District 46 (2024); New York,317064,42.7,71.7,9.7,8.6,4.9,83434
sldu,36047,36,047,State Senate District 47 (2024); New York,307948,79.0,61.8,5.3,14.5,12.2,142763
sldu,36048,36,048,State Senate District 48 (2024); New York,321245,34.1,69.8,13.1,6.5,4.1,65997
sldu,36049,36,049,State Senate District 49 (2024); New York,318304,22.7,86.9,2.5,4.5,1.0,66309
sldu,36050,36,050,State Senate District 50 (2024); New York,316220,36.2,85.6,3.0,4.3,2.4,83364
sldu,36051,36,051,State Senate District 51 (2024); New York,324483,28.7,80.8,3.8,9.2,1.4,70720
sldu,36052,36,052,State Senate District 52 (2024); New York,316514,40.8,77.9,4.5,5.8,6.7,67838
sldu,36053,36,053,State Senate District 53 (2024); New York,318725,27.5,82.0,4.5,5.8,3.4,71306
sldu,36054,36,054,State Senate District 54 (2024); New York,316908,34.2,86.5,2.6,5.3,1.2,80536
sldu,36055,36,055,State Senate District 55 (2024); New York,318916,49.1,71.3,10.4,10.4,3.0,81951
sldu,36056,36,056,State Senate District 56 (2024); New York,317728,34.0,57.9,20.1,11.2,5.4,65656
sldu,36057,36,057,State Senate District 57 (2024); New York,321827,22.9,86.7,2.1,5.7,0.7,62931
sldu,36058,36,058,State Senate District 58 (2024); New York,322168,26.3,89.4,2.9,2.9,1.3,66690
sldu,36059,36,059,State Senate District 59 (2024); New York,294227,71.1,53.6,5.3,17.0,16.8,127784
sldu,36060,36,060,State Senate District 60 (2024); New York,326112,39.0,91.6,1.4,2.8,0.7,91178
sldu,36061,36,061,State Senate District 61 (2024); New York,316591,47.7,74.4,7.9,7.1,6.1,78675
sldu,36062,36,062,State Senate District 62 (2024); New York,315582,28.0,83.2,5.4,4.4,1.1,72193
sldu,36063,36,063,State Senate District 63 (2024); New York,307919,26.8,49.7,27.8,9.6,8.0,54040
sldu,37001,37,001,State Senate District 1 (2024); North Carolina,201289,27.0,62.2,27.4,5.1,0.8,69551
sldu,37002,37,002,State Senate District 2 (2024); North Carolina,198892,24.1,60.1,29.0,4.5,0.7,56486
sldu,37003,37,003,State Senate District 3 (2024); North Carolina,202030,23.0,60.2,25.6,8.1,1.7,57878
sldu,37004,37,004,State Senate District 4 (2024); North Carolina,218428,20.8,47.6,33.0,13.4,1.1,57669
sldu,37005,37,005,State Senate District 5 (2024); North Carolina,225929,29.9,48.2,39.2,7.5,1.6,56619
sldu,37006,37,006,State Senate District 6 (2024); North Carolina,207906,26.0,64.0,11.5,14.0,1.8,68148
sldu,37007,37,007,State Senate District 7 (2024); North Carolina,206076,46.5,78.2,7.3,7.6,1.4,78516
sldu,37008,37,008,State Senate District 8 (2024); North Carolina,231861,31.1,72.1,15.9,6.2,0.7,69289
sldu,37009,37,009,State Senate District 9 (2024); North Carolina,209859,21.8,57.9,21.4,15.9,0.5,60430
sldu,37010,37,010,State Senate District 10 (2024); North Carolina,234263,28.9,61.4,16.7,16.8,0.8,83384
sldu,37011,37,011,State Senate District 11 (2024); North Carolina,212924,22.9,49.5,35.4,9.5,1.0,63296
sldu,37012,37,012,State Senate District 12 (2024); North Carolina,208330,23.3,57.9,18.8,17.1,0.9,68815
sldu,37013,37,013,State Senate District 13 (2024); North Carolina,214004,55.8,67.2,11.8,10.6,5.1,120288
sldu,37014,37,014,State Senate District 14 (2024); North Carolina,211772,38.1,31.3,40.0,18.8,4.2,80132
sldu,37015,37,015,State Senate District 15 (2024); North Carolina,202721,57.2,58.1,19.5,13.2,4.1,84960
sldu,37016,37,016,State Senate District 16 (2024); North Carolina,195610,62.8,66.7,12.1,9.3,7.0,96333
sldu,37017,37,017,State Senate District 17 (2024); North Carolina,205104,72.6,50.9,9.8,6.7,26.7,139144
sldu,37018,37,018,State Senate District 18 (2024); North Carolina,210319,47.8,63.3,20.1,10.3,1.9,109626
sldu,37019,37,019,State Senate District 19 (2024); North Carolina,218110,28.1,32.7,44.4,12.3,2.9,57656
sldu,37020,37,020,State Senate District 20 (2024); North Carolina,211380,57.9,52.4,24.8,12.4,5.2,92145
sldu,37021,37,021,State Senate District 21 (2024); North Carolina,225311,34.4,63.5,16.3,10.8,1.6,76408
sldu,37022,37,022,State Senate District 22 (2024); North Carolina,201124,49.6,41.5,30.5,18.5,4.3,77407
sldu,37023,37,023,State Senate District 23 (2024); North Carolina,211624,48.0,65.2,15.2,9.2,5.6,78268
sldu,37024,37,024,State Senate District 24 (2024); North Carolina,204327,17.3,29.4,27.8,11.0,1.1,48140
sldu,37025,37,025,State Senate District 25 (2024); North Carolina,222855,26.3,61.9,16.6,14.6,2.1,65428
sldu,37026,37,026,State Senate District 26 (2024); North Carolina,215027,29.0,66.1,18.8,7.4,2.4,73920
sldu,37027,37,027,State Senate District 27 (2024); North Carolina,212982,44.2,52.7,26.2,9.4,6.4,71539
sldu,37028,37,028,State Senate District 28 (2024); North Carolina,212062,34.2,29.4,48.5,12.1,5.2,56518
sldu,37029,37,029,State Senate District 29 (2024); North Carolina,222478,17.1,62.4,18.2,14.1,0.9,55585
sldu,37030,37,030,State Senate District 30 (2024); North Carolina,217076,22.8,77.2,8.2,8.8,1.4,65893
sldu,37031,37,031,State Senate District 31 (2024); North Carolina,224376,34.0,70.6,12.9,10.7,1.9,76270
sldu,37032,37,032,State Senate District 32 (2024); North Carolina,210740,38.7,42.9,32.5,17.4,2.3,56508
sldu,37033,37,033,State Senate District 33 (2024); North Carolina,214526,22.3,70.9,14.2,10.0,1.1,64487
sldu,37034,37,034,State Senate District 34 (2024); North Carolina,224286,36.7,57.2,18.8,13.2,5.7,87191
sldu,37035,37,035,State Senate District 35 (2024); North Carolina,231353,44.3,68.9,9.8,11.3,5.5,112142
sldu,37036,37,036,State Senate District 36 (2024); North Carolina,211346,18.1,83.4,3.5,9.7,0.6,56573
sldu,37037,37,037,State Senate District 37 (2024); North Carolina,230280,39.2,74.2,10.3,8.4,2.4,86317
sldu,37038,37,038,State Senate District 38 (2024); North Carolina,223741,50.5,41.3,37.5,10.2,6.8,89817
sldu,37039,37,039,State Senate District 39 (2024); North Carolina,236469,51.4,40.0,25.1,21.6,6.9,93345
sldu,37040,37,040,State Senate District 40 (2024); North Carolina,226850,32.7,25.2,39.0,26.3,5.8,63927
sldu,37041,37,041,State Senate District 41 (2024); North Carolina,224715,43.8,36.4,40.3,14.8,4.3,75866
sldu,37042,37,042,State Senate District 42 (2024); North Carolina,209170,64.3,69.3,9.1,7.9,8.5,124690
sldu,37043,37,043,State Senate District 43 (2024); North Carolina,218332,27.1,64.7,18.1,10.3,1.8,68024
sldu,37044,37,044,State Senate District 44 (2024); North Carolina,210256,24.6,77.1,11.5,6.2,0.8,66234
sldu,37045,37,045,State Senate District 45 (2024); North Carolina,222447,24.0,75.1,6.8,10.5,3.3,64890
sldu,37046,37,046,State Senate District 46 (2024); North Carolina,198883,24.8,82.2,4.1,7.9,1.9,61470
sldu,37047,37,047,State Senate District 47 (2024); North Carolina,207317,30.3,89.0,1.6,6.1,0.5,56869
sldu,37048,37,048,State Senate District 48 (2024); North Carolina,203305,31.8,80.6,4.4,10.0,0.9,62731
sldu,37049,37,049,State Senate District 49 (2024); North Carolina,208089,49.5,79.7,5.8,8.9,1.3,76288
sldu,37050,37,050,State Senate District 50 (2024); North Carolina,222250,29.9,84.6,1.9,5.9,0.6,58099
sldu,38001,38,001,State Senate District 1 (2024); North Dakota,15583,28.4,83.3,6.6,0.7,0.6,88811
sldu,38002,38,002,State Senate District 2 (2024); North Dakota,14488,22.2,83.1,0.6,8.3,0.4,95966
sldu,38003,38,003,State Senate District 3 (2024); North Dakota,15622,25.7,82.3,2.2,5.9,2.2,81476
sldu,38004,38,004,State Senate District 4 (2024); North Dakota,15256,23.6,60.8,1.1,5.3,0.9,73279
sldu,38005,38,005,State Senate District 5 (2024); North Dakota,16629,30.9,82.3,3.5,5.7,1.6,69742
sldu,38006,38,006,State Senate District 6 (2024); North Dakota,17675,25.9,92.4,0.3,1.9,0.5,80830
sldu,38007,38,007,State Senate District 7 (2024); North Dakota,17402,45.6,90.4,1.0,1.0,2.0,99357
sldu,38008,38,008,State Senate District 8 (2024); North Dakota,18000,32.0,90.6,0.1,3.5,0.1,102983
sldu,38009,38,009,State Senate District 9 (2024); North Dakota,17058,19.3,23.6,0.2,1.4,0.7,62684
sldu,38010,38,010,State Senate District 10 (2024); North Dakota,18857,41.6,68.4,16.5,1.9,7.8,58148
sldu,38011,38,011,State Senate District 11 (2024); North Dakota,17151,37.9,80.4,8.6,3.2,1.7,61308
sldu,38012,38,012,State Senate District 12 (2024); North Dakota,15271,24.8,87.6,3.3,4.3,0.8,56592
sldu,38013,38,013,State Senate District 13 (2024); North Dakota,17635,35.4,82.5,6.4,5.6,1.3,80974
sldu,38014,38,014,State Senate District 14 (2024); North Dakota,15825,24.6,92.7,0.2,2.0,0.2,60132
sldu,38015,38,015,State Senate District 15 (2024); North Dakota,16592,24.9,83.3,0.5,3.1,0.6,62121
sldu,38016,38,016,State Senate District 16 (2024); North Dakota,16233,51.0,82.5,5.5,1.1,3.3,89817
sldu,38017,38,017,State Senate District 17 (2024); North Dakota,16289,49.3,87.2,2.7,2.6,1.6,102205
sldu,38018,38,018,State Senate District 18 (2024); North Dakota,16065,31.5,76.2,3.3,9.1,2.1,64027
sldu,38019,38,019,State Senate District 19 (2024); North Dakota,17116,21.7,83.8,0.9,9.5,0.8,70246
sldu,38020,38,020,State Senate District 20 (2024); North Dakota,16967,30.5,91.3,1.1,2.7,0.4,90689
sldu,38021,38,021,State Senate District 21 (2024); North Dakota,17489,27.5,77.2,6.1,6.7,2.8,56611
sldu,38022,38,022,State Senate District 22 (2024); North Dakota,16974,41.3,90.6,2.3,3.1,0.5,110343
sldu,38023,38,023,State Senate District 23 (2024); North Dakota,16776,21.8,66.1,4.8,19.3,2.3,81375
sldu,38024,38,024,State Senate District 24 (2024); North Dakota,16416,28.0,90.2,0.5,2.3,1.5,70756
sldu,38025,38,025,State Senate District 25 (2024); North Dakota,16642,24.9,88.8,0.8,3.7,0.8,75417
sldu,38026,38,026,State Senate District 26 (2024); North Dakota,16099,19.0,79.7,1.7,10.5,1.1,97574
sldu,38027,38,027,State Senate District 27 (2024); North Dakota,18767,52.1,86.3,4.4,3.9,1.0,111491
sldu,38028,38,028,State Senate District 28 (2024); North Dakota,17115,24.0,91.7,0.8,3.2,0.6,72219
sldu,38029,38,029,State Senate District 29 (2024); North Dakota,16701,28.4,93.6,0.3,1.6,0.6,79186
sldu,38030,38,030,State Senate District 30 (2024); North Dakota,15984,37.2,81.7,2.1,3.5,0.2,93075
sldu,38031,38,031,State Senate District 31 (2024); North Dakota,15065,26.4,66.1,2.4,2.9,0.5,64167
sldu,38032,38,032,State Senate District 32 (2024); North Dakota,17642,31.2,80.7,1.2,3.4,2.1,66064
sldu,38033,38,033,State Senate District 33 (2024); North Dakota,17816,24.5,92.2,0.1,4.1,0.3,88576
sldu,38034,38,034,State Senate District 34 (2024); North Dakota,18172,29.7,87.5,1.1,3.8,0.2,75855
sldu,38035,38,035,State Senate District 35 (2024); North Dakota,18323,35.2,81.3,5.8,4.5,0.5,74188
sldu,38036,38,036,State Senate District 36 (2024); North Dakota,15064,23.0,85.4,1.2,8.8,1.5,82591
sldu,38037,38,037,State Senate District 37 (2024); North Dakota,16126,35.2,83.8,3.7,6.4,0.9,81792
sldu,38038,38,038,State Senate District 38 (2024); North Dakota,16296,29.0,76.9,4.2,9.6,1.5,82131
sldu,38039,38,039,State Senate District 39 (2024); North Dakota,15706,26.9,90.8,0.2,2.1,0.3,85134
sldu,38040,38,040,State Senate District 40 (2024); North Dakota,15756,35.1,76.3,7.0,8.9,1.0,79256
sldu,38041,38,041,State Senate District 41 (2024); North Dakota,17159,46.3,81.3,6.4,3.4,3.9,86472
sldu,38042,38,042,State Senate District 42 (2024); North Dakota,16889,39.0,78.1,2.6,6.2,5.9,62676
sldu,38043,38,043,State Senate District 43 (2024); North Dakota,15359,35.7,77.8,7.7,5.6,2.7,56788
sldu,38044,38,044,State Senate District 44 (2024); North Dakota,18698,48.6,84.0,4.6,3.4,4.4,50964
sldu,38045,38,045,State Senate District 45 (2024); North Dakota,17225,48.7,87.9,1.7,4.0,2.3,93074
sldu,38046,38,046,State Senate District 46 (2024); North Dakota,17212,43.0,72.9,13.6,3.2,5.6,77682
sldu,38047,38,047,State Senate District 47 (2024); North Dakota,15656,53.2,85.6,0.9,4.1,0.9,103383
sldu,39001,39,001,State Senate District 1 (2024); Ohio,347534,21.5,88.9,1.0,6.6,0.7,70836
sldu,39002,39,002,State Senate District 2 (2024); Ohio,342874,36.4,84.8,3.6,5.4,1.9,80456
sldu,39003,39,003,State Senate District 3 (2024); Ohio,367226,26.8,70.5,16.8,5.6,1.8,74426
sldu,39004,39,004,State Senate District 4 (2024); Ohio,371037,33.6,73.4,8.7,7.2,4.6,81666
sldu,39005,39,005,State Senate District 5 (2024); Ohio,354217,25.1,83.7,7.7,2.3,1.4,74581
sldu,39006,39,006,State Senate District 6 (2024); Ohio,370157,33.4,64.6,22.8,4.9,2.5,63170
sldu,39007,39,007,State Senate District 7 (2024); Ohio,373875,47.0,75.6,8.1,4.7,6.8,103934
sldu,39008,39,008,State Senate District 8 (2024); Ohio,357345,39.1,73.0,16.2,2.9,1.8,86666
sldu,39009,39,009,State Senate District 9 (2024); Ohio,349562,41.8,51.0,33.9,5.9,2.4,54306
sldu,39010,39,010,State Senate District 10 (2024); Ohio,346858,30.5,82.7,6.2,3.6,1.7,74599
sldu,39011,39,011,State Senate District 11 (2024); Ohio,338964,24.4,61.1,23.0,8.8,1.4,55416
sldu,39012,39,012,State Senate District 12 (2024); Ohio,343602,20.1,88.8,3.8,2.5,0.6,71001
sldu,39013,39,013,State Senate District 13 (2024); Ohio,368267,27.0,77.1,6.3,10.6,1.2,72399
sldu,39014,39,014,State Senate District 14 (2024); Ohio,355193,25.6,91.8,1.5,2.1,0.9,72425
sldu,39015,39,015,State Senate District 15 (2024); Ohio,357268,30.2,40.0,42.1,8.3,3.3,55375
sldu,39016,39,016,State Senate District 16 (2024); Ohio,363003,59.3,71.1,8.8,5.1,9.4,101966
sldu,39017,39,017,State Senate District 17 (2024); Ohio,348509,16.6,92.7,2.2,1.2,0.5,60035
sldu,39018,39,018,State Senate District 18 (2024); Ohio,369186,38.5,79.6,7.8,4.6,3.3,86734
sldu,39019,39,019,State Senate District 19 (2024); Ohio,371138,43.9,85.2,2.9,2.7,5.4,103272
sldu,39020,39,020,State Senate District 20 (2024); Ohio,367211,30.0,83.9,6.2,2.5,3.2,86524
sldu,39021,39,021,State Senate District 21 (2024); Ohio,367596,34.8,32.3,57.9,2.9,2.0,55687
sldu,39022,39,022,State Senate District 22 (2024); Ohio,361015,28.0,89.1,3.1,2.4,0.8,76735
sldu,39023,39,023,State Senate District 23 (2024); Ohio,369032,38.6,54.8,27.3,9.7,3.4,54666
sldu,39024,39,024,State Senate District 24 (2024); Ohio,372275,31.1,76.5,6.2,9.7,3.4,73706
sldu,39025,39,025,State Senate District 25 (2024); Ohio,350105,45.8,58.9,19.4,9.5,6.4,76099
sldu,39026,39,026,State Senate District 26 (2024); Ohio,344605,22.0,87.6,2.3,4.7,1.4,70449
sldu,39027,39,027,State Senate District 27 (2024); Ohio,369868,38.8,83.9,6.3,2.0,3.3,82933
sldu,39028,39,028,State Senate District 28 (2024); Ohio,353420,32.8,69.5,16.8,3.2,4.2,64734
sldu,39029,39,029,State Senate District 29 (2024); Ohio,352877,26.5,83.1,7.4,3.2,0.9,67622
sldu,39030,39,030,State Senate District 30 (2024); Ohio,338214,20.7,91.2,2.6,1.5,0.8,57920
sldu,39031,39,031,State Senate District 31 (2024); Ohio,344297,21.2,92.0,1.6,2.6,0.6,66477
sldu,39032,39,032,State Senate District 32 (2024); Ohio,370109,22.2,86.8,5.5,2.9,0.5,62264
sldu,39033,39,033,State Senate District 33 (2024); Ohio,353854,23.3,80.5,9.3,5.0,0.6,57975
sldu,40001,40,001,State Senate District 1 (2024); Oklahoma,81211,16.8,63.8,1.2,4.4,0.9,53947
sldu,40002,40,002,State Senate District 2 (2024); Oklahoma,86832,28.2,68.2,1.3,7.4,2.1,82381
sldu,40003,40,003,State Senate District 3 (2024); Oklahoma,84745,23.6,62.7,2.0,5.7,0.8,69928
sldu,40004,40,004,State Senate District 4 (2024); Oklahoma,82296,17.2,54.4,1.0,5.1,1.3,52204
sldu,40005,40,005,State Senate District 5 (2024); Oklahoma,82943,15.8,64.8,3.9,7.5,0.8,51920
sldu,40006,40,006,State Senate District 6 (2024); Oklahoma,86520,21.8,66.1,3.7,6.5,0.6,52852
sldu,40007,40,007,State Senate District 7 (2024); Oklahoma,83375,17.4,65.2,1.8,5.5,0.7,51478
sldu,40008,40,008,State Senate District 8 (2024); Oklahoma,81892,16.4,62.6,5.3,4.1,0.7,51480
sldu,40009,40,009,State Senate District 9 (2024); Oklahoma,81533,23.0,49.2,8.0,8.7,0.7,52745
sldu,40010,40,010,State Senate District 10 (2024); Oklahoma,83229,21.7,69.7,1.8,6.5,0.5,64217
sldu,40011,40,011,State Senate District 11 (2024); Oklahoma,78910,17.8,28.9,31.3,26.4,1.0,43523
sldu,40012,40,012,State Senate District 12 (2024); Oklahoma,84311,20.9,73.0,1.9,5.4,0.8,69162
sldu,40013,40,013,State Senate District 13 (2024); Oklahoma,83900,23.5,65.4,2.4,7.8,0.8,60843
sldu,40014,40,014,State Senate District 14 (2024); Oklahoma,82893,19.3,65.7,4.0,9.7,0.9,58577
sldu,40015,40,015,State Senate District 15 (2024); Oklahoma,84276,38.4,73.0,2.9,8.9,2.8,94151
sldu,40016,40,016,State Senate District 16 (2024); Oklahoma,85058,44.6,67.1,5.4,9.3,4.5,56341
sldu,40017,40,017,State Senate District 17 (2024); Oklahoma,84491,22.2,71.5,2.7,6.2,1.0,66267
sldu,40018,40,018,State Senate District 18 (2024); Oklahoma,87548,31.7,65.5,6.7,13.3,4.0,77443
sldu,40019,40,019,State Senate District 19 (2024); Oklahoma,80179,22.1,72.4,2.1,13.4,1.0,65151
sldu,40020,40,020,State Senate District 20 (2024); Oklahoma,82771,28.2,74.4,3.8,8.7,0.9,75009
sldu,40021,40,021,State Senate District 21 (2024); Oklahoma,84996,35.2,73.6,3.4,6.4,3.7,46955
sldu,40022,40,022,State Senate District 22 (2024); Oklahoma,93068,47.7,64.6,8.9,10.4,5.3,104646
sldu,40023,40,023,State Senate District 23 (2024); Oklahoma,90665,23.7,73.3,2.4,11.6,0.7,77619
sldu,40024,40,024,State Senate District 24 (2024); Oklahoma,85166,30.8,63.5,5.1,13.7,5.7,82595
sldu,40025,40,025,State Senate District 25 (2024); Oklahoma,87252,42.9,64.4,5.5,10.1,5.5,87232
sldu,40026,40,026,State Senate District 26 (2024); Oklahoma,79500,22.9,63.8,3.0,16.6,0.6,60672
sldu,40027,40,027,State Senate District 27 (2024); Oklahoma,79007,23.3,66.5,2.1,24.1,0.5,61298
sldu,40028,40,028,State Senate District 28 (2024); Oklahoma,82598,19.6,73.5,2.2,5.4,0.6,63594
sldu,40029,40,029,State Senate District 29 (2024); Oklahoma,82370,26.7,69.2,1.9,5.6,1.8,63046
sldu,40030,40,030,State Senate District 30 (2024); Oklahoma,81480,25.7,43.0,9.2,36.5,2.1,50715
sldu,40031,40,031,State Senate District 31 (2024); Oklahoma,80799,20.6,64.7,8.7,11.3,1.3,63550
sldu,40032,40,032,State Senate District 32 (2024); Oklahoma,83426,25.6,54.6,12.5,15.4,2.9,59149
sldu,40033,40,033,State Senate District 33 (2024); Oklahoma,83267,35.1,62.9,7.2,11.8,4.7,83505
sldu,40034,40,034,State Senate District 34 (2024); Oklahoma,86289,21.8,48.4,8.1,27.0,3.3,60986
sldu,40035,40,035,State Senate District 35 (2024); Oklahoma,85952,46.4,67.1,6.1,12.8,1.9,73298
sldu,40036,40,036,State Senate District 36 (2024); Oklahoma,84380,30.9,55.0,7.1,20.6,4.7,78217
sldu,40037,40,037,State Senate District 37 (2024); Oklahoma,84120,33.3,58.5,7.5,10.7,6.6,64848
sldu,40038,40,038,State Senate District 38 (2024); Oklahoma,80829,18.2,69.0,4.8,18.1,1.0,56468
sldu,40039,40,039,State Senate District 39 (2024); Oklahoma,82870,45.9,63.1,9.3,11.0,3.2,68045
sldu,40040,40,040,State Senate District 40 (2024); Oklahoma,81838,44.7,60.6,11.9,11.2,4.1,69976
sldu,40041,40,041,State Senate District 41 (2024); Oklahoma,84998,61.7,76.8,4.8,5.0,3.6,117945
sldu,40042,40,042,State Senate District 42 (2024); Oklahoma,84827,28.9,65.4,11.6,8.2,2.0,72210
sldu,40043,40,043,State Senate District 43 (2024); Oklahoma,87873,24.1,75.0,2.0,9.5,0.5,72579
sldu,40044,40,044,State Senate District 44 (2024); Oklahoma,83834,11.1,25.7,6.4,59.3,2.1,48974
sldu,40045,40,045,State Senate District 45 (2024); Oklahoma,83938,28.7,56.8,7.0,20.0,5.2,69461
sldu,40046,40,046,State Senate District 46 (2024); Oklahoma,84277,23.7,42.1,15.5,28.2,3.1,52214
sldu,40047,40,047,State Senate District 47 (2024); Oklahoma,86647,55.9,61.3,13.4,7.9,6.8,94556
sldu,40048,40,048,State Senate District 48 (2024); Oklahoma,83455,28.4,31.4,45.0,11.8,1.8,49609
sldu,41001,41,001,State Senate District 1 (2024); Oregon,143740,20.6,83.5,0.2,6.8,0.8,61272
sldu,41002,41,002,State Senate District 2 (2024); Oregon,141125,20.7,82.4,0.4,9.4,0.9,65008
sldu,41003,41,003,State Senate District 3 (2024); Oregon,142483,37.7,76.2,0.7,14.7,1.1,72895
sldu,41004,41,004,State Senate District 4 (2024); Oregon,146454,37.7,76.0,1.2,11.6,3.2,60259
sldu,41005,41,005,State Senate District 5 (2024); Oregon,142504,27.7,81.7,0.6,8.2,1.2,66603
sldu,41006,41,006,State Senate District 6 (2024); Oregon,142469,22.6,84.4,0.2,7.1,1.1,80641
sldu,41007,41,007,State Senate District 7 (2024); Oregon,139435,35.7,75.6,1.4,12.2,2.7,76683
sldu,41008,41,008,State Senate District 8 (2024); Oregon,141961,43.7,76.0,1.0,11.9,4.9,76837
sldu,41009,41,009,State Senate District 9 (2024); Oregon,143012,24.6,72.4,0.8,18.6,1.3,86821
sldu,41010,41,010,State Senate District 10 (2024); Oregon,142337,36.7,68.4,1.2,19.1,3.3,85514
sldu,41011,41,011,State Senate District 11 (2024); Oregon,144660,18.5,49.3,1.0,41.4,1.6,66935
sldu,41012,41,012,State Senate District 12 (2024); Oregon,143265,28.1,74.3,0.8,15.9,1.5,86741
sldu,41013,41,013,State Senate District 13 (2024); Oregon,140813,49.6,71.1,1.5,12.7,6.7,104666
sldu,41014,41,014,State Senate District 14 (2024); Oregon,140905,59.2,69.1,2.3,13.5,6.5,101642
sldu,41015,41,015,State Senate District 15 (2024); Oregon,141889,37.7,54.9,2.3,27.5,8.3,100967
sldu,41016,41,016,State Senate District 16 (2024); Oregon,143912,26.8,82.3,0.8,8.4,1.5,82554
sldu,41017,41,017,State Senate District 17 (2024); Oregon,136924,67.1,61.0,2.7,9.0,19.5,104137
sldu,41018,41,018,State Senate District 18 (2024); Oregon,143950,44.1,53.6,3.1,21.4,13.4,110691
sldu,41019,41,019,State Senate District 19 (2024); Oregon,139016,64.6,72.9,1.3,10.8,7.1,129648
sldu,41020,41,020,State Senate District 20 (2024); Oregon,145937,34.6,73.0,1.7,10.9,6.9,94210
sldu,41021,41,021,State Senate District 21 (2024); Oregon,139087,59.7,77.1,1.8,9.2,4.3,91992
sldu,41022,41,022,State Senate District 22 (2024); Oregon,142302,56.8,63.2,9.3,13.1,4.4,97573
sldu,41023,41,023,State Senate District 23 (2024); Oregon,137447,49.3,65.5,4.8,11.1,10.1,95749
sldu,41024,41,024,State Senate District 24 (2024); Oregon,136029,26.0,56.1,6.6,16.4,12.4,73061
sldu,41025,41,025,State Senate District 25 (2024); Oregon,138379,23.3,60.3,4.8,21.3,5.1,77580
sldu,41026,41,026,State Senate District 26 (2024); Oregon,139104,30.5,75.6,0.4,16.1,1.3,93739
sldu,41027,41,027,State Senate District 27 (2024); Oregon,148935,48.7,82.2,0.4,10.0,1.1,95256
sldu,41028,41,028,State Senate District 28 (2024); Oregon,140770,24.7,77.6,0.5,13.1,0.7,66900
sldu,41029,41,029,State Senate District 29 (2024); Oregon,140907,20.5,67.0,0.7,23.0,0.7,67213
sldu,41030,41,030,State Senate District 30 (2024); Oregon,144542,22.8,76.5,0.7,15.6,0.6,72644
sldu,42001,42,001,State Senate District 1 (2024); Pennsylvania,236056,66.5,62.3,9.0,10.8,12.4,99463
sldu,42002,42,002,State Senate District 2 (2024); Pennsylvania,249042,17.4,23.5,23.2,40.1,8.1,50572
sldu,42003,42,003,State Senate District 3 (2024); Pennsylvania,264272,24.4,15.2,52.4,21.4,6.6,47440
sldu,42004,42,004,State Senate District 4 (2024); Pennsylvania,276093,44.5,38.0,48.7,5.2,3.1,77101
sldu,42005,42,005,State Senate District 5 (2024); Pennsylvania,258525,29.0,55.7,13.6,13.6,11.8,68039
sldu,42006,42,006,State Senate District 6 (2024); Pennsylvania,269469,43.1,77.6,3.8,7.1,6.8,111188
sldu,42007,42,007,State Senate District 7 (2024); Pennsylvania,267595,41.5,33.0,53.0,4.7,4.2,61126
sldu,42008,42,008,State Senate District 8 (2024); Pennsylvania,248744,29.6,26.5,56.2,5.5,6.9,52813
sldu,42009,42,009,State Senate District 9 (2024); Pennsylvania,255239,47.1,67.1,15.4,8.4,4.9,105887
sldu,42010,42,010,State Senate District 10 (2024); Pennsylvania,269886,48.8,79.4,4.3,6.5,4.5,122127
sldu,42011,42,011,State Senate District 11 (2024); Pennsylvania,264942,27.1,53.6,5.1,36.5,1.5,71088
sldu,42012,42,012,State Senate District 12 (2024); Pennsylvania,266500,54.2,73.8,5.2,6.0,11.0,119128
sldu,42013,42,013,State Senate District 13 (2024); Pennsylvania,264326,29.7,73.4,5.1,15.7,2.2,83718
sldu,42014,42,014,State Senate District 14 (2024); Pennsylvania,268849,26.6,55.9,6.3,32.6,1.9,70879
sldu,42015,42,015,State Senate District 15 (2024); Pennsylvania,262406,36.2,57.5,17.9,12.7,7.1,76979
sldu,42016,42,016,State Senate District 16 (2024); Pennsylvania,267764,42.8,80.3,2.6,9.5,3.9,108039
sldu,42017,42,017,State Senate District 17 (2024); Pennsylvania,261287,61.2,68.2,9.9,9.2,7.5,118274
sldu,42018,42,018,State Senate District 18 (2024); Pennsylvania,268865,35.6,67.7,6.9,18.0,3.4,86527
sldu,42019,42,019,State Senate District 19 (2024); Pennsylvania,259381,57.7,73.8,6.3,7.7,7.4,122450
sldu,42020,42,020,State Senate District 20 (2024); Pennsylvania,273132,26.0,84.7,3.7,7.4,0.8,70898
sldu,42021,42,021,State Senate District 21 (2024); Pennsylvania,256770,23.0,93.1,1.4,1.6,0.5,65242
sldu,42022,42,022,State Senate District 22 (2024); Pennsylvania,251559,28.9,73.5,4.7,14.6,3.0,62481
sldu,42023,42,023,State Senate District 23 (2024); Pennsylvania,262636,23.6,90.3,3.0,2.5,0.9,65604
sldu,42024,42,024,State Senate District 24 (2024); Pennsylvania,268047,40.4,80.4,6.4,5.1,4.1,104993
sldu,42025,42,025,State Senate District 25 (2024); Pennsylvania,266616,27.5,89.6,2.0,2.6,2.2,65012
sldu,42026,42,026,State Senate District 26 (2024); Pennsylvania,255194,40.8,62.9,18.9,5.6,8.1,89335
sldu,42027,42,027,State Senate District 27 (2024); Pennsylvania,260968,25.3,90.0,1.8,4.3,1.1,67546
sldu,42028,42,028,State Senate District 28 (2024); Pennsylvania,266284,28.4,84.3,3.8,5.9,1.5,88234
sldu,42029,42,029,State Senate District 29 (2024); Pennsylvania,268077,18.8,79.1,2.1,15.5,0.5,64729
sldu,42030,42,030,State Senate District 30 (2024); Pennsylvania,248881,20.5,91.6,2.1,2.0,0.5,63983
sldu,42031,42,031,State Senate District 31 (2024); Pennsylvania,264837,30.7,73.7,7.7,12.6,1.8,82188
sldu,42032,42,032,State Senate District 32 (2024); Pennsylvania,250672,18.2,91.5,2.9,1.4,0.5,59401
sldu,42033,42,033,State Senate District 33 (2024); Pennsylvania,263494,25.1,85.3,2.5,7.6,1.0,79124
sldu,42034,42,034,State Senate District 34 (2024); Pennsylvania,273552,33.6,84.1,2.8,4.0,4.9,84313
sldu,42035,42,035,State Senate District 35 (2024); Pennsylvania,257727,28.8,88.9,2.5,2.5,2.0,62845
sldu,42036,42,036,State Senate District 36 (2024); Pennsylvania,271388,36.2,83.4,2.0,8.2,2.8,89828
sldu,42037,42,037,State Senate District 37 (2024); Pennsylvania,246283,55.1,85.4,2.5,2.1,5.8,113595
sldu,42038,42,038,State Senate District 38 (2024); Pennsylvania,249269,51.5,84.2,6.3,2.5,3.3,93123
sldu,42039,42,039,State Senate District 39 (2024); Pennsylvania,260647,35.7,91.7,2.2,1.6,1.1,77934
sldu,42040,42,040,State Senate District 40 (2024); Pennsylvania,256302,26.9,69.8,9.3,13.7,1.9,75759
sldu,42041,42,041,State Senate District 41 (2024); Pennsylvania,252247,23.4,92.4,2.2,1.6,0.5,62834
sldu,42042,42,042,State Senate District 42 (2024); Pennsylvania,248399,44.7,73.8,14.1,3.1,3.6,74154
sldu,42043,42,043,State Senate District 43 (2024); Pennsylvania,248830,47.5,59.6,23.9,4.7,6.0,62212
sldu,42044,42,044,State Senate District 44 (2024); Pennsylvania,271263,54.1,77.9,3.9,5.7,8.2,124225
sldu,42045,42,045,State Senate District 45 (2024); Pennsylvania,245396,30.0,74.6,14.9,2.5,2.9,63420
sldu,42046,42,046,State Senate District 46 (2024); Pennsylvania,250408,31.2,89.9,3.0,2.0,1.1,77505
sldu,42047,42,047,State Senate District 47 (2024); Pennsylvania,257130,37.3,88.0,4.4,2.3,1.2,80704
sldu,42048,42,048,State Senate District 48 (2024); Pennsylvania,271579,25.2,83.1,1.8,11.1,1.1,85409
sldu,42049,42,049,State Senate District 49 (2024); Pennsylvania,260197,30.6,81.4,7.2,4.9,2.2,63777
sldu,42050,42,050,State Senate District 50 (2024); Pennsylvania,261614,23.7,89.5,3.9,1.8,0.5,60051
sldu,44001,44,001,State Senate District 1 (2024); Rhode Island,28088,26.1,36.5,11.6,37.9,6.9,54477
sldu,44002,44,002,State Senate District 2 (2024); Rhode Island,27261,23.5,8.9,9.0,73.6,3.9,52351
sldu,44003,44,003,State Senate District 3 (2024); Rhode Island,27837,81.8,65.8,3.8,6.8,16.2,101686
sldu,44004,44,004,State Senate District 4 (2024); Rhode Island,30203,37.2,58.6,9.4,19.8,5.0,77285
sldu,44005,44,005,State Senate District 5 (2024); Rhode Island,33292,34.8,41.0,11.0,40.6,2.4,80154
sldu,44006,44,006,State Senate District 6 (2024); Rhode Island,29061,28.6,23.1,15.0,50.7,6.8,53441
sldu,44007,44,007,State Senate District 7 (2024); Rhode Island,31957,13.3,18.7,10.2,65.2,3.3,65417
sldu,44008,44,008,State Senate District 8 (2024); Rhode Island,28920,19.3,47.6,12.5,26.7,0.2,75538
sldu,44009,44,009,State Senate District 9 (2024); Rhode Island,29117,27.0,82.0,1.9,9.9,2.0,76471
sldu,44010,44,010,State Senate District 10 (2024); Rhode Island,28718,38.9,91.8,1.2,3.8,0.6,98912
sldu,44011,44,011,State Senate District 11 (2024); Rhode Island,28026,58.2,86.6,1.1,5.4,1.6,103719
sldu,44012,44,012,State Senate District 12 (2024); Rhode Island,29224,49.8,81.9,3.7,5.8,2.3,109103
sldu,44013,44,013,State Senate District 13 (2024); Rhode Island,27542,59.2,76.8,5.0,9.4,1.4,90657
sldu,44014,44,014,State Senate District 14 (2024); Rhode Island,26726,29.7,69.8,7.4,11.2,2.4,72379
sldu,44015,44,015,State Senate District 15 (2024); Rhode Island,28280,35.4,46.9,9.8,27.7,1.6,74375
sldu,44016,44,016,State Senate District 16 (2024); Rhode Island,28804,12.3,19.8,9.8,61.3,0.1,47222
sldu,44017,44,017,State Senate District 17 (2024); Rhode Island,28145,42.2,84.4,0.4,5.6,3.1,112017
sldu,44018,44,018,State Senate District 18 (2024); Rhode Island,31027,27.7,62.4,7.4,14.4,2.8,73128
sldu,44019,44,019,State Senate District 19 (2024); Rhode Island,30462,41.6,82.8,4.0,6.1,2.3,108661
sldu,44020,44,020,State Senate District 20 (2024); Rhode Island,27339,32.3,61.6,3.7,17.3,10.4,89701
sldu,44021,44,021,State Senate District 21 (2024); Rhode Island,28811,34.7,89.9,0.7,2.6,0.6,121279
sldu,44022,44,022,State Senate District 22 (2024); Rhode Island,30219,39.6,81.2,4.3,8.9,1.9,101472
sldu,44023,44,023,State Senate District 23 (2024); Rhode Island,29802,30.6,93.0,0.4,3.2,0.6,116040
sldu,44024,44,024,State Senate District 24 (2024); Rhode Island,27609,18.5,55.4,6.3,24.3,4.4,55077
sldu,44025,44,025,State Senate District 25 (2024); Rhode Island,27832,29.5,76.4,4.1,12.2,1.3,93576
sldu,44026,44,026,State Senate District 26 (2024); Rhode Island,27709,39.6,62.6,5.4,20.1,8.7,87994
sldu,44027,44,027,State Senate District 27 (2024); Rhode Island,31218,34.5,70.5,5.3,15.9,4.3,94701
sldu,44028,44,028,State Senate District 28 (2024); Rhode Island,31341,31.4,55.3,5.6,29.0,5.7,81299
sldu,44029,44,029,State Senate District 29 (2024); Rhode Island,27917,24.7,81.3,3.5,6.5,3.6,85864
sldu,44030,44,030,State Senate District 30 (2024); Rhode Island,29862,38.6,84.3,1.5,5.8,4.4,91497
sldu,44031,44,031,State Senate District 31 (2024); Rhode Island,28005,37.4,78.1,3.0,9.9,2.7,94505
sldu,44032,44,032,State Senate District 32 (2024); Rhode Island,27766,59.1,86.0,0.9,3.5,4.3,129805
sldu,44033,44,033,State Senate District 33 (2024); Rhode Island,27068,29.7,88.5,0.5,5.5,0.7,95000
sldu,44034,44,034,State Senate District 34 (2024); Rhode Island,30122,41.9,90.3,0.5,4.3,0.2,109063
sldu,44035,44,035,State Senate District 35 (2024); Rhode Island,30646,62.3,85.5,0.8,3.0,6.2,147685
sldu,44036,44,036,State Senate District 36 (2024); Rhode Island,29192,61.6,91.3,0.8,3.7,1.2,103982
sldu,44037,44,037,State Senate District 37 (2024); Rhode Island,28178,58.8,83.3,3.4,6.0,3.8,106596
sldu,44038,44,038,State Senate District 38 (2024); Rhode Island,28475,47.2,90.8,0.6,2.5,2.3,102318
sldu,45001,45,001,State Senate District 1 (2024); South Carolina,111833,33.9,81.2,6.0,5.7,1.9,59895
sldu,45002,45,002,State Senate District 2 (2024); South Carolina,120161,22.7,77.9,7.0,10.2,0.7,60932
sldu,45003,45,003,State Senate District 3 (2024); South Carolina,123246,34.7,80.5,8.6,4.2,1.4,80034
sldu,45004,45,004,State Senate District 4 (2024); South Carolina,111652,16.0,67.6,21.5,5.6,0.5,50964
sldu,45005,45,005,State Senate District 5 (2024); South Carolina,116492,32.9,78.7,7.5,8.1,1.2,76265
sldu,45006,45,006,State Senate District 6 (2024); South Carolina,114359,47.5,71.4,8.8,11.7,3.0,76438
sldu,45007,45,007,State Senate District 7 (2024); South Carolina,112969,30.1,44.2,32.9,16.1,1.2,58991
sldu,45008,45,008,State Senate District 8 (2024); South Carolina,119367,49.9,71.1,12.7,8.0,3.0,89641
sldu,45009,45,009,State Senate District 9 (2024); South Carolina,119592,23.6,64.6,21.7,7.2,1.1,63594
sldu,45010,45,010,State Senate District 10 (2024); South Carolina,115708,34.1,67.7,21.6,5.9,1.7,68510
sldu,45011,45,011,State Senate District 11 (2024); South Carolina,122552,20.1,60.1,23.7,10.1,2.6,58452
sldu,45012,45,012,State Senate District 12 (2024); South Carolina,125046,34.9,60.0,19.1,12.5,4.1,76893
sldu,45013,45,013,State Senate District 13 (2024); South Carolina,119537,32.7,72.8,15.0,5.4,1.9,75136
sldu,45014,45,014,State Senate District 14 (2024); South Carolina,112014,19.3,75.3,14.2,5.0,0.5,60147
sldu,45015,45,015,State Senate District 15 (2024); South Carolina,118670,35.9,69.8,16.0,7.1,1.7,85633
sldu,45016,45,016,State Senate District 16 (2024); South Carolina,128155,55.8,68.2,10.6,9.7,6.5,120456
sldu,45017,45,017,State Senate District 17 (2024); South Carolina,115823,22.2,50.7,39.2,4.6,0.8,60170
sldu,45018,45,018,State Senate District 18 (2024); South Carolina,115232,41.8,71.9,17.3,5.3,2.1,84896
sldu,45019,45,019,State Senate District 19 (2024); South Carolina,110011,31.8,25.6,63.4,5.2,2.0,56648
sldu,45020,45,020,State Senate District 20 (2024); South Carolina,108506,54.9,69.7,17.9,5.9,2.1,88367
sldu,45021,45,021,State Senate District 21 (2024); South Carolina,109496,35.3,36.2,51.4,5.9,2.0,51876
sldu,45022,45,022,State Senate District 22 (2024); South Carolina,113553,48.1,40.3,44.2,7.4,3.7,78933
sldu,45023,45,023,State Senate District 23 (2024); South Carolina,122821,23.8,68.3,14.6,9.9,2.1,73321
sldu,45024,45,024,State Senate District 24 (2024); South Carolina,115632,36.7,65.2,23.9,5.6,0.9,75637
sldu,45025,45,025,State Senate District 25 (2024); South Carolina,115563,23.8,61.1,23.4,10.1,0.7,68744
sldu,45026,45,026,State Senate District 26 (2024); South Carolina,108093,36.9,58.6,26.4,7.8,3.0,57797
sldu,45027,45,027,State Senate District 27 (2024); South Carolina,119904,17.7,65.8,24.7,5.4,0.3,58999
sldu,45028,45,028,State Senate District 28 (2024); South Carolina,114462,27.9,77.1,11.5,6.0,1.5,68309
sldu,45029,45,029,State Senate District 29 (2024); South Carolina,110708,16.5,45.8,46.1,2.4,0.5,43925
sldu,45030,45,030,State Senate District 30 (2024); South Carolina,111538,14.9,45.0,48.3,2.5,0.3,45894
sldu,45031,45,031,State Senate District 31 (2024); South Carolina,105345,26.8,56.7,34.4,4.0,2.1,63773
sldu,45032,45,032,State Senate District 32 (2024); South Carolina,105511,17.7,44.3,48.8,3.8,0.5,50458
sldu,45033,45,033,State Senate District 33 (2024); South Carolina,124662,29.1,70.3,14.2,9.2,1.4,65368
sldu,45034,45,034,State Senate District 34 (2024); South Carolina,128675,33.5,83.6,4.3,7.0,1.1,74237
sldu,45035,45,035,State Senate District 35 (2024); South Carolina,120201,27.0,48.5,37.1,8.2,1.8,63051
sldu,45036,45,036,State Senate District 36 (2024); South Carolina,104134,20.4,45.3,46.4,3.6,1.2,54490
sldu,45037,45,037,State Senate District 37 (2024); South Carolina,110726,39.8,67.7,20.6,5.5,1.7,91887
sldu,45038,45,038,State Senate District 38 (2024); South Carolina,111400,30.1,64.4,21.2,7.2,1.7,81295
sldu,45039,45,039,State Senate District 39 (2024); South Carolina,116983,26.2,49.0,35.0,8.5,2.1,69573
sldu,45040,45,040,State Senate District 40 (2024); South Carolina,105742,18.8,44.2,47.5,4.1,0.6,47567
sldu,45041,45,041,State Senate District 41 (2024); South Carolina,109072,40.0,62.0,22.4,8.4,1.9,88152
sldu,45042,45,042,State Senate District 42 (2024); South Carolina,112728,27.6,35.4,45.0,13.1,2.4,59823
sldu,45043,45,043,State Senate District 43 (2024); South Carolina,120661,57.8,78.8,11.8,5.3,1.4,109079
sldu,45044,45,044,State Senate District 44 (2024); South Carolina,111075,42.4,68.2,15.2,9.0,2.9,89825
sldu,45045,45,045,State Senate District 45 (2024); South Carolina,108287,22.1,43.9,42.4,9.1,0.6,56983
sldu,45046,45,046,State Senate District 46 (2024); South Carolina,118328,51.8,75.1,6.3,14.0,1.1,95353
sldu,46001,46,001,State Senate District 1 (2024); South Dakota,26651,23.1,75.7,0.2,3.4,1.0,73861
sldu,46002,46,002,State Senate District 2 (2024); South Dakota,27974,42.3,80.9,8.7,5.0,0.9,107215
sldu,46003,46,003,State Senate District 3 (2024); South Dakota,26214,35.9,83.2,1.5,5.6,3.0,64838
sldu,46004,46,004,State Senate District 4 (2024); South Dakota,26630,23.6,91.5,0.3,4.9,0.5,79149
sldu,46005,46,005,State Senate District 5 (2024); South Dakota,25749,21.7,89.7,0.8,3.5,0.6,72322
sldu,46006,46,006,State Senate District 6 (2024); South Dakota,27592,43.4,89.0,2.0,3.7,1.1,107326
sldu,46007,46,007,State Senate District 7 (2024); South Dakota,27595,46.8,86.6,1.2,4.1,4.0,66230
sldu,46008,46,008,State Senate District 8 (2024); South Dakota,26132,29.7,90.4,0.5,4.7,0.6,78192
sldu,46009,46,009,State Senate District 9 (2024); South Dakota,29191,34.6,79.2,7.4,5.3,2.1,84282
sldu,46010,46,010,State Senate District 10 (2024); South Dakota,26777,32.2,70.1,9.9,9.6,2.5,70320
sldu,46011,46,011,State Senate District 11 (2024); South Dakota,27159,32.0,81.0,2.8,10.2,1.5,84278
sldu,46012,46,012,State Senate District 12 (2024); South Dakota,26963,44.6,83.4,3.7,5.0,2.4,70510
sldu,46013,46,013,State Senate District 13 (2024); South Dakota,26193,50.8,85.8,4.5,2.6,2.8,93065
sldu,46014,46,014,State Senate District 14 (2024); South Dakota,24402,45.3,85.9,2.7,3.7,1.8,86340
sldu,46015,46,015,State Senate District 15 (2024); South Dakota,26070,23.8,65.7,10.7,8.3,1.2,55023
sldu,46016,46,016,State Senate District 16 (2024); South Dakota,25061,24.7,91.9,0.2,3.3,0.3,79825
sldu,46017,46,017,State Senate District 17 (2024); South Dakota,27018,43.6,85.4,1.6,4.7,2.2,76756
sldu,46018,46,018,State Senate District 18 (2024); South Dakota,24213,31.2,87.1,1.5,5.7,0.3,72660
sldu,46019,46,019,State Senate District 19 (2024); South Dakota,24172,25.5,90.1,0.9,2.6,0.1,76901
sldu,46020,46,020,State Senate District 20 (2024); South Dakota,24250,22.3,88.5,0.5,5.2,0.4,68057
sldu,46021,46,021,State Senate District 21 (2024); South Dakota,24378,22.6,76.9,0.5,2.8,0.5,65719
sldu,46022,46,022,State Senate District 22 (2024); South Dakota,25985,27.2,74.5,1.1,11.7,7.3,68110
sldu,46023,46,023,State Senate District 23 (2024); South Dakota,23837,28.8,87.4,0.7,1.9,1.1,70116
sldu,46024,46,024,State Senate District 24 (2024); South Dakota,25032,34.6,82.6,0.4,2.6,0.5,80232
sldu,46025,46,025,State Senate District 25 (2024); South Dakota,25806,32.9,85.5,0.6,4.7,0.6,95131
sldu,46026,46,026,State Senate District 26 (2024); South Dakota,23092,21.6,39.0,0.3,2.0,1.2,55202
sldu,46027,46,027,State Senate District 27 (2024); South Dakota,23276,14.5,26.8,0.2,2.9,0.3,47580
sldu,46028,46,028,State Senate District 28 (2024); South Dakota,26213,20.3,61.3,0.2,2.3,0.3,64910
sldu,46029,46,029,State Senate District 29 (2024); South Dakota,25540,27.4,83.8,1.9,5.5,0.5,72100
sldu,46030,46,030,State Senate District 30 (2024); South Dakota,26413,31.7,84.2,0.5,3.3,1.5,82504
sldu,46031,46,031,State Senate District 31 (2024); South Dakota,27233,32.9,88.8,0.3,3.9,0.4,73384
sldu,46032,46,032,State Senate District 32 (2024); South Dakota,25253,24.6,67.4,1.8,6.8,1.4,50087
sldu,46033,46,033,State Senate District 33 (2024); South Dakota,26749,38.9,85.9,0.3,3.6,1.2,91328
sldu,46034,46,034,State Senate District 34 (2024); South Dakota,25888,49.2,82.4,1.1,6.0,0.7,81105
sldu,46035,46,035,State Senate District 35 (2024); South Dakota,26727,26.1,75.0,1.3,6.4,1.5,73133
sldu,47001,47,001,State Senate District 1 (2024); Tennessee,209135,21.4,83.6,3.4,6.8,0.9,62937
sldu,47002,47,002,State Senate District 2 (2024); Tennessee,209075,24.7,88.3,2.2,4.4,0.6,72138
sldu,47003,47,003,State Senate District 3 (2024); Tennessee,211169,28.9,87.9,3.2,4.1,1.0,57770
sldu,47004,47,004,State Senate District 4 (2024); Tennessee,218588,24.0,92.1,1.8,2.5,0.7,58167
sldu,47005,47,005,State Senate District 5 (2024); Tennessee,210629,30.6,82.0,4.5,7.7,1.4,71806
sldu,47006,47,006,State Senate District 6 (2024); Tennessee,211420,39.9,79.4,9.6,5.0,2.2,74001
sldu,47007,47,007,State Senate District 7 (2024); Tennessee,209832,44.2,80.2,6.1,6.6,2.6,76365
sldu,47008,47,008,State Senate District 8 (2024); Tennessee,217024,19.6,89.3,1.1,5.8,0.8,59843
sldu,47009,47,009,State Senate District 9 (2024); Tennessee,215373,18.0,86.5,2.0,7.8,0.6,54269
sldu,47010,47,010,State Senate District 10 (2024); Tennessee,217039,31.0,68.5,14.9,10.0,2.3,66073
sldu,47011,47,011,State Senate District 11 (2024); Tennessee,220244,37.8,74.0,15.0,4.8,1.3,81805
sldu,47012,47,012,State Senate District 12 (2024); Tennessee,219806,15.7,92.7,1.5,2.4,0.3,55390
sldu,47013,47,013,State Senate District 13 (2024); Tennessee,219143,38.1,67.5,12.2,9.5,4.7,93723
sldu,47014,47,014,State Senate District 14 (2024); Tennessee,215232,26.9,64.9,13.9,14.9,1.5,69907
sldu,47015,47,015,State Senate District 15 (2024); Tennessee,213126,21.8,89.4,1.5,5.3,0.6,58989
sldu,47016,47,016,State Senate District 16 (2024); Tennessee,216590,19.8,85.9,3.7,5.9,0.9,59428
sldu,47017,47,017,State Senate District 17 (2024); Tennessee,226475,38.3,70.7,12.9,9.6,2.2,85269
sldu,47018,47,018,State Senate District 18 (2024); Tennessee,216381,32.5,78.7,8.5,7.1,1.5,89427
sldu,47019,47,019,State Senate District 19 (2024); Tennessee,224272,32.9,29.0,48.0,13.9,2.5,62702
sldu,47020,47,020,State Senate District 20 (2024); Tennessee,213215,57.0,73.2,10.7,8.8,2.9,98539
sldu,47021,47,021,State Senate District 21 (2024); Tennessee,210231,57.9,59.4,12.0,18.1,5.5,80239
sldu,47022,47,022,State Senate District 22 (2024); Tennessee,228447,30.6,59.5,19.0,11.4,2.4,74568
sldu,47023,47,023,State Senate District 23 (2024); Tennessee,223707,22.2,84.2,4.7,6.5,0.7,78543
sldu,47024,47,024,State Senate District 24 (2024); Tennessee,213777,18.9,82.6,8.6,3.5,0.6,55258
sldu,47025,47,025,State Senate District 25 (2024); Tennessee,204582,21.5,67.1,22.9,4.8,0.7,56980
sldu,47026,47,026,State Senate District 26 (2024); Tennessee,218558,17.4,76.9,15.7,3.0,0.4,56433
sldu,47027,47,027,State Senate District 27 (2024); Tennessee,225730,64.3,80.2,4.0,5.9,5.8,137925
sldu,47028,47,028,State Senate District 28 (2024); Tennessee,222073,28.3,80.6,7.3,6.7,1.0,77293
sldu,47029,47,029,State Senate District 29 (2024); Tennessee,199233,25.8,19.8,71.7,4.7,1.2,47863
sldu,47030,47,030,State Senate District 30 (2024); Tennessee,197150,28.1,22.4,59.1,12.3,2.4,52435
sldu,47031,47,031,State Senate District 31 (2024); Tennessee,203907,59.9,66.5,17.5,5.6,6.7,122175
sldu,47032,47,032,State Senate District 32 (2024); Tennessee,203548,23.9,56.8,30.4,7.4,1.3,72774
sldu,47033,47,033,State Senate District 33 (2024); Tennessee,201672,24.3,12.9,70.9,11.8,2.0,53435
sldu,48001,48,001,State Senate District 1 (2024); Texas,942588,22.8,62.9,15.0,16.7,1.0,65805
sldu,48002,48,002,State Senate District 2 (2024); Texas,1018029,33.7,45.9,13.2,29.7,7.0,88484
sldu,48003,48,003,State Senate District 3 (2024); Texas,983924,18.3,59.8,15.2,19.0,1.4,62100
sldu,48004,48,004,State Senate District 4 (2024); Texas,1024987,33.9,50.1,12.1,30.2,3.4,91387
sldu,48005,48,005,State Senate District 5 (2024); Texas,1012661,36.4,53.6,9.5,27.5,4.8,82234
sldu,48006,48,006,State Senate District 6 (2024); Texas,939748,14.3,10.1,13.0,72.8,2.3,54816
sldu,48007,48,007,State Senate District 7 (2024); Texas,994464,43.1,41.5,12.9,31.8,9.4,100887
sldu,48008,48,008,State Senate District 8 (2024); Texas,1056826,50.6,53.0,10.3,16.9,15.0,116112
sldu,48009,48,009,State Senate District 9 (2024); Texas,988860,35.3,50.1,10.8,29.1,5.8,88815
sldu,48010,48,010,State Senate District 10 (2024); Texas,980870,28.8,47.7,15.7,29.8,2.8,77142
sldu,48011,48,011,State Senate District 11 (2024); Texas,945681,35.6,45.8,12.7,30.7,6.8,93010
sldu,48012,48,012,State Senate District 12 (2024); Texas,989746,53.1,53.9,8.1,21.1,12.4,109762
sldu,48013,48,013,State Senate District 13 (2024); Texas,952807,29.0,11.0,36.9,39.6,9.5,57908
sldu,48014,48,014,State Senate District 14 (2024); Texas,990901,58.5,47.1,8.6,31.0,8.3,100002
sldu,48015,48,015,State Senate District 15 (2024); Texas,997580,41.8,27.0,19.7,41.9,7.6,81979
sldu,48016,48,016,State Senate District 16 (2024); Texas,960130,32.8,25.2,16.4,49.6,5.9,72388
sldu,48017,48,017,State Senate District 17 (2024); Texas,951718,47.6,43.3,11.1,28.8,12.2,94238
sldu,48018,48,018,State Senate District 18 (2024); Texas,1018458,35.0,38.2,15.2,30.6,12.2,86737
sldu,48019,48,019,State Senate District 19 (2024); Texas,952969,25.2,21.5,7.3,65.8,2.2,71978
sldu,48020,48,020,State Senate District 20 (2024); Texas,932859,22.7,12.8,1.6,82.9,1.6,58508
sldu,48021,48,021,State Senate District 21 (2024); Texas,932499,27.6,23.9,3.4,68.5,1.7,69461
sldu,48022,48,022,State Senate District 22 (2024); Texas,997084,30.3,50.3,15.7,25.9,3.7,76091
sldu,48023,48,023,State Senate District 23 (2024); Texas,976234,30.4,17.2,36.7,39.9,3.3,70221
sldu,48024,48,024,State Senate District 24 (2024); Texas,1000847,33.3,51.3,11.1,26.8,5.0,78376
sldu,48025,48,025,State Senate District 25 (2024); Texas,976058,51.6,58.0,3.9,29.5,3.8,113401
sldu,48026,48,026,State Senate District 26 (2024); Texas,936306,25.9,20.2,7.3,66.3,3.1,60135
sldu,48027,48,027,State Senate District 27 (2024); Texas,936113,19.8,13.4,1.0,83.6,0.7,56622
sldu,48028,48,028,State Senate District 28 (2024); Texas,917743,26.1,54.5,5.8,34.4,1.7,63441
sldu,48029,48,029,State Senate District 29 (2024); Texas,920600,25.6,11.8,3.0,82.0,1.2,59692
sldu,48030,48,030,State Senate District 30 (2024); Texas,1049835,41.4,57.6,8.9,18.5,9.8,97216
sldu,48031,48,031,State Senate District 31 (2024); Texas,909299,22.5,44.1,4.8,46.2,1.7,72260
sldu,49001,49,001,State Senate District 1 (2024); Utah,119937,29.5,83.4,0.3,11.5,0.6,95236
sldu,49002,49,002,State Senate District 2 (2024); Utah,116310,42.3,80.9,0.9,12.0,1.9,77481
sldu,49003,49,003,State Senate District 3 (2024); Utah,115565,33.7,75.4,0.7,18.8,1.4,93473
sldu,49004,49,004,State Senate District 4 (2024); Utah,118024,27.1,79.3,0.5,13.9,1.9,107271
sldu,49005,49,005,State Senate District 5 (2024); Utah,113946,29.2,70.1,2.2,21.2,1.3,80126
sldu,49006,49,006,State Senate District 6 (2024); Utah,117018,34.7,79.8,1.3,11.8,1.9,113312
sldu,49007,49,007,State Senate District 7 (2024); Utah,115690,45.2,82.6,0.8,10.3,1.8,117012
sldu,49008,49,008,State Senate District 8 (2024); Utah,111232,44.9,76.5,1.0,13.1,2.7,103606
sldu,49009,49,009,State Senate District 9 (2024); Utah,117703,56.5,68.6,2.5,16.7,4.7,70323
sldu,49010,49,010,State Senate District 10 (2024); Utah,116152,17.1,38.4,1.7,46.7,5.0,84214
sldu,49011,49,011,State Senate District 11 (2024); Utah,127987,25.1,72.0,0.9,18.9,1.6,110209
sldu,49012,49,012,State Senate District 12 (2024); Utah,112298,16.8,47.2,2.6,38.0,3.3,83746
sldu,49013,49,013,State Senate District 13 (2024); Utah,107796,39.8,61.5,4.5,20.2,7.3,76774
sldu,49014,49,014,State Senate District 14 (2024); Utah,112836,58.5,83.0,0.5,7.9,2.9,113513
sldu,49015,49,015,State Senate District 15 (2024); Utah,110811,40.3,71.4,1.2,15.8,3.9,87865
sldu,49016,49,016,State Senate District 16 (2024); Utah,112119,26.5,64.1,1.1,25.2,3.7,102945
sldu,49017,49,017,State Senate District 17 (2024); Utah,120274,45.4,74.6,1.4,13.3,4.8,131938
sldu,49018,49,018,State Senate District 18 (2024); Utah,120938,40.6,79.3,0.6,11.6,2.4,121753
sldu,49019,49,019,State Senate District 19 (2024); Utah,108194,52.8,83.1,0.5,7.1,3.7,140749
sldu,49020,49,020,State Senate District 20 (2024); Utah,117119,38.1,81.6,0.3,10.7,1.2,96668
sldu,49021,49,021,State Senate District 21 (2024); Utah,117433,49.1,82.5,0.6,9.5,1.9,120879
sldu,49022,49,022,State Senate District 22 (2024); Utah,134723,48.9,79.3,0.9,11.6,1.8,126710
sldu,49023,49,023,State Senate District 23 (2024); Utah,115270,42.9,71.5,0.9,19.4,2.2,84829
sldu,49024,49,024,State Senate District 24 (2024); Utah,113073,49.3,76.3,0.6,14.8,2.0,68480
sldu,49025,49,025,State Senate District 25 (2024); Utah,119109,35.9,75.9,1.1,17.7,0.7,95543
sldu,49026,49,026,State Senate District 26 (2024); Utah,113505,30.7,76.3,0.3,12.5,0.6,80632
sldu,49027,49,027,State Senate District 27 (2024); Utah,126164,27.0,86.1,0.6,8.3,0.6,82809
sldu,49028,49,028,State Senate District 28 (2024); Utah,122252,29.9,81.7,0.6,12.2,1.1,71805
sldu,49029,49,029,State Senate District 29 (2024); Utah,118853,37.1,80.6,0.3,12.9,1.3,76435
sldu,50ADD,50,ADD,Addison Senatorial District (2024); Vermont,40925,44.5,89.7,0.8,3.2,1.9,89548
sldu,50BEN,50,BEN,Bennington Senatorial District (2024); Vermont,41421,41.7,90.8,1.0,2.8,0.9,74143
sldu,50CAL,50,CAL,Caledonia Senatorial District (2024); Vermont,22891,34.2,92.4,0.5,2.0,0.4,70220
sldu,50CHC,50,CHC,Chittenden Central Senatorial District (2024); Vermont,66459,56.6,81.5,4.0,3.6,5.7,74666
sldu,50CHN,50,CHN,Chittenden North Senatorial District (2024); Vermont,22677,43.2,90.8,1.1,2.1,1.9,123333
sldu,50CHS,50,CHS,Chittenden South East Senatorial District (2024); Vermont,69299,63.8,87.2,1.2,2.5,4.1,111162
sldu,50ESX,50,ESX,Essex Senatorial District (2024); Vermont,22876,28.4,92.0,1.2,1.4,0.8,64141
sldu,50FRA,50,FRA,Franklin Senatorial District (2024); Vermont,45001,27.2,91.6,0.3,1.8,0.7,76836
sldu,50GRI,50,GRI,Grand Isle Senatorial District (2024); Vermont,20295,44.4,89.4,0.9,2.5,1.3,103685
sldu,50LAM,50,LAM,Lamoille Senatorial District (2024); Vermont,22059,38.0,90.8,1.1,2.4,1.1,71879
sldu,50ORA,50,ORA,Orange Senatorial District (2024); Vermont,22796,35.4,93.6,0.3,1.6,0.6,84067
sldu,50ORL,50,ORL,Orleans Senatorial District (2024); Vermont,21512,32.4,92.7,0.4,2.6,0.5,71548
sldu,50RUT,50,RUT,Rutland Senatorial District (2024); Vermont,60034,35.2,92.7,0.6,2.2,0.6,68708
sldu,50WAS,50,WAS,Washington Senatorial District (2024); Vermont,67285,48.9,91.3,0.7,2.8,0.7,84057
sldu,50WDH,50,WDH,Windham Senatorial District (2024); Vermont,41771,44.4,89.9,0.9,3.1,1.2,71420
sldu,50WSR,50,WSR,Windsor Senatorial District (2024); Vermont,59805,44.0,92.0,0.5,2.3,1.0,78387
sldu,51001,51,001,State Senate District 1 (2024); Virginia,224593,29.0,77.8,4.7,11.6,1.6,84100
sldu,51002,51,002,State Senate District 2 (2024); Virginia,217225,27.7,80.5,3.9,10.7,1.4,74087
sldu,51003,51,003,State Senate District 3 (2024); Virginia,213140,28.6,83.9,6.6,3.9,1.4,69642
sldu,51004,51,004,State Senate District 4 (2024); Virginia,217798,35.4,71.0,15.1,6.6,3.2,66235
sldu,51005,51,005,State Senate District 5 (2024); Virginia,218387,27.3,87.3,3.7,2.8,3.0,57221
sldu,51006,51,006,State Senate District 6 (2024); Virginia,211865,17.9,92.9,2.9,1.6,0.3,51300
sldu,51007,51,007,State Senate District 7 (2024); Virginia,216976,19.1,80.9,10.9,4.9,0.7,55643
sldu,51008,51,008,State Senate District 8 (2024); Virginia,215703,33.1,73.7,16.0,3.8,1.6,69645
sldu,51009,51,009,State Senate District 9 (2024); Virginia,214802,18.1,59.4,32.6,3.9,0.7,52935
sldu,51010,51,010,State Senate District 10 (2024); Virginia,225574,32.5,74.7,14.9,3.9,0.8,87042
sldu,51011,51,011,State Senate District 11 (2024); Virginia,216592,52.9,72.0,11.9,6.5,4.7,88717
sldu,51012,51,012,State Senate District 12 (2024); Virginia,227100,51.7,68.2,15.6,6.5,4.3,116342
sldu,51013,51,013,State Senate District 13 (2024); Virginia,212855,23.5,38.1,49.5,6.5,1.1,67201
sldu,51014,51,014,State Senate District 14 (2024); Virginia,218604,49.0,45.9,40.9,5.5,2.3,67867
sldu,51015,51,015,State Senate District 15 (2024); Virginia,225580,28.8,34.9,37.5,20.7,2.2,74720
sldu,51016,51,016,State Senate District 16 (2024); Virginia,221266,55.7,58.9,14.1,7.7,13.6,101198
sldu,51017,51,017,State Senate District 17 (2024); Virginia,226172,28.0,49.4,39.1,4.7,1.4,80962
sldu,51018,51,018,State Senate District 18 (2024); Virginia,214423,27.9,39.8,44.2,6.7,2.4,68450
sldu,51019,51,019,State Senate District 19 (2024); Virginia,214133,44.5,66.7,13.4,8.1,5.6,120359
sldu,51020,51,020,State Senate District 20 (2024); Virginia,215818,41.8,68.1,15.3,8.2,3.0,83749
sldu,51021,51,021,State Senate District 21 (2024); Virginia,207196,33.0,38.2,41.8,9.9,3.8,63828
sldu,51022,51,022,State Senate District 22 (2024); Virginia,212710,33.7,46.5,25.6,10.8,9.6,82553
sldu,51023,51,023,State Senate District 23 (2024); Virginia,215050,28.2,33.5,50.0,7.6,2.2,66163
sldu,51024,51,024,State Senate District 24 (2024); Virginia,210920,39.2,56.3,22.2,10.2,4.6,88189
sldu,51025,51,025,State Senate District 25 (2024); Virginia,217830,29.5,63.1,21.1,7.5,1.7,86808
sldu,51026,51,026,State Senate District 26 (2024); Virginia,222927,41.9,79.1,9.3,4.3,2.0,106976
sldu,51027,51,027,State Senate District 27 (2024); Virginia,221295,42.3,54.6,19.1,14.5,3.4,124570
sldu,51028,51,028,State Senate District 28 (2024); Virginia,219361,32.4,73.6,9.2,10.4,1.4,103252
sldu,51029,51,029,State Senate District 29 (2024); Virginia,216843,42.7,38.0,20.0,24.9,9.6,136017
sldu,51030,51,030,State Senate District 30 (2024); Virginia,217286,43.4,41.2,12.1,31.5,9.9,129305
sldu,51031,51,031,State Senate District 31 (2024); Virginia,224658,60.6,63.6,6.2,13.8,11.1,175995
sldu,51032,51,032,State Senate District 32 (2024); Virginia,229551,66.3,40.9,8.5,14.6,30.2,183863
sldu,51033,51,033,State Senate District 33 (2024); Virginia,217847,52.9,39.7,19.8,23.0,11.0,139551
sldu,51034,51,034,State Senate District 34 (2024); Virginia,217403,59.1,42.7,18.4,21.5,11.1,135661
sldu,51035,51,035,State Senate District 35 (2024); Virginia,215070,57.7,43.4,9.7,20.1,20.8,147794
sldu,51036,51,036,State Senate District 36 (2024); Virginia,211224,66.0,44.7,6.3,14.2,29.0,158971
sldu,51037,51,037,State Senate District 37 (2024); Virginia,216660,70.7,50.3,5.7,16.1,21.6,150474
sldu,51038,51,038,State Senate District 38 (2024); Virginia,215861,73.7,54.3,6.1,14.4,18.6,178962
sldu,51039,51,039,State Senate District 39 (2024); Virginia,216873,65.2,46.4,18.9,20.2,8.5,117315
sldu,51040,51,040,State Senate District 40 (2024); Virginia,209999,76.0,58.6,8.8,16.4,9.8,144040
sldu,53001,53,001,Legislative (Senate) District 1 (2024); Washington,161162,59.7,63.2,2.5,7.7,18.7,149329
sldu,53002,53,002,Legislative (Senate) District 2 (2024); Washington,159524,23.0,65.5,4.2,12.8,5.2,104467
sldu,53003,53,003,Legislative (Senate) District 3 (2024); Washington,155130,38.9,77.8,2.8,8.3,2.5,71749
sldu,53004,53,004,Legislative (Senate) District 4 (2024); Washington,162056,28.8,83.7,0.9,6.2,1.6,81659
sldu,53005,53,005,Legislative (Senate) District 5 (2024); Washington,156791,52.7,66.7,1.2,7.5,15.6,149321
sldu,53006,53,006,Legislative (Senate) District 6 (2024); Washington,162864,28.6,79.6,2.3,7.2,2.3,76564
sldu,53007,53,007,Legislative (Senate) District 7 (2024); Washington,162961,22.2,71.2,0.6,16.5,0.7,69064
sldu,53008,53,008,Legislative (Senate) District 8 (2024); Washington,158523,33.6,62.2,2.2,27.2,3.3,92506
sldu,53009,53,009,Legislative (Senate) District 9 (2024); Washington,158812,38.4,78.1,1.1,10.1,3.5,76475
sldu,53010,53,010,Legislative (Senate) District 10 (2024); Washington,160060,32.9,75.6,1.5,10.5,3.9,92852
sldu,53011,53,011,Legislative (Senate) District 11 (2024); Washington,152644,38.2,37.8,10.2,15.8,25.9,99394
sldu,53012,53,012,Legislative (Senate) District 12 (2024); Washington,159840,37.7,69.1,0.9,19.6,4.0,106724
sldu,53013,53,013,Legislative (Senate) District 13 (2024); Washington,162748,23.6,56.6,1.1,35.8,1.1,72944
sldu,53014,53,014,Legislative (Senate) District 14 (2024); Washington,156322,10.2,20.4,0.6,71.5,0.8,57926
sldu,53015,53,015,Legislative (Senate) District 15 (2024); Washington,160928,25.1,55.8,0.8,37.1,1.2,80764
sldu,53016,53,016,Legislative (Senate) District 16 (2024); Washington,163669,30.4,63.0,1.4,28.0,2.3,86195
sldu,53017,53,017,Legislative (Senate) District 17 (2024); Washington,160202,37.8,71.8,1.6,11.0,6.7,101566
sldu,53018,53,018,Legislative (Senate) District 18 (2024); Washington,161259,32.6,75.2,1.6,11.2,4.3,106750
sldu,53019,53,019,Legislative (Senate) District 19 (2024); Washington,162215,18.9,77.8,0.9,10.9,1.2,70131
sldu,53020,53,020,Legislative (Senate) District 20 (2024); Washington,163631,25.1,82.6,0.6,9.2,1.5,90896
sldu,53021,53,021,Legislative (Senate) District 21 (2024); Washington,155780,44.1,55.9,5.0,11.8,16.8,106028
sldu,53022,53,022,Legislative (Senate) District 22 (2024); Washington,159797,44.8,68.5,3.7,10.1,7.4,92436
sldu,53023,53,023,Legislative (Senate) District 23 (2024); Washington,158052,43.7,71.6,2.6,9.2,5.3,106138
sldu,53024,53,024,Legislative (Senate) District 24 (2024); Washington,160152,30.9,80.6,0.7,7.4,1.5,69630
sldu,53025,53,025,Legislative (Senate) District 25 (2024); Washington,158133,28.6,64.3,5.7,11.8,5.7,105882
sldu,53026,53,026,Legislative (Senate) District 26 (2024); Washington,157576,37.5,76.9,1.1,8.2,3.6,106336
sldu,53027,53,027,Legislative (Senate) District 27 (2024); Washington,157972,40.3,61.8,8.7,11.0,7.0,89592
sldu,53028,53,028,Legislative (Senate) District 28 (2024); Washington,156510,33.2,52.8,10.2,16.4,7.4,86693
sldu,53029,53,029,Legislative (Senate) District 29 (2024); Washington,155861,19.7,43.4,11.9,17.7,11.4,80992
sldu,53030,53,030,Legislative (Senate) District 30 (2024); Washington,158317,27.7,38.0,14.0,21.7,14.3,90803
sldu,53031,53,031,Legislative (Senate) District 31 (2024); Washington,160958,30.2,72.6,2.3,10.5,5.3,122456
sldu,53032,53,032,Legislative (Senate) District 32 (2024); Washington,163135,47.0,58.1,6.9,11.4,15.0,100850
sldu,53033,53,033,Legislative (Senate) District 33 (2024); Washington,157458,31.3,38.8,13.8,21.8,15.3,86957
sldu,53034,53,034,Legislative (Senate) District 34 (2024); Washington,158000,52.8,57.6,8.1,14.2,11.6,119342
sldu,53035,53,035,Legislative (Senate) District 35 (2024); Washington,163962,29.4,75.1,1.5,10.6,2.6,99486
sldu,53036,53,036,Legislative (Senate) District 36 (2024); Washington,159952,75.8,69.3,1.7,7.4,13.1,140788
sldu,53037,53,037,Legislative (Senate) District 37 (2024); Washington,164798,53.2,39.6,16.1,9.4,25.3,100083
sldu,53038,53,038,Legislative (Senate) District 38 (2024); Washington,159943,27.1,59.1,4.5,17.6,9.0,91237
sldu,53039,53,039,Legislative (Senate) District 39 (2024); Washington,160718,26.4,73.9,1.7,11.2,5.2,108150
sldu,53040,53,040,Legislative (Senate) District 40 (2024); Washington,158487,45.0,74.7,0.8,14.6,3.1,86990
sldu,53041,53,041,Legislative (Senate) District 41 (2024); Washington,156045,73.8,47.8,2.3,5.5,36.5,197777
sldu,53042,53,042,Legislative (Senate) District 42 (2024); Washington,160832,33.2,74.3,0.9,11.9,4.4,79503
sldu,53043,53,043,Legislative (Senate) District 43 (2024); Washington,157837,78.1,58.3,4.0,6.6,22.8,126847
sldu,53044,53,044,Legislative (Senate) District 44 (2024); Washington,158365,49.3,60.3,2.2,8.6,20.7,146377
sldu,53045,53,045,Legislative (Senate) District 45 (2024); Washington,158714,69.8,59.3,1.4,7.9,24.0,180159
sldu,53046,53,046,Legislative (Senate) District 46 (2024); Washington,160235,71.8,62.9,4.2,8.5,15.8,120264
sldu,53047,53,047,Legislative (Senate) District 47 (2024); Washington,155639,31.0,49.8,8.7,13.4,18.2,106938
sldu,53048,53,048,Legislative (Senate) District 48 (2024); Washington,160654,73.3,44.1,2.1,7.5,39.5,158702
sldu,53049,53,049,Legislative (Senate) District 49 (2024); Washington,160893,29.9,66.6,3.5,17.0,4.4,81089
sldu,54001,54,001,State Senate District 1 (2024); West Virginia,100252,26.6,91.3,2.2,1.6,0.6,58376
sldu,54002,54,002,State Senate District 2 (2024); West Virginia,102774,26.7,93.3,0.8,1.3,0.3,66383
sldu,54003,54,003,State Senate District 3 (2024); West Virginia,104267,22.2,94.0,0.9,1.4,0.5,57130
sldu,54004,54,004,State Senate District 4 (2024); West Virginia,103635,26.2,94.4,0.7,1.3,0.7,67423
sldu,54005,54,005,State Senate District 5 (2024); West Virginia,105629,31.3,89.6,3.9,1.6,0.9,56225
sldu,54006,54,006,State Senate District 6 (2024); West Virginia,106746,16.0,90.1,4.2,1.5,0.1,44838
sldu,54007,54,007,State Senate District 7 (2024); West Virginia,97984,13.7,94.6,1.2,0.9,0.3,53087
sldu,54008,54,008,State Senate District 8 (2024); West Virginia,97274,21.4,86.9,5.3,1.4,0.5,54728
sldu,54009,54,009,State Senate District 9 (2024); West Virginia,107630,19.6,89.0,5.6,1.4,0.6,50234
sldu,54010,54,010,State Senate District 10 (2024); West Virginia,106491,19.9,93.2,2.2,1.5,0.3,51669
sldu,54011,54,011,State Senate District 11 (2024); West Virginia,100891,17.0,90.9,1.1,1.2,0.2,51970
sldu,54012,54,012,State Senate District 12 (2024); West Virginia,103697,23.6,91.0,2.2,2.1,0.5,57837
sldu,54013,54,013,State Senate District 13 (2024); West Virginia,111582,43.4,84.8,3.8,3.2,3.4,61957
sldu,54014,54,014,State Senate District 14 (2024); West Virginia,100744,19.2,91.0,3.4,1.8,0.2,60165
sldu,54015,54,015,State Senate District 15 (2024); West Virginia,114430,23.2,84.8,4.9,4.0,0.7,76541
sldu,54016,54,016,State Senate District 16 (2024); West Virginia,115235,28.9,79.3,6.2,7.8,1.2,88697
sldu,54017,54,017,State Senate District 17 (2024); West Virginia,99112,33.1,88.5,3.1,1.4,1.5,64553
sldu,55001,55,001,State Senate District 1 (2024); Wisconsin,180530,31.3,89.3,0.5,4.7,1.8,86129
sldu,55002,55,002,State Senate District 2 (2024); Wisconsin,182406,28.4,85.8,0.9,3.4,1.1,82352
sldu,55003,55,003,State Senate District 3 (2024); Wisconsin,177352,19.8,31.8,7.5,51.2,5.5,56172
sldu,55004,55,004,State Senate District 4 (2024); Wisconsin,180152,27.7,24.2,59.3,6.2,6.1,51824
sldu,55005,55,005,State Senate District 5 (2024); Wisconsin,176671,51.1,78.7,3.5,7.6,5.3,91076
sldu,55006,55,006,State Senate District 6 (2024); Wisconsin,172634,29.6,27.8,54.6,7.7,4.9,50246
sldu,55007,55,007,State Senate District 7 (2024); Wisconsin,173425,43.9,74.5,5.1,11.6,3.5,75505
sldu,55008,55,008,State Senate District 8 (2024); Wisconsin,180050,54.6,83.5,4.3,4.2,3.9,103557
sldu,55009,55,009,State Senate District 9 (2024); Wisconsin,178811,26.2,82.5,1.7,7.2,4.8,70696
sldu,55010,55,010,State Senate District 10 (2024); Wisconsin,181923,33.6,90.3,0.6,4.7,0.9,92285
sldu,55011,55,011,State Senate District 11 (2024); Wisconsin,178142,31.1,84.9,1.0,9.9,0.7,90285
sldu,55012,55,012,State Senate District 12 (2024); Wisconsin,181243,23.2,91.1,0.4,2.3,0.5,66413
sldu,55013,55,013,State Senate District 13 (2024); Wisconsin,177948,20.6,87.6,1.6,6.6,0.6,74083
sldu,55014,55,014,State Senate District 14 (2024); Wisconsin,177461,28.2,87.0,1.6,5.4,1.3,82650
sldu,55015,55,015,State Senate District 15 (2024); Wisconsin,180166,26.6,79.6,4.5,10.2,1.3,74777
sldu,55016,55,016,State Senate District 16 (2024); Wisconsin,181587,45.2,78.3,4.9,7.8,4.9,94246
sldu,55017,55,017,State Senate District 17 (2024); Wisconsin,178525,29.5,91.7,1.3,3.3,0.8,78479
sldu,55018,55,018,State Senate District 18 (2024); Wisconsin,177198,30.6,80.8,3.4,6.4,4.6,68765
sldu,55019,55,019,State Senate District 19 (2024); Wisconsin,182373,30.1,90.0,0.9,4.4,1.6,86446
sldu,55020,55,020,State Senate District 20 (2024); Wisconsin,179040,27.0,88.4,1.4,5.6,1.4,81783
sldu,55021,55,021,State Senate District 21 (2024); Wisconsin,179053,34.3,69.0,7.4,15.5,3.1,77801
sldu,55022,55,022,State Senate District 22 (2024); Wisconsin,177736,30.1,63.8,10.5,17.8,2.1,73953
sldu,55023,55,023,State Senate District 23 (2024); Wisconsin,180709,18.8,91.9,0.9,3.5,0.5,67284
sldu,55024,55,024,State Senate District 24 (2024); Wisconsin,180403,24.1,88.4,1.1,3.9,1.8,68075
sldu,55025,55,025,State Senate District 25 (2024); Wisconsin,180895,26.6,88.3,0.5,2.2,0.6,68924
sldu,55026,55,026,State Senate District 26 (2024); Wisconsin,179470,57.8,72.0,6.6,8.9,6.6,68970
sldu,55027,55,027,State Senate District 27 (2024); Wisconsin,185808,61.9,76.1,3.7,8.2,6.8,103724
sldu,55028,55,028,State Senate District 28 (2024); Wisconsin,177680,42.7,84.4,1.7,7.7,2.8,99461
sldu,55029,55,029,State Senate District 29 (2024); Wisconsin,177915,26.8,87.4,0.7,3.3,4.7,75212
sldu,55030,55,030,State Senate District 30 (2024); Wisconsin,178375,30.3,72.4,3.0,13.4,4.1,72615
sldu,55031,55,031,State Senate District 31 (2024); Wisconsin,179708,33.8,88.6,1.1,2.9,3.6,74348
sldu,55032,55,032,State Senate District 32 (2024); Wisconsin,178523,32.2,88.7,1.3,3.2,3.2,72793
sldu,55033,55,033,State Senate District 33 (2024); Wisconsin,180960,43.9,90.6,0.7,3.5,1.6,112343
sldu,56001,56,001,State Senate District 1 (2024); Wyoming,19505,22.7,89.8,0.0,4.9,0.2,87728
sldu,56002,56,002,State Senate District 2 (2024); Wyoming,18379,22.7,85.5,0.5,9.3,0.7,82220
sldu,56003,56,003,State Senate District 3 (2024); Wyoming,19592,21.7,84.5,0.6,8.8,0.4,68159
sldu,56004,56,004,State Senate District 4 (2024); Wyoming,16500,44.2,82.1,0.9,11.2,1.2,93743
sldu,56005,56,005,State Senate District 5 (2024); Wyoming,18142,30.1,71.1,1.0,17.0,1.5,75637
sldu,56006,56,006,State Senate District 6 (2024); Wyoming,18559,25.6,85.6,0.2,8.5,0.1,80432
sldu,56007,56,007,State Senate District 7 (2024); Wyoming,18940,33.2,76.3,3.6,13.5,0.9,83200
sldu,56008,56,008,State Senate District 8 (2024); Wyoming,18518,26.4,69.1,2.4,21.4,1.7,60006
sldu,56009,56,009,State Senate District 9 (2024); Wyoming,19290,57.7,77.9,1.1,12.0,4.1,51807
sldu,56010,56,010,State Senate District 10 (2024); Wyoming,18959,52.8,81.9,1.0,9.1,3.1,73504
sldu,56011,56,011,State Senate District 11 (2024); Wyoming,18527,21.5,74.7,1.1,19.6,0.2,68818
sldu,56012,56,012,State Senate District 12 (2024); Wyoming,15997,17.2,75.5,1.9,16.5,0.7,65549
sldu,56013,56,013,State Senate District 13 (2024); Wyoming,17398,26.7,78.4,1.3,16.3,0.4,92258
sldu,56014,56,014,State Senate District 14 (2024); Wyoming,20651,26.8,87.2,0.2,7.2,0.1,85581
sldu,56015,56,015,State Senate District 15 (2024); Wyoming,18674,23.1,85.3,0.5,10.5,0.3,82299
sldu,56016,56,016,State Senate District 16 (2024); Wyoming,18155,35.2,88.7,0.0,7.1,1.2,102304
sldu,56017,56,017,State Senate District 17 (2024); Wyoming,19967,60.4,76.7,0.5,16.1,1.1,119724
sldu,56018,56,018,State Senate District 18 (2024); Wyoming,18553,36.9,89.0,0.3,4.1,0.3,75642
sldu,56019,56,019,State Senate District 19 (2024); Wyoming,18581,29.2,83.2,0.5,9.7,0.7,65970
sldu,56020,56,020,State Senate District 20 (2024); Wyoming,18229,24.7,85.2,0.1,9.6,0.3,64222
sldu,56021,56,021,State Senate District 21 (2024); Wyoming,19787,32.6,88.7,1.0,5.3,0.4,66697
sldu,56022,56,022,State Senate District 22 (2024); Wyoming,20954,29.3,90.1,0.1,4.4,1.3,73037
sldu,56023,56,023,State Senate District 23 (2024); Wyoming,19171,22.7,81.5,0.7,12.9,0.0,92348
sldu,56024,56,024,State Senate District 24 (2024); Wyoming,18226,25.0,85.3,0.1,7.4,0.6,81118
sldu,56025,56,025,State Senate District 25 (2024); Wyoming,18924,29.9,59.2,0.7,5.3,0.0,71842
sldu,56026,56,026,State Senate District 26 (2024); Wyoming,19846,24.1,77.2,0.4,8.4,0.6,60301
sldu,56027,56,027,State Senate District 27 (2024); Wyoming,17559,31.8,87.3,0.4,8.0,0.8,76367
sldu,56028,56,028,State Senate District 28 (2024); Wyoming,18795,32.9,83.0,0.7,10.8,0.8,62058
sldu,56029,56,029,State Senate District 29 (2024); Wyoming,19312,29.8,83.2,0.5,10.2,0.2,69589
sldu,56030,56,030,State Senate District 30 (2024); Wyoming,19694,19.7,86.1,0.6,8.2,0.1,81905
sldu,56031,56,031,State Senate District 31 (2024); Wyoming,19013,32.6,70.4,3.5,19.7,0.5,82903
sldl,01001,01,001,State House District 1 (2024); Alabama,49340,29.1,84.9,7.1,3.0,0.5,64734
sldl,01002,01,002,State House District 2 (2024); Alabama,51988,28.0,84.2,4.3,5.2,0.9,72417
sldl,01003,01,003,State House District 3 (2024); Alabama,50055,23.5,68.1,21.5,5.3,0.7,50484
sldl,01004,01,004,State House District 4 (2024); Alabama,51629,46.6,69.3,13.2,10.3,2.3,91044
sldl,01005,01,005,State House District 5 (2024); Alabama,54216,28.9,75.0,13.3,6.8,0.6,80399
sldl,01006,01,006,State House District 6 (2024); Alabama,52055,34.9,69.8,18.7,4.9,1.1,94320
sldl,01007,01,007,State House District 7 (2024); Alabama,46614,16.8,74.2,13.0,3.3,0.4,67517
sldl,01008,01,008,State House District 8 (2024); Alabama,47918,18.0,57.3,21.3,16.9,0.9,65162
sldl,01009,01,009,State House District 9 (2024); Alabama,45871,23.6,88.0,3.4,3.9,0.4,69097
sldl,01010,01,010,State House District 10 (2024); Alabama,49543,52.1,61.1,20.2,8.5,4.2,87804
sldl,01011,01,011,State House District 11 (2024); Alabama,49641,15.5,86.1,0.9,8.8,0.9,55542
sldl,01012,01,012,State House District 12 (2024); Alabama,47693,21.8,90.6,1.2,3.2,0.2,65156
sldl,01013,01,013,State House District 13 (2024); Alabama,48279,18.1,84.8,6.5,4.7,0.6,59074
sldl,01014,01,014,State House District 14 (2024); Alabama,48263,15.1,93.1,2.1,1.3,0.1,60510
sldl,01015,01,015,State House District 15 (2024); Alabama,50615,48.7,59.3,29.2,4.7,3.7,106970
sldl,01016,01,016,State House District 16 (2024); Alabama,46736,17.3,87.1,7.0,1.9,0.2,67781
sldl,01017,01,017,State House District 17 (2024); Alabama,47614,12.5,87.5,5.4,4.0,0.2,49161
sldl,01018,01,018,State House District 18 (2024); Alabama,46172,16.8,77.6,4.0,15.3,0.1,57504
sldl,01019,01,019,State House District 19 (2024); Alabama,57382,33.7,37.8,50.7,5.9,1.1,65075
sldl,01020,01,020,State House District 20 (2024); Alabama,50707,62.3,83.9,3.2,5.8,2.3,109893
sldl,01021,01,021,State House District 21 (2024); Alabama,54552,45.6,72.9,13.6,4.6,2.0,102067
sldl,01022,01,022,State House District 22 (2024); Alabama,50053,37.8,81.3,7.9,3.3,1.3,91650
sldl,01023,01,023,State House District 23 (2024); Alabama,50442,15.8,87.8,3.3,3.7,0.5,51910
sldl,01024,01,024,State House District 24 (2024); Alabama,49578,16.4,82.6,1.5,11.0,0.2,52943
sldl,01025,01,025,State House District 25 (2024); Alabama,53154,58.7,61.2,18.0,7.6,6.7,110131
sldl,01026,01,026,State House District 26 (2024); Alabama,50145,17.9,66.0,2.8,28.2,0.2,57154
sldl,01027,01,027,State House District 27 (2024); Alabama,49603,24.8,87.0,2.2,6.1,1.0,69524
sldl,01028,01,028,State House District 28 (2024); Alabama,48988,15.1,59.3,27.7,8.2,0.7,45430
sldl,01029,01,029,State House District 29 (2024); Alabama,48880,18.8,91.0,4.1,2.1,0.3,61665
sldl,01030,01,030,State House District 30 (2024); Alabama,43699,18.1,90.4,3.4,3.0,0.7,65387
sldl,01031,01,031,State House District 31 (2024); Alabama,49523,19.1,73.8,20.2,2.4,0.1,75257
sldl,01032,01,032,State House District 32 (2024); Alabama,42778,10.9,39.3,52.6,2.7,0.6,41799
sldl,01033,01,033,State House District 33 (2024); Alabama,44825,14.7,66.7,26.6,2.9,0.4,55390
sldl,01034,01,034,State House District 34 (2024); Alabama,45199,17.1,84.6,1.3,10.0,0.1,66262
sldl,01035,01,035,State House District 35 (2024); Alabama,48584,17.8,75.0,15.0,3.3,0.7,61356
sldl,01036,01,036,State House District 36 (2024); Alabama,52741,24.4,75.0,16.4,4.3,0.9,66668
sldl,01037,01,037,State House District 37 (2024); Alabama,48124,26.5,70.6,20.7,2.7,1.3,61868
sldl,01038,01,038,State House District 38 (2024); Alabama,49545,17.8,65.2,26.4,5.2,0.3,60776
sldl,01039,01,039,State House District 39 (2024); Alabama,48134,13.1,78.3,2.4,15.4,0.2,51248
sldl,01040,01,040,State House District 40 (2024); Alabama,48671,23.6,79.5,12.4,4.1,0.9,60043
sldl,01041,01,041,State House District 41 (2024); Alabama,51173,29.6,72.7,17.0,6.0,0.5,85929
sldl,01042,01,042,State House District 42 (2024); Alabama,51509,18.2,82.5,9.1,4.6,0.4,68545
sldl,01043,01,043,State House District 43 (2024); Alabama,49577,64.9,76.5,10.4,4.7,4.3,103295
sldl,01044,01,044,State House District 44 (2024); Alabama,49885,33.9,64.2,24.2,4.6,3.2,89773
sldl,01045,01,045,State House District 45 (2024); Alabama,48370,45.8,77.7,10.9,7.5,0.7,100986
sldl,01046,01,046,State House District 46 (2024); Alabama,49798,75.2,80.5,9.2,3.2,3.8,133173
sldl,01047,01,047,State House District 47 (2024); Alabama,49369,52.1,66.8,20.3,5.9,4.6,81429
sldl,01048,01,048,State House District 48 (2024); Alabama,42318,71.3,84.0,8.1,2.8,3.0,125037
sldl,01049,01,049,State House District 49 (2024); Alabama,51838,26.8,70.5,12.6,12.8,0.7,73671
sldl,01050,01,050,State House District 50 (2024); Alabama,50485,25.2,81.0,11.2,3.4,0.6,87607
sldl,01051,01,051,State House District 51 (2024); Alabama,45266,24.3,78.1,15.0,2.8,0.6,83299
sldl,01052,01,052,State House District 52 (2024); Alabama,49478,34.4,25.9,62.7,7.2,1.0,46853
sldl,01053,01,053,State House District 53 (2024); Alabama,51878,29.0,31.5,49.7,12.5,1.1,45186
sldl,01054,01,054,State House District 54 (2024); Alabama,44401,35.1,35.8,54.7,6.7,0.6,49068
sldl,01055,01,055,State House District 55 (2024); Alabama,43821,39.1,30.4,58.6,3.7,3.1,43945
sldl,01056,01,056,State House District 56 (2024); Alabama,46946,31.4,28.3,57.4,9.0,3.3,50229
sldl,01057,01,057,State House District 57 (2024); Alabama,45560,18.5,27.5,61.4,7.4,0.2,57902
sldl,01058,01,058,State House District 58 (2024); Alabama,45115,24.3,23.7,68.3,4.9,0.4,56625
sldl,01059,01,059,State House District 59 (2024); Alabama,41565,17.0,16.5,72.3,9.7,0.2,44940
sldl,01060,01,060,State House District 60 (2024); Alabama,48837,20.3,27.8,63.6,2.5,0.4,54100
sldl,01061,01,061,State House District 61 (2024); Alabama,45654,29.9,73.7,20.0,3.6,0.5,76831
sldl,01062,01,062,State House District 62 (2024); Alabama,48993,22.9,67.0,21.4,5.8,0.5,77178
sldl,01063,01,063,State House District 63 (2024); Alabama,54492,56.5,68.0,18.7,6.8,4.1,56701
sldl,01064,01,064,State House District 64 (2024); Alabama,58014,21.8,74.0,10.9,8.6,1.6,64665
sldl,01065,01,065,State House District 65 (2024); Alabama,46643,16.8,63.5,29.3,1.2,0.2,55233
sldl,01066,01,066,State House District 66 (2024); Alabama,49600,17.7,72.7,18.8,2.3,0.4,56936
sldl,01067,01,067,State House District 67 (2024); Alabama,43704,17.4,27.4,69.4,0.9,0.5,36611
sldl,01068,01,068,State House District 68 (2024); Alabama,45400,11.8,42.8,53.2,0.5,0.4,40710
sldl,01069,01,069,State House District 69 (2024); Alabama,47576,17.1,41.5,53.1,2.5,0.5,48117
sldl,01070,01,070,State House District 70 (2024); Alabama,48762,27.7,32.2,58.0,6.0,1.1,53972
sldl,01071,01,071,State House District 71 (2024); Alabama,48201,20.9,40.3,50.7,5.0,0.3,43871
sldl,01072,01,072,State House District 72 (2024); Alabama,49526,19.2,35.9,58.1,1.5,1.0,47009
sldl,01073,01,073,State House District 73 (2024); Alabama,49650,42.2,66.6,14.5,13.6,1.7,90930
sldl,01074,01,074,State House District 74 (2024); Alabama,45027,31.1,30.4,60.8,4.8,1.3,52396
sldl,01075,01,075,State House District 75 (2024); Alabama,50108,49.2,60.3,23.2,3.8,8.9,112101
sldl,01076,01,076,State House District 76 (2024); Alabama,46580,37.0,17.8,73.5,4.7,2.1,62742
sldl,01077,01,077,State House District 77 (2024); Alabama,45116,29.4,28.5,59.3,7.2,0.6,45891
sldl,01078,01,078,State House District 78 (2024); Alabama,45440,28.8,25.0,65.7,3.2,3.1,57583
sldl,01079,01,079,State House District 79 (2024); Alabama,53673,67.2,67.7,13.6,4.9,10.0,78230
sldl,01080,01,080,State House District 80 (2024); Alabama,51060,26.0,64.8,24.1,5.1,1.0,63897
sldl,01081,01,081,State House District 81 (2024); Alabama,46499,24.1,68.4,22.0,3.0,1.3,62787
sldl,01082,01,082,State House District 82 (2024); Alabama,45040,30.3,40.2,50.2,4.4,1.9,36858
sldl,01083,01,083,State House District 83 (2024); Alabama,49380,24.0,39.3,50.4,6.2,1.1,47349
sldl,01084,01,084,State House District 84 (2024); Alabama,47656,13.1,38.0,50.9,7.3,0.4,48145
sldl,01085,01,085,State House District 85 (2024); Alabama,46474,19.1,49.7,43.2,3.3,0.5,45145
sldl,01086,01,086,State House District 86 (2024); Alabama,47264,18.1,70.7,19.9,4.6,0.8,58000
sldl,01087,01,087,State House District 87 (2024); Alabama,49445,22.4,80.3,8.9,5.5,1.0,67082
sldl,01088,01,088,State House District 88 (2024); Alabama,47013,36.8,66.7,22.2,5.1,1.5,79897
sldl,01089,01,089,State House District 89 (2024); Alabama,46280,26.9,59.7,28.0,6.1,1.7,55369
sldl,01090,01,090,State House District 90 (2024); Alabama,44429,16.0,62.4,31.3,2.4,0.7,48303
sldl,01091,01,091,State House District 91 (2024); Alabama,48329,23.4,64.7,17.2,10.8,1.2,70508
sldl,01092,01,092,State House District 92 (2024); Alabama,46214,16.2,79.8,13.6,2.1,0.4,51037
sldl,01093,01,093,State House District 93 (2024); Alabama,45797,23.5,64.4,24.9,4.4,1.3,55402
sldl,01094,01,094,State House District 94 (2024); Alabama,50705,45.0,87.1,3.9,5.1,0.6,89033
sldl,01095,01,095,State House District 95 (2024); Alabama,52359,33.8,85.4,3.4,5.3,0.8,78007
sldl,01096,01,096,State House District 96 (2024); Alabama,52320,44.1,74.8,12.6,6.3,1.4,92549
sldl,01097,01,097,State House District 97 (2024); Alabama,44146,26.3,39.3,54.0,2.1,0.7,44204
sldl,01098,01,098,State House District 98 (2024); Alabama,47308,19.1,40.1,55.5,1.1,0.6,48868
sldl,01099,01,099,State House District 99 (2024); Alabama,46301,25.4,33.7,59.9,2.8,1.4,59766
sldl,01100,01,100,State House District 100 (2024); Alabama,48311,32.4,71.1,17.9,4.6,2.0,82974
sldl,01101,01,101,State House District 101 (2024); Alabama,46453,41.5,65.2,22.4,5.8,2.8,61066
sldl,01102,01,102,State House District 102 (2024); Alabama,49621,15.7,76.3,14.6,1.7,0.9,64479
sldl,01103,01,103,State House District 103 (2024); Alabama,45606,21.9,31.2,60.7,4.5,1.9,45212
sldl,01104,01,104,State House District 104 (2024); Alabama,47679,33.2,58.6,26.6,4.3,5.3,64478
sldl,01105,01,105,State House District 105 (2024); Alabama,46182,18.1,78.2,10.6,3.7,3.4,65418
sldl,02001,02,001,State House District 1 (2024); Alaska,17537,25.2,56.7,0.4,5.1,7.6,87338
sldl,02002,02,002,State House District 2 (2024); Alaska,17973,26.9,53.8,0.7,7.7,7.6,82243
sldl,02003,02,003,State House District 3 (2024); Alaska,17418,37.4,67.7,0.8,4.8,4.4,110417
sldl,02004,02,004,State House District 4 (2024); Alaska,18382,42.7,57.7,0.5,8.7,9.4,93627
sldl,02005,02,005,State House District 5 (2024); Alaska,18132,31.4,54.6,0.9,6.6,16.9,85597
sldl,02006,02,006,State House District 6 (2024); Alaska,19820,33.4,79.8,0.2,3.9,2.0,74333
sldl,02007,02,007,State House District 7 (2024); Alaska,18580,28.1,73.1,0.9,6.0,2.7,74537
sldl,02008,02,008,State House District 8 (2024); Alaska,18524,26.1,80.9,0.4,3.5,1.1,93513
sldl,02009,02,009,State House District 9 (2024); Alaska,17577,60.8,74.8,2.5,5.2,4.1,171550
sldl,02010,02,010,State House District 10 (2024); Alaska,18015,37.8,55.0,1.4,9.7,10.6,111909
sldl,02011,02,011,State House District 11 (2024); Alaska,18530,46.6,62.8,2.2,8.8,11.0,134488
sldl,02012,02,012,State House District 12 (2024); Alaska,17310,32.9,51.8,3.7,9.7,14.9,112411
sldl,02013,02,013,State House District 13 (2024); Alaska,18316,28.5,47.6,4.7,10.7,8.5,95807
sldl,02014,02,014,State House District 14 (2024); Alaska,18106,32.8,46.6,4.0,8.2,11.6,86411
sldl,02015,02,015,State House District 15 (2024); Alaska,19191,41.9,64.7,2.7,5.5,9.7,124774
sldl,02016,02,016,State House District 16 (2024); Alaska,18434,44.0,59.4,3.4,8.6,8.0,107401
sldl,02017,02,017,State House District 17 (2024); Alaska,16940,43.0,53.4,4.9,10.8,7.6,79986
sldl,02018,02,018,State House District 18 (2024); Alaska,17486,31.8,54.1,6.3,16.3,3.5,71983
sldl,02019,02,019,State House District 19 (2024); Alaska,18920,22.6,29.5,9.0,14.3,17.5,62817
sldl,02020,02,020,State House District 20 (2024); Alaska,17920,33.8,45.8,6.5,8.2,9.1,87424
sldl,02021,02,021,State House District 21 (2024); Alaska,18664,37.0,45.2,6.2,12.5,12.3,97059
sldl,02022,02,022,State House District 22 (2024); Alaska,18846,24.1,30.3,13.2,9.5,22.0,77664
sldl,02023,02,023,State House District 23 (2024); Alaska,17582,50.4,76.8,1.7,7.5,2.8,146744
sldl,02024,02,024,State House District 24 (2024); Alaska,17550,44.5,72.1,4.2,6.4,2.3,122297
sldl,02025,02,025,State House District 25 (2024); Alaska,20024,32.6,76.5,1.2,5.5,1.2,97807
sldl,02026,02,026,State House District 26 (2024); Alaska,20411,24.3,72.3,1.4,6.8,1.2,109066
sldl,02027,02,027,State House District 27 (2024); Alaska,19400,19.8,74.0,1.4,4.7,2.0,74470
sldl,02028,02,028,State House District 28 (2024); Alaska,20857,25.5,78.3,0.3,6.1,1.9,103209
sldl,02029,02,029,State House District 29 (2024); Alaska,20165,27.1,74.7,1.3,4.5,1.0,100849
sldl,02030,02,030,State House District 30 (2024); Alaska,18002,18.5,77.5,1.8,4.5,2.7,75340
sldl,02031,02,031,State House District 31 (2024); Alaska,18636,25.0,53.8,5.6,11.1,4.4,72734
sldl,02032,02,032,State House District 32 (2024); Alaska,17289,26.8,60.4,9.2,9.8,3.4,81573
sldl,02033,02,033,State House District 33 (2024); Alaska,18015,25.0,73.6,1.7,7.6,1.3,98014
sldl,02034,02,034,State House District 34 (2024); Alaska,19082,38.3,80.5,1.4,6.8,1.2,109383
sldl,02035,02,035,State House District 35 (2024); Alaska,18671,41.7,61.4,2.7,7.9,4.5,83743
sldl,02036,02,036,State House District 36 (2024); Alaska,18656,29.6,58.0,0.9,4.7,1.1,73145
sldl,02037,02,037,State House District 37 (2024); Alaska,17518,17.4,19.3,3.1,7.7,17.4,82162
sldl,02038,02,038,State House District 38 (2024); Alaska,17428,12.9,8.1,1.2,1.5,1.1,74764
sldl,02039,02,039,State House District 39 (2024); Alaska,17548,10.7,8.9,0.8,1.8,1.0,64142
sldl,02040,02,040,State House District 40 (2024); Alaska,18251,13.8,22.1,0.9,4.1,3.8,90042
sldl,04001,04,001,State House District 1 (2024); Arizona,246671,30.4,77.3,0.5,15.5,1.1,69555
sldl,04002,04,002,State House District 2 (2024); Arizona,253802,35.0,58.6,5.0,23.9,6.5,81548
sldl,04003,04,003,State House District 3 (2024); Arizona,240816,57.4,81.6,1.3,7.3,4.5,132332
sldl,04004,04,004,State House District 4 (2024); Arizona,246417,60.0,75.0,2.1,11.6,5.8,110119
sldl,04005,04,005,State House District 5 (2024); Arizona,241537,42.4,47.3,6.7,35.3,3.2,72795
sldl,04006,04,006,State House District 6 (2024); Arizona,221081,21.3,25.2,0.8,10.1,0.7,53804
sldl,04007,04,007,State House District 7 (2024); Arizona,253467,28.2,69.9,1.8,19.3,1.3,68654
sldl,04008,04,008,State House District 8 (2024); Arizona,250737,44.9,51.3,6.5,27.2,5.7,76772
sldl,04009,04,009,State House District 9 (2024); Arizona,236406,28.0,48.8,4.5,37.0,2.1,70322
sldl,04010,04,010,State House District 10 (2024); Arizona,239291,31.5,71.5,2.8,18.0,2.3,80144
sldl,04011,04,011,State House District 11 (2024); Arizona,239419,23.6,18.9,15.4,57.2,3.0,75860
sldl,04012,04,012,State House District 12 (2024); Arizona,243790,50.9,59.3,5.0,19.3,8.5,103398
sldl,04013,04,013,State House District 13 (2024); Arizona,237864,47.6,56.2,5.1,20.5,11.5,108196
sldl,04014,04,014,State House District 14 (2024); Arizona,253967,49.1,66.1,3.1,17.5,6.4,126890
sldl,04015,04,015,State House District 15 (2024); Arizona,266581,35.0,66.4,3.6,20.9,2.6,112340
sldl,04016,04,016,State House District 16 (2024); Arizona,261084,20.8,43.6,6.1,36.3,1.8,76249
sldl,04017,04,017,State House District 17 (2024); Arizona,249296,47.0,67.1,2.7,21.0,3.0,99900
sldl,04018,04,018,State House District 18 (2024); Arizona,244209,46.3,62.7,3.8,22.6,4.1,71906
sldl,04019,04,019,State House District 19 (2024); Arizona,233949,30.9,59.9,2.7,30.0,1.7,69314
sldl,04020,04,020,State House District 20 (2024); Arizona,241065,27.6,34.9,2.6,53.0,3.2,47249
sldl,04021,04,021,State House District 21 (2024); Arizona,246628,22.5,29.8,4.0,59.7,1.6,59248
sldl,04022,04,022,State House District 22 (2024); Arizona,257571,17.4,19.8,11.0,62.0,2.6,84645
sldl,04023,04,023,State House District 23 (2024); Arizona,241104,20.0,25.5,3.4,62.6,1.3,72649
sldl,04024,04,024,State House District 24 (2024); Arizona,236250,12.2,19.2,6.4,67.6,2.4,63324
sldl,04025,04,025,State House District 25 (2024); Arizona,275769,23.5,49.5,4.2,38.5,1.7,88633
sldl,04026,04,026,State House District 26 (2024); Arizona,241317,15.7,19.7,7.4,63.9,3.2,59504
sldl,04027,04,027,State House District 27 (2024); Arizona,243762,29.7,57.9,3.8,27.4,4.1,84663
sldl,04028,04,028,State House District 28 (2024); Arizona,232401,38.7,77.9,2.2,9.9,4.6,87326
sldl,04029,04,029,State House District 29 (2024); Arizona,256972,30.4,57.9,5.0,27.0,2.7,92494
sldl,04030,04,030,State House District 30 (2024); Arizona,245615,15.9,74.6,1.0,17.4,1.1,57263
sldl,05001,05,001,State House District 1 (2024); Arkansas,30773,15.7,92.8,0.1,1.6,0.1,54389
sldl,05002,05,002,State House District 2 (2024); Arkansas,31901,14.2,89.2,0.8,2.2,0.6,41975
sldl,05003,05,003,State House District 3 (2024); Arkansas,31627,18.9,91.3,0.3,2.6,0.5,47714
sldl,05004,05,004,State House District 4 (2024); Arkansas,30072,16.8,91.6,0.2,3.0,0.9,48641
sldl,05005,05,005,State House District 5 (2024); Arkansas,31225,18.2,91.8,0.3,3.7,0.4,54909
sldl,05006,05,006,State House District 6 (2024); Arkansas,30223,19.3,78.6,0.4,10.2,0.3,55794
sldl,05007,05,007,State House District 7 (2024); Arkansas,31247,24.5,46.2,0.2,36.6,1.0,82566
sldl,05008,05,008,State House District 8 (2024); Arkansas,31919,33.5,66.7,1.4,15.7,1.0,93871
sldl,05009,05,009,State House District 9 (2024); Arkansas,31001,11.8,18.1,3.9,52.5,3.6,64497
sldl,05010,05,010,State House District 10 (2024); Arkansas,32310,51.1,68.3,3.4,8.1,4.5,113125
sldl,05011,05,011,State House District 11 (2024); Arkansas,30136,20.4,36.0,0.9,42.4,0.8,69697
sldl,05012,05,012,State House District 12 (2024); Arkansas,30798,34.0,77.4,0.8,6.0,2.3,78980
sldl,05013,05,013,State House District 13 (2024); Arkansas,32437,53.1,49.1,2.4,12.3,17.0,98292
sldl,05014,05,014,State House District 14 (2024); Arkansas,36923,43.1,55.8,4.0,14.9,7.0,109586
sldl,05015,05,015,State House District 15 (2024); Arkansas,29536,28.1,46.7,1.4,34.0,2.9,72163
sldl,05016,05,016,State House District 16 (2024); Arkansas,31547,49.8,66.5,0.9,14.0,2.7,128066
sldl,05017,05,017,State House District 17 (2024); Arkansas,31382,26.9,53.9,1.0,19.1,3.2,75754
sldl,05018,05,018,State House District 18 (2024); Arkansas,31857,46.4,63.8,2.4,13.4,2.3,97675
sldl,05019,05,019,State House District 19 (2024); Arkansas,31070,39.2,54.0,3.0,26.8,3.1,71059
sldl,05020,05,020,State House District 20 (2024); Arkansas,32067,53.2,73.9,3.7,9.6,1.9,94159
sldl,05021,05,021,State House District 21 (2024); Arkansas,30889,41.1,65.9,6.4,8.4,2.8,36568
sldl,05022,05,022,State House District 22 (2024); Arkansas,31181,42.2,72.2,4.2,8.0,2.1,80257
sldl,05023,05,023,State House District 23 (2024); Arkansas,30817,26.7,70.2,1.0,6.5,2.4,72913
sldl,05024,05,024,State House District 24 (2024); Arkansas,29167,20.0,84.2,1.0,5.1,0.4,67918
sldl,05025,05,025,State House District 25 (2024); Arkansas,30221,24.4,82.5,0.2,4.7,1.1,73527
sldl,05026,05,026,State House District 26 (2024); Arkansas,31704,13.1,72.4,0.1,9.0,1.3,55610
sldl,05027,05,027,State House District 27 (2024); Arkansas,31436,17.6,89.4,0.7,2.3,0.3,47223
sldl,05028,05,028,State House District 28 (2024); Arkansas,29494,14.5,90.9,0.9,2.5,0.6,52777
sldl,05029,05,029,State House District 29 (2024); Arkansas,30283,18.2,78.5,13.0,3.9,0.3,60120
sldl,05030,05,030,State House District 30 (2024); Arkansas,32088,28.0,84.3,7.6,2.8,0.0,66325
sldl,05031,05,031,State House District 31 (2024); Arkansas,31638,16.2,86.1,3.3,4.9,0.6,56655
sldl,05032,05,032,State House District 32 (2024); Arkansas,31243,29.1,60.6,23.8,8.4,1.1,49345
sldl,05033,05,033,State House District 33 (2024); Arkansas,29542,20.4,87.4,4.6,3.8,0.7,57609
sldl,05034,05,034,State House District 34 (2024); Arkansas,29139,13.8,44.5,45.6,4.6,0.7,50733
sldl,05035,05,035,State House District 35 (2024); Arkansas,29824,15.8,35.2,54.1,3.3,0.6,54864
sldl,05036,05,036,State House District 36 (2024); Arkansas,31785,17.7,65.9,17.8,8.7,1.2,46705
sldl,05037,05,037,State House District 37 (2024); Arkansas,30291,17.6,66.9,23.1,2.7,1.6,50358
sldl,05038,05,038,State House District 38 (2024); Arkansas,31614,29.9,79.5,10.8,3.9,1.6,61915
sldl,05039,05,039,State House District 39 (2024); Arkansas,30452,13.5,81.6,8.4,3.5,0.3,45460
sldl,05040,05,040,State House District 40 (2024); Arkansas,31680,18.1,79.9,1.6,10.8,1.0,53484
sldl,05041,05,041,State House District 41 (2024); Arkansas,31623,17.7,90.9,0.3,2.9,0.2,53561
sldl,05042,05,042,State House District 42 (2024); Arkansas,30172,24.7,89.3,3.0,3.3,0.3,66288
sldl,05043,05,043,State House District 43 (2024); Arkansas,30621,17.6,83.9,8.0,4.5,0.3,51799
sldl,05044,05,044,State House District 44 (2024); Arkansas,28320,20.1,89.3,0.8,4.2,0.5,58127
sldl,05045,05,045,State House District 45 (2024); Arkansas,31706,19.6,78.7,1.2,12.7,2.7,53153
sldl,05046,05,046,State House District 46 (2024); Arkansas,29761,16.1,86.7,1.2,3.4,1.4,56958
sldl,05047,05,047,State House District 47 (2024); Arkansas,29987,21.5,86.2,0.7,4.5,1.3,67821
sldl,05048,05,048,State House District 48 (2024); Arkansas,30265,19.5,65.1,3.2,18.2,3.3,61346
sldl,05049,05,049,State House District 49 (2024); Arkansas,28181,9.3,35.7,8.2,39.6,6.6,40145
sldl,05050,05,050,State House District 50 (2024); Arkansas,29849,26.3,70.9,8.4,11.0,1.4,56384
sldl,05051,05,051,State House District 51 (2024); Arkansas,33210,34.8,72.6,3.2,8.6,7.2,75094
sldl,05052,05,052,State House District 52 (2024); Arkansas,29791,14.5,75.2,1.5,17.3,2.2,53432
sldl,05053,05,053,State House District 53 (2024); Arkansas,29797,29.5,70.8,3.8,18.3,1.1,52267
sldl,05054,05,054,State House District 54 (2024); Arkansas,28898,27.9,84.2,6.4,4.5,0.9,59518
sldl,05055,05,055,State House District 55 (2024); Arkansas,33000,46.5,68.1,19.5,6.8,1.4,60323
sldl,05056,05,056,State House District 56 (2024); Arkansas,31603,34.5,67.9,15.4,9.0,1.3,66426
sldl,05057,05,057,State House District 57 (2024); Arkansas,30021,24.3,91.1,1.1,3.7,0.1,71360
sldl,05058,05,058,State House District 58 (2024); Arkansas,32475,28.1,79.0,9.3,5.9,0.9,57738
sldl,05059,05,059,State House District 59 (2024); Arkansas,29968,21.9,86.6,2.1,5.6,1.3,72426
sldl,05060,05,060,State House District 60 (2024); Arkansas,32418,16.3,79.5,10.7,4.8,0.1,59304
sldl,05061,05,061,State House District 61 (2024); Arkansas,29506,14.2,65.7,27.6,3.4,0.2,50423
sldl,05062,05,062,State House District 62 (2024); Arkansas,27745,12.6,40.5,53.6,2.1,0.6,40903
sldl,05063,05,063,State House District 63 (2024); Arkansas,29323,15.6,38.3,53.0,3.7,0.6,47283
sldl,05064,05,064,State House District 64 (2024); Arkansas,28658,18.8,24.8,67.7,4.3,0.1,46186
sldl,05065,05,065,State House District 65 (2024); Arkansas,29712,15.2,24.3,68.5,2.5,0.9,42730
sldl,05066,05,066,State House District 66 (2024); Arkansas,27572,21.0,31.5,54.4,6.9,1.0,45888
sldl,05067,05,067,State House District 67 (2024); Arkansas,33911,32.9,51.3,38.3,4.0,1.8,73699
sldl,05068,05,068,State House District 68 (2024); Arkansas,31381,25.4,85.4,2.7,5.3,1.2,77276
sldl,05069,05,069,State House District 69 (2024); Arkansas,30480,25.0,75.2,12.1,4.7,1.4,64261
sldl,05070,05,070,State House District 70 (2024); Arkansas,30121,40.2,69.5,20.3,4.0,1.0,84429
sldl,05071,05,071,State House District 71 (2024); Arkansas,28615,45.1,62.4,26.1,3.8,2.3,75424
sldl,05072,05,072,State House District 72 (2024); Arkansas,29538,20.1,30.3,53.6,11.2,0.5,36682
sldl,05073,05,073,State House District 73 (2024); Arkansas,31758,66.8,71.9,16.4,3.4,4.0,86853
sldl,05074,05,074,State House District 74 (2024); Arkansas,30330,61.1,67.3,19.9,4.8,2.3,72602
sldl,05075,05,075,State House District 75 (2024); Arkansas,29290,62.1,64.2,20.4,3.3,8.4,93512
sldl,05076,05,076,State House District 76 (2024); Arkansas,27427,22.6,21.0,66.6,6.3,1.7,37462
sldl,05077,05,077,State House District 77 (2024); Arkansas,31599,29.7,23.5,53.4,18.4,2.5,51393
sldl,05078,05,078,State House District 78 (2024); Arkansas,29708,49.3,79.9,6.0,6.7,2.4,109052
sldl,05079,05,079,State House District 79 (2024); Arkansas,32072,23.3,15.8,56.6,23.2,0.0,47309
sldl,05080,05,080,State House District 80 (2024); Arkansas,29612,18.9,32.9,50.4,12.7,0.3,46518
sldl,05081,05,081,State House District 81 (2024); Arkansas,32613,29.3,67.7,15.2,11.1,1.5,79992
sldl,05082,05,082,State House District 82 (2024); Arkansas,30014,23.3,77.3,12.6,5.8,0.4,63871
sldl,05083,05,083,State House District 83 (2024); Arkansas,32156,35.0,85.9,3.6,5.6,1.0,85815
sldl,05084,05,084,State House District 84 (2024); Arkansas,29048,25.5,69.8,12.3,11.8,0.8,52369
sldl,05085,05,085,State House District 85 (2024); Arkansas,28857,21.6,88.2,2.5,4.7,0.2,60519
sldl,05086,05,086,State House District 86 (2024); Arkansas,30558,17.7,88.3,0.3,5.8,0.3,47782
sldl,05087,05,087,State House District 87 (2024); Arkansas,28493,13.2,61.3,10.6,21.4,0.2,52414
sldl,05088,05,088,State House District 88 (2024); Arkansas,29715,15.1,52.2,28.5,15.2,0.7,47469
sldl,05089,05,089,State House District 89 (2024); Arkansas,28381,17.4,75.5,14.8,6.1,0.6,51955
sldl,05090,05,090,State House District 90 (2024); Arkansas,30425,27.8,80.3,11.7,3.8,0.3,62099
sldl,05091,05,091,State House District 91 (2024); Arkansas,31052,27.5,75.6,9.8,7.8,1.0,54386
sldl,05092,05,092,State House District 92 (2024); Arkansas,30229,22.3,86.2,4.5,4.8,0.8,72336
sldl,05093,05,093,State House District 93 (2024); Arkansas,28527,20.4,80.0,11.8,3.2,0.9,62234
sldl,05094,05,094,State House District 94 (2024); Arkansas,29649,20.1,56.3,30.9,8.9,0.4,40905
sldl,05095,05,095,State House District 95 (2024); Arkansas,28194,14.6,57.3,33.9,6.4,0.1,42133
sldl,05096,05,096,State House District 96 (2024); Arkansas,29201,16.1,68.5,25.8,2.3,0.2,49887
sldl,05097,05,097,State House District 97 (2024); Arkansas,29025,20.3,56.3,34.2,5.3,1.1,57213
sldl,05098,05,098,State House District 98 (2024); Arkansas,29865,15.9,47.6,46.5,2.5,0.4,45902
sldl,05099,05,099,State House District 99 (2024); Arkansas,28847,19.3,76.5,16.4,3.5,0.3,58239
sldl,05100,05,100,State House District 100 (2024); Arkansas,29979,14.9,56.1,33.6,4.5,1.1,43826
sldl,06001,06,001,Assembly District 1 (2024); California,506582,29.3,75.5,1.0,13.1,2.4,77730
sldl,06002,06,002,Assembly District 2 (2024); California,499828,33.8,63.0,1.2,23.5,3.1,80480
sldl,06003,06,003,Assembly District 3 (2024); California,492768,24.6,56.1,1.8,27.1,7.6,71690
sldl,06004,06,004,Assembly District 4 (2024); California,476114,37.4,47.5,2.0,34.2,9.6,91167
sldl,06005,06,005,Assembly District 5 (2024); California,514680,43.3,66.7,1.4,15.2,8.8,118644
sldl,06006,06,006,Assembly District 6 (2024); California,513206,38.9,42.7,9.6,24.4,14.1,88541
sldl,06007,06,007,Assembly District 7 (2024); California,500487,34.4,56.7,6.0,19.5,10.3,93008
sldl,06008,06,008,Assembly District 8 (2024); California,516380,35.4,54.4,2.4,28.0,8.8,92309
sldl,06009,06,009,Assembly District 9 (2024); California,493962,22.7,43.5,2.3,39.8,9.0,95692
sldl,06010,06,010,Assembly District 10 (2024); California,522465,29.8,22.0,11.9,26.9,29.3,93804
sldl,06011,06,011,Assembly District 11 (2024); California,522416,28.3,34.7,11.8,30.1,14.9,103844
sldl,06012,06,012,Assembly District 12 (2024); California,480388,50.2,60.9,1.9,24.8,5.7,122418
sldl,06013,06,013,Assembly District 13 (2024); California,492387,22.8,19.1,8.9,43.9,21.8,90706
sldl,06014,06,014,Assembly District 14 (2024); California,469075,54.3,35.3,10.1,26.7,19.6,117245
sldl,06015,06,015,Assembly District 15 (2024); California,510122,34.1,35.6,9.1,32.6,14.4,112910
sldl,06016,06,016,Assembly District 16 (2024); California,510017,69.4,48.6,2.2,11.8,30.3,185368
sldl,06017,06,017,Assembly District 17 (2024); California,486776,56.7,34.1,6.3,19.1,33.3,124944
sldl,06018,06,018,Assembly District 18 (2024); California,480300,47.8,26.5,18.8,28.0,18.4,100676
sldl,06019,06,019,Assembly District 19 (2024); California,487249,58.1,33.0,2.4,14.7,43.0,151383
sldl,06020,06,020,Assembly District 20 (2024); California,499125,38.3,19.8,7.6,31.2,34.9,119107
sldl,06021,06,021,Assembly District 21 (2024); California,479435,55.5,34.8,2.2,27.9,27.3,162705
sldl,06022,06,022,Assembly District 22 (2024); California,471989,18.8,34.7,2.8,51.2,6.3,79314
sldl,06023,06,023,Assembly District 23 (2024); California,461320,72.6,44.5,1.5,13.8,33.2,198851
sldl,06024,06,024,Assembly District 24 (2024); California,472319,57.7,13.8,2.5,16.4,62.6,175412
sldl,06025,06,025,Assembly District 25 (2024); California,478762,35.6,13.9,3.1,40.9,38.3,123222
sldl,06026,06,026,Assembly District 26 (2024); California,468242,67.1,26.2,1.9,17.7,49.1,178090
sldl,06027,06,027,Assembly District 27 (2024); California,531388,15.1,19.0,3.3,67.6,6.5,66677
sldl,06028,06,028,Assembly District 28 (2024); California,466394,57.4,50.2,1.6,21.8,19.6,163389
sldl,06029,06,029,Assembly District 29 (2024); California,498763,19.1,18.0,1.3,73.4,4.4,98551
sldl,06030,06,030,Assembly District 30 (2024); California,475894,44.7,62.4,1.7,24.6,4.8,102234
sldl,06031,06,031,Assembly District 31 (2024); California,491714,15.7,16.1,5.1,64.0,11.4,59360
sldl,06032,06,032,Assembly District 32 (2024); California,525114,27.8,48.2,2.7,37.4,6.1,88222
sldl,06033,06,033,Assembly District 33 (2024); California,522155,12.9,21.8,2.5,69.8,3.1,66088
sldl,06034,06,034,Assembly District 34 (2024); California,520465,22.3,41.3,8.5,39.5,4.1,79298
sldl,06035,06,035,Assembly District 35 (2024); California,493186,10.4,12.8,5.1,75.6,4.2,58147
sldl,06036,06,036,Assembly District 36 (2024); California,497029,18.2,20.1,3.5,69.8,3.0,69462
sldl,06037,06,037,Assembly District 37 (2024); California,470598,36.6,41.1,1.5,47.7,5.1,99319
sldl,06038,06,038,Assembly District 38 (2024); California,482685,28.2,30.6,1.5,58.7,5.2,96664
sldl,06039,06,039,Assembly District 39 (2024); California,475043,12.5,15.4,14.5,63.4,2.7,70930
sldl,06040,06,040,Assembly District 40 (2024); California,515952,41.8,39.4,4.6,34.4,15.9,121328
sldl,06041,06,041,Assembly District 41 (2024); California,479567,48.8,40.5,6.2,33.1,14.1,114562
sldl,06042,06,042,Assembly District 42 (2024); California,509665,54.5,62.1,1.9,20.1,9.3,142840
sldl,06043,06,043,Assembly District 43 (2024); California,486915,19.0,14.7,2.9,72.6,7.5,75777
sldl,06044,06,044,Assembly District 44 (2024); California,506709,50.9,57.9,4.1,21.1,10.5,99887
sldl,06045,06,045,Assembly District 45 (2024); California,496385,17.0,14.6,9.6,67.1,4.7,80593
sldl,06046,06,046,Assembly District 46 (2024); California,502281,39.7,38.7,4.4,40.0,11.6,91381
sldl,06047,06,047,Assembly District 47 (2024); California,527332,31.1,47.7,3.6,39.9,4.3,80220
sldl,06048,06,048,Assembly District 48 (2024); California,467036,26.1,13.9,2.7,61.1,19.2,97090
sldl,06049,06,049,Assembly District 49 (2024); California,461681,39.6,10.7,1.3,31.0,53.6,92032
sldl,06050,06,050,Assembly District 50 (2024); California,490132,26.1,18.7,7.4,60.2,9.8,92048
sldl,06051,06,051,Assembly District 51 (2024); California,488132,63.9,55.5,5.0,18.1,14.4,95767
sldl,06052,06,052,Assembly District 52 (2024); California,504957,38.1,27.5,1.8,55.0,11.9,84656
sldl,06053,06,053,Assembly District 53 (2024); California,475947,22.5,12.9,5.7,66.9,11.4,87424
sldl,06054,06,054,Assembly District 54 (2024); California,504275,28.0,7.9,4.7,64.0,20.7,57939
sldl,06055,06,055,Assembly District 55 (2024); California,467124,48.9,29.1,19.6,33.7,10.4,93558
sldl,06056,06,056,Assembly District 56 (2024); California,479545,29.7,9.9,1.4,58.2,27.8,96001
sldl,06057,06,057,Assembly District 57 (2024); California,497583,14.8,4.5,14.5,74.1,4.3,56565
sldl,06058,06,058,Assembly District 58 (2024); California,503013,21.7,21.1,4.9,63.0,7.7,91651
sldl,06059,06,059,Assembly District 59 (2024); California,470942,50.1,40.7,2.3,27.7,24.0,134737
sldl,06060,06,060,Assembly District 60 (2024); California,475058,15.4,16.8,10.3,64.7,3.9,84575
sldl,06061,06,061,Assembly District 61 (2024); California,472903,34.3,18.1,24.7,46.0,6.1,84922
sldl,06062,06,062,Assembly District 62 (2024); California,457211,16.7,9.2,5.5,77.2,5.7,79947
sldl,06063,06,063,Assembly District 63 (2024); California,496391,31.9,36.4,6.5,39.8,11.5,116271
sldl,06064,06,064,Assembly District 64 (2024); California,497745,23.4,12.7,2.5,73.2,9.3,90506
sldl,06065,06,065,Assembly District 65 (2024); California,486262,18.4,6.7,18.2,63.8,8.0,75015
sldl,06066,06,066,Assembly District 66 (2024); California,460501,57.0,41.9,3.5,22.1,24.6,130184
sldl,06067,06,067,Assembly District 67 (2024); California,462976,36.2,19.3,2.9,41.7,32.0,102756
sldl,06068,06,068,Assembly District 68 (2024); California,486342,22.8,15.3,1.2,70.6,10.4,95393
sldl,06069,06,069,Assembly District 69 (2024); California,466848,36.9,26.7,9.6,41.9,16.0,92061
sldl,06070,06,070,Assembly District 70 (2024); California,466270,29.6,22.1,1.1,33.9,38.6,94933
sldl,06071,06,071,Assembly District 71 (2024); California,493888,43.2,52.7,3.4,25.7,10.7,130184
sldl,06072,06,072,Assembly District 72 (2024); California,487187,55.5,60.3,1.4,17.9,13.5,125862
sldl,06073,06,073,Assembly District 73 (2024); California,501729,60.7,35.8,2.0,21.7,33.6,125415
sldl,06074,06,074,Assembly District 74 (2024); California,509962,42.3,51.1,2.9,32.3,6.8,109469
sldl,06075,06,075,Assembly District 75 (2024); California,468483,38.6,57.9,2.2,25.8,7.1,120189
sldl,06076,06,076,Assembly District 76 (2024); California,464404,48.8,43.2,1.9,31.0,17.5,121662
sldl,06077,06,077,Assembly District 77 (2024); California,505968,67.1,63.7,2.2,16.5,10.4,130771
sldl,06078,06,078,Assembly District 78 (2024); California,518173,53.6,49.8,4.1,22.8,15.8,108164
sldl,06079,06,079,Assembly District 79 (2024); California,505699,26.3,27.0,11.0,42.8,12.7,80544
sldl,06080,06,080,Assembly District 80 (2024); California,511382,27.4,14.9,4.6,64.4,12.1,91603
sldl,08001,08,001,State House District 1 (2024); Colorado,85987,34.4,41.7,3.1,45.0,5.5,82559
sldl,08002,08,002,State House District 2 (2024); Colorado,86515,80.2,82.6,1.7,7.9,2.6,129832
sldl,08003,08,003,State House District 3 (2024); Colorado,87214,52.4,62.0,6.5,21.4,4.0,82746
sldl,08004,08,004,State House District 4 (2024); Colorado,87427,54.7,51.9,2.9,37.7,1.9,99664
sldl,08005,08,005,State House District 5 (2024); Colorado,85697,60.0,55.4,4.8,30.8,2.9,98859
sldl,08006,08,006,State House District 6 (2024); Colorado,87293,63.6,66.7,8.3,15.6,3.2,77475
sldl,08007,08,007,State House District 7 (2024); Colorado,96263,31.3,19.8,23.1,47.1,5.4,103531
sldl,08008,08,008,State House District 8 (2024); Colorado,89420,63.3,56.5,13.5,19.8,2.9,112460
sldl,08009,08,009,State House District 9 (2024); Colorado,92992,57.0,58.9,11.3,18.7,3.8,82157
sldl,08010,08,010,State House District 10 (2024); Colorado,87951,75.0,76.1,1.0,11.9,6.0,75792
sldl,08011,08,011,State House District 11 (2024); Colorado,87799,45.9,65.5,0.9,24.8,3.6,87655
sldl,08012,08,012,State House District 12 (2024); Colorado,85779,69.2,75.2,0.7,12.2,5.5,137727
sldl,08013,08,013,State House District 13 (2024); Colorado,92565,47.8,77.9,0.6,13.7,0.9,97222
sldl,08014,08,014,State House District 14 (2024); Colorado,95273,59.9,73.7,3.5,11.3,4.0,124738
sldl,08015,08,015,State House District 15 (2024); Colorado,97084,41.3,57.6,6.0,22.2,4.8,103072
sldl,08016,08,016,State House District 16 (2024); Colorado,88853,34.6,67.4,4.4,19.1,1.5,71754
sldl,08017,08,017,State House District 17 (2024); Colorado,85960,21.8,41.3,11.8,36.3,2.4,62772
sldl,08018,08,018,State House District 18 (2024); Colorado,86755,50.4,74.8,3.0,13.4,2.4,77999
sldl,08019,08,019,State House District 19 (2024); Colorado,98539,51.6,71.1,0.5,18.2,4.4,135191
sldl,08020,08,020,State House District 20 (2024); Colorado,94005,52.9,78.2,3.4,9.5,2.3,145589
sldl,08021,08,021,State House District 21 (2024); Colorado,87003,30.2,56.7,9.0,23.9,2.9,85474
sldl,08022,08,022,State House District 22 (2024); Colorado,89026,41.5,70.8,3.9,16.7,2.4,89675
sldl,08023,08,023,State House District 23 (2024); Colorado,86901,49.9,74.7,1.8,16.8,2.3,95563
sldl,08024,08,024,State House District 24 (2024); Colorado,88036,50.0,77.1,0.9,15.4,1.9,111475
sldl,08025,08,025,State House District 25 (2024); Colorado,87271,61.8,84.9,0.4,8.1,1.5,141054
sldl,08026,08,026,State House District 26 (2024); Colorado,91502,45.7,70.0,0.4,21.6,1.1,96366
sldl,08027,08,027,State House District 27 (2024); Colorado,90176,58.7,78.5,0.9,12.2,3.6,133592
sldl,08028,08,028,State House District 28 (2024); Colorado,84564,51.4,74.7,0.9,16.3,3.6,111384
sldl,08029,08,029,State House District 29 (2024); Colorado,87800,50.3,70.7,1.0,17.9,4.9,111782
sldl,08030,08,030,State House District 30 (2024); Colorado,86829,39.9,61.4,1.6,28.9,3.7,84903
sldl,08031,08,031,State House District 31 (2024); Colorado,85934,25.4,39.8,2.2,48.7,4.1,90165
sldl,08032,08,032,State House District 32 (2024); Colorado,92974,22.9,38.0,3.0,52.7,2.3,102337
sldl,08033,08,033,State House District 33 (2024); Colorado,90335,58.5,71.6,1.0,15.1,7.1,126338
sldl,08034,08,034,State House District 34 (2024); Colorado,89498,34.3,56.1,2.8,30.2,5.3,103474
sldl,08035,08,035,State House District 35 (2024); Colorado,86642,25.6,37.1,1.3,54.9,2.7,72979
sldl,08036,08,036,State House District 36 (2024); Colorado,96540,27.9,31.5,14.7,40.2,6.4,94345
sldl,08037,08,037,State House District 37 (2024); Colorado,87638,69.0,70.1,2.8,11.3,8.7,127839
sldl,08038,08,038,State House District 38 (2024); Colorado,88611,58.8,79.5,1.5,11.4,2.6,114979
sldl,08039,08,039,State House District 39 (2024); Colorado,93359,66.1,78.6,1.7,8.3,6.3,152912
sldl,08040,08,040,State House District 40 (2024); Colorado,88145,38.6,51.8,12.5,21.5,6.4,107171
sldl,08041,08,041,State House District 41 (2024); Colorado,88015,34.3,43.5,17.7,26.9,6.0,79396
sldl,08042,08,042,State House District 42 (2024); Colorado,91220,23.6,24.3,20.9,44.9,4.2,64862
sldl,08043,08,043,State House District 43 (2024); Colorado,87875,65.8,78.2,0.9,10.1,5.8,150467
sldl,08044,08,044,State House District 44 (2024); Colorado,95016,58.9,72.6,1.9,11.0,8.3,141665
sldl,08045,08,045,State House District 45 (2024); Colorado,96648,57.5,78.5,0.7,11.5,2.7,151430
sldl,08046,08,046,State House District 46 (2024); Colorado,88384,27.4,51.6,2.3,40.8,0.9,63317
sldl,08047,08,047,State House District 47 (2024); Colorado,93708,21.7,58.9,1.4,34.4,0.9,61063
sldl,08048,08,048,State House District 48 (2024); Colorado,94392,22.4,53.7,1.8,39.2,1.1,100666
sldl,08049,08,049,State House District 49 (2024); Colorado,85158,61.4,87.3,0.5,6.3,1.3,119461
sldl,08050,08,050,State House District 50 (2024); Colorado,86974,20.2,42.5,2.9,49.8,1.3,60804
sldl,08051,08,051,State House District 51 (2024); Colorado,90200,40.0,79.0,1.0,14.8,1.3,85592
sldl,08052,08,052,State House District 52 (2024); Colorado,89198,59.9,75.9,1.3,13.7,3.6,101855
sldl,08053,08,053,State House District 53 (2024); Colorado,91370,59.7,78.7,1.2,12.3,2.8,68908
sldl,08054,08,054,State House District 54 (2024); Colorado,91562,26.4,78.7,0.4,15.5,0.5,71220
sldl,08055,08,055,State House District 55 (2024); Colorado,89402,36.3,78.0,0.7,15.6,1.2,69791
sldl,08056,08,056,State House District 56 (2024); Colorado,91014,31.3,75.5,1.7,15.6,1.2,108815
sldl,08057,08,057,State House District 57 (2024); Colorado,87932,41.9,65.9,0.5,27.9,1.0,96791
sldl,08058,08,058,State House District 58 (2024); Colorado,92095,40.9,79.1,0.5,15.2,0.4,75265
sldl,08059,08,059,State House District 59 (2024); Colorado,92047,43.7,74.2,0.3,13.7,0.8,77885
sldl,08060,08,060,State House District 60 (2024); Colorado,91629,29.5,78.9,2.1,12.6,0.8,74502
sldl,08061,08,061,State House District 61 (2024); Colorado,93482,56.4,66.0,6.5,11.9,9.4,147786
sldl,08062,08,062,State House District 62 (2024); Colorado,90443,24.4,43.6,1.4,50.2,0.5,52093
sldl,08063,08,063,State House District 63 (2024); Colorado,88288,22.3,68.2,1.7,25.8,0.5,69528
sldl,08064,08,064,State House District 64 (2024); Colorado,97201,37.4,71.1,0.5,24.1,1.4,105067
sldl,08065,08,065,State House District 65 (2024); Colorado,100781,52.8,79.2,0.8,14.7,1.1,122927
sldl,09001,09,001,State House District 1 (2024); Connecticut,21469,29.3,20.9,47.3,23.2,2.1,44792
sldl,09002,09,002,State House District 2 (2024); Connecticut,24170,45.9,63.6,7.3,14.2,6.6,109340
sldl,09003,09,003,State House District 3 (2024); Connecticut,22586,15.0,8.6,18.3,67.0,2.0,45200
sldl,09004,09,004,State House District 4 (2024); Connecticut,23195,27.5,19.0,19.0,52.7,6.2,44531
sldl,09005,09,005,State House District 5 (2024); Connecticut,24797,29.2,21.3,45.2,22.6,5.4,75770
sldl,09006,09,006,State House District 6 (2024); Connecticut,23331,15.6,19.9,23.6,51.6,1.9,54762
sldl,09007,09,007,State House District 7 (2024); Connecticut,23832,12.8,11.1,53.7,28.5,1.3,39518
sldl,09008,09,008,State House District 8 (2024); Connecticut,23662,43.1,87.4,0.6,6.9,0.9,117813
sldl,09009,09,009,State House District 9 (2024); Connecticut,24474,33.3,42.0,18.7,22.5,10.4,84272
sldl,09010,09,010,State House District 10 (2024); Connecticut,22706,15.2,33.9,19.7,38.9,2.7,71670
sldl,09011,09,011,State House District 11 (2024); Connecticut,24721,30.3,27.2,23.2,34.2,12.1,75810
sldl,09012,09,012,State House District 12 (2024); Connecticut,22981,34.9,57.4,12.4,19.8,6.5,86627
sldl,09013,09,013,State House District 13 (2024); Connecticut,22620,48.8,63.3,10.1,14.2,7.3,92801
sldl,09014,09,014,State House District 14 (2024); Connecticut,23677,59.9,67.0,3.5,5.1,20.1,154892
sldl,09015,09,015,State House District 15 (2024); Connecticut,23173,41.8,32.9,49.5,8.1,4.0,100060
sldl,09016,09,016,State House District 16 (2024); Connecticut,25066,71.9,82.8,2.7,6.3,4.3,157907
sldl,09017,09,017,State House District 17 (2024); Connecticut,24475,65.6,80.1,1.5,4.0,9.7,140879
sldl,09018,09,018,State House District 18 (2024); Connecticut,24750,68.5,68.8,9.8,11.2,4.3,115369
sldl,09019,09,019,State House District 19 (2024); Connecticut,24694,79.6,75.9,2.7,4.1,11.2,188844
sldl,09020,09,020,State House District 20 (2024); Connecticut,24168,50.1,66.1,6.5,15.3,8.1,102555
sldl,09021,09,021,State House District 21 (2024); Connecticut,25184,68.0,71.3,2.3,7.4,15.7,141997
sldl,09022,09,022,State House District 22 (2024); Connecticut,23281,36.8,79.2,2.0,9.3,4.5,86118
sldl,09023,09,023,State House District 23 (2024); Connecticut,23649,55.3,87.8,0.5,5.5,1.2,118258
sldl,09024,09,024,State House District 24 (2024); Connecticut,24424,20.9,39.0,11.5,44.7,1.3,71798
sldl,09025,09,025,State House District 25 (2024); Connecticut,23101,12.1,32.8,8.6,51.8,2.3,44223
sldl,09026,09,026,State House District 26 (2024); Connecticut,23693,27.2,50.5,11.6,29.0,3.7,69201
sldl,09027,09,027,State House District 27 (2024); Connecticut,24861,35.8,63.9,4.8,17.5,6.2,98917
sldl,09028,09,028,State House District 28 (2024); Connecticut,23945,55.4,74.9,2.5,12.1,7.9,132061
sldl,09029,09,029,State House District 29 (2024); Connecticut,24185,46.1,70.4,5.5,10.2,10.4,98825
sldl,09030,09,030,State House District 30 (2024); Connecticut,22365,42.1,82.9,1.3,7.9,2.9,109972
sldl,09031,09,031,State House District 31 (2024); Connecticut,24737,65.5,73.7,1.3,10.4,11.0,148996
sldl,09032,09,032,State House District 32 (2024); Connecticut,23768,50.3,79.8,2.9,7.6,4.4,112860
sldl,09033,09,033,State House District 33 (2024); Connecticut,24637,41.8,65.3,11.1,11.4,7.3,80945
sldl,09034,09,034,State House District 34 (2024); Connecticut,23157,39.4,89.1,0.3,4.6,2.1,117702
sldl,09035,09,035,State House District 35 (2024); Connecticut,23381,46.8,83.9,0.3,7.9,2.3,126259
sldl,09036,09,036,State House District 36 (2024); Connecticut,23721,49.2,86.4,1.7,5.1,2.2,105353
sldl,09037,09,037,State House District 37 (2024); Connecticut,25631,48.0,81.3,2.4,5.8,5.5,108526
sldl,09038,09,038,State House District 38 (2024); Connecticut,25141,38.1,81.3,2.1,8.3,3.5,104191
sldl,09039,09,039,State House District 39 (2024); Connecticut,24114,23.7,39.7,12.1,40.5,2.8,53954
sldl,09040,09,040,State House District 40 (2024); Connecticut,24405,43.1,69.7,6.9,10.5,6.6,87330
sldl,09041,09,041,State House District 41 (2024); Connecticut,24063,51.0,75.6,3.6,9.0,4.1,102444
sldl,09042,09,042,State House District 42 (2024); Connecticut,23409,77.6,74.5,4.3,5.9,5.9,250001
sldl,09043,09,043,State House District 43 (2024); Connecticut,24832,45.4,81.1,2.4,7.7,1.5,110472
sldl,09044,09,044,State House District 44 (2024); Connecticut,25981,18.9,83.4,3.5,6.2,1.8,82856
sldl,09045,09,045,State House District 45 (2024); Connecticut,24562,25.3,85.4,0.9,4.6,1.7,93458
sldl,09046,09,046,State House District 46 (2024); Connecticut,23775,20.8,48.9,11.5,22.4,9.3,58196
sldl,09047,09,047,State House District 47 (2024); Connecticut,25075,21.4,85.5,1.3,7.1,1.5,86707
sldl,09048,09,048,State House District 48 (2024); Connecticut,24713,44.6,88.6,2.2,4.5,0.8,114769
sldl,09049,09,049,State House District 49 (2024); Connecticut,23961,22.7,51.0,4.1,39.4,1.2,55736
sldl,09050,09,050,State House District 50 (2024); Connecticut,25819,40.5,86.3,0.7,4.7,2.6,108802
sldl,09051,09,051,State House District 51 (2024); Connecticut,24127,21.7,88.0,0.6,4.3,0.8,83935
sldl,09052,09,052,State House District 52 (2024); Connecticut,26118,33.9,86.2,1.9,6.5,0.0,106791
sldl,09053,09,053,State House District 53 (2024); Connecticut,23563,48.8,82.7,0.9,9.2,2.2,113130
sldl,09054,09,054,State House District 54 (2024); Connecticut,22828,56.2,65.2,7.3,9.3,14.2,63294
sldl,09055,09,055,State House District 55 (2024); Connecticut,24514,54.8,86.0,1.3,6.1,3.7,148103
sldl,09056,09,056,State House District 56 (2024); Connecticut,23637,34.7,68.5,6.3,11.3,7.4,77873
sldl,09057,09,057,State House District 57 (2024); Connecticut,23407,49.8,77.1,5.8,4.9,6.1,122969
sldl,09058,09,058,State House District 58 (2024); Connecticut,22630,30.1,71.6,3.5,14.0,2.5,81654
sldl,09059,09,059,State House District 59 (2024); Connecticut,24976,34.7,77.5,4.9,9.1,3.2,97509
sldl,09060,09,060,State House District 60 (2024); Connecticut,24608,40.9,57.9,16.6,10.8,6.8,98438
sldl,09061,09,061,State House District 61 (2024); Connecticut,25770,41.0,79.2,6.0,6.6,2.8,112603
sldl,09062,09,062,State House District 62 (2024); Connecticut,23377,52.2,92.0,0.5,3.4,1.8,117850
sldl,09063,09,063,State House District 63 (2024); Connecticut,23346,29.2,79.5,4.0,9.3,2.1,79525
sldl,09064,09,064,State House District 64 (2024); Connecticut,24419,52.0,85.5,1.0,6.1,2.3,104765
sldl,09065,09,065,State House District 65 (2024); Connecticut,23979,22.6,68.8,5.4,18.0,3.0,65910
sldl,09066,09,066,State House District 66 (2024); Connecticut,23547,48.1,86.7,1.5,4.4,2.5,113426
sldl,09067,09,067,State House District 67 (2024); Connecticut,23888,39.8,78.1,2.3,11.6,3.2,101879
sldl,09068,09,068,State House District 68 (2024); Connecticut,24027,37.4,79.6,2.9,10.7,2.4,101036
sldl,09069,09,069,State House District 69 (2024); Connecticut,23875,54.3,83.7,4.1,6.7,3.2,116659
sldl,09070,09,070,State House District 70 (2024); Connecticut,24020,31.9,60.9,10.1,16.3,4.9,99756
sldl,09071,09,071,State House District 71 (2024); Connecticut,23155,31.5,60.0,7.3,24.2,4.2,85536
sldl,09072,09,072,State House District 72 (2024); Connecticut,26522,13.1,15.0,28.4,48.4,2.1,48239
sldl,09073,09,073,State House District 73 (2024); Connecticut,24296,19.0,29.6,23.2,36.6,2.1,59200
sldl,09074,09,074,State House District 74 (2024); Connecticut,22663,19.2,37.6,20.6,31.5,3.2,52365
sldl,09075,09,075,State House District 75 (2024); Connecticut,22520,14.3,21.6,27.6,42.7,2.4,36273
sldl,09076,09,076,State House District 76 (2024); Connecticut,24295,41.0,82.4,1.0,6.9,2.2,125051
sldl,09077,09,077,State House District 77 (2024); Connecticut,24325,33.5,66.9,4.8,18.3,4.2,97261
sldl,09078,09,078,State House District 78 (2024); Connecticut,24638,31.1,73.3,5.6,12.6,2.5,89658
sldl,09079,09,079,State House District 79 (2024); Connecticut,24245,25.8,57.1,8.4,26.2,4.0,66383
sldl,09080,09,080,State House District 80 (2024); Connecticut,23253,41.3,82.3,5.1,4.0,1.7,122404
sldl,09081,09,081,State House District 81 (2024); Connecticut,24122,40.6,84.3,2.0,4.2,4.3,114756
sldl,09082,09,082,State House District 82 (2024); Connecticut,23323,24.6,52.5,6.5,32.8,2.9,77769
sldl,09083,09,083,State House District 83 (2024); Connecticut,25204,38.7,73.7,3.3,15.4,3.6,107375
sldl,09084,09,084,State House District 84 (2024); Connecticut,22674,15.0,29.5,10.3,55.7,1.1,52906
sldl,09085,09,085,State House District 85 (2024); Connecticut,22909,37.8,72.8,2.4,18.5,2.3,93678
sldl,09086,09,086,State House District 86 (2024); Connecticut,23315,36.0,84.6,1.6,8.1,2.2,112069
sldl,09087,09,087,State House District 87 (2024); Connecticut,24336,46.5,76.5,3.8,7.7,8.7,132689
sldl,09088,09,088,State House District 88 (2024); Connecticut,25163,53.2,68.1,14.9,7.7,5.1,105885
sldl,09089,09,089,State House District 89 (2024); Connecticut,23816,51.3,77.4,5.5,4.2,5.0,138413
sldl,09090,09,090,State House District 90 (2024); Connecticut,23268,43.5,87.7,1.8,4.7,3.1,116172
sldl,09091,09,091,State House District 91 (2024); Connecticut,21336,49.2,49.4,25.7,13.9,4.5,83109
sldl,09092,09,092,State House District 92 (2024); Connecticut,23909,40.9,32.2,34.8,22.4,4.9,59632
sldl,09093,09,093,State House District 93 (2024); Connecticut,23918,30.0,21.4,43.5,24.0,3.7,40576
sldl,09094,09,094,State House District 94 (2024); Connecticut,23328,43.0,24.2,40.0,22.0,7.2,75249
sldl,09095,09,095,State House District 95 (2024); Connecticut,23508,17.9,16.1,23.4,53.5,2.3,49300
sldl,09096,09,096,State House District 96 (2024); Connecticut,24767,62.7,46.9,15.2,20.8,9.5,69880
sldl,09097,09,097,State House District 97 (2024); Connecticut,24240,28.9,35.1,17.4,41.5,2.1,51985
sldl,09098,09,098,State House District 98 (2024); Connecticut,23607,61.7,84.6,1.1,5.9,4.2,140938
sldl,09099,09,099,State House District 99 (2024); Connecticut,23429,26.4,68.6,4.0,21.8,3.5,93140
sldl,09100,09,100,State House District 100 (2024); Connecticut,23321,38.6,59.9,15.6,13.8,4.4,77750
sldl,09101,09,101,State House District 101 (2024); Connecticut,22609,67.1,84.6,0.6,4.3,4.2,162178
sldl,09102,09,102,State House District 102 (2024); Connecticut,23498,49.3,82.2,3.8,6.4,4.5,96283
sldl,09103,09,103,State House District 103 (2024); Connecticut,23840,55.6,72.7,6.1,9.2,6.4,134505
sldl,09104,09,104,State House District 104 (2024); Connecticut,24360,24.8,51.4,14.7,28.2,1.6,76250
sldl,09105,09,105,State House District 105 (2024); Connecticut,23428,36.0,66.0,9.2,16.6,2.1,105875
sldl,09106,09,106,State House District 106 (2024); Connecticut,25838,58.3,79.4,3.2,10.2,2.1,154006
sldl,09107,09,107,State House District 107 (2024); Connecticut,24676,57.7,74.0,5.3,11.3,3.7,154608
sldl,09108,09,108,State House District 108 (2024); Connecticut,25464,44.6,69.6,5.8,15.3,2.1,118254
sldl,09109,09,109,State House District 109 (2024); Connecticut,24030,34.5,39.6,10.5,31.6,7.5,89499
sldl,09110,09,110,State House District 110 (2024); Connecticut,24924,24.1,23.3,12.5,42.4,4.9,59602
sldl,09111,09,111,State House District 111 (2024); Connecticut,23506,71.8,82.3,1.9,7.9,3.3,171738
sldl,09112,09,112,State House District 112 (2024); Connecticut,24558,60.0,78.3,0.8,9.3,6.0,175481
sldl,09113,09,113,State House District 113 (2024); Connecticut,26334,42.6,64.4,8.7,13.7,9.5,106102
sldl,09114,09,114,State House District 114 (2024); Connecticut,23467,57.5,72.2,5.2,8.2,8.2,132808
sldl,09115,09,115,State House District 115 (2024); Connecticut,23166,28.0,45.2,19.6,26.1,5.0,68025
sldl,09116,09,116,State House District 116 (2024); Connecticut,22191,28.5,26.1,28.0,34.2,6.9,62341
sldl,09117,09,117,State House District 117 (2024); Connecticut,24316,46.5,84.2,1.7,9.5,2.7,118228
sldl,09118,09,118,State House District 118 (2024); Connecticut,22964,47.5,77.6,4.0,10.3,3.2,97690
sldl,09119,09,119,State House District 119 (2024); Connecticut,23883,55.7,78.7,3.5,8.9,5.4,138169
sldl,09120,09,120,State House District 120 (2024); Connecticut,24614,44.1,70.8,7.8,16.4,2.0,122826
sldl,09121,09,121,State House District 121 (2024); Connecticut,22765,29.1,47.2,18.0,29.5,2.2,83353
sldl,09122,09,122,State House District 122 (2024); Connecticut,23881,42.4,71.1,4.0,10.1,6.5,103803
sldl,09123,09,123,State House District 123 (2024); Connecticut,24407,61.0,76.3,1.8,7.8,10.1,179907
sldl,09124,09,124,State House District 124 (2024); Connecticut,22189,11.9,11.2,27.4,51.7,5.4,46015
sldl,09125,09,125,State House District 125 (2024); Connecticut,23400,76.9,79.0,2.2,8.1,5.5,215285
sldl,09126,09,126,State House District 126 (2024); Connecticut,22771,23.7,20.0,29.9,41.5,3.6,74497
sldl,09127,09,127,State House District 127 (2024); Connecticut,26547,26.1,39.9,11.5,33.5,4.8,71234
sldl,09128,09,128,State House District 128 (2024); Connecticut,21504,12.6,13.2,17.6,64.2,1.5,48278
sldl,09129,09,129,State House District 129 (2024); Connecticut,27439,35.0,37.4,17.1,37.2,4.1,73594
sldl,09130,09,130,State House District 130 (2024); Connecticut,23189,20.8,15.0,18.9,50.8,8.7,41599
sldl,09131,09,131,State House District 131 (2024); Connecticut,22834,42.2,72.3,6.2,12.6,3.4,116018
sldl,09132,09,132,State House District 132 (2024); Connecticut,25535,74.2,85.9,0.4,5.1,5.9,193500
sldl,09133,09,133,State House District 133 (2024); Connecticut,24798,58.0,68.0,3.2,13.6,6.8,106432
sldl,09134,09,134,State House District 134 (2024); Connecticut,25899,71.5,84.3,0.9,6.4,4.8,177989
sldl,09135,09,135,State House District 135 (2024); Connecticut,23894,76.6,80.4,1.5,8.1,4.4,210194
sldl,09136,09,136,State House District 136 (2024); Connecticut,23963,79.4,77.3,1.7,9.5,5.5,250001
sldl,09137,09,137,State House District 137 (2024); Connecticut,25469,40.5,41.7,17.9,31.2,4.5,102058
sldl,09138,09,138,State House District 138 (2024); Connecticut,23816,38.3,45.8,11.5,31.5,3.4,97396
sldl,09139,09,139,State House District 139 (2024); Connecticut,24704,28.1,65.2,7.4,16.9,4.4,83132
sldl,09140,09,140,State House District 140 (2024); Connecticut,24167,29.9,18.5,24.5,50.0,3.3,75173
sldl,09141,09,141,State House District 141 (2024); Connecticut,23889,85.8,82.0,0.4,5.3,6.9,250001
sldl,09142,09,142,State House District 142 (2024); Connecticut,23353,57.7,57.6,14.4,19.7,5.1,138337
sldl,09143,09,143,State House District 143 (2024); Connecticut,22795,55.9,58.8,8.5,23.0,5.2,143352
sldl,09144,09,144,State House District 144 (2024); Connecticut,23038,65.3,49.2,15.3,20.1,11.7,121862
sldl,09145,09,145,State House District 145 (2024); Connecticut,27269,31.5,14.7,31.4,46.9,4.9,80781
sldl,09146,09,146,State House District 146 (2024); Connecticut,26303,56.3,40.0,19.7,27.1,9.7,106003
sldl,09147,09,147,State House District 147 (2024); Connecticut,22544,54.5,59.4,11.6,20.6,4.0,121507
sldl,09148,09,148,State House District 148 (2024); Connecticut,22956,41.6,38.9,15.2,35.0,6.8,94195
sldl,09149,09,149,State House District 149 (2024); Connecticut,23414,70.4,77.2,3.4,10.5,4.6,234755
sldl,09150,09,150,State House District 150 (2024); Connecticut,23721,68.1,62.9,3.3,18.8,6.4,151319
sldl,09151,09,151,State House District 151 (2024); Connecticut,24211,77.7,66.8,2.4,12.4,9.8,239740
sldl,10001,10,001,State Representative District 1 (2024); Delaware,23202,38.2,30.8,58.2,5.0,1.4,57390
sldl,10002,10,002,State Representative District 2 (2024); Delaware,23025,24.8,24.1,56.8,12.5,1.6,53707
sldl,10003,10,003,State Representative District 3 (2024); Delaware,25001,24.5,27.3,44.8,21.2,0.9,54414
sldl,10004,10,004,State Representative District 4 (2024); Delaware,26763,30.8,80.9,3.4,7.3,1.2,79996
sldl,10005,10,005,State Representative District 5 (2024); Delaware,22893,26.2,24.6,51.8,15.4,4.9,69676
sldl,10006,10,006,State Representative District 6 (2024); Delaware,23168,54.1,75.5,11.6,4.1,3.3,105250
sldl,10007,10,007,State Representative District 7 (2024); Delaware,21944,39.6,54.5,23.5,8.1,9.7,79589
sldl,10008,10,008,State Representative District 8 (2024); Delaware,26260,43.3,56.7,28.5,5.4,3.0,113417
sldl,10009,10,009,State Representative District 9 (2024); Delaware,29501,48.1,61.3,20.7,7.3,8.1,143355
sldl,10010,10,010,State Representative District 10 (2024); Delaware,24020,54.3,72.2,9.5,4.1,6.8,113855
sldl,10011,10,011,State Representative District 11 (2024); Delaware,24293,23.0,78.3,9.9,4.5,1.9,91065
sldl,10012,10,012,State Representative District 12 (2024); Delaware,26000,70.5,79.4,4.6,5.8,6.6,143178
sldl,10013,10,013,State Representative District 13 (2024); Delaware,24931,25.6,51.1,17.3,26.5,0.4,75607
sldl,10014,10,014,State Representative District 14 (2024); Delaware,25034,54.6,87.3,3.6,3.3,2.1,104429
sldl,10015,10,015,State Representative District 15 (2024); Delaware,25530,33.6,45.5,32.0,11.4,7.7,106980
sldl,10016,10,016,State Representative District 16 (2024); Delaware,23973,20.0,30.9,40.0,22.3,1.8,70804
sldl,10017,10,017,State Representative District 17 (2024); Delaware,25894,23.3,40.5,35.2,16.4,2.9,74762
sldl,10018,10,018,State Representative District 18 (2024); Delaware,23954,31.6,41.6,28.3,13.7,11.7,78279
sldl,10019,10,019,State Representative District 19 (2024); Delaware,24347,25.3,63.5,10.8,19.6,3.0,79110
sldl,10020,10,020,State Representative District 20 (2024); Delaware,26405,49.2,83.2,5.9,5.2,2.3,92368
sldl,10021,10,021,State Representative District 21 (2024); Delaware,25216,47.5,69.8,8.4,8.9,7.2,101286
sldl,10022,10,022,State Representative District 22 (2024); Delaware,24162,62.6,71.6,1.8,5.2,15.9,161007
sldl,10023,10,023,State Representative District 23 (2024); Delaware,23327,61.0,68.9,8.2,9.6,8.2,108569
sldl,10024,10,024,State Representative District 24 (2024); Delaware,26127,30.5,50.6,17.5,20.9,6.9,75204
sldl,10025,10,025,State Representative District 25 (2024); Delaware,24984,48.5,60.1,14.9,10.1,6.4,98609
sldl,10026,10,026,State Representative District 26 (2024); Delaware,23294,37.6,34.7,32.3,15.2,13.2,92307
sldl,10027,10,027,State Representative District 27 (2024); Delaware,24855,49.1,57.8,20.8,5.7,12.2,142733
sldl,10028,10,028,State Representative District 28 (2024); Delaware,25129,18.7,50.9,30.6,10.9,1.1,67466
sldl,10029,10,029,State Representative District 29 (2024); Delaware,25477,31.1,49.3,31.5,9.2,4.0,99454
sldl,10030,10,030,State Representative District 30 (2024); Delaware,25020,22.4,80.8,10.1,3.7,1.6,76609
sldl,10031,10,031,State Representative District 31 (2024); Delaware,24797,29.8,31.5,47.9,8.6,3.3,59064
sldl,10032,10,032,State Representative District 32 (2024); Delaware,23406,27.4,45.5,31.7,12.6,3.0,66276
sldl,10033,10,033,State Representative District 33 (2024); Delaware,25691,28.4,63.7,19.9,8.0,1.5,75584
sldl,10034,10,034,State Representative District 34 (2024); Delaware,26144,38.4,54.2,29.0,6.4,4.0,87669
sldl,10035,10,035,State Representative District 35 (2024); Delaware,23979,21.2,63.0,16.6,14.2,1.1,72517
sldl,10036,10,036,State Representative District 36 (2024); Delaware,24827,25.3,63.1,17.4,14.0,1.3,75472
sldl,10037,10,037,State Representative District 37 (2024); Delaware,23902,24.0,56.3,9.4,28.8,0.4,75139
sldl,10038,10,038,State Representative District 38 (2024); Delaware,27189,50.1,91.3,1.3,2.8,0.8,100793
sldl,10039,10,039,State Representative District 39 (2024); Delaware,23757,16.5,58.3,15.5,14.2,0.6,62603
sldl,10040,10,040,State Representative District 40 (2024); Delaware,26305,16.5,68.0,14.4,13.5,0.7,66237
sldl,10041,10,041,State Representative District 41 (2024); Delaware,27465,25.8,67.9,11.9,13.9,2.0,81303
sldl,12001,12,001,State House District 1 (2024); Florida,184648,26.4,61.1,22.0,6.7,2.6,67089
sldl,12002,12,002,State House District 2 (2024); Florida,182360,36.3,67.0,15.2,7.6,2.8,74487
sldl,12003,12,003,State House District 3 (2024); Florida,187856,28.0,78.3,6.3,6.3,1.8,89376
sldl,12004,12,004,State House District 4 (2024); Florida,186130,36.3,66.9,9.8,12.3,3.6,80268
sldl,12005,12,005,State House District 5 (2024); Florida,189732,22.9,75.9,11.4,6.4,0.8,63164
sldl,12006,12,006,State House District 6 (2024); Florida,186393,29.6,72.7,9.8,9.2,2.0,73533
sldl,12007,12,007,State House District 7 (2024); Florida,185116,17.9,73.5,13.5,7.7,0.4,58764
sldl,12008,12,008,State House District 8 (2024); Florida,178632,33.1,33.0,50.9,9.1,2.2,47348
sldl,12009,12,009,State House District 9 (2024); Florida,187122,50.9,67.1,16.8,7.7,3.7,85562
sldl,12010,12,010,State House District 10 (2024); Florida,184071,21.1,71.6,14.8,7.4,0.9,67542
sldl,12011,12,011,State House District 11 (2024); Florida,184742,29.5,65.7,12.4,12.6,3.4,91790
sldl,12012,12,012,State House District 12 (2024); Florida,183128,35.3,53.8,19.4,15.5,4.7,71525
sldl,12013,12,013,State House District 13 (2024); Florida,183045,22.6,35.4,49.5,7.9,2.3,54144
sldl,12014,12,014,State House District 14 (2024); Florida,181743,22.8,33.0,46.6,12.2,2.3,53395
sldl,12015,12,015,State House District 15 (2024); Florida,199175,32.0,64.4,18.7,8.6,2.7,87979
sldl,12016,12,016,State House District 16 (2024); Florida,180501,45.7,63.8,10.8,12.8,6.2,92592
sldl,12017,12,017,State House District 17 (2024); Florida,193420,47.9,56.9,13.5,13.8,9.2,80072
sldl,12018,12,018,State House District 18 (2024); Florida,208188,59.3,76.3,4.6,9.1,4.9,136149
sldl,12019,12,019,State House District 19 (2024); Florida,188662,34.4,75.0,7.9,10.6,2.1,76368
sldl,12020,12,020,State House District 20 (2024); Florida,184853,19.5,74.7,9.7,9.3,0.8,60598
sldl,12021,12,021,State House District 21 (2024); Florida,174940,32.8,48.5,29.7,13.2,3.8,46127
sldl,12022,12,022,State House District 22 (2024); Florida,194034,42.9,69.1,8.0,12.3,5.8,70867
sldl,12023,12,023,State House District 23 (2024); Florida,186453,20.4,83.6,2.1,8.3,1.3,56351
sldl,12024,12,024,State House District 24 (2024); Florida,194478,27.5,64.0,10.5,19.2,2.3,67633
sldl,12025,12,025,State House District 25 (2024); Florida,193770,33.0,55.4,10.4,24.7,3.1,87261
sldl,12026,12,026,State House District 26 (2024); Florida,185888,24.4,69.2,11.3,13.6,1.2,62091
sldl,12027,12,027,State House District 27 (2024); Florida,192231,22.3,71.3,6.0,17.1,1.7,69316
sldl,12028,12,028,State House District 28 (2024); Florida,188525,28.9,67.0,18.0,7.9,2.5,60487
sldl,12029,12,029,State House District 29 (2024); Florida,185693,24.6,54.9,9.7,30.9,1.4,75720
sldl,12030,12,030,State House District 30 (2024); Florida,183892,30.4,83.0,5.6,6.2,1.4,71503
sldl,12031,12,031,State House District 31 (2024); Florida,183508,33.8,76.4,6.9,10.0,1.9,79005
sldl,12032,12,032,State House District 32 (2024); Florida,187139,42.2,74.9,6.1,10.4,2.8,86361
sldl,12033,12,033,State House District 33 (2024); Florida,197694,29.8,56.5,15.1,18.0,3.1,76071
sldl,12034,12,034,State House District 34 (2024); Florida,185989,33.4,74.2,7.1,13.0,1.5,72126
sldl,12035,12,035,State House District 35 (2024); Florida,187334,46.3,45.5,9.3,34.2,5.4,101113
sldl,12036,12,036,State House District 36 (2024); Florida,182380,39.5,50.5,14.7,23.6,6.6,84190
sldl,12037,12,037,State House District 37 (2024); Florida,174946,44.2,50.4,8.9,30.3,5.7,84521
sldl,12038,12,038,State House District 38 (2024); Florida,179408,39.9,54.2,10.8,26.1,3.6,74399
sldl,12039,12,039,State House District 39 (2024); Florida,182451,38.8,48.5,17.0,26.0,3.7,93935
sldl,12040,12,040,State House District 40 (2024); Florida,197792,24.4,22.7,49.8,18.6,3.6,66232
sldl,12041,12,041,State House District 41 (2024); Florida,167065,25.9,16.6,40.5,30.2,4.3,53877
sldl,12042,12,042,State House District 42 (2024); Florida,182561,54.5,61.2,7.5,22.0,4.4,92213
sldl,12043,12,043,State House District 43 (2024); Florida,183007,32.7,22.6,8.9,60.4,4.6,67926
sldl,12044,12,044,State House District 44 (2024); Florida,176172,41.3,29.5,9.3,47.6,7.4,83962
sldl,12045,12,045,State House District 45 (2024); Florida,189647,54.3,52.9,6.9,23.1,7.6,112181
sldl,12046,12,046,State House District 46 (2024); Florida,187648,25.4,17.4,14.6,61.1,2.8,62204
sldl,12047,12,047,State House District 47 (2024); Florida,190411,30.2,24.0,7.1,61.8,3.3,79454
sldl,12048,12,048,State House District 48 (2024); Florida,193190,22.7,47.6,17.9,29.3,1.4,60323
sldl,12049,12,049,State House District 49 (2024); Florida,185130,21.9,57.3,11.3,26.0,1.7,67519
sldl,12050,12,050,State House District 50 (2024); Florida,190559,26.3,55.3,16.0,22.2,2.1,66798
sldl,12051,12,051,State House District 51 (2024); Florida,221815,22.9,44.2,11.4,37.8,1.9,69717
sldl,12052,12,052,State House District 52 (2024); Florida,200330,31.6,80.8,6.3,8.7,0.9,73869
sldl,12053,12,053,State House District 53 (2024); Florida,180853,20.4,73.6,3.7,16.0,1.8,65109
sldl,12054,12,054,State House District 54 (2024); Florida,202632,33.4,59.6,8.7,22.3,4.2,74816
sldl,12055,12,055,State House District 55 (2024); Florida,200985,36.9,68.7,5.1,17.7,4.2,99777
sldl,12056,12,056,State House District 56 (2024); Florida,177070,19.0,72.4,4.8,17.3,1.6,51473
sldl,12057,12,057,State House District 57 (2024); Florida,178586,41.6,80.3,3.4,9.6,2.2,84537
sldl,12058,12,058,State House District 58 (2024); Florida,175100,33.6,70.4,7.9,14.7,2.6,68226
sldl,12059,12,059,State House District 59 (2024); Florida,180607,29.8,72.3,7.6,12.1,3.3,69392
sldl,12060,12,060,State House District 60 (2024); Florida,178397,42.5,69.9,6.5,12.0,6.3,71652
sldl,12061,12,061,State House District 61 (2024); Florida,173311,37.5,77.4,3.6,9.8,4.7,75313
sldl,12062,12,062,State House District 62 (2024); Florida,179450,31.3,33.5,35.7,22.5,3.1,72630
sldl,12063,12,063,State House District 63 (2024); Florida,171818,25.1,24.7,40.8,28.0,2.0,46958
sldl,12064,12,064,State House District 64 (2024); Florida,177929,28.5,25.9,6.6,60.0,3.3,63908
sldl,12065,12,065,State House District 65 (2024); Florida,187834,61.3,65.6,5.3,18.4,4.7,109665
sldl,12066,12,066,State House District 66 (2024); Florida,185979,47.7,54.4,6.3,29.0,5.9,97916
sldl,12067,12,067,State House District 67 (2024); Florida,183447,42.3,40.5,18.2,25.8,10.3,71013
sldl,12068,12,068,State House District 68 (2024); Florida,181127,28.5,53.2,10.1,30.4,2.7,81109
sldl,12069,12,069,State House District 69 (2024); Florida,187749,38.3,51.0,14.0,25.1,4.0,98390
sldl,12070,12,070,State House District 70 (2024); Florida,202422,34.2,55.5,16.0,20.6,2.2,90091
sldl,12071,12,071,State House District 71 (2024); Florida,182524,30.2,61.4,10.3,23.1,1.6,65889
sldl,12072,12,072,State House District 72 (2024); Florida,189741,40.7,72.4,4.8,15.2,3.0,89318
sldl,12073,12,073,State House District 73 (2024); Florida,188255,45.5,79.5,5.4,10.1,1.8,80741
sldl,12074,12,074,State House District 74 (2024); Florida,200849,37.9,76.9,3.6,13.0,2.3,87174
sldl,12075,12,075,State House District 75 (2024); Florida,194965,29.0,84.2,3.3,7.7,1.3,71912
sldl,12076,12,076,State House District 76 (2024); Florida,196021,24.4,74.4,5.1,16.0,1.1,64818
sldl,12077,12,077,State House District 77 (2024); Florida,210596,24.7,44.2,12.5,36.9,1.5,80293
sldl,12078,12,078,State House District 78 (2024); Florida,188698,34.5,57.8,13.2,21.7,2.4,68498
sldl,12079,12,079,State House District 79 (2024); Florida,201376,27.1,65.3,4.1,25.6,1.4,77808
sldl,12080,12,080,State House District 80 (2024); Florida,186002,47.0,82.6,1.0,12.3,1.7,96272
sldl,12081,12,081,State House District 81 (2024); Florida,187696,46.4,73.4,5.0,17.3,1.9,88024
sldl,12082,12,082,State House District 82 (2024); Florida,199878,23.5,37.4,10.0,49.0,1.0,79307
sldl,12083,12,083,State House District 83 (2024); Florida,184756,18.0,59.9,9.0,26.1,1.2,55426
sldl,12084,12,084,State House District 84 (2024); Florida,193110,26.3,52.3,22.9,19.0,1.8,63383
sldl,12085,12,085,State House District 85 (2024); Florida,204235,30.1,55.6,15.4,22.5,2.1,83358
sldl,12086,12,086,State House District 86 (2024); Florida,183551,40.2,72.4,4.2,18.6,1.3,85474
sldl,12087,12,087,State House District 87 (2024); Florida,182644,48.7,67.3,7.6,18.3,2.6,94069
sldl,12088,12,088,State House District 88 (2024); Florida,190802,26.7,19.5,47.4,25.6,2.8,66980
sldl,12089,12,089,State House District 89 (2024); Florida,177721,20.9,22.9,16.8,55.2,2.4,64497
sldl,12090,12,090,State House District 90 (2024); Florida,184138,37.7,48.7,28.9,15.8,2.4,76862
sldl,12091,12,091,State House District 91 (2024); Florida,187878,56.4,67.2,4.9,16.4,3.1,90124
sldl,12092,12,092,State House District 92 (2024); Florida,183353,49.5,68.5,6.6,15.1,3.0,89468
sldl,12093,12,093,State House District 93 (2024); Florida,185923,40.5,46.2,16.8,28.5,3.7,99506
sldl,12094,12,094,State House District 94 (2024); Florida,183127,36.5,49.3,20.2,22.7,2.7,90538
sldl,12095,12,095,State House District 95 (2024); Florida,185851,40.3,40.5,22.3,24.5,4.3,81615
sldl,12096,12,096,State House District 96 (2024); Florida,182952,36.4,30.4,25.4,34.0,4.7,85536
sldl,12097,12,097,State House District 97 (2024); Florida,182708,23.7,13.8,56.7,21.9,3.2,58301
sldl,12098,12,098,State House District 98 (2024); Florida,187511,26.5,27.8,35.4,27.3,1.9,61783
sldl,12099,12,099,State House District 99 (2024); Florida,187321,24.9,22.7,51.7,20.1,1.2,66705
sldl,12100,12,100,State House District 100 (2024); Florida,181226,48.3,61.9,9.7,19.2,2.1,86140
sldl,12101,12,101,State House District 101 (2024); Florida,181599,39.2,40.2,11.6,40.0,3.5,65152
sldl,12102,12,102,State House District 102 (2024); Florida,188108,46.3,38.5,11.9,37.7,5.9,102369
sldl,12103,12,103,State House District 103 (2024); Florida,183091,56.4,24.7,12.2,50.9,7.6,130833
sldl,12104,12,104,State House District 104 (2024); Florida,175676,31.2,11.3,38.0,44.8,3.0,67562
sldl,12105,12,105,State House District 105 (2024); Florida,191536,25.2,18.4,33.8,42.3,1.8,68110
sldl,12106,12,106,State House District 106 (2024); Florida,179713,53.7,40.4,3.2,48.9,2.2,75813
sldl,12107,12,107,State House District 107 (2024); Florida,188815,26.4,11.6,47.4,36.1,1.6,63928
sldl,12108,12,108,State House District 108 (2024); Florida,192411,28.1,11.3,47.9,36.7,1.1,61709
sldl,12109,12,109,State House District 109 (2024); Florida,193640,20.5,4.6,31.5,60.5,0.9,46481
sldl,12110,12,110,State House District 110 (2024); Florida,179921,29.7,5.0,3.7,89.2,0.8,75713
sldl,12111,12,111,State House District 111 (2024); Florida,189865,40.3,6.2,1.2,89.8,1.4,78949
sldl,12112,12,112,State House District 112 (2024); Florida,181615,21.8,4.4,1.5,93.3,0.1,53567
sldl,12113,12,113,State House District 113 (2024); Florida,177853,50.8,18.0,2.3,73.6,2.2,79654
sldl,12114,12,114,State House District 114 (2024); Florida,184244,49.9,17.9,3.7,72.9,2.4,82379
sldl,12115,12,115,State House District 115 (2024); Florida,181368,47.2,24.2,4.6,65.4,2.5,95737
sldl,12116,12,116,State House District 116 (2024); Florida,174101,33.5,9.6,1.7,85.2,1.5,71658
sldl,12117,12,117,State House District 117 (2024); Florida,194410,21.1,7.2,23.6,66.2,0.7,64523
sldl,12118,12,118,State House District 118 (2024); Florida,179328,31.4,10.6,3.5,82.5,1.7,80310
sldl,12119,12,119,State House District 119 (2024); Florida,185666,36.6,9.6,3.3,82.5,2.3,94298
sldl,12120,12,120,State House District 120 (2024); Florida,186816,30.4,34.7,11.6,49.5,1.0,83208
sldl,13001,13,001,State House District 1 (2024); Georgia,58028,19.0,88.5,3.0,3.5,0.8,58469
sldl,13002,13,002,State House District 2 (2024); Georgia,64378,24.3,84.0,2.0,9.0,1.2,71152
sldl,13003,13,003,State House District 3 (2024); Georgia,60342,23.7,86.6,1.3,4.5,1.7,71750
sldl,13004,13,004,State House District 4 (2024); Georgia,58427,17.0,40.5,4.2,52.3,1.1,60606
sldl,13005,13,005,State House District 5 (2024); Georgia,61664,19.4,76.4,3.4,15.6,0.9,64557
sldl,13006,13,006,State House District 6 (2024); Georgia,59210,18.2,80.2,1.0,15.6,0.4,73283
sldl,13007,13,007,State House District 7 (2024); Georgia,61079,26.3,87.7,0.3,8.0,0.6,66962
sldl,13008,13,008,State House District 8 (2024); Georgia,62024,26.7,91.3,1.4,3.5,0.3,64734
sldl,13009,13,009,State House District 9 (2024); Georgia,62830,32.5,86.9,2.1,6.5,1.1,84076
sldl,13010,13,010,State House District 10 (2024); Georgia,61531,27.2,78.9,2.7,13.6,1.9,67133
sldl,13011,13,011,State House District 11 (2024); Georgia,66762,33.1,85.8,1.4,6.4,2.8,103360
sldl,13012,13,012,State House District 12 (2024); Georgia,60164,17.0,77.6,8.6,8.4,1.3,58912
sldl,13013,13,013,State House District 13 (2024); Georgia,59337,29.0,62.7,17.6,14.7,1.3,61739
sldl,13014,13,014,State House District 14 (2024); Georgia,61914,24.8,80.4,6.6,7.6,0.6,85163
sldl,13015,13,015,State House District 15 (2024); Georgia,61436,24.9,68.7,12.8,13.2,1.5,81953
sldl,13016,13,016,State House District 16 (2024); Georgia,61744,20.8,74.0,10.6,11.9,0.8,71209
sldl,13017,13,017,State House District 17 (2024); Georgia,64162,30.4,56.5,24.9,10.2,2.1,96905
sldl,13018,13,018,State House District 18 (2024); Georgia,61996,18.0,84.6,7.8,2.3,0.7,75665
sldl,13019,13,019,State House District 19 (2024); Georgia,63777,36.7,54.9,28.0,8.6,2.0,102656
sldl,13020,13,020,State House District 20 (2024); Georgia,61895,43.2,72.0,10.8,11.2,1.4,116747
sldl,13021,13,021,State House District 21 (2024); Georgia,62412,43.0,81.4,4.1,8.7,1.8,117777
sldl,13022,13,022,State House District 22 (2024); Georgia,61688,38.9,58.1,16.0,15.3,6.2,104421
sldl,13023,13,023,State House District 23 (2024); Georgia,61903,35.7,71.5,5.9,18.3,0.7,97658
sldl,13024,13,024,State House District 24 (2024); Georgia,60697,62.6,57.1,4.8,10.6,22.6,153162
sldl,13025,13,025,State House District 25 (2024); Georgia,58946,74.1,47.5,7.2,6.9,33.8,178085
sldl,13026,13,026,State House District 26 (2024); Georgia,63371,55.8,64.1,2.3,11.5,17.7,139107
sldl,13027,13,027,State House District 27 (2024); Georgia,60827,28.9,79.1,4.1,11.9,1.8,83375
sldl,13028,13,028,State House District 28 (2024); Georgia,62324,40.5,75.9,4.6,13.2,2.3,110660
sldl,13029,13,029,State House District 29 (2024); Georgia,63806,22.0,37.3,10.1,46.4,2.6,67568
sldl,13030,13,030,State House District 30 (2024); Georgia,63292,32.1,63.5,8.4,22.1,2.2,103440
sldl,13031,13,031,State House District 31 (2024); Georgia,67921,27.8,66.3,7.1,21.1,2.2,95303
sldl,13032,13,032,State House District 32 (2024); Georgia,61863,15.8,78.9,6.9,8.3,1.6,62197
sldl,13033,13,033,State House District 33 (2024); Georgia,61629,18.2,80.3,11.0,4.5,1.3,56787
sldl,13034,13,034,State House District 34 (2024); Georgia,61580,58.9,62.4,19.5,8.2,4.0,143510
sldl,13035,13,035,State House District 35 (2024); Georgia,59537,46.0,47.5,27.8,11.9,6.6,82483
sldl,13036,13,036,State House District 36 (2024); Georgia,59628,47.9,65.9,14.9,9.5,4.6,117724
sldl,13037,13,037,State House District 37 (2024); Georgia,60948,44.7,42.1,25.5,21.0,5.4,78258
sldl,13038,13,038,State House District 38 (2024); Georgia,61479,34.1,24.6,52.9,16.4,1.3,92616
sldl,13039,13,039,State House District 39 (2024); Georgia,60826,38.6,20.6,47.9,25.4,2.5,80140
sldl,13040,13,040,State House District 40 (2024); Georgia,59612,29.3,58.4,26.6,8.2,1.0,100384
sldl,13041,13,041,State House District 41 (2024); Georgia,60557,29.2,21.5,36.0,35.0,2.3,79586
sldl,13042,13,042,State House District 42 (2024); Georgia,59395,51.7,38.4,29.1,19.9,6.8,90176
sldl,13043,13,043,State House District 43 (2024); Georgia,57693,57.6,42.4,25.8,13.3,7.4,89027
sldl,13044,13,044,State House District 44 (2024); Georgia,64972,47.2,66.1,9.1,11.6,5.5,107832
sldl,13045,13,045,State House District 45 (2024); Georgia,56541,75.8,73.3,4.3,6.7,11.1,170281
sldl,13046,13,046,State House District 46 (2024); Georgia,59256,64.6,72.6,6.6,8.0,6.9,144611
sldl,13047,13,047,State House District 47 (2024); Georgia,59400,72.4,56.0,11.1,10.2,16.8,157067
sldl,13048,13,048,State House District 48 (2024); Georgia,66367,65.7,54.7,12.5,16.6,9.8,134721
sldl,13049,13,049,State House District 49 (2024); Georgia,57606,73.4,67.2,6.9,7.4,13.0,161108
sldl,13050,13,050,State House District 50 (2024); Georgia,57508,72.4,42.2,9.6,5.5,36.0,158655
sldl,13051,13,051,State House District 51 (2024); Georgia,56162,65.7,52.8,20.9,13.5,5.1,99551
sldl,13052,13,052,State House District 52 (2024); Georgia,60914,73.6,50.0,22.0,6.3,15.7,116824
sldl,13053,13,053,State House District 53 (2024); Georgia,59509,72.1,67.8,12.7,8.7,3.8,127544
sldl,13054,13,054,State House District 54 (2024); Georgia,60667,77.4,60.1,18.0,11.7,6.9,119838
sldl,13055,13,055,State House District 55 (2024); Georgia,58768,52.7,32.7,53.9,7.0,2.8,79591
sldl,13056,13,056,State House District 56 (2024); Georgia,62246,59.6,28.3,47.6,6.1,11.5,77760
sldl,13057,13,057,State House District 57 (2024); Georgia,59864,77.7,60.0,17.0,8.5,7.7,104270
sldl,13058,13,058,State House District 58 (2024); Georgia,58199,53.2,31.3,53.8,5.6,3.8,74678
sldl,13059,13,059,State House District 59 (2024); Georgia,61974,45.4,20.3,67.3,5.0,3.7,53215
sldl,13060,13,060,State House District 60 (2024); Georgia,61802,58.0,34.8,52.1,5.7,2.5,85768
sldl,13061,13,061,State House District 61 (2024); Georgia,60075,61.9,30.1,53.0,4.8,6.0,104588
sldl,13062,13,062,State House District 62 (2024); Georgia,61544,39.2,17.4,69.4,7.6,1.5,65084
sldl,13063,13,063,State House District 63 (2024); Georgia,55696,36.5,21.0,61.9,10.1,2.9,67733
sldl,13064,13,064,State House District 64 (2024); Georgia,61114,34.3,29.3,50.4,11.7,3.2,93215
sldl,13065,13,065,State House District 65 (2024); Georgia,62286,44.2,23.2,68.6,5.1,1.4,106184
sldl,13066,13,066,State House District 66 (2024); Georgia,63305,25.6,25.7,53.2,14.5,0.4,68750
sldl,13067,13,067,State House District 67 (2024); Georgia,61622,39.6,27.4,57.0,11.3,1.0,90703
sldl,13068,13,068,State House District 68 (2024); Georgia,63791,42.6,29.3,56.1,8.3,1.7,86808
sldl,13069,13,069,State House District 69 (2024); Georgia,57804,38.9,23.2,62.9,5.3,3.2,89016
sldl,13070,13,070,State House District 70 (2024); Georgia,59761,29.3,57.3,26.6,9.3,2.2,71667
sldl,13071,13,071,State House District 71 (2024); Georgia,62040,21.7,64.0,20.8,9.0,0.6,76003
sldl,13072,13,072,State House District 72 (2024); Georgia,61720,25.9,66.5,19.0,8.7,0.9,66724
sldl,13073,13,073,State House District 73 (2024); Georgia,63442,50.2,68.0,14.3,7.9,5.9,114014
sldl,13074,13,074,State House District 74 (2024); Georgia,59498,27.4,18.3,67.8,6.8,2.2,81599
sldl,13075,13,075,State House District 75 (2024); Georgia,62031,22.4,8.4,71.0,14.5,1.9,60103
sldl,13076,13,076,State House District 76 (2024); Georgia,58505,21.8,8.1,63.7,14.4,9.5,58964
sldl,13077,13,077,State House District 77 (2024); Georgia,58173,21.7,6.0,70.9,13.6,4.4,51897
sldl,13078,13,078,State House District 78 (2024); Georgia,62066,29.8,19.1,58.0,10.0,7.6,74690
sldl,13079,13,079,State House District 79 (2024); Georgia,58085,18.6,4.3,65.5,22.4,5.5,53241
sldl,13080,13,080,State House District 80 (2024); Georgia,61211,57.5,43.5,13.2,24.2,14.8,95238
sldl,13081,13,081,State House District 81 (2024); Georgia,60432,29.6,55.6,30.6,8.1,1.9,97625
sldl,13082,13,082,State House District 82 (2024); Georgia,58873,28.9,60.2,26.6,6.5,1.8,79622
sldl,13083,13,083,State House District 83 (2024); Georgia,59478,62.5,42.6,15.5,30.4,6.7,99473
sldl,13084,13,084,State House District 84 (2024); Georgia,55991,49.6,36.4,49.5,5.0,3.5,79948
sldl,13085,13,085,State House District 85 (2024); Georgia,63302,38.9,23.3,51.6,7.5,12.1,68490
sldl,13086,13,086,State House District 86 (2024); Georgia,57275,44.4,25.1,58.8,4.6,6.8,76845
sldl,13087,13,087,State House District 87 (2024); Georgia,61099,39.9,23.3,53.6,10.8,7.1,71863
sldl,13088,13,088,State House District 88 (2024); Georgia,59467,35.1,14.7,63.0,10.0,9.0,66512
sldl,13089,13,089,State House District 89 (2024); Georgia,59667,49.7,34.2,49.9,6.2,3.5,89553
sldl,13090,13,090,State House District 90 (2024); Georgia,56016,55.6,40.4,42.5,8.1,3.3,87506
sldl,13091,13,091,State House District 91 (2024); Georgia,60206,33.7,15.0,71.5,5.1,1.3,78695
sldl,13092,13,092,State House District 92 (2024); Georgia,58547,34.0,21.3,62.6,8.5,1.5,73506
sldl,13093,13,093,State House District 93 (2024); Georgia,65274,30.8,15.3,64.8,13.8,2.4,72718
sldl,13094,13,094,State House District 94 (2024); Georgia,61909,40.4,20.7,55.7,8.3,9.4,88236
sldl,13095,13,095,State House District 95 (2024); Georgia,64305,35.5,18.8,60.4,12.5,3.9,86494
sldl,13096,13,096,State House District 96 (2024); Georgia,58257,33.6,19.9,18.7,40.7,16.7,65873
sldl,13097,13,097,State House District 97 (2024); Georgia,61451,47.1,32.1,26.6,21.8,14.7,81647
sldl,13098,13,098,State House District 98 (2024); Georgia,51126,21.9,9.2,17.3,60.0,11.8,52199
sldl,13099,13,099,State House District 99 (2024); Georgia,58187,58.7,41.1,13.8,7.8,31.4,113622
sldl,13100,13,100,State House District 100 (2024); Georgia,63363,53.8,53.7,8.0,11.3,22.8,137150
sldl,13101,13,101,State House District 101 (2024); Georgia,56213,60.7,45.7,20.9,20.6,7.7,87033
sldl,13102,13,102,State House District 102 (2024); Georgia,61191,29.5,22.3,40.2,25.3,6.2,75854
sldl,13103,13,103,State House District 103 (2024); Georgia,64353,38.4,47.4,16.0,19.7,11.8,90524
sldl,13104,13,104,State House District 104 (2024); Georgia,63849,33.8,52.8,20.1,15.1,7.4,104340
sldl,13105,13,105,State House District 105 (2024); Georgia,61706,40.5,38.3,26.0,20.3,10.6,108520
sldl,13106,13,106,State House District 106 (2024); Georgia,63625,32.8,25.2,25.5,29.0,16.0,95482
sldl,13107,13,107,State House District 107 (2024); Georgia,60453,39.1,27.0,22.5,27.0,18.8,91531
sldl,13108,13,108,State House District 108 (2024); Georgia,60266,42.5,37.5,16.5,22.8,16.1,100756
sldl,13109,13,109,State House District 109 (2024); Georgia,67374,23.1,12.7,28.5,42.9,12.8,60241
sldl,13110,13,110,State House District 110 (2024); Georgia,63317,40.6,29.5,47.7,14.9,4.2,98705
sldl,13111,13,111,State House District 111 (2024); Georgia,63536,32.2,53.4,27.1,10.4,3.7,103035
sldl,13112,13,112,State House District 112 (2024); Georgia,63922,22.1,62.6,23.7,6.2,1.6,74666
sldl,13113,13,113,State House District 113 (2024); Georgia,61534,24.8,25.4,59.5,7.8,1.9,71736
sldl,13114,13,114,State House District 114 (2024); Georgia,61739,28.8,65.8,24.8,4.0,1.0,85812
sldl,13115,13,115,State House District 115 (2024); Georgia,59248,32.9,17.6,71.2,3.9,1.6,86364
sldl,13116,13,116,State House District 116 (2024); Georgia,59367,28.9,18.5,70.6,6.5,1.7,73344
sldl,13117,13,117,State House District 117 (2024); Georgia,66366,30.6,19.0,63.9,9.2,2.3,82577
sldl,13118,13,118,State House District 118 (2024); Georgia,64700,17.2,59.4,29.0,5.4,0.7,75199
sldl,13119,13,119,State House District 119 (2024); Georgia,63084,23.1,63.1,13.3,15.7,3.5,82931
sldl,13120,13,120,State House District 120 (2024); Georgia,58511,46.6,71.3,11.8,7.4,4.3,75237
sldl,13121,13,121,State House District 121 (2024); Georgia,60247,56.9,73.7,9.8,8.4,4.1,87403
sldl,13122,13,122,State House District 122 (2024); Georgia,61706,36.2,45.3,32.4,14.7,3.7,42067
sldl,13123,13,123,State House District 123 (2024); Georgia,60740,19.6,63.8,22.9,6.4,1.7,58528
sldl,13124,13,124,State House District 124 (2024); Georgia,61033,34.3,62.5,24.7,7.1,2.1,76651
sldl,13125,13,125,State House District 125 (2024); Georgia,63440,31.3,58.9,24.5,8.2,2.6,84668
sldl,13126,13,126,State House District 126 (2024); Georgia,61881,17.6,35.9,55.3,4.5,0.5,57509
sldl,13127,13,127,State House District 127 (2024); Georgia,56193,42.8,67.3,14.7,7.2,6.6,81294
sldl,13128,13,128,State House District 128 (2024); Georgia,58854,16.6,44.0,50.9,2.2,0.3,48819
sldl,13129,13,129,State House District 129 (2024); Georgia,54857,27.0,34.6,50.7,5.7,2.6,45099
sldl,13130,13,130,State House District 130 (2024); Georgia,64188,13.1,28.6,61.3,4.4,0.5,47258
sldl,13131,13,131,State House District 131 (2024); Georgia,61758,44.0,65.8,16.0,8.3,4.6,116911
sldl,13132,13,132,State House District 132 (2024); Georgia,57000,25.1,29.8,56.5,7.3,1.5,64620
sldl,13133,13,133,State House District 133 (2024); Georgia,57809,14.9,59.3,33.1,5.0,0.5,52575
sldl,13134,13,134,State House District 134 (2024); Georgia,60962,17.5,64.9,26.6,3.7,0.3,64515
sldl,13135,13,135,State House District 135 (2024); Georgia,64771,19.9,67.7,24.3,4.0,0.5,70150
sldl,13136,13,136,State House District 136 (2024); Georgia,60085,22.5,63.8,27.8,3.4,1.2,71496
sldl,13137,13,137,State House District 137 (2024); Georgia,63893,22.0,36.1,52.7,5.1,1.9,55642
sldl,13138,13,138,State House District 138 (2024); Georgia,58107,37.9,69.7,19.2,5.1,2.1,86117
sldl,13139,13,139,State House District 139 (2024); Georgia,60826,42.8,61.8,19.3,8.6,4.0,79327
sldl,13140,13,140,State House District 140 (2024); Georgia,55801,20.5,27.4,57.6,8.4,1.2,38969
sldl,13141,13,141,State House District 141 (2024); Georgia,57304,26.3,26.9,55.1,8.9,1.8,55165
sldl,13142,13,142,State House District 142 (2024); Georgia,60911,29.1,34.2,55.3,4.1,2.6,54980
sldl,13143,13,143,State House District 143 (2024); Georgia,55841,20.8,35.0,51.3,7.0,1.9,43011
sldl,13144,13,144,State House District 144 (2024); Georgia,60768,29.9,70.0,20.1,5.2,1.0,74131
sldl,13145,13,145,State House District 145 (2024); Georgia,58207,23.4,41.4,47.3,5.7,2.4,63018
sldl,13146,13,146,State House District 146 (2024); Georgia,64133,36.7,57.8,28.3,5.8,2.3,99252
sldl,13147,13,147,State House District 147 (2024); Georgia,63880,32.4,50.5,30.9,8.2,3.8,80830
sldl,13148,13,148,State House District 148 (2024); Georgia,59760,20.8,57.6,33.0,4.7,1.3,57577
sldl,13149,13,149,State House District 149 (2024); Georgia,61138,18.9,42.9,49.8,2.6,1.3,49597
sldl,13150,13,150,State House District 150 (2024); Georgia,59096,17.9,37.1,51.6,6.9,1.0,47237
sldl,13151,13,151,State House District 151 (2024); Georgia,57080,19.9,45.3,43.1,7.1,0.9,50061
sldl,13152,13,152,State House District 152 (2024); Georgia,60419,24.8,63.5,26.8,3.4,1.8,73371
sldl,13153,13,153,State House District 153 (2024); Georgia,58322,23.0,21.8,70.7,3.6,0.7,49016
sldl,13154,13,154,State House District 154 (2024); Georgia,57922,16.0,38.4,56.1,2.3,0.7,44989
sldl,13155,13,155,State House District 155 (2024); Georgia,58988,17.3,57.1,36.0,3.1,0.9,54207
sldl,13156,13,156,State House District 156 (2024); Georgia,59622,15.5,57.6,28.0,9.7,0.6,48635
sldl,13157,13,157,State House District 157 (2024); Georgia,61498,14.4,60.9,22.2,12.0,0.7,47129
sldl,13158,13,158,State House District 158 (2024); Georgia,59386,19.5,58.4,30.1,5.9,0.7,53647
sldl,13159,13,159,State House District 159 (2024); Georgia,60976,22.9,65.2,24.3,5.1,0.3,74777
sldl,13160,13,160,State House District 160 (2024); Georgia,61557,28.6,66.0,23.0,5.5,1.7,62151
sldl,13161,13,161,State House District 161 (2024); Georgia,68027,33.0,57.8,26.9,8.3,2.4,86386
sldl,13162,13,162,State House District 162 (2024); Georgia,61511,31.9,34.1,46.6,11.3,2.8,64049
sldl,13163,13,163,State House District 163 (2024); Georgia,61369,32.9,36.9,47.3,8.8,3.0,54429
sldl,13164,13,164,State House District 164 (2024); Georgia,65944,38.6,54.1,22.9,11.5,3.4,90030
sldl,13165,13,165,State House District 165 (2024); Georgia,56322,31.7,34.4,54.7,5.6,1.9,55098
sldl,13166,13,166,State House District 166 (2024); Georgia,60451,55.4,82.2,5.4,3.4,3.7,119415
sldl,13167,13,167,State House District 167 (2024); Georgia,62779,19.5,61.5,20.9,9.9,1.4,65766
sldl,13168,13,168,State House District 168 (2024); Georgia,61952,20.1,35.7,42.8,11.3,1.7,60578
sldl,13169,13,169,State House District 169 (2024); Georgia,57495,14.1,57.4,29.9,9.4,0.4,47864
sldl,13170,13,170,State House District 170 (2024); Georgia,61060,18.9,61.1,24.1,10.7,0.8,52915
sldl,13171,13,171,State House District 171 (2024); Georgia,58345,15.1,50.4,39.8,7.0,0.4,54752
sldl,13172,13,172,State House District 172 (2024); Georgia,62441,16.0,54.9,24.1,17.9,0.8,53300
sldl,13173,13,173,State House District 173 (2024); Georgia,58035,21.2,53.6,36.2,6.7,0.7,57608
sldl,13174,13,174,State House District 174 (2024); Georgia,60250,13.1,69.4,17.3,9.0,1.1,53379
sldl,13175,13,175,State House District 175 (2024); Georgia,62262,28.9,63.0,23.9,6.5,2.3,73348
sldl,13176,13,176,State House District 176 (2024); Georgia,60527,16.2,62.6,22.0,10.2,1.5,50478
sldl,13177,13,177,State House District 177 (2024); Georgia,59233,25.2,33.5,54.8,7.6,1.2,45381
sldl,13178,13,178,State House District 178 (2024); Georgia,59663,16.0,75.3,14.9,5.9,0.5,57160
sldl,13179,13,179,State House District 179 (2024); Georgia,60248,33.3,58.2,27.1,8.5,0.8,65747
sldl,13180,13,180,State House District 180 (2024); Georgia,62797,26.8,68.0,16.3,7.5,2.0,75848
sldl,15001,15,001,State House District 1 (2024); Hawaii,26368,33.4,24.2,0.5,10.6,23.2,85122
sldl,15002,15,002,State House District 2 (2024); Hawaii,27568,36.5,11.9,1.2,12.2,42.9,78260
sldl,15003,15,003,State House District 3 (2024); Hawaii,26922,22.6,23.1,0.3,12.7,18.2,73277
sldl,15004,15,004,State House District 4 (2024); Hawaii,24022,24.8,36.8,0.8,14.6,12.7,57007
sldl,15005,15,005,State House District 5 (2024); Hawaii,24929,25.0,30.7,1.4,15.7,14.4,63656
sldl,15006,15,006,State House District 6 (2024); Hawaii,26595,42.0,49.8,0.4,8.9,17.9,92181
sldl,15007,15,007,State House District 7 (2024); Hawaii,24857,29.9,35.4,0.7,8.0,14.2,98570
sldl,15008,15,008,State House District 8 (2024); Hawaii,24508,36.1,29.5,0.8,10.8,15.5,93638
sldl,15009,15,009,State House District 9 (2024); Hawaii,28057,24.7,10.7,1.4,7.3,55.1,97326
sldl,15010,15,010,State House District 10 (2024); Hawaii,27549,32.4,17.6,1.4,8.6,36.1,107885
sldl,15011,15,011,State House District 11 (2024); Hawaii,28003,36.2,48.0,1.2,12.3,18.6,88408
sldl,15012,15,012,State House District 12 (2024); Hawaii,27976,33.7,33.1,0.4,14.0,15.4,100604
sldl,15013,15,013,State House District 13 (2024); Hawaii,27489,29.8,33.4,0.0,11.0,12.8,91926
sldl,15014,15,014,State House District 14 (2024); Hawaii,25515,28.8,31.6,0.5,10.2,28.2,105701
sldl,15015,15,015,State House District 15 (2024); Hawaii,24322,32.3,37.9,0.8,9.4,21.3,90067
sldl,15016,15,016,State House District 16 (2024); Hawaii,24926,30.3,23.7,0.9,9.8,40.6,100819
sldl,15017,15,017,State House District 17 (2024); Hawaii,24483,27.6,24.6,0.7,12.6,27.9,100637
sldl,15018,15,018,State House District 18 (2024); Hawaii,27199,58.4,23.9,0.4,6.0,44.2,154919
sldl,15019,15,019,State House District 19 (2024); Hawaii,27240,61.7,20.7,1.3,3.6,51.3,157182
sldl,15020,15,020,State House District 20 (2024); Hawaii,27491,50.3,20.6,1.1,5.3,52.6,114920
sldl,15021,15,021,State House District 21 (2024); Hawaii,25570,47.3,19.6,0.3,6.2,49.6,122500
sldl,15022,15,022,State House District 22 (2024); Hawaii,27387,59.1,20.9,1.2,6.9,47.5,105487
sldl,15023,15,023,State House District 23 (2024); Hawaii,27948,37.5,11.2,1.6,6.3,56.8,65875
sldl,15024,15,024,State House District 24 (2024); Hawaii,27113,47.8,32.5,1.9,6.1,45.6,74554
sldl,15025,15,025,State House District 25 (2024); Hawaii,26841,54.9,18.5,2.8,6.0,54.8,91651
sldl,15026,15,026,State House District 26 (2024); Hawaii,28166,46.7,16.6,1.6,4.4,47.0,75389
sldl,15027,15,027,State House District 27 (2024); Hawaii,27540,45.5,11.6,0.8,6.1,50.6,108438
sldl,15028,15,028,State House District 28 (2024); Hawaii,27312,24.2,7.9,1.0,6.3,58.6,57784
sldl,15029,15,029,State House District 29 (2024); Hawaii,25711,24.3,4.2,0.2,4.6,63.5,118510
sldl,15030,15,030,State House District 30 (2024); Hawaii,34283,24.6,17.6,3.6,7.1,45.8,90180
sldl,15031,15,031,State House District 31 (2024); Hawaii,39018,34.4,23.6,4.5,14.1,35.9,93309
sldl,15032,15,032,State House District 32 (2024); Hawaii,35361,34.9,19.6,3.5,11.0,44.3,98889
sldl,15033,15,033,State House District 33 (2024); Hawaii,26700,45.5,9.9,1.3,7.1,59.1,127333
sldl,15034,15,034,State House District 34 (2024); Hawaii,29256,33.9,9.6,2.2,5.6,50.8,109028
sldl,15035,15,035,State House District 35 (2024); Hawaii,25206,27.5,6.3,0.5,7.5,64.7,107485
sldl,15036,15,036,State House District 36 (2024); Hawaii,26836,20.6,1.8,0.3,6.1,66.4,115741
sldl,15037,15,037,State House District 37 (2024); Hawaii,27219,41.7,9.1,1.4,8.8,52.0,125534
sldl,15038,15,038,State House District 38 (2024); Hawaii,28542,46.7,11.1,2.0,10.6,44.3,133504
sldl,15039,15,039,State House District 39 (2024); Hawaii,26556,32.5,7.0,2.8,8.4,54.4,124229
sldl,15040,15,040,State House District 40 (2024); Hawaii,28793,28.3,10.7,2.5,13.1,42.6,128826
sldl,15041,15,041,State House District 41 (2024); Hawaii,34730,38.7,17.0,3.9,14.5,35.7,137950
sldl,15042,15,042,State House District 42 (2024); Hawaii,29048,23.3,5.7,0.3,12.4,40.3,110463
sldl,15043,15,043,State House District 43 (2024); Hawaii,30937,36.0,18.2,4.8,16.9,26.0,122684
sldl,15044,15,044,State House District 44 (2024); Hawaii,26903,19.0,8.8,3.5,11.8,10.9,102378
sldl,15045,15,045,State House District 45 (2024); Hawaii,25118,16.3,13.1,1.8,14.1,10.3,78145
sldl,15046,15,046,State House District 46 (2024); Hawaii,50178,26.4,27.3,8.4,16.9,25.4,87350
sldl,15047,15,047,State House District 47 (2024); Hawaii,28120,32.0,30.0,2.2,10.9,15.6,91236
sldl,15048,15,048,State House District 48 (2024); Hawaii,26776,44.4,19.0,0.3,10.5,28.6,141881
sldl,15049,15,049,State House District 49 (2024); Hawaii,27749,37.6,12.3,0.2,10.0,38.2,125104
sldl,15050,15,050,State House District 50 (2024); Hawaii,41204,48.6,43.6,2.2,13.1,15.9,119619
sldl,15051,15,051,State House District 51 (2024); Hawaii,27095,44.9,27.8,0.2,9.6,17.5,150532
sldl,16001,16,001,State House District 1 (2024); Idaho,57689,28.0,87.2,0.4,4.4,1.0,68429
sldl,16002,16,002,State House District 2 (2024); Idaho,54010,21.1,86.2,0.5,5.2,0.4,64509
sldl,16003,16,003,State House District 3 (2024); Idaho,57874,30.8,86.9,0.2,4.7,0.7,91555
sldl,16004,16,004,State House District 4 (2024); Idaho,53029,30.4,86.0,0.6,5.1,0.8,71797
sldl,16005,16,005,State House District 5 (2024); Idaho,56554,28.5,84.5,0.3,6.4,0.6,81925
sldl,16006,16,006,State House District 6 (2024); Idaho,54932,36.9,83.0,0.8,5.0,1.7,66472
sldl,16007,16,007,State House District 7 (2024); Idaho,54672,25.9,88.3,0.2,4.3,0.8,66738
sldl,16008,16,008,State House District 8 (2024); Idaho,54453,28.9,77.9,1.6,12.2,2.0,69767
sldl,16009,16,009,State House District 9 (2024); Idaho,55838,18.7,73.0,0.2,20.2,1.0,65532
sldl,16010,16,010,State House District 10 (2024); Idaho,62855,30.4,76.3,0.7,15.2,0.8,92993
sldl,16011,16,011,State House District 11 (2024); Idaho,54142,16.2,52.6,0.3,40.0,1.0,70477
sldl,16012,16,012,State House District 12 (2024); Idaho,62089,24.3,68.2,0.5,26.8,0.6,75570
sldl,16013,16,013,State House District 13 (2024); Idaho,55824,23.5,69.9,1.4,22.5,0.8,75870
sldl,16014,16,014,State House District 14 (2024); Idaho,57512,44.0,84.7,0.3,8.4,1.4,97911
sldl,16015,16,015,State House District 15 (2024); Idaho,52678,38.1,78.6,0.7,10.3,4.0,83451
sldl,16016,16,016,State House District 16 (2024); Idaho,51835,42.6,79.4,1.9,12.5,1.3,72262
sldl,16017,16,017,State House District 17 (2024); Idaho,51492,38.6,77.5,2.1,12.5,3.1,70898
sldl,16018,16,018,State House District 18 (2024); Idaho,54113,51.1,77.6,1.8,8.2,6.3,100140
sldl,16019,16,019,State House District 19 (2024); Idaho,54013,60.8,86.1,1.1,5.7,2.2,95000
sldl,16020,16,020,State House District 20 (2024); Idaho,58913,46.8,80.8,1.1,8.9,2.8,109003
sldl,16021,16,021,State House District 21 (2024); Idaho,58054,38.0,81.4,1.3,12.0,1.8,88486
sldl,16022,16,022,State House District 22 (2024); Idaho,55496,42.6,80.3,1.4,10.2,2.5,109220
sldl,16023,16,023,State House District 23 (2024); Idaho,55901,24.7,80.4,0.5,13.9,0.8,86666
sldl,16024,16,024,State House District 24 (2024); Idaho,54714,20.8,72.4,0.1,23.1,0.1,72805
sldl,16025,16,025,State House District 25 (2024); Idaho,56075,24.4,74.6,1.3,16.8,1.8,61820
sldl,16026,16,026,State House District 26 (2024); Idaho,55482,30.3,64.1,0.2,30.7,0.3,82531
sldl,16027,16,027,State House District 27 (2024); Idaho,52459,19.4,64.5,0.3,30.7,0.2,70830
sldl,16028,16,028,State House District 28 (2024); Idaho,54037,27.1,78.4,0.2,13.5,0.8,81174
sldl,16029,16,029,State House District 29 (2024); Idaho,53734,30.7,80.9,1.2,9.7,1.7,56267
sldl,16030,16,030,State House District 30 (2024); Idaho,52348,21.5,74.5,0.2,17.2,0.3,76167
sldl,16031,16,031,State House District 31 (2024); Idaho,56195,25.5,85.5,0.1,10.6,0.1,76605
sldl,16032,16,032,State House District 32 (2024); Idaho,52644,37.5,80.1,0.2,15.0,1.5,87004
sldl,16033,16,033,State House District 33 (2024); Idaho,53689,28.9,76.8,0.5,16.9,0.4,67095
sldl,16034,16,034,State House District 34 (2024); Idaho,54618,41.8,83.5,1.0,9.8,1.5,60160
sldl,16035,16,035,State House District 35 (2024); Idaho,54299,32.9,87.2,0.2,8.9,0.3,89283
sldl,17001,17,001,State House District 1 (2024); Illinois,103934,17.5,11.1,5.8,79.1,3.3,67157
sldl,17002,17,002,State House District 2 (2024); Illinois,105237,22.6,26.1,2.9,68.7,1.0,77623
sldl,17003,17,003,State House District 3 (2024); Illinois,106336,39.6,34.5,4.3,54.9,3.8,95354
sldl,17004,17,004,State House District 4 (2024); Illinois,106953,41.9,28.5,13.7,51.4,3.5,84944
sldl,17005,17,005,State House District 5 (2024); Illinois,111190,57.5,26.3,52.2,8.2,8.5,81008
sldl,17006,17,006,State House District 6 (2024); Illinois,103068,31.9,15.2,43.2,31.0,7.5,57476
sldl,17007,17,007,State House District 7 (2024); Illinois,103862,32.2,27.7,39.0,28.3,2.6,83320
sldl,17008,17,008,State House District 8 (2024); Illinois,107501,31.9,29.9,46.5,18.7,1.8,66378
sldl,17009,17,009,State House District 9 (2024); Illinois,112096,56.2,30.3,42.0,12.5,10.7,91180
sldl,17010,17,010,State House District 10 (2024); Illinois,104448,55.0,38.1,38.6,13.9,5.4,93754
sldl,17011,17,011,State House District 11 (2024); Illinois,106948,82.1,74.1,2.7,11.1,7.1,124639
sldl,17012,17,012,State House District 12 (2024); Illinois,107891,86.3,76.5,3.8,7.5,7.4,105712
sldl,17013,17,013,State House District 13 (2024); Illinois,109907,64.4,57.4,12.8,15.6,8.7,79819
sldl,17014,17,014,State House District 14 (2024); Illinois,107292,56.1,46.9,18.2,19.3,10.1,64289
sldl,17015,17,015,State House District 15 (2024); Illinois,109780,50.3,55.5,2.5,15.8,22.3,96445
sldl,17016,17,016,State House District 16 (2024); Illinois,109987,49.4,43.5,9.4,16.0,24.9,85417
sldl,17017,17,017,State House District 17 (2024); Illinois,104690,65.1,62.7,4.4,9.1,18.9,128002
sldl,17018,17,018,State House District 18 (2024); Illinois,104871,72.5,63.7,11.1,10.2,8.9,110025
sldl,17019,17,019,State House District 19 (2024); Illinois,110910,44.0,55.2,2.5,28.9,9.4,97073
sldl,17020,17,020,State House District 20 (2024); Illinois,109584,36.0,67.5,1.4,23.8,4.8,91310
sldl,17021,17,021,State House District 21 (2024); Illinois,108058,26.2,33.9,5.4,56.3,3.0,79675
sldl,17022,17,022,State House District 22 (2024); Illinois,106351,19.6,24.8,1.3,71.1,1.6,78002
sldl,17023,17,023,State House District 23 (2024); Illinois,105283,13.7,5.3,7.7,82.8,3.9,58937
sldl,17024,17,024,State House District 24 (2024); Illinois,106202,33.7,18.7,4.3,49.4,24.8,70658
sldl,17025,17,025,State House District 25 (2024); Illinois,107749,43.4,18.5,51.1,20.3,5.9,55379
sldl,17026,17,026,State House District 26 (2024); Illinois,107312,59.5,26.3,48.3,6.1,14.9,81099
sldl,17027,17,027,State House District 27 (2024); Illinois,107088,31.4,34.8,49.5,10.4,2.7,75990
sldl,17028,17,028,State House District 28 (2024); Illinois,104615,24.4,31.6,44.7,18.4,2.0,65335
sldl,17029,17,029,State House District 29 (2024); Illinois,102738,25.3,31.5,57.6,6.8,0.7,68344
sldl,17030,17,030,State House District 30 (2024); Illinois,107368,27.6,24.9,48.2,21.7,1.9,73215
sldl,17031,17,031,State House District 31 (2024); Illinois,103648,22.9,32.0,50.9,12.8,2.1,60483
sldl,17032,17,032,State House District 32 (2024); Illinois,105384,15.2,12.4,43.6,40.2,1.3,58078
sldl,17033,17,033,State House District 33 (2024); Illinois,103864,24.2,12.1,60.9,23.2,0.9,58277
sldl,17034,17,034,State House District 34 (2024); Illinois,106959,26.7,19.5,65.6,10.9,0.5,64012
sldl,17035,17,035,State House District 35 (2024); Illinois,107054,39.8,61.0,20.7,12.6,2.3,95669
sldl,17036,17,036,State House District 36 (2024); Illinois,108732,35.5,62.0,13.4,18.1,1.8,85660
sldl,17037,17,037,State House District 37 (2024); Illinois,108055,43.1,84.9,2.3,8.2,1.8,124286
sldl,17038,17,038,State House District 38 (2024); Illinois,108070,37.6,38.1,48.7,7.3,2.0,96877
sldl,17039,17,039,State House District 39 (2024); Illinois,103873,44.6,35.9,4.9,52.0,4.0,87938
sldl,17040,17,040,State House District 40 (2024); Illinois,108140,52.2,41.2,3.5,41.9,8.9,94772
sldl,17041,17,041,State House District 41 (2024); Illinois,111164,67.8,62.9,4.9,10.7,16.9,146533
sldl,17042,17,042,State House District 42 (2024); Illinois,106038,57.2,70.3,4.3,10.9,10.3,109443
sldl,17043,17,043,State House District 43 (2024); Illinois,106553,21.4,25.1,5.8,58.5,6.4,83824
sldl,17044,17,044,State House District 44 (2024); Illinois,106159,35.7,39.1,5.8,32.7,19.0,91388
sldl,17045,17,045,State House District 45 (2024); Illinois,106574,60.8,69.5,2.4,11.4,12.5,126173
sldl,17046,17,046,State House District 46 (2024); Illinois,109046,34.9,45.4,6.4,29.0,15.8,92093
sldl,17047,17,047,State House District 47 (2024); Illinois,108588,59.1,73.1,3.6,10.3,8.7,125354
sldl,17048,17,048,State House District 48 (2024); Illinois,107797,41.8,66.6,2.2,14.7,12.9,105783
sldl,17049,17,049,State House District 49 (2024); Illinois,108142,42.8,49.6,4.8,26.3,15.9,109744
sldl,17050,17,050,State House District 50 (2024); Illinois,109843,29.9,32.4,6.3,54.7,4.3,86598
sldl,17051,17,051,State House District 51 (2024); Illinois,109836,63.0,73.6,2.1,7.1,13.2,150083
sldl,17052,17,052,State House District 52 (2024); Illinois,108833,53.5,73.0,1.4,12.8,8.9,136551
sldl,17053,17,053,State House District 53 (2024); Illinois,104795,49.6,61.3,2.7,18.7,13.8,101616
sldl,17054,17,054,State House District 54 (2024); Illinois,104243,53.6,66.4,3.3,17.3,10.0,103166
sldl,17055,17,055,State House District 55 (2024); Illinois,107589,49.9,61.9,3.1,14.2,17.3,98342
sldl,17056,17,056,State House District 56 (2024); Illinois,106260,41.5,53.0,5.2,20.9,17.0,93657
sldl,17057,17,057,State House District 57 (2024); Illinois,107382,58.9,65.3,2.1,14.6,14.4,114115
sldl,17058,17,058,State House District 58 (2024); Illinois,109599,74.5,74.9,3.4,11.3,6.0,171412
sldl,17059,17,059,State House District 59 (2024); Illinois,108315,58.9,48.8,3.3,20.7,23.7,112391
sldl,17060,17,060,State House District 60 (2024); Illinois,106873,22.3,20.9,17.2,54.1,4.0,70137
sldl,17061,17,061,State House District 61 (2024); Illinois,108391,34.6,49.6,11.0,28.6,6.6,96613
sldl,17062,17,062,State House District 62 (2024); Illinois,108412,41.4,52.9,4.6,32.0,6.5,107070
sldl,17063,17,063,State House District 63 (2024); Illinois,109781,37.0,77.0,1.3,15.9,2.4,101010
sldl,17064,17,064,State House District 64 (2024); Illinois,110148,31.8,77.3,1.9,14.0,2.5,98621
sldl,17065,17,065,State House District 65 (2024); Illinois,108755,49.7,73.8,2.1,12.4,6.8,138519
sldl,17066,17,066,State House District 66 (2024); Illinois,109065,41.9,66.2,2.9,20.9,6.1,109775
sldl,17067,17,067,State House District 67 (2024); Illinois,106455,15.9,51.0,20.0,20.1,2.2,51297
sldl,17068,17,068,State House District 68 (2024); Illinois,108759,26.8,59.9,9.3,21.9,3.9,66502
sldl,17069,17,069,State House District 69 (2024); Illinois,107668,33.7,73.2,2.0,18.2,3.1,103448
sldl,17070,17,070,State House District 70 (2024); Illinois,109361,45.9,79.0,2.2,11.3,3.8,115814
sldl,17071,17,071,State House District 71 (2024); Illinois,107833,25.0,78.3,7.2,7.6,2.0,63477
sldl,17072,17,072,State House District 72 (2024); Illinois,106499,23.9,63.2,12.7,16.4,2.8,62919
sldl,17073,17,073,State House District 73 (2024); Illinois,108178,34.6,87.3,1.5,3.7,3.6,83577
sldl,17074,17,074,State House District 74 (2024); Illinois,107178,20.4,77.3,2.8,15.6,0.6,70141
sldl,17075,17,075,State House District 75 (2024); Illinois,112746,30.7,73.9,4.7,15.6,1.7,102090
sldl,17076,17,076,State House District 76 (2024); Illinois,108271,25.4,72.2,6.3,14.8,2.2,62112
sldl,17077,17,077,State House District 77 (2024); Illinois,106252,17.5,31.4,2.9,60.9,3.3,76505
sldl,17078,17,078,State House District 78 (2024); Illinois,105687,54.4,46.8,27.8,17.3,3.6,87986
sldl,17079,17,079,State House District 79 (2024); Illinois,106542,22.0,58.5,25.6,11.0,1.0,71063
sldl,17080,17,080,State House District 80 (2024); Illinois,109622,27.5,51.9,26.6,17.1,0.5,80653
sldl,17081,17,081,State House District 81 (2024); Illinois,108712,58.8,71.7,3.3,8.1,12.4,120254
sldl,17082,17,082,State House District 82 (2024); Illinois,108136,50.6,76.0,3.7,10.2,6.9,117181
sldl,17083,17,083,State House District 83 (2024); Illinois,108970,42.1,65.5,6.0,22.6,1.8,106685
sldl,17084,17,084,State House District 84 (2024); Illinois,110202,52.0,42.4,13.0,20.6,19.8,112896
sldl,17085,17,085,State House District 85 (2024); Illinois,111089,31.3,46.7,12.9,30.2,6.7,91916
sldl,17086,17,086,State House District 86 (2024); Illinois,107329,21.4,44.0,15.0,36.5,1.2,77926
sldl,17087,17,087,State House District 87 (2024); Illinois,107486,28.1,90.6,2.2,2.7,0.8,78896
sldl,17088,17,088,State House District 88 (2024); Illinois,107558,41.1,82.4,5.2,3.5,5.2,93631
sldl,17089,17,089,State House District 89 (2024); Illinois,107832,25.2,88.3,1.1,6.5,0.5,80070
sldl,17090,17,090,State House District 90 (2024); Illinois,108079,25.9,79.4,4.9,7.7,1.6,76746
sldl,17091,17,091,State House District 91 (2024); Illinois,109577,38.6,76.6,10.0,7.2,2.3,62728
sldl,17092,17,092,State House District 92 (2024); Illinois,107232,30.0,53.5,27.0,8.4,3.6,53302
sldl,17093,17,093,State House District 93 (2024); Illinois,107410,23.9,89.0,2.1,3.7,1.3,70881
sldl,17094,17,094,State House District 94 (2024); Illinois,106886,21.1,93.2,1.3,2.7,0.3,66003
sldl,17095,17,095,State House District 95 (2024); Illinois,108847,39.2,80.9,8.3,3.0,2.8,84495
sldl,17096,17,096,State House District 96 (2024); Illinois,104579,23.8,59.7,27.5,4.1,1.6,47395
sldl,17097,17,097,State House District 97 (2024); Illinois,112908,46.2,60.9,10.2,16.0,9.7,142652
sldl,17098,17,098,State House District 98 (2024); Illinois,106667,34.2,47.1,14.3,27.6,6.7,96417
sldl,17099,17,099,State House District 99 (2024); Illinois,108025,25.0,85.0,4.8,5.1,0.8,66098
sldl,17100,17,100,State House District 100 (2024); Illinois,106400,23.3,93.9,1.4,1.8,0.5,77549
sldl,17101,17,101,State House District 101 (2024); Illinois,109246,28.6,88.0,1.9,5.5,1.4,72280
sldl,17102,17,102,State House District 102 (2024); Illinois,107295,20.9,92.5,1.9,2.0,0.3,69567
sldl,17103,17,103,State House District 103 (2024); Illinois,109095,49.2,52.2,19.9,9.4,14.5,43260
sldl,17104,17,104,State House District 104 (2024); Illinois,109398,34.8,66.3,15.0,7.4,7.0,68114
sldl,17105,17,105,State House District 105 (2024); Illinois,108391,34.0,89.8,1.8,3.7,2.3,85019
sldl,17106,17,106,State House District 106 (2024); Illinois,105859,19.1,86.2,1.2,9.1,0.4,72441
sldl,17107,17,107,State House District 107 (2024); Illinois,107054,22.3,93.9,1.0,2.2,0.8,73784
sldl,17108,17,108,State House District 108 (2024); Illinois,107078,26.3,92.9,2.0,1.6,0.4,80359
sldl,17109,17,109,State House District 109 (2024); Illinois,109431,34.7,91.4,1.7,2.8,0.5,96443
sldl,17110,17,110,State House District 110 (2024); Illinois,107508,16.8,89.9,2.7,2.5,0.5,62541
sldl,17111,17,111,State House District 111 (2024); Illinois,108282,22.8,80.3,7.4,4.9,0.8,63456
sldl,17112,17,112,State House District 112 (2024); Illinois,106708,37.3,71.0,15.2,6.8,1.6,77862
sldl,17113,17,113,State House District 113 (2024); Illinois,106263,31.4,57.1,28.1,5.3,1.9,71009
sldl,17114,17,114,State House District 114 (2024); Illinois,107732,29.2,56.9,32.7,3.5,1.2,70966
sldl,17115,17,115,State House District 115 (2024); Illinois,107635,23.7,88.3,5.0,3.2,0.4,74599
sldl,17116,17,116,State House District 116 (2024); Illinois,106926,17.7,90.5,2.3,2.3,0.8,58478
sldl,17117,17,117,State House District 117 (2024); Illinois,107786,18.2,90.1,3.6,2.2,0.4,61277
sldl,17118,17,118,State House District 118 (2024); Illinois,106927,30.1,78.0,10.9,4.3,2.6,53295
sldl,18001,18,001,State House District 1 (2024); Indiana,67710,17.9,30.7,21.7,43.1,1.5,55032
sldl,18002,18,002,State House District 2 (2024); Indiana,66446,12.8,14.9,48.6,33.4,0.5,45296
sldl,18003,18,003,State House District 3 (2024); Indiana,66323,17.2,43.6,35.4,16.8,0.6,55133
sldl,18004,18,004,State House District 4 (2024); Indiana,68658,39.1,82.5,2.9,8.8,1.6,89283
sldl,18005,18,005,State House District 5 (2024); Indiana,67654,39.3,78.4,5.3,6.2,4.3,75045
sldl,18006,18,006,State House District 6 (2024); Indiana,66383,24.7,52.0,21.7,18.4,1.4,52672
sldl,18007,18,007,State House District 7 (2024); Indiana,69616,27.7,73.3,9.0,12.0,0.8,69698
sldl,18008,18,008,State House District 8 (2024); Indiana,68349,42.0,70.9,13.4,6.2,4.4,72459
sldl,18009,18,009,State House District 9 (2024); Indiana,68216,28.8,74.5,13.3,6.4,0.9,72718
sldl,18010,18,010,State House District 10 (2024); Indiana,68775,21.8,71.4,6.5,17.3,1.5,77827
sldl,18011,18,011,State House District 11 (2024); Indiana,69299,21.6,87.3,0.2,7.9,0.5,82815
sldl,18012,18,012,State House District 12 (2024); Indiana,68512,36.5,65.5,9.4,18.2,3.3,87533
sldl,18013,18,013,State House District 13 (2024); Indiana,68932,25.8,87.1,2.2,6.6,1.5,76757
sldl,18014,18,014,State House District 14 (2024); Indiana,66985,21.5,32.1,45.2,17.0,1.2,60661
sldl,18015,18,015,State House District 15 (2024); Indiana,69496,37.5,77.5,4.0,13.2,2.2,104410
sldl,18016,18,016,State House District 16 (2024); Indiana,67586,15.9,87.5,0.6,7.8,0.3,66584
sldl,18017,18,017,State House District 17 (2024); Indiana,67407,19.5,86.7,0.5,9.6,0.5,68850
sldl,18018,18,018,State House District 18 (2024); Indiana,68458,21.8,87.3,0.2,9.0,0.4,77958
sldl,18019,18,019,State House District 19 (2024); Indiana,69388,35.4,77.9,6.6,10.1,2.0,110193
sldl,18020,18,020,State House District 20 (2024); Indiana,67167,20.8,83.1,4.0,7.9,0.5,74794
sldl,18021,18,021,State House District 21 (2024); Indiana,66737,16.3,65.1,8.8,21.4,1.0,62927
sldl,18022,18,022,State House District 22 (2024); Indiana,67502,24.8,84.3,0.7,10.6,1.6,75216
sldl,18023,18,023,State House District 23 (2024); Indiana,68199,16.1,79.3,2.5,11.9,1.1,57239
sldl,18024,18,024,State House District 24 (2024); Indiana,75562,62.8,72.7,5.5,7.0,9.1,131474
sldl,18025,18,025,State House District 25 (2024); Indiana,72195,61.7,79.7,8.4,4.2,4.7,131058
sldl,18026,18,026,State House District 26 (2024); Indiana,68646,67.3,66.5,4.2,7.3,17.7,45742
sldl,18027,18,027,State House District 27 (2024); Indiana,68744,28.5,69.4,10.3,14.0,2.2,53444
sldl,18028,18,028,State House District 28 (2024); Indiana,70614,36.3,88.1,4.7,2.5,1.4,97438
sldl,18029,18,029,State House District 29 (2024); Indiana,71977,50.2,83.1,5.0,5.0,3.8,105509
sldl,18030,18,030,State House District 30 (2024); Indiana,66643,18.0,80.3,8.7,4.7,1.5,57804
sldl,18031,18,031,State House District 31 (2024); Indiana,67863,20.1,83.0,4.6,5.5,0.9,53549
sldl,18032,18,032,State House District 32 (2024); Indiana,66949,61.9,77.3,5.6,5.9,6.7,99367
sldl,18033,18,033,State House District 33 (2024); Indiana,68411,15.7,92.6,0.5,3.8,0.3,61855
sldl,18034,18,034,State House District 34 (2024); Indiana,67797,25.5,79.2,7.7,4.4,1.9,45709
sldl,18035,18,035,State House District 35 (2024); Indiana,68495,24.8,90.5,1.4,2.3,1.1,70777
sldl,18036,18,036,State House District 36 (2024); Indiana,67172,18.4,75.9,9.6,6.9,0.6,53654
sldl,18037,18,037,State House District 37 (2024); Indiana,68624,58.4,79.0,4.7,4.5,6.6,118144
sldl,18038,18,038,State House District 38 (2024); Indiana,68193,24.6,91.8,0.9,4.2,0.4,79013
sldl,18039,18,039,State House District 39 (2024); Indiana,71862,71.0,79.4,2.4,6.9,7.4,130786
sldl,18040,18,040,State House District 40 (2024); Indiana,71206,39.8,70.2,11.8,7.1,5.5,98767
sldl,18041,18,041,State House District 41 (2024); Indiana,68749,23.0,82.0,1.1,13.0,1.0,69762
sldl,18042,18,042,State House District 42 (2024); Indiana,66549,18.6,93.7,1.0,1.6,0.3,66851
sldl,18043,18,043,State House District 43 (2024); Indiana,67475,25.7,82.7,6.2,3.5,1.9,45288
sldl,18044,18,044,State House District 44 (2024); Indiana,68619,20.3,89.3,2.3,4.4,1.0,73448
sldl,18045,18,045,State House District 45 (2024); Indiana,67962,15.3,93.2,1.2,1.9,0.3,59776
sldl,18046,18,046,State House District 46 (2024); Indiana,68688,27.5,89.8,3.1,2.5,1.6,73035
sldl,18047,18,047,State House District 47 (2024); Indiana,70054,28.5,91.3,2.2,2.1,2.0,85225
sldl,18048,18,048,State House District 48 (2024); Indiana,67901,21.4,71.4,4.0,16.9,1.1,65907
sldl,18049,18,049,State House District 49 (2024); Indiana,67971,23.6,72.1,1.7,21.8,0.8,75463
sldl,18050,18,050,State House District 50 (2024); Indiana,67606,21.9,92.6,0.8,3.2,0.5,67034
sldl,18051,18,051,State House District 51 (2024); Indiana,69282,17.9,92.4,0.5,4.6,0.4,78434
sldl,18052,18,052,State House District 52 (2024); Indiana,68072,20.1,92.4,0.2,4.0,0.6,71999
sldl,18053,18,053,State House District 53 (2024); Indiana,71216,30.9,89.4,2.6,3.8,0.9,89280
sldl,18054,18,054,State House District 54 (2024); Indiana,67403,17.7,92.8,1.8,2.1,0.4,65162
sldl,18055,18,055,State House District 55 (2024); Indiana,67219,19.1,94.5,0.6,1.8,0.4,68496
sldl,18056,18,056,State House District 56 (2024); Indiana,67103,20.4,85.8,3.7,3.9,0.9,55883
sldl,18057,18,057,State House District 57 (2024); Indiana,71198,32.3,85.0,4.5,4.3,2.3,90051
sldl,18058,18,058,State House District 58 (2024); Indiana,69968,30.8,76.0,5.3,7.0,7.8,85621
sldl,18059,18,059,State House District 59 (2024); Indiana,68490,36.6,75.1,1.9,10.7,8.5,78939
sldl,18060,18,060,State House District 60 (2024); Indiana,67326,28.3,93.9,0.4,1.5,1.1,88903
sldl,18061,18,061,State House District 61 (2024); Indiana,68134,59.4,73.9,5.0,5.7,10.3,45802
sldl,18062,18,062,State House District 62 (2024); Indiana,69768,40.2,87.0,1.9,4.6,3.6,82719
sldl,18063,18,063,State House District 63 (2024); Indiana,68439,20.4,88.7,1.1,6.4,0.3,72224
sldl,18064,18,064,State House District 64 (2024); Indiana,67088,24.1,90.2,1.8,2.6,1.0,71595
sldl,18065,18,065,State House District 65 (2024); Indiana,68390,18.5,93.2,0.5,1.9,0.5,66452
sldl,18066,18,066,State House District 66 (2024); Indiana,69216,25.2,88.6,1.8,4.6,0.9,79030
sldl,18067,18,067,State House District 67 (2024); Indiana,68521,18.7,92.8,0.8,2.5,0.7,69597
sldl,18068,18,068,State House District 68 (2024); Indiana,68361,22.0,94.1,0.3,1.5,0.6,79546
sldl,18069,18,069,State House District 69 (2024); Indiana,68841,17.4,85.5,0.4,9.7,1.5,65595
sldl,18070,18,070,State House District 70 (2024); Indiana,67851,25.7,94.1,0.9,2.2,0.6,82779
sldl,18071,18,071,State House District 71 (2024); Indiana,69528,24.9,72.0,11.2,9.0,1.3,63992
sldl,18072,18,072,State House District 72 (2024); Indiana,68725,32.5,84.8,4.9,4.2,1.3,77020
sldl,18073,18,073,State House District 73 (2024); Indiana,68620,19.2,89.2,1.2,5.1,1.0,69759
sldl,18074,18,074,State House District 74 (2024); Indiana,68400,19.2,91.0,1.1,5.1,0.4,66297
sldl,18075,18,075,State House District 75 (2024); Indiana,69038,30.1,91.6,1.4,1.6,1.3,84379
sldl,18076,18,076,State House District 76 (2024); Indiana,67389,25.9,91.6,1.2,2.2,0.8,70261
sldl,18077,18,077,State House District 77 (2024); Indiana,67886,22.5,70.2,16.8,4.1,0.7,51215
sldl,18078,18,078,State House District 78 (2024); Indiana,69004,33.0,82.0,4.9,5.0,2.3,72642
sldl,18079,18,079,State House District 79 (2024); Indiana,67672,17.5,92.6,0.6,4.3,0.3,66465
sldl,18080,18,080,State House District 80 (2024); Indiana,68442,15.3,37.6,26.6,17.7,10.9,50239
sldl,18081,18,081,State House District 81 (2024); Indiana,69235,37.0,77.0,5.2,5.3,7.5,82456
sldl,18082,18,082,State House District 82 (2024); Indiana,69827,24.0,61.7,15.2,13.8,2.5,49513
sldl,18083,18,083,State House District 83 (2024); Indiana,68805,41.8,83.2,3.9,4.5,3.1,90208
sldl,18084,18,084,State House District 84 (2024); Indiana,67689,38.6,76.8,6.3,6.8,5.1,78500
sldl,18085,18,085,State House District 85 (2024); Indiana,68645,28.7,88.5,2.6,4.5,1.3,85100
sldl,18086,18,086,State House District 86 (2024); Indiana,69387,61.0,63.5,21.9,5.7,3.1,95004
sldl,18087,18,087,State House District 87 (2024); Indiana,65466,55.8,67.9,17.2,7.6,2.6,80263
sldl,18088,18,088,State House District 88 (2024); Indiana,71708,55.9,80.8,6.2,4.7,3.5,128087
sldl,18089,18,089,State House District 89 (2024); Indiana,65257,23.2,51.4,25.7,16.6,1.2,67013
sldl,18090,18,090,State House District 90 (2024); Indiana,67918,40.3,70.3,5.1,6.1,13.1,101235
sldl,18091,18,091,State House District 91 (2024); Indiana,70402,25.2,59.6,15.8,11.0,8.2,75464
sldl,18092,18,092,State House District 92 (2024); Indiana,69440,30.0,43.5,34.8,15.0,1.9,66398
sldl,18093,18,093,State House District 93 (2024); Indiana,68976,23.7,63.5,10.0,8.2,13.4,58957
sldl,18094,18,094,State House District 94 (2024); Indiana,66548,32.5,20.7,51.6,19.5,2.7,61483
sldl,18095,18,095,State House District 95 (2024); Indiana,69969,28.4,32.1,44.2,16.9,1.5,60460
sldl,18096,18,096,State House District 96 (2024); Indiana,70414,46.1,48.2,35.5,7.4,2.2,61360
sldl,18097,18,097,State House District 97 (2024); Indiana,66540,25.5,53.3,13.6,25.2,2.6,56313
sldl,18098,18,098,State House District 98 (2024); Indiana,68518,17.3,20.4,56.0,16.5,0.6,46608
sldl,18099,18,099,State House District 99 (2024); Indiana,66431,24.7,30.7,37.4,24.7,1.6,52989
sldl,18100,18,100,State House District 100 (2024); Indiana,66983,34.1,60.5,16.4,15.1,1.5,59133
sldl,19001,19,001,State House District 1 (2024); Iowa,32218,17.2,49.0,5.7,36.0,3.5,64585
sldl,19002,19,002,State House District 2 (2024); Iowa,32548,24.9,68.0,4.9,16.9,1.4,69928
sldl,19003,19,003,State House District 3 (2024); Iowa,32532,27.3,84.5,2.2,10.7,0.3,80799
sldl,19004,19,004,State House District 4 (2024); Iowa,31663,25.1,86.1,0.4,11.2,0.7,81907
sldl,19005,19,005,State House District 5 (2024); Iowa,31584,21.9,84.6,1.5,8.4,1.5,69957
sldl,19006,19,006,State House District 6 (2024); Iowa,32099,24.8,68.1,1.6,20.1,5.5,67705
sldl,19007,19,007,State House District 7 (2024); Iowa,31660,21.4,91.5,0.8,3.7,0.3,70291
sldl,19008,19,008,State House District 8 (2024); Iowa,31764,21.9,82.1,3.8,7.5,1.3,66187
sldl,19009,19,009,State House District 9 (2024); Iowa,31360,21.8,88.4,1.4,7.0,0.7,64831
sldl,19010,19,010,State House District 10 (2024); Iowa,32109,27.1,93.1,0.5,2.7,0.5,75771
sldl,19011,19,011,State House District 11 (2024); Iowa,31549,23.8,92.1,0.4,3.4,0.4,71884
sldl,19012,19,012,State House District 12 (2024); Iowa,31538,20.1,76.5,0.6,18.0,1.3,66695
sldl,19013,19,013,State House District 13 (2024); Iowa,31617,21.9,92.6,0.5,3.0,0.5,83027
sldl,19014,19,014,State House District 14 (2024); Iowa,31449,30.3,76.8,5.5,9.1,2.7,82338
sldl,19015,19,015,State House District 15 (2024); Iowa,31537,30.1,93.1,0.9,2.2,0.3,93096
sldl,19016,19,016,State House District 16 (2024); Iowa,32426,27.2,92.4,0.3,3.7,0.4,84529
sldl,19017,19,017,State House District 17 (2024); Iowa,31342,21.3,90.7,1.2,4.1,0.5,60432
sldl,19018,19,018,State House District 18 (2024); Iowa,31624,21.4,92.9,1.0,2.4,0.6,63547
sldl,19019,19,019,State House District 19 (2024); Iowa,31226,24.7,82.7,3.3,9.2,1.0,69731
sldl,19020,19,020,State House District 20 (2024); Iowa,32021,14.3,79.0,1.3,15.1,1.2,59452
sldl,19021,19,021,State House District 21 (2024); Iowa,31906,30.6,91.7,0.9,3.0,1.0,79074
sldl,19022,19,022,State House District 22 (2024); Iowa,33391,33.5,92.5,0.4,3.8,0.7,103625
sldl,19023,19,023,State House District 23 (2024); Iowa,32288,26.5,93.0,0.8,2.9,0.6,83778
sldl,19024,19,024,State House District 24 (2024); Iowa,32035,18.0,88.2,0.4,6.8,0.5,64149
sldl,19025,19,025,State House District 25 (2024); Iowa,31875,20.2,73.6,3.2,14.8,1.8,63570
sldl,19026,19,026,State House District 26 (2024); Iowa,31670,19.0,94.0,0.7,2.1,0.5,64349
sldl,19027,19,027,State House District 27 (2024); Iowa,37335,60.7,78.9,4.5,5.6,5.8,113018
sldl,19028,19,028,State House District 28 (2024); Iowa,34049,54.7,82.5,3.4,4.1,6.0,98144
sldl,19029,19,029,State House District 29 (2024); Iowa,31278,23.2,53.9,7.2,21.6,13.3,67214
sldl,19030,19,030,State House District 30 (2024); Iowa,31783,21.6,65.3,7.2,20.1,2.0,67075
sldl,19031,19,031,State House District 31 (2024); Iowa,33757,56.6,77.0,5.0,7.6,5.4,90396
sldl,19032,19,032,State House District 32 (2024); Iowa,31357,48.0,75.7,4.5,10.6,4.8,85128
sldl,19033,19,033,State House District 33 (2024); Iowa,31012,16.6,50.1,10.4,26.6,6.2,61884
sldl,19034,19,034,State House District 34 (2024); Iowa,30904,27.6,48.3,21.9,15.4,8.5,54576
sldl,19035,19,035,State House District 35 (2024); Iowa,31532,39.8,73.7,8.3,7.1,6.7,77458
sldl,19036,19,036,State House District 36 (2024); Iowa,32189,55.1,72.6,11.8,8.0,3.3,70079
sldl,19037,19,037,State House District 37 (2024); Iowa,31774,30.9,94.1,0.4,2.0,1.2,82375
sldl,19038,19,038,State House District 38 (2024); Iowa,32170,19.7,89.7,1.7,3.5,0.7,68486
sldl,19039,19,039,State House District 39 (2024); Iowa,33837,23.5,69.8,8.0,12.9,4.8,70866
sldl,19040,19,040,State House District 40 (2024); Iowa,33980,32.7,82.2,6.1,6.5,1.6,85536
sldl,19041,19,041,State House District 41 (2024); Iowa,37263,57.8,86.8,1.6,4.1,4.8,112648
sldl,19042,19,042,State House District 42 (2024); Iowa,31907,43.8,84.8,3.1,5.4,2.4,102656
sldl,19043,19,043,State House District 43 (2024); Iowa,32352,54.2,78.4,8.5,3.1,6.2,110762
sldl,19044,19,044,State House District 44 (2024); Iowa,32031,47.1,76.9,5.7,7.9,5.4,98621
sldl,19045,19,045,State House District 45 (2024); Iowa,33847,43.0,91.5,2.0,3.6,0.5,129264
sldl,19046,19,046,State House District 46 (2024); Iowa,32900,51.6,84.3,3.9,4.6,3.9,131475
sldl,19047,19,047,State House District 47 (2024); Iowa,32212,22.6,84.8,0.4,11.4,0.5,71864
sldl,19048,19,048,State House District 48 (2024); Iowa,32146,33.0,92.2,1.4,3.1,0.4,78700
sldl,19049,19,049,State House District 49 (2024); Iowa,30747,61.3,83.1,3.1,4.0,6.0,56889
sldl,19050,19,050,State House District 50 (2024); Iowa,33843,67.5,70.4,4.5,6.2,13.0,63536
sldl,19051,19,051,State House District 51 (2024); Iowa,33050,35.6,89.2,0.4,4.7,1.9,89967
sldl,19052,19,052,State House District 52 (2024); Iowa,31960,22.0,59.5,1.9,30.2,4.2,71208
sldl,19053,19,053,State House District 53 (2024); Iowa,31233,23.6,83.6,1.0,7.7,1.4,68242
sldl,19054,19,054,State House District 54 (2024); Iowa,31783,25.9,92.0,0.8,3.6,0.7,75878
sldl,19055,19,055,State House District 55 (2024); Iowa,31631,25.1,84.6,0.7,11.1,1.2,72039
sldl,19056,19,056,State House District 56 (2024); Iowa,31766,21.8,84.2,0.4,11.5,0.8,69375
sldl,19057,19,057,State House District 57 (2024); Iowa,31749,31.7,93.0,0.9,2.3,1.3,83743
sldl,19058,19,058,State House District 58 (2024); Iowa,31817,21.0,91.6,0.7,3.2,0.8,74422
sldl,19059,19,059,State House District 59 (2024); Iowa,31557,21.3,86.3,2.5,6.2,1.2,66617
sldl,19060,19,060,State House District 60 (2024); Iowa,32041,25.6,93.3,0.6,3.5,0.7,75361
sldl,19061,19,061,State House District 61 (2024); Iowa,33356,24.9,70.4,11.3,8.5,3.5,62375
sldl,19062,19,062,State House District 62 (2024); Iowa,30935,16.3,58.4,23.3,8.8,3.0,49802
sldl,19063,19,063,State House District 63 (2024); Iowa,31812,27.1,93.6,0.5,2.9,0.4,77042
sldl,19064,19,064,State House District 64 (2024); Iowa,31909,18.0,91.2,1.1,5.3,0.4,68732
sldl,19065,19,065,State House District 65 (2024); Iowa,32351,32.6,93.0,1.0,3.9,0.9,103283
sldl,19066,19,066,State House District 66 (2024); Iowa,32374,21.2,92.9,1.7,2.4,0.5,75944
sldl,19067,19,067,State House District 67 (2024); Iowa,32168,22.7,94.1,0.3,2.2,0.2,76814
sldl,19068,19,068,State House District 68 (2024); Iowa,31531,21.6,92.4,0.7,2.8,0.6,67484
sldl,19069,19,069,State House District 69 (2024); Iowa,32300,20.6,86.7,4.2,4.1,0.4,62913
sldl,19070,19,070,State House District 70 (2024); Iowa,30609,27.9,92.2,0.7,3.0,0.7,83280
sldl,19071,19,071,State House District 71 (2024); Iowa,31509,38.1,86.4,3.2,3.8,1.3,66196
sldl,19072,19,072,State House District 72 (2024); Iowa,31842,30.9,84.9,4.9,1.8,1.9,68971
sldl,19073,19,073,State House District 73 (2024); Iowa,32415,43.5,86.4,2.6,3.0,2.7,98385
sldl,19074,19,074,State House District 74 (2024); Iowa,31242,38.6,85.1,3.1,2.8,4.2,72063
sldl,19075,19,075,State House District 75 (2024); Iowa,31665,49.0,90.3,1.7,2.3,2.8,74194
sldl,19076,19,076,State House District 76 (2024); Iowa,31288,33.7,90.8,1.4,2.2,1.8,82602
sldl,19077,19,077,State House District 77 (2024); Iowa,32237,22.6,73.8,11.1,6.5,0.9,66309
sldl,19078,19,078,State House District 78 (2024); Iowa,31625,35.3,75.8,10.7,4.8,1.4,64198
sldl,19079,19,079,State House District 79 (2024); Iowa,31855,25.7,77.8,10.4,5.2,1.6,69677
sldl,19080,19,080,State House District 80 (2024); Iowa,31842,43.2,79.9,3.6,5.9,5.4,84277
sldl,19081,19,081,State House District 81 (2024); Iowa,31113,31.3,72.2,11.8,6.9,2.7,74177
sldl,19082,19,082,State House District 82 (2024); Iowa,32175,23.9,86.8,0.5,9.4,0.5,82768
sldl,19083,19,083,State House District 83 (2024); Iowa,31316,34.2,95.5,0.6,0.9,0.8,103132
sldl,19084,19,084,State House District 84 (2024); Iowa,32292,27.6,93.9,0.6,2.1,0.5,88816
sldl,19085,19,085,State House District 85 (2024); Iowa,32370,55.8,83.2,3.7,5.0,3.2,106345
sldl,19086,19,086,State House District 86 (2024); Iowa,32697,61.7,67.3,10.6,5.9,10.4,73074
sldl,19087,19,087,State House District 87 (2024); Iowa,31023,32.3,83.7,2.7,5.1,4.2,60690
sldl,19088,19,088,State House District 88 (2024); Iowa,32363,22.5,92.3,0.8,2.7,1.2,66455
sldl,19089,19,089,State House District 89 (2024); Iowa,33512,51.2,62.6,15.3,9.9,7.3,48159
sldl,19090,19,090,State House District 90 (2024); Iowa,32215,64.6,79.6,4.1,6.5,4.5,68866
sldl,19091,19,091,State House District 91 (2024); Iowa,33085,37.0,89.4,1.9,2.9,0.9,86313
sldl,19092,19,092,State House District 92 (2024); Iowa,31828,26.2,85.9,1.5,9.3,1.0,74554
sldl,19093,19,093,State House District 93 (2024); Iowa,33307,55.5,82.5,1.8,4.1,7.9,113849
sldl,19094,19,094,State House District 94 (2024); Iowa,31277,43.9,82.5,4.5,6.9,1.4,84313
sldl,19095,19,095,State House District 95 (2024); Iowa,31461,20.7,85.9,0.7,8.6,1.1,77167
sldl,19096,19,096,State House District 96 (2024); Iowa,30884,24.3,75.1,3.0,16.9,0.7,62783
sldl,19097,19,097,State House District 97 (2024); Iowa,31997,32.4,68.5,12.5,10.0,1.5,61880
sldl,19098,19,098,State House District 98 (2024); Iowa,31880,21.1,73.3,8.1,10.0,1.4,63036
sldl,19099,19,099,State House District 99 (2024); Iowa,31927,23.8,83.4,5.6,4.0,1.2,61519
sldl,19100,19,100,State House District 100 (2024); Iowa,31097,21.1,90.0,2.5,3.5,0.6,61117
sldl,20001,20,001,State House District 1 (2024); Kansas,23291,18.5,84.8,0.9,3.5,0.4,55114
sldl,20002,20,002,State House District 2 (2024); Kansas,22722,26.1,89.5,0.7,3.4,0.4,57731
sldl,20003,20,003,State House District 3 (2024); Kansas,24107,36.6,78.6,2.1,11.2,2.5,49803
sldl,20004,20,004,State House District 4 (2024); Kansas,23043,23.1,90.0,1.7,2.8,0.6,58176
sldl,20005,20,005,State House District 5 (2024); Kansas,25322,32.6,87.9,0.6,5.5,1.6,91747
sldl,20006,20,006,State House District 6 (2024); Kansas,21648,33.5,90.9,1.7,2.1,0.2,79535
sldl,20007,20,007,State House District 7 (2024); Kansas,23564,21.8,85.4,3.1,5.0,0.2,56299
sldl,20008,20,008,State House District 8 (2024); Kansas,22394,71.9,78.5,2.9,4.4,9.2,172843
sldl,20009,20,009,State House District 9 (2024); Kansas,24042,19.8,87.7,1.9,5.5,0.2,67215
sldl,20010,20,010,State House District 10 (2024); Kansas,23486,46.0,65.8,5.7,10.9,8.8,59676
sldl,20011,20,011,State House District 11 (2024); Kansas,22666,23.7,74.3,4.7,8.9,0.2,55536
sldl,20012,20,012,State House District 12 (2024); Kansas,22855,21.2,85.6,0.6,4.6,0.1,61958
sldl,20013,20,013,State House District 13 (2024); Kansas,22461,22.1,87.7,0.4,7.2,0.1,59064
sldl,20014,20,014,State House District 14 (2024); Kansas,26268,61.1,81.0,2.1,8.1,3.5,139592
sldl,20015,20,015,State House District 15 (2024); Kansas,21997,31.9,60.5,5.6,26.4,2.3,65091
sldl,20016,20,016,State House District 16 (2024); Kansas,23306,68.1,76.4,3.7,9.3,5.6,106831
sldl,20017,20,017,State House District 17 (2024); Kansas,23319,60.6,80.9,3.1,7.9,4.6,114104
sldl,20018,20,018,State House District 18 (2024); Kansas,23696,41.4,75.0,4.0,13.7,3.1,89876
sldl,20019,20,019,State House District 19 (2024); Kansas,26099,72.9,86.3,2.2,5.6,2.7,118281
sldl,20020,20,020,State House District 20 (2024); Kansas,24274,71.5,88.2,1.0,4.6,3.2,138227
sldl,20021,20,021,State House District 21 (2024); Kansas,22933,62.8,84.7,1.2,6.8,2.5,95170
sldl,20022,20,022,State House District 22 (2024); Kansas,22703,46.2,73.6,7.2,12.8,2.6,77510
sldl,20023,20,023,State House District 23 (2024); Kansas,24911,45.7,60.6,12.7,16.1,4.0,79579
sldl,20024,20,024,State House District 24 (2024); Kansas,23500,46.6,71.3,7.1,15.9,1.9,71265
sldl,20025,20,025,State House District 25 (2024); Kansas,24549,70.0,84.2,1.4,8.4,2.2,113398
sldl,20026,20,026,State House District 26 (2024); Kansas,26151,55.2,81.0,2.4,7.5,3.6,128158
sldl,20027,20,027,State House District 27 (2024); Kansas,23386,66.7,82.9,0.8,4.0,7.9,167181
sldl,20028,20,028,State House District 28 (2024); Kansas,23979,71.5,69.3,6.9,3.5,18.6,129481
sldl,20029,20,029,State House District 29 (2024); Kansas,25332,62.4,68.9,7.8,8.1,9.9,90254
sldl,20030,20,030,State House District 30 (2024); Kansas,23147,50.6,68.1,9.1,16.1,4.1,99111
sldl,20031,20,031,State House District 31 (2024); Kansas,24305,25.3,39.4,12.4,38.0,3.2,55710
sldl,20032,20,032,State House District 32 (2024); Kansas,22276,13.0,18.7,10.5,62.1,5.4,52623
sldl,20033,20,033,State House District 33 (2024); Kansas,23331,25.2,61.8,8.6,18.9,3.3,77763
sldl,20034,20,034,State House District 34 (2024); Kansas,21911,16.8,16.8,32.6,36.9,7.2,48376
sldl,20035,20,035,State House District 35 (2024); Kansas,24130,13.5,17.2,31.5,41.7,5.2,61965
sldl,20036,20,036,State House District 36 (2024); Kansas,26777,32.6,51.1,19.6,14.8,7.0,88868
sldl,20037,20,037,State House District 37 (2024); Kansas,23086,17.1,43.1,12.7,32.6,5.4,61993
sldl,20038,20,038,State House District 38 (2024); Kansas,24932,40.4,84.5,2.3,7.5,0.5,113441
sldl,20039,20,039,State House District 39 (2024); Kansas,23148,62.9,80.9,6.0,7.7,1.8,153015
sldl,20040,20,040,State House District 40 (2024); Kansas,22801,37.2,70.3,10.3,8.4,1.5,88763
sldl,20041,20,041,State House District 41 (2024); Kansas,23489,30.7,70.2,11.6,8.4,2.2,69572
sldl,20042,20,042,State House District 42 (2024); Kansas,23274,35.4,87.8,0.8,5.1,0.6,93095
sldl,20043,20,043,State House District 43 (2024); Kansas,25061,33.0,74.0,7.1,12.2,0.8,99224
sldl,20044,20,044,State House District 44 (2024); Kansas,24448,57.4,75.5,3.4,7.2,4.3,64151
sldl,20045,20,045,State House District 45 (2024); Kansas,24300,61.7,75.3,4.4,6.0,4.5,88980
sldl,20046,20,046,State House District 46 (2024); Kansas,24110,56.6,76.3,5.1,7.3,3.1,52017
sldl,20047,20,047,State House District 47 (2024); Kansas,21746,27.5,89.4,0.8,3.1,0.2,86112
sldl,20048,20,048,State House District 48 (2024); Kansas,24788,71.4,71.0,2.6,4.8,18.5,133252
sldl,20049,20,049,State House District 49 (2024); Kansas,23448,58.6,73.7,6.7,6.3,7.4,131396
sldl,20050,20,050,State House District 50 (2024); Kansas,23460,35.3,85.7,1.5,4.8,0.9,92583
sldl,20051,20,051,State House District 51 (2024); Kansas,23003,36.5,84.4,1.8,8.5,0.3,90831
sldl,20052,20,052,State House District 52 (2024); Kansas,23328,49.8,82.2,3.5,6.0,3.3,102315
sldl,20053,20,053,State House District 53 (2024); Kansas,21420,34.0,71.9,5.0,13.3,2.1,66671
sldl,20054,20,054,State House District 54 (2024); Kansas,21939,30.5,85.9,2.3,7.2,0.2,85913
sldl,20055,20,055,State House District 55 (2024); Kansas,23656,36.5,72.7,4.5,13.8,0.9,57296
sldl,20056,20,056,State House District 56 (2024); Kansas,24860,34.4,69.0,9.1,10.6,1.5,62256
sldl,20057,20,057,State House District 57 (2024); Kansas,24872,13.4,59.3,10.1,24.5,0.2,51330
sldl,20058,20,058,State House District 58 (2024); Kansas,22068,19.6,47.6,14.2,27.5,1.1,49450
sldl,20059,20,059,State House District 59 (2024); Kansas,23012,24.7,88.9,1.1,4.5,0.7,75010
sldl,20060,20,060,State House District 60 (2024); Kansas,22918,27.9,65.1,1.9,26.3,2.3,52974
sldl,20061,20,061,State House District 61 (2024); Kansas,21529,27.8,82.3,1.0,9.1,1.1,71923
sldl,20062,20,062,State House District 62 (2024); Kansas,23616,25.1,87.9,1.2,3.1,0.4,73054
sldl,20063,20,063,State House District 63 (2024); Kansas,23711,21.8,87.1,3.3,3.7,0.2,65880
sldl,20064,20,064,State House District 64 (2024); Kansas,22170,28.6,83.3,4.4,7.4,1.2,69712
sldl,20065,20,065,State House District 65 (2024); Kansas,22435,25.5,55.5,13.0,17.3,1.9,63323
sldl,20066,20,066,State House District 66 (2024); Kansas,25871,47.7,78.7,4.5,6.2,4.6,40617
sldl,20067,20,067,State House District 67 (2024); Kansas,23773,60.6,73.7,5.8,7.8,5.1,85787
sldl,20068,20,068,State House District 68 (2024); Kansas,25303,30.2,63.0,13.2,13.9,3.3,58075
sldl,20069,20,069,State House District 69 (2024); Kansas,24201,23.9,73.1,4.3,15.2,3.2,67917
sldl,20070,20,070,State House District 70 (2024); Kansas,22533,24.9,88.6,0.1,5.8,0.2,66975
sldl,20071,20,071,State House District 71 (2024); Kansas,23301,36.3,84.4,2.4,9.9,0.4,63426
sldl,20072,20,072,State House District 72 (2024); Kansas,22808,26.3,78.0,1.6,16.0,0.2,70162
sldl,20073,20,073,State House District 73 (2024); Kansas,24205,37.2,87.9,2.0,6.3,0.5,80865
sldl,20074,20,074,State House District 74 (2024); Kansas,22907,34.2,89.7,1.2,3.7,1.7,74744
sldl,20075,20,075,State House District 75 (2024); Kansas,23511,24.5,84.6,3.7,5.5,1.0,66058
sldl,20076,20,076,State House District 76 (2024); Kansas,23375,21.6,89.0,0.5,6.4,0.6,73520
sldl,20077,20,077,State House District 77 (2024); Kansas,24197,31.7,88.6,0.6,5.5,1.2,83775
sldl,20078,20,078,State House District 78 (2024); Kansas,22763,57.4,76.5,3.1,9.0,5.6,127170
sldl,20079,20,079,State House District 79 (2024); Kansas,23658,28.0,83.1,1.7,8.2,1.6,64351
sldl,20080,20,080,State House District 80 (2024); Kansas,23853,20.6,74.2,2.5,13.9,1.0,53014
sldl,20081,20,081,State House District 81 (2024); Kansas,22744,27.7,62.9,5.3,16.7,6.7,70142
sldl,20082,20,082,State House District 82 (2024); Kansas,23848,36.9,82.2,0.8,9.5,0.8,85723
sldl,20083,20,083,State House District 83 (2024); Kansas,24000,26.7,48.1,14.5,23.6,3.7,51995
sldl,20084,20,084,State House District 84 (2024); Kansas,24308,31.0,45.9,21.8,23.6,1.5,48487
sldl,20085,20,085,State House District 85 (2024); Kansas,24297,56.0,70.8,8.9,7.8,6.7,96561
sldl,20086,20,086,State House District 86 (2024); Kansas,24404,14.9,47.0,12.8,27.9,3.0,48572
sldl,20087,20,087,State House District 87 (2024); Kansas,23245,54.3,71.3,6.8,9.0,7.0,77058
sldl,20088,20,088,State House District 88 (2024); Kansas,24069,31.9,50.7,11.1,11.1,18.2,75647
sldl,20089,20,089,State House District 89 (2024); Kansas,25263,36.0,48.9,25.6,12.8,5.5,58892
sldl,20090,20,090,State House District 90 (2024); Kansas,24408,41.6,85.7,0.8,8.4,1.2,88615
sldl,20091,20,091,State House District 91 (2024); Kansas,25905,39.5,78.1,4.3,6.7,4.0,99536
sldl,20092,20,092,State House District 92 (2024); Kansas,24021,29.1,57.4,7.2,29.6,1.7,58213
sldl,20093,20,093,State House District 93 (2024); Kansas,22625,30.7,84.1,0.5,8.3,1.3,86682
sldl,20094,20,094,State House District 94 (2024); Kansas,22548,40.2,81.2,2.7,7.3,2.1,102795
sldl,20095,20,095,State House District 95 (2024); Kansas,22909,14.6,58.2,7.0,24.3,3.3,51013
sldl,20096,20,096,State House District 96 (2024); Kansas,22877,12.3,54.5,6.3,24.9,5.3,50347
sldl,20097,20,097,State House District 97 (2024); Kansas,26168,26.5,64.7,6.5,16.9,4.5,74852
sldl,20098,20,098,State House District 98 (2024); Kansas,23445,13.3,69.2,2.6,16.7,4.3,67047
sldl,20099,20,099,State House District 99 (2024); Kansas,23796,57.8,78.5,2.9,6.5,7.2,120377
sldl,20100,20,100,State House District 100 (2024); Kansas,23152,38.6,70.4,2.6,15.0,2.4,91356
sldl,20101,20,101,State House District 101 (2024); Kansas,24367,40.4,89.4,0.7,6.2,0.6,102459
sldl,20102,20,102,State House District 102 (2024); Kansas,24664,9.7,73.0,5.6,14.8,0.5,51781
sldl,20103,20,103,State House District 103 (2024); Kansas,22996,15.7,38.3,9.1,46.7,1.2,50282
sldl,20104,20,104,State House District 104 (2024); Kansas,21790,31.2,88.1,1.1,8.2,0.6,73645
sldl,20105,20,105,State House District 105 (2024); Kansas,22283,27.4,71.7,6.4,13.8,2.9,53076
sldl,20106,20,106,State House District 106 (2024); Kansas,23088,21.0,92.3,0.5,3.5,0.3,61529
sldl,20107,20,107,State House District 107 (2024); Kansas,24138,23.8,85.9,1.3,6.5,0.4,60382
sldl,20108,20,108,State House District 108 (2024); Kansas,24117,49.9,74.5,7.7,10.1,3.1,87978
sldl,20109,20,109,State House District 109 (2024); Kansas,22966,22.9,89.1,1.1,4.3,0.4,62144
sldl,20110,20,110,State House District 110 (2024); Kansas,21876,24.7,88.9,2.2,4.6,0.6,61136
sldl,20111,20,111,State House District 111 (2024); Kansas,24418,40.7,86.7,1.2,7.5,1.6,61464
sldl,20112,20,112,State House District 112 (2024); Kansas,21747,22.4,77.6,0.7,18.0,0.2,59010
sldl,20113,20,113,State House District 113 (2024); Kansas,23955,23.6,81.7,1.5,11.3,0.0,62339
sldl,20114,20,114,State House District 114 (2024); Kansas,23887,22.3,87.9,0.4,6.4,0.3,59817
sldl,20115,20,115,State House District 115 (2024); Kansas,23503,26.7,70.5,0.8,24.3,0.7,72925
sldl,20116,20,116,State House District 116 (2024); Kansas,23361,25.9,88.0,0.6,6.0,0.4,62783
sldl,20117,20,117,State House District 117 (2024); Kansas,25528,56.6,86.5,3.0,4.0,1.9,137802
sldl,20118,20,118,State House District 118 (2024); Kansas,23245,26.1,83.6,0.2,12.7,0.3,70912
sldl,20119,20,119,State House District 119 (2024); Kansas,23595,17.2,24.1,2.6,70.1,1.1,68294
sldl,20120,20,120,State House District 120 (2024); Kansas,23030,27.1,86.5,0.8,9.1,0.2,62898
sldl,20121,20,121,State House District 121 (2024); Kansas,22458,46.0,71.6,8.8,8.7,3.4,140075
sldl,20122,20,122,State House District 122 (2024); Kansas,23333,18.8,48.0,1.6,46.8,2.0,71300
sldl,20123,20,123,State House District 123 (2024); Kansas,22188,19.2,36.4,7.1,49.3,5.2,74265
sldl,20124,20,124,State House District 124 (2024); Kansas,23152,21.7,54.6,0.3,41.7,0.3,67538
sldl,20125,20,125,State House District 125 (2024); Kansas,22712,11.9,26.8,2.8,66.0,2.3,65389
sldl,21001,21,001,State House District 1 (2024); Kentucky,43643,22.7,82.6,9.7,3.7,0.3,61830
sldl,21002,21,002,State House District 2 (2024); Kentucky,44185,21.2,85.5,4.2,7.0,0.4,55018
sldl,21003,21,003,State House District 3 (2024); Kentucky,45196,25.5,80.9,9.5,3.2,1.0,57658
sldl,21004,21,004,State House District 4 (2024); Kentucky,45119,16.9,86.9,5.8,2.8,0.6,56815
sldl,21005,21,005,State House District 5 (2024); Kentucky,44516,30.2,87.8,3.6,3.4,1.6,55139
sldl,21006,21,006,State House District 6 (2024); Kentucky,43980,20.2,93.3,1.8,1.9,0.4,66156
sldl,21007,21,007,State House District 7 (2024); Kentucky,48775,26.7,83.8,5.0,3.2,3.2,74924
sldl,21008,21,008,State House District 8 (2024); Kentucky,46136,19.1,75.3,15.5,2.9,0.2,53279
sldl,21009,21,009,State House District 9 (2024); Kentucky,42293,19.9,59.1,17.2,12.6,1.9,56451
sldl,21010,21,010,State House District 10 (2024); Kentucky,46575,20.9,84.0,4.4,3.1,1.1,67318
sldl,21011,21,011,State House District 11 (2024); Kentucky,44280,20.1,84.0,8.1,3.4,0.5,58851
sldl,21012,21,012,State House District 12 (2024); Kentucky,44195,14.2,90.1,3.4,3.4,0.2,59219
sldl,21013,21,013,State House District 13 (2024); Kentucky,44094,26.8,84.4,3.9,5.5,1.0,57055
sldl,21014,21,014,State House District 14 (2024); Kentucky,43548,16.5,92.3,0.7,3.7,0.4,61721
sldl,21015,21,015,State House District 15 (2024); Kentucky,42984,13.3,91.9,1.4,3.0,0.8,52888
sldl,21016,21,016,State House District 16 (2024); Kentucky,44736,15.9,87.1,4.8,3.8,0.3,60887
sldl,21017,21,017,State House District 17 (2024); Kentucky,48313,30.0,70.2,9.3,9.2,6.1,65909
sldl,21018,21,018,State House District 18 (2024); Kentucky,42437,17.6,93.9,1.2,1.7,0.3,58912
sldl,21019,21,019,State House District 19 (2024); Kentucky,47949,20.6,79.4,8.3,5.1,2.0,62897
sldl,21020,21,020,State House District 20 (2024); Kentucky,49335,40.1,74.7,7.7,6.7,6.6,59392
sldl,21021,21,021,State House District 21 (2024); Kentucky,46731,18.0,91.6,2.0,3.4,0.1,50864
sldl,21022,21,022,State House District 22 (2024); Kentucky,48941,21.7,87.7,4.3,2.8,0.1,66084
sldl,21023,21,023,State House District 23 (2024); Kentucky,44938,18.3,87.4,3.8,4.4,0.9,50628
sldl,21024,21,024,State House District 24 (2024); Kentucky,46079,14.6,91.0,2.2,2.5,0.2,55293
sldl,21025,21,025,State House District 25 (2024); Kentucky,44846,26.9,74.8,12.1,5.5,2.8,66532
sldl,21026,21,026,State House District 26 (2024); Kentucky,45092,18.7,83.0,4.8,6.9,1.3,77524
sldl,21027,21,027,State House District 27 (2024); Kentucky,46987,19.1,78.2,9.2,6.3,1.5,66521
sldl,21028,21,028,State House District 28 (2024); Kentucky,47653,18.6,71.4,13.0,8.7,0.8,69170
sldl,21029,21,029,State House District 29 (2024); Kentucky,43450,38.2,68.7,14.0,6.3,4.0,96928
sldl,21030,21,030,State House District 30 (2024); Kentucky,46041,23.6,35.8,33.5,20.7,4.9,54965
sldl,21031,21,031,State House District 31 (2024); Kentucky,44513,48.1,73.9,8.7,5.3,6.5,82831
sldl,21032,21,032,State House District 32 (2024); Kentucky,46564,50.3,70.6,12.8,6.5,4.4,76818
sldl,21033,21,033,State House District 33 (2024); Kentucky,43428,54.6,80.9,6.2,4.2,3.7,105490
sldl,21034,21,034,State House District 34 (2024); Kentucky,45217,62.1,84.8,5.2,2.5,3.0,88351
sldl,21035,21,035,State House District 35 (2024); Kentucky,43336,24.5,47.4,24.9,19.2,3.9,52821
sldl,21036,21,036,State House District 36 (2024); Kentucky,46157,55.6,77.2,7.3,6.0,5.8,117601
sldl,21037,21,037,State House District 37 (2024); Kentucky,47360,23.4,63.1,11.4,17.6,1.8,70112
sldl,21038,21,038,State House District 38 (2024); Kentucky,46638,22.3,60.0,14.4,11.8,4.9,61932
sldl,21039,21,039,State House District 39 (2024); Kentucky,45947,37.8,81.6,5.9,6.2,3.0,76242
sldl,21040,21,040,State House District 40 (2024); Kentucky,39235,13.5,36.8,45.3,7.4,1.8,40623
sldl,21041,21,041,State House District 41 (2024); Kentucky,48358,54.6,82.6,5.5,5.6,1.4,80641
sldl,21042,21,042,State House District 42 (2024); Kentucky,42179,29.6,44.0,44.5,3.6,1.3,42225
sldl,21043,21,043,State House District 43 (2024); Kentucky,44172,26.4,43.3,45.6,3.7,1.3,38904
sldl,21044,21,044,State House District 44 (2024); Kentucky,45617,11.8,36.5,48.6,8.5,0.5,51000
sldl,21045,21,045,State House District 45 (2024); Kentucky,43883,61.2,80.0,2.5,5.0,8.5,102876
sldl,21046,21,046,State House District 46 (2024); Kentucky,47157,31.1,61.7,20.4,10.9,1.9,73278
sldl,21047,21,047,State House District 47 (2024); Kentucky,46690,15.6,90.1,1.7,4.3,0.2,61952
sldl,21048,21,048,State House District 48 (2024); Kentucky,44675,67.6,86.2,3.0,2.7,3.2,129820
sldl,21049,21,049,State House District 49 (2024); Kentucky,43826,23.3,93.2,0.4,2.1,0.4,88232
sldl,21050,21,050,State House District 50 (2024); Kentucky,47606,23.8,89.1,5.2,2.9,0.5,69562
sldl,21051,21,051,State House District 51 (2024); Kentucky,46146,19.5,87.2,5.9,3.3,0.8,60238
sldl,21052,21,052,State House District 52 (2024); Kentucky,48292,14.5,90.9,2.7,3.3,0.3,46897
sldl,21053,21,053,State House District 53 (2024); Kentucky,44546,25.0,92.1,1.5,2.6,0.4,84187
sldl,21054,21,054,State House District 54 (2024); Kentucky,46855,21.6,86.3,4.7,4.3,0.5,54040
sldl,21055,21,055,State House District 55 (2024); Kentucky,44940,23.4,88.2,4.2,2.7,0.4,63899
sldl,21056,21,056,State House District 56 (2024); Kentucky,45005,40.9,86.2,4.1,5.9,0.3,87862
sldl,21057,21,057,State House District 57 (2024); Kentucky,42281,31.8,79.2,10.1,4.3,2.2,62041
sldl,21058,21,058,State House District 58 (2024); Kentucky,46490,32.2,77.2,3.7,11.6,0.8,81673
sldl,21059,21,059,State House District 59 (2024); Kentucky,47087,45.4,84.6,3.5,5.4,1.9,123980
sldl,21060,21,060,State House District 60 (2024); Kentucky,49399,40.4,80.2,5.5,6.1,3.5,103485
sldl,21061,21,061,State House District 61 (2024); Kentucky,44949,20.6,91.8,1.1,3.3,0.6,76051
sldl,21062,21,062,State House District 62 (2024); Kentucky,44724,34.2,84.6,4.5,5.2,1.1,83809
sldl,21063,21,063,State House District 63 (2024); Kentucky,42803,38.7,84.4,2.6,6.4,0.9,80804
sldl,21064,21,064,State House District 64 (2024); Kentucky,47961,35.7,87.5,2.2,4.7,1.1,93067
sldl,21065,21,065,State House District 65 (2024); Kentucky,44950,42.5,79.3,7.6,6.3,1.2,73951
sldl,21066,21,066,State House District 66 (2024); Kentucky,48264,38.2,85.1,2.3,4.4,2.3,120396
sldl,21067,21,067,State House District 67 (2024); Kentucky,42639,40.0,87.4,4.1,3.8,0.9,66126
sldl,21068,21,068,State House District 68 (2024); Kentucky,44434,40.8,92.3,1.9,1.7,1.0,90483
sldl,21069,21,069,State House District 69 (2024); Kentucky,45637,24.6,79.6,7.1,7.1,1.6,67303
sldl,21070,21,070,State House District 70 (2024); Kentucky,46823,20.3,91.1,3.1,2.1,0.4,60564
sldl,21071,21,071,State House District 71 (2024); Kentucky,43898,20.9,92.4,1.4,3.0,0.3,55304
sldl,21072,21,072,State House District 72 (2024); Kentucky,43271,20.8,89.4,2.9,4.4,0.3,56915
sldl,21073,21,073,State House District 73 (2024); Kentucky,43779,26.5,85.7,3.2,5.2,1.3,68425
sldl,21074,21,074,State House District 74 (2024); Kentucky,47476,17.8,92.9,1.0,2.9,0.3,55208
sldl,21075,21,075,State House District 75 (2024); Kentucky,46542,40.4,67.4,11.8,13.5,3.4,49685
sldl,21076,21,076,State House District 76 (2024); Kentucky,44259,42.2,69.0,11.9,11.6,2.2,62653
sldl,21077,21,077,State House District 77 (2024); Kentucky,49063,35.7,48.3,27.6,15.8,2.2,63596
sldl,21078,21,078,State House District 78 (2024); Kentucky,42429,28.0,93.8,0.3,1.1,0.7,80867
sldl,21079,21,079,State House District 79 (2024); Kentucky,46656,53.6,67.8,16.3,6.0,5.1,60863
sldl,21080,21,080,State House District 80 (2024); Kentucky,43697,17.0,92.2,2.1,2.4,0.1,55444
sldl,21081,21,081,State House District 81 (2024); Kentucky,46361,38.1,88.2,3.4,3.5,0.8,75512
sldl,21082,21,082,State House District 82 (2024); Kentucky,42752,19.9,94.6,0.9,2.0,0.2,46183
sldl,21083,21,083,State House District 83 (2024); Kentucky,42193,16.2,92.5,0.7,3.5,1.1,46736
sldl,21084,21,084,State House District 84 (2024); Kentucky,44746,14.2,94.5,1.2,0.5,0.5,37840
sldl,21085,21,085,State House District 85 (2024); Kentucky,48329,18.6,92.1,1.0,3.4,0.3,52124
sldl,21086,21,086,State House District 86 (2024); Kentucky,43800,14.5,94.7,0.9,1.4,0.3,38408
sldl,21087,21,087,State House District 87 (2024); Kentucky,41965,14.9,93.0,2.4,0.4,0.3,34232
sldl,21088,21,088,State House District 88 (2024); Kentucky,49244,52.9,73.2,10.5,6.6,5.5,109319
sldl,21089,21,089,State House District 89 (2024); Kentucky,47224,15.1,94.6,1.5,0.8,0.2,47759
sldl,21090,21,090,State House District 90 (2024); Kentucky,44749,15.5,93.0,2.1,1.7,0.1,43543
sldl,21091,21,091,State House District 91 (2024); Kentucky,46207,20.4,90.2,3.3,2.3,1.0,47483
sldl,21092,21,092,State House District 92 (2024); Kentucky,44158,16.3,96.1,0.4,0.9,0.5,40030
sldl,21093,21,093,State House District 93 (2024); Kentucky,43007,46.5,66.5,17.2,7.5,2.2,63076
sldl,21094,21,094,State House District 94 (2024); Kentucky,43839,12.7,96.3,0.4,0.6,0.2,44868
sldl,21095,21,095,State House District 95 (2024); Kentucky,46908,19.2,94.3,1.0,1.4,0.5,42072
sldl,21096,21,096,State House District 96 (2024); Kentucky,45424,16.0,96.0,0.4,0.6,0.2,53053
sldl,21097,21,097,State House District 97 (2024); Kentucky,43709,14.0,90.9,2.2,1.0,0.7,42890
sldl,21098,21,098,State House District 98 (2024); Kentucky,47148,17.4,94.8,0.6,1.0,0.6,59497
sldl,21099,21,099,State House District 99 (2024); Kentucky,45938,20.3,92.0,2.8,2.7,0.6,50871
sldl,21100,21,100,State House District 100 (2024); Kentucky,46223,20.3,92.4,2.2,1.8,0.7,55475
sldl,22001,22,001,State House District 1 (2024); Louisiana,45272,19.3,63.5,27.4,3.0,0.6,55505
sldl,22002,22,002,State House District 2 (2024); Louisiana,43388,15.9,21.2,61.9,11.4,1.5,36004
sldl,22003,22,003,State House District 3 (2024); Louisiana,44234,10.7,18.3,74.2,4.1,0.4,33861
sldl,22004,22,004,State House District 4 (2024); Louisiana,44742,20.7,21.1,72.3,2.7,1.0,45266
sldl,22005,22,005,State House District 5 (2024); Louisiana,47626,37.2,66.0,23.4,5.3,2.1,85161
sldl,22006,22,006,State House District 6 (2024); Louisiana,41155,48.8,69.1,17.7,4.5,2.9,73637
sldl,22007,22,007,State House District 7 (2024); Louisiana,43667,15.4,58.1,29.2,3.6,0.5,50884
sldl,22008,22,008,State House District 8 (2024); Louisiana,46190,36.6,63.2,22.5,5.8,1.1,78279
sldl,22009,22,009,State House District 9 (2024); Louisiana,42418,24.4,69.1,18.6,7.5,1.3,69144
sldl,22010,22,010,State House District 10 (2024); Louisiana,42967,13.9,61.7,33.0,2.1,0.4,42788
sldl,22011,22,011,State House District 11 (2024); Louisiana,41915,17.6,35.0,57.8,2.7,0.3,27979
sldl,22012,22,012,State House District 12 (2024); Louisiana,45431,29.7,71.6,18.4,4.3,1.2,56627
sldl,22013,22,013,State House District 13 (2024); Louisiana,43697,15.0,63.1,26.7,4.4,0.8,44056
sldl,22014,22,014,State House District 14 (2024); Louisiana,44754,45.3,67.9,22.5,4.3,1.9,75573
sldl,22015,22,015,State House District 15 (2024); Louisiana,43325,27.9,86.1,6.7,3.3,0.9,72288
sldl,22016,22,016,State House District 16 (2024); Louisiana,42309,20.0,30.7,64.4,2.6,0.7,36225
sldl,22017,22,017,State House District 17 (2024); Louisiana,40826,12.6,22.9,70.2,4.4,0.6,33649
sldl,22018,22,018,State House District 18 (2024); Louisiana,46400,20.4,54.9,38.2,3.9,0.2,71458
sldl,22019,22,019,State House District 19 (2024); Louisiana,42322,16.9,67.1,28.2,2.3,0.2,50223
sldl,22020,22,020,State House District 20 (2024); Louisiana,42649,15.5,76.7,17.0,2.3,0.4,52889
sldl,22021,22,021,State House District 21 (2024); Louisiana,42008,15.0,41.3,52.5,2.2,0.2,37028
sldl,22022,22,022,State House District 22 (2024); Louisiana,41564,19.7,61.2,26.8,7.1,0.7,54626
sldl,22023,22,023,State House District 23 (2024); Louisiana,44110,43.4,31.4,49.1,12.2,1.1,51268
sldl,22024,22,024,State House District 24 (2024); Louisiana,41135,16.5,78.1,9.1,5.7,0.7,60803
sldl,22025,22,025,State House District 25 (2024); Louisiana,43734,31.9,67.1,22.6,3.5,2.1,72103
sldl,22026,22,026,State House District 26 (2024); Louisiana,42882,15.3,27.4,65.4,2.9,0.7,34970
sldl,22027,22,027,State House District 27 (2024); Louisiana,42952,23.6,79.6,10.3,3.9,0.2,72538
sldl,22028,22,028,State House District 28 (2024); Louisiana,41979,11.5,63.3,27.3,3.8,0.6,39261
sldl,22029,22,029,State House District 29 (2024); Louisiana,44572,17.7,21.7,72.4,2.7,0.5,50705
sldl,22030,22,030,State House District 30 (2024); Louisiana,41572,20.7,64.6,17.8,8.6,1.7,58510
sldl,22031,22,031,State House District 31 (2024); Louisiana,46956,33.6,64.6,18.6,7.7,4.5,72328
sldl,22032,22,032,State House District 32 (2024); Louisiana,42132,12.5,72.4,16.6,4.8,0.4,51038
sldl,22033,22,033,State House District 33 (2024); Louisiana,42291,18.7,82.2,4.9,6.0,0.9,69672
sldl,22034,22,034,State House District 34 (2024); Louisiana,42039,19.1,20.0,66.5,6.6,0.9,47396
sldl,22035,22,035,State House District 35 (2024); Louisiana,44479,26.8,82.2,10.9,2.8,0.9,77878
sldl,22036,22,036,State House District 36 (2024); Louisiana,43906,39.4,73.4,15.0,5.3,3.5,79402
sldl,22037,22,037,State House District 37 (2024); Louisiana,43887,17.7,74.6,15.6,3.1,0.2,58077
sldl,22038,22,038,State House District 38 (2024); Louisiana,41040,15.1,65.6,22.9,6.6,0.7,43012
sldl,22039,22,039,State House District 39 (2024); Louisiana,41994,21.6,55.5,33.6,5.1,1.5,62377
sldl,22040,22,040,State House District 40 (2024); Louisiana,45020,15.4,39.9,53.0,2.6,1.0,45918
sldl,22041,22,041,State House District 41 (2024); Louisiana,46538,12.4,70.3,18.3,5.4,0.1,49420
sldl,22042,22,042,State House District 42 (2024); Louisiana,45794,18.0,76.2,15.8,2.7,0.2,46939
sldl,22043,22,043,State House District 43 (2024); Louisiana,42561,45.2,69.8,17.0,6.4,2.9,82905
sldl,22044,22,044,State House District 44 (2024); Louisiana,40536,20.9,30.3,59.5,4.7,0.6,41051
sldl,22045,22,045,State House District 45 (2024); Louisiana,47730,47.8,68.8,13.8,11.5,2.0,70890
sldl,22046,22,046,State House District 46 (2024); Louisiana,42161,16.9,68.3,24.3,3.5,0.6,55048
sldl,22047,22,047,State House District 47 (2024); Louisiana,46144,17.2,74.8,12.4,4.3,1.0,67920
sldl,22048,22,048,State House District 48 (2024); Louisiana,46576,24.9,72.2,16.5,6.0,2.5,77053
sldl,22049,22,049,State House District 49 (2024); Louisiana,48321,22.8,80.6,9.1,5.0,1.3,72282
sldl,22050,22,050,State House District 50 (2024); Louisiana,42855,13.1,54.5,30.0,7.8,0.4,51475
sldl,22051,22,051,State House District 51 (2024); Louisiana,45351,15.6,61.2,24.1,6.7,1.4,60320
sldl,22052,22,052,State House District 52 (2024); Louisiana,45228,26.8,66.6,15.8,7.9,1.5,75337
sldl,22053,22,053,State House District 53 (2024); Louisiana,39346,11.5,63.5,15.3,7.9,0.5,56298
sldl,22054,22,054,State House District 54 (2024); Louisiana,37731,15.3,81.1,1.5,8.3,0.6,69521
sldl,22055,22,055,State House District 55 (2024); Louisiana,46180,27.1,72.0,18.1,4.8,0.7,56881
sldl,22056,22,056,State House District 56 (2024); Louisiana,46469,28.0,64.2,21.0,7.6,0.9,81058
sldl,22057,22,057,State House District 57 (2024); Louisiana,40292,17.9,30.3,54.6,10.2,0.9,67252
sldl,22058,22,058,State House District 58 (2024); Louisiana,44672,17.1,32.1,57.7,8.1,0.3,57789
sldl,22059,22,059,State House District 59 (2024); Louisiana,48240,38.7,66.4,16.9,9.4,2.2,109447
sldl,22060,22,060,State House District 60 (2024); Louisiana,44890,17.4,51.3,38.9,4.7,0.4,55055
sldl,22061,22,061,State House District 61 (2024); Louisiana,39335,21.9,17.5,70.9,4.5,0.7,34129
sldl,22062,22,062,State House District 62 (2024); Louisiana,41264,21.3,38.6,55.0,1.4,0.5,55717
sldl,22063,22,063,State House District 63 (2024); Louisiana,45183,28.1,24.2,68.5,2.7,1.0,64975
sldl,22064,22,064,State House District 64 (2024); Louisiana,47605,22.5,83.8,7.3,5.2,1.0,86493
sldl,22065,22,065,State House District 65 (2024); Louisiana,42985,31.5,60.4,22.6,10.3,1.7,84227
sldl,22066,22,066,State House District 66 (2024); Louisiana,39042,55.1,71.1,15.0,6.5,4.9,110163
sldl,22067,22,067,State House District 67 (2024); Louisiana,42054,35.7,31.5,49.1,11.0,5.2,48490
sldl,22068,22,068,State House District 68 (2024); Louisiana,45982,59.5,62.4,23.3,5.7,3.7,70586
sldl,22069,22,069,State House District 69 (2024); Louisiana,48220,47.9,54.6,24.1,8.6,4.6,79655
sldl,22070,22,070,State House District 70 (2024); Louisiana,49386,59.5,59.5,21.7,7.3,7.2,72453
sldl,22071,22,071,State House District 71 (2024); Louisiana,45926,25.9,75.0,11.7,9.6,0.6,79530
sldl,22072,22,072,State House District 72 (2024); Louisiana,44090,17.1,39.6,52.7,3.4,0.2,42238
sldl,22073,22,073,State House District 73 (2024); Louisiana,48358,21.1,72.3,16.9,6.8,0.5,67126
sldl,22074,22,074,State House District 74 (2024); Louisiana,45892,30.5,80.6,6.9,7.2,0.2,72447
sldl,22075,22,075,State House District 75 (2024); Louisiana,45120,12.8,62.5,26.8,3.3,0.1,45380
sldl,22076,22,076,State House District 76 (2024); Louisiana,47791,30.9,55.8,24.6,10.0,1.7,79369
sldl,22077,22,077,State House District 77 (2024); Louisiana,46813,45.8,77.7,7.5,8.2,0.7,91296
sldl,22078,22,078,State House District 78 (2024); Louisiana,45343,32.6,67.5,4.6,20.6,2.5,72412
sldl,22079,22,079,State House District 79 (2024); Louisiana,43256,43.6,58.8,9.5,18.7,5.9,79813
sldl,22080,22,080,State House District 80 (2024); Louisiana,44452,39.3,60.4,14.6,16.7,2.8,62261
sldl,22081,22,081,State House District 81 (2024); Louisiana,46945,22.3,76.2,14.8,3.9,0.5,89177
sldl,22082,22,082,State House District 82 (2024); Louisiana,44151,47.7,69.6,10.7,12.6,2.8,80810
sldl,22083,22,083,State House District 83 (2024); Louisiana,46257,14.4,24.7,53.3,14.2,2.5,49889
sldl,22084,22,084,State House District 84 (2024); Louisiana,40448,18.3,58.4,18.4,12.1,5.3,64184
sldl,22085,22,085,State House District 85 (2024); Louisiana,43351,22.8,29.2,31.3,32.2,4.6,47481
sldl,22086,22,086,State House District 86 (2024); Louisiana,47179,21.8,66.8,22.3,6.1,1.6,62724
sldl,22087,22,087,State House District 87 (2024); Louisiana,43145,19.1,16.3,60.1,13.5,7.0,56013
sldl,22088,22,088,State House District 88 (2024); Louisiana,41570,25.6,77.2,11.2,7.3,0.3,90448
sldl,22089,22,089,State House District 89 (2024); Louisiana,46181,55.1,83.1,3.1,5.9,2.9,106250
sldl,22090,22,090,State House District 90 (2024); Louisiana,41044,29.2,63.9,18.8,8.3,1.4,73112
sldl,22091,22,091,State House District 91 (2024); Louisiana,41604,52.5,41.0,41.9,9.5,2.2,65823
sldl,22092,22,092,State House District 92 (2024); Louisiana,45000,22.4,36.8,22.8,33.6,3.1,59247
sldl,22093,22,093,State House District 93 (2024); Louisiana,39249,39.3,31.1,54.9,6.1,1.8,42648
sldl,22094,22,094,State House District 94 (2024); Louisiana,43954,61.3,68.0,7.6,15.6,4.4,95390
sldl,22095,22,095,State House District 95 (2024); Louisiana,41743,16.2,78.5,12.2,4.9,0.2,60340
sldl,22096,22,096,State House District 96 (2024); Louisiana,42158,13.0,37.2,51.5,3.3,1.3,41089
sldl,22097,22,097,State House District 97 (2024); Louisiana,43735,35.8,18.2,68.4,7.5,1.2,47478
sldl,22098,22,098,State House District 98 (2024); Louisiana,42665,70.0,63.5,18.4,8.8,4.0,95589
sldl,22099,22,099,State House District 99 (2024); Louisiana,41983,28.5,15.8,74.9,4.9,0.4,44628
sldl,22100,22,100,State House District 100 (2024); Louisiana,47170,25.4,4.1,78.7,4.0,8.3,50313
sldl,22101,22,101,State House District 101 (2024); Louisiana,46979,27.3,18.9,60.9,11.7,3.7,57336
sldl,22102,22,102,State House District 102 (2024); Louisiana,43283,32.4,17.9,67.6,8.2,1.9,52121
sldl,22103,22,103,State House District 103 (2024); Louisiana,44419,17.6,55.5,23.6,13.9,1.9,58651
sldl,22104,22,104,State House District 104 (2024); Louisiana,44700,33.7,72.8,11.5,9.8,1.1,79421
sldl,22105,22,105,State House District 105 (2024); Louisiana,41797,27.6,44.7,34.7,9.8,5.0,79508
sldl,23001,23,001,State House District 1 (2024); Maine,8541,26.0,90.4,2.5,2.6,0.0,53558
sldl,23002,23,002,State House District 2 (2024); Maine,9008,18.5,94.4,0.4,1.1,0.7,53894
sldl,23003,23,003,State House District 3 (2024); Maine,9194,24.2,94.3,0.2,2.2,0.2,61235
sldl,23004,23,004,State House District 4 (2024); Maine,8981,28.5,91.4,0.2,1.2,0.4,54009
sldl,23005,23,005,State House District 5 (2024); Maine,8736,26.2,90.1,1.7,1.4,0.8,55768
sldl,23006,23,006,State House District 6 (2024); Maine,8508,24.9,94.4,0.1,1.3,0.2,70500
sldl,23007,23,007,State House District 7 (2024); Maine,8727,21.0,92.4,0.3,2.2,0.0,59100
sldl,23008,23,008,State House District 8 (2024); Maine,9824,13.7,93.0,0.5,1.3,0.5,50139
sldl,23009,23,009,State House District 9 (2024); Maine,8849,24.9,79.6,1.0,2.2,0.4,60000
sldl,23010,23,010,State House District 10 (2024); Maine,9405,29.6,92.1,0.1,2.7,0.3,57063
sldl,23011,23,011,State House District 11 (2024); Maine,9150,22.7,89.3,1.2,2.4,0.3,53530
sldl,23012,23,012,State House District 12 (2024); Maine,9233,29.9,92.5,0.5,2.3,0.3,70218
sldl,23013,23,013,State House District 13 (2024); Maine,9156,38.4,91.4,1.5,0.9,1.5,74599
sldl,23014,23,014,State House District 14 (2024); Maine,8893,60.2,90.0,2.9,3.1,1.4,84830
sldl,23015,23,015,State House District 15 (2024); Maine,8993,38.7,94.2,0.4,1.8,0.4,67895
sldl,23016,23,016,State House District 16 (2024); Maine,9737,44.2,92.3,0.6,2.3,0.8,75173
sldl,23017,23,017,State House District 17 (2024); Maine,8566,29.4,96.4,0.0,1.0,0.8,64888
sldl,23018,23,018,State House District 18 (2024); Maine,9616,27.4,91.8,0.3,1.8,1.2,66650
sldl,23019,23,019,State House District 19 (2024); Maine,9428,41.1,92.0,0.2,1.2,1.9,90764
sldl,23020,23,020,State House District 20 (2024); Maine,9156,33.8,90.7,1.4,3.5,0.1,65413
sldl,23021,23,021,State House District 21 (2024); Maine,8261,36.0,91.0,1.8,1.8,1.1,41199
sldl,23022,23,022,State House District 22 (2024); Maine,9947,23.6,88.5,2.0,2.8,0.0,58000
sldl,23023,23,023,State House District 23 (2024); Maine,9444,44.2,84.6,4.7,4.9,2.6,70984
sldl,23024,23,024,State House District 24 (2024); Maine,9295,50.8,86.5,1.3,5.0,2.3,94583
sldl,23025,23,025,State House District 25 (2024); Maine,9236,66.4,84.9,1.7,5.2,4.2,53987
sldl,23026,23,026,State House District 26 (2024); Maine,9585,33.6,85.8,2.7,2.1,0.4,55848
sldl,23027,23,027,State House District 27 (2024); Maine,9608,19.6,92.1,0.0,0.9,2.9,70038
sldl,23028,23,028,State House District 28 (2024); Maine,9103,19.1,95.5,0.0,0.4,0.3,56607
sldl,23029,23,029,State House District 29 (2024); Maine,9226,18.6,96.9,0.1,0.9,0.1,51060
sldl,23030,23,030,State House District 30 (2024); Maine,9399,20.5,93.3,0.0,0.7,0.9,60392
sldl,23031,23,031,State House District 31 (2024); Maine,8494,22.9,92.3,1.9,3.0,0.7,62453
sldl,23032,23,032,State House District 32 (2024); Maine,8147,16.3,94.4,0.9,0.6,0.3,60152
sldl,23033,23,033,State House District 33 (2024); Maine,9113,20.1,95.2,0.5,0.3,0.1,64409
sldl,23034,23,034,State House District 34 (2024); Maine,9139,20.6,95.8,0.1,1.6,0.5,89825
sldl,23035,23,035,State House District 35 (2024); Maine,9668,31.4,94.5,0.5,1.4,0.1,93015
sldl,23036,23,036,State House District 36 (2024); Maine,9371,43.2,89.1,0.0,1.5,0.4,106554
sldl,23037,23,037,State House District 37 (2024); Maine,9798,31.8,93.3,0.9,1.6,0.1,86017
sldl,23038,23,038,State House District 38 (2024); Maine,9363,27.0,93.1,0.2,1.5,1.1,65797
sldl,23039,23,039,State House District 39 (2024); Maine,9483,42.5,90.2,0.4,1.9,0.4,68730
sldl,23040,23,040,State House District 40 (2024); Maine,8828,38.7,94.3,0.2,1.3,0.4,77105
sldl,23041,23,041,State House District 41 (2024); Maine,8917,57.9,94.1,0.1,2.2,0.5,84020
sldl,23042,23,042,State House District 42 (2024); Maine,8656,37.2,93.2,0.1,2.0,0.1,59531
sldl,23043,23,043,State House District 43 (2024); Maine,8605,39.6,93.7,0.2,2.0,0.3,72356
sldl,23044,23,044,State House District 44 (2024); Maine,9343,29.5,91.3,0.8,1.6,0.8,81650
sldl,23045,23,045,State House District 45 (2024); Maine,9007,31.4,93.1,1.0,1.6,0.4,69729
sldl,23046,23,046,State House District 46 (2024); Maine,9048,45.5,93.0,0.0,1.5,0.6,87083
sldl,23047,23,047,State House District 47 (2024); Maine,9496,33.8,91.9,1.6,1.1,0.8,78523
sldl,23048,23,048,State House District 48 (2024); Maine,8903,48.6,94.9,0.6,1.3,1.3,72981
sldl,23049,23,049,State House District 49 (2024); Maine,8868,47.8,90.2,0.7,1.3,1.3,102526
sldl,23050,23,050,State House District 50 (2024); Maine,8815,42.5,92.6,0.5,0.8,0.8,69390
sldl,23051,23,051,State House District 51 (2024); Maine,8901,50.5,93.8,0.9,2.5,0.5,92778
sldl,23052,23,052,State House District 52 (2024); Maine,8805,38.1,93.8,0.0,1.1,0.1,85795
sldl,23053,23,053,State House District 53 (2024); Maine,9171,23.6,92.2,0.0,5.3,0.2,82266
sldl,23054,23,054,State House District 54 (2024); Maine,9105,35.5,89.5,1.0,2.7,0.6,71739
sldl,23055,23,055,State House District 55 (2024); Maine,8712,43.4,96.2,0.1,0.5,0.7,79663
sldl,23056,23,056,State House District 56 (2024); Maine,9766,27.4,97.0,0.2,0.7,0.5,78617
sldl,23057,23,057,State House District 57 (2024); Maine,8842,42.7,92.5,1.3,0.8,0.4,86479
sldl,23058,23,058,State House District 58 (2024); Maine,9751,41.5,91.8,0.1,2.5,0.2,76419
sldl,23059,23,059,State House District 59 (2024); Maine,9525,27.9,86.3,3.5,3.7,1.4,46412
sldl,23060,23,060,State House District 60 (2024); Maine,9552,29.8,89.1,1.1,1.0,1.2,50538
sldl,23061,23,061,State House District 61 (2024); Maine,9108,34.0,92.8,0.3,3.1,0.8,80388
sldl,23062,23,062,State House District 62 (2024); Maine,9526,28.4,93.6,0.2,2.0,0.4,87580
sldl,23063,23,063,State House District 63 (2024); Maine,9480,28.6,92.5,1.0,2.7,1.1,74730
sldl,23064,23,064,State House District 64 (2024); Maine,8929,27.5,87.1,1.9,2.2,2.8,52712
sldl,23065,23,065,State House District 65 (2024); Maine,9601,32.1,88.0,0.9,3.4,0.6,53192
sldl,23066,23,066,State House District 66 (2024); Maine,8713,26.4,93.6,0.1,1.5,2.5,78821
sldl,23067,23,067,State House District 67 (2024); Maine,9289,17.1,95.3,0.0,1.5,0.3,62984
sldl,23068,23,068,State House District 68 (2024); Maine,9252,22.2,93.9,0.9,1.2,0.2,59850
sldl,23069,23,069,State House District 69 (2024); Maine,8355,19.8,94.4,1.0,1.0,0.1,53929
sldl,23070,23,070,State House District 70 (2024); Maine,8653,21.4,95.7,0.4,1.9,0.3,49485
sldl,23071,23,071,State House District 71 (2024); Maine,9489,22.7,95.5,0.2,1.1,0.1,64089
sldl,23072,23,072,State House District 72 (2024); Maine,9093,17.0,92.8,0.2,1.4,0.5,53464
sldl,23073,23,073,State House District 73 (2024); Maine,8030,34.0,93.9,0.2,3.2,0.6,53345
sldl,23074,23,074,State House District 74 (2024); Maine,9999,27.0,92.6,1.4,0.9,0.3,60784
sldl,23075,23,075,State House District 75 (2024); Maine,9554,35.5,90.5,1.0,2.2,1.1,55170
sldl,23076,23,076,State House District 76 (2024); Maine,9193,23.4,98.0,0.0,0.3,0.4,58645
sldl,23077,23,077,State House District 77 (2024); Maine,9522,21.0,90.2,0.1,2.3,1.9,66135
sldl,23078,23,078,State House District 78 (2024); Maine,9527,25.3,92.9,0.0,0.6,0.3,43919
sldl,23079,23,079,State House District 79 (2024); Maine,9203,26.0,94.7,0.1,1.0,0.2,64722
sldl,23080,23,080,State House District 80 (2024); Maine,9792,22.8,94.2,0.1,1.2,0.3,76250
sldl,23081,23,081,State House District 81 (2024); Maine,9208,24.6,90.8,1.6,2.2,0.0,58147
sldl,23082,23,082,State House District 82 (2024); Maine,10166,24.5,90.3,0.2,2.9,1.0,62250
sldl,23083,23,083,State House District 83 (2024); Maine,9209,33.1,93.5,0.4,1.7,0.3,65208
sldl,23084,23,084,State House District 84 (2024); Maine,8893,31.2,92.0,0.1,1.6,0.1,73442
sldl,23085,23,085,State House District 85 (2024); Maine,8997,37.4,88.9,0.5,2.2,1.3,112365
sldl,23086,23,086,State House District 86 (2024); Maine,8507,40.7,87.4,0.3,1.1,2.1,80349
sldl,23087,23,087,State House District 87 (2024); Maine,8921,21.6,92.6,0.2,0.6,0.4,73550
sldl,23088,23,088,State House District 88 (2024); Maine,9117,29.5,92.9,3.0,1.1,0.5,80386
sldl,23089,23,089,State House District 89 (2024); Maine,8674,18.1,81.3,6.5,5.4,2.3,43469
sldl,23090,23,090,State House District 90 (2024); Maine,9605,34.0,92.0,0.1,2.3,0.6,86065
sldl,23091,23,091,State House District 91 (2024); Maine,9277,22.3,93.8,0.5,1.7,0.4,94963
sldl,23092,23,092,State House District 92 (2024); Maine,9533,19.4,91.1,0.2,0.5,2.5,64775
sldl,23093,23,093,State House District 93 (2024); Maine,10427,25.9,77.9,12.1,2.7,3.3,54916
sldl,23094,23,094,State House District 94 (2024); Maine,9299,22.6,80.0,13.3,2.5,0.3,42256
sldl,23095,23,095,State House District 95 (2024); Maine,9597,18.3,67.3,24.6,2.4,0.4,48998
sldl,23096,23,096,State House District 96 (2024); Maine,9001,23.8,84.3,4.7,4.8,2.5,81712
sldl,23097,23,097,State House District 97 (2024); Maine,8916,22.7,95.6,0.7,1.5,0.0,78071
sldl,23098,23,098,State House District 98 (2024); Maine,8688,36.7,91.4,0.4,4.9,0.6,92267
sldl,23099,23,099,State House District 99 (2024); Maine,8884,45.4,94.1,0.7,1.3,0.9,73063
sldl,23100,23,100,State House District 100 (2024); Maine,9690,59.4,84.4,3.1,4.1,3.1,73776
sldl,23101,23,101,State House District 101 (2024); Maine,8808,57.7,92.2,0.2,3.8,0.8,90571
sldl,23102,23,102,State House District 102 (2024); Maine,8802,59.6,91.6,0.3,1.1,2.5,107326
sldl,23103,23,103,State House District 103 (2024); Maine,9053,66.8,94.2,0.6,3.4,0.3,110216
sldl,23104,23,104,State House District 104 (2024); Maine,8952,35.0,93.4,0.5,1.0,0.2,99470
sldl,23105,23,105,State House District 105 (2024); Maine,9483,49.4,86.9,0.0,3.7,2.0,111042
sldl,23106,23,106,State House District 106 (2024); Maine,9100,42.4,85.1,0.4,3.7,3.1,99425
sldl,23107,23,107,State House District 107 (2024); Maine,10088,46.0,92.4,2.3,0.4,0.6,112269
sldl,23108,23,108,State House District 108 (2024); Maine,10188,42.1,85.5,0.9,2.1,2.8,113067
sldl,23109,23,109,State House District 109 (2024); Maine,8112,46.5,86.2,0.4,2.1,2.2,111602
sldl,23110,23,110,State House District 110 (2024); Maine,9451,71.0,92.7,0.5,2.5,0.8,161518
sldl,23111,23,111,State House District 111 (2024); Maine,9563,71.5,85.3,0.3,3.8,1.5,178750
sldl,23112,23,112,State House District 112 (2024); Maine,9354,66.5,81.9,4.2,3.2,3.3,106286
sldl,23113,23,113,State House District 113 (2024); Maine,9773,46.3,73.9,12.1,2.8,6.6,81205
sldl,23114,23,114,State House District 114 (2024); Maine,8738,54.9,75.9,12.8,1.7,2.7,90362
sldl,23115,23,115,State House District 115 (2024); Maine,9037,71.8,85.9,2.8,1.1,6.1,82396
sldl,23116,23,116,State House District 116 (2024); Maine,7903,64.0,89.2,1.5,3.6,1.9,96806
sldl,23117,23,117,State House District 117 (2024); Maine,8641,62.6,71.3,10.4,3.1,4.1,74076
sldl,23118,23,118,State House District 118 (2024); Maine,8899,55.6,67.3,15.6,5.3,4.2,54358
sldl,23119,23,119,State House District 119 (2024); Maine,9701,61.8,78.6,9.1,4.1,2.1,81367
sldl,23120,23,120,State House District 120 (2024); Maine,9419,40.3,66.6,19.4,2.6,5.2,80214
sldl,23121,23,121,State House District 121 (2024); Maine,8973,55.2,88.4,0.7,4.9,1.4,107396
sldl,23122,23,122,State House District 122 (2024); Maine,9023,61.7,83.3,0.5,4.5,3.3,79375
sldl,23123,23,123,State House District 123 (2024); Maine,9121,73.3,91.9,0.1,2.5,1.1,145482
sldl,23124,23,124,State House District 124 (2024); Maine,10063,65.1,92.0,0.0,2.9,1.3,161264
sldl,23125,23,125,State House District 125 (2024); Maine,9297,50.6,93.2,0.5,3.4,1.1,93050
sldl,23126,23,126,State House District 126 (2024); Maine,9019,44.6,84.6,2.4,0.9,1.4,112017
sldl,23127,23,127,State House District 127 (2024); Maine,9323,41.2,76.7,5.4,3.0,2.9,76563
sldl,23128,23,128,State House District 128 (2024); Maine,9757,43.8,82.4,4.5,5.2,1.1,107313
sldl,23129,23,129,State House District 129 (2024); Maine,9307,43.1,85.0,3.6,4.7,1.3,78626
sldl,23130,23,130,State House District 130 (2024); Maine,8043,45.1,81.5,0.9,3.5,1.1,96244
sldl,23131,23,131,State House District 131 (2024); Maine,9244,42.8,88.0,1.9,4.1,1.2,60050
sldl,23132,23,132,State House District 132 (2024); Maine,9243,30.8,95.7,0.8,0.5,0.4,63250
sldl,23133,23,133,State House District 133 (2024); Maine,9125,27.9,87.7,0.9,6.8,1.2,79651
sldl,23134,23,134,State House District 134 (2024); Maine,9977,53.6,93.2,0.6,0.4,1.9,107666
sldl,23135,23,135,State House District 135 (2024); Maine,9640,49.3,92.4,0.1,3.2,1.9,102970
sldl,23136,23,136,State House District 136 (2024); Maine,8864,25.5,91.5,0.7,0.9,0.3,84901
sldl,23137,23,137,State House District 137 (2024); Maine,9898,33.2,88.5,0.5,0.6,0.3,103370
sldl,23138,23,138,State House District 138 (2024); Maine,9306,22.9,84.7,0.5,1.0,0.0,81317
sldl,23139,23,139,State House District 139 (2024); Maine,9213,25.6,92.4,0.0,0.5,0.1,86250
sldl,23140,23,140,State House District 140 (2024); Maine,9578,26.5,94.6,0.0,0.3,1.3,97188
sldl,23141,23,141,State House District 141 (2024); Maine,8795,30.7,94.3,0.3,1.1,0.1,81977
sldl,23142,23,142,State House District 142 (2024); Maine,8344,20.0,86.9,1.1,3.8,1.0,64903
sldl,23143,23,143,State House District 143 (2024); Maine,9664,24.7,87.3,1.9,1.5,4.6,76667
sldl,23144,23,144,State House District 144 (2024); Maine,9350,17.3,91.7,0.0,1.3,1.2,94000
sldl,23145,23,145,State House District 145 (2024); Maine,9828,42.0,87.0,6.1,1.3,1.3,90710
sldl,23146,23,146,State House District 146 (2024); Maine,8837,56.2,92.3,3.1,3.1,0.0,114193
sldl,23147,23,147,State House District 147 (2024); Maine,8413,50.5,94.7,0.1,1.0,0.2,107736
sldl,23148,23,148,State House District 148 (2024); Maine,9805,35.4,94.6,0.7,1.2,1.2,103642
sldl,23149,23,149,State House District 149 (2024); Maine,9637,34.7,92.7,0.0,1.1,1.1,99068
sldl,23150,23,150,State House District 150 (2024); Maine,9256,43.2,89.0,0.9,4.2,0.3,99667
sldl,23151,23,151,State House District 151 (2024); Maine,9895,47.0,88.5,1.4,4.9,2.0,92405
sldl,24003,24,003,State Legislative District 3 (2024); Maryland,134118,46.4,52.4,16.3,17.4,7.6,108171
sldl,24004,24,004,State Legislative District 4 (2024); Maryland,134559,46.8,76.6,4.8,9.1,4.8,144801
sldl,24005,24,005,State Legislative District 5 (2024); Maryland,136808,41.2,82.9,4.6,5.9,2.4,117707
sldl,24006,24,006,State Legislative District 6 (2024); Maryland,128961,18.5,61.5,19.5,10.1,2.2,69049
sldl,24008,24,008,State Legislative District 8 (2024); Maryland,125186,35.0,45.9,34.6,6.2,8.9,86327
sldl,24010,24,010,State Legislative District 10 (2024); Maryland,127106,43.6,30.8,52.2,7.6,4.7,98746
sldl,24013,24,013,State Legislative District 13 (2024); Maryland,137189,59.8,38.3,27.1,12.1,16.0,137864
sldl,24014,24,014,State Legislative District 14 (2024); Maryland,130818,56.9,38.3,29.2,14.5,12.0,143945
sldl,24015,24,015,State Legislative District 15 (2024); Maryland,132835,68.6,42.3,11.4,12.5,27.5,171856
sldl,24016,24,016,State Legislative District 16 (2024); Maryland,129870,85.9,64.6,6.1,9.3,14.1,188511
sldl,24017,24,017,State Legislative District 17 (2024); Maryland,135976,58.9,36.9,12.7,24.5,21.2,117507
sldl,24018,24,018,State Legislative District 18 (2024); Maryland,127841,59.4,43.3,14.2,28.0,8.2,131168
sldl,24019,24,019,State Legislative District 19 (2024); Maryland,129117,50.6,35.2,17.6,28.0,12.7,118133
sldl,2401A,24,01A,State Legislative Subdistrict 1A (2024); Maryland,42433,25.1,93.0,1.9,1.4,1.0,64424
sldl,2401B,24,01B,State Legislative Subdistrict 1B (2024); Maryland,46762,21.4,84.9,7.0,2.1,0.8,58842
sldl,2401C,24,01C,State Legislative Subdistrict 1C (2024); Maryland,43884,20.1,83.3,5.3,5.1,1.5,73871
sldl,24020,24,020,State Legislative District 20 (2024); Maryland,131080,56.9,30.8,32.4,22.8,8.4,106001
sldl,24021,24,021,State Legislative District 21 (2024); Maryland,133026,46.0,25.8,34.2,24.5,9.9,101949
sldl,24022,24,022,State Legislative District 22 (2024); Maryland,133790,35.9,14.0,41.9,33.8,5.4,95052
sldl,24023,24,023,State Legislative District 23 (2024); Maryland,136328,49.3,17.4,64.6,9.3,3.1,133439
sldl,24024,24,024,State Legislative District 24 (2024); Maryland,131229,36.6,5.4,73.1,14.7,2.4,100710
sldl,24025,24,025,State Legislative District 25 (2024); Maryland,131140,34.4,5.5,79.1,9.3,1.6,98717
sldl,24026,24,026,State Legislative District 26 (2024); Maryland,137604,35.1,7.2,67.1,18.0,3.3,105933
sldl,24028,24,028,State Legislative District 28 (2024); Maryland,141112,33.6,33.0,47.2,8.2,3.4,124900
sldl,2402A,24,02A,State Legislative Subdistrict 2A (2024); Maryland,89565,27.7,79.7,8.2,6.5,1.5,97671
sldl,2402B,24,02B,State Legislative Subdistrict 2B (2024); Maryland,43961,20.3,56.3,21.2,12.3,1.4,52120
sldl,24031,24,031,State Legislative District 31 (2024); Maryland,131163,40.7,73.6,10.0,7.0,3.6,131711
sldl,24032,24,032,State Legislative District 32 (2024); Maryland,141900,38.2,40.0,32.8,13.9,6.2,108408
sldl,24036,24,036,State Legislative District 36 (2024); Maryland,138541,32.7,78.8,7.5,7.1,1.2,92860
sldl,24039,24,039,State Legislative District 39 (2024); Maryland,131858,48.8,23.4,23.8,28.5,18.1,113950
sldl,24040,24,040,State Legislative District 40 (2024); Maryland,122406,28.4,19.5,68.8,4.4,2.3,47094
sldl,24041,24,041,State Legislative District 41 (2024); Maryland,128740,35.3,24.4,62.5,6.5,2.0,65199
sldl,24045,24,045,State Legislative District 45 (2024); Maryland,122129,25.8,15.8,73.0,5.5,0.9,58193
sldl,24046,24,046,State Legislative District 46 (2024); Maryland,116732,50.8,46.8,26.5,18.3,3.9,78780
sldl,2407A,24,07A,State Legislative Subdistrict 7A (2024); Maryland,82878,41.8,66.4,16.8,4.7,7.4,108670
sldl,2407B,24,07B,State Legislative Subdistrict 7B (2024); Maryland,45538,44.9,81.5,5.4,4.8,3.7,125192
sldl,2409A,24,09A,State Legislative Subdistrict 9A (2024); Maryland,87826,67.2,55.2,7.4,8.1,22.7,190355
sldl,2409B,24,09B,State Legislative Subdistrict 9B (2024); Maryland,43080,67.5,51.0,10.3,5.5,28.9,157740
sldl,2411A,24,11A,State Legislative Subdistrict 11A (2024); Maryland,42775,52.1,27.1,51.8,11.6,4.6,96928
sldl,2411B,24,11B,State Legislative Subdistrict 11B (2024); Maryland,86573,65.3,67.6,17.5,5.2,5.7,117321
sldl,2412A,24,12A,State Legislative Subdistrict 12A (2024); Maryland,84787,63.9,46.7,23.2,8.0,14.3,137006
sldl,2412B,24,12B,State Legislative Subdistrict 12B (2024); Maryland,44944,23.3,48.0,26.7,15.8,4.3,93242
sldl,2427A,24,27A,State Legislative Subdistrict 27A (2024); Maryland,43191,34.9,20.8,61.5,6.9,2.7,123567
sldl,2427B,24,27B,State Legislative Subdistrict 27B (2024); Maryland,48211,39.5,48.7,36.8,6.1,1.8,138622
sldl,2427C,24,27C,State Legislative Subdistrict 27C (2024); Maryland,45393,32.9,73.2,12.5,4.8,1.5,140625
sldl,2429A,24,29A,State Legislative Subdistrict 29A (2024); Maryland,44394,30.8,82.0,7.6,4.3,1.4,121859
sldl,2429B,24,29B,State Legislative Subdistrict 29B (2024); Maryland,45910,37.4,54.5,26.2,6.8,4.3,101719
sldl,2429C,24,29C,State Legislative Subdistrict 29C (2024); Maryland,47093,39.9,76.0,9.1,7.2,1.9,135407
sldl,2430A,24,30A,State Legislative Subdistrict 30A (2024); Maryland,86245,58.2,68.0,12.1,12.1,3.0,123508
sldl,2430B,24,30B,State Legislative Subdistrict 30B (2024); Maryland,42049,43.3,79.4,7.2,8.2,0.8,148554
sldl,2433A,24,33A,State Legislative Subdistrict 33A (2024); Maryland,43155,53.2,47.8,27.0,9.7,6.0,128015
sldl,2433B,24,33B,State Legislative Subdistrict 33B (2024); Maryland,46675,59.0,76.2,6.8,6.8,4.6,164115
sldl,2433C,24,33C,State Legislative Subdistrict 33C (2024); Maryland,45784,56.6,79.5,4.5,7.4,2.7,146781
sldl,2434A,24,34A,State Legislative Subdistrict 34A (2024); Maryland,89965,32.3,50.9,30.9,8.4,2.3,93919
sldl,2434B,24,34B,State Legislative Subdistrict 34B (2024); Maryland,45213,47.5,75.2,9.1,6.1,5.1,114282
sldl,2435A,24,35A,State Legislative Subdistrict 35A (2024); Maryland,88087,41.0,86.7,3.4,3.3,2.1,123583
sldl,2435B,24,35B,State Legislative Subdistrict 35B (2024); Maryland,45375,27.9,82.1,7.1,5.1,1.2,97569
sldl,2437A,24,37A,State Legislative Subdistrict 37A (2024); Maryland,40459,15.7,36.6,47.5,7.8,1.4,52224
sldl,2437B,24,37B,State Legislative Subdistrict 37B (2024); Maryland,92693,33.2,75.3,12.3,6.6,1.4,83813
sldl,2438A,24,38A,State Legislative Subdistrict 38A (2024); Maryland,49729,24.9,59.4,30.5,3.9,1.1,70004
sldl,2438B,24,38B,State Legislative Subdistrict 38B (2024); Maryland,45579,32.5,54.3,26.9,8.9,3.2,73927
sldl,2438C,24,38C,State Legislative Subdistrict 38C (2024); Maryland,46485,34.8,85.2,4.3,4.3,1.5,86279
sldl,2442A,24,42A,State Legislative Subdistrict 42A (2024); Maryland,41856,59.8,87.3,4.4,2.7,2.3,145116
sldl,2442B,24,42B,State Legislative Subdistrict 42B (2024); Maryland,40113,56.7,62.0,14.1,9.8,8.9,92886
sldl,2442C,24,42C,State Legislative Subdistrict 42C (2024); Maryland,42055,40.2,88.6,2.1,3.2,2.2,123551
sldl,2443A,24,43A,State Legislative Subdistrict 43A (2024); Maryland,83236,43.0,23.7,60.8,6.3,4.3,67025
sldl,2443B,24,43B,State Legislative Subdistrict 43B (2024); Maryland,42534,67.6,62.2,19.5,6.0,7.2,88642
sldl,2444A,24,44A,State Legislative Subdistrict 44A (2024); Maryland,44499,33.8,48.1,23.5,12.8,9.4,79954
sldl,2444B,24,44B,State Legislative Subdistrict 44B (2024); Maryland,88315,37.1,28.1,49.9,10.1,8.2,86401
sldl,2447A,24,47A,State Legislative Subdistrict 47A (2024); Maryland,91809,25.9,6.4,48.6,39.7,1.5,75921
sldl,2447B,24,47B,State Legislative Subdistrict 47B (2024); Maryland,45741,19.8,4.2,20.8,70.1,3.3,85049
sldl,25001,25,001,1st Barnstable District (2024); Massachusetts,43302,46.8,86.9,1.7,4.8,1.7,92082
sldl,25002,25,002,2nd Barnstable District (2024); Massachusetts,46194,40.7,72.1,7.8,4.8,1.1,85551
sldl,25003,25,003,3rd Barnstable District (2024); Massachusetts,45987,47.3,87.3,1.7,3.1,1.1,98822
sldl,25004,25,004,4th Barnstable District (2024); Massachusetts,42320,56.7,90.5,1.9,2.3,1.3,96004
sldl,25005,25,005,5th Barnstable District (2024); Massachusetts,43317,46.2,90.8,1.0,2.3,1.7,112187
sldl,25006,25,006,Barnstable-Dukes-Nantucket District (2024); Massachusetts,45964,55.5,76.6,4.4,8.7,2.0,115543
sldl,25007,25,007,1st Berkshire District (2024); Massachusetts,43767,36.0,88.3,1.5,3.5,3.1,67568
sldl,25008,25,008,2nd Berkshire District (2024); Massachusetts,43457,34.2,76.3,5.2,10.0,1.3,70582
sldl,25009,25,009,3rd Berkshire District (2024); Massachusetts,42206,49.3,89.9,1.0,4.0,1.3,90714
sldl,25010,25,010,1st Bristol District (2024); Massachusetts,43419,53.0,82.5,4.3,4.0,4.9,117040
sldl,25011,25,011,2nd Bristol District (2024); Massachusetts,43148,32.7,76.8,5.9,9.4,4.2,98374
sldl,25012,25,012,3rd Bristol District (2024); Massachusetts,46242,28.4,70.6,7.2,8.5,2.6,89397
sldl,25013,25,013,4th Bristol District (2024); Massachusetts,42538,42.8,89.5,0.7,4.7,1.2,127031
sldl,25014,25,014,5th Bristol District (2024); Massachusetts,44825,34.6,84.5,2.8,6.9,1.1,107244
sldl,25015,25,015,6th Bristol District (2024); Massachusetts,45077,20.2,73.4,6.2,10.5,2.3,63222
sldl,25016,25,016,7th Bristol District (2024); Massachusetts,41102,13.5,61.9,5.3,16.0,3.5,49635
sldl,25017,25,017,8th Bristol District (2024); Massachusetts,42414,28.0,85.6,1.0,5.6,1.1,92885
sldl,25018,25,018,9th Bristol District (2024); Massachusetts,41888,36.6,79.3,2.7,7.1,2.6,96685
sldl,25019,25,019,10th Bristol District (2024); Massachusetts,43643,37.3,87.6,0.8,3.0,0.9,102892
sldl,25020,25,020,11th Bristol District (2024); Massachusetts,42763,11.4,44.7,5.2,35.1,0.9,44255
sldl,25021,25,021,12th Bristol District (2024); Massachusetts,46205,32.9,85.7,3.0,3.8,1.5,107301
sldl,25022,25,022,13th Bristol District (2024); Massachusetts,41598,19.3,57.7,4.8,21.1,1.4,62323
sldl,25023,25,023,14th Bristol District (2024); Massachusetts,42605,47.3,82.9,3.0,3.4,5.5,112615
sldl,25024,25,024,1st Essex District (2024); Massachusetts,46369,52.5,88.9,1.0,3.4,1.1,111875
sldl,25025,25,025,2nd Essex District (2024); Massachusetts,46482,60.9,90.9,0.9,2.2,2.5,144682
sldl,25026,25,026,3rd Essex District (2024); Massachusetts,46631,31.5,60.4,2.9,31.0,0.8,85030
sldl,25027,25,027,4th Essex District (2024); Massachusetts,40964,15.3,24.3,3.0,69.3,1.4,59344
sldl,25028,25,028,5th Essex District (2024); Massachusetts,46188,49.0,90.0,1.0,4.2,1.3,97530
sldl,25029,25,029,6th Essex District (2024); Massachusetts,45353,53.8,84.6,2.9,6.0,1.8,107514
sldl,25030,25,030,7th Essex District (2024); Massachusetts,44795,47.8,66.4,4.6,20.7,3.4,85153
sldl,25031,25,031,8th Essex District (2024); Massachusetts,44088,64.0,78.5,3.3,11.4,1.9,134688
sldl,25032,25,032,9th Essex District (2024); Massachusetts,44112,42.3,77.7,3.5,7.5,5.3,111127
sldl,25033,25,033,10th Essex District (2024); Massachusetts,44081,21.0,28.8,10.8,51.8,4.6,76419
sldl,25034,25,034,11th Essex District (2024); Massachusetts,46540,25.7,35.4,9.6,42.4,7.3,71815
sldl,25035,25,035,12th Essex District (2024); Massachusetts,46010,33.0,69.7,4.9,16.8,2.4,91922
sldl,25036,25,036,13th Essex District (2024); Massachusetts,44717,49.7,86.2,1.7,6.3,2.1,137802
sldl,25037,25,037,14th Essex District (2024); Massachusetts,46033,57.3,82.2,1.8,7.4,3.7,136451
sldl,25038,25,038,15th Essex District (2024); Massachusetts,45633,36.7,67.7,4.2,18.8,3.9,113139
sldl,25039,25,039,16th Essex District (2024); Massachusetts,42583,25.1,23.4,2.3,67.9,4.6,75185
sldl,25040,25,040,17th Essex District (2024); Massachusetts,42683,29.4,23.3,1.4,69.5,3.7,69565
sldl,25041,25,041,18th Essex District (2024); Massachusetts,47371,68.1,75.8,2.5,4.5,11.5,183856
sldl,25042,25,042,1st Franklin District (2024); Massachusetts,42699,44.3,86.3,1.3,5.6,2.8,75004
sldl,25043,25,043,2nd Franklin District (2024); Massachusetts,43061,27.0,89.4,1.4,4.6,0.8,73062
sldl,25044,25,044,1st Hampden District (2024); Massachusetts,42380,32.3,88.1,2.2,3.7,1.3,86626
sldl,25045,25,045,2nd Hampden District (2024); Massachusetts,42200,50.6,81.6,2.6,6.9,5.2,113997
sldl,25046,25,046,3rd Hampden District (2024); Massachusetts,43229,34.4,89.1,1.9,4.8,1.3,94701
sldl,25047,25,047,4th Hampden District (2024); Massachusetts,42859,33.8,84.4,0.6,8.6,2.8,89080
sldl,25048,25,048,5th Hampden District (2024); Massachusetts,41966,24.6,41.1,2.7,53.3,0.8,52379
sldl,25049,25,049,6th Hampden District (2024); Massachusetts,45075,32.5,71.4,3.6,16.0,5.5,69662
sldl,25050,25,050,7th Hampden District (2024); Massachusetts,42631,38.5,85.0,1.9,8.0,1.3,93826
sldl,25051,25,051,8th Hampden District (2024); Massachusetts,42462,23.1,67.0,4.2,23.3,2.2,64517
sldl,25052,25,052,9th Hampden District (2024); Massachusetts,43671,17.5,24.2,15.8,55.2,1.4,59458
sldl,25053,25,053,10th Hampden District (2024); Massachusetts,43625,13.6,16.1,15.9,62.2,3.8,33256
sldl,25054,25,054,11th Hampden District (2024); Massachusetts,41457,22.0,28.5,24.3,41.4,1.6,49364
sldl,25055,25,055,12th Hampden District (2024); Massachusetts,43571,39.3,69.4,8.3,14.9,1.8,98285
sldl,25056,25,056,1st Hampshire District (2024); Massachusetts,43042,58.9,81.9,2.0,7.3,3.2,86211
sldl,25057,25,057,2nd Hampshire District (2024); Massachusetts,42524,45.0,85.9,1.2,7.7,2.7,88930
sldl,25058,25,058,3rd Hampshire District (2024); Massachusetts,40884,71.7,67.4,4.5,8.4,13.4,70873
sldl,25059,25,059,1st Middlesex District (2024); Massachusetts,42619,47.6,87.2,1.8,4.6,3.5,131734
sldl,25060,25,060,2nd Middlesex District (2024); Massachusetts,42409,68.6,73.2,0.6,4.0,17.5,176760
sldl,25061,25,061,3rd Middlesex District (2024); Massachusetts,43691,59.8,80.0,1.4,5.4,5.0,129939
sldl,25062,25,062,4th Middlesex District (2024); Massachusetts,42551,44.1,56.8,4.4,17.3,4.0,100476
sldl,25063,25,063,5th Middlesex District (2024); Massachusetts,43376,71.5,75.6,1.3,4.4,13.3,146913
sldl,25064,25,064,6th Middlesex District (2024); Massachusetts,42083,37.7,36.5,6.8,24.9,7.6,87546
sldl,25065,25,065,7th Middlesex District (2024); Massachusetts,41849,60.1,64.8,4.0,10.4,11.7,128967
sldl,25066,25,066,8th Middlesex District (2024); Massachusetts,44705,70.7,76.5,0.5,4.2,12.5,184238
sldl,25067,25,067,9th Middlesex District (2024); Massachusetts,43003,58.3,61.8,7.8,12.8,12.8,121447
sldl,25068,25,068,10th Middlesex District (2024); Massachusetts,43872,59.6,57.5,7.4,13.4,14.1,117285
sldl,25069,25,069,11th Middlesex District (2024); Massachusetts,44032,81.9,70.6,2.7,5.2,13.8,208970
sldl,25070,25,070,12th Middlesex District (2024); Massachusetts,45936,84.3,66.9,1.7,4.4,20.4,191264
sldl,25071,25,071,13th Middlesex District (2024); Massachusetts,42797,79.4,75.6,0.9,4.3,10.5,212813
sldl,25072,25,072,14th Middlesex District (2024); Massachusetts,45049,68.6,71.9,4.1,4.9,14.4,157023
sldl,25073,25,073,15th Middlesex District (2024); Massachusetts,44442,76.0,60.3,2.7,3.6,27.3,196679
sldl,25074,25,074,16th Middlesex District (2024); Massachusetts,47110,33.0,53.6,9.4,20.4,12.5,90214
sldl,25075,25,075,17th Middlesex District (2024); Massachusetts,45611,31.7,51.8,7.1,17.8,17.2,83522
sldl,25076,25,076,18th Middlesex District (2024); Massachusetts,42658,30.9,35.9,10.0,16.1,31.8,73150
sldl,25077,25,077,19th Middlesex District (2024); Massachusetts,41744,45.1,86.3,1.5,3.8,3.5,148478
sldl,25078,25,078,20th Middlesex District (2024); Massachusetts,45755,59.4,85.3,0.8,4.4,4.9,168028
sldl,25079,25,079,21st Middlesex District (2024); Massachusetts,44485,64.1,72.5,2.0,4.6,15.9,161803
sldl,25080,25,080,22nd Middlesex District (2024); Massachusetts,42003,40.0,76.2,2.9,6.1,9.4,148200
sldl,25081,25,081,23rd Middlesex District (2024); Massachusetts,43811,72.7,72.9,3.7,5.6,12.9,150118
sldl,25082,25,082,24th Middlesex District (2024); Massachusetts,45843,80.4,69.1,3.3,5.2,16.0,173352
sldl,25083,25,083,25th Middlesex District (2024); Massachusetts,43261,86.8,58.9,6.2,8.5,19.2,126260
sldl,25084,25,084,26th Middlesex District (2024); Massachusetts,45647,71.9,52.9,10.6,11.5,18.1,125587
sldl,25085,25,085,27th Middlesex District (2024); Massachusetts,46341,74.3,69.8,3.1,10.0,10.8,141795
sldl,25086,25,086,28th Middlesex District (2024); Massachusetts,44016,24.0,34.2,9.5,31.4,8.9,82443
sldl,25087,25,087,29th Middlesex District (2024); Massachusetts,45303,72.1,62.2,8.5,7.3,13.6,128314
sldl,25088,25,088,30th Middlesex District (2024); Massachusetts,47327,51.0,74.3,2.7,7.6,8.7,120649
sldl,25089,25,089,31st Middlesex District (2024); Massachusetts,43665,65.7,76.1,2.2,4.5,10.9,152538
sldl,25090,25,090,32nd Middlesex District (2024); Massachusetts,46173,60.4,77.2,1.7,4.7,10.1,135714
sldl,25091,25,091,33rd Middlesex District (2024); Massachusetts,46307,46.6,37.7,13.3,9.9,29.2,98256
sldl,25092,25,092,34th Middlesex District (2024); Massachusetts,44812,61.9,63.7,5.9,10.9,12.3,123451
sldl,25093,25,093,35th Middlesex District (2024); Massachusetts,43101,50.9,54.9,9.0,8.7,19.4,118989
sldl,25094,25,094,36th Middlesex District (2024); Massachusetts,45124,40.5,77.2,4.5,8.1,6.1,118547
sldl,25095,25,095,37th Middlesex District (2024); Massachusetts,44273,62.1,70.2,4.6,7.8,12.2,147392
sldl,25096,25,096,1st Norfolk District (2024); Massachusetts,46879,48.6,46.9,9.7,8.3,30.6,109375
sldl,25097,25,097,2nd Norfolk District (2024); Massachusetts,45904,49.7,60.1,6.6,5.6,24.7,99184
sldl,25098,25,098,3rd Norfolk District (2024); Massachusetts,42300,44.4,61.0,7.5,6.6,17.0,96596
sldl,25099,25,099,4th Norfolk District (2024); Massachusetts,42141,42.2,77.5,3.4,5.0,8.6,98773
sldl,25100,25,100,5th Norfolk District (2024); Massachusetts,45242,46.1,64.6,5.0,4.9,20.2,123718
sldl,25101,25,101,6th Norfolk District (2024); Massachusetts,44565,53.7,62.1,15.5,5.0,8.4,117765
sldl,25102,25,102,7th Norfolk District (2024); Massachusetts,44648,52.8,49.0,28.8,8.2,8.3,137026
sldl,25103,25,103,8th Norfolk District (2024); Massachusetts,42733,62.3,67.0,8.7,4.1,12.1,155241
sldl,25104,25,104,9th Norfolk District (2024); Massachusetts,47356,58.5,83.7,4.0,4.7,2.7,158248
sldl,25105,25,105,10th Norfolk District (2024); Massachusetts,42996,59.2,81.8,1.9,4.9,6.2,148122
sldl,25106,25,106,11th Norfolk District (2024); Massachusetts,44628,61.6,79.6,4.2,6.1,5.6,155856
sldl,25107,25,107,12th Norfolk District (2024); Massachusetts,44499,59.0,72.3,5.9,8.4,6.7,122189
sldl,25108,25,108,13th Norfolk District (2024); Massachusetts,44848,81.9,81.6,1.4,3.2,9.2,218244
sldl,25109,25,109,14th Norfolk District (2024); Massachusetts,45516,85.6,67.5,2.3,7.6,15.6,250001
sldl,25110,25,110,15th Norfolk District (2024); Massachusetts,45306,85.7,63.4,2.7,6.2,20.3,135380
sldl,25111,25,111,1st Plymouth District (2024); Massachusetts,46755,48.7,89.4,1.3,3.0,0.6,128431
sldl,25112,25,112,2nd Plymouth District (2024); Massachusetts,43107,27.4,85.0,1.9,1.8,1.6,93507
sldl,25113,25,113,3rd Plymouth District (2024); Massachusetts,42848,69.4,92.8,0.4,2.4,1.8,159493
sldl,25114,25,114,4th Plymouth District (2024); Massachusetts,44203,60.2,93.5,0.2,2.2,1.6,145074
sldl,25115,25,115,5th Plymouth District (2024); Massachusetts,43156,47.4,86.7,1.3,4.5,2.2,138461
sldl,25116,25,116,6th Plymouth District (2024); Massachusetts,47399,54.2,91.4,0.7,2.1,1.1,141739
sldl,25117,25,117,7th Plymouth District (2024); Massachusetts,43309,35.6,84.4,1.3,4.9,1.8,122345
sldl,25118,25,118,8th Plymouth District (2024); Massachusetts,43976,39.6,79.7,6.7,4.5,2.9,115948
sldl,25119,25,119,9th Plymouth District (2024); Massachusetts,45931,39.6,68.7,13.5,6.8,2.9,111017
sldl,25120,25,120,10th Plymouth District (2024); Massachusetts,44827,22.5,30.1,31.0,12.7,2.4,84604
sldl,25121,25,121,11th Plymouth District (2024); Massachusetts,42663,20.6,16.2,38.1,13.1,2.1,68741
sldl,25122,25,122,12th Plymouth District (2024); Massachusetts,45355,41.4,88.0,1.0,2.7,0.4,101011
sldl,25123,25,123,1st Suffolk District (2024); Massachusetts,43345,38.0,35.1,3.6,52.2,4.3,90106
sldl,25124,25,124,2nd Suffolk District (2024); Massachusetts,43338,76.9,58.5,6.2,10.9,18.4,121619
sldl,25125,25,125,3rd Suffolk District (2024); Massachusetts,38745,73.1,61.6,4.1,8.3,21.2,119415
sldl,25126,25,126,4th Suffolk District (2024); Massachusetts,43417,73.5,77.0,3.6,9.3,6.7,170551
sldl,25127,25,127,5th Suffolk District (2024); Massachusetts,44653,21.4,7.3,37.3,32.4,3.2,56319
sldl,25128,25,128,6th Suffolk District (2024); Massachusetts,49568,25.6,9.2,52.0,26.1,3.6,68764
sldl,25129,25,129,7th Suffolk District (2024); Massachusetts,42448,35.7,29.0,29.1,24.3,10.8,52451
sldl,25130,25,130,8th Suffolk District (2024); Massachusetts,41927,83.9,66.3,3.8,10.5,13.9,110455
sldl,25131,25,131,9th Suffolk District (2024); Massachusetts,42037,59.9,47.0,17.5,16.3,12.6,84987
sldl,25132,25,132,10th Suffolk District (2024); Massachusetts,45002,71.4,72.4,3.1,8.8,8.5,150981
sldl,25133,25,133,11th Suffolk District (2024); Massachusetts,44081,22.6,19.2,7.6,64.8,2.1,74916
sldl,25134,25,134,12th Suffolk District (2024); Massachusetts,47128,36.1,17.1,55.8,15.0,2.4,97640
sldl,25135,25,135,13th Suffolk District (2024); Massachusetts,42949,46.7,44.0,16.9,13.5,19.1,89875
sldl,25136,25,136,14th Suffolk District (2024); Massachusetts,47969,42.0,32.8,33.8,27.4,2.3,99124
sldl,25137,25,137,15th Suffolk District (2024); Massachusetts,44128,66.1,51.0,12.3,21.2,9.9,107231
sldl,25138,25,138,16th Suffolk District (2024); Massachusetts,40026,25.4,48.6,5.3,35.3,4.6,99198
sldl,25139,25,139,17th Suffolk District (2024); Massachusetts,40057,74.4,56.0,5.1,11.4,21.7,86368
sldl,25140,25,140,18th Suffolk District (2024); Massachusetts,39560,73.8,58.2,7.3,9.3,17.8,95507
sldl,25141,25,141,19th Suffolk District (2024); Massachusetts,44764,33.2,57.5,3.2,32.0,2.6,91178
sldl,25142,25,142,1st Worcester District (2024); Massachusetts,46322,52.4,88.8,1.7,3.8,1.6,135886
sldl,25143,25,143,2nd Worcester District (2024); Massachusetts,42991,26.9,82.4,2.5,7.9,2.1,78910
sldl,25144,25,144,3rd Worcester District (2024); Massachusetts,45045,25.6,54.0,5.7,31.7,2.6,74483
sldl,25145,25,145,4th Worcester District (2024); Massachusetts,43909,33.5,68.0,4.9,16.0,3.1,83816
sldl,25146,25,146,5th Worcester District (2024); Massachusetts,44730,31.4,90.0,1.3,4.7,1.0,92098
sldl,25147,25,147,6th Worcester District (2024); Massachusetts,42767,24.2,74.2,2.6,18.6,1.7,80849
sldl,25148,25,148,7th Worcester District (2024); Massachusetts,43899,38.7,85.4,1.8,5.5,2.9,113309
sldl,25149,25,149,8th Worcester District (2024); Massachusetts,43989,38.1,84.8,0.9,5.1,1.6,124198
sldl,25150,25,150,9th Worcester District (2024); Massachusetts,44549,48.3,81.1,1.4,6.5,5.4,127321
sldl,25151,25,151,10th Worcester District (2024); Massachusetts,42783,38.8,69.0,2.6,14.1,2.6,101939
sldl,25152,25,152,11th Worcester District (2024); Massachusetts,42987,66.1,58.8,2.4,5.7,26.2,143000
sldl,25153,25,153,12th Worcester District (2024); Massachusetts,44686,47.2,79.8,1.7,10.5,2.8,114972
sldl,25154,25,154,13th Worcester District (2024); Massachusetts,47108,50.8,66.8,9.2,13.0,5.1,97719
sldl,25155,25,155,14th Worcester District (2024); Massachusetts,43612,39.6,57.1,11.5,21.0,4.3,77952
sldl,25156,25,156,15th Worcester District (2024); Massachusetts,41160,33.3,34.6,11.9,34.6,10.7,55991
sldl,25157,25,157,16th Worcester District (2024); Massachusetts,44810,29.0,47.6,15.5,23.8,5.1,73487
sldl,25158,25,158,17th Worcester District (2024); Massachusetts,43634,23.8,44.6,10.3,29.9,9.1,59499
sldl,25159,25,159,18th Worcester District (2024); Massachusetts,46875,36.5,82.3,1.9,10.3,1.4,107843
sldl,25160,25,160,19th Worcester District (2024); Massachusetts,41234,67.2,68.4,2.9,5.7,14.5,150248
sldl,26001,26,001,State House District 1 (2024); Michigan,89290,10.7,19.0,29.4,47.0,0.2,40975
sldl,26002,26,002,State House District 2 (2024); Michigan,90600,20.1,64.0,9.2,20.2,1.1,65682
sldl,26003,26,003,State House District 3 (2024); Michigan,88484,26.2,82.0,8.0,3.2,1.9,47051
sldl,26004,26,004,State House District 4 (2024); Michigan,89014,11.7,5.3,86.6,4.1,0.1,34608
sldl,26005,26,005,State House District 5 (2024); Michigan,92532,24.9,13.6,78.7,1.4,1.5,51853
sldl,26006,26,006,State House District 6 (2024); Michigan,92111,66.7,80.4,6.6,4.5,3.0,115260
sldl,26007,26,007,State House District 7 (2024); Michigan,91945,15.9,27.8,50.1,1.4,13.9,37379
sldl,26008,26,008,State House District 8 (2024); Michigan,89127,31.7,25.4,67.2,2.4,1.0,54612
sldl,26009,26,009,State House District 9 (2024); Michigan,90874,34.7,21.1,67.9,2.8,3.8,38856
sldl,26010,26,010,State House District 10 (2024); Michigan,93580,45.7,47.9,44.6,1.8,1.2,86885
sldl,26011,26,011,State House District 11 (2024); Michigan,93272,10.3,21.7,66.5,2.7,4.1,42564
sldl,26012,26,012,State House District 12 (2024); Michigan,87822,22.2,44.1,47.9,2.2,1.1,57170
sldl,26013,26,013,State House District 13 (2024); Michigan,91268,20.7,70.2,17.5,3.3,4.2,69834
sldl,26014,26,014,State House District 14 (2024); Michigan,90380,26.8,63.5,15.3,2.7,12.9,66643
sldl,26015,26,015,State House District 15 (2024); Michigan,92107,32.1,82.6,7.4,5.3,1.0,71803
sldl,26016,26,016,State House District 16 (2024); Michigan,91631,26.9,35.4,55.6,3.4,0.6,71022
sldl,26017,26,017,State House District 17 (2024); Michigan,88404,26.6,43.1,44.6,3.6,2.7,60268
sldl,26018,26,018,State House District 18 (2024); Michigan,90885,42.4,40.6,47.5,2.2,3.6,74480
sldl,26019,26,019,State House District 19 (2024); Michigan,91985,63.8,59.4,23.1,2.3,8.4,115547
sldl,26020,26,020,State House District 20 (2024); Michigan,92968,57.9,72.3,11.5,3.9,7.7,120111
sldl,26021,26,021,State House District 21 (2024); Michigan,93767,66.6,55.1,8.7,4.0,27.0,122207
sldl,26022,26,022,State House District 22 (2024); Michigan,89096,56.6,83.9,2.8,3.4,5.9,111698
sldl,26023,26,023,State House District 23 (2024); Michigan,89255,66.2,70.7,3.8,4.7,15.7,102343
sldl,26024,26,024,State House District 24 (2024); Michigan,92877,56.5,61.4,9.0,4.1,21.3,124092
sldl,26025,26,025,State House District 25 (2024); Michigan,88746,23.8,62.1,22.7,3.7,4.5,64270
sldl,26026,26,026,State House District 26 (2024); Michigan,89310,15.4,48.0,38.3,5.0,1.0,56613
sldl,26027,26,027,State House District 27 (2024); Michigan,88519,26.2,83.6,3.5,7.0,1.0,77811
sldl,26028,26,028,State House District 28 (2024); Michigan,89653,25.5,75.3,8.3,8.2,2.9,78821
sldl,26029,26,029,State House District 29 (2024); Michigan,91725,18.5,73.7,13.4,6.0,1.1,65994
sldl,26030,26,030,State House District 30 (2024); Michigan,94024,23.1,88.7,1.9,4.1,0.5,77884
sldl,26031,26,031,State House District 31 (2024); Michigan,92999,28.4,75.4,13.5,4.3,1.5,83586
sldl,26032,26,032,State House District 32 (2024); Michigan,90492,39.8,51.0,28.6,8.0,4.3,63882
sldl,26033,26,033,State House District 33 (2024); Michigan,94958,67.2,68.4,8.2,5.9,11.7,97458
sldl,26034,26,034,State House District 34 (2024); Michigan,91647,23.1,84.3,2.4,9.3,0.4,70491
sldl,26035,26,035,State House District 35 (2024); Michigan,93154,19.1,89.3,1.1,4.8,0.3,63648
sldl,26036,26,036,State House District 36 (2024); Michigan,89481,19.0,83.7,2.7,7.5,0.7,67226
sldl,26037,26,037,State House District 37 (2024); Michigan,91222,25.8,79.6,5.4,7.1,1.8,67056
sldl,26038,26,038,State House District 38 (2024); Michigan,92908,36.3,68.1,18.4,6.3,1.5,66354
sldl,26039,26,039,State House District 39 (2024); Michigan,90921,21.1,79.7,2.0,12.3,0.4,68762
sldl,26040,26,040,State House District 40 (2024); Michigan,92204,49.8,76.9,7.0,5.8,4.2,85782
sldl,26041,26,041,State House District 41 (2024); Michigan,89203,36.2,60.6,21.6,7.7,3.0,51865
sldl,26042,26,042,State House District 42 (2024); Michigan,92244,34.8,86.5,2.9,4.5,1.0,86405
sldl,26043,26,043,State House District 43 (2024); Michigan,93503,24.2,88.3,0.7,5.8,0.9,86095
sldl,26044,26,044,State House District 44 (2024); Michigan,89697,20.0,68.2,13.4,7.0,3.5,56898
sldl,26045,26,045,State House District 45 (2024); Michigan,90499,26.8,90.7,1.5,3.6,0.6,79238
sldl,26046,26,046,State House District 46 (2024); Michigan,91029,22.7,75.4,11.9,4.5,0.9,58565
sldl,26047,26,047,State House District 47 (2024); Michigan,91400,53.9,82.9,2.5,4.8,3.7,96639
sldl,26048,26,048,State House District 48 (2024); Michigan,92396,53.5,83.5,2.0,2.9,7.0,106009
sldl,26049,26,049,State House District 49 (2024); Michigan,95071,48.6,81.5,4.7,4.0,5.5,93636
sldl,26050,26,050,State House District 50 (2024); Michigan,94540,32.9,93.5,0.2,2.9,0.6,95654
sldl,26051,26,051,State House District 51 (2024); Michigan,93343,38.7,89.6,1.6,3.0,1.1,101643
sldl,26052,26,052,State House District 52 (2024); Michigan,89487,38.1,83.2,3.1,6.4,1.6,93986
sldl,26053,26,053,State House District 53 (2024); Michigan,94533,22.0,41.5,30.3,18.0,3.5,53912
sldl,26054,26,054,State House District 54 (2024); Michigan,93854,61.2,70.8,6.3,7.0,10.0,118335
sldl,26055,26,055,State House District 55 (2024); Michigan,92667,62.8,73.1,3.5,4.6,13.2,120972
sldl,26056,26,056,State House District 56 (2024); Michigan,87990,64.7,66.3,3.8,3.2,22.2,109764
sldl,26057,26,057,State House District 57 (2024); Michigan,91697,38.7,71.5,6.0,2.4,15.2,86682
sldl,26058,26,058,State House District 58 (2024); Michigan,90333,30.0,77.4,8.2,2.6,6.6,75271
sldl,26059,26,059,State House District 59 (2024); Michigan,89569,39.9,87.1,1.9,3.8,3.5,107036
sldl,26060,26,060,State House District 60 (2024); Michigan,92684,34.9,82.0,6.9,2.5,3.9,101177
sldl,26061,26,061,State House District 61 (2024); Michigan,93323,25.6,71.7,14.4,4.1,3.7,76102
sldl,26062,26,062,State House District 62 (2024); Michigan,89732,23.5,77.7,12.8,2.9,1.3,70996
sldl,26063,26,063,State House District 63 (2024); Michigan,91729,25.7,87.7,4.0,2.9,1.0,86736
sldl,26064,26,064,State House District 64 (2024); Michigan,90521,20.5,87.0,3.0,4.6,0.6,66117
sldl,26065,26,065,State House District 65 (2024); Michigan,93632,20.0,87.7,2.8,5.1,0.4,80628
sldl,26066,26,066,State House District 66 (2024); Michigan,94371,40.0,88.4,1.5,4.5,1.7,109795
sldl,26067,26,067,State House District 67 (2024); Michigan,93076,19.3,89.0,2.3,3.7,0.2,69661
sldl,26068,26,068,State House District 68 (2024); Michigan,94011,30.4,81.9,6.3,4.0,1.9,75529
sldl,26069,26,069,State House District 69 (2024); Michigan,89125,18.5,68.6,20.9,4.7,0.8,61455
sldl,26070,26,070,State House District 70 (2024); Michigan,90411,13.7,37.0,51.4,5.0,0.7,39517
sldl,26071,26,071,State House District 71 (2024); Michigan,91464,20.4,91.7,1.1,3.3,0.4,69681
sldl,26072,26,072,State House District 72 (2024); Michigan,92221,34.9,85.2,4.2,3.5,1.9,86656
sldl,26073,26,073,State House District 73 (2024); Michigan,92283,46.4,77.9,2.9,5.3,7.8,84560
sldl,26074,26,074,State House District 74 (2024); Michigan,89201,33.1,57.9,16.9,11.5,5.9,62009
sldl,26075,26,075,State House District 75 (2024); Michigan,92007,47.0,79.8,4.3,5.6,4.9,76909
sldl,26076,26,076,State House District 76 (2024); Michigan,92299,31.5,77.9,7.9,6.7,2.5,79705
sldl,26077,26,077,State House District 77 (2024); Michigan,94582,35.5,69.0,11.7,9.4,2.0,65480
sldl,26078,26,078,State House District 78 (2024); Michigan,92597,22.2,87.6,2.4,4.3,0.4,77644
sldl,26079,26,079,State House District 79 (2024); Michigan,93092,39.0,81.9,4.0,6.0,3.9,94277
sldl,26080,26,080,State House District 80 (2024); Michigan,92346,50.4,67.1,13.3,7.0,7.3,92942
sldl,26081,26,081,State House District 81 (2024); Michigan,92013,50.6,76.9,7.1,6.3,3.4,89749
sldl,26082,26,082,State House District 82 (2024); Michigan,90631,43.4,50.4,25.8,14.1,3.5,69129
sldl,26083,26,083,State House District 83 (2024); Michigan,94532,23.3,50.5,9.7,32.6,1.6,69072
sldl,26084,26,084,State House District 84 (2024); Michigan,90758,40.4,76.0,6.8,10.1,2.6,73725
sldl,26085,26,085,State House District 85 (2024); Michigan,91232,42.8,86.6,1.4,6.3,2.2,100470
sldl,26086,26,086,State House District 86 (2024); Michigan,92346,37.3,66.9,2.1,22.8,4.6,84110
sldl,26087,26,087,State House District 87 (2024); Michigan,89781,18.4,62.7,21.5,8.3,0.6,54814
sldl,26088,26,088,State House District 88 (2024); Michigan,92847,39.2,88.0,1.8,4.0,1.7,87766
sldl,26089,26,089,State House District 89 (2024); Michigan,94188,25.8,88.1,1.7,5.0,0.6,80767
sldl,26090,26,090,State House District 90 (2024); Michigan,92912,42.2,87.4,1.2,5.7,0.8,101328
sldl,26091,26,091,State House District 91 (2024); Michigan,92353,17.6,88.2,1.6,4.9,0.3,69015
sldl,26092,26,092,State House District 92 (2024); Michigan,92306,27.4,81.9,4.3,6.2,1.3,56767
sldl,26093,26,093,State House District 93 (2024); Michigan,88603,24.0,86.6,4.0,4.8,1.3,73769
sldl,26094,26,094,State House District 94 (2024); Michigan,89287,19.1,47.8,33.2,13.9,1.0,46784
sldl,26095,26,095,State House District 95 (2024); Michigan,91562,34.9,89.4,1.2,3.3,2.0,75788
sldl,26096,26,096,State House District 96 (2024); Michigan,89877,21.7,87.7,1.0,6.2,0.5,60420
sldl,26097,26,097,State House District 97 (2024); Michigan,94207,24.4,88.7,3.2,4.4,0.3,73055
sldl,26098,26,098,State House District 98 (2024); Michigan,91302,16.6,92.5,0.4,3.8,0.4,60654
sldl,26099,26,099,State House District 99 (2024); Michigan,90280,17.0,92.3,0.6,2.4,0.6,54245
sldl,26100,26,100,State House District 100 (2024); Michigan,93319,17.9,90.9,1.5,2.7,0.5,56597
sldl,26101,26,101,State House District 101 (2024); Michigan,94412,18.6,86.6,1.8,5.7,0.5,59951
sldl,26102,26,102,State House District 102 (2024); Michigan,93208,24.3,85.9,1.6,7.5,0.4,68968
sldl,26103,26,103,State House District 103 (2024); Michigan,94555,46.7,90.2,0.9,3.4,0.6,85490
sldl,26104,26,104,State House District 104 (2024); Michigan,91383,29.7,91.6,0.6,2.8,0.6,73404
sldl,26105,26,105,State House District 105 (2024); Michigan,90588,21.4,92.0,0.5,2.5,0.4,61711
sldl,26106,26,106,State House District 106 (2024); Michigan,92255,20.3,92.1,0.7,1.6,0.4,56555
sldl,26107,26,107,State House District 107 (2024); Michigan,91467,34.8,83.7,1.0,1.9,0.7,71454
sldl,26108,26,108,State House District 108 (2024); Michigan,90877,19.5,83.8,2.9,2.1,0.4,57920
sldl,26109,26,109,State House District 109 (2024); Michigan,90626,32.0,88.5,2.3,1.9,0.5,64164
sldl,26110,26,110,State House District 110 (2024); Michigan,91055,28.6,91.0,0.7,2.1,1.5,58286
sldl,2701A,27,01A,State House District 1A (2024); Minnesota,42086,21.5,89.2,0.6,3.6,1.5,75022
sldl,2701B,27,01B,State House District 1B (2024); Minnesota,42078,26.0,85.3,1.6,6.2,0.7,73247
sldl,2702A,27,02A,State House District 2A (2024); Minnesota,43905,31.1,70.8,0.9,2.5,0.6,68063
sldl,2702B,27,02B,State House District 2B (2024); Minnesota,41165,23.7,67.8,0.3,2.7,0.6,66483
sldl,2703A,27,03A,State House District 3A (2024); Minnesota,41857,28.7,89.3,0.5,2.0,0.4,68320
sldl,2703B,27,03B,State House District 3B (2024); Minnesota,42471,34.3,92.2,0.6,1.4,0.8,92171
sldl,2704A,27,04A,State House District 4A (2024); Minnesota,43096,41.6,80.2,6.3,5.1,2.0,71011
sldl,2704B,27,04B,State House District 4B (2024); Minnesota,42481,34.8,89.2,0.9,3.2,0.7,86870
sldl,2705A,27,05A,State House District 5A (2024); Minnesota,43963,26.1,90.2,0.6,2.0,0.3,70646
sldl,2705B,27,05B,State House District 5B (2024); Minnesota,43699,18.3,85.9,1.0,6.5,0.3,67504
sldl,2706A,27,06A,State House District 6A (2024); Minnesota,43482,29.3,91.2,0.7,1.2,0.5,71792
sldl,2706B,27,06B,State House District 6B (2024); Minnesota,43172,30.7,93.4,0.5,2.2,0.3,70869
sldl,2707A,27,07A,State House District 7A (2024); Minnesota,42785,20.4,91.5,1.1,1.4,0.3,61704
sldl,2707B,27,07B,State House District 7B (2024); Minnesota,42376,21.9,92.5,0.6,1.2,0.4,64335
sldl,2708A,27,08A,State House District 8A (2024); Minnesota,41192,32.1,84.7,3.0,3.0,1.0,54688
sldl,2708B,27,08B,State House District 8B (2024); Minnesota,44429,57.9,88.3,2.5,2.3,2.5,88022
sldl,2709A,27,09A,State House District 9A (2024); Minnesota,42706,26.1,88.4,1.5,4.6,0.7,69017
sldl,2709B,27,09B,State House District 9B (2024); Minnesota,42050,26.6,93.3,0.2,2.6,0.3,76714
sldl,2710A,27,10A,State House District 10A (2024); Minnesota,43279,19.9,90.5,0.4,1.8,0.4,64577
sldl,2710B,27,10B,State House District 10B (2024); Minnesota,44243,19.4,93.7,0.5,2.4,0.5,86157
sldl,2711A,27,11A,State House District 11A (2024); Minnesota,42680,25.4,86.2,2.2,2.0,0.6,80444
sldl,2711B,27,11B,State House District 11B (2024); Minnesota,43468,16.5,88.4,2.5,2.6,1.0,70521
sldl,2712A,27,12A,State House District 12A (2024); Minnesota,42241,24.7,89.0,0.6,5.9,0.7,72716
sldl,2712B,27,12B,State House District 12B (2024); Minnesota,44442,28.2,91.6,0.5,4.5,0.5,74558
sldl,2713A,27,13A,State House District 13A (2024); Minnesota,43507,26.3,91.4,1.6,2.8,0.7,90162
sldl,2713B,27,13B,State House District 13B (2024); Minnesota,43572,33.4,88.5,2.7,2.9,1.3,84184
sldl,2714A,27,14A,State House District 14A (2024); Minnesota,45173,30.1,63.3,23.8,5.3,3.8,69772
sldl,2714B,27,14B,State House District 14B (2024); Minnesota,41754,29.7,68.8,14.9,6.7,3.1,59502
sldl,2715A,27,15A,State House District 15A (2024); Minnesota,42479,26.8,84.1,1.8,6.7,2.8,74146
sldl,2715B,27,15B,State House District 15B (2024); Minnesota,42260,24.0,89.2,0.8,4.7,1.3,69398
sldl,2716A,27,16A,State House District 16A (2024); Minnesota,42460,18.5,86.7,0.6,8.4,0.8,71649
sldl,2716B,27,16B,State House District 16B (2024); Minnesota,42938,28.2,75.0,5.3,15.0,1.4,76399
sldl,2717A,27,17A,State House District 17A (2024); Minnesota,41925,21.7,89.9,0.5,6.4,0.5,80080
sldl,2717B,27,17B,State House District 17B (2024); Minnesota,43151,26.8,88.6,0.6,6.5,1.3,90248
sldl,2718A,27,18A,State House District 18A (2024); Minnesota,42286,35.4,84.7,5.6,5.1,1.5,80196
sldl,2718B,27,18B,State House District 18B (2024); Minnesota,43696,36.0,81.8,5.6,5.5,3.4,67316
sldl,2719A,27,19A,State House District 19A (2024); Minnesota,42867,21.0,75.7,10.1,10.1,1.2,76050
sldl,2719B,27,19B,State House District 19B (2024); Minnesota,42605,25.7,83.3,3.2,8.8,1.3,79229
sldl,2720A,27,20A,State House District 20A (2024); Minnesota,42113,26.4,89.3,1.5,4.0,0.7,78901
sldl,2720B,27,20B,State House District 20B (2024); Minnesota,42325,32.1,92.2,0.2,3.4,1.6,97570
sldl,2721A,27,21A,State House District 21A (2024); Minnesota,41709,23.6,87.7,0.5,6.4,1.6,70753
sldl,2721B,27,21B,State House District 21B (2024); Minnesota,42627,20.9,64.8,3.0,25.9,2.6,70299
sldl,2722A,27,22A,State House District 22A (2024); Minnesota,42473,24.7,87.6,0.6,8.4,0.4,71314
sldl,2722B,27,22B,State House District 22B (2024); Minnesota,43348,28.8,89.1,1.3,5.9,0.4,97420
sldl,2723A,27,23A,State House District 23A (2024); Minnesota,42444,19.4,84.0,1.2,9.3,2.7,71559
sldl,2723B,27,23B,State House District 23B (2024); Minnesota,42327,23.9,72.5,3.3,14.0,5.9,72868
sldl,2724A,27,24A,State House District 24A (2024); Minnesota,43610,38.0,88.5,1.1,4.3,2.4,100043
sldl,2724B,27,24B,State House District 24B (2024); Minnesota,42349,53.1,73.2,7.6,7.4,6.4,110172
sldl,2725A,27,25A,State House District 25A (2024); Minnesota,43418,54.4,71.6,10.9,4.4,8.3,109570
sldl,2725B,27,25B,State House District 25B (2024); Minnesota,42792,47.0,69.3,9.7,8.2,7.2,75507
sldl,2726A,27,26A,State House District 26A (2024); Minnesota,42350,33.5,88.7,2.3,3.9,1.7,66704
sldl,2726B,27,26B,State House District 26B (2024); Minnesota,42859,26.7,94.1,0.4,1.7,0.8,79492
sldl,2727A,27,27A,State House District 27A (2024); Minnesota,43232,30.9,91.0,1.4,3.3,0.9,115284
sldl,2727B,27,27B,State House District 27B (2024); Minnesota,44452,20.4,90.6,0.3,2.2,1.4,101638
sldl,2728A,27,28A,State House District 28A (2024); Minnesota,43638,21.3,89.8,0.8,2.8,2.0,88246
sldl,2728B,27,28B,State House District 28B (2024); Minnesota,43449,26.5,90.3,0.4,3.0,2.4,102973
sldl,2729A,27,29A,State House District 29A (2024); Minnesota,44764,31.9,92.1,0.3,2.5,0.7,101334
sldl,2729B,27,29B,State House District 29B (2024); Minnesota,43687,28.0,88.3,0.6,5.5,2.0,90334
sldl,2730A,27,30A,State House District 30A (2024); Minnesota,45274,44.1,84.9,5.7,2.3,2.4,130992
sldl,2730B,27,30B,State House District 30B (2024); Minnesota,45833,33.6,84.7,3.8,3.7,2.8,116019
sldl,2731A,27,31A,State House District 31A (2024); Minnesota,43553,34.3,83.8,5.8,2.4,3.0,119215
sldl,2731B,27,31B,State House District 31B (2024); Minnesota,44073,28.1,89.8,1.3,2.5,2.5,116722
sldl,2732A,27,32A,State House District 32A (2024); Minnesota,44901,37.7,74.2,9.7,2.8,8.4,119933
sldl,2732B,27,32B,State House District 32B (2024); Minnesota,44154,36.3,71.6,7.6,5.7,8.0,101669
sldl,2733A,27,33A,State House District 33A (2024); Minnesota,43590,46.5,87.5,2.3,3.0,3.7,108269
sldl,2733B,27,33B,State House District 33B (2024); Minnesota,41468,45.8,86.5,3.5,4.7,1.7,107718
sldl,2734A,27,34A,State House District 34A (2024); Minnesota,43085,43.4,79.5,7.0,4.3,3.0,131254
sldl,2734B,27,34B,State House District 34B (2024); Minnesota,39980,38.2,52.7,17.4,6.6,16.1,120006
sldl,2735A,27,35A,State House District 35A (2024); Minnesota,42104,25.5,73.4,9.1,5.7,5.1,81834
sldl,2735B,27,35B,State House District 35B (2024); Minnesota,43755,28.7,72.3,9.2,5.7,7.4,94653
sldl,2736A,27,36A,State House District 36A (2024); Minnesota,43389,48.3,84.1,2.4,3.9,4.7,129430
sldl,2736B,27,36B,State House District 36B (2024); Minnesota,41557,44.9,78.5,3.8,5.9,6.3,92285
sldl,2737A,27,37A,State House District 37A (2024); Minnesota,45267,59.7,79.5,6.3,1.5,8.3,153221
sldl,2737B,27,37B,State House District 37B (2024); Minnesota,43749,52.8,78.2,8.1,3.2,5.7,117457
sldl,2738A,27,38A,State House District 38A (2024); Minnesota,42385,27.7,30.6,32.6,8.4,20.9,77434
sldl,2738B,27,38B,State House District 38B (2024); Minnesota,42501,26.9,28.7,34.9,13.7,16.6,72468
sldl,2739A,27,39A,State House District 39A (2024); Minnesota,42818,28.6,55.7,17.0,15.8,6.3,78476
sldl,2739B,27,39B,State House District 39B (2024); Minnesota,42463,44.0,59.1,20.1,10.3,5.1,78428
sldl,2740A,27,40A,State House District 40A (2024); Minnesota,41784,52.3,76.1,5.6,5.6,8.0,111072
sldl,2740B,27,40B,State House District 40B (2024); Minnesota,41949,56.7,70.1,7.2,5.5,10.5,89660
sldl,2741A,27,41A,State House District 41A (2024); Minnesota,45831,54.9,83.2,2.9,3.7,4.9,142601
sldl,2741B,27,41B,State House District 41B (2024); Minnesota,43099,33.8,79.3,4.0,7.0,4.4,108097
sldl,2742A,27,42A,State House District 42A (2024); Minnesota,42000,70.6,73.3,3.4,2.5,13.4,159740
sldl,2742B,27,42B,State House District 42B (2024); Minnesota,40833,63.3,73.2,5.4,5.9,7.7,125173
sldl,2743A,27,43A,State House District 43A (2024); Minnesota,40402,37.0,61.9,18.6,9.0,3.5,86310
sldl,2743B,27,43B,State House District 43B (2024); Minnesota,41697,52.2,69.8,11.5,8.9,2.8,94761
sldl,2744A,27,44A,State House District 44A (2024); Minnesota,39882,34.4,53.0,8.3,9.7,22.8,82196
sldl,2744B,27,44B,State House District 44B (2024); Minnesota,43634,33.7,63.0,8.9,6.9,15.4,92393
sldl,2745A,27,45A,State House District 45A (2024); Minnesota,42873,60.0,87.8,1.3,3.1,2.5,126642
sldl,2745B,27,45B,State House District 45B (2024); Minnesota,42567,69.1,84.0,2.8,4.4,5.8,130984
sldl,2746A,27,46A,State House District 46A (2024); Minnesota,41625,63.9,76.6,4.8,6.7,3.6,96159
sldl,2746B,27,46B,State House District 46B (2024); Minnesota,42291,58.7,75.1,10.1,4.1,4.2,97704
sldl,2747A,27,47A,State House District 47A (2024); Minnesota,42456,51.1,69.6,8.1,7.9,9.8,110706
sldl,2747B,27,47B,State House District 47B (2024); Minnesota,45868,67.9,65.1,9.7,4.6,15.9,143703
sldl,2748A,27,48A,State House District 48A (2024); Minnesota,45077,52.1,88.1,1.3,3.4,2.4,143660
sldl,2748B,27,48B,State House District 48B (2024); Minnesota,43169,56.4,80.3,2.6,7.6,4.9,123150
sldl,2749A,27,49A,State House District 49A (2024); Minnesota,42754,63.1,75.7,7.3,3.4,6.7,119106
sldl,2749B,27,49B,State House District 49B (2024); Minnesota,40831,65.5,68.4,3.8,6.1,15.4,131768
sldl,2750A,27,50A,State House District 50A (2024); Minnesota,41494,71.3,77.9,3.8,4.0,8.0,121843
sldl,2750B,27,50B,State House District 50B (2024); Minnesota,40835,55.7,77.3,7.0,5.1,4.3,103421
sldl,2751A,27,51A,State House District 51A (2024); Minnesota,42341,43.4,60.3,11.0,18.4,5.0,86588
sldl,2751B,27,51B,State House District 51B (2024); Minnesota,44095,36.2,51.9,17.4,17.5,5.7,83078
sldl,2752A,27,52A,State House District 52A (2024); Minnesota,44213,44.6,62.1,16.0,9.5,8.4,87944
sldl,2752B,27,52B,State House District 52B (2024); Minnesota,41935,63.6,73.5,5.6,5.9,8.7,130285
sldl,2753A,27,53A,State House District 53A (2024); Minnesota,42735,45.5,73.1,5.6,13.8,3.6,93368
sldl,2753B,27,53B,State House District 53B (2024); Minnesota,42771,31.1,71.1,6.0,15.5,3.5,90478
sldl,2754A,27,54A,State House District 54A (2024); Minnesota,44941,40.1,62.9,10.2,9.6,11.7,106071
sldl,2754B,27,54B,State House District 54B (2024); Minnesota,43561,45.5,80.5,2.1,6.5,4.7,127885
sldl,2755A,27,55A,State House District 55A (2024); Minnesota,42854,49.2,68.4,10.2,7.1,5.9,117331
sldl,2755B,27,55B,State House District 55B (2024); Minnesota,42168,39.4,63.4,14.0,12.1,4.1,89011
sldl,2756A,27,56A,State House District 56A (2024); Minnesota,42571,43.1,64.8,12.8,7.8,5.3,91652
sldl,2756B,27,56B,State House District 56B (2024); Minnesota,42911,55.2,80.7,3.2,3.4,6.9,134497
sldl,2757A,27,57A,State House District 57A (2024); Minnesota,43404,49.5,81.2,4.7,5.6,4.3,132270
sldl,2757B,27,57B,State House District 57B (2024); Minnesota,46237,49.3,75.3,7.2,5.7,6.5,143630
sldl,2758A,27,58A,State House District 58A (2024); Minnesota,43343,41.7,84.6,1.2,8.2,2.8,102481
sldl,2758B,27,58B,State House District 58B (2024); Minnesota,43001,35.4,85.8,2.9,4.7,2.5,121916
sldl,2759A,27,59A,State House District 59A (2024); Minnesota,40718,29.3,33.9,32.5,12.8,11.2,71500
sldl,2759B,27,59B,State House District 59B (2024); Minnesota,43957,56.2,46.5,32.7,6.3,6.9,95473
sldl,2760A,27,60A,State House District 60A (2024); Minnesota,42953,54.3,68.2,12.7,7.2,4.3,90234
sldl,2760B,27,60B,State House District 60B (2024); Minnesota,40323,49.9,54.3,19.8,7.3,11.8,36686
sldl,2761A,27,61A,State House District 61A (2024); Minnesota,41203,62.4,67.3,13.6,7.6,4.9,71066
sldl,2761B,27,61B,State House District 61B (2024); Minnesota,43235,77.0,80.0,3.9,7.1,3.7,112276
sldl,2762A,27,62A,State House District 62A (2024); Minnesota,42725,41.8,43.1,31.8,15.6,3.1,52914
sldl,2762B,27,62B,State House District 62B (2024); Minnesota,40475,48.4,46.2,21.3,22.1,2.2,78731
sldl,2763A,27,63A,State House District 63A (2024); Minnesota,44396,56.3,65.1,14.3,9.3,2.9,87127
sldl,2763B,27,63B,State House District 63B (2024); Minnesota,42089,71.1,81.8,4.1,4.4,2.5,133258
sldl,2764A,27,64A,State House District 64A (2024); Minnesota,41548,73.6,79.6,5.8,5.4,3.5,97300
sldl,2764B,27,64B,State House District 64B (2024); Minnesota,41823,61.4,73.7,10.1,5.1,4.8,85629
sldl,2765A,27,65A,State House District 65A (2024); Minnesota,41356,30.4,34.3,31.6,8.9,17.0,58601
sldl,2765B,27,65B,State House District 65B (2024); Minnesota,43488,39.4,58.7,11.1,15.3,6.5,73143
sldl,2766A,27,66A,State House District 66A (2024); Minnesota,44150,61.4,67.7,12.0,5.8,6.9,77398
sldl,2766B,27,66B,State House District 66B (2024); Minnesota,40364,30.6,34.7,15.2,9.1,34.9,66558
sldl,2767A,27,67A,State House District 67A (2024); Minnesota,40853,23.8,28.5,10.8,15.0,37.0,68742
sldl,2767B,27,67B,State House District 67B (2024); Minnesota,41873,27.3,33.9,23.0,11.5,25.8,72540
sldl,28001,28,001,State House District 1 (2024); Mississippi,22428,19.6,92.8,1.8,1.3,0.4,54774
sldl,28002,28,002,State House District 2 (2024); Mississippi,23352,19.2,75.0,13.8,5.0,0.5,48259
sldl,28003,28,003,State House District 3 (2024); Mississippi,25971,18.7,82.5,8.6,2.8,0.6,51617
sldl,28004,28,004,State House District 4 (2024); Mississippi,22744,17.5,76.8,13.2,5.0,0.2,51924
sldl,28005,28,005,State House District 5 (2024); Mississippi,23333,14.6,36.3,57.9,3.2,0.2,55456
sldl,28006,28,006,State House District 6 (2024); Mississippi,25609,25.8,48.9,38.5,6.2,2.7,106143
sldl,28007,28,007,State House District 7 (2024); Mississippi,26832,32.5,65.5,26.5,4.0,1.1,92831
sldl,28008,28,008,State House District 8 (2024); Mississippi,24549,24.8,69.4,23.4,3.6,0.1,72874
sldl,28009,28,009,State House District 9 (2024); Mississippi,23693,15.2,27.1,69.4,2.0,0.3,40061
sldl,28010,28,010,State House District 10 (2024); Mississippi,24810,42.8,71.7,20.5,3.9,0.7,71890
sldl,28011,28,011,State House District 11 (2024); Mississippi,23572,13.6,34.6,61.9,0.4,0.7,37461
sldl,28012,28,012,State House District 12 (2024); Mississippi,27184,56.2,63.4,24.6,4.5,3.7,67086
sldl,28013,28,013,State House District 13 (2024); Mississippi,22420,22.5,75.8,18.0,2.3,0.5,52950
sldl,28014,28,014,State House District 14 (2024); Mississippi,24844,19.7,74.7,15.4,5.4,0.3,57181
sldl,28015,28,015,State House District 15 (2024); Mississippi,24014,18.9,68.5,17.7,9.1,0.0,52034
sldl,28016,28,016,State House District 16 (2024); Mississippi,23815,15.5,27.8,64.9,3.3,0.4,41577
sldl,28017,28,017,State House District 17 (2024); Mississippi,24040,37.8,61.5,28.2,5.5,2.1,71189
sldl,28018,28,018,State House District 18 (2024); Mississippi,24171,31.0,75.7,15.5,1.9,0.8,83294
sldl,28019,28,019,State House District 19 (2024); Mississippi,26331,18.8,82.0,12.9,2.7,0.3,65247
sldl,28020,28,020,State House District 20 (2024); Mississippi,22932,21.6,48.5,41.9,4.8,1.3,65798
sldl,28021,28,021,State House District 21 (2024); Mississippi,24537,18.1,88.9,6.0,0.8,0.5,60062
sldl,28022,28,022,State House District 22 (2024); Mississippi,22920,15.3,66.2,30.2,1.8,0.3,49865
sldl,28023,28,023,State House District 23 (2024); Mississippi,24015,16.2,75.5,17.1,4.5,0.1,51422
sldl,28024,28,024,State House District 24 (2024); Mississippi,23245,46.8,66.0,21.5,4.6,2.1,124681
sldl,28025,28,025,State House District 25 (2024); Mississippi,24941,22.6,52.7,35.0,8.5,0.5,65580
sldl,28026,28,026,State House District 26 (2024); Mississippi,21474,16.4,21.1,71.9,3.2,0.2,38321
sldl,28027,28,027,State House District 27 (2024); Mississippi,24098,13.8,24.0,66.6,5.7,0.1,48922
sldl,28028,28,028,State House District 28 (2024); Mississippi,26505,37.1,84.0,9.2,2.5,0.9,96302
sldl,28029,28,029,State House District 29 (2024); Mississippi,24205,27.9,27.9,66.6,2.8,0.7,37430
sldl,28030,28,030,State House District 30 (2024); Mississippi,23473,13.2,29.2,66.8,1.1,0.0,36855
sldl,28031,28,031,State House District 31 (2024); Mississippi,22817,21.9,25.6,70.0,2.4,0.7,41390
sldl,28032,28,032,State House District 32 (2024); Mississippi,22238,16.7,11.7,84.3,2.4,0.2,30234
sldl,28033,28,033,State House District 33 (2024); Mississippi,24050,20.4,58.8,27.9,4.4,1.1,57849
sldl,28034,28,034,State House District 34 (2024); Mississippi,25172,21.5,62.3,32.3,1.4,0.1,53105
sldl,28035,28,035,State House District 35 (2024); Mississippi,22630,21.6,67.0,28.5,1.7,0.5,53311
sldl,28036,28,036,State House District 36 (2024); Mississippi,24646,15.5,32.4,63.6,0.3,0.1,42108
sldl,28037,28,037,State House District 37 (2024); Mississippi,22843,29.3,69.5,24.8,2.0,0.4,71598
sldl,28038,28,038,State House District 38 (2024); Mississippi,24965,37.8,34.5,55.3,2.3,3.6,37048
sldl,28039,28,039,State House District 39 (2024); Mississippi,24297,33.2,69.7,20.0,3.2,1.9,59918
sldl,28040,28,040,State House District 40 (2024); Mississippi,23831,17.2,28.4,56.9,8.7,0.7,52575
sldl,28041,28,041,State House District 41 (2024); Mississippi,23112,19.7,25.0,69.9,1.7,0.6,36145
sldl,28042,28,042,State House District 42 (2024); Mississippi,22423,13.0,32.7,64.5,0.6,0.0,44214
sldl,28043,28,043,State House District 43 (2024); Mississippi,24185,61.1,72.7,18.2,2.7,3.1,57994
sldl,28044,28,044,State House District 44 (2024); Mississippi,24763,19.3,62.0,15.4,0.9,0.8,62061
sldl,28045,28,045,State House District 45 (2024); Mississippi,23669,18.6,41.8,50.3,1.5,0.1,44228
sldl,28046,28,046,State House District 46 (2024); Mississippi,23948,23.4,59.5,36.0,1.5,0.4,52561
sldl,28047,28,047,State House District 47 (2024); Mississippi,23788,11.7,20.9,71.2,5.6,0.3,36068
sldl,28048,28,048,State House District 48 (2024); Mississippi,24441,20.8,58.9,29.1,6.3,0.2,54675
sldl,28049,28,049,State House District 49 (2024); Mississippi,22247,24.6,21.8,74.7,0.6,1.3,41590
sldl,28050,28,050,State House District 50 (2024); Mississippi,21433,19.4,28.1,65.8,2.6,0.2,44766
sldl,28051,28,051,State House District 51 (2024); Mississippi,21668,17.4,16.6,81.5,0.4,0.1,30654
sldl,28052,28,052,State House District 52 (2024); Mississippi,25882,20.9,56.4,28.9,8.3,0.9,77430
sldl,28053,28,053,State House District 53 (2024); Mississippi,23393,13.8,68.6,28.2,1.2,0.3,50738
sldl,28054,28,054,State House District 54 (2024); Mississippi,22766,32.7,70.8,24.6,1.7,1.1,80964
sldl,28055,28,055,State House District 55 (2024); Mississippi,22173,24.8,26.3,69.2,2.6,0.0,45451
sldl,28056,28,056,State House District 56 (2024); Mississippi,25280,54.8,62.6,28.9,2.2,3.1,94036
sldl,28057,28,057,State House District 57 (2024); Mississippi,23466,23.8,28.7,66.8,3.4,0.0,40533
sldl,28058,28,058,State House District 58 (2024); Mississippi,27042,65.5,72.1,16.6,4.6,3.9,126538
sldl,28059,28,059,State House District 59 (2024); Mississippi,25598,47.6,79.7,9.8,3.3,2.6,104167
sldl,28060,28,060,State House District 60 (2024); Mississippi,29204,31.0,70.9,23.9,2.8,0.6,93840
sldl,28061,28,061,State House District 61 (2024); Mississippi,26031,28.1,60.8,27.6,5.1,3.3,56489
sldl,28062,28,062,State House District 62 (2024); Mississippi,25780,22.1,75.6,16.4,4.6,1.2,71001
sldl,28063,28,063,State House District 63 (2024); Mississippi,22806,25.8,37.6,58.0,1.1,0.4,59165
sldl,28064,28,064,State House District 64 (2024); Mississippi,23192,61.1,49.5,42.5,5.0,0.8,69205
sldl,28065,28,065,State House District 65 (2024); Mississippi,23812,26.8,11.8,83.3,3.0,0.2,43724
sldl,28066,28,066,State House District 66 (2024); Mississippi,22438,27.9,30.5,65.8,1.2,0.1,71617
sldl,28067,28,067,State House District 67 (2024); Mississippi,22675,24.8,17.0,78.5,1.2,0.4,30813
sldl,28068,28,068,State House District 68 (2024); Mississippi,20953,23.1,27.5,64.0,3.3,0.7,44006
sldl,28069,28,069,State House District 69 (2024); Mississippi,20823,14.6,4.6,89.8,2.7,0.0,32705
sldl,28070,28,070,State House District 70 (2024); Mississippi,24035,24.5,12.5,81.1,1.6,2.8,42106
sldl,28071,28,071,State House District 71 (2024); Mississippi,22755,28.7,14.1,80.8,3.0,0.7,60595
sldl,28072,28,072,State House District 72 (2024); Mississippi,23633,41.2,16.2,73.6,5.2,1.7,55623
sldl,28073,28,073,State House District 73 (2024); Mississippi,26013,62.8,71.5,18.2,2.1,6.1,115747
sldl,28074,28,074,State House District 74 (2024); Mississippi,24693,45.5,75.6,18.4,2.6,0.5,96010
sldl,28075,28,075,State House District 75 (2024); Mississippi,26625,29.2,64.5,24.7,7.4,0.0,72574
sldl,28076,28,076,State House District 76 (2024); Mississippi,22674,21.0,30.3,64.3,3.5,0.3,46114
sldl,28077,28,077,State House District 77 (2024); Mississippi,22282,17.7,69.4,27.3,0.8,0.2,58618
sldl,28078,28,078,State House District 78 (2024); Mississippi,24403,15.7,58.9,29.2,3.2,0.6,46654
sldl,28079,28,079,State House District 79 (2024); Mississippi,21885,17.0,70.4,19.1,6.4,0.2,61279
sldl,28080,28,080,State House District 80 (2024); Mississippi,22882,11.2,21.8,72.8,3.3,0.3,37986
sldl,28081,28,081,State House District 81 (2024); Mississippi,22041,21.3,68.2,24.0,2.0,0.2,53810
sldl,28082,28,082,State House District 82 (2024); Mississippi,20368,10.8,15.9,76.0,2.7,0.7,25869
sldl,28083,28,083,State House District 83 (2024); Mississippi,24769,34.4,66.3,24.3,2.5,1.2,71629
sldl,28084,28,084,State House District 84 (2024); Mississippi,23943,17.1,59.7,35.8,0.8,0.2,49520
sldl,28085,28,085,State House District 85 (2024); Mississippi,22714,17.5,31.3,65.3,0.6,0.1,39186
sldl,28086,28,086,State House District 86 (2024); Mississippi,23489,15.4,59.5,35.4,1.9,0.5,40634
sldl,28087,28,087,State House District 87 (2024); Mississippi,26918,33.9,80.0,13.5,2.4,1.4,73409
sldl,28088,28,088,State House District 88 (2024); Mississippi,22014,19.7,87.8,5.0,4.4,0.1,59358
sldl,28089,28,089,State House District 89 (2024); Mississippi,24601,27.1,69.6,20.2,8.1,0.7,55088
sldl,28090,28,090,State House District 90 (2024); Mississippi,27393,17.5,55.8,35.6,5.3,0.1,46537
sldl,28091,28,091,State House District 91 (2024); Mississippi,25333,15.7,41.7,55.7,0.6,0.1,43299
sldl,28092,28,092,State House District 92 (2024); Mississippi,25362,21.0,72.8,23.0,2.1,0.5,50180
sldl,28093,28,093,State House District 93 (2024); Mississippi,27452,12.0,83.9,8.7,4.3,0.4,59460
sldl,28094,28,094,State House District 94 (2024); Mississippi,21766,15.9,24.1,68.6,4.2,0.3,37092
sldl,28095,28,095,State House District 95 (2024); Mississippi,24465,29.2,79.7,7.7,5.5,1.1,77067
sldl,28096,28,096,State House District 96 (2024); Mississippi,22233,10.6,34.9,61.5,0.7,0.0,35073
sldl,28097,28,097,State House District 97 (2024); Mississippi,23204,25.8,70.8,25.3,1.1,0.5,53867
sldl,28098,28,098,State House District 98 (2024); Mississippi,25429,11.6,27.1,67.8,2.2,0.4,42015
sldl,28099,28,099,State House District 99 (2024); Mississippi,24070,12.2,67.3,26.5,2.6,0.2,50343
sldl,28100,28,100,State House District 100 (2024); Mississippi,23636,16.7,69.0,26.0,2.0,0.3,50151
sldl,28101,28,101,State House District 101 (2024); Mississippi,24422,45.9,58.5,30.8,5.6,1.2,81146
sldl,28102,28,102,State House District 102 (2024); Mississippi,25373,49.3,54.4,35.0,5.4,1.0,49212
sldl,28103,28,103,State House District 103 (2024); Mississippi,24575,19.4,23.3,67.0,6.3,0.2,36399
sldl,28104,28,104,State House District 104 (2024); Mississippi,25304,25.6,86.1,7.9,1.7,1.3,80990
sldl,28105,28,105,State House District 105 (2024); Mississippi,25414,11.7,75.6,16.8,2.8,1.1,51466
sldl,28106,28,106,State House District 106 (2024); Mississippi,25420,17.5,79.9,13.7,2.6,0.2,55504
sldl,28107,28,107,State House District 107 (2024); Mississippi,26445,18.9,82.8,10.1,2.2,0.3,62795
sldl,28108,28,108,State House District 108 (2024); Mississippi,24482,18.7,71.5,18.2,5.1,0.2,55665
sldl,28109,28,109,State House District 109 (2024); Mississippi,22529,21.1,90.1,1.6,2.5,0.2,71045
sldl,28110,28,110,State House District 110 (2024); Mississippi,23277,14.0,25.1,60.0,11.4,1.3,36585
sldl,28111,28,111,State House District 111 (2024); Mississippi,25987,27.7,72.2,14.1,5.6,1.1,77700
sldl,28112,28,112,State House District 112 (2024); Mississippi,26584,23.3,61.6,21.5,7.8,1.8,71578
sldl,28113,28,113,State House District 113 (2024); Mississippi,25720,43.9,77.2,5.5,9.5,4.2,77240
sldl,28114,28,114,State House District 114 (2024); Mississippi,25853,25.8,72.8,9.2,8.1,3.3,66185
sldl,28115,28,115,State House District 115 (2024); Mississippi,25328,24.1,55.7,19.9,13.9,3.9,50615
sldl,28116,28,116,State House District 116 (2024); Mississippi,25055,28.9,73.5,11.4,3.7,4.4,75087
sldl,28117,28,117,State House District 117 (2024); Mississippi,23062,35.1,62.0,18.4,9.9,4.2,61986
sldl,28118,28,118,State House District 118 (2024); Mississippi,25895,34.7,61.0,22.8,7.8,2.5,62310
sldl,28119,28,119,State House District 119 (2024); Mississippi,23982,12.9,26.6,59.9,5.1,0.8,35400
sldl,28120,28,120,State House District 120 (2024); Mississippi,24504,31.0,71.5,15.0,6.5,1.8,62357
sldl,28121,28,121,State House District 121 (2024); Mississippi,27301,32.4,70.1,17.5,4.8,1.6,70362
sldl,28122,28,122,State House District 122 (2024); Mississippi,24650,27.6,78.3,12.0,3.6,1.3,64312
sldl,29001,29,001,State House District 1 (2024); Missouri,36446,24.8,92.2,1.3,2.1,1.2,59215
sldl,29002,29,002,State House District 2 (2024); Missouri,37315,17.9,93.3,0.8,1.9,0.6,58193
sldl,29003,29,003,State House District 3 (2024); Missouri,37438,29.3,86.3,3.5,5.7,1.6,59944
sldl,29004,29,004,State House District 4 (2024); Missouri,37169,15.8,94.0,1.6,1.0,0.3,57922
sldl,29005,29,005,State House District 5 (2024); Missouri,38885,22.5,90.0,3.5,1.8,0.6,63545
sldl,29006,29,006,State House District 6 (2024); Missouri,37284,18.7,88.8,4.0,2.3,0.4,57763
sldl,29007,29,007,State House District 7 (2024); Missouri,37877,18.3,92.7,1.7,2.3,0.3,65210
sldl,29008,29,008,State House District 8 (2024); Missouri,39148,32.1,91.3,1.7,2.0,0.6,97188
sldl,29009,29,009,State House District 9 (2024); Missouri,37263,23.5,91.3,2.6,2.5,0.6,71810
sldl,29010,29,010,State House District 10 (2024); Missouri,37661,21.8,72.8,7.6,10.2,1.9,54343
sldl,29011,29,011,State House District 11 (2024); Missouri,37080,24.4,83.3,4.8,6.3,0.5,62924
sldl,29012,29,012,State House District 12 (2024); Missouri,40591,49.4,74.4,9.5,8.3,2.5,109697
sldl,29013,29,013,State House District 13 (2024); Missouri,40092,39.2,85.4,2.9,4.6,1.2,92985
sldl,29014,29,014,State House District 14 (2024); Missouri,38515,47.2,74.0,8.4,7.3,3.4,90600
sldl,29015,29,015,State House District 15 (2024); Missouri,38468,34.1,74.3,8.8,9.1,2.0,82877
sldl,29016,29,016,State House District 16 (2024); Missouri,38858,44.7,73.2,8.3,10.2,2.0,94959
sldl,29017,29,017,State House District 17 (2024); Missouri,38914,30.4,70.3,9.8,12.9,3.0,80069
sldl,29018,29,018,State House District 18 (2024); Missouri,37727,32.4,65.1,10.8,10.2,5.1,65265
sldl,29019,29,019,State House District 19 (2024); Missouri,37856,25.0,32.5,13.8,45.0,3.6,52072
sldl,29020,29,020,State House District 20 (2024); Missouri,38833,25.0,73.6,10.0,7.9,1.0,72986
sldl,29021,29,021,State House District 21 (2024); Missouri,39328,15.0,64.3,8.4,20.4,0.9,47701
sldl,29022,29,022,State House District 22 (2024); Missouri,35823,14.8,29.1,50.4,14.4,0.9,47704
sldl,29023,29,023,State House District 23 (2024); Missouri,36877,14.0,16.9,52.4,24.5,2.0,34296
sldl,29024,29,024,State House District 24 (2024); Missouri,36969,65.0,68.2,12.0,8.0,4.6,67525
sldl,29025,29,025,State House District 25 (2024); Missouri,36271,75.4,83.2,3.6,4.2,3.4,112008
sldl,29026,29,026,State House District 26 (2024); Missouri,36658,25.9,37.3,47.2,9.0,1.5,52698
sldl,29027,29,027,State House District 27 (2024); Missouri,39093,27.7,33.1,52.9,8.5,1.2,51886
sldl,29028,29,028,State House District 28 (2024); Missouri,37343,21.5,45.7,38.0,10.4,0.7,67731
sldl,29029,29,029,State House District 29 (2024); Missouri,38179,26.3,73.1,12.6,7.9,1.2,63042
sldl,29030,29,030,State House District 30 (2024); Missouri,37413,51.8,79.4,7.3,6.7,2.3,122108
sldl,29031,29,031,State House District 31 (2024); Missouri,38451,37.0,79.2,7.4,6.4,1.4,90504
sldl,29032,29,032,State House District 32 (2024); Missouri,39166,24.5,85.7,3.3,5.9,0.6,88646
sldl,29033,29,033,State House District 33 (2024); Missouri,39874,35.3,81.9,5.7,4.9,1.8,96846
sldl,29034,29,034,State House District 34 (2024); Missouri,39108,39.2,74.3,12.3,6.2,1.3,83844
sldl,29035,29,035,State House District 35 (2024); Missouri,38715,49.0,66.3,19.9,6.6,1.6,103072
sldl,29036,29,036,State House District 36 (2024); Missouri,36597,32.5,52.0,26.9,12.8,2.3,59600
sldl,29037,29,037,State House District 37 (2024); Missouri,37422,31.9,46.2,38.6,8.0,1.7,62275
sldl,29038,29,038,State House District 38 (2024); Missouri,38447,41.1,83.4,3.8,5.1,2.0,99792
sldl,29039,29,039,State House District 39 (2024); Missouri,39652,37.0,85.1,2.9,4.9,2.7,103543
sldl,29040,29,040,State House District 40 (2024); Missouri,40032,16.1,91.3,3.1,1.9,0.4,75109
sldl,29041,29,041,State House District 41 (2024); Missouri,40736,19.9,91.2,1.7,3.6,0.3,89815
sldl,29042,29,042,State House District 42 (2024); Missouri,40528,19.4,89.8,1.0,3.9,0.4,79521
sldl,29043,29,043,State House District 43 (2024); Missouri,38531,18.5,88.5,3.9,3.0,0.4,59546
sldl,29044,29,044,State House District 44 (2024); Missouri,37425,43.3,87.8,3.4,2.6,1.8,84518
sldl,29045,29,045,State House District 45 (2024); Missouri,37841,52.2,73.2,11.2,4.1,5.6,35934
sldl,29046,29,046,State House District 46 (2024); Missouri,36310,42.1,63.0,19.0,6.9,4.2,71436
sldl,29047,29,047,State House District 47 (2024); Missouri,36531,56.6,80.6,5.2,3.7,4.7,91227
sldl,29048,29,048,State House District 48 (2024); Missouri,36395,24.6,88.8,4.5,2.1,0.2,68696
sldl,29049,29,049,State House District 49 (2024); Missouri,39232,24.4,87.8,4.0,2.3,0.2,75050
sldl,29050,29,050,State House District 50 (2024); Missouri,39936,64.7,74.2,9.0,5.1,7.6,79574
sldl,29051,29,051,State House District 51 (2024); Missouri,38745,24.8,79.9,4.0,8.6,0.7,68014
sldl,29052,29,052,State House District 52 (2024); Missouri,37022,17.0,79.9,2.9,11.3,0.7,56793
sldl,29053,29,053,State House District 53 (2024); Missouri,37496,20.3,91.9,0.8,3.7,0.2,73808
sldl,29054,29,054,State House District 54 (2024); Missouri,37600,31.0,84.3,3.8,5.0,1.9,66610
sldl,29055,29,055,State House District 55 (2024); Missouri,39284,30.7,90.3,1.5,3.4,0.3,96497
sldl,29056,29,056,State House District 56 (2024); Missouri,39633,30.3,75.4,9.0,7.7,1.3,77990
sldl,29057,29,057,State House District 57 (2024); Missouri,40647,20.5,88.2,2.6,3.4,0.5,63553
sldl,29058,29,058,State House District 58 (2024); Missouri,37189,16.3,90.4,1.1,3.9,0.4,58524
sldl,29059,29,059,State House District 59 (2024); Missouri,38967,40.8,88.3,2.4,3.1,0.9,85657
sldl,29060,29,060,State House District 60 (2024); Missouri,38065,37.0,70.0,17.2,4.2,2.0,63906
sldl,29061,29,061,State House District 61 (2024); Missouri,38311,21.5,94.8,0.7,1.6,0.1,69775
sldl,29062,29,062,State House District 62 (2024); Missouri,38171,25.3,87.2,2.4,4.7,0.6,90867
sldl,29063,29,063,State House District 63 (2024); Missouri,37340,41.9,85.0,5.6,3.5,1.2,113497
sldl,29064,29,064,State House District 64 (2024); Missouri,40779,36.5,81.0,5.3,5.6,3.0,105421
sldl,29065,29,065,State House District 65 (2024); Missouri,37033,36.7,86.5,3.8,2.2,1.5,91210
sldl,29066,29,066,State House District 66 (2024); Missouri,36220,15.2,12.5,82.3,1.4,0.3,47778
sldl,29067,29,067,State House District 67 (2024); Missouri,39131,34.7,18.7,72.2,2.8,0.7,86442
sldl,29068,29,068,State House District 68 (2024); Missouri,39150,23.9,36.6,55.9,1.2,1.0,64425
sldl,29069,29,069,State House District 69 (2024); Missouri,37466,51.6,86.9,2.1,3.6,3.4,121162
sldl,29070,29,070,State House District 70 (2024); Missouri,36878,31.0,48.2,35.3,6.9,1.9,57336
sldl,29071,29,071,State House District 71 (2024); Missouri,36599,64.4,69.3,9.5,3.2,11.9,111560
sldl,29072,29,072,State House District 72 (2024); Missouri,36476,28.9,54.0,25.1,12.2,3.5,57325
sldl,29073,29,073,State House District 73 (2024); Missouri,36746,18.7,26.3,60.0,7.4,0.8,47239
sldl,29074,29,074,State House District 74 (2024); Missouri,39248,21.1,23.4,65.6,4.8,1.5,46787
sldl,29075,29,075,State House District 75 (2024); Missouri,34799,27.0,36.5,52.5,3.0,0.7,68979
sldl,29076,29,076,State House District 76 (2024); Missouri,33687,27.9,26.0,64.4,2.1,0.5,48349
sldl,29077,29,077,State House District 77 (2024); Missouri,34507,46.3,33.7,51.2,3.3,8.1,48079
sldl,29078,29,078,State House District 78 (2024); Missouri,35770,45.1,37.6,51.2,5.2,1.7,56337
sldl,29079,29,079,State House District 79 (2024); Missouri,34601,40.7,37.0,51.9,4.4,2.7,49232
sldl,29080,29,080,State House District 80 (2024); Missouri,37564,38.2,49.8,27.4,11.9,5.4,57139
sldl,29081,29,081,State House District 81 (2024); Missouri,38075,31.1,49.6,34.1,7.7,3.4,54679
sldl,29082,29,082,State House District 82 (2024); Missouri,37821,52.0,84.9,6.1,3.6,1.5,76340
sldl,29083,29,083,State House District 83 (2024); Missouri,35890,62.8,79.0,6.7,2.1,4.6,81209
sldl,29084,29,084,State House District 84 (2024); Missouri,36487,45.3,32.4,55.5,3.5,4.7,56740
sldl,29085,29,085,State House District 85 (2024); Missouri,34995,13.5,5.3,89.8,1.1,0.4,40837
sldl,29086,29,086,State House District 86 (2024); Missouri,36513,65.5,51.4,29.5,4.9,7.9,85103
sldl,29087,29,087,State House District 87 (2024); Missouri,36165,53.8,58.8,12.5,5.0,17.7,88084
sldl,29088,29,088,State House District 88 (2024); Missouri,38935,52.5,82.9,2.0,4.7,3.9,114356
sldl,29089,29,089,State House District 89 (2024); Missouri,35614,77.6,82.5,2.3,2.3,8.5,184733
sldl,29090,29,090,State House District 90 (2024); Missouri,36338,71.6,83.2,3.6,2.7,2.1,132784
sldl,29091,29,091,State House District 91 (2024); Missouri,36102,62.6,79.5,7.3,4.4,1.7,104525
sldl,29092,29,092,State House District 92 (2024); Missouri,36538,38.8,87.0,2.3,2.8,2.9,80522
sldl,29093,29,093,State House District 93 (2024); Missouri,36354,24.5,81.1,5.1,3.5,4.3,61583
sldl,29094,29,094,State House District 94 (2024); Missouri,37014,36.9,87.5,3.6,2.6,2.2,78674
sldl,29095,29,095,State House District 95 (2024); Missouri,35742,46.2,89.9,2.1,1.8,1.2,110185
sldl,29096,29,096,State House District 96 (2024); Missouri,36325,56.2,89.9,1.4,2.2,1.7,111747
sldl,29097,29,097,State House District 97 (2024); Missouri,38005,28.3,86.6,1.5,3.6,1.4,79865
sldl,29098,29,098,State House District 98 (2024); Missouri,37750,58.9,75.9,4.5,4.4,9.7,96156
sldl,29099,29,099,State House District 99 (2024); Missouri,36709,81.4,68.4,9.8,2.9,12.6,138175
sldl,29100,29,100,State House District 100 (2024); Missouri,37434,63.5,73.8,2.8,5.4,8.7,122903
sldl,29101,29,101,State House District 101 (2024); Missouri,38187,73.5,74.7,2.6,3.5,12.9,147631
sldl,29102,29,102,State House District 102 (2024); Missouri,37165,45.8,85.5,4.5,3.7,1.3,115132
sldl,29103,29,103,State House District 103 (2024); Missouri,35382,32.9,80.6,6.5,5.7,3.0,98428
sldl,29104,29,104,State House District 104 (2024); Missouri,37507,39.3,85.0,4.4,2.4,2.7,97853
sldl,29105,29,105,State House District 105 (2024); Missouri,35465,41.9,76.4,7.4,6.6,4.8,75175
sldl,29106,29,106,State House District 106 (2024); Missouri,38853,41.5,79.1,7.1,6.4,2.5,92004
sldl,29107,29,107,State House District 107 (2024); Missouri,37465,53.0,83.1,3.3,2.9,6.9,128703
sldl,29108,29,108,State House District 108 (2024); Missouri,40080,48.8,83.4,5.3,3.7,2.9,128574
sldl,29109,29,109,State House District 109 (2024); Missouri,39729,31.1,91.3,0.6,2.8,0.1,82453
sldl,29110,29,110,State House District 110 (2024); Missouri,37717,69.5,82.8,0.6,4.5,6.3,167125
sldl,29111,29,111,State House District 111 (2024); Missouri,36408,26.5,89.4,0.4,2.7,1.0,91056
sldl,29112,29,112,State House District 112 (2024); Missouri,36711,28.2,90.9,0.9,3.5,0.8,92481
sldl,29113,29,113,State House District 113 (2024); Missouri,39026,23.3,89.0,0.3,2.5,1.3,83244
sldl,29114,29,114,State House District 114 (2024); Missouri,40510,22.8,86.5,2.5,2.4,1.0,75788
sldl,29115,29,115,State House District 115 (2024); Missouri,38798,19.4,88.7,0.3,1.3,0.6,78867
sldl,29116,29,116,State House District 116 (2024); Missouri,38690,18.3,90.2,2.7,2.3,0.3,57151
sldl,29117,29,117,State House District 117 (2024); Missouri,38806,16.5,90.1,2.2,1.8,0.4,57294
sldl,29118,29,118,State House District 118 (2024); Missouri,38427,15.4,87.2,1.3,1.7,0.3,63855
sldl,29119,29,119,State House District 119 (2024); Missouri,39412,19.8,87.5,1.3,2.3,0.7,68215
sldl,29120,29,120,State House District 120 (2024); Missouri,37336,15.0,91.6,0.6,2.3,0.4,57028
sldl,29121,29,121,State House District 121 (2024); Missouri,39317,29.7,62.9,11.3,14.6,2.8,68570
sldl,29122,29,122,State House District 122 (2024); Missouri,38756,33.9,85.0,2.6,3.1,4.1,57401
sldl,29123,29,123,State House District 123 (2024); Missouri,39673,27.3,92.0,0.9,3.7,0.6,66383
sldl,29124,29,124,State House District 124 (2024); Missouri,37758,17.8,89.2,3.3,2.7,0.4,55955
sldl,29125,29,125,State House District 125 (2024); Missouri,38887,16.6,91.8,1.4,2.4,0.6,52336
sldl,29126,29,126,State House District 126 (2024); Missouri,37814,15.9,91.9,0.7,2.7,0.1,54562
sldl,29127,29,127,State House District 127 (2024); Missouri,36805,17.9,89.9,0.3,4.6,0.2,55331
sldl,29128,29,128,State House District 128 (2024); Missouri,38141,20.4,91.4,0.6,2.7,0.8,56110
sldl,29129,29,129,State House District 129 (2024); Missouri,40352,18.4,91.4,1.1,2.1,0.1,71186
sldl,29130,29,130,State House District 130 (2024); Missouri,39837,27.8,86.1,2.2,4.7,1.1,67699
sldl,29131,29,131,State House District 131 (2024); Missouri,37780,31.3,88.7,0.5,3.1,0.5,81841
sldl,29132,29,132,State House District 132 (2024); Missouri,36389,18.7,78.7,6.0,5.4,1.8,34640
sldl,29133,29,133,State House District 133 (2024); Missouri,38519,25.4,80.7,4.9,6.5,1.4,45527
sldl,29134,29,134,State House District 134 (2024); Missouri,37201,42.1,84.9,1.9,5.7,3.6,83264
sldl,29135,29,135,State House District 135 (2024); Missouri,36831,32.4,79.1,4.9,7.9,1.2,48383
sldl,29136,29,136,State House District 136 (2024); Missouri,38415,41.0,83.6,3.2,5.2,3.5,58175
sldl,29137,29,137,State House District 137 (2024); Missouri,38403,45.5,90.1,0.3,2.7,2.4,99638
sldl,29138,29,138,State House District 138 (2024); Missouri,40267,24.0,92.6,0.3,3.1,0.1,67448
sldl,29139,29,139,State House District 139 (2024); Missouri,40560,35.2,90.7,0.7,3.3,1.3,85823
sldl,29140,29,140,State House District 140 (2024); Missouri,40603,33.2,89.2,0.9,4.5,0.5,79330
sldl,29141,29,141,State House District 141 (2024); Missouri,39598,15.9,90.6,0.6,2.6,0.3,53699
sldl,29142,29,142,State House District 142 (2024); Missouri,39906,16.1,92.0,0.4,2.8,0.7,51155
sldl,29143,29,143,State House District 143 (2024); Missouri,40049,17.6,88.7,2.5,2.5,0.2,53504
sldl,29144,29,144,State House District 144 (2024); Missouri,37927,15.6,93.0,0.5,1.2,0.5,52441
sldl,29145,29,145,State House District 145 (2024); Missouri,37547,18.8,93.6,1.0,2.0,0.4,64368
sldl,29146,29,146,State House District 146 (2024); Missouri,38806,31.8,91.5,1.6,2.1,0.8,83168
sldl,29147,29,147,State House District 147 (2024); Missouri,39290,34.8,74.8,13.5,3.8,2.6,54283
sldl,29148,29,148,State House District 148 (2024); Missouri,37933,22.1,80.8,9.1,2.6,0.1,62782
sldl,29149,29,149,State House District 149 (2024); Missouri,36840,13.7,69.0,20.3,1.6,0.4,44498
sldl,29150,29,150,State House District 150 (2024); Missouri,36847,12.9,75.6,6.7,6.7,0.3,48265
sldl,29151,29,151,State House District 151 (2024); Missouri,39587,17.5,92.6,1.4,2.3,0.2,59403
sldl,29152,29,152,State House District 152 (2024); Missouri,38417,16.6,85.5,5.0,2.5,0.5,50061
sldl,29153,29,153,State House District 153 (2024); Missouri,39490,12.4,92.7,0.3,1.6,0.3,47363
sldl,29154,29,154,State House District 154 (2024); Missouri,39304,17.7,91.3,0.5,2.6,0.5,50955
sldl,29155,29,155,State House District 155 (2024); Missouri,39080,19.4,92.4,0.6,2.7,0.2,48851
sldl,29156,29,156,State House District 156 (2024); Missouri,39364,26.9,82.6,2.3,9.5,1.4,60637
sldl,29157,29,157,State House District 157 (2024); Missouri,38593,16.9,86.2,0.3,8.5,0.5,61215
sldl,29158,29,158,State House District 158 (2024); Missouri,39133,14.2,81.6,0.2,9.1,1.8,57424
sldl,29159,29,159,State House District 159 (2024); Missouri,39778,16.7,72.1,1.4,9.7,1.7,60936
sldl,29160,29,160,State House District 160 (2024); Missouri,39941,25.1,80.1,1.1,7.9,1.5,66212
sldl,29161,29,161,State House District 161 (2024); Missouri,37145,21.6,79.3,3.2,7.8,2.2,47158
sldl,29162,29,162,State House District 162 (2024); Missouri,36186,30.3,86.8,1.2,3.9,1.3,71167
sldl,29163,29,163,State House District 163 (2024); Missouri,38838,26.0,73.8,1.0,17.8,0.7,63128
sldl,30001,30,001,State House District 1 (2024); Montana,11477,19.0,90.4,0.1,2.3,0.3,53945
sldl,30002,30,002,State House District 2 (2024); Montana,11701,19.2,89.9,0.1,3.5,0.4,46045
sldl,30003,30,003,State House District 3 (2024); Montana,11349,47.8,93.4,0.3,2.9,0.4,72285
sldl,30004,30,004,State House District 4 (2024); Montana,10582,45.5,91.9,0.0,2.3,0.3,79244
sldl,30005,30,005,State House District 5 (2024); Montana,10826,30.8,93.0,0.4,1.0,0.7,71673
sldl,30006,30,006,State House District 6 (2024); Montana,10500,42.2,85.9,0.2,7.3,1.6,79349
sldl,30007,30,007,State House District 7 (2024); Montana,11553,32.4,90.0,0.2,4.4,1.2,53306
sldl,30008,30,008,State House District 8 (2024); Montana,12370,26.7,91.0,0.0,2.8,0.5,71733
sldl,30009,30,009,State House District 9 (2024); Montana,11482,34.0,89.5,0.0,2.9,1.1,81645
sldl,30010,30,010,State House District 10 (2024); Montana,13219,33.5,86.2,0.5,4.5,1.6,72784
sldl,30011,30,011,State House District 11 (2024); Montana,11246,38.8,92.3,0.4,3.1,0.3,82432
sldl,30012,30,012,State House District 12 (2024); Montana,11732,47.8,82.8,0.2,4.5,0.4,84273
sldl,30013,30,013,State House District 13 (2024); Montana,11206,33.7,73.9,0.2,5.0,0.8,60797
sldl,30014,30,014,State House District 14 (2024); Montana,11269,22.6,90.4,0.3,3.3,0.2,57423
sldl,30015,30,015,State House District 15 (2024); Montana,10592,19.7,34.4,0.2,3.9,0.3,48972
sldl,30016,30,016,State House District 16 (2024); Montana,11042,16.8,35.5,0.2,2.7,0.7,51802
sldl,30017,30,017,State House District 17 (2024); Montana,10681,30.6,91.2,0.2,2.1,0.1,75355
sldl,30018,30,018,State House District 18 (2024); Montana,11888,22.7,85.3,0.7,3.5,1.0,59196
sldl,30019,30,019,State House District 19 (2024); Montana,10872,20.4,75.7,2.0,5.8,1.2,41464
sldl,30020,30,020,State House District 20 (2024); Montana,10700,30.3,85.4,0.2,6.0,0.5,68534
sldl,30021,30,021,State House District 21 (2024); Montana,11169,26.0,89.8,0.9,1.9,0.9,80707
sldl,30022,30,022,State House District 22 (2024); Montana,11012,25.9,68.6,5.1,11.2,2.3,66604
sldl,30023,30,023,State House District 23 (2024); Montana,10527,30.9,80.3,0.9,5.9,1.1,58345
sldl,30024,30,024,State House District 24 (2024); Montana,10625,35.5,85.1,0.3,3.9,0.6,75430
sldl,30025,30,025,State House District 25 (2024); Montana,10472,24.4,86.9,0.3,3.3,0.8,73013
sldl,30026,30,026,State House District 26 (2024); Montana,12250,29.8,89.3,0.3,3.7,0.4,80743
sldl,30027,30,027,State House District 27 (2024); Montana,10614,24.8,74.6,0.4,3.9,0.0,50597
sldl,30028,30,028,State House District 28 (2024); Montana,11405,26.1,89.8,0.1,0.8,0.6,56914
sldl,30029,30,029,State House District 29 (2024); Montana,11151,27.3,87.0,0.3,3.2,0.4,74183
sldl,30030,30,030,State House District 30 (2024); Montana,10557,23.0,85.3,0.3,5.7,0.4,74161
sldl,30031,30,031,State House District 31 (2024); Montana,9892,17.4,23.7,0.0,3.3,0.8,53108
sldl,30032,30,032,State House District 32 (2024); Montana,9195,21.6,25.7,0.4,3.4,0.2,61192
sldl,30033,30,033,State House District 33 (2024); Montana,10708,22.2,91.0,0.1,3.3,0.4,71653
sldl,30034,30,034,State House District 34 (2024); Montana,10952,23.8,90.2,0.1,1.7,0.7,69679
sldl,30035,30,035,State House District 35 (2024); Montana,10642,24.9,84.7,0.0,3.6,1.2,71085
sldl,30036,30,036,State House District 36 (2024); Montana,11005,25.7,89.0,0.0,3.5,0.5,69744
sldl,30037,30,037,State House District 37 (2024); Montana,11066,23.8,92.3,0.6,2.5,0.7,63125
sldl,30038,30,038,State House District 38 (2024); Montana,11824,24.7,89.0,0.1,3.5,0.5,72558
sldl,30039,30,039,State House District 39 (2024); Montana,11347,26.6,85.1,0.2,4.5,0.1,80117
sldl,30040,30,040,State House District 40 (2024); Montana,10606,20.2,84.1,0.0,6.7,0.1,77042
sldl,30041,30,041,State House District 41 (2024); Montana,9837,19.3,28.2,0.4,5.4,0.8,57500
sldl,30042,30,042,State House District 42 (2024); Montana,9969,17.6,40.4,1.6,2.8,0.0,58922
sldl,30043,30,043,State House District 43 (2024); Montana,10283,32.2,83.0,0.2,8.0,0.5,63462
sldl,30044,30,044,State House District 44 (2024); Montana,13580,31.6,85.3,0.1,6.3,0.0,90856
sldl,30045,30,045,State House District 45 (2024); Montana,10564,51.7,80.8,0.7,6.2,0.1,84463
sldl,30046,30,046,State House District 46 (2024); Montana,10611,36.9,76.1,0.8,13.7,2.2,66676
sldl,30047,30,047,State House District 47 (2024); Montana,10465,22.7,70.9,1.4,10.8,2.0,40683
sldl,30048,30,048,State House District 48 (2024); Montana,12575,22.6,74.3,0.1,14.2,0.6,72639
sldl,30049,30,049,State House District 49 (2024); Montana,9843,33.0,83.9,0.3,5.8,0.6,67500
sldl,30050,30,050,State House District 50 (2024); Montana,11399,46.6,89.3,0.2,3.6,0.3,95596
sldl,30051,30,051,State House District 51 (2024); Montana,9753,39.5,90.5,0.0,4.1,1.1,62127
sldl,30052,30,052,State House District 52 (2024); Montana,11889,58.7,91.3,0.3,2.9,1.5,142450
sldl,30053,30,053,State House District 53 (2024); Montana,11447,43.9,83.9,0.8,3.3,0.0,103106
sldl,30054,30,054,State House District 54 (2024); Montana,11256,22.4,84.4,0.3,6.2,1.3,69988
sldl,30055,30,055,State House District 55 (2024); Montana,11116,34.6,90.1,0.3,3.0,0.0,80261
sldl,30056,30,056,State House District 56 (2024); Montana,11097,31.7,92.2,0.1,3.0,0.4,83845
sldl,30057,30,057,State House District 57 (2024); Montana,11431,51.8,88.8,0.3,3.0,0.6,78995
sldl,30058,30,058,State House District 58 (2024); Montana,10793,37.9,92.1,0.0,3.1,0.3,67708
sldl,30059,30,059,State House District 59 (2024); Montana,10593,75.5,93.5,0.2,2.3,1.2,120608
sldl,30060,30,060,State House District 60 (2024); Montana,10391,51.7,83.4,0.5,11.2,0.3,114299
sldl,30061,30,061,State House District 61 (2024); Montana,11711,70.3,80.0,2.2,7.5,4.3,54762
sldl,30062,30,062,State House District 62 (2024); Montana,9909,51.4,87.8,0.4,6.2,0.9,89514
sldl,30063,30,063,State House District 63 (2024); Montana,10611,67.1,83.6,0.5,5.4,2.3,105264
sldl,30064,30,064,State House District 64 (2024); Montana,12600,53.3,88.7,0.1,6.0,1.6,86604
sldl,30065,30,065,State House District 65 (2024); Montana,10927,54.6,86.6,0.0,5.5,0.8,81545
sldl,30066,30,066,State House District 66 (2024); Montana,12541,64.4,88.8,0.6,4.4,0.4,99100
sldl,30067,30,067,State House District 67 (2024); Montana,12176,37.1,85.2,0.3,7.0,0.5,97069
sldl,30068,30,068,State House District 68 (2024); Montana,11730,37.1,93.0,0.0,2.4,0.5,96068
sldl,30069,30,069,State House District 69 (2024); Montana,11747,30.1,91.1,0.0,3.1,0.6,76753
sldl,30070,30,070,State House District 70 (2024); Montana,11254,37.7,89.4,0.4,5.1,0.3,62656
sldl,30071,30,071,State House District 71 (2024); Montana,10993,23.5,88.4,0.3,3.1,0.3,54382
sldl,30072,30,072,State House District 72 (2024); Montana,12098,26.3,93.3,0.1,2.0,0.4,56728
sldl,30073,30,073,State House District 73 (2024); Montana,9840,19.4,86.5,0.1,6.8,0.2,48129
sldl,30074,30,074,State House District 74 (2024); Montana,10752,37.4,87.4,0.0,6.2,0.6,81047
sldl,30075,30,075,State House District 75 (2024); Montana,11494,31.3,90.6,0.0,3.2,0.4,89063
sldl,30076,30,076,State House District 76 (2024); Montana,12236,24.3,88.5,0.3,2.3,1.4,60220
sldl,30077,30,077,State House District 77 (2024); Montana,12245,28.5,91.3,0.1,2.4,0.2,72088
sldl,30078,30,078,State House District 78 (2024); Montana,10917,28.3,90.8,0.7,3.6,0.1,63994
sldl,30079,30,079,State House District 79 (2024); Montana,11418,56.6,89.6,0.2,3.4,0.3,90563
sldl,30080,30,080,State House District 80 (2024); Montana,11170,37.5,88.1,0.5,4.3,0.9,64460
sldl,30081,30,081,State House District 81 (2024); Montana,11709,45.8,85.6,0.3,5.8,0.2,74696
sldl,30082,30,082,State House District 82 (2024); Montana,11342,33.9,88.3,1.8,3.1,0.5,73840
sldl,30083,30,083,State House District 83 (2024); Montana,10751,48.2,87.2,0.5,4.6,0.9,72966
sldl,30084,30,084,State House District 84 (2024); Montana,11766,41.4,92.4,0.1,3.6,0.3,99375
sldl,30085,30,085,State House District 85 (2024); Montana,10629,25.3,90.2,0.2,2.7,0.6,74361
sldl,30086,30,086,State House District 86 (2024); Montana,11787,31.4,94.0,0.0,2.1,0.0,58323
sldl,30087,30,087,State House District 87 (2024); Montana,11025,26.5,86.0,0.2,6.2,0.3,72301
sldl,30088,30,088,State House District 88 (2024); Montana,13286,30.9,84.8,0.7,5.3,1.6,82770
sldl,30089,30,089,State House District 89 (2024); Montana,11595,44.4,87.8,0.2,5.5,1.6,91598
sldl,30090,30,090,State House District 90 (2024); Montana,11293,26.8,90.1,1.1,2.9,0.5,71086
sldl,30091,30,091,State House District 91 (2024); Montana,12013,33.7,59.2,0.3,6.9,1.8,73343
sldl,30092,30,092,State House District 92 (2024); Montana,10394,42.3,81.0,0.4,6.2,0.3,69726
sldl,30093,30,093,State House District 93 (2024); Montana,11805,56.0,88.8,0.0,4.8,1.0,91154
sldl,30094,30,094,State House District 94 (2024); Montana,10313,56.1,85.5,0.0,4.6,0.9,118908
sldl,30095,30,095,State House District 95 (2024); Montana,10753,61.2,86.2,0.1,3.5,0.7,64167
sldl,30096,30,096,State House District 96 (2024); Montana,10759,39.9,85.1,1.6,2.1,2.9,52652
sldl,30097,30,097,State House District 97 (2024); Montana,10815,42.5,87.6,0.1,2.9,2.6,75618
sldl,30098,30,098,State House District 98 (2024); Montana,12151,42.6,84.6,0.1,4.0,2.6,67706
sldl,30099,30,099,State House District 99 (2024); Montana,10563,44.5,86.7,0.2,6.2,1.4,85149
sldl,30100,30,100,State House District 100 (2024); Montana,11559,53.3,81.7,0.9,11.4,1.0,58103
sldl,32001,32,001,Assembly District 1 (2024); Nevada,83145,27.4,34.9,18.6,28.2,9.5,98220
sldl,32002,32,002,Assembly District 2 (2024); Nevada,73355,47.8,55.1,6.4,15.7,15.0,108509
sldl,32003,32,003,Assembly District 3 (2024); Nevada,73022,19.5,32.6,14.8,42.6,4.3,61896
sldl,32004,32,004,Assembly District 4 (2024); Nevada,80114,29.4,46.3,13.0,24.5,7.0,96856
sldl,32005,32,005,Assembly District 5 (2024); Nevada,76888,32.6,43.7,12.2,20.3,15.8,75608
sldl,32006,32,006,Assembly District 6 (2024); Nevada,71704,8.3,9.2,23.1,59.1,2.8,44439
sldl,32007,32,007,Assembly District 7 (2024); Nevada,75404,16.1,21.4,23.5,43.7,4.6,74696
sldl,32008,32,008,Assembly District 8 (2024); Nevada,80064,36.2,28.1,12.5,18.1,31.5,96587
sldl,32009,32,009,Assembly District 9 (2024); Nevada,77020,40.4,40.2,10.7,15.6,23.8,96815
sldl,32010,32,010,Assembly District 10 (2024); Nevada,75516,19.4,29.2,12.2,43.1,8.1,58327
sldl,32011,32,011,Assembly District 11 (2024); Nevada,69136,9.0,13.9,11.2,66.6,4.3,44167
sldl,32012,32,012,Assembly District 12 (2024); Nevada,74452,24.4,31.5,7.6,45.8,9.6,87032
sldl,32013,32,013,Assembly District 13 (2024); Nevada,77523,35.6,55.0,9.4,18.6,6.8,102909
sldl,32014,32,014,Assembly District 14 (2024); Nevada,74749,11.5,18.8,9.5,63.2,3.7,50110
sldl,32015,32,015,Assembly District 15 (2024); Nevada,66186,22.2,26.4,15.4,40.6,10.0,43411
sldl,32016,32,016,Assembly District 16 (2024); Nevada,76571,24.5,34.2,14.7,29.7,12.2,60208
sldl,32017,32,017,Assembly District 17 (2024); Nevada,81689,19.8,26.9,24.4,34.2,7.1,84691
sldl,32018,32,018,Assembly District 18 (2024); Nevada,70305,19.0,26.8,12.3,44.6,8.8,67806
sldl,32019,32,019,Assembly District 19 (2024); Nevada,76623,24.1,66.5,3.2,20.5,3.2,88907
sldl,32020,32,020,Assembly District 20 (2024); Nevada,74008,20.6,32.2,10.0,43.8,6.8,56383
sldl,32021,32,021,Assembly District 21 (2024); Nevada,75659,36.8,52.4,5.8,19.5,10.8,87455
sldl,32022,32,022,Assembly District 22 (2024); Nevada,81852,35.9,60.8,4.4,18.5,8.4,85934
sldl,32023,32,023,Assembly District 23 (2024); Nevada,77873,43.0,65.7,3.9,11.3,11.1,93523
sldl,32024,32,024,Assembly District 24 (2024); Nevada,71510,27.1,48.3,3.7,34.7,6.6,54516
sldl,32025,32,025,Assembly District 25 (2024); Nevada,71531,45.5,64.6,2.5,20.1,5.8,93708
sldl,32026,32,026,Assembly District 26 (2024); Nevada,76889,53.6,68.8,1.7,13.6,7.5,130192
sldl,32027,32,027,Assembly District 27 (2024); Nevada,76670,24.4,53.0,2.3,32.7,3.8,80530
sldl,32028,32,028,Assembly District 28 (2024); Nevada,70795,7.1,15.4,13.2,63.9,2.3,49812
sldl,32029,32,029,Assembly District 29 (2024); Nevada,76248,30.1,50.6,11.0,21.3,9.1,77595
sldl,32030,32,030,Assembly District 30 (2024); Nevada,69627,20.3,42.3,3.0,41.4,6.8,70587
sldl,32031,32,031,Assembly District 31 (2024); Nevada,74285,34.0,66.2,1.3,20.2,5.2,112378
sldl,32032,32,032,Assembly District 32 (2024); Nevada,75532,23.8,63.6,1.8,23.3,2.5,88012
sldl,32033,32,033,Assembly District 33 (2024); Nevada,76471,16.5,64.6,1.5,23.6,1.2,75620
sldl,32034,32,034,Assembly District 34 (2024); Nevada,78129,27.0,37.5,7.7,40.3,8.1,73952
sldl,32035,32,035,Assembly District 35 (2024); Nevada,81573,40.9,44.8,7.7,16.7,21.4,113318
sldl,32036,32,036,Assembly District 36 (2024); Nevada,91075,27.6,60.5,5.9,17.4,6.3,88326
sldl,32037,32,037,Assembly District 37 (2024); Nevada,76495,34.3,55.8,9.5,18.8,7.9,80922
sldl,32038,32,038,Assembly District 38 (2024); Nevada,74522,16.4,68.8,2.0,17.8,1.6,73821
sldl,32039,32,039,Assembly District 39 (2024); Nevada,72545,27.5,76.1,0.6,14.9,2.0,89740
sldl,32040,32,040,Assembly District 40 (2024); Nevada,73981,26.3,66.1,1.6,22.6,2.3,77865
sldl,32041,32,041,Assembly District 41 (2024); Nevada,78774,31.2,37.8,9.4,23.3,17.7,86797
sldl,32042,32,042,Assembly District 42 (2024); Nevada,75102,28.6,34.5,11.7,26.8,20.0,71898
sldl,33001,33,001,State House District Belknap 01 (2024); New Hampshire,3464,36.2,92.9,0.5,1.3,1.2,102768
sldl,33002,33,002,State House District Belknap 02 (2024); New Hampshire,6758,45.9,96.3,0.3,0.6,1.5,87019
sldl,33003,33,003,State House District Belknap 03 (2024); New Hampshire,7116,34.5,93.0,1.1,0.9,1.2,82341
sldl,33004,33,004,State House District Belknap 04 (2024); New Hampshire,7392,19.1,94.7,0.0,3.2,0.1,69063
sldl,33005,33,005,State House District Belknap 05 (2024); New Hampshire,14232,28.1,91.4,0.3,3.4,1.2,77514
sldl,33006,33,006,State House District Belknap 06 (2024); New Hampshire,14709,38.9,89.4,0.7,3.3,2.0,102432
sldl,33007,33,007,State House District Belknap 07 (2024); New Hampshire,10988,33.7,95.0,0.3,1.0,0.3,112423
sldl,33101,33,101,State House District Carroll 01 (2024); New Hampshire,10141,37.9,94.6,0.0,0.1,2.4,64385
sldl,33102,33,102,State House District Carroll 02 (2024); New Hampshire,7433,47.7,95.2,0.4,1.0,0.2,83383
sldl,33103,33,103,State House District Carroll 03 (2024); New Hampshire,10690,42.5,92.4,0.4,4.2,0.2,91549
sldl,33104,33,104,State House District Carroll 04 (2024); New Hampshire,9879,29.4,96.3,0.0,1.1,0.4,89128
sldl,33105,33,105,State House District Carroll 05 (2024); New Hampshire,4521,24.8,89.1,5.2,0.0,2.1,90521
sldl,33106,33,106,State House District Carroll 06 (2024); New Hampshire,9140,43.0,93.8,0.0,2.9,0.2,95965
sldl,33201,33,201,State House District Cheshire 01 (2024); New Hampshire,4582,37.8,88.1,1.6,3.7,0.6,63171
sldl,33202,33,202,State House District Cheshire 02 (2024); New Hampshire,3982,40.7,90.1,0.0,4.3,0.0,77827
sldl,33203,33,203,State House District Cheshire 03 (2024); New Hampshire,4514,53.2,91.3,4.1,0.2,1.8,94766
sldl,33204,33,204,State House District Cheshire 04 (2024); New Hampshire,4710,47.2,88.5,2.7,0.8,1.1,75278
sldl,33205,33,205,State House District Cheshire 05 (2024); New Hampshire,4742,32.6,88.0,0.0,3.5,0.0,88068
sldl,33206,33,206,State House District Cheshire 06 (2024); New Hampshire,9856,32.3,95.4,0.0,1.0,1.1,82074
sldl,33207,33,207,State House District Cheshire 07 (2024); New Hampshire,5151,40.4,98.0,0.0,0.8,0.0,80411
sldl,33208,33,208,State House District Cheshire 08 (2024); New Hampshire,4726,43.3,93.1,0.4,1.4,1.0,84261
sldl,33209,33,209,State House District Cheshire 09 (2024); New Hampshire,4194,29.2,95.3,0.4,1.4,0.5,82317
sldl,33210,33,210,State House District Cheshire 10 (2024); New Hampshire,8712,30.5,89.4,0.1,5.1,1.5,82152
sldl,33211,33,211,State House District Cheshire 11 (2024); New Hampshire,4212,20.3,92.5,0.0,2.4,0.0,67723
sldl,33212,33,212,State House District Cheshire 12 (2024); New Hampshire,4283,32.6,93.3,0.0,4.9,0.3,95000
sldl,33213,33,213,State House District Cheshire 13 (2024); New Hampshire,7136,34.6,93.0,0.7,0.9,0.9,96716
sldl,33214,33,214,State House District Cheshire 14 (2024); New Hampshire,6497,31.8,83.3,0.9,5.8,2.0,102679
sldl,33301,33,301,State House District Coos 01 (2024); New Hampshire,6897,23.6,93.5,0.0,1.4,0.2,58326
sldl,33302,33,302,State House District Coos 02 (2024); New Hampshire,3461,16.5,96.5,0.1,1.6,0.1,67063
sldl,33303,33,303,State House District Coos 03 (2024); New Hampshire,3631,13.5,95.5,0.8,1.3,0.0,53625
sldl,33304,33,304,State House District Coos 04 (2024); New Hampshire,4188,28.6,97.3,0.0,1.6,0.0,66203
sldl,33305,33,305,State House District Coos 05 (2024); New Hampshire,9383,14.1,83.8,6.3,4.7,0.1,45180
sldl,33306,33,306,State House District Coos 06 (2024); New Hampshire,3711,28.7,96.1,0.0,0.8,0.6,66065
sldl,33401,33,401,State House District Grafton 01 (2024); New Hampshire,10628,29.1,93.7,0.0,3.1,0.2,67617
sldl,33402,33,402,State House District Grafton 02 (2024); New Hampshire,3597,48.7,93.6,0.3,0.9,0.4,85306
sldl,33403,33,403,State House District Grafton 03 (2024); New Hampshire,3031,42.2,88.3,0.6,3.6,6.3,85435
sldl,33404,33,404,State House District Grafton 04 (2024); New Hampshire,3140,48.5,94.3,0.0,1.8,0.8,90970
sldl,33405,33,405,State House District Grafton 05 (2024); New Hampshire,7227,27.9,91.9,0.3,2.6,0.9,77794
sldl,33406,33,406,State House District Grafton 06 (2024); New Hampshire,3810,40.6,89.6,0.4,5.5,1.1,90491
sldl,33407,33,407,State House District Grafton 07 (2024); New Hampshire,3407,51.2,91.1,6.7,0.0,0.0,118870
sldl,33408,33,408,State House District Grafton 08 (2024); New Hampshire,10701,49.8,87.4,2.0,3.1,1.0,72127
sldl,33409,33,409,State House District Grafton 09 (2024); New Hampshire,4541,29.5,91.6,0.0,0.1,0.4,81708
sldl,33410,33,410,State House District Grafton 10 (2024); New Hampshire,4442,34.7,87.9,0.0,2.1,3.5,79965
sldl,33411,33,411,State House District Grafton 11 (2024); New Hampshire,4727,30.1,89.2,0.4,4.5,0.8,88469
sldl,33412,33,412,State House District Grafton 12 (2024); New Hampshire,13395,85.0,73.9,2.4,4.8,11.4,164539
sldl,33413,33,413,State House District Grafton 13 (2024); New Hampshire,4082,56.6,83.6,0.0,0.0,8.8,92069
sldl,33414,33,414,State House District Grafton 14 (2024); New Hampshire,5274,59.9,91.2,0.6,1.6,3.1,85786
sldl,33415,33,415,State House District Grafton 15 (2024); New Hampshire,5643,56.0,78.5,1.2,6.6,8.7,109817
sldl,33416,33,416,State House District Grafton 16 (2024); New Hampshire,4475,43.0,96.9,1.1,0.1,0.0,95474
sldl,33501,33,501,State House District Hillsborough 01 (2024); New Hampshire,14449,40.0,88.9,1.2,3.8,2.7,135956
sldl,33502,33,502,State House District Hillsborough 02 (2024); New Hampshire,23746,63.0,81.3,0.6,5.4,7.8,167418
sldl,33503,33,503,State House District Hillsborough 03 (2024); New Hampshire,10593,23.6,61.0,4.7,22.4,3.4,59738
sldl,33504,33,504,State House District Hillsborough 04 (2024); New Hampshire,10043,44.5,71.4,3.1,12.7,5.3,102390
sldl,33505,33,505,State House District Hillsborough 05 (2024); New Hampshire,9823,46.3,78.2,5.8,8.4,4.1,117642
sldl,33506,33,506,State House District Hillsborough 06 (2024); New Hampshire,9369,37.3,66.7,1.2,23.0,4.0,82010
sldl,33507,33,507,State House District Hillsborough 07 (2024); New Hampshire,9769,35.3,69.0,1.9,20.0,6.4,66548
sldl,33508,33,508,State House District Hillsborough 08 (2024); New Hampshire,10456,29.7,68.8,2.3,24.2,2.2,94535
sldl,33509,33,509,State House District Hillsborough 09 (2024); New Hampshire,10917,44.9,67.1,4.0,11.0,14.9,103267
sldl,33510,33,510,State House District Hillsborough 10 (2024); New Hampshire,10439,49.4,77.1,1.1,6.5,10.3,118081
sldl,33511,33,511,State House District Hillsborough 11 (2024); New Hampshire,9885,59.1,66.5,0.8,4.9,23.7,99554
sldl,33512,33,512,State House District Hillsborough 12 (2024); New Hampshire,28164,50.2,86.8,0.6,3.8,4.8,127219
sldl,33513,33,513,State House District Hillsborough 13 (2024); New Hampshire,25557,34.2,87.3,2.4,2.4,2.3,124213
sldl,33514,33,514,State House District Hillsborough 14 (2024); New Hampshire,8499,46.7,93.7,0.3,2.9,0.6,162036
sldl,33515,33,515,State House District Hillsborough 15 (2024); New Hampshire,10273,30.7,76.2,0.9,16.1,5.2,113163
sldl,33516,33,516,State House District Hillsborough 16 (2024); New Hampshire,8418,37.8,86.0,0.6,4.4,1.8,103099
sldl,33517,33,517,State House District Hillsborough 17 (2024); New Hampshire,9134,47.3,83.7,3.0,6.7,2.6,95618
sldl,33518,33,518,State House District Hillsborough 18 (2024); New Hampshire,10442,47.0,76.9,5.0,7.2,6.3,79167
sldl,33519,33,519,State House District Hillsborough 19 (2024); New Hampshire,9566,28.5,74.9,4.3,13.5,3.5,66667
sldl,33520,33,520,State House District Hillsborough 20 (2024); New Hampshire,9024,23.2,71.6,5.2,16.1,2.5,81932
sldl,33521,33,521,State House District Hillsborough 21 (2024); New Hampshire,10017,58.3,87.3,1.8,3.6,2.4,118324
sldl,33522,33,522,State House District Hillsborough 22 (2024); New Hampshire,9518,26.2,66.1,6.9,11.8,2.6,74674
sldl,33523,33,523,State House District Hillsborough 23 (2024); New Hampshire,9497,37.2,58.7,9.7,18.4,8.6,69980
sldl,33524,33,524,State House District Hillsborough 24 (2024); New Hampshire,9864,29.2,64.0,4.8,19.4,2.4,60536
sldl,33525,33,525,State House District Hillsborough 25 (2024); New Hampshire,9966,17.7,55.4,3.9,30.4,6.8,52552
sldl,33526,33,526,State House District Hillsborough 26 (2024); New Hampshire,9924,24.0,68.5,4.3,16.4,4.3,71488
sldl,33527,33,527,State House District Hillsborough 27 (2024); New Hampshire,3336,39.9,93.6,0.6,2.3,0.5,103194
sldl,33528,33,528,State House District Hillsborough 28 (2024); New Hampshire,9170,41.2,93.4,0.8,2.2,0.8,118271
sldl,33529,33,529,State House District Hillsborough 29 (2024); New Hampshire,18513,42.8,88.3,0.8,2.4,2.8,113958
sldl,33530,33,530,State House District Hillsborough 30 (2024); New Hampshire,10514,27.1,90.9,0.4,4.5,0.2,85109
sldl,33531,33,531,State House District Hillsborough 31 (2024); New Hampshire,3521,40.5,90.6,1.2,2.8,0.5,97413
sldl,33532,33,532,State House District Hillsborough 32 (2024); New Hampshire,10633,34.7,91.8,0.0,3.6,0.6,110320
sldl,33533,33,533,State House District Hillsborough 33 (2024); New Hampshire,6850,60.9,94.9,0.6,2.2,0.7,98708
sldl,33534,33,534,State House District Hillsborough 34 (2024); New Hampshire,11861,65.7,92.7,0.0,3.7,0.8,153196
sldl,33535,33,535,State House District Hillsborough 35 (2024); New Hampshire,8603,57.3,85.0,5.0,0.3,3.2,168883
sldl,33536,33,536,State House District Hillsborough 36 (2024); New Hampshire,9271,44.3,90.2,0.3,4.0,1.8,140772
sldl,33542,33,542,State House District Hillsborough 42 (2024); New Hampshire,10417,45.2,93.6,0.1,1.4,0.4,148932
sldl,33543,33,543,State House District Hillsborough 43 (2024); New Hampshire,16337,37.2,85.3,0.9,2.8,2.6,97768
sldl,33601,33,601,State House District Merrimack 01 (2024); New Hampshire,4044,20.5,92.3,0.3,4.2,2.1,77328
sldl,33602,33,602,State House District Merrimack 02 (2024); New Hampshire,4971,23.7,92.9,0.5,1.5,0.1,92917
sldl,33603,33,603,State House District Merrimack 03 (2024); New Hampshire,8799,19.1,94.6,0.3,0.2,0.3,71648
sldl,33604,33,604,State House District Merrimack 04 (2024); New Hampshire,8045,35.0,93.8,0.2,3.1,0.2,110417
sldl,33605,33,605,State House District Merrimack 05 (2024); New Hampshire,8330,29.3,94.2,0.9,1.7,0.3,95466
sldl,33606,33,606,State House District Merrimack 06 (2024); New Hampshire,3726,50.5,91.3,0.1,1.9,2.1,122857
sldl,33607,33,607,State House District Merrimack 07 (2024); New Hampshire,6460,61.2,91.2,0.9,2.1,2.4,109621
sldl,33608,33,608,State House District Merrimack 08 (2024); New Hampshire,10721,41.2,92.2,0.5,3.6,0.3,95817
sldl,33609,33,609,State House District Merrimack 09 (2024); New Hampshire,14372,59.4,93.0,0.3,1.6,0.4,157188
sldl,33610,33,610,State House District Merrimack 10 (2024); New Hampshire,18154,39.6,89.0,0.7,2.2,2.3,118750
sldl,33611,33,611,State House District Merrimack 11 (2024); New Hampshire,4743,19.7,78.7,7.4,7.4,1.4,72500
sldl,33612,33,612,State House District Merrimack 12 (2024); New Hampshire,7438,32.2,95.3,0.5,2.9,0.4,89519
sldl,33613,33,613,State House District Merrimack 13 (2024); New Hampshire,6850,28.5,94.0,0.2,1.2,0.2,86759
sldl,33614,33,614,State House District Merrimack 14 (2024); New Hampshire,4939,40.6,93.3,0.0,2.1,0.9,97941
sldl,33615,33,615,State House District Merrimack 15 (2024); New Hampshire,4923,32.6,91.8,0.0,2.3,1.6,81806
sldl,33616,33,616,State House District Merrimack 16 (2024); New Hampshire,4395,32.9,89.2,1.3,3.4,3.2,78870
sldl,33617,33,617,State House District Merrimack 17 (2024); New Hampshire,3659,28.6,75.6,5.1,10.7,1.2,87893
sldl,33618,33,618,State House District Merrimack 18 (2024); New Hampshire,5074,41.9,86.1,2.0,3.3,2.0,83014
sldl,33619,33,619,State House District Merrimack 19 (2024); New Hampshire,4032,66.8,88.2,2.0,5.3,1.6,126375
sldl,33620,33,620,State House District Merrimack 20 (2024); New Hampshire,4316,27.1,86.2,4.9,2.5,1.0,66939
sldl,33621,33,621,State House District Merrimack 21 (2024); New Hampshire,4416,50.6,89.4,0.7,2.1,3.0,117222
sldl,33622,33,622,State House District Merrimack 22 (2024); New Hampshire,4180,41.1,88.3,0.1,1.7,6.1,71350
sldl,33623,33,623,State House District Merrimack 23 (2024); New Hampshire,4465,33.8,63.6,21.5,4.8,8.1,61354
sldl,33624,33,624,State House District Merrimack 24 (2024); New Hampshire,4915,65.6,93.6,0.0,2.6,1.7,151536
sldl,33701,33,701,State House District Rockingham 01 (2024); New Hampshire,10045,39.9,90.7,0.1,2.9,0.4,127083
sldl,33702,33,702,State House District Rockingham 02 (2024); New Hampshire,15185,44.6,90.6,0.5,4.0,1.0,139628
sldl,33703,33,703,State House District Rockingham 03 (2024); New Hampshire,5300,41.1,92.6,0.1,2.4,1.4,142212
sldl,33704,33,704,State House District Rockingham 04 (2024); New Hampshire,10900,26.4,85.4,3.4,4.3,0.8,104597
sldl,33705,33,705,State House District Rockingham 05 (2024); New Hampshire,7430,37.0,93.5,0.8,1.5,0.0,104220
sldl,33706,33,706,State House District Rockingham 06 (2024); New Hampshire,4641,49.0,93.2,0.2,1.4,1.4,165509
sldl,33707,33,707,State House District Rockingham 07 (2024); New Hampshire,4831,32.3,90.2,0.0,2.8,0.8,120781
sldl,33708,33,708,State House District Rockingham 08 (2024); New Hampshire,4531,36.6,93.8,0.0,0.0,1.7,115104
sldl,33709,33,709,State House District Rockingham 09 (2024); New Hampshire,6628,34.1,94.3,0.4,1.2,0.5,135040
sldl,33710,33,710,State House District Rockingham 10 (2024); New Hampshire,11486,52.8,91.6,0.6,1.5,1.2,110542
sldl,33711,33,711,State House District Rockingham 11 (2024); New Hampshire,16151,59.2,91.2,0.7,2.6,3.2,110346
sldl,33712,33,712,State House District Rockingham 12 (2024); New Hampshire,7754,69.9,93.6,0.0,2.0,1.9,151998
sldl,33713,33,713,State House District Rockingham 13 (2024); New Hampshire,34116,37.4,88.6,1.0,4.7,2.0,108944
sldl,33714,33,714,State House District Rockingham 14 (2024); New Hampshire,8586,38.1,94.5,0.3,1.5,0.4,106680
sldl,33715,33,715,State House District Rockingham 15 (2024); New Hampshire,9102,44.9,91.7,0.6,1.5,0.1,112348
sldl,33716,33,716,State House District Rockingham 16 (2024); New Hampshire,26685,47.6,91.5,0.3,4.6,1.4,132556
sldl,33717,33,717,State House District Rockingham 17 (2024); New Hampshire,16038,62.7,84.5,0.0,4.7,5.2,189583
sldl,33718,33,718,State House District Rockingham 18 (2024); New Hampshire,7267,42.7,91.5,0.0,3.1,3.1,146380
sldl,33719,33,719,State House District Rockingham 19 (2024); New Hampshire,4337,51.7,84.7,0.2,4.2,3.4,165774
sldl,33720,33,720,State House District Rockingham 20 (2024); New Hampshire,13681,37.1,85.2,1.6,6.1,0.5,122110
sldl,33721,33,721,State House District Rockingham 21 (2024); New Hampshire,5055,63.3,86.3,0.3,2.3,4.6,117934
sldl,33722,33,722,State House District Rockingham 22 (2024); New Hampshire,5050,65.0,91.5,0.1,3.2,1.2,98241
sldl,33723,33,723,State House District Rockingham 23 (2024); New Hampshire,4543,54.5,84.4,0.3,5.0,1.5,146458
sldl,33724,33,724,State House District Rockingham 24 (2024); New Hampshire,9717,60.7,95.9,0.5,0.6,1.5,157575
sldl,33725,33,725,State House District Rockingham 25 (2024); New Hampshire,30964,38.7,84.7,1.1,6.9,3.5,110490
sldl,33726,33,726,State House District Rockingham 26 (2024); New Hampshire,5320,62.3,81.4,0.0,4.6,6.2,108445
sldl,33727,33,727,State House District Rockingham 27 (2024); New Hampshire,4202,60.1,86.9,0.3,3.3,6.2,102569
sldl,33728,33,728,State House District Rockingham 28 (2024); New Hampshire,4684,69.2,87.1,0.7,4.4,1.2,108590
sldl,33729,33,729,State House District Rockingham 29 (2024); New Hampshire,16426,42.8,94.7,0.4,1.8,0.9,95233
sldl,33730,33,730,State House District Rockingham 30 (2024); New Hampshire,8427,27.5,87.3,1.1,4.7,1.0,84349
sldl,33801,33,801,State House District Strafford 01 (2024); New Hampshire,6795,16.3,92.4,1.1,0.6,1.1,66943
sldl,33802,33,802,State House District Strafford 02 (2024); New Hampshire,10653,24.7,93.5,0.6,0.8,1.1,86351
sldl,33803,33,803,State House District Strafford 03 (2024); New Hampshire,4343,30.7,95.3,0.0,1.1,0.6,100551
sldl,33804,33,804,State House District Strafford 04 (2024); New Hampshire,13795,41.6,86.8,2.1,2.8,1.3,117672
sldl,33805,33,805,State House District Strafford 05 (2024); New Hampshire,4984,25.7,92.8,1.6,1.3,1.9,78179
sldl,33806,33,806,State House District Strafford 06 (2024); New Hampshire,5061,29.6,94.8,0.0,4.8,0.0,93500
sldl,33807,33,807,State House District Strafford 07 (2024); New Hampshire,6033,27.9,91.6,0.0,2.4,2.2,80601
sldl,33808,33,808,State House District Strafford 08 (2024); New Hampshire,5285,32.0,87.9,2.5,2.2,0.3,81224
sldl,33809,33,809,State House District Strafford 09 (2024); New Hampshire,5666,20.8,87.5,1.3,2.0,3.1,61395
sldl,33810,33,810,State House District Strafford 10 (2024); New Hampshire,15080,75.4,85.8,0.4,4.4,4.0,124056
sldl,33811,33,811,State House District Strafford 11 (2024); New Hampshire,12010,51.9,85.3,0.4,3.7,4.9,115683
sldl,33812,33,812,State House District Strafford 12 (2024); New Hampshire,14737,33.1,83.7,2.0,5.4,2.1,80287
sldl,33813,33,813,State House District Strafford 13 (2024); New Hampshire,5460,48.0,87.7,1.4,6.2,4.2,123500
sldl,33814,33,814,State House District Strafford 14 (2024); New Hampshire,5616,60.1,74.9,0.0,6.9,6.1,80404
sldl,33815,33,815,State House District Strafford 15 (2024); New Hampshire,5944,54.5,83.3,2.4,2.1,3.6,84917
sldl,33816,33,816,State House District Strafford 16 (2024); New Hampshire,5709,49.4,90.2,1.6,1.9,2.9,121219
sldl,33817,33,817,State House District Strafford 17 (2024); New Hampshire,5404,47.8,86.1,1.5,2.6,6.3,77344
sldl,33901,33,901,State House District Sullivan 01 (2024); New Hampshire,3465,59.6,97.5,0.0,1.0,0.0,106403
sldl,33902,33,902,State House District Sullivan 02 (2024); New Hampshire,4338,43.9,87.9,0.3,0.4,1.6,103317
sldl,33903,33,903,State House District Sullivan 03 (2024); New Hampshire,12639,21.8,92.2,0.2,1.0,0.0,68845
sldl,33904,33,904,State House District Sullivan 04 (2024); New Hampshire,4859,27.4,94.1,0.8,0.8,0.7,85669
sldl,33905,33,905,State House District Sullivan 05 (2024); New Hampshire,4538,47.3,92.6,0.0,3.1,0.0,101310
sldl,33906,33,906,State House District Sullivan 06 (2024); New Hampshire,13876,21.7,89.1,1.7,4.0,0.2,60357
sldl,34001,34,001,Assembly District 01 (2024); New Jersey,235532,27.4,57.8,11.1,25.5,1.0,76889
sldl,34002,34,002,Assembly District 02 (2024); New Jersey,232900,32.7,51.4,13.7,20.4,8.9,76942
sldl,34003,34,003,Assembly District 03 (2024); New Jersey,239221,34.8,73.0,11.1,9.2,2.8,97135
sldl,34004,34,004,Assembly District 04 (2024); New Jersey,235057,33.2,66.2,15.7,10.0,3.2,102379
sldl,34005,34,005,Assembly District 05 (2024); New Jersey,236595,26.3,42.8,20.2,29.3,3.7,73525
sldl,34006,34,006,Assembly District 06 (2024); New Jersey,237928,46.3,62.9,11.3,12.2,8.7,96482
sldl,34007,34,007,Assembly District 07 (2024); New Jersey,233789,42.9,55.5,22.1,9.3,6.1,107272
sldl,34008,34,008,Assembly District 08 (2024); New Jersey,232774,41.7,69.8,9.7,10.3,4.9,112323
sldl,34009,34,009,Assembly District 09 (2024); New Jersey,235632,30.3,83.7,2.4,9.0,1.8,82905
sldl,34010,34,010,Assembly District 10 (2024); New Jersey,231570,41.6,78.9,3.5,11.6,2.5,107017
sldl,34011,34,011,Assembly District 11 (2024); New Jersey,230350,47.1,61.9,11.1,17.5,4.2,103426
sldl,34012,34,012,Assembly District 12 (2024); New Jersey,228411,42.9,69.8,5.5,13.3,7.5,119209
sldl,34013,34,013,Assembly District 13 (2024); New Jersey,230346,53.1,75.5,2.6,10.0,7.5,138301
sldl,34014,34,014,Assembly District 14 (2024); New Jersey,227110,48.0,52.2,8.0,17.0,19.4,110343
sldl,34015,34,015,Assembly District 15 (2024); New Jersey,232709,45.8,38.3,22.6,24.4,11.1,95296
sldl,34016,34,016,Assembly District 16 (2024); New Jersey,229368,67.9,57.7,4.1,8.9,24.9,160259
sldl,34017,34,017,Assembly District 17 (2024); New Jersey,235791,45.1,27.0,19.1,28.7,21.5,112737
sldl,34018,34,018,Assembly District 18 (2024); New Jersey,236030,55.6,39.6,7.3,13.3,35.2,128696
sldl,34019,34,019,Assembly District 19 (2024); New Jersey,241533,32.8,30.9,11.1,38.2,16.5,94206
sldl,34020,34,020,Assembly District 20 (2024); New Jersey,229420,24.0,17.5,22.7,51.0,4.0,81474
sldl,34021,34,021,Assembly District 21 (2024); New Jersey,231039,67.6,67.7,3.0,12.1,12.9,177704
sldl,34022,34,022,Assembly District 22 (2024); New Jersey,240256,37.4,37.0,20.2,33.6,4.9,104113
sldl,34023,34,023,Assembly District 23 (2024); New Jersey,240856,44.6,66.9,4.8,15.7,8.3,112625
sldl,34024,34,024,Assembly District 24 (2024); New Jersey,240314,45.3,76.8,2.9,12.5,3.4,121534
sldl,34025,34,025,Assembly District 25 (2024); New Jersey,240101,53.1,65.6,2.8,22.2,4.7,134102
sldl,34026,34,026,Assembly District 26 (2024); New Jersey,228053,57.4,66.0,2.7,10.7,16.5,131880
sldl,34027,34,027,Assembly District 27 (2024); New Jersey,238170,55.7,48.6,10.6,22.5,13.5,134325
sldl,34028,34,028,Assembly District 28 (2024); New Jersey,228136,31.1,13.6,64.4,14.8,2.1,67178
sldl,34029,34,029,Assembly District 29 (2024); New Jersey,232211,23.0,13.5,26.8,47.8,3.8,57649
sldl,34030,34,030,Assembly District 30 (2024); New Jersey,230453,42.5,81.6,2.3,11.4,1.5,96795
sldl,34031,34,031,Assembly District 31 (2024); New Jersey,240686,37.1,25.5,23.6,34.4,11.0,77202
sldl,34032,34,032,Assembly District 32 (2024); New Jersey,224227,70.7,39.7,5.4,19.9,29.9,133446
sldl,34033,34,033,Assembly District 33 (2024); New Jersey,230544,38.5,17.2,3.2,67.4,9.7,80427
sldl,34034,34,034,Assembly District 34 (2024); New Jersey,234184,36.1,24.8,36.0,27.0,5.9,82306
sldl,34035,34,035,Assembly District 35 (2024); New Jersey,237007,18.5,19.2,17.5,56.8,4.6,66602
sldl,34036,34,036,Assembly District 36 (2024); New Jersey,233755,38.3,38.4,4.2,43.0,11.1,87907
sldl,34037,34,037,Assembly District 37 (2024); New Jersey,230540,53.2,32.3,11.7,27.4,24.5,109526
sldl,34038,34,038,Assembly District 38 (2024); New Jersey,225709,49.2,52.3,4.4,22.9,17.0,127347
sldl,34039,34,039,Assembly District 39 (2024); New Jersey,233677,62.8,67.7,1.8,11.9,14.6,166577
sldl,34040,34,040,Assembly District 40 (2024); New Jersey,231825,60.4,70.5,2.8,14.6,8.2,147402
sldl,35001,35,001,State House District 1 (2024); New Mexico,29889,24.2,49.7,0.6,22.4,0.5,75451
sldl,35002,35,002,State House District 2 (2024); New Mexico,27508,21.0,40.6,0.6,22.1,1.1,54105
sldl,35003,35,003,State House District 3 (2024); New Mexico,27115,16.8,53.5,1.0,28.8,0.5,53786
sldl,35004,35,004,State House District 4 (2024); New Mexico,27341,14.3,11.4,0.2,11.8,1.0,48179
sldl,35005,35,005,State House District 5 (2024); New Mexico,27347,12.1,7.8,0.4,8.8,0.7,41149
sldl,35006,35,006,State House District 6 (2024); New Mexico,28105,12.3,14.5,0.2,18.9,1.0,46990
sldl,35007,35,007,State House District 7 (2024); New Mexico,31266,13.0,23.6,1.1,70.6,0.6,53482
sldl,35008,35,008,State House District 8 (2024); New Mexico,31751,27.4,36.0,0.9,54.6,1.2,70935
sldl,35009,35,009,State House District 9 (2024); New Mexico,27846,16.5,8.9,0.8,19.8,2.4,53856
sldl,35010,35,010,State House District 10 (2024); New Mexico,30318,20.6,22.2,1.3,72.1,0.3,65980
sldl,35011,35,011,State House District 11 (2024); New Mexico,29112,43.5,35.1,4.0,52.6,0.8,54004
sldl,35012,35,012,State House District 12 (2024); New Mexico,31425,8.6,10.1,1.2,86.6,0.3,54938
sldl,35013,35,013,State House District 13 (2024); New Mexico,29348,15.2,11.9,2.5,76.0,1.2,66218
sldl,35014,35,014,State House District 14 (2024); New Mexico,28461,25.8,15.3,2.6,74.9,0.5,52207
sldl,35015,35,015,State House District 15 (2024); New Mexico,30476,42.9,39.4,0.7,52.0,2.2,66521
sldl,35016,35,016,State House District 16 (2024); New Mexico,30964,30.2,28.4,2.5,59.5,1.0,72225
sldl,35017,35,017,State House District 17 (2024); New Mexico,31185,41.9,37.9,2.4,47.7,3.2,85933
sldl,35018,35,018,State House District 18 (2024); New Mexico,29909,55.8,47.2,3.9,35.3,3.0,50799
sldl,35019,35,019,State House District 19 (2024); New Mexico,30345,29.0,26.8,5.1,53.6,3.4,37407
sldl,35020,35,020,State House District 20 (2024); New Mexico,30523,45.9,52.3,2.8,29.8,5.9,74792
sldl,35021,35,021,State House District 21 (2024); New Mexico,30977,24.8,33.9,4.6,48.6,4.1,53784
sldl,35022,35,022,State House District 22 (2024); New Mexico,33448,39.1,60.9,0.9,31.4,0.8,88458
sldl,35023,35,023,State House District 23 (2024); New Mexico,32642,36.7,48.8,3.5,35.9,1.7,92793
sldl,35024,35,024,State House District 24 (2024); New Mexico,31436,36.3,48.9,2.9,38.5,1.1,70327
sldl,35025,35,025,State House District 25 (2024); New Mexico,30505,37.2,42.1,3.3,39.7,2.6,62483
sldl,35026,35,026,State House District 26 (2024); New Mexico,31377,21.9,12.7,4.3,74.3,2.5,64563
sldl,35027,35,027,State House District 27 (2024); New Mexico,31262,50.3,54.6,1.0,31.9,6.6,74347
sldl,35028,35,028,State House District 28 (2024); New Mexico,30358,50.3,57.8,2.3,28.6,2.9,88641
sldl,35029,35,029,State House District 29 (2024); New Mexico,32089,44.3,36.6,2.2,51.3,2.7,100259
sldl,35030,35,030,State House District 30 (2024); New Mexico,30428,48.5,50.1,2.7,33.0,2.7,64746
sldl,35031,35,031,State House District 31 (2024); New Mexico,31405,70.7,56.6,1.1,22.7,12.0,150867
sldl,35032,35,032,State House District 32 (2024); New Mexico,30955,14.6,27.9,0.9,67.7,1.1,38014
sldl,35033,35,033,State House District 33 (2024); New Mexico,35287,36.7,30.3,2.7,61.1,1.6,39567
sldl,35034,35,034,State House District 34 (2024); New Mexico,30788,26.5,9.1,0.7,88.7,0.0,63356
sldl,35035,35,035,State House District 35 (2024); New Mexico,30328,24.2,23.7,1.3,71.0,0.4,45194
sldl,35036,35,036,State House District 36 (2024); New Mexico,30932,31.5,31.5,2.0,61.8,1.5,66062
sldl,35037,35,037,State House District 37 (2024); New Mexico,28899,47.4,43.3,2.0,49.4,1.9,62560
sldl,35038,35,038,State House District 38 (2024); New Mexico,29767,21.0,32.5,0.4,58.1,1.2,50603
sldl,35039,35,039,State House District 39 (2024); New Mexico,29110,30.4,48.8,0.8,46.5,0.8,44847
sldl,35040,35,040,State House District 40 (2024); New Mexico,29126,25.6,25.1,0.6,67.9,0.3,57962
sldl,35041,35,041,State House District 41 (2024); New Mexico,29527,24.1,23.0,0.5,65.6,0.8,53184
sldl,35042,35,042,State House District 42 (2024); New Mexico,31324,37.3,38.6,0.4,52.7,0.7,59133
sldl,35043,35,043,State House District 43 (2024); New Mexico,28796,57.3,54.2,0.7,35.4,3.9,121190
sldl,35044,35,044,State House District 44 (2024); New Mexico,30303,37.2,51.3,1.4,40.6,1.1,78551
sldl,35045,35,045,State House District 45 (2024); New Mexico,31938,38.5,32.3,0.5,60.6,2.3,77939
sldl,35046,35,046,State House District 46 (2024); New Mexico,31273,44.9,41.6,0.3,48.5,0.7,78821
sldl,35047,35,047,State House District 47 (2024); New Mexico,30733,66.9,65.0,0.7,26.3,1.6,99109
sldl,35048,35,048,State House District 48 (2024); New Mexico,29113,37.7,33.7,2.0,57.5,1.9,55989
sldl,35049,35,049,State House District 49 (2024); New Mexico,29624,20.9,45.6,0.8,47.8,0.1,47770
sldl,35050,35,050,State House District 50 (2024); New Mexico,28755,49.7,62.1,0.7,29.8,1.0,91138
sldl,35051,35,051,State House District 51 (2024); New Mexico,31736,26.1,53.9,5.6,31.9,2.1,56918
sldl,35052,35,052,State House District 52 (2024); New Mexico,30021,27.5,18.7,0.3,79.0,0.4,55558
sldl,35053,35,053,State House District 53 (2024); New Mexico,33319,25.5,24.5,0.6,69.7,2.1,66806
sldl,35054,35,054,State House District 54 (2024); New Mexico,30327,22.7,48.9,1.5,41.7,1.3,66270
sldl,35055,35,055,State House District 55 (2024); New Mexico,31209,20.3,46.8,1.7,47.3,0.7,84196
sldl,35056,35,056,State House District 56 (2024); New Mexico,31012,30.9,56.5,1.1,27.5,0.3,54660
sldl,35057,35,057,State House District 57 (2024); New Mexico,34657,32.3,39.6,3.1,46.7,1.3,93577
sldl,35058,35,058,State House District 58 (2024); New Mexico,28111,10.8,25.4,1.2,70.8,0.4,44691
sldl,35059,35,059,State House District 59 (2024); New Mexico,31120,23.0,42.0,2.1,50.7,1.9,58373
sldl,35060,35,060,State House District 60 (2024); New Mexico,29170,34.6,44.6,2.0,43.2,1.7,89094
sldl,35061,35,061,State House District 61 (2024); New Mexico,29192,6.8,17.3,4.6,76.2,0.7,50728
sldl,35062,35,062,State House District 62 (2024); New Mexico,31833,22.4,41.1,2.4,52.0,0.9,81188
sldl,35063,35,063,State House District 63 (2024); New Mexico,31658,12.4,29.9,3.1,61.9,0.7,44576
sldl,35064,35,064,State House District 64 (2024); New Mexico,30203,32.2,56.9,1.9,35.4,1.1,67116
sldl,35065,35,065,State House District 65 (2024); New Mexico,30952,12.3,7.9,0.2,29.7,0.4,49759
sldl,35066,35,066,State House District 66 (2024); New Mexico,28648,16.7,38.8,1.1,56.6,0.1,64727
sldl,35067,35,067,State House District 67 (2024); New Mexico,30393,20.2,45.5,3.6,44.3,1.0,50926
sldl,35068,35,068,State House District 68 (2024); New Mexico,30384,37.6,37.6,3.9,45.5,1.6,86270
sldl,35069,35,069,State House District 69 (2024); New Mexico,25851,16.1,10.0,1.9,20.1,0.2,45921
sldl,35070,35,070,State House District 70 (2024); New Mexico,27711,25.9,21.0,1.1,71.0,0.1,49530
sldl,36001,36,001,Assembly District 1 (2024); New York,129486,50.7,70.4,3.1,20.6,2.3,127022
sldl,36002,36,002,Assembly District 2 (2024); New York,136040,36.6,76.5,3.5,14.8,2.0,116673
sldl,36003,36,003,Assembly District 3 (2024); New York,136388,27.2,61.0,8.1,24.6,2.7,109846
sldl,36004,36,004,Assembly District 4 (2024); New York,127743,45.4,61.2,8.0,16.3,9.1,126580
sldl,36005,36,005,Assembly District 5 (2024); New York,136012,33.3,66.9,4.1,18.8,6.4,123888
sldl,36006,36,006,Assembly District 6 (2024); New York,137763,19.5,15.8,12.7,64.9,3.8,120383
sldl,36007,36,007,Assembly District 7 (2024); New York,124167,42.6,73.8,4.0,15.2,3.0,126602
sldl,36008,36,008,Assembly District 8 (2024); New York,134194,52.0,76.1,2.0,12.2,5.9,148354
sldl,36009,36,009,Assembly District 9 (2024); New York,130483,44.6,77.2,3.6,14.4,1.6,152006
sldl,36010,36,010,Assembly District 10 (2024); New York,129316,54.5,64.7,6.3,16.0,9.0,169831
sldl,36011,36,011,Assembly District 11 (2024); New York,138372,30.6,40.8,21.0,31.2,2.8,121622
sldl,36012,36,012,Assembly District 12 (2024); New York,128163,51.8,70.1,5.1,15.1,5.0,157758
sldl,36013,36,013,Assembly District 13 (2024); New York,128255,51.2,49.7,7.0,24.1,15.4,141239
sldl,36014,36,014,Assembly District 14 (2024); New York,133508,52.9,78.9,2.2,11.4,4.1,169649
sldl,36015,36,015,Assembly District 15 (2024); New York,132837,57.9,62.4,1.4,13.1,20.3,158935
sldl,36016,36,016,Assembly District 16 (2024); New York,139169,67.2,57.3,1.9,9.4,27.8,161985
sldl,36017,36,017,Assembly District 17 (2024); New York,129463,45.0,68.5,2.4,15.2,11.0,147145
sldl,36018,36,018,Assembly District 18 (2024); New York,136065,23.9,5.7,43.5,43.5,2.6,108831
sldl,36019,36,019,Assembly District 19 (2024); New York,135396,55.3,63.8,2.7,13.2,15.8,161304
sldl,36020,36,020,Assembly District 20 (2024); New York,129348,52.3,72.0,3.3,16.5,3.7,138864
sldl,36021,36,021,Assembly District 21 (2024); New York,139409,47.3,47.5,19.8,22.9,5.8,140950
sldl,36022,36,022,Assembly District 22 (2024); New York,128160,40.5,27.4,25.4,22.5,18.1,134399
sldl,36023,36,023,Assembly District 23 (2024); New York,147825,34.4,45.8,14.2,24.3,10.0,85222
sldl,36024,36,024,Assembly District 24 (2024); New York,136161,34.8,15.6,12.4,23.4,33.1,92749
sldl,36025,36,025,Assembly District 25 (2024); New York,118412,40.6,21.8,4.6,14.9,55.2,84098
sldl,36026,36,026,Assembly District 26 (2024); New York,128700,48.9,38.5,2.9,14.8,39.6,107053
sldl,36027,36,027,Assembly District 27 (2024); New York,123443,38.3,37.6,5.0,25.8,27.1,83162
sldl,36028,36,028,Assembly District 28 (2024); New York,139145,52.8,47.1,3.2,22.5,20.7,98894
sldl,36029,36,029,Assembly District 29 (2024); New York,136472,29.9,2.6,60.8,13.2,14.8,92322
sldl,36030,36,030,Assembly District 30 (2024); New York,118897,32.8,16.2,1.4,31.8,48.0,74904
sldl,36031,36,031,Assembly District 31 (2024); New York,132006,21.4,4.7,46.7,22.4,13.5,82200
sldl,36032,36,032,Assembly District 32 (2024); New York,131317,21.7,2.3,53.1,19.6,13.6,71753
sldl,36033,36,033,Assembly District 33 (2024); New York,132414,32.1,5.8,48.2,14.2,22.5,101350
sldl,36034,36,034,Assembly District 34 (2024); New York,130703,33.8,26.7,3.0,50.4,15.7,80272
sldl,36035,36,035,Assembly District 35 (2024); New York,116135,26.5,14.3,14.8,50.5,17.5,77557
sldl,36036,36,036,Assembly District 36 (2024); New York,126089,56.9,41.8,6.7,25.1,20.0,95126
sldl,36037,36,037,Assembly District 37 (2024); New York,132053,48.5,42.8,2.3,32.4,18.1,91152
sldl,36038,36,038,Assembly District 38 (2024); New York,129048,28.9,21.4,4.1,51.5,16.8,91833
sldl,36039,36,039,Assembly District 39 (2024); New York,126032,29.3,14.8,1.2,56.1,25.0,75208
sldl,36040,36,040,Assembly District 40 (2024); New York,118200,31.3,13.3,2.3,16.1,65.2,64479
sldl,36041,36,041,Assembly District 41 (2024); New York,130607,41.5,48.5,21.7,8.4,15.7,75523
sldl,36042,36,042,Assembly District 42 (2024); New York,119952,38.4,19.5,52.0,14.4,6.1,79710
sldl,36043,36,043,Assembly District 43 (2024); New York,135808,42.8,27.3,51.8,10.1,3.3,79071
sldl,36044,36,044,Assembly District 44 (2024); New York,138292,65.1,53.0,7.9,15.3,17.0,128641
sldl,36045,36,045,Assembly District 45 (2024); New York,120467,43.0,63.5,3.8,10.7,16.0,64920
sldl,36046,36,046,Assembly District 46 (2024); New York,138919,44.2,54.8,9.5,18.3,12.7,64141
sldl,36047,36,047,Assembly District 47 (2024); New York,131078,33.2,37.2,2.4,17.2,39.2,68155
sldl,36048,36,048,Assembly District 48 (2024); New York,131265,30.7,74.2,2.3,8.8,9.2,60348
sldl,36049,36,049,Assembly District 49 (2024); New York,113593,25.2,27.1,1.7,18.2,50.9,65630
sldl,36050,36,050,Assembly District 50 (2024); New York,146502,60.8,69.0,5.3,13.6,5.8,124426
sldl,36051,36,051,Assembly District 51 (2024); New York,122727,35.9,26.1,5.5,45.3,19.6,82854
sldl,36052,36,052,Assembly District 52 (2024); New York,144543,80.0,63.1,8.0,11.5,9.8,184028
sldl,36053,36,053,Assembly District 53 (2024); New York,128326,45.2,31.8,11.0,45.0,8.1,78272
sldl,36054,36,054,Assembly District 54 (2024); New York,121657,25.3,9.1,24.5,51.3,8.0,70373
sldl,36055,36,055,Assembly District 55 (2024); New York,134599,23.4,6.6,63.9,20.8,1.9,47692
sldl,36056,36,056,Assembly District 56 (2024); New York,145408,43.3,20.1,47.6,21.2,4.2,74677
sldl,36057,36,057,Assembly District 57 (2024); New York,142677,59.2,39.7,31.5,13.8,6.8,107904
sldl,36058,36,058,Assembly District 58 (2024); New York,117584,25.5,3.5,76.5,7.3,1.7,71656
sldl,36059,36,059,Assembly District 59 (2024); New York,112820,34.6,25.3,53.0,8.7,6.1,91506
sldl,36060,36,060,Assembly District 60 (2024); New York,127359,18.9,3.2,64.7,21.4,4.3,51382
sldl,36061,36,061,Assembly District 61 (2024); New York,130890,41.2,33.0,21.9,29.9,11.1,100950
sldl,36062,36,062,Assembly District 62 (2024); New York,139301,40.3,77.3,0.6,11.3,8.1,116507
sldl,36063,36,063,Assembly District 63 (2024); New York,140042,35.6,51.4,9.1,19.3,16.5,96070
sldl,36064,36,064,Assembly District 64 (2024); New York,135700,38.5,60.7,2.4,16.3,17.0,94617
sldl,36065,36,065,Assembly District 65 (2024); New York,129355,50.4,35.7,7.8,18.9,32.6,72967
sldl,36066,36,066,Assembly District 66 (2024); New York,130171,85.4,68.3,3.3,9.5,13.7,169421
sldl,36067,36,067,Assembly District 67 (2024); New York,137319,80.3,61.5,4.9,13.4,14.5,148566
sldl,36068,36,068,Assembly District 68 (2024); New York,141870,39.5,20.0,26.6,39.3,9.5,49783
sldl,36069,36,069,Assembly District 69 (2024); New York,138838,71.4,54.2,10.2,19.3,11.2,114164
sldl,36070,36,070,Assembly District 70 (2024); New York,140871,45.2,17.7,43.7,27.7,5.4,57360
sldl,36071,36,071,Assembly District 71 (2024); New York,143378,45.9,21.7,24.6,43.1,4.8,70241
sldl,36072,36,072,Assembly District 72 (2024); New York,132037,30.9,14.0,6.3,74.9,2.0,57087
sldl,36073,36,073,Assembly District 73 (2024); New York,127378,84.7,72.1,2.1,7.7,12.2,177599
sldl,36074,36,074,Assembly District 74 (2024); New York,128796,73.3,55.9,6.8,16.0,15.8,121922
sldl,36075,36,075,Assembly District 75 (2024); New York,126530,76.4,55.2,7.4,14.6,15.9,135088
sldl,36076,36,076,Assembly District 76 (2024); New York,129354,81.9,73.9,2.8,8.2,10.9,143542
sldl,36077,36,077,Assembly District 77 (2024); New York,127052,15.2,2.9,33.5,59.5,1.0,38763
sldl,36078,36,078,Assembly District 78 (2024); New York,125246,19.0,8.0,16.5,70.3,2.8,42572
sldl,36079,36,079,Assembly District 79 (2024); New York,129369,14.4,1.3,38.9,56.0,0.6,32237
sldl,36080,36,080,Assembly District 80 (2024); New York,127284,25.5,16.7,21.0,49.4,9.5,61403
sldl,36081,36,081,Assembly District 81 (2024); New York,124919,43.5,31.8,16.0,42.8,4.8,80222
sldl,36082,36,082,Assembly District 82 (2024); New York,127286,30.4,24.0,24.4,41.7,6.8,71652
sldl,36083,36,083,Assembly District 83 (2024); New York,132556,26.0,2.0,63.3,27.2,1.8,65487
sldl,36084,36,084,Assembly District 84 (2024); New York,134648,17.5,3.0,23.7,69.1,0.9,35581
sldl,36085,36,085,Assembly District 85 (2024); New York,130329,17.4,2.1,27.4,66.4,1.5,43267
sldl,36086,36,086,Assembly District 86 (2024); New York,132471,13.6,1.9,24.9,70.3,0.8,38316
sldl,36087,36,087,Assembly District 87 (2024); New York,113619,20.7,3.2,23.7,52.5,15.6,47993
sldl,36088,36,088,Assembly District 88 (2024); New York,137568,70.9,59.8,9.0,15.0,11.0,183035
sldl,36089,36,089,Assembly District 89 (2024); New York,134960,33.6,17.5,38.3,36.4,2.7,73300
sldl,36090,36,090,Assembly District 90 (2024); New York,140484,37.1,34.4,13.4,41.9,6.2,91189
sldl,36091,36,091,Assembly District 91 (2024); New York,140759,53.6,49.9,8.7,31.9,4.9,114059
sldl,36092,36,092,Assembly District 92 (2024); New York,139106,61.5,58.6,8.5,20.2,8.0,141984
sldl,36093,36,093,Assembly District 93 (2024); New York,142972,63.7,62.6,5.7,20.1,7.0,157350
sldl,36094,36,094,Assembly District 94 (2024); New York,132975,49.7,71.2,2.9,19.2,2.8,136991
sldl,36095,36,095,Assembly District 95 (2024); New York,128960,49.8,55.4,8.0,29.2,3.4,122573
sldl,36096,36,096,Assembly District 96 (2024); New York,135766,49.0,45.8,11.3,30.2,9.2,122557
sldl,36097,36,097,Assembly District 97 (2024); New York,138616,35.3,67.0,10.7,14.8,4.2,90740
sldl,36098,36,098,Assembly District 98 (2024); New York,133834,38.2,72.2,5.6,14.3,3.1,106541
sldl,36099,36,099,Assembly District 99 (2024); New York,134913,36.6,69.1,6.8,17.6,2.8,96082
sldl,36100,36,100,Assembly District 100 (2024); New York,133157,27.1,49.9,14.8,27.3,2.9,79359
sldl,36101,36,101,Assembly District 101 (2024); New York,137192,32.0,66.4,6.4,19.9,1.9,96050
sldl,36102,36,102,Assembly District 102 (2024); New York,136713,30.4,87.3,2.3,4.7,1.1,75893
sldl,36103,36,103,Assembly District 103 (2024); New York,134151,43.9,75.7,4.9,9.6,2.3,87164
sldl,36104,36,104,Assembly District 104 (2024); New York,137605,33.1,46.0,17.5,27.6,2.1,83797
sldl,36105,36,105,Assembly District 105 (2024); New York,136198,40.5,68.1,6.2,16.8,3.4,111059
sldl,36106,36,106,Assembly District 106 (2024); New York,138394,41.8,74.6,6.9,9.2,3.7,91020
sldl,36107,36,107,Assembly District 107 (2024); New York,129616,43.2,88.6,1.3,4.6,1.8,104561
sldl,36108,36,108,Assembly District 108 (2024); New York,129883,35.4,70.8,9.8,8.5,4.1,71487
sldl,36109,36,109,Assembly District 109 (2024); New York,134773,47.7,56.1,19.6,9.7,8.3,70860
sldl,36110,36,110,Assembly District 110 (2024); New York,132778,49.4,71.6,7.3,4.6,10.1,107596
sldl,36111,36,111,Assembly District 111 (2024); New York,130020,27.4,63.0,9.8,13.7,3.6,67690
sldl,36112,36,112,Assembly District 112 (2024); New York,136299,47.0,86.1,1.8,3.3,3.9,108887
sldl,36113,36,113,Assembly District 113 (2024); New York,138523,41.8,88.8,1.5,3.7,1.5,89388
sldl,36114,36,114,Assembly District 114 (2024); New York,130753,29.6,91.1,1.2,3.0,0.8,77141
sldl,36115,36,115,Assembly District 115 (2024); New York,138599,27.4,86.5,3.2,3.4,1.2,69819
sldl,36116,36,116,Assembly District 116 (2024); New York,135672,27.9,87.9,2.5,3.6,1.7,65558
sldl,36117,36,117,Assembly District 117 (2024); New York,130325,21.8,85.6,2.8,5.7,1.0,66751
sldl,36118,36,118,Assembly District 118 (2024); New York,136440,22.4,90.4,1.2,3.2,0.6,67075
sldl,36119,36,119,Assembly District 119 (2024); New York,130231,24.0,69.2,9.6,10.0,6.2,61574
sldl,36120,36,120,Assembly District 120 (2024); New York,134438,21.8,90.8,1.0,3.4,0.7,69810
sldl,36121,36,121,Assembly District 121 (2024); New York,130510,23.8,90.1,1.3,3.0,1.2,66526
sldl,36122,36,122,Assembly District 122 (2024); New York,138724,33.0,89.3,1.5,3.8,1.6,76751
sldl,36123,36,123,Assembly District 123 (2024); New York,133207,34.3,73.6,7.0,7.0,7.1,59266
sldl,36124,36,124,Assembly District 124 (2024); New York,132819,25.8,87.3,4.4,3.2,1.3,66926
sldl,36125,36,125,Assembly District 125 (2024); New York,134489,52.3,76.6,3.3,6.1,8.2,72266
sldl,36126,36,126,Assembly District 126 (2024); New York,133030,38.2,88.2,2.0,3.1,1.3,83797
sldl,36127,36,127,Assembly District 127 (2024); New York,131149,43.0,85.7,3.1,3.8,2.8,97621
sldl,36128,36,128,Assembly District 128 (2024); New York,128269,36.4,61.5,18.7,8.0,3.8,66943
sldl,36129,36,129,Assembly District 129 (2024); New York,130523,34.1,64.3,14.9,7.7,7.2,58335
sldl,36130,36,130,Assembly District 130 (2024); New York,136155,32.5,86.9,2.5,4.7,1.3,80249
sldl,36131,36,131,Assembly District 131 (2024); New York,137133,29.5,87.8,2.1,5.2,0.9,74183
sldl,36132,36,132,Assembly District 132 (2024); New York,133928,27.5,91.4,2.0,2.1,1.2,67292
sldl,36133,36,133,Assembly District 133 (2024); New York,135429,33.8,89.0,1.4,4.3,1.2,78123
sldl,36134,36,134,Assembly District 134 (2024); New York,131714,32.8,77.5,7.2,7.7,2.1,83189
sldl,36135,36,135,Assembly District 135 (2024); New York,131706,62.6,86.3,1.8,3.9,3.6,117020
sldl,36136,36,136,Assembly District 136 (2024); New York,133792,43.5,63.0,14.6,13.0,4.2,68782
sldl,36137,36,137,Assembly District 137 (2024); New York,134214,20.3,30.6,39.2,21.0,3.7,44608
sldl,36138,36,138,Assembly District 138 (2024); New York,139846,46.1,70.3,10.6,7.6,6.1,75924
sldl,36139,36,139,Assembly District 139 (2024); New York,131186,24.4,86.1,3.4,5.2,0.8,73144
sldl,36140,36,140,Assembly District 140 (2024); New York,130058,36.6,80.4,5.5,6.4,3.0,68555
sldl,36141,36,141,Assembly District 141 (2024); New York,124779,29.3,26.0,52.5,6.9,9.9,46222
sldl,36142,36,142,Assembly District 142 (2024); New York,129956,32.4,82.1,4.9,7.6,1.2,70385
sldl,36143,36,143,Assembly District 143 (2024); New York,132935,28.8,73.8,10.3,5.0,6.7,68931
sldl,36144,36,144,Assembly District 144 (2024); New York,135448,37.0,87.8,3.0,3.2,1.0,89111
sldl,36145,36,145,Assembly District 145 (2024); New York,132557,31.5,80.0,7.5,4.2,1.6,70494
sldl,36146,36,146,Assembly District 146 (2024); New York,130546,57.3,76.5,5.2,4.7,9.5,93483
sldl,36147,36,147,Assembly District 147 (2024); New York,141366,30.0,92.3,2.1,2.3,0.4,86120
sldl,36148,36,148,Assembly District 148 (2024); New York,130604,22.3,89.9,1.4,2.2,1.1,61087
sldl,36149,36,149,Assembly District 149 (2024); New York,132659,39.7,67.6,10.0,13.0,4.5,69378
sldl,36150,36,150,Assembly District 150 (2024); New York,127381,25.1,82.6,2.1,9.6,0.8,58197
sldl,37001,37,001,State House District 1 (2024); North Carolina,86078,28.7,72.7,17.6,4.8,0.4,75353
sldl,37002,37,002,State House District 2 (2024); North Carolina,89100,31.3,54.5,28.8,10.3,1.7,75458
sldl,37003,37,003,State House District 3 (2024); North Carolina,85794,28.4,66.1,19.5,6.3,3.1,67078
sldl,37004,37,004,State House District 4 (2024); North Carolina,83323,16.4,46.5,23.7,24.9,0.5,53525
sldl,37005,37,005,State House District 5 (2024); North Carolina,82045,22.8,53.0,35.7,5.4,1.1,63006
sldl,37006,37,006,State House District 6 (2024); North Carolina,92794,24.8,56.4,21.4,14.9,1.0,78419
sldl,37007,37,007,State House District 7 (2024); North Carolina,89390,25.4,58.6,24.4,11.2,1.0,72189
sldl,37008,37,008,State House District 8 (2024); North Carolina,89255,30.1,43.1,44.3,6.8,2.2,47239
sldl,37009,37,009,State House District 9 (2024); North Carolina,87938,37.0,60.8,25.1,9.0,1.7,70679
sldl,37010,37,010,State House District 10 (2024); North Carolina,84664,24.4,53.8,31.0,8.3,1.5,63457
sldl,37011,37,011,State House District 11 (2024); North Carolina,84859,61.8,66.6,9.1,11.2,7.5,102372
sldl,37012,37,012,State House District 12 (2024); North Carolina,84707,15.7,48.6,36.0,10.0,0.6,48275
sldl,37013,37,013,State House District 13 (2024); North Carolina,85966,32.7,79.6,7.1,6.9,1.1,69892
sldl,37014,37,014,State House District 14 (2024); North Carolina,88540,24.9,60.4,11.7,17.4,2.0,61778
sldl,37015,37,015,State House District 15 (2024); North Carolina,91834,23.9,63.1,13.5,12.7,1.8,67337
sldl,37016,37,016,State House District 16 (2024); North Carolina,93082,31.7,75.4,9.9,8.5,0.9,82967
sldl,37017,37,017,State House District 17 (2024); North Carolina,102889,32.6,77.3,10.8,6.7,0.6,76750
sldl,37018,37,018,State House District 18 (2024); North Carolina,94798,42.1,64.9,17.7,10.3,1.3,59548
sldl,37019,37,019,State House District 19 (2024); North Carolina,95103,42.3,87.6,3.4,3.9,0.7,84412
sldl,37020,37,020,State House District 20 (2024); North Carolina,95007,47.6,78.8,7.1,7.2,1.7,90664
sldl,37021,37,021,State House District 21 (2024); North Carolina,94832,73.4,51.5,7.9,6.7,28.1,154084
sldl,37022,37,022,State House District 22 (2024); North Carolina,89036,17.4,50.6,26.7,17.8,0.3,49322
sldl,37023,37,023,State House District 23 (2024); North Carolina,87550,17.6,38.8,52.5,5.0,0.4,50168
sldl,37024,37,024,State House District 24 (2024); North Carolina,84251,21.7,45.3,38.3,11.8,1.1,57398
sldl,37025,37,025,State House District 25 (2024); North Carolina,91255,22.1,45.4,40.4,8.6,1.0,62312
sldl,37026,37,026,State House District 26 (2024); North Carolina,96531,36.2,61.3,19.3,13.9,0.9,98612
sldl,37027,37,027,State House District 27 (2024); North Carolina,83401,17.1,37.4,51.1,3.5,0.6,47902
sldl,37028,37,028,State House District 28 (2024); North Carolina,95213,19.5,58.9,16.3,20.6,0.7,69171
sldl,37029,37,029,State House District 29 (2024); North Carolina,94576,67.2,45.4,30.2,13.0,5.8,92264
sldl,37030,37,030,State House District 30 (2024); North Carolina,94376,59.3,46.3,25.0,16.3,6.4,73829
sldl,37031,37,031,State House District 31 (2024); North Carolina,93843,47.2,30.7,40.5,19.4,5.3,83371
sldl,37032,37,032,State House District 32 (2024); North Carolina,88195,22.8,47.9,36.9,10.3,0.5,60872
sldl,37033,37,033,State House District 33 (2024); North Carolina,92225,37.9,36.3,38.8,15.9,3.3,81646
sldl,37034,37,034,State House District 34 (2024); North Carolina,91711,60.9,63.7,15.6,12.8,2.7,85988
sldl,37035,37,035,State House District 35 (2024); North Carolina,88212,60.4,70.2,14.8,8.1,2.6,141581
sldl,37036,37,036,State House District 36 (2024); North Carolina,83910,68.1,72.5,7.9,7.8,5.8,136445
sldl,37037,37,037,State House District 37 (2024); North Carolina,101161,48.6,68.3,12.9,11.0,2.9,107365
sldl,37038,37,038,State House District 38 (2024); North Carolina,87516,36.8,30.4,37.2,21.7,4.4,68183
sldl,37039,37,039,State House District 39 (2024); North Carolina,92779,38.2,40.3,31.1,21.1,3.2,89437
sldl,37040,37,040,State House District 40 (2024); North Carolina,87815,66.3,71.4,11.3,6.9,5.8,113089
sldl,37041,37,041,State House District 41 (2024); North Carolina,94260,74.9,45.9,11.3,6.3,30.6,137089
sldl,37042,37,042,State House District 42 (2024); North Carolina,85824,25.7,31.3,42.5,16.2,2.5,56038
sldl,37043,37,043,State House District 43 (2024); North Carolina,88154,29.2,53.5,26.8,9.7,1.5,70225
sldl,37044,37,044,State House District 44 (2024); North Carolina,81910,29.1,36.3,40.5,10.7,3.4,54925
sldl,37045,37,045,State House District 45 (2024); North Carolina,82657,26.9,37.7,37.5,14.3,3.0,65797
sldl,37046,37,046,State House District 46 (2024); North Carolina,83271,12.9,50.0,24.7,11.2,0.4,48473
sldl,37047,37,047,State House District 47 (2024); North Carolina,83771,16.5,17.8,24.5,7.4,1.1,40035
sldl,37048,37,048,State House District 48 (2024); North Carolina,87425,20.8,37.6,33.9,11.2,1.4,57094
sldl,37049,37,049,State House District 49 (2024); North Carolina,84653,66.3,67.8,13.3,7.2,7.2,89364
sldl,37050,37,050,State House District 50 (2024); North Carolina,86808,41.8,67.8,13.5,10.5,2.7,80126
sldl,37051,37,051,State House District 51 (2024); North Carolina,86421,23.3,60.5,15.5,18.3,0.8,67606
sldl,37052,37,052,State House District 52 (2024); North Carolina,86673,30.2,63.8,21.7,7.3,1.4,62169
sldl,37053,37,053,State House District 53 (2024); North Carolina,88875,28.6,64.6,14.4,15.2,0.9,74167
sldl,37054,37,054,State House District 54 (2024); North Carolina,87043,46.0,69.4,10.0,13.9,2.1,89669
sldl,37055,37,055,State House District 55 (2024); North Carolina,86268,17.4,52.0,24.5,18.0,1.1,65410
sldl,37056,37,056,State House District 56 (2024); North Carolina,85274,73.2,63.0,12.0,9.3,11.1,87674
sldl,37057,37,057,State House District 57 (2024); North Carolina,91856,42.4,42.9,37.5,9.4,4.7,68275
sldl,37058,37,058,State House District 58 (2024); North Carolina,89464,32.1,24.0,49.7,14.2,7.2,59269
sldl,37059,37,059,State House District 59 (2024); North Carolina,93332,35.2,60.8,24.2,7.2,2.8,86995
sldl,37060,37,060,State House District 60 (2024); North Carolina,92572,29.5,39.1,35.0,13.7,7.5,58822
sldl,37061,37,061,State House District 61 (2024); North Carolina,91515,42.4,43.4,39.8,9.9,2.4,55286
sldl,37062,37,062,State House District 62 (2024); North Carolina,89201,52.8,65.9,14.6,5.9,7.8,96061
sldl,37063,37,063,State House District 63 (2024); North Carolina,86451,32.1,59.8,19.8,13.7,2.4,64990
sldl,37064,37,064,State House District 64 (2024); North Carolina,90442,25.7,56.4,19.3,16.8,1.2,66448
sldl,37065,37,065,State House District 65 (2024); North Carolina,92131,17.0,69.9,17.3,7.2,0.3,57053
sldl,37066,37,066,State House District 66 (2024); North Carolina,94720,52.8,48.4,28.0,13.1,5.2,98726
sldl,37067,37,067,State House District 67 (2024); North Carolina,90658,19.7,73.6,12.6,8.6,1.8,59311
sldl,37068,37,068,State House District 68 (2024); North Carolina,93109,55.7,69.7,8.5,9.4,8.2,144042
sldl,37069,37,069,State House District 69 (2024); North Carolina,93870,39.5,72.0,8.7,11.0,3.3,99093
sldl,37070,37,070,State House District 70 (2024); North Carolina,88696,19.3,72.3,7.0,14.7,2.0,58436
sldl,37071,37,071,State House District 71 (2024); North Carolina,87650,37.7,46.3,27.2,19.2,2.3,58080
sldl,37072,37,072,State House District 72 (2024); North Carolina,83647,42.1,39.9,36.9,15.8,2.7,51334
sldl,37073,37,073,State House District 73 (2024); North Carolina,93991,32.0,54.9,21.4,16.9,1.6,76660
sldl,37074,37,074,State House District 74 (2024); North Carolina,86878,50.7,70.8,13.4,8.1,3.4,93269
sldl,37075,37,075,State House District 75 (2024); North Carolina,91271,31.0,57.8,19.6,17.0,1.8,73456
sldl,37076,37,076,State House District 76 (2024); North Carolina,93296,25.5,64.6,20.0,10.8,0.8,63490
sldl,37077,37,077,State House District 77 (2024); North Carolina,92443,22.6,81.3,4.0,10.0,0.5,69153
sldl,37078,37,078,State House District 78 (2024); North Carolina,90702,29.2,79.9,3.9,10.9,0.6,73320
sldl,37079,37,079,State House District 79 (2024); North Carolina,85194,26.8,71.7,16.7,7.6,0.4,64027
sldl,37080,37,080,State House District 80 (2024); North Carolina,87371,22.5,75.0,9.5,9.8,1.0,66630
sldl,37081,37,081,State House District 81 (2024); North Carolina,85583,20.9,77.0,8.7,8.0,2.1,61700
sldl,37082,37,082,State House District 82 (2024); North Carolina,95000,48.0,59.7,15.2,8.0,12.1,112747
sldl,37083,37,083,State House District 83 (2024); North Carolina,92974,24.8,64.6,14.1,14.3,2.0,70889
sldl,37084,37,084,State House District 84 (2024); North Carolina,92077,21.0,68.6,13.6,11.8,1.4,65686
sldl,37085,37,085,State House District 85 (2024); North Carolina,91522,21.5,87.1,2.8,6.6,0.8,57924
sldl,37086,37,086,State House District 86 (2024); North Carolina,87795,21.0,79.1,6.1,8.5,3.5,58592
sldl,37087,37,087,State House District 87 (2024); North Carolina,85401,21.4,85.7,3.9,6.5,0.6,56907
sldl,37088,37,088,State House District 88 (2024); North Carolina,88161,53.7,44.0,21.5,25.3,4.5,81995
sldl,37089,37,089,State House District 89 (2024); North Carolina,88652,22.9,77.5,7.3,8.1,3.0,73177
sldl,37090,37,090,State House District 90 (2024); North Carolina,87712,19.0,82.2,3.5,11.5,0.6,54905
sldl,37091,37,091,State House District 91 (2024); North Carolina,85670,20.5,70.8,15.4,9.3,0.2,62977
sldl,37092,37,092,State House District 92 (2024); North Carolina,101279,43.8,27.7,37.0,20.5,7.2,93439
sldl,37093,37,093,State House District 93 (2024); North Carolina,88382,35.2,88.4,1.4,6.9,0.7,51816
sldl,37094,37,094,State House District 94 (2024); North Carolina,86060,17.5,85.3,4.3,6.7,0.8,55911
sldl,37095,37,095,State House District 95 (2024); North Carolina,89031,49.2,75.8,8.0,7.4,3.8,102500
sldl,37096,37,096,State House District 96 (2024); North Carolina,90357,29.6,67.6,9.0,13.6,4.8,63853
sldl,37097,37,097,State House District 97 (2024); North Carolina,92716,28.3,82.0,5.9,8.1,0.8,80016
sldl,37098,37,098,State House District 98 (2024); North Carolina,85351,61.3,78.0,6.6,5.3,4.8,126018
sldl,37099,37,099,State House District 99 (2024); North Carolina,85299,40.3,22.6,45.2,18.9,8.8,62900
sldl,37100,37,100,State House District 100 (2024); North Carolina,88870,39.3,40.0,26.3,21.8,7.8,73824
sldl,37101,37,101,State House District 101 (2024); North Carolina,87474,41.2,36.4,41.1,13.9,4.1,85070
sldl,37102,37,102,State House District 102 (2024); North Carolina,88873,58.8,51.2,24.2,16.4,4.0,90108
sldl,37103,37,103,State House District 103 (2024); North Carolina,90299,60.7,51.7,12.0,13.4,14.9,114862
sldl,37104,37,104,State House District 104 (2024); North Carolina,83722,68.3,72.0,11.0,9.1,4.5,121358
sldl,37105,37,105,State House District 105 (2024); North Carolina,84627,58.5,72.7,9.4,7.1,6.3,122119
sldl,37106,37,106,State House District 106 (2024); North Carolina,86761,51.1,29.7,49.1,11.0,7.3,84009
sldl,37107,37,107,State House District 107 (2024); North Carolina,89080,33.8,23.0,54.9,13.6,3.9,64390
sldl,37108,37,108,State House District 108 (2024); North Carolina,93120,23.4,66.8,16.5,9.1,1.5,64029
sldl,37109,37,109,State House District 109 (2024); North Carolina,91323,35.0,66.4,16.7,10.2,2.5,77690
sldl,37110,37,110,State House District 110 (2024); North Carolina,89129,19.6,67.2,19.7,8.1,0.5,55085
sldl,37111,37,111,State House District 111 (2024); North Carolina,86453,19.8,76.0,12.5,4.7,0.9,57809
sldl,37112,37,112,State House District 112 (2024); North Carolina,94885,28.0,19.3,44.9,28.9,3.8,64651
sldl,37113,37,113,State House District 113 (2024); North Carolina,91984,30.5,81.1,6.2,8.1,0.6,61840
sldl,37114,37,114,State House District 114 (2024); North Carolina,87063,50.1,83.1,3.9,7.2,1.4,80401
sldl,37115,37,115,State House District 115 (2024); North Carolina,99061,35.5,81.3,2.3,10.0,0.9,73397
sldl,37116,37,116,State House District 116 (2024); North Carolina,88236,53.0,77.9,8.5,8.3,1.1,69528
sldl,37117,37,117,State House District 117 (2024); North Carolina,91932,36.6,79.0,2.9,13.0,1.4,67565
sldl,37118,37,118,State House District 118 (2024); North Carolina,84529,30.2,90.6,0.9,4.6,0.4,61329
sldl,37119,37,119,State House District 119 (2024); North Carolina,91475,33.2,78.8,2.7,6.6,0.8,58901
sldl,37120,37,120,State House District 120 (2024); North Carolina,87185,26.2,87.2,1.5,6.4,0.6,55715
sldl,38001,38,001,State House District 1 (2024); North Dakota,15583,28.4,83.3,6.6,0.7,0.6,88811
sldl,38002,38,002,State House District 2 (2024); North Dakota,14488,22.2,83.1,0.6,8.3,0.4,95966
sldl,38003,38,003,State House District 3 (2024); North Dakota,15622,25.7,82.3,2.2,5.9,2.2,81476
sldl,38005,38,005,State House District 5 (2024); North Dakota,16629,30.9,82.3,3.5,5.7,1.6,69742
sldl,38006,38,006,State House District 6 (2024); North Dakota,17675,25.9,92.4,0.3,1.9,0.5,80830
sldl,38007,38,007,State House District 7 (2024); North Dakota,17402,45.6,90.4,1.0,1.0,2.0,99357
sldl,38008,38,008,State House District 8 (2024); North Dakota,18000,32.0,90.6,0.1,3.5,0.1,102983
sldl,38009,38,009,State House District 9 (2024); North Dakota,17058,19.3,23.6,0.2,1.4,0.7,62684
sldl,38010,38,010,State House District 10 (2024); North Dakota,18857,41.6,68.4,16.5,1.9,7.8,58148
sldl,38011,38,011,State House District 11 (2024); North Dakota,17151,37.9,80.4,8.6,3.2,1.7,61308
sldl,38012,38,012,State House District 12 (2024); North Dakota,15271,24.8,87.6,3.3,4.3,0.8,56592
sldl,38013,38,013,State House District 13 (2024); North Dakota,17635,35.4,82.5,6.4,5.6,1.3,80974
sldl,38014,38,014,State House District 14 (2024); North Dakota,15825,24.6,92.7,0.2,2.0,0.2,60132
sldl,38015,38,015,State House District 15 (2024); North Dakota,16592,24.9,83.3,0.5,3.1,0.6,62121
sldl,38016,38,016,State House District 16 (2024); North Dakota,16233,51.0,82.5,5.5,1.1,3.3,89817
sldl,38017,38,017,State House District 17 (2024); North Dakota,16289,49.3,87.2,2.7,2.6,1.6,102205
sldl,38018,38,018,State House District 18 (2024); North Dakota,16065,31.5,76.2,3.3,9.1,2.1,64027
sldl,38019,38,019,State House District 19 (2024); North Dakota,17116,21.7,83.8,0.9,9.5,0.8,70246
sldl,38020,38,020,State House District 20 (2024); North Dakota,16967,30.5,91.3,1.1,2.7,0.4,90689
sldl,38021,38,021,State House District 21 (2024); North Dakota,17489,27.5,77.2,6.1,6.7,2.8,56611
sldl,38022,38,022,State House District 22 (2024); North Dakota,16974,41.3,90.6,2.3,3.1,0.5,110343
sldl,38023,38,023,State House District 23 (2024); North Dakota,16776,21.8,66.1,4.8,19.3,2.3,81375
sldl,38024,38,024,State House District 24 (2024); North Dakota,16416,28.0,90.2,0.5,2.3,1.5,70756
sldl,38025,38,025,State House District 25 (2024); North Dakota,16642,24.9,88.8,0.8,3.7,0.8,75417
sldl,38026,38,026,State House District 26 (2024); North Dakota,16099,19.0,79.7,1.7,10.5,1.1,97574
sldl,38027,38,027,State House District 27 (2024); North Dakota,18767,52.1,86.3,4.4,3.9,1.0,111491
sldl,38028,38,028,State House District 28 (2024); North Dakota,17115,24.0,91.7,0.8,3.2,0.6,72219
sldl,38029,38,029,State House District 29 (2024); North Dakota,16701,28.4,93.6,0.3,1.6,0.6,79186
sldl,38030,38,030,State House District 30 (2024); North Dakota,15984,37.2,81.7,2.1,3.5,0.2,93075
sldl,38031,38,031,State House District 31 (2024); North Dakota,15065,26.4,66.1,2.4,2.9,0.5,64167
sldl,38032,38,032,State House District 32 (2024); North Dakota,17642,31.2,80.7,1.2,3.4,2.1,66064
sldl,38033,38,033,State House District 33 (2024); North Dakota,17816,24.5,92.2,0.1,4.1,0.3,88576
sldl,38034,38,034,State House District 34 (2024); North Dakota,18172,29.7,87.5,1.1,3.8,0.2,75855
sldl,38035,38,035,State House District 35 (2024); North Dakota,18323,35.2,81.3,5.8,4.5,0.5,74188
sldl,38036,38,036,State House District 36 (2024); North Dakota,15064,23.0,85.4,1.2,8.8,1.5,82591
sldl,38037,38,037,State House District 37 (2024); North Dakota,16126,35.2,83.8,3.7,6.4,0.9,81792
sldl,38038,38,038,State House District 38 (2024); North Dakota,16296,29.0,76.9,4.2,9.6,1.5,82131
sldl,38039,38,039,State House District 39 (2024); North Dakota,15706,26.9,90.8,0.2,2.1,0.3,85134
sldl,38040,38,040,State House District 40 (2024); North Dakota,15756,35.1,76.3,7.0,8.9,1.0,79256
sldl,38041,38,041,State House District 41 (2024); North Dakota,17159,46.3,81.3,6.4,3.4,3.9,86472
sldl,38042,38,042,State House District 42 (2024); North Dakota,16889,39.0,78.1,2.6,6.2,5.9,62676
sldl,38043,38,043,State House District 43 (2024); North Dakota,15359,35.7,77.8,7.7,5.6,2.7,56788
sldl,38044,38,044,State House District 44 (2024); North Dakota,18698,48.6,84.0,4.6,3.4,4.4,50964
sldl,38045,38,045,State House District 45 (2024); North Dakota,17225,48.7,87.9,1.7,4.0,2.3,93074
sldl,38046,38,046,State House District 46 (2024); North Dakota,17212,43.0,72.9,13.6,3.2,5.6,77682
sldl,38047,38,047,State House District 47 (2024); North Dakota,15656,53.2,85.6,0.9,4.1,0.9,103383
sldl,3804A,38,04A,State House District 4A (2024); North Dakota,7267,25.8,28.9,2.3,6.7,1.1,61645
sldl,3804B,38,04B,State House District 4B (2024); North Dakota,7989,21.9,89.8,0.0,4.0,0.7,82875
sldl,39001,39,001,State House District 1 (2024); Ohio,115907,40.2,48.9,32.6,9.0,2.8,53321
sldl,39002,39,002,State House District 2 (2024); Ohio,126643,20.6,30.2,52.0,7.9,3.5,57413
sldl,39003,39,003,State House District 3 (2024); Ohio,114718,31.0,41.7,40.9,8.0,3.5,54479
sldl,39004,39,004,State House District 4 (2024); Ohio,124498,55.5,69.4,14.0,3.3,6.9,109339
sldl,39005,39,005,State House District 5 (2024); Ohio,123012,26.6,51.7,33.6,6.1,2.4,69389
sldl,39006,39,006,State House District 6 (2024); Ohio,115395,32.9,59.3,15.3,14.8,4.3,73091
sldl,39007,39,007,State House District 7 (2024); Ohio,111357,73.9,76.8,4.7,5.0,8.4,91403
sldl,39008,39,008,State House District 8 (2024); Ohio,113516,57.8,71.6,7.6,6.8,8.2,84887
sldl,39009,39,009,State House District 9 (2024); Ohio,123353,33.9,42.4,36.6,8.6,6.4,66680
sldl,39010,39,010,State House District 10 (2024); Ohio,124785,29.9,72.0,13.0,7.5,2.3,76647
sldl,39011,39,011,State House District 11 (2024); Ohio,124989,64.4,72.4,4.6,5.4,13.0,112517
sldl,39012,39,012,State House District 12 (2024); Ohio,119429,23.8,88.2,3.6,3.2,0.7,81411
sldl,39013,39,013,State House District 13 (2024); Ohio,122122,40.3,62.2,13.4,16.7,2.7,56290
sldl,39014,39,014,State House District 14 (2024); Ohio,122454,23.1,72.6,9.3,11.8,2.6,62128
sldl,39015,39,015,State House District 15 (2024); Ohio,126196,26.1,71.8,6.5,13.4,3.4,70662
sldl,39016,39,016,State House District 16 (2024); Ohio,124247,51.3,80.2,5.3,7.1,3.0,88604
sldl,39017,39,017,State House District 17 (2024); Ohio,123625,44.2,85.2,2.9,3.9,4.2,93919
sldl,39018,39,018,State House District 18 (2024); Ohio,122982,46.7,33.0,56.3,2.7,3.4,61637
sldl,39019,39,019,State House District 19 (2024); Ohio,120816,51.4,74.6,9.1,3.8,7.0,100645
sldl,39020,39,020,State House District 20 (2024); Ohio,122663,22.6,21.9,63.6,5.3,4.3,33836
sldl,39021,39,021,State House District 21 (2024); Ohio,123925,39.4,44.0,47.3,2.2,2.0,62260
sldl,39022,39,022,State House District 22 (2024); Ohio,120689,18.1,19.5,70.5,3.9,0.5,47773
sldl,39023,39,023,State House District 23 (2024); Ohio,123350,32.8,79.0,12.1,2.5,1.8,74655
sldl,39024,39,024,State House District 24 (2024); Ohio,122741,31.8,42.8,40.9,6.7,2.1,47176
sldl,39025,39,025,State House District 25 (2024); Ohio,111969,35.2,41.9,42.0,5.8,2.9,43352
sldl,39026,39,026,State House District 26 (2024); Ohio,114852,56.3,68.7,18.6,5.2,2.3,77041
sldl,39027,39,027,State House District 27 (2024); Ohio,124328,51.6,71.7,15.8,4.2,2.4,100684
sldl,39028,39,028,State House District 28 (2024); Ohio,123867,49.8,63.2,18.2,7.2,6.2,89571
sldl,39029,39,029,State House District 29 (2024); Ohio,119703,28.4,63.4,24.3,3.1,1.9,74448
sldl,39030,39,030,State House District 30 (2024); Ohio,113314,36.2,84.7,8.0,1.3,0.9,85914
sldl,39031,39,031,State House District 31 (2024); Ohio,123697,39.7,84.4,5.8,1.8,3.5,77995
sldl,39032,39,032,State House District 32 (2024); Ohio,116641,25.3,83.0,6.8,2.3,2.3,68523
sldl,39033,39,033,State House District 33 (2024); Ohio,115950,28.2,50.1,34.9,3.6,2.5,47998
sldl,39034,39,034,State House District 34 (2024); Ohio,120829,44.3,75.0,9.0,3.8,7.6,82733
sldl,39035,39,035,State House District 35 (2024); Ohio,124061,46.8,79.9,8.8,1.9,4.5,105168
sldl,39036,39,036,State House District 36 (2024); Ohio,122662,36.2,78.5,8.5,5.6,2.0,67120
sldl,39037,39,037,State House District 37 (2024); Ohio,123072,42.7,73.4,12.1,5.5,4.3,83634
sldl,39038,39,038,State House District 38 (2024); Ohio,124423,20.3,42.2,47.5,3.5,1.2,45664
sldl,39039,39,039,State House District 39 (2024); Ohio,113537,26.8,67.3,20.7,3.5,1.7,69648
sldl,39040,39,040,State House District 40 (2024); Ohio,115006,22.9,92.7,1.4,1.5,0.9,78240
sldl,39041,39,041,State House District 41 (2024); Ohio,113734,29.9,65.9,21.2,6.4,1.6,61028
sldl,39042,39,042,State House District 42 (2024); Ohio,114973,16.7,49.9,31.3,11.3,0.8,43405
sldl,39043,39,043,State House District 43 (2024); Ohio,110257,26.5,67.7,16.0,8.7,1.7,61354
sldl,39044,39,044,State House District 44 (2024); Ohio,115948,43.7,85.5,2.7,5.0,2.7,99324
sldl,39045,39,045,State House District 45 (2024); Ohio,124600,41.6,68.4,10.2,7.7,8.0,96447
sldl,39046,39,046,State House District 46 (2024); Ohio,124002,32.1,76.8,8.1,6.3,2.4,87220
sldl,39047,39,047,State House District 47 (2024); Ohio,122435,26.1,75.0,7.7,7.7,3.2,64539
sldl,39048,39,048,State House District 48 (2024); Ohio,124743,32.4,89.7,3.5,1.8,0.6,77218
sldl,39049,39,049,State House District 49 (2024); Ohio,115413,27.1,69.1,15.9,5.4,1.6,56364
sldl,39050,39,050,State House District 50 (2024); Ohio,112721,19.8,90.0,3.2,2.5,0.6,67905
sldl,39051,39,051,State House District 51 (2024); Ohio,113221,19.2,92.6,0.6,3.9,0.3,66434
sldl,39052,39,052,State House District 52 (2024); Ohio,123983,31.1,78.5,6.7,7.8,1.9,76315
sldl,39053,39,053,State House District 53 (2024); Ohio,120689,27.0,66.2,9.8,18.2,0.9,65678
sldl,39054,39,054,State House District 54 (2024); Ohio,123595,22.9,86.4,2.3,6.0,0.9,75339
sldl,39055,39,055,State House District 55 (2024); Ohio,124907,38.6,88.2,1.9,3.5,2.6,104512
sldl,39056,39,056,State House District 56 (2024); Ohio,125101,52.2,75.4,4.5,3.5,11.7,114859
sldl,39057,39,057,State House District 57 (2024); Ohio,125020,31.4,85.0,2.4,7.6,1.3,87470
sldl,39058,39,058,State House District 58 (2024); Ohio,117475,21.8,63.1,22.3,8.3,0.6,48784
sldl,39059,39,059,State House District 59 (2024); Ohio,116505,31.2,86.0,3.9,4.9,1.0,68123
sldl,39060,39,060,State House District 60 (2024); Ohio,118366,66.6,74.3,4.9,3.4,12.5,154068
sldl,39061,39,061,State House District 61 (2024); Ohio,129829,46.8,86.1,3.1,3.2,3.6,109939
sldl,39062,39,062,State House District 62 (2024); Ohio,125817,37.4,89.4,1.7,3.0,1.5,90286
sldl,39063,39,063,State House District 63 (2024); Ohio,115340,20.8,93.3,1.1,1.6,0.6,75943
sldl,39064,39,064,State House District 64 (2024); Ohio,123114,19.4,81.6,10.2,2.6,0.5,53385
sldl,39065,39,065,State House District 65 (2024); Ohio,122473,20.8,90.7,3.1,2.1,0.5,62051
sldl,39066,39,066,State House District 66 (2024); Ohio,117274,40.2,92.0,1.0,2.6,0.9,96355
sldl,39067,39,067,State House District 67 (2024); Ohio,118642,26.4,91.7,1.1,2.5,0.7,81141
sldl,39068,39,068,State House District 68 (2024); Ohio,122704,31.4,81.1,5.7,3.1,5.2,82399
sldl,39069,39,069,State House District 69 (2024); Ohio,116821,24.3,93.4,1.3,1.4,0.5,86882
sldl,39070,39,070,State House District 70 (2024); Ohio,116578,46.3,80.7,4.9,3.8,3.8,96033
sldl,39071,39,071,State House District 71 (2024); Ohio,114893,25.4,87.6,4.4,2.3,0.8,72080
sldl,39072,39,072,State House District 72 (2024); Ohio,122110,28.7,87.3,4.2,2.2,1.7,66950
sldl,39073,39,073,State House District 73 (2024); Ohio,127686,34.0,77.8,11.1,3.0,3.7,89815
sldl,39074,39,074,State House District 74 (2024); Ohio,115387,19.5,79.8,9.2,4.6,0.5,60591
sldl,39075,39,075,State House District 75 (2024); Ohio,113670,36.9,85.8,2.3,6.3,2.1,73133
sldl,39076,39,076,State House District 76 (2024); Ohio,125099,17.9,83.9,7.1,2.3,0.8,59509
sldl,39077,39,077,State House District 77 (2024); Ohio,116588,25.1,92.3,1.2,2.5,1.1,73574
sldl,39078,39,078,State House District 78 (2024); Ohio,112799,20.0,80.6,8.8,3.3,0.9,65570
sldl,39079,39,079,State House District 79 (2024); Ohio,119874,16.9,92.2,1.8,1.9,0.2,59005
sldl,39080,39,080,State House District 80 (2024); Ohio,125674,25.5,90.5,1.6,2.0,1.7,76362
sldl,39081,39,081,State House District 81 (2024); Ohio,113195,17.8,88.9,0.6,7.4,0.4,70175
sldl,39082,39,082,State House District 82 (2024); Ohio,113605,20.3,88.7,0.7,7.7,0.3,73669
sldl,39083,39,083,State House District 83 (2024); Ohio,120734,26.2,89.2,1.6,4.8,1.4,68678
sldl,39084,39,084,State House District 84 (2024); Ohio,113374,20.4,94.4,0.8,2.2,0.4,71985
sldl,39085,39,085,State House District 85 (2024); Ohio,117429,19.8,91.3,2.0,1.9,0.6,74804
sldl,39086,39,086,State House District 86 (2024); Ohio,117943,28.4,84.2,3.9,3.4,3.1,81461
sldl,39087,39,087,State House District 87 (2024); Ohio,113114,18.2,94.1,0.5,2.1,0.5,68518
sldl,39088,39,088,State House District 88 (2024); Ohio,113548,19.4,84.8,2.6,8.4,0.5,64275
sldl,39089,39,089,State House District 89 (2024); Ohio,113256,28.7,83.3,5.8,4.8,0.7,72501
sldl,39090,39,090,State House District 90 (2024); Ohio,114036,17.1,93.0,1.6,1.5,0.4,52558
sldl,39091,39,091,State House District 91 (2024); Ohio,113759,15.9,93.3,1.5,1.3,0.4,61711
sldl,39092,39,092,State House District 92 (2024); Ohio,116213,15.5,90.9,3.5,1.2,0.6,60944
sldl,39093,39,093,State House District 93 (2024); Ohio,118537,18.3,93.9,1.5,1.1,0.6,57646
sldl,39094,39,094,State House District 94 (2024); Ohio,112580,20.1,94.0,1.0,1.1,0.6,58886
sldl,39095,39,095,State House District 95 (2024); Ohio,113613,24.1,89.6,3.0,2.1,1.2,58087
sldl,39096,39,096,State House District 96 (2024); Ohio,112021,18.1,89.9,3.8,1.4,0.6,57148
sldl,39097,39,097,State House District 97 (2024); Ohio,114488,19.4,91.1,2.9,1.3,0.4,59242
sldl,39098,39,098,State House District 98 (2024); Ohio,122943,17.7,94.7,0.6,1.6,0.6,65278
sldl,39099,39,099,State House District 99 (2024); Ohio,124522,26.4,88.0,3.0,4.1,0.5,74472
sldl,40001,40,001,State House District 1 (2024); Oklahoma,38489,16.1,60.2,7.0,6.2,0.9,50760
sldl,40002,40,002,State House District 2 (2024); Oklahoma,39860,15.2,60.6,1.9,5.1,0.7,51093
sldl,40003,40,003,State House District 3 (2024); Oklahoma,40344,15.6,68.8,1.3,9.0,0.7,52876
sldl,40004,40,004,State House District 4 (2024); Oklahoma,39863,28.9,46.1,1.3,8.3,0.6,51491
sldl,40005,40,005,State House District 5 (2024); Oklahoma,38712,20.6,61.7,0.3,3.9,1.2,57583
sldl,40006,40,006,State House District 6 (2024); Oklahoma,40340,18.0,65.8,1.9,3.6,1.9,63229
sldl,40007,40,007,State House District 7 (2024); Oklahoma,38863,15.2,64.4,0.9,5.4,0.7,51464
sldl,40008,40,008,State House District 8 (2024); Oklahoma,40120,22.0,68.1,0.4,5.1,0.8,72310
sldl,40009,40,009,State House District 9 (2024); Oklahoma,40367,28.0,68.0,1.5,7.4,1.6,76977
sldl,40010,40,010,State House District 10 (2024); Oklahoma,39423,21.1,68.0,1.3,6.3,1.6,56182
sldl,40011,40,011,State House District 11 (2024); Oklahoma,41939,33.5,71.6,2.7,6.1,2.6,79856
sldl,40012,40,012,State House District 12 (2024); Oklahoma,41908,30.9,70.7,2.7,6.3,1.5,87823
sldl,40013,40,013,State House District 13 (2024); Oklahoma,39506,15.6,50.8,12.6,8.0,1.1,50289
sldl,40014,40,014,State House District 14 (2024); Oklahoma,39148,21.7,58.3,5.3,6.3,0.8,56547
sldl,40015,40,015,State House District 15 (2024); Oklahoma,39321,16.4,68.4,1.0,3.3,0.6,49781
sldl,40016,40,016,State House District 16 (2024); Oklahoma,39235,20.8,62.1,7.0,5.2,0.6,57885
sldl,40017,40,017,State House District 17 (2024); Oklahoma,38639,19.0,66.4,1.3,4.8,0.4,53057
sldl,40018,40,018,State House District 18 (2024); Oklahoma,37628,15.8,60.6,5.5,6.1,0.6,50574
sldl,40019,40,019,State House District 19 (2024); Oklahoma,38577,16.8,65.3,5.0,5.3,0.4,49453
sldl,40020,40,020,State House District 20 (2024); Oklahoma,43745,31.0,73.7,3.7,7.2,1.0,86691
sldl,40021,40,021,State House District 21 (2024); Oklahoma,40713,27.7,67.5,1.8,8.0,0.9,58218
sldl,40022,40,022,State House District 22 (2024); Oklahoma,39221,19.3,66.7,2.2,6.1,0.1,57824
sldl,40023,40,023,State House District 23 (2024); Oklahoma,39282,19.5,49.4,6.7,24.6,3.4,65043
sldl,40024,40,024,State House District 24 (2024); Oklahoma,39691,35.8,68.5,2.3,9.2,2.6,89953
sldl,40025,40,025,State House District 25 (2024); Oklahoma,39598,30.1,63.5,2.4,6.3,1.1,63511
sldl,40026,40,026,State House District 26 (2024); Oklahoma,39629,24.4,68.4,3.4,6.9,0.9,58743
sldl,40027,40,027,State House District 27 (2024); Oklahoma,37214,20.2,74.4,1.6,6.4,0.9,73655
sldl,40028,40,028,State House District 28 (2024); Oklahoma,40097,15.3,64.6,3.3,6.6,0.9,55628
sldl,40029,40,029,State House District 29 (2024); Oklahoma,40453,19.5,74.9,1.5,4.6,0.3,68351
sldl,40030,40,030,State House District 30 (2024); Oklahoma,38428,21.1,69.1,2.9,6.9,1.5,65587
sldl,40031,40,031,State House District 31 (2024); Oklahoma,42416,36.9,74.8,4.5,10.5,0.7,89340
sldl,40032,40,032,State House District 32 (2024); Oklahoma,38994,16.9,79.8,1.5,4.1,0.6,60263
sldl,40033,40,033,State House District 33 (2024); Oklahoma,39846,33.5,73.4,4.9,7.8,1.8,64049
sldl,40034,40,034,State House District 34 (2024); Oklahoma,40783,49.3,71.3,4.8,5.5,6.7,41804
sldl,40035,40,035,State House District 35 (2024); Oklahoma,38118,17.7,75.3,1.2,3.1,0.6,59442
sldl,40036,40,036,State House District 36 (2024); Oklahoma,40749,28.9,79.5,1.9,6.3,0.8,94957
sldl,40037,40,037,State House District 37 (2024); Oklahoma,39433,19.5,68.1,2.9,7.8,0.4,58428
sldl,40038,40,038,State House District 38 (2024); Oklahoma,40832,20.4,77.9,0.7,8.1,0.6,67085
sldl,40039,40,039,State House District 39 (2024); Oklahoma,39909,51.6,75.1,6.7,6.0,3.4,103368
sldl,40040,40,040,State House District 40 (2024); Oklahoma,37648,21.8,66.2,2.4,18.0,1.5,59311
sldl,40041,40,041,State House District 41 (2024); Oklahoma,46138,49.0,67.2,6.8,10.9,4.7,117665
sldl,40042,40,042,State House District 42 (2024); Oklahoma,38631,19.1,73.5,0.9,11.5,0.2,62444
sldl,40043,40,043,State House District 43 (2024); Oklahoma,42026,31.6,71.3,2.9,10.9,4.2,78786
sldl,40044,40,044,State House District 44 (2024); Oklahoma,40900,46.7,65.7,4.7,10.7,5.1,50606
sldl,40045,40,045,State House District 45 (2024); Oklahoma,40600,41.5,70.8,5.4,7.0,3.6,74867
sldl,40046,40,046,State House District 46 (2024); Oklahoma,39712,51.5,70.9,3.1,10.1,4.7,81223
sldl,40047,40,047,State House District 47 (2024); Oklahoma,44474,33.0,70.2,2.9,10.5,4.9,100954
sldl,40048,40,048,State House District 48 (2024); Oklahoma,40718,19.6,63.5,7.0,10.1,1.6,55938
sldl,40049,40,049,State House District 49 (2024); Oklahoma,38508,17.7,68.3,1.3,14.4,0.5,64328
sldl,40050,40,050,State House District 50 (2024); Oklahoma,39357,19.4,76.5,1.6,9.6,0.6,58494
sldl,40051,40,051,State House District 51 (2024); Oklahoma,39604,22.7,81.4,0.4,5.8,0.5,77984
sldl,40052,40,052,State House District 52 (2024); Oklahoma,38902,21.0,63.4,5.8,22.1,1.3,56267
sldl,40053,40,053,State House District 53 (2024); Oklahoma,40370,32.0,69.9,4.6,10.8,3.3,84804
sldl,40054,40,054,State House District 54 (2024); Oklahoma,40283,25.1,56.1,7.9,20.0,3.9,66740
sldl,40055,40,055,State House District 55 (2024); Oklahoma,39110,18.1,74.3,2.1,14.4,0.9,57480
sldl,40056,40,056,State House District 56 (2024); Oklahoma,39913,20.8,72.1,4.9,11.4,0.3,68036
sldl,40057,40,057,State House District 57 (2024); Oklahoma,39574,25.5,67.9,3.8,16.9,0.8,59599
sldl,40058,40,058,State House District 58 (2024); Oklahoma,39119,22.5,78.5,1.4,12.0,0.3,59813
sldl,40059,40,059,State House District 59 (2024); Oklahoma,38874,22.5,73.8,1.8,14.1,0.3,69496
sldl,40060,40,060,State House District 60 (2024); Oklahoma,41959,33.0,68.3,3.9,14.2,2.3,88066
sldl,40061,40,061,State House District 61 (2024); Oklahoma,37210,23.2,52.9,3.6,37.8,0.9,61585
sldl,40062,40,062,State House District 62 (2024); Oklahoma,40081,25.5,49.7,16.2,15.4,3.6,60820
sldl,40063,40,063,State House District 63 (2024); Oklahoma,38968,23.1,60.9,8.9,15.0,1.3,69714
sldl,40064,40,064,State House District 64 (2024); Oklahoma,39101,21.3,49.5,17.0,15.0,2.7,48730
sldl,40065,40,065,State House District 65 (2024); Oklahoma,37387,20.9,58.8,3.4,14.7,0.9,61707
sldl,40066,40,066,State House District 66 (2024); Oklahoma,39422,23.6,71.6,1.6,6.4,0.4,65052
sldl,40067,40,067,State House District 67 (2024); Oklahoma,40534,48.0,63.3,7.4,9.0,7.3,89575
sldl,40068,40,068,State House District 68 (2024); Oklahoma,40388,35.3,57.7,6.5,10.6,8.0,74308
sldl,40069,40,069,State House District 69 (2024); Oklahoma,39475,59.1,71.0,4.3,7.4,4.7,106220
sldl,40070,40,070,State House District 70 (2024); Oklahoma,39368,54.9,74.5,4.8,6.0,2.0,77657
sldl,40071,40,071,State House District 71 (2024); Oklahoma,40303,40.7,57.9,14.1,9.4,4.3,53685
sldl,40072,40,072,State House District 72 (2024); Oklahoma,40527,23.0,41.9,13.3,28.2,2.5,47367
sldl,40073,40,073,State House District 73 (2024); Oklahoma,37782,17.8,21.8,49.9,16.1,0.4,43302
sldl,40074,40,074,State House District 74 (2024); Oklahoma,41528,35.6,68.2,3.0,10.4,2.5,80914
sldl,40075,40,075,State House District 75 (2024); Oklahoma,39277,29.2,45.0,10.6,28.1,5.5,72442
sldl,40076,40,076,State House District 76 (2024); Oklahoma,39787,33.9,61.9,7.0,12.2,6.6,86682
sldl,40077,40,077,State House District 77 (2024); Oklahoma,38076,14.4,40.2,8.3,36.2,1.8,51122
sldl,40078,40,078,State House District 78 (2024); Oklahoma,41208,32.7,54.4,9.6,22.3,1.6,60425
sldl,40079,40,079,State House District 79 (2024); Oklahoma,39835,31.8,50.1,12.2,21.8,3.7,58040
sldl,40080,40,080,State House District 80 (2024); Oklahoma,42038,41.9,65.4,5.8,10.1,4.0,89791
sldl,40081,40,081,State House District 81 (2024); Oklahoma,39703,58.1,73.7,5.0,7.4,3.5,77841
sldl,40082,40,082,State House District 82 (2024); Oklahoma,44963,59.6,59.5,10.9,8.1,9.6,119888
sldl,40083,40,083,State House District 83 (2024); Oklahoma,37390,55.3,65.0,14.0,7.2,4.0,85384
sldl,40084,40,084,State House District 84 (2024); Oklahoma,38102,24.7,50.3,11.4,27.9,1.6,55338
sldl,40085,40,085,State House District 85 (2024); Oklahoma,38827,54.6,68.4,8.4,9.3,2.7,81659
sldl,40086,40,086,State House District 86 (2024); Oklahoma,38677,16.0,43.6,0.6,6.4,1.6,52440
sldl,40087,40,087,State House District 87 (2024); Oklahoma,39719,27.6,42.7,12.2,31.9,3.4,50721
sldl,40088,40,088,State House District 88 (2024); Oklahoma,39777,41.6,52.6,6.8,24.8,5.3,59398
sldl,40089,40,089,State House District 89 (2024); Oklahoma,39409,7.7,19.9,6.8,66.9,0.3,42396
sldl,40090,40,090,State House District 90 (2024); Oklahoma,38659,28.5,45.8,11.4,26.2,6.3,59588
sldl,40091,40,091,State House District 91 (2024); Oklahoma,40351,35.9,61.4,4.6,11.7,10.8,87531
sldl,40092,40,092,State House District 92 (2024); Oklahoma,41437,13.0,30.1,9.3,50.7,1.9,47367
sldl,40093,40,093,State House District 93 (2024); Oklahoma,38939,9.4,29.6,7.2,53.5,0.8,50583
sldl,40094,40,094,State House District 94 (2024); Oklahoma,40085,17.5,43.7,24.1,17.0,2.9,52305
sldl,40095,40,095,State House District 95 (2024); Oklahoma,40254,28.1,61.0,14.6,11.1,1.9,63260
sldl,40096,40,096,State House District 96 (2024); Oklahoma,40512,58.7,65.9,12.7,5.4,5.4,105597
sldl,40097,40,097,State House District 97 (2024); Oklahoma,39950,29.9,35.0,44.3,10.3,2.1,55581
sldl,40098,40,098,State House District 98 (2024); Oklahoma,40989,30.8,63.3,4.6,14.1,3.8,80981
sldl,40099,40,099,State House District 99 (2024); Oklahoma,39379,31.7,31.2,43.6,13.2,1.8,48404
sldl,40100,40,100,State House District 100 (2024); Oklahoma,40534,33.2,50.9,16.3,14.2,4.5,64733
sldl,40101,40,101,State House District 101 (2024); Oklahoma,40830,28.3,64.9,11.0,6.8,2.3,80612
sldl,41001,41,001,State House District 1 (2024); Oregon,71045,21.0,82.9,0.1,6.5,0.8,60964
sldl,41002,41,002,State House District 2 (2024); Oregon,72695,20.2,84.0,0.4,7.1,0.8,61536
sldl,41003,41,003,State House District 3 (2024); Oregon,71902,19.5,82.4,0.5,9.0,0.8,58571
sldl,41004,41,004,State House District 4 (2024); Oregon,69223,22.0,82.3,0.4,9.7,0.9,71273
sldl,41005,41,005,State House District 5 (2024); Oregon,69971,45.6,82.3,0.3,9.4,1.0,73680
sldl,41006,41,006,State House District 6 (2024); Oregon,72512,29.5,70.2,1.2,19.9,1.2,71957
sldl,41007,41,007,State House District 7 (2024); Oregon,71027,22.2,76.8,0.8,13.7,1.3,69599
sldl,41008,41,008,State House District 8 (2024); Oregon,75427,55.6,75.2,1.5,9.7,4.9,53484
sldl,41009,41,009,State House District 9 (2024); Oregon,71020,24.3,84.2,0.8,6.8,1.3,65612
sldl,41010,41,010,State House District 10 (2024); Oregon,71484,31.0,79.2,0.4,9.7,1.2,67500
sldl,41011,41,011,State House District 11 (2024); Oregon,72764,17.9,84.6,0.3,7.6,0.7,76697
sldl,41012,41,012,State House District 12 (2024); Oregon,69705,27.3,84.3,0.2,6.5,1.5,86086
sldl,41013,41,013,State House District 13 (2024); Oregon,71951,43.0,76.7,1.5,10.5,3.1,86377
sldl,41014,41,014,State House District 14 (2024); Oregon,67484,27.8,74.5,1.2,14.1,2.3,67038
sldl,41015,41,015,State House District 15 (2024); Oregon,72015,29.8,77.6,0.7,14.0,1.9,81659
sldl,41016,41,016,State House District 16 (2024); Oregon,69946,60.5,74.4,1.4,9.8,8.1,69503
sldl,41017,41,017,State House District 17 (2024); Oregon,72697,25.6,67.5,0.9,22.5,1.6,85071
sldl,41018,41,018,State House District 18 (2024); Oregon,70315,23.5,77.6,0.7,14.6,1.1,89063
sldl,41019,41,019,State House District 19 (2024); Oregon,69810,34.4,64.9,1.5,21.2,4.1,81756
sldl,41020,41,020,State House District 20 (2024); Oregon,72527,39.0,71.8,1.0,17.0,2.6,89965
sldl,41021,41,021,State House District 21 (2024); Oregon,71554,22.6,60.6,1.4,29.7,1.8,74014
sldl,41022,41,022,State House District 22 (2024); Oregon,73106,14.0,38.3,0.7,52.8,1.4,60422
sldl,41023,41,023,State House District 23 (2024); Oregon,72305,31.6,76.9,0.7,14.2,1.5,91542
sldl,41024,41,024,State House District 24 (2024); Oregon,70960,24.6,71.7,0.8,17.5,1.6,81112
sldl,41025,41,025,State House District 25 (2024); Oregon,71204,50.2,69.1,1.6,13.5,8.1,101189
sldl,41026,41,026,State House District 26 (2024); Oregon,69609,48.9,73.2,1.4,11.9,5.3,108329
sldl,41027,41,027,State House District 27 (2024); Oregon,67741,50.2,64.6,2.1,17.9,6.9,97965
sldl,41028,41,028,State House District 28 (2024); Oregon,73164,67.3,73.2,2.5,9.4,6.1,106608
sldl,41029,41,029,State House District 29 (2024); Oregon,71088,29.4,53.6,1.8,37.2,2.6,94053
sldl,41030,41,030,State House District 30 (2024); Oregon,70801,45.3,56.1,2.8,17.7,14.1,106152
sldl,41031,41,031,State House District 31 (2024); Oregon,72215,26.2,83.6,0.7,6.5,2.0,94963
sldl,41032,41,032,State House District 32 (2024); Oregon,71697,27.3,81.0,1.0,10.4,1.1,70454
sldl,41033,41,033,State House District 33 (2024); Oregon,66284,66.0,69.4,3.8,9.9,8.2,78146
sldl,41034,41,034,State House District 34 (2024); Oregon,70640,68.3,53.2,1.6,8.2,30.2,148390
sldl,41035,41,035,State House District 35 (2024); Oregon,70429,37.8,48.6,4.1,24.8,14.4,95107
sldl,41036,41,036,State House District 36 (2024); Oregon,73521,49.8,58.4,2.1,18.2,12.5,128673
sldl,41037,41,037,State House District 37 (2024); Oregon,69579,55.9,72.1,1.1,13.9,5.1,125789
sldl,41038,41,038,State House District 38 (2024); Oregon,69437,73.0,73.7,1.4,7.6,9.2,132929
sldl,41039,41,039,State House District 39 (2024); Oregon,74818,37.8,65.9,2.4,12.4,11.5,93456
sldl,41040,41,040,State House District 40 (2024); Oregon,71119,31.4,80.3,1.0,9.4,2.0,95049
sldl,41041,41,041,State House District 41 (2024); Oregon,71085,53.8,78.9,1.4,9.1,3.3,94949
sldl,41042,41,042,State House District 42 (2024); Oregon,68002,65.4,75.1,2.2,9.4,5.3,89363
sldl,41043,41,043,State House District 43 (2024); Oregon,71044,63.7,68.5,9.4,9.2,3.5,103732
sldl,41044,41,044,State House District 44 (2024); Oregon,71258,49.4,57.9,9.3,17.1,5.2,92826
sldl,41045,41,045,State House District 45 (2024); Oregon,69462,54.2,68.6,5.3,11.1,7.0,97734
sldl,41046,41,046,State House District 46 (2024); Oregon,67985,44.2,62.4,4.3,11.1,13.2,92658
sldl,41047,41,047,State House District 47 (2024); Oregon,66727,26.2,51.3,8.2,18.2,12.4,67247
sldl,41048,41,048,State House District 48 (2024); Oregon,69302,25.8,60.6,4.9,14.7,12.4,81012
sldl,41049,41,049,State House District 49 (2024); Oregon,68759,21.8,56.2,6.6,23.9,4.6,71639
sldl,41050,41,050,State House District 50 (2024); Oregon,69620,24.7,64.4,3.1,18.6,5.6,82601
sldl,41051,41,051,State House District 51 (2024); Oregon,70576,28.4,80.8,0.2,10.7,1.5,103481
sldl,41052,41,052,State House District 52 (2024); Oregon,68528,32.7,70.3,0.5,21.8,1.1,86778
sldl,41053,41,053,State House District 53 (2024); Oregon,75317,46.3,81.9,0.6,10.0,1.3,100721
sldl,41054,41,054,State House District 54 (2024); Oregon,73618,51.2,82.6,0.2,10.0,0.9,90700
sldl,41055,41,055,State House District 55 (2024); Oregon,69554,29.1,80.6,0.6,10.6,0.5,69580
sldl,41056,41,056,State House District 56 (2024); Oregon,71216,20.0,74.6,0.5,15.5,0.9,64093
sldl,41057,41,057,State House District 57 (2024); Oregon,71207,15.6,53.6,0.6,36.4,0.8,67631
sldl,41058,41,058,State House District 58 (2024); Oregon,69700,25.2,80.7,0.8,9.3,0.6,66754
sldl,41059,41,059,State House District 59 (2024); Oregon,72688,26.2,78.9,0.4,12.6,0.5,85068
sldl,41060,41,060,State House District 60 (2024); Oregon,71854,19.2,74.1,1.0,18.6,0.7,57948
sldl,42001,42,001,State House District 1 (2024); Pennsylvania,65016,23.2,65.6,15.7,9.4,2.3,42263
sldl,42002,42,002,State House District 2 (2024); Pennsylvania,64229,28.5,79.2,9.3,4.4,3.0,63445
sldl,42003,42,003,State House District 3 (2024); Pennsylvania,64719,42.8,88.6,1.8,3.0,3.2,82859
sldl,42004,42,004,State House District 4 (2024); Pennsylvania,64353,28.0,93.2,0.3,2.7,0.5,71456
sldl,42005,42,005,State House District 5 (2024); Pennsylvania,66214,31.4,85.9,3.0,6.7,0.8,101368
sldl,42006,42,006,State House District 6 (2024); Pennsylvania,63818,21.4,91.4,2.8,1.8,0.6,62791
sldl,42007,42,007,State House District 7 (2024); Pennsylvania,65164,24.6,84.8,8.0,2.1,0.6,55646
sldl,42008,42,008,State House District 8 (2024); Pennsylvania,64276,30.3,94.6,0.5,1.5,0.4,84016
sldl,42009,42,009,State House District 9 (2024); Pennsylvania,63237,23.7,87.4,4.6,2.5,0.3,58336
sldl,42010,42,010,State House District 10 (2024); Pennsylvania,57600,37.4,21.9,58.9,3.5,9.2,48450
sldl,42011,42,011,State House District 11 (2024); Pennsylvania,63999,27.1,93.0,1.5,2.0,0.4,71230
sldl,42012,42,012,State House District 12 (2024); Pennsylvania,67207,60.1,89.7,1.1,2.4,3.3,119871
sldl,42013,42,013,State House District 13 (2024); Pennsylvania,65246,44.4,76.3,3.2,14.3,1.9,125175
sldl,42014,42,014,State House District 14 (2024); Pennsylvania,66075,29.2,89.0,5.0,1.2,0.5,72515
sldl,42015,42,015,State House District 15 (2024); Pennsylvania,65554,26.6,92.3,1.6,1.5,0.5,79380
sldl,42016,42,016,State House District 16 (2024); Pennsylvania,64380,26.8,80.3,9.7,4.0,0.5,63543
sldl,42017,42,017,State House District 17 (2024); Pennsylvania,67652,25.1,92.1,1.7,1.4,0.6,67173
sldl,42018,42,018,State House District 18 (2024); Pennsylvania,63743,32.3,62.9,6.9,13.5,13.5,85550
sldl,42019,42,019,State House District 19 (2024); Pennsylvania,62344,35.5,44.8,39.6,5.5,2.8,51704
sldl,42020,42,020,State House District 20 (2024); Pennsylvania,60246,47.5,84.3,6.3,3.0,3.1,79783
sldl,42021,42,021,State House District 21 (2024); Pennsylvania,61741,47.6,87.1,4.6,2.4,2.1,85852
sldl,42022,42,022,State House District 22 (2024); Pennsylvania,61705,13.7,23.4,10.6,62.3,1.1,51136
sldl,42023,42,023,State House District 23 (2024); Pennsylvania,59651,75.9,71.3,4.5,5.4,13.8,73063
sldl,42024,42,024,State House District 24 (2024); Pennsylvania,63236,52.0,44.9,37.7,4.4,7.8,55702
sldl,42025,42,025,State House District 25 (2024); Pennsylvania,63481,35.9,73.4,16.7,2.8,2.8,67172
sldl,42026,42,026,State House District 26 (2024); Pennsylvania,65584,51.4,82.6,2.8,5.9,2.8,108668
sldl,42027,42,027,State House District 27 (2024); Pennsylvania,61724,43.4,75.7,10.1,2.5,6.4,75038
sldl,42028,42,028,State House District 28 (2024); Pennsylvania,64047,62.2,88.3,1.0,1.2,6.1,136561
sldl,42029,42,029,State House District 29 (2024); Pennsylvania,65675,64.3,85.9,1.3,3.2,4.3,154259
sldl,42030,42,030,State House District 30 (2024); Pennsylvania,61809,65.1,84.0,1.4,4.1,6.9,125921
sldl,42031,42,031,State House District 31 (2024); Pennsylvania,67001,68.0,82.1,0.9,5.0,7.3,166037
sldl,42032,42,032,State House District 32 (2024); Pennsylvania,63244,36.6,67.3,23.9,2.4,0.6,74639
sldl,42033,42,033,State House District 33 (2024); Pennsylvania,60547,45.9,88.9,2.9,1.6,3.5,80798
sldl,42034,42,034,State House District 34 (2024); Pennsylvania,61162,43.5,52.5,33.7,3.8,2.0,60138
sldl,42035,42,035,State House District 35 (2024); Pennsylvania,63682,19.6,63.7,25.1,3.4,0.3,48254
sldl,42036,42,036,State House District 36 (2024); Pennsylvania,60158,34.7,75.6,13.9,3.6,2.1,66849
sldl,42037,42,037,State House District 37 (2024); Pennsylvania,67378,33.1,90.2,1.2,4.4,1.3,89833
sldl,42038,42,038,State House District 38 (2024); Pennsylvania,63210,31.3,82.6,4.9,2.1,6.6,77362
sldl,42039,42,039,State House District 39 (2024); Pennsylvania,65143,34.8,90.3,2.2,1.3,3.2,84310
sldl,42040,42,040,State House District 40 (2024); Pennsylvania,65155,59.1,91.5,1.1,1.5,3.2,121769
sldl,42041,42,041,State House District 41 (2024); Pennsylvania,65088,37.4,77.1,3.0,12.5,4.1,89764
sldl,42042,42,042,State House District 42 (2024); Pennsylvania,63385,62.2,86.8,1.8,2.6,4.0,107779
sldl,42043,42,043,State House District 43 (2024); Pennsylvania,64541,24.9,85.8,1.6,6.8,2.3,78753
sldl,42044,42,044,State House District 44 (2024); Pennsylvania,65344,53.1,84.8,2.5,2.6,4.0,106292
sldl,42045,42,045,State House District 45 (2024); Pennsylvania,64956,37.2,79.9,9.9,2.6,2.0,76581
sldl,42046,42,046,State House District 46 (2024); Pennsylvania,67411,45.4,86.5,2.6,2.2,4.9,99731
sldl,42047,42,047,State House District 47 (2024); Pennsylvania,64515,31.8,80.0,6.1,8.1,1.5,92678
sldl,42048,42,048,State House District 48 (2024); Pennsylvania,66276,28.7,87.2,5.1,3.1,1.0,73137
sldl,42049,42,049,State House District 49 (2024); Pennsylvania,63098,27.9,42.0,12.8,37.5,2.9,67238
sldl,42050,42,050,State House District 50 (2024); Pennsylvania,65417,22.4,89.4,3.6,1.5,0.4,64943
sldl,42051,42,051,State House District 51 (2024); Pennsylvania,63087,21.2,88.9,4.0,1.8,0.5,59787
sldl,42052,42,052,State House District 52 (2024); Pennsylvania,62910,16.9,89.2,3.8,1.1,0.4,57153
sldl,42053,42,053,State House District 53 (2024); Pennsylvania,66575,43.1,67.9,4.1,8.0,17.0,97965
sldl,42054,42,054,State House District 54 (2024); Pennsylvania,63592,40.2,47.5,21.1,22.1,3.4,87182
sldl,42055,42,055,State House District 55 (2024); Pennsylvania,65240,34.6,88.2,4.5,1.8,2.0,77971
sldl,42056,42,056,State House District 56 (2024); Pennsylvania,66080,38.2,90.4,2.0,2.5,0.9,86632
sldl,42057,42,057,State House District 57 (2024); Pennsylvania,66594,36.3,92.6,1.8,1.8,0.8,74576
sldl,42058,42,058,State House District 58 (2024); Pennsylvania,62743,26.4,91.2,3.8,0.9,0.7,66981
sldl,42059,42,059,State House District 59 (2024); Pennsylvania,65878,30.0,94.2,1.0,1.0,0.7,67316
sldl,42060,42,060,State House District 60 (2024); Pennsylvania,63228,24.2,93.7,1.1,1.2,0.3,67556
sldl,42061,42,061,State House District 61 (2024); Pennsylvania,64236,61.2,75.2,6.7,2.8,11.8,124112
sldl,42062,42,062,State House District 62 (2024); Pennsylvania,65532,30.0,90.1,2.7,2.2,1.1,59903
sldl,42063,42,063,State House District 63 (2024); Pennsylvania,64538,20.0,94.5,1.3,1.2,0.5,62711
sldl,42064,42,064,State House District 64 (2024); Pennsylvania,61226,18.8,93.4,1.1,1.3,0.3,59637
sldl,42065,42,065,State House District 65 (2024); Pennsylvania,62843,18.9,92.1,2.4,1.9,0.4,61168
sldl,42066,42,066,State House District 66 (2024); Pennsylvania,61374,17.6,96.0,0.2,0.9,0.2,59421
sldl,42067,42,067,State House District 67 (2024); Pennsylvania,60519,19.5,92.5,1.5,1.8,0.6,60876
sldl,42068,42,068,State House District 68 (2024); Pennsylvania,63710,20.1,94.9,0.8,1.6,0.4,63441
sldl,42069,42,069,State House District 69 (2024); Pennsylvania,64622,17.9,92.9,2.9,1.5,0.6,62469
sldl,42070,42,070,State House District 70 (2024); Pennsylvania,68488,51.4,72.6,11.1,5.9,6.5,117967
sldl,42071,42,071,State House District 71 (2024); Pennsylvania,62057,23.8,93.2,1.6,1.8,0.6,63308
sldl,42072,42,072,State House District 72 (2024); Pennsylvania,63096,24.4,86.7,4.4,2.8,0.5,54206
sldl,42073,42,073,State House District 73 (2024); Pennsylvania,61163,15.9,92.1,2.3,2.2,0.5,59721
sldl,42074,42,074,State House District 74 (2024); Pennsylvania,65949,29.0,65.5,14.3,13.6,0.7,87514
sldl,42075,42,075,State House District 75 (2024); Pennsylvania,62540,24.3,94.0,0.5,2.3,0.6,66301
sldl,42076,42,076,State House District 76 (2024); Pennsylvania,62771,23.1,92.0,1.8,2.7,1.1,63101
sldl,42077,42,077,State House District 77 (2024); Pennsylvania,62127,58.5,79.1,3.1,3.1,9.0,70734
sldl,42078,42,078,State House District 78 (2024); Pennsylvania,62044,16.5,94.9,0.8,1.3,0.4,61407
sldl,42079,42,079,State House District 79 (2024); Pennsylvania,62210,23.0,89.3,3.2,1.6,0.8,55674
sldl,42080,42,080,State House District 80 (2024); Pennsylvania,61204,26.2,94.2,0.5,1.6,0.6,72947
sldl,42081,42,081,State House District 81 (2024); Pennsylvania,66029,18.1,90.7,3.2,2.3,0.4,69851
sldl,42082,42,082,State House District 82 (2024); Pennsylvania,65006,43.9,81.8,4.6,5.1,4.6,78760
sldl,42083,42,083,State House District 83 (2024); Pennsylvania,64368,24.9,80.2,8.9,3.8,1.3,58401
sldl,42084,42,084,State House District 84 (2024); Pennsylvania,63421,22.4,94.1,0.7,1.9,0.4,71532
sldl,42085,42,085,State House District 85 (2024); Pennsylvania,65692,22.1,93.8,1.1,2.3,0.8,71504
sldl,42086,42,086,State House District 86 (2024); Pennsylvania,64589,19.0,92.6,0.9,3.3,0.4,74904
sldl,42087,42,087,State House District 87 (2024); Pennsylvania,69128,47.6,80.7,3.5,4.2,7.9,110456
sldl,42088,42,088,State House District 88 (2024); Pennsylvania,69147,44.6,74.3,4.5,7.2,8.8,91224
sldl,42089,42,089,State House District 89 (2024); Pennsylvania,67136,29.4,76.8,4.4,12.5,1.5,74315
sldl,42090,42,090,State House District 90 (2024); Pennsylvania,65730,22.5,88.4,2.5,4.3,0.8,80494
sldl,42091,42,091,State House District 91 (2024); Pennsylvania,67733,28.0,87.2,2.1,6.4,1.4,84924
sldl,42092,42,092,State House District 92 (2024); Pennsylvania,68296,29.0,89.8,1.0,5.0,0.7,94112
sldl,42093,42,093,State House District 93 (2024); Pennsylvania,66152,32.7,83.1,5.0,4.7,1.7,92141
sldl,42094,42,094,State House District 94 (2024); Pennsylvania,64031,26.0,85.7,4.0,4.6,1.5,87210
sldl,42095,42,095,State House District 95 (2024); Pennsylvania,66473,22.7,44.4,18.7,30.4,1.6,58673
sldl,42096,42,096,State House District 96 (2024); Pennsylvania,63935,48.6,69.8,3.7,17.5,5.0,86706
sldl,42097,42,097,State House District 97 (2024); Pennsylvania,66403,41.2,80.4,4.0,9.2,2.7,100989
sldl,42098,42,098,State House District 98 (2024); Pennsylvania,67492,34.6,85.9,1.9,6.7,1.7,91405
sldl,42099,42,099,State House District 99 (2024); Pennsylvania,63496,24.6,91.5,0.7,4.0,1.4,98876
sldl,42100,42,100,State House District 100 (2024); Pennsylvania,64294,18.5,91.2,1.1,4.0,0.6,85923
sldl,42101,42,101,State House District 101 (2024); Pennsylvania,65797,22.1,66.2,2.2,26.7,1.5,67985
sldl,42102,42,102,State House District 102 (2024); Pennsylvania,65904,23.0,88.9,1.2,5.7,1.3,83062
sldl,42103,42,103,State House District 103 (2024); Pennsylvania,64848,39.3,59.3,20.6,11.2,3.5,69436
sldl,42104,42,104,State House District 104 (2024); Pennsylvania,64418,23.1,39.9,26.4,21.0,7.8,64559
sldl,42105,42,105,State House District 105 (2024); Pennsylvania,65304,35.8,50.7,21.4,10.4,11.4,82668
sldl,42106,42,106,State House District 106 (2024); Pennsylvania,67910,44.2,77.4,2.9,9.6,5.9,87287
sldl,42107,42,107,State House District 107 (2024); Pennsylvania,66929,18.1,91.0,2.9,3.3,0.1,63980
sldl,42108,42,108,State House District 108 (2024); Pennsylvania,64479,26.0,88.9,1.5,5.3,1.4,66421
sldl,42109,42,109,State House District 109 (2024); Pennsylvania,65362,26.6,90.5,1.7,4.1,0.7,64644
sldl,42110,42,110,State House District 110 (2024); Pennsylvania,63060,22.8,93.5,0.8,2.1,0.5,69286
sldl,42111,42,111,State House District 111 (2024); Pennsylvania,65824,20.7,90.1,2.3,4.1,0.5,65166
sldl,42112,42,112,State House District 112 (2024); Pennsylvania,63206,29.6,88.4,1.0,5.3,1.4,65874
sldl,42113,42,113,State House District 113 (2024); Pennsylvania,60931,27.1,66.7,5.8,15.9,5.8,56673
sldl,42114,42,114,State House District 114 (2024); Pennsylvania,63638,33.9,82.2,2.9,8.8,2.3,72411
sldl,42115,42,115,State House District 115 (2024); Pennsylvania,62280,26.6,54.2,15.0,21.5,3.2,85582
sldl,42116,42,116,State House District 116 (2024); Pennsylvania,65192,13.0,49.1,3.3,44.7,0.5,50663
sldl,42117,42,117,State House District 117 (2024); Pennsylvania,61751,28.9,89.6,0.9,5.2,1.0,81049
sldl,42118,42,118,State House District 118 (2024); Pennsylvania,62176,30.2,83.8,1.8,8.4,1.6,69143
sldl,42119,42,119,State House District 119 (2024); Pennsylvania,61556,24.3,78.1,5.2,11.0,1.7,65185
sldl,42120,42,120,State House District 120 (2024); Pennsylvania,63343,31.2,86.6,4.9,5.3,0.9,69753
sldl,42121,42,121,State House District 121 (2024); Pennsylvania,61668,23.2,59.9,8.3,26.0,1.7,55368
sldl,42122,42,122,State House District 122 (2024); Pennsylvania,65382,19.2,87.9,1.9,6.9,0.6,67554
sldl,42123,42,123,State House District 123 (2024); Pennsylvania,65765,20.0,87.4,2.2,6.7,0.6,63762
sldl,42124,42,124,State House District 124 (2024); Pennsylvania,66969,25.1,86.4,2.8,7.2,0.6,75817
sldl,42125,42,125,State House District 125 (2024); Pennsylvania,64263,33.8,86.1,3.9,2.8,2.9,87365
sldl,42126,42,126,State House District 126 (2024); Pennsylvania,64645,22.0,44.9,4.8,45.9,0.7,74879
sldl,42127,42,127,State House District 127 (2024); Pennsylvania,59974,14.9,30.7,7.5,58.7,0.7,50357
sldl,42128,42,128,State House District 128 (2024); Pennsylvania,64565,36.6,84.8,3.2,6.0,1.5,102270
sldl,42129,42,129,State House District 129 (2024); Pennsylvania,64972,31.6,48.1,5.8,39.5,2.6,66862
sldl,42130,42,130,State House District 130 (2024); Pennsylvania,65775,25.7,88.9,0.8,6.9,1.2,91713
sldl,42131,42,131,State House District 131 (2024); Pennsylvania,66528,42.6,87.6,1.3,4.8,2.9,115409
sldl,42132,42,132,State House District 132 (2024); Pennsylvania,65892,45.9,63.8,6.3,18.5,8.2,92854
sldl,42133,42,133,State House District 133 (2024); Pennsylvania,66010,30.7,63.7,7.0,24.1,1.7,72495
sldl,42134,42,134,State House District 134 (2024); Pennsylvania,63998,24.0,42.1,7.3,44.2,2.2,63013
sldl,42135,42,135,State House District 135 (2024); Pennsylvania,67402,37.8,57.0,7.6,28.3,3.6,70732
sldl,42136,42,136,State House District 136 (2024); Pennsylvania,64936,29.9,60.0,11.2,20.6,2.9,80602
sldl,42137,42,137,State House District 137 (2024); Pennsylvania,66939,43.2,75.2,4.3,11.6,5.0,112160
sldl,42138,42,138,State House District 138 (2024); Pennsylvania,66767,31.9,84.4,2.8,7.3,2.2,93037
sldl,42139,42,139,State House District 139 (2024); Pennsylvania,65151,28.8,84.9,1.8,7.7,1.4,76982
sldl,42140,42,140,State House District 140 (2024); Pennsylvania,62319,30.8,77.5,6.4,8.1,3.2,99680
sldl,42141,42,141,State House District 141 (2024); Pennsylvania,64075,22.7,68.5,9.4,11.8,2.9,78994
sldl,42142,42,142,State House District 142 (2024); Pennsylvania,64253,44.2,80.5,4.5,3.5,5.1,108107
sldl,42143,42,143,State House District 143 (2024); Pennsylvania,66440,48.3,86.9,2.0,5.6,2.1,126309
sldl,42144,42,144,State House District 144 (2024); Pennsylvania,65693,43.6,80.4,3.5,6.0,5.3,108559
sldl,42145,42,145,State House District 145 (2024); Pennsylvania,62802,35.7,87.3,1.7,5.1,2.2,103964
sldl,42146,42,146,State House District 146 (2024); Pennsylvania,65747,35.1,72.8,10.8,7.5,3.5,87652
sldl,42147,42,147,State House District 147 (2024); Pennsylvania,67138,45.6,85.2,3.7,4.2,3.0,129721
sldl,42148,42,148,State House District 148 (2024); Pennsylvania,64402,75.3,76.6,5.3,3.7,8.7,170363
sldl,42149,42,149,State House District 149 (2024); Pennsylvania,65936,67.9,69.4,7.2,5.6,11.9,123478
sldl,42150,42,150,State House District 150 (2024); Pennsylvania,64567,56.7,75.2,4.7,3.8,12.7,124060
sldl,42151,42,151,State House District 151 (2024); Pennsylvania,62933,59.4,74.4,4.9,6.0,10.5,127361
sldl,42152,42,152,State House District 152 (2024); Pennsylvania,61634,45.2,72.9,7.7,7.4,6.1,109431
sldl,42153,42,153,State House District 153 (2024); Pennsylvania,62817,55.9,74.3,8.0,6.0,6.4,113214
sldl,42154,42,154,State House District 154 (2024); Pennsylvania,64106,60.3,57.6,27.0,5.3,5.4,116750
sldl,42155,42,155,State House District 155 (2024); Pennsylvania,66297,61.5,74.7,4.5,5.3,11.8,139407
sldl,42156,42,156,State House District 156 (2024); Pennsylvania,68988,63.7,81.2,5.9,5.7,3.5,112607
sldl,42157,42,157,State House District 157 (2024); Pennsylvania,63219,75.0,74.8,2.0,4.0,15.1,180178
sldl,42158,42,158,State House District 158 (2024); Pennsylvania,64449,54.9,74.3,3.2,14.8,3.5,140926
sldl,42159,42,159,State House District 159 (2024); Pennsylvania,62618,19.1,39.4,44.9,8.7,1.9,56692
sldl,42160,42,160,State House District 160 (2024); Pennsylvania,64216,64.1,79.6,4.1,3.5,9.6,154378
sldl,42161,42,161,State House District 161 (2024); Pennsylvania,63759,42.7,78.0,10.9,2.9,4.0,103178
sldl,42162,42,162,State House District 162 (2024); Pennsylvania,64157,28.2,66.9,22.2,3.8,2.4,80319
sldl,42163,42,163,State House District 163 (2024); Pennsylvania,64873,33.7,53.6,29.5,6.2,6.3,77441
sldl,42164,42,164,State House District 164 (2024); Pennsylvania,62350,26.9,24.7,45.9,10.2,13.7,63075
sldl,42165,42,165,State House District 165 (2024); Pennsylvania,62637,57.7,81.1,4.1,3.5,7.4,126918
sldl,42166,42,166,State House District 166 (2024); Pennsylvania,63537,60.9,82.6,2.5,3.6,6.8,129586
sldl,42167,42,167,State House District 167 (2024); Pennsylvania,65690,70.4,70.4,3.4,5.4,15.9,145926
sldl,42168,42,168,State House District 168 (2024); Pennsylvania,64320,66.5,81.8,3.6,3.9,6.8,145591
sldl,42169,42,169,State House District 169 (2024); Pennsylvania,66699,27.6,85.8,2.4,6.8,1.1,85009
sldl,42170,42,170,State House District 170 (2024); Pennsylvania,60873,32.3,69.5,7.1,8.5,11.8,79298
sldl,42171,42,171,State House District 171 (2024); Pennsylvania,65560,22.2,92.4,0.5,2.4,0.9,67444
sldl,42172,42,172,State House District 172 (2024); Pennsylvania,62675,32.3,57.2,9.6,12.0,16.0,69815
sldl,42173,42,173,State House District 173 (2024); Pennsylvania,59121,23.6,46.2,20.9,15.5,9.0,61438
sldl,42174,42,174,State House District 174 (2024); Pennsylvania,61399,30.3,55.6,15.4,12.2,12.2,68385
sldl,42175,42,175,State House District 175 (2024); Pennsylvania,60015,74.7,69.1,7.2,8.1,10.0,119716
sldl,42176,42,176,State House District 176 (2024); Pennsylvania,62512,23.9,71.6,7.2,13.5,1.9,80760
sldl,42177,42,177,State House District 177 (2024); Pennsylvania,61211,28.0,50.5,16.2,24.4,4.0,60348
sldl,42178,42,178,State House District 178 (2024); Pennsylvania,65460,54.9,86.7,0.5,4.5,4.1,147367
sldl,42179,42,179,State House District 179 (2024); Pennsylvania,61988,15.6,11.3,36.2,39.0,9.5,42068
sldl,42180,42,180,State House District 180 (2024); Pennsylvania,59616,12.5,14.6,17.8,62.7,2.3,34882
sldl,42181,42,181,State House District 181 (2024); Pennsylvania,58137,45.0,33.9,37.4,14.6,9.2,50621
sldl,42182,42,182,State House District 182 (2024); Pennsylvania,60169,80.0,69.1,8.4,6.0,9.9,96814
sldl,42183,42,183,State House District 183 (2024); Pennsylvania,66569,28.8,85.1,1.5,9.4,1.1,91694
sldl,42184,42,184,State House District 184 (2024); Pennsylvania,60654,43.3,53.7,4.7,17.0,19.4,84009
sldl,42185,42,185,State House District 185 (2024); Pennsylvania,59915,25.5,34.9,48.6,5.7,6.3,56996
sldl,42186,42,186,State House District 186 (2024); Pennsylvania,59197,47.9,33.8,40.8,8.0,12.9,73505
sldl,42187,42,187,State House District 187 (2024); Pennsylvania,66028,45.0,77.7,2.8,10.6,4.7,109939
sldl,42188,42,188,State House District 188 (2024); Pennsylvania,60351,54.0,37.3,38.5,4.8,11.3,54996
sldl,42189,42,189,State House District 189 (2024); Pennsylvania,61850,31.6,57.1,16.5,19.4,2.0,78797
sldl,42190,42,190,State House District 190 (2024); Pennsylvania,61699,21.2,7.1,82.3,4.7,1.9,37421
sldl,42191,42,191,State House District 191 (2024); Pennsylvania,61176,17.4,6.1,84.6,4.0,1.8,40244
sldl,42192,42,192,State House District 192 (2024); Pennsylvania,64833,26.8,8.1,84.2,3.3,1.3,49878
sldl,42193,42,193,State House District 193 (2024); Pennsylvania,64705,23.3,86.8,2.1,6.9,0.8,79453
sldl,42194,42,194,State House District 194 (2024); Pennsylvania,62897,62.8,70.3,13.8,7.3,3.7,94669
sldl,42195,42,195,State House District 195 (2024); Pennsylvania,63262,44.0,31.4,53.6,7.2,3.7,66676
sldl,42196,42,196,State House District 196 (2024); Pennsylvania,66758,23.0,83.6,3.4,7.4,2.1,86439
sldl,42197,42,197,State House District 197 (2024); Pennsylvania,61894,15.6,7.2,26.3,60.7,3.7,42061
sldl,42198,42,198,State House District 198 (2024); Pennsylvania,66057,20.8,7.4,75.0,8.7,4.5,51512
sldl,42199,42,199,State House District 199 (2024); Pennsylvania,66575,30.0,84.9,4.1,5.1,2.4,73187
sldl,42200,42,200,State House District 200 (2024); Pennsylvania,67600,41.5,19.1,71.2,4.0,1.2,78191
sldl,42201,42,201,State House District 201 (2024); Pennsylvania,71778,25.0,10.8,79.2,4.9,0.8,45031
sldl,42202,42,202,State House District 202 (2024); Pennsylvania,59898,15.8,25.6,18.8,27.6,18.7,56915
sldl,42203,42,203,State House District 203 (2024); Pennsylvania,64864,18.4,15.5,39.4,27.2,11.1,59705
sldl,44001,44,001,State House District 1 (2024); Rhode Island,12869,84.9,62.5,4.9,8.1,17.9,148917
sldl,44002,44,002,State House District 2 (2024); Rhode Island,14848,73.4,57.8,7.8,10.3,17.5,70586
sldl,44003,44,003,State House District 3 (2024); Rhode Island,13691,20.5,22.7,17.0,44.7,6.1,43408
sldl,44004,44,004,State House District 4 (2024); Rhode Island,14580,70.4,69.4,3.6,10.7,8.0,106882
sldl,44005,44,005,State House District 5 (2024); Rhode Island,15963,27.5,43.8,9.4,37.3,6.2,61866
sldl,44006,44,006,State House District 6 (2024); Rhode Island,17222,30.1,38.3,7.5,47.0,4.8,73005
sldl,44007,44,007,State House District 7 (2024); Rhode Island,16344,21.5,25.7,12.7,54.2,3.1,74209
sldl,44008,44,008,State House District 8 (2024); Rhode Island,15276,34.3,43.7,10.5,39.5,1.5,72500
sldl,44009,44,009,State House District 9 (2024); Rhode Island,13838,33.7,25.2,12.1,59.3,1.2,56479
sldl,44010,44,010,State House District 10 (2024); Rhode Island,16068,22.4,13.9,8.2,65.3,5.3,66580
sldl,44011,44,011,State House District 11 (2024); Rhode Island,15254,23.1,10.9,10.5,72.4,4.3,48441
sldl,44012,44,012,State House District 12 (2024); Rhode Island,14576,12.1,14.9,15.1,63.6,2.4,46964
sldl,44013,44,013,State House District 13 (2024); Rhode Island,14205,12.1,17.7,13.6,60.9,2.0,73330
sldl,44014,44,014,State House District 14 (2024); Rhode Island,14172,20.6,38.8,5.4,44.0,8.4,55305
sldl,44015,44,015,State House District 15 (2024); Rhode Island,15203,40.0,76.6,4.5,9.2,5.6,113727
sldl,44016,44,016,State House District 16 (2024); Rhode Island,15459,29.6,59.7,2.8,24.6,8.1,90591
sldl,44017,44,017,State House District 17 (2024); Rhode Island,14434,40.3,71.9,7.6,12.8,4.3,92692
sldl,44018,44,018,State House District 18 (2024); Rhode Island,14660,35.1,56.6,8.2,21.5,8.8,81477
sldl,44019,44,019,State House District 19 (2024); Rhode Island,14506,43.0,80.9,3.0,7.8,1.5,99082
sldl,44020,44,020,State House District 20 (2024); Rhode Island,14721,33.4,80.5,2.2,7.0,4.9,81141
sldl,44021,44,021,State House District 21 (2024); Rhode Island,14616,24.6,78.6,4.5,8.0,4.3,77679
sldl,44022,44,022,State House District 22 (2024); Rhode Island,13898,26.1,83.0,1.4,7.6,3.9,88469
sldl,44023,44,023,State House District 23 (2024); Rhode Island,13608,27.3,83.1,2.9,6.6,2.8,92555
sldl,44024,44,024,State House District 24 (2024); Rhode Island,15597,52.6,85.7,1.1,5.0,4.5,88040
sldl,44025,44,025,State House District 25 (2024); Rhode Island,15023,21.3,83.0,1.9,9.4,1.6,63086
sldl,44026,44,026,State House District 26 (2024); Rhode Island,14595,34.1,81.3,2.2,10.1,1.4,106641
sldl,44027,44,027,State House District 27 (2024); Rhode Island,14930,26.7,84.4,1.5,9.3,1.6,90409
sldl,44028,44,028,State House District 28 (2024); Rhode Island,15354,33.0,90.0,0.3,3.4,0.3,112411
sldl,44029,44,029,State House District 29 (2024); Rhode Island,12493,32.0,89.8,0.1,6.7,0.0,103892
sldl,44030,44,030,State House District 30 (2024); Rhode Island,14112,67.0,83.7,1.3,2.5,8.1,183163
sldl,44031,44,031,State House District 31 (2024); Rhode Island,14870,51.7,86.5,0.7,3.8,3.7,115349
sldl,44032,44,032,State House District 32 (2024); Rhode Island,15082,59.3,90.4,1.2,3.1,1.8,132232
sldl,44033,44,033,State House District 33 (2024); Rhode Island,14119,63.8,93.1,1.2,2.8,0.7,104710
sldl,44034,44,034,State House District 34 (2024); Rhode Island,14710,58.3,87.8,3.0,4.5,0.5,81188
sldl,44035,44,035,State House District 35 (2024); Rhode Island,14245,64.5,77.7,2.6,9.4,7.0,120287
sldl,44036,44,036,State House District 36 (2024); Rhode Island,14174,47.7,95.6,0.3,1.5,0.3,111026
sldl,44037,44,037,State House District 37 (2024); Rhode Island,15260,46.9,89.3,0.4,3.1,2.7,99649
sldl,44038,44,038,State House District 38 (2024); Rhode Island,13056,36.2,91.4,0.5,2.2,1.7,89239
sldl,44039,44,039,State House District 39 (2024); Rhode Island,14828,47.6,88.6,0.8,3.8,0.3,127552
sldl,44040,44,040,State House District 40 (2024); Rhode Island,14591,36.8,92.3,1.5,1.0,0.5,114408
sldl,44041,44,041,State House District 41 (2024); Rhode Island,15272,41.6,87.3,0.2,4.0,3.7,131709
sldl,44042,44,042,State House District 42 (2024); Rhode Island,14095,35.9,80.7,6.4,10.2,0.5,89664
sldl,44043,44,043,State House District 43 (2024); Rhode Island,14611,25.7,72.3,3.2,13.5,2.1,95804
sldl,44044,44,044,State House District 44 (2024); Rhode Island,15334,42.6,88.1,0.9,4.3,2.5,119246
sldl,44045,44,045,State House District 45 (2024); Rhode Island,15454,48.2,81.4,1.2,4.2,5.9,119026
sldl,44046,44,046,State House District 46 (2024); Rhode Island,15329,41.8,73.6,3.0,11.5,5.6,93348
sldl,44047,44,047,State House District 47 (2024); Rhode Island,14413,25.1,90.6,0.2,5.2,0.7,107670
sldl,44048,44,048,State House District 48 (2024); Rhode Island,14086,33.9,93.8,0.2,2.1,1.1,119036
sldl,44049,44,049,State House District 49 (2024); Rhode Island,14933,17.0,51.0,8.6,27.5,3.9,50373
sldl,44050,44,050,State House District 50 (2024); Rhode Island,14922,18.8,58.8,5.1,20.9,4.4,64519
sldl,44051,44,051,State House District 51 (2024); Rhode Island,15656,25.4,51.7,3.7,25.0,12.2,74104
sldl,44052,44,052,State House District 52 (2024); Rhode Island,16275,44.8,83.0,6.1,1.7,2.4,127446
sldl,44053,44,053,State House District 53 (2024); Rhode Island,14085,36.7,87.4,1.1,7.0,1.9,107123
sldl,44054,44,054,State House District 54 (2024); Rhode Island,16450,37.7,64.0,11.1,11.2,4.4,92052
sldl,44055,44,055,State House District 55 (2024); Rhode Island,14811,34.9,61.4,6.7,20.4,3.8,82667
sldl,44056,44,056,State House District 56 (2024); Rhode Island,16195,11.4,15.5,11.5,66.4,0.0,48998
sldl,44057,44,057,State House District 57 (2024); Rhode Island,12652,28.6,68.5,1.1,27.6,0.1,72180
sldl,44058,44,058,State House District 58 (2024); Rhode Island,13597,22.3,44.6,11.6,28.7,0.8,52313
sldl,44059,44,059,State House District 59 (2024); Rhode Island,14773,28.5,38.8,7.2,34.3,2.0,64320
sldl,44060,44,060,State House District 60 (2024); Rhode Island,16020,14.7,28.2,14.5,45.9,0.1,65167
sldl,44061,44,061,State House District 61 (2024); Rhode Island,15724,22.0,63.1,9.1,13.9,0.4,90721
sldl,44062,44,062,State House District 62 (2024); Rhode Island,15712,20.5,48.7,9.7,23.9,2.1,65614
sldl,44063,44,063,State House District 63 (2024); Rhode Island,14839,36.3,73.5,7.1,8.5,1.9,83559
sldl,44064,44,064,State House District 64 (2024); Rhode Island,13506,25.6,65.3,9.3,13.7,3.3,66957
sldl,44065,44,065,State House District 65 (2024); Rhode Island,15640,32.3,70.1,5.5,10.1,3.5,70954
sldl,44066,44,066,State House District 66 (2024); Rhode Island,14872,57.4,84.4,0.7,4.6,4.7,125871
sldl,44067,44,067,State House District 67 (2024); Rhode Island,13465,54.1,90.2,0.7,2.8,2.4,130500
sldl,44068,44,068,State House District 68 (2024); Rhode Island,13695,44.9,90.1,0.8,3.2,1.7,95195
sldl,44069,44,069,State House District 69 (2024); Rhode Island,13834,46.9,89.7,1.8,4.7,0.6,94393
sldl,44070,44,070,State House District 70 (2024); Rhode Island,14654,39.1,91.0,1.7,2.9,0.6,104476
sldl,44071,44,071,State House District 71 (2024); Rhode Island,13319,56.4,91.2,0.7,4.8,1.2,113403
sldl,44072,44,072,State House District 72 (2024); Rhode Island,14678,66.2,87.8,0.9,4.2,0.9,130577
sldl,44073,44,073,State House District 73 (2024); Rhode Island,14808,49.6,67.7,7.3,13.2,4.2,83941
sldl,44074,44,074,State House District 74 (2024); Rhode Island,13581,52.9,76.4,4.5,7.5,2.0,106760
sldl,44075,44,075,State House District 75 (2024); Rhode Island,13461,61.4,80.4,4.1,7.6,0.9,90830
sldl,45001,45,001,State House District 1 (2024); South Carolina,44147,28.8,85.6,1.2,7.2,0.8,65799
sldl,45002,45,002,State House District 2 (2024); South Carolina,40859,29.9,81.6,9.0,4.7,0.7,61731
sldl,45003,45,003,State House District 3 (2024); South Carolina,42475,48.0,79.1,7.0,4.1,3.8,53804
sldl,45004,45,004,State House District 4 (2024); South Carolina,44447,18.1,87.0,3.8,4.5,0.6,61671
sldl,45005,45,005,State House District 5 (2024); South Carolina,44314,25.3,73.5,8.9,12.6,0.7,63056
sldl,45006,45,006,State House District 6 (2024); South Carolina,44767,36.9,81.3,7.9,3.1,1.4,82147
sldl,45007,45,007,State House District 7 (2024); South Carolina,40337,14.6,73.8,18.0,3.1,0.2,53418
sldl,45008,45,008,State House District 8 (2024); South Carolina,41388,22.7,72.6,17.6,5.5,0.6,61561
sldl,45009,45,009,State House District 9 (2024); South Carolina,43347,30.4,72.0,13.9,6.8,1.4,64382
sldl,45010,45,010,State House District 10 (2024); South Carolina,42299,30.1,73.7,10.6,9.3,1.4,72621
sldl,45011,45,011,State House District 11 (2024); South Carolina,41071,16.8,71.4,20.4,3.6,0.3,50983
sldl,45012,45,012,State House District 12 (2024); South Carolina,40304,15.4,41.9,46.2,9.4,0.4,42874
sldl,45013,45,013,State House District 13 (2024); South Carolina,40444,32.7,74.4,17.4,3.3,1.1,63779
sldl,45014,45,014,State House District 14 (2024); South Carolina,42296,16.0,63.7,24.0,7.8,0.3,57078
sldl,45015,45,015,State House District 15 (2024); South Carolina,42976,24.4,40.7,30.9,18.0,4.1,65228
sldl,45016,45,016,State House District 16 (2024); South Carolina,43343,38.1,67.5,17.9,7.9,1.3,85437
sldl,45017,45,017,State House District 17 (2024); South Carolina,46319,33.5,82.9,5.3,5.1,1.0,76194
sldl,45018,45,018,State House District 18 (2024); South Carolina,44085,34.3,73.0,11.2,9.7,1.4,75915
sldl,45019,45,019,State House District 19 (2024); South Carolina,41936,32.7,60.8,11.5,19.9,1.6,61542
sldl,45020,45,020,State House District 20 (2024); South Carolina,43679,48.1,68.9,9.0,13.7,4.0,81360
sldl,45021,45,021,State House District 21 (2024); South Carolina,45376,55.7,72.3,6.4,9.9,6.1,106407
sldl,45022,45,022,State House District 22 (2024); South Carolina,41803,55.8,78.4,4.8,7.4,3.4,83093
sldl,45023,45,023,State House District 23 (2024); South Carolina,39240,32.8,41.4,35.9,16.7,1.3,45847
sldl,45024,45,024,State House District 24 (2024); South Carolina,44193,59.3,72.3,13.1,7.0,3.7,87635
sldl,45025,45,025,State House District 25 (2024); South Carolina,39186,18.9,32.9,40.9,18.5,0.4,51158
sldl,45026,45,026,State House District 26 (2024); South Carolina,46846,52.3,64.2,12.6,10.4,6.2,109798
sldl,45027,45,027,State House District 27 (2024); South Carolina,45954,39.6,66.5,15.2,10.1,1.9,89766
sldl,45028,45,028,State House District 28 (2024); South Carolina,44843,35.1,61.1,19.7,10.9,2.3,81566
sldl,45029,45,029,State House District 29 (2024); South Carolina,44889,16.1,74.5,14.9,4.8,0.4,58994
sldl,45030,45,030,State House District 30 (2024); South Carolina,41888,17.7,73.1,16.1,6.5,0.5,51557
sldl,45031,45,031,State House District 31 (2024); South Carolina,43219,16.1,33.2,47.6,12.5,3.0,42580
sldl,45032,45,032,State House District 32 (2024); South Carolina,42733,30.0,66.1,20.0,8.9,1.2,63719
sldl,45033,45,033,State House District 33 (2024); South Carolina,42157,27.1,72.7,15.3,6.4,2.2,68422
sldl,45034,45,034,State House District 34 (2024); South Carolina,45066,32.5,59.6,20.8,10.4,4.7,77828
sldl,45035,45,035,State House District 35 (2024); South Carolina,47789,44.9,72.6,10.9,7.8,3.5,102496
sldl,45036,45,036,State House District 36 (2024); South Carolina,43245,20.7,61.5,18.4,14.9,1.7,64634
sldl,45037,45,037,State House District 37 (2024); South Carolina,44450,23.0,67.4,16.5,8.9,3.3,68297
sldl,45038,45,038,State House District 38 (2024); South Carolina,44838,23.8,86.6,4.0,5.6,1.1,73252
sldl,45039,45,039,State House District 39 (2024); South Carolina,42509,20.4,72.7,12.2,10.2,0.3,66491
sldl,45040,45,040,State House District 40 (2024); South Carolina,40557,24.2,61.5,27.3,8.9,0.4,62898
sldl,45041,45,041,State House District 41 (2024); South Carolina,41504,17.9,39.1,53.2,3.4,0.2,53223
sldl,45042,45,042,State House District 42 (2024); South Carolina,39551,18.1,64.0,27.9,2.5,0.6,44066
sldl,45043,45,043,State House District 43 (2024); South Carolina,38636,22.3,71.5,18.6,3.6,0.4,67563
sldl,45044,45,044,State House District 44 (2024); South Carolina,46492,52.3,70.4,10.9,9.2,5.1,112722
sldl,45045,45,045,State House District 45 (2024); South Carolina,41072,21.0,61.0,28.0,7.0,0.6,58534
sldl,45046,45,046,State House District 46 (2024); South Carolina,42897,41.9,65.6,20.5,7.8,1.2,84082
sldl,45047,45,047,State House District 47 (2024); South Carolina,41855,25.3,77.3,8.9,6.5,1.4,78825
sldl,45048,45,048,State House District 48 (2024); South Carolina,43368,44.3,72.4,13.9,7.3,2.2,100958
sldl,45049,45,049,State House District 49 (2024); South Carolina,39901,21.3,37.9,50.8,4.6,1.3,59525
sldl,45050,45,050,State House District 50 (2024); South Carolina,40925,14.9,44.1,49.6,2.8,0.6,54217
sldl,45051,45,051,State House District 51 (2024); South Carolina,39786,18.5,29.8,60.1,5.7,0.6,47650
sldl,45052,45,052,State House District 52 (2024); South Carolina,44775,25.6,43.1,43.4,8.4,1.0,64108
sldl,45053,45,053,State House District 53 (2024); South Carolina,42704,12.5,65.4,23.5,6.6,0.4,51522
sldl,45054,45,054,State House District 54 (2024); South Carolina,38292,12.5,43.0,46.1,2.9,0.4,40482
sldl,45055,45,055,State House District 55 (2024); South Carolina,40828,15.0,40.6,49.5,2.5,0.1,46747
sldl,45056,45,056,State House District 56 (2024); South Carolina,49854,38.2,78.4,7.3,5.9,2.6,76530
sldl,45057,45,057,State House District 57 (2024); South Carolina,39762,14.9,46.0,48.8,2.6,0.5,43730
sldl,45058,45,058,State House District 58 (2024); South Carolina,47214,14.3,66.8,20.8,6.6,2.0,59931
sldl,45059,45,059,State House District 59 (2024); South Carolina,40892,14.2,36.7,55.5,3.8,0.5,44499
sldl,45060,45,060,State House District 60 (2024); South Carolina,42456,22.1,57.6,35.3,2.9,1.2,61234
sldl,45061,45,061,State House District 61 (2024); South Carolina,43918,28.7,74.3,9.8,10.3,0.9,72634
sldl,45062,45,062,State House District 62 (2024); South Carolina,39758,14.4,41.6,53.0,3.1,0.1,42918
sldl,45063,45,063,State House District 63 (2024); South Carolina,39865,37.5,61.5,27.1,4.9,3.8,75988
sldl,45064,45,064,State House District 64 (2024); South Carolina,41750,17.4,49.2,44.7,3.0,0.7,48514
sldl,45065,45,065,State House District 65 (2024); South Carolina,42004,21.6,71.8,20.8,1.5,0.7,59476
sldl,45066,45,066,State House District 66 (2024); South Carolina,43534,61.6,70.0,9.0,9.7,7.4,131951
sldl,45067,45,067,State House District 67 (2024); South Carolina,40211,32.3,57.5,28.2,4.5,2.7,69248
sldl,45068,45,068,State House District 68 (2024); South Carolina,46938,27.2,81.3,5.0,9.1,0.7,75875
sldl,45069,45,069,State House District 69 (2024); South Carolina,39932,48.4,70.4,14.9,5.3,5.4,86105
sldl,45070,45,070,State House District 70 (2024); South Carolina,42858,27.1,43.7,47.3,5.7,0.8,58962
sldl,45071,45,071,State House District 71 (2024); South Carolina,40923,49.7,74.1,15.2,3.2,4.2,109661
sldl,45072,45,072,State House District 72 (2024); South Carolina,39764,48.0,56.9,28.5,5.9,4.9,40682
sldl,45073,45,073,State House District 73 (2024); South Carolina,41109,25.0,28.3,62.4,4.1,1.1,51209
sldl,45074,45,074,State House District 74 (2024); South Carolina,42417,35.3,35.3,56.4,3.0,2.2,46129
sldl,45075,45,075,State House District 75 (2024); South Carolina,42793,62.9,65.0,18.1,7.5,2.8,81878
sldl,45076,45,076,State House District 76 (2024); South Carolina,43829,25.4,18.3,66.3,9.6,2.1,50114
sldl,45077,45,077,State House District 77 (2024); South Carolina,44353,46.3,29.9,56.1,6.7,2.4,76798
sldl,45078,45,078,State House District 78 (2024); South Carolina,41044,50.2,43.8,36.7,9.7,5.4,82644
sldl,45079,45,079,State House District 79 (2024); South Carolina,39385,44.8,26.1,57.3,7.8,4.3,78326
sldl,45080,45,080,State House District 80 (2024); South Carolina,41262,64.2,84.4,5.3,4.5,1.9,118309
sldl,45081,45,081,State House District 81 (2024); South Carolina,40437,50.1,76.3,11.8,5.2,1.5,86075
sldl,45082,45,082,State House District 82 (2024); South Carolina,45059,19.4,38.6,47.4,9.8,0.7,49459
sldl,45083,45,083,State House District 83 (2024); South Carolina,41007,35.5,72.9,14.3,6.4,1.0,85909
sldl,45084,45,084,State House District 84 (2024); South Carolina,41195,23.2,62.7,23.1,8.2,0.8,65023
sldl,45085,45,085,State House District 85 (2024); South Carolina,41306,49.1,76.7,13.0,3.7,2.0,88440
sldl,45086,45,086,State House District 86 (2024); South Carolina,42232,21.2,62.7,24.6,7.8,0.2,57272
sldl,45087,45,087,State House District 87 (2024); South Carolina,47486,44.0,79.5,9.6,5.3,2.4,106525
sldl,45088,45,088,State House District 88 (2024); South Carolina,41694,23.8,66.0,19.1,8.9,1.8,71392
sldl,45089,45,089,State House District 89 (2024); South Carolina,41616,35.2,60.3,19.6,12.3,3.2,58828
sldl,45090,45,090,State House District 90 (2024); South Carolina,42316,18.7,37.7,57.5,2.3,0.3,46051
sldl,45091,45,091,State House District 91 (2024); South Carolina,39085,14.0,43.7,48.8,3.6,0.5,44711
sldl,45092,45,092,State House District 92 (2024); South Carolina,42376,26.8,58.5,20.4,10.6,3.3,90456
sldl,45093,45,093,State House District 93 (2024); South Carolina,40260,21.7,46.6,46.3,3.8,1.0,56068
sldl,45094,45,094,State House District 94 (2024); South Carolina,43960,31.2,65.0,21.0,7.9,1.7,79537
sldl,45095,45,095,State House District 95 (2024); South Carolina,39724,20.2,29.8,63.9,2.4,1.0,43121
sldl,45096,45,096,State House District 96 (2024); South Carolina,44938,17.8,65.0,14.8,13.2,0.7,67456
sldl,45097,45,097,State House District 97 (2024); South Carolina,42397,18.1,66.9,20.1,6.9,0.3,64827
sldl,45098,45,098,State House District 98 (2024); South Carolina,40753,34.8,54.5,23.8,9.8,4.1,80368
sldl,45099,45,099,State House District 99 (2024); South Carolina,42566,51.4,77.3,7.3,7.5,3.1,98730
sldl,45100,45,100,State House District 100 (2024); South Carolina,44177,27.5,57.5,30.8,5.8,0.9,83261
sldl,45101,45,101,State House District 101 (2024); South Carolina,41427,17.2,37.8,55.5,3.0,0.7,44396
sldl,45102,45,102,State House District 102 (2024); South Carolina,46663,22.0,50.0,32.9,7.7,3.2,73139
sldl,45103,45,103,State House District 103 (2024); South Carolina,39950,15.8,46.3,45.0,4.5,0.9,57222
sldl,45104,45,104,State House District 104 (2024); South Carolina,44810,29.6,78.1,12.5,5.3,0.5,66471
sldl,45105,45,105,State House District 105 (2024); South Carolina,42828,17.2,73.3,15.4,7.3,0.5,62485
sldl,45106,45,106,State House District 106 (2024); South Carolina,47006,30.4,88.1,3.2,2.3,1.9,67813
sldl,45107,45,107,State House District 107 (2024); South Carolina,43485,33.5,66.1,13.5,14.6,1.2,57342
sldl,45108,45,108,State House District 108 (2024); South Carolina,42129,44.3,79.4,13.7,4.2,0.5,76086
sldl,45109,45,109,State House District 109 (2024); South Carolina,44648,21.4,33.6,48.5,12.4,1.9,64603
sldl,45110,45,110,State House District 110 (2024); South Carolina,40487,69.0,85.2,6.1,3.2,1.7,107278
sldl,45111,45,111,State House District 111 (2024); South Carolina,44596,47.2,51.6,38.3,4.1,2.1,67885
sldl,45112,45,112,State House District 112 (2024); South Carolina,45472,66.7,88.0,6.6,1.9,1.4,132635
sldl,45113,45,113,State House District 113 (2024); South Carolina,43514,28.1,33.2,45.4,14.6,2.1,58296
sldl,45114,45,114,State House District 114 (2024); South Carolina,46358,48.7,74.3,13.9,6.0,1.8,104103
sldl,45115,45,115,State House District 115 (2024); South Carolina,39869,59.2,80.1,11.4,4.0,1.0,104770
sldl,45116,45,116,State House District 116 (2024); South Carolina,41957,44.7,59.5,28.0,8.1,1.4,91018
sldl,45117,45,117,State House District 117 (2024); South Carolina,46472,30.6,65.1,18.2,10.0,1.8,82479
sldl,45118,45,118,State House District 118 (2024); South Carolina,43224,46.9,74.9,5.8,14.1,1.5,93750
sldl,45119,45,119,State House District 119 (2024); South Carolina,42750,54.4,72.9,15.9,5.0,1.0,95334
sldl,45120,45,120,State House District 120 (2024); South Carolina,45978,50.0,75.5,7.5,12.9,0.6,97468
sldl,45121,45,121,State House District 121 (2024); South Carolina,43947,21.7,37.7,49.9,6.1,0.7,56933
sldl,45122,45,122,State House District 122 (2024); South Carolina,43450,15.9,40.8,43.1,12.6,0.6,52962
sldl,45123,45,123,State House District 123 (2024); South Carolina,41570,54.4,71.2,10.0,15.3,1.0,95384
sldl,45124,45,124,State House District 124 (2024); South Carolina,43026,43.8,68.4,16.5,10.0,1.8,82841
sldl,46001,46,001,State House District 1 (2024); South Dakota,26651,23.1,75.7,0.2,3.4,1.0,73861
sldl,46002,46,002,State House District 2 (2024); South Dakota,27974,42.3,80.9,8.7,5.0,0.9,107215
sldl,46003,46,003,State House District 3 (2024); South Dakota,26214,35.9,83.2,1.5,5.6,3.0,64838
sldl,46004,46,004,State House District 4 (2024); South Dakota,26630,23.6,91.5,0.3,4.9,0.5,79149
sldl,46005,46,005,State House District 5 (2024); South Dakota,25749,21.7,89.7,0.8,3.5,0.6,72322
sldl,46006,46,006,State House District 6 (2024); South Dakota,27592,43.4,89.0,2.0,3.7,1.1,107326
sldl,46007,46,007,State House District 7 (2024); South Dakota,27595,46.8,86.6,1.2,4.1,4.0,66230
sldl,46008,46,008,State House District 8 (2024); South Dakota,26132,29.7,90.4,0.5,4.7,0.6,78192
sldl,46009,46,009,State House District 9 (2024); South Dakota,29191,34.6,79.2,7.4,5.3,2.1,84282
sldl,46010,46,010,State House District 10 (2024); South Dakota,26777,32.2,70.1,9.9,9.6,2.5,70320
sldl,46011,46,011,State House District 11 (2024); South Dakota,27159,32.0,81.0,2.8,10.2,1.5,84278
sldl,46012,46,012,State House District 12 (2024); South Dakota,26963,44.6,83.4,3.7,5.0,2.4,70510
sldl,46013,46,013,State House District 13 (2024); South Dakota,26193,50.8,85.8,4.5,2.6,2.8,93065
sldl,46014,46,014,State House District 14 (2024); South Dakota,24402,45.3,85.9,2.7,3.7,1.8,86340
sldl,46015,46,015,State House District 15 (2024); South Dakota,26070,23.8,65.7,10.7,8.3,1.2,55023
sldl,46016,46,016,State House District 16 (2024); South Dakota,25061,24.7,91.9,0.2,3.3,0.3,79825
sldl,46017,46,017,State House District 17 (2024); South Dakota,27018,43.6,85.4,1.6,4.7,2.2,76756
sldl,46018,46,018,State House District 18 (2024); South Dakota,24213,31.2,87.1,1.5,5.7,0.3,72660
sldl,46019,46,019,State House District 19 (2024); South Dakota,24172,25.5,90.1,0.9,2.6,0.1,76901
sldl,46020,46,020,State House District 20 (2024); South Dakota,24250,22.3,88.5,0.5,5.2,0.4,68057
sldl,46021,46,021,State House District 21 (2024); South Dakota,24378,22.6,76.9,0.5,2.8,0.5,65719
sldl,46022,46,022,State House District 22 (2024); South Dakota,25985,27.2,74.5,1.1,11.7,7.3,68110
sldl,46023,46,023,State House District 23 (2024); South Dakota,23837,28.8,87.4,0.7,1.9,1.1,70116
sldl,46024,46,024,State House District 24 (2024); South Dakota,25032,34.6,82.6,0.4,2.6,0.5,80232
sldl,46025,46,025,State House District 25 (2024); South Dakota,25806,32.9,85.5,0.6,4.7,0.6,95131
sldl,46027,46,027,State House District 27 (2024); South Dakota,23276,14.5,26.8,0.2,2.9,0.3,47580
sldl,46029,46,029,State House District 29 (2024); South Dakota,25540,27.4,83.8,1.9,5.5,0.5,72100
sldl,46030,46,030,State House District 30 (2024); South Dakota,26413,31.7,84.2,0.5,3.3,1.5,82504
sldl,46031,46,031,State House District 31 (2024); South Dakota,27233,32.9,88.8,0.3,3.9,0.4,73384
sldl,46032,46,032,State House District 32 (2024); South Dakota,25253,24.6,67.4,1.8,6.8,1.4,50087
sldl,46033,46,033,State House District 33 (2024); South Dakota,26749,38.9,85.9,0.3,3.6,1.2,91328
sldl,46034,46,034,State House District 34 (2024); South Dakota,25888,49.2,82.4,1.1,6.0,0.7,81105
sldl,46035,46,035,State House District 35 (2024); South Dakota,26727,26.1,75.0,1.3,6.4,1.5,73133
sldl,4626A,46,26A,State House District 26A (2024); South Dakota,11377,17.6,14.1,0.4,2.1,2.5,44296
sldl,4626B,46,26B,State House District 26B (2024); South Dakota,11715,24.9,63.1,0.3,1.8,0.0,67112
sldl,4628A,46,28A,State House District 28A (2024); South Dakota,12655,18.9,31.8,0.2,0.9,0.2,56947
sldl,4628B,46,28B,State House District 28B (2024); South Dakota,13558,21.5,88.9,0.1,3.7,0.4,73735
sldl,47001,47,001,State House District 1 (2024); Tennessee,67712,22.6,91.0,2.4,2.6,0.6,54647
sldl,47002,47,002,State House District 2 (2024); Tennessee,66265,30.2,91.8,1.9,3.0,0.5,56665
sldl,47003,47,003,State House District 3 (2024); Tennessee,68217,21.7,91.6,2.2,2.1,1.0,62184
sldl,47004,47,004,State House District 4 (2024); Tennessee,66862,21.6,91.8,1.6,3.8,0.1,51125
sldl,47005,47,005,State House District 5 (2024); Tennessee,71628,18.7,90.9,1.7,3.9,0.5,56194
sldl,47006,47,006,State House District 6 (2024); Tennessee,69351,38.0,87.4,2.7,3.5,1.8,68695
sldl,47007,47,007,State House District 7 (2024); Tennessee,66910,30.2,84.3,4.3,6.4,1.2,54248
sldl,47008,47,008,State House District 8 (2024); Tennessee,68146,27.8,90.7,1.6,3.7,0.7,76883
sldl,47009,47,009,State House District 9 (2024); Tennessee,68376,16.7,93.9,1.1,2.0,0.6,51241
sldl,47010,47,010,State House District 10 (2024); Tennessee,74372,19.3,80.2,2.5,12.8,0.9,52427
sldl,47011,47,011,State House District 11 (2024); Tennessee,70968,15.0,90.3,1.9,4.6,0.5,53826
sldl,47012,47,012,State House District 12 (2024); Tennessee,67338,24.1,83.4,1.4,11.2,1.1,68235
sldl,47013,47,013,State House District 13 (2024); Tennessee,73492,35.0,61.2,15.9,13.5,5.0,92669
sldl,47014,47,014,State House District 14 (2024); Tennessee,73516,65.8,85.6,2.5,3.5,4.5,129685
sldl,47015,47,015,State House District 15 (2024); Tennessee,73221,27.3,61.5,24.8,7.6,1.3,41254
sldl,47016,47,016,State House District 16 (2024); Tennessee,67607,32.7,83.9,3.1,8.6,1.4,72985
sldl,47017,47,017,State House District 17 (2024); Tennessee,70586,19.0,89.1,1.0,5.5,1.0,60975
sldl,47018,47,018,State House District 18 (2024); Tennessee,69963,48.9,80.0,5.5,7.5,2.4,80123
sldl,47019,47,019,State House District 19 (2024); Tennessee,70179,26.1,87.6,3.8,3.4,1.6,77986
sldl,47020,47,020,State House District 20 (2024); Tennessee,71187,29.5,86.3,3.4,5.6,0.9,77725
sldl,47021,47,021,State House District 21 (2024); Tennessee,69480,23.6,85.5,2.0,7.9,0.6,71217
sldl,47022,47,022,State House District 22 (2024); Tennessee,70620,18.3,90.2,1.4,2.6,0.4,69871
sldl,47023,47,023,State House District 23 (2024); Tennessee,68638,17.9,87.0,2.6,3.9,0.7,60896
sldl,47024,47,024,State House District 24 (2024); Tennessee,71686,26.7,75.8,5.6,11.3,1.6,62264
sldl,47025,47,025,State House District 25 (2024); Tennessee,71726,19.8,92.6,0.7,4.1,0.3,59813
sldl,47026,47,026,State House District 26 (2024); Tennessee,73959,42.0,84.7,5.8,4.1,1.6,91779
sldl,47027,47,027,State House District 27 (2024); Tennessee,74634,43.7,85.4,3.9,4.1,1.3,79965
sldl,47028,47,028,State House District 28 (2024); Tennessee,76230,25.4,31.4,48.0,14.1,1.0,48049
sldl,47029,47,029,State House District 29 (2024); Tennessee,75941,37.6,72.3,13.2,6.5,3.3,90397
sldl,47030,47,030,State House District 30 (2024); Tennessee,75428,37.7,68.8,12.9,11.2,3.1,78774
sldl,47031,47,031,State House District 31 (2024); Tennessee,72270,17.2,88.4,2.1,5.0,0.5,55753
sldl,47032,47,032,State House District 32 (2024); Tennessee,74098,25.1,88.3,2.2,5.3,0.7,73372
sldl,47033,47,033,State House District 33 (2024); Tennessee,68317,27.2,85.3,3.8,4.3,1.6,65452
sldl,47034,47,034,State House District 34 (2024); Tennessee,73741,38.3,67.3,13.5,8.7,3.9,80492
sldl,47035,47,035,State House District 35 (2024); Tennessee,72892,30.5,70.3,13.4,9.9,1.5,82735
sldl,47036,47,036,State House District 36 (2024); Tennessee,73330,13.1,95.0,0.4,1.8,0.1,53362
sldl,47037,47,037,State House District 37 (2024); Tennessee,67360,36.4,68.5,12.1,10.5,2.9,87082
sldl,47038,47,038,State House District 38 (2024); Tennessee,70384,13.3,93.1,0.7,3.0,0.2,50021
sldl,47039,47,039,State House District 39 (2024); Tennessee,73240,21.1,88.4,4.1,3.3,0.6,62742
sldl,47040,47,040,State House District 40 (2024); Tennessee,71024,18.3,89.8,1.6,4.5,0.5,59265
sldl,47041,47,041,State House District 41 (2024); Tennessee,69440,16.8,92.7,1.8,2.2,0.2,59685
sldl,47042,47,042,State House District 42 (2024); Tennessee,74385,30.2,84.4,2.6,8.4,1.3,59273
sldl,47043,47,043,State House District 43 (2024); Tennessee,70326,14.5,86.7,2.0,7.3,0.5,54076
sldl,47044,47,044,State House District 44 (2024); Tennessee,74733,29.0,85.4,4.1,5.6,1.4,89442
sldl,47045,47,045,State House District 45 (2024); Tennessee,68756,38.1,80.1,8.1,5.7,1.6,96936
sldl,47046,47,046,State House District 46 (2024); Tennessee,79940,31.8,78.5,7.8,7.7,1.6,83081
sldl,47047,47,047,State House District 47 (2024); Tennessee,73529,20.0,86.9,3.4,5.2,1.2,58339
sldl,47048,47,048,State House District 48 (2024); Tennessee,74093,40.5,66.3,15.0,11.2,2.0,86554
sldl,47049,47,049,State House District 49 (2024); Tennessee,71960,28.8,55.4,16.8,17.0,4.2,84252
sldl,47050,47,050,State House District 50 (2024); Tennessee,64020,52.2,70.8,11.9,8.7,4.4,84306
sldl,47051,47,051,State House District 51 (2024); Tennessee,75653,57.5,65.8,13.0,13.3,2.6,84081
sldl,47052,47,052,State House District 52 (2024); Tennessee,73020,30.8,38.8,32.8,21.8,1.8,72910
sldl,47053,47,053,State House District 53 (2024); Tennessee,71617,46.0,51.4,15.9,20.8,6.6,75526
sldl,47054,47,054,State House District 54 (2024); Tennessee,73541,32.6,28.7,51.3,11.4,1.9,62291
sldl,47055,47,055,State House District 55 (2024); Tennessee,76060,31.9,26.4,30.0,31.7,4.6,65442
sldl,47056,47,056,State House District 56 (2024); Tennessee,69439,77.8,77.9,6.5,5.0,5.7,102609
sldl,47057,47,057,State House District 57 (2024); Tennessee,76036,45.0,80.0,6.7,5.4,3.0,108125
sldl,47058,47,058,State House District 58 (2024); Tennessee,70500,40.2,31.9,52.3,8.9,1.7,54412
sldl,47059,47,059,State House District 59 (2024); Tennessee,69610,72.4,83.6,5.6,4.2,2.9,133375
sldl,47060,47,060,State House District 60 (2024); Tennessee,71928,41.0,61.4,20.8,11.1,2.2,75561
sldl,47061,47,061,State House District 61 (2024); Tennessee,70137,71.5,80.7,3.4,4.3,7.6,136128
sldl,47062,47,062,State House District 62 (2024); Tennessee,75267,18.6,76.1,6.6,12.2,0.7,65651
sldl,47063,47,063,State House District 63 (2024); Tennessee,75322,68.1,78.3,4.2,3.9,8.6,164797
sldl,47064,47,064,State House District 64 (2024); Tennessee,77853,29.8,74.1,10.9,9.6,1.2,74788
sldl,47065,47,065,State House District 65 (2024); Tennessee,75344,54.0,81.2,4.6,9.3,1.5,115528
sldl,47066,47,066,State House District 66 (2024); Tennessee,75539,22.4,78.7,7.2,10.0,0.7,83047
sldl,47067,47,067,State House District 67 (2024); Tennessee,80266,29.3,52.5,24.8,13.7,1.4,67558
sldl,47068,47,068,State House District 68 (2024); Tennessee,79032,38.8,71.9,11.7,6.8,3.2,95754
sldl,47069,47,069,State House District 69 (2024); Tennessee,67918,16.0,89.7,2.3,3.6,0.2,68509
sldl,47070,47,070,State House District 70 (2024); Tennessee,72476,19.0,87.8,4.4,3.1,0.7,65530
sldl,47071,47,071,State House District 71 (2024); Tennessee,74450,17.6,86.1,5.9,3.6,0.3,58488
sldl,47072,47,072,State House District 72 (2024); Tennessee,68115,17.5,89.4,4.0,2.5,0.3,53298
sldl,47073,47,073,State House District 73 (2024); Tennessee,69082,31.8,65.3,22.9,5.9,1.2,73363
sldl,47074,47,074,State House District 74 (2024); Tennessee,68959,15.7,90.3,1.8,2.7,0.6,57400
sldl,47075,47,075,State House District 75 (2024); Tennessee,74855,24.4,53.3,20.9,13.7,3.0,68482
sldl,47076,47,076,State House District 76 (2024); Tennessee,67978,20.7,84.0,8.3,3.1,1.0,50639
sldl,47077,47,077,State House District 77 (2024); Tennessee,65257,18.1,75.5,15.3,4.3,0.5,55429
sldl,47078,47,078,State House District 78 (2024); Tennessee,68322,25.5,87.2,2.6,5.4,0.5,83276
sldl,47079,47,079,State House District 79 (2024); Tennessee,65664,16.3,78.4,12.3,3.3,0.3,54270
sldl,47080,47,080,State House District 80 (2024); Tennessee,65424,13.1,35.9,56.4,3.3,0.4,42277
sldl,47081,47,081,State House District 81 (2024); Tennessee,66549,20.3,73.4,18.5,3.4,0.5,72946
sldl,47082,47,082,State House District 82 (2024); Tennessee,66724,18.8,70.1,18.6,5.4,0.5,60981
sldl,47083,47,083,State House District 83 (2024); Tennessee,71068,61.9,63.6,22.6,4.6,5.5,114792
sldl,47084,47,084,State House District 84 (2024); Tennessee,68297,15.4,5.6,81.0,11.8,0.2,48313
sldl,47085,47,085,State House District 85 (2024); Tennessee,70992,29.3,7.5,83.0,4.7,2.1,68736
sldl,47086,47,086,State House District 86 (2024); Tennessee,69209,27.0,25.9,65.7,3.3,2.0,50833
sldl,47087,47,087,State House District 87 (2024); Tennessee,72849,20.8,9.9,74.4,12.9,0.6,43065
sldl,47088,47,088,State House District 88 (2024); Tennessee,70224,26.1,23.5,65.0,5.6,2.2,50004
sldl,47089,47,089,State House District 89 (2024); Tennessee,72487,46.9,81.4,4.4,6.2,2.8,98296
sldl,47090,47,090,State House District 90 (2024); Tennessee,67175,34.6,73.9,11.4,7.8,2.1,54186
sldl,47091,47,091,State House District 91 (2024); Tennessee,72146,28.0,21.1,67.1,7.8,1.9,42468
sldl,47092,47,092,State House District 92 (2024); Tennessee,75597,37.7,84.4,3.3,6.8,1.5,94779
sldl,47093,47,093,State House District 93 (2024); Tennessee,69155,19.6,19.8,57.7,19.2,0.9,41420
sldl,47094,47,094,State House District 94 (2024); Tennessee,71938,21.8,74.4,17.5,3.1,0.6,70006
sldl,47095,47,095,State House District 95 (2024); Tennessee,71625,59.8,67.3,11.8,5.7,10.7,135111
sldl,47096,47,096,State House District 96 (2024); Tennessee,69491,33.0,23.4,58.6,9.3,3.2,64715
sldl,47097,47,097,State House District 97 (2024); Tennessee,70699,55.5,64.1,14.5,14.2,3.5,88833
sldl,47098,47,098,State House District 98 (2024); Tennessee,69891,22.6,21.3,62.7,10.5,2.1,58474
sldl,47099,47,099,State House District 99 (2024); Tennessee,73527,38.2,69.9,17.9,5.9,3.1,102061
sldl,48001,48,001,State House District 1 (2024); Texas,195039,21.4,66.3,19.5,8.5,1.1,58720
sldl,48002,48,002,State House District 2 (2024); Texas,209405,21.6,70.6,6.0,18.6,1.0,71100
sldl,48003,48,003,State House District 3 (2024); Texas,228331,34.9,57.0,4.4,32.5,2.4,99812
sldl,48004,48,004,State House District 4 (2024); Texas,225067,24.9,54.3,15.4,24.5,1.7,81826
sldl,48005,48,005,State House District 5 (2024); Texas,191603,19.8,67.8,8.0,20.0,0.7,65621
sldl,48006,48,006,State House District 6 (2024); Texas,196601,30.5,56.1,17.4,20.9,1.9,73197
sldl,48007,48,007,State House District 7 (2024); Texas,205372,22.4,57.4,18.7,17.6,1.0,65704
sldl,48008,48,008,State House District 8 (2024); Texas,197435,18.0,58.2,11.8,23.3,0.6,62997
sldl,48009,48,009,State House District 9 (2024); Texas,204284,16.3,64.9,11.9,17.5,0.6,59735
sldl,48010,48,010,State House District 10 (2024); Texas,213160,30.1,52.7,14.4,28.2,0.8,99595
sldl,48011,48,011,State House District 11 (2024); Texas,187001,19.5,62.9,14.3,17.1,0.6,56839
sldl,48012,48,012,State House District 12 (2024); Texas,211240,25.1,55.9,15.7,22.8,1.1,64243
sldl,48013,48,013,State House District 13 (2024); Texas,195142,17.7,53.9,15.8,25.6,0.7,56591
sldl,48014,48,014,State House District 14 (2024); Texas,210082,44.0,52.2,9.9,27.6,6.4,56622
sldl,48015,48,015,State House District 15 (2024); Texas,211502,54.5,60.1,7.3,21.7,6.2,120001
sldl,48016,48,016,State House District 16 (2024); Texas,211754,30.6,60.2,6.9,27.1,1.9,81514
sldl,48017,48,017,State House District 17 (2024); Texas,217646,22.7,47.0,6.5,42.0,0.7,76770
sldl,48018,48,018,State House District 18 (2024); Texas,222308,15.6,60.3,6.7,28.7,0.5,73160
sldl,48019,48,019,State House District 19 (2024); Texas,214450,46.3,71.7,1.1,19.8,3.1,106362
sldl,48020,48,020,State House District 20 (2024); Texas,225252,44.2,62.9,4.8,22.7,4.9,105799
sldl,48021,48,021,State House District 21 (2024); Texas,188396,22.2,70.8,10.7,11.9,2.1,73917
sldl,48022,48,022,State House District 22 (2024); Texas,183516,15.0,26.3,40.6,26.9,3.7,53145
sldl,48023,48,023,State House District 23 (2024); Texas,209116,27.2,50.8,13.5,29.9,2.3,76700
sldl,48024,48,024,State House District 24 (2024); Texas,201372,39.6,59.2,9.1,22.7,4.0,104529
sldl,48025,48,025,State House District 25 (2024); Texas,201251,31.2,41.1,18.7,29.4,6.7,97307
sldl,48026,48,026,State House District 26 (2024); Texas,215452,59.3,37.3,12.2,26.0,19.5,136042
sldl,48027,48,027,State House District 27 (2024); Texas,199902,40.0,18.9,37.7,24.2,15.1,97595
sldl,48028,48,028,State House District 28 (2024); Texas,237652,51.7,37.0,12.1,27.7,19.6,126458
sldl,48029,48,029,State House District 29 (2024); Texas,190004,35.3,42.1,12.9,33.9,8.1,98796
sldl,48030,48,030,State House District 30 (2024); Texas,190603,20.0,48.2,6.2,41.2,1.1,65649
sldl,48031,48,031,State House District 31 (2024); Texas,188373,17.4,24.3,1.8,71.8,0.4,55148
sldl,48032,48,032,State House District 32 (2024); Texas,192591,34.3,43.8,2.9,46.1,3.8,80326
sldl,48033,48,033,State House District 33 (2024); Texas,211690,49.4,55.9,9.5,19.5,10.5,121094
sldl,48034,48,034,State House District 34 (2024); Texas,185240,13.5,19.3,3.9,74.7,0.6,54410
sldl,48035,48,035,State House District 35 (2024); Texas,198384,13.4,3.2,0.1,96.4,0.1,47676
sldl,48036,48,036,State House District 36 (2024); Texas,189405,19.9,5.1,0.6,93.3,0.7,52250
sldl,48037,48,037,State House District 37 (2024); Texas,186387,21.6,14.6,1.0,82.4,1.0,57590
sldl,48038,48,038,State House District 38 (2024); Texas,187098,23.1,4.3,0.3,94.0,0.8,49727
sldl,48039,48,039,State House District 39 (2024); Texas,190149,15.3,6.8,0.7,92.1,0.1,50201
sldl,48040,48,040,State House District 40 (2024); Texas,194599,18.9,5.1,0.6,92.5,1.2,53514
sldl,48041,48,041,State House District 41 (2024); Texas,192214,33.4,9.6,0.7,86.1,2.6,64727
sldl,48042,48,042,State House District 42 (2024); Texas,181876,25.7,4.3,0.6,94.1,0.6,67126
sldl,48043,48,043,State House District 43 (2024); Texas,197268,17.6,30.2,2.9,63.2,1.2,63122
sldl,48044,48,044,State House District 44 (2024); Texas,203493,29.6,46.4,7.0,40.2,1.4,87821
sldl,48045,48,045,State House District 45 (2024); Texas,224353,39.4,45.2,4.4,44.2,1.9,84015
sldl,48046,48,046,State House District 46 (2024); Texas,229750,47.2,34.0,15.0,39.8,6.0,107723
sldl,48047,48,047,State House District 47 (2024); Texas,205643,69.3,62.5,4.0,16.0,12.7,142249
sldl,48048,48,048,State House District 48 (2024); Texas,203169,66.9,59.1,3.6,24.8,7.2,109368
sldl,48049,48,049,State House District 49 (2024); Texas,200815,66.4,55.9,4.5,27.4,6.9,88247
sldl,48050,48,050,State House District 50 (2024); Texas,215212,44.7,31.4,14.2,39.6,10.4,80266
sldl,48051,48,051,State House District 51 (2024); Texas,202165,43.5,31.6,6.8,53.8,4.1,82126
sldl,48052,48,052,State House District 52 (2024); Texas,240390,48.8,51.9,6.7,25.6,10.3,132557
sldl,48053,48,053,State House District 53 (2024); Texas,204563,26.0,57.1,1.7,37.2,0.9,71185
sldl,48054,48,054,State House District 54 (2024); Texas,187988,24.5,40.1,25.9,24.0,2.9,63837
sldl,48055,48,055,State House District 55 (2024); Texas,198909,29.5,44.6,17.3,28.5,3.0,72776
sldl,48056,48,056,State House District 56 (2024); Texas,202826,32.2,60.6,9.0,24.5,1.9,74793
sldl,48057,48,057,State House District 57 (2024); Texas,197350,44.2,51.4,13.6,22.1,7.4,121651
sldl,48058,48,058,State House District 58 (2024); Texas,205288,25.4,65.1,4.9,25.0,1.0,84766
sldl,48059,48,059,State House District 59 (2024); Texas,202842,27.0,67.9,6.2,18.5,1.3,74328
sldl,48060,48,060,State House District 60 (2024); Texas,203814,29.5,77.8,1.5,16.0,0.8,94523
sldl,48061,48,061,State House District 61 (2024); Texas,225464,62.2,48.6,9.7,14.6,22.1,157495
sldl,48062,48,062,State House District 62 (2024); Texas,196733,23.0,72.4,5.4,15.5,1.2,72125
sldl,48063,48,063,State House District 63 (2024); Texas,203290,49.0,50.1,9.7,22.5,12.9,104722
sldl,48064,48,064,State House District 64 (2024); Texas,211723,33.9,63.6,7.2,21.9,2.6,79701
sldl,48065,48,065,State House District 65 (2024); Texas,221696,53.4,50.9,10.3,19.9,14.1,116256
sldl,48066,48,066,State House District 66 (2024); Texas,222717,64.5,52.4,9.5,12.5,20.5,128666
sldl,48067,48,067,State House District 67 (2024); Texas,218938,46.9,51.9,11.5,18.3,14.4,107270
sldl,48068,48,068,State House District 68 (2024); Texas,199047,22.1,72.8,2.3,20.4,0.6,65082
sldl,48069,48,069,State House District 69 (2024); Texas,186323,23.6,64.9,8.1,20.5,1.9,63806
sldl,48070,48,070,State House District 70 (2024); Texas,192579,60.4,45.0,11.2,16.6,23.2,98987
sldl,48071,48,071,State House District 71 (2024); Texas,194862,25.8,61.3,7.1,25.4,1.7,65667
sldl,48072,48,072,State House District 72 (2024); Texas,183432,22.5,51.8,3.7,40.3,1.1,66483
sldl,48073,48,073,State House District 73 (2024); Texas,228111,46.4,66.5,2.1,25.8,1.5,104059
sldl,48074,48,074,State House District 74 (2024); Texas,203980,20.8,13.2,1.3,82.6,0.8,61126
sldl,48075,48,075,State House District 75 (2024); Texas,207368,21.1,6.0,2.6,89.7,0.4,67887
sldl,48076,48,076,State House District 76 (2024); Texas,211438,47.2,20.4,24.2,22.0,29.8,98184
sldl,48077,48,077,State House District 77 (2024); Texas,196378,18.7,8.0,2.1,87.5,0.8,39203
sldl,48078,48,078,State House District 78 (2024); Texas,207169,36.6,17.6,3.6,74.1,2.1,71231
sldl,48079,48,079,State House District 79 (2024); Texas,201259,27.3,12.4,3.9,79.6,1.2,62159
sldl,48080,48,080,State House District 80 (2024); Texas,199681,13.6,14.0,1.0,83.2,0.6,56578
sldl,48081,48,081,State House District 81 (2024); Texas,183285,17.0,29.3,4.2,63.0,1.0,71840
sldl,48082,48,082,State House District 82 (2024); Texas,192153,29.6,41.9,6.3,46.6,2.2,90163
sldl,48083,48,083,State House District 83 (2024); Texas,190337,29.5,56.1,3.6,35.8,1.3,76255
sldl,48084,48,084,State House District 84 (2024); Texas,190003,30.7,44.9,8.9,40.1,2.8,54518
sldl,48085,48,085,State House District 85 (2024); Texas,209887,30.9,46.1,13.0,29.9,7.6,79717
sldl,48086,48,086,State House District 86 (2024); Texas,190845,29.6,59.1,2.8,33.0,1.3,79325
sldl,48087,48,087,State House District 87 (2024); Texas,183451,18.7,45.0,7.3,40.6,3.3,58816
sldl,48088,48,088,State House District 88 (2024); Texas,185161,16.3,44.7,3.2,48.8,0.5,60735
sldl,48089,48,089,State House District 89 (2024); Texas,215566,47.0,50.8,12.5,18.0,13.1,123226
sldl,48090,48,090,State House District 90 (2024); Texas,203267,18.4,17.0,13.0,64.4,3.0,63714
sldl,48091,48,091,State House District 91 (2024); Texas,188279,28.8,55.1,8.1,27.0,5.9,84848
sldl,48092,48,092,State House District 92 (2024); Texas,185798,33.1,25.6,25.6,34.7,9.5,63892
sldl,48093,48,093,State House District 93 (2024); Texas,212192,41.1,50.3,12.8,22.8,8.4,109539
sldl,48094,48,094,State House District 94 (2024); Texas,186662,38.1,51.5,12.9,24.6,6.2,85286
sldl,48095,48,095,State House District 95 (2024); Texas,205659,19.2,17.8,36.2,40.2,2.8,60207
sldl,48096,48,096,State House District 96 (2024); Texas,201905,36.7,50.2,18.4,21.2,4.4,105612
sldl,48097,48,097,State House District 97 (2024); Texas,196659,44.1,55.9,13.3,22.4,4.0,86394
sldl,48098,48,098,State House District 98 (2024); Texas,184562,60.5,64.8,5.4,14.4,10.1,143969
sldl,48099,48,099,State House District 99 (2024); Texas,201547,29.7,52.3,11.8,29.8,2.5,78340
sldl,48100,48,100,State House District 100 (2024); Texas,184230,18.6,10.4,32.0,53.4,1.8,55815
sldl,48101,48,101,State House District 101 (2024); Texas,200860,32.8,24.7,31.3,29.3,10.2,88515
sldl,48102,48,102,State House District 102 (2024); Texas,187929,33.9,26.9,25.8,32.7,10.4,62365
sldl,48103,48,103,State House District 103 (2024); Texas,189423,35.3,21.3,9.1,61.9,5.6,74310
sldl,48104,48,104,State House District 104 (2024); Texas,187213,19.0,15.2,11.4,69.1,2.1,66976
sldl,48105,48,105,State House District 105 (2024); Texas,191992,31.9,17.1,13.1,53.6,13.6,71975
sldl,48106,48,106,State House District 106 (2024); Texas,220507,55.2,53.3,9.8,16.7,14.1,134275
sldl,48107,48,107,State House District 107 (2024); Texas,183092,14.3,17.5,14.3,63.6,2.6,66583
sldl,48108,48,108,State House District 108 (2024); Texas,181544,79.3,75.9,4.5,9.7,5.3,146957
sldl,48109,48,109,State House District 109 (2024); Texas,190307,25.1,13.2,50.7,31.0,1.4,76767
sldl,48110,48,110,State House District 110 (2024); Texas,185292,8.8,6.5,34.4,57.7,0.4,53114
sldl,48111,48,111,State House District 111 (2024); Texas,190627,27.5,12.8,46.0,35.9,2.0,67368
sldl,48112,48,112,State House District 112 (2024); Texas,184638,49.3,52.7,12.7,19.2,10.7,107985
sldl,48113,48,113,State House District 113 (2024); Texas,182831,25.0,24.5,26.5,36.4,8.0,78799
sldl,48114,48,114,State House District 114 (2024); Texas,183650,55.2,44.5,15.0,31.4,5.0,81516
sldl,48115,48,115,State House District 115 (2024); Texas,198411,60.4,32.7,13.2,22.4,27.4,94299
sldl,48116,48,116,State House District 116 (2024); Texas,208653,32.2,20.7,7.4,61.8,6.9,54334
sldl,48117,48,117,State House District 117 (2024); Texas,216142,24.3,17.9,6.9,69.3,2.2,76584
sldl,48118,48,118,State House District 118 (2024); Texas,214515,23.7,26.7,6.0,62.4,1.8,73948
sldl,48119,48,119,State House District 119 (2024); Texas,207901,19.6,17.0,9.8,68.8,1.8,62992
sldl,48120,48,120,State House District 120 (2024); Texas,206647,22.4,22.3,18.9,51.5,2.8,61026
sldl,48121,48,121,State House District 121 (2024); Texas,206796,52.0,47.2,5.1,39.1,3.9,98047
sldl,48122,48,122,State House District 122 (2024); Texas,207624,60.4,47.8,3.6,38.6,5.8,134302
sldl,48123,48,123,State House District 123 (2024); Texas,201919,29.7,23.2,3.8,68.5,1.4,57146
sldl,48124,48,124,State House District 124 (2024); Texas,189927,21.3,15.1,8.0,71.7,2.0,65402
sldl,48125,48,125,State House District 125 (2024); Texas,207217,30.0,23.3,4.4,65.7,3.3,73542
sldl,48126,48,126,State House District 126 (2024); Texas,202084,40.0,41.4,16.8,27.8,9.9,91224
sldl,48127,48,127,State House District 127 (2024); Texas,217029,39.3,43.5,18.0,29.2,3.7,105809
sldl,48128,48,128,State House District 128 (2024); Texas,193048,19.4,40.0,9.2,45.4,1.7,80667
sldl,48129,48,129,State House District 129 (2024); Texas,201421,39.8,47.6,7.6,30.1,10.5,92662
sldl,48130,48,130,State House District 130 (2024); Texas,199671,46.0,54.0,9.2,23.0,9.2,119650
sldl,48131,48,131,State House District 131 (2024); Texas,207584,21.2,6.4,33.9,51.9,5.7,53696
sldl,48132,48,132,State House District 132 (2024); Texas,221285,50.1,40.0,11.6,28.3,13.8,116083
sldl,48133,48,133,State House District 133 (2024); Texas,187066,65.2,47.3,16.2,19.8,11.7,86024
sldl,48134,48,134,State House District 134 (2024); Texas,205478,78.9,55.8,8.1,15.5,14.6,119753
sldl,48135,48,135,State House District 135 (2024); Texas,209038,30.0,18.0,19.2,48.3,9.6,87216
sldl,48136,48,136,State House District 136 (2024); Texas,207046,52.7,44.4,8.7,26.0,14.9,97269
sldl,48137,48,137,State House District 137 (2024); Texas,201493,26.8,13.4,16.2,58.7,9.2,48583
sldl,48138,48,138,State House District 138 (2024); Texas,203082,42.5,35.2,7.2,44.5,9.7,85738
sldl,48139,48,139,State House District 139 (2024); Texas,213424,25.7,13.0,34.6,44.7,4.7,61441
sldl,48140,48,140,State House District 140 (2024); Texas,184046,8.2,5.3,9.8,83.0,1.3,50698
sldl,48141,48,141,State House District 141 (2024); Texas,203505,13.7,5.4,38.1,51.2,1.3,46281
sldl,48142,48,142,State House District 142 (2024); Texas,196038,20.2,11.8,35.3,47.7,2.4,65894
sldl,48143,48,143,State House District 143 (2024); Texas,193571,11.1,9.2,10.9,77.5,1.2,54397
sldl,48144,48,144,State House District 144 (2024); Texas,201270,12.1,12.4,5.2,77.5,3.2,60238
sldl,48145,48,145,State House District 145 (2024); Texas,183855,35.9,25.7,9.0,59.1,3.3,71249
sldl,48146,48,146,State House District 146 (2024); Texas,194504,38.1,16.9,41.9,30.2,7.5,57081
sldl,48147,48,147,State House District 147 (2024); Texas,202649,40.7,19.7,31.4,38.9,6.7,70945
sldl,48148,48,148,State House District 148 (2024); Texas,209370,26.1,17.9,12.0,58.9,8.8,67819
sldl,48149,48,149,State House District 149 (2024); Texas,198209,27.2,13.9,27.0,39.3,16.8,64469
sldl,48150,48,150,State House District 150 (2024); Texas,209583,42.3,40.8,16.8,30.9,6.6,102528
sldl,49001,49,001,State House District 1 (2024); Utah,46739,25.3,85.4,0.3,11.0,0.5,83833
sldl,49002,49,002,State House District 2 (2024); Utah,46369,42.2,80.9,0.5,11.9,2.0,86146
sldl,49003,49,003,State House District 3 (2024); Utah,45061,41.9,79.9,0.9,12.2,2.7,65598
sldl,49004,49,004,State House District 4 (2024); Utah,45779,49.8,86.5,0.1,8.9,0.8,129253
sldl,49005,49,005,State House District 5 (2024); Utah,46768,43.1,82.5,0.8,11.5,0.5,96935
sldl,49006,49,006,State House District 6 (2024); Utah,44055,30.5,84.9,0.2,9.1,1.0,104852
sldl,49007,49,007,State House District 7 (2024); Utah,45555,27.6,76.7,0.6,18.1,1.0,92566
sldl,49008,49,008,State House District 8 (2024); Utah,41532,34.4,71.9,0.8,21.7,2.5,87409
sldl,49009,49,009,State House District 9 (2024); Utah,46340,23.5,69.5,1.4,22.9,1.7,81644
sldl,49010,49,010,State House District 10 (2024); Utah,42852,28.8,67.2,1.9,25.2,1.3,82966
sldl,49011,49,011,State House District 11 (2024); Utah,44311,29.1,74.7,2.4,15.2,1.5,77873
sldl,49012,49,012,State House District 12 (2024); Utah,45281,26.2,77.5,0.5,15.9,1.6,104435
sldl,49013,49,013,State House District 13 (2024); Utah,43251,24.5,74.9,1.0,15.4,2.1,101256
sldl,49014,49,014,State House District 14 (2024); Utah,46381,32.5,79.2,1.4,11.7,2.8,113236
sldl,49015,49,015,State House District 15 (2024); Utah,44763,42.6,85.0,1.4,9.5,0.8,133589
sldl,49016,49,016,State House District 16 (2024); Utah,43953,39.0,72.2,1.3,17.7,2.7,104867
sldl,49017,49,017,State House District 17 (2024); Utah,41644,43.9,85.3,0.5,7.8,1.5,112919
sldl,49018,49,018,State House District 18 (2024); Utah,42400,51.2,86.3,1.0,7.1,1.5,125000
sldl,49019,49,019,State House District 19 (2024); Utah,41746,45.7,85.4,1.1,6.8,0.8,112917
sldl,49020,49,020,State House District 20 (2024); Utah,43789,41.7,74.3,0.7,15.2,2.9,107178
sldl,49021,49,021,State House District 21 (2024); Utah,46901,30.3,38.7,3.4,39.7,7.5,71266
sldl,49022,49,022,State House District 22 (2024); Utah,44260,62.5,76.5,1.3,10.1,4.8,63167
sldl,49023,49,023,State House District 23 (2024); Utah,45709,75.2,81.8,0.9,6.9,4.7,120161
sldl,49024,49,024,State House District 24 (2024); Utah,46179,49.3,70.9,1.8,16.8,3.9,70840
sldl,49025,49,025,State House District 25 (2024); Utah,45291,17.4,30.1,4.1,51.6,3.9,69208
sldl,49026,49,026,State House District 26 (2024); Utah,46995,16.7,44.8,1.1,45.0,4.6,110000
sldl,49027,49,027,State House District 27 (2024); Utah,45028,16.8,51.9,1.4,34.1,3.8,104754
sldl,49028,49,028,State House District 28 (2024); Utah,46247,20.8,75.6,1.1,17.4,0.4,102938
sldl,49029,49,029,State House District 29 (2024); Utah,46550,25.5,81.0,0.5,12.2,1.3,98672
sldl,49030,49,030,State House District 30 (2024); Utah,44602,16.2,44.5,2.2,39.1,4.2,94356
sldl,49031,49,031,State House District 31 (2024); Utah,41699,20.4,49.6,3.1,32.4,5.9,66963
sldl,49032,49,032,State House District 32 (2024); Utah,41274,42.1,62.1,3.7,19.4,9.0,77186
sldl,49033,49,033,State House District 33 (2024); Utah,44640,65.5,86.0,0.4,5.3,2.7,141738
sldl,49034,49,034,State House District 34 (2024); Utah,41046,51.5,77.2,1.3,11.3,3.9,85396
sldl,49035,49,035,State House District 35 (2024); Utah,44121,38.3,66.1,4.5,17.2,5.4,82415
sldl,49036,49,036,State House District 36 (2024); Utah,42063,24.3,63.0,2.5,25.2,4.6,99801
sldl,49037,49,037,State House District 37 (2024); Utah,44003,15.3,49.7,1.0,40.1,1.4,86924
sldl,49038,49,038,State House District 38 (2024); Utah,44060,31.6,58.8,2.3,25.5,5.0,112144
sldl,49039,49,039,State House District 39 (2024); Utah,46922,29.4,62.1,0.8,27.3,2.8,98567
sldl,49040,49,040,State House District 40 (2024); Utah,43084,34.1,68.2,1.7,18.7,3.9,74114
sldl,49041,49,041,State House District 41 (2024); Utah,41779,52.3,83.3,0.7,7.3,3.7,111560
sldl,49042,49,042,State House District 42 (2024); Utah,42282,54.2,86.3,0.3,5.8,2.5,149009
sldl,49043,49,043,State House District 43 (2024); Utah,43678,41.2,74.9,0.9,12.1,4.0,93947
sldl,49044,49,044,State House District 44 (2024); Utah,43609,44.0,81.5,0.4,9.3,3.4,147924
sldl,49045,49,045,State House District 45 (2024); Utah,42744,45.7,77.9,0.5,10.9,5.7,121476
sldl,49046,49,046,State House District 46 (2024); Utah,44543,51.7,81.6,2.0,5.8,4.2,134106
sldl,49047,49,047,State House District 47 (2024); Utah,44902,38.7,78.5,0.4,11.4,3.5,113946
sldl,49048,49,048,State House District 48 (2024); Utah,46591,43.3,73.3,2.4,15.0,3.5,131155
sldl,49049,49,049,State House District 49 (2024); Utah,50266,42.3,82.8,0.2,9.9,1.4,123473
sldl,49050,49,050,State House District 50 (2024); Utah,52644,36.1,80.3,0.5,13.2,0.3,113845
sldl,49051,49,051,State House District 51 (2024); Utah,57428,52.8,78.3,0.4,13.8,1.8,128994
sldl,49052,49,052,State House District 52 (2024); Utah,50532,43.8,80.9,0.4,10.2,2.4,114468
sldl,49053,49,053,State House District 53 (2024); Utah,47120,53.3,81.4,0.5,8.8,1.9,136649
sldl,49054,49,054,State House District 54 (2024); Utah,44232,59.6,83.9,0.8,7.5,1.5,172833
sldl,49055,49,055,State House District 55 (2024); Utah,41961,41.5,82.8,0.3,10.5,2.0,105115
sldl,49056,49,056,State House District 56 (2024); Utah,47870,42.3,70.0,0.7,21.7,1.8,82823
sldl,49057,49,057,State House District 57 (2024); Utah,45993,46.1,72.3,0.8,18.5,2.5,91106
sldl,49058,49,058,State House District 58 (2024); Utah,41871,52.7,80.3,0.5,11.6,1.3,102764
sldl,49059,49,059,State House District 59 (2024); Utah,46538,55.4,79.9,0.3,14.3,1.7,120239
sldl,49060,49,060,State House District 60 (2024); Utah,46324,51.6,78.7,1.0,10.3,3.4,47684
sldl,49061,49,061,State House District 61 (2024); Utah,41971,39.1,67.2,0.6,25.1,1.5,80399
sldl,49062,49,062,State House District 62 (2024); Utah,43995,38.5,62.1,1.8,27.7,1.7,69140
sldl,49063,49,063,State House District 63 (2024); Utah,48390,47.2,79.3,0.5,14.5,0.6,108261
sldl,49064,49,064,State House District 64 (2024); Utah,44786,36.3,84.8,0.7,11.1,0.4,106346
sldl,49065,49,065,State House District 65 (2024); Utah,48288,30.1,80.9,1.1,13.9,0.2,97611
sldl,49066,49,066,State House District 66 (2024); Utah,44165,22.1,85.2,0.8,9.9,0.6,78001
sldl,49067,49,067,State House District 67 (2024); Utah,42365,18.7,83.6,0.3,10.8,0.3,66191
sldl,49068,49,068,State House District 68 (2024); Utah,43438,17.0,81.4,0.5,7.9,0.8,74698
sldl,49069,49,069,State House District 69 (2024); Utah,43048,27.6,71.3,0.1,7.5,0.6,68614
sldl,49070,49,070,State House District 70 (2024); Utah,46101,23.9,89.9,0.2,7.0,0.2,74472
sldl,49071,49,071,State House District 71 (2024); Utah,47203,33.4,80.4,0.9,12.1,1.6,64887
sldl,49072,49,072,State House District 72 (2024); Utah,54868,33.8,83.8,0.5,9.1,1.0,88793
sldl,49073,49,073,State House District 73 (2024); Utah,47611,35.3,79.6,0.5,13.0,1.2,81343
sldl,49074,49,074,State House District 74 (2024); Utah,47053,40.7,79.9,0.3,14.2,1.4,88170
sldl,49075,49,075,State House District 75 (2024); Utah,46899,31.0,81.4,0.2,12.6,1.0,69342
sldl,50A-1,50,A-1,Addison-1 State House District (2024); Vermont,8320,54.8,80.1,1.4,4.8,5.6,92027
sldl,50A-2,50,A-2,Addison-2 State House District (2024); Vermont,4084,42.6,91.6,2.1,2.7,0.5,97598
sldl,50A-3,50,A-3,Addison-3 State House District (2024); Vermont,8047,43.2,93.4,0.8,2.6,0.2,93682
sldl,50A-4,50,A-4,Addison-4 State House District (2024); Vermont,9110,43.4,93.2,0.3,2.0,0.6,87886
sldl,50A-5,50,A-5,Addison-5 State House District (2024); Vermont,4159,43.4,89.3,0.2,3.8,2.6,80586
sldl,50A-R,50,A-R,Addison-Rutland State House District (2024); Vermont,4605,32.0,90.6,0.7,4.0,0.4,90208
sldl,50B-1,50,B-1,Bennington-1 State House District (2024); Vermont,4253,31.0,95.3,0.0,2.3,0.2,65724
sldl,50B-2,50,B-2,Bennington-2 State House District (2024); Vermont,8005,39.0,89.0,2.2,2.8,1.5,52367
sldl,50B-3,50,B-3,Bennington-3 State House District (2024); Vermont,4031,41.3,89.7,0.6,3.7,0.0,85843
sldl,50B-4,50,B-4,Bennington-4 State House District (2024); Vermont,8364,48.8,89.2,2.4,3.9,0.4,94792
sldl,50B-5,50,B-5,Bennington-5 State House District (2024); Vermont,8437,33.2,90.3,0.0,2.8,1.4,62701
sldl,50B-R,50,B-R,Bennington-Rutland State House District (2024); Vermont,4191,57.3,95.2,0.6,0.4,0.7,96324
sldl,50C-1,50,C-1,Chittenden-1 State House District (2024); Vermont,4159,59.1,90.9,0.0,4.4,1.5,108235
sldl,50C-2,50,C-2,Chittenden-2 State House District (2024); Vermont,9429,55.6,89.6,2.3,3.6,0.8,106584
sldl,50C-3,50,C-3,Chittenden-3 State House District (2024); Vermont,8255,59.8,93.2,0.6,0.8,0.4,111435
sldl,50C-4,50,C-4,Chittenden-4 State House District (2024); Vermont,4281,62.8,95.2,0.0,0.7,0.0,109303
sldl,50C-5,50,C-5,Chittenden-5 State House District (2024); Vermont,4353,67.6,95.4,0.3,0.3,0.3,140896
sldl,50C-6,50,C-6,Chittenden-6 State House District (2024); Vermont,4945,71.5,84.5,1.0,2.5,4.1,107737
sldl,50C-7,50,C-7,Chittenden-7 State House District (2024); Vermont,3836,65.5,89.3,1.1,3.9,2.0,146250
sldl,50C-8,50,C-8,Chittenden-8 State House District (2024); Vermont,4364,70.4,78.6,0.6,4.0,13.2,163586
sldl,50C-9,50,C-9,Chittenden-9 State House District (2024); Vermont,3005,68.0,81.4,0.0,0.4,12.5,97738
sldl,50C-F,50,C-F,Chittenden-Franklin State House District (2024); Vermont,7749,29.7,91.1,3.2,2.1,0.0,111033
sldl,50C10,50,C10,Chittenden-10 State House District (2024); Vermont,4039,49.4,78.9,2.9,4.6,3.5,76854
sldl,50C11,50,C11,Chittenden-11 State House District (2024); Vermont,5166,62.9,74.8,4.0,5.1,9.0,77455
sldl,50C12,50,C12,Chittenden-12 State House District (2024); Vermont,4897,80.8,81.4,0.6,1.7,11.5,118638
sldl,50C13,50,C13,Chittenden-13 State House District (2024); Vermont,7407,66.7,90.2,0.7,1.5,3.4,92031
sldl,50C14,50,C14,Chittenden-14 State House District (2024); Vermont,8314,72.0,86.3,0.7,2.6,5.0,36083
sldl,50C15,50,C15,Chittenden-15 State House District (2024); Vermont,8652,65.9,85.5,1.5,3.6,3.9,63908
sldl,50C16,50,C16,Chittenden-16 State House District (2024); Vermont,7601,59.4,77.0,9.6,4.0,3.5,60500
sldl,50C17,50,C17,Chittenden-17 State House District (2024); Vermont,4807,54.7,85.0,1.4,2.7,5.6,85129
sldl,50C18,50,C18,Chittenden-18 State House District (2024); Vermont,7894,53.4,80.6,3.3,2.3,4.2,87264
sldl,50C19,50,C19,Chittenden-19 State House District (2024); Vermont,8413,41.9,90.5,1.3,3.4,0.9,105813
sldl,50C20,50,C20,Chittenden-20 State House District (2024); Vermont,9235,39.5,83.9,2.8,3.2,3.2,93620
sldl,50C21,50,C21,Chittenden-21 State House District (2024); Vermont,8293,59.1,76.9,3.2,2.5,12.8,79522
sldl,50C22,50,C22,Chittenden-22 State House District (2024); Vermont,9426,49.9,83.4,5.5,5.1,3.6,90873
sldl,50C23,50,C23,Chittenden-23 State House District (2024); Vermont,8501,60.5,79.0,5.0,4.2,8.1,90083
sldl,50C24,50,C24,Chittenden-24 State House District (2024); Vermont,4392,55.7,88.0,0.0,0.5,8.1,129128
sldl,50C25,50,C25,Chittenden-25 State House District (2024); Vermont,4814,42.9,89.2,0.0,2.1,1.2,126250
sldl,50CA1,50,CA1,Caledonia-1 State House District (2024); Vermont,4193,35.8,93.8,0.3,3.2,0.1,75580
sldl,50CA2,50,CA2,Caledonia-2 State House District (2024); Vermont,4230,32.5,93.2,1.1,1.7,0.2,90882
sldl,50CA3,50,CA3,Caledonia-3 State House District (2024); Vermont,8391,31.4,90.3,1.3,2.5,0.4,68692
sldl,50CAE,50,CAE,Caledonia-Essex State House District (2024); Vermont,9269,29.3,89.5,0.6,1.6,0.7,60675
sldl,50CAW,50,CAW,Caledonia-Washington State House District (2024); Vermont,4826,39.2,94.6,0.2,1.0,0.5,74508
sldl,50E-C,50,E-C,Essex-Caledonia State House District (2024); Vermont,3958,27.8,93.7,0.1,0.8,1.1,65250
sldl,50E-O,50,E-O,Essex-Orleans State House District (2024); Vermont,4755,22.5,96.0,0.0,2.3,0.0,57458
sldl,50F-1,50,F-1,Franklin-1 State House District (2024); Vermont,9171,44.3,93.2,0.0,2.8,0.3,107688
sldl,50F-2,50,F-2,Franklin-2 State House District (2024); Vermont,4354,31.1,92.2,0.1,3.7,0.0,92986
sldl,50F-3,50,F-3,Franklin-3 State House District (2024); Vermont,4769,28.7,89.5,0.6,2.2,3.7,62969
sldl,50F-4,50,F-4,Franklin-4 State House District (2024); Vermont,9078,21.3,93.7,0.2,1.7,0.9,80040
sldl,50F-5,50,F-5,Franklin-5 State House District (2024); Vermont,9330,20.6,91.0,0.1,1.4,0.3,72834
sldl,50F-6,50,F-6,Franklin-6 State House District (2024); Vermont,4243,33.3,94.7,0.1,2.1,0.3,92321
sldl,50F-7,50,F-7,Franklin-7 State House District (2024); Vermont,3860,29.8,91.0,0.2,0.2,0.2,60966
sldl,50F-8,50,F-8,Franklin-8 State House District (2024); Vermont,4888,37.9,88.7,0.9,1.6,0.4,61581
sldl,50GIC,50,GIC,Grand Isle-Chittenden State House District (2024); Vermont,8891,44.2,91.4,0.3,2.0,0.3,104653
sldl,50L-1,50,L-1,Lamoille-1 State House District (2024); Vermont,4660,65.4,96.0,0.0,2.4,0.0,92199
sldl,50L-2,50,L-2,Lamoille-2 State House District (2024); Vermont,8379,33.2,93.2,1.7,2.0,0.1,71115
sldl,50L-3,50,L-3,Lamoille-3 State House District (2024); Vermont,4447,47.6,91.0,1.3,2.0,0.0,72171
sldl,50L-W,50,L-W,Lamoille-Washington State House District (2024); Vermont,8801,45.5,87.1,0.4,3.9,2.5,70423
sldl,50O-1,50,O-1,Orleans-1 State House District (2024); Vermont,4537,36.8,94.7,1.8,0.7,1.5,80250
sldl,50O-2,50,O-2,Orleans-2 State House District (2024); Vermont,4394,25.1,90.7,1.8,0.2,0.3,54646
sldl,50O-3,50,O-3,Orleans-3 State House District (2024); Vermont,4424,30.0,92.2,1.2,4.1,0.1,72098
sldl,50O-4,50,O-4,Orleans-4 State House District (2024); Vermont,3970,44.9,89.0,0.8,2.4,0.6,76354
sldl,50O-L,50,O-L,Orleans-Lamoille State House District (2024); Vermont,9079,23.8,93.9,0.1,2.0,0.7,78519
sldl,50OR1,50,OR1,Orange-1 State House District (2024); Vermont,4394,28.5,90.0,1.0,2.5,0.7,71686
sldl,50OR2,50,OR2,Orange-2 State House District (2024); Vermont,4604,40.2,94.1,0.1,2.0,1.1,96284
sldl,50OR3,50,OR3,Orange-3 State House District (2024); Vermont,4257,21.1,94.7,0.4,1.0,0.3,82390
sldl,50ORC,50,ORC,Orange-Caledonia State House District (2024); Vermont,4135,36.9,92.3,0.2,2.3,0.7,67763
sldl,50OWA,50,OWA,Orange-Washington-Addison State House District (2024); Vermont,8711,38.7,93.1,0.0,2.0,0.4,79020
sldl,50R-1,50,R-1,Rutland-1 State House District (2024); Vermont,3991,36.4,91.1,0.1,2.8,0.2,73222
sldl,50R-2,50,R-2,Rutland-2 State House District (2024); Vermont,9091,31.7,94.4,0.8,1.4,0.9,65308
sldl,50R-3,50,R-3,Rutland-3 State House District (2024); Vermont,4453,37.9,93.4,0.7,4.0,0.0,73854
sldl,50R-4,50,R-4,Rutland-4 State House District (2024); Vermont,4815,42.5,96.7,0.0,1.1,0.5,73750
sldl,50R-5,50,R-5,Rutland-5 State House District (2024); Vermont,3595,40.7,98.8,0.0,0.0,0.3,89185
sldl,50R-6,50,R-6,Rutland-6 State House District (2024); Vermont,4237,15.4,93.5,0.4,2.3,0.7,43650
sldl,50R-7,50,R-7,Rutland-7 State House District (2024); Vermont,4887,37.2,84.8,1.8,8.9,0.9,53750
sldl,50R-8,50,R-8,Rutland-8 State House District (2024); Vermont,4686,33.9,92.2,0.0,0.1,0.2,70240
sldl,50R-9,50,R-9,Rutland-9 State House District (2024); Vermont,4120,32.1,90.0,1.1,0.3,1.7,64180
sldl,50R-B,50,R-B,Rutland-Bennington State House District (2024); Vermont,4275,36.5,91.5,0.6,2.9,0.3,71758
sldl,50R-W,50,R-W,Rutland-Windsor State House District (2024); Vermont,4642,43.1,92.3,0.0,4.2,0.2,68656
sldl,50R10,50,R10,Rutland-10 State House District (2024); Vermont,3742,26.2,93.7,0.6,0.5,0.0,66977
sldl,50R11,50,R11,Rutland-11 State House District (2024); Vermont,3607,51.5,91.2,1.9,2.1,0.9,95536
sldl,50W-1,50,W-1,Windham-1 State House District (2024); Vermont,5170,35.0,91.3,0.2,2.6,0.9,80079
sldl,50W-2,50,W-2,Windham-2 State House District (2024); Vermont,3700,44.6,94.1,0.4,1.3,0.5,67098
sldl,50W-3,50,W-3,Windham-3 State House District (2024); Vermont,8337,40.7,90.1,1.2,2.0,1.1,71510
sldl,50W-4,50,W-4,Windham-4 State House District (2024); Vermont,4712,53.6,86.7,0.4,5.2,2.2,89259
sldl,50W-5,50,W-5,Windham-5 State House District (2024); Vermont,4356,50.2,88.3,2.4,3.5,1.1,75744
sldl,50W-6,50,W-6,Windham-6 State House District (2024); Vermont,3962,41.8,90.0,0.6,2.8,0.6,69142
sldl,50W-7,50,W-7,Windham-7 State House District (2024); Vermont,3852,44.0,90.3,0.0,1.5,2.0,56855
sldl,50W-8,50,W-8,Windham-8 State House District (2024); Vermont,4153,42.4,91.3,1.3,5.6,0.7,64917
sldl,50W-9,50,W-9,Windham-9 State House District (2024); Vermont,4117,52.7,89.0,0.9,5.2,1.2,58211
sldl,50WA1,50,WA1,Washington-1 State House District (2024); Vermont,8800,32.4,88.1,2.0,1.9,0.7,75440
sldl,50WA2,50,WA2,Washington-2 State House District (2024); Vermont,7925,61.3,94.8,0.1,1.6,0.3,99190
sldl,50WA3,50,WA3,Washington-3 State House District (2024); Vermont,8412,36.1,92.2,0.1,1.5,2.6,65625
sldl,50WA4,50,WA4,Washington-4 State House District (2024); Vermont,8014,66.1,86.5,0.8,4.5,1.7,81030
sldl,50WA5,50,WA5,Washington-5 State House District (2024); Vermont,4555,57.5,94.5,1.0,2.0,0.2,102887
sldl,50WA6,50,WA6,Washington-6 State House District (2024); Vermont,4890,47.3,88.1,2.1,4.6,0.4,70986
sldl,50WAC,50,WAC,Washington-Chittenden State House District (2024); Vermont,8440,55.5,93.2,0.0,0.9,1.1,100712
sldl,50WAO,50,WAO,Washington-Orange State House District (2024); Vermont,8550,37.9,91.0,0.9,5.6,0.0,93538
sldl,50WWB,50,WWB,Windham-Windsor-Bennington State House District (2024); Vermont,3926,47.7,91.8,0.1,1.3,2.1,89258
sldl,50Y-1,50,Y-1,Windsor-1 State House District (2024); Vermont,8185,41.2,95.4,0.2,0.9,0.3,70317
sldl,50Y-2,50,Y-2,Windsor-2 State House District (2024); Vermont,4459,36.8,89.2,0.4,0.8,0.0,85848
sldl,50Y-3,50,Y-3,Windsor-3 State House District (2024); Vermont,9084,23.3,91.9,0.5,2.8,0.3,66571
sldl,50Y-4,50,Y-4,Windsor-4 State House District (2024); Vermont,4813,52.3,91.2,1.2,3.5,1.9,86691
sldl,50Y-5,50,Y-5,Windsor-5 State House District (2024); Vermont,4259,52.0,88.9,0.2,5.9,0.0,101250
sldl,50Y-6,50,Y-6,Windsor-6 State House District (2024); Vermont,9022,46.2,93.2,0.6,1.7,2.2,76037
sldl,50Y-A,50,Y-A,Windsor-Addison State House District (2024); Vermont,4351,39.8,93.5,0.0,3.0,1.4,74621
sldl,50Y-W,50,Y-W,Windsor-Windham State House District (2024); Vermont,4683,37.0,93.7,0.3,1.6,0.8,66941
sldl,50YO1,50,YO1,Windsor-Orange-1 State House District (2024); Vermont,4005,42.7,92.9,1.1,0.7,0.4,94805
sldl,50YO2,50,YO2,Windsor-Orange-2 State House District (2024); Vermont,9402,65.5,90.0,0.5,1.6,1.7,103859
sldl,51001,51,001,State House District 1 (2024); Virginia,86871,81.0,68.1,4.4,11.3,8.9,177335
sldl,51002,51,002,State House District 2 (2024); Virginia,81865,83.6,58.9,9.1,12.9,13.1,135187
sldl,51003,51,003,State House District 3 (2024); Virginia,84481,66.4,48.2,14.3,23.9,8.2,121570
sldl,51004,51,004,State House District 4 (2024); Virginia,85854,47.9,30.4,24.9,27.9,10.2,91466
sldl,51005,51,005,State House District 5 (2024); Virginia,87801,72.8,56.2,16.9,15.7,5.5,136037
sldl,51006,51,006,State House District 6 (2024); Virginia,82127,84.7,65.2,1.6,5.7,21.0,250001
sldl,51007,51,007,State House District 7 (2024); Virginia,86180,73.8,60.5,6.7,13.8,12.0,164993
sldl,51008,51,008,State House District 8 (2024); Virginia,87554,65.8,39.3,8.0,19.7,26.6,159303
sldl,51009,51,009,State House District 9 (2024); Virginia,88013,61.4,41.6,6.6,16.3,30.1,151068
sldl,51010,51,010,State House District 10 (2024); Virginia,83555,65.6,47.4,5.9,14.5,26.1,167064
sldl,51011,51,011,State House District 11 (2024); Virginia,89169,68.6,48.9,10.2,14.4,21.4,138356
sldl,51012,51,012,State House District 12 (2024); Virginia,89507,77.2,52.3,5.8,10.1,25.3,159129
sldl,51013,51,013,State House District 13 (2024); Virginia,86512,63.1,47.2,5.3,23.7,17.8,134917
sldl,51014,51,014,State House District 14 (2024); Virginia,81737,54.0,37.9,10.9,24.4,20.8,136837
sldl,51015,51,015,State House District 15 (2024); Virginia,88931,69.5,55.9,6.8,14.0,16.1,188252
sldl,51016,51,016,State House District 16 (2024); Virginia,85210,53.3,43.1,16.9,28.4,6.9,124336
sldl,51017,51,017,State House District 17 (2024); Virginia,86047,63.4,45.0,16.8,16.9,15.2,141590
sldl,51018,51,018,State House District 18 (2024); Virginia,83779,58.0,41.0,11.2,19.2,21.8,147215
sldl,51019,51,019,State House District 19 (2024); Virginia,89772,43.3,27.1,25.3,31.7,9.2,111049
sldl,51020,51,020,State House District 20 (2024); Virginia,86445,30.0,30.0,10.8,47.3,7.1,107661
sldl,51021,51,021,State House District 21 (2024); Virginia,86810,50.2,44.5,12.7,25.4,11.6,133577
sldl,51022,51,022,State House District 22 (2024); Virginia,86864,54.2,58.6,10.8,15.7,9.0,181255
sldl,51023,51,023,State House District 23 (2024); Virginia,89666,41.7,26.2,35.6,22.3,9.6,115951
sldl,51024,51,024,State House District 24 (2024); Virginia,86337,41.4,33.4,21.6,26.0,11.2,126778
sldl,51025,51,025,State House District 25 (2024); Virginia,84029,46.8,39.2,18.6,24.1,9.9,135009
sldl,51026,51,026,State House District 26 (2024); Virginia,88763,73.2,36.6,10.4,8.2,39.2,205263
sldl,51027,51,027,State House District 27 (2024); Virginia,86085,54.4,38.7,6.6,28.3,20.4,163116
sldl,51028,51,028,State House District 28 (2024); Virginia,89015,67.8,53.7,7.7,10.7,22.0,164700
sldl,51029,51,029,State House District 29 (2024); Virginia,88093,62.3,56.2,8.2,15.5,15.3,164593
sldl,51030,51,030,State House District 30 (2024); Virginia,92774,61.9,70.9,4.4,10.1,9.3,194872
sldl,51031,51,031,State House District 31 (2024); Virginia,90693,31.2,78.0,5.2,10.3,1.7,95927
sldl,51032,51,032,State House District 32 (2024); Virginia,86471,30.7,73.9,5.2,14.5,1.8,82869
sldl,51033,51,033,State House District 33 (2024); Virginia,87897,19.7,87.3,2.2,7.1,0.8,64454
sldl,51034,51,034,State House District 34 (2024); Virginia,87521,35.0,69.9,5.4,18.0,2.7,72164
sldl,51035,51,035,State House District 35 (2024); Virginia,89236,26.6,86.4,3.6,6.1,0.6,82613
sldl,51036,51,036,State House District 36 (2024); Virginia,86398,29.8,81.6,7.5,5.0,1.1,65647
sldl,51037,51,037,State House District 37 (2024); Virginia,86362,25.7,88.3,3.8,2.6,1.0,67741
sldl,51038,51,038,State House District 38 (2024); Virginia,86897,26.7,51.3,30.6,9.6,3.2,53352
sldl,51039,51,039,State House District 39 (2024); Virginia,84469,27.7,86.1,6.6,3.3,0.9,71072
sldl,51040,51,040,State House District 40 (2024); Virginia,86157,39.8,79.9,7.5,4.8,3.9,77774
sldl,51041,51,041,State House District 41 (2024); Virginia,88467,48.1,81.7,3.1,4.6,6.8,75620
sldl,51042,51,042,State House District 42 (2024); Virginia,84610,31.4,86.6,5.7,3.1,1.8,66839
sldl,51043,51,043,State House District 43 (2024); Virginia,85699,13.9,93.8,2.8,1.1,0.5,47712
sldl,51044,51,044,State House District 44 (2024); Virginia,87510,24.0,92.7,2.5,1.8,0.4,58534
sldl,51045,51,045,State House District 45 (2024); Virginia,84479,15.1,92.1,3.5,1.7,0.2,48015
sldl,51046,51,046,State House District 46 (2024); Virginia,84492,17.4,91.0,3.0,2.6,0.6,51763
sldl,51047,51,047,State House District 47 (2024); Virginia,82901,17.4,87.8,4.6,5.1,0.3,53208
sldl,51048,51,048,State House District 48 (2024); Virginia,86666,16.9,63.9,26.3,5.9,0.9,50981
sldl,51049,51,049,State House District 49 (2024); Virginia,83864,19.5,53.0,38.7,4.1,0.9,49911
sldl,51050,51,050,State House District 50 (2024); Virginia,84594,20.2,60.6,31.1,3.6,0.7,54363
sldl,51051,51,051,State House District 51 (2024); Virginia,86075,26.4,82.0,10.0,2.8,1.0,70192
sldl,51052,51,052,State House District 52 (2024); Virginia,86896,37.4,60.7,25.9,5.7,2.1,59040
sldl,51053,51,053,State House District 53 (2024); Virginia,88387,32.8,78.7,12.0,2.9,1.1,74862
sldl,51054,51,054,State House District 54 (2024); Virginia,88009,60.7,63.4,14.5,8.6,8.1,77401
sldl,51055,51,055,State House District 55 (2024); Virginia,86485,58.1,79.6,7.3,5.7,3.3,115694
sldl,51056,51,056,State House District 56 (2024); Virginia,90539,27.0,70.9,19.6,3.5,0.5,75596
sldl,51057,51,057,State House District 57 (2024); Virginia,89273,67.0,61.9,6.9,6.2,20.8,137420
sldl,51058,51,058,State House District 58 (2024); Virginia,84836,56.5,67.2,11.9,7.0,7.6,96403
sldl,51059,51,059,State House District 59 (2024); Virginia,89136,39.2,71.1,13.8,4.5,4.1,93125
sldl,51060,51,060,State House District 60 (2024); Virginia,88087,41.7,81.8,7.9,2.8,2.4,120429
sldl,51061,51,061,State House District 61 (2024); Virginia,86764,38.2,76.5,6.2,10.2,1.5,120585
sldl,51062,51,062,State House District 62 (2024); Virginia,89757,28.0,70.9,12.3,10.7,1.2,89518
sldl,51063,51,063,State House District 63 (2024); Virginia,88708,33.7,67.5,12.0,12.9,2.1,116740
sldl,51064,51,064,State House District 64 (2024); Virginia,90088,45.6,52.3,18.3,16.8,3.6,157775
sldl,51065,51,065,State House District 65 (2024); Virginia,89973,41.2,57.8,18.0,11.8,3.3,99535
sldl,51066,51,066,State House District 66 (2024); Virginia,86912,32.9,56.7,21.7,11.5,2.5,103860
sldl,51067,51,067,State House District 67 (2024); Virginia,89810,29.6,66.3,20.2,5.6,1.6,81031
sldl,51068,51,068,State House District 68 (2024); Virginia,87477,25.0,76.6,14.8,3.8,0.5,78395
sldl,51069,51,069,State House District 69 (2024); Virginia,89728,44.3,66.9,14.3,8.8,3.6,104298
sldl,51070,51,070,State House District 70 (2024); Virginia,85621,33.7,45.7,31.5,11.8,4.0,78793
sldl,51071,51,071,State House District 71 (2024); Virginia,86235,48.3,71.7,12.8,6.0,3.3,103660
sldl,51072,51,072,State House District 72 (2024); Virginia,92235,39.7,75.1,13.9,5.1,1.8,97133
sldl,51073,51,073,State House District 73 (2024); Virginia,94468,59.0,70.3,11.1,5.8,6.4,132637
sldl,51074,51,074,State House District 74 (2024); Virginia,87534,36.6,58.5,26.3,7.0,2.6,96697
sldl,51075,51,075,State House District 75 (2024); Virginia,91109,27.9,45.6,33.0,12.7,2.4,81079
sldl,51076,51,076,State House District 76 (2024); Virginia,89291,30.8,40.2,33.3,19.0,2.6,87306
sldl,51077,51,077,State House District 77 (2024); Virginia,88884,33.8,34.7,41.5,18.8,1.3,66041
sldl,51078,51,078,State House District 78 (2024); Virginia,82903,67.9,69.9,14.9,5.8,3.4,86909
sldl,51079,51,079,State House District 79 (2024); Virginia,91863,35.4,27.6,57.7,7.5,1.6,52071
sldl,51080,51,080,State House District 80 (2024); Virginia,86921,32.2,33.3,48.3,9.6,3.9,67316
sldl,51081,51,081,State House District 81 (2024); Virginia,82773,24.7,34.6,49.7,9.8,1.3,68197
sldl,51082,51,082,State House District 82 (2024); Virginia,85524,24.0,44.5,45.2,5.7,0.9,66449
sldl,51083,51,083,State House District 83 (2024); Virginia,93019,22.5,51.6,39.0,3.4,0.8,70606
sldl,51084,51,084,State House District 84 (2024); Virginia,90476,32.2,46.1,42.2,4.7,1.8,86870
sldl,51085,51,085,State House District 85 (2024); Virginia,88288,28.1,33.3,50.1,9.2,2.1,61057
sldl,51086,51,086,State House District 86 (2024); Virginia,86664,37.7,56.7,25.6,6.5,4.3,87199
sldl,51087,51,087,State House District 87 (2024); Virginia,86268,27.4,27.0,56.0,7.5,2.0,67943
sldl,51088,51,088,State House District 88 (2024); Virginia,84793,25.0,37.3,47.3,5.8,1.8,61201
sldl,51089,51,089,State House District 89 (2024); Virginia,89499,39.7,55.4,28.2,6.5,3.2,109567
sldl,51090,51,090,State House District 90 (2024); Virginia,89801,43.3,71.0,12.6,5.9,5.0,125527
sldl,51091,51,091,State House District 91 (2024); Virginia,86499,26.3,35.2,47.2,9.1,2.4,67582
sldl,51092,51,092,State House District 92 (2024); Virginia,88856,35.1,32.7,52.1,6.7,2.9,62136
sldl,51093,51,093,State House District 93 (2024); Virginia,84411,28.4,32.4,46.7,10.0,4.4,65912
sldl,51094,51,094,State House District 94 (2024); Virginia,79803,34.9,57.4,19.7,13.1,3.3,71382
sldl,51095,51,095,State House District 95 (2024); Virginia,81660,28.9,41.4,32.9,12.1,7.6,67563
sldl,51096,51,096,State House District 96 (2024); Virginia,87920,34.0,43.5,24.4,10.4,13.4,96155
sldl,51097,51,097,State House District 97 (2024); Virginia,84360,35.6,56.4,19.3,10.2,5.0,79129
sldl,51098,51,098,State House District 98 (2024); Virginia,88250,45.9,69.0,10.8,7.9,6.3,123175
sldl,51099,51,099,State House District 99 (2024); Virginia,82735,54.1,75.1,9.2,6.7,3.4,105771
sldl,51100,51,100,State House District 100 (2024); Virginia,84338,35.5,65.1,19.7,8.7,2.7,74762
sldl,53001,53,001,Legislative (House) District 1 (2024); Washington,161162,59.7,63.2,2.5,7.7,18.7,149329
sldl,53002,53,002,Legislative (House) District 2 (2024); Washington,159524,23.0,65.5,4.2,12.8,5.2,104467
sldl,53003,53,003,Legislative (House) District 3 (2024); Washington,155130,38.9,77.8,2.8,8.3,2.5,71749
sldl,53004,53,004,Legislative (House) District 4 (2024); Washington,162056,28.8,83.7,0.9,6.2,1.6,81659
sldl,53005,53,005,Legislative (House) District 5 (2024); Washington,156791,52.7,66.7,1.2,7.5,15.6,149321
sldl,53006,53,006,Legislative (House) District 6 (2024); Washington,162864,28.6,79.6,2.3,7.2,2.3,76564
sldl,53007,53,007,Legislative (House) District 7 (2024); Washington,162961,22.2,71.2,0.6,16.5,0.7,69064
sldl,53008,53,008,Legislative (House) District 8 (2024); Washington,158523,33.6,62.2,2.2,27.2,3.3,92506
sldl,53009,53,009,Legislative (House) District 9 (2024); Washington,158812,38.4,78.1,1.1,10.1,3.5,76475
sldl,53010,53,010,Legislative (House) District 10 (2024); Washington,160060,32.9,75.6,1.5,10.5,3.9,92852
sldl,53011,53,011,Legislative (House) District 11 (2024); Washington,152644,38.2,37.8,10.2,15.8,25.9,99394
sldl,53012,53,012,Legislative (House) District 12 (2024); Washington,159840,37.7,69.1,0.9,19.6,4.0,106724
sldl,53013,53,013,Legislative (House) District 13 (2024); Washington,162748,23.6,56.6,1.1,35.8,1.1,72944
sldl,53014,53,014,Legislative (House) District 14 (2024); Washington,156322,10.2,20.4,0.6,71.5,0.8,57926
sldl,53015,53,015,Legislative (House) District 15 (2024); Washington,160928,25.1,55.8,0.8,37.1,1.2,80764
sldl,53016,53,016,Legislative (House) District 16 (2024); Washington,163669,30.4,63.0,1.4,28.0,2.3,86195
sldl,53017,53,017,Legislative (House) District 17 (2024); Washington,160202,37.8,71.8,1.6,11.0,6.7,101566
sldl,53018,53,018,Legislative (House) District 18 (2024); Washington,161259,32.6,75.2,1.6,11.2,4.3,106750
sldl,53019,53,019,Legislative (House) District 19 (2024); Washington,162215,18.9,77.8,0.9,10.9,1.2,70131
sldl,53020,53,020,Legislative (House) District 20 (2024); Washington,163631,25.1,82.6,0.6,9.2,1.5,90896
sldl,53021,53,021,Legislative (House) District 21 (2024); Washington,155780,44.1,55.9,5.0,11.8,16.8,106028
sldl,53022,53,022,Legislative (House) District 22 (2024); Washington,159797,44.8,68.5,3.7,10.1,7.4,92436
sldl,53023,53,023,Legislative (House) District 23 (2024); Washington,158052,43.7,71.6,2.6,9.2,5.3,106138
sldl,53024,53,024,Legislative (House) District 24 (2024); Washington,160152,30.9,80.6,0.7,7.4,1.5,69630
sldl,53025,53,025,Legislative (House) District 25 (2024); Washington,158133,28.6,64.3,5.7,11.8,5.7,105882
sldl,53026,53,026,Legislative (House) District 26 (2024); Washington,157576,37.5,76.9,1.1,8.2,3.6,106336
sldl,53027,53,027,Legislative (House) District 27 (2024); Washington,157972,40.3,61.8,8.7,11.0,7.0,89592
sldl,53028,53,028,Legislative (House) District 28 (2024); Washington,156510,33.2,52.8,10.2,16.4,7.4,86693
sldl,53029,53,029,Legislative (House) District 29 (2024); Washington,155861,19.7,43.4,11.9,17.7,11.4,80992
sldl,53030,53,030,Legislative (House) District 30 (2024); Washington,158317,27.7,38.0,14.0,21.7,14.3,90803
sldl,53031,53,031,Legislative (House) District 31 (2024); Washington,160958,30.2,72.6,2.3,10.5,5.3,122456
sldl,53032,53,032,Legislative (House) District 32 (2024); Washington,163135,47.0,58.1,6.9,11.4,15.0,100850
sldl,53033,53,033,Legislative (House) District 33 (2024); Washington,157458,31.3,38.8,13.8,21.8,15.3,86957
sldl,53034,53,034,Legislative (House) District 34 (2024); Washington,158000,52.8,57.6,8.1,14.2,11.6,119342
sldl,53035,53,035,Legislative (House) District 35 (2024); Washington,163962,29.4,75.1,1.5,10.6,2.6,99486
sldl,53036,53,036,Legislative (House) District 36 (2024); Washington,159952,75.8,69.3,1.7,7.4,13.1,140788
sldl,53037,53,037,Legislative (House) District 37 (2024); Washington,164798,53.2,39.6,16.1,9.4,25.3,100083
sldl,53038,53,038,Legislative (House) District 38 (2024); Washington,159943,27.1,59.1,4.5,17.6,9.0,91237
sldl,53039,53,039,Legislative (House) District 39 (2024); Washington,160718,26.4,73.9,1.7,11.2,5.2,108150
sldl,53040,53,040,Legislative (House) District 40 (2024); Washington,158487,45.0,74.7,0.8,14.6,3.1,86990
sldl,53041,53,041,Legislative (House) District 41 (2024); Washington,156045,73.8,47.8,2.3,5.5,36.5,197777
sldl,53042,53,042,Legislative (House) District 42 (2024); Washington,160832,33.2,74.3,0.9,11.9,4.4,79503
sldl,53043,53,043,Legislative (House) District 43 (2024); Washington,157837,78.1,58.3,4.0,6.6,22.8,126847
sldl,53044,53,044,Legislative (House) District 44 (2024); Washington,158365,49.3,60.3,2.2,8.6,20.7,146377
sldl,53045,53,045,Legislative (House) District 45 (2024); Washington,158714,69.8,59.3,1.4,7.9,24.0,180159
sldl,53046,53,046,Legislative (House) District 46 (2024); Washington,160235,71.8,62.9,4.2,8.5,15.8,120264
sldl,53047,53,047,Legislative (House) District 47 (2024); Washington,155639,31.0,49.8,8.7,13.4,18.2,106938
sldl,53048,53,048,Legislative (House) District 48 (2024); Washington,160654,73.3,44.1,2.1,7.5,39.5,158702
sldl,53049,53,049,Legislative (House) District 49 (2024); Washington,160893,29.9,66.6,3.5,17.0,4.4,81089
sldl,54001,54,001,Delegate District 1 (2024); West Virginia,19027,20.1,94.4,0.4,1.0,0.9,61721
sldl,54002,54,002,Delegate District 2 (2024); West Virginia,17819,23.0,89.9,2.6,2.4,0.6,58540
sldl,54003,54,003,Delegate District 3 (2024); West Virginia,18069,24.2,91.1,2.3,1.5,0.3,57225
sldl,54004,54,004,Delegate District 4 (2024); West Virginia,18817,34.8,92.2,2.4,2.0,0.6,70287
sldl,54005,54,005,Delegate District 5 (2024); West Virginia,18086,32.7,87.7,4.5,1.3,0.3,45954
sldl,54006,54,006,Delegate District 6 (2024); West Virginia,19079,21.8,92.5,0.2,1.3,0.1,56936
sldl,54007,54,007,Delegate District 7 (2024); West Virginia,17054,18.7,94.9,0.5,0.7,0.5,60211
sldl,54008,54,008,Delegate District 8 (2024); West Virginia,18329,15.3,92.6,1.4,1.2,0.0,61061
sldl,54009,54,009,Delegate District 9 (2024); West Virginia,18051,14.7,95.6,0.2,1.2,0.6,56744
sldl,54010,54,010,Delegate District 10 (2024); West Virginia,16996,28.8,93.7,2.3,1.1,0.1,68750
sldl,54011,54,011,Delegate District 11 (2024); West Virginia,16367,29.0,91.8,1.4,1.4,1.5,58562
sldl,54012,54,012,Delegate District 12 (2024); West Virginia,17768,22.5,91.5,1.0,2.0,0.2,49064
sldl,54013,54,013,Delegate District 13 (2024); West Virginia,17123,19.9,94.4,0.8,1.5,0.4,55631
sldl,54014,54,014,Delegate District 14 (2024); West Virginia,16706,19.5,97.2,0.0,1.3,0.0,65986
sldl,54015,54,015,Delegate District 15 (2024); West Virginia,17286,15.5,95.1,0.0,1.0,0.3,45961
sldl,54016,54,016,Delegate District 16 (2024); West Virginia,18603,20.2,95.6,0.1,1.1,0.5,59911
sldl,54017,54,017,Delegate District 17 (2024); West Virginia,17997,16.4,94.7,0.5,1.3,0.3,58740
sldl,54018,54,018,Delegate District 18 (2024); West Virginia,17205,16.9,96.6,1.0,0.0,0.4,46112
sldl,54019,54,019,Delegate District 19 (2024); West Virginia,18285,16.6,95.9,1.1,0.4,0.2,67228
sldl,54020,54,020,Delegate District 20 (2024); West Virginia,17619,38.9,91.1,1.5,2.6,1.2,98608
sldl,54021,54,021,Delegate District 21 (2024); West Virginia,20216,33.7,93.5,0.4,1.6,1.1,82737
sldl,54022,54,022,Delegate District 22 (2024); West Virginia,15887,23.0,96.1,0.1,0.4,0.6,65593
sldl,54023,54,023,Delegate District 23 (2024); West Virginia,16481,31.6,91.1,2.7,2.3,1.2,65930
sldl,54024,54,024,Delegate District 24 (2024); West Virginia,16125,29.8,87.7,2.3,2.9,1.1,52908
sldl,54025,54,025,Delegate District 25 (2024); West Virginia,18970,38.3,76.8,12.2,2.4,1.6,31064
sldl,54026,54,026,Delegate District 26 (2024); West Virginia,18295,42.7,92.6,2.8,1.1,1.7,64451
sldl,54027,54,027,Delegate District 27 (2024); West Virginia,17620,25.3,91.4,2.5,1.0,0.1,52202
sldl,54028,54,028,Delegate District 28 (2024); West Virginia,17470,20.8,98.2,0.2,0.2,0.0,71345
sldl,54029,54,029,Delegate District 29 (2024); West Virginia,15782,9.6,96.2,0.4,1.3,0.0,44114
sldl,54030,54,030,Delegate District 30 (2024); West Virginia,18623,8.4,96.0,0.0,0.9,0.6,47273
sldl,54031,54,031,Delegate District 31 (2024); West Virginia,18344,15.3,97.3,0.9,0.5,0.0,55814
sldl,54032,54,032,Delegate District 32 (2024); West Virginia,17531,10.6,97.5,0.5,0.3,0.2,52869
sldl,54033,54,033,Delegate District 33 (2024); West Virginia,17848,13.7,94.1,2.5,1.4,0.4,50151
sldl,54034,54,034,Delegate District 34 (2024); West Virginia,16857,9.6,94.4,2.7,1.1,0.0,34939
sldl,54035,54,035,Delegate District 35 (2024); West Virginia,17447,12.4,96.8,0.3,0.9,0.1,50097
sldl,54036,54,036,Delegate District 36 (2024); West Virginia,17901,6.8,86.5,8.8,2.1,0.1,31665
sldl,54037,54,037,Delegate District 37 (2024); West Virginia,17273,22.3,83.4,7.4,1.7,0.3,48862
sldl,54038,54,038,Delegate District 38 (2024); West Virginia,19795,24.3,87.4,3.9,0.4,0.2,54158
sldl,54039,54,039,Delegate District 39 (2024); West Virginia,17446,21.4,92.6,1.8,2.4,0.2,47762
sldl,54040,54,040,Delegate District 40 (2024); West Virginia,17950,17.9,90.6,5.0,1.2,0.0,51036
sldl,54041,54,041,Delegate District 41 (2024); West Virginia,20651,23.5,96.4,0.4,0.5,0.2,65375
sldl,54042,54,042,Delegate District 42 (2024); West Virginia,17003,18.2,97.5,0.9,0.3,0.0,43698
sldl,54043,54,043,Delegate District 43 (2024); West Virginia,17515,17.1,95.2,1.4,0.6,0.1,43927
sldl,54044,54,044,Delegate District 44 (2024); West Virginia,18287,27.6,71.3,16.4,3.5,2.1,47067
sldl,54045,54,045,Delegate District 45 (2024); West Virginia,17831,18.9,81.4,10.7,2.4,1.0,53622
sldl,54046,54,046,Delegate District 46 (2024); West Virginia,17746,27.8,92.6,2.7,2.3,1.0,53679
sldl,54047,54,047,Delegate District 47 (2024); West Virginia,17456,17.0,91.5,1.5,1.9,0.3,43858
sldl,54048,54,048,Delegate District 48 (2024); West Virginia,16403,16.5,95.3,0.5,0.5,0.2,40162
sldl,54049,54,049,Delegate District 49 (2024); West Virginia,17491,24.6,95.5,0.8,1.4,0.1,59858
sldl,54050,54,050,Delegate District 50 (2024); West Virginia,16429,15.2,90.8,5.4,1.2,0.1,53475
sldl,54051,54,051,Delegate District 51 (2024); West Virginia,17187,18.2,94.0,1.1,1.9,0.0,56699
sldl,54052,54,052,Delegate District 52 (2024); West Virginia,18059,15.3,86.5,3.8,0.8,0.3,56959
sldl,54053,54,053,Delegate District 53 (2024); West Virginia,17991,28.2,88.7,2.1,1.3,0.8,62423
sldl,54054,54,054,Delegate District 54 (2024); West Virginia,16628,30.3,67.6,18.6,2.9,0.7,47368
sldl,54055,54,055,Delegate District 55 (2024); West Virginia,18459,49.8,84.2,3.4,2.7,3.2,81765
sldl,54056,54,056,Delegate District 56 (2024); West Virginia,18107,40.9,89.0,1.8,1.4,2.7,81918
sldl,54057,54,057,Delegate District 57 (2024); West Virginia,18197,36.1,79.7,8.0,2.4,2.0,59236
sldl,54058,54,058,Delegate District 58 (2024); West Virginia,17615,24.0,84.9,6.0,1.9,0.7,53503
sldl,54059,54,059,Delegate District 59 (2024); West Virginia,16321,26.4,89.9,3.1,0.4,0.6,60624
sldl,54060,54,060,Delegate District 60 (2024); West Virginia,17998,21.4,93.2,1.7,1.6,0.2,61618
sldl,54061,54,061,Delegate District 61 (2024); West Virginia,18105,23.3,94.3,0.9,0.5,0.0,57903
sldl,54062,54,062,Delegate District 62 (2024); West Virginia,16913,12.5,96.2,0.1,0.5,0.0,44206
sldl,54063,54,063,Delegate District 63 (2024); West Virginia,16466,15.1,81.2,6.4,2.1,0.2,49632
sldl,54064,54,064,Delegate District 64 (2024); West Virginia,17958,18.7,89.9,1.0,1.6,0.1,55742
sldl,54065,54,065,Delegate District 65 (2024); West Virginia,17707,19.5,91.0,1.6,1.7,0.5,54058
sldl,54066,54,066,Delegate District 66 (2024); West Virginia,17172,16.5,91.9,1.2,0.8,0.0,48279
sldl,54067,54,067,Delegate District 67 (2024); West Virginia,17758,22.4,89.9,1.5,1.0,0.1,59694
sldl,54068,54,068,Delegate District 68 (2024); West Virginia,18952,13.0,91.2,1.2,1.0,0.2,51895
sldl,54069,54,069,Delegate District 69 (2024); West Virginia,16164,22.5,95.1,0.3,1.3,0.2,64747
sldl,54070,54,070,Delegate District 70 (2024); West Virginia,17826,25.4,89.7,3.2,2.5,0.4,47553
sldl,54071,54,071,Delegate District 71 (2024); West Virginia,17316,41.2,89.4,1.6,3.6,2.1,76988
sldl,54072,54,072,Delegate District 72 (2024); West Virginia,17883,15.0,93.0,0.4,1.8,0.2,56799
sldl,54073,54,073,Delegate District 73 (2024); West Virginia,17951,21.9,95.3,0.6,0.9,0.0,60859
sldl,54074,54,074,Delegate District 74 (2024); West Virginia,18484,26.4,94.4,0.7,1.7,0.6,73547
sldl,54075,54,075,Delegate District 75 (2024); West Virginia,16969,29.0,92.3,2.1,1.3,0.1,65238
sldl,54076,54,076,Delegate District 76 (2024); West Virginia,18992,25.4,85.9,5.0,2.0,1.0,63142
sldl,54077,54,077,Delegate District 77 (2024); West Virginia,16158,36.1,93.7,0.8,2.2,0.0,85726
sldl,54078,54,078,Delegate District 78 (2024); West Virginia,19719,43.4,86.9,3.8,3.6,1.7,95814
sldl,54079,54,079,Delegate District 79 (2024); West Virginia,18529,58.0,81.0,6.1,3.8,4.6,44385
sldl,54080,54,080,Delegate District 80 (2024); West Virginia,17445,48.9,81.7,3.2,5.6,4.9,64663
sldl,54081,54,081,Delegate District 81 (2024); West Virginia,15807,57.0,81.6,3.1,2.1,6.5,39291
sldl,54082,54,082,Delegate District 82 (2024); West Virginia,19571,54.7,89.6,1.4,1.7,3.5,77963
sldl,54083,54,083,Delegate District 83 (2024); West Virginia,17625,18.1,81.3,12.2,3.2,0.4,69231
sldl,54084,54,084,Delegate District 84 (2024); West Virginia,16535,17.0,93.6,0.3,0.6,0.4,54689
sldl,54085,54,085,Delegate District 85 (2024); West Virginia,17637,17.7,96.2,1.0,0.6,0.1,56560
sldl,54086,54,086,Delegate District 86 (2024); West Virginia,16691,15.7,89.2,4.0,4.7,0.0,49705
sldl,54087,54,087,Delegate District 87 (2024); West Virginia,17035,25.6,93.2,1.5,1.0,0.0,71034
sldl,54088,54,088,Delegate District 88 (2024); West Virginia,17517,19.4,91.7,1.0,1.0,0.2,66408
sldl,54089,54,089,Delegate District 89 (2024); West Virginia,19047,18.6,93.2,0.8,2.7,0.0,63505
sldl,54090,54,090,Delegate District 90 (2024); West Virginia,19561,21.1,93.5,0.3,1.6,0.6,78661
sldl,54091,54,091,Delegate District 91 (2024); West Virginia,18334,29.2,84.7,4.7,5.0,1.0,97639
sldl,54092,54,092,Delegate District 92 (2024); West Virginia,18682,29.6,79.7,6.6,6.5,0.5,86520
sldl,54093,54,093,Delegate District 93 (2024); West Virginia,17771,21.7,66.6,11.6,12.5,0.3,62118
sldl,54094,54,094,Delegate District 94 (2024); West Virginia,18669,26.0,80.9,9.6,3.1,1.2,68893
sldl,54095,54,095,Delegate District 95 (2024); West Virginia,18478,20.7,76.0,8.1,7.8,1.8,84954
sldl,54096,54,096,Delegate District 96 (2024); West Virginia,19355,19.1,80.7,5.4,7.7,1.0,82598
sldl,54097,54,097,Delegate District 97 (2024); West Virginia,18938,34.6,85.3,4.0,3.7,1.0,95287
sldl,54098,54,098,Delegate District 98 (2024); West Virginia,17499,23.6,78.2,6.5,8.7,2.0,95541
sldl,54099,54,099,Delegate District 99 (2024); West Virginia,18832,35.0,72.9,8.4,10.1,1.5,101103
sldl,54100,54,100,Delegate District 100 (2024); West Virginia,16801,38.9,87.1,3.1,4.9,0.7,96157
sldl,55001,55,001,Assembly District 1 (2024); Wisconsin,59933,31.2,92.2,0.2,3.7,0.5,81378
sldl,55002,55,002,Assembly District 2 (2024); Wisconsin,60622,31.2,87.6,0.5,4.8,2.7,90757
sldl,55003,55,003,Assembly District 3 (2024); Wisconsin,59975,31.4,88.2,0.8,5.5,2.3,87280
sldl,55004,55,004,Assembly District 4 (2024); Wisconsin,62125,31.2,90.3,1.5,3.0,0.8,90121
sldl,55005,55,005,Assembly District 5 (2024); Wisconsin,61155,33.9,85.2,0.9,4.3,2.2,93624
sldl,55006,55,006,Assembly District 6 (2024); Wisconsin,59126,20.1,81.6,0.4,2.9,0.3,69252
sldl,55007,55,007,Assembly District 7 (2024); Wisconsin,58947,29.0,54.8,4.9,28.3,7.0,69893
sldl,55008,55,008,Assembly District 8 (2024); Wisconsin,59254,14.6,15.1,10.0,68.8,2.7,47541
sldl,55009,55,009,Assembly District 9 (2024); Wisconsin,59151,14.2,25.6,7.5,56.2,6.9,52096
sldl,55010,55,010,Assembly District 10 (2024); Wisconsin,58500,42.9,39.5,46.7,6.0,3.1,53224
sldl,55011,55,011,Assembly District 11 (2024); Wisconsin,62495,15.5,11.1,71.1,7.1,6.9,46084
sldl,55012,55,012,Assembly District 12 (2024); Wisconsin,59157,23.7,22.8,59.2,5.3,8.1,57049
sldl,55013,55,013,Assembly District 13 (2024); Wisconsin,59782,63.9,81.3,4.2,3.7,5.5,111405
sldl,55014,55,014,Assembly District 14 (2024); Wisconsin,57225,32.1,73.8,5.2,13.2,2.8,69862
sldl,55015,55,015,Assembly District 15 (2024); Wisconsin,59664,57.0,80.7,1.1,6.1,7.7,100285
sldl,55016,55,016,Assembly District 16 (2024); Wisconsin,56064,28.2,26.1,55.3,8.4,5.5,38637
sldl,55017,55,017,Assembly District 17 (2024); Wisconsin,60404,26.7,23.9,59.9,5.7,5.3,57894
sldl,55018,55,018,Assembly District 18 (2024); Wisconsin,56166,33.8,33.7,48.3,9.0,3.9,52631
sldl,55019,55,019,Assembly District 19 (2024); Wisconsin,55839,64.6,74.7,7.8,6.7,4.6,72969
sldl,55020,55,020,Assembly District 20 (2024); Wisconsin,58105,33.6,77.4,3.6,12.2,1.4,69828
sldl,55021,55,021,Assembly District 21 (2024); Wisconsin,59481,35.7,71.4,4.0,15.6,4.5,87066
sldl,55022,55,022,Assembly District 22 (2024); Wisconsin,61716,50.4,90.3,1.3,3.1,1.7,95115
sldl,55023,55,023,Assembly District 23 (2024); Wisconsin,57745,67.2,76.8,8.1,5.5,4.4,124430
sldl,55024,55,024,Assembly District 24 (2024); Wisconsin,60589,47.5,83.0,3.6,4.1,5.6,97443
sldl,55025,55,025,Assembly District 25 (2024); Wisconsin,59892,25.5,84.8,1.3,6.3,3.2,66661
sldl,55026,55,026,Assembly District 26 (2024); Wisconsin,58790,24.8,70.8,2.5,12.2,10.1,65699
sldl,55027,55,027,Assembly District 27 (2024); Wisconsin,60129,28.2,91.5,1.4,3.2,1.3,85689
sldl,55028,55,028,Assembly District 28 (2024); Wisconsin,61326,29.3,91.6,0.8,3.0,0.5,92685
sldl,55029,55,029,Assembly District 29 (2024); Wisconsin,59723,23.4,87.5,0.5,8.5,0.5,79036
sldl,55030,55,030,Assembly District 30 (2024); Wisconsin,60874,48.6,91.9,0.4,2.5,1.7,106978
sldl,55031,55,031,Assembly District 31 (2024); Wisconsin,57534,31.6,82.3,0.7,13.1,0.6,81138
sldl,55032,55,032,Assembly District 32 (2024); Wisconsin,60279,29.6,82.8,0.7,11.5,0.6,98843
sldl,55033,55,033,Assembly District 33 (2024); Wisconsin,60329,32.0,89.6,1.5,5.1,0.9,92282
sldl,55034,55,034,Assembly District 34 (2024); Wisconsin,60303,29.6,90.0,0.4,2.0,0.4,68579
sldl,55035,55,035,Assembly District 35 (2024); Wisconsin,60540,20.1,92.3,0.4,2.3,0.6,67777
sldl,55036,55,036,Assembly District 36 (2024); Wisconsin,60400,19.7,91.1,0.4,2.5,0.3,62998
sldl,55037,55,037,Assembly District 37 (2024); Wisconsin,59563,21.6,85.9,3.1,7.2,0.9,75140
sldl,55038,55,038,Assembly District 38 (2024); Wisconsin,58913,20.2,87.2,0.7,7.7,0.4,76565
sldl,55039,55,039,Assembly District 39 (2024); Wisconsin,59472,20.1,89.9,1.0,4.9,0.6,70355
sldl,55040,55,040,Assembly District 40 (2024); Wisconsin,58419,26.3,88.4,1.7,4.3,0.8,80045
sldl,55041,55,041,Assembly District 41 (2024); Wisconsin,59785,21.8,86.7,0.8,6.9,0.4,71635
sldl,55042,55,042,Assembly District 42 (2024); Wisconsin,59257,36.6,86.1,2.4,4.9,2.7,101042
sldl,55043,55,043,Assembly District 43 (2024); Wisconsin,59969,32.1,84.5,1.0,8.0,1.5,78414
sldl,55044,55,044,Assembly District 44 (2024); Wisconsin,60098,25.9,83.9,3.3,7.5,1.5,74448
sldl,55045,55,045,Assembly District 45 (2024); Wisconsin,60099,22.0,70.4,9.1,15.0,0.8,71240
sldl,55046,55,046,Assembly District 46 (2024); Wisconsin,60180,36.0,86.3,1.4,8.4,1.6,92843
sldl,55047,55,047,Assembly District 47 (2024); Wisconsin,60216,51.0,75.5,5.0,8.6,5.7,95052
sldl,55048,55,048,Assembly District 48 (2024); Wisconsin,61191,48.7,73.2,8.3,6.5,7.3,95127
sldl,55049,55,049,Assembly District 49 (2024); Wisconsin,59622,24.0,92.5,1.6,2.6,0.7,66104
sldl,55050,55,050,Assembly District 50 (2024); Wisconsin,59105,35.0,91.2,1.6,3.5,0.8,89952
sldl,55051,55,051,Assembly District 51 (2024); Wisconsin,59798,29.0,91.4,0.6,3.8,0.9,81342
sldl,55052,55,052,Assembly District 52 (2024); Wisconsin,59007,34.8,80.0,2.9,6.0,6.2,75574
sldl,55053,55,053,Assembly District 53 (2024); Wisconsin,59469,30.6,81.5,2.0,9.0,3.3,70212
sldl,55054,55,054,Assembly District 54 (2024); Wisconsin,58722,25.9,80.8,5.2,4.2,4.3,61821
sldl,55055,55,055,Assembly District 55 (2024); Wisconsin,61300,37.4,90.5,0.9,3.6,2.1,92372
sldl,55056,55,056,Assembly District 56 (2024); Wisconsin,60803,32.2,89.2,0.6,4.6,2.5,96048
sldl,55057,55,057,Assembly District 57 (2024); Wisconsin,60270,21.1,90.4,1.1,5.1,0.4,75402
sldl,55058,55,058,Assembly District 58 (2024); Wisconsin,59571,33.3,91.0,1.1,3.9,0.6,91423
sldl,55059,55,059,Assembly District 59 (2024); Wisconsin,60356,25.8,91.6,0.7,4.2,0.8,92092
sldl,55060,55,060,Assembly District 60 (2024); Wisconsin,59113,21.7,82.5,2.5,8.8,2.8,66531
sldl,55061,55,061,Assembly District 61 (2024); Wisconsin,59449,37.7,72.7,2.9,14.6,4.8,78598
sldl,55062,55,062,Assembly District 62 (2024); Wisconsin,60048,25.9,54.4,16.7,22.7,0.9,61151
sldl,55063,55,063,Assembly District 63 (2024); Wisconsin,59556,38.6,80.2,2.6,9.2,3.7,99102
sldl,55064,55,064,Assembly District 64 (2024); Wisconsin,60077,30.3,64.0,8.0,18.7,2.9,71192
sldl,55065,55,065,Assembly District 65 (2024); Wisconsin,58953,31.2,67.4,8.1,17.3,1.5,76624
sldl,55066,55,066,Assembly District 66 (2024); Wisconsin,58706,28.9,60.1,15.3,17.3,1.8,75023
sldl,55067,55,067,Assembly District 67 (2024); Wisconsin,60273,23.3,91.4,1.1,2.9,0.5,68189
sldl,55068,55,068,Assembly District 68 (2024); Wisconsin,60468,18.8,94.3,0.4,1.7,0.5,66299
sldl,55069,55,069,Assembly District 69 (2024); Wisconsin,59968,14.0,90.0,1.3,6.1,0.4,67617
sldl,55070,55,070,Assembly District 70 (2024); Wisconsin,59284,18.6,87.1,2.0,3.5,0.8,66713
sldl,55071,55,071,Assembly District 71 (2024); Wisconsin,60067,35.6,88.1,0.9,4.5,3.2,73134
sldl,55072,55,072,Assembly District 72 (2024); Wisconsin,61052,19.2,89.8,0.6,3.6,1.5,64283
sldl,55073,55,073,Assembly District 73 (2024); Wisconsin,59202,30.1,84.8,0.8,2.5,0.8,69051
sldl,55074,55,074,Assembly District 74 (2024); Wisconsin,60699,26.3,87.6,0.4,1.8,0.4,65011
sldl,55075,55,075,Assembly District 75 (2024); Wisconsin,60994,23.8,92.2,0.4,2.2,0.5,72987
sldl,55076,55,076,Assembly District 76 (2024); Wisconsin,60764,60.4,70.9,8.7,8.8,4.8,69271
sldl,55077,55,077,Assembly District 77 (2024); Wisconsin,56402,76.6,74.8,2.5,5.1,12.1,44605
sldl,55078,55,078,Assembly District 78 (2024); Wisconsin,62304,47.1,70.4,8.1,12.5,3.4,82990
sldl,55079,55,079,Assembly District 79 (2024); Wisconsin,59037,64.9,69.1,6.5,9.7,7.7,88526
sldl,55080,55,080,Assembly District 80 (2024); Wisconsin,64891,66.2,77.8,3.0,6.3,9.0,120010
sldl,55081,55,081,Assembly District 81 (2024); Wisconsin,61880,54.8,81.2,1.9,8.8,3.7,103820
sldl,55082,55,082,Assembly District 82 (2024); Wisconsin,58352,42.1,78.9,2.7,11.9,2.3,87287
sldl,55083,55,083,Assembly District 83 (2024); Wisconsin,59947,46.5,84.4,1.7,6.0,4.8,102762
sldl,55084,55,084,Assembly District 84 (2024); Wisconsin,59381,39.5,89.8,0.8,5.3,1.2,105355
sldl,55085,55,085,Assembly District 85 (2024); Wisconsin,59250,29.1,80.1,0.8,4.9,9.2,67931
sldl,55086,55,086,Assembly District 86 (2024); Wisconsin,59728,24.0,91.2,0.5,2.8,1.3,74558
sldl,55087,55,087,Assembly District 87 (2024); Wisconsin,58937,27.4,90.7,0.8,2.2,3.5,85085
sldl,55088,55,088,Assembly District 88 (2024); Wisconsin,60236,35.2,83.4,2.9,7.9,2.0,84170
sldl,55089,55,089,Assembly District 89 (2024); Wisconsin,60338,29.0,71.9,2.5,9.4,5.5,67762
sldl,55090,55,090,Assembly District 90 (2024); Wisconsin,57801,26.5,61.6,3.6,23.4,4.9,65601
sldl,55091,55,091,Assembly District 91 (2024); Wisconsin,59968,33.4,87.9,1.1,3.5,2.8,77719
sldl,55092,55,092,Assembly District 92 (2024); Wisconsin,58686,31.1,90.2,1.0,2.3,3.4,73660
sldl,55093,55,093,Assembly District 93 (2024); Wisconsin,61054,37.0,87.8,1.2,2.9,4.6,71971
sldl,55094,55,094,Assembly District 94 (2024); Wisconsin,60849,36.7,88.2,1.1,2.3,4.5,88072
sldl,55095,55,095,Assembly District 95 (2024); Wisconsin,59432,29.8,87.2,2.1,5.0,2.4,63568
sldl,55096,55,096,Assembly District 96 (2024); Wisconsin,58242,29.5,90.7,0.6,2.4,2.6,68786
sldl,55097,55,097,Assembly District 97 (2024); Wisconsin,59729,45.2,90.9,0.5,4.2,1.2,119633
sldl,55098,55,098,Assembly District 98 (2024); Wisconsin,60994,41.9,89.6,0.7,3.2,2.3,111948
sldl,55099,55,099,Assembly District 99 (2024); Wisconsin,60237,44.5,91.1,1.0,3.0,1.2,104205
sldl,56001,56,001,State House District 1 (2024); Wyoming,9662,23.6,92.1,0.0,2.4,0.5,76959
sldl,56002,56,002,State House District 2 (2024); Wyoming,9505,19.8,85.5,1.0,6.6,0.0,76400
sldl,56003,56,003,State House District 3 (2024); Wyoming,8867,22.6,89.0,1.4,5.9,0.0,104136
sldl,56004,56,004,State House District 4 (2024); Wyoming,8728,21.2,85.2,0.3,8.7,0.0,67099
sldl,56005,56,005,State House District 5 (2024); Wyoming,10087,23.7,83.6,0.2,10.8,0.7,54044
sldl,56006,56,006,State House District 6 (2024); Wyoming,9289,27.6,86.6,0.8,9.7,0.3,81914
sldl,56007,56,007,State House District 7 (2024); Wyoming,8329,38.7,87.2,0.9,8.0,1.3,86068
sldl,56008,56,008,State House District 8 (2024); Wyoming,8171,50.1,76.9,0.9,14.3,1.0,108750
sldl,56009,56,009,State House District 9 (2024); Wyoming,9466,32.3,73.9,5.5,12.5,1.4,91281
sldl,56010,56,010,State House District 10 (2024); Wyoming,9831,30.1,86.0,0.0,8.2,0.2,105125
sldl,56011,56,011,State House District 11 (2024); Wyoming,8987,33.9,79.9,2.3,10.8,0.6,63158
sldl,56012,56,012,State House District 12 (2024); Wyoming,9040,15.6,66.6,0.7,23.1,0.0,58230
sldl,56013,56,013,State House District 13 (2024); Wyoming,9611,60.5,77.4,1.3,11.4,4.3,56742
sldl,56014,56,014,State House District 14 (2024); Wyoming,9263,62.5,83.4,1.9,4.6,4.6,62228
sldl,56015,56,015,State House District 15 (2024); Wyoming,8930,18.6,71.7,2.2,22.9,0.3,63507
sldl,56016,56,016,State House District 16 (2024); Wyoming,9652,53.1,65.1,0.0,27.2,1.1,119984
sldl,56017,56,017,State House District 17 (2024); Wyoming,8083,21.6,75.9,2.6,15.2,0.5,69536
sldl,56018,56,018,State House District 18 (2024); Wyoming,11096,22.3,87.4,0.2,7.4,0.2,85268
sldl,56019,56,019,State House District 19 (2024); Wyoming,8877,23.9,85.1,0.3,11.2,0.5,82738
sldl,56020,56,020,State House District 20 (2024); Wyoming,9555,31.7,86.9,0.1,7.0,0.0,85988
sldl,56021,56,021,State House District 21 (2024); Wyoming,10050,23.7,91.2,0.0,6.3,0.1,90051
sldl,56022,56,022,State House District 22 (2024); Wyoming,8105,46.8,85.5,0.1,8.1,2.5,110000
sldl,56023,56,023,State House District 23 (2024); Wyoming,10315,67.4,87.6,0.9,5.7,1.1,118962
sldl,56024,56,024,State House District 24 (2024); Wyoming,9055,38.8,88.9,0.5,5.7,0.7,72763
sldl,56025,56,025,State House District 25 (2024); Wyoming,9208,36.8,82.0,0.2,10.1,0.7,70285
sldl,56026,56,026,State House District 26 (2024); Wyoming,9373,22.0,84.4,0.8,9.4,0.6,61339
sldl,56027,56,027,State House District 27 (2024); Wyoming,9315,23.7,81.8,0.1,13.5,0.3,65810
sldl,56028,56,028,State House District 28 (2024); Wyoming,8914,25.8,88.7,0.0,5.6,0.2,62181
sldl,56029,56,029,State House District 29 (2024); Wyoming,10364,30.1,82.5,0.3,8.4,2.6,61765
sldl,56030,56,030,State House District 30 (2024); Wyoming,10111,26.5,92.7,0.3,3.4,0.2,80169
sldl,56031,56,031,State House District 31 (2024); Wyoming,10304,22.9,75.1,0.2,18.9,0.0,79018
sldl,56032,56,032,State House District 32 (2024); Wyoming,9954,34.7,87.0,0.1,5.5,0.6,115738
sldl,56033,56,033,State House District 33 (2024); Wyoming,9698,17.3,38.1,0.9,5.5,0.0,64884
sldl,56034,56,034,State House District 34 (2024); Wyoming,9770,21.3,82.1,0.2,4.5,0.2,64985
sldl,56035,56,035,State House District 35 (2024); Wyoming,8336,41.5,89.4,0.3,5.7,1.2,113984
sldl,56036,56,036,State House District 36 (2024); Wyoming,9223,22.5,85.4,0.5,10.1,0.4,61048
sldl,56037,56,037,State House District 37 (2024); Wyoming,9963,38.2,88.2,0.7,7.6,0.2,90179
sldl,56038,56,038,State House District 38 (2024); Wyoming,9894,23.1,87.6,0.8,6.4,0.1,90021
sldl,56039,56,039,State House District 39 (2024); Wyoming,9100,29.9,73.4,2.5,19.0,0.2,96907
sldl,56040,56,040,State House District 40 (2024); Wyoming,10327,31.3,91.2,0.0,4.0,0.5,67354
sldl,56041,56,041,State House District 41 (2024); Wyoming,9474,34.1,78.7,1.7,14.5,0.3,78085
sldl,56042,56,042,State House District 42 (2024); Wyoming,9102,44.4,75.5,1.3,11.0,3.0,107528
sldl,56043,56,043,State House District 43 (2024); Wyoming,10140,43.0,66.5,5.6,20.0,0.9,87650
sldl,56044,56,044,State House District 44 (2024); Wyoming,9531,18.2,59.0,2.5,31.5,2.8,54056
sldl,56045,56,045,State House District 45 (2024); Wyoming,9679,55.6,78.4,0.9,12.6,3.8,48511
sldl,56046,56,046,State House District 46 (2024); Wyoming,9696,45.1,80.4,0.0,13.4,1.6,90045
sldl,56047,56,047,State House District 47 (2024); Wyoming,9597,24.2,77.4,0.2,16.6,0.1,71128
sldl,56048,56,048,State House District 48 (2024); Wyoming,7914,13.1,75.1,1.1,17.7,0.9,61250
sldl,56049,56,049,State House District 49 (2024); Wyoming,9797,22.3,85.5,0.8,10.0,0.0,82003
sldl,56050,56,050,State House District 50 (2024); Wyoming,9498,35.0,89.1,0.0,2.5,0.0,78088
sldl,56051,56,051,State House District 51 (2024); Wyoming,9939,35.7,91.4,1.6,3.4,0.2,73305
sldl,56052,56,052,State House District 52 (2024); Wyoming,9843,21.8,87.6,0.0,7.4,0.0,97659
sldl,56053,56,053,State House District 53 (2024); Wyoming,8272,13.6,83.1,0.1,9.7,0.7,57376
sldl,56054,56,054,State House District 54 (2024); Wyoming,9226,41.8,81.3,0.5,5.0,0.1,75650
sldl,56055,56,055,State House District 55 (2024); Wyoming,10076,27.2,72.4,0.6,12.3,0.9,56354
sldl,56056,56,056,State House District 56 (2024); Wyoming,9626,38.3,86.8,0.9,6.2,0.8,64947
sldl,56057,56,057,State House District 57 (2024); Wyoming,9169,26.8,79.1,0.4,15.6,0.8,61485
sldl,56058,56,058,State House District 58 (2024); Wyoming,9800,16.6,84.7,0.3,10.0,0.1,74292
sldl,56059,56,059,State House District 59 (2024); Wyoming,9349,20.7,77.9,0.4,12.8,0.2,57181
sldl,56060,56,060,State House District 60 (2024); Wyoming,8298,23.4,83.9,0.1,13.2,0.6,86917
sldl,56061,56,061,State House District 61 (2024); Wyoming,8873,20.9,74.9,1.1,19.3,0.0,72101
sldl,56062,56,062,State House District 62 (2024); Wyoming,9090,17.5,84.3,0.1,8.8,1.0,83828
