office,state,race,year,election_type,party,candidate,fec_id,reports,receipts_sept,receipts_full_from_reports,receipts_final_csv
H,AK,AK-01,2022,Regular,D,Mary Peltola,H2AK01158,8,379087.93,7751293.39,7751293.39
H,AK,AK-01,2022,Regular,R,Sarah Palin,H2AK00226,8,1073839.21,1971160.93,1971160.93
H,AL,AL-01,2022,Regular,R,Jerry Carl,H0AL01055,11,798765.85,1313718.57,1313718.57
H,AL,AL-02,2022,Regular,D,Phyllis Harvey-Hall,H0AL02202,11,30631.51,60440.24,60440.24
H,AL,AL-02,2022,Regular,R,Barry Moore,H8AL02171,11,703736.68,891776.46,891776.46
H,AL,AL-03,2022,Regular,D,Lin Veasey,H2AL03131,2,0.00,8752.00,9968.0
H,AL,AL-03,2022,Regular,R,Mike Rogers,H2AL03032,11,1472833.17,2262995.22,2262995.22
H,AL,AL-04,2022,Regular,D,Rick Neighbors,H8AL04086,7,11023.50,22648.30,22648.3
H,AL,AL-04,2022,Regular,R,Robert Aderholt,H6AL04098,11,1156149.94,1540807.20,1540807.2
H,AL,AL-05,2022,Regular,D,Kathy Warner-Stanton,H2AL05177,6,85150.00,85150.00,85150.0
H,AL,AL-05,2022,Regular,R,Dale Strong,H2AL05102,12,1634593.50,1994353.59,1994353.59
H,AL,AL-06,2022,Regular,R,Gary Palmer,H4AL06098,11,1064593.26,1278902.76,1278902.76
H,AL,AL-07,2022,Regular,D,Terri Sewell,H0AL07086,11,1678837.63,2359060.83,2359060.83
H,AL,AL-07,2022,Regular,R,Beatrice Nichols,H2AL07173,8,21761.36,47728.98,47728.98
H,AR,AR-01,2022,Regular,D,Monte Hodges,H2AR01113,7,22849.00,66983.81,66983.81
H,AR,AR-01,2022,Regular,R,Rick Crawford,H0AR01083,11,830567.34,1087410.34,1087410.34
H,AR,AR-02,2022,Regular,D,Quintessa Hathaway,H2AR02095,6,6562.70,10421.88,10421.88
H,AR,AR-02,2022,Regular,R,French Hill,H4AR02141,11,2653110.00,3396282.37,3396282.37
H,AR,AR-03,2022,Regular,D,Lauren Mallett-Hays,H2AR03283,10,35184.23,65741.89,65741.89
H,AR,AR-03,2022,Regular,R,Steve Womack,H0AR03055,11,1117957.47,1664168.78,1664168.78
H,AR,AR-04,2022,Regular,R,Bruce Westerman,H4AR04048,11,1268302.57,1944291.45,1944291.45
H,AZ,AZ-01,2022,Regular,D,Jevin Hodge,H2AZ06221,10,1033778.07,2565414.50,2565414.5
H,AZ,AZ-01,2022,Regular,R,David Schweikert,H4AZ06045,12,1297556.03,2017256.16,2018409.26
H,AZ,AZ-02,2022,Regular,D,Tom O'Halleran,H6AZ01199,11,2750944.05,4300864.23,4300864.23
H,AZ,AZ-02,2022,Regular,R,Eli Crane,H2AZ01354,14,2014094.42,3777635.98,3779765.67
H,AZ,AZ-03,2022,Regular,D,Ruben Gallego,H4AZ07043,11,1760368.25,2933465.25,2933465.25
H,AZ,AZ-03,2022,Regular,R,Jeff Zink,H2AZ07187,11,65722.24,73781.24,73781.24
H,AZ,AZ-04,2022,Regular,D,Greg Stanton,H8AZ09040,11,2997574.78,4314114.15,4314114.15
H,AZ,AZ-04,2022,Regular,R,Kelly Cooper,H2AZ09191,12,1544700.18,2342076.93,2342076.93
H,AZ,AZ-05,2022,Regular,D,Javier Ramos,H0AZ05185,3,0.00,16642.54,16642.54
H,AZ,AZ-05,2022,Regular,R,Andy Biggs,H6AZ05083,11,1489959.83,2116014.71,2116014.71
H,AZ,AZ-06,2022,Regular,D,Kirsten Engel,H2AZ02311,11,1277548.53,2474877.80,2474877.8
H,AZ,AZ-06,2022,Regular,R,Juan Ciscomani,H2AZ02360,13,1704932.80,3398846.75,3398846.75
H,AZ,AZ-07,2022,Regular,D,Raúl Grijalva,H2AZ07070,11,454037.50,660513.91,660513.91
H,AZ,AZ-07,2022,Regular,R,Luis Pozzolo,H2AZ03152,8,111829.97,268102.04,268102.04
H,AZ,AZ-08,2022,Regular,D,Jeremy Spreitzer,H2AZ08201,1,0.00,855.00,855.0
H,AZ,AZ-08,2022,Regular,R,Debbie Lesko,H8AZ08158,11,925871.13,1198976.40,1198976.4
H,AZ,AZ-09,2022,Regular,R,Paul Gosar,H0AZ01259,11,669719.21,949145.58,949145.58
H,CA,CA-01,2022,Regular,D,Max Steiner,H2CA01227,9,484379.54,627432.86,627432.86
H,CA,CA-01,2022,Regular,R,Doug LaMalfa,H2CA02142,11,653069.19,961209.18,961209.18
H,CA,CA-02,2022,Regular,D,Jared Huffman,H2CA06259,11,703806.45,938689.41,938689.41
H,CA,CA-02,2022,Regular,R,Douglas Brower,H2CA02209,9,8390.00,15677.00,15677.0
H,CA,CA-03,2022,Regular,D,Kermit Jones,H2CA04122,9,1746141.92,3261535.00,3261535.0
H,CA,CA-03,2022,Regular,R,Kevin Kiley,H2CA03157,11,1715690.29,3212844.00,3212844.0
H,CA,CA-04,2022,Regular,D,Mike Thompson,H8CA01109,11,1654792.09,2278299.13,2278299.13
H,CA,CA-04,2022,Regular,R,Matt Brock,H2CA04148,7,4707.00,11265.00,11265.0
H,CA,CA-05,2022,Regular,D,Mike Barkley,H2CA00096,11,40522.59,461674.19,461674.19
H,CA,CA-05,2022,Regular,R,Tom McClintock,H8CA04152,11,1192804.24,1674004.02,1674004.02
H,CA,CA-06,2022,Regular,D,Ami Bera,H0CA03078,11,1156963.00,1545895.36,1545895.36
H,CA,CA-06,2022,Regular,R,Tamika Hamilton,H0CA03128,11,742382.43,1158787.40,1158787.4
H,CA,CA-07,2022,Regular,D,Doris Matsui,H6CA05195,11,1079709.97,1400594.49,1400594.49
H,CA,CA-07,2022,Regular,R,Max Semenenko,H2CA07141,7,49568.22,58819.37,58819.37
H,CA,CA-08,2022,Regular,D,John Garamendi,H0CA10149,11,867830.35,1146918.01,1146918.01
H,CA,CA-08,2022,Regular,R,Rudy Recile,H2CA00153,9,38943.94,60648.94,60648.94
H,CA,CA-09,2022,Regular,D,Josh Harder,H8CA10126,11,5400884.49,6593261.38,6593261.38
H,CA,CA-09,2022,Regular,R,Tom Patti,H2CA09139,12,749133.00,1627893.83,1627893.83
H,CA,CA-10,2022,Regular,D,Mark DeSaulnier,H0CA10073,11,478161.71,618156.84,618156.84
H,CA,CA-10,2022,Regular,R,Michael Ernest Kerr,H2CA10244,3,0.00,6620.58,6620.58
H,CA,CA-11,2022,Regular,D,Nancy Pelosi,H8CA05035,11,19423124.42,25577528.17,25577528.17
H,CA,CA-11,2022,Regular,R,John Dennis,H2CA12174,11,823777.01,998254.03,998254.03
H,CA,CA-12,2022,Regular,D,Barbara Lee,H8CA09060,11,1564586.62,2183372.57,2183372.57
H,CA,CA-12,2022,Regular,R,Stephen Slauson,H2CA12240,0,,,1050.0
H,CA,CA-13,2022,Regular,D,Adam Gray,H2CA13115,7,951715.76,2380065.97,2390120.97
H,CA,CA-13,2022,Regular,R,John Duarte,H2CA13131,11,1276117.47,2639924.80,2639924.8
H,CA,CA-14,2022,Regular,D,Eric Swalwell,H2CA15094,11,3038935.85,3943361.57,3943361.57
H,CA,CA-14,2022,Regular,R,Alison Hayden,H0CA15247,0,,,0.0
H,CA,CA-15,2022,Regular,D,Kevin Mullin,H2CA14162,8,899843.60,1213762.86,1213762.86
H,CA,CA-15,2022,Regular,R,David Canepa,H2CA14170,8,753115.92,815538.47,815538.47
H,CA,CA-16,2022,Regular,D,Anna Eshoo,H8CA12098,11,1627682.92,2037404.98,2037404.98
H,CA,CA-16,2022,Regular,R,Rishi Kumar,H0CA18068,11,350505.98,747661.06,747661.06
H,CA,CA-17,2022,Regular,D,Ro Khanna,H4CA12055,11,5095722.46,5949743.81,5949743.81
H,CA,CA-17,2022,Regular,R,Ritesh Tandon,H0CA17193,11,45637.00,116486.00,116486.0
H,CA,CA-18,2022,Regular,D,Zoe Lofgren,H4CA16049,11,1586642.94,2022557.14,2022557.14
H,CA,CA-18,2022,Regular,R,Peter Hernandez,H2CA18163,7,70952.11,251022.45,251022.45
H,CA,CA-19,2022,Regular,D,Jimmy Panetta,H6CA20152,11,1942499.75,2623733.10,2623733.1
H,CA,CA-19,2022,Regular,R,Jeff Gorman,H0CA20122,11,31356.96,58794.18,58794.18
H,CA,CA-20,2022,Regular,D,Marisa Wood,H2CA23155,10,728895.59,1051451.47,1051451.47
H,CA,CA-20,2022,Regular,R,Kevin McCarthy,H6CA22125,11,21591048.30,28295639.53,28295639.53
H,CA,CA-21,2022,Regular,D,Jim Costa,H4CA20082,11,1530342.02,2034865.46,2034865.46
H,CA,CA-21,2022,Regular,R,Michael Maher,H2CA22215,14,139941.00,311788.67,311788.67
H,CA,CA-22,2022,Regular,D,Rudy Salas,H2CA21233,8,1013456.10,2953288.73,2953288.73
H,CA,CA-22,2022,Regular,R,David Valadao,H2CA20094,12,2464761.07,3738008.91,3738008.91
H,CA,CA-23,2022,Regular,D,Derek Marshall,H2CA08214,11,651529.27,956858.59,956858.59
H,CA,CA-23,2022,Regular,R,Jay Obernolte,H0CA08135,11,692438.41,1060460.56,1060460.56
H,CA,CA-24,2022,Regular,D,Salud Carbajal,H6CA24303,11,1795327.54,2178872.17,2178872.17
H,CA,CA-24,2022,Regular,R,Brad Allen,H2CA24229,5,2525.00,40904.00,40904.0
H,CA,CA-25,2022,Regular,D,Raul Ruiz,H2CA36439,11,1857381.24,2307413.10,2307413.1
H,CA,CA-25,2022,Regular,R,Brian Hawkins,H2CA01177,11,411367.81,541664.83,541664.83
H,CA,CA-26,2022,Regular,D,Julia Brownley,H2CA00120,11,1576239.48,2446763.43,2446763.43
H,CA,CA-26,2022,Regular,R,Matt Jacobs,H2CA26133,11,1664758.15,2655736.79,2655736.79
H,CA,CA-27,2022,Regular,D,Christy Smith,H0CA25154,11,1364158.05,3949504.79,3949504.79
H,CA,CA-27,2022,Regular,R,Mike Garcia,H0CA25105,12,4828998.04,7192788.37,7192788.37
H,CA,CA-28,2022,Regular,D,Judy Chu,H0CA32101,11,908777.91,1587238.65,1587238.65
H,CA,CA-28,2022,Regular,R,Wes Hallman,H2CA28188,7,27078.22,109463.22,109463.22
H,CA,CA-29,2022,Regular,D,Tony Cárdenas,H2CA28113,11,1109572.34,1595441.44,1595441.44
H,CA,CA-29,2022,Regular,R,Angélica Dueñas,H8CA29100,11,84203.49,152823.26,152823.26
H,CA,CA-30,2022,Regular,D,Adam Schiff,H0CA27085,11,16977815.21,25328092.74,25328092.74
H,CA,CA-31,2022,Regular,D,Grace Napolitano,H8CA34068,11,210438.81,367395.21,367395.21
H,CA,CA-31,2022,Regular,R,Daniel Bocic Martinez,H2CA13123,7,3135.00,3135.00,3135.0
H,CA,CA-32,2022,Regular,D,Brad Sherman,H6CA24113,11,2131253.39,2651948.74,2651948.74
H,CA,CA-32,2022,Regular,R,Lucie Lapointe Volotzky,H2CA30283,11,20211.00,53589.76,53589.76
H,CA,CA-33,2022,Regular,D,Pete Aguilar,H2CA31125,11,2331540.14,3255093.36,3255093.36
H,CA,CA-33,2022,Regular,R,John Mark Porter,H2CA33253,3,0.00,4318.62,4318.62
H,CA,CA-34,2022,Regular,D,Jimmy Gomez,H8CA34266,11,1364934.38,1778066.38,1778066.38
H,CA,CA-34,2022,Regular,R,David Kim,H2CA34079,8,90619.19,264511.59,264511.59
H,CA,CA-35,2022,Regular,D,Norma Torres,H4CA35031,11,544495.30,784075.22,784075.22
H,CA,CA-35,2022,Regular,R,Mike Cargile,H0CA35146,11,23787.51,67073.63,67073.63
H,CA,CA-36,2022,Regular,D,Ted Lieu,H4CA33119,11,1206985.67,1510163.27,1510163.27
H,CA,CA-36,2022,Regular,R,Joe Collins,H0CA43108,13,2282819.72,2531674.82,2532158.82
H,CA,CA-37,2022,Regular,D,Sydney Kamlager-Dove,H2CA37304,8,617669.78,1221470.83,1221470.83
H,CA,CA-37,2022,Regular,R,Jan Perry,H2CA37312,7,433816.08,711893.36,711893.36
H,CA,CA-38,2022,Regular,D,Linda Sánchez,H2CA39078,11,1150086.66,1519205.78,1519205.78
H,CA,CA-38,2022,Regular,R,Eric Ching,H2CA39151,10,162511.01,280589.09,280589.09
H,CA,CA-39,2022,Regular,D,Mark Takano,H2CA43245,11,963506.24,1254503.88,1254503.88
H,CA,CA-39,2022,Regular,R,Aja Smith,H8CA41170,11,157350.96,163141.55,163141.55
H,CA,CA-40,2022,Regular,D,Asif Mahmood,H2CA40092,7,2243450.76,3703609.48,3703609.48
H,CA,CA-40,2022,Regular,R,Young Kim,H8CA39240,17,6275585.29,9340940.92,9340940.92
H,CA,CA-41,2022,Regular,D,Will Rollins,H2CA42205,8,1471064.51,3780991.55,3780991.55
H,CA,CA-41,2022,Regular,R,Ken Calvert,H2CA37023,11,2354403.76,3728273.29,3728273.29
H,CA,CA-42,2022,Regular,D,Robert Garcia,H2CA47188,8,1199957.84,1704812.52,1704812.52
H,CA,CA-42,2022,Regular,R,John Briscoe,H8CA47078,11,252245.00,527945.00,527945.0
H,CA,CA-43,2022,Regular,D,Maxine Waters,H4CA23011,11,961786.98,1248563.32,1248563.32
H,CA,CA-43,2022,Regular,R,Omar Navarro,H6CA44145,11,80966.56,85997.53,85997.53
H,CA,CA-44,2022,Regular,D,Nanette Diaz Barragán,H6CA44103,11,913555.10,1212156.11,1212156.11
H,CA,CA-44,2022,Regular,R,Paul Jones,H2CA04122,9,1746141.92,3261535.00,3261535.0
H,CA,CA-45,2022,Regular,D,Jay Chen,H2CA39136,11,2972058.59,5037026.06,5037026.06
H,CA,CA-45,2022,Regular,R,Michelle Steel,H0CA48198,12,4792889.39,7411601.19,7411601.19
H,CA,CA-46,2022,Regular,D,Luis Correa,H6CA46116,11,953351.19,1293189.19,1293189.19
H,CA,CA-46,2022,Regular,R,Christopher Gonzales,H0CA45160,10,29941.00,55923.37,55923.37
H,CA,CA-47,2022,Regular,D,Katie Porter,H8CA45130,11,17214826.51,26031047.87,26031047.87
H,CA,CA-47,2022,Regular,R,Scott Baugh,H6CA48245,8,1779291.74,3071107.19,3071107.19
H,CA,CA-48,2022,Regular,D,Stephen Houlahan,H2CA50174,11,42728.44,71577.85,71577.85
H,CA,CA-48,2022,Regular,R,Darrell Issa,H0CA48024,11,1717299.85,2337213.84,2337213.84
H,CA,CA-49,2022,Regular,D,Mike Levin,H8CA49058,11,3459060.08,5149615.51,5149615.51
H,CA,CA-49,2022,Regular,R,Brian Maryott,H8CA49108,18,2423652.51,5590667.05,5591297.83
H,CA,CA-50,2022,Regular,D,Scott Peters,H2CA52089,11,1985737.38,2410741.93,2410741.93
H,CA,CA-50,2022,Regular,R,Corey Gustafson,H2CA50232,6,54696.19,94112.24,94112.24
H,CA,CA-51,2022,Regular,D,Sara Jacobs,H8CA49074,11,1543518.47,1712465.57,1712465.57
H,CA,CA-51,2022,Regular,R,Stan Caplan,H2CA51206,7,65924.07,135385.49,135385.49
H,CA,CA-52,2022,Regular,D,Juan Vargas,H2CA50026,11,757483.58,942886.84,942886.84
H,CA,CA-52,2022,Regular,R,Tyler Geffeney,H2CA52188,6,20605.00,40408.04,40408.04
H,CO,CO-01,2022,Regular,D,Diana DeGette,H6CO01141,11,907077.23,1151100.27,1151100.27
H,CO,CO-02,2022,Regular,D,Joe Neguse,H8CO02160,11,1790550.10,2351040.38,2351040.38
H,CO,CO-02,2022,Regular,R,Marshall Dawson,H2CO02205,5,25495.98,48943.09,48943.09
H,CO,CO-03,2022,Regular,D,Adam Frisch,H2CO03351,7,2645799.14,6714235.34,6714235.34
H,CO,CO-03,2022,Regular,R,Lauren Boebert,H0CO03165,11,5384349.36,7854668.58,7854668.58
H,CO,CO-04,2022,Regular,D,Ike McCorkle,H0CO04197,11,171870.61,303509.40,303509.4
H,CO,CO-04,2022,Regular,R,Ken Buck,H4CO04090,11,1173878.91,1618431.12,1618431.12
H,CO,CO-05,2022,Regular,R,Doug Lamborn,H6CO05159,11,401798.30,506157.30,506157.3
H,CO,CO-06,2022,Regular,D,Jason Crow,H8CO06229,11,1985128.99,2734127.98,2734127.98
H,CO,CO-06,2022,Regular,R,Steven Monahan,H2CO06214,6,79065.63,258207.39,258207.39
H,CO,CO-07,2022,Regular,D,Brittany Pettersen,H8CO07045,11,1315476.78,2883823.65,2883823.65
H,CO,CO-07,2022,Regular,R,Erik Aadland,H2CO07170,14,534953.85,1525113.68,1525113.68
H,CO,CO-08,2022,Regular,D,Yadira Caraveo,H2CO08020,9,1158308.51,3563279.53,3563279.53
H,CO,CO-08,2022,Regular,R,Barbara Kirkmeyer,H2CO08079,12,397604.79,1602545.07,1602545.07
H,CT,CT-01,2022,Regular,D,John Larson,H8CT01046,11,1407941.33,1840867.05,1840867.05
H,CT,CT-01,2022,Regular,R,Larry Lazor,H2CT01213,10,145336.95,190652.21,190652.21
H,CT,CT-02,2022,Regular,D,Joe Courtney,H2CT02112,11,1279427.34,1981330.09,1981330.09
H,CT,CT-02,2022,Regular,R,Mike France,H2CT02161,16,515836.01,880637.26,880637.26
H,CT,CT-03,2022,Regular,D,Rosa DeLauro,H0CT03072,11,1625374.65,2182549.03,2182549.03
H,CT,CT-03,2022,Regular,R,Lesley DeNardis,H2CT03110,7,32373.42,46977.86,46977.86
H,CT,CT-04,2022,Regular,D,James Himes,H8CT04172,11,1119963.77,1695711.93,1695711.93
H,CT,CT-04,2022,Regular,R,Jayme Stevenson,H2CT04134,8,349106.90,560799.90,560799.9
H,CT,CT-05,2022,Regular,D,Jahana Hayes,H8CT05245,11,1558749.50,2779884.08,2779884.08
H,CT,CT-05,2022,Regular,R,George Logan,H2CT05222,13,475214.68,1297327.41,1297352.41
H,DE,DE-01,2022,Regular,D,Lisa Blunt Rochester,H6DE00206,11,2136693.19,2899174.85,2899174.85
H,DE,DE-01,2022,Regular,R,Lee Murphy,H8DE01044,8,235708.71,349933.46,349933.46
H,FL,FL-01,2022,Regular,D,Rebekah Jones,H2FL01233,9,544640.61,980885.53,980885.53
H,FL,FL-01,2022,Regular,R,Matt Gaetz,H6FL01119,11,5677524.78,6727002.23,6727002.23
H,FL,FL-02,2022,Regular,D,Al Lawson,H0FL02086,11,422487.62,829346.62,829346.62
H,FL,FL-02,2022,Regular,R,Neal Dunn,H6FL02208,11,1184013.00,1800603.34,1800603.34
H,FL,FL-03,2022,Regular,D,Danielle Hawk,H2FL03163,10,39327.51,83335.11,83335.11
H,FL,FL-03,2022,Regular,R,Kat Cammack,H0FL03175,11,1861162.17,2323162.63,2323162.63
H,FL,FL-04,2022,Regular,D,LJ Holloway,H6FL05193,7,8864.10,10465.32,10465.32
H,FL,FL-04,2022,Regular,R,Aaron Bean,H2FL04211,10,511343.70,1198576.19,1198576.19
H,FL,FL-05,2022,Regular,R,John Rutherford,H6FL04105,11,507792.27,785952.63,785952.63
H,FL,FL-06,2022,Regular,R,Michael Waltz,H8FL06148,11,2567745.60,3165364.33,3165364.33
H,FL,FL-07,2022,Regular,D,Karen Green,H2FL08139,6,27715.75,67798.90,67798.9
H,FL,FL-07,2022,Regular,R,Cory Mills,H2FL07156,14,1869240.50,2634884.12,2634884.12
H,FL,FL-08,2022,Regular,D,Joanne Terry,H2FL08105,8,39841.51,89920.38,89920.38
H,FL,FL-08,2022,Regular,R,Bill Posey,H8FL15107,11,811929.45,1030661.36,1030661.36
H,FL,FL-09,2022,Regular,D,Darren Soto,H6FL09179,11,934441.99,1337428.16,1337428.16
H,FL,FL-09,2022,Regular,R,Scotty Moore,H2FL09228,9,389899.98,601171.19,601171.19
H,FL,FL-10,2022,Regular,D,Maxwell Alejandro Frost,H2FL10259,9,1540969.62,3014746.19,3014746.19
H,FL,FL-10,2022,Regular,R,Calvin Wimbish,H2FL10283,8,131619.61,253418.48,253418.48
H,FL,FL-11,2022,Regular,D,Shante Munns,H2FL11174,4,0.00,6131.41,20763.41
H,FL,FL-11,2022,Regular,R,Daniel Webster,H0FL08208,11,595279.81,783304.69,783304.69
H,FL,FL-12,2022,Regular,D,Kimberly Walker,H6FL13197,11,15865.83,20401.13,20401.13
H,FL,FL-12,2022,Regular,R,Gus Bilirakis,H6FL09070,11,1429154.32,1985594.58,1985594.58
H,FL,FL-13,2022,Regular,D,Eric Lynn,H6FL13189,11,1473807.61,2247469.30,2247469.3
H,FL,FL-13,2022,Regular,R,Anna Paulina Luna,H0FL13158,16,1951455.75,3387013.53,3387013.53
H,FL,FL-14,2022,Regular,D,Kathy Castor,H6FL11126,11,1178580.92,1585896.95,1585896.95
H,FL,FL-14,2022,Regular,R,James Judge,H2FL14277,8,157936.67,216847.03,216847.03
H,FL,FL-15,2022,Regular,D,Alan Cohn,H4FL15155,11,178270.22,825897.45,825897.45
H,FL,FL-15,2022,Regular,R,Laurel Lee,H2FL15241,10,663457.87,1563092.79,1563092.79
H,FL,FL-16,2022,Regular,D,Jan Schneider,H2FL13139,19,12621.23,22651.67,22651.67
H,FL,FL-16,2022,Regular,R,Vern Buchanan,H6FL13148,11,3737530.35,4693372.70,4693372.7
H,FL,FL-17,2022,Regular,D,Andrea Doria Kale,H2FL17106,6,18215.22,27724.28,27724.28
H,FL,FL-17,2022,Regular,R,Gregory Steube,H8FL17053,11,1278176.68,1645535.54,1645535.54
H,FL,FL-18,2022,Regular,D,Keith Hayden Jr.,H2FL18138,1,0.00,0.00,0.0
H,FL,FL-18,2022,Regular,R,Scott Franklin,H0FL15104,11,823143.72,1111918.47,1111918.47
H,FL,FL-19,2022,Regular,D,Cindy Banyai,H0FL19106,11,78757.38,108926.24,108926.24
H,FL,FL-19,2022,Regular,R,Byron Donalds,H2FL14186,11,4805548.69,5657617.12,5657617.12
H,FL,FL-20,2022,Regular,D,Sheila Cherfilus-McCormick,H8FL20032,12,6397859.19,6779418.80,6779418.8
H,FL,FL-20,2022,Regular,R,Drew Montez Clark,H2FL25083,9,115738.02,145971.24,145971.24
H,FL,FL-21,2022,Regular,D,Corinna Balderramos Robinson,H2FL18096,9,45506.09,82386.46,82386.46
H,FL,FL-21,2022,Regular,R,Brian Mast,H6FL18097,11,5485026.79,6338072.31,6338072.31
H,FL,FL-22,2022,Regular,D,Lois Frankel,H2FL14053,11,961321.30,1275269.43,1275269.43
H,FL,FL-22,2022,Regular,R,Dan Franzese,H2FL21108,10,817660.05,1614198.79,1614198.79
H,FL,FL-23,2022,Regular,D,Jared Moskowitz,H2FL22171,7,1306742.90,1752697.27,1752697.27
H,FL,FL-23,2022,Regular,R,Joe Budd,H2FL23138,6,114900.71,171383.71,171383.71
H,FL,FL-24,2022,Regular,D,Frederica Wilson,H0FL17068,11,450823.00,623725.06,623725.06
H,FL,FL-24,2022,Regular,R,Jesus Navarro,H2FL24078,5,1200.04,15868.09,15868.09
H,FL,FL-25,2022,Regular,D,Debbie Wasserman Schultz,H4FL20023,11,1560018.69,2087129.07,2087129.07
H,FL,FL-25,2022,Regular,R,Carla Spalding,H0FL23090,11,1659107.80,2002921.50,2002921.5
H,FL,FL-26,2022,Regular,D,Christine Alexandria Olivo,H2FL24037,10,132185.60,138186.98,138186.98
H,FL,FL-26,2022,Regular,R,Mario Diaz-Balart,H2FL25018,11,1372440.86,1823501.56,1823501.56
H,FL,FL-27,2022,Regular,D,Annette Taddeo,H8FL00034,6,661063.59,1928038.74,1928038.74
H,FL,FL-27,2022,Regular,R,Maria Elvira Salazar,H8FL27185,12,3939358.26,5647931.39,5647931.39
H,FL,FL-28,2022,Regular,D,Robert Asencio,H2FL28038,6,27548.88,124784.97,124784.97
H,FL,FL-28,2022,Regular,R,Carlos Gimenez,H0FL26036,12,1812505.36,2143685.24,2143685.24
H,GA,GA-01,2022,Regular,D,Wade Herring,H2GA01249,11,884942.88,1395014.76,1395014.76
H,GA,GA-01,2022,Regular,R,Buddy Carter,H4GA01039,11,1515223.22,2127328.91,2127328.91
H,GA,GA-02,2022,Regular,D,Sanford Bishop,H2GA02031,11,1938023.78,3042832.27,3042832.27
H,GA,GA-02,2022,Regular,R,Chris West,H2GA02155,13,396861.24,1020600.40,1020600.4
H,GA,GA-03,2022,Regular,D,Val Almonord,H0GA03074,11,45395.83,76890.66,76890.66
H,GA,GA-03,2022,Regular,R,Drew Ferguson,H6GA03113,11,2734547.92,3427041.42,3427041.42
H,GA,GA-04,2022,Regular,D,Hank Johnson,H6GA04129,11,368335.82,567457.14,567457.14
H,GA,GA-05,2022,Regular,D,Nikema Williams,H0GA05301,11,853271.84,1152788.78,1152788.78
H,GA,GA-05,2022,Regular,R,Christian Zimm,H2GA05166,7,14708.28,35221.14,35221.14
H,GA,GA-06,2022,Regular,D,Bob Christian,H2GA06222,7,171206.16,308464.89,308464.89
H,GA,GA-06,2022,Regular,R,Rich McCormick,H0GA07273,16,3433227.04,4636744.33,4636744.33
H,GA,GA-07,2022,Regular,D,Lucy McBath,H8GA06393,11,4881809.98,5596710.62,5596710.62
H,GA,GA-07,2022,Regular,R,Mark Gonsalves,H0GA07232,8,329891.80,567363.58,567363.58
H,GA,GA-08,2022,Regular,D,Darrius Butler,H2GA08095,4,22543.42,22543.42,22543.42
H,GA,GA-08,2022,Regular,R,Austin Scott,H0GA08099,11,604873.22,832289.28,832289.28
H,GA,GA-09,2022,Regular,D,Mike Ford,H2GA09234,6,23758.76,36015.70,36015.7
H,GA,GA-09,2022,Regular,R,Andrew Clyde,H0GA09246,11,569774.80,819947.75,819947.75
H,GA,GA-10,2022,Regular,D,Tabitha Johnson-Green,H8GA10197,12,25325.63,48652.44,48652.44
H,GA,GA-10,2022,Regular,R,Mike Collins,H4GA10071,12,1232153.18,1467857.85,1467857.85
H,GA,GA-11,2022,Regular,D,Antonio Daza-Fernandez,H2GA11230,9,77407.31,102176.81,102176.81
H,GA,GA-11,2022,Regular,R,Barry Loudermilk,H4GA11061,11,567921.53,795499.29,795499.29
H,GA,GA-12,2022,Regular,D,Liz Johnson,H0GA12059,10,160673.64,194751.23,194751.23
H,GA,GA-12,2022,Regular,R,Rick Allen,H2GA12121,11,731190.39,990712.76,990712.76
H,GA,GA-13,2022,Regular,D,David Scott,H2GA13012,11,1670785.27,2007965.55,2007965.55
H,GA,GA-13,2022,Regular,R,Caesar Gonzales,H0GA13149,4,1149.20,10568.64,19033.64
H,GA,GA-14,2022,Regular,D,Marcus Flowers,H2GA14044,11,10762237.53,16972737.74,16972737.74
H,GA,GA-14,2022,Regular,R,Marjorie Taylor Greene,H0GA06192,11,10246640.53,12588124.11,12588124.11
H,HI,HI-01,2022,Regular,D,Ed Case,H2HI02128,11,843757.80,1058273.57,1058273.57
H,HI,HI-01,2022,Regular,R,Conrad Kress,H2HI02557,7,45288.88,82409.58,82409.58
H,HI,HI-02,2022,Regular,D,Jill Tokuda,H2HI02581,6,527719.83,1042387.26,1042387.26
H,HI,HI-02,2022,Regular,R,Joe Akana,H0HI02213,11,43850.60,71641.86,71641.86
H,IA,IA-01,2022,Regular,D,Christina Bohannan,H2IA02111,9,1847030.60,3197822.62,3197822.62
H,IA,IA-01,2022,Regular,R,Mariannette Miller-Meeks,H8IA02043,11,3262815.25,4911923.34,4911923.34
H,IA,IA-02,2022,Regular,D,Liz Mathis,H2IA01089,9,2632654.24,4218654.84,4218654.84
H,IA,IA-03,2022,Regular,D,Cynthia Axne,H8IA03124,11,4794934.91,7231695.00,7231695.0
H,IA,IA-03,2022,Regular,R,Zach Nunn,H2IA03119,15,1142550.03,2632979.16,2633465.87
H,IA,IA-04,2022,Regular,D,Ryan Melton,H2IA04141,7,11565.77,53023.28,53023.28
H,IA,IA-04,2022,Regular,R,Randy Feenstra,H0IA04145,11,2062517.98,2886169.99,2886169.99
H,ID,ID-01,2022,Regular,D,Kaylee Peterson,H2ID01192,5,21125.00,69848.28,69848.28
H,ID,ID-01,2022,Regular,R,Russ Fulcher,H8ID01124,11,374232.36,536931.86,536931.86
H,ID,ID-02,2022,Regular,D,Wendy Norman,H2ID02216,5,5765.00,13856.48,13856.48
H,ID,ID-02,2022,Regular,R,Michael Simpson,H8ID02064,11,1332700.96,1623606.84,1623606.84
H,IL,IL-01,2022,Regular,D,Jonathan Jackson,H2IL01349,7,535244.25,793218.64,793218.64
H,IL,IL-01,2022,Regular,R,Eric Carlson,H2IL01323,4,3151.73,5896.21,5896.21
H,IL,IL-02,2022,Regular,D,Robin Kelly,H2IL02172,11,1286657.88,1746109.48,1746109.48
H,IL,IL-03,2022,Regular,D,Delia Ramirez,H2IL03162,8,738080.27,990197.28,990197.28
H,IL,IL-03,2022,Regular,R,Justin Burau,H2IL06082,9,18708.99,28273.99,28273.99
H,IL,IL-04,2022,Regular,D,Chuy García,H8IL04134,11,762883.98,938958.69,938958.69
H,IL,IL-05,2022,Regular,D,Mike Quigley,H0IL05096,11,736797.84,1053627.40,1053627.4
H,IL,IL-05,2022,Regular,R,Tommy Hanson,H8IL05073,0,,,28663.3
H,IL,IL-06,2022,Regular,D,Sean Casten,H8IL06139,11,3436691.31,5577460.28,5577460.28
H,IL,IL-06,2022,Regular,R,Keith Pekau,H2IL06116,12,438907.12,1514693.19,1514693.19
H,IL,IL-07,2022,Regular,D,Danny Davis,H4IL07037,11,535522.26,682447.21,682447.21
H,IL,IL-08,2022,Regular,D,Raja Krishnamoorthi,H6IL08147,11,6727825.78,8498368.19,8498368.19
H,IL,IL-08,2022,Regular,R,Chris Dargis,H2IL08187,7,278614.39,545818.55,545818.55
H,IL,IL-09,2022,Regular,D,Janice Schakowsky,H8IL09067,11,1293214.38,1563009.22,1563009.22
H,IL,IL-09,2022,Regular,R,Max Rice,H8IL09174,1,0.00,9895.50,9895.5
H,IL,IL-10,2022,Regular,D,Bradley Scott Schneider,H2IL10068,11,2782991.60,3797651.97,3797651.97
H,IL,IL-10,2022,Regular,R,Joseph Severino,H0IL10393,5,12675.00,34275.00,34275.0
H,IL,IL-11,2022,Regular,D,Bill Foster,H8IL14067,11,2344727.44,3332176.89,3332176.89
H,IL,IL-11,2022,Regular,R,Catalina Lauf,H2IL16107,15,1452238.07,2775559.99,2775559.99
H,IL,IL-12,2022,Regular,D,Chip Markel,H2IL12197,6,9926.00,65213.29,65213.29
H,IL,IL-12,2022,Regular,R,Mike Bost,H4IL12060,11,1245393.74,1664091.40,1664091.4
H,IL,IL-13,2022,Regular,D,Nikki Budzinski,H2IL13153,9,2068287.42,3933506.61,3933506.61
H,IL,IL-13,2022,Regular,R,Regan Deering,H2IL13179,11,436806.10,2096672.96,2096672.96
H,IL,IL-14,2022,Regular,D,Lauren Underwood,H8IL14174,11,5019918.78,6889213.25,6889213.25
H,IL,IL-14,2022,Regular,R,Scott Gryder,H2IL14102,11,156088.86,658298.50,658298.5
H,IL,IL-15,2022,Regular,D,Paul Lange,H2IL15109,5,2300.00,46211.80,46211.8
H,IL,IL-15,2022,Regular,R,Mary Miller,H0IL15129,11,1650509.37,2019930.74,2019930.74
H,IL,IL-16,2022,Regular,D,Lisa Haderlein,H2IL16156,4,0.00,38117.98,38117.98
H,IL,IL-16,2022,Regular,R,Darin LaHood,H6IL18088,11,3201344.77,3915556.68,3915556.68
H,IL,IL-17,2022,Regular,D,Eric Sorensen,H2IL17147,8,599411.48,3120058.37,3120058.37
H,IL,IL-17,2022,Regular,R,Esther Joy King,H0IL17083,16,3101575.55,5114935.20,5114935.2
H,IN,IN-01,2022,Regular,D,Frank Mrvan,H0IN01150,11,944418.17,2483248.03,2483248.03
H,IN,IN-01,2022,Regular,R,Jennifer-Ruth Green,H2IN01172,14,991798.57,3492664.39,3492664.39
H,IN,IN-02,2022,Regular,D,Paul Steury,H2IN02279,7,32305.00,103660.38,103660.38
H,IN,IN-02,2022,Regular,R,Rudy Yakym III,H2IN02295,4,0.00,1151524.32,1151524.32
H,IN,IN-03,2022,Regular,D,Gary Snyder,H2IN03202,7,29900.28,74397.02,74397.02
H,IN,IN-03,2022,Regular,R,Jim Banks,H6IN03229,11,1847765.61,2653270.22,2653270.22
H,IN,IN-04,2022,Regular,R,James Baird,H8IN04199,11,290234.69,434679.53,434679.53
H,IN,IN-05,2022,Regular,D,Jeannine Lee Lake,H8IN06202,6,11717.22,43404.37,43404.37
H,IN,IN-05,2022,Regular,R,Victoria Spartz,H0IN05326,11,3197937.09,4156237.89,4156237.89
H,IN,IN-06,2022,Regular,D,Cinde Wirth,H2IN06304,7,14444.93,50771.60,50771.6
H,IN,IN-06,2022,Regular,R,Greg Pence,H8IN06129,11,1851469.54,2281638.58,2281638.58
H,IN,IN-07,2022,Regular,D,André Carson,H8IN07184,11,616996.91,857306.00,857306.0
H,IN,IN-07,2022,Regular,R,Angela Grabovsky,H2IN07179,7,364718.85,498397.85,498397.85
H,IN,IN-08,2022,Regular,D,Ray McCormick,H2IN08169,7,74940.00,149920.22,149920.22
H,IN,IN-08,2022,Regular,R,Larry Bucshon,H0IN08114,11,1055455.50,1428441.16,1428441.16
H,IN,IN-09,2022,Regular,D,Matthew Fyfe,H2IN09191,8,81481.92,122824.28,122824.28
H,IN,IN-09,2022,Regular,R,Erin Houchin,H6IN09143,7,717357.62,1356559.00,1356559.0
H,KS,KS-01,2022,Regular,D,Jimmy Beard,H2KS01079,6,5820.00,17691.91,17691.91
H,KS,KS-01,2022,Regular,R,Tracey Mann,H0KS01123,11,1020742.15,1237054.19,1237054.19
H,KS,KS-02,2022,Regular,D,Patrick Schmidt,H2KS02143,9,658960.06,1108610.39,1108610.39
H,KS,KS-02,2022,Regular,R,Jake LaTurner,H0KS02188,11,1219065.39,1478931.28,1478931.28
H,KS,KS-03,2022,Regular,D,Sharice Davids,H8KS03155,11,4767559.50,7894095.76,7894095.76
H,KS,KS-03,2022,Regular,R,Amanda Adkins,H0KS03236,16,2221892.92,3859633.31,3859633.31
H,KS,KS-04,2022,Regular,D,Bob Hernandez,H2KS04149,5,5760.00,43266.17,43266.17
H,KS,KS-04,2022,Regular,R,Ron Estes,H8KS04112,11,1416523.15,1869686.09,1869686.09
H,KY,KY-01,2022,Regular,D,Jimmy Ausbrooks,H2KY01085,9,6231.73,7866.73,7866.73
H,KY,KY-01,2022,Regular,R,James Comer,H6KY01110,11,1226108.57,1649489.62,1649489.62
H,KY,KY-02,2022,Regular,D,Hank Linderman,H8KY02080,11,53198.95,87461.23,87461.23
H,KY,KY-02,2022,Regular,R,Brett Guthrie,H8KY02031,11,1740473.92,2259392.72,2259392.72
H,KY,KY-03,2022,Regular,D,Morgan McGarvey,H2KY03206,8,2096051.68,3088931.24,3088931.24
H,KY,KY-03,2022,Regular,R,Stuart Ray,H2KY03214,8,472736.79,622973.39,622973.39
H,KY,KY-04,2022,Regular,D,Matthew Lehman,H2KY04212,7,160953.02,304093.57,304093.57
H,KY,KY-04,2022,Regular,R,Thomas Massie,H2KY04121,11,841369.85,1105338.75,1105338.75
H,KY,KY-05,2022,Regular,D,Conor Halbleib,H2KY05177,3,12331.44,18701.81,18701.81
H,KY,KY-05,2022,Regular,R,Harold Rogers,H0KY05015,11,591044.31,820504.67,820504.67
H,KY,KY-06,2022,Regular,D,Geoff Young,H4KY06163,9,153072.51,239157.17,239157.17
H,KY,KY-06,2022,Regular,R,Andy Barr,H0KY06104,11,2944693.00,3845266.61,3845266.61
H,LA,LA-01,2022,Regular,D,Katie Darling,H2LA01109,4,0.00,152463.58,152463.58
H,LA,LA-01,2022,Regular,R,Steve Scalise,H0LA01087,10,16170825.38,18570245.06,18570245.06
H,LA,LA-02,2022,Regular,D,Troy Carter,H2LA02149,12,2679772.13,3101798.13,3101798.13
H,LA,LA-02,2022,Regular,R,“Dan” Lux,H2LA02297,3,0.00,32371.00,32371.0
H,LA,LA-03,2022,Regular,R,Clay Higgins,H6LA03148,10,625926.24,1057244.85,1057244.85
H,LA,LA-04,2022,Regular,R,Mike Johnson,H6LA04138,10,1114148.29,1367852.92,1367852.92
H,LA,LA-05,2022,Regular,R,Julia Letlow,H2LA05126,11,2304291.91,2849171.25,2849171.25
H,LA,LA-06,2022,Regular,D,Rufus Holt Craig Jr.,H2LA06058,2,0.00,7540.90,7540.9
H,LA,LA-06,2022,Regular,R,Garret Graves,H4LA06153,10,1186247.66,2010467.77,2010467.77
H,MA,MA-01,2022,Regular,D,Richard Neal,H8MA02041,11,2719780.78,3493276.58,3493276.58
H,MA,MA-01,2022,Regular,R,Dean James Martilli,H2MA01228,7,5610.00,19752.89,19752.89
H,MA,MA-02,2022,Regular,D,James McGovern,H4MA03022,11,879210.12,1116203.86,1116203.86
H,MA,MA-02,2022,Regular,R,Jeffrey Sossa-Paquette,H2MA02085,11,133569.60,140906.35,140906.35
H,MA,MA-03,2022,Regular,D,Lori Trahan,H8MA03106,11,1713246.12,1968444.77,1968444.77
H,MA,MA-03,2022,Regular,R,Dean Tran,H2MA03141,8,116115.64,158145.09,158145.09
H,MA,MA-04,2022,Regular,D,Jake Auchincloss,H0MA04192,11,2712318.81,3067930.37,3067930.37
H,MA,MA-05,2022,Regular,D,Katherine Clark,H4MA05084,11,1799189.32,2174711.80,2174711.8
H,MA,MA-05,2022,Regular,R,Caroline Colarusso,H2MA05153,6,57024.64,107077.48,107077.48
H,MA,MA-06,2022,Regular,D,Seth Moulton,H4MA06090,11,1760555.97,2137107.99,2137107.99
H,MA,MA-06,2022,Regular,R,Bob May,H2MA06086,7,29438.00,53398.00,53398.0
H,MA,MA-07,2022,Regular,D,Ayanna Pressley,H8MA07032,11,1151610.99,1467293.46,1467293.46
H,MA,MA-08,2022,Regular,D,Stephen Lynch,H2MA09072,11,671801.12,962334.32,962334.32
H,MA,MA-09,2022,Regular,D,William Keating,H0MA10082,11,571349.21,717659.21,717659.21
H,MA,MA-09,2022,Regular,R,Jesse Brown,H2MA09239,11,344135.67,352855.67,352855.67
H,MD,MD-01,2022,Regular,D,Heather Mizeur,H2MD01220,10,1954881.08,2774380.70,2774380.7
H,MD,MD-01,2022,Regular,R,Andy Harris,H8MD01094,10,1493411.83,1921505.35,1921505.35
H,MD,MD-02,2022,Regular,D,Dutch Ruppersberger,H2MD02160,10,809908.52,1095414.25,1095414.25
H,MD,MD-02,2022,Regular,R,Nicolee Ambrose,H2MD02368,4,0.00,334903.32,500312.76
H,MD,MD-03,2022,Regular,D,John Sarbanes,H6MD03292,10,170332.20,186653.70,186653.7
H,MD,MD-03,2022,Regular,R,Yuripzy Morgan,H2MD02343,6,112975.37,503051.87,503051.87
H,MD,MD-04,2022,Regular,D,Glenn Ivey,H0MD07387,0,,,1896185.07
H,MD,MD-04,2022,Regular,R,Jeff Warner,H2MD04307,7,41548.24,57740.70,57740.7
H,MD,MD-05,2022,Regular,D,Steny Hoyer,H2MD05155,10,3027611.56,3924349.55,3924349.55
H,MD,MD-05,2022,Regular,R,Chris Palombi,H0MD05225,10,39243.93,63653.38,63653.38
H,MD,MD-06,2022,Regular,D,David Trone,H6MD08549,10,12783565.61,13144029.27,13144029.27
H,MD,MD-06,2022,Regular,R,Neil Parrott,H0MD06231,14,372437.43,1126115.59,1126115.59
H,MD,MD-07,2022,Regular,D,Kweisi Mfume,H6MD07020,10,387216.70,599985.23,599985.23
H,MD,MD-08,2022,Regular,D,Jamie Raskin,H6MD08457,10,3483789.52,4701192.12,4701192.12
H,MD,MD-08,2022,Regular,R,Gregory Thomas Coll,H0MD08203,10,7096.15,16294.27,16294.27
H,ME,ME-01,2022,Regular,D,Chellie Pingree,H8ME01120,11,401309.69,576607.49,576607.49
H,ME,ME-01,2022,Regular,R,Edwin Thelander,H2ME01131,9,293280.08,454062.79,454062.79
H,ME,ME-02,2022,Regular,D,Jared Golden,H8ME02185,11,3751883.13,6068685.18,6068685.18
H,ME,ME-02,2022,Regular,R,Bruce Poliquin,H4ME02234,13,2624399.43,3671939.64,3671939.64
H,MI,MI-01,2022,Regular,D,Bob Lorinser,H2MI01142,9,343239.46,588500.20,588500.2
H,MI,MI-01,2022,Regular,R,Jack Bergman,H6MI01226,11,1357228.23,1841958.42,1841958.42
H,MI,MI-02,2022,Regular,D,Jerry Hilliard,H8MI04101,7,10085.00,30655.33,30655.33
H,MI,MI-02,2022,Regular,R,John Moolenaar,H4MI04126,11,1765269.26,2197543.50,2197543.5
H,MI,MI-03,2022,Regular,D,Hillary Scholten,H0MI03316,11,1295092.68,3806547.95,3806547.95
H,MI,MI-03,2022,Regular,R,John Gibbs,H2MI03197,8,484309.28,1686030.12,1686030.12
H,MI,MI-04,2022,Regular,D,Joseph Alfonso,H2MI04260,5,4099.00,37258.83,37258.83
H,MI,MI-04,2022,Regular,R,Bill Huizenga,H0MI02094,11,2147778.41,3073021.13,3073021.13
H,MI,MI-05,2022,Regular,D,Bart Goldberg,H2MI05176,6,114690.01,164542.02,164542.02
H,MI,MI-05,2022,Regular,R,Tim Walberg,H4MI07103,11,1137048.87,1520614.63,1520614.63
H,MI,MI-06,2022,Regular,D,Debbie Dingell,H4MI12079,11,1184275.52,1559951.40,1559951.4
H,MI,MI-06,2022,Regular,R,Whittney Williams,H2MI06158,6,11551.46,12069.75,12069.75
H,MI,MI-07,2022,Regular,D,Elissa Slotkin,H8MI08102,11,6869587.34,9974583.81,9974583.81
H,MI,MI-07,2022,Regular,R,Tom Barrett,H2MI07123,12,1428775.11,2834473.95,2834473.95
H,MI,MI-08,2022,Regular,D,Daniel Kildee,H2MI05119,11,3355350.81,5627721.01,5627721.01
H,MI,MI-08,2022,Regular,R,Paul Junge,H0MI08141,16,1412211.64,3108702.53,3108702.53
H,MI,MI-09,2022,Regular,D,Brian Jaye,H2MI08154,11,44733.95,55654.51,55654.51
H,MI,MI-09,2022,Regular,R,Lisa McClain,H0MI10287,11,970742.80,1269568.48,1269568.48
H,MI,MI-10,2022,Regular,D,Carl Marlinga,H2MI10176,7,261855.01,1059983.76,1059983.76
H,MI,MI-10,2022,Regular,R,John James,H2MI10150,11,3733356.04,6954183.56,6954183.56
H,MI,MI-11,2022,Regular,D,Haley Stevens,H8MI11254,11,4737288.57,5574897.28,5574897.28
H,MI,MI-11,2022,Regular,R,Mark Ambrose,H2MI11265,6,292759.00,668345.01,668345.01
H,MI,MI-12,2022,Regular,D,Rashida Tlaib,H8MI13250,11,2827426.97,3337996.20,3337996.2
H,MI,MI-12,2022,Regular,R,Steven Elliott,H2MI13311,7,20136.22,265846.32,265846.32
H,MI,MI-13,2022,Regular,D,Shri Thanedar,H2MI13204,8,8187122.97,9319161.71,9319161.71
H,MI,MI-13,2022,Regular,R,Martell Bivings,H2MI13360,6,15575.00,106131.15,106131.15
H,MN,MN-01,2022,Regular,D,Jeff Ettinger,H2MN01249,9,1549567.49,2592366.71,2592366.71
H,MN,MN-01,2022,Regular,R,Brad Finstad,H2MN01223,9,927219.91,1500243.97,1500243.97
H,MN,MN-02,2022,Regular,D,Angie Craig,H6MN02131,11,5248635.27,7801458.27,7801458.27
H,MN,MN-02,2022,Regular,R,Tyler Kistner,H0MN02134,16,2167834.19,3409854.76,3409854.76
H,MN,MN-03,2022,Regular,D,Dean Phillips,H8MN03143,11,1757742.31,2298669.51,2298669.51
H,MN,MN-03,2022,Regular,R,Tom Weiler,H2MN03104,12,404813.56,681468.99,681468.99
H,MN,MN-04,2022,Regular,D,Betty McCollum,H0MN04049,11,1740316.10,2101431.16,2101431.16
H,MN,MN-04,2022,Regular,R,May Lor Xiong,H2MN04177,7,51885.97,133467.10,133467.1
H,MN,MN-05,2022,Regular,D,Ilhan Omar,H8MN05239,11,2390158.54,3111917.52,3111917.52
H,MN,MN-05,2022,Regular,R,Cicely Davis,H2MN05166,9,2207556.93,3226697.65,3226697.65
H,MN,MN-06,2022,Regular,D,Jeanne Hendricks,H2MN06214,7,89144.13,205373.85,205373.85
H,MN,MN-06,2022,Regular,R,Tom Emmer,H4MN06087,11,3316336.17,4431685.38,4431685.38
H,MN,MN-07,2022,Regular,D,Jill Abahsain,H2MN07162,6,8981.61,33555.39,33555.39
H,MN,MN-07,2022,Regular,R,Michelle Fischbach,H0MN07091,12,1297694.80,1677464.61,1677464.61
H,MN,MN-08,2022,Regular,D,Jen Schultz,H2MN08152,7,249898.85,694758.14,694758.14
H,MN,MN-08,2022,Regular,R,Pete Stauber,H8MN08043,11,1914874.17,2485203.09,2485203.09
H,MO,MO-01,2022,Regular,D,Cori Bush,H8MO01143,11,1812741.99,2448937.35,2448937.35
H,MO,MO-01,2022,Regular,R,Andrew Jones,H2MO01179,9,19723.00,49116.03,49116.03
H,MO,MO-02,2022,Regular,D,Trish Gunby,H2MO02201,9,469776.63,905770.41,905770.41
H,MO,MO-02,2022,Regular,R,Ann Wagner,H2MO02102,11,3890136.17,4884445.83,4884445.83
H,MO,MO-03,2022,Regular,D,Bethany Mann,H2MO03167,7,5867.22,27169.38,27169.38
H,MO,MO-03,2022,Regular,R,Blaine Luetkemeyer,H8MO09153,21,1928846.45,3640059.18,3640059.18
H,MO,MO-04,2022,Regular,R,Mark Alford,H2MO04207,8,599909.96,1038063.25,1038063.25
H,MO,MO-05,2022,Regular,D,Emanuel Cleaver,H4MO05234,11,863575.56,1215785.40,1215785.4
H,MO,MO-05,2022,Regular,R,Jacob Turk,H6MO05189,4,0.00,37587.00,37587.0
H,MO,MO-06,2022,Regular,D,Henry Martin,H8MO06092,11,85230.12,141892.00,141892.0
H,MO,MO-06,2022,Regular,R,Sam Graves,H0MO06073,11,1487645.65,2383368.94,2383368.94
H,MO,MO-07,2022,Regular,D,Kristen Radaker-Sheafer,H2MO07200,6,2095.00,17792.30,17792.3
H,MO,MO-07,2022,Regular,R,Eric Burlison,H2MO07143,9,658520.84,1081116.19,1081116.19
H,MO,MO-08,2022,Regular,D,Randi McCallian,H2MO08091,6,8642.00,45873.61,45873.61
H,MO,MO-08,2022,Regular,R,Jason Smith,H4MO08162,11,2109834.54,3198303.83,3198303.83
H,MS,MS-01,2022,Regular,D,Dianne Black,H2MS01148,6,7269.33,29471.87,34342.75
H,MS,MS-01,2022,Regular,R,Trent Kelly,H6MS01131,11,765411.76,1113277.81,1113277.81
H,MS,MS-02,2022,Regular,D,Bennie Thompson,H4MS02068,11,1054566.47,1515666.15,1515666.15
H,MS,MS-02,2022,Regular,R,Brian Flowers,H0MS02082,12,24496.35,49488.03,49488.03
H,MS,MS-03,2022,Regular,D,Shuwaski Young,H2MS03136,9,58547.97,77359.24,77359.24
H,MS,MS-03,2022,Regular,R,Michael Guest,H8MS03125,12,1157096.64,1353829.76,1353829.76
H,MS,MS-04,2022,Regular,D,Johnny DuPree,H2MS04332,9,57948.68,147382.22,147382.22
H,MS,MS-04,2022,Regular,R,Mike Ezell,H2MS04258,11,590356.43,1062857.78,1062857.78
H,MT,MT-01,2022,Regular,D,Monica Tranel,H2MT02092,8,1254460.75,3078284.59,3088634.59
H,MT,MT-01,2022,Regular,R,Ryan Zinke,H4MT01041,14,3784564.65,6713975.60,6713975.6
H,MT,MT-02,2022,Regular,D,Penny Ronning,H2MT02134,8,63581.64,175792.67,175792.67
H,MT,MT-02,2022,Regular,R,Matthew Rosendale,H4MT00050,11,1741404.32,2284637.89,2284637.89
H,NC,NC-01,2022,Regular,D,Don Davis,H2NC02287,8,910173.45,1876018.87,1876018.87
H,NC,NC-01,2022,Regular,R,Sandy Smith,H0NC03149,11,1418999.83,2187047.47,2187047.47
H,NC,NC-02,2022,Regular,D,Deborah Ross,H0NC02125,11,1551841.31,2124081.81,2124081.81
H,NC,NC-02,2022,Regular,R,Christine Villaverde,H2NC08235,9,96086.00,149375.48,149375.48
H,NC,NC-03,2022,Regular,D,Barbara Gaskins,H2NC03095,8,51450.01,95646.62,95646.62
H,NC,NC-03,2022,Regular,R,Gregory Murphy,H0NC03172,11,1456953.58,1993505.57,1993505.57
H,NC,NC-04,2022,Regular,D,Valerie Foushee,H2NC06114,8,961595.52,1253021.19,1253021.19
H,NC,NC-04,2022,Regular,R,Courtney Geels,H2NC13185,8,153852.91,409981.20,409981.2
H,NC,NC-05,2022,Regular,D,Kyle Parrish,H2NC07203,7,17161.22,33051.53,33051.53
H,NC,NC-05,2022,Regular,R,Virginia Foxx,H4NC05146,11,1579513.22,2208535.00,2208535.0
H,NC,NC-06,2022,Regular,D,Kathy Manning,H8NC13067,11,2052442.46,3045909.17,3045909.17
H,NC,NC-06,2022,Regular,R,Christian Castelli,H2NC07161,8,405097.22,928501.85,928501.85
H,NC,NC-07,2022,Regular,D,Charles Graham,H2NC09183,8,236003.85,312709.84,312709.84
H,NC,NC-07,2022,Regular,R,David Rouzer,H2NC07096,11,964990.30,1496207.61,1496207.61
H,NC,NC-08,2022,Regular,D,Scott Huffman,H8NC08109,11,73093.87,97677.30,97677.3
H,NC,NC-08,2022,Regular,R,Dan Bishop,H0NC09187,11,1584372.54,1944620.33,1944620.33
H,NC,NC-09,2022,Regular,D,Ben Clark,H2NC04150,8,41395.53,171779.93,171779.93
H,NC,NC-09,2022,Regular,R,Richard Hudson,H2NC08185,11,2458470.23,3120527.33,3120527.33
H,NC,NC-10,2022,Regular,D,Pam Genant,H2NC13235,8,116724.44,191242.75,191242.75
H,NC,NC-10,2022,Regular,R,Patrick McHenry,H4NC10047,11,2795021.42,3911761.09,3911761.09
H,NC,NC-11,2022,Regular,D,Jasmine Beach-Ferrara,H2NC11155,11,1807921.55,2329161.72,2329161.72
H,NC,NC-11,2022,Regular,R,Chuck Edwards,H2NC14050,8,1100917.43,1584205.79,1584205.79
H,NC,NC-12,2022,Regular,D,Alma Adams,H4NC12100,11,681178.77,957366.44,957366.44
H,NC,NC-12,2022,Regular,R,Tyler Lee,H2NC12229,10,103036.74,211748.03,211748.03
H,NC,NC-13,2022,Regular,D,Wiley Nickel,H2NC14019,11,1776432.44,3717882.21,3717882.21
H,NC,NC-13,2022,Regular,R,Bo Hines,H2NC05157,11,1677808.28,3286174.94,3286174.94
H,NC,NC-14,2022,Regular,D,Jeff Jackson,H2NC14076,11,4328788.94,5707177.36,5707177.36
H,NC,NC-14,2022,Regular,R,Pat Harrigan,H2NC13243,7,396139.98,876228.11,876228.11
H,ND,ND-01,2022,Regular,D,Cara Mund,H2ND01022,4,0.00,173270.23,173270.23
H,ND,ND-01,2022,Regular,R,Kelly Armstrong,H8ND00096,11,1416681.08,2168973.38,2168973.38
H,NE,NE-01,2022,Regular,D,Patty Pansing Brooks,H2NE01092,10,1040172.23,1758459.00,1758459.0
H,NE,NE-01,2022,Regular,R,Mike Flood,H2NE01118,9,1391099.10,2195050.83,2195050.83
H,NE,NE-02,2022,Regular,D,Tony Vargas,H2NE02132,9,1640552.52,3409925.52,3409925.52
H,NE,NE-02,2022,Regular,R,Don Bacon,H6NE02125,11,2746672.65,3919222.53,3919222.53
H,NE,NE-03,2022,Regular,R,Adrian Smith,H6NE03115,11,1265949.67,1709691.29,1709691.29
H,NH,NH-01,2022,Regular,D,Chris Pappas,H8NH01210,11,3185015.71,5163533.11,5163533.11
H,NH,NH-01,2022,Regular,R,Karoline Leavitt,H2NH01270,15,1490462.37,3847693.26,3847795.75
H,NH,NH-02,2022,Regular,D,Ann Kuster,H0NH02181,11,3186236.69,4449497.54,4449497.54
H,NH,NH-02,2022,Regular,R,Robert Burns,H2NH00025,15,185997.96,401645.82,401645.82
H,NJ,NJ-01,2022,Regular,D,Donald Norcross,H4NJ01084,11,1589880.97,2168423.53,2168423.53
H,NJ,NJ-01,2022,Regular,R,Claire Gustafson,H4NJ01118,0,,,38650.0
H,NJ,NJ-02,2022,Regular,D,Tim Alexander,H2NJ02193,11,325594.32,502345.28,502345.28
H,NJ,NJ-02,2022,Regular,R,Jefferson Van Drew,H8NJ02166,11,2495863.30,3119520.28,3119520.28
H,NJ,NJ-03,2022,Regular,D,Andy Kim,H8NJ03206,11,5032824.29,7147162.97,7147162.97
H,NJ,NJ-03,2022,Regular,R,Bob Healey,H2NJ03258,12,2404534.12,4713439.44,4713439.44
H,NJ,NJ-04,2022,Regular,D,Matthew Jenkins,H2NJ04215,5,10950.00,42545.25,42545.25
H,NJ,NJ-04,2022,Regular,R,Christopher Smith,H8NJ04014,11,1196347.52,1494147.31,1494147.31
H,NJ,NJ-05,2022,Regular,D,Josh Gottheimer,H6NJ05171,11,6716708.84,8856162.22,8856162.22
H,NJ,NJ-05,2022,Regular,R,Frank Pallotta,H0NJ05174,16,391452.95,982795.94,982795.94
H,NJ,NJ-06,2022,Regular,D,Frank Pallone,H8NJ03073,11,2191416.16,3144739.98,3144739.98
H,NJ,NJ-06,2022,Regular,R,Susan Kiley,H2NJ06228,7,256544.82,399477.05,399477.05
H,NJ,NJ-07,2022,Regular,D,Tom Malinowski,H8NJ07223,11,5863891.81,8978834.00,8978834.0
H,NJ,NJ-07,2022,Regular,R,Thomas Kean,H0NJ07261,16,2695212.94,4476737.53,4476737.53
H,NJ,NJ-08,2022,Regular,D,Robert Menendez,H2NJ08232,7,1340418.71,1752969.49,1752969.49
H,NJ,NJ-09,2022,Regular,D,Bill Pascrell,H6NJ08118,11,1235941.76,1577229.24,1577229.24
H,NJ,NJ-09,2022,Regular,R,Billy Prempeh,H0NJ09200,11,232830.96,309125.35,309125.35
H,NJ,NJ-10,2022,Regular,D,Donald Payne,H2NJ10154,11,1206688.85,1375799.76,1375799.76
H,NJ,NJ-11,2022,Regular,D,Mikie Sherrill,H8NJ11142,11,4763577.87,6328539.87,6328539.87
H,NJ,NJ-11,2022,Regular,R,Paul DeGroot,H2NJ11186,7,464778.85,710058.50,710058.5
H,NJ,NJ-12,2022,Regular,D,Bonnie Watson Coleman,H4NJ12149,11,710407.60,930457.44,930457.44
H,NJ,NJ-12,2022,Regular,R,Darius Mayfield,H2NJ12127,11,204658.60,266328.89,266328.89
H,NM,NM-01,2022,Regular,D,Melanie Stansbury,H2NM01144,13,2850079.69,3570362.65,3570362.65
H,NM,NM-01,2022,Regular,R,Michelle Garcia Holmes,H0NM01189,11,223172.32,391731.56,391731.56
H,NM,NM-02,2022,Regular,D,Gabriel Vasquez,H2NM02191,9,1175653.11,3687697.99,3687697.99
H,NM,NM-02,2022,Regular,R,Yvette Herrell,H8NM02156,12,2695009.05,4431274.96,4431274.96
H,NM,NM-03,2022,Regular,D,Teresa Leger Fernandez,H0NM03102,11,1853263.36,3130245.38,3130245.38
H,NM,NM-03,2022,Regular,R,Alexis Martinez Johnson,H2NM03173,7,77052.50,303535.55,303535.55
H,NV,NV-01,2022,Regular,D,Dina Titus,H8NV03036,11,1731324.25,3392335.34,3392335.34
H,NV,NV-01,2022,Regular,R,Mark Robertson,H2NV03153,15,651351.08,1268491.06,1337673.46
H,NV,NV-02,2022,Regular,D,Elizabeth Mercedes Krause,H2NV02551,5,11496.06,52232.79,52232.79
H,NV,NV-02,2022,Regular,R,Mark Amodei,H2NV02395,11,787224.05,1219752.54,1219752.54
H,NV,NV-03,2022,Regular,D,Susie Lee,H6NV04020,11,4289092.50,6337405.99,6337405.99
H,NV,NV-03,2022,Regular,R,April Becker,H2NV03161,18,1447945.29,2488662.00,2488761.16
H,NV,NV-04,2022,Regular,D,Steven Horsford,H2NV04011,11,3238351.37,4956048.45,4956048.45
H,NV,NV-04,2022,Regular,R,Sam Peters,H0NV04023,18,937707.79,1963735.44,1964059.59
H,NY,NY-01,2022,Regular,D,Bridget Fleming,H0NY01202,11,1367253.55,2690504.26,2690504.26
H,NY,NY-01,2022,Regular,R,Nicholas LaLota,H2NY01190,11,484497.66,1551713.01,1551713.01
H,NY,NY-02,2022,Regular,D,Jackie Gordon,H0NY02192,11,1010901.46,1752171.46,1752171.46
H,NY,NY-02,2022,Regular,R,Andrew Garbarino,H0NY02234,11,2654451.39,3551116.76,3551116.76
H,NY,NY-03,2022,Regular,D,Robert Zimmerman,H2NY03188,7,1431166.72,3181505.62,3181505.62
H,NY,NY-04,2022,Regular,D,Laura Gillen,H2NY04244,7,630500.00,1832377.75,1832377.75
H,NY,NY-04,2022,Regular,R,Anthony D'Esposito,H2NY04277,11,641854.06,1325986.26,1325986.26
H,NY,NY-05,2022,Regular,D,Gregory Meeks,H8NY06048,22,2218714.12,2704713.24,2704713.24
H,NY,NY-05,2022,Regular,R,Paul King,H2NY05126,7,84776.00,130038.17,130038.17
H,NY,NY-06,2022,Regular,D,Grace Meng,H2NY06116,11,1295633.57,1615242.90,1615242.9
H,NY,NY-06,2022,Regular,R,Thomas Zmich,H0NY06086,11,191.13,2405.87,2405.87
H,NY,NY-07,2022,Regular,D,Nydia Velázquez,H2NY00010,11,493508.94,603354.96,603354.96
H,NY,NY-08,2022,Regular,D,Hakeem Jeffries,H2NY10092,11,4732293.91,6037499.66,6037499.66
H,NY,NY-08,2022,Regular,R,Yuri Dashevsky,H2NY08187,2,19970.31,19970.31,19970.31
H,NY,NY-09,2022,Regular,D,Yvette Clarke,H4NY11138,12,604108.13,796961.26,796961.26
H,NY,NY-10,2022,Regular,D,Daniel Goldman,H2NY10308,6,3442134.49,7142852.46,7142852.46
H,NY,NY-10,2022,Regular,R,Benine Hamdan,H2NY10134,8,24496.04,25027.80,25027.8
H,NY,NY-11,2022,Regular,D,Max Rose,H2NY11140,8,2807262.57,4099084.97,4099084.97
H,NY,NY-11,2022,Regular,R,Nicole Malliotakis,H0NY11078,12,3913890.48,4642144.71,4642144.71
H,NY,NY-12,2022,Regular,D,Jerrold Nadler,H2NY17071,11,1886089.10,2325709.69,2325709.69
H,NY,NY-12,2022,Regular,R,Michael Zumbluskas,H2NY12221,6,10698.57,19176.52,19176.52
H,NY,NY-13,2022,Regular,D,Adriano Espaillat,H2NY13096,19,1038667.15,1299464.22,1299464.22
H,NY,NY-14,2022,Regular,D,Alexandria Ocasio-Cortez,H8NY15148,11,10770597.41,12471242.79,12471242.79
H,NY,NY-14,2022,Regular,R,Tina Forte,H2NY14128,10,672604.50,1540477.62,1540477.62
H,NY,NY-15,2022,Regular,D,Ritchie Torres,H0NY15160,11,3673748.76,4442337.22,4442337.22
H,NY,NY-16,2022,Regular,D,Jamaal Bowman,H0NY16143,11,1553927.69,1877492.94,1877492.94
H,NY,NY-16,2022,Regular,R,Miriam Flisser,H2NY16115,0,,,17162.53
H,NY,NY-17,2022,Regular,D,Sean Patrick Maloney,H2NY22139,11,4013556.28,6079999.11,6079999.11
H,NY,NY-17,2022,Regular,R,Michael Lawler,H2NY17162,10,519371.34,1553320.59,1553320.59
H,NY,NY-18,2022,Regular,D,Patrick Ryan,H8NY19223,7,1609260.63,4788363.56,4788363.56
H,NY,NY-18,2022,Regular,R,Colin Schmitt,H2NY18087,14,1405687.79,2062676.07,2062676.07
H,NY,NY-19,2022,Regular,D,Josh Riley,H8NY22177,8,1393940.14,4194190.94,4194190.94
H,NY,NY-19,2022,Regular,R,Marcus Molinaro,H2NY19127,14,1593761.82,2491602.09,2491602.09
H,NY,NY-20,2022,Regular,D,Paul Tonko,H8NY21203,11,1427302.42,1777899.62,1777899.62
H,NY,NY-20,2022,Regular,R,Elizabeth Joy,H0NY20111,15,763879.55,1169097.57,1169097.57
H,NY,NY-21,2022,Regular,D,Matt Castelli,H2NY21164,9,1114515.86,2525045.84,2525045.84
H,NY,NY-21,2022,Regular,R,Elise Stefanik,H4NY21079,11,7327076.16,9489980.78,9489980.78
H,NY,NY-22,2022,Regular,D,Francis Conole,H0NY24063,11,1071152.13,3051107.90,3051107.9
H,NY,NY-22,2022,Regular,R,Brandon Williams,H2NY22212,11,214202.28,941403.42,941403.42
H,NY,NY-23,2022,Regular,D,Max Della Pia,H8NY23175,8,163356.55,326454.36,326454.36
H,NY,NY-23,2022,Regular,R,Nick Langworthy,H2NY23228,6,370044.00,763707.48,763707.48
H,NY,NY-24,2022,Regular,D,Steven Holden,H2NY24127,8,140865.15,184512.44,184512.44
H,NY,NY-24,2022,Regular,R,Claudia Tenney,H4NY22051,20,2846605.17,3301121.74,3301121.74
H,NY,NY-25,2022,Regular,D,Joseph Morelle,H8NY25105,11,1194852.16,2251295.88,2251295.88
H,NY,NY-25,2022,Regular,R,La'Ron Singletary,H2NY25082,8,402815.44,710075.20,710075.2
H,NY,NY-26,2022,Regular,D,Brian Higgins,H4NY27076,11,1267262.94,1546746.45,1546746.45
H,NY,NY-26,2022,Regular,R,Steven Sams,H2NY26189,8,30794.11,36659.11,36659.11
H,OH,OH-01,2022,Regular,D,Greg Landsman,H2OH01194,7,1091715.40,2768116.46,2768116.46
H,OH,OH-01,2022,Regular,R,Steve Chabot,H8OH01043,11,1314238.77,2234658.79,2234658.79
H,OH,OH-02,2022,Regular,D,Samantha Meadows,H2OH02127,4,0.00,22924.50,22924.5
H,OH,OH-02,2022,Regular,R,Brad Wenstrup,H2OH02085,11,1563013.38,2088194.25,2088194.25
H,OH,OH-03,2022,Regular,D,Joyce Beatty,H2OH03125,11,1707046.23,2243895.59,2243895.59
H,OH,OH-04,2022,Regular,D,Tamie Wilson,H2OH04164,4,0.00,148349.47,170439.4
H,OH,OH-04,2022,Regular,R,Jim Jordan,H6OH04082,11,9302612.18,14293131.39,14293131.39
H,OH,OH-05,2022,Regular,D,Craig Swartz,H2OH05062,5,13851.77,54980.87,54980.87
H,OH,OH-05,2022,Regular,R,Robert Latta,H8OH05036,11,1105698.01,1560724.66,1560724.66
H,OH,OH-06,2022,Regular,D,Louis Lyras,H8OH13154,11,62725.77,144248.42,144248.42
H,OH,OH-06,2022,Regular,R,Bill Johnson,H0OH06189,11,1284393.87,1706984.83,1706984.83
H,OH,OH-07,2022,Regular,D,Matthew Diemer,H2OH16044,11,152406.46,276778.53,276778.53
H,OH,OH-07,2022,Regular,R,Max Miller,H2OH16051,11,2271386.61,3045488.99,3045488.99
H,OH,OH-08,2022,Regular,D,Vanessa Enoch,H8OH08097,10,0.00,0.00,0.0
H,OH,OH-08,2022,Regular,R,Warren Davidson,H6OH08315,11,691787.17,976169.59,976169.59
H,OH,OH-09,2022,Regular,D,Marcy Kaptur,H2OH09031,11,1768061.57,3393468.71,3393468.71
H,OH,OH-09,2022,Regular,R,Majewski,H2OH09155,11,469166.60,1185047.37,1185047.37
H,OH,OH-10,2022,Regular,D,David Esrati,H8OH03098,5,13958.90,45356.05,45356.05
H,OH,OH-10,2022,Regular,R,Mike Turner,H2OH03067,11,1096222.89,1522717.13,1522717.13
H,OH,OH-11,2022,Regular,D,Shontel Brown,H2OH11169,12,4414657.97,4755211.62,4755211.62
H,OH,OH-12,2022,Regular,R,Troy Balderson,H8OH12180,11,1409101.85,1919520.06,1919520.06
H,OH,OH-13,2022,Regular,D,Emilia Sykes,H2OH13264,7,894172.91,2542383.02,2542383.02
H,OH,OH-13,2022,Regular,R,Madison Gesiotto Gilbert,H2OH09163,9,939430.94,2197068.45,2197170.59
H,OH,OH-14,2022,Regular,D,Matt Kilboy,H2OH13223,8,51773.35,91186.04,91186.04
H,OH,OH-14,2022,Regular,R,David Joyce,H2OH14064,11,1934783.17,2606247.74,2606247.74
H,OH,OH-15,2022,Regular,D,Gary Josephson,H2OH15277,5,5431.67,43162.48,43162.48
H,OH,OH-15,2022,Regular,R,Mike Carey,H2OH15228,11,1862747.94,2363798.92,2363798.92
H,OK,OK-01,2022,Regular,D,Adam Martin,H2OK01176,8,23769.44,34098.62,34098.62
H,OK,OK-01,2022,Regular,R,Kevin Hern,H8OK01157,11,1214655.57,1680070.85,1680070.85
H,OK,OK-02,2022,Regular,D,Naomi Andrews,H2OK02307,3,7556.72,7706.72,7706.72
H,OK,OK-02,2022,Regular,R,Josh Brecheen,H2OK02315,7,282901.91,654619.23,654619.23
H,OK,OK-03,2022,Regular,R,Frank Lucas,H4OK06056,11,1228413.17,1524419.03,1524419.03
H,OK,OK-04,2022,Regular,D,Mary Brannon,H8OK04094,0,,,34849.65
H,OK,OK-04,2022,Regular,R,Tom Cole,H2OK04055,11,1601084.88,2335186.44,2335186.44
H,OK,OK-05,2022,Regular,D,Joshua Harris-Till,H2OK05169,4,22413.67,72528.57,72528.57
H,OK,OK-05,2022,Regular,R,Stephanie Bice,H0OK05205,12,2027593.46,2491328.51,2491328.51
H,OR,OR-01,2022,Regular,D,Suzanne Bonamici,H2OR01133,11,749113.27,1037674.86,1037674.86
H,OR,OR-02,2022,Regular,D,Joe Yetter,H2OR02156,7,28614.75,100291.79,100291.79
H,OR,OR-02,2022,Regular,R,Cliff Bentz,H0OR02127,11,864284.10,1184427.97,1184427.97
H,OR,OR-03,2022,Regular,D,Earl Blumenauer,H6OR03064,11,1091940.03,1364461.33,1364461.33
H,OR,OR-03,2022,Regular,R,Joanna Harbour,H0OR03174,11,2750.00,14925.00,14925.0
H,OR,OR-04,2022,Regular,D,Val Hoyle,H2OR04095,8,1156305.49,2610019.02,2610019.02
H,OR,OR-04,2022,Regular,R,Alek Skarlatos,H0OR04107,17,2570660.42,4538041.24,4538041.24
H,OR,OR-05,2022,Regular,D,Jamie McLeod-Skinner,H8OR02161,8,1275309.89,3670803.53,3670803.53
H,OR,OR-05,2022,Regular,R,Lori Chavez-DeRemer,H2OR05209,14,1123451.41,2568275.52,2568275.52
H,OR,OR-06,2022,Regular,D,Andrea Salinas,H2OR06066,8,1317503.52,3405187.33,3405187.33
H,OR,OR-06,2022,Regular,R,Mike Erickson,H2OR06124,12,1464415.41,3957227.25,3957227.25
H,PA,PA-01,2022,Regular,D,Ashley Ehasz,H2PA01099,8,432259.29,970541.94,970541.94
H,PA,PA-01,2022,Regular,R,Brian Fitzpatrick,H6PA08277,11,3599774.20,4560231.74,4560231.74
H,PA,PA-02,2022,Regular,D,Brendan Boyle,H4PA13199,11,1359675.99,1708549.76,1708549.76
H,PA,PA-03,2022,Regular,D,Dwight Evans,H6PA02171,11,959275.78,1143332.89,1143332.89
H,PA,PA-04,2022,Regular,D,Madeleine Dean,H8PA04116,11,1444196.69,2055980.52,2055980.52
H,PA,PA-04,2022,Regular,R,Christian Nascimento,H2PA04226,9,149397.78,239390.88,239390.88
H,PA,PA-05,2022,Regular,D,Mary Gay Scanlon,H8PA07200,11,1147819.36,1596137.42,1596137.42
H,PA,PA-05,2022,Regular,R,David Galluch,H2PA05074,10,444622.07,747056.83,747056.83
H,PA,PA-06,2022,Regular,D,Chrissy Houlahan,H8PA06087,11,3542050.05,4823029.87,4823029.87
H,PA,PA-06,2022,Regular,R,Guy Ciarrocchi,H2PA06197,7,507599.82,1038552.06,1038552.06
H,PA,PA-07,2022,Regular,D,Susan Wild,H8PA15229,11,4113288.92,7002291.19,7002291.19
H,PA,PA-07,2022,Regular,R,Lisa Scheller,H0PA07132,12,2404980.27,6354578.69,6354578.69
H,PA,PA-08,2022,Regular,D,Matt Cartwright,H2PA17079,11,3498409.56,5364344.12,5364344.12
H,PA,PA-08,2022,Regular,R,Jim Bognet,H0PA08221,12,1235992.69,3017514.63,3017514.63
H,PA,PA-09,2022,Regular,D,Amanda Waldman,H2PA09126,6,8031.66,30546.88,30546.88
H,PA,PA-09,2022,Regular,R,Daniel Meuser,H8PA10147,11,708928.46,1101338.69,1101338.69
H,PA,PA-10,2022,Regular,D,Shamaine Daniels,H2PA10124,6,81949.79,414294.52,414294.52
H,PA,PA-10,2022,Regular,R,Scott Perry,H2PA04135,11,1902342.30,3043768.91,3043768.91
H,PA,PA-11,2022,Regular,D,Bob Hollister,H2PA11114,8,130732.51,316546.79,316546.79
H,PA,PA-11,2022,Regular,R,Lloyd Smucker,H6PA16320,11,1138500.40,1560516.69,1560516.69
H,PA,PA-12,2022,Regular,D,Summer Lee,H2PA18200,8,1069235.87,1851679.14,1851679.14
H,PA,PA-12,2022,Regular,R,Mike Doyle,H2PA12070,6,55035.00,205104.56,205104.56
H,PA,PA-13,2022,Regular,R,John Joyce,H8PA13125,11,1153925.43,1525290.30,1525290.3
H,PA,PA-14,2022,Regular,R,Guy Reschenthaler,H8PA18199,11,1297719.27,1998845.21,1998845.21
H,PA,PA-15,2022,Regular,D,Mike Molesevich,H2PA15131,4,0.00,49953.34,49953.34
H,PA,PA-15,2022,Regular,R,Glenn Thompson,H8PA05071,11,1997028.02,2692356.32,2692356.32
H,PA,PA-16,2022,Regular,D,Dan Pastore,H2PA16097,7,460981.41,866280.03,866280.03
H,PA,PA-16,2022,Regular,R,Mike Kelly,H0PA03271,11,873151.64,1320811.66,1320811.66
H,PA,PA-17,2022,Regular,D,Chris Deluzio,H2PA17103,9,945078.81,3293132.71,3293132.71
H,PA,PA-17,2022,Regular,R,Jeremy Shaffer,H2PA17160,9,1429907.66,2784898.42,2786043.66
H,RI,RI-01,2022,Regular,D,David Cicilline,H0RI01073,11,1778342.52,1981382.79,1981382.79
H,RI,RI-01,2022,Regular,R,Allen Waters,H2RI01202,11,32419.19,45441.69,45441.69
H,RI,RI-02,2022,Regular,D,Seth Magaziner,H2RI02184,7,2373417.72,3904868.95,3904868.95
H,RI,RI-02,2022,Regular,R,Allan Fung,H2RI02226,11,1207298.90,2247796.52,2247796.52
H,SC,SC-01,2022,Regular,D,Annie Andrews,H2SC01127,8,1136231.27,2038067.55,2038067.55
H,SC,SC-01,2022,Regular,R,Nancy Mace,H0SC01394,12,4529729.69,5884937.13,5884937.13
H,SC,SC-02,2022,Regular,D,Judd Larkins,H2SC02182,9,62843.89,96669.32,96669.32
H,SC,SC-02,2022,Regular,R,Joe Wilson,H2SC02059,11,750879.55,1020327.32,1020327.32
H,SC,SC-03,2022,Regular,R,Jeff Duncan,H0SC03077,11,1222348.32,1686731.32,1686731.32
H,SC,SC-04,2022,Regular,R,William Timmons,H8SC04250,11,909747.01,1707776.64,1707776.64
H,SC,SC-05,2022,Regular,D,Evangeline Hundley,H2SC05102,3,3942.50,15767.34,15767.34
H,SC,SC-05,2022,Regular,R,Ralph Norman,H8SC05158,11,602115.84,890552.23,890552.23
H,SC,SC-06,2022,Regular,D,James Clyburn,H2SC02042,11,2753726.02,3592375.11,3592375.11
H,SC,SC-06,2022,Regular,R,Duke Buckner,H2SC06142,7,86776.91,205668.71,205668.71
H,SC,SC-07,2022,Regular,R,Russell Fry,H2SC07280,9,863073.52,1428232.90,1428232.9
H,SD,SD-01,2022,Regular,R,Dusty Johnson,H8SD01055,11,2122118.05,2588609.66,2588609.66
H,TN,TN-01,2022,Regular,R,Diana Harshbarger,H0TN01118,11,1192652.93,2000622.04,2000622.04
H,TN,TN-02,2022,Regular,D,Mark Harmon,H2TN02120,9,56081.55,83126.99,83126.99
H,TN,TN-02,2022,Regular,R,Tim Burchett,H8TN02119,11,1105981.89,1427400.67,1427400.67
H,TN,TN-03,2022,Regular,D,Meg Gorman,H0TN03452,11,35348.56,62513.68,62513.68
H,TN,TN-03,2022,Regular,R,Chuck Fleischmann,H0TN03254,11,783778.78,1058051.28,1058051.28
H,TN,TN-04,2022,Regular,D,Wayne Steele,H8TN04123,7,3592.05,11084.80,11084.8
H,TN,TN-04,2022,Regular,R,Scott DesJarlais,H0TN04195,11,94098.71,174860.33,174860.33
H,TN,TN-05,2022,Regular,D,Heidi Campbell,H2TN05438,7,329015.90,1089821.42,1089821.42
H,TN,TN-05,2022,Regular,R,Andy Ogles,H2TN05446,10,304026.00,1013475.52,1013475.52
H,TN,TN-06,2022,Regular,D,Randal Cooper,H2TN06162,0,,,2952.09
H,TN,TN-06,2022,Regular,R,John Rose,H8TN06094,11,1225431.26,2055441.26,2055441.26
H,TN,TN-07,2022,Regular,R,Mark Green,H8TN07076,11,1363211.11,1768891.70,1768891.7
H,TN,TN-08,2022,Regular,D,Lynnette Williams,H2TN08184,1,1025.00,1025.00,1025.0
H,TN,TN-08,2022,Regular,R,David Kustoff,H2TN07103,19,1446086.35,1913469.28,1913469.28
H,TN,TN-09,2022,Regular,D,Steve Cohen,H6TN09068,11,390979.68,546322.08,546322.08
H,TN,TN-09,2022,Regular,R,Charlotte Bergmann,H0TN09061,11,21773.20,37216.54,37216.54
H,TX,TX-01,2022,Regular,D,JJ Jefferson,H2TX01146,9,87471.83,128130.60,128130.6
H,TX,TX-01,2022,Regular,R,Nathaniel Moran,H2TX01112,8,772360.67,1051039.20,1051039.2
H,TX,TX-02,2022,Regular,D,Robin Fulford,H2TX02383,8,109995.84,231492.19,231492.19
H,TX,TX-02,2022,Regular,R,Dan Crenshaw,H8TX02166,11,14140850.17,15916738.83,15916738.83
H,TX,TX-03,2022,Regular,D,Sandeep Srivastava,H2TX03274,9,160121.51,451102.93,451102.93
H,TX,TX-03,2022,Regular,R,Keith Self,H2TX00064,0,,,592898.76
H,TX,TX-04,2022,Regular,D,Iro Omere,H2TX04124,1,74498.85,74498.85,74498.85
H,TX,TX-04,2022,Regular,R,Pat Fallon,H0TX04219,11,763538.76,1009595.34,1009595.34
H,TX,TX-05,2022,Regular,D,Tartisha Hill,H2TX05246,6,3755.00,13686.03,13686.03
H,TX,TX-05,2022,Regular,R,Lance Gooden,H8TX05144,11,650996.22,1038969.23,1038969.23
H,TX,TX-06,2022,Regular,R,Jake Ellzey,H8TX06266,12,5499832.27,7160432.03,7160432.03
H,TX,TX-07,2022,Regular,D,Lizzie Fletcher,H8TX07140,11,3034761.78,3697115.69,3697115.69
H,TX,TX-07,2022,Regular,R,Johnny Teague,H0TX09176,12,87836.36,191713.98,191713.98
H,TX,TX-08,2022,Regular,D,Laura Jones,H0TX08145,11,33372.98,42027.58,42027.58
H,TX,TX-08,2022,Regular,R,Morgan Luttrell,H2TX08182,10,3208150.30,4750765.79,4750765.79
H,TX,TX-09,2022,Regular,D,Al Green,H4TX09095,11,314750.34,412570.26,412570.26
H,TX,TX-09,2022,Regular,R,Jimmy Leon,H2TX09156,5,175.11,1121.26,1121.26
H,TX,TX-10,2022,Regular,R,Michael McCaul,H4TX10093,11,2008275.87,2729647.14,2729647.14
H,TX,TX-11,2022,Regular,R,August Pfluger,H0TX11230,11,2316573.35,3100563.17,3100563.17
H,TX,TX-12,2022,Regular,D,Trey Hunt,H2TX12085,11,34880.15,50182.13,50182.13
H,TX,TX-12,2022,Regular,R,Kay Granger,H6TX12060,11,1510478.23,2041432.69,2041432.69
H,TX,TX-13,2022,Regular,D,Kathleen Brown,H2TX13117,9,130080.70,199193.86,199193.86
H,TX,TX-13,2022,Regular,R,Ronny Jackson,H0TX13228,11,3817565.44,5097598.64,5097598.64
H,TX,TX-14,2022,Regular,D,Mikal Williams,H0TX14218,7,45294.26,77331.77,77331.77
H,TX,TX-14,2022,Regular,R,Randy Weber,H2TX14149,11,767402.31,1036639.13,1036639.13
H,TX,TX-15,2022,Regular,D,Michelle Vallejo,H2TX15203,9,699131.14,2346631.22,2346631.22
H,TX,TX-15,2022,Regular,R,Monica De La Cruz,H0TX15124,20,2914212.07,4687929.60,4688233.32
H,TX,TX-16,2022,Regular,D,Veronica Escobar,H8TX16109,11,949556.92,1295134.87,1295134.87
H,TX,TX-16,2022,Regular,R,Irene Armendariz-Jackson,H0TX16106,11,221399.69,389697.69,389697.69
H,TX,TX-17,2022,Regular,R,Pete Sessions,H2TX03126,11,712422.51,1001775.53,1001775.53
H,TX,TX-18,2022,Regular,D,Sheila Jackson Lee,H4TX18054,11,549246.98,977656.39,977656.39
H,TX,TX-18,2022,Regular,R,Carmen Maria Montiel,H2TX18207,8,50566.30,126358.50,126358.5
H,TX,TX-19,2022,Regular,D,Nathan Lewis,H2TX19072,5,1031.00,2531.53,2531.53
H,TX,TX-19,2022,Regular,R,Jodey Arrington,H6TX19099,11,1641089.60,2070671.60,2070671.6
H,TX,TX-20,2022,Regular,D,Joaquin Castro,H2TX35011,11,546419.41,682068.98,682068.98
H,TX,TX-20,2022,Regular,R,Kyle Sinclair,H2TX20096,8,150490.00,293147.37,293147.37
H,TX,TX-21,2022,Regular,D,Claudia Andreana Zapata,H2TX35128,9,77881.00,118238.36,118238.36
H,TX,TX-21,2022,Regular,R,Chip Roy,H8TX21307,11,1757556.36,2344485.00,2344485.0
H,TX,TX-22,2022,Regular,R,Troy Nehls,H0TX22302,12,846481.15,1375505.92,1375505.92
H,TX,TX-23,2022,Regular,D,John Lira,H2TX23132,10,486541.63,675078.71,675078.71
H,TX,TX-23,2022,Regular,R,Tony Gonzales,H0TX35015,12,3346655.71,4307414.20,4307414.2
H,TX,TX-24,2022,Regular,D,Jan McDowell,H6TX24149,9,44677.00,136070.11,136070.11
H,TX,TX-24,2022,Regular,R,Beth Van Duyne,H0TX24209,12,3022405.15,3782404.28,3782404.28
H,TX,TX-25,2022,Regular,R,Roger Williams,H2TX33040,11,1479334.45,1788358.21,1788358.21
H,TX,TX-26,2022,Regular,R,Michael Burgess,H2TX26093,11,942919.02,1359624.07,1359624.07
H,TX,TX-27,2022,Regular,D,Maclovio Perez,H2TX27299,0,,,11098.1
H,TX,TX-27,2022,Regular,R,Michael Cloud,H8TX27049,11,824002.12,1076329.45,1076329.45
H,TX,TX-28,2022,Regular,D,Henry Cuellar,H2TX23082,12,3351820.11,4711961.12,4711961.12
H,TX,TX-28,2022,Regular,R,Cassy Garcia,H2TX28149,14,695640.26,3485707.38,3485707.38
H,TX,TX-29,2022,Regular,D,Sylvia Garcia,H8TX29052,11,618997.20,940934.37,940934.37
H,TX,TX-30,2022,Regular,D,Jasmine Crockett,H2TX30178,9,664137.07,970008.57,970008.57
H,TX,TX-30,2022,Regular,R,James Rodgers,H2TX30236,8,21815.00,64725.05,64725.05
H,TX,TX-31,2022,Regular,R,John Carter,H2TX31044,11,1041224.65,1339836.16,1339836.16
H,TX,TX-32,2022,Regular,D,Colin Allred,H8TX32098,11,2857299.02,3471591.94,3471591.94
H,TX,TX-32,2022,Regular,R,Antonio Swad,H2TX32166,9,2332596.00,2386122.49,2386122.49
H,TX,TX-33,2022,Regular,D,Marc Veasey,H2TX33073,11,1326951.33,1846105.83,1846105.83
H,TX,TX-34,2022,Regular,D,Vicente Gonzalez,H6TX15162,11,2251211.95,3197037.46,3197037.46
H,TX,TX-34,2022,Regular,R,Mayra Flores,H2TX34113,15,1765447.81,4685705.97,4685774.09
H,TX,TX-35,2022,Regular,D,Greg Casar,H2TX35144,8,1321915.77,1757510.27,1757510.27
H,TX,TX-35,2022,Regular,R,Dan McQueen,H0TX20124,0,,,31515.0
H,TX,TX-36,2022,Regular,D,Jon Haire,H2TX36142,8,40875.99,77614.16,77614.16
H,TX,TX-36,2022,Regular,R,Brian Babin,H6TX02079,11,717062.09,1054678.32,1054678.32
H,TX,TX-37,2022,Regular,D,Lloyd Doggett,H4TX10028,11,894403.36,1389781.62,1389781.62
H,TX,TX-37,2022,Regular,R,Jenny Garcia Sharon,H0TX35064,12,7015.00,9153.00,9153.0
H,TX,TX-38,2022,Regular,D,Duncan Klussmann,H2TX38056,8,180323.83,279107.58,279107.58
H,TX,TX-38,2022,Regular,R,Wesley Hunt,H0TX07170,18,4238227.59,5831956.81,5831956.81
H,UT,UT-01,2022,Regular,R,Blake Moore,H0UT01205,11,1480877.47,1792630.07,1792630.07
H,UT,UT-02,2022,Regular,D,Nick Mitchell,H2UT02498,4,21570.00,42824.76,42824.76
H,UT,UT-02,2022,Regular,R,Chris Stewart,H2UT02324,11,885317.49,1096841.01,1096841.01
H,UT,UT-03,2022,Regular,D,Glenn Wright,H2UT03306,6,3905.00,17296.00,17996.0
H,UT,UT-03,2022,Regular,R,John Curtis,H8UT03238,11,1760937.62,2158235.30,2158235.3
H,UT,UT-04,2022,Regular,D,Darlene McDonald,H8UT04046,7,58591.05,187011.42,187011.42
H,UT,UT-04,2022,Regular,R,Burgess Owens,H0UT04076,12,2794957.00,3685802.41,3685802.41
H,VA,VA-01,2022,Regular,D,"Herb Jones, Jr.",H2VA01124,5,85424.06,335709.13,335709.13
H,VA,VA-01,2022,Regular,R,Robert Wittman,H8VA01147,11,1525904.81,2191153.97,2191153.97
H,VA,VA-02,2022,Regular,D,Elaine Luria,H8VA02111,11,5927353.39,10795195.37,10795195.37
H,VA,VA-02,2022,Regular,R,Jen Kiggans,H2VA02064,14,1569966.72,3485709.65,3485709.65
H,VA,VA-03,2022,Regular,D,Bobby Scott,H6VA01117,11,656392.08,851699.46,851699.46
H,VA,VA-03,2022,Regular,R,Terry Namkung,H2VA03070,8,107015.33,180080.37,180080.37
H,VA,VA-04,2022,Regular,D,Donald McEachin,H6VA04061,11,709239.36,936470.02,936470.02
H,VA,VA-04,2022,Regular,R,Leon Benjamin,H0VA04064,11,197450.04,382045.09,382045.09
H,VA,VA-05,2022,Regular,D,Joshua Throneburg,H2VA05091,9,446579.21,879916.53,879916.53
H,VA,VA-05,2022,Regular,R,Bob Good,H0VA05160,11,848271.42,1172672.70,1172672.7
H,VA,VA-06,2022,Regular,D,Jennifer Lynn Lewis,H8VA06138,10,54871.01,143023.90,143023.9
H,VA,VA-06,2022,Regular,R,Ben Cline,H8VA06104,11,685263.24,993251.50,993251.5
H,VA,VA-07,2022,Regular,D,Abigail Davis Spanberger,H8VA07094,11,5563834.38,9083201.29,9083201.29
H,VA,VA-07,2022,Regular,R,Yesli Vega,H2VA07261,13,745930.33,3676864.57,3679371.94
H,VA,VA-08,2022,Regular,D,Donald Beyer,H4VA08224,11,1678346.87,2121791.23,2121791.23
H,VA,VA-08,2022,Regular,R,Karina Lipsman,H2VA08152,7,154997.22,290981.09,290981.09
H,VA,VA-09,2022,Regular,D,Taysha Lee DeVaughan,H2VA09085,6,19264.00,58626.65,58626.65
H,VA,VA-09,2022,Regular,R,Morgan Griffith,H0VA09055,11,597290.89,813068.46,813068.46
H,VA,VA-10,2022,Regular,D,Jennifer Wexton,H8VA10106,11,2540421.26,3879207.28,3879207.28
H,VA,VA-10,2022,Regular,R,Hung Cao,H2VA10240,7,982756.38,3304902.60,3304902.6
H,VA,VA-11,2022,Regular,D,Gerald Connolly,H8VA11062,11,1726368.42,2101438.62,2101438.62
H,VA,VA-11,2022,Regular,R,Jim Myles,H2VA11255,7,52991.75,235273.48,235273.48
H,VT,VT-01,2022,Regular,D,Becca Balint,H2VT01076,8,1118646.79,1898995.83,1898995.83
H,VT,VT-01,2022,Regular,R,Liam Madden,H2VT01100,6,36471.00,47659.85,47659.85
H,WA,WA-01,2022,Regular,D,Suzan DelBene,H0WA08046,11,1801927.12,2502763.72,2502763.72
H,WA,WA-01,2022,Regular,R,Vincent Cavaleri,H2WA01252,8,94947.13,185847.78,185847.78
H,WA,WA-02,2022,Regular,D,Rick Larsen,H0WA02080,11,1112575.63,1697229.23,1697229.23
H,WA,WA-02,2022,Regular,R,Dan Matthews,H2WA02177,6,27999.70,145529.16,145529.16
H,WA,WA-03,2022,Regular,D,Marie Gluesenkamp Perez,H2WA03217,7,241424.45,3924093.95,3924093.95
H,WA,WA-03,2022,Regular,R,Joe Kent,H2WA03100,11,2251190.70,3816390.01,3816390.01
H,WA,WA-04,2022,Regular,D,Doug White,H2WA04199,8,390728.04,774333.86,774333.86
H,WA,WA-04,2022,Regular,R,Dan Newhouse,H4WA04104,11,1611774.25,2148295.38,2148295.38
H,WA,WA-05,2022,Regular,D,Natasha Hill,H2WA05105,8,157011.01,377499.11,377499.11
H,WA,WA-05,2022,Regular,R,Cathy McMorris Rodgers,H4WA05077,11,4574280.99,6416913.26,6416913.26
H,WA,WA-06,2022,Regular,D,Derek Kilmer,H2WA06129,11,1940372.20,2637628.09,2637628.09
H,WA,WA-06,2022,Regular,R,Elizabeth Kreiselmaier,H0WA06081,11,312466.36,426186.56,426186.56
H,WA,WA-07,2022,Regular,D,Pramila Jayapal,H6WA07458,11,2218014.67,2772436.29,2772436.29
H,WA,WA-07,2022,Regular,R,Cliff Moon,H2WA07127,4,0.00,8019.18,8019.18
H,WA,WA-08,2022,Regular,D,Kim Schrier,H8WA08189,11,6101565.78,9640767.33,9640767.33
H,WA,WA-08,2022,Regular,R,Matt Larkin,H2WA08182,14,970033.00,2810552.79,2810552.79
H,WA,WA-09,2022,Regular,D,Adam Smith,H6WA09025,11,1016580.54,1386775.73,1386775.73
H,WA,WA-09,2022,Regular,R,Doug Basler,H4WA09061,11,44826.19,133962.28,133962.28
H,WA,WA-10,2022,Regular,D,Marilyn Strickland,H0WA10034,11,1372458.23,1911259.96,1911259.96
H,WA,WA-10,2022,Regular,R,Keith Swank,H2WA08166,8,61598.08,184645.22,185895.22
H,WI,WI-01,2022,Regular,D,Ann Roe,H2WI01100,9,509623.56,837192.65,837192.65
H,WI,WI-01,2022,Regular,R,Bryan Steil,H8WI01156,11,2695212.43,3616861.88,3616861.88
H,WI,WI-02,2022,Regular,D,Mark Pocan,H2WI02124,11,770882.65,1143752.09,1143752.09
H,WI,WI-02,2022,Regular,R,Erik Olsen,H2WI02181,6,21672.00,89666.70,89666.7
H,WI,WI-03,2022,Regular,D,Brad Pfaff,H2WI03122,8,722498.51,1890260.75,1890260.75
H,WI,WI-03,2022,Regular,R,Derrick Van Orden,H0WI03175,16,4543993.43,6479115.13,6479115.13
H,WI,WI-04,2022,Regular,D,Gwen Moore,H4WI04183,11,866957.98,1220473.56,1220473.56
H,WI,WI-05,2022,Regular,D,Mike Van Someren,H2WI05275,8,101045.55,145774.11,145774.11
H,WI,WI-05,2022,Regular,R,Scott Fitzgerald,H0WI05113,11,746725.16,996710.79,996710.79
H,WI,WI-06,2022,Regular,R,Glenn Grothman,H4WI06048,11,1059843.64,1257735.36,1257735.36
H,WI,WI-07,2022,Regular,D,Richard Dick Ausman,H2WI07123,6,16910.45,105619.13,105619.13
H,WI,WI-07,2022,Regular,R,Tom Tiffany,H0WI07101,11,753061.38,1181268.65,1181268.65
H,WI,WI-08,2022,Regular,R,Mike Gallagher,H6WI08155,11,2738781.77,3193072.93,3193072.93
H,WV,WV-01,2022,Regular,R,Carol Miller,H8WV03097,11,828914.25,1236366.77,1236366.77
H,WV,WV-02,2022,Regular,D,Barry Lee Wendell,H2WV02191,6,6519.00,28025.43,28025.43
H,WV,WV-02,2022,Regular,R,Alexander Mooney,H4WV02080,20,3987714.03,4477286.55,4477286.55
H,WY,WY-01,2022,Regular,D,Lynnette Grey Bull,H0WY01036,11,11012.89,87407.75,87407.75
H,WY,WY-01,2022,Regular,R,Harriet Hageman,H2WY00166,9,4411364.28,5737078.70,5737078.7
S,AK,AK,2022,Regular,D,Patricia Chesbro,S2AK00226,6,49602.83,188577.24,188577.24
S,AK,AK,2022,Regular,R,Lisa Murkowski,S4AK00099,11,7506100.36,9319257.30,9319257.3
S,AL,AL,2022,Regular,D,Will Boyd,S2AL00251,7,54315.77,134567.28,134567.28
S,AL,AL,2022,Regular,R,Katie Britt,S2AL00145,13,8996181.99,11452175.67,11452928.7
S,AR,AR,2022,Regular,D,Natalie James,S2AR00115,9,46783.38,81480.89,81480.89
S,AR,AR,2022,Regular,R,John Boozman,S0AR00150,11,5763058.28,6769987.02,6769987.02
S,AZ,AZ,2022,Regular,D,Mark Kelly,S0AZ00350,11,54141014.69,92771344.07,92771344.07
S,AZ,AZ,2022,Regular,R,Blake Masters,S2AZ00372,10,4950182.20,15651794.90,15659648.59
S,CA,CA,2022,Regular,D,Alex Padilla,S2CA00955,11,10446727.33,11784617.88,11784617.88
S,CA,CA,2022,Regular,R,Mark Meuser,S2CA01060,9,495881.35,1052436.88,1052436.88
S,CO,CO,2022,Regular,D,Michael Bennet,S0CO00211,11,13010452.91,20720493.62,20720493.62
S,CO,CO,2022,Regular,R,Joe O'Dea,S2CO00241,10,3539547.69,10234243.47,10234964.77
S,CT,CT,2022,Regular,D,Richard Blumenthal,S0CT00177,11,6184197.69,7272349.12,7272349.12
S,CT,CT,2022,Regular,R,Leora Levy,S2CT00314,9,1644380.22,3073546.37,3075949.62
S,FL,FL-2,2022,Regular,D,Val Demings,S2FL00631,11,47857955.96,81084464.15,81084464.15
S,FL,FL-2,2022,Regular,R,Marco Rubio,S0FL00338,11,29280468.90,43477113.48,43477113.48
S,GA,GA,2022,Regular,D,Raphael Warnock,S0GA00559,12,61953986.22,183633349.64,206593947.75
S,GA,GA,2022,Regular,R,Herschel Walker,S2GA00225,12,20217090.29,73737586.72,73748652.12
S,HI,HI,2022,Regular,D,Brian Schatz,S4HI00136,11,2041743.60,2507733.56,2507733.56
S,IA,IA,2022,Regular,D,Michael Franken,S2IA00172,8,4633291.95,11468780.34,11468780.34
S,IA,IA,2022,Regular,R,Chuck Grassley,S0IA00028,11,6087290.05,9533640.63,9533640.63
S,ID,ID,2022,Regular,D,David Roth,S2ID00178,7,26146.61,99856.87,99856.87
S,ID,ID,2022,Regular,R,Mike Crapo,S8ID00027,11,3583862.11,4821698.11,4821698.11
S,IL,IL,2022,Regular,D,Tammy Duckworth,S6IL00292,11,11451556.76,14799221.88,14799221.88
S,IL,IL,2022,Regular,R,Kathy Salvi,S2IL00267,7,434703.91,1348614.89,1348614.89
S,IN,IN,2022,Regular,D,Tom McDermott,S2IN00208,11,658596.34,1362606.43,1362606.43
S,IN,IN,2022,Regular,R,Todd Young,S6IN00191,11,9071379.04,10976445.53,10976445.53
S,KS,KS,2022,Regular,D,Mark Holland,S2KS00113,8,437100.54,905074.24,905074.24
S,KS,KS,2022,Regular,R,Jerry Moran,S0KS00091,11,4021544.40,5531189.35,5531189.35
S,KY,KY,2022,Regular,D,Charles Booker,S0KY00420,9,4539152.87,6556072.38,6556072.38
S,KY,KY,2022,Regular,R,Rand Paul,S0KY00156,11,19496595.60,25042402.65,25042402.65
S,LA,LA,2022,Regular,D,Gary Chambers,S2LA00150,10,1380897.67,1728794.32,1728794.32
S,LA,LA,2022,Regular,R,John Kennedy,S4LA00065,10,21658252.64,34338881.57,34338881.57
S,MD,MD,2022,Regular,D,Chris Van Hollen,S6MD03441,10,5814676.66,6615217.92,6615217.92
S,MO,MO,2022,Regular,D,Trudy Busch Valentine,S2MO00692,7,3415784.72,18322281.62,18322281.62
S,MO,MO,2022,Regular,R,Eric Schmitt,S2MO00544,11,3640437.25,6563711.81,6566085.82
S,NC,NC,2022,Regular,D,Cheri Beasley,S2NC00497,10,16023799.35,38948343.76,38948343.76
S,NC,NC,2022,Regular,R,Ted Budd,S2NC00505,13,6475739.10,14889163.92,14904162.55
S,ND,ND,2022,Regular,D,Katrina Christiansen,S2ND00123,7,27547.94,112995.97,112995.97
S,ND,ND,2022,Regular,R,John Hoeven,S0ND00093,11,2442432.02,3320462.86,3320462.86
S,NH,NH,2022,Regular,D,Maggie Hassan,S6NH00091,11,26103142.31,37045597.33,37045597.33
S,NH,NH,2022,Regular,R,Don Bolduc,S0NH00326,14,578943.05,4172309.82,4181564.45
S,NV,NV,2022,Regular,D,Catherine Cortez Masto,S6NV00200,11,23599495.47,60613860.94,60613860.94
S,NV,NV,2022,Regular,R,Adam Laxalt,S2NV00324,11,7337910.09,19100373.15,19108847.34
S,NY,NY,2022,Regular,D,Chuck Schumer,S8NY00082,11,35091029.67,37885457.97,37885457.97
S,NY,NY,2022,Regular,R,Joe Pinion,S2NY00499,7,254396.92,592671.29,592671.29
S,OH,OH-2,2022,Regular,D,Tim Ryan,S2OH00402,10,21773131.60,57770819.94,57770819.94
S,OH,OH-2,2022,Regular,R,JD Vance,S2OH00436,11,3624546.74,15994259.01,15994977.29
S,OK,OK,2022,Special,D,Kendra Horn,S2OK00228,11,761524.64,1903985.66,1903985.66
S,OK,OK,2022,Special,R,Markwayne Mullin,S2OK00186,12,3608250.53,5569955.21,5569955.21
S,OK,OK,2022,Regular,D,Madison Horn,S2OK00152,9,157452.54,372106.81,372106.81
S,OK,OK,2022,Regular,R,James Lankford,S4OK00232,11,5006739.20,5868351.84,5868351.84
S,OR,OR,2022,Regular,D,Ron Wyden,S6OR00110,11,9192702.03,10512321.06,10512321.06
S,OR,OR,2022,Regular,R,Jo Rae Perkins,S4OR00156,11,41030.18,125595.62,125792.28
S,PA,PA,2022,Regular,D,John Fetterman,S6PA00274,11,26051772.63,81640963.64,76336560.56
S,PA,PA,2022,Regular,R,Mehmet Oz,S2PA00638,10,18995628.02,51070110.47,51080108.65
S,SC,SC,2022,Regular,D,Krystle Matthews,S2SC00103,11,103431.41,135365.58,135365.58
S,SC,SC,2022,Regular,R,Tim Scott,S4SC00240,11,35325367.00,43127151.37,43127151.37
S,SD,SD,2022,Regular,D,Brian Bengs,S2SD00126,8,151531.68,497968.04,497968.04
S,SD,SD,2022,Regular,R,John Thune,S2SD00068,11,5646370.66,7547602.66,7547602.66
S,UT,UT,2022,Regular,D,Evan McMullin,S2UT00369,8,3264480.16,7988427.79,7988427.79
S,UT,UT,2022,Regular,R,Mike Lee,S0UT00165,11,6306705.00,10885232.67,10885232.67
S,VT,VT,2022,Regular,D,Peter Welch,S2VT00235,8,4611564.06,5390836.54,5390836.54
S,VT,VT,2022,Regular,R,Gerald Malloy,S2VT00292,7,139856.22,397262.11,397262.11
S,WA,WA,2022,Regular,D,Patty Murray,S2WA00189,11,10200825.69,16112355.03,16112355.03
S,WA,WA,2022,Regular,R,Tiffany Smiley,S2WA00387,11,7094565.58,20995067.60,21007197.75
S,WI,WI,2022,Regular,D,Mandela Barnes,S2WI00441,9,7004077.31,42336589.43,42336589.43
S,WI,WI,2022,Regular,R,Ron Johnson,S0WI00197,11,16117095.82,34920572.47,34920572.47
H,AK,AK-01,2024,Regular,D,Mary Peltola,H2AK01158,11,7541673.55,13443537.46,13443537.46
H,AK,AK-01,2024,Regular,R,Nick Begich,H2AK01083,12,982929.40,2792806.76,2810467.65
H,AL,AL-01,2024,Regular,D,Tom Holmes,H4AL01255,7,8469.98,17698.86,17698.86
H,AL,AL-01,2024,Regular,R,Barry Moore,H8AL02171,11,969981.71,1130187.30,1130187.3
H,AL,AL-02,2024,Regular,D,Shomari Figures,H4AL02170,9,894272.60,2628628.73,2628628.73
H,AL,AL-02,2024,Regular,R,Caroleene Dobson,H4AL02220,9,2218688.45,3857871.22,3857871.22
H,AL,AL-03,2024,Regular,R,Mike Rogers,H2AL03032,11,2230032.16,2931555.95,2931555.95
H,AL,AL-04,2024,Regular,R,Robert Aderholt,H6AL04098,11,1093798.82,1499911.78,1499911.78
H,AL,AL-05,2024,Regular,R,Dale Strong,H2AL05102,11,1088282.83,1301231.26,1301231.26
H,AL,AL-06,2024,Regular,D,Elizabeth Anderson,H4AL06189,8,48706.00,208724.38,208724.38
H,AL,AL-06,2024,Regular,R,Gary Palmer,H4AL06098,11,1528724.60,1728601.16,1728601.16
H,AL,AL-07,2024,Regular,D,Terri Sewell,H0AL07086,11,2412980.04,3036770.95,3036770.95
H,AL,AL-07,2024,Regular,R,Robin Litaker,H4AL07104,8,25964.43,42634.27,42634.27
H,AR,AR-01,2024,Regular,D,Rodney Govens,H4AR01077,7,49022.67,95238.76,95238.76
H,AR,AR-01,2024,Regular,R,Rick Crawford,H0AR01083,11,832119.55,1098029.43,1098029.43
H,AR,AR-02,2024,Regular,D,Marcus Jones,H4AR02232,8,205915.71,476872.35,476872.35
H,AR,AR-02,2024,Regular,R,French Hill,H4AR02141,11,2820819.86,3802050.59,3802050.59
H,AR,AR-03,2024,Regular,R,Steve Womack,H0AR03055,11,1948449.20,2474937.89,2474937.89
H,AR,AR-04,2024,Regular,D,Risie Howard,H4AR04089,5,4193.48,12981.87,12981.87
H,AR,AR-04,2024,Regular,R,Bruce Westerman,H4AR04048,11,2134041.30,2736566.95,2736566.95
H,AZ,AZ-01,2024,Regular,D,Amish Shah,H4AZ01194,9,911645.24,5787808.34,6343150.1
H,AZ,AZ-01,2024,Regular,R,David Schweikert,H4AZ06045,11,2705351.10,4213494.89,4213494.89
H,AZ,AZ-02,2024,Regular,D,Jonathan Nez,H4AZ02184,8,1173120.10,5522850.09,5522850.09
H,AZ,AZ-02,2024,Regular,R,Eli Crane,H2AZ01354,13,5532329.88,8559239.47,8559239.47
H,AZ,AZ-03,2024,Regular,D,Yassamin Ansari,H4AZ03109,10,1886723.73,2876682.29,2876682.29
H,AZ,AZ-03,2024,Regular,R,Jeff Zink,H2AZ07187,11,44817.00,60847.00,60847.0
H,AZ,AZ-04,2024,Regular,D,Greg Stanton,H8AZ09040,11,2000910.63,2796248.73,2796248.73
H,AZ,AZ-04,2024,Regular,R,Kelly Cooper,H2AZ09191,13,455726.75,788327.20,788327.2
H,AZ,AZ-05,2024,Regular,D,Katrina Schaffner,H4AZ05112,6,24584.02,69745.77,69745.77
H,AZ,AZ-05,2024,Regular,R,Andy Biggs,H6AZ05083,11,1082359.75,1383059.41,1383059.41
H,AZ,AZ-06,2024,Regular,D,Kirsten Engel,H2AZ02311,11,4351232.00,8461618.48,8461618.48
H,AZ,AZ-06,2024,Regular,R,Juan Ciscomani,H2AZ02360,13,4435769.00,7035782.04,7035782.04
H,AZ,AZ-07,2024,Regular,D,Raul Grijalva,H2AZ07070,11,428587.00,643862.68,643862.68
H,AZ,AZ-07,2024,Regular,R,Daniel Butierez,H4AZ07134,8,32848.59,78606.90,78606.9
H,AZ,AZ-08,2024,Regular,D,Greg Whitten,H4AZ08090,9,312973.01,576752.74,576752.74
H,AZ,AZ-08,2024,Regular,R,Abraham Hamadeh,H4AZ08108,8,1365356.94,1994018.86,1994018.86
H,AZ,AZ-09,2024,Regular,D,Quacy Smith,H4AZ09049,8,136978.40,236354.19,236354.19
H,AZ,AZ-09,2024,Regular,R,Paul Gosar,H0AZ01259,11,373981.54,478477.68,478477.68
H,CA,CA-01,2024,Regular,D,Rese Penelope Yee,H4CA01140,8,34542.00,86105.64,86105.64
H,CA,CA-01,2024,Regular,R,Doug LaMalfa,H2CA02142,11,671048.46,1012001.47,1012001.47
H,CA,CA-02,2024,Regular,D,Jared Huffman,H2CA06259,11,792265.31,1014658.00,1014658.0
H,CA,CA-02,2024,Regular,R,Chris Coulombe,H2CA02241,11,96655.01,123590.25,123590.25
H,CA,CA-03,2024,Regular,D,Jessica Morse,H8CA04210,11,1819980.10,3082382.70,3082382.7
H,CA,CA-03,2024,Regular,R,Kevin Kiley,H2CA03157,13,3376759.60,4266158.40,4266158.4
H,CA,CA-04,2024,Regular,D,Mike Thompson,H8CA01109,11,1857494.40,2434299.38,2434299.38
H,CA,CA-04,2024,Regular,R,John Munn,H4CA04128,8,98198.18,159805.48,159805.48
H,CA,CA-05,2024,Regular,D,Mike Barkley,H2CA00096,11,41863.14,86712.32,86712.32
H,CA,CA-05,2024,Regular,R,Tom McClintock,H8CA04152,11,873057.39,1171016.98,1171016.98
H,CA,CA-06,2024,Regular,D,Ami Bera,H0CA03078,11,947671.11,1250010.96,1250010.96
H,CA,CA-06,2024,Regular,R,Christine Bish,H0CA06170,11,115887.75,182260.28,182260.28
H,CA,CA-07,2024,Regular,D,Doris Matsui,H6CA05195,11,969727.05,1239231.82,1239231.82
H,CA,CA-07,2024,Regular,R,Tom Silva,H4CA07089,8,4850.00,5551.50,5551.5
H,CA,CA-08,2024,Regular,D,John Garamendi,H0CA10149,11,878877.81,1113065.76,1113065.76
H,CA,CA-08,2024,Regular,R,Rudy Recile,H2CA00153,11,17972.01,21437.01,21437.01
H,CA,CA-09,2024,Regular,D,Josh Harder,H8CA10126,11,3508745.90,5415539.47,5415539.47
H,CA,CA-09,2024,Regular,R,Kevin Lincoln,H4CA09093,9,1353183.88,2278918.26,2278918.26
H,CA,CA-10,2024,Regular,D,Mark DeSaulnier,H0CA10073,11,468692.70,664974.75,664974.75
H,CA,CA-10,2024,Regular,R,Katherine Piccinini,H4CA10109,8,18627.28,40733.96,40733.96
H,CA,CA-11,2024,Regular,D,Nancy Pelosi,H8CA05035,11,6362740.82,10223363.88,10223363.88
H,CA,CA-11,2024,Regular,R,Bruce Lou,H4CA11164,9,118353.99,208130.50,208130.5
H,CA,CA-12,2024,Regular,D,Lateefah Simon,H4CA12154,11,1407418.70,2231456.15,2231456.15
H,CA,CA-12,2024,Regular,R,Jennifer Tran,H4CA12196,10,190682.24,344452.27,344452.27
H,CA,CA-13,2024,Regular,D,Adam Gray,H2CA13115,11,2603347.90,6432861.59,6432861.59
H,CA,CA-13,2024,Regular,R,John Duarte,H2CA13131,13,3079801.25,4576132.43,4576132.43
H,CA,CA-14,2024,Regular,D,Eric Swalwell,H2CA15094,11,3383109.77,4143083.15,4143083.15
H,CA,CA-14,2024,Regular,R,Vin Kruttiventi,H4CA14093,10,823577.80,850582.78,850582.78
H,CA,CA-15,2024,Regular,D,Kevin Mullin,H2CA14162,11,632424.91,808090.91,808090.91
H,CA,CA-15,2024,Regular,R,Anna Cheng Kramer,H4CA15074,9,102703.98,160182.74,160182.74
H,CA,CA-16,2024,Regular,D,Sam Liccardo,H4CA16197,8,4338802.71,6226443.41,6226443.41
H,CA,CA-16,2024,Regular,R,Evan Low,H4CA16239,8,2492460.71,3717868.88,3717868.88
H,CA,CA-17,2024,Regular,D,Ro Khanna,H4CA12055,11,8978178.38,10570516.03,10570516.03
H,CA,CA-17,2024,Regular,R,Anita Chen,H4CA17310,8,36276.50,73273.05,73273.05
H,CA,CA-18,2024,Regular,D,Zoe Lofgren,H4CA16049,11,1834052.59,2327179.93,2327179.93
H,CA,CA-18,2024,Regular,R,Peter Hernandez,H2CA18163,11,139552.87,198166.89,198166.89
H,CA,CA-19,2024,Regular,D,Jimmy Panetta,H6CA20152,11,2619339.20,3357555.24,3357555.24
H,CA,CA-19,2024,Regular,R,Jason Michael Anderson,H4CA19100,8,13981.27,18044.56,18044.56
H,CA,CA-20,2024,Regular,D,Mike Boudreaux,H4CA20199,11,457234.31,457481.76,457481.76
H,CA,CA-20,2024,Regular,R,Vince Fong,H4CA20181,11,1748785.38,2311886.60,2311886.6
H,CA,CA-21,2024,Regular,D,Jim Costa,H4CA20082,11,1270825.00,1705407.96,1705407.96
H,CA,CA-21,2024,Regular,R,Michael Maher,H2CA22215,13,495691.02,785000.57,785000.57
H,CA,CA-22,2024,Regular,D,Rudy Salas,H2CA21233,11,3123937.86,6515959.58,6515959.58
H,CA,CA-22,2024,Regular,R,David Valadao,H2CA20094,11,3425218.78,4912595.46,4912595.46
H,CA,CA-23,2024,Regular,D,Derek Marshall,H2CA08214,11,485270.95,759288.77,759288.77
H,CA,CA-23,2024,Regular,R,Jay Obernolte,H0CA08135,11,1163785.55,1532906.86,1532906.86
H,CA,CA-24,2024,Regular,D,Salud Carbajal,H6CA24303,11,1633927.61,2037379.78,2037379.78
H,CA,CA-24,2024,Regular,R,Thomas Cole,H4CA24191,9,20496.70,41421.70,42871.7
H,CA,CA-25,2024,Regular,D,Raul Ruiz,H2CA36439,11,1935460.14,2504794.87,2504794.87
H,CA,CA-25,2024,Regular,R,Ian Weeks,H4CA25222,10,105346.99,147438.99,147438.99
H,CA,CA-26,2024,Regular,D,Julia Brownley,H2CA00120,11,1240867.66,1599723.30,1599723.3
H,CA,CA-26,2024,Regular,R,Michael Koslow,H4CA26162,9,51334.66,100754.66,100754.66
H,CA,CA-27,2024,Regular,D,George Whitesides,H4CA27111,11,5806593.08,10614137.63,10614137.63
H,CA,CA-27,2024,Regular,R,Mike Garcia,H0CA25105,11,4370117.91,6539107.78,6539107.78
H,CA,CA-28,2024,Regular,D,Judy Chu,H0CA32101,11,1173289.67,1915612.32,1915612.32
H,CA,CA-28,2024,Regular,R,April Verlato,H4CA28127,8,295064.00,349180.90,349180.9
H,CA,CA-29,2024,Regular,D,Luz Maria Rivas,H4CA29141,8,631543.16,946966.04,946966.04
H,CA,CA-29,2024,Regular,R,Benito Benny Bernal,H4CA29158,0,,,55143.71
H,CA,CA-30,2024,Regular,D,Laura Friedman,H4CA30149,11,1403603.86,1835665.11,1835665.11
H,CA,CA-30,2024,Regular,R,Alex Balekian,H4CA30230,11,336480.29,483663.50,443145.69
H,CA,CA-31,2024,Regular,D,Gil Cisneros,H8CA39174,0,,,6477170.49
H,CA,CA-31,2024,Regular,R,Daniel Jose Bocic Martinez,H2CA13123,11,0.00,0.00,0.0
H,CA,CA-32,2024,Regular,D,Brad Sherman,H6CA24113,11,1414239.66,2059587.35,2059587.35
H,CA,CA-32,2024,Regular,R,Larry Thompson,H4CA32137,8,99184.00,140107.71,140107.71
H,CA,CA-33,2024,Regular,D,Pete Aguilar,H2CA31125,11,4842705.95,5866371.81,5866371.81
H,CA,CA-33,2024,Regular,R,Tom Herman,H4CA33267,8,4867.90,5758.43,5758.43
H,CA,CA-34,2024,Regular,D,Jimmy Gomez,H8CA34266,11,1505719.80,2245652.60,2245652.6
H,CA,CA-34,2024,Regular,R,David Kim,H4CA34083,9,220556.57,570467.58,570467.58
H,CA,CA-35,2024,Regular,D,Norma Torres,H4CA35031,11,697755.79,943001.82,943001.82
H,CA,CA-35,2024,Regular,R,Mike Cargile,H0CA35146,11,80900.25,141181.77,141181.77
H,CA,CA-36,2024,Regular,D,Ted Lieu,H4CA33119,11,1910191.56,2587897.61,2587897.61
H,CA,CA-36,2024,Regular,R,Melissa Toomim,H2CA00146,11,18877.32,41723.09,41723.09
H,CA,CA-37,2024,Regular,D,Sydney Kamlager-Dove,H2CA37304,11,844747.97,1061435.52,1061435.52
H,CA,CA-37,2024,Regular,R,Juan Rey,H8CA29118,3,0.00,9980.59,9980.59
H,CA,CA-38,2024,Regular,D,Linda Sánchez,H2CA39078,11,1221020.71,1548292.39,1548292.39
H,CA,CA-38,2024,Regular,R,Eric Ching,H2CA39151,11,96512.63,241030.63,241030.63
H,CA,CA-39,2024,Regular,D,Mark Takano,H2CA43245,11,907118.24,1289817.96,1289817.96
H,CA,CA-39,2024,Regular,R,David Serpa,H4CA39066,10,26133.96,56449.02,56449.02
H,CA,CA-40,2024,Regular,D,Joe Kerr,H4CA40098,10,1698184.74,2080922.59,2080922.59
H,CA,CA-40,2024,Regular,R,Young Kim,H8CA39240,11,6345203.87,9244755.74,9244755.74
H,CA,CA-41,2024,Regular,D,Will Rollins,H2CA42205,11,7000442.76,12603461.80,12603461.8
H,CA,CA-41,2024,Regular,R,Ken Calvert,H2CA37023,11,5773424.14,8056905.14,8056905.14
H,CA,CA-42,2024,Regular,D,Robert Garcia,H2CA47188,11,1002485.12,1352167.01,1352167.01
H,CA,CA-42,2024,Regular,R,John Briscoe,H4CA42136,8,303764.56,355605.04,355605.04
H,CA,CA-43,2024,Regular,D,Maxine Waters,H4CA23011,11,678529.49,1119385.50,1119385.5
H,CA,CA-44,2024,Regular,D,Nanette Diaz Barragán,H6CA44103,11,1010877.68,1269280.49,1269280.49
H,CA,CA-45,2024,Regular,D,Derek Tran,H4CA45170,8,2261097.50,6514154.69,6514154.69
H,CA,CA-45,2024,Regular,R,Michelle Steel,H0CA48198,11,6291282.54,10730106.83,10730106.83
H,CA,CA-46,2024,Regular,D,Luis Correa,H6CA46116,11,1030562.25,1385045.32,1385045.32
H,CA,CA-46,2024,Regular,R,David Pan,H4CA46137,9,57797.00,88907.00,88907.0
H,CA,CA-47,2024,Regular,D,Dave Min,H4CA47085,11,3614908.56,6835943.16,6835943.16
H,CA,CA-47,2024,Regular,R,Scott Baugh,H6CA48245,11,2927220.96,4507491.38,4507491.38
H,CA,CA-48,2024,Regular,D,Stephen Houlahan,H2CA50174,11,21842.72,29975.29,29975.29
H,CA,CA-48,2024,Regular,R,Darrell Issa,H0CA48024,11,1315072.85,1782412.46,1782412.46
H,CA,CA-49,2024,Regular,D,Mike Levin,H8CA49058,11,3720396.65,5679155.07,5679155.07
H,CA,CA-49,2024,Regular,R,Matt Gunderson,H4CA49149,18,1785034.72,4950306.23,4958325.22
H,CA,CA-50,2024,Regular,D,Scott Peters,H2CA52089,11,1856311.36,2292635.53,2292635.53
H,CA,CA-51,2024,Regular,D,Sara Jacobs,H8CA49074,11,1514830.51,1724533.98,1724533.98
H,CA,CA-51,2024,Regular,R,Bill Wells,H2CA53038,11,676065.79,772753.35,772753.35
H,CA,CA-52,2024,Regular,D,Juan Vargas,H2CA50026,11,624553.49,790624.65,790624.65
H,CA,CA-52,2024,Regular,R,Justin Lee,H8CA09060,7,375045.69,375045.69,375045.69
H,CO,CO-01,2024,Regular,D,Diana DeGette,H6CO01141,11,812812.72,1103161.98,1103161.98
H,CO,CO-01,2024,Regular,R,Valdamar Archuleta,H4CO01161,7,7682.55,12912.60,12912.6
H,CO,CO-02,2024,Regular,D,Joe Neguse,H8CO02160,11,1725365.69,2433594.30,2433594.3
H,CO,CO-02,2024,Regular,R,Marshall Dawson,H2CO02205,11,4241.06,8672.97,8672.97
H,CO,CO-03,2024,Regular,D,Adam Frisch,H2CO03351,11,13784671.73,17188573.07,17188573.07
H,CO,CO-03,2024,Regular,R,Jeff Hurd,H4CO03357,9,1205019.86,2769793.80,2769793.8
H,CO,CO-04,2024,Regular,D,Trisha Calvarese,H4CO04280,7,404533.95,4273123.51,4385109.75
H,CO,CO-04,2024,Regular,R,Lauren Boebert,H0CO03165,11,3925204.11,4822754.48,4822754.48
H,CO,CO-05,2024,Regular,D,River Gassen,H4CO05105,8,66566.49,172285.48,172285.48
H,CO,CO-05,2024,Regular,R,Jeff Crank,H6CO05142,7,609546.75,1128627.35,1128627.35
H,CO,CO-06,2024,Regular,D,Jason Crow,H8CO06229,11,1594896.14,2208412.11,2208412.11
H,CO,CO-06,2024,Regular,R,John Fabbricatore,H4CO06129,7,84984.87,282453.58,282453.58
H,CO,CO-07,2024,Regular,D,Brittany Pettersen,H8CO07045,11,1899421.37,2487377.12,2487377.12
H,CO,CO-07,2024,Regular,R,Sergei Matveyuk,H4CO07085,7,14899.18,56986.88,56986.88
H,CO,CO-08,2024,Regular,D,Yadira Caraveo,H2CO08020,11,4508636.35,8124793.49,8124793.49
H,CO,CO-08,2024,Regular,R,Gabe Evans,H4CO08034,12,1020419.60,2697300.10,2734308.76
H,CT,CT-01,2024,Regular,D,John Larson,H8CT01046,11,1174855.90,1542287.58,1542287.58
H,CT,CT-01,2024,Regular,R,Jim Griffin,H0CT01134,11,4821.00,7786.00,7786.0
H,CT,CT-02,2024,Regular,D,Joe Courtney,H2CT02112,11,902995.23,1318657.73,1318657.73
H,CT,CT-02,2024,Regular,R,Mike France,H2CT02161,14,538434.54,741910.47,741910.47
H,CT,CT-03,2024,Regular,D,Rosa DeLauro,H0CT03072,11,1276579.43,1751634.69,1751634.69
H,CT,CT-03,2024,Regular,R,Michael Massey,H4CT03116,3,3044.27,3129.27,3129.27
H,CT,CT-04,2024,Regular,D,James Himes,H8CT04172,11,1572254.40,2120398.15,2120398.15
H,CT,CT-04,2024,Regular,R,Michael Goldstein,H0CT04229,9,108921.16,156510.98,156510.98
H,CT,CT-05,2024,Regular,D,Jahana Hayes,H8CT05245,11,2672479.10,4218172.13,4218172.13
H,CT,CT-05,2024,Regular,R,George Logan,H2CT05222,13,1625511.06,3011059.71,3011059.71
H,DE,DE-01,2024,Regular,D,Sarah McBride,H4DE00045,10,2976900.27,4091643.35,4091643.35
H,DE,DE-01,2024,Regular,R,John Whalen,H4DE00078,3,0.00,9425.89,20030.44
H,FL,FL-01,2024,Regular,D,Gay Valimont,H4FL01197,8,695641.61,1585275.74,1585275.74
H,FL,FL-01,2024,Regular,R,Matt Gaetz,H6FL01119,11,5686454.85,6772979.08,6772979.08
H,FL,FL-02,2024,Regular,D,Yen Bailey,H4FL02138,5,17069.00,51852.87,51852.87
H,FL,FL-02,2024,Regular,R,Neal Dunn,H6FL02208,11,1289931.44,1648134.72,1648134.72
H,FL,FL-03,2024,Regular,D,Tom Wells,H8FL03020,9,12623.73,18204.42,18204.42
H,FL,FL-03,2024,Regular,R,Kat Cammack,H0FL03175,11,2087502.72,2647816.47,2647816.47
H,FL,FL-04,2024,Regular,D,L. J. Holloway,H6FL05193,5,15174.00,32057.51,32057.51
H,FL,FL-04,2024,Regular,R,Aaron Bean,H2FL04211,13,1300664.76,1738170.86,1738170.86
H,FL,FL-05,2024,Regular,D,Jay McGovern,H4FL05123,5,32427.19,44584.40,44584.4
H,FL,FL-05,2024,Regular,R,John Rutherford,H6FL04105,11,669745.71,897299.59,897299.59
H,FL,FL-06,2024,Regular,D,James David Stockton,H4FL06055,6,18386.00,33549.47,33549.47
H,FL,FL-06,2024,Regular,R,Michael Waltz,H8FL06148,11,1964456.31,2820255.60,2820255.6
H,FL,FL-07,2024,Regular,D,Jennifer Adams,H4FL07137,8,193444.28,277066.10,277066.1
H,FL,FL-07,2024,Regular,R,Cory Mills,H2FL07156,13,1163706.21,1628886.82,1628886.82
H,FL,FL-08,2024,Regular,D,Sandy Kennedy,H4FL08143,6,21673.63,37566.32,37566.32
H,FL,FL-08,2024,Regular,R,Mike Haridopolos,H4FL08168,6,1242645.38,1759340.70,1759340.7
H,FL,FL-09,2024,Regular,D,Darren Soto,H6FL09179,11,1434468.56,2159165.71,2159165.71
H,FL,FL-09,2024,Regular,R,Thomas Chalifoux,H4FL09182,7,2095347.06,2684792.44,2684792.44
H,FL,FL-10,2024,Regular,D,Maxwell Frost,H2FL10259,11,3029253.58,4065838.78,4065838.78
H,FL,FL-10,2024,Regular,R,Willie Montague,H0FL10113,11,20398.69,24494.82,24494.82
H,FL,FL-11,2024,Regular,D,Barbie Harden Hall,H4FL11105,7,35757.93,76285.62,76285.62
H,FL,FL-11,2024,Regular,R,Daniel Webster,H0FL08208,11,927175.34,1019865.25,1019865.25
H,FL,FL-12,2024,Regular,D,Rock Aboujaoude,H4FL02112,6,17063.01,56949.32,56949.32
H,FL,FL-12,2024,Regular,R,Gus Bilirakis,H6FL09070,11,1363140.32,1804425.78,1804425.78
H,FL,FL-13,2024,Regular,D,Whitney Fox,H4FL13200,8,845050.91,2559343.80,2559343.8
H,FL,FL-13,2024,Regular,R,Anna Paulina Luna,H0FL13158,13,2270893.71,3697834.71,3697834.71
H,FL,FL-14,2024,Regular,D,Kathy Castor,H6FL11126,11,903653.57,1166739.26,1166739.26
H,FL,FL-14,2024,Regular,R,Rocky Rochford,H4FL14117,9,55052.37,72882.58,72882.58
H,FL,FL-15,2024,Regular,D,Pat Kemp,H4FL15189,6,260193.68,542647.03,542647.03
H,FL,FL-15,2024,Regular,R,Laurel Lee,H2FL15241,13,1698324.22,2162709.67,2162709.67
H,FL,FL-16,2024,Regular,D,Jan Schneider,H2FL13139,22,19864.05,32722.75,32722.75
H,FL,FL-16,2024,Regular,R,Vern Buchanan,H6FL13148,11,1465482.07,1824538.71,1824538.71
H,FL,FL-17,2024,Regular,D,Manny Lopez,H4FL17052,8,39725.44,69448.01,69448.01
H,FL,FL-17,2024,Regular,R,Gregory Steube,H8FL17053,11,1355801.03,1735999.36,1735999.36
H,FL,FL-18,2024,Regular,D,Andrea Doria Kale,H2FL17106,11,22983.07,30629.22,30629.22
H,FL,FL-18,2024,Regular,R,Scott Franklin,H0FL15104,11,612073.23,815897.15,815897.15
H,FL,FL-19,2024,Regular,D,Kari Lerner,H4FL19116,8,137489.72,184066.35,184066.35
H,FL,FL-19,2024,Regular,R,Byron Donalds,H2FL14186,11,4890822.40,6600931.63,6600931.63
H,FL,FL-20,2024,Regular,D,Sheila Cherfilus-McCormick,H8FL20032,11,495225.51,639178.70,639178.7
H,FL,FL-21,2024,Regular,D,Thomas Witkop,H4FL21070,7,154338.48,265397.71,265397.71
H,FL,FL-21,2024,Regular,R,Brian Mast,H6FL18097,11,2989235.97,3998823.63,3998823.63
H,FL,FL-22,2024,Regular,D,Lois Frankel,H2FL14053,11,1456906.55,1887170.43,1887170.43
H,FL,FL-22,2024,Regular,R,Dan Franzese,H2FL21108,11,1013461.55,1776993.98,1776993.98
H,FL,FL-23,2024,Regular,D,Jared Moskowitz,H2FL22171,11,1607377.34,2358065.32,2358065.32
H,FL,FL-23,2024,Regular,R,Joe Kaufman,H2FL20043,11,109687.53,166713.53,166713.53
H,FL,FL-24,2024,Regular,D,Frederica Wilson,H0FL17068,11,368244.74,488827.68,488827.68
H,FL,FL-24,2024,Regular,R,Jesus Gabriel Navarro,H4FL24058,6,12605.58,33224.76,33224.76
H,FL,FL-25,2024,Regular,D,Debbie Wasserman Schultz,H4FL20023,11,2384184.85,2896300.36,2896300.36
H,FL,FL-25,2024,Regular,R,Chris Eddy,H4FL25030,11,309145.50,416343.66,416343.66
H,FL,FL-26,2024,Regular,D,Joey Atkins,H4FL26103,4,36675.00,36675.00,36675.0
H,FL,FL-26,2024,Regular,R,Mario Diaz-Balart,H2FL25018,11,1911790.08,2363025.68,2363025.68
H,FL,FL-27,2024,Regular,D,Lucia Baez-Geller,H4FL27010,8,355055.87,654171.35,654171.35
H,FL,FL-27,2024,Regular,R,Maria Elvira Salazar,H8FL27185,11,2544368.35,3230463.98,3230463.98
H,FL,FL-28,2024,Regular,D,Phil Ehr,H4FL28042,9,1059292.32,1199607.63,1199607.63
H,FL,FL-28,2024,Regular,R,Carlos Gimenez,H0FL26036,11,892438.38,1127145.82,1127145.82
H,GA,GA-01,2024,Regular,D,Patti Hewitt,H4GA01153,9,31580.89,65790.26,65790.26
H,GA,GA-01,2024,Regular,R,Buddy Carter,H4GA01039,11,1928325.04,2597666.23,2597666.23
H,GA,GA-02,2024,Regular,D,Sanford Bishop,H2GA02031,11,1412866.66,1913894.21,1913894.21
H,GA,GA-02,2024,Regular,R,Wayne Johnson,H2GA02163,12,93679.00,599567.08,599567.08
H,GA,GA-03,2024,Regular,D,Maura Keller,H4GA03100,7,49458.19,148905.21,148905.21
H,GA,GA-03,2024,Regular,R,Brian Jack,H4GA03126,8,1768207.19,2296183.10,2296183.1
H,GA,GA-04,2024,Regular,D,Hank Johnson,H6GA04129,11,471821.78,669938.25,669938.25
H,GA,GA-04,2024,Regular,R,Eugene Yu,H4GA12051,11,44482.00,66585.15,66585.15
H,GA,GA-05,2024,Regular,D,Nikema Williams,H0GA05301,11,721053.98,1003637.94,1003637.94
H,GA,GA-06,2024,Regular,D,Lucy McBath,H8GA06393,11,1908259.09,2454303.29,2454303.29
H,GA,GA-06,2024,Regular,R,Jeff Criswell,H4GA07283,8,20896.44,28099.47,28099.47
H,GA,GA-07,2024,Regular,D,Bob Christian,H2GA06222,10,16437.76,37360.19,37360.19
H,GA,GA-07,2024,Regular,R,Richard McCormick,H0GA07273,13,1612548.96,2277571.82,2277571.82
H,GA,GA-08,2024,Regular,D,Darrius Butler,H2GA08095,8,11560.55,16292.11,16292.11
H,GA,GA-08,2024,Regular,R,Austin Scott,H0GA08099,11,915878.66,1239044.50,1239044.5
H,GA,GA-09,2024,Regular,D,Tambrei Cash,H4GA14040,9,42314.75,61660.34,61660.34
H,GA,GA-09,2024,Regular,R,Andrew Clyde,H0GA09246,11,392870.19,563056.10,563056.1
H,GA,GA-10,2024,Regular,D,Lexy Doherty,H4GA10113,7,55409.00,240455.79,240455.79
H,GA,GA-10,2024,Regular,R,Mike Collins,H4GA10071,11,1256030.63,1713411.61,1713411.61
H,GA,GA-11,2024,Regular,D,Kate L. Stamper,H4GA11137,0,,,24987.9
H,GA,GA-11,2024,Regular,R,Barry Loudermilk,H4GA11061,11,622000.24,861133.31,861133.31
H,GA,GA-12,2024,Regular,D,Liz Johnson,H0GA12059,16,11147.89,31475.66,31475.66
H,GA,GA-12,2024,Regular,R,Rick Allen,H2GA12121,11,960536.21,1224020.60,1224020.6
H,GA,GA-13,2024,Regular,D,David Scott,H2GA13012,11,1018645.31,1213689.84,1213689.84
H,GA,GA-14,2024,Regular,D,Shawn Harris,H4GA14057,10,597220.09,3529948.79,3529948.79
H,GA,GA-14,2024,Regular,R,Marjorie Taylor Greene,H0GA06192,11,6355251.80,8960241.51,8960241.51
H,HI,HI-01,2024,Regular,D,Ed Case,H2HI02128,11,506841.39,700463.15,700463.15
H,HI,HI-02,2024,Regular,D,Jill Tokuda,H2HI02581,11,703027.87,989460.69,989460.69
H,IA,IA-01,2024,Regular,D,Christina Bohannan,H2IA02111,11,3367674.72,6900996.18,6900996.18
H,IA,IA-01,2024,Regular,R,Mariannette Miller-Meeks,H8IA02043,11,3562753.21,5800753.74,5800753.74
H,IA,IA-03,2024,Regular,D,Lanon Baccam,H4IA03172,8,2712842.60,5610180.06,5610180.06
H,IA,IA-03,2024,Regular,R,Zach Nunn,H2IA03119,13,3955107.31,5809115.93,5809115.93
H,IA,IA-04,2024,Regular,D,Ryan Melton,H2IA04141,11,57162.23,153144.37,153144.37
H,IA,IA-04,2024,Regular,R,Randy Feenstra,H0IA04145,11,3703709.41,4301278.48,4301278.48
H,ID,ID-01,2024,Regular,D,Kaylee Peterson,H2ID01192,11,104623.31,190323.14,190323.14
H,ID,ID-01,2024,Regular,R,Russ Fulcher,H8ID01124,11,454815.30,637624.63,637624.63
H,ID,ID-02,2024,Regular,D,David Roth,H4ID02089,10,69835.00,104431.35,104431.35
H,ID,ID-02,2024,Regular,R,Michael Simpson,H8ID02064,11,1247032.64,1555834.51,1555834.51
H,IL,IL-01,2024,Regular,D,Jonathan Jackson,H2IL01349,11,458004.64,654094.58,654094.58
H,IL,IL-02,2024,Regular,D,Robin Kelly,H2IL02172,11,1485314.52,1923741.97,1923741.97
H,IL,IL-03,2024,Regular,D,Delia Ramirez,H2IL03162,11,815294.33,1131488.61,1131488.61
H,IL,IL-03,2024,Regular,R,John Booras,H4IL03101,3,0.00,38596.80,38596.8
H,IL,IL-04,2024,Regular,D,Chuy García,H8IL04134,11,703458.48,863042.92,863042.92
H,IL,IL-05,2024,Regular,D,Mike Quigley,H0IL05096,11,845564.60,1093681.39,1093681.39
H,IL,IL-05,2024,Regular,R,Tommy Hanson,H8IL05073,1,0.00,0.00,4990.1
H,IL,IL-06,2024,Regular,D,Sean Casten,H8IL06139,11,2429370.87,3128625.05,3128625.05
H,IL,IL-06,2024,Regular,R,Niki Conforti,H2IL06090,10,84771.00,155698.74,155698.74
H,IL,IL-07,2024,Regular,D,Danny Davis,H4IL07037,11,801843.17,948122.91,948122.91
H,IL,IL-08,2024,Regular,D,Raja Krishnamoorthi,H6IL08147,11,8440941.44,10897838.27,10897838.27
H,IL,IL-08,2024,Regular,R,Mark Rice,H4IL08159,8,242787.00,281464.08,281464.08
H,IL,IL-09,2024,Regular,D,Janice Schakowsky,H8IL09067,11,1333071.15,1557667.59,1557667.59
H,IL,IL-09,2024,Regular,R,Seth Alan Cohen,H4IL09090,5,5073.03,12108.78,12108.78
H,IL,IL-10,2024,Regular,D,Bradley Scott Schneider,H2IL10068,11,3072312.43,3855356.96,3855356.96
H,IL,IL-10,2024,Regular,R,Jim Carris,H4IL10098,9,485945.81,680779.30,680779.3
H,IL,IL-11,2024,Regular,D,Bill Foster,H8IL14067,11,2414723.02,3282466.22,3282466.22
H,IL,IL-11,2024,Regular,R,Jerry Evans,H0IL14213,9,449862.05,636765.02,636765.02
H,IL,IL-12,2024,Regular,R,Mike Bost,H4IL12060,11,2830337.78,3157655.80,3157655.8
H,IL,IL-13,2024,Regular,D,Nikki Budzinski,H2IL13153,11,3306724.31,4337253.92,4337253.92
H,IL,IL-13,2024,Regular,R,Joshua Loyd,H4IL13241,11,26800.03,90607.54,90607.54
H,IL,IL-14,2024,Regular,D,Lauren Underwood,H8IL14174,11,2996510.85,4158558.79,4158558.79
H,IL,IL-14,2024,Regular,R,Jim Marter,H8IL16153,11,180747.30,326753.53,326753.53
H,IL,IL-15,2024,Regular,R,Mary Miller,H0IL15129,11,1172808.03,1595994.35,1595994.35
H,IL,IL-16,2024,Regular,R,Darin LaHood,H6IL18088,11,3053903.92,3753031.58,3753031.58
H,IL,IL-17,2024,Regular,D,Eric Sorensen,H2IL17147,11,3555306.34,5046501.25,5046501.25
H,IL,IL-17,2024,Regular,R,Joe McGraw,H4IL17101,9,849256.64,1510548.90,1510548.9
H,IN,IN-01,2024,Regular,D,Frank Mrvan,H0IN01150,11,2298086.61,3196274.92,3196274.92
H,IN,IN-01,2024,Regular,R,Randy Niemeyer,H4IN01210,8,645359.41,1107288.15,1107288.15
H,IN,IN-02,2024,Regular,D,Lori Camp,H4IN02192,7,47721.48,130984.60,130984.6
H,IN,IN-02,2024,Regular,R,Rudy Yakym III,H2IN02295,11,2068157.50,3726754.51,3726754.51
H,IN,IN-03,2024,Regular,D,Kiley Adolph,H4IN03240,9,40454.00,47977.01,47977.01
H,IN,IN-03,2024,Regular,R,Marlin Stutzman,H0IN03198,0,,,1390134.47
H,IN,IN-04,2024,Regular,D,Derrick Holder,H4IN04255,3,1054.60,8116.13,8116.13
H,IN,IN-04,2024,Regular,R,James Baird,H8IN04199,11,475747.01,618942.74,618942.74
H,IN,IN-05,2024,Regular,D,Deborah Pickett,H4IN05286,7,18408.00,44921.88,44921.88
H,IN,IN-05,2024,Regular,R,Victoria Spartz,H0IN05326,11,1437987.12,1982203.38,1982203.38
H,IN,IN-06,2024,Regular,D,Cinde Wirth,H2IN06304,7,8486.04,27712.88,27712.88
H,IN,IN-06,2024,Regular,R,Jefferson Shreve,H4IN06185,7,5779058.13,6241636.66,6241636.66
H,IN,IN-07,2024,Regular,D,André Carson,H8IN07184,11,537777.08,834438.54,834438.54
H,IN,IN-07,2024,Regular,R,John Schmitz,H4IN07217,5,4210.25,78009.71,78009.71
H,IN,IN-08,2024,Regular,D,Erik Hurt,H4IN08231,3,0.00,23916.90,23916.9
H,IN,IN-08,2024,Regular,R,Mark Messmer,H4IN08249,7,1042177.53,1545283.84,1545283.84
H,IN,IN-09,2024,Regular,D,Tim Peck,H4IN09163,8,204295.38,362628.97,362628.97
H,IN,IN-09,2024,Regular,R,Erin Houchin,H6IN09143,11,1266779.92,1723766.00,1723766.0
H,KS,KS-01,2024,Regular,D,Paul Buskirk,H4KS01083,8,45480.00,63181.81,63181.81
H,KS,KS-01,2024,Regular,R,Tracey Mann,H0KS01123,11,1191644.73,1523582.68,1523582.68
H,KS,KS-02,2024,Regular,D,Nancy Boyda,H4KS02107,5,58563.36,245108.35,245108.35
H,KS,KS-02,2024,Regular,R,Derek Schmidt,H4KS02164,6,497129.15,1266628.17,1266628.17
H,KS,KS-03,2024,Regular,D,Sharice Davids,H8KS03155,11,4076983.82,5977870.92,5977870.92
H,KS,KS-03,2024,Regular,R,Prasanth Reddy,H4KS03212,10,1308990.73,1885375.41,1903036.3
H,KS,KS-04,2024,Regular,D,Esau Freeman,H2KS04099,8,52270.00,99784.32,99784.32
H,KS,KS-04,2024,Regular,R,Ron Estes,H8KS04112,11,1759441.55,2287999.66,2287999.66
H,KY,KY-01,2024,Regular,D,Erin Marshall,H4KY01081,7,99521.95,248478.33,248478.33
H,KY,KY-01,2024,Regular,R,James Comer,H6KY01110,11,6155626.92,7650141.57,7650141.57
H,KY,KY-02,2024,Regular,D,Hank Linderman,H8KY02080,11,16663.00,41067.58,41067.58
H,KY,KY-02,2024,Regular,R,Brett Guthrie,H8KY02031,11,2394606.49,3311518.53,3849228.99
H,KY,KY-03,2024,Regular,D,Morgan McGarvey,H2KY03206,11,1618545.83,2184235.62,2184235.62
H,KY,KY-03,2024,Regular,R,Mike Craven,H2KY06217,11,15532.96,31687.20,31687.2
H,KY,KY-04,2024,Regular,R,Thomas Massie,H2KY04121,11,1040599.72,1349141.60,1349141.6
H,KY,KY-05,2024,Regular,R,Harold Rogers,H0KY05015,11,855367.57,1063926.73,1063926.73
H,KY,KY-06,2024,Regular,D,Randy Cravens,H2KY06217,11,15532.96,31687.20,31687.2
H,KY,KY-06,2024,Regular,R,Andy Barr,H0KY06104,11,3515517.82,4973206.54,4973206.54
H,LA,LA-01,2024,Regular,D,Mel Manuel,H4LA01154,9,10367.00,74559.16,74559.16
H,LA,LA-01,2024,Regular,R,Steve Scalise,H0LA01087,10,10537675.15,14732239.34,14732239.34
H,LA,LA-02,2024,Regular,D,Troy Carter,H2LA02149,10,1165553.39,2042195.90,2042195.9
H,LA,LA-02,2024,Regular,R,Christy Lynch,H4LA02145,4,0.00,41708.99,41708.99
H,LA,LA-03,2024,Regular,R,Clay Higgins,H6LA03148,10,716155.13,1029946.49,1029946.49
H,LA,LA-04,2024,Regular,R,Mike Johnson,H6LA04138,10,13035759.87,19867069.39,19867069.39
H,LA,LA-05,2024,Regular,R,Julia Letlow,H2LA05126,10,1824395.38,2613337.93,2613337.93
H,LA,LA-06,2024,Regular,D,Cleo Fields,H4LA06211,6,689253.23,1245924.50,1245924.5
H,LA,LA-06,2024,Regular,R,Elbert Guillory,H4LA06229,4,0.00,192851.48,192851.48
H,MA,MA-01,2024,Regular,D,Richard Neal,H8MA02041,11,2444802.03,3285602.29,3285602.29
H,MA,MA-01,2024,Regular,R,Nadia Donya Milleron,H4MA01091,7,165536.68,354342.68,354342.68
H,MA,MA-02,2024,Regular,D,James McGovern,H4MA03022,11,900502.64,1097317.30,1097317.3
H,MA,MA-02,2024,Regular,R,Cornelius Shea,H4MA02065,2,0.00,2220.00,2220.0
H,MA,MA-03,2024,Regular,D,Lori Trahan,H8MA03106,11,1431469.70,1766479.20,1766479.2
H,MA,MA-04,2024,Regular,D,Jake Auchincloss,H0MA04192,11,2895159.94,3517184.83,3517184.83
H,MA,MA-05,2024,Regular,D,Katherine Clark,H4MA05084,11,4024872.47,4984888.62,4984888.62
H,MA,MA-06,2024,Regular,D,Seth Moulton,H4MA06090,11,1875000.11,2908225.26,2908225.26
H,MA,MA-07,2024,Regular,D,Ayanna Pressley,H8MA07032,11,1174052.85,1432055.24,1432055.24
H,MA,MA-08,2024,Regular,D,Stephen Lynch,H2MA09072,11,531317.97,710123.92,710123.92
H,MA,MA-08,2024,Regular,R,Robert Burke,H2MA08090,4,682.00,1147.10,1147.1
H,MA,MA-09,2024,Regular,D,William Keating,H0MA10082,11,535416.17,681883.89,681883.89
H,MD,MD-01,2024,Regular,D,Blane Miller,H8MD06143,0,,,0.0
H,MD,MD-01,2024,Regular,R,Andy Harris,H8MD01094,11,1008872.97,1361364.40,1361364.4
H,MD,MD-02,2024,Regular,D,"Johnny O Olszewski, Jr.",H4MD02232,7,1117104.12,1570997.00,1570997.0
H,MD,MD-02,2024,Regular,R,Kim Klacik,H0MD07197,11,86032.42,169860.63,169860.63
H,MD,MD-03,2024,Regular,D,Sarah Elfreth,H4MD03156,8,1830237.26,2276073.80,2276073.8
H,MD,MD-03,2024,Regular,R,Robert Steinberger,H4MD03271,7,33753.69,51442.69,51442.69
H,MD,MD-04,2024,Regular,D,Glenn Ivey,H2MD04232,0,,,944142.37
H,MD,MD-05,2024,Regular,D,Steny Hoyer,H2MD05155,11,1451235.67,1756898.25,1756898.25
H,MD,MD-05,2024,Regular,R,Michelle Talkington,H4MD05219,9,10197.61,21998.20,21998.2
H,MD,MD-06,2024,Regular,D,April McClain Delaney,H4MD06340,8,2974706.02,5943527.85,5943527.85
H,MD,MD-06,2024,Regular,R,Neil Parrott,H0MD06231,13,544967.57,1179938.64,1179938.64
H,MD,MD-07,2024,Regular,D,Kweisi Mfume,H6MD07020,11,335293.96,533861.78,533861.78
H,MD,MD-08,2024,Regular,D,Jamie Raskin,H6MD08457,11,3616675.27,4843711.39,4843711.39
H,MD,MD-08,2024,Regular,R,Cheryl Riley,H4MD08213,7,2183.26,13872.24,13872.24
H,ME,ME-01,2024,Regular,D,Chellie Pingree,H8ME01120,11,439863.95,670959.02,670959.02
H,ME,ME-01,2024,Regular,R,Ronald Russell,H4ME01160,8,67462.69,175939.22,175939.22
H,ME,ME-02,2024,Regular,D,Jared Golden,H8ME02185,11,4753698.46,7943838.27,7943838.27
H,ME,ME-02,2024,Regular,R,Austin Theriault,H4ME02291,8,1754306.62,3628072.48,3628072.48
H,MI,MI-01,2024,Regular,D,Callie Barr,H4MI01155,10,507922.41,1011922.71,1011922.71
H,MI,MI-01,2024,Regular,R,Jack Bergman,H6MI01226,11,1473502.39,2016388.02,2016388.02
H,MI,MI-02,2024,Regular,D,Michael Lynch,H4MI02138,1,435.00,435.00,19849.07
H,MI,MI-02,2024,Regular,R,John Moolenaar,H4MI04126,11,1729374.79,2135244.82,2135244.82
H,MI,MI-03,2024,Regular,D,Hillary Scholten,H0MI03316,11,3429432.33,5285875.86,5285875.86
H,MI,MI-03,2024,Regular,R,Paul Hudson,H4MI03268,9,630242.59,1201985.40,1201985.4
H,MI,MI-04,2024,Regular,D,Jessica Swartz,H4MI04159,9,585358.82,1166577.10,1166577.1
H,MI,MI-04,2024,Regular,R,Bill Huizenga,H0MI02094,11,2507682.09,3128825.74,3128825.74
H,MI,MI-05,2024,Regular,D,Libbi Urban,H4MI05164,7,39150.22,123982.76,123982.76
H,MI,MI-05,2024,Regular,R,Tim Walberg,H4MI07103,11,1189762.90,1597811.15,1597811.15
H,MI,MI-06,2024,Regular,D,Debbie Dingell,H4MI12079,11,1112830.27,1600750.13,1600750.13
H,MI,MI-06,2024,Regular,R,Heather Smiley,H4MI06154,6,3135.60,3435.60,3435.6
H,MI,MI-07,2024,Regular,D,Curtis Hertel,H4MI07210,9,4230425.41,7656059.90,7656059.9
H,MI,MI-07,2024,Regular,R,Tom Barrett,H2MI07123,13,2818295.24,5103613.26,5103613.26
H,MI,MI-08,2024,Regular,D,Kristen McDonald Rivet,H4MI08218,7,1686641.10,6067031.69,6067031.69
H,MI,MI-08,2024,Regular,R,Paul Junge,H0MI08141,15,2137149.29,5910346.81,5984458.77
H,MI,MI-09,2024,Regular,D,Clinton St. Mosley,H4MI09125,7,24045.34,113478.38,113478.38
H,MI,MI-09,2024,Regular,R,Lisa McClain,H0MI10287,11,1211408.55,1968688.95,1968688.95
H,MI,MI-10,2024,Regular,D,Carl Marlinga,H2MI10176,11,627493.95,2954055.05,2954055.05
H,MI,MI-10,2024,Regular,R,John James,H2MI10150,13,6204175.68,9546139.34,9546139.34
H,MI,MI-11,2024,Regular,D,Haley Stevens,H8MI11254,11,1929906.03,2662469.11,2662469.11
H,MI,MI-11,2024,Regular,R,Nick Somberg,H4MI11113,6,29055.94,68845.76,68845.76
H,MI,MI-12,2024,Regular,D,Rashida Tlaib,H8MI13250,11,7293031.69,8473097.48,8473097.48
H,MI,MI-12,2024,Regular,R,James Hooper,H2MI12198,11,175.00,13451.35,13451.35
H,MI,MI-13,2024,Regular,D,Shri Thanedar,H2MI13204,11,6939651.47,9660670.47,9660670.47
H,MI,MI-13,2024,Regular,R,Martell Bivings,H2MI13360,11,23309.41,66831.09,66831.09
H,MN,MN-01,2024,Regular,D,Rachel Bohman,H4MN01179,7,219153.96,413540.87,413540.87
H,MN,MN-01,2024,Regular,R,Brad Finstad,H2MN01223,11,1506257.61,1975242.85,1975242.85
H,MN,MN-02,2024,Regular,D,Angie Craig,H6MN02131,11,6118696.99,8288031.44,8288031.44
H,MN,MN-02,2024,Regular,R,Joe Teirab,H4MN02177,8,1726973.42,3304665.91,3304665.91
H,MN,MN-03,2024,Regular,D,Kelly Morrison,H4MN03118,8,1362002.33,2263653.66,2263653.66
H,MN,MN-03,2024,Regular,R,Tad Jude,H0MN06051,7,162613.52,380144.48,380144.48
H,MN,MN-04,2024,Regular,D,Betty McCollum,H0MN04049,11,1364867.10,1789789.09,1789789.09
H,MN,MN-04,2024,Regular,R,May Lor Xiong,H4MN04157,7,53349.08,95138.59,95138.59
H,MN,MN-05,2024,Regular,D,Ilhan Omar,H8MN05239,11,6788330.70,8335875.08,8335875.08
H,MN,MN-05,2024,Regular,R,Dalia Al-Aqidi,H0MN05251,9,1288798.56,2270918.50,2270918.5
H,MN,MN-06,2024,Regular,D,Jeanne Hendricks,H2MN06214,6,27612.14,77197.18,81016.38
H,MN,MN-06,2024,Regular,R,Tom Emmer,H4MN06087,11,6759476.38,8158685.41,8158685.41
H,MN,MN-07,2024,Regular,D,John Peters,H4MN07093,4,14876.00,17603.68,17603.68
H,MN,MN-07,2024,Regular,R,Michelle Fischbach,H0MN07091,11,1553943.33,2016031.04,2016031.04
H,MN,MN-08,2024,Regular,D,Jen Schultz,H2MN08152,11,758238.16,1255402.35,1255402.35
H,MN,MN-08,2024,Regular,R,Pete Stauber,H8MN08043,11,1658385.39,2276284.45,2276284.45
H,MO,MO-01,2024,Regular,D,Wesley Bell,H4MO01134,10,4777037.98,5386197.60,5386197.6
H,MO,MO-01,2024,Regular,R,Andrew Jones,H4MO01142,7,12207.98,16076.14,16076.14
H,MO,MO-02,2024,Regular,D,Ray Hartmann,H4MO02082,7,241678.16,710024.93,710024.93
H,MO,MO-02,2024,Regular,R,Ann Wagner,H2MO02102,11,3163310.60,4328377.17,4328377.17
H,MO,MO-03,2024,Regular,D,Bethany Mann,H2MO03167,11,4569.20,38121.42,38121.42
H,MO,MO-03,2024,Regular,R,Bob Onder,H4MO03221,7,1155303.03,1778242.31,1778242.31
H,MO,MO-04,2024,Regular,D,Jeanette Cass,H4MO04187,4,2596.00,5858.60,5858.6
H,MO,MO-04,2024,Regular,R,Mark Alford,H2MO04207,11,1042492.81,1304136.40,1304136.4
H,MO,MO-05,2024,Regular,D,Emanuel Cleaver,H4MO05234,11,937037.86,1385775.60,1385775.6
H,MO,MO-05,2024,Regular,R,Sean Smith,H4MO05366,8,135373.40,167517.17,167517.17
H,MO,MO-06,2024,Regular,D,Pam May,H4MO06125,4,0.00,19086.67,19086.67
H,MO,MO-06,2024,Regular,R,Sam Graves,H0MO06073,11,2348936.46,2787183.53,2787183.53
H,MO,MO-07,2024,Regular,D,Missi Hesketh,H4MO07156,0,,,47168.78
H,MO,MO-07,2024,Regular,R,Eric Burlison,H2MO07143,11,560735.58,923026.09,923026.09
H,MO,MO-08,2024,Regular,D,Randi McCallian,H2MO08091,11,31771.20,52669.25,52669.25
H,MO,MO-08,2024,Regular,R,Jason Smith,H4MO08162,11,5216080.42,6549798.75,6549798.75
H,MS,MS-01,2024,Regular,D,Dianne Dodson Black,H2MS01148,3,7635.51,9759.90,9759.9
H,MS,MS-01,2024,Regular,R,Trent Kelly,H6MS01131,11,971531.28,1281874.14,1281874.14
H,MS,MS-02,2024,Regular,D,Bennie Thompson,H4MS02068,11,786264.38,1245200.98,1245200.98
H,MS,MS-02,2024,Regular,R,Ron Eller,H2MS02203,12,14594.12,160676.12,160676.12
H,MS,MS-03,2024,Regular,R,Michael Guest,H8MS03125,11,646530.88,925968.20,925968.2
H,MS,MS-04,2024,Regular,R,Mike Ezell,H2MS04258,11,988708.63,1227959.76,1227959.76
H,MT,MT-01,2024,Regular,D,Monica Tranel,H2MT02092,9,3103102.64,6214280.30,6225655.3
H,MT,MT-01,2024,Regular,R,Ryan Zinke,H4MT01041,13,6795218.18,10117220.53,10117220.53
H,MT,MT-02,2024,Regular,R,Troy Downing,H4MT02098,8,2107242.87,2943575.08,2943575.08
H,NC,NC-01,2024,Regular,D,Don Davis,H2NC02287,11,3165599.30,6061265.18,6061265.18
H,NC,NC-01,2024,Regular,R,Laurie Buckhout,H4NC01137,10,2603879.64,4787602.52,4795621.51
H,NC,NC-02,2024,Regular,D,Deborah Ross,H0NC02125,11,1472716.81,1930246.07,1930246.07
H,NC,NC-02,2024,Regular,R,Alan Swain,H0NC02158,11,14547.00,33206.00,33206.0
H,NC,NC-03,2024,Regular,R,Gregory Murphy,H0NC03172,11,1446762.36,1939613.96,1939613.96
H,NC,NC-04,2024,Regular,D,Valerie Foushee,H2NC06114,11,514994.80,695097.87,695097.87
H,NC,NC-05,2024,Regular,D,Chuck Hubbard,H4NC05294,10,277409.40,416650.34,416650.34
H,NC,NC-05,2024,Regular,R,Virginia Foxx,H4NC05146,11,1808830.61,2376260.80,2376260.8
H,NC,NC-06,2024,Regular,R,Addison McDowell,H4NC06177,8,622679.08,933322.68,933322.68
H,NC,NC-07,2024,Regular,R,David Rouzer,H2NC07096,11,1388020.23,1784469.61,1784469.61
H,NC,NC-08,2024,Regular,R,Mark Harris,H4NC08066,9,663242.25,837984.14,837984.14
H,NC,NC-09,2024,Regular,D,Nigel William Bristow,H4NC09171,6,11005.44,31339.93,31339.93
H,NC,NC-09,2024,Regular,R,Richard Hudson,H2NC08185,11,3140426.34,3952795.91,3952795.91
H,NC,NC-10,2024,Regular,R,Pat Harrigan,H2NC13243,11,1294752.13,1915655.19,1915655.19
H,NC,NC-11,2024,Regular,D,Caleb Rudow,H4NC11102,8,329597.29,645960.29,645960.29
H,NC,NC-11,2024,Regular,R,Chuck Edwards,H2NC14050,11,1141868.63,1442893.38,1442893.38
H,NC,NC-12,2024,Regular,D,Alma Adams,H4NC12100,11,484839.64,715498.20,715498.2
H,NC,NC-12,2024,Regular,R,Addul Ali,H4NC12175,7,26434.74,48917.57,48917.57
H,NC,NC-13,2024,Regular,D,Frank Pierce,H4NC13157,7,12515.78,37167.56,37167.56
H,NC,NC-13,2024,Regular,R,Brad Knott,H4NC13116,9,2018766.24,2473895.81,2473895.81
H,NC,NC-14,2024,Regular,D,Pam Genant,H4NC14023,7,35712.38,50829.38,50829.38
H,NC,NC-14,2024,Regular,R,Tim Moore,H4NC14015,8,1906529.73,2399255.27,2399255.27
H,ND,ND-01,2024,Regular,D,Trygve Hammer,H4ND01044,7,560154.17,1174195.59,1174195.59
H,ND,ND-01,2024,Regular,R,Julie Fedorchak,H4ND00061,7,1388553.36,1979067.01,1979067.01
H,NE,NE-01,2024,Regular,D,Carol Blood,H4NE01189,7,58621.54,129104.43,129104.43
H,NE,NE-01,2024,Regular,R,Mike Flood,H2NE01118,11,1558914.89,2005390.45,2005390.45
H,NE,NE-02,2024,Regular,D,Tony Vargas,H2NE02132,11,3571303.95,7515611.35,7515611.35
H,NE,NE-02,2024,Regular,R,Don Bacon,H6NE02125,11,4343930.66,6358739.35,6358739.35
H,NE,NE-03,2024,Regular,R,Adrian Smith,H6NE03115,11,1532083.11,1996681.41,1996681.41
H,NH,NH-01,2024,Regular,D,Chris Pappas,H8NH01210,11,3100808.44,4069100.41,4069100.41
H,NH,NH-01,2024,Regular,R,Russell Prescott,H2NH01304,12,938643.20,1372873.19,1505457.35
H,NH,NH-02,2024,Regular,D,Maggie Goodlander,H4NH02399,6,2376405.92,4358978.46,4358978.46
H,NH,NH-02,2024,Regular,R,Lily Tang Williams,H2NH02260,11,349199.51,881771.24,881771.24
H,NJ,NJ-01,2024,Regular,D,Donald Norcross,H4NJ01084,11,1729455.06,2200275.83,2200275.83
H,NJ,NJ-01,2024,Regular,R,Teddy Liddell,H4NJ01209,7,6610.50,27218.05,27218.05
H,NJ,NJ-02,2024,Regular,D,Joseph Salerno,H4NJ02207,10,1015695.55,1742454.22,1742454.22
H,NJ,NJ-02,2024,Regular,R,Jefferson Van Drew,H8NJ02166,11,2548825.78,3233277.47,3233277.47
H,NJ,NJ-03,2024,Regular,D,Herb Conaway,H4NJ03080,8,748301.17,1353247.91,1353247.91
H,NJ,NJ-03,2024,Regular,R,Rajesh Mohan,H4NJ03239,7,307679.28,422972.73,422972.73
H,NJ,NJ-04,2024,Regular,D,Matthew Jenkins,H2NJ04215,11,16341.39,44774.79,44774.79
H,NJ,NJ-04,2024,Regular,R,Christopher Smith,H8NJ04014,11,618363.28,838736.82,838736.82
H,NJ,NJ-05,2024,Regular,D,Josh Gottheimer,H6NJ05171,11,7999956.54,10246423.95,10246423.95
H,NJ,NJ-05,2024,Regular,R,Mary Jo Guinchard,H4NJ05150,7,119195.53,330121.09,330121.09
H,NJ,NJ-06,2024,Regular,D,Frank Pallone,H8NJ03073,11,2464644.24,3462887.15,3462887.15
H,NJ,NJ-06,2024,Regular,R,Scott Fegler,H4NJ06133,6,52235.71,109023.45,109023.45
H,NJ,NJ-07,2024,Regular,D,Sue Altman,H4NJ07107,10,3038318.46,6252517.05,6252517.05
H,NJ,NJ-07,2024,Regular,R,Thomas Kean,H0NJ07261,13,4230089.13,6023132.92,6023132.92
H,NJ,NJ-08,2024,Regular,D,Robert Menendez,H2NJ08232,11,2049730.07,2384982.94,2384982.94
H,NJ,NJ-08,2024,Regular,R,Anthony Valdes,H4NJ08121,4,0.00,7559.58,7559.58
H,NJ,NJ-09,2024,Regular,D,Nellie Pou,H4NJ09194,4,0.00,642843.46,642843.46
H,NJ,NJ-09,2024,Regular,R,Billy Prempeh,H0NJ09200,11,16082.76,49755.61,49755.61
H,NJ,NJ-10,2024,Regular,D,LaMonica McIver,H4NJ10176,7,382049.29,647863.29,647863.29
H,NJ,NJ-10,2024,Regular,R,Carmen Bucco,H4NJ10135,8,18438.43,20817.07,20817.07
H,NJ,NJ-11,2024,Regular,D,Mikie Sherrill,H8NJ11142,11,3245405.34,4557540.15,4557540.15
H,NJ,NJ-11,2024,Regular,R,Joseph Belnome,H4NJ11141,7,187169.41,235275.80,235275.8
H,NJ,NJ-12,2024,Regular,D,Bonnie Watson Coleman,H4NJ12149,11,738359.80,955739.86,955739.86
H,NJ,NJ-12,2024,Regular,R,Darius Mayfield,H2NJ12127,11,43437.68,71530.15,71530.15
H,NM,NM-01,2024,Regular,D,Melanie Stansbury,H2NM01144,11,967614.59,1353281.00,1353281.0
H,NM,NM-01,2024,Regular,R,Steve Jones,H4NM01140,7,94186.46,216986.63,216986.63
H,NM,NM-02,2024,Regular,D,Gabe Vasquez,H2NM02191,11,3992448.38,7040626.00,7040626.0
H,NM,NM-02,2024,Regular,R,Yvette Herrell,H8NM02156,11,2415943.89,4475628.35,4475628.35
H,NM,NM-03,2024,Regular,D,Teresa Leger Fernandez,H0NM03102,11,1611452.56,2123599.55,2123599.55
H,NM,NM-03,2024,Regular,R,Sharon Clahchischilliage,H4NM03096,9,50274.16,87912.28,87912.28
H,NV,NV-01,2024,Regular,D,Dina Titus,H8NV03036,11,1561805.95,2436548.88,2436548.88
H,NV,NV-01,2024,Regular,R,Mark Robertson,H2NV03153,13,151893.12,401643.87,401643.87
H,NV,NV-02,2024,Regular,D,Greg Kidd,H4NV02185,7,1500261.36,9201825.03,9201825.03
H,NV,NV-02,2024,Regular,R,Mark Amodei,H2NV02395,11,817578.99,1297832.06,1297832.06
H,NV,NV-03,2024,Regular,D,Susie Lee,H6NV04020,11,4224046.44,6071959.21,6071959.21
H,NV,NV-03,2024,Regular,R,Drew Johnson,H4NV03167,14,538990.62,1442353.88,1506098.9
H,NV,NV-04,2024,Regular,D,Steven Horsford,H2NV04011,11,3996461.10,5441412.69,5441412.69
H,NV,NV-04,2024,Regular,R,John Lee,H4NV04116,8,919686.03,1677950.55,1677950.55
H,NY,NY-01,2024,Regular,D,John Avlon,H4NY01204,7,2281680.87,5298299.52,5298299.52
H,NY,NY-01,2024,Regular,R,Nick LaLota,H2NY01190,13,2969961.48,4271171.67,4271171.67
H,NY,NY-02,2024,Regular,D,Rob Lubin,H4NY02087,10,904246.47,1036037.90,1036037.9
H,NY,NY-02,2024,Regular,R,Andrew Garbarino,H0NY02234,11,2925368.73,3863201.83,3863201.83
H,NY,NY-03,2024,Regular,D,Thomas Suozzi,H6NY03247,12,7815841.39,9646883.39,9646883.39
H,NY,NY-03,2024,Regular,R,Michael LiPetri,H0NY02267,11,359402.09,970547.97,970547.97
H,NY,NY-04,2024,Regular,D,Laura Gillen,H2NY04244,1,4.89,4.89,4.89
H,NY,NY-04,2024,Regular,R,Anthony D'Esposito,H2NY04277,13,3257096.87,4644841.34,4644841.34
H,NY,NY-05,2024,Regular,D,Gregory Meeks,H8NY06048,13,2492136.95,3048026.76,3048026.76
H,NY,NY-05,2024,Regular,R,Paul King,H2NY05126,6,29517.29,48325.36,48325.36
H,NY,NY-06,2024,Regular,D,Grace Meng,H2NY06116,11,1500110.50,2097459.33,2097459.33
H,NY,NY-06,2024,Regular,R,Thomas Zmich,H0NY06086,11,5827.63,7250.99,7250.99
H,NY,NY-07,2024,Regular,D,Nydia Velázquez,H2NY00010,11,399214.10,472587.10,472587.1
H,NY,NY-07,2024,Regular,R,Bill Kregler,H4NY07128,5,11179.77,18245.55,18245.55
H,NY,NY-08,2024,Regular,D,Hakeem Jeffries,H2NY10092,11,17749729.54,22977197.34,22977197.34
H,NY,NY-09,2024,Regular,D,Yvette Clarke,H4NY11138,11,669172.96,1108983.72,1108983.72
H,NY,NY-10,2024,Regular,D,Daniel Goldman,H2NY10308,11,3211852.39,3659240.76,3659240.76
H,NY,NY-10,2024,Regular,R,Alexander Dodenhoff,H4NY10155,1,0.00,7331.71,7331.71
H,NY,NY-11,2024,Regular,D,Andrea Morse,H4NY11211,7,149993.71,273868.12,273868.12
H,NY,NY-11,2024,Regular,R,Nicole Malliotakis,H0NY11078,11,2444397.75,3371724.78,3371724.78
H,NY,NY-12,2024,Regular,D,Jerrold Nadler,H2NY17071,11,934771.81,1189675.18,1189675.18
H,NY,NY-12,2024,Regular,R,Michael Zumbluskas,H2NY12221,7,0.00,0.00,0.0
H,NY,NY-13,2024,Regular,D,Adriano Espaillat,H2NY13096,12,1075245.39,1373169.59,1373169.59
H,NY,NY-14,2024,Regular,D,Alexandria Ocasio-Cortez,H8NY15148,11,8979437.76,15299235.57,15299235.57
H,NY,NY-14,2024,Regular,R,Tina Forte,H2NY14128,11,939120.22,1922536.14,1922536.14
H,NY,NY-15,2024,Regular,D,Ritchie Torres,H0NY15160,11,7293580.62,9208382.46,9208382.46
H,NY,NY-16,2024,Regular,D,George Latimer,H4NY16087,8,6432519.18,6679191.82,6679191.82
H,NY,NY-16,2024,Regular,R,Miriam Levitt Flisser,H2NY16115,9,12614.00,23883.42,23883.42
H,NY,NY-17,2024,Regular,D,Mondaire Jones,H0NY17174,11,5540543.21,9960888.75,9960888.75
H,NY,NY-17,2024,Regular,R,Michael Lawler,H2NY17162,13,5736579.61,8387801.92,8387801.92
H,NY,NY-18,2024,Regular,D,Patrick Ryan,H8NY19223,11,5284804.89,8143126.11,8143126.11
H,NY,NY-18,2024,Regular,R,Alison Esposito,H4NY18117,10,1306819.84,2402358.74,2435666.01
H,NY,NY-19,2024,Regular,D,Josh Riley,H8NY22177,11,5273860.88,9848776.11,9848776.11
H,NY,NY-19,2024,Regular,R,Marcus Molinaro,H2NY19127,13,3644171.72,5570305.64,5570305.64
H,NY,NY-20,2024,Regular,D,Paul Tonko,H8NY21203,11,1151619.32,1547112.87,1547112.87
H,NY,NY-21,2024,Regular,D,Paula Collins,H4NY21145,7,74316.10,149173.87,149173.87
H,NY,NY-21,2024,Regular,R,Elise Stefanik,H4NY21079,11,10826790.11,15467577.50,15467577.5
H,NY,NY-22,2024,Regular,D,John Mannion,H4NY22085,9,1221854.51,4161857.47,4161857.47
H,NY,NY-22,2024,Regular,R,Brandon Williams,H2NY22212,13,2732998.70,4190242.60,4190242.6
H,NY,NY-23,2024,Regular,D,Thomas Carle,H4NY23075,4,0.00,16721.58,32743.03
H,NY,NY-23,2024,Regular,R,Nicholas Langworthy,H2NY23228,11,1423535.13,1931075.63,1931075.63
H,NY,NY-24,2024,Regular,D,David Wagenhauser,H4NY24131,8,31634.60,97274.05,97274.05
H,NY,NY-24,2024,Regular,R,Claudia Tenney,H4NY22051,13,2245601.94,2995402.57,2995402.57
H,NY,NY-25,2024,Regular,D,Joseph Morelle,H8NY25105,11,1627834.81,2154064.87,2154064.87
H,NY,NY-25,2024,Regular,R,Gregg Sadwick,H4NY25054,5,256955.87,647600.21,647600.21
H,NY,NY-26,2024,Regular,D,Timothy Kennedy,H4NY26078,9,2252128.59,2664314.25,2664314.25
H,OH,OH-01,2024,Regular,D,Greg Landsman,H2OH01194,11,2601642.98,3719975.07,3719975.07
H,OH,OH-02,2024,Regular,D,Samantha Meadows,H2OH02127,11,48833.52,160265.99,160265.99
H,OH,OH-02,2024,Regular,R,David Taylor,H4OH02248,8,2018090.42,2299491.25,2299491.25
H,OH,OH-03,2024,Regular,D,Joyce Beatty,H2OH03125,11,1378512.32,1820579.91,1820579.91
H,OH,OH-03,2024,Regular,R,Michael Young,H4OH03113,0,,,0.0
H,OH,OH-04,2024,Regular,D,Tamie Wilson,H2OH04164,11,847047.11,2376890.57,2376890.57
H,OH,OH-04,2024,Regular,R,Jim Jordan,H6OH04082,11,10612863.71,13427350.75,13427350.75
H,OH,OH-05,2024,Regular,D,Keith Mundy,H6OH16136,5,2943.00,13584.21,13584.21
H,OH,OH-05,2024,Regular,R,Robert Latta,H8OH05036,11,1378214.47,1998121.54,1998121.54
H,OH,OH-06,2024,Regular,D,Michael Kripchak,H4OH06231,7,36655.65,79013.20,79013.2
H,OH,OH-06,2024,Regular,R,Michael Rulli,H4OH06165,9,750425.41,1154951.89,1154951.89
H,OH,OH-07,2024,Regular,D,Matt Diemer,H2OH16044,6,42460.99,86340.29,86340.29
H,OH,OH-07,2024,Regular,R,Max Miller,H2OH16051,11,1700712.28,1989521.73,1989521.73
H,OH,OH-08,2024,Regular,D,Vanessa Enoch,H8OH08097,4,0.00,0.00,0.0
H,OH,OH-08,2024,Regular,R,Warren Davidson,H6OH08315,11,942046.26,1152789.42,1152789.42
H,OH,OH-09,2024,Regular,D,Marcy Kaptur,H2OH09031,11,2955926.38,5063732.53,5063732.53
H,OH,OH-09,2024,Regular,R,Derek Merrin,H4OH09169,7,668999.17,1722804.22,1722804.22
H,OH,OH-10,2024,Regular,D,Amy Cox,H4OH10183,9,97381.63,205053.90,205053.9
H,OH,OH-10,2024,Regular,R,Mike Turner,H2OH03067,11,973774.17,1252813.43,1252813.43
H,OH,OH-11,2024,Regular,D,Shontel Brown,H2OH11169,11,1060299.16,1418292.05,1418292.05
H,OH,OH-11,2024,Regular,R,Alan Rapoport,H4OH11108,7,19832.73,84766.11,84766.11
H,OH,OH-12,2024,Regular,D,Jerrad Christian,H4OH12080,8,155363.52,341998.25,341998.25
H,OH,OH-12,2024,Regular,R,Troy Balderson,H8OH12180,11,1609936.68,2127294.14,2127294.14
H,OH,OH-13,2024,Regular,D,Emilia Strong Sykes,H2OH13264,11,3422737.77,5332291.25,5332291.25
H,OH,OH-13,2024,Regular,R,Kevin Coughlin,H4OH13153,16,856662.83,1654588.46,1662607.45
H,OH,OH-14,2024,Regular,R,David Joyce,H2OH14064,11,1958337.41,2505522.54,2505522.54
H,OH,OH-15,2024,Regular,D,Adam Miller,H4OH15083,8,238561.01,476225.28,476225.28
H,OH,OH-15,2024,Regular,R,Mike Carey,H2OH15228,11,1947667.93,2699201.24,2699201.24
H,OK,OK-01,2024,Regular,D,Dennis Baker,H4OK01107,10,111107.20,379929.06,379929.06
H,OK,OK-01,2024,Regular,R,Kevin Hern,H8OK01157,11,2034195.05,2709539.40,2709539.4
H,OK,OK-02,2024,Regular,D,Brandon Wade,H4OK02196,8,3781.40,12959.33,12959.33
H,OK,OK-02,2024,Regular,R,Josh Brecheen,H2OK02315,11,236009.18,335485.47,335485.47
H,OK,OK-03,2024,Regular,R,Frank Lucas,H4OK06056,11,1384022.13,1725662.38,1725662.38
H,OK,OK-04,2024,Regular,D,Mary Brannon,H8OK04094,0,,,0.0
H,OK,OK-04,2024,Regular,R,Tom Cole,H2OK04055,11,4445303.93,5588752.02,5588752.02
H,OK,OK-05,2024,Regular,D,Madison Horn,H4OK05199,10,354688.20,591403.83,591403.83
H,OK,OK-05,2024,Regular,R,Stephanie Bice,H0OK05205,11,1594974.21,2112846.41,2112846.41
H,OR,OR-01,2024,Regular,D,Suzanne Bonamici,H2OR01133,11,693865.32,936780.90,936780.9
H,OR,OR-02,2024,Regular,D,Dan Ruby,H4OR02236,5,1590.00,28220.71,28220.71
H,OR,OR-02,2024,Regular,R,Cliff Bentz,H0OR02127,11,888365.12,1133834.48,1133834.48
H,OR,OR-03,2024,Regular,D,Maxine Dexter,H4OR03192,8,1481324.09,1818244.55,1818244.55
H,OR,OR-03,2024,Regular,R,Joanna Harbour,H0OR03174,10,16684.54,20339.54,20339.54
H,OR,OR-04,2024,Regular,D,Val Hoyle,H2OR04095,11,1599344.44,2665016.82,2665016.82
H,OR,OR-04,2024,Regular,R,Monique DeSpain,H4OR04125,8,503756.89,908908.33,908908.33
H,OR,OR-05,2024,Regular,D,Janelle Bynum,H4OR05304,10,2445768.96,7524631.65,7524631.65
H,OR,OR-05,2024,Regular,R,Lori Chavez-DeRemer,H2OR05209,13,4071366.31,6092658.62,6092658.62
H,OR,OR-06,2024,Regular,D,Andrea Salinas,H2OR06066,11,3223747.03,5395319.72,5395319.72
H,OR,OR-06,2024,Regular,R,Mike Erickson,H2OR06124,13,293835.88,1190896.82,1190896.82
H,PA,PA-01,2024,Regular,D,Ashley Ehasz,H2PA01099,10,2144767.74,3961549.18,3961549.18
H,PA,PA-01,2024,Regular,R,Brian Fitzpatrick,H6PA08277,10,5037243.42,6439520.45,6439520.45
H,PA,PA-02,2024,Regular,D,Brendan Boyle,H4PA13199,10,1848485.41,2337216.44,2337216.44
H,PA,PA-02,2024,Regular,R,Aaron Bashir,H4PA02069,4,0.00,23945.48,23945.48
H,PA,PA-03,2024,Regular,D,Dwight Evans,H6PA02171,10,813004.77,976087.83,976087.83
H,PA,PA-04,2024,Regular,D,Madeleine Dean,H8PA04116,10,1270530.59,1752523.60,1752523.6
H,PA,PA-04,2024,Regular,R,David Winkler,H4PA04107,6,40055.10,73455.10,73455.1
H,PA,PA-05,2024,Regular,D,Mary Gay Scanlon,H8PA07200,10,1131403.15,1532211.38,1532211.38
H,PA,PA-06,2024,Regular,D,Chrissy Houlahan,H8PA06087,10,1849052.41,2502687.77,2502687.77
H,PA,PA-06,2024,Regular,R,Neil Young,H4PA06060,6,9688.51,41394.32,41394.32
H,PA,PA-07,2024,Regular,D,Susan Wild,H8PA15229,10,5065332.54,8960927.65,8960927.65
H,PA,PA-07,2024,Regular,R,Ryan Mackenzie,H8PA15195,14,706907.48,1778490.49,1818407.11
H,PA,PA-08,2024,Regular,D,Matt Cartwright,H2PA17079,10,5655991.26,8650657.78,8650657.78
H,PA,PA-08,2024,Regular,R,Rob Bresnahan,H4PA08124,7,2561590.95,4540166.17,4540166.17
H,PA,PA-09,2024,Regular,D,Amanda Waldman,H2PA09126,9,2424.18,16955.90,16955.9
H,PA,PA-09,2024,Regular,R,Daniel Meuser,H8PA10147,10,1255987.73,1816497.44,1816497.44
H,PA,PA-10,2024,Regular,D,Janelle Stelson,H4PA10104,7,1916326.31,6521826.18,6521826.18
H,PA,PA-10,2024,Regular,R,Scott Perry,H2PA04135,10,2692690.30,4528660.87,4528660.87
H,PA,PA-11,2024,Regular,D,Jim Atkinson,H4PA11094,6,8466.80,20553.49,20553.49
H,PA,PA-11,2024,Regular,R,Lloyd Smucker,H6PA16320,10,1372075.90,1827917.74,1827917.74
H,PA,PA-12,2024,Regular,D,Summer Lee,H2PA18200,10,2695289.50,2959031.02,2959031.02
H,PA,PA-12,2024,Regular,R,James Hayes,H4PA12068,9,85846.46,136244.75,136244.75
H,PA,PA-13,2024,Regular,D,Beth Farnham,H4PA13298,6,24027.83,65574.82,65574.82
H,PA,PA-13,2024,Regular,R,John Joyce,H8PA13125,10,1786992.72,2258417.80,2258417.8
H,PA,PA-14,2024,Regular,D,Chris Dziados,H4PA14106,6,89107.56,283275.01,283275.01
H,PA,PA-14,2024,Regular,R,Guy Reschenthaler,H8PA18199,10,2619183.82,4357253.46,4357253.46
H,PA,PA-15,2024,Regular,D,Zach Womer,H4PA15152,5,42921.61,140130.36,140130.36
H,PA,PA-15,2024,Regular,R,Glenn Thompson,H8PA05071,10,2334055.42,2857767.11,2857767.11
H,PA,PA-16,2024,Regular,D,Preston Nouri,H4PA16093,9,411927.74,784759.40,784759.4
H,PA,PA-16,2024,Regular,R,Mike Kelly,H0PA03271,10,1178174.51,1670916.24,1670916.24
H,PA,PA-17,2024,Regular,D,Christopher Deluzio,H2PA17103,10,2990955.25,5064885.70,5064885.7
H,PA,PA-17,2024,Regular,R,Rob Mercuri,H4PA17166,8,1095445.25,1802095.10,1802095.1
H,RI,RI-01,2024,Regular,D,Gabe Amo,H4RI01265,13,2145419.98,2575711.85,2575711.85
H,RI,RI-01,2024,Regular,R,Allen Rodney Waters,H2RI01202,10,18412.00,21583.00,21583.0
H,RI,RI-02,2024,Regular,D,Seth Magaziner,H2RI02184,11,1660247.01,2040391.32,2040391.32
H,RI,RI-02,2024,Regular,R,Stephen Joseph Corvi,H4RI02115,4,0.00,5619.55,5619.55
H,SC,SC-01,2024,Regular,D,Michael Moore,H4SC01297,11,757277.61,1094452.80,1094452.8
H,SC,SC-01,2024,Regular,R,Nancy Mace,H0SC01394,11,2458974.69,3481911.88,3481911.88
H,SC,SC-02,2024,Regular,D,David Robinson,H4SC02089,7,4934.00,13806.70,13806.7
H,SC,SC-02,2024,Regular,R,Joe Wilson,H2SC02059,11,687990.53,880967.81,880967.81
H,SC,SC-03,2024,Regular,D,Bryon Best,H4SC03244,2,0.00,46624.47,46624.47
H,SC,SC-03,2024,Regular,R,Sheri Biggs,H4SC01313,8,736967.57,1076795.61,1076795.61
H,SC,SC-04,2024,Regular,D,Kathryn Harvey,H4SC04101,7,176271.08,520486.15,520486.15
H,SC,SC-04,2024,Regular,R,William Timmons,H8SC04250,11,2164680.54,2312884.39,2312884.39
H,SC,SC-05,2024,Regular,D,Evangeline Hundley,H2SC05102,10,16033.00,29577.33,29577.33
H,SC,SC-05,2024,Regular,R,Ralph Norman,H8SC05158,11,308613.23,397514.59,397514.59
H,SC,SC-06,2024,Regular,D,James Clyburn,H2SC02042,11,1641842.76,2222667.81,2222667.81
H,SC,SC-06,2024,Regular,R,Duke Buckner,H2SC06142,11,124823.30,243079.30,243079.3
H,SC,SC-07,2024,Regular,D,Mal Hyman,H6SC07018,7,56538.79,89555.08,89555.08
H,SC,SC-07,2024,Regular,R,Russell Fry,H2SC07280,11,1074245.75,1511709.79,1511709.79
H,SD,SD-01,2024,Regular,D,Sheryl Johnson,H4SD00064,7,92219.43,223982.88,223982.88
H,SD,SD-01,2024,Regular,R,Dusty Johnson,H8SD01055,11,3231202.98,4377059.46,4377059.46
H,TN,TN-01,2024,Regular,R,Diana Harshbarger,H0TN01118,11,1428286.84,1930833.49,1930833.49
H,TN,TN-02,2024,Regular,D,Jane George,H4TN02084,8,144344.77,264281.11,264281.11
H,TN,TN-02,2024,Regular,R,Tim Burchett,H8TN02119,11,961205.61,1238069.79,1238069.79
H,TN,TN-03,2024,Regular,D,Jack Allen,H4TN03199,8,116268.88,193621.80,193621.8
H,TN,TN-03,2024,Regular,R,Chuck Fleischmann,H0TN03254,11,1373169.41,1897639.52,1897639.52
H,TN,TN-04,2024,Regular,D,Victoria Isabel Broderick,H4TN04270,6,40818.40,111892.94,111892.94
H,TN,TN-04,2024,Regular,R,Scott DesJarlais,H0TN04195,11,172796.50,305905.38,305905.38
H,TN,TN-05,2024,Regular,D,Maryam Abolfazli,H4TN05145,6,174863.00,428527.89,428527.89
H,TN,TN-05,2024,Regular,R,Andrew Ogles,H2TN05446,13,714487.08,986220.73,986220.73
H,TN,TN-06,2024,Regular,D,Lore Bergman,H4TN06226,3,0.00,9791.55,9791.55
H,TN,TN-06,2024,Regular,R,John Rose,H8TN06094,11,1357360.98,1861461.35,1861461.35
H,TN,TN-07,2024,Regular,D,Megan Barry,H4TN07133,8,835669.39,1246179.55,1246179.55
H,TN,TN-07,2024,Regular,R,Mark Green,H8TN07076,11,1606861.03,2193882.05,2193882.05
H,TN,TN-08,2024,Regular,D,Sarah Freeman,H4TN08123,6,8123.00,37090.24,37090.24
H,TN,TN-08,2024,Regular,R,David Kustoff,H2TN07103,21,2018594.66,2498788.64,2498788.64
H,TN,TN-09,2024,Regular,D,Steve Cohen,H6TN09068,11,524495.87,703466.48,703466.48
H,TN,TN-09,2024,Regular,R,Charlotte Bergmann,H0TN09061,11,44335.81,57468.61,57468.61
H,TX,TX-01,2024,Regular,R,Nathaniel Moran,H2TX01112,11,719270.97,1084376.71,1084376.71
H,TX,TX-02,2024,Regular,D,Peter Filler,H4TX02181,4,0.00,8114.50,8114.5
H,TX,TX-02,2024,Regular,R,Dan Crenshaw,H8TX02166,11,3083081.14,4138444.96,4138444.96
H,TX,TX-03,2024,Regular,D,Sandeep Srivastava,H2TX03274,11,308779.00,430070.56,430070.56
H,TX,TX-03,2024,Regular,R,Keith Self,H2TX00064,0,,,735660.61
H,TX,TX-04,2024,Regular,D,Simon Cardell,H4TX04161,2,8357.00,17744.56,17744.56
H,TX,TX-04,2024,Regular,R,Pat Fallon,H0TX04219,11,570964.67,799721.08,799721.08
H,TX,TX-05,2024,Regular,D,Truth Torres,H2TX05253,11,23713.57,39343.31,39343.31
H,TX,TX-05,2024,Regular,R,Lance Gooden,H8TX05144,11,892415.02,1136643.85,1136643.85
H,TX,TX-06,2024,Regular,D,John Love,H4TX06224,11,93405.97,135300.64,135300.64
H,TX,TX-06,2024,Regular,R,Jake Ellzey,H8TX06266,11,5324077.01,6899715.28,6899715.28
H,TX,TX-07,2024,Regular,D,Lizzie Fletcher,H8TX07140,11,1934497.95,2440397.07,2440397.07
H,TX,TX-07,2024,Regular,R,Caroline Kane,H4TX07099,13,125975.77,196406.25,196406.25
H,TX,TX-08,2024,Regular,D,Laura Jones,H0TX08145,11,29611.53,49529.73,49529.73
H,TX,TX-08,2024,Regular,R,Morgan Luttrell,H2TX08182,11,1420925.76,1868399.92,1868399.92
H,TX,TX-09,2024,Regular,D,Al Green,H4TX09095,11,262385.28,392514.28,392514.28
H,TX,TX-10,2024,Regular,D,Theresa Boisseau,H4TX10226,7,34875.34,78889.82,100409.72
H,TX,TX-10,2024,Regular,R,Michael McCaul,H4TX10093,11,2698003.44,3131114.63,3131114.63
H,TX,TX-11,2024,Regular,R,August Pfluger,H0TX11230,11,2873007.51,3512299.49,3512299.49
H,TX,TX-12,2024,Regular,D,Trey Hunt,H2TX12085,9,24143.00,29764.56,29764.56
H,TX,TX-12,2024,Regular,R,Craig Goldman,H4TX12065,9,2600507.56,3196797.92,3196797.92
H,TX,TX-13,2024,Regular,R,Ronny Jackson,H0TX13228,11,5287647.57,6668890.94,6668890.94
H,TX,TX-14,2024,Regular,D,Rhonda Hart,H4TX14111,4,4306.00,11080.00,24802.0
H,TX,TX-14,2024,Regular,R,Randy Weber,H2TX14149,11,904165.12,1194311.15,1194311.15
H,TX,TX-15,2024,Regular,D,Michelle Vallejo,H2TX15203,11,1341298.26,2388898.64,2388898.64
H,TX,TX-15,2024,Regular,R,Monica De La Cruz,H0TX15124,13,5090512.89,7936781.16,7936781.16
H,TX,TX-16,2024,Regular,D,Veronica Escobar,H8TX16109,11,1105174.85,1343214.49,1343214.49
H,TX,TX-16,2024,Regular,R,Irene Armendariz-Jackson,H0TX16106,11,40664.57,64300.34,64300.34
H,TX,TX-17,2024,Regular,D,Mark Lorenzen,H4TX17114,7,17125.00,35841.82,35841.82
H,TX,TX-17,2024,Regular,R,Pete Sessions,H2TX03126,11,830013.29,1243303.06,1243303.06
H,TX,TX-18,2024,Regular,D,Sylvester Turner,H4TX18237,4,0.00,652566.71,652566.71
H,TX,TX-18,2024,Regular,R,Lana Centonze,H4TX18161,8,43392.83,69381.33,69381.33
H,TX,TX-19,2024,Regular,D,Nathan Lewis,H2TX02417,5,0.00,0.00,0
H,TX,TX-19,2024,Regular,R,Jodey Arrington,H6TX19099,11,2734627.83,3269201.47,3269201.47
H,TX,TX-20,2024,Regular,D,Joaquin Castro,H2TX35011,11,526606.62,689806.69,689806.69
H,TX,TX-21,2024,Regular,D,Kristin Hook,H4TX21108,8,279387.36,514005.34,514005.34
H,TX,TX-21,2024,Regular,R,Chip Roy,H8TX21307,11,2170131.54,2899549.54,2899549.54
H,TX,TX-22,2024,Regular,D,Marquette Greene-Scott,H4TX22197,7,25498.62,68733.64,68733.64
H,TX,TX-22,2024,Regular,R,Troy Nehls,H0TX22302,11,678553.59,896335.99,896335.99
H,TX,TX-23,2024,Regular,D,Limon,H4TX23138,9,111740.37,127205.30,127205.3
H,TX,TX-23,2024,Regular,R,Tony Gonzales,H0TX35015,12,5312372.14,5949591.43,5949591.43
H,TX,TX-24,2024,Regular,D,Sam Eppler,H2TX24197,10,707569.87,1161955.52,1161955.52
H,TX,TX-24,2024,Regular,R,Beth Van Duyne,H0TX24209,11,2551217.62,3126069.38,3126069.38
H,TX,TX-25,2024,Regular,R,Roger Williams,H2TX33040,11,1602876.42,1916400.00,1916400.0
H,TX,TX-26,2024,Regular,D,Ernest Lineberger,H4TX26172,8,38815.24,110143.30,110143.3
H,TX,TX-26,2024,Regular,R,Brandon Gill,H4TX26149,8,1443401.46,1779342.50,1779342.5
H,TX,TX-27,2024,Regular,D,Tanya Lloyd,H4TX27089,7,27879.00,60032.08,60032.08
H,TX,TX-27,2024,Regular,R,Michael Cloud,H8TX27049,11,515587.80,798397.10,798397.1
H,TX,TX-28,2024,Regular,D,Henry Cuellar,H2TX23082,11,2176689.26,2492808.62,2492808.62
H,TX,TX-28,2024,Regular,R,Jay Furman,H4TX28129,9,227166.58,780703.95,780703.95
H,TX,TX-29,2024,Regular,D,Sylvia Garcia,H8TX29052,11,680094.98,938007.37,938007.37
H,TX,TX-29,2024,Regular,R,Alan Garza,H4TX29036,9,15236.68,34169.18,34169.18
H,TX,TX-30,2024,Regular,D,Jasmine Crockett,H2TX30178,11,2012422.45,3114949.74,3114949.74
H,TX,TX-30,2024,Regular,R,J J Jefferson,H2TX01146,11,0.00,0.00,0.0
H,TX,TX-31,2024,Regular,D,Stuart Whitlow,H4TX31081,9,175831.32,311836.57,311836.57
H,TX,TX-31,2024,Regular,R,John Carter,H2TX31044,11,1032693.31,1217908.23,1217908.23
H,TX,TX-32,2024,Regular,D,Julie Johnson,H4TX32089,10,1526883.17,2071913.87,2071913.87
H,TX,TX-32,2024,Regular,R,Darrell Day,H2TX32182,12,150496.65,232281.55,232281.55
H,TX,TX-33,2024,Regular,D,Marc Veasey,H2TX33073,11,1256843.72,1878488.62,1878488.62
H,TX,TX-34,2024,Regular,D,Vicente Gonzalez,H6TX15162,11,2079292.65,3109468.00,3109468.0
H,TX,TX-34,2024,Regular,R,Mayra Flores,H2TX34113,11,4233070.50,6926111.49,6926111.49
H,TX,TX-35,2024,Regular,D,Greg Casar,H2TX35144,11,908324.94,1116006.32,1116006.32
H,TX,TX-35,2024,Regular,R,Steven Wright,H4TX35025,9,25278.08,36440.81,36440.81
H,TX,TX-36,2024,Regular,R,Brian Babin,H6TX02079,11,823833.05,1192438.26,1192438.26
H,TX,TX-37,2024,Regular,D,Lloyd Doggett,H4TX10028,11,773255.65,1541302.79,1541302.79
H,TX,TX-37,2024,Regular,R,Jenny Garcia Sharon,H0TX35064,2,375.00,375.00,375.0
H,TX,TX-38,2024,Regular,D,Melissa McDonough,H4TX38011,10,143310.67,193004.57,193004.57
H,TX,TX-38,2024,Regular,R,Wesley Hunt,H0TX07170,13,1722350.48,2777569.46,2777569.46
H,UT,UT-01,2024,Regular,D,Bill Campbell,H4UT01132,6,22000.00,112000.00,124000.0
H,UT,UT-01,2024,Regular,R,Blake Moore,H0UT01205,11,1948803.73,2633423.21,2633423.21
H,UT,UT-02,2024,Regular,R,Celeste Maloy,H4UT02296,13,1623398.53,1922683.97,1922683.97
H,UT,UT-03,2024,Regular,D,Glenn Wright,H2UT03306,10,47733.00,83347.80,83347.8
H,UT,UT-03,2024,Regular,R,Mike Kennedy,H4UT03260,7,682612.00,1032661.67,1032661.67
H,UT,UT-04,2024,Regular,D,Katrina Fallick-Wang,H4UT04060,7,3773.98,11286.31,11286.31
H,UT,UT-04,2024,Regular,R,Burgess Owens,H0UT04076,10,1065025.73,1473808.21,1473808.21
H,VA,VA-01,2024,Regular,D,Leslie Mehta,H4VA01096,8,295506.20,722446.49,722446.49
H,VA,VA-01,2024,Regular,R,Robert Wittman,H8VA01147,11,2147002.12,2845017.73,2845017.73
H,VA,VA-02,2024,Regular,D,Missy Cotter Smasal,H4VA02060,9,1282860.35,3250762.89,3250762.89
H,VA,VA-02,2024,Regular,R,Jennifer Kiggans,H2VA02064,13,4233404.59,6481317.57,6481317.57
H,VA,VA-03,2024,Regular,D,Bobby Scott,H6VA01117,11,619920.44,869636.81,869636.81
H,VA,VA-03,2024,Regular,R,John Sitka,H4VA03100,6,2160.00,5866.06,5866.06
H,VA,VA-04,2024,Regular,D,Jennifer McClellan,H4VA04066,12,1431942.39,1854762.24,2767794.48
H,VA,VA-04,2024,Regular,R,Bill Moher III,H4VA07192,10,411713.67,413819.27,413819.27
H,VA,VA-05,2024,Regular,D,Gloria Tinsley Witt,H4VA05089,8,58478.17,362896.50,362896.5
H,VA,VA-05,2024,Regular,R,John McGuire,H0VA07133,0,,,1848418.1
H,VA,VA-06,2024,Regular,D,Ken Mitchell,H4VA06061,7,65030.26,242530.60,242530.6
H,VA,VA-06,2024,Regular,R,Ben Cline,H8VA06104,11,654778.08,1030467.03,1030467.03
H,VA,VA-07,2024,Regular,D,Eugene Vindman,H4VA07234,8,7487429.31,18096189.51,18096189.51
H,VA,VA-07,2024,Regular,R,Derrick Anderson,H2VA07170,11,1414276.87,3408433.58,3408433.58
H,VA,VA-08,2024,Regular,D,Donald Beyer,H4VA08224,11,1495705.63,1948344.81,1948344.81
H,VA,VA-08,2024,Regular,R,Jerry Torres,H4VA08414,5,13225.00,843578.00,1138179.7
H,VA,VA-09,2024,Regular,D,Karen Baker,H4VA09057,6,80916.00,212789.46,224168.19
H,VA,VA-09,2024,Regular,R,Morgan Griffith,H0VA09055,11,737556.73,1005036.62,1005036.62
H,VA,VA-10,2024,Regular,D,Suhas Subramanyam,H4VA10279,8,1302036.45,2929391.22,2929391.22
H,VA,VA-10,2024,Regular,R,Mike Clancy,H2VA11206,8,422221.28,1162673.47,1162673.47
H,VA,VA-11,2024,Regular,D,Gerald Connolly,H8VA11062,11,1963088.25,2538285.99,2538285.99
H,VA,VA-11,2024,Regular,R,Mike Van Meter,H4VA11129,6,24006.00,67274.55,67274.55
H,VT,VT-01,2024,Regular,D,Becca Balint,H2VT01076,11,1133847.01,1394864.27,1394864.27
H,VT,VT-01,2024,Regular,R,Mark Coester,H4VT01056,6,78848.18,191333.45,191333.45
H,WA,WA-01,2024,Regular,D,Suzan DelBene,H0WA08046,11,2895359.03,3850571.40,3850571.4
H,WA,WA-01,2024,Regular,R,Jeb Brewer,H4WA01266,6,10024.00,14151.00,14151.0
H,WA,WA-02,2024,Regular,D,Rick Larsen,H0WA02080,11,1915662.56,2450006.13,2450006.13
H,WA,WA-03,2024,Regular,D,Marie Gluesenkamp Perez,H2WA03217,11,6715414.52,11856001.72,11856001.72
H,WA,WA-03,2024,Regular,R,Joe Kent,H2WA03100,15,1364869.68,2565122.67,2654419.86
H,WA,WA-04,2024,Regular,D,Jerrod Sessler,H2WA04165,11,485374.18,792239.06,792239.06
H,WA,WA-04,2024,Regular,R,Dan Newhouse,H4WA04104,11,1593420.68,2512738.99,2512738.99
H,WA,WA-05,2024,Regular,D,Carmela Conroy,H4WA05168,9,234412.19,604595.92,604595.92
H,WA,WA-05,2024,Regular,R,Michael Baumgartner,H4WA05234,7,790180.61,1505190.06,1505190.06
H,WA,WA-06,2024,Regular,D,Emily Randall,H4WA06117,8,1058511.93,1978942.81,1978942.81
H,WA,WA-06,2024,Regular,R,Drew MacEwen,H4WA06133,8,153160.41,255579.90,255579.9
H,WA,WA-07,2024,Regular,D,Pramila Jayapal,H6WA07458,11,2222125.25,2824206.25,2824206.25
H,WA,WA-08,2024,Regular,D,Kim Schrier,H8WA08189,11,4659955.22,6530378.69,6530378.69
H,WA,WA-09,2024,Regular,D,Adam Smith,H6WA09025,11,1243743.37,1677915.88,1677915.88
H,WA,WA-09,2024,Regular,R,Melissa Chaudhry,H4WA09095,6,65849.14,227467.53,227467.53
H,WA,WA-10,2024,Regular,D,Marilyn Strickland,H0WA10034,11,1557515.18,2067308.22,2067308.22
H,WA,WA-10,2024,Regular,R,Don Hewett,H0WA10067,1,39.57,39.57,39.57
H,WI,WI-01,2024,Regular,D,Peter Barca,H4WI01056,6,917147.02,2312574.60,2312574.6
H,WI,WI-01,2024,Regular,R,Bryan Steil,H8WI01156,11,4369457.68,5618110.81,5618110.81
H,WI,WI-02,2024,Regular,D,Mark Pocan,H2WI02124,11,709473.95,1070480.82,1070480.82
H,WI,WI-02,2024,Regular,R,Erik Olsen,H2WI02181,11,81528.20,183589.60,183589.6
H,WI,WI-03,2024,Regular,D,Rebecca Cooke,H2WI03130,9,2007509.37,6358058.65,6358058.65
H,WI,WI-03,2024,Regular,R,Derrick Van Orden,H0WI03175,13,4779789.84,7658526.55,7658526.55
H,WI,WI-04,2024,Regular,D,Gwen Moore,H4WI04183,11,997163.04,1356549.62,1356549.62
H,WI,WI-05,2024,Regular,D,Ben Steinhoff,H4WI05115,8,16821.75,92877.73,92877.73
H,WI,WI-05,2024,Regular,R,Scott Fitzgerald,H0WI05113,11,1020314.88,1329459.04,1329459.04
H,WI,WI-06,2024,Regular,D,John Zarbano,H4WI06139,6,9915.00,85438.35,90623.35
H,WI,WI-06,2024,Regular,R,Glenn Grothman,H4WI06048,11,757078.58,998213.83,998213.83
H,WI,WI-07,2024,Regular,D,Kyle Kilbourn,H4WI07129,10,125360.60,233031.36,233031.36
H,WI,WI-07,2024,Regular,R,Tom Tiffany,H0WI07101,11,966300.88,1248250.19,1248250.19
H,WI,WI-08,2024,Regular,D,Kristin Lyerly,H4WI08101,6,1031339.01,2802201.67,2802201.67
H,WI,WI-08,2024,Regular,R,Tony Wied,H4WI08119,6,859072.79,1597272.10,1597272.1
H,WV,WV-01,2024,Regular,R,Carol Miller,H8WV03097,11,1305884.52,1751492.00,1751492.0
H,WV,WV-02,2024,Regular,D,Steven Wendelin,H4WV02247,8,19011.25,31923.98,31923.98
H,WV,WV-02,2024,Regular,R,Riley Moore,H4WV02205,11,1015974.19,1443700.37,1443700.37
H,WY,WY-01,2024,Regular,D,Kyle Cameron,H4WY00196,6,5164.00,16215.56,16215.56
H,WY,WY-01,2024,Regular,R,Harriet Hageman,H2WY00166,11,2445760.79,3070024.92,3070024.92
S,AZ,AZ,2024,Regular,D,Ruben Gallego,S4AZ00139,11,32349689.55,64657199.96,64657199.96
S,AZ,AZ,2024,Regular,R,Kari Lake,S4AZ00220,11,10352741.19,26233710.39,26252199.2
S,CA,CA,2024,Regular,D,Adam Schiff,S4CA00555,11,39349181.28,48149196.78,48149196.78
S,CA,CA,2024,Regular,R,Steve Garvey,S4CA00803,8,10968989.61,20356132.85,20356132.85
S,CT,CT,2024,Regular,D,Chris Murphy,S2CT00132,11,10747154.08,12786118.05,12786118.05
S,CT,CT,2024,Regular,R,Matthew Corey,S8CT00121,6,36684.52,257655.82,257655.82
S,DE,DE,2024,Regular,D,Lisa Blunt Rochester,S4DE00060,10,7805715.66,9934497.35,9934497.35
S,DE,DE,2024,Regular,R,Eric Hansen,S4DE00094,8,951889.20,1015951.40,1015951.4
S,FL,FL,2024,Regular,D,Debbie Mucarsel-Powell,S4FL00611,9,14373409.59,36616416.21,36616416.21
S,FL,FL,2024,Regular,R,Rick Scott,S8FL00273,11,20172885.18,36696093.10,36696093.1
S,HI,HI,2024,Regular,D,Mazie Hirono,S2HI00106,11,2632701.55,3292048.88,3292048.88
S,HI,HI,2024,Regular,R,Bob McDermott,S2HI00155,11,2502.94,23225.25,23225.25
S,IN,IN,2024,Regular,D,Valerie McCray,S2IN00166,11,61506.88,142089.64,142089.64
S,IN,IN,2024,Regular,R,Jim Banks,S4IN00196,13,5553619.74,7337030.30,7337226.72
S,MA,MA,2024,Regular,D,Elizabeth Warren,S2MA00170,11,7270152.92,9039537.78,9039537.78
S,MA,MA,2024,Regular,R,John Deaton,S4MA00358,7,1759287.62,2244282.53,2244282.53
S,MD,MD,2024,Regular,D,Angela Alsobrooks,S4MD00327,10,12473586.36,31077805.53,31077805.53
S,MD,MD,2024,Regular,R,Larry Hogan,S4MD00483,7,7003571.12,12249553.37,12249553.37
S,ME,ME,2024,Regular,D,Angus King,S2ME00109,11,4334301.57,5368767.00,5368767.0
S,ME,ME,2024,Regular,R,Demi Kouzounas,S4ME00121,7,503997.75,1027791.62,1027791.62
S,MI,MI,2024,Regular,D,Elissa Slotkin,S4MI00470,11,24083670.99,51937060.20,51937060.2
S,MI,MI,2024,Regular,R,Mike Rogers,S4MI00595,12,5361584.06,13244825.41,13247396.66
S,MN,MN,2024,Regular,D,Amy Klobuchar,S6MN00267,11,11833516.79,14734556.75,14734556.75
S,MN,MN,2024,Regular,R,Royce White,S4MN00502,9,146332.39,1621744.66,1621744.66
S,MO,MO,2024,Regular,D,Lucas Kunce,C00771972,0,,,23184061.38
S,MO,MO,2024,Regular,R,Josh Hawley,S8MO00160,11,8833286.77,13808806.06,13808806.06
S,MS,MS,2024,Regular,D,Ty Pinkins,S4MS00187,11,499333.52,1047155.67,1047155.67
S,MS,MS,2024,Regular,R,Roger Wicker,S8MS00196,11,6180808.68,7420578.92,7420578.92
S,MT,MT,2024,Regular,D,Jon Tester,S6MT00162,15,39279203.20,93570122.72,93570122.72
S,MT,MT,2024,Regular,R,Tim Sheehy,S4MT00183,11,13837570.04,29787708.51,30015786.32
S,ND,ND,2024,Regular,D,Katrina Christiansen,S2ND00123,9,1154175.19,3066029.91,3066029.91
S,ND,ND,2024,Regular,R,Kevin Cramer,S8ND00120,11,4408478.34,5562461.74,5562461.74
S,NE,NE,2024,Regular,D,Dan Osborn,S4NE00207,11,1647635.33,15129327.27,15129327.27
S,NE,NE,2024,Regular,R,Deb Fischer,S2NE00094,11,4131180.65,6555361.20,6555361.2
S,NE,NE-2,2024,Special,D,Preston Love Jr.,S4NE00223,7,164288.27,283232.43,283232.43
S,NE,NE-2,2024,Special,R,Pete Ricketts,S6NE00129,11,4354048.90,5876228.08,5876228.08
S,NJ,NJ,2024,Regular,D,Andy Kim,S4NJ00466,11,8995242.41,12441003.62,12441003.62
S,NJ,NJ,2024,Regular,R,Curtis Bashaw,S4NJ00540,7,2665084.49,4249567.71,4249567.71
S,NM,NM,2024,Regular,D,Martin Heinrich,S2NM00088,11,7686354.06,10731410.20,10731410.2
S,NM,NM,2024,Regular,R,Nella Domenici,S4NM00183,7,3623274.73,7013192.46,7013192.46
S,NV,NV,2024,Regular,D,Jacky Rosen,S8NV00156,11,23648314.06,43915245.20,43915245.2
S,NV,NV,2024,Regular,R,Sam Brown,S2NV00308,11,9671169.13,24015452.25,24063366.48
S,NY,NY,2024,Regular,D,Kirsten Gillibrand,S0NY00410,11,7814243.06,9798986.57,9798986.57
S,NY,NY,2024,Regular,R,Mike Sapraicone,S4NY00404,10,758861.91,1417733.96,1417733.96
S,OH,OH,2024,Regular,D,Sherrod Brown,S6OH00163,11,45996058.10,96530240.72,96530240.72
S,OH,OH,2024,Regular,R,Bernie Moreno,S4OH00192,21,15480121.43,26578238.74,26920693.53
S,PA,PA,2024,Regular,D,Bob Casey Jr.,S6PA00217,10,25092746.81,58147345.34,58147345.34
S,PA,PA,2024,Regular,R,Dave McCormick,S2PA00661,17,18047484.36,35954534.24,35970836.83
S,RI,RI,2024,Regular,D,Sheldon Whitehouse,S6RI00221,11,4231005.44,4859870.01,4859870.01
S,RI,RI,2024,Regular,R,Patricia Morgan,S4RI00085,9,238028.29,296201.28,296201.28
S,TN,TN,2024,Regular,D,Gloria Johnson,S4TN00526,9,5069007.82,7585464.44,7585464.44
S,TN,TN,2024,Regular,R,Marsha Blackburn,S8TN00337,11,9327125.46,13571274.34,13571274.34
S,TX,TX,2024,Regular,D,Colin Allred,S4TX00722,10,38434067.98,94674182.67,94674182.67
S,TX,TX,2024,Regular,R,Ted Cruz,S2TX00312,11,26095586.59,74050030.94,74050030.94
S,UT,UT,2024,Regular,D,Caroline Gleich,S4UT00308,6,756449.28,1236418.90,1236418.9
S,UT,UT,2024,Regular,R,John Curtis,S4UT00282,13,4497485.90,5748063.58,5748063.58
S,VA,VA,2024,Regular,D,Tim Kaine,S2VA00142,11,12535308.72,18308453.68,18308453.68
S,VA,VA,2024,Regular,R,Hung Cao,S4VA00353,11,3051361.35,9832460.01,9832460.01
S,VT,VT,2024,Regular,D,Bernie Sanders,S4VT00033,11,6124635.58,8207886.33,8207886.33
S,VT,VT,2024,Regular,R,Gerald Malloy,S2VT00292,11,216082.35,662959.83,662959.83
S,WA,WA,2024,Regular,D,Maria Cantwell,S8WA00194,11,9871334.87,11147595.82,11147595.82
S,WA,WA,2024,Regular,R,Raul Garcia,S4WA00581,9,596882.70,773708.95,773708.95
S,WI,WI,2024,Regular,D,Tammy Baldwin,S2WI00219,11,27112158.74,50228545.14,50228545.14
S,WI,WI,2024,Regular,R,Eric Hovde,S2WI00268,10,16726282.24,31895845.70,31958333.2
S,WV,WV,2024,Regular,D,Glenn Elliott,S4WV00399,6,252261.96,855051.42,855051.42
S,WV,WV,2024,Regular,R,Jim Justice,S4WV00332,12,3492391.65,4399399.83,4587416.08
S,WY,WY,2024,Regular,D,Scott Morrow,S4WY00188,6,5371.20,45707.29,45707.29
S,WY,WY,2024,Regular,R,John Barrasso,S6WY00068,11,6299066.74,7761388.01,7761388.01
