office,state,race,year,election_type,eligible,dem_candidate,dem_receipts,dem_fec_id,rep_candidate,rep_receipts,rep_fec_id,source,notes
G,AK,AK,2018,Regular,,Mark Begich,816689.69,,Mike Dunleavy,896604.56,,"FollowTheMoney (state filings, total contributions)",
G,AK,AK,2022,Regular,,Les Gara,2257671.78,,Mike Dunleavy,2757882.04,,"FollowTheMoney (state filings, total contributions)",
G,AK,AK,2026,Upcoming,,Jonathan Kreiss-Tomkins,,,Dave Bronson,,,,pending: state-level filings (not FEC) — OpenSecrets/TransparencyUSA/manual
G,AL,AL,2018,Regular,,Walt Maddox,2710079,,Kay Ivey,6479977,,"TransparencyUSA (state filings, total contributions)",
G,AL,AL,2022,Regular,,Yolanda Flowers,47794,,Kay Ivey,10742614,,"TransparencyUSA (state filings, total contributions)",
G,AL,AL,2026,Upcoming,,Doug Jones,0,,Tommy Tuberville,13792994,,"TransparencyUSA (state filings, total contributions)",
G,AR,AR,2018,Regular,,Jared Henderson,669231.17,,Asa Hutchinson,7200079.84,,"FollowTheMoney (state filings, total contributions)",
G,AR,AR,2022,Regular,,Chris Jones,4070118.95,,Sarah Huckabee Sanders,22984656.22,,"FollowTheMoney (state filings, total contributions)",
G,AR,AR,2026,Upcoming,,Fredrick Love,,,Sarah Huckabee Sanders,,,,pending: state-level filings (not FEC) — OpenSecrets/TransparencyUSA/manual
G,AZ,AZ,2018,Regular,,David Garcia,2428289,,Doug Ducey,16576773,,"TransparencyUSA (state filings, total contributions)",
G,AZ,AZ,2022,Regular,,Katie Hobbs,15598312,,Kari Lake,15910951,,"TransparencyUSA (state filings, total contributions)",
G,AZ,AZ,2026,Upcoming,,Katie Hobbs,9827820,,Andy Biggs,2787170,,"TransparencyUSA (state filings, total contributions)",
G,CA,CA,2018,Regular,,Gavin Newsom,40058107,,John Cox,16492316,,"TransparencyUSA (state filings, total contributions)",
G,CA,CA,2022,Regular,,Gavin Newsom,19177717,,Brian Dahle,2724235,,"TransparencyUSA (state filings, total contributions)",
G,CA,CA,2026,Upcoming,,Xavier Becerra,24217949,,Steve Hilton,17445485,,"TransparencyUSA (state filings, total contributions)",
G,CO,CO,2018,Regular,,Jared Polis,24474055,,Walker Stapleton,4323653,,"TransparencyUSA (state filings, total contributions)",
G,CO,CO,2022,Regular,,Jared Polis,12527619,,Heidi Ganahl,3725407,,"TransparencyUSA (state filings, total contributions)",
G,CO,CO,2026,Upcoming,,Phil Weiser,6951031.64,,Victor Marx,2935521.15,,"TransparencyUSA (state filings, total contributions)",
G,CT,CT,2018,Regular,,Ned Lamont,16355489.36,,Bob Stefanowski,6872012.28,,"FollowTheMoney (state filings, total contributions)",
G,CT,CT,2022,Regular,,Ned Lamont,31157222.60,,Bob Stefanowski,15225508.90,,"FollowTheMoney (state filings, total contributions)",
G,CT,CT,2026,Upcoming,,Ned Lamont,,,Ryan Fazio,,,,pending: state-level filings (not FEC) — OpenSecrets/TransparencyUSA/manual
G,DE,DE,2016,Regular,,John Carney,1594266.85,,Colin Bonini,234146.00,,"FollowTheMoney (state filings, total contributions)",
G,DE,DE,2020,Regular,,John Carney,830076.05,,Julianne Murray,282516.34,,"FollowTheMoney (state filings, total contributions)",
G,DE,DE,2024,Regular,,Matt Meyer,3816050.07,,Mike Ramone,546788.82,,"FollowTheMoney (state filings, total contributions)",
G,FL,FL,2018,Regular,,Andrew Gillum,19488774,,Ron DeSantis,60205948,,"TransparencyUSA (state filings, total contributions)",
G,FL,FL,2022,Regular,,Charlie Crist,32427595,,Ron DeSantis,198824781,,"TransparencyUSA (state filings, total contributions)",
G,FL,FL,2026,Upcoming,,David Jolly,5531881.96,,Byron Donalds,99442170.96,,"TransparencyUSA (state filings, total contributions)",
G,GA,GA,2018,Regular,,Stacey Abrams,27740647.26,,Brian Kemp,22390930.71,,"FollowTheMoney (state filings, total contributions)",both sides re-sourced from FTM (TransparencyUSA reported $0 for a real campaign)
G,GA,GA,2022,Regular,,Stacey Abrams,53109125.25,,Brian Kemp,86033722.59,,"FollowTheMoney (state filings, total contributions)",both sides re-sourced from FTM (TransparencyUSA reported $0 for a real campaign)
G,GA,GA,2026,Upcoming,,Keisha Lance Bottoms,5774631,,Rick Jackson,118984243,,"TransparencyUSA (state filings, total contributions)",
G,HI,HI,2018,Regular,,David Ige,2829872.81,,Andria Tupola,521905.94,,"FollowTheMoney (state filings, total contributions)",
G,HI,HI,2022,Regular,,Josh Green,4116868.08,,Duke Aiona,285405.50,,"FollowTheMoney (state filings, total contributions)",
G,HI,HI,2026,Upcoming,,Josh Green,,,Gary Cordery,,,,pending: state-level filings (not FEC) — OpenSecrets/TransparencyUSA/manual
G,IA,IA,2018,Regular,,Fred Hubbell,22575532,,Kim Reynolds,14993149,,"TransparencyUSA (state filings, total contributions)",
G,IA,IA,2022,Regular,,Deidre DeJear,2460314,,Kim Reynolds,8865353,,"TransparencyUSA (state filings, total contributions)",
G,IA,IA,2026,Upcoming,,Rob Sand,19860206,,Zach Lahn,1218702,,"TransparencyUSA (state filings, total contributions)",
G,ID,ID,2018,Regular,,Paulette Jordan,1252283.40,,Brad Little,3370322.89,,"FollowTheMoney (state filings, total contributions)",
G,ID,ID,2022,Regular,,Stephen Heidt,28353.20,,Brad Little,2381242.80,,"FollowTheMoney (state filings, total contributions)",
G,ID,ID,2026,Upcoming,,Terri Pickens,,,Brad Little,,,,"pending: TU cycle-scoping broken for Idaho (Little identical $2,057,743.31 in 2018/2022/2026 vs FTM 3.37M/2.38M); needs manual fill"
G,IL,IL,2018,Regular,,JB Pritzker,176346769.22,,Bruce Rauner,86494273.50,,"FollowTheMoney (state filings, total contributions)",both sides re-sourced from FTM (TransparencyUSA reported $0 for a real campaign)
G,IL,IL,2022,Regular,,JB Pritzker,152678879,,Darren Bailey,17962590,,"TransparencyUSA (state filings, total contributions)",
G,IL,IL,2026,Upcoming,,JB Pritzker,25619035,,Darren Bailey,2166962,,"TransparencyUSA (state filings, total contributions)",
G,IN,IN,2016,Regular,,John Gregg,17006424.45,,Eric Holcomb,14851654.72,,"FollowTheMoney (state filings, total contributions)",
G,IN,IN,2020,Regular,,Woody Myers,1247519,,Eric Holcomb,11240351,,"TransparencyUSA (state filings, total contributions)",
G,IN,IN,2024,Regular,,Jennifer McCormick,5892427,,Mike Braun,17735776,,"TransparencyUSA (state filings, total contributions)",
G,KS,KS,2018,Regular,,Laura Kelly,3475427.97,,Kris Kobach,3715117.44,,"FollowTheMoney (state filings, total contributions)",
G,KS,KS,2022,Regular,,Laura Kelly,7966527.60,,Derek Schmidt,4634549.07,,"FollowTheMoney (state filings, total contributions)",
G,KS,KS,2026,Upcoming,,Cindy Holscher,,,Ty Masterson,,,,pending: state-level filings (not FEC) — OpenSecrets/TransparencyUSA/manual
G,KY,KY,2019,Regular,,Andy Beshear,9552283.96,,Matt Bevin,10763042.86,,"FollowTheMoney (state filings, total contributions)",
G,KY,KY,2023,Regular,,Andy Beshear,25609504.27,,Daniel Cameron,7285735.44,,"FollowTheMoney (state filings, total contributions)",
G,LA,LA,2019,Regular,,John Bel Edwards,23332374.42,,Eddie Rispone,21011911.63,,"FollowTheMoney (state filings, total contributions)",
G,LA,LA,2023,Regular,,Shawn Wilson,2610380.02,,Jeff Landry,16221367.41,,"FollowTheMoney (state filings, total contributions)",
G,MA,MA,2018,Regular,,Jay Gonzalez,1257304.07,,Charlie Baker,7813782.12,,"MA OCPF (api.ocpf.us statewide YTD, 2-year campaign window)",sum of OCPF calendar-year receipts 2017+2018 (FTM has 0 records for Baker)
G,MA,MA,2022,Regular,,Maura Healey,15999298.13,,Geoff Diehl,2724024.57,,"FollowTheMoney (state filings, total contributions)",
G,MA,MA,2026,Upcoming,,Maura Healey,6516289.91,,Michael Minogue,17709313.29,,"MA OCPF (api.ocpf.us statewide YTD, 2-year campaign window)","sum of OCPF calendar-year receipts 2025+2026, cycle to date"
G,MD,MD,2018,Regular,,Ben Jealous,4423808.92,,Larry Hogan,17773094.16,,"FollowTheMoney (state filings, total contributions)",
G,MD,MD,2022,Regular,,Wes Moore,14373011.85,,Dan Cox,1555706.46,,"FollowTheMoney (state filings, total contributions)",
G,MD,MD,2026,Upcoming,,Wes Moore,,,Dan Cox,,,,pending: state-level filings (not FEC) — OpenSecrets/TransparencyUSA/manual
G,ME,ME,2018,Regular,,Janet Mills,3048406.55,,Shawn Moody,1874553.98,,"FollowTheMoney (state filings, total contributions)",
G,ME,ME,2022,Regular,,Janet Mills,5843923.63,,Paul LePage,2646099.62,,"FollowTheMoney (state filings, total contributions)",
G,ME,ME,2026,Upcoming,,Hannah Pingree,,,Robert Charles,,,,pending: state-level filings (not FEC) — OpenSecrets/TransparencyUSA/manual
G,MI,MI,2018,Regular,,Gretchen Whitmer,13326968.52,,Bill Schuette,12354808.99,,"FollowTheMoney (state filings, total contributions)",both sides re-sourced from FTM (TransparencyUSA reported $0 for a real campaign)
G,MI,MI,2022,Regular,,Gretchen Whitmer,32474199,,Tudor Dixon,8857962,,"TransparencyUSA (state filings, total contributions)",
G,MI,MI,2026,Upcoming,,Jocelyn Benson,5958887,,John James,4492470,,"TransparencyUSA (state filings, total contributions)",
G,MN,MN,2018,Regular,,Tim Walz,5779215,,Jeff Johnson,3190007,,"TransparencyUSA (state filings, total contributions)",
G,MN,MN,2022,Regular,,Tim Walz,9899289,,Scott Jensen,6485090,,"TransparencyUSA (state filings, total contributions)",
G,MN,MN,2026,Upcoming,,Amy Klobuchar,9312379.82,,Lisa Demuth,1102118.76,,"TransparencyUSA (state filings, total contributions)",
G,MO,MO,2016,Regular,,Chris Koster,28709070.80,,Eric Greitens,32111917.95,,"FollowTheMoney (state filings, total contributions)",
G,MO,MO,2020,Regular,,Nicole Galloway,7384398.56,,Mike Parson,5753313.99,,"FollowTheMoney (state filings, total contributions)",
G,MO,MO,2024,Regular,,Crystal Quade,2444528.84,,Mike Kehoe,6206941.25,,"FollowTheMoney (state filings, total contributions)",
G,MS,MS,2019,Regular,,Jim Hood,7531556.19,,Tate Reeves,3914038.57,,"FollowTheMoney (state filings, total contributions)",
G,MS,MS,2023,Regular,,Brandon Presley,13100000.00,,Tate Reeves,12700000.00,,MS SoS via Mississippi Today 2024-01-17,"full-cycle totals as published (spending-basis figures, treated as raised per user decision 2026-09-09); rounded to $0.1M"
G,MT,MT,2016,Regular,,Steve Bullock,3284519.78,,Greg Gianforte,8581754.86,,"FollowTheMoney (state filings, total contributions)",
G,MT,MT,2020,Regular,,Mike Cooney,4017006.82,,Greg Gianforte,11510340.41,,"FollowTheMoney (state filings, total contributions)",
G,MT,MT,2024,Regular,,Ryan Busse,2863695.66,,Greg Gianforte,3209918.85,,"FollowTheMoney (state filings, total contributions)",
G,NC,NC,2016,Regular,,Roy Cooper,24418705.97,,Pat McCrory,15579318.05,,"FollowTheMoney (state filings, total contributions)",
G,NC,NC,2020,Regular,,Roy Cooper,38034345,,Dan Forest,10383088,,"TransparencyUSA (state filings, total contributions)",
G,NC,NC,2024,Regular,,Josh Stein,84527584,,Mark Robinson,15740997,,"TransparencyUSA (state filings, total contributions)",
G,ND,ND,2016,Regular,,Marvin Nelson,108251.04,,Doug Burgum,1853080.55,,"FollowTheMoney (state filings, total contributions)",
G,ND,ND,2020,Regular,,Shelley Lenz,341656.12,,Doug Burgum,2258541.56,,"FollowTheMoney (state filings, total contributions)",
G,ND,ND,2024,Regular,,Merrill Piepkorn,186140.53,,Kelly Armstrong,3818871.12,,"FollowTheMoney (state filings, total contributions)",
G,NE,NE,2018,Regular,,Bob Krist,774010.27,,Pete Ricketts,4884909.84,,"FollowTheMoney (state filings, total contributions)",
G,NE,NE,2022,Regular,,Carol Blood,635814.11,,Jim Pillen,11518611.94,,"FollowTheMoney (state filings, total contributions)",
G,NE,NE,2026,Upcoming,,Lynne Walz,,,Jim Pillen,,,,pending: state-level filings (not FEC) — OpenSecrets/TransparencyUSA/manual
G,NH,NH,2016,Regular,,Colin Van Ostern,1609364.96,,Chris Sununu,1131401.18,,"FollowTheMoney (state filings, total contributions)",
G,NH,NH,2018,Regular,,Molly Kelly,1289857.80,,Chris Sununu,1585457.01,,"FollowTheMoney (state filings, total contributions)",both sides re-sourced from FTM (TransparencyUSA reported $0 for a real campaign)
G,NH,NH,2020,Regular,,Dan Feltes,1485312.55,,Chris Sununu,1693626.46,,"FollowTheMoney (state filings, total contributions)",both sides re-sourced from FTM (TransparencyUSA reported $0 for a real campaign)
G,NH,NH,2022,Regular,,Tom Sherman,2449136.20,,Chris Sununu,1741859.86,,"FollowTheMoney (state filings, total contributions)",both sides re-sourced from FTM (TransparencyUSA reported $0 for a real campaign)
G,NH,NH,2024,Regular,,Joyce Craig,7927269.09,,Kelly Ayotte,21062518.80,,"FollowTheMoney (state filings, total contributions)",both sides re-sourced from FTM (TransparencyUSA reported $0 for a real campaign)
G,NH,NH,2026,Upcoming,,Cinde Warmington,908162.96,,Kelly Ayotte,6079165.50,,"TransparencyUSA (state filings, total contributions)",
G,NJ,NJ,2017,Regular,,Phil Murphy,36514490.90,,Kim Guadagno,8916189.45,,"FollowTheMoney (state filings, total contributions)",
G,NJ,NJ,2021,Regular,,Phil Murphy,24538609.81,,Jack Ciattarelli,23492630.17,,"FollowTheMoney (state filings, total contributions)",
G,NJ,NJ,2025,Regular,,Mikie Sherrill,21125629.00,,Jack Ciattarelli,21549260.00,,"NJ ELEC (post-general news release, Dec 22 2025, Table 1)","candidate-committee raised, general election through Nov 24 2025 (excludes IEFs and primary)"
G,NM,NM,2018,Regular,,Michelle Lujan Grisham,9644565.85,,Steve Pearce,4977239.39,,"FollowTheMoney (state filings, total contributions)",both sides re-sourced from FTM (TransparencyUSA reported $0 for a real campaign)
G,NM,NM,2022,Regular,,Michelle Lujan Grisham,14417031.73,,Mark Ronchetti,9539334.43,,"FollowTheMoney (state filings, total contributions)",both sides re-sourced from FTM (TransparencyUSA reported $0 for a real campaign)
G,NM,NM,2026,Upcoming,,Deb Haaland,13910580,,Gregg Hull,987856,,"TransparencyUSA (state filings, total contributions)",
G,NV,NV,2018,Regular,,Steve Sisolak,11342811,,Adam Laxalt,8886250,,"TransparencyUSA (state filings, total contributions)",
G,NV,NV,2022,Regular,,Steve Sisolak,12457573,,Joe Lombardo,4699159,,"TransparencyUSA (state filings, total contributions)",
G,NV,NV,2026,Upcoming,,Aaron Ford,4285307,,Joe Lombardo,2275075,,"TransparencyUSA (state filings, total contributions)",
G,NY,NY,2018,Regular,,Andrew Cuomo,22040277,,Marc Molinaro,2522232,,"TransparencyUSA (state filings, total contributions)",
G,NY,NY,2022,Regular,,Kathy Hochul,54737970.97,,Lee Zeldin,26330006.21,,"FollowTheMoney (state filings, total contributions)",both sides re-sourced from FTM (TransparencyUSA reported $0 for a real campaign)
G,NY,NY,2026,Upcoming,,Kathy Hochul,16594119,,Bruce Blakeman,13445025,,"TransparencyUSA (state filings, total contributions)",
G,OH,OH,2018,Regular,,Richard Cordray,19567016,,Mike DeWine,24088464,,"TransparencyUSA (state filings, total contributions)",
G,OH,OH,2022,Regular,,Nan Whaley,8841328,,Mike DeWine,20425999,,"TransparencyUSA (state filings, total contributions)",
G,OH,OH,2026,Upcoming,,Amy Acton,15928993,,Vivek Ramaswamy,30306297,,"TransparencyUSA (state filings, total contributions)",
G,OK,OK,2018,Regular,,Drew Edmondson,4139279.91,,Kevin Stitt,10691903.23,,"FollowTheMoney (state filings, total contributions)",
G,OK,OK,2022,Regular,,Joy Hofmeister,3481610.07,,Kevin Stitt,11989881.57,,"FollowTheMoney (state filings, total contributions)",
G,OK,OK,2026,Upcoming,,Cyndi Munson,,,Mike Mazzei,,,,pending: state-level filings (not FEC) — OpenSecrets/TransparencyUSA/manual
G,OR,OR,2016,Special,,Kate Brown,5411935.90,,Bud Pierce,3469117.36,,"FollowTheMoney (state filings, total contributions)",
G,OR,OR,2018,Regular,,Kate Brown,20297458.95,,Knute Buehler,19262697.66,,"FollowTheMoney (state filings, total contributions)",
G,OR,OR,2022,Regular,,Tina Kotek,30342251.91,,Christine Drazan,22600858.99,,"FollowTheMoney (state filings, total contributions)",
G,OR,OR,2026,Upcoming,,Tina Kotek,,,Christine Drazan,,,,pending: state-level filings (not FEC) — OpenSecrets/TransparencyUSA/manual
G,PA,PA,2018,Regular,,Tom Wolf,30459181,,Scott Wagner,19019692,,"TransparencyUSA (state filings, total contributions)",
G,PA,PA,2022,Regular,,Josh Shapiro,72513114,,Doug Mastriano,8175543,,"TransparencyUSA (state filings, total contributions)",
G,PA,PA,2026,Upcoming,,Josh Shapiro,34960533,,Stacy Garrity,2545436,,"TransparencyUSA (state filings, total contributions)",
G,RI,RI,2018,Regular,,Gina Raimondo,8287905.66,,Allan Fung,2653416.93,,"FollowTheMoney (state filings, total contributions)",
G,RI,RI,2022,Regular,,Dan McKee,3857748.03,,Ashley Kalus,5009115.32,,"FollowTheMoney (state filings, total contributions)",
G,RI,RI,2026,Upcoming,,Helena Foulkes,,,Aaron Guckian,,,,pending: state-level filings (not FEC) — OpenSecrets/TransparencyUSA/manual
G,SC,SC,2018,Regular,,James Smith,3217280,,Henry McMaster,7884372,,"TransparencyUSA (state filings, total contributions)",
G,SC,SC,2022,Regular,,Joe Cunningham,3668714,,Henry McMaster,6530197,,"TransparencyUSA (state filings, total contributions)",
G,SC,SC,2026,Upcoming,,Jermaine Johnson,753609,,Alan Wilson,62585,,"TransparencyUSA (state filings, total contributions)",
G,SD,SD,2018,Regular,,Billie Sutton,3880460.86,,Kristi Noem,7171481.51,,"FollowTheMoney (state filings, total contributions)",
G,SD,SD,2022,Regular,,Jamie Smith,1311681.39,,Kristi Noem,17527113.75,,"FollowTheMoney (state filings, total contributions)",
G,SD,SD,2026,Upcoming,,Dan Ahlers,,,Larry Rhoden,,,,pending: state-level filings (not FEC) — OpenSecrets/TransparencyUSA/manual
G,TN,TN,2018,Regular,,Karl Dean,11186772.44,,Bill Lee,15966555.29,,"FollowTheMoney (state filings, total contributions)",
G,TN,TN,2022,Regular,,Jason Martin,1262621.86,,Bill Lee,6114276.53,,"FollowTheMoney (state filings, total contributions)",
G,TN,TN,2026,Upcoming,,Jerri Green,,,Marsha Blackburn,,,,pending: state-level filings (not FEC) — OpenSecrets/TransparencyUSA/manual
G,TX,TX,2018,Regular,,Lupe Valdez,1848696,,Greg Abbott,44875409,,"TransparencyUSA (state filings, total contributions)",
G,TX,TX,2022,Regular,,Beto O'Rourke,81098843,,Greg Abbott,111730938,,"TransparencyUSA (state filings, total contributions)",
G,TX,TX,2026,Upcoming,,Gina Hinojosa,8589462,,Greg Abbott,71434049,,"TransparencyUSA (state filings, total contributions)",
G,UT,UT,2016,Regular,,Mike Weinholtz,3107337.47,,Gary Herbert,3628548.10,,"FollowTheMoney (state filings, total contributions)",
G,UT,UT,2020,Regular,,Chris Peterson,172235.04,,Spencer Cox,4526464.36,,"FollowTheMoney (state filings, total contributions)",
G,UT,UT,2024,Regular,,Brian King,1526546.72,,Spencer Cox,7379974.37,,"FollowTheMoney (state filings, total contributions)",
G,VA,VA,2017,Regular,,Ralph Northam,37044906.82,,Ed Gillespie,29317941.88,,"FollowTheMoney (state filings, total contributions)",
G,VA,VA,2021,Regular,,Terry McAuliffe,68384991,,Glenn Youngkin,53653703,,"TransparencyUSA (state filings, total contributions)",
G,VA,VA,2025,Regular,,Abigail Spanberger,67536246,,Winsome Earle-Sears,42920223,,"TransparencyUSA (state filings, total contributions)",TU lists Winsome Sears = Winsome Earle-Sears (same person)
G,VT,VT,2016,Regular,,Sue Minter,2315405.22,,Phil Scott,1685616.23,,"FollowTheMoney (state filings, total contributions)",
G,VT,VT,2018,Regular,,Christine Hallquist,559474.45,,Phil Scott,703301.18,,"FollowTheMoney (state filings, total contributions)",
G,VT,VT,2020,Regular,,David Zuckerman,860307.11,,Phil Scott,510544.60,,"FollowTheMoney (state filings, total contributions)",
G,VT,VT,2022,Regular,,Brenda Siegel,187256.13,,Phil Scott,264136.23,,"FollowTheMoney (state filings, total contributions)",
G,VT,VT,2024,Regular,,Esther Charlestin,56227.55,,Phil Scott,356154.00,,"FollowTheMoney (state filings, total contributions)",
G,VT,VT,2026,Upcoming,,Amanda Janoo,,,Phil Scott,,,,pending: state-level filings (not FEC) — OpenSecrets/TransparencyUSA/manual
G,WA,WA,2016,Regular,,Jay Inslee,9736277.53,,Bill Bryant,3905582.18,,"FollowTheMoney (state filings, total contributions)",
G,WA,WA,2020,Regular,,Jay Inslee,7978230.10,,Loren Culp,3312181.92,,"FollowTheMoney (state filings, total contributions)",both sides re-sourced from FTM (TransparencyUSA reported $0 for a real campaign)
G,WA,WA,2024,Regular,,Bob Ferguson,14663732,,Dave Reichert,6782177,,"TransparencyUSA (state filings, total contributions)",
G,WI,WI,2018,Regular,,Tony Evers,11328829,,Scott Walker,26944468,,"TransparencyUSA (state filings, total contributions)",
G,WI,WI,2022,Regular,,Tony Evers,41158199,,Tim Michels,34762907,,"TransparencyUSA (state filings, total contributions)",
G,WI,WI,2026,Upcoming,,David Crowley,1426777.66,,Tom Tiffany,15315779.45,,"TransparencyUSA (state filings, total contributions)",
G,WV,WV,2016,Regular,,Jim Justice,5449767.88,,Bill Cole,2946763.97,,"FollowTheMoney (state filings, total contributions)",
G,WV,WV,2020,Regular,,Ben Salango,2165652.20,,Jim Justice,4504865.72,,"FollowTheMoney (state filings, total contributions)",
G,WV,WV,2024,Regular,,Steve Williams,284784.35,,Patrick Morrisey,5876395.48,,"FollowTheMoney (state filings, total contributions)",
G,WY,WY,2018,Regular,,Mary Throne,448494,,Mark Gordon,1271172,,"TransparencyUSA (state filings, total contributions)",
G,WY,WY,2022,Regular,,Theresa Livingston,3330,,Mark Gordon,799545,,"TransparencyUSA (state filings, total contributions)",
G,WY,WY,2026,Upcoming,,Kenneth Casner,0.00,,Eric Barlow,1673102.99,,"TransparencyUSA (state filings, total contributions)",Casner reported $0 in TU
H,AK,AK-01,2016,Regular,1,Steve Lindbeck,1102309.77,H6AK00235,Don Young,1103561.86,H6AK00045,FEC bulk (webl/weball 2016-2026),
H,AK,AK-01,2018,Regular,1,Alyse Galvin,1949643.68,H8AK00140,Don Young,1234680.31,H6AK00045,FEC bulk (webl/weball 2016-2026),
H,AK,AK-01,2020,Regular,1,Alyse Galvin,5253251.54,H8AK00140,Don Young,1950289.86,H6AK00045,FEC bulk (webl/weball 2016-2026),
H,AK,AK-01,2022,Regular,1,Mary Peltola,7751293.39,H2AK01158,Sarah Palin,1971160.93,H2AK00226,FEC bulk (webl/weball 2016-2026),
H,AK,AK-01,2024,Regular,1,Mary Peltola,13443537.46,H2AK01158,Nick Begich,2810467.65,H2AK01083,FEC bulk (webl/weball 2016-2026),
H,AK,AK-01,2026,Upcoming,1,Matthew Schultz,865433.3,H6AK01084,Nicholas Begich III,5470446.24,H2AK01083,FEC bulk (webl/weball 2016-2026),
H,AL,AL-01,2016,Regular,0,,,,Bradley Byrne,1367469.77,H4AL01123,FEC bulk (webl/weball 2016-2026),
H,AL,AL-01,2018,Regular,1,Robert Kennedy,166845.21,H8AL01066,Bradley Byrne,1463187.12,H4AL01123,FEC bulk (webl/weball 2016-2026),
H,AL,AL-01,2020,Regular,1,James Averhart,80094.95,H0AL01097,Jerry Carl,2344516.53,H0AL01055,FEC bulk (webl/weball 2016-2026),
H,AL,AL-01,2022,Regular,0,Alexander Remrey,0,,Jerry Carl,1313718.57,H0AL01055,FEC bulk (webl/weball 2016-2026),dem:no-fec-filings(sub-threshold)
H,AL,AL-01,2024,Regular,1,Tom Holmes,17698.86,H4AL01255,Barry Moore,1130187.3,H8AL02171,FEC bulk (webl/weball 2016-2026),
H,AL,AL-01,2026,Upcoming,1,Clyde Jones,85967.63,H6AL01094,Rhett Marques,1318573.55,H6AL01086,FEC bulk (webl/weball 2016-2026),
H,AL,AL-02,2016,Regular,1,Nathan Mathis,36844.0,H6AL02167,Martha Roby,1404260.12,H0AL02087,FEC bulk (webl/weball 2016-2026),
H,AL,AL-02,2018,Regular,1,Tabitha Isner,524941.35,H8AL02197,Martha Roby,2573681.12,H0AL02087,FEC bulk (webl/weball 2016-2026),
H,AL,AL-02,2020,Regular,1,Phyllis Harvey-Hall,57722.77,H0AL02202,Barry Moore,837715.85,H8AL02171,FEC bulk (webl/weball 2016-2026),
H,AL,AL-02,2022,Regular,1,Phyllis Harvey-Hall,60440.24,H0AL02202,Barry Moore,891776.46,H8AL02171,FEC bulk (webl/weball 2016-2026),
H,AL,AL-02,2024,Regular,1,Shomari Figures,2628628.73,H4AL02170,Caroleene Dobson,3857871.22,H4AL02220,FEC bulk (webl/weball 2016-2026),
H,AL,AL-02,2026,Upcoming,1,Shomari Figures,1355788.62,H4AL02170,Hampton Harris,245500.3,H4AL02139,FEC bulk (webl/weball 2016-2026),
H,AL,AL-03,2016,Regular,1,Jesse Smith,9810.0,H4AL03061,Mike Rogers,1139022.37,H2AL03032,FEC bulk (webl/weball 2016-2026),
H,AL,AL-03,2018,Regular,1,Mallory Hagan,467514.71,H8AL03054,Mike Rogers,1350417.37,H2AL03032,FEC bulk (webl/weball 2016-2026),
H,AL,AL-03,2020,Regular,1,Adia Winfrey,50523.2,H8AL03062,Mike Rogers,1202888.07,H2AL03032,FEC bulk (webl/weball 2016-2026),
H,AL,AL-03,2022,Regular,1,Lin Veasey,9968.0,H2AL03131,Mike Rogers,2262995.22,H2AL03032,FEC bulk (webl/weball 2016-2026),
H,AL,AL-03,2024,Regular,0,,,,Mike Rogers,2931555.95,H2AL03032,FEC bulk (webl/weball 2016-2026),
H,AL,AL-03,2026,Upcoming,1,Victor McInnis,60787.05,H6AL03199,Mike Rogers,2133554.37,H2AL03032,FEC bulk (webl/weball 2016-2026),
H,AL,AL-04,2016,Regular,0,,,,Robert Aderholt,1441035.62,H6AL04098,FEC bulk (webl/weball 2016-2026),
H,AL,AL-04,2018,Regular,1,Lee Auman,70425.87,H8AL04094,Robert Aderholt,1550530.91,H6AL04098,FEC bulk (webl/weball 2016-2026),
H,AL,AL-04,2020,Regular,1,Rick Neighbors,48942.68,H8AL04086,Robert Aderholt,1283402.11,H6AL04098,FEC bulk (webl/weball 2016-2026),
H,AL,AL-04,2022,Regular,1,Rick Neighbors,22648.3,H8AL04086,Robert Aderholt,1540807.2,H6AL04098,FEC bulk (webl/weball 2016-2026),
H,AL,AL-04,2024,Regular,0,,,,Robert Aderholt,1499911.78,H6AL04098,FEC bulk (webl/weball 2016-2026),
H,AL,AL-04,2026,Upcoming,1,Amanda Pusczek,15590.75,H6AL05228,Robert Aderholt,1022664.06,H6AL04098,FEC bulk (webl/weball 2016-2026),
H,AL,AL-05,2016,Regular,1,Will Boyd,61311.93,H6AL05202,Mo Brooks,476225.18,H0AL05163,FEC bulk (webl/weball 2016-2026),
H,AL,AL-05,2018,Regular,1,Peter Joffrion,590173.38,H8AL05190,Mo Brooks,1527246.16,H0AL05163,FEC bulk (webl/weball 2016-2026),
H,AL,AL-05,2020,Regular,0,,,,Mo Brooks,669026.33,H0AL05163,FEC bulk (webl/weball 2016-2026),
H,AL,AL-05,2022,Regular,1,Kathy Warner-Stanton,85150.0,H2AL05177,Dale Strong,1994353.59,H2AL05102,FEC bulk (webl/weball 2016-2026),
H,AL,AL-05,2024,Regular,0,,,,Dale Strong,1301231.26,H2AL05102,FEC bulk (webl/weball 2016-2026),
H,AL,AL-05,2026,Upcoming,1,Andrew Sneed,646512.03,H6AL05244,Dale Strong,1477819.41,H2AL05102,FEC bulk (webl/weball 2016-2026),
H,AL,AL-06,2016,Regular,1,David Putman,197378.52,H6AL06127,Gary Palmer,1232446.2,H4AL06098,FEC bulk (webl/weball 2016-2026),
H,AL,AL-06,2018,Regular,1,Danner Kline,287432.23,H8AL06099,Gary Palmer,1216730.71,H4AL06098,FEC bulk (webl/weball 2016-2026),
H,AL,AL-06,2020,Regular,0,,,,Gary Palmer,919678.33,H4AL06098,FEC bulk (webl/weball 2016-2026),
H,AL,AL-06,2022,Regular,0,Andria Chieffo,0,,Gary Palmer,1278902.76,H4AL06098,FEC bulk (webl/weball 2016-2026),dem:no-fec-filings(sub-threshold)
H,AL,AL-06,2024,Regular,1,Elizabeth Anderson,208724.38,H4AL06189,Gary Palmer,1728601.16,H4AL06098,FEC bulk (webl/weball 2016-2026),
H,AL,AL-06,2026,Upcoming,1,Elizabeth Anderson,15898.96,H4AL06189,Gary Palmer,1053565.57,H4AL06098,FEC bulk (webl/weball 2016-2026),
H,AL,AL-07,2016,Regular,0,Terri Sewell,1630079.97,H0AL07086,,,,FEC bulk (webl/weball 2016-2026),
H,AL,AL-07,2018,Regular,0,Terri Sewell,1785098.9,H0AL07086,,,,FEC bulk (webl/weball 2016-2026),
H,AL,AL-07,2020,Regular,0,Terri Sewell,2171039.72,H0AL07086,,,,FEC bulk (webl/weball 2016-2026),
H,AL,AL-07,2022,Regular,1,Terri Sewell,2359060.83,H0AL07086,Beatrice Nichols,47728.98,H2AL07173,FEC bulk (webl/weball 2016-2026),
H,AL,AL-07,2024,Regular,1,Terri Sewell,3036770.95,H0AL07086,Robin Litaker,42634.27,H4AL07104,FEC bulk (webl/weball 2016-2026),
H,AL,AL-07,2026,Upcoming,1,Terri Sewell,1961990.72,H0AL07086,Generic Republican,0,,FEC bulk (webl/weball 2016-2026),rep:no-fec-filings(sub-threshold)
H,AR,AR-01,2016,Regular,0,Mark West,0,,Rick Crawford,669501.96,H0AR01083,FEC bulk (webl/weball 2016-2026),dem:no-fec-filings(sub-threshold)
H,AR,AR-01,2018,Regular,1,Chintan Desai,137153.22,H8AR01029,Rick Crawford,1019464.16,H0AR01083,FEC bulk (webl/weball 2016-2026),
H,AR,AR-01,2020,Regular,0,,,,Rick Crawford,966801.25,H0AR01083,FEC bulk (webl/weball 2016-2026),
H,AR,AR-01,2022,Regular,1,Monte Hodges,66983.81,H2AR01113,Rick Crawford,1087410.34,H0AR01083,FEC bulk (webl/weball 2016-2026),
H,AR,AR-01,2024,Regular,1,Rodney Govens,95238.76,H4AR01077,Rick Crawford,1098029.43,H0AR01083,FEC bulk (webl/weball 2016-2026),
H,AR,AR-01,2026,Upcoming,1,Terri Green,65149.26,H6AR01155,Rick Crawford,944302.03,H0AR01083,FEC bulk (webl/weball 2016-2026),
H,AR,AR-02,2016,Regular,1,Dianne Curry,37666.34,H6AR02245,French Hill,2240181.57,H4AR02141,FEC bulk (webl/weball 2016-2026),
H,AR,AR-02,2018,Regular,1,Clarke Tucker,2366991.03,H8AR02159,French Hill,2934564.98,H4AR02141,FEC bulk (webl/weball 2016-2026),
H,AR,AR-02,2020,Regular,1,Joyce Elliott,3543886.52,H0AR02206,French Hill,3423234.37,H4AR02141,FEC bulk (webl/weball 2016-2026),
H,AR,AR-02,2022,Regular,1,Quintessa Hathaway,10421.88,H2AR02095,French Hill,3396282.37,H4AR02141,FEC bulk (webl/weball 2016-2026),
H,AR,AR-02,2024,Regular,1,Marcus Jones,476872.35,H4AR02232,French Hill,3802050.59,H4AR02141,FEC bulk (webl/weball 2016-2026),
H,AR,AR-02,2026,Upcoming,1,Chris Jones,1174414.32,H6AR02286,French Hill,4421509.93,H4AR02141,FEC bulk (webl/weball 2016-2026),
H,AR,AR-03,2016,Regular,0,Steve Isaacson,0,,Steve Womack,931782.13,H0AR03055,FEC bulk (webl/weball 2016-2026),dem:no-fec-filings(sub-threshold)
H,AR,AR-03,2018,Regular,1,Josh Mahony,266234.41,H8AR03074,Steve Womack,1211826.66,H0AR03055,FEC bulk (webl/weball 2016-2026),
H,AR,AR-03,2020,Regular,1,Celeste Williams,356059.69,H0AR03105,Steve Womack,1128158.85,H0AR03055,FEC bulk (webl/weball 2016-2026),
H,AR,AR-03,2022,Regular,1,Lauren Mallett-Hays,65741.89,H2AR03283,Steve Womack,1664168.78,H0AR03055,FEC bulk (webl/weball 2016-2026),
H,AR,AR-03,2024,Regular,1,Caitlin Draper,258728.40,,Steve Womack,2474937.89,H0AR03055,FEC bulk (webl/weball 2016-2026),"dem:no-fec-filings(sub-threshold); dem receipts via FEC API — files as ""MATTELIN, CAITLIN RAE DRAPER"" (bulk name match missed it)"
H,AR,AR-03,2026,Upcoming,1,Robb Ryerse,120526.35,H6AR03128,Steve Womack,1871760.74,H0AR03055,FEC bulk (webl/weball 2016-2026),
H,AR,AR-04,2016,Regular,0,Kerry Hicks,0,,Bruce Westerman,716791.26,H4AR04048,FEC bulk (webl/weball 2016-2026),dem:no-fec-filings(sub-threshold)
H,AR,AR-04,2018,Regular,1,Hayden Catherine Shamel,157247.12,H8AR04130,Bruce Westerman,1624216.85,H4AR04048,FEC bulk (webl/weball 2016-2026),
H,AR,AR-04,2020,Regular,1,William Hanson,109767.15,H0AR04087,Bruce Westerman,1428508.39,H4AR04048,FEC bulk (webl/weball 2016-2026),
H,AR,AR-04,2022,Regular,1,John White,0,,Bruce Westerman,1944291.45,H4AR04048,FEC bulk (webl/weball 2016-2026),dem:no-fec-filings(sub-threshold)
H,AR,AR-04,2024,Regular,1,Risie Howard,12981.87,H4AR04089,Bruce Westerman,2736566.95,H4AR04048,FEC bulk (webl/weball 2016-2026),
H,AR,AR-04,2026,Upcoming,1,James Russell,5853.42,H6AR04084,Bruce Westerman,2562973.36,H4AR04048,FEC bulk (webl/weball 2016-2026),
H,AZ,AZ-01,2016,Regular,1,Tom O'Halleran,1605996.95,H6AZ01199,Paul Babeu,1294238.74,H2AZ04127,FEC bulk (webl/weball 2016-2026),
H,AZ,AZ-01,2018,Regular,1,Tom O'Halleran,2748953.04,H6AZ01199,Wendy Rogers,1423836.68,H2AZ09035,FEC bulk (webl/weball 2016-2026),
H,AZ,AZ-01,2020,Regular,1,Tom O'Halleran,3416902.11,H6AZ01199,Tiffany Shedd,1715148.4,H8AZ01237,FEC bulk (webl/weball 2016-2026),
H,AZ,AZ-01,2022,Regular,1,Jevin Hodge,2565414.5,H2AZ06221,David Schweikert,2018409.26,H4AZ06045,FEC bulk (webl/weball 2016-2026),
H,AZ,AZ-01,2024,Regular,1,Amish Shah,6343150.1,H4AZ01194,David Schweikert,4213494.89,H4AZ06045,FEC bulk (webl/weball 2016-2026),
H,AZ,AZ-01,2026,Upcoming,1,Jonathan Treble,3979423.82,H6AZ01298,Thomas Feely,2528497.1,H6AZ05190,FEC bulk (webl/weball 2016-2026),
H,AZ,AZ-02,2016,Regular,1,Matt Heinz,1585093.47,H6AZ02189,Martha McSally,7878156.18,H2AZ08102,FEC bulk (webl/weball 2016-2026),
H,AZ,AZ-02,2018,Regular,1,Ann Kirkpatrick,4591984.57,H8AZ01104,Lea Marquez Peterson,1466445.23,H8AZ02185,FEC bulk (webl/weball 2016-2026),
H,AZ,AZ-02,2020,Regular,1,Ann Kirkpatrick,1898759.09,H8AZ01104,Brandon Martin,387348.15,H8AZ02201,FEC bulk (webl/weball 2016-2026),
H,AZ,AZ-02,2022,Regular,1,Tom O'Halleran,4300864.23,H6AZ01199,Eli Crane,3779765.67,H2AZ01354,FEC bulk (webl/weball 2016-2026),
H,AZ,AZ-02,2024,Regular,1,Jonathan Nez,5522850.09,H4AZ02184,Eli Crane,8559239.47,H2AZ01354,FEC bulk (webl/weball 2016-2026),
H,AZ,AZ-02,2026,Upcoming,1,Jonathan Nez,3519760.15,H4AZ02184,Eli Crane,9481427.94,H2AZ01354,FEC bulk (webl/weball 2016-2026),
H,AZ,AZ-03,2016,Regular,1,Raúl Grijalva,664591.65,H2AZ07070,Bill Abatecola,0,,FEC bulk (webl/weball 2016-2026),rep:no-fec-filings(sub-threshold)
H,AZ,AZ-03,2018,Regular,1,Raúl Grijalva,713305.82,H2AZ07070,Nick Pierson,77401.0,H8AZ03159,FEC bulk (webl/weball 2016-2026),
H,AZ,AZ-03,2020,Regular,1,Raúl Grijalva,879340.53,H2AZ07070,Daniel Wood,41941.53,H0AZ03461,FEC bulk (webl/weball 2016-2026),
H,AZ,AZ-03,2022,Regular,1,Ruben Gallego,2933465.25,H4AZ07043,Jeff Zink,73781.24,H2AZ07187,FEC bulk (webl/weball 2016-2026),
H,AZ,AZ-03,2024,Regular,1,Yassamin Ansari,2876682.29,H4AZ03109,Jeff Zink,60847.0,H2AZ07187,FEC bulk (webl/weball 2016-2026),
H,AZ,AZ-03,2026,Upcoming,1,Yassamin Ansari,1436332.77,H4AZ03109,Kirt Burgess,0,,FEC bulk (webl/weball 2016-2026),rep:no-fec-filings(sub-threshold)
H,AZ,AZ-04,2016,Regular,1,Mikel Weisser,36043.62,H2AZ04143,Paul Gosar,707653.4,H0AZ01259,FEC bulk (webl/weball 2016-2026),
H,AZ,AZ-04,2018,Regular,1,David Brill,598542.59,H8AZ04140,Paul Gosar,588764.42,H0AZ01259,FEC bulk (webl/weball 2016-2026),
H,AZ,AZ-04,2020,Regular,1,Delina DiSanto,77167.5,H8AZ04165,Paul Gosar,651498.66,H0AZ01259,FEC bulk (webl/weball 2016-2026),
H,AZ,AZ-04,2022,Regular,1,Greg Stanton,4314114.15,H8AZ09040,Kelly Cooper,2342076.93,H2AZ09191,FEC bulk (webl/weball 2016-2026),
H,AZ,AZ-04,2024,Regular,1,Greg Stanton,2796248.73,H8AZ09040,Kelly Cooper,788327.2,H2AZ09191,FEC bulk (webl/weball 2016-2026),
H,AZ,AZ-04,2026,Upcoming,1,Greg Stanton,2117114.23,H8AZ09040,Zuhdi Jasser,564640.66,H4AZ04115,FEC bulk (webl/weball 2016-2026),
H,AZ,AZ-05,2016,Regular,1,Talia Fuentes,18657.82,H6AZ05133,Andy Biggs,995666.43,H6AZ05083,FEC bulk (webl/weball 2016-2026),
H,AZ,AZ-05,2018,Regular,1,Joan Greene,201030.73,H8AZ05154,Andy Biggs,789616.16,H6AZ05083,FEC bulk (webl/weball 2016-2026),
H,AZ,AZ-05,2020,Regular,1,Joan Greene,228587.69,H8AZ05154,Andy Biggs,1704233.12,H6AZ05083,FEC bulk (webl/weball 2016-2026),
H,AZ,AZ-05,2022,Regular,1,Javier Ramos,16642.54,H0AZ05185,Andy Biggs,2116014.71,H6AZ05083,FEC bulk (webl/weball 2016-2026),
H,AZ,AZ-05,2024,Regular,1,Katrina Schaffner,69745.77,H4AZ05112,Andy Biggs,1383059.41,H6AZ05083,FEC bulk (webl/weball 2016-2026),
H,AZ,AZ-05,2026,Upcoming,1,Christopher James,134852.29,H6AZ05216,Andy Biggs,28245.83,H6AZ05083,FEC bulk (webl/weball 2016-2026),
H,AZ,AZ-06,2016,Regular,1,John Williamson,6470.77,H2AZ05132,David Schweikert,797747.29,H4AZ06045,FEC bulk (webl/weball 2016-2026),
H,AZ,AZ-06,2018,Regular,1,Anita Malik,397776.28,H8AZ06103,David Schweikert,1789742.69,H4AZ06045,FEC bulk (webl/weball 2016-2026),
H,AZ,AZ-06,2020,Regular,1,Hiral Tipirneni,6348267.98,H8AZ08083,David Schweikert,2298670.48,H4AZ06045,FEC bulk (webl/weball 2016-2026),
H,AZ,AZ-06,2022,Regular,1,Kirsten Engel,2474877.8,H2AZ02311,Juan Ciscomani,3398846.75,H2AZ02360,FEC bulk (webl/weball 2016-2026),
H,AZ,AZ-06,2024,Regular,1,Kirsten Engel,8461618.48,H2AZ02311,Juan Ciscomani,7035782.04,H2AZ02360,FEC bulk (webl/weball 2016-2026),
H,AZ,AZ-06,2026,Upcoming,1,Joanna Mendoza,7354808.32,H6AZ06099,Juan Ciscomani,6172866.72,H2AZ02360,FEC bulk (webl/weball 2016-2026),
H,AZ,AZ-07,2016,Regular,1,Ruben Gallego,1093477.4,H4AZ07043,Eve Nunez,33620.36,H6AZ07030,FEC bulk (webl/weball 2016-2026),
H,AZ,AZ-07,2018,Regular,1,Ruben Gallego,1029052.74,H4AZ07043,007 Bond IV,0,,FEC bulk (webl/weball 2016-2026),rep:no-fec-filings(sub-threshold)
H,AZ,AZ-07,2020,Regular,1,Ruben Gallego,1826462.48,H4AZ07043,Joshua Barnett,28093.0,H0AZ07082,FEC bulk (webl/weball 2016-2026),
H,AZ,AZ-07,2022,Regular,1,Raúl Grijalva,660513.91,H2AZ07070,Luis Pozzolo,268102.04,H2AZ03152,FEC bulk (webl/weball 2016-2026),
H,AZ,AZ-07,2024,Regular,1,Raul Grijalva,643862.68,H2AZ07070,Daniel Butierez,78606.9,H4AZ07134,FEC bulk (webl/weball 2016-2026),
H,AZ,AZ-07,2026,Upcoming,1,Adelita Grijalva,2285639.26,H6AZ07121,Daniel Butierez,224367.4,H4AZ07134,FEC bulk (webl/weball 2016-2026),
H,AZ,AZ-08,2016,Regular,0,Mark Salazar,0,,Trent Franks,362299.08,H4AZ04024,FEC bulk (webl/weball 2016-2026),dem:no-fec-filings(sub-threshold)
H,AZ,AZ-08,2018,Regular,1,Hiral Tipirneni,4579945.1,H8AZ08083,Debbie Lesko,2103473.83,H8AZ08158,FEC bulk (webl/weball 2016-2026),
H,AZ,AZ-08,2020,Regular,1,Michael Muscato,409500.75,H0AZ08072,Debbie Lesko,1614574.2,H8AZ08158,FEC bulk (webl/weball 2016-2026),
H,AZ,AZ-08,2022,Regular,1,Jeremy Spreitzer,855.0,H2AZ08201,Debbie Lesko,1198976.4,H8AZ08158,FEC bulk (webl/weball 2016-2026),
H,AZ,AZ-08,2024,Regular,1,Greg Whitten,576752.74,H4AZ08090,Abraham Hamadeh,1994018.86,H4AZ08108,FEC bulk (webl/weball 2016-2026),
H,AZ,AZ-08,2026,Upcoming,1,Bernadette Placentia,0,,Abraham Hamadeh,1206361.13,H4AZ08108,FEC bulk (webl/weball 2016-2026),dem:no-fec-filings(sub-threshold)
H,AZ,AZ-09,2016,Regular,1,Kyrsten Sinema,4402181.31,H2AZ09019,Dave Giles,273769.71,H6AZ09010,FEC bulk (webl/weball 2016-2026),
H,AZ,AZ-09,2018,Regular,1,Greg Stanton,2510256.26,H8AZ09040,Stephen Ferrara,1565927.76,H8AZ09024,FEC bulk (webl/weball 2016-2026),
H,AZ,AZ-09,2020,Regular,1,Greg Stanton,2020240.34,H8AZ09040,Dave Giles,130480.29,H6AZ09010,FEC bulk (webl/weball 2016-2026),
H,AZ,AZ-09,2022,Regular,1,Richard Grayson,0,,Paul Gosar,949145.58,H0AZ01259,FEC bulk (webl/weball 2016-2026),dem:no-fec-filings(sub-threshold)
H,AZ,AZ-09,2024,Regular,1,Quacy Smith,236354.19,H4AZ09049,Paul Gosar,478477.68,H0AZ01259,FEC bulk (webl/weball 2016-2026),
H,AZ,AZ-09,2026,Upcoming,1,Danielle Sterbinsky,354382.57,H6AZ09085,Paul Gosar,580042.5,H0AZ01259,FEC bulk (webl/weball 2016-2026),
H,CA,CA-01,2016,Regular,1,Jim Reed,138508.99,H6CA01194,Doug LaMalfa,800277.02,H2CA02142,FEC bulk (webl/weball 2016-2026),
H,CA,CA-01,2018,Regular,1,Audrey Denney,1097584.95,H8CA01257,Doug LaMalfa,1034565.26,H2CA02142,FEC bulk (webl/weball 2016-2026),
H,CA,CA-01,2020,Regular,1,Audrey Denney,2479555.32,H8CA01257,Doug LaMalfa,1243064.68,H2CA02142,FEC bulk (webl/weball 2016-2026),
H,CA,CA-01,2022,Regular,1,Max Steiner,627432.86,H2CA01227,Doug LaMalfa,961209.18,H2CA02142,FEC bulk (webl/weball 2016-2026),
H,CA,CA-01,2024,Regular,1,Rese Penelope Yee,86105.64,H4CA01140,Doug LaMalfa,1012001.47,H2CA02142,FEC bulk (webl/weball 2016-2026),
H,CA,CA-01,2026,Upcoming,1,Mike McGuire,1827711.04,H6CA01269,James Gallagher,1488905.68,H6CA01285,FEC bulk (webl/weball 2016-2026),
H,CA,CA-02,2016,Regular,1,Jared Huffman,973816.67,H2CA06259,Dale Mensing,4587.0,H4CA02098,FEC bulk (webl/weball 2016-2026),
H,CA,CA-02,2018,Regular,1,Jared Huffman,951336.24,H2CA06259,Dale Mensing,4918.0,H4CA02098,FEC bulk (webl/weball 2016-2026),
H,CA,CA-02,2020,Regular,1,Jared Huffman,923478.05,H2CA06259,Dale Mensing,5959.5,H4CA02098,FEC bulk (webl/weball 2016-2026),
H,CA,CA-02,2022,Regular,1,Jared Huffman,938689.41,H2CA06259,Douglas Brower,15677.0,H2CA02209,FEC bulk (webl/weball 2016-2026),
H,CA,CA-02,2024,Regular,1,Jared Huffman,1014658.0,H2CA06259,Chris Coulombe,123590.25,H2CA02241,FEC bulk (webl/weball 2016-2026),
H,CA,CA-02,2026,Upcoming,1,Jared Huffman,978276.98,H2CA06259,Robin Littau,0,,FEC bulk (webl/weball 2016-2026),rep:no-fec-filings(sub-threshold)
H,CA,CA-03,2016,Regular,1,John Garamendi,1145846.45,H0CA10149,Eugene Cleek,382004.01,H6CA03117,FEC bulk (webl/weball 2016-2026),
H,CA,CA-03,2018,Regular,1,John Garamendi,1120045.28,H0CA10149,Charlie Schaupp,38285.99,H6CA03067,FEC bulk (webl/weball 2016-2026),
H,CA,CA-03,2020,Regular,1,John Garamendi,1103806.22,H0CA10149,Tamika Hamilton,397099.11,H0CA03128,FEC bulk (webl/weball 2016-2026),
H,CA,CA-03,2022,Regular,1,Kermit Jones,3261535.0,H2CA04122,Kevin Kiley,3212844.0,H2CA03157,FEC bulk (webl/weball 2016-2026),
H,CA,CA-03,2024,Regular,1,Jessica Morse,3082382.7,H8CA04210,Kevin Kiley,4266158.4,H2CA03157,FEC bulk (webl/weball 2016-2026),
H,CA,CA-03,2026,Upcoming,1,Ami Bera,1250126.28,H0CA03078,Robb Tucker,258139.01,H6CA03174,FEC bulk (webl/weball 2016-2026),
H,CA,CA-04,2016,Regular,1,Robert Derlet,105527.33,H6CA04156,Tom McClintock,1058570.56,H8CA04152,FEC bulk (webl/weball 2016-2026),
H,CA,CA-04,2018,Regular,1,Jessica Morse,3813237.37,H8CA04210,Tom McClintock,1749596.79,H8CA04152,FEC bulk (webl/weball 2016-2026),
H,CA,CA-04,2020,Regular,1,Brynne Kennedy,3022017.35,H0CA04175,Tom McClintock,2076411.14,H8CA04152,FEC bulk (webl/weball 2016-2026),
H,CA,CA-04,2022,Regular,1,Mike Thompson,2278299.13,H8CA01109,Matt Brock,11265.0,H2CA04148,FEC bulk (webl/weball 2016-2026),
H,CA,CA-04,2024,Regular,1,Mike Thompson,2434299.38,H8CA01109,John Munn,159805.48,H4CA04128,FEC bulk (webl/weball 2016-2026),
H,CA,CA-04,2026,Upcoming,0,Mike Thompson,4204013.13,H8CA01109,Eric Jones,8378928.57,H6CA04222,FEC bulk (webl/weball 2016-2026),
H,CA,CA-05,2016,Regular,1,Mike Thompson,2057128.82,H8CA01109,Carlos Santamaria,2700.0,H6CA05336,FEC bulk (webl/weball 2016-2026),
H,CA,CA-05,2018,Regular,0,Mike Thompson,2132210.38,H8CA01109,Anthony Mills,0,,FEC bulk (webl/weball 2016-2026),rep:no-fec-filings(sub-threshold)
H,CA,CA-05,2020,Regular,1,Mike Thompson,2230112.44,H8CA01109,Scott Giblin,0.0,H0CA05107,FEC bulk (webl/weball 2016-2026),
H,CA,CA-05,2022,Regular,1,Mike Barkley,461674.19,H2CA00096,Tom McClintock,1674004.02,H8CA04152,FEC bulk (webl/weball 2016-2026),
H,CA,CA-05,2024,Regular,1,Mike Barkley,86712.32,H2CA00096,Tom McClintock,1171016.98,H8CA04152,FEC bulk (webl/weball 2016-2026),
H,CA,CA-05,2026,Upcoming,1,Michael Masuda,361735.22,H6CA05377,Tom McClintock,928787.61,H8CA04152,FEC bulk (webl/weball 2016-2026),
H,CA,CA-06,2016,Regular,1,Doris Matsui,1103289.27,H6CA05195,Bob Evans,2905.0,H6CA06227,FEC bulk (webl/weball 2016-2026),
H,CA,CA-06,2018,Regular,0,Doris Matsui,1067180.03,H6CA05195,Jrmar Jefferson,0,,FEC bulk (webl/weball 2016-2026),rep:no-fec-filings(sub-threshold)
H,CA,CA-06,2020,Regular,1,Doris Matsui,1023901.06,H6CA05195,Chris Bish,45503.96,H0CA06170,FEC bulk (webl/weball 2016-2026),
H,CA,CA-06,2022,Regular,1,Ami Bera,1545895.36,H0CA03078,Tamika Hamilton,1158787.4,H0CA03128,FEC bulk (webl/weball 2016-2026),
H,CA,CA-06,2024,Regular,1,Ami Bera,1250010.96,H0CA03078,Christine Bish,182260.28,H0CA06170,FEC bulk (webl/weball 2016-2026),
H,CA,CA-06,2026,Upcoming,1,Richard Pan,1098282.7,H6CA03158,Kevin Kiley,2988805.45,H2CA03157,FEC bulk (webl/weball 2016-2026),
H,CA,CA-07,2016,Regular,1,Ami Bera,4172935.83,H0CA03078,Scott Jones,1362661.26,H6CA07126,FEC bulk (webl/weball 2016-2026),
H,CA,CA-07,2018,Regular,1,Ami Bera,2960892.11,H0CA03078,Andrew Grant,566014.2,H8CA07056,FEC bulk (webl/weball 2016-2026),
H,CA,CA-07,2020,Regular,1,Ami Bera,1830740.69,H0CA03078,Buzz Patterson,81731.71,H0CA07137,FEC bulk (webl/weball 2016-2026),
H,CA,CA-07,2022,Regular,1,Doris Matsui,1400594.49,H6CA05195,Max Semenenko,58819.37,H2CA07141,FEC bulk (webl/weball 2016-2026),
H,CA,CA-07,2024,Regular,1,Doris Matsui,1239231.82,H6CA05195,Tom Silva,5551.5,H4CA07089,FEC bulk (webl/weball 2016-2026),
H,CA,CA-07,2026,Upcoming,0,Doris Matsui,3192087.39,H6CA05195,Mai Vang,1086084.32,H6CA07175,FEC bulk (webl/weball 2016-2026),
H,CA,CA-08,2016,Regular,1,Rita Ramirez,35743.12,H8CA41139,Paul Cook,944657.62,H2CA08164,FEC bulk (webl/weball 2016-2026),
H,CA,CA-08,2018,Regular,0,Tim Donnelly,276438.37,H8CA08120,Paul Cook,978469.19,H2CA08164,FEC bulk (webl/weball 2016-2026),
H,CA,CA-08,2020,Regular,1,Christine Bubser,1878105.57,H0CA08101,Jay Obernolte,2028339.32,H0CA08135,FEC bulk (webl/weball 2016-2026),
H,CA,CA-08,2022,Regular,1,John Garamendi,1146918.01,H0CA10149,Rudy Recile,60648.94,H2CA00153,FEC bulk (webl/weball 2016-2026),
H,CA,CA-08,2024,Regular,1,John Garamendi,1113065.76,H0CA10149,Rudy Recile,21437.01,H2CA00153,FEC bulk (webl/weball 2016-2026),
H,CA,CA-08,2026,Upcoming,1,John Garamendi,489134.65,H0CA10149,Rudy Recile,8576.0,H2CA00153,FEC bulk (webl/weball 2016-2026),
H,CA,CA-09,2016,Regular,1,Jerry McNerney,1217897.4,H4CA11081,Tony Amador,65366.84,H0CA11337,FEC bulk (webl/weball 2016-2026),
H,CA,CA-09,2018,Regular,1,Jerry McNerney,1244066.27,H4CA11081,Marla Livengood,99966.73,H8CA09144,FEC bulk (webl/weball 2016-2026),
H,CA,CA-09,2020,Regular,1,Jerry McNerney,1193511.31,H4CA11081,Tony Amador,52225.0,H0CA09125,FEC bulk (webl/weball 2016-2026),
H,CA,CA-09,2022,Regular,1,Josh Harder,6593261.38,H8CA10126,Tom Patti,1627893.83,H2CA09139,FEC bulk (webl/weball 2016-2026),
H,CA,CA-09,2024,Regular,1,Josh Harder,5415539.47,H8CA10126,Kevin Lincoln,2278918.26,H4CA09093,FEC bulk (webl/weball 2016-2026),
H,CA,CA-09,2026,Upcoming,1,Josh Harder,4083527.6,H8CA10126,John McBride,52177.65,H4CA09101,FEC bulk (webl/weball 2016-2026),
H,CA,CA-10,2016,Regular,1,Michael Eggman,1639589.92,H4CA10075,Jeff Denham,3345326.67,H0CA19173,FEC bulk (webl/weball 2016-2026),
H,CA,CA-10,2018,Regular,1,Josh Harder,8441529.09,H8CA10126,Jeff Denham,4911908.8,H0CA19173,FEC bulk (webl/weball 2016-2026),
H,CA,CA-10,2020,Regular,1,Josh Harder,7540661.34,H8CA10126,Ted Howze,1582899.41,H8CA10209,FEC bulk (webl/weball 2016-2026),
H,CA,CA-10,2022,Regular,0,Mark DeSaulnier,618156.84,H0CA10073,Michael Ernest Kerr,6620.58,H2CA10244,FEC bulk (webl/weball 2016-2026),
H,CA,CA-10,2024,Regular,1,Mark DeSaulnier,664974.75,H0CA10073,Katherine Piccinini,40733.96,H4CA10109,FEC bulk (webl/weball 2016-2026),
H,CA,CA-10,2026,Upcoming,1,Mark DeSaulnier,567257.94,H0CA10073,Jeff Frese,0,,FEC bulk (webl/weball 2016-2026),rep:no-fec-filings(sub-threshold)
H,CA,CA-11,2016,Regular,1,Mark DeSaulnier,629490.86,H0CA10073,Roger Allen Petersen,8789.5,H6CA11169,FEC bulk (webl/weball 2016-2026),
H,CA,CA-11,2018,Regular,1,Mark DeSaulnier,576041.93,H0CA10073,John Fitzgerald,0,,FEC bulk (webl/weball 2016-2026),rep:no-fec-filings(sub-threshold)
H,CA,CA-11,2020,Regular,1,Mark DeSaulnier,612404.28,H0CA10073,Nisha Sharma,186079.34,H0CA15262,FEC bulk (webl/weball 2016-2026),
H,CA,CA-11,2022,Regular,1,Nancy Pelosi,25577528.17,H8CA05035,John Dennis,998254.03,H2CA12174,FEC bulk (webl/weball 2016-2026),
H,CA,CA-11,2024,Regular,1,Nancy Pelosi,10223363.88,H8CA05035,Bruce Lou,208130.5,H4CA11164,FEC bulk (webl/weball 2016-2026),
H,CA,CA-11,2026,Upcoming,0,Scott Wiener,4561120.07,H8CA11116,Connie Chan,1094321.06,H6CA11268,FEC bulk (webl/weball 2016-2026),
H,CA,CA-12,2016,Regular,0,Nancy Pelosi,4416893.49,H8CA05035,Preston Picus,28479.57,H6CA12175,FEC bulk (webl/weball 2016-2026),
H,CA,CA-12,2018,Regular,1,Nancy Pelosi,4622034.66,H8CA05035,Lisa Remmer,22442.61,H8CA12270,FEC bulk (webl/weball 2016-2026),
H,CA,CA-12,2020,Regular,0,Nancy Pelosi,27976365.38,H8CA05035,Shahid Buttar,1700783.12,H8CA12262,FEC bulk (webl/weball 2016-2026),
H,CA,CA-12,2022,Regular,1,Barbara Lee,2183372.57,H8CA09060,Stephen Slauson,1050.0,H2CA12240,FEC bulk (webl/weball 2016-2026),
H,CA,CA-12,2024,Regular,0,Lateefah Simon,2231456.15,H4CA12154,Jennifer Tran,344452.27,H4CA12196,FEC bulk (webl/weball 2016-2026),
H,CA,CA-12,2026,Upcoming,0,Lateefah Simon,1449191.49,H4CA12154,Jamie Joyce,31247.25,H6CA12209,FEC bulk (webl/weball 2016-2026),
H,CA,CA-13,2016,Regular,1,Barbara Lee,1328822.47,H8CA09060,Sue Caro,4521.0,H6CA13140,FEC bulk (webl/weball 2016-2026),
H,CA,CA-13,2018,Regular,0,Barbara Lee,1875867.26,H8CA09060,Laura Wells,9438.94,H8CA13096,FEC bulk (webl/weball 2016-2026),
H,CA,CA-13,2020,Regular,1,Barbara Lee,1888202.33,H8CA09060,Nikka Piterman,9879.41,H0CA13127,FEC bulk (webl/weball 2016-2026),
H,CA,CA-13,2022,Regular,1,Adam Gray,2390120.97,H2CA13115,John Duarte,2639924.8,H2CA13131,FEC bulk (webl/weball 2016-2026),
H,CA,CA-13,2024,Regular,1,Adam Gray,6432861.59,H2CA13115,John Duarte,4576132.43,H2CA13131,FEC bulk (webl/weball 2016-2026),
H,CA,CA-13,2026,Upcoming,1,Adam Gray,4191397.04,H2CA13115,Kevin Lincoln,2237083.78,H4CA09093,FEC bulk (webl/weball 2016-2026),
H,CA,CA-14,2016,Regular,1,Jackie Speier,874657.21,H8CA12171,Angel Cardenas,4140.06,H6CA14114,FEC bulk (webl/weball 2016-2026),
H,CA,CA-14,2018,Regular,1,Jackie Speier,961914.11,H8CA12171,Cristina Osmeña,0,,FEC bulk (webl/weball 2016-2026),rep:no-fec-filings(sub-threshold)
H,CA,CA-14,2020,Regular,1,Jackie Speier,944087.15,H8CA12171,Ran Petel,0,,FEC bulk (webl/weball 2016-2026),rep:no-fec-filings(sub-threshold)
H,CA,CA-14,2022,Regular,1,Eric Swalwell,3943361.57,H2CA15094,Alison Hayden,0.0,H0CA15247,FEC bulk (webl/weball 2016-2026),
H,CA,CA-14,2024,Regular,1,Eric Swalwell,4143083.15,H2CA15094,Vin Kruttiventi,850582.78,H4CA14093,FEC bulk (webl/weball 2016-2026),
H,CA,CA-14,2026,Upcoming,0,Aisha Wahab,631748.64,H0CA15213,Melissa Hernandez,1534263.26,H6CA14163,FEC bulk (webl/weball 2016-2026),
H,CA,CA-15,2016,Regular,1,Eric Swalwell,1986833.43,H2CA15094,Danny Turner,632.75,H6CA15152,FEC bulk (webl/weball 2016-2026),
H,CA,CA-15,2018,Regular,1,Eric Swalwell,3120878.72,H2CA15094,Rudy Peters,56807.88,H8CA15117,FEC bulk (webl/weball 2016-2026),
H,CA,CA-15,2020,Regular,1,Eric Swalwell,2942935.7,H2CA15094,Alison Hayden,0.0,H0CA15247,FEC bulk (webl/weball 2016-2026),
H,CA,CA-15,2022,Regular,0,Kevin Mullin,1213762.86,H2CA14162,David Canepa,815538.47,H2CA14170,FEC bulk (webl/weball 2016-2026),
H,CA,CA-15,2024,Regular,1,Kevin Mullin,808090.91,H2CA14162,Anna Cheng Kramer,160182.74,H4CA15074,FEC bulk (webl/weball 2016-2026),
H,CA,CA-15,2026,Upcoming,1,Kevin Mullin,819661.88,H2CA14162,Charles Hoelter,0,,FEC bulk (webl/weball 2016-2026),rep:no-fec-filings(sub-threshold)
H,CA,CA-16,2016,Regular,1,Jim Costa,1759404.4,H4CA20082,Johnny Tacherra,547428.08,H2CA16100,FEC bulk (webl/weball 2016-2026),
H,CA,CA-16,2018,Regular,1,Jim Costa,1856797.6,H4CA20082,Elizabeth Heng,1298558.89,H8CA16065,FEC bulk (webl/weball 2016-2026),
H,CA,CA-16,2020,Regular,1,Jim Costa,2146774.73,H4CA20082,Kevin Cookingham,270292.35,H0CA16120,FEC bulk (webl/weball 2016-2026),
H,CA,CA-16,2022,Regular,0,Anna Eshoo,2037404.98,H8CA12098,Rishi Kumar,747661.06,H0CA18068,FEC bulk (webl/weball 2016-2026),
H,CA,CA-16,2024,Regular,1,Sam Liccardo,6226443.41,H4CA16197,Evan Low,3717868.88,H4CA16239,FEC bulk (webl/weball 2016-2026),
H,CA,CA-16,2026,Upcoming,1,Sam Liccardo,3489297.65,H4CA16197,Peter Soule,400.0,H6CA16176,FEC bulk (webl/weball 2016-2026),
H,CA,CA-17,2016,Regular,0,Ro Khanna,3732538.09,H4CA12055,Mike Honda,2996005.94,H0CA15148,FEC bulk (webl/weball 2016-2026),
H,CA,CA-17,2018,Regular,1,Ro Khanna,2745646.11,H4CA12055,Ron Cohen,3631.0,H6CA17141,FEC bulk (webl/weball 2016-2026),
H,CA,CA-17,2020,Regular,1,Ro Khanna,3917727.13,H4CA12055,Ritesh Tandon,178536.32,H0CA17193,FEC bulk (webl/weball 2016-2026),
H,CA,CA-17,2022,Regular,1,Ro Khanna,5949743.81,H4CA12055,Ritesh Tandon,116486.0,H0CA17193,FEC bulk (webl/weball 2016-2026),
H,CA,CA-17,2024,Regular,1,Ro Khanna,10570516.03,H4CA12055,Anita Chen,73273.05,H4CA17310,FEC bulk (webl/weball 2016-2026),
H,CA,CA-17,2026,Upcoming,1,Ro Khanna,13761490.91,H4CA12055,Ritesh Tandon,37653.48,H0CA17193,FEC bulk (webl/weball 2016-2026),
H,CA,CA-18,2016,Regular,1,Anna Eshoo,1375000.13,H8CA12098,Richard Fox,26480.93,H4CA18094,FEC bulk (webl/weball 2016-2026),
H,CA,CA-18,2018,Regular,1,Anna Eshoo,1456223.86,H8CA12098,Christine Russell,0,,FEC bulk (webl/weball 2016-2026),rep:no-fec-filings(sub-threshold)
H,CA,CA-18,2020,Regular,0,Anna Eshoo,2134402.98,H8CA12098,Rishi Kumar,705314.84,H0CA18068,FEC bulk (webl/weball 2016-2026),
H,CA,CA-18,2022,Regular,1,Zoe Lofgren,2022557.14,H4CA16049,Peter Hernandez,251022.45,H2CA18163,FEC bulk (webl/weball 2016-2026),
H,CA,CA-18,2024,Regular,1,Zoe Lofgren,2327179.93,H4CA16049,Peter Hernandez,198166.89,H2CA18163,FEC bulk (webl/weball 2016-2026),
H,CA,CA-18,2026,Upcoming,1,Zoe Lofgren,1721916.01,H4CA16049,Shane Lewis,60180.12,H6CA18172,FEC bulk (webl/weball 2016-2026),
H,CA,CA-19,2016,Regular,1,Zoe Lofgren,1381139.75,H4CA16049,Burt Lancaster,5500.0,H6CA19121,FEC bulk (webl/weball 2016-2026),
H,CA,CA-19,2018,Regular,1,Zoe Lofgren,1733955.08,H4CA16049,Justin James Aguilera,26127.27,H8CA19051,FEC bulk (webl/weball 2016-2026),
H,CA,CA-19,2020,Regular,1,Zoe Lofgren,1795701.51,H4CA16049,Justin James Aguilera,9112.0,H8CA19051,FEC bulk (webl/weball 2016-2026),
H,CA,CA-19,2022,Regular,1,Jimmy Panetta,2623733.1,H6CA20152,Jeff Gorman,58794.18,H0CA20122,FEC bulk (webl/weball 2016-2026),
H,CA,CA-19,2024,Regular,1,Jimmy Panetta,3357555.24,H6CA20152,Jason Michael Anderson,18044.56,H4CA19100,FEC bulk (webl/weball 2016-2026),
H,CA,CA-19,2026,Upcoming,1,Jimmy Panetta,2887609.62,H6CA20152,Peter Verbica,76324.0,H6CA19154,FEC bulk (webl/weball 2016-2026),
H,CA,CA-20,2016,Regular,1,Jimmy Panetta,1417975.94,H6CA20152,Casey Lucius,420766.94,H6CA20145,FEC bulk (webl/weball 2016-2026),
H,CA,CA-20,2018,Regular,0,Jimmy Panetta,1256256.36,H6CA20152,Ronald Paul Kabat,0,,FEC bulk (webl/weball 2016-2026),rep:no-fec-filings(sub-threshold)
H,CA,CA-20,2020,Regular,1,Jimmy Panetta,2013939.46,H6CA20152,Jeff Gorman,67734.2,H0CA20122,FEC bulk (webl/weball 2016-2026),
H,CA,CA-20,2022,Regular,1,Marisa Wood,1051451.47,H2CA23155,Kevin McCarthy,28295639.53,H6CA22125,FEC bulk (webl/weball 2016-2026),
H,CA,CA-20,2024,Regular,0,Mike Boudreaux,457481.76,H4CA20199,Vince Fong,2311886.6,H4CA20181,FEC bulk (webl/weball 2016-2026),
H,CA,CA-20,2026,Upcoming,1,Sandra Van Scotter,17086.03,H6CA20228,Vince Fong,1849356.3,H4CA20181,FEC bulk (webl/weball 2016-2026),
H,CA,CA-21,2016,Regular,1,Emilio Huerta,774232.31,H6CA21218,David Valadao,2783958.76,H2CA20094,FEC bulk (webl/weball 2016-2026),
H,CA,CA-21,2018,Regular,1,TJ Cox,2975996.02,H8CA10167,David Valadao,3285165.34,H2CA20094,FEC bulk (webl/weball 2016-2026),
H,CA,CA-21,2020,Regular,1,TJ Cox,6095804.97,H8CA10167,David Valadao,4095745.97,H2CA20094,FEC bulk (webl/weball 2016-2026),
H,CA,CA-21,2022,Regular,1,Jim Costa,2034865.46,H4CA20082,Michael Maher,311788.67,H2CA22215,FEC bulk (webl/weball 2016-2026),
H,CA,CA-21,2024,Regular,1,Jim Costa,1705407.96,H4CA20082,Michael Maher,785000.57,H2CA22215,FEC bulk (webl/weball 2016-2026),
H,CA,CA-21,2026,Upcoming,1,Jim Costa,1338630.34,H4CA20082,Kyle Kirkland,338970.81,H6CA13199,FEC bulk (webl/weball 2016-2026),
H,CA,CA-22,2016,Regular,1,Louie Campos,0.0,H2CA38237,Devin Nunes,2463359.88,H8CA20059,FEC bulk (webl/weball 2016-2026),
H,CA,CA-22,2018,Regular,1,Andrew Janz,9233869.01,H8CA22139,Devin Nunes,12690863.36,H8CA20059,FEC bulk (webl/weball 2016-2026),
H,CA,CA-22,2020,Regular,1,Phil Arballo,5175373.02,H0CA22102,Devin Nunes,26871171.4,H8CA20059,FEC bulk (webl/weball 2016-2026),
H,CA,CA-22,2022,Regular,1,Rudy Salas,2953288.73,H2CA21233,David Valadao,3738008.91,H2CA20094,FEC bulk (webl/weball 2016-2026),
H,CA,CA-22,2024,Regular,1,Rudy Salas,6515959.58,H2CA21233,David Valadao,4912595.46,H2CA20094,FEC bulk (webl/weball 2016-2026),
H,CA,CA-22,2026,Upcoming,1,Randy Villegas,2645560.49,H6CA22190,David Valadao,4927601.63,H2CA20094,FEC bulk (webl/weball 2016-2026),
H,CA,CA-23,2016,Regular,1,Wendy Reed,40357.4,H6CA23206,Kevin McCarthy,7824640.59,H6CA22125,FEC bulk (webl/weball 2016-2026),
H,CA,CA-23,2018,Regular,1,Tatiana Matta,116057.86,H8CA23103,Kevin McCarthy,8018574.59,H6CA22125,FEC bulk (webl/weball 2016-2026),
H,CA,CA-23,2020,Regular,1,Kim Mangone,1688876.58,H0CA23167,Kevin McCarthy,28663630.1,H6CA22125,FEC bulk (webl/weball 2016-2026),
H,CA,CA-23,2022,Regular,1,Derek Marshall,956858.59,H2CA08214,Jay Obernolte,1060460.56,H0CA08135,FEC bulk (webl/weball 2016-2026),
H,CA,CA-23,2024,Regular,1,Derek Marshall,759288.77,H2CA08214,Jay Obernolte,1532906.86,H0CA08135,FEC bulk (webl/weball 2016-2026),
H,CA,CA-23,2026,Upcoming,1,Tessa Lynn Hodge,79499.12,H6CA23230,Jay Obernolte,1455867.71,H0CA08135,FEC bulk (webl/weball 2016-2026),
H,CA,CA-24,2016,Regular,1,Salud Carbajal,3172597.42,H6CA24303,Justin Donald Fareed,2353070.71,H4CA24142,FEC bulk (webl/weball 2016-2026),
H,CA,CA-24,2018,Regular,1,Salud Carbajal,2759810.4,H6CA24303,Justin Fareed,1459656.01,H4CA24142,FEC bulk (webl/weball 2016-2026),
H,CA,CA-24,2020,Regular,1,Salud Carbajal,2156444.85,H6CA24303,Andy Caldwell,1323490.16,H0CA24157,FEC bulk (webl/weball 2016-2026),
H,CA,CA-24,2022,Regular,1,Salud Carbajal,2178872.17,H6CA24303,Brad Allen,40904.0,H2CA24229,FEC bulk (webl/weball 2016-2026),
H,CA,CA-24,2024,Regular,1,Salud Carbajal,2037379.78,H6CA24303,Thomas Cole,42871.7,H4CA24191,FEC bulk (webl/weball 2016-2026),
H,CA,CA-24,2026,Upcoming,1,Salud Carbajal,1650355.41,H6CA24303,Bob Smith,203264.29,H6CA24345,FEC bulk (webl/weball 2016-2026),
H,CA,CA-25,2016,Regular,1,Bryan Caforio,1706520.29,H6CA25177,Stephen Knight,1712195.09,H4CA25123,FEC bulk (webl/weball 2016-2026),
H,CA,CA-25,2018,Regular,1,Katie Hill,8569626.33,H8CA25074,Stephen Knight,2628084.46,H4CA25123,FEC bulk (webl/weball 2016-2026),
H,CA,CA-25,2020,Regular,1,Christy Smith,6112638.83,H0CA25154,Mike Garcia,10140614.3,H0CA25105,FEC bulk (webl/weball 2016-2026),
H,CA,CA-25,2022,Regular,1,Raul Ruiz,2307413.1,H2CA36439,Brian Hawkins,541664.83,H2CA01177,FEC bulk (webl/weball 2016-2026),
H,CA,CA-25,2024,Regular,1,Raul Ruiz,2504794.87,H2CA36439,Ian Weeks,147438.99,H4CA25222,FEC bulk (webl/weball 2016-2026),
H,CA,CA-25,2026,Upcoming,1,Raul Ruiz,2093907.02,H2CA36439,Joe Males,936496.34,H6CA25219,FEC bulk (webl/weball 2016-2026),
H,CA,CA-26,2016,Regular,1,Julia Brownley,3397538.71,H2CA00120,Rafael Dagnesses,431583.71,H4CA26139,FEC bulk (webl/weball 2016-2026),
H,CA,CA-26,2018,Regular,1,Julia Brownley,2589593.97,H2CA00120,Antonio Sabato,350222.64,H8CA26114,FEC bulk (webl/weball 2016-2026),
H,CA,CA-26,2020,Regular,1,Julia Brownley,2013696.47,H2CA00120,Ronda Baldwin-Kennedy,279592.75,H0CA26145,FEC bulk (webl/weball 2016-2026),
H,CA,CA-26,2022,Regular,1,Julia Brownley,2446763.43,H2CA00120,Matt Jacobs,2655736.79,H2CA26133,FEC bulk (webl/weball 2016-2026),
H,CA,CA-26,2024,Regular,1,Julia Brownley,1599723.3,H2CA00120,Michael Koslow,100754.66,H4CA26162,FEC bulk (webl/weball 2016-2026),
H,CA,CA-26,2026,Upcoming,1,Jacqui Irwin,822382.31,H6CA26266,Sam Gallucci,377077.94,H6CA26241,FEC bulk (webl/weball 2016-2026),
H,CA,CA-27,2016,Regular,1,Judy Chu,1185705.39,H0CA32101,Jack Orswell,201166.01,H2CA27198,FEC bulk (webl/weball 2016-2026),
H,CA,CA-27,2018,Regular,0,Judy Chu,1401841.6,H0CA32101,Bryan Witt,11127.21,H8CA27112,FEC bulk (webl/weball 2016-2026),
H,CA,CA-27,2020,Regular,1,Judy Chu,1220538.13,H0CA32101,Johnny Nalbandian,39595.21,H0CA27127,FEC bulk (webl/weball 2016-2026),
H,CA,CA-27,2022,Regular,1,Christy Smith,3949504.79,H0CA25154,Mike Garcia,7192788.37,H0CA25105,FEC bulk (webl/weball 2016-2026),
H,CA,CA-27,2024,Regular,1,George Whitesides,10614137.63,H4CA27111,Mike Garcia,6539107.78,H0CA25105,FEC bulk (webl/weball 2016-2026),
H,CA,CA-27,2026,Upcoming,1,George Whitesides,3963530.22,H4CA27111,Jason Gibbs,379439.88,H6CA27306,FEC bulk (webl/weball 2016-2026),
H,CA,CA-28,2016,Regular,1,Adam Schiff,975256.29,H0CA27085,Lenore Solis,0.0,H0CA31087,FEC bulk (webl/weball 2016-2026),
H,CA,CA-28,2018,Regular,1,Adam Schiff,6268995.25,H0CA27085,Johnny Nalbandian,36370.0,H8CA28185,FEC bulk (webl/weball 2016-2026),
H,CA,CA-28,2020,Regular,1,Adam Schiff,19598362.66,H0CA27085,Eric Early,4134769.7,H0CA28182,FEC bulk (webl/weball 2016-2026),
H,CA,CA-28,2022,Regular,1,Judy Chu,1587238.65,H0CA32101,Wes Hallman,109463.22,H2CA28188,FEC bulk (webl/weball 2016-2026),
H,CA,CA-28,2024,Regular,1,Judy Chu,1915612.32,H0CA32101,April Verlato,349180.9,H4CA28127,FEC bulk (webl/weball 2016-2026),
H,CA,CA-28,2026,Upcoming,1,Judy Chu,930123.25,H0CA32101,April Verlato,250.0,H4CA28127,FEC bulk (webl/weball 2016-2026),
H,CA,CA-29,2016,Regular,0,Tony Cárdenas,1705480.77,H2CA28113,Richard Alarcón,70834.33,H6CA29229,FEC bulk (webl/weball 2016-2026),
H,CA,CA-29,2018,Regular,1,Tony Cárdenas,1523845.68,H2CA28113,Benito Benny Bernal,8428.0,H6CA29203,FEC bulk (webl/weball 2016-2026),
H,CA,CA-29,2020,Regular,0,Tony Cárdenas,1425670.39,H2CA28113,Angélica Dueñas,78083.34,H8CA29100,FEC bulk (webl/weball 2016-2026),
H,CA,CA-29,2022,Regular,0,Tony Cárdenas,1595441.44,H2CA28113,Angélica Dueñas,152823.26,H8CA29100,FEC bulk (webl/weball 2016-2026),
H,CA,CA-29,2024,Regular,1,Luz Maria Rivas,946966.04,H4CA29141,Benito Benny Bernal,55143.71,H4CA29158,FEC bulk (webl/weball 2016-2026),
H,CA,CA-29,2026,Upcoming,0,Luz Rivas,670678.01,H4CA29141,Angelica Duenas,37153.03,H8CA29100,FEC bulk (webl/weball 2016-2026),
H,CA,CA-30,2016,Regular,1,Brad Sherman,1663502.31,H6CA24113,Mark Reed,138508.99,H6CA01194,FEC bulk (webl/weball 2016-2026),
H,CA,CA-30,2018,Regular,1,Brad Sherman,1395491.8,H6CA24113,Mark Reed,27394.25,H6CA23206,FEC bulk (webl/weball 2016-2026),
H,CA,CA-30,2020,Regular,1,Brad Sherman,1514134.26,H6CA24113,Mark Reed,0,,FEC bulk (webl/weball 2016-2026),rep:no-fec-filings(sub-threshold)
H,CA,CA-30,2022,Regular,0,Adam Schiff,25328092.74,H0CA27085,Maebe A. Girl,0,,FEC bulk (webl/weball 2016-2026),rep:no-fec-filings(sub-threshold)
H,CA,CA-30,2024,Regular,1,Laura Friedman,1835665.11,H4CA30149,Alex Balekian,443145.69,H4CA30230,FEC bulk (webl/weball 2016-2026),
H,CA,CA-30,2026,Upcoming,1,Laura Friedman,827895.09,H4CA30149,Scott Meyers,58294.0,H6CA30250,FEC bulk (webl/weball 2016-2026),
H,CA,CA-31,2016,Regular,1,Pete Aguilar,2954535.72,H2CA31125,Paul Chabot,698718.69,H4CA31071,FEC bulk (webl/weball 2016-2026),
H,CA,CA-31,2018,Regular,1,Pete Aguilar,2768324.72,H2CA31125,Sean Flynn,1363972.31,H6CA31134,FEC bulk (webl/weball 2016-2026),
H,CA,CA-31,2020,Regular,1,Pete Aguilar,2529487.62,H2CA31125,Agnes Gibboney,140886.97,H0CA31129,FEC bulk (webl/weball 2016-2026),
H,CA,CA-31,2022,Regular,1,Grace Napolitano,367395.21,H8CA34068,Daniel Bocic Martinez,3135.0,H2CA13123,FEC bulk (webl/weball 2016-2026),
H,CA,CA-31,2024,Regular,1,Gil Cisneros,6477170.49,H8CA39174,Daniel Jose Bocic Martinez,0.0,H2CA13123,FEC bulk (webl/weball 2016-2026),dem:api-backfill
H,CA,CA-31,2026,Upcoming,1,Gilbert Cisneros,705263.13,H8CA39174,Eric Ching,81571.33,H2CA39151,FEC bulk (webl/weball 2016-2026),
H,CA,CA-32,2016,Regular,0,Grace Napolitano,748105.98,H8CA34068,Roger Hernández,187642.23,H6CA32132,FEC bulk (webl/weball 2016-2026),
H,CA,CA-32,2018,Regular,1,Grace Napolitano,410266.98,H8CA34068,Joshua Scott,6274.0,H8CA32088,FEC bulk (webl/weball 2016-2026),
H,CA,CA-32,2020,Regular,1,Grace Napolitano,483426.15,H8CA34068,Joshua Scott,23624.37,H8CA32088,FEC bulk (webl/weball 2016-2026),
H,CA,CA-32,2022,Regular,1,Brad Sherman,2651948.74,H6CA24113,Lucie Lapointe Volotzky,53589.76,H2CA30283,FEC bulk (webl/weball 2016-2026),
H,CA,CA-32,2024,Regular,1,Brad Sherman,2059587.35,H6CA24113,Larry Thompson,140107.71,H4CA32137,FEC bulk (webl/weball 2016-2026),
H,CA,CA-32,2026,Upcoming,1,Brad Sherman,2514329.68,H6CA24113,Larry Thompson,34316.34,H4CA32137,FEC bulk (webl/weball 2016-2026),
H,CA,CA-33,2016,Regular,1,Ted Lieu,2066220.28,H4CA33119,Kenneth Wright,77202.3,H6CA33106,FEC bulk (webl/weball 2016-2026),
H,CA,CA-33,2018,Regular,1,Ted Lieu,1785339.23,H4CA33119,Kenneth Weston Wright,164786.01,H6CA33106,FEC bulk (webl/weball 2016-2026),
H,CA,CA-33,2020,Regular,1,Ted Lieu,1680669.1,H4CA33119,James Bradley,100849.8,H0CA48156,FEC bulk (webl/weball 2016-2026),
H,CA,CA-33,2022,Regular,1,Pete Aguilar,3255093.36,H2CA31125,John Mark Porter,4318.62,H2CA33253,FEC bulk (webl/weball 2016-2026),
H,CA,CA-33,2024,Regular,1,Pete Aguilar,5866371.81,H2CA31125,Tom Herman,5758.43,H4CA33267,FEC bulk (webl/weball 2016-2026),
H,CA,CA-33,2026,Upcoming,1,Pete Aguilar,4722834.83,H2CA31125,Stephanie Vargas,568519.67,H2CA50026,FEC bulk (webl/weball 2016-2026),
H,CA,CA-34,2016,Regular,0,Xavier Becerra,1867773.33,H2CA30143,Adrienne Nicole Edwards,20.0,H6CA34229,FEC bulk (webl/weball 2016-2026),
H,CA,CA-34,2018,Regular,0,Jimmy Gomez,1552000.9,H8CA34266,Kenneth Mejia,145434.59,H6CA34237,FEC bulk (webl/weball 2016-2026),
H,CA,CA-34,2020,Regular,0,Jimmy Gomez,1406325.87,H8CA34266,David Kim,187704.76,H0CA34131,FEC bulk (webl/weball 2016-2026),
H,CA,CA-34,2022,Regular,0,Jimmy Gomez,1778066.38,H8CA34266,David Kim,264511.59,H2CA34079,FEC bulk (webl/weball 2016-2026),
H,CA,CA-34,2024,Regular,0,Jimmy Gomez,2245652.6,H8CA34266,David Kim,570467.58,H4CA34083,FEC bulk (webl/weball 2016-2026),
H,CA,CA-34,2026,Upcoming,0,Jimmy Gomez,1175128.2,H8CA34266,Angela Gonzales-Torres,228724.03,H6CA34286,FEC bulk (webl/weball 2016-2026),
H,CA,CA-35,2016,Regular,1,Norma Torres,608052.9,H4CA35031,Tyler Fischella,3747.65,H6CA35127,FEC bulk (webl/weball 2016-2026),
H,CA,CA-35,2018,Regular,1,Norma Torres,626350.38,H4CA35031,Christian Leonel Valiente,7315.85,H8CA35115,FEC bulk (webl/weball 2016-2026),
H,CA,CA-35,2020,Regular,1,Norma Torres,657184.72,H4CA35031,Mike Cargile,36373.02,H0CA35146,FEC bulk (webl/weball 2016-2026),
H,CA,CA-35,2022,Regular,1,Norma Torres,784075.22,H4CA35031,Mike Cargile,67073.63,H0CA35146,FEC bulk (webl/weball 2016-2026),
H,CA,CA-35,2024,Regular,1,Norma Torres,943001.82,H4CA35031,Mike Cargile,141181.77,H0CA35146,FEC bulk (webl/weball 2016-2026),
H,CA,CA-35,2026,Upcoming,1,Norma Torres,769060.59,H4CA35031,Mike Cargile,4759.0,H0CA35146,FEC bulk (webl/weball 2016-2026),
H,CA,CA-36,2016,Regular,1,Raul Ruiz,3219813.81,H2CA36439,Jeff Stone,362037.43,H6CA36182,FEC bulk (webl/weball 2016-2026),
H,CA,CA-36,2018,Regular,1,Raul Ruiz,3168050.84,H2CA36439,Kimberlin Brown Pelzer,844037.02,H8CA36170,FEC bulk (webl/weball 2016-2026),
H,CA,CA-36,2020,Regular,1,Raul Ruiz,2467107.76,H2CA36439,Erin Cruz,54357.6,H0CA36193,FEC bulk (webl/weball 2016-2026),
H,CA,CA-36,2022,Regular,1,Ted Lieu,1510163.27,H4CA33119,Joe Collins,2532158.82,H0CA43108,FEC bulk (webl/weball 2016-2026),
H,CA,CA-36,2024,Regular,1,Ted Lieu,2587897.61,H4CA33119,Melissa Toomim,41723.09,H2CA00146,FEC bulk (webl/weball 2016-2026),
H,CA,CA-36,2026,Upcoming,1,Ted Lieu,1832768.92,H4CA33119,Houston Brignano,5139.13,H6CA36208,FEC bulk (webl/weball 2016-2026),
H,CA,CA-37,2016,Regular,0,Karen Bass,648452.4,H0CA33117,Chris Blake Wiggins,0,,FEC bulk (webl/weball 2016-2026),rep:api-backfill:confirmed-no-filings
H,CA,CA-37,2018,Regular,1,Karen Bass,896504.23,H0CA33117,Ron Bassilian,10387.55,H8CA37293,FEC bulk (webl/weball 2016-2026),
H,CA,CA-37,2020,Regular,1,Karen Bass,2233947.37,H0CA33117,Errol Webber,176238.94,H0CA37167,FEC bulk (webl/weball 2016-2026),
H,CA,CA-37,2022,Regular,0,Sydney Kamlager-Dove,1221470.83,H2CA37304,Jan Perry,711893.36,H2CA37312,FEC bulk (webl/weball 2016-2026),dem:api-backfill
H,CA,CA-37,2024,Regular,0,Sydney Kamlager-Dove,1061435.52,H2CA37304,Juan Rey,9980.59,H8CA29118,FEC bulk (webl/weball 2016-2026),
H,CA,CA-37,2026,Upcoming,0,Sydney Kamlager-Dove,1150467.82,H2CA37304,Samantha Mota,9933.86,H6CA37339,FEC bulk (webl/weball 2016-2026),
H,CA,CA-38,2016,Regular,1,Linda Sánchez,1480952.91,H2CA39078,Ryan Downing,0,,FEC bulk (webl/weball 2016-2026),rep:no-fec-filings(sub-threshold)
H,CA,CA-38,2018,Regular,1,Linda Sánchez,1732077.29,H2CA39078,Ryan Downing,0,,FEC bulk (webl/weball 2016-2026),rep:no-fec-filings(sub-threshold)
H,CA,CA-38,2020,Regular,0,Linda Sánchez,1263616.56,H2CA39078,Michael Tolar,0,,FEC bulk (webl/weball 2016-2026),rep:no-fec-filings(sub-threshold)
H,CA,CA-38,2022,Regular,1,Linda Sánchez,1519205.78,H2CA39078,Eric Ching,280589.09,H2CA39151,FEC bulk (webl/weball 2016-2026),
H,CA,CA-38,2024,Regular,1,Linda Sánchez,1548292.39,H2CA39078,Eric Ching,241030.63,H2CA39151,FEC bulk (webl/weball 2016-2026),
H,CA,CA-38,2026,Upcoming,1,Hilda Solis,1049534.17,H6CA38139,Pedro Casas,0,,FEC bulk (webl/weball 2016-2026),rep:no-fec-filings(sub-threshold)
H,CA,CA-39,2016,Regular,1,Brett Murdock,79382.92,H6CA39137,Edward Royce,4456337.02,H6CA39020,FEC bulk (webl/weball 2016-2026),
H,CA,CA-39,2018,Regular,1,Gil Cisneros,12265194.02,H8CA39174,Young Kim,2907665.64,H8CA39240,FEC bulk (webl/weball 2016-2026),
H,CA,CA-39,2020,Regular,1,Gilbert Ray Cisneros,4523137.53,H8CA39174,Young Kim,6473025.12,H8CA39240,FEC bulk (webl/weball 2016-2026),
H,CA,CA-39,2022,Regular,1,Mark Takano,1254503.88,H2CA43245,Aja Smith,163141.55,H8CA41170,FEC bulk (webl/weball 2016-2026),
H,CA,CA-39,2024,Regular,1,Mark Takano,1289817.96,H2CA43245,David Serpa,56449.02,H4CA39066,FEC bulk (webl/weball 2016-2026),
H,CA,CA-39,2026,Upcoming,1,Mark Takano,893848.27,H2CA43245,Steve Manos,0,,FEC bulk (webl/weball 2016-2026),rep:no-fec-filings(sub-threshold)
H,CA,CA-40,2016,Regular,0,Lucille Roybal-Allard,656653.58,H2CA33048,Roman Gabriel Gonzalez,0,,FEC bulk (webl/weball 2016-2026),rep:api-backfill:confirmed-no-filings
H,CA,CA-40,2018,Regular,0,Lucille Roybal-Allard,535190.84,H2CA33048,Rodolfo Cortes Barragan,18313.47,H8CA40206,FEC bulk (webl/weball 2016-2026),
H,CA,CA-40,2020,Regular,1,Lucille Roybal-Allard,749181.71,H2CA33048,Antonio Delgado,85014.29,H0CA40138,FEC bulk (webl/weball 2016-2026),
H,CA,CA-40,2022,Regular,1,Asif Mahmood,3703609.48,H2CA40092,Young Kim,9340940.92,H8CA39240,FEC bulk (webl/weball 2016-2026),
H,CA,CA-40,2024,Regular,1,Joe Kerr,2080922.59,H4CA40098,Young Kim,9244755.74,H8CA39240,FEC bulk (webl/weball 2016-2026),
H,CA,CA-40,2026,Upcoming,0,Ken Calvert,6142469.38,H2CA37023,Young Kim,8837238.63,H8CA39240,FEC bulk (webl/weball 2016-2026),
H,CA,CA-41,2016,Regular,1,Mark Takano,1075393.13,H2CA43245,Doug Shepherd,252554.04,H6CA41182,FEC bulk (webl/weball 2016-2026),
H,CA,CA-41,2018,Regular,1,Mark Takano,1076805.17,H2CA43245,Aja Smith,43984.88,H8CA41170,FEC bulk (webl/weball 2016-2026),
H,CA,CA-41,2020,Regular,1,Mark Takano,1033949.78,H2CA43245,Aja Smith,668055.42,H8CA41170,FEC bulk (webl/weball 2016-2026),
H,CA,CA-41,2022,Regular,1,Will Rollins,3780991.55,H2CA42205,Ken Calvert,3728273.29,H2CA37023,FEC bulk (webl/weball 2016-2026),
H,CA,CA-41,2024,Regular,1,Will Rollins,12603461.8,H2CA42205,Ken Calvert,8056905.14,H2CA37023,FEC bulk (webl/weball 2016-2026),
H,CA,CA-41,2026,Upcoming,1,Linda Sánchez,1602789.55,H2CA39078,Mitch Clemmons,1709.0,H2CA38260,FEC bulk (webl/weball 2016-2026),
H,CA,CA-42,2016,Regular,1,Tim Sheridan,162960.71,H4CA42086,Ken Calvert,1452907.26,H2CA37023,FEC bulk (webl/weball 2016-2026),
H,CA,CA-42,2018,Regular,1,Julia Peacock,159046.35,H8CA42228,Ken Calvert,1556405.66,H2CA37023,FEC bulk (webl/weball 2016-2026),
H,CA,CA-42,2020,Regular,1,Liam O'Mara,131355.03,H0CA42217,Ken Calvert,1444950.91,H2CA37023,FEC bulk (webl/weball 2016-2026),
H,CA,CA-42,2022,Regular,1,Robert Garcia,1704812.52,H2CA47188,John Briscoe,527945.0,H8CA47078,FEC bulk (webl/weball 2016-2026),
H,CA,CA-42,2024,Regular,1,Robert Garcia,1352167.01,H2CA47188,John Briscoe,355605.04,H4CA42136,FEC bulk (webl/weball 2016-2026),
H,CA,CA-42,2026,Upcoming,1,Robert Garcia,2615120.28,H2CA47188,Brian Burley,231370.76,H0CA48172,FEC bulk (webl/weball 2016-2026),
H,CA,CA-43,2016,Regular,1,Maxine Waters,954948.76,H4CA23011,Omar Navarro,2846.0,H6CA44145,FEC bulk (webl/weball 2016-2026),
H,CA,CA-43,2018,Regular,1,Maxine Waters,1600229.82,H4CA23011,Omar Navarro,1173123.55,H6CA44145,FEC bulk (webl/weball 2016-2026),
H,CA,CA-43,2020,Regular,1,Maxine Waters,2126589.58,H4CA23011,Joe Collins,10620815.58,H0CA43108,FEC bulk (webl/weball 2016-2026),
H,CA,CA-43,2022,Regular,1,Maxine Waters,1248563.32,H4CA23011,Omar Navarro,85997.53,H6CA44145,FEC bulk (webl/weball 2016-2026),
H,CA,CA-43,2024,Regular,1,Maxine Waters,1119385.5,H4CA23011,Steve Williams,0,,FEC bulk (webl/weball 2016-2026),rep:api-backfill:confirmed-no-filings
H,CA,CA-43,2026,Upcoming,1,Maxine Waters,863682.82,H4CA23011,Cristian Morales,0,,FEC bulk (webl/weball 2016-2026),rep:no-fec-filings(sub-threshold)
H,CA,CA-44,2016,Regular,0,Nanette Diaz Barragán,1910135.24,H6CA44103,Isadore Hall III,1881384.39,H2CA35100,FEC bulk (webl/weball 2016-2026),
H,CA,CA-44,2018,Regular,0,Nanette Diaz Barragán,1552663.82,H6CA44103,Aja Brown,18679.89,H8CA44117,FEC bulk (webl/weball 2016-2026),
H,CA,CA-44,2020,Regular,0,Nanette Diaz Barragán,1187465.66,H6CA44103,Analilia Joya,0,,FEC bulk (webl/weball 2016-2026),rep:no-fec-filings(sub-threshold)
H,CA,CA-44,2022,Regular,1,Nanette Diaz Barragán,1212156.11,H6CA44103,Paul Jones,3261535.0,H2CA04122,FEC bulk (webl/weball 2016-2026),
H,CA,CA-44,2024,Regular,1,Nanette Diaz Barragán,1269280.49,H6CA44103,Roger Groh,0,,FEC bulk (webl/weball 2016-2026),rep:no-fec-filings(sub-threshold)
H,CA,CA-44,2026,Upcoming,1,Nanette Barragan,785765.2,H6CA44103,Genevieve Angel,13897.97,H6CA44210,FEC bulk (webl/weball 2016-2026),
H,CA,CA-45,2016,Regular,1,Ron Varasteh,40303.49,H2CA48095,Mimi Walters,1977608.5,H4CA45097,FEC bulk (webl/weball 2016-2026),
H,CA,CA-45,2018,Regular,1,Katie Porter,6975217.54,H8CA45130,Mimi Walters,4937508.77,H4CA45097,FEC bulk (webl/weball 2016-2026),
H,CA,CA-45,2020,Regular,1,Katie Porter,16901194.24,H8CA45130,Greg Raths,1412756.96,H4CA45089,FEC bulk (webl/weball 2016-2026),
H,CA,CA-45,2022,Regular,1,Jay Chen,5037026.06,H2CA39136,Michelle Steel,7411601.19,H0CA48198,FEC bulk (webl/weball 2016-2026),
H,CA,CA-45,2024,Regular,1,Derek Tran,6514154.69,H4CA45170,Michelle Steel,10730106.83,H0CA48198,FEC bulk (webl/weball 2016-2026),
H,CA,CA-45,2026,Upcoming,1,Derek Tran,4981276.64,H4CA45170,Chuong Vo,495762.84,H6CA45191,FEC bulk (webl/weball 2016-2026),
H,CA,CA-46,2016,Regular,0,Lou Correa,951732.66,H6CA46116,Bao Nguyen,281524.4,H6CA46140,FEC bulk (webl/weball 2016-2026),
H,CA,CA-46,2018,Regular,1,Luis Correa,1135363.38,H6CA46116,Russell Rene Lambert,140.0,H8CA46120,FEC bulk (webl/weball 2016-2026),
H,CA,CA-46,2020,Regular,1,Luis Correa,1208554.85,H6CA46116,James Waters,12917.0,H0CA46077,FEC bulk (webl/weball 2016-2026),
H,CA,CA-46,2022,Regular,1,Luis Correa,1293189.19,H6CA46116,Christopher Gonzales,55923.37,H0CA45160,FEC bulk (webl/weball 2016-2026),
H,CA,CA-46,2024,Regular,1,Luis Correa,1385045.32,H6CA46116,David Pan,88907.0,H4CA46137,FEC bulk (webl/weball 2016-2026),
H,CA,CA-46,2026,Upcoming,1,Lou Correa,1226103.73,H6CA46116,David Pan,80725.51,H4CA46137,FEC bulk (webl/weball 2016-2026),
H,CA,CA-47,2016,Regular,1,Alan Lowenthal,730648.41,H2CA00104,Andy Whallon,70741.33,H4CA47069,FEC bulk (webl/weball 2016-2026),
H,CA,CA-47,2018,Regular,1,Alan Lowenthal,714680.26,H2CA00104,John Briscoe,54713.56,H8CA47078,FEC bulk (webl/weball 2016-2026),
H,CA,CA-47,2020,Regular,1,Alan Lowenthal,683348.24,H2CA00104,John Briscoe,65302.36,H8CA47078,FEC bulk (webl/weball 2016-2026),
H,CA,CA-47,2022,Regular,1,Katie Porter,26031047.87,H8CA45130,Scott Baugh,3071107.19,H6CA48245,FEC bulk (webl/weball 2016-2026),
H,CA,CA-47,2024,Regular,1,Dave Min,6835943.16,H4CA47085,Scott Baugh,4507491.38,H6CA48245,FEC bulk (webl/weball 2016-2026),
H,CA,CA-47,2026,Upcoming,1,Dave Min,3381161.06,H4CA47085,Jenny Le Roux,375883.39,H6CA47114,FEC bulk (webl/weball 2016-2026),
H,CA,CA-48,2016,Regular,1,Suzanne Savary,110054.08,H6CA48237,Dana Rohrabacher,887923.35,H8CA42061,FEC bulk (webl/weball 2016-2026),
H,CA,CA-48,2018,Regular,1,Harley Rouda,8749389.97,H8CA48035,Dana Rohrabacher,2788146.84,H8CA42061,FEC bulk (webl/weball 2016-2026),
H,CA,CA-48,2020,Regular,1,Harley Rouda,6259589.71,H8CA48035,Michelle Steel,6428812.51,H0CA48198,FEC bulk (webl/weball 2016-2026),
H,CA,CA-48,2022,Regular,1,Stephen Houlahan,71577.85,H2CA50174,Darrell Issa,2337213.84,H0CA48024,FEC bulk (webl/weball 2016-2026),
H,CA,CA-48,2024,Regular,1,Stephen Houlahan,29975.29,H2CA50174,Darrell Issa,1782412.46,H0CA48024,FEC bulk (webl/weball 2016-2026),
H,CA,CA-48,2026,Upcoming,1,Marni von Wilpert,2174872.25,H6CA48310,Jim Desmond,2258835.81,H6CA49128,FEC bulk (webl/weball 2016-2026),
H,CA,CA-49,2016,Regular,1,Doug Applegate,2114731.96,H6CA49102,Darrell Issa,2890440.52,H0CA48024,FEC bulk (webl/weball 2016-2026),
H,CA,CA-49,2018,Regular,1,Mike Levin,6055213.14,H8CA49058,Diane Harkey,1645908.41,H8CA49082,FEC bulk (webl/weball 2016-2026),
H,CA,CA-49,2020,Regular,1,Mike Levin,3904057.8,H8CA49058,Brian Maryott,3446386.04,H8CA49108,FEC bulk (webl/weball 2016-2026),
H,CA,CA-49,2022,Regular,1,Mike Levin,5149615.51,H8CA49058,Brian Maryott,5591297.83,H8CA49108,FEC bulk (webl/weball 2016-2026),
H,CA,CA-49,2024,Regular,1,Mike Levin,5679155.07,H8CA49058,Matt Gunderson,4958325.22,H4CA49149,FEC bulk (webl/weball 2016-2026),
H,CA,CA-49,2026,Upcoming,1,Mike Levin,3164023.36,H8CA49058,Armen Kurdian,58783.73,H6CA49169,FEC bulk (webl/weball 2016-2026),
H,CA,CA-50,2016,Regular,1,Patrick Malloy,27447.89,H6CA50258,Duncan Hunter,1203940.64,H8CA52052,FEC bulk (webl/weball 2016-2026),
H,CA,CA-50,2018,Regular,1,Ammar Campa-Najjar,4079157.61,H8CA50098,Duncan Hunter,1186059.87,H8CA52052,FEC bulk (webl/weball 2016-2026),
H,CA,CA-50,2020,Regular,1,Ammar Campa-Najjar,6429130.92,H8CA50098,Darrell Issa,16813993.53,H0CA48024,FEC bulk (webl/weball 2016-2026),
H,CA,CA-50,2022,Regular,1,Scott Peters,2410741.93,H2CA52089,Corey Gustafson,94112.24,H2CA50232,FEC bulk (webl/weball 2016-2026),
H,CA,CA-50,2024,Regular,1,Scott Peters,2292635.53,H2CA52089,Peter Bono,0,,FEC bulk (webl/weball 2016-2026),rep:no-fec-filings(sub-threshold)
H,CA,CA-50,2026,Upcoming,1,Scott Peters,1810961.02,H2CA52089,Steve Cohen,0,,FEC bulk (webl/weball 2016-2026),rep:no-fec-filings(sub-threshold)
H,CA,CA-51,2016,Regular,1,Juan Vargas,1138131.37,H2CA50026,Juan Hidalgo,76403.12,H6CA51066,FEC bulk (webl/weball 2016-2026),
H,CA,CA-51,2018,Regular,1,Juan Vargas,879036.81,H2CA50026,Juan Hidalgo,73237.31,H8CA51062,FEC bulk (webl/weball 2016-2026),
H,CA,CA-51,2020,Regular,1,Juan Vargas,799734.22,H2CA50026,Juan Hidalgo,83729.63,H8CA51062,FEC bulk (webl/weball 2016-2026),
H,CA,CA-51,2022,Regular,1,Sara Jacobs,1712465.57,H8CA49074,Stan Caplan,135385.49,H2CA51206,FEC bulk (webl/weball 2016-2026),
H,CA,CA-51,2024,Regular,1,Sara Jacobs,1724533.98,H8CA49074,Bill Wells,772753.35,H2CA53038,FEC bulk (webl/weball 2016-2026),
H,CA,CA-51,2026,Upcoming,1,Sara Jacobs,1639893.31,H8CA49074,Ricardo Cabrera,0,,FEC bulk (webl/weball 2016-2026),rep:no-fec-filings(sub-threshold)
H,CA,CA-52,2016,Regular,1,Scott Peters,3604614.7,H2CA52089,Denise Gitsham,1451738.2,H6CA52130,FEC bulk (webl/weball 2016-2026),
H,CA,CA-52,2018,Regular,1,Scott Peters,2793181.8,H2CA52089,Omar Qudrat,375254.09,H8CA52102,FEC bulk (webl/weball 2016-2026),
H,CA,CA-52,2020,Regular,1,Scott Peters,1940163.42,H2CA52089,Jim DeBello,433484.35,H0CA52083,FEC bulk (webl/weball 2016-2026),
H,CA,CA-52,2022,Regular,1,Juan Vargas,942886.84,H2CA50026,Tyler Geffeney,40408.04,H2CA52188,FEC bulk (webl/weball 2016-2026),
H,CA,CA-52,2024,Regular,1,Juan Vargas,790624.65,H2CA50026,Justin Lee,375045.69,H8CA09060,FEC bulk (webl/weball 2016-2026),
H,CA,CA-52,2026,Upcoming,1,Juan Vargas,568519.67,H2CA50026,Jeff Belle,25498.1,H6CA52163,FEC bulk (webl/weball 2016-2026),
H,CO,CO-01,2016,Regular,1,Diana DeGette,1256204.07,H6CO01141,Casper Stockham,61218.73,H6CO01208,FEC bulk (webl/weball 2016-2026),
H,CO,CO-01,2018,Regular,1,Diana DeGette,1263472.78,H6CO01141,Charles Casper Stockham,35230.13,H8CO01162,FEC bulk (webl/weball 2016-2026),
H,CO,CO-01,2020,Regular,1,Diana DeGette,1204483.8,H6CO01141,Shane Bolling,13657.96,H0CO02233,FEC bulk (webl/weball 2016-2026),
H,CO,CO-01,2022,Regular,1,Diana DeGette,1151100.27,H6CO01141,Jennifer Qualteri,0,,FEC bulk (webl/weball 2016-2026),rep:no-fec-filings(sub-threshold)
H,CO,CO-01,2024,Regular,1,Diana DeGette,1103161.98,H6CO01141,Valdamar Archuleta,12912.6,H4CO01161,FEC bulk (webl/weball 2016-2026),
H,CO,CO-01,2026,Upcoming,1,Diana DeGette,1671530.59,H6CO01141,Gregory Cutlip,0,,FEC bulk (webl/weball 2016-2026),rep:no-fec-filings(sub-threshold)
H,CO,CO-02,2016,Regular,1,Jared Polis,1389071.3,H8CO02137,Nicholas Morse,167116.24,H6CO02149,FEC bulk (webl/weball 2016-2026),
H,CO,CO-02,2018,Regular,1,Joe Neguse,1278815.1,H8CO02160,Peter Yu,67708.0,H8CO02251,FEC bulk (webl/weball 2016-2026),
H,CO,CO-02,2020,Regular,1,Joe Neguse,1368748.11,H8CO02160,Charlie Winn,100537.58,H0CO02225,FEC bulk (webl/weball 2016-2026),
H,CO,CO-02,2022,Regular,1,Joe Neguse,2351040.38,H8CO02160,Marshall Dawson,48943.09,H2CO02205,FEC bulk (webl/weball 2016-2026),
H,CO,CO-02,2024,Regular,1,Joe Neguse,2433594.3,H8CO02160,Marshall Dawson,8672.97,H2CO02205,FEC bulk (webl/weball 2016-2026),
H,CO,CO-02,2026,Upcoming,1,Joe Neguse,2742280.52,H8CO02160,Christina Blunt,0,,FEC bulk (webl/weball 2016-2026),rep:no-fec-filings(sub-threshold)
H,CO,CO-03,2016,Regular,1,Gail Schwartz,1704795.54,H6CO03170,Scott Tipton,1970816.16,H6CO03139,FEC bulk (webl/weball 2016-2026),
H,CO,CO-03,2018,Regular,1,Diane Mitsch Bush,1910245.26,H8CO03192,Scott Tipton,1600090.24,H6CO03139,FEC bulk (webl/weball 2016-2026),
H,CO,CO-03,2020,Regular,1,Diane Mitsch Bush,5064049.2,H8CO03192,Lauren Boebert,2989469.89,H0CO03165,FEC bulk (webl/weball 2016-2026),
H,CO,CO-03,2022,Regular,1,Adam Frisch,6714235.34,H2CO03351,Lauren Boebert,7854668.58,H0CO03165,FEC bulk (webl/weball 2016-2026),
H,CO,CO-03,2024,Regular,1,Adam Frisch,17188573.07,H2CO03351,Jeff Hurd,2769793.8,H4CO03357,FEC bulk (webl/weball 2016-2026),
H,CO,CO-03,2026,Upcoming,1,Alexander Kelloff,1296967.69,H6CO03212,Jeff Hurd,3552599.03,H4CO03357,FEC bulk (webl/weball 2016-2026),
H,CO,CO-04,2016,Regular,1,Bob Seay,73843.36,H6CO04160,Ken Buck,1020222.48,H4CO04090,FEC bulk (webl/weball 2016-2026),
H,CO,CO-04,2018,Regular,1,Karen McCormick,976113.46,H8CO04091,Ken Buck,615310.51,H4CO04090,FEC bulk (webl/weball 2016-2026),
H,CO,CO-04,2020,Regular,1,Ike McCorkle,382903.57,H0CO04197,Ken Buck,479682.07,H4CO04090,FEC bulk (webl/weball 2016-2026),
H,CO,CO-04,2022,Regular,1,Ike McCorkle,303509.4,H0CO04197,Ken Buck,1618431.12,H4CO04090,FEC bulk (webl/weball 2016-2026),
H,CO,CO-04,2024,Regular,1,Trisha Calvarese,4385109.75,H4CO04280,Lauren Boebert,4822754.48,H0CO03165,FEC bulk (webl/weball 2016-2026),
H,CO,CO-04,2026,Upcoming,1,Eileen Laubacher,10349940.18,H6CO04202,Lauren Boebert,1010297.16,H0CO03165,FEC bulk (webl/weball 2016-2026),
H,CO,CO-05,2016,Regular,1,Misty Plowright,14542.37,H6CO05233,Doug Lamborn,590783.39,H6CO05159,FEC bulk (webl/weball 2016-2026),
H,CO,CO-05,2018,Regular,1,Stephany Rose Spaulding,368323.3,H8CO05130,Doug Lamborn,680006.17,H6CO05159,FEC bulk (webl/weball 2016-2026),
H,CO,CO-05,2020,Regular,1,Jillian Freeland,191001.24,H0CO05129,Doug Lamborn,601762.36,H6CO05159,FEC bulk (webl/weball 2016-2026),
H,CO,CO-05,2022,Regular,1,David Torres,26406.22,,Doug Lamborn,506157.3,H6CO05159,FEC bulk (webl/weball 2016-2026),"dem:no-fec-filings(sub-threshold); dem receipts via FEC API — files as ""GOENAGA-TORRES, SANTIAGO DAVID"" (bulk name match missed it)"
H,CO,CO-05,2024,Regular,1,River Gassen,172285.48,H4CO05105,Jeff Crank,1128627.35,H6CO05142,FEC bulk (webl/weball 2016-2026),
H,CO,CO-05,2026,Upcoming,1,Jessica Killin,3143744.12,H6CO05324,Jeff Crank,2177287.76,H6CO05142,FEC bulk (webl/weball 2016-2026),
H,CO,CO-06,2016,Regular,1,Morgan Carroll,3158135.43,H6CO06058,Mike Coffman,3568845.95,H8CO06138,FEC bulk (webl/weball 2016-2026),
H,CO,CO-06,2018,Regular,1,Jason Crow,5712546.74,H8CO06229,Mike Coffman,3807320.48,H8CO06138,FEC bulk (webl/weball 2016-2026),
H,CO,CO-06,2020,Regular,1,Jason Crow,4216908.97,H8CO06229,Steve House,1255905.78,H0CO06119,FEC bulk (webl/weball 2016-2026),
H,CO,CO-06,2022,Regular,1,Jason Crow,2734127.98,H8CO06229,Steven Monahan,258207.39,H2CO06214,FEC bulk (webl/weball 2016-2026),
H,CO,CO-06,2024,Regular,1,Jason Crow,2208412.11,H8CO06229,John Fabbricatore,282453.58,H4CO06129,FEC bulk (webl/weball 2016-2026),
H,CO,CO-06,2026,Upcoming,1,Jason Crow,3177447.42,H8CO06229,Khaleb Dammen,0,,FEC bulk (webl/weball 2016-2026),rep:no-fec-filings(sub-threshold)
H,CO,CO-07,2016,Regular,1,Ed Perlmutter,1907702.23,H6CO07023,George Athanasopoulos,54353.6,H6CO07106,FEC bulk (webl/weball 2016-2026),
H,CO,CO-07,2018,Regular,1,Ed Perlmutter,1872526.48,H6CO07023,Mark Barrington,54976.96,H8CO07094,FEC bulk (webl/weball 2016-2026),
H,CO,CO-07,2020,Regular,1,Ed Perlmutter,1638227.33,H6CO07023,Casper Stockham,147959.35,H0CO06101,FEC bulk (webl/weball 2016-2026),
H,CO,CO-07,2022,Regular,1,Brittany Pettersen,2883823.65,H8CO07045,Erik Aadland,1525113.68,H2CO07170,FEC bulk (webl/weball 2016-2026),
H,CO,CO-07,2024,Regular,1,Brittany Pettersen,2487377.12,H8CO07045,Sergei Matveyuk,56986.88,H4CO07085,FEC bulk (webl/weball 2016-2026),
H,CO,CO-07,2026,Upcoming,1,Brittany Pettersen,1866765.19,H8CO07045,Amanda Capobianco,0,,FEC bulk (webl/weball 2016-2026),rep:no-fec-filings(sub-threshold)
H,CO,CO-08,2022,Regular,1,Yadira Caraveo,3563279.53,H2CO08020,Barbara Kirkmeyer,1602545.07,H2CO08079,FEC bulk (webl/weball 2016-2026),
H,CO,CO-08,2024,Regular,1,Yadira Caraveo,8124793.49,H2CO08020,Gabe Evans,2734308.76,H4CO08034,FEC bulk (webl/weball 2016-2026),
H,CO,CO-08,2026,Upcoming,1,Manny Rutinel,4336987.53,H6CO08013,Gabe Evans,5393673.36,H4CO08034,FEC bulk (webl/weball 2016-2026),
H,CT,CT-01,2016,Regular,1,John Larson,1624955.0,H8CT01046,Matthew Corey,18490.31,H2CT01189,FEC bulk (webl/weball 2016-2026),
H,CT,CT-01,2018,Regular,1,John Larson,1631723.79,H8CT01046,Jennifer Nye,0,,FEC bulk (webl/weball 2016-2026),rep:no-fec-filings(sub-threshold)
H,CT,CT-01,2020,Regular,1,John Larson,1390151.56,H8CT01046,Mary Fay,26836.46,H0CT01126,FEC bulk (webl/weball 2016-2026),
H,CT,CT-01,2022,Regular,1,John Larson,1840867.05,H8CT01046,Larry Lazor,190652.21,H2CT01213,FEC bulk (webl/weball 2016-2026),
H,CT,CT-01,2024,Regular,1,John Larson,1542287.58,H8CT01046,Jim Griffin,7786.0,H0CT01134,FEC bulk (webl/weball 2016-2026),
H,CT,CT-01,2026,Upcoming,1,John Larson,2733259.89,H8CT01046,Amy Chai,20827.25,H2CT03102,FEC bulk (webl/weball 2016-2026),
H,CT,CT-02,2016,Regular,1,Joe Courtney,1202548.39,H2CT02112,Daria Novak,51167.66,H0CT02140,FEC bulk (webl/weball 2016-2026),
H,CT,CT-02,2018,Regular,1,Joe Courtney,1156318.91,H2CT02112,Danny Postemski,0.0,H8CT02101,FEC bulk (webl/weball 2016-2026),
H,CT,CT-02,2020,Regular,1,Joe Courtney,967876.68,H2CT02112,Justin Anderson,80227.41,H0CT02207,FEC bulk (webl/weball 2016-2026),
H,CT,CT-02,2022,Regular,1,Joe Courtney,1981330.09,H2CT02112,Mike France,880637.26,H2CT02161,FEC bulk (webl/weball 2016-2026),
H,CT,CT-02,2024,Regular,1,Joe Courtney,1318657.73,H2CT02112,Mike France,741910.47,H2CT02161,FEC bulk (webl/weball 2016-2026),
H,CT,CT-02,2026,Upcoming,1,Joe Courtney,760424.39,H2CT02112,Mike France,70790.38,H2CT02161,FEC bulk (webl/weball 2016-2026),
H,CT,CT-03,2016,Regular,1,Rosa DeLauro,1146729.78,H0CT03072,Angel Cadena,0,,FEC bulk (webl/weball 2016-2026),rep:no-fec-filings(sub-threshold);dem:api-backfill
H,CT,CT-03,2018,Regular,1,Rosa DeLauro,1305046.52,H0CT03072,Angel Cadena,0,,FEC bulk (webl/weball 2016-2026),rep:no-fec-filings(sub-threshold)
H,CT,CT-03,2020,Regular,1,Rosa DeLauro,1956686.38,H0CT03072,Margaret Streicker,2016070.48,H0CT03155,FEC bulk (webl/weball 2016-2026),
H,CT,CT-03,2022,Regular,1,Rosa DeLauro,2182549.03,H0CT03072,Lesley DeNardis,46977.86,H2CT03110,FEC bulk (webl/weball 2016-2026),
H,CT,CT-03,2024,Regular,1,Rosa DeLauro,1751634.69,H0CT03072,Michael Massey,3129.27,H4CT03116,FEC bulk (webl/weball 2016-2026),
H,CT,CT-03,2026,Upcoming,1,Rosa Delauro,1152006.56,H0CT03072,Christopher Lancia,14648.55,H6CT03178,FEC bulk (webl/weball 2016-2026),
H,CT,CT-04,2016,Regular,1,James Himes,2167398.67,H8CT04172,John Shaban,154620.31,H4CT04114,FEC bulk (webl/weball 2016-2026),
H,CT,CT-04,2018,Regular,1,James Himes,2028483.2,H8CT04172,Harry Arora,754776.65,H8CT04214,FEC bulk (webl/weball 2016-2026),
H,CT,CT-04,2020,Regular,1,James Himes,1632646.85,H8CT04172,Jonathan Riddle,31591.47,H0CT04195,FEC bulk (webl/weball 2016-2026),
H,CT,CT-04,2022,Regular,1,James Himes,1695711.93,H8CT04172,Jayme Stevenson,560799.9,H2CT04134,FEC bulk (webl/weball 2016-2026),
H,CT,CT-04,2024,Regular,1,James Himes,2120398.15,H8CT04172,Michael Goldstein,156510.98,H0CT04229,FEC bulk (webl/weball 2016-2026),
H,CT,CT-04,2026,Upcoming,1,Jim Himes,1379560.48,H8CT04172,Michael Goldstein,46809.4,H6CT04143,FEC bulk (webl/weball 2016-2026),
H,CT,CT-05,2016,Regular,1,Elizabeth Esty,1989108.93,H2CT05131,Clay Cope,109862.67,H6CT05157,FEC bulk (webl/weball 2016-2026),
H,CT,CT-05,2018,Regular,1,Jahana Hayes,1862958.18,H8CT05245,Manny Santos,76037.51,H8CT05187,FEC bulk (webl/weball 2016-2026),
H,CT,CT-05,2020,Regular,1,Jahana Hayes,2078148.04,H8CT05245,David Sullivan,430195.32,H0CT05200,FEC bulk (webl/weball 2016-2026),
H,CT,CT-05,2022,Regular,1,Jahana Hayes,2779884.08,H8CT05245,George Logan,1297352.41,H2CT05222,FEC bulk (webl/weball 2016-2026),
H,CT,CT-05,2024,Regular,1,Jahana Hayes,4218172.13,H8CT05245,George Logan,3011059.71,H2CT05222,FEC bulk (webl/weball 2016-2026),
H,CT,CT-05,2026,Upcoming,1,Jahana Hayes,1290077.99,H8CT05245,Michele Botelho,56496.71,H2CT05230,FEC bulk (webl/weball 2016-2026),
H,DE,DE-01,2016,Regular,1,Lisa Blunt Rochester,1576041.65,H6DE00206,Hans Reigle,221665.5,H6DE01071,FEC bulk (webl/weball 2016-2026),
H,DE,DE-01,2018,Regular,1,Lisa Blunt Rochester,1316505.82,H6DE00206,Scott Walker,0,,FEC bulk (webl/weball 2016-2026),rep:no-fec-filings(sub-threshold); verified non-filer 2026-09-09: FEC candidate H6DE00214 has no committee and no filings; WHYY described a one-man threadbare campaign
H,DE,DE-01,2020,Regular,1,Lisa Blunt Rochester,2046187.4,H6DE00206,Lee Murphy,131393.78,H8DE01044,FEC bulk (webl/weball 2016-2026),
H,DE,DE-01,2022,Regular,1,Lisa Blunt Rochester,2899174.85,H6DE00206,Lee Murphy,349933.46,H8DE01044,FEC bulk (webl/weball 2016-2026),
H,DE,DE-01,2024,Regular,1,Sarah McBride,4091643.35,H4DE00045,John Whalen,20030.44,H4DE00078,FEC bulk (webl/weball 2016-2026),
H,DE,DE-01,2026,Upcoming,1,Sarah McBride,5060925.14,H4DE00045,Donyale Hall,778.96,H4DE00060,FEC bulk (webl/weball 2016-2026),
H,FL,FL-01,2016,Regular,1,Steven Specht,61750.03,H6FL01176,Matt Gaetz,1172645.54,H6FL01119,FEC bulk (webl/weball 2016-2026),
H,FL,FL-01,2018,Regular,1,Jennifer Zimmerman,62276.6,H8FL01115,Matt Gaetz,1347177.67,H6FL01119,FEC bulk (webl/weball 2016-2026),
H,FL,FL-01,2020,Regular,1,Phil Ehr,2047923.27,H8FL01107,Matt Gaetz,6066373.26,H6FL01119,FEC bulk (webl/weball 2016-2026),
H,FL,FL-01,2022,Regular,1,Rebekah Jones,980885.53,H2FL01233,Matt Gaetz,6727002.23,H6FL01119,FEC bulk (webl/weball 2016-2026),
H,FL,FL-01,2024,Regular,1,Gay Valimont,1585275.74,H4FL01197,Matt Gaetz,6772979.08,H6FL01119,FEC bulk (webl/weball 2016-2026),
H,FL,FL-01,2026,Upcoming,1,Marcel Davis,51310.68,H6FL06365,Jimmy Patronis,3789738.36,H6FL01390,FEC bulk (webl/weball 2016-2026),
H,FL,FL-02,2016,Regular,1,Walter Dartland,136763.01,H6FL02257,Neal Dunn,2060858.58,H6FL02208,FEC bulk (webl/weball 2016-2026),
H,FL,FL-02,2018,Regular,1,Bob Rackleff,259178.7,H8FL02097,Neal Dunn,1371506.87,H6FL02208,FEC bulk (webl/weball 2016-2026),
H,FL,FL-02,2020,Regular,0,,,,Neal Dunn,672821.38,H6FL02208,FEC bulk (webl/weball 2016-2026),
H,FL,FL-02,2022,Regular,1,Al Lawson,829346.62,H0FL02086,Neal Dunn,1800603.34,H6FL02208,FEC bulk (webl/weball 2016-2026),
H,FL,FL-02,2024,Regular,1,Yen Bailey,51852.87,H4FL02138,Neal Dunn,1648134.72,H6FL02208,FEC bulk (webl/weball 2016-2026),
H,FL,FL-02,2026,Upcoming,1,Nicholas Zateslo,449913.09,H6FL02281,Neal Dunn,831031.43,H6FL02208,FEC bulk (webl/weball 2016-2026),
H,FL,FL-03,2016,Regular,1,Ken McGurn,602081.92,H6FL03081,Ted Yoho,833701.83,H2FL06109,FEC bulk (webl/weball 2016-2026),
H,FL,FL-03,2018,Regular,1,Yvonne Hayes Hinson,47262.45,H8FL03038,Ted Yoho,929482.27,H2FL06109,FEC bulk (webl/weball 2016-2026),
H,FL,FL-03,2020,Regular,1,Adam Christensen,251860.59,H0FL03183,Kat Cammack,1136747.13,H0FL03175,FEC bulk (webl/weball 2016-2026),
H,FL,FL-03,2022,Regular,1,Danielle Hawk,83335.11,H2FL03163,Kat Cammack,2323162.63,H0FL03175,FEC bulk (webl/weball 2016-2026),
H,FL,FL-03,2024,Regular,1,Tom Wells,18204.42,H8FL03020,Kat Cammack,2647816.47,H0FL03175,FEC bulk (webl/weball 2016-2026),
H,FL,FL-03,2026,Upcoming,1,Seth Harp,37794.03,H6FL03099,Kat Cammack,2045293.84,H0FL03175,FEC bulk (webl/weball 2016-2026),
H,FL,FL-04,2016,Regular,1,David Bruderly,50194.24,H2FL06091,John Rutherford,835236.7,H6FL04105,FEC bulk (webl/weball 2016-2026),
H,FL,FL-04,2018,Regular,1,Ges Selmont,114912.25,H8FL04085,John Rutherford,871893.93,H6FL04105,FEC bulk (webl/weball 2016-2026),
H,FL,FL-04,2020,Regular,1,Donna Deegan,1026298.18,H0FL04157,John Rutherford,1025977.41,H6FL04105,FEC bulk (webl/weball 2016-2026),
H,FL,FL-04,2022,Regular,1,LJ Holloway,10465.32,H6FL05193,Aaron Bean,1198576.19,H2FL04211,FEC bulk (webl/weball 2016-2026),
H,FL,FL-04,2024,Regular,1,L. J. Holloway,32057.51,H6FL05193,Aaron Bean,1738170.86,H2FL04211,FEC bulk (webl/weball 2016-2026),
H,FL,FL-04,2026,Upcoming,1,Michael Kirwan,742679.62,H6FL04220,Aaron Bean,2163375.8,H2FL04211,FEC bulk (webl/weball 2016-2026),
H,FL,FL-05,2016,Regular,1,Al Lawson,444464.07,H0FL02086,Glo Smith,89177.56,,FEC bulk (webl/weball 2016-2026),"rep:no-fec-filings(sub-threshold); rep receipts via FEC API — files as ""SCURRY-SMITH, GLOREATHA (GLO)"" (bulk name match missed it)"
H,FL,FL-05,2018,Regular,1,Al Lawson,679132.77,H0FL02086,Virginia Fuller,40564.0,H8FL05157,FEC bulk (webl/weball 2016-2026),
H,FL,FL-05,2020,Regular,1,Al Lawson,884597.08,H0FL02086,Gary Adler,146944.18,H0FL05170,FEC bulk (webl/weball 2016-2026),
H,FL,FL-05,2022,Regular,0,,,,John Rutherford,785952.63,H6FL04105,FEC bulk (webl/weball 2016-2026),
H,FL,FL-05,2024,Regular,1,Jay McGovern,44584.4,H4FL05123,John Rutherford,897299.59,H6FL04105,FEC bulk (webl/weball 2016-2026),
H,FL,FL-05,2026,Upcoming,1,Rachel Grage,272423.46,H6FL05250,John Rutherford,726726.61,H6FL04105,FEC bulk (webl/weball 2016-2026),
H,FL,FL-06,2016,Regular,1,Bill McCullough,41250.0,H6FL06126,Ron DeSantis,4928629.93,H2FL00292,FEC bulk (webl/weball 2016-2026),
H,FL,FL-06,2018,Regular,1,Nancy Soderberg,3242549.28,H8FL06098,Michael Waltz,2197940.02,H8FL06148,FEC bulk (webl/weball 2016-2026),
H,FL,FL-06,2020,Regular,1,Clint Curtis,26851.1,H0FL06103,Michael Waltz,2869733.18,H8FL06148,FEC bulk (webl/weball 2016-2026),
H,FL,FL-06,2022,Regular,0,Joe Hannoush,0,,Michael Waltz,3165364.33,H8FL06148,FEC bulk (webl/weball 2016-2026),dem:no-fec-filings(sub-threshold)
H,FL,FL-06,2024,Regular,1,James David Stockton,33549.47,H4FL06055,Michael Waltz,2820255.6,H8FL06148,FEC bulk (webl/weball 2016-2026),
H,FL,FL-06,2026,Upcoming,1,Jennifer Jenkins,725730.74,H6FL06399,Randy Fine,4286207.08,H6FL06258,FEC bulk (webl/weball 2016-2026),
H,FL,FL-07,2016,Regular,1,Stephanie Murphy,1083923.14,H6FL07140,John Mica,1646784.85,H2FL08055,FEC bulk (webl/weball 2016-2026),
H,FL,FL-07,2018,Regular,1,Stephanie Murphy,3229991.57,H6FL07140,Mike Miller,1137563.66,H8FL07062,FEC bulk (webl/weball 2016-2026),
H,FL,FL-07,2020,Regular,1,Stephanie Murphy,3154665.17,H6FL07140,Leo Valentin,1045426.18,H0FL07143,FEC bulk (webl/weball 2016-2026),
H,FL,FL-07,2022,Regular,1,Karen Green,67798.9,H2FL08139,Cory Mills,2634884.12,H2FL07156,FEC bulk (webl/weball 2016-2026),
H,FL,FL-07,2024,Regular,1,Jennifer Adams,277066.1,H4FL07137,Cory Mills,1628886.82,H2FL07156,FEC bulk (webl/weball 2016-2026),
H,FL,FL-07,2026,Upcoming,1,Bale Dalton,1378109.29,H6FL07215,Cory Mills,880710.88,H2FL07156,FEC bulk (webl/weball 2016-2026),
H,FL,FL-08,2016,Regular,1,Corry Westbrook,37564.65,H4FL08077,Bill Posey,896408.67,H8FL15107,FEC bulk (webl/weball 2016-2026),
H,FL,FL-08,2018,Regular,1,Sanjay Patel,337942.2,H8FL08102,Bill Posey,927501.0,H8FL15107,FEC bulk (webl/weball 2016-2026),
H,FL,FL-08,2020,Regular,1,Jim Kennedy,138668.44,H0FL08224,Bill Posey,990772.81,H8FL15107,FEC bulk (webl/weball 2016-2026),
H,FL,FL-08,2022,Regular,1,Joanne Terry,89920.38,H2FL08105,Bill Posey,1030661.36,H8FL15107,FEC bulk (webl/weball 2016-2026),
H,FL,FL-08,2024,Regular,1,Sandy Kennedy,37566.32,H4FL08143,Mike Haridopolos,1759340.7,H4FL08168,FEC bulk (webl/weball 2016-2026),
H,FL,FL-08,2026,Upcoming,1,Paul Dellinger,2705.4,H6FL08270,Mike Haridopolos,1824837.67,H4FL08168,FEC bulk (webl/weball 2016-2026),
H,FL,FL-09,2016,Regular,1,Darren Soto,1219140.66,H6FL09179,Wayne Liebnitzky,32471.39,H6FL09195,FEC bulk (webl/weball 2016-2026),
H,FL,FL-09,2018,Regular,1,Darren Soto,1511579.05,H6FL09179,Wayne Liebnitzky,71506.89,H6FL09195,FEC bulk (webl/weball 2016-2026),
H,FL,FL-09,2020,Regular,1,Darren Soto,1115842.18,H6FL09179,Bill Olson,405912.49,H0FL09081,FEC bulk (webl/weball 2016-2026),
H,FL,FL-09,2022,Regular,1,Darren Soto,1337428.16,H6FL09179,Scotty Moore,601171.19,H2FL09228,FEC bulk (webl/weball 2016-2026),
H,FL,FL-09,2024,Regular,1,Darren Soto,2159165.71,H6FL09179,Thomas Chalifoux,2684792.44,H4FL09182,FEC bulk (webl/weball 2016-2026),
H,FL,FL-09,2026,Upcoming,1,Darren Soto,2157833.96,H6FL09179,Thomas Chalifoux,3139737.1,H4FL09182,FEC bulk (webl/weball 2016-2026),
H,FL,FL-10,2016,Regular,1,Val Demings,165168.08,H2FL08063,Thuy Lowe,50734.93,H6FL05177,FEC bulk (webl/weball 2016-2026),
H,FL,FL-10,2018,Regular,0,Val Demings,838814.13,H2FL08063,,,,FEC bulk (webl/weball 2016-2026),
H,FL,FL-10,2020,Regular,1,Val Butler Demings,1883240.22,H2FL08063,Vennia Francois,335843.07,H8FL07088,FEC bulk (webl/weball 2016-2026),
H,FL,FL-10,2022,Regular,1,Maxwell Alejandro Frost,3014746.19,H2FL10259,Calvin Wimbish,253418.48,H2FL10283,FEC bulk (webl/weball 2016-2026),
H,FL,FL-10,2024,Regular,1,Maxwell Frost,4065838.78,H2FL10259,Willie Montague,24494.82,H0FL10113,FEC bulk (webl/weball 2016-2026),
H,FL,FL-10,2026,Upcoming,1,Maxwell Frost,3474867.07,H2FL10259,Stuart Farber,0,,FEC bulk (webl/weball 2016-2026),rep:no-fec-filings(sub-threshold)
H,FL,FL-11,2016,Regular,1,Dave Koller,49745.28,H4FL11071,Daniel Webster,875287.5,H0FL08208,FEC bulk (webl/weball 2016-2026),
H,FL,FL-11,2018,Regular,1,Dana Cottrell,87600.24,H8FL11130,Daniel Webster,603631.72,H0FL08208,FEC bulk (webl/weball 2016-2026),
H,FL,FL-11,2020,Regular,1,Dana Marie Cottrell,62658.26,H8FL11130,Daniel Webster,692898.61,H0FL08208,FEC bulk (webl/weball 2016-2026),
H,FL,FL-11,2022,Regular,1,Shante Munns,20763.41,H2FL11174,Daniel Webster,783304.69,H0FL08208,FEC bulk (webl/weball 2016-2026),
H,FL,FL-11,2024,Regular,1,Barbie Harden Hall,76285.62,H4FL11105,Daniel Webster,1019865.25,H0FL08208,FEC bulk (webl/weball 2016-2026),
H,FL,FL-11,2026,Upcoming,1,Barbara Hall,23988.94,H4FL11105,Daniel Webster,387212.41,H0FL08208,FEC bulk (webl/weball 2016-2026),
H,FL,FL-12,2016,Regular,1,Robert Matthew Tager,47918.0,H6FL12181,Gus Bilirakis,1414045.95,H6FL09070,FEC bulk (webl/weball 2016-2026),
H,FL,FL-12,2018,Regular,1,Chris Hunter,779295.0,H8FL12088,Gus Bilirakis,2026202.94,H6FL09070,FEC bulk (webl/weball 2016-2026),
H,FL,FL-12,2020,Regular,1,Kimberly Walker,42802.1,H6FL13197,Gus Bilirakis,1609445.83,H6FL09070,FEC bulk (webl/weball 2016-2026),
H,FL,FL-12,2022,Regular,1,Kimberly Walker,20401.13,H6FL13197,Gus Bilirakis,1985594.58,H6FL09070,FEC bulk (webl/weball 2016-2026),
H,FL,FL-12,2024,Regular,1,Rock Aboujaoude,56949.32,H4FL02112,Gus Bilirakis,1804425.78,H6FL09070,FEC bulk (webl/weball 2016-2026),
H,FL,FL-12,2026,Upcoming,1,Christopher Irizarry,22229.64,H6FL12199,Gus Bilirakis,1588537.71,H6FL09070,FEC bulk (webl/weball 2016-2026),
H,FL,FL-13,2016,Regular,1,Charlie Crist,2081442.29,H6FL13205,David Jolly,1989867.96,H4FL13101,FEC bulk (webl/weball 2016-2026),
H,FL,FL-13,2018,Regular,1,Charlie Crist,3361938.76,H6FL13205,George Buck,42527.82,H8FL13136,FEC bulk (webl/weball 2016-2026),
H,FL,FL-13,2020,Regular,1,Charlie Crist,2799099.32,H6FL13205,Anna Paulina Luna,3326715.16,H0FL13158,FEC bulk (webl/weball 2016-2026),
H,FL,FL-13,2022,Regular,1,Eric Lynn,2247469.3,H6FL13189,Anna Paulina Luna,3387013.53,H0FL13158,FEC bulk (webl/weball 2016-2026),
H,FL,FL-13,2024,Regular,1,Whitney Fox,2559343.8,H4FL13200,Anna Paulina Luna,3697834.71,H0FL13158,FEC bulk (webl/weball 2016-2026),
H,FL,FL-13,2026,Upcoming,1,Earle Ford,569488.62,H6FL13239,Anna Paulina Luna,3233311.85,H0FL13158,FEC bulk (webl/weball 2016-2026),
H,FL,FL-14,2016,Regular,1,Kathy Castor,735013.13,H6FL11126,Christine Quinn,33107.49,H6FL14112,FEC bulk (webl/weball 2016-2026),
H,FL,FL-14,2018,Regular,0,Kathy Castor,762448.55,H6FL11126,,,,FEC bulk (webl/weball 2016-2026),
H,FL,FL-14,2020,Regular,1,Kathy Castor,892192.37,H6FL11126,Christine Quinn,242249.39,H6FL14112,FEC bulk (webl/weball 2016-2026),
H,FL,FL-14,2022,Regular,1,Kathy Castor,1585896.95,H6FL11126,James Judge,216847.03,H2FL14277,FEC bulk (webl/weball 2016-2026),
H,FL,FL-14,2024,Regular,1,Kathy Castor,1166739.26,H6FL11126,Rocky Rochford,72882.58,H4FL14117,FEC bulk (webl/weball 2016-2026),
H,FL,FL-14,2026,Upcoming,1,Kathy Castor,2337999.31,H6FL11126,Robert Rochford,266796.0,H4FL14117,FEC bulk (webl/weball 2016-2026),
H,FL,FL-15,2016,Regular,1,Jim Lange,39917.88,H6FL15150,Dennis Ross,1220745.57,H0FL12101,FEC bulk (webl/weball 2016-2026),
H,FL,FL-15,2018,Regular,1,Kristen Carlson,2108840.58,H8FL15271,Ross Spano,935843.75,H8FL15230,FEC bulk (webl/weball 2016-2026),
H,FL,FL-15,2020,Regular,1,Alan Cohn,2353501.24,H4FL15155,Scott Franklin,1665297.83,H0FL15104,FEC bulk (webl/weball 2016-2026),
H,FL,FL-15,2022,Regular,1,Alan Cohn,825897.45,H4FL15155,Laurel Lee,1563092.79,H2FL15241,FEC bulk (webl/weball 2016-2026),
H,FL,FL-15,2024,Regular,1,Pat Kemp,542647.03,H4FL15189,Laurel Lee,2162709.67,H2FL15241,FEC bulk (webl/weball 2016-2026),
H,FL,FL-15,2026,Upcoming,1,Darren McAuley,728863.42,H6FL15192,Laurel Lee,2346664.45,H2FL15241,FEC bulk (webl/weball 2016-2026),
H,FL,FL-16,2016,Regular,1,Jan Schneider,70872.65,H2FL13139,Vern Buchanan,1660718.68,H6FL13148,FEC bulk (webl/weball 2016-2026),
H,FL,FL-16,2018,Regular,1,David Shapiro,2618549.15,H8FL16055,Vern Buchanan,2991634.45,H6FL13148,FEC bulk (webl/weball 2016-2026),
H,FL,FL-16,2020,Regular,1,Margaret Good,3457414.59,H0FL16094,Vern Buchanan,3643336.22,H6FL13148,FEC bulk (webl/weball 2016-2026),
H,FL,FL-16,2022,Regular,1,Jan Schneider,22651.67,H2FL13139,Vern Buchanan,4693372.7,H6FL13148,FEC bulk (webl/weball 2016-2026),
H,FL,FL-16,2024,Regular,1,Jan Schneider,32722.75,H2FL13139,Vern Buchanan,1824538.71,H6FL13148,FEC bulk (webl/weball 2016-2026),
H,FL,FL-16,2026,Upcoming,1,Jan Schneider,56078.29,H2FL13139,Vern Buchanan,929859.45,H6FL13148,FEC bulk (webl/weball 2016-2026),
H,FL,FL-17,2016,Regular,1,April Freeman,133917.66,H4FL19058,Thomas Rooney,625662.49,H8FL16022,FEC bulk (webl/weball 2016-2026),
H,FL,FL-17,2018,Regular,1,Allen Ellison,3469.33,H4FL17037,Greg Steube,879106.19,H8FL17053,FEC bulk (webl/weball 2016-2026),
H,FL,FL-17,2020,Regular,1,Allen Ellison,84005.43,H0FL17159,Gregory Steube,768470.93,H8FL17053,FEC bulk (webl/weball 2016-2026),
H,FL,FL-17,2022,Regular,1,Andrea Doria Kale,27724.28,H2FL17106,Gregory Steube,1645535.54,H8FL17053,FEC bulk (webl/weball 2016-2026),
H,FL,FL-17,2024,Regular,1,Manny Lopez,69448.01,H4FL17052,Gregory Steube,1735999.36,H8FL17053,FEC bulk (webl/weball 2016-2026),
H,FL,FL-17,2026,Upcoming,1,Matthew Montavon,96489.4,H4FL17060,Greg Steube,1337886.69,H8FL17053,FEC bulk (webl/weball 2016-2026),
H,FL,FL-18,2016,Regular,1,Randy Perkins,10873242.18,H6FL18147,Brian Mast,2967556.89,H6FL18097,FEC bulk (webl/weball 2016-2026),
H,FL,FL-18,2018,Regular,1,Lauren Baer,4603075.18,H8FL18028,Brian Mast,6120277.95,H6FL18097,FEC bulk (webl/weball 2016-2026),
H,FL,FL-18,2020,Regular,1,Pam Keith,114.95,H8FL18010,Brian Mast,6196669.33,H6FL18097,FEC bulk (webl/weball 2016-2026),
H,FL,FL-18,2022,Regular,0,Keith Hayden Jr.,0.0,H2FL18138,Scott Franklin,1111918.47,H0FL15104,FEC bulk (webl/weball 2016-2026),
H,FL,FL-18,2024,Regular,1,Andrea Doria Kale,30629.22,H2FL17106,Scott Franklin,815897.15,H0FL15104,FEC bulk (webl/weball 2016-2026),
H,FL,FL-18,2026,Upcoming,1,Tiffanie Luong,0,,Scott Franklin,849999.59,H0FL15104,FEC bulk (webl/weball 2016-2026),dem:no-fec-filings(sub-threshold)
H,FL,FL-19,2016,Regular,1,Robert Neeld,15390.0,H4FL14091,Francis Rooney,5147060.3,H6FL19087,FEC bulk (webl/weball 2016-2026),dem:api-backfill
H,FL,FL-19,2018,Regular,1,David Holden,576623.82,H8FL19067,Francis Rooney,1269159.67,H6FL19087,FEC bulk (webl/weball 2016-2026),
H,FL,FL-19,2020,Regular,1,Cindy Lyn Banyai,214750.44,H0FL19106,Byron Donalds,3250540.96,H2FL14186,FEC bulk (webl/weball 2016-2026),rep:api-backfill
H,FL,FL-19,2022,Regular,1,Cindy Banyai,108926.24,H0FL19106,Byron Donalds,5657617.12,H2FL14186,FEC bulk (webl/weball 2016-2026),
H,FL,FL-19,2024,Regular,1,Kari Lerner,184066.35,H4FL19116,Byron Donalds,6600931.63,H2FL14186,FEC bulk (webl/weball 2016-2026),
H,FL,FL-19,2026,Upcoming,1,Howard Sapp,53596.19,H6FL19111,Byron Donalds,738092.0,H2FL14186,FEC bulk (webl/weball 2016-2026),
H,FL,FL-20,2016,Regular,1,Alcee Hastings,811734.3,H2FL23021,Gary Stein,0,,FEC bulk (webl/weball 2016-2026),rep:no-fec-filings(sub-threshold)
H,FL,FL-20,2018,Regular,0,Alcee Hastings,791931.45,H2FL23021,,,,FEC bulk (webl/weball 2016-2026),
H,FL,FL-20,2020,Regular,1,Alcee Hastings,610001.64,H2FL23021,Greg Musselwhite,28955.28,H0FL20120,FEC bulk (webl/weball 2016-2026),
H,FL,FL-20,2022,Regular,1,Sheila Cherfilus-McCormick,6779418.8,H8FL20032,Drew Montez Clark,145971.24,H2FL25083,FEC bulk (webl/weball 2016-2026),
H,FL,FL-20,2024,Regular,0,Sheila Cherfilus-McCormick,639178.7,H8FL20032,,,,FEC bulk (webl/weball 2016-2026),
H,FL,FL-20,2026,Upcoming,1,Sheila Cherfilus-McCormick,389258.3,H8FL20032,Rodenay Joseph,98824.74,H6FL20069,FEC bulk (webl/weball 2016-2026),
H,FL,FL-21,2016,Regular,1,Lois Frankel,1644081.84,H2FL14053,Paul Spain,49834.91,H4FL22110,FEC bulk (webl/weball 2016-2026),
H,FL,FL-21,2018,Regular,0,Lois Frankel,983333.91,H2FL14053,,,,FEC bulk (webl/weball 2016-2026),
H,FL,FL-21,2020,Regular,1,Lois Frankel,1556088.5,H2FL14053,Laura Loomer,2286934.81,H0FL21078,FEC bulk (webl/weball 2016-2026),
H,FL,FL-21,2022,Regular,1,Corinna Balderramos Robinson,82386.46,H2FL18096,Brian Mast,6338072.31,H6FL18097,FEC bulk (webl/weball 2016-2026),
H,FL,FL-21,2024,Regular,1,Thomas Witkop,265397.71,H4FL21070,Brian Mast,3998823.63,H6FL18097,FEC bulk (webl/weball 2016-2026),
H,FL,FL-21,2026,Upcoming,1,Pia Dandiya,2284052.29,H6FL21059,Brian Mast,4308890.46,H6FL18097,FEC bulk (webl/weball 2016-2026),
H,FL,FL-22,2016,Regular,1,Theodore Deutch,1514747.39,H0FL19080,Andrea Leigh McGee,25594.03,H4FL22086,FEC bulk (webl/weball 2016-2026),
H,FL,FL-22,2018,Regular,1,Theodore Deutch,1305988.06,H0FL19080,Nicolas Kimaz,202905.02,H8FL22061,FEC bulk (webl/weball 2016-2026),
H,FL,FL-22,2020,Regular,1,Theodore Deutch,1382551.43,H0FL19080,Jim Pruden,278998.83,H0FL22118,FEC bulk (webl/weball 2016-2026),
H,FL,FL-22,2022,Regular,1,Lois Frankel,1275269.43,H2FL14053,Dan Franzese,1614198.79,H2FL21108,FEC bulk (webl/weball 2016-2026),
H,FL,FL-22,2024,Regular,1,Lois Frankel,1887170.43,H2FL14053,Dan Franzese,1776993.98,H2FL21108,FEC bulk (webl/weball 2016-2026),
H,FL,FL-22,2026,Upcoming,1,Lois Frankel,2276253.73,H2FL14053,Anna Medvedeva,278317.85,H6FL22099,FEC bulk (webl/weball 2016-2026),
H,FL,FL-23,2016,Regular,1,Debbie Wasserman Schultz,4037050.28,H4FL20023,Joe Kaufman,133871.33,H2FL20043,FEC bulk (webl/weball 2016-2026),
H,FL,FL-23,2018,Regular,1,Debbie Wasserman Schultz,2233841.84,H4FL20023,Joe Kaufman,139860.83,H2FL20043,FEC bulk (webl/weball 2016-2026),
H,FL,FL-23,2020,Regular,1,Debbie Wasserman Schultz,2204638.0,H4FL20023,Carla Spalding,947208.87,H0FL23090,FEC bulk (webl/weball 2016-2026),
H,FL,FL-23,2022,Regular,1,Jared Moskowitz,1752697.27,H2FL22171,Joe Budd,171383.71,H2FL23138,FEC bulk (webl/weball 2016-2026),
H,FL,FL-23,2024,Regular,1,Jared Moskowitz,2358065.32,H2FL22171,Joe Kaufman,166713.53,H2FL20043,FEC bulk (webl/weball 2016-2026),
H,FL,FL-23,2026,Upcoming,1,Jared Moskowitz,2998428.2,H2FL22171,Raven Harrison,797235.43,H6FL23139,FEC bulk (webl/weball 2016-2026),
H,FL,FL-24,2016,Regular,0,Frederica Wilson,488779.75,H0FL17068,,,,FEC bulk (webl/weball 2016-2026),
H,FL,FL-24,2018,Regular,0,Frederica Wilson,369143.8,H0FL17068,,,,FEC bulk (webl/weball 2016-2026),
H,FL,FL-24,2020,Regular,1,Frederica Wilson,412591.56,H0FL17068,Lavern Spicer,39625.3,H0FL24205,FEC bulk (webl/weball 2016-2026),
H,FL,FL-24,2022,Regular,1,Frederica Wilson,623725.06,H0FL17068,Jesus Navarro,15868.09,H2FL24078,FEC bulk (webl/weball 2016-2026),
H,FL,FL-24,2024,Regular,1,Frederica Wilson,488827.68,H0FL17068,Jesus Gabriel Navarro,33224.76,H4FL24058,FEC bulk (webl/weball 2016-2026),
H,FL,FL-24,2026,Upcoming,1,Frederica Wilson,164773.88,H0FL17068,Patricia Gonzalez,1333.0,H2FL24052,FEC bulk (webl/weball 2016-2026),
H,FL,FL-25,2016,Regular,1,Alina Valdes,37603.9,H6FL25027,Mario Diaz-Balart,1385125.59,H2FL25018,FEC bulk (webl/weball 2016-2026),
H,FL,FL-25,2018,Regular,1,Mary Barzee Flores,2198498.23,H8FL27086,Mario Diaz-Balart,2295610.15,H2FL25018,FEC bulk (webl/weball 2016-2026),
H,FL,FL-25,2020,Regular,0,,,,Mario Diaz-Balart,1597458.73,H2FL25018,FEC bulk (webl/weball 2016-2026),
H,FL,FL-25,2022,Regular,1,Debbie Wasserman Schultz,2087129.07,H4FL20023,Carla Spalding,2002921.5,H0FL23090,FEC bulk (webl/weball 2016-2026),
H,FL,FL-25,2024,Regular,1,Debbie Wasserman Schultz,2896300.36,H4FL20023,Chris Eddy,416343.66,H4FL25030,FEC bulk (webl/weball 2016-2026),
H,FL,FL-25,2026,Upcoming,1,Debbie Wasserman Schultz,3300107.37,H4FL20023,Michael Carbonara,6332572.73,H6FL25035,FEC bulk (webl/weball 2016-2026),
H,FL,FL-26,2016,Regular,1,Joe Garcia,1379367.35,H8FL25015,Carlos Curbelo,3885811.58,H4FL26038,FEC bulk (webl/weball 2016-2026),
H,FL,FL-26,2018,Regular,1,Debbie Mucarsel-Powell,4655422.3,H8FL26039,Carlos Curbelo,5178884.51,H4FL26038,FEC bulk (webl/weball 2016-2026),
H,FL,FL-26,2020,Regular,1,Debbie Mucarsel-Powell,6886951.68,H8FL26039,Carlos Gimenez,2245735.18,H0FL26036,FEC bulk (webl/weball 2016-2026),
H,FL,FL-26,2022,Regular,1,Christine Alexandria Olivo,138186.98,H2FL24037,Mario Diaz-Balart,1823501.56,H2FL25018,FEC bulk (webl/weball 2016-2026),
H,FL,FL-26,2024,Regular,1,Joey Atkins,36675.0,H4FL26103,Mario Diaz-Balart,2363025.68,H2FL25018,FEC bulk (webl/weball 2016-2026),
H,FL,FL-26,2026,Upcoming,1,Yurina Gil,38587.56,H6FL26041,Mario Diaz-Balart,2060781.95,H2FL25018,FEC bulk (webl/weball 2016-2026),
H,FL,FL-27,2016,Regular,1,Scott Fuhrman,941445.76,H6FL27031,Ileana Ros-Lehtinen,1558423.54,H0FL18025,FEC bulk (webl/weball 2016-2026),
H,FL,FL-27,2018,Regular,1,Donna Shalala,4477267.6,H8FL27193,Maria Elvira Salazar,2069164.06,H8FL27185,FEC bulk (webl/weball 2016-2026),
H,FL,FL-27,2020,Regular,1,Donna Shalala,3922822.03,H8FL27193,Maria Elvira Salazar,3690747.29,H8FL27185,FEC bulk (webl/weball 2016-2026),
H,FL,FL-27,2022,Regular,1,Annette Taddeo,1928038.74,H8FL00034,Maria Elvira Salazar,5647931.39,H8FL27185,FEC bulk (webl/weball 2016-2026),
H,FL,FL-27,2024,Regular,1,Lucia Baez-Geller,654171.35,H4FL27010,Maria Elvira Salazar,3230463.98,H8FL27185,FEC bulk (webl/weball 2016-2026),
H,FL,FL-27,2026,Upcoming,1,Richard Lamondin,743712.29,H6FL27056,Maria Salazar,1999399.08,H8FL27185,FEC bulk (webl/weball 2016-2026),
H,FL,FL-28,2022,Regular,1,Robert Asencio,124784.97,H2FL28038,Carlos Gimenez,2143685.24,H0FL26036,FEC bulk (webl/weball 2016-2026),
H,FL,FL-28,2024,Regular,1,Phil Ehr,1199607.63,H4FL28042,Carlos Gimenez,1127145.82,H0FL26036,FEC bulk (webl/weball 2016-2026),
H,FL,FL-28,2026,Upcoming,1,Phil Ehr,438286.2,H4FL28042,Carlos Gimenez,601253.76,H0FL26036,FEC bulk (webl/weball 2016-2026),
H,GA,GA-01,2016,Regular,0,,,,Buddy Carter,1271835.81,H4GA01039,FEC bulk (webl/weball 2016-2026),
H,GA,GA-01,2018,Regular,1,Lisa Ring,224120.32,H8GA01063,Buddy Carter,2093065.4,H4GA01039,FEC bulk (webl/weball 2016-2026),
H,GA,GA-01,2020,Regular,1,Joyce Marie Griggs,134843.17,H0GA01029,Buddy Carter,2347613.19,H4GA01039,FEC bulk (webl/weball 2016-2026),
H,GA,GA-01,2022,Regular,1,Wade Herring,1395014.76,H2GA01249,Buddy Carter,2127328.91,H4GA01039,FEC bulk (webl/weball 2016-2026),
H,GA,GA-01,2024,Regular,1,Patti Hewitt,65790.26,H4GA01153,Buddy Carter,2597666.23,H4GA01039,FEC bulk (webl/weball 2016-2026),
H,GA,GA-01,2026,Upcoming,1,Michael McCord,224654.0,H6GA01133,James Kingston,1944528.39,H6GA01109,FEC bulk (webl/weball 2016-2026),
H,GA,GA-02,2016,Regular,1,Sanford Bishop,1121629.62,H2GA02031,Greg Duke,45535.0,H4GA02060,FEC bulk (webl/weball 2016-2026),
H,GA,GA-02,2018,Regular,1,Sanford Bishop,1169113.46,H2GA02031,Herman West,22549.0,H8GA02087,FEC bulk (webl/weball 2016-2026),
H,GA,GA-02,2020,Regular,1,Sanford Bishop,1556370.74,H2GA02031,Don Cole,165296.14,H0GA02258,FEC bulk (webl/weball 2016-2026),
H,GA,GA-02,2022,Regular,1,Sanford Bishop,3042832.27,H2GA02031,Chris West,1020600.4,H2GA02155,FEC bulk (webl/weball 2016-2026),
H,GA,GA-02,2024,Regular,1,Sanford Bishop,1913894.21,H2GA02031,Wayne Johnson,599567.08,H2GA02163,FEC bulk (webl/weball 2016-2026),
H,GA,GA-02,2026,Upcoming,1,Sanford Bishop Jr.,1126529.96,H2GA02031,Matt Day,206344.27,H6GA01182,FEC bulk (webl/weball 2016-2026),
H,GA,GA-03,2016,Regular,1,Angela Pendley,0,,Drew Ferguson,1258353.98,H6GA03113,FEC bulk (webl/weball 2016-2026),dem:no-fec-filings(sub-threshold)
H,GA,GA-03,2018,Regular,1,Chuck Enderlin,55647.13,H8GA03051,Drew Ferguson,1259003.78,H6GA03113,FEC bulk (webl/weball 2016-2026),
H,GA,GA-03,2020,Regular,1,Val Almonord,40761.87,H0GA03074,Drew Ferguson,2389983.85,H6GA03113,FEC bulk (webl/weball 2016-2026),
H,GA,GA-03,2022,Regular,1,Val Almonord,76890.66,H0GA03074,Drew Ferguson,3427041.42,H6GA03113,FEC bulk (webl/weball 2016-2026),
H,GA,GA-03,2024,Regular,1,Maura Keller,148905.21,H4GA03100,Brian Jack,2296183.1,H4GA03126,FEC bulk (webl/weball 2016-2026),
H,GA,GA-03,2026,Upcoming,1,Maura Keller,150513.84,H4GA03100,Brian Jack,2045912.87,H4GA03126,FEC bulk (webl/weball 2016-2026),
H,GA,GA-04,2016,Regular,1,Hank Johnson,505298.56,H6GA04129,Victor Armendariz,7095.0,H0GA04106,FEC bulk (webl/weball 2016-2026),
H,GA,GA-04,2018,Regular,1,Hank Johnson,482857.19,H6GA04129,Joe Profit,81618.47,H8GA04125,FEC bulk (webl/weball 2016-2026),
H,GA,GA-04,2020,Regular,1,Hank Johnson,636162.75,H6GA04129,Johsie Cruz Ezammudeen,0,,FEC bulk (webl/weball 2016-2026),rep:no-fec-filings(sub-threshold)
H,GA,GA-04,2022,Regular,1,Hank Johnson,567457.14,H6GA04129,Jonathan Chavez,0,,FEC bulk (webl/weball 2016-2026),rep:no-fec-filings(sub-threshold)
H,GA,GA-04,2024,Regular,1,Hank Johnson,669938.25,H6GA04129,Eugene Yu,66585.15,H4GA12051,FEC bulk (webl/weball 2016-2026),
H,GA,GA-04,2026,Upcoming,1,Hank Johnson,402314.84,H6GA04129,Jim Duffie,0,,FEC bulk (webl/weball 2016-2026),rep:no-fec-filings(sub-threshold)
H,GA,GA-05,2016,Regular,1,John Lewis,1092287.29,H6GA05217,Douglas Bell,10268.57,H6GA05290,FEC bulk (webl/weball 2016-2026),
H,GA,GA-05,2018,Regular,0,John Lewis,3986261.73,H6GA05217,,,,FEC bulk (webl/weball 2016-2026),
H,GA,GA-05,2020,Regular,1,Nikema Williams,558266.91,H0GA05301,Angela Stanton-King,310545.06,H0GA05277,FEC bulk (webl/weball 2016-2026),
H,GA,GA-05,2022,Regular,1,Nikema Williams,1152788.78,H0GA05301,Christian Zimm,35221.14,H2GA05166,FEC bulk (webl/weball 2016-2026),
H,GA,GA-05,2024,Regular,1,Nikema Williams,1003637.94,H0GA05301,Bongo Salvesen,0,,FEC bulk (webl/weball 2016-2026),rep:no-fec-filings(sub-threshold)
H,GA,GA-05,2026,Upcoming,1,Nikema Williams,599714.8,H0GA05301,Generic Republican,0,,FEC bulk (webl/weball 2016-2026),rep:no-fec-filings(sub-threshold)
H,GA,GA-06,2016,Regular,1,Rodney Stooksbury,0.0,H6GA06124,Tom Price,2337387.1,H4GA06087,FEC bulk (webl/weball 2016-2026),
H,GA,GA-06,2018,Regular,1,Lucy McBath,2704006.03,H8GA06393,Karen Handel,8772986.85,H8GA06286,FEC bulk (webl/weball 2016-2026),
H,GA,GA-06,2020,Regular,1,Lucy McBath,8678503.63,H8GA06393,Karen Handel,3109435.77,H8GA06286,FEC bulk (webl/weball 2016-2026),
H,GA,GA-06,2022,Regular,1,Bob Christian,308464.89,H2GA06222,Rich McCormick,4636744.33,H0GA07273,FEC bulk (webl/weball 2016-2026),
H,GA,GA-06,2024,Regular,1,Lucy McBath,2454303.29,H8GA06393,Jeff Criswell,28099.47,H4GA07283,FEC bulk (webl/weball 2016-2026),
H,GA,GA-06,2026,Upcoming,1,Lucy McBath,896855.83,H8GA06393,Justin Pinker,16338.53,H6GA06157,FEC bulk (webl/weball 2016-2026),
H,GA,GA-07,2016,Regular,1,Rashid Malik,0,,Rob Woodall,663565.45,H0GA07133,FEC bulk (webl/weball 2016-2026),dem:no-fec-filings(sub-threshold)
H,GA,GA-07,2018,Regular,1,Carolyn Bourdeaux,2943199.78,H8GA07201,Rob Woodall,1238079.16,H0GA07133,FEC bulk (webl/weball 2016-2026),
H,GA,GA-07,2020,Regular,1,Carolyn Bourdeaux,5303913.83,H8GA07201,Rich McCormick,2709379.62,H0GA07273,FEC bulk (webl/weball 2016-2026),
H,GA,GA-07,2022,Regular,1,Lucy McBath,5596710.62,H8GA06393,Mark Gonsalves,567363.58,H0GA07232,FEC bulk (webl/weball 2016-2026),
H,GA,GA-07,2024,Regular,1,Bob Christian,37360.19,H2GA06222,Richard McCormick,2277571.82,H0GA07273,FEC bulk (webl/weball 2016-2026),
H,GA,GA-07,2026,Upcoming,1,Haiden Moburg,0.0,H6GA07171,Richard McCormick,1642412.73,H0GA07273,FEC bulk (webl/weball 2016-2026),
H,GA,GA-08,2016,Regular,1,James Neal Harris,0,,Austin Scott,996674.31,H0GA08099,FEC bulk (webl/weball 2016-2026),dem:no-fec-filings(sub-threshold)
H,GA,GA-08,2018,Regular,0,,,,Austin Scott,819909.01,H0GA08099,FEC bulk (webl/weball 2016-2026),
H,GA,GA-08,2020,Regular,1,Lindsay Holliday,7480.4,H0GA08115,Austin Scott,836255.71,H0GA08099,FEC bulk (webl/weball 2016-2026),
H,GA,GA-08,2022,Regular,1,Darrius Butler,22543.42,H2GA08095,Austin Scott,832289.28,H0GA08099,FEC bulk (webl/weball 2016-2026),
H,GA,GA-08,2024,Regular,1,Darrius Butler,16292.11,H2GA08095,Austin Scott,1239044.5,H0GA08099,FEC bulk (webl/weball 2016-2026),
H,GA,GA-08,2026,Upcoming,1,James Cooper,142.08,H8GA08118,Austin Scott,1124951.95,H0GA08099,FEC bulk (webl/weball 2016-2026),
H,GA,GA-09,2016,Regular,0,,,,Doug Collins,1239467.39,H2GA09150,FEC bulk (webl/weball 2016-2026),
H,GA,GA-09,2018,Regular,1,Josh McCall,101015.51,H8GA09058,Doug Collins,1415137.02,H2GA09150,FEC bulk (webl/weball 2016-2026),
H,GA,GA-09,2020,Regular,1,Devin Pandy,84431.36,H0GA09170,Andrew Clyde,1933971.19,H0GA09246,FEC bulk (webl/weball 2016-2026),
H,GA,GA-09,2022,Regular,1,Mike Ford,36015.7,H2GA09234,Andrew Clyde,819947.75,H0GA09246,FEC bulk (webl/weball 2016-2026),
H,GA,GA-09,2024,Regular,1,Tambrei Cash,61660.34,H4GA14040,Andrew Clyde,563056.1,H0GA09246,FEC bulk (webl/weball 2016-2026),
H,GA,GA-09,2026,Upcoming,1,Nicholas Alex,156066.82,H6GA09268,Andrew Clyde,671072.43,H0GA09246,FEC bulk (webl/weball 2016-2026),
H,GA,GA-10,2016,Regular,0,,,,Jody Hice,494549.33,H0GA07125,FEC bulk (webl/weball 2016-2026),
H,GA,GA-10,2018,Regular,1,Tabitha Johnson-Green,24773.15,H8GA10197,Jody Hice,663118.3,H0GA07125,FEC bulk (webl/weball 2016-2026),
H,GA,GA-10,2020,Regular,1,Tabitha Johnson-Green,15057.96,H8GA10197,Jody Hice,600996.55,H0GA07125,FEC bulk (webl/weball 2016-2026),
H,GA,GA-10,2022,Regular,1,Tabitha Johnson-Green,48652.44,H8GA10197,Mike Collins,1467857.85,H4GA10071,FEC bulk (webl/weball 2016-2026),
H,GA,GA-10,2024,Regular,1,Lexy Doherty,240455.79,H4GA10113,Mike Collins,1713411.61,H4GA10071,FEC bulk (webl/weball 2016-2026),
H,GA,GA-10,2026,Upcoming,1,Alexandra Doherty,220390.5,H4GA10113,Houston Gaines,2303879.9,H6GA10175,FEC bulk (webl/weball 2016-2026),
H,GA,GA-11,2016,Regular,1,Don Wilson,339444.67,H6GA06116,Barry Loudermilk,833620.13,H4GA11061,FEC bulk (webl/weball 2016-2026),dem:late-filing
H,GA,GA-11,2018,Regular,1,Flynn Broady,50187.0,H8GA11062,Barry Loudermilk,849040.16,H4GA11061,FEC bulk (webl/weball 2016-2026),
H,GA,GA-11,2020,Regular,1,Dana Barrett,404625.2,H0GA11036,Barry Loudermilk,899982.15,H4GA11061,FEC bulk (webl/weball 2016-2026),
H,GA,GA-11,2022,Regular,1,Antonio Daza-Fernandez,102176.81,H2GA11230,Barry Loudermilk,795499.29,H4GA11061,FEC bulk (webl/weball 2016-2026),
H,GA,GA-11,2024,Regular,1,Kate L. Stamper,24987.9,H4GA11137,Barry Loudermilk,861133.31,H4GA11061,FEC bulk (webl/weball 2016-2026),
H,GA,GA-11,2026,Upcoming,1,Barry Wolfert,48125.36,H6GA11124,Chris Mora,30362.34,H6GA11132,FEC bulk (webl/weball 2016-2026),
H,GA,GA-12,2016,Regular,1,Patricia McCracken,27528.0,H6GA12031,Rick Allen,1143612.76,H2GA12121,FEC bulk (webl/weball 2016-2026),
H,GA,GA-12,2018,Regular,1,Francys Johnson,282355.12,H8GA12078,Rick Allen,1124623.91,H2GA12121,FEC bulk (webl/weball 2016-2026),
H,GA,GA-12,2020,Regular,1,Liz Johnson,72360.98,H0GA12059,Rick Allen,1232199.41,H2GA12121,FEC bulk (webl/weball 2016-2026),
H,GA,GA-12,2022,Regular,1,Liz Johnson,194751.23,H0GA12059,Rick Allen,990712.76,H2GA12121,FEC bulk (webl/weball 2016-2026),
H,GA,GA-12,2024,Regular,1,Liz Johnson,31475.66,H0GA12059,Rick Allen,1224020.6,H2GA12121,FEC bulk (webl/weball 2016-2026),
H,GA,GA-12,2026,Upcoming,1,Brianna Woodson,26672.85,H6GA12064,Rick Allen,993220.17,H2GA12121,FEC bulk (webl/weball 2016-2026),
H,GA,GA-13,2016,Regular,0,David Scott,1243041.31,H2GA13012,,,,FEC bulk (webl/weball 2016-2026),
H,GA,GA-13,2018,Regular,1,David Scott,1101294.88,H2GA13012,David Callahan,17832.0,H8GA13035,FEC bulk (webl/weball 2016-2026),
H,GA,GA-13,2020,Regular,1,David Scott,1228393.21,H2GA13012,Becky Hites,63879.77,H0GA13131,FEC bulk (webl/weball 2016-2026),
H,GA,GA-13,2022,Regular,1,David Scott,2007965.55,H2GA13012,Caesar Gonzales,19033.64,H0GA13149,FEC bulk (webl/weball 2016-2026),
H,GA,GA-13,2024,Regular,1,David Scott,1213689.84,H2GA13012,Jonathan Chavez,0,,FEC bulk (webl/weball 2016-2026),rep:no-fec-filings(sub-threshold)
H,GA,GA-13,2026,Upcoming,1,David Scott,521804.19,H2GA13012,Simeon Nunnally,0,,FEC bulk (webl/weball 2016-2026),rep:no-fec-filings(sub-threshold)
H,GA,GA-14,2016,Regular,0,,,,Tom Graves,1368637.9,H0GA09030,FEC bulk (webl/weball 2016-2026),
H,GA,GA-14,2018,Regular,1,Steven Lamar Foster,12736.0,H8GA14025,Tom Graves,2084074.97,H0GA09030,FEC bulk (webl/weball 2016-2026),
H,GA,GA-14,2020,Regular,1,Kevin Van Ausdal,150457.5,H0GA14097,Marjorie Taylor Greene,2631427.34,H0GA06192,FEC bulk (webl/weball 2016-2026),
H,GA,GA-14,2022,Regular,1,Marcus Flowers,16972737.74,H2GA14044,Marjorie Taylor Greene,12588124.11,H0GA06192,FEC bulk (webl/weball 2016-2026),
H,GA,GA-14,2024,Regular,1,Shawn Harris,3529948.79,H4GA14057,Marjorie Taylor Greene,8960241.51,H0GA06192,FEC bulk (webl/weball 2016-2026),
H,GA,GA-14,2026,Upcoming,1,Shawn Harris,8098513.75,H4GA14057,Clayton Fuller,1846892.29,H0GA14030,FEC bulk (webl/weball 2016-2026),
H,HI,HI-01,2016,Regular,1,Colleen Wakako Hanabusa,972777.38,H2HI02110,Shirl Ostrov,0,,FEC bulk (webl/weball 2016-2026),rep:no-fec-filings(sub-threshold)
H,HI,HI-01,2018,Regular,1,Ed Case,563845.39,H2HI02128,Cam Cavasso,156883.78,H8HI00012,FEC bulk (webl/weball 2016-2026),
H,HI,HI-01,2020,Regular,1,Ed Case,606355.5,H2HI02128,Ron Curtis,15499.85,H0HI01298,FEC bulk (webl/weball 2016-2026),
H,HI,HI-01,2022,Regular,1,Ed Case,1058273.57,H2HI02128,Conrad Kress,82409.58,H2HI02557,FEC bulk (webl/weball 2016-2026),
H,HI,HI-01,2024,Regular,1,Ed Case,700463.15,H2HI02128,Patrick Largey,0,,FEC bulk (webl/weball 2016-2026),rep:no-fec-filings(sub-threshold)
H,HI,HI-01,2026,Upcoming,1,Ed Case,1093795.44,H2HI02128,Maxwell Frazier,0,,FEC bulk (webl/weball 2016-2026),rep:no-fec-filings(sub-threshold)
H,HI,HI-02,2016,Regular,1,Tulsi Gabbard,2262362.51,H2HI02508,Angela Aulani Kaaihue,0,,FEC bulk (webl/weball 2016-2026),rep:no-fec-filings(sub-threshold)
H,HI,HI-02,2018,Regular,1,Tulsi Gabbard,1421020.43,H2HI02508,Brian Evans,0,,FEC bulk (webl/weball 2016-2026),rep:no-fec-filings(sub-threshold)
H,HI,HI-02,2020,Regular,1,Kai Kahele,1253138.86,H0HI02155,Joe Akana,64517.78,H0HI02213,FEC bulk (webl/weball 2016-2026),
H,HI,HI-02,2022,Regular,1,Jill Tokuda,1042387.26,H2HI02581,Joe Akana,71641.86,H0HI02213,FEC bulk (webl/weball 2016-2026),
H,HI,HI-02,2024,Regular,1,Jill Tokuda,989460.69,H2HI02581,Steve Bond,0,,FEC bulk (webl/weball 2016-2026),rep:no-fec-filings(sub-threshold)
H,HI,HI-02,2026,Upcoming,1,Jill Tokuda,820678.15,H2HI02581,Brenton Awa,122614.57,H6HI02426,FEC bulk (webl/weball 2016-2026),
H,IA,IA-01,2016,Regular,1,Monica Vernon,2951995.11,H4IA01077,Rod Blum,2406981.12,H2IA01055,FEC bulk (webl/weball 2016-2026),
H,IA,IA-01,2018,Regular,1,Abby Finkenauer,4601774.98,H8IA01094,Rod Blum,2814962.02,H2IA01055,FEC bulk (webl/weball 2016-2026),
H,IA,IA-01,2020,Regular,1,Abby Finkenauer,5938111.02,H8IA01094,Ashley Hinson,5178803.11,,FEC bulk (webl/weball 2016-2026),"rep:no-fec-filings(sub-threshold); rep receipts via FEC API — files as ""ARENHOLZ, ASHLEY HINSON"" (bulk name match missed it)"
H,IA,IA-01,2022,Regular,1,Christina Bohannan,3197822.62,H2IA02111,Mariannette Miller-Meeks,4911923.34,H8IA02043,FEC bulk (webl/weball 2016-2026),
H,IA,IA-01,2024,Regular,1,Christina Bohannan,6900996.18,H2IA02111,Mariannette Miller-Meeks,5800753.74,H8IA02043,FEC bulk (webl/weball 2016-2026),
H,IA,IA-01,2026,Upcoming,1,Christina Bohannan,7051745.42,H2IA02111,Mariannette Miller-Meeks,7208271.35,H8IA02043,FEC bulk (webl/weball 2016-2026),
H,IA,IA-02,2016,Regular,1,David Loebsack,1626574.06,H6IA02146,Christopher Peters,216592.81,H6IA02161,FEC bulk (webl/weball 2016-2026),
H,IA,IA-02,2018,Regular,1,David Loebsack,2062525.8,H6IA02146,Christopher Peters,846951.16,H6IA02161,FEC bulk (webl/weball 2016-2026),
H,IA,IA-02,2020,Regular,1,Rita Hart,4262215.2,H0IA02156,Mariannette Miller-Meeks,2192220.49,H8IA02043,FEC bulk (webl/weball 2016-2026),
H,IA,IA-02,2022,Regular,1,Liz Mathis,4218654.84,H2IA01089,Ashley Hinson,7191931.25,,FEC bulk (webl/weball 2016-2026),"rep:no-fec-filings(sub-threshold); rep receipts via FEC API — files as ""ARENHOLZ, ASHLEY HINSON"" (bulk name match missed it)"
H,IA,IA-02,2024,Regular,1,Sarah Corkery,510625.86,,Ashley Hinson,5600532.30,,FEC bulk (webl/weball 2016-2026),"dem:no-fec-filings(sub-threshold);rep:no-fec-filings(sub-threshold); dem receipts via FEC API — files as ""ALBERTSON-CORKERY, SARAH ELAINE"" (bulk name match missed it); rep receipts via FEC API — files as ""ARENHOLZ, ASHLEY HINSON"" (bulk name match missed it)"
H,IA,IA-02,2026,Upcoming,1,Lindsay James,1628201.37,H6IA02211,Joe Mitchell,1938593.0,H6IA02237,FEC bulk (webl/weball 2016-2026),
H,IA,IA-03,2016,Regular,1,Jim Mowrer,1959561.38,H4IA04113,David Young,2522676.6,H4IA03115,FEC bulk (webl/weball 2016-2026),
H,IA,IA-03,2018,Regular,1,Cindy Axne,5243411.69,H8IA03124,David Young,2842345.87,H4IA03115,FEC bulk (webl/weball 2016-2026),
H,IA,IA-03,2020,Regular,1,Cynthia Axne,6294903.05,H8IA03124,David Young,3215369.8,H4IA03115,FEC bulk (webl/weball 2016-2026),
H,IA,IA-03,2022,Regular,1,Cynthia Axne,7231695.0,H8IA03124,Zach Nunn,2633465.87,H2IA03119,FEC bulk (webl/weball 2016-2026),
H,IA,IA-03,2024,Regular,1,Lanon Baccam,5610180.06,H4IA03172,Zach Nunn,5809115.93,H2IA03119,FEC bulk (webl/weball 2016-2026),
H,IA,IA-03,2026,Upcoming,1,Sarah Trone Garriott,5293772.59,H6IA03268,Zach Nunn,4869248.8,H2IA03119,FEC bulk (webl/weball 2016-2026),
H,IA,IA-04,2016,Regular,1,Kim Weaver,160509.79,H6IA04134,Steve King,947982.84,H2IA05072,FEC bulk (webl/weball 2016-2026),
H,IA,IA-04,2018,Regular,1,Scholten,3309882.21,H8IA04106,Steve King,876229.78,H2IA05072,FEC bulk (webl/weball 2016-2026),
H,IA,IA-04,2020,Regular,1,Scholten,2913538.56,H8IA04106,Randy Feenstra,1907336.43,H0IA04145,FEC bulk (webl/weball 2016-2026),
H,IA,IA-04,2022,Regular,1,Ryan Melton,53023.28,H2IA04141,Randy Feenstra,2886169.99,H0IA04145,FEC bulk (webl/weball 2016-2026),
H,IA,IA-04,2024,Regular,1,Ryan Melton,153144.37,H2IA04141,Randy Feenstra,4301278.48,H0IA04145,FEC bulk (webl/weball 2016-2026),
H,IA,IA-04,2026,Upcoming,1,Dave Dawson,135721.51,H6IA04217,Chris McGowan,679843.5,H6IA04167,FEC bulk (webl/weball 2016-2026),
H,ID,ID-01,2016,Regular,1,James Piotrowski,320424.19,H6ID01250,Raúl Labrador,508140.31,H0ID01253,FEC bulk (webl/weball 2016-2026),
H,ID,ID-01,2018,Regular,1,Cristina McNeil,22974.64,H8ID01215,Russ Fulcher,917403.58,H8ID01124,FEC bulk (webl/weball 2016-2026),
H,ID,ID-01,2020,Regular,1,Rudy Soto,305168.95,H0ID01311,Russ Fulcher,582993.13,H8ID01124,FEC bulk (webl/weball 2016-2026),
H,ID,ID-01,2022,Regular,1,Kaylee Peterson,69848.28,H2ID01192,Russ Fulcher,536931.86,H8ID01124,FEC bulk (webl/weball 2016-2026),
H,ID,ID-01,2024,Regular,1,Kaylee Peterson,190323.14,H2ID01192,Russ Fulcher,637624.63,H8ID01124,FEC bulk (webl/weball 2016-2026),
H,ID,ID-01,2026,Upcoming,1,Kaylee Peterson,181023.63,H2ID01192,Russ Fulcher,662615.45,H8ID01124,FEC bulk (webl/weball 2016-2026),
H,ID,ID-02,2016,Regular,1,Jennifer Martinez,0,,Michael Simpson,1015933.11,H8ID02064,FEC bulk (webl/weball 2016-2026),dem:no-fec-filings(sub-threshold)
H,ID,ID-02,2018,Regular,1,Aaron Swisher,133276.77,H8ID02148,Michael Simpson,1107700.95,H8ID02064,FEC bulk (webl/weball 2016-2026),
H,ID,ID-02,2020,Regular,1,Aaron Swisher,74674.43,H8ID02148,Michael Simpson,1010346.7,H8ID02064,FEC bulk (webl/weball 2016-2026),
H,ID,ID-02,2022,Regular,1,Wendy Norman,13856.48,H2ID02216,Michael Simpson,1623606.84,H8ID02064,FEC bulk (webl/weball 2016-2026),
H,ID,ID-02,2024,Regular,1,David Roth,104431.35,H4ID02089,Michael Simpson,1555834.51,H8ID02064,FEC bulk (webl/weball 2016-2026),
H,ID,ID-02,2026,Upcoming,1,Julie Wiley,30477.4,H6ID02225,Michael Simpson,1118093.33,H8ID02064,FEC bulk (webl/weball 2016-2026),
H,IL,IL-01,2016,Regular,1,Bobby Rush,589580.0,H2IL01042,O'Neill Deuser,20656.0,H6IL01159,FEC bulk (webl/weball 2016-2026),
H,IL,IL-01,2018,Regular,1,Bobby Rush,386313.12,H2IL01042,Jimmy Lee Tillman,0,,FEC bulk (webl/weball 2016-2026),rep:no-fec-filings(sub-threshold)
H,IL,IL-01,2020,Regular,1,Bobby Rush,545760.47,H2IL01042,Philanise White,6288.6,H0IL01194,FEC bulk (webl/weball 2016-2026),
H,IL,IL-01,2022,Regular,1,Jonathan Jackson,793218.64,H2IL01349,Eric Carlson,5896.21,H2IL01323,FEC bulk (webl/weball 2016-2026),
H,IL,IL-01,2024,Regular,1,Jonathan Jackson,654094.58,H2IL01349,Marcus Lewis,0,,FEC bulk (webl/weball 2016-2026),rep:no-fec-filings(sub-threshold)
H,IL,IL-01,2026,Upcoming,1,Jonathan Jackson,418349.64,H2IL01349,Christian Maxwell,63315.86,H6IL01191,FEC bulk (webl/weball 2016-2026),
H,IL,IL-02,2016,Regular,1,Robin Kelly,1110806.16,H2IL02172,John Morrow,0,,FEC bulk (webl/weball 2016-2026),rep:no-fec-filings(sub-threshold)
H,IL,IL-02,2018,Regular,1,Robin Kelly,1008275.09,H2IL02172,David Merkle,0,,FEC bulk (webl/weball 2016-2026),rep:no-fec-filings(sub-threshold)
H,IL,IL-02,2020,Regular,1,Robin Kelly,1639545.16,H2IL02172,Theresa Raborn,0,,FEC bulk (webl/weball 2016-2026),rep:no-fec-filings(sub-threshold)
H,IL,IL-02,2022,Regular,1,Robin Kelly,1746109.48,H2IL02172,Thomas Lynch,0,,FEC bulk (webl/weball 2016-2026),rep:no-fec-filings(sub-threshold)
H,IL,IL-02,2024,Regular,1,Robin Kelly,1923741.97,H2IL02172,Ashley Ramos,0,,FEC bulk (webl/weball 2016-2026),rep:api-backfill:confirmed-no-filings
H,IL,IL-02,2026,Upcoming,1,Donna Miller,2452894.37,H6IL02355,Calvin Coleman,7993.84,H6IL02280,FEC bulk (webl/weball 2016-2026),
H,IL,IL-03,2016,Regular,0,Daniel Lipinski,886350.28,H4IL03077,,,,FEC bulk (webl/weball 2016-2026),
H,IL,IL-03,2018,Regular,1,Daniel Lipinski,1593926.79,H4IL03077,Arthur Jones,516102.36,H8IL13168,FEC bulk (webl/weball 2016-2026),
H,IL,IL-03,2020,Regular,1,Marie Newman,2835512.46,H8IL03102,Mike Fricilone,128457.99,H0IL03117,FEC bulk (webl/weball 2016-2026),
H,IL,IL-03,2022,Regular,1,Delia Ramirez,990197.28,H2IL03162,Justin Burau,28273.99,H2IL06082,FEC bulk (webl/weball 2016-2026),
H,IL,IL-03,2024,Regular,1,Delia Ramirez,1131488.61,H2IL03162,John Booras,38596.8,H4IL03101,FEC bulk (webl/weball 2016-2026),
H,IL,IL-03,2026,Upcoming,1,Delia Ramirez,1465280.22,H2IL03162,Angel Oakley,8079.52,H6IL03163,FEC bulk (webl/weball 2016-2026),
H,IL,IL-04,2016,Regular,0,Luis Gutiérrez,525090.18,H2IL08039,,,,FEC bulk (webl/weball 2016-2026),
H,IL,IL-04,2018,Regular,1,Chuy Garcia,873126.05,H8IL04134,Mark Wayne Lorch,8109.36,H8IL04175,FEC bulk (webl/weball 2016-2026),
H,IL,IL-04,2020,Regular,1,Chuy García,838108.77,H8IL04134,Jesus Solorio,2065.0,H0IL04081,FEC bulk (webl/weball 2016-2026),
H,IL,IL-04,2022,Regular,1,Chuy García,938958.69,H8IL04134,James Falakos,0,,FEC bulk (webl/weball 2016-2026),rep:no-fec-filings(sub-threshold)
H,IL,IL-04,2024,Regular,1,Chuy García,863042.92,H8IL04134,Lupe Castillo,0,,FEC bulk (webl/weball 2016-2026),rep:no-fec-filings(sub-threshold)
H,IL,IL-04,2026,Upcoming,1,Patty Garcia,358667.1,H6IL04153,Lupe Castillo,0,,FEC bulk (webl/weball 2016-2026),rep:no-fec-filings(sub-threshold)
H,IL,IL-05,2016,Regular,1,Mike Quigley,1013643.52,H0IL05096,Vince Kolber,56222.89,H6IL05150,FEC bulk (webl/weball 2016-2026),
H,IL,IL-05,2018,Regular,1,Mike Quigley,1334784.15,H0IL05096,Tom Hanson,50174.0,H8IL03136,FEC bulk (webl/weball 2016-2026),
H,IL,IL-05,2020,Regular,1,Mike Quigley,1172557.2,H0IL05096,Tommy Hanson,0.0,H8IL03136,FEC bulk (webl/weball 2016-2026),
H,IL,IL-05,2022,Regular,1,Mike Quigley,1053627.4,H0IL05096,Tommy Hanson,28663.3,H8IL05073,FEC bulk (webl/weball 2016-2026),rep:api-backfill
H,IL,IL-05,2024,Regular,1,Mike Quigley,1093681.39,H0IL05096,Tommy Hanson,4990.1,H8IL05073,FEC bulk (webl/weball 2016-2026),
H,IL,IL-05,2026,Upcoming,1,Mike Quigley,725694.88,H0IL05096,Tommy Hanson,0,,FEC bulk (webl/weball 2016-2026),rep:api-backfill:confirmed-no-filings
H,IL,IL-06,2016,Regular,1,Amanda Howland,100443.41,H6IL06166,Peter Roskam,3013381.97,H6IL06117,FEC bulk (webl/weball 2016-2026),
H,IL,IL-06,2018,Regular,1,Sean Casten,6439711.53,H8IL06139,Peter Roskam,7060804.52,H6IL06117,FEC bulk (webl/weball 2016-2026),
H,IL,IL-06,2020,Regular,1,Sean Casten,5706347.83,H8IL06139,Jeanne Ives,3266599.58,H0IL06060,FEC bulk (webl/weball 2016-2026),
H,IL,IL-06,2022,Regular,1,Sean Casten,5577460.28,H8IL06139,Keith Pekau,1514693.19,H2IL06116,FEC bulk (webl/weball 2016-2026),
H,IL,IL-06,2024,Regular,1,Sean Casten,3128625.05,H8IL06139,Niki Conforti,155698.74,H2IL06090,FEC bulk (webl/weball 2016-2026),
H,IL,IL-06,2026,Upcoming,1,Sean Casten,2108919.94,H8IL06139,Niki Conforti,313037.72,H2IL06090,FEC bulk (webl/weball 2016-2026),
H,IL,IL-07,2016,Regular,1,Danny Davis,552637.99,H4IL07037,Jeffrey Leef,0,,FEC bulk (webl/weball 2016-2026),rep:no-fec-filings(sub-threshold)
H,IL,IL-07,2018,Regular,1,Danny Davis,444796.06,H4IL07037,Craig Cameron,0,,FEC bulk (webl/weball 2016-2026),rep:no-fec-filings(sub-threshold)
H,IL,IL-07,2020,Regular,1,Danny Davis,549990.33,H4IL07037,Craig Cameron,0,,FEC bulk (webl/weball 2016-2026),rep:no-fec-filings(sub-threshold)
H,IL,IL-07,2022,Regular,0,Danny Davis,682447.21,H4IL07037,,,,FEC bulk (webl/weball 2016-2026),
H,IL,IL-07,2024,Regular,1,Danny Davis,948122.91,H4IL07037,Chad Koppie,0,,FEC bulk (webl/weball 2016-2026),rep:api-backfill:confirmed-no-filings
H,IL,IL-07,2026,Upcoming,1,La Shawn Ford,722008.77,H6IL07354,Chad Koppie,55450.56,H2IL08203,FEC bulk (webl/weball 2016-2026),
H,IL,IL-08,2016,Regular,1,Raja Krishnamoorthi,3572635.06,H6IL08147,Pete DiCianni,315249.26,H6IL08170,FEC bulk (webl/weball 2016-2026),
H,IL,IL-08,2018,Regular,1,Raja Krishnamoorthi,5315280.21,H6IL08147,JD Diganvker,54519.77,H8IL08101,FEC bulk (webl/weball 2016-2026),
H,IL,IL-08,2020,Regular,0,Raja Krishnamoorthi,6411078.44,H6IL08147,Preston Gabriel Nelson,0,,FEC bulk (webl/weball 2016-2026),rep:no-fec-filings(sub-threshold)
H,IL,IL-08,2022,Regular,1,Raja Krishnamoorthi,8498368.19,H6IL08147,Chris Dargis,545818.55,H2IL08187,FEC bulk (webl/weball 2016-2026),
H,IL,IL-08,2024,Regular,1,Raja Krishnamoorthi,10897838.27,H6IL08147,Mark Rice,281464.08,H4IL08159,FEC bulk (webl/weball 2016-2026),
H,IL,IL-08,2026,Upcoming,1,Melissa Bean,2071075.5,H6IL08329,Jennifer Davis,1476009.04,H6IL08311,FEC bulk (webl/weball 2016-2026),
H,IL,IL-09,2016,Regular,1,Janice Schakowsky,1376477.89,H8IL09067,Joan McCarthy Lasonde,202329.6,H6IL09145,FEC bulk (webl/weball 2016-2026),
H,IL,IL-09,2018,Regular,1,Janice Schakowsky,1559268.75,H8IL09067,John Elleson,74669.83,H8IL09224,FEC bulk (webl/weball 2016-2026),
H,IL,IL-09,2020,Regular,1,Janice Schakowsky,1858402.52,H8IL09067,Sargis Sangari,35364.0,H8IL09190,FEC bulk (webl/weball 2016-2026),
H,IL,IL-09,2022,Regular,1,Janice Schakowsky,1563009.22,H8IL09067,Max Rice,9895.5,H8IL09174,FEC bulk (webl/weball 2016-2026),
H,IL,IL-09,2024,Regular,1,Janice Schakowsky,1557667.59,H8IL09067,Seth Alan Cohen,12108.78,H4IL09090,FEC bulk (webl/weball 2016-2026),
H,IL,IL-09,2026,Upcoming,1,Daniel Biss,2946674.84,H6IL09228,John Elleson,0,,FEC bulk (webl/weball 2016-2026),rep:api-backfill:confirmed-no-filings
H,IL,IL-10,2016,Regular,1,Brad Schneider,5197782.27,H2IL10068,Robert Dold,5488206.47,H0IL10302,FEC bulk (webl/weball 2016-2026),
H,IL,IL-10,2018,Regular,1,Bradley Scott Schneider,4568446.12,H2IL10068,Douglas Bennett,293997.58,H8IL10115,FEC bulk (webl/weball 2016-2026),
H,IL,IL-10,2020,Regular,1,Bradley Scott Schneider,3610180.42,H2IL10068,Valerie Ramirez Mukherjee,1140245.0,H0IL10351,FEC bulk (webl/weball 2016-2026),
H,IL,IL-10,2022,Regular,1,Bradley Scott Schneider,3797651.97,H2IL10068,Joseph Severino,34275.0,H0IL10393,FEC bulk (webl/weball 2016-2026),
H,IL,IL-10,2024,Regular,1,Bradley Scott Schneider,3855356.96,H2IL10068,Jim Carris,680779.3,H4IL10098,FEC bulk (webl/weball 2016-2026),
H,IL,IL-10,2026,Upcoming,1,Brad Schneider,3006862.5,H2IL10068,Carl Lambrecht,0,,FEC bulk (webl/weball 2016-2026),rep:no-fec-filings(sub-threshold)
H,IL,IL-11,2016,Regular,1,Bill Foster,2981949.73,H8IL14067,Tonia Khouri,753146.76,H6IL11117,FEC bulk (webl/weball 2016-2026),
H,IL,IL-11,2018,Regular,1,Bill Foster,2658954.14,H8IL14067,Nick Stella,293806.37,H6IL11133,FEC bulk (webl/weball 2016-2026),
H,IL,IL-11,2020,Regular,1,Bill Foster,2418560.74,H8IL14067,Rick Laib,20931.67,H0IL11110,FEC bulk (webl/weball 2016-2026),
H,IL,IL-11,2022,Regular,1,Bill Foster,3332176.89,H8IL14067,Catalina Lauf,2775559.99,H2IL16107,FEC bulk (webl/weball 2016-2026),
H,IL,IL-11,2024,Regular,1,Bill Foster,3282466.22,H8IL14067,Jerry Evans,636765.02,H0IL14213,FEC bulk (webl/weball 2016-2026),
H,IL,IL-11,2026,Upcoming,1,Bill Foster,2180937.41,H8IL14067,Jeff Walter,311438.92,H6IL11166,FEC bulk (webl/weball 2016-2026),
H,IL,IL-12,2016,Regular,1,C. J. Baricevic,1008200.63,H6IL12099,Mike Bost,2321040.38,H4IL12060,FEC bulk (webl/weball 2016-2026),
H,IL,IL-12,2018,Regular,1,Brendan Kelly,3931101.31,H8IL12129,Mike Bost,2872975.37,H4IL12060,FEC bulk (webl/weball 2016-2026),
H,IL,IL-12,2020,Regular,1,Raymond Lenzi,162489.4,H0IL12100,Mike Bost,1948780.91,H4IL12060,FEC bulk (webl/weball 2016-2026),
H,IL,IL-12,2022,Regular,1,Chip Markel,65213.29,H2IL12197,Mike Bost,1664091.4,H4IL12060,FEC bulk (webl/weball 2016-2026),
H,IL,IL-12,2024,Regular,1,Brian Roberts,0,,Mike Bost,3157655.8,H4IL12060,FEC bulk (webl/weball 2016-2026),dem:no-fec-filings(sub-threshold)
H,IL,IL-12,2026,Upcoming,1,Julie Fortier,88059.67,H6IL12131,Mike Bost,1327224.8,H4IL12060,FEC bulk (webl/weball 2016-2026),
H,IL,IL-13,2016,Regular,1,Mark Wicklund,26682.77,H6IL13121,Rodney Davis,2635220.44,H2IL13120,FEC bulk (webl/weball 2016-2026),
H,IL,IL-13,2018,Regular,1,Betsy Dirksen Londrigan,4258543.71,H8IL13150,Rodney Davis,3638922.98,H2IL13120,FEC bulk (webl/weball 2016-2026),
H,IL,IL-13,2020,Regular,1,Betsy Dirksen Londrigan,5358994.51,H8IL13150,Rodney Davis,5011860.29,H2IL13120,FEC bulk (webl/weball 2016-2026),
H,IL,IL-13,2022,Regular,1,Nikki Budzinski,3933506.61,H2IL13153,Regan Deering,2096672.96,H2IL13179,FEC bulk (webl/weball 2016-2026),
H,IL,IL-13,2024,Regular,1,Nikki Budzinski,4337253.92,H2IL13153,Joshua Loyd,90607.54,H4IL13241,FEC bulk (webl/weball 2016-2026),
H,IL,IL-13,2026,Upcoming,1,Nikki Budzinski,2885017.54,H2IL13153,Jeff Wilson,348236.88,H6IL13154,FEC bulk (webl/weball 2016-2026),
H,IL,IL-14,2016,Regular,1,Jim Walz,22919.33,H6IL14129,Randy Hultgren,1183161.68,H0IL14080,FEC bulk (webl/weball 2016-2026),
H,IL,IL-14,2018,Regular,1,Lauren Underwood,4927141.64,H8IL14174,Randy Hultgren,2238968.82,H0IL14080,FEC bulk (webl/weball 2016-2026),
H,IL,IL-14,2020,Regular,1,Lauren Underwood,7862452.21,H8IL14174,Jim Oberweis,3297857.2,H8IL14083,FEC bulk (webl/weball 2016-2026),
H,IL,IL-14,2022,Regular,1,Lauren Underwood,6889213.25,H8IL14174,Scott Gryder,658298.5,H2IL14102,FEC bulk (webl/weball 2016-2026),
H,IL,IL-14,2024,Regular,1,Lauren Underwood,4158558.79,H8IL14174,Jim Marter,326753.53,H8IL16153,FEC bulk (webl/weball 2016-2026),
H,IL,IL-14,2026,Upcoming,1,Lauren Underwood,2417082.19,H8IL14174,James Marter,140847.56,H8IL16153,FEC bulk (webl/weball 2016-2026),
H,IL,IL-15,2016,Regular,0,,,,John Shimkus,3207855.8,H2IL20042,FEC bulk (webl/weball 2016-2026),
H,IL,IL-15,2018,Regular,1,Kevin Gaither,53605.89,H8IL15072,John Shimkus,1974774.66,H2IL20042,FEC bulk (webl/weball 2016-2026),
H,IL,IL-15,2020,Regular,1,Erika Weaver,58744.21,H0IL15194,Mary Miller,700256.95,H0IL15129,FEC bulk (webl/weball 2016-2026),
H,IL,IL-15,2022,Regular,1,Paul Lange,46211.8,H2IL15109,Mary Miller,2019930.74,H0IL15129,FEC bulk (webl/weball 2016-2026),
H,IL,IL-15,2024,Regular,0,,,,Mary Miller,1595994.35,H0IL15129,FEC bulk (webl/weball 2016-2026),
H,IL,IL-15,2026,Upcoming,1,Jennifer Todd,122995.58,H6IL15092,Mary Miller,1331399.27,H0IL15129,FEC bulk (webl/weball 2016-2026),
H,IL,IL-16,2016,Regular,0,,,,Adam Kinzinger,1835619.81,H0IL11052,FEC bulk (webl/weball 2016-2026),
H,IL,IL-16,2018,Regular,1,Sara Dady,382450.38,H8IL16120,Adam Kinzinger,1842504.96,H0IL11052,FEC bulk (webl/weball 2016-2026),
H,IL,IL-16,2020,Regular,1,Dani Brzozowski,448432.79,H0IL16184,Adam Kinzinger,2115266.99,H0IL11052,FEC bulk (webl/weball 2016-2026),
H,IL,IL-16,2022,Regular,1,Lisa Haderlein,38117.98,H2IL16156,Darin LaHood,3915556.68,H6IL18088,FEC bulk (webl/weball 2016-2026),
H,IL,IL-16,2024,Regular,0,,,,Darin LaHood,3753031.58,H6IL18088,FEC bulk (webl/weball 2016-2026),
H,IL,IL-16,2026,Upcoming,1,Paul Nolley,415748.4,H6IL16108,Darin LaHood,3672738.96,H6IL18088,FEC bulk (webl/weball 2016-2026),
H,IL,IL-17,2016,Regular,1,Cheri Bustos,3584496.39,H2IL17071,Patrick Harlan,0,,FEC bulk (webl/weball 2016-2026),rep:no-fec-filings(sub-threshold)
H,IL,IL-17,2018,Regular,1,Cheri Bustos,3952032.32,H2IL17071,Bill Fawell,33267.0,H4IL17077,FEC bulk (webl/weball 2016-2026),
H,IL,IL-17,2020,Regular,1,Cheri Bustos,5063556.19,H2IL17071,Esther Joy King,2058085.15,H0IL17083,FEC bulk (webl/weball 2016-2026),
H,IL,IL-17,2022,Regular,1,Eric Sorensen,3120058.37,H2IL17147,Esther Joy King,5114935.2,H0IL17083,FEC bulk (webl/weball 2016-2026),
H,IL,IL-17,2024,Regular,1,Eric Sorensen,5046501.25,H2IL17147,Joe McGraw,1510548.9,H4IL17101,FEC bulk (webl/weball 2016-2026),
H,IL,IL-17,2026,Upcoming,1,Eric Sorensen,2233675.53,H2IL17147,Dillan Vancil,308831.52,H6IL17247,FEC bulk (webl/weball 2016-2026),
H,IN,IN-01,2016,Regular,0,Peter Visclosky,1009860.99,H4IN01012,Donna Dunn,0,,FEC bulk (webl/weball 2016-2026),rep:no-fec-filings(sub-threshold)
H,IN,IN-01,2018,Regular,1,Peter Visclosky,1111399.57,H4IN01012,Mark Leyva,0,,FEC bulk (webl/weball 2016-2026),rep:api-backfill:confirmed-no-filings
H,IN,IN-01,2020,Regular,1,Frank Mrvan,590634.89,H0IN01150,Mark Leyva,0,,FEC bulk (webl/weball 2016-2026),rep:api-backfill:confirmed-no-filings
H,IN,IN-01,2022,Regular,1,Frank Mrvan,2483248.03,H0IN01150,Jennifer-Ruth Green,3492664.39,H2IN01172,FEC bulk (webl/weball 2016-2026),
H,IN,IN-01,2024,Regular,1,Frank Mrvan,3196274.92,H0IN01150,Randy Niemeyer,1107288.15,H4IN01210,FEC bulk (webl/weball 2016-2026),
H,IN,IN-01,2026,Upcoming,1,Frank Mrvan,2386267.93,H0IN01150,Barb Regnitz,2376255.95,H6IN01231,FEC bulk (webl/weball 2016-2026),
H,IN,IN-02,2016,Regular,1,Lynn Coleman,663102.74,H6IN02155,Jackie Walorski,1898007.35,,FEC bulk (webl/weball 2016-2026),"rep:no-fec-filings(sub-threshold); rep receipts via FEC API — files as ""WALORSKI SWIHART, JACKIE"" (bulk name match missed it)"
H,IN,IN-02,2018,Regular,1,Mel Hall,4123139.0,H8IN02169,Jackie Walorski,2911964.23,,FEC bulk (webl/weball 2016-2026),"rep:no-fec-filings(sub-threshold); rep receipts via FEC API — files as ""WALORSKI SWIHART, JACKIE"" (bulk name match missed it)"
H,IN,IN-02,2020,Regular,1,Pat Hackett,885559.08,H8IN02177,Jackie Walorski,2381758.79,,FEC bulk (webl/weball 2016-2026),"rep:no-fec-filings(sub-threshold); rep receipts via FEC API — files as ""WALORSKI SWIHART, JACKIE"" (bulk name match missed it)"
H,IN,IN-02,2022,Regular,1,Paul Steury,103660.38,H2IN02279,Rudy Yakym III,1151524.32,H2IN02295,FEC bulk (webl/weball 2016-2026),
H,IN,IN-02,2024,Regular,1,Lori Camp,130984.6,H4IN02192,Rudy Yakym III,3726754.51,H2IN02295,FEC bulk (webl/weball 2016-2026),
H,IN,IN-02,2026,Upcoming,1,Jamee Decio,355589.42,H6IN02189,Rudy Yakym,5246030.32,H2IN02295,FEC bulk (webl/weball 2016-2026),
H,IN,IN-03,2016,Regular,1,Tommy Schrader,0,,Jim Banks,1755487.43,H6IN03229,FEC bulk (webl/weball 2016-2026),dem:no-fec-filings(sub-threshold)
H,IN,IN-03,2018,Regular,1,Courtney Tritch,859851.8,H8IN03076,Jim Banks,996926.15,H6IN03229,FEC bulk (webl/weball 2016-2026),
H,IN,IN-03,2020,Regular,1,Chip Coldiron,97264.43,H0IN03230,Jim Banks,1223958.73,H6IN03229,FEC bulk (webl/weball 2016-2026),
H,IN,IN-03,2022,Regular,1,Gary Snyder,74397.02,H2IN03202,Jim Banks,2653270.22,H6IN03229,FEC bulk (webl/weball 2016-2026),
H,IN,IN-03,2024,Regular,1,Kiley Adolph,47977.01,H4IN03240,Marlin Stutzman,1390134.47,H0IN03198,FEC bulk (webl/weball 2016-2026),rep:api-backfill
H,IN,IN-03,2026,Upcoming,1,Kelly Thompson,136340.3,H6IN03294,Marlin Stutzman,839564.67,H0IN03198,FEC bulk (webl/weball 2016-2026),
H,IN,IN-04,2016,Regular,1,John Dale,0,,Todd Rokita,1441198.76,H0IN04170,FEC bulk (webl/weball 2016-2026),dem:no-fec-filings(sub-threshold)
H,IN,IN-04,2018,Regular,1,Tobi Beck,120052.37,H8IN04124,Jim Baird,565344.82,H8IN04199,FEC bulk (webl/weball 2016-2026),
H,IN,IN-04,2020,Regular,1,Joe Mackey,45152.53,H8IN04140,James Baird,371674.0,H8IN04199,FEC bulk (webl/weball 2016-2026),
H,IN,IN-04,2022,Regular,1,Roger Day,0,,James Baird,434679.53,H8IN04199,FEC bulk (webl/weball 2016-2026),dem:no-fec-filings(sub-threshold)
H,IN,IN-04,2024,Regular,1,Derrick Holder,8116.13,H4IN04255,James Baird,618942.74,H8IN04199,FEC bulk (webl/weball 2016-2026),
H,IN,IN-04,2026,Upcoming,1,Joseph Mackey,11233.8,H8IN04140,James Baird,358292.51,H8IN04199,FEC bulk (webl/weball 2016-2026),
H,IN,IN-05,2016,Regular,1,Angela Demaree,148371.64,H6IN05216,Susan Brooks,1734455.31,H2IN05082,FEC bulk (webl/weball 2016-2026),
H,IN,IN-05,2018,Regular,1,Dee Thornton,208155.4,H8IN05188,Susan Brooks,1435482.14,H2IN05082,FEC bulk (webl/weball 2016-2026),
H,IN,IN-05,2020,Regular,1,Christina Hale,4019766.56,H0IN05219,Victoria Spartz,3270606.27,H0IN05326,FEC bulk (webl/weball 2016-2026),
H,IN,IN-05,2022,Regular,1,Jeannine Lee Lake,43404.37,H8IN06202,Victoria Spartz,4156237.89,H0IN05326,FEC bulk (webl/weball 2016-2026),
H,IN,IN-05,2024,Regular,1,Deborah Pickett,44921.88,H4IN05286,Victoria Spartz,1982203.38,H0IN05326,FEC bulk (webl/weball 2016-2026),
H,IN,IN-05,2026,Upcoming,1,James Ford,582086.67,H6IN05307,Victoria Spartz,1327227.97,H0IN05326,FEC bulk (webl/weball 2016-2026),
H,IN,IN-06,2016,Regular,1,Barry Welsh,6073.84,H6IN06206,Luke Messer,1945850.71,H0IN02125,FEC bulk (webl/weball 2016-2026),
H,IN,IN-06,2018,Regular,1,Jeannine Lee Lake,100644.9,H8IN06202,Greg Pence,2793833.01,H8IN06129,FEC bulk (webl/weball 2016-2026),dem:api-backfill
H,IN,IN-06,2020,Regular,1,Jeannine Lee Lake,150670.82,H8IN06202,Greg Pence,3160008.64,H8IN06129,FEC bulk (webl/weball 2016-2026),dem:api-backfill
H,IN,IN-06,2022,Regular,1,Cinde Wirth,50771.6,H2IN06304,Greg Pence,2281638.58,H8IN06129,FEC bulk (webl/weball 2016-2026),
H,IN,IN-06,2024,Regular,1,Cinde Wirth,27712.88,H2IN06304,Jefferson Shreve,6241636.66,H4IN06185,FEC bulk (webl/weball 2016-2026),
H,IN,IN-06,2026,Upcoming,1,Cynthia Wirth,37046.11,H6IN06230,Jefferson Shreve,2426804.72,H4IN06185,FEC bulk (webl/weball 2016-2026),
H,IN,IN-07,2016,Regular,1,André Carson,1121602.41,H8IN07184,CAT Ping,6030.0,H8IN07259,FEC bulk (webl/weball 2016-2026),
H,IN,IN-07,2018,Regular,1,André Carson,996033.73,H8IN07184,Gunny Harmon,606.0,H8IN07150,FEC bulk (webl/weball 2016-2026),
H,IN,IN-07,2020,Regular,1,André Carson,1020534.26,H8IN07184,Susan Marie Smith,62905.1,H0IN07256,FEC bulk (webl/weball 2016-2026),
H,IN,IN-07,2022,Regular,1,André Carson,857306.0,H8IN07184,Angela Grabovsky,498397.85,H2IN07179,FEC bulk (webl/weball 2016-2026),
H,IN,IN-07,2024,Regular,1,André Carson,834438.54,H8IN07184,John Schmitz,78009.71,H4IN07217,FEC bulk (webl/weball 2016-2026),
H,IN,IN-07,2026,Upcoming,1,Andre Carson,1006176.73,H8IN07184,Felipe Rios,0,,FEC bulk (webl/weball 2016-2026),rep:no-fec-filings(sub-threshold)
H,IN,IN-08,2016,Regular,1,Ron Drake,12275.0,H6IN08244,Larry Bucshon,994854.35,H0IN08114,FEC bulk (webl/weball 2016-2026),
H,IN,IN-08,2018,Regular,1,William Tanoos,229896.74,H8IN08141,Larry Bucshon,969956.05,H0IN08114,FEC bulk (webl/weball 2016-2026),
H,IN,IN-08,2020,Regular,1,Thomasina Marsili,68734.44,H0IN08213,Larry Bucshon,1056939.69,H0IN08114,FEC bulk (webl/weball 2016-2026),
H,IN,IN-08,2022,Regular,1,Ray McCormick,149920.22,H2IN08169,Larry Bucshon,1428441.16,H0IN08114,FEC bulk (webl/weball 2016-2026),
H,IN,IN-08,2024,Regular,1,Erik Hurt,23916.9,H4IN08231,Mark Messmer,1545283.84,H4IN08249,FEC bulk (webl/weball 2016-2026),
H,IN,IN-08,2026,Upcoming,1,Mary Allen,294502.04,H6IN08293,Mark Messmer,1171366.18,H4IN08249,FEC bulk (webl/weball 2016-2026),
H,IN,IN-09,2016,Regular,1,Shelli Yoder,1439886.91,H2IN09167,Trey Hollingsworth,3602039.04,H6IN09176,FEC bulk (webl/weball 2016-2026),
H,IN,IN-09,2018,Regular,1,Liz Watson,2534627.98,H8IN09107,Trey Hollingsworth,1505241.32,H6IN09176,FEC bulk (webl/weball 2016-2026),
H,IN,IN-09,2020,Regular,1,Andy Ruff,149769.7,H0IN09179,Trey Hollingsworth,1180898.63,H6IN09176,FEC bulk (webl/weball 2016-2026),
H,IN,IN-09,2022,Regular,1,Matthew Fyfe,122824.28,H2IN09191,Erin Houchin,1356559.0,H6IN09143,FEC bulk (webl/weball 2016-2026),
H,IN,IN-09,2024,Regular,1,Tim Peck,362628.97,H4IN09163,Erin Houchin,1723766.0,H6IN09143,FEC bulk (webl/weball 2016-2026),
H,IN,IN-09,2026,Upcoming,1,James Graham,128178.63,H6IN09226,Erin Houchin,1856572.42,H6IN09143,FEC bulk (webl/weball 2016-2026),
H,KS,KS-01,2016,Regular,0,Alan LaPolice,142830.21,H4KS01059,Roger Marshall,1653986.34,H6KS01179,FEC bulk (webl/weball 2016-2026),
H,KS,KS-01,2018,Regular,1,Alan LaPolice,215396.38,H4KS01059,Roger Marshall,1343114.41,H6KS01179,FEC bulk (webl/weball 2016-2026),
H,KS,KS-01,2020,Regular,1,Kali Barnett,606922.34,H0KS01172,Tracey Mann,1558492.67,H0KS01123,FEC bulk (webl/weball 2016-2026),
H,KS,KS-01,2022,Regular,1,Jimmy Beard,17691.91,H2KS01079,Tracey Mann,1237054.19,H0KS01123,FEC bulk (webl/weball 2016-2026),
H,KS,KS-01,2024,Regular,1,Paul Buskirk,63181.81,H4KS01083,Tracey Mann,1523582.68,H0KS01123,FEC bulk (webl/weball 2016-2026),
H,KS,KS-01,2026,Upcoming,1,Kenneth McRoberts,113992.57,H6KS01195,Tracey Mann,1488464.99,H0KS01123,FEC bulk (webl/weball 2016-2026),
H,KS,KS-02,2016,Regular,1,Britani Potter,0,,Lynn Jenkins,2200864.8,H8KS02090,FEC bulk (webl/weball 2016-2026),dem:no-fec-filings(sub-threshold)
H,KS,KS-02,2018,Regular,1,Paul Davis,3985402.56,H8KS02173,Steve Watkins,1257752.91,H8KS02199,FEC bulk (webl/weball 2016-2026),
H,KS,KS-02,2020,Regular,1,Michelle De La Isla,1840565.7,H0KS02196,Jake LaTurner,1606573.31,H0KS02188,FEC bulk (webl/weball 2016-2026),
H,KS,KS-02,2022,Regular,1,Patrick Schmidt,1108610.39,H2KS02143,Jake LaTurner,1478931.28,H0KS02188,FEC bulk (webl/weball 2016-2026),
H,KS,KS-02,2024,Regular,1,Nancy Boyda,245108.35,H4KS02107,Derek Schmidt,1266628.17,H4KS02164,FEC bulk (webl/weball 2016-2026),
H,KS,KS-02,2026,Upcoming,1,Don Coover,758823.24,H6KS02276,Derek Schmidt,1457604.99,H4KS02164,FEC bulk (webl/weball 2016-2026),
H,KS,KS-03,2016,Regular,1,Jay Sidie,579741.67,H6KS03241,Kevin Yoder,3255822.98,H0KS03137,FEC bulk (webl/weball 2016-2026),
H,KS,KS-03,2018,Regular,1,Sharice Davids,4860761.14,H8KS03155,Kevin Yoder,4655829.95,H0KS03137,FEC bulk (webl/weball 2016-2026),
H,KS,KS-03,2020,Regular,1,Sharice Davids,5790837.15,H8KS03155,Amanda Adkins,2226109.6,H0KS03236,FEC bulk (webl/weball 2016-2026),
H,KS,KS-03,2022,Regular,1,Sharice Davids,7894095.76,H8KS03155,Amanda Adkins,3859633.31,H0KS03236,FEC bulk (webl/weball 2016-2026),
H,KS,KS-03,2024,Regular,1,Sharice Davids,5977870.92,H8KS03155,Prasanth Reddy,1903036.3,H4KS03212,FEC bulk (webl/weball 2016-2026),
H,KS,KS-03,2026,Upcoming,1,Sharice Davids,3690439.93,H8KS03155,Chase Laporte,0,,FEC bulk (webl/weball 2016-2026),rep:no-fec-filings(sub-threshold)
H,KS,KS-04,2016,Regular,1,Daniel Giroux,264191.25,H6KS04165,Mike Pompeo,1464958.57,H0KS04051,FEC bulk (webl/weball 2016-2026),
H,KS,KS-04,2018,Regular,1,James Thompson,1483689.67,H8KS04120,Ron Estes,1850089.59,H8KS04112,FEC bulk (webl/weball 2016-2026),
H,KS,KS-04,2020,Regular,1,Laura Lombard,276062.51,H8KS04088,Ron Estes,2003149.92,H8KS04112,FEC bulk (webl/weball 2016-2026),
H,KS,KS-04,2022,Regular,1,Bob Hernandez,43266.17,H2KS04149,Ron Estes,1869686.09,H8KS04112,FEC bulk (webl/weball 2016-2026),
H,KS,KS-04,2024,Regular,1,Esau Freeman,99784.32,H2KS04099,Ron Estes,2287999.66,H8KS04112,FEC bulk (webl/weball 2016-2026),
H,KS,KS-04,2026,Upcoming,1,Chris Carmichael,97577.81,H6KS04249,Ron Estes,1855034.98,H8KS04112,FEC bulk (webl/weball 2016-2026),
H,KY,KY-01,2016,Regular,1,Samuel Gaskins,14624.98,H4KY01073,James Comer,1155295.46,H6KY01110,FEC bulk (webl/weball 2016-2026),
H,KY,KY-01,2018,Regular,1,Paul Walker,51853.84,H8KY01074,James Comer,721796.1,H6KY01110,FEC bulk (webl/weball 2016-2026),
H,KY,KY-01,2020,Regular,1,James Rhodes,0,,James Comer,741257.02,H6KY01110,FEC bulk (webl/weball 2016-2026),dem:no-fec-filings(sub-threshold)
H,KY,KY-01,2022,Regular,1,Jimmy Ausbrooks,7866.73,H2KY01085,James Comer,1649489.62,H6KY01110,FEC bulk (webl/weball 2016-2026),
H,KY,KY-01,2024,Regular,1,Erin Marshall,248478.33,H4KY01081,James Comer,7650141.57,H6KY01110,FEC bulk (webl/weball 2016-2026),
H,KY,KY-01,2026,Upcoming,1,John Williams,118754.94,H6KY01169,James Comer,1899532.84,H6KY01110,FEC bulk (webl/weball 2016-2026),
H,KY,KY-02,2016,Regular,0,,,,Brett Guthrie,1732323.77,H8KY02031,FEC bulk (webl/weball 2016-2026),
H,KY,KY-02,2018,Regular,1,Hank Linderman,183296.01,H8KY02080,Brett Guthrie,1971351.07,H8KY02031,FEC bulk (webl/weball 2016-2026),
H,KY,KY-02,2020,Regular,1,Hank Linderman,93387.97,H8KY02080,Brett Guthrie,1425219.6,H8KY02031,FEC bulk (webl/weball 2016-2026),
H,KY,KY-02,2022,Regular,1,Hank Linderman,87461.23,H8KY02080,Brett Guthrie,2259392.72,H8KY02031,FEC bulk (webl/weball 2016-2026),
H,KY,KY-02,2024,Regular,1,Hank Linderman,41067.58,H8KY02080,Brett Guthrie,3849228.99,H8KY02031,FEC bulk (webl/weball 2016-2026),
H,KY,KY-02,2026,Upcoming,1,William Compton,69569.46,H2KY02125,Brett Guthrie,4707592.6,H8KY02031,FEC bulk (webl/weball 2016-2026),
H,KY,KY-03,2016,Regular,1,John Yarmuth,690649.72,H6KY03124,Harold Bratcher,7525.0,H6KY03173,FEC bulk (webl/weball 2016-2026),
H,KY,KY-03,2018,Regular,1,John Yarmuth,955463.8,H6KY03124,Vickie Yates Glisson,750096.46,H8KY03211,FEC bulk (webl/weball 2016-2026),
H,KY,KY-03,2020,Regular,1,John Yarmuth,663350.52,H6KY03124,Rhonda Palazzo,46602.15,H0KY03259,FEC bulk (webl/weball 2016-2026),
H,KY,KY-03,2022,Regular,1,Morgan McGarvey,3088931.24,H2KY03206,Stuart Ray,622973.39,H2KY03214,FEC bulk (webl/weball 2016-2026),
H,KY,KY-03,2024,Regular,1,Morgan McGarvey,2184235.62,H2KY03206,Mike Craven,31687.2,H2KY06217,FEC bulk (webl/weball 2016-2026),rep:api-backfill
H,KY,KY-03,2026,Upcoming,1,Morgan McGarvey,1633683.87,H2KY03206,Maria Rodriguez,38068.7,H6KY03223,FEC bulk (webl/weball 2016-2026),
H,KY,KY-04,2016,Regular,1,Calvin Sidle,0,,Thomas Massie,472749.9,H2KY04121,FEC bulk (webl/weball 2016-2026),dem:no-fec-filings(sub-threshold)
H,KY,KY-04,2018,Regular,1,Seth Hall,78672.22,H8KY04169,Thomas Massie,376492.13,H2KY04121,FEC bulk (webl/weball 2016-2026),
H,KY,KY-04,2020,Regular,1,Alexandra Owensby,166562.61,H0KY04117,Thomas Massie,1464744.63,H2KY04121,FEC bulk (webl/weball 2016-2026),
H,KY,KY-04,2022,Regular,1,Matthew Lehman,304093.57,H2KY04212,Thomas Massie,1105338.75,H2KY04121,FEC bulk (webl/weball 2016-2026),
H,KY,KY-04,2024,Regular,0,,,,Thomas Massie,1349141.6,H2KY04121,FEC bulk (webl/weball 2016-2026),
H,KY,KY-04,2026,Upcoming,1,Melissa Strange,94463.82,H6KY04189,Ed Gallrein,3567323.59,H6KY04171,FEC bulk (webl/weball 2016-2026),
H,KY,KY-05,2016,Regular,0,,,,Harold Rogers,1335280.11,H0KY05015,FEC bulk (webl/weball 2016-2026),
H,KY,KY-05,2018,Regular,1,Kenneth Stepp,2215.0,H6KY05111,Harold Rogers,889011.65,H0KY05015,FEC bulk (webl/weball 2016-2026),
H,KY,KY-05,2020,Regular,1,Matthew Ryan Best,0,,Harold Rogers,671229.61,H0KY05015,FEC bulk (webl/weball 2016-2026),dem:no-fec-filings(sub-threshold)
H,KY,KY-05,2022,Regular,1,Conor Halbleib,18701.81,H2KY05177,Harold Rogers,820504.67,H0KY05015,FEC bulk (webl/weball 2016-2026),
H,KY,KY-05,2024,Regular,0,,,,Harold Rogers,1063926.73,H0KY05015,FEC bulk (webl/weball 2016-2026),
H,KY,KY-05,2026,Upcoming,1,Ned Pillersdorf,182280.69,H6KY05152,Harold Rogers,849757.95,H0KY05015,FEC bulk (webl/weball 2016-2026),
H,KY,KY-06,2016,Regular,1,Nancy Jo Kemper,455527.89,H6KY06127,Andy Barr,2592303.48,H0KY06104,FEC bulk (webl/weball 2016-2026),
H,KY,KY-06,2018,Regular,1,Amy McGrath,8619205.93,H8KY06164,Andy Barr,5310224.59,H0KY06104,FEC bulk (webl/weball 2016-2026),
H,KY,KY-06,2020,Regular,1,Josh Hicks,2993050.23,H0KY06179,Andy Barr,4611245.23,H0KY06104,FEC bulk (webl/weball 2016-2026),
H,KY,KY-06,2022,Regular,1,Geoff Young,239157.17,H4KY06163,Andy Barr,3845266.61,H0KY06104,FEC bulk (webl/weball 2016-2026),
H,KY,KY-06,2024,Regular,1,Randy Cravens,31687.2,H2KY06217,Andy Barr,4973206.54,H0KY06104,FEC bulk (webl/weball 2016-2026),
H,KY,KY-06,2026,Upcoming,1,Zach Dembo,1463854.77,H6KY06184,Adam Arquette,4990948.0,H6KY06259,FEC bulk (webl/weball 2016-2026),
H,LA,LA-01,2016,Regular,1,Lee Ann Dugas,0,,Steve Scalise,3581223.24,H0LA01087,FEC bulk (webl/weball 2016-2026),dem:no-fec-filings(sub-threshold)
H,LA,LA-01,2018,Regular,1,Tammy Savoie,266464.82,H8LA01122,Steve Scalise,13571267.08,H0LA01087,FEC bulk (webl/weball 2016-2026),
H,LA,LA-01,2020,Regular,1,Lee Ann Dugas,0,,Steve Scalise,38160641.59,H0LA01087,FEC bulk (webl/weball 2016-2026),dem:no-fec-filings(sub-threshold)
H,LA,LA-01,2022,Regular,1,Katie Darling,152463.58,H2LA01109,Steve Scalise,18570245.06,H0LA01087,FEC bulk (webl/weball 2016-2026),
H,LA,LA-01,2024,Regular,1,Mel Manuel,74559.16,H4LA01154,Steve Scalise,14732239.34,H0LA01087,FEC bulk (webl/weball 2016-2026),
H,LA,LA-01,2026,Upcoming,1,Lauren Jewett,142676.79,H6LA01258,Steve Scalise,10638030.12,H0LA01087,FEC bulk (webl/weball 2016-2026),
H,LA,LA-02,2016,Regular,0,Cedric Richmond,1404764.61,H8LA02054,,,,FEC bulk (webl/weball 2016-2026),
H,LA,LA-02,2018,Regular,0,Cedric Richmond,1567746.86,H8LA02054,Jesse Schmidt,20546.02,H8LA02153,FEC bulk (webl/weball 2016-2026),
H,LA,LA-02,2020,Regular,1,Cedric Richmond,1630814.25,H8LA02054,David Schilling,0,,FEC bulk (webl/weball 2016-2026),rep:no-fec-filings(sub-threshold)
H,LA,LA-02,2022,Regular,1,Troy Carter,3101798.13,H2LA02149,“Dan” Lux,32371.0,H2LA02297,FEC bulk (webl/weball 2016-2026),
H,LA,LA-02,2024,Regular,1,Troy Carter,2042195.9,H2LA02149,Christy Lynch,41708.99,H4LA02145,FEC bulk (webl/weball 2016-2026),
H,LA,LA-02,2026,Upcoming,1,Troy Carter,1412697.07,H2LA02149,Generic Republican,0,,FEC bulk (webl/weball 2016-2026),rep:no-fec-filings(sub-threshold)
H,LA,LA-03,2016,Regular,0,Scott Angelle,2021228.97,H6LA03130,Clay Higgins,403923.01,H6LA03148,FEC bulk (webl/weball 2016-2026),
H,LA,LA-03,2018,Regular,1,Mimi Methvin,275005.05,H8LA03094,Clay Higgins,898713.98,H6LA03148,FEC bulk (webl/weball 2016-2026),
H,LA,LA-03,2020,Regular,1,Braylon Harris,23006.09,H0LA03190,Clay Higgins,767293.29,H6LA03148,FEC bulk (webl/weball 2016-2026),
H,LA,LA-03,2022,Regular,1,Lessie Olivia LeBlanc,0,,Clay Higgins,1057244.85,H6LA03148,FEC bulk (webl/weball 2016-2026),dem:no-fec-filings(sub-threshold)
H,LA,LA-03,2024,Regular,1,Priscilla Gonzalez,0,,Clay Higgins,1029946.49,H6LA03148,FEC bulk (webl/weball 2016-2026),dem:no-fec-filings(sub-threshold)
H,LA,LA-03,2026,Upcoming,1,Tia LeBrun,6968.0,H2LA03105,Clay Higgins,822841.25,H6LA03148,FEC bulk (webl/weball 2016-2026),
H,LA,LA-04,2016,Regular,1,Marshall Jones,476615.9,H6LA04153,Mike Johnson,1201812.45,H6LA04138,FEC bulk (webl/weball 2016-2026),
H,LA,LA-04,2018,Regular,1,Ryan Trundle,23088.67,H8LA04282,Mike Johnson,1217297.1,H6LA04138,FEC bulk (webl/weball 2016-2026),
H,LA,LA-04,2020,Regular,1,Kenny Houston,34227.26,H0LA04099,Mike Johnson,1323911.12,H6LA04138,FEC bulk (webl/weball 2016-2026),
H,LA,LA-04,2022,Regular,0,,,,Mike Johnson,1367852.92,H6LA04138,FEC bulk (webl/weball 2016-2026),
H,LA,LA-04,2024,Regular,0,,,,Mike Johnson,19867069.39,H6LA04138,FEC bulk (webl/weball 2016-2026),
H,LA,LA-04,2026,Upcoming,1,Matthew Gromlich,268771.67,H6LA04195,Mike Johnson,20976864.33,H6LA04138,FEC bulk (webl/weball 2016-2026),
H,LA,LA-05,2016,Regular,0,,,,Ralph Lee Abraham,607693.18,H4LA05221,FEC bulk (webl/weball 2016-2026),
H,LA,LA-05,2018,Regular,1,Jessee Carlton Fleenor,23208.47,H8LA05099,Ralph Lee Abraham,933200.1,H4LA05221,FEC bulk (webl/weball 2016-2026),
H,LA,LA-05,2020,Regular,0,Lance Harris,711205.0,H0LA05112,Luke Letlow,1395022.1,H0LA05120,FEC bulk (webl/weball 2016-2026),
H,LA,LA-05,2022,Regular,1,Omar Dantzler,0,,Julia Letlow,2849171.25,H2LA05126,FEC bulk (webl/weball 2016-2026),dem:no-fec-filings(sub-threshold)
H,LA,LA-05,2024,Regular,1,Michael Vallien,0,,Julia Letlow,2613337.93,H2LA05126,FEC bulk (webl/weball 2016-2026),dem:no-fec-filings(sub-threshold)
H,LA,LA-05,2026,Upcoming,1,Dan Mckay,89999.64,H6LA05291,Julia Letlow,2078840.56,H2LA05126,FEC bulk (webl/weball 2016-2026),
H,LA,LA-06,2016,Regular,1,Richard Lieberman,0,,Garret Graves,1951463.2,H4LA06153,FEC bulk (webl/weball 2016-2026),dem:no-fec-filings(sub-threshold)
H,LA,LA-06,2018,Regular,1,Justin Dewitt,36983.65,H8LA06154,Garret Graves,2459681.28,H4LA06153,FEC bulk (webl/weball 2016-2026),
H,LA,LA-06,2020,Regular,1,DAW Williams,111315.7,H0LA06052,Garret Graves,1782976.83,H4LA06153,FEC bulk (webl/weball 2016-2026),
H,LA,LA-06,2022,Regular,0,Rufus Holt Craig Jr.,7540.9,H2LA06058,Garret Graves,2010467.77,H4LA06153,FEC bulk (webl/weball 2016-2026),
H,LA,LA-06,2024,Regular,1,Cleo Fields,1245924.5,H4LA06211,Elbert Guillory,192851.48,H4LA06229,FEC bulk (webl/weball 2016-2026),
H,LA,LA-06,2026,Upcoming,1,Cleo Fields,833358.49,H4LA06211,Peter Williams,0,,FEC bulk (webl/weball 2016-2026),rep:api-backfill:confirmed-no-filings
H,MA,MA-01,2016,Regular,0,Richard Neal,1792791.11,H8MA02041,Frederick Mayock,0,,FEC bulk (webl/weball 2016-2026),rep:no-fec-filings(sub-threshold)
H,MA,MA-01,2018,Regular,0,Richard Neal,3570327.42,H8MA02041,,,,FEC bulk (webl/weball 2016-2026),
H,MA,MA-01,2020,Regular,0,Richard Neal,5033892.33,H8MA02041,,,,FEC bulk (webl/weball 2016-2026),
H,MA,MA-01,2022,Regular,1,Richard Neal,3493276.58,H8MA02041,Dean James Martilli,19752.89,H2MA01228,FEC bulk (webl/weball 2016-2026),
H,MA,MA-01,2024,Regular,0,Richard Neal,3285602.29,H8MA02041,Nadia Donya Milleron,354342.68,H4MA01091,FEC bulk (webl/weball 2016-2026),
H,MA,MA-01,2026,Upcoming,1,Richard Neal,2462685.01,H8MA02041,Generic Republican,0,,FEC bulk (webl/weball 2016-2026),rep:no-fec-filings(sub-threshold)
H,MA,MA-02,2016,Regular,0,James McGovern,933894.04,H4MA03022,,,,FEC bulk (webl/weball 2016-2026),
H,MA,MA-02,2018,Regular,1,James McGovern,1173938.02,H4MA03022,Tracy Lyn Lovvorn,38825.81,H8MA02116,FEC bulk (webl/weball 2016-2026),
H,MA,MA-02,2020,Regular,1,James McGovern,1056341.59,H4MA03022,Tracy Lyn Lovvorn,26310.78,H8MA02116,FEC bulk (webl/weball 2016-2026),
H,MA,MA-02,2022,Regular,1,James McGovern,1116203.86,H4MA03022,Jeffrey Sossa-Paquette,140906.35,H2MA02085,FEC bulk (webl/weball 2016-2026),
H,MA,MA-02,2024,Regular,0,James McGovern,1097317.3,H4MA03022,Cornelius Shea,2220.0,H4MA02065,FEC bulk (webl/weball 2016-2026),
H,MA,MA-02,2026,Upcoming,1,James McGovern,864676.4,H4MA03022,Generic Republican,0,,FEC bulk (webl/weball 2016-2026),rep:no-fec-filings(sub-threshold)
H,MA,MA-03,2016,Regular,1,Niki Tsongas,1213205.85,H8MA05143,Ann Wofford,41826.53,H4MA03097,FEC bulk (webl/weball 2016-2026),
H,MA,MA-03,2018,Regular,1,Lori Loureiro Trahan,2642928.98,H8MA03106,Rick Green,986102.49,H8MA03114,FEC bulk (webl/weball 2016-2026),
H,MA,MA-03,2020,Regular,0,Lori Trahan,1716428.08,H8MA03106,,,,FEC bulk (webl/weball 2016-2026),
H,MA,MA-03,2022,Regular,1,Lori Trahan,1968444.77,H8MA03106,Dean Tran,158145.09,H2MA03141,FEC bulk (webl/weball 2016-2026),
H,MA,MA-03,2024,Regular,0,Lori Trahan,1766479.2,H8MA03106,,,,FEC bulk (webl/weball 2016-2026),
H,MA,MA-03,2026,Upcoming,1,Lori Trahan,1639978.32,H8MA03106,Gary Grossi,7120.85,H6MA03100,FEC bulk (webl/weball 2016-2026),
H,MA,MA-04,2016,Regular,1,Joseph Kennedy,3149238.04,H2MA04073,David Rosa,18633.55,H0MA09027,FEC bulk (webl/weball 2016-2026),
H,MA,MA-04,2018,Regular,0,Joseph Kennedy,4496055.58,H2MA04073,,,,FEC bulk (webl/weball 2016-2026),
H,MA,MA-04,2020,Regular,1,Jake Auchincloss,2873219.33,H0MA04192,Julie Hall,136603.34,H0MA04259,FEC bulk (webl/weball 2016-2026),
H,MA,MA-04,2022,Regular,0,Jake Auchincloss,3067930.37,H0MA04192,,,,FEC bulk (webl/weball 2016-2026),
H,MA,MA-04,2024,Regular,0,Jake Auchincloss,3517184.83,H0MA04192,,,,FEC bulk (webl/weball 2016-2026),
H,MA,MA-04,2026,Upcoming,1,Jake Auchincloss,3630329.38,H0MA04192,Generic Republican,0,,FEC bulk (webl/weball 2016-2026),rep:no-fec-filings(sub-threshold)
H,MA,MA-05,2016,Regular,0,Katherine Clark,1317553.84,H4MA05084,,,,FEC bulk (webl/weball 2016-2026),
H,MA,MA-05,2018,Regular,1,Katherine Clark,1492081.45,H4MA05084,John Hugo,0,,FEC bulk (webl/weball 2016-2026),rep:no-fec-filings(sub-threshold)
H,MA,MA-05,2020,Regular,1,Katherine Clark,1815927.75,H4MA05084,Caroline Colarusso,152301.77,H0MA05132,FEC bulk (webl/weball 2016-2026),
H,MA,MA-05,2022,Regular,1,Katherine Clark,2174711.8,H4MA05084,Caroline Colarusso,107077.48,H2MA05153,FEC bulk (webl/weball 2016-2026),
H,MA,MA-05,2024,Regular,0,Katherine Clark,4984888.62,H4MA05084,,,,FEC bulk (webl/weball 2016-2026),
H,MA,MA-05,2026,Upcoming,1,Katherine Clark,4503670.98,H4MA05084,Generic Republican,0,,FEC bulk (webl/weball 2016-2026),rep:no-fec-filings(sub-threshold)
H,MA,MA-06,2016,Regular,0,Seth Moulton,2632276.6,H4MA06090,,,,FEC bulk (webl/weball 2016-2026),
H,MA,MA-06,2018,Regular,1,Seth Moulton,2414446.53,H4MA06090,Joseph Schneider,263794.8,H8MA06133,FEC bulk (webl/weball 2016-2026),
H,MA,MA-06,2020,Regular,1,Seth Moulton,1318518.23,H4MA06090,John Paul Moran,305377.62,H0MA06148,FEC bulk (webl/weball 2016-2026),
H,MA,MA-06,2022,Regular,1,Seth Moulton,2137107.99,H4MA06090,Bob May,53398.0,H2MA06086,FEC bulk (webl/weball 2016-2026),
H,MA,MA-06,2024,Regular,0,Seth Moulton,2908225.26,H4MA06090,,,,FEC bulk (webl/weball 2016-2026),
H,MA,MA-06,2026,Upcoming,1,Daniel Koh,4716542.69,H8MA03072,John Field,0,,FEC bulk (webl/weball 2016-2026),rep:no-fec-filings(sub-threshold)
H,MA,MA-07,2016,Regular,0,Michael Capuano,759925.09,H8MA08071,,,,FEC bulk (webl/weball 2016-2026),
H,MA,MA-07,2018,Regular,0,Ayanna Pressley,1491070.15,H8MA07032,,,,FEC bulk (webl/weball 2016-2026),
H,MA,MA-07,2020,Regular,0,Ayanna Pressley,2190613.26,H8MA07032,Roy Owens Sr.,0,,FEC bulk (webl/weball 2016-2026),rep:no-fec-filings(sub-threshold)
H,MA,MA-07,2022,Regular,1,Ayanna Pressley,1467293.46,H8MA07032,Donnie Dionicio Palmer,0,,FEC bulk (webl/weball 2016-2026),rep:no-fec-filings(sub-threshold)
H,MA,MA-07,2024,Regular,0,Ayanna Pressley,1432055.24,H8MA07032,,,,FEC bulk (webl/weball 2016-2026),
H,MA,MA-07,2026,Upcoming,1,Ayanna Pressley,1204994.97,H8MA07032,Generic Republican,0,,FEC bulk (webl/weball 2016-2026),rep:no-fec-filings(sub-threshold)
H,MA,MA-08,2016,Regular,1,Stephen Lynch,1216340.21,H2MA09072,William Burke,47391.0,H6MA08299,FEC bulk (webl/weball 2016-2026),
H,MA,MA-08,2018,Regular,0,Stephen Lynch,860217.73,H2MA09072,,,,FEC bulk (webl/weball 2016-2026),
H,MA,MA-08,2020,Regular,0,Stephen Lynch,911202.1,H2MA09072,Jonathan Lott,0,,FEC bulk (webl/weball 2016-2026),rep:no-fec-filings(sub-threshold)
H,MA,MA-08,2022,Regular,1,Stephen Lynch,962334.32,H2MA09072,Robert Burke,0,,FEC bulk (webl/weball 2016-2026),rep:api-backfill:confirmed-no-filings
H,MA,MA-08,2024,Regular,1,Stephen Lynch,710123.92,H2MA09072,Robert Burke,1147.1,H2MA08090,FEC bulk (webl/weball 2016-2026),
H,MA,MA-08,2026,Upcoming,1,Stephen Lynch,910159.99,H2MA09072,Gavin Solomon,0,,FEC bulk (webl/weball 2016-2026),rep:no-fec-filings(sub-threshold)
H,MA,MA-09,2016,Regular,1,William Keating,1200514.28,H0MA10082,Mark Alliegro,262049.96,H4MA09052,FEC bulk (webl/weball 2016-2026),
H,MA,MA-09,2018,Regular,1,William Keating,1215320.82,H0MA10082,Peter Tedeschi,856814.05,H8MA09046,FEC bulk (webl/weball 2016-2026),
H,MA,MA-09,2020,Regular,1,William Keating,708829.96,H0MA10082,Helen Brady,28633.2,H0MA09076,FEC bulk (webl/weball 2016-2026),
H,MA,MA-09,2022,Regular,1,William Keating,717659.21,H0MA10082,Jesse Brown,352855.67,H2MA09239,FEC bulk (webl/weball 2016-2026),
H,MA,MA-09,2024,Regular,1,William Keating,681883.89,H0MA10082,Dan Sullivan,0,,FEC bulk (webl/weball 2016-2026),rep:api-backfill:confirmed-no-filings
H,MA,MA-09,2026,Upcoming,1,William Keating,422461.68,H0MA10082,Robert MacAllister,175121.55,H6MA09206,FEC bulk (webl/weball 2016-2026),
H,MD,MD-01,2016,Regular,1,Joe Werner,0,,Andy Harris,1293839.02,H8MD01094,FEC bulk (webl/weball 2016-2026),dem:no-fec-filings(sub-threshold)
H,MD,MD-01,2018,Regular,1,Jesse Colvin,1876162.65,H8MD01193,Andy Harris,1712469.79,H8MD01094,FEC bulk (webl/weball 2016-2026),
H,MD,MD-01,2020,Regular,1,Mia Mason,2524.03,H0MD01232,Andy Harris,1477443.1,H8MD01094,FEC bulk (webl/weball 2016-2026),
H,MD,MD-01,2022,Regular,1,Heather Mizeur,2774380.7,H2MD01220,Andy Harris,1921505.35,H8MD01094,FEC bulk (webl/weball 2016-2026),
H,MD,MD-01,2024,Regular,1,Blane Miller,0.0,H8MD06143,Andy Harris,1361364.4,H8MD01094,FEC bulk (webl/weball 2016-2026),"verified non-filer 2026-09-09: no FEC committee, no filings; Maryland Matters 2024-10-20 confirms he never filed with the FEC (<$5k)"
H,MD,MD-01,2026,Upcoming,1,Daniel Schwartz,695169.98,H6MD01320,Andy Harris,2319668.06,H8MD01094,FEC bulk (webl/weball 2016-2026),
H,MD,MD-02,2016,Regular,1,Dutch Ruppersberger,1144544.26,H2MD02160,Pat McDonough,241824.82,H6MD02211,FEC bulk (webl/weball 2016-2026),
H,MD,MD-02,2018,Regular,1,Dutch Ruppersberger,1012732.99,H2MD02160,Liz Matory,39521.42,H8MD02118,FEC bulk (webl/weball 2016-2026),
H,MD,MD-02,2020,Regular,1,Dutch Ruppersberger,1023775.59,H2MD02160,Johnny Ray Salling,68320.0,H0MD02230,FEC bulk (webl/weball 2016-2026),
H,MD,MD-02,2022,Regular,1,Dutch Ruppersberger,1095414.25,H2MD02160,Nicolee Ambrose,500312.76,H2MD02368,FEC bulk (webl/weball 2016-2026),
H,MD,MD-02,2024,Regular,1,"Johnny O Olszewski, Jr.",1570997.0,H4MD02232,Kim Klacik,169860.63,H0MD07197,FEC bulk (webl/weball 2016-2026),
H,MD,MD-02,2026,Upcoming,1,John Olszewski,1040389.5,H4MD02232,David Wallace,20194.47,H2MD06138,FEC bulk (webl/weball 2016-2026),
H,MD,MD-03,2016,Regular,1,John Sarbanes,948496.94,H6MD03292,Mark Plaster,608306.08,H6MD03441,FEC bulk (webl/weball 2016-2026),
H,MD,MD-03,2018,Regular,1,John Sarbanes,933451.09,H6MD03292,Charles Anthony,901269.42,H6MD04209,FEC bulk (webl/weball 2016-2026),rep:api-backfill
H,MD,MD-03,2020,Regular,1,John Sarbanes,578602.48,H6MD03292,Charles Anthony,7798.23,H8MD03165,FEC bulk (webl/weball 2016-2026),
H,MD,MD-03,2022,Regular,1,John Sarbanes,186653.7,H6MD03292,Yuripzy Morgan,503051.87,H2MD02343,FEC bulk (webl/weball 2016-2026),
H,MD,MD-03,2024,Regular,1,Sarah Elfreth,2276073.8,H4MD03156,Robert Steinberger,51442.69,H4MD03271,FEC bulk (webl/weball 2016-2026),
H,MD,MD-03,2026,Upcoming,1,Sarah Elfreth,1141516.05,H4MD03156,Penny Kennedy,0,,FEC bulk (webl/weball 2016-2026),rep:no-fec-filings(sub-threshold)
H,MD,MD-04,2016,Regular,1,Anthony Brown,1649992.08,H6MD04209,George McDermott,0,,FEC bulk (webl/weball 2016-2026),rep:no-fec-filings(sub-threshold)
H,MD,MD-04,2018,Regular,1,Anthony Brown,901269.42,H6MD04209,George McDermott,0,,FEC bulk (webl/weball 2016-2026),rep:no-fec-filings(sub-threshold)
H,MD,MD-04,2020,Regular,1,Anthony Brown,1455776.69,H6MD04209,George McDermott,0,,FEC bulk (webl/weball 2016-2026),rep:no-fec-filings(sub-threshold)
H,MD,MD-04,2022,Regular,1,Glenn Ivey,1896185.07,H0MD07387,Jeff Warner,57740.7,H2MD04307,FEC bulk (webl/weball 2016-2026),dem receipts via FEC committee C00792283 — candidate rollup omits cycle 2022
H,MD,MD-04,2024,Regular,1,Glenn Ivey,944142.37,H2MD04232,George McDermott,0,,FEC bulk (webl/weball 2016-2026),rep:no-fec-filings(sub-threshold);dem:api-backfill
H,MD,MD-04,2026,Upcoming,1,Glenn Ivey,674406.5,H2MD04232,Generic Republican,0,,FEC bulk (webl/weball 2016-2026),rep:no-fec-filings(sub-threshold)
H,MD,MD-05,2016,Regular,1,Steny Hoyer,3736291.14,H2MD05155,Mark Arness,53054.16,H4MD05144,FEC bulk (webl/weball 2016-2026),
H,MD,MD-05,2018,Regular,1,Steny Hoyer,4127505.58,H2MD05155,William Devine,0,,FEC bulk (webl/weball 2016-2026),rep:no-fec-filings(sub-threshold)
H,MD,MD-05,2020,Regular,1,Steny Hoyer,4608825.11,H2MD05155,Chris Palombi,47061.87,H0MD05225,FEC bulk (webl/weball 2016-2026),
H,MD,MD-05,2022,Regular,1,Steny Hoyer,3924349.55,H2MD05155,Chris Palombi,63653.38,H0MD05225,FEC bulk (webl/weball 2016-2026),
H,MD,MD-05,2024,Regular,1,Steny Hoyer,1756898.25,H2MD05155,Michelle Talkington,21998.2,H4MD05219,FEC bulk (webl/weball 2016-2026),
H,MD,MD-05,2026,Upcoming,1,Quincy Bareebe,6805527.57,H4MD05235,Michelle Talkington,15640.09,H4MD05219,FEC bulk (webl/weball 2016-2026),
H,MD,MD-06,2016,Regular,1,John Delaney,1957196.11,H2MD06195,Amie Hoeber,1177501.27,H6MD06212,FEC bulk (webl/weball 2016-2026),
H,MD,MD-06,2018,Regular,1,David Trone,18468367.89,H6MD08549,Amie Hoeber,906628.86,H6MD06212,FEC bulk (webl/weball 2016-2026),
H,MD,MD-06,2020,Regular,1,David Trone,2965203.83,H6MD08549,Neil Parrott,316816.29,H0MD06231,FEC bulk (webl/weball 2016-2026),
H,MD,MD-06,2022,Regular,1,David Trone,13144029.27,H6MD08549,Neil Parrott,1126115.59,H0MD06231,FEC bulk (webl/weball 2016-2026),
H,MD,MD-06,2024,Regular,1,April McClain Delaney,5943527.85,H4MD06340,Neil Parrott,1179938.64,H0MD06231,FEC bulk (webl/weball 2016-2026),
H,MD,MD-06,2026,Upcoming,1,April Delaney,12308220.11,H4MD06340,Robin Ficker,403933.7,H6MD06287,FEC bulk (webl/weball 2016-2026),
H,MD,MD-07,2016,Regular,1,Elijah Cummings,1091551.88,H6MD07160,Corrogan Vaughn,0,,FEC bulk (webl/weball 2016-2026),rep:no-fec-filings(sub-threshold)
H,MD,MD-07,2018,Regular,1,Elijah Cummings,1072735.22,H6MD07160,Richmond Davis,19278.86,H8MD07083,FEC bulk (webl/weball 2016-2026),
H,MD,MD-07,2020,Regular,1,Kweisi Mfume,1016496.35,H6MD07020,Kimberly Klacik,8299807.84,H0MD07197,FEC bulk (webl/weball 2016-2026),
H,MD,MD-07,2022,Regular,1,Kweisi Mfume,599985.23,H6MD07020,Scott Collier,0,,FEC bulk (webl/weball 2016-2026),rep:no-fec-filings(sub-threshold)
H,MD,MD-07,2024,Regular,1,Kweisi Mfume,533861.78,H6MD07020,Scott Collier,0,,FEC bulk (webl/weball 2016-2026),rep:no-fec-filings(sub-threshold)
H,MD,MD-07,2026,Upcoming,1,Kweisi Mfume,415174.03,H6MD07020,Generic Republican,0,,FEC bulk (webl/weball 2016-2026),rep:no-fec-filings(sub-threshold)
H,MD,MD-08,2016,Regular,1,Jamie Raskin,2555285.17,H6MD08457,Dan Cox,79636.47,H6MD08564,FEC bulk (webl/weball 2016-2026),
H,MD,MD-08,2018,Regular,1,Jamie Raskin,1185775.77,H6MD08457,John Walsh,0,,FEC bulk (webl/weball 2016-2026),rep:no-fec-filings(sub-threshold)
H,MD,MD-08,2020,Regular,1,Jamie Raskin,2111541.85,H6MD08457,Gregory Thomas Coll,30970.71,H0MD08203,FEC bulk (webl/weball 2016-2026),
H,MD,MD-08,2022,Regular,1,Jamie Raskin,4701192.12,H6MD08457,Gregory Thomas Coll,16294.27,H0MD08203,FEC bulk (webl/weball 2016-2026),
H,MD,MD-08,2024,Regular,1,Jamie Raskin,4843711.39,H6MD08457,Cheryl Riley,13872.24,H4MD08213,FEC bulk (webl/weball 2016-2026),
H,MD,MD-08,2026,Upcoming,1,Jamie Raskin,7425389.43,H6MD08457,Cheryl Riley,16589.6,H4MD08213,FEC bulk (webl/weball 2016-2026),
H,ME,ME-01,2016,Regular,1,Chellie Pingree,614358.96,H8ME01120,Mark Holbrook,104143.75,H6ME01207,FEC bulk (webl/weball 2016-2026),
H,ME,ME-01,2018,Regular,1,Chellie Pingree,779379.93,H8ME01120,Mark Holbrook,94801.87,H6ME01207,FEC bulk (webl/weball 2016-2026),
H,ME,ME-01,2020,Regular,1,Chellie Pingree,498960.51,H8ME01120,Jay Allen,79584.69,H0ME01119,FEC bulk (webl/weball 2016-2026),
H,ME,ME-01,2022,Regular,1,Chellie Pingree,576607.49,H8ME01120,Edwin Thelander,454062.79,H2ME01131,FEC bulk (webl/weball 2016-2026),
H,ME,ME-01,2024,Regular,1,Chellie Pingree,670959.02,H8ME01120,Ronald Russell,175939.22,H4ME01160,FEC bulk (webl/weball 2016-2026),
H,ME,ME-01,2026,Upcoming,1,Chellie Pingree,429634.08,H8ME01120,Eric Small,12514.0,H6ME01272,FEC bulk (webl/weball 2016-2026),
H,ME,ME-02,2016,Regular,1,Emily Ann Cain,3513506.97,H4ME02200,Bruce Poliquin,3404509.12,H4ME02234,FEC bulk (webl/weball 2016-2026),
H,ME,ME-02,2018,Regular,1,Jared Golden,5776194.81,H8ME02185,Bruce Poliquin,4233235.05,H4ME02234,FEC bulk (webl/weball 2016-2026),
H,ME,ME-02,2020,Regular,1,Jared Golden,5382793.11,H8ME02185,Dale John Crafts,1283275.33,H0ME02083,FEC bulk (webl/weball 2016-2026),
H,ME,ME-02,2022,Regular,1,Jared Golden,6068685.18,H8ME02185,Bruce Poliquin,3671939.64,H4ME02234,FEC bulk (webl/weball 2016-2026),
H,ME,ME-02,2024,Regular,1,Jared Golden,7943838.27,H8ME02185,Austin Theriault,3628072.48,H4ME02291,FEC bulk (webl/weball 2016-2026),
H,ME,ME-02,2026,Upcoming,1,Matt Dunlap,1205431.88,H6ME02171,Paul LePage,2563901.48,H6ME02148,FEC bulk (webl/weball 2016-2026),
H,MI,MI-01,2016,Regular,1,Lon Johnson,2064534.58,H6MI01200,Jack Bergman,1392239.43,H6MI01226,FEC bulk (webl/weball 2016-2026),
H,MI,MI-01,2018,Regular,1,Matthew Morgan,1364657.7,H8MI01149,Jack Bergman,1436573.74,H6MI01226,FEC bulk (webl/weball 2016-2026),
H,MI,MI-01,2020,Regular,1,Dana Ferguson,352457.62,H0MI01211,Jack Bergman,1985526.54,H6MI01226,FEC bulk (webl/weball 2016-2026),
H,MI,MI-01,2022,Regular,1,Bob Lorinser,588500.2,H2MI01142,Jack Bergman,1841958.42,H6MI01226,FEC bulk (webl/weball 2016-2026),
H,MI,MI-01,2024,Regular,1,Callie Barr,1011922.71,H4MI01155,Jack Bergman,2016388.02,H6MI01226,FEC bulk (webl/weball 2016-2026),
H,MI,MI-01,2026,Upcoming,1,Callie Barr,824340.6,H4MI01155,Jack Bergman,1917574.18,H6MI01226,FEC bulk (webl/weball 2016-2026),
H,MI,MI-02,2016,Regular,1,Dennis Murphy,16620.78,H6MI02182,Bill Huizenga,1201720.31,H0MI02094,FEC bulk (webl/weball 2016-2026),
H,MI,MI-02,2018,Regular,1,Rob Davidson,1291787.06,H8MI02113,Bill Huizenga,2149394.25,H0MI02094,FEC bulk (webl/weball 2016-2026),
H,MI,MI-02,2020,Regular,1,Bryan Berghoef,751623.64,H0MI02201,Bill Huizenga,2211927.61,H0MI02094,FEC bulk (webl/weball 2016-2026),
H,MI,MI-02,2022,Regular,1,Jerry Hilliard,30655.33,H8MI04101,John Moolenaar,2197543.5,H4MI04126,FEC bulk (webl/weball 2016-2026),
H,MI,MI-02,2024,Regular,1,Michael Lynch,19849.07,H4MI02138,John Moolenaar,2135244.82,H4MI04126,FEC bulk (webl/weball 2016-2026),
H,MI,MI-02,2026,Upcoming,1,Benjamin Ambrose,85093.96,H6MI02216,John Moolenaar,1652234.8,H4MI04126,FEC bulk (webl/weball 2016-2026),
H,MI,MI-03,2016,Regular,1,Douglas Smith,30184.5,H6MI03172,Justin Amash,688107.52,H0MI03126,FEC bulk (webl/weball 2016-2026),
H,MI,MI-03,2018,Regular,1,Cathy Albro,170947.85,H8MI03079,Justin Amash,633938.01,H0MI03126,FEC bulk (webl/weball 2016-2026),
H,MI,MI-03,2020,Regular,1,Hillary Scholten,3840545.09,H0MI03316,Peter Meijer,3501196.66,H0MI03308,FEC bulk (webl/weball 2016-2026),
H,MI,MI-03,2022,Regular,1,Hillary Scholten,3806547.95,H0MI03316,John Gibbs,1686030.12,H2MI03197,FEC bulk (webl/weball 2016-2026),
H,MI,MI-03,2024,Regular,1,Hillary Scholten,5285875.86,H0MI03316,Paul Hudson,1201985.4,H4MI03268,FEC bulk (webl/weball 2016-2026),
H,MI,MI-03,2026,Upcoming,1,Hillary Scholten,2329122.24,H0MI03316,J Fiorletta,0,,FEC bulk (webl/weball 2016-2026),rep:no-fec-filings(sub-threshold)
H,MI,MI-04,2016,Regular,1,Debra Wirth,14942.92,H2MI04237,John Moolenaar,1055125.41,H4MI04126,FEC bulk (webl/weball 2016-2026),
H,MI,MI-04,2018,Regular,1,Jerry Hilliard,51384.97,H8MI04101,John Moolenaar,1172130.62,H4MI04126,FEC bulk (webl/weball 2016-2026),dem:api-backfill
H,MI,MI-04,2020,Regular,1,Jerry Hilliard,41030.76,H8MI04101,John Moolenaar,1534896.16,H4MI04126,FEC bulk (webl/weball 2016-2026),
H,MI,MI-04,2022,Regular,1,Joseph Alfonso,37258.83,H2MI04260,Bill Huizenga,3073021.13,H0MI02094,FEC bulk (webl/weball 2016-2026),
H,MI,MI-04,2024,Regular,1,Jessica Swartz,1166577.1,H4MI04159,Bill Huizenga,3128825.74,H0MI02094,FEC bulk (webl/weball 2016-2026),
H,MI,MI-04,2026,Upcoming,1,Sean McCann,2620010.89,H6MI04204,Bill Huizenga,4093991.01,H0MI02094,FEC bulk (webl/weball 2016-2026),
H,MI,MI-05,2016,Regular,1,Daniel Kildee,1090756.31,H2MI05119,Al Hardwick,0,,FEC bulk (webl/weball 2016-2026),rep:no-fec-filings(sub-threshold)
H,MI,MI-05,2018,Regular,1,Daniel Kildee,1158022.06,H2MI05119,Travis Wines,0,,FEC bulk (webl/weball 2016-2026),rep:no-fec-filings(sub-threshold)
H,MI,MI-05,2020,Regular,1,Daniel Kildee,1677147.06,H2MI05119,Tim Kelly,72426.67,H0MI05162,FEC bulk (webl/weball 2016-2026),
H,MI,MI-05,2022,Regular,1,Bart Goldberg,164542.02,H2MI05176,Tim Walberg,1520614.63,H4MI07103,FEC bulk (webl/weball 2016-2026),
H,MI,MI-05,2024,Regular,1,Libbi Urban,123982.76,H4MI05164,Tim Walberg,1597811.15,H4MI07103,FEC bulk (webl/weball 2016-2026),
H,MI,MI-05,2026,Upcoming,1,Christian Vukasovich,55756.03,H6MI05227,Tim Walberg,1742398.65,H4MI07103,FEC bulk (webl/weball 2016-2026),
H,MI,MI-06,2016,Regular,1,Paul Clements,1159966.24,H4MI06105,Fred Upton,2985193.3,H6MI04113,FEC bulk (webl/weball 2016-2026),
H,MI,MI-06,2018,Regular,1,Matt Longjohn,1453674.97,H8MI06155,Fred Upton,3123455.96,H6MI04113,FEC bulk (webl/weball 2016-2026),
H,MI,MI-06,2020,Regular,1,Jon Hoadley,3135517.64,H0MI06152,Fred Upton,3646564.23,H6MI04113,FEC bulk (webl/weball 2016-2026),
H,MI,MI-06,2022,Regular,1,Debbie Dingell,1559951.4,H4MI12079,Whittney Williams,12069.75,H2MI06158,FEC bulk (webl/weball 2016-2026),
H,MI,MI-06,2024,Regular,1,Debbie Dingell,1600750.13,H4MI12079,Heather Smiley,3435.6,H4MI06154,FEC bulk (webl/weball 2016-2026),
H,MI,MI-06,2026,Upcoming,1,Debbie Dingell,1193711.67,H4MI12079,Generic Republican,0,,FEC bulk (webl/weball 2016-2026),rep:no-fec-filings(sub-threshold)
H,MI,MI-07,2016,Regular,1,Gretchen Driskell,2576893.05,H6MI07223,Tim Walberg,2406972.54,H4MI07103,FEC bulk (webl/weball 2016-2026),
H,MI,MI-07,2018,Regular,1,Gretchen Driskell,2719885.42,H6MI07223,Tim Walberg,2171371.28,H4MI07103,FEC bulk (webl/weball 2016-2026),
H,MI,MI-07,2020,Regular,1,Gretchen Driskell,1762854.4,H0MI07150,Tim Walberg,2316783.53,H4MI07103,FEC bulk (webl/weball 2016-2026),
H,MI,MI-07,2022,Regular,1,Elissa Slotkin,9974583.81,H8MI08102,Tom Barrett,2834473.95,H2MI07123,FEC bulk (webl/weball 2016-2026),
H,MI,MI-07,2024,Regular,1,Curtis Hertel,7656059.9,H4MI07210,Tom Barrett,5103613.26,H2MI07123,FEC bulk (webl/weball 2016-2026),
H,MI,MI-07,2026,Upcoming,1,Bridget Brink,2977601.74,H6MI07256,Tom Barrett,6306827.61,H2MI07123,FEC bulk (webl/weball 2016-2026),
H,MI,MI-08,2016,Regular,1,Suzanna Shkreli,780514.76,H6MI08262,Mike Bishop,1651429.76,H4MI08135,FEC bulk (webl/weball 2016-2026),
H,MI,MI-08,2018,Regular,1,Elissa Slotkin,7467572.93,H8MI08102,Mike Bishop,3405814.79,H4MI08135,FEC bulk (webl/weball 2016-2026),
H,MI,MI-08,2020,Regular,1,Elissa Slotkin,9135389.92,H8MI08102,Paul Junge,2112467.47,H0MI08141,FEC bulk (webl/weball 2016-2026),
H,MI,MI-08,2022,Regular,1,Daniel Kildee,5627721.01,H2MI05119,Paul Junge,3108702.53,H0MI08141,FEC bulk (webl/weball 2016-2026),
H,MI,MI-08,2024,Regular,1,Kristen McDonald Rivet,6067031.69,H4MI08218,Paul Junge,5984458.77,H0MI08141,FEC bulk (webl/weball 2016-2026),
H,MI,MI-08,2026,Upcoming,1,Kristen McDonald Rivet,5644876.03,H4MI08218,Amir Hassan,727342.61,H6MI08296,FEC bulk (webl/weball 2016-2026),
H,MI,MI-09,2016,Regular,1,Sander Levin,1306856.98,H2MI17023,Christopher Morse,0,,FEC bulk (webl/weball 2016-2026),rep:no-fec-filings(sub-threshold)
H,MI,MI-09,2018,Regular,1,Andy Levin,1492163.61,H8MI09118,Candius Stearns,247170.0,H8MI09092,FEC bulk (webl/weball 2016-2026),
H,MI,MI-09,2020,Regular,1,Andy Levin,1328806.4,H8MI09118,Charles Langworthy,0,,FEC bulk (webl/weball 2016-2026),rep:no-fec-filings(sub-threshold)
H,MI,MI-09,2022,Regular,1,Brian Jaye,55654.51,H2MI08154,Lisa McClain,1269568.48,H0MI10287,FEC bulk (webl/weball 2016-2026),
H,MI,MI-09,2024,Regular,1,Clinton St. Mosley,113478.38,H4MI09125,Lisa McClain,1968688.95,H0MI10287,FEC bulk (webl/weball 2016-2026),
H,MI,MI-09,2026,Upcoming,1,Steven Pooley,8083.69,H6MI09245,Lisa McClain,5242308.95,H0MI10287,FEC bulk (webl/weball 2016-2026),
H,MI,MI-10,2016,Regular,1,Frank Accavitti,48426.12,H6MI10227,Paul Mitchell,3982089.77,H4MI04118,FEC bulk (webl/weball 2016-2026),
H,MI,MI-10,2018,Regular,1,Kimberly Bizon,72150.2,H8MI10108,Paul Mitchell,724673.3,H4MI04118,FEC bulk (webl/weball 2016-2026),
H,MI,MI-10,2020,Regular,1,Kimberly Bizon,41438.35,H8MI10108,Lisa McClain,2485337.08,H0MI10287,FEC bulk (webl/weball 2016-2026),
H,MI,MI-10,2022,Regular,1,Carl Marlinga,1059983.76,H2MI10176,John James,6954183.56,H2MI10150,FEC bulk (webl/weball 2016-2026),
H,MI,MI-10,2024,Regular,1,Carl Marlinga,2954055.05,H2MI10176,John James,9546139.34,H2MI10150,FEC bulk (webl/weball 2016-2026),
H,MI,MI-10,2026,Upcoming,1,Eric Chung,1920485.19,H6MI10292,Robert Lulgjuraj,1289610.64,H6MI10326,FEC bulk (webl/weball 2016-2026),
H,MI,MI-11,2016,Regular,1,Anil Kumar,1177138.09,H4MI11089,David Trott,1353149.44,H4MI11097,FEC bulk (webl/weball 2016-2026),
H,MI,MI-11,2018,Regular,1,Haley Stevens,4199606.98,H8MI11254,Lena Epstein,2723098.57,H8MI11320,FEC bulk (webl/weball 2016-2026),
H,MI,MI-11,2020,Regular,1,Haley Stevens,5884928.62,H8MI11254,Eric Esshaki,1406412.29,H0MI11129,FEC bulk (webl/weball 2016-2026),
H,MI,MI-11,2022,Regular,1,Haley Stevens,5574897.28,H8MI11254,Mark Ambrose,668345.01,H2MI11265,FEC bulk (webl/weball 2016-2026),
H,MI,MI-11,2024,Regular,1,Haley Stevens,2662469.11,H8MI11254,Nick Somberg,68845.76,H4MI11113,FEC bulk (webl/weball 2016-2026),
H,MI,MI-11,2026,Upcoming,1,Jeremy Moss,1485177.78,H6MI11191,Mike Steger,28616.38,H6MI11209,FEC bulk (webl/weball 2016-2026),
H,MI,MI-12,2016,Regular,1,Debbie Dingell,1176763.41,H4MI12079,Jeff Jones,40861.0,H6MI12264,FEC bulk (webl/weball 2016-2026),
H,MI,MI-12,2018,Regular,1,Debbie Dingell,1296511.74,H4MI12079,Jeff Jones,82410.0,H6MI12264,FEC bulk (webl/weball 2016-2026),
H,MI,MI-12,2020,Regular,1,Debbie Dingell,1633275.73,H4MI12079,Jeff Jones,10615.92,H6MI12264,FEC bulk (webl/weball 2016-2026),
H,MI,MI-12,2022,Regular,1,Rashida Tlaib,3337996.2,H8MI13250,Steven Elliott,265846.32,H2MI13311,FEC bulk (webl/weball 2016-2026),
H,MI,MI-12,2024,Regular,1,Rashida Tlaib,8473097.48,H8MI13250,James Hooper,13451.35,H2MI12198,FEC bulk (webl/weball 2016-2026),
H,MI,MI-12,2026,Upcoming,1,Rashida Tlaib,2756214.39,H8MI13250,Generic Republican,0,,FEC bulk (webl/weball 2016-2026),rep:no-fec-filings(sub-threshold)
H,MI,MI-13,2016,Regular,1,John Conyers,627678.4,H6MI01028,Jeff Gorman,0,,FEC bulk (webl/weball 2016-2026),rep:no-fec-filings(sub-threshold)
H,MI,MI-13,2018,Regular,0,Rashida Tlaib,1666003.3,H8MI13250,Sam Johnson,3181.08,H6MI01200,FEC bulk (webl/weball 2016-2026),
H,MI,MI-13,2020,Regular,1,Rashida Tlaib,4093645.42,H8MI13250,David Dudenhoefer,0,,FEC bulk (webl/weball 2016-2026),rep:no-fec-filings(sub-threshold)
H,MI,MI-13,2022,Regular,1,Shri Thanedar,9319161.71,H2MI13204,Martell Bivings,106131.15,H2MI13360,FEC bulk (webl/weball 2016-2026),
H,MI,MI-13,2024,Regular,1,Shri Thanedar,9660670.47,H2MI13204,Martell Bivings,66831.09,H2MI13360,FEC bulk (webl/weball 2016-2026),
H,MI,MI-13,2026,Upcoming,1,Shri Thanedar,390276.08,H2MI13204,Andrew Lorenz,0,,FEC bulk (webl/weball 2016-2026),rep:no-fec-filings(sub-threshold)
H,MN,MN-01,2016,Regular,1,Timothy Walz,1572880.8,H6MN01174,Jim Hagedorn,368847.14,H0MN01045,FEC bulk (webl/weball 2016-2026),
H,MN,MN-01,2018,Regular,1,Dan Feehan,4177224.93,H8MN01279,Jim Hagedorn,1613540.72,H0MN01045,FEC bulk (webl/weball 2016-2026),
H,MN,MN-01,2020,Regular,1,Dan Feehan,4883182.35,H8MN01279,Jim Hagedorn,2423319.48,H0MN01045,FEC bulk (webl/weball 2016-2026),
H,MN,MN-01,2022,Regular,1,Jeff Ettinger,2592366.71,H2MN01249,Brad Finstad,1500243.97,H2MN01223,FEC bulk (webl/weball 2016-2026),
H,MN,MN-01,2024,Regular,1,Rachel Bohman,413540.87,H4MN01179,Brad Finstad,1975242.85,H2MN01223,FEC bulk (webl/weball 2016-2026),
H,MN,MN-01,2026,Upcoming,1,Jacob Johnson,2000546.73,H6MN01190,Brad Finstad,2030569.31,H2MN01223,FEC bulk (webl/weball 2016-2026),
H,MN,MN-02,2016,Regular,1,Angie Craig,4811520.19,H6MN02131,Jason Lewis,1045808.6,H6MN02149,FEC bulk (webl/weball 2016-2026),
H,MN,MN-02,2018,Regular,1,Angie Craig,5625310.67,H6MN02131,Jason Lewis,2925836.18,H6MN02149,FEC bulk (webl/weball 2016-2026),
H,MN,MN-02,2020,Regular,1,Angie Craig,5676522.49,H6MN02131,Tyler Kistner,3053799.7,H0MN02134,FEC bulk (webl/weball 2016-2026),
H,MN,MN-02,2022,Regular,1,Angie Craig,7801458.27,H6MN02131,Tyler Kistner,3409854.76,H0MN02134,FEC bulk (webl/weball 2016-2026),
H,MN,MN-02,2024,Regular,1,Angie Craig,8288031.44,H6MN02131,Joe Teirab,3304665.91,H4MN02177,FEC bulk (webl/weball 2016-2026),
H,MN,MN-02,2026,Upcoming,1,Matt Little,923277.16,H6MN02230,Tyler Kistner,427439.8,H6MN02255,FEC bulk (webl/weball 2016-2026),
H,MN,MN-03,2016,Regular,1,Terri Bonoff,1975383.62,H8MN03069,Erik Paulsen,4954433.03,H8MN03077,FEC bulk (webl/weball 2016-2026),
H,MN,MN-03,2018,Regular,1,Dean Phillips,6307590.94,H8MN03143,Erik Paulsen,5825348.4,H8MN03077,FEC bulk (webl/weball 2016-2026),
H,MN,MN-03,2020,Regular,1,Dean Phillips,2391906.46,H8MN03143,Kendall Qualls,1889619.35,H0MN03124,FEC bulk (webl/weball 2016-2026),
H,MN,MN-03,2022,Regular,1,Dean Phillips,2298669.51,H8MN03143,Tom Weiler,681468.99,H2MN03104,FEC bulk (webl/weball 2016-2026),
H,MN,MN-03,2024,Regular,1,Kelly Morrison,2263653.66,H4MN03118,Tad Jude,380144.48,H0MN06051,FEC bulk (webl/weball 2016-2026),
H,MN,MN-03,2026,Upcoming,1,Kelly Morrison,1361932.81,H4MN03118,Tyler Bass,0,,FEC bulk (webl/weball 2016-2026),rep:no-fec-filings(sub-threshold)
H,MN,MN-04,2016,Regular,1,Betty McCollum,920365.29,H0MN04049,Greg Ryan,65628.55,H6MN04236,FEC bulk (webl/weball 2016-2026),
H,MN,MN-04,2018,Regular,1,Betty McCollum,934597.01,H0MN04049,Greg Ryan,23621.07,H6MN04236,FEC bulk (webl/weball 2016-2026),
H,MN,MN-04,2020,Regular,1,Betty McCollum,1178717.48,H0MN04049,Gene Rechtzigel,0,,FEC bulk (webl/weball 2016-2026),rep:no-fec-filings(sub-threshold)
H,MN,MN-04,2022,Regular,1,Betty McCollum,2101431.16,H0MN04049,May Lor Xiong,133467.1,H2MN04177,FEC bulk (webl/weball 2016-2026),
H,MN,MN-04,2024,Regular,1,Betty McCollum,1789789.09,H0MN04049,May Lor Xiong,95138.59,H4MN04157,FEC bulk (webl/weball 2016-2026),
H,MN,MN-04,2026,Upcoming,1,Betty McCollum,1251583.36,H0MN04049,Paul Wikstrom,28031.08,H6MN04293,FEC bulk (webl/weball 2016-2026),
H,MN,MN-05,2016,Regular,1,Keith Ellison,2799429.48,H6MN05183,Frank Nelson Drake,0,,FEC bulk (webl/weball 2016-2026),rep:no-fec-filings(sub-threshold)
H,MN,MN-05,2018,Regular,1,Ilhan Omar,1084183.04,H8MN05239,Jennifer Zielinski,23354.81,H8MN05213,FEC bulk (webl/weball 2016-2026),
H,MN,MN-05,2020,Regular,1,Ilhan Omar,5810874.12,H8MN05239,Lacy Johnson,12195123.85,H0MN05178,FEC bulk (webl/weball 2016-2026),
H,MN,MN-05,2022,Regular,1,Ilhan Omar,3111917.52,H8MN05239,Cicely Davis,3226697.65,H2MN05166,FEC bulk (webl/weball 2016-2026),
H,MN,MN-05,2024,Regular,1,Ilhan Omar,8335875.08,H8MN05239,Dalia Al-Aqidi,2270918.5,H0MN05251,FEC bulk (webl/weball 2016-2026),
H,MN,MN-05,2026,Upcoming,1,Ilhan Omar,5829714.74,H8MN05239,Dalia Al-Aqidi,1128978.57,H0MN05251,FEC bulk (webl/weball 2016-2026),
H,MN,MN-06,2016,Regular,1,David Snyder,0,,Tom Emmer,1887293.93,H4MN06087,FEC bulk (webl/weball 2016-2026),dem:no-fec-filings(sub-threshold)
H,MN,MN-06,2018,Regular,1,Ian Todd,83118.91,H8MN06096,Tom Emmer,2216246.71,H4MN06087,FEC bulk (webl/weball 2016-2026),
H,MN,MN-06,2020,Regular,1,Tawnja Zahradka,54242.41,H0MN06150,Tom Emmer,2845770.03,H4MN06087,FEC bulk (webl/weball 2016-2026),
H,MN,MN-06,2022,Regular,1,Jeanne Hendricks,205373.85,H2MN06214,Tom Emmer,4431685.38,H4MN06087,FEC bulk (webl/weball 2016-2026),
H,MN,MN-06,2024,Regular,1,Jeanne Hendricks,81016.38,H2MN06214,Tom Emmer,8158685.41,H4MN06087,FEC bulk (webl/weball 2016-2026),
H,MN,MN-06,2026,Upcoming,1,Generic Democrat,0,,Tom Emmer,9786063.83,H4MN06087,FEC bulk (webl/weball 2016-2026),dem:no-fec-filings(sub-threshold)
H,MN,MN-07,2016,Regular,1,Collin Peterson,1203941.53,H2MN07014,Dave Hughes,19835.65,H6MN07304,FEC bulk (webl/weball 2016-2026),
H,MN,MN-07,2018,Regular,1,Collin Peterson,1431201.29,H2MN07014,Dave Hughes,261635.53,H6MN07304,FEC bulk (webl/weball 2016-2026),
H,MN,MN-07,2020,Regular,1,Collin Peterson,2734418.97,H2MN07014,Michelle Fischbach,2646134.94,H0MN07091,FEC bulk (webl/weball 2016-2026),
H,MN,MN-07,2022,Regular,1,Jill Abahsain,33555.39,H2MN07162,Michelle Fischbach,1677464.61,H0MN07091,FEC bulk (webl/weball 2016-2026),
H,MN,MN-07,2024,Regular,1,John Peters,17603.68,H4MN07093,Michelle Fischbach,2016031.04,H0MN07091,FEC bulk (webl/weball 2016-2026),
H,MN,MN-07,2026,Upcoming,1,Generic Democrat,0,,Michelle Fischbach,1286028.1,H0MN07091,FEC bulk (webl/weball 2016-2026),dem:no-fec-filings(sub-threshold)
H,MN,MN-08,2016,Regular,1,Richard Nolan,3047314.2,H2MN08111,Stewart Mills,3778710.55,H4MN08083,FEC bulk (webl/weball 2016-2026),
H,MN,MN-08,2018,Regular,1,Joe Radinovich,2432206.52,H8MN08068,Pete Stauber,1777703.02,H8MN08043,FEC bulk (webl/weball 2016-2026),
H,MN,MN-08,2020,Regular,1,Quinn Nystrom,1560763.97,H0MN08156,Pete Stauber,2602490.35,H8MN08043,FEC bulk (webl/weball 2016-2026),
H,MN,MN-08,2022,Regular,1,Jen Schultz,694758.14,H2MN08152,Pete Stauber,2485203.09,H8MN08043,FEC bulk (webl/weball 2016-2026),
H,MN,MN-08,2024,Regular,1,Jen Schultz,1255402.35,H2MN08152,Pete Stauber,2276284.45,H8MN08043,FEC bulk (webl/weball 2016-2026),
H,MN,MN-08,2026,Upcoming,1,Generic Democrat,0,,Pete Stauber,1996897.61,H8MN08043,FEC bulk (webl/weball 2016-2026),dem:no-fec-filings(sub-threshold)
H,MO,MO-01,2016,Regular,1,Wm. Lacy Clay,660079.99,H0MO01066,Steven Bailey,0,,FEC bulk (webl/weball 2016-2026),rep:no-fec-filings(sub-threshold)
H,MO,MO-01,2018,Regular,1,Wm. Lacy Clay,663728.62,H0MO01066,Robert Vroman,100.0,H8MO01184,FEC bulk (webl/weball 2016-2026),
H,MO,MO-01,2020,Regular,1,Cori Bush,1429836.58,H8MO01143,Anthony Rogers,0,,FEC bulk (webl/weball 2016-2026),rep:no-fec-filings(sub-threshold)
H,MO,MO-01,2022,Regular,1,Cori Bush,2448937.35,H8MO01143,Andrew Jones,49116.03,H2MO01179,FEC bulk (webl/weball 2016-2026),
H,MO,MO-01,2024,Regular,1,Wesley Bell,5386197.6,H4MO01134,Andrew Jones,16076.14,H4MO01142,FEC bulk (webl/weball 2016-2026),
H,MO,MO-01,2026,Upcoming,1,Wesley Bell,3561711.86,H4MO01134,Generic Republican,0,,FEC bulk (webl/weball 2016-2026),rep:no-fec-filings(sub-threshold)
H,MO,MO-02,2016,Regular,1,Bill Otto,463311.27,H6MO02301,Ann Wagner,2326366.1,H2MO02102,FEC bulk (webl/weball 2016-2026),
H,MO,MO-02,2018,Regular,1,Cort VanOstran,2348347.76,H8MO02208,Ann Wagner,3056306.73,H2MO02102,FEC bulk (webl/weball 2016-2026),
H,MO,MO-02,2020,Regular,1,Jill Schupp,4870302.34,H0MO02254,Ann Wagner,5653505.76,H2MO02102,FEC bulk (webl/weball 2016-2026),
H,MO,MO-02,2022,Regular,1,Trish Gunby,905770.41,H2MO02201,Ann Wagner,4884445.83,H2MO02102,FEC bulk (webl/weball 2016-2026),
H,MO,MO-02,2024,Regular,1,Ray Hartmann,710024.93,H4MO02082,Ann Wagner,4328377.17,H2MO02102,FEC bulk (webl/weball 2016-2026),
H,MO,MO-02,2026,Upcoming,1,Frederick Wellman,1155879.75,H6MO02343,Ann Wagner,3528094.52,H2MO02102,FEC bulk (webl/weball 2016-2026),
H,MO,MO-03,2016,Regular,1,Kevin Miller,0,,Blaine Luetkemeyer,1905574.11,H8MO09153,FEC bulk (webl/weball 2016-2026),dem:no-fec-filings(sub-threshold)
H,MO,MO-03,2018,Regular,1,Katy Geppert,34138.21,H8MO03198,Blaine Luetkemeyer,2340678.81,H8MO09153,FEC bulk (webl/weball 2016-2026),
H,MO,MO-03,2020,Regular,1,Megan Rezabek,0,,Blaine Luetkemeyer,2026937.9,H8MO09153,FEC bulk (webl/weball 2016-2026),dem:no-fec-filings(sub-threshold)
H,MO,MO-03,2022,Regular,1,Bethany Mann,27169.38,H2MO03167,Blaine Luetkemeyer,3640059.18,H8MO09153,FEC bulk (webl/weball 2016-2026),
H,MO,MO-03,2024,Regular,1,Bethany Mann,38121.42,H2MO03167,Bob Onder,1778242.31,H4MO03221,FEC bulk (webl/weball 2016-2026),
H,MO,MO-03,2026,Upcoming,1,Bethany Mann,43338.7,H2MO03167,Bob Onder,950349.83,H4MO03221,FEC bulk (webl/weball 2016-2026),
H,MO,MO-04,2016,Regular,1,Gordon Christensen,217312.08,H6MO04224,Vicky Hartzler,928062.53,H0MO04086,FEC bulk (webl/weball 2016-2026),
H,MO,MO-04,2018,Regular,1,Renee Hoagenson,460652.56,H8MO04071,Vicky Hartzler,1273640.63,H0MO04086,FEC bulk (webl/weball 2016-2026),
H,MO,MO-04,2020,Regular,1,Lindsey Simmons,401749.9,H0MO04235,Vicky Hartzler,1708431.08,H0MO04086,FEC bulk (webl/weball 2016-2026),
H,MO,MO-04,2022,Regular,1,Jack Truman,0,,Mark Alford,1038063.25,H2MO04207,FEC bulk (webl/weball 2016-2026),dem:no-fec-filings(sub-threshold)
H,MO,MO-04,2024,Regular,1,Jeanette Cass,5858.6,H4MO04187,Mark Alford,1304136.4,H2MO04207,FEC bulk (webl/weball 2016-2026),
H,MO,MO-04,2026,Upcoming,1,Hartzell Gray,250117.99,H6MO05247,Mark Alford,1392967.7,H2MO04207,FEC bulk (webl/weball 2016-2026),
H,MO,MO-05,2016,Regular,1,Emanuel Cleaver,1165082.56,H4MO05234,Jacob Turk,124450.53,H6MO05189,FEC bulk (webl/weball 2016-2026),
H,MO,MO-05,2018,Regular,1,Emanuel Cleaver,1172169.66,H4MO05234,Jacob Turk,102642.92,H6MO05189,FEC bulk (webl/weball 2016-2026),
H,MO,MO-05,2020,Regular,1,Emanuel Cleaver,1415880.41,H4MO05234,Ryan Derks,76947.69,H0MO05208,FEC bulk (webl/weball 2016-2026),
H,MO,MO-05,2022,Regular,1,Emanuel Cleaver,1215785.4,H4MO05234,Jacob Turk,37587.0,H6MO05189,FEC bulk (webl/weball 2016-2026),
H,MO,MO-05,2024,Regular,1,Emanuel Cleaver,1385775.6,H4MO05234,Sean Smith,167517.17,H4MO05366,FEC bulk (webl/weball 2016-2026),
H,MO,MO-05,2026,Upcoming,1,Emanuel Cleaver,1336737.64,H4MO05234,Bradley Patty,7773.75,H6MO05304,FEC bulk (webl/weball 2016-2026),
H,MO,MO-06,2016,Regular,1,David Blackwell,0,,Sam Graves,1526911.24,H0MO06073,FEC bulk (webl/weball 2016-2026),dem:no-fec-filings(sub-threshold)
H,MO,MO-06,2018,Regular,1,Henry Robert Martin,34426.36,H8MO06092,Sam Graves,1715578.05,H0MO06073,FEC bulk (webl/weball 2016-2026),
H,MO,MO-06,2020,Regular,1,Gena Ross,10170.21,H0MO06222,Sam Graves,1960690.42,H0MO06073,FEC bulk (webl/weball 2016-2026),
H,MO,MO-06,2022,Regular,1,Henry Martin,141892.0,H8MO06092,Sam Graves,2383368.94,H0MO06073,FEC bulk (webl/weball 2016-2026),
H,MO,MO-06,2024,Regular,1,Pam May,19086.67,H4MO06125,Sam Graves,2787183.53,H0MO06073,FEC bulk (webl/weball 2016-2026),
H,MO,MO-06,2026,Upcoming,1,Matthew Levine,53225.72,H6MO06278,Sam Graves,1806360.65,H0MO06073,FEC bulk (webl/weball 2016-2026),
H,MO,MO-07,2016,Regular,1,Gen Williams,20564.3,H4MO07131,Billy Long,1468339.43,H0MO07113,FEC bulk (webl/weball 2016-2026),
H,MO,MO-07,2018,Regular,1,Jamie Daniel Schoolcraft,56578.06,H8MO07223,Billy Long,1530792.88,H0MO07113,FEC bulk (webl/weball 2016-2026),
H,MO,MO-07,2020,Regular,1,Teresa Montseny,0,,Billy Long,1337163.2,H0MO07113,FEC bulk (webl/weball 2016-2026),dem:no-fec-filings(sub-threshold)
H,MO,MO-07,2022,Regular,1,Kristen Radaker-Sheafer,17792.3,H2MO07200,Eric Burlison,1081116.19,H2MO07143,FEC bulk (webl/weball 2016-2026),
H,MO,MO-07,2024,Regular,1,Missi Hesketh,47168.78,H4MO07156,Eric Burlison,923026.09,H2MO07143,FEC bulk (webl/weball 2016-2026),
H,MO,MO-07,2026,Upcoming,1,Missi Hesketh,50539.85,H4MO07156,Eric Burlison,1464358.57,H2MO07143,FEC bulk (webl/weball 2016-2026),
H,MO,MO-08,2016,Regular,1,Dave Cowell,0,,Jason Smith,1696238.68,H4MO08162,FEC bulk (webl/weball 2016-2026),dem:no-fec-filings(sub-threshold)
H,MO,MO-08,2018,Regular,1,Kathy Ellis,194234.15,H8MO08098,Jason Smith,1980991.85,H4MO08162,FEC bulk (webl/weball 2016-2026),
H,MO,MO-08,2020,Regular,1,Kathy Ellis,304296.74,H8MO08098,Jason Smith,1902371.34,H4MO08162,FEC bulk (webl/weball 2016-2026),
H,MO,MO-08,2022,Regular,1,Randi McCallian,45873.61,H2MO08091,Jason Smith,3198303.83,H4MO08162,FEC bulk (webl/weball 2016-2026),
H,MO,MO-08,2024,Regular,1,Randi McCallian,52669.25,H2MO08091,Jason Smith,6549798.75,H4MO08162,FEC bulk (webl/weball 2016-2026),
H,MO,MO-08,2026,Upcoming,1,Clayton Harbison,4250.53,H6MO08209,Jason Smith,5264182.96,H4MO08162,FEC bulk (webl/weball 2016-2026),
H,MS,MS-01,2016,Regular,1,Jacob Owens,0,,Trent Kelly,1104907.86,H6MS01131,FEC bulk (webl/weball 2016-2026),dem:no-fec-filings(sub-threshold)
H,MS,MS-01,2018,Regular,1,Randy Wadkins,156935.3,H8MS01145,Trent Kelly,928705.34,H6MS01131,FEC bulk (webl/weball 2016-2026),
H,MS,MS-01,2020,Regular,1,Antonia Eliason,22530.86,H0MS01118,Trent Kelly,887644.57,H6MS01131,FEC bulk (webl/weball 2016-2026),
H,MS,MS-01,2022,Regular,1,Dianne Black,34342.75,H2MS01148,Trent Kelly,1113277.81,H6MS01131,FEC bulk (webl/weball 2016-2026),
H,MS,MS-01,2024,Regular,1,Dianne Dodson Black,9759.9,H2MS01148,Trent Kelly,1281874.14,H6MS01131,FEC bulk (webl/weball 2016-2026),
H,MS,MS-01,2026,Upcoming,1,Cliff Johnson,551243.42,H6MS01313,Trent Kelly,1004204.69,H6MS01131,FEC bulk (webl/weball 2016-2026),
H,MS,MS-02,2016,Regular,1,Bennie Thompson,1029909.16,H4MS02068,John Bouie,0.0,H6MS02162,FEC bulk (webl/weball 2016-2026),
H,MS,MS-02,2018,Regular,0,Bennie Thompson,1020602.35,H4MS02068,Troy Ray,0,,FEC bulk (webl/weball 2016-2026),rep:no-fec-filings(sub-threshold)
H,MS,MS-02,2020,Regular,1,Bennie Thompson,1379891.97,H4MS02068,Brian Flowers,18341.36,H0MS02082,FEC bulk (webl/weball 2016-2026),
H,MS,MS-02,2022,Regular,1,Bennie Thompson,1515666.15,H4MS02068,Brian Flowers,49488.03,H0MS02082,FEC bulk (webl/weball 2016-2026),
H,MS,MS-02,2024,Regular,1,Bennie Thompson,1245200.98,H4MS02068,Ron Eller,160676.12,H2MS02203,FEC bulk (webl/weball 2016-2026),
H,MS,MS-02,2026,Upcoming,1,Bennie Thompson,770970.73,H4MS02068,Ron Eller,45389.56,H2MS02203,FEC bulk (webl/weball 2016-2026),
H,MS,MS-03,2016,Regular,1,Dennis Quinn,0,,Gregg Harper,1009225.0,H8MS03067,FEC bulk (webl/weball 2016-2026),dem:no-fec-filings(sub-threshold)
H,MS,MS-03,2018,Regular,1,Michael Ted Evans,0,,Michael Guest,985526.2,H8MS03125,FEC bulk (webl/weball 2016-2026),"dem:no-fec-filings(sub-threshold); verified non-filer 2026-09-09: FEC candidate H8MS03216 filed only a Form 2 Statement of Candidacy, no financial reports"
H,MS,MS-03,2020,Regular,1,Dot Benford,0,,Michael Guest,802895.66,H8MS03125,FEC bulk (webl/weball 2016-2026),dem:no-fec-filings(sub-threshold)
H,MS,MS-03,2022,Regular,1,Shuwaski Young,77359.24,H2MS03136,Michael Guest,1353829.76,H8MS03125,FEC bulk (webl/weball 2016-2026),
H,MS,MS-03,2024,Regular,0,,,,Michael Guest,925968.2,H8MS03125,FEC bulk (webl/weball 2016-2026),
H,MS,MS-03,2026,Upcoming,1,Michael Chiaradio,155399.53,H6MS03228,Michael Guest,822760.85,H8MS03125,FEC bulk (webl/weball 2016-2026),
H,MS,MS-04,2016,Regular,1,Mark Gladney,61077.05,H6MS04192,Steven Palazzo,782618.1,H0MS04120,FEC bulk (webl/weball 2016-2026),
H,MS,MS-04,2018,Regular,1,Jeramey Anderson,153050.3,H8MS04438,Steven Palazzo,770852.68,H0MS04120,FEC bulk (webl/weball 2016-2026),
H,MS,MS-04,2020,Regular,0,,,,Steven Palazzo,827661.5,H0MS04120,FEC bulk (webl/weball 2016-2026),
H,MS,MS-04,2022,Regular,1,Johnny DuPree,147382.22,H2MS04332,Mike Ezell,1062857.78,H2MS04258,FEC bulk (webl/weball 2016-2026),
H,MS,MS-04,2024,Regular,1,Craig Elliot Raybon,0,,Mike Ezell,1227959.76,H2MS04258,FEC bulk (webl/weball 2016-2026),dem:no-fec-filings(sub-threshold)
H,MS,MS-04,2026,Upcoming,1,Jeffrey Hulum,29045.18,H6MS04242,Mike Ezell,990105.85,H2MS04258,FEC bulk (webl/weball 2016-2026),
H,MT,MT-01,2016,Regular,1,Denise Juneau,2760222.95,H6MT01095,Ryan Zinke,5680723.67,H4MT01041,FEC bulk (webl/weball 2016-2026),
H,MT,MT-01,2018,Regular,1,Kathleen Williams,4160972.28,H8MT01232,Greg Gianforte,9831182.04,H8MT01182,FEC bulk (webl/weball 2016-2026),
H,MT,MT-01,2020,Regular,1,Kathleen Williams,6332416.91,H8MT01232,Matt Rosendale,4034800.46,H4MT00050,FEC bulk (webl/weball 2016-2026),
H,MT,MT-01,2022,Regular,1,Monica Tranel,3088634.59,H2MT02092,Ryan Zinke,6713975.6,H4MT01041,FEC bulk (webl/weball 2016-2026),
H,MT,MT-01,2024,Regular,1,Monica Tranel,6225655.3,H2MT02092,Ryan Zinke,10117220.53,H4MT01041,FEC bulk (webl/weball 2016-2026),
H,MT,MT-01,2026,Upcoming,1,Russell Cleveland,457635.36,H6MT01103,Aaron Flint,1303393.72,H6MT01152,FEC bulk (webl/weball 2016-2026),
H,MT,MT-02,2022,Regular,1,Penny Ronning,175792.67,H2MT02134,Matthew Rosendale,2284637.89,H4MT00050,FEC bulk (webl/weball 2016-2026),
H,MT,MT-02,2024,Regular,1,John Driscoll,0,,Troy Downing,2943575.08,H4MT02098,FEC bulk (webl/weball 2016-2026),dem:no-fec-filings(sub-threshold)
H,MT,MT-02,2026,Upcoming,1,Brian Miller,19173.73,H6MT02150,Troy Downing,2127926.95,H4MT02098,FEC bulk (webl/weball 2016-2026),
H,NC,NC-01,2016,Regular,1,Butterfield,1113965.75,H4NC01046,Powell Dew,21148.0,H6NC01108,FEC bulk (webl/weball 2016-2026),
H,NC,NC-01,2018,Regular,1,Butterfield,772055.3,H4NC01046,Roger Allison,30384.46,H8NC01104,FEC bulk (webl/weball 2016-2026),
H,NC,NC-01,2020,Regular,1,Butterfield,1040201.15,H4NC01046,Sandy Smith,1703668.95,H0NC03149,FEC bulk (webl/weball 2016-2026),
H,NC,NC-01,2022,Regular,1,Don Davis,1876018.87,H2NC02287,Sandy Smith,2187047.47,H0NC03149,FEC bulk (webl/weball 2016-2026),
H,NC,NC-01,2024,Regular,1,Don Davis,6061265.18,H2NC02287,Laurie Buckhout,4795621.51,H4NC01137,FEC bulk (webl/weball 2016-2026),
H,NC,NC-01,2026,Upcoming,1,Don Davis,4287385.78,H2NC02287,Laurie Buckhout,3793076.8,H4NC01137,FEC bulk (webl/weball 2016-2026),
H,NC,NC-02,2016,Regular,1,John McNeil,84665.84,H6NC13046,George Holding,2773011.64,H2NC13110,FEC bulk (webl/weball 2016-2026),
H,NC,NC-02,2018,Regular,1,Linda Coleman,1727747.61,H8NC02110,George Holding,3045693.79,H2NC13110,FEC bulk (webl/weball 2016-2026),
H,NC,NC-02,2020,Regular,1,Deborah Ross,2291722.62,H0NC02125,Alan Swain,119670.7,H0NC02158,FEC bulk (webl/weball 2016-2026),
H,NC,NC-02,2022,Regular,1,Deborah Ross,2124081.81,H0NC02125,Christine Villaverde,149375.48,H2NC08235,FEC bulk (webl/weball 2016-2026),
H,NC,NC-02,2024,Regular,1,Deborah Ross,1930246.07,H0NC02125,Alan Swain,33206.0,H0NC02158,FEC bulk (webl/weball 2016-2026),
H,NC,NC-02,2026,Upcoming,1,Deborah Ross,1675977.59,H0NC02125,Eugene Douglass,0,,FEC bulk (webl/weball 2016-2026),rep:no-fec-filings(sub-threshold)
H,NC,NC-03,2016,Regular,1,Ernest Reeves,0.0,H6NC03161,Walter Jones,675247.86,H2NC01081,FEC bulk (webl/weball 2016-2026),
H,NC,NC-03,2018,Regular,0,,,,Walter Jones,588562.41,H2NC01081,FEC bulk (webl/weball 2016-2026),
H,NC,NC-03,2020,Regular,1,Daryl Farrow,0,,Gregory Murphy,1874948.63,H0NC03172,FEC bulk (webl/weball 2016-2026),dem:no-fec-filings(sub-threshold)
H,NC,NC-03,2022,Regular,1,Barbara Gaskins,95646.62,H2NC03095,Gregory Murphy,1993505.57,H0NC03172,FEC bulk (webl/weball 2016-2026),
H,NC,NC-03,2024,Regular,0,Gheorghe Cormos,0,,Gregory Murphy,1939613.96,H0NC03172,FEC bulk (webl/weball 2016-2026),dem:no-fec-filings(sub-threshold)
H,NC,NC-03,2026,Upcoming,1,Raymond Smith,223118.6,H6NC03229,Gregory Murphy,2357956.42,H0NC03172,FEC bulk (webl/weball 2016-2026),
H,NC,NC-04,2016,Regular,1,David Price,793105.6,H6NC04037,Sue Googe,115969.32,H6NC04151,FEC bulk (webl/weball 2016-2026),
H,NC,NC-04,2018,Regular,1,David Price,920457.88,H6NC04037,Steve Von Loor,0,,FEC bulk (webl/weball 2016-2026),rep:no-fec-filings(sub-threshold)
H,NC,NC-04,2020,Regular,1,David Price,1177056.64,H6NC04037,Robert Thomas,623737.88,H0NC03248,FEC bulk (webl/weball 2016-2026),
H,NC,NC-04,2022,Regular,1,Valerie Foushee,1253021.19,H2NC06114,Courtney Geels,409981.2,H2NC13185,FEC bulk (webl/weball 2016-2026),
H,NC,NC-04,2024,Regular,1,Valerie Foushee,695097.87,H2NC06114,Eric Blankenburg,0,,FEC bulk (webl/weball 2016-2026),rep:no-fec-filings(sub-threshold)
H,NC,NC-04,2026,Upcoming,1,Valerie Foushee,912010.9,H2NC06114,Mahesh Ganorkar,11916.96,H4NC02150,FEC bulk (webl/weball 2016-2026),
H,NC,NC-05,2016,Regular,1,Josh Brannon,116145.99,H6NC02148,Virginia Foxx,1580094.72,H4NC05146,FEC bulk (webl/weball 2016-2026),
H,NC,NC-05,2018,Regular,1,DD Adams,386150.07,H8NC05063,Virginia Foxx,2355772.98,H4NC05146,FEC bulk (webl/weball 2016-2026),
H,NC,NC-05,2020,Regular,1,David Wilson Brown,61596.06,H8NC10097,Virginia Foxx,1877434.13,H4NC05146,FEC bulk (webl/weball 2016-2026),
H,NC,NC-05,2022,Regular,1,Kyle Parrish,33051.53,H2NC07203,Virginia Foxx,2208535.0,H4NC05146,FEC bulk (webl/weball 2016-2026),
H,NC,NC-05,2024,Regular,1,Chuck Hubbard,416650.34,H4NC05294,Virginia Foxx,2376260.8,H4NC05146,FEC bulk (webl/weball 2016-2026),
H,NC,NC-05,2026,Upcoming,1,Chuck Hubbard,394694.85,H4NC05294,Virginia Foxx,1662603.66,H4NC05146,FEC bulk (webl/weball 2016-2026),
H,NC,NC-06,2016,Regular,1,Pete Glidewell,95312.54,H6NC06099,Mark Walker,907920.57,H4NC06052,FEC bulk (webl/weball 2016-2026),
H,NC,NC-06,2018,Regular,1,Ryan Watts,340125.01,H8NC06079,Mark Walker,1328330.9,H4NC06052,FEC bulk (webl/weball 2016-2026),
H,NC,NC-06,2020,Regular,1,Kathy Manning,2076278.09,H8NC13067,Lee Haywood,73878.49,H0NC06241,FEC bulk (webl/weball 2016-2026),
H,NC,NC-06,2022,Regular,1,Kathy Manning,3045909.17,H8NC13067,Christian Castelli,928501.85,H2NC07161,FEC bulk (webl/weball 2016-2026),
H,NC,NC-06,2024,Regular,0,Kevin Hayes,0,,Addison McDowell,933322.68,H4NC06177,FEC bulk (webl/weball 2016-2026),dem:no-fec-filings(sub-threshold)
H,NC,NC-06,2026,Upcoming,1,Cyril Jefferson,199881.38,H6NC06164,Addison McDowell,1226407.96,H4NC06177,FEC bulk (webl/weball 2016-2026),
H,NC,NC-07,2016,Regular,1,Wesley Casteen,14888.0,H4NC07100,David Rouzer,1346086.13,H2NC07096,FEC bulk (webl/weball 2016-2026),
H,NC,NC-07,2018,Regular,1,Kyle Horton,874716.59,H8NC07101,David Rouzer,1569866.26,H2NC07096,FEC bulk (webl/weball 2016-2026),
H,NC,NC-07,2020,Regular,1,Christopher Ward,16260.36,H0NC07140,David Rouzer,1642500.38,H2NC07096,FEC bulk (webl/weball 2016-2026),
H,NC,NC-07,2022,Regular,1,Charles Graham,312709.84,H2NC09183,David Rouzer,1496207.61,H2NC07096,FEC bulk (webl/weball 2016-2026),
H,NC,NC-07,2024,Regular,1,Marlando Pridgen,0,,David Rouzer,1784469.61,H2NC07096,FEC bulk (webl/weball 2016-2026),dem:no-fec-filings(sub-threshold)
H,NC,NC-07,2026,Upcoming,1,Kimberly Hardy,293818.18,H6NC07196,David Rouzer,1990422.82,H2NC07096,FEC bulk (webl/weball 2016-2026),
H,NC,NC-08,2016,Regular,1,Thomas Mills,407264.3,H6NC08145,Richard Hudson,2098886.3,H2NC08185,FEC bulk (webl/weball 2016-2026),
H,NC,NC-08,2018,Regular,1,Frank McNeill,713853.16,H8NC08083,Richard Hudson,2503543.48,H2NC08185,FEC bulk (webl/weball 2016-2026),
H,NC,NC-08,2020,Regular,1,Patricia Timmons-Goodson,3934273.49,H0NC08254,Richard Hudson,4181801.44,H2NC08185,FEC bulk (webl/weball 2016-2026),
H,NC,NC-08,2022,Regular,1,Scott Huffman,97677.3,H8NC08109,Dan Bishop,1944620.33,H0NC09187,FEC bulk (webl/weball 2016-2026),
H,NC,NC-08,2024,Regular,1,Justin Dues,0,,Mark Harris,837984.14,H4NC08066,FEC bulk (webl/weball 2016-2026),dem:no-fec-filings(sub-threshold)
H,NC,NC-08,2026,Upcoming,1,Colby Watson,39569.45,H6NC08202,Mark Harris,1019134.43,H4NC08066,FEC bulk (webl/weball 2016-2026),
H,NC,NC-09,2016,Regular,1,Christian Cano,60264.42,H6NC09184,Robert Pittenger,1140818.29,H2NC09134,FEC bulk (webl/weball 2016-2026),
H,NC,NC-09,2018,Regular,1,Dan McCready,6671756.64,H8NC09123,Mark Harris,2163824.75,H6NC09200,FEC bulk (webl/weball 2016-2026),
H,NC,NC-09,2020,Regular,1,Cynthia Wallace,825709.6,H0NC09286,Dan Bishop,4411122.74,H0NC09187,FEC bulk (webl/weball 2016-2026),
H,NC,NC-09,2022,Regular,1,Ben Clark,171779.93,H2NC04150,Richard Hudson,3120527.33,H2NC08185,FEC bulk (webl/weball 2016-2026),
H,NC,NC-09,2024,Regular,1,Nigel William Bristow,31339.93,H4NC09171,Richard Hudson,3952795.91,H2NC08185,FEC bulk (webl/weball 2016-2026),
H,NC,NC-09,2026,Upcoming,1,Richard Ojeda,2237508.34,H6NC09218,Richard Hudson,3215341.2,H2NC08185,FEC bulk (webl/weball 2016-2026),
H,NC,NC-10,2016,Regular,1,Andy Millard,391349.83,H6NC10158,Patrick McHenry,3226166.96,H4NC10047,FEC bulk (webl/weball 2016-2026),
H,NC,NC-10,2018,Regular,1,David Wilson Brown,130009.98,H8NC10097,Patrick McHenry,3768164.83,H4NC10047,FEC bulk (webl/weball 2016-2026),
H,NC,NC-10,2020,Regular,1,David Parker,32121.46,H0NC10193,Patrick McHenry,2792231.87,H4NC10047,FEC bulk (webl/weball 2016-2026),
H,NC,NC-10,2022,Regular,1,Pam Genant,191242.75,H2NC13235,Patrick McHenry,3911761.09,H4NC10047,FEC bulk (webl/weball 2016-2026),
H,NC,NC-10,2024,Regular,1,Ralph Scott,0,,Pat Harrigan,1915655.19,H2NC13243,FEC bulk (webl/weball 2016-2026),dem:no-fec-filings(sub-threshold)
H,NC,NC-10,2026,Upcoming,1,Ashley Bell,84024.21,H6NC10174,Pat Harrigan,1081820.85,H2NC13243,FEC bulk (webl/weball 2016-2026),
H,NC,NC-11,2016,Regular,1,Rick Bryson,47956.0,H6NC11198,Mark Meadows,659568.95,H2NC11080,FEC bulk (webl/weball 2016-2026),
H,NC,NC-11,2018,Regular,1,Phillip Price,237942.85,H8NC11103,Mark Meadows,1914489.21,H2NC11080,FEC bulk (webl/weball 2016-2026),
H,NC,NC-11,2020,Regular,1,Moe Davis,2279697.25,H0NC11175,Madison Cawthorn,4718101.59,H0NC11233,FEC bulk (webl/weball 2016-2026),
H,NC,NC-11,2022,Regular,1,Jasmine Beach-Ferrara,2329161.72,H2NC11155,Chuck Edwards,1584205.79,H2NC14050,FEC bulk (webl/weball 2016-2026),
H,NC,NC-11,2024,Regular,1,Caleb Rudow,645960.29,H4NC11102,Chuck Edwards,1442893.38,H2NC14050,FEC bulk (webl/weball 2016-2026),
H,NC,NC-11,2026,Upcoming,1,Jamie Ager,3052354.24,H6NC11248,Chuck Edwards,939984.83,H2NC14050,FEC bulk (webl/weball 2016-2026),
H,NC,NC-12,2016,Regular,1,Alma Adams,928244.67,H4NC12100,Leon Threatt,41698.75,H4NC12142,FEC bulk (webl/weball 2016-2026),
H,NC,NC-12,2018,Regular,1,Alma Adams,589889.17,H4NC12100,Paul Wright,0,,FEC bulk (webl/weball 2016-2026),rep:no-fec-filings(sub-threshold)
H,NC,NC-12,2020,Regular,0,Alma Adams,841868.49,H4NC12100,,,,FEC bulk (webl/weball 2016-2026),
H,NC,NC-12,2022,Regular,1,Alma Adams,957366.44,H4NC12100,Tyler Lee,211748.03,H2NC12229,FEC bulk (webl/weball 2016-2026),
H,NC,NC-12,2024,Regular,1,Alma Adams,715498.2,H4NC12100,Addul Ali,48917.57,H4NC12175,FEC bulk (webl/weball 2016-2026),
H,NC,NC-12,2026,Upcoming,1,Alma Adams,370506.43,H4NC12100,Jack Codiga,28703.76,H6NC12113,FEC bulk (webl/weball 2016-2026),
H,NC,NC-13,2016,Regular,1,Bruce Davis,102615.18,H4NC06136,Ted Budd,611328.76,H6NC13129,FEC bulk (webl/weball 2016-2026),
H,NC,NC-13,2018,Regular,1,Kathy Manning,4211689.46,H8NC13067,Ted Budd,2432467.17,H6NC13129,FEC bulk (webl/weball 2016-2026),
H,NC,NC-13,2020,Regular,1,Scott Huffman,194333.82,H8NC08109,Ted Budd,2325418.77,H6NC13129,FEC bulk (webl/weball 2016-2026),
H,NC,NC-13,2022,Regular,1,Wiley Nickel,3717882.21,H2NC14019,Bo Hines,3286174.94,H2NC05157,FEC bulk (webl/weball 2016-2026),
H,NC,NC-13,2024,Regular,1,Frank Pierce,37167.56,H4NC13157,Brad Knott,2473895.81,H4NC13116,FEC bulk (webl/weball 2016-2026),
H,NC,NC-13,2026,Upcoming,1,Paul Barringer,1022609.78,H6NC13228,Brad Knott,1339161.32,H4NC13116,FEC bulk (webl/weball 2016-2026),
H,NC,NC-14,2022,Regular,1,Jeff Jackson,5707177.36,H2NC14076,Pat Harrigan,876228.11,H2NC13243,FEC bulk (webl/weball 2016-2026),
H,NC,NC-14,2024,Regular,1,Pam Genant,50829.38,H4NC14023,Tim Moore,2399255.27,H4NC14015,FEC bulk (webl/weball 2016-2026),
H,NC,NC-14,2026,Upcoming,1,Lakesha Womack,24888.23,H6NC14069,Tim Moore,1538952.2,H4NC14015,FEC bulk (webl/weball 2016-2026),
H,ND,ND-01,2016,Regular,1,Chase Iron Eyes,228174.97,H6ND01015,Kevin Cramer,1408240.58,H0ND01026,FEC bulk (webl/weball 2016-2026),
H,ND,ND-01,2018,Regular,1,Mac Schneider,761526.66,H8ND00112,Kelly Armstrong,1769588.98,H8ND00096,FEC bulk (webl/weball 2016-2026),
H,ND,ND-01,2020,Regular,1,Zach Raknerud,28328.42,H0ND01042,Kelly Armstrong,1273004.75,H8ND00096,FEC bulk (webl/weball 2016-2026),
H,ND,ND-01,2022,Regular,0,Cara Mund,173270.23,H2ND01022,Kelly Armstrong,2168973.38,H8ND00096,FEC bulk (webl/weball 2016-2026),
H,ND,ND-01,2024,Regular,1,Trygve Hammer,1174195.59,H4ND01044,Julie Fedorchak,1979067.01,H4ND00061,FEC bulk (webl/weball 2016-2026),
H,ND,ND-01,2026,Upcoming,1,Trygve Hammer,190063.55,H6ND01049,Julie Fedorchak,1730662.65,H4ND00061,FEC bulk (webl/weball 2016-2026),
H,NE,NE-01,2016,Regular,1,Daniel Wik,0,,Jeff Fortenberry,802661.38,H4NE01064,FEC bulk (webl/weball 2016-2026),dem:no-fec-filings(sub-threshold)
H,NE,NE-01,2018,Regular,1,Jessica McClure,72676.29,H8NE01081,Jeff Fortenberry,768884.33,H4NE01064,FEC bulk (webl/weball 2016-2026),
H,NE,NE-01,2020,Regular,1,Kate Bolz,1149035.36,H0NE01120,Jeff Fortenberry,1479931.94,H4NE01064,FEC bulk (webl/weball 2016-2026),
H,NE,NE-01,2022,Regular,1,Patty Pansing Brooks,1758459.0,H2NE01092,Mike Flood,2195050.83,H2NE01118,FEC bulk (webl/weball 2016-2026),
H,NE,NE-01,2024,Regular,1,Carol Blood,129104.43,H4NE01189,Mike Flood,2005390.45,H2NE01118,FEC bulk (webl/weball 2016-2026),
H,NE,NE-01,2026,Upcoming,1,Christopher Backemeyer,592233.09,H6NE01143,Mike Flood,2368910.23,H2NE01118,FEC bulk (webl/weball 2016-2026),
H,NE,NE-02,2016,Regular,1,Brad Ashford,2512188.38,H4NE02054,Don Bacon,1607044.1,H6NE02125,FEC bulk (webl/weball 2016-2026),
H,NE,NE-02,2018,Regular,1,Kara Eastman,2632721.91,H8NE02220,Don Bacon,2619423.56,H6NE02125,FEC bulk (webl/weball 2016-2026),
H,NE,NE-02,2020,Regular,1,Kara Eastman,4524583.42,H8NE02220,Don Bacon,3790454.61,H6NE02125,FEC bulk (webl/weball 2016-2026),
H,NE,NE-02,2022,Regular,1,Tony Vargas,3409925.52,H2NE02132,Don Bacon,3919222.53,H6NE02125,FEC bulk (webl/weball 2016-2026),
H,NE,NE-02,2024,Regular,1,Tony Vargas,7515611.35,H2NE02132,Don Bacon,6358739.35,H6NE02125,FEC bulk (webl/weball 2016-2026),
H,NE,NE-02,2026,Upcoming,1,Denise Powell,2668287.0,H6NE02174,Brinker Harding,2034386.21,H6NE02208,FEC bulk (webl/weball 2016-2026),
H,NE,NE-03,2016,Regular,0,,,,Adrian Smith,1165784.51,H6NE03115,FEC bulk (webl/weball 2016-2026),
H,NE,NE-03,2018,Regular,1,Paul Theobald,80014.33,H8NE03095,Adrian Smith,1223355.85,H6NE03115,FEC bulk (webl/weball 2016-2026),
H,NE,NE-03,2020,Regular,1,Mark Elworth,108.79,H0NE03225,Adrian Smith,1511709.3,H6NE03115,FEC bulk (webl/weball 2016-2026),
H,NE,NE-03,2022,Regular,1,David Else,0,,Adrian Smith,1709691.29,H6NE03115,FEC bulk (webl/weball 2016-2026),dem:no-fec-filings(sub-threshold)
H,NE,NE-03,2024,Regular,1,Daniel Ebers,0,,Adrian Smith,1996681.41,H6NE03115,FEC bulk (webl/weball 2016-2026),dem:no-fec-filings(sub-threshold)
H,NE,NE-03,2026,Upcoming,1,Becky Stille,55101.49,H6NE03180,Adrian Smith,1777413.53,H6NE03115,FEC bulk (webl/weball 2016-2026),
H,NH,NH-01,2016,Regular,1,Carol Shea-Porter,1537929.58,H6NH01230,Frank Guinta,1540561.73,H0NH01217,FEC bulk (webl/weball 2016-2026),
H,NH,NH-01,2018,Regular,1,Chris Pappas,2219341.71,H8NH01210,Eddie Edwards,1268155.42,H8NH01152,FEC bulk (webl/weball 2016-2026),
H,NH,NH-01,2020,Regular,1,Chris Pappas,3222282.25,H8NH01210,Matt Mowers,1766753.67,H0NH01282,FEC bulk (webl/weball 2016-2026),
H,NH,NH-01,2022,Regular,1,Chris Pappas,5163533.11,H8NH01210,Karoline Leavitt,3847795.75,H2NH01270,FEC bulk (webl/weball 2016-2026),
H,NH,NH-01,2024,Regular,1,Chris Pappas,4069100.41,H8NH01210,Russell Prescott,1505457.35,H2NH01304,FEC bulk (webl/weball 2016-2026),
H,NH,NH-01,2026,Upcoming,1,Chris Pappas,15384656.83,H8NH01210,Anthony Dilorenzo,2500777.75,H6NH01420,FEC bulk (webl/weball 2016-2026),
H,NH,NH-02,2016,Regular,1,Ann Kuster,3221019.51,H0NH02181,Jim Lawrence,105442.61,H6NH02238,FEC bulk (webl/weball 2016-2026),
H,NH,NH-02,2018,Regular,1,Ann Kuster,3372279.47,H0NH02181,Steven Negron,461905.1,H8NH02275,FEC bulk (webl/weball 2016-2026),
H,NH,NH-02,2020,Regular,1,Ann Kuster,3045110.35,H0NH02181,Steven Negron,448759.42,H8NH02275,FEC bulk (webl/weball 2016-2026),
H,NH,NH-02,2022,Regular,1,Ann Kuster,4449497.54,H0NH02181,Robert Burns,401645.82,H2NH00025,FEC bulk (webl/weball 2016-2026),
H,NH,NH-02,2024,Regular,1,Maggie Goodlander,4358978.46,H4NH02399,Lily Tang Williams,881771.24,H2NH02260,FEC bulk (webl/weball 2016-2026),
H,NH,NH-02,2026,Upcoming,1,Maggie Goodlander,4155360.22,H4NH02399,Lily Williams,1199750.37,H2NH02260,FEC bulk (webl/weball 2016-2026),
H,NJ,NJ-01,2016,Regular,1,Donald Norcross,2431549.03,H4NJ01084,Bob Patterson,213282.85,H6NJ01204,FEC bulk (webl/weball 2016-2026),
H,NJ,NJ-01,2018,Regular,1,Donald Norcross,2194158.29,H4NJ01084,Paul Dilks,13998.0,H8NJ01259,FEC bulk (webl/weball 2016-2026),
H,NJ,NJ-01,2020,Regular,1,Donald Norcross,2236982.06,H4NJ01084,Claire Gustafson,36519.78,H4NJ01118,FEC bulk (webl/weball 2016-2026),
H,NJ,NJ-01,2022,Regular,1,Donald Norcross,2168423.53,H4NJ01084,Claire Gustafson,38650.0,H4NJ01118,FEC bulk (webl/weball 2016-2026),
H,NJ,NJ-01,2024,Regular,1,Donald Norcross,2200275.83,H4NJ01084,Teddy Liddell,27218.05,H4NJ01209,FEC bulk (webl/weball 2016-2026),
H,NJ,NJ-01,2026,Upcoming,1,Donald Norcross,1657743.45,H4NJ01084,Generic Republican,0,,FEC bulk (webl/weball 2016-2026),rep:no-fec-filings(sub-threshold)
H,NJ,NJ-02,2016,Regular,1,David Cole,127884.19,H4NJ02157,Frank LoBiondo,1598321.69,H2NJ02037,FEC bulk (webl/weball 2016-2026),
H,NJ,NJ-02,2018,Regular,1,Jeff Van Drew,1897308.6,H8NJ02166,Seth Grossman,314048.06,H8NJ02232,FEC bulk (webl/weball 2016-2026),
H,NJ,NJ-02,2020,Regular,1,Amy Kennedy,5048012.05,H0NJ02171,Jefferson Van Drew,4326538.52,H8NJ02166,FEC bulk (webl/weball 2016-2026),
H,NJ,NJ-02,2022,Regular,1,Tim Alexander,502345.28,H2NJ02193,Jefferson Van Drew,3119520.28,H8NJ02166,FEC bulk (webl/weball 2016-2026),
H,NJ,NJ-02,2024,Regular,1,Joseph Salerno,1742454.22,H4NJ02207,Jefferson Van Drew,3233277.47,H8NJ02166,FEC bulk (webl/weball 2016-2026),
H,NJ,NJ-02,2026,Upcoming,1,Bayly Winder,825207.1,H6NJ02228,Jeff Van Drew,1930057.69,H8NJ02166,FEC bulk (webl/weball 2016-2026),
H,NJ,NJ-03,2016,Regular,1,Frederick John Lavergne,600.0,H4NJ03163,Thomas MacArthur,1921317.84,H4NJ03130,FEC bulk (webl/weball 2016-2026),
H,NJ,NJ-03,2018,Regular,1,Andy Kim,6439534.88,H8NJ03206,Thomas MacArthur,4784732.83,H4NJ03130,FEC bulk (webl/weball 2016-2026),
H,NJ,NJ-03,2020,Regular,1,Andy Kim,7358014.54,H8NJ03206,David Richter,1558168.65,H0NJ02155,FEC bulk (webl/weball 2016-2026),
H,NJ,NJ-03,2022,Regular,1,Andy Kim,7147162.97,H8NJ03206,Bob Healey,4713439.44,H2NJ03258,FEC bulk (webl/weball 2016-2026),
H,NJ,NJ-03,2024,Regular,1,Herb Conaway,1353247.91,H4NJ03080,Rajesh Mohan,422972.73,H4NJ03239,FEC bulk (webl/weball 2016-2026),
H,NJ,NJ-03,2026,Upcoming,1,Herb Conaway,934659.85,H4NJ03080,Jason Cullen,75695.17,H6NJ03176,FEC bulk (webl/weball 2016-2026),
H,NJ,NJ-04,2016,Regular,1,Lorna Phillipson,160233.65,H6NJ04158,Christopher Smith,728767.64,H8NJ04014,FEC bulk (webl/weball 2016-2026),
H,NJ,NJ-04,2018,Regular,1,Joshua Welle,1856255.36,H8NJ04188,Christopher Smith,1320632.79,H8NJ04014,FEC bulk (webl/weball 2016-2026),
H,NJ,NJ-04,2020,Regular,1,Stephanie Schmid,801745.25,H0NJ04151,Christopher Smith,1386941.44,H8NJ04014,FEC bulk (webl/weball 2016-2026),
H,NJ,NJ-04,2022,Regular,1,Matthew Jenkins,42545.25,H2NJ04215,Christopher Smith,1494147.31,H8NJ04014,FEC bulk (webl/weball 2016-2026),
H,NJ,NJ-04,2024,Regular,1,Matthew Jenkins,44774.79,H2NJ04215,Christopher Smith,838736.82,H8NJ04014,FEC bulk (webl/weball 2016-2026),
H,NJ,NJ-04,2026,Upcoming,1,Nicholas Small,0,,Christopher Smith,592016.19,H8NJ04014,FEC bulk (webl/weball 2016-2026),dem:no-fec-filings(sub-threshold)
H,NJ,NJ-05,2016,Regular,1,Joshua Gottheimer,4799702.17,H6NJ05171,Scott Garrett,2469908.66,H8NJ05052,FEC bulk (webl/weball 2016-2026),
H,NJ,NJ-05,2018,Regular,1,Josh Gottheimer,7000275.53,H6NJ05171,John McCann,937707.84,H8NJ05136,FEC bulk (webl/weball 2016-2026),
H,NJ,NJ-05,2020,Regular,1,Josh Gottheimer,7799293.92,H6NJ05171,Frank Pallotta,2100505.21,H0NJ05174,FEC bulk (webl/weball 2016-2026),
H,NJ,NJ-05,2022,Regular,1,Josh Gottheimer,8856162.22,H6NJ05171,Frank Pallotta,982795.94,H0NJ05174,FEC bulk (webl/weball 2016-2026),
H,NJ,NJ-05,2024,Regular,1,Josh Gottheimer,10246423.95,H6NJ05171,Mary Jo Guinchard,330121.09,H4NJ05150,FEC bulk (webl/weball 2016-2026),
H,NJ,NJ-05,2026,Upcoming,1,Josh Gottheimer,4765145.35,H6NJ05171,Mary Guinchard,117995.41,H4NJ05150,FEC bulk (webl/weball 2016-2026),
H,NJ,NJ-06,2016,Regular,1,Frank Pallone,2415229.49,H8NJ03073,Brent Sonnek-Schmelz,75784.4,H6NJ06229,FEC bulk (webl/weball 2016-2026),
H,NJ,NJ-06,2018,Regular,1,Frank Pallone,2810634.88,H8NJ03073,Richard Pezzullo,108375.0,H8NJ10110,FEC bulk (webl/weball 2016-2026),
H,NJ,NJ-06,2020,Regular,1,Frank Pallone,3240051.35,H8NJ03073,Christian Onuoha,0,,FEC bulk (webl/weball 2016-2026),rep:no-fec-filings(sub-threshold)
H,NJ,NJ-06,2022,Regular,1,Frank Pallone,3144739.98,H8NJ03073,Susan Kiley,399477.05,H2NJ06228,FEC bulk (webl/weball 2016-2026),
H,NJ,NJ-06,2024,Regular,1,Frank Pallone,3462887.15,H8NJ03073,Scott Fegler,109023.45,H4NJ06133,FEC bulk (webl/weball 2016-2026),
H,NJ,NJ-06,2026,Upcoming,1,Frank Pallone,2214836.98,H8NJ03073,Hillary Herzig,7645.12,H6NJ06286,FEC bulk (webl/weball 2016-2026),
H,NJ,NJ-07,2016,Regular,1,Peter Jacob,320853.43,H6NJ07151,Leonard Lance,1120242.4,H6NJ12136,FEC bulk (webl/weball 2016-2026),
H,NJ,NJ-07,2018,Regular,1,Tom Malinowski,6306928.1,H8NJ07223,Leonard Lance,2650511.07,H6NJ12136,FEC bulk (webl/weball 2016-2026),
H,NJ,NJ-07,2020,Regular,1,Tom Malinowski,7494242.57,H8NJ07223,Thomas Kean,3934329.98,H0NJ07261,FEC bulk (webl/weball 2016-2026),
H,NJ,NJ-07,2022,Regular,1,Tom Malinowski,8978834.0,H8NJ07223,Thomas Kean,4476737.53,H0NJ07261,FEC bulk (webl/weball 2016-2026),
H,NJ,NJ-07,2024,Regular,1,Sue Altman,6252517.05,H4NJ07107,Thomas Kean,6023132.92,H0NJ07261,FEC bulk (webl/weball 2016-2026),
H,NJ,NJ-07,2026,Upcoming,1,Rebecca Bennett,4272033.75,H6NJ07201,Thomas Kean,4892806.59,H0NJ07261,FEC bulk (webl/weball 2016-2026),
H,NJ,NJ-08,2016,Regular,1,Albio Sires,635397.21,H6NJ13191,Agha Khan,0,,FEC bulk (webl/weball 2016-2026),rep:no-fec-filings(sub-threshold)
H,NJ,NJ-08,2018,Regular,1,Albio Sires,460108.57,H6NJ13191,John Muniz,5953.72,H8NJ08080,FEC bulk (webl/weball 2016-2026),
H,NJ,NJ-08,2020,Regular,1,Albio Sires,605810.03,H6NJ13191,Jason Todd Mushnick,0,,FEC bulk (webl/weball 2016-2026),rep:no-fec-filings(sub-threshold)
H,NJ,NJ-08,2022,Regular,1,Robert Menendez,1752969.49,H2NJ08232,Marcos Arroyo,0,,FEC bulk (webl/weball 2016-2026),rep:no-fec-filings(sub-threshold)
H,NJ,NJ-08,2024,Regular,1,Robert Menendez,2384982.94,H2NJ08232,Anthony Valdes,7559.58,H4NJ08121,FEC bulk (webl/weball 2016-2026),
H,NJ,NJ-08,2026,Upcoming,1,Robert Menendez,1958765.95,H2NJ08232,Generic Republican,0,,FEC bulk (webl/weball 2016-2026),rep:no-fec-filings(sub-threshold)
H,NJ,NJ-09,2016,Regular,1,Bill Pascrell,1743985.39,H6NJ08118,Hector Castillo,99778.6,H6NJ09231,FEC bulk (webl/weball 2016-2026),
H,NJ,NJ-09,2018,Regular,1,Bill Pascrell,1717516.39,H6NJ08118,Eric Fisher,0,,FEC bulk (webl/weball 2016-2026),rep:no-fec-filings(sub-threshold)
H,NJ,NJ-09,2020,Regular,1,Bill Pascrell,1607398.33,H6NJ08118,Billy Prempeh,44268.95,H0NJ09200,FEC bulk (webl/weball 2016-2026),
H,NJ,NJ-09,2022,Regular,1,Bill Pascrell,1577229.24,H6NJ08118,Billy Prempeh,309125.35,H0NJ09200,FEC bulk (webl/weball 2016-2026),
H,NJ,NJ-09,2024,Regular,1,Nellie Pou,642843.46,H4NJ09194,Billy Prempeh,49755.61,H0NJ09200,FEC bulk (webl/weball 2016-2026),
H,NJ,NJ-09,2026,Upcoming,1,Nellie Pou,2661928.16,H4NJ09194,Rosemary Pino,437828.66,H6NJ09264,FEC bulk (webl/weball 2016-2026),
H,NJ,NJ-10,2016,Regular,1,Donald Payne,538946.11,H2NJ10154,David Pinckney,0,,FEC bulk (webl/weball 2016-2026),rep:no-fec-filings(sub-threshold)
H,NJ,NJ-10,2018,Regular,1,Donald Payne,538431.11,H2NJ10154,Agha Khan,0,,FEC bulk (webl/weball 2016-2026),rep:no-fec-filings(sub-threshold)
H,NJ,NJ-10,2020,Regular,1,Donald Payne,593734.97,H2NJ10154,Jennifer Zinone,0,,FEC bulk (webl/weball 2016-2026),rep:no-fec-filings(sub-threshold)
H,NJ,NJ-10,2022,Regular,1,Donald Payne,1375799.76,H2NJ10154,David Pinckney,0,,FEC bulk (webl/weball 2016-2026),rep:no-fec-filings(sub-threshold)
H,NJ,NJ-10,2024,Regular,1,LaMonica McIver,647863.29,H4NJ10176,Carmen Bucco,20817.07,H4NJ10135,FEC bulk (webl/weball 2016-2026),
H,NJ,NJ-10,2026,Upcoming,1,LaMonica McIver,2136938.35,H4NJ10176,Carmen Bucco,2270.33,H4NJ10135,FEC bulk (webl/weball 2016-2026),
H,NJ,NJ-11,2016,Regular,1,Joseph Wenzel,0,,Rodney Frelinghuysen,1994556.82,H2NJ05014,FEC bulk (webl/weball 2016-2026),dem:no-fec-filings(sub-threshold)
H,NJ,NJ-11,2018,Regular,1,Mikie Sherrill,8610281.63,H8NJ11142,Jay Webber,1669131.56,H8NJ11217,FEC bulk (webl/weball 2016-2026),
H,NJ,NJ-11,2020,Regular,1,Mikie Sherrill,6494469.85,H8NJ11142,Rosemary Becchi,1698564.62,H0NJ07279,FEC bulk (webl/weball 2016-2026),
H,NJ,NJ-11,2022,Regular,1,Mikie Sherrill,6328539.87,H8NJ11142,Paul DeGroot,710058.5,H2NJ11186,FEC bulk (webl/weball 2016-2026),
H,NJ,NJ-11,2024,Regular,1,Mikie Sherrill,4557540.15,H8NJ11142,Joseph Belnome,235275.8,H4NJ11141,FEC bulk (webl/weball 2016-2026),
H,NJ,NJ-11,2026,Upcoming,1,Democratic Candidate,0,,Joe Hathaway,657711.0,H6NJ11211,FEC bulk (webl/weball 2016-2026),dem:no-fec-filings(sub-threshold)
H,NJ,NJ-12,2016,Regular,1,Bonnie Watson Coleman,1102180.85,H4NJ12149,Steven Uccio,0,,FEC bulk (webl/weball 2016-2026),rep:no-fec-filings(sub-threshold)
H,NJ,NJ-12,2018,Regular,1,Bonnie Watson Coleman,916386.21,H4NJ12149,Daryl Kipnis,24783.35,H8NJ12108,FEC bulk (webl/weball 2016-2026),
H,NJ,NJ-12,2020,Regular,1,Bonnie Watson Coleman,806729.36,H4NJ12149,Mark Razzoli,3065.2,H0NJ12204,FEC bulk (webl/weball 2016-2026),
H,NJ,NJ-12,2022,Regular,1,Bonnie Watson Coleman,930457.44,H4NJ12149,Darius Mayfield,266328.89,H2NJ12127,FEC bulk (webl/weball 2016-2026),
H,NJ,NJ-12,2024,Regular,1,Bonnie Watson Coleman,955739.86,H4NJ12149,Darius Mayfield,71530.15,H2NJ12127,FEC bulk (webl/weball 2016-2026),
H,NJ,NJ-12,2026,Upcoming,1,Brad Cohen,866523.18,H6NJ12268,Gregg Mele,79424.92,H2NJ06210,FEC bulk (webl/weball 2016-2026),
H,NM,NM-01,2016,Regular,1,Michelle Lujan Grisham,1885721.53,H8NM01257,Richard Gregory Priem,0,,FEC bulk (webl/weball 2016-2026),rep:no-fec-filings(sub-threshold)
H,NM,NM-01,2018,Regular,1,Debra Haaland,2207240.87,H8NM01331,Janice Arnold-Jones,319022.65,H8NM01372,FEC bulk (webl/weball 2016-2026),
H,NM,NM-01,2020,Regular,1,Debra Haaland,2274489.29,H8NM01331,Michelle Garcia Holmes,395288.32,H0NM01189,FEC bulk (webl/weball 2016-2026),
H,NM,NM-01,2022,Regular,1,Melanie Stansbury,3570362.65,H2NM01144,Michelle Garcia Holmes,391731.56,H0NM01189,FEC bulk (webl/weball 2016-2026),
H,NM,NM-01,2024,Regular,1,Melanie Stansbury,1353281.0,H2NM01144,Steve Jones,216986.63,H4NM01140,FEC bulk (webl/weball 2016-2026),
H,NM,NM-01,2026,Upcoming,1,Melanie Stansbury,1353563.52,H2NM01144,Steve Jones,672.59,H4NM01140,FEC bulk (webl/weball 2016-2026),
H,NM,NM-02,2016,Regular,1,Merrie Lee Soules,405438.89,H6NM02101,Stevan Pearce,1860536.25,H2NM02126,FEC bulk (webl/weball 2016-2026),
H,NM,NM-02,2018,Regular,1,Xochitl Torres Small,4810435.04,H8NM02248,Yvette Herrell,1511999.34,H8NM02156,FEC bulk (webl/weball 2016-2026),
H,NM,NM-02,2020,Regular,1,Xochitl Torres Small,8479218.21,H8NM02248,Yvette Herrell,2868121.64,H8NM02156,FEC bulk (webl/weball 2016-2026),
H,NM,NM-02,2022,Regular,1,Gabriel Vasquez,3687697.99,H2NM02191,Yvette Herrell,4431274.96,H8NM02156,FEC bulk (webl/weball 2016-2026),
H,NM,NM-02,2024,Regular,1,Gabe Vasquez,7040626.0,H2NM02191,Yvette Herrell,4475628.35,H8NM02156,FEC bulk (webl/weball 2016-2026),
H,NM,NM-02,2026,Upcoming,1,Gabe Vasquez,3784102.3,H2NM02191,Jose Orozco,218754.52,H6NM02135,FEC bulk (webl/weball 2016-2026),
H,NM,NM-03,2016,Regular,1,Ben Ray Luján,2108972.55,H8NM03196,Michael Romero,98903.73,H6NM03067,FEC bulk (webl/weball 2016-2026),
H,NM,NM-03,2018,Regular,1,Ben Ray Luján,1963783.67,H8NM03196,Jerald Steve McFall,0,,FEC bulk (webl/weball 2016-2026),rep:no-fec-filings(sub-threshold)
H,NM,NM-03,2020,Regular,1,Teresa Leger Fernandez,8375.5,H2NM01227,Alexis Johnson,156175.45,H0NM03201,FEC bulk (webl/weball 2016-2026),dem:late-filing
H,NM,NM-03,2022,Regular,1,Teresa Leger Fernandez,3130245.38,H0NM03102,Alexis Martinez Johnson,303535.55,H2NM03173,FEC bulk (webl/weball 2016-2026),
H,NM,NM-03,2024,Regular,1,Teresa Leger Fernandez,2123599.55,H0NM03102,Sharon Clahchischilliage,87912.28,H4NM03096,FEC bulk (webl/weball 2016-2026),
H,NM,NM-03,2026,Upcoming,1,Teresa Leger Fernandez,1249948.86,H0NM03102,Martin Zamora,440623.09,H6NM03083,FEC bulk (webl/weball 2016-2026),
H,NV,NV-01,2016,Regular,1,Dina Titus,952070.38,H8NV03036,Mary Perry,31504.87,H6NV01208,FEC bulk (webl/weball 2016-2026),
H,NV,NV-01,2018,Regular,1,Dina Titus,755128.78,H8NV03036,Joyce Bentley,0,,FEC bulk (webl/weball 2016-2026),rep:no-fec-filings(sub-threshold)
H,NV,NV-01,2020,Regular,1,Dina Titus,708252.89,H8NV03036,Joyce Bentley,0,,FEC bulk (webl/weball 2016-2026),rep:no-fec-filings(sub-threshold)
H,NV,NV-01,2022,Regular,1,Dina Titus,3392335.34,H8NV03036,Mark Robertson,1337673.46,H2NV03153,FEC bulk (webl/weball 2016-2026),
H,NV,NV-01,2024,Regular,1,Dina Titus,2436548.88,H8NV03036,Mark Robertson,401643.87,H2NV03153,FEC bulk (webl/weball 2016-2026),
H,NV,NV-01,2026,Upcoming,1,Dina Titus,1537358.1,H8NV03036,Carrie Buck,1915057.97,H6NV01331,FEC bulk (webl/weball 2016-2026),
H,NV,NV-02,2016,Regular,1,Chip Evans,209819.06,H6NV02248,Mark Amodei,870349.56,H2NV02395,FEC bulk (webl/weball 2016-2026),
H,NV,NV-02,2018,Regular,1,Clint Koble,161796.18,H8NV02095,Mark Amodei,1253236.34,H2NV02395,FEC bulk (webl/weball 2016-2026),
H,NV,NV-02,2020,Regular,1,Patricia Ackerman,460835.25,H0NV02209,Mark Amodei,1080122.16,H2NV02395,FEC bulk (webl/weball 2016-2026),
H,NV,NV-02,2022,Regular,1,Elizabeth Mercedes Krause,52232.79,H2NV02551,Mark Amodei,1219752.54,H2NV02395,FEC bulk (webl/weball 2016-2026),
H,NV,NV-02,2024,Regular,0,Greg Kidd,9201825.03,H4NV02185,Mark Amodei,1297832.06,H2NV02395,FEC bulk (webl/weball 2016-2026),
H,NV,NV-02,2026,Upcoming,1,Matthew Fonken,91863.73,H6NV02297,Mark Amodei,525367.7,H2NV02395,FEC bulk (webl/weball 2016-2026),
H,NV,NV-03,2016,Regular,1,Jacky Rosen,1730753.77,H6NV03139,Danny Tarkanian,2081375.71,H2NV04045,FEC bulk (webl/weball 2016-2026),
H,NV,NV-03,2018,Regular,1,Susie Lee,5087840.82,H6NV04020,Danny Tarkanian,2517336.84,H2NV04045,FEC bulk (webl/weball 2016-2026),
H,NV,NV-03,2020,Regular,1,Susie Lee,4797552.81,H6NV04020,Big Dan Rodimer,3152055.95,H0NV03132,FEC bulk (webl/weball 2016-2026),
H,NV,NV-03,2022,Regular,1,Susie Lee,6337405.99,H6NV04020,April Becker,2488761.16,H2NV03161,FEC bulk (webl/weball 2016-2026),
H,NV,NV-03,2024,Regular,1,Susie Lee,6071959.21,H6NV04020,Drew Johnson,1506098.9,H4NV03167,FEC bulk (webl/weball 2016-2026),
H,NV,NV-03,2026,Upcoming,1,Susie Lee,4401421.35,H6NV04020,Marty O'Donnell,4055410.28,H6NV03204,FEC bulk (webl/weball 2016-2026),
H,NV,NV-04,2016,Regular,1,Ruben Kihuen,2248239.36,H2NV00050,Cresent Hardy,1892629.38,H4NV04017,FEC bulk (webl/weball 2016-2026),
H,NV,NV-04,2018,Regular,1,Steven Horsford,2283287.27,H2NV04011,Cresent Hardy,903033.08,H8NV04059,FEC bulk (webl/weball 2016-2026),
H,NV,NV-04,2020,Regular,1,Steven Horsford,3516730.34,H2NV04011,Jim Marchant,1594081.93,H0NV04015,FEC bulk (webl/weball 2016-2026),
H,NV,NV-04,2022,Regular,1,Steven Horsford,4956048.45,H2NV04011,Sam Peters,1964059.59,H0NV04023,FEC bulk (webl/weball 2016-2026),
H,NV,NV-04,2024,Regular,1,Steven Horsford,5441412.69,H2NV04011,John Lee,1677950.55,H4NV04116,FEC bulk (webl/weball 2016-2026),
H,NV,NV-04,2026,Upcoming,1,Steven Horsford,3350562.82,H2NV04011,David Flippo,2275392.31,H4NV04108,FEC bulk (webl/weball 2016-2026),
H,NY,NY-01,2016,Regular,1,Anna Throne-Holst,3897881.86,H6NY01126,Lee Zeldin,4412494.79,H8NY01148,FEC bulk (webl/weball 2016-2026),
H,NY,NY-01,2018,Regular,1,Perry Gershon,5075781.84,H8NY01155,Lee Zeldin,4485878.94,H8NY01148,FEC bulk (webl/weball 2016-2026),
H,NY,NY-01,2020,Regular,1,Nancy Goroff,7941633.19,H0NY01186,Lee Zeldin,8429429.05,H8NY01148,FEC bulk (webl/weball 2016-2026),
H,NY,NY-01,2022,Regular,1,Bridget Fleming,2690504.26,H0NY01202,Nicholas LaLota,1551713.01,H2NY01190,FEC bulk (webl/weball 2016-2026),rep:api-backfill
H,NY,NY-01,2024,Regular,1,John Avlon,5298299.52,H4NY01204,Nick LaLota,4271171.67,H2NY01190,FEC bulk (webl/weball 2016-2026),rep:api-backfill
H,NY,NY-01,2026,Upcoming,1,Christopher Gallant,647598.19,H6NY01159,Nick LaLota,3795307.23,H2NY01190,FEC bulk (webl/weball 2016-2026),rep:api-backfill
H,NY,NY-02,2016,Regular,1,DuWayne Gregory,376956.35,H6NY02124,Peter King,1066997.59,H2NY03089,FEC bulk (webl/weball 2016-2026),
H,NY,NY-02,2018,Regular,1,Liuba Grechen Shirley,1979326.23,H8NY02104,Peter King,1335477.48,H2NY03089,FEC bulk (webl/weball 2016-2026),
H,NY,NY-02,2020,Regular,1,Jackie Gordon,4380059.16,H0NY02192,Andrew Garbarino,1796629.64,H0NY02234,FEC bulk (webl/weball 2016-2026),
H,NY,NY-02,2022,Regular,1,Jackie Gordon,1752171.46,H0NY02192,Andrew Garbarino,3551116.76,H0NY02234,FEC bulk (webl/weball 2016-2026),
H,NY,NY-02,2024,Regular,1,Rob Lubin,1036037.9,H4NY02087,Andrew Garbarino,3863201.83,H0NY02234,FEC bulk (webl/weball 2016-2026),
H,NY,NY-02,2026,Upcoming,1,Patrick Halpin,461848.14,H6NY02140,Andrew Garbarino,3513016.04,H0NY02234,FEC bulk (webl/weball 2016-2026),
H,NY,NY-03,2016,Regular,1,Thomas Suozzi,2410013.78,H6NY03247,Jack Martins,1179479.64,H6NY03197,FEC bulk (webl/weball 2016-2026),
H,NY,NY-03,2018,Regular,1,Thomas Suozzi,2741694.89,H6NY03247,Dan DeBono,454278.18,H8NY03151,FEC bulk (webl/weball 2016-2026),
H,NY,NY-03,2020,Regular,1,Thomas Suozzi,2960576.85,H6NY03247,George Santos,706180.93,,FEC bulk (webl/weball 2016-2026),"rep:no-fec-filings(sub-threshold); rep receipts via FEC API — files as ""DEVOLDER-SANTOS, GEORGE ANTHONY"" (bulk name match missed it)"
H,NY,NY-03,2022,Regular,1,Robert Zimmerman,3181505.62,H2NY03188,George Santos,3000675.52,,FEC bulk (webl/weball 2016-2026),"rep:no-fec-filings(sub-threshold); rep receipts via FEC API — files as ""DEVOLDER-SANTOS, GEORGE ANTHONY"" (bulk name match missed it)"
H,NY,NY-03,2024,Regular,1,Thomas Suozzi,9646883.39,H6NY03247,Michael LiPetri,970547.97,H0NY02267,FEC bulk (webl/weball 2016-2026),
H,NY,NY-03,2026,Upcoming,1,Thomas Suozzi,5456697.74,H6NY03247,Gregory Hach,675501.13,H4NY03192,FEC bulk (webl/weball 2016-2026),
H,NY,NY-04,2016,Regular,1,Kathleen Rice,2119648.91,H4NY04075,David Gurfein,451163.28,H6NY03171,FEC bulk (webl/weball 2016-2026),
H,NY,NY-04,2018,Regular,1,Kathleen Rice,1434531.95,H4NY04075,Ameer Benno,50169.0,H8NY04084,FEC bulk (webl/weball 2016-2026),
H,NY,NY-04,2020,Regular,1,Kathleen Rice,1124280.24,H4NY04075,Douglas Tuman,136166.18,H0NY04156,FEC bulk (webl/weball 2016-2026),
H,NY,NY-04,2022,Regular,1,Laura Gillen,1832377.75,H2NY04244,Anthony D'Esposito,1325986.26,H2NY04277,FEC bulk (webl/weball 2016-2026),
H,NY,NY-04,2024,Regular,1,Laura Gillen,4.89,H2NY04244,Anthony D'Esposito,4644841.34,H2NY04277,FEC bulk (webl/weball 2016-2026),
H,NY,NY-04,2026,Upcoming,1,Laura Gillen,5097222.15,H2NY04244,Marvin Suber Williams,137263.18,H6NY04195,FEC bulk (webl/weball 2016-2026),
H,NY,NY-05,2016,Regular,1,Gregory Meeks,990039.17,H8NY06048,Michael O'Reilly,47458.0,H6NY05077,FEC bulk (webl/weball 2016-2026),
H,NY,NY-05,2018,Regular,0,Gregory Meeks,1030879.34,H8NY06048,,,,FEC bulk (webl/weball 2016-2026),
H,NY,NY-05,2020,Regular,0,Gregory Meeks,2126017.21,H8NY06048,,,,FEC bulk (webl/weball 2016-2026),
H,NY,NY-05,2022,Regular,1,Gregory Meeks,2704713.24,H8NY06048,Paul King,130038.17,H2NY05126,FEC bulk (webl/weball 2016-2026),
H,NY,NY-05,2024,Regular,1,Gregory Meeks,3048026.76,H8NY06048,Paul King,48325.36,H2NY05126,FEC bulk (webl/weball 2016-2026),
H,NY,NY-05,2026,Upcoming,1,Gregory Meeks,1744887.54,H8NY06048,Aaron Cherry,0,,FEC bulk (webl/weball 2016-2026),rep:no-fec-filings(sub-threshold)
H,NY,NY-06,2016,Regular,1,Grace Meng,1257531.33,H2NY06116,Danniel Maio,0,,FEC bulk (webl/weball 2016-2026),rep:no-fec-filings(sub-threshold)
H,NY,NY-06,2018,Regular,0,Grace Meng,1334791.29,H2NY06116,Thomas Hillgardner,0,,FEC bulk (webl/weball 2016-2026),rep:no-fec-filings(sub-threshold)
H,NY,NY-06,2020,Regular,1,Grace Meng,1296240.64,H2NY06116,Thomas Zmich,135303.4,H0NY06086,FEC bulk (webl/weball 2016-2026),
H,NY,NY-06,2022,Regular,1,Grace Meng,1615242.9,H2NY06116,Thomas Zmich,2405.87,H0NY06086,FEC bulk (webl/weball 2016-2026),
H,NY,NY-06,2024,Regular,1,Grace Meng,2097459.33,H2NY06116,Thomas Zmich,7250.99,H0NY06086,FEC bulk (webl/weball 2016-2026),
H,NY,NY-06,2026,Upcoming,1,Grace Meng,2033044.64,H2NY06116,Juan Pagan,0,,FEC bulk (webl/weball 2016-2026),rep:no-fec-filings(sub-threshold)
H,NY,NY-07,2016,Regular,1,Nydia Velázquez,772106.48,H2NY00010,Allan Romaguera,0,,FEC bulk (webl/weball 2016-2026),rep:no-fec-filings(sub-threshold)
H,NY,NY-07,2018,Regular,0,Nydia Velázquez,1002969.41,H2NY00010,Joseph Lieberman,0,,FEC bulk (webl/weball 2016-2026),rep:no-fec-filings(sub-threshold)
H,NY,NY-07,2020,Regular,1,Nydia Velázquez,821446.14,H2NY00010,Brian Kelly,0,,FEC bulk (webl/weball 2016-2026),rep:no-fec-filings(sub-threshold)
H,NY,NY-07,2022,Regular,1,Nydia Velázquez,603354.96,H2NY00010,Juan Pagan,0,,FEC bulk (webl/weball 2016-2026),rep:no-fec-filings(sub-threshold)
H,NY,NY-07,2024,Regular,1,Nydia Velázquez,472587.1,H2NY00010,Bill Kregler,18245.55,H4NY07128,FEC bulk (webl/weball 2016-2026),
H,NY,NY-07,2026,Upcoming,1,Antonio Reynoso,1013106.57,H6NY07164,Generic Republican,0,,FEC bulk (webl/weball 2016-2026),rep:no-fec-filings(sub-threshold)
H,NY,NY-08,2016,Regular,0,Hakeem Jeffries,1294870.12,H2NY10092,Daniel Cavanagh,0,,FEC bulk (webl/weball 2016-2026),rep:no-fec-filings(sub-threshold)
H,NY,NY-08,2018,Regular,0,Hakeem Jeffries,1744152.95,H2NY10092,Ernest Johnson,0,,FEC bulk (webl/weball 2016-2026),rep:no-fec-filings(sub-threshold)
H,NY,NY-08,2020,Regular,1,Hakeem Jeffries,4201480.15,H2NY10092,Garfield Wallace,0,,FEC bulk (webl/weball 2016-2026),rep:no-fec-filings(sub-threshold)
H,NY,NY-08,2022,Regular,1,Hakeem Jeffries,6037499.66,H2NY10092,Yuri Dashevsky,19970.31,H2NY08187,FEC bulk (webl/weball 2016-2026),
H,NY,NY-08,2024,Regular,1,Hakeem Jeffries,22977197.34,H2NY10092,John Delaney,0,,FEC bulk (webl/weball 2016-2026),rep:no-fec-filings(sub-threshold)
H,NY,NY-08,2026,Upcoming,1,Hakeem Jeffries,14899980.61,H2NY10092,Richard Simmons,0,,FEC bulk (webl/weball 2016-2026),rep:no-fec-filings(sub-threshold)
H,NY,NY-09,2016,Regular,0,Yvette Clarke,685410.46,H4NY11138,Alan Bellone,0,,FEC bulk (webl/weball 2016-2026),rep:no-fec-filings(sub-threshold)
H,NY,NY-09,2018,Regular,1,Yvette Clarke,1092047.31,H4NY11138,Lutchi Gayot,3875.0,H8NY09174,FEC bulk (webl/weball 2016-2026),
H,NY,NY-09,2020,Regular,1,Yvette Clarke,1215128.7,H4NY11138,Constantine Jean-Pierre,0,,FEC bulk (webl/weball 2016-2026),rep:no-fec-filings(sub-threshold)
H,NY,NY-09,2022,Regular,0,Yvette Clarke,796961.26,H4NY11138,Menachem Raitport,0,,FEC bulk (webl/weball 2016-2026),rep:no-fec-filings(sub-threshold)
H,NY,NY-09,2024,Regular,1,Yvette Clarke,1108983.72,H4NY11138,Menachem Raitport,0,,FEC bulk (webl/weball 2016-2026),rep:no-fec-filings(sub-threshold)
H,NY,NY-09,2026,Upcoming,1,Yvette Clarke,1013953.29,H4NY11138,Jean Depalis,10465.09,H6NY09160,FEC bulk (webl/weball 2016-2026),
H,NY,NY-10,2016,Regular,1,Jerrold Nadler,1611448.37,H2NY17071,Philip Rosenthal,74397.61,H6NY10119,FEC bulk (webl/weball 2016-2026),
H,NY,NY-10,2018,Regular,1,Jerrold Nadler,1471204.74,H2NY17071,Naomi Levin,82474.0,H8NY10099,FEC bulk (webl/weball 2016-2026),
H,NY,NY-10,2020,Regular,1,Jerrold Nadler,1858773.82,H2NY17071,Cathy Bernstein,49974.75,H0NY10112,FEC bulk (webl/weball 2016-2026),
H,NY,NY-10,2022,Regular,1,Daniel Goldman,7142852.46,H2NY10308,Benine Hamdan,25027.8,H2NY10134,FEC bulk (webl/weball 2016-2026),
H,NY,NY-10,2024,Regular,1,Daniel Goldman,3659240.76,H2NY10308,Alexander Dodenhoff,7331.71,H4NY10155,FEC bulk (webl/weball 2016-2026),
H,NY,NY-10,2026,Upcoming,1,Daniel Goldman,8365109.43,H2NY10308,Gavin Solomon,0,,FEC bulk (webl/weball 2016-2026),rep:no-fec-filings(sub-threshold)
H,NY,NY-11,2016,Regular,1,Richard Reichard,32149.08,H6NY11216,Daniel Donovan,1993452.67,H6NY11174,FEC bulk (webl/weball 2016-2026),
H,NY,NY-11,2018,Regular,1,Max Rose,4679140.33,H8NY11113,Daniel Donovan,2605455.11,H6NY11174,FEC bulk (webl/weball 2016-2026),
H,NY,NY-11,2020,Regular,1,Max Rose,9323126.22,H8NY11113,Nicole Malliotakis,3506503.67,H0NY11078,FEC bulk (webl/weball 2016-2026),
H,NY,NY-11,2022,Regular,1,Max Rose,4099084.97,H2NY11140,Nicole Malliotakis,4642144.71,H0NY11078,FEC bulk (webl/weball 2016-2026),
H,NY,NY-11,2024,Regular,1,Andrea Morse,273868.12,H4NY11211,Nicole Malliotakis,3371724.78,H0NY11078,FEC bulk (webl/weball 2016-2026),
H,NY,NY-11,2026,Upcoming,1,Troy McGhie,79596.72,H6NY11232,Nicole Malliotakis,2750505.08,H0NY11078,FEC bulk (webl/weball 2016-2026),
H,NY,NY-12,2016,Regular,1,Carolyn Maloney,1690309.28,H2NY14037,Robert Ardini,0,,FEC bulk (webl/weball 2016-2026),rep:no-fec-filings(sub-threshold)
H,NY,NY-12,2018,Regular,1,Carolyn Maloney,2057782.1,H2NY14037,Eliot Rabin,35701.57,H8NY12145,FEC bulk (webl/weball 2016-2026),
H,NY,NY-12,2020,Regular,1,Carolyn Maloney,3069723.16,H2NY14037,Carlos Santiago-Cano,0,,FEC bulk (webl/weball 2016-2026),rep:no-fec-filings(sub-threshold)
H,NY,NY-12,2022,Regular,1,Jerrold Nadler,2325709.69,H2NY17071,Michael Zumbluskas,19176.52,H2NY12221,FEC bulk (webl/weball 2016-2026),
H,NY,NY-12,2024,Regular,1,Jerrold Nadler,1189675.18,H2NY17071,Michael Zumbluskas,0.0,H2NY12221,FEC bulk (webl/weball 2016-2026),
H,NY,NY-12,2026,Upcoming,1,Alexander Bores,3991277.92,H6NY12214,Amy Jordan,58896.52,H6NY12263,FEC bulk (webl/weball 2016-2026),
H,NY,NY-13,2016,Regular,1,Adriano Espaillat,862663.79,H2NY13096,Robert Evans,0,,FEC bulk (webl/weball 2016-2026),rep:no-fec-filings(sub-threshold)
H,NY,NY-13,2018,Regular,1,Adriano Espaillat,826376.43,H2NY13096,Jineea Butler,5927.73,H8NY13150,FEC bulk (webl/weball 2016-2026),
H,NY,NY-13,2020,Regular,1,Adriano Espaillat,1090539.1,H2NY13096,Lovelynn Gwinn,41348.2,H0NY13165,FEC bulk (webl/weball 2016-2026),
H,NY,NY-13,2022,Regular,0,Adriano Espaillat,1299464.22,H2NY13096,,,,FEC bulk (webl/weball 2016-2026),
H,NY,NY-13,2024,Regular,1,Adriano Espaillat,1373169.59,H2NY13096,Ruben Vargas,0,,FEC bulk (webl/weball 2016-2026),rep:no-fec-filings(sub-threshold)
H,NY,NY-13,2026,Upcoming,1,Adriano Espaillat,2856233.73,H2NY13096,Generic Republican,0,,FEC bulk (webl/weball 2016-2026),rep:no-fec-filings(sub-threshold)
H,NY,NY-14,2016,Regular,1,Joseph Crowley,3023443.91,H8NY07046,Frank Spotorno,150224.1,H6NY14244,FEC bulk (webl/weball 2016-2026),
H,NY,NY-14,2018,Regular,1,Alexandria Ocasio-Cortez,2147896.37,H8NY15148,Anthony Pappas,8161.0,H8NY14133,FEC bulk (webl/weball 2016-2026),
H,NY,NY-14,2020,Regular,1,Alexandria Ocasio-Cortez,21166404.22,H8NY15148,John Cummings,11208556.71,H0NY14296,FEC bulk (webl/weball 2016-2026),
H,NY,NY-14,2022,Regular,1,Alexandria Ocasio-Cortez,12471242.79,H8NY15148,Tina Forte,1540477.62,H2NY14128,FEC bulk (webl/weball 2016-2026),
H,NY,NY-14,2024,Regular,1,Alexandria Ocasio-Cortez,15299235.57,H8NY15148,Tina Forte,1922536.14,H2NY14128,FEC bulk (webl/weball 2016-2026),
H,NY,NY-14,2026,Upcoming,1,Alexandria Ocasio-Cortez,32607753.66,H8NY15148,Tina Forte,803140.69,H2NY14128,FEC bulk (webl/weball 2016-2026),
H,NY,NY-15,2016,Regular,1,José Serrano,276468.99,H0NY18065,Alejandro Vega,0,,FEC bulk (webl/weball 2016-2026),rep:no-fec-filings(sub-threshold)
H,NY,NY-15,2018,Regular,1,José Serrano,261011.19,H0NY18065,Jason Gonzalez,0,,FEC bulk (webl/weball 2016-2026),rep:api-backfill:confirmed-no-filings
H,NY,NY-15,2020,Regular,1,Ritchie Torres,2220924.0,H0NY15160,Patrick Delices,0,,FEC bulk (webl/weball 2016-2026),rep:no-fec-filings(sub-threshold)
H,NY,NY-15,2022,Regular,1,Ritchie Torres,4442337.22,H0NY15160,Stylo Sapaskis,0,,FEC bulk (webl/weball 2016-2026),rep:no-fec-filings(sub-threshold)
H,NY,NY-15,2024,Regular,1,Ritchie Torres,9208382.46,H0NY15160,Gonzalo Duran,0,,FEC bulk (webl/weball 2016-2026),rep:no-fec-filings(sub-threshold)
H,NY,NY-15,2026,Upcoming,1,Ritchie Torres,6908654.83,H0NY15160,Generic Republican,0,,FEC bulk (webl/weball 2016-2026),rep:no-fec-filings(sub-threshold)
H,NY,NY-16,2016,Regular,0,Eliot Engel,1650684.82,H8NY19058,Derickson Lawrence,49221.21,H6NY16132,FEC bulk (webl/weball 2016-2026),
H,NY,NY-16,2018,Regular,0,Eliot Engel,1560770.35,H8NY19058,,,,FEC bulk (webl/weball 2016-2026),
H,NY,NY-16,2020,Regular,0,Jamaal Bowman,2915373.03,H0NY16143,Patrick McManus,0,,FEC bulk (webl/weball 2016-2026),rep:no-fec-filings(sub-threshold)
H,NY,NY-16,2022,Regular,1,Jamaal Bowman,1877492.94,H0NY16143,Miriam Flisser,17162.53,H2NY16115,FEC bulk (webl/weball 2016-2026),
H,NY,NY-16,2024,Regular,1,George Latimer,6679191.82,H4NY16087,Miriam Levitt Flisser,23883.42,H2NY16115,FEC bulk (webl/weball 2016-2026),
H,NY,NY-16,2026,Upcoming,1,George Latimer,513967.38,H4NY16087,Generic Republican,0,,FEC bulk (webl/weball 2016-2026),rep:no-fec-filings(sub-threshold)
H,NY,NY-17,2016,Regular,0,Nita Lowey,1711257.5,H8NY20056,,,,FEC bulk (webl/weball 2016-2026),
H,NY,NY-17,2018,Regular,1,Nita Lowey,1610875.71,H8NY20056,Joseph Ciardullo,17014.33,H8NY17110,FEC bulk (webl/weball 2016-2026),
H,NY,NY-17,2020,Regular,1,Mondaire Jones,3005459.76,H0NY17174,Maureen McArdle Schulman,54731.96,H0NY17315,FEC bulk (webl/weball 2016-2026),
H,NY,NY-17,2022,Regular,1,Sean Patrick Maloney,6079999.11,H2NY22139,Michael Lawler,1553320.59,H2NY17162,FEC bulk (webl/weball 2016-2026),
H,NY,NY-17,2024,Regular,1,Mondaire Jones,9960888.75,H0NY17174,Michael Lawler,8387801.92,H2NY17162,FEC bulk (webl/weball 2016-2026),
H,NY,NY-17,2026,Upcoming,1,Peter Chatzky,11707921.6,H6NY17213,Mike Lawler,8172045.6,H2NY17162,FEC bulk (webl/weball 2016-2026),
H,NY,NY-18,2016,Regular,1,Sean Patrick Maloney,3612704.66,H2NY22139,Phil Oliva,224658.09,H6NY18203,FEC bulk (webl/weball 2016-2026),
H,NY,NY-18,2018,Regular,1,Sean Patrick Maloney,2710573.59,H2NY22139,James O'Donnell,376821.0,H8NY18274,FEC bulk (webl/weball 2016-2026),
H,NY,NY-18,2020,Regular,1,Sean Patrick Maloney,2607624.75,H2NY22139,Chele Farley,1186824.4,H0NY18172,FEC bulk (webl/weball 2016-2026),
H,NY,NY-18,2022,Regular,1,Patrick Ryan,4788363.56,H8NY19223,Colin Schmitt,2062676.07,H2NY18087,FEC bulk (webl/weball 2016-2026),
H,NY,NY-18,2024,Regular,1,Patrick Ryan,8143126.11,H8NY19223,Alison Esposito,2435666.01,H4NY18117,FEC bulk (webl/weball 2016-2026),
H,NY,NY-18,2026,Upcoming,1,Patrick Ryan,4723627.29,H8NY19223,Sharanjit Thind,0,,FEC bulk (webl/weball 2016-2026),rep:no-fec-filings(sub-threshold)
H,NY,NY-19,2016,Regular,1,Zephyr Teachout,5066156.72,H6NY19243,John Faso,3025560.29,H6NY19169,FEC bulk (webl/weball 2016-2026),
H,NY,NY-19,2018,Regular,1,Antonio Delgado,9244751.44,H8NY19181,John Faso,3983152.54,H6NY19169,FEC bulk (webl/weball 2016-2026),
H,NY,NY-19,2020,Regular,1,Antonio Delgado,6020522.04,H8NY19181,Kyle Van De Water,154791.02,H0NY19204,FEC bulk (webl/weball 2016-2026),
H,NY,NY-19,2022,Regular,1,Josh Riley,4194190.94,H8NY22177,Marcus Molinaro,2491602.09,H2NY19127,FEC bulk (webl/weball 2016-2026),
H,NY,NY-19,2024,Regular,1,Josh Riley,9848776.11,H8NY22177,Marcus Molinaro,5570305.64,H2NY19127,FEC bulk (webl/weball 2016-2026),
H,NY,NY-19,2026,Upcoming,1,Josh Riley,4825666.01,H8NY22177,Peter Oberacker,1237178.98,H6NY19268,FEC bulk (webl/weball 2016-2026),
H,NY,NY-20,2016,Regular,1,Paul Tonko,1155680.62,H8NY21203,Joe Vitollo,0,,FEC bulk (webl/weball 2016-2026),rep:no-fec-filings(sub-threshold)
H,NY,NY-20,2018,Regular,1,Paul Tonko,1340028.19,H8NY21203,Joe Vitollo,0,,FEC bulk (webl/weball 2016-2026),rep:no-fec-filings(sub-threshold)
H,NY,NY-20,2020,Regular,1,Paul Tonko,1547275.17,H8NY21203,Elizabeth Joy,380630.31,H0NY20111,FEC bulk (webl/weball 2016-2026),
H,NY,NY-20,2022,Regular,1,Paul Tonko,1777899.62,H8NY21203,Elizabeth Joy,1169097.57,H0NY20111,FEC bulk (webl/weball 2016-2026),
H,NY,NY-20,2024,Regular,1,Paul Tonko,1547112.87,H8NY21203,Kevin Waltz,0,,FEC bulk (webl/weball 2016-2026),rep:no-fec-filings(sub-threshold)
H,NY,NY-20,2026,Upcoming,1,Paul Tonko,957586.69,H8NY21203,Ralph Ambrosio,29025.65,H6NY20225,FEC bulk (webl/weball 2016-2026),
H,NY,NY-21,2016,Regular,1,Mike Derrick,1243257.67,H6NY21132,Elise Stefanik,3150716.49,H4NY21079,FEC bulk (webl/weball 2016-2026),
H,NY,NY-21,2018,Regular,1,Tedra Cobb,1547983.57,H8NY21245,Elise Stefanik,2808067.15,H4NY21079,FEC bulk (webl/weball 2016-2026),
H,NY,NY-21,2020,Regular,1,Tedra Cobb,5693662.64,H8NY21245,Elise Stefanik,13349928.94,H4NY21079,FEC bulk (webl/weball 2016-2026),
H,NY,NY-21,2022,Regular,1,Matt Castelli,2525045.84,H2NY21164,Elise Stefanik,9489980.78,H4NY21079,FEC bulk (webl/weball 2016-2026),
H,NY,NY-21,2024,Regular,1,Paula Collins,149173.87,H4NY21145,Elise Stefanik,15467577.5,H4NY21079,FEC bulk (webl/weball 2016-2026),
H,NY,NY-21,2026,Upcoming,1,Blake Gendebien,5461528.21,H6NY21199,Anthony Constantino,9460254.31,H6NY21157,FEC bulk (webl/weball 2016-2026),
H,NY,NY-22,2016,Regular,1,Kim Myers,1667279.6,H6NY22130,Claudia Tenney,971967.05,H4NY22051,FEC bulk (webl/weball 2016-2026),
H,NY,NY-22,2018,Regular,1,Anthony Brindisi,4641923.14,H8NY22151,Claudia Tenney,3327756.14,H4NY22051,FEC bulk (webl/weball 2016-2026),
H,NY,NY-22,2020,Regular,1,Anthony Brindisi,6149102.8,H8NY22151,Claudia Tenney,3126230.61,H4NY22051,FEC bulk (webl/weball 2016-2026),
H,NY,NY-22,2022,Regular,1,Francis Conole,3051107.9,H0NY24063,Brandon Williams,941403.42,H2NY22212,FEC bulk (webl/weball 2016-2026),
H,NY,NY-22,2024,Regular,1,John Mannion,4161857.47,H4NY22085,Brandon Williams,4190242.6,H2NY22212,FEC bulk (webl/weball 2016-2026),
H,NY,NY-22,2026,Upcoming,1,John Mannion,2694738.65,H4NY22085,John Lemondes,41021.61,H6NY22171,FEC bulk (webl/weball 2016-2026),
H,NY,NY-23,2016,Regular,1,John Plumb,1645756.58,H6NY23518,Tom Reed,3120505.54,H0NY29054,FEC bulk (webl/weball 2016-2026),
H,NY,NY-23,2018,Regular,1,Tracy Mitrano,1775877.64,H8NY23183,Tom Reed,3451733.62,H0NY29054,FEC bulk (webl/weball 2016-2026),
H,NY,NY-23,2020,Regular,1,Tracy Mitrano,1548077.87,H8NY23183,Tom Reed,3333083.36,H0NY29054,FEC bulk (webl/weball 2016-2026),
H,NY,NY-23,2022,Regular,1,Max Della Pia,326454.36,H8NY23175,Nick Langworthy,763707.48,H2NY23228,FEC bulk (webl/weball 2016-2026),
H,NY,NY-23,2024,Regular,1,Thomas Carle,32743.03,H4NY23075,Nicholas Langworthy,1931075.63,H2NY23228,FEC bulk (webl/weball 2016-2026),
H,NY,NY-23,2026,Upcoming,1,Aaron Gies,227174.36,H6NY23559,Nick Langworthy,2326404.96,H2NY23228,FEC bulk (webl/weball 2016-2026),
H,NY,NY-24,2016,Regular,1,Colleen Deacon,1490226.81,H6NY24177,John Katko,2703779.53,H4NY24073,FEC bulk (webl/weball 2016-2026),
H,NY,NY-24,2018,Regular,1,Dana Balter,2735634.41,H8NY24090,John Katko,2778978.81,H4NY24073,FEC bulk (webl/weball 2016-2026),
H,NY,NY-24,2020,Regular,1,Dana Balter,3272252.49,H8NY24090,John Katko,3839114.1,H4NY24073,FEC bulk (webl/weball 2016-2026),
H,NY,NY-24,2022,Regular,1,Steven Holden,184512.44,H2NY24127,Claudia Tenney,3301121.74,H4NY22051,FEC bulk (webl/weball 2016-2026),
H,NY,NY-24,2024,Regular,1,David Wagenhauser,97274.05,H4NY24131,Claudia Tenney,2995402.57,H4NY22051,FEC bulk (webl/weball 2016-2026),
H,NY,NY-24,2026,Upcoming,1,Alissa Ellman,193087.81,H6NY24219,Claudia Tenney,2763138.81,H4NY22051,FEC bulk (webl/weball 2016-2026),
H,NY,NY-25,2016,Regular,1,Louise McIntosh Slaughter,1421769.16,H6NY03031,Mark Assini,226761.99,H4NY29098,FEC bulk (webl/weball 2016-2026),
H,NY,NY-25,2018,Regular,1,Joseph Morelle,1896368.05,H8NY25105,Jim Maxwell,994644.64,H8NY25097,FEC bulk (webl/weball 2016-2026),
H,NY,NY-25,2020,Regular,1,Joseph Morelle,1417964.85,H8NY25105,George Mitris,301375.86,H0NY25094,FEC bulk (webl/weball 2016-2026),
H,NY,NY-25,2022,Regular,1,Joseph Morelle,2251295.88,H8NY25105,La'Ron Singletary,710075.2,H2NY25082,FEC bulk (webl/weball 2016-2026),
H,NY,NY-25,2024,Regular,1,Joseph Morelle,2154064.87,H8NY25105,Gregg Sadwick,647600.21,H4NY25054,FEC bulk (webl/weball 2016-2026),
H,NY,NY-25,2026,Upcoming,1,Joseph Morelle,1786903.54,H8NY25105,Virginia McIntyre,32416.43,H6NY25208,FEC bulk (webl/weball 2016-2026),
H,NY,NY-26,2016,Regular,1,Brian Higgins,792629.52,H4NY27076,Shelly Schratz,0,,FEC bulk (webl/weball 2016-2026),rep:no-fec-filings(sub-threshold)
H,NY,NY-26,2018,Regular,1,Brian Higgins,1084457.42,H4NY27076,Renee Zeno,100.0,H8NY26137,FEC bulk (webl/weball 2016-2026),
H,NY,NY-26,2020,Regular,1,Brian Higgins,1128729.72,H4NY27076,Ricky Donovan,22733.37,H6NY11174,FEC bulk (webl/weball 2016-2026),
H,NY,NY-26,2022,Regular,1,Brian Higgins,1546746.45,H4NY27076,Steven Sams,36659.11,H2NY26189,FEC bulk (webl/weball 2016-2026),
H,NY,NY-26,2024,Regular,1,Timothy Kennedy,2664314.25,H4NY26078,Anthony Marecki,0,,FEC bulk (webl/weball 2016-2026),rep:no-fec-filings(sub-threshold)
H,NY,NY-26,2026,Upcoming,1,Timothy Kennedy,2310288.18,H4NY26078,Generic Republican,0,,FEC bulk (webl/weball 2016-2026),rep:no-fec-filings(sub-threshold)
H,OH,OH-01,2016,Regular,1,Michele Young,247599.48,H6OH01096,Steve Chabot,1017388.98,H8OH01043,FEC bulk (webl/weball 2016-2026),
H,OH,OH-01,2018,Regular,1,Aftab Pureval,4144106.29,H8OH01118,Steve Chabot,1949961.72,H8OH01043,FEC bulk (webl/weball 2016-2026),
H,OH,OH-01,2020,Regular,1,Kate Schroder,4072743.29,H0OH01099,Steve Chabot,3204552.27,H8OH01043,FEC bulk (webl/weball 2016-2026),
H,OH,OH-01,2022,Regular,1,Greg Landsman,2768116.46,H2OH01194,Steve Chabot,2234658.79,H8OH01043,FEC bulk (webl/weball 2016-2026),
H,OH,OH-01,2024,Regular,1,Greg Landsman,3719975.07,H2OH01194,Orlando Sonza,0,,FEC bulk (webl/weball 2016-2026),rep:no-fec-filings(sub-threshold)
H,OH,OH-01,2026,Upcoming,1,Greg Landsman,4633250.38,H2OH01194,Eric Conroy,1513613.68,H6OH01138,FEC bulk (webl/weball 2016-2026),
H,OH,OH-02,2016,Regular,1,William Smith,0,,Brad Wenstrup,1145267.64,H2OH02085,FEC bulk (webl/weball 2016-2026),dem:no-fec-filings(sub-threshold)
H,OH,OH-02,2018,Regular,1,Jill Schiller,606159.38,H8OH02124,Brad Wenstrup,1459743.12,H2OH02085,FEC bulk (webl/weball 2016-2026),
H,OH,OH-02,2020,Regular,1,Jaime Castle,292439.94,H0OH02139,Brad Wenstrup,1801573.27,H2OH02085,FEC bulk (webl/weball 2016-2026),
H,OH,OH-02,2022,Regular,1,Samantha Meadows,22924.5,H2OH02127,Brad Wenstrup,2088194.25,H2OH02085,FEC bulk (webl/weball 2016-2026),
H,OH,OH-02,2024,Regular,1,Samantha Meadows,160265.99,H2OH02127,David Taylor,2299491.25,H4OH02248,FEC bulk (webl/weball 2016-2026),
H,OH,OH-02,2026,Upcoming,1,Todd Wilson,1065.0,H6OH02318,David Taylor,1095247.88,H4OH02248,FEC bulk (webl/weball 2016-2026),
H,OH,OH-03,2016,Regular,1,Joyce Beatty,1184049.64,H2OH03125,John Adams,0,,FEC bulk (webl/weball 2016-2026),rep:no-fec-filings(sub-threshold)
H,OH,OH-03,2018,Regular,1,Joyce Beatty,1118749.14,H2OH03125,Jim Burgess,0,,FEC bulk (webl/weball 2016-2026),rep:no-fec-filings(sub-threshold)
H,OH,OH-03,2020,Regular,1,Joyce Beatty,2238648.69,H2OH03125,Mark Richardson,0,,FEC bulk (webl/weball 2016-2026),rep:no-fec-filings(sub-threshold)
H,OH,OH-03,2022,Regular,1,Joyce Beatty,2243895.59,H2OH03125,Lee Stahley,0,,FEC bulk (webl/weball 2016-2026),rep:no-fec-filings(sub-threshold)
H,OH,OH-03,2024,Regular,1,Joyce Beatty,1820579.91,H2OH03125,Michael Young,0.0,H4OH03113,FEC bulk (webl/weball 2016-2026),
H,OH,OH-03,2026,Upcoming,1,Joyce Beatty,1201451.2,H2OH03125,Generic Republican,0,,FEC bulk (webl/weball 2016-2026),rep:no-fec-filings(sub-threshold)
H,OH,OH-04,2016,Regular,1,Janet Garrett,90513.09,H4OH04046,Jim Jordan,733416.16,H6OH04082,FEC bulk (webl/weball 2016-2026),
H,OH,OH-04,2018,Regular,1,Janet Garrett,700139.29,H4OH04046,Jim Jordan,1241417.36,H6OH04082,FEC bulk (webl/weball 2016-2026),
H,OH,OH-04,2020,Regular,1,Shannon Freshour,0,,Jim Jordan,18637124.6,H6OH04082,FEC bulk (webl/weball 2016-2026),dem:no-fec-filings(sub-threshold)
H,OH,OH-04,2022,Regular,1,Tamie Wilson,170439.4,H2OH04164,Jim Jordan,14293131.39,H6OH04082,FEC bulk (webl/weball 2016-2026),
H,OH,OH-04,2024,Regular,1,Tamie Wilson,2376890.57,H2OH04164,Jim Jordan,13427350.75,H6OH04082,FEC bulk (webl/weball 2016-2026),
H,OH,OH-04,2026,Upcoming,1,Tamara Wilson,22049.51,H6OH04173,Jim Jordan,4774322.04,H6OH04082,FEC bulk (webl/weball 2016-2026),
H,OH,OH-05,2016,Regular,1,James Neu,0,,Robert Latta,1056036.48,H8OH05036,FEC bulk (webl/weball 2016-2026),dem:no-fec-filings(sub-threshold)
H,OH,OH-05,2018,Regular,1,Michael Galbraith,212609.78,H8OH05150,Robert Latta,1583581.29,H8OH05036,FEC bulk (webl/weball 2016-2026),
H,OH,OH-05,2020,Regular,1,Nick Rubando,255725.13,H0OH05074,Robert Latta,1594841.86,H8OH05036,FEC bulk (webl/weball 2016-2026),
H,OH,OH-05,2022,Regular,1,Craig Swartz,54980.87,H2OH05062,Robert Latta,1560724.66,H8OH05036,FEC bulk (webl/weball 2016-2026),
H,OH,OH-05,2024,Regular,1,Keith Mundy,13584.21,H6OH16136,Robert Latta,1998121.54,H8OH05036,FEC bulk (webl/weball 2016-2026),
H,OH,OH-05,2026,Upcoming,1,Daniel Burket,7551.26,H6OH05113,Robert Latta,1461647.52,H8OH05036,FEC bulk (webl/weball 2016-2026),
H,OH,OH-06,2016,Regular,1,Michael Lorentz,11888.64,H6OH06152,Bill Johnson,1700076.35,H0OH06189,FEC bulk (webl/weball 2016-2026),
H,OH,OH-06,2018,Regular,1,Shawna Roberts,23027.73,H8OH06133,Bill Johnson,1953611.99,H0OH06189,FEC bulk (webl/weball 2016-2026),
H,OH,OH-06,2020,Regular,1,Shawna Roberts,261.84,H8OH06133,Bill Johnson,1865287.47,H0OH06189,FEC bulk (webl/weball 2016-2026),
H,OH,OH-06,2022,Regular,1,Louis Lyras,144248.42,H8OH13154,Bill Johnson,1706984.83,H0OH06189,FEC bulk (webl/weball 2016-2026),
H,OH,OH-06,2024,Regular,1,Michael Kripchak,79013.2,H4OH06231,Michael Rulli,1154951.89,H4OH06165,FEC bulk (webl/weball 2016-2026),
H,OH,OH-06,2026,Upcoming,1,Malcolm Ritchie,19727.84,H6OH06160,Michael Rulli,1112552.83,H4OH06165,FEC bulk (webl/weball 2016-2026),
H,OH,OH-07,2016,Regular,1,Roy Rich,7728.65,H6OH07127,Bob Gibbs,899319.05,H0OH18077,FEC bulk (webl/weball 2016-2026),
H,OH,OH-07,2018,Regular,1,Ken Harbaugh,3059075.7,H8OH07123,Bob Gibbs,1055993.89,H0OH18077,FEC bulk (webl/weball 2016-2026),
H,OH,OH-07,2020,Regular,1,Quentin Potter,13895.81,H0OH07153,Bob Gibbs,791888.23,H0OH18077,FEC bulk (webl/weball 2016-2026),
H,OH,OH-07,2022,Regular,1,Matthew Diemer,276778.53,H2OH16044,Max Miller,3045488.99,H2OH16051,FEC bulk (webl/weball 2016-2026),
H,OH,OH-07,2024,Regular,1,Matt Diemer,86340.29,H2OH16044,Max Miller,1989521.73,H2OH16051,FEC bulk (webl/weball 2016-2026),
H,OH,OH-07,2026,Upcoming,1,Edward Fitzgerald,281271.66,H6OH07143,Max Miller,2142561.93,H2OH16051,FEC bulk (webl/weball 2016-2026),
H,OH,OH-08,2016,Regular,1,Steven Fought,3911.0,H6OH08331,Warren Davidson,977808.93,H6OH08315,FEC bulk (webl/weball 2016-2026),
H,OH,OH-08,2018,Regular,1,Vanessa Enoch,64238.3,H8OH08097,Warren Davidson,780309.34,H6OH08315,FEC bulk (webl/weball 2016-2026),
H,OH,OH-08,2020,Regular,1,Vanessa Enoch,56011.36,H8OH08097,Warren Davidson,1029942.47,H6OH08315,FEC bulk (webl/weball 2016-2026),
H,OH,OH-08,2022,Regular,1,Vanessa Enoch,0.0,H8OH08097,Warren Davidson,976169.59,H6OH08315,FEC bulk (webl/weball 2016-2026),
H,OH,OH-08,2024,Regular,1,Vanessa Enoch,0.0,H8OH08097,Warren Davidson,1152789.42,H6OH08315,FEC bulk (webl/weball 2016-2026),
H,OH,OH-08,2026,Upcoming,1,Madaris Grant,31495.88,H6OH08364,Warren Davidson,661353.41,H6OH08315,FEC bulk (webl/weball 2016-2026),
H,OH,OH-09,2016,Regular,1,Marcy Kaptur,900736.85,H2OH09031,Donald Larson,32384.39,H6OH09099,FEC bulk (webl/weball 2016-2026),
H,OH,OH-09,2018,Regular,1,Marcy Kaptur,772003.15,H2OH09031,Steven Kraus,41064.23,H8OH09111,FEC bulk (webl/weball 2016-2026),
H,OH,OH-09,2020,Regular,1,Marcy Kaptur,1097894.5,H2OH09031,Rob Weber,134898.16,H0OH09167,FEC bulk (webl/weball 2016-2026),
H,OH,OH-09,2022,Regular,1,Marcy Kaptur,3393468.71,H2OH09031,Majewski,1185047.37,H2OH09155,FEC bulk (webl/weball 2016-2026),
H,OH,OH-09,2024,Regular,1,Marcy Kaptur,5063732.53,H2OH09031,Derek Merrin,1722804.22,H4OH09169,FEC bulk (webl/weball 2016-2026),
H,OH,OH-09,2026,Upcoming,1,Marcy Kaptur,4303415.64,H2OH09031,Derek Merrin,1508952.61,H4OH09169,FEC bulk (webl/weball 2016-2026),
H,OH,OH-10,2016,Regular,1,Robert Klepinger,8434.5,H4OH10167,Mike Turner,1068879.5,H2OH03067,FEC bulk (webl/weball 2016-2026),
H,OH,OH-10,2018,Regular,1,Theresa Gasper,1209688.24,H8OH10119,Mike Turner,1238994.05,H2OH03067,FEC bulk (webl/weball 2016-2026),
H,OH,OH-10,2020,Regular,1,Desiree Tims,2069987.75,H0OH10116,Mike Turner,1765007.79,H2OH03067,FEC bulk (webl/weball 2016-2026),
H,OH,OH-10,2022,Regular,1,David Esrati,45356.05,H8OH03098,Mike Turner,1522717.13,H2OH03067,FEC bulk (webl/weball 2016-2026),
H,OH,OH-10,2024,Regular,1,Amy Cox,205053.9,H4OH10183,Mike Turner,1252813.43,H2OH03067,FEC bulk (webl/weball 2016-2026),
H,OH,OH-10,2026,Upcoming,1,Janice Beckett,29827.47,H6OH10139,Michael Turner,894594.6,H2OH03067,FEC bulk (webl/weball 2016-2026),
H,OH,OH-11,2016,Regular,1,Marcia Fudge,722468.99,H8OH11141,Beverly Goldstein,22043.99,H6OH11160,FEC bulk (webl/weball 2016-2026),
H,OH,OH-11,2018,Regular,1,Marcia Fudge,771138.63,H8OH11141,Beverly Goldstein,21694.0,H6OH11160,FEC bulk (webl/weball 2016-2026),
H,OH,OH-11,2020,Regular,1,Marcia Fudge,782503.0,H8OH11141,Laverne Gore,164412.46,H0OH11098,FEC bulk (webl/weball 2016-2026),
H,OH,OH-11,2022,Regular,1,Shontel Brown,4755211.62,H2OH11169,Eric Brewer,0,,FEC bulk (webl/weball 2016-2026),rep:no-fec-filings(sub-threshold)
H,OH,OH-11,2024,Regular,1,Shontel Brown,1418292.05,H2OH11169,Alan Rapoport,84766.11,H4OH11108,FEC bulk (webl/weball 2016-2026),
H,OH,OH-11,2026,Upcoming,1,Shontel Brown,1183643.25,H2OH11169,James Hemphill,0,,FEC bulk (webl/weball 2016-2026),rep:no-fec-filings(sub-threshold)
H,OH,OH-12,2016,Regular,1,Ed Albertson,29469.63,H6OH12127,Patrick Tiberi,4561513.63,H0OH12062,FEC bulk (webl/weball 2016-2026),
H,OH,OH-12,2018,Regular,1,Danny O'Connor,8504867.51,H8OH12297,Troy Balderson,2543070.4,H8OH12180,FEC bulk (webl/weball 2016-2026),
H,OH,OH-12,2020,Regular,1,Alaina Shearer,1040754.24,H0OH12179,Troy Balderson,2020933.71,H8OH12180,FEC bulk (webl/weball 2016-2026),
H,OH,OH-12,2022,Regular,1,Amy Rippel-Elton,0,,Troy Balderson,1919520.06,H8OH12180,FEC bulk (webl/weball 2016-2026),dem:no-fec-filings(sub-threshold)
H,OH,OH-12,2024,Regular,1,Jerrad Christian,341998.25,H4OH12080,Troy Balderson,2127294.14,H8OH12180,FEC bulk (webl/weball 2016-2026),
H,OH,OH-12,2026,Upcoming,1,Jerrad Christian,84377.5,H4OH12080,William Balderson,1743281.03,H8OH12180,FEC bulk (webl/weball 2016-2026),
H,OH,OH-13,2016,Regular,1,Tim Ryan,1033644.83,H2OH17109,Richard Morckel,0,,FEC bulk (webl/weball 2016-2026),rep:api-backfill:confirmed-no-filings
H,OH,OH-13,2018,Regular,1,Tim Ryan,1604522.93,H2OH17109,Chris DePizzo,93796.25,H8OH13147,FEC bulk (webl/weball 2016-2026),
H,OH,OH-13,2020,Regular,1,Tim Ryan,1991087.32,H2OH17109,Christina Hagan,871622.95,H8OH16108,FEC bulk (webl/weball 2016-2026),
H,OH,OH-13,2022,Regular,1,Emilia Sykes,2542383.02,H2OH13264,Madison Gesiotto Gilbert,2197170.59,H2OH09163,FEC bulk (webl/weball 2016-2026),
H,OH,OH-13,2024,Regular,1,Emilia Strong Sykes,5332291.25,H2OH13264,Kevin Coughlin,1662607.45,H4OH13153,FEC bulk (webl/weball 2016-2026),
H,OH,OH-13,2026,Upcoming,1,Emilia Sykes,3137439.96,H2OH13264,Kevin Coughlin,0.0,H4OH13153,FEC bulk (webl/weball 2016-2026),
H,OH,OH-14,2016,Regular,1,Michael Wager,251776.91,H4OH14102,David Joyce,2119215.84,H2OH14064,FEC bulk (webl/weball 2016-2026),
H,OH,OH-14,2018,Regular,1,Betsy Rader,2250703.47,H8OH14111,David Joyce,2566684.78,H2OH14064,FEC bulk (webl/weball 2016-2026),
H,OH,OH-14,2020,Regular,1,Hillary O'Connor Mueri,580130.41,H0OH14084,David Joyce,2942391.5,H2OH14064,FEC bulk (webl/weball 2016-2026),
H,OH,OH-14,2022,Regular,1,Matt Kilboy,91186.04,H2OH13223,David Joyce,2606247.74,H2OH14064,FEC bulk (webl/weball 2016-2026),
H,OH,OH-14,2024,Regular,1,Brian Bob Kenderes,0,,David Joyce,2505522.54,H2OH14064,FEC bulk (webl/weball 2016-2026),dem:no-fec-filings(sub-threshold)
H,OH,OH-14,2026,Upcoming,1,Carl Setzer,18262.28,H6OH14230,David Joyce,1410643.06,H2OH14064,FEC bulk (webl/weball 2016-2026),
H,OH,OH-15,2016,Regular,1,Scott Wharton,39981.0,H2OH15095,Steve Stivers,2981164.65,H8OH15076,FEC bulk (webl/weball 2016-2026),
H,OH,OH-15,2018,Regular,1,Rick Neal,1328023.44,H8OH15134,Steve Stivers,4097282.6,H8OH15076,FEC bulk (webl/weball 2016-2026),
H,OH,OH-15,2020,Regular,1,Joel Newby,56016.96,H0OH15149,Steve Stivers,3017019.07,H8OH15076,FEC bulk (webl/weball 2016-2026),
H,OH,OH-15,2022,Regular,1,Gary Josephson,43162.48,H2OH15277,Mike Carey,2363798.92,H2OH15228,FEC bulk (webl/weball 2016-2026),
H,OH,OH-15,2024,Regular,1,Adam Miller,476225.28,H4OH15083,Mike Carey,2699201.24,H2OH15228,FEC bulk (webl/weball 2016-2026),
H,OH,OH-15,2026,Upcoming,1,Adam Miller,905874.8,H4OH15083,Mike Carey,3299678.5,H2OH15228,FEC bulk (webl/weball 2016-2026),
H,OK,OK-01,2016,Regular,0,,,,Jim Bridenstine,924331.05,H2OK01143,FEC bulk (webl/weball 2016-2026),
H,OK,OK-01,2018,Regular,1,Tim Gilpin,402482.15,H8OK01173,Kevin Hern,2940362.08,H8OK01157,FEC bulk (webl/weball 2016-2026),
H,OK,OK-01,2020,Regular,1,Kojo Asamoa-Caesar,194355.24,H0OK01147,Kevin Hern,1423804.46,H8OK01157,FEC bulk (webl/weball 2016-2026),
H,OK,OK-01,2022,Regular,1,Adam Martin,34098.62,H2OK01176,Kevin Hern,1680070.85,H8OK01157,FEC bulk (webl/weball 2016-2026),
H,OK,OK-01,2024,Regular,1,Dennis Baker,379929.06,H4OK01107,Kevin Hern,2709539.4,H8OK01157,FEC bulk (webl/weball 2016-2026),
H,OK,OK-01,2026,Upcoming,1,John Croisant,141971.56,H6OK01201,Kevin Hern,2512712.29,H8OK01157,FEC bulk (webl/weball 2016-2026),
H,OK,OK-02,2016,Regular,1,Joshua Harris-Till,0,,Markwayne Mullin,1588433.64,H2OK02083,FEC bulk (webl/weball 2016-2026),dem:api-backfill:confirmed-no-filings
H,OK,OK-02,2018,Regular,1,Jason Nichols,138025.78,H8OK02148,Markwayne Mullin,1579827.97,H2OK02083,FEC bulk (webl/weball 2016-2026),
H,OK,OK-02,2020,Regular,1,Danyell Lanier,42022.71,H0OK02210,Markwayne Mullin,1670650.65,H2OK02083,FEC bulk (webl/weball 2016-2026),
H,OK,OK-02,2022,Regular,1,Naomi Andrews,7706.72,H2OK02307,Josh Brecheen,654619.23,H2OK02315,FEC bulk (webl/weball 2016-2026),
H,OK,OK-02,2024,Regular,1,Brandon Wade,12959.33,H4OK02196,Josh Brecheen,335485.47,H2OK02315,FEC bulk (webl/weball 2016-2026),
H,OK,OK-02,2026,Upcoming,1,Erik Terwey,11759.0,H6OK02266,Josh Brecheen,218893.55,H2OK02315,FEC bulk (webl/weball 2016-2026),
H,OK,OK-03,2016,Regular,1,Frankie Robbins,0,,Frank Lucas,1204602.87,H4OK06056,FEC bulk (webl/weball 2016-2026),dem:no-fec-filings(sub-threshold)
H,OK,OK-03,2018,Regular,1,Frankie Robbins,0,,Frank Lucas,1083594.93,H4OK06056,FEC bulk (webl/weball 2016-2026),dem:no-fec-filings(sub-threshold)
H,OK,OK-03,2020,Regular,1,Zoe Midyett,0,,Frank Lucas,881729.37,H4OK06056,FEC bulk (webl/weball 2016-2026),dem:no-fec-filings(sub-threshold)
H,OK,OK-03,2022,Regular,1,Jeremiah Ross,0,,Frank Lucas,1524419.03,H4OK06056,FEC bulk (webl/weball 2016-2026),dem:no-fec-filings(sub-threshold)
H,OK,OK-03,2024,Regular,0,,,,Frank Lucas,1725662.38,H4OK06056,FEC bulk (webl/weball 2016-2026),
H,OK,OK-03,2026,Upcoming,1,Jules Roberson,945.0,H6OK03249,Frank Lucas,907278.68,H4OK06056,FEC bulk (webl/weball 2016-2026),
H,OK,OK-04,2016,Regular,1,Christina Owen,0,,Tom Cole,1808368.65,H2OK04055,FEC bulk (webl/weball 2016-2026),dem:no-fec-filings(sub-threshold)
H,OK,OK-04,2018,Regular,1,Mary Brannon,16994.33,H8OK04094,Tom Cole,1951079.15,H2OK04055,FEC bulk (webl/weball 2016-2026),
H,OK,OK-04,2020,Regular,1,Mary Brannon,2956.44,H8OK04094,Tom Cole,1816062.45,H2OK04055,FEC bulk (webl/weball 2016-2026),
H,OK,OK-04,2022,Regular,1,Mary Brannon,34849.65,H8OK04094,Tom Cole,2335186.44,H2OK04055,FEC bulk (webl/weball 2016-2026),
H,OK,OK-04,2024,Regular,1,Mary Brannon,0.0,H8OK04094,Tom Cole,5588752.02,H2OK04055,FEC bulk (webl/weball 2016-2026),
H,OK,OK-04,2026,Upcoming,1,Mitchell Jacob,65288.68,H6OK04155,Tom Cole,3827891.36,H2OK04055,FEC bulk (webl/weball 2016-2026),
H,OK,OK-05,2016,Regular,1,Al McAffrey,133.61,H4OK05124,Steve Russell,865837.42,H4OK05132,FEC bulk (webl/weball 2016-2026),
H,OK,OK-05,2018,Regular,1,Kendra Horn,1283785.99,H8OK05109,Steve Russell,955959.49,H4OK05132,FEC bulk (webl/weball 2016-2026),
H,OK,OK-05,2020,Regular,1,Kendra Horn,5980141.93,H8OK05109,Stephanie Bice,3779470.46,H0OK05205,FEC bulk (webl/weball 2016-2026),
H,OK,OK-05,2022,Regular,1,Joshua Harris-Till,72528.57,H2OK05169,Stephanie Bice,2491328.51,H0OK05205,FEC bulk (webl/weball 2016-2026),
H,OK,OK-05,2024,Regular,1,Madison Horn,591403.83,H4OK05199,Stephanie Bice,2112846.41,H0OK05205,FEC bulk (webl/weball 2016-2026),
H,OK,OK-05,2026,Upcoming,1,Jena Nelson,449421.41,H6OK05293,Stephanie Bice,1943507.28,H0OK05205,FEC bulk (webl/weball 2016-2026),
H,OR,OR-01,2016,Regular,1,Suzanne Bonamici,975327.46,H2OR01133,Brian Heinrich,0,,FEC bulk (webl/weball 2016-2026),rep:no-fec-filings(sub-threshold)
H,OR,OR-01,2018,Regular,1,Suzanne Bonamici,1042187.68,H2OR01133,John Verbeek,0,,FEC bulk (webl/weball 2016-2026),rep:no-fec-filings(sub-threshold)
H,OR,OR-01,2020,Regular,1,Suzanne Bonamici,961897.39,H2OR01133,Christopher Christensen,243.72,H0OR01194,FEC bulk (webl/weball 2016-2026),
H,OR,OR-01,2022,Regular,1,Suzanne Bonamici,1037674.86,H2OR01133,Christopher Mann,0,,FEC bulk (webl/weball 2016-2026),rep:no-fec-filings(sub-threshold)
H,OR,OR-01,2024,Regular,1,Suzanne Bonamici,936780.9,H2OR01133,Bob Todd,0,,FEC bulk (webl/weball 2016-2026),rep:no-fec-filings(sub-threshold)
H,OR,OR-01,2026,Upcoming,1,Suzanne Bonamici,816770.24,H2OR01133,Barbara Kahl,4466.06,H6OR01308,FEC bulk (webl/weball 2016-2026),
H,OR,OR-02,2016,Regular,1,Jim Crary,0,,Greg Walden,3315749.26,H6OR02116,FEC bulk (webl/weball 2016-2026),dem:api-backfill:confirmed-no-filings
H,OR,OR-02,2018,Regular,1,Jamie McLeod-Skinner,1324502.54,H8OR02161,Greg Walden,5369529.11,H6OR02116,FEC bulk (webl/weball 2016-2026),
H,OR,OR-02,2020,Regular,1,Alex Spenser,25854.68,H0OR02267,Cliff Bentz,1452634.25,H0OR02127,FEC bulk (webl/weball 2016-2026),
H,OR,OR-02,2022,Regular,1,Joe Yetter,100291.79,H2OR02156,Cliff Bentz,1184427.97,H0OR02127,FEC bulk (webl/weball 2016-2026),
H,OR,OR-02,2024,Regular,1,Dan Ruby,28220.71,H4OR02236,Cliff Bentz,1133834.48,H0OR02127,FEC bulk (webl/weball 2016-2026),
H,OR,OR-02,2026,Upcoming,1,Dawn Rasmussen,71006.14,H6OR02231,Cliff Bentz,1011413.29,H0OR02127,FEC bulk (webl/weball 2016-2026),
H,OR,OR-03,2016,Regular,0,Earl Blumenauer,1511721.32,H6OR03064,David Walker,0,,FEC bulk (webl/weball 2016-2026),rep:no-fec-filings(sub-threshold)
H,OR,OR-03,2018,Regular,1,Earl Blumenauer,1490752.96,H6OR03064,Tom Harrison,770.0,H8OR03102,FEC bulk (webl/weball 2016-2026),
H,OR,OR-03,2020,Regular,1,Earl Blumenauer,1828860.71,H6OR03064,Joanna Harbour,17681.0,H0OR03174,FEC bulk (webl/weball 2016-2026),
H,OR,OR-03,2022,Regular,1,Earl Blumenauer,1364461.33,H6OR03064,Joanna Harbour,14925.0,H0OR03174,FEC bulk (webl/weball 2016-2026),
H,OR,OR-03,2024,Regular,1,Maxine Dexter,1818244.55,H4OR03192,Joanna Harbour,20339.54,H0OR03174,FEC bulk (webl/weball 2016-2026),
H,OR,OR-03,2026,Upcoming,1,Maxine Dexter,1038513.8,H4OR03192,Generic Republican,0,,FEC bulk (webl/weball 2016-2026),rep:no-fec-filings(sub-threshold)
H,OR,OR-04,2016,Regular,1,Peter DeFazio,1502596.63,H6OR04047,Art Robinson,66352.04,H0OR04081,FEC bulk (webl/weball 2016-2026),
H,OR,OR-04,2018,Regular,1,Peter DeFazio,1791344.57,H6OR04047,Art Robinson,204914.49,H0OR04081,FEC bulk (webl/weball 2016-2026),
H,OR,OR-04,2020,Regular,1,Peter DeFazio,5286362.26,H6OR04047,Alek Skarlatos,5462320.88,H0OR04107,FEC bulk (webl/weball 2016-2026),
H,OR,OR-04,2022,Regular,1,Val Hoyle,2610019.02,H2OR04095,Alek Skarlatos,4538041.24,H0OR04107,FEC bulk (webl/weball 2016-2026),
H,OR,OR-04,2024,Regular,1,Val Hoyle,2665016.82,H2OR04095,Monique DeSpain,908908.33,H4OR04125,FEC bulk (webl/weball 2016-2026),
H,OR,OR-04,2026,Upcoming,1,Val Hoyle,1222922.31,H2OR04095,Monique Despain,677570.69,H6OR04260,FEC bulk (webl/weball 2016-2026),
H,OR,OR-05,2016,Regular,1,Kurt Schrader,1909841.12,H8OR05107,Colm Willis,279932.23,H6OR05143,FEC bulk (webl/weball 2016-2026),
H,OR,OR-05,2018,Regular,1,Kurt Schrader,2080538.46,H8OR05107,Mark Callahan,35313.09,H8OR05198,FEC bulk (webl/weball 2016-2026),
H,OR,OR-05,2020,Regular,1,Kurt Schrader,2034595.25,H8OR05107,Amy Ryan Courser,232124.96,H0OR05104,FEC bulk (webl/weball 2016-2026),
H,OR,OR-05,2022,Regular,1,Jamie McLeod-Skinner,3670803.53,H8OR02161,Lori Chavez-DeRemer,2568275.52,H2OR05209,FEC bulk (webl/weball 2016-2026),
H,OR,OR-05,2024,Regular,1,Janelle Bynum,7524631.65,H4OR05304,Lori Chavez-DeRemer,6092658.62,H2OR05209,FEC bulk (webl/weball 2016-2026),
H,OR,OR-05,2026,Upcoming,1,Janelle Bynum,3760211.5,H4OR05304,Patti Adair,423921.54,H6OR05242,FEC bulk (webl/weball 2016-2026),
H,OR,OR-06,2022,Regular,1,Andrea Salinas,3405187.33,H2OR06066,Mike Erickson,3957227.25,H2OR06124,FEC bulk (webl/weball 2016-2026),
H,OR,OR-06,2024,Regular,1,Andrea Salinas,5395319.72,H2OR06066,Mike Erickson,1190896.82,H2OR06124,FEC bulk (webl/weball 2016-2026),
H,OR,OR-06,2026,Upcoming,1,Andrea Salinas,1613394.4,H2OR06066,David Russ,12790.84,H2OR01240,FEC bulk (webl/weball 2016-2026),
H,PA,PA-01,2016,Regular,1,Robert Brady,755407.09,H8PA01153,Deborah Williams,0,,FEC bulk (webl/weball 2016-2026),rep:no-fec-filings(sub-threshold)
H,PA,PA-01,2018,Regular,1,Scott Wallace,14181196.89,H8PA08174,Brian Fitzpatrick,3445059.67,H6PA08277,FEC bulk (webl/weball 2016-2026),
H,PA,PA-01,2020,Regular,1,Christina Finello,2377879.72,H0PA01325,Brian Fitzpatrick,4240717.33,H6PA08277,FEC bulk (webl/weball 2016-2026),
H,PA,PA-01,2022,Regular,1,Ashley Ehasz,970541.94,H2PA01099,Brian Fitzpatrick,4560231.74,H6PA08277,FEC bulk (webl/weball 2016-2026),
H,PA,PA-01,2024,Regular,1,Ashley Ehasz,3961549.18,H2PA01099,Brian Fitzpatrick,6439520.45,H6PA08277,FEC bulk (webl/weball 2016-2026),
H,PA,PA-01,2026,Upcoming,1,Robert Harvie,2007499.25,H6PA01181,Brian Fitzpatrick,6734931.11,H6PA08277,FEC bulk (webl/weball 2016-2026),
H,PA,PA-02,2016,Regular,1,Dwight Evans,1534200.26,H6PA02171,James Jones,0,,FEC bulk (webl/weball 2016-2026),rep:no-fec-filings(sub-threshold)
H,PA,PA-02,2018,Regular,1,Brendan Boyle,1174514.84,H4PA13199,David Torres,0,,FEC bulk (webl/weball 2016-2026),rep:no-fec-filings(sub-threshold)
H,PA,PA-02,2020,Regular,1,Brendan Boyle,1560584.3,H4PA13199,David Torres,0,,FEC bulk (webl/weball 2016-2026),rep:no-fec-filings(sub-threshold)
H,PA,PA-02,2022,Regular,1,Brendan Boyle,1708549.76,H4PA13199,Aaron Bashir,0,,FEC bulk (webl/weball 2016-2026),rep:api-backfill:confirmed-no-filings
H,PA,PA-02,2024,Regular,1,Brendan Boyle,2337216.44,H4PA13199,Aaron Bashir,23945.48,H4PA02069,FEC bulk (webl/weball 2016-2026),
H,PA,PA-02,2026,Upcoming,1,Brendan Boyle,2451957.76,H4PA13199,Jessica Arriaga,0,,FEC bulk (webl/weball 2016-2026),rep:no-fec-filings(sub-threshold)
H,PA,PA-03,2016,Regular,0,,,,Mike Kelly,1823035.97,H0PA03271,FEC bulk (webl/weball 2016-2026),
H,PA,PA-03,2018,Regular,1,Dwight Evans,1124860.75,H6PA02171,Bryan Leib,18077.0,H6PA01165,FEC bulk (webl/weball 2016-2026),
H,PA,PA-03,2020,Regular,1,Dwight Evans,947183.81,H6PA02171,Michael Harvey,0,,FEC bulk (webl/weball 2016-2026),rep:no-fec-filings(sub-threshold)
H,PA,PA-03,2022,Regular,0,Dwight Evans,1143332.89,H6PA02171,Christopher Hoeppner,0,,FEC bulk (webl/weball 2016-2026),rep:no-fec-filings(sub-threshold)
H,PA,PA-03,2024,Regular,0,Dwight Evans,976087.83,H6PA02171,,,,FEC bulk (webl/weball 2016-2026),
H,PA,PA-03,2026,Upcoming,1,Sharif Street,1112538.53,H6PA03195,Alexander Schnell,80.64,H6PA03310,FEC bulk (webl/weball 2016-2026),
H,PA,PA-04,2016,Regular,1,Joshua Burkholder,0,,Scott Perry,676933.76,H2PA04135,FEC bulk (webl/weball 2016-2026),dem:no-fec-filings(sub-threshold)
H,PA,PA-04,2018,Regular,1,Madeleine Dean,1432269.64,H8PA04116,Daniel David,510412.7,H8PA15286,FEC bulk (webl/weball 2016-2026),
H,PA,PA-04,2020,Regular,1,Madeleine Dean,1577146.54,H8PA04116,Kathy Barnette,1033900.56,H0PA04279,FEC bulk (webl/weball 2016-2026),
H,PA,PA-04,2022,Regular,1,Madeleine Dean,2055980.52,H8PA04116,Christian Nascimento,239390.88,H2PA04226,FEC bulk (webl/weball 2016-2026),
H,PA,PA-04,2024,Regular,1,Madeleine Dean,1752523.6,H8PA04116,David Winkler,73455.1,H4PA04107,FEC bulk (webl/weball 2016-2026),
H,PA,PA-04,2026,Upcoming,1,Madeleine Dean,1371535.9,H8PA04116,Jordan Salerno-O'Donnell,0,,FEC bulk (webl/weball 2016-2026),rep:no-fec-filings(sub-threshold)
H,PA,PA-05,2016,Regular,1,Kerith Strano Taylor,105295.61,H4PA05062,Glenn Thompson,1206124.38,H8PA05071,FEC bulk (webl/weball 2016-2026),
H,PA,PA-05,2018,Regular,1,Mary Gay Scanlon,1935937.32,H8PA07200,Pearl Kim,521262.95,H8PA05295,FEC bulk (webl/weball 2016-2026),
H,PA,PA-05,2020,Regular,1,Mary Gay Scanlon,1479735.15,H8PA07200,Dasha Pruett,108445.69,H0PA05094,FEC bulk (webl/weball 2016-2026),
H,PA,PA-05,2022,Regular,1,Mary Gay Scanlon,1596137.42,H8PA07200,David Galluch,747056.83,H2PA05074,FEC bulk (webl/weball 2016-2026),
H,PA,PA-05,2024,Regular,1,Mary Gay Scanlon,1532211.38,H8PA07200,Alfeia Goodwin,20691.95,,FEC bulk (webl/weball 2016-2026),"rep:no-fec-filings(sub-threshold); rep receipts via FEC API — files as ""DEVAUGHN-GOODWIN, ALFEIA"" (bulk name match missed it)"
H,PA,PA-05,2026,Upcoming,1,Mary Scanlon,990585.93,H8PA07200,Melvin Johnakin,0.0,H6PA05174,FEC bulk (webl/weball 2016-2026),
H,PA,PA-06,2016,Regular,1,Mike Parrish,411751.58,H4PA06052,Ryan Costello,2484857.41,H0PA06076,FEC bulk (webl/weball 2016-2026),
H,PA,PA-06,2018,Regular,1,Chrissy Houlahan,4354449.5,H8PA06087,Greg McCauley,270374.99,H8PA07192,FEC bulk (webl/weball 2016-2026),
H,PA,PA-06,2020,Regular,1,Chrissy Houlahan,3577000.89,H8PA06087,John William Emmons,808984.84,H0PA06167,FEC bulk (webl/weball 2016-2026),
H,PA,PA-06,2022,Regular,1,Chrissy Houlahan,4823029.87,H8PA06087,Guy Ciarrocchi,1038552.06,H2PA06197,FEC bulk (webl/weball 2016-2026),
H,PA,PA-06,2024,Regular,1,Chrissy Houlahan,2502687.77,H8PA06087,Neil Young,41394.32,H4PA06060,FEC bulk (webl/weball 2016-2026),
H,PA,PA-06,2026,Upcoming,1,Chrissy Houlahan,1763414.98,H8PA06087,Martin Young,411270.5,H6PA06156,FEC bulk (webl/weball 2016-2026),
H,PA,PA-07,2016,Regular,1,Mary Ellen Balchunis,201162.23,H4PA07092,Patrick Meehan,2436664.37,H0PA07082,FEC bulk (webl/weball 2016-2026),
H,PA,PA-07,2018,Regular,1,Susan Ellis Wild,3320188.01,H8PA15229,Marty Nothstein,985643.72,H8PA15245,FEC bulk (webl/weball 2016-2026),
H,PA,PA-07,2020,Regular,1,Susan Ellis Wild,4644289.9,H8PA15229,Lisa Scheller,3740779.05,H0PA07132,FEC bulk (webl/weball 2016-2026),
H,PA,PA-07,2022,Regular,1,Susan Wild,7002291.19,H8PA15229,Lisa Scheller,6354578.69,H0PA07132,FEC bulk (webl/weball 2016-2026),
H,PA,PA-07,2024,Regular,1,Susan Wild,8960927.65,H8PA15229,Ryan Mackenzie,1818407.11,H8PA15195,FEC bulk (webl/weball 2016-2026),
H,PA,PA-07,2026,Upcoming,1,Ryan Crosswell,1872528.13,H6PA07162,Ryan Mackenzie,4357405.11,H8PA15195,FEC bulk (webl/weball 2016-2026),
H,PA,PA-08,2016,Regular,1,Steve Santarsiero,2848701.4,H6PA08228,Brian Fitzpatrick,2178900.19,H6PA08277,FEC bulk (webl/weball 2016-2026),
H,PA,PA-08,2018,Regular,1,Matt Cartwright,2432562.32,H2PA17079,John Chrin,2989012.26,H8PA17050,FEC bulk (webl/weball 2016-2026),
H,PA,PA-08,2020,Regular,1,Matt Cartwright,3955709.11,H2PA17079,Jim Bognet,1540748.56,H0PA08221,FEC bulk (webl/weball 2016-2026),
H,PA,PA-08,2022,Regular,1,Matt Cartwright,5364344.12,H2PA17079,Jim Bognet,3017514.63,H0PA08221,FEC bulk (webl/weball 2016-2026),
H,PA,PA-08,2024,Regular,1,Matt Cartwright,8650657.78,H2PA17079,Rob Bresnahan,4540166.17,H4PA08124,FEC bulk (webl/weball 2016-2026),
H,PA,PA-08,2026,Upcoming,1,Paige Cognetti,4609588.63,H6PA08293,Rob Bresnahan,5234585.93,H4PA08124,FEC bulk (webl/weball 2016-2026),
H,PA,PA-09,2016,Regular,1,Art Halvorson,299253.55,H4PA09056,Bill Shuster,4104005.17,H2PA09035,FEC bulk (webl/weball 2016-2026),
H,PA,PA-09,2018,Regular,1,Denny Wolff,1620536.24,H8PA11095,Dan Meuser,2249960.51,H8PA10147,FEC bulk (webl/weball 2016-2026),
H,PA,PA-09,2020,Regular,1,Gary Steven Wegman,215078.64,H6PA16338,Daniel Philip Meuser,1073555.31,H8PA10147,FEC bulk (webl/weball 2016-2026),
H,PA,PA-09,2022,Regular,1,Amanda Waldman,30546.88,H2PA09126,Daniel Meuser,1101338.69,H8PA10147,FEC bulk (webl/weball 2016-2026),
H,PA,PA-09,2024,Regular,1,Amanda Waldman,16955.9,H2PA09126,Daniel Meuser,1816497.44,H8PA10147,FEC bulk (webl/weball 2016-2026),
H,PA,PA-09,2026,Upcoming,1,Rachel Wallace,697864.65,H6PA09127,Daniel Meuser,1903077.51,H8PA10147,FEC bulk (webl/weball 2016-2026),
H,PA,PA-10,2016,Regular,1,Mike Molesevich,71898.11,H6PA10141,Tom Marino,1101958.12,H0PA10078,FEC bulk (webl/weball 2016-2026),
H,PA,PA-10,2018,Regular,1,George Scott,2219555.91,H8PA04090,Scott Perry,1485137.04,H2PA04135,FEC bulk (webl/weball 2016-2026),
H,PA,PA-10,2020,Regular,1,Eugene DePasquale,4546246.6,H0PA10110,Scott Perry,4020493.92,H2PA04135,FEC bulk (webl/weball 2016-2026),
H,PA,PA-10,2022,Regular,1,Shamaine Daniels,414294.52,H2PA10124,Scott Perry,3043768.91,H2PA04135,FEC bulk (webl/weball 2016-2026),
H,PA,PA-10,2024,Regular,1,Janelle Stelson,6521826.18,H4PA10104,Scott Perry,4528660.87,H2PA04135,FEC bulk (webl/weball 2016-2026),
H,PA,PA-10,2026,Upcoming,1,Janelle Stelson,6364068.76,H4PA10104,Scott Perry,5194925.35,H2PA04135,FEC bulk (webl/weball 2016-2026),
H,PA,PA-11,2016,Regular,1,Mike Marsicano,422488.98,H6PA11073,Lou Barletta,1347448.6,H2PA11098,FEC bulk (webl/weball 2016-2026),
H,PA,PA-11,2018,Regular,1,Jessica King,1947624.76,H8PA16078,Lloyd Smucker,1868454.86,H6PA16320,FEC bulk (webl/weball 2016-2026),
H,PA,PA-11,2020,Regular,1,Sarah Hammond,28733.44,H0PA11183,Lloyd Smucker,1358388.43,H6PA16320,FEC bulk (webl/weball 2016-2026),
H,PA,PA-11,2022,Regular,1,Bob Hollister,316546.79,H2PA11114,Lloyd Smucker,1560516.69,H6PA16320,FEC bulk (webl/weball 2016-2026),
H,PA,PA-11,2024,Regular,1,Jim Atkinson,20553.49,H4PA11094,Lloyd Smucker,1827917.74,H6PA16320,FEC bulk (webl/weball 2016-2026),
H,PA,PA-11,2026,Upcoming,1,Nancy Mannion,214229.54,H6PA11099,Lloyd Smucker,1524161.47,H6PA16320,FEC bulk (webl/weball 2016-2026),
H,PA,PA-12,2016,Regular,1,Erin McClelland,238962.76,H4PA12043,Keith Rothfus,1756636.42,H0PA04220,FEC bulk (webl/weball 2016-2026),
H,PA,PA-12,2018,Regular,1,Marc Friedenberg,156485.31,H8PA05204,Tom Marino,790356.69,H0PA10078,FEC bulk (webl/weball 2016-2026),
H,PA,PA-12,2020,Regular,1,Lee Griffin,62320.92,H0PA12199,Frederick Keller,1563479.87,H0PA12181,FEC bulk (webl/weball 2016-2026),
H,PA,PA-12,2022,Regular,1,Summer Lee,1851679.14,H2PA18200,Mike Doyle,205104.56,H2PA12070,FEC bulk (webl/weball 2016-2026),
H,PA,PA-12,2024,Regular,1,Summer Lee,2959031.02,H2PA18200,James Hayes,136244.75,H4PA12068,FEC bulk (webl/weball 2016-2026),
H,PA,PA-12,2026,Upcoming,1,Summer Lee,1466287.27,H2PA18200,Leonard Fechter,17476.88,H6PA12105,FEC bulk (webl/weball 2016-2026),
H,PA,PA-13,2016,Regular,0,Brendan Boyle,1088645.41,H4PA13199,,,,FEC bulk (webl/weball 2016-2026),
H,PA,PA-13,2018,Regular,1,Brent Ottaway,34922.29,H8PA13133,John Joyce,1522103.44,H8PA13125,FEC bulk (webl/weball 2016-2026),
H,PA,PA-13,2020,Regular,1,Raymond Todd Rowley,60348.4,H0PA13114,John Joyce,1136433.6,H8PA13125,FEC bulk (webl/weball 2016-2026),
H,PA,PA-13,2022,Regular,0,,,,John Joyce,1525290.3,H8PA13125,FEC bulk (webl/weball 2016-2026),
H,PA,PA-13,2024,Regular,1,Beth Farnham,65574.82,H4PA13298,John Joyce,2258417.8,H8PA13125,FEC bulk (webl/weball 2016-2026),
H,PA,PA-13,2026,Upcoming,1,Elizabeth Farnham,55347.11,H4PA13298,John Joyce,2418118.73,H8PA13125,FEC bulk (webl/weball 2016-2026),
H,PA,PA-14,2016,Regular,1,Michael Doyle,823547.8,H4PA18131,Lenny McAllister,17390.0,H6PA14192,FEC bulk (webl/weball 2016-2026),
H,PA,PA-14,2018,Regular,1,Bibiana Boerio,690533.84,H8PA14065,Guy Reschenthaler,1090673.35,H8PA18199,FEC bulk (webl/weball 2016-2026),
H,PA,PA-14,2020,Regular,1,William Marx,60402.94,H0PA14138,Guy Reschenthaler,2264455.66,H8PA18199,FEC bulk (webl/weball 2016-2026),
H,PA,PA-14,2022,Regular,0,,,,Guy Reschenthaler,1998845.21,H8PA18199,FEC bulk (webl/weball 2016-2026),
H,PA,PA-14,2024,Regular,1,Chris Dziados,283275.01,H4PA14106,Guy Reschenthaler,4357253.46,H8PA18199,FEC bulk (webl/weball 2016-2026),
H,PA,PA-14,2026,Upcoming,1,David Bradstock,201420.58,H6PA14200,Guy Reschenthaler,4209644.42,H8PA18199,FEC bulk (webl/weball 2016-2026),
H,PA,PA-15,2016,Regular,1,Rick Daugherty,22367.27,H2PA15099,Charles Dent,1669362.27,H4PA15087,FEC bulk (webl/weball 2016-2026),
H,PA,PA-15,2018,Regular,1,Susan Boser,144712.13,H8PA09065,Glenn Thompson,1390786.59,H8PA05071,FEC bulk (webl/weball 2016-2026),
H,PA,PA-15,2020,Regular,1,Robert Williams,0,,Glenn Thompson,1726997.53,H8PA05071,FEC bulk (webl/weball 2016-2026),dem:no-fec-filings(sub-threshold)
H,PA,PA-15,2022,Regular,1,Mike Molesevich,49953.34,H2PA15131,Glenn Thompson,2692356.32,H8PA05071,FEC bulk (webl/weball 2016-2026),
H,PA,PA-15,2024,Regular,1,Zach Womer,140130.36,H4PA15152,Glenn Thompson,2857767.11,H8PA05071,FEC bulk (webl/weball 2016-2026),
H,PA,PA-15,2026,Upcoming,1,Raymond Bilger,139520.87,H6PA15181,Glenn Thompson,1851459.2,H8PA05071,FEC bulk (webl/weball 2016-2026),
H,PA,PA-16,2016,Regular,1,Christina Hartman,1193732.4,H6PA16296,Lloyd Smucker,1728569.42,H6PA16320,FEC bulk (webl/weball 2016-2026),
H,PA,PA-16,2018,Regular,1,Ron DiNicola,1757650.35,H4PA21069,Mike Kelly,2590296.58,H0PA03271,FEC bulk (webl/weball 2016-2026),
H,PA,PA-16,2020,Regular,1,Kristy Marie Gnibus,593634.9,H0PA16034,George Kelly,2300601.01,H0PA03271,FEC bulk (webl/weball 2016-2026),
H,PA,PA-16,2022,Regular,1,Dan Pastore,866280.03,H2PA16097,Mike Kelly,1320811.66,H0PA03271,FEC bulk (webl/weball 2016-2026),
H,PA,PA-16,2024,Regular,1,Preston Nouri,784759.4,H4PA16093,Mike Kelly,1670916.24,H0PA03271,FEC bulk (webl/weball 2016-2026),
H,PA,PA-16,2026,Upcoming,1,Justin Wagner,66591.3,H6PA16379,Mike Kelly,1168432.91,H0PA03271,FEC bulk (webl/weball 2016-2026),
H,PA,PA-17,2016,Regular,1,Matt Cartwright,969667.01,H2PA17079,Matt Connolly,30578.0,H4PA17141,FEC bulk (webl/weball 2016-2026),
H,PA,PA-17,2018,Regular,1,Conor Lamb,9145124.54,H8PA18181,Keith Rothfus,3198312.68,H0PA04220,FEC bulk (webl/weball 2016-2026),
H,PA,PA-17,2020,Regular,1,Conor Lamb,4116059.9,H8PA18181,Richard Sean Parnell,3991543.49,H0PA17115,FEC bulk (webl/weball 2016-2026),
H,PA,PA-17,2022,Regular,1,Chris Deluzio,3293132.71,H2PA17103,Jeremy Shaffer,2786043.66,H2PA17160,FEC bulk (webl/weball 2016-2026),
H,PA,PA-17,2024,Regular,1,Christopher Deluzio,5064885.7,H2PA17103,Rob Mercuri,1802095.1,H4PA17166,FEC bulk (webl/weball 2016-2026),
H,PA,PA-17,2026,Upcoming,1,Christopher Deluzio,2776943.21,H2PA17103,Jesse Vodvarka,21506.13,H4PA17174,FEC bulk (webl/weball 2016-2026),
H,RI,RI-01,2016,Regular,1,David Cicilline,1523477.59,H0RI01073,Harold Russell Taub,123025.09,H4RI01133,FEC bulk (webl/weball 2016-2026),
H,RI,RI-01,2018,Regular,1,David Cicilline,1595160.52,H0RI01073,Patrick Donovan,0,,FEC bulk (webl/weball 2016-2026),rep:no-fec-filings(sub-threshold)
H,RI,RI-01,2020,Regular,0,David Cicilline,1587329.92,H0RI01073,Frederick Wysocki,13066.94,H8RI01092,FEC bulk (webl/weball 2016-2026),
H,RI,RI-01,2022,Regular,1,David Cicilline,1981382.79,H0RI01073,Allen Waters,45441.69,H2RI01202,FEC bulk (webl/weball 2016-2026),
H,RI,RI-01,2024,Regular,1,Gabe Amo,2575711.85,H4RI01265,Allen Rodney Waters,21583.0,H2RI01202,FEC bulk (webl/weball 2016-2026),
H,RI,RI-01,2026,Upcoming,1,Gabe Amo,1725081.41,H4RI01265,Generic Republican,0,,FEC bulk (webl/weball 2016-2026),rep:no-fec-filings(sub-threshold)
H,RI,RI-02,2016,Regular,1,James Langevin,1168206.09,H0RI02139,Rhue Reis,7670.0,H4RI02107,FEC bulk (webl/weball 2016-2026),
H,RI,RI-02,2018,Regular,1,James Langevin,1158877.53,H0RI02139,Salvatore Caiozzo,4960.0,H6RI02284,FEC bulk (webl/weball 2016-2026),
H,RI,RI-02,2020,Regular,1,James Langevin,1108481.77,H0RI02139,Robert Lancia,56749.2,H0RI02287,FEC bulk (webl/weball 2016-2026),
H,RI,RI-02,2022,Regular,1,Seth Magaziner,3904868.95,H2RI02184,Allan Fung,2247796.52,H2RI02226,FEC bulk (webl/weball 2016-2026),
H,RI,RI-02,2024,Regular,1,Seth Magaziner,2040391.32,H2RI02184,Stephen Joseph Corvi,5619.55,H4RI02115,FEC bulk (webl/weball 2016-2026),
H,RI,RI-02,2026,Upcoming,1,Seth Magaziner,1382796.19,H2RI02184,Victor Mellor,3018774.72,H6RI02318,FEC bulk (webl/weball 2016-2026),
H,SC,SC-01,2016,Regular,1,Dimitri Cherny,27561.9,H4SC01271,Mark Sanford,741773.11,H4SC01073,FEC bulk (webl/weball 2016-2026),
H,SC,SC-01,2018,Regular,1,Joe Cunningham,2468862.54,H8SC01116,Katie Arrington,1675863.93,H8SC01124,FEC bulk (webl/weball 2016-2026),
H,SC,SC-01,2020,Regular,1,Joe Cunningham,7085878.98,H8SC01116,Nancy Mace,5873153.58,H0SC01394,FEC bulk (webl/weball 2016-2026),
H,SC,SC-01,2022,Regular,1,Annie Andrews,2038067.55,H2SC01127,Nancy Mace,5884937.13,H0SC01394,FEC bulk (webl/weball 2016-2026),
H,SC,SC-01,2024,Regular,1,Michael Moore,1094452.8,H4SC01297,Nancy Mace,3481911.88,H0SC01394,FEC bulk (webl/weball 2016-2026),
H,SC,SC-01,2026,Upcoming,1,William Deford,645744.07,H6SC01227,Sam McCown,1595791.73,H6SC01276,FEC bulk (webl/weball 2016-2026),
H,SC,SC-02,2016,Regular,1,Arik Bjorn,70174.61,H6SC02100,Joe Wilson,1153117.97,H2SC02059,FEC bulk (webl/weball 2016-2026),
H,SC,SC-02,2018,Regular,1,Sean Carrigan,151953.41,H8SC02106,Joe Wilson,1267292.81,H2SC02059,FEC bulk (webl/weball 2016-2026),
H,SC,SC-02,2020,Regular,1,Adair Ford Boroughs,2537935.85,H0SC02061,Joe Wilson,1686288.77,H2SC02059,FEC bulk (webl/weball 2016-2026),
H,SC,SC-02,2022,Regular,1,Judd Larkins,96669.32,H2SC02182,Joe Wilson,1020327.32,H2SC02059,FEC bulk (webl/weball 2016-2026),
H,SC,SC-02,2024,Regular,1,David Robinson,13806.7,H4SC02089,Joe Wilson,880967.81,H2SC02059,FEC bulk (webl/weball 2016-2026),
H,SC,SC-02,2026,Upcoming,1,Roger Pruitt,33589.47,H6SC02134,Joe Wilson,861105.22,H2SC02059,FEC bulk (webl/weball 2016-2026),
H,SC,SC-03,2016,Regular,1,Hosea Cleveland,10737.0,H4SC03111,Jeff Duncan,618229.2,H0SC03077,FEC bulk (webl/weball 2016-2026),
H,SC,SC-03,2018,Regular,1,Mary Geren,306278.41,H8SC03070,Jeff Duncan,893731.52,H0SC03077,FEC bulk (webl/weball 2016-2026),
H,SC,SC-03,2020,Regular,1,Hosea Cleveland,43214.36,H4SC03111,Jeff Duncan,1527352.26,H0SC03077,FEC bulk (webl/weball 2016-2026),
H,SC,SC-03,2022,Regular,0,,,,Jeff Duncan,1686731.32,H0SC03077,FEC bulk (webl/weball 2016-2026),
H,SC,SC-03,2024,Regular,1,Bryon Best,46624.47,H4SC03244,Sheri Biggs,1076795.61,H4SC01313,FEC bulk (webl/weball 2016-2026),
H,SC,SC-03,2026,Upcoming,1,Eunice Lehmacher,40412.88,H6SC03090,Sheri Biggs,505333.1,H4SC01313,FEC bulk (webl/weball 2016-2026),
H,SC,SC-04,2016,Regular,1,Chris Fedalei,100747.12,H6SC04163,Trey Gowdy,1902503.31,H0SC04257,FEC bulk (webl/weball 2016-2026),
H,SC,SC-04,2018,Regular,1,Brandon Brown,68547.33,H8SC04300,William Timmons,1827157.42,H8SC04250,FEC bulk (webl/weball 2016-2026),
H,SC,SC-04,2020,Regular,1,Kim Nelson,168860.28,H0SC04281,William Timmons,1363583.92,H8SC04250,FEC bulk (webl/weball 2016-2026),
H,SC,SC-04,2022,Regular,0,,,,William Timmons,1707776.64,H8SC04250,FEC bulk (webl/weball 2016-2026),
H,SC,SC-04,2024,Regular,1,Kathryn Harvey,520486.15,H4SC04101,William Timmons,2312884.39,H8SC04250,FEC bulk (webl/weball 2016-2026),
H,SC,SC-04,2026,Upcoming,1,Courtney McClain,32993.15,H6SC04171,William Timmons,1595724.66,H8SC04250,FEC bulk (webl/weball 2016-2026),
H,SC,SC-05,2016,Regular,1,Fran Person,706808.0,H6SC05129,Mick Mulvaney,1271154.29,H0SC05031,FEC bulk (webl/weball 2016-2026),
H,SC,SC-05,2018,Regular,1,Archie Parnell,2039416.09,H8SC05174,Ralph Norman,2597132.09,H8SC05158,FEC bulk (webl/weball 2016-2026),
H,SC,SC-05,2020,Regular,1,Moe Brown,487658.58,H0SC05056,Ralph Norman,1041650.45,H8SC05158,FEC bulk (webl/weball 2016-2026),
H,SC,SC-05,2022,Regular,1,Evangeline Hundley,15767.34,H2SC05102,Ralph Norman,890552.23,H8SC05158,FEC bulk (webl/weball 2016-2026),
H,SC,SC-05,2024,Regular,1,Evangeline Hundley,29577.33,H2SC05102,Ralph Norman,397514.59,H8SC05158,FEC bulk (webl/weball 2016-2026),
H,SC,SC-05,2026,Upcoming,1,Mallory Dittmer,139717.42,H6SC05228,Wes Climer,884283.63,H6SC05202,FEC bulk (webl/weball 2016-2026),
H,SC,SC-06,2016,Regular,1,James Clyburn,2183228.43,H2SC02042,Laura Sterling,0,,FEC bulk (webl/weball 2016-2026),rep:no-fec-filings(sub-threshold)
H,SC,SC-06,2018,Regular,1,James Clyburn,1992933.08,H2SC02042,Gerhard Gressmann,8829.28,H8SC06107,FEC bulk (webl/weball 2016-2026),
H,SC,SC-06,2020,Regular,1,James Clyburn,3447751.06,H2SC02042,John McCollum,0,,FEC bulk (webl/weball 2016-2026),rep:no-fec-filings(sub-threshold)
H,SC,SC-06,2022,Regular,1,James Clyburn,3592375.11,H2SC02042,Duke Buckner,205668.71,H2SC06142,FEC bulk (webl/weball 2016-2026),
H,SC,SC-06,2024,Regular,1,James Clyburn,2222667.81,H2SC02042,Duke Buckner,243079.3,H2SC06142,FEC bulk (webl/weball 2016-2026),
H,SC,SC-06,2026,Upcoming,1,James Clyburn,1225050.92,H2SC02042,Generic Republican,0,,FEC bulk (webl/weball 2016-2026),rep:no-fec-filings(sub-threshold)
H,SC,SC-07,2016,Regular,1,Mal Hyman,95568.25,H6SC07018,Tom Rice,1113297.11,H2SC07066,FEC bulk (webl/weball 2016-2026),
H,SC,SC-07,2018,Regular,1,Robert Williams,26214.29,H8SC07063,Tom Rice,1566965.41,H2SC07066,FEC bulk (webl/weball 2016-2026),
H,SC,SC-07,2020,Regular,1,Melissa Ward Watson,150747.75,H0SC07029,Tom Rice,1415987.79,H2SC07066,FEC bulk (webl/weball 2016-2026),
H,SC,SC-07,2022,Regular,1,Daryl Scott,0,,Russell Fry,1428232.9,H2SC07280,FEC bulk (webl/weball 2016-2026),dem:no-fec-filings(sub-threshold)
H,SC,SC-07,2024,Regular,1,Mal Hyman,89555.08,H6SC07018,Russell Fry,1511709.79,H2SC07280,FEC bulk (webl/weball 2016-2026),
H,SC,SC-07,2026,Upcoming,1,John Vincent,297263.53,H6SC07034,Russell Fry,1720802.74,H2SC07280,FEC bulk (webl/weball 2016-2026),
H,SD,SD-01,2016,Regular,1,Paula Hawks,402739.72,H6SD01091,Kristi Noem,2346017.66,H0SD00054,FEC bulk (webl/weball 2016-2026),
H,SD,SD-01,2018,Regular,1,Tim Bjorkman,875434.85,H8SD01097,Dusty Johnson,1668537.77,H8SD01055,FEC bulk (webl/weball 2016-2026),
H,SD,SD-01,2020,Regular,0,Uriah Luallin,0,,Dusty Johnson,1694504.29,H8SD01055,FEC bulk (webl/weball 2016-2026),dem:no-fec-filings(sub-threshold)
H,SD,SD-01,2022,Regular,0,Collin Duprel,0,,Dusty Johnson,2588609.66,H8SD01055,FEC bulk (webl/weball 2016-2026),dem:no-fec-filings(sub-threshold)
H,SD,SD-01,2024,Regular,1,Sheryl Johnson,223982.88,H4SD00064,Dusty Johnson,4377059.46,H8SD01055,FEC bulk (webl/weball 2016-2026),
H,SD,SD-01,2026,Upcoming,1,Nicole Gronli,261763.52,H6SD01141,Marty Jackley,1438706.43,H6SD01109,FEC bulk (webl/weball 2016-2026),
H,TN,TN-01,2016,Regular,1,Alan Bohms,0,,David Roe,403651.27,H6TN01388,FEC bulk (webl/weball 2016-2026),dem:no-fec-filings(sub-threshold)
H,TN,TN-01,2018,Regular,1,Marty Olsen,163457.48,H8TN01079,David Roe,358884.0,H6TN01388,FEC bulk (webl/weball 2016-2026),
H,TN,TN-01,2020,Regular,1,Blair Walsingham,185084.45,H0TN01092,Diana Harshbarger,2128671.5,H0TN01118,FEC bulk (webl/weball 2016-2026),
H,TN,TN-01,2022,Regular,1,Cameron Parsons,0,,Diana Harshbarger,2000622.04,H0TN01118,FEC bulk (webl/weball 2016-2026),dem:no-fec-filings(sub-threshold)
H,TN,TN-01,2024,Regular,1,Kevin Jenkins,0,,Diana Harshbarger,1930833.49,H0TN01118,FEC bulk (webl/weball 2016-2026),dem:no-fec-filings(sub-threshold)
H,TN,TN-01,2026,Upcoming,1,Kristi Burke,101983.51,H6TN01537,Diana Harshbarger,1274193.78,H0TN01118,FEC bulk (webl/weball 2016-2026),
H,TN,TN-02,2016,Regular,1,Stuart Starr,0,,John Duncan,382499.02,H8TN02069,FEC bulk (webl/weball 2016-2026),dem:no-fec-filings(sub-threshold)
H,TN,TN-02,2018,Regular,1,Renee Hoyos,351595.19,H8TN02176,Tim Burchett,1094057.68,H8TN02119,FEC bulk (webl/weball 2016-2026),
H,TN,TN-02,2020,Regular,1,Renee Hoyos,815388.01,H8TN02176,Tim Burchett,1347006.19,H8TN02119,FEC bulk (webl/weball 2016-2026),
H,TN,TN-02,2022,Regular,1,Mark Harmon,83126.99,H2TN02120,Tim Burchett,1427400.67,H8TN02119,FEC bulk (webl/weball 2016-2026),
H,TN,TN-02,2024,Regular,1,Jane George,264281.11,H4TN02084,Tim Burchett,1238069.79,H8TN02119,FEC bulk (webl/weball 2016-2026),
H,TN,TN-02,2026,Upcoming,1,Michaela Barnett,397583.78,H6TN02170,Tim Burchett,2428734.15,H8TN02119,FEC bulk (webl/weball 2016-2026),
H,TN,TN-03,2016,Regular,1,Melody Shekari,100120.43,H6TN03152,Chuck Fleischmann,1647860.81,H0TN03254,FEC bulk (webl/weball 2016-2026),
H,TN,TN-03,2018,Regular,1,Danielle Mitchell,293347.43,H8TN03208,Chuck Fleischmann,1262508.05,H0TN03254,FEC bulk (webl/weball 2016-2026),
H,TN,TN-03,2020,Regular,1,Meg Gorman,86664.43,H0TN03452,Chuck Fleischmann,1057453.39,H0TN03254,FEC bulk (webl/weball 2016-2026),
H,TN,TN-03,2022,Regular,1,Meg Gorman,62513.68,H0TN03452,Chuck Fleischmann,1058051.28,H0TN03254,FEC bulk (webl/weball 2016-2026),
H,TN,TN-03,2024,Regular,1,Jack Allen,193621.8,H4TN03199,Chuck Fleischmann,1897639.52,H0TN03254,FEC bulk (webl/weball 2016-2026),
H,TN,TN-03,2026,Upcoming,1,Joel Hawn,140.0,H6TN03202,Chuck Fleischmann,2330803.33,H0TN03254,FEC bulk (webl/weball 2016-2026),
H,TN,TN-04,2016,Regular,1,Steven Reynolds,62387.76,H6TN04200,Scott DesJarlais,607723.43,H0TN04195,FEC bulk (webl/weball 2016-2026),
H,TN,TN-04,2018,Regular,1,Mariah Phillips,586593.59,H8TN04099,Scott DesJarlais,544684.66,H0TN04195,FEC bulk (webl/weball 2016-2026),
H,TN,TN-04,2020,Regular,1,Christopher Hale,315755.75,H8TN04107,Scott DesJarlais,332278.55,H0TN04195,FEC bulk (webl/weball 2016-2026),
H,TN,TN-04,2022,Regular,1,Wayne Steele,11084.8,H8TN04123,Scott DesJarlais,174860.33,H0TN04195,FEC bulk (webl/weball 2016-2026),
H,TN,TN-04,2024,Regular,1,Victoria Isabel Broderick,111892.94,H4TN04270,Scott DesJarlais,305905.38,H0TN04195,FEC bulk (webl/weball 2016-2026),
H,TN,TN-04,2026,Upcoming,1,Victoria Broderick,59771.71,H4TN04270,Scott DesJarlais,536842.93,H0TN04195,FEC bulk (webl/weball 2016-2026),
H,TN,TN-05,2016,Regular,1,Jim Cooper,653995.05,H2TN05131,Stacy Ries Snyder,93199.95,H6TN05322,FEC bulk (webl/weball 2016-2026),
H,TN,TN-05,2018,Regular,1,Jim Cooper,559925.14,H2TN05131,Jody Ball,0.0,H6TN05314,FEC bulk (webl/weball 2016-2026),
H,TN,TN-05,2020,Regular,0,Jim Cooper,939747.01,H2TN05131,,,,FEC bulk (webl/weball 2016-2026),
H,TN,TN-05,2022,Regular,1,Heidi Campbell,1089821.42,H2TN05438,Andy Ogles,1013475.52,H2TN05446,FEC bulk (webl/weball 2016-2026),
H,TN,TN-05,2024,Regular,1,Maryam Abolfazli,428527.89,H4TN05145,Andrew Ogles,986220.73,H2TN05446,FEC bulk (webl/weball 2016-2026),
H,TN,TN-05,2026,Upcoming,1,Chaz Molder,2599774.57,H6TN05397,Andy Ogles,613134.73,H2TN05446,FEC bulk (webl/weball 2016-2026),
H,TN,TN-06,2016,Regular,1,David Kent,6204.03,H6TN06155,Diane Black,1818177.58,H0TN06257,FEC bulk (webl/weball 2016-2026),
H,TN,TN-06,2018,Regular,1,Dawn Barlow,44570.15,H8TN06128,John Rose,5241823.34,H8TN06094,FEC bulk (webl/weball 2016-2026),
H,TN,TN-06,2020,Regular,1,Christopher Martin Finley,0,,John Rose,1582985.81,H8TN06094,FEC bulk (webl/weball 2016-2026),dem:no-fec-filings(sub-threshold)
H,TN,TN-06,2022,Regular,1,Randal Cooper,2952.09,H2TN06162,John Rose,2055441.26,H8TN06094,FEC bulk (webl/weball 2016-2026),
H,TN,TN-06,2024,Regular,1,Lore Bergman,9791.55,H4TN06226,John Rose,1861461.35,H8TN06094,FEC bulk (webl/weball 2016-2026),
H,TN,TN-06,2026,Upcoming,1,Chaney Mosley,86869.09,H6TN06270,John Rose,77876.95,H8TN06094,FEC bulk (webl/weball 2016-2026),
H,TN,TN-07,2016,Regular,1,Tharon Chandler,0,,Marsha Blackburn,2239550.04,H2TN06030,FEC bulk (webl/weball 2016-2026),dem:no-fec-filings(sub-threshold)
H,TN,TN-07,2018,Regular,1,Justin Kanew,494481.5,H8TN07068,Mark Green,2461275.21,H8TN07076,FEC bulk (webl/weball 2016-2026),
H,TN,TN-07,2020,Regular,1,Kiran Sreepada,206644.28,H0TN07255,Mark Green,1284960.47,H8TN07076,FEC bulk (webl/weball 2016-2026),
H,TN,TN-07,2022,Regular,1,Odessa Kelly,0,,Mark Green,1768891.7,H8TN07076,FEC bulk (webl/weball 2016-2026),dem:no-fec-filings(sub-threshold)
H,TN,TN-07,2024,Regular,1,Megan Barry,1246179.55,H4TN07133,Mark Green,2193882.05,H8TN07076,FEC bulk (webl/weball 2016-2026),
H,TN,TN-07,2026,Upcoming,1,Darden Copeland,868614.64,H6TN07286,Matt Van Epps,2300690.32,H6TN07161,FEC bulk (webl/weball 2016-2026),
H,TN,TN-08,2016,Regular,1,Rickey Hobson,0,,David Kustoff,1397459.98,H2TN07103,FEC bulk (webl/weball 2016-2026),dem:no-fec-filings(sub-threshold)
H,TN,TN-08,2018,Regular,1,Erika Stotts Pearson,9494.81,H6TN08250,David Kustoff,1792247.33,H2TN07103,FEC bulk (webl/weball 2016-2026),
H,TN,TN-08,2020,Regular,1,Erika Stotts Pearson,19271.68,H6TN08250,David Kustoff,1718361.51,H2TN07103,FEC bulk (webl/weball 2016-2026),
H,TN,TN-08,2022,Regular,1,Lynnette Williams,1025.0,H2TN08184,David Kustoff,1913469.28,H2TN07103,FEC bulk (webl/weball 2016-2026),
H,TN,TN-08,2024,Regular,1,Sarah Freeman,37090.24,H4TN08123,David Kustoff,2498788.64,H2TN07103,FEC bulk (webl/weball 2016-2026),
H,TN,TN-08,2026,Upcoming,1,William Wicker,0,,David Kustoff,2232874.39,H2TN07103,FEC bulk (webl/weball 2016-2026),dem:no-fec-filings(sub-threshold)
H,TN,TN-09,2016,Regular,1,Steve Cohen,615634.82,H6TN09068,Wayne Alberson,0,,FEC bulk (webl/weball 2016-2026),rep:no-fec-filings(sub-threshold)
H,TN,TN-09,2018,Regular,1,Steve Cohen,532415.26,H6TN09068,Charlotte Bergmann,0,,FEC bulk (webl/weball 2016-2026),rep:api-backfill:confirmed-no-filings
H,TN,TN-09,2020,Regular,1,Steve Cohen,608930.06,H6TN09068,Charlotte Bergmann,102449.89,H0TN09061,FEC bulk (webl/weball 2016-2026),rep:api-backfill
H,TN,TN-09,2022,Regular,1,Steve Cohen,546322.08,H6TN09068,Charlotte Bergmann,37216.54,H0TN09061,FEC bulk (webl/weball 2016-2026),
H,TN,TN-09,2024,Regular,1,Steve Cohen,703466.48,H6TN09068,Charlotte Bergmann,57468.61,H0TN09061,FEC bulk (webl/weball 2016-2026),
H,TN,TN-09,2026,Upcoming,1,Steve Cohen,776210.64,H6TN09068,Charlotte Bergmann,66901.55,H0TN09061,FEC bulk (webl/weball 2016-2026),
H,TX,TX-01,2016,Regular,1,Shirley McKellar,13358.34,H2TX01062,Louie Gohmert,742484.6,H4TX04039,FEC bulk (webl/weball 2016-2026),
H,TX,TX-01,2018,Regular,1,Shirley McKellar,48199.13,H2TX01062,Louie Gohmert,826202.18,H4TX04039,FEC bulk (webl/weball 2016-2026),
H,TX,TX-01,2020,Regular,1,Hank Gilbert,803627.69,H0TX01108,Louie Gohmert,564861.28,H4TX04039,FEC bulk (webl/weball 2016-2026),
H,TX,TX-01,2022,Regular,1,JJ Jefferson,128130.6,H2TX01146,Nathaniel Moran,1051039.2,H2TX01112,FEC bulk (webl/weball 2016-2026),
H,TX,TX-01,2024,Regular,0,,,,Nathaniel Moran,1084376.71,H2TX01112,FEC bulk (webl/weball 2016-2026),
H,TX,TX-01,2026,Upcoming,1,Generic Democrat,0,,Nathaniel Moran,1797847.68,H2TX01112,FEC bulk (webl/weball 2016-2026),dem:no-fec-filings(sub-threshold)
H,TX,TX-02,2016,Regular,1,Pat Bryan,14417.05,H6TX02160,Ted Poe,838509.88,H4TX02108,FEC bulk (webl/weball 2016-2026),
H,TX,TX-02,2018,Regular,1,Todd Litton,1536148.54,H8TX02067,Dan Crenshaw,1865423.71,H8TX02166,FEC bulk (webl/weball 2016-2026),
H,TX,TX-02,2020,Regular,1,Sima Ladjevardian,3894082.83,H0TX02106,Dan Crenshaw,19485631.71,H8TX02166,FEC bulk (webl/weball 2016-2026),
H,TX,TX-02,2022,Regular,1,Robin Fulford,231492.19,H2TX02383,Dan Crenshaw,15916738.83,H8TX02166,FEC bulk (webl/weball 2016-2026),
H,TX,TX-02,2024,Regular,1,Peter Filler,8114.5,H4TX02181,Dan Crenshaw,4138444.96,H8TX02166,FEC bulk (webl/weball 2016-2026),
H,TX,TX-02,2026,Upcoming,1,Shaun Finnie,2729676.76,H6TX02251,Steve Toth,824450.0,H6TX08175,FEC bulk (webl/weball 2016-2026),
H,TX,TX-03,2016,Regular,1,Adam Bell,31392.0,H8TX03156,Sam Johnson,1100214.21,H2TX03118,FEC bulk (webl/weball 2016-2026),dem:api-backfill
H,TX,TX-03,2018,Regular,1,Lorie Burch,320882.91,H8TX03099,Van Taylor,4666182.91,H8TX03123,FEC bulk (webl/weball 2016-2026),
H,TX,TX-03,2020,Regular,1,Lulu Seikaly,1654380.18,H0TX03120,Van Taylor,3107848.12,H8TX03123,FEC bulk (webl/weball 2016-2026),
H,TX,TX-03,2022,Regular,1,Sandeep Srivastava,451102.93,H2TX03274,Keith Self,592898.76,H2TX00064,FEC bulk (webl/weball 2016-2026),rep:api-backfill
H,TX,TX-03,2024,Regular,1,Sandeep Srivastava,430070.56,H2TX03274,Keith Self,735660.61,H2TX00064,FEC bulk (webl/weball 2016-2026),rep:api-backfill
H,TX,TX-03,2026,Upcoming,1,Evan Hunt,446505.53,H6TX03234,Keith Self,645502.77,H2TX00064,FEC bulk (webl/weball 2016-2026),
H,TX,TX-04,2016,Regular,0,Cody Wommack,0,,John Ratcliffe,927771.79,H4TX04153,FEC bulk (webl/weball 2016-2026),dem:no-fec-filings(sub-threshold)
H,TX,TX-04,2018,Regular,1,Catherine Krantz,29171.29,H8TX04162,John Ratcliffe,1072294.97,H4TX04153,FEC bulk (webl/weball 2016-2026),
H,TX,TX-04,2020,Regular,1,Russell Foster,0,,Pat Fallon,257176.31,H0TX04219,FEC bulk (webl/weball 2016-2026),dem:no-fec-filings(sub-threshold)
H,TX,TX-04,2022,Regular,1,Iro Omere,74498.85,H2TX04124,Pat Fallon,1009595.34,H0TX04219,FEC bulk (webl/weball 2016-2026),
H,TX,TX-04,2024,Regular,1,Simon Cardell,17744.56,H4TX04161,Pat Fallon,799721.08,H0TX04219,FEC bulk (webl/weball 2016-2026),
H,TX,TX-04,2026,Upcoming,1,Jason Pearce,16271.09,H6TX04174,Pat Fallon,790505.39,H0TX04219,FEC bulk (webl/weball 2016-2026),
H,TX,TX-05,2016,Regular,0,Ken Ashby,0,,Jeb Hensarling,2258314.34,H2TX05121,FEC bulk (webl/weball 2016-2026),dem:no-fec-filings(sub-threshold)
H,TX,TX-05,2018,Regular,1,Dan Wood,124934.57,H8TX05086,Lance Gooden,1038984.33,H8TX05144,FEC bulk (webl/weball 2016-2026),
H,TX,TX-05,2020,Regular,1,Carolyn Salter,318997.93,H0TX05109,Lance Gooden,1610327.03,H8TX05144,FEC bulk (webl/weball 2016-2026),
H,TX,TX-05,2022,Regular,1,Tartisha Hill,13686.03,H2TX05246,Lance Gooden,1038969.23,H8TX05144,FEC bulk (webl/weball 2016-2026),
H,TX,TX-05,2024,Regular,1,Truth Torres,39343.31,H2TX05253,Lance Gooden,1136643.85,H8TX05144,FEC bulk (webl/weball 2016-2026),
H,TX,TX-05,2026,Upcoming,1,Ruth Torres,20748.0,H2TX05253,Lance Gooden,1341647.18,H8TX05144,FEC bulk (webl/weball 2016-2026),
H,TX,TX-06,2016,Regular,1,Ruby Faye Woolridge,27339.05,H6TX06203,Joe Barton,1350975.29,H4TX06117,FEC bulk (webl/weball 2016-2026),
H,TX,TX-06,2018,Regular,1,Jana Lynne Sanchez,737861.14,H8TX06183,Ron Wright,707057.75,H8TX06233,FEC bulk (webl/weball 2016-2026),
H,TX,TX-06,2020,Regular,1,Stephen Daniel,681820.75,H0TX06099,Ron Wright,923531.7,H8TX06233,FEC bulk (webl/weball 2016-2026),
H,TX,TX-06,2022,Regular,0,,,,Jake Ellzey,7160432.03,H8TX06266,FEC bulk (webl/weball 2016-2026),
H,TX,TX-06,2024,Regular,1,John Love,135300.64,H4TX06224,Jake Ellzey,6899715.28,H8TX06266,FEC bulk (webl/weball 2016-2026),
H,TX,TX-06,2026,Upcoming,1,Danny Minton,44283.0,H6TX25203,Jake Ellzey,4660384.9,H8TX06266,FEC bulk (webl/weball 2016-2026),
H,TX,TX-07,2016,Regular,1,James Cargas,68159.55,H2TX07036,John Abney Culberson,1216620.06,H0TX07055,FEC bulk (webl/weball 2016-2026),
H,TX,TX-07,2018,Regular,1,Lizzie Pannill Fletcher,6226876.79,H8TX07140,John Abney Culberson,3504457.9,H0TX07055,FEC bulk (webl/weball 2016-2026),
H,TX,TX-07,2020,Regular,1,Lizzie Fletcher,6405639.24,H8TX07140,Wesley Hunt,7611866.36,H0TX07170,FEC bulk (webl/weball 2016-2026),
H,TX,TX-07,2022,Regular,1,Lizzie Fletcher,3697115.69,H8TX07140,Johnny Teague,191713.98,H0TX09176,FEC bulk (webl/weball 2016-2026),
H,TX,TX-07,2024,Regular,1,Lizzie Fletcher,2440397.07,H8TX07140,Caroline Kane,196406.25,H4TX07099,FEC bulk (webl/weball 2016-2026),
H,TX,TX-07,2026,Upcoming,1,Lizzie Fletcher,1426056.98,H8TX07140,Alexander Hale,76577.59,H6TX07151,FEC bulk (webl/weball 2016-2026),
H,TX,TX-08,2016,Regular,0,,,,Kevin Brady,4838388.89,H6TX08100,FEC bulk (webl/weball 2016-2026),
H,TX,TX-08,2018,Regular,1,Steven David,34332.81,H8TX08080,Kevin Brady,5275171.36,H6TX08100,FEC bulk (webl/weball 2016-2026),
H,TX,TX-08,2020,Regular,1,Elizabeth Hernandez,17407.28,H0TX08129,Kevin Brady,3580511.92,H6TX08100,FEC bulk (webl/weball 2016-2026),
H,TX,TX-08,2022,Regular,1,Laura Jones,42027.58,H0TX08145,Morgan Luttrell,4750765.79,H2TX08182,FEC bulk (webl/weball 2016-2026),
H,TX,TX-08,2024,Regular,1,Laura Jones,49529.73,H0TX08145,Morgan Luttrell,1868399.92,H2TX08182,FEC bulk (webl/weball 2016-2026),
H,TX,TX-08,2026,Upcoming,1,Laura Jones,21980.0,H0TX08145,Jessica Steinmann,2064032.54,H6TX08209,FEC bulk (webl/weball 2016-2026),
H,TX,TX-09,2016,Regular,1,Al Green,706231.24,H4TX09095,Jeff Martin,0.0,H2TX22118,FEC bulk (webl/weball 2016-2026),
H,TX,TX-09,2018,Regular,0,Al Green,576042.32,H4TX09095,Phil Kurtz,0,,FEC bulk (webl/weball 2016-2026),rep:no-fec-filings(sub-threshold)
H,TX,TX-09,2020,Regular,1,Al Green,476563.73,H4TX09095,Johnny Teague,98348.17,H0TX09176,FEC bulk (webl/weball 2016-2026),
H,TX,TX-09,2022,Regular,1,Al Green,412570.26,H4TX09095,Jimmy Leon,1121.26,H2TX09156,FEC bulk (webl/weball 2016-2026),
H,TX,TX-09,2024,Regular,0,Al Green,392514.28,H4TX09095,,,,FEC bulk (webl/weball 2016-2026),
H,TX,TX-09,2026,Upcoming,1,Leticia Gutierrez,55357.9,H6TX09231,Alexandra Mealer,2080513.66,H6TX09140,FEC bulk (webl/weball 2016-2026),
H,TX,TX-10,2016,Regular,1,Tawana Cadien,6120.63,H2TX10113,Michael McCaul,1774897.36,H4TX10093,FEC bulk (webl/weball 2016-2026),
H,TX,TX-10,2018,Regular,1,Mike Siegel,489172.45,H8TX10110,Michael McCaul,1826789.13,H4TX10093,FEC bulk (webl/weball 2016-2026),
H,TX,TX-10,2020,Regular,1,Mike Siegel,2942987.88,H8TX10110,Michael McCaul,3873477.95,H4TX10093,FEC bulk (webl/weball 2016-2026),
H,TX,TX-10,2022,Regular,1,Linda Nuno,0,,Michael McCaul,2729647.14,H4TX10093,FEC bulk (webl/weball 2016-2026),dem:no-fec-filings(sub-threshold)
H,TX,TX-10,2024,Regular,1,Theresa Boisseau,100409.72,H4TX10226,Michael McCaul,3131114.63,H4TX10093,FEC bulk (webl/weball 2016-2026),
H,TX,TX-10,2026,Upcoming,1,Caitlin Rourk,363958.97,H6TX31102,Chris Gober,2559184.84,H6TX10221,FEC bulk (webl/weball 2016-2026),
H,TX,TX-11,2016,Regular,0,Nicholas Landholt,0,,Michael Conaway,1939446.23,H4TX19136,FEC bulk (webl/weball 2016-2026),dem:no-fec-filings(sub-threshold)
H,TX,TX-11,2018,Regular,1,Jennie Lou Leeder,85945.19,H8TX11100,Michael Conaway,2216759.4,H4TX19136,FEC bulk (webl/weball 2016-2026),
H,TX,TX-11,2020,Regular,1,Jon Mark Hogg,138321.63,H0TX11198,August Pfluger,2598806.26,H0TX11230,FEC bulk (webl/weball 2016-2026),
H,TX,TX-11,2022,Regular,0,,,,August Pfluger,3100563.17,H0TX11230,FEC bulk (webl/weball 2016-2026),
H,TX,TX-11,2024,Regular,0,,,,August Pfluger,3512299.49,H0TX11230,FEC bulk (webl/weball 2016-2026),
H,TX,TX-11,2026,Upcoming,1,Claire Reynolds,89281.36,H6TX11112,August Pfluger,3189023.09,H0TX11230,FEC bulk (webl/weball 2016-2026),
H,TX,TX-12,2016,Regular,1,Bill Bradshaw,525.0,H6TX12136,Kay Granger,1416152.97,H6TX12060,FEC bulk (webl/weball 2016-2026),
H,TX,TX-12,2018,Regular,1,Vanessa Adia,208585.35,H8TX12074,Kay Granger,2081275.83,H6TX12060,FEC bulk (webl/weball 2016-2026),
H,TX,TX-12,2020,Regular,1,Lisa Welch,122470.75,H0TX12238,Kay Granger,3247939.38,H6TX12060,FEC bulk (webl/weball 2016-2026),
H,TX,TX-12,2022,Regular,1,Trey Hunt,50182.13,H2TX12085,Kay Granger,2041432.69,H6TX12060,FEC bulk (webl/weball 2016-2026),
H,TX,TX-12,2024,Regular,1,Trey Hunt,29764.56,H2TX12085,Craig Goldman,3196797.92,H4TX12065,FEC bulk (webl/weball 2016-2026),
H,TX,TX-12,2026,Upcoming,1,Heli Rodriguez Prilliman,0,,Craig Goldman,1756535.34,H4TX12065,FEC bulk (webl/weball 2016-2026),dem:no-fec-filings(sub-threshold)
H,TX,TX-13,2016,Regular,0,Calvin DeWeese,0,,Mac Thornberry,1824829.15,H4TX13014,FEC bulk (webl/weball 2016-2026),dem:no-fec-filings(sub-threshold)
H,TX,TX-13,2018,Regular,1,Greg Sagan,50328.79,H8TX13163,Mac Thornberry,1372999.46,H4TX13014,FEC bulk (webl/weball 2016-2026),
H,TX,TX-13,2020,Regular,1,Gus Trujillo,22825.91,H0TX13152,Ronny Jackson,2151194.43,H0TX13228,FEC bulk (webl/weball 2016-2026),
H,TX,TX-13,2022,Regular,1,Kathleen Brown,199193.86,H2TX13117,Ronny Jackson,5097598.64,H0TX13228,FEC bulk (webl/weball 2016-2026),
H,TX,TX-13,2024,Regular,0,,,,Ronny Jackson,6668890.94,H0TX13228,FEC bulk (webl/weball 2016-2026),
H,TX,TX-13,2026,Upcoming,1,Mark Nair,98403.92,H6TX13159,Ronny Jackson,4036265.2,H0TX13228,FEC bulk (webl/weball 2016-2026),
H,TX,TX-14,2016,Regular,1,Michael Cole,21586.0,H2TX36134,Randy Weber,625262.86,H2TX14149,FEC bulk (webl/weball 2016-2026),
H,TX,TX-14,2018,Regular,1,Adrienne Bell,211626.33,H8TX14120,Randy Weber,805426.52,H2TX14149,FEC bulk (webl/weball 2016-2026),
H,TX,TX-14,2020,Regular,1,Adrienne Bell,248995.11,H8TX14120,Randy Weber,940860.14,H2TX14149,FEC bulk (webl/weball 2016-2026),
H,TX,TX-14,2022,Regular,1,Mikal Williams,77331.77,H0TX14218,Randy Weber,1036639.13,H2TX14149,FEC bulk (webl/weball 2016-2026),
H,TX,TX-14,2024,Regular,1,Rhonda Hart,24802.0,H4TX14111,Randy Weber,1194311.15,H2TX14149,FEC bulk (webl/weball 2016-2026),
H,TX,TX-14,2026,Upcoming,1,Richard Davis,31761.49,H6TX14173,Randy Weber,972560.89,H2TX14149,FEC bulk (webl/weball 2016-2026),
H,TX,TX-15,2016,Regular,1,Vicente Gonzalez,2426195.0,H6TX15162,Tim Westley,17567.1,H6TX15204,FEC bulk (webl/weball 2016-2026),
H,TX,TX-15,2018,Regular,1,Vicente Gonzalez,1311616.89,H6TX15162,Tim Westley,22531.0,H6TX15204,FEC bulk (webl/weball 2016-2026),
H,TX,TX-15,2020,Regular,1,Vicente Gonzalez,1257881.45,H6TX15162,Monica De La Cruz,422613.21,H0TX15124,FEC bulk (webl/weball 2016-2026),rep:api-backfill
H,TX,TX-15,2022,Regular,1,Michelle Vallejo,2346631.22,H2TX15203,Monica De La Cruz,4688233.32,H0TX15124,FEC bulk (webl/weball 2016-2026),
H,TX,TX-15,2024,Regular,1,Michelle Vallejo,2388898.64,H2TX15203,Monica De La Cruz,7936781.16,H0TX15124,FEC bulk (webl/weball 2016-2026),
H,TX,TX-15,2026,Upcoming,1,Bobby Pulido,2960461.93,H6TX15246,Monica De La Cruz,5273959.93,H0TX15124,FEC bulk (webl/weball 2016-2026),
H,TX,TX-16,2016,Regular,0,Beto O'Rourke,590656.43,H2TX16185,Jaime Perez,0,,FEC bulk (webl/weball 2016-2026),rep:no-fec-filings(sub-threshold)
H,TX,TX-16,2018,Regular,1,Veronica Escobar,1445479.43,H8TX16109,Rick Seeberger,50106.01,H8TX16133,FEC bulk (webl/weball 2016-2026),
H,TX,TX-16,2020,Regular,1,Veronica Escobar,1137105.39,H8TX16109,Irene Armendariz-Jackson,171496.53,H0TX16106,FEC bulk (webl/weball 2016-2026),
H,TX,TX-16,2022,Regular,1,Veronica Escobar,1295134.87,H8TX16109,Irene Armendariz-Jackson,389697.69,H0TX16106,FEC bulk (webl/weball 2016-2026),
H,TX,TX-16,2024,Regular,1,Veronica Escobar,1343214.49,H8TX16109,Irene Armendariz-Jackson,64300.34,H0TX16106,FEC bulk (webl/weball 2016-2026),
H,TX,TX-16,2026,Upcoming,1,Veronica Escobar,858766.28,H8TX16109,Generic Republican,0,,FEC bulk (webl/weball 2016-2026),rep:no-fec-filings(sub-threshold)
H,TX,TX-17,2016,Regular,1,William Matta,39642.9,H6TX17093,Bill Flores,1735450.88,H0TX17104,FEC bulk (webl/weball 2016-2026),
H,TX,TX-17,2018,Regular,1,Rick Kennedy,132158.58,H8TX17149,Bill Flores,1383574.93,H0TX17104,FEC bulk (webl/weball 2016-2026),
H,TX,TX-17,2020,Regular,1,Rick Kennedy,216825.56,H8TX17149,Pete Sessions,1485908.61,H2TX03126,FEC bulk (webl/weball 2016-2026),
H,TX,TX-17,2022,Regular,1,Mary Jo Woods,0,,Pete Sessions,1001775.53,H2TX03126,FEC bulk (webl/weball 2016-2026),dem:no-fec-filings(sub-threshold)
H,TX,TX-17,2024,Regular,1,Mark Lorenzen,35841.82,H4TX17114,Pete Sessions,1243303.06,H2TX03126,FEC bulk (webl/weball 2016-2026),
H,TX,TX-17,2026,Upcoming,1,Generic Democrat,0,,Pete Sessions,1050236.68,H2TX03126,FEC bulk (webl/weball 2016-2026),dem:no-fec-filings(sub-threshold)
H,TX,TX-18,2016,Regular,1,Sheila Jackson Lee,485724.07,H4TX18054,Lori Bartley,36335.71,H6TX18141,FEC bulk (webl/weball 2016-2026),
H,TX,TX-18,2018,Regular,1,Sheila Jackson Lee,731012.49,H4TX18054,Ava Reynero Pate,10883.41,H6TX18158,FEC bulk (webl/weball 2016-2026),
H,TX,TX-18,2020,Regular,1,Sheila Jackson Lee,1068464.88,H4TX18054,Wendell Champion,308539.5,H0TX18292,FEC bulk (webl/weball 2016-2026),
H,TX,TX-18,2022,Regular,1,Sheila Jackson Lee,977656.39,H4TX18054,Carmen Maria Montiel,126358.5,H2TX18207,FEC bulk (webl/weball 2016-2026),
H,TX,TX-18,2024,Regular,1,Sylvester Turner,652566.71,H4TX18237,Lana Centonze,69381.33,H4TX18161,FEC bulk (webl/weball 2016-2026),
H,TX,TX-18,2026,Upcoming,1,Democratic Candidate,0,,Ronald Whitfield,0,,FEC bulk (webl/weball 2016-2026),dem:no-fec-filings(sub-threshold);rep:no-fec-filings(sub-threshold)
H,TX,TX-19,2016,Regular,0,Troy Bonar,0,,Jodey Arrington,1593170.88,H6TX19099,FEC bulk (webl/weball 2016-2026),dem:no-fec-filings(sub-threshold)
H,TX,TX-19,2018,Regular,1,Miguel Levario,103195.04,H8TX19111,Jodey Arrington,1368767.02,H6TX19099,FEC bulk (webl/weball 2016-2026),
H,TX,TX-19,2020,Regular,1,Tom Watson,49404.55,H0TX19068,Jodey Arrington,2535447.58,H6TX19099,FEC bulk (webl/weball 2016-2026),
H,TX,TX-19,2022,Regular,0,Nathan Lewis,2531.53,H2TX19072,Jodey Arrington,2070671.6,H6TX19099,FEC bulk (webl/weball 2016-2026),
H,TX,TX-19,2024,Regular,0,Nathan Lewis,0,H2TX02417,Jodey Arrington,3269201.47,H6TX19099,FEC bulk (webl/weball 2016-2026),dem:api-backfill
H,TX,TX-19,2026,Upcoming,1,Kyle Rable,31275.77,H6TX19198,Tom Sell,2143025.47,H6TX19206,FEC bulk (webl/weball 2016-2026),
H,TX,TX-20,2016,Regular,0,Joaquin Castro,1204584.21,H2TX35011,Jeffrey Blunt,0,,FEC bulk (webl/weball 2016-2026),rep:no-fec-filings(sub-threshold)
H,TX,TX-20,2018,Regular,0,Joaquin Castro,956681.17,H2TX35011,Jeffrey Blunt,0,,FEC bulk (webl/weball 2016-2026),rep:no-fec-filings(sub-threshold)
H,TX,TX-20,2020,Regular,1,Joaquin Castro,705568.45,H2TX35011,Mauro Garza,308032.31,H8TX21331,FEC bulk (webl/weball 2016-2026),
H,TX,TX-20,2022,Regular,1,Joaquin Castro,682068.98,H2TX35011,Kyle Sinclair,293147.37,H2TX20096,FEC bulk (webl/weball 2016-2026),
H,TX,TX-20,2024,Regular,0,Joaquin Castro,689806.69,H2TX35011,,,,FEC bulk (webl/weball 2016-2026),
H,TX,TX-20,2026,Upcoming,1,Joaquin Castro,514776.02,H2TX35011,Edgardo Baez,48535.9,H6TX20113,FEC bulk (webl/weball 2016-2026),
H,TX,TX-21,2016,Regular,1,Tom Wakely,70714.74,H6TX21228,Lamar Smith,1590453.96,H6TX21012,FEC bulk (webl/weball 2016-2026),
H,TX,TX-21,2018,Regular,1,Joseph Kopser,3251481.82,H8TX21190,Chip Roy,1895147.95,H8TX21307,FEC bulk (webl/weball 2016-2026),
H,TX,TX-21,2020,Regular,1,Wendy Davis,10428476.26,H0TX21148,Chip Roy,5098026.87,H8TX21307,FEC bulk (webl/weball 2016-2026),
H,TX,TX-21,2022,Regular,1,Claudia Andreana Zapata,118238.36,H2TX35128,Chip Roy,2344485.0,H8TX21307,FEC bulk (webl/weball 2016-2026),
H,TX,TX-21,2024,Regular,1,Kristin Hook,514005.34,H4TX21108,Chip Roy,2899549.54,H8TX21307,FEC bulk (webl/weball 2016-2026),
H,TX,TX-21,2026,Upcoming,1,Kristin Hook,243839.48,H4TX21108,Mark Teixeira,4177191.15,H6TX21301,FEC bulk (webl/weball 2016-2026),
H,TX,TX-22,2016,Regular,1,Mark Gibson,24584.0,H4TX22163,Pete Olson,1551907.95,H8TX22107,FEC bulk (webl/weball 2016-2026),
H,TX,TX-22,2018,Regular,1,Sri Preston Kulkarni,1637103.82,H8TX22313,Pete Olson,1538411.12,H8TX22107,FEC bulk (webl/weball 2016-2026),
H,TX,TX-22,2020,Regular,1,Sri Preston Kulkarni,5781704.79,H8TX22313,Troy Nehls,1818077.11,H0TX22302,FEC bulk (webl/weball 2016-2026),
H,TX,TX-22,2022,Regular,1,Jamie Kaye Jordan,0,,Troy Nehls,1375505.92,H0TX22302,FEC bulk (webl/weball 2016-2026),dem:no-fec-filings(sub-threshold)
H,TX,TX-22,2024,Regular,1,Marquette Greene-Scott,68733.64,H4TX22197,Troy Nehls,896335.99,H0TX22302,FEC bulk (webl/weball 2016-2026),
H,TX,TX-22,2026,Upcoming,1,Marquette Greene-Scott,53760.63,H4TX22197,Trever Nehls,206463.02,H6TX22283,FEC bulk (webl/weball 2016-2026),
H,TX,TX-23,2016,Regular,1,Pete Gallego,2198475.57,H2TX23124,Will Hurd,4184833.18,H0TX23086,FEC bulk (webl/weball 2016-2026),
H,TX,TX-23,2018,Regular,1,Gina Ortiz Jones,6195216.24,H8TX23121,Will Hurd,5163892.22,H0TX23086,FEC bulk (webl/weball 2016-2026),
H,TX,TX-23,2020,Regular,1,Gina Ortiz Jones,6918062.11,H8TX23121,Tony Gonzales,2882972.22,H0TX35015,FEC bulk (webl/weball 2016-2026),
H,TX,TX-23,2022,Regular,1,John Lira,675078.71,H2TX23132,Tony Gonzales,4307414.2,H0TX35015,FEC bulk (webl/weball 2016-2026),
H,TX,TX-23,2024,Regular,1,Limon,127205.3,H4TX23138,Tony Gonzales,5949591.43,H0TX35015,FEC bulk (webl/weball 2016-2026),
H,TX,TX-23,2026,Upcoming,1,Katy Padilla Stout,484915.03,H6TX23273,Brandon Herrera,1937718.78,H4TX23120,FEC bulk (webl/weball 2016-2026),
H,TX,TX-24,2016,Regular,1,Jan McDowell,21914.69,H6TX24149,Kenny Marchant,1033312.66,H4TX24094,FEC bulk (webl/weball 2016-2026),
H,TX,TX-24,2018,Regular,1,Jan McDowell,108709.32,H6TX24149,Kenny Marchant,1243732.28,H4TX24094,FEC bulk (webl/weball 2016-2026),
H,TX,TX-24,2020,Regular,1,Candace Valenzuela,4945025.58,H0TX24175,Beth Van Duyne,3430323.45,H0TX24209,FEC bulk (webl/weball 2016-2026),
H,TX,TX-24,2022,Regular,1,Jan McDowell,136070.11,H6TX24149,Beth Van Duyne,3782404.28,H0TX24209,FEC bulk (webl/weball 2016-2026),
H,TX,TX-24,2024,Regular,1,Sam Eppler,1161955.52,H2TX24197,Beth Van Duyne,3126069.38,H0TX24209,FEC bulk (webl/weball 2016-2026),
H,TX,TX-24,2026,Upcoming,1,Generic Democrat,0,,Beth Van Duyne,2540737.63,H0TX24209,FEC bulk (webl/weball 2016-2026),dem:no-fec-filings(sub-threshold)
H,TX,TX-25,2016,Regular,1,Kathi Thomas,55579.27,H6TX25179,Roger Williams,1718990.87,H2TX33040,FEC bulk (webl/weball 2016-2026),
H,TX,TX-25,2018,Regular,1,Julie Oliver,645926.18,H8TX25159,Roger Williams,1651609.99,H2TX33040,FEC bulk (webl/weball 2016-2026),
H,TX,TX-25,2020,Regular,1,Julie Oliver,2228218.18,H8TX25159,Roger Williams,2446005.09,H2TX33040,FEC bulk (webl/weball 2016-2026),
H,TX,TX-25,2022,Regular,0,,,,Roger Williams,1788358.21,H2TX33040,FEC bulk (webl/weball 2016-2026),
H,TX,TX-25,2024,Regular,0,,,,Roger Williams,1916400.0,H2TX33040,FEC bulk (webl/weball 2016-2026),
H,TX,TX-25,2026,Upcoming,1,Dione Sims,0,,Roger Williams,1424050.12,H2TX33040,FEC bulk (webl/weball 2016-2026),dem:no-fec-filings(sub-threshold)
H,TX,TX-26,2016,Regular,1,Eric Mauck,0,,Michael Burgess,1364055.55,H2TX26093,FEC bulk (webl/weball 2016-2026),dem:no-fec-filings(sub-threshold)
H,TX,TX-26,2018,Regular,1,Linsey Fagan,176157.24,H8TX26124,Michael Burgess,1684056.21,H2TX26093,FEC bulk (webl/weball 2016-2026),
H,TX,TX-26,2020,Regular,1,Carol Iannuzzi,121500.58,H0TX26121,Michael Burgess,1827226.5,H2TX26093,FEC bulk (webl/weball 2016-2026),
H,TX,TX-26,2022,Regular,0,Mike Kolls,0,,Michael Burgess,1359624.07,H2TX26093,FEC bulk (webl/weball 2016-2026),dem:no-fec-filings(sub-threshold)
H,TX,TX-26,2024,Regular,1,Ernest Lineberger,110143.3,H4TX26172,Brandon Gill,1779342.5,H4TX26149,FEC bulk (webl/weball 2016-2026),
H,TX,TX-26,2026,Upcoming,1,Steven Shook,17226.54,H6TX26144,Brandon Gill,4217213.29,H4TX26149,FEC bulk (webl/weball 2016-2026),
H,TX,TX-27,2016,Regular,1,Roy Barrera,23558.99,H6TX27092,Blake Farenthold,1103979.0,H0TX27061,FEC bulk (webl/weball 2016-2026),
H,TX,TX-27,2018,Regular,1,Eric Holguin,202465.79,H8TX27056,Michael Cloud,746292.27,H8TX27049,FEC bulk (webl/weball 2016-2026),
H,TX,TX-27,2020,Regular,1,Rick De La Fuente,1262407.84,H0TX27087,Michael Cloud,1019271.64,H8TX27049,FEC bulk (webl/weball 2016-2026),
H,TX,TX-27,2022,Regular,1,Maclovio Perez,11098.1,H2TX27299,Michael Cloud,1076329.45,H8TX27049,FEC bulk (webl/weball 2016-2026),
H,TX,TX-27,2024,Regular,1,Tanya Lloyd,60032.08,H4TX27089,Michael Cloud,798397.1,H8TX27049,FEC bulk (webl/weball 2016-2026),
H,TX,TX-27,2026,Upcoming,1,Tanya Lloyd,139788.08,H4TX27089,Michael Cloud,1062240.61,H8TX27049,FEC bulk (webl/weball 2016-2026),
H,TX,TX-28,2016,Regular,1,Henry Cuellar,1689931.66,H2TX23082,Zeffen Hardin,0,,FEC bulk (webl/weball 2016-2026),rep:no-fec-filings(sub-threshold)
H,TX,TX-28,2018,Regular,0,Henry Cuellar,1659081.5,H2TX23082,Arthur Thomas IV,40355.2,H8TX25126,FEC bulk (webl/weball 2016-2026),
H,TX,TX-28,2020,Regular,1,Henry Cuellar,2752019.23,H2TX23082,Sandra Whitten,24833.76,H0TX28069,FEC bulk (webl/weball 2016-2026),
H,TX,TX-28,2022,Regular,1,Henry Cuellar,4711961.12,H2TX23082,Cassy Garcia,3485707.38,H2TX28149,FEC bulk (webl/weball 2016-2026),
H,TX,TX-28,2024,Regular,1,Henry Cuellar,2492808.62,H2TX23082,Jay Furman,780703.95,H4TX28129,FEC bulk (webl/weball 2016-2026),
H,TX,TX-28,2026,Upcoming,1,Henry Cuellar,2231952.32,H2TX23082,Tano Tijerina,1399881.03,H6TX28124,FEC bulk (webl/weball 2016-2026),
H,TX,TX-29,2016,Regular,1,Gene Green,1804288.75,H2TX29030,Julio Garza,0.0,H2TX27166,FEC bulk (webl/weball 2016-2026),
H,TX,TX-29,2018,Regular,1,Sylvia Garcia,1249436.99,H8TX29052,Phillip Aronoff,98542.03,H8TX29094,FEC bulk (webl/weball 2016-2026),
H,TX,TX-29,2020,Regular,1,Sylvia Garcia,856155.61,H8TX29052,Jaimy Blanco,13235.7,H8TX29110,FEC bulk (webl/weball 2016-2026),rep:api-backfill
H,TX,TX-29,2022,Regular,1,Sylvia Garcia,940934.37,H8TX29052,Robert Schafranek,0,,FEC bulk (webl/weball 2016-2026),rep:no-fec-filings(sub-threshold)
H,TX,TX-29,2024,Regular,1,Sylvia Garcia,938007.37,H8TX29052,Alan Garza,34169.18,H4TX29036,FEC bulk (webl/weball 2016-2026),
H,TX,TX-29,2026,Upcoming,1,Sylvia Garcia,987402.39,H8TX29052,Martha Fierro,0.0,H6TX29122,FEC bulk (webl/weball 2016-2026),
H,TX,TX-30,2016,Regular,1,Eddie Bernice Johnson,383489.59,H2TX00015,Charles Lingerfelt,0,,FEC bulk (webl/weball 2016-2026),rep:no-fec-filings(sub-threshold)
H,TX,TX-30,2018,Regular,0,Eddie Bernice Johnson,506030.77,H2TX00015,Shawn Jones,6195216.24,H8TX23121,FEC bulk (webl/weball 2016-2026),
H,TX,TX-30,2020,Regular,1,Eddie Bernice Johnson,591095.55,H2TX00015,Tre Pennie,311551.27,H0TX32053,FEC bulk (webl/weball 2016-2026),
H,TX,TX-30,2022,Regular,1,Jasmine Crockett,970008.57,H2TX30178,James Rodgers,64725.05,H2TX30236,FEC bulk (webl/weball 2016-2026),
H,TX,TX-30,2024,Regular,0,Jasmine Crockett,3114949.74,H2TX30178,J J Jefferson,0.0,H2TX01146,FEC bulk (webl/weball 2016-2026),
H,TX,TX-30,2026,Upcoming,1,Frederick Haynes,420152.72,H6TX30245,Sholdon Daniels,357414.72,H4TX30109,FEC bulk (webl/weball 2016-2026),
H,TX,TX-31,2016,Regular,1,Mike Clark,28317.41,H6TX31045,John Carter,1062407.96,H2TX31044,FEC bulk (webl/weball 2016-2026),
H,TX,TX-31,2018,Regular,1,MJ Hegar,5122102.12,H8TX31058,John Carter,1820252.88,H2TX31044,FEC bulk (webl/weball 2016-2026),
H,TX,TX-31,2020,Regular,1,Donna Imam,1242168.22,H0TX31097,John Carter,2168867.75,H2TX31044,FEC bulk (webl/weball 2016-2026),
H,TX,TX-31,2022,Regular,0,,,,John Carter,1339836.16,H2TX31044,FEC bulk (webl/weball 2016-2026),
H,TX,TX-31,2024,Regular,1,Stuart Whitlow,311836.57,H4TX31081,John Carter,1217908.23,H2TX31044,FEC bulk (webl/weball 2016-2026),
H,TX,TX-31,2026,Upcoming,1,Justin Early,123521.78,H6TX31094,John Carter,1419042.42,H2TX31044,FEC bulk (webl/weball 2016-2026),
H,TX,TX-32,2016,Regular,0,Ed Rankin,0,,Pete Sessions,2406308.5,H2TX03126,FEC bulk (webl/weball 2016-2026),dem:no-fec-filings(sub-threshold)
H,TX,TX-32,2018,Regular,1,Colin Allred,5972679.56,H8TX32098,Pete Sessions,5098437.38,H2TX03126,FEC bulk (webl/weball 2016-2026),
H,TX,TX-32,2020,Regular,1,Colin Allred,5777600.05,H8TX32098,Genevieve Collins,6014678.85,H0TX32087,FEC bulk (webl/weball 2016-2026),
H,TX,TX-32,2022,Regular,1,Colin Allred,3471591.94,H8TX32098,Antonio Swad,2386122.49,H2TX32166,FEC bulk (webl/weball 2016-2026),
H,TX,TX-32,2024,Regular,1,Julie Johnson,2071913.87,H4TX32089,Darrell Day,232281.55,H2TX32182,FEC bulk (webl/weball 2016-2026),
H,TX,TX-32,2026,Upcoming,1,Dan Barrios,96537.88,H6TX32217,Jace Yarbrough,865910.91,H6TX32225,FEC bulk (webl/weball 2016-2026),
H,TX,TX-33,2016,Regular,1,Marc Veasey,1408175.76,H2TX33073,Mark Mitchell,29870.04,H2TX33099,FEC bulk (webl/weball 2016-2026),
H,TX,TX-33,2018,Regular,1,Marc Veasey,1500002.86,H2TX33073,Willie Billups,59561.06,H8TX33021,FEC bulk (webl/weball 2016-2026),
H,TX,TX-33,2020,Regular,1,Marc Veasey,1639811.54,H2TX33073,Fabian Cordova Vasquez,36691.69,H0TX33010,FEC bulk (webl/weball 2016-2026),
H,TX,TX-33,2022,Regular,1,Marc Veasey,1846105.83,H2TX33073,Patrick David Gillespie,0,,FEC bulk (webl/weball 2016-2026),rep:no-fec-filings(sub-threshold)
H,TX,TX-33,2024,Regular,1,Marc Veasey,1878488.62,H2TX33073,Patrick David Gillespie,0,,FEC bulk (webl/weball 2016-2026),rep:no-fec-filings(sub-threshold)
H,TX,TX-33,2026,Upcoming,1,Colin Allred,7431941.28,H8TX32098,Generic Republican,0,,FEC bulk (webl/weball 2016-2026),rep:no-fec-filings(sub-threshold)
H,TX,TX-34,2016,Regular,1,Filemon Vela,1238495.44,H2TX27190,Rey Gonzalez,2426195.0,H6TX15162,FEC bulk (webl/weball 2016-2026),
H,TX,TX-34,2018,Regular,1,Filemon Vela,1102565.14,H2TX27190,Rey Gonzalez,87995.75,H6TX34031,FEC bulk (webl/weball 2016-2026),
H,TX,TX-34,2020,Regular,1,Filemon Vela,993228.15,H2TX27190,Rey Gonzalez,37118.25,H6TX34031,FEC bulk (webl/weball 2016-2026),
H,TX,TX-34,2022,Regular,1,Vicente Gonzalez,3197037.46,H6TX15162,Mayra Flores,4685774.09,H2TX34113,FEC bulk (webl/weball 2016-2026),
H,TX,TX-34,2024,Regular,1,Vicente Gonzalez,3109468.0,H6TX15162,Mayra Flores,6926111.49,H2TX34113,FEC bulk (webl/weball 2016-2026),
H,TX,TX-34,2026,Upcoming,1,Vicente Gonzalez,3773915.07,H6TX15162,Eric Flores,2874990.24,H6TX34080,FEC bulk (webl/weball 2016-2026),
H,TX,TX-35,2016,Regular,1,Lloyd Doggett,1061859.25,H4TX10028,Susan Narvaiz,132850.27,H2TX35029,FEC bulk (webl/weball 2016-2026),
H,TX,TX-35,2018,Regular,1,Lloyd Doggett,1125596.19,H4TX10028,David Smalling,46669.0,H8TX35026,FEC bulk (webl/weball 2016-2026),
H,TX,TX-35,2020,Regular,1,Lloyd Doggett,1337508.73,H4TX10028,Jenny Garcia Sharon,19011.1,H0TX35064,FEC bulk (webl/weball 2016-2026),
H,TX,TX-35,2022,Regular,1,Greg Casar,1757510.27,H2TX35144,Dan McQueen,31515.0,H0TX20124,FEC bulk (webl/weball 2016-2026),
H,TX,TX-35,2024,Regular,1,Greg Casar,1116006.32,H2TX35144,Steven Wright,36440.81,H4TX35025,FEC bulk (webl/weball 2016-2026),
H,TX,TX-35,2026,Upcoming,1,Johnny Garcia,931699.38,H6TX35095,Carlos De La Cruz,1048750.7,H6TX35087,FEC bulk (webl/weball 2016-2026),
H,TX,TX-36,2016,Regular,0,Hal Ridley Jr.,0,,Brian Babin,1131999.66,H6TX02079,FEC bulk (webl/weball 2016-2026),dem:no-fec-filings(sub-threshold)
H,TX,TX-36,2018,Regular,1,Dayna Steele,902066.46,H8TX36024,Brian Babin,1183030.9,H6TX02079,FEC bulk (webl/weball 2016-2026),
H,TX,TX-36,2020,Regular,1,Rashad Lewis,21714.39,H0TX36021,Brian Babin,1359031.83,H6TX02079,FEC bulk (webl/weball 2016-2026),
H,TX,TX-36,2022,Regular,1,Jon Haire,77614.16,H2TX36142,Brian Babin,1054678.32,H6TX02079,FEC bulk (webl/weball 2016-2026),
H,TX,TX-36,2024,Regular,1,Dayna Steele,0,,Brian Babin,1192438.26,H6TX02079,FEC bulk (webl/weball 2016-2026),dem:api-backfill:confirmed-no-filings
H,TX,TX-36,2026,Upcoming,1,Rhonda Hart,0.0,H4TX14111,Brian Babin,1006943.9,H6TX02079,FEC bulk (webl/weball 2016-2026),
H,TX,TX-37,2022,Regular,1,Lloyd Doggett,1389781.62,H4TX10028,Jenny Garcia Sharon,9153.0,H0TX35064,FEC bulk (webl/weball 2016-2026),
H,TX,TX-37,2024,Regular,1,Lloyd Doggett,1541302.79,H4TX10028,Jenny Garcia Sharon,375.0,H0TX35064,FEC bulk (webl/weball 2016-2026),
H,TX,TX-37,2026,Upcoming,1,Greg Casar,1172880.52,H2TX35144,Lauren Pena,117889.63,H6TX35038,FEC bulk (webl/weball 2016-2026),
H,TX,TX-38,2022,Regular,1,Duncan Klussmann,279107.58,H2TX38056,Wesley Hunt,5831956.81,H0TX07170,FEC bulk (webl/weball 2016-2026),
H,TX,TX-38,2024,Regular,1,Melissa McDonough,193004.57,H4TX38011,Wesley Hunt,2777569.46,H0TX07170,FEC bulk (webl/weball 2016-2026),
H,TX,TX-38,2026,Upcoming,1,Melissa McDonough,66928.9,H4TX38011,Jon Bonck,1644127.13,H6TX02244,FEC bulk (webl/weball 2016-2026),
H,UT,UT-01,2016,Regular,1,Peter Clemens,123390.03,H6UT01137,Rob Bishop,1035353.03,H2UT01094,FEC bulk (webl/weball 2016-2026),
H,UT,UT-01,2018,Regular,1,Lee Castillo,27151.0,H8UT01158,Rob Bishop,1202661.11,H2UT01094,FEC bulk (webl/weball 2016-2026),
H,UT,UT-01,2020,Regular,1,Darren Parry,44801.24,H0UT01213,Blake David Moore,863677.31,H0UT01205,FEC bulk (webl/weball 2016-2026),
H,UT,UT-01,2022,Regular,1,Rick Edwin Jones,0,,Blake Moore,1792630.07,H0UT01205,FEC bulk (webl/weball 2016-2026),dem:no-fec-filings(sub-threshold)
H,UT,UT-01,2024,Regular,1,Bill Campbell,124000.0,H4UT01132,Blake Moore,2633423.21,H0UT01205,FEC bulk (webl/weball 2016-2026),
H,UT,UT-01,2026,Upcoming,1,Ben McAdams,2262254.6,H8UT04053,Blake Moore,2536636.22,H0UT01205,FEC bulk (webl/weball 2016-2026),
H,UT,UT-02,2016,Regular,1,Charlene Albarran,587047.69,H6UT02390,Chris Stewart,920060.29,H2UT02324,FEC bulk (webl/weball 2016-2026),
H,UT,UT-02,2018,Regular,1,Shireen Ghorbani,460608.81,H8UT02255,Chris Stewart,987509.79,H2UT02324,FEC bulk (webl/weball 2016-2026),
H,UT,UT-02,2020,Regular,1,Kael Weston,345606.41,H0UT02302,Chris Stewart,951886.52,H2UT02324,FEC bulk (webl/weball 2016-2026),
H,UT,UT-02,2022,Regular,1,Nick Mitchell,42824.76,H2UT02498,Chris Stewart,1096841.01,H2UT02324,FEC bulk (webl/weball 2016-2026),
H,UT,UT-02,2024,Regular,1,Nathaniel Woodward,0,,Celeste Maloy,1922683.97,H4UT02296,FEC bulk (webl/weball 2016-2026),dem:no-fec-filings(sub-threshold)
H,UT,UT-02,2026,Upcoming,1,Steven Merrill,21088.0,H6UT02473,Celeste Maloy,1453860.68,H4UT02296,FEC bulk (webl/weball 2016-2026),
H,UT,UT-03,2016,Regular,1,Stephen Tryon,55062.52,H4UT03211,Jason Chaffetz,1406796.27,H8UT03089,FEC bulk (webl/weball 2016-2026),
H,UT,UT-03,2018,Regular,1,James Courage Singer,28342.72,H8UT03402,John Curtis,1628253.3,H8UT03238,FEC bulk (webl/weball 2016-2026),
H,UT,UT-03,2020,Regular,1,Devin Thorpe,192299.61,H0UT03193,John Curtis,905501.13,H8UT03238,FEC bulk (webl/weball 2016-2026),
H,UT,UT-03,2022,Regular,1,Glenn Wright,17996.0,H2UT03306,John Curtis,2158235.3,H8UT03238,FEC bulk (webl/weball 2016-2026),
H,UT,UT-03,2024,Regular,1,Glenn Wright,83347.8,H2UT03306,Mike Kennedy,1032661.67,H4UT03260,FEC bulk (webl/weball 2016-2026),
H,UT,UT-03,2026,Upcoming,1,Steven Merrill,21088.0,H6UT02465,Mike Kennedy,971392.5,H4UT03260,FEC bulk (webl/weball 2016-2026),
H,UT,UT-04,2016,Regular,1,Doug Owens,2116036.51,H4UT04011,Mia Love,5472751.26,H2UT04023,FEC bulk (webl/weball 2016-2026),
H,UT,UT-04,2018,Regular,1,Ben McAdams,3384889.76,H8UT04053,Mia Love,5867354.72,H2UT04023,FEC bulk (webl/weball 2016-2026),
H,UT,UT-04,2020,Regular,1,Ben McAdams,5638024.49,H8UT04053,Burgess Owens,5149325.14,H0UT04076,FEC bulk (webl/weball 2016-2026),
H,UT,UT-04,2022,Regular,1,Darlene McDonald,187011.42,H8UT04046,Burgess Owens,3685802.41,H0UT04076,FEC bulk (webl/weball 2016-2026),
H,UT,UT-04,2024,Regular,1,Katrina Fallick-Wang,11286.31,H4UT04060,Burgess Owens,1473808.21,H0UT04076,FEC bulk (webl/weball 2016-2026),
H,UT,UT-04,2026,Upcoming,1,Jonathan Larsen,53578.79,H6UT02424,Burgess Owens,735673.75,H0UT04076,FEC bulk (webl/weball 2016-2026),
H,VA,VA-01,2016,Regular,1,Matt Rowe,47596.69,H6VA01174,Robert Wittman,1047333.61,H8VA01147,FEC bulk (webl/weball 2016-2026),
H,VA,VA-01,2018,Regular,1,Vangie Williams,506912.95,H8VA01303,Robert Wittman,1568765.28,H8VA01147,FEC bulk (webl/weball 2016-2026),
H,VA,VA-01,2020,Regular,1,Qasim Rashid,1592852.54,H0VA01235,Robert Wittman,2019992.07,H8VA01147,FEC bulk (webl/weball 2016-2026),
H,VA,VA-01,2022,Regular,1,"Herb Jones, Jr.",335709.13,H2VA01124,Robert Wittman,2191153.97,H8VA01147,FEC bulk (webl/weball 2016-2026),
H,VA,VA-01,2024,Regular,1,Leslie Mehta,722446.49,H4VA01096,Robert Wittman,2845017.73,H8VA01147,FEC bulk (webl/weball 2016-2026),
H,VA,VA-01,2026,Upcoming,1,Shannon Taylor,2140980.12,H6VA01299,Robert Wittman,4053141.52,H8VA01147,FEC bulk (webl/weball 2016-2026),
H,VA,VA-02,2016,Regular,1,Shaun Brown,32646.42,H6VA02115,Scott Taylor,870984.99,H0VA02118,FEC bulk (webl/weball 2016-2026),
H,VA,VA-02,2018,Regular,1,Elaine Luria,4278196.33,H8VA02111,Scott Taylor,4035206.47,H0VA02118,FEC bulk (webl/weball 2016-2026),
H,VA,VA-02,2020,Regular,1,Elaine Luria,6691506.61,H8VA02111,Scott Taylor,2517871.0,H0VA02118,FEC bulk (webl/weball 2016-2026),
H,VA,VA-02,2022,Regular,1,Elaine Luria,10795195.37,H8VA02111,Jen Kiggans,3485709.65,H2VA02064,FEC bulk (webl/weball 2016-2026),
H,VA,VA-02,2024,Regular,1,Missy Cotter Smasal,3250762.89,H4VA02060,Jennifer Kiggans,6481317.57,H2VA02064,FEC bulk (webl/weball 2016-2026),
H,VA,VA-02,2026,Upcoming,1,Elaine Luria,4659795.3,H6VA02198,Jennifer Kiggans,5954338.07,H2VA02064,FEC bulk (webl/weball 2016-2026),
H,VA,VA-03,2016,Regular,1,Bobby Scott,771224.07,H6VA01117,Marty Williams,74329.31,H6VA03089,FEC bulk (webl/weball 2016-2026),
H,VA,VA-03,2018,Regular,0,Bobby Scott,653415.07,H6VA01117,,,,FEC bulk (webl/weball 2016-2026),
H,VA,VA-03,2020,Regular,1,Bobby Scott,875926.24,H6VA01117,John Collick,175123.13,H0VA03124,FEC bulk (webl/weball 2016-2026),
H,VA,VA-03,2022,Regular,1,Bobby Scott,851699.46,H6VA01117,Terry Namkung,180080.37,H2VA03070,FEC bulk (webl/weball 2016-2026),
H,VA,VA-03,2024,Regular,1,Bobby Scott,869636.81,H6VA01117,John Sitka,5866.06,H4VA03100,FEC bulk (webl/weball 2016-2026),
H,VA,VA-03,2026,Upcoming,1,Bobby Scott,688200.26,H6VA01117,Generic Republican,0,,FEC bulk (webl/weball 2016-2026),rep:no-fec-filings(sub-threshold)
H,VA,VA-04,2016,Regular,1,Donald McEachin,795103.46,H6VA04061,Mike Wade,146721.7,H6VA07130,FEC bulk (webl/weball 2016-2026),
H,VA,VA-04,2018,Regular,1,Donald McEachin,863818.58,H6VA04061,Ryan McAdams,239418.39,H8VA04026,FEC bulk (webl/weball 2016-2026),
H,VA,VA-04,2020,Regular,1,Donald McEachin,986394.45,H6VA04061,Leon Benjamin,546613.56,H0VA04064,FEC bulk (webl/weball 2016-2026),
H,VA,VA-04,2022,Regular,1,Donald McEachin,936470.02,H6VA04061,Leon Benjamin,382045.09,H0VA04064,FEC bulk (webl/weball 2016-2026),
H,VA,VA-04,2024,Regular,1,Jennifer McClellan,2767794.48,H4VA04066,Bill Moher III,413819.27,H4VA07192,FEC bulk (webl/weball 2016-2026),
H,VA,VA-04,2026,Upcoming,1,Jennifer McClellan,1135225.39,H4VA04066,Generic Republican,0,,FEC bulk (webl/weball 2016-2026),rep:no-fec-filings(sub-threshold)
H,VA,VA-05,2016,Regular,1,Jane Dittmar,1390351.28,H6VA05118,Tom Garrett,670296.1,H6VA05142,FEC bulk (webl/weball 2016-2026),
H,VA,VA-05,2018,Regular,1,Leslie Cockburn,3538321.62,H8VA05155,Denver Riggleman,1951976.0,H8VA05171,FEC bulk (webl/weball 2016-2026),
H,VA,VA-05,2020,Regular,1,Cameron Webb,5787797.38,H0VA05145,Bob Good,1379028.99,H0VA05160,FEC bulk (webl/weball 2016-2026),
H,VA,VA-05,2022,Regular,1,Joshua Throneburg,879916.53,H2VA05091,Bob Good,1172672.7,H0VA05160,FEC bulk (webl/weball 2016-2026),
H,VA,VA-05,2024,Regular,1,Gloria Tinsley Witt,362896.5,H4VA05089,John McGuire,1848418.1,H0VA07133,FEC bulk (webl/weball 2016-2026),rep:api-backfill
H,VA,VA-05,2026,Upcoming,1,Thomas Perriello,2140401.63,H6VA05217,John McGuire,1781840.34,H0VA07133,FEC bulk (webl/weball 2016-2026),
H,VA,VA-06,2016,Regular,1,Kai Degner,157181.77,H6VA06157,Bob Goodlatte,1794187.63,H2VA06115,FEC bulk (webl/weball 2016-2026),
H,VA,VA-06,2018,Regular,1,Jennifer Lynn Lewis,436895.65,H8VA06138,Ben Cline,999245.1,H8VA06104,FEC bulk (webl/weball 2016-2026),
H,VA,VA-06,2020,Regular,1,Nicholas Betts,59690.44,H0VA06044,Ben Cline,900313.05,H8VA06104,FEC bulk (webl/weball 2016-2026),
H,VA,VA-06,2022,Regular,1,Jennifer Lynn Lewis,143023.9,H8VA06138,Ben Cline,993251.5,H8VA06104,FEC bulk (webl/weball 2016-2026),
H,VA,VA-06,2024,Regular,1,Ken Mitchell,242530.6,H4VA06061,Ben Cline,1030467.03,H8VA06104,FEC bulk (webl/weball 2016-2026),
H,VA,VA-06,2026,Upcoming,1,Beth Macy,1686322.36,H6VA06173,Ben Cline,1441436.38,H8VA06104,FEC bulk (webl/weball 2016-2026),
H,VA,VA-07,2016,Regular,1,Eileen Bedell,247262.03,H6VA07148,Dave Brat,1273941.57,H4VA07143,FEC bulk (webl/weball 2016-2026),
H,VA,VA-07,2018,Regular,1,Abigail Spanberger,7336619.41,H8VA07094,Dave Brat,3373991.32,H4VA07143,FEC bulk (webl/weball 2016-2026),
H,VA,VA-07,2020,Regular,1,Abigail Davis Spanberger,8494947.77,H8VA07094,Nick Freitas,3670266.03,H0VA07158,FEC bulk (webl/weball 2016-2026),
H,VA,VA-07,2022,Regular,1,Abigail Davis Spanberger,9083201.29,H8VA07094,Yesli Vega,3679371.94,H2VA07261,FEC bulk (webl/weball 2016-2026),
H,VA,VA-07,2024,Regular,1,Eugene Vindman,18096189.51,H4VA07234,Derrick Anderson,3408433.58,H2VA07170,FEC bulk (webl/weball 2016-2026),
H,VA,VA-07,2026,Upcoming,1,Eugene Vindman,12355663.9,H4VA07234,Tara Durant,392454.05,H6VA07197,FEC bulk (webl/weball 2016-2026),
H,VA,VA-08,2016,Regular,1,Donald Beyer,2123667.57,H4VA08224,Charles Hernick,81179.34,H6VA08237,FEC bulk (webl/weball 2016-2026),
H,VA,VA-08,2018,Regular,1,Donald Beyer,2085899.43,H4VA08224,Thomas Oh,74602.45,H8VA08159,FEC bulk (webl/weball 2016-2026),
H,VA,VA-08,2020,Regular,1,Donald Beyer,1735398.35,H4VA08224,Jeff Jordan,103259.95,H0VA08198,FEC bulk (webl/weball 2016-2026),
H,VA,VA-08,2022,Regular,1,Donald Beyer,2121791.23,H4VA08224,Karina Lipsman,290981.09,H2VA08152,FEC bulk (webl/weball 2016-2026),
H,VA,VA-08,2024,Regular,1,Donald Beyer,1948344.81,H4VA08224,Jerry Torres,1138179.7,H4VA08414,FEC bulk (webl/weball 2016-2026),
H,VA,VA-08,2026,Upcoming,1,Donald Beyer,2125761.32,H4VA08224,Heerak Kim,3300.0,H0VA08172,FEC bulk (webl/weball 2016-2026),
H,VA,VA-09,2016,Regular,1,Derek Kitts,103692.52,H6VA09086,Morgan Griffith,836461.12,H0VA09055,FEC bulk (webl/weball 2016-2026),
H,VA,VA-09,2018,Regular,1,Anthony Flaccavento,1061573.92,H8VA09066,Morgan Griffith,1163987.91,H0VA09055,FEC bulk (webl/weball 2016-2026),
H,VA,VA-09,2020,Regular,0,,,,Morgan Griffith,877151.28,H0VA09055,FEC bulk (webl/weball 2016-2026),
H,VA,VA-09,2022,Regular,1,Taysha Lee DeVaughan,58626.65,H2VA09085,Morgan Griffith,813068.46,H0VA09055,FEC bulk (webl/weball 2016-2026),
H,VA,VA-09,2024,Regular,1,Karen Baker,224168.19,H4VA09057,Morgan Griffith,1005036.62,H0VA09055,FEC bulk (webl/weball 2016-2026),
H,VA,VA-09,2026,Upcoming,1,Adam Murphy,58700.23,H6VA09102,Morgan Griffith,1828838.6,H0VA09055,FEC bulk (webl/weball 2016-2026),
H,VA,VA-10,2016,Regular,1,LuAnn Bennett,2848448.67,H6VA10209,Barbara Comstock,5331366.52,H4VA10089,FEC bulk (webl/weball 2016-2026),
H,VA,VA-10,2018,Regular,1,Jennifer Wexton,6172951.83,H8VA10106,Barbara Comstock,6426217.89,H4VA10089,FEC bulk (webl/weball 2016-2026),
H,VA,VA-10,2020,Regular,1,Jennifer Wexton,3984992.26,H8VA10106,Aliscia Andrews,1574329.92,H0VA10186,FEC bulk (webl/weball 2016-2026),
H,VA,VA-10,2022,Regular,1,Jennifer Wexton,3879207.28,H8VA10106,Hung Cao,3304902.6,H2VA10240,FEC bulk (webl/weball 2016-2026),
H,VA,VA-10,2024,Regular,1,Suhas Subramanyam,2929391.22,H4VA10279,Mike Clancy,1162673.47,H2VA11206,FEC bulk (webl/weball 2016-2026),
H,VA,VA-10,2026,Upcoming,1,Suhas Subramanyam,1170445.74,H4VA10279,Sam Wong,223055.76,H6VA10233,FEC bulk (webl/weball 2016-2026),
H,VA,VA-11,2016,Regular,0,Gerald Connolly,2027734.05,H8VA11062,,,,FEC bulk (webl/weball 2016-2026),
H,VA,VA-11,2018,Regular,1,Gerald Connolly,2078358.65,H8VA11062,Jeff Dove,677906.55,H8VA11070,FEC bulk (webl/weball 2016-2026),
H,VA,VA-11,2020,Regular,1,Gerald Connolly,2019757.38,H8VA11062,Manga Anantatmula,282152.23,H0VA11127,FEC bulk (webl/weball 2016-2026),
H,VA,VA-11,2022,Regular,1,Gerald Connolly,2101438.62,H8VA11062,Jim Myles,235273.48,H2VA11255,FEC bulk (webl/weball 2016-2026),
H,VA,VA-11,2024,Regular,1,Gerald Connolly,2538285.99,H8VA11062,Mike Van Meter,67274.55,H4VA11129,FEC bulk (webl/weball 2016-2026),
H,VA,VA-11,2026,Upcoming,1,James Walkinshaw,2758960.53,H6VA11066,Stewart Whitson,268076.89,H6VA11215,FEC bulk (webl/weball 2016-2026),
H,VT,VT-01,2016,Regular,0,Peter Welch,1018957.71,H6VT00160,Erica Clawson,0,,FEC bulk (webl/weball 2016-2026),rep:no-fec-filings(sub-threshold)
H,VT,VT-01,2018,Regular,1,Peter Welch,866353.91,H6VT00160,Anya Tynio,10780.0,H8VT01065,FEC bulk (webl/weball 2016-2026),
H,VT,VT-01,2020,Regular,1,Peter Welch,852093.62,H6VT00160,Miriam Berry,0,,FEC bulk (webl/weball 2016-2026),rep:no-fec-filings(sub-threshold)
H,VT,VT-01,2022,Regular,1,Becca Balint,1898995.83,H2VT01076,Liam Madden,47659.85,H2VT01100,FEC bulk (webl/weball 2016-2026),
H,VT,VT-01,2024,Regular,1,Becca Balint,1394864.27,H2VT01076,Mark Coester,191333.45,H4VT01056,FEC bulk (webl/weball 2016-2026),
H,VT,VT-01,2026,Upcoming,1,Rebecca Balint,956338.66,H2VT01076,Mark Coester,36038.95,H4VT01056,FEC bulk (webl/weball 2016-2026),
H,WA,WA-01,2016,Regular,1,Suzan DelBene,2027435.85,H0WA08046,Robert Sutherland,28832.18,H4WA01258,FEC bulk (webl/weball 2016-2026),
H,WA,WA-01,2018,Regular,1,Suzan DelBene,2110820.42,H0WA08046,Jeffrey Beeler,23157.67,H8WA01077,FEC bulk (webl/weball 2016-2026),
H,WA,WA-01,2020,Regular,1,Suzan DelBene,2189500.94,H0WA08046,Jeffrey Beeler,61969.54,H8WA01077,FEC bulk (webl/weball 2016-2026),
H,WA,WA-01,2022,Regular,1,Suzan DelBene,2502763.72,H0WA08046,Vincent Cavaleri,185847.78,H2WA01252,FEC bulk (webl/weball 2016-2026),
H,WA,WA-01,2024,Regular,1,Suzan DelBene,3850571.4,H0WA08046,Jeb Brewer,14151.0,H4WA01266,FEC bulk (webl/weball 2016-2026),
H,WA,WA-01,2026,Upcoming,1,Suzan DelBene,3550451.98,H0WA08046,Generic Republican,0,,FEC bulk (webl/weball 2016-2026),rep:no-fec-filings(sub-threshold)
H,WA,WA-02,2016,Regular,1,Rick Larsen,958052.51,H0WA02080,Marc Hennemann,0,,FEC bulk (webl/weball 2016-2026),rep:no-fec-filings(sub-threshold)
H,WA,WA-02,2018,Regular,0,Rick Larsen,1148126.68,H0WA02080,Brian Luke,0,,FEC bulk (webl/weball 2016-2026),rep:no-fec-filings(sub-threshold)
H,WA,WA-02,2020,Regular,1,Rick Larsen,1284956.04,H0WA02080,Timothy Hazelo,49478.22,H0WA02197,FEC bulk (webl/weball 2016-2026),
H,WA,WA-02,2022,Regular,1,Rick Larsen,1697229.23,H0WA02080,Dan Matthews,145529.16,H2WA02177,FEC bulk (webl/weball 2016-2026),
H,WA,WA-02,2024,Regular,1,Rick Larsen,2450006.13,H0WA02080,Cody Hart,0,,FEC bulk (webl/weball 2016-2026),rep:no-fec-filings(sub-threshold); verified non-filer 2026-09-09: FEC candidate H0WA02221 (party OTH) has no committee and no filings
H,WA,WA-02,2026,Upcoming,1,Rick Larsen,2038786.17,H0WA02080,Generic Republican,0,,FEC bulk (webl/weball 2016-2026),rep:no-fec-filings(sub-threshold)
H,WA,WA-03,2016,Regular,1,Jim Moeller,112575.05,H6WA03218,Jaime Herrera Beutler,1401198.72,H0WA03187,FEC bulk (webl/weball 2016-2026),
H,WA,WA-03,2018,Regular,1,Carolyn Long,3883284.0,H8WA03198,Jaime Herrera Beutler,2705354.23,H0WA03187,FEC bulk (webl/weball 2016-2026),
H,WA,WA-03,2020,Regular,1,Carolyn Long,4187790.7,H8WA03198,Jaime Herrera Beutler,4623991.32,H0WA03187,FEC bulk (webl/weball 2016-2026),
H,WA,WA-03,2022,Regular,1,Marie Gluesenkamp Perez,3924093.95,H2WA03217,Joe Kent,3816390.01,H2WA03100,FEC bulk (webl/weball 2016-2026),
H,WA,WA-03,2024,Regular,1,Marie Gluesenkamp Perez,11856001.72,H2WA03217,Joe Kent,2654419.86,H2WA03100,FEC bulk (webl/weball 2016-2026),
H,WA,WA-03,2026,Upcoming,1,Marie Gluesenkamp Perez,6292682.63,H2WA03217,John Braun,2214441.26,H6WA03275,FEC bulk (webl/weball 2016-2026),
H,WA,WA-04,2016,Regular,0,Clint Didier,75387.49,H4WA04088,Dan Newhouse,1273706.25,H4WA04104,FEC bulk (webl/weball 2016-2026),
H,WA,WA-04,2018,Regular,1,Christine Brown,475862.12,H8WA04089,Dan Newhouse,1155667.61,H4WA04104,FEC bulk (webl/weball 2016-2026),
H,WA,WA-04,2020,Regular,1,Douglas McKinley,61816.45,H6WA04141,Dan Newhouse,1184750.4,H4WA04104,FEC bulk (webl/weball 2016-2026),
H,WA,WA-04,2022,Regular,1,Doug White,774333.86,H2WA04199,Dan Newhouse,2148295.38,H4WA04104,FEC bulk (webl/weball 2016-2026),
H,WA,WA-04,2024,Regular,0,Jerrod Sessler,792239.06,H2WA04165,Dan Newhouse,2512738.99,H4WA04104,FEC bulk (webl/weball 2016-2026),
H,WA,WA-04,2026,Upcoming,1,John Duresky,179020.15,H6WA04190,Jerrod Sessler,605363.76,H2WA04165,FEC bulk (webl/weball 2016-2026),
H,WA,WA-05,2016,Regular,1,Joe Pakootas,345390.59,H4WA05127,Cathy McMorris Rodgers,3274060.0,H4WA05077,FEC bulk (webl/weball 2016-2026),
H,WA,WA-05,2018,Regular,1,Lisa Brown,5763983.16,H8WA05193,Cathy McMorris Rodgers,5863432.0,H4WA05077,FEC bulk (webl/weball 2016-2026),
H,WA,WA-05,2020,Regular,1,Dave Wilson,112782.51,H0WA05133,Cathy McMorris Rodgers,4419970.26,H4WA05077,FEC bulk (webl/weball 2016-2026),
H,WA,WA-05,2022,Regular,1,Natasha Hill,377499.11,H2WA05105,Cathy McMorris Rodgers,6416913.26,H4WA05077,FEC bulk (webl/weball 2016-2026),
H,WA,WA-05,2024,Regular,1,Carmela Conroy,604595.92,H4WA05168,Michael Baumgartner,1505190.06,H4WA05234,FEC bulk (webl/weball 2016-2026),
H,WA,WA-05,2026,Upcoming,1,Carmela Conroy,396216.76,H4WA05168,Michael Baumgartner,1738226.34,H4WA05234,FEC bulk (webl/weball 2016-2026),
H,WA,WA-06,2016,Regular,1,Derek Kilmer,2140206.23,H2WA06129,Todd Bloom,11522.0,H6WA06211,FEC bulk (webl/weball 2016-2026),
H,WA,WA-06,2018,Regular,1,Derek Kilmer,2350189.52,H2WA06129,Douglas Dightman,46610.0,H8WA06100,FEC bulk (webl/weball 2016-2026),
H,WA,WA-06,2020,Regular,1,Derek Kilmer,2557718.74,H2WA06129,Elizabeth Kreiselmaier,156123.45,H0WA06081,FEC bulk (webl/weball 2016-2026),
H,WA,WA-06,2022,Regular,1,Derek Kilmer,2637628.09,H2WA06129,Elizabeth Kreiselmaier,426186.56,H0WA06081,FEC bulk (webl/weball 2016-2026),
H,WA,WA-06,2024,Regular,1,Emily Randall,1978942.81,H4WA06117,Drew MacEwen,255579.9,H4WA06133,FEC bulk (webl/weball 2016-2026),
H,WA,WA-06,2026,Upcoming,1,Emily Randall,1195246.7,H4WA06117,Teresa Fox,27615.02,H6WA06286,FEC bulk (webl/weball 2016-2026),
H,WA,WA-07,2016,Regular,0,Pramila Jayapal,3010031.82,H6WA07458,Brady Walkinshaw,1926231.21,H6WA07425,FEC bulk (webl/weball 2016-2026),
H,WA,WA-07,2018,Regular,1,Pramila Jayapal,2212622.98,H6WA07458,Craig Keller,7204.0,H4WA07073,FEC bulk (webl/weball 2016-2026),
H,WA,WA-07,2020,Regular,1,Pramila Jayapal,2655142.94,H6WA07458,Craig Keller,4644.0,H4WA07073,FEC bulk (webl/weball 2016-2026),
H,WA,WA-07,2022,Regular,1,Pramila Jayapal,2772436.29,H6WA07458,Cliff Moon,8019.18,H2WA07127,FEC bulk (webl/weball 2016-2026),
H,WA,WA-07,2024,Regular,1,Pramila Jayapal,2824206.25,H6WA07458,Dan Alexander,0,,FEC bulk (webl/weball 2016-2026),rep:no-fec-filings(sub-threshold)
H,WA,WA-07,2026,Upcoming,1,Pramila Jayapal,2502815.76,H6WA07458,Generic Republican,0,,FEC bulk (webl/weball 2016-2026),rep:no-fec-filings(sub-threshold)
H,WA,WA-08,2016,Regular,1,Tony Ventrella,22619.15,H6WA08092,David Reichert,1663101.86,H4WA08071,FEC bulk (webl/weball 2016-2026),
H,WA,WA-08,2018,Regular,1,Kim Schrier,8144753.17,H8WA08189,Dino Rossi,4846553.35,H8WA08205,FEC bulk (webl/weball 2016-2026),
H,WA,WA-08,2020,Regular,1,Kim Schrier,5452642.06,H8WA08189,Jesse Jensen,857594.08,H0WA08103,FEC bulk (webl/weball 2016-2026),
H,WA,WA-08,2022,Regular,1,Kim Schrier,9640767.33,H8WA08189,Matt Larkin,2810552.79,H2WA08182,FEC bulk (webl/weball 2016-2026),
H,WA,WA-08,2024,Regular,1,Kim Schrier,6530378.69,H8WA08189,Carmen Goers,258744.90,,FEC bulk (webl/weball 2016-2026),"rep:no-fec-filings(sub-threshold); rep receipts via FEC API — files as ""CARMEN, GOERS"" (bulk name match missed it)"
H,WA,WA-08,2026,Upcoming,1,Kim Schrier,3016893.52,H8WA08189,Trinh Ha,166733.99,H6WA08159,FEC bulk (webl/weball 2016-2026),
H,WA,WA-09,2016,Regular,1,Adam Smith,925645.11,H6WA09025,Doug Basler,33301.55,H4WA09061,FEC bulk (webl/weball 2016-2026),
H,WA,WA-09,2018,Regular,0,Adam Smith,1415993.97,H6WA09025,Sarah Smith,125640.76,H8WA09054,FEC bulk (webl/weball 2016-2026),
H,WA,WA-09,2020,Regular,1,Adam Smith,1327196.11,H6WA09025,Doug Basler,22729.8,H4WA09061,FEC bulk (webl/weball 2016-2026),
H,WA,WA-09,2022,Regular,1,Adam Smith,1386775.73,H6WA09025,Doug Basler,133962.28,H4WA09061,FEC bulk (webl/weball 2016-2026),
H,WA,WA-09,2024,Regular,0,Adam Smith,1677915.88,H6WA09025,Melissa Chaudhry,227467.53,H4WA09095,FEC bulk (webl/weball 2016-2026),
H,WA,WA-09,2026,Upcoming,1,Adam Smith,1882001.47,H6WA09025,Janis Clark,0,,FEC bulk (webl/weball 2016-2026),rep:no-fec-filings(sub-threshold)
H,WA,WA-10,2016,Regular,1,Denny Heck,1578753.62,H0WA03161,Jim Postma,0,,FEC bulk (webl/weball 2016-2026),rep:no-fec-filings(sub-threshold)
H,WA,WA-10,2018,Regular,1,Denny Heck,1632852.46,H0WA03161,Joseph Brumbles,5243.0,H8WA10045,FEC bulk (webl/weball 2016-2026),
H,WA,WA-10,2020,Regular,0,Marilyn Strickland,1834687.52,H0WA10034,Beth Doglio,1483736.39,H0WA10075,FEC bulk (webl/weball 2016-2026),
H,WA,WA-10,2022,Regular,1,Marilyn Strickland,1911259.96,H0WA10034,Keith Swank,185895.22,H2WA08166,FEC bulk (webl/weball 2016-2026),
H,WA,WA-10,2024,Regular,1,Marilyn Strickland,2067308.22,H0WA10034,Don Hewett,39.57,H0WA10067,FEC bulk (webl/weball 2016-2026),
H,WA,WA-10,2026,Upcoming,1,Marilyn Strickland,1511303.61,H0WA10034,Generic Republican,0,,FEC bulk (webl/weball 2016-2026),rep:no-fec-filings(sub-threshold)
H,WI,WI-01,2016,Regular,1,Ryan Solen,23748.92,H6WI01192,Paul Ryan,19852220.75,H8WI01024,FEC bulk (webl/weball 2016-2026),
H,WI,WI-01,2018,Regular,1,Randy Bryce,8624818.07,H8WI01123,Bryan Steil,2314018.67,H8WI01156,FEC bulk (webl/weball 2016-2026),
H,WI,WI-01,2020,Regular,1,Roger Polack,547347.46,H0WI01120,Bryan Steil,3521992.26,H8WI01156,FEC bulk (webl/weball 2016-2026),
H,WI,WI-01,2022,Regular,1,Ann Roe,837192.65,H2WI01100,Bryan Steil,3616861.88,H8WI01156,FEC bulk (webl/weball 2016-2026),
H,WI,WI-01,2024,Regular,1,Peter Barca,2312574.6,H4WI01056,Bryan Steil,5618110.81,H8WI01156,FEC bulk (webl/weball 2016-2026),
H,WI,WI-01,2026,Upcoming,1,Mitchell Berman,712983.95,H6WI01283,Bryan Steil,5467777.07,H8WI01156,FEC bulk (webl/weball 2016-2026),
H,WI,WI-02,2016,Regular,1,Mark Pocan,1038977.75,H2WI02124,Peter Theron,42322.99,H8WI02121,FEC bulk (webl/weball 2016-2026),
H,WI,WI-02,2018,Regular,1,Mark Pocan,1106553.4,H2WI02124,Joey Wayne Reed,0,,FEC bulk (webl/weball 2016-2026),rep:no-fec-filings(sub-threshold)
H,WI,WI-02,2020,Regular,1,Mark Pocan,1293769.38,H2WI02124,Peter Theron,47898.2,H8WI02121,FEC bulk (webl/weball 2016-2026),
H,WI,WI-02,2022,Regular,1,Mark Pocan,1143752.09,H2WI02124,Erik Olsen,89666.7,H2WI02181,FEC bulk (webl/weball 2016-2026),
H,WI,WI-02,2024,Regular,1,Mark Pocan,1070480.82,H2WI02124,Erik Olsen,183589.6,H2WI02181,FEC bulk (webl/weball 2016-2026),
H,WI,WI-02,2026,Upcoming,1,Mark Pocan,814873.62,H2WI02124,Erik Olsen,2840.0,H2WI02181,FEC bulk (webl/weball 2016-2026),
H,WI,WI-03,2016,Regular,1,Ron Kind,2112491.7,H6WI03099,Ryan Peterson,0,,FEC bulk (webl/weball 2016-2026),rep:no-fec-filings(sub-threshold)
H,WI,WI-03,2018,Regular,1,Ron Kind,2319853.63,H6WI03099,Steve Toft,305021.76,H8WI03103,FEC bulk (webl/weball 2016-2026),
H,WI,WI-03,2020,Regular,1,Ron Kind,3003976.72,H6WI03099,Derrick Van Orden,2001838.24,H0WI03175,FEC bulk (webl/weball 2016-2026),
H,WI,WI-03,2022,Regular,1,Brad Pfaff,1890260.75,H2WI03122,Derrick Van Orden,6479115.13,H0WI03175,FEC bulk (webl/weball 2016-2026),
H,WI,WI-03,2024,Regular,1,Rebecca Cooke,6358058.65,H2WI03130,Derrick Van Orden,7658526.55,H0WI03175,FEC bulk (webl/weball 2016-2026),
H,WI,WI-03,2026,Upcoming,1,Rebecca Cooke,8601145.96,H4WI03169,Derrick Van Orden,7526052.22,H0WI03175,FEC bulk (webl/weball 2016-2026),
H,WI,WI-04,2016,Regular,0,Gwen Moore,1018790.86,H4WI04183,Robert Raymond,0,,FEC bulk (webl/weball 2016-2026),rep:no-fec-filings(sub-threshold)
H,WI,WI-04,2018,Regular,1,Gwen Moore,1043192.58,H4WI04183,Tim Rogers,0,,FEC bulk (webl/weball 2016-2026),rep:no-fec-filings(sub-threshold)
H,WI,WI-04,2020,Regular,1,Gwen Moore,1199156.96,H4WI04183,Tim Rogers,0,,FEC bulk (webl/weball 2016-2026),rep:no-fec-filings(sub-threshold)
H,WI,WI-04,2022,Regular,1,Gwen Moore,1220473.56,H4WI04183,Tim Rogers,0,,FEC bulk (webl/weball 2016-2026),rep:no-fec-filings(sub-threshold)
H,WI,WI-04,2024,Regular,1,Gwen Moore,1356549.62,H4WI04183,Tim Rogers,0,,FEC bulk (webl/weball 2016-2026),rep:no-fec-filings(sub-threshold)
H,WI,WI-04,2026,Upcoming,1,Gwen Moore,1070658.79,H4WI04183,Purnima Nath,1925.0,H4WI04282,FEC bulk (webl/weball 2016-2026),
H,WI,WI-05,2016,Regular,1,Khary Penebaker,85273.5,H6WI05110,James Sensenbrenner,384926.81,H8WI09050,FEC bulk (webl/weball 2016-2026),
H,WI,WI-05,2018,Regular,1,Tom Palzewicz,263201.28,H8WI05165,James Sensenbrenner,355123.86,H8WI09050,FEC bulk (webl/weball 2016-2026),
H,WI,WI-05,2020,Regular,1,Tom Palzewicz,370492.34,H8WI05165,Scott Fitzgerald,1157204.78,H0WI05113,FEC bulk (webl/weball 2016-2026),
H,WI,WI-05,2022,Regular,1,Mike Van Someren,145774.11,H2WI05275,Scott Fitzgerald,996710.79,H0WI05113,FEC bulk (webl/weball 2016-2026),
H,WI,WI-05,2024,Regular,1,Ben Steinhoff,92877.73,H4WI05115,Scott Fitzgerald,1329459.04,H0WI05113,FEC bulk (webl/weball 2016-2026),
H,WI,WI-05,2026,Upcoming,1,Andrew Beck,14612.26,H6WI05136,Scott Fitzgerald,1376100.47,H0WI05113,FEC bulk (webl/weball 2016-2026),
H,WI,WI-06,2016,Regular,1,Sarah Lloyd,191932.26,H6WI06100,Glenn Grothman,1053488.02,H4WI06048,FEC bulk (webl/weball 2016-2026),
H,WI,WI-06,2018,Regular,1,Dan Kohl,3411964.14,H8WI06098,Glenn Grothman,2035996.67,H4WI06048,FEC bulk (webl/weball 2016-2026),
H,WI,WI-06,2020,Regular,1,Jessica King,295057.07,H0WI06186,Glenn Grothman,1829916.45,H4WI06048,FEC bulk (webl/weball 2016-2026),
H,WI,WI-06,2022,Regular,0,,,,Glenn Grothman,1257735.36,H4WI06048,FEC bulk (webl/weball 2016-2026),
H,WI,WI-06,2024,Regular,1,John Zarbano,90623.35,H4WI06139,Glenn Grothman,998213.83,H4WI06048,FEC bulk (webl/weball 2016-2026),
H,WI,WI-06,2026,Upcoming,1,Aaron Wojciechowski,44015.37,H6WI06142,Glenn Grothman,929019.7,H4WI06048,FEC bulk (webl/weball 2016-2026),
H,WI,WI-07,2016,Regular,1,Mary Hoeft,116276.39,H6WI07181,Sean Duffy,2339393.44,H0WI07051,FEC bulk (webl/weball 2016-2026),
H,WI,WI-07,2018,Regular,1,Margaret Engebretson,131261.75,H8WI07096,Sean Duffy,3650628.45,H0WI07051,FEC bulk (webl/weball 2016-2026),
H,WI,WI-07,2020,Regular,1,Tricia Zunker,1276509.66,H0WI07135,Tom Tiffany,2652454.74,H0WI07101,FEC bulk (webl/weball 2016-2026),
H,WI,WI-07,2022,Regular,1,Richard Dick Ausman,105619.13,H2WI07123,Tom Tiffany,1181268.65,H0WI07101,FEC bulk (webl/weball 2016-2026),
H,WI,WI-07,2024,Regular,1,Kyle Kilbourn,233031.36,H4WI07129,Tom Tiffany,1248250.19,H0WI07101,FEC bulk (webl/weball 2016-2026),
H,WI,WI-07,2026,Upcoming,1,Frederic Clark,423041.39,H6WI07207,Paul Wassgren,3403945.86,H6WI07215,FEC bulk (webl/weball 2016-2026),
H,WI,WI-08,2016,Regular,1,Tom Nelson,1886963.54,H6WI08163,Mike Gallagher,2765648.26,H6WI08155,FEC bulk (webl/weball 2016-2026),
H,WI,WI-08,2018,Regular,1,Beau Liegeois,357967.72,H8WI08045,Mike Gallagher,2848317.99,H6WI08155,FEC bulk (webl/weball 2016-2026),
H,WI,WI-08,2020,Regular,1,Amanda Stuck,424558.24,H0WI08125,Mike Gallagher,3296307.58,H6WI08155,FEC bulk (webl/weball 2016-2026),
H,WI,WI-08,2022,Regular,0,Paul Boucher,0,,Mike Gallagher,3193072.93,H6WI08155,FEC bulk (webl/weball 2016-2026),dem:no-fec-filings(sub-threshold)
H,WI,WI-08,2024,Regular,1,Kristin Lyerly,2802201.67,H4WI08101,Tony Wied,1597272.1,H4WI08119,FEC bulk (webl/weball 2016-2026),
H,WI,WI-08,2026,Upcoming,1,Mark Scheffler,136755.0,H6WI08197,Tony Wied,1090216.15,H4WI08119,FEC bulk (webl/weball 2016-2026),
H,WV,WV-01,2016,Regular,1,Mike Manypenny,21193.84,H6WV01087,David McKinley,1147964.04,H0WV01072,FEC bulk (webl/weball 2016-2026),
H,WV,WV-01,2018,Regular,1,Kendra Fershee,274572.78,H8WV01075,David McKinley,1326586.14,H0WV01072,FEC bulk (webl/weball 2016-2026),
H,WV,WV-01,2020,Regular,1,Natalie Cline,81202.99,H0WV01114,David McKinley,1094784.26,H0WV01072,FEC bulk (webl/weball 2016-2026),
H,WV,WV-01,2022,Regular,1,Lacy Watson,0,,Carol Miller,1236366.77,H8WV03097,FEC bulk (webl/weball 2016-2026),dem:no-fec-filings(sub-threshold)
H,WV,WV-01,2024,Regular,1,Chris Bob Reed,0,,Carol Miller,1751492.0,H8WV03097,FEC bulk (webl/weball 2016-2026),dem:no-fec-filings(sub-threshold)
H,WV,WV-01,2026,Upcoming,1,Britta Aguirre,171319.56,H6WV01137,Carol Miller,1746897.71,H8WV03097,FEC bulk (webl/weball 2016-2026),
H,WV,WV-02,2016,Regular,1,Mark Hunt,483467.95,H0WV02104,Alexander Mooney,1754211.91,H4WV02080,FEC bulk (webl/weball 2016-2026),
H,WV,WV-02,2018,Regular,1,Talley Sergent,705197.45,H8WV02115,Alexander Mooney,1837746.56,H4WV02080,FEC bulk (webl/weball 2016-2026),
H,WV,WV-02,2020,Regular,1,Cathy Kunkel,649360.28,H0WV02179,Alexander Mooney,2155977.5,H4WV02080,FEC bulk (webl/weball 2016-2026),
H,WV,WV-02,2022,Regular,1,Barry Lee Wendell,28025.43,H2WV02191,Alexander Mooney,4477286.55,H4WV02080,FEC bulk (webl/weball 2016-2026),
H,WV,WV-02,2024,Regular,1,Steven Wendelin,31923.98,H4WV02247,Riley Moore,1443700.37,H4WV02205,FEC bulk (webl/weball 2016-2026),
H,WV,WV-02,2026,Upcoming,1,Ahsan Parsi,134244.89,H6WV02150,Riley Moore,1325162.29,H4WV02205,FEC bulk (webl/weball 2016-2026),
H,WY,WY-01,2016,Regular,1,Ryan Greene,188039.0,H6WY01074,Liz Cheney,2206005.88,H6WY00159,FEC bulk (webl/weball 2016-2026),
H,WY,WY-01,2018,Regular,1,Greg Hunter,47449.69,H8WY01062,Liz Cheney,867840.34,H6WY00159,FEC bulk (webl/weball 2016-2026),
H,WY,WY-01,2020,Regular,1,Lynnette Grey Bull,134648.22,H0WY01036,Liz Cheney,3010251.47,H6WY00159,FEC bulk (webl/weball 2016-2026),
H,WY,WY-01,2022,Regular,1,Lynnette Grey Bull,87407.75,H0WY01036,Harriet Hageman,5737078.7,H2WY00166,FEC bulk (webl/weball 2016-2026),dem:api-backfill
H,WY,WY-01,2024,Regular,1,Kyle Cameron,16215.56,H4WY00196,Harriet Hageman,3070024.92,H2WY00166,FEC bulk (webl/weball 2016-2026),
H,WY,WY-01,2026,Upcoming,1,Lisa Kinney,17946.0,H6WY01173,Chuck Gray,1621197.0,H6WY00217,FEC bulk (webl/weball 2016-2026),
S,AK,AK,2016,Regular,1,Ray Metcalfe,18286.0,S8AK00082,Lisa Murkowski,4431094.0,S4AK00099,FEC bulk (webl/weball 2016-2026),
S,AK,AK,2020,Regular,1,Al Gross,19572461.76,S0AK00196,Dan Sullivan,8978098.94,S4AK00214,FEC bulk (webl/weball 2016-2026),
S,AK,AK,2022,Regular,1,Patricia Chesbro,188577.24,S2AK00226,Lisa Murkowski,9319257.3,S4AK00099,FEC bulk (webl/weball 2016-2026),
S,AK,AK,2026,Upcoming,1,Mary Peltola,18545132.43,S6AK00276,Dan Sullivan,9136966.96,S4AK00214,FEC bulk (webl/weball 2016-2026),
S,AL,AL,2016,Regular,1,Ron Crumpton,33268.0,S6AL00302,Richard Shelby,3467640.0,S6AL00013,FEC bulk (webl/weball 2016-2026),
S,AL,AL,2020,Regular,1,Doug Jones,31053566.07,S0AL00156,Tommy Tuberville,9605815.13,S0AL00230,FEC bulk (webl/weball 2016-2026),
S,AL,AL,2022,Regular,1,Will Boyd,134567.28,S2AL00251,Katie Britt,11452928.7,S2AL00145,FEC bulk (webl/weball 2016-2026),
S,AL,AL,2026,Upcoming,1,Everett Wess,83340.65,S6AL00518,Barry Moore,3787329.72,S6AL00476,FEC bulk (webl/weball 2016-2026),
S,AR,AR,2016,Regular,1,Conner Eldridge,2279847.0,S6AR00132,John Boozman,4178410.0,S0AR00150,FEC bulk (webl/weball 2016-2026),
S,AR,AR,2020,Regular,0,Ricky Dale Harrington Jr.,79563.9,S0AR00226,Tom Cotton,9141301.91,S4AR00103,FEC bulk (webl/weball 2016-2026),
S,AR,AR,2022,Regular,1,Natalie James,81480.89,S2AR00115,John Boozman,6769987.02,S0AR00150,FEC bulk (webl/weball 2016-2026),
S,AR,AR,2026,Upcoming,1,Hallie Shoffner,2269113.78,S6AR00199,Tom Cotton,6233116.56,S4AR00103,FEC bulk (webl/weball 2016-2026),
S,AZ,AZ,2016,Regular,1,Ann Kirkpatrick,9283087.0,S6AZ00225,John McCain,11756079.21,S6AZ00019,FEC bulk (webl/weball 2016-2026),
S,AZ,AZ,2018,Regular,1,Kyrsten Sinema,22643275.25,S8AZ00197,Martha McSally,21876369.89,S8AZ00221,FEC bulk (webl/weball 2016-2026),
S,AZ,AZ,2020,Special,1,Mark Kelly,101106583.88,S0AZ00350,Martha McSally,73553299.4,S8AZ00221,FEC bulk (webl/weball 2016-2026),
S,AZ,AZ,2022,Regular,1,Mark Kelly,92771344.07,S0AZ00350,Blake Masters,15659648.59,S2AZ00372,FEC bulk (webl/weball 2016-2026),
S,AZ,AZ,2024,Regular,1,Ruben Gallego,64657199.96,S4AZ00139,Kari Lake,26252199.2,S4AZ00220,FEC bulk (webl/weball 2016-2026),
S,CA,CA,2016,Regular,0,Kamala Harris,15349610.0,S6CA00584,Loretta Sanchez,4566565.0,S6CA00691,FEC bulk (webl/weball 2016-2026),
S,CA,CA,2018,Regular,0,Dianne Feinstein,18618681.59,S0CA00199,Kevin de León,1813506.59,S8CA00408,FEC bulk (webl/weball 2016-2026),
S,CA,CA,2022,Regular,1,Alex Padilla,11784617.88,S2CA00955,Mark Meuser,1052436.88,S2CA01060,FEC bulk (webl/weball 2016-2026),
S,CA,CA,2024,Regular,1,Adam Schiff,48149196.78,S4CA00555,Steve Garvey,20356132.85,S4CA00803,FEC bulk (webl/weball 2016-2026),
S,CO,CO,2016,Regular,1,Michael Bennet,15575583.0,S0CO00211,Darryl Glenn,4304687.0,S6CO00226,FEC bulk (webl/weball 2016-2026),
S,CO,CO,2020,Regular,1,John Hickenlooper,44246118.41,S0CO00575,Cory Gardner,26161851.26,S4CO00395,FEC bulk (webl/weball 2016-2026),
S,CO,CO,2022,Regular,1,Michael Bennet,20720493.62,S0CO00211,Joe O'Dea,10234964.77,S2CO00241,FEC bulk (webl/weball 2016-2026),
S,CO,CO,2026,Upcoming,1,John Hickenlooper,8119380.12,S0CO00575,Mark Baisley,138147.47,S6CO00507,FEC bulk (webl/weball 2016-2026),
S,CT,CT,2016,Regular,1,Richard Blumenthal,7362368.0,S0CT00177,Dan Carter,383917.0,S6CT05108,FEC bulk (webl/weball 2016-2026),
S,CT,CT,2018,Regular,1,Chris Murphy,12522264.41,S2CT00132,Matthew Corey,190461.61,S8CT00121,FEC bulk (webl/weball 2016-2026),
S,CT,CT,2022,Regular,1,Richard Blumenthal,7272349.12,S0CT00177,Leora Levy,3075949.62,S2CT00314,FEC bulk (webl/weball 2016-2026),
S,CT,CT,2024,Regular,1,Chris Murphy,12786118.05,S2CT00132,Matthew Corey,257655.82,S8CT00121,FEC bulk (webl/weball 2016-2026),
S,DE,DE,2018,Regular,1,Tom Carper,3236955.45,S8DE00079,Rob Arlett,225814.0,S8DE00145,FEC bulk (webl/weball 2016-2026),
S,DE,DE,2024,Regular,1,Lisa Blunt Rochester,9934497.35,S4DE00060,Eric Hansen,1015951.4,S4DE00094,FEC bulk (webl/weball 2016-2026),
S,DE,DE-2,2020,Regular,1,Chris Coons,6081414.85,S0DE00092,Lauren Witzke,479515.11,S0DE00183,FEC bulk (webl/weball 2016-2026),
S,DE,DE-2,2026,Upcoming,1,Chris Coons,4168081.31,S0DE00092,Republican Candidate,0,,FEC bulk (webl/weball 2016-2026),rep:no-fec-filings(sub-threshold)
S,FL,FL,2018,Regular,1,Bill Nelson,32401758.29,S8FL00166,Rick Scott,85231716.47,S8FL00273,FEC bulk (webl/weball 2016-2026),
S,FL,FL,2024,Regular,1,Debbie Mucarsel-Powell,36616416.21,S4FL00611,Rick Scott,36696093.1,S8FL00273,FEC bulk (webl/weball 2016-2026),
S,FL,FL-2,2016,Regular,1,Patrick Murphy,18700098.47,S6FL00319,Marco Rubio,16611419.0,S0FL00338,FEC bulk (webl/weball 2016-2026),
S,FL,FL-2,2022,Regular,1,Val Demings,81084464.15,S2FL00631,Marco Rubio,43477113.48,S0FL00338,FEC bulk (webl/weball 2016-2026),
S,FL,FL-2,2026,Upcoming,1,Alexander Vindman,16273862.45,S6FL00855,Ashley Moody,11270804.54,S6FL00640,FEC bulk (webl/weball 2016-2026),
S,GA,GA,2016,Regular,1,Jim Barksdale,2921085.0,S6GA00200,Johnny Isakson,8483562.74,S6GA00119,FEC bulk (webl/weball 2016-2026),
S,GA,GA,2020,Regular,1,Jon Ossoff,156146537.53,S8GA00180,David Perdue,99202974.13,S4GA11285,FEC bulk (webl/weball 2016-2026),
S,GA,GA,2020,Special,1,Raphael Warnock,125359128.37,S0GA00559,Kelly Loeffler,92213280.74,S0GA00526,FEC bulk (webl/weball 2016-2026),
S,GA,GA,2022,Regular,1,Raphael Warnock,206593947.75,S0GA00559,Herschel Walker,73748652.12,S2GA00225,FEC bulk (webl/weball 2016-2026),
S,GA,GA,2026,Upcoming,1,Jon Ossoff,77279766.48,S8GA00180,Mike Collins,7409349.57,S6GA00390,FEC bulk (webl/weball 2016-2026),
S,HI,HI,2016,Regular,1,Brian Schatz,3842453.03,S4HI00136,John Carroll,65331.0,S0HI00126,FEC bulk (webl/weball 2016-2026),
S,HI,HI,2018,Regular,1,Mazie Hirono,3275240.47,S2HI00106,Ron Curtis,19925.0,S8HI00210,FEC bulk (webl/weball 2016-2026),
S,HI,HI,2022,Regular,1,Brian Schatz,2507733.56,S4HI00136,Bob McDermott,0,,FEC bulk (webl/weball 2016-2026),rep:no-fec-filings(sub-threshold)
S,HI,HI,2024,Regular,1,Mazie Hirono,3292048.88,S2HI00106,Bob McDermott,23225.25,S2HI00155,FEC bulk (webl/weball 2016-2026),
S,IA,IA,2016,Regular,1,Patty Judge,2253232.63,S6IA00140,Chuck Grassley,8954942.0,S0IA00028,FEC bulk (webl/weball 2016-2026),
S,IA,IA,2020,Regular,1,Theresa Greenfield,56358302.21,S0IA00176,Joni Ernst,27693029.26,S4IA00129,FEC bulk (webl/weball 2016-2026),
S,IA,IA,2022,Regular,1,Michael Franken,11468780.34,S2IA00172,Chuck Grassley,9533640.63,S0IA00028,FEC bulk (webl/weball 2016-2026),
S,IA,IA,2026,Upcoming,1,Josh Turek,6276526.9,S6IA00298,Ashley Hinson,0,,FEC bulk (webl/weball 2016-2026),rep:no-fec-filings(sub-threshold)
S,ID,ID,2016,Regular,1,Jerry Sturgill,818485.0,S6ID00112,Mike Crapo,4289036.0,S8ID00027,FEC bulk (webl/weball 2016-2026),
S,ID,ID,2020,Regular,1,Paulette Jordan,1124856.87,S0ID00180,Jim Risch,2937292.77,S8ID00092,FEC bulk (webl/weball 2016-2026),
S,ID,ID,2022,Regular,1,David Roth,99856.87,S2ID00178,Mike Crapo,4821698.11,S8ID00027,FEC bulk (webl/weball 2016-2026),
S,ID,ID,2026,Upcoming,1,David Roth,14626.74,S6ID00138,Jim Risch,3357516.42,S8ID00092,FEC bulk (webl/weball 2016-2026),
S,IL,IL,2016,Regular,1,Tammy Duckworth,16499322.0,S6IL00292,Mark Kirk,8605868.0,S0IL00261,FEC bulk (webl/weball 2016-2026),
S,IL,IL,2020,Regular,1,Dick Durbin,7326799.36,S6IL00151,Mark Curran,376608.19,S0IL00543,FEC bulk (webl/weball 2016-2026),
S,IL,IL,2022,Regular,1,Tammy Duckworth,14799221.88,S6IL00292,Kathy Salvi,1348614.89,S2IL00267,FEC bulk (webl/weball 2016-2026),
S,IL,IL,2026,Upcoming,1,Juliana Stratton,5906598.55,S6IL00458,Don Tracy,2459889.83,S6IL00615,FEC bulk (webl/weball 2016-2026),
S,IN,IN,2016,Regular,1,Evan Bayh,4512158.0,S8IN00049,Todd Young,10698358.53,S6IN00191,FEC bulk (webl/weball 2016-2026),
S,IN,IN,2018,Regular,1,Joe Donnelly,14585917.72,S2IN00091,Mike Braun,19759939.59,S8IN00171,FEC bulk (webl/weball 2016-2026),
S,IN,IN,2022,Regular,1,Tom McDermott,1362606.43,S2IN00208,Todd Young,10976445.53,S6IN00191,FEC bulk (webl/weball 2016-2026),
S,IN,IN,2024,Regular,1,Valerie McCray,142089.64,S2IN00166,Jim Banks,7337226.72,S4IN00196,FEC bulk (webl/weball 2016-2026),
S,KS,KS,2016,Regular,1,Patrick Wiesner,36252.0,S0KS00166,Jerry Moran,4492732.0,S0KS00091,FEC bulk (webl/weball 2016-2026),
S,KS,KS,2020,Regular,1,Barbara Bollier,29004665.0,S0KS00323,Roger Marshall,6772872.34,S0KS00315,FEC bulk (webl/weball 2016-2026),
S,KS,KS,2022,Regular,1,Mark Holland,905074.24,S2KS00113,Jerry Moran,5531189.35,S0KS00091,FEC bulk (webl/weball 2016-2026),
S,KS,KS,2026,Upcoming,1,Sharice Davids,0,,Roger Marshall,4009074.73,S0KS00315,FEC bulk (webl/weball 2016-2026),dem:no-fec-filings(sub-threshold)
S,KY,KY,2016,Regular,1,Jim Gray,6381075.0,S6KY00120,Rand Paul,4951609.77,S0KY00156,FEC bulk (webl/weball 2016-2026),
S,KY,KY,2020,Regular,1,Amy McGrath,96331682.31,S0KY00339,Mitch McConnell,68094902.86,S2KY00012,FEC bulk (webl/weball 2016-2026),
S,KY,KY,2022,Regular,1,Charles Booker,6556072.38,S0KY00420,Rand Paul,25042402.65,S0KY00156,FEC bulk (webl/weball 2016-2026),
S,KY,KY,2026,Upcoming,1,Charles Booker,1099509.09,S6KY00385,Andy Barr,9981055.48,S6KY00286,FEC bulk (webl/weball 2016-2026),
S,LA,LA,2016,Regular,1,Foster Campbell,6359469.0,S6LA00359,John Kennedy,6238062.29,S4LA00065,FEC bulk (webl/weball 2016-2026),
S,LA,LA,2020,Regular,1,Adrian Perkins,2806583.4,S0LA00386,Bill Cassidy,7447725.9,S4LA00107,FEC bulk (webl/weball 2016-2026),
S,LA,LA,2022,Regular,1,Gary Chambers,1728794.32,S2LA00150,John Kennedy,34338881.57,S4LA00065,FEC bulk (webl/weball 2016-2026),
S,LA,LA,2026,Upcoming,1,Jamie Davis,1983548.38,S6LA00615,Julia Letlow,6210121.5,S6LA00664,FEC bulk (webl/weball 2016-2026),
S,MA,MA,2018,Regular,1,Elizabeth Warren,25825246.34,S2MA00170,Geoff Diehl,3025033.56,S8MA00276,FEC bulk (webl/weball 2016-2026),
S,MA,MA,2024,Regular,1,Elizabeth Warren,9039537.78,S2MA00170,John Deaton,2244282.53,S4MA00358,FEC bulk (webl/weball 2016-2026),
S,MA,MA-2,2020,Regular,1,Ed Markey,11823465.97,S4MA00028,Kevin O'Connor,947013.91,S0MA00232,FEC bulk (webl/weball 2016-2026),
S,MA,MA-2,2026,Upcoming,1,Ed Markey,5352148.33,S4MA00028,John Deaton,1561360.3,S6MA00304,FEC bulk (webl/weball 2016-2026),
S,MD,MD,2016,Regular,1,Chris Van Hollen,11960703.0,S6MD03441,Kathy Szeliga,1583476.0,S6MD03508,FEC bulk (webl/weball 2016-2026),
S,MD,MD,2018,Regular,1,Ben Cardin,4067153.24,S6MD03177,Tony Campbell,197638.11,S8MD00328,FEC bulk (webl/weball 2016-2026),
S,MD,MD,2022,Regular,1,Chris Van Hollen,6615217.92,S6MD03441,Chris Chaffee,0,,FEC bulk (webl/weball 2016-2026),rep:no-fec-filings(sub-threshold)
S,MD,MD,2024,Regular,1,Angela Alsobrooks,31077805.53,S4MD00327,Larry Hogan,12249553.37,S4MD00483,FEC bulk (webl/weball 2016-2026),
S,ME,ME,2018,Regular,1,Angus King,4827215.37,S2ME00109,Eric Brakey,962794.83,S8ME00130,FEC bulk (webl/weball 2016-2026),
S,ME,ME,2024,Regular,1,Angus King,5368767.0,S2ME00109,Demi Kouzounas,1027791.62,S4ME00121,FEC bulk (webl/weball 2016-2026),
S,ME,ME-2,2020,Regular,1,Sara Gideon,75629137.16,S0ME00111,Susan Collins,27867541.38,S6ME00159,FEC bulk (webl/weball 2016-2026),
S,ME,ME-2,2026,Upcoming,1,Graham Platner,21050419.38,S6ME00373,Susan Collins,16169827.43,S6ME00159,FEC bulk (webl/weball 2016-2026),
S,MI,MI,2018,Regular,1,Debbie Stabenow,13467045.34,S8MI00281,John James,12551466.52,S8MI00372,FEC bulk (webl/weball 2016-2026),
S,MI,MI,2024,Regular,1,Elissa Slotkin,51937060.2,S4MI00470,Mike Rogers,13247396.66,S4MI00595,FEC bulk (webl/weball 2016-2026),
S,MI,MI-2,2020,Regular,1,Gary Peters,50113274.67,S4MI00355,John James,48764414.44,S8MI00372,FEC bulk (webl/weball 2016-2026),
S,MI,MI-2,2026,Upcoming,1,Mallory McMorrow,11386720.36,S6MI00392,Mike Rogers,10898177.09,S4MI00595,FEC bulk (webl/weball 2016-2026),
S,MN,MN,2018,Regular,1,Amy Klobuchar,8132759.12,S6MN00267,Jim Newberger,258768.76,S8MN00552,FEC bulk (webl/weball 2016-2026),
S,MN,MN,2024,Regular,1,Amy Klobuchar,14734556.75,S6MN00267,Royce White,1621744.66,S4MN00502,FEC bulk (webl/weball 2016-2026),
S,MN,MN-2,2018,Special,1,Tina Smith,9221473.92,S8MN00578,Karin Housley,4697809.09,S8MN00586,FEC bulk (webl/weball 2016-2026),
S,MN,MN-2,2020,Regular,1,Tina Smith,16468404.53,S8MN00578,Jason Lewis,7091526.74,S0MN00328,FEC bulk (webl/weball 2016-2026),
S,MN,MN-2,2026,Upcoming,1,Peggy Flanagan,6517348.17,S6MN00440,Michele Tafoya,5337941.77,S6MN00556,FEC bulk (webl/weball 2016-2026),
S,MO,MO,2016,Regular,1,Jason Kander,13213897.0,S6MO00362,Roy Blunt,12077039.0,S0MO00183,FEC bulk (webl/weball 2016-2026),
S,MO,MO,2018,Regular,1,Claire McCaskill,37714657.65,S6MO00305,Josh Hawley,11946032.34,S8MO00160,FEC bulk (webl/weball 2016-2026),
S,MO,MO,2022,Regular,1,Trudy Busch Valentine,18322281.62,S2MO00692,Eric Schmitt,6566085.82,S2MO00544,FEC bulk (webl/weball 2016-2026),
S,MO,MO,2024,Regular,1,Lucas Kunce,23184061.38,C00771972,Josh Hawley,13808806.06,S8MO00160,FEC bulk (webl/weball 2016-2026),dem:api-backfill:committee-level
S,MS,MS,2018,Regular,1,David Baria,904539.22,S8MS00253,Roger Wicker,6113589.06,S8MS00196,FEC bulk (webl/weball 2016-2026),
S,MS,MS,2024,Regular,1,Ty Pinkins,1047155.67,S4MS00187,Roger Wicker,7420578.92,S8MS00196,FEC bulk (webl/weball 2016-2026),
S,MS,MS-2,2018,Special,1,Mike Espy,7488521.96,S8MS00287,Cindy Hyde-Smith,5545933.3,S8MS00261,FEC bulk (webl/weball 2016-2026),
S,MS,MS-2,2020,Regular,1,Mike Espy,12320919.34,S8MS00287,Cindy Hyde-Smith,3407099.27,S8MS00261,FEC bulk (webl/weball 2016-2026),
S,MS,MS-2,2026,Upcoming,1,Scott Colom,2384921.14,S6MS00133,Cindy Hyde-Smith,3825454.97,S8MS00261,FEC bulk (webl/weball 2016-2026),
S,MT,MT,2018,Regular,1,Jon Tester,18686615.43,S6MT00162,Matt Rosendale,5994022.92,S8MT00234,FEC bulk (webl/weball 2016-2026),
S,MT,MT,2024,Regular,1,Jon Tester,93570122.72,S6MT00162,Tim Sheehy,30015786.32,S4MT00183,FEC bulk (webl/weball 2016-2026),
S,MT,MT-2,2020,Regular,1,Steve Bullock,49522119.85,S0MT00173,Steve Daines,31883793.77,S2MT00096,FEC bulk (webl/weball 2016-2026),
S,MT,MT-2,2026,Upcoming,0,Seth Bodnar,3238150.74,S6MT00287,Kurt Alme,1984860.91,S6MT00295,FEC bulk (webl/weball 2016-2026),
S,NC,NC,2016,Regular,1,Deborah Ross,14458013.0,S6NC00266,Richard Burr,12566765.0,S4NC00089,FEC bulk (webl/weball 2016-2026),
S,NC,NC,2020,Regular,1,Cal Cunningham,52569133.75,S0NC00202,Thom Tillis,23280646.68,S4NC00162,FEC bulk (webl/weball 2016-2026),
S,NC,NC,2022,Regular,1,Cheri Beasley,38948343.76,S2NC00497,Ted Budd,14904162.55,S2NC00505,FEC bulk (webl/weball 2016-2026),
S,NC,NC,2026,Upcoming,1,Roy Cooper,34975789.18,S6NC00407,Michael Whatley,11272504.49,S6NC00415,FEC bulk (webl/weball 2016-2026),
S,ND,ND,2016,Regular,1,Eliot Glassheim,21714.0,S6ND00108,John Hoeven,2943354.0,S0ND00093,FEC bulk (webl/weball 2016-2026),
S,ND,ND,2018,Regular,1,Heidi Heitkamp,29525599.65,S2ND00099,Kevin Cramer,6031115.66,S8ND00120,FEC bulk (webl/weball 2016-2026),
S,ND,ND,2022,Regular,1,Katrina Christiansen,112995.97,S2ND00123,John Hoeven,3320462.86,S0ND00093,FEC bulk (webl/weball 2016-2026),
S,ND,ND,2024,Regular,1,Katrina Christiansen,3066029.91,S2ND00123,Kevin Cramer,5562461.74,S8ND00120,FEC bulk (webl/weball 2016-2026),
S,NE,NE,2018,Regular,1,Jane Raybould,2106074.58,S8NE00182,Deb Fischer,4508637.55,S2NE00094,FEC bulk (webl/weball 2016-2026),
S,NE,NE,2024,Regular,0,Dan Osborn,15129327.27,S4NE00207,Deb Fischer,6555361.2,S2NE00094,FEC bulk (webl/weball 2016-2026),
S,NE,NE-2,2020,Regular,1,Chris Janicek,159630.3,S8NE00216,Ben Sasse,4530024.67,S4NE00090,FEC bulk (webl/weball 2016-2026),
S,NE,NE-2,2024,Special,1,Preston Love Jr.,283232.43,S4NE00223,Pete Ricketts,5876228.08,S6NE00129,FEC bulk (webl/weball 2016-2026),
S,NE,NE-2,2026,Upcoming,0,Dan Osborn,5751950.79,S4NE00207,Pete Ricketts,11233506.7,S6NE00129,FEC bulk (webl/weball 2016-2026),
S,NH,NH,2016,Regular,1,Maggie Hassan,18698223.0,S6NH00091,Kelly Ayotte,13980279.89,S0NH00235,FEC bulk (webl/weball 2016-2026),
S,NH,NH,2020,Regular,1,Jeanne Shaheen,18172382.69,S0NH00219,Corky Messner,7150052.78,S0NH00334,FEC bulk (webl/weball 2016-2026),
S,NH,NH,2022,Regular,1,Maggie Hassan,37045597.33,S6NH00091,Don Bolduc,4181564.45,S0NH00326,FEC bulk (webl/weball 2016-2026),
S,NH,NH,2026,Upcoming,1,Chris Pappas,15384656.83,S6NH00141,John Sununu,4124581.62,S6NH00208,FEC bulk (webl/weball 2016-2026),
S,NJ,NJ,2018,Regular,1,Bob Menendez,9579191.36,S6NJ00289,Bob Hugin,39236111.14,S8NJ00509,FEC bulk (webl/weball 2016-2026),
S,NJ,NJ,2024,Regular,1,Andy Kim,12441003.62,S4NJ00466,Curtis Bashaw,4249567.71,S4NJ00540,FEC bulk (webl/weball 2016-2026),
S,NJ,NJ-2,2020,Regular,1,Cory Booker,8290750.95,S4NJ00185,Rik Mehta,586707.1,S0NJ00217,FEC bulk (webl/weball 2016-2026),
S,NJ,NJ-2,2026,Upcoming,1,Cory Booker,18869341.39,S4NJ00185,Justin Murphy,27315.52,S4NJ00532,FEC bulk (webl/weball 2016-2026),
S,NM,NM,2018,Regular,1,Martin Heinrich,6377069.86,S2NM00088,Mick Rich,968899.39,S8NM00200,FEC bulk (webl/weball 2016-2026),
S,NM,NM,2024,Regular,1,Martin Heinrich,10731410.2,S2NM00088,Nella Domenici,7013192.46,S4NM00183,FEC bulk (webl/weball 2016-2026),
S,NM,NM-2,2020,Regular,1,Ben Ray Luján,9295577.6,S0NM00058,Mark Ronchetti,3977162.91,S0NM00124,FEC bulk (webl/weball 2016-2026),
S,NM,NM-2,2026,Upcoming,1,Ben Ray Luján,5626629.31,S0NM00058,Larry Marker,33525.0,S6NM01186,FEC bulk (webl/weball 2016-2026),
S,NV,NV,2016,Regular,1,Catherine Cortez Masto,19968577.25,S6NV00200,Joe Heck,12356469.0,S6NV00218,FEC bulk (webl/weball 2016-2026),
S,NV,NV,2018,Regular,1,Jacky Rosen,26242152.35,S8NV00156,Dean Heller,12888327.96,S2NV00183,FEC bulk (webl/weball 2016-2026),
S,NV,NV,2022,Regular,1,Catherine Cortez Masto,60613860.94,S6NV00200,Adam Laxalt,19108847.34,S2NV00324,FEC bulk (webl/weball 2016-2026),
S,NV,NV,2024,Regular,1,Jacky Rosen,43915245.2,S8NV00156,Sam Brown,24063366.48,S2NV00308,FEC bulk (webl/weball 2016-2026),
S,NY,NY,2016,Regular,1,Chuck Schumer,17442741.0,S8NY00082,Wendy Long,161236.0,S2NY00259,FEC bulk (webl/weball 2016-2026),
S,NY,NY,2018,Regular,1,Kirsten Gillibrand,17940045.06,S0NY00410,Chele Farley,1400439.99,S8NY00215,FEC bulk (webl/weball 2016-2026),
S,NY,NY,2022,Regular,1,Chuck Schumer,37885457.97,S8NY00082,Joe Pinion,592671.29,S2NY00499,FEC bulk (webl/weball 2016-2026),
S,NY,NY,2024,Regular,1,Kirsten Gillibrand,9798986.57,S0NY00410,Mike Sapraicone,1417733.96,S4NY00404,FEC bulk (webl/weball 2016-2026),
S,OH,OH,2018,Regular,1,Sherrod Brown,22766559.45,S6OH00163,Jim Renacci,12061786.51,S8OH00102,FEC bulk (webl/weball 2016-2026),
S,OH,OH,2024,Regular,1,Sherrod Brown,96530240.72,S6OH00163,Bernie Moreno,26920693.53,S4OH00192,FEC bulk (webl/weball 2016-2026),
S,OH,OH-2,2016,Regular,1,Ted Strickland,10736947.0,S6OH00254,Rob Portman,19849495.0,S0OH00133,FEC bulk (webl/weball 2016-2026),
S,OH,OH-2,2022,Regular,1,Tim Ryan,57770819.94,S2OH00402,JD Vance,15994977.29,S2OH00436,FEC bulk (webl/weball 2016-2026),
S,OH,OH-2,2026,Upcoming,1,Sherrod Brown,38566234.1,S6OH00163,Jon Husted,14360027.53,S6OH00304,FEC bulk (webl/weball 2016-2026),
S,OK,OK,2016,Regular,1,Mike Workman,0,,James Lankford,3041818.0,S4OK00232,FEC bulk (webl/weball 2016-2026),dem:no-fec-filings(sub-threshold)
S,OK,OK,2020,Regular,1,Abby Broyles,2089401.41,S0OK00370,Jim Inhofe,4670324.27,S4OK00083,FEC bulk (webl/weball 2016-2026),
S,OK,OK,2022,Special,1,Kendra Horn,1903985.66,S2OK00228,Markwayne Mullin,5569955.21,S2OK00186,FEC bulk (webl/weball 2016-2026),
S,OK,OK,2022,Regular,1,Madison Horn,372106.81,S2OK00152,James Lankford,5868351.84,S4OK00232,FEC bulk (webl/weball 2016-2026),
S,OK,OK,2026,Upcoming,1,Democratic Candidate,0,,Kevin Hern,9953578.89,S6OK04247,FEC bulk (webl/weball 2016-2026),dem:no-fec-filings(sub-threshold)
S,OR,OR,2016,Regular,1,Ron Wyden,8685642.0,S6OR00110,Mark Callahan,34797.0,S4OR00172,FEC bulk (webl/weball 2016-2026),
S,OR,OR,2020,Regular,1,Jeff Merkley,6410830.47,S8OR00207,Jo Rae Perkins,142923.6,S4OR00156,FEC bulk (webl/weball 2016-2026),
S,OR,OR,2022,Regular,1,Ron Wyden,10512321.06,S6OR00110,Jo Rae Perkins,125792.28,S4OR00156,FEC bulk (webl/weball 2016-2026),
S,OR,OR,2026,Upcoming,1,Jeff Merkley,4540973.95,S8OR00207,David Brock Smith,120760.19,S6OR05218,FEC bulk (webl/weball 2016-2026),
S,PA,PA,2016,Regular,1,Katie McGinty,16592370.0,S6PA00266,Pat Toomey,22084253.0,S4PA00121,FEC bulk (webl/weball 2016-2026),
S,PA,PA,2018,Regular,1,Bob Casey Jr.,17816254.19,S6PA00217,Lou Barletta,7407078.74,S8PA00320,FEC bulk (webl/weball 2016-2026),
S,PA,PA,2022,Regular,1,John Fetterman,76336560.56,S6PA00274,Mehmet Oz,51080108.65,S2PA00638,FEC bulk (webl/weball 2016-2026),
S,PA,PA,2024,Regular,1,Bob Casey Jr.,58147345.34,S6PA00217,Dave McCormick,35970836.83,S2PA00661,FEC bulk (webl/weball 2016-2026),
S,RI,RI,2018,Regular,1,Sheldon Whitehouse,5190199.3,S6RI00221,Bob Flanders,1211499.82,S8RI00128,FEC bulk (webl/weball 2016-2026),
S,RI,RI,2024,Regular,1,Sheldon Whitehouse,4859870.01,S6RI00221,Patricia Morgan,296201.28,S4RI00085,FEC bulk (webl/weball 2016-2026),
S,RI,RI-2,2020,Regular,1,Jack Reed,2964445.84,S6RI00163,Allen Waters,29725.75,S0RI00067,FEC bulk (webl/weball 2016-2026),
S,RI,RI-2,2026,Upcoming,1,Jack Reed,3381651.34,S6RI00163,Raymond McKay,180468.45,S4RI00051,FEC bulk (webl/weball 2016-2026),
S,SC,SC,2016,Regular,1,Thomas Dixon,40236.05,S6SC04148,Tim Scott,6194855.0,S4SC00240,FEC bulk (webl/weball 2016-2026),
S,SC,SC,2020,Regular,1,Jaime Harrison,132685669.57,S0SC00289,Lindsey Graham,107747533.78,S0SC00149,FEC bulk (webl/weball 2016-2026),
S,SC,SC,2022,Regular,1,Krystle Matthews,135365.58,S2SC00103,Tim Scott,43127151.37,S4SC00240,FEC bulk (webl/weball 2016-2026),
S,SC,SC,2026,Upcoming,1,Annie Andrews,10804040.5,S6SC04239,Darline Graham,,,FEC bulk (webl/weball 2016-2026),"pending: appointed incumbent has no FEC committee on file yet; the prior R receipts here were Lindsey Graham's S0SC00149 ($6,766,156.31) and do not transfer to her"
S,SD,SD,2016,Regular,1,Jay Williams,70500.0,S6SD01091,John Thune,5170324.0,S2SD00068,FEC bulk (webl/weball 2016-2026),
S,SD,SD,2020,Regular,1,Dan Ahlers,273832.8,S0SD00070,Mike Rounds,3663084.5,S4SD00049,FEC bulk (webl/weball 2016-2026),
S,SD,SD,2022,Regular,1,Brian Bengs,497968.04,S2SD00126,John Thune,7547602.66,S2SD00068,FEC bulk (webl/weball 2016-2026),
S,SD,SD,2026,Upcoming,1,Julian Beaudion,228295.15,S6SD01125,Mike Rounds,3176450.98,S4SD00049,FEC bulk (webl/weball 2016-2026),
S,TN,TN,2018,Regular,1,Phil Bredesen,19621771.52,S8TN00386,Marsha Blackburn,14634619.97,S8TN00337,FEC bulk (webl/weball 2016-2026),
S,TN,TN,2024,Regular,1,Gloria Johnson,7585464.44,S4TN00526,Marsha Blackburn,13571274.34,S8TN00337,FEC bulk (webl/weball 2016-2026),
S,TN,TN-2,2020,Regular,1,Marquita Bradshaw,1628980.09,S0TN00342,Bill Hagerty,15772577.38,S0TN00169,FEC bulk (webl/weball 2016-2026),
S,TN,TN-2,2026,Upcoming,1,Democratic Candidate,0,,Bill Hagerty,7162897.1,S0TN00169,FEC bulk (webl/weball 2016-2026),dem:no-fec-filings(sub-threshold)
S,TX,TX,2018,Regular,1,Beto O'Rourke,80344836.34,S8TX00285,Ted Cruz,35409076.68,S2TX00312,FEC bulk (webl/weball 2016-2026),
S,TX,TX,2024,Regular,1,Colin Allred,94674182.67,S4TX00722,Ted Cruz,74050030.94,S2TX00312,FEC bulk (webl/weball 2016-2026),
S,TX,TX-2,2020,Regular,1,MJ Hegar,29597569.83,S0TX00233,John Cornyn,28614523.43,S2TX00106,FEC bulk (webl/weball 2016-2026),
S,TX,TX-2,2026,Upcoming,1,James Talarico,68555930.42,S6TX00479,Ken Paxton,9248698.53,S6TX00388,FEC bulk (webl/weball 2016-2026),
S,UT,UT,2016,Regular,1,Misty Snow,77436.0,S6UT00246,Mike Lee,3981888.49,S0UT00165,FEC bulk (webl/weball 2016-2026),
S,UT,UT,2018,Regular,1,Jenny Wilson,960796.1,S8UT00143,Mitt Romney,5552040.26,S8UT00176,FEC bulk (webl/weball 2016-2026),
S,UT,UT,2022,Regular,0,Evan McMullin,7988427.79,S2UT00369,Mike Lee,10885232.67,S0UT00165,FEC bulk (webl/weball 2016-2026),
S,UT,UT,2024,Regular,1,Caroline Gleich,1236418.9,S4UT00308,John Curtis,5748063.58,S4UT00282,FEC bulk (webl/weball 2016-2026),
S,VA,VA,2018,Regular,1,Tim Kaine,16943971.83,S2VA00142,Corey Stewart,2814961.24,S8VA00297,FEC bulk (webl/weball 2016-2026),
S,VA,VA,2024,Regular,1,Tim Kaine,18308453.68,S2VA00142,Hung Cao,9832460.01,S4VA00353,FEC bulk (webl/weball 2016-2026),
S,VA,VA-2,2020,Regular,1,Mark Warner,13227445.93,S6VA00093,Daniel Gade,4925967.31,S0VA00146,FEC bulk (webl/weball 2016-2026),
S,VA,VA-2,2026,Upcoming,1,Mark Warner,17889335.15,S6VA00093,Republican Candidate,0,,FEC bulk (webl/weball 2016-2026),rep:no-fec-filings(sub-threshold)
S,VT,VT,2016,Regular,1,Patrick Leahy,3930892.11,S4VT00017,Scott Milne,127633.0,S6VT00160,FEC bulk (webl/weball 2016-2026),
S,VT,VT,2018,Regular,1,Bernie Sanders,10760530.53,S4VT00033,Lawrence Zupan,168278.39,S8VT00141,FEC bulk (webl/weball 2016-2026),
S,VT,VT,2022,Regular,1,Peter Welch,5390836.54,S2VT00235,Gerald Malloy,397262.11,S2VT00292,FEC bulk (webl/weball 2016-2026),
S,VT,VT,2024,Regular,1,Bernie Sanders,8207886.33,S4VT00033,Gerald Malloy,662959.83,S2VT00292,FEC bulk (webl/weball 2016-2026),
S,WA,WA,2016,Regular,1,Patty Murray,10176110.19,S2WA00189,Chris Vance,445369.0,S6WA00321,FEC bulk (webl/weball 2016-2026),
S,WA,WA,2018,Regular,1,Maria Cantwell,9399420.74,S8WA00194,Susan Hutchison,1933255.94,S8WA00319,FEC bulk (webl/weball 2016-2026),
S,WA,WA,2022,Regular,1,Patty Murray,16112355.03,S2WA00189,Tiffany Smiley,21007197.75,S2WA00387,FEC bulk (webl/weball 2016-2026),
S,WA,WA,2024,Regular,1,Maria Cantwell,11147595.82,S8WA00194,Raul Garcia,773708.95,S4WA00581,FEC bulk (webl/weball 2016-2026),
S,WI,WI,2016,Regular,1,Russ Feingold,24857171.0,S8WI00026,Ron Johnson,17683385.71,S0WI00197,FEC bulk (webl/weball 2016-2026),
S,WI,WI,2018,Regular,1,Tammy Baldwin,27758852.65,S2WI00219,Leah Vukmir,5852699.03,S8WI00224,FEC bulk (webl/weball 2016-2026),
S,WI,WI,2022,Regular,1,Mandela Barnes,42336589.43,S2WI00441,Ron Johnson,34920572.47,S0WI00197,FEC bulk (webl/weball 2016-2026),
S,WI,WI,2024,Regular,1,Tammy Baldwin,50228545.14,S2WI00219,Eric Hovde,31958333.2,S2WI00268,FEC bulk (webl/weball 2016-2026),
S,WV,WV,2018,Regular,1,Joe Manchin,8420591.86,S0WV00090,Patrick Morrisey,6200876.51,S8WV00143,FEC bulk (webl/weball 2016-2026),
S,WV,WV,2024,Regular,1,Glenn Elliott,855051.42,S4WV00399,Jim Justice,4587416.08,S4WV00332,FEC bulk (webl/weball 2016-2026),
S,WV,WV-2,2020,Regular,1,Paula Jean Swearengin,2064982.41,S0WV00215,Shelley Moore Capito,4945799.43,S4WV00159,FEC bulk (webl/weball 2016-2026),
S,WV,WV-2,2026,Upcoming,1,Rachel Fetty Anderson,49913.08,S6WV00188,Shelley Moore Capito,4624145.47,S4WV00159,FEC bulk (webl/weball 2016-2026),
S,WY,WY,2018,Regular,1,Gary Trauner,910722.7,S8WY00189,John Barrasso,5667279.48,S6WY00068,FEC bulk (webl/weball 2016-2026),
S,WY,WY,2024,Regular,1,Scott Morrow,45707.29,S4WY00188,John Barrasso,7761388.01,S6WY00068,FEC bulk (webl/weball 2016-2026),
S,WY,WY-2,2020,Regular,1,Merav Ben-David,559626.26,S0WY00152,Cynthia Lummis,3003787.92,S0WY00137,FEC bulk (webl/weball 2016-2026),
S,WY,WY-2,2026,Upcoming,1,James Byrd,22558.71,S6WY00217,Harriet Hageman,2435022.54,S6WY00209,FEC bulk (webl/weball 2016-2026),
