year,state,district,county_fips,county_name,dem,gop,oth,total
2016,CO,1,08005,Arapahoe,14933,10318,1358,26609
2016,CO,1,08031,Denver,225893,71651,13699,311243
2016,CO,1,08059,Jefferson,16428,23061,1695,41184
2016,CO,2,08013,Boulder,101137,27388,6054,134579
2016,CO,2,08014,Broomfield,19551,15173,2240,36964
2016,CO,2,08019,Clear Creek,2815,2441,494,5750
2016,CO,2,08037,Eagle,3964,1933,482,6379
2016,CO,2,08047,Gilpin,1742,1412,302,3456
2016,CO,2,08049,Grand,3397,4310,614,8321
2016,CO,2,08059,Jefferson,22930,24763,3035,50728
2016,CO,2,08069,Larimer,93427,84683,12360,190470
2016,CO,2,08093,Park,1745,2874,464,5083
2016,CO,2,08117,Summit,9467,5024,1091,15582
2016,CO,3,08003,Alamosa,3452,3226,293,6971
2016,CO,3,08007,Archuleta,2525,4229,320,7074
2016,CO,3,08021,Conejos,2031,1908,114,4053
2016,CO,3,08023,Costilla,1187,537,87,1811
2016,CO,3,08027,Custer,781,2132,136,3049
2016,CO,3,08029,Delta,4741,11265,800,16806
2016,CO,3,08033,Dolores,381,784,57,1222
2016,CO,3,08037,Eagle,9617,7584,736,17937
2016,CO,3,08045,Garfield,12030,13186,1056,26272
2016,CO,3,08051,Gunnison,5695,3277,392,9364
2016,CO,3,08053,Hinsdale,216,350,16,582
2016,CO,3,08055,Huerfano,1575,1998,160,3733
2016,CO,3,08057,Jackson,195,616,24,835
2016,CO,3,08065,Lake,1755,1187,183,3125
2016,CO,3,08067,La Plata,15588,13769,1217,30574
2016,CO,3,08077,Mesa,21167,51277,4976,77420
2016,CO,3,08079,Mineral,285,331,24,640
2016,CO,3,08081,Moffat,1114,5033,259,6406
2016,CO,3,08083,Montezuma,4578,7511,566,12655
2016,CO,3,08085,Montrose,5442,14466,1171,21079
2016,CO,3,08091,Ouray,1710,1465,125,3300
2016,CO,3,08097,Pitkin,7493,2696,263,10452
2016,CO,3,08101,Pueblo,32430,41311,4691,78432
2016,CO,3,08103,Rio Blanco,487,2749,114,3350
2016,CO,3,08105,Rio Grande,2212,3140,190,5542
2016,CO,3,08107,Routt,7350,5762,617,13729
2016,CO,3,08109,Saguache,1669,1051,121,2841
2016,CO,3,08111,San Juan,248,222,22,492
2016,CO,3,08113,San Miguel,2960,1158,173,4291
2016,CO,4,08001,Adams,739,2978,202,3919
2016,CO,4,08005,Arapahoe,760,3218,194,4172
2016,CO,4,08009,Baca,298,1701,87,2086
2016,CO,4,08011,Bent,627,1211,49,1887
2016,CO,4,08013,Boulder,25600,19774,2618,47992
2016,CO,4,08017,Cheyenne,127,914,36,1077
2016,CO,4,08025,Crowley,348,1074,79,1501
2016,CO,4,08035,Douglas,36015,80774,5798,122587
2016,CO,4,08039,Elbert,2719,11769,691,15179
2016,CO,4,08061,Kiowa,200,623,10,833
2016,CO,4,08063,Kit Carson,493,2964,110,3567
2016,CO,4,08071,Las Animas,2734,3627,274,6635
2016,CO,4,08073,Lincoln,382,1902,87,2371
2016,CO,4,08075,Logan,1692,7339,409,9440
2016,CO,4,08087,Morgan,2898,8397,422,11717
2016,CO,4,08089,Otero,2964,5227,280,8471
2016,CO,4,08095,Phillips,385,1816,64,2265
2016,CO,4,08099,Prowers,1600,3232,127,4959
2016,CO,4,08115,Sedgwick,228,1037,54,1319
2016,CO,4,08121,Washington,249,2297,98,2644
2016,CO,4,08123,Weld,41926,82410,6961,131297
2016,CO,4,08125,Yuma,658,3946,113,4717
2016,CO,5,08015,Chaffee,4506,5790,608,10904
2016,CO,5,08041,El Paso,96903,191983,21848,310734
2016,CO,5,08043,Fremont,5273,15000,1302,21575
2016,CO,5,08093,Park,1638,3051,342,5031
2016,CO,5,08119,Teller,3356,9621,893,13870
2016,CO,6,08001,Adams,18771,24721,3607,47099
2016,CO,6,08005,Arapahoe,121385,129749,17538,268672
2016,CO,6,08035,Douglas,20216,37156,3274,60646
2016,CO,7,08001,Adams,77269,52474,7315,137058
2016,CO,7,08059,Jefferson,122489,91592,10871,224952
2016,HI,1,15003,Honolulu,145417,45958,21995,213370
2016,HI,2,15001,Hawaii,51047,11453,3498,65998
2016,HI,2,15003,Honolulu,57922,15205,4709,77836
2016,HI,2,15007,Kauai,20833,4297,2086,27216
2016,HI,2,15009,Maui,41046,8713,3190,52949
2016,ID,1,16001,Ada,33138,65546,12,98696
2016,ID,1,16003,Adams,609,1534,0,2143
2016,ID,1,16009,Benewah,1002,3114,0,4116
2016,ID,1,16015,Boise,1158,2599,0,3757
2016,ID,1,16017,Bonner,6800,13617,0,20417
2016,ID,1,16021,Boundary,1149,3958,0,5107
2016,ID,1,16027,Canyon,21831,50174,14,72019
2016,ID,1,16035,Clearwater,962,2740,0,3702
2016,ID,1,16045,Gem,1967,5893,3,7863
2016,ID,1,16049,Idaho,1701,6406,0,8107
2016,ID,1,16055,Kootenai,18880,46330,0,65210
2016,ID,1,16057,Latah,9073,9075,0,18148
2016,ID,1,16061,Lewis,374,1217,0,1591
2016,ID,1,16069,Nez Perce,5990,11162,0,17152
2016,ID,1,16073,Owyhee,841,3027,1,3869
2016,ID,1,16075,Payette,2227,6392,23,8642
2016,ID,1,16079,Shoshone,1887,3194,0,5081
2016,ID,1,16085,Valley,2324,3003,0,5327
2016,ID,1,16087,Washington,1139,3271,0,4410
2016,ID,2,16001,Ada,44551,45231,4786,94568
2016,ID,2,16005,Bannock,11671,19311,2463,33445
2016,ID,2,16007,Bear Lake,322,2375,218,2915
2016,ID,2,16011,Bingham,3049,11578,1783,16410
2016,ID,2,16013,Blaine,5640,4820,241,10701
2016,ID,2,16019,Bonneville,8699,30653,3746,43098
2016,ID,2,16023,Butte,170,941,113,1224
2016,ID,2,16025,Camas,125,416,40,581
2016,ID,2,16029,Caribou,354,2399,248,3001
2016,ID,2,16031,Cassia,1091,6135,870,8096
2016,ID,2,16033,Clark,38,212,27,277
2016,ID,2,16037,Custer,413,1628,297,2338
2016,ID,2,16039,Elmore,1858,5842,615,8315
2016,ID,2,16041,Franklin,477,4590,371,5438
2016,ID,2,16043,Fremont,735,4351,593,5679
2016,ID,2,16047,Gooding,1000,3676,490,5166
2016,ID,2,16051,Jefferson,1249,8765,1276,11290
2016,ID,2,16053,Jerome,1320,4710,663,6693
2016,ID,2,16059,Lemhi,716,2940,356,4012
2016,ID,2,16063,Lincoln,376,1221,137,1734
2016,ID,2,16065,Madison,1469,12473,1295,15237
2016,ID,2,16067,Minidoka,1221,4785,713,6719
2016,ID,2,16071,Oneida,223,1653,165,2041
2016,ID,2,16077,Power,696,1885,198,2779
2016,ID,2,16081,Teton,2182,2605,184,4971
2016,ID,2,16083,Twin Falls,6295,20097,3117,29509
2016,IL,1,17031,Cook,217965,49106,8,267079
2016,IL,1,17197,Will,16072,32711,0,48783
2016,IL,2,17031,Cook,201248,24383,0,225631
2016,IL,2,17091,Kankakee,20881,24750,0,45631
2016,IL,2,17197,Will,12922,10338,0,23260
2016,IL,3,17031,Cook,194555,0,46,194601
2016,IL,3,17043,Dupage,521,0,0,521
2016,IL,3,17197,Will,30244,0,45,30289
2016,IL,4,17031,Cook,171297,0,0,171297
2016,IL,5,17031,Cook,198479,70218,13619,282316
2016,IL,5,17043,Dupage,14363,16004,1041,31408
2016,IL,6,17031,Cook,17881,26762,0,44643
2016,IL,6,17043,Dupage,75968,108716,0,184684
2016,IL,6,17089,Kane,21174,29186,0,50360
2016,IL,6,17097,Lake,11412,19912,0,31324
2016,IL,6,17111,Mchenry,17156,23979,0,41135
2016,IL,7,17031,Cook,250584,46882,0,297466
2016,IL,8,17031,Cook,75876,50629,0,126505
2016,IL,8,17043,Dupage,53297,45355,0,98652
2016,IL,8,17089,Kane,15781,7633,0,23414
2016,IL,9,17031,Cook,217306,109550,92,326948
2016,IL,10,17031,Cook,36180,31443,2,67625
2016,IL,10,17097,Lake,114255,104092,24,218371
2016,IL,11,17031,Cook,886,1471,0,2357
2016,IL,11,17043,Dupage,52606,44235,0,96841
2016,IL,11,17089,Kane,25034,10028,0,35062
2016,IL,11,17093,Kendall,9235,6594,0,15829
2016,IL,11,17197,Will,78817,46667,0,125484
2016,IL,12,17003,Alexander,1139,1412,134,2685
2016,IL,12,17055,Franklin,5605,11759,974,18338
2016,IL,12,17077,Jackson,9558,12823,1850,24231
2016,IL,12,17081,Jefferson,4388,11023,1029,16440
2016,IL,12,17119,Madison,21117,20881,4424,46422
2016,IL,12,17133,Monroe,5584,12717,759,19060
2016,IL,12,17145,Perry,2547,6983,295,9825
2016,IL,12,17153,Pulaski,1022,1524,112,2658
2016,IL,12,17157,Randolph,4375,9307,429,14111
2016,IL,12,17163,St. Clair,58719,54031,6778,119528
2016,IL,12,17181,Union,2131,6019,364,8514
2016,IL,12,17199,Williamson,8061,21497,1632,31190
2016,IL,13,17005,Bond,647,1401,0,2048
2016,IL,13,17013,Calhoun,781,1672,0,2453
2016,IL,13,17019,Champaign,37567,27759,0,65326
2016,IL,13,17021,Christian,2973,12306,0,15279
2016,IL,13,17039,Dewitt,1629,5779,0,7408
2016,IL,13,17061,Greene,1254,4110,0,5364
2016,IL,13,17083,Jersey,2842,7743,0,10585
2016,IL,13,17113,Mclean,12117,11256,0,23373
2016,IL,13,17115,Macon,15827,31188,0,47015
2016,IL,13,17117,Macoupin,7332,14247,0,21579
2016,IL,13,17119,Madison,20701,30291,0,50992
2016,IL,13,17135,Montgomery,3665,8961,0,12626
2016,IL,13,17147,Piatt,2028,6918,0,8946
2016,IL,13,17167,Sangamon,17448,23952,0,41400
2016,IL,14,17037,Dekalb,6555,10301,0,16856
2016,IL,14,17043,Dupage,3956,3692,0,7648
2016,IL,14,17089,Kane,33547,53566,0,87113
2016,IL,14,17093,Kendall,14361,22247,0,36608
2016,IL,14,17097,Lake,20481,26075,0,46556
2016,IL,14,17111,Mchenry,37897,60109,0,98006
2016,IL,14,17197,Will,20792,24518,0,45310
2016,IL,15,17005,Bond,0,4543,0,4543
2016,IL,15,17019,Champaign,0,19598,0,19598
2016,IL,15,17023,Clark,0,6625,0,6625
2016,IL,15,17025,Clay,0,5409,0,5409
2016,IL,15,17027,Clinton,0,15537,0,15537
2016,IL,15,17029,Coles,0,17774,0,17774
2016,IL,15,17033,Crawford,0,7581,0,7581
2016,IL,15,17035,Cumberland,0,4948,0,4948
2016,IL,15,17041,Douglas,0,7242,0,7242
2016,IL,15,17045,Edgar,0,6782,0,6782
2016,IL,15,17047,Edwards,0,2983,0,2983
2016,IL,15,17049,Effingham,0,15365,0,15365
2016,IL,15,17051,Fayette,0,8253,0,8253
2016,IL,15,17053,Ford,0,2490,0,2490
2016,IL,15,17059,Gallatin,0,2014,0,2014
2016,IL,15,17065,Hamilton,0,3304,0,3304
2016,IL,15,17069,Hardin,0,1819,0,1819
2016,IL,15,17079,Jasper,0,4435,0,4435
2016,IL,15,17087,Johnson,0,5199,0,5199
2016,IL,15,17101,Lawrence,0,5179,0,5179
2016,IL,15,17119,Madison,0,24600,0,24600
2016,IL,15,17121,Marion,0,14720,0,14720
2016,IL,15,17127,Massac,0,5567,0,5567
2016,IL,15,17139,Moultrie,0,5420,0,5420
2016,IL,15,17151,Pope,0,1792,0,1792
2016,IL,15,17159,Richland,0,6668,0,6668
2016,IL,15,17165,Saline,0,9049,0,9049
2016,IL,15,17173,Shelby,0,9511,0,9511
2016,IL,15,17183,Vermilion,0,25371,0,25371
2016,IL,15,17185,Wabash,0,4729,0,4729
2016,IL,15,17189,Washington,0,6458,0,6458
2016,IL,15,17191,Wayne,0,7311,0,7311
2016,IL,15,17193,White,0,6278,0,6278
2016,IL,16,17007,Boone,0,18991,6,18997
2016,IL,16,17011,Bureau,0,13769,4,13773
2016,IL,16,17037,Dekalb,0,19120,27,19147
2016,IL,16,17053,Ford,0,3170,0,3170
2016,IL,16,17063,Grundy,0,19640,4,19644
2016,IL,16,17075,Iroquois,0,11669,5,11674
2016,IL,16,17099,Lasalle,0,39890,18,39908
2016,IL,16,17103,Lee,0,13102,8,13110
2016,IL,16,17105,Livingston,0,13548,10,13558
2016,IL,16,17141,Ogle,0,20757,26,20783
2016,IL,16,17155,Putnam,0,2464,0,2464
2016,IL,16,17175,Stark,0,502,0,502
2016,IL,16,17197,Will,0,11128,10,11138
2016,IL,16,17201,Winnebago,0,71972,13,71985
2016,IL,17,17015,Carroll,3988,3391,0,7379
2016,IL,17,17057,Fulton,9690,5899,0,15589
2016,IL,17,17071,Henderson,1796,1656,0,3452
2016,IL,17,17073,Henry,12924,11477,0,24401
2016,IL,17,17085,Jodaviess,5735,5360,0,11095
2016,IL,17,17095,Knox,12882,9486,0,22368
2016,IL,17,17131,Mercer,4587,3852,0,8439
2016,IL,17,17143,Peoria,21162,7972,0,29134
2016,IL,17,17161,Rock Island,39209,24053,0,63262
2016,IL,17,17177,Stephenson,10341,9602,0,19943
2016,IL,17,17179,Tazewell,10575,8142,0,18717
2016,IL,17,17187,Warren,4233,3514,0,7747
2016,IL,17,17195,Whiteside,14790,10456,0,25246
2016,IL,17,17201,Winnebago,21213,9083,0,30296
2016,IL,18,17001,Adams,7718,23843,0,31561
2016,IL,18,17009,Brown,418,1849,0,2267
2016,IL,18,17017,Cass,1403,3612,0,5015
2016,IL,18,17067,Hancock,2092,6723,0,8815
2016,IL,18,17107,Logan,2527,9567,0,12094
2016,IL,18,17109,Mcdonough,4800,7944,0,12744
2016,IL,18,17113,Mclean,18424,37543,3,55970
2016,IL,18,17123,Marshall,1449,4379,0,5828
2016,IL,18,17125,Mason,1734,4669,0,6403
2016,IL,18,17129,Menard,1341,5000,1,6342
2016,IL,18,17137,Morgan,3478,11101,0,14579
2016,IL,18,17143,Peoria,16357,33855,2,50214
2016,IL,18,17149,Pike,1615,5661,0,7276
2016,IL,18,17167,Sangamon,15431,39474,0,54905
2016,IL,18,17169,Schuyler,959,2746,0,3705
2016,IL,18,17171,Scott,492,2051,0,2543
2016,IL,18,17175,Stark,417,1687,0,2104
2016,IL,18,17179,Tazewell,11487,33822,1,45310
2016,IL,18,17203,Woodford,4628,14980,0,19608
2016,IN,1,18089,Lake,142704,28308,274,171286
2016,IN,1,18127,Porter,49520,14544,0,64064
2016,IN,2,18039,Elkhart,19819,0,46080,65899
2016,IN,2,18049,Fulton,2276,0,6133,8409
2016,IN,2,18085,Kosciusko,2140,0,9374,11514
2016,IN,2,18099,Marshall,5200,0,12884,18084
2016,IN,2,18103,Miami,3005,0,10262,13267
2016,IN,2,18131,Pulaski,1348,0,4061,5409
2016,IN,2,18149,Starke,2828,0,6342,9170
2016,IN,2,18169,Wabash,2972,0,10309,13281
2016,IN,3,18001,Adams,2262,9906,713,12881
2016,IN,3,18003,Allen,40043,93516,10457,144016
2016,IN,3,18009,Blackford,320,679,68,1067
2016,IN,3,18033,Dekalb,3080,12104,1274,16458
2016,IN,3,18069,Huntington,2538,11913,1241,15692
2016,IN,3,18075,Jay,1818,5407,444,7669
2016,IN,3,18085,Kosciusko,3460,15725,1232,20417
2016,IN,3,18087,Lagrange,1865,7022,540,9427
2016,IN,3,18113,Noble,3137,12288,1101,16526
2016,IN,3,18151,Steuben,2827,10585,901,14313
2016,IN,3,18179,Wells,2157,10102,729,12988
2016,IN,3,18183,Whitley,2401,11969,1082,15452
2016,IN,4,18007,Benton,853,2594,205,3652
2016,IN,4,18011,Boone,4056,9685,704,14445
2016,IN,4,18015,Carroll,2026,6113,452,8591
2016,IN,4,18017,Cass,3987,9398,673,14058
2016,IN,4,18023,Clinton,2985,8111,556,11652
2016,IN,4,18045,Fountain,1798,5275,326,7399
2016,IN,4,18063,Hendricks,19970,50677,3189,73836
2016,IN,4,18067,Howard,11020,18497,1781,31298
2016,IN,4,18073,Jasper,3734,8783,571,13088
2016,IN,4,18107,Montgomery,3960,10336,630,14926
2016,IN,4,18109,Morgan,2088,7549,496,10133
2016,IN,4,18111,Newton,1626,3757,300,5683
2016,IN,4,18133,Putnam,3318,10499,672,14489
2016,IN,4,18157,Tippecanoe,26167,32468,3493,62128
2016,IN,4,18171,Warren,1013,2732,167,3912
2016,IN,4,18181,White,2552,6799,543,9894
2016,IN,5,18009,Blackford,973,2451,218,3642
2016,IN,5,18011,Boone,4718,12077,663,17458
2016,IN,5,18053,Grant,6679,17047,1162,24888
2016,IN,5,18057,Hamilton,43399,102857,6412,152668
2016,IN,5,18067,Howard,1167,3799,242,5208
2016,IN,5,18095,Madison,18033,32356,2486,52875
2016,IN,5,18097,Marion,47278,45722,3797,96797
2016,IN,5,18159,Tipton,1544,5476,344,7364
2016,IN,6,18005,Bartholomew,8605,21836,1342,31783
2016,IN,6,18029,Dearborn,4629,17597,881,23107
2016,IN,6,18031,Decatur,1734,8888,320,10942
2016,IN,6,18035,Delaware,17334,24560,2172,44066
2016,IN,6,18041,Fayette,2504,6323,357,9184
2016,IN,6,18047,Franklin,2022,8340,302,10664
2016,IN,6,18059,Hancock,7823,26315,1553,35691
2016,IN,6,18065,Henry,5495,13163,1083,19741
2016,IN,6,18077,Jefferson,4593,8115,419,13127
2016,IN,6,18079,Jennings,2658,7813,429,10900
2016,IN,6,18115,Ohio,727,2011,100,2838
2016,IN,6,18135,Randolph,2406,7406,394,10206
2016,IN,6,18137,Ripley,2396,9934,375,12705
2016,IN,6,18139,Rush,1376,5411,312,7099
2016,IN,6,18143,Scott,1643,2257,130,4030
2016,IN,6,18145,Shelby,3503,13626,723,17852
2016,IN,6,18155,Switzerland,1082,2353,114,3549
2016,IN,6,18161,Union,682,2446,110,3238
2016,IN,6,18177,Wayne,7832,16397,1209,25438
2016,IN,7,18097,Marion,158606,94396,11470,264472
2016,IN,8,18021,Clay,2572,7859,514,10945
2016,IN,8,18025,Crawford,190,397,33,620
2016,IN,8,18027,Daviess,1698,8528,363,10589
2016,IN,8,18037,Dubois,5212,12915,896,19023
2016,IN,8,18051,Gibson,3913,10745,676,15334
2016,IN,8,18055,Greene,3340,9367,573,13280
2016,IN,8,18083,Knox,4002,10156,636,14794
2016,IN,8,18101,Martin,1061,3374,219,4654
2016,IN,8,18119,Owen,2038,5610,648,8296
2016,IN,8,18121,Parke,1569,4613,331,6513
2016,IN,8,18123,Perry,3189,4308,318,7815
2016,IN,8,18125,Pike,1630,3944,262,5836
2016,IN,8,18129,Posey,3484,8335,498,12317
2016,IN,8,18147,Spencer,3004,6427,380,9811
2016,IN,8,18153,Sullivan,3092,4894,309,8295
2016,IN,8,18163,Vanderburgh,25587,42149,3539,71275
2016,IN,8,18165,Vermillion,2530,3824,368,6722
2016,IN,8,18167,Vigo,16444,20602,1840,38886
2016,IN,8,18173,Warrick,8575,19523,1228,29326
2016,IN,9,18013,Brown,3036,4450,448,7934
2016,IN,9,18025,Crawford,1623,1946,239,3808
2016,IN,9,18043,Floyd,15997,19406,1736,37139
2016,IN,9,18061,Harrison,6697,10801,895,18393
2016,IN,9,18071,Jackson,5596,10802,976,17374
2016,IN,9,18081,Johnson,20083,42205,3913,66201
2016,IN,9,18093,Lawrence,5720,11945,988,18653
2016,IN,9,18105,Monroe,36049,19314,2726,58089
2016,IN,9,18109,Morgan,5138,14226,1253,20617
2016,IN,9,18117,Orange,3007,4732,400,8139
2016,IN,9,18143,Scott,2028,2510,224,4762
2016,IN,9,18175,Washington,3989,6576,657,11222
2016,KY,1,21001,Adair,1373,6443,0,7816
2016,KY,1,21003,Allen,1311,6490,3,7804
2016,KY,1,21007,Ballard,987,3031,13,4031
2016,KY,1,21033,Caldwell,1442,4343,1,5786
2016,KY,1,21035,Calloway,4937,10785,13,15735
2016,KY,1,21039,Carlisle,550,2007,0,2557
2016,KY,1,21045,Casey,764,5463,0,6227
2016,KY,1,21047,Christian,7794,13557,0,21351
2016,KY,1,21053,Clinton,423,3788,2,4213
2016,KY,1,21055,Crittenden,730,3179,1,3910
2016,KY,1,21057,Cumberland,335,2567,0,2902
2016,KY,1,21075,Fulton,847,1444,2,2293
2016,KY,1,21083,Graves,3878,12079,50,16007
2016,KY,1,21101,Henderson,6873,12122,3,18998
2016,KY,1,21105,Hickman,543,1558,5,2106
2016,KY,1,21107,Hopkins,5126,14299,6,19431
2016,KY,1,21139,Livingston,1123,3364,14,4501
2016,KY,1,21141,Logan,3027,7389,0,10416
2016,KY,1,21143,Lyon,1113,2751,3,3867
2016,KY,1,21145,Mccracken,9616,20810,171,30597
2016,KY,1,21149,Mclean,1224,3168,0,4392
2016,KY,1,21155,Marion,2998,4517,1,7516
2016,KY,1,21157,Marshall,4579,11716,30,16325
2016,KY,1,21169,Metcalfe,865,3579,0,4444
2016,KY,1,21171,Monroe,316,4615,0,4931
2016,KY,1,21177,Muhlenberg,4406,7838,3,12247
2016,KY,1,21183,Ohio,2427,7548,0,9975
2016,KY,1,21207,Russell,1110,6677,0,7787
2016,KY,1,21213,Simpson,2162,5096,0,7258
2016,KY,1,21217,Taylor,2586,8246,1,10833
2016,KY,1,21219,Todd,1167,3350,2,4519
2016,KY,1,21221,Trigg,1735,4817,0,6552
2016,KY,1,21225,Union,1844,4063,8,5915
2016,KY,1,21229,Washington,52,159,0,211
2016,KY,1,21233,Webster,1447,4101,0,5548
2016,KY,2,21009,Barren,0,14322,0,14322
2016,KY,2,21021,Boyle,0,9329,0,9329
2016,KY,2,21027,Breckinridge,0,6820,0,6820
2016,KY,2,21029,Bullitt,0,28297,0,28297
2016,KY,2,21031,Butler,0,4718,0,4718
2016,KY,2,21059,Daviess,0,34918,0,34918
2016,KY,2,21061,Edmonson,0,4384,0,4384
2016,KY,2,21079,Garrard,0,5994,0,5994
2016,KY,2,21085,Grayson,0,8434,0,8434
2016,KY,2,21087,Green,0,4132,0,4132
2016,KY,2,21091,Hancock,0,3163,0,3163
2016,KY,2,21093,Hardin,0,33577,0,33577
2016,KY,2,21099,Hart,0,5500,0,5500
2016,KY,2,21113,Jessamine,0,5690,0,5690
2016,KY,2,21123,Larue,0,5213,0,5213
2016,KY,2,21163,Meade,0,9531,0,9531
2016,KY,2,21167,Mercer,0,7742,0,7742
2016,KY,2,21179,Nelson,0,15010,0,15010
2016,KY,2,21215,Spencer,0,2152,0,2152
2016,KY,2,21227,Warren,0,38829,0,38829
2016,KY,2,21229,Washington,0,4070,0,4070
2016,KY,3,21111,Jefferson,212401,122093,0,334494
2016,KY,4,21015,Boone,13420,42986,0,56406
2016,KY,4,21019,Boyd,5726,9839,0,15565
2016,KY,4,21023,Bracken,775,2641,0,3416
2016,KY,4,21037,Campbell,13283,28234,0,41517
2016,KY,4,21041,Carroll,1227,2439,0,3666
2016,KY,4,21077,Gallatin,847,2386,0,3233
2016,KY,4,21081,Grant,1907,7466,0,9373
2016,KY,4,21089,Greenup,5014,10633,0,15647
2016,KY,4,21097,Harrison,1241,3225,0,4466
2016,KY,4,21103,Henry,1962,4932,0,6894
2016,KY,4,21111,Jefferson,3622,8898,0,12520
2016,KY,4,21117,Kenton,22179,48340,0,70519
2016,KY,4,21135,Lewis,887,4161,0,5048
2016,KY,4,21161,Mason,1877,5091,0,6968
2016,KY,4,21185,Oldham,9129,23067,0,32196
2016,KY,4,21187,Owen,1174,3599,0,4773
2016,KY,4,21191,Pendleton,1262,4455,0,5717
2016,KY,4,21211,Shelby,5930,13907,0,19837
2016,KY,4,21215,Spencer,1552,5108,0,6660
2016,KY,4,21223,Trimble,1051,2515,0,3566
2016,KY,5,21013,Bell,0,7930,0,7930
2016,KY,5,21019,Boyd,0,3230,0,3230
2016,KY,5,21025,Breathitt,0,3921,0,3921
2016,KY,5,21043,Carter,0,7728,0,7728
2016,KY,5,21051,Clay,0,5465,0,5465
2016,KY,5,21063,Elliott,0,1625,0,1625
2016,KY,5,21071,Floyd,0,12051,0,12051
2016,KY,5,21095,Harlan,0,8630,0,8630
2016,KY,5,21109,Jackson,0,4616,0,4616
2016,KY,5,21115,Johnson,0,7770,0,7770
2016,KY,5,21119,Knott,0,3813,0,3813
2016,KY,5,21121,Knox,0,9758,0,9758
2016,KY,5,21125,Laurel,0,20690,0,20690
2016,KY,5,21127,Lawrence,0,4847,0,4847
2016,KY,5,21129,Lee,0,2139,0,2139
2016,KY,5,21131,Leslie,0,3704,0,3704
2016,KY,5,21133,Letcher,0,6754,0,6754
2016,KY,5,21137,Lincoln,0,7734,0,7734
2016,KY,5,21147,Mccreary,0,4979,0,4979
2016,KY,5,21153,Magoffin,0,3586,0,3586
2016,KY,5,21159,Martin,0,3338,0,3338
2016,KY,5,21175,Morgan,0,3489,0,3489
2016,KY,5,21189,Owsley,0,1402,0,1402
2016,KY,5,21193,Perry,0,8117,0,8117
2016,KY,5,21195,Pike,0,19632,0,19632
2016,KY,5,21199,Pulaski,0,24017,0,24017
2016,KY,5,21203,Rockcastle,0,5669,0,5669
2016,KY,5,21205,Rowan,0,6452,0,6452
2016,KY,5,21231,Wayne,0,6281,0,6281
2016,KY,5,21235,Whitley,0,11875,0,11875
2016,KY,6,21005,Anderson,2877,8471,0,11348
2016,KY,6,21011,Bath,1397,3087,0,4484
2016,KY,6,21017,Bourbon,2682,6033,0,8715
2016,KY,6,21049,Clark,4684,11385,0,16069
2016,KY,6,21065,Estill,1125,4341,0,5466
2016,KY,6,21067,Fayette,66800,69184,0,135984
2016,KY,6,21069,Fleming,1468,4658,0,6126
2016,KY,6,21073,Franklin,10737,12984,0,23721
2016,KY,6,21097,Harrison,921,2106,0,3027
2016,KY,6,21113,Jessamine,4551,11567,0,16118
2016,KY,6,21151,Madison,11912,25178,0,37090
2016,KY,6,21165,Menifee,756,1926,0,2682
2016,KY,6,21173,Montgomery,3214,8056,0,11270
2016,KY,6,21181,Nicholas,772,2033,0,2805
2016,KY,6,21197,Powell,1349,3486,0,4835
2016,KY,6,21201,Robertson,261,724,0,985
2016,KY,6,21209,Scott,7557,16472,0,24029
2016,KY,6,21237,Wolfe,792,1758,0,2550
2016,KY,6,21239,Woodford,4873,8650,0,13523
2016,LA,1,22051,Jefferson,11583,74643,11518,97744
2016,LA,1,22057,Lafourche,1288,14041,1446,16775
2016,LA,1,22071,Orleans,4330,13112,4576,22018
2016,LA,1,22075,Plaquemines,1631,6784,1282,9697
2016,LA,1,22087,St. Bernard,2295,9379,2493,14167
2016,LA,1,22103,St. Tammany,13380,89078,12996,115454
2016,LA,1,22105,Tangipahoa,4379,19492,4085,27956
2016,LA,1,22109,Terrebonne,2954,17116,2907,22977
2016,LA,2,22005,Ascension,3461,0,4832,8293
2016,LA,2,22007,Assumption,1424,0,1664,3088
2016,LA,2,22033,East Baton Rouge,26295,0,8964,35259
2016,LA,2,22047,Iberville,3891,0,5308,9199
2016,LA,2,22051,Jefferson,39132,0,20147,59279
2016,LA,2,22071,Orleans,101932,0,26283,128215
2016,LA,2,22089,St. Charles,6539,0,6191,12730
2016,LA,2,22093,St. James,5333,0,4949,10282
2016,LA,2,22095,St. John The Baptist,7846,0,4684,12530
2016,LA,2,22121,West Baton Rouge,2436,0,2958,5394
2016,LA,3,22001,Acadia,6718,11302,7916,25936
2016,LA,3,22019,Calcasieu,23186,9141,45481,77808
2016,LA,3,22023,Cameron,1610,944,984,3538
2016,LA,3,22045,Iberia,6698,10327,13011,30036
2016,LA,3,22053,Jefferson Davis,4785,4694,4141,13620
2016,LA,3,22055,Lafayette,26601,24089,48142,98832
2016,LA,3,22097,St. Landry,434,624,321,1379
2016,LA,3,22099,St. Martin,9580,6961,7672,24213
2016,LA,3,22101,St. Mary,4887,6805,8960,20652
2016,LA,3,22113,Vermilion,7033,10025,7382,24440
2016,LA,4,22003,Allen,1659,1999,4513,8171
2016,LA,4,22011,Beauregard,1901,5325,6503,13729
2016,LA,4,22013,Bienville,2104,1869,2197,6170
2016,LA,4,22015,Bossier,8455,18567,18894,45916
2016,LA,4,22017,Caddo,38222,23446,33326,94994
2016,LA,4,22027,Claiborne,1750,1492,2388,5630
2016,LA,4,22031,De Soto,3926,3956,4659,12541
2016,LA,4,22039,Evangeline,2533,3343,6752,12628
2016,LA,4,22069,Natchitoches,5287,2950,6578,14815
2016,LA,4,22081,Red River,1304,1078,1543,3925
2016,LA,4,22085,Sabine,1188,2908,4899,8995
2016,LA,4,22097,St. Landry,4761,2484,10252,17497
2016,LA,4,22111,Union,2040,3460,3798,9298
2016,LA,4,22115,Vernon,2083,5400,7469,14952
2016,LA,4,22119,Webster,3380,5523,7821,16724
2016,LA,5,22009,Avoyelles,0,10176,2854,13030
2016,LA,5,22021,Caldwell,0,3753,432,4185
2016,LA,5,22025,Catahoula,0,3461,534,3995
2016,LA,5,22029,Concordia,0,4921,1404,6325
2016,LA,5,22035,East Carroll,0,1712,275,1987
2016,LA,5,22037,East Feliciana,0,1995,1540,3535
2016,LA,5,22041,Franklin,0,7923,506,8429
2016,LA,5,22043,Grant,0,6204,1567,7771
2016,LA,5,22049,Jackson,0,5450,877,6327
2016,LA,5,22059,Lasalle,0,5173,736,5909
2016,LA,5,22061,Lincoln,0,12885,2358,15243
2016,LA,5,22065,Madison,0,2804,422,3226
2016,LA,5,22067,Morehouse,0,7672,1121,8793
2016,LA,5,22073,Ouachita,0,48523,6191,54714
2016,LA,5,22079,Rapides,0,37690,8350,46040
2016,LA,5,22083,Richland,0,7982,613,8595
2016,LA,5,22091,St. Helena,0,583,516,1099
2016,LA,5,22097,St. Landry,0,8731,4022,12753
2016,LA,5,22105,Tangipahoa,0,9029,5251,14280
2016,LA,5,22107,Tensas,0,1678,213,1891
2016,LA,5,22117,Washington,0,9323,4420,13743
2016,LA,5,22123,West Carroll,0,3909,322,4231
2016,LA,5,22125,West Feliciana,0,2705,1631,4336
2016,LA,5,22127,Winn,0,4263,962,5225
2016,LA,6,22005,Ascension,4480,29570,8562,42612
2016,LA,6,22007,Assumption,729,3822,1353,5904
2016,LA,6,22033,East Baton Rouge,28375,88958,33459,150792
2016,LA,6,22037,East Feliciana,675,2660,1005,4340
2016,LA,6,22047,Iberville,717,3010,1081,4808
2016,LA,6,22057,Lafourche,2804,12253,5158,20215
2016,LA,6,22063,Livingston,3530,41454,8829,53813
2016,LA,6,22077,Pointe Coupee,1885,6237,1978,10100
2016,LA,6,22089,St. Charles,1194,3870,3491,8555
2016,LA,6,22091,St. Helena,1114,1213,1217,3544
2016,LA,6,22095,St. John The Baptist,1274,1992,1873,5139
2016,LA,6,22109,Terrebonne,1750,8118,5086,14954
2016,LA,6,22121,West Baton Rouge,853,4326,1143,6322
2016,MN,1,27013,Blue Earth,18177,14527,40,32744
2016,MN,1,27015,Brown,5376,8182,8,13566
2016,MN,1,27033,Cottonwood,607,1182,3,1792
2016,MN,1,27039,Dodge,4601,5823,5,10429
2016,MN,1,27043,Faribault,2884,4429,3,7316
2016,MN,1,27045,Fillmore,5628,5286,12,10926
2016,MN,1,27047,Freeborn,8386,7454,6,15846
2016,MN,1,27055,Houston,5438,4880,10,10328
2016,MN,1,27063,Jackson,2180,3248,3,5431
2016,MN,1,27079,Le Sueur,6522,8078,15,14615
2016,MN,1,27091,Martin,3641,6756,7,10404
2016,MN,1,27099,Mower,9998,7510,10,17518
2016,MN,1,27103,Nicollet,10110,7544,12,17666
2016,MN,1,27105,Nobles,3833,4570,4,8407
2016,MN,1,27109,Olmsted,41645,36337,62,78044
2016,MN,1,27131,Rice,8006,9784,18,17808
2016,MN,1,27133,Rock,1890,2866,5,4761
2016,MN,1,27147,Steele,8884,9771,16,18671
2016,MN,1,27161,Waseca,4489,5027,8,9524
2016,MN,1,27165,Watonwan,2417,2518,0,4935
2016,MN,1,27169,Winona,14362,10754,30,25146
2016,MN,2,27037,Dakota,106560,100780,17406,224746
2016,MN,2,27049,Goodhue,9946,13083,2167,25196
2016,MN,2,27131,Rice,8114,4510,864,13488
2016,MN,2,27139,Scott,27788,39455,5694,72937
2016,MN,2,27157,Wabasha,4445,6066,984,11495
2016,MN,2,27163,Washington,10462,10076,2114,22652
2016,MN,3,27003,Anoka,13129,18593,109,31831
2016,MN,3,27019,Carver,11907,22269,77,34253
2016,MN,3,27053,Hennepin,144207,182215,958,327380
2016,MN,4,27123,Ramsey,159778,77994,22018,259790
2016,MN,4,27163,Washington,43521,43038,5595,92154
2016,MN,5,27003,Anoka,14603,8654,2854,26111
2016,MN,5,27053,Hennepin,234243,71407,28273,333923
2016,MN,5,27123,Ramsey,1118,599,131,1848
2016,MN,6,27003,Anoka,44887,75782,171,120840
2016,MN,6,27009,Benton,6408,12765,39,19212
2016,MN,6,27019,Carver,6014,13950,24,19988
2016,MN,6,27053,Hennepin,143,383,0,526
2016,MN,6,27141,Sherburne,13894,32432,74,46400
2016,MN,6,27145,Stearns,23174,38728,113,62015
2016,MN,6,27163,Washington,8353,14160,35,22548
2016,MN,6,27171,Wright,20135,47180,80,67395
2016,MN,7,27005,Becker,8743,8097,13,16853
2016,MN,7,27007,Beltrami,7688,5234,19,12941
2016,MN,7,27011,Big Stone,1525,1174,0,2699
2016,MN,7,27023,Chippewa,3593,2514,5,6112
2016,MN,7,27027,Clay,18316,10096,47,28459
2016,MN,7,27029,Clearwater,1861,2293,1,4155
2016,MN,7,27033,Cottonwood,1873,1921,3,3797
2016,MN,7,27041,Douglas,9960,11207,19,21186
2016,MN,7,27051,Grant,2036,1380,4,3420
2016,MN,7,27067,Kandiyohi,10872,10313,17,21202
2016,MN,7,27069,Kittson,1569,795,2,2366
2016,MN,7,27073,Lac Qui Parle,2345,1480,3,3828
2016,MN,7,27077,Lake Of The Woods,1111,1073,2,2186
2016,MN,7,27081,Lincoln,1580,1388,0,2968
2016,MN,7,27083,Lyon,6136,5752,11,11899
2016,MN,7,27085,Mcleod,7748,10326,23,18097
2016,MN,7,27087,Mahnomen,1376,671,4,2051
2016,MN,7,27089,Marshall,2788,1977,2,4767
2016,MN,7,27093,Meeker,5349,6588,4,11941
2016,MN,7,27101,Murray,2181,2412,1,4594
2016,MN,7,27107,Norman,2261,956,2,3219
2016,MN,7,27111,Otter Tail,15641,16151,29,31821
2016,MN,7,27113,Pennington,3876,2713,8,6597
2016,MN,7,27117,Pipestone,1795,2854,3,4652
2016,MN,7,27119,Polk,8377,6046,12,14435
2016,MN,7,27121,Pope,3463,2722,5,6190
2016,MN,7,27125,Red Lake,1163,707,4,1874
2016,MN,7,27127,Redwood,3740,3649,8,7397
2016,MN,7,27129,Renville,3966,3479,8,7453
2016,MN,7,27135,Roseau,3665,3978,4,7647
2016,MN,7,27143,Sibley,3225,4328,4,7557
2016,MN,7,27145,Stearns,6393,8050,17,14460
2016,MN,7,27149,Stevens,3183,2087,4,5274
2016,MN,7,27151,Swift,2982,1962,3,4947
2016,MN,7,27153,Todd,5367,6243,11,11621
2016,MN,7,27155,Traverse,1123,632,1,1756
2016,MN,7,27167,Wilkin,1868,1369,0,3237
2016,MN,7,27173,Yellow Medicine,2851,2335,4,5190
2016,MN,8,27001,Aitkin,4167,4862,10,9039
2016,MN,8,27007,Beltrami,3542,4461,13,8016
2016,MN,8,27017,Carlton,10311,7766,37,18114
2016,MN,8,27021,Cass,6287,9407,34,15728
2016,MN,8,27025,Chisago,13189,16150,79,29418
2016,MN,8,27031,Cook,2182,1159,7,3348
2016,MN,8,27035,Crow Wing,14482,20873,74,35429
2016,MN,8,27057,Hubbard,4718,6560,19,11297
2016,MN,8,27059,Isanti,8379,12020,74,20473
2016,MN,8,27061,Itasca,12019,11541,56,23616
2016,MN,8,27065,Kanabec,3435,4507,25,7967
2016,MN,8,27071,Koochiching,3245,3018,18,6281
2016,MN,8,27075,Lake,3714,2734,4,6452
2016,MN,8,27095,Mille Lacs,5536,7056,41,12633
2016,MN,8,27097,Morrison,6349,10811,33,17193
2016,MN,8,27115,Pine,6519,6991,35,13545
2016,MN,8,27137,St. Louis,68549,42889,220,111658
2016,MN,8,27159,Wadena,2475,4284,13,6772
2016,MO,2,29099,Jefferson,6542,11930,1074,19546
2016,MO,2,29183,St. Charles,23744,46313,3246,73303
2016,MO,3,29027,Callaway,4507,13591,845,18943
2016,MO,3,29029,Camden,2794,10098,444,13336
2016,MO,3,29051,Cole,9368,26481,1129,36978
2016,MO,3,29071,Franklin,12279,34308,2266,48853
2016,MO,3,29073,Gasconade,1344,5770,226,7340
2016,MO,3,29099,Jefferson,18333,33530,2603,54466
2016,MO,3,29113,Lincoln,6429,16826,1114,24369
2016,MO,3,29125,Maries,825,3490,141,4456
2016,MO,3,29131,Miller,1641,9228,377,11246
2016,MO,3,29139,Montgomery,1078,4080,180,5338
2016,MO,3,29151,Osage,889,5956,171,7016
2016,MO,3,29183,St. Charles,39557,75623,5385,120565
2016,MO,3,29219,Warren,3847,10884,696,15427
2016,MO,4,29007,Audrain,1974,5448,349,7771
2016,MO,4,29011,Barton,752,4893,186,5831
2016,MO,4,29013,Bates,1740,5814,336,7890
2016,MO,4,29015,Benton,2056,6928,413,9397
2016,MO,4,29019,Boone,36517,39442,3462,79421
2016,MO,4,29029,Camden,1705,6642,315,8662
2016,MO,4,29037,Cass,13198,34998,2082,50278
2016,MO,4,29039,Cedar,953,4970,259,6182
2016,MO,4,29053,Cooper,1778,5721,345,7844
2016,MO,4,29057,Dade,612,3121,156,3889
2016,MO,4,29059,Dallas,1192,5804,302,7298
2016,MO,4,29083,Henry,2399,6927,389,9715
2016,MO,4,29085,Hickory,994,3434,185,4613
2016,MO,4,29089,Howard,1300,3131,255,4686
2016,MO,4,29101,Johnson,5584,14102,1167,20853
2016,MO,4,29105,Laclede,2353,12908,580,15841
2016,MO,4,29135,Moniteau,1272,5161,237,6670
2016,MO,4,29141,Morgan,1748,6470,370,8588
2016,MO,4,29159,Pettis,4211,12636,938,17785
2016,MO,4,29169,Pulaski,2796,9820,637,13253
2016,MO,4,29175,Randolph,2440,7193,521,10154
2016,MO,4,29185,St. Clair,993,3438,178,4609
2016,MO,4,29217,Vernon,1676,6526,273,8475
2016,MO,4,29225,Webster,2267,9821,441,12529
2016,MO,5,29047,Clay,17151,13804,1445,32400
2016,MO,5,29095,Jackson,60588,63737,4080,128405
2016,MO,5,29107,Lafayette,5744,9505,490,15739
2016,MO,5,29177,Ray,4394,5895,402,10691
2016,MO,5,29195,Saline,3824,4967,350,9141
2016,MO,6,29001,Adair,3072,6558,363,9993
2016,MO,6,29003,Andrew,2021,6748,263,9032
2016,MO,6,29005,Atchison,522,2065,94,2681
2016,MO,6,29007,Audrain,536,1375,73,1984
2016,MO,6,29021,Buchanan,11196,22604,1374,35174
2016,MO,6,29025,Caldwell,863,3184,220,4267
2016,MO,6,29033,Carroll,681,3496,124,4301
2016,MO,6,29041,Chariton,894,2889,112,3895
2016,MO,6,29045,Clark,673,2413,121,3207
2016,MO,6,29047,Clay,25056,47760,2829,75645
2016,MO,6,29049,Clinton,2620,6997,464,10081
2016,MO,6,29061,Daviess,740,2827,129,3696
2016,MO,6,29063,De Kalb,906,3458,161,4525
2016,MO,6,29075,Gentry,623,2297,77,2997
2016,MO,6,29079,Grundy,747,3531,126,4404
2016,MO,6,29081,Harrison,578,2940,119,3637
2016,MO,6,29087,Holt,331,1921,63,2315
2016,MO,6,29095,Jackson,13594,26993,1530,42117
2016,MO,6,29103,Knox,317,1425,35,1777
2016,MO,6,29111,Lewis,899,3270,144,4313
2016,MO,6,29115,Linn,1235,4102,154,5491
2016,MO,6,29117,Livingston,1112,4989,170,6271
2016,MO,6,29121,Macon,1573,5688,228,7489
2016,MO,6,29127,Marion,2915,9405,311,12631
2016,MO,6,29129,Mercer,197,1444,38,1679
2016,MO,6,29137,Monroe,899,2955,131,3985
2016,MO,6,29147,Nodaway,2246,6805,272,9323
2016,MO,6,29163,Pike,2051,4907,223,7181
2016,MO,6,29165,Platte,17016,29596,1974,48586
2016,MO,6,29171,Putnam,315,1897,46,2258
2016,MO,6,29173,Ralls,1239,3745,110,5094
2016,MO,6,29197,Schuyler,331,1490,51,1872
2016,MO,6,29199,Scotland,333,1509,68,1910
2016,MO,6,29205,Shelby,649,2428,72,3149
2016,MO,6,29211,Sullivan,506,1897,52,2455
2016,MO,6,29227,Worth,206,780,43,1029
2016,MO,7,29009,Barry,3037,10921,500,14458
2016,MO,7,29043,Christian,9890,28849,2179,40918
2016,MO,7,29077,Greene,45382,74876,7582,127840
2016,MO,7,29097,Jasper,11681,33755,2218,47654
2016,MO,7,29109,Lawrence,3813,11622,987,16422
2016,MO,7,29119,Mcdonald,1428,6271,349,8048
2016,MO,7,29145,Newton,5790,19497,1008,26295
2016,MO,7,29167,Polk,2880,10170,630,13680
2016,MO,7,29209,Stone,3270,12384,641,16295
2016,MO,7,29213,Taney,4664,17569,837,23070
2016,MO,7,29225,Webster,921,2778,228,3927
2016,MO,8,29017,Bollinger,845,4532,156,5533
2016,MO,8,29023,Butler,3029,13325,427,16781
2016,MO,8,29031,Cape Girardeau,8084,26982,1194,36260
2016,MO,8,29035,Carter,477,2187,78,2742
2016,MO,8,29055,Crawford,1849,7589,271,9709
2016,MO,8,29065,Dent,923,5687,142,6752
2016,MO,8,29067,Douglas,944,5313,198,6455
2016,MO,8,29069,Dunklin,2434,7406,257,10097
2016,MO,8,29091,Howell,2776,13665,505,16946
2016,MO,8,29093,Iron,1109,2896,118,4123
2016,MO,8,29099,Jefferson,9155,18030,996,28181
2016,MO,8,29123,Madison,1079,3684,460,5223
2016,MO,8,29133,Mississippi,1525,3345,77,4947
2016,MO,8,29143,New Madrid,2022,4876,151,7049
2016,MO,8,29149,Oregon,876,3447,125,4448
2016,MO,8,29153,Ozark,723,3487,143,4353
2016,MO,8,29155,Pemiscot,1945,3638,108,5691
2016,MO,8,29157,Perry,1468,6616,224,8308
2016,MO,8,29161,Phelps,4453,13288,564,18305
2016,MO,8,29179,Reynolds,587,2236,68,2891
2016,MO,8,29181,Ripley,903,4224,141,5268
2016,MO,8,29186,Ste. Genevieve,2790,4978,215,7983
2016,MO,8,29187,St. Francois,6933,16309,718,23960
2016,MO,8,29201,Scott,3857,12565,425,16847
2016,MO,8,29203,Shannon,816,2865,102,3783
2016,MO,8,29207,Stoddard,2059,10719,323,13101
2016,MO,8,29215,Texas,1696,8826,283,10805
2016,MO,8,29221,Washington,2424,6186,265,8875
2016,MO,8,29223,Wayne,1078,4297,154,5529
2016,MO,8,29229,Wright,1150,6594,182,7926
2016,MT,1,30001,Beaverhead,1424,3417,161,5002
2016,MT,1,30003,Big Horn,2393,1851,121,4365
2016,MT,1,30005,Blaine,1476,1241,58,2775
2016,MT,1,30007,Broadwater,710,2393,105,3208
2016,MT,1,30009,Carbon,2156,3758,187,6101
2016,MT,1,30011,Carter,89,677,18,784
2016,MT,1,30013,Cascade,14833,19546,1069,35448
2016,MT,1,30015,Chouteau,911,1681,77,2669
2016,MT,1,30017,Custer,1612,3535,174,5321
2016,MT,1,30019,Daniels,200,633,36,869
2016,MT,1,30021,Dawson,1098,3149,157,4404
2016,MT,1,30023,Deer Lodge,2537,1627,173,4337
2016,MT,1,30025,Fallon,227,1219,45,1491
2016,MT,1,30027,Fergus,1559,4230,206,5995
2016,MT,1,30029,Flathead,15029,30768,1644,47441
2016,MT,1,30031,Gallatin,26777,25972,1978,54727
2016,MT,1,30033,Garfield,56,651,13,720
2016,MT,1,30035,Glacier,3544,1613,89,5246
2016,MT,1,30037,Golden Valley,96,373,14,483
2016,MT,1,30039,Granite,575,1188,60,1823
2016,MT,1,30041,Hill,2968,3422,239,6629
2016,MT,1,30043,Jefferson,2329,4342,200,6871
2016,MT,1,30045,Judith Basin,324,875,30,1229
2016,MT,1,30047,Lake,5613,7328,448,13389
2016,MT,1,30051,Liberty,238,713,27,978
2016,MT,1,30053,Lincoln,2445,6531,439,9415
2016,MT,1,30055,Mccone,200,838,23,1061
2016,MT,1,30057,Madison,1437,3270,149,4856
2016,MT,1,30059,Meagher,226,742,26,994
2016,MT,1,30061,Mineral,666,1288,101,2055
2016,MT,1,30063,Missoula,34912,23941,1794,60647
2016,MT,1,30065,Musselshell,456,1892,106,2454
2016,MT,1,30067,Park,4167,4969,349,9485
2016,MT,1,30069,Petroleum,48,272,6,326
2016,MT,1,30071,Phillips,493,1767,44,2304
2016,MT,1,30073,Pondera,955,1774,61,2790
2016,MT,1,30075,Powder River,162,861,36,1059
2016,MT,1,30077,Powell,784,1953,110,2847
2016,MT,1,30079,Prairie,141,522,37,700
2016,MT,1,30081,Ravalli,7181,14980,792,22953
2016,MT,1,30083,Richland,896,3772,183,4851
2016,MT,1,30085,Roosevelt,1947,1685,119,3751
2016,MT,1,30087,Rosebud,1250,2223,81,3554
2016,MT,1,30089,Sanders,1623,4079,297,5999
2016,MT,1,30091,Sheridan,536,1260,74,1870
2016,MT,1,30093,Silver Bow,10126,6235,606,16967
2016,MT,1,30095,Stillwater,1200,3558,177,4935
2016,MT,1,30097,Sweet Grass,505,1587,49,2141
2016,MT,1,30099,Teton,1046,2172,74,3292
2016,MT,1,30101,Toole,493,1511,75,2079
2016,MT,1,30103,Treasure,96,346,9,451
2016,MT,1,30105,Valley,1116,2701,146,3963
2016,MT,1,30107,Wheatland,242,689,28,959
2016,MT,1,30109,Wibaux,105,408,27,540
2016,MT,1,30111,Yellowstone,25926,42677,2219,70822
2016,ND,1,38001,Adams,151,1003,58,1212
2016,ND,1,38003,Barnes,1538,3401,337,5276
2016,ND,1,38005,Benson,857,1053,98,2008
2016,ND,1,38007,Billings,68,505,25,598
2016,ND,1,38009,Bottineau,578,2672,214,3464
2016,ND,1,38011,Bowman,177,1502,97,1776
2016,ND,1,38013,Burke,90,910,43,1043
2016,ND,1,38015,Burleigh,9863,34413,3044,47320
2016,ND,1,38017,Cass,25133,45714,7578,78425
2016,ND,1,38019,Cavalier,367,1528,102,1997
2016,ND,1,38021,Dickey,495,1801,110,2406
2016,ND,1,38023,Divide,203,935,79,1217
2016,ND,1,38025,Dunn,375,1757,78,2210
2016,ND,1,38027,Eddy,308,826,84,1218
2016,ND,1,38029,Emmons,179,1692,94,1965
2016,ND,1,38031,Foster,263,1339,115,1717
2016,ND,1,38033,Golden Valley,96,811,46,953
2016,ND,1,38035,Grand Forks,8779,18671,1775,29225
2016,ND,1,38037,Grant,153,1189,50,1392
2016,ND,1,38039,Griggs,283,916,65,1264
2016,ND,1,38041,Hettinger,115,1089,77,1281
2016,ND,1,38043,Kidder,152,1164,58,1374
2016,ND,1,38045,Lamoure,467,1578,107,2152
2016,ND,1,38047,Logan,102,929,52,1083
2016,ND,1,38049,Mchenry,431,2217,164,2812
2016,ND,1,38051,Mcintosh,205,1180,65,1450
2016,ND,1,38053,Mckenzie,752,3610,207,4569
2016,ND,1,38055,Mclean,1048,3973,261,5282
2016,ND,1,38057,Mercer,632,3806,205,4643
2016,ND,1,38059,Morton,2822,11741,1042,15605
2016,ND,1,38061,Mountrail,1334,2570,167,4071
2016,ND,1,38063,Nelson,437,1161,125,1723
2016,ND,1,38065,Oliver,121,852,52,1025
2016,ND,1,38067,Pembina,575,2390,186,3151
2016,ND,1,38069,Pierce,318,1649,91,2058
2016,ND,1,38071,Ramsey,1222,3696,365,5283
2016,ND,1,38073,Ransom,769,1405,163,2337
2016,ND,1,38075,Renville,147,1062,64,1273
2016,ND,1,38077,Richland,1879,4948,645,7472
2016,ND,1,38079,Rolette,2487,1195,105,3787
2016,ND,1,38081,Sargent,643,1183,169,1995
2016,ND,1,38083,Sheridan,77,679,30,786
2016,ND,1,38085,Sioux,973,243,25,1241
2016,ND,1,38087,Slope,41,362,24,427
2016,ND,1,38089,Stark,1453,9921,684,12058
2016,ND,1,38091,Steele,282,652,81,1015
2016,ND,1,38093,Stutsman,2174,7001,661,9836
2016,ND,1,38095,Towner,249,828,79,1156
2016,ND,1,38097,Traill,1018,2567,307,3892
2016,ND,1,38099,Walsh,840,3469,298,4607
2016,ND,1,38101,Ward,4772,20267,1891,26930
2016,ND,1,38103,Wells,317,1940,113,2370
2016,ND,1,38105,Williams,1567,10015,873,12455
2016,NM,1,35001,Bernalillo,168113,86866,0,254979
2016,NM,1,35043,Sandoval,6936,4197,0,11133
2016,NM,1,35049,Santa Fe,1172,1619,0,2791
2016,NM,1,35057,Torrance,3134,3114,0,6248
2016,NM,1,35061,Valencia,1733,1083,0,2816
2016,NM,2,35001,Bernalillo,316,400,0,716
2016,NM,2,35003,Catron,469,1536,2,2007
2016,NM,2,35005,Chaves,4929,14920,3,19852
2016,NM,2,35006,Cibola,2945,4943,1,7889
2016,NM,2,35011,De Baca,162,715,0,877
2016,NM,2,35013,Dona Ana,36362,32633,47,69042
2016,NM,2,35015,Eddy,4324,14881,1,19206
2016,NM,2,35017,Grant,6194,6374,0,12568
2016,NM,2,35019,Guadalupe,698,1050,0,1748
2016,NM,2,35023,Hidalgo,652,1161,0,1813
2016,NM,2,35025,Lea,2884,14430,0,17314
2016,NM,2,35027,Lincoln,2192,6545,4,8741
2016,NM,2,35029,Luna,2757,4255,0,7012
2016,NM,2,35031,Mckinley,909,955,1,1865
2016,NM,2,35035,Otero,5580,13982,9,19571
2016,NM,2,35041,Roosevelt,446,2125,0,2571
2016,NM,2,35051,Sierra,1640,3453,1,5094
2016,NM,2,35053,Socorro,2728,3952,1,6681
2016,NM,2,35061,Valencia,9045,15205,0,24250
2016,NM,3,35001,Bernalillo,6123,5653,0,11776
2016,NM,3,35007,Colfax,2999,2260,0,5259
2016,NM,3,35009,Curry,4318,8681,0,12999
2016,NM,3,35021,Harding,228,285,0,513
2016,NM,3,35028,Los Alamos,6514,4151,0,10665
2016,NM,3,35031,Mckinley,14684,4627,0,19311
2016,NM,3,35033,Mora,1789,614,0,2403
2016,NM,3,35037,Quay,1555,1933,0,3488
2016,NM,3,35039,Rio Arriba,11594,3093,0,14687
2016,NM,3,35041,Roosevelt,1261,1974,0,3235
2016,NM,3,35043,Sandoval,26772,22617,0,49389
2016,NM,3,35045,San Juan,17993,27083,0,45076
2016,NM,3,35047,San Miguel,8449,2124,0,10573
2016,NM,3,35049,Santa Fe,53686,13577,0,67263
2016,NM,3,35055,Taos,12123,2903,0,15026
2016,NM,3,35059,Union,524,1155,0,1679
2016,NV,1,32003,Clark,116530,54171,17640,188341
2016,NV,2,32001,Churchill,1983,8032,647,10662
2016,NV,2,32005,Douglas,7359,18551,943,26853
2016,NV,2,32007,Elko,3168,13600,1189,17957
2016,NV,2,32011,Eureka,85,699,49,833
2016,NV,2,32013,Humboldt,1158,4713,381,6252
2016,NV,2,32015,Lander,376,1781,185,2342
2016,NV,2,32019,Lyon,4790,12843,1223,18856
2016,NV,2,32027,Pershing,393,1405,118,1916
2016,NV,2,32029,Storey,693,1652,131,2476
2016,NV,2,32031,Washoe,87215,104678,8840,200733
2016,NV,2,32510,Carson City,8445,14592,1225,24262
2016,NV,3,32003,Clark,146843,142900,21164,310907
2016,NV,4,32003,Clark,121677,97580,15350,234607
2016,NV,4,32009,Esmeralda,61,323,30,414
2016,NV,4,32017,Lincoln,261,1676,130,2067
2016,NV,4,32019,Lyon,826,2971,319,4116
2016,NV,4,32021,Mineral,579,1113,213,1905
2016,NV,4,32023,Nye,4838,11982,2105,18925
2016,NV,4,32033,White Pine,718,2585,376,3679
2016,NY,1,36103,Suffolk,135278,188499,0,323777
2016,NY,2,36059,Nassau,24103,66947,0,91050
2016,NY,2,36103,Suffolk,86835,114559,0,201394
2016,NY,3,36059,Nassau,86492,78072,0,164564
2016,NY,3,36081,Queens,29117,15375,0,44492
2016,NY,3,36103,Suffolk,56166,58857,0,115023
2016,NY,4,36059,Nassau,186423,126438,0,312861
2016,NY,5,36059,Nassau,24233,7127,517,31877
2016,NY,5,36081,Queens,175582,23185,3070,201837
2016,NY,6,36081,Queens,136506,50617,2123,189246
2016,NY,7,36047,Kings,127445,10802,0,138247
2016,NY,7,36061,New York,21564,2730,0,24294
2016,NY,7,36081,Queens,23137,3946,0,27083
2016,NY,8,36047,Kings,205839,11717,0,217556
2016,NY,8,36081,Queens,8756,3684,0,12440
2016,NY,9,36047,Kings,214189,17576,0,231765
2016,NY,10,36047,Kings,31755,23310,0,55065
2016,NY,10,36061,New York,160616,30547,0,191163
2016,NY,11,36047,Kings,28249,31055,1562,60866
2016,NY,11,36085,Richmond,57008,111879,2344,171231
2016,NY,12,36047,Kings,25780,2813,0,28593
2016,NY,12,36061,New York,181113,41648,0,222761
2016,NY,12,36081,Queens,37465,4938,0,42403
2016,NY,13,36005,Bronx,40356,3471,1547,45374
2016,NY,13,36061,New York,166838,12618,8578,188034
2016,NY,14,36005,Bronx,50549,12632,0,63181
2016,NY,14,36081,Queens,97038,17913,0,114951
2016,NY,15,36005,Bronx,165688,6129,2104,173921
2016,NY,16,36005,Bronx,76616,2660,0,79276
2016,NY,16,36119,Westchester,133241,9165,0,142406
2016,NY,17,36087,Rockland,86297,0,0,86297
2016,NY,17,36119,Westchester,128233,0,0,128233
2016,NY,18,36027,Dutchess,39470,29838,0,69308
2016,NY,18,36071,Orange,80336,61944,0,142280
2016,NY,18,36079,Putnam,21923,22648,0,44571
2016,NY,18,36119,Westchester,20331,14939,0,35270
2016,NY,19,36007,Broome,247,646,0,893
2016,NY,19,36021,Columbia,14212,15741,0,29953
2016,NY,19,36025,Delaware,6943,11913,0,18856
2016,NY,19,36027,Dutchess,24747,27278,0,52025
2016,NY,19,36039,Greene,7318,13740,0,21058
2016,NY,19,36057,Montgomery,1581,3672,0,5253
2016,NY,19,36077,Otsego,10642,13768,0,24410
2016,NY,19,36083,Rensselaer,12366,19511,0,31877
2016,NY,19,36095,Schoharie,4722,8778,0,13500
2016,NY,19,36105,Sullivan,12905,14908,0,27813
2016,NY,19,36111,Ulster,45541,36216,0,81757
2016,NY,20,36001,Albany,96029,36647,0,132676
2016,NY,20,36057,Montgomery,7918,4962,0,12880
2016,NY,20,36083,Rensselaer,25117,11255,0,36372
2016,NY,20,36091,Saratoga,40753,26420,0,67173
2016,NY,20,36093,Schenectady,43201,21456,0,64657
2016,NY,21,36019,Clinton,13426,17072,853,31351
2016,NY,21,36031,Essex,6575,9286,691,16552
2016,NY,21,36033,Franklin,6646,9326,521,16493
2016,NY,21,36035,Fulton,4532,14742,488,19762
2016,NY,21,36041,Hamilton,725,2243,93,3061
2016,NY,21,36043,Herkimer,872,2711,109,3692
2016,NY,21,36045,Jefferson,8794,26949,1367,37110
2016,NY,21,36049,Lewis,2190,8385,300,10875
2016,NY,21,36089,St. Lawrence,12585,23713,1482,37780
2016,NY,21,36091,Saratoga,11743,28081,1848,41672
2016,NY,21,36113,Warren,7831,19388,3178,30397
2016,NY,21,36115,Washington,6242,15990,1522,23754
2016,NY,22,36007,Broome,40095,31301,9981,81377
2016,NY,22,36017,Chenango,6989,10170,1949,19108
2016,NY,22,36023,Cortland,9101,8249,1634,18984
2016,NY,22,36043,Herkimer,5811,10344,4993,21148
2016,NY,22,36053,Madison,12074,13880,2533,28487
2016,NY,22,36065,Oneida,32563,42591,11441,86595
2016,NY,22,36075,Oswego,5759,10244,1429,17432
2016,NY,22,36107,Tioga,1874,2665,678,5217
2016,NY,23,36003,Allegany,5112,12589,0,17701
2016,NY,23,36009,Cattaraugus,10573,18496,0,29069
2016,NY,23,36013,Chautauqua,21810,30091,0,51901
2016,NY,23,36015,Chemung,13766,21125,0,34891
2016,NY,23,36069,Ontario,7356,10197,0,17553
2016,NY,23,36097,Schuyler,3245,5222,0,8467
2016,NY,23,36099,Seneca,5587,7583,0,13170
2016,NY,23,36101,Steuben,13439,27300,0,40739
2016,NY,23,36107,Tioga,5174,10750,0,15924
2016,NY,23,36109,Tompkins,29106,11579,0,40685
2016,NY,23,36123,Yates,3416,6118,0,9534
2016,NY,24,36011,Cayuga,10712,21511,0,32223
2016,NY,24,36067,Onondaga,87118,117230,0,204348
2016,NY,24,36075,Oswego,9312,18267,0,27579
2016,NY,24,36117,Wayne,11898,25753,0,37651
2016,NY,25,36055,Monroe,182950,142650,0,325600
2016,NY,26,36029,Erie,196780,64173,0,260953
2016,NY,26,36063,Niagara,18509,9204,0,27713
2016,NY,27,36029,Erie,48891,94482,0,143373
2016,NY,27,36037,Genesee,7016,17543,0,24559
2016,NY,27,36051,Livingston,9105,18685,0,27790
2016,NY,27,36055,Monroe,4854,8656,0,13510
2016,NY,27,36063,Niagara,18770,38131,0,56901
2016,NY,27,36069,Ontario,11666,19377,0,31043
2016,NY,27,36073,Orleans,3906,11028,0,14934
2016,NY,27,36121,Wyoming,3624,12983,0,16607
2016,OK,2,40001,Adair,1156,5097,281,6534
2016,OK,2,40005,Atoka,905,3773,267,4945
2016,OK,2,40013,Bryan,2879,9807,920,13606
2016,OK,2,40021,Cherokee,5299,10187,995,16481
2016,OK,2,40023,Choctaw,1208,3756,348,5312
2016,OK,2,40029,Coal,538,1592,171,2301
2016,OK,2,40035,Craig,1122,4311,300,5733
2016,OK,2,40041,Delaware,3078,11646,881,15605
2016,OK,2,40061,Haskell,1044,3428,202,4674
2016,OK,2,40063,Hughes,1106,2889,429,4424
2016,OK,2,40069,Johnston,910,2713,297,3920
2016,OK,2,40077,Latimer,894,2880,224,3998
2016,OK,2,40079,Leflore,3868,11743,1225,16836
2016,OK,2,40089,Mccurtain,2042,7654,709,10405
2016,OK,2,40091,Mcintosh,2091,5341,456,7888
2016,OK,2,40095,Marshall,1173,3909,347,5429
2016,OK,2,40097,Mayes,3238,11536,891,15665
2016,OK,2,40101,Muskogee,7471,15318,1275,24064
2016,OK,2,40105,Nowata,741,3266,208,4215
2016,OK,2,40107,Okfuskee,964,2681,254,3899
2016,OK,2,40111,Okmulgee,4094,9040,719,13853
2016,OK,2,40115,Ottawa,2764,6984,805,10553
2016,OK,2,40121,Pittsburg,3885,12164,1062,17111
2016,OK,2,40127,Pushmataha,815,3261,304,4380
2016,OK,2,40131,Rogers,5718,24988,2194,32900
2016,OK,2,40135,Sequoyah,3384,9875,880,14139
2016,OK,3,40003,Alfalfa,256,1998,0,2254
2016,OK,3,40007,Beaver,217,1998,0,2215
2016,OK,3,40009,Beckham,1054,6454,0,7508
2016,OK,3,40011,Blaine,690,3060,0,3750
2016,OK,3,40015,Caddo,2409,6909,0,9318
2016,OK,3,40017,Canadian,10080,35915,0,45995
2016,OK,3,40025,Cimarron,84,978,0,1062
2016,OK,3,40037,Creek,6060,19230,0,25290
2016,OK,3,40039,Custer,1962,8548,0,10510
2016,OK,3,40043,Dewey,239,2005,0,2244
2016,OK,3,40045,Ellis,199,1625,0,1824
2016,OK,3,40047,Garfield,4404,17209,0,21613
2016,OK,3,40053,Grant,391,1799,0,2190
2016,OK,3,40055,Greer,355,1511,0,1866
2016,OK,3,40057,Harmon,203,748,0,951
2016,OK,3,40059,Harper,142,1355,0,1497
2016,OK,3,40065,Jackson,1501,6190,0,7691
2016,OK,3,40071,Kay,3896,12605,0,16501
2016,OK,3,40073,Kingfisher,710,5393,0,6103
2016,OK,3,40075,Kiowa,687,2787,0,3474
2016,OK,3,40081,Lincoln,2739,11220,0,13959
2016,OK,3,40083,Logan,4304,14515,0,18819
2016,OK,3,40093,Major,364,2995,0,3359
2016,OK,3,40103,Noble,887,3906,0,4793
2016,OK,3,40113,Osage,6144,12612,0,18756
2016,OK,3,40117,Pawnee,1509,4740,0,6249
2016,OK,3,40119,Payne,8472,19184,0,27656
2016,OK,3,40129,Roger Mills,191,1554,0,1745
2016,OK,3,40139,Texas,916,4824,0,5740
2016,OK,3,40149,Washita,597,4006,0,4603
2016,OK,3,40151,Woods,502,3101,0,3603
2016,OK,3,40153,Woodward,926,6551,0,7477
2016,OK,4,40017,Canadian,1548,6795,450,8793
2016,OK,4,40019,Carter,3987,13812,647,18446
2016,OK,4,40027,Cleveland,35263,68519,5647,109429
2016,OK,4,40031,Comanche,9976,21271,1247,32494
2016,OK,4,40033,Cotton,404,2096,68,2568
2016,OK,4,40049,Garvin,1858,8308,322,10488
2016,OK,4,40051,Grady,3741,17588,880,22209
2016,OK,4,40067,Jefferson,391,1882,44,2317
2016,OK,4,40085,Love,748,2908,102,3758
2016,OK,4,40087,Mcclain,2752,13400,677,16829
2016,OK,4,40099,Murray,1013,4317,171,5501
2016,OK,4,40109,Oklahoma,7989,15745,1295,25029
2016,OK,4,40123,Pontotoc,3330,11000,448,14778
2016,OK,4,40137,Stephens,2917,14424,524,17865
2016,OK,4,40141,Tillman,555,2078,52,2685
2016,OK,5,40109,Oklahoma,94850,137101,15392,247343
2016,OK,5,40125,Pottawatomie,6043,17829,1388,25260
2016,OK,5,40133,Seminole,2380,5254,333,7967
2016,TN,1,47019,Carter,2443,15972,1588,20003
2016,TN,1,47029,Cocke,1342,8891,753,10986
2016,TN,1,47059,Greene,2967,17914,1402,22283
2016,TN,1,47063,Hamblen,3037,15397,1038,19472
2016,TN,1,47067,Hancock,199,1637,128,1964
2016,TN,1,47073,Hawkins,2695,15584,1280,19559
2016,TN,1,47089,Jefferson,410,2946,230,3586
2016,TN,1,47091,Johnson,734,5075,393,6202
2016,TN,1,47155,Sevier,4839,26704,2135,33678
2016,TN,1,47163,Sullivan,9607,47799,3204,60610
2016,TN,1,47171,Unicoi,912,5451,514,6877
2016,TN,1,47179,Washington,9839,34923,3043,47805
2016,TN,2,47009,Blount,9329,40490,0,49819
2016,TN,2,47013,Campbell,294,1183,0,1477
2016,TN,2,47025,Claiborne,1485,8309,0,9794
2016,TN,2,47057,Grainger,955,6325,0,7280
2016,TN,2,47089,Jefferson,2587,11790,0,14377
2016,TN,2,47093,Knox,49828,125664,0,175492
2016,TN,2,47105,Loudon,3923,18694,0,22617
2016,TN,3,47001,Anderson,7810,18682,1617,28109
2016,TN,3,47011,Bradley,1335,8402,530,10267
2016,TN,3,47013,Campbell,1530,7422,544,9496
2016,TN,3,47065,Hamilton,52052,82317,5380,139749
2016,TN,3,47107,Mcminn,3001,13690,1118,17809
2016,TN,3,47123,Monroe,2975,12405,824,16204
2016,TN,3,47129,Morgan,980,4683,324,5987
2016,TN,3,47139,Polk,1450,4923,361,6734
2016,TN,3,47145,Roane,4066,14953,1346,20365
2016,TN,3,47151,Scott,731,4795,329,5855
2016,TN,3,47173,Union,797,4341,293,5431
2016,TN,4,47003,Bedford,3923,9778,0,13701
2016,TN,4,47007,Bledsoe,1256,3095,0,4351
2016,TN,4,47011,Bradley,7405,18081,0,25486
2016,TN,4,47051,Franklin,4670,10548,0,15218
2016,TN,4,47061,Grundy,1292,2876,0,4168
2016,TN,4,47103,Lincoln,2598,9700,0,12298
2016,TN,4,47115,Marion,3147,7258,0,10405
2016,TN,4,47117,Marshall,3744,6535,0,10279
2016,TN,4,47119,Maury,8199,15596,0,23795
2016,TN,4,47121,Meigs,1136,2682,0,3818
2016,TN,4,47127,Moore,670,2025,0,2695
2016,TN,4,47143,Rhea,2625,7205,0,9830
2016,TN,4,47149,Rutherford,41899,58131,0,100030
2016,TN,4,47153,Sequatchie,1349,3740,0,5089
2016,TN,4,47175,Van Buren,630,1321,0,1951
2016,TN,4,47177,Warren,4598,7225,0,11823
2016,TN,5,47021,Cheatham,4145,7179,0,11324
2016,TN,5,47037,Davidson,160553,83908,0,244461
2016,TN,5,47043,Dickson,6413,11346,0,17759
2016,TN,6,47015,Cannon,1006,3450,441,4897
2016,TN,6,47021,Cheatham,773,3131,277,4181
2016,TN,6,47027,Clay,559,1923,156,2638
2016,TN,6,47031,Coffee,4349,13312,1305,18966
2016,TN,6,47035,Cumberland,4551,18605,1615,24771
2016,TN,6,47041,Dekalb,1353,4388,426,6167
2016,TN,6,47049,Fentress,988,5176,369,6533
2016,TN,6,47087,Jackson,970,2769,282,4021
2016,TN,6,47111,Macon,1037,5358,469,6864
2016,TN,6,47133,Overton,1696,5184,430,7310
2016,TN,6,47137,Pickett,529,1814,136,2479
2016,TN,6,47141,Putnam,6068,18237,1647,25952
2016,TN,6,47147,Robertson,5388,18037,2282,25707
2016,TN,6,47159,Smith,1569,4887,478,6934
2016,TN,6,47165,Sumner,15452,48613,5045,69110
2016,TN,6,47169,Trousdale,799,1864,192,2855
2016,TN,6,47175,Van Buren,44,159,17,220
2016,TN,6,47185,White,1801,6932,664,9397
2016,TN,6,47189,Wilson,13063,38395,4030,55488
2016,TN,7,47005,Benton,1474,4248,206,5928
2016,TN,7,47023,Chester,937,4920,235,6092
2016,TN,7,47039,Decatur,796,3252,164,4212
2016,TN,7,47055,Giles,2343,7352,432,10127
2016,TN,7,47069,Hardeman,2742,5016,229,7987
2016,TN,7,47071,Hardin,1432,7602,349,9383
2016,TN,7,47077,Henderson,1441,7782,372,9595
2016,TN,7,47081,Hickman,1556,5409,360,7325
2016,TN,7,47083,Houston,824,1985,101,2910
2016,TN,7,47085,Humphreys,1722,4646,301,6669
2016,TN,7,47099,Lawrence,2483,10787,714,13984
2016,TN,7,47101,Lewis,778,3162,256,4196
2016,TN,7,47109,Mcnairy,1709,7510,406,9625
2016,TN,7,47119,Maury,2317,5937,386,8640
2016,TN,7,47125,Montgomery,17288,34743,2847,54878
2016,TN,7,47135,Perry,442,1912,143,2497
2016,TN,7,47161,Stewart,1104,3564,237,4905
2016,TN,7,47181,Wayne,536,4565,178,5279
2016,TN,7,47187,Williamson,23302,76015,3964,103281
2016,TN,8,47005,Benton,9,19,7,35
2016,TN,8,47017,Carroll,1836,6981,720,9537
2016,TN,8,47033,Crockett,976,3583,293,4852
2016,TN,8,47045,Dyer,2185,9291,886,12362
2016,TN,8,47047,Fayette,4901,12835,676,18412
2016,TN,8,47053,Gibson,4049,12565,1401,18015
2016,TN,8,47075,Haywood,3034,2915,440,6389
2016,TN,8,47079,Henry,2460,7212,1772,11444
2016,TN,8,47095,Lake,459,1042,178,1679
2016,TN,8,47097,Lauderdale,2263,4548,396,7207
2016,TN,8,47113,Madison,11565,20703,3832,36100
2016,TN,8,47131,Obion,2261,7982,846,11089
2016,TN,8,47157,Shelby,27904,80402,3781,112087
2016,TN,8,47167,Tipton,4473,16393,1182,22048
2016,TN,8,47183,Weakley,2550,7915,1012,11477
2016,TN,9,47157,Shelby,171631,41123,5203,217957
2016,TX,1,48005,Angelina,7107,21890,542,29539
2016,TX,1,48183,Gregg,11197,29445,829,41471
2016,TX,1,48203,Harrison,6819,18880,470,26169
2016,TX,1,48347,Nacogdoches,6391,15127,598,22116
2016,TX,1,48365,Panola,1791,8354,128,10273
2016,TX,1,48401,Rusk,3657,14751,292,18700
2016,TX,1,48403,Sabine,606,3872,65,4543
2016,TX,1,48405,San Augustine,868,2521,60,3449
2016,TX,1,48419,Shelby,1697,7092,147,8936
2016,TX,1,48423,Smith,20948,60595,1799,83342
2016,TX,1,48459,Upshur,790,3793,93,4676
2016,TX,1,48499,Wood,976,6114,105,7195
2016,TX,2,48201,Harris,100231,168692,9313,278236
2016,TX,3,48085,Collin,109420,193684,13363,316467
2016,TX,4,48037,Bowie,4327,26083,0,30410
2016,TX,4,48063,Camp,580,3330,0,3910
2016,TX,4,48067,Cass,955,9744,0,10699
2016,TX,4,48085,Collin,1980,14038,0,16018
2016,TX,4,48119,Delta,167,1875,0,2042
2016,TX,4,48147,Fannin,1039,9577,0,10616
2016,TX,4,48159,Franklin,405,3647,0,4052
2016,TX,4,48181,Grayson,5083,36662,0,41745
2016,TX,4,48223,Hopkins,1028,10875,0,11903
2016,TX,4,48231,Hunt,3658,24366,0,28024
2016,TX,4,48277,Lamar,1817,14853,0,16670
2016,TX,4,48315,Marion,375,3002,0,3377
2016,TX,4,48343,Morris,798,3350,0,4148
2016,TX,4,48379,Rains,272,3952,0,4224
2016,TX,4,48387,Red River,522,3925,0,4447
2016,TX,4,48397,Rockwall,4744,30866,0,35610
2016,TX,4,48449,Titus,1117,6994,0,8111
2016,TX,4,48459,Upshur,710,9504,0,10214
2016,TX,5,48001,Anderson,1967,13374,0,15341
2016,TX,5,48073,Cherokee,1671,13026,0,14697
2016,TX,5,48113,Dallas,24525,46695,0,71220
2016,TX,5,48213,Henderson,2235,23958,0,26193
2016,TX,5,48257,Kaufman,4394,30260,0,34654
2016,TX,5,48467,Van Zandt,1920,18435,0,20355
2016,TX,5,48499,Wood,694,9721,0,10415
2016,TX,6,48139,Ellis,14749,46324,1762,62835
2016,TX,6,48349,Navarro,3691,11934,378,16003
2016,TX,6,48439,Tarrant,88227,101186,5045,194458
2016,TX,7,48201,Harris,111991,143542,0,255533
2016,TX,8,48185,Grimes,0,7467,0,7467
2016,TX,8,48201,Harris,0,22666,0,22666
2016,TX,8,48225,Houston,0,6314,0,6314
2016,TX,8,48289,Leon,0,3013,0,3013
2016,TX,8,48313,Madison,0,3446,0,3446
2016,TX,8,48339,Montgomery,0,165316,0,165316
2016,TX,8,48407,San Jacinto,0,8220,0,8220
2016,TX,8,48455,Trinity,0,4761,0,4761
2016,TX,8,48471,Walker,0,15176,0,15176
2016,TX,9,48157,Fort Bend,43626,11319,0,54945
2016,TX,9,48201,Harris,108406,25172,0,133578
2016,TX,10,48015,Austin,1926,9890,294,12110
2016,TX,10,48021,Bastrop,5805,9380,850,16035
2016,TX,10,48089,Colorado,1776,6293,186,8255
2016,TX,10,48149,Fayette,1864,8741,246,10851
2016,TX,10,48201,Harris,33512,80756,4116,118384
2016,TX,10,48287,Lee,823,3344,88,4255
2016,TX,10,48453,Travis,66124,38657,6659,111440
2016,TX,10,48473,Waller,5444,10774,407,16625
2016,TX,10,48477,Washington,2896,11386,363,14645
2016,TX,11,48003,Andrews,383,4145,0,4528
2016,TX,11,48049,Brown,880,12084,0,12964
2016,TX,11,48059,Callahan,337,4897,0,5234
2016,TX,11,48081,Coke,74,1270,0,1344
2016,TX,11,48083,Coleman,211,3151,0,3362
2016,TX,11,48093,Comanche,381,4377,0,4758
2016,TX,11,48095,Concho,62,904,0,966
2016,TX,11,48115,Dawson,242,2802,0,3044
2016,TX,11,48133,Eastland,433,6025,0,6458
2016,TX,11,48135,Ector,4154,27242,0,31396
2016,TX,11,48143,Erath,607,6147,0,6754
2016,TX,11,48173,Glasscock,25,564,0,589
2016,TX,11,48221,Hood,2234,21564,0,23798
2016,TX,11,48235,Irion,38,686,0,724
2016,TX,11,48267,Kimble,107,1721,0,1828
2016,TX,11,48299,Llano,1662,8614,0,10276
2016,TX,11,48307,Mcculloch,215,2629,0,2844
2016,TX,11,48317,Martin,138,1484,0,1622
2016,TX,11,48319,Mason,175,1696,0,1871
2016,TX,11,48327,Menard,58,727,0,785
2016,TX,11,48329,Midland,5384,39022,0,44406
2016,TX,11,48333,Mills,122,1971,0,2093
2016,TX,11,48335,Mitchell,153,1872,0,2025
2016,TX,11,48363,Palo Pinto,789,8294,0,9083
2016,TX,11,48399,Runnels,210,3322,0,3532
2016,TX,11,48411,San Saba,133,2041,0,2174
2016,TX,11,48429,Stephens,173,2147,0,2320
2016,TX,11,48431,Sterling,29,560,0,589
2016,TX,11,48451,Tom Green,4268,29913,0,34181
2016,TX,12,48367,Parker,6924,47564,2067,56555
2016,TX,12,48439,Tarrant,67818,141236,8232,217286
2016,TX,12,48497,Wise,1287,7682,305,9274
2016,TX,13,48009,Archer,173,3808,101,4082
2016,TX,13,48011,Armstrong,64,873,33,970
2016,TX,13,48023,Baylor,63,1288,34,1385
2016,TX,13,48045,Briscoe,29,632,16,677
2016,TX,13,48065,Carson,173,2585,60,2818
2016,TX,13,48075,Childress,79,1817,32,1928
2016,TX,13,48077,Clay,234,4435,100,4769
2016,TX,13,48087,Collingsworth,34,1027,17,1078
2016,TX,13,48097,Cooke,848,13380,454,14682
2016,TX,13,48101,Cottle,32,485,12,529
2016,TX,13,48111,Dallam,85,1337,35,1457
2016,TX,13,48117,Deaf Smith,278,3263,92,3633
2016,TX,13,48125,Dickens,33,773,21,827
2016,TX,13,48129,Donley,95,1266,45,1406
2016,TX,13,48153,Floyd,33,703,12,748
2016,TX,13,48155,Foard,29,393,18,440
2016,TX,13,48179,Gray,474,6209,205,6888
2016,TX,13,48191,Hall,46,511,20,577
2016,TX,13,48195,Hansford,84,1734,46,1864
2016,TX,13,48197,Hardeman,67,1258,41,1366
2016,TX,13,48205,Hartley,66,1778,27,1871
2016,TX,13,48211,Hemphill,85,1487,30,1602
2016,TX,13,48233,Hutchinson,456,7147,155,7758
2016,TX,13,48237,Jack,87,2980,55,3122
2016,TX,13,48269,King,6,131,1,138
2016,TX,13,48275,Knox,73,1124,15,1212
2016,TX,13,48295,Lipscomb,46,1195,24,1265
2016,TX,13,48337,Montague,337,7519,184,8040
2016,TX,13,48341,Moore,297,4228,117,4642
2016,TX,13,48345,Motley,20,557,9,586
2016,TX,13,48357,Ochiltree,153,2653,50,2856
2016,TX,13,48359,Oldham,31,871,10,912
2016,TX,13,48375,Potter,2293,21576,1203,25072
2016,TX,13,48381,Randall,3677,46224,1790,51691
2016,TX,13,48393,Roberts,25,494,9,528
2016,TX,13,48421,Sherman,38,821,14,873
2016,TX,13,48437,Swisher,104,1767,52,1923
2016,TX,13,48483,Wheeler,105,2042,31,2178
2016,TX,13,48485,Wichita,2914,30223,1704,34841
2016,TX,13,48487,Wilbarger,195,3352,117,3664
2016,TX,13,48497,Wise,764,13104,476,14344
2016,TX,14,48039,Brazoria,14678,37917,0,52595
2016,TX,14,48167,Galveston,42344,78766,0,121110
2016,TX,14,48245,Jefferson,42032,43948,0,85980
2016,TX,15,48047,Brooks,1972,396,128,2496
2016,TX,15,48131,Duval,2985,774,158,3917
2016,TX,15,48187,Guadalupe,13313,29476,2069,44858
2016,TX,15,48215,Hidalgo,79488,28608,6206,114302
2016,TX,15,48247,Jim Hogg,1678,248,68,1994
2016,TX,15,48255,Karnes,1275,2680,107,4062
2016,TX,15,48297,Live Oak,750,3314,101,4165
2016,TX,15,48493,Wilson,251,1381,53,1685
2016,TX,16,48141,El Paso,150228,17491,7510,175229
2016,TX,17,48021,Bastrop,118,267,26,411
2016,TX,17,48041,Brazos,19386,43061,3032,65479
2016,TX,17,48051,Burleson,1379,5385,137,6901
2016,TX,17,48145,Falls,1512,3539,108,5159
2016,TX,17,48161,Freestone,1357,5869,163,7389
2016,TX,17,48287,Lee,402,1540,104,2046
2016,TX,17,48289,Leon,432,3308,100,3840
2016,TX,17,48293,Limestone,1693,5760,163,7616
2016,TX,17,48309,Mclennan,24645,51904,2157,78706
2016,TX,17,48331,Milam,1927,6351,254,8532
2016,TX,17,48395,Robertson,2000,4763,128,6891
2016,TX,17,48453,Travis,31752,17670,3336,52758
2016,TX,18,48201,Harris,150157,48306,5845,204308
2016,TX,19,48017,Bailey,96,1439,49,1584
2016,TX,19,48033,Borden,10,329,4,343
2016,TX,19,48069,Castro,130,1465,63,1658
2016,TX,19,48079,Cochran,56,712,31,799
2016,TX,19,48107,Crosby,109,1291,44,1444
2016,TX,19,48151,Fisher,115,1314,56,1485
2016,TX,19,48153,Floyd,45,893,28,966
2016,TX,19,48165,Gaines,163,3907,87,4157
2016,TX,19,48169,Garza,65,1256,32,1353
2016,TX,19,48189,Hale,532,7005,277,7814
2016,TX,19,48207,Haskell,91,1372,54,1517
2016,TX,19,48219,Hockley,405,6142,254,6801
2016,TX,19,48227,Howard,579,6639,335,7553
2016,TX,19,48253,Jones,354,4848,211,5413
2016,TX,19,48263,Kent,23,354,10,387
2016,TX,19,48279,Lamb,225,3303,105,3633
2016,TX,19,48303,Lubbock,8649,72109,5284,86042
2016,TX,19,48305,Lynn,108,1646,50,1804
2016,TX,19,48353,Nolan,363,3721,184,4268
2016,TX,19,48369,Parmer,162,2003,76,2241
2016,TX,19,48415,Scurry,242,4440,136,4818
2016,TX,19,48417,Shackelford,47,1354,24,1425
2016,TX,19,48429,Stephens,27,872,18,917
2016,TX,19,48433,Stonewall,40,519,29,588
2016,TX,19,48441,Taylor,3988,35483,1970,41441
2016,TX,19,48445,Terry,227,2667,125,3019
2016,TX,19,48447,Throckmorton,22,695,10,727
2016,TX,19,48501,Yoakum,126,1904,58,2088
2016,TX,19,48503,Young,377,6632,181,7190
2016,TX,20,48029,Bexar,149640,29055,8974,187669
2016,TX,21,48019,Bandera,1524,8118,548,10190
2016,TX,21,48029,Bexar,41219,67461,6510,115190
2016,TX,21,48031,Blanco,1118,4250,326,5694
2016,TX,21,48091,Comal,8839,38984,2307,50130
2016,TX,21,48171,Gillespie,1909,10571,621,13101
2016,TX,21,48209,Hays,7480,10173,1606,19259
2016,TX,21,48259,Kendall,2978,16004,920,19902
2016,TX,21,48265,Kerr,4023,17759,1218,23000
2016,TX,21,48385,Real,187,1402,73,1662
2016,TX,21,48453,Travis,60488,28245,9170,97903
2016,TX,22,48039,Brazoria,26178,40179,0,66357
2016,TX,22,48157,Fort Bend,82402,122860,0,205262
2016,TX,22,48201,Harris,15099,18825,0,33924
2016,TX,23,48029,Bexar,45396,59406,6291,111093
2016,TX,23,48043,Brewster,2244,1916,126,4286
2016,TX,23,48103,Crane,313,1000,38,1351
2016,TX,23,48105,Crockett,462,875,28,1365
2016,TX,23,48109,Culberson,473,240,20,733
2016,TX,23,48127,Dimmit,2038,933,173,3144
2016,TX,23,48137,Edwards,289,683,41,1013
2016,TX,23,48141,El Paso,16741,3136,788,20665
2016,TX,23,48163,Frio,2291,1764,231,4286
2016,TX,23,48229,Hudspeth,368,427,38,833
2016,TX,23,48243,Jeff Davis,512,634,45,1191
2016,TX,23,48271,Kinney,461,906,38,1405
2016,TX,23,48283,Lasalle,969,648,66,1683
2016,TX,23,48301,Loving,9,54,1,64
2016,TX,23,48323,Maverick,9880,2820,582,13282
2016,TX,23,48325,Medina,4321,12292,697,17310
2016,TX,23,48371,Pecos,1759,2274,135,4168
2016,TX,23,48377,Presidio,1316,560,86,1962
2016,TX,23,48383,Reagan,181,696,19,896
2016,TX,23,48389,Reeves,1761,1183,121,3065
2016,TX,23,48413,Schleicher,221,796,24,1041
2016,TX,23,48435,Sutton,315,1047,30,1392
2016,TX,23,48443,Terrell,188,237,12,437
2016,TX,23,48461,Upton,307,918,46,1271
2016,TX,23,48463,Uvalde,3827,4735,348,8910
2016,TX,23,48465,Val Verde,7148,5929,549,13626
2016,TX,23,48475,Ward,867,2442,97,3406
2016,TX,23,48495,Winkler,398,1409,46,1853
2016,TX,23,48507,Zavala,2471,617,146,3234
2016,TX,24,48113,Dallas,53757,55667,5277,114701
2016,TX,24,48121,Denton,19083,24419,1945,45447
2016,TX,24,48439,Tarrant,35549,74759,5179,115487
2016,TX,25,48027,Bell,4897,2581,292,7770
2016,TX,25,48035,Bosque,1296,6213,170,7679
2016,TX,25,48053,Burnet,3697,14772,582,19051
2016,TX,25,48099,Coryell,4942,12406,694,18042
2016,TX,25,48143,Erath,986,5114,197,6297
2016,TX,25,48193,Hamilton,475,2960,67,3502
2016,TX,25,48209,Hays,8681,14983,1110,24774
2016,TX,25,48217,Hill,2490,9929,288,12707
2016,TX,25,48251,Johnson,10575,44495,1595,56665
2016,TX,25,48281,Lampasas,1436,6410,285,8131
2016,TX,25,48425,Somervell,518,3170,82,3770
2016,TX,25,48439,Tarrant,744,2170,107,3021
2016,TX,25,48453,Travis,76336,55785,6666,138787
2016,TX,26,48113,Dallas,70,102,6,178
2016,TX,26,48121,Denton,77076,163298,10264,250638
2016,TX,26,48439,Tarrant,17361,48330,2573,68264
2016,TX,27,48007,Aransas,2533,7849,0,10382
2016,TX,27,48021,Bastrop,4335,6978,0,11313
2016,TX,27,48055,Caldwell,2268,4093,0,6361
2016,TX,27,48057,Calhoun,2140,4613,0,6753
2016,TX,27,48177,Gonzales,1166,3190,0,4356
2016,TX,27,48239,Jackson,884,4220,0,5104
2016,TX,27,48285,Lavaca,1197,7270,0,8467
2016,TX,27,48321,Matagorda,3595,8187,0,11782
2016,TX,27,48355,Nueces,51223,51993,0,103216
2016,TX,27,48391,Refugio,1037,1788,0,2825
2016,TX,27,48409,San Patricio,4775,10415,0,15190
2016,TX,27,48469,Victoria,8995,21451,0,30446
2016,TX,27,48481,Wharton,4181,10204,0,14385
2016,TX,28,48013,Atascosa,6206,6986,251,13443
2016,TX,28,48029,Bexar,29172,24702,1775,55649
2016,TX,28,48215,Hidalgo,19916,6503,605,27024
2016,TX,28,48283,Lasalle,173,51,5,229
2016,TX,28,48311,Mcmullen,120,352,0,472
2016,TX,28,48427,Starr,8866,1326,141,10333
2016,TX,28,48479,Webb,49241,6313,1428,56982
2016,TX,28,48493,Wilson,5895,11013,369,17277
2016,TX,28,48505,Zapata,2497,494,42,3033
2016,TX,29,48201,Harris,95649,31646,4687,131982
2016,TX,30,48113,Dallas,170502,41518,6806,218826
2016,TX,31,48027,Bell,28938,53219,3705,85862
2016,TX,31,48491,Williamson,74914,112841,10971,198726
2016,TX,32,48085,Collin,2598,13009,999,16606
2016,TX,32,48113,Dallas,40892,149859,21814,212565
2016,TX,33,48113,Dallas,44066,18740,0,62806
2016,TX,33,48439,Tarrant,49081,14482,0,63563
2016,TX,34,48025,Bee,3548,4621,0,8169
2016,TX,34,48061,Cameron,62035,28159,0,90194
2016,TX,34,48123,Dewitt,1182,5449,0,6631
2016,TX,34,48175,Goliad,1080,2420,0,3500
2016,TX,34,48177,Gonzales,366,1387,0,1753
2016,TX,34,48215,Hidalgo,17968,6548,0,24516
2016,TX,34,48249,Jim Wells,6790,5059,0,11849
2016,TX,34,48261,Kenedy,102,65,0,167
2016,TX,34,48273,Kleberg,4758,4463,0,9221
2016,TX,34,48409,San Patricio,3397,2701,0,6098
2016,TX,34,48489,Willacy,3412,1451,0,4863
2016,TX,35,48029,Bexar,53953,25592,3662,83207
2016,TX,35,48055,Caldwell,2969,2374,183,5526
2016,TX,35,48091,Comal,3782,7360,525,11667
2016,TX,35,48187,Guadalupe,3700,7111,490,11301
2016,TX,35,48209,Hays,15106,10341,1594,27041
2016,TX,35,48453,Travis,45102,9606,4126,58834
2016,TX,36,48071,Chambers,1140,13756,0,14896
2016,TX,36,48199,Hardin,1213,20151,0,21364
2016,TX,36,48201,Harris,14597,76327,0,90924
2016,TX,36,48241,Jasper,1019,10841,0,11860
2016,TX,36,48291,Liberty,1969,19462,0,21431
2016,TX,36,48351,Newton,477,4419,0,4896
2016,TX,36,48361,Orange,2349,26412,0,28761
2016,TX,36,48373,Polk,1592,15397,0,16989
2016,TX,36,48457,Tyler,534,6910,0,7444
2016,UT,1,49003,Box Elder,2914,15300,1393,19607
2016,UT,1,49005,Cache,1790,31977,12641,46408
2016,UT,1,49009,Daggett,95,310,50,455
2016,UT,1,49011,Davis,18707,57066,6296,82069
2016,UT,1,49013,Duchesne,713,5755,415,6883
2016,UT,1,49029,Morgan,816,4037,300,5153
2016,UT,1,49033,Rich,130,932,48,1110
2016,UT,1,49043,Summit,10529,8562,1137,20228
2016,UT,1,49047,Uintah,1397,10362,853,12612
2016,UT,1,49057,Weber,27861,49030,7069,83960
2016,UT,2,49001,Beaver,320,2020,112,2452
2016,UT,2,49011,Davis,13198,40209,2084,55491
2016,UT,2,49017,Garfield,386,1829,74,2289
2016,UT,2,49021,Iron,2731,14042,1060,17833
2016,UT,2,49023,Juab,107,233,26,366
2016,UT,2,49025,Kane,794,2507,119,3420
2016,UT,2,49027,Millard,455,4166,576,5197
2016,UT,2,49031,Piute,53,621,26,700
2016,UT,2,49039,San Pete,541,4523,302,5366
2016,UT,2,49041,Sevier,824,7273,434,8531
2016,UT,2,49045,Tooele,5252,14632,1457,21341
2016,UT,2,49053,Washington,10875,46382,2992,60249
2016,UT,2,49055,Wayne,588,2092,104,2784
2016,UT,3,49007,Carbon,2456,5352,0,7808
2016,UT,3,49015,Emery,534,3638,0,4172
2016,UT,3,49019,Grand,2210,2299,0,4509
2016,UT,3,49037,San Juan,2117,3227,0,5344
2016,UT,3,49049,Utah,28777,134808,0,163585
2016,UT,3,49051,Wasatch,3453,8491,0,11944
2016,UT,4,49023,Juab,745,2869,201,3815
2016,UT,4,49039,San Pete,926,3427,290,4643
2016,UT,4,49049,Utah,7291,25964,2087,35342
2016,WA,1,53033,King,90514,50098,0,140612
2016,WA,1,53057,Skagit,11119,10011,0,21130
2016,WA,1,53061,Snohomish,67546,64275,0,131821
2016,WA,1,53073,Whatcom,24440,31395,0,55835
2016,WA,2,53029,Island,24864,17901,0,42765
2016,WA,2,53055,San Juan,7769,2946,0,10715
2016,WA,2,53057,Skagit,19743,15084,0,34827
2016,WA,2,53061,Snohomish,114975,68508,0,183483
2016,WA,2,53073,Whatcom,40963,12655,0,53618
2016,WA,3,53011,Clark,81385,117923,0,199308
2016,WA,3,53015,Cowlitz,16568,28932,0,45500
2016,WA,3,53039,Klickitat,3891,6678,0,10569
2016,WA,3,53041,Lewis,8824,25095,0,33919
2016,WA,3,53049,Pacific,4310,6280,0,10590
2016,WA,3,53059,Skamania,2069,3507,0,5576
2016,WA,3,53067,Thurston,1963,3520,0,5483
2016,WA,3,53069,Wahkiakum,810,1522,0,2332
2016,WA,4,53001,Adams,1930,2402,0,4332
2016,WA,4,53005,Benton,36064,41782,0,77846
2016,WA,4,53017,Douglas,2896,5105,0,8001
2016,WA,4,53021,Franklin,11337,11147,0,22484
2016,WA,4,53025,Grant,11148,15645,0,26793
2016,WA,4,53047,Okanogan,4822,10567,0,15389
2016,WA,4,53071,Walla Walla,1260,989,0,2249
2016,WA,4,53077,Yakima,27945,44880,0,72825
2016,WA,5,53003,Asotin,3445,6303,0,9748
2016,WA,5,53013,Columbia,556,1638,0,2194
2016,WA,5,53019,Ferry,1416,2217,0,3633
2016,WA,5,53023,Garfield,295,973,0,1268
2016,WA,5,53043,Lincoln,1496,4261,0,5757
2016,WA,5,53051,Pend Oreille,2449,4405,0,6854
2016,WA,5,53063,Spokane,96695,133752,0,230447
2016,WA,5,53065,Stevens,7409,15562,0,22971
2016,WA,5,53071,Walla Walla,8633,14536,0,23169
2016,WA,5,53075,Whitman,8181,9312,0,17493
2016,WA,6,53009,Clallam,21557,17236,0,38793
2016,WA,6,53027,Grays Harbor,16025,12315,0,28340
2016,WA,6,53031,Jefferson,14110,5972,0,20082
2016,WA,6,53035,Kitsap,74099,47489,0,121588
2016,WA,6,53045,Mason,11189,10224,0,21413
2016,WA,6,53053,Pierce,64738,32880,0,97618
2016,WA,7,53033,King,200272,154095,0,354367
2016,WA,7,53061,Snohomish,11738,12649,0,24387
2016,WA,8,53007,Chelan,10771,22411,0,33182
2016,WA,8,53017,Douglas,1944,4732,0,6676
2016,WA,8,53033,King,82602,105885,0,188487
2016,WA,8,53037,Kittitas,6657,12048,0,18705
2016,WA,8,53053,Pierce,25746,48069,0,73815
2016,WA,9,53033,King,198883,72263,0,271146
2016,WA,9,53053,Pierce,6282,4054,0,10336
2016,WA,10,53045,Mason,3749,2677,0,6426
2016,WA,10,53053,Pierce,90107,71828,0,161935
2016,WA,10,53067,Thurston,76604,45599,0,122203
2016,WV,1,54001,Barbour,2011,3908,0,5919
2016,WV,1,54009,Brooke,2084,7190,0,9274
2016,WV,1,54017,Doddridge,518,2219,0,2737
2016,WV,1,54021,Gilmer,723,1712,0,2435
2016,WV,1,54023,Grant,679,3808,0,4487
2016,WV,1,54029,Hancock,3222,9078,0,12300
2016,WV,1,54033,Harrison,9679,17905,0,27584
2016,WV,1,54049,Marion,8909,13540,0,22449
2016,WV,1,54051,Marshall,2496,10404,0,12900
2016,WV,1,54057,Mineral,2391,8903,0,11294
2016,WV,1,54061,Monongalia,16219,19362,0,35581
2016,WV,1,54069,Ohio,3834,14223,0,18057
2016,WV,1,54073,Pleasants,744,2288,0,3032
2016,WV,1,54077,Preston,3941,7964,0,11905
2016,WV,1,54085,Ritchie,719,3067,0,3786
2016,WV,1,54091,Taylor,3406,3171,0,6577
2016,WV,1,54093,Tucker,1105,2245,0,3350
2016,WV,1,54095,Tyler,610,2888,0,3498
2016,WV,1,54103,Wetzel,1495,4531,0,6026
2016,WV,1,54107,Wood,8749,25063,0,33812
2016,WV,2,54003,Berkeley,12235,29117,0,41352
2016,WV,2,54007,Braxton,2285,2293,0,4578
2016,WV,2,54013,Calhoun,1079,1367,0,2446
2016,WV,2,54015,Clay,1454,1437,0,2891
2016,WV,2,54027,Hampshire,2017,6348,0,8365
2016,WV,2,54031,Hardy,1635,3708,0,5343
2016,WV,2,54035,Jackson,5285,6474,0,11759
2016,WV,2,54037,Jefferson,8359,15489,0,23848
2016,WV,2,54039,Kanawha,41128,32746,0,73874
2016,WV,2,54041,Lewis,2435,4279,0,6714
2016,WV,2,54065,Morgan,1866,5280,0,7146
2016,WV,2,54071,Pendleton,988,2018,0,3006
2016,WV,2,54079,Putnam,10337,14071,0,24408
2016,WV,2,54083,Randolph,4212,6003,0,10215
2016,WV,2,54087,Roane,2274,2747,0,5021
2016,WV,2,54097,Upshur,2724,6047,0,8771
2016,WV,2,54105,Wirt,894,1383,0,2277
2016,WV,3,54005,Boone,1968,5752,297,8017
2016,WV,3,54011,Cabell,7503,23851,876,32230
2016,WV,3,54019,Fayette,4962,8931,900,14793
2016,WV,3,54025,Greenbrier,6650,6766,448,13864
2016,WV,3,54043,Lincoln,1491,4868,207,6566
2016,WV,3,54045,Logan,1649,9161,364,11174
2016,WV,3,54047,Mcdowell,934,3674,1022,5630
2016,WV,3,54053,Mason,1984,7374,281,9639
2016,WV,3,54055,Mercer,3227,11726,7170,22123
2016,WV,3,54059,Mingo,1260,6955,214,8429
2016,WV,3,54063,Monroe,1461,2829,1378,5668
2016,WV,3,54067,Nicholas,2427,6452,241,9120
2016,WV,3,54075,Pocahontas,1598,1730,94,3422
2016,WV,3,54081,Raleigh,6687,19308,1868,27863
2016,WV,3,54089,Summers,1564,2582,476,4622
2016,WV,3,54099,Wayne,2492,11402,344,14238
2016,WV,3,54101,Webster,664,2022,88,2774
2016,WV,3,54109,Wyoming,1187,5358,615,7160
2016,WY,1,56001,Albany,7892,7472,1387,16751
2016,WY,1,56003,Big Horn,934,3811,521,5266
2016,WY,1,56005,Campbell,2298,13658,1636,17592
2016,WY,1,56007,Carbon,2077,3690,514,6281
2016,WY,1,56009,Converse,1126,4855,531,6512
2016,WY,1,56011,Crook,547,2833,339,3719
2016,WY,1,56013,Fremont,5450,10095,1172,16717
2016,WY,1,56015,Goshen,1223,4174,322,5719
2016,WY,1,56017,Hot Springs,644,1725,207,2576
2016,WY,1,56019,Johnson,882,3161,302,4345
2016,WY,1,56021,Laramie,14115,23188,2822,40125
2016,WY,1,56023,Lincoln,1532,6511,648,8691
2016,WY,1,56025,Natrona,9422,20808,2635,32865
2016,WY,1,56027,Niobrara,217,969,109,1295
2016,WY,1,56029,Park,3451,9746,1528,14725
2016,WY,1,56031,Platte,1127,2872,469,4468
2016,WY,1,56033,Sheridan,4343,9079,880,14302
2016,WY,1,56035,Sublette,987,3027,292,4306
2016,WY,1,56037,Sweetwater,6536,9234,1064,16834
2016,WY,1,56039,Teton,7417,4389,595,12401
2016,WY,1,56041,Uinta,1826,5686,786,8298
2016,WY,1,56043,Washakie,799,2733,251,3783
2016,WY,1,56045,Weston,621,2460,385,3466
2018,CO,1,08005,Arapahoe,15645,8300,853,24798
2018,CO,1,08031,Denver,239280,57186,9602,306068
2018,CO,1,08059,Jefferson,17961,19721,1167,38849
2018,CO,2,08013,Boulder,100066,22169,6367,128602
2018,CO,2,08014,Broomfield,20290,13019,2343,35652
2018,CO,2,08019,Clear Creek,2847,2062,410,5319
2018,CO,2,08037,Eagle,3641,1527,380,5548
2018,CO,2,08047,Gilpin,1732,1304,309,3345
2018,CO,2,08049,Grand,3328,3609,654,7591
2018,CO,2,08059,Jefferson,24426,22005,2888,49319
2018,CO,2,08069,Larimer,92787,72558,11458,176803
2018,CO,2,08093,Park,1656,2580,390,4626
2018,CO,2,08117,Summit,8835,4068,1057,13960
2018,CO,3,08003,Alamosa,2875,2977,236,6088
2018,CO,3,08007,Archuleta,2635,3850,334,6819
2018,CO,3,08021,Conejos,1547,1888,125,3560
2018,CO,3,08023,Costilla,1043,527,75,1645
2018,CO,3,08027,Custer,799,1944,145,2888
2018,CO,3,08029,Delta,4543,9958,688,15189
2018,CO,3,08033,Dolores,257,878,64,1199
2018,CO,3,08037,Eagle,9667,6408,569,16644
2018,CO,3,08045,Garfield,11410,11836,922,24168
2018,CO,3,08051,Gunnison,5383,2991,418,8792
2018,CO,3,08053,Hinsdale,211,321,26,558
2018,CO,3,08055,Huerfano,1638,1764,234,3636
2018,CO,3,08057,Jackson,138,599,39,776
2018,CO,3,08065,Lake,1645,1057,158,2860
2018,CO,3,08067,La Plata,15556,11586,1355,28497
2018,CO,3,08077,Mesa,21460,42483,3757,67700
2018,CO,3,08079,Mineral,246,326,29,601
2018,CO,3,08081,Moffat,842,4347,207,5396
2018,CO,3,08083,Montezuma,4275,6943,553,11771
2018,CO,3,08085,Montrose,5388,12767,874,19029
2018,CO,3,08091,Ouray,1826,1278,118,3222
2018,CO,3,08097,Pitkin,7150,2446,252,9848
2018,CO,3,08101,Pueblo,30541,31787,4330,66658
2018,CO,3,08103,Rio Blanco,396,2544,113,3053
2018,CO,3,08105,Rio Grande,1804,2936,206,4946
2018,CO,3,08107,Routt,8353,4603,473,13429
2018,CO,3,08109,Saguache,1502,1052,121,2675
2018,CO,3,08111,San Juan,264,172,21,457
2018,CO,3,08113,San Miguel,3032,937,128,4097
2018,CO,4,08001,Adams,881,2707,4,3592
2018,CO,4,08005,Arapahoe,834,3003,1,3838
2018,CO,4,08009,Baca,320,1543,0,1863
2018,CO,4,08011,Bent,651,1208,0,1859
2018,CO,4,08013,Boulder,30005,15947,5,45957
2018,CO,4,08017,Cheyenne,130,853,0,983
2018,CO,4,08025,Crowley,412,980,0,1392
2018,CO,4,08035,Douglas,46821,71069,14,117904
2018,CO,4,08039,Elbert,3404,11170,0,14574
2018,CO,4,08061,Kiowa,96,671,0,767
2018,CO,4,08063,Kit Carson,515,2559,1,3075
2018,CO,4,08071,Las Animas,2999,3231,0,6230
2018,CO,4,08073,Lincoln,373,1708,0,2081
2018,CO,4,08075,Logan,1863,6667,1,8531
2018,CO,4,08087,Morgan,2927,7680,0,10607
2018,CO,4,08089,Otero,2892,4558,0,7450
2018,CO,4,08095,Phillips,398,1634,0,2032
2018,CO,4,08099,Prowers,1097,3036,1,4134
2018,CO,4,08115,Sedgwick,269,935,0,1204
2018,CO,4,08121,Washington,275,2129,0,2404
2018,CO,4,08123,Weld,47727,77310,12,125049
2018,CO,4,08125,Yuma,655,3440,0,4095
2018,CO,5,08015,Chaffee,5506,5035,347,10888
2018,CO,5,08041,El Paso,109510,155070,10124,274704
2018,CO,5,08043,Fremont,5972,12752,778,19502
2018,CO,5,08093,Park,1818,2770,186,4774
2018,CO,5,08119,Teller,4042,8375,431,12848
2018,CO,6,08001,Adams,22749,21007,1911,45667
2018,CO,6,08005,Arapahoe,138261,97623,7181,243065
2018,CO,6,08035,Douglas,26629,30055,1406,58090
2018,CO,7,08001,Adams,73382,42687,5508,121577
2018,CO,7,08059,Jefferson,130878,77047,8565,216490
2018,IA,1,19005,Allamakee,2353,3073,225,5651
2018,IA,1,19011,Benton,4698,6465,407,11570
2018,IA,1,19013,Black Hawk,29667,22103,1337,53107
2018,IA,1,19017,Bremer,5182,5908,326,11416
2018,IA,1,19019,Buchanan,3977,4166,306,8449
2018,IA,1,19043,Clayton,3311,4320,256,7887
2018,IA,1,19055,Delaware,2810,4475,209,7494
2018,IA,1,19061,Dubuque,22359,19282,1085,42726
2018,IA,1,19065,Fayette,3701,4167,325,8193
2018,IA,1,19089,Howard,1587,1878,144,3609
2018,IA,1,19095,Iowa,3099,4203,290,7592
2018,IA,1,19097,Jackson,3797,4483,230,8510
2018,IA,1,19105,Jones,3787,4490,286,8563
2018,IA,1,19113,Linn,57712,40733,3340,101785
2018,IA,1,19127,Marshall,6611,7124,404,14139
2018,IA,1,19131,Mitchell,1836,2518,147,4501
2018,IA,1,19157,Poweshiek,3966,4044,229,8239
2018,IA,1,19171,Tama,3257,3780,239,7276
2018,IA,1,19191,Winneshiek,5102,4364,391,9857
2018,IA,1,19195,Worth,1530,1866,109,3505
2018,IA,2,19007,Appanoose,2055,2770,126,4951
2018,IA,2,19031,Cedar,4098,3725,216,8039
2018,IA,2,19039,Clarke,1525,1939,149,3613
2018,IA,2,19045,Clinton,9864,7725,399,17988
2018,IA,2,19051,Davis,1389,1646,66,3101
2018,IA,2,19053,Decatur,1122,1651,112,2885
2018,IA,2,19057,Des Moines,8546,6138,366,15050
2018,IA,2,19087,Henry,3211,3950,240,7401
2018,IA,2,19099,Jasper,7519,7622,454,15595
2018,IA,2,19101,Jefferson,4201,2644,174,7019
2018,IA,2,19103,Johnson,49010,16998,1637,67645
2018,IA,2,19107,Keokuk,1574,2377,87,4038
2018,IA,2,19111,Lee,6515,5578,325,12418
2018,IA,2,19115,Louisa,1679,2031,81,3791
2018,IA,2,19117,Lucas,1295,2106,103,3504
2018,IA,2,19123,Mahaska,2712,5489,242,8443
2018,IA,2,19125,Marion,5630,8796,420,14846
2018,IA,2,19135,Monroe,1294,1717,92,3103
2018,IA,2,19139,Muscatine,7797,6569,425,14791
2018,IA,2,19163,Scott,38282,29012,1607,68901
2018,IA,2,19177,Van Buren,1197,1634,67,2898
2018,IA,2,19179,Wapello,5775,5169,344,11288
2018,IA,2,19183,Washington,4272,4595,227,9094
2018,IA,2,19185,Wayne,884,1406,59,2349
2018,IA,3,19001,Adair,1067,2205,124,3396
2018,IA,3,19003,Adams,518,1152,60,1730
2018,IA,3,19029,Cass,1777,3829,165,5771
2018,IA,3,19049,Dallas,18593,21089,1245,40927
2018,IA,3,19071,Fremont,990,1933,92,3015
2018,IA,3,19077,Guthrie,1622,3159,210,4991
2018,IA,3,19121,Madison,2589,4749,275,7613
2018,IA,3,19129,Mills,2146,3941,219,6306
2018,IA,3,19137,Montgomery,1209,2631,116,3956
2018,IA,3,19145,Page,1741,3776,113,5630
2018,IA,3,19153,Polk,115877,82404,7063,205344
2018,IA,3,19155,Pottawattamie,14044,18181,1550,33775
2018,IA,3,19159,Ringgold,716,1493,65,2274
2018,IA,3,19173,Taylor,673,1683,71,2427
2018,IA,3,19175,Union,1717,2930,210,4857
2018,IA,3,19181,Warren,10363,12778,893,24034
2018,IA,4,19009,Audubon,1234,1378,56,2668
2018,IA,4,19015,Boone,6353,5350,368,12071
2018,IA,4,19021,Buena Vista,3178,3228,159,6565
2018,IA,4,19023,Butler,2199,3675,191,6065
2018,IA,4,19025,Calhoun,1842,2318,116,4276
2018,IA,4,19027,Carroll,4075,4652,190,8917
2018,IA,4,19033,Cerro Gordo,10688,7620,576,18884
2018,IA,4,19035,Cherokee,2359,2702,87,5148
2018,IA,4,19037,Chickasaw,2345,2671,163,5179
2018,IA,4,19041,Clay,3125,3555,173,6853
2018,IA,4,19047,Crawford,2248,3025,141,5414
2018,IA,4,19059,Dickinson,3931,4676,174,8781
2018,IA,4,19063,Emmet,1743,1879,97,3719
2018,IA,4,19067,Floyd,3205,2841,207,6253
2018,IA,4,19069,Franklin,1717,2229,121,4067
2018,IA,4,19073,Greene,1945,1999,102,4046
2018,IA,4,19075,Grundy,1996,3540,160,5696
2018,IA,4,19079,Hamilton,2942,3215,175,6332
2018,IA,4,19081,Hancock,1843,2765,156,4764
2018,IA,4,19083,Hardin,3027,3917,209,7153
2018,IA,4,19085,Harrison,2237,3559,186,5982
2018,IA,4,19091,Humboldt,1465,2481,104,4050
2018,IA,4,19093,Ida,1117,1757,61,2935
2018,IA,4,19109,Kossuth,3171,3942,157,7270
2018,IA,4,19119,Lyon,1355,3716,93,5164
2018,IA,4,19133,Monona,1671,2055,79,3805
2018,IA,4,19141,O'Brien,1916,3795,108,5819
2018,IA,4,19143,Osceola,709,1663,48,2420
2018,IA,4,19147,Palo Alto,1701,1925,69,3695
2018,IA,4,19149,Plymouth,4084,6503,193,10780
2018,IA,4,19151,Pocahontas,1201,1831,88,3120
2018,IA,4,19161,Sac,1686,2549,79,4314
2018,IA,4,19165,Shelby,1817,3070,137,5024
2018,IA,4,19167,Sioux,3682,10824,239,14745
2018,IA,4,19169,Story,27569,13474,1428,42471
2018,IA,4,19187,Webster,6918,6706,380,14004
2018,IA,4,19189,Winnebago,2181,2233,181,4595
2018,IA,4,19193,Woodbury,18686,15708,723,35117
2018,IA,4,19197,Wright,2085,2650,149,4884
2018,ID,1,16001,Ada,30372,56449,6101,92922
2018,ID,1,16003,Adams,427,1291,138,1856
2018,ID,1,16009,Benewah,894,2471,250,3615
2018,ID,1,16015,Boise,810,1794,281,2885
2018,ID,1,16017,Bonner,6061,11067,1093,18221
2018,ID,1,16021,Boundary,929,3005,260,4194
2018,ID,1,16027,Canyon,17690,40512,4490,62692
2018,ID,1,16035,Clearwater,710,2188,190,3088
2018,ID,1,16045,Gem,1315,5173,499,6987
2018,ID,1,16049,Idaho,1276,5191,422,6889
2018,ID,1,16055,Kootenai,16665,36669,2846,56180
2018,ID,1,16057,Latah,8177,6307,1054,15538
2018,ID,1,16061,Lewis,266,1006,92,1364
2018,ID,1,16069,Nez Perce,4930,8225,1012,14167
2018,ID,1,16073,Owyhee,599,2586,217,3402
2018,ID,1,16075,Payette,1471,5464,526,7461
2018,ID,1,16079,Shoshone,1427,2328,375,4130
2018,ID,1,16085,Valley,2123,2608,359,5090
2018,ID,1,16087,Washington,790,2833,223,3846
2018,ID,2,16001,Ada,55821,38619,0,94440
2018,ID,2,16005,Bannock,12423,16370,0,28793
2018,ID,2,16007,Bear Lake,291,1844,0,2135
2018,ID,2,16011,Bingham,3054,9927,0,12981
2018,ID,2,16013,Blaine,6764,3670,0,10434
2018,ID,2,16019,Bonneville,9446,25370,0,34816
2018,ID,2,16023,Butte,175,836,0,1011
2018,ID,2,16025,Camas,133,392,0,525
2018,ID,2,16029,Caribou,323,1916,0,2239
2018,ID,2,16031,Cassia,1027,5067,0,6094
2018,ID,2,16033,Clark,32,217,0,249
2018,ID,2,16037,Custer,453,1609,0,2062
2018,ID,2,16039,Elmore,1991,4933,0,6924
2018,ID,2,16041,Franklin,399,3396,0,3795
2018,ID,2,16043,Fremont,751,3981,0,4732
2018,ID,2,16047,Gooding,958,3414,0,4372
2018,ID,2,16051,Jefferson,1183,7379,0,8562
2018,ID,2,16053,Jerome,1299,4000,0,5299
2018,ID,2,16059,Lemhi,802,2608,0,3410
2018,ID,2,16063,Lincoln,350,1111,0,1461
2018,ID,2,16065,Madison,1410,7292,0,8702
2018,ID,2,16067,Minidoka,1081,4004,0,5085
2018,ID,2,16071,Oneida,199,1292,0,1491
2018,ID,2,16077,Power,648,1537,0,2185
2018,ID,2,16081,Teton,2503,2244,0,4747
2018,ID,2,16083,Twin Falls,6865,17246,0,24111
2018,IL,1,17031,Cook,174310,28790,13187,216287
2018,IL,1,17197,Will,15250,22170,4178,41598
2018,IL,2,17031,Cook,163247,16653,0,179900
2018,IL,2,17091,Kankakee,16363,20032,0,36395
2018,IL,2,17197,Will,11074,7882,0,18956
2018,IL,3,17031,Cook,144122,46001,2038,192161
2018,IL,3,17043,Dupage,350,183,4,537
2018,IL,3,17197,Will,18581,11701,354,30636
2018,IL,4,17031,Cook,143895,22294,0,166189
2018,IL,5,17031,Cook,198762,52172,5,250939
2018,IL,5,17043,Dupage,15230,12962,0,28192
2018,IL,6,17031,Cook,21705,18608,0,40313
2018,IL,6,17043,Dupage,91991,75483,0,167474
2018,IL,6,17089,Kane,22746,21446,0,44192
2018,IL,6,17097,Lake,13702,14661,0,28363
2018,IL,6,17111,Mchenry,18857,16247,0,35104
2018,IL,7,17031,Cook,215746,30497,0,246243
2018,IL,8,17031,Cook,68334,33061,0,101395
2018,IL,8,17043,Dupage,49006,28758,0,77764
2018,IL,8,17089,Kane,12714,5254,0,17968
2018,IL,9,17031,Cook,213368,76983,0,290351
2018,IL,10,17031,Cook,37492,18760,0,56252
2018,IL,10,17097,Lake,119048,63364,0,182412
2018,IL,11,17031,Cook,924,1118,0,2042
2018,IL,11,17043,Dupage,50882,32078,0,82960
2018,IL,11,17089,Kane,19333,7765,0,27098
2018,IL,11,17093,Kendall,8033,4746,0,12779
2018,IL,11,17197,Will,66235,36651,0,102886
2018,IL,12,17003,Alexander,1099,1084,51,2234
2018,IL,12,17055,Franklin,5131,9958,366,15455
2018,IL,12,17077,Jackson,10148,9879,551,20578
2018,IL,12,17081,Jefferson,4554,9088,360,14002
2018,IL,12,17119,Madison,18789,16081,1561,36431
2018,IL,12,17133,Monroe,5593,9735,324,15652
2018,IL,12,17145,Perry,2634,5833,144,8611
2018,IL,12,17153,Pulaski,938,1442,34,2414
2018,IL,12,17157,Randolph,4317,7672,283,12272
2018,IL,12,17163,St. Clair,54108,41387,3355,98850
2018,IL,12,17181,Union,2417,4997,201,7615
2018,IL,12,17199,Williamson,8996,17728,705,27429
2018,IL,13,17005,Bond,676,1192,0,1868
2018,IL,13,17013,Calhoun,811,1447,0,2258
2018,IL,13,17019,Champaign,41039,18158,0,59197
2018,IL,13,17021,Christian,3467,9452,0,12919
2018,IL,13,17039,Dewitt,1816,4377,0,6193
2018,IL,13,17061,Greene,1335,2985,0,4320
2018,IL,13,17083,Jersey,2786,5917,0,8703
2018,IL,13,17113,Mclean,11912,7165,0,19077
2018,IL,13,17115,Macon,16242,22945,0,39187
2018,IL,13,17117,Macoupin,7031,10969,0,18000
2018,IL,13,17119,Madison,20760,23149,4,43913
2018,IL,13,17135,Montgomery,3961,7438,0,11399
2018,IL,13,17147,Piatt,2631,4985,0,7616
2018,IL,13,17167,Sangamon,19991,16337,3,36331
2018,IL,14,17037,Dekalb,7699,7215,0,14914
2018,IL,14,17043,Dupage,4176,2455,0,6631
2018,IL,14,17089,Kane,41777,38797,0,80574
2018,IL,14,17093,Kendall,16451,15615,0,32066
2018,IL,14,17097,Lake,21649,19145,0,40794
2018,IL,14,17111,Mchenry,41016,40481,0,81497
2018,IL,14,17197,Will,23267,17456,0,40723
2018,IL,15,17005,Bond,1579,3106,0,4685
2018,IL,15,17019,Champaign,6156,13357,0,19513
2018,IL,15,17023,Clark,1821,4267,5,6093
2018,IL,15,17025,Clay,1036,3803,0,4839
2018,IL,15,17027,Clinton,3678,10403,0,14081
2018,IL,15,17029,Coles,6520,10464,0,16984
2018,IL,15,17033,Crawford,2094,4770,0,6864
2018,IL,15,17035,Cumberland,1058,3252,0,4310
2018,IL,15,17041,Douglas,1627,4738,0,6365
2018,IL,15,17045,Edgar,1734,4270,0,6004
2018,IL,15,17047,Edwards,419,1999,0,2418
2018,IL,15,17049,Effingham,3162,11143,0,14305
2018,IL,15,17051,Fayette,1897,5950,0,7847
2018,IL,15,17053,Ford,464,1676,0,2140
2018,IL,15,17059,Gallatin,714,1360,0,2074
2018,IL,15,17065,Hamilton,862,2579,0,3441
2018,IL,15,17069,Hardin,431,1251,0,1682
2018,IL,15,17079,Jasper,1099,3311,0,4410
2018,IL,15,17087,Johnson,1223,3948,0,5171
2018,IL,15,17101,Lawrence,1291,3007,0,4298
2018,IL,15,17119,Madison,8018,15590,0,23608
2018,IL,15,17121,Marion,3917,8732,0,12649
2018,IL,15,17127,Massac,1443,3937,0,5380
2018,IL,15,17139,Moultrie,1640,3487,0,5127
2018,IL,15,17151,Pope,396,1373,0,1769
2018,IL,15,17159,Richland,1597,4438,0,6035
2018,IL,15,17165,Saline,2711,6676,0,9387
2018,IL,15,17173,Shelby,2344,6837,0,9181
2018,IL,15,17183,Vermilion,8446,14675,0,23121
2018,IL,15,17185,Wabash,1040,2943,0,3983
2018,IL,15,17189,Washington,1399,4634,0,6033
2018,IL,15,17191,Wayne,1048,4908,0,5956
2018,IL,15,17193,White,1445,4410,0,5855
2018,IL,16,17007,Boone,7465,10530,0,17995
2018,IL,16,17011,Bureau,5234,8408,0,13642
2018,IL,16,17037,Dekalb,12040,9306,0,21346
2018,IL,16,17053,Ford,587,2240,0,2827
2018,IL,16,17063,Grundy,6904,12406,0,19310
2018,IL,16,17075,Iroquois,1875,8401,0,10276
2018,IL,16,17099,Lasalle,17241,22725,0,39966
2018,IL,16,17103,Lee,5210,7397,0,12607
2018,IL,16,17105,Livingston,3286,8818,0,12104
2018,IL,16,17141,Ogle,6980,12147,0,19127
2018,IL,16,17155,Putnam,1094,1487,0,2581
2018,IL,16,17175,Stark,130,321,0,451
2018,IL,16,17197,Will,3726,6996,0,10722
2018,IL,16,17201,Winnebago,32797,40072,2,72871
2018,IL,17,17015,Carroll,3169,2798,0,5967
2018,IL,17,17057,Fulton,7870,4719,0,12589
2018,IL,17,17071,Henderson,1386,1278,0,2664
2018,IL,17,17073,Henry,10408,9034,0,19442
2018,IL,17,17085,Jodaviess,5111,4124,0,9235
2018,IL,17,17095,Knox,11203,6671,0,17874
2018,IL,17,17131,Mercer,3967,3037,0,7004
2018,IL,17,17143,Peoria,17304,5854,0,23158
2018,IL,17,17161,Rock Island,32765,17992,0,50757
2018,IL,17,17177,Stephenson,8658,7696,0,16354
2018,IL,17,17179,Tazewell,8306,6114,0,14420
2018,IL,17,17187,Warren,3353,2749,0,6102
2018,IL,17,17195,Whiteside,13246,8160,0,21406
2018,IL,17,17201,Winnebago,15913,6864,0,22777
2018,IL,18,17001,Adams,5972,18421,0,24393
2018,IL,18,17009,Brown,350,1541,0,1891
2018,IL,18,17017,Cass,1314,3195,0,4509
2018,IL,18,17067,Hancock,1928,5062,0,6990
2018,IL,18,17107,Logan,2443,7574,0,10017
2018,IL,18,17109,Mcdonough,4002,6171,0,10173
2018,IL,18,17113,Mclean,19320,29003,0,48323
2018,IL,18,17123,Marshall,1348,3375,0,4723
2018,IL,18,17125,Mason,1633,3602,0,5235
2018,IL,18,17129,Menard,1323,4033,0,5356
2018,IL,18,17137,Morgan,3342,8351,0,11693
2018,IL,18,17143,Peoria,16622,25235,0,41857
2018,IL,18,17149,Pike,1392,5050,0,6442
2018,IL,18,17167,Sangamon,16542,32868,0,49410
2018,IL,18,17169,Schuyler,862,2242,0,3104
2018,IL,18,17171,Scott,410,1630,0,2040
2018,IL,18,17175,Stark,429,1176,0,1605
2018,IL,18,17179,Tazewell,11678,25742,0,37420
2018,IL,18,17203,Woodford,4576,11656,0,16232
2018,IN,1,18089,Lake,109835,51861,2,161698
2018,IN,1,18091,Laporte,11975,7042,2,19019
2018,IN,1,18127,Porter,37801,26691,0,64492
2018,IN,2,18039,Elkhart,20162,33499,1,53662
2018,IN,2,18049,Fulton,2445,4521,0,6966
2018,IN,2,18085,Kosciusko,2362,6922,1,9285
2018,IN,2,18091,Laporte,8847,9070,15,17932
2018,IN,2,18099,Marshall,5486,9309,0,14795
2018,IN,2,18103,Miami,2929,7337,1,10267
2018,IN,2,18131,Pulaski,1452,2853,3,4308
2018,IN,2,18141,St. Joseph,53289,39649,6,92944
2018,IN,2,18149,Starke,3223,4308,0,7531
2018,IN,2,18169,Wabash,3168,8031,0,11199
2018,IN,3,18001,Adams,2842,8322,0,11164
2018,IN,3,18003,Allen,54759,70954,0,125713
2018,IN,3,18009,Blackford,260,609,0,869
2018,IN,3,18033,Dekalb,4027,9906,0,13933
2018,IN,3,18069,Huntington,3390,9665,0,13055
2018,IN,3,18075,Jay,1867,4408,0,6275
2018,IN,3,18085,Kosciusko,4023,12760,0,16783
2018,IN,3,18087,Lagrange,1959,5685,0,7644
2018,IN,3,18113,Noble,3865,9841,0,13706
2018,IN,3,18151,Steuben,3710,8474,0,12184
2018,IN,3,18179,Wells,2489,8405,0,10894
2018,IN,3,18183,Whitley,3419,9898,0,13317
2018,IN,4,18007,Benton,795,2128,0,2923
2018,IN,4,18011,Boone,3440,8377,0,11817
2018,IN,4,18015,Carroll,1942,4944,0,6886
2018,IN,4,18017,Cass,3733,7590,0,11323
2018,IN,4,18023,Clinton,2584,6535,0,9119
2018,IN,4,18045,Fountain,1439,4385,0,5824
2018,IN,4,18063,Hendricks,22560,39598,0,62158
2018,IN,4,18067,Howard,9441,14867,0,24308
2018,IN,4,18073,Jasper,3069,7423,0,10492
2018,IN,4,18107,Montgomery,3287,9145,0,12432
2018,IN,4,18109,Morgan,2039,6005,0,8044
2018,IN,4,18111,Newton,1349,3205,0,4554
2018,IN,4,18133,Putnam,3384,8473,0,11857
2018,IN,4,18157,Tippecanoe,25378,25571,0,50949
2018,IN,4,18171,Warren,887,2367,0,3254
2018,IN,4,18181,White,2497,5926,0,8423
2018,IN,5,18009,Blackford,854,2103,0,2957
2018,IN,5,18011,Boone,6095,9391,0,15486
2018,IN,5,18053,Grant,5907,14026,0,19933
2018,IN,5,18057,Hamilton,53366,83679,0,137045
2018,IN,5,18067,Howard,985,3189,0,4174
2018,IN,5,18095,Madison,16512,27184,0,43696
2018,IN,5,18097,Marion,52014,35770,0,87784
2018,IN,5,18159,Tipton,1409,4693,0,6102
2018,IN,6,18005,Bartholomew,9607,16161,783,26551
2018,IN,6,18029,Dearborn,4277,13434,469,18180
2018,IN,6,18031,Decatur,2007,6692,277,8976
2018,IN,6,18035,Delaware,18480,18072,1069,37621
2018,IN,6,18041,Fayette,2163,5104,188,7455
2018,IN,6,18047,Franklin,1414,5581,535,7530
2018,IN,6,18059,Hancock,9096,20099,991,30186
2018,IN,6,18065,Henry,4999,10090,634,15723
2018,IN,6,18077,Jefferson,4235,6766,251,11252
2018,IN,6,18079,Jennings,2502,6416,199,9117
2018,IN,6,18115,Ohio,679,1657,56,2392
2018,IN,6,18135,Randolph,2224,5441,413,8078
2018,IN,6,18137,Ripley,2165,6901,413,9479
2018,IN,6,18139,Rush,1572,4244,195,6011
2018,IN,6,18143,Scott,1328,2157,57,3542
2018,IN,6,18145,Shelby,4046,9966,382,14394
2018,IN,6,18155,Switzerland,870,1963,81,2914
2018,IN,6,18161,Union,636,1819,51,2506
2018,IN,6,18177,Wayne,7130,11697,992,19819
2018,IN,7,18097,Marion,141139,76457,0,217596
2018,IN,8,18021,Clay,2207,7040,0,9247
2018,IN,8,18025,Crawford,178,363,0,541
2018,IN,8,18027,Daviess,1627,7026,0,8653
2018,IN,8,18037,Dubois,4932,11389,0,16321
2018,IN,8,18051,Gibson,3491,8889,0,12380
2018,IN,8,18055,Greene,2786,7767,0,10553
2018,IN,8,18083,Knox,3489,8763,0,12252
2018,IN,8,18101,Martin,1029,3185,0,4214
2018,IN,8,18119,Owen,2129,4946,0,7075
2018,IN,8,18121,Parke,1342,3972,0,5314
2018,IN,8,18123,Perry,3119,3914,0,7033
2018,IN,8,18125,Pike,1543,3539,0,5082
2018,IN,8,18129,Posey,3543,7051,0,10594
2018,IN,8,18147,Spencer,2879,5722,0,8601
2018,IN,8,18153,Sullivan,2237,5057,0,7294
2018,IN,8,18163,Vanderburgh,25679,32428,0,58107
2018,IN,8,18165,Vermillion,1970,3412,0,5382
2018,IN,8,18167,Vigo,13844,17576,0,31420
2018,IN,8,18173,Warrick,8871,15357,0,24228
2018,IN,9,18013,Brown,3002,4169,0,7171
2018,IN,9,18019,Clark,19236,23751,0,42987
2018,IN,9,18025,Crawford,1397,1976,0,3373
2018,IN,9,18043,Floyd,14508,17311,0,31819
2018,IN,9,18061,Harrison,5435,10121,0,15556
2018,IN,9,18071,Jackson,4481,9935,0,14416
2018,IN,9,18081,Johnson,18039,33664,0,51703
2018,IN,9,18093,Lawrence,4907,10550,0,15457
2018,IN,9,18105,Monroe,35575,16206,0,51781
2018,IN,9,18109,Morgan,4595,12353,0,16948
2018,IN,9,18117,Orange,2278,4495,0,6773
2018,IN,9,18143,Scott,1667,2379,0,4046
2018,IN,9,18175,Washington,2970,6361,0,9331
2018,KY,1,21001,Adair,1273,5624,0,6897
2018,KY,1,21003,Allen,1295,4943,0,6238
2018,KY,1,21007,Ballard,1027,2414,0,3441
2018,KY,1,21033,Caldwell,1474,3476,0,4950
2018,KY,1,21035,Calloway,4809,7818,0,12627
2018,KY,1,21039,Carlisle,603,1703,0,2306
2018,KY,1,21045,Casey,630,4141,0,4771
2018,KY,1,21047,Christian,6622,10261,0,16883
2018,KY,1,21053,Clinton,516,3311,0,3827
2018,KY,1,21055,Crittenden,808,2548,0,3356
2018,KY,1,21057,Cumberland,422,2364,0,2786
2018,KY,1,21075,Fulton,696,1193,0,1889
2018,KY,1,21083,Graves,3701,9683,0,13384
2018,KY,1,21101,Henderson,6247,8746,0,14993
2018,KY,1,21105,Hickman,521,1235,0,1756
2018,KY,1,21107,Hopkins,5055,11034,0,16089
2018,KY,1,21139,Livingston,1136,2687,0,3823
2018,KY,1,21141,Logan,2893,5753,0,8646
2018,KY,1,21143,Lyon,1169,2283,0,3452
2018,KY,1,21145,Mccracken,8701,15638,0,24339
2018,KY,1,21149,Mclean,1266,2663,0,3929
2018,KY,1,21155,Marion,2750,3327,0,6077
2018,KY,1,21157,Marshall,4576,9780,0,14356
2018,KY,1,21169,Metcalfe,1017,3300,0,4317
2018,KY,1,21171,Monroe,386,3843,0,4229
2018,KY,1,21177,Muhlenberg,4739,6249,0,10988
2018,KY,1,21183,Ohio,2071,5889,0,7960
2018,KY,1,21207,Russell,1118,6013,0,7131
2018,KY,1,21213,Simpson,2332,3904,0,6236
2018,KY,1,21217,Taylor,2456,7062,0,9518
2018,KY,1,21219,Todd,1280,2640,0,3920
2018,KY,1,21221,Trigg,1866,3910,0,5776
2018,KY,1,21225,Union,1964,3570,0,5534
2018,KY,1,21229,Washington,69,128,0,197
2018,KY,1,21233,Webster,1361,3034,0,4395
2018,KY,2,21009,Barren,3744,10812,300,14856
2018,KY,2,21021,Boyle,3828,6479,223,10530
2018,KY,2,21027,Breckinridge,1945,5573,149,7667
2018,KY,2,21029,Bullitt,7810,18205,696,26711
2018,KY,2,21031,Butler,749,3839,70,4658
2018,KY,2,21059,Daviess,12611,21709,797,35117
2018,KY,2,21061,Edmonson,911,3429,67,4407
2018,KY,2,21079,Garrard,1258,4416,113,5787
2018,KY,2,21085,Grayson,1713,6439,191,8343
2018,KY,2,21087,Green,669,3462,67,4198
2018,KY,2,21091,Hancock,1282,2240,93,3615
2018,KY,2,21093,Hardin,11887,20258,835,32980
2018,KY,2,21099,Hart,1745,4444,172,6361
2018,KY,2,21113,Jessamine,1529,4323,137,5989
2018,KY,2,21123,Larue,1178,3511,104,4793
2018,KY,2,21163,Meade,3189,6589,273,10051
2018,KY,2,21167,Mercer,2413,6090,190,8693
2018,KY,2,21179,Nelson,5617,10150,360,16127
2018,KY,2,21215,Spencer,540,1627,52,2219
2018,KY,2,21227,Warren,13935,25029,687,39651
2018,KY,2,21229,Washington,1411,3076,105,4592
2018,KY,3,21111,Jefferson,173002,101930,3788,278720
2018,KY,4,21015,Boone,12548,27912,1440,41900
2018,KY,4,21019,Boyd,4746,6824,326,11896
2018,KY,4,21023,Bracken,790,1947,81,2818
2018,KY,4,21037,Campbell,13111,19605,1200,33916
2018,KY,4,21041,Carroll,1350,1904,99,3353
2018,KY,4,21077,Gallatin,898,1876,139,2913
2018,KY,4,21081,Grant,1816,5205,232,7253
2018,KY,4,21089,Greenup,4468,8101,308,12877
2018,KY,4,21097,Harrison,1259,2512,83,3854
2018,KY,4,21103,Henry,2230,3735,200,6165
2018,KY,4,21111,Jefferson,4172,7082,102,11356
2018,KY,4,21117,Kenton,20196,30878,2151,53225
2018,KY,4,21135,Lewis,516,2620,75,3211
2018,KY,4,21161,Mason,1779,3666,91,5536
2018,KY,4,21185,Oldham,9824,16495,707,27026
2018,KY,4,21187,Owen,1168,2784,132,4084
2018,KY,4,21191,Pendleton,1193,3242,140,4575
2018,KY,4,21211,Shelby,5982,10567,571,17120
2018,KY,4,21215,Spencer,1460,4133,174,5767
2018,KY,4,21223,Trimble,1030,1858,79,2967
2018,KY,5,21013,Bell,1320,6155,0,7475
2018,KY,5,21019,Boyd,1042,2089,0,3131
2018,KY,5,21025,Breathitt,1367,3140,0,4507
2018,KY,5,21043,Carter,2787,5621,1,8409
2018,KY,5,21051,Clay,796,4175,1,4972
2018,KY,5,21063,Elliott,803,964,3,1770
2018,KY,5,21071,Floyd,3499,8763,1,12263
2018,KY,5,21095,Harlan,1395,6849,0,8244
2018,KY,5,21109,Jackson,372,3579,0,3951
2018,KY,5,21115,Johnson,1261,6518,0,7779
2018,KY,5,21119,Knott,1648,3484,0,5132
2018,KY,5,21121,Knox,1445,7630,0,9075
2018,KY,5,21125,Laurel,2598,13811,3,16412
2018,KY,5,21127,Lawrence,1240,3903,0,5143
2018,KY,5,21129,Lee,423,1935,0,2358
2018,KY,5,21131,Leslie,384,3321,0,3705
2018,KY,5,21133,Letcher,1749,5917,2,7668
2018,KY,5,21137,Lincoln,1648,5919,2,7569
2018,KY,5,21147,Mccreary,637,4323,0,4960
2018,KY,5,21153,Magoffin,1422,3859,0,5281
2018,KY,5,21159,Martin,401,2836,0,3237
2018,KY,5,21175,Morgan,1152,3077,0,4229
2018,KY,5,21189,Owsley,288,1533,0,1821
2018,KY,5,21193,Perry,2332,7248,1,9581
2018,KY,5,21195,Pike,4328,14667,1,18996
2018,KY,5,21199,Pulaski,3384,18076,3,21463
2018,KY,5,21203,Rockcastle,666,4688,1,5355
2018,KY,5,21205,Rowan,2837,4603,10,7450
2018,KY,5,21231,Wayne,1232,5381,0,6613
2018,KY,5,21235,Whitley,1434,8029,5,9468
2018,KY,6,21005,Anderson,3386,6864,119,10369
2018,KY,6,21011,Bath,1776,2768,60,4604
2018,KY,6,21017,Bourbon,3123,4922,118,8163
2018,KY,6,21049,Clark,5418,9119,179,14716
2018,KY,6,21065,Estill,1471,3948,54,5473
2018,KY,6,21067,Fayette,72536,47735,1341,121612
2018,KY,6,21069,Fleming,1638,3926,54,5618
2018,KY,6,21073,Franklin,11702,9860,359,21921
2018,KY,6,21097,Harrison,1001,1582,48,2631
2018,KY,6,21113,Jessamine,5471,8876,194,14541
2018,KY,6,21151,Madison,13523,20367,421,34311
2018,KY,6,21165,Menifee,976,1800,44,2820
2018,KY,6,21173,Montgomery,3662,6484,136,10282
2018,KY,6,21181,Nicholas,924,1603,24,2551
2018,KY,6,21197,Powell,1671,3179,90,4940
2018,KY,6,21201,Robertson,296,531,7,834
2018,KY,6,21209,Scott,9159,12522,288,21969
2018,KY,6,21237,Wolfe,1125,1450,36,2611
2018,KY,6,21239,Woodford,5878,6932,112,12922
2018,MN,1,27013,Blue Earth,15945,11920,58,27923
2018,MN,1,27015,Brown,4574,7136,10,11720
2018,MN,1,27033,Cottonwood,464,1089,9,1562
2018,MN,1,27039,Dodge,3782,5268,21,9071
2018,MN,1,27043,Faribault,2423,3891,12,6326
2018,MN,1,27045,Fillmore,4517,5114,20,9651
2018,MN,1,27047,Freeborn,6791,6996,45,13832
2018,MN,1,27055,Houston,4410,4526,4,8940
2018,MN,1,27063,Jackson,1821,2827,7,4655
2018,MN,1,27079,Le Sueur,5364,7348,23,12735
2018,MN,1,27091,Martin,3047,5612,16,8675
2018,MN,1,27099,Mower,7849,6662,40,14551
2018,MN,1,27103,Nicollet,8846,6712,33,15591
2018,MN,1,27105,Nobles,2907,4024,8,6939
2018,MN,1,27109,Olmsted,39719,30941,180,70840
2018,MN,1,27131,Rice,6703,8527,17,15247
2018,MN,1,27133,Rock,1296,2451,3,3750
2018,MN,1,27147,Steele,7128,9075,24,16227
2018,MN,1,27161,Waseca,3340,4749,13,8102
2018,MN,1,27165,Watonwan,1826,2254,8,4088
2018,MN,1,27169,Winona,12133,9078,25,21236
2018,MN,2,27037,Dakota,113784,91633,438,205855
2018,MN,2,27049,Goodhue,10452,12505,30,22987
2018,MN,2,27131,Rice,8715,4299,15,13029
2018,MN,2,27139,Scott,29874,35770,116,65760
2018,MN,2,27157,Wabasha,4186,5730,16,9932
2018,MN,2,27163,Washington,10947,9407,51,20405
2018,MN,3,27003,Anoka,14331,12728,96,27155
2018,MN,3,27019,Carver,15638,16507,28,32173
2018,MN,3,27053,Hennepin,172435,131604,582,304621
2018,MN,4,27123,Ramsey,169241,61348,11210,241799
2018,MN,4,27163,Washington,47624,36399,2792,86815
2018,MN,5,27003,Anoka,14804,8514,91,23409
2018,MN,5,27053,Hennepin,251739,65471,1118,318328
2018,MN,5,27123,Ramsey,1160,455,6,1621
2018,MN,6,27003,Anoka,45178,62062,219,107459
2018,MN,6,27009,Benton,5800,10081,41,15922
2018,MN,6,27019,Carver,6511,11938,8,18457
2018,MN,6,27053,Hennepin,170,305,0,475
2018,MN,6,27141,Sherburne,13271,25665,60,38996
2018,MN,6,27145,Stearns,22204,31666,67,53937
2018,MN,6,27163,Washington,9085,12445,15,21545
2018,MN,6,27171,Wright,20113,38769,53,58935
2018,MN,7,27005,Becker,7664,7083,5,14752
2018,MN,7,27007,Beltrami,6822,4012,10,10844
2018,MN,7,27011,Big Stone,1420,1158,3,2581
2018,MN,7,27023,Chippewa,3115,2412,1,5528
2018,MN,7,27027,Clay,16317,7934,17,24268
2018,MN,7,27029,Clearwater,1507,1981,0,3488
2018,MN,7,27033,Cottonwood,1719,1702,6,3427
2018,MN,7,27041,Douglas,8577,9419,12,18008
2018,MN,7,27051,Grant,1820,1314,2,3136
2018,MN,7,27067,Kandiyohi,9611,8970,12,18593
2018,MN,7,27069,Kittson,1515,842,0,2357
2018,MN,7,27073,Lac Qui Parle,1973,1379,1,3353
2018,MN,7,27077,Lake Of The Woods,844,1001,2,1847
2018,MN,7,27081,Lincoln,1232,1182,6,2420
2018,MN,7,27083,Lyon,5117,4821,6,9944
2018,MN,7,27085,Mcleod,6545,8290,17,14852
2018,MN,7,27087,Mahnomen,1283,642,1,1926
2018,MN,7,27089,Marshall,2196,1907,1,4104
2018,MN,7,27093,Meeker,4639,5625,7,10271
2018,MN,7,27101,Murray,1930,2170,1,4101
2018,MN,7,27107,Norman,1857,856,1,2714
2018,MN,7,27111,Otter Tail,13176,14191,13,27380
2018,MN,7,27113,Pennington,2977,2391,3,5371
2018,MN,7,27117,Pipestone,1420,2281,1,3702
2018,MN,7,27119,Polk,6660,5177,5,11842
2018,MN,7,27121,Pope,3004,2426,3,5433
2018,MN,7,27125,Red Lake,1032,638,1,1671
2018,MN,7,27127,Redwood,2949,3236,2,6187
2018,MN,7,27129,Renville,3393,2888,4,6285
2018,MN,7,27135,Roseau,2993,3473,1,6467
2018,MN,7,27143,Sibley,2866,3659,3,6528
2018,MN,7,27145,Stearns,5009,6687,5,11701
2018,MN,7,27149,Stevens,2487,1885,6,4378
2018,MN,7,27151,Swift,2309,1729,4,4042
2018,MN,7,27153,Todd,4128,5467,3,9598
2018,MN,7,27155,Traverse,893,627,1,1521
2018,MN,7,27167,Wilkin,1457,1123,0,2580
2018,MN,7,27173,Yellow Medicine,2216,2090,3,4309
2018,MN,8,27001,Aitkin,3401,4466,300,8167
2018,MN,8,27007,Beltrami,2790,4034,229,7053
2018,MN,8,27017,Carlton,8260,7090,1017,16367
2018,MN,8,27021,Cass,5158,8221,583,13962
2018,MN,8,27025,Chisago,9774,14864,981,25619
2018,MN,8,27031,Cook,1956,1083,162,3201
2018,MN,8,27035,Crow Wing,12283,18100,971,31354
2018,MN,8,27057,Hubbard,3701,6008,374,10083
2018,MN,8,27059,Isanti,5887,10678,715,17280
2018,MN,8,27061,Itasca,9716,10973,899,21588
2018,MN,8,27065,Kanabec,2466,3895,308,6669
2018,MN,8,27071,Koochiching,2408,2653,190,5251
2018,MN,8,27075,Lake,3050,2627,230,5907
2018,MN,8,27095,Mille Lacs,3766,6375,523,10664
2018,MN,8,27097,Morrison,4048,9653,502,14203
2018,MN,8,27115,Pine,4558,6430,552,11540
2018,MN,8,27137,St. Louis,57108,38496,4172,99776
2018,MN,8,27159,Wadena,1620,3718,189,5527
2018,ND,1,38001,Adams,236,878,44,1158
2018,ND,1,38003,Barnes,1992,2785,201,4978
2018,ND,1,38005,Benson,1225,909,105,2239
2018,ND,1,38007,Billings,76,469,21,566
2018,ND,1,38009,Bottineau,806,2316,126,3248
2018,ND,1,38011,Bowman,253,1331,52,1636
2018,ND,1,38013,Burke,151,779,24,954
2018,ND,1,38015,Burleigh,12623,30977,1766,45366
2018,ND,1,38017,Cass,37664,35255,3132,76051
2018,ND,1,38019,Cavalier,643,1216,64,1923
2018,ND,1,38021,Dickey,718,1375,60,2153
2018,ND,1,38023,Divide,290,859,44,1193
2018,ND,1,38025,Dunn,379,1603,42,2024
2018,ND,1,38027,Eddy,459,718,48,1225
2018,ND,1,38029,Emmons,262,1508,52,1822
2018,ND,1,38031,Foster,450,1132,53,1635
2018,ND,1,38033,Golden Valley,123,721,25,869
2018,ND,1,38035,Grand Forks,13293,13137,968,27398
2018,ND,1,38037,Grant,210,1011,41,1262
2018,ND,1,38039,Griggs,407,782,27,1216
2018,ND,1,38041,Hettinger,184,1055,33,1272
2018,ND,1,38043,Kidder,235,989,56,1280
2018,ND,1,38045,Lamoure,674,1307,62,2043
2018,ND,1,38047,Logan,157,795,28,980
2018,ND,1,38049,Mchenry,624,1797,126,2547
2018,ND,1,38051,Mcintosh,297,1098,51,1446
2018,ND,1,38053,Mckenzie,812,3158,148,4118
2018,ND,1,38055,Mclean,1307,3498,195,5000
2018,ND,1,38057,Mercer,746,3040,154,3940
2018,ND,1,38059,Morton,3742,10240,693,14675
2018,ND,1,38061,Mountrail,1286,2348,141,3775
2018,ND,1,38063,Nelson,690,879,49,1618
2018,ND,1,38065,Oliver,154,772,43,969
2018,ND,1,38067,Pembina,963,1876,85,2924
2018,ND,1,38069,Pierce,541,1297,61,1899
2018,ND,1,38071,Ramsey,1919,2854,224,4997
2018,ND,1,38073,Ransom,1107,1072,103,2282
2018,ND,1,38075,Renville,220,913,61,1194
2018,ND,1,38077,Richland,2957,3853,311,7121
2018,ND,1,38079,Rolette,3327,1292,291,4910
2018,ND,1,38081,Sargent,931,962,81,1974
2018,ND,1,38083,Sheridan,115,635,37,787
2018,ND,1,38085,Sioux,984,315,108,1407
2018,ND,1,38087,Slope,53,319,10,382
2018,ND,1,38089,Stark,1946,9774,408,12128
2018,ND,1,38091,Steele,465,461,30,956
2018,ND,1,38093,Stutsman,3110,5784,373,9267
2018,ND,1,38095,Towner,413,666,37,1116
2018,ND,1,38097,Traill,1610,1944,141,3695
2018,ND,1,38099,Walsh,1580,2723,165,4468
2018,ND,1,38101,Ward,6418,16046,1277,23741
2018,ND,1,38103,Wells,476,1652,89,2217
2018,ND,1,38105,Williams,2074,8393,500,10967
2018,NJ,1,34005,Burlington,5660,3213,148,9021
2018,NJ,1,34007,Camden,121634,52632,4211,178477
2018,NJ,1,34015,Gloucester,42334,31772,1814,75920
2018,NJ,2,34001,Atlantic,52917,39118,1833,93868
2018,NJ,2,34005,Burlington,325,540,12,877
2018,NJ,2,34007,Camden,1894,2201,93,4188
2018,NJ,2,34009,Cape May,21595,19003,473,41071
2018,NJ,2,34011,Cumberland,23914,15782,825,40521
2018,NJ,2,34015,Gloucester,17932,16982,662,35576
2018,NJ,2,34029,Ocean,7103,11140,238,18481
2018,NJ,2,34033,Salem,11005,12100,676,23781
2018,NJ,3,34005,Burlington,105909,71279,1258,178446
2018,NJ,3,34029,Ocean,47564,78221,2644,128429
2018,NJ,4,34021,Mercer,19795,19049,964,39808
2018,NJ,4,34025,Monmouth,82535,93491,2614,178640
2018,NJ,4,34029,Ocean,24436,50525,939,75900
2018,NJ,5,34003,Bergen,133894,82869,2410,219173
2018,NJ,5,34031,Passaic,7229,8487,191,15907
2018,NJ,5,34037,Sussex,17171,21946,855,39972
2018,NJ,5,34041,Warren,11252,14953,566,26771
2018,NJ,6,34023,Middlesex,96347,43871,0,140218
2018,NJ,6,34025,Monmouth,44405,36572,0,80977
2018,NJ,7,34013,Essex,6239,2736,62,9037
2018,NJ,7,34019,Hunterdon,28047,34017,1221,63285
2018,NJ,7,34027,Morris,23103,25263,728,49094
2018,NJ,7,34035,Somerset,55478,46720,1578,103776
2018,NJ,7,34039,Union,48217,34650,1061,83928
2018,NJ,7,34041,Warren,5901,7399,322,13622
2018,NJ,8,34003,Bergen,1723,604,79,2406
2018,NJ,8,34013,Essex,20977,5148,678,26803
2018,NJ,8,34017,Hudson,80789,19281,3662,103732
2018,NJ,8,34039,Union,16392,3692,430,20514
2018,NJ,9,34003,Bergen,74915,38106,1208,114229
2018,NJ,9,34017,Hudson,6355,3216,77,9648
2018,NJ,9,34031,Passaic,59562,16532,445,76539
2018,NJ,10,34013,Essex,112372,6983,2165,121520
2018,NJ,10,34017,Hudson,25851,4709,1461,32021
2018,NJ,10,34039,Union,37030,8499,1089,46618
2018,NJ,11,34013,Essex,56669,28008,909,85586
2018,NJ,11,34027,Morris,89881,73044,1600,164525
2018,NJ,11,34031,Passaic,27484,24433,545,52462
2018,NJ,11,34037,Sussex,9650,10837,514,21001
2018,NJ,12,34021,Mercer,66323,20157,0,86480
2018,NJ,12,34023,Middlesex,65788,43423,0,109211
2018,NJ,12,34035,Somerset,21970,9440,0,31410
2018,NJ,12,34039,Union,19253,6021,0,25274
2018,OK,1,40037,Creek,555,1887,0,2442
2018,OK,1,40131,Rogers,1742,4576,0,6318
2018,OK,1,40143,Tulsa,87904,113018,0,200922
2018,OK,1,40145,Wagoner,7588,18177,0,25765
2018,OK,1,40147,Washington,5253,12471,0,17724
2018,OK,2,40001,Adair,1529,3362,286,5177
2018,OK,2,40005,Atoka,818,3067,124,4009
2018,OK,2,40013,Bryan,3103,7711,498,11312
2018,OK,2,40021,Cherokee,6292,6745,820,13857
2018,OK,2,40023,Choctaw,1029,2827,174,4030
2018,OK,2,40029,Coal,494,1242,94,1830
2018,OK,2,40035,Craig,1272,3281,185,4738
2018,OK,2,40041,Delaware,3380,9030,664,13074
2018,OK,2,40061,Haskell,935,2630,113,3678
2018,OK,2,40063,Hughes,1123,2423,224,3770
2018,OK,2,40069,Johnston,746,2127,133,3006
2018,OK,2,40077,Latimer,869,1985,142,2996
2018,OK,2,40079,Leflore,3417,8813,506,12736
2018,OK,2,40089,Mccurtain,1661,5623,260,7544
2018,OK,2,40091,Mcintosh,2306,4017,262,6585
2018,OK,2,40095,Marshall,1031,3171,191,4393
2018,OK,2,40097,Mayes,3702,8534,649,12885
2018,OK,2,40101,Muskogee,7915,10724,980,19619
2018,OK,2,40105,Nowata,751,2533,194,3478
2018,OK,2,40107,Okfuskee,987,1925,177,3089
2018,OK,2,40111,Okmulgee,4136,6376,498,11010
2018,OK,2,40115,Ottawa,2850,5116,508,8474
2018,OK,2,40121,Pittsburg,3775,8954,610,13339
2018,OK,2,40127,Pushmataha,794,2370,147,3311
2018,OK,2,40131,Rogers,6686,18317,1635,26638
2018,OK,2,40135,Sequoyah,3420,7548,456,11424
2018,OK,3,40003,Alfalfa,248,1547,0,1795
2018,OK,3,40007,Beaver,187,1608,0,1795
2018,OK,3,40009,Beckham,982,4720,0,5702
2018,OK,3,40011,Blaine,628,2310,0,2938
2018,OK,3,40015,Caddo,2308,5021,0,7329
2018,OK,3,40017,Canadian,10890,27374,0,38264
2018,OK,3,40025,Cimarron,67,730,0,797
2018,OK,3,40037,Creek,5388,14644,0,20032
2018,OK,3,40039,Custer,1902,6359,0,8261
2018,OK,3,40043,Dewey,202,1557,0,1759
2018,OK,3,40045,Ellis,180,1295,0,1475
2018,OK,3,40047,Garfield,4203,13086,0,17289
2018,OK,3,40053,Grant,350,1346,0,1696
2018,OK,3,40055,Greer,346,1122,0,1468
2018,OK,3,40057,Harmon,182,559,0,741
2018,OK,3,40059,Harper,126,1080,0,1206
2018,OK,3,40065,Jackson,1391,5038,0,6429
2018,OK,3,40071,Kay,3683,9231,0,12914
2018,OK,3,40073,Kingfisher,687,4395,0,5082
2018,OK,3,40075,Kiowa,656,2055,0,2711
2018,OK,3,40081,Lincoln,2687,8520,0,11207
2018,OK,3,40083,Logan,4246,11456,0,15702
2018,OK,3,40093,Major,339,2390,0,2729
2018,OK,3,40103,Noble,879,3078,0,3957
2018,OK,3,40113,Osage,5514,9723,0,15237
2018,OK,3,40117,Pawnee,1397,3475,0,4872
2018,OK,3,40119,Payne,8547,13993,0,22540
2018,OK,3,40129,Roger Mills,177,1331,0,1508
2018,OK,3,40139,Texas,677,3439,0,4116
2018,OK,3,40149,Washita,650,3148,0,3798
2018,OK,3,40151,Woods,509,2324,0,2833
2018,OK,3,40153,Woodward,924,4959,0,5883
2018,OK,4,40017,Canadian,1740,5131,318,7189
2018,OK,4,40019,Carter,3608,9918,417,13943
2018,OK,4,40027,Cleveland,37709,50275,3582,91566
2018,OK,4,40031,Comanche,9135,15774,1576,26485
2018,OK,4,40033,Cotton,378,1540,76,1994
2018,OK,4,40049,Garvin,1832,5786,257,7875
2018,OK,4,40051,Grady,3779,12671,611,17061
2018,OK,4,40067,Jefferson,303,1221,37,1561
2018,OK,4,40085,Love,692,2014,66,2772
2018,OK,4,40087,Mcclain,3161,10100,490,13751
2018,OK,4,40099,Murray,970,3239,144,4353
2018,OK,4,40109,Oklahoma,8172,11352,891,20415
2018,OK,4,40123,Pontotoc,3352,8102,373,11827
2018,OK,4,40137,Stephens,2783,10541,437,13761
2018,OK,4,40141,Tillman,474,1563,48,2085
2018,OK,5,40109,Oklahoma,110727,100825,0,211552
2018,OK,5,40125,Pottawatomie,7844,13030,0,20874
2018,OK,5,40133,Seminole,2578,3956,0,6534
2018,OR,1,41007,Clatsop,11101,6526,700,18327
2018,OR,1,41009,Columbia,12130,10642,1257,24029
2018,OR,1,41051,Multnomah,27710,4183,1007,32900
2018,OR,1,41067,Washington,158464,75189,10020,243673
2018,OR,1,41071,Yamhill,21793,19906,2137,43836
2018,OR,2,41001,Baker,1894,6004,403,8301
2018,OR,2,41013,Crook,2698,8335,508,11541
2018,OR,2,41017,Deschutes,46924,45939,3003,95866
2018,OR,2,41021,Gilliam,256,707,39,1002
2018,OR,2,41023,Grant,770,2845,217,3832
2018,OR,2,41025,Harney,672,2681,185,3538
2018,OR,2,41027,Hood River,6735,3578,270,10583
2018,OR,2,41029,Jackson,46142,51835,4284,102261
2018,OR,2,41031,Jefferson,3006,5394,456,8856
2018,OR,2,41033,Josephine,8137,15721,1256,25114
2018,OR,2,41035,Klamath,7126,19665,1556,28347
2018,OR,2,41037,Lake,571,2768,228,3567
2018,OR,2,41045,Malheur,2121,6359,479,8959
2018,OR,2,41049,Morrow,934,2611,191,3736
2018,OR,2,41055,Sherman,200,755,34,989
2018,OR,2,41059,Umatilla,7596,15332,1156,24084
2018,OR,2,41061,Union,3281,7926,568,11775
2018,OR,2,41063,Wallowa,1212,2692,175,4079
2018,OR,2,41065,Wasco,4846,5858,480,11184
2018,OR,2,41069,Wheeler,177,592,48,817
2018,OR,3,41005,Clackamas,21225,24109,3107,48441
2018,OR,3,41051,Multnomah,257794,52078,25499,335371
2018,OR,4,41003,Benton,26770,8741,1537,37048
2018,OR,4,41011,Coos,13116,14804,813,28733
2018,OR,4,41015,Curry,5070,6172,289,11531
2018,OR,4,41019,Douglas,18824,28379,1418,48621
2018,OR,4,41033,Josephine,5853,8569,524,14946
2018,OR,4,41039,Lane,116561,55535,5104,177200
2018,OR,4,41043,Linn,22516,30214,1641,54371
2018,OR,5,41003,Benton,3450,3313,197,6960
2018,OR,5,41005,Clackamas,87424,56763,4131,148318
2018,OR,5,41041,Lincoln,14223,8857,921,24001
2018,OR,5,41047,Marion,63916,57074,3901,124891
2018,OR,5,41051,Multnomah,3005,921,133,4059
2018,OR,5,41053,Polk,18367,17241,1173,36781
2018,OR,5,41057,Tillamook,6802,5718,400,12920
2018,PA,1,42017,Bucks,141577,152461,0,294038
2018,PA,1,42091,Montgomery,19168,16592,0,35760
2018,PA,2,42101,Philadelphia,159600,42382,0,201982
2018,PA,3,42101,Philadelphia,287610,20387,0,307997
2018,PA,4,42011,Berks,2919,4258,0,7177
2018,PA,4,42091,Montgomery,208605,117209,0,325814
2018,PA,5,42029,Chester,0,0,0,0
2018,PA,5,42045,Delaware,154477,94817,0,249294
2018,PA,5,42091,Montgomery,14254,3935,0,18189
2018,PA,5,42101,Philadelphia,29908,7323,0,37231
2018,PA,6,42011,Berks,37900,27070,0,64970
2018,PA,6,42029,Chester,139804,97054,0,236858
2018,PA,7,42077,Lehigh,70000,54354,4193,128547
2018,PA,7,42089,Monroe,11420,8195,368,19983
2018,PA,7,42095,Northampton,59393,51888,3450,114731
2018,PA,8,42069,Lackawanna,53467,30361,0,83828
2018,PA,8,42079,Luzerne,46780,41856,0,88636
2018,PA,8,42089,Monroe,19095,15776,0,34871
2018,PA,8,42103,Pike,8711,12030,0,20741
2018,PA,8,42127,Wayne,7550,12540,0,20090
2018,PA,9,42011,Berks,31736,39853,0,71589
2018,PA,9,42025,Carbon,8902,13448,0,22350
2018,PA,9,42037,Columbia,9825,12690,0,22515
2018,PA,9,42075,Lebanon,17526,31414,0,48940
2018,PA,9,42079,Luzerne,6774,12065,0,18839
2018,PA,9,42093,Montour,3076,3915,0,6991
2018,PA,9,42097,Northumberland,3855,5392,0,9247
2018,PA,9,42107,Schuylkill,18510,29946,0,48456
2018,PA,10,42041,Cumberland,88402,0,0,88402
2018,PA,10,42043,Dauphin,108372,0,0,108372
2018,PA,10,42133,York,94259,0,0,94259
2018,PA,11,42071,Lancaster,89167,113788,0,202955
2018,PA,11,42133,York,24709,49920,0,74629
2018,PA,12,42015,Bradford,5735,14305,0,20040
2018,PA,12,42027,Centre,21958,12657,0,34615
2018,PA,12,42035,Clinton,4631,7732,0,12363
2018,PA,12,42067,Juniata,1814,6623,0,8437
2018,PA,12,42081,Lycoming,12063,28866,0,40929
2018,PA,12,42087,Mifflin,3130,10537,0,13667
2018,PA,12,42097,Northumberland,5637,13504,0,19141
2018,PA,12,42099,Perry,4493,12576,0,17069
2018,PA,12,42105,Potter,1418,4809,0,6227
2018,PA,12,42109,Snyder,3583,9696,0,13279
2018,PA,12,42113,Sullivan,825,1878,0,2703
2018,PA,12,42115,Susquehanna,4814,10983,0,15797
2018,PA,12,42117,Tioga,3733,10949,0,14682
2018,PA,12,42119,Union,5424,8952,0,14376
2018,PA,12,42131,Wyoming,3567,6980,0,10547
2018,PA,13,42001,Adams,13291,25596,0,38887
2018,PA,13,42009,Bedford,3489,15311,0,18800
2018,PA,13,42013,Blair,12497,30851,0,43348
2018,PA,13,42021,Cambria,7098,9172,0,16270
2018,PA,13,42041,Cumberland,5164,10977,0,16141
2018,PA,13,42055,Franklin,15634,39116,0,54750
2018,PA,13,42057,Fulton,888,4387,0,5275
2018,PA,13,42061,Huntingdon,4246,11570,0,15816
2018,PA,13,42111,Somerset,6963,21572,0,28535
2018,PA,13,42129,Westmoreland,5463,9981,0,15444
2018,PA,14,42051,Fayette,17115,23182,0,40297
2018,PA,14,42059,Greene,4957,7267,0,12224
2018,PA,14,42125,Washington,33601,45313,0,78914
2018,PA,14,42129,Westmoreland,54378,75624,0,130002
2018,PA,15,42005,Armstrong,7521,16760,0,24281
2018,PA,15,42019,Butler,3996,10231,0,14227
2018,PA,15,42021,Cambria,11481,21683,0,33164
2018,PA,15,42023,Cameron,527,1242,0,1769
2018,PA,15,42027,Centre,10677,15284,0,25961
2018,PA,15,42031,Clarion,3847,9958,0,13805
2018,PA,15,42033,Clearfield,7367,19476,0,26843
2018,PA,15,42047,Elk,3584,7712,0,11296
2018,PA,15,42053,Forest,564,1364,0,1928
2018,PA,15,42063,Indiana,11211,18053,0,29264
2018,PA,15,42065,Jefferson,3358,12214,0,15572
2018,PA,15,42083,Mckean,3489,9064,0,12553
2018,PA,15,42121,Venango,5935,12544,0,18479
2018,PA,15,42123,Warren,4770,9660,0,14430
2018,PA,16,42019,Butler,20472,35533,774,56779
2018,PA,16,42039,Crawford,11850,18301,342,30493
2018,PA,16,42049,Erie,60392,40470,940,101802
2018,PA,16,42073,Lawrence,13553,18245,362,32160
2018,PA,16,42085,Mercer,17842,22799,521,41162
2018,PA,17,42003,Allegheny,146310,102697,0,249007
2018,PA,17,42007,Beaver,32821,35108,0,67929
2018,PA,17,42019,Butler,4031,4612,0,8643
2018,PA,18,42003,Allegheny,231472,0,0,231472
2018,TN,1,47019,Carter,3240,14259,384,17883
2018,TN,1,47029,Cocke,1513,7884,235,9632
2018,TN,1,47059,Greene,3686,16077,324,20087
2018,TN,1,47063,Hamblen,3228,12703,289,16220
2018,TN,1,47067,Hancock,246,1454,45,1745
2018,TN,1,47073,Hawkins,2783,13495,435,16713
2018,TN,1,47089,Jefferson,409,2512,55,2976
2018,TN,1,47091,Johnson,869,4664,91,5624
2018,TN,1,47155,Sevier,5677,23483,540,29700
2018,TN,1,47163,Sullivan,11568,41455,938,53961
2018,TN,1,47171,Unicoi,1100,4782,109,5991
2018,TN,1,47179,Washington,12819,30067,864,43750
2018,TN,2,47009,Blount,12642,33361,472,46475
2018,TN,2,47013,Campbell,309,983,20,1312
2018,TN,2,47025,Claiborne,1608,6687,92,8387
2018,TN,2,47057,Grainger,1084,5532,74,6690
2018,TN,2,47089,Jefferson,2696,9283,118,12097
2018,TN,2,47093,Knox,63397,100776,1612,165785
2018,TN,2,47105,Loudon,4932,16234,222,21388
2018,TN,3,47001,Anderson,8703,16420,510,25633
2018,TN,3,47011,Bradley,1421,7178,159,8758
2018,TN,3,47013,Campbell,1641,6655,177,8473
2018,TN,3,47065,Hamilton,57681,73047,2214,132942
2018,TN,3,47107,Mcminn,3238,11966,339,15543
2018,TN,3,47123,Monroe,3035,10979,260,14274
2018,TN,3,47129,Morgan,1099,4255,104,5458
2018,TN,3,47139,Polk,1399,4253,110,5762
2018,TN,3,47145,Roane,4730,13770,445,18945
2018,TN,3,47151,Scott,795,4217,98,5110
2018,TN,3,47173,Union,989,3772,106,4867
2018,TN,4,47003,Bedford,3045,8715,314,12074
2018,TN,4,47007,Bledsoe,975,2895,99,3969
2018,TN,4,47011,Bradley,5849,16524,855,23228
2018,TN,4,47051,Franklin,4130,8970,233,13333
2018,TN,4,47061,Grundy,964,2488,106,3558
2018,TN,4,47103,Lincoln,2155,8136,175,10466
2018,TN,4,47115,Marion,2714,6158,221,9093
2018,TN,4,47117,Marshall,2672,6313,306,9291
2018,TN,4,47119,Maury,7898,14757,719,23374
2018,TN,4,47121,Meigs,836,2476,98,3410
2018,TN,4,47127,Moore,518,1890,52,2460
2018,TN,4,47143,Rhea,2062,6719,280,9061
2018,TN,4,47149,Rutherford,39134,49922,3015,92071
2018,TN,4,47153,Sequatchie,1168,3438,144,4750
2018,TN,4,47175,Van Buren,493,1260,64,1817
2018,TN,4,47177,Warren,3452,6662,382,10496
2018,TN,5,47021,Cheatham,4051,6421,0,10472
2018,TN,5,47037,Davidson,167839,67701,8,235548
2018,TN,5,47043,Dickson,6033,10195,0,16228
2018,TN,6,47015,Cannon,1002,3043,85,4130
2018,TN,6,47021,Cheatham,857,2660,88,3605
2018,TN,6,47027,Clay,702,1549,46,2297
2018,TN,6,47031,Coffee,4656,11452,403,16511
2018,TN,6,47035,Cumberland,5053,16541,424,22018
2018,TN,6,47041,Dekalb,1364,3697,122,5183
2018,TN,6,47049,Fentress,1073,4568,135,5776
2018,TN,6,47087,Jackson,1165,2349,67,3581
2018,TN,6,47111,Macon,968,4669,120,5757
2018,TN,6,47133,Overton,2693,3855,89,6637
2018,TN,6,47137,Pickett,592,1557,43,2192
2018,TN,6,47141,Putnam,7175,14996,393,22564
2018,TN,6,47147,Robertson,5739,14675,771,21185
2018,TN,6,47159,Smith,1331,4584,127,6042
2018,TN,6,47165,Sumner,17380,40194,1368,58942
2018,TN,6,47169,Trousdale,677,1552,47,2276
2018,TN,6,47175,Van Buren,46,153,4,203
2018,TN,6,47185,White,1924,5959,221,8104
2018,TN,6,47189,Wilson,15973,34757,1007,51737
2018,TN,7,47005,Benton,1468,3542,62,5072
2018,TN,7,47023,Chester,1149,4076,52,5277
2018,TN,7,47039,Decatur,898,2803,42,3743
2018,TN,7,47055,Giles,2395,6045,131,8571
2018,TN,7,47069,Hardeman,3236,3828,86,7150
2018,TN,7,47071,Hardin,1610,6364,62,8036
2018,TN,7,47077,Henderson,1652,6646,85,8383
2018,TN,7,47081,Hickman,1872,4760,102,6734
2018,TN,7,47083,Houston,845,1803,30,2678
2018,TN,7,47085,Humphreys,1824,3824,59,5707
2018,TN,7,47099,Lawrence,2787,8813,117,11717
2018,TN,7,47101,Lewis,983,2844,73,3900
2018,TN,7,47109,Mcnairy,1836,6135,81,8052
2018,TN,7,47119,Maury,2774,5129,93,7996
2018,TN,7,47125,Montgomery,19269,28528,683,48480
2018,TN,7,47135,Perry,505,1558,26,2089
2018,TN,7,47161,Stewart,1017,3071,34,4122
2018,TN,7,47181,Wayne,679,3292,38,4009
2018,TN,7,47187,Williamson,34862,67010,796,102668
2018,TN,8,47005,Benton,15,19,3,37
2018,TN,8,47017,Carroll,1926,6391,246,8563
2018,TN,8,47033,Crockett,864,2941,152,3957
2018,TN,8,47045,Dyer,1981,8008,264,10253
2018,TN,8,47047,Fayette,4175,11424,281,15880
2018,TN,8,47053,Gibson,3612,10784,389,14785
2018,TN,8,47075,Haywood,3030,2509,93,5632
2018,TN,8,47079,Henry,2326,6811,736,9873
2018,TN,8,47095,Lake,371,940,38,1349
2018,TN,8,47097,Lauderdale,2023,3794,148,5965
2018,TN,8,47113,Madison,13119,18488,728,32335
2018,TN,8,47131,Obion,1896,7316,213,9425
2018,TN,8,47157,Shelby,32960,67898,1640,102498
2018,TN,8,47167,Tipton,4086,13533,370,17989
2018,TN,8,47183,Weakley,2371,7174,259,9804
2018,TN,9,47157,Shelby,145139,34901,1436,181476
2018,TX,1,48005,Angelina,6706,19231,320,26257
2018,TX,1,48183,Gregg,10564,24812,508,35884
2018,TX,1,48203,Harrison,5959,16273,302,22534
2018,TX,1,48347,Nacogdoches,7075,13701,391,21167
2018,TX,1,48365,Panola,1559,7105,63,8727
2018,TX,1,48401,Rusk,3374,12666,192,16232
2018,TX,1,48403,Sabine,487,3421,24,3932
2018,TX,1,48405,San Augustine,726,2247,22,2995
2018,TX,1,48419,Shelby,1467,5998,56,7521
2018,TX,1,48423,Smith,21606,53983,1290,76879
2018,TX,1,48459,Upshur,754,3202,60,4016
2018,TX,1,48499,Wood,986,5526,64,6576
2018,TX,2,48201,Harris,119992,139188,4212,263392
2018,TX,3,48085,Collin,138234,169520,4757,312511
2018,TX,4,48037,Bowie,7534,20443,277,28254
2018,TX,4,48063,Camp,1073,2778,27,3878
2018,TX,4,48067,Cass,1960,8217,77,10254
2018,TX,4,48085,Collin,4193,13826,316,18335
2018,TX,4,48119,Delta,310,1577,28,1915
2018,TX,4,48147,Fannin,1913,8624,155,10692
2018,TX,4,48159,Franklin,567,3319,43,3929
2018,TX,4,48181,Grayson,10171,32038,632,42841
2018,TX,4,48223,Hopkins,2315,9399,108,11822
2018,TX,4,48231,Hunt,6335,21267,432,28034
2018,TX,4,48277,Lamar,3384,12871,179,16434
2018,TX,4,48315,Marion,993,2484,29,3506
2018,TX,4,48343,Morris,1211,2959,35,4205
2018,TX,4,48379,Rains,678,3655,38,4371
2018,TX,4,48387,Red River,946,3405,30,4381
2018,TX,4,48397,Rockwall,10248,27775,543,38566
2018,TX,4,48449,Titus,2080,5748,96,7924
2018,TX,4,48459,Upshur,1489,8282,133,9904
2018,TX,5,48001,Anderson,3162,11421,20,14603
2018,TX,5,48073,Cherokee,3186,11606,12,14804
2018,TX,5,48113,Dallas,52167,35588,34,87789
2018,TX,5,48213,Henderson,4892,21484,24,26400
2018,TX,5,48257,Kaufman,11205,26727,97,38029
2018,TX,5,48467,Van Zandt,2490,15246,34,17770
2018,TX,5,48499,Wood,1564,8545,3,10112
2018,TX,6,48141,El Paso,18022,40883,837,59742
2018,TX,6,48349,Navarro,3780,10363,147,14290
2018,TX,6,48439,Tarrant,94548,84715,2747,182010
2018,TX,7,48201,Harris,127959,115642,0,243601
2018,TX,8,48185,Grimes,1895,6571,138,8604
2018,TX,8,48201,Harris,10433,18042,476,28951
2018,TX,8,48225,Houston,1675,5590,67,7332
2018,TX,8,48289,Leon,371,2803,21,3195
2018,TX,8,48313,Madison,732,3046,32,3810
2018,TX,8,48339,Montgomery,44759,140962,3360,189081
2018,TX,8,48407,San Jacinto,1640,7534,123,9297
2018,TX,8,48455,Trinity,898,4207,43,5148
2018,TX,8,48471,Walker,5527,11864,361,17752
2018,TX,9,48157,Fort Bend,40699,1995,3604,46298
2018,TX,9,48201,Harris,95557,3945,7201,106703
2018,TX,10,48015,Austin,2047,8763,174,10984
2018,TX,10,48021,Bastrop,6763,8454,557,15774
2018,TX,10,48089,Colorado,1730,5704,110,7544
2018,TX,10,48149,Fayette,2029,8183,133,10345
2018,TX,10,48201,Harris,40820,71717,2020,114557
2018,TX,10,48287,Lee,821,3007,43,3871
2018,TX,10,48453,Travis,80864,30857,3143,114864
2018,TX,10,48473,Waller,6048,10219,241,16508
2018,TX,10,48477,Washington,2912,10262,206,13380
2018,TX,11,48003,Andrews,656,3419,48,4123
2018,TX,11,48049,Brown,1448,10555,171,12174
2018,TX,11,48059,Callahan,519,4416,59,4994
2018,TX,11,48081,Coke,109,1184,19,1312
2018,TX,11,48083,Coleman,326,2763,30,3119
2018,TX,11,48093,Comanche,671,3867,51,4589
2018,TX,11,48095,Concho,132,832,10,974
2018,TX,11,48115,Dawson,678,2277,30,2985
2018,TX,11,48133,Eastland,751,5387,59,6197
2018,TX,11,48135,Ector,7904,22040,458,30402
2018,TX,11,48143,Erath,1070,5484,88,6642
2018,TX,11,48173,Glasscock,28,524,2,554
2018,TX,11,48221,Hood,4127,20161,325,24613
2018,TX,11,48235,Irion,78,644,11,733
2018,TX,11,48267,Kimble,170,1520,20,1710
2018,TX,11,48299,Llano,1928,8053,127,10108
2018,TX,11,48307,Mcculloch,353,2294,26,2673
2018,TX,11,48317,Martin,201,1309,20,1530
2018,TX,11,48319,Mason,364,1579,13,1956
2018,TX,11,48327,Menard,123,654,6,783
2018,TX,11,48329,Midland,7976,33718,904,42598
2018,TX,11,48333,Mills,226,1761,16,2003
2018,TX,11,48335,Mitchell,263,1614,19,1896
2018,TX,11,48363,Palo Pinto,1675,7616,93,9384
2018,TX,11,48399,Runnels,324,2885,22,3231
2018,TX,11,48411,San Saba,220,1823,6,2049
2018,TX,11,48429,Stephens,228,1822,14,2064
2018,TX,11,48431,Sterling,30,454,3,487
2018,TX,11,48451,Tom Green,8053,25948,493,34494
2018,TX,12,48367,Parker,8015,45468,884,54367
2018,TX,12,48439,Tarrant,81605,120072,3888,205565
2018,TX,12,48497,Wise,1374,7017,168,8559
2018,TX,13,48009,Archer,310,3249,44,3603
2018,TX,13,48011,Armstrong,57,808,22,887
2018,TX,13,48023,Baylor,131,1083,16,1230
2018,TX,13,48045,Briscoe,57,558,7,622
2018,TX,13,48065,Carson,197,2216,34,2447
2018,TX,13,48075,Childress,201,1541,15,1757
2018,TX,13,48077,Clay,458,3770,51,4279
2018,TX,13,48087,Collingsworth,91,832,10,933
2018,TX,13,48097,Cooke,2175,11974,178,14327
2018,TX,13,48101,Cottle,87,460,8,555
2018,TX,13,48111,Dallam,121,969,22,1112
2018,TX,13,48117,Deaf Smith,921,2792,45,3758
2018,TX,13,48125,Dickens,94,654,2,750
2018,TX,13,48129,Donley,113,1134,27,1274
2018,TX,13,48153,Floyd,107,599,6,712
2018,TX,13,48155,Foard,101,324,6,431
2018,TX,13,48179,Gray,528,5301,88,5917
2018,TX,13,48191,Hall,140,809,12,961
2018,TX,13,48195,Hansford,99,1565,19,1683
2018,TX,13,48197,Hardeman,145,1000,10,1155
2018,TX,13,48205,Hartley,123,1483,14,1620
2018,TX,13,48211,Hemphill,124,1234,11,1369
2018,TX,13,48233,Hutchinson,627,5909,98,6634
2018,TX,13,48237,Jack,265,2501,28,2794
2018,TX,13,48269,King,3,124,2,129
2018,TX,13,48275,Knox,204,870,8,1082
2018,TX,13,48295,Lipscomb,95,954,17,1066
2018,TX,13,48337,Montague,810,6474,89,7373
2018,TX,13,48341,Moore,697,3300,42,4039
2018,TX,13,48345,Motley,39,480,6,525
2018,TX,13,48357,Ochiltree,184,2181,34,2399
2018,TX,13,48359,Oldham,58,749,4,811
2018,TX,13,48375,Potter,6471,17450,419,24340
2018,TX,13,48381,Randall,7705,39701,823,48229
2018,TX,13,48393,Roberts,16,442,4,462
2018,TX,13,48421,Sherman,69,707,41,817
2018,TX,13,48437,Swisher,372,1493,16,1881
2018,TX,13,48483,Wheeler,115,1674,27,1816
2018,TX,13,48485,Wichita,8362,24779,666,33807
2018,TX,13,48487,Wilbarger,686,2759,0,3445
2018,TX,13,48497,Wise,1925,12125,204,14254
2018,TX,14,48039,Brazoria,13855,33157,704,47716
2018,TX,14,48167,Galveston,42187,68811,1984,112982
2018,TX,14,48245,Jefferson,36170,36974,686,73830
2018,TX,15,48047,Brooks,1508,338,14,1860
2018,TX,15,48131,Duval,3022,808,50,3880
2018,TX,15,48187,Guadalupe,14815,27557,884,43256
2018,TX,15,48215,Hidalgo,75553,28089,1547,105189
2018,TX,15,48247,Jim Hogg,1163,243,20,1426
2018,TX,15,48255,Karnes,1423,2563,48,4034
2018,TX,15,48297,Live Oak,614,2949,31,3594
2018,TX,15,48493,Wilson,235,1315,13,1563
2018,TX,16,48139,Ellis,124437,49127,8190,181754
2018,TX,17,48021,Bastrop,129,269,11,409
2018,TX,17,48041,Brazos,24367,38075,1560,64002
2018,TX,17,48051,Burleson,1351,5147,70,6568
2018,TX,17,48145,Falls,1381,3251,30,4662
2018,TX,17,48161,Freestone,1304,5248,59,6611
2018,TX,17,48287,Lee,394,1459,47,1900
2018,TX,17,48289,Leon,394,2918,38,3350
2018,TX,17,48293,Limestone,1578,5242,60,6880
2018,TX,17,48309,Mclennan,25906,47727,994,74627
2018,TX,17,48331,Milam,1906,5959,96,7961
2018,TX,17,48395,Robertson,1838,4348,57,6243
2018,TX,17,48453,Travis,37522,15198,1418,54138
2018,TX,18,48201,Harris,138704,38368,7260,184332
2018,TX,19,48017,Bailey,354,1236,0,1590
2018,TX,19,48033,Borden,13,325,0,338
2018,TX,19,48069,Castro,381,1215,0,1596
2018,TX,19,48079,Cochran,125,553,0,678
2018,TX,19,48107,Crosby,382,1025,0,1407
2018,TX,19,48151,Fisher,306,1168,0,1474
2018,TX,19,48153,Floyd,308,843,0,1151
2018,TX,19,48165,Gaines,468,3363,0,3831
2018,TX,19,48169,Garza,172,1101,0,1273
2018,TX,19,48189,Hale,1725,5654,0,7379
2018,TX,19,48207,Haskell,253,1402,0,1655
2018,TX,19,48219,Hockley,1068,4989,0,6057
2018,TX,19,48227,Howard,1606,5716,0,7322
2018,TX,19,48253,Jones,758,4205,0,4963
2018,TX,19,48263,Kent,31,301,0,332
2018,TX,19,48279,Lamb,635,2810,0,3445
2018,TX,19,48303,Lubbock,28293,62195,0,90488
2018,TX,19,48305,Lynn,295,1393,0,1688
2018,TX,19,48353,Nolan,808,3223,0,4031
2018,TX,19,48369,Parmer,351,1676,0,2027
2018,TX,19,48415,Scurry,578,3760,0,4338
2018,TX,19,48417,Shackelford,86,1196,0,1282
2018,TX,19,48429,Stephens,61,829,0,890
2018,TX,19,48433,Stonewall,92,511,0,603
2018,TX,19,48441,Taylor,9199,31218,0,40417
2018,TX,19,48445,Terry,552,2247,0,2799
2018,TX,19,48447,Throckmorton,67,623,0,690
2018,TX,19,48501,Yoakum,305,1592,0,1897
2018,TX,19,48503,Young,767,5577,0,6344
2018,TX,20,48029,Bexar,139038,32925,0,171963
2018,TX,21,48019,Bandera,1896,7519,155,9570
2018,TX,21,48029,Bexar,52325,54077,2014,108416
2018,TX,21,48031,Blanco,1514,4157,96,5767
2018,TX,21,48091,Comal,11855,37514,807,50176
2018,TX,21,48171,Gillespie,2487,9796,163,12446
2018,TX,21,48209,Hays,11283,9728,662,21673
2018,TX,21,48259,Kendall,4188,15191,286,19665
2018,TX,21,48265,Kerr,5212,16539,288,22039
2018,TX,21,48385,Real,252,1279,17,1548
2018,TX,21,48453,Travis,77409,21854,3054,102317
2018,TX,22,48039,Brazoria,28326,33481,1491,63298
2018,TX,22,48157,Fort Bend,94450,103712,4263,202425
2018,TX,22,48201,Harris,15377,15557,748,31682
2018,TX,23,48029,Bexar,50517,55191,2260,107968
2018,TX,23,48043,Brewster,2041,1940,92,4073
2018,TX,23,48103,Crane,234,787,24,1045
2018,TX,23,48105,Crockett,333,904,22,1259
2018,TX,23,48109,Culberson,461,286,27,774
2018,TX,23,48127,Dimmit,2020,788,56,2864
2018,TX,23,48137,Edwards,144,601,11,756
2018,TX,23,48139,Ellis,14069,3385,441,17895
2018,TX,23,48163,Frio,1989,1586,84,3659
2018,TX,23,48229,Hudspeth,386,469,26,881
2018,TX,23,48243,Jeff Davis,448,706,20,1174
2018,TX,23,48271,Kinney,337,820,32,1189
2018,TX,23,48283,Lasalle,696,571,14,1281
2018,TX,23,48301,Loving,9,45,0,54
2018,TX,23,48323,Maverick,7416,2881,298,10595
2018,TX,23,48325,Medina,4207,11681,255,16143
2018,TX,23,48371,Pecos,1311,2144,52,3507
2018,TX,23,48377,Presidio,1204,431,26,1661
2018,TX,23,48383,Reagan,150,674,5,829
2018,TX,23,48389,Reeves,1313,1014,49,2376
2018,TX,23,48413,Schleicher,194,730,24,948
2018,TX,23,48435,Sutton,240,954,6,1200
2018,TX,23,48443,Terrell,171,275,14,460
2018,TX,23,48461,Upton,177,813,17,1007
2018,TX,23,48463,Uvalde,3327,4388,185,7900
2018,TX,23,48465,Val Verde,5544,5518,273,11335
2018,TX,23,48475,Ward,829,2036,42,2907
2018,TX,23,48495,Winkler,322,1110,16,1448
2018,TX,23,48507,Zavala,2270,557,54,2881
2018,TX,24,48113,Dallas,60989,47270,2043,110302
2018,TX,24,48121,Denton,22236,20992,766,43994
2018,TX,24,48439,Tarrant,42006,65055,2061,109122
2018,TX,25,48027,Bell,4851,1827,160,6838
2018,TX,25,48035,Bosque,1294,5664,101,7059
2018,TX,25,48053,Burnet,4138,13987,257,18382
2018,TX,25,48099,Coryell,4859,10705,268,15832
2018,TX,25,48143,Erath,1132,4642,68,5842
2018,TX,25,48193,Hamilton,509,2758,28,3295
2018,TX,25,48209,Hays,11084,14905,531,26520
2018,TX,25,48217,Hill,2329,8887,114,11330
2018,TX,25,48251,Johnson,11416,39618,734,51768
2018,TX,25,48281,Lampasas,1502,5860,105,7467
2018,TX,25,48425,Somervell,577,3008,44,3629
2018,TX,25,48439,Tarrant,846,1892,40,2778
2018,TX,25,48453,Travis,91848,49270,2695,143813
2018,TX,26,48113,Dallas,80,83,1,164
2018,TX,26,48121,Denton,100141,144117,3981,248239
2018,TX,26,48439,Tarrant,21717,41351,1034,64102
2018,TX,27,48007,Aransas,2021,6676,220,8917
2018,TX,27,48021,Bastrop,4310,6296,327,10933
2018,TX,27,48055,Caldwell,2095,3741,176,6012
2018,TX,27,48057,Calhoun,1767,4159,93,6019
2018,TX,27,48177,Gonzales,993,2917,67,3977
2018,TX,27,48239,Jackson,763,3932,50,4745
2018,TX,27,48285,Lavaca,920,6699,67,7686
2018,TX,27,48321,Matagorda,2755,7109,499,10363
2018,TX,27,48355,Nueces,44692,44924,3858,93474
2018,TX,27,48391,Refugio,842,1576,45,2463
2018,TX,27,48409,San Patricio,3753,8751,417,12921
2018,TX,27,48469,Victoria,7486,19228,357,27071
2018,TX,27,48481,Wharton,3532,9110,198,12840
2018,TX,28,48013,Atascosa,7138,2385,0,9523
2018,TX,28,48029,Bexar,29997,8614,0,38611
2018,TX,28,48215,Hidalgo,19488,2290,0,21778
2018,TX,28,48283,Lasalle,165,14,0,179
2018,TX,28,48311,Mcmullen,167,47,0,214
2018,TX,28,48427,Starr,9151,421,0,9572
2018,TX,28,48479,Webb,42698,4521,0,47219
2018,TX,28,48493,Wilson,6862,3300,0,10162
2018,TX,28,48505,Zapata,1828,140,0,1968
2018,TX,29,48201,Harris,88188,28098,1208,117494
2018,TX,30,48113,Dallas,166784,16390,0,183174
2018,TX,31,48027,Bell,33207,45032,1079,79318
2018,TX,31,48491,Williamson,103155,99648,3886,206689
2018,TX,32,48085,Collin,8491,11013,472,19976
2018,TX,32,48113,Dallas,135576,115088,4980,255644
2018,TX,33,48113,Dallas,44560,14488,1406,60454
2018,TX,33,48439,Tarrant,46245,11632,893,58770
2018,TX,34,48025,Bee,2862,4183,0,7045
2018,TX,34,48061,Cameron,50226,26632,0,76858
2018,TX,34,48123,Dewitt,1096,4971,0,6067
2018,TX,34,48175,Goliad,772,2206,0,2978
2018,TX,34,48177,Gonzales,316,1256,0,1572
2018,TX,34,48215,Hidalgo,15120,5901,0,21021
2018,TX,34,48249,Jim Wells,5312,4327,0,9639
2018,TX,34,48261,Kenedy,94,64,0,158
2018,TX,34,48273,Kleberg,4379,3968,0,8347
2018,TX,34,48409,San Patricio,2780,2416,0,5196
2018,TX,34,48489,Willacy,2868,1319,0,4187
2018,TX,35,48029,Bexar,52873,19570,1812,74255
2018,TX,35,48055,Caldwell,3173,2057,122,5352
2018,TX,35,48091,Comal,4471,6401,295,11167
2018,TX,35,48187,Guadalupe,4216,5951,261,10428
2018,TX,35,48209,Hays,20842,8566,945,30353
2018,TX,35,48453,Travis,52703,8008,1801,62512
2018,TX,36,48071,Chambers,2787,12334,0,15121
2018,TX,36,48199,Hardin,2610,17481,0,20091
2018,TX,36,48201,Harris,38379,61528,0,99907
2018,TX,36,48241,Jasper,2213,9572,0,11785
2018,TX,36,48291,Liberty,4301,16109,0,20410
2018,TX,36,48351,Newton,996,3654,0,4650
2018,TX,36,48361,Orange,4807,21373,0,26180
2018,TX,36,48373,Polk,3768,12939,0,16707
2018,TX,36,48457,Tyler,1047,6058,0,7105
2018,UT,1,49003,Box Elder,2453,14456,2025,18934
2018,UT,1,49005,Cache,7587,24188,7651,39426
2018,UT,1,49009,Daggett,72,326,33,431
2018,UT,1,49011,Davis,16795,46974,9780,73549
2018,UT,1,49013,Duchesne,575,4908,248,5731
2018,UT,1,49029,Morgan,574,3954,529,5057
2018,UT,1,49033,Rich,118,908,58,1084
2018,UT,1,49043,Summit,10472,7437,2014,19923
2018,UT,1,49047,Uintah,1070,8677,560,10307
2018,UT,1,49057,Weber,23592,44864,11435,79891
2018,UT,2,49001,Beaver,277,1769,73,2119
2018,UT,2,49011,Davis,15109,33025,2397,50531
2018,UT,2,49017,Garfield,427,1670,47,2144
2018,UT,2,49021,Iron,2919,11945,853,15717
2018,UT,2,49023,Juab,82,207,23,312
2018,UT,2,49025,Kane,798,2200,95,3093
2018,UT,2,49027,Millard,491,3992,143,4626
2018,UT,2,49031,Piute,60,621,14,695
2018,UT,2,49035,Salt Lake,64167,26564,4638,95369
2018,UT,2,49039,Sanpete,580,4008,189,4777
2018,UT,2,49041,Sevier,759,6282,263,7304
2018,UT,2,49045,Tooele,6142,14160,1417,21719
2018,UT,2,49053,Washington,12954,44026,3300,60280
2018,UT,2,49055,Wayne,286,1020,52,1358
2018,UT,3,49007,Carbon,1804,4726,322,6852
2018,UT,3,49015,Emery,438,3208,167,3813
2018,UT,3,49019,Grand,2231,1961,117,4309
2018,UT,3,49035,Salt Lake,36268,45787,3723,85778
2018,UT,3,49037,San Juan,2283,2761,261,5305
2018,UT,3,49049,Utah,24005,108519,8300,140824
2018,UT,3,49051,Wasatch,3657,7894,426,11977
2018,UT,4,49023,Juab,698,2707,0,3405
2018,UT,4,49035,Salt Lake,124754,104742,0,229496
2018,UT,4,49039,Sanpete,996,3389,0,4385
2018,UT,4,49049,Utah,8516,23432,0,31948
2018,WA,1,53033,King,93249,41012,0,134261
2018,WA,1,53057,Skagit,11057,9344,0,20401
2018,WA,1,53061,Snohomish,67984,55610,0,123594
2018,WA,1,53073,Whatcom,24919,29568,0,54487
2018,WA,2,53029,Island,26647,12602,0,39249
2018,WA,2,53055,San Juan,8130,2436,0,10566
2018,WA,2,53057,Skagit,20993,10439,0,31432
2018,WA,2,53061,Snohomish,112031,49602,0,161633
2018,WA,2,53073,Whatcom,42386,9567,0,51953
2018,WA,3,53011,Clark,99296,94930,0,194226
2018,WA,3,53015,Cowlitz,19472,24930,0,44402
2018,WA,3,53039,Klickitat,4802,5929,0,10731
2018,WA,3,53041,Lewis,10939,22875,0,33814
2018,WA,3,53049,Pacific,5337,5456,0,10793
2018,WA,3,53059,Skamania,2521,3066,0,5587
2018,WA,3,53067,Thurston,2018,3217,0,5235
2018,WA,3,53069,Wahkiakum,1022,1416,0,2438
2018,WA,4,53001,Adams,1104,3116,0,4220
2018,WA,4,53005,Benton,28289,46618,0,74907
2018,WA,4,53017,Douglas,2567,5833,0,8400
2018,WA,4,53021,Franklin,8870,13376,0,22246
2018,WA,4,53025,Grant,7189,19197,0,26386
2018,WA,4,53047,Okanogan,6555,10084,0,16639
2018,WA,4,53071,Walla Walla,555,1551,0,2106
2018,WA,4,53077,Yakima,28656,41776,0,70432
2018,WA,5,53003,Asotin,3570,5527,0,9097
2018,WA,5,53013,Columbia,636,1572,0,2208
2018,WA,5,53019,Ferry,1232,2272,0,3504
2018,WA,5,53023,Garfield,333,1010,0,1343
2018,WA,5,53043,Lincoln,1362,4215,0,5577
2018,WA,5,53051,Pend Oreille,2350,4496,0,6846
2018,WA,5,53063,Spokane,108697,119770,0,228467
2018,WA,5,53065,Stevens,6961,15586,0,22547
2018,WA,5,53071,Walla Walla,10831,12689,0,23520
2018,WA,5,53075,Whitman,8953,8285,0,17238
2018,WA,6,53009,Clallam,22633,16551,0,39184
2018,WA,6,53027,Grays Harbor,15530,12646,0,28176
2018,WA,6,53031,Jefferson,15076,5591,0,20667
2018,WA,6,53035,Kitsap,76746,42628,0,119374
2018,WA,6,53045,Mason,11267,10081,0,21348
2018,WA,6,53053,Pierce,65157,29180,0,94337
2018,WA,7,53033,King,312252,56217,0,368469
2018,WA,7,53061,Snohomish,17548,8664,0,26212
2018,WA,8,53007,Chelan,14903,17869,0,32772
2018,WA,8,53017,Douglas,2608,3799,0,6407
2018,WA,8,53033,King,107064,77306,0,184370
2018,WA,8,53037,Kittitas,8700,10458,0,19158
2018,WA,8,53053,Pierce,30814,39536,0,70350
2018,WA,9,53033,King,157334,75013,0,232347
2018,WA,9,53053,Pierce,6011,2209,0,8220
2018,WA,10,53045,Mason,3567,2525,0,6092
2018,WA,10,53053,Pierce,86794,60405,0,147199
2018,WA,10,53067,Thurston,75854,40930,0,116784
2018,WY,1,56001,Albany,7509,5868,895,14272
2018,WY,1,56003,Big Horn,649,3359,278,4286
2018,WY,1,56005,Campbell,1680,10291,894,12865
2018,WY,1,56007,Carbon,1410,3234,449,5093
2018,WY,1,56009,Converse,806,3715,367,4888
2018,WY,1,56011,Crook,346,2525,184,3055
2018,WY,1,56013,Fremont,4534,8562,1108,14204
2018,WY,1,56015,Goshen,1014,3513,223,4750
2018,WY,1,56017,Hot Springs,451,1584,187,2222
2018,WY,1,56019,Johnson,686,2935,206,3827
2018,WY,1,56021,Laramie,11871,18474,1912,32257
2018,WY,1,56023,Lincoln,1132,5617,399,7148
2018,WY,1,56025,Natrona,6808,15665,1701,24174
2018,WY,1,56027,Niobrara,136,929,82,1147
2018,WY,1,56029,Park,2578,8380,721,11679
2018,WY,1,56031,Platte,808,2618,300,3726
2018,WY,1,56033,Sheridan,3270,7749,622,11641
2018,WY,1,56035,Sublette,663,2522,185,3370
2018,WY,1,56037,Sweetwater,3959,7700,1062,12721
2018,WY,1,56039,Teton,7373,3843,386,11602
2018,WY,1,56041,Uinta,1256,4517,419,6192
2018,WY,1,56043,Washakie,592,2263,217,3072
2018,WY,1,56045,Weston,372,2100,191,2663
2020,CA,1,06007,Butte,51719,49828,0,101547
2020,CA,1,06021,Glenn,220,811,0,1031
2020,CA,1,06035,Lassen,3000,8892,0,11892
2020,CA,1,06049,Modoc,1290,3025,0,4315
2020,CA,1,06057,Nevada,29658,24914,0,54572
2020,CA,1,06061,Placer,11092,16830,0,27922
2020,CA,1,06063,Plumas,4737,6541,0,11278
2020,CA,1,06089,Shasta,31851,59983,0,91834
2020,CA,1,06091,Sierra,801,1129,0,1930
2020,CA,1,06093,Siskiyou,10198,13155,0,23353
2020,CA,1,06103,Tehama,9507,19082,0,28589
2020,CA,2,06015,Del Norte,5103,6089,0,11192
2020,CA,2,06023,Humboldt,46089,20656,0,66745
2020,CA,2,06041,Marin,124729,25363,0,150092
2020,CA,2,06045,Mendocino,29925,12806,0,42731
2020,CA,2,06097,Sonoma,85568,26296,0,111864
2020,CA,2,06105,Trinity,3021,3110,0,6131
2020,CA,3,06011,Colusa,3348,4328,0,7676
2020,CA,3,06021,Glenn,3784,6315,0,10099
2020,CA,3,06033,Lake,6659,5999,0,12658
2020,CA,3,06067,Sacramento,6708,8821,0,15529
2020,CA,3,06095,Solano,74688,57659,0,132347
2020,CA,3,06101,Sutter,18333,23551,0,41884
2020,CA,3,06113,Yolo,51025,21512,0,72537
2020,CA,3,06115,Yuba,11498,17760,0,29258
2020,CA,4,06003,Alpine,473,264,0,737
2020,CA,4,06005,Amador,8259,13833,0,22092
2020,CA,4,06009,Calaveras,10333,16563,0,26896
2020,CA,4,06017,El Dorado,51597,63710,0,115307
2020,CA,4,06019,Fresno,2048,6533,0,8581
2020,CA,4,06039,Madera,5428,10692,0,16120
2020,CA,4,06043,Mariposa,4195,5906,0,10101
2020,CA,4,06057,Nevada,7508,2495,0,10003
2020,CA,4,06061,Placer,92678,109379,0,202057
2020,CA,4,06109,Tuolumne,12212,17916,0,30128
2020,CA,5,06013,Contra Costa,37068,10966,0,48034
2020,CA,5,06033,Lake,9260,6398,0,15658
2020,CA,5,06055,Napa,52204,18472,0,70676
2020,CA,5,06095,Solano,55271,15352,0,70623
2020,CA,5,06097,Sonoma,117430,34039,0,151469
2020,CA,6,06067,Sacramento,214776,75658,0,290434
2020,CA,6,06113,Yolo,14872,7808,0,22680
2020,CA,7,06067,Sacramento,217416,166549,0,383965
2020,CA,8,06027,Inyo,4559,4702,0,9261
2020,CA,8,06051,Mono,3969,2633,0,6602
2020,CA,8,06071,San Bernardino,115872,151376,0,267248
2020,CA,9,06013,Contra Costa,58693,39905,0,98598
2020,CA,9,06067,Sacramento,5256,7278,0,12534
2020,CA,9,06077,San Joaquin,110303,81175,0,191478
2020,CA,10,06077,San Joaquin,51362,40180,0,91542
2020,CA,10,06099,Stanislaus,115503,95449,0,210952
2020,CA,11,06013,Contra Costa,271063,100293,0,371356
2020,CA,12,06075,San Francisco,281776,81174,0,362950
2020,CA,13,06001,Alameda,327863,34955,0,362818
2020,CA,13,06075,San Francisco,0,0,0,0
2020,CA,14,06075,San Francisco,39670,9179,0,48849
2020,CA,14,06081,San Mateo,238630,63526,0,302156
2020,CA,15,06001,Alameda,213922,85702,0,299624
2020,CA,15,06013,Contra Costa,29069,14008,0,43077
2020,CA,16,06019,Fresno,62650,27989,0,90639
2020,CA,16,06039,Madera,16427,20273,0,36700
2020,CA,16,06047,Merced,49613,39777,0,89390
2020,CA,17,06001,Alameda,53654,22155,0,75809
2020,CA,17,06085,Santa Clara,158483,63044,0,221527
2020,CA,18,06081,San Mateo,41710,18257,0,59967
2020,CA,18,06085,Santa Clara,157044,97694,0,254738
2020,CA,18,06087,Santa Cruz,18634,10800,0,29434
2020,CA,19,06085,Santa Clara,224385,88642,0,313027
2020,CA,20,06053,Monterey,122057,41291,0,163348
2020,CA,20,06069,San Benito,18735,9412,0,28147
2020,CA,20,06085,Santa Clara,5158,1603,0,6761
2020,CA,20,06087,Santa Cruz,90946,19352,0,110298
2020,CA,21,06019,Fresno,28344,30095,0,58439
2020,CA,21,06029,Kern,36653,26061,0,62714
2020,CA,21,06031,Kings,16611,26983,0,43594
2020,CA,21,06107,Tulare,2798,2789,0,5587
2020,CA,22,06019,Fresno,95231,108340,0,203571
2020,CA,22,06107,Tulare,49020,62548,0,111568
2020,CA,23,06029,Kern,86586,154218,0,240804
2020,CA,23,06037,Los Angeles,17381,18920,0,36301
2020,CA,23,06107,Tulare,11929,17084,0,29013
2020,CA,24,06079,San Luis Obispo,84608,73172,0,157780
2020,CA,24,06083,Santa Barbara,124584,74781,0,199365
2020,CA,24,06111,Ventura,3372,1828,0,5200
2020,CA,25,06037,Los Angeles,138441,133066,0,271507
2020,CA,25,06111,Ventura,30864,36572,0,67436
2020,CA,26,06037,Los Angeles,2805,2420,0,5225
2020,CA,26,06111,Ventura,206051,133457,0,339508
2020,CA,27,06037,Los Angeles,211153,84398,0,295551
2020,CA,27,06071,San Bernardino,10258,11509,0,21767
2020,CA,28,06037,Los Angeles,244271,91928,0,336199
2020,CA,29,06037,Los Angeles,119420,0,91524,210944
2020,CA,30,06037,Los Angeles,239321,104868,0,344189
2020,CA,30,06111,Ventura,717,558,0,1275
2020,CA,31,06071,San Bernardino,175315,110735,0,286050
2020,CA,32,06037,Los Angeles,172942,86818,0,259760
2020,CA,33,06037,Los Angeles,257094,123334,0,380428
2020,CA,34,06037,Los Angeles,108792,96554,0,205346
2020,CA,35,06037,Los Angeles,34740,12004,0,46744
2020,CA,35,06071,San Bernardino,134665,62937,0,197602
2020,CA,36,06065,Riverside,185151,121698,0,306849
2020,CA,37,06037,Los Angeles,254916,41705,0,296621
2020,CA,38,06037,Los Angeles,0,63628,185963,249591
2020,CA,38,06059,Orange,0,2111,4504,6615
2020,CA,39,06037,Los Angeles,45870,38682,0,84552
2020,CA,39,06059,Orange,105133,115034,0,220167
2020,CA,39,06071,San Bernardino,18834,20230,0,39064
2020,CA,40,06037,Los Angeles,135572,50809,0,186381
2020,CA,41,06065,Riverside,168126,94447,0,262573
2020,CA,42,06065,Riverside,157773,210274,0,368047
2020,CA,43,06037,Los Angeles,199210,78688,0,277898
2020,CA,44,06037,Los Angeles,139661,66375,0,206036
2020,CA,45,06059,Orange,221843,193096,0,414939
2020,CA,46,06059,Orange,157803,71716,0,229519
2020,CA,47,06037,Los Angeles,129985,52151,0,182136
2020,CA,47,06059,Orange,67043,62220,0,129263
2020,CA,48,06059,Orange,193362,201738,0,395100
2020,CA,49,06059,Orange,44853,57423,0,102276
2020,CA,49,06073,San Diego,160496,123734,0,284230
2020,CA,50,06065,Riverside,18903,23885,0,42788
2020,CA,50,06073,San Diego,147966,171636,0,319602
2020,CA,51,06025,Imperial,34868,20087,0,54955
2020,CA,51,06073,San Diego,130728,56754,0,187482
2020,CA,52,06073,San Diego,244145,152350,0,396495
2020,CA,53,06073,San Diego,199244,0,135614,334858
2020,DE,1,10001,Kent,42984,39586,2052,84622
2020,DE,1,10003,New Castle,184337,87581,6086,278004
2020,DE,1,10005,Sussex,54061,69225,2358,125644
2020,FL,1,12033,Escambia,73582,93078,2268,168928
2020,FL,1,12059,Holmes,587,4992,89,5668
2020,FL,1,12091,Okaloosa,34966,78035,1877,114878
2020,FL,1,12113,Santa Rosa,29483,75075,1380,105938
2020,FL,1,12131,Walton,10554,32172,424,43150
2020,FL,2,12005,Bay,0,76997,1366,78363
2020,FL,2,12013,Calhoun,0,5662,15,5677
2020,FL,2,12023,Columbia,0,24293,268,24561
2020,FL,2,12029,Dixie,0,6993,41,7034
2020,FL,2,12037,Franklin,0,5220,136,5356
2020,FL,2,12041,Gilchrist,0,8484,76,8560
2020,FL,2,12045,Gulf,0,6806,74,6880
2020,FL,2,12059,Holmes,0,2968,17,2985
2020,FL,2,12063,Jackson,0,18262,141,18403
2020,FL,2,12065,Jefferson,0,586,11,597
2020,FL,2,12067,Lafayette,0,3307,20,3327
2020,FL,2,12073,Leon,0,47294,3369,50663
2020,FL,2,12075,Levy,0,18959,183,19142
2020,FL,2,12077,Liberty,0,2973,11,2984
2020,FL,2,12083,Marion,0,24888,379,25267
2020,FL,2,12121,Suwannee,0,35942,156,36098
2020,FL,2,12123,Taylor,0,8541,67,8608
2020,FL,2,12129,Wakulla,0,14514,332,14846
2020,FL,2,12133,Washington,0,10619,0,10619
2020,FL,3,12001,Alachua,86857,52914,0,139771
2020,FL,3,12007,Bradford,3302,9965,0,13267
2020,FL,3,12019,Clay,38040,84221,0,122261
2020,FL,3,12083,Marion,27141,46097,0,73238
2020,FL,3,12107,Putnam,10835,24916,0,35751
2020,FL,3,12125,Union,1151,4962,0,6113
2020,FL,4,12031,Duval,125498,169852,17,295367
2020,FL,4,12089,Nassau,16225,42045,0,58270
2020,FL,4,12109,St. Johns,54700,96600,3,151303
2020,FL,5,12003,Baker,2476,11329,0,13805
2020,FL,5,12023,Columbia,2033,1758,0,3791
2020,FL,5,12031,Duval,127311,63193,0,190504
2020,FL,5,12039,Gadsden,16783,6875,0,23658
2020,FL,5,12047,Hamilton,2133,3579,0,5712
2020,FL,5,12065,Jefferson,3800,3841,0,7641
2020,FL,5,12073,Leon,60937,21674,0,82611
2020,FL,5,12079,Madison,3990,5261,0,9251
2020,FL,6,12035,Flagler,26257,43346,14,69617
2020,FL,6,12069,Lake,16386,32302,20,48708
2020,FL,6,12109,St. Johns,7717,14851,3,22571
2020,FL,6,12127,Volusia,121945,174894,121,296960
2020,FL,7,12095,Orange,92639,56280,2242,151161
2020,FL,7,12117,Seminole,132307,119470,3511,255288
2020,FL,8,12009,Brevard,139769,215686,0,355455
2020,FL,8,12061,Indian River,34585,61055,0,95640
2020,FL,8,12095,Orange,3341,5352,0,8693
2020,FL,9,12095,Orange,62032,38365,6,100403
2020,FL,9,12097,Osceola,103147,65756,15,168918
2020,FL,9,12105,Polk,75545,84768,4,160317
2020,FL,10,12095,Orange,239434,136889,74,376397
2020,FL,11,12017,Citrus,26816,64293,0,91109
2020,FL,11,12053,Hernando,37530,68885,0,106415
2020,FL,11,12069,Lake,32956,61012,0,93968
2020,FL,11,12083,Marion,33999,58948,0,92947
2020,FL,11,12119,Sumter,26793,63841,0,90634
2020,FL,12,12057,Hillsborough,3199,5558,0,8757
2020,FL,12,12101,Pasco,108659,188887,0,297546
2020,FL,12,12103,Pinellas,56336,90496,0,146832
2020,FL,13,12103,Pinellas,215405,190713,7,406125
2020,FL,14,12057,Hillsborough,224240,147896,0,372136
2020,FL,15,12057,Hillsborough,89768,99886,0,189654
2020,FL,15,12069,Lake,29611,34194,0,63805
2020,FL,15,12105,Polk,54918,82294,0,137212
2020,FL,16,12057,Hillsborough,61511,66515,0,128026
2020,FL,16,12081,Manatee,86698,128072,0,214770
2020,FL,16,12115,Sarasota,67474,74414,0,141888
2020,FL,17,12015,Charlotte,38633,73809,1531,113973
2020,FL,17,12027,Desoto,4050,8171,136,12357
2020,FL,17,12043,Glades,1319,3685,73,5077
2020,FL,17,12049,Hardee,2422,5771,134,8327
2020,FL,17,12055,Highlands,15807,34540,586,50933
2020,FL,17,12071,Lee,14733,27620,678,43031
2020,FL,17,12093,Okeechobee,4129,11082,278,15489
2020,FL,17,12105,Polk,13751,24504,672,38927
2020,FL,17,12115,Sarasota,45643,77332,1308,124283
2020,FL,18,12085,Martin,31205,64874,1991,98070
2020,FL,18,12099,Palm Beach,77238,99734,3769,180741
2020,FL,18,12111,St. Lucie,78231,88678,4000,170909
2020,FL,19,12021,Collier,36612,69227,1,105840
2020,FL,19,12071,Lee,135534,203213,2,338749
2020,FL,20,12011,Broward,186909,41803,0,228712
2020,FL,20,12099,Palm Beach,66752,26945,0,93697
2020,FL,21,12099,Palm Beach,237925,157612,7556,403093
2020,FL,22,12011,Broward,192923,128851,0,321774
2020,FL,22,12099,Palm Beach,42841,37702,0,80543
2020,FL,23,12011,Broward,203940,141886,75,345901
2020,FL,23,12086,Miami-Dade,17299,16988,8,34295
2020,FL,24,12011,Broward,24817,10079,1635,36531
2020,FL,24,12086,Miami-Dade,194008,49005,10094,253107
2020,FL,26,12086,Miami-Dade,144010,151669,0,295679
2020,FL,26,12087,Monroe,21397,25554,0,46951
2020,FL,27,12086,Miami-Dade,166758,176141,76,342975
2020,ID,1,16001,Ada,43705,88402,4983,137090
2020,ID,1,16003,Adams,553,1884,86,2523
2020,ID,1,16009,Benewah,945,3680,165,4790
2020,ID,1,16015,Boise,1125,3444,178,4747
2020,ID,1,16017,Bonner,7601,18213,907,26721
2020,ID,1,16021,Boundary,1175,4855,168,6198
2020,ID,1,16027,Canyon,25367,60042,3434,88843
2020,ID,1,16035,Clearwater,847,3364,105,4316
2020,ID,1,16045,Gem,1818,7728,289,9835
2020,ID,1,16049,Idaho,1508,7604,250,9362
2020,ID,1,16055,Kootenai,21913,62442,3101,87456
2020,ID,1,16057,Latah,9840,9704,842,20386
2020,ID,1,16061,Lewis,338,1457,40,1835
2020,ID,1,16069,Nez Perce,6177,13525,860,20562
2020,ID,1,16073,Owyhee,838,3703,142,4683
2020,ID,1,16075,Payette,2140,8678,320,11138
2020,ID,1,16079,Shoshone,1653,3991,218,5862
2020,ID,1,16085,Valley,2777,3934,217,6928
2020,ID,2,16001,Ada,63610,50086,4222,117918
2020,ID,2,16005,Bannock,13193,24116,1660,38969
2020,ID,2,16007,Bear Lake,309,2870,104,3283
2020,ID,2,16011,Bingham,3324,15487,760,19571
2020,ID,2,16013,Blaine,7703,5026,430,13159
2020,ID,2,16019,Bonneville,10731,38637,2412,51780
2020,ID,2,16023,Butte,173,1159,62,1394
2020,ID,2,16025,Camas,114,518,30,662
2020,ID,2,16029,Caribou,331,2682,146,3159
2020,ID,2,16031,Cassia,1149,7810,525,9484
2020,ID,2,16033,Clark,29,270,6,305
2020,ID,2,16037,Custer,458,2050,148,2656
2020,ID,2,16039,Elmore,2237,7254,496,9987
2020,ID,2,16041,Franklin,493,5803,291,6587
2020,ID,2,16043,Fremont,793,5569,289,6651
2020,ID,2,16047,Gooding,1036,4684,262,5982
2020,ID,2,16051,Jefferson,1245,12058,584,13887
2020,ID,2,16053,Jerome,1470,5808,408,7686
2020,ID,2,16059,Lemhi,860,3623,159,4642
2020,ID,2,16063,Lincoln,325,1501,79,1905
2020,ID,2,16065,Madison,1833,13986,934,16753
2020,ID,2,16067,Minidoka,1252,6248,351,7851
2020,ID,2,16071,Oneida,195,2099,104,2398
2020,ID,2,16077,Power,696,2223,121,3040
2020,ID,2,16081,Teton,2981,3056,204,6241
2020,ID,2,16083,Twin Falls,7611,26046,1726,35383
2020,LA,1,22051,Jefferson,28045,78886,2686,109617
2020,LA,1,22057,Lafourche,1752,16742,377,18871
2020,LA,1,22071,Orleans,11949,12277,714,24940
2020,LA,1,22075,Plaquemines,2749,7397,237,10383
2020,LA,1,22087,St. Bernard,5072,10943,461,16476
2020,LA,1,22103,St. Tammany,30822,100594,3374,134790
2020,LA,1,22105,Tangipahoa,8984,23370,898,33252
2020,LA,1,22109,Terrebonne,5357,20121,562,26040
2020,LA,2,22005,Ascension,4586,1635,2614,8835
2020,LA,2,22007,Assumption,1592,902,811,3305
2020,LA,2,22033,East Baton Rouge,24560,884,8367,33811
2020,LA,2,22047,Iberville,4404,2501,2895,9800
2020,LA,2,22051,Jefferson,39076,17109,15751,71936
2020,LA,2,22071,Orleans,105655,8784,26796,141235
2020,LA,2,22089,St. Charles,5419,7843,3260,16522
2020,LA,2,22093,St. James,5320,3745,2412,11477
2020,LA,2,22095,St. John The Baptist,8213,2513,3232,13958
2020,LA,2,22121,West Baton Rouge,2811,1659,1633,6103
2020,LA,3,22001,Acadia,3090,21843,2428,27361
2020,LA,3,22019,Calcasieu,15663,52229,11301,79193
2020,LA,3,22023,Cameron,141,3454,255,3850
2020,LA,3,22045,Iberia,6518,20406,3873,30797
2020,LA,3,22053,Jefferson Davis,1668,10853,1474,13995
2020,LA,3,22055,Lafayette,20774,68286,21093,110153
2020,LA,3,22097,St. Landry,137,1193,151,1481
2020,LA,3,22099,St. Martin,4891,17294,3334,25519
2020,LA,3,22101,St. Mary,5528,14041,2129,21698
2020,LA,3,22113,Vermilion,2442,20881,2750,26073
2020,LA,4,22003,Allen,1370,6365,1360,9095
2020,LA,4,22011,Beauregard,1466,11265,2516,15247
2020,LA,4,22013,Bienville,1995,3585,995,6575
2020,LA,4,22015,Bossier,9022,36099,6939,52060
2020,LA,4,22017,Caddo,36171,47315,15255,98741
2020,LA,4,22027,Claiborne,1694,3629,688,6011
2020,LA,4,22031,De Soto,4023,8592,1356,13971
2020,LA,4,22039,Evangeline,2424,9534,1649,13607
2020,LA,4,22069,Natchitoches,4861,8530,2160,15551
2020,LA,4,22081,Red River,1130,2243,439,3812
2020,LA,4,22085,Sabine,1041,7534,1172,9747
2020,LA,4,22097,St. Landry,5411,10115,3223,18749
2020,LA,4,22111,Union,1617,7180,1516,10313
2020,LA,4,22115,Vernon,1781,12152,2102,16035
2020,LA,4,22119,Webster,4151,11127,1786,17064
2020,LA,5,22009,Avoyelles,3466,5483,6607,15556
2020,LA,5,22021,Caldwell,408,2550,1483,4441
2020,LA,5,22025,Catahoula,505,2314,1721,4540
2020,LA,5,22029,Concordia,640,3611,3816,8067
2020,LA,5,22035,East Carroll,152,819,1753,2724
2020,LA,5,22037,East Feliciana,399,903,3365,4667
2020,LA,5,22041,Franklin,654,5435,3033,9122
2020,LA,5,22043,Grant,3482,2513,2792,8787
2020,LA,5,22049,Jackson,830,2791,3582,7203
2020,LA,5,22059,Lasalle,1265,3761,1638,6664
2020,LA,5,22061,Lincoln,2105,6013,10262,18380
2020,LA,5,22065,Madison,210,1426,2685,4321
2020,LA,5,22067,Morehouse,655,4174,5771,10600
2020,LA,5,22073,Ouachita,4238,24210,37014,65462
2020,LA,5,22079,Rapides,23429,9417,22874,55720
2020,LA,5,22083,Richland,441,5793,3069,9303
2020,LA,5,22091,St. Helena,159,299,953,1411
2020,LA,5,22097,St. Landry,1288,4276,10924,16488
2020,LA,5,22105,Tangipahoa,3130,3774,13107,20011
2020,LA,5,22107,Tensas,118,880,1380,2378
2020,LA,5,22117,Washington,1653,5130,10844,17627
2020,LA,5,22123,West Carroll,604,2670,1381,4655
2020,LA,5,22125,West Feliciana,550,1768,3396,5714
2020,LA,5,22127,Winn,859,2523,2333,5715
2020,LA,6,22005,Ascension,8919,39990,1709,50618
2020,LA,6,22007,Assumption,1074,5594,186,6854
2020,LA,6,22033,East Baton Rouge,58761,101144,5969,165874
2020,LA,6,22037,East Feliciana,1103,3578,128,4809
2020,LA,6,22047,Iberville,1360,3773,132,5265
2020,LA,6,22057,Lafourche,4260,18309,821,23390
2020,LA,6,22063,Livingston,5846,54851,1911,62608
2020,LA,6,22077,Pointe Coupee,3038,7894,282,11214
2020,LA,6,22089,St. Charles,2103,7057,421,9581
2020,LA,6,22091,St. Helena,2022,1822,151,3995
2020,LA,6,22095,St. John The Baptist,2133,3296,221,5650
2020,LA,6,22109,Terrebonne,3265,13171,653,17089
2020,LA,6,22121,West Baton Rouge,1657,5227,165,7049
2020,MI,1,26013,Baraga,1332,2595,56,3983
2020,MI,1,26029,Charlevoix,5989,10498,285,16772
2020,MI,1,26033,Chippewa,5765,11364,274,17403
2020,MI,1,26043,Dickinson,4322,9893,196,14411
2020,MI,1,26047,Emmet,8496,13069,326,21891
2020,MI,1,26053,Gogebic,0,0,8117,8117
2020,MI,1,26055,Grand Traverse,25578,32768,1095,59441
2020,MI,1,26061,Houghton,6997,10960,323,18280
2020,MI,1,26071,Iron,2306,4318,73,6697
2020,MI,1,26095,Luce,739,2181,43,2963
2020,MI,1,26097,Mackinac,2294,4551,99,6944
2020,MI,1,26101,Manistee,5348,8896,204,14448
2020,MI,1,26103,Marquette,19281,17217,596,37094
2020,MI,1,26137,Otsego,4022,10264,258,14544
2020,MI,2,26005,Allegan,653,498,31,1182
2020,MI,2,26081,Kent,40212,43403,2482,86097
2020,MI,2,26085,Lake,2003,3923,226,6152
2020,MI,2,26123,Newaygo,6753,19083,901,26737
2020,MI,3,26015,Barry,12058,23083,0,35141
2020,MI,3,26067,Ionia,11086,20258,0,31344
2020,MI,3,26081,Kent,136587,133337,0,269924
2020,MI,4,26037,Clinton,18749,26291,1292,46332
2020,MI,4,26051,Gladwin,3771,10177,278,14226
2020,MI,4,26073,Isabella,12074,15714,936,28724
2020,MI,4,26133,Osceola,2757,9059,324,12140
2020,MI,4,26145,Saginaw,15360,32823,1162,49345
2020,MI,4,26155,Shiawassee,13142,23721,1248,38111
2020,MI,5,26011,Arenac,3014,5204,385,8603
2020,MI,5,26049,Genesee,125219,84215,8108,217542
2020,MI,5,26069,Iosco,5663,8700,606,14969
2020,MI,5,26145,Saginaw,32260,17259,2059,51578
2020,MI,6,26005,Allegan,19296,42949,2602,64847
2020,MI,6,26021,Berrien,32279,45366,3744,81389
2020,MI,6,26027,Cass,7811,16744,1290,25845
2020,MI,6,26077,Kalamazoo,71484,65059,4926,141469
2020,MI,6,26149,St. Joseph,7486,18141,2369,27996
2020,MI,7,26023,Branch,5929,14223,41,20193
2020,MI,7,26059,Hillsdale,5560,17280,0,22840
2020,MI,7,26091,Lenawee,20435,32072,94,52601
2020,MI,7,26161,Washtenaw,34707,30922,45,65674
2020,MI,8,26065,Ingham,96392,44024,2734,143150
2020,MI,8,26093,Livingston,50070,72590,2336,124996
2020,MI,9,26099,Macomb,144980,108719,11441,265140
2020,MI,10,26063,Huron,4890,12423,34,17347
2020,MI,10,26087,Lapeer,15443,35306,0,50749
2020,MI,10,26099,Macomb,76257,135820,0,212077
2020,MI,11,26163,Wayne,88797,73512,3443,165752
2020,MI,12,26161,Washtenaw,118481,25962,3010,147453
2020,MI,12,26163,Wayne,136476,91757,8618,236851
2020,MI,13,26163,Wayne,223205,53311,10012,286528
2020,MI,14,26163,Wayne,140966,21316,4652,166934
2020,MS,1,28003,Alcorn,2441,12780,0,15221
2020,MS,1,28009,Benton,1454,2567,0,4021
2020,MS,1,28013,Calhoun,1628,4764,0,6392
2020,MS,1,28017,Chickasaw,3253,4548,0,7801
2020,MS,1,28019,Choctaw,1109,3023,0,4132
2020,MS,1,28025,Clay,5055,4714,0,9769
2020,MS,1,28033,Desoto,27255,47838,0,75093
2020,MS,1,28057,Itawamba,1048,9514,0,10562
2020,MS,1,28071,Lafayette,9141,13941,0,23082
2020,MS,1,28081,Lee,10620,25028,0,35648
2020,MS,1,28087,Lowndes,11562,14576,0,26138
2020,MS,1,28093,Marshall,6971,7621,0,14592
2020,MS,1,28095,Monroe,4970,11646,0,16616
2020,MS,1,28105,Oktibbeha,598,1015,0,1613
2020,MS,1,28115,Pontotoc,2206,11787,0,13993
2020,MS,1,28117,Prentiss,1740,8613,0,10353
2020,MS,1,28137,Tate,3767,8699,0,12466
2020,MS,1,28139,Tippah,1673,8050,0,9723
2020,MS,1,28141,Tishomingo,969,7887,0,8856
2020,MS,1,28145,Union,1809,10505,0,12314
2020,MS,1,28155,Webster,882,4349,0,5231
2020,MS,1,28159,Winston,3857,5322,0,9179
2020,MS,2,28007,Attala,3764,4931,0,8695
2020,MS,2,28011,Bolivar,9132,4367,0,13499
2020,MS,2,28015,Carroll,1923,3681,0,5604
2020,MS,2,28021,Claiborne,3854,572,0,4426
2020,MS,2,28027,Coahoma,6127,2167,0,8294
2020,MS,2,28029,Copiah,6710,5947,0,12657
2020,MS,2,28043,Grenada,5099,5597,0,10696
2020,MS,2,28049,Hinds,66151,19418,0,85569
2020,MS,2,28051,Holmes,6671,1249,0,7920
2020,MS,2,28053,Humphreys,3095,990,0,4085
2020,MS,2,28055,Issaquena,368,295,0,663
2020,MS,2,28063,Jefferson,3368,494,0,3862
2020,MS,2,28079,Leake,4031,4973,0,9004
2020,MS,2,28083,Leflore,7749,2961,0,10710
2020,MS,2,28089,Madison,9477,2583,0,12060
2020,MS,2,28097,Montgomery,2283,2724,0,5007
2020,MS,2,28107,Panola,7800,7727,0,15527
2020,MS,2,28119,Quitman,2215,921,0,3136
2020,MS,2,28125,Sharkey,1513,606,0,2119
2020,MS,2,28133,Sunflower,6961,2550,0,9511
2020,MS,2,28135,Tallahatchie,3378,2179,0,5557
2020,MS,2,28143,Tunica,2615,834,0,3449
2020,MS,2,28149,Warren,10396,10280,0,20676
2020,MS,2,28151,Washington,12965,4919,0,17884
2020,MS,2,28161,Yalobusha,2975,3496,0,6471
2020,MS,2,28163,Yazoo,5604,4549,0,10153
2020,MS,3,28001,Adams,6990,5802,0,12792
2020,MS,3,28005,Amite,2521,4417,0,6938
2020,MS,3,28023,Clarke,2044,5033,0,7077
2020,MS,3,28031,Covington,3130,5836,0,8966
2020,MS,3,28037,Franklin,1391,2876,0,4267
2020,MS,3,28049,Hinds,6740,7566,0,14306
2020,MS,3,28061,Jasper,3984,4344,0,8328
2020,MS,3,28069,Kemper,2597,1928,0,4525
2020,MS,3,28075,Lauderdale,12103,18711,0,30814
2020,MS,3,28077,Lawrence,2033,4299,0,6332
2020,MS,3,28085,Lincoln,4536,11751,0,16287
2020,MS,3,28089,Madison,12824,31172,0,43996
2020,MS,3,28099,Neshoba,2995,8592,0,11587
2020,MS,3,28101,Newton,2918,7201,0,10119
2020,MS,3,28103,Noxubee,3572,1282,0,4854
2020,MS,3,28105,Oktibbeha,8293,8932,0,17225
2020,MS,3,28113,Pike,7964,8674,0,16638
2020,MS,3,28121,Rankin,16326,54043,0,70369
2020,MS,3,28123,Scott,4063,6341,0,10404
2020,MS,3,28127,Simpson,3633,7798,0,11431
2020,MS,3,28129,Smith,1652,6417,0,8069
2020,MS,3,28147,Walthall,2600,4136,0,6736
2020,MS,3,28157,Wilkinson,2516,1347,0,3863
2020,MS,4,28023,Clarke,0,831,0,831
2020,MS,4,28035,Forrest,0,23635,0,23635
2020,MS,4,28039,George,0,9944,0,9944
2020,MS,4,28041,Greene,0,5036,0,5036
2020,MS,4,28045,Hancock,0,17196,0,17196
2020,MS,4,28047,Harrison,0,57126,0,57126
2020,MS,4,28059,Jackson,0,42158,0,42158
2020,MS,4,28067,Jones,0,25291,0,25291
2020,MS,4,28073,Lamar,0,24080,0,24080
2020,MS,4,28091,Marion,0,9834,0,9834
2020,MS,4,28109,Pearl River,0,20863,0,20863
2020,MS,4,28111,Perry,0,4954,0,4954
2020,MS,4,28131,Stone,0,6684,0,6684
2020,MS,4,28153,Wayne,0,8339,0,8339
2020,MT,1,30001,Beaverhead,1817,3811,0,5628
2020,MT,1,30003,Big Horn,2681,2103,0,4784
2020,MT,1,30005,Blaine,1707,1391,0,3098
2020,MT,1,30007,Broadwater,935,3150,0,4085
2020,MT,1,30009,Carbon,2590,4465,0,7055
2020,MT,1,30011,Carter,96,758,0,854
2020,MT,1,30013,Cascade,17043,22724,0,39767
2020,MT,1,30015,Chouteau,1140,1820,0,2960
2020,MT,1,30017,Custer,1773,4072,0,5845
2020,MT,1,30019,Daniels,229,786,0,1015
2020,MT,1,30021,Dawson,1161,3639,0,4800
2020,MT,1,30023,Deer Lodge,2831,2036,0,4867
2020,MT,1,30025,Fallon,251,1312,0,1563
2020,MT,1,30027,Fergus,1753,4715,0,6468
2020,MT,1,30029,Flathead,21271,38426,0,59697
2020,MT,1,30031,Gallatin,38501,32217,0,70718
2020,MT,1,30033,Garfield,63,738,0,801
2020,MT,1,30035,Glacier,3885,1783,0,5668
2020,MT,1,30037,Golden Valley,47,412,0,459
2020,MT,1,30039,Granite,700,1388,0,2088
2020,MT,1,30041,Hill,3361,3807,0,7168
2020,MT,1,30043,Jefferson,2835,5288,0,8123
2020,MT,1,30045,Judith Basin,346,998,0,1344
2020,MT,1,30047,Lake,7250,9239,0,16489
2020,MT,1,30051,Liberty,304,776,0,1080
2020,MT,1,30053,Lincoln,3112,8587,0,11699
2020,MT,1,30055,Mccone,187,932,0,1119
2020,MT,1,30057,Madison,1943,4113,0,6056
2020,MT,1,30059,Meagher,273,834,0,1107
2020,MT,1,30061,Mineral,679,1647,0,2326
2020,MT,1,30063,Missoula,44749,26662,0,71411
2020,MT,1,30065,Musselshell,519,2341,0,2860
2020,MT,1,30067,Park,5582,5933,0,11515
2020,MT,1,30069,Petroleum,51,298,0,349
2020,MT,1,30071,Phillips,489,1860,0,2349
2020,MT,1,30073,Pondera,1019,1963,0,2982
2020,MT,1,30075,Powder River,185,953,0,1138
2020,MT,1,30077,Powell,899,2278,0,3177
2020,MT,1,30079,Prairie,148,568,0,716
2020,MT,1,30081,Ravalli,9350,19114,0,28464
2020,MT,1,30083,Richland,1054,4694,0,5748
2020,MT,1,30085,Roosevelt,2060,1927,0,3987
2020,MT,1,30087,Rosebud,1325,2426,0,3751
2020,MT,1,30089,Sanders,2009,5574,0,7583
2020,MT,1,30091,Sheridan,681,1328,0,2009
2020,MT,1,30093,Silver Bow,11511,7175,0,18686
2020,MT,1,30095,Stillwater,1343,4366,0,5709
2020,MT,1,30097,Sweet Grass,606,1843,0,2449
2020,MT,1,30099,Teton,1127,2557,0,3684
2020,MT,1,30101,Toole,551,1546,0,2097
2020,MT,1,30103,Treasure,104,356,0,460
2020,MT,1,30105,Valley,1232,2966,0,4198
2020,MT,1,30107,Wheatland,271,792,0,1063
2020,MT,1,30109,Wibaux,98,492,0,590
2020,MT,1,30111,Yellowstone,33563,50145,0,83708
2020,ND,1,38001,Adams,213,1010,32,1255
2020,ND,1,38003,Barnes,1562,3737,169,5468
2020,ND,1,38005,Benson,738,1138,55,1931
2020,ND,1,38007,Billings,64,554,14,632
2020,ND,1,38009,Bottineau,692,2646,81,3419
2020,ND,1,38011,Bowman,195,1413,36,1644
2020,ND,1,38013,Burke,140,977,17,1134
2020,ND,1,38015,Burleigh,12111,36122,1593,49826
2020,ND,1,38017,Cass,34055,46877,3526,84458
2020,ND,1,38019,Cavalier,400,1548,43,1991
2020,ND,1,38021,Dickey,532,1796,76,2404
2020,ND,1,38023,Divide,242,913,36,1191
2020,ND,1,38025,Dunn,319,1948,60,2327
2020,ND,1,38027,Eddy,336,874,35,1245
2020,ND,1,38029,Emmons,207,1736,34,1977
2020,ND,1,38031,Foster,318,1391,37,1746
2020,ND,1,38033,Golden Valley,114,871,21,1006
2020,ND,1,38035,Grand Forks,10746,18427,1015,30188
2020,ND,1,38037,Grant,189,1163,26,1378
2020,ND,1,38039,Griggs,260,941,26,1227
2020,ND,1,38041,Hettinger,149,1126,26,1301
2020,ND,1,38043,Kidder,212,1217,27,1456
2020,ND,1,38045,Lamoure,437,1695,60,2192
2020,ND,1,38047,Logan,113,914,28,1055
2020,ND,1,38049,Mchenry,554,2358,68,2980
2020,ND,1,38051,Mcintosh,220,1191,33,1444
2020,ND,1,38053,Mckenzie,719,4395,198,5312
2020,ND,1,38055,Mclean,1119,4220,134,5473
2020,ND,1,38057,Mercer,668,3871,95,4634
2020,ND,1,38059,Morton,3375,12382,572,16329
2020,ND,1,38061,Mountrail,1154,2819,122,4095
2020,ND,1,38063,Nelson,495,1195,52,1742
2020,ND,1,38065,Oliver,121,906,28,1055
2020,ND,1,38067,Pembina,685,2518,80,3283
2020,ND,1,38069,Pierce,411,1633,46,2090
2020,ND,1,38071,Ramsey,1362,3786,171,5319
2020,ND,1,38073,Ransom,818,1492,102,2412
2020,ND,1,38075,Renville,194,1073,43,1310
2020,ND,1,38077,Richland,2124,5276,272,7672
2020,ND,1,38079,Rolette,2292,1344,100,3736
2020,ND,1,38081,Sargent,674,1295,58,2027
2020,ND,1,38083,Sheridan,103,684,17,804
2020,ND,1,38085,Sioux,728,294,78,1100
2020,ND,1,38087,Slope,37,377,7,421
2020,ND,1,38089,Stark,1981,12408,450,14839
2020,ND,1,38091,Steele,344,704,25,1073
2020,ND,1,38093,Stutsman,2252,7005,336,9593
2020,ND,1,38095,Towner,271,866,18,1155
2020,ND,1,38097,Traill,1275,2709,111,4095
2020,ND,1,38099,Walsh,1082,3485,116,4683
2020,ND,1,38101,Ward,6320,20465,1072,27857
2020,ND,1,38103,Wells,386,1910,55,2351
2020,ND,1,38105,Williams,1862,11534,492,13888
2020,OH,1,39061,Hamilton,130362,112489,8564,251415
2020,OH,1,39165,Warren,41660,87071,5139,133870
2020,OH,2,39001,Adams,2121,9752,0,11873
2020,OH,2,39015,Brown,3980,16698,1,20679
2020,OH,2,39025,Clermont,29366,78985,8,108359
2020,OH,2,39061,Hamilton,93554,79319,25,172898
2020,OH,2,39071,Highland,3353,15834,2,19189
2020,OH,2,39131,Pike,3232,8534,0,11766
2020,OH,2,39141,Ross,6129,11539,0,17668
2020,OH,2,39145,Scioto,5046,9769,1,14816
2020,OH,3,39049,Franklin,227420,93569,103,321092
2020,OH,4,39003,Allen,13080,33201,1164,47445
2020,OH,4,39011,Auglaize,4192,20835,458,25485
2020,OH,4,39021,Champaign,4569,14766,480,19815
2020,OH,4,39033,Crawford,4557,15260,623,20440
2020,OH,4,39043,Erie,2091,4374,202,6667
2020,OH,4,39077,Huron,4508,9025,487,14020
2020,OH,4,39091,Logan,4559,18121,518,23198
2020,OH,4,39093,Lorain,26237,25245,1747,53229
2020,OH,4,39101,Marion,6822,15118,712,22652
2020,OH,4,39107,Mercer,355,1588,42,1985
2020,OH,4,39143,Sandusky,9598,18766,1063,29427
2020,OH,4,39147,Seneca,7548,17115,838,25501
2020,OH,4,39149,Shelby,3926,20483,509,24918
2020,OH,4,39159,Union,9855,21978,1011,32844
2020,OH,5,39039,Defiance,5152,14024,0,19176
2020,OH,5,39051,Fulton,5409,16945,0,22354
2020,OH,5,39063,Hancock,9972,27919,0,37891
2020,OH,5,39065,Hardin,2773,10063,0,12836
2020,OH,5,39069,Henry,3236,11423,0,14659
2020,OH,5,39095,Lucas,49604,60942,0,110546
2020,OH,5,39107,Mercer,2126,8821,0,10947
2020,OH,5,39123,Ottawa,3363,7546,0,10909
2020,OH,5,39125,Paulding,2035,7154,0,9189
2020,OH,5,39137,Putnam,2461,16935,0,19396
2020,OH,5,39161,Van Wert,2626,11928,0,14554
2020,OH,5,39171,Williams,3999,14163,0,18162
2020,OH,5,39173,Wood,25859,40267,0,66126
2020,OH,5,39175,Wyandot,2347,8889,0,11236
2020,OH,6,39009,Athens,461,1518,0,1979
2020,OH,6,39013,Belmont,8552,23191,0,31743
2020,OH,6,39019,Carroll,3107,10506,0,13613
2020,OH,6,39029,Columbiana,12546,36472,0,49018
2020,OH,6,39053,Gallia,2803,10504,0,13307
2020,OH,6,39059,Guernsey,4195,13444,0,17639
2020,OH,6,39067,Harrison,1704,5568,0,7272
2020,OH,6,39079,Jackson,3120,10839,0,13959
2020,OH,6,39081,Jefferson,9432,23264,0,32696
2020,OH,6,39087,Lawrence,7399,20310,0,27709
2020,OH,6,39099,Mahoning,8873,21061,0,29934
2020,OH,6,39105,Meigs,2415,8274,0,10689
2020,OH,6,39111,Monroe,1688,5317,0,7005
2020,OH,6,39119,Muskingum,3123,10634,0,13757
2020,OH,6,39121,Noble,1136,5002,0,6138
2020,OH,6,39145,Scioto,3707,12457,0,16164
2020,OH,6,39157,Tuscarawas,2906,7784,0,10690
2020,OH,6,39167,Washington,8494,22985,0,31479
2020,OH,7,39005,Ashland,5195,19699,985,25879
2020,OH,7,39031,Coshocton,3371,12268,586,16225
2020,OH,7,39075,Holmes,1428,10776,354,12558
2020,OH,7,39077,Huron,2494,9158,392,12044
2020,OH,7,39083,Knox,7264,21803,1336,30403
2020,OH,7,39093,Lorain,18258,31245,1540,51043
2020,OH,7,39103,Medina,10847,23956,1127,35930
2020,OH,7,39139,Richland,5411,19129,821,25361
2020,OH,7,39151,Stark,39882,65431,3606,108919
2020,OH,7,39157,Tuscarawas,8121,23142,924,32187
2020,OH,8,39017,Butler,64380,115747,64,180191
2020,OH,8,39023,Clark,22759,39767,33,62559
2020,OH,8,39037,Darke,4387,22249,4,26640
2020,OH,8,39107,Mercer,1128,9303,1,10432
2020,OH,8,39109,Miami,13918,42298,11,56227
2020,OH,8,39135,Preble,4194,16913,1,21108
2020,OH,9,39035,Cuyahoga,76793,43885,30,120708
2020,OH,9,39043,Erie,17253,15581,0,32834
2020,OH,9,39093,Lorain,27263,21185,4,48452
2020,OH,9,39095,Lucas,63350,23565,3,86918
2020,OH,9,39123,Ottawa,5669,7169,2,12840
2020,OH,10,39047,Fayette,2292,7610,0,9902
2020,OH,10,39057,Greene,29909,58298,0,88207
2020,OH,10,39113,Montgomery,119775,147064,0,266839
2020,OH,11,39035,Cuyahoga,212304,48297,0,260601
2020,OH,11,39153,Summit,29794,12026,0,41820
2020,OH,12,39041,Delaware,50212,70080,3424,123716
2020,OH,12,39049,Franklin,80740,54750,3905,139395
2020,OH,12,39089,Licking,29381,60087,3152,92620
2020,OH,12,39101,Marion,1080,3555,140,4775
2020,OH,12,39117,Morrow,3757,13768,560,18085
2020,OH,12,39119,Muskingum,7094,18486,683,26263
2020,OH,12,39139,Richland,10583,21064,1171,32818
2020,OH,13,39099,Mahoning,48663,36475,2017,87155
2020,OH,13,39133,Portage,20424,19324,1189,40937
2020,OH,13,39151,Stark,4222,6120,280,10622
2020,OH,13,39153,Summit,56748,42032,2903,101683
2020,OH,13,39155,Trumbull,43574,44697,2133,90404
2020,OH,14,39007,Ashtabula,15088,27955,0,43043
2020,OH,14,39035,Cuyahoga,31316,32288,0,63604
2020,OH,14,39055,Geauga,17450,37098,0,54548
2020,OH,14,39085,Lake,47173,78171,0,125344
2020,OH,14,39133,Portage,7254,13521,0,20775
2020,OH,14,39153,Summit,37842,42679,0,80521
2020,OH,14,39155,Trumbull,2463,7152,0,9615
2020,OH,15,39009,Athens,13512,9809,5,23326
2020,OH,15,39027,Clinton,4153,15876,5,20034
2020,OH,15,39045,Fairfield,25825,54998,7,80830
2020,OH,15,39047,Fayette,309,1949,0,2258
2020,OH,15,39049,Franklin,72694,80384,28,153106
2020,OH,15,39073,Hocking,3477,10082,4,13563
2020,OH,15,39097,Madison,4537,14811,12,19360
2020,OH,15,39115,Morgan,1381,5146,1,6528
2020,OH,15,39127,Perry,3479,12683,5,16167
2020,OH,15,39129,Pickaway,6035,21701,4,27740
2020,OH,15,39141,Ross,3551,11220,1,14772
2020,OH,15,39163,Vinton,1230,4444,3,5677
2020,OH,16,39035,Cuyahoga,61715,83354,0,145069
2020,OH,16,39103,Medina,23036,43311,0,66347
2020,OH,16,39133,Portage,6054,12010,0,18064
2020,OH,16,39151,Stark,21345,41979,0,63324
2020,OH,16,39153,Summit,17540,28646,0,46186
2020,OH,16,39169,Wayne,14381,38035,0,52416
2020,OK,1,40037,Creek,432,2651,95,3178
2020,OK,1,40131,Rogers,1702,6713,305,8720
2020,OK,1,40143,Tulsa,95728,159665,9694,265087
2020,OK,1,40145,Wagoner,6979,26988,1172,35139
2020,OK,1,40147,Washington,4800,17683,864,23347
2020,OK,2,40001,Adair,1366,5488,231,7085
2020,OK,2,40005,Atoka,777,4458,94,5329
2020,OK,2,40013,Bryan,3256,12133,480,15869
2020,OK,2,40021,Cherokee,5970,10887,783,17640
2020,OK,2,40023,Choctaw,1142,4544,111,5797
2020,OK,2,40029,Coal,414,1975,74,2463
2020,OK,2,40035,Craig,1200,4628,169,5997
2020,OK,2,40041,Delaware,3286,13409,448,17143
2020,OK,2,40061,Haskell,827,4069,72,4968
2020,OK,2,40063,Hughes,958,3694,134,4786
2020,OK,2,40069,Johnston,722,3364,114,4200
2020,OK,2,40077,Latimer,801,3290,107,4198
2020,OK,2,40079,Leflore,3368,14773,459,18600
2020,OK,2,40089,Mccurtain,1890,9281,172,11343
2020,OK,2,40091,Mcintosh,2055,6033,183,8271
2020,OK,2,40095,Marshall,1043,4854,134,6031
2020,OK,2,40097,Mayes,3431,12541,561,16533
2020,OK,2,40101,Muskogee,7777,16382,806,24965
2020,OK,2,40105,Nowata,722,3528,121,4371
2020,OK,2,40107,Okfuskee,942,2958,107,4007
2020,OK,2,40111,Okmulgee,4198,9596,445,14239
2020,OK,2,40115,Ottawa,2746,8135,431,11312
2020,OK,2,40121,Pittsburg,3739,13587,499,17825
2020,OK,2,40127,Pushmataha,720,3885,88,4693
2020,OK,2,40131,Rogers,7014,27219,1383,35616
2020,OK,2,40135,Sequoyah,3108,11800,338,15246
2020,OK,3,40003,Alfalfa,218,2034,0,2252
2020,OK,3,40007,Beaver,175,1988,0,2163
2020,OK,3,40009,Beckham,1031,6884,0,7915
2020,OK,3,40011,Blaine,625,3253,0,3878
2020,OK,3,40015,Caddo,2460,7346,0,9806
2020,OK,3,40017,Canadian,13286,38550,0,51836
2020,OK,3,40025,Cimarron,75,967,0,1042
2020,OK,3,40037,Creek,5735,21329,0,27064
2020,OK,3,40039,Custer,2085,8554,0,10639
2020,OK,3,40043,Dewey,185,2169,0,2354
2020,OK,3,40045,Ellis,146,1717,0,1863
2020,OK,3,40047,Garfield,4463,17804,0,22267
2020,OK,3,40053,Grant,248,1957,0,2205
2020,OK,3,40055,Greer,299,1655,0,1954
2020,OK,3,40057,Harmon,159,770,0,929
2020,OK,3,40059,Harper,110,1366,0,1476
2020,OK,3,40065,Jackson,1513,6653,0,8166
2020,OK,3,40071,Kay,3788,13335,0,17123
2020,OK,3,40073,Kingfisher,702,5728,0,6430
2020,OK,3,40075,Kiowa,581,2828,0,3409
2020,OK,3,40081,Lincoln,2533,12215,0,14748
2020,OK,3,40083,Logan,5001,16349,0,21350
2020,OK,3,40093,Major,291,3160,0,3451
2020,OK,3,40103,Noble,864,4047,0,4911
2020,OK,3,40113,Osage,5889,14461,0,20350
2020,OK,3,40117,Pawnee,1339,5370,0,6709
2020,OK,3,40119,Payne,9619,19784,0,29403
2020,OK,3,40129,Roger Mills,170,1664,0,1834
2020,OK,3,40139,Texas,905,4587,0,5492
2020,OK,3,40149,Washita,526,4229,0,4755
2020,OK,3,40151,Woods,554,3103,0,3657
2020,OK,3,40153,Woodward,926,6821,0,7747
2020,OK,4,40017,Canadian,1958,7187,382,9527
2020,OK,4,40019,Carter,4163,14716,523,19402
2020,OK,4,40027,Cleveland,44249,70423,4483,119155
2020,OK,4,40031,Comanche,12392,21756,1304,35452
2020,OK,4,40033,Cotton,366,2129,67,2562
2020,OK,4,40049,Garvin,1701,8881,287,10869
2020,OK,4,40051,Grady,3701,18603,706,23010
2020,OK,4,40067,Jefferson,306,1983,62,2351
2020,OK,4,40085,Love,671,3300,89,4060
2020,OK,4,40087,Mcclain,3209,15351,614,19174
2020,OK,4,40099,Murray,986,4711,174,5871
2020,OK,4,40109,Oklahoma,9753,15185,1096,26034
2020,OK,4,40123,Pontotoc,3595,11180,453,15228
2020,OK,4,40137,Stephens,2868,15595,509,18972
2020,OK,4,40141,Tillman,541,2096,54,2691
2020,OK,5,40109,Oklahoma,134978,132617,0,267595
2020,OK,5,40125,Pottawatomie,8221,19766,0,27987
2020,OK,5,40133,Seminole,2459,5808,0,8267
2020,PA,7,42095,Northampton,83113,83661,0,166774
2020,PA,9,42025,Carbon,10768,22227,0,32995
2020,PA,9,42037,Columbia,9861,20893,0,30754
2020,PA,9,42075,Lebanon,22606,47810,0,70416
2020,PA,10,42041,Cumberland,52471,64882,0,117353
2020,PA,12,42027,Centre,23957,17532,0,41489
2020,PA,12,42035,Clinton,5296,12045,0,17341
2020,PA,12,42081,Lycoming,15624,42892,0,58516
2020,PA,12,42087,Mifflin,4313,16826,0,21139
2020,PA,13,42041,Cumberland,6455,16426,0,22881
2020,PA,13,42055,Franklin,21253,58229,0,79482
2020,PA,13,42057,Fulton,1055,6783,0,7838
2020,PA,15,42027,Centre,13032,22054,0,35086
2020,PA,15,42047,Elk,4155,12595,0,16750
2020,PA,15,42121,Venango,6974,19255,0,26229
2020,SD,1,46003,Aurora,144,1224,0,1368
2020,SD,1,46005,Beadle,936,5857,0,6793
2020,SD,1,46007,Bennett,288,807,0,1095
2020,SD,1,46009,Bon Homme,389,2519,0,2908
2020,SD,1,46011,Brookings,2791,10741,0,13532
2020,SD,1,46013,Brown,2841,13706,0,16547
2020,SD,1,46015,Brule,338,2073,0,2411
2020,SD,1,46017,Buffalo,196,306,0,502
2020,SD,1,46019,Butte,672,3977,0,4649
2020,SD,1,46021,Campbell,64,790,0,854
2020,SD,1,46023,Charles Mix,703,2921,0,3624
2020,SD,1,46025,Clark,222,1571,0,1793
2020,SD,1,46027,Clay,1378,3750,0,5128
2020,SD,1,46029,Codington,1881,10685,0,12566
2020,SD,1,46031,Corson,365,755,0,1120
2020,SD,1,46033,Custer,902,4336,0,5238
2020,SD,1,46035,Davison,1069,7101,0,8170
2020,SD,1,46037,Day,485,2336,0,2821
2020,SD,1,46039,Deuel,294,2005,0,2299
2020,SD,1,46041,Dewey,693,1065,0,1758
2020,SD,1,46043,Douglas,106,1568,0,1674
2020,SD,1,46045,Edmunds,184,1741,0,1925
2020,SD,1,46047,Fall River,735,3142,0,3877
2020,SD,1,46049,Faulk,90,1065,0,1155
2020,SD,1,46051,Grant,462,3164,0,3626
2020,SD,1,46053,Gregory,179,2009,0,2188
2020,SD,1,46055,Haakon,59,1061,0,1120
2020,SD,1,46057,Hamlin,359,2644,0,3003
2020,SD,1,46059,Hand,159,1647,0,1806
2020,SD,1,46061,Hanson,275,1938,0,2213
2020,SD,1,46063,Harding,48,747,0,795
2020,SD,1,46065,Hughes,1276,7148,0,8424
2020,SD,1,46067,Hutchinson,351,3301,0,3652
2020,SD,1,46069,Hyde,68,628,0,696
2020,SD,1,46071,Jackson,253,809,0,1062
2020,SD,1,46073,Jerauld,115,847,0,962
2020,SD,1,46075,Jones,65,528,0,593
2020,SD,1,46077,Kingsbury,361,2314,0,2675
2020,SD,1,46079,Lake,834,4717,0,5551
2020,SD,1,46081,Lawrence,2521,10481,0,13002
2020,SD,1,46083,Lincoln,5290,25298,0,30588
2020,SD,1,46085,Lyman,312,1228,0,1540
2020,SD,1,46087,Mccook,369,2479,0,2848
2020,SD,1,46089,Mcpherson,114,1181,0,1295
2020,SD,1,46091,Marshall,364,1670,0,2034
2020,SD,1,46093,Meade,2178,10983,0,13161
2020,SD,1,46095,Mellette,198,548,0,746
2020,SD,1,46097,Miner,133,964,0,1097
2020,SD,1,46099,Minnehaha,19600,65473,0,85073
2020,SD,1,46101,Moody,631,2425,0,3056
2020,SD,1,46102,Oglala Lakota,1865,855,0,2720
2020,SD,1,46103,Pennington,11679,41982,0,53661
2020,SD,1,46105,Perkins,176,1427,0,1603
2020,SD,1,46107,Potter,102,1255,0,1357
2020,SD,1,46109,Roberts,934,3100,0,4034
2020,SD,1,46111,Sanborn,129,1016,0,1145
2020,SD,1,46115,Spink,400,2645,0,3045
2020,SD,1,46117,Stanley,180,1399,0,1579
2020,SD,1,46119,Sully,92,807,0,899
2020,SD,1,46121,Todd,1247,961,0,2208
2020,SD,1,46123,Tripp,267,2360,0,2627
2020,SD,1,46125,Turner,541,3885,0,4426
2020,SD,1,46127,Union,1345,6862,0,8207
2020,SD,1,46129,Walworth,267,2222,0,2489
2020,SD,1,46135,Yankton,1887,8404,0,10291
2020,SD,1,46137,Ziebach,297,531,0,828
2020,TN,1,47019,Carter,4483,18130,722,23335
2020,TN,1,47029,Cocke,2205,10822,461,13488
2020,TN,1,47059,Greene,5214,21364,687,27265
2020,TN,1,47063,Hamblen,5110,17424,568,23102
2020,TN,1,47067,Hancock,330,2043,48,2421
2020,TN,1,47073,Hawkins,4088,18602,707,23397
2020,TN,1,47089,Jefferson,683,3672,121,4476
2020,TN,1,47091,Johnson,1214,5869,207,7290
2020,TN,1,47155,Sevier,8040,32869,1155,42064
2020,TN,1,47163,Sullivan,17381,53266,2022,72669
2020,TN,1,47171,Unicoi,1527,6196,246,7969
2020,TN,1,47179,Washington,18342,37924,1681,57947
2020,TN,2,47009,Blount,15681,48659,986,65326
2020,TN,2,47013,Campbell,321,1389,31,1741
2020,TN,2,47025,Claiborne,1928,10301,178,12407
2020,TN,2,47057,Grainger,1247,8362,112,9721
2020,TN,2,47089,Jefferson,3363,14585,228,18176
2020,TN,2,47093,Knox,81254,133176,2645,217075
2020,TN,2,47105,Loudon,5890,22435,426,28751
2020,TN,3,47001,Anderson,10461,23069,750,34280
2020,TN,3,47011,Bradley,1715,10042,241,11998
2020,TN,3,47013,Campbell,1782,10041,266,12089
2020,TN,3,47065,Hamilton,67101,93475,3506,164082
2020,TN,3,47107,Mcminn,3739,17726,575,22040
2020,TN,3,47123,Monroe,3375,16138,462,19975
2020,TN,3,47129,Morgan,1054,6567,166,7787
2020,TN,3,47139,Polk,1391,6482,148,8021
2020,TN,3,47145,Roane,5202,18902,627,24731
2020,TN,3,47151,Scott,807,6979,148,7934
2020,TN,3,47173,Union,1060,6150,152,7362
2020,TN,4,47003,Bedford,4507,13258,0,17765
2020,TN,4,47007,Bledsoe,1126,4319,0,5445
2020,TN,4,47011,Bradley,8256,23081,0,31337
2020,TN,4,47051,Franklin,4995,13127,0,18122
2020,TN,4,47061,Grundy,943,4375,0,5318
2020,TN,4,47103,Lincoln,2982,12084,0,15066
2020,TN,4,47115,Marion,3394,9437,0,12831
2020,TN,4,47117,Marshall,3803,9872,0,13675
2020,TN,4,47119,Maury,11205,23292,0,34497
2020,TN,4,47121,Meigs,1125,3889,0,5014
2020,TN,4,47127,Moore,639,2789,0,3428
2020,TN,4,47143,Rhea,2620,10089,0,12709
2020,TN,4,47149,Rutherford,60094,76543,0,136637
2020,TN,4,47153,Sequatchie,1389,5389,0,6778
2020,TN,4,47175,Van Buren,538,1858,0,2396
2020,TN,4,47177,Warren,4292,10400,0,14692
2020,TN,5,47021,Cheatham,7306,0,0,7306
2020,TN,5,47037,Davidson,232098,0,14,232112
2020,TN,5,47043,Dickson,12751,0,0,12751
2020,TN,6,47015,Cannon,1111,4702,138,5951
2020,TN,6,47021,Cheatham,1107,3998,118,5223
2020,TN,6,47027,Clay,585,2415,60,3060
2020,TN,6,47031,Coffee,5246,17317,528,23091
2020,TN,6,47035,Cumberland,5862,23060,541,29463
2020,TN,6,47041,Dekalb,1586,5806,160,7552
2020,TN,6,47049,Fentress,998,6653,135,7786
2020,TN,6,47087,Jackson,986,3691,89,4766
2020,TN,6,47111,Macon,1084,7252,152,8488
2020,TN,6,47133,Overton,1599,6806,179,8584
2020,TN,6,47137,Pickett,469,2183,57,2709
2020,TN,6,47141,Putnam,7943,22513,870,31326
2020,TN,6,47147,Robertson,7430,22654,773,30857
2020,TN,6,47159,Smith,1450,6582,166,8198
2020,TN,6,47165,Sumner,23725,59982,2114,85821
2020,TN,6,47169,Trousdale,777,2601,72,3450
2020,TN,6,47175,Van Buren,38,233,5,276
2020,TN,6,47185,White,2087,9232,248,11567
2020,TN,6,47189,Wilson,19769,49892,1749,71410
2020,TN,7,47005,Benton,1261,5358,177,6796
2020,TN,7,47023,Chester,1241,5908,124,7273
2020,TN,7,47039,Decatur,784,3995,93,4872
2020,TN,7,47055,Giles,2652,9055,300,12007
2020,TN,7,47069,Hardeman,3386,5302,256,8944
2020,TN,7,47071,Hardin,1532,9122,183,10837
2020,TN,7,47077,Henderson,1746,9457,229,11432
2020,TN,7,47081,Hickman,1888,7193,248,9329
2020,TN,7,47083,Houston,748,2698,73,3519
2020,TN,7,47085,Humphreys,1715,5856,209,7780
2020,TN,7,47099,Lawrence,2574,13743,426,16743
2020,TN,7,47101,Lewis,974,4155,111,5240
2020,TN,7,47109,Mcnairy,1700,8794,195,10689
2020,TN,7,47119,Maury,3123,7533,299,10955
2020,TN,7,47125,Montgomery,26117,42844,3752,72713
2020,TN,7,47135,Perry,504,2460,56,3020
2020,TN,7,47161,Stewart,974,4856,119,5949
2020,TN,7,47181,Wayne,634,4939,98,5671
2020,TN,7,47187,Williamson,42286,91920,2660,136866
2020,TN,8,47005,Benton,8,31,4,43
2020,TN,8,47017,Carroll,2196,8888,267,11351
2020,TN,8,47033,Crockett,1067,4402,116,5585
2020,TN,8,47045,Dyer,2694,11135,259,14088
2020,TN,8,47047,Fayette,5766,15502,357,21625
2020,TN,8,47053,Gibson,4823,16030,397,21250
2020,TN,8,47075,Haywood,3590,3349,138,7077
2020,TN,8,47079,Henry,2892,10170,1125,14187
2020,TN,8,47095,Lake,458,1399,47,1904
2020,TN,8,47097,Lauderdale,2458,5458,201,8117
2020,TN,8,47113,Madison,16501,24197,757,41455
2020,TN,8,47131,Obion,2206,10362,276,12844
2020,TN,8,47157,Shelby,44789,86399,2044,133232
2020,TN,8,47167,Tipton,5770,19605,506,25881
2020,TN,8,47183,Weakley,2672,10289,253,13214
2020,TN,9,47157,Shelby,187905,48818,6157,242880
2020,WA,1,53033,King,115662,49396,0,165058
2020,WA,1,53057,Skagit,14316,13161,0,27477
2020,WA,1,53061,Snohomish,87858,75742,0,163600
2020,WA,1,53073,Whatcom,32108,38108,0,70216
2020,WA,2,53029,Island,29131,23350,0,52481
2020,WA,2,53055,San Juan,9600,3226,0,12826
2020,WA,2,53057,Skagit,24056,19690,0,43746
2020,WA,2,53061,Snohomish,141440,87827,0,229267
2020,WA,2,53073,Whatcom,51025,14291,0,65316
2020,WA,3,53011,Clark,128050,141035,0,269085
2020,WA,3,53015,Cowlitz,22048,37130,0,59178
2020,WA,3,53039,Klickitat,5404,7800,0,13204
2020,WA,3,53041,Lewis,13202,31344,0,44546
2020,WA,3,53049,Pacific,6275,7476,0,13751
2020,WA,3,53059,Skamania,2985,4196,0,7181
2020,WA,3,53067,Thurston,2340,4682,0,7022
2020,WA,3,53069,Wahkiakum,1043,1916,0,2959
2020,WA,4,53001,Adams,1488,4265,0,5753
2020,WA,4,53005,Benton,32469,68743,0,101212
2020,WA,4,53017,Douglas,3540,8326,0,11866
2020,WA,4,53021,Franklin,11551,20324,0,31875
2020,WA,4,53025,Grant,9582,26758,0,36340
2020,WA,4,53047,Okanogan,7707,13074,0,20781
2020,WA,4,53071,Walla Walla,549,2095,0,2644
2020,WA,4,53077,Yakima,35781,58523,0,94304
2020,WA,5,53003,Asotin,3550,8195,0,11745
2020,WA,5,53013,Columbia,565,1893,0,2458
2020,WA,5,53019,Ferry,1292,2966,0,4258
2020,WA,5,53023,Garfield,275,1190,0,1465
2020,WA,5,53043,Lincoln,1362,5540,0,6902
2020,WA,5,53051,Pend Oreille,2343,6076,0,8419
2020,WA,5,53063,Spokane,118812,172838,0,291650
2020,WA,5,53065,Stevens,6860,21112,0,27972
2020,WA,5,53071,Walla Walla,11069,16945,0,28014
2020,WA,5,53075,Whitman,9609,11060,0,20669
2020,WA,6,53009,Clallam,25424,22609,0,48033
2020,WA,6,53027,Grays Harbor,18327,18999,0,37326
2020,WA,6,53031,Jefferson,17096,7203,0,24299
2020,WA,6,53035,Kitsap,91800,62454,0,154254
2020,WA,6,53045,Mason,13410,14565,0,27975
2020,WA,6,53053,Pierce,81372,42953,0,124325
2020,WA,7,53033,King,366096,67934,0,434030
2020,WA,7,53061,Snohomish,21013,10306,0,31319
2020,WA,8,53007,Chelan,19503,23005,0,42508
2020,WA,8,53017,Douglas,3629,5278,0,8907
2020,WA,8,53033,King,137178,96496,0,233674
2020,WA,8,53037,Kittitas,11565,14204,0,25769
2020,WA,8,53053,Pierce,41248,59440,0,100688
2020,WA,9,53033,King,250948,84745,0,335693
2020,WA,9,53053,Pierce,7823,4952,0,12775
2020,WA,10,53045,Mason,3265,2775,0,6040
2020,WA,10,53053,Pierce,101265,60080,0,161345
2020,WA,10,53067,Thurston,63407,58185,0,121592
2020,WV,1,54001,Barbour,1569,4917,0,6486
2020,WV,1,54009,Brooke,3128,7132,0,10260
2020,WV,1,54017,Doddridge,483,2492,0,2975
2020,WV,1,54021,Gilmer,677,1844,0,2521
2020,WV,1,54023,Grant,662,4403,0,5065
2020,WV,1,54029,Hancock,3964,9358,0,13322
2020,WV,1,54033,Harrison,8922,20540,0,29462
2020,WV,1,54049,Marion,8737,16161,0,24898
2020,WV,1,54051,Marshall,3597,10098,0,13695
2020,WV,1,54057,Mineral,2609,9876,0,12485
2020,WV,1,54061,Monongalia,19240,21611,0,40851
2020,WV,1,54069,Ohio,6457,13157,0,19614
2020,WV,1,54073,Pleasants,799,2536,0,3335
2020,WV,1,54077,Preston,3272,10688,0,13960
2020,WV,1,54085,Ritchie,697,3395,0,4092
2020,WV,1,54091,Taylor,1815,5369,0,7184
2020,WV,1,54093,Tucker,1013,2700,0,3713
2020,WV,1,54095,Tyler,745,3036,0,3781
2020,WV,1,54103,Wetzel,1774,4633,0,6407
2020,WV,1,54107,Wood,11017,26542,0,37559
2020,WV,2,54003,Berkeley,16698,33772,0,50470
2020,WV,2,54007,Braxton,1898,3460,0,5358
2020,WV,2,54013,Calhoun,850,1917,0,2767
2020,WV,2,54015,Clay,967,2234,0,3201
2020,WV,2,54027,Hampshire,2048,7662,0,9710
2020,WV,2,54031,Hardy,1477,4684,0,6161
2020,WV,2,54035,Jackson,3958,9066,0,13024
2020,WV,2,54037,Jefferson,11470,15712,0,27182
2020,WV,2,54039,Kanawha,38015,40844,0,78859
2020,WV,2,54041,Lewis,1978,5272,0,7250
2020,WV,2,54065,Morgan,2103,6308,0,8411
2020,WV,2,54071,Pendleton,914,2574,0,3488
2020,WV,2,54079,Putnam,9364,18108,0,27472
2020,WV,2,54083,Randolph,4041,7677,0,11718
2020,WV,2,54087,Roane,1830,3737,0,5567
2020,WV,2,54097,Upshur,2595,7240,0,9835
2020,WV,2,54105,Wirt,593,1928,0,2521
2020,WV,3,54005,Boone,2462,5898,0,8360
2020,WV,3,54011,Cabell,14525,21744,0,36269
2020,WV,3,54019,Fayette,5346,10574,0,15920
2020,WV,3,54025,Greenbrier,4681,10642,0,15323
2020,WV,3,54043,Lincoln,2029,5274,0,7303
2020,WV,3,54045,Logan,2643,8601,0,11244
2020,WV,3,54047,Mcdowell,1376,4315,0,5691
2020,WV,3,54053,Mason,2910,7745,0,10655
2020,WV,3,54055,Mercer,5552,18561,0,24113
2020,WV,3,54059,Mingo,1797,7064,0,8861
2020,WV,3,54063,Monroe,1345,4807,0,6152
2020,WV,3,54067,Nicholas,2448,7506,0,9954
2020,WV,3,54075,Pocahontas,1120,2593,0,3713
2020,WV,3,54081,Raleigh,8446,22909,0,31355
2020,WV,3,54089,Summers,1522,3685,0,5207
2020,WV,3,54099,Wayne,4526,11007,0,15533
2020,WV,3,54101,Webster,725,2277,0,3002
2020,WV,3,54109,Wyoming,1474,6383,0,7857
2020,WY,1,56001,Albany,8440,8629,1129,18198
2020,WY,1,56003,Big Horn,724,4587,323,5634
2020,WY,1,56005,Campbell,1713,15732,1429,18874
2020,WY,1,56007,Carbon,1337,4644,517,6498
2020,WY,1,56009,Converse,785,5418,547,6750
2020,WY,1,56011,Crook,337,3442,258,4037
2020,WY,1,56013,Fremont,5227,11505,1046,17778
2020,WY,1,56015,Goshen,1037,4722,369,6128
2020,WY,1,56017,Hot Springs,424,1915,181,2520
2020,WY,1,56019,Johnson,792,3715,293,4800
2020,WY,1,56021,Laramie,13863,27641,2988,44492
2020,WY,1,56023,Lincoln,1429,8324,521,10274
2020,WY,1,56025,Natrona,7454,24214,2613,34281
2020,WY,1,56027,Niobrara,145,1053,89,1287
2020,WY,1,56029,Park,2874,12374,1016,16264
2020,WY,1,56031,Platte,868,3589,357,4814
2020,WY,1,56033,Sheridan,3460,11588,951,15999
2020,WY,1,56035,Sublette,837,3729,277,4843
2020,WY,1,56037,Sweetwater,3680,11097,1344,16121
2020,WY,1,56039,Teton,8628,5210,499,14337
2020,WY,1,56041,Uinta,1521,6781,791,9093
2020,WY,1,56043,Washakie,599,3063,269,3931
2020,WY,1,56045,Weston,402,2760,252,3414
2022,MI,1,26001,Alcona,1675,4124,122,5921
2022,MI,1,26003,Alger,1711,2493,92,4296
2022,MI,1,26007,Alpena,4628,8777,419,13824
2022,MI,1,26009,Antrim,4892,8589,326,13807
2022,MI,1,26011,Arenac,2133,4591,252,6976
2022,MI,1,26013,Baraga,1086,2225,128,3439
2022,MI,1,26019,Benzie,4666,5706,226,10598
2022,MI,1,26029,Charlevoix,5458,8726,370,14554
2022,MI,1,26031,Cheboygan,4159,8673,353,13185
2022,MI,1,26033,Chippewa,4968,8935,461,14364
2022,MI,1,26039,Crawford,2022,4214,197,6433
2022,MI,1,26041,Delta,5856,10979,388,17223
2022,MI,1,26043,Dickinson,3568,8055,293,11916
2022,MI,1,26047,Emmet,7814,10787,427,19028
2022,MI,1,26053,Gogebic,2565,3681,150,6396
2022,MI,1,26061,Houghton,6096,8817,415,15328
2022,MI,1,26069,Iosco,4279,7703,374,12356
2022,MI,1,26071,Iron,1898,3579,121,5598
2022,MI,1,26079,Kalkaska,2366,6117,279,8762
2022,MI,1,26083,Keweenaw,567,782,33,1382
2022,MI,1,26089,Leelanau,7467,7477,306,15250
2022,MI,1,26095,Luce,603,1666,68,2337
2022,MI,1,26097,Mackinac,2000,3774,161,5935
2022,MI,1,26103,Marquette,16933,13469,764,31166
2022,MI,1,26109,Menominee,2986,6336,239,9561
2022,MI,1,26113,Missaukee,1462,5734,191,7387
2022,MI,1,26119,Montmorency,1273,3659,128,5060
2022,MI,1,26129,Ogemaw,2745,6542,291,9578
2022,MI,1,26131,Ontonagon,1068,2085,97,3250
2022,MI,1,26135,Oscoda,1014,2851,91,3956
2022,MI,1,26137,Otsego,3752,8239,350,12341
2022,MI,1,26141,Presque Isle,2323,4739,180,7242
2022,MI,1,26143,Roscommon,4002,8351,349,12702
2022,MI,1,26153,Schoolcraft,1250,2523,96,3869
2022,MI,1,26165,Wexford,454,1300,59,1813
2022,MI,2,26015,Barry,9860,19423,640,29923
2022,MI,2,26035,Clare,4011,8756,225,12992
2022,MI,2,26045,Eaton,675,1469,48,2192
2022,MI,2,26051,Gladwin,3379,8274,204,11857
2022,MI,2,26057,Gratiot,4925,9842,307,15074
2022,MI,2,26067,Ionia,8855,16680,656,26191
2022,MI,2,26073,Isabella,10584,12288,443,23315
2022,MI,2,26081,Kent,16982,32393,992,50367
2022,MI,2,26085,Lake,1732,3322,101,5155
2022,MI,2,26101,Manistee,5112,6970,221,12303
2022,MI,2,26105,Mason,5504,8763,248,14515
2022,MI,2,26107,Mecosta,5713,11190,365,17268
2022,MI,2,26111,Midland,1211,2993,82,4286
2022,MI,2,26117,Montcalm,7797,17286,539,25622
2022,MI,2,26121,Muskegon,12733,16694,624,30051
2022,MI,2,26123,Newaygo,6388,15487,453,22328
2022,MI,2,26127,Oceana,4104,7467,206,11777
2022,MI,2,26133,Osceola,2534,7439,224,10197
2022,MI,2,26139,Ottawa,258,795,21,1074
2022,MI,2,26165,Wexford,4095,8691,248,13034
2022,MI,3,26081,Kent,139812,98016,7459,245287
2022,MI,3,26121,Muskegon,24013,16420,1649,42082
2022,MI,3,26139,Ottawa,22164,27793,1662,51619
2022,MI,4,26005,Allegan,18664,36312,1539,56515
2022,MI,4,26021,Berrien,11025,11362,498,22885
2022,MI,4,26025,Calhoun,13154,15635,1309,30098
2022,MI,4,26077,Kalamazoo,58903,42693,4460,106056
2022,MI,4,26139,Ottawa,29474,60277,1722,91473
2022,MI,4,26159,Van Buren,12470,17657,1194,31321
2022,MI,5,26021,Berrien,15223,23539,1257,40019
2022,MI,5,26023,Branch,4398,11164,397,15959
2022,MI,5,26025,Calhoun,7175,12630,542,20347
2022,MI,5,26027,Cass,6513,13090,432,20035
2022,MI,5,26059,Hillsdale,4448,13450,545,18443
2022,MI,5,26075,Jackson,23933,38094,1757,63784
2022,MI,5,26077,Kalamazoo,3173,5058,188,8419
2022,MI,5,26091,Lenawee,15744,25394,1083,42221
2022,MI,5,26115,Monroe,23564,41549,1439,66552
2022,MI,5,26149,St. Joseph,6775,14052,652,21479
2022,MI,6,26115,Monroe,553,400,0,953
2022,MI,6,26125,Oakland,16265,11246,0,27511
2022,MI,6,26161,Washtenaw,132859,44782,0,177641
2022,MI,6,26163,Wayne,92082,68739,1,160822
2022,MI,7,26037,Clinton,19424,20761,750,40935
2022,MI,7,26045,Eaton,25892,23883,1005,50780
2022,MI,7,26049,Genesee,29,56,0,85
2022,MI,7,26065,Ingham,79415,36471,2320,118206
2022,MI,7,26093,Livingston,44439,61530,1998,107967
2022,MI,7,26125,Oakland,10247,12063,389,22699
2022,MI,7,26155,Shiawassee,13363,17860,813,32036
2022,MI,8,26017,Bay,23824,22748,2114,48686
2022,MI,8,26049,Genesee,96467,66331,6804,169602
2022,MI,8,26111,Midland,16621,18305,1469,36395
2022,MI,8,26145,Saginaw,41188,36149,3241,80578
2022,MI,8,26157,Tuscola,222,317,29,568
2022,MI,9,26063,Huron,4013,10290,398,14701
2022,MI,9,26087,Lapeer,12673,28828,1328,42829
2022,MI,9,26099,Macomb,32017,59781,2366,94164
2022,MI,9,26125,Oakland,40338,63973,2742,107053
2022,MI,9,26147,St. Clair,23678,46469,2572,72719
2022,MI,9,26151,Sanilac,4553,13349,569,18471
2022,MI,9,26157,Tuscola,6430,15610,945,22985
2022,MI,10,26099,Macomb,136499,137084,8586,282169
2022,MI,10,26125,Oakland,21103,22118,847,44068
2022,MI,11,26125,Oakland,224537,141642,0,366179
2022,MI,12,26125,Oakland,37655,8280,829,46764
2022,MI,12,26163,Wayne,158988,64608,7217,230813
2022,MI,13,26163,Wayne,166650,56187,11607,234444
2022,ND,1,38001,Adams,231,690,0,921
2022,ND,1,38003,Barnes,1484,2375,0,3859
2022,ND,1,38005,Benson,638,795,0,1433
2022,ND,1,38007,Billings,92,439,0,531
2022,ND,1,38009,Bottineau,808,2027,0,2835
2022,ND,1,38011,Bowman,280,1074,0,1354
2022,ND,1,38013,Burke,160,614,0,774
2022,ND,1,38015,Burleigh,13285,21915,0,35200
2022,ND,1,38017,Cass,27281,26107,0,53388
2022,ND,1,38019,Cavalier,422,1117,0,1539
2022,ND,1,38021,Dickey,535,1231,0,1766
2022,ND,1,38023,Divide,287,733,0,1020
2022,ND,1,38025,Dunn,344,1301,0,1645
2022,ND,1,38027,Eddy,299,633,0,932
2022,ND,1,38029,Emmons,301,1212,0,1513
2022,ND,1,38031,Foster,342,896,0,1238
2022,ND,1,38033,Golden Valley,155,615,0,770
2022,ND,1,38035,Grand Forks,8119,10560,0,18679
2022,ND,1,38037,Grant,230,871,0,1101
2022,ND,1,38039,Griggs,318,670,0,988
2022,ND,1,38041,Hettinger,213,813,0,1026
2022,ND,1,38043,Kidder,290,768,0,1058
2022,ND,1,38045,Lamoure,491,1139,0,1630
2022,ND,1,38047,Logan,179,639,0,818
2022,ND,1,38049,Mchenry,546,1596,0,2142
2022,ND,1,38051,Mcintosh,304,791,0,1095
2022,ND,1,38053,Mckenzie,721,2468,0,3189
2022,ND,1,38055,Mclean,1236,2960,0,4196
2022,ND,1,38057,Mercer,860,2710,0,3570
2022,ND,1,38059,Morton,3897,7385,0,11282
2022,ND,1,38061,Mountrail,884,1702,0,2586
2022,ND,1,38063,Nelson,553,955,0,1508
2022,ND,1,38065,Oliver,174,654,0,828
2022,ND,1,38067,Pembina,697,1741,0,2438
2022,ND,1,38069,Pierce,483,997,0,1480
2022,ND,1,38071,Ramsey,1393,2598,0,3991
2022,ND,1,38073,Ransom,853,956,0,1809
2022,ND,1,38075,Renville,198,690,0,888
2022,ND,1,38077,Richland,2313,3603,0,5916
2022,ND,1,38079,Rolette,1502,1133,0,2635
2022,ND,1,38081,Sargent,671,912,0,1583
2022,ND,1,38083,Sheridan,137,481,0,618
2022,ND,1,38085,Sioux,373,196,0,569
2022,ND,1,38087,Slope,50,252,0,302
2022,ND,1,38089,Stark,1987,7106,0,9093
2022,ND,1,38091,Steele,325,457,0,782
2022,ND,1,38093,Stutsman,2382,4281,0,6663
2022,ND,1,38095,Towner,292,558,0,850
2022,ND,1,38097,Traill,1186,1749,0,2935
2022,ND,1,38099,Walsh,1026,2427,0,3453
2022,ND,1,38101,Ward,5355,11266,0,16621
2022,ND,1,38103,Wells,412,1254,0,1666
2022,ND,1,38105,Williams,2050,5287,0,7337
2022,NM,1,35001,Bernalillo,117358,75916,42,193316
2022,NM,1,35005,Chaves,252,1472,0,1724
2022,NM,1,35011,De Baca,211,512,0,723
2022,NM,1,35019,Guadalupe,937,740,0,1677
2022,NM,1,35027,Lincoln,2486,5762,0,8248
2022,NM,1,35035,Otero,104,54,0,158
2022,NM,1,35043,Sandoval,27428,26620,13,54061
2022,NM,1,35049,Santa Fe,1537,3054,0,4591
2022,NM,1,35057,Torrance,1795,3675,0,5470
2022,NM,1,35061,Valencia,4354,6346,0,10700
2022,NM,2,35001,Bernalillo,29058,19986,11,49055
2022,NM,2,35003,Catron,493,1497,0,1990
2022,NM,2,35005,Chaves,0,76,0,76
2022,NM,2,35006,Cibola,3514,3200,0,6714
2022,NM,2,35013,Dona Ana,32248,24943,17,57208
2022,NM,2,35015,Eddy,3021,8652,0,11673
2022,NM,2,35017,Grant,6290,5281,7,11578
2022,NM,2,35023,Hidalgo,645,931,0,1576
2022,NM,2,35025,Lea,612,2251,0,2863
2022,NM,2,35029,Luna,2563,3236,0,5799
2022,NM,2,35031,Mckinley,1118,409,0,1527
2022,NM,2,35035,Otero,5950,11312,5,17267
2022,NM,2,35051,Sierra,1891,2970,0,4861
2022,NM,2,35053,Socorro,3092,2905,0,5997
2022,NM,2,35061,Valencia,6490,7987,0,14477
2022,NM,3,35005,Chaves,4442,9944,0,14386
2022,NM,3,35007,Colfax,2406,2465,0,4871
2022,NM,3,35009,Curry,2831,7320,0,10151
2022,NM,3,35015,Eddy,809,4051,0,4860
2022,NM,3,35021,Harding,163,244,0,407
2022,NM,3,35025,Lea,1925,9083,0,11008
2022,NM,3,35028,Los Alamos,6472,3600,0,10072
2022,NM,3,35031,Mckinley,12095,5352,0,17447
2022,NM,3,35033,Mora,1799,612,0,2411
2022,NM,3,35037,Quay,939,2047,0,2986
2022,NM,3,35039,Rio Arriba,9052,3708,0,12760
2022,NM,3,35041,Roosevelt,1300,3313,0,4613
2022,NM,3,35043,Sandoval,4601,1888,0,6489
2022,NM,3,35045,San Juan,14412,25150,0,39562
2022,NM,3,35047,San Miguel,7318,2091,0,9409
2022,NM,3,35049,Santa Fe,52531,12110,0,64641
2022,NM,3,35055,Taos,10741,2507,0,13248
2022,NM,3,35059,Union,381,1080,0,1461
2022,PA,1,42017,Bucks,140222,171655,0,311877
2022,PA,1,42091,Montgomery,25587,29916,0,55503
2022,PA,2,42101,Philadelphia,141229,45454,0,186683
2022,PA,3,42101,Philadelphia,251115,12820,0,263935
2022,PA,4,42011,Berks,0,32068,24537,56605
2022,PA,4,42091,Montgomery,0,109918,200262,310180
2022,PA,5,42029,Chester,0,0,0,0
2022,PA,5,42045,Delaware,154968,94000,0,248968
2022,PA,5,42091,Montgomery,34636,11254,0,45890
2022,PA,5,42101,Philadelphia,15524,4804,0,20328
2022,PA,6,42011,Berks,38085,30131,0,68216
2022,PA,6,42029,Chester,152301,105966,0,258267
2022,PA,7,42025,Carbon,9189,16844,0,26033
2022,PA,7,42077,Lehigh,73756,62343,0,136099
2022,PA,7,42089,Monroe,1762,3540,0,5302
2022,PA,7,42095,Northampton,66657,62800,0,129457
2022,PA,8,42069,Lackawanna,52590,36483,0,89073
2022,PA,8,42079,Luzerne,47305,49897,0,97202
2022,PA,8,42089,Monroe,29119,24135,0,53254
2022,PA,8,42103,Pike,10030,14844,0,24874
2022,PA,8,42127,Wayne,7912,14571,0,22483
2022,PA,9,42011,Berks,7636,16150,0,23786
2022,PA,9,42015,Bradford,6040,17053,0,23093
2022,PA,9,42037,Columbia,8167,16459,0,24626
2022,PA,9,42075,Lebanon,18374,37802,0,56176
2022,PA,9,42079,Luzerne,5142,13595,0,18737
2022,PA,9,42081,Lycoming,9050,18742,0,27792
2022,PA,9,42093,Montour,2879,4947,0,7826
2022,PA,9,42097,Northumberland,9691,22986,0,32677
2022,PA,9,42107,Schuylkill,16316,38972,0,55288
2022,PA,9,42113,Sullivan,818,2184,0,3002
2022,PA,9,42115,Susquehanna,4845,12281,0,17126
2022,PA,9,42131,Wyoming,3664,8014,0,11678
2022,PA,10,42041,Cumberland,48604,58706,0,107310
2022,PA,10,42043,Dauphin,58919,55140,0,114059
2022,PA,10,42133,York,37692,55485,0,93177
2022,PA,11,42071,Lancaster,92466,131511,0,223977
2022,PA,11,42133,York,29369,63480,0,92849
2022,PA,12,42003,Allegheny,166727,106615,0,273342
2022,PA,12,42129,Westmoreland,17947,37331,0,55278
2022,PA,13,42001,Adams,0,34978,0,34978
2022,PA,13,42009,Bedford,0,19607,0,19607
2022,PA,13,42013,Blair,0,40655,0,40655
2022,PA,13,42021,Cambria,0,44754,0,44754
2022,PA,13,42041,Cumberland,0,6752,0,6752
2022,PA,13,42055,Franklin,0,53203,0,53203
2022,PA,13,42057,Fulton,0,5619,0,5619
2022,PA,13,42061,Huntingdon,0,15287,0,15287
2022,PA,13,42067,Juniata,0,8269,0,8269
2022,PA,13,42087,Mifflin,0,14004,0,14004
2022,PA,13,42099,Perry,0,16534,0,16534
2022,PA,13,42111,Somerset,0,683,0,683
2022,PA,14,42051,Fayette,0,32739,0,32739
2022,PA,14,42059,Greene,0,10209,0,10209
2022,PA,14,42063,Indiana,0,22578,0,22578
2022,PA,14,42111,Somerset,0,27132,0,27132
2022,PA,14,42125,Washington,0,63293,0,63293
2022,PA,14,42129,Westmoreland,0,74914,0,74914
2022,PA,15,42005,Armstrong,7140,21062,0,28202
2022,PA,15,42023,Cameron,432,1448,0,1880
2022,PA,15,42027,Centre,30783,30958,0,61741
2022,PA,15,42031,Clarion,3481,11762,0,15243
2022,PA,15,42033,Clearfield,7275,24079,0,31354
2022,PA,15,42035,Clinton,4132,9879,0,14011
2022,PA,15,42047,Elk,3369,10249,0,13618
2022,PA,15,42053,Forest,582,1600,0,2182
2022,PA,15,42063,Indiana,552,2589,0,3141
2022,PA,15,42065,Jefferson,3485,14189,0,17674
2022,PA,15,42081,Lycoming,3901,14217,0,18118
2022,PA,15,42083,Mckean,3487,11167,0,14654
2022,PA,15,42105,Potter,1224,5824,0,7048
2022,PA,15,42109,Snyder,3967,11229,0,15196
2022,PA,15,42117,Tioga,3648,12815,0,16463
2022,PA,15,42119,Union,6110,9881,0,15991
2022,PA,15,42121,Venango,3422,9234,0,12656
2022,PA,15,42123,Warren,4739,11235,0,15974
2022,PA,16,42019,Butler,31850,61351,0,93201
2022,PA,16,42039,Crawford,10538,22446,0,32984
2022,PA,16,42049,Erie,56423,49263,0,105686
2022,PA,16,42073,Lawrence,13013,23142,0,36155
2022,PA,16,42085,Mercer,16153,28710,0,44863
2022,PA,16,42121,Venango,2466,5634,0,8100
2022,PA,17,42003,Allegheny,163040,126445,0,289485
2022,PA,17,42007,Beaver,30575,42568,0,73143
2022,SD,1,46003,Aurora,179,989,0,1168
2022,SD,1,46005,Beadle,870,4712,0,5582
2022,SD,1,46007,Bennett,258,699,0,957
2022,SD,1,46009,Bon Homme,388,2057,0,2445
2022,SD,1,46011,Brookings,2757,8783,0,11540
2022,SD,1,46013,Brown,2684,10425,0,13109
2022,SD,1,46015,Brule,367,1652,0,2019
2022,SD,1,46017,Buffalo,139,211,0,350
2022,SD,1,46019,Butte,1022,3021,0,4043
2022,SD,1,46021,Campbell,64,583,0,647
2022,SD,1,46023,Charles Mix,572,2391,0,2963
2022,SD,1,46025,Clark,213,1320,0,1533
2022,SD,1,46027,Clay,1163,2971,0,4134
2022,SD,1,46029,Codington,1790,8729,0,10519
2022,SD,1,46031,Corson,269,550,0,819
2022,SD,1,46033,Custer,1023,3753,0,4776
2022,SD,1,46035,Davison,1143,5769,0,6912
2022,SD,1,46037,Day,480,1898,0,2378
2022,SD,1,46039,Deuel,279,1643,0,1922
2022,SD,1,46041,Dewey,519,870,0,1389
2022,SD,1,46043,Douglas,146,1279,0,1425
2022,SD,1,46045,Edmunds,200,1440,0,1640
2022,SD,1,46047,Fall River,759,2700,0,3459
2022,SD,1,46049,Faulk,140,779,0,919
2022,SD,1,46051,Grant,468,2587,0,3055
2022,SD,1,46053,Gregory,280,1690,0,1970
2022,SD,1,46055,Haakon,165,791,0,956
2022,SD,1,46057,Hamlin,366,2255,0,2621
2022,SD,1,46059,Hand,197,1259,0,1456
2022,SD,1,46061,Hanson,233,1336,0,1569
2022,SD,1,46063,Harding,143,518,0,661
2022,SD,1,46065,Hughes,1410,5706,0,7116
2022,SD,1,46067,Hutchinson,358,2690,0,3048
2022,SD,1,46069,Hyde,81,479,0,560
2022,SD,1,46071,Jackson,247,598,0,845
2022,SD,1,46073,Jerauld,105,720,0,825
2022,SD,1,46075,Jones,72,391,0,463
2022,SD,1,46077,Kingsbury,390,2055,0,2445
2022,SD,1,46079,Lake,845,3810,0,4655
2022,SD,1,46081,Lawrence,2999,8479,0,11478
2022,SD,1,46083,Lincoln,5360,21002,0,26362
2022,SD,1,46085,Lyman,267,982,0,1249
2022,SD,1,46087,Mccook,389,2054,0,2443
2022,SD,1,46089,Mcpherson,123,953,0,1076
2022,SD,1,46091,Marshall,391,1378,0,1769
2022,SD,1,46093,Meade,3294,8152,0,11446
2022,SD,1,46095,Mellette,159,429,0,588
2022,SD,1,46097,Miner,133,828,0,961
2022,SD,1,46099,Minnehaha,17765,50693,0,68458
2022,SD,1,46101,Moody,574,1976,0,2550
2022,SD,1,46102,Oglala Lakota,1336,647,0,1983
2022,SD,1,46103,Pennington,11080,31305,0,42385
2022,SD,1,46105,Perkins,282,1060,0,1342
2022,SD,1,46107,Potter,136,944,0,1080
2022,SD,1,46109,Roberts,738,2590,0,3328
2022,SD,1,46111,Sanborn,124,845,0,969
2022,SD,1,46115,Spink,410,2166,0,2576
2022,SD,1,46117,Stanley,272,1129,0,1401
2022,SD,1,46119,Sully,129,625,0,754
2022,SD,1,46121,Todd,947,677,0,1624
2022,SD,1,46123,Tripp,325,1865,0,2190
2022,SD,1,46125,Turner,561,3174,0,3735
2022,SD,1,46127,Union,1139,5180,0,6319
2022,SD,1,46129,Walworth,271,1691,0,1962
2022,SD,1,46135,Yankton,1804,6499,0,8303
2022,SD,1,46137,Ziebach,228,389,0,617
2022,TN,1,47019,Carter,2402,11447,336,14185
2022,TN,1,47029,Cocke,1185,6488,202,7875
2022,TN,1,47059,Greene,2896,13884,273,17053
2022,TN,1,47063,Hamblen,2370,10168,185,12723
2022,TN,1,47067,Hancock,155,1113,22,1290
2022,TN,1,47073,Hawkins,1974,11571,241,13786
2022,TN,1,47089,Jefferson,1934,10030,244,12208
2022,TN,1,47091,Johnson,687,4209,97,4993
2022,TN,1,47155,Sevier,3908,18406,414,22728
2022,TN,1,47163,Sullivan,8871,32310,784,41965
2022,TN,1,47171,Unicoi,840,4149,107,5096
2022,TN,1,47179,Washington,9827,23466,808,34101
2022,TN,2,47009,Blount,9472,30042,0,39514
2022,TN,2,47013,Campbell,653,3321,0,3974
2022,TN,2,47025,Claiborne,977,5695,0,6672
2022,TN,2,47057,Grainger,676,4705,0,5381
2022,TN,2,47089,Jefferson,118,459,0,577
2022,TN,2,47093,Knox,50123,77873,0,127996
2022,TN,2,47105,Loudon,4037,15543,0,19580
2022,TN,2,47173,Union,617,3451,0,4068
2022,TN,3,47001,Anderson,6715,13969,350,21034
2022,TN,3,47011,Bradley,4167,20136,366,24669
2022,TN,3,47013,Campbell,553,2883,61,3497
2022,TN,3,47065,Hamilton,40369,58556,1243,100168
2022,TN,3,47107,Mcminn,2022,10577,204,12803
2022,TN,3,47123,Monroe,1761,9813,171,11745
2022,TN,3,47129,Morgan,595,3885,89,4569
2022,TN,3,47139,Polk,721,3928,66,4715
2022,TN,3,47145,Roane,3339,12080,296,15715
2022,TN,3,47151,Scott,92,812,11,915
2022,TN,4,47003,Bedford,1798,7942,453,10193
2022,TN,4,47007,Bledsoe,442,2836,80,3358
2022,TN,4,47031,Coffee,2541,9904,1012,13457
2022,TN,4,47051,Franklin,2485,8310,420,11215
2022,TN,4,47055,Giles,1574,5593,194,7361
2022,TN,4,47061,Grundy,450,2500,369,3319
2022,TN,4,47099,Lawrence,1461,7714,323,9498
2022,TN,4,47103,Lincoln,1388,7360,206,8954
2022,TN,4,47115,Marion,1594,5783,229,7606
2022,TN,4,47121,Meigs,511,2520,84,3115
2022,TN,4,47127,Moore,279,1675,80,2034
2022,TN,4,47143,Rhea,1094,6320,161,7575
2022,TN,4,47149,Rutherford,26611,44402,2158,73171
2022,TN,4,47153,Sequatchie,615,3442,119,4176
2022,TN,4,47177,Warren,1805,6100,500,8405
2022,TN,5,47037,Davidson,53627,34353,1535,89515
2022,TN,5,47101,Lewis,654,2671,60,3385
2022,TN,5,47117,Marshall,2012,6488,178,8678
2022,TN,5,47119,Maury,8888,20687,772,30347
2022,TN,5,47187,Williamson,18020,37268,852,56140
2022,TN,5,47189,Wilson,10447,22091,672,33210
2022,TN,6,47015,Cannon,654,2985,0,3639
2022,TN,6,47027,Clay,327,1402,0,1729
2022,TN,6,47035,Cumberland,3676,16903,0,20579
2022,TN,6,47037,Davidson,32795,12285,0,45080
2022,TN,6,47041,Dekalb,902,3897,0,4799
2022,TN,6,47049,Fentress,600,4438,0,5038
2022,TN,6,47087,Jackson,637,2424,0,3061
2022,TN,6,47111,Macon,607,4098,0,4705
2022,TN,6,47133,Overton,1105,4565,0,5670
2022,TN,6,47137,Pickett,326,1591,0,1917
2022,TN,6,47141,Putnam,4788,14124,0,18912
2022,TN,6,47151,Scott,299,2379,0,2678
2022,TN,6,47159,Smith,889,4247,0,5136
2022,TN,6,47165,Sumner,13810,36471,0,50281
2022,TN,6,47169,Trousdale,447,1635,0,2082
2022,TN,6,47175,Van Buren,315,1491,0,1806
2022,TN,6,47177,Warren,23,111,0,134
2022,TN,6,47185,White,1121,5801,0,6922
2022,TN,6,47189,Wilson,2354,8541,0,10895
2022,TN,7,47005,Benton,491,2236,50,2777
2022,TN,7,47021,Cheatham,3105,8342,188,11635
2022,TN,7,47037,Davidson,30013,10325,645,40983
2022,TN,7,47039,Decatur,521,2696,55,3272
2022,TN,7,47043,Dickson,3139,9918,279,13336
2022,TN,7,47081,Hickman,1109,4571,83,5763
2022,TN,7,47083,Houston,513,1872,57,2442
2022,TN,7,47085,Humphreys,905,3360,186,4451
2022,TN,7,47125,Montgomery,15064,24486,890,40440
2022,TN,7,47135,Perry,317,1518,25,1860
2022,TN,7,47147,Robertson,3843,13638,369,17850
2022,TN,7,47161,Stewart,621,3124,120,3865
2022,TN,7,47181,Wayne,370,3042,55,3467
2022,TN,7,47187,Williamson,8962,19293,426,28681
2022,TN,8,47005,Benton,245,993,45,1283
2022,TN,8,47017,Carroll,1206,5707,177,7090
2022,TN,8,47023,Chester,611,3764,71,4446
2022,TN,8,47033,Crockett,501,2662,50,3213
2022,TN,8,47045,Dyer,1261,6784,147,8192
2022,TN,8,47047,Fayette,3149,10693,203,14045
2022,TN,8,47053,Gibson,2406,9619,220,12245
2022,TN,8,47069,Hardeman,1873,3331,87,5291
2022,TN,8,47071,Hardin,782,5515,64,6361
2022,TN,8,47075,Haywood,1861,1968,56,3885
2022,TN,8,47077,Henderson,807,5573,87,6467
2022,TN,8,47079,Henry,1539,6408,394,8341
2022,TN,8,47095,Lake,218,862,31,1111
2022,TN,8,47097,Lauderdale,1295,3258,114,4667
2022,TN,8,47109,Mcnairy,989,5751,125,6865
2022,TN,8,47113,Madison,8233,15076,423,23732
2022,TN,8,47131,Obion,1125,6476,94,7695
2022,TN,8,47157,Shelby,20005,48852,891,69748
2022,TN,8,47167,Tipton,1594,5812,182,7588
2022,TN,8,47183,Weakley,1402,6498,150,8050
2022,TN,9,47157,Shelby,92318,29815,4667,126800
2022,TN,9,47167,Tipton,1482,5308,328,7118
2022,WV,1,54005,Boone,1343,3741,186,5270
2022,WV,1,54007,Braxton,842,2295,144,3281
2022,WV,1,54011,Cabell,8149,13283,620,22052
2022,WV,1,54013,Calhoun,429,1469,158,2056
2022,WV,1,54015,Clay,431,1561,98,2090
2022,WV,1,54019,Fayette,3134,6106,422,9662
2022,WV,1,54021,Gilmer,417,1125,84,1626
2022,WV,1,54025,Greenbrier,2844,7088,943,10875
2022,WV,1,54035,Jackson,1744,5975,388,8107
2022,WV,1,54039,Kanawha,19452,26442,1657,47551
2022,WV,1,54043,Lincoln,1125,3502,183,4810
2022,WV,1,54045,Logan,1278,4695,175,6148
2022,WV,1,54047,Mcdowell,1008,1953,156,3117
2022,WV,1,54053,Mason,1399,4699,260,6358
2022,WV,1,54055,Mercer,3496,9662,803,13961
2022,WV,1,54059,Mingo,1005,4323,130,5458
2022,WV,1,54063,Monroe,799,2896,591,4286
2022,WV,1,54067,Nicholas,1385,4743,251,6379
2022,WV,1,54071,Pendleton,461,1626,87,2174
2022,WV,1,54075,Pocahontas,674,1893,164,2731
2022,WV,1,54079,Putnam,4248,11557,582,16387
2022,WV,1,54081,Raleigh,4221,13495,869,18585
2022,WV,1,54087,Roane,879,2479,255,3613
2022,WV,1,54089,Summers,877,2246,299,3422
2022,WV,1,54099,Wayne,2316,6935,273,9524
2022,WV,1,54101,Webster,396,1385,67,1848
2022,WV,1,54105,Wirt,272,1304,109,1685
2022,WV,1,54109,Wyoming,804,3033,303,4140
2022,WV,2,54001,Barbour,1082,2772,0,3854
2022,WV,2,54003,Berkeley,8852,20653,0,29505
2022,WV,2,54009,Brooke,2154,4109,0,6263
2022,WV,2,54017,Doddridge,397,1584,0,1981
2022,WV,2,54023,Grant,431,3035,0,3466
2022,WV,2,54027,Hampshire,1170,5046,0,6216
2022,WV,2,54029,Hancock,2521,5785,0,8306
2022,WV,2,54031,Hardy,877,3071,0,3948
2022,WV,2,54033,Harrison,6792,11149,0,17941
2022,WV,2,54037,Jefferson,7526,10664,0,18190
2022,WV,2,54041,Lewis,1139,3265,0,4404
2022,WV,2,54049,Marion,6783,8791,0,15574
2022,WV,2,54051,Marshall,2994,5932,0,8926
2022,WV,2,54057,Mineral,1691,6234,0,7925
2022,WV,2,54061,Monongalia,14138,11827,0,25965
2022,WV,2,54065,Morgan,1180,3949,0,5129
2022,WV,2,54069,Ohio,5022,7415,0,12437
2022,WV,2,54073,Pleasants,552,1652,0,2204
2022,WV,2,54077,Preston,2585,6246,0,8831
2022,WV,2,54083,Randolph,2612,4910,0,7522
2022,WV,2,54085,Ritchie,451,2061,0,2512
2022,WV,2,54091,Taylor,1385,2969,0,4354
2022,WV,2,54093,Tucker,889,1680,0,2569
2022,WV,2,54095,Tyler,547,1838,0,2385
2022,WV,2,54097,Upshur,1597,4486,0,6083
2022,WV,2,54103,Wetzel,1340,2572,0,3912
2022,WV,2,54107,Wood,7571,16798,0,24369
2022,WY,1,56001,Albany,6085,5699,520,12304
2022,WY,1,56003,Big Horn,504,3449,205,4158
2022,WY,1,56005,Campbell,1215,10446,588,12249
2022,WY,1,56007,Carbon,892,3434,296,4622
2022,WY,1,56009,Converse,602,4044,338,4984
2022,WY,1,56011,Crook,306,2814,120,3240
2022,WY,1,56013,Fremont,3519,8539,1106,13164
2022,WY,1,56015,Goshen,766,3835,162,4763
2022,WY,1,56017,Hot Springs,367,1641,129,2137
2022,WY,1,56019,Johnson,601,3003,161,3765
2022,WY,1,56021,Laramie,9572,17539,1777,28888
2022,WY,1,56023,Lincoln,998,6118,271,7387
2022,WY,1,56025,Natrona,5235,15399,1134,21768
2022,WY,1,56027,Niobrara,75,936,55,1066
2022,WY,1,56029,Park,1922,9658,529,12109
2022,WY,1,56031,Platte,603,3107,199,3909
2022,WY,1,56033,Sheridan,2704,8497,530,11731
2022,WY,1,56035,Sublette,604,2768,119,3491
2022,WY,1,56037,Sweetwater,2555,8362,718,11635
2022,WY,1,56039,Teton,6447,2957,402,9806
2022,WY,1,56041,Uinta,987,5119,339,6445
2022,WY,1,56043,Washakie,435,2430,136,3001
2022,WY,1,56045,Weston,256,2412,91,2759
2024,MS,1,28003,Alcorn,2208,12674,0,14882
2024,MS,1,28009,Benton,1294,2494,0,3788
2024,MS,1,28013,Calhoun,1472,4472,0,5944
2024,MS,1,28017,Chickasaw,2997,4150,0,7147
2024,MS,1,28019,Choctaw,914,2909,0,3823
2024,MS,1,28025,Clay,4857,4228,0,9085
2024,MS,1,28033,Desoto,29065,48761,0,77826
2024,MS,1,28057,Itawamba,967,9576,0,10543
2024,MS,1,28071,Lafayette,8435,14785,0,23220
2024,MS,1,28081,Lee,9801,25193,0,34994
2024,MS,1,28087,Lowndes,10681,13499,0,24180
2024,MS,1,28093,Marshall,6736,7958,0,14694
2024,MS,1,28095,Monroe,4884,11059,0,15943
2024,MS,1,28105,Oktibbeha,302,1073,0,1375
2024,MS,1,28115,Pontotoc,2054,11914,0,13968
2024,MS,1,28117,Prentiss,1572,8729,0,10301
2024,MS,1,28137,Tate,3514,9206,0,12720
2024,MS,1,28139,Tippah,1507,8001,0,9508
2024,MS,1,28141,Tishomingo,903,8007,0,8910
2024,MS,1,28145,Union,1714,10646,0,12360
2024,MS,1,28155,Webster,820,4255,0,5075
2024,MS,2,28001,Adams,6947,4924,0,11871
2024,MS,2,28005,Amite,2411,4414,0,6825
2024,MS,2,28007,Attala,3131,4570,0,7701
2024,MS,2,28011,Bolivar,6683,3752,0,10435
2024,MS,2,28015,Carroll,1579,3617,0,5196
2024,MS,2,28021,Claiborne,3082,522,0,3604
2024,MS,2,28027,Coahoma,4958,1842,0,6800
2024,MS,2,28029,Copiah,5810,5934,0,11744
2024,MS,2,28037,Franklin,1297,2779,0,4076
2024,MS,2,28043,Grenada,4253,5482,0,9735
2024,MS,2,28049,Hinds,58528,18088,0,76616
2024,MS,2,28051,Holmes,5625,1148,0,6773
2024,MS,2,28053,Humphreys,2578,924,0,3502
2024,MS,2,28055,Issaquena,296,297,0,593
2024,MS,2,28063,Jefferson,2864,494,0,3358
2024,MS,2,28079,Leake,3382,5010,0,8392
2024,MS,2,28083,Leflore,6693,2794,0,9487
2024,MS,2,28089,Madison,8038,2692,0,10730
2024,MS,2,28097,Montgomery,1860,2548,0,4408
2024,MS,2,28107,Panola,6611,7824,0,14435
2024,MS,2,28119,Quitman,1823,847,0,2670
2024,MS,2,28125,Sharkey,1236,532,0,1768
2024,MS,2,28133,Sunflower,5543,2296,0,7839
2024,MS,2,28135,Tallahatchie,2936,2156,0,5092
2024,MS,2,28143,Tunica,1921,757,0,2678
2024,MS,2,28149,Warren,8807,9465,0,18272
2024,MS,2,28151,Washington,10036,4432,0,14468
2024,MS,2,28157,Wilkinson,1873,1032,0,2905
2024,MS,2,28161,Yalobusha,2494,3378,0,5872
2024,MS,2,28163,Yazoo,4590,4406,0,8996
2024,MS,3,28023,Clarke,0,6400,0,6400
2024,MS,3,28031,Covington,0,7396,0,7396
2024,MS,3,28049,Hinds,0,7565,0,7565
2024,MS,3,28061,Jasper,0,6140,0,6140
2024,MS,3,28067,Jones,0,3598,0,3598
2024,MS,3,28069,Kemper,0,2835,0,2835
2024,MS,3,28075,Lauderdale,0,21312,0,21312
2024,MS,3,28077,Lawrence,0,5081,0,5081
2024,MS,3,28085,Lincoln,0,13732,0,13732
2024,MS,3,28089,Madison,0,38137,0,38137
2024,MS,3,28091,Marion,0,9360,0,9360
2024,MS,3,28099,Neshoba,0,9733,0,9733
2024,MS,3,28101,Newton,0,8078,0,8078
2024,MS,3,28103,Noxubee,0,2113,0,2113
2024,MS,3,28105,Oktibbeha,0,12415,0,12415
2024,MS,3,28113,Pike,0,9425,0,9425
2024,MS,3,28121,Rankin,0,60161,0,60161
2024,MS,3,28123,Scott,0,8027,0,8027
2024,MS,3,28127,Simpson,0,9176,0,9176
2024,MS,3,28129,Smith,0,6940,0,6940
2024,MS,3,28147,Walthall,0,5068,0,5068
2024,MS,3,28159,Winston,0,6854,0,6854
2024,MS,4,28035,Forrest,10641,17631,0,28272
2024,MS,4,28039,George,1078,9859,0,10937
2024,MS,4,28041,Greene,785,4827,0,5612
2024,MS,4,28045,Hancock,3900,16945,0,20845
2024,MS,4,28047,Harrison,24247,50752,0,74999
2024,MS,4,28059,Jackson,13698,38288,0,51986
2024,MS,4,28067,Jones,5911,17735,0,23646
2024,MS,4,28073,Lamar,6449,21437,0,27886
2024,MS,4,28109,Pearl River,3781,20469,0,24250
2024,MS,4,28111,Perry,985,4527,0,5512
2024,MS,4,28131,Stone,1442,6354,0,7796
2024,MS,4,28153,Wayne,2854,6271,0,9125
2024,ND,1,38001,Adams,201,982,0,1183
2024,ND,1,38003,Barnes,1614,3600,0,5214
2024,ND,1,38005,Benson,777,1140,0,1917
2024,ND,1,38007,Billings,90,550,0,640
2024,ND,1,38009,Bottineau,750,2637,0,3387
2024,ND,1,38011,Bowman,233,1368,0,1601
2024,ND,1,38013,Burke,148,880,0,1028
2024,ND,1,38015,Burleigh,13465,37214,0,50679
2024,ND,1,38017,Cass,38349,50662,0,89011
2024,ND,1,38019,Cavalier,472,1479,0,1951
2024,ND,1,38021,Dickey,603,1795,0,2398
2024,ND,1,38023,Divide,258,913,0,1171
2024,ND,1,38025,Dunn,322,1866,0,2188
2024,ND,1,38027,Eddy,323,867,0,1190
2024,ND,1,38029,Emmons,277,1567,0,1844
2024,ND,1,38031,Foster,337,1344,0,1681
2024,ND,1,38033,Golden Valley,124,840,0,964
2024,ND,1,38035,Grand Forks,11741,18749,0,30490
2024,ND,1,38037,Grant,213,1072,0,1285
2024,ND,1,38039,Griggs,278,982,0,1260
2024,ND,1,38041,Hettinger,194,1064,0,1258
2024,ND,1,38043,Kidder,230,1137,0,1367
2024,ND,1,38045,Lamoure,476,1626,0,2102
2024,ND,1,38047,Logan,130,875,0,1005
2024,ND,1,38049,Mchenry,666,2040,0,2706
2024,ND,1,38051,Mcintosh,237,1132,0,1369
2024,ND,1,38053,Mckenzie,824,4540,0,5364
2024,ND,1,38055,Mclean,1135,4180,0,5315
2024,ND,1,38057,Mercer,689,3733,0,4422
2024,ND,1,38059,Morton,3822,12536,0,16358
2024,ND,1,38061,Mountrail,1154,2833,0,3987
2024,ND,1,38063,Nelson,573,1158,0,1731
2024,ND,1,38065,Oliver,178,860,0,1038
2024,ND,1,38067,Pembina,693,2374,0,3067
2024,ND,1,38069,Pierce,421,1508,0,1929
2024,ND,1,38071,Ramsey,1499,3648,0,5147
2024,ND,1,38073,Ransom,919,1679,0,2598
2024,ND,1,38075,Renville,194,988,0,1182
2024,ND,1,38077,Richland,2496,5571,0,8067
2024,ND,1,38079,Rolette,2429,1517,0,3946
2024,ND,1,38081,Sargent,675,1325,0,2000
2024,ND,1,38083,Sheridan,107,631,0,738
2024,ND,1,38085,Sioux,630,311,0,941
2024,ND,1,38087,Slope,39,345,0,384
2024,ND,1,38089,Stark,2431,12132,0,14563
2024,ND,1,38091,Steele,361,636,0,997
2024,ND,1,38093,Stutsman,2633,7056,0,9689
2024,ND,1,38095,Towner,303,795,0,1098
2024,ND,1,38097,Traill,1316,2710,0,4026
2024,ND,1,38099,Walsh,1176,3266,0,4442
2024,ND,1,38101,Ward,7282,20457,0,27739
2024,ND,1,38103,Wells,439,1746,0,2185
2024,ND,1,38105,Williams,2305,12185,0,14490
2024,NM,1,35001,Bernalillo,142885,89533,0,232418
2024,NM,1,35005,Chaves,340,1692,0,2032
2024,NM,1,35011,De Baca,219,614,0,833
2024,NM,1,35019,Guadalupe,1027,762,0,1789
2024,NM,1,35027,Lincoln,3071,6815,0,9886
2024,NM,1,35035,Otero,179,99,0,278
2024,NM,1,35043,Sandoval,35556,33798,0,69354
2024,NM,1,35049,Santa Fe,1949,3621,0,5570
2024,NM,1,35057,Torrance,2280,4741,0,7021
2024,NM,1,35061,Valencia,5697,7871,0,13568
2024,NM,2,35001,Bernalillo,40528,27748,0,68276
2024,NM,2,35003,Catron,612,1676,0,2288
2024,NM,2,35005,Chaves,0,81,0,81
2024,NM,2,35006,Cibola,4883,3872,0,8755
2024,NM,2,35013,Dona Ana,48358,35361,0,83719
2024,NM,2,35015,Eddy,4725,11767,0,16492
2024,NM,2,35017,Grant,7771,6200,0,13971
2024,NM,2,35023,Hidalgo,776,1032,0,1808
2024,NM,2,35025,Lea,1134,3327,0,4461
2024,NM,2,35029,Luna,3653,4171,0,7824
2024,NM,2,35031,Mckinley,1876,550,0,2426
2024,NM,2,35035,Otero,8988,14345,0,23333
2024,NM,2,35051,Sierra,2456,3370,0,5826
2024,NM,2,35053,Socorro,3693,3395,0,7088
2024,NM,2,35061,Valencia,8720,10250,0,18970
2024,NM,3,35005,Chaves,6449,12740,0,19189
2024,NM,3,35007,Colfax,2860,2830,0,5690
2024,NM,3,35009,Curry,4643,9904,0,14547
2024,NM,3,35015,Eddy,1207,5155,0,6362
2024,NM,3,35021,Harding,156,254,0,410
2024,NM,3,35025,Lea,3476,12357,0,15833
2024,NM,3,35028,Los Alamos,7664,4282,0,11946
2024,NM,3,35031,Mckinley,14671,7876,0,22547
2024,NM,3,35033,Mora,1741,655,0,2396
2024,NM,3,35037,Quay,1223,2296,0,3519
2024,NM,3,35039,Rio Arriba,10779,4521,0,15300
2024,NM,3,35041,Roosevelt,2014,4440,0,6454
2024,NM,3,35043,Sandoval,5803,2445,0,8248
2024,NM,3,35045,San Juan,17152,34040,0,51192
2024,NM,3,35047,San Miguel,8015,2797,0,10812
2024,NM,3,35049,Santa Fe,61123,15086,0,76209
2024,NM,3,35055,Taos,12902,3282,0,16184
2024,NM,3,35059,Union,464,1125,0,1589
2024,SD,1,46003,Aurora,222,1146,0,1368
2024,SD,1,46005,Beadle,1465,5505,0,6970
2024,SD,1,46007,Bennett,334,730,0,1064
2024,SD,1,46009,Bon Homme,564,2373,0,2937
2024,SD,1,46011,Brookings,4644,10133,0,14777
2024,SD,1,46013,Brown,4753,11974,0,16727
2024,SD,1,46015,Brule,526,1881,0,2407
2024,SD,1,46017,Buffalo,240,217,0,457
2024,SD,1,46019,Butte,838,4066,0,4904
2024,SD,1,46021,Campbell,105,704,0,809
2024,SD,1,46023,Charles Mix,866,2738,0,3604
2024,SD,1,46025,Clark,304,1513,0,1817
2024,SD,1,46027,Clay,2371,3209,0,5580
2024,SD,1,46029,Codington,2880,10406,0,13286
2024,SD,1,46031,Corson,457,665,0,1122
2024,SD,1,46033,Custer,1334,4536,0,5870
2024,SD,1,46035,Davison,1934,7131,0,9065
2024,SD,1,46037,Day,787,2118,0,2905
2024,SD,1,46039,Deuel,404,1856,0,2260
2024,SD,1,46041,Dewey,894,944,0,1838
2024,SD,1,46043,Douglas,157,1462,0,1619
2024,SD,1,46045,Edmunds,302,1701,0,2003
2024,SD,1,46047,Fall River,889,3272,0,4161
2024,SD,1,46049,Faulk,168,928,0,1096
2024,SD,1,46051,Grant,705,2876,0,3581
2024,SD,1,46053,Gregory,340,1880,0,2220
2024,SD,1,46055,Haakon,112,991,0,1103
2024,SD,1,46057,Hamlin,434,2730,0,3164
2024,SD,1,46059,Hand,269,1470,0,1739
2024,SD,1,46061,Hanson,353,1665,0,2018
2024,SD,1,46063,Harding,45,752,0,797
2024,SD,1,46065,Hughes,2019,6342,0,8361
2024,SD,1,46067,Hutchinson,534,3166,0,3700
2024,SD,1,46069,Hyde,103,580,0,683
2024,SD,1,46071,Jackson,329,783,0,1112
2024,SD,1,46073,Jerauld,184,816,0,1000
2024,SD,1,46075,Jones,62,477,0,539
2024,SD,1,46077,Kingsbury,571,2209,0,2780
2024,SD,1,46079,Lake,1456,4406,0,5862
2024,SD,1,46081,Lawrence,4288,10757,0,15045
2024,SD,1,46083,Lincoln,9954,25901,0,35855
2024,SD,1,46085,Lyman,318,1099,0,1417
2024,SD,1,46087,Mccook,554,2460,0,3014
2024,SD,1,46089,Mcpherson,160,1077,0,1237
2024,SD,1,46091,Marshall,609,1489,0,2098
2024,SD,1,46093,Meade,2855,1139,0,3994
2024,SD,1,46095,Mellette,253,370,0,623
2024,SD,1,46097,Miner,209,934,0,1143
2024,SD,1,46099,Minnehaha,32303,60016,0,92319
2024,SD,1,46101,Moody,889,2268,0,3157
2024,SD,1,46102,Oglala Lakota,2313,720,0,3033
2024,SD,1,46103,Pennington,16727,38628,0,55355
2024,SD,1,46105,Perkins,182,1395,0,1577
2024,SD,1,46107,Potter,173,1109,0,1282
2024,SD,1,46109,Roberts,1272,2827,0,4099
2024,SD,1,46111,Sanborn,188,1023,0,1211
2024,SD,1,46115,Spink,685,2430,0,3115
2024,SD,1,46117,Stanley,335,1355,0,1690
2024,SD,1,46119,Sully,147,719,0,866
2024,SD,1,46121,Todd,1407,690,0,2097
2024,SD,1,46123,Tripp,379,2232,0,2611
2024,SD,1,46125,Turner,813,3688,0,4501
2024,SD,1,46127,Union,2057,6650,0,8707
2024,SD,1,46129,Walworth,401,2005,0,2406
2024,SD,1,46135,Yankton,3046,7564,0,10610
2024,SD,1,46137,Ziebach,347,434,0,781
2024,TN,1,47019,Carter,3844,18707,621,23172
2024,TN,1,47029,Cocke,1993,11759,369,14121
2024,TN,1,47059,Greene,4604,24631,673,29908
2024,TN,1,47063,Hamblen,4423,18676,483,23582
2024,TN,1,47067,Hancock,303,2277,56,2636
2024,TN,1,47073,Hawkins,3571,20141,649,24361
2024,TN,1,47089,Jefferson,3678,18182,491,22351
2024,TN,1,47091,Johnson,1053,6467,127,7647
2024,TN,1,47155,Sevier,7516,33587,967,42070
2024,TN,1,47163,Sullivan,15536,56699,2124,74359
2024,TN,1,47171,Unicoi,1345,6454,193,7992
2024,TN,1,47179,Washington,16155,40245,1600,58000
2024,TN,2,47009,Blount,16170,52172,0,68342
2024,TN,2,47013,Campbell,1093,6608,0,7701
2024,TN,2,47025,Claiborne,1804,11432,0,13236
2024,TN,2,47057,Grainger,1259,9661,0,10920
2024,TN,2,47089,Jefferson,183,845,0,1028
2024,TN,2,47093,Knox,82965,137759,0,220724
2024,TN,2,47105,Loudon,6802,25268,0,32070
2024,TN,2,47173,Union,1040,7037,0,8077
2024,TN,3,47001,Anderson,10285,24159,1047,35491
2024,TN,3,47011,Bradley,8487,36301,1380,46168
2024,TN,3,47013,Campbell,1034,5832,199,7065
2024,TN,3,47065,Hamilton,67720,97614,5902,171236
2024,TN,3,47107,Mcminn,4380,18591,588,23559
2024,TN,3,47123,Monroe,3279,17742,596,21617
2024,TN,3,47129,Morgan,957,7176,203,8336
2024,TN,3,47139,Polk,1326,7060,184,8570
2024,TN,3,47145,Roane,5200,20191,820,26211
2024,TN,3,47151,Scott,173,1853,49,2075
2024,TN,4,47003,Bedford,3478,14358,525,18361
2024,TN,4,47007,Bledsoe,820,4987,169,5976
2024,TN,4,47031,Coffee,5086,18037,814,23937
2024,TN,4,47051,Franklin,4013,13834,554,18401
2024,TN,4,47055,Giles,2467,9248,348,12063
2024,TN,4,47061,Grundy,855,4564,212,5631
2024,TN,4,47099,Lawrence,2535,14109,529,17173
2024,TN,4,47103,Lincoln,2488,12491,409,15388
2024,TN,4,47115,Marion,2796,10376,407,13579
2024,TN,4,47121,Meigs,849,4430,168,5447
2024,TN,4,47127,Moore,491,2894,116,3501
2024,TN,4,47143,Rhea,2082,11457,411,13950
2024,TN,4,47149,Rutherford,51523,81334,4821,137678
2024,TN,4,47153,Sequatchie,1111,5751,246,7108
2024,TN,4,47177,Warren,3238,11263,561,15062
2024,TN,5,47037,Davidson,77673,53142,5055,135870
2024,TN,5,47101,Lewis,928,4515,210,5653
2024,TN,5,47117,Marshall,2980,11088,498,14566
2024,TN,5,47119,Maury,13690,35040,2112,50842
2024,TN,5,47187,Williamson,29210,62135,3128,94473
2024,TN,5,47189,Wilson,17906,39155,2249,59310
2024,TN,6,47015,Cannon,1049,5214,0,6263
2024,TN,6,47027,Clay,491,2751,0,3242
2024,TN,6,47035,Cumberland,6056,25375,0,31431
2024,TN,6,47037,Davidson,48853,21750,0,70603
2024,TN,6,47041,Dekalb,1505,7001,0,8506
2024,TN,6,47049,Fentress,1031,7939,0,8970
2024,TN,6,47087,Jackson,944,4134,0,5078
2024,TN,6,47111,Macon,1148,7948,0,9096
2024,TN,6,47133,Overton,1729,8185,0,9914
2024,TN,6,47137,Pickett,451,2361,0,2812
2024,TN,6,47141,Putnam,8212,24290,0,32502
2024,TN,6,47151,Scott,629,5059,0,5688
2024,TN,6,47159,Smith,1341,7260,0,8601
2024,TN,6,47165,Sumner,25235,65313,0,90548
2024,TN,6,47169,Trousdale,758,3014,0,3772
2024,TN,6,47175,Van Buren,495,2391,0,2886
2024,TN,6,47177,Warren,42,150,0,192
2024,TN,6,47185,White,2005,10546,0,12551
2024,TN,6,47189,Wilson,4170,14862,0,19032
2024,TN,7,47005,Benton,892,3958,0,4850
2024,TN,7,47021,Cheatham,5596,14812,0,20408
2024,TN,7,47037,Davidson,48125,23737,0,71862
2024,TN,7,47039,Decatur,848,4302,0,5150
2024,TN,7,47043,Dickson,6030,18166,0,24196
2024,TN,7,47081,Hickman,2047,8091,0,10138
2024,TN,7,47083,Houston,814,2865,0,3679
2024,TN,7,47085,Humphreys,1891,6206,0,8097
2024,TN,7,47125,Montgomery,30119,47650,0,77769
2024,TN,7,47135,Perry,601,2827,0,3428
2024,TN,7,47147,Robertson,8254,24572,0,32826
2024,TN,7,47161,Stewart,1130,5188,0,6318
2024,TN,7,47181,Wayne,752,5535,0,6287
2024,TN,7,47187,Williamson,15665,31983,0,47648
2024,TN,8,47005,Benton,428,1622,78,2128
2024,TN,8,47017,Carroll,1873,9427,282,11582
2024,TN,8,47023,Chester,1065,6100,134,7299
2024,TN,8,47033,Crockett,982,4403,96,5481
2024,TN,8,47045,Dyer,2167,10841,271,13279
2024,TN,8,47047,Fayette,5460,16316,402,22178
2024,TN,8,47053,Gibson,4079,15658,437,20174
2024,TN,8,47069,Hardeman,3141,5584,204,8929
2024,TN,8,47071,Hardin,1458,9620,215,11293
2024,TN,8,47075,Haywood,3081,3296,96,6473
2024,TN,8,47077,Henderson,1631,9949,222,11802
2024,TN,8,47079,Henry,2631,10416,853,13900
2024,TN,8,47095,Lake,353,1353,39,1745
2024,TN,8,47097,Lauderdale,2080,5387,151,7618
2024,TN,8,47109,Mcnairy,1581,9008,176,10765
2024,TN,8,47113,Madison,13874,23133,762,37769
2024,TN,8,47131,Obion,1992,10324,213,12529
2024,TN,8,47157,Shelby,32073,68202,1697,101972
2024,TN,8,47167,Tipton,2750,9554,288,12592
2024,TN,8,47183,Weakley,2344,10218,245,12807
2024,TN,9,47157,Shelby,157018,48706,6427,212151
2024,TN,9,47167,Tipton,2504,8705,343,11552
2024,WV,1,54005,Boone,1958,5180,562,7700
2024,WV,1,54007,Braxton,1346,3435,207,4988
2024,WV,1,54011,Cabell,10706,21776,1743,34225
2024,WV,1,54013,Calhoun,571,1882,183,2636
2024,WV,1,54015,Clay,726,2058,237,3021
2024,WV,1,54019,Fayette,4064,9569,1174,14807
2024,WV,1,54021,Gilmer,617,1448,105,2170
2024,WV,1,54025,Greenbrier,3686,9759,750,14195
2024,WV,1,54035,Jackson,2487,8430,1375,12292
2024,WV,1,54039,Kanawha,26487,36376,8603,71466
2024,WV,1,54043,Lincoln,1369,5002,438,6809
2024,WV,1,54045,Logan,2048,7647,543,10238
2024,WV,1,54047,Mcdowell,1063,3340,277,4680
2024,WV,1,54053,Mason,2077,7496,575,10148
2024,WV,1,54055,Mercer,4507,16933,1050,22490
2024,WV,1,54059,Mingo,1305,6022,323,7650
2024,WV,1,54063,Monroe,1109,4658,337,6104
2024,WV,1,54067,Nicholas,1960,7088,496,9544
2024,WV,1,54071,Pendleton,629,2338,176,3143
2024,WV,1,54075,Pocahontas,923,2493,217,3633
2024,WV,1,54079,Putnam,6490,17882,1909,26281
2024,WV,1,54081,Raleigh,6249,20705,2119,29073
2024,WV,1,54087,Roane,1139,3651,467,5257
2024,WV,1,54089,Summers,1193,3504,261,4958
2024,WV,1,54099,Wayne,3144,10754,731,14629
2024,WV,1,54101,Webster,555,2039,123,2717
2024,WV,1,54105,Wirt,449,1761,160,2370
2024,WV,1,54109,Wyoming,1181,5265,475,6921
2024,WV,2,54001,Barbour,1247,4800,0,6047
2024,WV,2,54003,Berkeley,15783,38173,0,53956
2024,WV,2,54009,Brooke,2411,6752,0,9163
2024,WV,2,54017,Doddridge,383,2420,0,2803
2024,WV,2,54023,Grant,835,4271,0,5106
2024,WV,2,54027,Hampshire,2341,7626,0,9967
2024,WV,2,54029,Hancock,3067,9269,0,12336
2024,WV,2,54031,Hardy,2058,4113,0,6171
2024,WV,2,54033,Harrison,7782,20290,0,28072
2024,WV,2,54037,Jefferson,10635,17827,0,28462
2024,WV,2,54041,Lewis,1387,5376,0,6763
2024,WV,2,54049,Marion,7822,15691,0,23513
2024,WV,2,54051,Marshall,3031,9617,0,12648
2024,WV,2,54057,Mineral,2722,9721,0,12443
2024,WV,2,54061,Monongalia,18304,21284,0,39588
2024,WV,2,54065,Morgan,1829,6758,0,8587
2024,WV,2,54069,Ohio,5853,11925,0,17778
2024,WV,2,54073,Pleasants,638,2495,0,3133
2024,WV,2,54077,Preston,2979,10567,0,13546
2024,WV,2,54083,Randolph,3067,7871,0,10938
2024,WV,2,54085,Ritchie,530,3212,0,3742
2024,WV,2,54091,Taylor,1593,5400,0,6993
2024,WV,2,54093,Tucker,974,2467,0,3441
2024,WV,2,54095,Tyler,592,2807,0,3399
2024,WV,2,54097,Upshur,1979,7351,0,9330
2024,WV,2,54103,Wetzel,1326,4394,0,5720
2024,WV,2,54107,Wood,9607,25713,0,35320
2024,WY,1,56001,Albany,7674,8559,996,17229
2024,WY,1,56003,Big Horn,647,4644,323,5614
2024,WY,1,56005,Campbell,1700,15058,856,17614
2024,WY,1,56007,Carbon,1088,4703,391,6182
2024,WY,1,56009,Converse,691,5436,405,6532
2024,WY,1,56011,Crook,357,3689,185,4231
2024,WY,1,56013,Fremont,4369,11258,929,16556
2024,WY,1,56015,Goshen,938,4876,231,6045
2024,WY,1,56017,Hot Springs,400,2022,130,2552
2024,WY,1,56019,Johnson,714,3835,210,4759
2024,WY,1,56021,Laramie,12893,27090,2600,42583
2024,WY,1,56023,Lincoln,1365,8712,477,10554
2024,WY,1,56025,Natrona,7090,23396,1958,32444
2024,WY,1,56027,Niobrara,79,1080,47,1206
2024,WY,1,56029,Park,2677,12620,749,16046
2024,WY,1,56031,Platte,682,3783,199,4664
2024,WY,1,56033,Sheridan,3380,11647,822,15849
2024,WY,1,56035,Sublette,748,3770,239,4757
2024,WY,1,56037,Sweetwater,3196,11588,1239,16023
2024,WY,1,56039,Teton,7919,4148,622,12689
2024,WY,1,56041,Uinta,1314,6811,601,8726
2024,WY,1,56043,Washakie,548,3047,198,3793
2024,WY,1,56045,Weston,309,2908,178,3395
