office,race_id,seat_name,state_abbr,state_name,election_type,contest,current_incumbent,inc_party,dem_name,dem_party,rep_name,rep_party,incumbent_running,incumbent_appointed,tpl,environment_pts,incumbent_pts,dem_raised,rep_raised,money_gap_pct,fundraising_pts,dem_candidate_effect,rep_candidate_effect,candidates_pts,model_margin,poll_avg,poll_count,poll_weight,proj_margin,proj_margin_label,proj_dem,proj_rep,sigma,prob_dem,prob_rep,rating
Senate,AK,AK Senate,AK,Alaska,Regular,contested,Dan Sullivan,R,Mary Peltola,D,Dan Sullivan,R,R,,11.76,-4.82,2.82,18545132,9136967,-34,-2.63,3.59,0.87,-2.72,4.42,-7.28,3,0.239,1.62,R+1.6,49.19,50.81,4.99,0.372,0.628,Lean R
Senate,AL,AL Senate,AL,Alabama,Regular,contested,Tommy Tuberville,R,Everett Wess,D,Barry Moore,R,None,,27.95,-5.11,0,83341,3787330,95.7,3.9,0,0.2,0.2,26.94,18.7,2,0.255,24.84,R+24.8,37.58,62.42,4.95,0.005,0.995,Safe R
Senate,AR,AR Senate,AR,Arkansas,Regular,contested,Tom Cotton,R,Hallie Shoffner,D,Tom Cotton,R,R,,29.98,-3.82,2.82,2269114,6233117,46.6,-0.42,0,0.68,0.68,29.24,3.73,4,0.113,26.37,R+26.4,36.81,63.19,5.49,0.005,0.995,Safe R
Senate,CO,CO Senate,CO,Colorado,Regular,contested,John Hickenlooper,D,John Hickenlooper,D,Mark Baisley,R,D,,-11.5,-4.12,-2.82,8119380,138147,-96.7,-0.9,-0.2,0,0.2,-19.13,,,,-19.13,D+19.1,59.57,40.43,6.14,0.995,0.005,Safe D
Senate,DE-2,DE Senate,DE,Delaware,Regular,contested,Chris Coons,D,Chris Coons,D,Michael Katz,R,D,,-15.62,-5.3,-2.82,4168081,159367,-92.6,-0.09,0.01,0,-0.01,-23.83,,,,-23.83,D+23.8,61.92,38.08,6.23,0.995,0.005,Safe D
Senate,FL-2,FL Senate (Special),FL,Florida,Special,contested,Ashley Moody,R,Angie Nixon,D,Ashley Moody,R,R,Y,9.12,-5.78,0,974845,11270805,84.1,4,0,0,0,7.34,3.19,7,0.597,4.86,R+4.9,47.57,52.43,4.46,0.138,0.862,Lean R
Senate,GA,GA Senate,GA,Georgia,Regular,contested,Jon Ossoff,D,Jon Ossoff,D,Mike Collins,R,D,,2.08,-3.82,-2.82,77279766,7409350,-82.5,-1.68,1.06,0.58,-0.48,-6.72,-9.74,12,0.669,-8.74,D+8.7,54.37,45.63,4.35,0.978,0.022,Likely D
Senate,IA,IA Senate,IA,Iowa,Regular,contested,Joni Ernst,R,Josh Turek,D,Ashley Hinson,R,None,,8.89,-6.68,0,6276527,10217845,23.9,2.33,0,0.26,0.26,4.79,-2.28,20,0.775,-0.69,D+0.7,50.35,49.65,4.94,0.556,0.444,Tilt D
Senate,ID,ID Senate,ID,Idaho,Regular,contested,Jim Risch,R,Todd Achilles,I,Jim Risch,R,R,,33.35,-5.29,2.82,692245,3357516,65.8,0.41,0,-0.65,-0.65,30.63,7.32,5,0.395,21.42,R+21.4,39.29,60.71,4.55,0.005,0.995,Safe R
Senate,IL,IL Senate,IL,Illinois,Regular,contested,Dick Durbin,D,Juliana Stratton,D,Don Tracy,R,None,,-13.64,-5.57,0,5906599,2459890,-41.2,1.2,0,0,0,-18.01,,,,-18.01,D+18.0,59.01,40.99,6.25,0.995,0.005,Safe D
Senate,KS,KS Senate,KS,Kansas,Regular,contested,Roger Marshall,R,Adam Hamilton,D,Roger Marshall,R,R,,15.13,-4.38,2.82,4169078,4009075,-2,-1.32,0,-0.26,-0.26,11.99,-1.49,9,0.638,3.39,R+3.4,48.31,51.69,4.35,0.218,0.782,Lean R
Senate,KY,KY Senate,KY,Kentucky,Regular,contested,Mitch McConnell,R,Charles Booker,D,Andy Barr,R,None,,26.97,-5.82,0,1099509,9981055,80.2,3.25,2.02,2.05,0.03,24.43,8.42,1,0.088,23.02,R+23.0,38.49,61.51,5.79,0.005,0.995,Safe R
Senate,LA,LA Senate,LA,Louisiana,Regular,contested,Bill Cassidy,R,Jamie Davis,D,Julia Letlow,R,None,,21.18,-2.61,0,1983548,6210122,51.6,2,0,0,0,20.57,5.25,2,0.242,16.87,R+16.9,41.57,58.43,4.81,0.005,0.995,Safe R
Senate,MA-2,MA Senate,MA,Massachusetts,Regular,contested,Ed Markey,D,Ed Markey,D,John Deaton,R,D,,-30,-4.37,-2.82,5352148,1561360,-54.8,3.04,-0.59,1.13,1.72,-32.43,-23.76,5,0.417,-28.82,D+28.8,64.41,35.59,4.4,0.995,0.005,Safe D
Senate,ME-2,ME Senate,ME,Maine,Regular,contested,Susan Collins,R,Troy Jackson,D,Susan Collins,R,R,,-8.88,-4.18,2.82,,,,0,0,4.3,4.3,-5.94,-2.15,17,0.787,-2.96,D+3.0,51.48,48.52,4.7,0.735,0.265,Lean D
Senate,MI-2,MI Senate,MI,Michigan,Regular,contested,Gary Peters,D,Abdul El-Sayed,D,Mike Rogers,R,None,,-0.77,-3.91,0,14514336,10898177,-14.2,1.04,0,0.25,0.25,-3.39,-3.86,27,0.828,-3.78,D+3.8,51.89,48.11,4.83,0.783,0.217,Lean D
Senate,MN-2,MN Senate,MN,Minnesota,Regular,contested,Tina Smith,D,Peggy Flanagan,D,Michele Tafoya,R,None,,-5.41,-4.48,0,6517348,5337942,-9.9,1.85,0,0,0,-8.04,-3.51,9,0.606,-5.29,D+5.3,52.65,47.35,4.32,0.89,0.11,Likely D
Senate,MS-2,MS Senate,MS,Mississippi,Regular,contested,Cindy Hyde-Smith,R,Scott Colom,D,Cindy Hyde-Smith,R,R,,19.7,-4.81,2.82,2384921,3825455,23.2,-0.42,0,-1.92,-1.92,15.36,2.95,2,0.051,14.73,R+14.7,42.64,57.36,5.9,0.006,0.994,Likely R
Senate,MT-2,MT Senate,MT,Montana,Regular,contested,Steve Daines,R,Alani Bankhead,D,Kurt Alme,R,None,,15.56,-7.35,0,58829,1984861,94.2,4,0,0,0,12.21,20.34,10,0.457,15.92,R+15.9,42.04,57.96,4.72,0.005,0.995,Safe R
Senate,NC,NC Senate,NC,North Carolina,Regular,contested,Thom Tillis,R,Roy Cooper,D,Michael Whatley,R,None,,1.44,-3.78,0,34975789,11272504,-51.3,-1.22,1.34,0,-1.34,-4.91,-10.19,18,0.758,-8.91,D+8.9,54.46,45.54,4.57,0.974,0.026,Likely D
Senate,NE-2,NE Senate,NE,Nebraska,Regular,contested,Pete Ricketts,R,Dan Osborn,I,Pete Ricketts,R,R,,21.25,-3.88,2.82,5751951,11233507,32.3,-0.21,5.38,-1.3,-6.68,13.3,-0.04,6,0.51,6.49,R+6.5,46.75,53.25,4.24,0.063,0.937,Likely R
Senate,NH,NH Senate,NH,New Hampshire,Regular,contested,Jeanne Shaheen,D,Chris Pappas,D,John Sununu,R,None,,-4.31,-4.32,0,15384657,4180252,-57.3,-0.85,0.71,0,-0.71,-10.19,-7.85,11,0.649,-8.67,D+8.7,54.34,45.66,4.36,0.977,0.023,Likely D
Senate,NJ-2,NJ Senate,NJ,New Jersey,Regular,contested,Cory Booker,D,Cory Booker,D,Justin Murphy,R,D,,-10.29,-5.71,-2.82,18869341,27316,-99.7,-1.02,-0.7,0,0.7,-19.14,,,,-19.14,D+19.1,59.57,40.43,6.26,0.995,0.005,Safe D
Senate,NM-2,NM Senate,NM,New Mexico,Regular,contested,Ben Ray Luján,D,Ben Ray Luján,D,Larry Marker,R,D,,-9.24,-5.48,-2.82,5626629,33525,-98.8,-1.11,-0.44,0,0.44,-18.21,-18.75,1,0.092,-18.26,D+18.3,59.13,40.87,5.73,0.995,0.005,Safe D
Senate,OH-2,OH Senate (Special),OH,Ohio,Special,contested,Jon Husted,R,Sherrod Brown,D,Jon Husted,R,R,Y,9.16,-5.21,0,38566234,14360028,-45.7,-2.61,2.41,0,-2.41,-1.06,-3.9,18,0.751,-3.19,D+3.2,51.6,48.4,4.69,0.752,0.248,Lean D
Senate,OK,OK Senate,OK,Oklahoma,Regular,contested,Alan S. Armstrong,R,N'Kiyla Jasmine Thomas,D,Kevin Hern,R,None,,30.45,-4.75,0,57159,9953579,98.9,3.75,0,0.2,0.2,29.66,21.55,1,0.033,29.39,R+29.4,35.31,64.69,5.99,0.005,0.995,Safe R
Senate,OR,OR Senate,OR,Oregon,Regular,contested,Jeff Merkley,D,Jeff Merkley,D,David Brock Smith,R,D,,-13.48,-4.24,-2.82,4540974,120760,-94.8,-0.56,-0.09,0,0.09,-21.02,,,,-21.02,D+21.0,60.51,39.49,6.15,0.995,0.005,Safe D
Senate,RI-2,RI Senate,RI,Rhode Island,Regular,contested,Jack Reed,D,Jack Reed,D,Raymond McKay,R,D,,-20.34,-5.1,-2.82,3381651,180468,-89.9,0.57,1.94,0,-1.94,-29.63,-19.07,1,0.25,-26.99,D+27.0,63.5,36.5,4.97,0.995,0.005,Safe D
Senate,SC,SC Senate,SC,South Carolina,Regular,contested,Darline Graham,R,Annie Andrews,D,Darline Graham,R,R,Y,16.52,-5.24,0,,,,0,0.47,0,-0.47,10.81,0.18,4,0.46,5.92,R+5.9,47.04,52.96,4.43,0.091,0.909,Likely R
Senate,SD,SD Senate,SD,South Dakota,Regular,contested,Mike Rounds,R,Brian Bengs,I,Mike Rounds,R,R,,30.79,-5.78,2.82,782050,3176451,60.5,0.46,0,-0.29,-0.29,28,1.72,3,0.201,22.72,R+22.7,38.64,61.36,5.24,0.005,0.995,Safe R
Senate,TN-2,TN Senate,TN,Tennessee,Regular,contested,Bill Hagerty,R,Marquita Bradshaw,D,Bill Hagerty,R,R,,26.68,-5.48,2.82,2257,7162897,99.9,3.02,0.32,-0.32,-0.63,26.41,15.03,1,0.084,25.45,R+25.4,37.28,62.72,5.78,0.005,0.995,Safe R
Senate,TX-2,TX Senate,TX,Texas,Regular,contested,John Cornyn,R,James Talarico,D,Ken Paxton,R,None,,9.29,-5.34,0,68560930,9248699,-76.2,-3.28,0,0,0,0.68,-3.18,25,0.825,-2.51,D+2.5,51.25,48.75,4.95,0.694,0.306,Lean D
Senate,VA-2,VA Senate,VA,Virginia,Regular,contested,Mark Warner,D,Mark Warner,D,Bert Mizusawa,R,D,,-7.63,-5.61,-2.82,17889335,418742,-95.4,-1.09,0.19,0,-0.19,-17.35,-22.8,2,0.003,-17.36,D+17.4,58.68,41.32,6.24,0.995,0.005,Safe D
Senate,WV-2,WV Senate,WV,West Virginia,Regular,contested,Shelley Moore Capito,R,Rachel Fetty Anderson,D,Shelley Moore Capito,R,R,,36.19,-7.4,2.82,49913,4624145,97.9,2.06,0,1.74,1.74,35.41,,,,35.41,R+35.4,32.29,67.71,6.44,0.005,0.995,Safe R
Senate,WY-2,WY Senate,WY,Wyoming,Regular,contested,Cynthia Lummis,R,James Byrd,D,Harriet Hageman,R,None,,44.66,-5.68,0,22559,2435023,98.2,2.23,0,-0.65,-0.65,40.57,,,,40.57,R+40.6,29.72,70.28,6.26,0.005,0.995,Safe R
Governor,AK,AK Governor,AK,Alaska,Regular,contested,Mike Dunleavy,R,Jonathan Kreiss-Tomkins,D,Bernadette Wilson,R,None,,11.76,-4.82,0,,,,0,0,0,0,6.94,-0.84,9,0.637,1.99,R+2.0,49.01,50.99,5.72,0.364,0.636,Lean R
Governor,AL,AL Governor,AL,Alabama,Regular,contested,Kay Ivey,R,Doug Jones,D,Tommy Tuberville,R,None,,27.95,-5.11,0,0,13792994,100,2.61,-0.09,0.09,0.28,25.73,10.73,2,0.34,20.64,R+20.6,39.68,60.32,6.82,0.005,0.995,Safe R
Governor,AR,AR Governor,AR,Arkansas,Regular,contested,Sarah Huckabee Sanders,R,Fredrick Love,D,Sarah Huckabee Sanders,R,R,,29.98,-3.82,4.45,,,,0,0,-1.29,-1.93,28.69,5.74,1,0.065,27.2,R+27.2,36.4,63.6,8.89,0.005,0.995,Safe R
Governor,AZ,AZ Governor,AZ,Arizona,Regular,contested,Katie Hobbs,D,Katie Hobbs,D,Andy Biggs,R,D,,2.39,-4.4,-4.45,9827820,2787170,-55.8,-0.69,1.22,-0.53,-2.63,-9.77,-9.08,11,0.392,-9.5,D+9.5,54.75,45.25,6.46,0.929,0.071,Likely D
Governor,CA,CA Governor,CA,California,Regular,contested,Gavin Newsom,D,Xavier Becerra,D,Steve Hilton,R,None,,-23.84,-6.23,0,24217949,17445485,-16.3,0.9,0,0,0,-29.17,-22.61,23,0.617,-25.12,D+25.1,62.56,37.44,5.87,0.995,0.005,Safe D
Governor,CO,CO Governor,CO,Colorado,Regular,contested,Jared Polis,D,Phil Weiser,D,Victor Marx,R,None,,-11.5,-4.12,0,6951032,2935521,-40.6,-0.65,0,0,0,-16.27,,,,-16.27,D+16.3,58.14,41.86,9.49,0.957,0.043,Safe D
Governor,CT,CT Governor,CT,Connecticut,Regular,contested,Ned Lamont,D,Ned Lamont,D,Ryan Fazio,R,D,,-15.64,-4.26,-4.45,,,,0,-3.55,0,5.32,-19.03,-14.99,5,0.609,-16.57,D+16.6,58.28,41.72,5.7,0.995,0.005,Safe D
Governor,FL,FL Governor,FL,Florida,Regular,contested,Ron DeSantis,R,David Jolly,D,Byron Donalds,R,None,,9.12,-5.78,0,5531882,99442171,89.5,3,0,0.49,0.73,7.07,2,10,0.605,4,R+4.0,48,52,5.83,0.246,0.754,Lean R
Governor,GA,GA Governor,GA,Georgia,Regular,contested,Brian Kemp,R,Keisha Lance Bottoms,D,Rick Jackson,R,None,,2.08,-3.82,0,5774631,118984243,90.7,3,0,0,0,1.26,0.67,12,0.704,0.85,R+0.8,49.58,50.42,5.67,0.441,0.559,Tilt R
Governor,HI,HI Governor,HI,Hawaii,Regular,contested,Josh Green,D,Josh Green,D,Gary Cordery,R,D,,-30.92,-5.51,-4.45,,,,0,-0.73,0,1.09,-39.78,,,,-39.78,D+39.8,69.89,30.11,9.56,0.995,0.005,Safe D
Governor,IA,IA Governor,IA,Iowa,Regular,contested,Kim Reynolds,R,Rob Sand,D,Zach Lahn,R,None,,8.89,-6.68,0,19860206,1218702,-88.4,-3,0,0,0,-0.79,-9.49,10,0.744,-7.26,D+7.3,53.63,46.37,5.98,0.888,0.112,Likely D
Governor,ID,ID Governor,ID,Idaho,Regular,contested,Brad Little,R,Terri Pickens,D,Brad Little,R,R,,33.35,-5.29,4.45,,,,0,0,-1.13,-1.69,30.82,14.62,2,0.299,25.97,R+26.0,37.01,62.99,7.09,0.005,0.995,Safe R
Governor,IL,IL Governor,IL,Illinois,Regular,contested,JB Pritzker,D,JB Pritzker,D,Darren Bailey,R,D,,-13.64,-5.57,-4.45,25619035,2166962,-84.4,-0.91,-1.64,1.04,4.01,-20.56,,,,-20.56,D+20.6,60.28,39.72,9.56,0.984,0.016,Safe D
Governor,KS,KS Governor,KS,Kansas,Regular,contested,Laura Kelly,D,Cindy Holscher,D,Ty Masterson,R,None,,15.13,-4.38,0,,,,0,0,0,0,10.76,2.93,5,0.674,5.47,R+5.5,47.26,52.74,5.68,0.168,0.832,Likely R
Governor,MA,MA Governor,MA,Massachusetts,Regular,contested,Maura Healey,D,Maura Healey,D,Michael Minogue,R,D,,-30,-4.37,-4.45,6516290,17709313,46.2,3,0.91,0,-1.36,-37.18,-18.21,5,0.518,-27.36,D+27.4,63.68,36.32,5.9,0.995,0.005,Safe D
Governor,MD,MD Governor,MD,Maryland,Regular,contested,Wes Moore,D,Wes Moore,D,Dan Cox,R,D,,-28.65,-4.72,-4.45,,,,0,0.81,-0.69,-2.25,-40.07,-29.34,1,0.042,-39.61,D+39.6,69.81,30.19,9.13,0.995,0.005,Safe D
Governor,ME,ME Governor,ME,Maine,Regular,contested,Janet Mills,D,Hannah Pingree,D,Robert Charles,R,None,,-8.88,-4.18,0,,,,0,0,0,0,-13.06,-11.61,10,0.774,-11.93,D+11.9,55.97,44.03,5.83,0.98,0.02,Likely D
Governor,MI,MI Governor,MI,Michigan,Regular,contested,Gretchen Whitmer,D,Jocelyn Benson,D,John James,R,None,,-0.77,-3.91,0,5958887,4492470,-14,-0.21,0,-1.06,-1.6,-6.48,-8.6,17,0.833,-8.25,D+8.2,54.12,45.88,6.01,0.915,0.085,Likely D
Governor,MN,MN Governor,MN,Minnesota,Regular,contested,Tim Walz,D,Amy Klobuchar,D,Lisa Demuth,R,None,,-5.41,-4.48,0,9312380,1102119,-78.8,-2.3,3.78,0,-5.67,-17.85,-7.79,5,0.48,-13.02,D+13.0,56.51,43.49,6.04,0.984,0.016,Likely D
Governor,NE,NE Governor,NE,Nebraska,Regular,contested,Jim Pillen,R,Lynne Walz,D,Jim Pillen,R,R,,21.25,-3.88,4.45,,,,0,0,-0.46,-0.69,21.13,5.2,5,0.64,10.94,R+10.9,44.53,55.47,5.65,0.026,0.974,Likely R
Governor,NH,NH Governor,NH,New Hampshire,Regular,contested,Kelly Ayotte,R,Cinde Warmington,D,Kelly Ayotte,R,R,,-4.31,-4.32,4.45,908163,6079166,74,2,0,2.32,3.48,1.29,8.89,4,0.583,5.72,R+5.7,47.14,52.86,5.74,0.159,0.841,Likely R
Governor,NM,NM Governor,NM,New Mexico,Regular,contested,Michelle Lujan Grisham,D,Deb Haaland,D,Gregg Hull,R,None,,-9.24,-5.48,0,13910580,987856,-86.7,-2.35,0,0,0,-17.07,-11.72,3,0.183,-16.09,D+16.1,58.05,41.95,7.97,0.978,0.022,Safe D
Governor,NV,NV Governor,NV,Nevada,Regular,contested,Joe Lombardo,R,Aaron Ford,D,Joe Lombardo,R,R,,0.64,-5.13,4.45,4285307,2275075,-30.6,-1.96,0,0.88,1.32,-0.69,-2.5,9,0.259,-1.16,D+1.2,50.58,49.42,7.36,0.562,0.438,Lean D
Governor,NY,NY Governor,NY,New York,Regular,contested,Kathy Hochul,D,Kathy Hochul,D,Bruce Blakeman,R,D,,-17.39,-6.79,-4.45,16594119,13445025,-10.5,1.98,-1.91,0,2.87,-23.78,-14.24,12,0.552,-18.52,D+18.5,59.26,40.74,6.03,0.995,0.005,Safe D
Governor,OH,OH Governor,OH,Ohio,Regular,contested,Mike DeWine,R,Amy Acton,D,Vivek Ramaswamy,R,None,,9.16,-5.21,0,15928993,30306297,31.1,1.01,0,0,0,4.97,-3.82,13,0.713,-1.3,D+1.3,50.65,49.35,5.79,0.589,0.411,Lean D
Governor,OK,OK Governor,OK,Oklahoma,Regular,contested,Kevin Stitt,R,Cyndi Munson,D,Mike Mazzei,R,None,,30.45,-4.75,0,,,,0,0,0,0,25.7,,,,25.7,R+25.7,37.15,62.85,9.52,0.005,0.995,Safe R
Governor,OR,OR Governor,OR,Oregon,Regular,contested,Tina Kotek,D,Tina Kotek,D,Christine Drazan,R,D,,-13.48,-4.24,-4.45,,,,0,-2.34,2.34,7.01,-15.16,-0.75,4,0.336,-10.31,D+10.3,55.16,44.84,6.78,0.936,0.064,Likely D
Governor,PA,PA Governor,PA,Pennsylvania,Regular,contested,Josh Shapiro,D,Josh Shapiro,D,Stacy Garrity,R,D,,-0.2,-5.03,-4.45,34960533,2545436,-86.4,-1.64,4.19,0,-6.28,-17.6,-21.51,8,0.562,-19.79,D+19.8,59.9,40.1,5.84,0.995,0.005,Safe D
Governor,RI,RI Governor,RI,Rhode Island,Regular,contested,Dan McKee,D,Helena Foulkes,D,Aaron Guckian,R,None,,-20.34,-5.1,0,,,,0,0,0,0,-25.44,-25.14,3,0.527,-25.28,D+25.3,62.64,37.36,5.93,0.995,0.005,Safe D
Governor,SC,SC Governor,SC,South Carolina,Regular,contested,Henry McMaster,R,Jermaine Johnson,D,Alan Wilson,R,None,,16.52,-5.24,0,753609,62585,-84.7,-3,0,0,0,8.28,6.67,2,0.09,8.14,R+8.1,45.93,54.07,8.73,0.176,0.824,Likely R
Governor,SD,SD Governor,SD,South Dakota,Regular,contested,Larry Rhoden,R,Dan Ahlers,D,Larry Rhoden,R,R,,30.79,-5.78,4.45,,,,0,0.29,0,-0.43,29.03,,,,29.03,R+29.0,35.49,64.51,9.57,0.005,0.995,Safe R
Governor,TN,TN Governor,TN,Tennessee,Regular,contested,Bill Lee,R,Jerri Green,D,Marsha Blackburn,R,None,,26.68,-5.48,0,,,,0,0,-1.94,-2.91,18.29,8.39,2,0.314,15.18,R+15.2,42.41,57.59,7,0.015,0.985,Safe R
Governor,TX,TX Governor,TX,Texas,Regular,contested,Greg Abbott,R,Gina Hinojosa,D,Greg Abbott,R,R,,9.29,-5.34,4.45,8589462,71434049,78.5,1.57,0,-0.59,-0.89,9.09,1.68,25,0.845,2.83,R+2.8,48.59,51.41,6.16,0.323,0.677,Lean R
Governor,VT,VT Governor,VT,Vermont,Regular,contested,Phil Scott,R,Amanda Janoo,D,Phil Scott,R,R,,-29.95,-5.04,4.45,,,,0,0,40.09,60.14,29.6,-0.1,2,0.5,14.75,R+14.7,42.63,57.37,6.01,0.007,0.993,Likely R
Governor,WI,WI Governor,WI,Wisconsin,Regular,contested,Tony Evers,D,David Crowley,D,Tom Tiffany,R,None,,-0.14,-3.77,0,1426778,15315779,83,3,0,0.03,0.05,-0.86,-3.44,5,0.424,-1.95,D+2.0,50.98,49.02,6.25,0.623,0.377,Lean D
Governor,WY,WY Governor,WY,Wyoming,Regular,contested,Mark Gordon,R,Kenneth Casner,D,Eric Barlow,R,None,,44.66,-5.68,0,0,1673103,100,1.86,0,0,0,40.84,,,,40.84,R+40.8,29.58,70.42,9.57,0.005,0.995,Safe R
House,0201,AK-01,AK,Alaska,Regular,contested,Nicholas Begich III,R,Bill Hill,I,Nicholas Begich III,R,R,,8.3,-4.82,3,1336292,5470446,60.7,0.55,0,0,0,7.04,5.13,9,0.533,6.02,R+6.0,46.99,53.01,4.48,0.089,0.911,Likely R
House,0101,AL-01,AL,Alabama,Regular,contested,Barry Moore,R,Clyde Jones,D,Jerry Carl,R,None,,32.14,-5.11,0,85968,1162583,86.2,1.77,0,-0.2,-0.15,28.65,,,,28.65,R+28.6,35.68,64.32,5.54,0.005,0.995,Safe R
House,0102,AL-02,AL,Alabama,Regular,contested,Shomari Figures,D,Shomari Figures,D,Rhett Marques,R,D,,10.58,-5.11,-3,1355789,1318574,-1.4,1.27,0.15,0,-0.11,3.63,-1.48,3,0.18,2.71,R+2.7,48.65,51.35,4.77,0.285,0.715,Lean R
House,0103,AL-03,AL,Alabama,Regular,contested,Mike Rogers,R,Lee McInnis,D,Mike Rogers,R,R,,43.2,-5.11,3,60787,2133554,94.5,-0.04,0,0.35,0.27,41.32,,,,41.32,R+41.3,29.34,70.66,5.54,0.005,0.995,Safe R
House,0104,AL-04,AL,Alabama,Regular,contested,Robert Aderholt,R,Amanda Pusczek,D,Robert Aderholt,R,R,,63.23,-5.11,3,15591,1022664,97,-0.51,0,0.19,0.14,60.75,,,,60.75,R+60.8,19.62,80.38,5.54,0.005,0.995,Safe R
House,0105,AL-05,AL,Alabama,Regular,contested,Dale Strong,R,Andrew Sneed,D,Dale Strong,R,R,,27.85,-5.11,3,646512,1477819,39.1,-1.23,0,0.98,0.74,25.24,,,,25.24,R+25.2,37.38,62.62,5.54,0.005,0.995,Safe R
House,0106,AL-06,AL,Alabama,Regular,contested,Gary Palmer,R,Maurice Mercer,D,Gary Palmer,R,R,,32.39,-5.11,3,6539,1053566,98.8,0.68,0,0.29,0.22,31.18,,,,31.18,R+31.2,34.41,65.59,5.54,0.005,0.995,Safe R
House,0107,AL-07,AL,Alabama,Regular,contested,Terri Sewell,D,Terri Sewell,D,Ammie Akin,R,D,,-19.97,-5.11,-3,1961991,150730,-85.7,-0.17,-0.21,0,0.16,-28.09,,,,-28.09,D+28.1,64.05,35.95,5.54,0.995,0.005,Safe D
House,0501,AR-01,AR,Arkansas,Regular,contested,Rick Crawford,R,Terri Green,D,Rick Crawford,R,R,,42.39,-3.82,3,65149,944302,87.1,-0.33,0,0.64,0.48,41.72,,,,41.72,R+41.7,29.14,70.86,5.43,0.005,0.995,Safe R
House,0502,AR-02,AR,Arkansas,Regular,contested,French Hill,R,Chris Jones,D,French Hill,R,R,,14.04,-3.82,3,1174414,4421510,58,0.1,1.29,0.53,-0.57,12.76,-3.34,2,0.068,11.66,R+11.7,44.17,55.83,5.1,0.011,0.989,Likely R
House,0503,AR-03,AR,Arkansas,Regular,contested,Steve Womack,R,Robb Ryerse,D,Steve Womack,R,R,,24.48,-3.82,3,120526,1871761,87.9,0.63,0,1.2,0.9,25.19,,,,25.19,R+25.2,37.4,62.6,5.43,0.005,0.995,Safe R
House,0504,AR-04,AR,Arkansas,Regular,contested,Bruce Westerman,R,James Russell,D,Bruce Westerman,R,R,,37.32,-3.82,3,5853,2562973,99.5,0.38,0,0.87,0.65,37.54,,,,37.54,R+37.5,31.23,68.77,5.43,0.005,0.995,Safe R
House,0401,AZ-01,AZ,Arizona,Regular,contested,David Schweikert,R,Amish Shah,D,Jay Feely,R,None,,0.2,-4.4,0,1830193,2528497,16,0.87,-0.13,0,0.09,-3.23,,,,-3.23,D+3.2,51.61,48.39,5.48,0.722,0.278,Lean D
House,0402,AZ-02,AZ,Arizona,Regular,contested,Eli Crane,R,Jonathan Nez,D,Eli Crane,R,R,,10.53,-4.4,3,3519760,9481428,45.9,-0.12,1.79,-1.85,-2.73,6.29,1.83,2,0.185,5.46,R+5.5,47.27,52.73,4.69,0.122,0.878,Likely R
House,0403,AZ-03,AZ,Arizona,Regular,uncontested-D,Yassamin Ansari,D,Yassamin Ansari,D,,,D,,-44.86,-4.4,-3,,,,0,0.24,0,-0.18,-52.44,,,,-52.44,D+52.4,76.22,23.78,5.48,0.995,0.005,Safe D
House,0404,AZ-04,AZ,Arizona,Regular,contested,Greg Stanton,D,Greg Stanton,D,Zuhdi Jasser,R,D,,-8.16,-4.4,-3,2117114,564641,-57.9,0.18,-0.04,0,0.03,-15.35,,,,-15.35,D+15.4,57.68,42.32,5.48,0.995,0.005,Safe D
House,0405,AZ-05,AZ,Arizona,Regular,contested,Andy Biggs,R,Elizabeth Lee,D,Mark Lamb,R,None,,16.97,-4.4,0,153111,1222217,77.7,2.22,0,0,0,14.8,,,,14.8,R+14.8,42.6,57.4,5.48,0.005,0.995,Likely R
House,0406,AZ-06,AZ,Arizona,Regular,contested,Juan Ciscomani,R,Joanna Mendoza,D,Juan Ciscomani,R,R,,-0.34,-4.4,3,7354808,6172867,-8.7,-1.52,0,-0.07,-0.05,-3.31,-1.3,2,0.003,-3.31,D+3.3,51.65,48.35,5.46,0.728,0.272,Lean D
House,0407,AZ-07,AZ,Arizona,Regular,contested,Adelita Grijalva,D,Adelita Grijalva,D,Daniel Butierez,R,D,,-26.6,-4.4,-3,2285639,224367,-82.1,0.27,0,-0.34,-0.25,-33.99,,,,-33.99,D+34.0,66.99,33.01,5.48,0.995,0.005,Safe D
House,0408,AZ-08,AZ,Arizona,Regular,contested,Abraham Hamadeh,R,Bernadette Placentia,D,Abraham Hamadeh,R,R,,13.66,-4.4,3,209358,1206361,70.4,0.6,0,-1.07,-0.81,12.06,,,,12.06,R+12.1,43.97,56.03,5.48,0.014,0.986,Likely R
House,0409,AZ-09,AZ,Arizona,Regular,contested,Paul Gosar,R,Danielle Sterbinsky,D,Paul Gosar,R,R,,28.09,-4.4,3,354383,580042,24.1,-1.82,0,-0.37,-0.27,24.6,,,,24.6,R+24.6,37.7,62.3,5.48,0.005,0.995,Safe R
House,0601,CA-01,CA,California,Regular,contested,James Gallagher,R,Mike McGuire,D,James Gallagher,R,R,,-15.96,-6.23,3,1827711,1488906,-10.2,-0.66,0,0,0,-19.85,-27.25,1,0,-19.85,D+19.9,59.93,40.07,5.65,0.995,0.005,Safe D
House,0602,CA-02,CA,California,Regular,contested,Jared Huffman,D,Jared Huffman,D,Robin Littau,R,D,,-25.97,-6.23,-3,978277,0,-100,-0.31,0,0,0,-35.51,,,,-35.51,D+35.5,67.75,32.25,5.65,0.995,0.005,Safe D
House,0603,CA-03,CA,California,Regular,contested,Ami Bera,D,Ami Bera,D,Robb Tucker,R,D,,-11.39,-6.23,-3,1250126,258139,-65.8,0.16,-1.69,0,1.27,-19.19,,,,-19.19,D+19.2,59.6,40.4,5.65,0.995,0.005,Safe D
House,0604,CA-04,CA,California,Regular,same-party-D,Mike Thompson,D,Mike Thompson,D,Eric Jones,D,D,,-17.63,-6.23,-3,4204013,8378929,33.2,3,0.02,0,-0.01,-23.88,,,,-23.88,D+23.9,61.94,38.06,5.65,0.995,0.005,Safe D
House,0605,CA-05,CA,California,Regular,contested,Tom McClintock,R,Michael Masuda,D,Tom McClintock,R,R,,17.47,-6.23,3,361735,928788,43.9,-0.46,0,0.6,0.45,14.23,,,,14.23,R+14.2,42.88,57.12,5.65,0.006,0.994,Likely R
House,0606,CA-06,CA,California,Regular,contested,Kevin Kiley,R,Richard Pan,D,Kevin Kiley,I,R,,-10.23,-6.23,3,1098283,2988805,46.3,1.07,0,0.59,0.45,-11.94,1.78,2,0.193,-9.3,D+9.3,54.65,45.35,4.87,0.972,0.028,Likely D
House,0607,CA-07,CA,California,Regular,same-party-D,Doris Matsui,D,Doris Matsui,D,Mai Vang,D,D,,-15.7,-6.23,-3,3192087,1086084,-49.2,0.98,0.4,0,-0.3,-24.25,,,,-24.25,D+24.3,62.13,37.87,5.65,0.995,0.005,Safe D
House,0608,CA-08,CA,California,Regular,contested,John Garamendi,D,John Garamendi,D,Rudy Recile,R,D,,-38.32,-6.23,-3,489135,8576,-96.6,0.46,-0.32,-0.85,-0.4,-47.49,,,,-47.49,D+47.5,73.75,26.25,5.65,0.995,0.005,Safe D
House,0609,CA-09,CA,California,Regular,contested,Josh Harder,D,Josh Harder,D,John McBride,R,D,,-17.48,-6.23,-3,4083528,52178,-97.5,-0.66,0.64,0,-0.48,-27.85,,,,-27.85,D+27.9,63.93,36.07,5.65,0.995,0.005,Safe D
House,0610,CA-10,CA,California,Regular,contested,Mark DeSaulnier,D,Mark DeSaulnier,D,Jeff Frese,R,D,,-35.72,-6.23,-3,567258,0,-100,0.2,-1.07,0,0.8,-43.95,,,,-43.95,D+44.0,71.98,28.02,5.65,0.995,0.005,Safe D
House,0611,CA-11,CA,California,Regular,same-party-D,Nancy Pelosi,D,Connie Chan,D,Scott Wiener,D,None,,-68.71,-6.23,0,1094321,1094321,0,3,0,0,0,-71.94,,,,-71.94,D+71.9,85.97,14.03,5.65,0.995,0.005,Safe D
House,0612,CA-12,CA,California,Regular,same-party-D,Lateefah Simon,D,Lateefah Simon,D,Jamie Joyce,D,D,,-77.49,-6.23,-3,1449191,31247,-95.8,0.55,0,0,0,-86.17,,,,-86.17,D+86.2,93.09,6.91,5.65,0.995,0.005,Safe D
House,0613,CA-13,CA,California,Regular,contested,Adam Gray,D,Adam Gray,D,Kevin Lincoln,R,D,,-8.73,-6.23,-3,4191397,2237084,-30.4,1.29,0.64,-0.28,-0.69,-17.36,,,,-17.36,D+17.4,58.68,41.32,5.65,0.995,0.005,Safe D
House,0614,CA-14,CA,California,Regular,same-party-D,Aisha Wahab,D,Aisha Wahab,D,Melissa Hernandez,D,D,,-38.51,-6.23,-3,635249,1534263,41.4,3,0,0,0,-44.74,,,,-44.74,D+44.7,72.37,27.63,5.65,0.995,0.005,Safe D
House,0615,CA-15,CA,California,Regular,contested,Kevin Mullin,D,Kevin Mullin,D,Charles Hoelter,R,D,,-50.88,-6.23,-3,819662,0,-100,0.4,-0.51,0,0.38,-59.33,,,,-59.33,D+59.3,79.66,20.34,5.65,0.995,0.005,Safe D
House,0616,CA-16,CA,California,Regular,contested,Sam Liccardo,D,Sam Liccardo,D,Peter Soule,R,D,,-50.4,-6.23,-3,3489298,400,-100,0.4,0,0,0,-59.23,,,,-59.23,D+59.2,79.62,20.38,5.65,0.995,0.005,Safe D
House,0617,CA-17,CA,California,Regular,contested,Ro Khanna,D,Ro Khanna,D,Ritesh Tandon,R,D,,-41.71,-6.23,-3,13761491,37653,-99.5,0.42,-1.71,-0.03,1.26,-49.27,,,,-49.27,D+49.3,74.64,25.36,5.65,0.995,0.005,Safe D
House,0618,CA-18,CA,California,Regular,contested,Zoe Lofgren,D,Zoe Lofgren,D,Shane Lewis,R,D,,-32.64,-6.23,-3,1721916,60180,-93.2,0.28,-1.36,0,1.02,-40.57,,,,-40.57,D+40.6,70.29,29.71,5.65,0.995,0.005,Safe D
House,0619,CA-19,CA,California,Regular,contested,Jimmy Panetta,D,Jimmy Panetta,D,Peter Verbica,R,D,,-36.81,-6.23,-3,2887610,76324,-94.8,0.44,0.45,0,-0.34,-45.93,,,,-45.93,D+45.9,72.97,27.03,5.65,0.995,0.005,Safe D
House,0620,CA-20,CA,California,Regular,contested,Vince Fong,R,Sandra Van Scotter,D,Vince Fong,R,R,,29.04,-6.23,3,17086,1849356,98.2,0.89,0,0,0,26.7,,,,26.7,R+26.7,36.65,63.35,5.65,0.005,0.995,Safe R
House,0621,CA-21,CA,California,Regular,contested,Jim Costa,D,Jim Costa,D,Kyle Kirkland,R,D,,-10.23,-6.23,-3,1338630,338971,-59.6,0.32,-0.65,0,0.49,-18.65,,,,-18.65,D+18.7,59.33,40.67,5.65,0.995,0.005,Safe D
House,0622,CA-22,CA,California,Regular,contested,David Valadao,R,Randy Villegas,D,David Valadao,R,R,,-6.22,-6.23,3,2645560,4927602,30.1,0.28,0,3.05,2.29,-6.88,-5.43,2,0.006,-6.87,D+6.9,53.44,46.56,5.62,0.889,0.111,Likely D
House,0623,CA-23,CA,California,Regular,contested,Jay Obernolte,R,Tessa Lynn Hodge,D,Jay Obernolte,R,R,,16.5,-6.23,3,79499,1455868,89.6,1.24,0,0.71,0.53,15.04,,,,15.04,R+15.0,42.48,57.52,5.65,0.005,0.995,Safe R
House,0624,CA-24,CA,California,Regular,contested,Salud Carbajal,D,Salud Carbajal,D,Bob Smith,R,D,,-25.06,-6.23,-3,1650355,203264,-78.1,0.43,-2.24,0,1.68,-32.18,,,,-32.18,D+32.2,66.09,33.91,5.65,0.995,0.005,Safe D
House,0625,CA-25,CA,California,Regular,contested,Raul Ruiz,D,Raul Ruiz,D,Joe Males,R,D,,-11.62,-6.23,-3,2093907,936496,-38.2,1.16,1.78,0,-1.34,-21.02,,,,-21.02,D+21.0,60.51,39.49,5.65,0.995,0.005,Safe D
House,0626,CA-26,CA,California,Regular,contested,Julia Brownley,D,Jacqui Irwin,D,Sam Gallucci,R,None,,-16.7,-6.23,0,822382,377078,-37.1,-0.06,0,0,0,-23,,,,-23,D+23.0,61.5,38.5,5.65,0.995,0.005,Safe D
House,0627,CA-27,CA,California,Regular,contested,George Whitesides,D,George Whitesides,D,Jason Gibbs,R,D,,-13.69,-6.23,-3,3963530,379440,-82.5,-0.32,0.55,0,-0.41,-23.66,,,,-23.66,D+23.7,61.83,38.17,5.65,0.995,0.005,Safe D
House,0628,CA-28,CA,California,Regular,contested,Judy Chu,D,Judy Chu,D,April Verlato,R,D,,-29.03,-6.23,-3,930123,250,-99.9,-0.15,0.32,-0.03,-0.26,-38.68,,,,-38.68,D+38.7,69.34,30.66,5.65,0.995,0.005,Safe D
House,0629,CA-29,CA,California,Regular,same-party-D,Luz Rivas,D,Luz Rivas,D,Angelica Duenas,D,D,,-40.89,-6.23,-3,670678,37153,-89.5,0.78,0,0,0,-49.34,,,,-49.34,D+49.3,74.67,25.33,5.65,0.995,0.005,Safe D
House,0630,CA-30,CA,California,Regular,contested,Laura Friedman,D,Laura Friedman,D,Scott Meyers,R,D,,-42.33,-6.23,-3,827895,58294,-86.8,0.87,-0.96,0,0.72,-49.97,,,,-49.97,D+50.0,74.98,25.02,5.65,0.995,0.005,Safe D
House,0631,CA-31,CA,California,Regular,contested,Gilbert Cisneros,D,Gilbert Cisneros,D,Eric Ching,R,D,,-17.15,-6.23,-3,705263,81571,-79.3,-0.02,0,0.59,0.44,-25.97,,,,-25.97,D+26.0,62.99,37.01,5.65,0.995,0.005,Safe D
House,0632,CA-32,CA,California,Regular,contested,Brad Sherman,D,Brad Sherman,D,Larry Thompson,R,D,,-28.55,-6.23,-3,2514330,34316,-97.3,-0.08,-0.26,0.36,0.46,-37.4,,,,-37.4,D+37.4,68.7,31.3,5.65,0.995,0.005,Safe D
House,0633,CA-33,CA,California,Regular,contested,Pete Aguilar,D,Pete Aguilar,D,Stephanie Vargas,R,D,,-16.32,-6.23,-3,4722835,568520,-78.5,-0.04,-0.82,0,0.62,-24.97,,,,-24.97,D+25.0,62.49,37.51,5.65,0.995,0.005,Safe D
House,0634,CA-34,CA,California,Regular,same-party-D,Jimmy Gomez,D,Jimmy Gomez,D,Angela Gonzales-Torres,D,D,,-57.07,-6.23,-3,1175128,228724,-67.4,1.57,0,0,0,-64.73,,,,-64.73,D+64.7,82.36,17.64,5.65,0.995,0.005,Safe D
House,0635,CA-35,CA,California,Regular,contested,Norma Torres,D,Norma Torres,D,Mike Cargile,R,D,,-14.51,-6.23,-3,769061,4759,-98.8,-0.86,-0.49,-0.02,0.35,-24.26,,,,-24.26,D+24.3,62.13,37.87,5.65,0.995,0.005,Safe D
House,0636,CA-36,CA,California,Regular,contested,Ted Lieu,D,Ted Lieu,D,Houston Brignano,R,D,,-41.38,-6.23,-3,1832769,5139,-99.4,0.42,-1.23,0,0.92,-49.27,,,,-49.27,D+49.3,74.63,25.37,5.65,0.995,0.005,Safe D
House,0637,CA-37,CA,California,Regular,same-party-D,Sydney Kamlager-Dove,D,Sydney Kamlager-Dove,D,Samantha Mota,D,D,,-66.72,-6.23,-3,1150468,9934,-98.3,0.46,0,0,0,-75.49,,,,-75.49,D+75.5,87.75,12.25,5.65,0.995,0.005,Safe D
House,0638,CA-38,CA,California,Regular,contested,Linda Sánchez,D,Hilda Solis,D,Pedro Casas,R,None,,-18.02,-6.23,0,1049534,0,-100,-2.25,0,0,0,-26.5,,,,-26.5,D+26.5,63.25,36.75,5.65,0.995,0.005,Safe D
House,0639,CA-39,CA,California,Regular,contested,Mark Takano,D,Mark Takano,D,Steve Manos,R,D,,-14.9,-6.23,-3,893848,0,-100,-0.89,-0.83,0,0.62,-24.39,,,,-24.39,D+24.4,62.2,37.8,5.65,0.995,0.005,Safe D
House,0640,CA-40,CA,California,Regular,same-party-R,Young Kim,R,Ken Calvert,R,Young Kim,R,R,,11.55,-6.23,3,6142469,8837239,18,-1.08,-0.07,1.86,1.45,8.68,,,,20,R+20.0,40,60,5.65,0.005,0.995,Safe R
House,0641,CA-41,CA,California,Regular,contested,Linda Sánchez,D,Linda Sánchez,D,Mitch Clemmons,R,D,,-20.74,-6.23,-3,1602790,1709,-99.8,-0.58,-1.34,0,1.01,-29.54,,,,-29.54,D+29.5,64.77,35.23,5.65,0.995,0.005,Safe D
House,0642,CA-42,CA,California,Regular,contested,Robert Garcia,D,Robert Garcia,D,Brian Burley,R,D,,-16.37,-6.23,-3,2615120,231371,-83.7,-0.23,0.31,0,-0.23,-26.06,,,,-26.06,D+26.1,63.03,36.97,5.65,0.995,0.005,Safe D
House,0643,CA-43,CA,California,Regular,contested,Maxine Waters,D,Maxine Waters,D,Cristian Morales,R,D,,-53.95,-6.23,-3,863683,0,-100,0.4,-1.77,0,1.33,-61.45,,,,-61.45,D+61.5,80.73,19.27,5.65,0.995,0.005,Safe D
House,0644,CA-44,CA,California,Regular,contested,Nanette Barragan,D,Nanette Barragan,D,Genevieve Angel,R,D,,-43.42,-6.23,-3,785765,13898,-96.5,0.53,0,0,0,-52.12,,,,-52.12,D+52.1,76.06,23.94,5.65,0.995,0.005,Safe D
House,0645,CA-45,CA,California,Regular,contested,Derek Tran,D,Derek Tran,D,Chuong Vo,R,D,,-7.62,-6.23,-3,4981277,495763,-81.9,-0.62,0.77,0,-0.58,-18.04,,,,-18.04,D+18.0,59.02,40.98,5.65,0.995,0.005,Safe D
House,0646,CA-46,CA,California,Regular,contested,Lou Correa,D,Lou Correa,D,David Pan,R,D,,-22.35,-6.23,-3,1226104,80726,-87.6,-0.05,0,-1.55,-1.16,-32.8,,,,-32.8,D+32.8,66.4,33.6,5.65,0.995,0.005,Safe D
House,0647,CA-47,CA,California,Regular,contested,Dave Min,D,Dave Min,D,Jenny Le Roux,R,D,,-11.83,-6.23,-3,3381161,375883,-80,-0.33,0,0,0,-21.39,,,,-21.39,D+21.4,60.69,39.31,5.65,0.995,0.005,Safe D
House,0648,CA-48,CA,California,Regular,contested,Darrell Issa,R,Marni von Wilpert,D,Jim Desmond,R,None,,-5.53,-6.23,0,2174872,2258836,1.9,0.76,0,0,0,-11,-4.55,3,0.169,-9.91,D+9.9,54.96,45.04,4.94,0.978,0.022,Likely D
House,0649,CA-49,CA,California,Regular,contested,Mike Levin,D,Mike Levin,D,Armen Kurdian,R,D,,-12.21,-6.23,-3,3164023,58784,-96.4,-0.9,-1.17,0,0.88,-21.46,,,,-21.46,D+21.5,60.73,39.27,5.65,0.995,0.005,Safe D
House,0650,CA-50,CA,California,Regular,contested,Scott Peters,D,Scott Peters,D,Steve Cohen,R,D,,-18.71,-6.23,-3,1810961,0,-100,-0.69,-2.54,0,1.9,-26.73,,,,-26.73,D+26.7,63.36,36.64,5.65,0.995,0.005,Safe D
House,0651,CA-51,CA,California,Regular,contested,Sara Jacobs,D,Sara Jacobs,D,Ricardo Cabrera,R,D,,-19.23,-6.23,-3,1639893,0,-100,-0.66,-0.52,0,0.39,-28.73,,,,-28.73,D+28.7,64.37,35.63,5.65,0.995,0.005,Safe D
House,0652,CA-52,CA,California,Regular,contested,Juan Vargas,D,Juan Vargas,D,Jeff Belle,R,D,,-25.48,-6.23,-3,568520,25498,-91.4,-0.03,1.82,0,-1.36,-36.1,,,,-36.1,D+36.1,68.05,31.95,5.65,0.995,0.005,Safe D
House,0801,CO-01,CO,Colorado,Regular,contested,Diana DeGette,D,Melat Kiros,D,Christy Peterson,R,None,,-56.66,-4.12,0,1091198,2057,-99.6,-0.33,0,0,0,-61.12,,,,-61.12,D+61.1,80.56,19.44,5.46,0.995,0.005,Safe D
House,0802,CO-02,CO,Colorado,Regular,contested,Joe Neguse,D,Joe Neguse,D,Kelley Dennison,R,D,,-38.56,-4.12,-3,,,,0,-0.62,0,0.46,-45.22,,,,-45.22,D+45.2,72.61,27.39,5.46,0.995,0.005,Safe D
House,0803,CO-03,CO,Colorado,Regular,contested,Jeff Hurd,R,Dwayne Romero,D,Jeff Hurd,R,R,,6.96,-4.12,3,716576,3552599,66.4,0.79,0,0.66,0.49,7.12,-1.53,1,0.025,6.91,R+6.9,46.55,53.45,5.33,0.098,0.902,Likely R
House,0804,CO-04,CO,Colorado,Regular,contested,Lauren Boebert,R,Eileen Laubacher,D,Lauren Boebert,R,R,,17.27,-4.12,3,10349940,1010297,-82.2,-3,0,-2.58,-1.94,11.21,,,,11.21,R+11.2,44.4,55.6,5.46,0.02,0.98,Likely R
House,0805,CO-05,CO,Colorado,Regular,contested,Jeff Crank,R,Jessica Killin,D,Jeff Crank,R,R,,9.91,-4.12,3,3143744,2177288,-18.2,-2.41,0,0.29,0.22,6.6,0.88,1,0.023,6.47,R+6.5,46.77,53.23,5.34,0.113,0.887,Likely R
House,0806,CO-06,CO,Colorado,Regular,contested,Jason Crow,D,Jason Crow,D,Jason Clark,R,D,,-19.99,-4.12,-3,,,,0,-0.6,0,0.45,-26.67,,,,-26.67,D+26.7,63.33,36.67,5.46,0.995,0.005,Safe D
House,0807,CO-07,CO,Colorado,Regular,contested,Brittany Pettersen,D,Brittany Pettersen,D,Tim Bennett,R,D,,-13.81,-4.12,-3,1866765,63306,-93.4,-0.82,-0.29,0,0.22,-21.53,,,,-21.53,D+21.5,60.76,39.24,5.46,0.995,0.005,Safe D
House,0808,CO-08,CO,Colorado,Regular,contested,Gabe Evans,R,Manny Rutinel,D,Gabe Evans,R,R,,-0.31,-4.12,3,4336988,5393673,10.9,-0.83,0,0.6,0.45,-1.81,-1.73,1,0.291,-1.78,D+1.8,50.89,49.11,4.39,0.658,0.342,Lean D
House,0901,CT-01,CT,Connecticut,Regular,contested,John Larson,D,Luke Bronin,D,Amy Chai,R,None,,-24.68,-4.26,0,3070151,20827,-98.7,-1.96,0,0,0,-30.9,,,,-30.9,D+30.9,65.45,34.55,5.47,0.995,0.005,Safe D
House,0902,CT-02,CT,Connecticut,Regular,contested,Joe Courtney,D,Joe Courtney,D,George Austin,R,D,,-11.66,-4.26,-3,760424,283997,-45.6,0.8,3.27,0,-2.45,-20.58,,,,-20.58,D+20.6,60.29,39.71,5.47,0.995,0.005,Safe D
House,0903,CT-03,CT,Connecticut,Regular,contested,Rosa Delauro,D,Rosa Delauro,D,Christopher Lancia,R,D,,-16.13,-4.26,-3,1152007,14649,-97.5,-0.84,0.21,0,-0.16,-24.39,,,,-24.39,D+24.4,62.19,37.81,5.47,0.995,0.005,Safe D
House,0904,CT-04,CT,Connecticut,Regular,contested,Jim Himes,D,Jim Himes,D,Michael Goldstein,R,D,,-24.04,-4.26,-3,1379560,46809,-93.4,-0.28,0,-0.49,-0.37,-31.95,,,,-31.95,D+31.9,65.97,34.03,5.47,0.995,0.005,Safe D
House,0905,CT-05,CT,Connecticut,Regular,contested,Jahana Hayes,D,Jahana Hayes,D,Chris Shea,R,D,,-6.64,-4.26,-3,1290078,311676,-61.1,-0.02,-0.92,0,0.69,-13.23,,,,-13.23,D+13.2,56.62,43.38,5.47,0.992,0.008,Likely D
House,1001,DE-01,DE,Delaware,Regular,contested,Sarah McBride,D,Sarah McBride,D,Joseph Arminio,R,D,,-15.92,-5.3,-3,5060925,6634,-99.7,-0.87,-0.29,0,0.22,-24.87,,,,-24.87,D+24.9,62.44,37.56,5.56,0.995,0.005,Safe D
House,1201,FL-01,FL,Florida,Regular,contested,Jimmy Patronis,R,Gay Valimont,D,Jimmy Patronis,R,R,,32,-5.78,3,174309,3789738,91.2,0.46,1.35,0,-1.01,28.67,,,,28.67,R+28.7,35.67,64.33,5.6,0.005,0.995,Safe R
House,1202,FL-02,FL,Florida,Regular,contested,Neal Dunn,R,Amanda Green,D,Austin Rogers,R,None,,14.62,-5.78,0,348120,1010277,48.7,1.37,0,0,0,10.21,,,,10.21,R+10.2,44.89,55.11,5.6,0.034,0.966,Likely R
House,1203,FL-03,FL,Florida,Regular,contested,Kat Cammack,R,Seth Harp,D,Kat Cammack,R,R,,16.95,-5.78,3,37794,2045294,96.4,1.44,0,-0.08,-0.06,15.54,,,,15.54,R+15.5,42.23,57.77,5.6,0.005,0.995,Safe R
House,1204,FL-04,FL,Florida,Regular,contested,Aaron Bean,R,LaShonda Holloway,D,Aaron Bean,R,R,,9.57,-5.78,3,27348,2163376,97.5,1.86,0,0.3,0.22,8.88,,,,8.88,R+8.9,45.56,54.44,5.6,0.057,0.943,Likely R
House,1205,FL-05,FL,Florida,Regular,contested,John Rutherford,R,Rachel Grage,D,John Rutherford,R,R,,18.59,-5.78,3,272423,726727,45.5,-0.48,0,0.67,0.5,15.83,,,,15.83,R+15.8,42.09,57.91,5.6,0.005,0.995,Safe R
House,1206,FL-06,FL,Florida,Regular,contested,Randy Fine,R,Eric Yonce,D,Randy Fine,R,R,,25.99,-5.78,3,325710,4286207,85.9,0.59,0,0,0,23.79,,,,23.79,R+23.8,38.1,61.9,5.6,0.005,0.995,Safe R
House,1207,FL-07,FL,Florida,Regular,contested,Cory Mills,R,Bale Dalton,D,Ryan Elijah,R,None,,8.76,-5.78,0,1378109,355955,-58.9,-2.2,0,0,0,0.77,,,,0.77,R+0.8,49.61,50.39,5.6,0.445,0.555,Tilt R
House,1208,FL-08,FL,Florida,Regular,contested,Mike Haridopolos,R,Jennifer Jenkins,D,Mike Haridopolos,R,R,,13.55,-5.78,3,725731,1824838,43.1,-0.31,0,-0.23,-0.17,10.29,5.96,2,0.052,10.07,R+10.1,44.97,55.03,5.36,0.03,0.97,Likely R
House,1209,FL-09,FL,Florida,Regular,contested,Darren Soto,D,Darren Soto,D,Dan Green,R,D,,11.71,-5.78,-3,2157834,1298516,-24.9,0.4,0.22,0,-0.16,3.16,-3.44,1,0.144,2.21,R+2.2,48.89,51.11,4.97,0.328,0.672,Lean R
House,1210,FL-10,FL,Florida,Regular,uncontested-D,Maxwell Frost,D,Maxwell Frost,D,,,D,,-27.17,-5.78,-3,,,,0,-0.3,0,0.22,-35.73,,,,-35.73,D+35.7,67.87,32.13,5.6,0.995,0.005,Safe D
House,1211,FL-11,FL,Florida,Regular,contested,Daniel Webster,R,James Pericola,D,Joe Strada,R,None,,12.76,-5.78,0,119754,5248640,95.5,3,0,0,0,9.98,-2.07,1,0.033,9.57,R+9.6,45.21,54.79,5.44,0.039,0.961,Likely R
House,1212,FL-12,FL,Florida,Regular,contested,Gus Bilirakis,R,Kimberly Overman,D,Gus Bilirakis,R,R,,11.64,-5.78,3,186813,1588538,79,1.09,0,1.15,0.86,10.81,,,,10.81,R+10.8,44.6,55.4,5.6,0.027,0.973,Likely R
House,1213,FL-13,FL,Florida,Regular,contested,Anna Paulina Luna,R,Leela Gray,D,Anna Paulina Luna,R,R,,8.79,-5.78,3,1223069,3233312,45.1,0.02,0,-1.04,-0.78,5.24,-2.73,4,0.199,3.65,R+3.7,48.17,51.83,4.79,0.223,0.777,Lean R
House,1214,FL-14,FL,Florida,Regular,contested,Kathy Castor,D,Kathy Castor,D,Mike Beltran,R,D,,6.31,-5.78,-3,2337999,2116747,-5,1.4,0.3,0,-0.22,-1.29,-11.11,1,0.017,-1.46,D+1.5,50.73,49.27,5.52,0.604,0.396,Lean D
House,1215,FL-15,FL,Florida,Regular,contested,Laurel Lee,R,Robert People,D,Laurel Lee,R,R,,15.53,-5.78,3,40108,2346664,96.6,1.52,0,0.37,0.28,14.55,,,,14.55,R+14.5,42.73,57.27,5.6,0.005,0.995,Likely R
House,1216,FL-16,FL,Florida,Regular,contested,Vern Buchanan,R,Kelly Kirschner,D,Sydney Gruters,R,None,,9.77,-5.78,0,296507,1087683,57.2,1.93,0,0,0,5.92,-3.98,1,0.138,4.55,R+4.6,47.72,52.28,5,0.181,0.819,Lean R
House,1217,FL-17,FL,Florida,Regular,contested,Greg Steube,R,Matthew Montavon,D,Greg Steube,R,R,,17.74,-5.78,3,96489,1337887,86.5,1.04,0,0.04,0.03,16.02,,,,16.02,R+16.0,41.99,58.01,5.6,0.005,0.995,Safe R
House,1218,FL-18,FL,Florida,Regular,contested,Scott Franklin,R,Curtis Gibson,D,Scott Franklin,R,R,,12.69,-5.78,3,12208,850000,97.2,1.69,0,-0.05,-0.04,11.55,,,,11.55,R+11.6,44.22,55.78,5.6,0.02,0.98,Likely R
House,1219,FL-19,FL,Florida,Regular,contested,Byron Donalds,R,Victor Arias,D,Jim Schwartzel,R,None,,26.45,-5.78,0,45356,2065485,95.7,2.44,0,0,0,23.11,,,,23.11,R+23.1,38.44,61.56,5.6,0.005,0.995,Safe R
House,1220,FL-20,FL,Florida,Regular,contested,Sheila Cherfilus-McCormick,D,Debbie Wasserman Schultz,D,Brent Andersen,R,D,,-42.1,-5.78,-3,3300107,63849,-96.2,0.54,-1.35,0,1.02,-49.33,,,,-49.33,D+49.3,74.67,25.33,5.6,0.995,0.005,Safe D
House,1221,FL-21,FL,Florida,Regular,contested,Brian Mast,R,James Martin,D,Brian Mast,R,R,,13.24,-5.78,3,579319,4308890,76.3,0.91,0,1.88,1.41,12.77,,,,12.77,R+12.8,43.61,56.39,5.6,0.011,0.989,Likely R
House,1222,FL-22,FL,Florida,Regular,contested,Lois Frankel,D,Pia Dandiya,D,Casey Askar,R,None,,4.33,-5.78,0,2284052,2567760,5.8,0.36,0,0,0,-1.09,-2.96,2,0.197,-1.45,D+1.5,50.73,49.27,4.8,0.619,0.381,Lean D
House,1223,FL-23,FL,Florida,Regular,contested,Jared Moskowitz,D,Lois Frankel,D,Deborah Adeimy,R,D,,-18.64,-5.78,-3,2276254,162515,-86.7,-0.24,0.44,0,-0.33,-27.99,,,,-27.99,D+28.0,63.99,36.01,5.6,0.995,0.005,Safe D
House,1224,FL-24,FL,Florida,Regular,contested,Frederica Wilson,D,Oliver Gilbert,D,Mayonna Te Brown,R,None,,-46.59,-5.78,0,812143,313318,-44.3,1.22,0,0,0,-51.16,,,,-51.16,D+51.2,75.58,24.42,5.6,0.995,0.005,Safe D
House,1225,FL-25,FL,Florida,Regular,contested,Debbie Wasserman Schultz,D,Jared Moskowitz,D,Scott Singer,R,D,,3.75,-5.78,-3,2998428,2245960,-14.3,1.2,-0.24,0,0.18,-3.65,-12.75,1,0,-3.66,D+3.7,51.83,48.17,5.6,0.743,0.257,Lean D
House,1226,FL-26,FL,Florida,Regular,contested,Mario Diaz-Balart,R,Nicole Locklin,D,Mario Diaz-Balart,R,R,,11.18,-5.78,3,347681,2060782,71.1,0.83,0,2.03,1.52,10.75,,,,10.75,R+10.8,44.62,55.38,5.6,0.028,0.972,Likely R
House,1227,FL-27,FL,Florida,Regular,contested,Maria Salazar,R,Eliott Rodriguez,D,Maria Salazar,R,R,,8.46,-5.78,3,661173,1999399,50.3,0.22,0,0,0,5.9,-0.03,3,0.336,3.91,R+3.9,48.05,51.95,4.51,0.193,0.807,Lean R
House,1228,FL-28,FL,Florida,Regular,contested,Carlos Gimenez,R,Phil Ehr,D,Carlos Gimenez,R,R,,18.12,-5.78,3,438286,601254,15.7,-1.53,-0.71,2.34,2.29,16.1,,,,16.1,R+16.1,41.95,58.05,5.6,0.005,0.995,Safe R
House,1301,GA-01,GA,Georgia,Regular,contested,Buddy Carter,R,Amanda Hollowell,D,James Kingston,R,None,,14.64,-3.82,0,162500,1944528,84.6,2.56,0,0,0,13.38,,,,13.38,R+13.4,43.31,56.69,5.43,0.007,0.993,Likely R
House,1302,GA-02,GA,Georgia,Regular,contested,Sanford Bishop Jr.,D,Sanford Bishop Jr.,D,Matt Day,R,D,,-9.57,-3.82,-3,1126530,206344,-69,-0.18,0,0,0,-16.57,,,,-16.57,D+16.6,58.28,41.72,5.43,0.995,0.005,Safe D
House,1303,GA-03,GA,Georgia,Regular,contested,Brian Jack,R,Maura Keller,D,Brian Jack,R,R,,29.65,-3.82,3,150514,2045913,86.3,0.31,-0.11,0.11,0.17,29.3,,,,29.3,R+29.3,35.35,64.65,5.43,0.005,0.995,Safe R
House,1304,GA-04,GA,Georgia,Regular,contested,Hank Johnson,D,Hank Johnson,D,Jim Duffie,R,D,,-53.61,-3.82,-3,402315,0,-100,0.4,-0.18,0,0.14,-59.89,,,,-59.89,D+59.9,79.95,20.05,5.43,0.995,0.005,Safe D
House,1305,GA-05,GA,Georgia,Regular,contested,Nikema Williams,D,Nikema Williams,D,John Salvesen,R,D,,-71.31,-3.82,-3,,,,0,-0.29,0,0.22,-77.91,,,,-77.91,D+77.9,88.95,11.05,5.43,0.995,0.005,Safe D
House,1306,GA-06,GA,Georgia,Regular,contested,Lucy McBath,D,Lucy McBath,D,Kevin Martin,R,D,,-48.22,-3.82,-3,896856,10320,-97.7,0.48,-0.32,0,0.24,-54.31,,,,-54.31,D+54.3,77.16,22.84,5.43,0.995,0.005,Safe D
House,1307,GA-07,GA,Georgia,Regular,contested,Richard McCormick,R,Anthony Kozycki,D,Richard McCormick,R,R,,22.01,-3.82,3,392831,1642413,61.4,-0.19,0,1.06,0.79,21.8,1.04,1,0.121,19.28,R+19.3,40.36,59.64,4.87,0.005,0.995,Safe R
House,1308,GA-08,GA,Georgia,Regular,contested,Austin Scott,R,Kelly Esti,D,Austin Scott,R,R,,29.35,-3.82,3,,,,0,0,0.78,0.58,29.11,,,,29.11,R+29.1,35.44,64.56,5.43,0.005,0.995,Safe R
House,1309,GA-09,GA,Georgia,Regular,contested,Andrew Clyde,R,Caitlyn Gegen,D,Andrew Clyde,R,R,,33.16,-3.82,3,43387,671072,87.9,0.18,0,0.68,0.51,33.03,,,,33.03,R+33.0,33.48,66.52,5.43,0.005,0.995,Safe R
House,1310,GA-10,GA,Georgia,Regular,contested,Mike Collins,R,Pamela DeLancy,D,Houston Gaines,R,None,,20.72,-3.82,0,23080,2303880,98,2.72,0,0,0,19.62,,,,19.62,R+19.6,40.19,59.81,5.43,0.005,0.995,Safe R
House,1311,GA-11,GA,Georgia,Regular,contested,Barry Loudermilk,R,Chris Harden,D,John Cowan,R,None,,24.19,-3.82,0,76330,2347796,93.7,2.39,0,0,0,22.76,-3.36,1,0.234,16.66,R+16.7,41.67,58.33,4.49,0.005,0.995,Safe R
House,1312,GA-12,GA,Georgia,Regular,contested,Rick Allen,R,Ceretta Smith,D,Rick Allen,R,R,,12.52,-3.82,3,26696,993220,94.8,1.51,0,0.78,0.58,13.79,,,,13.79,R+13.8,43.1,56.9,5.43,0.006,0.994,Likely R
House,1313,GA-13,GA,Georgia,Regular,contested,Everton Blair,D,Jasmine Clark,D,Jonathan Chavez,R,None,,-41.62,-3.82,0,,,,0,0,-0.33,-0.25,-45.69,,,,-45.69,D+45.7,72.84,27.16,5.43,0.995,0.005,Safe D
House,1314,GA-14,GA,Georgia,Regular,contested,Clay Fuller,R,Shawn Harris,D,Clay Fuller,R,R,,33.8,-3.82,3,8098514,1846892,-62.9,-3,1.96,0,-1.47,28.52,,,,28.52,R+28.5,35.74,64.26,5.43,0.005,0.995,Safe R
House,1501,HI-01,HI,Hawaii,Regular,contested,Ed Case,D,Ed Case,D,Adriel Lam,R,D,,-32.77,-5.51,-3,,,,0,5.34,0,-4.01,-45.28,,,,-45.28,D+45.3,72.64,27.36,5.58,0.995,0.005,Safe D
House,1502,HI-02,HI,Hawaii,Regular,contested,Jill Tokuda,D,Jill Tokuda,D,Brenton Awa,R,D,,-28.3,-5.51,-3,820678,122615,-74,0.71,1.74,0,-1.3,-37.4,,,,-37.4,D+37.4,68.7,31.3,5.58,0.995,0.005,Safe D
House,1901,IA-01,IA,Iowa,Regular,contested,Mariannette Miller-Meeks,R,Christina Bohannan,D,Mariannette Miller-Meeks,R,R,,2.72,-6.68,3,7051745,7208271,1.1,-1.2,1.66,-1.69,-2.52,-4.68,-4.5,1,0.018,-4.67,D+4.7,52.34,47.66,5.61,0.797,0.203,Lean D
House,1902,IA-02,IA,Iowa,Regular,contested,Ashley Hinson,R,Lindsay James,D,Joe Mitchell,R,None,,5.65,-6.68,0,1628201,1938593,8.7,0.45,0,0,0,-0.58,-3.24,2,0.021,-0.63,D+0.6,50.32,49.68,5.6,0.545,0.455,Tilt D
House,1903,IA-03,IA,Iowa,Regular,contested,Zach Nunn,R,Sarah Trone Garriott,D,Zach Nunn,R,R,,1.14,-6.68,3,5293773,4869249,-4.2,-1.31,0,-0.56,-0.42,-4.26,-0.75,1,0,-4.26,D+4.3,52.13,47.87,5.7,0.773,0.227,Lean D
House,1904,IA-04,IA,Iowa,Regular,contested,Randy Feenstra,R,Dave Dawson,D,Chris McGowan,R,None,,26.9,-6.68,0,135722,679844,66.7,1.42,0,0,0,21.65,,,,21.65,R+21.6,39.18,60.82,5.7,0.005,0.995,Safe R
House,1601,ID-01,ID,Idaho,Regular,contested,Russ Fulcher,R,Kaylee Peterson,D,Russ Fulcher,R,R,,40.39,-5.29,3,181024,662615,57.1,-1.23,0.05,0.17,0.09,36.96,15.84,2,0.05,35.9,R+35.9,32.05,67.95,5.31,0.005,0.995,Safe R
House,1602,ID-02,ID,Idaho,Regular,contested,Michael Simpson,R,Elinor Gilbreath,D,Michael Simpson,R,R,,23.84,-5.29,3,106892,1118093,82.5,0.55,0,0.81,0.61,22.71,,,,22.71,R+22.7,38.65,61.35,5.56,0.005,0.995,Safe R
House,1701,IL-01,IL,Illinois,Regular,contested,Jonathan Jackson,D,Jonathan Jackson,D,Christian Maxwell,R,D,,-35.35,-5.57,-3,418350,63316,-73.7,1.09,-0.89,0,0.67,-42.16,,,,-42.16,D+42.2,71.08,28.92,5.58,0.995,0.005,Safe D
House,1702,IL-02,IL,Illinois,Regular,contested,Robin Kelly,D,Donna Miller,D,Michael Noack,R,None,,-35.66,-5.57,0,,,,0,0,0,0,-41.23,,,,-41.23,D+41.2,70.61,29.39,5.58,0.995,0.005,Safe D
House,1703,IL-03,IL,Illinois,Regular,contested,Delia Ramirez,D,Delia Ramirez,D,Angel Oakley,R,D,,-36.39,-5.57,-3,1465280,8080,-98.9,0.24,0,0,0,-44.73,,,,-44.73,D+44.7,72.36,27.64,5.58,0.995,0.005,Safe D
House,1704,IL-04,IL,Illinois,Regular,contested,Chuy García,D,Patty Garcia,D,Lupe Castillo,R,None,,-36.81,-5.57,0,358667,0,-100,-1.31,0,-1.83,-1.38,-45.06,-21.98,1,0.039,-44.17,D+44.2,72.09,27.91,5.39,0.995,0.005,Safe D
House,1705,IL-05,IL,Illinois,Regular,contested,Mike Quigley,D,Mike Quigley,D,Tommy Hanson,R,D,,-37.89,-5.57,-3,725695,0,-100,0.28,-0.3,-0.09,0.15,-46.03,,,,-46.03,D+46.0,73.01,26.99,5.58,0.995,0.005,Safe D
House,1706,IL-06,IL,Illinois,Regular,contested,Sean Casten,D,Sean Casten,D,Niki Conforti,R,D,,-7.19,-5.57,-3,2108920,313038,-74.2,-0.4,-0.78,-0.08,0.53,-15.62,,,,-15.62,D+15.6,57.81,42.19,5.58,0.995,0.005,Safe D
House,1707,IL-07,IL,Illinois,Regular,contested,Danny Davis,D,La Shawn Ford,D,Chad Koppie,R,None,,-67.34,-5.57,0,722009,55451,-85.7,0.8,0,-0.83,-0.62,-72.73,,,,-72.73,D+72.7,86.36,13.64,5.58,0.995,0.005,Safe D
House,1708,IL-08,IL,Illinois,Regular,contested,Raja Krishnamoorthi,D,Melissa Bean,D,Jennifer Davis,R,None,,-11.34,-5.57,0,2071076,1476009,-16.8,0.36,0,0,0,-16.55,,,,-16.55,D+16.6,58.28,41.72,5.58,0.995,0.005,Safe D
House,1709,IL-09,IL,Illinois,Regular,contested,Janice Schakowsky,D,Daniel Biss,D,John Elleson,R,None,,-38.07,-5.57,0,2946675,0,-100,-1.24,0,0.49,0.36,-44.51,,,,-44.51,D+44.5,72.26,27.74,5.58,0.995,0.005,Safe D
House,1710,IL-10,IL,Illinois,Regular,contested,Brad Schneider,D,Brad Schneider,D,Carl Lambrecht,R,D,,-22.39,-5.57,-3,3006862,0,-100,-0.53,-1.36,0,1.02,-30.47,,,,-30.47,D+30.5,65.24,34.76,5.58,0.995,0.005,Safe D
House,1711,IL-11,IL,Illinois,Regular,contested,Bill Foster,D,Bill Foster,D,Jeff Walter,R,D,,-12.41,-5.57,-3,2180937,311439,-75,-0.15,-0.48,0,0.36,-20.77,,,,-20.77,D+20.8,60.39,39.61,5.58,0.995,0.005,Safe D
House,1712,IL-12,IL,Illinois,Regular,contested,Mike Bost,R,Julie Fortier,D,Mike Bost,R,R,,41.53,-5.57,3,88060,1327225,87.6,-0.18,0,0.65,0.49,39.27,,,,39.27,R+39.3,30.37,69.63,5.58,0.005,0.995,Safe R
House,1713,IL-13,IL,Illinois,Regular,contested,Nikki Budzinski,D,Nikki Budzinski,D,Jeff Wilson,R,D,,-12.12,-5.57,-3,2885018,348237,-78.5,-0.29,0.97,0,-0.73,-21.71,,,,-21.71,D+21.7,60.85,39.15,5.58,0.995,0.005,Safe D
House,1714,IL-14,IL,Illinois,Regular,contested,Lauren Underwood,D,Lauren Underwood,D,James Marter,R,D,,-7.98,-5.57,-3,2417082,140848,-89,-0.89,-0.23,0,0.17,-17.26,,,,-17.26,D+17.3,58.63,41.37,5.58,0.995,0.005,Safe D
House,1715,IL-15,IL,Illinois,Regular,contested,Mary Miller,R,Jennifer Todd,D,Mary Miller,R,R,,37.42,-5.57,3,122996,1331399,83.1,-0.12,0,-0.5,-0.37,34.36,,,,34.36,R+34.4,32.82,67.18,5.58,0.005,0.995,Safe R
House,1716,IL-16,IL,Illinois,Regular,contested,Darin LaHood,R,Paul Nolley,D,Darin LaHood,R,R,,22.09,-5.57,3,415748,3672739,79.7,0.55,0,0.59,0.44,20.51,,,,20.51,R+20.5,39.74,60.26,5.58,0.005,0.995,Safe R
House,1717,IL-17,IL,Illinois,Regular,contested,Eric Sorensen,D,Eric Sorensen,D,Dillan Vancil,R,D,,-7.88,-5.57,-3,2233676,308832,-75.7,-0.42,0.18,0,-0.13,-17,,,,-17,D+17.0,58.5,41.5,5.58,0.995,0.005,Safe D
House,1801,IN-01,IN,Indiana,Regular,contested,Frank Mrvan,D,Frank Mrvan,D,Barb Regnitz,R,D,,-5.71,-4.97,-3,2386268,2376256,-0.2,2.16,1.22,0,-0.92,-12.44,,,,-12.44,D+12.4,56.22,43.78,5.53,0.988,0.012,Likely D
House,1802,IN-02,IN,Indiana,Regular,contested,Rudy Yakym,R,Jamee Decio,D,Rudy Yakym,R,R,,23.54,-4.97,3,355589,5246030,87.3,0.72,0,0,0,22.29,,,,22.29,R+22.3,38.85,61.15,5.53,0.005,0.995,Safe R
House,1803,IN-03,IN,Indiana,Regular,contested,Marlin Stutzman,R,Kelly Thompson,D,Marlin Stutzman,R,R,,29.88,-4.97,3,136340,839565,72.1,-0.16,0,0.02,0.02,27.78,,,,27.78,R+27.8,36.11,63.89,5.53,0.005,0.995,Safe R
House,1804,IN-04,IN,Indiana,Regular,contested,James Baird,R,Drew Cox,D,James Baird,R,R,,28.19,-4.97,3,20377,358293,89.2,0.55,0,0.33,0.25,27.02,,,,27.02,R+27.0,36.49,63.51,5.53,0.005,0.995,Safe R
House,1805,IN-05,IN,Indiana,Regular,contested,Victoria Spartz,R,James Ford,D,Victoria Spartz,R,R,,15.67,-4.97,3,582087,1327228,39,-0.6,0,-0.59,-0.44,12.65,0.52,1,0.022,12.39,R+12.4,43.8,56.2,5.42,0.011,0.989,Likely R
House,1806,IN-06,IN,Indiana,Regular,contested,Jefferson Shreve,R,Cynthia Wirth,D,Jefferson Shreve,R,R,,30.35,-4.97,3,37046,2426805,97,0.72,0,-0.39,-0.3,28.8,,,,28.8,R+28.8,35.6,64.4,5.53,0.005,0.995,Safe R
House,1807,IN-07,IN,Indiana,Regular,contested,Andre Carson,D,Andre Carson,D,Patrick McAuley,R,D,,-40.29,-4.97,-3,,,,0,0,0,0,-48.26,,,,-48.26,D+48.3,74.13,25.87,5.53,0.995,0.005,Safe D
House,1808,IN-08,IN,Indiana,Regular,contested,Mark Messmer,R,Mary Allen,D,Mark Messmer,R,R,,33.02,-4.97,3,294502,1171366,59.8,-0.76,0,0.33,0.24,30.54,,,,30.54,R+30.5,34.73,65.27,5.53,0.005,0.995,Safe R
House,1809,IN-09,IN,Indiana,Regular,contested,Erin Houchin,R,Brad Meyer,D,Erin Houchin,R,R,,26.74,-4.97,3,105510,1856572,89.2,0.63,0,-0.26,-0.19,25.2,,,,25.2,R+25.2,37.4,62.6,5.53,0.005,0.995,Safe R
House,2001,KS-01,KS,Kansas,Regular,contested,Tracey Mann,R,Lauren Reinhold,D,Tracey Mann,R,R,,29.83,-4.38,3,48261,1488465,93.7,0.59,0,0.66,0.5,29.55,,,,29.55,R+29.5,35.23,64.77,5.48,0.005,0.995,Safe R
House,2002,KS-02,KS,Kansas,Regular,contested,Derek Schmidt,R,Don Coover,D,Derek Schmidt,R,R,,16.38,-4.38,3,758823,1457605,31.5,-0.94,0,-2.95,-2.22,11.84,,,,11.84,R+11.8,44.08,55.92,5.48,0.015,0.985,Likely R
House,2003,KS-03,KS,Kansas,Regular,contested,Sharice Davids,D,Sharice Davids,D,Eric Jenkins,R,D,,-5.27,-4.38,-3,3690440,18916,-99,-1.45,1.47,0,-1.1,-15.2,,,,-15.2,D+15.2,57.6,42.4,5.48,0.995,0.005,Safe D
House,2004,KS-04,KS,Kansas,Regular,contested,Ron Estes,R,Katy Tyndell,D,Ron Estes,R,R,,22.05,-4.38,3,234455,1855035,77.6,0.42,0,0.31,0.23,21.33,,,,21.33,R+21.3,39.34,60.66,5.48,0.005,0.995,Safe R
House,2101,KY-01,KY,Kentucky,Regular,contested,James Comer,R,Drew Williams,D,James Comer,R,R,,43.26,-5.82,3,118755,1899533,88.2,-0.23,0,-0.4,-0.3,39.91,,,,39.91,R+39.9,30.04,69.96,5.61,0.005,0.995,Safe R
House,2102,KY-02,KY,Kentucky,Regular,contested,Brett Guthrie,R,Megan Wingfield,D,Brett Guthrie,R,R,,38.34,-5.82,3,7539,4707593,99.7,0.44,0,0.5,0.38,36.34,,,,36.34,R+36.3,31.83,68.17,5.61,0.005,0.995,Safe R
House,2103,KY-03,KY,Kentucky,Regular,contested,Morgan McGarvey,D,Morgan McGarvey,D,Maria Rodriguez,R,D,,-21.42,-5.82,-3,1633684,38069,-95.4,-0.41,0.8,0,-0.6,-31.24,,,,-31.24,D+31.2,65.62,34.38,5.61,0.995,0.005,Safe D
House,2104,KY-04,KY,Kentucky,Regular,contested,Thomas Massie,R,Melissa Strange,D,Ed Gallrein,R,None,,32.63,-5.82,0,94464,3567324,94.8,2.09,0,0,0,28.9,,,,28.9,R+28.9,35.55,64.45,5.61,0.005,0.995,Safe R
House,2105,KY-05,KY,Kentucky,Regular,contested,Harold Rogers,R,Ned Pillersdorf,D,Harold Rogers,R,R,,60.44,-5.82,3,182281,849758,64.7,-1.67,0,0.09,0.07,56.02,,,,56.02,R+56.0,21.99,78.01,5.61,0.005,0.995,Safe R
House,2106,KY-06,KY,Kentucky,Regular,contested,Andy Barr,R,Zach Dembo,D,Ralph Alvarado,R,None,,14.53,-5.82,0,1463855,1521813,1.9,-0.31,0,0,0,8.4,-1.78,4,0.396,4.37,R+4.4,47.82,52.18,4.47,0.164,0.836,Lean R
House,2201,LA-01,LA,Louisiana,Regular,contested,Steve Scalise,R,Lauren Jewett,D,Steve Scalise,R,R,,38.43,-2.61,3,142677,10638030,97.4,0.18,0,1.26,0.94,39.94,,,,39.94,R+39.9,30.03,69.97,5.36,0.005,0.995,Safe R
House,2202,LA-02,LA,Louisiana,Regular,uncontested-D,Troy Carter,D,Troy Carter,D,,,D,,-49.81,-2.61,-3,,,,0,0.49,0,-0.36,-55.78,,,,-55.78,D+55.8,77.89,22.11,5.36,0.995,0.005,Safe D
House,2203,LA-03,LA,Louisiana,Regular,contested,Clay Higgins,R,Tia LeBrun,D,Clay Higgins,R,R,,34.32,-2.61,3,6968,822841,98.3,0.43,0,0,0,35.14,,,,35.14,R+35.1,32.43,67.57,5.36,0.005,0.995,Safe R
House,2204,LA-04,LA,Louisiana,Regular,contested,Mike Johnson,R,Matthew Gromlich,D,Mike Johnson,R,R,,32.23,-2.61,3,268772,20976864,97.5,0.51,0,0.84,0.63,33.76,,,,33.76,R+33.8,33.12,66.88,5.36,0.005,0.995,Safe R
House,2205,LA-05,LA,Louisiana,Regular,contested,Julia Letlow,R,,,,,None,,31.8,-2.61,0,,,,0,0,0,0,29.19,,,,29.19,R+29.2,35.41,64.59,5.36,0.005,0.995,Safe R
House,2206,LA-06,LA,Louisiana,Regular,contested,Cleo Fields,D,,,,,None,,31.96,-2.61,0,,,,0,0,0,0,29.36,,,,29.36,R+29.4,35.32,64.68,5.36,0.005,0.995,Safe R
House,2501,MA-01,MA,Massachusetts,Regular,contested,Richard Neal,D,Richard Neal,D,Nadia Milleron,I,D,,-17.29,-4.37,-3,2462685,43869,-96.5,-0.74,0.6,0,-0.45,-25.84,,,,-25.84,D+25.8,62.92,37.08,5.48,0.995,0.005,Safe D
House,2502,MA-02,MA,Massachusetts,Regular,uncontested-D,James McGovern,D,James McGovern,D,,,D,,-27.1,-4.37,-3,,,,0,0.94,0,-0.7,-35.17,,,,-35.17,D+35.2,67.59,32.41,5.48,0.995,0.005,Safe D
House,2503,MA-03,MA,Massachusetts,Regular,contested,Lori Trahan,D,Lori Trahan,D,Gary Grossi,R,D,,-22.63,-4.37,-3,1639978,7121,-99.1,-0.55,0.43,0,-0.32,-30.87,,,,-30.87,D+30.9,65.44,34.56,5.48,0.995,0.005,Safe D
House,2504,MA-04,MA,Massachusetts,Regular,contested,Jake Auchincloss,D,Jake Auchincloss,D,Tom Stalcup,R,D,,-22.8,-4.37,-3,3630329,26242,-98.6,-0.52,-1.73,0,1.3,-29.4,,,,-29.4,D+29.4,64.7,35.3,5.48,0.995,0.005,Safe D
House,2505,MA-05,MA,Massachusetts,Regular,uncontested-D,Katherine Clark,D,Katherine Clark,D,,,D,,-46.77,-4.37,-3,,,,0,-0.47,0,0.36,-53.79,,,,-53.79,D+53.8,76.89,23.11,5.48,0.995,0.005,Safe D
House,2506,MA-06,MA,Massachusetts,Regular,contested,Seth Moulton,D,Daniel Koh,D,Micah Jones,R,None,,-23.62,-4.37,0,4716543,448868,-82.6,-1.43,0,0,0,-29.42,,,,-29.42,D+29.4,64.71,35.29,5.48,0.995,0.005,Safe D
House,2507,MA-07,MA,Massachusetts,Regular,uncontested-D,Ayanna Pressley,D,Ayanna Pressley,D,,,D,,-66.67,-4.37,-3,,,,0,0.26,0,-0.19,-74.23,,,,-74.23,D+74.2,87.12,12.88,5.48,0.995,0.005,Safe D
House,2508,MA-08,MA,Massachusetts,Regular,contested,Stephen Lynch,D,Stephen Lynch,D,Robert Burke,R,D,,-31.99,-4.37,-3,,,,0,3.04,-2.08,-3.84,-43.2,,,,-43.2,D+43.2,71.6,28.4,5.48,0.995,0.005,Safe D
House,2509,MA-09,MA,Massachusetts,Regular,contested,William Keating,D,William Keating,D,Tyler MacAllister,R,D,,-13.59,-4.37,-3,422462,175122,-41.4,1.06,0.68,0,-0.51,-20.41,,,,-20.41,D+20.4,60.21,39.79,5.48,0.995,0.005,Safe D
House,2401,MD-01,MD,Maryland,Regular,contested,Andy Harris,R,Daniel Schwartz,D,Andy Harris,R,R,,14.93,-4.72,3,695170,2319668,53.9,-0.04,0,0.04,0.03,13.19,9.38,1,0.03,13.08,R+13.1,43.46,56.54,5.35,0.007,0.993,Likely R
House,2402,MD-02,MD,Maryland,Regular,contested,Johnny Olszewski,D,John Olszewski,D,David Wallace,R,D,,-18.96,-4.72,-3,1040390,20194,-96.2,-0.62,0,0,0,-27.3,,,,-27.3,D+27.3,63.65,36.35,5.5,0.995,0.005,Safe D
House,2403,MD-03,MD,Maryland,Regular,contested,Sarah Elfreth,D,Sarah Elfreth,D,Berney Flowers,R,D,,-23.14,-4.72,-3,1141516,12708,-97.8,-0.46,-0.87,0,0.66,-30.67,,,,-30.67,D+30.7,65.33,34.67,5.5,0.995,0.005,Safe D
House,2404,MD-04,MD,Maryland,Regular,contested,Glenn Ivey,D,Glenn Ivey,D,George McDermott,R,D,,-76.54,-4.72,-3,,,,0,1.52,0.25,-0.96,-85.21,,,,-85.21,D+85.2,92.61,7.39,5.5,0.995,0.005,Safe D
House,2405,MD-05,MD,Maryland,Regular,contested,Steny Hoyer,D,Adrian Boafo,D,Chris Chaffee,R,None,,-33.28,-4.72,0,,,,0,0,-0.27,-0.2,-38.21,,,,-38.21,D+38.2,69.1,30.9,5.5,0.995,0.005,Safe D
House,2406,MD-06,MD,Maryland,Regular,contested,April Delaney,D,April Delaney,D,Robin Ficker,R,D,,-6.87,-4.72,-3,12308220,403934,-93.6,-1.16,0,0,0,-15.75,,,,-15.75,D+15.7,57.87,42.13,5.5,0.995,0.005,Safe D
House,2407,MD-07,MD,Maryland,Regular,contested,Kweisi Mfume,D,Kweisi Mfume,D,Scott Collier,R,D,,-59.9,-4.72,-3,,,,0,-0.37,-1.83,-1.09,-68.72,,,,-68.72,D+68.7,84.36,15.64,5.5,0.995,0.005,Safe D
House,2408,MD-08,MD,Maryland,Regular,contested,Jamie Raskin,D,Jamie Raskin,D,Cheryl Riley,R,D,,-57.3,-4.72,-3,7425389,16590,-99.6,0.42,0.1,0.42,0.24,-64.37,,,,-64.37,D+64.4,82.18,17.82,5.5,0.995,0.005,Safe D
House,2301,ME-01,ME,Maine,Regular,contested,Chellie Pingree,D,Chellie Pingree,D,Ronald Russell,R,D,,-21.96,-4.18,-3,429634,75680,-70,0.45,0.35,0.68,0.25,-28.43,-21.05,1,0.333,-25.97,D+26.0,62.99,37.01,4.33,0.995,0.005,Safe D
House,2302,ME-02,ME,Maine,Regular,contested,Jared Golden,D,Matt Dunlap,D,Paul LePage,R,None,,4.7,-4.18,0,1205432,2563901,36,1.35,0,-1.03,-0.77,1.1,-2.01,5,0.582,-0.71,D+0.7,50.36,49.64,4.53,0.562,0.438,Tilt D
House,2601,MI-01,MI,Michigan,Regular,contested,Jack Bergman,R,Callie Barr,D,Jack Bergman,R,R,,19.03,-3.91,3,824341,1917574,39.9,-0.81,0.21,-0.19,-0.31,17.02,,,,17.02,R+17.0,41.49,58.51,5.44,0.005,0.995,Safe R
House,2602,MI-02,MI,Michigan,Regular,contested,John Moolenaar,R,Benjamin Ambrose,D,John Moolenaar,R,R,,27.96,-3.91,3,85094,1652235,90.2,0.54,0,-0.71,-0.53,27.06,,,,27.06,R+27.1,36.47,63.53,5.44,0.005,0.995,Safe R
House,2603,MI-03,MI,Michigan,Regular,contested,Hillary Scholten,D,Hillary Scholten,D,Terri DeBoer,R,D,,-8.16,-3.91,-3,2329122,551697,-61.7,0.02,0.55,0,-0.41,-15.47,,,,-15.47,D+15.5,57.73,42.27,5.44,0.995,0.005,Safe D
House,2604,MI-04,MI,Michigan,Regular,contested,Bill Huizenga,R,Sean McCann,D,Bill Huizenga,R,R,,5,-3.91,3,2620011,4093991,22,-0.72,0,0.93,0.7,4.07,-0.76,2,0.281,2.71,R+2.7,48.64,51.36,4.39,0.268,0.732,Lean R
House,2605,MI-05,MI,Michigan,Regular,contested,Tim Walberg,R,Christian Vukasovich,D,Tim Walberg,R,R,,24.23,-3.91,3,55756,1742399,93.8,0.86,0,0.18,0.14,24.33,,,,24.33,R+24.3,37.84,62.16,5.44,0.005,0.995,Safe R
House,2606,MI-06,MI,Michigan,Regular,contested,Debbie Dingell,D,Debbie Dingell,D,Heather Smiley,R,D,,-24.59,-3.91,-3,,,,0,0.95,0.37,-0.43,-31.93,,,,-31.93,D+31.9,65.97,34.03,5.44,0.995,0.005,Safe D
House,2607,MI-07,MI,Michigan,Regular,contested,Tom Barrett,R,William Lawrence,D,Tom Barrett,R,R,,-0.27,-3.91,3,1119198,6306828,69.9,1.28,0,-0.05,-0.04,0.06,-1.91,2,0.075,-0.08,D+0.1,50.04,49.96,5.08,0.507,0.493,Tilt D
House,2608,MI-08,MI,Michigan,Regular,contested,Kristen McDonald Rivet,D,Kristen McDonald Rivet,D,Tom Smith,R,D,,-2.43,-3.91,-3,5644876,243238,-91.7,-1.36,1.69,0,-1.27,-11.97,,,,-11.97,D+12.0,55.99,44.01,5.44,0.986,0.014,Likely D
House,2609,MI-09,MI,Michigan,Regular,contested,Lisa McClain,R,Ray Pooley,D,Lisa McClain,R,R,,29.71,-3.91,3,8084,5242309,99.7,0.79,0,-0.2,-0.15,29.44,,,,29.44,R+29.4,35.28,64.72,5.44,0.005,0.995,Safe R
House,2610,MI-10,MI,Michigan,Regular,contested,John James,R,Christina Hines,D,Mike Bouchard Jr.,R,None,,2.59,-3.91,0,1211489,1623745,14.5,0.67,0,0,0,-0.65,0.48,2,0.068,-0.57,D+0.6,50.29,49.71,5.11,0.545,0.455,Tilt D
House,2611,MI-11,MI,Michigan,Regular,contested,Haley Stevens,D,Jeremy Moss,D,Ethan Baker,R,None,,-17.34,-3.91,0,1485178,141876,-82.6,-1.78,0,0,0,-23.03,,,,-23.03,D+23.0,61.52,38.48,5.44,0.995,0.005,Safe D
House,2612,MI-12,MI,Michigan,Regular,contested,Rashida Tlaib,D,Rashida Tlaib,D,James Hooper,R,D,,-42.49,-3.91,-3,2756214,775,-99.9,0.4,0.46,-0.87,-0.99,-49.99,,,,-49.99,D+50.0,74.99,25.01,5.44,0.995,0.005,Safe D
House,2613,MI-13,MI,Michigan,Regular,contested,Shri Thanedar,D,Donavan McKinney,D,T.P. Nykoriak,R,None,,-44.6,-3.91,0,,,,0,0,0,0,-48.5,,,,-48.5,D+48.5,74.25,25.75,5.44,0.995,0.005,Safe D
House,2701,MN-01,MN,Minnesota,Regular,contested,Brad Finstad,R,Jacob Johnson,D,Brad Finstad,R,R,,9.25,-4.48,3,2000547,2030569,0.7,-1.67,0,0.55,0.41,6.51,-0.46,3,0.333,4.18,R+4.2,47.91,52.09,4.36,0.169,0.831,Lean R
House,2702,MN-02,MN,Minnesota,Regular,contested,Angie Craig,D,Matt Little,D,Eric Pratt,R,None,,-6.67,-4.48,0,923277,511213,-28.7,-0.37,0,0,0,-11.52,-11.58,2,0.255,-11.54,D+11.5,55.77,44.23,4.5,0.995,0.005,Likely D
House,2703,MN-03,MN,Minnesota,Regular,contested,Kelly Morrison,D,Kelly Morrison,D,Tyler Bass,R,D,,-19.27,-4.48,-3,1361933,0,-100,-0.75,-0.99,0,0.75,-26.75,,,,-26.75,D+26.7,63.37,36.63,5.48,0.995,0.005,Safe D
House,2704,MN-04,MN,Minnesota,Regular,contested,Betty McCollum,D,Betty McCollum,D,Paul Wikstrom,R,D,,-34.84,-4.48,-3,1251583,28031,-95.6,0.22,-1.41,0,1.06,-41.04,,,,-41.04,D+41.0,70.52,29.48,5.48,0.995,0.005,Safe D
House,2705,MN-05,MN,Minnesota,Regular,contested,Ilhan Omar,D,Ilhan Omar,D,John Nagel,R,D,,-57.17,-4.48,-3,5829715,747046,-77.3,1.22,-4.18,0,3.14,-60.29,,,,-60.29,D+60.3,80.15,19.85,5.48,0.995,0.005,Safe D
House,2706,MN-06,MN,Minnesota,Regular,contested,Tom Emmer,R,Doug Chapin,D,Tom Emmer,R,R,,18.53,-4.48,3,438700,9786064,91.4,1.11,0,0.72,0.54,18.7,,,,18.7,R+18.7,40.65,59.35,5.48,0.005,0.995,Safe R
House,2707,MN-07,MN,Minnesota,Regular,contested,Michelle Fischbach,R,Erik Osberg,D,Michelle Fischbach,R,R,,32.15,-4.48,3,334945,1286028,58.7,-0.78,0,0.07,0.05,29.94,,,,29.94,R+29.9,35.03,64.97,5.48,0.005,0.995,Safe R
House,2708,MN-08,MN,Minnesota,Regular,contested,Pete Stauber,R,Trina Swanson,D,Pete Stauber,R,R,,11.28,-4.48,3,316706,1996898,72.6,0.81,0,0.03,0.02,10.63,,,,10.63,R+10.6,44.68,55.32,5.48,0.026,0.974,Likely R
House,2901,MO-01,MO,Missouri,Regular,contested,Wesley Bell,D,Wesley Bell,D,Paul Berry,R,D,,-56.5,-4.29,-3,,,,0,0.96,0,-0.72,-64.5,,,,-64.5,D+64.5,82.25,17.75,5.47,0.995,0.005,Safe D
House,2902,MO-02,MO,Missouri,Regular,contested,Ann Wagner,R,Frederick Wellman,D,Ann Wagner,R,R,,7.44,-4.29,3,1155880,3528095,50.6,0.21,0,0.26,0.2,6.56,1.09,2,0.272,5.07,R+5.1,47.46,52.54,4.44,0.127,0.873,Likely R
House,2903,MO-03,MO,Missouri,Regular,contested,Bob Onder,R,Bethany Mann,D,Bob Onder,R,R,,24.95,-4.29,3,43339,950350,91.3,0.76,0.85,-0.65,-1.12,23.3,,,,23.3,R+23.3,38.35,61.65,5.47,0.005,0.995,Safe R
House,2904,MO-04,MO,Missouri,Regular,contested,Mark Alford,R,Jordan Herrera,D,Mark Alford,R,R,,39.84,-4.29,3,41657,1387968,94.2,0.08,0,0.06,0.04,38.68,,,,38.68,R+38.7,30.66,69.34,5.47,0.005,0.995,Safe R
House,2905,MO-05,MO,Missouri,Regular,contested,Emanuel Cleaver,D,Emanuel Cleaver,D,Rick Brattin,R,D,,-23.91,-4.29,-3,1336738,331764,-60.2,0.91,-0.51,0,0.38,-29.9,,,,-29.9,D+29.9,64.95,35.05,5.47,0.995,0.005,Safe D
House,2906,MO-06,MO,Missouri,Regular,contested,Sam Graves,R,Josh Smead,D,Chris Stigall,R,None,,37.3,-4.29,0,71949,599336,78.6,1.18,0,0,0,34.19,,,,34.19,R+34.2,32.9,67.1,5.47,0.005,0.995,Safe R
House,2907,MO-07,MO,Missouri,Regular,contested,Eric Burlison,R,Missi Hesketh,D,Eric Burlison,R,R,,40.33,-4.29,3,50540,1464359,93.3,0.03,-0.25,0.05,0.22,39.29,,,,39.29,R+39.3,30.36,69.64,5.47,0.005,0.995,Safe R
House,2908,MO-08,MO,Missouri,Regular,contested,Jason Smith,R,Christopher Reichard,D,Jason Smith,R,R,,50.16,-4.29,3,,,,0,0,-0.72,-0.54,48.33,,,,48.33,R+48.3,25.83,74.17,5.47,0.005,0.995,Safe R
House,2801,MS-01,MS,Mississippi,Regular,contested,Trent Kelly,R,Cliff Johnson,D,Trent Kelly,R,R,,34.41,-4.81,3,551243,1004205,29.1,-1.95,0,1.3,0.97,31.63,,,,31.63,R+31.6,34.19,65.81,5.51,0.005,0.995,Safe R
House,2802,MS-02,MS,Mississippi,Regular,contested,Bennie Thompson,D,Bennie Thompson,D,Ron Eller,R,D,,-22.77,-4.81,-3,770971,45390,-88.9,-0.15,-0.04,-0.34,-0.23,-30.97,,,,-30.97,D+31.0,65.48,34.52,5.51,0.995,0.005,Safe D
House,2803,MS-03,MS,Mississippi,Regular,contested,Michael Guest,R,Michael Chiaradio,D,Michael Guest,R,R,,27.83,-4.81,3,155400,822761,68.2,-0.2,0,1.94,1.46,27.28,,,,27.28,R+27.3,36.36,63.64,5.51,0.005,0.995,Safe R
House,2804,MS-04,MS,Mississippi,Regular,contested,Mike Ezell,R,Jeffrey Hulum,D,Mike Ezell,R,R,,40.4,-4.81,3,29045,990106,94.3,0.09,0,1.27,0.95,39.62,,,,39.62,R+39.6,30.19,69.81,5.51,0.005,0.995,Safe R
House,3001,MT-01,MT,Montana,Regular,contested,Ryan Zinke,R,Sam Forstag,D,Aaron Flint,R,None,,5.9,-7.35,0,1382873,1303394,-3,0.05,0,0,0,-1.4,-1.81,5,0.606,-1.65,D+1.6,50.82,49.18,4.98,0.63,0.37,Lean D
House,3002,MT-02,MT,Montana,Regular,contested,Troy Downing,R,Brian Miller,D,Troy Downing,R,R,,27.15,-7.35,3,19174,2127927,98.2,1.05,0,-0.1,-0.08,23.78,17.92,1,0.2,22.61,R+22.6,38.7,61.3,5,0.005,0.995,Safe R
House,3701,NC-01,NC,North Carolina,Regular,contested,Don Davis,D,Don Davis,D,Laurie Buckhout,R,D,,8.82,-3.78,-3,4287386,3793077,-6.1,1.12,0.68,-0.54,-0.91,2.24,-7.61,3,0.238,-0.11,D+0.1,50.05,49.95,4.48,0.509,0.491,Tilt D
House,3702,NC-02,NC,North Carolina,Regular,contested,Deborah Ross,D,Deborah Ross,D,Eugene Douglass,R,D,,-33.74,-3.78,-3,1675978,0,-100,-0.03,-0.32,0,0.24,-40.32,,,,-40.32,D+40.3,70.16,29.84,5.43,0.995,0.005,Safe D
House,3703,NC-03,NC,North Carolina,Regular,contested,Gregory Murphy,R,Raymond Smith,D,Gregory Murphy,R,R,,10.76,-3.78,3,223119,2357956,82.7,1.16,0,0.06,0.04,11.18,2.87,1,0.04,10.85,R+10.8,44.58,55.42,5.23,0.019,0.981,Likely R
House,3704,NC-04,NC,North Carolina,Regular,contested,Valerie Foushee,D,Valerie Foushee,D,Max Ganorkar,R,D,,-45.14,-3.78,-3,912011,11917,-97.4,0.49,-0.15,0,0.12,-51.31,,,,-51.31,D+51.3,75.66,24.34,5.43,0.995,0.005,Safe D
House,3705,NC-05,NC,North Carolina,Regular,contested,Virginia Foxx,R,Chuck Hubbard,D,Virginia Foxx,R,R,,14.8,-3.78,3,394695,1662604,61.6,0.19,0.24,-0.58,-0.61,13.59,,,,13.59,R+13.6,43.2,56.8,5.43,0.006,0.994,Likely R
House,3706,NC-06,NC,North Carolina,Regular,contested,Addison McDowell,R,Cyril Jefferson,D,Addison McDowell,R,R,,16.8,-3.78,3,199881,1226408,72,0.46,0,0,0,16.47,,,,16.47,R+16.5,41.76,58.24,5.43,0.005,0.995,Safe R
House,3707,NC-07,NC,North Carolina,Regular,contested,David Rouzer,R,Kimberly Hardy,D,David Rouzer,R,R,,11.16,-3.78,3,293818,1990423,74.3,0.84,0,-0.67,-0.5,10.71,5.27,1,0.093,10.2,R+10.2,44.9,55.1,4.99,0.02,0.98,Likely R
House,3708,NC-08,NC,North Carolina,Regular,contested,Mark Harris,R,Colby Watson,D,Mark Harris,R,R,,17.36,-3.78,3,39569,1019134,92.5,1.17,0,-0.91,-0.68,17.06,,,,17.06,R+17.1,41.47,58.53,5.43,0.005,0.995,Safe R
House,3709,NC-09,NC,North Carolina,Regular,contested,Richard Hudson,R,Richard Ojeda,D,Richard Hudson,R,R,,13.49,-3.78,3,2237508,3215341,17.9,-1.31,0,-0.77,-0.58,10.81,5.14,1,0.17,9.84,R+9.8,45.08,54.92,4.68,0.018,0.982,Likely R
House,3710,NC-10,NC,North Carolina,Regular,contested,Pat Harrigan,R,Ashley Bell,D,Pat Harrigan,R,R,,15.69,-3.78,3,84024,1081821,85.6,1.01,0,-0.21,-0.16,15.76,10.65,1,0,15.76,R+15.8,42.12,57.88,5.43,0.005,0.995,Safe R
House,3711,NC-11,NC,North Carolina,Regular,contested,Chuck Edwards,R,Jamie Ager,D,Jennifer Balkcom,R,None,,9,-3.78,0,,,,0,0,0,0,5.21,-3.21,1,0.234,3.24,R+3.2,48.38,51.62,4.49,0.235,0.765,Lean R
House,3712,NC-12,NC,North Carolina,Regular,contested,Alma Adams,D,Alma Adams,D,Jack Codiga,R,D,,-46.53,-3.78,-3,370506,28704,-85.6,0.92,-0.33,0,0.25,-52.15,,,,-52.15,D+52.2,76.08,23.92,5.43,0.995,0.005,Safe D
House,3713,NC-13,NC,North Carolina,Regular,contested,Brad Knott,R,Paul Barringer,D,Brad Knott,R,R,,15.3,-3.78,3,1022610,1339161,13.4,-1.57,0,-0.47,-0.36,12.59,,,,12.59,R+12.6,43.7,56.3,5.43,0.01,0.99,Likely R
House,3714,NC-14,NC,North Carolina,Regular,contested,Tim Moore,R,Lakesha Womack,D,Tim Moore,R,R,,14.35,-3.78,3,24888,1538952,96.8,1.48,0,-0.48,-0.36,14.69,3.65,1,0,14.69,R+14.7,42.66,57.34,5.43,0.005,0.995,Likely R
House,3801,ND-01,ND,North Dakota,Regular,contested,Julie Fedorchak,R,Trygve Hammer,D,Julie Fedorchak,R,R,,34.47,-6.09,3,190064,1730663,80.2,-0.05,-0.78,0.78,1.17,32.5,,,,32.5,R+32.5,33.75,66.25,5.64,0.005,0.995,Safe R
House,3101,NE-01,NE,Nebraska,Regular,contested,Mike Flood,R,Christopher Backemeyer,D,Mike Flood,R,R,,12.64,-3.88,3,592233,2368910,60,0.25,0,0.57,0.43,12.45,-0.66,3,0.171,10.2,R+10.2,44.9,55.1,4.69,0.015,0.985,Likely R
House,3102,NE-02,NE,Nebraska,Regular,contested,Don Bacon,R,Denise Powell,D,Brinker Harding,R,None,,-4.1,-3.88,0,2668287,2034386,-13.5,0.01,0,0,0,-7.97,-2.95,1,0.252,-6.7,D+6.7,53.35,46.65,4.45,0.934,0.066,Likely D
House,3103,NE-03,NE,Nebraska,Regular,contested,Adrian Smith,R,Becky Stille,D,Adrian Smith,R,R,,52.96,-3.88,3,55101,1777414,94,-0.62,0,1.65,1.24,52.7,,,,52.7,R+52.7,23.65,76.35,5.44,0.005,0.995,Safe R
House,3301,NH-01,NH,New Hampshire,Regular,contested,Chris Pappas,D,Stefany Shaheen,D,Anthony Dilorenzo,R,None,,-4.32,-4.32,0,2432372,2500778,1.4,0.58,0,0,0,-8.06,-3.05,1,0.333,-6.39,D+6.4,53.2,46.8,4.35,0.929,0.071,Likely D
House,3302,NH-02,NH,New Hampshire,Regular,contested,Maggie Goodlander,D,Maggie Goodlander,D,Lily Williams,R,D,,-6.12,-4.32,-3,4155360,1199750,-55.2,0.17,-0.06,0,0.05,-13.23,-19.46,2,0.372,-15.55,D+15.5,57.77,42.23,4.31,0.995,0.005,Safe D
House,3401,NJ-01,NJ,New Jersey,Regular,contested,Donald Norcross,D,Donald Norcross,D,Damon Galdo,R,D,,-20.83,-5.71,-3,1657743,11125,-98.7,-0.56,-0.82,0,0.61,-29.48,,,,-29.48,D+29.5,64.74,35.26,5.6,0.995,0.005,Safe D
House,3402,NJ-02,NJ,New Jersey,Regular,contested,Jeff Van Drew,R,Zack Mullock,D,Jeff Van Drew,R,R,,9.57,-5.71,3,462863,1930058,61.3,0.56,0,0,0,7.41,,,,7.41,R+7.4,46.29,53.71,5.6,0.093,0.907,Likely R
House,3403,NJ-03,NJ,New Jersey,Regular,contested,Herbert Conaway,D,Herb Conaway,D,Michael McGuire,R,D,,-10.91,-5.71,-3,934660,79190,-84.4,-0.56,-0.38,0,0.28,-19.9,,,,-19.9,D+19.9,59.95,40.05,5.6,0.995,0.005,Safe D
House,3404,NJ-04,NJ,New Jersey,Regular,contested,Christopher Smith,R,Rachel Peace,D,Christopher Smith,R,R,,27.7,-5.71,3,34352,592016,89,0.61,0,1.35,1.01,26.61,,,,26.61,R+26.6,36.7,63.3,5.6,0.005,0.995,Safe R
House,3405,NJ-05,NJ,New Jersey,Regular,contested,Josh Gottheimer,D,Josh Gottheimer,D,Sean Kirrane,R,D,,-7.02,-5.71,-3,4765145,55656,-97.7,-1.24,0.74,0,-0.55,-17.52,,,,-17.52,D+17.5,58.76,41.24,5.6,0.995,0.005,Safe D
House,3406,NJ-06,NJ,New Jersey,Regular,contested,Frank Pallone,D,Frank Pallone,D,Hillary Herzig,R,D,,-13.05,-5.71,-3,2214837,7645,-99.3,-0.99,1.13,0,-0.85,-23.6,,,,-23.6,D+23.6,61.8,38.2,5.6,0.995,0.005,Safe D
House,3407,NJ-07,NJ,New Jersey,Regular,contested,Thomas Kean,R,Rebecca Bennett,D,Thomas Kean,R,R,,0.78,-5.71,3,4272034,4892807,6.8,-0.95,0,1.29,0.97,-1.91,-6.81,2,0.244,-3.1,D+3.1,51.55,48.45,4.66,0.747,0.253,Lean D
House,3408,NJ-08,NJ,New Jersey,Regular,contested,Robert Menendez,D,Robert Menendez,D,Aristotle Eliopoulos,I,D,,-36.39,-5.71,-3,,,,0,1.15,0,-0.86,-45.96,,,,-45.96,D+46.0,72.98,27.02,5.6,0.995,0.005,Safe D
House,3409,NJ-09,NJ,New Jersey,Regular,contested,Nellie Pou,D,Nellie Pou,D,Rosemary Pino,R,D,,-8.39,-5.71,-3,2661928,437829,-71.8,-0.24,0.06,0,-0.04,-17.38,,,,-17.38,D+17.4,58.69,41.31,5.6,0.995,0.005,Safe D
House,3410,NJ-10,NJ,New Jersey,Regular,contested,LaMonica McIver,D,LaMonica McIver,D,Carmen Bucco,R,D,,-53.35,-5.71,-3,2136938,2270,-99.8,0.41,-0.24,0.24,0.36,-61.29,,,,-61.29,D+61.3,80.65,19.35,5.6,0.995,0.005,Safe D
House,3411,NJ-11,NJ,New Jersey,Regular,contested,Analilia Mejia,D,Analilia Mejia,D,Joe Hathaway,R,D,,-12,-5.71,-3,1823436,657711,-47,0.84,0,0,0,-19.87,,,,-19.87,D+19.9,59.94,40.06,5.6,0.995,0.005,Safe D
House,3412,NJ-12,NJ,New Jersey,Regular,contested,Bonnie Watson Coleman,D,Adam Hamawy,D,Gregg Mele,R,None,,-26.29,-5.71,0,1533852,79425,-90.2,-1.5,0,0,0,-33.49,,,,-33.49,D+33.5,66.75,33.25,5.6,0.995,0.005,Safe D
House,3501,NM-01,NM,New Mexico,Regular,contested,Melanie Stansbury,D,Melanie Stansbury,D,Didi Okpareke,R,D,,-12.57,-5.48,-3,1353564,100340,-86.2,-0.55,-0.68,0,0.51,-21.1,,,,-21.1,D+21.1,60.55,39.45,5.57,0.995,0.005,Safe D
House,3502,NM-02,NM,New Mexico,Regular,contested,Gabe Vasquez,D,Gabe Vasquez,D,Greg Cunningham,R,D,,-2.96,-5.48,-3,3784102,1510080,-43,0.5,0.66,0,-0.49,-11.43,-3.92,2,0.164,-10.2,D+10.2,55.1,44.9,4.87,0.982,0.018,Likely D
House,3503,NM-03,NM,New Mexico,Regular,contested,Teresa Leger Fernandez,D,Teresa Leger Fernandez,D,Martin Zamora,R,D,,-9.64,-5.48,-3,1249949,440623,-47.9,0.67,1.24,0,-0.93,-18.37,,,,-18.37,D+18.4,59.19,40.81,5.57,0.995,0.005,Safe D
House,3201,NV-01,NV,Nevada,Regular,contested,Dina Titus,D,Dina Titus,D,Carrie Buck,R,D,,-5.63,-5.13,-3,1537358,1915058,10.9,2.56,0.14,0,-0.11,-11.3,,,,-11.3,D+11.3,55.65,44.35,5.54,0.979,0.021,Likely D
House,3202,NV-02,NV,Nevada,Regular,contested,Mark Amodei,R,Teresa Benitez-Thompson,D,Dave Flippo,R,None,,12.54,-5.13,0,257087,2275392,79.7,2.56,0,0,0,9.97,-2.51,3,0.264,6.68,R+6.7,46.66,53.34,4.55,0.071,0.929,Likely R
House,3203,NV-03,NV,Nevada,Regular,contested,Susie Lee,D,Susie Lee,D,Marty O'Donnell,R,D,,-2.98,-5.13,-3,4401421,4055410,-4.1,1.88,0.14,0,-0.1,-9.33,,,,-9.33,D+9.3,54.67,45.33,5.54,0.954,0.046,Likely D
House,3204,NV-04,NV,Nevada,Regular,contested,Steven Horsford,D,Steven Horsford,D,Cody Whipple,R,D,,-5.69,-5.13,-3,3350563,884687,-58.2,0.08,-0.01,0,0.01,-13.73,,,,-13.73,D+13.7,56.87,43.13,5.54,0.993,0.007,Likely D
House,3601,NY-01,NY,New York,Regular,contested,Nick LaLota,R,Christopher Gallant,D,Nick LaLota,R,R,,6.26,-6.79,3,647598,3795307,70.8,1.13,0,-0.06,-0.04,3.56,,,,3.56,R+3.6,48.22,51.78,5.71,0.267,0.733,Lean R
House,3602,NY-02,NY,New York,Regular,contested,Andrew Garbarino,R,Patrick Halpin,D,Andrew Garbarino,R,R,,10.13,-6.79,3,461848,3513016,76.8,1.14,0,1.66,1.25,8.73,,,,8.73,R+8.7,45.64,54.36,5.71,0.063,0.937,Likely R
House,3603,NY-03,NY,New York,Regular,contested,Thomas Suozzi,D,Thomas Suozzi,D,Mike LiPetri,R,D,,-2.26,-6.79,-3,5456698,1666542,-53.2,0.16,0.38,0,-0.29,-12.17,,,,-12.17,D+12.2,56.09,43.91,5.71,0.983,0.017,Likely D
House,3604,NY-04,NY,New York,Regular,contested,Laura Gillen,D,Laura Gillen,D,Jeanine Driscoll,R,D,,-7.29,-6.79,-3,5097222,264824,-90.1,-0.9,0.11,0,-0.08,-18.07,,,,-18.07,D+18.1,59.03,40.97,5.71,0.995,0.005,Safe D
House,3605,NY-05,NY,New York,Regular,contested,Gregory Meeks,D,Gregory Meeks,D,George Marsh,R,D,,-49.56,-6.79,-3,,,,0,-0.57,0,0.43,-58.92,,,,-58.92,D+58.9,79.46,20.54,5.71,0.995,0.005,Safe D
House,3606,NY-06,NY,New York,Regular,contested,Grace Meng,D,Grace Meng,D,Joseph Chou,R,D,,-18.99,-6.79,-3,2033045,2578,-99.7,-0.64,2.26,0,-1.7,-31.12,,,,-31.12,D+31.1,65.56,34.44,5.71,0.995,0.005,Safe D
House,3607,NY-07,NY,New York,Regular,contested,Nydia Velázquez,D,Claire Valdez,D,Melvin Rivera,R,None,,-54.14,-6.79,0,,,,0,0,0,0,-60.93,,,,-60.93,D+60.9,80.47,19.53,5.71,0.995,0.005,Safe D
House,3608,NY-08,NY,New York,Regular,contested,Hakeem Jeffries,D,Hakeem Jeffries,D,Lewis Mizrahi,R,D,,-49.24,-6.79,-3,,,,0,0.22,0,-0.17,-59.2,,,,-59.2,D+59.2,79.6,20.4,5.71,0.995,0.005,Safe D
House,3609,NY-09,NY,New York,Regular,contested,Yvette Clarke,D,Yvette Clarke,D,Joel Anabilah-Azumah,R,D,,-46.9,-6.79,-3,,,,0,1,0,-0.75,-57.44,,,,-57.44,D+57.4,78.72,21.28,5.71,0.995,0.005,Safe D
House,3610,NY-10,NY,New York,Regular,contested,Daniel Goldman,D,Brad Lander,D,Jennifer Moore,R,None,,-65.72,-6.79,0,,,,0,0,0,0,-72.51,,,,-72.51,D+72.5,86.25,13.75,5.71,0.995,0.005,Safe D
House,3611,NY-11,NY,New York,Regular,contested,Nicole Malliotakis,R,Michael DeCillis,D,Nicole Malliotakis,R,R,,16.86,-6.79,3,67616,2750505,95.2,1.45,0,1.14,0.85,15.37,,,,15.37,R+15.4,42.31,57.69,5.71,0.005,0.995,Safe R
House,3612,NY-12,NY,New York,Regular,contested,Jerry Nadler,D,Micah Lasher,D,Caroline Shinkle,R,None,,-65.31,-6.79,0,3315975,155145,-91.1,0.57,0,0,0,-71.54,,,,-71.54,D+71.5,85.77,14.23,5.71,0.995,0.005,Safe D
House,3613,NY-13,NY,New York,Regular,contested,Adriano Espaillat,D,Darializa Avila Chevalier,D,Jomo M. Williams,R,None,,-67.81,-6.79,0,,,,0,0,0,0,-74.6,,,,-74.6,D+74.6,87.3,12.7,5.71,0.995,0.005,Safe D
House,3614,NY-14,NY,New York,Regular,contested,Alexandria Ocasio-Cortez,D,Alexandria Ocasio-Cortez,D,Diamant Hysenaj,R,D,,-41.79,-6.79,-3,32607754,342896,-97.9,0.47,-0.81,0,0.61,-50.5,,,,-50.5,D+50.5,75.25,24.75,5.71,0.995,0.005,Safe D
House,3615,NY-15,NY,New York,Regular,contested,Ritchie Torres,D,Ritchie Torres,D,Stylo Sapaskis,R,D,,-58.21,-6.79,-3,,,,0,0.99,-0.83,-1.36,-69.36,,,,-69.36,D+69.4,84.68,15.32,5.71,0.995,0.005,Safe D
House,3616,NY-16,NY,New York,Regular,contested,George Latimer,D,George Latimer,D,Joseph Cinquemani,R,D,,-38.47,-6.79,-3,,,,0,2.18,0,-1.64,-49.89,,,,-49.89,D+49.9,74.95,25.05,5.71,0.995,0.005,Safe D
House,3617,NY-17,NY,New York,Regular,contested,Mike Lawler,R,Cait Conley,D,Mike Lawler,R,R,,-3.93,-6.79,3,4317457,8172046,30.9,0.22,0,0,0,-7.5,-1.17,4,0.508,-4.28,D+4.3,52.14,47.86,4.68,0.82,0.18,Lean D
House,3618,NY-18,NY,New York,Regular,contested,Patrick Ryan,D,Patrick Ryan,D,Jacqueline Auringer,R,D,,-7.55,-6.79,-3,4723627,89698,-96.3,-1.11,0.87,0,-0.65,-19.1,-16.02,1,0.029,-19.01,D+19.0,59.51,40.49,5.58,0.995,0.005,Safe D
House,3619,NY-19,NY,New York,Regular,contested,Josh Riley,D,Josh Riley,D,Peter Oberacker,R,D,,-4.51,-6.79,-3,4825666,1237179,-59.2,0.07,-0.24,0,0.18,-14.06,,,,-14.06,D+14.1,57.03,42.97,5.71,0.993,0.007,Likely D
House,3620,NY-20,NY,New York,Regular,contested,Paul Tonko,D,Paul Tonko,D,Ralph Ambrosio,R,D,,-17.13,-6.79,-3,957587,29026,-94.1,-0.53,1,0,-0.75,-28.2,,,,-28.2,D+28.2,64.1,35.9,5.71,0.995,0.005,Safe D
House,3621,NY-21,NY,New York,Regular,contested,Elise Stefanik,R,Blake Gendebien,D,Anthony Constantino,R,None,,17.59,-6.79,0,5461528,9460254,26.8,0.48,0,0,0,11.28,1.74,4,0.387,7.59,R+7.6,46.21,53.79,4.61,0.05,0.95,Likely R
House,3622,NY-22,NY,New York,Regular,contested,John Mannion,D,John Mannion,D,Kailee Buller,R,D,,-11.34,-6.79,-3,2694739,267339,-81.9,-0.4,1.08,0,-0.81,-22.34,,,,-22.34,D+22.3,61.17,38.83,5.71,0.995,0.005,Safe D
House,3623,NY-23,NY,New York,Regular,contested,Nick Langworthy,R,Aaron Gies,D,Nick Langworthy,R,R,,20.38,-6.79,3,227174,2326405,82.2,0.8,0,1.28,0.96,18.35,19.15,2,0.5,18.75,R+18.7,40.63,59.37,4.67,0.005,0.995,Safe R
House,3624,NY-24,NY,New York,Regular,contested,Claudia Tenney,R,Alissa Ellman,D,Claudia Tenney,R,R,,23.11,-6.79,3,193088,2763139,86.9,0.83,0,0.36,0.27,20.41,,,,20.41,R+20.4,39.79,60.21,5.71,0.005,0.995,Safe R
House,3625,NY-25,NY,New York,Regular,contested,Joseph Morelle,D,Joseph Morelle,D,Virginia McIntyre,R,D,,-18.5,-6.79,-3,1786904,32416,-96.4,-0.54,-1.51,0,1.13,-27.7,,,,-27.7,D+27.7,63.85,36.15,5.71,0.995,0.005,Safe D
House,3626,NY-26,NY,New York,Regular,contested,Timothy Kennedy,D,Timothy Kennedy,D,Dennis Hannon,R,D,,-24.98,-6.79,-3,,,,0,1.18,0,-0.89,-35.66,,,,-35.66,D+35.7,67.83,32.17,5.71,0.995,0.005,Safe D
House,3901,OH-01,OH,Ohio,Regular,contested,Greg Landsman,D,Greg Landsman,D,Eric Conroy,R,D,,0.91,-5.21,-3,4633250,1513614,-50.8,0,0.15,0,-0.11,-7.4,-8.09,1,0.111,-7.48,D+7.5,53.74,46.26,5.04,0.931,0.069,Likely D
House,3902,OH-02,OH,Ohio,Regular,contested,David Taylor,R,Jennifer Mazzuckelli,D,David Taylor,R,R,,39.55,-5.21,3,,,,0,0,-0.19,-0.14,37.2,,,,37.2,R+37.2,31.4,68.6,5.55,0.005,0.995,Safe R
House,3903,OH-03,OH,Ohio,Regular,contested,Joyce Beatty,D,Joyce Beatty,D,Cleophus Dulaney,R,D,,-41,-5.21,-3,,,,0,-0.53,0,0.4,-48.81,,,,-48.81,D+48.8,74.41,25.59,5.55,0.995,0.005,Safe D
House,3904,OH-04,OH,Ohio,Regular,contested,Jim Jordan,R,Joshua Kolasinski,D,Jim Jordan,R,R,,39.06,-5.21,3,12868,4774322,99.5,0.36,0,-0.48,-0.36,36.86,,,,36.86,R+36.9,31.57,68.43,5.55,0.005,0.995,Safe R
House,3905,OH-05,OH,Ohio,Regular,contested,Robert Latta,R,Brian Shaver,D,Robert Latta,R,R,,21.97,-5.21,3,11664,1461648,98.4,1.22,0,1.44,1.08,22.06,,,,22.06,R+22.1,38.97,61.03,5.55,0.005,0.995,Safe R
House,3906,OH-06,OH,Ohio,Regular,contested,Michael Rulli,R,Elizabeth Kirtley,D,Michael Rulli,R,R,,30.02,-5.21,3,1132,1112553,99.8,0.85,0,-0.6,-0.45,28.21,,,,28.21,R+28.2,35.89,64.11,5.55,0.005,0.995,Safe R
House,3907,OH-07,OH,Ohio,Regular,contested,Max Miller,R,Brian Poindexter,D,Max Miller,R,R,,8.84,-5.21,3,603156,2142562,56.1,0.38,0,-0.66,-0.5,6.52,-12.74,4,0.144,3.75,R+3.7,48.13,51.87,4.91,0.223,0.777,Lean R
House,3908,OH-08,OH,Ohio,Regular,contested,Warren Davidson,R,Vanessa Enoch,D,Warren Davidson,R,R,,13.84,-5.21,3,0,661353,100,1.7,0.27,-0.14,-0.31,13.02,,,,13.02,R+13.0,43.49,56.51,5.55,0.009,0.991,Likely R
House,3909,OH-09,OH,Ohio,Regular,contested,Marcy Kaptur,D,Marcy Kaptur,D,Derek Merrin,R,D,,5.43,-5.21,-3,4303416,1508953,-48.1,-0.14,2.69,0.48,-1.66,-4.57,-0.33,2,0.333,-3.16,D+3.2,51.58,48.42,4.44,0.762,0.238,Lean D
House,3910,OH-10,OH,Ohio,Regular,contested,Michael Turner,R,Kristina Knickerbocker,D,Michael Turner,R,R,,9.34,-5.21,3,362666,894595,42.3,-0.14,0,0,0,6.99,6.03,2,0.039,6.95,R+7.0,46.52,53.48,5.36,0.097,0.903,Likely R
House,3911,OH-11,OH,Ohio,Regular,contested,Shontel Brown,D,Shontel Brown,D,Mike Kirchner,R,D,,-56.41,-5.21,-3,,,,0,0.45,0,-0.34,-64.95,,,,-64.95,D+65.0,82.48,17.52,5.55,0.995,0.005,Safe D
House,3912,OH-12,OH,Ohio,Regular,contested,Troy Balderson,R,Jerrad Christian,D,Troy Balderson,R,R,,28.9,-5.21,3,84378,1743281,90.8,0.58,-0.28,0.36,0.47,27.74,,,,27.74,R+27.7,36.13,63.87,5.55,0.005,0.995,Safe R
House,3913,OH-13,OH,Ohio,Regular,contested,Emilia Sykes,D,Emilia Sykes,D,Carey Coleman,R,D,,-6.29,-5.21,-3,3137440,127109,-92.2,-1.11,1.14,0,-0.86,-16.47,,,,-16.47,D+16.5,58.23,41.77,5.55,0.995,0.005,Safe D
House,3914,OH-14,OH,Ohio,Regular,contested,David Joyce,R,Maria Jukic,D,David Joyce,R,R,,18.98,-5.21,3,61678,1410643,91.6,1.13,0,1.46,1.09,18.99,,,,18.99,R+19.0,40.5,59.5,5.55,0.005,0.995,Safe R
House,3915,OH-15,OH,Ohio,Regular,contested,Mike Carey,R,Don Leonard,D,Mike Carey,R,R,,8.52,-5.21,3,606658,3299678,68.9,0.86,0,-0.48,-0.36,6.81,0.4,1,0.333,4.67,R+4.7,47.66,52.34,4.44,0.146,0.854,Lean R
House,4001,OK-01,OK,Oklahoma,Regular,contested,Kevin Hern,R,John Croisant,D,Mark Tedford,R,None,,20.53,-4.75,0,141972,1763830,85.1,2.32,0,0,0,18.1,,,,18.1,R+18.1,40.95,59.05,5.51,0.005,0.995,Safe R
House,4002,OK-02,OK,Oklahoma,Regular,contested,Josh Brecheen,R,Brandon Wade,D,Josh Brecheen,R,R,,50.47,-4.75,3,4290,218894,96.2,-0.38,0.4,-1.65,-1.54,46.8,,,,46.8,R+46.8,26.6,73.4,5.51,0.005,0.995,Safe R
House,4003,OK-03,OK,Oklahoma,Regular,contested,Frank Lucas,R,Suzie Byrd,D,Frank Lucas,R,R,,42.8,-4.75,3,,,,0,0,0.01,0.01,41.06,,,,41.06,R+41.1,29.47,70.53,5.51,0.005,0.995,Safe R
House,4004,OK-04,OK,Oklahoma,Regular,contested,Tom Cole,R,Mitchell Jacob,D,Tom Cole,R,R,,30.63,-4.75,3,65289,3827891,96.6,0.68,0,-0.06,-0.04,29.52,,,,29.52,R+29.5,35.24,64.76,5.51,0.005,0.995,Safe R
House,4005,OK-05,OK,Oklahoma,Regular,contested,Stephanie Bice,R,Jena Nelson,D,Stephanie Bice,R,R,,17.04,-4.75,3,449421,1943507,62.4,0.16,0,0.5,0.37,15.82,5.44,1,0.323,12.47,R+12.5,43.77,56.23,4.4,0.005,0.995,Likely R
House,4101,OR-01,OR,Oregon,Regular,contested,Suzanne Bonamici,D,Suzanne Bonamici,D,Barbara Kahl,R,D,,-37.49,-4.24,-3,816770,4466,-98.9,0.23,-0.47,0,0.35,-44.15,,,,-44.15,D+44.2,72.08,27.92,5.47,0.995,0.005,Safe D
House,4102,OR-02,OR,Oregon,Regular,contested,Cliff Bentz,R,Chris Beck,D,Cliff Bentz,R,R,,26.11,-4.24,3,94774,1011413,82.9,0.39,0,0.71,0.53,25.79,,,,25.79,R+25.8,37.11,62.89,5.47,0.005,0.995,Safe R
House,4103,OR-03,OR,Oregon,Regular,contested,Maxine Dexter,D,Maxine Dexter,D,Loran Ayles,R,D,,-45.18,-4.24,-3,,,,0,-0.68,0,0.51,-51.91,,,,-51.91,D+51.9,75.96,24.04,5.47,0.995,0.005,Safe D
House,4104,OR-04,OR,Oregon,Regular,contested,Val Hoyle,D,Val Hoyle,D,Monique Despain,R,D,,-11.64,-4.24,-3,1222922,677571,-28.7,1.4,-1.28,1.69,2.23,-15.26,,,,-15.26,D+15.3,57.63,42.37,5.47,0.995,0.005,Safe D
House,4105,OR-05,OR,Oregon,Regular,contested,Janelle Bynum,D,Janelle Bynum,D,Patti Adair,R,D,,-7.57,-4.24,-3,3760212,423922,-79.7,-0.65,-0.26,0,0.2,-15.26,,,,-15.26,D+15.3,57.63,42.37,5.47,0.995,0.005,Safe D
House,4106,OR-06,OR,Oregon,Regular,contested,Andrea Salinas,D,Andrea Salinas,D,David Russ,R,D,,-10.46,-4.24,-3,1613394,12791,-98.4,-1.17,-1.84,0,1.38,-17.49,,,,-17.49,D+17.5,58.75,41.25,5.47,0.995,0.005,Safe D
House,4201,PA-01,PA,Pennsylvania,Regular,contested,Brian Fitzpatrick,R,Robert Harvie,D,Brian Fitzpatrick,R,R,,0.32,-5.03,3,2007499,6734931,54.1,0.74,0,3.91,2.94,1.96,3.78,3,0.347,2.59,R+2.6,48.7,51.3,4.41,0.278,0.722,Lean R
House,4202,PA-02,PA,Pennsylvania,Regular,contested,Brendan Boyle,D,Brendan Boyle,D,Jessica Arriaga,R,D,,-40.95,-5.03,-3,2451958,0,-100,0.4,1.64,0,-1.23,-49.81,,,,-49.81,D+49.8,74.91,25.09,5.53,0.995,0.005,Safe D
House,4203,PA-03,PA,Pennsylvania,Regular,contested,Dwight Evans,D,Chris Rabb,D,Dennis Mahoney,I,None,,-79.17,-5.03,0,1329253,10800,-98.4,0.46,0,0,0,-83.74,,,,-83.74,D+83.7,91.87,8.13,5.53,0.995,0.005,Safe D
House,4204,PA-04,PA,Pennsylvania,Regular,contested,Madeleine Dean,D,Madeleine Dean,D,Aurora Stuski,R,D,,-17.08,-5.03,-3,,,,0,-0.03,0,0.02,-25.1,,,,-25.1,D+25.1,62.55,37.45,5.53,0.995,0.005,Safe D
House,4205,PA-05,PA,Pennsylvania,Regular,contested,Mary Scanlon,D,Mary Scanlon,D,Nicholas Manganaro,R,D,,-29.77,-5.03,-3,990586,9296,-98.1,-0.11,0,0,0,-37.91,,,,-37.91,D+37.9,68.95,31.05,5.53,0.995,0.005,Safe D
House,4206,PA-06,PA,Pennsylvania,Regular,contested,Chrissy Houlahan,D,Chrissy Houlahan,D,Martin Young,R,D,,-12.3,-5.03,-3,1763415,411270,-62.2,0.27,-0.6,0,0.45,-19.61,,,,-19.61,D+19.6,59.8,40.2,5.53,0.995,0.005,Safe D
House,4207,PA-07,PA,Pennsylvania,Regular,contested,Ryan Mackenzie,R,Bob Brooks,D,Ryan Mackenzie,R,R,,1.48,-5.03,3,2392215,4357405,29.1,-0.22,0,0.77,0.58,-0.19,-3.75,2,0.327,-1.35,D+1.3,50.67,49.33,4.43,0.62,0.38,Lean D
House,4208,PA-08,PA,Pennsylvania,Regular,contested,Rob Bresnahan,R,Paige Cognetti,D,Rob Bresnahan,R,R,,4.34,-5.03,3,4609589,5234586,6.3,-1.19,0,-0.01,-0.01,1.12,-1.59,2,0.009,1.09,R+1.1,49.45,50.55,5.49,0.421,0.579,Lean R
House,4209,PA-09,PA,Pennsylvania,Regular,contested,Daniel Meuser,R,Rachel Wallace,D,Daniel Meuser,R,R,,34.92,-5.03,3,697865,1903078,46.3,-1.34,0,-0.2,-0.15,31.4,,,,31.4,R+31.4,34.3,65.7,5.53,0.005,0.995,Safe R
House,4210,PA-10,PA,Pennsylvania,Regular,contested,Scott Perry,R,Janelle Stelson,D,Scott Perry,R,R,,2.67,-5.03,3,6364069,5194925,-10.1,-1.69,1.14,-0.43,-1.18,-2.23,-1.7,2,0.323,-2.06,D+2.1,51.03,48.97,4.43,0.679,0.321,Lean D
House,4211,PA-11,PA,Pennsylvania,Regular,contested,Lloyd Smucker,R,Nancy Mannion,D,Lloyd Smucker,R,R,,19.72,-5.03,3,214230,1524161,75.4,0.49,0,-0.25,-0.18,18,,,,18,R+18.0,41,59,5.53,0.005,0.995,Safe R
House,4212,PA-12,PA,Pennsylvania,Regular,contested,Summer Lee,D,Summer Lee,D,James Hayes,R,D,,-18.3,-5.03,-3,1466287,40139,-94.7,-0.58,-2.73,2.13,3.64,-23.27,,,,-23.27,D+23.3,61.64,38.36,5.53,0.995,0.005,Safe D
House,4213,PA-13,PA,Pennsylvania,Regular,contested,John Joyce,R,Elizabeth Farnham,D,John Joyce,R,R,,43.63,-5.03,3,55347,2418119,95.5,-0.03,0,0.09,0.06,41.64,,,,41.64,R+41.6,29.18,70.82,5.53,0.005,0.995,Safe R
House,4214,PA-14,PA,Pennsylvania,Regular,contested,Guy Reschenthaler,R,Alan Bradstock,D,Guy Reschenthaler,R,R,,30.03,-5.03,3,201421,4209644,90.9,0.51,0,-1.02,-0.77,27.75,,,,27.75,R+27.7,36.13,63.87,5.53,0.005,0.995,Safe R
House,4215,PA-15,PA,Pennsylvania,Regular,contested,Glenn Thompson,R,Raymond Bilger,D,Glenn Thompson,R,R,,35.75,-5.03,3,139521,1851459,86,0.04,0,-0.22,-0.16,33.6,,,,33.6,R+33.6,33.2,66.8,5.53,0.005,0.995,Safe R
House,4216,PA-16,PA,Pennsylvania,Regular,contested,Mike Kelly,R,Justin Wagner,D,Mike Kelly,R,R,,19.89,-5.03,3,66591,1168433,89.2,0.98,0,-0.92,-0.69,18.16,,,,18.16,R+18.2,40.92,59.08,5.53,0.005,0.995,Safe R
House,4217,PA-17,PA,Pennsylvania,Regular,contested,Christopher Deluzio,D,Christopher Deluzio,D,Tony Guy,R,D,,-6.85,-5.03,-3,2776943,117530,-91.9,-1.08,-0.25,0,0.19,-15.77,,,,-15.77,D+15.8,57.88,42.12,5.53,0.995,0.005,Safe D
House,4401,RI-01,RI,Rhode Island,Regular,contested,Gabe Amo,D,Gabe Amo,D,Kellie Keenan,R,D,,-25.75,-5.1,-3,1725081,12771,-98.5,-0.33,1.21,0,-0.91,-35.09,,,,-35.09,D+35.1,67.54,32.46,5.54,0.995,0.005,Safe D
House,4402,RI-02,RI,Rhode Island,Regular,contested,Seth Magaziner,D,Seth Magaziner,D,Victor Mellor,R,D,,-10.6,-5.1,-3,1382796,3018775,37.2,3,0.52,0,-0.39,-16.09,,,,-16.09,D+16.1,58.04,41.96,5.54,0.995,0.005,Safe D
House,4501,SC-01,SC,South Carolina,Regular,contested,Nancy Mace,R,Nancy Lacore,D,Jenny Costa Honeycutt,R,None,,10.21,-5.24,0,2279585,556418,-60.8,-2.37,0,0,0,2.6,1.43,3,0.449,2.08,R+2.1,48.96,51.04,4.42,0.319,0.681,Lean R
House,4502,SC-02,SC,South Carolina,Regular,contested,Joe Wilson,R,Zyon Khalifa,D,Joe Wilson,R,R,,12.11,-5.24,3,12410,861105,97.2,1.69,0,0.49,0.37,11.93,,,,11.93,R+11.9,44.03,55.97,5.55,0.016,0.984,Likely R
House,4503,SC-03,SC,South Carolina,Regular,contested,Sheri Biggs,R,Eunice Lehmacher,D,Sheri Biggs,R,R,,40.22,-5.24,3,40413,505333,85.2,-0.21,0,0.44,0.33,38.1,,,,38.1,R+38.1,30.95,69.05,5.55,0.005,0.995,Safe R
House,4504,SC-04,SC,South Carolina,Regular,contested,William Timmons,R,Courtney McClain,D,William Timmons,R,R,,20.28,-5.24,3,32993,1595725,95.9,1.22,0,-0.32,-0.24,19.02,,,,19.02,R+19.0,40.49,59.51,5.55,0.005,0.995,Safe R
House,4505,SC-05,SC,South Carolina,Regular,contested,Ralph Norman,R,Mallory Dittmer,D,Wes Climer,R,None,,20.14,-5.24,0,139717,884284,72.7,1.92,0,0,0,16.82,,,,16.82,R+16.8,41.59,58.41,5.55,0.005,0.995,Safe R
House,4506,SC-06,SC,South Carolina,Regular,contested,James Clyburn,D,James Clyburn,D,John Peterson,R,D,,-25.75,-5.24,-3,,,,0,-0.68,0,0.51,-33.48,,,,-33.48,D+33.5,66.74,33.26,5.55,0.995,0.005,Safe D
House,4507,SC-07,SC,South Carolina,Regular,contested,Russell Fry,R,John Vincent,D,Russell Fry,R,R,,22.57,-5.24,3,297264,1720803,70.5,0.18,0,0.35,0.26,20.78,0.79,1,0.032,20.14,R+20.1,39.93,60.07,5.39,0.005,0.995,Safe R
House,4601,SD-01,SD,South Dakota,Regular,contested,Dusty Johnson,R,Nicole Gronli,D,Marty Jackley,R,None,,28.74,-5.78,0,261764,1438706,69.2,1.37,0,0,0,24.34,3.81,1,0.144,21.38,R+21.4,39.31,60.69,4.97,0.005,0.995,Safe R
House,4701,TN-01,TN,Tennessee,Regular,contested,Diana Harshbarger,R,Kristi Burke,D,Diana Harshbarger,R,R,,54.28,-5.48,3,101984,1274194,85.2,-0.93,0,-0.64,-0.48,50.38,,,,50.38,R+50.4,24.81,75.19,5.57,0.005,0.995,Safe R
House,4702,TN-02,TN,Tennessee,Regular,contested,Tim Burchett,R,Michaela Barnett,D,Tim Burchett,R,R,,31.69,-5.48,3,397584,2428734,71.9,-0.23,0,1,0.75,29.73,,,,29.73,R+29.7,35.13,64.87,5.57,0.005,0.995,Safe R
House,4703,TN-03,TN,Tennessee,Regular,contested,Chuck Fleischmann,R,Anna Golladay,D,Chuck Fleischmann,R,R,,32.49,-5.48,3,55555,2330803,95.3,0.57,0,0.01,0.01,30.59,,,,30.59,R+30.6,34.71,65.29,5.57,0.005,0.995,Safe R
House,4704,TN-04,TN,Tennessee,Regular,contested,Scott DesJarlais,R,Victoria Broderick,D,Scott DesJarlais,R,R,,18.35,-5.48,3,59772,536843,80,0.76,0,-0.23,-0.17,16.46,,,,16.46,R+16.5,41.77,58.23,5.57,0.005,0.995,Safe R
House,4705,TN-05,TN,Tennessee,Regular,contested,Andy Ogles,R,Chaz Molder,D,Charlie Hatcher,R,None,,17.06,-5.48,0,2599775,719503,-56.6,-2.57,0,0,0,9.02,6.75,1,0.111,8.77,R+8.8,45.62,54.38,5.07,0.042,0.958,Likely R
House,4706,TN-06,TN,Tennessee,Regular,contested,John Rose,R,Mike Croley,D,Johnny Garrett,R,None,,21.69,-5.48,0,35380,2380327,97.1,2.73,0,0,0,18.94,,,,18.94,R+18.9,40.53,59.47,5.57,0.005,0.995,Safe R
House,4707,TN-07,TN,Tennessee,Regular,contested,Matt Van Epps,R,Darden Copeland,D,Matt Van Epps,R,R,,19.01,-5.48,3,868615,2300690,45.2,-0.53,0,0,0,16.01,,,,16.01,R+16.0,42,58,5.57,0.005,0.995,Safe R
House,4708,TN-08,TN,Tennessee,Regular,contested,David Kustoff,R,Heidi Kuhn,D,David Kustoff,R,R,,18.23,-5.48,3,39805,2232874,96.5,1.36,0,0.7,0.52,17.63,,,,17.63,R+17.6,41.18,58.82,5.57,0.005,0.995,Safe R
House,4709,TN-09,TN,Tennessee,Regular,contested,Steve Cohen,D,Justin J. Pearson,D,Brent Taylor,R,None,,17.19,-5.48,0,2344947,1549482,-20.4,-1.27,0,0,0,10.44,2.47,1,0.17,9.08,R+9.1,45.46,54.54,4.85,0.03,0.97,Likely R
House,4801,TX-01,TX,Texas,Regular,contested,Nathaniel Moran,R,Yolanda Prince,D,Nathaniel Moran,R,R,,46.59,-5.34,3,9245,1797848,99,-0.04,0,0.98,0.73,44.94,,,,44.94,R+44.9,27.53,72.47,5.56,0.005,0.995,Safe R
House,4802,TX-02,TX,Texas,Regular,contested,Dan Crenshaw,R,Shaun Finnie,D,Steve Toth,R,None,,22.91,-5.34,0,2729677,824450,-53.6,-2.77,0,0,0,14.81,,,,14.81,R+14.8,42.6,57.4,5.56,0.005,0.995,Likely R
House,4803,TX-03,TX,Texas,Regular,contested,Keith Self,R,Evan Hunt,D,Keith Self,R,R,,22.08,-5.34,3,446506,645503,18.2,-1.67,0,0.85,0.64,18.72,,,,18.72,R+18.7,40.64,59.36,5.56,0.005,0.995,Safe R
House,4804,TX-04,TX,Texas,Regular,contested,Pat Fallon,R,Jason Pearce,D,Pat Fallon,R,R,,21.59,-5.34,3,16271,790505,96,1.16,0,0.29,0.22,20.63,,,,20.63,R+20.6,39.69,60.31,5.56,0.005,0.995,Safe R
House,4805,TX-05,TX,Texas,Regular,contested,Lance Gooden,R,Chelsey Hockett,D,Lance Gooden,R,R,,18.14,-5.34,3,12666,1341647,98.1,1.41,0,-0.14,-0.1,17.12,,,,17.12,R+17.1,41.44,58.56,5.56,0.005,0.995,Safe R
House,4806,TX-06,TX,Texas,Regular,contested,Jake Ellzey,R,Danny Minton,D,Jake Ellzey,R,R,,21.08,-5.34,3,44283,4660385,98.1,1.26,0,-0.27,-0.2,19.8,,,,19.8,R+19.8,40.1,59.9,5.56,0.005,0.995,Safe R
House,4807,TX-07,TX,Texas,Regular,contested,Lizzie Fletcher,D,Lizzie Fletcher,D,Alexander Hale,R,D,,-26.39,-5.34,-3,1426057,76578,-89.8,0.03,-0.05,0,0.04,-34.66,,,,-34.66,D+34.7,67.33,32.67,5.56,0.995,0.005,Safe D
House,4808,TX-08,TX,Texas,Regular,contested,Morgan Luttrell,R,Laura Jones,D,Jessica Steinmann,R,None,,23.36,-5.34,0,21980,2064033,97.9,2.66,-0.1,0,0.07,20.75,,,,20.75,R+20.8,39.62,60.38,5.56,0.005,0.995,Safe R
House,4809,TX-09,TX,Texas,Regular,contested,Al Green,D,Leticia Gutierrez,D,Alexandra Mealer,R,None,,14.11,-5.34,0,55358,2080514,94.8,3,0,0,0,11.77,5.68,1,0.312,9.87,R+9.9,45.06,54.94,4.48,0.014,0.986,Likely R
House,4810,TX-10,TX,Texas,Regular,contested,Michael McCaul,R,Caitlin Rourk,D,Chris Gober,R,None,,19.37,-5.34,0,363959,2559185,75.1,2.05,0,0,0,16.08,4.71,1,0.333,12.29,R+12.3,43.85,56.15,4.46,0.005,0.995,Likely R
House,4811,TX-11,TX,Texas,Regular,contested,August Pfluger,R,Claire Reynolds,D,August Pfluger,R,R,,32.07,-5.34,3,89281,3189023,94.6,0.56,0,0.03,0.02,30.32,,,,30.32,R+30.3,34.84,65.16,5.56,0.005,0.995,Safe R
House,4812,TX-12,TX,Texas,Regular,contested,Craig Goldman,R,Angela Rodriguez Prilliman,D,Craig Goldman,R,R,,21.79,-5.34,3,,,,0,0,0.28,0.21,19.66,,,,19.66,R+19.7,40.17,59.83,5.56,0.005,0.995,Safe R
House,4813,TX-13,TX,Texas,Regular,contested,Ronny Jackson,R,Mark Nair,D,Ronny Jackson,R,R,,44.42,-5.34,3,98699,4036265,95.2,-0.06,0,-0.21,-0.16,41.86,,,,41.86,R+41.9,29.07,70.93,5.56,0.005,0.995,Safe R
House,4814,TX-14,TX,Texas,Regular,contested,Randy Weber,R,Thurman Bartie,D,Randy Weber,R,R,,21.9,-5.34,3,26823,972561,94.6,1.09,0,0.34,0.26,20.91,,,,20.91,R+20.9,39.54,60.46,5.56,0.005,0.995,Safe R
House,4815,TX-15,TX,Texas,Regular,contested,Monica De La Cruz,R,Bobby Pulido,D,Monica De La Cruz,R,R,,8.59,-5.34,3,2960462,5273960,28.1,-0.61,0,-0.08,-0.06,5.58,-8.97,3,0.381,0.04,R+0.0,49.98,50.02,4.42,0.496,0.504,Tilt R
House,4816,TX-16,TX,Texas,Regular,contested,Veronica Escobar,D,Veronica Escobar,D,Adam Bauman,R,D,,-23.46,-5.34,-3,,,,0,-1.26,0,0.94,-30.85,,,,-30.85,D+30.9,65.43,34.57,5.56,0.995,0.005,Safe D
House,4817,TX-17,TX,Texas,Regular,contested,Pete Sessions,R,Casey Shepard,D,Pete Sessions,R,R,,18.66,-5.34,3,8801,1050237,98.3,1.39,0,0.26,0.2,17.91,,,,17.91,R+17.9,41.04,58.96,5.56,0.005,0.995,Safe R
House,4818,TX-18,TX,Texas,Regular,contested,Christian Menefee,D,Christian Menefee,D,Ronald Whitfield,R,D,,-58.08,-5.34,-3,3637579,0,-100,0.4,0,0,0,-66.01,,,,-66.01,D+66.0,83.01,16.99,5.56,0.995,0.005,Safe D
House,4819,TX-19,TX,Texas,Regular,contested,Jodey Arrington,R,Kyle Rable,D,Tom Sell,R,None,,48.84,-5.34,0,31276,2143025,97.1,1.3,0,0,0,44.81,,,,44.81,R+44.8,27.6,72.4,5.56,0.005,0.995,Safe R
House,4820,TX-20,TX,Texas,Regular,contested,Joaquin Castro,D,Joaquin Castro,D,Edgardo Baez,R,D,,-34.72,-5.34,-3,514776,48536,-82.8,0.72,1.49,0,-1.12,-43.46,,,,-43.46,D+43.5,71.73,28.27,5.56,0.995,0.005,Safe D
House,4821,TX-21,TX,Texas,Regular,contested,Chip Roy,R,Kristin Hook,D,Mark Teixeira,R,None,,18.94,-5.34,0,243839,3922216,88.3,2.55,0.15,0,-0.11,16.04,,,,16.04,R+16.0,41.98,58.02,5.56,0.005,0.995,Safe R
House,4822,TX-22,TX,Texas,Regular,contested,Troy Nehls,R,Marquette Greene-Scott,D,Trever Nehls,R,None,,20.44,-5.34,0,53761,206463,58.7,1.4,0.14,0,-0.1,16.4,,,,16.4,R+16.4,41.8,58.2,5.56,0.005,0.995,Safe R
House,4823,TX-23,TX,Texas,Regular,contested,Tony Gonzales,R,Katy Padilla Stout,D,Brandon Herrera,R,None,,11.71,-5.34,0,484915,1937719,60,1.9,0,0,0,8.28,-1.3,1,0,8.28,R+8.3,45.86,54.14,5.56,0.068,0.932,Likely R
House,4824,TX-24,TX,Texas,Regular,contested,Beth Van Duyne,R,Kevin Burge,D,Beth Van Duyne,R,R,,14.94,-5.34,3,209860,2540738,84.7,1.1,0,0.26,0.19,13.9,,,,13.9,R+13.9,43.05,56.95,5.56,0.006,0.994,Likely R
House,4825,TX-25,TX,Texas,Regular,contested,Roger Williams,R,Dione Sims,D,Roger Williams,R,R,,20.15,-5.34,3,0,1424050,100,1.38,0,0.4,0.3,19.49,,,,19.49,R+19.5,40.25,59.75,5.56,0.005,0.995,Safe R
House,4826,TX-26,TX,Texas,Regular,contested,Brandon Gill,R,Steven Shook,D,Brandon Gill,R,R,,22.2,-5.34,3,17227,4217213,99.2,1.24,0,-0.01,-0.01,21.09,,,,21.09,R+21.1,39.45,60.55,5.56,0.005,0.995,Safe R
House,4827,TX-27,TX,Texas,Regular,contested,Michael Cloud,R,Tanya Lloyd,D,Michael Cloud,R,R,,18.24,-5.34,3,139788,1062241,76.7,0.64,0.17,0.27,0.08,16.63,,,,16.63,R+16.6,41.69,58.31,5.56,0.005,0.995,Safe R
House,4828,TX-28,TX,Texas,Regular,contested,Henry Cuellar,D,Henry Cuellar,D,Tano Tijerina,R,D,,-2.24,-5.34,-3,2231952,1399881,-22.9,1.18,3.11,0,-2.33,-11.73,-10.62,2,0.106,-11.61,D+11.6,55.81,44.19,5.07,0.989,0.011,Likely D
House,4829,TX-29,TX,Texas,Regular,contested,Sylvia Garcia,D,Sylvia Garcia,D,Martha Fierro,R,D,,-38.61,-5.34,-3,987402,0,-100,0.3,2.13,0,-1.59,-48.23,,,,-48.23,D+48.2,74.12,25.88,5.56,0.995,0.005,Safe D
House,4830,TX-30,TX,Texas,Regular,contested,Jasmine Crockett,D,Frederick Haynes,D,Everett Jackson,R,None,,-51.55,-5.34,0,420153,17215,-92.1,-0.27,0,0,0,-57.15,,,,-57.15,D+57.1,78.57,21.43,5.56,0.995,0.005,Safe D
House,4831,TX-31,TX,Texas,Regular,contested,John Carter,R,Justin Early,D,John Carter,R,R,,20.26,-5.34,3,123522,1419042,84,0.79,0,0.88,0.66,19.38,,,,19.38,R+19.4,40.31,59.69,5.56,0.005,0.995,Safe R
House,4832,TX-32,TX,Texas,Regular,contested,Julie Johnson,D,Dan Barrios,D,Jace Yarbrough,R,None,,14.91,-5.34,0,96538,865911,79.9,2.46,0,0,0,12.03,,,,12.03,R+12.0,43.99,56.01,5.56,0.015,0.985,Likely R
House,4833,TX-33,TX,Texas,Regular,contested,Marc Veasey,D,Colin Allred,D,Patrick Gillespie,R,None,,-37.18,-5.34,0,,,,0,1.86,0,-1.4,-43.92,,,,-43.92,D+43.9,71.96,28.04,5.56,0.995,0.005,Safe D
House,4834,TX-34,TX,Texas,Regular,contested,Vicente Gonzalez,D,Vicente Gonzalez,D,Eric Flores,R,D,,2.26,-5.34,-3,3773915,2874990,-13.5,1.28,0.06,0,-0.05,-4.84,-3.09,3,0.105,-4.65,D+4.7,52.33,47.67,5.07,0.82,0.18,Lean D
House,4835,TX-35,TX,Texas,Regular,contested,Greg Casar,D,Johnny Garcia,D,Carlos De La Cruz,R,None,,6.94,-5.34,0,931699,1048751,5.9,0.21,0,0,0,1.81,0.58,1,0.15,1.62,R+1.6,49.19,50.81,4.9,0.37,0.63,Lean R
House,4836,TX-36,TX,Texas,Regular,contested,Brian Babin,R,Rhonda Hart,D,Brian Babin,R,R,,20.9,-5.34,3,0,1006944,100,1.34,0.08,-0.03,-0.08,19.81,,,,19.81,R+19.8,40.09,59.91,5.56,0.005,0.995,Safe R
House,4837,TX-37,TX,Texas,Regular,contested,Lloyd Doggett,D,Greg Casar,D,Lauren Pena,R,None,,-58.79,-5.34,0,1172881,117890,-81.7,0.49,0.06,0,-0.05,-63.69,,,,-63.69,D+63.7,81.85,18.15,5.56,0.995,0.005,Safe D
House,4838,TX-38,TX,Texas,Regular,contested,Wesley Hunt,R,Melissa McDonough,D,Jon Bonck,R,None,,19.32,-5.34,0,66929,1644127,92.2,2.67,0.03,0,-0.02,16.63,,,,16.63,R+16.6,41.69,58.31,5.56,0.005,0.995,Safe R
House,4901,UT-01,UT,Utah,Regular,contested,Blake Moore,R,Ben McAdams,D,Riley Owen,R,None,,-22.29,-3.05,0,2262255,132533,-88.9,-1.8,0.38,0,-0.29,-27.43,-44.46,1,0.225,-31.26,D+31.3,65.63,34.37,4.46,0.995,0.005,Safe D
House,4902,UT-02,UT,Utah,Regular,contested,Celeste Maloy,R,Peter Crosby,D,Blake Moore,R,R,,28.4,-3.05,3,60225,2536636,95.4,0.66,0,0.26,0.19,29.2,0.78,2,0.5,14.99,R+15.0,42.51,57.49,4.26,0.005,0.995,Likely R
House,4903,UT-03,UT,Utah,Regular,contested,Mike Kennedy,R,Kent Udell,D,Celeste Maloy,R,R,,44.12,-3.05,3,47533,1453861,93.7,-0.22,0,-0.27,-0.2,43.64,17.27,1,0.271,36.49,R+36.5,31.75,68.25,4.34,0.005,0.995,Safe R
House,4904,UT-04,UT,Utah,Regular,contested,Burgess Owens,R,Jonathan Larsen,D,Mike Kennedy,R,R,,31.03,-3.05,3,53579,971392,89.5,0.31,0,0.63,0.47,31.76,7.45,1,0.291,24.69,R+24.7,37.66,62.34,4.3,0.005,0.995,Safe R
House,5101,VA-01,VA,Virginia,Regular,contested,Robert Wittman,R,Shannon Taylor,D,Robert Wittman,R,R,,5.83,-5.61,3,2140980,4053142,30.9,-0.35,0,1.67,1.25,4.12,-1.4,2,0.477,1.49,R+1.5,49.25,50.75,4.49,0.37,0.63,Lean R
House,5102,VA-02,VA,Virginia,Regular,contested,Jennifer Kiggans,R,Elaine Luria,D,Jennifer Kiggans,R,R,,-0.43,-5.61,3,4659795,5954338,12.2,-0.7,-0.71,-0.07,0.47,-3.27,-1.74,1,0.015,-3.24,D+3.2,51.62,48.38,5.51,0.722,0.278,Lean D
House,5103,VA-03,VA,Virginia,Regular,contested,Bobby Scott,D,Bobby Scott,D,Edwin Rivera,R,D,,-36.4,-5.61,-3,688200,6555,-98.1,0.27,0.24,0,-0.18,-44.92,,,,-44.92,D+44.9,72.46,27.54,5.59,0.995,0.005,Safe D
House,5104,VA-04,VA,Virginia,Regular,contested,Jennifer McClellan,D,Jennifer McClellan,D,Robert Murray,R,D,,-33.38,-5.61,-3,,,,0,0.28,0,-0.21,-42.2,,,,-42.2,D+42.2,71.1,28.9,5.59,0.995,0.005,Safe D
House,5105,VA-05,VA,Virginia,Regular,contested,John McGuire,R,Thomas Perriello,D,John McGuire,R,R,,9.94,-5.61,3,2140402,1781840,-9.1,-2.01,0,0.11,0.08,5.41,4.87,2,0.5,5.14,R+5.1,47.43,52.57,4.51,0.128,0.872,Likely R
House,5106,VA-06,VA,Virginia,Regular,contested,Ben Cline,R,Beth Macy,D,Ben Cline,R,R,,22.46,-5.61,3,1686322,1441436,-7.8,-2.61,0,0.73,0.55,17.78,26,1,0.333,20.52,R+20.5,39.74,60.26,4.49,0.005,0.995,Safe R
House,5107,VA-07,VA,Virginia,Regular,contested,Eugene Vindman,D,Eugene Vindman,D,Doug Ollivant,R,D,,-4.66,-5.61,-3,12355664,251134,-96,-1.31,-0.6,0,0.45,-14.13,,,,-14.13,D+14.1,57.07,42.93,5.59,0.994,0.006,Likely D
House,5108,VA-08,VA,Virginia,Regular,contested,Donald Beyer,D,Donald Beyer,D,Tony Sabio,R,D,,-50.05,-5.61,-3,2125761,21917,-98,0.47,-1.57,0,1.18,-57.01,,,,-57.01,D+57.0,78.5,21.5,5.59,0.995,0.005,Safe D
House,5109,VA-09,VA,Virginia,Regular,contested,Morgan Griffith,R,Joy Powers,D,Morgan Griffith,R,R,,40.5,-5.61,3,85335,1828839,91.1,0.01,0,-0.37,-0.28,37.61,,,,37.61,R+37.6,31.19,68.81,5.59,0.005,0.995,Safe R
House,5110,VA-10,VA,Virginia,Regular,contested,Suhas Subramanyam,D,Suhas Subramanyam,D,Dave Beckwith,R,D,,-9.98,-5.61,-3,1170446,107334,-83.2,-0.57,-0.86,0,0.64,-18.52,,,,-18.52,D+18.5,59.26,40.74,5.59,0.995,0.005,Safe D
House,5111,VA-11,VA,Virginia,Regular,contested,James Walkinshaw,D,James Walkinshaw,D,Arthur Purves,R,D,,-35.58,-5.61,-3,2758961,10780,-99.2,0.19,0,0,0,-44.01,,,,-44.01,D+44.0,72,28,5.59,0.995,0.005,Safe D
House,5001,VT-01,VT,Vermont,Regular,contested,Becca Balint,D,Rebecca Balint,D,Gerald Malloy,R,D,,-33.15,-5.04,-3,956339,58280,-88.5,0.42,0,-1.23,-0.92,-41.7,-27.62,2,0.5,-34.66,D+34.7,67.33,32.67,4.45,0.995,0.005,Safe D
House,5301,WA-01,WA,Washington,Regular,contested,Suzan DelBene,D,Suzan DelBene,D,Mary Silva,R,D,,-27.15,-3.25,-3,3550452,3186,-99.8,-0.4,-1.77,0,1.33,-32.47,,,,-32.47,D+32.5,66.23,33.77,5.4,0.995,0.005,Safe D
House,5302,WA-02,WA,Washington,Regular,contested,Rick Larsen,D,Rick Larsen,D,Edwin H. Feller,R,D,,-22.94,-3.25,-3,,,,0,-0.57,0,0.43,-28.76,,,,-28.76,D+28.8,64.38,35.62,5.4,0.995,0.005,Safe D
House,5303,WA-03,WA,Washington,Regular,contested,Marie Gluesenkamp Perez,D,Marie Gluesenkamp Perez,D,John Braun,R,D,,2.52,-3.25,-3,6292683,2214441,-47.9,-0.08,1.29,0,-0.97,-4.78,-9.22,3,0.027,-4.9,D+4.9,52.45,47.55,5.26,0.824,0.176,Lean D
House,5304,WA-04,WA,Washington,Regular,contested,Dan Newhouse,R,John Duresky,D,Amanda McKinney,R,None,,20.71,-3.25,0,179020,981820,69.2,1.66,0,0,0,19.11,20.6,1,0,19.11,R+19.1,40.44,59.56,5.4,0.005,0.995,Safe R
House,5305,WA-05,WA,Washington,Regular,contested,Michael Baumgartner,R,Carmela Conroy,D,Michael Baumgartner,R,R,,12.1,-3.25,3,396217,1738226,62.9,0.35,-2.02,2.02,3.03,15.24,7.82,2,0.001,15.23,R+15.2,42.39,57.61,5.39,0.005,0.995,Safe R
House,5306,WA-06,WA,Washington,Regular,contested,Emily Randall,D,Emily Randall,D,Teresa Fox,R,D,,-17.75,-3.25,-3,1195247,27615,-95.5,-0.73,-1.76,0,1.32,-23.41,,,,-23.41,D+23.4,61.71,38.29,5.4,0.995,0.005,Safe D
House,5307,WA-07,WA,Washington,Regular,contested,Pramila Jayapal,D,Pramila Jayapal,D,Nirav Sheth,R,D,,-71.98,-3.25,-3,2502816,11811,-99.1,0.43,-2.43,0,1.82,-75.97,,,,-75.97,D+76.0,87.99,12.01,5.4,0.995,0.005,Safe D
House,5308,WA-08,WA,Washington,Regular,contested,Kim Schrier,D,Kim Schrier,D,Spencer Meline,R,D,,-5.3,-3.25,-3,3016894,126517,-92,-1.26,-0.93,0,0.7,-12.1,,,,-12.1,D+12.1,56.05,43.95,5.4,0.988,0.012,Likely D
House,5309,WA-09,WA,Washington,Regular,contested,Adam Smith,D,Adam Smith,D,Doug Basler,R,D,,-42.28,-3.25,-3,1882001,99242,-90,0.75,-0.35,0.35,0.53,-47.25,,,,-47.25,D+47.3,73.63,26.37,5.4,0.995,0.005,Safe D
House,5310,WA-10,WA,Washington,Regular,contested,Marilyn Strickland,D,Marilyn Strickland,D,Chris D. Chung,R,D,,-16.88,-3.25,-3,,,,0,-1.62,0,1.22,-21.91,,,,-21.91,D+21.9,60.96,39.04,5.4,0.995,0.005,Safe D
House,5501,WI-01,WI,Wisconsin,Regular,contested,Bryan Steil,R,Mitchell Berman,D,Bryan Steil,R,R,,3.79,-3.77,3,712984,5467777,76.9,1.32,0,0.97,0.73,5.07,0.14,3,0.5,2.6,R+2.6,48.7,51.3,4.32,0.274,0.726,Lean R
House,5502,WI-02,WI,Wisconsin,Regular,uncontested-D,Mark Pocan,D,Mark Pocan,D,,,D,,-40.3,-3.77,-3,,,,0,-0.13,0,0.1,-46.96,,,,-46.96,D+47.0,73.48,26.52,5.43,0.995,0.005,Safe D
House,5503,WI-03,WI,Wisconsin,Regular,contested,Derrick Van Orden,R,Rebecca Cooke,D,Derrick Van Orden,R,R,,3.19,-3.77,3,8601146,7526052,-6.7,-1.66,0.97,-1.52,-1.87,-1.11,-4.11,2,0.008,-1.13,D+1.1,50.57,49.43,5.39,0.583,0.417,Lean D
House,5504,WI-04,WI,Wisconsin,Regular,contested,Gwen Moore,D,Gwen Moore,D,Tim Rogers,R,D,,-51.23,-3.77,-3,,,,0,-0.37,0.37,0.55,-57.45,,,,-57.45,D+57.5,78.73,21.27,5.43,0.995,0.005,Safe D
House,5505,WI-05,WI,Wisconsin,Regular,contested,Scott Fitzgerald,R,Andrew Beck,D,Scott Fitzgerald,R,R,,22.64,-3.77,3,14612,1376100,97.9,1.09,0,0.63,0.47,23.44,,,,23.44,R+23.4,38.28,61.72,5.43,0.005,0.995,Safe R
House,5506,WI-06,WI,Wisconsin,Regular,contested,Glenn Grothman,R,Brad Smith,D,Glenn Grothman,R,R,,15.35,-3.77,3,166061,929020,69.7,0.45,0,0.29,0.22,15.25,22.82,1,0.002,15.26,R+15.3,42.37,57.63,5.42,0.005,0.995,Safe R
House,5507,WI-07,WI,Wisconsin,Regular,contested,Tom Tiffany,R,Frederic Clark,D,Michael Alfonso,R,None,,20.29,-3.77,0,423041,1351546,52.3,1.1,0,0,0,17.63,,,,17.63,R+17.6,41.19,58.81,5.43,0.005,0.995,Safe R
House,5508,WI-08,WI,Wisconsin,Regular,contested,Tony Wied,R,Rick Crosson,D,Tony Wied,R,R,,15.3,-3.77,3,75430,1090216,87.1,1.08,0,-0.49,-0.37,15.24,,,,15.24,R+15.2,42.38,57.62,5.43,0.005,0.995,Safe R
House,5401,WV-01,WV,West Virginia,Regular,contested,Carol Miller,R,Vince George,D,Carol Miller,R,R,,38.37,-7.4,3,258330,1746898,74.2,-0.4,0,-2.51,-1.88,31.69,,,,31.69,R+31.7,34.15,65.85,5.79,0.005,0.995,Safe R
House,5402,WV-02,WV,West Virginia,Regular,contested,Riley Moore,R,Ace Parsi,D,Riley Moore,R,R,,34.33,-7.4,3,134245,1325162,81.6,0.08,0,0.74,0.56,30.57,,,,30.57,R+30.6,34.72,65.28,5.79,0.005,0.995,Safe R
House,5601,WY-01,WY,Wyoming,Regular,contested,Harriet Hageman,R,Lisa Kinney,D,Chuck Gray,R,None,,42.01,-5.68,0,17946,1621197,97.8,1.7,0,0,0,38.03,,,,38.03,R+38.0,30.98,69.02,5.59,0.005,0.995,Safe R
