boundary_year,district_id,district_name,pres_year,dem_pct,rep_pct,margin,dem_votes,rep_votes,total_votes,source
2016,201,AK-01,2016,36.55,51.28,14.73,116454,163387,318608,house_statewide_results.csv
2016,101,AL-01,2016,33.78,62.97,29.18,103343,192616,305900,house_statewide_results.csv
2016,102,AL-02,2016,32.95,64.25,31.3,95307,185825,289220,house_statewide_results.csv
2016,103,AL-03,2016,31.99,64.74,32.75,92999,188210,290731,house_statewide_results.csv
2016,104,AL-04,2016,17.31,79.73,62.42,50846,234147,293678,house_statewide_results.csv
2016,105,AL-05,2016,30.87,63.72,32.85,97157,200562,314740,house_statewide_results.csv
2016,106,AL-06,2016,25.76,69.57,43.8,86481,233512,335672,house_statewide_results.csv
2016,107,AL-07,2016,69.24,28.5,-40.74,203474,83757,293883,house_statewide_results.csv
2016,501,AR-01,2016,30.18,64.98,34.8,78644,169330,260600,house_statewide_results.csv
2016,502,AR-02,2016,41.66,52.37,10.71,127878,160763,306949,house_statewide_results.csv
2016,503,AR-03,2016,30.49,61.92,31.43,89081,180921,292163,house_statewide_results.csv
2016,504,AR-04,2016,31.33,64.16,32.83,84842,173730,270780,house_statewide_results.csv
2016,401,AZ-01,2016,45.53,46.58,1.05,132879,135936,291830,house_statewide_results.csv
2016,402,AZ-02,2016,48.63,43.82,-4.81,156667,141184,322158,house_statewide_results.csv
2016,403,AZ-03,2016,61.56,32.06,-29.5,130466,67953,211944,house_statewide_results.csv
2016,404,AZ-04,2016,27.12,66.66,39.54,82193,202038,303092,house_statewide_results.csv
2016,405,AZ-05,2016,35.52,56.07,20.55,121280,191432,341437,house_statewide_results.csv
2016,406,AZ-06,2016,41.74,51.55,9.81,143525,177251,343866,house_statewide_results.csv
2016,407,AZ-07,2016,70.55,22.27,-48.28,117937,37229,167157,house_statewide_results.csv
2016,408,AZ-08,2016,36.36,57.15,20.79,121035,190244,332896,house_statewide_results.csv
2016,409,AZ-09,2016,53.46,37.6,-15.86,155185,109134,290277,house_statewide_results.csv
2016,601,CA-01,2016,36.54,56.17,19.64,114681,176313,313881,house_statewide_results.csv
2016,602,CA-02,2016,69.04,23.35,-45.69,238036,80497,344781,house_statewide_results.csv
2016,603,CA-03,2016,52.97,40.4,-12.57,138449,105589,261360,house_statewide_results.csv
2016,604,CA-04,2016,39.27,54.04,14.77,138352,190384,352323,house_statewide_results.csv
2016,605,CA-05,2016,69.14,24.3,-44.85,210535,73981,304493,house_statewide_results.csv
2016,606,CA-06,2016,69.16,24.41,-44.74,168686,59546,243919,house_statewide_results.csv
2016,607,CA-07,2016,52.31,40.85,-11.45,159066,124236,304105,house_statewide_results.csv
2016,608,CA-08,2016,39.62,54.73,15.11,92182,127341,232663,house_statewide_results.csv
2016,609,CA-09,2016,56.58,37.96,-18.62,134678,90363,238019,house_statewide_results.csv
2016,610,CA-10,2016,48.54,45.54,-3.0,116144,108969,239273,house_statewide_results.csv
2016,611,CA-11,2016,71.51,22.68,-48.83,223012,70720,311853,house_statewide_results.csv
2016,612,CA-12,2016,86.19,8.68,-77.51,309227,31150,358774,house_statewide_results.csv
2016,613,CA-13,2016,87.36,6.8,-80.56,291321,22681,333483,house_statewide_results.csv
2016,614,CA-14,2016,76.92,18.21,-58.71,229070,54242,297807,house_statewide_results.csv
2016,615,CA-15,2016,69.92,24.19,-45.72,198248,68603,283552,house_statewide_results.csv
2016,616,CA-16,2016,57.96,36.36,-21.6,98479,61780,169912,house_statewide_results.csv
2016,617,CA-17,2016,73.89,20.5,-53.39,183920,51023,248904,house_statewide_results.csv
2016,618,CA-18,2016,73.44,20.21,-53.23,246197,67746,335255,house_statewide_results.csv
2016,619,CA-19,2016,72.93,21.49,-51.44,187868,55351,257612,house_statewide_results.csv
2016,620,CA-20,2016,70.36,23.21,-47.15,180245,59468,256166,house_statewide_results.csv
2016,621,CA-21,2016,55.24,39.68,-15.56,73742,52965,133497,house_statewide_results.csv
2016,622,CA-22,2016,42.61,52.09,9.48,102285,125039,240064,house_statewide_results.csv
2016,623,CA-23,2016,36.07,58.13,22.06,88300,142315,244803,house_statewide_results.csv
2016,624,CA-24,2016,56.52,36.66,-19.86,175258,113677,310107,house_statewide_results.csv
2016,625,CA-25,2016,50.32,43.65,-6.67,137390,119171,273026,house_statewide_results.csv
2016,626,CA-26,2016,57.86,36.02,-21.83,168927,105176,291981,house_statewide_results.csv
2016,627,CA-27,2016,66.0,28.35,-37.65,174472,74941,264343,house_statewide_results.csv
2016,628,CA-28,2016,72.14,22.33,-49.81,208550,64552,289074,house_statewide_results.csv
2016,629,CA-29,2016,77.74,16.81,-60.93,152477,32962,196140,house_statewide_results.csv
2016,630,CA-30,2016,69.07,25.66,-43.41,209042,77655,302636,house_statewide_results.csv
2016,631,CA-31,2016,57.66,36.58,-21.08,131679,83537,228374,house_statewide_results.csv
2016,632,CA-32,2016,66.55,27.69,-38.87,146407,60907,219981,house_statewide_results.csv
2016,633,CA-33,2016,67.68,26.61,-41.08,237928,93527,351534,house_statewide_results.csv
2016,634,CA-34,2016,83.56,10.72,-72.84,154165,19776,184493,house_statewide_results.csv
2016,635,CA-35,2016,67.74,26.94,-40.8,127685,50785,188497,house_statewide_results.csv
2016,636,CA-36,2016,52.16,43.4,-8.76,123769,102973,237267,house_statewide_results.csv
2016,637,CA-37,2016,85.69,9.63,-76.06,236562,26596,276054,house_statewide_results.csv
2016,638,CA-38,2016,66.97,27.41,-39.56,166142,67995,248073,house_statewide_results.csv
2016,639,CA-39,2016,51.47,42.86,-8.61,140212,116763,272419,house_statewide_results.csv
2016,640,CA-40,2016,82.25,12.8,-69.46,135437,21071,164656,house_statewide_results.csv
2016,641,CA-41,2016,60.98,33.11,-27.87,126189,68509,206933,house_statewide_results.csv
2016,642,CA-42,2016,41.42,53.35,11.94,111054,143057,268130,house_statewide_results.csv
2016,643,CA-43,2016,78.38,16.67,-61.71,182912,38906,233359,house_statewide_results.csv
2016,644,CA-44,2016,83.04,12.26,-70.77,164200,24249,197745,house_statewide_results.csv
2016,645,CA-45,2016,49.74,44.48,-5.25,161012,144002,323710,house_statewide_results.csv
2016,646,CA-46,2016,66.25,27.9,-38.35,119417,50286,180252,house_statewide_results.csv
2016,647,CA-47,2016,62.62,31.02,-31.6,161915,80207,258578,house_statewide_results.csv
2016,648,CA-48,2016,47.91,46.19,-1.72,152060,146610,317379,house_statewide_results.csv
2016,649,CA-49,2016,50.4,43.44,-6.97,157044,135338,311568,house_statewide_results.csv
2016,650,CA-50,2016,39.56,54.57,15.01,115837,159790,292812,house_statewide_results.csv
2016,651,CA-51,2016,71.86,22.78,-49.08,147527,46774,205302,house_statewide_results.csv
2016,652,CA-52,2016,58.11,35.55,-22.56,191034,116867,328742,house_statewide_results.csv
2016,653,CA-53,2016,64.49,29.62,-34.87,199688,91724,309658,house_statewide_results.csv
2016,801,CO-01,2016,69.02,23.23,-45.79,277706,93468,402346,house_statewide_results.csv
2016,802,CO-02,2016,56.2,34.95,-21.25,264969,164783,471488,house_statewide_results.csv
2016,803,CO-03,2016,40.05,51.96,11.91,151057,195966,377177,house_statewide_results.csv
2016,804,CO-04,2016,34.26,57.42,23.16,137783,230946,402207,house_statewide_results.csv
2016,805,CO-05,2016,33.22,57.16,23.94,123528,212539,371801,house_statewide_results.csv
2016,806,CO-06,2016,50.23,41.28,-8.94,191200,157150,380675,house_statewide_results.csv
2016,807,CO-07,2016,51.43,39.42,-12.01,192627,147632,374553,house_statewide_results.csv
2016,901,CT-01,2016,59.32,36.27,-23.05,195310,119403,329251,house_statewide_results.csv
2016,902,CT-02,2016,48.56,45.69,-2.88,165799,155975,341409,house_statewide_results.csv
2016,903,CT-03,2016,55.8,40.33,-15.47,179681,129855,322015,house_statewide_results.csv
2016,904,CT-04,2016,59.46,36.49,-22.97,195503,119982,328806,house_statewide_results.csv
2016,905,CT-05,2016,49.86,45.76,-4.09,161124,147894,323174,house_statewide_results.csv
2016,1198,DC-AL,2016,90.86,4.09,-86.78,282830,12723,311268,house_statewide_results.csv
2016,1001,DE-01,2016,53.09,41.71,-11.37,235603,185127,443814,house_statewide_results.csv
2016,1201,FL-01,2016,27.86,66.78,38.91,107064,256589,384259,house_statewide_results.csv
2016,1202,FL-02,2016,30.36,65.67,35.3,108523,234698,357399,house_statewide_results.csv
2016,1203,FL-03,2016,39.85,55.66,15.82,141354,197459,354751,house_statewide_results.csv
2016,1204,FL-04,2016,33.69,61.56,27.88,142899,261153,424192,house_statewide_results.csv
2016,1205,FL-05,2016,60.71,35.68,-25.03,192093,112906,316420,house_statewide_results.csv
2016,1206,FL-06,2016,39.56,56.4,16.84,151397,215841,382703,house_statewide_results.csv
2016,1207,FL-07,2016,50.78,43.56,-7.22,186768,160207,367763,house_statewide_results.csv
2016,1208,FL-08,2016,37.36,57.88,20.53,151446,234673,405422,house_statewide_results.csv
2016,1209,FL-09,2016,54.3,41.51,-12.79,195363,149346,359778,house_statewide_results.csv
2016,1210,FL-10,2016,61.2,34.56,-26.64,194790,110008,318283,house_statewide_results.csv
2016,1211,FL-11,2016,32.26,64.36,32.1,133476,266314,413789,house_statewide_results.csv
2016,1212,FL-12,2016,38.49,56.91,18.42,147780,218493,383946,house_statewide_results.csv
2016,1213,FL-13,2016,49.08,45.91,-3.17,178823,167264,364352,house_statewide_results.csv
2016,1214,FL-14,2016,56.55,38.58,-17.97,188917,128882,334085,house_statewide_results.csv
2016,1215,FL-15,2016,42.72,52.62,9.9,144254,177664,337636,house_statewide_results.csv
2016,1216,FL-16,2016,42.53,53.21,10.69,170445,213275,400780,house_statewide_results.csv
2016,1217,FL-17,2016,34.75,61.74,26.99,123915,220147,356569,house_statewide_results.csv
2016,1218,FL-18,2016,43.72,52.85,9.13,168558,203771,385572,house_statewide_results.csv
2016,1219,FL-19,2016,37.41,59.42,22.01,143301,227600,383024,house_statewide_results.csv
2016,1220,FL-20,2016,79.77,18.02,-61.76,231603,52304,290321,house_statewide_results.csv
2016,1221,FL-21,2016,58.33,38.88,-19.45,206198,137447,353491,house_statewide_results.csv
2016,1222,FL-22,2016,56.37,40.74,-15.63,202300,146215,358861,house_statewide_results.csv
2016,1223,FL-23,2016,61.47,35.55,-25.92,209167,120979,340265,house_statewide_results.csv
2016,1224,FL-24,2016,82.42,15.3,-67.12,219762,40793,266636,house_statewide_results.csv
2016,1225,FL-25,2016,47.64,49.31,1.67,126396,130839,265340,house_statewide_results.csv
2016,1226,FL-26,2016,56.34,40.2,-16.14,164252,117205,291522,house_statewide_results.csv
2016,1227,FL-27,2016,57.99,38.57,-19.42,174131,115814,300258,house_statewide_results.csv
2016,1301,GA-01,2016,40.85,56.41,15.56,110359,152388,270150,house_statewide_results.csv
2016,1302,GA-02,2016,55.04,43.23,-11.81,136539,107244,248064,house_statewide_results.csv
2016,1303,GA-03,2016,32.68,64.4,31.72,102052,201076,312229,house_statewide_results.csv
2016,1304,GA-04,2016,75.28,22.27,-53.02,224801,66489,298610,house_statewide_results.csv
2016,1305,GA-05,2016,84.98,11.9,-73.08,260021,36400,305988,house_statewide_results.csv
2016,1306,GA-06,2016,46.82,48.31,1.48,155185,160105,331445,house_statewide_results.csv
2016,1307,GA-07,2016,44.68,51.22,6.54,131853,151153,295088,house_statewide_results.csv
2016,1308,GA-08,2016,34.37,63.38,29.01,91065,167908,264920,house_statewide_results.csv
2016,1309,GA-09,2016,19.39,77.72,58.32,57619,230909,297117,house_statewide_results.csv
2016,1310,GA-10,2016,35.86,61.18,25.32,112894,192608,314845,house_statewide_results.csv
2016,1311,GA-11,2016,35.32,60.33,25.02,116295,198681,329306,house_statewide_results.csv
2016,1312,GA-12,2016,40.7,56.86,16.16,108997,152277,267810,house_statewide_results.csv
2016,1313,GA-13,2016,71.03,26.6,-44.43,213757,80048,300950,house_statewide_results.csv
2016,1314,GA-14,2016,22.09,74.97,52.88,56526,191818,255851,house_statewide_results.csv
2016,1501,HI-01,2016,63.07,30.54,-32.53,132009,63916,209300,house_statewide_results.csv
2016,1502,HI-02,2016,61.41,29.56,-31.85,134882,64931,219637,house_statewide_results.csv
2016,1901,IA-01,2016,44.62,48.13,3.51,176535,190410,395633,house_statewide_results.csv
2016,1902,IA-02,2016,44.42,48.48,4.05,170796,186384,384495,house_statewide_results.csv
2016,1903,IA-03,2016,44.49,47.98,3.49,178936,192958,402161,house_statewide_results.csv
2016,1904,IA-04,2016,33.2,60.26,27.06,127402,231231,383742,house_statewide_results.csv
2016,1601,ID-01,2016,25.37,63.66,38.29,91283,229034,359780,house_statewide_results.csv
2016,1602,ID-02,2016,29.78,54.45,24.66,98479,180024,330644,house_statewide_results.csv
2016,1701,IL-01,2016,74.71,21.28,-53.43,245396,69896,328480,house_statewide_results.csv
2016,1702,IL-02,2016,77.37,18.96,-58.41,236826,58036,306098,house_statewide_results.csv
2016,1703,IL-03,2016,54.66,39.48,-15.18,157618,113848,288340,house_statewide_results.csv
2016,1704,IL-04,2016,81.23,13.12,-68.11,172476,27860,212330,house_statewide_results.csv
2016,1705,IL-05,2016,69.54,23.62,-45.93,229771,78038,330392,house_statewide_results.csv
2016,1706,IL-06,2016,49.46,42.59,-6.87,177503,152850,358865,house_statewide_results.csv
2016,1707,IL-07,2016,86.52,9.11,-77.41,271404,28587,313682,house_statewide_results.csv
2016,1708,IL-08,2016,57.46,36.04,-21.42,148367,93060,258200,house_statewide_results.csv
2016,1709,IL-09,2016,69.12,24.5,-44.62,237979,84354,344292,house_statewide_results.csv
2016,1710,IL-10,2016,61.0,32.09,-28.9,178842,94094,293195,house_statewide_results.csv
2016,1711,IL-11,2016,58.09,34.97,-23.12,164556,99051,283278,house_statewide_results.csv
2016,1712,IL-12,2016,39.7,54.38,14.68,126822,173699,319432,house_statewide_results.csv
2016,1713,IL-13,2016,43.63,49.0,5.37,141653,159077,324665,house_statewide_results.csv
2016,1714,IL-14,2016,44.46,48.3,3.84,154118,167443,346651,house_statewide_results.csv
2016,1715,IL-15,2016,24.29,70.06,45.77,78569,226598,323453,house_statewide_results.csv
2016,1716,IL-16,2016,37.76,54.72,16.96,119261,172831,315828,house_statewide_results.csv
2016,1717,IL-17,2016,46.08,46.8,0.72,134388,136491,291653,house_statewide_results.csv
2016,1718,IL-18,2016,32.81,59.87,27.06,115180,210202,351091,house_statewide_results.csv
2016,1801,IN-01,2016,53.31,40.93,-12.39,162358,124638,304551,house_statewide_results.csv
2016,1802,IN-02,2016,35.49,58.32,22.84,99496,163530,280379,house_statewide_results.csv
2016,1803,IN-03,2016,29.68,64.14,34.46,87695,189513,295490,house_statewide_results.csv
2016,1804,IN-04,2016,29.8,63.46,33.67,91272,194401,306325,house_statewide_results.csv
2016,1805,IN-05,2016,40.66,52.3,11.64,150086,193030,369092,house_statewide_results.csv
2016,1806,IN-06,2016,27.09,67.03,39.94,82498,204128,304537,house_statewide_results.csv
2016,1807,IN-07,2016,58.2,35.68,-22.52,156048,95657,268117,house_statewide_results.csv
2016,1808,IN-08,2016,30.56,63.93,33.37,92844,194226,303804,house_statewide_results.csv
2016,1809,IN-09,2016,33.77,60.36,26.58,110858,198117,328233,house_statewide_results.csv
2016,2001,KS-01,2016,24.2,68.95,44.75,64387,183451,266055,house_statewide_results.csv
2016,2002,KS-02,2016,37.02,55.23,18.21,110598,164997,298727,house_statewide_results.csv
2016,2003,KS-03,2016,46.23,45.03,-1.2,161479,157304,349330,house_statewide_results.csv
2016,2004,KS-04,2016,32.39,59.11,26.73,90541,165266,279573,house_statewide_results.csv
2016,2101,KY-01,2016,23.91,72.4,48.49,74179,224654,310296,house_statewide_results.csv
2016,2102,KY-02,2016,27.6,67.53,39.93,89563,219152,324512,house_statewide_results.csv
2016,2103,KY-03,2016,54.86,39.91,-14.95,186550,135709,340039,house_statewide_results.csv
2016,2104,KY-04,2016,29.26,65.18,35.92,98662,219754,337152,house_statewide_results.csv
2016,2105,KY-05,2016,17.47,79.59,62.12,48625,221551,278370,house_statewide_results.csv
2016,2106,KY-06,2016,39.42,54.69,15.28,131268,182137,333006,house_statewide_results.csv
2016,2201,LA-01,2016,26.69,68.7,42.01,95154,244915,356483,house_statewide_results.csv
2016,2202,LA-02,2016,74.62,22.24,-52.38,247490,73762,331669,house_statewide_results.csv
2016,2203,LA-03,2016,29.22,67.35,38.12,100243,231019,343027,house_statewide_results.csv
2016,2204,LA-04,2016,36.61,60.6,23.98,116595,192973,318450,house_statewide_results.csv
2016,2205,LA-05,2016,34.09,63.47,29.37,110259,205262,323421,house_statewide_results.csv
2016,2206,LA-06,2016,31.02,64.81,33.79,110413,230707,355982,house_statewide_results.csv
2016,2501,MA-01,2016,56.34,35.99,-20.35,194036,123953,344412,house_statewide_results.csv
2016,2502,MA-02,2016,55.26,36.22,-19.04,197492,129437,357395,house_statewide_results.csv
2016,2503,MA-03,2016,57.27,34.81,-22.46,202952,123347,354367,house_statewide_results.csv
2016,2504,MA-04,2016,58.14,34.4,-23.74,225976,133705,388652,house_statewide_results.csv
2016,2505,MA-05,2016,68.18,25.26,-42.92,258908,95922,379720,house_statewide_results.csv
2016,2506,MA-06,2016,55.13,37.57,-17.56,224858,153244,407896,house_statewide_results.csv
2016,2507,MA-07,2016,82.99,11.76,-71.23,254002,36003,306058,house_statewide_results.csv
2016,2508,MA-08,2016,59.46,33.81,-25.65,231245,131504,388898,house_statewide_results.csv
2016,2509,MA-09,2016,51.74,41.18,-10.55,205581,163643,397353,house_statewide_results.csv
2016,2401,MD-01,2016,33.01,61.03,28.02,121852,225257,369090,house_statewide_results.csv
2016,2402,MD-02,2016,59.38,35.17,-24.21,193225,114452,325416,house_statewide_results.csv
2016,2403,MD-03,2016,61.72,31.53,-30.19,221835,113324,359411,house_statewide_results.csv
2016,2404,MD-04,2016,76.7,18.94,-57.76,256600,63372,334552,house_statewide_results.csv
2016,2405,MD-05,2016,62.64,32.12,-30.52,225971,115877,360729,house_statewide_results.csv
2016,2406,MD-06,2016,54.81,39.0,-15.81,189526,134853,345799,house_statewide_results.csv
2016,2407,MD-07,2016,74.32,20.17,-54.15,233825,63458,314621,house_statewide_results.csv
2016,2408,MD-08,2016,63.23,30.28,-32.95,235094,112576,371828,house_statewide_results.csv
2016,2301,ME-01,2016,53.95,39.16,-14.79,212778,154430,394406,house_statewide_results.csv
2016,2302,ME-02,2016,41.0,51.24,10.24,144957,181163,353529,house_statewide_results.csv
2016,2601,MI-01,2016,36.59,57.9,21.31,133230,210813,364114,house_statewide_results.csv
2016,2602,MI-02,2016,38.22,55.76,17.53,132496,193272,346622,house_statewide_results.csv
2016,2603,MI-03,2016,42.16,51.6,9.44,147338,180346,349499,house_statewide_results.csv
2016,2604,MI-04,2016,34.67,59.5,24.83,113813,195297,328231,house_statewide_results.csv
2016,2605,MI-05,2016,49.75,45.48,-4.27,162969,148989,327598,house_statewide_results.csv
2016,2606,MI-06,2016,42.87,51.3,8.43,142273,170251,331882,house_statewide_results.csv
2016,2607,MI-07,2016,38.64,55.74,17.1,131421,189600,340150,house_statewide_results.csv
2016,2608,MI-08,2016,43.85,50.64,6.79,164436,189891,374968,house_statewide_results.csv
2016,2609,MI-09,2016,51.46,43.74,-7.73,183093,155608,355770,house_statewide_results.csv
2016,2610,MI-10,2016,31.6,63.77,32.17,113058,228154,357760,house_statewide_results.csv
2016,2611,MI-11,2016,45.31,49.69,4.37,177143,194245,390926,house_statewide_results.csv
2016,2612,MI-12,2016,60.84,34.48,-26.36,206079,116794,338724,house_statewide_results.csv
2016,2613,MI-13,2016,78.81,18.13,-60.67,209110,48113,265350,house_statewide_results.csv
2016,2614,MI-14,2016,79.18,18.25,-60.93,252379,58168,318732,house_statewide_results.csv
2016,2701,MN-01,2016,38.06,52.85,14.78,130831,181647,343735,house_statewide_results.csv
2016,2702,MN-02,2016,44.88,46.07,1.18,171287,175807,381647,house_statewide_results.csv
2016,2703,MN-03,2016,50.24,40.9,-9.34,201885,164348,401827,house_statewide_results.csv
2016,2704,MN-04,2016,60.87,30.24,-30.64,223803,111163,367654,house_statewide_results.csv
2016,2705,MN-05,2016,72.99,18.3,-54.69,273415,68542,374580,house_statewide_results.csv
2016,2706,MN-06,2016,32.98,58.45,25.47,123262,218443,373734,house_statewide_results.csv
2016,2707,MN-07,2016,30.82,61.37,30.55,104569,208225,339299,house_statewide_results.csv
2016,2708,MN-08,2016,38.27,53.76,15.49,138664,194776,362337,house_statewide_results.csv
2016,2901,MO-01,2016,77.01,18.81,-58.2,246091,60113,319568,house_statewide_results.csv
2016,2902,MO-02,2016,42.28,52.58,10.31,177816,221171,420605,house_statewide_results.csv
2016,2903,MO-03,2016,28.07,67.11,39.04,106149,253821,378210,house_statewide_results.csv
2016,2904,MO-04,2016,29.34,65.28,35.94,99838,222142,340267,house_statewide_results.csv
2016,2905,MO-05,2016,54.86,39.79,-15.07,179323,130057,326896,house_statewide_results.csv
2016,2906,MO-06,2016,31.05,63.72,32.67,110507,226788,355934,house_statewide_results.csv
2016,2907,MO-07,2016,24.68,70.36,45.68,84409,240640,342004,house_statewide_results.csv
2016,2908,MO-08,2016,21.05,75.41,54.36,66935,239779,317965,house_statewide_results.csv
2016,2801,MS-01,2016,32.44,65.4,32.96,100758,203147,310611,house_statewide_results.csv
2016,2802,MS-02,2016,63.52,35.17,-28.35,185391,102650,291878,house_statewide_results.csv
2016,2803,MS-03,2016,36.77,61.31,24.53,118927,198263,323401,house_statewide_results.csv
2016,2804,MS-04,2016,28.24,69.37,41.13,80055,196654,283467,house_statewide_results.csv
2016,3001,MT-01,2016,35.75,56.17,20.42,177709,279240,497147,house_statewide_results.csv
2016,3701,NC-01,2016,66.79,30.24,-36.56,240089,108690,359452,house_statewide_results.csv
2016,3702,NC-02,2016,42.99,52.5,9.51,172677,210869,401692,house_statewide_results.csv
2016,3703,NC-03,2016,36.53,60.0,23.48,121046,198843,331394,house_statewide_results.csv
2016,3704,NC-04,2016,67.02,27.72,-39.3,281304,116361,419733,house_statewide_results.csv
2016,3705,NC-05,2016,39.23,56.59,17.35,142363,205334,362877,house_statewide_results.csv
2016,3706,NC-06,2016,41.01,55.57,14.56,148528,201278,362175,house_statewide_results.csv
2016,3707,NC-07,2016,39.52,57.05,17.53,142776,206130,361302,house_statewide_results.csv
2016,3708,NC-08,2016,40.71,55.54,14.83,136231,185868,334677,house_statewide_results.csv
2016,3709,NC-09,2016,42.24,53.68,11.44,147161,187009,348361,house_statewide_results.csv
2016,3710,NC-10,2016,35.91,60.24,24.33,129230,216784,359874,house_statewide_results.csv
2016,3711,NC-11,2016,33.47,62.17,28.71,123811,230008,369957,house_statewide_results.csv
2016,3712,NC-12,2016,67.42,27.99,-39.43,243694,101165,361465,house_statewide_results.csv
2016,3713,NC-13,2016,43.48,52.74,9.25,160194,194277,368391,house_statewide_results.csv
2016,3801,ND-01,2016,27.23,62.96,35.73,93758,216794,344360,house_statewide_results.csv
2016,3101,NE-01,2016,36.24,57.46,21.23,100080,158710,276187,house_statewide_results.csv
2016,3102,NE-02,2016,45.97,48.21,2.24,131056,137432,285083,house_statewide_results.csv
2016,3103,NE-03,2016,19.99,74.86,54.87,53358,199819,266906,house_statewide_results.csv
2016,3301,NH-01,2016,45.91,47.48,1.57,173344,179259,377574,house_statewide_results.csv
2016,3302,NH-02,2016,47.77,45.41,-2.36,175182,166531,366722,house_statewide_results.csv
2016,3401,NJ-01,2016,60.57,36.11,-24.46,199386,118880,329188,house_statewide_results.csv
2016,3402,NJ-02,2016,46.0,50.62,4.62,147654,162481,320997,house_statewide_results.csv
2016,3403,NJ-03,2016,45.2,51.39,6.19,165087,187699,365233,house_statewide_results.csv
2016,3404,NJ-04,2016,41.0,55.77,14.77,146196,198868,356597,house_statewide_results.csv
2016,3405,NJ-05,2016,47.72,48.84,1.12,173962,178044,364532,house_statewide_results.csv
2016,3406,NJ-06,2016,56.23,40.62,-15.62,162769,117567,289446,house_statewide_results.csv
2016,3407,NJ-07,2016,48.58,47.47,-1.11,180520,176384,371580,house_statewide_results.csv
2016,3408,NJ-08,2016,75.66,21.48,-54.18,174282,49486,230346,house_statewide_results.csv
2016,3409,NJ-09,2016,64.31,33.13,-31.17,177868,91646,276596,house_statewide_results.csv
2016,3410,NJ-10,2016,85.22,12.78,-72.44,233465,35013,273948,house_statewide_results.csv
2016,3411,NJ-11,2016,47.91,48.79,0.89,182340,185710,380615,house_statewide_results.csv
2016,3412,NJ-12,2016,65.01,31.8,-33.21,204749,100155,314968,house_statewide_results.csv
2016,3501,NM-01,2016,51.64,35.11,-16.52,147252,100135,285176,house_statewide_results.csv
2016,3502,NM-02,2016,39.88,50.07,10.19,93365,117213,234100,house_statewide_results.csv
2016,3503,NM-03,2016,51.83,36.67,-15.16,144617,102319,279043,house_statewide_results.csv
2016,3201,NV-01,2016,61.64,32.63,-29.0,121309,64225,196817,house_statewide_results.csv
2016,3202,NV-02,2016,39.67,52.03,12.37,129318,169631,326012,house_statewide_results.csv
2016,3203,NV-03,2016,46.54,47.55,1.0,151554,154826,325620,house_statewide_results.csv
2016,3204,NV-04,2016,49.5,44.55,-4.95,137079,123376,276936,house_statewide_results.csv
2016,3601,NY-01,2016,41.88,54.08,12.2,141901,183235,338846,house_statewide_results.csv
2016,3602,NY-02,2016,43.68,52.63,8.95,137680,165908,315221,house_statewide_results.csv
2016,3603,NY-03,2016,51.23,45.09,-6.14,178298,156941,348025,house_statewide_results.csv
2016,3604,NY-04,2016,52.98,43.45,-9.53,179791,147462,339373,house_statewide_results.csv
2016,3605,NY-05,2016,85.43,12.64,-72.79,211719,31330,247826,house_statewide_results.csv
2016,3606,NY-06,2016,64.68,31.86,-32.82,134961,66485,208654,house_statewide_results.csv
2016,3607,NY-07,2016,86.33,10.33,-76.01,177977,21290,206150,house_statewide_results.csv
2016,3608,NY-08,2016,84.22,13.41,-70.8,215689,34356,256102,house_statewide_results.csv
2016,3609,NY-09,2016,82.95,14.33,-68.61,211812,36600,255357,house_statewide_results.csv
2016,3610,NY-10,2016,77.46,18.57,-58.89,205114,49179,264801,house_statewide_results.csv
2016,3611,NY-11,2016,43.51,53.28,9.77,108807,133232,250083,house_statewide_results.csv
2016,3612,NY-12,2016,82.38,13.32,-69.06,255288,41292,309886,house_statewide_results.csv
2016,3613,NY-13,2016,91.83,5.41,-86.42,233184,13732,253940,house_statewide_results.csv
2016,3614,NY-14,2016,77.29,19.69,-57.6,151350,38556,195821,house_statewide_results.csv
2016,3615,NY-15,2016,93.51,4.89,-88.62,179252,9370,191691,house_statewide_results.csv
2016,3616,NY-16,2016,74.51,22.28,-52.23,212686,63597,285445,house_statewide_results.csv
2016,3617,NY-17,2016,58.04,38.09,-19.95,186397,122333,321161,house_statewide_results.csv
2016,3618,NY-18,2016,46.68,48.58,1.9,146182,152139,313171,house_statewide_results.csv
2016,3619,NY-19,2016,43.59,50.33,6.75,140522,162268,322388,house_statewide_results.csv
2016,3620,NY-20,2016,53.28,39.96,-13.32,175401,131556,329227,house_statewide_results.csv
2016,3621,NY-21,2016,39.47,53.15,13.68,111742,150481,283133,house_statewide_results.csv
2016,3622,NY-22,2016,38.91,54.23,15.32,114028,158940,293076,house_statewide_results.csv
2016,3623,NY-23,2016,39.21,53.92,14.71,114948,158076,293154,house_statewide_results.csv
2016,3624,NY-24,2016,48.65,45.02,-3.63,151010,139738,310388,house_statewide_results.csv
2016,3625,NY-25,2016,54.86,38.68,-16.18,182896,128955,333384,house_statewide_results.csv
2016,3626,NY-26,2016,57.46,37.87,-19.59,175335,115556,305132,house_statewide_results.csv
2016,3627,NY-27,2016,34.99,59.27,24.28,122161,206945,349135,house_statewide_results.csv
2016,3901,OH-01,2016,44.56,51.21,6.65,161003,185028,361316,house_statewide_results.csv
2016,3902,OH-02,2016,39.66,55.77,16.1,140778,197926,354922,house_statewide_results.csv
2016,3903,OH-03,2016,66.93,28.64,-38.29,211471,90499,315956,house_statewide_results.csv
2016,3904,OH-04,2016,30.69,64.29,33.59,99618,208642,324544,house_statewide_results.csv
2016,3905,OH-05,2016,34.59,59.69,25.1,124420,214706,359687,house_statewide_results.csv
2016,3906,OH-06,2016,26.72,69.31,42.59,85505,221818,320023,house_statewide_results.csv
2016,3907,OH-07,2016,32.84,62.49,29.66,107889,205329,328571,house_statewide_results.csv
2016,3908,OH-08,2016,30.61,65.12,34.51,104926,223201,342764,house_statewide_results.csv
2016,3909,OH-09,2016,58.71,36.54,-22.17,177061,110208,301604,house_statewide_results.csv
2016,3910,OH-10,2016,44.03,51.33,7.3,153342,178775,348276,house_statewide_results.csv
2016,3911,OH-11,2016,80.51,17.02,-63.48,260499,55086,323581,house_statewide_results.csv
2016,3912,OH-12,2016,41.86,53.19,11.33,161907,205744,386778,house_statewide_results.csv
2016,3913,OH-13,2016,51.12,44.66,-6.46,163355,142708,319573,house_statewide_results.csv
2016,3914,OH-14,2016,42.14,53.58,11.44,155664,197933,369388,house_statewide_results.csv
2016,3915,OH-15,2016,39.81,55.39,15.59,140983,196189,354164,house_statewide_results.csv
2016,3916,OH-16,2016,39.49,56.15,16.66,145743,207213,369026,house_statewide_results.csv
2016,4001,OK-01,2016,32.67,61.42,28.76,101755,191338,311499,house_statewide_results.csv
2016,4002,OK-02,2016,22.82,72.89,50.08,62023,198158,271848,house_statewide_results.csv
2016,4003,OK-03,2016,20.85,73.64,52.79,61180,216080,293420,house_statewide_results.csv
2016,4004,OK-04,2016,28.31,65.72,37.41,83647,194160,295424,house_statewide_results.csv
2016,4005,OK-05,2016,39.8,53.2,13.4,111770,149400,280801,house_statewide_results.csv
2016,4101,OR-01,2016,54.99,33.13,-21.86,219568,132269,399267,house_statewide_results.csv
2016,4102,OR-02,2016,35.3,54.72,19.42,138712,215018,392919,house_statewide_results.csv
2016,4103,OR-03,2016,68.4,21.73,-46.68,282355,89679,412774,house_statewide_results.csv
2016,4104,OR-04,2016,44.52,44.37,-0.15,180849,180244,406232,house_statewide_results.csv
2016,4105,OR-05,2016,46.36,42.29,-4.07,180252,164426,388840,house_statewide_results.csv
2016,4201,PA-01,2016,79.51,18.22,-61.28,250973,57527,315657,house_statewide_results.csv
2016,4202,PA-02,2016,90.42,7.59,-82.83,334275,28065,369705,house_statewide_results.csv
2016,4203,PA-03,2016,35.03,61.06,26.03,113569,197968,324216,house_statewide_results.csv
2016,4204,PA-04,2016,37.17,58.6,21.43,125947,198570,338870,house_statewide_results.csv
2016,4205,PA-05,2016,33.47,62.31,28.84,105137,195724,314131,house_statewide_results.csv
2016,4206,PA-06,2016,48.2,47.57,-0.63,177637,175331,368541,house_statewide_results.csv
2016,4207,PA-07,2016,49.34,46.96,-2.37,190565,181396,386240,house_statewide_results.csv
2016,4208,PA-08,2016,47.98,48.22,0.24,185686,186604,387023,house_statewide_results.csv
2016,4209,PA-09,2016,26.33,70.68,44.35,75279,202101,285941,house_statewide_results.csv
2016,4210,PA-10,2016,30.1,66.15,36.05,93076,204531,309202,house_statewide_results.csv
2016,4211,PA-11,2016,36.16,60.06,23.9,115413,191681,319175,house_statewide_results.csv
2016,4212,PA-12,2016,37.87,58.64,20.78,137589,213091,363367,house_statewide_results.csv
2016,4213,PA-13,2016,65.31,31.73,-33.58,217255,105552,332628,house_statewide_results.csv
2016,4214,PA-14,2016,66.03,30.51,-35.52,231954,107173,351273,house_statewide_results.csv
2016,4215,PA-15,2016,44.22,51.84,7.61,148111,173613,334917,house_statewide_results.csv
2016,4216,PA-16,2016,44.22,51.03,6.81,140236,161837,317140,house_statewide_results.csv
2016,4217,PA-17,2016,43.29,53.38,10.09,132897,163866,306982,house_statewide_results.csv
2016,4218,PA-18,2016,38.53,58.05,19.52,142859,215226,370786,house_statewide_results.csv
2016,4401,RI-01,2016,59.31,34.27,-25.04,130686,75511,220331,house_statewide_results.csv
2016,4402,RI-02,2016,49.97,43.08,-6.89,121839,105032,243813,house_statewide_results.csv
2016,4501,SC-01,2016,40.43,53.47,13.04,134565,177978,332842,house_statewide_results.csv
2016,4502,SC-02,2016,38.48,56.38,17.9,119905,175689,311598,house_statewide_results.csv
2016,4503,SC-03,2016,29.02,67.01,37.99,82458,190378,284100,house_statewide_results.csv
2016,4504,SC-04,2016,34.46,60.19,25.73,104023,181702,301877,house_statewide_results.csv
2016,4505,SC-05,2016,38.78,57.3,18.52,118726,175434,306186,house_statewide_results.csv
2016,4506,SC-06,2016,66.76,30.27,-36.5,179058,81175,268200,house_statewide_results.csv
2016,4507,SC-07,2016,39.11,58.02,18.91,116638,173033,298224,house_statewide_results.csv
2016,4601,SD-01,2016,31.74,61.53,29.79,117458,227721,370093,house_statewide_results.csv
2016,4701,TN-01,2016,19.61,76.45,56.84,52241,203669,266419,house_statewide_results.csv
2016,4702,TN-02,2016,29.53,64.71,35.19,86213,188955,291982,house_statewide_results.csv
2016,4703,TN-03,2016,30.06,65.06,35.0,83460,180655,277667,house_statewide_results.csv
2016,4704,TN-04,2016,27.26,68.21,40.95,75820,189727,278167,house_statewide_results.csv
2016,4705,TN-05,2016,56.05,37.88,-18.17,156626,105853,279437,house_statewide_results.csv
2016,4706,TN-06,2016,23.58,72.33,48.76,70525,216370,299123,house_statewide_results.csv
2016,4707,TN-07,2016,28.04,67.04,39.01,82392,197025,293884,house_statewide_results.csv
2016,4708,TN-08,2016,30.43,66.05,35.62,90143,195657,296219,house_statewide_results.csv
2016,4709,TN-09,2016,76.97,19.99,-56.97,173275,45014,225129,house_statewide_results.csv
2016,4801,TX-01,2016,25.09,71.67,46.57,66389,189604,264559,house_statewide_results.csv
2016,4802,TX-02,2016,42.75,52.0,9.25,119621,145519,279840,house_statewide_results.csv
2016,4803,TX-03,2016,39.9,53.83,13.93,129385,174561,324305,house_statewide_results.csv
2016,4804,TX-04,2016,21.63,74.86,53.23,60842,210585,281321,house_statewide_results.csv
2016,4805,TX-05,2016,34.18,62.5,28.32,79759,145846,233340,house_statewide_results.csv
2016,4806,TX-06,2016,41.62,53.78,12.16,115273,148948,276957,house_statewide_results.csv
2016,4807,TX-07,2016,48.16,46.81,-1.36,124722,121204,258953,house_statewide_results.csv
2016,4808,TX-08,2016,23.64,71.93,48.29,70532,214605,298365,house_statewide_results.csv
2016,4809,TX-09,2016,79.13,17.99,-61.14,151556,34454,191518,house_statewide_results.csv
2016,4810,TX-10,2016,42.81,51.91,9.1,135993,164912,317684,house_statewide_results.csv
2016,4811,TX-11,2016,19.01,77.55,58.53,47470,193619,249682,house_statewide_results.csv
2016,4812,TX-12,2016,32.47,62.44,29.97,92589,178033,285145,house_statewide_results.csv
2016,4813,TX-13,2016,16.78,79.54,62.76,40252,190844,239945,house_statewide_results.csv
2016,4814,TX-14,2016,38.3,57.95,19.66,101227,153188,264334,house_statewide_results.csv
2016,4815,TX-15,2016,56.21,39.66,-16.56,104454,73689,185819,house_statewide_results.csv
2016,4816,TX-16,2016,67.21,26.89,-40.31,130784,52334,194603,house_statewide_results.csv
2016,4817,TX-17,2016,38.43,55.72,17.29,96179,139434,250240,house_statewide_results.csv
2016,4818,TX-18,2016,76.22,19.9,-56.32,157155,41022,206186,house_statewide_results.csv
2016,4819,TX-19,2016,23.31,72.01,48.71,53519,165371,229641,house_statewide_results.csv
2016,4820,TX-20,2016,60.23,33.84,-26.4,132496,74431,219973,house_statewide_results.csv
2016,4821,TX-21,2016,42.04,51.93,9.89,152453,188317,362671,house_statewide_results.csv
2016,4822,TX-22,2016,43.91,51.75,7.84,135531,159718,308659,house_statewide_results.csv
2016,4823,TX-23,2016,49.37,45.93,-3.44,115135,107115,233195,house_statewide_results.csv
2016,4824,TX-24,2016,44.27,50.5,6.23,122894,140187,277573,house_statewide_results.csv
2016,4825,TX-25,2016,39.94,54.69,14.75,125945,172470,315367,house_statewide_results.csv
2016,4826,TX-26,2016,34.02,60.24,26.23,109470,193873,321810,house_statewide_results.csv
2016,4827,TX-27,2016,36.36,59.81,23.45,85587,140785,235401,house_statewide_results.csv
2016,4828,TX-28,2016,57.8,38.1,-19.7,109946,72471,190214,house_statewide_results.csv
2016,4829,TX-29,2016,70.95,25.39,-45.56,95027,34011,133934,house_statewide_results.csv
2016,4830,TX-30,2016,79.08,18.27,-60.8,174528,40333,220711,house_statewide_results.csv
2016,4831,TX-31,2016,40.07,52.61,12.54,117147,153799,292363,house_statewide_results.csv
2016,4832,TX-32,2016,48.44,46.58,-1.87,134895,129701,278463,house_statewide_results.csv
2016,4833,TX-33,2016,72.78,23.71,-49.07,94514,30788,129869,house_statewide_results.csv
2016,4834,TX-34,2016,58.82,37.42,-21.39,101796,64768,173078,house_statewide_results.csv
2016,4835,TX-35,2016,63.61,30.25,-33.36,128575,61142,202138,house_statewide_results.csv
2016,4836,TX-36,2016,25.13,71.68,46.55,64225,183175,255552,house_statewide_results.csv
2016,4901,UT-01,2016,22.37,49.74,27.37,62733,139503,280442,house_statewide_results.csv
2016,4902,UT-02,2016,31.97,46.01,14.04,90686,130525,283699,house_statewide_results.csv
2016,4903,UT-03,2016,23.27,47.18,23.91,67461,136782,289923,house_statewide_results.csv
2016,4904,UT-04,2016,32.38,39.1,6.72,89796,108421,277311,house_statewide_results.csv
2016,5101,VA-01,2016,40.88,53.33,12.45,161579,210783,395266,house_statewide_results.csv
2016,5102,VA-02,2016,45.09,48.41,3.32,147023,157841,326072,house_statewide_results.csv
2016,5103,VA-03,2016,63.25,31.68,-31.57,205753,103066,325309,house_statewide_results.csv
2016,5104,VA-04,2016,58.37,36.96,-21.41,212677,134676,364343,house_statewide_results.csv
2016,5105,VA-05,2016,42.09,53.11,11.03,154665,195190,367501,house_statewide_results.csv
2016,5106,VA-06,2016,34.67,59.32,24.64,120596,206303,347796,house_statewide_results.csv
2016,5107,VA-07,2016,43.73,50.18,6.46,172544,198032,394604,house_statewide_results.csv
2016,5108,VA-08,2016,72.42,20.58,-51.83,270415,76854,373421,house_statewide_results.csv
2016,5109,VA-09,2016,27.16,68.44,41.27,86463,217837,318293,house_statewide_results.csv
2016,5110,VA-10,2016,51.57,41.75,-9.82,210768,170635,408689,house_statewide_results.csv
2016,5111,VA-11,2016,66.12,27.17,-38.94,238990,98226,361458,house_statewide_results.csv
2016,5001,VT-01,2016,55.72,29.76,-25.96,178573,95369,320467,house_statewide_results.csv
2016,5301,WA-01,2016,54.13,37.85,-16.28,188483,131786,348217,house_statewide_results.csv
2016,5302,WA-02,2016,56.92,34.83,-22.09,186290,113993,327309,house_statewide_results.csv
2016,5303,WA-03,2016,42.52,49.93,7.41,134009,157359,315150,house_statewide_results.csv
2016,5304,WA-04,2016,35.06,57.92,22.86,85083,140560,242668,house_statewide_results.csv
2016,5305,WA-05,2016,39.14,52.17,13.03,125112,166765,319635,house_statewide_results.csv
2016,5306,WA-06,2016,51.83,39.48,-12.36,172596,131449,332992,house_statewide_results.csv
2016,5307,WA-07,2016,82.13,12.18,-69.95,341412,50615,415693,house_statewide_results.csv
2016,5308,WA-08,2016,47.72,44.67,-3.04,153166,143403,321001,house_statewide_results.csv
2016,5309,WA-09,2016,70.47,23.34,-47.13,205194,67956,291193,house_statewide_results.csv
2016,5310,WA-10,2016,51.25,39.9,-11.35,151373,117861,295356,house_statewide_results.csv
2016,5501,WI-01,2016,41.81,52.08,10.27,150446,187390,359844,house_statewide_results.csv
2016,5502,WI-02,2016,64.92,28.6,-36.32,271508,119609,418194,house_statewide_results.csv
2016,5503,WI-03,2016,44.32,48.77,4.45,160990,177160,363248,house_statewide_results.csv
2016,5504,WI-04,2016,73.04,21.53,-51.5,228226,67287,312481,house_statewide_results.csv
2016,5505,WI-05,2016,36.71,56.53,19.83,148887,229303,405611,house_statewide_results.csv
2016,5506,WI-06,2016,38.24,54.82,16.58,141919,203436,371114,house_statewide_results.csv
2016,5507,WI-07,2016,36.94,57.2,20.25,137883,213479,373224,house_statewide_results.csv
2016,5508,WI-08,2016,38.31,55.75,17.44,142677,207620,372434,house_statewide_results.csv
2016,5401,WV-01,2016,26.4,68.04,41.64,64384,165934,243894,house_statewide_results.csv
2016,5402,WV-02,2016,29.36,65.8,36.44,73487,164674,250267,house_statewide_results.csv
2016,5403,WV-03,2016,23.26,72.53,49.27,50921,158763,218888,house_statewide_results.csv
2016,5601,WY-01,2016,21.88,68.17,46.3,55973,174419,255849,house_statewide_results.csv
2018,201,AK-01,2016,36.55,51.28,14.73,116454,163387,318608,house_statewide_results.csv
2018,101,AL-01,2016,33.78,62.97,29.18,103343,192616,305900,house_statewide_results.csv
2018,102,AL-02,2016,32.95,64.25,31.3,95307,185825,289220,house_statewide_results.csv
2018,103,AL-03,2016,31.99,64.74,32.75,92999,188210,290731,house_statewide_results.csv
2018,104,AL-04,2016,17.31,79.73,62.42,50846,234147,293678,house_statewide_results.csv
2018,105,AL-05,2016,30.87,63.72,32.85,97157,200562,314740,house_statewide_results.csv
2018,106,AL-06,2016,25.76,69.57,43.8,86481,233512,335672,house_statewide_results.csv
2018,107,AL-07,2016,69.24,28.5,-40.74,203474,83757,293883,house_statewide_results.csv
2018,501,AR-01,2016,30.18,64.98,34.8,78644,169330,260600,house_statewide_results.csv
2018,502,AR-02,2016,41.66,52.37,10.71,127878,160763,306949,house_statewide_results.csv
2018,503,AR-03,2016,30.49,61.92,31.43,89081,180921,292163,house_statewide_results.csv
2018,504,AR-04,2016,31.33,64.16,32.83,84842,173730,270780,house_statewide_results.csv
2018,401,AZ-01,2016,45.53,46.58,1.05,132879,135936,291830,house_statewide_results.csv
2018,402,AZ-02,2016,48.63,43.82,-4.81,156667,141184,322158,house_statewide_results.csv
2018,403,AZ-03,2016,61.56,32.06,-29.5,130466,67953,211944,house_statewide_results.csv
2018,404,AZ-04,2016,27.12,66.66,39.54,82193,202038,303092,house_statewide_results.csv
2018,405,AZ-05,2016,35.52,56.07,20.55,121280,191432,341437,house_statewide_results.csv
2018,406,AZ-06,2016,41.74,51.55,9.81,143525,177251,343866,house_statewide_results.csv
2018,407,AZ-07,2016,70.55,22.27,-48.28,117937,37229,167157,house_statewide_results.csv
2018,408,AZ-08,2016,36.36,57.15,20.79,121035,190244,332896,house_statewide_results.csv
2018,409,AZ-09,2016,53.46,37.6,-15.86,155185,109134,290277,house_statewide_results.csv
2018,601,CA-01,2016,36.54,56.17,19.64,114681,176313,313881,house_statewide_results.csv
2018,602,CA-02,2016,69.04,23.35,-45.69,238036,80497,344781,house_statewide_results.csv
2018,603,CA-03,2016,52.97,40.4,-12.57,138449,105589,261360,house_statewide_results.csv
2018,604,CA-04,2016,39.27,54.04,14.77,138352,190384,352323,house_statewide_results.csv
2018,605,CA-05,2016,69.14,24.3,-44.85,210535,73981,304493,house_statewide_results.csv
2018,606,CA-06,2016,69.16,24.41,-44.74,168686,59546,243919,house_statewide_results.csv
2018,607,CA-07,2016,52.31,40.85,-11.45,159066,124236,304105,house_statewide_results.csv
2018,608,CA-08,2016,39.62,54.73,15.11,92182,127341,232663,house_statewide_results.csv
2018,609,CA-09,2016,56.58,37.96,-18.62,134678,90363,238019,house_statewide_results.csv
2018,610,CA-10,2016,48.54,45.54,-3.0,116144,108969,239273,house_statewide_results.csv
2018,611,CA-11,2016,71.51,22.68,-48.83,223012,70720,311853,house_statewide_results.csv
2018,612,CA-12,2016,86.19,8.68,-77.51,309227,31150,358774,house_statewide_results.csv
2018,613,CA-13,2016,87.36,6.8,-80.56,291321,22681,333483,house_statewide_results.csv
2018,614,CA-14,2016,76.92,18.21,-58.71,229070,54242,297807,house_statewide_results.csv
2018,615,CA-15,2016,69.92,24.19,-45.72,198248,68603,283552,house_statewide_results.csv
2018,616,CA-16,2016,57.96,36.36,-21.6,98479,61780,169912,house_statewide_results.csv
2018,617,CA-17,2016,73.89,20.5,-53.39,183920,51023,248904,house_statewide_results.csv
2018,618,CA-18,2016,73.44,20.21,-53.23,246197,67746,335255,house_statewide_results.csv
2018,619,CA-19,2016,72.93,21.49,-51.44,187868,55351,257612,house_statewide_results.csv
2018,620,CA-20,2016,70.36,23.21,-47.15,180245,59468,256166,house_statewide_results.csv
2018,621,CA-21,2016,55.24,39.68,-15.56,73742,52965,133497,house_statewide_results.csv
2018,622,CA-22,2016,42.61,52.09,9.48,102285,125039,240064,house_statewide_results.csv
2018,623,CA-23,2016,36.07,58.13,22.06,88300,142315,244803,house_statewide_results.csv
2018,624,CA-24,2016,56.52,36.66,-19.86,175258,113677,310107,house_statewide_results.csv
2018,625,CA-25,2016,50.32,43.65,-6.67,137390,119171,273026,house_statewide_results.csv
2018,626,CA-26,2016,57.86,36.02,-21.83,168927,105176,291981,house_statewide_results.csv
2018,627,CA-27,2016,66.0,28.35,-37.65,174472,74941,264343,house_statewide_results.csv
2018,628,CA-28,2016,72.14,22.33,-49.81,208550,64552,289074,house_statewide_results.csv
2018,629,CA-29,2016,77.74,16.81,-60.93,152477,32962,196140,house_statewide_results.csv
2018,630,CA-30,2016,69.07,25.66,-43.41,209042,77655,302636,house_statewide_results.csv
2018,631,CA-31,2016,57.66,36.58,-21.08,131679,83537,228374,house_statewide_results.csv
2018,632,CA-32,2016,66.55,27.69,-38.87,146407,60907,219981,house_statewide_results.csv
2018,633,CA-33,2016,67.68,26.61,-41.08,237928,93527,351534,house_statewide_results.csv
2018,634,CA-34,2016,83.56,10.72,-72.84,154165,19776,184493,house_statewide_results.csv
2018,635,CA-35,2016,67.74,26.94,-40.8,127685,50785,188497,house_statewide_results.csv
2018,636,CA-36,2016,52.16,43.4,-8.76,123769,102973,237267,house_statewide_results.csv
2018,637,CA-37,2016,85.69,9.63,-76.06,236562,26596,276054,house_statewide_results.csv
2018,638,CA-38,2016,66.97,27.41,-39.56,166142,67995,248073,house_statewide_results.csv
2018,639,CA-39,2016,51.47,42.86,-8.61,140212,116763,272419,house_statewide_results.csv
2018,640,CA-40,2016,82.25,12.8,-69.46,135437,21071,164656,house_statewide_results.csv
2018,641,CA-41,2016,60.98,33.11,-27.87,126189,68509,206933,house_statewide_results.csv
2018,642,CA-42,2016,41.42,53.35,11.94,111054,143057,268130,house_statewide_results.csv
2018,643,CA-43,2016,78.38,16.67,-61.71,182912,38906,233359,house_statewide_results.csv
2018,644,CA-44,2016,83.04,12.26,-70.77,164200,24249,197745,house_statewide_results.csv
2018,645,CA-45,2016,49.74,44.48,-5.25,161012,144002,323710,house_statewide_results.csv
2018,646,CA-46,2016,66.25,27.9,-38.35,119417,50286,180252,house_statewide_results.csv
2018,647,CA-47,2016,62.62,31.02,-31.6,161915,80207,258578,house_statewide_results.csv
2018,648,CA-48,2016,47.91,46.19,-1.72,152060,146610,317379,house_statewide_results.csv
2018,649,CA-49,2016,50.4,43.44,-6.97,157044,135338,311568,house_statewide_results.csv
2018,650,CA-50,2016,39.56,54.57,15.01,115837,159790,292812,house_statewide_results.csv
2018,651,CA-51,2016,71.86,22.78,-49.08,147527,46774,205302,house_statewide_results.csv
2018,652,CA-52,2016,58.11,35.55,-22.56,191034,116867,328742,house_statewide_results.csv
2018,653,CA-53,2016,64.49,29.62,-34.87,199688,91724,309658,house_statewide_results.csv
2018,801,CO-01,2016,69.02,23.23,-45.79,277706,93468,402346,house_statewide_results.csv
2018,802,CO-02,2016,56.2,34.95,-21.25,264969,164783,471488,house_statewide_results.csv
2018,803,CO-03,2016,40.05,51.96,11.91,151057,195966,377177,house_statewide_results.csv
2018,804,CO-04,2016,34.26,57.42,23.16,137783,230946,402207,house_statewide_results.csv
2018,805,CO-05,2016,33.22,57.16,23.94,123528,212539,371801,house_statewide_results.csv
2018,806,CO-06,2016,50.23,41.28,-8.94,191200,157150,380675,house_statewide_results.csv
2018,807,CO-07,2016,51.43,39.42,-12.01,192627,147632,374553,house_statewide_results.csv
2018,901,CT-01,2016,59.32,36.27,-23.05,195310,119403,329251,house_statewide_results.csv
2018,902,CT-02,2016,48.56,45.69,-2.88,165799,155975,341409,house_statewide_results.csv
2018,903,CT-03,2016,55.8,40.33,-15.47,179681,129855,322015,house_statewide_results.csv
2018,904,CT-04,2016,59.46,36.49,-22.97,195503,119982,328806,house_statewide_results.csv
2018,905,CT-05,2016,49.86,45.76,-4.09,161124,147894,323174,house_statewide_results.csv
2018,1198,DC-AL,2016,90.86,4.09,-86.78,282830,12723,311268,house_statewide_results.csv
2018,1001,DE-01,2016,53.09,41.71,-11.37,235603,185127,443814,house_statewide_results.csv
2018,1201,FL-01,2016,27.86,66.78,38.91,107064,256589,384259,house_statewide_results.csv
2018,1202,FL-02,2016,30.36,65.67,35.3,108523,234698,357399,house_statewide_results.csv
2018,1203,FL-03,2016,39.85,55.66,15.82,141354,197459,354751,house_statewide_results.csv
2018,1204,FL-04,2016,33.69,61.56,27.88,142899,261153,424192,house_statewide_results.csv
2018,1205,FL-05,2016,60.71,35.68,-25.03,192093,112906,316420,house_statewide_results.csv
2018,1206,FL-06,2016,39.56,56.4,16.84,151397,215841,382703,house_statewide_results.csv
2018,1207,FL-07,2016,50.78,43.56,-7.22,186768,160207,367763,house_statewide_results.csv
2018,1208,FL-08,2016,37.36,57.88,20.53,151446,234673,405422,house_statewide_results.csv
2018,1209,FL-09,2016,54.3,41.51,-12.79,195363,149346,359778,house_statewide_results.csv
2018,1210,FL-10,2016,61.2,34.56,-26.64,194790,110008,318283,house_statewide_results.csv
2018,1211,FL-11,2016,32.26,64.36,32.1,133476,266314,413789,house_statewide_results.csv
2018,1212,FL-12,2016,38.49,56.91,18.42,147780,218493,383946,house_statewide_results.csv
2018,1213,FL-13,2016,49.08,45.91,-3.17,178823,167264,364352,house_statewide_results.csv
2018,1214,FL-14,2016,56.55,38.58,-17.97,188917,128882,334085,house_statewide_results.csv
2018,1215,FL-15,2016,42.72,52.62,9.9,144254,177664,337636,house_statewide_results.csv
2018,1216,FL-16,2016,42.53,53.21,10.69,170445,213275,400780,house_statewide_results.csv
2018,1217,FL-17,2016,34.75,61.74,26.99,123915,220147,356569,house_statewide_results.csv
2018,1218,FL-18,2016,43.72,52.85,9.13,168558,203771,385572,house_statewide_results.csv
2018,1219,FL-19,2016,37.41,59.42,22.01,143301,227600,383024,house_statewide_results.csv
2018,1220,FL-20,2016,79.77,18.02,-61.76,231603,52304,290321,house_statewide_results.csv
2018,1221,FL-21,2016,58.33,38.88,-19.45,206198,137447,353491,house_statewide_results.csv
2018,1222,FL-22,2016,56.37,40.74,-15.63,202300,146215,358861,house_statewide_results.csv
2018,1223,FL-23,2016,61.47,35.55,-25.92,209167,120979,340265,house_statewide_results.csv
2018,1224,FL-24,2016,82.42,15.3,-67.12,219762,40793,266636,house_statewide_results.csv
2018,1225,FL-25,2016,47.64,49.31,1.67,126396,130839,265340,house_statewide_results.csv
2018,1226,FL-26,2016,56.34,40.2,-16.14,164252,117205,291522,house_statewide_results.csv
2018,1227,FL-27,2016,57.99,38.57,-19.42,174131,115814,300258,house_statewide_results.csv
2018,1301,GA-01,2016,40.85,56.41,15.56,110359,152388,270150,house_statewide_results.csv
2018,1302,GA-02,2016,55.04,43.23,-11.81,136539,107244,248064,house_statewide_results.csv
2018,1303,GA-03,2016,32.68,64.4,31.72,102052,201076,312229,house_statewide_results.csv
2018,1304,GA-04,2016,75.28,22.27,-53.02,224801,66489,298610,house_statewide_results.csv
2018,1305,GA-05,2016,84.98,11.9,-73.08,260021,36400,305988,house_statewide_results.csv
2018,1306,GA-06,2016,46.82,48.31,1.48,155185,160105,331445,house_statewide_results.csv
2018,1307,GA-07,2016,44.68,51.22,6.54,131853,151153,295088,house_statewide_results.csv
2018,1308,GA-08,2016,34.37,63.38,29.01,91065,167908,264920,house_statewide_results.csv
2018,1309,GA-09,2016,19.39,77.72,58.32,57619,230909,297117,house_statewide_results.csv
2018,1310,GA-10,2016,35.86,61.18,25.32,112894,192608,314845,house_statewide_results.csv
2018,1311,GA-11,2016,35.32,60.33,25.02,116295,198681,329306,house_statewide_results.csv
2018,1312,GA-12,2016,40.7,56.86,16.16,108997,152277,267810,house_statewide_results.csv
2018,1313,GA-13,2016,71.03,26.6,-44.43,213757,80048,300950,house_statewide_results.csv
2018,1314,GA-14,2016,22.09,74.97,52.88,56526,191818,255851,house_statewide_results.csv
2018,1501,HI-01,2016,63.07,30.54,-32.53,132009,63916,209300,house_statewide_results.csv
2018,1502,HI-02,2016,61.41,29.56,-31.85,134882,64931,219637,house_statewide_results.csv
2018,1901,IA-01,2016,44.62,48.13,3.51,176535,190410,395633,house_statewide_results.csv
2018,1902,IA-02,2016,44.42,48.48,4.05,170796,186384,384495,house_statewide_results.csv
2018,1903,IA-03,2016,44.49,47.98,3.49,178936,192958,402161,house_statewide_results.csv
2018,1904,IA-04,2016,33.2,60.26,27.06,127402,231231,383742,house_statewide_results.csv
2018,1601,ID-01,2016,25.37,63.66,38.29,91283,229034,359780,house_statewide_results.csv
2018,1602,ID-02,2016,29.78,54.45,24.66,98479,180024,330644,house_statewide_results.csv
2018,1701,IL-01,2016,74.71,21.28,-53.43,245396,69896,328480,house_statewide_results.csv
2018,1702,IL-02,2016,77.37,18.96,-58.41,236826,58036,306098,house_statewide_results.csv
2018,1703,IL-03,2016,54.66,39.48,-15.18,157618,113848,288340,house_statewide_results.csv
2018,1704,IL-04,2016,81.23,13.12,-68.11,172476,27860,212330,house_statewide_results.csv
2018,1705,IL-05,2016,69.54,23.62,-45.93,229771,78038,330392,house_statewide_results.csv
2018,1706,IL-06,2016,49.46,42.59,-6.87,177503,152850,358865,house_statewide_results.csv
2018,1707,IL-07,2016,86.52,9.11,-77.41,271404,28587,313682,house_statewide_results.csv
2018,1708,IL-08,2016,57.46,36.04,-21.42,148367,93060,258200,house_statewide_results.csv
2018,1709,IL-09,2016,69.12,24.5,-44.62,237979,84354,344292,house_statewide_results.csv
2018,1710,IL-10,2016,61.0,32.09,-28.9,178842,94094,293195,house_statewide_results.csv
2018,1711,IL-11,2016,58.09,34.97,-23.12,164556,99051,283278,house_statewide_results.csv
2018,1712,IL-12,2016,39.7,54.38,14.68,126822,173699,319432,house_statewide_results.csv
2018,1713,IL-13,2016,43.63,49.0,5.37,141653,159077,324665,house_statewide_results.csv
2018,1714,IL-14,2016,44.46,48.3,3.84,154118,167443,346651,house_statewide_results.csv
2018,1715,IL-15,2016,24.29,70.06,45.77,78569,226598,323453,house_statewide_results.csv
2018,1716,IL-16,2016,37.76,54.72,16.96,119261,172831,315828,house_statewide_results.csv
2018,1717,IL-17,2016,46.08,46.8,0.72,134388,136491,291653,house_statewide_results.csv
2018,1718,IL-18,2016,32.81,59.87,27.06,115180,210202,351091,house_statewide_results.csv
2018,1801,IN-01,2016,53.31,40.93,-12.39,162358,124638,304551,house_statewide_results.csv
2018,1802,IN-02,2016,35.49,58.32,22.84,99496,163530,280379,house_statewide_results.csv
2018,1803,IN-03,2016,29.68,64.14,34.46,87695,189513,295490,house_statewide_results.csv
2018,1804,IN-04,2016,29.8,63.46,33.67,91272,194401,306325,house_statewide_results.csv
2018,1805,IN-05,2016,40.66,52.3,11.64,150086,193030,369092,house_statewide_results.csv
2018,1806,IN-06,2016,27.09,67.03,39.94,82498,204128,304537,house_statewide_results.csv
2018,1807,IN-07,2016,58.2,35.68,-22.52,156048,95657,268117,house_statewide_results.csv
2018,1808,IN-08,2016,30.56,63.93,33.37,92844,194226,303804,house_statewide_results.csv
2018,1809,IN-09,2016,33.77,60.36,26.58,110858,198117,328233,house_statewide_results.csv
2018,2001,KS-01,2016,24.2,68.95,44.75,64387,183451,266055,house_statewide_results.csv
2018,2002,KS-02,2016,37.02,55.23,18.21,110598,164997,298727,house_statewide_results.csv
2018,2003,KS-03,2016,46.23,45.03,-1.2,161479,157304,349330,house_statewide_results.csv
2018,2004,KS-04,2016,32.39,59.11,26.73,90541,165266,279573,house_statewide_results.csv
2018,2101,KY-01,2016,23.91,72.4,48.49,74179,224654,310296,house_statewide_results.csv
2018,2102,KY-02,2016,27.6,67.53,39.93,89563,219152,324512,house_statewide_results.csv
2018,2103,KY-03,2016,54.86,39.91,-14.95,186550,135709,340039,house_statewide_results.csv
2018,2104,KY-04,2016,29.26,65.18,35.92,98662,219754,337152,house_statewide_results.csv
2018,2105,KY-05,2016,17.47,79.59,62.12,48625,221551,278370,house_statewide_results.csv
2018,2106,KY-06,2016,39.42,54.69,15.28,131268,182137,333006,house_statewide_results.csv
2018,2201,LA-01,2016,26.69,68.7,42.01,95154,244915,356483,house_statewide_results.csv
2018,2202,LA-02,2016,74.62,22.24,-52.38,247490,73762,331669,house_statewide_results.csv
2018,2203,LA-03,2016,29.22,67.35,38.12,100243,231019,343027,house_statewide_results.csv
2018,2204,LA-04,2016,36.61,60.6,23.98,116595,192973,318450,house_statewide_results.csv
2018,2205,LA-05,2016,34.09,63.47,29.37,110259,205262,323421,house_statewide_results.csv
2018,2206,LA-06,2016,31.02,64.81,33.79,110413,230707,355982,house_statewide_results.csv
2018,2501,MA-01,2016,56.34,35.99,-20.35,194036,123953,344412,house_statewide_results.csv
2018,2502,MA-02,2016,55.26,36.22,-19.04,197492,129437,357395,house_statewide_results.csv
2018,2503,MA-03,2016,57.27,34.81,-22.46,202952,123347,354367,house_statewide_results.csv
2018,2504,MA-04,2016,58.14,34.4,-23.74,225976,133705,388652,house_statewide_results.csv
2018,2505,MA-05,2016,68.18,25.26,-42.92,258908,95922,379720,house_statewide_results.csv
2018,2506,MA-06,2016,55.13,37.57,-17.56,224858,153244,407896,house_statewide_results.csv
2018,2507,MA-07,2016,82.99,11.76,-71.23,254002,36003,306058,house_statewide_results.csv
2018,2508,MA-08,2016,59.46,33.81,-25.65,231245,131504,388898,house_statewide_results.csv
2018,2509,MA-09,2016,51.74,41.18,-10.55,205581,163643,397353,house_statewide_results.csv
2018,2401,MD-01,2016,33.01,61.03,28.02,121852,225257,369090,house_statewide_results.csv
2018,2402,MD-02,2016,59.38,35.17,-24.21,193225,114452,325416,house_statewide_results.csv
2018,2403,MD-03,2016,61.72,31.53,-30.19,221835,113324,359411,house_statewide_results.csv
2018,2404,MD-04,2016,76.7,18.94,-57.76,256600,63372,334552,house_statewide_results.csv
2018,2405,MD-05,2016,62.64,32.12,-30.52,225971,115877,360729,house_statewide_results.csv
2018,2406,MD-06,2016,54.81,39.0,-15.81,189526,134853,345799,house_statewide_results.csv
2018,2407,MD-07,2016,74.32,20.17,-54.15,233825,63458,314621,house_statewide_results.csv
2018,2408,MD-08,2016,63.23,30.28,-32.95,235094,112576,371828,house_statewide_results.csv
2018,2301,ME-01,2016,53.95,39.16,-14.79,212778,154430,394406,house_statewide_results.csv
2018,2302,ME-02,2016,41.0,51.24,10.24,144957,181163,353529,house_statewide_results.csv
2018,2601,MI-01,2016,36.59,57.9,21.31,133230,210813,364114,house_statewide_results.csv
2018,2602,MI-02,2016,38.22,55.76,17.53,132496,193272,346622,house_statewide_results.csv
2018,2603,MI-03,2016,42.16,51.6,9.44,147338,180346,349499,house_statewide_results.csv
2018,2604,MI-04,2016,34.67,59.5,24.83,113813,195297,328231,house_statewide_results.csv
2018,2605,MI-05,2016,49.75,45.48,-4.27,162969,148989,327598,house_statewide_results.csv
2018,2606,MI-06,2016,42.87,51.3,8.43,142273,170251,331882,house_statewide_results.csv
2018,2607,MI-07,2016,38.64,55.74,17.1,131421,189600,340150,house_statewide_results.csv
2018,2608,MI-08,2016,43.85,50.64,6.79,164436,189891,374968,house_statewide_results.csv
2018,2609,MI-09,2016,51.46,43.74,-7.73,183093,155608,355770,house_statewide_results.csv
2018,2610,MI-10,2016,31.6,63.77,32.17,113058,228154,357760,house_statewide_results.csv
2018,2611,MI-11,2016,45.31,49.69,4.37,177143,194245,390926,house_statewide_results.csv
2018,2612,MI-12,2016,60.84,34.48,-26.36,206079,116794,338724,house_statewide_results.csv
2018,2613,MI-13,2016,78.81,18.13,-60.67,209110,48113,265350,house_statewide_results.csv
2018,2614,MI-14,2016,79.18,18.25,-60.93,252379,58168,318732,house_statewide_results.csv
2018,2701,MN-01,2016,38.06,52.85,14.78,130831,181647,343735,house_statewide_results.csv
2018,2702,MN-02,2016,44.88,46.07,1.18,171287,175807,381647,house_statewide_results.csv
2018,2703,MN-03,2016,50.24,40.9,-9.34,201885,164348,401827,house_statewide_results.csv
2018,2704,MN-04,2016,60.87,30.24,-30.64,223803,111163,367654,house_statewide_results.csv
2018,2705,MN-05,2016,72.99,18.3,-54.69,273415,68542,374580,house_statewide_results.csv
2018,2706,MN-06,2016,32.98,58.45,25.47,123262,218443,373734,house_statewide_results.csv
2018,2707,MN-07,2016,30.82,61.37,30.55,104569,208225,339299,house_statewide_results.csv
2018,2708,MN-08,2016,38.27,53.76,15.49,138664,194776,362337,house_statewide_results.csv
2018,2901,MO-01,2016,77.01,18.81,-58.2,246091,60113,319568,house_statewide_results.csv
2018,2902,MO-02,2016,42.28,52.58,10.31,177816,221171,420605,house_statewide_results.csv
2018,2903,MO-03,2016,28.07,67.11,39.04,106149,253821,378210,house_statewide_results.csv
2018,2904,MO-04,2016,29.34,65.28,35.94,99838,222142,340267,house_statewide_results.csv
2018,2905,MO-05,2016,54.86,39.79,-15.07,179323,130057,326896,house_statewide_results.csv
2018,2906,MO-06,2016,31.05,63.72,32.67,110507,226788,355934,house_statewide_results.csv
2018,2907,MO-07,2016,24.68,70.36,45.68,84409,240640,342004,house_statewide_results.csv
2018,2908,MO-08,2016,21.05,75.41,54.36,66935,239779,317965,house_statewide_results.csv
2018,2801,MS-01,2016,32.44,65.4,32.96,100758,203147,310611,house_statewide_results.csv
2018,2802,MS-02,2016,63.52,35.17,-28.35,185391,102650,291878,house_statewide_results.csv
2018,2803,MS-03,2016,36.77,61.31,24.53,118927,198263,323401,house_statewide_results.csv
2018,2804,MS-04,2016,28.24,69.37,41.13,80055,196654,283467,house_statewide_results.csv
2018,3001,MT-01,2016,35.75,56.17,20.42,177709,279240,497147,house_statewide_results.csv
2018,3701,NC-01,2016,66.79,30.24,-36.56,240089,108690,359452,house_statewide_results.csv
2018,3702,NC-02,2016,42.99,52.5,9.51,172677,210869,401692,house_statewide_results.csv
2018,3703,NC-03,2016,36.53,60.0,23.48,121046,198843,331394,house_statewide_results.csv
2018,3704,NC-04,2016,67.02,27.72,-39.3,281304,116361,419733,house_statewide_results.csv
2018,3705,NC-05,2016,39.23,56.59,17.35,142363,205334,362877,house_statewide_results.csv
2018,3706,NC-06,2016,41.01,55.57,14.56,148528,201278,362175,house_statewide_results.csv
2018,3707,NC-07,2016,39.52,57.05,17.53,142776,206130,361302,house_statewide_results.csv
2018,3708,NC-08,2016,40.71,55.54,14.83,136231,185868,334677,house_statewide_results.csv
2018,3709,NC-09,2016,42.24,53.68,11.44,147161,187009,348361,house_statewide_results.csv
2018,3710,NC-10,2016,35.91,60.24,24.33,129230,216784,359874,house_statewide_results.csv
2018,3711,NC-11,2016,33.47,62.17,28.71,123811,230008,369957,house_statewide_results.csv
2018,3712,NC-12,2016,67.42,27.99,-39.43,243694,101165,361465,house_statewide_results.csv
2018,3713,NC-13,2016,43.48,52.74,9.25,160194,194277,368391,house_statewide_results.csv
2018,3801,ND-01,2016,27.23,62.96,35.73,93758,216794,344360,house_statewide_results.csv
2018,3101,NE-01,2016,36.24,57.46,21.23,100080,158710,276187,house_statewide_results.csv
2018,3102,NE-02,2016,45.97,48.21,2.24,131056,137432,285083,house_statewide_results.csv
2018,3103,NE-03,2016,19.99,74.86,54.87,53358,199819,266906,house_statewide_results.csv
2018,3301,NH-01,2016,45.91,47.48,1.57,173344,179259,377574,house_statewide_results.csv
2018,3302,NH-02,2016,47.77,45.41,-2.36,175182,166531,366722,house_statewide_results.csv
2018,3401,NJ-01,2016,60.57,36.11,-24.46,199386,118880,329188,house_statewide_results.csv
2018,3402,NJ-02,2016,46.0,50.62,4.62,147654,162481,320997,house_statewide_results.csv
2018,3403,NJ-03,2016,45.2,51.39,6.19,165087,187699,365233,house_statewide_results.csv
2018,3404,NJ-04,2016,41.0,55.77,14.77,146196,198868,356597,house_statewide_results.csv
2018,3405,NJ-05,2016,47.72,48.84,1.12,173962,178044,364532,house_statewide_results.csv
2018,3406,NJ-06,2016,56.23,40.62,-15.62,162769,117567,289446,house_statewide_results.csv
2018,3407,NJ-07,2016,48.58,47.47,-1.11,180520,176384,371580,house_statewide_results.csv
2018,3408,NJ-08,2016,75.66,21.48,-54.18,174282,49486,230346,house_statewide_results.csv
2018,3409,NJ-09,2016,64.31,33.13,-31.17,177868,91646,276596,house_statewide_results.csv
2018,3410,NJ-10,2016,85.22,12.78,-72.44,233465,35013,273948,house_statewide_results.csv
2018,3411,NJ-11,2016,47.91,48.79,0.89,182340,185710,380615,house_statewide_results.csv
2018,3412,NJ-12,2016,65.01,31.8,-33.21,204749,100155,314968,house_statewide_results.csv
2018,3501,NM-01,2016,51.64,35.11,-16.52,147252,100135,285176,house_statewide_results.csv
2018,3502,NM-02,2016,39.88,50.07,10.19,93365,117213,234100,house_statewide_results.csv
2018,3503,NM-03,2016,51.83,36.67,-15.16,144617,102319,279043,house_statewide_results.csv
2018,3201,NV-01,2016,61.64,32.63,-29.0,121309,64225,196817,house_statewide_results.csv
2018,3202,NV-02,2016,39.67,52.03,12.37,129318,169631,326012,house_statewide_results.csv
2018,3203,NV-03,2016,46.54,47.55,1.0,151554,154826,325620,house_statewide_results.csv
2018,3204,NV-04,2016,49.5,44.55,-4.95,137079,123376,276936,house_statewide_results.csv
2018,3601,NY-01,2016,41.88,54.08,12.2,141901,183235,338846,house_statewide_results.csv
2018,3602,NY-02,2016,43.68,52.63,8.95,137680,165908,315221,house_statewide_results.csv
2018,3603,NY-03,2016,51.23,45.09,-6.14,178298,156941,348025,house_statewide_results.csv
2018,3604,NY-04,2016,52.98,43.45,-9.53,179791,147462,339373,house_statewide_results.csv
2018,3605,NY-05,2016,85.43,12.64,-72.79,211719,31330,247826,house_statewide_results.csv
2018,3606,NY-06,2016,64.68,31.86,-32.82,134961,66485,208654,house_statewide_results.csv
2018,3607,NY-07,2016,86.33,10.33,-76.01,177977,21290,206150,house_statewide_results.csv
2018,3608,NY-08,2016,84.22,13.41,-70.8,215689,34356,256102,house_statewide_results.csv
2018,3609,NY-09,2016,82.95,14.33,-68.61,211812,36600,255357,house_statewide_results.csv
2018,3610,NY-10,2016,77.46,18.57,-58.89,205114,49179,264801,house_statewide_results.csv
2018,3611,NY-11,2016,43.51,53.28,9.77,108807,133232,250083,house_statewide_results.csv
2018,3612,NY-12,2016,82.38,13.32,-69.06,255288,41292,309886,house_statewide_results.csv
2018,3613,NY-13,2016,91.83,5.41,-86.42,233184,13732,253940,house_statewide_results.csv
2018,3614,NY-14,2016,77.29,19.69,-57.6,151350,38556,195821,house_statewide_results.csv
2018,3615,NY-15,2016,93.51,4.89,-88.62,179252,9370,191691,house_statewide_results.csv
2018,3616,NY-16,2016,74.51,22.28,-52.23,212686,63597,285445,house_statewide_results.csv
2018,3617,NY-17,2016,58.04,38.09,-19.95,186397,122333,321161,house_statewide_results.csv
2018,3618,NY-18,2016,46.68,48.58,1.9,146182,152139,313171,house_statewide_results.csv
2018,3619,NY-19,2016,43.59,50.33,6.75,140522,162268,322388,house_statewide_results.csv
2018,3620,NY-20,2016,53.28,39.96,-13.32,175401,131556,329227,house_statewide_results.csv
2018,3621,NY-21,2016,39.47,53.15,13.68,111742,150481,283133,house_statewide_results.csv
2018,3622,NY-22,2016,38.91,54.23,15.32,114028,158940,293076,house_statewide_results.csv
2018,3623,NY-23,2016,39.21,53.92,14.71,114948,158076,293154,house_statewide_results.csv
2018,3624,NY-24,2016,48.65,45.02,-3.63,151010,139738,310388,house_statewide_results.csv
2018,3625,NY-25,2016,54.86,38.68,-16.18,182896,128955,333384,house_statewide_results.csv
2018,3626,NY-26,2016,57.46,37.87,-19.59,175335,115556,305132,house_statewide_results.csv
2018,3627,NY-27,2016,34.99,59.27,24.28,122161,206945,349135,house_statewide_results.csv
2018,3901,OH-01,2016,44.56,51.21,6.65,161003,185028,361316,house_statewide_results.csv
2018,3902,OH-02,2016,39.66,55.77,16.1,140778,197926,354922,house_statewide_results.csv
2018,3903,OH-03,2016,66.93,28.64,-38.29,211471,90499,315956,house_statewide_results.csv
2018,3904,OH-04,2016,30.69,64.29,33.59,99618,208642,324544,house_statewide_results.csv
2018,3905,OH-05,2016,34.59,59.69,25.1,124420,214706,359687,house_statewide_results.csv
2018,3906,OH-06,2016,26.72,69.31,42.59,85505,221818,320023,house_statewide_results.csv
2018,3907,OH-07,2016,32.84,62.49,29.66,107889,205329,328571,house_statewide_results.csv
2018,3908,OH-08,2016,30.61,65.12,34.51,104926,223201,342764,house_statewide_results.csv
2018,3909,OH-09,2016,58.71,36.54,-22.17,177061,110208,301604,house_statewide_results.csv
2018,3910,OH-10,2016,44.03,51.33,7.3,153342,178775,348276,house_statewide_results.csv
2018,3911,OH-11,2016,80.51,17.02,-63.48,260499,55086,323581,house_statewide_results.csv
2018,3912,OH-12,2016,41.86,53.19,11.33,161907,205744,386778,house_statewide_results.csv
2018,3913,OH-13,2016,51.12,44.66,-6.46,163355,142708,319573,house_statewide_results.csv
2018,3914,OH-14,2016,42.14,53.58,11.44,155664,197933,369388,house_statewide_results.csv
2018,3915,OH-15,2016,39.81,55.39,15.59,140983,196189,354164,house_statewide_results.csv
2018,3916,OH-16,2016,39.49,56.15,16.66,145743,207213,369026,house_statewide_results.csv
2018,4001,OK-01,2016,32.67,61.42,28.76,101755,191338,311499,house_statewide_results.csv
2018,4002,OK-02,2016,22.82,72.89,50.08,62023,198158,271848,house_statewide_results.csv
2018,4003,OK-03,2016,20.85,73.64,52.79,61180,216080,293420,house_statewide_results.csv
2018,4004,OK-04,2016,28.31,65.72,37.41,83647,194160,295424,house_statewide_results.csv
2018,4005,OK-05,2016,39.8,53.2,13.4,111770,149400,280801,house_statewide_results.csv
2018,4101,OR-01,2016,54.99,33.13,-21.86,219568,132269,399267,house_statewide_results.csv
2018,4102,OR-02,2016,35.3,54.72,19.42,138712,215018,392919,house_statewide_results.csv
2018,4103,OR-03,2016,68.4,21.73,-46.68,282355,89679,412774,house_statewide_results.csv
2018,4104,OR-04,2016,44.52,44.37,-0.15,180849,180244,406232,house_statewide_results.csv
2018,4105,OR-05,2016,46.36,42.29,-4.07,180252,164426,388840,house_statewide_results.csv
2018,4401,RI-01,2016,59.31,34.27,-25.04,130686,75511,220331,house_statewide_results.csv
2018,4402,RI-02,2016,49.97,43.08,-6.89,121839,105032,243813,house_statewide_results.csv
2018,4501,SC-01,2016,40.43,53.47,13.04,134565,177978,332842,house_statewide_results.csv
2018,4502,SC-02,2016,38.48,56.38,17.9,119905,175689,311598,house_statewide_results.csv
2018,4503,SC-03,2016,29.02,67.01,37.99,82458,190378,284100,house_statewide_results.csv
2018,4504,SC-04,2016,34.46,60.19,25.73,104023,181702,301877,house_statewide_results.csv
2018,4505,SC-05,2016,38.78,57.3,18.52,118726,175434,306186,house_statewide_results.csv
2018,4506,SC-06,2016,66.76,30.27,-36.5,179058,81175,268200,house_statewide_results.csv
2018,4507,SC-07,2016,39.11,58.02,18.91,116638,173033,298224,house_statewide_results.csv
2018,4601,SD-01,2016,31.74,61.53,29.79,117458,227721,370093,house_statewide_results.csv
2018,4701,TN-01,2016,19.61,76.45,56.84,52241,203669,266419,house_statewide_results.csv
2018,4702,TN-02,2016,29.53,64.71,35.19,86213,188955,291982,house_statewide_results.csv
2018,4703,TN-03,2016,30.06,65.06,35.0,83460,180655,277667,house_statewide_results.csv
2018,4704,TN-04,2016,27.26,68.21,40.95,75820,189727,278167,house_statewide_results.csv
2018,4705,TN-05,2016,56.05,37.88,-18.17,156626,105853,279437,house_statewide_results.csv
2018,4706,TN-06,2016,23.58,72.33,48.76,70525,216370,299123,house_statewide_results.csv
2018,4707,TN-07,2016,28.04,67.04,39.01,82392,197025,293884,house_statewide_results.csv
2018,4708,TN-08,2016,30.43,66.05,35.62,90143,195657,296219,house_statewide_results.csv
2018,4709,TN-09,2016,76.97,19.99,-56.97,173275,45014,225129,house_statewide_results.csv
2018,4801,TX-01,2016,25.09,71.67,46.57,66389,189604,264559,house_statewide_results.csv
2018,4802,TX-02,2016,42.75,52.0,9.25,119621,145519,279840,house_statewide_results.csv
2018,4803,TX-03,2016,39.9,53.83,13.93,129385,174561,324305,house_statewide_results.csv
2018,4804,TX-04,2016,21.63,74.86,53.23,60842,210585,281321,house_statewide_results.csv
2018,4805,TX-05,2016,34.18,62.5,28.32,79759,145846,233340,house_statewide_results.csv
2018,4806,TX-06,2016,41.62,53.78,12.16,115273,148948,276957,house_statewide_results.csv
2018,4807,TX-07,2016,48.16,46.81,-1.36,124722,121204,258953,house_statewide_results.csv
2018,4808,TX-08,2016,23.64,71.93,48.29,70532,214605,298365,house_statewide_results.csv
2018,4809,TX-09,2016,79.13,17.99,-61.14,151556,34454,191518,house_statewide_results.csv
2018,4810,TX-10,2016,42.81,51.91,9.1,135993,164912,317684,house_statewide_results.csv
2018,4811,TX-11,2016,19.01,77.55,58.53,47470,193619,249682,house_statewide_results.csv
2018,4812,TX-12,2016,32.47,62.44,29.97,92589,178033,285145,house_statewide_results.csv
2018,4813,TX-13,2016,16.78,79.54,62.76,40252,190844,239945,house_statewide_results.csv
2018,4814,TX-14,2016,38.3,57.95,19.66,101227,153188,264334,house_statewide_results.csv
2018,4815,TX-15,2016,56.21,39.66,-16.56,104454,73689,185819,house_statewide_results.csv
2018,4816,TX-16,2016,67.21,26.89,-40.31,130784,52334,194603,house_statewide_results.csv
2018,4817,TX-17,2016,38.43,55.72,17.29,96179,139434,250240,house_statewide_results.csv
2018,4818,TX-18,2016,76.22,19.9,-56.32,157155,41022,206186,house_statewide_results.csv
2018,4819,TX-19,2016,23.31,72.01,48.71,53519,165371,229641,house_statewide_results.csv
2018,4820,TX-20,2016,60.23,33.84,-26.4,132496,74431,219973,house_statewide_results.csv
2018,4821,TX-21,2016,42.04,51.93,9.89,152453,188317,362671,house_statewide_results.csv
2018,4822,TX-22,2016,43.91,51.75,7.84,135531,159718,308659,house_statewide_results.csv
2018,4823,TX-23,2016,49.37,45.93,-3.44,115135,107115,233195,house_statewide_results.csv
2018,4824,TX-24,2016,44.27,50.5,6.23,122894,140187,277573,house_statewide_results.csv
2018,4825,TX-25,2016,39.94,54.69,14.75,125945,172470,315367,house_statewide_results.csv
2018,4826,TX-26,2016,34.02,60.24,26.23,109470,193873,321810,house_statewide_results.csv
2018,4827,TX-27,2016,36.36,59.81,23.45,85587,140785,235401,house_statewide_results.csv
2018,4828,TX-28,2016,57.8,38.1,-19.7,109946,72471,190214,house_statewide_results.csv
2018,4829,TX-29,2016,70.95,25.39,-45.56,95027,34011,133934,house_statewide_results.csv
2018,4830,TX-30,2016,79.08,18.27,-60.8,174528,40333,220711,house_statewide_results.csv
2018,4831,TX-31,2016,40.07,52.61,12.54,117147,153799,292363,house_statewide_results.csv
2018,4832,TX-32,2016,48.44,46.58,-1.87,134895,129701,278463,house_statewide_results.csv
2018,4833,TX-33,2016,72.78,23.71,-49.07,94514,30788,129869,house_statewide_results.csv
2018,4834,TX-34,2016,58.82,37.42,-21.39,101796,64768,173078,house_statewide_results.csv
2018,4835,TX-35,2016,63.61,30.25,-33.36,128575,61142,202138,house_statewide_results.csv
2018,4836,TX-36,2016,25.13,71.68,46.55,64225,183175,255552,house_statewide_results.csv
2018,4901,UT-01,2016,22.37,49.74,27.37,62733,139503,280442,house_statewide_results.csv
2018,4902,UT-02,2016,31.97,46.01,14.04,90686,130525,283699,house_statewide_results.csv
2018,4903,UT-03,2016,23.27,47.18,23.91,67461,136782,289923,house_statewide_results.csv
2018,4904,UT-04,2016,32.38,39.1,6.72,89796,108421,277311,house_statewide_results.csv
2018,5101,VA-01,2016,40.88,53.33,12.45,161579,210783,395266,house_statewide_results.csv
2018,5102,VA-02,2016,45.09,48.41,3.32,147023,157841,326072,house_statewide_results.csv
2018,5103,VA-03,2016,63.25,31.68,-31.57,205753,103066,325309,house_statewide_results.csv
2018,5104,VA-04,2016,58.37,36.96,-21.41,212677,134676,364343,house_statewide_results.csv
2018,5105,VA-05,2016,42.09,53.11,11.03,154665,195190,367501,house_statewide_results.csv
2018,5106,VA-06,2016,34.67,59.32,24.64,120596,206303,347796,house_statewide_results.csv
2018,5107,VA-07,2016,43.73,50.18,6.46,172544,198032,394604,house_statewide_results.csv
2018,5108,VA-08,2016,72.42,20.58,-51.83,270415,76854,373421,house_statewide_results.csv
2018,5109,VA-09,2016,27.16,68.44,41.27,86463,217837,318293,house_statewide_results.csv
2018,5110,VA-10,2016,51.57,41.75,-9.82,210768,170635,408689,house_statewide_results.csv
2018,5111,VA-11,2016,66.12,27.17,-38.94,238990,98226,361458,house_statewide_results.csv
2018,5001,VT-01,2016,55.72,29.76,-25.96,178573,95369,320467,house_statewide_results.csv
2018,5301,WA-01,2016,54.13,37.85,-16.28,188483,131786,348217,house_statewide_results.csv
2018,5302,WA-02,2016,56.92,34.83,-22.09,186290,113993,327309,house_statewide_results.csv
2018,5303,WA-03,2016,42.52,49.93,7.41,134009,157359,315150,house_statewide_results.csv
2018,5304,WA-04,2016,35.06,57.92,22.86,85083,140560,242668,house_statewide_results.csv
2018,5305,WA-05,2016,39.14,52.17,13.03,125112,166765,319635,house_statewide_results.csv
2018,5306,WA-06,2016,51.83,39.48,-12.36,172596,131449,332992,house_statewide_results.csv
2018,5307,WA-07,2016,82.13,12.18,-69.95,341412,50615,415693,house_statewide_results.csv
2018,5308,WA-08,2016,47.72,44.67,-3.04,153166,143403,321001,house_statewide_results.csv
2018,5309,WA-09,2016,70.47,23.34,-47.13,205194,67956,291193,house_statewide_results.csv
2018,5310,WA-10,2016,51.25,39.9,-11.35,151373,117861,295356,house_statewide_results.csv
2018,5501,WI-01,2016,41.81,52.08,10.27,150446,187390,359844,house_statewide_results.csv
2018,5502,WI-02,2016,64.92,28.6,-36.32,271508,119609,418194,house_statewide_results.csv
2018,5503,WI-03,2016,44.32,48.77,4.45,160990,177160,363248,house_statewide_results.csv
2018,5504,WI-04,2016,73.04,21.53,-51.5,228226,67287,312481,house_statewide_results.csv
2018,5505,WI-05,2016,36.71,56.53,19.83,148887,229303,405611,house_statewide_results.csv
2018,5506,WI-06,2016,38.24,54.82,16.58,141919,203436,371114,house_statewide_results.csv
2018,5507,WI-07,2016,36.94,57.2,20.25,137883,213479,373224,house_statewide_results.csv
2018,5508,WI-08,2016,38.31,55.75,17.44,142677,207620,372434,house_statewide_results.csv
2018,5401,WV-01,2016,26.4,68.04,41.64,64384,165934,243894,house_statewide_results.csv
2018,5402,WV-02,2016,29.36,65.8,36.44,73487,164674,250267,house_statewide_results.csv
2018,5403,WV-03,2016,23.26,72.53,49.27,50921,158763,218888,house_statewide_results.csv
2018,5601,WY-01,2016,21.88,68.17,46.3,55973,174419,255849,house_statewide_results.csv
2018,4201,PA-01,2016,49.1,47.1,-2.0,,,,downballot/pres_2008_2016_by_2018_lines.csv
2018,4202,PA-02,2016,72.9,24.9,-48.0,,,,downballot/pres_2008_2016_by_2018_lines.csv
2018,4203,PA-03,2016,90.9,7.0,-83.9,,,,downballot/pres_2008_2016_by_2018_lines.csv
2018,4204,PA-04,2016,57.8,38.5,-19.3,,,,downballot/pres_2008_2016_by_2018_lines.csv
2018,4205,PA-05,2016,62.6,34.4,-28.2,,,,downballot/pres_2008_2016_by_2018_lines.csv
2018,4206,PA-06,2016,52.6,43.3,-9.3,,,,downballot/pres_2008_2016_by_2018_lines.csv
2018,4207,PA-07,2016,48.7,47.6,-1.1,,,,downballot/pres_2008_2016_by_2018_lines.csv
2018,4208,PA-08,2016,43.7,53.3,9.6,,,,downballot/pres_2008_2016_by_2018_lines.csv
2018,4209,PA-09,2016,31.0,65.0,34.0,,,,downballot/pres_2008_2016_by_2018_lines.csv
2018,4210,PA-10,2016,43.4,52.3,8.9,,,,downballot/pres_2008_2016_by_2018_lines.csv
2018,4211,PA-11,2016,34.7,60.5,25.8,,,,downballot/pres_2008_2016_by_2018_lines.csv
2018,4212,PA-12,2016,29.7,66.1,36.4,,,,downballot/pres_2008_2016_by_2018_lines.csv
2018,4213,PA-13,2016,25.5,71.2,45.7,,,,downballot/pres_2008_2016_by_2018_lines.csv
2018,4214,PA-14,2016,33.9,62.9,29.0,,,,downballot/pres_2008_2016_by_2018_lines.csv
2018,4215,PA-15,2016,26.5,69.8,43.3,,,,downballot/pres_2008_2016_by_2018_lines.csv
2018,4216,PA-16,2016,37.9,57.9,20.0,,,,downballot/pres_2008_2016_by_2018_lines.csv
2018,4217,PA-17,2016,46.8,49.4,2.6,,,,downballot/pres_2008_2016_by_2018_lines.csv
2018,4218,PA-18,2016,62.1,34.6,-27.5,,,,downballot/pres_2008_2016_by_2018_lines.csv
2020,201,AK-01,2020,42.77,52.83,10.06,153778,189951,359530,house_statewide_results.csv
2020,101,AL-01,2020,35.2,63.52,28.32,117098,211330,332698,house_statewide_results.csv
2020,102,AL-02,2020,35.2,63.59,28.39,108747,196465,308933,house_statewide_results.csv
2020,103,AL-03,2020,33.48,65.27,31.79,108484,211505,324043,house_statewide_results.csv
2020,104,AL-04,2020,17.7,81.14,63.44,56808,260409,320947,house_statewide_results.csv
2020,105,AL-05,2020,35.51,62.47,26.96,129809,228382,365591,house_statewide_results.csv
2020,106,AL-06,2020,31.48,66.82,35.34,116895,248114,371323,house_statewide_results.csv
2020,107,AL-07,2020,70.65,28.35,-42.31,211783,84965,299747,house_statewide_results.csv
2020,501,AR-01,2020,27.94,69.06,41.12,75880,187570,271623,house_statewide_results.csv
2020,502,AR-02,2020,44.26,53.11,8.85,147552,177053,333347,house_statewide_results.csv
2020,503,AR-03,2020,35.18,61.87,26.69,118141,207778,335850,house_statewide_results.csv
2020,504,AR-04,2020,29.6,67.65,38.05,82359,188246,278249,house_statewide_results.csv
2020,401,AZ-01,2020,50.1,48.36,-1.74,187192,180687,373603,house_statewide_results.csv
2020,402,AZ-02,2020,54.52,43.89,-10.63,213396,171790,391411,house_statewide_results.csv
2020,403,AZ-03,2020,62.79,35.74,-27.05,174882,99540,278498,house_statewide_results.csv
2020,404,AZ-04,2020,30.59,68.0,37.41,126020,280107,411919,house_statewide_results.csv
2020,405,AZ-05,2020,41.94,56.45,14.51,195268,262806,465592,house_statewide_results.csv
2020,406,AZ-06,2020,47.28,51.38,4.1,204316,222054,432165,house_statewide_results.csv
2020,407,AZ-07,2020,73.67,24.73,-48.94,165114,55421,224138,house_statewide_results.csv
2020,408,AZ-08,2020,41.39,57.29,15.9,181745,251568,439133,house_statewide_results.csv
2020,409,AZ-09,2020,60.79,37.34,-23.45,224210,137713,368835,house_statewide_results.csv
2020,601,CA-01,2020,41.18,56.35,15.17,148823,203630,361388,house_statewide_results.csv
2020,602,CA-02,2020,73.65,23.92,-49.73,294501,95659,399870,house_statewide_results.csv
2020,603,CA-03,2020,54.88,42.65,-12.23,179810,139745,327626,house_statewide_results.csv
2020,604,CA-04,2020,43.95,53.69,9.75,197158,240878,448606,house_statewide_results.csv
2020,605,CA-05,2020,72.45,25.26,-47.19,264116,92096,364554,house_statewide_results.csv
2020,606,CA-06,2020,70.25,27.23,-43.03,225216,87283,320573,house_statewide_results.csv
2020,607,CA-07,2020,55.65,41.85,-13.8,218137,164052,391993,house_statewide_results.csv
2020,608,CA-08,2020,43.58,54.05,10.47,127779,158485,293206,house_statewide_results.csv
2020,609,CA-09,2020,57.91,39.91,-18.01,180096,124105,310973,house_statewide_results.csv
2020,610,CA-10,2020,50.33,47.44,-2.89,154989,146083,307946,house_statewide_results.csv
2020,611,CA-11,2020,74.32,23.6,-50.72,285030,90519,383495,house_statewide_results.csv
2020,612,CA-12,2020,86.09,11.88,-74.21,337517,46574,392046,house_statewide_results.csv
2020,613,CA-13,2020,88.94,8.99,-79.95,335476,33906,377199,house_statewide_results.csv
2020,614,CA-14,2020,77.66,20.49,-57.17,279706,73797,360152,house_statewide_results.csv
2020,615,CA-15,2020,71.5,26.43,-45.08,255352,94375,357129,house_statewide_results.csv
2020,616,CA-16,2020,58.84,38.92,-19.91,129459,85648,220034,house_statewide_results.csv
2020,617,CA-17,2020,72.49,25.55,-46.95,224985,79282,310346,house_statewide_results.csv
2020,618,CA-18,2020,76.37,21.31,-55.06,294525,82165,385656,house_statewide_results.csv
2020,619,CA-19,2020,70.03,27.94,-42.09,228238,91065,325922,house_statewide_results.csv
2020,620,CA-20,2020,72.72,25.03,-47.69,226505,77969,311479,house_statewide_results.csv
2020,621,CA-21,2020,54.38,43.51,-10.87,93561,74860,172066,house_statewide_results.csv
2020,622,CA-22,2020,46.24,51.65,5.4,146467,163584,316729,house_statewide_results.csv
2020,623,CA-23,2020,40.49,57.11,16.62,125070,176414,308925,house_statewide_results.csv
2020,624,CA-24,2020,60.72,36.9,-23.82,221824,134808,365316,house_statewide_results.csv
2020,625,CA-25,2020,53.95,43.85,-10.1,188426,153162,349255,house_statewide_results.csv
2020,626,CA-26,2020,61.38,36.49,-24.89,216847,128916,353306,house_statewide_results.csv
2020,627,CA-27,2020,67.17,30.84,-36.34,226635,104039,337380,house_statewide_results.csv
2020,628,CA-28,2020,70.89,27.24,-43.65,252695,97112,356466,house_statewide_results.csv
2020,629,CA-29,2020,74.09,23.67,-50.43,186800,59673,252109,house_statewide_results.csv
2020,630,CA-30,2020,68.7,29.44,-39.26,258918,110941,376875,house_statewide_results.csv
2020,631,CA-31,2020,58.8,38.89,-19.9,174178,115223,296243,house_statewide_results.csv
2020,632,CA-32,2020,65.16,32.81,-32.35,184909,93106,283787,house_statewide_results.csv
2020,633,CA-33,2020,69.01,29.04,-39.97,285856,120281,414206,house_statewide_results.csv
2020,634,CA-34,2020,80.8,16.9,-63.9,193870,40552,239940,house_statewide_results.csv
2020,635,CA-35,2020,65.14,32.65,-32.49,166433,83412,255503,house_statewide_results.csv
2020,636,CA-36,2020,55.93,42.31,-13.62,173573,131307,310313,house_statewide_results.csv
2020,637,CA-37,2020,84.33,13.83,-70.49,275617,45209,326849,house_statewide_results.csv
2020,638,CA-38,2020,65.57,32.27,-33.31,206982,101856,315644,house_statewide_results.csv
2020,639,CA-39,2020,54.11,43.96,-10.15,190082,154422,351307,house_statewide_results.csv
2020,640,CA-40,2020,77.09,20.6,-56.49,156661,41871,203213,house_statewide_results.csv
2020,641,CA-41,2020,61.68,36.14,-25.54,164575,96432,266812,house_statewide_results.csv
2020,642,CA-42,2020,45.35,52.74,7.39,170479,198254,375942,house_statewide_results.csv
2020,643,CA-43,2020,76.93,20.93,-56.0,224658,61116,292025,house_statewide_results.csv
2020,644,CA-44,2020,78.42,19.18,-59.23,188763,46175,240719,house_statewide_results.csv
2020,645,CA-45,2020,54.62,43.32,-11.3,228630,181321,418585,house_statewide_results.csv
2020,646,CA-46,2020,64.32,33.51,-30.81,150182,78242,233498,house_statewide_results.csv
2020,647,CA-47,2020,62.45,35.32,-27.13,203646,115169,326104,house_statewide_results.csv
2020,648,CA-48,2020,49.73,48.25,-1.48,199788,193831,401755,house_statewide_results.csv
2020,649,CA-49,2020,55.23,42.5,-12.73,217011,167010,392922,house_statewide_results.csv
2020,650,CA-50,2020,45.0,52.71,7.71,166852,195440,370810,house_statewide_results.csv
2020,651,CA-51,2020,66.86,30.88,-35.97,166345,76840,248801,house_statewide_results.csv
2020,652,CA-52,2020,63.39,34.2,-29.19,257890,139151,406846,house_statewide_results.csv
2020,653,CA-53,2020,66.95,30.88,-36.07,258852,119383,386616,house_statewide_results.csv
2020,801,CO-01,2020,75.57,22.08,-53.5,357811,104528,473456,house_statewide_results.csv
2020,802,CO-02,2020,63.72,33.64,-30.08,338284,178588,530917,house_statewide_results.csv
2020,803,CO-03,2020,46.05,51.58,5.53,200886,224996,436225,house_statewide_results.csv
2020,804,CO-04,2020,40.78,56.63,15.85,198969,276311,487935,house_statewide_results.csv
2020,805,CO-05,2020,41.76,54.69,12.93,184286,241347,441337,house_statewide_results.csv
2020,806,CO-06,2020,58.21,39.24,-18.97,260683,175741,447816,house_statewide_results.csv
2020,807,CO-07,2020,59.97,37.13,-22.84,263433,163096,439294,house_statewide_results.csv
2020,901,CT-01,2020,63.23,35.26,-27.98,229220,127803,362509,house_statewide_results.csv
2020,902,CT-02,2020,54.46,43.5,-10.96,205929,164480,378111,house_statewide_results.csv
2020,903,CT-03,2020,59.9,38.81,-21.1,212185,137454,354215,house_statewide_results.csv
2020,904,CT-04,2020,64.23,34.38,-29.86,237245,126972,369345,house_statewide_results.csv
2020,905,CT-05,2020,54.56,43.93,-10.64,196131,157899,359447,house_statewide_results.csv
2020,1198,DC-AL,2020,92.15,5.4,-86.75,317323,18586,344356,house_statewide_results.csv
2020,1001,DE-01,2020,58.74,39.77,-18.97,296268,200603,504346,house_statewide_results.csv
2020,1201,FL-01,2020,32.33,65.71,33.39,143656,292030,444396,house_statewide_results.csv
2020,1202,FL-02,2020,31.93,66.88,34.95,125617,263125,393413,house_statewide_results.csv
2020,1203,FL-03,2020,42.69,55.88,13.19,170426,223066,399198,house_statewide_results.csv
2020,1204,FL-04,2020,38.71,59.79,21.08,197703,305346,510711,house_statewide_results.csv
2020,1205,FL-05,2020,62.42,36.17,-26.25,215797,125054,345735,house_statewide_results.csv
2020,1206,FL-06,2020,40.72,58.15,17.43,184549,263532,453181,house_statewide_results.csv
2020,1207,FL-07,2020,54.43,44.06,-10.38,226680,183467,416425,house_statewide_results.csv
2020,1208,FL-08,2020,40.54,58.11,17.57,189848,272139,468332,house_statewide_results.csv
2020,1209,FL-09,2020,52.86,45.94,-6.92,232311,201917,439488,house_statewide_results.csv
2020,1210,FL-10,2020,61.85,36.93,-24.92,236653,141294,382615,house_statewide_results.csv
2020,1211,FL-11,2020,33.75,65.35,31.6,164265,318043,486671,house_statewide_results.csv
2020,1212,FL-12,2020,40.94,57.79,16.85,188631,266291,460803,house_statewide_results.csv
2020,1213,FL-13,2020,51.36,47.27,-4.08,211530,194721,411893,house_statewide_results.csv
2020,1214,FL-14,2020,57.05,41.51,-15.53,217181,158043,380715,house_statewide_results.csv
2020,1215,FL-15,2020,45.05,53.55,8.5,179807,213744,399167,house_statewide_results.csv
2020,1216,FL-16,2020,45.42,53.44,8.03,223369,262844,491817,house_statewide_results.csv
2020,1217,FL-17,2020,35.87,63.19,27.32,151884,267570,423406,house_statewide_results.csv
2020,1218,FL-18,2020,45.37,53.79,8.42,206388,244705,454934,house_statewide_results.csv
2020,1219,FL-19,2020,39.55,59.69,20.14,180989,273141,457575,house_statewide_results.csv
2020,1220,FL-20,2020,77.15,22.09,-55.07,254858,72958,330333,house_statewide_results.csv
2020,1221,FL-21,2020,58.07,41.14,-16.94,239280,169492,412019,house_statewide_results.csv
2020,1222,FL-22,2020,57.02,42.21,-14.81,236139,174795,414143,house_statewide_results.csv
2020,1223,FL-23,2020,58.15,41.07,-17.08,227999,161035,392111,house_statewide_results.csv
2020,1224,FL-24,2020,75.29,23.93,-51.36,225291,71606,299247,house_statewide_results.csv
2020,1225,FL-25,2020,38.17,61.14,22.97,123196,197334,322759,house_statewide_results.csv
2020,1226,FL-26,2020,46.82,52.42,5.6,164356,184019,351018,house_statewide_results.csv
2020,1227,FL-27,2020,51.22,48.0,-3.22,178642,167420,348764,house_statewide_results.csv
2020,1301,GA-01,2020,43.12,55.53,12.41,143292,184539,332314,house_statewide_results.csv
2020,1302,GA-02,2020,55.67,43.48,-12.19,155886,121746,280015,house_statewide_results.csv
2020,1303,GA-03,2020,36.83,61.94,25.11,140326,235993,380990,house_statewide_results.csv
2020,1304,GA-04,2020,78.76,20.23,-58.53,281756,72371,357718,house_statewide_results.csv
2020,1305,GA-05,2020,86.24,12.62,-73.62,313687,45891,363733,house_statewide_results.csv
2020,1306,GA-06,2020,54.89,43.57,-11.31,220777,175279,402251,house_statewide_results.csv
2020,1307,GA-07,2020,52.41,46.17,-6.23,199079,175395,379884,house_statewide_results.csv
2020,1308,GA-08,2020,36.98,61.97,24.99,116425,195108,314857,house_statewide_results.csv
2020,1309,GA-09,2020,22.36,76.38,54.02,85439,291851,382088,house_statewide_results.csv
2020,1310,GA-10,2020,39.15,59.6,20.44,151602,230762,387188,house_statewide_results.csv
2020,1311,GA-11,2020,41.53,56.86,15.32,171570,234875,413088,house_statewide_results.csv
2020,1312,GA-12,2020,43.03,55.77,12.74,136663,177136,317602,house_statewide_results.csv
2020,1313,GA-13,2020,75.56,23.39,-52.18,276949,85709,366509,house_statewide_results.csv
2020,1314,GA-14,2020,25.31,73.44,48.13,81056,235182,320245,house_statewide_results.csv
2020,1501,HI-01,2020,63.83,34.5,-29.33,179337,96924,280956,house_statewide_results.csv
2020,1502,HI-02,2020,63.64,34.05,-29.59,186793,99940,293513,house_statewide_results.csv
2020,1901,IA-01,2020,47.26,50.66,3.4,199259,213601,421596,house_statewide_results.csv
2020,1902,IA-02,2020,46.98,50.97,3.99,193437,209858,411705,house_statewide_results.csv
2020,1903,IA-03,2020,48.89,49.01,0.12,224159,224726,458496,house_statewide_results.csv
2020,1904,IA-04,2020,35.63,62.52,26.88,142206,249487,399074,house_statewide_results.csv
2020,1601,ID-01,2020,30.07,67.12,37.06,140452,313559,467141,house_statewide_results.csv
2020,1602,ID-02,2020,36.63,60.12,23.49,146569,240560,400140,house_statewide_results.csv
2020,1701,IL-01,2020,73.89,24.72,-49.17,246673,82532,333817,house_statewide_results.csv
2020,1702,IL-02,2020,77.46,21.22,-56.24,236783,64877,305683,house_statewide_results.csv
2020,1703,IL-03,2020,55.53,42.83,-12.69,176002,135767,316956,house_statewide_results.csv
2020,1704,IL-04,2020,80.73,17.3,-63.43,184875,39622,229006,house_statewide_results.csv
2020,1705,IL-05,2020,72.11,26.04,-46.07,267275,96529,370630,house_statewide_results.csv
2020,1706,IL-06,2020,55.26,42.6,-12.66,226669,174743,410175,house_statewide_results.csv
2020,1707,IL-07,2020,86.32,12.11,-74.22,274521,38503,318015,house_statewide_results.csv
2020,1708,IL-08,2020,59.16,38.96,-20.2,172038,113306,290805,house_statewide_results.csv
2020,1709,IL-09,2020,70.96,27.38,-43.58,269570,104027,379878,house_statewide_results.csv
2020,1710,IL-10,2020,64.25,33.99,-30.25,207358,109721,322758,house_statewide_results.csv
2020,1711,IL-11,2020,61.88,36.17,-25.71,195545,114290,316016,house_statewide_results.csv
2020,1712,IL-12,2020,41.89,56.14,14.25,137915,184819,329215,house_statewide_results.csv
2020,1713,IL-13,2020,47.04,50.5,3.45,159094,170778,338194,house_statewide_results.csv
2020,1714,IL-14,2020,50.16,47.76,-2.4,203776,194026,406217,house_statewide_results.csv
2020,1715,IL-15,2020,25.93,72.22,46.29,88632,246871,341824,house_statewide_results.csv
2020,1716,IL-16,2020,40.87,56.97,16.1,140438,195752,343616,house_statewide_results.csv
2020,1717,IL-17,2020,48.13,49.73,1.59,146607,151457,304576,house_statewide_results.csv
2020,1718,IL-18,2020,36.73,60.97,24.23,138144,229271,376057,house_statewide_results.csv
2020,1801,IN-01,2020,53.59,44.81,-8.77,177630,148554,331492,house_statewide_results.csv
2020,1802,IN-02,2020,38.86,59.35,20.49,116794,178385,300581,house_statewide_results.csv
2020,1803,IN-03,2020,33.97,63.85,29.88,112346,211169,330719,house_statewide_results.csv
2020,1804,IN-04,2020,33.98,63.77,29.79,117232,220013,345009,house_statewide_results.csv
2020,1805,IN-05,2020,47.89,50.11,2.22,200376,209669,418387,house_statewide_results.csv
2020,1806,IN-06,2020,29.12,68.92,39.79,96584,228555,331630,house_statewide_results.csv
2020,1807,IN-07,2020,62.87,35.27,-27.6,177925,99811,283006,house_statewide_results.csv
2020,1808,IN-08,2020,33.12,65.06,31.94,108025,212185,326153,house_statewide_results.csv
2020,1809,IN-09,2020,37.22,60.81,23.59,135586,221516,364279,house_statewide_results.csv
2020,2001,KS-01,2020,28.14,69.68,41.54,83890,207727,298130,house_statewide_results.csv
2020,2002,KS-02,2020,41.34,56.29,14.95,140303,191030,339357,house_statewide_results.csv
2020,2003,KS-03,2020,54.25,43.67,-10.59,223114,179583,411239,house_statewide_results.csv
2020,2004,KS-04,2020,38.02,59.67,21.65,123016,193066,323577,house_statewide_results.csv
2020,2101,KY-01,2020,25.51,73.07,47.56,85228,244122,334095,house_statewide_results.csv
2020,2102,KY-02,2020,30.63,67.61,36.97,111859,246865,365139,house_statewide_results.csv
2020,2103,KY-03,2020,59.99,38.14,-21.85,221843,141027,369797,house_statewide_results.csv
2020,2104,KY-04,2020,33.43,64.75,31.32,129335,250481,386856,house_statewide_results.csv
2020,2105,KY-05,2020,18.62,80.15,61.53,56153,241712,301591,house_statewide_results.csv
2020,2106,KY-06,2020,44.46,53.56,9.1,168056,202439,377958,house_statewide_results.csv
2020,2201,LA-01,2020,29.85,68.28,38.44,115178,263500,385884,house_statewide_results.csv
2020,2202,LA-02,2020,75.54,22.81,-52.74,272076,82135,360158,house_statewide_results.csv
2020,2203,LA-03,2020,30.15,68.13,37.98,107521,242939,356595,house_statewide_results.csv
2020,2204,LA-04,2020,36.99,61.5,24.51,121176,201468,327614,house_statewide_results.csv
2020,2205,LA-05,2020,34.12,64.43,30.31,114245,215736,334838,house_statewide_results.csv
2020,2206,LA-06,2020,32.86,65.28,32.42,125838,249998,382973,house_statewide_results.csv
2020,2501,MA-01,2020,60.92,36.74,-24.18,224939,135655,369224,house_statewide_results.csv
2020,2502,MA-02,2020,61.48,35.88,-25.6,240547,140377,391238,house_statewide_results.csv
2020,2503,MA-03,2020,63.1,34.43,-28.67,243303,132757,385599,house_statewide_results.csv
2020,2504,MA-04,2020,64.16,33.53,-30.63,276820,144654,431431,house_statewide_results.csv
2020,2505,MA-05,2020,74.08,23.77,-50.31,304072,97562,410477,house_statewide_results.csv
2020,2506,MA-06,2020,62.31,35.47,-26.84,279782,159252,448993,house_statewide_results.csv
2020,2507,MA-07,2020,84.92,13.25,-71.67,276034,43075,325046,house_statewide_results.csv
2020,2508,MA-08,2020,65.83,31.98,-33.85,283324,137654,430374,house_statewide_results.csv
2020,2509,MA-09,2020,57.71,40.14,-17.57,253222,176133,438777,house_statewide_results.csv
2020,2401,MD-01,2020,38.86,58.46,19.61,157420,236854,405142,house_statewide_results.csv
2020,2402,MD-02,2020,65.41,32.19,-33.22,225448,110957,344654,house_statewide_results.csv
2020,2403,MD-03,2020,68.19,29.12,-39.07,263033,112326,385750,house_statewide_results.csv
2020,2404,MD-04,2020,78.62,19.06,-59.56,286718,69523,364684,house_statewide_results.csv
2020,2405,MD-05,2020,68.2,29.5,-38.7,276902,119771,406012,house_statewide_results.csv
2020,2406,MD-06,2020,60.2,37.29,-22.91,227221,140737,377439,house_statewide_results.csv
2020,2407,MD-07,2020,77.8,19.87,-57.93,261254,66719,335815,house_statewide_results.csv
2020,2408,MD-08,2020,68.74,28.63,-40.12,287027,119524,417532,house_statewide_results.csv
2020,2301,ME-01,2020,60.12,37.02,-23.1,266409,164048,443123,house_statewide_results.csv
2020,2302,ME-02,2020,44.83,52.28,7.46,168661,196719,376246,house_statewide_results.csv
2020,2601,MI-01,2020,40.58,57.87,17.29,171399,244448,422395,house_statewide_results.csv
2020,2602,MI-02,2020,43.19,55.0,11.8,177095,225489,410010,house_statewide_results.csv
2020,2603,MI-03,2020,47.43,50.64,3.21,194569,207739,410191,house_statewide_results.csv
2020,2604,MI-04,2020,37.19,61.13,23.94,142600,234415,383449,house_statewide_results.csv
2020,2605,MI-05,2020,51.44,47.09,-4.35,189278,173273,367970,house_statewide_results.csv
2020,2606,MI-06,2020,46.82,51.33,4.51,180098,197450,384646,house_statewide_results.csv
2020,2607,MI-07,2020,41.61,56.68,15.06,164893,224582,396242,house_statewide_results.csv
2020,2608,MI-08,2020,48.78,49.6,0.82,212084,215648,434736,house_statewide_results.csv
2020,2609,MI-09,2020,55.9,42.69,-13.21,229264,175086,410114,house_statewide_results.csv
2020,2610,MI-10,2020,34.44,64.22,29.78,146866,273837,426408,house_statewide_results.csv
2020,2611,MI-11,2020,51.59,47.05,-4.54,237696,216799,460743,house_statewide_results.csv
2020,2612,MI-12,2020,64.22,34.4,-29.81,251823,134905,392146,house_statewide_results.csv
2020,2613,MI-13,2020,78.84,19.98,-58.86,229535,58162,291132,house_statewide_results.csv
2020,2614,MI-14,2020,79.54,19.55,-60.0,276846,68031,348044,house_statewide_results.csv
2020,2701,MN-01,2020,43.75,53.88,10.12,164139,202121,375164,house_statewide_results.csv
2020,2702,MN-02,2020,52.18,45.37,-6.81,226589,197005,434216,house_statewide_results.csv
2020,2703,MN-03,2020,58.46,39.25,-19.21,265640,178335,454374,house_statewide_results.csv
2020,2704,MN-04,2020,67.3,30.37,-36.92,273197,123295,405967,house_statewide_results.csv
2020,2705,MN-05,2020,80.01,17.6,-62.41,328779,72329,410897,house_statewide_results.csv
2020,2706,MN-06,2020,38.74,58.82,20.08,165265,250927,426603,house_statewide_results.csv
2020,2707,MN-07,2020,34.29,63.63,29.33,126535,234765,368967,house_statewide_results.csv
2020,2708,MN-08,2020,41.63,56.18,14.55,166933,225288,400983,house_statewide_results.csv
2020,2901,MO-01,2020,80.27,18.14,-62.13,257869,58264,321271,house_statewide_results.csv
2020,2902,MO-02,2020,49.2,49.13,-0.07,222145,221831,451478,house_statewide_results.csv
2020,2903,MO-03,2020,31.36,66.81,35.45,131263,279641,418589,house_statewide_results.csv
2020,2904,MO-04,2020,31.93,66.0,34.07,117995,243913,369541,house_statewide_results.csv
2020,2905,MO-05,2020,58.54,39.49,-19.05,210923,142289,360324,house_statewide_results.csv
2020,2906,MO-06,2020,34.66,63.59,28.93,135044,247761,389607,house_statewide_results.csv
2020,2907,MO-07,2020,28.13,70.02,41.9,105863,263569,376397,house_statewide_results.csv
2020,2908,MO-08,2020,21.28,77.37,56.08,71932,261468,337950,house_statewide_results.csv
2020,2801,MS-01,2020,33.76,64.78,31.02,115886,222361,343233,house_statewide_results.csv
2020,2802,MS-02,2020,63.64,35.19,-28.45,191542,105917,300971,house_statewide_results.csv
2020,2803,MS-03,2020,38.63,60.11,21.48,135223,210427,350062,house_statewide_results.csv
2020,2804,MS-04,2020,30.28,68.25,37.97,96747,218059,319493,house_statewide_results.csv
2020,3001,MT-01,2020,40.55,56.92,16.37,244786,343602,603674,house_statewide_results.csv
2020,3701,NC-01,2020,53.77,45.26,-8.51,190804,160622,354861,house_statewide_results.csv
2020,3702,NC-02,2020,64.11,33.92,-30.19,323262,171025,504207,house_statewide_results.csv
2020,3703,NC-03,2020,37.64,60.81,23.18,140084,226345,372207,house_statewide_results.csv
2020,3704,NC-04,2020,66.42,32.0,-34.42,331467,159709,499019,house_statewide_results.csv
2020,3705,NC-05,2020,31.54,67.24,35.7,125316,267171,397352,house_statewide_results.csv
2020,3706,NC-06,2020,61.42,37.09,-24.34,257188,155280,418712,house_statewide_results.csv
2020,3707,NC-07,2020,40.63,57.97,17.35,188277,268666,463417,house_statewide_results.csv
2020,3708,NC-08,2020,45.92,52.49,6.57,178058,203542,387760,house_statewide_results.csv
2020,3709,NC-09,2020,45.44,53.17,7.73,186994,218822,411536,house_statewide_results.csv
2020,3710,NC-10,2020,31.21,67.49,36.28,131558,284499,421552,house_statewide_results.csv
2020,3711,NC-11,2020,43.2,55.25,12.05,196609,251453,455098,house_statewide_results.csv
2020,3712,NC-12,2020,69.87,28.4,-41.47,307935,125165,440696,house_statewide_results.csv
2020,3713,NC-13,2020,31.81,66.89,35.08,126740,266476,398387,house_statewide_results.csv
2020,3801,ND-01,2020,31.78,65.12,33.34,115042,235751,362024,house_statewide_results.csv
2020,3101,NE-01,2020,41.3,56.36,15.07,132229,180470,320189,house_statewide_results.csv
2020,3102,NE-02,2020,52.28,45.68,-6.6,176494,154205,337607,house_statewide_results.csv
2020,3103,NE-03,2020,22.41,75.59,53.18,65860,222171,293916,house_statewide_results.csv
2020,3301,NH-01,2020,52.21,46.18,-6.03,213662,188999,409239,house_statewide_results.csv
2020,3302,NH-02,2020,53.54,44.77,-8.77,211275,176661,394594,house_statewide_results.csv
2020,3401,NJ-01,2020,62.07,36.6,-25.47,242214,142821,390212,house_statewide_results.csv
2020,3402,NJ-02,2020,47.89,50.79,2.9,183246,194362,382677,house_statewide_results.csv
2020,3403,NJ-03,2020,49.22,49.4,0.18,217219,218009,441353,house_statewide_results.csv
2020,3404,NJ-04,2020,44.12,54.64,10.52,191280,236908,433582,house_statewide_results.csv
2020,3405,NJ-05,2020,51.91,46.71,-5.2,224904,202367,433221,house_statewide_results.csv
2020,3406,NJ-06,2020,57.23,41.52,-15.7,191464,138919,334578,house_statewide_results.csv
2020,3407,NJ-07,2020,54.2,44.26,-9.94,239067,195226,441106,house_statewide_results.csv
2020,3408,NJ-08,2020,71.8,27.16,-44.64,183079,69257,254970,house_statewide_results.csv
2020,3409,NJ-09,2020,62.19,36.81,-25.38,199940,118349,321505,house_statewide_results.csv
2020,3410,NJ-10,2020,84.17,15.0,-69.17,254996,45436,302950,house_statewide_results.csv
2020,3411,NJ-11,2020,52.64,46.04,-6.6,237718,207924,451628,house_statewide_results.csv
2020,3412,NJ-12,2020,67.26,31.44,-35.82,243208,113696,361571,house_statewide_results.csv
2020,3501,NM-01,2020,60.18,37.42,-22.76,197301,122692,327868,house_statewide_results.csv
2020,3502,NM-02,2020,43.07,54.92,11.85,116535,148610,270585,house_statewide_results.csv
2020,3503,NM-03,2020,57.69,40.12,-17.57,187778,130592,325512,house_statewide_results.csv
2020,3201,NV-01,2020,61.47,36.41,-25.05,143411,84958,233318,house_statewide_results.csv
2020,3202,NV-02,2020,43.56,53.55,9.99,171024,210254,392617,house_statewide_results.csv
2020,3203,NV-03,2020,49.15,48.95,-0.2,214193,213316,435821,house_statewide_results.csv
2020,3204,NV-04,2020,50.89,46.96,-3.93,174858,161362,343620,house_statewide_results.csv
2020,3601,NY-01,2020,47.21,51.35,4.14,182793,198826,387224,house_statewide_results.csv
2020,3602,NY-02,2020,47.3,51.34,4.04,168779,183204,356856,house_statewide_results.csv
2020,3603,NY-03,2020,54.53,44.15,-10.38,216247,175089,396594,house_statewide_results.csv
2020,3604,NY-04,2020,55.44,43.23,-12.2,211650,165064,381795,house_statewide_results.csv
2020,3605,NY-05,2020,83.12,16.12,-67.0,229511,44505,276110,house_statewide_results.csv
2020,3606,NY-06,2020,61.58,37.24,-24.33,152723,92370,248014,house_statewide_results.csv
2020,3607,NY-07,2020,81.51,17.25,-64.26,191149,40451,234509,house_statewide_results.csv
2020,3608,NY-08,2020,82.64,16.43,-66.21,234960,46711,284321,house_statewide_results.csv
2020,3609,NY-09,2020,81.22,17.78,-63.44,232347,50873,286055,house_statewide_results.csv
2020,3610,NY-10,2020,75.85,22.78,-53.07,218696,65669,288324,house_statewide_results.csv
2020,3611,NY-11,2020,44.15,54.66,10.5,132366,163857,299799,house_statewide_results.csv
2020,3612,NY-12,2020,83.74,14.76,-68.98,279119,49194,333299,house_statewide_results.csv
2020,3613,NY-13,2020,87.8,11.12,-76.69,233465,29555,265898,house_statewide_results.csv
2020,3614,NY-14,2020,73.09,25.8,-47.29,161987,57176,221612,house_statewide_results.csv
2020,3615,NY-15,2020,86.26,13.02,-73.24,171083,25824,198343,house_statewide_results.csv
2020,3616,NY-16,2020,75.21,23.8,-51.41,232821,73670,309546,house_statewide_results.csv
2020,3617,NY-17,2020,59.5,39.34,-20.16,212221,140320,356660,house_statewide_results.csv
2020,3618,NY-18,2020,51.7,46.72,-4.98,184170,166439,356235,house_statewide_results.csv
2020,3619,NY-19,2020,49.7,48.24,-1.47,182963,177567,368124,house_statewide_results.csv
2020,3620,NY-20,2020,59.16,38.55,-20.61,217375,141639,367462,house_statewide_results.csv
2020,3621,NY-21,2020,43.79,54.2,10.41,141653,175335,323508,house_statewide_results.csv
2020,3622,NY-22,2020,43.14,54.6,11.45,140010,177173,324514,house_statewide_results.csv
2020,3623,NY-23,2020,43.21,54.47,11.26,138959,175164,321568,house_statewide_results.csv
2020,3624,NY-24,2020,53.4,44.32,-9.08,186963,155186,350130,house_statewide_results.csv
2020,3625,NY-25,2020,59.87,37.63,-22.24,218504,137342,364947,house_statewide_results.csv
2020,3626,NY-26,2020,62.58,35.59,-26.99,209957,119410,335483,house_statewide_results.csv
2020,3627,NY-27,2020,41.08,56.76,15.68,162415,224384,395323,house_statewide_results.csv
2020,3901,OH-01,2020,47.65,50.85,3.2,185962,198439,390247,house_statewide_results.csv
2020,3902,OH-02,2020,42.9,55.61,12.71,165591,214640,385955,house_statewide_results.csv
2020,3903,OH-03,2020,69.95,28.44,-41.51,232020,94328,331693,house_statewide_results.csv
2020,3904,OH-04,2020,31.23,67.12,35.89,110324,237090,353207,house_statewide_results.csv
2020,3905,OH-05,2020,36.68,61.62,24.94,141550,237811,385944,house_statewide_results.csv
2020,3906,OH-06,2020,26.52,72.2,45.68,91284,248505,344178,house_statewide_results.csv
2020,3907,OH-07,2020,33.22,65.31,32.09,120588,237049,362969,house_statewide_results.csv
2020,3908,OH-08,2020,32.54,65.99,33.45,119845,243067,368356,house_statewide_results.csv
2020,3909,OH-09,2020,58.79,39.73,-19.06,184302,124558,313493,house_statewide_results.csv
2020,3910,OH-10,2020,46.96,51.36,4.4,172459,188604,367220,house_statewide_results.csv
2020,3911,OH-11,2020,79.77,19.23,-60.54,252830,60940,316958,house_statewide_results.csv
2020,3912,OH-12,2020,46.22,52.24,6.02,206007,232831,445718,house_statewide_results.csv
2020,3913,OH-13,2020,50.97,47.62,-3.35,171134,159891,335730,house_statewide_results.csv
2020,3914,OH-14,2020,44.87,53.88,9.01,185724,223010,413903,house_statewide_results.csv
2020,3915,OH-15,2020,42.13,56.36,14.22,165788,221752,393482,house_statewide_results.csv
2020,3916,OH-16,2020,42.24,56.48,14.24,173757,232319,411327,house_statewide_results.csv
2020,4001,OK-01,2020,37.31,60.11,22.81,125905,202885,337501,house_statewide_results.csv
2020,4002,OK-02,2020,22.15,76.1,53.95,64350,221112,290561,house_statewide_results.csv
2020,4003,OK-03,2020,23.15,74.58,51.43,72144,232421,311633,house_statewide_results.csv
2020,4004,OK-04,2020,32.27,65.33,33.07,102926,208407,318993,house_statewide_results.csv
2020,4005,OK-05,2020,45.88,51.47,5.59,138565,155455,302011,house_statewide_results.csv
2020,4101,OR-01,2020,62.74,33.77,-28.97,298745,160810,476159,house_statewide_results.csv
2020,4102,OR-02,2020,41.83,55.28,13.45,197467,260948,472049,house_statewide_results.csv
2020,4103,OR-03,2020,73.8,23.25,-50.55,356488,112330,483039,house_statewide_results.csv
2020,4104,OR-04,2020,50.32,46.35,-3.97,238581,219759,474101,house_statewide_results.csv
2020,4105,OR-05,2020,53.16,43.59,-9.57,248609,203855,467692,house_statewide_results.csv
2020,4201,PA-01,2020,52.39,46.55,-5.84,233446,207433,445566,house_statewide_results.csv
2020,4202,PA-02,2020,70.14,29.12,-41.03,207491,86128,295805,house_statewide_results.csv
2020,4203,PA-03,2020,91.29,8.1,-83.19,357935,31764,392077,house_statewide_results.csv
2020,4204,PA-04,2020,61.53,37.43,-24.1,276513,168209,449399,house_statewide_results.csv
2020,4205,PA-05,2020,65.14,34.02,-31.12,263655,137682,404753,house_statewide_results.csv
2020,4206,PA-06,2020,56.95,41.85,-15.09,231791,170356,407041,house_statewide_results.csv
2020,4207,PA-07,2020,51.81,47.0,-4.81,199283,180774,384606,house_statewide_results.csv
2020,4208,PA-08,2020,47.29,51.7,4.42,168603,184346,356537,house_statewide_results.csv
2020,4209,PA-09,2020,34.09,64.53,30.44,122749,232357,360102,house_statewide_results.csv
2020,4210,PA-10,2020,47.81,50.73,2.92,189816,201420,397047,house_statewide_results.csv
2020,4211,PA-11,2020,38.34,60.16,21.82,148540,233066,387419,house_statewide_results.csv
2020,4212,PA-12,2020,31.23,67.32,36.1,107802,232402,345195,house_statewide_results.csv
2020,4213,PA-13,2020,27.23,71.58,44.35,100402,263906,368686,house_statewide_results.csv
2020,4214,PA-14,2020,35.72,63.21,27.49,135920,240512,380481,house_statewide_results.csv
2020,4215,PA-15,2020,27.53,71.19,43.66,96911,250621,352069,house_statewide_results.csv
2020,4216,PA-16,2020,40.02,58.68,18.67,145188,212922,362823,house_statewide_results.csv
2020,4217,PA-17,2020,50.73,48.02,-2.72,221789,209910,437161,house_statewide_results.csv
2020,4218,PA-18,2020,64.52,34.38,-30.14,252641,134634,391582,house_statewide_results.csv
2020,4401,RI-01,2020,63.6,34.43,-29.17,154430,83606,242810,house_statewide_results.csv
2020,4402,RI-02,2020,55.67,42.3,-13.36,153056,116316,274947,house_statewide_results.csv
2020,4501,SC-01,2020,46.12,52.1,5.98,197136,222689,427430,house_statewide_results.csv
2020,4502,SC-02,2020,43.51,54.91,11.41,158499,200052,364315,house_statewide_results.csv
2020,4503,SC-03,2020,30.53,68.05,37.52,102268,227930,334927,house_statewide_results.csv
2020,4504,SC-04,2020,38.86,59.33,20.47,140953,215183,362700,house_statewide_results.csv
2020,4505,SC-05,2020,41.0,57.66,16.66,150849,212131,367902,house_statewide_results.csv
2020,4506,SC-06,2020,67.03,31.77,-35.27,195073,92438,291005,house_statewide_results.csv
2020,4507,SC-07,2020,40.2,58.81,18.6,146763,214680,365050,house_statewide_results.csv
2020,4601,SD-01,2020,35.61,61.77,26.16,150471,261043,422609,house_statewide_results.csv
2020,4701,TN-01,2020,22.12,76.18,54.06,70466,242702,318576,house_statewide_results.csv
2020,4702,TN-02,2020,34.5,63.59,29.09,124226,228974,360101,house_statewide_results.csv
2020,4703,TN-03,2020,32.93,65.31,32.38,110368,218882,335132,house_statewide_results.csv
2020,4704,TN-04,2020,30.65,67.54,36.9,108733,239634,354787,house_statewide_results.csv
2020,4705,TN-05,2020,60.28,36.74,-23.54,210124,128074,348572,house_statewide_results.csv
2020,4706,TN-06,2020,25.6,72.69,47.1,96402,273769,376608,house_statewide_results.csv
2020,4707,TN-07,2020,31.33,66.88,35.55,115265,246049,367888,house_statewide_results.csv
2020,4708,TN-08,2020,33.09,65.51,32.41,113358,224388,342549,house_statewide_results.csv
2020,4709,TN-09,2020,78.29,20.1,-58.19,194769,50003,248776,house_statewide_results.csv
2020,4801,TX-01,2020,27.22,71.53,44.31,83229,218700,305727,house_statewide_results.csv
2020,4802,TX-02,2020,48.63,49.93,1.31,170379,174964,350392,house_statewide_results.csv
2020,4803,TX-03,2020,48.58,49.62,1.04,209860,214359,432030,house_statewide_results.csv
2020,4804,TX-04,2020,24.35,74.33,49.98,84676,258441,347693,house_statewide_results.csv
2020,4805,TX-05,2020,37.94,60.84,22.9,107494,172395,283360,house_statewide_results.csv
2020,4806,TX-06,2020,47.76,50.76,3.0,164748,175105,344940,house_statewide_results.csv
2020,4807,TX-07,2020,53.55,45.09,-8.47,170060,143176,317565,house_statewide_results.csv
2020,4808,TX-08,2020,28.11,70.53,42.42,109291,274224,388784,house_statewide_results.csv
2020,4809,TX-09,2020,75.69,23.25,-52.44,178905,54948,236367,house_statewide_results.csv
2020,4810,TX-10,2020,48.35,49.96,1.61,203976,210761,421831,house_statewide_results.csv
2020,4811,TX-11,2020,19.66,79.09,59.42,58645,235877,298256,house_statewide_results.csv
2020,4812,TX-12,2020,37.88,60.45,22.57,140767,224636,371632,house_statewide_results.csv
2020,4813,TX-13,2020,19.43,79.13,59.7,54004,219894,277881,house_statewide_results.csv
2020,4814,TX-14,2020,39.53,58.98,19.45,124628,185957,315270,house_statewide_results.csv
2020,4815,TX-15,2020,50.37,48.49,-1.88,119785,115317,237831,house_statewide_results.csv
2020,4816,TX-16,2020,66.43,32.0,-34.43,160809,77473,242067,house_statewide_results.csv
2020,4817,TX-17,2020,43.54,54.52,10.97,137674,172368,316168,house_statewide_results.csv
2020,4818,TX-18,2020,75.67,22.99,-52.68,189874,57685,250908,house_statewide_results.csv
2020,4819,TX-19,2020,26.3,72.18,45.88,71238,195512,270868,house_statewide_results.csv
2020,4820,TX-20,2020,63.68,34.71,-28.97,177234,96603,278335,house_statewide_results.csv
2020,4821,TX-21,2020,47.79,50.51,2.72,220415,232954,461186,house_statewide_results.csv
2020,4822,TX-22,2020,48.8,49.73,0.92,206121,210017,422336,house_statewide_results.csv
2020,4823,TX-23,2020,48.45,50.24,1.79,146544,151956,302486,house_statewide_results.csv
2020,4824,TX-24,2020,51.92,46.49,-5.43,180642,161752,347903,house_statewide_results.csv
2020,4825,TX-25,2020,44.34,53.93,9.59,177806,216257,401032,house_statewide_results.csv
2020,4826,TX-26,2020,42.13,56.21,14.08,185833,247961,441113,house_statewide_results.csv
2020,4827,TX-27,2020,37.42,61.15,23.73,104509,170798,279320,house_statewide_results.csv
2020,4828,TX-28,2020,51.55,47.2,-4.35,125757,115144,243962,house_statewide_results.csv
2020,4829,TX-29,2020,65.95,32.86,-33.08,106229,52937,161082,house_statewide_results.csv
2020,4830,TX-30,2020,79.84,18.9,-60.94,212373,50270,266014,house_statewide_results.csv
2020,4831,TX-31,2020,47.45,50.29,2.84,192554,204073,405786,house_statewide_results.csv
2020,4832,TX-32,2020,54.42,44.0,-10.42,187920,151943,345303,house_statewide_results.csv
2020,4833,TX-33,2020,72.98,25.63,-47.35,117341,41210,160783,house_statewide_results.csv
2020,4834,TX-34,2020,51.46,47.46,-4.0,106838,98533,207595,house_statewide_results.csv
2020,4835,TX-35,2020,67.62,30.45,-37.17,188242,84770,278391,house_statewide_results.csv
2020,4836,TX-36,2020,26.89,71.9,45.01,82881,221600,308222,house_statewide_results.csv
2020,4901,UT-01,2020,31.59,64.19,32.6,113343,230313,358817,house_statewide_results.csv
2020,4902,UT-02,2020,40.22,56.1,15.88,148890,207667,370162,house_statewide_results.csv
2020,4903,UT-03,2020,35.19,60.27,25.08,131845,225830,374671,house_statewide_results.csv
2020,4904,UT-04,2020,43.28,52.43,9.15,166204,201329,384026,house_statewide_results.csv
2020,5101,VA-01,2020,46.88,51.26,4.38,213388,233330,455199,house_statewide_results.csv
2020,5102,VA-02,2020,51.23,46.57,-4.66,186182,169252,363405,house_statewide_results.csv
2020,5103,VA-03,2020,66.92,31.14,-35.78,233891,108841,349502,house_statewide_results.csv
2020,5104,VA-04,2020,61.61,36.7,-24.9,246583,146900,400257,house_statewide_results.csv
2020,5105,VA-05,2020,44.97,53.41,8.44,183175,217535,407305,house_statewide_results.csv
2020,5106,VA-06,2020,38.41,59.51,21.1,149254,231248,388610,house_statewide_results.csv
2020,5107,VA-07,2020,49.63,48.53,-1.1,228335,223268,460031,house_statewide_results.csv
2020,5108,VA-08,2020,76.95,20.93,-56.02,311470,84711,404781,house_statewide_results.csv
2020,5109,VA-09,2020,28.29,70.26,41.97,98653,244996,348693,house_statewide_results.csv
2020,5110,VA-10,2020,58.6,39.37,-19.23,281955,189440,481126,house_statewide_results.csv
2020,5111,VA-11,2020,69.89,28.11,-41.77,280682,112909,401615,house_statewide_results.csv
2020,5001,VT-01,2020,66.09,30.67,-35.41,242820,112704,367428,house_statewide_results.csv
2020,5301,WA-01,2020,58.67,37.9,-20.77,257060,166053,438152,house_statewide_results.csv
2020,5302,WA-02,2020,61.7,34.82,-26.87,257862,145545,417940,house_statewide_results.csv
2020,5303,WA-03,2020,46.56,50.3,3.75,198429,214391,426189,house_statewide_results.csv
2020,5304,WA-04,2020,39.41,57.5,18.09,122691,179022,311336,house_statewide_results.csv
2020,5305,WA-05,2020,43.69,52.68,8.99,178895,215706,409448,house_statewide_results.csv
2020,5306,WA-06,2020,57.03,39.3,-17.73,244141,168250,428122,house_statewide_results.csv
2020,5307,WA-07,2020,85.22,12.23,-72.99,410067,58832,481203,house_statewide_results.csv
2020,5308,WA-08,2020,51.66,45.16,-6.5,218273,190800,422536,house_statewide_results.csv
2020,5309,WA-09,2020,72.87,24.44,-48.43,265394,88994,364205,house_statewide_results.csv
2020,5310,WA-10,2020,55.8,40.43,-15.38,216800,157058,388500,house_statewide_results.csv
2020,5501,WI-01,2020,44.57,53.76,9.19,182957,220690,410518,house_statewide_results.csv
2020,5502,WI-02,2020,69.17,29.15,-40.02,323808,136439,468137,house_statewide_results.csv
2020,5503,WI-03,2020,46.7,51.35,4.65,184293,202643,394624,house_statewide_results.csv
2020,5504,WI-04,2020,75.85,22.49,-53.36,242263,71833,319394,house_statewide_results.csv
2020,5505,WI-05,2020,41.63,56.69,15.06,187835,255780,451155,house_statewide_results.csv
2020,5506,WI-06,2020,41.5,56.68,15.18,170457,232821,410745,house_statewide_results.csv
2020,5507,WI-07,2020,39.21,59.1,19.88,165117,248838,421057,house_statewide_results.csv
2020,5508,WI-08,2020,41.22,57.09,15.86,174136,241140,422411,house_statewide_results.csv
2020,5401,WV-01,2020,30.26,67.98,37.73,81849,183904,270510,house_statewide_results.csv
2020,5402,WV-02,2020,32.78,65.4,32.62,92623,184784,282556,house_statewide_results.csv
2020,5403,WV-03,2020,25.46,73.14,47.68,61512,176694,241586,house_statewide_results.csv
2020,5601,WY-01,2020,26.55,69.94,43.38,73491,193559,276765,house_statewide_results.csv
2022,201,AK-01,2020,43.01,53.12,10.12,153778,189951,357569,downballot/pres_2020_by_2022_lines.csv
2022,101,AL-01,2020,35.34,63.64,28.3,115566,208116,327039,downballot/pres_2020_by_2022_lines.csv
2022,102,AL-02,2020,34.79,64.24,29.45,111264,205435,319817,downballot/pres_2020_by_2022_lines.csv
2022,103,AL-03,2020,32.45,66.56,34.11,102772,210797,316695,downballot/pres_2020_by_2022_lines.csv
2022,104,AL-04,2020,18.61,80.41,61.8,60733,262359,326261,downballot/pres_2020_by_2022_lines.csv
2022,105,AL-05,2020,35.64,62.73,27.1,123032,216584,345255,downballot/pres_2020_by_2022_lines.csv
2022,106,AL-06,2020,34.45,64.36,29.91,122189,228267,354698,downballot/pres_2020_by_2022_lines.csv
2022,107,AL-07,2020,65.62,33.6,-32.02,214068,109612,326206,downballot/pres_2020_by_2022_lines.csv
2022,501,AR-01,2020,28.07,68.98,40.91,80516,197832,286792,downballot/pres_2020_by_2022_lines.csv
2022,502,AR-02,2020,42.11,55.24,13.12,140254,183964,333041,downballot/pres_2020_by_2022_lines.csv
2022,503,AR-03,2020,36.79,60.21,23.42,110479,180794,300274,downballot/pres_2020_by_2022_lines.csv
2022,504,AR-04,2020,31.0,66.25,35.25,92683,198057,298962,downballot/pres_2020_by_2022_lines.csv
2022,401,AZ-01,2020,50.11,48.62,-1.49,231887,225013,462784,downballot/pres_2020_by_2022_lines.csv
2022,402,AZ-02,2020,45.29,53.17,7.88,183714,215659,405633,downballot/pres_2020_by_2022_lines.csv
2022,403,AZ-03,2020,74.51,23.88,-50.63,170840,54754,229285,downballot/pres_2020_by_2022_lines.csv
2022,404,AZ-04,2020,54.17,43.87,-10.3,201238,162975,371497,downballot/pres_2020_by_2022_lines.csv
2022,405,AZ-05,2020,41.03,57.41,16.38,171278,239646,417419,downballot/pres_2020_by_2022_lines.csv
2022,406,AZ-06,2020,49.28,49.21,-0.07,214896,214580,436079,downballot/pres_2020_by_2022_lines.csv
2022,407,AZ-07,2020,65.64,32.87,-32.77,194860,97580,296840,downballot/pres_2020_by_2022_lines.csv
2022,408,AZ-08,2020,42.54,56.07,13.53,171266,225761,402630,downballot/pres_2020_by_2022_lines.csv
2022,409,AZ-09,2020,36.4,62.16,25.76,132165,225719,363126,downballot/pres_2020_by_2022_lines.csv
2022,601,CA-01,2020,39.22,58.32,19.11,136550,203077,348189,downballot/pres_2020_by_2022_lines.csv
2022,602,CA-02,2020,73.52,24.04,-49.48,310592,101570,422441,downballot/pres_2020_by_2022_lines.csv
2022,603,CA-03,2020,47.87,49.67,1.8,211790,219762,442451,downballot/pres_2020_by_2022_lines.csv
2022,604,CA-04,2020,67.06,30.5,-36.56,250308,113844,373278,downballot/pres_2020_by_2022_lines.csv
2022,605,CA-05,2020,42.74,55.04,12.3,171424,220770,401076,downballot/pres_2020_by_2022_lines.csv
2022,606,CA-06,2020,57.86,39.44,-18.42,192873,131468,333336,downballot/pres_2020_by_2022_lines.csv
2022,607,CA-07,2020,67.44,30.27,-37.17,228897,102737,339420,downballot/pres_2020_by_2022_lines.csv
2022,608,CA-08,2020,75.95,21.95,-54.0,244070,70550,321343,downballot/pres_2020_by_2022_lines.csv
2022,609,CA-09,2020,55.24,42.62,-12.61,157640,121642,285397,downballot/pres_2020_by_2022_lines.csv
2022,610,CA-10,2020,68.63,29.27,-39.37,280973,119815,409383,downballot/pres_2020_by_2022_lines.csv
2022,611,CA-11,2020,86.28,11.73,-74.55,339795,46210,393814,downballot/pres_2020_by_2022_lines.csv
2022,612,CA-12,2020,89.31,8.62,-80.69,328830,31734,368206,downballot/pres_2020_by_2022_lines.csv
2022,613,CA-13,2020,54.29,43.44,-10.85,125261,100222,230706,downballot/pres_2020_by_2022_lines.csv
2022,614,CA-14,2020,71.67,26.22,-45.46,239561,87626,334248,downballot/pres_2020_by_2022_lines.csv
2022,615,CA-15,2020,77.73,20.38,-57.35,272883,71552,351079,downballot/pres_2020_by_2022_lines.csv
2022,616,CA-16,2020,75.43,22.4,-53.03,288193,85593,382082,downballot/pres_2020_by_2022_lines.csv
2022,617,CA-17,2020,72.72,25.3,-47.42,219542,76381,301898,downballot/pres_2020_by_2022_lines.csv
2022,618,CA-18,2020,70.95,26.88,-44.07,190117,72029,267951,downballot/pres_2020_by_2022_lines.csv
2022,619,CA-19,2020,68.65,29.06,-39.59,283245,119900,412573,downballot/pres_2020_by_2022_lines.csv
2022,620,CA-20,2020,36.44,61.31,24.87,127496,214492,349862,downballot/pres_2020_by_2022_lines.csv
2022,621,CA-21,2020,59.12,38.81,-20.31,133827,87856,226362,downballot/pres_2020_by_2022_lines.csv
2022,622,CA-22,2020,55.25,42.35,-12.91,103963,79681,188155,downballot/pres_2020_by_2022_lines.csv
2022,623,CA-23,2020,43.89,53.7,9.81,130953,160218,298346,downballot/pres_2020_by_2022_lines.csv
2022,624,CA-24,2020,63.35,34.29,-29.05,240344,130117,379418,downballot/pres_2020_by_2022_lines.csv
2022,625,CA-25,2020,56.67,41.37,-15.3,150324,109749,265268,downballot/pres_2020_by_2022_lines.csv
2022,626,CA-26,2020,58.95,38.97,-19.98,222994,147422,378303,downballot/pres_2020_by_2022_lines.csv
2022,627,CA-27,2020,55.09,42.72,-12.36,188108,145890,341467,downballot/pres_2020_by_2022_lines.csv
2022,628,CA-28,2020,66.12,31.92,-34.19,242549,117111,366847,downballot/pres_2020_by_2022_lines.csv
2022,629,CA-29,2020,74.54,23.24,-51.31,204924,63885,274903,downballot/pres_2020_by_2022_lines.csv
2022,630,CA-30,2020,72.2,25.98,-46.21,273895,98576,379374,downballot/pres_2020_by_2022_lines.csv
2022,631,CA-31,2020,64.49,33.44,-31.05,198028,102679,307073,downballot/pres_2020_by_2022_lines.csv
2022,632,CA-32,2020,69.48,28.7,-40.78,271209,112044,390332,downballot/pres_2020_by_2022_lines.csv
2022,633,CA-33,2020,61.53,36.21,-25.32,168266,99017,273478,downballot/pres_2020_by_2022_lines.csv
2022,634,CA-34,2020,80.95,16.7,-64.25,205043,42309,253290,downballot/pres_2020_by_2022_lines.csv
2022,635,CA-35,2020,62.73,35.1,-27.63,173588,97138,276741,downballot/pres_2020_by_2022_lines.csv
2022,636,CA-36,2020,71.01,26.91,-44.1,299046,113323,421108,downballot/pres_2020_by_2022_lines.csv
2022,637,CA-37,2020,85.69,12.42,-73.27,239814,34760,279846,downballot/pres_2020_by_2022_lines.csv
2022,638,CA-38,2020,64.07,33.89,-30.18,217122,114836,338870,downballot/pres_2020_by_2022_lines.csv
2022,639,CA-39,2020,61.97,35.85,-26.12,165291,95616,266730,downballot/pres_2020_by_2022_lines.csv
2022,640,CA-40,2020,49.92,48.05,-1.87,212169,204203,424992,downballot/pres_2020_by_2022_lines.csv
2022,641,CA-41,2020,48.58,49.66,1.08,178995,182973,368474,downballot/pres_2020_by_2022_lines.csv
2022,642,CA-42,2020,71.72,25.89,-45.83,207750,74998,289669,downballot/pres_2020_by_2022_lines.csv
2022,643,CA-43,2020,80.79,17.0,-63.79,218764,46043,270782,downballot/pres_2020_by_2022_lines.csv
2022,644,CA-44,2020,72.92,24.73,-48.19,213507,72413,292791,downballot/pres_2020_by_2022_lines.csv
2022,645,CA-45,2020,52.14,45.95,-6.18,186196,164111,357137,downballot/pres_2020_by_2022_lines.csv
2022,646,CA-46,2020,64.12,33.72,-30.41,162579,85483,253538,downballot/pres_2020_by_2022_lines.csv
2022,647,CA-47,2020,54.47,43.4,-11.08,212948,169641,390918,downballot/pres_2020_by_2022_lines.csv
2022,648,CA-48,2020,42.72,55.04,12.32,167285,215540,391616,downballot/pres_2020_by_2022_lines.csv
2022,649,CA-49,2020,54.58,43.17,-11.41,221230,174975,405298,downballot/pres_2020_by_2022_lines.csv
2022,650,CA-50,2020,65.38,32.24,-33.14,262795,129606,401947,downballot/pres_2020_by_2022_lines.csv
2022,651,CA-51,2020,62.47,35.17,-27.31,231182,130132,370060,downballot/pres_2020_by_2022_lines.csv
2022,652,CA-52,2020,67.4,30.53,-36.86,205523,93111,304934,downballot/pres_2020_by_2022_lines.csv
2022,801,CO-01,2020,79.51,18.22,-61.29,315904,72379,397310,downballot/pres_2020_by_2022_lines.csv
2022,802,CO-02,2020,68.66,28.79,-39.87,306400,128491,446260,downballot/pres_2020_by_2022_lines.csv
2022,803,CO-03,2020,44.69,52.94,8.25,184181,218187,412128,downballot/pres_2020_by_2022_lines.csv
2022,804,CO-04,2020,39.48,58.03,18.55,174553,256585,442183,downballot/pres_2020_by_2022_lines.csv
2022,805,CO-05,2020,43.08,53.19,10.11,160880,198614,373408,downballot/pres_2020_by_2022_lines.csv
2022,806,CO-06,2020,60.59,36.79,-23.8,232517,141195,383771,downballot/pres_2020_by_2022_lines.csv
2022,807,CO-07,2020,55.7,41.52,-14.17,256166,190987,459940,downballot/pres_2020_by_2022_lines.csv
2022,808,CO-08,2020,50.81,46.26,-4.56,173751,158170,341951,downballot/pres_2020_by_2022_lines.csv
2022,901,CT-01,2020,63.3,35.22,-28.08,227830,126759,359895,downballot/pres_2020_by_2022_lines.csv
2022,902,CT-02,2020,54.72,43.28,-11.45,214158,169366,391348,downballot/pres_2020_by_2022_lines.csv
2022,903,CT-03,2020,59.23,39.51,-19.72,213122,142174,359820,downballot/pres_2020_by_2022_lines.csv
2022,904,CT-04,2020,64.82,33.82,-31.0,230411,120230,355456,downballot/pres_2020_by_2022_lines.csv
2022,905,CT-05,2020,54.63,43.88,-10.75,195160,156762,357217,downballot/pres_2020_by_2022_lines.csv
2022,1001,DE-01,2020,58.78,39.8,-18.98,296268,200603,504010,downballot/pres_2020_by_2022_lines.csv
2022,1201,FL-01,2020,32.99,65.3,32.31,139194,275547,421983,downballot/pres_2020_by_2022_lines.csv
2022,1202,FL-02,2020,43.97,54.96,10.99,180607,225757,410746,downballot/pres_2020_by_2022_lines.csv
2022,1203,FL-03,2020,42.45,56.54,14.09,166687,222032,392680,downballot/pres_2020_by_2022_lines.csv
2022,1204,FL-04,2020,46.04,52.73,6.69,184152,210911,400004,downballot/pres_2020_by_2022_lines.csv
2022,1205,FL-05,2020,41.47,57.27,15.8,176903,244278,426534,downballot/pres_2020_by_2022_lines.csv
2022,1206,FL-06,2020,37.72,61.39,23.67,160980,262018,426794,downballot/pres_2020_by_2022_lines.csv
2022,1207,FL-07,2020,46.69,52.24,5.55,202049,226044,432716,downballot/pres_2020_by_2022_lines.csv
2022,1208,FL-08,2020,40.63,58.27,17.64,186758,267849,459670,downballot/pres_2020_by_2022_lines.csv
2022,1209,FL-09,2020,58.24,40.8,-17.43,198451,139043,340752,downballot/pres_2020_by_2022_lines.csv
2022,1210,FL-10,2020,65.32,33.54,-31.79,218958,112414,335201,downballot/pres_2020_by_2022_lines.csv
2022,1211,FL-11,2020,44.14,55.02,10.88,188273,234657,426492,downballot/pres_2020_by_2022_lines.csv
2022,1212,FL-12,2020,35.15,63.88,28.73,150490,273483,428151,downballot/pres_2020_by_2022_lines.csv
2022,1213,FL-13,2020,46.11,52.86,6.75,207951,238399,450980,downballot/pres_2020_by_2022_lines.csv
2022,1214,FL-14,2020,58.98,39.83,-19.15,231590,156409,392644,downballot/pres_2020_by_2022_lines.csv
2022,1215,FL-15,2020,47.86,51.01,3.16,176040,187647,367849,downballot/pres_2020_by_2022_lines.csv
2022,1216,FL-16,2020,45.06,53.96,8.9,184319,220728,409050,downballot/pres_2020_by_2022_lines.csv
2022,1217,FL-17,2020,41.64,57.59,15.95,187427,259237,450114,downballot/pres_2020_by_2022_lines.csv
2022,1218,FL-18,2020,38.13,60.93,22.81,133424,213235,349949,downballot/pres_2020_by_2022_lines.csv
2022,1219,FL-19,2020,39.14,60.17,21.02,169589,260674,433251,downballot/pres_2020_by_2022_lines.csv
2022,1220,FL-20,2020,75.89,23.52,-52.37,252405,78222,332578,downballot/pres_2020_by_2022_lines.csv
2022,1221,FL-21,2020,44.95,54.39,9.43,199069,240849,442839,downballot/pres_2020_by_2022_lines.csv
2022,1222,FL-22,2020,58.49,40.88,-17.61,229942,160705,393104,downballot/pres_2020_by_2022_lines.csv
2022,1223,FL-23,2020,56.33,43.1,-13.22,232548,177952,412845,downballot/pres_2020_by_2022_lines.csv
2022,1224,FL-24,2020,74.27,25.2,-49.06,245449,83302,330498,downballot/pres_2020_by_2022_lines.csv
2022,1225,FL-25,2020,59.66,39.75,-19.92,229439,152844,384550,downballot/pres_2020_by_2022_lines.csv
2022,1226,FL-26,2020,40.58,58.9,18.32,126831,184088,312563,downballot/pres_2020_by_2022_lines.csv
2022,1227,FL-27,2020,49.57,49.89,0.32,178067,179207,359223,downballot/pres_2020_by_2022_lines.csv
2022,1228,FL-28,2020,46.53,52.88,6.35,159454,181199,342665,downballot/pres_2020_by_2022_lines.csv
2022,1301,GA-01,2020,42.62,56.04,13.41,144314,189725,338574,downballot/pres_2020_by_2022_lines.csv
2022,1302,GA-02,2020,54.72,44.37,-10.35,173621,140787,317280,downballot/pres_2020_by_2022_lines.csv
2022,1303,GA-03,2020,34.35,64.42,30.07,132438,248375,385533,downballot/pres_2020_by_2022_lines.csv
2022,1304,GA-04,2020,78.31,20.59,-57.73,278793,73295,355992,downballot/pres_2020_by_2022_lines.csv
2022,1305,GA-05,2020,82.63,16.17,-66.46,305738,59840,369993,downballot/pres_2020_by_2022_lines.csv
2022,1306,GA-06,2020,41.76,56.66,14.9,174012,236094,416666,downballot/pres_2020_by_2022_lines.csv
2022,1307,GA-07,2020,62.26,36.47,-25.79,203070,118944,326147,downballot/pres_2020_by_2022_lines.csv
2022,1308,GA-08,2020,35.68,63.3,27.62,117889,209159,330441,downballot/pres_2020_by_2022_lines.csv
2022,1309,GA-09,2020,30.42,68.29,37.88,112848,253355,370973,downballot/pres_2020_by_2022_lines.csv
2022,1310,GA-10,2020,37.66,61.05,23.39,142395,230837,378086,downballot/pres_2020_by_2022_lines.csv
2022,1311,GA-11,2020,41.51,56.84,15.33,158591,217159,382041,downballot/pres_2020_by_2022_lines.csv
2022,1312,GA-12,2020,44.33,54.48,10.15,151146,185743,340948,downballot/pres_2020_by_2022_lines.csv
2022,1313,GA-13,2020,79.68,19.32,-60.36,274153,66470,344049,downballot/pres_2020_by_2022_lines.csv
2022,1314,GA-14,2020,30.68,68.06,37.38,104624,232070,340992,downballot/pres_2020_by_2022_lines.csv
2022,1501,HI-01,2020,63.88,34.45,-29.43,178660,96350,279670,downballot/pres_2020_by_2022_lines.csv
2022,1502,HI-02,2020,63.59,34.1,-29.5,187470,100514,294799,downballot/pres_2020_by_2022_lines.csv
2022,1901,IA-01,2020,47.64,50.53,2.89,203400,215742,426927,downballot/pres_2020_by_2022_lines.csv
2022,1902,IA-02,2020,46.9,51.3,4.4,203246,222312,433378,downballot/pres_2020_by_2022_lines.csv
2022,1903,IA-03,2020,48.94,49.28,0.35,205591,207043,420101,downballot/pres_2020_by_2022_lines.csv
2022,1904,IA-04,2020,36.15,62.19,26.04,146824,252575,406128,downballot/pres_2020_by_2022_lines.csv
2022,1601,ID-01,2020,29.52,67.69,38.17,132085,302868,447457,downballot/pres_2020_by_2022_lines.csv
2022,1602,ID-02,2020,36.9,59.84,22.94,154936,251251,419904,downballot/pres_2020_by_2022_lines.csv
2022,1701,IL-01,2020,70.49,28.12,-42.37,260631,103984,369753,downballot/pres_2020_by_2022_lines.csv
2022,1702,IL-02,2020,69.3,29.28,-40.02,231924,98000,334668,downballot/pres_2020_by_2022_lines.csv
2022,1703,IL-03,2020,69.72,28.29,-41.42,207342,84147,297395,downballot/pres_2020_by_2022_lines.csv
2022,1704,IL-04,2020,72.28,25.86,-46.41,175301,62731,242543,downballot/pres_2020_by_2022_lines.csv
2022,1705,IL-05,2020,68.88,29.29,-39.59,275679,117237,400256,downballot/pres_2020_by_2022_lines.csv
2022,1706,IL-06,2020,54.51,43.63,-10.88,216368,173185,396914,downballot/pres_2020_by_2022_lines.csv
2022,1707,IL-07,2020,85.62,12.8,-72.83,274896,41082,321060,downballot/pres_2020_by_2022_lines.csv
2022,1708,IL-08,2020,56.78,41.37,-15.41,189430,138017,333628,downballot/pres_2020_by_2022_lines.csv
2022,1709,IL-09,2020,69.94,28.39,-41.55,267524,108596,382482,downballot/pres_2020_by_2022_lines.csv
2022,1710,IL-10,2020,61.98,36.12,-25.86,220357,128416,355522,downballot/pres_2020_by_2022_lines.csv
2022,1711,IL-11,2020,56.59,41.3,-15.3,215328,157129,380478,downballot/pres_2020_by_2022_lines.csv
2022,1712,IL-12,2020,27.71,70.5,42.79,106204,270198,383257,downballot/pres_2020_by_2022_lines.csv
2022,1713,IL-13,2020,54.44,43.23,-11.21,195393,155142,358904,downballot/pres_2020_by_2022_lines.csv
2022,1714,IL-14,2020,54.74,43.27,-11.46,191028,151016,348998,downballot/pres_2020_by_2022_lines.csv
2022,1715,IL-15,2020,29.6,68.34,38.74,117057,270236,395434,downballot/pres_2020_by_2022_lines.csv
2022,1716,IL-16,2020,38.11,59.62,21.51,152633,238789,400519,downballot/pres_2020_by_2022_lines.csv
2022,1717,IL-17,2020,52.72,44.93,-7.79,174821,148985,331627,downballot/pres_2020_by_2022_lines.csv
2022,1801,IN-01,2020,53.37,45.01,-8.36,181832,153364,340700,downballot/pres_2020_by_2022_lines.csv
2022,1802,IN-02,2020,37.79,60.36,22.57,117687,187968,311424,downballot/pres_2020_by_2022_lines.csv
2022,1803,IN-03,2020,33.98,63.88,29.9,111650,209890,328584,downballot/pres_2020_by_2022_lines.csv
2022,1804,IN-04,2020,34.29,63.43,29.14,118417,219029,345309,downballot/pres_2020_by_2022_lines.csv
2022,1805,IN-05,2020,41.03,56.96,15.94,151397,210212,369022,downballot/pres_2020_by_2022_lines.csv
2022,1806,IN-06,2020,32.97,64.9,31.93,109391,215307,331748,downballot/pres_2020_by_2022_lines.csv
2022,1807,IN-07,2020,70.29,27.92,-42.37,213498,84813,303734,downballot/pres_2020_by_2022_lines.csv
2022,1808,IN-08,2020,32.66,65.5,32.83,112346,225275,343948,downballot/pres_2020_by_2022_lines.csv
2022,1809,IN-09,2020,35.38,62.7,27.32,126197,223661,356696,downballot/pres_2020_by_2022_lines.csv
2022,2001,KS-01,2020,34.1,63.73,29.63,110422,206364,323819,downballot/pres_2020_by_2022_lines.csv
2022,2002,KS-02,2020,40.7,56.99,16.29,130954,183352,321754,downballot/pres_2020_by_2022_lines.csv
2022,2003,KS-03,2020,51.16,46.71,-4.45,205621,187731,401921,downballot/pres_2020_by_2022_lines.csv
2022,2004,KS-04,2020,37.97,59.71,21.75,123326,193958,324810,downballot/pres_2020_by_2022_lines.csv
2022,2101,KY-01,2020,27.88,70.62,42.74,98100,248460,351824,downballot/pres_2020_by_2022_lines.csv
2022,2102,KY-02,2020,30.78,67.52,36.74,108502,237998,352498,downballot/pres_2020_by_2022_lines.csv
2022,2103,KY-03,2020,60.23,37.89,-22.35,220429,138649,365965,downballot/pres_2020_by_2022_lines.csv
2022,2104,KY-04,2020,32.84,65.35,32.52,122980,244777,374537,downballot/pres_2020_by_2022_lines.csv
2022,2105,KY-05,2020,19.68,79.05,59.37,64435,258817,327397,downballot/pres_2020_by_2022_lines.csv
2022,2106,KY-06,2020,43.51,54.5,10.99,158028,197944,363215,downballot/pres_2020_by_2022_lines.csv
2022,2201,LA-01,2020,29.6,68.55,38.95,111741,258790,377529,downballot/pres_2020_by_2022_lines.csv
2022,2202,LA-02,2020,75.39,22.94,-52.45,260653,79318,345722,downballot/pres_2020_by_2022_lines.csv
2022,2203,LA-03,2020,30.31,67.96,37.65,106759,239366,352216,downballot/pres_2020_by_2022_lines.csv
2022,2204,LA-04,2020,37.18,61.3,24.12,130910,215850,352106,downballot/pres_2020_by_2022_lines.csv
2022,2205,LA-05,2020,34.44,64.09,29.65,120707,224650,350510,downballot/pres_2020_by_2022_lines.csv
2022,2206,LA-06,2020,33.86,64.27,30.42,125263,237802,369979,downballot/pres_2020_by_2022_lines.csv
2022,2501,MA-01,2020,59.82,38.16,-21.66,235190,150037,393141,downballot/pres_2020_by_2022_lines.csv
2022,2502,MA-02,2020,64.33,33.5,-30.83,254528,132546,395665,downballot/pres_2020_by_2022_lines.csv
2022,2503,MA-03,2020,62.66,35.25,-27.41,233536,131375,372676,downballot/pres_2020_by_2022_lines.csv
2022,2504,MA-04,2020,63.31,34.84,-28.46,263669,145121,416487,downballot/pres_2020_by_2022_lines.csv
2022,2505,MA-05,2020,74.77,23.62,-51.15,298842,94405,399703,downballot/pres_2020_by_2022_lines.csv
2022,2506,MA-06,2020,62.93,35.32,-27.61,283226,158963,450070,downballot/pres_2020_by_2022_lines.csv
2022,2507,MA-07,2020,85.54,13.1,-72.45,269381,41245,314904,downballot/pres_2020_by_2022_lines.csv
2022,2508,MA-08,2020,66.9,31.44,-35.47,277534,130407,414844,downballot/pres_2020_by_2022_lines.csv
2022,2509,MA-09,2020,58.2,40.01,-18.18,266296,183101,457586,downballot/pres_2020_by_2022_lines.csv
2022,2401,MD-01,2020,41.72,56.25,14.53,171268,230930,410539,downballot/pres_2020_by_2022_lines.csv
2022,2402,MD-02,2020,59.43,38.6,-20.83,232384,150927,391029,downballot/pres_2020_by_2022_lines.csv
2022,2403,MD-03,2020,61.74,36.22,-25.52,255249,149743,413425,downballot/pres_2020_by_2022_lines.csv
2022,2404,MD-04,2020,89.65,8.66,-80.99,271589,26247,302947,downballot/pres_2020_by_2022_lines.csv
2022,2405,MD-05,2020,67.4,30.92,-36.48,280898,128846,416761,downballot/pres_2020_by_2022_lines.csv
2022,2406,MD-06,2020,53.91,44.08,-9.83,200375,163848,371676,downballot/pres_2020_by_2022_lines.csv
2022,2407,MD-07,2020,80.97,17.47,-63.49,251751,54327,310936,downballot/pres_2020_by_2022_lines.csv
2022,2408,MD-08,2020,80.52,17.92,-62.6,321508,71547,399296,downballot/pres_2020_by_2022_lines.csv
2022,2301,ME-01,2020,59.99,37.19,-22.8,258001,159932,430096,downballot/pres_2020_by_2022_lines.csv
2022,2302,ME-02,2020,45.49,51.58,6.1,177070,200803,389278,downballot/pres_2020_by_2022_lines.csv
2022,2601,MI-01,2020,39.34,59.12,19.78,182977,274971,465104,downballot/pres_2020_by_2022_lines.csv
2022,2602,MI-02,2020,35.03,63.24,28.21,145196,262155,414538,downballot/pres_2020_by_2022_lines.csv
2022,2603,MI-03,2020,53.27,44.78,-8.49,222098,186701,416906,downballot/pres_2020_by_2022_lines.csv
2022,2604,MI-04,2020,47.11,51.05,3.94,196696,213155,417516,downballot/pres_2020_by_2022_lines.csv
2022,2605,MI-05,2020,37.05,61.21,24.16,150368,248430,405836,downballot/pres_2020_by_2022_lines.csv
2022,2606,MI-06,2020,62.68,36.01,-26.67,286146,164381,456503,downballot/pres_2020_by_2022_lines.csv
2022,2607,MI-07,2020,49.4,48.87,-0.52,219465,217141,444296,downballot/pres_2020_by_2022_lines.csv
2022,2608,MI-08,2020,50.26,48.23,-2.03,215710,207003,429213,downballot/pres_2020_by_2022_lines.csv
2022,2609,MI-09,2020,34.56,64.01,29.45,160590,297475,464737,downballot/pres_2020_by_2022_lines.csv
2022,2610,MI-10,2020,48.85,49.83,0.98,209969,214177,429829,downballot/pres_2020_by_2022_lines.csv
2022,2611,MI-11,2020,59.25,39.42,-19.83,273915,182229,462280,downballot/pres_2020_by_2022_lines.csv
2022,2612,MI-12,2020,73.69,25.16,-48.54,285642,97508,387609,downballot/pres_2020_by_2022_lines.csv
2022,2613,MI-13,2020,74.19,24.63,-49.56,252697,83907,340610,downballot/pres_2020_by_2022_lines.csv
2022,2701,MN-01,2020,44.32,53.52,9.2,172285,208058,388718,downballot/pres_2020_by_2022_lines.csv
2022,2702,MN-02,2020,52.54,45.36,-7.18,221003,190819,420650,downballot/pres_2020_by_2022_lines.csv
2022,2703,MN-03,2020,59.51,38.53,-20.98,258543,167402,434448,downballot/pres_2020_by_2022_lines.csv
2022,2704,MN-04,2020,67.84,30.19,-37.64,268967,119722,396499,downballot/pres_2020_by_2022_lines.csv
2022,2705,MN-05,2020,80.56,17.44,-63.12,319407,69135,396493,downballot/pres_2020_by_2022_lines.csv
2022,2706,MN-06,2020,40.08,57.73,17.64,165862,238872,413782,downballot/pres_2020_by_2022_lines.csv
2022,2707,MN-07,2020,32.48,65.69,33.21,128550,260007,395801,downballot/pres_2020_by_2022_lines.csv
2022,2708,MN-08,2020,43.36,54.67,11.31,182461,230050,420814,downballot/pres_2020_by_2022_lines.csv
2022,2901,MO-01,2020,78.39,20.01,-58.38,278269,71037,355000,downballot/pres_2020_by_2022_lines.csv
2022,2902,MO-02,2020,45.29,53.04,7.75,198823,232845,438960,downballot/pres_2020_by_2022_lines.csv
2022,2903,MO-03,2020,35.9,62.21,26.31,142584,247108,397210,downballot/pres_2020_by_2022_lines.csv
2022,2904,MO-04,2020,29.34,68.69,39.35,109920,257315,374598,downballot/pres_2020_by_2022_lines.csv
2022,2905,MO-05,2020,62.15,35.85,-26.3,217895,125686,350584,downballot/pres_2020_by_2022_lines.csv
2022,2906,MO-06,2020,30.58,67.68,37.1,115548,255727,377863,downballot/pres_2020_by_2022_lines.csv
2022,2907,MO-07,2020,28.38,69.77,41.39,103423,254241,364374,downballot/pres_2020_by_2022_lines.csv
2022,2908,MO-08,2020,23.61,74.96,51.35,86552,274779,366570,downballot/pres_2020_by_2022_lines.csv
2022,2801,MS-01,2020,33.42,65.11,31.69,111535,217291,333728,downballot/pres_2020_by_2022_lines.csv
2022,2802,MS-02,2020,62.46,36.37,-26.09,208159,121206,333247,downballot/pres_2020_by_2022_lines.csv
2022,2803,MS-03,2020,37.21,61.54,24.33,128386,212321,345011,downballot/pres_2020_by_2022_lines.csv
2022,2804,MS-04,2020,30.26,68.25,37.98,91318,205946,301772,downballot/pres_2020_by_2022_lines.csv
2022,3001,MT-01,2020,45.3,52.18,6.88,143417,165189,316603,downballot/pres_2020_by_2022_lines.csv
2022,3002,MT-02,2020,35.32,62.16,26.84,101369,178413,287037,downballot/pres_2020_by_2022_lines.csv
2022,3701,NC-01,2020,53.19,45.89,-7.3,208362,179762,391721,downballot/pres_2020_by_2022_lines.csv
2022,3702,NC-02,2020,63.6,34.83,-28.77,264326,144747,415588,downballot/pres_2020_by_2022_lines.csv
2022,3703,NC-03,2020,36.66,62.02,25.36,134418,227413,366703,downballot/pres_2020_by_2022_lines.csv
2022,3704,NC-04,2020,66.95,31.87,-35.08,270350,128689,403834,downballot/pres_2020_by_2022_lines.csv
2022,3705,NC-05,2020,38.77,60.07,21.3,156406,242318,403376,downballot/pres_2020_by_2022_lines.csv
2022,3706,NC-06,2020,55.63,43.22,-12.41,217771,169196,391460,downballot/pres_2020_by_2022_lines.csv
2022,3707,NC-07,2020,43.05,55.79,12.74,175561,227500,407784,downballot/pres_2020_by_2022_lines.csv
2022,3708,NC-08,2020,32.4,66.49,34.09,127233,261100,392695,downballot/pres_2020_by_2022_lines.csv
2022,3709,NC-09,2020,45.35,53.33,7.98,161394,189812,355924,downballot/pres_2020_by_2022_lines.csv
2022,3710,NC-10,2020,29.7,69.24,39.54,117768,274564,396532,downballot/pres_2020_by_2022_lines.csv
2022,3711,NC-11,2020,44.25,54.41,10.16,192266,236408,434463,downballot/pres_2020_by_2022_lines.csv
2022,3712,NC-12,2020,64.42,34.25,-30.18,235499,125190,365540,downballot/pres_2020_by_2022_lines.csv
2022,3713,NC-13,2020,50.1,48.41,-1.7,198303,191581,395781,downballot/pres_2020_by_2022_lines.csv
2022,3714,NC-14,2020,57.5,41.09,-16.41,224581,160492,390605,downballot/pres_2020_by_2022_lines.csv
2022,3801,ND-01,2020,31.93,65.46,33.54,114902,235595,359890,downballot/pres_2020_by_2022_lines.csv
2022,3101,NE-01,2020,43.28,54.34,11.06,136956,171957,316440,downballot/pres_2020_by_2022_lines.csv
2022,3102,NE-02,2020,52.16,45.83,-6.33,163239,143429,312940,downballot/pres_2020_by_2022_lines.csv
2022,3103,NE-03,2020,23.08,74.91,51.83,74388,241459,322332,downballot/pres_2020_by_2022_lines.csv
2022,3301,NH-01,2020,52.16,46.23,-5.93,210310,186410,403198,downballot/pres_2020_by_2022_lines.csv
2022,3302,NH-02,2020,53.57,44.74,-8.83,214627,179250,400635,downballot/pres_2020_by_2022_lines.csv
2022,3401,NJ-01,2020,61.54,37.11,-24.43,247693,149375,402495,downballot/pres_2020_by_2022_lines.csv
2022,3402,NJ-02,2020,46.89,51.8,4.92,192481,212664,410535,downballot/pres_2020_by_2022_lines.csv
2022,3403,NJ-03,2020,56.34,42.35,-14.0,248284,186603,440666,downballot/pres_2020_by_2022_lines.csv
2022,3404,NJ-04,2020,38.13,60.57,22.43,163106,259059,427724,downballot/pres_2020_by_2022_lines.csv
2022,3405,NJ-05,2020,55.57,43.17,-12.4,240209,186611,432269,downballot/pres_2020_by_2022_lines.csv
2022,3406,NJ-06,2020,58.97,39.73,-19.25,197825,133268,335439,downballot/pres_2020_by_2022_lines.csv
2022,3407,NJ-07,2020,51.12,47.26,-3.86,235951,218151,461600,downballot/pres_2020_by_2022_lines.csv
2022,3408,NJ-08,2020,72.14,26.81,-45.33,173894,64633,241039,downballot/pres_2020_by_2022_lines.csv
2022,3409,NJ-09,2020,58.92,40.01,-18.9,185603,126054,315019,downballot/pres_2020_by_2022_lines.csv
2022,3410,NJ-10,2020,80.62,18.57,-62.04,234076,53928,290354,downballot/pres_2020_by_2022_lines.csv
2022,3411,NJ-11,2020,57.84,40.91,-16.93,252859,178835,437161,downballot/pres_2020_by_2022_lines.csv
2022,3412,NJ-12,2020,66.57,32.13,-34.43,236355,114094,355052,downballot/pres_2020_by_2022_lines.csv
2022,3501,NM-01,2020,55.95,41.5,-14.44,201158,149225,359557,downballot/pres_2020_by_2022_lines.csv
2022,3502,NM-02,2020,51.93,46.05,-5.88,137449,121889,264675,downballot/pres_2020_by_2022_lines.csv
2022,3503,NM-03,2020,54.38,43.63,-10.75,163007,130780,299733,downballot/pres_2020_by_2022_lines.csv
2022,3201,NV-01,2020,53.23,44.71,-8.53,172621,144973,324286,downballot/pres_2020_by_2022_lines.csv
2022,3202,NV-02,2020,43.05,54.07,11.02,173063,217348,401970,downballot/pres_2020_by_2022_lines.csv
2022,3203,NV-03,2020,52.38,45.74,-6.64,190167,166069,363064,downballot/pres_2020_by_2022_lines.csv
2022,3204,NV-04,2020,53.04,44.77,-8.27,167635,141501,316056,downballot/pres_2020_by_2022_lines.csv
2022,3601,NY-01,2020,49.5,49.29,-0.21,212149,211235,428545,downballot/pres_2020_by_2022_lines.csv
2022,3602,NY-02,2020,48.66,50.16,1.5,175559,180971,360808,downballot/pres_2020_by_2022_lines.csv
2022,3603,NY-03,2020,53.6,45.43,-8.17,213371,180840,398089,downballot/pres_2020_by_2022_lines.csv
2022,3604,NY-04,2020,56.76,42.22,-14.54,223911,166541,394490,downballot/pres_2020_by_2022_lines.csv
2022,3605,NY-05,2020,80.9,18.53,-62.37,216606,49624,267734,downballot/pres_2020_by_2022_lines.csv
2022,3606,NY-06,2020,64.74,34.42,-30.31,155614,82742,240384,downballot/pres_2020_by_2022_lines.csv
2022,3607,NY-07,2020,80.84,18.22,-62.62,207220,46703,256319,downballot/pres_2020_by_2022_lines.csv
2022,3608,NY-08,2020,76.27,23.07,-53.2,195053,59000,255728,downballot/pres_2020_by_2022_lines.csv
2022,3609,NY-09,2020,75.44,23.88,-51.55,202874,64228,268938,downballot/pres_2020_by_2022_lines.csv
2022,3610,NY-10,2020,85.12,13.88,-71.24,244521,39875,287258,downballot/pres_2020_by_2022_lines.csv
2022,3611,NY-11,2020,45.72,53.36,7.64,134699,157207,294599,downballot/pres_2020_by_2022_lines.csv
2022,3612,NY-12,2020,85.2,13.82,-71.38,291127,47209,341717,downballot/pres_2020_by_2022_lines.csv
2022,3613,NY-13,2020,88.12,11.08,-77.04,242303,30463,274962,downballot/pres_2020_by_2022_lines.csv
2022,3614,NY-14,2020,77.91,21.34,-56.56,181167,49634,232540,downballot/pres_2020_by_2022_lines.csv
2022,3615,NY-15,2020,84.67,14.7,-69.97,182738,31734,215823,downballot/pres_2020_by_2022_lines.csv
2022,3616,NY-16,2020,71.37,27.67,-43.7,233157,90387,326671,downballot/pres_2020_by_2022_lines.csv
2022,3617,NY-17,2020,54.47,44.41,-10.06,210394,171537,386274,downballot/pres_2020_by_2022_lines.csv
2022,3618,NY-18,2020,53.41,45.04,-8.36,193329,163061,362004,downballot/pres_2020_by_2022_lines.csv
2022,3619,NY-19,2020,51.3,46.68,-4.63,193524,176069,377209,downballot/pres_2020_by_2022_lines.csv
2022,3620,NY-20,2020,58.56,39.39,-19.17,225895,151958,385749,downballot/pres_2020_by_2022_lines.csv
2022,3621,NY-21,2020,42.83,55.21,12.38,156072,201174,364399,downballot/pres_2020_by_2022_lines.csv
2022,3622,NY-22,2020,52.65,45.19,-7.45,195813,168087,371937,downballot/pres_2020_by_2022_lines.csv
2022,3623,NY-23,2020,40.42,57.63,17.21,162324,231453,401627,downballot/pres_2020_by_2022_lines.csv
2022,3624,NY-24,2020,40.26,57.46,17.2,150948,215448,374957,downballot/pres_2020_by_2022_lines.csv
2022,3625,NY-25,2020,58.77,39.07,-19.7,228228,151739,388338,downballot/pres_2020_by_2022_lines.csv
2022,3626,NY-26,2020,60.81,37.42,-23.4,216297,133086,355672,downballot/pres_2020_by_2022_lines.csv
2022,3901,OH-01,2020,53.46,45.01,-8.46,220131,185305,411737,downballot/pres_2020_by_2022_lines.csv
2022,3902,OH-02,2020,26.65,72.01,45.36,100787,272326,378189,downballot/pres_2020_by_2022_lines.csv
2022,3903,OH-03,2020,71.14,27.37,-43.76,271653,104526,381877,downballot/pres_2020_by_2022_lines.csv
2022,3904,OH-04,2020,31.38,67.05,35.67,125753,268732,400793,downballot/pres_2020_by_2022_lines.csv
2022,3905,OH-05,2020,35.83,62.62,26.8,142103,248389,396658,downballot/pres_2020_by_2022_lines.csv
2022,3906,OH-06,2020,34.96,63.68,28.72,139489,254100,399031,downballot/pres_2020_by_2022_lines.csv
2022,3907,OH-07,2020,44.79,54.01,9.22,192588,232245,429982,downballot/pres_2020_by_2022_lines.csv
2022,3908,OH-08,2020,38.26,60.29,22.02,153374,241662,400865,downballot/pres_2020_by_2022_lines.csv
2022,3909,OH-09,2020,47.69,50.61,2.92,186080,197465,390202,downballot/pres_2020_by_2022_lines.csv
2022,3910,OH-10,2020,47.39,50.91,3.52,185657,199447,391739,downballot/pres_2020_by_2022_lines.csv
2022,3911,OH-11,2020,78.28,20.68,-57.6,280537,74103,358397,downballot/pres_2020_by_2022_lines.csv
2022,3912,OH-12,2020,33.8,64.67,30.87,131512,251592,389032,downballot/pres_2020_by_2022_lines.csv
2022,3913,OH-13,2020,50.7,47.88,-2.82,205953,194497,406190,downballot/pres_2020_by_2022_lines.csv
2022,3914,OH-14,2020,41.86,56.8,14.94,172806,234505,412862,downballot/pres_2020_by_2022_lines.csv
2022,3915,OH-15,2020,45.8,52.56,6.76,170743,195940,372828,downballot/pres_2020_by_2022_lines.csv
2022,4001,OK-01,2020,38.04,59.39,21.35,121877,190291,320384,downballot/pres_2020_by_2022_lines.csv
2022,4002,OK-02,2020,22.39,75.77,53.38,71996,243602,321500,downballot/pres_2020_by_2022_lines.csv
2022,4003,OK-03,2020,26.54,71.17,44.63,72507,194433,273182,downballot/pres_2020_by_2022_lines.csv
2022,4004,OK-04,2020,32.98,64.6,31.62,101711,199240,308407,downballot/pres_2020_by_2022_lines.csv
2022,4005,OK-05,2020,40.27,57.15,16.88,135799,192715,337226,downballot/pres_2020_by_2022_lines.csv
2022,4101,OR-01,2020,68.39,29.07,-39.32,268141,113977,392100,downballot/pres_2020_by_2022_lines.csv
2022,4102,OR-02,2020,36.61,61.05,24.44,139315,232311,380527,downballot/pres_2020_by_2022_lines.csv
2022,4103,OR-03,2020,72.54,25.23,-47.31,280510,97552,386700,downballot/pres_2020_by_2022_lines.csv
2022,4104,OR-04,2020,55.06,42.33,-12.74,224343,172448,407431,downballot/pres_2020_by_2022_lines.csv
2022,4105,OR-05,2020,53.22,44.35,-8.87,225723,188094,424112,downballot/pres_2020_by_2022_lines.csv
2022,4106,OR-06,2020,55.23,42.05,-13.18,202351,154067,366361,downballot/pres_2020_by_2022_lines.csv
2022,4201,PA-01,2020,51.79,47.15,-4.64,241484,219852,466243,downballot/pres_2020_by_2022_lines.csv
2022,4202,PA-02,2020,70.99,28.25,-42.74,221374,88089,311819,downballot/pres_2020_by_2022_lines.csv
2022,4203,PA-03,2020,90.15,9.26,-80.89,357581,36721,396651,downballot/pres_2020_by_2022_lines.csv
2022,4204,PA-04,2020,58.92,39.99,-18.93,269159,182686,456857,downballot/pres_2020_by_2022_lines.csv
2022,4205,PA-05,2020,65.71,33.43,-32.28,276153,140480,420263,downballot/pres_2020_by_2022_lines.csv
2022,4206,PA-06,2020,56.76,42.04,-14.71,235154,174191,414329,downballot/pres_2020_by_2022_lines.csv
2022,4207,PA-07,2020,49.71,49.09,-0.62,197117,194660,396503,downballot/pres_2020_by_2022_lines.csv
2022,4208,PA-08,2020,48.04,50.94,2.91,183189,194267,381336,downballot/pres_2020_by_2022_lines.csv
2022,4209,PA-09,2020,31.01,67.54,36.53,119969,261281,386871,downballot/pres_2020_by_2022_lines.csv
2022,4210,PA-10,2020,47.21,51.34,4.13,188632,205148,399568,downballot/pres_2020_by_2022_lines.csv
2022,4211,PA-11,2020,38.62,59.87,21.26,153327,237723,397039,downballot/pres_2020_by_2022_lines.csv
2022,4212,PA-12,2020,59.42,39.47,-19.95,255322,169617,429696,downballot/pres_2020_by_2022_lines.csv
2022,4213,PA-13,2020,26.79,72.01,45.22,107198,288121,400132,downballot/pres_2020_by_2022_lines.csv
2022,4214,PA-14,2020,33.71,65.21,31.5,138892,268695,412038,downballot/pres_2020_by_2022_lines.csv
2022,4215,PA-15,2020,30.81,67.83,37.02,119459,263001,387754,downballot/pres_2020_by_2022_lines.csv
2022,4216,PA-16,2020,39.03,59.67,20.64,158730,242664,406695,downballot/pres_2020_by_2022_lines.csv
2022,4217,PA-17,2020,52.3,46.47,-5.83,237707,211205,454479,downballot/pres_2020_by_2022_lines.csv
2022,4401,RI-01,2020,63.82,34.72,-29.09,152956,83225,239685,downballot/pres_2020_by_2022_lines.csv
2022,4402,RI-02,2020,56.13,42.39,-13.74,154530,116697,275313,downballot/pres_2020_by_2022_lines.csv
2022,4501,SC-01,2020,44.85,53.48,8.63,171781,204848,383006,downballot/pres_2020_by_2022_lines.csv
2022,4502,SC-02,2020,43.93,54.51,10.58,161002,199780,366492,downballot/pres_2020_by_2022_lines.csv
2022,4503,SC-03,2020,30.56,68.03,37.47,106461,236981,348346,downballot/pres_2020_by_2022_lines.csv
2022,4504,SC-04,2020,39.81,58.36,18.55,138171,202545,347082,downballot/pres_2020_by_2022_lines.csv
2022,4505,SC-05,2020,40.24,58.42,18.17,147073,213484,365450,downballot/pres_2020_by_2022_lines.csv
2022,4506,SC-06,2020,65.34,33.23,-32.11,219768,111769,336352,downballot/pres_2020_by_2022_lines.csv
2022,4507,SC-07,2020,40.18,58.84,18.66,147285,215696,366601,downballot/pres_2020_by_2022_lines.csv
2022,4601,SD-01,2020,35.61,61.77,26.16,150471,261043,422609,downballot/pres_2020_by_2022_lines.csv
2022,4701,TN-01,2020,22.04,76.28,54.24,74136,256544,336324,downballot/pres_2020_by_2022_lines.csv
2022,4702,TN-02,2020,34.44,63.66,29.22,122695,226798,356264,downballot/pres_2020_by_2022_lines.csv
2022,4703,TN-03,2020,33.14,65.05,31.91,115371,226469,348163,downballot/pres_2020_by_2022_lines.csv
2022,4704,TN-04,2020,30.21,67.95,37.74,98034,220498,324523,downballot/pres_2020_by_2022_lines.csv
2022,4705,TN-05,2020,43.22,54.51,11.29,157606,198784,364675,downballot/pres_2020_by_2022_lines.csv
2022,4706,TN-06,2020,34.5,63.63,29.14,120181,221681,348370,downballot/pres_2020_by_2022_lines.csv
2022,4707,TN-07,2020,41.29,56.42,15.13,135634,185342,328513,downballot/pres_2020_by_2022_lines.csv
2022,4708,TN-08,2020,30.63,67.93,37.3,110189,244389,359751,downballot/pres_2020_by_2022_lines.csv
2022,4709,TN-09,2020,73.28,25.13,-48.15,209865,71971,286406,downballot/pres_2020_by_2022_lines.csv
2022,4801,TX-01,2020,26.49,72.39,45.9,86340,235935,325932,downballot/pres_2020_by_2022_lines.csv
2022,4802,TX-02,2020,37.92,60.69,22.77,121722,194830,321027,downballot/pres_2020_by_2022_lines.csv
2022,4803,TX-03,2020,42.03,56.45,14.42,152283,204522,362332,downballot/pres_2020_by_2022_lines.csv
2022,4804,TX-04,2020,36.39,62.35,25.96,125331,214733,344380,downballot/pres_2020_by_2022_lines.csv
2022,4805,TX-05,2020,38.17,60.6,22.43,113821,180707,298176,downballot/pres_2020_by_2022_lines.csv
2022,4806,TX-06,2020,37.39,61.35,23.96,105417,172963,281938,downballot/pres_2020_by_2022_lines.csv
2022,4807,TX-07,2020,64.21,34.47,-29.75,179327,96257,279261,downballot/pres_2020_by_2022_lines.csv
2022,4808,TX-08,2020,35.77,62.96,27.19,111737,196658,312347,downballot/pres_2020_by_2022_lines.csv
2022,4809,TX-09,2020,76.19,22.75,-53.44,195428,58355,256506,downballot/pres_2020_by_2022_lines.csv
2022,4810,TX-10,2020,39.78,58.56,18.79,135094,198897,339628,downballot/pres_2020_by_2022_lines.csv
2022,4811,TX-11,2020,29.1,69.46,40.35,77977,186084,267919,downballot/pres_2020_by_2022_lines.csv
2022,4812,TX-12,2020,40.12,58.25,18.13,130235,189089,324606,downballot/pres_2020_by_2022_lines.csv
2022,4813,TX-13,2020,26.46,71.95,45.49,79206,215372,299331,downballot/pres_2020_by_2022_lines.csv
2022,4814,TX-14,2020,35.03,63.57,28.54,110036,199675,314088,downballot/pres_2020_by_2022_lines.csv
2022,4815,TX-15,2020,48.08,50.96,2.88,109177,115722,227089,downballot/pres_2020_by_2022_lines.csv
2022,4816,TX-16,2020,66.95,31.52,-35.43,163505,76976,244212,downballot/pres_2020_by_2022_lines.csv
2022,4817,TX-17,2020,37.99,60.54,22.54,114751,182847,302045,downballot/pres_2020_by_2022_lines.csv
2022,4818,TX-18,2020,73.6,25.05,-48.55,177368,60370,240982,downballot/pres_2020_by_2022_lines.csv
2022,4819,TX-19,2020,26.17,72.41,46.24,73174,202461,279621,downballot/pres_2020_by_2022_lines.csv
2022,4820,TX-20,2020,65.75,32.65,-33.1,172367,85595,262144,downballot/pres_2020_by_2022_lines.csv
2022,4821,TX-21,2020,39.42,59.12,19.7,164213,246263,416581,downballot/pres_2020_by_2022_lines.csv
2022,4822,TX-22,2020,41.32,57.37,16.04,138254,191937,334585,downballot/pres_2020_by_2022_lines.csv
2022,4823,TX-23,2020,45.76,52.95,7.19,134552,155681,294019,downballot/pres_2020_by_2022_lines.csv
2022,4824,TX-24,2020,43.03,55.38,12.34,168124,216345,390681,downballot/pres_2020_by_2022_lines.csv
2022,4825,TX-25,2020,33.76,64.91,31.16,112309,215979,332712,downballot/pres_2020_by_2022_lines.csv
2022,4826,TX-26,2020,40.01,58.56,18.55,144823,211963,361989,downballot/pres_2020_by_2022_lines.csv
2022,4827,TX-27,2020,38.13,60.56,22.43,109720,174253,287748,downballot/pres_2020_by_2022_lines.csv
2022,4828,TX-28,2020,52.9,45.85,-7.04,131726,114184,249012,downballot/pres_2020_by_2022_lines.csv
2022,4829,TX-29,2020,67.78,31.04,-36.73,118450,54253,174765,downballot/pres_2020_by_2022_lines.csv
2022,4830,TX-30,2020,77.76,21.02,-56.74,217199,58708,279332,downballot/pres_2020_by_2022_lines.csv
2022,4831,TX-31,2020,38.95,59.21,20.25,133165,202406,341869,downballot/pres_2020_by_2022_lines.csv
2022,4832,TX-32,2020,65.65,32.69,-32.97,172823,86040,263239,downballot/pres_2020_by_2022_lines.csv
2022,4833,TX-33,2020,74.25,24.35,-49.89,139290,45685,187606,downballot/pres_2020_by_2022_lines.csv
2022,4834,TX-34,2020,57.3,41.75,-15.55,116856,85153,203935,downballot/pres_2020_by_2022_lines.csv
2022,4835,TX-35,2020,71.69,26.46,-45.24,187900,69342,262092,downballot/pres_2020_by_2022_lines.csv
2022,4836,TX-36,2020,33.58,65.17,31.58,102316,198540,304672,downballot/pres_2020_by_2022_lines.csv
2022,4837,TX-37,2020,75.49,22.67,-52.82,289226,86849,383154,downballot/pres_2020_by_2022_lines.csv
2022,4838,TX-38,2020,40.24,58.37,18.13,143907,208722,357580,downballot/pres_2020_by_2022_lines.csv
2022,4901,UT-01,2020,37.95,57.82,19.87,142221,216685,374776,downballot/pres_2020_by_2022_lines.csv
2022,4902,UT-02,2020,39.55,56.68,17.13,143194,205210,362061,downballot/pres_2020_by_2022_lines.csv
2022,4903,UT-03,2020,38.27,57.49,19.23,149658,224849,391105,downballot/pres_2020_by_2022_lines.csv
2022,4904,UT-04,2020,34.81,60.71,25.9,125210,218396,359735,downballot/pres_2020_by_2022_lines.csv
2022,5101,VA-01,2020,46.17,52.35,6.18,215574,244413,466892,downballot/pres_2020_by_2022_lines.csv
2022,5102,VA-02,2020,50.11,48.2,-1.92,201896,194173,402884,downballot/pres_2020_by_2022_lines.csv
2022,5103,VA-03,2020,68.34,29.97,-38.36,230576,101134,337411,downballot/pres_2020_by_2022_lines.csv
2022,5104,VA-04,2020,67.21,31.53,-35.69,260886,122375,388140,downballot/pres_2020_by_2022_lines.csv
2022,5105,VA-05,2020,45.17,53.44,8.27,194989,230682,431686,downballot/pres_2020_by_2022_lines.csv
2022,5106,VA-06,2020,38.44,59.95,21.51,133543,208274,347395,downballot/pres_2020_by_2022_lines.csv
2022,5107,VA-07,2020,52.61,45.81,-6.8,204951,178472,389585,downballot/pres_2020_by_2022_lines.csv
2022,5108,VA-08,2020,77.35,21.33,-56.02,305118,84142,394439,downballot/pres_2020_by_2022_lines.csv
2022,5109,VA-09,2020,28.47,70.34,41.87,114163,282093,401051,downballot/pres_2020_by_2022_lines.csv
2022,5110,VA-10,2020,58.28,40.23,-18.06,238976,164941,410021,downballot/pres_2020_by_2022_lines.csv
2022,5111,VA-11,2020,69.95,28.67,-41.29,295688,121172,422707,downballot/pres_2020_by_2022_lines.csv
2022,5001,VT-01,2020,66.44,30.84,-35.6,242820,112704,365486,downballot/pres_2020_by_2022_lines.csv
2022,5301,WA-01,2020,63.97,33.34,-30.63,250877,130740,392183,downballot/pres_2020_by_2022_lines.csv
2022,5302,WA-02,2020,60.14,37.22,-22.93,263073,162798,437403,downballot/pres_2020_by_2022_lines.csv
2022,5303,WA-03,2020,46.63,50.83,4.2,196218,213902,420817,downballot/pres_2020_by_2022_lines.csv
2022,5304,WA-04,2020,40.28,57.23,16.95,130107,184863,323034,downballot/pres_2020_by_2022_lines.csv
2022,5305,WA-05,2020,43.55,53.51,9.97,180838,222224,415270,downballot/pres_2020_by_2022_lines.csv
2022,5306,WA-06,2020,57.1,39.89,-17.21,253641,177178,444191,downballot/pres_2020_by_2022_lines.csv
2022,5307,WA-07,2020,86.78,11.27,-75.51,395386,51351,455644,downballot/pres_2020_by_2022_lines.csv
2022,5308,WA-08,2020,52.04,45.32,-6.72,226804,197508,435843,downballot/pres_2020_by_2022_lines.csv
2022,5309,WA-09,2020,71.55,26.34,-45.2,255762,94177,357484,downballot/pres_2020_by_2022_lines.csv
2022,5310,WA-10,2020,57.31,39.61,-17.7,216906,149910,378511,downballot/pres_2020_by_2022_lines.csv
2022,5501,WI-01,2020,48.27,50.28,2.01,190050,197950,393706,downballot/pres_2020_by_2022_lines.csv
2022,5502,WI-02,2020,70.18,28.43,-41.75,310866,125928,442951,downballot/pres_2020_by_2022_lines.csv
2022,5503,WI-03,2020,46.79,51.47,4.68,185088,203589,395551,downballot/pres_2020_by_2022_lines.csv
2022,5504,WI-04,2020,75.92,22.85,-53.07,260145,78292,342657,downballot/pres_2020_by_2022_lines.csv
2022,5505,WI-05,2020,37.86,60.76,22.89,175986,282390,464784,downballot/pres_2020_by_2022_lines.csv
2022,5506,WI-06,2020,41.36,57.03,15.67,171949,237088,415757,downballot/pres_2020_by_2022_lines.csv
2022,5507,WI-07,2020,39.26,59.22,19.96,165850,250173,422463,downballot/pres_2020_by_2022_lines.csv
2022,5508,WI-08,2020,41.48,56.97,15.49,170932,234773,412078,downballot/pres_2020_by_2022_lines.csv
2022,5401,WV-01,2020,28.77,69.67,40.9,112947,273523,392576,downballot/pres_2020_by_2022_lines.csv
2022,5402,WV-02,2020,30.6,67.61,37.01,123037,271859,402076,downballot/pres_2020_by_2022_lines.csv
2022,5601,WY-01,2020,26.72,70.38,43.66,73491,193559,275026,downballot/pres_2020_by_2022_lines.csv
2022,1198,DC-AL,2020,92.15,5.4,-86.75,317323,18586,344356,house_statewide_results.csv (DC boundary is invariant)
2024,201,AK-01,2024,41.41,54.54,13.14,140026,184458,338177,house_statewide_results.csv
2024,101,AL-01,2024,21.97,76.96,54.99,73358,256976,333911,house_statewide_results.csv
2024,102,AL-02,2024,53.39,45.32,-8.07,155178,131721,290626,house_statewide_results.csv
2024,103,AL-03,2024,26.19,72.71,46.52,82862,230048,316410,house_statewide_results.csv
2024,104,AL-04,2024,16.34,82.65,66.31,52911,267661,323861,house_statewide_results.csv
2024,105,AL-05,2024,34.61,63.59,28.98,122382,224861,353600,house_statewide_results.csv
2024,106,AL-06,2024,29.7,68.64,38.94,104195,240772,350771,house_statewide_results.csv
2024,107,AL-07,2024,61.34,37.37,-23.98,181526,110577,295911,house_statewide_results.csv
2024,501,AR-01,2024,26.4,71.69,45.29,72183,196035,273446,house_statewide_results.csv
2024,502,AR-02,2024,41.03,56.56,15.53,131089,180710,319500,house_statewide_results.csv
2024,503,AR-03,2024,36.19,61.08,24.89,112073,189161,309672,house_statewide_results.csv
2024,504,AR-04,2024,29.12,69.03,39.91,81560,193335,280058,house_statewide_results.csv
2024,401,AZ-01,2024,47.97,51.08,3.11,216232,230237,450734,house_statewide_results.csv
2024,402,AZ-02,2024,42.01,56.98,14.97,174969,237306,416477,house_statewide_results.csv
2024,403,AZ-03,2024,69.19,29.44,-39.75,147522,62762,213222,house_statewide_results.csv
2024,404,AZ-04,2024,52.63,45.96,-6.67,182893,159723,347506,house_statewide_results.csv
2024,405,AZ-05,2024,39.47,59.45,19.98,175673,264571,445025,house_statewide_results.csv
2024,406,AZ-06,2024,49.08,49.83,0.75,216024,219323,440175,house_statewide_results.csv
2024,407,AZ-07,2024,60.48,38.35,-22.13,170352,108028,281685,house_statewide_results.csv
2024,408,AZ-08,2024,41.37,57.7,16.33,162183,226186,392023,house_statewide_results.csv
2024,409,AZ-09,2024,34.04,65.12,31.08,137012,262106,402472,house_statewide_results.csv
2024,601,CA-01,2024,36.13,61.07,24.94,118071,199592,326816,house_statewide_results.csv
2024,602,CA-02,2024,70.89,25.71,-45.18,276666,100337,390252,house_statewide_results.csv
2024,603,CA-03,2024,46.53,50.33,3.8,201872,218348,433846,house_statewide_results.csv
2024,604,CA-04,2024,64.04,32.81,-31.23,225098,115327,351475,house_statewide_results.csv
2024,605,CA-05,2024,39.87,57.58,17.71,151656,219017,380401,house_statewide_results.csv
2024,606,CA-06,2024,55.23,41.36,-13.87,166456,124649,301388,house_statewide_results.csv
2024,607,CA-07,2024,63.1,33.35,-29.75,195089,103105,309169,house_statewide_results.csv
2024,608,CA-08,2024,70.17,26.56,-43.61,199908,75663,284892,house_statewide_results.csv
2024,609,CA-09,2024,47.61,49.37,1.76,122864,127413,258084,house_statewide_results.csv
2024,610,CA-10,2024,65.22,31.41,-33.81,247144,119032,378934,house_statewide_results.csv
2024,611,CA-11,2024,81.8,14.08,-67.72,295462,50870,361181,house_statewide_results.csv
2024,612,CA-12,2024,84.53,10.64,-73.9,269134,33869,318372,house_statewide_results.csv
2024,613,CA-13,2024,46.01,51.33,5.32,100315,111921,218041,house_statewide_results.csv
2024,614,CA-14,2024,65.78,30.35,-35.43,191247,88243,290733,house_statewide_results.csv
2024,615,CA-15,2024,72.19,24.3,-47.89,220581,74238,305556,house_statewide_results.csv
2024,616,CA-16,2024,72.47,23.95,-48.52,249290,82378,343983,house_statewide_results.csv
2024,617,CA-17,2024,66.75,28.85,-37.9,176367,76220,264215,house_statewide_results.csv
2024,618,CA-18,2024,63.19,33.68,-29.51,149243,79554,236193,house_statewide_results.csv
2024,619,CA-19,2024,65.44,31.05,-34.39,246335,116873,376406,house_statewide_results.csv
2024,620,CA-20,2024,33.69,64.01,30.32,110593,210143,328291,house_statewide_results.csv
2024,621,CA-21,2024,50.6,46.78,-3.83,101183,93534,199962,house_statewide_results.csv
2024,622,CA-22,2024,45.8,51.57,5.77,79316,89307,173170,house_statewide_results.csv
2024,623,CA-23,2024,40.25,57.08,16.83,110233,156309,273840,house_statewide_results.csv
2024,624,CA-24,2024,60.97,35.92,-25.05,214429,126327,351723,house_statewide_results.csv
2024,625,CA-25,2024,50.07,47.6,-2.47,125439,119250,250551,house_statewide_results.csv
2024,626,CA-26,2024,55.18,41.99,-13.19,190714,145126,345593,house_statewide_results.csv
2024,627,CA-27,2024,50.48,46.57,-3.9,157116,144967,311267,house_statewide_results.csv
2024,628,CA-28,2024,61.81,34.85,-26.96,204234,115164,330410,house_statewide_results.csv
2024,629,CA-29,2024,65.84,31.03,-34.8,154251,72704,234298,house_statewide_results.csv
2024,630,CA-30,2024,68.81,27.75,-41.06,233113,94014,338770,house_statewide_results.csv
2024,631,CA-31,2024,56.95,40.04,-16.91,151512,106527,266051,house_statewide_results.csv
2024,632,CA-32,2024,64.21,32.86,-31.35,224333,114805,349352,house_statewide_results.csv
2024,633,CA-33,2024,52.94,44.16,-8.78,128926,107553,243550,house_statewide_results.csv
2024,634,CA-34,2024,73.06,22.42,-50.64,156727,48089,214522,house_statewide_results.csv
2024,635,CA-35,2024,53.67,43.39,-10.28,130916,105838,243927,house_statewide_results.csv
2024,636,CA-36,2024,67.92,28.81,-39.1,261900,111111,385607,house_statewide_results.csv
2024,637,CA-37,2024,78.66,18.27,-60.39,184949,42949,235123,house_statewide_results.csv
2024,638,CA-38,2024,56.49,40.4,-16.08,166547,119129,294851,house_statewide_results.csv
2024,639,CA-39,2024,53.31,43.62,-9.69,125904,103010,236170,house_statewide_results.csv
2024,640,CA-40,2024,47.18,49.49,2.31,184629,193658,391294,house_statewide_results.csv
2024,641,CA-41,2024,45.75,51.65,5.9,165816,187206,362476,house_statewide_results.csv
2024,642,CA-42,2024,64.48,32.04,-32.43,159936,79485,248048,house_statewide_results.csv
2024,643,CA-43,2024,72.88,23.91,-48.97,162810,53414,223391,house_statewide_results.csv
2024,644,CA-44,2024,65.33,31.51,-33.82,164011,79110,251040,house_statewide_results.csv
2024,645,CA-45,2024,49.29,47.75,-1.54,159788,154805,324170,house_statewide_results.csv
2024,646,CA-46,2024,57.33,39.59,-17.74,125117,86405,218247,house_statewide_results.csv
2024,647,CA-47,2024,50.33,46.16,-4.17,182471,167342,362527,house_statewide_results.csv
2024,648,CA-48,2024,41.12,56.42,15.3,152739,209567,371472,house_statewide_results.csv
2024,649,CA-49,2024,52.46,44.71,-7.75,202121,172262,385279,house_statewide_results.csv
2024,650,CA-50,2024,63.11,33.55,-29.57,234982,124903,372323,house_statewide_results.csv
2024,651,CA-51,2024,60.22,36.72,-23.5,204027,124411,338799,house_statewide_results.csv
2024,652,CA-52,2024,59.27,38.09,-21.18,159462,102468,269031,house_statewide_results.csv
2024,801,CO-01,2024,76.61,20.6,-56.01,280662,75479,366354,house_statewide_results.csv
2024,802,CO-02,2024,68.46,28.7,-39.76,295692,123973,431937,house_statewide_results.csv
2024,803,CO-03,2024,43.88,53.61,9.73,178501,218065,406766,house_statewide_results.csv
2024,804,CO-04,2024,39.63,57.87,18.24,182901,267114,461578,house_statewide_results.csv
2024,805,CO-05,2024,44.08,53.16,9.08,165522,199615,375473,house_statewide_results.csv
2024,806,CO-06,2024,58.42,38.66,-19.77,210533,139305,360369,house_statewide_results.csv
2024,807,CO-07,2024,56.07,41.09,-14.98,249924,183164,445768,house_statewide_results.csv
2024,808,CO-08,2024,47.73,49.56,1.83,164426,170726,344500,house_statewide_results.csv
2024,901,CT-01,2024,60.59,37.71,-22.87,208405,129726,343967,house_statewide_results.csv
2024,902,CT-02,2024,53.01,45.29,-7.72,206112,176080,388818,house_statewide_results.csv
2024,903,CT-03,2024,56.05,41.99,-14.05,191831,143737,342278,house_statewide_results.csv
2024,904,CT-04,2024,60.89,37.53,-23.35,206080,127034,338459,house_statewide_results.csv
2024,905,CT-05,2024,51.99,46.41,-5.59,179769,160447,345747,house_statewide_results.csv
2024,1198,DC-AL,2024,90.28,6.47,-83.81,294185,21076,325869,house_statewide_results.csv
2024,1001,DE-01,2024,56.49,41.79,-14.7,289758,214351,512912,house_statewide_results.csv
2024,1201,FL-01,2024,30.77,67.75,36.98,130047,286312,422612,house_statewide_results.csv
2024,1202,FL-02,2024,40.27,58.34,18.07,166349,241011,413134,house_statewide_results.csv
2024,1203,FL-03,2024,38.85,59.84,20.98,155705,239803,400758,house_statewide_results.csv
2024,1204,FL-04,2024,43.4,55.2,11.8,173074,220114,398747,house_statewide_results.csv
2024,1205,FL-05,2024,38.51,59.85,21.34,169106,262791,439074,house_statewide_results.csv
2024,1206,FL-06,2024,34.48,64.47,29.99,152600,285318,442572,house_statewide_results.csv
2024,1207,FL-07,2024,43.02,55.44,12.42,184389,237638,428617,house_statewide_results.csv
2024,1208,FL-08,2024,38.19,60.43,22.24,177212,280407,463982,house_statewide_results.csv
2024,1209,FL-09,2024,51.01,47.51,-3.5,170044,158369,333373,house_statewide_results.csv
2024,1210,FL-10,2024,60.44,37.82,-22.61,182937,114482,302699,house_statewide_results.csv
2024,1211,FL-11,2024,41.26,57.46,16.2,189140,263392,458409,house_statewide_results.csv
2024,1212,FL-12,2024,32.2,66.66,34.46,143215,296459,444744,house_statewide_results.csv
2024,1213,FL-13,2024,43.41,55.22,11.81,182362,231968,420068,house_statewide_results.csv
2024,1214,FL-14,2024,53.01,45.37,-7.63,190432,163008,359251,house_statewide_results.csv
2024,1215,FL-15,2024,43.5,54.65,11.14,155660,195534,357804,house_statewide_results.csv
2024,1216,FL-16,2024,41.66,57.06,15.4,177608,243281,426337,house_statewide_results.csv
2024,1217,FL-17,2024,37.54,61.38,23.84,175936,287668,468654,house_statewide_results.csv
2024,1218,FL-18,2024,34.8,64.11,29.31,124298,229002,357188,house_statewide_results.csv
2024,1219,FL-19,2024,34.93,63.97,29.04,150318,275293,430375,house_statewide_results.csv
2024,1220,FL-20,2024,69.16,29.67,-39.49,207879,89175,300589,house_statewide_results.csv
2024,1221,FL-21,2024,41.19,57.69,16.5,188590,264118,457836,house_statewide_results.csv
2024,1222,FL-22,2024,52.17,46.62,-5.55,197055,176083,377695,house_statewide_results.csv
2024,1223,FL-23,2024,50.32,48.42,-1.9,195655,188273,388824,house_statewide_results.csv
2024,1224,FL-24,2024,64.38,34.43,-29.95,191109,102192,296849,house_statewide_results.csv
2024,1225,FL-25,2024,51.99,46.68,-5.31,183992,165194,353908,house_statewide_results.csv
2024,1226,FL-26,2024,32.12,66.98,34.86,101603,211879,316315,house_statewide_results.csv
2024,1227,FL-27,2024,42.12,56.73,14.61,142906,192461,339254,house_statewide_results.csv
2024,1228,FL-28,2024,36.87,62.21,25.34,123817,208901,335798,house_statewide_results.csv
2024,1301,GA-01,2024,41.81,57.64,15.83,152157,209766,363903,house_statewide_results.csv
2024,1302,GA-02,2024,53.61,45.99,-7.63,169767,145620,316657,house_statewide_results.csv
2024,1303,GA-03,2024,34.85,64.56,29.7,145846,270151,418466,house_statewide_results.csv
2024,1304,GA-04,2024,75.71,23.23,-52.48,234107,71829,309227,house_statewide_results.csv
2024,1305,GA-05,2024,85.28,13.7,-71.59,300220,48212,352020,house_statewide_results.csv
2024,1306,GA-06,2024,74.56,24.63,-49.93,280228,92564,375844,house_statewide_results.csv
2024,1307,GA-07,2024,38.43,60.45,22.02,166107,261295,432225,house_statewide_results.csv
2024,1308,GA-08,2024,34.48,65.11,30.63,119189,225077,345695,house_statewide_results.csv
2024,1309,GA-09,2024,32.59,66.66,34.07,130883,267731,401625,house_statewide_results.csv
2024,1310,GA-10,2024,39.29,60.09,20.81,162653,248788,413992,house_statewide_results.csv
2024,1311,GA-11,2024,37.88,61.18,23.3,159375,257408,420715,house_statewide_results.csv
2024,1312,GA-12,2024,42.69,56.82,14.13,148916,198212,348841,house_statewide_results.csv
2024,1313,GA-13,2024,70.67,28.41,-42.26,257798,103643,364772,house_statewide_results.csv
2024,1314,GA-14,2024,31.28,68.07,36.79,120771,262821,386084,house_statewide_results.csv
2024,1501,HI-01,2024,61.5,36.77,-24.73,153039,91498,248840,house_statewide_results.csv
2024,1502,HI-02,2024,59.73,38.14,-21.59,160005,102163,267861,house_statewide_results.csv
2024,1901,IA-01,2024,44.86,53.29,8.43,190502,226309,424688,house_statewide_results.csv
2024,1902,IA-02,2024,44.15,54.11,9.95,186017,227941,421282,house_statewide_results.csv
2024,1903,IA-03,2024,46.94,51.33,4.39,199043,217645,424026,house_statewide_results.csv
2024,1904,IA-04,2024,33.47,64.83,31.36,131716,255124,393510,house_statewide_results.csv
2024,1601,ID-01,2024,26.24,71.29,45.05,126556,343893,482392,house_statewide_results.csv
2024,1602,ID-02,2024,35.11,61.83,26.72,148416,261353,422665,house_statewide_results.csv
2024,1701,IL-01,2024,64.79,33.18,-31.61,213695,109427,329810,house_statewide_results.csv
2024,1702,IL-02,2024,65.63,32.62,-33.01,196546,97680,299486,house_statewide_results.csv
2024,1703,IL-03,2024,63.93,33.07,-30.86,171937,88946,268964,house_statewide_results.csv
2024,1704,IL-04,2024,62.77,34.71,-28.06,134061,74126,213559,house_statewide_results.csv
2024,1705,IL-05,2024,67.31,30.56,-36.74,253925,115297,377272,house_statewide_results.csv
2024,1706,IL-06,2024,50.76,45.32,-5.45,190515,170076,375294,house_statewide_results.csv
2024,1707,IL-07,2024,81.43,16.6,-64.82,227681,46425,279610,house_statewide_results.csv
2024,1708,IL-08,2024,52.27,45.42,-6.85,162605,141292,311069,house_statewide_results.csv
2024,1709,IL-09,2024,66.75,30.67,-36.08,234667,107823,351559,house_statewide_results.csv
2024,1710,IL-10,2024,59.67,37.88,-21.79,199021,126349,333562,house_statewide_results.csv
2024,1711,IL-11,2024,54.35,43.05,-11.3,198881,157533,365895,house_statewide_results.csv
2024,1712,IL-12,2024,27.39,70.65,43.26,102485,264356,374175,house_statewide_results.csv
2024,1713,IL-13,2024,53.81,43.47,-10.34,180960,146195,336281,house_statewide_results.csv
2024,1714,IL-14,2024,51.36,46.22,-5.14,173956,156555,338702,house_statewide_results.csv
2024,1715,IL-15,2024,29.09,68.7,39.61,111340,262935,382709,house_statewide_results.csv
2024,1716,IL-16,2024,37.56,60.08,22.53,147464,235918,392642,house_statewide_results.csv
2024,1717,IL-17,2024,51.13,46.44,-4.69,163124,148146,319035,house_statewide_results.csv
2024,1801,IN-01,2024,49.41,49.02,-0.4,161625,160330,327083,house_statewide_results.csv
2024,1802,IN-02,2024,35.97,62.48,26.5,107779,187184,299606,house_statewide_results.csv
2024,1803,IN-03,2024,33.56,64.75,31.19,107772,207943,321169,house_statewide_results.csv
2024,1804,IN-04,2024,34.43,63.77,29.34,115001,212994,333989,house_statewide_results.csv
2024,1805,IN-05,2024,40.66,57.47,16.81,150105,212150,369170,house_statewide_results.csv
2024,1806,IN-06,2024,32.86,65.39,32.52,107010,212902,325610,house_statewide_results.csv
2024,1807,IN-07,2024,69.89,28.44,-41.46,189586,77134,271247,house_statewide_results.csv
2024,1808,IN-08,2024,31.22,67.1,35.88,103783,223052,332397,house_statewide_results.csv
2024,1809,IN-09,2024,34.23,64.12,29.88,121011,226651,353491,house_statewide_results.csv
2024,2001,KS-01,2024,33.45,64.72,31.27,103889,200988,310550,house_statewide_results.csv
2024,2002,KS-02,2024,39.21,58.89,19.67,120738,181316,307903,house_statewide_results.csv
2024,2003,KS-03,2024,51.16,47.06,-4.1,203405,187105,397590,house_statewide_results.csv
2024,2004,KS-04,2024,37.5,60.79,23.29,116821,189393,311548,house_statewide_results.csv
2024,2101,KY-01,2024,25.71,72.99,47.29,88125,250232,342821,house_statewide_results.csv
2024,2102,KY-02,2024,28.61,69.92,41.32,100536,245734,351430,house_statewide_results.csv
2024,2103,KY-03,2024,58.53,39.62,-18.91,194712,131797,332660,house_statewide_results.csv
2024,2104,KY-04,2024,31.37,66.91,35.54,117644,250916,375012,house_statewide_results.csv
2024,2105,KY-05,2024,17.45,81.32,63.88,55275,257630,316791,house_statewide_results.csv
2024,2106,KY-06,2024,41.52,56.54,15.02,147751,201182,355813,house_statewide_results.csv
2024,2201,LA-01,2024,29.99,68.16,38.17,112920,256662,376557,house_statewide_results.csv
2024,2202,LA-02,2024,64.7,33.35,-31.35,207146,106785,320161,house_statewide_results.csv
2024,2203,LA-03,2024,26.82,71.84,45.02,89993,241083,335590,house_statewide_results.csv
2024,2204,LA-04,2024,23.23,75.57,52.33,78192,254317,336551,house_statewide_results.csv
2024,2205,LA-05,2024,31.05,67.45,36.41,100557,218462,323864,house_statewide_results.csv
2024,2206,LA-06,2024,56.66,41.75,-14.91,178062,131196,314252,house_statewide_results.csv
2024,2501,MA-01,2024,55.53,41.97,-13.57,211784,160045,381359,house_statewide_results.csv
2024,2502,MA-02,2024,60.26,36.71,-23.55,231966,141308,384958,house_statewide_results.csv
2024,2503,MA-03,2024,58.13,39.25,-18.88,208626,140854,358902,house_statewide_results.csv
2024,2504,MA-04,2024,58.44,38.85,-19.59,237730,158054,406811,house_statewide_results.csv
2024,2505,MA-05,2024,70.85,25.97,-44.87,265591,97371,374885,house_statewide_results.csv
2024,2506,MA-06,2024,59.04,38.47,-20.56,255729,166654,433167,house_statewide_results.csv
2024,2507,MA-07,2024,79.43,16.77,-62.66,222689,47009,280351,house_statewide_results.csv
2024,2508,MA-08,2024,61.72,35.49,-26.23,242627,139502,393116,house_statewide_results.csv
2024,2509,MA-09,2024,54.29,43.58,-10.71,249776,200506,460119,house_statewide_results.csv
2024,2401,MD-01,2024,40.17,56.99,16.81,171555,243356,427049,house_statewide_results.csv
2024,2402,MD-02,2024,57.48,39.17,-18.31,227251,154851,395335,house_statewide_results.csv
2024,2403,MD-03,2024,59.84,36.3,-23.55,249542,151360,416995,house_statewide_results.csv
2024,2404,MD-04,2024,85.0,11.77,-73.22,240880,33369,283398,house_statewide_results.csv
2024,2405,MD-05,2024,65.11,32.03,-33.08,280941,138217,431467,house_statewide_results.csv
2024,2406,MD-06,2024,51.25,45.51,-5.74,200059,177663,390367,house_statewide_results.csv
2024,2407,MD-07,2024,77.68,19.12,-58.56,236114,58120,303970,house_statewide_results.csv
2024,2408,MD-08,2024,76.01,20.17,-55.84,296235,78614,389753,house_statewide_results.csv
2024,2301,ME-01,2024,59.8,37.97,-21.83,261038,165742,436532,house_statewide_results.csv
2024,2302,ME-02,2024,44.22,53.75,9.53,174614,212235,394843,house_statewide_results.csv
2024,2601,MI-01,2024,38.71,59.75,21.04,187191,288956,483631,house_statewide_results.csv
2024,2602,MI-02,2024,34.18,64.23,30.05,151091,283937,442037,house_statewide_results.csv
2024,2603,MI-03,2024,52.99,45.09,-7.9,226447,192690,427334,house_statewide_results.csv
2024,2604,MI-04,2024,46.39,51.91,5.51,201649,225615,434652,house_statewide_results.csv
2024,2605,MI-05,2024,35.75,62.75,27.0,151102,265209,422614,house_statewide_results.csv
2024,2606,MI-06,2024,60.18,36.94,-23.23,280092,171956,465450,house_statewide_results.csv
2024,2607,MI-07,2024,48.53,49.84,1.3,224818,230862,463235,house_statewide_results.csv
2024,2608,MI-08,2024,48.27,50.24,1.97,209472,218035,433944,house_statewide_results.csv
2024,2609,MI-09,2024,33.1,65.37,32.27,161474,318875,487769,house_statewide_results.csv
2024,2610,MI-10,2024,45.59,52.12,6.53,199324,227882,437194,house_statewide_results.csv
2024,2611,MI-11,2024,56.86,40.82,-16.04,262383,188356,461479,house_statewide_results.csv
2024,2612,MI-12,2024,66.23,28.64,-37.59,247356,106968,373504,house_statewide_results.csv
2024,2613,MI-13,2024,69.26,28.1,-41.16,232935,94494,336325,house_statewide_results.csv
2024,2701,MN-01,2024,42.92,54.88,11.96,167186,213794,389557,house_statewide_results.csv
2024,2702,MN-02,2024,51.69,45.89,-5.81,220555,195780,426655,house_statewide_results.csv
2024,2703,MN-03,2024,59.26,38.11,-21.15,251791,161935,424914,house_statewide_results.csv
2024,2704,MN-04,2024,66.43,30.93,-35.5,251495,117085,378602,house_statewide_results.csv
2024,2705,MN-05,2024,79.26,17.67,-61.59,292800,65271,369401,house_statewide_results.csv
2024,2706,MN-06,2024,39.03,58.62,19.59,168595,253243,431989,house_statewide_results.csv
2024,2707,MN-07,2024,30.84,67.21,36.37,123652,269504,401008,house_statewide_results.csv
2024,2708,MN-08,2024,41.9,56.14,14.25,180905,242420,431794,house_statewide_results.csv
2024,2901,MO-01,2024,77.66,20.53,-57.13,244276,64565,314564,house_statewide_results.csv
2024,2902,MO-02,2024,45.17,53.12,7.95,196301,230858,434594,house_statewide_results.csv
2024,2903,MO-03,2024,35.91,62.63,26.72,145345,253502,404749,house_statewide_results.csv
2024,2904,MO-04,2024,28.3,70.42,42.11,106422,264765,375996,house_statewide_results.csv
2024,2905,MO-05,2024,60.81,37.41,-23.41,204302,125669,335944,house_statewide_results.csv
2024,2906,MO-06,2024,29.97,68.82,38.86,114947,263985,383568,house_statewide_results.csv
2024,2907,MO-07,2024,28.06,70.71,42.65,105653,266226,376524,house_statewide_results.csv
2024,2908,MO-08,2024,22.57,76.46,53.89,83353,282416,369388,house_statewide_results.csv
2024,2801,MS-01,2024,30.82,67.85,37.03,99871,219880,324051,house_statewide_results.csv
2024,2802,MS-02,2024,59.67,39.29,-20.38,171061,112641,286655,house_statewide_results.csv
2024,2803,MS-03,2024,34.91,64.12,29.21,112896,207370,323422,house_statewide_results.csv
2024,2804,MS-04,2024,28.19,70.73,42.54,82839,207853,293879,house_statewide_results.csv
2024,3001,MT-01,2024,42.66,54.22,11.55,137407,174611,322068,house_statewide_results.csv
2024,3002,MT-02,2024,33.64,63.18,29.54,94499,177468,280895,house_statewide_results.csv
2024,3701,NC-01,2024,47.93,51.08,3.15,182367,194336,380458,house_statewide_results.csv
2024,3702,NC-02,2024,65.79,32.11,-33.69,271772,132620,413074,house_statewide_results.csv
2024,3703,NC-03,2024,38.51,60.33,21.82,147302,230754,382467,house_statewide_results.csv
2024,3704,NC-04,2024,71.51,26.42,-45.08,312412,115447,436896,house_statewide_results.csv
2024,3705,NC-05,2024,40.51,58.2,17.69,165404,237629,408268,house_statewide_results.csv
2024,3706,NC-06,2024,40.68,57.77,17.09,159349,226292,391691,house_statewide_results.csv
2024,3707,NC-07,2024,42.48,56.34,13.85,188294,249694,443202,house_statewide_results.csv
2024,3708,NC-08,2024,39.63,58.97,19.35,162358,241622,409708,house_statewide_results.csv
2024,3709,NC-09,2024,41.43,57.25,15.82,158552,219095,382677,house_statewide_results.csv
2024,3710,NC-10,2024,40.52,58.17,17.65,168702,242192,416353,house_statewide_results.csv
2024,3711,NC-11,2024,44.49,53.96,9.47,196314,238078,441237,house_statewide_results.csv
2024,3712,NC-12,2024,71.68,25.82,-45.86,254946,91834,355661,house_statewide_results.csv
2024,3713,NC-13,2024,41.06,57.53,16.47,174774,244879,425637,house_statewide_results.csv
2024,3714,NC-14,2024,41.82,56.83,15.01,171063,232469,409053,house_statewide_results.csv
2024,3801,ND-01,2024,30.51,66.96,36.45,112327,246505,368155,house_statewide_results.csv
2024,3101,NE-01,2024,42.77,55.82,13.04,136153,177663,318301,house_statewide_results.csv
2024,3102,NE-02,2024,51.64,47.02,-4.62,163541,148908,316693,house_statewide_results.csv
2024,3103,NE-03,2024,22.52,76.32,53.8,70301,238245,312165,house_statewide_results.csv
2024,3301,NH-01,2024,50.29,48.3,-1.99,208186,199942,413940,house_statewide_results.csv
2024,3302,NH-02,2024,51.01,47.44,-3.57,210302,195581,412249,house_statewide_results.csv
2024,3401,NJ-01,2024,58.61,39.88,-18.73,220600,150098,376377,house_statewide_results.csv
2024,3402,NJ-02,2024,43.0,55.56,12.55,166360,214917,386844,house_statewide_results.csv
2024,3403,NJ-03,2024,53.36,45.0,-8.36,212712,179400,398668,house_statewide_results.csv
2024,3404,NJ-04,2024,34.26,64.37,30.12,142650,268072,416430,house_statewide_results.csv
2024,3405,NJ-05,2024,49.8,48.29,-1.51,200624,194528,402838,house_statewide_results.csv
2024,3406,NJ-06,2024,51.95,45.53,-6.42,167151,146484,321741,house_statewide_results.csv
2024,3407,NJ-07,2024,48.45,49.63,1.17,216349,221591,446499,house_statewide_results.csv
2024,3408,NJ-08,2024,60.83,36.65,-24.19,135328,81523,222455,house_statewide_results.csv
2024,3409,NJ-09,2024,48.02,49.16,1.14,137598,140858,286539,house_statewide_results.csv
2024,3410,NJ-10,2024,74.52,23.75,-50.77,196329,62565,263460,house_statewide_results.csv
2024,3411,NJ-11,2024,53.33,44.62,-8.71,219563,183688,411672,house_statewide_results.csv
2024,3412,NJ-12,2024,60.57,36.7,-23.87,205449,124491,339201,house_statewide_results.csv
2024,3501,NM-01,2024,55.98,43.1,-12.88,194846,150029,348082,house_statewide_results.csv
2024,3502,NM-02,2024,48.73,50.57,1.84,130520,135451,267859,house_statewide_results.csv
2024,3503,NM-03,2024,52.22,46.94,-5.27,153389,137901,293752,house_statewide_results.csv
2024,3201,NV-01,2024,50.24,47.98,-2.26,168436,160856,335236,house_statewide_results.csv
2024,3202,NV-02,2024,41.87,55.8,13.93,176235,234860,420931,house_statewide_results.csv
2024,3203,NV-03,2024,48.81,49.54,0.74,187977,190808,385136,house_statewide_results.csv
2024,3204,NV-04,2024,50.24,47.92,-2.33,172380,164399,343079,house_statewide_results.csv
2024,3601,NY-01,2024,44.26,54.3,10.04,190070,233206,429463,house_statewide_results.csv
2024,3602,NY-02,2024,42.51,56.43,13.93,153928,204363,362137,house_statewide_results.csv
2024,3603,NY-03,2024,47.08,51.36,4.28,178095,194280,378292,house_statewide_results.csv
2024,3604,NY-04,2024,50.04,48.76,-1.28,194462,189492,388641,house_statewide_results.csv
2024,3605,NY-05,2024,70.33,28.17,-42.16,170189,68170,242000,house_statewide_results.csv
2024,3606,NY-06,2024,52.3,45.89,-6.41,109480,96065,209347,house_statewide_results.csv
2024,3607,NY-07,2024,71.56,25.68,-45.89,168187,60343,235013,house_statewide_results.csv
2024,3608,NY-08,2024,71.21,27.17,-44.05,170473,65030,239380,house_statewide_results.csv
2024,3609,NY-09,2024,69.23,28.7,-40.53,173356,71858,250409,house_statewide_results.csv
2024,3610,NY-10,2024,79.05,18.61,-60.44,218940,51536,276966,house_statewide_results.csv
2024,3611,NY-11,2024,36.9,61.27,24.37,100628,167092,272725,house_statewide_results.csv
2024,3612,NY-12,2024,80.8,17.2,-63.6,273954,58314,339053,house_statewide_results.csv
2024,3613,NY-13,2024,78.82,19.54,-59.28,188808,46800,239540,house_statewide_results.csv
2024,3614,NY-14,2024,64.93,33.17,-31.75,131879,67385,203123,house_statewide_results.csv
2024,3615,NY-15,2024,73.56,25.31,-48.26,137445,47283,186840,house_statewide_results.csv
2024,3616,NY-16,2024,66.25,33.14,-33.11,216167,108141,326298,house_statewide_results.csv
2024,3617,NY-17,2024,49.91,49.35,-0.56,194302,192139,389343,house_statewide_results.csv
2024,3618,NY-18,2024,51.34,48.0,-3.33,190676,178299,371418,house_statewide_results.csv
2024,3619,NY-19,2024,50.44,48.66,-1.78,194143,187277,384903,house_statewide_results.csv
2024,3620,NY-20,2024,56.48,42.33,-14.15,211181,158272,373934,house_statewide_results.csv
2024,3621,NY-21,2024,39.42,60.07,20.65,140758,214512,357087,house_statewide_results.csv
2024,3622,NY-22,2024,53.54,45.89,-7.65,194091,166358,362520,house_statewide_results.csv
2024,3623,NY-23,2024,39.08,60.1,21.01,154428,237461,395116,house_statewide_results.csv
2024,3624,NY-24,2024,38.13,61.22,23.09,143275,230018,375708,house_statewide_results.csv
2024,3625,NY-25,2024,58.66,40.22,-18.44,220540,151196,375956,house_statewide_results.csv
2024,3626,NY-26,2024,58.89,39.62,-19.27,200098,134624,339786,house_statewide_results.csv
2024,3901,OH-01,2024,52.69,46.34,-6.35,210872,185460,400250,house_statewide_results.csv
2024,3902,OH-02,2024,25.83,73.41,47.58,97852,278096,378802,house_statewide_results.csv
2024,3903,OH-03,2024,69.61,29.37,-40.24,249431,105242,358346,house_statewide_results.csv
2024,3904,OH-04,2024,31.18,67.94,36.76,126892,276504,406953,house_statewide_results.csv
2024,3905,OH-05,2024,34.91,64.18,29.27,138185,254061,395871,house_statewide_results.csv
2024,3906,OH-06,2024,32.77,66.45,33.68,125068,253587,381642,house_statewide_results.csv
2024,3907,OH-07,2024,44.26,54.9,10.64,185149,229664,418302,house_statewide_results.csv
2024,3908,OH-08,2024,37.72,61.4,23.68,147576,240234,391280,house_statewide_results.csv
2024,3909,OH-09,2024,46.18,52.89,6.71,174724,200125,378390,house_statewide_results.csv
2024,3910,OH-10,2024,46.64,52.37,5.74,176359,198060,378167,house_statewide_results.csv
2024,3911,OH-11,2024,77.18,22.11,-55.07,247372,70858,320521,house_statewide_results.csv
2024,3912,OH-12,2024,33.21,65.93,32.72,129846,257795,390998,house_statewide_results.csv
2024,3913,OH-13,2024,49.57,49.53,-0.04,196022,195856,395465,house_statewide_results.csv
2024,3914,OH-14,2024,40.61,58.54,17.93,164400,237006,404841,house_statewide_results.csv
2024,3915,OH-15,2024,44.89,54.1,9.21,163951,197568,365189,house_statewide_results.csv
2024,4001,OK-01,2024,38.18,59.71,21.53,120251,188080,314998,house_statewide_results.csv
2024,4002,OK-02,2024,21.4,77.02,55.62,69690,250807,325621,house_statewide_results.csv
2024,4003,OK-03,2024,26.66,71.51,44.85,73290,196570,274885,house_statewide_results.csv
2024,4004,OK-04,2024,32.58,65.51,32.93,101433,203961,311328,house_statewide_results.csv
2024,4005,OK-05,2024,39.76,57.99,18.23,134935,196796,339341,house_statewide_results.csv
2024,4101,OR-01,2024,66.76,29.16,-37.6,245702,107307,368037,house_statewide_results.csv
2024,4102,OR-02,2024,34.9,61.96,27.06,128140,227486,367172,house_statewide_results.csv
2024,4103,OR-03,2024,70.73,25.12,-45.61,248433,88226,351240,house_statewide_results.csv
2024,4104,OR-04,2024,54.14,42.16,-11.98,211870,164979,391317,house_statewide_results.csv
2024,4105,OR-05,2024,52.46,43.83,-8.64,218398,182440,416287,house_statewide_results.csv
2024,4106,OR-06,2024,53.75,42.45,-11.3,188844,149147,351344,house_statewide_results.csv
2024,4201,PA-01,2024,49.67,49.35,-0.32,235100,233597,473305,house_statewide_results.csv
2024,4202,PA-02,2024,67.28,31.54,-35.74,198759,93169,295441,house_statewide_results.csv
2024,4203,PA-03,2024,88.06,10.74,-77.32,346947,42317,394010,house_statewide_results.csv
2024,4204,PA-04,2024,57.38,41.58,-15.8,268397,194494,467751,house_statewide_results.csv
2024,4205,PA-05,2024,63.79,35.15,-28.64,267157,147219,418780,house_statewide_results.csv
2024,4206,PA-06,2024,55.19,43.79,-11.41,234627,186142,425113,house_statewide_results.csv
2024,4207,PA-07,2024,47.86,51.07,3.2,196712,209881,410973,house_statewide_results.csv
2024,4208,PA-08,2024,45.35,53.85,8.49,177079,210231,390437,house_statewide_results.csv
2024,4209,PA-09,2024,30.59,68.51,37.92,121858,272905,398355,house_statewide_results.csv
2024,4210,PA-10,2024,46.82,52.03,5.22,192789,214275,411793,house_statewide_results.csv
2024,4211,PA-11,2024,38.83,60.19,21.37,160185,248335,412559,house_statewide_results.csv
2024,4212,PA-12,2024,59.13,39.95,-19.18,253683,171396,429049,house_statewide_results.csv
2024,4213,PA-13,2024,26.83,72.37,45.55,110793,298896,412997,house_statewide_results.csv
2024,4214,PA-14,2024,32.97,66.32,33.35,138822,279264,421082,house_statewide_results.csv
2024,4215,PA-15,2024,30.58,68.58,38.0,121641,272777,397727,house_statewide_results.csv
2024,4216,PA-16,2024,38.2,60.96,22.77,159531,254618,417675,house_statewide_results.csv
2024,4217,PA-17,2024,52.28,46.77,-5.51,238962,213792,457099,house_statewide_results.csv
2024,4401,RI-01,2024,59.64,37.63,-22.01,140675,88768,235877,house_statewide_results.csv
2024,4402,RI-02,2024,52.06,45.28,-6.79,144457,125630,277477,house_statewide_results.csv
2024,4501,SC-01,2024,42.7,55.78,13.08,171283,223769,401148,house_statewide_results.csv
2024,4502,SC-02,2024,42.28,56.23,13.95,154598,205591,365657,house_statewide_results.csv
2024,4503,SC-03,2024,27.83,70.89,43.06,99238,252775,356551,house_statewide_results.csv
2024,4504,SC-04,2024,37.41,60.97,23.56,132503,215950,354171,house_statewide_results.csv
2024,4505,SC-05,2024,37.93,60.71,22.79,141484,226482,373037,house_statewide_results.csv
2024,4506,SC-06,2024,60.63,37.77,-22.86,189674,118149,312822,house_statewide_results.csv
2024,4507,SC-07,2024,36.3,62.65,26.34,139672,241031,384754,house_statewide_results.csv
2024,4601,SD-01,2024,34.24,63.43,29.19,146859,272081,428922,house_statewide_results.csv
2024,4701,TN-01,2024,20.57,78.41,57.84,71642,273125,348338,house_statewide_results.csv
2024,4702,TN-02,2024,32.38,66.24,33.86,118780,242963,366789,house_statewide_results.csv
2024,4703,TN-03,2024,31.4,67.29,35.88,113479,243146,361360,house_statewide_results.csv
2024,4704,TN-04,2024,27.61,71.19,43.58,93024,239833,336883,house_statewide_results.csv
2024,4705,TN-05,2024,40.25,58.15,17.89,150048,216736,372745,house_statewide_results.csv
2024,4706,TN-06,2024,31.8,66.96,35.15,114088,240187,358723,house_statewide_results.csv
2024,4707,TN-07,2024,38.17,60.38,22.21,128044,202555,335476,house_statewide_results.csv
2024,4708,TN-08,2024,28.62,70.25,41.63,98538,241830,344241,house_statewide_results.csv
2024,4709,TN-09,2024,70.44,27.78,-42.66,168622,66490,239387,house_statewide_results.csv
2024,4801,TX-01,2024,23.97,75.16,51.19,78554,246341,327762,house_statewide_results.csv
2024,4802,TX-02,2024,37.49,61.26,23.77,124591,203572,332296,house_statewide_results.csv
2024,4803,TX-03,2024,38.66,58.64,19.98,153496,232845,397086,house_statewide_results.csv
2024,4804,TX-04,2024,32.86,65.34,32.48,120188,239000,365772,house_statewide_results.csv
2024,4805,TX-05,2024,35.82,62.83,27.02,111027,194765,309964,house_statewide_results.csv
2024,4806,TX-06,2024,35.12,63.57,28.46,104283,188788,296969,house_statewide_results.csv
2024,4807,TX-07,2024,58.83,38.1,-20.74,148939,96446,253160,house_statewide_results.csv
2024,4808,TX-08,2024,32.42,66.29,33.87,113192,231430,349138,house_statewide_results.csv
2024,4809,TX-09,2024,71.23,27.18,-44.05,169152,64547,237488,house_statewide_results.csv
2024,4810,TX-10,2024,36.83,61.59,24.76,131832,220455,357949,house_statewide_results.csv
2024,4811,TX-11,2024,26.79,72.17,45.38,71371,192256,266397,house_statewide_results.csv
2024,4812,TX-12,2024,38.1,60.68,22.58,131637,209675,345543,house_statewide_results.csv
2024,4813,TX-13,2024,25.6,73.33,47.73,77647,222444,303337,house_statewide_results.csv
2024,4814,TX-14,2024,32.46,66.48,34.02,101609,208133,313076,house_statewide_results.csv
2024,4815,TX-15,2024,40.65,58.49,17.84,93470,134492,229947,house_statewide_results.csv
2024,4816,TX-16,2024,57.24,41.27,-15.97,132189,95314,230935,house_statewide_results.csv
2024,4817,TX-17,2024,34.79,63.99,29.19,105151,193379,302214,house_statewide_results.csv
2024,4818,TX-18,2024,69.13,29.36,-39.78,154658,65672,223716,house_statewide_results.csv
2024,4819,TX-19,2024,23.68,75.34,51.66,66862,212708,282334,house_statewide_results.csv
2024,4820,TX-20,2024,59.9,38.69,-21.22,147731,95409,246612,house_statewide_results.csv
2024,4821,TX-21,2024,37.55,61.13,23.58,163529,266214,435492,house_statewide_results.csv
2024,4822,TX-22,2024,39.18,58.66,19.48,136415,204250,348185,house_statewide_results.csv
2024,4823,TX-23,2024,41.66,57.16,15.5,127466,174884,305961,house_statewide_results.csv
2024,4824,TX-24,2024,41.3,56.77,15.47,157912,217060,382370,house_statewide_results.csv
2024,4825,TX-25,2024,31.23,67.53,36.3,106958,231281,342497,house_statewide_results.csv
2024,4826,TX-26,2024,37.58,60.99,23.42,149357,242431,397461,house_statewide_results.csv
2024,4827,TX-27,2024,34.71,64.34,29.63,99365,184202,286309,house_statewide_results.csv
2024,4828,TX-28,2024,45.82,53.09,7.26,114995,133220,250952,house_statewide_results.csv
2024,4829,TX-29,2024,59.58,39.19,-20.39,92820,61054,155788,house_statewide_results.csv
2024,4830,TX-30,2024,72.57,25.77,-46.79,185466,65876,255584,house_statewide_results.csv
2024,4831,TX-31,2024,37.58,60.76,23.18,142612,230599,379535,house_statewide_results.csv
2024,4832,TX-32,2024,60.33,36.72,-23.62,145115,88312,240530,house_statewide_results.csv
2024,4833,TX-33,2024,65.56,31.88,-33.68,113651,55269,173363,house_statewide_results.csv
2024,4834,TX-34,2024,47.34,51.76,4.42,96999,106063,204916,house_statewide_results.csv
2024,4835,TX-35,2024,65.79,32.3,-33.49,176214,86521,267839,house_statewide_results.csv
2024,4836,TX-36,2024,31.05,67.82,36.77,94136,205595,303150,house_statewide_results.csv
2024,4837,TX-37,2024,73.22,24.22,-49.0,259547,85851,354496,house_statewide_results.csv
2024,4838,TX-38,2024,38.75,59.43,20.68,134998,207050,348405,house_statewide_results.csv
2024,4901,UT-01,2024,38.46,58.44,19.98,144765,219981,376428,house_statewide_results.csv
2024,4902,UT-02,2024,38.55,58.87,20.31,140129,213956,363454,house_statewide_results.csv
2024,4903,UT-03,2024,38.94,58.24,19.3,145920,218258,374760,house_statewide_results.csv
2024,4904,UT-04,2024,35.22,61.88,26.66,131409,230887,373149,house_statewide_results.csv
2024,5101,VA-01,2024,46.67,51.58,4.92,227074,250992,486595,house_statewide_results.csv
2024,5102,VA-02,2024,49.06,49.32,0.26,203172,204261,414128,house_statewide_results.csv
2024,5103,VA-03,2024,66.4,31.84,-34.56,213132,102213,320985,house_statewide_results.csv
2024,5104,VA-04,2024,65.41,32.82,-32.59,250985,125928,383730,house_statewide_results.csv
2024,5105,VA-05,2024,43.17,55.4,12.23,191693,246006,444090,house_statewide_results.csv
2024,5106,VA-06,2024,37.17,61.25,24.08,152726,251675,410905,house_statewide_results.csv
2024,5107,VA-07,2024,50.29,47.44,-2.85,203210,191700,404061,house_statewide_results.csv
2024,5108,VA-08,2024,73.04,23.76,-49.28,285004,92725,390212,house_statewide_results.csv
2024,5109,VA-09,2024,27.47,71.38,43.91,112210,291613,408547,house_statewide_results.csv
2024,5110,VA-10,2024,52.58,44.28,-8.31,221133,186201,420534,house_statewide_results.csv
2024,5111,VA-11,2024,65.18,31.18,-34.01,273439,130783,419501,house_statewide_results.csv
2024,5001,VT-01,2024,63.83,32.32,-31.51,235791,119395,369422,house_statewide_results.csv
2024,5301,WA-01,2024,62.15,33.68,-28.47,232693,126087,374405,house_statewide_results.csv
2024,5302,WA-02,2024,59.84,36.33,-23.51,254400,154441,425118,house_statewide_results.csv
2024,5303,WA-03,2024,46.67,49.95,3.28,197986,211907,424203,house_statewide_results.csv
2024,5304,WA-04,2024,38.11,58.66,20.55,119032,183219,312324,house_statewide_results.csv
2024,5305,WA-05,2024,42.85,53.56,10.71,173909,217375,405822,house_statewide_results.csv
2024,5306,WA-06,2024,57.72,38.56,-19.15,251826,168264,436320,house_statewide_results.csv
2024,5307,WA-07,2024,85.32,10.78,-74.54,373392,47188,437624,house_statewide_results.csv
2024,5308,WA-08,2024,50.93,45.2,-5.74,218292,193707,428594,house_statewide_results.csv
2024,5309,WA-09,2024,68.44,27.49,-40.96,219426,88121,320605,house_statewide_results.csv
2024,5310,WA-10,2024,57.04,39.14,-17.89,204893,140614,359228,house_statewide_results.csv
2024,5501,WI-01,2024,46.89,51.39,4.5,189560,207737,404230,house_statewide_results.csv
2024,5502,WI-02,2024,69.16,29.12,-40.04,324784,136734,469607,house_statewide_results.csv
2024,5503,WI-03,2024,45.46,52.84,7.39,191708,222857,421741,house_statewide_results.csv
2024,5504,WI-04,2024,74.68,23.28,-51.4,258176,80483,345704,house_statewide_results.csv
2024,5505,WI-05,2024,38.15,60.24,22.09,183685,290063,481537,house_statewide_results.csv
2024,5506,WI-06,2024,41.02,57.46,16.44,175480,245816,427835,house_statewide_results.csv
2024,5507,WI-07,2024,37.94,60.4,22.46,167604,266844,441810,house_statewide_results.csv
2024,5508,WI-08,2024,41.17,57.4,16.23,177232,247092,430454,house_statewide_results.csv
2024,5401,WV-01,2024,26.89,71.25,44.36,98066,259831,364662,house_statewide_results.csv
2024,5402,WV-02,2024,29.23,68.82,39.6,116243,273725,397728,house_statewide_results.csv
2024,5601,WY-01,2024,25.84,71.6,45.76,69527,192633,269048,house_statewide_results.csv
