office,state,race,pollster,partisan,start,end,sample,population,dem,rep,url
G,AK,Governor,Lake Research Partners,D,2026-02-05,2026-02-11,600,lv,52.9,47.1,
G,AK,Governor,Dittman Research,,2026-04-27,2026-04-30,451,lv,59.6,40.4,
G,AK,Governor,Alaska Survey Research,,2026-05-14,2026-05-17,1401,lv,45.6,54.4,https://bsky.app/profile/alaskasurvey.bsky.social/post/3mmeqzp7nuc2l
G,AK,Governor,Public Policy Polling,D,2026-06-24,2026-06-25,529,lv,47.8,52.2,https://static1.squarespace.com/static/6982d88f853910439067d086/t/6a45940d2187097951bec0a4/1782944781841/PPP+Alaska+Memo+June+2026.pdf
G,AK,Governor,Alaska Survey Research,,2026-06-30,2026-07-01,1528,lv,42.2,57.8,https://bsky.app/profile/alaskasurvey.bsky.social/post/3mq5ys4ybsc2r
G,AK,Governor,Change Research,D,2026-07-17,2026-07-19,604,lv,57.1,42.9,https://static1.squarespace.com/static/6982d88f853910439067d086/t/6a5e8590bc7a433fdb80e04f/1784579473215/Memo_+Alaska+Governors+Race+July.pdf
G,AK,Governor,Fabrizio Ward (R)/ Impact Research,D,2026-09-08,2026-09-11,800,lv,49.4,50.6,https://www.aarp.org/pri/topics/voter-research/politics/2026-midterm-election-poll-alaska/?CMP=RDRCT-PRI-POLT
G,AK,Governor,co/efficient,R,2026-09-14,2026-09-17,799,lv,50.0,50.0,https://battlegrounds.coefficient.org/ak/
G,AK,Governor,Cygnal,R,2026-09-24,2026-09-27,502,lv,51.8,48.2,https://www.cygn.al/wp-content/uploads/2026/10/AK_GOV_Memo.pdf
G,AK,Governor,New York Times/Siena University,,2026-09-24,2026-10-01,504,lv,46.5,53.5,https://www.nytimes.com/interactive/2026/10/03/polls/times-siena-alaska-poll-toplines.html
G,AK,Governor,Alaska Survey Research,,2026-10-01,2026-10-03,1512,lv,48.0,52.0,https://x.com/The_Real_ASR/status/2107585990869348810
G,AL,Governor,Cygnal,R,2025-11-12,2025-11-13,605,lv,34.0,53.0,https://www.cygn.al/wp-content/uploads/2025/11/AL-Gov-Gen-Elect-Poll-Memo.pdf
G,AL,Governor,yes. every kid.,,2026-07-08,2026-07-11,601,lv,41.0,49.0,https://yeseverykidfoundation.org/alabama-likely-voters-support-fully-funding-the-choose-act/
G,AL,Governor,RMG Research,R,2026-09-21,2026-09-25,800,rv,37.0,50.0,https://yellowhammernews.com/report-doug-jones-is-polling-worse-than-2020-blowout-election/
G,AR,Governor,Hendrix College,,2026-08-11,2026-08-12,1217,lv,40.0,45.0,https://talkbusiness.net/2026/08/poll-gov-sanders-holds-lead-over-two-opponents/
G,AZ,Governor,Kreate Strategies,R,2025-02-05,2025-02-07,924,lv,43.0,44.0,https://projects.fivethirtyeight.com/polls/250212_AZ_KStrategiesdeck.pdf
G,AZ,Governor,Noble Predictive Insights,,2025-02-11,2025-02-13,1006,rv,40.0,38.0,https://www.noblepredictiveinsights.com/post/arizona-gop-voters-still-searching-for-a-gubernatorial-primary-frontrunner
G,AZ,Governor,Pulse Decision Science,R,2025-04-06,2025-04-09,501,lv,46.0,42.0,https://www.politico.com/news/2025/04/21/club-for-growth-arizona-governor-race-00302151
G,AZ,Governor,Noble Predictive Insights,,2025-05-12,2025-05-16,1026,rv,40.0,38.0,https://www.noblepredictiveinsights.com/post/az-governor-s-race-biggs-gains-momentum-as-gop-field-shifts
G,AZ,Governor,Noble Predictive Insights,,2025-08-11,2025-08-18,948,rv,39.0,37.0,https://www.noblepredictiveinsights.com/post/robson-rewrites-the-2022-playbook-as-she-opens-with-an-early-lead-in-arizona-gop-primary
G,AZ,Governor,Emerson College,,2025-11-08,2025-11-10,850,rv,44.0,43.0,https://emersoncollegepolling.com/arizona-2026-governor/
G,AZ,Governor,NextGen Polling,R,2025-12-15,2025-12-17,2725,lv,51.0,32.0,https://nxtgenp.com
G,AZ,Governor,Center for Excellence in Polling,,2026-01-22,2026-01-24,519,lv,50.0,41.0,https://newsweek.com
G,AZ,Governor,Noble Predictive Insights,,2026-02-23,2026-02-26,1023,rv,42.0,35.0,https://www.noblepredictiveinsights.com/post/azgov-biggs-benefits-from-field-consolidation-hobbs-holds-early-edge
G,AZ,Governor,TIPP Insights,R,2026-04-20,2026-04-24,1159,lv,48.0,38.0,https://tippinsights.com
G,AZ,Governor,Noble Predictive Insights,,2026-05-05,2026-05-07,996,rv,41.0,37.0,https://noblepredictiveinsights.com
G,AZ,Governor,Fabrizio Ward (R)/ Impact Research,D,2026-07-26,2026-07-28,913,lv,52.0,44.0,https://www.aarp.org/content/dam/aarp/research/topics/voter-opinion-research/politics/2026-midterm-election-poll-arizona.doi.10.26419-2fres.01065.007.pdf
G,AZ,Governor,The Tarrance Group,R,2026-07-27,2026-07-30,600,lv,52.0,48.0,https://www.democracydefensefoundation.org/news/az/new-poll-arizona-voters-remain-concerned-about-election-integrity-headed-into-general-election
G,AZ,Governor,Grayhouse,R,2026-08-09,2026-08-11,600,lv,49.0,45.0,
G,AZ,Governor,Stealth Analytics,,2026-08-11,2026-08-13,530,lv,43.0,38.0,https://www.stealth-analytics.com/dispatches/az-general-lv-statewide-august-2026.pdf
G,AZ,Governor,Noble Predictive Insights,,2026-08-10,2026-08-13,923,lv,48.0,35.0,https://www.noblepredictiveinsights.com/post/katie-hobbs-leads-andy-biggs-in-the-grand-canyon-state
G,AZ,Governor,Kreate Strategies,R,2026-08-13,2026-08-16,900,lv,45.0,40.0,https://kstrat.net/press/arizona-2026-governor-biggs-trails-hobbs-august
G,AZ,Governor,Quantus Insights,R,2026-08-14,2026-08-17,780,lv,49.0,43.0,https://quantusinsights.org/polling/f/arizona-2026-hobbs-holds-the-edge
G,AZ,Governor,"HighGround, Inc.",,2026-08-15,2026-08-18,400,lv,49.0,34.0,https://azhighground.com/hobbs-builds-double-digit-lead-in-arizona/
G,AZ,Governor,NextGen Polling,R,2026-08-17,2026-08-19,1627,lv,39.0,38.0,https://nxtgenp.com/post/new-blog-post-6092
G,AZ,Governor,Arizona State University,,2026-08-18,2026-09-04,1300,rv,47.0,34.0,https://www.dropbox.com/scl/fi/wwuz99s4jj7q4eot3gjak/Topline-ASU-Survey-August-2026.pdf?rlkey=ftd9j7m13txzpvche7encqmqm&st=tf10u4h2&e=2&dl=0
G,AZ,Governor,Equis Research,,2026-09-01,2026-09-09,1214,rv,49.0,43.0,https://www.weareequis.us/research/memo-arizona-voter-research---sept-2026
G,AZ,Governor,GQR,D,2026-09-30,2026-10-05,600,lv,49.0,45.0,https://data.ddhq.io/polls/2026/10/08/GQR-Arizona
G,CA,Governor,USC/CSU Long Beach/ Cal Poly Pomona,,2024-09-12,2024-09-25,1685,lv,65.9,34.1,
G,CA,Governor,Emerson College,,2025-08-04,2025-08-05,1000,rv,62.7,37.3,
G,CA,Governor,True Dot/ Politico,,2025-07-28,2025-08-12,875,rv,67.1,32.9,
G,CA,Governor,Berkeley IGS,,2025-08-11,2025-08-17,4950,rv,69.2,30.8,
G,CA,Governor,Emerson College,,2025-09-15,2025-09-16,1000,rv,64.0,36.0,
G,CA,Governor,Emerson College,,2025-09-15,2025-09-16,1000,rv,66.7,33.3,
G,CA,Governor,Emerson College,,2025-10-20,2025-10-21,900,lv,52.6,47.4,https://emersoncollegepolling.com/california-2025-poll-voters-poised-to-approve-proposition-50-with-57-support/
G,CA,Governor,Bold Decision,,2025-10-16,2025-10-21,509,lv,59.1,40.9,https://www.bold-decision.com/post/11th-annual-calchamber-survey-explores-ca-voter-attitudes
G,CA,Governor,EMC Research,D,2025-10-22,2025-10-26,1000,lv,59.5,40.5,https://punchbowl.news/article/campaigns/swalwell-mulls-gov-bid/
G,CA,Governor,Berkeley IGS,,2025-10-20,2025-10-27,8141,rv,58.8,41.2,
G,CA,Governor,Tavern Research,D,2025-10-27,2025-10-30,1001,lv,54.8,45.2,https://mailchi.mp/xavierbecerra2026/jh75g2r42d-13840594
G,CA,Governor,PPIC,,2025-11-13,2025-11-19,1086,lv,68.4,31.6,https://www.ppic.org/publication/ppic-statewide-survey-californians-and-their-government-december-2025/
G,CA,Governor,Lake Research Partners,D,2025-11-17,2025-11-20,600,lv,64.0,36.0,https://www.tonythurmond.com/_files/ugd/a37828_92b964080c60470195bfc7ccb2fbd760.pdf
G,CA,Governor,Emerson College,,2025-12-01,2025-12-02,1000,lv,61.5,38.5,https://emersoncollegepolling.com/california-2026-new-poll/
G,CA,Governor,FM3 Research,D,2025-11-30,2025-12-07,632,lv,55.7,44.3,https://www.politico.com/newsletters/california-playbook/2025/12/17/meet-the-crypto-billionaire-hedging-his-bets-for-governor-00694484
G,CA,Governor,CivicLens Research,,2025-12-14,2025-12-16,400,lv,52.9,47.1,https://amp.sacbee.com/news/politics-government/capitol-alert/article313811966.html
G,CA,Governor,David Binder Research,D,2026-01-17,2026-01-20,800,lv,56.9,43.1,https://envirovoters.org/wp-content/uploads/26020-CA-Gov-EnviroVoters-Ed-Fund-Results.pdf
G,CA,Governor,Public Policy Polling,D,2026-01-20,2026-01-21,1001,v,57.8,42.2,https://www.politico.com/newsletters/california-playbook/2026/01/23/ambition-overload-and-musical-chairs-00743326
G,CA,Governor,Tulchin Research,D,2026-01-22,2026-01-28,1000,lv,63.4,36.6,https://static1.squarespace.com/static/668c9f0afffd20523acfcc94/t/69a76d2047c9894cd8a33d88/1772580204926/Polling+Memo?utm_campaign=36387909-%5BNJ%5D%202026%20Wake%20Up%20Call&utm_medium=email&_hsmi=406889750&utm_content=406889750&utm_source=hs_email
G,CA,Governor,RBI Strategies & Research,D,2026-01-25,2026-01-29,,lv,60.3,39.7,https://www.politico.com/newsletters/california-playbook/2026/02/13/newsoms-mission-in-munich-00779934
G,CA,Governor,J Wallin Opinion Research,,2026-01-29,2026-02-01,1000,rv,67.9,32.1,https://weeklyvoice.com/new-poll-shows-newcomer-jon-slavet-a-solid-contender-in-race-for-california-governor/
G,CA,Governor,Global Strategy Group,D,2026-01-29,2026-02-03,,lv,54.4,45.6,https://TopTwoCA.com
G,CA,Governor,EMC Research,D,2026-01-29,2026-02-04,1400,v,59.6,40.4,https://www.politico.com/newsletters/california-playbook/2026/02/09/la-gets-its-own-zohran-kinda-00771024
G,CA,Governor,Tavern Research,D,2026-02-02,2026-02-05,1097,lv,54.9,45.1,https://mailchi.mp/xavierbecerra2026/jh75g2r42d-13842607?e=753d5844dd
G,CA,Governor,PPIC,,2026-02-03,2026-02-11,1049,lv,67.5,32.5,https://www.ppic.org/publication/ppic-statewide-survey-californians-and-their-government-february-2026/
G,CA,Governor,Emerson College,,2026-02-13,2026-02-14,1000,lv,60.3,39.7,https://emersoncollegepolling.com/california-2026-poll-hilton-swalwell-bianco-lead-nonpartisan-primary-for-governor/
G,CA,Governor,Independent Voter Project,,2026-02-13,2026-02-20,868,lv,56.3,43.7,https://ivn.us/posts/new-ivp-2026-california-governor-poll-what-the-toplines-dont-tell-you-2026-02-23
G,CA,Governor,Global Strategy Group,D,2026-02-27,2026-03-02,1340,lv,58.8,41.2,https://TopTwoCA.com
G,CA,Governor,Politico/UC Berkeley/ TrueDot,,2026-02-25,2026-03-03,1004,lv,62.5,37.5,https://www.politico.com/news/2026/03/11/poll-hilton-dems-california-govenor-race-00822123
G,CA,Governor,Emerson College,,2026-03-07,2026-03-09,1000,lv,66.7,33.3,https://emersoncollegepolling.com/california-2026-poll-swalwell-takes-lead-in-governor-primary-25-undecided-election-for-la-mayor-wide-open/
G,CA,Governor,Berkeley IGS,,2026-03-09,2026-03-14,3889,lv,60.7,39.3,https://escholarship.org/uc/item/2h95684f
G,CA,Governor,Evitarus,D,2026-03-12,2026-03-17,2000,lv,58.3,41.7,https://cadem.org/wp-content/uploads/2026/03/CA-Voter-Index-Baseline-Survey-03.23.26.pdf
G,CA,Governor,Echelon Insights,R,2026-03-12,2026-03-17,600,lv,60.0,40.0,https://data.ddhq.io/polls/2026/03/25/Echelon-Insights/Steve-Hilton-California-2026-03-12-2026-03-17
G,CA,Governor,Kreate Strategies,,2026-03-23,2026-03-29,700,lv,60.8,39.2,https://kstrat.net/press/california-2026-governor-ag-poll
G,CA,Governor,PPIC,,2026-03-26,2026-04-03,1008,lv,66.7,33.3,https://www.ppic.org/publication/ppic-statewide-survey-californians-and-education-april-2026/
G,CA,Governor,Evitarus,D,2026-03-31,2026-04-05,1200,lv,61.1,38.9,https://cadem.org/wp-content/uploads/2026/04/4.7.26-CA-Voter-Index-Tracking-Survey-I-Topline.pdf
G,CA,Governor,David Binder Research,D,2026-04-01,2026-04-06,800,lv,61.5,38.5,https://x.com/dustingardiner/status/2041891224592994590?s=20
G,CA,Governor,SurveyUSA,,2026-04-08,2026-04-10,788,lv,68.3,31.7,https://www.surveyusa.com/client/PollReport.aspx?g=ee26505b-573e-4077-bf28-3596b3dd8245
G,CA,Governor,Impact Research,D,2026-04-08,2026-04-12,900,lv,56.2,43.8,https://www.mahanforcalifornia.com/impact-ca-gov-primary-interested-parties-memo.pdf
G,CA,Governor,Emerson College,,2026-04-14,2026-04-15,1000,lv,58.7,41.3,https://emersoncollegepolling.com/california-2026-poll-april/
G,CA,Governor,Evitarus,D,2026-04-15,2026-04-17,1200,lv,60.5,39.5,https://cadem.org/wp-content/uploads/2026/04/4.20.26-CA-Voter-Index-Tracking-Survey-II-Topline.pdf
G,CA,Governor,Gudelunas Strategies,,2026-04-14,2026-04-18,800,lv,62.6,37.4,https://www.politico.com/f/?id=0000019d-a825-d182-a9fd-be3d42280000
G,CA,Governor,Kreate Strategies,,2026-04-12,2026-04-18,900,lv,57.3,42.7,https://kstrat.net/press/california-2026-governor-affordability-integrity
G,CA,Governor,Independent Voter Project,,2026-04-14,2026-04-20,3404,lv,59.8,40.2,https://ivn.us/posts/breaking-xavier-becerra-bolts-into-first-place-in-ivn-california-governor-poll-2026-04-20
G,CA,Governor,EMC Research,D,2026-04-21,2026-04-26,1000,lv,63.4,36.6,https://www.politico.com/f/?id=0000019d-d6b0-d895-affd-d6f14bee0000
G,CA,Governor,Gudelunas Strategies,,2026-04-23,2026-04-27,800,lv,62.5,37.5,https://www.politico.com/f/?id=0000019d-dbd7-d2f5-abdf-dbd7a8ff0000
G,CA,Governor,CBS News/YouGov,,2026-04-23,2026-04-27,1479,lv,63.9,36.1,https://www.cbsnews.com/news/california-governors-race-primary-voters-opinion-poll-2026-04-27/
G,CA,Governor,SurveyUSA,,2026-04-28,2026-05-01,991,lv,61.0,39.0,https://www.surveyusa.com/client/PollReport.aspx?g=96545522-4f1f-42ab-a5ad-85cb4ba66292
G,CA,Governor,Evitarus,D,2026-04-30,2026-05-02,1200,lv,61.0,39.0,https://cadem.org/wp-content/uploads/2026/05/FINAL-CA-Voter-Index-Tracking-Survey-III-Topline-05.03.26.pdf
G,CA,Governor,Impact Research,D,2026-04-28,2026-05-03,900,lv,63.0,37.0,https://data.ddhq.io/polls/2026/05/07/Impact-Research/Matt-Mahan-California-2026-04-28-2026-05-03
G,CA,Governor,Mellman Group,D,2026-05-03,2026-05-06,600,lv,67.9,32.1,https://data.ddhq.io/polls/2026/05/08/The-Mellman-Group/California-Back-to-Basics-California-2026-05-03-2026-05-06
G,CA,Governor,Kreate Strategies,,2026-05-05,2026-05-09,900,lv,60.2,39.8,https://kstrat.net/press/california-2026-governor-may-economic-trust
G,CA,Governor,Emerson College,,2026-05-09,2026-05-10,1000,lv,69.1,30.9,https://emersoncollegepolling.com/california-2026-poll-becerra-continues-to-surge-steyer-and-hilton-compete-for-second-spot/
G,CA,Governor,David Binder Research,D,2026-05-05,2026-05-11,,v,62.1,37.9,https://www.politico.com/newsletters/california-playbook/2026/05/13/becerras-williamson-bind-00918231
G,CA,Governor,Evitarus,D,2026-05-14,2026-05-16,1200,lv,61.4,38.6,https://cadem.org/wp-content/uploads/2026/05/5.19.26-FINAL-CA-Voter-Index-Tracking-Survey-IV-Topline.pdf
G,CA,Governor,PPIC,,2026-05-14,2026-05-18,986,lv,65.6,34.4,https://www.ppic.org/publication/ppic-statewide-survey-californians-and-their-government-may-2026/
G,CA,Governor,Global Strategy Group,D,2026-05-18,2026-05-21,800,lv,62.6,37.4,https://data.ddhq.io/polls/2026/05/24/Global-Strategy-Group/Tom-Steyer-California-2026-05-18-2026-05-21
G,CA,Governor,Echelon Insights,R,2026-05-18,2026-05-21,800,lv,56.5,43.5,https://fiftyplusone.news/polls/governor/nonpartisan-primary/california
G,CA,Governor,Berkeley IGS,,2026-05-19,2026-05-24,5472,lv,64.0,36.0,https://escholarship.org/uc/item/5s8858hd
G,CA,Governor,Berkeley IGS,,2026-05-19,2026-05-24,8578,rv,52.0,31.0,
G,CA,Governor,CEPP,,2026-05-23,2026-05-26,735,lv,64.6,35.4,https://www.politico.com/f/?id=0000019e-804f-d4e8-afde-e04f9b1e0000
G,CA,Governor,CEPP,,2026-05-23,2026-05-26,735,lv,58.0,35.0,
G,CA,Governor,David Binder Research,D,2026-05-26,2026-05-27,,v,62.5,37.5,https://www.politico.com/newsletters/california-playbook/2026/05/29/can-tmz-make-a-mayor-00942218
G,CA,Governor,Kreate Strategies,,2026-05-23,2026-05-27,900,lv,62.0,38.0,https://kstrat.net/press/california-2026-governor-becerra-leads-hilton
G,CA,Governor,Emerson College,,2026-05-27,2026-05-28,1000,lv,65.0,35.0,https://emersoncollegepolling.com/california-2026-poll-becerra-leads-steyer-and-hilton-toss-up-for-second-spot/
G,CA,Governor,Public Policy Polling,D,2026-05-27,2026-05-28,686,lv,61.8,38.2,https://drive.google.com/file/d/18l3X0jNZTJLYamXDGRRR0GdFEgPo1VeL/view
G,CA,Governor,McLaughlin & Associates,R,2026-05-26,2026-05-28,800,lv,62.0,38.0,https://nypost.com/2026/05/29/us-news/steve-hilton-tom-steyer-tied-despite-billionaires-200m-in-campaign-spending/
G,CA,Governor,SurveyUSA,,2026-05-28,2026-05-31,1124,lv,64.4,35.6,https://www.surveyusa.com/client/PollReport.aspx?g=3c9babf2-0a2b-4202-8c21-46739768c13c
G,CA,Governor,Kreate Strategies,,2026-06-13,2026-06-17,900,lv,58.0,33.0,https://kstrat.net/press/california-2026-governor-becerra-leads-hilton-june
G,CA,Governor,PPIC,,2026-06-29,2026-07-06,1003,lv,61.0,36.0,https://www.ppic.org/publication/ppic-statewide-survey-californians-and-the-environment-july-2026/
G,CA,Governor,Berkeley IGS,,2026-08-03,2026-08-09,2310,lv,55.0,37.0,https://www.latimes.com/california/story/2026-08-13/becerra-holds-strong-lead-over-hilton-in-race-for-california-governor-poll
G,CA,Governor,PPIC,,2026-09-04,2026-09-10,1103,lv,60.0,38.0,https://www.ppic.org/publication/ppic-statewide-survey-californians-and-their-government-september-2026/
G,CA,Governor,UC Berkeley Citrin Center/TrueDot/Politico,,2026-09-08,2026-09-14,2418,rv,48.0,34.0,https://www.politico.com/f/?id=000001a0-d55a-d2df-a1f4-f7dfac9a0000
G,CA,Governor,Berkeley IGS,,2026-09-15,2026-09-20,4512,lv,58.0,33.0,https://www.latimes.com/california/story/2026-09-24/high-cost-of-living-tops-voter-concerns-becerra-remains-front-runner-in-governors-race-new-poll-shows
G,CA,Governor,SurveyUSA,,2026-09-15,2026-09-20,742,lv,55.0,33.0,https://results.surveyusa.com/client/PollReport.aspx?g=aa444494-3077-4ad2-a8ef-df17241474c5
G,CA,Governor,Independent Voter Project,,2026-09-23,2026-10-02,2906,lv,48.0,38.0,https://ivn.us/new-ca-poll-voter-id-measure-leads-today-its-undecided-voters-point-the-other-way/
G,CT,Governor,University of New Hampshire,,2026-06-18,2026-06-23,828,lv,49.0,36.0,https://scholars.unh.edu/cgi/viewcontent.cgi?article=1971&context=survey_center_polls
G,CT,Governor,Sacred Heart University/WFSB/CT Insider,,2026-07-21,2026-07-26,1000,rv,50.0,30.0,https://www.wfsb.com/2026/08/03/exclusive-poll-how-voters-feel-about-candidates-connecticuts-race-governor/
G,CT,Governor,University of New Hampshire,,2026-08-20,2026-08-24,809,lv,52.0,37.0,https://scholars.unh.edu/cgi/viewcontent.cgi?article=1993&context=survey_center_polls
G,CT,Governor,GreatBlue Research,,2026-09-01,2026-09-08,1000,rv,48.0,34.0,https://s3.documentcloud.org/documents/28617367/shu-ct-gubernatorial-race-poll-91426.pdf
G,CT,Governor,Quinnipiac University Polling Institute,,2026-09-08,2026-09-14,1288,lv,55.0,38.0,https://poll.qu.edu/poll-release?releaseid=3966
G,CT,Governor,co/efficient,,2026-09-16,2026-09-17,979,lv,48.0,41.0,https://coefficient.org/our-work/connecticut-governor-general-election-sep-2026/
G,CT,Governor,University of New Hampshire,,2026-09-17,2026-09-21,540,lv,55.0,38.0,https://scholars.unh.edu/cgi/viewcontent.cgi?article=2009&context=survey_center_polls
G,FL,Governor,Victory Insights,R,2025-06-07,2025-06-10,600,lv,31.0,37.0,https://irp.cdn-website.com/07e08705/files/uploaded/PollSummary_FL-Gov_06-11-2025.pdf
G,FL,Governor,AIF Center,R,2025-08-25,2025-08-27,800,lv,41.0,49.0,https://floridapolitics.com/archives/755696-new-poll-shows-byron-donalds-with-8-point-edge-on-david-jolly/
G,FL,Governor,Bendixen & Amandi International,D,2025-09-07,2025-09-09,631,lv,41.0,40.0,https://floridapolitics.com/archives/755557-poll-david-jolly-in-dead-heat-with-byron-donalds-paul-renner/
G,FL,Governor,Targoz Market Research,,2025-09-16,2025-09-18,1118,rv,32.0,36.0,https://jamesmadison.org/wp-content/uploads/Marginals.pdf
G,FL,Governor,University of North Florida,,2025-10-15,2025-10-25,728,lv,34.0,45.0,https://www.unfporl.org/uploads/1/4/4/5/144559024/unf_porl_fall_statewide_2025_lv_-_press_release.pdf
G,FL,Governor,Targoz Market Research,,2026-02-13,2026-02-16,1129,lv,36.0,41.0,https://jamesmadison.org/the-james-madison-institute-releases-latest-jmi-poll-of-florida-voters-2/
G,FL,Governor,University of North Florida,,2026-02-21,2026-03-02,786,lv,36.0,42.0,https://www.orlandosentinel.com/2026/03/04/florida-poll-shows-republicans-lead-democrats-in-statewide-races-but-only-by-single-digits/
G,FL,Governor,Emerson College,,2026-03-29,2026-03-31,1165,lv,39.0,44.0,https://emersoncollegepolling.com/florida-2026-poll-donalds-leads-gop-primary-for-governor-republicans-outpace-democrats-in-florida-elections/
G,FL,Governor,MDW Communications,D,2026-03-27,2026-04-03,1834,lv,41.0,41.0,https://floridapolitics.com/archives/790357-poll-democrats-gaining-ground-key-races-tighten-in-florida-as-donald-trump-drags-gop/
G,FL,Governor,Echelon Insights,,2026-04-03,2026-04-09,406,lv,43.0,49.0,https://netchoice.org/wp-content/uploads/2026/04/NetChoice-Apr-2026-National-Antitrust-Survey-Topline.pdf
G,FL,Governor,Stetson University,,2026-03-15,2026-04-13,848,lv,40.0,47.0,https://www2.stetson.edu/today/2026/04/stetson-poll-republicans-lead-in-florida-2026-races-but-many-voters-still-undecided/
G,FL,Governor,Cherry Communications,R,2026-05-01,2026-05-09,604,lv,39.0,47.0,https://www.flchamber.com/new-florida-chamber-statewide-poll-shows-ashley-moody-byron-donalds-leading-potential-democratic-opponents-in-november-ballot-test/
G,FL,Governor,Change Research,D,2026-05-13,2026-05-16,1593,lv,46.0,42.0,https://changeresearch.com/wp-content/uploads/2026/05/Deep-Dive-into-Florida-1.pdf
G,FL,Governor,Change Research,D,2026-07-09,2026-07-11,1348,rv,37.0,37.0,https://changeresearch.com/florida-florida-florida/
G,FL,Governor,University of North Florida,,2026-07-08,2026-07-17,848,lv,41.0,46.0,https://www.unfporl.org/presser-page
G,FL,Governor,Targoz Market Research,,2026-07-20,2026-07-26,1026,lv,38.0,45.0,https://jamesmadison.org/wp-content/uploads/JMI-July-2026-Marginals.pdf
G,FL,Governor,Hart Research Associates,D,2026-08-10,2026-08-13,600,lv,46.0,45.0,https://democraticgovernors.org/updates/new-poll-shows-david-jolly-leading-congressman-byron-donalds-in-the-florida-governors-race/
G,FL,Governor,Change Research,D,2026-09-07,2026-09-09,1107,lv,47.0,44.0,https://changeresearch.com/research/2026/2026-09-10-florida-aapor-methodology-statement
G,FL,Governor,St. Pete Polls,,2026-09-15,2026-09-17,913,lv,43.0,44.0,http://stpetepolls.org/files/StPetePolls_2026_State_Gov_September17_G7V29XU6.pdf
G,FL,Governor,Stetson University,,2026-09-14,2026-09-21,830,lv,39.0,51.0,https://www.stetson.edu/artsci/cpor/media/cpor-sept.-2026-poll-final.pdf
G,FL,Governor,Change Research,D,2026-09-25,2026-09-27,1063,lv,48.0,46.0,https://changeresearch.com/research/2026/2026-09-28-florida-aapor-methodology-statement
G,FL,Governor,Mason-Dixon,,2026-09-28,2026-10-01,625,lv,41.0,48.0,https://s3.documentcloud.org/documents/28724874/fl1026results.pdf
G,FL,Governor,James Madison Institute,,2026-09-28,2026-10-04,1174,lv,42.0,52.0,https://jamesmadison.org/wp-content/uploads/JMI-October-2026-Poll-Marginals.pdf
G,FL,Governor,YouGov,,2026-09-28,2026-10-05,3813,lv,45.0,47.0,https://d3nkl3psvxxpe9.cloudfront.net/documents/ttw_fl_20260921_lv.pdf
G,FL,Governor,St. Pete Polls,,2026-10-05,2026-10-07,836,lv,45.0,45.0,https://www.stpetepolls.org/files/StPetePolls_2026_State_Gov_October7_K7ZU3GA.pdf
G,GA,Governor,Echelon Insights,R,2026-04-03,2026-04-09,407,lv,49.0,43.0,https://netchoice.org/wp-content/uploads/2026/04/NetChoice-Apr-2026-National-Antitrust-Survey-Topline.pdf
G,GA,Governor,Concord Public Opinion Partners,D,2026-05-30,2026-06-02,510,lv,53.0,38.0,https://acrobat.adobe.com/id/urn:aaid:sc:US:29f66864-4f32-47fe-b5e2-85322b2a761b
G,GA,Governor,Beacon Research (D)/Shaw & Co. Research,R,2026-06-23,2026-06-27,1002,rv,52.0,47.0,https://static.foxnews.com/foxnews.com/content/uploads/2026/07/fox_june-23-27-2026_complete_georgia_topline_july-1-release.pdf
G,GA,Governor,Wick,,2026-06-27,2026-06-30,1175,lv,43.0,43.0,https://wick.io/research-georgia-election-survey-june-2026
G,GA,Governor,State Navigate,,2026-07-10,2026-07-13,448,lv,51.0,44.0,https://statenavigate.org/ga/state-navigate-poll-shows-lance-bottoms-with-7-point-lead-in-georgia-governor-race/
G,GA,Governor,Fabrizio Ward (R)/Impact Research,D,2026-07-13,2026-07-16,1060,lv,48.0,46.0,https://www.aarp.org/content/dam/aarp/research/topics/voter-opinion-research/politics/2026-midterm-election-poll-georgia.doi.10.26419-2fres.01065.004.pdf
G,GA,Governor,Quantus Insights,R,2026-07-29,2026-08-01,815,lv,46.0,45.0,https://quantusinsights.org/polling/f/georgia-voters-put-affordability-first-as-2026-races-tighten
G,GA,Governor,InsiderAdvantage,R,2026-08-16,2026-08-17,800,lv,46.0,46.0,https://jamesmagazinega.com/wp-content/uploads/2026/08/InsiderAdvantage-Poll-8.18.26-Crosstabs.jpg
G,GA,Governor,Rasmussen Reports,R,2026-09-14,2026-09-14,1019,lv,45.0,48.0,https://www.rasmussenreports.com/public_content/politics/elections/election_2026/election_2026_georgia_governor
G,GA,Governor,YouGov,,2026-09-15,2026-09-18,3414,rv,44.0,45.0,https://d3nkl3psvxxpe9.cloudfront.net/documents/ttw_ga_20260915.pdf
G,GA,Governor,InsiderAdvantage,R,2026-09-22,2026-09-23,1200,lv,46.0,48.0,https://insideradvantage.com/insideradvantage-georgia-survey-jackson-leads-by-two-in-race-for-governor-ossoff-leads-by-eight-in-senate-contest/
G,GA,Governor,Big Data Poll,R,2026-09-21,2026-09-23,712,rv,50.0,50.0,https://www.bigdatapoll.com/blog/peach-state-poll-jon-ossoff-opens-up-lead-over-mike-collins-in-georgia/
G,GA,Governor,Wedgewood Polls,,2026-10-02,2026-10-03,600,lv,49.0,51.0,https://drive.google.com/file/d/1-Qoij2YeWwq-EFaTY_W0iTf1fotSrKHI/view
G,IA,Governor,Cygnal,R,2026-06-16,2026-06-19,600,lv,48.0,43.0,https://taxrelief.org/itr-foundation-poll-shows-iowans-want-taxpayer-protection/
G,IA,Governor,Beacon Research (D)/ Shaw & Co. Research,R,2026-06-23,2026-06-27,1003,rv,53.0,44.0,https://www.foxnews.com/politics/fox-news-poll-close-senate-contest-brewing-iowa
G,IA,Governor,Siena University,,2026-06-15,2026-06-27,600,lv,48.0,47.0,https://www.nytimes.com/interactive/2026/07/01/polls/times-siena-battleground-poll-crosstabs.html
G,IA,Governor,Emerson College,,2026-08-02,2026-08-04,712,lv,48.0,43.0,https://emersoncollegepolling.com/iowa-2026-poll/
G,IA,Governor,Suffolk University,,2026-08-20,2026-08-23,500,lv,48.0,44.0,https://www.suffolk.edu/-/media/suffolk/documents/academics/research-at-suffolk/suprc/polls/other-states/2026/8_26_2026_iowa_statewide_marginals.pdf?la=en&hash=1F0EFC7A92F26315BCC8577EDA5577A5F0843093
G,IA,Governor,Wedgewood Polls,,2026-08-27,2026-08-29,600,lv,51.0,46.0,https://drive.google.com/file/d/1db0gbhfCa_aNzU7yfM3dufl601cW1FbY/view
G,IA,Governor,Emerson College,,2026-08-31,2026-09-01,750,lv,49.0,46.0,https://emersoncollegepolling.com/iowa-2026-poll-hinson-leads-turek/
G,IA,Governor,YouGov,,2026-09-03,2026-09-08,2169,rv,50.0,39.0,https://d3nkl3psvxxpe9.cloudfront.net/documents/iowa_election_20260903.pdf
G,IA,Governor,Cygnal,R,2026-09-09,2026-09-11,500,lv,48.0,44.0,https://itrfoundation.org/wp-content/uploads/2026/09/ITR-Foundation-Poll-Toplines-09-11-2026.pdf
G,IA,Governor,co/efficient,R,2026-09-14,2026-09-16,831,lv,46.0,42.0,https://battlegrounds.coefficient.org/ia/
G,IA,Governor,Marist University,,2026-09-17,2026-09-20,1050,rv,54.0,42.0,https://maristpoll.marist.edu/polls/2026-midterm-elections-in-iowa-september-2026/
G,IA,Governor,Beacon Research (D)/ Shaw & Co. Research,R,2026-09-24,2026-09-28,1008,lv,53.0,44.0,https://www.foxnews.com/politics/fox-news-poll-turek-hinson-close-iowa-senate-race
G,IA,Governor,New York Times/Siena University,,2026-09-22,2026-10-01,606,lv,52.0,41.0,https://www.nytimes.com/interactive/2026/10/03/polls/times-siena-iowa-poll-toplines.html
G,IA,Governor,Suffolk University,,2026-10-01,2026-10-04,500,lv,55.0,43.0,https://www.suffolk.edu/-/media/suffolk/documents/academics/research-at-suffolk/suprc/polls/other-states/2026/10_7_2026_iowa_statewide_marginals.pdf?la=en&hash=2D72AC4AC373F8C2FA39466A7E5CD59D2370B6F9
G,IA,Governor,SSRS,,2026-09-29,2026-10-05,801,lv,51.0,42.0,https://www.documentcloud.org/documents/28729018-cnn-iowa-poll-conducted-by-ssrs/
G,IA,Governor,Emerson College,,2026-10-05,2026-10-06,650,lv,49.0,45.0,https://emersoncollegepolling.com/iowa-2026-poll-u-s-senate-race-tightens-sand-maintains-edge-for-governor/
G,ID,Governor,Change Research (I),,2026-07-28,2026-07-30,1213,lv,27.0,48.0,https://docs.google.com/document/d/1u6Y5rUbSLEoS0nBgXqKarEzHEQCOzxPjj_Wm27eHKE8/edit?tab=t.0
G,ID,Governor,Advanced Targeting Research,,2026-09-13,2026-09-16,700,rv,27.0,37.0,https://www.advancedtargetingresearch.com/_files/ugd/03a624_0fca9a6dd7f846f7bc96f97429561064.pdf
G,IL,Governor,Victory Research,,2025-11-20,2025-11-24,1208,lv,54.0,34.0,https://www.fox32chicago.com/news/illinois-jb-pritzker-poll-nov-25
G,IL,Governor,Public Policy Polling,D,2026-09-30,2026-10-01,569,lv,54.0,34.0,https://www.cnwmedia.com/article/cnw-poll-pritzker-leads-bailey-by-20-points-democrats-ahead-in-four-other-statewide-races
G,KS,Governor,Global Strategy Group,D,2026-08-13,2026-08-16,600,lv,47.0,46.0,https://www.politico.com/f/?id=000001a0-45c2-dd5a-a9f6-7df322f70000
G,KS,Governor,co/efficient,R,2026-09-08,2026-09-10,915,lv,43.0,51.0,https://battlegrounds.coefficient.org/ks/
G,KS,Governor,Emerson College,,2026-09-15,2026-09-16,750,lv,44.0,51.0,https://emersoncollegepolling.com/kansas-2026/
G,KS,Governor,Global Strategy Group,D,2026-09-13,2026-09-16,800,lv,49.0,46.0,https://static.politico.com/0f/52/d84e43ae45cf803b787113de4d91/daga-ks-interested-parties-memo-10-01-26.pdf
G,KS,Governor,Wedgewood Polls,,2026-09-22,2026-09-24,500,lv,48.0,52.0,https://drive.google.com/file/d/1MxCohCdxLl3Gy2iIUBnctm4oPipKwjSg/view
G,KS,Governor,New York Times/Siena University,,2026-09-22,2026-09-30,605,lv,44.0,49.0,https://www.nytimes.com/interactive/2026/10/03/polls/times-siena-kansas-poll-toplines.html
G,KS,Governor,YouGov,,2026-09-24,2026-10-04,2255,lv,44.0,47.0,https://d3nkl3psvxxpe9.cloudfront.net/documents/ttw_ks_20260921_lv.pdf
G,MA,Governor,UMass Amherst/YouGov,,2025-10-21,2025-10-29,800,a,51.0,26.0,https://www.wcvb.com/article/gop-challenger-healey-umass-poll-nov-2025/69253709
G,MA,Governor,University of New Hampshire,,2026-02-12,2026-02-16,620,lv,56.0,27.0,https://scholars.unh.edu/cgi/viewcontent.cgi?article=1930&context=survey_center_polls
G,MA,Governor,University of New Hampshire,,2026-04-16,2026-04-20,599,lv,52.0,32.0,https://scholars.unh.edu/cgi/viewcontent.cgi?article=1944&context=survey_center_polls
G,MA,Governor,Polity Research Consulting,,2026-04-19,2026-05-07,608,rv,58.0,31.0,https://www.wwlp.com/news/massachusetts/poll-voters-support-healey-but-unsure-of-states-future/
G,MA,Governor,Suffolk University,,2026-06-08,2026-06-12,500,lv,56.0,31.0,https://www.bostonglobe.com/2026/06/16/metro/full-results-poll-of-massachusetts-voters/
G,MA,Governor,University of New Hampshire,,2026-06-18,2026-06-23,623,lv,51.0,32.0,https://scholars.unh.edu/survey_center_polls/973/
G,MA,Governor,UMass Amherst/YouGov,,2026-08-05,2026-08-12,800,rv,53.0,33.0,https://htv-prod-media.s3.amazonaws.com/files/new-gopprimarystateofthestatetoplinesaug2026masspoll-6a8426d09c35d.pdf
G,MA,Governor,University of New Hampshire,,2026-08-20,2026-08-24,881,lv,54.0,30.0,https://scholars.unh.edu/cgi/viewcontent.cgi?article=1991&context=survey_center_polls
G,MA,Governor,University of New Hampshire,,2026-09-17,2026-09-21,564,lv,54.0,38.0,https://scholars.unh.edu/cgi/viewcontent.cgi?article=2007&context=survey_center_polls
G,MA,Governor,MassINC Polling Group,,2026-09-14,2026-09-22,800,lv,51.0,30.0,https://commonwealthbeacon.org/politics/poll-healey-cruising-in-reelection-bid-with-trump-high-on-voters-mind/
G,MD,Governor,Zenith Research,,2026-07-27,2026-08-03,800,lv,58.0,31.0,https://marylandmatters.org/2026/08/12/poll-moore-enjoys-comfortable-early-lead-against-cox-in-governors-rematch/
G,MD,Governor,"University of Maryland, Baltimore County",,2026-09-22,2026-09-27,776,lv,51.0,24.0,https://politics.umbc.edu/wp-content/uploads/sites/778/2026/10/UMBC-Poll-Tuesday-Oct-6.pdf
G,ME,Governor,Siena University,,2026-06-19,2026-06-26,608,lv,50.0,36.0,https://www.nytimes.com/interactive/2026/06/30/polls/times-pph-siena-maine-poll-crosstabs.html
G,ME,Governor,Beacon Research (D)/ Shaw & Co. Research,R,2026-06-23,2026-06-27,1003,rv,53.0,42.0,https://www.foxnews.com/politics/fox-news-poll-maine-senate-race-tight-concerns-about-both-candidates
G,ME,Governor,University of New Hampshire,,2026-07-15,2026-07-20,1178,lv,49.0,35.0,https://scholars.unh.edu/cgi/viewcontent.cgi?article=1980&context=survey_center_polls
G,ME,Governor,Beacon Research (D)/ Shaw & Co. Research,R,2026-08-06,2026-08-10,1000,rv,49.0,38.0,https://www.foxnews.com/politics/fox-news-poll-new-matchup-same-result-maine-senate-race-stays-locked
G,ME,Governor,SSRS,,2026-08-31,2026-09-06,880,lv,52.0,39.0,https://www.documentcloud.org/documents/28608783-cnn-poll-conducted-by-ssrs-maine/
G,ME,Governor,YouGov,,2026-09-02,2026-09-08,1335,lv,47.0,36.0,https://d3nkl3psvxxpe9.cloudfront.net/documents/ttw_me_20260902.pdf
G,ME,Governor,University of Massachusetts/YouGov,,2026-08-28,2026-09-14,650,lv,49.0,38.0,https://www.uml.edu/docs/2026-Sept-Maine-Topline_tcm18-422748.pdf
G,ME,Governor,University of New Hampshire,,2026-09-17,2026-09-21,1312,lv,48.0,40.0,https://scholars.unh.edu/cgi/viewcontent.cgi?article=2006&context=survey_center_polls
G,ME,Governor,Fabrizio Ward (R)/ Impact Research,D,2026-09-20,2026-09-22,982,lv,52.0,39.0,https://www.aarp.org/content/dam/aarp/research/topics/voter-opinion-research/politics/2026-midterm-election-poll-maine.doi.10.26419-2fres.01065.013.pdf
G,ME,Governor,New York Times/Portland Press Herald/ Siena University,,2026-09-15,2026-09-22,619,lv,47.0,34.0,https://www.nytimes.com/interactive/2026/09/25/polls/times-siena-poll-me-toplines.html
G,ME,Governor,co/efficient,R,2026-09-28,2026-09-30,1240,lv,47.0,38.0,https://battlegrounds.coefficient.org/me/
G,ME,Governor,CBS/YouGov,,2026-09-23,2026-10-01,1133,lv,56.0,44.0,https://www.cbsnews.com/news/maine-senate-poll-2026-10-02/
G,ME,Governor,Marist University,,2026-10-01,2026-10-04,1505,rv,52.0,40.0,https://maristpoll.marist.edu/wp-content/uploads/2026/10/Marist-Poll_Maine-NOS-and-Tables_202610051032xtc92617B.pdf
G,ME,Governor,The Washington Post/SSPG,,2026-09-30,2026-10-05,800,lv,49.0,36.0,https://www.washingtonpost.com/documents/916dd450-a193-4312-9a75-1b14dd95cc28.pdf?itid=lk_inline_manual_1
G,MI,Governor,Target Insyght,,2025-02-03,2025-02-08,600,v,42.0,30.0,
G,MI,Governor,Mitchell Research,,2025-03-13,2025-03-13,688,lv,37.0,34.0,
G,MI,Governor,Glengariff Group,,2025-05-05,2025-05-08,600,rv,35.0,34.0,
G,MI,Governor,Schoen Cooperman Research,D,2025-10-09,2025-10-14,600,lv,30.0,29.0,
G,MI,Governor,Rosetta Stone Communications,R,2025-10-23,2025-10-25,637,lv,34.0,39.0,
G,MI,Governor,EPIC-MRA,,2025-11-06,2025-11-11,600,rv,33.0,34.0,
G,MI,Governor,Mitchell Research,,2025-11-18,2025-11-21,616,lv,31.0,37.0,
G,MI,Governor,Glengariff Group,,2026-01-02,2026-01-06,600,lv,47.0,45.0,https://www.clickondetroit.com/news/local/2026/01/12/poll-heres-where-michigan-voters-stand-in-the-2026-gubernatorial-race/
G,MI,Governor,Glengariff Group,,2026-01-02,2026-01-06,600,lv,32.0,34.0,
G,MI,Governor,Glengariff Group,,2026-01-27,2026-02-02,,lv,45.0,41.0,https://www.detroitchamber.com/feb-2026-michigan-voter-poll/
G,MI,Governor,Glengariff Group,,2026-01-27,2026-02-02,,lv,28.0,29.0,
G,MI,Governor,Impact Research,D,2026-02-09,2026-02-16,800,lv,39.0,36.0,
G,MI,Governor,Michigan State University/YouGov,,2026-03-02,2026-03-24,1000,a,27.0,19.0,
G,MI,Governor,Impact Research,D,2026-03-23,2026-03-29,800,lv,40.0,36.0,
G,MI,Governor,Glengariff Group,,2026-04-28,2026-05-01,600,lv,34.0,29.0,
G,MI,Governor,Mitchell Research,,2026-05-01,2026-05-07,607,lv,42.0,30.0,
G,MI,Governor,TIPP Insights,R,2026-05-20,2026-05-23,1456,rv,46.0,35.0,https://tippinsights.com/league-of-american-workers-survey-michigan/
G,MI,Governor,Mitchell Research,,2026-06-11,2026-06-13,827,lv,51.0,40.0,https://www.realclearpolitics.com/docs/2026/MITCHELL_MI_Poll_Press_Release_6-17-2026_7PM.pdf
G,MI,Governor,Glengariff Group,,2026-07-22,2026-07-24,600,lv,44.0,39.0,https://mea.org/wp-content/uploads/2026/07/MICHIGAN-EDUCATION-SURVEY-REPORT-FINAL54.pdf
G,MI,Governor,Mitchell Research,,2026-07-28,2026-07-29,672,lv,46.0,44.0,https://static1.squarespace.com/static/5f14ae6fb2a20e01e9c6d608/t/6a6d26262f442f133d15fa49/1785538087149/MITCHELL+MI+Poll+Nov+Electio+Press+Release+7-31-2026+305PM_A.pdf
G,MI,Governor,EPIC-MRA,,2026-07-24,2026-07-31,600,lv,47.0,38.0,https://ssl2002.webhosting.comcast.net/epic-mra/press/Stwd_Survey_July2026_Media_Freq.pdf
G,MI,Governor,TIPP Insights,R,2026-08-06,2026-08-10,1528,rv,48.0,34.0,https://tippinsights.com/league-of-american-workers-survey-michigan-2/
G,MI,Governor,Beacon Research (D)/ Shaw & Co. Research,R,2026-08-06,2026-08-10,1006,rv,52.0,47.0,https://www.foxnews.com/politics/fox-news-poll-senate-battle-looms-michigan
G,MI,Governor,Fabrizio Ward (R)/ Impact Research,D,2026-08-09,2026-08-11,877,lv,49.0,44.0,https://www.aarp.org/content/dam/aarp/research/topics/voter-opinion-research/politics/2026-midterm-election-poll-michigan.doi.10.26419-2fres.01065.010.pdf
G,MI,Governor,Michigan State University/YouGov,,2026-08-10,2026-08-20,913,rv,49.0,39.0,https://ippsr.msu.edu/news/msu-poll-shows-democrats-lead-republicans-coalesce-behind-rogers
G,MI,Governor,EPIC-MRA,,2026-08-22,2026-08-28,600,lv,48.0,44.0,https://data.ddhq.io/polls/2026/08/29/EPIC-MRA-Michigan
G,MI,Governor,Glengariff Group,,2026-08-31,2026-09-03,600,lv,47.0,43.0,https://www.detroitnews.com/story/news/politics/2026/09/08/michigan-senate-poll-mike-rogers-abdul-el-sayed/91653231007/
G,MI,Governor,SSRS,,2026-08-31,2026-09-06,843,lv,50.0,41.0,https://www.documentcloud.org/documents/28608784-cnn-poll-conducted-by-ssrs-michigan/
G,MI,Governor,Emerson College,,2026-09-12,2026-09-14,1000,lv,49.0,42.0,https://emersoncollegepolling.com/michigan-2026-poll-el-sayed-and-rogers-locked-in-close-election/
G,MI,Governor,The Washington Post/SSPG,,2026-09-10,2026-09-14,803,lv,53.0,41.0,https://www.washingtonpost.com/documents/08fa9b5e-43ac-456c-a706-4c33ec6506dc.pdf?itid=lk_inline_manual_2
G,MI,Governor,Torchlight Strategies,R,2026-09-15,2026-09-19,643,lv,42.0,41.0,https://washingtonreporter.news/exclusive-mike-rogers-leads-in-michigan-john-james-nearly-tied-poll-shows/
G,MI,Governor,Suffolk University,,2026-09-16,2026-09-20,500,lv,51.0,34.0,https://www.suffolk.edu/-/media/suffolk/documents/academics/research-at-suffolk/suprc/polls/other-states/2026/9_22_2026_michigan_statewide_marginals.pdf?la=en&hash=6738E3056D284CD6D4733F5FB9C38684431D4884
G,MI,Governor,Beacon Research (D)/ Cygnal,R,2026-09-18,2026-09-21,600,lv,45.0,38.0,https://enjoyer.com/michigan-poll-fall-2026/
G,MI,Governor,New York Times/Siena University,,2026-09-15,2026-09-22,605,lv,48.0,43.0,https://www.nytimes.com/2026/09/25/us/governor-polls-maine-michigan-new-hampshire-pennsylvania.html
G,MI,Governor,co/efficient,R,2026-09-21,2026-09-23,843,lv,47.0,44.0,https://battlegrounds.coefficient.org/mi/
G,MI,Governor,Marist University,,2026-09-24,2026-09-27,1235,rv,53.0,41.0,https://maristpoll.marist.edu/polls/midterm-elections-in-michigan-september-2026/
G,MI,Governor,Guidant Polling & Strategy,,2026-09-20,2026-09-27,800,lv,50.0,45.0,https://static01.nyt.com/newsgraphics/documenttools/517739e11050c66b/43ffa3c2-full.pdf
G,MI,Governor,Beacon Research (D)/ Shaw & Co. Research,R,2026-09-24,2026-09-28,1203,rv,54.0,45.0,https://www.foxnews.com/politics/fox-news-poll-michigan-voters-split-between-el-sayed-rogers
G,MI,Governor,Mitchell Research & Communications,,2026-10-01,2026-10-01,682,lv,46.0,39.0,https://static1.squarespace.com/static/5f14ae6fb2a20e01e9c6d608/t/6ac5723418810b6ec90c70b7/1791324724665/Mitchell+MI+Poll+GOVERNOR+Press+Release+5PM+10-6-26_A.pdf
G,MI,Governor,Z to A Research,D,2026-09-28,2026-10-01,483,lv,50.0,40.0,https://x.com/rbrtraining/status/2108302504446337272
G,MI,Governor,YouGov,,2026-09-22,2026-10-04,3949,lv,48.0,45.0,https://d3nkl3psvxxpe9.cloudfront.net/documents/ttw_mi_20260921_lv.pdf
G,MN,Governor,SurveyUSA,,2026-01-27,2026-01-30,575,rv,49.0,34.0,https://kstp.com/kstp-news/top-news/kstp-surveyusa-klobuchar-leads-all-gop-candidates-by-double-digits/
G,MN,Governor,Emerson College,,2026-02-06,2026-02-08,1000,lv,51.0,38.0,https://emersoncollegepolling.com/minnesota-2026-poll-democrats-lead-gop-as-voters-cite-threats-to-democracy/
G,MN,Governor,Mason-Dixon Polling & Strategy,,2026-06-08,2026-06-10,800,lv,48.0,40.0,https://www.startribune.com/minnesota-poll-klobuchar-leads-all-gop-candidates-for-governor/601850018
G,MN,Governor,KTSP/SurveyUSA,,2026-08-13,2026-08-17,661,lv,51.0,36.0,https://kstp.com/kstp-news/top-news/kstp-surveyusa-poll-early-frontrunners-in-governor-and-senate-races-ag-a-toss-up/
G,MN,Governor,TIPP Insights,,2026-08-31,2026-09-02,1494,rv,47.0,37.0,https://tippinsights.com/league-of-american-workers-survey-minnesota/
G,MN,Governor,KSTP/SurveyUSA,,2026-09-09,2026-09-14,654,lv,47.0,40.0,https://kstp.com/kstp-news/top-news/kstp-surveyusa-poll-governor-senate-races-tightening-days-before-early-voting-starts-in-minnesota/
G,MN,Governor,co/efficient,R,2026-09-14,2026-09-15,833,lv,47.0,45.0,https://battlegrounds.coefficient.org/mn/
G,MN,Governor,Morning Consult,D,2026-10-02,2026-10-07,1000,rv,48.0,39.0,https://www.thedailyagenda.com/p/morning-take-the-daily-agenda-poll/
G,NE,Governor,Lake Research Partners,D,2025-07-23,2025-07-29,900,lv,39.0,51.0,https://drive.google.com/file/d/1wV-lUKPfH16Ke16fX63fjMeAMzNQxzhA/view
G,NE,Governor,Lake Research Partners,D,2025-12-11,2025-12-17,900,lv,43.0,48.0,https://drive.google.com/file/d/1wV-lUKPfH16Ke16fX63fjMeAMzNQxzhA/view
G,NE,Governor,Public Policy Polling,D,2026-04-06,2026-04-07,670,rv,33.0,38.0,https://x.com/PollTracker2024/status/2044076429176877138
G,NE,Governor,Lake Research Partners,D,2026-04-25,2026-04-29,900,lv,45.0,47.0,https://drive.google.com/file/d/1wV-lUKPfH16Ke16fX63fjMeAMzNQxzhA/view
G,NE,Governor,Public Policy Polling,D,2026-09-01,2026-09-02,559,rv,31.0,32.0,https://democraticgovernors.org/wp-content/uploads/2026/09/PPP-Sept-2026-Poll-Memo.docx.pdf
G,NE,Governor,SurveyUSA,,2026-09-08,2026-09-13,503,lv,35.0,43.0,https://results.surveyusa.com/client/PollReport.aspx?g=d94236a7-5861-4b7f-9d81-d5a81ab786cc
G,NE,Governor,Lake Research Partners,D,2026-09-08,2026-09-14,,rv,40.0,40.0,https://omaha.com/news/state-regional/government-politics/elections/article_7261e7ba-664d-4d70-8e0e-5655e663f593.html
G,NE,Governor,Wedgewood Polls,,2026-09-14,2026-09-16,500,lv,36.0,53.0,https://drive.google.com/file/d/1KBEbm4P_yziCxsZdgMhTzJ3p5UwtN7X5/view?pli=1
G,NE,Governor,co/efficient,R,2026-09-28,2026-09-30,1113,lv,38.0,43.0,https://battlegrounds.coefficient.org/ne/
G,NE,Governor,YouGov,,2026-09-24,2026-10-03,1809,lv,43.0,44.0,https://d3nkl3psvxxpe9.cloudfront.net/documents/ttw_ne_20260921_lv.pdf
G,NH,Governor,Saint Anselm College,,2026-03-16,2026-03-18,1491,rv,39.0,46.0,https://www.anselm.edu/sites/default/files/2026-03/SACSC_NHRV_0326.pdf
G,NH,Governor,University of New Hampshire,,2026-04-17,2026-04-21,1117,lv,39.0,47.0,https://scholars.unh.edu/cgi/viewcontent.cgi?article=1943&context=survey_center_polls
G,NH,Governor,University of New Hampshire,,2026-06-18,2026-06-23,2232,lv,39.0,44.0,https://scholars.unh.edu/cgi/viewcontent.cgi?article=1973&context=survey_center_polls
G,NH,Governor,Saint Anselm College,,2026-06-24,2026-06-25,1614,rv,37.0,45.0,https://www.anselm.edu/about/anselmian-hub/news/saint-anselm-college-survey-center-june-poll-finds-democrats-expand-generic-ballot-lead
G,NH,Governor,Saint Anselm College,,2026-08-17,2026-08-18,1411,lv,38.0,49.0,https://www.anselm.edu/about/anselmian-hub/news/new-saint-anselm-college-poll-finds-republicans-facing-midterm-headwinds-democratic-lead-widens
G,NH,Governor,University of New Hampshire,,2026-08-20,2026-08-24,1878,lv,39.0,49.0,https://scholars.unh.edu/cgi/viewcontent.cgi?article=1990&context=survey_center_polls
G,NH,Governor,co/efficient,R,2026-09-09,2026-09-11,958,lv,34.0,55.0,https://battlegrounds.coefficient.org/nh/
G,NH,Governor,University of New Hampshire,,2026-09-17,2026-09-21,1418,lv,43.0,47.0,https://scholars.unh.edu/cgi/viewcontent.cgi?article=2004&context=survey_center_polls
G,NH,Governor,The New York Times/Siena University,,2026-09-15,2026-09-22,613,lv,41.0,52.0,https://www.nytimes.com/interactive/2026/09/25/polls/times-siena-poll-nh-crosstabs.html
G,NH,Governor,Saint Anselm College,,2026-09-28,2026-09-29,1042,lv,45.0,52.0,https://www.aarp.org/content/dam/aarp/research/topics/voter-opinion-research/politics/2026-midterm-election-poll-new-hampshire.doi.10.26419-2fres.01065.022.pdf
G,NH,Governor,YouGov,,2026-09-28,2026-10-05,1520,lv,40.0,49.0,https://d3nkl3psvxxpe9.cloudfront.net/documents/ttw_nh_20260921_lv.pdf
G,NM,Governor,McLaughlin & Associates,R,2026-07-13,2026-07-15,400,lv,46.0,45.0,https://www.santafenewmexican.com/news/elections/hull-campaigns-poll-race-for-governor-of-new-mexico-statistically-tied/article_60922cf5-4d63-46e0-842b-fea10d355c53.html
G,NM,Governor,BSP Research,D,2026-07-22,2026-08-07,800,rv,41.0,24.0,https://bspresearch.substack.com/p/deb-haaland-has-a-commanding-17-advantage
G,NM,Governor,Research & Polling Inc.,,2026-08-21,2026-08-28,516,lv,49.0,43.0,https://www.abqjournal.com/news/journal-poll-haaland-leads-hull-by-closer-than-expected-margin-in-new-mexicos-race-for-governor/3111874
G,NM,Governor,SurveyUSA,,2026-09-25,2026-09-30,567,lv,47.0,41.0,https://www.kob.com/new-mexico/kob-poll-finds-haaland-leading-hull-by-6-points-in-head-to-head-race/
G,NV,Governor,Vote TXT,,2023-05-15,2023-05-19,412,rv,30.0,51.0,https://nevadanewsmakers.com/survey/
G,NV,Governor,Noble Predictive Insights,,2025-10-07,2025-10-13,766,rv,37.0,40.0,https://www.ktnv.com/news/new-poll-shows-lombardo-has-slight-lead-in-2026-governor-matchup?politics
G,NV,Governor,Emerson College,,2025-11-16,2025-11-18,800,rv,41.0,41.0,https://emersoncollegepolling.com/nevada-2026-poll/
G,NV,Governor,Hart Research,D,2026-02-11,2026-02-17,800,lv,43.0,46.0,https://crookedmedia.substack.com/p/what-a-day-mar-a-uh-oh
G,NV,Governor,Noble Predictive Insights,,2026-03-10,2026-03-13,845,rv,38.0,39.0,https://www.noblepredictiveinsights.com/post/nvgov-lombardo-keeps-pace-with-ford-as-undecideds-hold-the-balance
G,NV,Governor,Global Strategy Group,D,2026-05-05,2026-05-11,700,lv,42.0,45.0,
G,NV,Governor,Public Opinion Strategies,R,2026-06-27,2026-06-29,,lv,42.0,51.0,https://thenevadaindependent.com/article/three-gop-polls-show-lombardo-with-sizable-lead-in-nevada-governors-race
G,NV,Governor,Grassroots Targeting,R,2026-07-08,2026-07-06,,lv,40.0,52.0,https://thenevadaindependent.com/article/three-gop-polls-show-lombardo-with-sizable-lead-in-nevada-governors-race
G,NV,Governor,Wedgewood Polls,D,2026-07-09,2026-07-12,700,lv,47.0,50.0,https://drive.google.com/file/d/1SQB2ycX8Mwyz4pleNQoUx5XZOne8KpC8/view?usp=embed_facebook
G,NV,Governor,Public Policy Polling,D,2026-07-15,2026-07-16,558,lv,44.0,44.0,https://thenevadaindependent.com/article/lombardo-ford-tied-in-nevada-governors-race-dem-poll-shows
G,NV,Governor,Tarrance Group,R,2026-07-25,2026-07-29,,lv,43.0,50.0,https://thenevadaindependent.com/article/three-gop-polls-show-lombardo-with-sizable-lead-in-nevada-governors-race
G,NV,Governor,Emerson College,,2026-09-05,2026-09-08,680,lv,44.0,42.0,https://emersoncollegepolling.com/nevada-2026-poll-ford-and-lombardo/
G,NV,Governor,Noble Predictive Insights,,2026-09-22,2026-09-26,800,rv,37.0,38.0,https://www.noblepredictiveinsights.com/post/lombardo-tries-to-escape-trump-s-orbit-up-2-over-ford
G,NY,Governor,GrayHouse,R,2025-04-22,2025-04-24,600,rv,44.0,36.0,https://www.politico.com/f/?id=00000196-794c-d38d-ad9f-fdde91da0000
G,NY,Governor,Siena College,,2025-06-23,2025-06-26,800,rv,44.0,19.0,https://scri.siena.edu/wp-content/uploads/2025/06/SNY-June-2025-Poll-Release-STATE-7-1-25-Final.pdf
G,NY,Governor,J.L. Partners,R,2025-11-09,2025-11-10,500,lv,47.0,36.0,https://static1.squarespace.com/static/663253f0bc87b7070102f41f/t/69146bc572175e2b24eca5d1/1762945989294/NY+Statewide+Toplines.pdf
G,NY,Governor,Siena College,,2025-12-08,2025-12-12,801,rv,50.0,25.0,https://sri.siena.edu/2025/12/16/hochul-holds-19-point-lead-over-stefanik-leads-blakeman-by-25-points/?_gl=1*klln4g*_ga*MTIyMjU3OTkzNi4xNzU3NDIwNzQ4*_ga_XN3VDZ9ZYZ*czE3NjU5MTI3MDAkbzMkZzEkdDE3NjU5MTMwMjYkajU2JGwwJGgw
G,NY,Governor,John Zogby Strategies,,2026-01-06,2026-01-08,844,lv,53.0,39.0,https://johnzogbystrategies.com/new-john-zogby-strategies-poll-hochul-leads-comfortably-today-but-could-lose-support-from-independents-and-upstate/
G,NY,Governor,Siena College,,2026-01-26,2026-01-28,802,rv,54.0,28.0,https://sri.siena.edu/2026/02/03/hochul-with-her-best-ever-favorability-rating-49-40-continues-to-hold-commanding-leads-over-blakeman-54-28-among-dems-delgado-64-11/
G,NY,Governor,MAD Global Strategy,,2026-02-02,2026-02-04,600,lv,47.0,34.0,https://yonkerstimes.com/new-poll-shows-new-york-voters-support-hochuls-pragmatic-leadership-on-natural-gas-and-renewables-by-wide-margins/
G,NY,Governor,Marist University,,2026-02-16,2026-02-19,1442,rv,50.0,33.0,https://maristpoll.marist.edu/polls/the-state-of-new-york-in-an-election-year-february-2026/
G,NY,Governor,Siena College,,2026-02-23,2026-02-26,805,rv,51.0,31.0,https://sri.siena.edu/2026/03/04/strong-majorities-of-democrats-nyc-voters-support-gov-leg-giving-nyc-ability-to-raise-income-tax-on-its-residents-earning-at-least-1m/
G,NY,Governor,McLaughlin & Associates,R,2026-03-04,2026-03-08,800,lv,52.0,43.0,https://www.politico.com/newsletters/new-york-playbook/2026/03/25/bruce-is-no-lee-00843339
G,NY,Governor,Siena College,,2026-03-23,2026-03-26,804,rv,47.0,34.0,https://sri.siena.edu/wp-content/uploads/2026/03/SNY-March-2026-Poll-Release-3-31-26-FINAL.pdf
G,NY,Governor,Echelon Insights/Tusk Strategies,,2026-03-24,2026-03-26,500,rv,55.0,40.0,https://www.politico.com/f/?id=0000019d-407c-d107-a19d-e6ff72210000
G,NY,Governor,Siena College,,2026-04-27,2026-04-30,806,rv,49.0,33.0,https://sri.siena.edu/wp-content/uploads/2026/05/SNY0426-Release-Crosstabs.pdf
G,NY,Governor,Pollfinity Research,,2026-06-11,2026-06-14,229,rv,50.0,40.0,https://pollfinity.com/polls/ny-governor-2026
G,NY,Governor,Siena College,,2026-06-17,2026-06-23,1120,rv,52.0,32.0,https://sri.siena.edu/2026/06/25/hochul-favorability-approval-ratings-edge-up-as-does-her-general-election-lead-over-blakeman-now-52-32-from-49-33/
G,NY,Governor,co/efficient,R,2026-06-30,2026-07-02,1085,lv,47.0,41.0,https://nypost.com/2026/07/06/us-news/nyc-ny-state-politics-live-updates-on-governors-race-more/
G,NY,Governor,Red Oak Strategic,R,2026-07-07,2026-07-12,2000,rv,47.0,43.0,https://vinnews.com/2026/07/28/nyp-hochul-leads-blakeman-by-4-points-in-gop-backed-poll-as-new-york-governors-race-tightens/
G,NY,Governor,Moxie Strategies,,2026-07-22,2026-07-28,813,rv,49.0,37.0,https://empirereportnewyork.com/poll-new-york-voters-overwhelmingly-say-its-time-to-quadruple-the-volunteer-firefighter-tax-credit/
G,NY,Governor,Siena College,,2026-08-03,2026-08-06,811,lv,49.0,39.0,https://sri.siena.edu/2026/08/12/siena-poll-of-likely-new-york-state-voters-hochul-49-blakeman-39/
G,NY,Governor,Concord Public Opinion Partners,,2026-08-19,2026-08-21,505,lv,50.0,34.0,https://www.politico.com/f/?id=000001a0-63f8-d286-a1b8-fffc39b00000
G,NY,Governor,McLaughlin & Associates,R,2026-08-27,2026-08-31,800,lv,50.0,46.0,https://nypost.com/2026/09/08/us-news/blakeman-poll-claims-hes-within-4-points-of-toppling-hochul/
G,NY,Governor,Siena College,,2026-09-11,2026-09-17,1144,lv,50.0,41.0,https://sri.siena.edu/2026/09/23/siena-poll-of-likely-new-york-state-voters-hochul-50-blakeman-41/
G,NY,Governor,Quinnipiac University,,2026-09-17,2026-09-20,1026,lv,58.0,39.0,https://poll.qu.edu/poll-release?releaseid=3967
G,NY,Governor,co/efficient,R,2026-09-23,2026-09-25,1046,lv,48.0,41.0,https://nypost.com/2026/10/05/us-news/more-than-half-of-new-york-voters-concerned-about-rise-of-socialism-poll/
G,NY,Governor,Marist University,,2026-10-01,2026-10-04,1361,rv,53.0,42.0,https://maristpoll.marist.edu/wp-content/uploads/2026/10/Marist-Poll_NYS_NOS-and-Tables_202610051034565bVw9_q.pdf
G,NY,Governor,Emerson College,,2026-10-03,2026-10-05,900,lv,52.0,40.0,https://emersoncollegepolling.com/new-york-2026-poll-governor-hochul-leads-blakeman-by-12/
G,OH,Governor,Public Policy Polling,D,2025-02-19,2025-02-20,642,rv,45.0,44.0,https://314action.org/wp-content/uploads/2025/02/Ohio-Poll-Feb-2025.pdf
G,OH,Governor,Bowling Green State University/YouGov,,2025-04-18,2025-04-24,800,rv,45.0,50.0,https://scholarworks.bgsu.edu/cgi/viewcontent.cgi?article=1009&context=depo
G,OH,Governor,Impact Research,D,2025-07-24,2025-07-28,800,lv,46.0,47.0,https://mcusercontent.com/350a1d4442fd0b270ac8072f7/files/a27b8473-e2e2-2c57-82a5-b046ce7e590a/Impact_Research_Amy_Acton_for_OH_Governor_August_Polling_Memo.pdf
G,OH,Governor,Emerson College,,2025-08-18,2025-08-19,1000,rv,39.0,49.0,https://emersoncollegepolling.com/ohio-2026/
G,OH,Governor,Hart Research,D,2025-09-19,2025-09-22,800,lv,46.0,45.0,https://www.oft-aft.org/press/oft-poll-ohio-governors-race-toss-acton-outpaces-ramaswamy-favorability
G,OH,Governor,Bowling Green State University/YouGov,,2025-10-02,2025-10-14,800,rv,47.0,50.0,https://scholarworks.bgsu.edu/cgi/viewcontent.cgi?article=1013&amp;context=depo
G,OH,Governor,Emerson College,,2025-12-06,2025-12-08,850,rv,46.0,45.0,https://emersoncollegepolling.com/ohio-2026-poll-democrats-make-gains-in-races-for-governor-and-us-senate/
G,OH,Governor,Data Targeting,R,2025-12-03,2025-12-08,603,lv,43.0,45.0,https://files.constantcontact.com/0298af4f501/e1c7247f-6c5b-4b40-8fd0-04ce6718023a.pdf?rdr=true
G,OH,Governor,EMC Research,D,2026-02-10,2026-02-22,1343,lv,53.0,43.0,https://theoec.org/wp-content/uploads/2026/03/OEC-Ohio-Survey-Results-2026.pdf
G,OH,Governor,Quantus Insights,R,2026-03-13,2026-03-14,809,lv,46.0,45.0,https://quantusinsights.org/f/quantus-insights-ohio-voters-signal-competitive-2026-environment
G,OH,Governor,Echelon Insights,R,2026-04-03,2026-04-09,413,lv,44.0,49.0,https://netchoice.org/wp-content/uploads/2026/04/NetChoice-Apr-2026-National-Antitrust-Survey-Topline.pdf
G,OH,Governor,Bowling Green State University/YouGov,,2026-04-07,2026-04-14,1000,rv,47.0,48.0,https://scholarworks.bgsu.edu/cgi/viewcontent.cgi?article=1021&context=depo
G,OH,Governor,Beacon Research (D)/ Shaw & Co. Research,R,2026-05-28,2026-06-01,1015,rv,50.0,49.0,https://www.foxnews.com/politics/fox-news-poll-democratic-unity-republican-crossovers-shape-ohio-senate-race
G,OH,Governor,Tulchin Research,D,2026-06-02,2026-06-04,600,lv,47.0,44.0,https://www.nbc4i.com/news/your-local-election-hq/new-poll-shows-democratic-candidates-ahead-in-ohio/
G,OH,Governor,Fabrizio Ward (R)/ Impact Research,D,2026-06-14,2026-06-16,800,lv,47.0,44.0,https://www.aarp.org/press/releases/2026-06-25-ohio-poll-50-voters-key-tight-senate-governor-races/
G,OH,Governor,Siena University,,2026-06-15,2026-06-28,601,lv,47.0,47.0,https://www.nytimes.com/interactive/2026/07/01/polls/times-siena-battleground-poll-toplines.html
G,OH,Governor,Tulchin Research,D,2026-07-29,2026-08-04,600,lv,46.0,44.0,https://www.documentcloud.org/documents/28549388-oh-sen-gov-ag-tulchin-research-for-john-kulewicz/
G,OH,Governor,Beacon Research (D)/ Shaw & Co. Research,R,2026-08-06,2026-08-10,1008,rv,48.0,50.0,https://www.foxnews.com/politics/fox-news-poll-economic-anxiety-candidate-concerns-define-ohio-senate-race
G,OH,Governor,Wedgewood Polls,,2026-08-11,2026-08-13,800,lv,47.0,46.0,https://drive.google.com/file/d/1rP-26-yqNx9jy_gRqoLDmgJgzm5X8a4O/view?usp=embed_facebook
G,OH,Governor,Bowling Green State University/YouGov,,2026-09-01,2026-09-10,1000,lv,48.0,45.0,https://drive.google.com/file/d/16DCSUQaBOGTTk0u3flp6q0uwC6AO8euZ/view
G,OH,Governor,Big Data Poll,R,2026-09-26,2026-09-27,680,lv,47.0,48.0,https://www.bigdatapoll.com/blog/buckeye-state-poll-sherrod-brown-leads-jon-husted-for-us-senate-in-ohio/
G,OH,Governor,Marist University,,2026-09-24,2026-09-27,1298,rv,50.0,44.0,https://maristpoll.marist.edu/polls/midterm-elections-in-ohio-september-2026/
G,OH,Governor,Suffolk University,,2026-09-23,2026-09-27,500,lv,50.0,41.0,https://www.suffolk.edu/-/media/suffolk/documents/academics/research-at-suffolk/suprc/polls/other-states/2026/9_29_2026_ohio_embargoed_marginals_part_1.pdf
G,OH,Governor,YouGov,,2026-09-18,2026-09-30,3780,lv,48.0,44.0,https://d3nkl3psvxxpe9.cloudfront.net/documents/ttw_oh_20260921_lv.pdf
G,OH,Governor,New York Times/Siena University,,2026-09-22,2026-10-01,616,lv,49.0,45.0,https://www.nytimes.com/interactive/2026/10/03/polls/times-siena-ohio-poll-crosstabs.html
G,OH,Governor,SSRS,,2026-09-29,2026-10-05,760,lv,50.0,42.0,https://www.documentcloud.org/documents/28729016-cnn-ohio-poll-conducted-by-ssrs/
G,OH,Governor,co/efficient,R,2026-10-05,2026-10-06,925,lv,43.0,45.0,https://battlegrounds.coefficient.org/oh/
G,OR,Governor,FM3 Research,D,2026-01-28,2026-02-04,1065,lv,45.0,40.0,https://www.oregonlive.com/politics/2026/02/who-will-be-oregons-next-governor-first-poll-of-2026-names-this-candidate.html
G,OR,Governor,Hoffman Research Group,R,2026-05-11,2026-05-12,603,lv,45.0,45.0,https://www.yahoo.com/news/articles/poll-shows-candidate-leading-kotek-225944696.html
G,OR,Governor,Public Opinion Strategies,R,2026-06-22,2026-06-24,600,rv,44.0,48.0,https://www.oregonlive.com/politics/2026/07/new-poll-shows-oregon-governors-race-is-far-from-settled.html
G,OR,Governor,DHM Research,,2026-09-03,2026-09-09,600,lv,43.0,45.0,https://www.oregonjournalismproject.org/new-poll-shows-drazan-with-slight-lead-in-governors-race
G,OR,Governor,DHM Research,,2026-09-17,2026-09-27,915,lv,46.0,47.0,https://www.opb.org/article/2026/09/30/opb-poll-shows-oregon-governors-race-virtually-deadlocked/
G,OR,Governor,DHM Research,,2026-09-24,2026-10-01,549,lv,46.0,44.0,https://www.oregonlive.com/politics/2026/10/oregon-governors-race-may-be-shifting-new-poll-shows.html
G,OR,Governor,GBAO,D,2026-10-01,2026-10-04,800,lv,46.0,42.0,https://www.opb.org/article/2026/10/08/new-polls-kotek-may-lead/
G,PA,Governor,Susquehanna Polling & Research,R,2025-09-22,2025-09-28,700,lv,54.0,36.0,
G,PA,Governor,Quinnipiac University,,2025-09-25,2025-09-29,1579,rv,55.0,39.0,https://poll.qu.edu/poll-release?releaseid=3933
G,PA,Governor,Quinnipiac University,,2026-02-19,2026-02-23,836,rv,55.0,37.0,https://poll.qu.edu/poll-release?releaseid=3948
G,PA,Governor,Franklin & Marshall College,,2026-02-18,2026-03-01,834,rv,48.0,28.0,https://www.politicspa.com/fm-poll-shapiro-leads-garrity-for-governor-48-28/145800/
G,PA,Governor,Susquehanna Polling & Research,R,2026-03-18,2026-03-29,700,lv,58.0,36.0,https://x.com/SusquehannaPR/status/2039323234047340873/photo/1
G,PA,Governor,PennLive,,2026-05-20,2026-05-24,683,lv,53.0,29.0,https://www.pennlive.com/news/2026/06/pa-voters-more-dissatisfied-especially-with-trump-tariffs-jan-6-fund-morning-scrapple-poll.html
G,PA,Governor,MAD Global Strategy,,2026-06-09,2026-06-11,600,lv,48.0,31.0,https://acrobat.adobe.com/id/urn:aaid:sc:US:02135b93-6f90-4667-84b3-6f2b871c00e3
G,PA,Governor,Franklin & Marshall College,,2026-06-08,2026-06-14,546,rv,50.0,28.0,https://www.fandmpoll.org/franklin-marshall-college-poll-release-june-2026/
G,PA,Governor,PennLive,,2026-06-18,2026-06-25,644,rv,54.0,29.0,https://bravogroup.us/morning-scrapple/
G,PA,Governor,Quinnipiac University,,2026-07-09,2026-07-13,895,rv,53.0,40.0,https://poll.qu.edu/poll-release?releaseid=3962
G,PA,Governor,National Public Affairs,R,2026-07-26,2026-07-30,600,lv,50.0,43.0,https://backend.natpublicaffairs.com/media/PA_Statewide_Topline_08042026%20-Public_Release-v2.pdf
G,PA,Governor,Siena University,,2026-08-17,2026-08-21,760,lv,55.0,39.0,https://www.nytimes.com/interactive/2026/08/25/polls/times-inquirer-siena-pa-poll-rv-crosstabs.html
G,PA,Governor,PennLive,,2026-08-18,2026-08-22,711,rv,56.0,25.0,https://www.pennlive.com/politics/2026/08/fettermans-problems-with-pa-democrats-just-keep-getting-worse-morning-scrapple-poll.html
G,PA,Governor,Franklin & Marshall College,,2026-08-17,2026-08-23,501,rv,50.0,25.0,https://www.fandmpoll.org/franklin-marshall-college-poll-release-august-2026/
G,PA,Governor,PennLive,,2026-09-16,2026-09-22,624,rv,55.0,28.0,https://mailchi.mp/thebravogroup.com/morning-scrapple-sept26-results-ns
G,PA,Governor,The New York Times/The Philadelphia Inquirer/Siena University,,2026-09-15,2026-09-22,615,lv,58.0,38.0,https://www.nytimes.com/interactive/2026/09/24/polls/times-inquirer-siena-pa-poll-lv-crosstabs.html
G,PA,Governor,Susquehanna Polling & Research,R,2026-09-22,2026-09-30,700,lv,52.0,31.0,https://x.com/SusquehannaPR/status/2107848814992449714
G,PA,Governor,Z to A Research,D,2026-09-28,2026-10-01,630,lv,53.0,34.0,https://x.com/rbrtraining/status/2108302504446337272
G,PA,Governor,Quinnipiac University Polling Institute,,2026-10-01,2026-10-05,1159,lv,59.0,34.0,https://poll.qu.edu/images/polling/pa/pa10072026_pgrx47.pdf
G,RI,Governor,Opinion Diagnostics,,2026-04-13,2026-04-16,802,lv,33.0,16.0,https://www.golocalprov.com/politics/new-poll-on-governors-race-turns-race-upside-down
G,RI,Governor,University of New Hampshire,,2026-06-18,2026-06-23,664,lv,38.0,22.0,https://scholars.unh.edu/cgi/viewcontent.cgi?article=1970&context=survey_center_polls
G,RI,Governor,Emerson College/WPRI-TV,,2026-08-21,2026-08-22,1000,lv,45.0,18.0,https://www.wpri.com/12-news-emerson-college-poll-results-august-2026
G,RI,Governor,University of New Hampshire,,2026-08-20,2026-08-24,750,lv,40.0,15.0,https://scholars.unh.edu/cgi/viewcontent.cgi?article=1992&context=survey_center_polls
G,RI,Governor,University of New Hampshire,,2026-09-17,2026-09-21,598,lv,44.0,17.0,https://scholars.unh.edu/survey_center_polls/1009/
G,RI,Governor,Opinion Diagnostics,,2026-09-23,2026-09-25,800,lv,41.0,19.0,https://www.golocalprov.com/politics/new-blocks-campaign-poll-shows-he-leads-foulkes-head-to-head-in-race-for-gov-guckian-on-track-for-the-worst-gop-result-on-record
G,SC,Governor,Public Policy Polling,D,2026-07-16,2026-07-17,577,v,37.0,45.0,https://data.ddhq.io/polls/2026/07/30/Public-Policy-Polling/Annie-Andrews-South-Carolina-2026-07-16-2026-07-17
G,SC,Governor,Hart Research,D,2026-08-12,2026-08-15,600,v,42.0,50.0,https://www.washingtonexaminer.com/news/campaigns/state/4702087/poll-south-carolina-governor-race-democrat-jermaine-johnson/
G,SC,Governor,Resonance Media,,2026-09-29,2026-10-03,638,rv,35.0,45.0,https://www.fitsnews.com/wp-content/uploads/securepdfs/2026/10/Resonance-Governor-Poll-Summary-Oct-5-2026.pdf
G,TN,Governor,Quantus Insights,R,2025-08-05,2025-08-07,600,rv,28.0,49.0,https://drive.google.com/file/d/1e3buxlVGdwvx-2H11FwX9XI_y1EWvzu6/view
G,TN,Governor,Targoz Market Research,,2026-04-20,2026-04-27,1200,rv,27.0,51.0,https://tennsight.com/polls/may-2026/
G,TN,Governor,Targoz Market Research,,2026-08-15,2026-08-26,1149,rv,33.0,46.0,https://tennsight.com/wp-content/uploads/2026/08/Beacon-Poll-of-TN-August-2026-Crosstabs-Party-Ideology-and-Region-1.pdf
G,TN,Governor,TargetSmart,,2026-09-09,2026-09-12,600,lv,36.0,45.0,https://static1.squarespace.com/static/6a5f8cee70d79f7c81148115/t/6aac27e65ceec94e215a260b/1789667303333/TSmart_TN+Statewide+Baseline_Toplines_2026.09.14.pdf
G,TX,Governor,Emerson College,,2026-01-10,2026-01-12,1165,rv,42.0,50.0,https://emersoncollegepolling.com/texas-2026-poll/
G,TX,Governor,University of Houston/YouGov,,2026-01-20,2026-01-31,1502,lv,42.0,49.0,https://www.uh.edu/hobby/primary2026/state.pdf
G,TX,Governor,GBAO,D,2026-01-26,2026-02-03,1000,lv,43.0,46.0,https://drive.google.com/file/d/1HcKBWzElxg9AUOzaOXitYKVMwyc1M4sB/view
G,TX,Governor,University of Texas/Texas Politics Project,,2026-02-02,2026-02-16,1300,rv,35.0,45.0,https://texaspolitics.utexas.edu/files/202604_POLL_TOPLINES-1d319c0b.pdf
G,TX,Governor,UT Tyler,,2026-02-13,2026-02-22,1117,rv,41.0,49.0,https://www.uttyler.edu/academics/colleges-schools/arts-sciences/departments/political-science/files/ut-tyler-poll-cor-feb-2026-poll-final-topline-report.pdf
G,TX,Governor,Slingshot Strategies,D,2026-04-17,2026-04-20,1018,lv,43.0,48.0,https://www.texastribune.org/wp-content/uploads/2026/04/TPOR-April-2026-TXSEN-poll.pdf
G,TX,Governor,University of Texas/Texas Politics Project,,2026-04-10,2026-04-20,1200,rv,38.0,44.0,https://texaspolitics.utexas.edu/files/202604_POLL_TOPLINES-1d319c0b.pdf
G,TX,Governor,Texas Southern University/YouGov,,2026-04-22,2026-05-05,1223,lv,43.0,49.0,https://static1.squarespace.com/static/67aa7aa3e284b002cd6a420e/t/6a0addffcba58d0751053542/1779097087749/TSUTexasNov2026.pdf
G,TX,Governor,Public Policy Polling,D,2026-05-22,2026-05-23,643,rv,44.0,48.0,https://static.politico.com/c0/7c/2c2db3c14c74946fa393d9e485cc/texas-gen-results-ppp-5-26-1.pdf
G,TX,Governor,Texas Public Opinion Research,,2026-05-27,2026-05-28,1670,lv,41.0,46.0,https://drive.google.com/file/d/1lCiaC7xw4VTmc2I4aHRZ-Pi3McLOwsrI/view
G,TX,Governor,Quantus Insights,R,2026-06-03,2026-06-04,800,lv,41.0,49.0,https://quantusinsights.org/f/texas-republicans-lead-statewide-senate-race-starts-close
G,TX,Governor,Texas A&M University/ReconMR,,2026-06-01,2026-06-04,807,lv,43.0,49.0,https://reconmr.com/wp-content/uploads/2026/06/TXPLV-Crosstabs-1.pdf
G,TX,Governor,University of Texas/Texas Politics Project,,2026-06-05,2026-06-12,1200,rv,40.0,47.0,https://texaspolitics.utexas.edu/files/202606_POLL_TOPLINE-723970a4.pdf
G,TX,Governor,SoCal Strategies,R,2026-06-21,2026-06-21,800,lv,42.0,54.0,https://socalstrategies.substack.com/p/ken-paxton-leads-narrow-texas-senate
G,TX,Governor,Siena University,,2026-06-19,2026-06-27,656,lv,44.0,51.0,https://www.nytimes.com/interactive/2026/06/30/polls/times-siena-texas-poll-crosstabs.html
G,TX,Governor,Texas Public Opinion Research,,2026-07-15,2026-07-17,1048,lv,42.0,45.0,https://www.texastribune.org/2026/07/28/texas-senate-poll-james-talarico-ken-paxton-july-2026/
G,TX,Governor,Beacon Research (D)/ Shaw & Co. Research,R,2026-07-23,2026-07-27,1005,rv,49.0,50.0,https://www.foxnews.com/politics/fox-news-poll-gop-divisions-shape-texas-senate-race
G,TX,Governor,Siena University,,2026-07-27,2026-07-30,619,lv,45.0,46.0,https://reconmr.com/wp-content/uploads/2026/08/Texas-Pulse-August-Release-August-7-2026-Final.pdf
G,TX,Governor,Texas Southern University,,2026-07-27,2026-07-30,1200,lv,43.0,49.0,https://static1.squarespace.com/static/67aa7aa3e284b002cd6a420e/t/6a713767d4ed824b91ea090d/1785804647961/Texas+Statewide+August2026.pdf
G,TX,Governor,Wedgewood Polls,D,2026-07-30,2026-07-31,800,lv,44.0,50.0,https://drive.google.com/file/d/1t2mC4MFActxiBdx4ef_5crisXjD9xH7a/view
G,TX,Governor,Cygnal,R,2026-07-29,2026-07-31,800,lv,46.0,49.0,https://www.cygn.al/wp-content/uploads/2026/08/Abbott-Data-Center-Plan-Memo.pdf
G,TX,Governor,GBAO,D,2026-08-04,2026-08-09,1000,lv,48.0,49.0,
G,TX,Governor,Emerson College,,2026-08-09,2026-08-10,1000,lv,45.0,49.0,https://emersoncollegepolling.com/texas-2026-poll-paxton-and-talarico/
G,TX,Governor,University of Texas/Texas Politics Project,,2026-08-05,2026-08-13,1200,rv,40.0,45.0,https://texaspolitics.utexas.edu/files/202608_POLL_TOPLINE-c5d4ba53.pdf
G,TX,Governor,Texas Public Opinion Research,,2026-08-21,2026-08-24,1000,lv,42.0,49.0,https://texaspublicopinionresearch.substack.com/p/new-poll-in-texas-general-election
G,TX,Governor,Overton Insights,R,2026-08-24,2026-08-26,1167,lv,49.0,51.0,https://overtoninsights.com/wp-content/uploads/2026/09/Overton_Insights_Texas_Public_Policy_Foundation_Toplines_and_Demographics-3.pdf
G,TX,Governor,Fabrizio Ward (R)/ Impact Research,D,2026-08-30,2026-09-01,895,lv,46.0,49.0,https://www.aarp.org/press/releases/2026-09-10-new-aarp-texas-poll-highly-motivated-older-voters-could-shape-close-senate-governor-races/
G,TX,Governor,Univision/YouGov,,2026-08-27,2026-09-04,1000,rv,47.0,47.0,https://www.univision.com/noticias/politica/poll-univision-texas-2026
G,TX,Governor,Mason-Dixon,,2026-09-08,2026-09-10,625,lv,41.0,48.0,https://s3.documentcloud.org/documents/28623723/tx926allvoterresults.pdf
G,TX,Governor,ReconMR/Siena University,,2026-09-08,2026-09-11,614,lv,49.0,45.0,https://reconmr.com/wp-content/uploads/2026/09/ReconMR-Texas-Poll-September-Release-Final.pdf
G,TX,Governor,SoCal Strategies,R,2026-09-12,2026-09-13,649,lv,44.0,52.0,https://socalstrategies.substack.com/p/new-socal-strategies-poll-james-talarico
G,TX,Governor,Emerson College,,2026-09-12,2026-09-14,1000,lv,46.0,49.0,https://emersoncollegepolling.com/texas-2026-poll-talarico-and-paxton-in-dead-heat-abbott-maintains-edge/
G,TX,Governor,Texas Southern University,,2026-09-15,2026-09-19,1800,lv,45.0,49.0,https://static1.squarespace.com/static/67aa7aa3e284b002cd6a420e/t/6ab15cb39e4cc420b9ef07f5/1790008500236/TSUSept2026_TXStatewideRaces.pdf
G,TX,Governor,Marist University,,2026-09-17,2026-09-20,1139,rv,49.0,46.0,https://maristpoll.marist.edu/wp-content/uploads/2026/09/Marist-Poll_TX-NOS-and-Tables_202609221131.pdf
G,TX,Governor,Texas Public Opinion Research,,2026-09-19,2026-09-22,1007,lv,46.0,50.0,https://texaspublicopinionresearch.substack.com/p/new-poll-in-texas-general-election-662
G,TX,Governor,Stratus Intelligence,R,2026-09-22,2026-09-24,865,lv,45.0,50.0,https://www.politico.com/f/?id=000001a0-e76b-d462-adb2-e7fba4200000
G,TX,Governor,Big Data Poll,,2026-09-24,2026-09-26,698,lv,44.0,49.0,https://www.bigdatapoll.com/blog/lone-star-state-poll-talarico-paxton-in-close-race-us-senate-in-texas/
G,TX,Governor,Beacon Research (D)/ Shaw & Co. Research,R,2026-09-24,2026-09-28,1005,lv,47.0,52.0,https://static.foxnews.com/foxnews.com/content/uploads/2026/10/fox_september-24-28-2026_texas_topline_october-1-release.pdf
G,TX,Governor,Guidant Polling & Strategy,,2026-09-20,2026-09-28,800,lv,44.0,46.0,https://static01.nyt.com/newsgraphics/documenttools/b31cf2744465b8b7/1a8b655b-full.pdf
G,TX,Governor,UMass Lowell/YouGov,,2026-09-18,2026-09-28,850,lv,44.0,48.0,https://www.uml.edu/news/press-releases/2026/10092026-texas-poll.aspx
G,TX,Governor,New York Times/Siena University,,2026-09-22,2026-10-01,615,lv,49.0,46.0,https://www.nytimes.com/interactive/2026/10/03/polls/times-siena-texas-poll-toplines.html
G,TX,Governor,YouGov,,2026-09-28,2026-10-05,3625,lv,48.0,47.0,https://d3nkl3psvxxpe9.cloudfront.net/documents/ttw_tx_20260921_lv.pdf
G,VT,Governor,University of New Hampshire,,2026-06-18,2026-06-23,887,lv,27.0,42.0,https://scholars.unh.edu/cgi/viewcontent.cgi?article=1969&context=survey_center_polls
G,VT,Governor,University of New Hampshire,,2026-07-15,2026-07-20,954,lv,33.0,44.0,https://scholars.unh.edu/cgi/viewcontent.cgi?article=1981&context=survey_center_polls
G,VT,Governor,Braun Research/Vermont Public,,2026-09-10,2026-09-21,817,rv,32.0,42.0,https://www.vermontpublic.org/local-news/2026-09-28/vermont-general-election-poll-results-2026
G,VT,Governor,University of New Hampshire,,2026-09-17,2026-09-21,829,lv,49.0,43.0,https://scholars.unh.edu/cgi/viewcontent.cgi?article=2005&context=survey_center_polls
G,VT,Governor,State Navigate,,2026-10-02,2026-10-04,948,lv,43.0,46.0,https://projects.statenavigate.com/interactives/vt/statewide-poll-october-2026/#governor
G,WI,Governor,TIPP Insights,R,2026-03-13,2026-03-19,1175,lv,42.0,41.0,https://tippinsights.com/league-of-american-workers-survey-wisconsin-3/
G,WI,Governor,RMG Research,,2026-07-20,2026-07-24,800,rv,46.0,43.0,https://reforminggovernment.org/irg-poll-inflation-still-rules-free-markets-still-win-race-still-open/
G,WI,Governor,GBAO,D,2026-07-30,2026-08-03,800,lv,47.0,44.0,https://www.politico.com/f/?id=0000019f-f6da-d9b2-a7bf-fedf3b250000
G,WI,Governor,Platform Communications,R,2026-08-12,2026-08-13,500,lv,48.0,44.0,https://www.wpr.org/news/crowley-leading-tiffany-four-points-new-poll
G,WI,Governor,TIPP Insights,R,2026-08-14,2026-08-18,1199,lv,47.0,43.0,https://tippinsights.com/league-of-american-workers-survey-wisconsin-4/
G,WI,Governor,Marquette University,,2026-08-12,2026-08-20,738,lv,49.0,44.0,https://law.marquette.edu/poll/2026/08/26/marquette-law-poll-finds-crowley-leading-tiffany-among-likely-voters-tied-among-all-registered-voters/
G,WI,Governor,Marquette University,,2026-09-16,2026-09-23,692,lv,49.0,46.0,https://law.marquette.edu/poll/2026/09/30/mlsp91-press-release/
G,WI,Governor,Z to A Research,D,2026-09-28,2026-10-01,662,lv,49.0,44.0,https://x.com/rbrtraining/status/2108302504446337272
H,AK,House AK-01,Public Policy Polling,D,2026-02-11,2026-02-12,600,lv,37.0,41.0,https://hub.nationaljournal.com/new-maps-for-new-york-1?ecid=ACsprvtXCGX_y5aGgL4GVYyMV9Pj7_5mYOX-Ecv59TfcWhUAkRfvxk8ydNp1f2W6B11HWiXOKD8M&utm_campaign=36387909-%5BNJ%5D%202026%20Wake%20Up%20Call&utm_medium=email&_hsenc=p2ANqtz--ypdqFzjt6YlQeSvcQ2L6ur-f3dfrpC3LBhtrLZ4qbOePmR8uo6p_Cyj44MVGYrw4Q0nK8jceKiqibg_VZpQlb2qLJhFLgjXeX0K4fwp0NAbfnvxU&_hsmi=404722735&utm_content=404722735&utm_source=hs_email
H,AK,House AK-01,Change Research,D,2026-03-17,2026-03-20,624,lv,43.0,57.0,https://www.independentaction.org/news/revhhcbrfzodrm3lh38l9axg2de96b
H,AK,House AK-01,Alaska Survey Research,,2026-04-16,2026-04-19,1923,lv,47.9,52.1,https://bsky.app/profile/alaskasurvey.bsky.social/post/3mk7ed75jiw27
H,AK,House AK-01,Alaska Survey Research,,2026-05-14,2026-05-17,1401,lv,49.5,50.5,https://x.com/The_Real_ASR/status/2060069693415891119
H,AK,House AK-01,Tavern Research,D,2026-05-18,2026-05-27,452,lv,48.0,52.0,https://242750075.fs1.hubspotusercontent-na2.net/hubfs/242750075/AK-AL%20Toplines.pdf
H,AK,House AK-01,The Bullfinch Group/Independent Center,,2026-07-13,2026-07-16,705,lv,53.1,46.9,https://cdn.sanity.io/files/ifn0l6bs/production/abfd9319613df822e6cf094f8d2390e5f40a5ebe.docx
H,AK,House AK-01,Data for Progress,D,2026-07-28,2026-08-04,605,lv,37.0,47.0,https://www.filesforprogress.org/datasets/2026/8/dfp_alaska_aug_2026.pdf
H,AK,House AK-01,GBAO,D,2026-08-03,2026-08-05,500,lv,42.0,46.0,https://punchbowl.news/hill-aug-polling-memo/
H,AK,House AK-01,Bullfinch Group,,2026-09-01,2026-09-06,820,lv,37.0,44.0,https://cdn.prod.website-files.com/68d1c32ec01e1d1f6a86e801/6abd40f2f3810a4e535a8aa6_Alaska_Topline-Independent_Leadership_Council.pdf
H,AK,House AK-01,Fabrizio Ward (R)/ Impact Research,D,2026-09-08,2026-09-11,800,lv,47.1,52.9,https://www.aarp.org/pri/topics/voter-research/politics/2026-midterm-election-poll-alaska/?CMP=RDRCT-PRI-POLT
H,AK,House AK-01,New York Times/Siena University,,2026-09-24,2026-10-01,504,lv,47.8,52.2,https://www.nytimes.com/interactive/2026/10/03/polls/times-siena-alaska-poll-toplines.html
H,AL,House AL-02,Impact Research,D,2026-06-22,2026-06-25,400,lv,44.0,45.0,https://hub.nationaljournal.com/serving-maine-up-on-a-golden-platner
H,AL,House AL-02,DCCC,D,2026-07-29,2026-07-30,421,lv,46.0,46.0,https://dccc.org/wp-content/uploads/2026/08/DCCC-Polling-Memo-Rep.-Shomari-Figures-in-Toss-Up-Race-in-AL-02.pdf
H,AL,House AL-02,Tulchin Research,D,2026-08-24,2026-08-31,,v,47.0,47.0,https://www.thehousemajoritypac.com/news/hmp-poll-shomari-figures-tied-with-rhett-marques-in-al-02
H,AR,House AR-02,2040 Strategy Group,D,2026-04-28,2026-05-08,660,lv,46.0,43.0,https://arktimes.com/arkansas-blog/2026/05/21/chris-jones-noses-ahead-of-french-hill
H,AR,House AR-02,Hendrix College,,2026-08-12,2026-08-13,1112,lv,48.0,44.0,https://talkbusiness.net/2026/08/poll-similar-trends-in-cd2-show-tight-race-between-hill-jones/
H,AZ,House AZ-01,FirstStrategic Communications and Public Affairs,,2026-10-01,2026-10-01,400,lv,44.0,42.0,https://x.com/Garrett_Archer/status/2107166943052808575
H,AZ,House AZ-02,GBAO,D,2026-06-11,2026-06-15,500,lv,41.0,44.0,https://www.nationaljournal.com/s/732200/dem-poll-shows-tightening-race-in-deep-red-territory/?unlock=QL98DIZZ54TZ6EJ5
H,AZ,House AZ-02,Peak Insights,R,2026-08-17,2026-08-20,400,lv,42.0,53.0,https://x.com/Bencjacobs/status/2091935151609565622
H,AZ,House AZ-02,GBAO,D,2026-08-21,2026-08-24,500,lv,44.0,46.0,https://www.politico.com/f/?id=000001a0-5f6e-d286-a1b8-ff7eb4c70000
H,AZ,House AZ-06,Public Policy Polling,D,2025-10-14,2025-10-15,581,lv,42.0,41.0,https://www.politico.com/f/?id=00000199-fd60-dc69-abd9-fff2ed910000
H,AZ,House AZ-06,Ragnar Research Partners,R,2026-03-12,2026-03-14,400,lv,47.0,44.0,https://punchbowl.news/article/campaigns/bad-gop-polls/
H,AZ,House AZ-06,Normington Petts,D,2026-06-08,2026-06-11,500,lv,47.0,45.0,
H,CA,House CA-01,David Binder Research,D,2026-02-24,2026-02-28,700,lv,60.9,39.1,https://static01.nyt.com/newsgraphics/documenttools/4de2c8b5a658db12/576440cc-full.pdf
H,CA,House CA-06,EMC Research,D,2026-05-03,2026-05-06,400,lv,54.2,45.8,https://drive.google.com/file/d/14v_zmHjiTIDw61FXSGgMUqGPiXj9Tq2Z/view
H,CA,House CA-06,The Bullfinch Group/Independent Center,,2026-07-13,2026-07-16,741,lv,39.0,35.0,https://cdn.sanity.io/files/ifn0l6bs/production/abfd9319613df822e6cf094f8d2390e5f40a5ebe.docx
H,CA,House CA-06,The Bullfinch Group,,2026-09-01,2026-09-06,927,lv,37.0,37.0,https://cdn.prod.website-files.com/68d1c32ec01e1d1f6a86e801/6abaf0a470c7a5a2ba247b56_151dca06e31c001b9edb70b5ac86f8e9_CA06_Summary_Topline___Independent_Leadership_Council.pdf
H,CA,House CA-22,Data for Progress,D,2026-05-01,2026-05-06,517,lv,51.1,48.9,https://www.filesforprogress.org/datasets/2026/5/ca22_primary_memo_2026.pdf
H,CA,House CA-22,Tulchin Research,D,2026-06-15,2026-06-21,800,lv,48.0,44.0,https://www.politico.com/f/?id=0000019f-81aa-da70-abdf-f3fe17980000
H,CA,House CA-48,SurveyUSA,,2026-04-14,2026-04-19,500,lv,47.9,52.1,https://www.surveyusa.com/client/PollReport.aspx?g=69867e15-64d4-41d9-841e-5c9fbbd45cd2
H,CA,House CA-48,Tulchin Research,D,2026-04-27,2026-04-30,600,lv,50.7,49.3,https://punchbowl.news/wp-content/uploads/CA-48-Poll-Memo-5-26-Final.pdf
H,CA,House CA-48,SurveyUSA,,2026-05-08,2026-05-14,507,lv,46.6,53.4,https://www.surveyusa.com/client/PollReport.aspx?g=b7957e87-7f0e-448f-a57c-514fec78e478
H,CA,House CA-48,Lake Research Partners,D,2026-07-09,2026-07-14,500,lv,48.0,46.0,https://hub.nationaljournal.com/the-dncs-99-problems
H,CA,House CA-48,SurveyUSA,,2026-08-27,2026-09-01,522,lv,45.0,42.0,https://results.surveyusa.com/client/PollReport.aspx?g=0877c725-6e44-47fe-9856-dcf799865671
H,CO,House CO-03,Keating Research,D,2026-07-21,2026-07-23,500,lv,45.0,46.0,https://x.com/JesseAPaul/status/2082838404526682513
H,CO,House CO-04,Impact Research,D,2026-09-21,2026-09-24,403,lv,40.0,45.0,https://drive.google.com/file/d/12RT0LvE5BSSi6z_bud_At7MFBAH7p2FL/view
H,CO,House CO-05,Global Strategy Group,D,2025-10-30,2025-11-03,450,lv,40.0,43.0,https://www.denvergazette.com/2025/11/05/jeff-crank-challenger-jessica-killins-internal-poll-shows-toss-up-race-in-colorados-5th-cd/
H,CO,House CO-05,Global Strategy Group,D,2026-07-16,2026-07-21,450,lv,44.0,45.0,https://globalstrategygroup.app.box.com/s/wgtme5bsi1p29l1d919u3kjk7id35jfk
H,CO,House CO-08,McLaughlin and Associates,R,2026-09-16,2026-09-17,400,lv,46.0,48.0,https://coloradosun.com/2026/09/23/gabe-evans-manny-rutinel-poll/
H,FL,House FL-08,Public Policy Polling,D,2026-07-17,2026-07-18,633,rv,35.0,44.0,https://floridapolitics.com/archives/810254-jennifer-jenkins-poll/
H,FL,House FL-08,Inquire LLC,R,2026-07-27,2026-07-29,,lv,42.0,51.0,https://floridapolitics.com/archives/810609-mike-haridopolos-dominates-informed-ballot-reaches-55-in-new-cd-8-poll/
H,FL,House FL-09,SEA Polling,D,2026-08-24,2026-08-30,400,rv,41.0,41.0,https://floridapolitics.com/archives/818398-internal-poll-shows-darren-soto-tied-with-dan-green-in-battleground-cd-9/
H,FL,House FL-11,MDW Communications,D,2026-07-28,2026-07-29,,lv,42.0,42.0,https://floridapolitics.com/archives/811237-poll-shows-james-pericola-leading-cd-11-dem-field-in-potential-dead-heat-with-joe-strada/
H,FL,House FL-13,Public Policy Polling,D,2026-05-19,2026-05-20,616,rv,39.0,41.0,https://floridapolitics.com/archives/798768-internal-poll-shows-leela-gray-in-statistical-tie-with-anna-paulina-luna/
H,FL,House FL-13,"Fabrizio, Lee & Associates",R,2026-08-04,2026-08-06,400,lv,41.0,49.0,https://cloudup.com/iGTSiHqDMlq
H,FL,House FL-13,GQR,D,2026-08-04,2026-08-06,500,lv,44.0,47.0,https://cdn.sanity.io/files/ifn0l6bs/production/7ee6555ab6431e18e494c6f64d69517c3b76cfd4.pdf
H,FL,House FL-13,Hart Research Associates,D,2026-08-25,2026-08-27,500,lv,51.0,46.0,https://floridapolitics.com/archives/817972-democratic-poll-shows-leela-gray-winning-majority-over-anna-paulina-luna-in-cd-13/
H,FL,House FL-14,St. Pete Polls,,2026-07-14,2026-07-15,469,lv,46.0,38.0,http://stpetepolls.org/files/StPetePolls_2026_CD14_July15_R6B43DK.pdf
H,FL,House FL-16,Sea Polling,,2026-08-25,2026-08-29,400,lv,40.0,39.0,https://kellykirschner.com/wp-content/uploads/2026/09/0926-FL-16-Polling-Memo-1.pdf
H,FL,House FL-16,Public Policy Polling,D,2026-10-01,2026-10-02,530,rv,39.0,43.0,https://drive.google.com/file/d/1SdUgc3IAuqOAkDggjzfiHIkhI5TNRSuF/view
H,FL,House FL-22,Tavern Research,D,2026-08-10,2026-08-12,551,lv,50.0,50.0,https://242750075.fs1.hubspotusercontent-na2.net/hubfs/242750075/FL-22%20General%20Toplines%20%E2%80%94%20Aug%2019_NEW.pdf
H,FL,House FL-22,Tulchin Research,D,2026-08-24,2026-08-31,,v,46.0,44.0,https://www.thehousemajoritypac.com/news/hmp-poll-pia-dandiya-leads-casey-askar-in-fl-22
H,FL,House FL-25,Beacon Insights,,2026-05-01,2026-05-02,461,rv,43.0,33.0,https://floridapolitics.com/archives/794555-poll-scott-singer-unpopular-in-boca-raton-even-as-jared-moskowitz-over-performs-in-new-cd-25/
H,FL,House FL-27,Blueprint Polling,D,2026-03-06,2026-03-08,451,rv,43.0,46.0,https://floridapolitics.com/archives/784817-__trashed-35/
H,FL,House FL-27,Bendixen & Amandi International,D,2026-08-25,2026-08-30,600,lv,45.0,45.0,https://www.politico.com/newsletters/weekly-score/2026/09/14/the-2028-redistricting-fight-is-already-kicking-off-01073884
H,FL,House FL-27,Tulchin Research,D,2026-09-08,2026-09-13,600,lv,46.0,47.0,
H,GA,House GA-07,20/20 Insight,D,2026-08-20,2026-08-26,445,lv,43.0,46.0,https://www.documentcloud.org/documents/28606087-ga-07-2020-insight-for-tony-kozycki-aug-2026/
H,GA,House GA-11,Miller Consulting Services,,2026-08-31,2026-09-11,402,lv,42.0,40.0,https://www.documentcloud.org/documents/28652259-ga-11-miller-consulting-services-for-chris-harden-sept-2026/
H,IA,House IA-01,Public Policy Polling,D,2025-06-18,2025-06-19,555,v,43.0,39.0,https://www.politico.com/newsletters/weekly-score/2025/06/23/recruiting-candidates-in-an-age-of-political-violence-00417469
H,IA,House IA-01,The Bullfinch Group/Independent Center,,2026-07-13,2026-07-16,705,lv,40.0,35.0,https://cdn.sanity.io/files/ifn0l6bs/production/abfd9319613df822e6cf094f8d2390e5f40a5ebe.docx
H,IA,House IA-02,Public Policy Polling,D,2026-04-13,2026-04-14,675,rv,36.0,33.0,
H,IA,House IA-02,Global Strategy Group,D,2026-07-14,2026-07-19,,v,46.0,45.0,https://static.notus.org/27/58/c93f2d1946c0814f583fa25c7a31/hmp-ia-02-poll.pdf
H,IA,House IA-03,Ragnar Research Partners,R,2026-03-12,2026-03-14,400,lv,42.0,48.0,https://punchbowl.news/wp-content/uploads/CFA_IA-CD-3_Benchmark_Analysis_v1.0_260323.pdf
H,ID,House ID-01,SurveyUSA,,2026-07-07,2026-07-14,480,lv,35.0,45.0,https://www.surveyusa.com/client/PollReport.aspx?g=48a62c75-2dbc-4948-9e01-cbeccf52c3d6
H,ID,House ID-01,SurveyUSA (I),,2026-07-07,2026-07-14,478,lv,39.0,44.0,
H,ID,House ID-01,Change Research,D,2026-07-28,2026-07-30,606,lv,27.0,48.0,https://static1.squarespace.com/static/69781c4082a86d0a267710a0/t/6a74eb0bb2c4cb2074c857b6/1786047243520/MEDIA+_+Stegner+For+Idaho+_+July+2026+_+Poll+Memo.pdf
H,IL,House IL-04,Independent Center Voice,,2026-07-31,2026-08-01,653,rv,34.0,15.0,https://independentcentervoice.com/insights/july-2026-district-survey-illinoiss-4th-congressional-district
H,IN,House IN-05,Impact Research,D,2026-07-16,2026-07-20,400,lv,46.0,48.0,
H,KY,House KY-06,Public Policy Polling,D,2026-04-24,2026-04-25,675,rv,37.0,37.0,https://www.politico.com/f/?id=0000019e-1d50-d0fd-a3de-bf5d58340000
H,KY,House KY-06,GQR,D,2026-06-24,2026-06-28,440,v,39.0,42.0,https://insideelections.com/kentucky-6-new-poll-fuels-democratic-optimism/
H,KY,House KY-06,DCCC,D,2026-07-29,2026-07-30,474,v,47.0,47.0,https://www.kentucky.com/news/politics-government/article316781408.html
H,KY,House KY-06,Lake Research Partners,D,2026-08-17,2026-08-23,400,lv,45.0,44.0,https://www.thehousemajoritypac.com/news/hmp-memo-polling-shows-path-to-a-larger-democratic-majority-exists-with-necessary-funding
H,KY,House KY-06,GQR,D,2026-09-25,2026-09-30,401,lv,42.0,37.0,https://kentuckylantern.com/2026/10/02/internal-poll-shows-democrat-dembo-leads-gops-alvarado-in-central-kentucky-house-race/
H,KY,House KY-06,Lake Research Partners,D,2026-09-30,2026-10-04,400,lv,47.0,40.0,https://x.com/cjwarnke/status/2108282466733818029
H,KY,House KY-06,Change Research,D,2026-09-29,2026-10-05,524,lv,47.0,38.0,https://data.ddhq.io/polls/2026/10/08/Change-Research/Kentuckians-Not-Corruption-Kentucky--6-2026-09-29-2026-10-05
H,MD,House MD-01,Z to A Research,D,2026-07-23,2026-07-27,482,lv,39.0,52.0,https://drive.google.com/file/d/1h21eJZ-tzlqNhbsPP3YFvqFUC5kGcd8B/view
H,ME,House ME-01,University of New Hampshire,,2026-09-17,2026-09-21,679,lv,57.0,35.0,https://scholars.unh.edu/cgi/viewcontent.cgi?article=2006&context=survey_center_polls
H,ME,House ME-02,The Mellman Group,D,2025-06-04,2025-06-10,400,lv,37.0,47.0,https://www.notus.org/house/maine-jared-golden-maine-2nd-congressional-district-poll
H,ME,House ME-02,University of New Hampshire,,2026-02-12,2026-02-16,521,lv,46.0,47.0,https://scholars.unh.edu/cgi/viewcontent.cgi?article=1929&context=survey_center_polls
H,ME,House ME-02,co/efficient,R,2026-04-26,2026-04-28,918,lv,40.0,50.0,https://www.nrcc.org/wp-content/uploads/2026/05/NRCC-ME-02-Survey-Memo-1.pdf
H,ME,House ME-02,Tulchin Research,D,2026-07-11,2026-07-16,600,lv,49.0,48.0,
H,ME,House ME-02,DCCC Targeting Team,D,2026-08-11,2026-08-13,621,lv,48.0,49.0,https://dccc.org/%F0%9F%9A%A8-new-polls-dead-heat-in-me-02-as-matt-dunlap-gains-momentum/
H,ME,House ME-02,Impact Research,D,2026-09-08,2026-09-12,500,lv,49.0,49.0,
H,ME,House ME-02,University of New Hampshire,,2026-09-17,2026-09-21,627,lv,51.0,45.0,https://scholars.unh.edu/cgi/viewcontent.cgi?article=2006&context=survey_center_polls
H,ME,House ME-02,Tulchin Research,D,2026-09-27,2026-09-30,500,lv,50.0,48.0,https://static01.nyt.com/newsgraphics/documenttools/becbcf38fb98ac79/b81aab79-full.pdf
H,MI,House MI-04,Public Policy Polling,D,2025-11-20,2025-11-21,559,rv,42.0,44.0,
H,MI,House MI-04,Ragnar Research Partners,R,2026-03-12,2026-03-14,400,lv,42.0,48.0,https://punchbowl.news/wp-content/uploads/CFA_MI-CD-4_Benchmark_Analysis_v1.0_260323.pdf
H,MI,House MI-04,GBAO,D,2026-05-28,2026-06-01,500,lv,48.0,45.0,https://www.semafor.com/article/06/08/2026/democrat-mccann-pulls-ahead-in-key-house-race
H,MI,House MI-04,GBAO,D,2026-09-13,2026-09-16,500,lv,47.0,46.0,https://x.com/zachblackburn23/status/2103156697699430856
H,MI,House MI-07,Data for Progress,D,2026-06-24,2026-06-30,772,lv,48.0,46.0,
H,MI,House MI-07,Global Strategy Group,D,2026-08-11,2026-08-13,500,lv,49.0,47.0,https://www.thehousemajoritypac.com/news/hmp-poll-william-lawrence-leads-tom-barrett-in-mi-07
H,MI,House MI-10,Public Policy Polling,D,2026-01-16,2026-01-17,592,rv,44.0,42.0,https://drive.google.com/file/d/1egiYmu6xaQiD5kAjFTAp-IR8rZNPzq8v/view
H,MI,House MI-10,Global Strategy Group,D,2026-08-10,2026-08-13,600,lv,45.0,45.0,https://hub.nationaljournal.com/welcome-to-the-trump-midterms
H,MN,House MN-01,Public Policy Polling,D,2026-02-02,2026-02-03,708,rv,41.0,44.0,https://www.politico.com/newsletters/weekly-score/2026/02/09/the-big-ads-from-the-big-game-00770981
H,MN,House MN-01,Ragnar Research Partners,R,2026-03-12,2026-03-14,400,lv,42.0,52.0,https://punchbowl.news/wp-content/uploads/CFA_MN-CD-1_Benchmark_Analysis_v1.0_260323.pdf
H,MN,House MN-01,GBAO,D,2026-09-18,2026-09-21,500,lv,47.0,46.0,https://x.com/cjwarnke/status/2102878578849484963
H,MN,House MN-02,Harper Polling,R,2026-06-18,2026-06-21,415,lv,45.0,40.0,https://alphanews.org/exclusive-new-poll-shows-republican-eric-pratt-in-close-race-with-dfl-congressional-candidates/
H,MN,House MN-02,Impact Research,D,2026-09-09,2026-09-13,500,lv,52.0,40.0,
H,MO,House MO-02,FM3 Research,D,2026-05-26,2026-05-31,600,lv,41.0,44.0,https://themissouritimes.com/wp-content/uploads/2026/06/220-7670-Wellman-MO-02-Summary-Memo.pdf
H,MO,House MO-02,Remington Research Group,R,2026-09-14,2026-09-15,565,lv,42.0,43.0,
H,MT,House MT-01,Upswing Research,D,2026-04-30,2026-05-05,401,lv,43.0,48.0,
H,MT,House MT-01,Impact Research,D,2026-06-22,2026-06-25,500,lv,44.0,44.0,
H,MT,House MT-01,Rutgers University Eagleton Institute of Politics,,2026-08-27,2026-09-07,375,rv,41.0,42.0,https://montanafreepress.org/2026/09/14/flint-forstag-in-dead-heat-for-house-seat/
H,MT,House MT-01,Public Policy Polling,D,2026-09-09,2026-09-10,536,rv,45.0,43.0,
H,MT,House MT-01,Impact Research,D,2026-09-20,2026-09-23,500,lv,47.0,44.0,https://mcusercontent.com/c8d0fc607b9ebc333152f806f/files/c5866ca1-08c1-fb4a-effd-deb8bff0ea04/IMPACT_MT_01_PRESS_MEMO_SEPT_2026.01.pdf
H,MT,House MT-01,American Pulse,,2026-09-19,2026-09-24,314,lv,45.0,46.0,https://www.montanarightnow.com/elections/aaron-flint-sam-forstag-nearly-tied-for-montana-congressional-district-1/article_96a2f7e1-334a-46c7-9a92-84ccc4c44171.html
H,MT,House MT-02,Rutgers University Eagleton Institute of Politics,,2026-08-27,2026-09-07,470,rv,26.0,48.0,https://montanafreepress.org/2026/09/15/downing-favorite-eastern-house-district/
H,NC,House NC-01,GQR,D,2026-01-29,2026-02-02,500,lv,42.0,39.0,https://x.com/nicholaswu12/status/2029953742385131930?s=20
H,NC,House NC-01,co/efficient,R,2026-04-25,2026-04-29,842,lv,41.0,41.0,https://www.nrcc.org/wp-content/uploads/2026/05/NRCC-NC-01-Survey-Memo-1.pdf
H,NC,House NC-01,GQR,D,2026-06-22,2026-06-28,500,lv,45.0,41.0,https://x.com/nicholaswu12/status/2072383841000440013
H,NC,House NC-01,GBAO,D,2026-09-08,2026-09-11,500,lv,50.0,43.0,
H,NC,House NC-01,GQR,D,2026-09-29,2026-10-04,500,lv,47.0,39.0,https://drive.google.com/file/d/1Yt-bOVqBFd9cPU3A2R1_MuOpnluJwmJM/view
H,NC,House NC-01,Neighborhood Research,R,2026-10-01,2026-10-06,303,lv,51.0,41.0,
H,NC,House NC-03,Tulchin Research,D,2026-07-27,2026-08-02,600,lv,41.0,44.0,https://www.thehousemajoritypac.com/news/hmp-memo-polling-shows-path-to-a-larger-democratic-majority-exists-with-necessary-funding
H,NC,House NC-07,Public Policy Polling,D,2026-08-19,2026-08-20,517,lv,39.0,45.0,https://drive.google.com/file/d/1o6PQC-Ya_2KaUtR3MF31t-OCNRQ5t_AB/view
H,NC,House NC-09,Lake Research Partners,D,2026-08-31,2026-09-03,400,lv,42.0,46.0,https://www.nationaljournal.com/s/732888/democrat-sets-sights-on-nrcc-chair/
H,NC,House NC-10,Ragnar Research Partners,R,2026-03-10,2026-03-12,400,lv,37.0,52.0,https://punchbowl.news/wp-content/uploads/CFA_NC-CD-10_Benchmark_Analysis_v1.0_260320.pdf
H,NC,House NC-11,Public Policy Polling,D,2026-09-10,2026-09-11,531,rv,47.0,44.0,
H,NC,House NC-14,Ragnar Research Partners,R,2026-03-10,2026-03-12,400,lv,40.0,48.0,https://punchbowl.news/wp-content/uploads/CFA_NC-CD-14_Benchmark_Analysis_v1.0_260320.pdf
H,NE,House NE-01,Zenith Research,D,2026-05-08,2026-05-11,371,lv,38.0,45.0,
H,NE,House NE-01,Tavern Research,D,2026-05-16,2026-05-19,1079,lv,33.0,41.0,https://242750075.fs1.hubspotusercontent-na2.net/hubfs/242750075/NE-01%20General%20Election%20-%20Toplines.pdf
H,NE,House NE-01,Global Strategy Group,D,2026-08-31,2026-09-03,600,lv,43.0,42.0,https://s3.documentcloud.org/documents/28652094/ne-01-global-strategy-group-for-retire-career-politicians-sept-2026.pdf
H,NE,House NE-02,SurveyUSA,,2026-09-08,2026-09-13,182,lv,46.0,42.0,https://results.surveyusa.com/client/PollReport.aspx?g=d94236a7-5861-4b7f-9d81-d5a81ab786cc
H,NH,House NH-01,University of New Hampshire,,2026-09-17,2026-09-21,711,lv,46.0,42.0,https://scholars.unh.edu/cgi/viewcontent.cgi?article=2004&context=survey_center_polls
H,NH,House NH-02,Saint Anselm College,,2025-08-26,2025-08-27,881,rv,49.0,31.0,https://www.anselm.edu/sites/default/files/2025-09/SACSC_NHRV_0825.pdf
H,NH,House NH-02,University of New Hampshire,,2025-09-17,2025-09-23,659,lv,51.0,39.0,https://scholars.unh.edu/cgi/viewcontent.cgi?article=1887&context=survey_center_polls
H,NH,House NH-02,Saint Anselm College,,2025-11-18,2025-11-19,1102,rv,40.0,35.0,https://www.anselm.edu/about/anselmian-hub/news/new-poll-saint-anselm-college-survey-shows-declining-optimism-democracy-dominant-issue-and-early-partisan-divides-ahead-2026
H,NH,House NH-02,University of New Hampshire,,2026-01-15,2026-01-19,1093,lv,54.0,40.0,https://scholars.unh.edu/cgi/viewcontent.cgi?article=1921&amp;context=survey_center_polls
H,NH,House NH-02,Saint Anselm College,,2026-03-16,2026-03-18,739,rv,48.0,36.0,https://www.anselm.edu/sites/default/files/2026-03/SACSC_NHRV_0326.pdf
H,NH,House NH-02,Saint Anselm College,,2026-06-24,2026-06-25,802,rv,50.0,31.0,https://www.anselm.edu/about/anselmian-hub/news/saint-anselm-college-survey-center-june-poll-finds-democrats-expand-generic-ballot-lead
H,NH,House NH-02,Saint Anselm College,,2026-08-17,2026-08-18,701,lv,50.0,35.0,https://www.anselm.edu/about/anselmian-hub/news/new-saint-anselm-college-poll-finds-republicans-facing-midterm-headwinds-democratic-lead-widens
H,NH,House NH-02,University of New Hampshire,,2026-09-17,2026-09-21,702,lv,56.0,35.0,https://scholars.unh.edu/cgi/viewcontent.cgi?article=2004&context=survey_center_polls
H,NJ,House NJ-07,Z to A Research,,2026-05-24,2026-05-26,430,lv,47.0,43.0,https://newjerseyglobe.com/polling/pro-shah-groups-poll-also-found-bennett-leading-kean/
H,NJ,House NJ-07,StimSight Research,,2026-09-08,2026-09-12,498,lv,47.0,42.0,https://www.insidernj.com/insider-nj-stimsight-poll-finds-bennett-leads-kean-in-new-jerseys-7th-district-affordability-of-household-goods-is-a-crucial-factor-for-persuadable-voters/
H,NM,House NM-02,co/efficient,R,2026-04-26,2026-04-28,879,lv,43.0,41.0,https://www.nrcc.org/wp-content/uploads/2026/05/NRCC-NM-02-Survey-Memo-1.pdf
H,NM,House NM-02,SurveyUSA,,2026-08-28,2026-09-02,554,lv,46.0,43.0,https://www.kob.com/new-mexico/kob-poll-shows-tight-race-for-new-mexicos-2nd-congressional-district/
H,NV,House NV-02,Wedgewood Polls,,2026-07-09,2026-07-12,350,lv,48.0,46.0,https://drive.google.com/file/d/1SQB2ycX8Mwyz4pleNQoUx5XZOne8KpC8/view?pli=1
H,NV,House NV-02,Strategies 360,,2026-08-22,2026-08-26,400,lv,42.0,45.0,https://www.rgj.com/story/news/politics/elections/2026/09/04/democrats-claim-momentum-in-nevada-house-and-attorney-general-races/91615085007/
H,NV,House NV-02,GBAO,D,2026-08-31,2026-09-03,500,lv,38.0,37.0,https://thenevadaindependent.com/article/does-teresa-benitez-thompson-stand-a-chance-in-deep-red-northern-nevada
H,NY,House NY-01,Public Policy Polling,D,2025-12-10,2025-12-11,579,v,38.0,41.0,https://www.thehousemajoritypac.com/news/new-hmp-polling-shows-nick-lalota-vulnerable-in-november
H,NY,House NY-17,FM3 Research,D,2026-06-27,2026-07-01,509,lv,51.0,45.0,https://www.politico.com/f/?id=0000019f-3f14-df79-a5bf-3ff7edfd0000
H,NY,House NY-17,co/efficient,R,2026-07-20,2026-07-22,1292,lv,45.0,50.0,https://coefficient.org/b96b92b3.pdf
H,NY,House NY-17,Emerson College,,2026-09-27,2026-09-29,400,lv,48.0,46.0,https://emersoncollegepolling.com/ny-17-2026-poll/
H,NY,House NY-17,McLaughlin & Associates,R,2026-09-28,2026-09-30,400,lv,47.0,50.0,https://nypost.com/2026/10/02/us-news/gop-rep-mike-lawler-leads-dem-cait-conley-in-battleground-ny-house-district-new-internal-poll/
H,NY,House NY-18,Global Strategy Group,D,2026-07-23,2026-07-26,500,lv,53.0,39.0,https://www.politico.com/newsletters/new-york-playbook/2026/08/14/republicans-revisit-the-22-crime-playbook-01037591
H,NY,House NY-18,Public Policy Polling,D,2026-09-29,2026-09-30,561,lv,52.0,35.0,https://x.com/TimmyFacciola_/status/2107831346185846874
H,NY,House NY-21,Impact Research,D,2026-05-26,2026-05-31,500,lv,44.0,45.0,https://www.politico.com/news/2026/06/25/a-district-that-went-20-for-trump-now-in-play-for-democrats-00976934
H,NY,House NY-21,SurveyUSA,,2026-08-04,2026-08-08,612,lv,43.0,39.0,https://results.surveyusa.com/client/PollReport.aspx?g=7dad7202-08be-4fe4-a687-b52480791639
H,NY,House NY-21,J.L. Partners,,2026-08-15,2026-08-17,500,lv,40.0,50.0,https://static1.squarespace.com/static/663253f0bc87b7070102f41f/t/6a85eb00681ca35d52ae8162/1787161344261/NY21+-+Memo.pdf
H,NY,House NY-21,Impact Research,D,2026-08-30,2026-09-02,500,lv,44.0,47.0,https://www.politico.com/f/?id=000001a0-7cab-d0aa-a9a9-7dbbe07f0000
H,NY,House NY-21,Public Policy Polling,D,2026-09-09,2026-09-10,557,rv,43.0,48.0,
H,NY,House NY-21,Impact Research,D,2026-09-29,2026-10-04,500,lv,45.0,48.0,https://www.yahoo.com/news/politics/articles/gendebien-internal-poll-shows-him-110100302.html?guccounter=2
H,NY,House NY-21,Siena University,,2026-09-30,2026-10-06,496,lv,46.0,42.0,https://www.timesunion.com/state/article/constantino-gendebien-poll-data-22469290.php
H,NY,House NY-23,Cygnal,R,2026-09-19,2026-09-21,400,lv,33.0,54.0,https://www.cygn.al/wp-content/uploads/2026/10/NY-Public-Polling-Memo-Cygnal.pdf
H,NY,House NY-23,Public Policy Polling,D,2026-09-22,2026-09-23,626,lv,35.0,52.0,https://www.politico.com/newsletters/new-york-playbook/2026/09/28/the-jacobs-challenge-01094565
H,OH,House OH-01,Quantus Insights,,2026-08-21,2026-08-24,509,lv,47.0,43.0,https://quantusinsights.org/polling/f/new-quantus-insights-survey-ohio%E2%80%99s-1st-district-is-up-for-grabs
H,OH,House OH-07,GBAO,D,2026-06-16,2026-06-20,500,lv,43.0,44.0,https://static.politico.com/93/5d/bd199cab486e86c55e90ab48d174/poindexter-memo-2026-06-18.pdf
H,OH,House OH-07,co/efficient,R,2026-07-29,2026-07-30,,lv,44.0,39.0,https://www.notus.org/2026-election/sen-bernie-moreno-max-miller-ohio-abuse-allegations
H,OH,House OH-07,Tavern Research,D,2026-08-04,2026-08-05,635,lv,54.0,46.0,https://242750075.fs1.hubspotusercontent-na2.net/hubfs/242750075/Toplines%20-%20OH-07%20General%2008_03%20Cint.pdf
H,OH,House OH-07,co/efficient,R,2026-08-05,2026-08-06,615,lv,47.0,33.0,
H,OH,House OH-07,Bedrock Polling,D,2026-08-07,2026-08-10,866,lv,43.0,35.0,https://www.documentcloud.org/documents/28549911-oh-07-survey-poindexter-v-miller-toplines/
H,OH,House OH-09,McLaughlin & Associates,R,2026-04-18,2026-04-20,400,lv,43.0,47.0,https://www.nationaljournal.com/s/731831/exclusive-gop-poll-finds-slight-edge-in-must-win-house-race/?unlock=D93XBJAGANOVA1YA
H,OH,House OH-09,DCCC Analytics Department,,2026-09-22,2026-09-23,481,lv,48.0,48.0,https://dccc.org/dccc-polling-memo-oh-09-is-a-dead-heat/
H,OH,House OH-10,FM3 Research,D,2026-07-06,2026-07-12,535,lv,41.0,48.0,https://drive.google.com/file/d/1_pK0ssxHljLwr1ZUPFkyb9B70kte7IkI/view
H,OH,House OH-10,Global Strategy Group,D,2026-07-20,2026-07-23,700,lv,42.0,49.0,https://punchbowl.news/wp-content/uploads/OH-10-Knickerbocker-Memo-F07.24.26-3.pdf
H,OH,House OH-15,Hart Research,D,2026-06-23,2026-06-25,550,lv,40.0,45.0,https://www.thehousemajoritypac.com/news/hmp-poll-don-leonard-within-striking-distance-of-mike-carey-in-oh-15
H,OH,House OH-15,Hart Research,D,2026-08-06,2026-08-09,401,lv,37.0,41.0,https://www.politico.com/newsletters/weekly-score/2026/08/17/is-it-dans-sullivan-or-dan-sullivans-01038900
H,OH,House OH-15,Hart Research,D,2026-09-22,2026-09-24,500,lv,46.0,45.0,https://x.com/cjwarnke/status/2104619061556457603
H,OK,House OK-05,GBAO,D,2026-09-17,2026-09-20,500,lv,43.0,48.0,https://www.oklahoman.com/story/news/politics/elections/2026/09/23/oklahoma-elections-2026-5th-district-jena-nelson-national-democrat-support-race-stephanie-bice/91894158007/
H,PA,House PA-01,Public Policy Polling,D,2025-10-10,2025-10-11,585,lv,41.0,41.0,https://www.notus.org/campaigns/brian-fitzpatrick-democratic-challenger-bob-harvie-poll-race
H,PA,House PA-01,Global Strategy Group,D,2026-03-19,2026-03-22,400,lv,42.0,48.0,https://www.politicspa.com/can-bob-harvie-end-brian-fitzpatricks-tenure-in-congress/146005/
H,PA,House PA-01,Global Strategy Group,D,2026-08-05,2026-08-09,500,lv,43.0,47.0,https://politicspa.com/internal-pa-01-poll-shows-harvie-within-margin-of-error-against-fitzpatrick/150216/
H,PA,House PA-01,GQR,D,2026-08-19,2026-08-23,400,lv,48.0,49.0,
H,PA,House PA-01,Public Opinion Strategies,R,2026-09-11,2026-09-14,400,rv,40.0,49.0,
H,PA,House PA-07,GBAO,D,2026-06-29,2026-07-02,550,lv,47.0,43.0,https://static.notus.org/4f/15/f7a7796a4707bdcacd0c633f3fd0/hmp-poll-bob-brooks-leads-ryan-mackenzie-in-pa-07.pdf
H,PA,House PA-07,Franklin & Marshall College,,2026-09-09,2026-09-20,357,rv,45.0,40.0,https://storage.ghost.io/c/6f/65/6f6547c9-4c4e-45a8-b12e-56fdcab002c9/content/files/2026/09/KEYSEPCD26_Summary.pdf
H,PA,House PA-08,Public Policy Polling,D,2025-08-27,2025-08-28,615,v,45.0,43.0,https://www.politico.com/f/?id=00000199-0803-d5db-a5db-dd67425a0000
H,PA,House PA-08,Impact Research,D,2026-06-08,2026-06-11,500,lv,46.0,45.0,https://paigeforpa.com/wp-content/uploads/2026/06/IMPACT-PRESS-MEMO-PA-CD-08-POLL-FINDINGS-JUNE-2026_REV-C.pdf
H,PA,House PA-08,Lake Research Partners,D,2026-06-18,2026-06-23,400,v,47.0,45.0,https://www.thehousemajoritypac.com/news/hmp-poll-paige-cognetti-leads-rob-bresnahan-in-pa-08
H,PA,House PA-10,Public Policy Polling,D,2025-07-10,2025-07-11,559,v,46.0,43.0,https://www.thehousemajoritypac.com/news/new-hmp-polling-shows-janelle-stelson-leading-scott-perry-in-pa-10
H,PA,House PA-10,Public Policy Polling,D,2025-11-18,2025-11-19,549,rv,48.0,44.0,https://www.pennlive.com/politics/2025/12/rep-perry-underwater-with-voters-on-job-approval-trails-democrat-who-wants-to-unseat-him-poll.html
H,PA,House PA-10,Normington Petts,D,2026-04-20,2026-04-23,400,rv,51.0,45.0,https://www.inquirer.com/politics/election/live/pennsylvania-primary-election-2026-results-house-20260520.html/card-0290e37e-b5bd-4535-aa10-560706ae71ec
H,PA,House PA-10,Franklin & Marshall College,,2026-09-09,2026-09-20,390,rv,47.0,44.0,https://storage.ghost.io/c/6f/65/6f6547c9-4c4e-45a8-b12e-56fdcab002c9/content/files/2026/09/KEYSEPCD26_Summary.pdf
H,SC,House SC-01,GQR,D,2026-07-15,2026-07-22,400,lv,48.0,50.0,https://www.thehousemajoritypac.com/news/hmp-poll-nancy-lacore-has-a-clear-path-to-victory-in-sc-01
H,SC,House SC-01,Public Policy Polling,D,2026-09-09,2026-09-10,536,rv,40.0,41.0,
H,SC,House SC-01,co/efficient,R,2026-09-30,2026-10-01,837,lv,40.0,46.0,https://coefficient.org/our-work/south-carolina-1st-congressional-district-oct-2026/
H,SC,House SC-07,Blueprint Polling,D,2026-07-27,2026-07-28,557,lv,37.0,41.0,https://holycitysinner.com/politics/new-poll-vincent-and-fry-in-statistical-dead-heat-in-south-c/
H,SD,House SD-01,Lake Research Partners,D,2026-08-26,2026-08-30,,lv,43.0,47.0,https://x.com/PollTracker2024/status/2105437298531631536
H,TN,House TN-05,Impact Research,D,2026-08-19,2026-08-24,500,lv,40.0,48.0,https://www.nationaljournal.com/s/732752/exclusive-a-new-look-at-tennessees-lone-competitive-race/?unlock=L9D7IO7PXNI40OWK
H,TN,House TN-05,Impact Research,D,2026-09-28,2026-10-01,552,lv,41.0,46.0,https://www.tennessean.com/story/news/politics/elections/2026/10/07/poll-molder-hatcher-congress-election/92135891007/?gnt-cfr=1&gca-cat=p&gca-uir=false&gca-epti=z118443p119350c119350e1189xxv118443&gca-ft=42&gca-ds=sophi
H,TN,House TN-09,Hart Research Associates,D,2026-09-01,2026-09-03,400,lv,44.0,48.0,
H,TX,House TX-02,Impact Research,D,2026-09-29,2026-10-04,501,lv,37.0,46.0,https://x.com/shaunfinnie/status/2107949838692184095
H,TX,House TX-09,PPP,,2026-09-18,2026-09-19,,,39.0,45.0,https://x.com/nicholaswu12/status/2105313931275481267
H,TX,House TX-10,Change Research,,2026-09-18,2026-09-22,613,lv,41.0,48.0,https://cdn.sanity.io/files/ifn0l6bs/production/18b086d657596631c5661561b4f982d08b7ddacf.pdf
H,TX,House TX-15,Public Policy Polling,D,2025-09-10,2025-09-11,533,lv,38.0,41.0,https://www.documentcloud.org/documents/26100755-tx15results1/
H,TX,House TX-15,Applecart,D,2026-05-18,2026-05-25,802,lv,48.0,46.0,https://welcome.team/press-releases/Blog%20Post%20Title%20One-3zaa9-zlxng-67tfc-2sf8d
H,TX,House TX-15,Normington Petts,D,2026-07-23,2026-07-27,553,lv,51.0,45.0,https://mailchi.mp/thehousemajoritypac.com/hmp-poll-bobby-pulido-leads-monica-de-la-cruz-in-tx-15
H,TX,House TX-15,Public Policy Research/Texas Southern University,,2026-08-18,2026-08-22,700,lv,50.0,45.0,https://static1.squarespace.com/static/67aa7aa3e284b002cd6a420e/t/6a8debe648e3721adb0534b6/1787685864204/SouthTexasCDs2026.pdf
H,TX,House TX-15,Normington Petts,D,2026-09-24,2026-09-28,400,lv,54.0,41.0,https://x.com/PatrickSvitek/status/2105651406627561762
H,TX,House TX-23,Public Policy Polling,D,2026-03-10,2026-03-11,521,v,40.0,42.0,https://www.texastribune.org/wp-content/uploads/2026/03/TX23-PPP-poll.pdf
H,TX,House TX-28,Pulse Science Decision,R,2026-06-21,2026-06-23,400,lv,38.0,46.0,
H,TX,House TX-28,Public Policy Research/Texas Southern University,,2026-08-18,2026-08-22,600,lv,45.0,34.0,https://static1.squarespace.com/static/67aa7aa3e284b002cd6a420e/t/6a8debe648e3721adb0534b6/1787685864204/SouthTexasCDs2026.pdf
H,TX,House TX-34,co/efficient,R,2026-04-25,2026-04-29,777,lv,40.0,41.0,https://www.nrcc.org/wp-content/uploads/2026/05/NRCC-TX-34-Survey-Memo-1.pdf
H,TX,House TX-34,Ragnar Research Partners,R,2026-06-14,2026-06-16,400,lv,41.0,44.0,
H,TX,House TX-34,Public Policy Research/Texas Southern University,,2026-08-18,2026-08-22,700,lv,45.0,42.0,https://static1.squarespace.com/static/67aa7aa3e284b002cd6a420e/t/6a8debe648e3721adb0534b6/1787685864204/SouthTexasCDs2026.pdf
H,TX,House TX-35,Normington Petts,D,2026-08-27,2026-08-31,500,lv,44.0,45.0,https://hub.nationaljournal.com/can-democrats-school-ramaswamy-in-ohio
H,UT,House UT-01,Lighthouse Research,,2026-08-31,2026-09-10,515,lv,63.0,21.0,https://utahdebatecommission.org/2026-polling/
H,UT,House UT-02,Crosby for Congress,D,2026-09-08,2026-09-10,762,rv,31.0,32.0,https://petercrosbyforcongress.org/press/september-internal-polling
H,UT,House UT-02,Crosby for Congress,D,2026-09-21,2026-09-23,657,lv,35.0,32.0,https://petercrosbyforcongress.org/press/late-september-internal-polling
H,UT,House UT-02,Lighthouse Research,,2026-09-10,2026-09-24,515,lv,34.0,39.0,https://utahdebatecommission.org/2026-polling/
H,UT,House UT-03,Lighthouse Research,,2026-09-02,2026-09-15,508,lv,26.0,45.0,https://utahdebatecommission.org/2026-polling/
H,UT,House UT-04,Lighthouse Research,,2026-09-08,2026-09-17,513,lv,33.0,42.0,https://utahdebatecommission.org/2026-polling/
H,VA,House VA-01,Public Policy Polling,D,2025-08-08,2025-08-09,541,rv,40.0,41.0,https://www.the-downballot.com/p/morning-digest-kansas-republicans
H,VA,House VA-01,DCCC Targeting Team,D,2026-09-15,2026-09-17,519,lv,46.0,47.0,https://www.virginiascope.com/internal-poll-shows-a-tight-race-between-wittman-and-taylor/
H,VA,House VA-01,The Washington Post/SSPG,,2026-09-23,2026-09-28,609,lv,50.0,46.0,https://www.washingtonpost.com/documents/c5cba6fd-7edb-4550-93c3-0580e8084bfb.pdf?itid=lk_inline_manual_2
H,VA,House VA-02,Tulchin Research,D,2026-07-09,2026-07-13,700,lv,47.0,47.0,https://www.politico.com/f/?id=0000019f-918b-d49c-ad9f-9fbb88d00000
H,VA,House VA-05,Expedition Strategies,D,2026-07-29,2026-08-01,602,lv,44.0,47.0,https://drive.google.com/file/d/1EkjffKo5q9TcJ4GLK9LS-00iPmeBhGS5/view
H,VA,House VA-05,Expedition Strategies,D,2026-09-21,2026-09-24,400,lv,45.0,46.0,https://punchbowl.news/va05_polling_memo_vfin/
H,VA,House VA-05,The Washington Post/SSPG,,2026-09-23,2026-09-28,600,lv,45.0,51.0,https://www.washingtonpost.com/documents/c5cba6fd-7edb-4550-93c3-0580e8084bfb.pdf?itid=lk_inline_manual_2
H,VA,House VA-06,co/efficient,R,2026-09-28,2026-09-30,791,lv,29.0,59.0,https://coefficient.org/our-work/virginia-6th-congressional-district-sep-2026/
H,VT,House VT-01,University of New Hampshire,,2026-06-18,2026-06-23,887,lv,57.0,26.0,https://scholars.unh.edu/cgi/viewcontent.cgi?article=1969&context=survey_center_polls
H,VT,House VT-01,University of New Hampshire,,2026-07-15,2026-07-20,954,lv,63.0,25.0,https://scholars.unh.edu/cgi/viewcontent.cgi?article=1981&context=survey_center_polls
H,VT,House VT-01,Braun Research/Vermont Public,,2026-09-10,2026-09-21,817,rv,43.0,28.0,https://www.vermontpublic.org/local-news/2026-09-28/vermont-general-election-poll-results-2026
H,VT,House VT-01,University of New Hampshire,,2026-09-17,2026-09-21,835,lv,66.0,30.0,https://scholars.unh.edu/survey_center_polls/1006/
H,WA,House WA-03,Voter Sciences,R,2025-08-15,2025-08-15,,rv,41.0,48.0,
H,WA,House WA-03,Gravis Marketing,,2025-11-10,2025-11-12,752,lv,53.5,46.5,https://www.yahoo.com/news/articles/poll-commissioned-mgp-challenger-shows-045900644.html?guccounter=1&guce_referrer=aHR0cHM6Ly93d3cuZ29vZ2xlLmNvbS8&guce_referrer_sig=AQAAAJvQeJX36DRL1j6sbnQeWtm00zseRKOGtr_krQWO-TXanSLWUeXWUMrqg0mQfxv2WYi2Wd9d18Pf2MlqLB5xbU2ojll-jmuWfG7VMdGD0y6M5Do7ovY5tPCzNlFHN6jogrzttmrEgLB8BiFmkJ9DHfgPzS0C_8SGPGhAoh_FiqiA
H,WA,House WA-03,co/efficient,R,2026-04-25,2026-04-29,982,lv,34.0,41.0,https://www.nrcc.org/wp-content/uploads/2026/05/NRCC-WA-03-Survey-Memo-1.pdf
H,WA,House WA-03,Emerson College,,2026-07-08,2026-07-10,500,lv,58.1,41.9,https://www.nwprogressive.org/weblog/2026/07/wa-03-is-still-washingtons-tossup-district-marie-gluesenkamp-perez-and-john-braun-are-tied-ahead-of-2026-top-two-election.html
H,WA,House WA-03,Emerson College,,2026-07-08,2026-07-10,500,lv,42.0,43.0,
H,WA,House WA-03,DHM Research,,2026-07-08,2026-07-10,543,lv,44.0,46.0,https://www.opb.org/article/2026/10/01/gluesenkamp-perez-braun-southwest-washington-3rd-district/
H,WA,House WA-04,"Fabrizio, Lee & Associates",R,2026-02-04,2026-02-05,400,lv,37.3,62.7,https://punchbowl.news/wa-poll/
H,WA,House WA-05,Change Research,D,2026-03-17,2026-03-19,617,lv,32.8,67.2,https://docs.google.com/document/d/1SqStOCFA_voow5JKhKcTyFrUIO1a6NO4NPC3Et5TEH4/edit?tab=t.0
H,WA,House WA-05,Tavern Research,D,2026-05-18,2026-05-25,578,lv,47.0,53.0,https://242750075.fs1.hubspotusercontent-na2.net/hubfs/242750075/WA-05%20Toplines.pdf
H,WI,House WI-01,Ragnar Research Partners,R,2026-03-14,2026-03-16,400,lv,41.0,50.0,https://punchbowl.news/wp-content/uploads/RSC_WI-CD-1_Benchmark_MQ_v1.0_260316.pdf
H,WI,House WI-01,Impact Research,D,2026-08-06,2026-08-09,400,lv,48.0,49.0,https://drive.google.com/file/d/13LvQnVe9L6CQM-h30ze12qGk2mq7nqB4/view
H,WI,House WI-01,DCCC Analytics Department,,2026-09-21,2026-09-23,495,lv,48.0,48.0,https://hub.nationaljournal.com/dems-choosin-texas
H,WI,House WI-01,Impact Research,D,2026-09-28,2026-10-01,500,lv,48.0,47.0,https://bsky.app/profile/the-downballot.com/post/3mwyouhbwg22k
H,WI,House WI-03,Public Policy Polling,D,2025-10-14,2025-10-15,609,lv,44.0,42.0,https://www.politico.com/f/?id=00000199-fd60-dc69-abd9-fff233550000
H,WI,House WI-03,Impact Research,D,2026-02-12,2026-02-17,500,lv,49.0,48.0,https://drive.google.com/file/d/1iNmbcsNYlPvxu_q6Za5CrngdWc2u3lZ4/view
H,WI,House WI-03,Impact Research,D,2026-05-26,2026-05-31,500,lv,50.0,46.0,https://drive.google.com/file/d/1dTP7FcvzgV49WVSyQ6MtgpX7W48_1SsR/edit
H,WI,House WI-03,FM3 Research,D,2026-06-20,2026-06-25,535,lv,50.0,46.0,https://www.politico.com/newsletters/weekly-score/2026/07/06/republicans-top-senate-super-pac-wants-to-make-the-midterms-an-election-about-fear-00987457
H,WI,House WI-06,Tavern Research,D,2026-05-18,2026-05-28,437,lv,39.0,61.0,https://242750075.fs1.hubspotusercontent-na2.net/hubfs/242750075/WI-06%20Toplines.pdf
S,AK,Senate,Alaska Survey Research,,2026-03-19,2026-03-22,951,lv,52.0,48.0,
S,AK,Senate,Data for Progress,D,2026-07-28,2026-08-04,605,lv,53.0,47.0,
S,AK,Senate,Alaska Survey Research,,2026-08-02,2026-08-05,1371,lv,50.8,49.2,
S,AK,Senate,Alaska Survey Research,,2026-08-20,2026-08-23,1495,lv,50.6,49.4,
S,AK,Senate,Fabrizio Ward (R)/Impact Research,,2026-09-08,2026-09-11,800,lv,53.0,47.0,
S,AL,Senate,yes. every kid.,,2026-07-08,2026-07-11,601,lv,32.0,47.0,https://yeseverykidfoundation.org/alabama-likely-voters-support-fully-funding-the-choose-act/
S,AL,Senate,RMG Research,R,2026-09-21,2026-09-25,800,rv,33.0,54.0,https://yellowhammernews.com/report-doug-jones-is-polling-worse-than-2020-blowout-election/
S,AR,Senate,GrayHouse,R,2026-02-07,2026-02-09,550,lv,36.0,58.0,https://brooklandnews.com/2026/03/05/poll-finds-strong-support-for-trump-cotton-in-arkansas/
S,AR,Senate,2040 Strategy Group,D,2026-07-17,2026-07-25,586,lv,43.0,46.0,https://drive.google.com/file/d/1xl5CVWv-W49Lo1iPOweW9Mm78u0xUsvU/view
S,AR,Senate,Hendrix College,,2026-08-11,2026-08-12,1217,lv,47.0,44.0,https://talkbusiness.net/2026/08/poll-tight-race-for-us-senate-between-cotton-shoffner
S,AR,Senate,J.L. Partners,,2026-08-14,2026-08-18,803,lv,35.0,51.0,https://static1.squarespace.com/static/663253f0bc87b7070102f41f/t/6a84d771481c4817e92f0eee/1787090801301/AR+Aug+26+Polling+Memo.pdf
S,AR,Senate,GrayHouse,R,2026-09-30,2026-10-04,550,lv,39.0,50.0,
S,FL,Senate Special,University of North Florida,,2026-02-21,2026-03-02,786,lv,38.0,46.0,https://www.orlandosentinel.com/2026/03/04/florida-poll-shows-republicans-lead-democrats-in-statewide-races-but-only-by-single-digits/
S,FL,Senate Special,Emerson College,,2026-03-29,2026-03-31,1125,lv,36.0,47.0,https://emersoncollegepolling.com/florida-2026-poll-donalds-leads-gop-primary-for-governor-republicans-outpace-democrats-in-florida-elections/
S,FL,Senate Special,Stetson University,,2026-03-15,2026-04-13,848,lv,38.0,51.0,https://www2.stetson.edu/today/2026/04/stetson-poll-republicans-lead-in-florida-2026-races-but-many-voters-still-undecided/
S,FL,Senate Special,University of North Florida,,2026-07-08,2026-07-17,848,lv,42.0,50.0,https://www.unfporl.org/presser-page
S,FL,Senate Special,Change Research,D,2026-09-07,2026-09-09,1107,lv,47.0,47.0,https://changeresearch.com/research/2026/2026-09-10-florida-aapor-methodology-statement
S,FL,Senate Special,Quantus Insights,R,2026-09-08,2026-09-10,733,lv,43.0,50.0,https://quantusinsights.org/f/new-quantus-polls-moody-leads-in-florida-flanagan-in-minnesota
S,FL,Senate Special,St. Pete Polls,,2026-09-15,2026-09-17,913,lv,45.0,45.0,http://stpetepolls.org/files/StPetePolls_2026_State_Gov_September17_G7V29XU6.pdf
S,FL,Senate Special,Stetson University,,2026-09-14,2026-09-21,830,lv,40.0,51.0,https://www.stetson.edu/artsci/cpor/media/cpor-sept.-2026-poll-final.pdf
S,FL,Senate Special,InsiderAdvantage,R,2026-09-20,2026-09-21,600,lv,42.0,49.0,https://insideradvantage.com/fl-u-s-senate-survey-top-line-tabs/
S,FL,Senate Special,Change Research,D,2026-09-25,2026-09-27,1063,lv,47.0,48.0,https://changeresearch.com/research/2026/2026-09-28-florida-aapor-methodology-statement
S,FL,Senate Special,Mason-Dixon,,2026-09-28,2026-10-01,625,lv,40.0,50.0,https://s3.documentcloud.org/documents/28724874/fl1026results.pdf
S,FL,Senate Special,James Madison Institute,,2026-09-28,2026-10-04,1171,lv,42.0,52.0,https://jamesmadison.org/wp-content/uploads/JMI-October-2026-Poll-Marginals.pdf
S,FL,Senate Special,YouGov,,2026-09-28,2026-10-05,3813,lv,44.0,49.0,https://d3nkl3psvxxpe9.cloudfront.net/documents/ttw_fl_20260921_lv.pdf
S,FL,Senate Special,St. Pete Polls,,2026-10-05,2026-10-07,836,lv,45.0,47.0,https://www.stpetepolls.org/files/StPetePolls_2026_State_Gov_October7_K7ZU3GA.pdf
S,GA,Senate,WPA Intelligence,R,2025-01-14,2025-01-15,500,lv,44.0,34.0,https://www.politico.com/news/2025/01/16/kemp-ossoff-poll-georgia-senate-00198719
S,GA,Senate,Trafalgar Group,R,2025-04-24,2025-04-27,1426,lv,48.0,43.0,https://www.thetrafalgargroup.org/wp-content/uploads/2025/04/GA-26-US-Senate-0428_Full-Report.pdf
S,GA,Senate,Cygnal,R,2025-05-15,2025-05-17,800,lv,46.0,43.0,https://acrobat.adobe.com/id/urn:aaid:sc:US:90ddd7f9-bdbc-46ef-aeb2-c5a88db84a3d?viewer%21megaVerb=group-discover
S,GA,Senate,TIPP Insights,,2025-07-28,2025-08-01,2956,rv,45.0,44.0,https://tippinsights.com/mike-collins-takes-early-lead-in-georgia-senate-showdown-but-plurality-of-voters-are-undecided/
S,GA,Senate,Quantus Insights,R,2025-09-09,2025-09-12,624,rv,38.0,38.0,https://quantusinsights.org/f/georgia%E2%80%99s-2026-senate-race-is-wide-open#ddfaccf9-bede-412a-8ce9-6f9ddda07554
S,GA,Senate,Emerson College,,2026-02-28,2026-03-02,1000,lv,48.0,43.0,https://emersoncollegepolling.com/georgia-2026-poll-senator-ossoff-starts-re-election-near-50-and-outpaces-gop-field/
S,GA,Senate,Echelon Insights,R,2026-04-03,2026-04-09,407,lv,51.0,44.0,https://netchoice.org/wp-content/uploads/2026/04/NetChoice-Apr-2026-National-Antitrust-Survey-Topline.pdf
S,GA,Senate,Beacon Research (D)/ Shaw & Co. Research,R,2026-06-23,2026-06-27,1002,rv,56.0,43.0,https://static.foxnews.com/foxnews.com/content/uploads/2026/07/fox_june-23-27-2026_complete_georgia_topline_july-1-release.pdf
S,GA,Senate,Wick,,2026-06-27,2026-06-30,1175,lv,47.0,43.0,https://wick.io/research-georgia-election-survey-june-2026
S,GA,Senate,Fabrizio Ward (R)/Impact Research,D,2026-07-13,2026-07-16,1060,lv,52.0,43.0,https://www.aarp.org/content/dam/aarp/research/topics/voter-opinion-research/politics/2026-midterm-election-poll-georgia.doi.10.26419-2fres.01065.004.pdf
S,GA,Senate,InsiderAdvantage,R,2026-08-16,2026-08-17,800,lv,50.0,43.0,https://jamesmagazinega.com/wp-content/uploads/2026/08/InsiderAdvantage-Poll-8.18.26-Crosstabs.jpg
S,GA,Senate,Trafalgar Group,R,2026-09-10,2026-09-12,1091,lv,49.0,43.0,https://www.thetrafalgargroup.org/wp-content/uploads/2026/09/GA-General-Full-Report-0912.pdf
S,GA,Senate,Rasmussen Reports,R,2026-09-14,2026-09-14,1019,lv,51.0,42.0,https://www.rasmussenreports.com/public_content/politics/elections/election_2026/election_2026_georgia_senate
S,GA,Senate,Quantus Insights,R,2026-09-14,2026-09-16,645,lv,48.0,44.0,https://drive.google.com/file/d/1zqVNjagPrRDYJ4sIg6aKe3G0ggfv7yek/view
S,GA,Senate,YouGov,,2026-09-15,2026-09-18,3416,rv,51.0,41.0,https://d3nkl3psvxxpe9.cloudfront.net/documents/ttw_ga_20260915.pdf
S,GA,Senate,InsiderAdvantage,R,2026-09-22,2026-09-23,1200,lv,50.0,42.0,https://insideradvantage.com/insideradvantage-georgia-survey-jackson-leads-by-two-in-race-for-governor-ossoff-leads-by-eight-in-senate-contest/
S,GA,Senate,Big Data Poll,R,2026-09-21,2026-09-23,721,rv,51.0,40.0,https://www.bigdatapoll.com/blog/peach-state-poll-jon-ossoff-opens-up-lead-over-mike-collins-in-georgia/
S,GA,Senate,Wedgewood Polls,,2026-10-02,2026-10-03,600,lv,55.0,45.0,https://drive.google.com/file/d/1-Qoij2YeWwq-EFaTY_W0iTf1fotSrKHI/view
S,IA,Senate,Change Research,D,2026-01-08,2026-01-11,1108,lv,41.0,44.0,https://fiftyplusone.news/latest-polls
S,IA,Senate,GQR,D,2026-03-10,2026-03-16,1200,lv,43.0,47.0,https://www.politico.com/f/?id=0000019d-8400-d182-a9fd-b63c76ae0000
S,IA,Senate,Echelon Insights,R,2026-04-03,2026-04-09,377,lv,46.0,45.0,https://netchoice.org/wp-content/uploads/2026/04/NetChoice-Apr-2026-National-Antitrust-Survey-Topline.pdf
S,IA,Senate,Public Policy Polling,D,2026-06-03,2026-06-04,557,rv,46.0,46.0,https://www.politico.com/f/?id=0000019e-a539-d916-a39f-ef7da0f30000
S,IA,Senate,Global Strategy Group,D,2026-06-08,2026-06-11,1000,lv,47.0,45.0,https://www.politico.com/f/?id=0000019e-eec5-d1ed-a59f-ffddb07d0000
S,IA,Senate,Cygnal,R,2026-06-16,2026-06-19,600,lv,44.0,46.0,https://taxrelief.org/itr-foundation-poll-shows-iowans-want-taxpayer-protection/
S,IA,Senate,Beacon Research (D)/ Shaw & Co. Research,R,2026-06-23,2026-06-27,1003,rv,50.0,46.0,https://www.foxnews.com/politics/fox-news-poll-close-senate-contest-brewing-iowa
S,IA,Senate,Siena University,,2026-06-15,2026-06-27,600,lv,46.0,48.0,https://www.nytimes.com/interactive/2026/07/01/polls/times-siena-battleground-poll-crosstabs.html
S,IA,Senate,Emerson College,,2026-08-02,2026-08-04,712,lv,45.0,48.0,https://emersoncollegepolling.com/iowa-2026-poll/
S,IA,Senate,Suffolk University,,2026-08-20,2026-08-23,500,lv,41.0,45.0,https://www.suffolk.edu/-/media/suffolk/documents/academics/research-at-suffolk/suprc/polls/other-states/2026/8_26_2026_iowa_statewide_marginals.pdf?la=en&hash=1F0EFC7A92F26315BCC8577EDA5577A5F0843093
S,IA,Senate,Abacus Data,,2026-08-26,2026-08-28,323,lv,54.0,45.0,https://abacusdata.ca/the-trade-war-next-door-what-american-voters-think-about-tariffs-canada-and-the-battle-for-the-u-s-senate/
S,IA,Senate,Wedgewood Polls,,2026-08-27,2026-08-29,600,lv,48.0,50.0,https://drive.google.com/file/d/1db0gbhfCa_aNzU7yfM3dufl601cW1FbY/view
S,IA,Senate,Global Strategy Group,D,2026-08-27,2026-08-31,800,lv,46.0,42.0,https://cdn.sanity.io/files/ifn0l6bs/production/6921ab6530dc305f0b905212787c0fa48aa821ca.pdf
S,IA,Senate,Emerson College,,2026-08-31,2026-09-01,750,lv,45.0,50.0,https://emersoncollegepolling.com/iowa-2026-poll-hinson-leads-turek/
S,IA,Senate,YouGov,,2026-09-03,2026-09-08,2169,rv,44.0,43.0,https://d3nkl3psvxxpe9.cloudfront.net/documents/iowa_election_20260903.pdf
S,IA,Senate,Rasmussen Reports,R,2026-09-08,2026-09-10,1031,lv,45.0,40.0,https://www.rasmussenreports.com/public_content/politics/elections/election_2026/iowa_senate_turek_leads_by_5_points#google_vignette
S,IA,Senate,Cygnal,R,2026-09-09,2026-09-11,500,lv,43.0,43.0,https://itrfoundation.org/wp-content/uploads/2026/09/ITR-Foundation-Poll-Toplines-09-11-2026.pdf
S,IA,Senate,co/efficient,R,2026-09-14,2026-09-16,831,lv,42.0,46.0,https://battlegrounds.coefficient.org/ia/
S,IA,Senate,Trafalgar Group,R,2026-09-16,2026-09-18,1089,lv,42.0,44.0,https://www.thetrafalgargroup.org/wp-content/uploads/2026/09/IA-Midterms-Full-Report-0918.pdf
S,IA,Senate,Marist University,,2026-09-17,2026-09-20,1050,rv,50.0,42.0,https://maristpoll.marist.edu/polls/2026-midterm-elections-in-iowa-september-2026/
S,IA,Senate,InsiderAdvantage,R,2026-09-22,2026-09-23,1200,lv,47.0,46.0,https://insideradvantage.com/ia-topline-tabs/
S,IA,Senate,Beacon Research (D)/ Shaw & Co. Research,R,2026-09-24,2026-09-28,1008,lv,49.0,47.0,https://www.foxnews.com/politics/fox-news-poll-turek-hinson-close-iowa-senate-race
S,IA,Senate,Quantus Insights,R,2026-09-28,2026-09-29,738,lv,46.0,47.0,https://quantusinsights.org/f/quantus-insights-hinson-holds-narrow-edge-in-iowa-senate-race
S,IA,Senate,Rasmussen Reports,R,2026-09-28,2026-09-30,1048,lv,47.0,43.0,https://www.rasmussenreports.com/public_content/politics/elections/election_2026/election_2026_iowa_senate2
S,IA,Senate,New York Times/Siena University,,2026-09-22,2026-10-01,606,lv,47.0,48.0,https://www.nytimes.com/interactive/2026/10/03/polls/times-siena-iowa-poll-toplines.html
S,IA,Senate,Suffolk University,,2026-10-01,2026-10-04,500,lv,48.0,44.0,https://www.suffolk.edu/-/media/suffolk/documents/academics/research-at-suffolk/suprc/polls/other-states/2026/10_7_2026_iowa_statewide_marginals.pdf?la=en&hash=2D72AC4AC373F8C2FA39466A7E5CD59D2370B6F9
S,IA,Senate,SSRS,,2026-09-29,2026-10-05,801,lv,43.0,45.0,https://www.documentcloud.org/documents/28729018-cnn-iowa-poll-conducted-by-ssrs/
S,IA,Senate,Emerson College,,2026-10-05,2026-10-06,650,lv,45.0,47.0,https://emersoncollegepolling.com/iowa-2026-poll-u-s-senate-race-tightens-sand-maintains-edge-for-governor/
S,ID,Senate,Public Policy Polling (I),,2026-03-16,2026-03-17,639,rv,34.0,48.0,https://data.ddhq.io/polls/2026/03/21/Public-Policy-Polling-Idaho
S,ID,Senate,The Bullfinch Group,,2026-05-29,2026-06-01,774,rv,36.0,40.0,https://www.thebullfinchgroup.com/post/for-immediate-release-independent-todd-achilles-surges-on-informed-ballot
S,ID,Senate,Peak Insights,R,2026-06-06,2026-06-07,500,lv,7.0,55.0,
S,ID,Senate,Change Research (I),,2026-07-28,2026-07-30,1213,lv,19.0,43.0,
S,ID,Senate,The Bullfinch Group,,2026-08-04,2026-08-07,608,lv,38.0,33.0,https://www.thebullfinchgroup.com/post/for-immediate-release-independent-todd-achilles-within-4-points-among-likely-voters
S,ID,Senate,Peak Insights,R,2026-08-11,2026-08-13,500,lv,18.0,52.0,
S,ID,Senate,Advanced Targeting Research,,2026-09-13,2026-09-16,700,rv,50.0,39.0,https://www.advancedtargetingresearch.com/_files/ugd/03a624_0fca9a6dd7f846f7bc96f97429561064.pdf
S,ID,Senate,Peak Insights,R,2026-09-28,2026-09-30,500,lv,24.0,49.0,
S,IL,Senate,Public Policy Polling,D,2026-09-30,2026-10-01,569,lv,49.0,36.0,https://www.cnwmedia.com/article/cnw-poll-pritzker-leads-bailey-by-20-points-democrats-ahead-in-four-other-statewide-races
S,KS,Senate,Tavern Research,D,2026-01-26,2026-01-28,1013,lv,46.0,54.0,https://sunflowerstatejournal.com/wp-content/uploads/2026/04/Toplines-KS-surv-20260125_195205.pdf
S,KS,Senate,Tavern Research,D,2026-01-26,2026-01-28,1013,lv,51.0,49.0,
S,KS,Senate,GBAO,D,2026-07-08,2026-07-13,600,lv,43.0,47.0,https://www.politico.com/f/?id=0000019f-dd02-d9b2-a7bf-ff9faeee0000
S,KS,Senate,Public Policy Polling,D,2026-08-07,2026-08-08,569,lv,45.0,46.0,https://www.politico.com/newsletters/playbook/2026/08/12/newsoms-swing-and-miss-state-tour-01035105
S,KS,Senate,Global Strategy Group,D,2026-08-12,2026-08-16,800,lv,44.0,43.0,
S,KS,Senate,co/efficient,R,2026-09-08,2026-09-10,915,lv,44.0,49.0,https://battlegrounds.coefficient.org/ks/
S,KS,Senate,Emerson College,,2026-09-15,2026-09-16,750,lv,45.0,43.0,https://emersoncollegepolling.com/kansas-2026/
S,KS,Senate,Global Strategy Group,D,2026-09-13,2026-09-16,800,lv,49.0,47.0,https://static.politico.com/0f/52/d84e43ae45cf803b787113de4d91/daga-ks-interested-parties-memo-10-01-26.pdf
S,KS,Senate,Wedgewood Polls,,2026-09-22,2026-09-24,500,lv,50.0,48.0,https://drive.google.com/file/d/1MxCohCdxLl3Gy2iIUBnctm4oPipKwjSg/view
S,KS,Senate,New York Times/Siena University,,2026-09-22,2026-09-30,605,lv,45.0,45.0,https://www.nytimes.com/interactive/2026/10/03/polls/times-siena-kansas-poll-toplines.html
S,KS,Senate,Trafalgar Group,R,2026-09-29,2026-10-01,1095,lv,44.0,44.0,https://www.thetrafalgargroup.org/news/ks-senate-general-1001/
S,KS,Senate,GBAO,D,2026-09-30,2026-10-04,600,lv,46.0,41.0,https://static.politico.com/37/ce/d434188d4d2b83a7e3c9bcf2427c/gbao-hamilton-polling-memo-100626.pdf
S,KS,Senate,YouGov,,2026-09-24,2026-10-04,2255,lv,48.0,45.0,https://d3nkl3psvxxpe9.cloudfront.net/documents/ttw_ks_20260921_lv.pdf
S,KY,Senate,Public Policy Polling,D,2025-12-18,2025-12-19,650,v,38.0,49.0,https://www.kentucky.com/news/politics-government/article314061118.html
S,KY,Senate,Global Strategy Group,D,2026-08-24,2026-08-27,600,lv,40.0,49.0,https://fox56news.com/news/kentucky/new-poll-shows-charles-booker-trailing-just-behind-andy-barr-in-race-for-senate/
S,LA,Senate,Public Policy Polling,D,2026-07-21,2026-07-22,518,rv,37.0,41.0,https://bayouprogressive.com/2026/08/new-poll-puts-jamie-davis-four-points-behind-julia-letlow-as-1-in-5-voters-remain-undecided/
S,LA,Senate,Hart Research Associates,D,2026-09-17,2026-09-19,500,lv,44.0,48.0,https://bsky.app/profile/deecherrywriter.bsky.social/post/3mw7hmiyunc2g
S,MA,Senate,SurveyUSA,,2025-02-28,2025-03-04,775,rv,45.0,26.0,https://www.surveyusa.com/client/PollReport.aspx?g=adc70fa6-00da-4a97-9b1a-7eb4844e0302
S,MA,Senate,Suffolk University,,2025-11-19,2025-11-23,500,rv,54.0,31.0,https://www.suffolk.edu/academics/research-at-suffolk/political-research-center/polls/massachusetts
S,MA,Senate,Cygnal,R,2026-01-22,2026-01-25,800,lv,54.0,30.0,https://www.politico.com/f/?id=0000019c-75d4-d0f8-adde-ffde8f8e0000
S,MA,Senate,University of New Hampshire,,2026-02-12,2026-02-16,620,lv,56.0,27.0,https://scholars.unh.edu/cgi/viewcontent.cgi?article=1930&context=survey_center_polls
S,MA,Senate,University of New Hampshire,,2026-04-16,2026-04-20,603,lv,55.0,32.0,https://scholars.unh.edu/cgi/viewcontent.cgi?article=1944&context=survey_center_polls
S,MA,Senate,Suffolk University,,2026-06-08,2026-06-12,500,lv,55.0,30.0,https://www.bostonglobe.com/2026/06/16/metro/full-results-poll-of-massachusetts-voters/
S,MA,Senate,University of New Hampshire,,2026-06-18,2026-06-23,623,lv,50.0,34.0,https://scholars.unh.edu/survey_center_polls/973/
S,MA,Senate,UMass Amherst/YouGov,,2026-08-05,2026-08-12,800,rv,51.0,30.0,https://htv-prod-media.s3.amazonaws.com/files/markeymoultontoplinesaug2026masspoll-6a82d54db1726.pdf
S,MA,Senate,University of New Hampshire,,2026-08-20,2026-08-24,881,lv,49.0,30.0,https://scholars.unh.edu/survey_center_polls/989/
S,MA,Senate,University of New Hampshire,,2026-09-17,2026-09-21,564,lv,53.0,30.0,https://scholars.unh.edu/cgi/viewcontent.cgi?article=2007&context=survey_center_polls
S,MA,Senate,MassINC Polling Group,,2026-09-14,2026-09-22,800,lv,52.0,26.0,https://commonwealthbeacon.org/politics/poll-healey-cruising-in-reelection-bid-with-trump-high-on-voters-mind/
S,ME,Senate,Wedgewood Polls,D,2026-07-04,2026-07-06,405,lv,48.0,43.0,https://drive.google.com/file/d/1D7onbq7aV59X8lq2-YatdLNakqqCYTnB/view
S,ME,Senate,Public Policy Polling,D,2026-07-07,2026-07-07,785,lv,49.0,44.0,https://www.politico.com/news/2026/07/08/graham-platner-polls-replacements-senate-00990664
S,ME,Senate,Z to A Research,D,2026-07-07,2026-07-08,988,lv,47.0,48.0,https://www.notus.org/2026-election/platner-replacements-poll-maine-senate
S,ME,Senate,University of New Hampshire,,2026-07-15,2026-07-20,1178,lv,49.0,46.0,https://scholars.unh.edu/cgi/viewcontent.cgi?article=1980&context=survey_center_polls
S,ME,Senate,Hart Research,D,2026-07-27,2026-08-01,802,lv,49.0,45.0,https://drive.google.com/file/d/1c_Oz7n375ncOkmMWPs8DJTKcBD3Gke4-/view
S,ME,Senate,Beacon Research (D)/ Shaw & Co. Research,R,2026-08-06,2026-08-10,1000,rv,48.0,46.0,https://www.foxnews.com/politics/fox-news-poll-new-matchup-same-result-maine-senate-race-stays-locked
S,ME,Senate,Abacus Data,,2026-08-26,2026-08-28,327,lv,52.0,43.0,https://abacusdata.ca/the-trade-war-next-door-what-american-voters-think-about-tariffs-canada-and-the-battle-for-the-u-s-senate/
S,ME,Senate,SSRS,,2026-08-31,2026-09-06,880,lv,48.0,45.0,https://www.documentcloud.org/documents/28608783-cnn-poll-conducted-by-ssrs-maine/
S,ME,Senate,YouGov,,2026-09-02,2026-09-08,1335,lv,48.0,44.0,https://d3nkl3psvxxpe9.cloudfront.net/documents/ttw_me_20260902.pdf
S,ME,Senate,Rasmussen Reports,R,2026-09-08,2026-09-10,1033,lv,46.0,45.0,https://www.rasmussenreports.com/public_content/politics/elections/election_2026/election_2026_maine_senate
S,ME,Senate,University of Massachusetts/YouGov,,2026-08-28,2026-09-14,650,lv,48.0,43.0,https://www.uml.edu/docs/2026-Sept-Maine-Topline_tcm18-422748.pdf
S,ME,Senate,Quantus Insights,R,2026-09-14,2026-09-15,621,lv,47.0,48.0,https://quantusinsights.org/polling/f/quantus-survey-collins-and-jackson-even-in-maine-senate-race
S,ME,Senate,University of New Hampshire,,2026-09-17,2026-09-21,1312,lv,51.0,47.0,https://scholars.unh.edu/cgi/viewcontent.cgi?article=2006&context=survey_center_polls
S,ME,Senate,Fabrizio Ward (R)/ Impact Research,D,2026-09-20,2026-09-22,982,lv,50.0,47.0,https://www.aarp.org/content/dam/aarp/research/topics/voter-opinion-research/politics/2026-midterm-election-poll-maine.doi.10.26419-2fres.01065.013.pdf
S,ME,Senate,New York Times/Siena University,,2026-09-15,2026-09-22,619,lv,46.0,49.0,https://www.nytimes.com/2026/09/24/us/politics/democrats-show-strength-in-michigan-senate-race-but-trail-in-maine-polls-find.html
S,ME,Senate,InsiderAdvantage,R,2026-09-22,2026-09-23,1200,lv,46.0,46.0,https://insideradvantage.com/me-top-line-tabs/
S,ME,Senate,Maine People's Resource Center,,2026-09-25,2026-09-29,684,lv,49.0,47.0,https://drive.google.com/file/d/1nVC9doKmSak5hQ8ajaaKftWiXSEZf-Us/view
S,ME,Senate,co/efficient,R,2026-09-28,2026-09-30,1240,lv,46.0,48.0,https://battlegrounds.coefficient.org/me/
S,ME,Senate,Trafalgar Group,R,2026-09-29,2026-10-01,1091,lv,46.0,46.0,https://www.thetrafalgargroup.org/news/me-senate-gen-1002/
S,ME,Senate,Wedgewood Polls,,2026-09-27,2026-10-01,400,lv,52.0,48.0,https://drive.google.com/file/d/1sycfLKEWvUxaW7oNYTdih5DzlXlcmtXC/view
S,ME,Senate,CBS News/YouGov,,2026-09-23,2026-10-01,1136,lv,50.0,50.0,https://www.cbsnews.com/news/maine-senate-poll-2026-10-02/
S,ME,Senate,Marist University,,2026-10-01,2026-10-04,1505,rv,51.0,47.0,https://maristpoll.marist.edu/wp-content/uploads/2026/10/Marist-Poll_Maine-NOS-and-Tables_202610051032xtc92617B.pdf
S,ME,Senate,The Washington Post/SSPG,,2026-09-30,2026-10-05,800,lv,50.0,46.0,https://www.washingtonpost.com/documents/916dd450-a193-4312-9a75-1b14dd95cc28.pdf?itid=lk_inline_manual_1
S,ME,Senate,Rasmussen Reports,R,2026-10-05,2026-10-08,804,lv,49.0,47.0,https://www.rasmussenreports.com/public_content/politics/elections/election_2026/election_2026_maine_senate
S,MI,Senate,Glengariff Group,,2025-05-05,2025-05-08,600,rv,41.0,47.0,https://www.detroitchamber.com/wp-content/uploads/2025/05/Detroit-Regional-Chamber_Glengariff-Group_May-2025-Political-Survey-Report.pdf
S,MI,Senate,Rosetta Stone Communications,R,2025-10-23,2025-10-25,637,lv,31.0,45.0,https://drive.google.com/file/d/1IXMRqu8XUE5k6Ao5G74CabOQMWKDxqAg/view
S,MI,Senate,Mitchell Research & Communications,,2025-11-18,2025-11-21,616,lv,38.0,41.0,https://mirs-polls.s3.us-east-2.amazonaws.com/c7ba70f28c3812c553cbf07db509f469.pdf
S,MI,Senate,Glengariff Group,,2026-01-02,2026-01-06,600,lv,47.0,43.0,https://www.detroitnews.com/story/news/politics/2026/01/14/michigan-senate-race-poll-mike-rogers-haley-stevens-mallory-mcmorrow-abdul-el-sayed/88148893007/
S,MI,Senate,Emerson College,,2026-01-24,2026-01-25,1000,lv,43.0,43.0,https://emersoncollegepolling.com/michigan-2026-poll-crowded-democratic-senate-primary-remains-wide-open/
S,MI,Senate,Glengariff Group,,2026-04-28,2026-05-01,600,lv,40.0,45.0,https://www.detroitchamber.com/wp-content/uploads/2026/05/DRC_Glengariff-Group_2026-Mackinac-Policy-Conference_POLITICAL-REPORT.pdf
S,MI,Senate,Mitchell Research,,2026-05-01,2026-05-07,607,lv,41.0,42.0,https://www.realclearpolitics.com/docs/2026/MIRS-MITCHELL_MI_Poll_Press_Release_5-13-2026_425PM_A.pdf
S,MI,Senate,TIPP Insights,R,2026-05-20,2026-05-23,1456,rv,40.0,40.0,https://tippinsights.com/league-of-american-workers-survey-michigan/
S,MI,Senate,Tulchin Research,D,2026-06-02,2026-06-04,500,lv,46.0,41.0,https://drive.google.com/file/d/15KbOIW_L4iGdkgIbMWDr2m80N0ZUr3d3/view
S,MI,Senate,Mitchell Research & Communications,,2026-06-11,2026-06-13,827,lv,47.0,42.0,https://www.realclearpolitics.com/docs/2026/MITCHELL_MI_Poll_Press_Release_6-17-2026_7PM.pdf
S,MI,Senate,Zenith Research,D,2026-06-11,2026-06-14,602,lv,45.0,42.0,https://drive.google.com/file/d/1tC6hr1QiRdiegnxdJjAf0WkOE-XfZwEI/view
S,MI,Senate,Data for Progress,D,2026-06-15,2026-06-22,709,lv,47.0,46.0,https://workingfamilies.org/wp-content/uploads/2026/07/DFP-__-WFP-Michigan-Senate-Race-Memorandum.pdf
S,MI,Senate,Quantus Insights,R,2026-06-29,2026-06-30,947,lv,45.0,44.0,https://quantusinsights.org/f/michigan-senate-el-sayed-leads-primary-fall-race-remains-tight
S,MI,Senate,Glengariff Group,,2026-07-22,2026-07-24,600,lv,39.0,49.0,https://mea.org/wp-content/uploads/2026/07/MICHIGAN-EDUCATION-SURVEY-REPORT-FINAL54.pdf
S,MI,Senate,Mitchell Research & Communications,,2026-07-28,2026-07-29,672,lv,45.0,45.0,https://static1.squarespace.com/static/5f14ae6fb2a20e01e9c6d608/t/6a6d26262f442f133d15fa49/1785538087149/MITCHELL+MI+Poll+Nov+Electio+Press+Release+7-31-2026+305PM_A.pdf
S,MI,Senate,SoCal Strategies,R,2026-07-28,2026-07-30,640,lv,41.0,42.0,https://socalstrategies.substack.com/p/abdul-el-sayed-holds-17-point-primary
S,MI,Senate,EPIC-MRA,,2026-07-24,2026-07-31,600,lv,43.0,46.0,https://ssl2002.webhosting.comcast.net/epic-mra/press/Stwd_Survey_July2026_Media_Freq.pdf
S,MI,Senate,TIPP Insights,R,2026-08-06,2026-08-10,1528,rv,43.0,39.0,https://tippinsights.com/league-of-american-workers-survey-michigan-2/
S,MI,Senate,GBAO,D,2026-08-06,2026-08-10,800,lv,50.0,44.0,https://www.politico.com/f/?id=000001a0-05bf-d9b2-a7ac-ffbfa27c0000
S,MI,Senate,Beacon Research (D)/ Shaw & Co. Research,R,2026-08-06,2026-08-10,1006,rv,47.0,51.0,https://www.foxnews.com/politics/fox-news-poll-senate-battle-looms-michigan
S,MI,Senate,Fabrizio Ward (R)/ Impact Research,D,2026-08-09,2026-08-11,877,lv,48.0,47.0,https://www.aarp.org/content/dam/aarp/research/topics/voter-opinion-research/politics/2026-midterm-election-poll-michigan.doi.10.26419-2fres.01065.010.pdf
S,MI,Senate,Susquehanna Polling & Research,R,2026-08-11,2026-08-17,800,lv,46.0,39.0,https://www.realclearpolitics.com/docs/2026/Toplines-Michigan-Statewide-August2026.pdf
S,MI,Senate,Michigan State University/YouGov,,2026-08-10,2026-08-20,779,lv,50.0,45.0,https://ippsr.msu.edu/news/msu-poll-shows-democrats-lead-republicans-coalesce-behind-rogers
S,MI,Senate,Abacus Data,,2026-08-26,2026-08-28,332,lv,49.0,45.0,https://abacusdata.ca/the-trade-war-next-door-what-american-voters-think-about-tariffs-canada-and-the-battle-for-the-u-s-senate/
S,MI,Senate,EPIC-MRA,,2026-08-22,2026-08-28,600,lv,50.0,45.0,https://ssl2002.webhosting.comcast.net/epic-mra/press/Stwd_Survey_Aug2026_Media_Freq.pdf
S,MI,Senate,Glengariff Group,,2026-08-31,2026-09-03,600,lv,44.0,46.0,https://www.detroitnews.com/story/news/politics/2026/09/08/michigan-senate-poll-mike-rogers-abdul-el-sayed/91653231007/
S,MI,Senate,SSRS,,2026-08-31,2026-09-06,843,lv,47.0,44.0,https://www.documentcloud.org/documents/28608784-cnn-poll-conducted-by-ssrs-michigan/
S,MI,Senate,Trafalgar Group,R,2026-09-07,2026-09-09,1079,lv,46.0,45.0,https://www.thetrafalgargroup.org/wp-content/uploads/2026/09/MI-Gen-Sen-Poll-Full-Report-0910.pdf
S,MI,Senate,Emerson College,,2026-09-12,2026-09-14,1000,lv,48.0,46.0,https://emersoncollegepolling.com/michigan-2026-poll-el-sayed-and-rogers-locked-in-close-election/
S,MI,Senate,The Washington Post/SSPG,,2026-09-10,2026-09-14,803,lv,48.0,45.0,https://www.washingtonpost.com/documents/08fa9b5e-43ac-456c-a706-4c33ec6506dc.pdf?itid=lk_inline_manual_2
S,MI,Senate,InsiderAdvantage,R,2026-09-16,2026-09-17,1200,lv,47.0,45.0,https://insideradvantage.com/mi-top-line-tabs/
S,MI,Senate,Torchlight Strategies,R,2026-09-15,2026-09-19,643,lv,43.0,44.0,https://washingtonreporter.news/exclusive-mike-rogers-leads-in-michigan-john-james-nearly-tied-poll-shows/
S,MI,Senate,Suffolk University,,2026-09-16,2026-09-20,500,lv,47.0,40.0,https://www.suffolk.edu/-/media/suffolk/documents/academics/research-at-suffolk/suprc/polls/other-states/2026/9_22_2026_michigan_statewide_marginals.pdf?la=en&hash=6738E3056D284CD6D4733F5FB9C38684431D4884
S,MI,Senate,Cygnal (R)/Beacon Research,D,2026-09-18,2026-09-21,600,lv,45.0,40.0,https://enjoyer.com/michigan-poll-fall-2026/
S,MI,Senate,GBAO,D,2026-09-19,2026-09-22,800,lv,48.0,44.0,https://www.politico.com/newsletters/playbook/2026/09/28/trumps-joes-exit-the-front-row-01094720
S,MI,Senate,New York Times/Siena University,,2026-09-15,2026-09-22,605,lv,49.0,44.0,https://www.nytimes.com/2026/09/24/us/politics/democrats-show-strength-in-michigan-senate-race-but-trail-in-maine-polls-find.html
S,MI,Senate,co/efficient,R,2026-09-21,2026-09-23,843,lv,45.0,45.0,https://battlegrounds.coefficient.org/mi/
S,MI,Senate,Big Data Poll,R,2026-09-22,2026-09-24,678,lv,47.0,42.0,https://www.bigdatapoll.com/blog/wolverine-state-poll-el-sayed-leads-rogers-for-us-senate-in-michigan/
S,MI,Senate,Marist University,,2026-09-24,2026-09-27,1235,rv,51.0,44.0,https://maristpoll.marist.edu/polls/midterm-elections-in-michigan-september-2026/
S,MI,Senate,Guidant Polling & Strategy,,2026-09-20,2026-09-27,800,lv,48.0,43.0,https://static01.nyt.com/newsgraphics/documenttools/517739e11050c66b/43ffa3c2-full.pdf
S,MI,Senate,Beacon Research (D)/ Shaw & Co. Research,R,2026-09-24,2026-09-28,1028,lv,50.0,49.0,https://www.foxnews.com/politics/fox-news-poll-michigan-voters-split-between-el-sayed-rogers
S,MI,Senate,Trafalgar Group,R,2026-09-28,2026-09-30,1085,lv,47.0,45.0,https://www.thetrafalgargroup.org/news/mi-senate-general-1001/
S,MI,Senate,Mitchell Research & Communications,,2026-10-01,2026-10-01,682,lv,46.0,41.0,https://static1.squarespace.com/static/5f14ae6fb2a20e01e9c6d608/t/6ac40987eb519d3ce159c107/1791232391610/Mitchell%2BMI%2BPoll%2BUS%2BSENATE%2BPress%2BRelease%2B1043PM%2B10-4-26_A.pdf
S,MI,Senate,Z to A Research,D,2026-09-28,2026-10-01,483,lv,49.0,42.0,https://x.com/rbrtraining/status/2108302504446337272
S,MI,Senate,YouGov,,2026-09-22,2026-10-04,3949,lv,49.0,48.0,https://d3nkl3psvxxpe9.cloudfront.net/documents/ttw_mi_20260921_lv.pdf
S,MI,Senate,Quantus Insights,R,2026-10-05,2026-10-06,762,lv,48.0,47.0,https://quantusinsights.org/f/michigan-senate-el-sayed-48-rogers-47-at-four-weeks-out
S,MN,Senate,Impact Research,D,2025-07-08,2025-07-11,604,lv,48.0,45.0,https://www.scribd.com/document/967381321/MEMO-Poll-Memo-MN-Senate-Dec-2025
S,MN,Senate,Emerson College,,2026-02-06,2026-02-08,1000,lv,47.0,41.0,https://emersoncollegepolling.com/minnesota-2026-poll-democrats-lead-gop-as-voters-cite-threats-to-democracy/
S,MN,Senate,Impact Research,D,2026-05-26,2026-05-28,808,lv,51.0,44.0,
S,MN,Senate,KTSP/SurveyUSA,,2026-08-13,2026-08-17,661,lv,46.0,41.0,https://kstp.com/kstp-news/top-news/kstp-surveyusa-poll-early-frontrunners-in-governor-and-senate-races-ag-a-toss-up/
S,MN,Senate,Deep Root Analytics,R,2026-08-17,2026-08-18,597,rv,50.0,45.0,
S,MN,Senate,TIPP Insights,R,2026-08-31,2026-09-02,1494,rv,40.0,38.0,https://tippinsights.com/league-of-american-workers-survey-minnesota/
S,MN,Senate,Quantus Insights,R,2026-09-08,2026-09-10,720,lv,48.0,44.0,https://quantusinsights.org/f/new-quantus-polls-moody-leads-in-florida-flanagan-in-minnesota
S,MN,Senate,KSTP/SurveyUSA,,2026-09-09,2026-09-14,654,lv,42.0,42.0,https://kstp.com/kstp-news/top-news/kstp-surveyusa-poll-governor-senate-races-tightening-days-before-early-voting-starts-in-minnesota/
S,MN,Senate,co/efficient,R,2026-09-14,2026-09-15,833,lv,43.0,42.0,https://battlegrounds.coefficient.org/mn/
S,MN,Senate,InsiderAdvantage,R,2026-09-28,2026-09-29,1200,lv,46.0,45.0,https://insideradvantage.com/insideradvantage-survey-u-s-senate-minnesota-contest-a-one-point-race-flanagan-46-tafoya-45/
S,MN,Senate,Big Data Poll,R,2026-09-29,2026-09-30,622,lv,40.0,38.0,https://www.bigdatapoll.com/blog/north-star-state-poll-peggy-flanagan-holds-slight-lead-over-michele-tafoya-for-us-senate-in-minnesota/
S,MN,Senate,GQR,D,2026-10-01,2026-10-04,800,lv,53.0,44.0,
S,MN,Senate,Morning Consult,D,2026-10-02,2026-10-07,1000,rv,45.0,41.0,https://www.thedailyagenda.com/p/morning-take-the-daily-agenda-poll/
S,MN,Senate,Rasmussen Reports,R,2026-10-05,2026-10-07,856,lv,48.0,45.0,https://www.rasmussenreports.com/public_content/politics/elections/election_2026/election_2026_minnesota_senate
S,MS,Senate,Impact Research,D,2025-06-18,2025-06-22,500,rv,38.0,51.0,https://www.splcactionfund.org/news/new-poll-of-likely-voters-shows-mississippi-senate-race-tightening-as-voters-continue-to-sour-on-sen-cindy-hyde-smith/
S,MS,Senate,Impact Research,D,2026-04-08,2026-04-12,500,lv,39.0,42.0,https://www.splcactionfund.org/news/new-poll-of-likely-voters-shows-mississippi-senate-race-tightening-as-voters-continue-to-sour-on-sen-cindy-hyde-smith/
S,MS,Senate,Data for Progress,D,2026-08-05,2026-08-15,1018,lv,38.0,44.0,https://www.filesforprogress.org/datasets/2026/8/dfp_ms_ge26_aug2026_crosstabs.pdf
S,MT,Senate,Public Opinion Strategies,R,2026-06-08,2026-06-11,500,lv,25.0,44.0,https://cdn.sanity.io/files/ifn0l6bs/production/626280779039a0a32a936d7010103c7a8d7acb5e.pdf
S,MT,Senate,Tavern Research,D,2026-06-16,2026-06-19,400,lv,26.0,49.0,https://242750075.fs1.hubspotusercontent-na2.net/hubfs/242750075/Toplines%20-%20Montana%20Senate%20General%20Election%2020260616_161028%20(1).pdf
S,MT,Senate,Tavern Research,D,2026-06-16,2026-06-19,400,lv,44.0,56.0,
S,MT,Senate,GrayHouse,R,2026-06-23,2026-06-24,500,rv,25.0,41.0,https://insideelections.com/montana-senate-new-poll-confirms-gop-edge/
S,MT,Senate,Hart Research,D,2026-06-18,2026-06-24,800,lv,22.0,47.0,https://drive.google.com/file/d/1yUukuOVAyj-X-rivpEaAfaDa6Gp9ILe3/view
S,MT,Senate,Hart Research,D,2026-06-18,2026-06-24,800,lv,43.0,49.0,
S,MT,Senate,Bullfinch Group,R,2026-07-13,2026-07-16,793,lv,22.0,36.0,
S,MT,Senate,GQR,D,2026-07-23,2026-07-26,500,lv,22.0,41.0,https://www.gelliottmorris.com/p/2026-07-28-exclusive-independent-leads-democrat-against-republican-montana
S,MT,Senate,GQR,D,2026-07-23,2026-07-26,500,lv,40.0,44.0,
S,MT,Senate,Tavern Research,D,2026-07-23,2026-07-27,517,lv,24.0,49.0,https://242750075.fs1.hubspotusercontent-na2.net/hubfs/242750075/Toplines%20-%20Montana%20Senate%20late%20July%2020260723_143910%20(2).pdf
S,MT,Senate,Tavern Research,D,2026-07-23,2026-07-27,517,lv,41.0,59.0,
S,MT,Senate,Hart Research,D,2026-08-01,2026-08-04,800,lv,15.0,45.0,https://forwardmontana.org/results-of-new-polling-on-the-montana-u-s-senate-election/
S,MT,Senate,Peak Insights,,2026-08-23,2026-08-25,600,lv,19.0,44.0,https://cdn.sanity.io/files/ifn0l6bs/production/72ac898bdf17c5121988f619a81d80fde4e18325.pdf
S,MT,Senate,Rutgers University Eagleton Institute of Politics,,2026-08-27,2026-09-07,845,rv,16.0,38.0,https://montanafreepress.org/2026/09/11/alme-holds-an-8-point-lead-over-bodnar-in-senate-race/
S,MT,Senate,Quantus Insights,R,2026-09-14,2026-09-15,625,lv,23.0,44.0,https://quantusinsights.org/f/latest-survey-alme-leads-as-montana%E2%80%99s-senate-opposition-splits
S,MT,Senate,Aspect Strategic,,2026-09-07,2026-09-15,715,lv,14.0,44.0,https://x.com/burgessev/status/2102451722702442813
S,NC,Senate,Emerson College,,2025-07-28,2025-07-30,1000,rv,47.0,41.0,https://emersoncollegepolling.com/north-carolina-2026-poll-cooper-starts-us-senate-race-with-six-point-lead-and-clear-name-recognition-advantage-over-whatley
S,NC,Senate,Victory Insights,R,2025-07-28,2025-07-30,600,lv,43.0,40.0,https://irp.cdn-website.com/07e08705/files/uploaded/PollSummary_NC-US-Senate_07-31-2025.pdf
S,NC,Senate,Harper Polling,R,2025-08-11,2025-08-12,600,rv,47.0,39.0,https://www.carolinajournal.com/polls/august-2025-cooper-shows-early-lead-on-whatley-in-us-senate-race/
S,NC,Senate,Change Research,D,2025-09-02,2025-09-08,855,lv,48.0,41.0,https://carolinaforward.org/blog/the-september-carolina-forward-poll/
S,NC,Senate,Harper Polling,R,2025-09-14,2025-09-15,600,rv,46.0,42.0,https://www.carolinajournal.com/whatley-narrows-gap-with-cooper-in-new-cj-poll-of-us-senate-race/
S,NC,Senate,Harper Polling,R,2025-11-09,2025-11-10,600,lv,47.0,39.0,https://mcusercontent.com/259a50ef0a1608ab2bc2cf891/files/c8490c1f-3b65-2883-756c-59ead399b1f8/H23440_CJ_NC_Nov_039_25_Toplines.pdf
S,NC,Senate,Change Research,D,2026-01-05,2026-01-07,1105,lv,47.0,42.0,https://carolinaforward.org/blog/the-january-carolina-forward-poll/
S,NC,Senate,TIPP Insights,R,2026-01-12,2026-01-15,1512,rv,48.0,24.0,https://tippinsights.com/league-of-american-workers-survey-north-carolina/
S,NC,Senate,Change Research,D,2026-01-31,2026-02-04,1069,rv,50.0,40.0,https://docs.google.com/document/d/1n3RgdfLuny5YYffvdqdPLn4b5lFnsS1YnAMgftIkbUk/edit?tab=t.0
S,NC,Senate,Nexus Strategies/ Strategic Partners Solutions,,2026-03-08,2026-03-09,800,rv,50.0,32.0,https://www.carolinajournal.com/poll-cooper-holds-wide-early-lead-over-whatley-in-nc-senate-race/
S,NC,Senate,Public Policy Polling,D,2026-03-13,2026-03-14,556,v,47.0,44.0,https://www.publicpolicypolling.com/polls/north-carolina-is-always-close/
S,NC,Senate,Catawba College/YouGov,,2026-03-09,2026-03-18,1000,lv,48.0,34.0,https://www.catawba.edu/news/all-news/2026/yougov-24/
S,NC,Senate,Harper Polling,R,2026-03-22,2026-03-23,600,lv,49.0,41.0,https://www.carolinajournal.com/polls/march-2026-roy-cooper-leads-michael-whatley-in-senate-race-by-nearly-8-points/
S,NC,Senate,Quantus Insights,R,2026-03-31,2026-04-01,987,lv,49.0,44.0,https://quantusinsights.org/f/north-carolina-2026-democrats-hold-early-edge
S,NC,Senate,High Point University/YouGov,,2026-03-26,2026-04-06,703,lv,50.0,42.0,https://www.highpoint.edu/src/files/2023/08/HPU-Poll-120-Memo-1.pdf
S,NC,Senate,Opinion Diagnostics,R,2026-04-21,2026-04-24,830,v,50.0,41.0,https://www.thecentersquare.com/north_carolina/article_b415645c-a5af-47b5-970f-1d8cc9a64480.html
S,NC,Senate,Change Research,D,2026-05-04,2026-05-08,957,lv,49.0,42.0,https://carolinaforward.org/blog/the-may-2026-carolina-forward-poll/
S,NC,Senate,Harper Polling,R,2026-05-10,2026-05-11,600,lv,50.0,39.0,https://bloximages.newyork1.vip.townnews.com/thecentersquare.com/content/tncms/assets/v3/editorial/8/85/885dfc5a-352d-4949-8a33-aad807ecee4c/6a05ccdfa3461.pdf.pdf
S,NC,Senate,Catawba College/YouGov,,2026-06-01,2026-06-10,905,lv,48.0,34.0,https://www.catawba.edu/news/all-news/2026/yougovsurvey27/
S,NC,Senate,Siena University,,2026-06-15,2026-06-27,601,lv,50.0,43.0,https://www.nytimes.com/interactive/2026/07/01/polls/times-siena-battleground-poll-crosstabs.html
S,NC,Senate,Public Policy Polling,D,2026-07-10,2026-07-11,759,lv,48.0,44.0,https://www.publicpolicypolling.com/polls/cooper-leads-but-whatley-has-a-path/
S,NC,Senate,Beacon Research (D)/ Shaw & Co. Research,R,2026-07-23,2026-07-27,1005,rv,53.0,44.0,https://www.foxnews.com/politics/fox-news-poll-democratic-enthusiasm-shapes-north-carolina-senate-race
S,NC,Senate,Elon University/YouGov,,2026-07-23,2026-07-31,466,lv,53.0,42.0,https://eloncdn.blob.core.windows.net/eu3/sites/819/2026/08/Elon-University-Poll-Topline-8-12-26.pdf
S,NC,Senate,Change Research,D,2026-07-29,2026-08-01,967,v,50.0,41.0,https://garypearcenc.substack.com/p/cooper-up-by-9-trump-still-slumps?utm_source=substack&utm_medium=email
S,NC,Senate,Change Research,D,2026-08-03,2026-08-06,915,lv,50.0,43.0,https://carolinaforward.org/news/the-august-2026-carolina-forward-poll/
S,NC,Senate,Harper Polling,R,2026-08-09,2026-08-10,600,lv,52.0,39.0,https://www.carolinajournal.com/wp-content/uploads/2026/08/H24463-CJ-NC-Aug26-Toplines.pdf
S,NC,Senate,High Point University/YouGov,,2026-08-03,2026-08-12,800,rv,48.0,41.0,https://www.highpoint.edu/src/files/2023/08/HPU-Poll-126-Memo-08192026.pdf
S,NC,Senate,Elon University/YouGov,,2026-08-21,2026-08-31,565,lv,49.0,38.0,https://eloncdn.blob.core.windows.net/eu3/sites/819/2026/09/Elon-University-Poll-charts-9-10-26.pdf
S,NC,Senate,East Carolina University,,2026-08-31,2026-09-03,675,lv,46.0,39.0,https://surveyresearch-ecu.reportablenews.com/pr/ecu-poll-cooper-leads-whatley-by-7-points
S,NC,Senate,The Trafalgar Group,R,2026-09-08,2026-09-10,1084,lv,48.0,42.0,https://www.thetrafalgargroup.org/wp-content/uploads/2026/09/NC-Gen-Sen-Poll-Full-Report-0911.pdf
S,NC,Senate,Harper Polling,R,2026-09-13,2026-09-15,608,lv,49.0,34.0,https://www.carolinajournal.com/cj-poll-cooper-leads-whatley-by-15-as-republican-voters-drift-to-undecided/
S,NC,Senate,Catawba College/YouGov,,2026-09-04,2026-09-15,885,lv,47.0,35.0,https://www.catawba.edu/news/all-news/2026/yougov-39/
S,NC,Senate,High Point University,,2026-09-09,2026-09-16,813,rv,49.0,39.0,https://www.highpoint.edu/src/files/2023/08/HPUPoll127MemoA-1.pdf
S,NC,Senate,InsiderAdvantage,R,2026-09-16,2026-09-17,1200,lv,48.0,43.0,https://insideradvantage.com/nc-top-line-tabs/
S,NC,Senate,YouGov,,2026-09-15,2026-09-18,3864,rv,52.0,41.0,https://quantusinsights.org/polling/f/roy-cooper-leads-michael-whatley-by-five-in-north-carolina
S,NC,Senate,Fabrizio Ward (R)/ Impact Research,D,2026-09-17,2026-09-20,1806,lv,53.0,42.0,https://www.documentcloud.org/documents/28686304-aarp-2026-north-carolina-statewide-survey-topline-1/
S,NC,Senate,Opinion Diagnostics,,2026-09-17,2026-09-20,857,lv,51.0,41.0,https://www.commoncause.org/north-carolina/wp-content/uploads/2026/09/CCNC-Sep-2026-Poll-Release-1.pdf
S,NC,Senate,Quantus Insights,R,2026-09-21,2026-09-22,686,lv,48.0,43.0,https://insideradvantage.com/nc-top-line-tabs/
S,NC,Senate,Big Data Poll,,2026-09-27,2026-09-29,642,lv,47.0,35.0,https://www.bigdatapoll.com/blog/tar-heel-state-poll-roy-cooper-holds-solid-lead-over-michael-whatley-for-us-senate-in-north-carolina/
S,NC,Senate,East Carolina University,,2026-09-30,2026-10-03,810,lv,50.0,43.0,https://surveyresearch-ecu.reportablenews.com/pr/ecu-poll-cooper-s-lead-holds-at-7-points
S,NE,Senate,Change Research,D,2025-03-28,2025-04-01,524,lv,45.0,46.0,https://journalstar.com/news/state-regional/government-politics/article_7be6b517-341e-42fd-80a9-56c0d0996353.html
S,NE,Senate,Lake Research Partners,D,2025-07-23,2025-07-29,900,lv,47.0,46.0,
S,NE,Senate,Lake Research Partners,D,2025-12-11,2025-12-17,900,lv,47.0,48.0,https://drive.google.com/file/d/1Izlk1L3prsXm04d-1ZRi8cLSliHvySnC/view?
S,NE,Senate,Impact Research,D,2026-02-02,2026-02-05,600,lv,47.0,48.0,https://www.osbornforsenate.com/impactpoll
S,NE,Senate,Tavern Research,D,2026-05-08,2026-05-11,1165,lv,47.0,42.0,https://www.tavernresearch.com/research-and-writings/nebraska-senate-poll
S,NE,Senate,Impact Research,D,2026-08-09,2026-08-13,600,lv,47.0,47.0,https://omaha.com/news/state-regional/government-politics/article_666083f7-4e07-45ae-a534-adbb42b64734.html
S,NE,Senate,GBAO,D,2026-09-03,2026-09-08,800,lv,47.0,46.0,https://static.washingtonsun.com/38/fa/94e79558460286cbf3847a27e4b5/working-class-majority-pac-september-survey-memo-091826.pdf
S,NE,Senate,SurveyUSA,,2026-09-08,2026-09-13,503,lv,46.0,42.0,https://results.surveyusa.com/client/PollReport.aspx?g=d94236a7-5861-4b7f-9d81-d5a81ab786cc
S,NE,Senate,Wedgewood Polls,,2026-09-14,2026-09-16,500,lv,48.0,52.0,https://drive.google.com/file/d/1KBEbm4P_yziCxsZdgMhTzJ3p5UwtN7X5/view?pli=1
S,NE,Senate,co/efficient,R,2026-09-28,2026-09-30,1113,lv,43.0,48.0,https://battlegrounds.coefficient.org/ne/
S,NE,Senate,YouGov,,2026-09-24,2026-10-03,1809,lv,48.0,47.0,https://d3nkl3psvxxpe9.cloudfront.net/documents/ttw_ne_20260921_lv.pdf
S,NH,Senate,Quantus Insights,R,2025-03-17,2025-03-19,650,rv,44.0,53.0,
S,NH,Senate,1892 Polling,R,2025-09-02,2025-09-04,500,lv,45.0,43.0,https://punchbowl.news/wp-content/uploads/NHSEN_Poll2Memo_d2b_090625.pdf
S,NH,Senate,co/efficient,R,2025-09-10,2025-09-12,904,lv,46.0,43.0,https://coefficient.org/wp-content/uploads/2025/09/NH-U.S.-Senate-General-Election-2026.pdf
S,NH,Senate,University of New Hampshire,,2025-09-17,2025-09-23,1235,lv,49.0,43.0,https://scholars.unh.edu/cgi/viewcontent.cgi?article=1887&context=survey_center_polls
S,NH,Senate,co/efficient,R,2025-10-09,2025-10-13,1034,lv,45.0,42.0,https://coefficient.org/new-hampshire-us-senate-2026-general-election/
S,NH,Senate,Saint Anselm College,,2025-11-18,2025-11-19,2212,rv,44.0,41.0,https://www.anselm.edu/about/anselmian-hub/news/new-poll-saint-anselm-college-survey-shows-declining-optimism-democracy-dominant-issue-and-early-partisan-divides-ahead-2026
S,NH,Senate,Guidant Polling and Strategy,R,2025-12-09,2025-12-11,600,lv,47.0,44.0,https://www.politico.com/f/?id=0000019b-9106-d651-a1ff-bf668d720000
S,NH,Senate,NHJournal/Praecones Analytica,,2025-12-26,2025-12-28,603,rv,42.0,36.0,https://nhjournal.com/exclusive-trump-underwater-ayotte-still-afloat-in-new-nhjournal-poll/
S,NH,Senate,University of New Hampshire,,2026-01-15,2026-01-19,2053,lv,50.0,45.0,https://scholars.unh.edu/cgi/viewcontent.cgi?article=1921&amp;context=survey_center_polls
S,NH,Senate,yes. every kid.,,2026-01-28,2026-01-29,563,lv,45.0,41.0,https://yeseverykid.com/new-hampshire-voters-support-expanded-public-school-access/
S,NH,Senate,Saint Anselm College,,2026-03-16,2026-03-18,1491,rv,46.0,43.0,https://www.anselm.edu/sites/default/files/2026-03/SACSC_NHRV_0326.pdf
S,NH,Senate,Emerson College,,2026-03-21,2026-03-23,1000,lv,45.0,44.0,https://emersoncollegepolling.com/new-hampshire-2026-sununu-leads-gop-nomination-ties-pappas-for-senate/
S,NH,Senate,University of New Hampshire,,2026-04-17,2026-04-21,1295,lv,49.0,42.0,https://scholars.unh.edu/cgi/viewcontent.cgi?article=1943&context=survey_center_polls
S,NH,Senate,University of New Hampshire,,2026-06-18,2026-06-23,2232,lv,47.0,44.0,https://scholars.unh.edu/cgi/viewcontent.cgi?article=1973&context=survey_center_polls
S,NH,Senate,Saint Anselm College,,2026-06-24,2026-06-25,1614,rv,47.0,41.0,https://www.anselm.edu/about/anselmian-hub/news/saint-anselm-college-survey-center-june-poll-finds-democrats-expand-generic-ballot-lead
S,NH,Senate,Peak Insights,R,2026-06-24,2026-06-27,500,lv,43.0,42.0,https://www.nrsc.org/wp-content/uploads/2026/07/new-hampshire-poll.pdf
S,NH,Senate,Saint Anselm College,,2026-08-17,2026-08-18,1411,lv,48.0,41.0,https://www.anselm.edu/about/anselmian-hub/news/new-saint-anselm-college-poll-finds-republicans-facing-midterm-headwinds-democratic-lead-widens
S,NH,Senate,University of New Hampshire,,2026-08-20,2026-08-24,1878,lv,43.0,45.0,https://scholars.unh.edu/cgi/viewcontent.cgi?article=1987&context=survey_center_polls
S,NH,Senate,"Fabrizio, Lee, & Associates",R,2026-08-27,2026-08-30,600,lv,36.0,37.0,https://www.nrsc.org/wp-content/uploads/2026/09/9-1-26-NRSC-NH-Polling-Memo.pdf
S,NH,Senate,Rasmussen Reports,R,2026-09-08,2026-09-10,1000,lv,45.0,34.0,https://www.rasmussenreports.com/public_content/politics/elections/election_2026/n_h_senate_democrat_pappas_leads_by_double_digits
S,NH,Senate,co/efficient,R,2026-09-09,2026-09-11,958,lv,46.0,46.0,https://battlegrounds.coefficient.org/nh/
S,NH,Senate,InsiderAdvantage,R,2026-09-16,2026-09-17,1200,lv,48.0,40.0,https://insideradvantage.com/nh-top-line-tabs/
S,NH,Senate,University of New Hampshire,,2026-09-17,2026-09-21,1418,lv,50.0,42.0,https://scholars.unh.edu/cgi/viewcontent.cgi?article=2004&context=survey_center_polls
S,NH,Senate,New York Times/Siena University,,2026-09-15,2026-09-22,613,lv,50.0,45.0,https://www.nytimes.com/2026/09/24/us/politics/democrats-show-strength-in-michigan-senate-race-but-trail-in-maine-polls-find.html
S,NH,Senate,Trafalgar Group,R,2026-09-26,2026-09-27,1082,lv,47.0,41.0,https://www.thetrafalgargroup.org/wp-content/uploads/2026/09/NH-Midterms-Survey-Report-0927.pdf
S,NH,Senate,Saint Anselm College,,2026-09-28,2026-09-29,1042,lv,51.0,44.0,https://www.aarp.org/content/dam/aarp/research/topics/voter-opinion-research/politics/2026-midterm-election-poll-new-hampshire.doi.10.26419-2fres.01065.022.pdf
S,NH,Senate,YouGov,,2026-09-28,2026-10-05,1520,lv,51.0,43.0,https://d3nkl3psvxxpe9.cloudfront.net/documents/ttw_nh_20260921_lv.pdf
S,NM,Senate,Research & Polling Inc.,,2026-08-21,2026-08-28,516,lv,53.0,38.0,https://www.abqjournal.com/news/journal-poll-us-sen-ben-ray-lujan-has-comfortable-lead-in-reelection-campaign/3112569
S,NM,Senate,SurveyUSA,,2026-09-25,2026-09-30,567,lv,54.0,36.0,https://results.surveyusa.com/client/PollReport.aspx?g=6e6ded19-6ad8-4379-8fa9-6a15dfa99052
S,OH,Senate Special,Bowling Green State University/YouGov,,2025-02-14,2025-02-21,800,rv,41.0,47.0,https://scholarworks.bgsu.edu/cgi/viewcontent.cgi?article=1007&context=depo
S,OH,Senate Special,Bowling Green State University/YouGov,,2025-04-18,2025-04-24,800,rv,46.0,49.0,https://scholarworks.bgsu.edu/cgi/viewcontent.cgi?article=1007&context=depo
S,OH,Senate Special,Emerson College,,2025-08-18,2025-08-19,1000,rv,44.0,50.0,https://emersoncollegepolling.com/ohio-2026/
S,OH,Senate Special,Hart Research,D,2025-09-19,2025-09-22,800,lv,48.0,45.0,https://oft-aft.org/sites/default/files/media/documents/2025/ME-15080%20Hart%20Ohio%20Senate%20Race.pdf
S,OH,Senate Special,Bowling Green State University/YouGov,,2025-10-02,2025-10-14,800,rv,49.0,48.0,https://www.bgsu.edu/arts-and-sciences/democracy-and-public-policy-research-network/bgsu-poll.html
S,OH,Senate Special,Emerson College,,2025-12-06,2025-12-08,850,rv,46.0,49.0,https://emersoncollegepolling.com/ohio-2026-poll-democrats-make-gains-in-races-for-governor-and-us-senate/
S,OH,Senate Special,EMC Research,D,2026-02-10,2026-02-22,1343,lv,51.0,47.0,https://theoec.org/wp-content/uploads/2026/03/OEC-Ohio-Survey-Results-2026.pdf
S,OH,Senate Special,OnMessage Public Strategies,R,2026-03-03,2026-03-08,600,lv,47.0,45.0,https://www.politico.com/f/?id=0000019c-dc55-d6f4-a9ff-dd5519a30000&nname=playbook&nid=0000014f-1646-d88f-a1cf-5f46b7bd0000&nrid=4f4d3aeb-621a-47b9-a66d-d9944fed5257
S,OH,Senate Special,Quantus Insights,R,2026-03-13,2026-03-14,784,lv,44.0,46.0,https://quantusinsights.org/f/quantus-insights-ohio-voters-signal-competitive-2026-environment
S,OH,Senate Special,Echelon Insights,R,2026-04-03,2026-04-09,413,lv,45.0,51.0,https://netchoice.org/wp-content/uploads/2026/04/NetChoice-Apr-2026-National-Antitrust-Survey-Topline.pdf
S,OH,Senate Special,Bowling Green State University/YouGov,,2026-04-07,2026-04-14,1000,rv,47.0,50.0,https://scholarworks.bgsu.edu/cgi/viewcontent.cgi?article=1021&context=depo
S,OH,Senate Special,Beacon Research (D)/ Shaw & Co. Research,R,2026-05-28,2026-06-01,1015,rv,53.0,45.0,https://www.foxnews.com/politics/fox-news-poll-democratic-unity-republican-crossovers-shape-ohio-senate-race
S,OH,Senate Special,Tulchin Research,D,2026-06-02,2026-06-04,600,lv,46.0,42.0,https://www.nbc4i.com/news/your-local-election-hq/new-poll-shows-democratic-candidates-ahead-in-ohio/
S,OH,Senate Special,Fabrizio Ward (R)/ Impact Research,D,2026-06-14,2026-06-16,800,lv,48.0,45.0,https://www.aarp.org/press/releases/2026-06-25-ohio-poll-50-voters-key-tight-senate-governor-races/
S,OH,Senate Special,Siena University,,2026-06-15,2026-06-28,601,lv,47.0,50.0,https://www.nytimes.com/interactive/2026/07/01/polls/times-siena-battleground-poll-toplines.html
S,OH,Senate Special,Tulchin Research,D,2026-07-29,2026-08-04,600,lv,47.0,43.0,https://www.documentcloud.org/documents/28549388-oh-sen-gov-ag-tulchin-research-for-john-kulewicz/
S,OH,Senate Special,Beacon Research (D)/ Shaw & Co. Research,R,2026-08-06,2026-08-10,1008,rv,53.0,45.0,https://www.foxnews.com/politics/fox-news-poll-economic-anxiety-candidate-concerns-define-ohio-senate-race
S,OH,Senate Special,Wedgewood Polls,,2026-08-11,2026-08-13,800,lv,48.0,44.0,https://drive.google.com/file/d/1rP-26-yqNx9jy_gRqoLDmgJgzm5X8a4O/view?usp=embed_facebook
S,OH,Senate Special,Abacus Data,,2026-08-26,2026-08-28,306,lv,52.0,46.0,https://abacusdata.ca/the-trade-war-next-door-what-american-voters-think-about-tariffs-canada-and-the-battle-for-the-u-s-senate/
S,OH,Senate Special,InsiderAdvantage,R,2026-09-08,2026-09-09,1200,lv,47.0,42.0,https://insideradvantage.com/top-line-tabs-ohio/
S,OH,Senate Special,Bowling Green State University/YouGov,,2026-09-01,2026-09-10,1000,lv,48.0,45.0,https://drive.google.com/file/d/16DCSUQaBOGTTk0u3flp6q0uwC6AO8euZ/view
S,OH,Senate Special,Trafalgar Group,R,2026-09-14,2026-09-16,1085,lv,45.0,42.0,https://www.thetrafalgargroup.org/wp-content/uploads/2026/09/OH-Midterms-Full-Report-0917.pdf
S,OH,Senate Special,Rasmussen Reports,R,2026-09-22,2026-09-23,1115,lv,46.0,43.0,https://www.rasmussenreports.com/public_content/politics/elections/election_2026/election_2026_ohio_senate
S,OH,Senate Special,Quantus Insights,R,2026-09-21,2026-09-23,695,lv,47.0,47.0,https://quantusinsights.org/polling/f/brown-and-husted-deadlocked-in-ohio-senate-race
S,OH,Senate Special,Big Data Poll,R,2026-09-26,2026-09-27,680,lv,46.0,43.0,https://www.bigdatapoll.com/blog/buckeye-state-poll-sherrod-brown-leads-jon-husted-for-us-senate-in-ohio/
S,OH,Senate Special,Marist University,,2026-09-24,2026-09-27,1298,rv,51.0,43.0,https://maristpoll.marist.edu/polls/midterm-elections-in-ohio-september-2026/
S,OH,Senate Special,Suffolk University,,2026-09-23,2026-09-27,500,lv,47.0,44.0,https://www.suffolk.edu/-/media/suffolk/documents/academics/research-at-suffolk/suprc/polls/other-states/2026/10_1_2026_ohio_statewide_embargoed_marginals_part_3.pdf?la=en&hash=355949674C6CA0C7055D0CF443B1CB6B1F8A234B
S,OH,Senate Special,InsiderAdvantage,R,2026-09-28,2026-09-29,1200,lv,44.0,43.0,https://insideradvantage.com/insideradvantage-ohio-senate-race-narrows-to-brown-up-by-one/
S,OH,Senate Special,YouGov,,2026-09-18,2026-09-30,3780,lv,49.0,45.0,https://d3nkl3psvxxpe9.cloudfront.net/documents/ttw_oh_20260921_lv.pdf
S,OH,Senate Special,New York Times/Siena University,,2026-09-22,2026-10-01,616,lv,49.0,46.0,https://www.nytimes.com/interactive/2026/10/03/polls/times-siena-ohio-poll-crosstabs.html
S,OH,Senate Special,SSRS,,2026-09-29,2026-10-05,760,lv,49.0,43.0,https://www.documentcloud.org/documents/28729016-cnn-ohio-poll-conducted-by-ssrs/
S,OH,Senate Special,co/efficient,R,2026-10-05,2026-10-06,925,lv,45.0,46.0,https://battlegrounds.coefficient.org/oh/
S,OK,Senate,CHS & Associates,,2026-08-03,2026-08-06,500,rv,25.0,49.0,https://chs-inc.com/general-election-rep/
S,RI,Senate,University of New Hampshire,,2026-04-16,2026-04-20,556,lv,52.0,34.0,https://scholars.unh.edu/cgi/viewcontent.cgi?article=1945&context=survey_center_polls
S,RI,Senate,University of New Hampshire,,2026-06-18,2026-06-23,664,lv,52.0,35.0,https://scholars.unh.edu/cgi/viewcontent.cgi?article=1970&context=survey_center_polls
S,RI,Senate,University of New Hampshire,,2026-08-20,2026-08-24,750,lv,51.0,31.0,https://scholars.unh.edu/cgi/viewcontent.cgi?article=1989&context=survey_center_polls
S,RI,Senate,University of New Hampshire,,2026-09-17,2026-09-21,595,lv,53.0,33.0,https://scholars.unh.edu/survey_center_polls/1009/
S,SC,Senate,Public Policy Polling,D,2025-11-21,2025-11-22,704,v,36.0,42.0,
S,SC,Senate,Impact Research,D,2026-02-25,2026-03-01,700,lv,42.0,47.0,
S,SC,Senate,Impact Research,D,2026-06-17,2026-06-22,700,lv,45.0,48.0,
S,SC,Senate,Impact Research,D,2026-08-14,2026-08-22,900,lv,42.0,39.0,https://x.com/maxpcohen/status/2094727213044191363
S,SC,Senate,Impact Research,D,2026-08-18,2026-08-24,700,lv,41.0,41.0,https://drannieandrews.com/wp-content/uploads/2026/08/IMPACT-SC-SEN-POLL-MEMO-AUG-2026.pdf
S,SC,Senate,Abacus Data,,2026-08-26,2026-08-28,306,lv,42.0,55.0,https://abacusdata.ca/the-trade-war-next-door-what-american-voters-think-about-tariffs-canada-and-the-battle-for-the-u-s-senate/
S,SC,Senate,InsiderAdvantage,R,2026-09-08,2026-09-09,1200,lv,43.0,45.0,https://insideradvantage.com/top-line-tabs-sc/
S,SC,Senate,Trafalgar Group,R,2026-09-23,2026-09-25,1087,lv,42.0,43.0,https://www.thetrafalgargroup.org/wp-content/uploads/2026/09/SC-Midterms-Survey-Report-0926.pdf
S,SC,Senate,InsiderAdvantage,R,2026-09-28,2026-09-29,1200,lv,45.0,46.0,https://insideradvantage.com/insideradvantage-south-carolina-senate-graham-leads-by-one-point/
S,SD,Senate,Public Policy Polling,D,2025-07-30,2025-07-31,524,lv,28.0,41.0,
S,SD,Senate,Public Policy Polling,D,2025-11-13,2025-11-14,814,rv,31.0,44.0,
S,SD,Senate,Public Policy Polling,D,2026-02-17,2026-02-18,685,rv,35.0,47.0,
S,SD,Senate,Public Policy Polling,D,2026-05-29,2026-05-30,726,rv,40.0,44.0,
S,SD,Senate,Public Policy Polling,D,2026-05-29,2026-05-30,726,rv,23.0,43.0,
S,SD,Senate,Public Opinion Strategies,R,2026-07-06,2026-07-09,500,lv,33.0,56.0,
S,SD,Senate,Impact Research,D,2026-08-13,2026-08-17,500,lv,44.0,44.0,
S,SD,Senate,Public Policy Polling,D,2026-09-08,2026-09-09,629,rv,42.0,45.0,
S,TN,Senate,Targoz Market Research,,2026-08-15,2026-08-26,1157,rv,31.0,51.0,https://tennsight.com/wp-content/uploads/2026/08/Beacon-Poll-of-TN-August-2026-Crosstabs-Party-Ideology-and-Region-1.pdf
S,TX,Senate,UT Tyler,,2025-09-17,2025-09-24,1032,rv,37.0,38.0,https://www.uttyler.edu/academics/colleges-schools/arts-sciences/departments/political-science/files/topline-report-of-texas-voters-revised-september-2025.pdf
S,TX,Senate,University of Houston/ Texas Southern University,,2025-09-19,2025-10-01,1650,rv,46.0,49.0,https://www.documentcloud.org/documents/26183203-election2026/
S,TX,Senate,Ragnar Research Partners,R,2025-11-12,2025-11-17,1000,lv,44.0,44.0,https://www.politico.com/f/?id=0000019a-9d57-df0f-abfa-fd7fac900000
S,TX,Senate,Emerson College,,2026-01-10,2026-01-12,1165,rv,46.0,46.0,https://emersoncollegepolling.com/texas-2026-poll/
S,TX,Senate,University of Houston/YouGov,,2026-01-20,2026-01-31,1502,lv,44.0,46.0,https://www.uh.edu/hobby/primary2026/senate.pdf
S,TX,Senate,Public Policy Polling,D,2026-03-04,2026-03-05,576,v,47.0,45.0,https://punchbowl.news/article/campaigns/paxton-cornyn-poll/
S,TX,Senate,Impact Research,D,2026-03-12,2026-03-17,900,lv,44.0,43.0,https://www.politico.com/live-updates/2026/03/20/congress/texas-senate-talarico-cornyn-paxton-poll-00837336
S,TX,Senate,Texas Public Opinion Research,D,2026-04-17,2026-04-20,1018,lv,46.0,41.0,https://www.texastribune.org/wp-content/uploads/2026/04/TPOR-April-2026-TXSEN-poll.pdf
S,TX,Senate,University of Texas/Texas Politics Project,,2026-04-10,2026-04-20,1200,rv,42.0,34.0,https://texaspolitics.utexas.edu/files/202604_POLL_TOPLINES-1d319c0b.pdf
S,TX,Senate,Texas Southern University,,2026-04-22,2026-05-06,1223,lv,45.0,45.0,https://static1.squarespace.com/static/67aa7aa3e284b002cd6a420e/t/6a0addffcba58d0751053542/1779097087749/TSUTexasNov2026.pdf
S,TX,Senate,Public Policy Polling,D,2026-05-22,2026-05-23,643,rv,45.0,38.0,https://static.politico.com/c0/7c/2c2db3c14c74946fa393d9e485cc/texas-gen-results-ppp-5-26-1.pdf
S,TX,Senate,Texas Public Opinion Research,D,2026-05-27,2026-05-28,1670,lv,47.0,44.0,https://mailchi.mp/06e052a423d6/tpor-talarico-leads-gen-elect-5-29
S,TX,Senate,Quantus Insights,,2026-06-03,2026-06-04,800,lv,43.0,45.0,https://quantusinsights.org/f/texas-republicans-lead-statewide-senate-race-starts-close
S,TX,Senate,Siena University,,2026-06-01,2026-06-04,807,lv,46.0,46.0,https://reconmr.com/wp-content/uploads/2026/06/TXPLV-Crosstabs-1.pdf
S,TX,Senate,University of Texas/Texas Politics Project,,2026-06-05,2026-06-12,1200,rv,42.0,43.0,https://texaspolitics.utexas.edu/files/202606_POLL_TOPLINE-723970a4.pdf
S,TX,Senate,SoCal Strategies,R,2026-06-21,2026-06-21,800,lv,47.0,49.0,https://socalstrategies.substack.com/p/ken-paxton-leads-narrow-texas-senate
S,TX,Senate,Siena University,,2026-06-19,2026-06-27,656,lv,47.0,47.0,https://www.nytimes.com/interactive/2026/07/01/polls/times-siena-texas-poll-toplines.html
S,TX,Senate,A2 Insights,,2026-06-23,2026-06-28,618,lv,48.0,46.0,https://drive.google.com/file/d/16hlQhGNlhHYtjMQsng-0sU06UourCYhQ/view
S,TX,Senate,Texas Public Opinion Research,D,2026-07-15,2026-07-17,1048,lv,45.0,40.0,https://texaspublicopinionresearch.substack.com/p/new-poll-james-talaricos-lead-over
S,TX,Senate,Beacon Research (D)/ Shaw & Co. Research,R,2026-07-23,2026-07-27,1005,rv,51.0,48.0,https://www.foxnews.com/politics/fox-news-poll-gop-divisions-shape-texas-senate-race
S,TX,Senate,Siena University,,2026-07-27,2026-07-30,619,lv,47.0,43.0,https://reconmr.com/wp-content/uploads/2026/08/Texas-Pulse-August-Release-August-7-2026-Final.pdf
S,TX,Senate,Texas Southern University,,2026-07-27,2026-07-30,1200,lv,47.0,45.0,https://static1.squarespace.com/static/67aa7aa3e284b002cd6a420e/t/6a713767d4ed824b91ea090d/1785804647961/Texas+Statewide+August2026.pdf
S,TX,Senate,Wedgewood Polls,,2026-07-30,2026-07-31,800,lv,48.0,46.0,https://drive.google.com/file/d/1t2mC4MFActxiBdx4ef_5crisXjD9xH7a/view
S,TX,Senate,YouGov Blue,D,2026-07-15,2026-07-31,1001,rv,48.0,45.0,https://254labs.io/news/2026-07-txsen
S,TX,Senate,Emerson College,,2026-08-09,2026-08-10,1000,lv,46.0,47.0,https://emersoncollegepolling.com/texas-2026-poll-paxton-and-talarico/
S,TX,Senate,University of Texas/Texas Politics Project,,2026-08-05,2026-08-13,1200,rv,42.0,39.0,https://texaspolitics.utexas.edu/files/202608_POLL_TOPLINE-c5d4ba53.pdf
S,TX,Senate,Texas Public Opinion Research,D,2026-08-21,2026-08-24,1000,lv,48.0,42.0,https://texaspublicopinionresearch.substack.com/p/new-poll-in-texas-general-election
S,TX,Senate,Overton Insights,R,2026-08-24,2026-08-26,1167,lv,50.0,50.0,https://overtoninsights.com/wp-content/uploads/2026/09/Overton_Insights_Texas_Public_Policy_Foundation_Toplines_and_Demographics-3.pdf
S,TX,Senate,Fabrizio Ward (R)/ Impact Research,D,2026-08-30,2026-09-01,895,lv,48.0,44.0,https://www.aarp.org/press/releases/2026-09-10-new-aarp-texas-poll-highly-motivated-older-voters-could-shape-close-senate-governor-races/
S,TX,Senate,Univision/YouGov,,2026-08-27,2026-09-04,1000,rv,48.0,43.0,https://www.univision.com/noticias/politica/poll-univision-texas-2026
S,TX,Senate,InsiderAdvantage,,2026-09-08,2026-09-09,1200,lv,47.0,46.0,https://insideradvantage.com/top-line-tabs-texas/
S,TX,Senate,Mason-Dixon,,2026-09-08,2026-09-10,625,lv,46.0,43.0,https://s3.documentcloud.org/documents/28623723/tx926allvoterresults.pdf
S,TX,Senate,ReconMR/Siena University,,2026-09-08,2026-09-11,614,lv,49.0,43.0,https://reconmr.com/wp-content/uploads/2026/09/ReconMR-Texas-Poll-September-Release-Final.pdf
S,TX,Senate,SoCal Strategies,,2026-09-12,2026-09-13,649,lv,50.0,45.0,https://socalstrategies.substack.com/p/new-socal-strategies-poll-james-talarico
S,TX,Senate,Emerson College,,2026-09-12,2026-09-14,1000,lv,47.0,46.0,https://emersoncollegepolling.com/texas-2026-poll-talarico-and-paxton-in-dead-heat-abbott-maintains-edge/
S,TX,Senate,Trafalgar Group,R,2026-09-15,2026-09-17,1079,lv,46.0,45.0,https://www.thetrafalgargroup.org/wp-content/uploads/2026/09/TX-Midterms-Full-Report-0918.pdf
S,TX,Senate,Texas Southern University,,2026-09-15,2026-09-19,1800,lv,47.0,46.0,https://static1.squarespace.com/static/67aa7aa3e284b002cd6a420e/t/6ab15cb39e4cc420b9ef07f5/1790008500236/TSUSept2026_TXStatewideRaces.pdf
S,TX,Senate,Marist University,,2026-09-17,2026-09-20,1139,rv,50.0,44.0,https://maristpoll.marist.edu/wp-content/uploads/2026/09/Marist-Poll_TX-NOS-and-Tables_202609221131.pdf
S,TX,Senate,Texas Public Opinion Research,D,2026-09-19,2026-09-22,1007,lv,49.0,44.0,https://texaspublicopinionresearch.substack.com/p/new-poll-in-texas-general-election-662
S,TX,Senate,Stratus Intelligence,R,2026-09-22,2026-09-24,856,lv,48.0,48.0,https://www.politico.com/f/?id=000001a0-e76b-d462-adb2-e7fba4200000
S,TX,Senate,Big Data Poll,,2026-09-24,2026-09-26,698,lv,47.0,45.0,https://www.bigdatapoll.com/blog/lone-star-state-poll-talarico-paxton-in-close-race-us-senate-in-texas/
S,TX,Senate,Pulse Decision Science,R,2026-09-24,2026-09-27,800,lv,45.0,48.0,
S,TX,Senate,Beacon Research (D)/ Shaw & Co. Research,R,2026-09-24,2026-09-28,881,lv,51.0,49.0,https://static.foxnews.com/foxnews.com/content/uploads/2026/10/fox_september-24-28-2026_texas_topline_october-1-release.pdf
S,TX,Senate,Guidant Polling & Strategy,,2026-09-20,2026-09-28,800,lv,47.0,44.0,https://static01.nyt.com/newsgraphics/documenttools/b31cf2744465b8b7/1a8b655b-full.pdf
S,TX,Senate,UMass Lowell/YouGov,,2026-09-18,2026-09-28,850,lv,45.0,45.0,https://www.uml.edu/news/press-releases/2026/10092026-texas-poll.aspx
S,TX,Senate,Rasmussen Reports,R,2026-09-28,2026-09-29,1128,lv,46.0,45.0,https://www.rasmussenreports.com/public_content/politics/public_surveys/toplines_texas_senate_september_28_29_2026
S,TX,Senate,New York Times/Siena University,,2026-09-21,2026-09-30,615,lv,51.0,45.0,https://www.nytimes.com/interactive/2026/10/03/polls/times-siena-texas-poll-toplines.html
S,TX,Senate,YouGov,,2026-09-28,2026-10-05,3625,lv,50.0,44.0,https://d3nkl3psvxxpe9.cloudfront.net/documents/ttw_tx_20260921_lv.pdf
S,VA,Senate,The Public Sentiment Institute/ Virginia Project,R,2026-05-01,2026-05-05,1047,lv,55.0,29.0,https://tpsiofficial.substack.com/p/the-virginia-project-the-public-sentiment
S,VA,Senate,The Public Sentiment Institute,,2026-06-12,2026-06-16,996,lv,51.0,33.0,https://tpsiofficial.substack.com/p/tpsi-new-tpsi-senate-poll-confirms
