year,office,state,race,pollster,partisan,start,end,sample,population,dem,rep,grade
2018,G,AK,Governor,Alaska Survey Research,,2018-03-25,2018-03-29,761,a,53.0,42.0,1.9
2018,G,AK,Governor,Alaska Survey Research,,2018-06-15,2018-06-21,654,rv,33.0,38.0,1.9
2018,G,AK,Governor,Harstad,D,2018-06-21,2018-06-26,602,lv,28.0,32.0,1.0
2018,G,AK,Governor,Harstad,D,2018-06-21,2018-06-26,602,lv,50.0,41.0,1.0
2018,G,AK,Governor,Patinkin Research Strategies,,2018-06-22,2018-06-28,800,lv,22.0,36.0,1.3
2018,G,AK,Governor,Harstad,D,2018-08-13,2018-08-16,602,lv,24.0,36.0,1.0
2018,G,AK,Governor,Harstad,D,2018-08-13,2018-08-16,602,lv,46.0,44.0,1.0
2018,G,AK,Governor,Alaska Survey Research,,2018-09-21,2018-09-25,500,lv,46.8,49.9,1.9
2018,G,AK,Governor,Alaska Survey Research,,2018-09-21,2018-09-25,500,lv,29.0,44.4,1.9
2018,G,AK,Governor,Alaska Survey Research,,2018-10-01,2018-10-06,500,lv,29.0,44.4,1.9
2018,G,AK,Governor,Alaska Survey Research,,2018-10-01,2018-10-06,500,lv,22.6,46.5,1.9
2018,G,AK,Governor,Alaska Survey Research,,2018-10-01,2018-10-06,500,lv,40.8,54.5,1.9
2018,G,AK,Governor,PPP,D,2018-10-11,2018-10-12,645,v,23.0,43.0,1.4
2018,G,AK,Governor,Alaska Survey Research,,2018-10-12,2018-10-14,500,lv,26.4,43.4,1.9
2018,G,AK,Governor,Alaska Survey Research,,2018-10-12,2018-10-14,500,lv,44.8,51.7,1.9
2018,G,AK,Governor,Alaska Survey Research,,2018-10-19,2018-10-22,500,lv,43.7,48.3,1.9
2018,G,AK,Governor,Alaska Survey Research,,2018-10-26,2018-10-29,500,lv,42.3,42.5,1.9
2018,G,AL,Governor,Atlantic Media and Research,,2018-06-12,2018-06-21,440,lv,28.0,53.0,1.3
2018,G,AL,Governor,Cygnal,,2018-07-24,2018-07-25,1027,lv,42.0,56.0,2.1
2018,G,AL,Governor,Research Consultants,R,2018-09-22,2018-09-22,316,lv,38.0,58.0,
2018,G,AL,Governor,SurveyMonkey,,2018-09-09,2018-09-24,1254,rv,26.0,51.0,2.0
2018,G,AR,Governor,Mason-Dixon,,2018-03-21,2018-03-24,625,rv,24.0,63.0,2.6
2018,G,AR,Governor,Hendrix College,,2018-09-05,2018-09-07,1701,lv,25.0,60.0,0.9
2018,G,AR,Governor,Hendrix College,,2018-10-18,2018-10-19,528,lv,24.0,60.0,0.9
2018,G,AR,Governor,U. of Arkansas,,2018-10-01,2018-10-28,618,lv,35.0,59.0,2.5
2018,G,AZ,Governor,PPP,D,2017-06-07,2017-06-08,1020,v,44.0,42.0,1.4
2018,G,AZ,Governor,PPP,D,2018-01-05,2018-01-07,735,v,43.0,42.0,1.4
2018,G,AZ,Governor,Gravis Marketing (2020 and earlier),,2018-06-27,2018-07-02,925,lv,42.0,41.0,2.0
2018,G,AZ,Governor,PPP,D,2018-08-30,2018-08-31,554,v,43.0,44.0,1.4
2018,G,AZ,Governor,Gravis Marketing (2020 and earlier),,2018-09-05,2018-09-07,882,lv,44.0,48.0,2.0
2018,G,AZ,Governor,Beacon/Shaw,,2018-09-08,2018-09-11,710,lv,40.0,51.0,2.8
2018,G,AZ,Governor,Beacon/Shaw,,2018-09-08,2018-09-11,801,rv,39.0,49.0,2.8
2018,G,AZ,Governor,TargetSmart,D,2018-09-08,2018-09-13,800,lv,48.0,49.0,2.0
2018,G,AZ,Governor,Ipsos,,2018-09-05,2018-09-14,1016,lv,39.1,50.7,2.8
2018,G,AZ,Governor,Ipsos,,2018-09-05,2018-09-14,2000,a,33.0,41.0,2.8
2018,G,AZ,Governor,CNN/SSRS,,2018-09-11,2018-09-15,761,lv,46.0,49.0,2.8
2018,G,AZ,Governor,CNN/SSRS,,2018-09-11,2018-09-15,854,rv,45.0,48.0,2.8
2018,G,AZ,Governor,Marist College,,2018-09-16,2018-09-20,763,rv,42.0,51.0,2.9
2018,G,AZ,Governor,Marist College,,2018-09-16,2018-09-20,763,rv,37.0,48.0,2.9
2018,G,AZ,Governor,Marist College,,2018-09-16,2018-09-20,564,lv,43.0,51.0,2.9
2018,G,AZ,Governor,Marist College,,2018-09-16,2018-09-20,564,lv,39.0,49.0,2.9
2018,G,AZ,Governor,Emerson,,2018-09-19,2018-09-21,650,rv,38.3,41.9,2.9
2018,G,AZ,Governor,Latino Decisions,,2018-09-10,2018-09-25,463,lv,40.0,45.0,
2018,G,AZ,Governor,Latino Decisions,,2018-09-10,2018-09-25,610,rv,37.0,41.0,
2018,G,AZ,Governor,Suffolk,,2018-09-27,2018-09-30,500,lv,38.0,49.6,2.9
2018,G,AZ,Governor,Vox Populi Polling,,2018-09-29,2018-10-01,702,lv,43.0,57.0,
2018,G,AZ,Governor,Beacon/Shaw,,2018-09-29,2018-10-02,716,lv,37.0,55.0,2.8
2018,G,AZ,Governor,Beacon/Shaw,,2018-09-29,2018-10-02,806,rv,35.0,54.0,2.8
2018,G,AZ,Governor,OH Predictive Insights / MBQF,,2018-10-03,2018-10-03,600,lv,37.0,54.0,2.4
2018,G,AZ,Governor,Data Orbital,,2018-10-01,2018-10-03,550,lv,33.56,52.13,2.9
2018,G,AZ,Governor,Data Orbital,,2018-10-01,2018-10-03,550,lv,35.02,50.65,2.9
2018,G,AZ,Governor,Change Research,D,2018-10-09,2018-10-10,783,lv,39.6,47.2,1.4
2018,G,AZ,Governor,OH Predictive Insights / MBQF,,2018-10-22,2018-10-23,600,lv,39.0,57.0,2.4
2018,G,AZ,Governor,YouGov,,2018-10-23,2018-10-26,972,lv,41.0,52.0,3.0
2018,G,AZ,Governor,Ipsos,,2018-10-17,2018-10-26,799,lv,37.0,57.0,2.8
2018,G,AZ,Governor,Ipsos,,2018-10-17,2018-10-26,2001,a,33.0,42.0,2.8
2018,G,AZ,Governor,Marist College,,2018-10-23,2018-10-27,506,lv,42.0,55.0,2.9
2018,G,AZ,Governor,Marist College,,2018-10-23,2018-10-27,793,rv,41.0,55.0,2.9
2018,G,AZ,Governor,Marist College,,2018-10-23,2018-10-27,506,lv,40.0,54.0,2.9
2018,G,AZ,Governor,Marist College,,2018-10-23,2018-10-27,793,rv,38.0,54.0,2.9
2018,G,AZ,Governor,HighGround,,2018-10-26,2018-10-28,400,lv,35.3,54.8,1.8
2018,G,AZ,Governor,Beacon/Shaw,,2018-10-27,2018-10-29,643,lv,37.0,55.0,2.8
2018,G,AZ,Governor,Beacon/Shaw,,2018-10-27,2018-10-29,710,rv,35.0,54.0,2.8
2018,G,AZ,Governor,CNN/SSRS,,2018-10-24,2018-10-29,867,rv,43.0,52.0,2.8
2018,G,AZ,Governor,CNN/SSRS,,2018-10-24,2018-10-29,702,lv,45.0,52.0,2.8
2018,G,AZ,Governor,Vox Populi Polling,,2018-10-27,2018-10-30,677,lv,46.0,54.0,
2018,G,AZ,Governor,HarrisX,,2018-10-24,2018-10-30,1400,lv,34.8,57.0,1.5
2018,G,AZ,Governor,HarrisX,,2018-10-29,2018-10-31,600,lv,37.3,54.3,1.5
2018,G,AZ,Governor,HarrisX,,2018-10-25,2018-10-31,1400,lv,36.0,56.0,1.5
2018,G,AZ,Governor,HarrisX,,2018-10-30,2018-11-01,600,lv,35.7,56.8,1.5
2018,G,AZ,Governor,HarrisX,,2018-10-26,2018-11-01,1400,lv,35.0,56.0,1.5
2018,G,AZ,Governor,HarrisX,,2018-10-31,2018-11-02,600,lv,36.5,56.4,1.5
2018,G,AZ,Governor,Gravis Marketing (2020 and earlier),,2018-10-24,2018-11-02,1165,lv,40.0,53.0,2.0
2018,G,AZ,Governor,HarrisX,,2018-11-01,2018-11-03,600,lv,36.3,56.7,1.5
2018,G,AZ,Governor,Emerson,,2018-11-01,2018-11-03,758,lv,40.2,55.3,2.9
2018,G,AZ,Governor,Research Co.,,2018-11-01,2018-11-03,450,rv,39.0,54.0,2.4
2018,G,AZ,Governor,HarrisX,,2018-11-02,2018-11-04,600,lv,37.4,54.9,1.5
2018,G,AZ,Governor,HarrisX,,2018-11-03,2018-11-05,600,lv,38.5,52.8,1.5
2018,G,CA,Governor,Tulchin Research/J. Wallin Opinion Research,,2018-03-30,2018-04-04,800,lv,42.0,32.2,
2018,G,CA,Governor,USC Dornsife,,2018-06-06,2018-06-17,893,a,37.0,22.0,2.4
2018,G,CA,Governor,USC Dornsife,,2018-06-06,2018-06-17,767,rv,42.0,26.0,2.4
2018,G,CA,Governor,SurveyUSA,,2018-06-26,2018-06-27,559,lv,58.0,29.0,2.8
2018,G,CA,Governor,PPIC,,2018-07-08,2018-07-17,1020,lv,55.0,31.0,2.5
2018,G,CA,Governor,Probolsky Research,,2018-08-29,2018-09-02,900,lv,43.8,38.7,1.3
2018,G,CA,Governor,Thomas Part­ners Strategies/Øptimus,,2018-09-07,2018-09-09,1227,lv,47.9,39.7,
2018,G,CA,Governor,Ipsos,,2018-09-05,2018-09-14,1021,lv,52.2,39.5,2.8
2018,G,CA,Governor,Ipsos,,2018-09-05,2018-09-14,2000,a,45.0,29.0,2.8
2018,G,CA,Governor,Thomas Part­ners Strategies/Øptimus,,2018-09-14,2018-09-16,1040,lv,45.2,41.1,
2018,G,CA,Governor,Vox Populi Polling,,2018-09-16,2018-09-18,500,lv,60.0,40.0,
2018,G,CA,Governor,PPIC,,2018-09-09,2018-09-18,964,lv,51.0,39.0,2.5
2018,G,CA,Governor,Thomas Part­ners Strategies/Øptimus,,2018-09-21,2018-09-23,1068,lv,53.0,42.0,
2018,G,CA,Governor,Thomas Part­ners Strategies/Øptimus,,2018-09-28,2018-09-30,1068,lv,50.0,45.0,
2018,G,CA,Governor,Thomas Part­ners Strategies/Øptimus,,2018-10-05,2018-10-07,1068,lv,53.8,42.2,
2018,G,CA,Governor,SurveyUSA,,2018-10-12,2018-10-14,762,lv,52.0,35.0,2.8
2018,G,CA,Governor,Thomas Part­ners Strategies/Øptimus,,2018-10-12,2018-10-14,1068,lv,50.7,43.3,
2018,G,CA,Governor,USC Dornsife,,2018-09-17,2018-10-14,794,lv,54.0,31.0,2.4
2018,G,CA,Governor,USC Dornsife,,2018-09-17,2018-10-14,980,rv,51.0,30.0,2.4
2018,G,CA,Governor,Emerson,,2018-10-17,2018-10-19,671,lv,52.1,32.2,2.9
2018,G,CA,Governor,Thomas Part­ners Strategies/Øptimus,,2018-10-18,2018-10-20,1068,lv,53.9,41.4,
2018,G,CA,Governor,PPIC,,2018-10-12,2018-10-21,989,lv,49.0,38.0,2.5
2018,G,CA,Governor,YouGov,,2018-10-10,2018-10-24,2178,rv,53.0,34.0,3.0
2018,G,CA,Governor,UC Berkeley,,2018-10-19,2018-10-25,1339,lv,58.0,40.0,2.5
2018,G,CA,Governor,Gravis Marketing (2020 and earlier),,2018-10-25,2018-10-26,743,lv,55.0,35.0,2.0
2018,G,CA,Governor,Thomas Part­ners Strategies/Øptimus,,2018-10-25,2018-10-27,1068,lv,55.0,41.6,
2018,G,CA,Governor,Probolsky Research,,2018-10-25,2018-10-30,900,lv,47.2,36.7,1.3
2018,G,CA,Governor,SurveyUSA,,2018-11-01,2018-11-02,924,lv,53.0,38.0,2.8
2018,G,CA,Governor,Research Co.,,2018-11-01,2018-11-03,450,rv,58.0,38.0,2.4
2018,G,CA,Governor,Change Research,,2018-11-02,2018-11-04,1108,lv,53.0,41.0,1.4
2018,G,CO,Governor,Strategies 360,D,2018-05-29,2018-06-06,500,lv,42.0,37.0,1.3
2018,G,CO,Governor,PPP,D,2018-06-27,2018-06-28,608,v,47.0,40.0,1.4
2018,G,CO,Governor,Kaiser Family Foundation,,2018-08-15,2018-09-19,1585,rv,44.0,33.0,2.5
2018,G,CO,Governor,Keating Research/Magellan Strategies,,2018-09-18,2018-09-20,600,lv,47.0,40.0,
2018,G,CO,Governor,Magellan,,2018-10-08,2018-10-10,500,lv,47.0,40.0,1.9
2018,G,CO,Governor,YouGov,,2018-10-12,2018-10-17,800,rv,54.0,42.0,3.0
2018,G,CO,Governor,Magellan,,2018-10-29,2018-10-30,500,lv,45.0,40.0,1.9
2018,G,CO,Governor,Keating Research/Onsight Public Affairs/Martin Campaigns,,2018-10-25,2018-10-30,517,lv,50.0,42.0,
2018,G,CT,Governor,Quinnipiac,,2018-08-16,2018-08-21,1029,rv,46.0,33.0,2.8
2018,G,CT,Governor,Quinnipiac,,2018-08-16,2018-08-21,1029,rv,53.0,37.0,2.8
2018,G,CT,Governor,GreatBlue Research,,2018-08-16,2018-08-21,502,lv,40.8,36.9,2.0
2018,G,CT,Governor,Gravis Marketing (2020 and earlier),,2018-08-24,2018-08-27,606,lv,49.0,40.0,2.0
2018,G,CT,Governor,GreatBlue Research,,2018-09-12,2018-09-17,501,lv,43.1,36.9,2.0
2018,G,CT,Governor,Quinnipiac,,2018-10-03,2018-10-08,767,lv,47.0,39.0,2.8
2018,G,CT,Governor,PPP,D,2018-10-08,2018-10-09,828,v,43.0,38.0,1.4
2018,G,CT,Governor,GreatBlue Research,,2018-10-13,2018-10-17,501,lv,39.5,36.1,2.0
2018,G,CT,Governor,Quinnipiac,,2018-10-22,2018-10-28,1201,lv,47.0,43.0,2.8
2018,G,CT,Governor,Emerson,,2018-10-27,2018-10-29,780,lv,45.5,39.3,2.9
2018,G,CT,Governor,GreatBlue Research,,2018-10-29,2018-10-31,500,lv,37.6,40.0,2.0
2018,G,CT,Governor,Gravis Marketing (2020 and earlier),,2018-10-30,2018-11-01,681,lv,46.0,37.0,2.0
2018,G,FL,Governor,Gravis Marketing (2020 and earlier),,2018-02-26,2018-03-19,2212,lv,33.0,29.0,2.0
2018,G,FL,Governor,Gravis Marketing (2020 and earlier),,2018-05-31,2018-06-15,1251,lv,38.0,35.0,2.0
2018,G,FL,Governor,Gravis Marketing (2020 and earlier),,2018-07-13,2018-07-14,1840,lv,36.0,39.0,2.0
2018,G,FL,Governor,PPP,D,2018-08-29,2018-08-30,743,v,48.0,43.0,1.4
2018,G,FL,Governor,Gravis Marketing (2020 and earlier),,2018-08-29,2018-08-30,1225,rv,47.0,45.0,2.0
2018,G,FL,Governor,Quinnipiac,,2018-08-30,2018-09-03,785,lv,50.0,47.0,2.8
2018,G,FL,Governor,St. Pete Polls,,2018-09-05,2018-09-06,2240,lv,47.6,47.3,2.4
2018,G,FL,Governor,SurveyUSA,,2018-09-07,2018-09-09,634,lv,47.0,43.0,2.8
2018,G,FL,Governor,Cherry Communications,R,2018-09-06,2018-09-09,514,lv,47.0,43.0,1.0
2018,G,FL,Governor,Rasmussen,,2018-09-10,2018-09-11,800,lv,48.0,42.0,2.1
2018,G,FL,Governor,Ipsos,,2018-09-05,2018-09-12,1000,lv,50.1,43.5,2.8
2018,G,FL,Governor,Ipsos,,2018-09-05,2018-09-12,2015,a,42.0,35.0,2.8
2018,G,FL,Governor,Florida Atlantic University,,2018-09-13,2018-09-16,850,lv,41.0,39.0,2.0
2018,G,FL,Governor,U. North Florida,,2018-09-17,2018-09-19,605,lv,47.0,43.0,2.8
2018,G,FL,Governor,Marist College,,2018-09-16,2018-09-20,829,rv,49.0,41.0,2.9
2018,G,FL,Governor,Marist College,,2018-09-16,2018-09-20,600,lv,48.0,43.0,2.9
2018,G,FL,Governor,Quinnipiac,,2018-09-20,2018-09-24,888,lv,54.0,45.0,2.8
2018,G,FL,Governor,Cherry Communications,R,2018-09-19,2018-09-24,622,lv,48.0,42.0,1.0
2018,G,FL,Governor,Mason-Dixon,,2018-09-24,2018-09-27,815,lv,45.0,44.0,2.6
2018,G,FL,Governor,St. Pete Polls,,2018-09-29,2018-09-30,2313,lv,46.7,44.7,2.4
2018,G,FL,Governor,PPP,D,2018-09-28,2018-09-30,779,v,48.0,44.0,1.4
2018,G,FL,Governor,The Political Matrix/The Listener Group,,2018-09-27,2018-09-30,1037,lv,44.5,46.7,0.7
2018,G,FL,Governor,Strategic Research Associates,,2018-09-17,2018-09-30,800,lv,44.0,43.0,1.8
2018,G,FL,Governor,Kaiser Family Foundation,,2018-09-19,2018-10-02,522,rv,48.0,40.0,2.5
2018,G,FL,Governor,Florida Southern College,,2018-10-01,2018-10-05,476,lv,47.13,43.82,
2018,G,FL,Governor,St. Pete Polls,,2018-10-15,2018-10-16,1974,lv,47.0,45.9,2.4
2018,G,FL,Governor,OnMessage Inc.,R,2018-10-14,2018-10-18,2200,lv,45.0,48.0,1.1
2018,G,FL,Governor,Schroth Eldon & Associates,D,2018-10-17,2018-10-20,600,lv,48.0,42.0,1.6
2018,G,FL,Governor,CNN/SSRS,,2018-10-16,2018-10-20,872,rv,52.0,42.0,2.8
2018,G,FL,Governor,CNN/SSRS,,2018-10-16,2018-10-20,759,lv,54.0,42.0,2.8
2018,G,FL,Governor,St. Pete Polls,,2018-10-20,2018-10-21,1575,lv,47.4,46.4,2.4
2018,G,FL,Governor,SurveyUSA,,2018-10-18,2018-10-21,665,lv,49.0,42.0,2.8
2018,G,FL,Governor,Florida Atlantic University,,2018-10-18,2018-10-21,704,lv,41.4,36.7,2.0
2018,G,FL,Governor,Quinnipiac,,2018-10-17,2018-10-21,1161,lv,52.0,46.0,2.8
2018,G,FL,Governor,1892 Polling,R,2018-10-20,2018-10-22,2500,rv,46.0,47.0,1.3
2018,G,FL,Governor,Saint Leo U.,,2018-10-16,2018-10-22,698,lv,48.6,36.8,1.3
2018,G,FL,Governor,Gravis Marketing (2020 and earlier),,2018-10-22,2018-10-23,773,lv,51.0,46.0,2.0
2018,G,FL,Governor,Strategic Research Associates,,2018-10-16,2018-10-23,800,lv,45.0,48.0,1.8
2018,G,FL,Governor,Ipsos,,2018-10-17,2018-10-25,1069,lv,50.0,44.0,2.8
2018,G,FL,Governor,Ipsos,,2018-10-17,2018-10-25,2000,a,47.0,35.0,2.8
2018,G,FL,Governor,YouGov,,2018-10-23,2018-10-26,991,lv,47.0,46.0,3.0
2018,G,FL,Governor,U. North Florida,,2018-10-23,2018-10-26,1051,lv,49.0,43.0,2.8
2018,G,FL,Governor,Siena/NYT,,2018-10-23,2018-10-27,737,lv,47.63,43.25,3.0
2018,G,FL,Governor,Siena/NYT,,2018-10-23,2018-10-27,737,rv,47.74,37.61,3.0
2018,G,FL,Governor,Suffolk,,2018-10-25,2018-10-28,500,lv,45.0,44.0,2.9
2018,G,FL,Governor,Cygnal,,2018-10-27,2018-10-29,495,lv,46.7,47.3,2.1
2018,G,FL,Governor,CNN/SSRS,,2018-10-24,2018-10-29,887,rv,48.0,45.0,2.8
2018,G,FL,Governor,CNN/SSRS,,2018-10-24,2018-10-29,781,lv,49.0,48.0,2.8
2018,G,FL,Governor,Trafalgar Group,R,2018-10-29,2018-10-30,2543,lv,48.4,46.1,0.7
2018,G,FL,Governor,The Political Matrix/The Listener Group,,2018-10-28,2018-10-30,1193,lv,43.3,50.5,0.7
2018,G,FL,Governor,Vox Populi Polling,,2018-10-27,2018-10-30,696,lv,53.0,47.0,
2018,G,FL,Governor,HarrisX,,2018-10-24,2018-10-30,1400,lv,44.2,41.9,1.5
2018,G,FL,Governor,HarrisX,,2018-10-29,2018-10-31,600,lv,49.7,43.2,1.5
2018,G,FL,Governor,Targoz Market Research,,2018-10-28,2018-10-31,558,lv,47.0,48.0,1.8
2018,G,FL,Governor,MWR Strategies,,2018-10-25,2018-10-31,1005,lv,41.3,40.3,
2018,G,FL,Governor,HarrisX,,2018-10-25,2018-10-31,1400,lv,48.0,44.0,1.5
2018,G,FL,Governor,HarrisX,,2018-10-30,2018-11-01,600,lv,49.5,44.5,1.5
2018,G,FL,Governor,HarrisX,,2018-10-26,2018-11-01,1400,lv,47.0,45.0,1.5
2018,G,FL,Governor,St. Pete Polls,,2018-11-01,2018-11-02,2733,lv,48.4,46.3,2.4
2018,G,FL,Governor,HarrisX,,2018-10-31,2018-11-02,600,lv,49.5,44.8,1.5
2018,G,FL,Governor,Marist College,,2018-10-30,2018-11-02,595,lv,50.0,46.0,2.9
2018,G,FL,Governor,Marist College,,2018-10-30,2018-11-02,917,rv,50.0,45.0,2.9
2018,G,FL,Governor,Gravis Marketing (2020 and earlier),,2018-10-29,2018-11-02,753,lv,48.0,47.0,2.0
2018,G,FL,Governor,HarrisX,,2018-11-01,2018-11-03,600,lv,48.6,45.5,1.5
2018,G,FL,Governor,Emerson,,2018-11-01,2018-11-03,784,lv,50.9,45.6,2.9
2018,G,FL,Governor,Research Co.,,2018-11-01,2018-11-03,450,rv,47.0,46.0,2.4
2018,G,FL,Governor,St. Pete Polls,,2018-11-03,2018-11-04,3088,lv,49.5,45.4,2.4
2018,G,FL,Governor,HarrisX,,2018-11-02,2018-11-04,600,lv,48.1,45.6,1.5
2018,G,FL,Governor,Quinnipiac,,2018-10-29,2018-11-04,1142,lv,50.0,43.0,2.8
2018,G,FL,Governor,Trafalgar Group,R,2018-11-04,2018-11-05,1484,lv,46.6,50.0,0.7
2018,G,FL,Governor,HarrisX,,2018-11-03,2018-11-05,600,lv,48.7,46.3,1.5
2018,G,GA,Governor,Mason-Dixon,,2018-02-20,2018-02-23,625,rv,40.0,37.0,2.6
2018,G,GA,Governor,Garin Hart Yang,D,2018-05-23,2018-05-25,601,lv,49.0,40.0,1.0
2018,G,GA,Governor,SurveyUSA,,2018-07-15,2018-07-19,1199,lv,44.0,46.0,2.8
2018,G,GA,Governor,Gravis Marketing (2020 and earlier),,2018-07-27,2018-07-29,650,lv,46.0,44.0,2.0
2018,G,GA,Governor,U. Georgia SPIA,,2018-08-26,2018-09-04,1020,lv,44.9,45.3,2.2
2018,G,GA,Governor,Garin Hart Yang,D,2018-09-17,2018-09-20,603,lv,48.0,42.0,1.0
2018,G,GA,Governor,SurveyMonkey,,2018-09-09,2018-09-24,1955,rv,43.0,43.0,2.0
2018,G,GA,Governor,Landmark Communications,,2018-10-01,2018-10-01,964,lv,46.3,48.0,2.1
2018,G,GA,Governor,PPP,D,2018-10-05,2018-10-06,729,v,46.0,46.0,1.4
2018,G,GA,Governor,SurveyUSA,,2018-10-03,2018-10-08,655,lv,45.0,47.0,2.8
2018,G,GA,Governor,U. Georgia SPIA,,2018-09-30,2018-10-09,1232,lv,46.3,47.7,2.2
2018,G,GA,Governor,Ipsos,,2018-10-04,2018-10-11,1088,lv,46.0,47.0,2.8
2018,G,GA,Governor,Ipsos,,2018-10-04,2018-10-11,1999,a,37.0,35.0,2.8
2018,G,GA,Governor,Marist College,,2018-10-14,2018-10-18,554,lv,47.0,49.0,2.9
2018,G,GA,Governor,Marist College,,2018-10-14,2018-10-18,864,rv,47.0,47.0,2.9
2018,G,GA,Governor,Marist College,,2018-10-14,2018-10-18,554,lv,45.0,46.0,2.9
2018,G,GA,Governor,Marist College,,2018-10-14,2018-10-18,864,rv,46.0,44.0,2.9
2018,G,GA,Governor,Opinion Savvy,,2018-10-21,2018-10-22,824,lv,47.7,48.4,2.0
2018,G,GA,Governor,Opinion Savvy,,2018-10-28,2018-10-29,623,lv,48.1,47.2,2.0
2018,G,GA,Governor,Cygnal,,2018-10-27,2018-10-30,504,lv,47.0,49.2,2.1
2018,G,GA,Governor,U. Georgia SPIA,,2018-10-21,2018-10-30,1091,lv,46.9,46.7,2.2
2018,G,GA,Governor,Emerson,,2018-10-29,2018-10-31,724,lv,47.3,49.4,2.9
2018,G,GA,Governor,"20/20 Insight, LLC",D,2018-10-31,2018-11-02,614,lv,50.0,46.0,1.1
2018,G,GA,Governor,Trafalgar Group,R,2018-10-30,2018-11-03,2171,lv,40.1,52.4,0.7
2018,G,HI,Governor,Mason-Dixon,,2018-03-13,2018-03-18,800,rv,51.0,24.0,2.6
2018,G,HI,Governor,Mason-Dixon,,2018-07-06,2018-07-11,800,rv,57.0,34.0,2.6
2018,G,HI,Governor,MRG Research (Merriman River Group),,2018-10-08,2018-10-12,961,lv,52.0,31.0,1.1
2018,G,IA,Governor,Selzer,,2018-01-28,2018-01-31,801,a,37.0,42.0,2.8
2018,G,IA,Governor,Emerson,,2018-09-06,2018-09-08,1000,rv,35.9,31.3,2.9
2018,G,IA,Governor,Selzer,,2018-09-17,2018-09-20,555,lv,43.0,41.0,2.8
2018,G,IA,Governor,U. Iowa,,2018-10-08,2018-10-22,485,a,43.61,40.01,
2018,G,IA,Governor,U. Iowa,,2018-10-08,2018-10-22,452,lv,47.7,40.31,
2018,G,IA,Governor,Emerson,,2018-10-29,2018-11-01,1462,lv,45.0,48.9,2.9
2018,G,IA,Governor,Selzer,,2018-10-30,2018-11-02,801,lv,46.0,44.0,2.8
2018,G,IA,Governor,Change Research,,2018-11-02,2018-11-04,961,lv,49.0,46.0,1.4
2018,G,ID,Governor,Dan Jones,,2018-06-22,2018-07-09,606,a,31.0,43.0,1.9
2018,G,ID,Governor,Clarity,D,2018-07-12,2018-07-15,1061,lv,28.0,38.0,1.6
2018,G,ID,Governor,Clarity,D,2018-08-02,2018-08-05,826,lv,28.0,36.0,1.6
2018,G,ID,Governor,Change Research,,2018-11-02,2018-11-04,838,lv,39.0,55.0,1.4
2018,G,IL,Governor,Ogden & Fry,R,2017-10-02,2017-10-02,517,rv,47.2,29.8,1.6
2018,G,IL,Governor,Southern Illinois University,,2018-02-19,2018-02-25,1001,rv,50.0,35.0,2.5
2018,G,IL,Governor,Ogden & Fry,,2018-03-23,2018-03-23,667,lv,46.0,28.0,1.6
2018,G,IL,Governor,Victory Research,,2018-04-18,2018-04-21,1208,lv,49.4,31.2,1.8
2018,G,IL,Governor,Victory Research,,2018-05-22,2018-05-24,1208,lv,47.3,32.2,1.8
2018,G,IL,Governor,We Ask America,,2018-06-09,2018-06-11,600,lv,36.0,27.0,
2018,G,IL,Governor,Victory Research,,2018-06-26,2018-06-28,1208,lv,44.9,29.9,1.8
2018,G,IL,Governor,Illinois Public Opinion Strategies,,2018-07-12,2018-07-12,423,lv,39.4,26.1,
2018,G,IL,Governor,Baselice & Associates,,2018-07-25,2018-07-29,800,lv,42.0,29.0,1.4
2018,G,IL,Governor,Victory Research,,2018-08-12,2018-08-14,1208,lv,41.1,30.2,1.8
2018,G,IL,Governor,University of Illinois Springfield,,2018-07-03,2018-08-15,717,rv,35.0,23.0,2.5
2018,G,IL,Governor,Marist College,,2018-08-12,2018-08-16,734,rv,46.0,30.0,2.9
2018,G,IL,Governor,Research America,,2018-09-05,2018-09-13,1024,rv,44.0,27.1,0.7
2018,G,IL,Governor,Anzalone Liszt Grove,D,2018-09-21,2018-09-25,1007,lv,48.0,32.0,1.5
2018,G,IL,Governor,Southern Illinois University,,2018-09-24,2018-09-29,715,lv,49.0,27.0,2.5
2018,G,IL,Governor,Victory Research,,2018-09-27,2018-10-02,1208,lv,47.4,31.5,1.8
2018,G,IL,Governor,Ipsos,,2018-09-27,2018-10-05,968,lv,50.1,29.7,2.8
2018,G,IL,Governor,Ipsos,,2018-09-27,2018-10-05,2000,a,42.0,24.0,2.8
2018,G,IL,Governor,Victory Research,,2018-11-01,2018-11-03,1208,lv,49.0,33.0,1.8
2018,G,KS,Governor,Remington,,2018-07-19,2018-07-20,1189,lv,36.0,35.0,2.6
2018,G,KS,Governor,PPP,D,2018-08-24,2018-08-26,877,v,38.0,39.0,1.4
2018,G,KS,Governor,PPP,D,2018-09-12,2018-09-13,618,v,38.0,39.0,1.4
2018,G,KS,Governor,PPP,D,2018-09-12,2018-09-13,618,v,46.0,47.0,1.4
2018,G,KS,Governor,Civiqs,D,2018-09-21,2018-09-24,1178,rv,41.0,39.0,2.4
2018,G,KS,Governor,Fort Hays State University,,2018-08-22,2018-09-25,324,a,40.0,36.0,0.9
2018,G,KS,Governor,Emerson,,2018-09-26,2018-09-28,938,rv,35.9,37.3,2.9
2018,G,KS,Governor,Remington,R,2018-09-30,2018-10-01,1680,lv,42.0,41.0,2.6
2018,G,KS,Governor,PPP,D,2018-10-19,2018-10-20,698,v,41.0,41.0,1.4
2018,G,KS,Governor,Ipsos,,2018-10-17,2018-10-27,986,lv,43.0,41.0,2.8
2018,G,KS,Governor,Ipsos,,2018-10-17,2018-10-27,2002,a,32.0,30.0,2.8
2018,G,KS,Governor,Emerson,,2018-10-26,2018-10-28,976,lv,43.0,44.3,2.9
2018,G,MA,Governor,MassINC Polling Group,,2017-06-19,2017-06-22,504,rv,22.0,55.0,2.8
2018,G,MA,Governor,MassINC Polling Group,,2017-11-09,2017-11-12,503,rv,19.0,59.0,2.8
2018,G,MA,Governor,MassINC Polling Group,,2018-03-16,2018-03-18,504,rv,21.0,60.0,2.8
2018,G,MA,Governor,MassINC Polling Group,,2018-05-22,2018-05-26,501,rv,20.0,60.0,2.8
2018,G,MA,Governor,Suffolk,,2018-06-08,2018-06-12,500,lv,22.4,52.0,2.9
2018,G,MA,Governor,Suffolk,,2018-09-13,2018-09-17,500,lv,27.8,55.4,2.9
2018,G,MA,Governor,MassINC Polling Group,,2018-09-17,2018-09-21,506,lv,24.0,68.0,2.8
2018,G,MA,Governor,U. Massachusetts - Lowell,,2018-10-01,2018-10-07,791,rv,26.0,65.0,2.9
2018,G,MA,Governor,U. Massachusetts - Lowell,,2018-10-01,2018-10-07,485,lv,27.0,66.0,2.9
2018,G,MA,Governor,Western New England University,,2018-10-10,2018-10-27,402,lv,27.0,65.0,2.5
2018,G,MA,Governor,Western New England University,,2018-10-10,2018-10-27,485,rv,25.0,64.0,2.5
2018,G,MA,Governor,MassINC Polling Group,,2018-10-25,2018-10-28,502,lv,25.0,68.0,2.8
2018,G,MA,Governor,Suffolk,,2018-10-24,2018-10-28,500,lv,26.0,65.4,2.9
2018,G,MD,Governor,Mason-Dixon,,2017-09-27,2017-09-30,625,rv,33.0,49.0,2.6
2018,G,MD,Governor,Gonzales Research & Media Services,,2017-12-27,2018-01-05,823,rv,36.0,49.0,1.2
2018,G,MD,Governor,Mason-Dixon,,2018-02-20,2018-02-22,625,rv,33.0,50.0,2.6
2018,G,MD,Governor,Goucher College,,2018-04-14,2018-04-19,449,lv,31.0,44.0,
2018,G,MD,Governor,University of Maryland/Washington Post,,2018-05-29,2018-06-03,986,rv,39.0,51.0,2.5
2018,G,MD,Governor,Gonzales Research & Media Services,,2018-06-04,2018-06-10,800,rv,34.3,51.8,1.2
2018,G,MD,Governor,Garin Hart Yang,D,2018-07-10,2018-07-14,601,lv,40.0,49.0,1.0
2018,G,MD,Governor,Gonzales Research & Media Services,,2018-08-01,2018-08-08,831,rv,36.0,52.0,1.2
2018,G,MD,Governor,Goucher College,,2018-09-11,2018-09-16,472,lv,32.0,54.0,
2018,G,MD,Governor,Mason-Dixon,,2018-09-24,2018-09-26,625,lv,37.0,52.0,2.6
2018,G,MD,Governor,Gonzales Research & Media Services,,2018-10-01,2018-10-06,806,lv,35.7,53.6,1.2
2018,G,MD,Governor,University of Maryland/Washington Post,,2018-10-04,2018-10-07,814,rv,36.0,56.0,2.5
2018,G,MD,Governor,University of Maryland/Washington Post,,2018-10-04,2018-10-07,648,lv,38.0,58.0,2.5
2018,G,ME,Governor,Change Research,,2018-09-30,2018-10-01,801,lv,52.0,44.0,1.4
2018,G,ME,Governor,Emerson,,2018-10-27,2018-10-29,883,lv,49.7,41.7,2.9
2018,G,ME,Governor,Slingshot Strategies,,2018-11-01,2018-11-01,518,rv,55.0,38.0,1.4
2018,G,MI,Governor,EPIC-MRA,,2017-08-27,2017-09-01,600,lv,37.0,37.0,1.9
2018,G,MI,Governor,Target Insyght,,2017-11-01,2017-11-06,1000,lv,41.0,40.0,1.0
2018,G,MI,Governor,EPIC-MRA,,2017-12-09,2017-12-13,600,lv,35.0,38.0,1.9
2018,G,MI,Governor,Michigan State University,,2017-09-14,2018-01-18,963,a,40.8,34.9,2.5
2018,G,MI,Governor,Glengariff Group Inc.,,2018-01-16,2018-01-19,600,lv,40.3,33.3,1.5
2018,G,MI,Governor,EPIC-MRA,,2018-04-30,2018-05-03,600,lv,43.0,38.0,1.9
2018,G,MI,Governor,NMB Research,R,2018-06-18,2018-06-21,800,rv,40.0,39.0,1.6
2018,G,MI,Governor,Target Insyght,,2018-06-24,2018-06-26,800,lv,42.0,37.0,1.0
2018,G,MI,Governor,Marist College,,2018-07-15,2018-07-19,886,rv,47.0,38.0,2.9
2018,G,MI,Governor,Emerson,,2018-07-19,2018-07-21,600,lv,43.1,35.8,2.9
2018,G,MI,Governor,Strategic National,,2018-08-13,2018-08-14,700,lv,45.0,36.0,1.6
2018,G,MI,Governor,Gravis Marketing (2020 and earlier),,2018-08-14,2018-08-16,647,lv,52.0,37.0,2.0
2018,G,MI,Governor,Glengariff Group Inc.,,2018-09-05,2018-09-07,600,lv,49.8,36.1,1.5
2018,G,MI,Governor,Strategic National,,2018-09-08,2018-09-09,1000,lv,49.0,39.0,1.6
2018,G,MI,Governor,Mitchell,,2018-09-12,2018-09-13,1009,lv,48.0,38.0,2.4
2018,G,MI,Governor,Anzalone Liszt Grove,D,2018-09-08,2018-09-13,798,lv,45.0,38.0,1.5
2018,G,MI,Governor,Target Insyght,,2018-09-10,2018-09-14,800,lv,50.0,41.0,1.0
2018,G,MI,Governor,Ipsos,,2018-09-14,2018-09-21,1150,lv,52.2,38.6,2.8
2018,G,MI,Governor,Ipsos,,2018-09-14,2018-09-21,2000,a,44.0,31.0,2.8
2018,G,MI,Governor,EPIC-MRA,,2018-09-21,2018-09-25,600,lv,45.0,37.0,1.9
2018,G,MI,Governor,Anzalone Liszt Grove,D,2018-09-24,2018-09-30,800,lv,49.0,37.0,1.5
2018,G,MI,Governor,Glengariff Group Inc.,,2018-09-30,2018-10-02,600,lv,46.8,35.2,1.5
2018,G,MI,Governor,Mitchell,R,2018-09-30,2018-10-07,654,lv,45.7,38.2,2.4
2018,G,MI,Governor,Anzalone Liszt Grove,D,2018-10-08,2018-10-14,800,lv,46.0,36.0,1.5
2018,G,MI,Governor,MRG (Marketing Resource Group),,2018-10-14,2018-10-18,600,lv,50.0,36.0,1.8
2018,G,MI,Governor,Anzalone Liszt Grove,D,2018-10-15,2018-10-21,906,lv,47.0,36.0,1.5
2018,G,MI,Governor,Anzalone Liszt Grove,D,2018-10-15,2018-10-21,906,lv,48.0,38.0,1.5
2018,G,MI,Governor,Michigan State University,,2018-10-13,2018-10-22,169,a,47.0,39.0,2.5
2018,G,MI,Governor,EPIC-MRA,,2018-10-18,2018-10-23,600,lv,46.0,41.0,1.9
2018,G,MI,Governor,Target Insyght,,2018-10-22,2018-10-24,800,lv,48.0,44.0,1.0
2018,G,MI,Governor,Mitchell,,2018-10-25,2018-10-25,400,lv,48.0,43.0,2.4
2018,G,MI,Governor,Emerson,,2018-10-24,2018-10-26,822,lv,51.7,41.3,2.9
2018,G,MI,Governor,Glengariff Group Inc.,,2018-10-25,2018-10-27,600,lv,50.0,37.5,1.5
2018,G,MI,Governor,Research Co.,,2018-11-01,2018-11-03,450,rv,47.0,43.0,2.4
2018,G,MI,Governor,Mitchell,,2018-11-04,2018-11-04,701,lv,54.0,40.0,2.4
2018,G,MI,Governor,Change Research,,2018-11-02,2018-11-04,880,lv,51.0,43.0,1.4
2018,G,MI,Governor,Mitchell,,2018-11-05,2018-11-05,827,lv,48.4,40.6,2.4
2018,G,MN,Governor,Emerson,,2018-08-08,2018-08-11,500,lv,40.3,32.8,2.9
2018,G,MN,Governor,Suffolk,,2018-08-17,2018-08-20,500,lv,45.8,40.8,2.9
2018,G,MN,Governor,SurveyUSA,,2018-09-06,2018-09-08,574,lv,47.0,40.0,2.8
2018,G,MN,Governor,Mason-Dixon,,2018-09-10,2018-09-12,800,lv,45.0,36.0,2.6
2018,G,MN,Governor,Marist College,,2018-09-30,2018-10-04,637,lv,55.0,38.0,2.9
2018,G,MN,Governor,Marist College,,2018-09-30,2018-10-04,637,lv,51.0,36.0,2.9
2018,G,MN,Governor,Marist College,,2018-09-30,2018-10-04,860,rv,53.0,39.0,2.9
2018,G,MN,Governor,Marist College,,2018-09-30,2018-10-04,860,rv,49.0,37.0,2.9
2018,G,MN,Governor,Change Research,,2018-10-12,2018-10-13,1413,lv,47.0,44.0,1.4
2018,G,MN,Governor,Mason-Dixon,,2018-10-15,2018-10-17,800,lv,45.0,39.0,2.6
2018,G,MN,Governor,St. Cloud State,,2018-10-15,2018-10-30,404,lv,50.0,34.0,1.4
2018,G,MN,Governor,SurveyUSA,,2018-10-29,2018-10-31,600,lv,49.0,41.0,2.8
2018,G,MN,Governor,Research Co.,,2018-11-01,2018-11-03,450,rv,48.0,42.0,2.4
2018,G,MN,Governor,Change Research,,2018-11-02,2018-11-04,953,lv,53.0,41.0,1.4
2018,G,NH,Governor,U. New Hampshire,,2018-04-13,2018-04-22,379,lv,24.0,51.0,2.6
2018,G,NH,Governor,Suffolk,,2018-04-26,2018-04-30,800,lv,26.63,47.63,2.9
2018,G,NH,Governor,U. New Hampshire,,2018-08-02,2018-08-19,389,lv,32.0,48.0,2.6
2018,G,NH,Governor,ARG,,2018-09-21,2018-09-26,800,rv,44.0,49.0,2.3
2018,G,NH,Governor,Emerson,,2018-10-10,2018-10-12,788,lv,35.4,50.5,2.9
2018,G,NH,Governor,St. Anselm,,2018-10-10,2018-10-15,454,lv,38.6,48.6,2.4
2018,G,NH,Governor,U. New Hampshire,,2018-10-10,2018-10-18,499,lv,39.0,50.0,2.6
2018,G,NH,Governor,Emerson,,2018-10-27,2018-10-29,1139,lv,43.3,50.6,2.9
2018,G,NH,Governor,Change Research,D,2018-10-27,2018-10-29,901,lv,46.0,47.0,1.4
2018,G,NH,Governor,U. New Hampshire,,2018-11-01,2018-11-04,630,lv,46.0,46.0,2.6
2018,G,NM,Governor,Tarrance,R,2017-05-20,2017-05-23,605,lv,47.0,43.0,1.6
2018,G,NM,Governor,Tarrance,R,2018-04-09,2018-04-12,608,lv,47.0,45.0,1.6
2018,G,NM,Governor,Emerson,,2018-08-17,2018-08-18,500,rv,41.5,40.0,2.9
2018,G,NM,Governor,Greenberg Quinlan Rosner,D,2018-08-18,2018-08-22,600,lv,52.0,44.0,2.0
2018,G,NM,Governor,Research & Polling,,2018-09-07,2018-09-13,966,lv,50.0,43.0,2.1
2018,G,NM,Governor,NSON/In Lux,,2018-09-20,2018-09-24,932,lv,43.58,40.4,
2018,G,NM,Governor,Pacific Market Research,,2018-10-19,2018-10-24,400,lv,55.0,45.0,1.5
2018,G,NM,Governor,Emerson,,2018-10-24,2018-10-26,936,lv,52.7,43.7,2.9
2018,G,NM,Governor,Greenberg Quinlan Rosner,D,2018-10-22,2018-10-26,600,lv,53.0,44.0,2.0
2018,G,NM,Governor,Carroll Strategies,,2018-10-29,2018-10-29,1200,lv,50.6,45.5,
2018,G,NM,Governor,Research & Polling,,2018-10-26,2018-11-01,993,lv,53.0,43.0,2.1
2018,G,NM,Governor,Research Co.,,2018-11-01,2018-11-03,450,rv,53.0,41.0,2.4
2018,G,NV,Governor,Remington,R,2017-05-23,2017-05-24,1021,lv,37.0,46.0,2.6
2018,G,NV,Governor,Mellman,,2018-04-12,2018-04-19,600,lv,43.0,37.0,1.2
2018,G,NV,Governor,Gravis Marketing (2020 and earlier),,2018-06-23,2018-06-26,630,lv,41.0,43.0,2.0
2018,G,NV,Governor,McLaughlin,R,2018-07-21,2018-07-24,600,lv,40.0,45.0,0.5
2018,G,NV,Governor,Suffolk,,2018-07-24,2018-07-29,500,lv,41.0,41.6,2.9
2018,G,NV,Governor,Suffolk,,2018-09-05,2018-09-10,500,lv,37.4,35.4,2.9
2018,G,NV,Governor,Gravis Marketing (2020 and earlier),,2018-09-11,2018-09-12,700,lv,50.0,38.0,2.0
2018,G,NV,Governor,Ipsos,,2018-09-07,2018-09-17,1039,lv,40.0,43.0,2.8
2018,G,NV,Governor,Ipsos,,2018-09-07,2018-09-17,1914,a,34.0,32.0,2.8
2018,G,NV,Governor,CNN/SSRS,,2018-09-25,2018-09-29,851,rv,41.0,38.0,2.8
2018,G,NV,Governor,CNN/SSRS,,2018-09-25,2018-09-29,693,lv,45.0,41.0,2.8
2018,G,NV,Governor,Kaiser Family Foundation,,2018-09-19,2018-10-02,513,rv,40.0,46.0,2.5
2018,G,NV,Governor,Marist College,,2018-09-30,2018-10-03,780,rv,45.0,44.0,2.9
2018,G,NV,Governor,Marist College,,2018-09-30,2018-10-03,574,lv,45.0,46.0,2.9
2018,G,NV,Governor,Marist College,,2018-09-30,2018-10-03,780,rv,40.0,41.0,2.9
2018,G,NV,Governor,Marist College,,2018-09-30,2018-10-03,574,lv,40.0,44.0,2.9
2018,G,NV,Governor,Siena/NYT,,2018-10-08,2018-10-10,642,lv,45.0,46.0,3.0
2018,G,NV,Governor,Siena/NYT,,2018-10-08,2018-10-10,642,rv,47.47,39.54,3.0
2018,G,NV,Governor,Emerson,,2018-10-10,2018-10-12,625,lv,40.7,45.9,2.9
2018,G,NV,Governor,Vox Populi Polling,,2018-10-13,2018-10-15,614,lv,52.0,48.0,
2018,G,NV,Governor,Ipsos,,2018-10-12,2018-10-19,1137,lv,41.2,46.0,2.8
2018,G,NV,Governor,Ipsos,,2018-10-12,2018-10-19,2001,a,35.0,34.0,2.8
2018,G,NV,Governor,Gravis Marketing (2020 and earlier),,2018-10-24,2018-10-26,773,lv,46.0,44.0,2.0
2018,G,NV,Governor,CNN/SSRS,,2018-10-24,2018-10-29,807,rv,44.0,40.0,2.8
2018,G,NV,Governor,CNN/SSRS,,2018-10-24,2018-10-29,622,lv,46.0,45.0,2.8
2018,G,NV,Governor,HarrisX,,2018-10-24,2018-10-30,1400,lv,45.1,43.0,1.5
2018,G,NV,Governor,HarrisX,,2018-10-29,2018-10-31,600,lv,45.1,44.9,1.5
2018,G,NV,Governor,HarrisX,,2018-10-25,2018-10-31,1400,lv,46.0,44.0,1.5
2018,G,NV,Governor,HarrisX,,2018-10-30,2018-11-01,600,lv,43.0,45.8,1.5
2018,G,NV,Governor,Trafalgar Group,R,2018-10-29,2018-11-01,2587,lv,44.9,47.0,0.7
2018,G,NV,Governor,HarrisX,,2018-10-26,2018-11-01,1400,lv,45.0,44.0,1.5
2018,G,NV,Governor,HarrisX,,2018-10-31,2018-11-02,600,lv,43.3,46.7,1.5
2018,G,NV,Governor,HarrisX,,2018-11-01,2018-11-03,600,lv,43.7,45.1,1.5
2018,G,NV,Governor,HarrisX,,2018-11-02,2018-11-04,600,lv,44.2,44.8,1.5
2018,G,NV,Governor,Emerson,,2018-11-01,2018-11-04,1197,lv,47.5,46.5,2.9
2018,G,NV,Governor,HarrisX,,2018-11-03,2018-11-05,600,lv,44.5,44.3,1.5
2018,G,NY,Governor,Siena,,2018-03-11,2018-03-16,772,rv,57.0,29.0,2.7
2018,G,NY,Governor,Siena,,2018-04-08,2018-04-12,692,rv,57.0,31.0,2.7
2018,G,NY,Governor,Quinnipiac,,2018-04-26,2018-05-01,1076,rv,57.0,26.0,2.8
2018,G,NY,Governor,Siena,,2018-06-04,2018-06-07,745,lv,56.0,37.0,2.7
2018,G,NY,Governor,Zogby,,2018-06-27,2018-07-03,708,lv,52.0,32.0,1.2
2018,G,NY,Governor,Zogby,,2018-06-27,2018-07-03,708,lv,50.0,27.0,1.2
2018,G,NY,Governor,Zogby,,2018-06-27,2018-07-03,708,lv,54.0,30.0,1.2
2018,G,NY,Governor,Quinnipiac,,2018-07-12,2018-07-16,934,rv,57.0,31.0,2.8
2018,G,NY,Governor,Liberty Opinion Research,,2018-08-29,2018-08-30,2783,lv,46.0,43.0,
2018,G,NY,Governor,Siena,,2018-09-20,2018-09-27,701,lv,56.0,38.0,2.7
2018,G,NY,Governor,Siena,,2018-09-20,2018-09-27,701,lv,50.0,28.0,2.7
2018,G,NY,Governor,Gravis Marketing (2020 and earlier),,2018-10-04,2018-10-08,783,rv,48.0,25.0,2.0
2018,G,NY,Governor,Quinnipiac,,2018-10-10,2018-10-16,852,lv,58.0,35.0,2.8
2018,G,NY,Governor,Siena,,2018-10-28,2018-11-01,641,lv,49.0,36.0,2.7
2018,G,NY,Governor,Research Co.,,2018-11-01,2018-11-03,450,rv,54.0,37.0,2.4
2018,G,OH,Governor,Frank Luntz,,2017-06-12,2017-06-12,500,rv,31.0,55.0,
2018,G,OH,Governor,Fallon Research & Communications,,2018-01-16,2018-01-19,801,rv,28.0,49.0,
2018,G,OH,Governor,PPP,D,2018-01-22,2018-01-23,585,v,44.0,45.0,1.4
2018,G,OH,Governor,SurveyUSA,,2018-03-16,2018-03-20,1408,rv,39.0,47.0,2.8
2018,G,OH,Governor,PPP,D,2018-04-25,2018-04-26,770,v,47.0,38.0,1.4
2018,G,OH,Governor,PPP,D,2018-05-06,2018-05-07,618,v,44.0,39.0,1.4
2018,G,OH,Governor,America First Policies,R,2018-05-29,2018-05-31,400,,38.0,45.0,
2018,G,OH,Governor,Suffolk,,2018-06-06,2018-06-11,500,lv,43.0,36.0,2.9
2018,G,OH,Governor,Quinnipiac,,2018-06-07,2018-06-12,1082,v,42.0,40.0,2.8
2018,G,OH,Governor,Marist College,,2018-06-17,2018-06-22,778,rv,42.0,46.0,2.9
2018,G,OH,Governor,TRZ Communication,R,2018-06-30,2018-07-10,1485,rv,38.08,42.15,
2018,G,OH,Governor,Change Research,D,2018-08-31,2018-09-04,822,lv,42.8,44.9,1.4
2018,G,OH,Governor,Change Research,D,2018-08-31,2018-09-04,822,lv,42.8,43.0,1.4
2018,G,OH,Governor,Morning Consult,,2018-09-02,2018-09-11,1592,rv,38.0,39.0,1.9
2018,G,OH,Governor,Baldwin Wallace University,,2018-09-05,2018-09-15,1048,lv,37.0,42.0,2.1
2018,G,OH,Governor,Triton Polling & Research,,2018-09-18,2018-09-20,1003,lv,43.9,48.6,
2018,G,OH,Governor,Marist College,,2018-09-16,2018-09-20,796,rv,47.0,47.0,2.9
2018,G,OH,Governor,Marist College,,2018-09-16,2018-09-20,564,lv,47.0,47.0,2.9
2018,G,OH,Governor,Marist College,,2018-09-16,2018-09-20,796,rv,43.0,42.0,2.9
2018,G,OH,Governor,Marist College,,2018-09-16,2018-09-20,564,lv,44.0,44.0,2.9
2018,G,OH,Governor,Ipsos,,2018-09-13,2018-09-20,1074,lv,43.6,45.1,2.8
2018,G,OH,Governor,Ipsos,,2018-09-13,2018-09-20,2000,a,34.0,40.0,2.8
2018,G,OH,Governor,University of Akron,,2018-09-10,2018-10-04,1000,a,36.0,37.0,
2018,G,OH,Governor,Baldwin Wallace University,,2018-09-28,2018-10-08,1017,lv,37.1,39.7,2.1
2018,G,OH,Governor,Baldwin Wallace University,,2018-09-28,2018-10-08,1017,lv,39.2,42.2,2.1
2018,G,OH,Governor,Baldwin Wallace University,,2018-10-19,2018-10-27,1051,lv,38.8,39.4,2.1
2018,G,OH,Governor,Baldwin Wallace University,,2018-10-19,2018-10-27,1051,lv,42.2,41.1,2.1
2018,G,OH,Governor,Emerson,,2018-10-26,2018-10-28,566,lv,49.3,45.8,2.9
2018,G,OH,Governor,Gravis Marketing (2020 and earlier),,2018-10-29,2018-10-30,789,lv,48.0,43.0,2.0
2018,G,OH,Governor,Cygnal,,2018-10-30,2018-10-31,503,lv,43.2,43.4,2.1
2018,G,OH,Governor,Research Co.,,2018-11-01,2018-11-03,450,rv,44.0,44.0,2.4
2018,G,OH,Governor,Change Research,,2018-11-02,2018-11-04,923,lv,48.0,43.0,1.4
2018,G,OH,Governor,Trafalgar Group,R,2018-11-02,2018-11-04,1948,lv,45.8,42.2,0.7
2018,G,OK,Governor,SoonerPoll.com,,2018-05-15,2018-05-23,622,lv,31.7,25.0,1.8
2018,G,OK,Governor,SoonerPoll.com,,2018-07-18,2018-07-20,404,lv,40.3,39.2,1.8
2018,G,OK,Governor,Right Strategy Group,,2018-08-01,2018-08-02,737,lv,42.4,40.9,
2018,G,OK,Governor,SoonerPoll.com,,2018-09-05,2018-09-10,407,lv,44.2,46.6,1.8
2018,G,OK,Governor,Right Strategy Group,,2018-09-25,2018-09-26,1058,lv,43.4,46.9,
2018,G,OK,Governor,Cole Hargrave,,2018-09-25,2018-09-29,500,lv,40.0,46.0,1.5
2018,G,OK,Governor,Magellan,,2018-10-22,2018-10-23,500,lv,44.0,51.0,1.9
2018,G,OK,Governor,SoonerPoll.com,,2018-10-23,2018-10-25,447,lv,41.6,46.4,1.8
2018,G,OK,Governor,SoonerPoll.com,,2018-10-31,2018-11-03,338,lv,44.1,47.0,1.8
2018,G,OR,Governor,icitizen,,2017-09-13,2017-09-28,645,a,41.0,40.0,
2018,G,OR,Governor,Zogby,,2017-11-10,2017-11-12,508,lv,38.9,36.1,1.2
2018,G,OR,Governor,"Davis, Hibbitts, & Midghall, Inc.",,2018-01-25,2018-01-31,604,a,46.0,29.0,2.1
2018,G,OR,Governor,Gravis Marketing (2020 and earlier),,2018-07-16,2018-07-17,770,lv,45.0,45.0,2.0
2018,G,OR,Governor,Clout Research,,2018-07-30,2018-07-31,559,lv,41.9,43.1,0.7
2018,G,OR,Governor,Causeway Solutions,R,2018-09-06,2018-09-11,2831,rv,41.0,43.0,
2018,G,OR,Governor,Hoffman Research,,2018-09-12,2018-09-13,680,lv,46.0,36.0,1.7
2018,G,OR,Governor,Clout Research,R,2018-09-20,2018-09-23,679,lv,41.7,40.8,0.7
2018,G,OR,Governor,Riley,,2018-09-24,2018-10-07,356,lv,49.0,45.0,2.0
2018,G,OR,Governor,"Davis, Hibbitts, & Midghall, Inc.",,2018-10-04,2018-10-11,500,lv,40.0,35.0,2.1
2018,G,OR,Governor,Emerson,,2018-10-26,2018-10-28,747,lv,46.7,41.6,2.9
2018,G,OR,Governor,Hoffman Research,,2018-10-29,2018-10-30,694,lv,45.0,42.0,1.7
2018,G,PA,Governor,Franklin and Marshall College,,2018-03-19,2018-03-26,137,rv,38.0,21.0,2.4
2018,G,PA,Governor,Muhlenberg,,2018-04-04,2018-04-12,414,rv,47.0,31.0,2.8
2018,G,PA,Governor,Franklin and Marshall College,,2018-06-04,2018-06-10,472,rv,48.0,29.0,2.4
2018,G,PA,Governor,Suffolk,,2018-06-21,2018-06-25,500,lv,48.6,36.0,2.9
2018,G,PA,Governor,Self-Made Insights,R,2018-08-13,2018-08-15,2012,lv,46.08,43.34,1.4
2018,G,PA,Governor,Marist College,,2018-08-12,2018-08-16,713,rv,54.0,40.0,2.9
2018,G,PA,Governor,Franklin and Marshall College,,2018-08-20,2018-08-26,511,rv,51.0,32.0,2.4
2018,G,PA,Governor,Franklin and Marshall College,,2018-08-20,2018-08-26,222,lv,52.0,35.0,2.4
2018,G,PA,Governor,Rasmussen,,2018-09-12,2018-09-13,800,lv,52.0,40.0,2.1
2018,G,PA,Governor,Muhlenberg,,2018-09-13,2018-09-19,404,lv,55.0,36.0,2.8
2018,G,PA,Governor,Ipsos,,2018-09-12,2018-09-19,1080,lv,54.6,37.5,2.8
2018,G,PA,Governor,Ipsos,,2018-09-12,2018-09-19,2000,a,46.0,29.0,2.8
2018,G,PA,Governor,Franklin and Marshall College,,2018-09-17,2018-09-23,545,rv,52.0,28.0,2.4
2018,G,PA,Governor,Franklin and Marshall College,,2018-09-17,2018-09-23,204,lv,52.0,30.0,2.4
2018,G,PA,Governor,Morning Consult,,2018-10-01,2018-10-02,1188,rv,48.0,36.0,1.9
2018,G,PA,Governor,Franklin and Marshall College,,2018-10-22,2018-10-28,537,rv,57.0,27.0,2.4
2018,G,PA,Governor,Franklin and Marshall College,,2018-10-22,2018-10-28,214,lv,59.0,33.0,2.4
2018,G,PA,Governor,Muhlenberg,,2018-10-28,2018-11-01,421,lv,58.0,37.0,2.8
2018,G,PA,Governor,Research Co.,,2018-11-01,2018-11-03,450,rv,54.0,39.0,2.4
2018,G,PA,Governor,Change Research,,2018-11-02,2018-11-04,1833,lv,53.0,42.0,1.4
2018,G,RI,Governor,TargetPoint,R,2017-11-04,2017-11-06,600,lv,41.0,46.0,1.3
2018,G,RI,Governor,Fleming & Associates,,2018-02-25,2018-02-28,419,rv,38.2,35.6,1.9
2018,G,RI,Governor,SocialSphere,,2018-05-30,2018-06-04,501,rv,33.0,33.0,1.7
2018,G,RI,Governor,Fleming & Associates,,2018-07-28,2018-07-31,407,lv,38.8,36.6,1.9
2018,G,RI,Governor,Fleming & Associates,,2018-09-14,2018-09-17,420,lv,43.0,36.0,1.9
2018,G,RI,Governor,U. New Hampshire,,2018-09-27,2018-10-06,503,lv,48.0,34.0,2.6
2018,G,RI,Governor,SocialSphere,,2018-10-05,2018-10-09,502,rv,40.0,32.0,1.7
2018,G,RI,Governor,Fleming & Associates,,2018-10-20,2018-10-24,416,lv,44.5,33.7,1.9
2018,G,SC,Governor,Garin Hart Yang,D,2018-08-06,2018-08-09,605,lv,43.0,47.0,1.0
2018,G,SC,Governor,Tarrance,R,2018-08-11,2018-08-13,601,lv,41.0,52.0,1.6
2018,G,SC,Governor,Trafalgar Group,R,2018-09-24,2018-10-02,2692,lv,36.7,50.7,0.7
2018,G,SC,Governor,Trafalgar Group,R,2018-10-12,2018-10-14,4830,lv,32.1,55.5,0.7
2018,G,SC,Governor,Trafalgar Group,R,2018-10-29,2018-10-31,3792,lv,38.1,54.3,0.7
2018,G,SD,Governor,Anzalone Liszt Grove,D,2017-10-04,2017-10-09,500,lv,40.0,53.0,1.5
2018,G,SD,Governor,Anzalone Liszt Grove,D,2018-07-19,2018-07-25,500,v,42.0,46.0,1.5
2018,G,SD,Governor,Anzalone Liszt Grove,D,2018-09-20,2018-09-24,500,lv,45.0,42.0,1.5
2018,G,SD,Governor,Mason-Dixon,,2018-10-18,2018-10-22,500,lv,45.0,45.0,2.6
2018,G,SD,Governor,Mason-Dixon,,2018-10-29,2018-10-31,500,lv,44.0,47.0,2.6
2018,G,SD,Governor,Change Research,,2018-11-02,2018-11-04,851,lv,51.0,45.0,1.4
2018,G,SD,Governor,Emerson,,2018-11-01,2018-11-04,514,lv,46.6,47.6,2.9
2018,G,TN,Governor,Triton Polling & Research,,2018-01-21,2018-01-24,1003,lv,33.8,38.3,
2018,G,TN,Governor,Gravis Marketing (2020 and earlier),,2018-08-09,2018-08-11,620,lv,40.0,51.0,2.0
2018,G,TN,Governor,Marist College,,2018-08-25,2018-08-28,730,rv,39.0,51.0,2.9
2018,G,TN,Governor,Marist College,,2018-08-25,2018-08-28,538,lv,40.0,53.0,2.9
2018,G,TN,Governor,Beacon/Shaw,,2018-09-08,2018-09-11,686,lv,35.0,55.0,2.8
2018,G,TN,Governor,Beacon/Shaw,,2018-09-08,2018-09-11,809,rv,34.0,52.0,2.8
2018,G,TN,Governor,Triton Polling & Research,,2018-09-10,2018-09-12,1038,lv,37.3,53.7,
2018,G,TN,Governor,CNN/SSRS,,2018-09-11,2018-09-15,723,lv,43.0,52.0,2.8
2018,G,TN,Governor,CNN/SSRS,,2018-09-11,2018-09-15,852,rv,43.0,49.0,2.8
2018,G,TN,Governor,Vox Populi Polling,,2018-09-16,2018-09-18,567,lv,46.0,55.0,
2018,G,TN,Governor,SurveyMonkey,,2018-09-09,2018-09-24,1609,rv,35.0,46.0,2.0
2018,G,TN,Governor,Beacon/Shaw,,2018-09-29,2018-10-02,666,lv,36.0,53.0,2.8
2018,G,TN,Governor,Beacon/Shaw,,2018-09-29,2018-10-02,806,rv,35.0,52.0,2.8
2018,G,TN,Governor,Siena/NYT,,2018-10-08,2018-10-11,593,lv,33.0,59.0,3.0
2018,G,TN,Governor,Siena/NYT,,2018-10-08,2018-10-11,593,rv,34.62,55.7,3.0
2018,G,TN,Governor,Targoz Market Research,,2018-10-09,2018-10-12,558,lv,44.0,56.0,1.8
2018,G,TN,Governor,Targoz Market Research,,2018-10-09,2018-10-12,801,rv,39.0,49.0,1.8
2018,G,TN,Governor,SSRS,,2018-10-08,2018-10-13,800,rv,37.0,48.0,2.4
2018,G,TN,Governor,Cygnal,,2018-10-26,2018-10-27,497,lv,36.1,58.5,2.1
2018,G,TN,Governor,Marist College,,2018-10-23,2018-10-27,471,lv,40.0,57.0,2.9
2018,G,TN,Governor,Marist College,,2018-10-23,2018-10-27,764,rv,39.0,56.0,2.9
2018,G,TN,Governor,Vox Populi Polling,,2018-10-27,2018-10-29,780,lv,44.0,56.0,
2018,G,TN,Governor,CNN/SSRS,,2018-10-24,2018-10-29,871,rv,41.0,52.0,2.8
2018,G,TN,Governor,CNN/SSRS,,2018-10-24,2018-10-29,764,lv,42.0,52.0,2.8
2018,G,TN,Governor,East Tennessee State University,,2018-10-22,2018-10-29,495,lv,36.0,48.0,
2018,G,TN,Governor,Emerson,,2018-10-28,2018-10-30,632,lv,40.8,54.2,2.9
2018,G,TN,Governor,Beacon/Shaw,,2018-10-27,2018-10-30,718,lv,37.0,54.0,2.8
2018,G,TN,Governor,Beacon/Shaw,,2018-10-27,2018-10-30,850,rv,36.0,52.0,2.8
2018,G,TN,Governor,Targoz Market Research,,2018-10-28,2018-10-31,480,lv,44.0,53.0,1.8
2018,G,TX,Governor,Quinnipiac,,2018-04-12,2018-04-17,1029,rv,40.0,49.0,2.8
2018,G,TX,Governor,JMC Analytics,R,2018-05-19,2018-05-21,575,lv,36.0,48.0,1.8
2018,G,TX,Governor,Quinnipiac,,2018-05-23,2018-05-29,961,rv,34.0,53.0,2.8
2018,G,TX,Governor,U. Texas,,2018-06-08,2018-06-17,1200,rv,32.0,44.0,
2018,G,TX,Governor,Gravis Marketing (2020 and earlier),,2018-07-03,2018-07-07,602,lv,41.0,51.0,2.0
2018,G,TX,Governor,Texas Lyceum,,2018-07-09,2018-07-25,806,rv,25.0,44.0,
2018,G,TX,Governor,Texas Lyceum,,2018-07-09,2018-07-25,441,lv,31.0,47.0,
2018,G,TX,Governor,Quinnipiac,,2018-07-26,2018-07-31,1118,rv,38.0,51.0,2.8
2018,G,TX,Governor,Marist College,,2018-08-12,2018-08-16,759,rv,37.0,56.0,2.9
2018,G,TX,Governor,Emerson,,2018-08-22,2018-08-25,550,rv,28.3,48.2,2.9
2018,G,TX,Governor,Dixie Strategies,,2018-09-06,2018-09-07,519,lv,33.91,52.79,
2018,G,TX,Governor,Crosswind Media & Public Relations,,2018-09-06,2018-09-09,800,lv,39.0,52.0,2.1
2018,G,TX,Governor,Ipsos,,2018-09-06,2018-09-14,992,lv,41.0,50.0,2.8
2018,G,TX,Governor,Ipsos,,2018-09-06,2018-09-14,2000,a,36.0,41.0,2.8
2018,G,TX,Governor,Quinnipiac,,2018-09-11,2018-09-17,807,lv,39.0,58.0,2.8
2018,G,TX,Governor,Vox Populi Polling,,2018-09-16,2018-09-18,508,lv,45.0,55.0,
2018,G,TX,Governor,Eppstein Group,,2018-09-15,2018-09-24,1200,lv,29.0,58.0,
2018,G,TX,Governor,Emerson,,2018-10-01,2018-10-05,500,lv,33.2,53.0,2.9
2018,G,TX,Governor,Quinnipiac,,2018-10-03,2018-10-09,730,lv,38.0,58.0,2.8
2018,G,TX,Governor,Siena/NYT,,2018-10-08,2018-10-11,800,lv,35.0,57.0,3.0
2018,G,TX,Governor,Siena/NYT,,2018-10-08,2018-10-11,800,rv,36.64,53.78,3.0
2018,G,TX,Governor,CNN/SSRS,,2018-10-09,2018-10-13,716,lv,39.0,57.0,2.8
2018,G,TX,Governor,CNN/SSRS,,2018-10-09,2018-10-13,862,rv,38.0,56.0,2.8
2018,G,TX,Governor,Ipsos,,2018-10-12,2018-10-18,1298,lv,38.1,53.1,2.8
2018,G,TX,Governor,Ipsos,,2018-10-12,2018-10-18,2001,a,35.0,42.0,2.8
2018,G,TX,Governor,U. Texas,,2018-10-15,2018-10-21,927,lv,37.0,56.0,
2018,G,TX,Governor,Dixie Strategies,,2018-10-25,2018-10-26,588,lv,33.0,59.0,
2018,G,TX,Governor,Quinnipiac,,2018-10-22,2018-10-28,1078,lv,40.0,54.0,2.8
2018,G,TX,Governor,University of Texas at Tyler,,2018-10-15,2018-10-28,1033,rv,32.2,52.6,1.8
2018,G,TX,Governor,Emerson,,2018-10-28,2018-10-30,781,lv,42.8,51.1,2.9
2018,G,VT,Governor,Tulchin Research,D,2018-09-23,2018-09-26,406,lv,42.0,50.0,0.9
2018,G,VT,Governor,Braun,,2018-10-05,2018-10-14,495,lv,28.0,42.0,2.3
2018,G,VT,Governor,Gravis Marketing (2020 and earlier),,2018-10-30,2018-11-01,885,lv,39.0,49.0,2.0
2018,G,WI,Governor,PPP,D,2018-05-09,2018-05-10,644,rv,49.0,45.0,1.4
2018,G,WI,Governor,Marquette Law School,,2018-06-13,2018-06-17,800,rv,44.0,48.0,3.0
2018,G,WI,Governor,Marist College,,2018-07-15,2018-07-19,906,rv,54.0,41.0,2.9
2018,G,WI,Governor,Emerson,,2018-07-26,2018-07-28,632,rv,47.5,40.6,2.9
2018,G,WI,Governor,PPP,,2018-08-15,2018-08-16,596,v,49.0,44.0,1.4
2018,G,WI,Governor,Marquette Law School,,2018-08-15,2018-08-19,800,rv,44.0,46.0,3.0
2018,G,WI,Governor,Marquette Law School,,2018-08-15,2018-08-19,601,lv,46.0,46.0,3.0
2018,G,WI,Governor,Suffolk,,2018-08-18,2018-08-24,500,lv,46.0,43.6,2.9
2018,G,WI,Governor,PPP,D,2018-09-04,2018-09-05,726,v,49.0,45.0,1.4
2018,G,WI,Governor,Marquette Law School,,2018-09-12,2018-09-16,614,lv,49.0,44.0,3.0
2018,G,WI,Governor,Marquette Law School,,2018-09-12,2018-09-16,800,rv,47.0,43.0,3.0
2018,G,WI,Governor,Ipsos,,2018-09-14,2018-09-21,1109,lv,50.0,43.0,2.8
2018,G,WI,Governor,Ipsos,,2018-09-14,2018-09-21,2000,a,44.0,36.0,2.8
2018,G,WI,Governor,Marist College,,2018-09-30,2018-10-04,781,rv,52.0,43.0,2.9
2018,G,WI,Governor,Marist College,,2018-09-30,2018-10-04,571,lv,53.0,43.0,2.9
2018,G,WI,Governor,Marist College,,2018-09-30,2018-10-04,781,rv,49.0,42.0,2.9
2018,G,WI,Governor,Marist College,,2018-09-30,2018-10-04,571,lv,50.0,42.0,2.9
2018,G,WI,Governor,Marquette Law School,,2018-10-03,2018-10-07,799,lv,46.0,47.0,3.0
2018,G,WI,Governor,Marquette Law School,,2018-10-03,2018-10-07,1000,rv,43.0,47.0,3.0
2018,G,WI,Governor,Ipsos,,2018-10-12,2018-10-18,1193,lv,48.2,45.2,2.8
2018,G,WI,Governor,Ipsos,,2018-10-12,2018-10-18,2001,a,41.0,40.0,2.8
2018,G,WI,Governor,Marquette Law School,,2018-10-24,2018-10-28,1400,rv,44.0,47.0,3.0
2018,G,WI,Governor,Marquette Law School,,2018-10-24,2018-10-28,1154,lv,47.0,47.0,3.0
2018,G,WI,Governor,Emerson,,2018-10-29,2018-10-31,604,lv,50.9,46.1,2.9
2018,G,WI,Governor,Research Co.,,2018-11-01,2018-11-03,450,rv,45.0,44.0,2.4
2018,G,WY,Governor,Change Research,,2018-11-02,2018-11-04,858,lv,27.0,61.0,1.4
2018,H,AK,House AK-01,Lake Research,D,2018-06-07,2018-06-12,540,lv,36.0,40.0,1.2
2018,H,AK,House AK-01,Alaska Survey Research,,2018-09-21,2018-09-25,500,lv,42.5,53.8,1.9
2018,H,AK,House AK-01,Alaska Survey Research,,2018-10-01,2018-10-06,500,lv,46.0,49.7,1.9
2018,H,AK,House AK-01,PPP,D,2018-10-11,2018-10-12,645,v,43.0,46.0,1.4
2018,H,AK,House AK-01,Alaska Survey Research,,2018-10-12,2018-10-14,500,lv,47.2,49.2,1.9
2018,H,AK,House AK-01,Lake Research,D,2018-10-13,2018-10-16,500,lv,44.0,48.0,1.2
2018,H,AK,House AK-01,Alaska Survey Research,,2018-10-26,2018-10-29,500,lv,49.0,48.0,1.9
2018,H,AR,House AR-01,Hendrix College,,2018-09-05,2018-09-07,422,lv,22.0,57.0,0.9
2018,H,AR,House AR-02,PPP,D,2018-04-16,2018-04-17,610,v,42.0,47.0,1.4
2018,H,AR,House AR-02,Hendrix College,,2018-09-05,2018-09-07,428,lv,40.5,49.5,0.9
2018,H,AR,House AR-02,Hendrix College,,2018-10-17,2018-10-18,590,lv,39.5,51.5,0.9
2018,H,AR,House AR-03,Hendrix College,,2018-09-05,2018-09-07,428,lv,31.0,53.0,0.9
2018,H,AR,House AR-04,Hendrix College,,2018-09-05,2018-09-07,423,lv,24.0,54.0,0.9
2018,H,AZ,House AZ-01,Go Right Strategies,R,2018-09-27,2018-09-28,738,lv,36.23,39.44,
2018,H,AZ,House AZ-01,Go Right Strategies,R,2018-10-09,2018-10-10,943,lv,37.5,44.4,
2018,H,AZ,House AZ-01,American Viewpoint,R,2018-10-16,2018-10-18,400,lv,46.0,46.0,1.2
2018,H,AZ,House AZ-01,Øptimus,,2018-10-31,2018-11-01,756,lv,47.7,45.35,
2018,H,AZ,House AZ-02,Siena/NYT,,2018-09-26,2018-10-01,502,lv,50.3,39.42,3.0
2018,H,AZ,House AZ-02,Siena/NYT,,2018-09-26,2018-10-01,502,rv,49.86,35.33,3.0
2018,H,AZ,House AZ-04,OH Predictive Insights / MBQF,,2018-09-25,2018-09-25,370,lv,25.0,57.0,2.4
2018,H,AZ,House AZ-06,Siena/NYT,,2018-10-11,2018-10-15,500,lv,35.96,49.97,3.0
2018,H,AZ,House AZ-06,Siena/NYT,,2018-10-11,2018-10-15,500,rv,35.46,44.83,3.0
2018,H,AZ,House AZ-08,KG Polling,,2018-03-13,2018-03-19,600,lv,41.0,48.0,
2018,H,AZ,House AZ-08,OH Predictive Insights / MBQF,,2018-04-11,2018-04-11,500,lv,43.0,53.0,2.4
2018,H,AZ,House AZ-08,Emerson,,2018-04-12,2018-04-15,400,lv,46.0,45.0,2.9
2018,H,AZ,House AZ-08,Lake Research,D,2018-04-14,2018-04-16,408,rv,46.0,46.0,1.2
2018,H,AZ,House AZ-08,Blumenthal Research Daily,,2018-04-12,2018-04-16,600,lv,42.0,51.0,
2018,H,AZ,House AZ-08,Emerson,,2018-04-19,2018-04-22,400,lv,43.0,49.0,2.9
2018,H,AZ,House AZ-08,Lake Research,D,2018-08-07,2018-08-13,400,lv,40.0,49.0,1.2
2018,H,AZ,House AZ-08,Lake Research,D,2018-09-24,2018-09-26,400,lv,44.0,48.0,1.2
2018,H,CA,House CA-04,Clarity,D,2018-10-15,2018-10-16,840,lv,45.0,49.0,1.6
2018,H,CA,House CA-07,Public Opinion Strategies,R,2018-06-12,2018-06-14,400,lv,50.0,41.0,1.6
2018,H,CA,House CA-10,Garin Hart Yang,D,2018-06-27,2018-07-01,501,lv,48.0,48.0,1.0
2018,H,CA,House CA-10,UC Berkeley,,2018-09-16,2018-09-23,726,lv,50.0,45.0,2.5
2018,H,CA,House CA-10,Siena/NYT,,2018-10-21,2018-10-25,501,lv,47.28,44.92,3.0
2018,H,CA,House CA-10,Siena/NYT,,2018-10-21,2018-10-25,501,rv,48.34,39.21,3.0
2018,H,CA,House CA-16,SurveyUSA,,2018-09-14,2018-09-19,515,lv,51.0,40.0,2.8
2018,H,CA,House CA-21,SurveyUSA,,2018-09-20,2018-09-24,555,lv,39.0,50.0,2.8
2018,H,CA,House CA-22,PPP,D,2018-06-22,2018-06-24,632,lv,41.0,49.0,1.4
2018,H,CA,House CA-22,Strategies 360,D,2018-07-12,2018-07-17,500,lv,41.0,53.0,1.3
2018,H,CA,House CA-22,Tulchin Research,D,2018-07-22,2018-07-25,400,lv,43.0,48.0,0.9
2018,H,CA,House CA-22,Change Research,D,2018-09-04,2018-09-06,651,lv,40.0,51.0,1.4
2018,H,CA,House CA-22,Strategies 360,D,2018-09-10,2018-09-13,402,lv,44.0,50.0,1.3
2018,H,CA,House CA-22,UC Berkeley,,2018-09-16,2018-09-23,912,lv,45.0,53.0,2.5
2018,H,CA,House CA-22,SurveyUSA,,2018-09-20,2018-09-25,582,lv,41.0,55.0,2.8
2018,H,CA,House CA-22,Change Research,D,2018-10-19,2018-10-21,840,lv,46.0,51.0,1.4
2018,H,CA,House CA-24,Olive Tree Strategies,R,2018-07-12,2018-07-15,404,lv,47.0,46.0,
2018,H,CA,House CA-25,Strategies 360,D,2017-06-22,2017-06-25,401,rv,42.0,49.0,1.3
2018,H,CA,House CA-25,FM3 Research,D,2018-01-24,2018-01-28,650,lv,53.0,40.0,0.7
2018,H,CA,House CA-25,PPP,D,2018-02-14,2018-02-15,283,rv,50.0,40.0,1.4
2018,H,CA,House CA-25,Global Strategy Group,D,2018-06-11,2018-06-21,400,lv,40.0,45.0,1.8
2018,H,CA,House CA-25,IMGE Insights,,2018-07-09,2018-07-12,400,rv,47.0,47.0,
2018,H,CA,House CA-25,Siena/NYT,,2018-09-17,2018-09-19,500,lv,45.26,47.41,3.0
2018,H,CA,House CA-25,Siena/NYT,,2018-09-17,2018-09-19,500,rv,44.84,43.05,3.0
2018,H,CA,House CA-25,UC Berkeley,,2018-09-16,2018-09-23,650,lv,50.0,46.0,2.5
2018,H,CA,House CA-25,Siena/NYT,,2018-10-25,2018-10-28,504,lv,43.98,48.4,3.0
2018,H,CA,House CA-25,Siena/NYT,,2018-10-25,2018-10-28,504,rv,41.08,46.04,3.0
2018,H,CA,House CA-39,Remington,,2018-01-10,2018-01-11,761,lv,38.0,41.0,2.6
2018,H,CA,House CA-39,DCCC Targeting Team,D,2018-06-10,2018-06-10,536,lv,43.0,45.0,1.1
2018,H,CA,House CA-39,Tulchin Research,D,2018-08-01,2018-08-06,600,lv,53.0,42.0,0.9
2018,H,CA,House CA-39,Monmouth,,2018-09-13,2018-09-16,402,v,42.0,46.0,2.9
2018,H,CA,House CA-39,Monmouth,,2018-09-13,2018-09-16,300,lv,41.0,51.0,2.9
2018,H,CA,House CA-39,Monmouth,,2018-09-13,2018-09-16,300,lv,43.0,49.0,2.9
2018,H,CA,House CA-39,UC Berkeley,,2018-09-16,2018-09-23,552,lv,49.0,48.0,2.5
2018,H,CA,House CA-39,Tulchin Research,D,2018-09-28,2018-10-02,400,lv,48.0,47.0,0.9
2018,H,CA,House CA-39,Siena/NYT,,2018-10-18,2018-10-23,496,lv,46.97,45.95,3.0
2018,H,CA,House CA-39,Siena/NYT,,2018-10-18,2018-10-23,496,rv,49.97,39.57,3.0
2018,H,CA,House CA-45,PPP,D,2018-02-20,2018-02-21,648,rv,46.0,44.0,1.4
2018,H,CA,House CA-45,PPP,D,2018-05-10,2018-05-12,599,lv,46.0,43.0,1.4
2018,H,CA,House CA-45,Global Strategy Group,D,2018-07-26,2018-07-31,500,lv,44.0,45.0,1.8
2018,H,CA,House CA-45,Tulchin Research,D,2018-08-10,2018-08-14,500,lv,49.0,46.0,0.9
2018,H,CA,House CA-45,Global Strategy Group,D,2018-09-14,2018-09-18,500,lv,46.0,43.0,1.8
2018,H,CA,House CA-45,GBAO,D,2018-09-20,2018-09-23,400,lv,48.0,47.0,1.2
2018,H,CA,House CA-45,UC Berkeley,,2018-09-16,2018-09-23,519,lv,52.0,45.0,2.5
2018,H,CA,House CA-45,Siena/NYT,,2018-09-21,2018-09-25,518,lv,48.28,43.36,3.0
2018,H,CA,House CA-45,Siena/NYT,,2018-09-21,2018-09-25,518,rv,46.35,40.1,3.0
2018,H,CA,House CA-45,Public Opinion Strategies,R,2018-10-14,2018-10-17,400,lv,46.0,50.0,1.6
2018,H,CA,House CA-45,Siena/NYT,,2018-10-26,2018-11-01,499,lv,47.76,46.48,3.0
2018,H,CA,House CA-45,Siena/NYT,,2018-10-26,2018-11-01,499,rv,49.26,41.29,3.0
2018,H,CA,House CA-48,Tulchin Research,D,2017-09-30,2017-10-05,401,lv,44.0,48.0,0.9
2018,H,CA,House CA-48,Monmouth,,2018-07-11,2018-07-15,402,v,46.0,43.0,2.9
2018,H,CA,House CA-48,Monmouth,,2018-07-11,2018-07-15,361,lv,47.0,44.5,2.9
2018,H,CA,House CA-48,Monmouth,,2018-07-11,2018-07-15,361,lv,48.0,44.0,2.9
2018,H,CA,House CA-48,Siena/NYT,,2018-09-04,2018-09-06,501,lv,45.0,45.0,3.0
2018,H,CA,House CA-48,Siena/NYT,,2018-09-04,2018-09-06,501,rv,46.1,39.4,3.0
2018,H,CA,House CA-48,UC Berkeley,,2018-09-16,2018-09-23,623,lv,48.0,48.0,2.5
2018,H,CA,House CA-48,TP Research,,2018-10-18,2018-10-19,440,lv,41.4,49.2,1.0
2018,H,CA,House CA-48,Monmouth,,2018-10-17,2018-10-21,372,lv,48.0,50.0,2.9
2018,H,CA,House CA-48,Monmouth,,2018-10-17,2018-10-21,372,lv,50.0,48.0,2.9
2018,H,CA,House CA-48,Monmouth,,2018-10-17,2018-10-21,372,lv,46.0,52.0,2.9
2018,H,CA,House CA-48,TP Research,,2018-10-30,2018-10-31,440,lv,41.6,50.7,1.0
2018,H,CA,House CA-48,Siena/NYT,,2018-10-29,2018-11-04,491,lv,46.45,44.72,3.0
2018,H,CA,House CA-48,Siena/NYT,,2018-10-29,2018-11-04,491,rv,45.12,41.32,3.0
2018,H,CA,House CA-49,Feldman Group,D,2018-06-24,2018-06-27,400,lv,44.0,41.0,
2018,H,CA,House CA-49,Public Opinion Strategies,R,2018-07-15,2018-07-17,400,lv,43.0,46.0,1.6
2018,H,CA,House CA-49,Public Opinion Strategies,R,2018-09-17,2018-09-20,400,lv,45.0,43.0,1.6
2018,H,CA,House CA-49,Siena/NYT,,2018-09-18,2018-09-23,507,lv,51.0,41.35,3.0
2018,H,CA,House CA-49,Siena/NYT,,2018-09-18,2018-09-23,507,rv,49.97,38.42,3.0
2018,H,CA,House CA-49,UC Berkeley,,2018-09-16,2018-09-23,551,lv,55.0,41.0,2.5
2018,H,CA,House CA-49,Siena/NYT,,2018-10-19,2018-10-24,500,lv,53.37,38.65,3.0
2018,H,CA,House CA-49,Siena/NYT,,2018-10-19,2018-10-24,500,rv,54.74,35.99,3.0
2018,H,CA,House CA-49,SurveyUSA,,2018-10-29,2018-11-01,500,lv,51.0,44.0,2.8
2018,H,CA,House CA-50,Tulchin Research,D,2018-07-17,2018-07-23,400,lv,42.0,51.0,0.9
2018,H,CA,House CA-50,SurveyUSA,,2018-08-22,2018-08-26,539,lv,39.0,47.0,2.8
2018,H,CA,House CA-50,Tulchin Research,D,2018-08-27,2018-08-30,400,lv,46.0,46.0,0.9
2018,H,CA,House CA-50,UC Berkeley,,2018-09-16,2018-09-23,527,lv,47.0,49.0,2.5
2018,H,CA,House CA-50,Monmouth,,2018-09-22,2018-09-26,401,v,41.0,49.0,2.9
2018,H,CA,House CA-50,Monmouth,,2018-09-22,2018-09-26,348,lv,38.0,53.0,2.9
2018,H,CA,House CA-50,Monmouth,,2018-09-22,2018-09-26,348,lv,40.0,51.0,2.9
2018,H,CA,House CA-50,Tulchin Research,D,2018-09-29,2018-10-01,400,lv,44.4,45.1,0.9
2018,H,CA,House CA-50,SurveyUSA,,2018-10-25,2018-10-29,547,lv,45.0,48.0,2.8
2018,H,CO,House CO-03,Change Research,,2018-10-27,2018-10-29,485,lv,38.0,53.0,1.4
2018,H,CO,House CO-03,JMC Analytics/Bold Blue Campaigns,,2018-10-27,2018-11-02,500,lv,41.0,46.0,
2018,H,CO,House CO-06,PPP,D,2017-10-05,2017-10-08,742,v,36.0,43.0,1.4
2018,H,CO,House CO-06,PPP,D,2018-02-15,2018-02-18,751,v,44.0,39.0,1.4
2018,H,CO,House CO-06,"Normington, Petts & Associates",D,2018-07-09,2018-07-11,400,lv,41.0,44.0,0.7
2018,H,CO,House CO-06,IMGE Insights,,2018-07-09,2018-07-12,400,rv,45.0,45.0,
2018,H,CO,House CO-06,Global Strategy Group,D,2018-07-11,2018-07-17,506,lv,47.0,45.0,1.8
2018,H,CO,House CO-06,Tarrance,R,2018-09-11,2018-09-13,400,rv,46.0,45.0,1.6
2018,H,CO,House CO-06,Tarrance,R,2018-09-11,2018-09-13,400,rv,42.0,40.0,1.6
2018,H,CO,House CO-06,Siena/NYT,,2018-09-12,2018-09-14,500,lv,50.86,40.42,3.0
2018,H,CO,House CO-06,Siena/NYT,,2018-09-12,2018-09-14,500,rv,51.89,37.13,3.0
2018,H,CO,House CO-06,"Normington, Petts & Associates",D,2018-09-18,2018-09-23,400,lv,49.0,38.0,0.7
2018,H,CO,House CO-06,Siena/NYT,,2018-10-13,2018-10-17,506,lv,46.6,37.9,3.0
2018,H,CO,House CO-06,Siena/NYT,,2018-10-13,2018-10-17,506,rv,45.12,34.93,3.0
2018,H,DE,House DE-01,Gravis Marketing (2020 and earlier),,2018-07-24,2018-07-29,884,lv,46.0,38.0,2.0
2018,H,DE,House DE-01,University of Delaware,,2018-09-11,2018-09-17,728,lv,58.0,28.0,
2018,H,DE,House DE-01,University of Delaware,,2018-09-11,2018-09-17,908,rv,54.0,26.0,
2018,H,FL,House FL-01,The Political Matrix/The Listener Group,,2018-10-18,2018-10-21,730,lv,24.8,55.5,0.7
2018,H,FL,House FL-06,Greenberg Quinlan Rosner,D,2018-09-04,2018-09-06,400,lv,46.0,47.0,2.0
2018,H,FL,House FL-06,St. Pete Polls,,2018-09-19,2018-09-19,981,lv,42.5,47.5,2.4
2018,H,FL,House FL-06,Greenberg Quinlan Rosner,D,2018-10-01,2018-10-04,400,lv,45.0,45.0,2.0
2018,H,FL,House FL-07,St. Pete Polls,,2018-08-30,2018-08-30,435,lv,47.3,45.8,2.4
2018,H,FL,House FL-09,SurveyUSA,,2018-10-02,2018-10-07,535,lv,48.0,40.0,2.8
2018,H,FL,House FL-12,St. Pete Polls,,2018-07-28,2018-07-28,615,rv,29.7,49.1,2.4
2018,H,FL,House FL-15,Greenberg Quinlan Rosner,D,2018-09-04,2018-09-08,400,lv,48.0,47.0,2.0
2018,H,FL,House FL-15,Bold Blue Campaigns,,2018-09-22,2018-09-27,500,lv,46.0,49.0,
2018,H,FL,House FL-15,WPAi,R,2018-10-03,2018-10-04,418,lv,39.0,46.0,1.7
2018,H,FL,House FL-15,SurveyUSA,,2018-10-09,2018-10-14,591,lv,45.0,45.0,2.8
2018,H,FL,House FL-15,Remington,R,2018-10-17,2018-10-18,1369,lv,41.0,47.0,2.6
2018,H,FL,House FL-15,Greenberg Quinlan Rosner,D,2018-10-16,2018-10-18,400,lv,47.0,47.0,2.0
2018,H,FL,House FL-15,Siena/NYT,,2018-10-16,2018-10-19,499,lv,42.84,43.49,3.0
2018,H,FL,House FL-15,Siena/NYT,,2018-10-16,2018-10-19,499,rv,43.22,36.97,3.0
2018,H,FL,House FL-15,St. Pete Polls,,2018-11-05,2018-11-05,1194,lv,44.3,46.2,2.4
2018,H,FL,House FL-16,PPP,D,2018-04-16,2018-04-17,655,v,37.0,49.0,1.4
2018,H,FL,House FL-16,St. Pete Polls,,2018-07-28,2018-07-28,681,lv,34.5,44.0,2.4
2018,H,FL,House FL-16,Anzalone Liszt Grove,D,2018-08-22,2018-08-25,400,lv,44.0,48.0,1.5
2018,H,FL,House FL-16,St. Pete Polls,,2018-10-01,2018-10-01,1248,lv,43.3,50.4,2.4
2018,H,FL,House FL-16,U. North Florida,,2018-09-30,2018-10-02,551,lv,40.0,49.0,2.8
2018,H,FL,House FL-16,Public Opinion Strategies,R,2018-10-04,2018-10-07,400,lv,42.0,52.0,1.6
2018,H,FL,House FL-18,Global Strategy Group,D,2018-05-01,2018-05-06,600,lv,34.0,52.0,1.8
2018,H,FL,House FL-18,Global Strategy Group,D,2018-09-11,2018-09-16,600,lv,44.0,50.0,1.8
2018,H,FL,House FL-18,PPP,D,2018-09-17,2018-09-18,533,v,43.0,46.0,1.4
2018,H,FL,House FL-18,Global Strategy Group,D,2018-09-26,2018-09-30,400,lv,45.0,48.0,1.8
2018,H,FL,House FL-18,Change Research,,2018-10-27,2018-10-29,475,lv,44.0,53.0,1.4
2018,H,FL,House FL-19,Change Research,D,2018-09-10,2018-09-12,468,rv,42.0,51.0,1.4
2018,H,FL,House FL-25,PPP,D,2018-05-21,2018-05-23,650,v,39.0,46.0,1.4
2018,H,FL,House FL-25,PPP,D,2018-09-17,2018-09-18,541,v,36.0,41.0,1.4
2018,H,FL,House FL-26,DCCC Targeting Team,D,2018-03-17,2018-03-22,400,rv,40.0,45.0,1.1
2018,H,FL,House FL-26,GBAO,D,2018-07-16,2018-07-22,500,lv,41.0,48.0,1.2
2018,H,FL,House FL-26,Siena/NYT,,2018-09-13,2018-09-17,509,lv,43.78,47.31,3.0
2018,H,FL,House FL-26,Siena/NYT,,2018-09-13,2018-09-17,509,rv,39.23,46.03,3.0
2018,H,FL,House FL-26,PPP,D,2018-09-17,2018-09-18,511,v,46.0,45.0,1.4
2018,H,FL,House FL-26,Greenberg Quinlan Rosner,D,2018-09-23,2018-09-27,500,lv,49.0,48.0,2.0
2018,H,FL,House FL-26,GBAO,D,2018-09-27,2018-10-01,500,lv,50.0,48.0,1.2
2018,H,FL,House FL-26,Mason-Dixon,,2018-10-03,2018-10-09,625,lv,45.0,46.0,2.6
2018,H,FL,House FL-26,Siena/NYT,,2018-10-19,2018-10-24,499,lv,44.7,43.84,3.0
2018,H,FL,House FL-26,Siena/NYT,,2018-10-19,2018-10-24,499,rv,42.56,39.22,3.0
2018,H,FL,House FL-27,Bendixen & Amandi International,D,2018-09-01,2018-09-04,600,lv,46.0,42.0,1.0
2018,H,FL,House FL-27,McLaughlin,R,2018-09-10,2018-09-13,400,lv,42.0,51.0,0.5
2018,H,FL,House FL-27,Mason-Dixon,,2018-10-01,2018-10-06,625,lv,42.0,44.0,2.6
2018,H,FL,House FL-27,Anzalone Liszt Grove,D,2018-10-11,2018-10-14,500,lv,44.0,39.0,1.5
2018,H,FL,House FL-27,McLaughlin,R,2018-10-11,2018-10-14,400,rv,41.0,50.0,0.5
2018,H,FL,House FL-27,Siena/NYT,,2018-10-15,2018-10-19,542,lv,44.06,36.85,3.0
2018,H,FL,House FL-27,Siena/NYT,,2018-10-15,2018-10-19,542,rv,41.67,34.34,3.0
2018,H,FL,House FL-27,Anzalone Liszt Grove,D,2018-10-25,2018-10-28,500,lv,49.0,39.0,1.5
2018,H,GA,House GA-03,PPP,D,2018-10-15,2018-10-16,681,v,26.0,56.0,1.4
2018,H,GA,House GA-06,Thirty-Ninth Street Strategies,D,2018-08-22,2018-08-26,600,lv,47.0,49.0,1.4
2018,H,GA,House GA-06,JMC Analytics/Bold Blue Campaigns,,2018-10-13,2018-10-18,500,lv,45.0,49.0,
2018,H,GA,House GA-06,Thirty-Ninth Street Strategies,D,2018-10-20,2018-10-22,400,lv,47.0,48.0,1.4
2018,H,GA,House GA-06,Change Research,D,2018-11-02,2018-11-04,395,lv,51.0,45.0,1.4
2018,H,GA,House GA-06,Siena/NYT,,2018-10-28,2018-11-04,421,lv,46.42,44.32,3.0
2018,H,GA,House GA-06,Siena/NYT,,2018-10-28,2018-11-04,421,rv,48.72,39.61,3.0
2018,H,GA,House GA-07,Tulchin Research,D,2018-08-09,2018-08-13,400,lv,46.0,44.0,0.9
2018,H,GA,House GA-07,McLaughlin,R,2018-10-11,2018-10-14,400,lv,32.0,59.0,0.5
2018,H,GA,House GA-07,JMC Analytics/Bold Blue Campaigns,,2018-10-13,2018-10-18,500,lv,43.0,49.0,
2018,H,IA,House IA-01,PPP,D,2017-10-06,2017-10-08,1093,v,42.0,40.0,1.4
2018,H,IA,House IA-01,PPP,D,2018-02-12,2018-02-13,742,v,43.0,42.0,1.4
2018,H,IA,House IA-01,DCCC Targeting Team,D,2018-02-13,2018-02-14,400,rv,47.0,41.0,1.1
2018,H,IA,House IA-01,Emerson,,2018-09-06,2018-09-08,250,rv,42.5,38.4,2.9
2018,H,IA,House IA-01,Siena/NYT,,2018-09-18,2018-09-20,502,lv,51.5,37.35,3.0
2018,H,IA,House IA-01,Siena/NYT,,2018-09-18,2018-09-20,502,rv,47.2,32.92,3.0
2018,H,IA,House IA-01,The Polling Company,R,2018-10-03,2018-10-04,400,rv,44.0,43.0,
2018,H,IA,House IA-01,The Polling Company,R,2018-10-12,2018-10-13,400,rv,45.0,43.0,
2018,H,IA,House IA-01,Siena/NYT,,2018-10-28,2018-10-31,452,lv,45.69,39.18,3.0
2018,H,IA,House IA-01,Siena/NYT,,2018-10-28,2018-10-31,452,rv,38.98,40.38,3.0
2018,H,IA,House IA-01,Emerson,,2018-10-29,2018-11-01,353,lv,53.0,41.1,2.9
2018,H,IA,House IA-02,Emerson,,2018-09-06,2018-09-08,250,rv,45.4,20.7,2.9
2018,H,IA,House IA-02,Gravis Marketing (2020 and earlier),R,2018-09-08,2018-09-11,425,a,43.0,37.0,2.0
2018,H,IA,House IA-02,Gravis Marketing (2020 and earlier),R,2018-09-08,2018-09-11,425,a,46.0,38.0,2.0
2018,H,IA,House IA-02,Emerson,,2018-10-29,2018-11-01,373,lv,52.6,39.7,2.9
2018,H,IA,House IA-03,Anzalone Liszt Grove,D,2018-07-08,2018-07-12,500,lv,45.0,41.0,1.5
2018,H,IA,House IA-03,DCCC Targeting Team,D,2018-09-04,2018-09-05,575,lv,46.0,43.0,1.1
2018,H,IA,House IA-03,Emerson,,2018-09-06,2018-09-08,260,rv,30.5,46.5,2.9
2018,H,IA,House IA-03,Siena/NYT,,2018-09-27,2018-09-30,502,lv,44.26,43.0,3.0
2018,H,IA,House IA-03,Siena/NYT,,2018-09-27,2018-09-30,502,rv,40.89,41.77,3.0
2018,H,IA,House IA-03,Siena/NYT,,2018-10-25,2018-10-27,504,lv,43.39,41.23,3.0
2018,H,IA,House IA-03,Siena/NYT,,2018-10-25,2018-10-27,504,rv,40.19,39.04,3.0
2018,H,IA,House IA-03,Emerson,,2018-10-29,2018-11-01,380,lv,45.7,44.8,2.9
2018,H,IA,House IA-04,WPAi,R,2018-08-23,2018-08-27,405,lv,32.0,53.0,1.7
2018,H,IA,House IA-04,Emerson,,2018-09-06,2018-09-08,240,rv,30.5,41.4,2.9
2018,H,IA,House IA-04,Expedition Strategies,D,2018-09-05,2018-09-09,380,lv,37.0,43.0,1.2
2018,H,IA,House IA-04,WPAi,R,2018-10-02,2018-10-04,400,lv,34.0,54.0,1.7
2018,H,IA,House IA-04,WPAi,R,2018-10-22,2018-10-24,401,lv,34.0,52.0,1.7
2018,H,IA,House IA-04,Change Research,,2018-10-27,2018-10-29,631,lv,44.0,45.0,1.4
2018,H,IA,House IA-04,Emerson,,2018-10-29,2018-11-01,356,lv,41.7,51.0,2.9
2018,H,IA,House IA-04,Siena/NYT,,2018-10-31,2018-11-04,423,lv,42.45,47.22,3.0
2018,H,IA,House IA-04,Siena/NYT,,2018-10-31,2018-11-04,423,rv,40.17,45.03,3.0
2018,H,ID,House ID-01,Dan Jones,,2018-06-22,2018-07-09,315,a,27.0,35.0,1.9
2018,H,ID,House ID-02,Dan Jones,,2018-06-22,2018-07-09,285,a,23.0,59.0,1.9
2018,H,IL,House IL-06,Garin Hart Yang,D,2018-04-21,2018-04-23,401,lv,44.0,45.0,1.0
2018,H,IL,House IL-06,Victory Research,,2018-07-23,2018-07-25,600,lv,37.3,44.2,1.8
2018,H,IL,House IL-06,Siena/NYT,,2018-09-04,2018-09-06,512,lv,44.0,45.0,3.0
2018,H,IL,House IL-06,Siena/NYT,,2018-09-04,2018-09-06,512,rv,39.71,39.14,3.0
2018,H,IL,House IL-06,Garin Hart Yang,D,2018-09-08,2018-09-10,402,lv,47.0,44.0,1.0
2018,H,IL,House IL-06,Garin Hart Yang,D,2018-09-29,2018-10-01,400,lv,49.0,44.0,1.0
2018,H,IL,House IL-06,Siena/NYT,,2018-10-20,2018-10-26,497,lv,45.61,44.4,3.0
2018,H,IL,House IL-06,Siena/NYT,,2018-10-20,2018-10-26,497,rv,44.99,39.95,3.0
2018,H,IL,House IL-12,PPP,D,2018-04-16,2018-04-17,622,v,39.0,44.0,1.4
2018,H,IL,House IL-12,Global Strategy Group,D,2018-07-26,2018-07-30,400,lv,41.0,50.0,1.8
2018,H,IL,House IL-12,Siena/NYT,,2018-09-04,2018-09-06,533,lv,43.0,44.0,3.0
2018,H,IL,House IL-12,Siena/NYT,,2018-09-04,2018-09-06,533,rv,36.8,44.4,3.0
2018,H,IL,House IL-12,DCCC Targeting Team,D,2018-09-26,2018-09-27,574,lv,41.0,42.0,1.1
2018,H,IL,House IL-12,DCCC Targeting Team,D,2018-09-26,2018-09-27,574,lv,44.0,46.0,1.1
2018,H,IL,House IL-12,Global Strategy Group,D,2018-10-03,2018-10-07,404,lv,45.0,46.0,1.8
2018,H,IL,House IL-12,Siena/NYT,,2018-10-18,2018-10-22,502,lv,39.36,47.87,3.0
2018,H,IL,House IL-12,Siena/NYT,,2018-10-18,2018-10-22,502,rv,34.0,42.81,3.0
2018,H,IL,House IL-13,PPP,D,2018-04-16,2018-04-17,726,v,42.0,45.0,1.4
2018,H,IL,House IL-13,GBAO,D,2018-09-09,2018-09-11,500,lv,46.0,51.0,1.2
2018,H,IL,House IL-13,American Viewpoint,R,2018-09-29,2018-10-01,400,lv,37.0,50.0,1.2
2018,H,IL,House IL-13,GBAO,D,2018-10-01,2018-10-04,500,lv,48.0,49.0,1.2
2018,H,IL,House IL-13,Siena/NYT,,2018-10-21,2018-10-25,501,lv,40.97,46.08,3.0
2018,H,IL,House IL-13,Siena/NYT,,2018-10-21,2018-10-25,501,rv,42.32,42.17,3.0
2018,H,IL,House IL-14,PPP,D,2018-04-16,2018-04-17,682,v,41.0,45.0,1.4
2018,H,IL,House IL-14,Siena/NYT,,2018-10-03,2018-10-08,501,lv,42.56,47.41,3.0
2018,H,IL,House IL-14,Siena/NYT,,2018-10-03,2018-10-08,501,rv,39.87,40.8,3.0
2018,H,IL,House IL-14,Siena/NYT,,2018-10-31,2018-11-04,428,lv,48.64,43.41,3.0
2018,H,IL,House IL-14,Siena/NYT,,2018-10-31,2018-11-04,428,rv,45.12,38.89,3.0
2018,H,IL,House IL-16,Change Research,,2018-10-27,2018-10-29,554,lv,41.0,55.0,1.4
2018,H,IN,House IN-03,WPAi,R,2018-05-29,2018-05-31,401,lv,34.0,55.0,1.7
2018,H,IN,House IN-05,Change Research,,2018-10-27,2018-10-29,527,lv,44.0,50.0,1.4
2018,H,IN,House IN-09,Change Research,,2018-10-27,2018-10-29,541,lv,45.0,52.0,1.4
2018,H,KS,House KS-01,Jayhawk Consulting,D,2018-09-21,2018-09-22,400,lv,33.0,44.0,0.9
2018,H,KS,House KS-01,Emerson,,2018-09-26,2018-09-28,193,rv,16.9,43.5,2.9
2018,H,KS,House KS-01,Remington,R,2018-10-08,2018-10-09,1432,lv,26.0,60.0,2.6
2018,H,KS,House KS-01,Jayhawk Consulting,D,2018-10-22,2018-10-23,600,lv,38.0,42.0,0.9
2018,H,KS,House KS-01,Emerson,,2018-10-26,2018-10-28,221,lv,36.2,51.1,2.9
2018,H,KS,House KS-02,Siena/NYT,,2018-09-13,2018-09-15,500,lv,44.75,43.73,3.0
2018,H,KS,House KS-02,Siena/NYT,,2018-09-13,2018-09-15,500,rv,46.2,40.45,3.0
2018,H,KS,House KS-02,Emerson,,2018-09-26,2018-09-28,243,rv,34.7,30.7,2.9
2018,H,KS,House KS-02,Emerson,,2018-10-26,2018-10-28,231,lv,40.9,47.8,2.9
2018,H,KS,House KS-02,Change Research,,2018-10-27,2018-10-29,902,lv,44.0,45.0,1.4
2018,H,KS,House KS-02,Siena/NYT,,2018-10-27,2018-10-30,501,lv,41.25,36.76,3.0
2018,H,KS,House KS-02,Siena/NYT,,2018-10-27,2018-10-30,501,rv,37.13,34.25,3.0
2018,H,KS,House KS-03,Global Strategy Group,D,2018-08-13,2018-08-15,400,lv,46.0,43.0,1.8
2018,H,KS,House KS-03,Remington,R,2018-09-18,2018-09-20,610,lv,40.0,43.0,2.6
2018,H,KS,House KS-03,Siena/NYT,,2018-09-20,2018-09-23,494,lv,50.8,43.23,3.0
2018,H,KS,House KS-03,Siena/NYT,,2018-09-20,2018-09-23,494,rv,46.88,45.5,3.0
2018,H,KS,House KS-03,Emerson,,2018-09-26,2018-09-28,246,rv,47.4,40.8,2.9
2018,H,KS,House KS-03,Siena/NYT,,2018-10-14,2018-10-17,503,lv,47.65,38.62,3.0
2018,H,KS,House KS-03,Siena/NYT,,2018-10-14,2018-10-17,503,rv,44.04,36.75,3.0
2018,H,KS,House KS-03,Emerson,,2018-10-26,2018-10-28,262,lv,55.4,42.6,2.9
2018,H,KS,House KS-04,Change Research,D,2018-07-17,2018-07-19,1896,lv,38.4,42.1,1.4
2018,H,KS,House KS-04,Emerson,,2018-09-26,2018-09-28,256,rv,26.4,50.1,2.9
2018,H,KS,House KS-04,Emerson,,2018-10-26,2018-10-28,262,lv,33.3,63.1,2.9
2018,H,KY,House KY-06,Garin Hart Yang,D,2018-02-05,2018-02-07,401,lv,44.0,48.0,1.0
2018,H,KY,House KY-06,DCCC Targeting Team,D,2018-04-30,2018-05-02,508,lv,52.0,37.0,1.1
2018,H,KY,House KY-06,Fabrizio,R,2018-06-06,2018-06-07,400,lv,51.0,38.0,1.7
2018,H,KY,House KY-06,Garin Hart Yang,D,2018-07-07,2018-07-10,461,lv,50.0,43.0,1.0
2018,H,KY,House KY-06,Garin Hart Yang,D,2018-08-23,2018-08-26,401,lv,44.0,49.0,1.0
2018,H,KY,House KY-06,Fabrizio,R,2018-09-04,2018-09-06,400,lv,45.0,49.0,1.7
2018,H,KY,House KY-06,Siena/NYT,,2018-09-06,2018-09-08,506,lv,46.0,47.0,3.0
2018,H,KY,House KY-06,Siena/NYT,,2018-09-06,2018-09-08,506,rv,43.18,47.72,3.0
2018,H,KY,House KY-06,Pulse Opinion Research,,2018-09-12,2018-09-17,600,lv,47.0,47.0,2.1
2018,H,KY,House KY-06,Garin Hart Yang,D,2018-09-30,2018-10-02,501,lv,51.0,44.0,1.0
2018,H,KY,House KY-06,Public Opinion Strategies,R,2018-10-06,2018-10-08,400,rv,46.0,48.0,1.6
2018,H,KY,House KY-06,Siena/NYT,,2018-11-01,2018-11-04,438,lv,44.01,44.4,3.0
2018,H,KY,House KY-06,Siena/NYT,,2018-11-01,2018-11-04,438,rv,38.41,47.29,3.0
2018,H,ME,House ME-01,Pan Atlantic Research,,2018-10-01,2018-10-07,249,lv,53.4,29.4,2.1
2018,H,ME,House ME-01,Emerson,,2018-10-27,2018-10-29,442,lv,56.2,31.0,2.9
2018,H,ME,House ME-02,Mellman,D,2018-07-25,2018-07-30,400,lv,39.0,40.0,1.2
2018,H,ME,House ME-02,Mellman,D,2018-07-25,2018-07-30,400,lv,47.0,48.0,1.2
2018,H,ME,House ME-02,Mellman,D,2018-07-25,2018-07-30,400,lv,48.0,48.0,1.2
2018,H,ME,House ME-02,Mellman,D,2018-07-25,2018-07-30,400,lv,51.0,49.0,1.2
2018,H,ME,House ME-02,Mellman,D,2018-09-04,2018-09-07,400,rv,54.0,46.0,1.2
2018,H,ME,House ME-02,Siena/NYT,,2018-09-12,2018-09-14,506,lv,41.67,47.35,3.0
2018,H,ME,House ME-02,Siena/NYT,,2018-09-12,2018-09-14,506,rv,39.89,46.4,3.0
2018,H,ME,House ME-02,Pan Atlantic Research,,2018-10-01,2018-10-07,251,lv,36.5,37.0,2.1
2018,H,ME,House ME-02,Global Strategy Group,D,2018-10-09,2018-10-12,400,lv,48.0,42.0,1.8
2018,H,ME,House ME-02,Siena/NYT,,2018-10-15,2018-10-18,501,lv,41.17,41.06,3.0
2018,H,ME,House ME-02,Siena/NYT,,2018-10-15,2018-10-18,501,rv,40.72,37.99,3.0
2018,H,ME,House ME-02,Emerson,,2018-10-27,2018-10-29,441,lv,46.7,45.6,2.9
2018,H,MI,House MI-01,Change Research,,2018-10-27,2018-10-29,574,lv,42.0,54.0,1.4
2018,H,MI,House MI-02,Lake Research,D,2018-07-12,2018-07-15,400,lv,28.0,50.0,1.2
2018,H,MI,House MI-02,Lake Research,D,2018-10-11,2018-10-15,400,lv,42.0,48.0,1.2
2018,H,MI,House MI-06,Global Strategy Group,D,2018-08-24,2018-08-29,500,lv,44.0,49.0,1.8
2018,H,MI,House MI-06,PPP,D,2018-09-04,2018-09-05,750,v,41.0,45.0,1.4
2018,H,MI,House MI-06,DCCC Targeting Team,D,2018-10-09,2018-10-10,605,lv,46.0,49.0,1.1
2018,H,MI,House MI-06,Change Research,,2018-10-27,2018-10-29,466,lv,43.0,46.0,1.4
2018,H,MI,House MI-06,Change Research,D,2018-11-02,2018-11-04,460,lv,42.0,40.0,1.4
2018,H,MI,House MI-07,DCCC Targeting Team,D,2018-02-19,2018-02-21,400,rv,37.0,41.0,1.1
2018,H,MI,House MI-08,Target Insyght,,2018-04-03,2018-04-05,400,lv,39.0,45.0,1.0
2018,H,MI,House MI-08,PPP,D,2018-04-16,2018-04-17,668,v,41.0,46.0,1.4
2018,H,MI,House MI-08,Greenberg Quinlan Rosner,D,2018-08-20,2018-08-23,400,lv,44.0,49.0,2.0
2018,H,MI,House MI-08,Public Opinion Strategies,R,2018-09-16,2018-09-18,400,lv,43.0,45.0,1.6
2018,H,MI,House MI-08,Greenberg Quinlan Rosner,D,2018-09-17,2018-09-20,400,lv,47.0,43.0,2.0
2018,H,MI,House MI-08,Siena/NYT,,2018-09-28,2018-10-03,501,lv,43.5,46.91,3.0
2018,H,MI,House MI-08,Siena/NYT,,2018-09-28,2018-10-03,501,rv,42.88,46.02,3.0
2018,H,MI,House MI-08,Target Insyght,,2018-10-15,2018-10-17,500,lv,45.0,48.0,1.0
2018,H,MI,House MI-08,Change Research,D,2018-11-02,2018-11-04,501,lv,47.0,46.0,1.4
2018,H,MI,House MI-08,Siena/NYT,,2018-10-31,2018-11-04,447,lv,49.05,42.42,3.0
2018,H,MI,House MI-08,Siena/NYT,,2018-10-31,2018-11-04,447,rv,43.22,37.76,3.0
2018,H,MI,House MI-11,Anzalone Liszt Grove,D,2018-08-13,2018-08-16,500,lv,44.0,36.0,1.5
2018,H,MI,House MI-11,Harper Polling,R,2018-08-24,2018-08-27,400,lv,34.0,29.0,
2018,H,MI,House MI-11,Anzalone Liszt Grove,D,2018-10-02,2018-10-04,503,lv,42.0,37.0,1.5
2018,H,MI,House MI-11,Siena/NYT,,2018-10-01,2018-10-06,465,lv,45.18,37.61,3.0
2018,H,MI,House MI-11,Siena/NYT,,2018-10-01,2018-10-06,465,rv,45.8,34.7,3.0
2018,H,MI,House MI-11,Harper Polling,R,2018-10-10,2018-10-13,400,lv,36.0,35.0,
2018,H,MI,House MI-11,Anzalone Liszt Grove,D,2018-10-10,2018-10-14,513,lv,44.0,34.0,1.5
2018,H,MI,House MI-11,Anzalone Liszt Grove,D,2018-10-10,2018-10-14,513,lv,48.0,39.0,1.5
2018,H,MI,House MI-11,Target Insyght,,2018-10-15,2018-10-17,500,lv,48.0,48.0,1.0
2018,H,MN,House MN-01,Harper Polling,R,2018-08-23,2018-08-26,400,lv,33.0,47.0,
2018,H,MN,House MN-01,SurveyUSA,,2018-10-16,2018-10-20,586,lv,47.0,45.0,2.8
2018,H,MN,House MN-02,PPP,D,2017-10-04,2017-10-07,732,v,42.0,43.0,1.4
2018,H,MN,House MN-02,WPAi,R,2018-08-18,2018-08-21,400,lv,45.0,46.0,1.7
2018,H,MN,House MN-02,Global Strategy Group,D,2018-09-13,2018-09-17,400,lv,49.0,41.0,1.8
2018,H,MN,House MN-02,PPP,D,2018-09-17,2018-09-18,531,v,48.0,45.0,1.4
2018,H,MN,House MN-02,SurveyUSA,,2018-09-17,2018-09-23,569,lv,48.0,45.0,2.8
2018,H,MN,House MN-02,WPAi,R,2018-09-29,2018-10-01,412,lv,43.0,46.0,1.7
2018,H,MN,House MN-02,Siena/NYT,,2018-09-29,2018-10-02,487,lv,51.4,39.37,3.0
2018,H,MN,House MN-02,Siena/NYT,,2018-09-29,2018-10-02,487,rv,49.42,37.53,3.0
2018,H,MN,House MN-02,Global Strategy Group,D,2018-10-09,2018-10-14,400,lv,52.0,43.0,1.8
2018,H,MN,House MN-03,PPP,D,2017-11-09,2017-11-10,542,v,46.0,42.0,1.4
2018,H,MN,House MN-03,PPP,D,2018-02-12,2018-02-13,664,v,46.0,43.0,1.4
2018,H,MN,House MN-03,Siena/NYT,,2018-09-07,2018-09-09,500,lv,51.0,42.0,3.0
2018,H,MN,House MN-03,Siena/NYT,,2018-09-07,2018-09-09,500,rv,49.95,39.81,3.0
2018,H,MN,House MN-03,PPP,D,2018-09-17,2018-09-18,538,v,52.0,39.0,1.4
2018,H,MN,House MN-03,SurveyUSA,,2018-09-24,2018-09-29,607,lv,49.0,44.0,2.8
2018,H,MN,House MN-07,Anzalone Liszt Grove,D,2018-09-05,2018-09-10,500,lv,53.0,35.0,1.5
2018,H,MN,House MN-08,Siena/NYT,,2018-09-06,2018-09-09,504,lv,44.0,43.0,3.0
2018,H,MN,House MN-08,Siena/NYT,,2018-09-06,2018-09-09,504,rv,41.92,42.83,3.0
2018,H,MN,House MN-08,Victoria Research,D,2018-09-27,2018-09-30,400,lv,45.0,44.0,1.5
2018,H,MN,House MN-08,Siena/NYT,,2018-10-11,2018-10-14,507,lv,33.5,49.15,3.0
2018,H,MN,House MN-08,Siena/NYT,,2018-10-11,2018-10-14,507,rv,32.01,48.13,3.0
2018,H,MO,House MO-02,Remington,,2018-08-22,2018-08-23,983,lv,40.0,51.0,2.6
2018,H,MS,House MS-01,Triumph Campaigns,,2018-07-30,2018-07-31,525,lv,28.18,57.19,
2018,H,MS,House MS-03,Triumph Campaigns,,2018-07-30,2018-07-31,525,lv,26.87,56.11,
2018,H,MS,House MS-04,Triumph Campaigns,,2018-07-30,2018-07-31,525,lv,36.68,53.66,
2018,H,MT,House MT-01,Gravis Marketing (2020 and earlier),,2018-06-11,2018-06-13,469,lv,49.0,43.0,2.0
2018,H,MT,House MT-01,University of Montana,,2018-08-13,2018-08-31,466,lv,51.0,38.0,
2018,H,MT,House MT-01,Benenson Strategy Group/GS Strategy Group,,2018-09-06,2018-09-16,950,lv,45.0,46.0,
2018,H,MT,House MT-01,Gravis Marketing (2020 and earlier),,2018-09-19,2018-09-22,710,lv,42.0,51.0,2.0
2018,H,MT,House MT-01,MSU - Bozeman,,2018-09-15,2018-10-06,2079,rv,40.1,47.6,
2018,H,MT,House MT-01,MSU - Billings,,2018-10-08,2018-10-13,471,lv,41.0,44.0,1.5
2018,H,MT,House MT-01,University of Montana,,2018-10-10,2018-10-18,533,lv,45.8,45.3,
2018,H,MT,House MT-01,Gravis Marketing (2020 and earlier),,2018-10-24,2018-10-26,782,lv,48.0,48.0,2.0
2018,H,MT,House MT-01,Change Research,,2018-11-02,2018-11-04,879,lv,44.0,52.0,1.4
2018,H,NC,House NC-02,Greenberg Quinlan Rosner,D,2018-08-23,2018-08-27,401,lv,45.0,44.0,2.0
2018,H,NC,House NC-02,SurveyUSA,,2018-09-05,2018-09-08,538,lv,44.0,43.0,2.8
2018,H,NC,House NC-02,SurveyUSA,,2018-10-24,2018-10-28,565,lv,40.0,49.0,2.8
2018,H,NC,House NC-07,Lincoln Park Strategies,D,2018-08-18,2018-08-22,500,lv,44.0,40.0,
2018,H,NC,House NC-09,Anzalone Liszt Grove,D,2018-03-08,2018-03-13,500,lv,44.0,43.0,1.5
2018,H,NC,House NC-09,SurveyUSA,,2018-07-05,2018-07-08,543,lv,43.0,36.0,2.8
2018,H,NC,House NC-09,SurveyUSA,,2018-10-02,2018-10-04,556,lv,45.0,41.0,2.8
2018,H,NC,House NC-09,Siena/NYT,,2018-10-01,2018-10-05,502,lv,42.34,46.82,3.0
2018,H,NC,House NC-09,Siena/NYT,,2018-10-01,2018-10-05,502,rv,42.62,44.26,3.0
2018,H,NC,House NC-09,Siena/NYT,,2018-10-26,2018-10-30,505,lv,44.13,45.37,3.0
2018,H,NC,House NC-09,Siena/NYT,,2018-10-26,2018-10-30,505,rv,45.13,41.42,3.0
2018,H,NC,House NC-13,PPP,D,2018-04-16,2018-04-17,668,v,40.0,43.0,1.4
2018,H,NC,House NC-13,SurveyUSA,,2018-07-12,2018-07-16,537,lv,35.0,40.0,2.8
2018,H,NC,House NC-13,DCCC Targeting Team,D,2018-09-13,2018-09-13,537,lv,46.0,42.0,1.1
2018,H,NC,House NC-13,Siena/NYT,,2018-10-03,2018-10-08,500,lv,41.01,46.88,3.0
2018,H,NC,House NC-13,Siena/NYT,,2018-10-03,2018-10-08,500,rv,38.2,41.81,3.0
2018,H,NC,House NC-13,SurveyUSA,,2018-10-09,2018-10-12,533,lv,41.0,44.0,2.8
2018,H,NC,House NC-13,Change Research,D,2018-11-02,2018-11-04,567,lv,43.0,43.0,1.4
2018,H,ND,House ND-01,Axis Research,R,2018-05-13,2018-05-14,509,lv,28.0,48.0,
2018,H,ND,House ND-01,Mason-Dixon,,2018-06-13,2018-06-15,625,rv,35.0,46.0,2.6
2018,H,ND,House ND-01,Axis Research,R,2018-08-26,2018-08-28,506,lv,32.0,53.0,
2018,H,ND,House ND-01,Beacon/Shaw,,2018-09-08,2018-09-11,701,lv,34.0,48.0,2.8
2018,H,ND,House ND-01,Beacon/Shaw,,2018-09-08,2018-09-11,804,rv,32.0,47.0,2.8
2018,H,ND,House ND-01,Strategic Research Associates,,2018-09-17,2018-09-27,650,lv,31.0,55.0,1.8
2018,H,ND,House ND-01,Beacon/Shaw,,2018-09-29,2018-10-02,801,rv,33.0,49.0,2.8
2018,H,ND,House ND-01,Beacon/Shaw,,2018-09-29,2018-10-02,704,lv,34.0,51.0,2.8
2018,H,ND,House ND-01,Strategic Research Associates,,2018-10-12,2018-10-19,650,lv,35.0,56.0,1.8
2018,H,ND,House ND-01,Beacon/Shaw,,2018-10-27,2018-10-30,789,lv,33.0,55.0,2.8
2018,H,ND,House ND-01,Beacon/Shaw,,2018-10-27,2018-10-30,851,rv,32.0,52.0,2.8
2018,H,NE,House NE-01,Change Research,,2018-10-24,2018-10-25,742,lv,39.0,55.0,1.4
2018,H,NE,House NE-02,NRCC,,2018-05-16,2018-05-16,,rv,40.0,50.0,
2018,H,NE,House NE-02,Siena/NYT,,2018-09-23,2018-09-26,512,lv,41.67,50.85,3.0
2018,H,NE,House NE-02,Siena/NYT,,2018-09-23,2018-09-26,512,rv,39.08,49.24,3.0
2018,H,NE,House NE-02,Greenberg Quinlan Rosner,D,2018-09-27,2018-09-30,400,lv,45.0,49.0,2.0
2018,H,NE,House NE-02,Meeting Street Insights,R,2018-10-01,2018-10-02,400,rv,40.0,49.0,1.4
2018,H,NE,House NE-02,DFM Research,D,2018-10-23,2018-10-25,350,lv,45.0,52.0,1.3
2018,H,NH,House NH-01,ARG,,2018-09-21,2018-09-26,400,rv,55.0,33.0,2.3
2018,H,NH,House NH-01,OnMessage Inc.,R,2018-09-25,2018-09-27,400,lv,40.0,42.0,1.1
2018,H,NH,House NH-01,Emerson,,2018-10-10,2018-10-12,387,lv,40.3,34.9,2.9
2018,H,NH,House NH-01,St. Anselm,,2018-10-10,2018-10-15,234,lv,44.4,35.5,2.4
2018,H,NH,House NH-01,U. New Hampshire,,2018-10-10,2018-10-18,265,lv,46.0,37.0,2.6
2018,H,NH,House NH-01,Emerson,,2018-10-27,2018-10-29,570,lv,47.8,46.1,2.9
2018,H,NH,House NH-01,U. New Hampshire,,2018-11-01,2018-11-04,309,lv,53.0,40.0,2.6
2018,H,NH,House NH-02,ARG,,2018-09-21,2018-09-26,400,rv,54.0,27.0,2.3
2018,H,NH,House NH-02,Emerson,,2018-10-10,2018-10-12,401,lv,44.3,25.4,2.9
2018,H,NH,House NH-02,St. Anselm,,2018-10-10,2018-10-15,220,lv,49.4,22.3,2.4
2018,H,NH,House NH-02,U. New Hampshire,,2018-10-10,2018-10-18,234,lv,53.0,38.0,2.6
2018,H,NH,House NH-02,Emerson,,2018-10-27,2018-10-29,569,lv,52.4,39.7,2.9
2018,H,NH,House NH-02,U. New Hampshire,,2018-11-01,2018-11-04,321,lv,56.0,35.0,2.6
2018,H,NJ,House NJ-02,Stockton University,,2018-09-12,2018-09-18,535,lv,55.0,32.0,2.6
2018,H,NJ,House NJ-02,Stockton University,,2018-10-17,2018-10-23,597,lv,55.1,38.1,2.6
2018,H,NJ,House NJ-03,PPP,D,2018-02-14,2018-02-15,336,v,43.0,47.0,1.4
2018,H,NJ,House NJ-03,PPP,D,2018-04-16,2018-04-17,669,v,41.0,42.0,1.4
2018,H,NJ,House NJ-03,Greenberg Quinlan Rosner,D,2018-05-29,2018-06-03,550,lv,44.0,48.0,2.0
2018,H,NJ,House NJ-03,Global Strategy Group,D,2018-06-11,2018-06-21,400,lv,42.0,42.0,1.8
2018,H,NJ,House NJ-03,Monmouth,,2018-08-07,2018-08-09,401,v,40.0,41.0,2.9
2018,H,NJ,House NJ-03,Monmouth,,2018-08-07,2018-08-09,300,lv,45.0,44.0,2.9
2018,H,NJ,House NJ-03,Monmouth,,2018-08-07,2018-08-09,300,lv,46.0,43.0,2.9
2018,H,NJ,House NJ-03,DCCC Targeting Team,D,2018-09-04,2018-09-05,523,lv,47.0,45.0,1.1
2018,H,NJ,House NJ-03,Siena/NYT,,2018-09-22,2018-09-26,499,lv,49.13,38.68,3.0
2018,H,NJ,House NJ-03,Siena/NYT,,2018-09-22,2018-09-26,499,rv,52.01,32.9,3.0
2018,H,NJ,House NJ-03,National Research,R,2018-10-02,2018-10-04,400,lv,40.0,44.0,2.0
2018,H,NJ,House NJ-03,Stockton University,,2018-10-03,2018-10-10,546,lv,45.4,46.8,2.6
2018,H,NJ,House NJ-03,Monmouth,,2018-10-18,2018-10-22,363,lv,48.0,46.0,2.9
2018,H,NJ,House NJ-03,Monmouth,,2018-10-18,2018-10-22,363,lv,50.0,44.0,2.9
2018,H,NJ,House NJ-03,Monmouth,,2018-10-18,2018-10-22,363,lv,49.0,46.0,2.9
2018,H,NJ,House NJ-03,Siena/NYT,,2018-10-21,2018-10-25,508,lv,43.99,44.6,3.0
2018,H,NJ,House NJ-03,Siena/NYT,,2018-10-21,2018-10-25,508,rv,39.39,40.85,3.0
2018,H,NJ,House NJ-05,Tel Opinion Research,R,2018-08-09,2018-08-12,400,rv,36.0,39.0,1.1
2018,H,NJ,House NJ-05,McLaughlin,R,2018-10-13,2018-10-15,400,lv,47.0,38.0,0.5
2018,H,NJ,House NJ-07,Greenberg Quinlan Rosner,D,2018-06-20,2018-06-25,500,lv,47.0,45.0,2.0
2018,H,NJ,House NJ-07,Monmouth,,2018-09-13,2018-09-17,414,v,47.0,39.0,2.9
2018,H,NJ,House NJ-07,Monmouth,,2018-09-13,2018-09-17,365,lv,46.0,43.0,2.9
2018,H,NJ,House NJ-07,Monmouth,,2018-09-13,2018-09-17,365,lv,47.0,41.0,2.9
2018,H,NJ,House NJ-07,Siena/NYT,,2018-09-17,2018-09-21,504,lv,44.43,45.45,3.0
2018,H,NJ,House NJ-07,Siena/NYT,,2018-09-17,2018-09-21,504,rv,42.69,42.73,3.0
2018,H,NJ,House NJ-07,Monmouth,,2018-10-25,2018-10-29,356,lv,47.0,44.0,2.9
2018,H,NJ,House NJ-07,Monmouth,,2018-10-25,2018-10-29,356,lv,48.0,43.0,2.9
2018,H,NJ,House NJ-07,Monmouth,,2018-10-25,2018-10-29,356,lv,46.0,46.0,2.9
2018,H,NJ,House NJ-07,Siena/NYT,,2018-10-28,2018-10-31,503,lv,47.39,39.49,3.0
2018,H,NJ,House NJ-07,Siena/NYT,,2018-10-28,2018-10-31,503,rv,41.77,38.84,3.0
2018,H,NJ,House NJ-11,Monmouth,,2018-06-22,2018-06-25,406,v,40.0,38.0,2.9
2018,H,NJ,House NJ-11,Monmouth,,2018-06-22,2018-06-25,339,lv,44.0,39.5,2.9
2018,H,NJ,House NJ-11,Monmouth,,2018-06-22,2018-06-25,339,lv,45.0,39.0,2.9
2018,H,NJ,House NJ-11,National Research,R,2018-07-18,2018-07-22,400,lv,42.0,36.0,2.0
2018,H,NJ,House NJ-11,National Research,R,2018-09-24,2018-09-27,400,lv,46.0,43.0,2.0
2018,H,NJ,House NJ-11,Monmouth,,2018-10-03,2018-10-07,356,lv,48.0,44.0,2.9
2018,H,NJ,House NJ-11,Monmouth,,2018-10-03,2018-10-07,356,lv,50.0,43.0,2.9
2018,H,NJ,House NJ-11,Monmouth,,2018-10-03,2018-10-07,356,lv,48.0,45.0,2.9
2018,H,NJ,House NJ-11,Siena/NYT,,2018-10-13,2018-10-17,487,lv,48.81,38.38,3.0
2018,H,NJ,House NJ-11,Siena/NYT,,2018-10-13,2018-10-17,487,rv,45.24,33.12,3.0
2018,H,NM,House NM-01,Carroll Strategies,,2018-06-15,2018-06-16,419,lv,47.0,42.7,
2018,H,NM,House NM-01,Research & Polling,,2018-09-07,2018-09-13,410,lv,49.0,41.0,2.1
2018,H,NM,House NM-01,Emerson,,2018-10-24,2018-10-26,327,lv,51.4,41.4,2.9
2018,H,NM,House NM-01,Carroll Strategies,,2018-10-29,2018-10-29,452,lv,51.3,43.4,
2018,H,NM,House NM-01,Research & Polling,,2018-10-26,2018-11-01,419,lv,50.0,38.0,2.1
2018,H,NM,House NM-02,DCCC Targeting Team,D,2018-06-06,2018-06-11,456,rv,43.0,45.0,1.1
2018,H,NM,House NM-02,Carroll Strategies,,2018-06-15,2018-06-16,334,lv,34.7,48.5,
2018,H,NM,House NM-02,Research & Polling,,2018-09-07,2018-09-13,405,lv,41.0,48.0,2.1
2018,H,NM,House NM-02,Siena/NYT,,2018-09-13,2018-09-18,503,lv,45.56,44.83,3.0
2018,H,NM,House NM-02,Siena/NYT,,2018-09-13,2018-09-18,503,rv,44.77,42.25,3.0
2018,H,NM,House NM-02,Tarrance,R,2018-09-30,2018-10-02,400,lv,45.0,49.0,1.6
2018,H,NM,House NM-02,Siena/NYT,,2018-10-19,2018-10-23,522,lv,44.45,44.51,3.0
2018,H,NM,House NM-02,Siena/NYT,,2018-10-19,2018-10-23,522,rv,43.38,39.75,3.0
2018,H,NM,House NM-02,Emerson,,2018-10-24,2018-10-26,278,lv,47.2,46.8,2.9
2018,H,NM,House NM-02,Carroll Strategies,,2018-10-29,2018-10-29,338,lv,42.0,47.0,
2018,H,NM,House NM-02,Research & Polling,,2018-10-26,2018-11-01,413,lv,45.0,46.0,2.1
2018,H,NM,House NM-03,Carroll Strategies,,2018-06-15,2018-06-16,446,lv,58.1,30.0,
2018,H,NM,House NM-03,Emerson,,2018-10-24,2018-10-26,331,lv,54.2,37.2,2.9
2018,H,NM,House NM-03,Carroll Strategies,,2018-10-29,2018-10-29,410,lv,57.3,32.7,
2018,H,NV,House NV-01,Emerson,,2018-10-10,2018-10-12,121,lv,50.2,20.0,2.9
2018,H,NV,House NV-01,Emerson,,2018-11-01,2018-11-04,238,lv,58.3,28.3,2.9
2018,H,NV,House NV-02,Emerson,,2018-10-10,2018-10-12,169,lv,16.2,23.1,2.9
2018,H,NV,House NV-02,Emerson,,2018-11-01,2018-11-04,365,lv,36.9,57.5,2.9
2018,H,NV,House NV-03,Emerson,,2018-10-10,2018-10-12,178,lv,40.7,39.0,2.9
2018,H,NV,House NV-03,Emerson,,2018-11-01,2018-11-04,332,lv,50.6,41.4,2.9
2018,H,NV,House NV-04,DCCC Targeting Team,D,2018-01-05,2018-01-09,400,rv,42.0,37.0,1.1
2018,H,NV,House NV-04,Global Strategy Group,D,2018-07-17,2018-07-22,500,lv,42.0,32.0,1.8
2018,H,NV,House NV-04,Global Strategy Group,D,2018-07-17,2018-07-22,500,lv,49.0,40.0,1.8
2018,H,NV,House NV-04,Moore Information,R,2018-08-04,2018-08-07,400,lv,41.0,41.0,0.6
2018,H,NV,House NV-04,Moore Information,R,2018-10-03,2018-10-08,400,lv,37.0,41.0,0.6
2018,H,NV,House NV-04,Emerson,,2018-10-10,2018-10-12,157,lv,35.8,34.1,2.9
2018,H,NV,House NV-04,Emerson,,2018-11-01,2018-11-04,263,lv,48.0,44.2,2.9
2018,H,NY,House NY-01,Global Strategy Group,D,2018-09-11,2018-09-17,400,lv,44.0,47.0,1.8
2018,H,NY,House NY-01,Siena/NYT,,2018-10-04,2018-10-08,502,lv,41.08,49.16,3.0
2018,H,NY,House NY-01,Siena/NYT,,2018-10-04,2018-10-08,502,rv,37.05,46.93,3.0
2018,H,NY,House NY-01,GBAO,D,2018-10-08,2018-10-10,500,lv,46.2,49.5,1.2
2018,H,NY,House NY-01,Change Research,,2018-10-27,2018-10-29,838,lv,37.0,52.0,1.4
2018,H,NY,House NY-11,PPP,D,2018-09-04,2018-09-05,509,v,39.0,47.0,1.4
2018,H,NY,House NY-11,Siena/NYT,,2018-10-23,2018-10-27,495,lv,40.49,43.8,3.0
2018,H,NY,House NY-11,Siena/NYT,,2018-10-23,2018-10-27,495,rv,39.25,37.23,3.0
2018,H,NY,House NY-19,DCCC Targeting Team,D,2018-06-27,2018-06-28,545,lv,49.0,42.0,1.1
2018,H,NY,House NY-19,IMGE Insights,,2018-07-09,2018-07-12,400,rv,44.0,49.0,
2018,H,NY,House NY-19,Siena,,2018-08-20,2018-08-26,501,lv,40.0,45.0,2.7
2018,H,NY,House NY-19,Monmouth,,2018-09-06,2018-09-10,401,v,45.0,43.0,2.9
2018,H,NY,House NY-19,Monmouth,,2018-09-06,2018-09-10,327,lv,48.0,45.0,2.9
2018,H,NY,House NY-19,Monmouth,,2018-09-06,2018-09-10,327,lv,49.0,43.0,2.9
2018,H,NY,House NY-19,Siena,,2018-10-12,2018-10-16,500,lv,43.0,44.0,2.7
2018,H,NY,House NY-19,Monmouth,,2018-10-24,2018-10-28,372,lv,49.0,44.0,2.9
2018,H,NY,House NY-19,Monmouth,,2018-10-24,2018-10-28,372,lv,51.0,43.0,2.9
2018,H,NY,House NY-19,Monmouth,,2018-10-24,2018-10-28,372,lv,48.0,46.0,2.9
2018,H,NY,House NY-19,SurveyUSA,,2018-10-26,2018-10-29,609,lv,44.0,44.0,2.8
2018,H,NY,House NY-19,Siena/NYT,,2018-11-01,2018-11-04,505,lv,43.28,41.6,3.0
2018,H,NY,House NY-19,Siena/NYT,,2018-11-01,2018-11-04,505,rv,39.44,38.45,3.0
2018,H,NY,House NY-22,DCCC Targeting Team,D,2017-10-10,2017-10-10,561,lv,45.0,43.0,1.1
2018,H,NY,House NY-22,PPP,D,2017-11-09,2017-11-10,599,v,47.0,41.0,1.4
2018,H,NY,House NY-22,Greenberg Quinlan Rosner,D,2018-03-08,2018-03-12,500,lv,50.0,44.0,2.0
2018,H,NY,House NY-22,Zogby,,2018-04-23,2018-04-27,358,lv,55.0,45.0,1.2
2018,H,NY,House NY-22,Siena,,2018-08-20,2018-08-26,499,lv,46.0,44.0,2.7
2018,H,NY,House NY-22,The Polling Company Inc./WomanTrend,R,2018-10-12,2018-10-13,400,lv,42.0,50.0,
2018,H,NY,House NY-22,Siena,,2018-10-15,2018-10-18,501,lv,46.0,45.0,2.7
2018,H,NY,House NY-22,Siena/NYT,,2018-11-01,2018-11-04,506,lv,44.95,45.88,3.0
2018,H,NY,House NY-22,Siena/NYT,,2018-11-01,2018-11-04,506,rv,40.09,45.94,3.0
2018,H,NY,House NY-23,Change Research,D,2018-10-23,2018-10-24,510,lv,47.0,49.0,1.4
2018,H,NY,House NY-24,PPP,D,2018-07-26,2018-07-27,785,v,47.0,43.0,1.4
2018,H,NY,House NY-24,Siena,,2018-08-20,2018-08-23,513,lv,39.0,54.0,2.7
2018,H,NY,House NY-24,Siena,,2018-10-18,2018-10-22,500,lv,39.0,53.0,2.7
2018,H,NY,House NY-25,Siena,,2018-08-15,2018-08-19,500,lv,55.0,31.0,2.7
2018,H,NY,House NY-25,Siena,,2018-10-04,2018-10-08,465,lv,53.0,36.0,2.7
2018,H,NY,House NY-25,Dixie Strategies,,2018-10-29,2018-10-30,843,lv,48.64,39.5,
2018,H,NY,House NY-27,Tulchin Research,D,2018-10-06,2018-10-08,400,lv,42.0,42.0,0.9
2018,H,NY,House NY-27,Siena,,2018-10-06,2018-10-11,490,lv,43.0,46.0,2.7
2018,H,NY,House NY-27,Tulchin Research,D,2018-10-25,2018-10-28,400,lv,47.0,43.0,0.9
2018,H,NY,House NY-27,Siena/NYT,,2018-10-24,2018-10-29,501,lv,39.87,44.26,3.0
2018,H,NY,House NY-27,Siena/NYT,,2018-10-24,2018-10-29,501,rv,41.15,42.06,3.0
2018,H,NY,House NY-27,Dixie Strategies,,2018-10-29,2018-10-30,801,lv,38.08,45.32,
2018,H,OH,House OH-01,GBAO,D,2018-01-11,2018-01-16,400,lv,44.0,51.0,1.2
2018,H,OH,House OH-01,PPP,D,2018-04-16,2018-04-17,662,v,42.0,43.0,1.4
2018,H,OH,House OH-01,GBAO,D,2018-06-28,2018-07-01,500,lv,47.0,49.0,1.2
2018,H,OH,House OH-01,GBAO,D,2018-08-23,2018-08-26,500,lv,45.0,45.0,1.2
2018,H,OH,House OH-01,GBAO,D,2018-09-11,2018-09-13,500,lv,46.0,44.0,1.2
2018,H,OH,House OH-01,American Viewpoint,R,2018-09-18,2018-09-20,400,lv,39.0,46.0,1.2
2018,H,OH,House OH-01,Siena/NYT,,2018-09-27,2018-10-01,503,lv,40.82,50.13,3.0
2018,H,OH,House OH-01,Siena/NYT,,2018-09-27,2018-10-01,503,rv,42.14,46.94,3.0
2018,H,OH,House OH-01,Siena/NYT,,2018-10-20,2018-10-24,492,lv,40.82,49.5,3.0
2018,H,OH,House OH-01,Siena/NYT,,2018-10-20,2018-10-24,492,rv,40.8,43.59,3.0
2018,H,OH,House OH-01,Change Research,D,2018-11-02,2018-11-04,457,lv,44.0,47.0,1.4
2018,H,OH,House OH-02,Change Research,,2018-10-27,2018-10-29,431,lv,39.0,52.0,1.4
2018,H,OH,House OH-04,Change Research,,2018-11-02,2018-11-04,350,lv,36.0,60.0,1.4
2018,H,OH,House OH-07,Mellman,D,2018-10-03,2018-10-06,400,lv,38.0,45.0,1.2
2018,H,OH,House OH-07,Change Research,D,2018-10-25,2018-10-26,682,lv,43.0,49.0,1.4
2018,H,OH,House OH-07,Øptimus,,2018-10-31,2018-11-01,800,lv,36.34,54.59,
2018,H,OH,House OH-12,PPP,D,2018-05-10,2018-05-11,625,lv,43.0,45.0,1.4
2018,H,OH,House OH-12,Monmouth,,2018-06-07,2018-06-10,501,v,33.0,43.0,2.9
2018,H,OH,House OH-12,Monmouth,,2018-06-07,2018-06-10,371,lv,39.0,48.0,2.9
2018,H,OH,House OH-12,Monmouth,,2018-06-07,2018-06-10,371,lv,39.0,46.0,2.9
2018,H,OH,House OH-12,Monmouth,,2018-06-07,2018-06-10,263,lv,35.0,50.0,2.9
2018,H,OH,House OH-12,JMC Analytics,,2018-06-13,2018-06-16,500,lv,35.0,46.0,1.8
2018,H,OH,House OH-12,PPP,D,2018-07-27,2018-07-29,617,v,44.0,48.0,1.4
2018,H,OH,House OH-12,Monmouth,,2018-07-26,2018-07-31,512,v,43.0,44.0,2.9
2018,H,OH,House OH-12,Monmouth,,2018-07-26,2018-07-31,344,lv,44.0,49.0,2.9
2018,H,OH,House OH-12,Monmouth,,2018-07-26,2018-07-31,423,lv,45.0,46.0,2.9
2018,H,OH,House OH-12,Monmouth,,2018-07-26,2018-07-31,423,lv,46.0,45.0,2.9
2018,H,OH,House OH-12,Emerson,,2018-08-02,2018-08-04,431,lv,47.0,46.0,2.9
2018,H,OH,House OH-12,GBAO,D,2018-09-04,2018-09-06,500,lv,46.0,47.0,1.2
2018,H,OH,House OH-12,Clarity,D,2018-10-11,2018-10-13,639,lv,46.0,48.0,1.6
2018,H,OH,House OH-12,GBAO,D,2018-10-20,2018-10-22,570,lv,47.0,47.0,1.2
2018,H,OK,House OK-01,SoonerPoll.com,,2018-09-15,2018-09-25,306,lv,31.9,54.0,1.8
2018,H,OK,House OK-02,SoonerPoll.com,,2018-09-15,2018-09-25,245,lv,32.2,46.0,1.8
2018,H,OK,House OK-03,SoonerPoll.com,,2018-09-15,2018-09-25,267,lv,24.1,54.0,1.8
2018,H,OK,House OK-04,SoonerPoll.com,,2018-09-15,2018-09-25,291,lv,24.7,58.0,1.8
2018,H,OK,House OK-05,VCreek/AMG,R,2018-09-04,2018-09-06,1182,lv,35.0,49.0,1.1
2018,H,OK,House OK-05,VCreek/AMG,R,2018-09-24,2018-09-25,1407,lv,37.0,50.0,1.1
2018,H,OK,House OK-05,SoonerPoll.com,,2018-09-15,2018-09-25,303,lv,37.2,47.2,1.8
2018,H,OK,House OK-05,VCreek/AMG,R,2018-10-14,2018-10-15,974,lv,35.0,51.0,1.1
2018,H,OK,House OK-05,SoonerPoll.com,,2018-10-29,2018-10-29,440,lv,37.1,48.6,1.8
2018,H,OR,House OR-02,Patinkin Research Strategies,D,2018-10-11,2018-10-12,400,lv,40.0,49.0,1.3
2018,H,OR,House OR-05,Gravis Marketing (2020 and earlier),R,2018-10-08,2018-10-08,359,lv,33.0,56.0,2.0
2018,H,PA,House PA-01,DCCC Targeting Team,D,2018-05-12,2018-05-14,540,lv,46.0,48.0,1.1
2018,H,PA,House PA-01,Monmouth,,2018-05-31,2018-06-03,451,v,42.0,49.0,2.9
2018,H,PA,House PA-01,Monmouth,,2018-05-31,2018-06-03,254,lv,47.0,48.0,2.9
2018,H,PA,House PA-01,Monmouth,,2018-05-31,2018-06-03,254,lv,48.0,47.0,2.9
2018,H,PA,House PA-01,Monmouth,,2018-09-27,2018-10-01,353,lv,46.0,50.0,2.9
2018,H,PA,House PA-01,Monmouth,,2018-09-27,2018-10-01,353,lv,48.0,49.0,2.9
2018,H,PA,House PA-01,Monmouth,,2018-09-27,2018-10-01,353,lv,45.0,52.0,2.9
2018,H,PA,House PA-01,Public Opinion Strategies,R,2018-10-02,2018-10-04,400,lv,42.0,50.0,1.6
2018,H,PA,House PA-01,Siena/NYT,,2018-10-11,2018-10-14,570,lv,49.68,42.53,3.0
2018,H,PA,House PA-01,Siena/NYT,,2018-10-11,2018-10-14,570,rv,47.72,41.81,3.0
2018,H,PA,House PA-01,Siena/NYT,,2018-10-26,2018-10-29,502,lv,45.98,47.31,3.0
2018,H,PA,House PA-01,Siena/NYT,,2018-10-26,2018-10-29,502,rv,40.97,47.96,3.0
2018,H,PA,House PA-07,Muhlenberg,,2018-04-24,2018-05-03,408,rv,42.0,31.0,2.8
2018,H,PA,House PA-07,Monmouth,,2018-09-05,2018-09-09,401,v,46.0,40.0,2.9
2018,H,PA,House PA-07,Monmouth,,2018-09-05,2018-09-09,299,lv,47.0,45.0,2.9
2018,H,PA,House PA-07,Monmouth,,2018-09-05,2018-09-09,299,lv,48.0,44.0,2.9
2018,H,PA,House PA-07,Siena/NYT,,2018-09-21,2018-09-25,539,lv,50.18,41.67,3.0
2018,H,PA,House PA-07,Siena/NYT,,2018-09-21,2018-09-25,539,rv,52.4,38.65,3.0
2018,H,PA,House PA-07,Muhlenberg,,2018-10-14,2018-10-18,411,lv,48.0,41.0,2.8
2018,H,PA,House PA-07,DeSales University,,2018-09-28,2018-10-28,1084,rv,45.6,33.5,
2018,H,PA,House PA-07,DeSales University,,2018-09-28,2018-10-28,809,lv,48.7,37.6,
2018,H,PA,House PA-08,Siena/NYT,,2018-10-16,2018-10-19,506,lv,52.38,39.78,3.0
2018,H,PA,House PA-08,Siena/NYT,,2018-10-16,2018-10-19,506,rv,51.32,35.05,3.0
2018,H,PA,House PA-08,Susquehanna,,2018-10-28,2018-10-29,446,lv,57.0,40.0,2.3
2018,H,PA,House PA-09,Susquehanna,,2018-10-23,2018-10-25,271,lv,36.0,57.0,2.3
2018,H,PA,House PA-10,PPP,D,2018-06-08,2018-06-10,654,lv,41.0,45.0,1.4
2018,H,PA,House PA-10,Susquehanna,,2018-10-19,2018-10-21,366,lv,46.0,49.0,2.3
2018,H,PA,House PA-10,Siena/NYT,,2018-10-23,2018-10-26,498,lv,43.03,44.6,3.0
2018,H,PA,House PA-10,Siena/NYT,,2018-10-23,2018-10-26,498,rv,41.64,42.49,3.0
2018,H,PA,House PA-11,PPP,D,2018-09-12,2018-09-13,552,v,35.0,44.0,1.4
2018,H,PA,House PA-11,Susquehanna,,2018-10-21,2018-10-22,311,lv,46.0,50.0,2.3
2018,H,PA,House PA-13,Susquehanna,,2018-10-25,2018-10-26,303,lv,36.0,57.0,2.3
2018,H,PA,House PA-16,PPP,D,2018-05-21,2018-05-22,623,rv,43.0,48.0,1.4
2018,H,PA,House PA-16,"Normington, Petts & Associates",D,2018-06-05,2018-06-07,400,lv,44.0,50.0,0.7
2018,H,PA,House PA-16,Siena/NYT,,2018-10-05,2018-10-08,532,lv,41.79,50.39,3.0
2018,H,PA,House PA-16,Siena/NYT,,2018-10-05,2018-10-08,532,rv,37.34,51.21,3.0
2018,H,PA,House PA-16,DCCC Targeting Team,D,2018-10-09,2018-10-10,548,lv,46.0,49.0,1.1
2018,H,PA,House PA-16,Susquehanna,,2018-10-29,2018-10-30,405,lv,51.0,47.0,2.3
2018,H,PA,House PA-17,Monmouth,,2018-07-19,2018-07-22,401,v,51.0,39.0,2.9
2018,H,PA,House PA-17,Monmouth,,2018-07-19,2018-07-22,355,lv,53.0,39.5,2.9
2018,H,PA,House PA-17,Monmouth,,2018-07-19,2018-07-22,355,lv,54.0,39.0,2.9
2018,H,PA,House PA-17,Monmouth,,2018-10-05,2018-10-08,354,lv,54.0,42.0,2.9
2018,H,PA,House PA-17,Monmouth,,2018-10-05,2018-10-08,354,lv,55.0,41.0,2.9
2018,H,PA,House PA-17,Monmouth,,2018-10-05,2018-10-08,354,lv,54.0,42.0,2.9
2018,H,PA,House PA-18,Gravis Marketing (2020 and earlier),,2018-01-03,2018-01-05,513,lv,34.0,46.0,2.0
2018,H,PA,House PA-18,DFM Research,D,2018-01-18,2018-01-19,384,rv,38.0,41.0,1.3
2018,H,PA,House PA-18,Gravis Marketing (2020 and earlier),,2018-02-13,2018-02-15,602,lv,40.0,45.0,2.0
2018,H,PA,House PA-18,Monmouth,,2018-02-12,2018-02-15,320,lv,45.0,49.0,2.9
2018,H,PA,House PA-18,Blumenthal Research Daily,,2018-02-27,2018-03-01,830,lv,47.0,46.0,
2018,H,PA,House PA-18,KG Polling,,2018-02-27,2018-03-01,830,lv,47.0,46.0,
2018,H,PA,House PA-18,Emerson,,2018-03-01,2018-03-03,474,rv,48.0,45.0,2.9
2018,H,PA,House PA-18,Gravis Marketing (2020 and earlier),,2018-03-01,2018-03-05,911,lv,42.0,45.0,2.0
2018,H,PA,House PA-18,RABA Research,,2018-03-06,2018-03-08,707,lv,48.0,44.0,1.3
2018,H,PA,House PA-18,KG Polling,,2018-03-02,2018-03-08,650,lv,49.0,45.0,
2018,H,PA,House PA-18,Monmouth,,2018-03-08,2018-03-11,372,lv,51.0,45.0,2.9
2018,H,PA,House PA-18,Monmouth,,2018-03-08,2018-03-11,394,lv,51.0,44.0,2.9
2018,H,PA,House PA-18,Monmouth,,2018-03-08,2018-03-11,372,lv,49.0,47.0,2.9
2018,H,SC,House SC-01,PPP,D,2018-08-30,2018-08-31,628,v,42.0,49.0,1.4
2018,H,SD,House SD-01,PPP,D,2018-07-19,2018-07-20,641,rv,33.0,43.0,1.4
2018,H,SD,House SD-01,Public Opinion Strategies,R,2018-08-01,2018-08-05,400,lv,33.0,54.0,1.6
2018,H,SD,House SD-01,Mason-Dixon,,2018-10-18,2018-10-22,500,lv,31.0,54.0,2.6
2018,H,SD,House SD-01,Change Research,,2018-11-02,2018-11-04,851,lv,41.0,51.0,1.4
2018,H,SD,House SD-01,Emerson,,2018-11-01,2018-11-04,514,lv,37.9,54.0,2.9
2018,H,TX,House TX-06,PPP,D,2018-07-27,2018-07-28,576,v,39.0,48.0,1.4
2018,H,TX,House TX-07,DCCC Targeting Team,D,2018-05-23,2018-05-31,404,lv,45.0,47.0,1.1
2018,H,TX,House TX-07,PPP,D,2018-09-17,2018-09-18,562,v,47.0,45.0,1.4
2018,H,TX,House TX-07,Siena/NYT,,2018-09-14,2018-09-18,500,lv,44.9,48.34,3.0
2018,H,TX,House TX-07,Siena/NYT,,2018-09-14,2018-09-18,500,rv,47.13,42.16,3.0
2018,H,TX,House TX-07,Siena/NYT,,2018-10-19,2018-10-25,499,lv,44.83,45.7,3.0
2018,H,TX,House TX-07,Siena/NYT,,2018-10-19,2018-10-25,499,rv,41.03,43.03,3.0
2018,H,TX,House TX-10,Blink Insights,D,2018-07-31,2018-08-04,524,rv,36.0,39.0,
2018,H,TX,House TX-12,PPP,D,2018-09-27,2018-09-28,590,v,30.0,62.0,1.4
2018,H,TX,House TX-17,Change Research,D,2018-08-30,2018-09-01,961,rv,38.3,54.3,1.4
2018,H,TX,House TX-21,Change Research,D,2018-07-05,2018-07-09,672,rv,26.8,32.9,1.4
2018,H,TX,House TX-21,WPAi,R,2018-10-17,2018-10-20,401,lv,38.0,50.0,1.7
2018,H,TX,House TX-23,Siena/NYT,,2018-09-10,2018-09-11,495,lv,43.0,51.0,3.0
2018,H,TX,House TX-23,Siena/NYT,,2018-09-10,2018-09-11,495,rv,41.13,48.2,3.0
2018,H,TX,House TX-23,GS Strategy Group,R,2018-10-02,2018-10-04,400,lv,30.0,55.0,1.3
2018,H,TX,House TX-23,Siena/NYT,,2018-10-13,2018-10-18,488,lv,37.6,53.05,3.0
2018,H,TX,House TX-23,Siena/NYT,,2018-10-13,2018-10-18,488,rv,41.35,44.94,3.0
2018,H,TX,House TX-31,PPP,D,2017-11-28,2017-11-29,613,v,40.0,46.0,1.4
2018,H,TX,House TX-31,Anzalone Liszt Grove,D,2018-09-16,2018-09-20,500,lv,42.0,46.0,1.5
2018,H,TX,House TX-31,Tarrance,R,2018-09-22,2018-09-25,400,lv,33.0,54.0,1.6
2018,H,TX,House TX-31,Siena/NYT,,2018-10-01,2018-10-05,490,lv,38.06,52.75,3.0
2018,H,TX,House TX-31,Siena/NYT,,2018-10-01,2018-10-05,490,rv,35.42,51.23,3.0
2018,H,TX,House TX-32,GBAO,D,2018-07-30,2018-08-01,500,lv,45.0,47.0,1.2
2018,H,TX,House TX-32,PPP,D,2018-09-17,2018-09-18,555,v,47.0,42.0,1.4
2018,H,TX,House TX-32,GBAO,D,2018-09-20,2018-09-23,600,lv,47.0,46.0,1.2
2018,H,TX,House TX-32,GBAO,D,2018-09-20,2018-09-23,600,lv,50.0,47.0,1.2
2018,H,TX,House TX-32,Siena/NYT,,2018-09-19,2018-09-24,500,lv,46.58,48.13,3.0
2018,H,TX,House TX-32,Siena/NYT,,2018-09-19,2018-09-24,500,rv,47.25,48.39,3.0
2018,H,TX,House TX-32,Siena/NYT,,2018-10-29,2018-11-04,477,lv,45.82,41.8,3.0
2018,H,TX,House TX-32,Siena/NYT,,2018-10-29,2018-11-04,477,rv,45.71,35.73,3.0
2018,H,UT,House UT-01,Lighthouse Research,,2018-08-11,2018-08-27,600,rv,15.8,51.0,
2018,H,UT,House UT-01,Dan Jones,,2018-08-22,2018-08-31,201,lv,22.0,59.0,1.9
2018,H,UT,House UT-01,University of Utah,,2018-10-03,2018-10-09,143,rv,20.0,52.0,
2018,H,UT,House UT-02,University of Utah,,2018-06-11,2018-06-18,147,rv,24.0,48.0,
2018,H,UT,House UT-02,Lighthouse Research,,2018-08-11,2018-08-27,600,rv,26.8,49.0,
2018,H,UT,House UT-02,Dan Jones,,2018-08-22,2018-08-31,202,lv,34.0,45.0,1.9
2018,H,UT,House UT-02,University of Utah,,2018-10-03,2018-10-17,401,rv,29.0,52.0,
2018,H,UT,House UT-03,Lighthouse Research,,2018-08-11,2018-08-27,600,rv,20.0,51.8,
2018,H,UT,House UT-03,Dan Jones,,2018-08-22,2018-08-31,188,lv,19.0,65.0,1.9
2018,H,UT,House UT-03,University of Utah,,2018-10-03,2018-10-09,143,rv,13.0,67.0,
2018,H,UT,House UT-04,Dan Jones,,2017-10-09,2017-10-18,402,rv,42.0,48.0,1.9
2018,H,UT,House UT-04,Dan Jones,,2018-01-15,2018-01-22,400,rv,42.0,47.0,1.9
2018,H,UT,House UT-04,Dan Jones,,2018-02-09,2018-02-21,404,rv,43.0,49.0,1.9
2018,H,UT,House UT-04,Mellman,D,2018-02-27,2018-03-04,400,lv,40.0,43.0,1.2
2018,H,UT,House UT-04,Dan Jones,,2018-05-15,2018-06-05,405,lv,43.0,47.0,1.9
2018,H,UT,House UT-04,University of Utah,,2018-06-11,2018-06-18,379,rv,39.0,45.0,
2018,H,UT,House UT-04,Mellman,D,2018-08-20,2018-08-23,400,lv,44.0,46.0,1.2
2018,H,UT,House UT-04,Lighthouse Research,,2018-08-11,2018-08-27,600,rv,38.3,47.5,
2018,H,UT,House UT-04,Dan Jones,,2018-08-22,2018-09-06,400,lv,46.0,49.0,1.9
2018,H,UT,House UT-04,Y2 Analytics,R,2018-09-06,2018-09-08,405,lv,42.0,51.0,1.1
2018,H,UT,House UT-04,Mellman,D,2018-10-07,2018-10-10,400,lv,47.0,46.0,1.2
2018,H,UT,House UT-04,University of Utah,,2018-10-03,2018-10-11,403,rv,46.0,46.0,
2018,H,UT,House UT-04,Dixie Strategies,,2018-10-25,2018-10-25,936,lv,49.51,43.05,
2018,H,UT,House UT-04,Siena/NYT,,2018-10-24,2018-10-26,526,lv,45.44,45.13,3.0
2018,H,UT,House UT-04,Siena/NYT,,2018-10-24,2018-10-26,526,rv,44.17,44.37,3.0
2018,H,VA,House VA-02,PPP,D,2018-04-16,2018-04-17,609,v,42.0,48.0,1.4
2018,H,VA,House VA-02,Garin Hart Yang,D,2018-06-26,2018-07-01,404,lv,44.0,48.0,1.0
2018,H,VA,House VA-02,Garin Hart Yang,D,2018-09-05,2018-09-08,404,lv,51.0,43.0,1.0
2018,H,VA,House VA-02,Change Research,,2018-09-26,2018-09-28,758,lv,45.5,46.0,1.4
2018,H,VA,House VA-02,Siena/NYT,,2018-09-26,2018-10-01,500,lv,41.05,48.71,3.0
2018,H,VA,House VA-02,Siena/NYT,,2018-09-26,2018-10-01,500,rv,36.47,47.69,3.0
2018,H,VA,House VA-02,Christopher Newport U.,,2018-10-03,2018-10-12,798,lv,43.0,50.0,2.8
2018,H,VA,House VA-02,Christopher Newport U.,,2018-10-03,2018-10-12,682,lv,44.0,50.0,2.8
2018,H,VA,House VA-02,Siena/NYT,,2018-10-18,2018-10-22,508,lv,42.36,45.12,3.0
2018,H,VA,House VA-02,Siena/NYT,,2018-10-18,2018-10-22,508,rv,45.04,39.54,3.0
2018,H,VA,House VA-02,Change Research,D,2018-11-02,2018-11-04,710,lv,47.0,47.0,1.4
2018,H,VA,House VA-05,Siena/NYT,,2018-10-16,2018-10-22,501,lv,45.62,44.59,3.0
2018,H,VA,House VA-05,Siena/NYT,,2018-10-16,2018-10-22,501,rv,44.12,42.5,3.0
2018,H,VA,House VA-07,Siena/NYT,,2018-09-09,2018-09-12,501,lv,43.4,47.22,3.0
2018,H,VA,House VA-07,Siena/NYT,,2018-09-09,2018-09-12,501,rv,38.84,45.71,3.0
2018,H,VA,House VA-07,"Normington, Petts & Associates",D,2018-09-18,2018-09-20,400,lv,47.0,47.0,0.7
2018,H,VA,House VA-07,Monmouth,,2018-09-15,2018-09-24,400,v,47.0,42.0,2.9
2018,H,VA,House VA-07,Monmouth,,2018-09-15,2018-09-24,329,lv,47.0,47.0,2.9
2018,H,VA,House VA-07,Monmouth,,2018-09-15,2018-09-24,329,lv,48.0,45.0,2.9
2018,H,VA,House VA-07,Christopher Newport U.,,2018-10-18,2018-10-27,871,lv,46.0,45.0,2.8
2018,H,VA,House VA-07,Christopher Newport U.,,2018-10-18,2018-10-27,790,lv,48.0,45.0,2.8
2018,H,VA,House VA-07,Siena/NYT,,2018-10-30,2018-11-04,500,lv,43.98,45.79,3.0
2018,H,VA,House VA-07,Siena/NYT,,2018-10-30,2018-11-04,500,rv,42.57,40.65,3.0
2018,H,VA,House VA-09,Thirty-Ninth Street Strategies,D,2018-06-24,2018-06-28,400,lv,41.0,48.0,1.4
2018,H,VA,House VA-10,DCCC Targeting Team,D,2018-03-20,2018-03-21,400,rv,46.0,43.0,1.1
2018,H,VA,House VA-10,Monmouth,,2018-06-21,2018-06-24,400,v,49.0,39.0,2.9
2018,H,VA,House VA-10,Monmouth,,2018-06-21,2018-06-24,338,lv,50.0,40.5,2.9
2018,H,VA,House VA-10,Monmouth,,2018-06-21,2018-06-24,338,lv,51.0,40.0,2.9
2018,H,VA,House VA-10,Monmouth,,2018-06-21,2018-06-24,338,lv,51.0,42.0,2.9
2018,H,VA,House VA-10,Global Strategy Group,D,2018-08-23,2018-08-27,400,lv,50.0,43.0,1.8
2018,H,VA,House VA-10,Monmouth,,2018-09-26,2018-09-30,374,lv,50.0,46.0,2.9
2018,H,VA,House VA-10,Monmouth,,2018-09-26,2018-09-30,374,lv,50.0,44.0,2.9
2018,H,VA,House VA-10,Monmouth,,2018-09-26,2018-09-30,374,lv,52.0,43.0,2.9
2018,H,VA,House VA-10,Christopher Newport U.,,2018-09-23,2018-10-02,794,lv,51.0,44.0,2.8
2018,H,VA,House VA-10,Christopher Newport U.,,2018-09-23,2018-10-02,711,lv,53.0,42.0,2.8
2018,H,VA,House VA-10,Washington Post/George Mason University,,2018-09-19,2018-10-05,1087,rv,54.0,43.0,2.7
2018,H,VA,House VA-10,Washington Post/George Mason University,,2018-09-19,2018-10-05,866,lv,55.0,43.0,2.7
2018,H,VA,House VA-10,McLaughlin,R,2018-10-06,2018-10-08,400,lv,47.0,48.0,0.5
2018,H,VA,House VA-10,Global Strategy Group,D,2018-10-07,2018-10-09,400,lv,49.0,39.0,1.8
2018,H,VA,House VA-10,Siena/NYT,,2018-10-11,2018-10-15,484,lv,48.37,40.96,3.0
2018,H,VA,House VA-10,Siena/NYT,,2018-10-11,2018-10-15,484,rv,44.86,39.06,3.0
2018,H,VA,House VA-10,Washington Post/George Mason University,,2018-10-15,2018-10-21,430,lv,56.0,43.0,2.7
2018,H,VA,House VA-10,Washington Post/George Mason University,,2018-10-25,2018-10-28,446,lv,54.0,43.0,2.7
2018,H,VT,House VT-01,Braun,,2018-10-05,2018-10-14,495,lv,55.0,18.0,2.3
2018,H,VT,House VT-01,Gravis Marketing (2020 and earlier),,2018-10-30,2018-11-01,885,lv,66.0,28.0,2.0
2018,H,WA,House WA-03,Lake Research,D,2018-03-08,2018-03-12,400,lv,29.0,49.0,1.2
2018,H,WA,House WA-03,Lake Research,D,2018-06-14,2018-06-18,500,lv,37.0,42.0,1.2
2018,H,WA,House WA-03,Lake Research,D,2018-10-09,2018-10-11,400,lv,45.0,43.0,1.2
2018,H,WA,House WA-03,Siena/NYT,,2018-10-14,2018-10-19,497,lv,40.62,47.58,3.0
2018,H,WA,House WA-03,Siena/NYT,,2018-10-14,2018-10-19,497,rv,34.21,46.39,3.0
2018,H,WA,House WA-05,DCCC Targeting Team,D,2018-02-03,2018-02-03,414,lv,43.0,47.0,1.1
2018,H,WA,House WA-05,Elway,,2018-04-04,2018-04-07,403,rv,38.0,44.0,1.9
2018,H,WA,House WA-05,PPP,D,2018-04-16,2018-04-17,689,v,45.0,48.0,1.4
2018,H,WA,House WA-05,FM3 Research,D,2018-09-16,2018-09-20,521,lv,46.0,49.0,0.7
2018,H,WA,House WA-08,GBAO,D,2018-04-18,2018-04-22,300,lv,45.0,51.0,1.2
2018,H,WA,House WA-08,Siena/NYT,,2018-09-24,2018-09-26,505,lv,45.82,45.32,3.0
2018,H,WA,House WA-08,Siena/NYT,,2018-09-24,2018-09-26,505,rv,42.53,41.28,3.0
2018,H,WA,House WA-08,Elway,,2018-10-04,2018-10-09,400,rv,39.0,49.0,1.9
2018,H,WA,House WA-08,Siena/NYT,,2018-10-30,2018-11-04,477,lv,47.5,44.7,3.0
2018,H,WA,House WA-08,Siena/NYT,,2018-10-30,2018-11-04,477,rv,45.1,45.5,3.0
2018,H,WI,House WI-01,Global Strategy Group,D,2018-07-11,2018-07-15,401,lv,41.0,40.0,1.8
2018,H,WI,House WI-01,Global Strategy Group,D,2018-09-04,2018-09-08,400,lv,45.0,45.0,1.8
2018,H,WI,House WI-01,Siena/NYT,,2018-09-11,2018-09-13,500,lv,43.72,50.01,3.0
2018,H,WI,House WI-01,Siena/NYT,,2018-09-11,2018-09-13,500,rv,41.41,49.46,3.0
2018,H,WI,House WI-01,Change Research,D,2018-10-04,2018-10-05,501,lv,43.7,46.2,1.4
2018,H,WI,House WI-01,Change Research,D,2018-10-19,2018-10-21,551,lv,45.0,44.0,1.4
2018,H,WI,House WI-06,Change Research,,2018-10-27,2018-10-29,525,lv,48.0,50.0,1.4
2018,H,WI,House WI-06,JMC Analytics/Bold Blue Campaigns,,2018-10-29,2018-11-03,500,lv,33.0,61.0,
2018,H,WV,House WV-01,Monmouth,,2018-06-14,2018-06-19,87,v,22.0,68.0,2.9
2018,H,WV,House WV-01,Monmouth,,2018-06-14,2018-06-19,72,lv,24.0,72.0,2.9
2018,H,WV,House WV-01,Monmouth,,2018-06-14,2018-06-19,72,lv,24.0,72.0,2.9
2018,H,WV,House WV-01,Emerson,,2018-09-13,2018-09-15,275,rv,14.1,42.8,2.9
2018,H,WV,House WV-01,Emerson,,2018-10-28,2018-10-31,341,lv,32.0,57.4,2.9
2018,H,WV,House WV-02,Monmouth,,2018-06-14,2018-06-19,138,v,33.0,51.0,2.9
2018,H,WV,House WV-02,Monmouth,,2018-06-14,2018-06-19,112,lv,38.0,52.0,2.9
2018,H,WV,House WV-02,Monmouth,,2018-06-14,2018-06-19,112,lv,38.0,52.0,2.9
2018,H,WV,House WV-02,Emerson,,2018-09-13,2018-09-15,277,rv,23.6,32.3,2.9
2018,H,WV,House WV-02,Emerson,,2018-10-28,2018-10-31,344,lv,39.4,46.8,2.9
2018,H,WV,House WV-03,Monmouth,,2018-06-14,2018-06-19,428,v,43.0,41.0,2.9
2018,H,WV,House WV-03,Monmouth,,2018-06-14,2018-06-19,343,lv,47.0,41.0,2.9
2018,H,WV,House WV-03,Monmouth,,2018-06-14,2018-06-19,343,lv,48.0,39.0,2.9
2018,H,WV,House WV-03,Siena/NYT,,2018-09-08,2018-09-10,499,lv,40.0,48.0,3.0
2018,H,WV,House WV-03,Siena/NYT,,2018-09-08,2018-09-10,499,rv,36.57,47.6,3.0
2018,H,WV,House WV-03,Emerson,,2018-09-13,2018-09-15,274,rv,36.2,30.9,2.9
2018,H,WV,House WV-03,DCCC Targeting Team,D,2018-09-16,2018-09-16,540,lv,48.0,44.0,1.1
2018,H,WV,House WV-03,Monmouth,,2018-10-10,2018-10-14,350,lv,45.0,48.0,2.9
2018,H,WV,House WV-03,Monmouth,,2018-10-10,2018-10-14,350,lv,46.0,48.0,2.9
2018,H,WV,House WV-03,Monmouth,,2018-10-10,2018-10-14,350,lv,46.0,48.0,2.9
2018,H,WV,House WV-03,Siena/NYT,,2018-10-14,2018-10-18,490,lv,41.3,45.94,3.0
2018,H,WV,House WV-03,Siena/NYT,,2018-10-14,2018-10-18,490,rv,38.68,44.54,3.0
2018,H,WV,House WV-03,Emerson,,2018-10-28,2018-10-31,328,lv,44.5,52.1,2.9
2018,H,WY,House WY-01,Change Research,,2018-11-02,2018-11-04,858,lv,28.0,55.0,1.4
2018,S,AZ,Senate,Revily,,2017-10-28,2017-10-31,850,lv,33.26,29.25,1.4
2018,S,AZ,Senate,OH Predictive Insights / MBQF,,2017-11-09,2017-11-09,600,lv,46.0,45.0,2.4
2018,S,AZ,Senate,PPP,D,2018-03-15,2018-03-16,547,v,46.0,41.0,1.4
2018,S,AZ,Senate,OH Predictive Insights / MBQF,,2018-04-10,2018-04-11,600,lv,48.0,42.0,2.4
2018,S,AZ,Senate,SurveyMonkey,,2018-04-02,2018-04-23,1667,rv,51.0,42.0,2.0
2018,S,AZ,Senate,Marist College,,2018-06-17,2018-06-21,839,rv,49.0,38.0,2.9
2018,S,AZ,Senate,Emerson,,2018-06-21,2018-06-22,650,rv,40.0,31.8,2.9
2018,S,AZ,Senate,YouGov,,2018-06-19,2018-06-22,1001,rv,41.0,34.0,3.0
2018,S,AZ,Senate,YouGov,,2018-06-19,2018-06-22,869,lv,45.0,37.0,3.0
2018,S,AZ,Senate,Gravis Marketing (2020 and earlier),,2018-06-27,2018-07-02,925,lv,43.0,39.0,2.0
2018,S,AZ,Senate,SurveyMonkey,,2018-06-11,2018-07-02,1290,rv,48.0,44.0,2.0
2018,S,AZ,Senate,SurveyMonkey,,2018-06-11,2018-07-02,1215,lv,51.0,45.0,2.0
2018,S,AZ,Senate,SurveyMonkey,,2018-06-11,2018-07-02,1111,lv,51.0,46.0,2.0
2018,S,AZ,Senate,SurveyMonkey,,2018-06-11,2018-07-02,1140,lv,51.0,45.0,2.0
2018,S,AZ,Senate,SurveyMonkey,,2018-06-11,2018-07-02,1290,lv,49.0,47.0,2.0
2018,S,AZ,Senate,SurveyMonkey,,2018-06-11,2018-07-02,1290,lv,47.0,46.0,2.0
2018,S,AZ,Senate,OH Predictive Insights / MBQF,,2018-07-24,2018-07-25,600,lv,48.0,44.0,2.4
2018,S,AZ,Senate,OH Predictive Insights / MBQF,,2018-09-05,2018-09-06,597,lv,45.5,48.6,2.4
2018,S,AZ,Senate,Gravis Marketing (2020 and earlier),,2018-09-05,2018-09-07,882,lv,48.0,49.0,2.0
2018,S,AZ,Senate,Beacon/Shaw,,2018-09-08,2018-09-11,710,lv,47.0,44.0,2.8
2018,S,AZ,Senate,Beacon/Shaw,,2018-09-08,2018-09-11,801,rv,46.0,42.0,2.8
2018,S,AZ,Senate,TargetSmart,D,2018-09-08,2018-09-13,800,lv,51.0,46.0,2.0
2018,S,AZ,Senate,Ipsos,,2018-09-05,2018-09-14,1016,lv,46.9,44.3,2.8
2018,S,AZ,Senate,Ipsos,,2018-09-05,2018-09-14,2000,a,39.0,35.0,2.8
2018,S,AZ,Senate,CNN/SSRS,,2018-09-11,2018-09-15,761,lv,50.0,43.0,2.8
2018,S,AZ,Senate,CNN/SSRS,,2018-09-11,2018-09-15,854,rv,48.0,41.0,2.8
2018,S,AZ,Senate,Marist College,,2018-09-16,2018-09-20,763,rv,47.0,44.0,2.9
2018,S,AZ,Senate,Marist College,,2018-09-16,2018-09-20,763,rv,44.0,41.0,2.9
2018,S,AZ,Senate,Marist College,,2018-09-16,2018-09-20,564,lv,48.0,45.0,2.9
2018,S,AZ,Senate,Marist College,,2018-09-16,2018-09-20,564,lv,45.0,43.0,2.9
2018,S,AZ,Senate,Emerson,,2018-09-19,2018-09-21,650,rv,44.5,39.0,2.9
2018,S,AZ,Senate,Latino Decisions,,2018-09-10,2018-09-25,463,lv,47.0,41.0,
2018,S,AZ,Senate,Latino Decisions,,2018-09-10,2018-09-25,610,rv,43.0,37.0,
2018,S,AZ,Senate,Suffolk,,2018-09-27,2018-09-30,500,lv,44.6,41.6,2.9
2018,S,AZ,Senate,Vox Populi Polling,,2018-09-29,2018-10-01,702,lv,49.0,52.0,
2018,S,AZ,Senate,OH Predictive Insights / MBQF,,2018-10-01,2018-10-02,600,lv,41.0,47.0,2.4
2018,S,AZ,Senate,Beacon/Shaw,,2018-09-29,2018-10-02,716,lv,47.0,45.0,2.8
2018,S,AZ,Senate,Beacon/Shaw,,2018-09-29,2018-10-02,806,rv,45.0,44.0,2.8
2018,S,AZ,Senate,YouGov,,2018-10-02,2018-10-05,898,lv,47.0,44.0,3.0
2018,S,AZ,Senate,Change Research,D,2018-10-09,2018-10-10,783,lv,43.7,43.5,1.4
2018,S,AZ,Senate,Change Research,D,2018-10-09,2018-10-10,,,43.0,43.0,1.4
2018,S,AZ,Senate,Data Orbital,,2018-10-16,2018-10-17,600,lv,46.54,41.11,2.9
2018,S,AZ,Senate,Data Orbital,,2018-10-16,2018-10-17,600,lv,47.94,39.78,2.9
2018,S,AZ,Senate,Siena/NYT,,2018-10-15,2018-10-19,606,lv,45.86,47.65,3.0
2018,S,AZ,Senate,Siena/NYT,,2018-10-15,2018-10-19,606,rv,43.91,45.41,3.0
2018,S,AZ,Senate,OH Predictive Insights / MBQF,,2018-10-22,2018-10-23,600,lv,45.0,52.0,2.4
2018,S,AZ,Senate,YouGov,,2018-10-23,2018-10-26,972,lv,47.0,44.0,3.0
2018,S,AZ,Senate,Ipsos,,2018-10-17,2018-10-26,799,lv,46.0,48.0,2.8
2018,S,AZ,Senate,Ipsos,,2018-10-17,2018-10-26,2001,a,38.0,34.0,2.8
2018,S,AZ,Senate,Marist College,,2018-10-23,2018-10-27,506,lv,50.0,44.0,2.9
2018,S,AZ,Senate,Marist College,,2018-10-23,2018-10-27,793,rv,49.0,43.0,2.9
2018,S,AZ,Senate,Marist College,,2018-10-23,2018-10-27,506,lv,47.0,44.0,2.9
2018,S,AZ,Senate,Marist College,,2018-10-23,2018-10-27,793,rv,45.0,43.0,2.9
2018,S,AZ,Senate,HighGround,,2018-10-26,2018-10-28,400,lv,45.3,46.5,1.8
2018,S,AZ,Senate,Beacon/Shaw,,2018-10-27,2018-10-29,643,lv,46.0,46.0,2.8
2018,S,AZ,Senate,Beacon/Shaw,,2018-10-27,2018-10-29,710,rv,45.0,44.0,2.8
2018,S,AZ,Senate,CNN/SSRS,,2018-10-24,2018-10-29,867,rv,48.0,45.0,2.8
2018,S,AZ,Senate,CNN/SSRS,,2018-10-24,2018-10-29,702,lv,51.0,47.0,2.8
2018,S,AZ,Senate,Vox Populi Polling,,2018-10-27,2018-10-30,677,lv,52.0,48.0,
2018,S,AZ,Senate,HarrisX,,2018-10-24,2018-10-30,1400,lv,42.7,47.5,1.5
2018,S,AZ,Senate,HarrisX,,2018-10-29,2018-10-31,600,lv,41.5,48.5,1.5
2018,S,AZ,Senate,HarrisX,,2018-10-25,2018-10-31,1400,lv,43.0,48.0,1.5
2018,S,AZ,Senate,HarrisX,,2018-10-30,2018-11-01,600,lv,41.7,48.4,1.5
2018,S,AZ,Senate,Trafalgar Group,R,2018-10-30,2018-11-01,2166,lv,49.8,47.1,0.7
2018,S,AZ,Senate,HarrisX,,2018-10-26,2018-11-01,1400,lv,42.0,49.0,1.5
2018,S,AZ,Senate,HarrisX,,2018-10-31,2018-11-02,600,lv,43.5,49.1,1.5
2018,S,AZ,Senate,Gravis Marketing (2020 and earlier),,2018-10-24,2018-11-02,1165,lv,46.0,47.0,2.0
2018,S,AZ,Senate,OH Predictive Insights / MBQF,,2018-11-02,2018-11-03,631,lv,48.0,49.0,2.4
2018,S,AZ,Senate,HarrisX,,2018-11-01,2018-11-03,600,lv,45.6,47.7,1.5
2018,S,AZ,Senate,Emerson,,2018-11-01,2018-11-03,758,lv,48.5,47.8,2.9
2018,S,AZ,Senate,Research Co.,,2018-11-01,2018-11-03,450,rv,45.0,44.0,2.4
2018,S,AZ,Senate,HarrisX,,2018-11-02,2018-11-04,600,lv,47.3,46.4,1.5
2018,S,AZ,Senate,Trafalgar Group,R,2018-11-04,2018-11-05,1217,lv,45.3,47.4,0.7
2018,S,AZ,Senate,HarrisX,,2018-11-03,2018-11-05,600,lv,48.6,44.0,1.5
2018,S,CT,Senate,Quinnipiac,,2018-08-16,2018-08-21,1029,rv,59.0,31.0,2.8
2018,S,CT,Senate,Gravis Marketing (2020 and earlier),,2018-08-24,2018-08-27,606,lv,54.0,37.0,2.0
2018,S,CT,Senate,Quinnipiac,,2018-10-03,2018-10-08,767,lv,57.0,42.0,2.8
2018,S,CT,Senate,Quinnipiac,,2018-10-22,2018-10-28,1201,lv,56.0,41.0,2.8
2018,S,CT,Senate,Emerson,,2018-10-27,2018-10-29,780,lv,55.1,35.1,2.9
2018,S,CT,Senate,Gravis Marketing (2020 and earlier),,2018-10-30,2018-11-01,681,lv,58.0,35.0,2.0
2018,S,DE,Senate,Gravis Marketing (2020 and earlier),,2018-07-24,2018-07-29,884,lv,47.0,39.0,2.0
2018,S,DE,Senate,University of Delaware,,2018-09-11,2018-09-17,728,lv,61.0,24.0,
2018,S,DE,Senate,University of Delaware,,2018-09-11,2018-09-17,908,rv,60.0,22.0,
2018,S,FL,Senate,Saint Leo U.,,2017-11-19,2017-11-24,500,a,31.6,41.8,1.3
2018,S,FL,Senate,Gravis Marketing (2020 and earlier),,2017-12-19,2017-12-24,5778,rv,44.0,39.0,2.0
2018,S,FL,Senate,Dixie Strategies,,2018-01-09,2018-01-10,785,lv,37.86,35.09,
2018,S,FL,Senate,Mason-Dixon,,2018-01-30,2018-02-01,625,rv,45.0,44.0,2.6
2018,S,FL,Senate,Florida Atlantic University,,2018-02-01,2018-02-04,750,rv,34.0,44.0,2.0
2018,S,FL,Senate,U. North Florida,,2018-01-29,2018-02-04,429,lv,48.0,42.0,2.8
2018,S,FL,Senate,Gravis Marketing (2020 and earlier),,2018-02-01,2018-02-18,1978,rv,44.0,40.0,2.0
2018,S,FL,Senate,Saint Leo U.,,2018-02-18,2018-02-24,500,a,35.2,41.6,1.3
2018,S,FL,Senate,Florida Atlantic University,,2018-02-23,2018-02-25,800,rv,40.0,38.0,2.0
2018,S,FL,Senate,Quinnipiac,,2018-02-23,2018-02-26,1156,v,46.0,42.0,2.8
2018,S,FL,Senate,SurveyMonkey,,2018-02-12,2018-03-05,1806,rv,53.0,43.0,2.0
2018,S,FL,Senate,Clearview Research,,2018-03-01,2018-03-07,750,lv,41.3,43.3,0.8
2018,S,FL,Senate,McLaughlin,R,2018-03-10,2018-03-13,800,lv,46.0,47.0,0.5
2018,S,FL,Senate,Gravis Marketing (2020 and earlier),,2018-02-26,2018-03-19,2212,lv,44.0,40.0,2.0
2018,S,FL,Senate,PPP,D,2018-04-10,2018-04-11,661,v,50.0,44.0,1.4
2018,S,FL,Senate,Florida Atlantic University,,2018-05-04,2018-05-07,1000,rv,40.0,44.0,2.0
2018,S,FL,Senate,Florida Atlantic University,,2018-05-04,2018-05-07,728,lv,45.0,45.0,2.0
2018,S,FL,Senate,Morning Consult,,2018-05-29,2018-05-30,1199,v,39.0,40.0,1.9
2018,S,FL,Senate,Saint Leo U.,,2018-05-25,2018-05-31,506,a,34.4,39.5,1.3
2018,S,FL,Senate,Cherry Communications,R,2018-05-25,2018-06-04,605,lv,45.0,48.0,1.0
2018,S,FL,Senate,Gravis Marketing (2020 and earlier),,2018-05-31,2018-06-15,1251,lv,50.0,40.0,2.0
2018,S,FL,Senate,PPP,D,2018-06-18,2018-06-19,1308,v,48.0,46.0,1.4
2018,S,FL,Senate,Marist College,,2018-06-17,2018-06-21,947,rv,49.0,45.0,2.9
2018,S,FL,Senate,YouGov,,2018-06-19,2018-06-22,1002,rv,40.0,42.0,3.0
2018,S,FL,Senate,YouGov,,2018-06-19,2018-06-22,839,lv,41.0,46.0,3.0
2018,S,FL,Senate,SurveyMonkey,,2018-06-11,2018-07-02,1080,rv,46.0,49.0,2.0
2018,S,FL,Senate,SurveyMonkey,,2018-06-11,2018-07-02,971,lv,47.0,51.0,2.0
2018,S,FL,Senate,SurveyMonkey,,2018-06-11,2018-07-02,884,lv,46.0,52.0,2.0
2018,S,FL,Senate,SurveyMonkey,,2018-06-11,2018-07-02,937,lv,46.0,51.0,2.0
2018,S,FL,Senate,SurveyMonkey,,2018-06-11,2018-07-02,1080,lv,44.0,53.0,2.0
2018,S,FL,Senate,SurveyMonkey,,2018-06-11,2018-07-02,1080,lv,44.0,51.0,2.0
2018,S,FL,Senate,Gravis Marketing (2020 and earlier),,2018-07-13,2018-07-14,1840,lv,47.0,43.0,2.0
2018,S,FL,Senate,Florida Atlantic University,,2018-07-20,2018-07-21,800,rv,40.0,44.0,2.0
2018,S,FL,Senate,Mason-Dixon,,2018-07-24,2018-07-25,625,lv,44.0,47.0,2.6
2018,S,FL,Senate,Saint Leo U.,,2018-08-10,2018-08-16,500,a,35.8,40.4,1.3
2018,S,FL,Senate,Florida Atlantic University,,2018-08-16,2018-08-20,800,rv,39.0,45.0,2.0
2018,S,FL,Senate,PPP,D,2018-08-29,2018-08-30,743,v,46.0,45.0,1.4
2018,S,FL,Senate,St. Pete Polls,,2018-08-29,2018-08-30,1755,lv,47.4,47.3,2.4
2018,S,FL,Senate,Gravis Marketing (2020 and earlier),,2018-08-29,2018-08-30,1225,rv,47.0,47.0,2.0
2018,S,FL,Senate,Quinnipiac,,2018-08-30,2018-09-03,785,lv,49.0,49.0,2.8
2018,S,FL,Senate,SurveyUSA,,2018-09-07,2018-09-09,634,lv,44.0,46.0,2.8
2018,S,FL,Senate,Rasmussen,,2018-09-10,2018-09-11,800,lv,45.0,44.0,2.1
2018,S,FL,Senate,Ipsos,,2018-09-05,2018-09-12,1000,lv,44.6,46.0,2.8
2018,S,FL,Senate,Ipsos,,2018-09-05,2018-09-12,2015,a,36.0,38.0,2.8
2018,S,FL,Senate,Florida Atlantic University,,2018-09-13,2018-09-16,850,lv,41.0,42.0,2.0
2018,S,FL,Senate,U. North Florida,,2018-09-17,2018-09-19,603,lv,45.0,45.0,2.8
2018,S,FL,Senate,Marist College,,2018-09-16,2018-09-20,829,rv,48.0,43.0,2.9
2018,S,FL,Senate,Marist College,,2018-09-16,2018-09-20,600,lv,48.0,45.0,2.9
2018,S,FL,Senate,Quinnipiac,,2018-09-20,2018-09-24,888,lv,53.0,46.0,2.8
2018,S,FL,Senate,Cherry Communications,R,2018-09-19,2018-09-24,622,lv,48.0,46.0,1.0
2018,S,FL,Senate,Mason-Dixon,,2018-09-24,2018-09-27,815,lv,47.0,46.0,2.6
2018,S,FL,Senate,St. Pete Polls,,2018-09-29,2018-09-30,2313,lv,47.4,46.7,2.4
2018,S,FL,Senate,PPP,D,2018-09-28,2018-09-30,779,v,48.0,44.0,1.4
2018,S,FL,Senate,The Political Matrix/The Listener Group,,2018-09-27,2018-09-30,1037,lv,45.8,44.6,0.7
2018,S,FL,Senate,Strategic Research Associates,,2018-09-17,2018-09-30,800,lv,45.0,44.0,1.8
2018,S,FL,Senate,Kaiser Family Foundation,,2018-09-19,2018-10-02,522,rv,48.0,45.0,2.5
2018,S,FL,Senate,Florida Southern College,,2018-10-01,2018-10-05,476,lv,44.48,45.97,
2018,S,FL,Senate,St. Pete Polls,,2018-10-15,2018-10-16,1974,lv,47.2,48.6,2.4
2018,S,FL,Senate,OnMessage Inc.,R,2018-10-14,2018-10-18,2200,lv,46.0,51.0,1.1
2018,S,FL,Senate,Schroth Eldon & Associates,D,2018-10-17,2018-10-20,600,lv,45.0,47.0,1.6
2018,S,FL,Senate,CNN/SSRS,,2018-10-16,2018-10-20,872,rv,49.0,45.0,2.8
2018,S,FL,Senate,CNN/SSRS,,2018-10-16,2018-10-20,759,lv,50.0,45.0,2.8
2018,S,FL,Senate,St. Pete Polls,,2018-10-20,2018-10-21,1575,lv,48.3,48.6,2.4
2018,S,FL,Senate,SurveyUSA,,2018-10-18,2018-10-21,665,lv,49.0,41.0,2.8
2018,S,FL,Senate,Florida Atlantic University,,2018-10-18,2018-10-21,704,lv,40.6,42.3,2.0
2018,S,FL,Senate,Quinnipiac,,2018-10-17,2018-10-21,1161,lv,52.0,46.0,2.8
2018,S,FL,Senate,Saint Leo U.,,2018-10-16,2018-10-22,698,lv,46.6,38.4,1.3
2018,S,FL,Senate,Gravis Marketing (2020 and earlier),,2018-10-22,2018-10-23,773,lv,49.0,45.0,2.0
2018,S,FL,Senate,Strategic Research Associates,,2018-10-16,2018-10-23,800,lv,46.0,45.0,1.8
2018,S,FL,Senate,Ipsos,,2018-10-17,2018-10-25,1069,lv,49.0,44.0,2.8
2018,S,FL,Senate,Ipsos,,2018-10-17,2018-10-25,2000,a,41.0,39.0,2.8
2018,S,FL,Senate,YouGov,,2018-10-23,2018-10-26,991,lv,46.0,46.0,3.0
2018,S,FL,Senate,U. North Florida,,2018-10-23,2018-10-26,1051,lv,47.0,46.0,2.8
2018,S,FL,Senate,Siena/NYT,,2018-10-23,2018-10-27,737,lv,47.89,44.36,3.0
2018,S,FL,Senate,Siena/NYT,,2018-10-23,2018-10-27,737,rv,49.59,37.85,3.0
2018,S,FL,Senate,Suffolk,,2018-10-25,2018-10-28,500,lv,45.0,43.2,2.9
2018,S,FL,Senate,Cygnal,,2018-10-27,2018-10-29,495,lv,50.1,48.3,2.1
2018,S,FL,Senate,CNN/SSRS,,2018-10-24,2018-10-29,887,rv,46.0,46.0,2.8
2018,S,FL,Senate,CNN/SSRS,,2018-10-24,2018-10-29,781,lv,49.0,47.0,2.8
2018,S,FL,Senate,Trafalgar Group,R,2018-10-29,2018-10-30,2543,lv,49.4,47.2,0.7
2018,S,FL,Senate,The Political Matrix/The Listener Group,,2018-10-28,2018-10-30,1193,lv,47.3,46.9,0.7
2018,S,FL,Senate,Vox Populi Polling,,2018-10-27,2018-10-30,696,lv,50.0,50.0,
2018,S,FL,Senate,HarrisX,,2018-10-24,2018-10-30,1400,lv,43.4,44.3,1.5
2018,S,FL,Senate,St. Pete Polls,,2018-10-30,2018-10-31,2470,lv,49.3,47.4,2.4
2018,S,FL,Senate,HarrisX,,2018-10-29,2018-10-31,600,lv,45.0,48.2,1.5
2018,S,FL,Senate,Targoz Market Research,,2018-10-28,2018-10-31,558,lv,45.0,49.0,1.8
2018,S,FL,Senate,MWR Strategies,,2018-10-25,2018-10-31,1005,lv,40.5,42.8,
2018,S,FL,Senate,HarrisX,,2018-10-25,2018-10-31,1400,lv,46.0,47.0,1.5
2018,S,FL,Senate,HarrisX,,2018-10-30,2018-11-01,600,lv,44.6,49.6,1.5
2018,S,FL,Senate,HarrisX,,2018-10-26,2018-11-01,1400,lv,46.0,48.0,1.5
2018,S,FL,Senate,Change Research,D,2018-11-01,2018-11-02,1236,lv,50.0,48.0,1.4
2018,S,FL,Senate,St. Pete Polls,,2018-11-01,2018-11-02,2733,lv,47.5,49.1,2.4
2018,S,FL,Senate,HarrisX,,2018-10-31,2018-11-02,600,lv,45.5,48.1,1.5
2018,S,FL,Senate,Marist College,,2018-10-30,2018-11-02,595,lv,50.0,46.0,2.9
2018,S,FL,Senate,Marist College,,2018-10-30,2018-11-02,917,rv,50.0,45.0,2.9
2018,S,FL,Senate,Gravis Marketing (2020 and earlier),,2018-10-29,2018-11-02,753,lv,50.0,47.0,2.0
2018,S,FL,Senate,HarrisX,,2018-11-01,2018-11-03,600,lv,45.4,47.1,1.5
2018,S,FL,Senate,Emerson,,2018-11-01,2018-11-03,784,lv,49.9,44.9,2.9
2018,S,FL,Senate,Research Co.,,2018-11-01,2018-11-03,450,rv,47.0,46.0,2.4
2018,S,FL,Senate,St. Pete Polls,,2018-11-03,2018-11-04,3088,lv,49.9,46.2,2.4
2018,S,FL,Senate,HarrisX,,2018-11-02,2018-11-04,600,lv,45.2,49.1,1.5
2018,S,FL,Senate,Quinnipiac,,2018-10-29,2018-11-04,1142,lv,51.0,44.0,2.8
2018,S,FL,Senate,Trafalgar Group,R,2018-11-04,2018-11-05,1484,lv,47.3,49.0,0.7
2018,S,FL,Senate,HarrisX,,2018-11-03,2018-11-05,600,lv,47.6,48.2,1.5
2018,S,IN,Senate,Gravis Marketing (2020 and earlier),,2018-05-10,2018-05-15,400,lv,46.0,47.0,2.0
2018,S,IN,Senate,SurveyMonkey,,2018-06-11,2018-07-02,952,rv,47.0,49.0,2.0
2018,S,IN,Senate,SurveyMonkey,,2018-06-11,2018-07-02,832,lv,46.0,51.0,2.0
2018,S,IN,Senate,SurveyMonkey,,2018-06-11,2018-07-02,719,lv,48.0,49.0,2.0
2018,S,IN,Senate,SurveyMonkey,,2018-06-11,2018-07-02,796,lv,44.0,52.0,2.0
2018,S,IN,Senate,SurveyMonkey,,2018-06-11,2018-07-02,952,lv,46.0,51.0,2.0
2018,S,IN,Senate,SurveyMonkey,,2018-06-11,2018-07-02,952,lv,46.0,51.0,2.0
2018,S,IN,Senate,Trafalgar Group,R,2018-07-31,2018-08-07,1420,lv,50.7,38.6,0.7
2018,S,IN,Senate,Marist College,,2018-08-26,2018-08-29,816,rv,43.0,40.0,2.9
2018,S,IN,Senate,Marist College,,2018-08-26,2018-08-29,576,lv,44.0,41.0,2.9
2018,S,IN,Senate,Marist College,,2018-08-26,2018-08-29,816,rv,48.0,42.0,2.9
2018,S,IN,Senate,Marist College,,2018-08-26,2018-08-29,576,lv,49.0,43.0,2.9
2018,S,IN,Senate,Beacon/Shaw,,2018-09-08,2018-09-11,677,lv,43.0,45.0,2.8
2018,S,IN,Senate,Beacon/Shaw,,2018-09-08,2018-09-11,804,rv,42.0,41.0,2.8
2018,S,IN,Senate,Ipsos,,2018-09-12,2018-09-19,1181,lv,45.6,43.4,2.8
2018,S,IN,Senate,Ipsos,,2018-09-12,2018-09-19,2000,a,34.0,34.0,2.8
2018,S,IN,Senate,Beacon/Shaw,,2018-09-29,2018-10-02,695,lv,43.0,41.0,2.8
2018,S,IN,Senate,Beacon/Shaw,,2018-09-29,2018-10-02,806,rv,41.0,40.0,2.8
2018,S,IN,Senate,American Viewpoint,R,2018-09-30,2018-10-03,800,lv,39.0,43.0,1.2
2018,S,IN,Senate,American Viewpoint,R,2018-10-07,2018-10-10,800,lv,40.0,44.0,1.2
2018,S,IN,Senate,Vox Populi Polling,,2018-10-13,2018-10-15,783,lv,55.0,45.0,
2018,S,IN,Senate,Gravis Marketing (2020 and earlier),,2018-10-12,2018-10-16,377,lv,44.0,40.0,2.0
2018,S,IN,Senate,SurveyUSA,,2018-10-12,2018-10-16,816,lv,41.0,40.0,2.8
2018,S,IN,Senate,American Viewpoint,R,2018-10-14,2018-10-17,800,lv,40.0,44.0,1.2
2018,S,IN,Senate,Mason Strategies,,2018-10-15,2018-10-20,600,lv,43.0,47.0,1.9
2018,S,IN,Senate,YouGov,,2018-10-23,2018-10-26,975,lv,43.0,46.0,3.0
2018,S,IN,Senate,Cygnal,,2018-10-26,2018-10-27,505,lv,46.2,49.1,2.1
2018,S,IN,Senate,Marist College,,2018-10-24,2018-10-28,800,rv,43.0,40.0,2.9
2018,S,IN,Senate,Marist College,,2018-10-24,2018-10-28,496,lv,48.0,46.0,2.9
2018,S,IN,Senate,Marist College,,2018-10-24,2018-10-28,496,lv,45.0,42.0,2.9
2018,S,IN,Senate,Marist College,,2018-10-24,2018-10-28,800,rv,47.0,45.0,2.9
2018,S,IN,Senate,Beacon/Shaw,,2018-10-27,2018-10-30,722,lv,45.0,38.0,2.8
2018,S,IN,Senate,Beacon/Shaw,,2018-10-27,2018-10-30,852,rv,42.0,38.0,2.8
2018,S,IN,Senate,HarrisX,,2018-10-24,2018-10-30,1400,lv,41.6,42.1,1.5
2018,S,IN,Senate,HarrisX,,2018-10-29,2018-10-31,600,lv,39.5,43.1,1.5
2018,S,IN,Senate,HarrisX,,2018-10-25,2018-10-31,1400,lv,42.0,42.0,1.5
2018,S,IN,Senate,HarrisX,,2018-10-30,2018-11-01,600,lv,42.7,43.1,1.5
2018,S,IN,Senate,HarrisX,,2018-10-26,2018-11-01,1400,lv,40.0,42.0,1.5
2018,S,IN,Senate,HarrisX,,2018-10-31,2018-11-02,600,lv,44.4,42.0,1.5
2018,S,IN,Senate,HarrisX,,2018-11-01,2018-11-03,600,lv,42.6,42.4,1.5
2018,S,IN,Senate,HarrisX,,2018-11-02,2018-11-04,600,lv,43.3,40.5,1.5
2018,S,IN,Senate,HarrisX,,2018-11-03,2018-11-05,600,lv,41.8,42.9,1.5
2018,S,MA,Senate,MassINC Polling Group,,2017-06-19,2017-06-22,504,rv,60.0,29.0,2.8
2018,S,MA,Senate,MassINC Polling Group,,2017-11-09,2017-11-12,503,rv,58.0,32.0,2.8
2018,S,MA,Senate,MassINC Polling Group,,2018-03-16,2018-03-18,504,rv,55.0,20.0,2.8
2018,S,MA,Senate,MassINC Polling Group,,2018-05-22,2018-05-26,501,rv,54.0,19.0,2.8
2018,S,MA,Senate,Suffolk,,2018-06-08,2018-06-12,500,lv,55.2,32.8,2.9
2018,S,MA,Senate,Suffolk,,2018-09-13,2018-09-17,500,lv,53.8,24.4,2.9
2018,S,MA,Senate,MassINC Polling Group,,2018-09-17,2018-09-21,506,lv,56.0,30.0,2.8
2018,S,MA,Senate,U. Massachusetts - Lowell,,2018-10-01,2018-10-07,791,rv,56.0,28.0,2.9
2018,S,MA,Senate,U. Massachusetts - Lowell,,2018-10-01,2018-10-07,485,lv,56.0,31.0,2.9
2018,S,MA,Senate,Western New England University,,2018-10-10,2018-10-27,402,lv,57.0,27.0,2.5
2018,S,MA,Senate,Western New England University,,2018-10-10,2018-10-27,485,rv,54.0,27.0,2.5
2018,S,MA,Senate,MassINC Polling Group,,2018-10-25,2018-10-28,502,lv,54.0,32.0,2.8
2018,S,MA,Senate,Suffolk,,2018-10-24,2018-10-28,500,lv,55.6,34.4,2.9
2018,S,MD,Senate,Goucher College,,2018-09-11,2018-09-16,472,lv,56.0,17.0,
2018,S,MD,Senate,Gonzales Research & Media Services,,2018-10-01,2018-10-06,806,lv,49.4,21.5,1.2
2018,S,ME,Senate,Suffolk,,2018-08-02,2018-08-06,500,lv,8.8,25.0,2.9
2018,S,ME,Senate,Self-Made Insights,R,2018-09-27,2018-09-30,750,lv,8.0,36.0,1.4
2018,S,ME,Senate,Pan Atlantic Research,,2018-10-01,2018-10-07,500,lv,8.2,29.6,2.1
2018,S,ME,Senate,Digital Research,R,2018-10-08,2018-10-16,600,lv,7.0,27.0,1.4
2018,S,ME,Senate,Emerson,,2018-10-27,2018-10-29,883,lv,5.8,37.2,2.9
2018,S,MI,Senate,Glengariff Group Inc.,,2018-01-16,2018-01-19,600,lv,51.3,30.0,1.5
2018,S,MI,Senate,SurveyMonkey,,2018-06-11,2018-07-02,978,rv,54.0,42.0,2.0
2018,S,MI,Senate,SurveyMonkey,,2018-06-11,2018-07-02,896,lv,53.0,44.0,2.0
2018,S,MI,Senate,SurveyMonkey,,2018-06-11,2018-07-02,808,lv,54.0,43.0,2.0
2018,S,MI,Senate,SurveyMonkey,,2018-06-11,2018-07-02,843,lv,54.0,42.0,2.0
2018,S,MI,Senate,SurveyMonkey,,2018-06-11,2018-07-02,978,lv,53.0,42.0,2.0
2018,S,MI,Senate,SurveyMonkey,,2018-06-11,2018-07-02,978,lv,53.0,43.0,2.0
2018,S,MI,Senate,Marist College,,2018-07-15,2018-07-19,886,rv,55.0,37.0,2.9
2018,S,MI,Senate,Emerson,,2018-07-19,2018-07-21,600,lv,47.3,28.6,2.9
2018,S,MI,Senate,Strategic National,,2018-08-13,2018-08-14,700,lv,50.0,35.0,1.6
2018,S,MI,Senate,Tarrance,R,2018-08-11,2018-08-14,602,lv,49.0,38.0,1.6
2018,S,MI,Senate,Gravis Marketing (2020 and earlier),,2018-08-14,2018-08-16,647,lv,51.0,35.0,2.0
2018,S,MI,Senate,Glengariff Group Inc.,,2018-09-05,2018-09-07,600,lv,55.5,32.6,1.5
2018,S,MI,Senate,Strategic National,,2018-09-08,2018-09-09,1000,lv,53.0,35.0,1.6
2018,S,MI,Senate,Mitchell,,2018-09-12,2018-09-13,1009,lv,54.0,41.0,2.4
2018,S,MI,Senate,Target Insyght,,2018-09-10,2018-09-14,800,lv,55.0,40.0,1.0
2018,S,MI,Senate,Ipsos,,2018-09-14,2018-09-21,1150,lv,54.7,35.4,2.8
2018,S,MI,Senate,Ipsos,,2018-09-14,2018-09-21,2000,a,44.0,27.0,2.8
2018,S,MI,Senate,EPIC-MRA,,2018-09-21,2018-09-25,600,lv,56.0,33.0,1.9
2018,S,MI,Senate,Glengariff Group Inc.,,2018-09-30,2018-10-02,600,lv,52.7,34.7,1.5
2018,S,MI,Senate,Mitchell,R,2018-09-30,2018-10-07,654,lv,50.5,41.7,2.4
2018,S,MI,Senate,MRG (Marketing Resource Group),,2018-10-14,2018-10-18,600,lv,53.0,37.0,1.8
2018,S,MI,Senate,Tarrance,R,2018-10-20,2018-10-22,605,lv,48.0,41.0,1.6
2018,S,MI,Senate,Michigan State University,,2018-10-13,2018-10-22,169,a,49.0,42.0,2.5
2018,S,MI,Senate,EPIC-MRA,,2018-10-18,2018-10-23,600,lv,49.0,42.0,1.9
2018,S,MI,Senate,Target Insyght,,2018-10-22,2018-10-24,800,lv,53.0,43.0,1.0
2018,S,MI,Senate,Mitchell,,2018-10-25,2018-10-25,400,lv,52.0,46.0,2.4
2018,S,MI,Senate,Emerson,,2018-10-24,2018-10-26,822,lv,51.9,42.5,2.9
2018,S,MI,Senate,Glengariff Group Inc.,,2018-10-25,2018-10-27,600,lv,53.0,36.3,1.5
2018,S,MI,Senate,Gravis Marketing (2020 and earlier),,2018-10-29,2018-10-30,764,lv,54.0,41.0,2.0
2018,S,MI,Senate,Research Co.,,2018-11-01,2018-11-03,450,rv,52.0,36.0,2.4
2018,S,MI,Senate,Mitchell,,2018-11-04,2018-11-04,701,lv,53.0,46.0,2.4
2018,S,MI,Senate,Change Research,,2018-11-02,2018-11-04,880,lv,49.0,47.0,1.4
2018,S,MI,Senate,Mitchell,,2018-11-05,2018-11-05,827,lv,49.0,46.0,2.4
2018,S,MI,Senate,Trafalgar Group,R,2018-11-02,2018-11-05,1817,lv,52.8,43.8,0.7
2018,S,MN,Senate,BK Strategies,R,2018-06-24,2018-06-25,1574,lv,57.0,37.0,1.3
2018,S,MN,Senate,Emerson,,2018-08-08,2018-08-11,500,lv,50.2,25.9,2.9
2018,S,MN,Senate,Suffolk,,2018-08-17,2018-08-20,500,lv,53.6,33.6,2.9
2018,S,MN,Senate,SurveyUSA,,2018-09-06,2018-09-08,574,lv,53.0,38.0,2.8
2018,S,MN,Senate,Mason-Dixon,,2018-09-10,2018-09-12,800,lv,60.0,30.0,2.6
2018,S,MN,Senate,Marist College,,2018-09-30,2018-10-04,860,rv,59.0,32.0,2.9
2018,S,MN,Senate,Marist College,,2018-09-30,2018-10-04,637,lv,60.0,32.0,2.9
2018,S,MN,Senate,Marist College,,2018-09-30,2018-10-04,860,rv,62.0,33.0,2.9
2018,S,MN,Senate,Marist College,,2018-09-30,2018-10-04,637,lv,63.0,33.0,2.9
2018,S,MN,Senate,Change Research,,2018-10-12,2018-10-13,1413,lv,50.0,41.0,1.4
2018,S,MN,Senate,Mason-Dixon,,2018-10-15,2018-10-17,800,lv,56.0,33.0,2.6
2018,S,MN,Senate,St. Cloud State,,2018-10-15,2018-10-30,420,lv,54.0,28.0,1.4
2018,S,MN,Senate,SurveyUSA,,2018-10-29,2018-10-31,600,lv,57.0,34.0,2.8
2018,S,MN,Senate,Research Co.,,2018-11-01,2018-11-03,450,rv,53.0,33.0,2.4
2018,S,MN,Senate,Change Research,,2018-11-02,2018-11-04,953,lv,55.0,40.0,1.4
2018,S,MN,Senate Special,BK Strategies,R,2018-06-24,2018-06-25,1574,lv,48.0,39.0,1.3
2018,S,MN,Senate Special,Marist College,,2018-07-15,2018-07-19,876,rv,49.0,35.0,2.9
2018,S,MN,Senate Special,Emerson,,2018-08-08,2018-08-11,500,lv,31.5,27.5,2.9
2018,S,MN,Senate Special,Suffolk,,2018-08-17,2018-08-20,500,lv,43.8,36.6,2.9
2018,S,MN,Senate Special,SurveyUSA,,2018-09-06,2018-09-08,574,lv,48.0,39.0,2.8
2018,S,MN,Senate Special,Mason-Dixon,,2018-09-10,2018-09-12,800,lv,44.0,37.0,2.6
2018,S,MN,Senate Special,Marist College,,2018-09-30,2018-10-04,637,lv,54.0,38.0,2.9
2018,S,MN,Senate Special,Marist College,,2018-09-30,2018-10-04,860,rv,52.0,39.0,2.9
2018,S,MN,Senate Special,Change Research,,2018-10-12,2018-10-13,1413,lv,46.0,43.0,1.4
2018,S,MN,Senate Special,Mason-Dixon,,2018-10-15,2018-10-17,800,lv,47.0,41.0,2.6
2018,S,MN,Senate Special,St. Cloud State,,2018-10-15,2018-10-30,420,lv,44.0,29.0,1.4
2018,S,MN,Senate Special,SurveyUSA,,2018-10-29,2018-10-31,600,lv,48.0,40.0,2.8
2018,S,MN,Senate Special,Research Co.,,2018-11-01,2018-11-03,450,rv,49.0,39.0,2.4
2018,S,MN,Senate Special,Change Research,,2018-11-02,2018-11-04,953,lv,51.0,42.0,1.4
2018,S,MO,Senate,Remington,,2017-07-07,2017-07-08,928,lv,44.0,50.0,2.6
2018,S,MO,Senate,Fabrizio,R,2017-07-10,2017-07-11,500,lv,42.0,46.0,1.7
2018,S,MO,Senate,Remington,,2017-08-16,2017-08-18,922,lv,45.0,50.0,2.6
2018,S,MO,Senate,Remington,,2017-10-11,2017-10-12,965,lv,45.0,48.0,2.6
2018,S,MO,Senate,Remington,,2018-01-03,2018-01-04,1122,lv,45.0,49.0,2.6
2018,S,MO,Senate,PPP,D,2018-01-08,2018-01-09,965,v,45.0,44.0,1.4
2018,S,MO,Senate,SurveyMonkey,,2018-02-12,2018-03-05,1938,rv,44.0,52.0,2.0
2018,S,MO,Senate,Gravis Marketing (2020 and earlier),,2018-03-05,2018-03-07,931,rv,42.0,40.0,2.0
2018,S,MO,Senate,Mason-Dixon,,2018-04-04,2018-04-06,625,rv,45.0,44.0,2.6
2018,S,MO,Senate,Global Strategy Group,D,2018-04-09,2018-04-12,,,46.0,44.0,1.8
2018,S,MO,Senate,OnMessage Inc.,R,2018-04-16,2018-04-18,600,lv,46.0,47.0,1.1
2018,S,MO,Senate,TJP Strategies,,2018-04-18,2018-04-19,1542,lv,48.0,44.0,
2018,S,MO,Senate,Emerson,,2018-04-26,2018-04-29,600,lv,44.6,44.5,2.9
2018,S,MO,Senate,TJP Strategies,,2018-05-09,2018-05-10,898,lv,48.0,44.0,
2018,S,MO,Senate,Global Strategy Group,D,2018-06-11,2018-06-13,804,lv,47.0,41.0,1.8
2018,S,MO,Senate,SurveyMonkey,,2018-06-11,2018-07-02,1038,rv,49.0,47.0,2.0
2018,S,MO,Senate,SurveyMonkey,,2018-06-11,2018-07-02,967,lv,50.0,48.0,2.0
2018,S,MO,Senate,SurveyMonkey,,2018-06-11,2018-07-02,834,lv,52.0,47.0,2.0
2018,S,MO,Senate,SurveyMonkey,,2018-06-11,2018-07-02,890,lv,49.0,48.0,2.0
2018,S,MO,Senate,SurveyMonkey,,2018-06-11,2018-07-02,1038,lv,46.0,51.0,2.0
2018,S,MO,Senate,SurveyMonkey,,2018-06-11,2018-07-02,1038,lv,47.0,50.0,2.0
2018,S,MO,Senate,Remington,,2018-07-07,2018-07-08,1034,lv,46.0,48.0,2.6
2018,S,MO,Senate,WPAi,R,2018-07-10,2018-07-12,602,lv,42.0,43.0,1.7
2018,S,MO,Senate,TJP Strategies,,2018-08-08,2018-08-09,1785,lv,47.0,47.0,
2018,S,MO,Senate,WPAi,R,2018-08-12,2018-08-14,501,lv,41.0,48.0,1.7
2018,S,MO,Senate,Marist College,,2018-08-25,2018-08-28,568,lv,47.0,47.0,2.9
2018,S,MO,Senate,Marist College,,2018-08-25,2018-08-28,774,rv,46.0,47.0,2.9
2018,S,MO,Senate,Marist College,,2018-08-25,2018-08-28,568,lv,44.0,40.0,2.9
2018,S,MO,Senate,Marist College,,2018-08-25,2018-08-28,774,rv,43.0,39.0,2.9
2018,S,MO,Senate,Beacon/Shaw,,2018-09-08,2018-09-11,675,lv,45.0,45.0,2.8
2018,S,MO,Senate,Beacon/Shaw,,2018-09-08,2018-09-11,808,rv,42.0,43.0,2.8
2018,S,MO,Senate,Beacon/Shaw,,2018-09-08,2018-09-11,675,lv,44.0,41.0,2.8
2018,S,MO,Senate,Beacon/Shaw,,2018-09-08,2018-09-11,808,rv,41.0,39.0,2.8
2018,S,MO,Senate,Trafalgar Group,R,2018-09-11,2018-09-13,1724,lv,44.0,47.0,0.7
2018,S,MO,Senate,YouGov,,2018-09-10,2018-09-14,917,lv,45.0,45.0,3.0
2018,S,MO,Senate,Remington,,2018-09-26,2018-09-27,1555,lv,46.0,48.0,2.6
2018,S,MO,Senate,CNN/SSRS,,2018-09-25,2018-09-29,906,rv,43.0,42.0,2.8
2018,S,MO,Senate,CNN/SSRS,,2018-09-25,2018-09-29,756,lv,47.0,44.0,2.8
2018,S,MO,Senate,Vox Populi Polling,,2018-09-29,2018-10-01,869,lv,49.0,51.0,
2018,S,MO,Senate,Beacon/Shaw,,2018-09-29,2018-10-02,683,lv,43.0,43.0,2.8
2018,S,MO,Senate,Beacon/Shaw,,2018-09-29,2018-10-02,805,rv,41.0,41.0,2.8
2018,S,MO,Senate,Beacon/Shaw,,2018-09-29,2018-10-02,683,lv,46.0,46.0,2.8
2018,S,MO,Senate,Beacon/Shaw,,2018-09-29,2018-10-02,805,rv,44.0,44.0,2.8
2018,S,MO,Senate,McLaughlin,R,2018-09-29,2018-10-02,600,lv,44.0,52.0,0.5
2018,S,MO,Senate,1st Tuesday Campaigns,,2018-10-05,2018-10-06,1052,lv,42.0,44.0,
2018,S,MO,Senate,Ipsos,,2018-09-27,2018-10-07,1111,lv,44.0,45.2,2.8
2018,S,MO,Senate,Ipsos,,2018-09-27,2018-10-07,1998,a,36.0,36.0,2.8
2018,S,MO,Senate,The Polling Company Inc./WomanTrend,R,2018-10-11,2018-10-13,600,lv,47.0,50.0,
2018,S,MO,Senate,Remington,,2018-10-17,2018-10-18,1215,lv,46.0,47.0,2.6
2018,S,MO,Senate,OnMessage Inc.,R,2018-10-16,2018-10-18,800,lv,42.0,49.0,1.1
2018,S,MO,Senate,Remington,,2018-10-24,2018-10-25,1376,lv,45.0,49.0,2.6
2018,S,MO,Senate,Cygnal,,2018-10-26,2018-10-27,501,lv,46.4,49.4,2.1
2018,S,MO,Senate,Beacon/Shaw,,2018-10-27,2018-10-30,741,lv,45.0,45.0,2.8
2018,S,MO,Senate,Beacon/Shaw,,2018-10-27,2018-10-30,851,rv,43.0,44.0,2.8
2018,S,MO,Senate,Beacon/Shaw,,2018-10-27,2018-10-30,741,lv,43.0,43.0,2.8
2018,S,MO,Senate,Beacon/Shaw,,2018-10-27,2018-10-30,851,rv,41.0,42.0,2.8
2018,S,MO,Senate,HarrisX,,2018-10-24,2018-10-30,1400,lv,46.0,44.1,1.5
2018,S,MO,Senate,HarrisX,,2018-10-29,2018-10-31,600,lv,45.2,43.4,1.5
2018,S,MO,Senate,HarrisX,,2018-10-25,2018-10-31,1400,lv,46.0,44.0,1.5
2018,S,MO,Senate,HarrisX,,2018-10-30,2018-11-01,600,lv,45.8,43.3,1.5
2018,S,MO,Senate,Marist College,,2018-10-30,2018-11-01,600,lv,50.0,47.0,2.9
2018,S,MO,Senate,Marist College,,2018-10-30,2018-11-01,920,rv,50.0,46.0,2.9
2018,S,MO,Senate,Marist College,,2018-10-30,2018-11-01,600,lv,47.0,44.0,2.9
2018,S,MO,Senate,Marist College,,2018-10-30,2018-11-01,920,rv,46.0,43.0,2.9
2018,S,MO,Senate,HarrisX,,2018-10-26,2018-11-01,1400,lv,46.0,44.0,1.5
2018,S,MO,Senate,Remington,,2018-11-01,2018-11-02,1424,lv,47.0,47.0,2.6
2018,S,MO,Senate,HarrisX,,2018-10-31,2018-11-02,600,lv,45.3,46.2,1.5
2018,S,MO,Senate,HarrisX,,2018-11-01,2018-11-03,600,lv,46.0,46.1,1.5
2018,S,MO,Senate,Emerson,,2018-11-01,2018-11-03,732,lv,45.6,49.0,2.9
2018,S,MO,Senate,HarrisX,,2018-11-02,2018-11-04,600,lv,44.4,46.7,1.5
2018,S,MO,Senate,Trafalgar Group,R,2018-10-29,2018-11-04,1791,lv,44.4,48.3,0.7
2018,S,MO,Senate,HarrisX,,2018-11-03,2018-11-05,600,lv,44.7,45.5,1.5
2018,S,MS,Senate,Triumph Campaigns,,2018-04-10,2018-04-11,1000,lv,31.3,48.1,
2018,S,MS,Senate,Triumph Campaigns,,2018-07-30,2018-07-31,2100,lv,32.45,53.25,
2018,S,MS,Senate,SurveyMonkey,,2018-09-09,2018-09-24,985,rv,29.0,43.0,2.0
2018,S,MS,Senate,Marist College,,2018-10-13,2018-10-18,511,lv,32.0,60.0,2.9
2018,S,MS,Senate,Marist College,,2018-10-13,2018-10-18,856,rv,32.0,57.0,2.9
2018,S,MS,Senate,Marist College,,2018-10-13,2018-10-18,511,lv,31.0,57.0,2.9
2018,S,MS,Senate,Marist College,,2018-10-13,2018-10-18,856,rv,30.0,54.0,2.9
2018,S,MS,Senate,Change Research,,2018-11-02,2018-11-04,1003,lv,40.0,48.0,1.4
2018,S,MT,Senate,Gravis Marketing (2020 and earlier),,2018-06-11,2018-06-13,469,lv,51.0,44.0,2.0
2018,S,MT,Senate,SurveyMonkey,,2018-06-11,2018-07-02,974,rv,55.0,43.0,2.0
2018,S,MT,Senate,SurveyMonkey,,2018-06-11,2018-07-02,944,lv,54.0,44.0,2.0
2018,S,MT,Senate,SurveyMonkey,,2018-06-11,2018-07-02,879,lv,54.0,44.0,2.0
2018,S,MT,Senate,SurveyMonkey,,2018-06-11,2018-07-02,876,lv,55.0,42.0,2.0
2018,S,MT,Senate,SurveyMonkey,,2018-06-11,2018-07-02,974,lv,54.0,44.0,2.0
2018,S,MT,Senate,SurveyMonkey,,2018-06-11,2018-07-02,974,lv,54.0,44.0,2.0
2018,S,MT,Senate,Remington,,2018-07-08,2018-07-10,2581,lv,49.0,46.0,2.6
2018,S,MT,Senate,WPAi,R,2018-08-20,2018-08-22,600,lv,45.0,47.0,1.7
2018,S,MT,Senate,University of Montana,,2018-08-13,2018-08-31,466,lv,56.0,32.0,
2018,S,MT,Senate,YouGov,,2018-09-10,2018-09-14,453,lv,47.0,45.0,3.0
2018,S,MT,Senate,Benenson Strategy Group/GS Strategy Group,,2018-09-06,2018-09-16,950,lv,50.0,43.0,
2018,S,MT,Senate,Axis Research,R,2018-09-17,2018-09-19,480,lv,44.0,44.0,
2018,S,MT,Senate,Gravis Marketing (2020 and earlier),,2018-09-19,2018-09-22,710,lv,49.0,45.0,2.0
2018,S,MT,Senate,PPP,D,2018-09-28,2018-09-28,594,v,49.0,45.0,1.4
2018,S,MT,Senate,MSU - Bozeman,,2018-09-15,2018-10-06,2079,rv,46.2,43.1,
2018,S,MT,Senate,MSU - Billings,,2018-10-08,2018-10-13,471,lv,47.0,38.0,1.5
2018,S,MT,Senate,University of Montana,,2018-10-10,2018-10-18,533,lv,48.9,38.8,
2018,S,MT,Senate,Gravis Marketing (2020 and earlier),,2018-10-24,2018-10-26,782,lv,48.0,45.0,2.0
2018,S,MT,Senate,HarrisX,,2018-10-24,2018-10-30,700,lv,47.8,40.1,1.5
2018,S,MT,Senate,HarrisX,,2018-10-27,2018-10-31,500,lv,48.5,41.8,1.5
2018,S,MT,Senate,HarrisX,,2018-10-25,2018-10-31,700,lv,48.0,41.0,1.5
2018,S,MT,Senate,HarrisX,,2018-10-28,2018-11-01,500,lv,48.8,42.2,1.5
2018,S,MT,Senate,HarrisX,,2018-10-26,2018-11-01,700,lv,49.0,42.0,1.5
2018,S,MT,Senate,HarrisX,,2018-10-29,2018-11-02,500,lv,49.5,41.9,1.5
2018,S,MT,Senate,HarrisX,,2018-10-30,2018-11-03,500,lv,49.2,43.0,1.5
2018,S,MT,Senate,Change Research,,2018-11-02,2018-11-04,879,lv,46.0,49.0,1.4
2018,S,MT,Senate,HarrisX,,2018-10-31,2018-11-04,500,lv,48.5,43.0,1.5
2018,S,MT,Senate,Trafalgar Group,R,2018-11-02,2018-11-05,953,lv,50.1,49.0,0.7
2018,S,MT,Senate,HarrisX,,2018-11-01,2018-11-05,500,lv,49.9,42.1,1.5
2018,S,ND,Senate,Tarrance,R,2018-02-18,2018-02-20,500,lv,44.0,49.0,1.6
2018,S,ND,Senate,Gravis Marketing (2020 and earlier),,2018-02-21,2018-02-24,385,rv,43.0,40.0,2.0
2018,S,ND,Senate,Mason-Dixon,,2018-06-13,2018-06-15,625,rv,44.0,48.0,2.6
2018,S,ND,Senate,SurveyMonkey,,2018-06-11,2018-07-02,457,rv,47.0,52.0,2.0
2018,S,ND,Senate,SurveyMonkey,,2018-06-11,2018-07-02,434,lv,46.0,52.0,2.0
2018,S,ND,Senate,SurveyMonkey,,2018-06-11,2018-07-02,389,lv,46.0,53.0,2.0
2018,S,ND,Senate,SurveyMonkey,,2018-06-11,2018-07-02,403,lv,46.0,53.0,2.0
2018,S,ND,Senate,SurveyMonkey,,2018-06-11,2018-07-02,457,lv,44.0,54.0,2.0
2018,S,ND,Senate,SurveyMonkey,,2018-06-11,2018-07-02,457,lv,45.0,53.0,2.0
2018,S,ND,Senate,Beacon/Shaw,,2018-09-08,2018-09-11,701,lv,44.0,48.0,2.8
2018,S,ND,Senate,Beacon/Shaw,,2018-09-08,2018-09-11,804,rv,42.0,47.0,2.8
2018,S,ND,Senate,Strategic Research Associates,,2018-09-17,2018-09-27,650,lv,41.0,51.0,1.8
2018,S,ND,Senate,Beacon/Shaw,,2018-09-29,2018-10-02,704,lv,41.0,53.0,2.8
2018,S,ND,Senate,Beacon/Shaw,,2018-09-29,2018-10-02,801,rv,41.0,50.0,2.8
2018,S,ND,Senate,Strategic Research Associates,,2018-10-12,2018-10-19,650,lv,40.0,56.0,1.8
2018,S,ND,Senate,Trafalgar Group,R,2018-10-23,2018-10-24,1498,lv,45.5,54.5,0.7
2018,S,ND,Senate,Beacon/Shaw,,2018-10-27,2018-10-30,789,lv,42.0,51.0,2.8
2018,S,ND,Senate,Beacon/Shaw,,2018-10-27,2018-10-30,851,rv,42.0,49.0,2.8
2018,S,NE,Senate,PPP,D,2017-11-10,2017-11-12,1190,v,31.0,42.0,1.4
2018,S,NE,Senate,Meeting Street Insights,R,2018-01-24,2018-01-28,500,lv,34.0,51.0,1.4
2018,S,NE,Senate,DFM Research,D,2018-10-23,2018-10-27,683,lv,39.0,54.0,1.3
2018,S,NJ,Senate,Quinnipiac,,2018-03-08,2018-03-12,1052,rv,49.0,32.0,2.8
2018,S,NJ,Senate,Monmouth,,2018-04-06,2018-04-10,632,rv,53.0,32.0,2.9
2018,S,NJ,Senate,Fairleigh Dickinson,,2018-05-16,2018-05-21,856,a,28.0,24.0,2.6
2018,S,NJ,Senate,Gravis Marketing (2020 and earlier),,2018-07-06,2018-07-10,563,lv,43.0,41.0,2.0
2018,S,NJ,Senate,Gravis Marketing (2020 and earlier),,2018-08-14,2018-08-15,753,lv,40.0,30.0,2.0
2018,S,NJ,Senate,Quinnipiac,,2018-08-15,2018-08-20,908,rv,43.0,37.0,2.8
2018,S,NJ,Senate,Stockton University,,2018-09-19,2018-09-27,531,lv,45.3,43.4,2.6
2018,S,NJ,Senate,Fairleigh Dickinson,,2018-09-26,2018-09-30,746,rv,37.0,32.0,2.6
2018,S,NJ,Senate,Fairleigh Dickinson,,2018-09-26,2018-09-30,508,lv,43.0,37.0,2.6
2018,S,NJ,Senate,Vox Populi Polling,,2018-09-29,2018-10-01,794,lv,52.0,48.0,
2018,S,NJ,Senate,Quinnipiac,,2018-09-25,2018-10-02,1058,lv,53.0,42.0,2.8
2018,S,NJ,Senate,YouGov,,2018-10-02,2018-10-05,845,lv,49.0,39.0,3.0
2018,S,NJ,Senate,National Research,R,2018-10-06,2018-10-09,600,lv,42.0,40.0,2.0
2018,S,NJ,Senate,Monmouth,,2018-10-11,2018-10-15,527,lv,49.0,40.0,2.9
2018,S,NJ,Senate,Monmouth,,2018-10-11,2018-10-15,527,lv,50.0,39.0,2.9
2018,S,NJ,Senate,Monmouth,,2018-10-11,2018-10-15,527,lv,51.0,39.0,2.9
2018,S,NJ,Senate,Quinnipiac,,2018-10-10,2018-10-16,873,lv,51.0,44.0,2.8
2018,S,NJ,Senate,National Research,R,2018-10-13,2018-10-17,600,lv,42.0,40.0,2.0
2018,S,NJ,Senate,Rutgers-Eagleton,,2018-10-12,2018-10-19,496,lv,51.0,46.0,2.3
2018,S,NJ,Senate,Rutgers-Eagleton,,2018-10-12,2018-10-19,896,rv,48.0,45.0,2.3
2018,S,NJ,Senate,Emerson,,2018-10-24,2018-10-26,659,lv,47.3,42.0,2.9
2018,S,NJ,Senate,Vox Populi Polling,,2018-10-27,2018-10-29,814,lv,54.0,46.0,
2018,S,NJ,Senate,Stockton University,,2018-10-25,2018-10-31,598,lv,51.3,39.3,2.6
2018,S,NJ,Senate,Change Research,,2018-11-02,2018-11-04,1006,lv,51.0,41.0,1.4
2018,S,NJ,Senate,Quinnipiac,,2018-10-29,2018-11-04,1115,lv,55.0,40.0,2.8
2018,S,NM,Senate,NSON,,2018-07-15,2018-07-17,500,,38.0,25.0,
2018,S,NM,Senate,NSON,,2018-07-28,2018-07-29,500,,39.0,25.0,
2018,S,NM,Senate,Tarrance,R,2018-07-31,2018-08-02,500,lv,41.0,34.0,1.6
2018,S,NM,Senate,Greenberg Quinlan Rosner,D,2018-08-02,2018-08-05,500,lv,48.0,33.0,2.0
2018,S,NM,Senate,GBAO,D,2018-08-01,2018-08-05,800,lv,47.0,29.0,1.2
2018,S,NM,Senate,Emerson,,2018-08-17,2018-08-18,500,rv,38.9,10.5,2.9
2018,S,NM,Senate,Research & Polling,,2018-09-07,2018-09-13,966,lv,47.0,26.0,2.1
2018,S,NM,Senate,In Lux Research,,2018-09-16,2018-09-17,900,lv,38.0,10.0,
2018,S,NM,Senate,NSON/In Lux,,2018-09-20,2018-09-24,932,lv,35.65,10.04,
2018,S,NM,Senate,Pacific Market Research,,2018-10-19,2018-10-24,400,lv,45.0,32.0,1.5
2018,S,NM,Senate,Emerson,,2018-10-24,2018-10-26,936,lv,48.0,31.5,2.9
2018,S,NM,Senate,Carroll Strategies,,2018-10-29,2018-10-29,1202,lv,50.7,37.9,
2018,S,NM,Senate,Research & Polling,,2018-10-26,2018-11-01,993,lv,51.0,31.0,2.1
2018,S,NM,Senate,Research Co.,,2018-11-01,2018-11-03,450,rv,47.0,33.0,2.4
2018,S,NV,Senate,PPP,,2017-06-23,2017-06-25,648,v,42.0,41.0,1.4
2018,S,NV,Senate,PPP,D,2018-03-15,2018-03-17,720,v,44.0,39.0,1.4
2018,S,NV,Senate,Mellman,,2018-04-12,2018-04-19,600,lv,39.0,40.0,1.2
2018,S,NV,Senate,SurveyMonkey,,2018-04-02,2018-04-23,1332,rv,50.0,44.0,2.0
2018,S,NV,Senate,PPP,D,2018-04-30,2018-05-01,637,v,44.0,42.0,1.4
2018,S,NV,Senate,Gravis Marketing (2020 and earlier),,2018-06-23,2018-06-26,630,lv,45.0,41.0,2.0
2018,S,NV,Senate,SurveyMonkey,,2018-06-11,2018-07-02,1097,rv,48.0,45.0,2.0
2018,S,NV,Senate,SurveyMonkey,,2018-06-11,2018-07-02,993,lv,49.0,47.0,2.0
2018,S,NV,Senate,SurveyMonkey,,2018-06-11,2018-07-02,857,lv,51.0,46.0,2.0
2018,S,NV,Senate,SurveyMonkey,,2018-06-11,2018-07-02,917,lv,48.0,47.0,2.0
2018,S,NV,Senate,SurveyMonkey,,2018-06-11,2018-07-02,1097,lv,48.0,48.0,2.0
2018,S,NV,Senate,SurveyMonkey,,2018-06-11,2018-07-02,1097,lv,48.0,47.0,2.0
2018,S,NV,Senate,Suffolk,,2018-07-24,2018-07-29,500,lv,40.0,41.0,2.9
2018,S,NV,Senate,PPP,D,2018-08-20,2018-08-21,528,v,48.0,43.0,1.4
2018,S,NV,Senate,Suffolk,,2018-09-05,2018-09-10,500,lv,41.6,41.2,2.9
2018,S,NV,Senate,Gravis Marketing (2020 and earlier),,2018-09-11,2018-09-12,700,lv,47.0,45.0,2.0
2018,S,NV,Senate,Ipsos,,2018-09-07,2018-09-17,1039,lv,43.0,46.0,2.8
2018,S,NV,Senate,Ipsos,,2018-09-07,2018-09-17,1914,a,34.0,33.0,2.8
2018,S,NV,Senate,CNN/SSRS,,2018-09-25,2018-09-29,693,lv,47.0,43.0,2.8
2018,S,NV,Senate,CNN/SSRS,,2018-09-25,2018-09-29,851,rv,43.0,40.0,2.8
2018,S,NV,Senate,Kaiser Family Foundation,,2018-09-19,2018-10-02,513,rv,44.0,45.0,2.5
2018,S,NV,Senate,Marist College,,2018-09-30,2018-10-03,780,rv,43.0,45.0,2.9
2018,S,NV,Senate,Marist College,,2018-09-30,2018-10-03,574,lv,44.0,46.0,2.9
2018,S,NV,Senate,Marist College,,2018-09-30,2018-10-03,780,rv,41.0,42.0,2.9
2018,S,NV,Senate,Marist College,,2018-09-30,2018-10-03,574,lv,42.0,44.0,2.9
2018,S,NV,Senate,Siena/NYT,,2018-10-08,2018-10-10,642,lv,44.84,46.89,3.0
2018,S,NV,Senate,Siena/NYT,,2018-10-08,2018-10-10,642,rv,45.15,42.49,3.0
2018,S,NV,Senate,Emerson,,2018-10-10,2018-10-12,625,lv,41.4,48.1,2.9
2018,S,NV,Senate,Vox Populi Polling,,2018-10-13,2018-10-15,614,lv,51.0,49.0,
2018,S,NV,Senate,PPP,D,2018-10-15,2018-10-16,648,v,48.0,46.0,1.4
2018,S,NV,Senate,Ipsos,,2018-10-12,2018-10-19,1137,lv,41.2,46.9,2.8
2018,S,NV,Senate,Ipsos,,2018-10-12,2018-10-19,2001,a,35.0,34.0,2.8
2018,S,NV,Senate,Gravis Marketing (2020 and earlier),,2018-10-24,2018-10-26,773,lv,47.0,45.0,2.0
2018,S,NV,Senate,CNN/SSRS,,2018-10-24,2018-10-29,807,rv,44.0,41.0,2.8
2018,S,NV,Senate,CNN/SSRS,,2018-10-24,2018-10-29,622,lv,48.0,45.0,2.8
2018,S,NV,Senate,HarrisX,,2018-10-24,2018-10-30,1400,lv,45.6,42.7,1.5
2018,S,NV,Senate,HarrisX,,2018-10-29,2018-10-31,600,lv,45.0,44.9,1.5
2018,S,NV,Senate,HarrisX,,2018-10-25,2018-10-31,1400,lv,46.0,43.0,1.5
2018,S,NV,Senate,HarrisX,,2018-10-30,2018-11-01,600,lv,43.2,46.0,1.5
2018,S,NV,Senate,Trafalgar Group,R,2018-10-29,2018-11-01,2587,lv,45.6,48.9,0.7
2018,S,NV,Senate,HarrisX,,2018-10-26,2018-11-01,1400,lv,46.0,43.0,1.5
2018,S,NV,Senate,HarrisX,,2018-10-31,2018-11-02,600,lv,44.4,45.2,1.5
2018,S,NV,Senate,HarrisX,,2018-11-01,2018-11-03,600,lv,44.5,46.4,1.5
2018,S,NV,Senate,HarrisX,,2018-11-02,2018-11-04,600,lv,45.8,46.3,1.5
2018,S,NV,Senate,Emerson,,2018-11-01,2018-11-04,1197,lv,49.1,44.6,2.9
2018,S,NV,Senate,HarrisX,,2018-11-03,2018-11-05,600,lv,46.9,44.6,1.5
2018,S,NY,Senate,Siena,,2018-03-11,2018-03-16,772,rv,60.0,24.0,2.7
2018,S,NY,Senate,Siena,,2018-04-08,2018-04-12,692,rv,58.0,27.0,2.7
2018,S,NY,Senate,Quinnipiac,,2018-04-26,2018-05-01,1076,rv,58.0,23.0,2.8
2018,S,NY,Senate,Siena,,2018-06-04,2018-06-07,745,lv,61.0,28.0,2.7
2018,S,NY,Senate,Quinnipiac,,2018-07-12,2018-07-16,934,rv,57.0,30.0,2.8
2018,S,NY,Senate,Liberty Opinion Research,,2018-08-29,2018-08-30,2783,lv,51.0,36.0,
2018,S,NY,Senate,Siena,,2018-09-20,2018-09-27,701,lv,61.0,29.0,2.7
2018,S,NY,Senate,Quinnipiac,,2018-10-10,2018-10-16,852,lv,58.0,33.0,2.8
2018,S,NY,Senate,Siena,,2018-10-28,2018-11-01,641,lv,58.0,35.0,2.7
2018,S,NY,Senate,Research Co.,,2018-11-01,2018-11-03,450,rv,60.0,32.0,2.4
2018,S,OH,Senate,SurveyMonkey,,2018-02-12,2018-03-05,1995,rv,50.0,45.0,2.0
2018,S,OH,Senate,Baldwin Wallace University,,2018-02-28,2018-03-09,1011,rv,41.0,29.0,2.1
2018,S,OH,Senate,SurveyUSA,,2018-03-16,2018-03-20,1408,rv,52.0,38.0,2.8
2018,S,OH,Senate,Fallon Research & Communications,,2018-05-21,2018-05-25,800,rv,47.9,33.6,
2018,S,OH,Senate,America First Policies,R,2018-05-29,2018-05-31,400,,45.0,41.0,
2018,S,OH,Senate,Suffolk,,2018-06-06,2018-06-11,500,lv,53.4,36.6,2.9
2018,S,OH,Senate,Quinnipiac,,2018-06-07,2018-06-12,1082,v,51.0,34.0,2.8
2018,S,OH,Senate,Marist College,,2018-06-17,2018-06-22,778,rv,51.0,38.0,2.9
2018,S,OH,Senate,SurveyMonkey,,2018-06-11,2018-07-02,951,rv,52.0,44.0,2.0
2018,S,OH,Senate,SurveyMonkey,,2018-06-11,2018-07-02,850,lv,52.0,46.0,2.0
2018,S,OH,Senate,SurveyMonkey,,2018-06-11,2018-07-02,728,lv,50.0,47.0,2.0
2018,S,OH,Senate,SurveyMonkey,,2018-06-11,2018-07-02,809,lv,52.0,45.0,2.0
2018,S,OH,Senate,SurveyMonkey,,2018-06-11,2018-07-02,951,lv,48.0,49.0,2.0
2018,S,OH,Senate,SurveyMonkey,,2018-06-11,2018-07-02,951,lv,49.0,47.0,2.0
2018,S,OH,Senate,TRZ Communication,R,2018-06-30,2018-07-10,1485,rv,44.98,40.89,
2018,S,OH,Senate,Change Research,D,2018-08-31,2018-09-04,822,lv,46.2,41.8,1.4
2018,S,OH,Senate,Morning Consult,,2018-09-02,2018-09-11,1592,rv,47.0,31.0,1.9
2018,S,OH,Senate,Baldwin Wallace University,,2018-09-05,2018-09-15,1048,lv,49.2,31.8,2.1
2018,S,OH,Senate,Triton Polling & Research,,2018-09-18,2018-09-20,1003,lv,52.5,42.3,
2018,S,OH,Senate,Marist College,,2018-09-16,2018-09-20,796,rv,52.0,39.0,2.9
2018,S,OH,Senate,Marist College,,2018-09-16,2018-09-20,564,lv,52.0,39.0,2.9
2018,S,OH,Senate,Ipsos,,2018-09-13,2018-09-20,1074,lv,49.5,39.3,2.8
2018,S,OH,Senate,Ipsos,,2018-09-13,2018-09-20,2000,a,39.0,31.0,2.8
2018,S,OH,Senate,University of Akron,,2018-09-10,2018-10-04,1000,a,43.0,31.0,
2018,S,OH,Senate,Suffolk,,2018-10-04,2018-10-08,500,lv,53.6,36.0,2.9
2018,S,OH,Senate,Baldwin Wallace University,,2018-09-28,2018-10-08,1017,lv,49.5,33.0,2.1
2018,S,OH,Senate,Baldwin Wallace University,,2018-10-19,2018-10-27,1051,lv,51.2,31.7,2.1
2018,S,OH,Senate,Emerson,,2018-10-26,2018-10-28,566,lv,48.8,43.0,2.9
2018,S,OH,Senate,Gravis Marketing (2020 and earlier),,2018-10-29,2018-10-30,789,lv,46.0,37.0,2.0
2018,S,OH,Senate,Cygnal,,2018-10-30,2018-10-31,503,lv,52.4,42.0,2.1
2018,S,OH,Senate,Research Co.,,2018-11-01,2018-11-03,450,rv,53.0,39.0,2.4
2018,S,OH,Senate,Change Research,,2018-11-02,2018-11-04,923,lv,53.0,43.0,1.4
2018,S,PA,Senate,SurveyMonkey,,2018-02-12,2018-03-05,2165,rv,52.0,43.0,2.0
2018,S,PA,Senate,PPP,D,2018-03-15,2018-03-16,1056,v,54.0,36.0,1.4
2018,S,PA,Senate,Franklin and Marshall College,,2018-03-19,2018-03-26,423,rv,43.0,25.0,2.4
2018,S,PA,Senate,Muhlenberg,,2018-04-04,2018-04-12,414,rv,48.0,32.0,2.8
2018,S,PA,Senate,Franklin and Marshall College,,2018-06-04,2018-06-10,472,rv,44.0,27.0,2.4
2018,S,PA,Senate,Global Strategy Group,D,2018-06-14,2018-06-19,915,lv,50.0,34.0,1.8
2018,S,PA,Senate,Suffolk,,2018-06-21,2018-06-25,500,lv,47.0,31.6,2.9
2018,S,PA,Senate,SurveyMonkey,,2018-06-11,2018-07-02,990,rv,55.0,41.0,2.0
2018,S,PA,Senate,SurveyMonkey,,2018-06-11,2018-07-02,872,lv,54.0,43.0,2.0
2018,S,PA,Senate,SurveyMonkey,,2018-06-11,2018-07-02,748,lv,55.0,44.0,2.0
2018,S,PA,Senate,SurveyMonkey,,2018-06-11,2018-07-02,861,lv,56.0,41.0,2.0
2018,S,PA,Senate,SurveyMonkey,,2018-06-11,2018-07-02,990,lv,54.0,43.0,2.0
2018,S,PA,Senate,SurveyMonkey,,2018-06-11,2018-07-02,990,lv,53.0,43.0,2.0
2018,S,PA,Senate,Self-Made Insights,R,2018-08-13,2018-08-15,2012,lv,47.09,45.22,1.4
2018,S,PA,Senate,Marist College,,2018-08-12,2018-08-16,713,rv,53.0,38.0,2.9
2018,S,PA,Senate,Franklin and Marshall College,,2018-08-20,2018-08-26,511,rv,48.0,29.0,2.4
2018,S,PA,Senate,Franklin and Marshall College,,2018-08-20,2018-08-26,222,lv,47.0,34.0,2.4
2018,S,PA,Senate,Rasmussen,,2018-09-12,2018-09-13,800,lv,52.0,38.0,2.1
2018,S,PA,Senate,Muhlenberg,,2018-09-13,2018-09-19,404,lv,53.0,35.0,2.8
2018,S,PA,Senate,Ipsos,,2018-09-12,2018-09-19,1080,lv,52.6,37.0,2.8
2018,S,PA,Senate,Ipsos,,2018-09-12,2018-09-19,2000,a,42.0,28.0,2.8
2018,S,PA,Senate,Franklin and Marshall College,,2018-09-17,2018-09-23,545,rv,48.0,30.0,2.4
2018,S,PA,Senate,Franklin and Marshall College,,2018-09-17,2018-09-23,204,lv,50.0,33.0,2.4
2018,S,PA,Senate,Morning Consult,,2018-10-01,2018-10-02,1188,rv,47.0,32.0,1.9
2018,S,PA,Senate,Franklin and Marshall College,,2018-10-22,2018-10-28,537,rv,50.0,31.0,2.4
2018,S,PA,Senate,Franklin and Marshall College,,2018-10-22,2018-10-28,214,lv,50.0,35.0,2.4
2018,S,PA,Senate,Muhlenberg,,2018-10-28,2018-11-01,421,lv,54.0,40.0,2.8
2018,S,PA,Senate,Research Co.,,2018-11-01,2018-11-03,450,rv,56.0,39.0,2.4
2018,S,PA,Senate,Change Research,,2018-11-02,2018-11-04,1833,lv,51.0,44.0,1.4
2018,S,RI,Senate,SocialSphere,,2018-05-30,2018-06-04,501,rv,54.0,32.0,1.7
2018,S,RI,Senate,Fleming & Associates,,2018-09-14,2018-09-17,420,lv,54.0,35.0,1.9
2018,S,RI,Senate,U. New Hampshire,,2018-09-27,2018-10-06,503,lv,57.0,33.0,2.6
2018,S,RI,Senate,SocialSphere,,2018-10-05,2018-10-09,502,rv,56.0,32.0,1.7
2018,S,RI,Senate,Fleming & Associates,,2018-10-20,2018-10-24,416,lv,55.3,36.3,1.9
2018,S,TN,Senate,Garin Hart Yang,D,2017-10-20,2017-10-22,601,lv,46.0,41.0,1.0
2018,S,TN,Senate,Gravis Marketing (2020 and earlier),,2017-12-11,2017-12-12,563,rv,42.0,40.0,2.0
2018,S,TN,Senate,WPAi,R,2017-12-13,2017-12-17,500,lv,34.0,43.0,1.7
2018,S,TN,Senate,Triton Polling & Research,,2018-01-21,2018-01-24,1003,lv,39.7,50.7,
2018,S,TN,Senate,WPAi,R,2018-02-13,2018-02-15,500,lv,39.0,44.0,1.7
2018,S,TN,Senate,PPP,D,2018-03-15,2018-03-16,1014,v,46.0,41.0,1.4
2018,S,TN,Senate,Middle Tennessee State U.,,2018-03-22,2018-03-29,600,rv,45.0,35.0,
2018,S,TN,Senate,Garin Hart Yang,D,2018-04-09,2018-04-11,601,lv,51.0,41.0,1.0
2018,S,TN,Senate,Mason-Dixon,,2018-04-17,2018-04-19,625,rv,46.0,43.0,2.6
2018,S,TN,Senate,SurveyMonkey,,2018-04-02,2018-04-23,1638,rv,48.0,47.0,2.0
2018,S,TN,Senate,PPP,D,2018-04-30,2018-05-01,609,v,46.0,43.0,1.4
2018,S,TN,Senate,PPP,,2018-06-10,2018-06-11,,,44.0,41.0,1.4
2018,S,TN,Senate,SurveyMonkey,,2018-06-11,2018-07-02,1010,rv,41.0,55.0,2.0
2018,S,TN,Senate,SurveyMonkey,,2018-06-11,2018-07-02,915,lv,40.0,58.0,2.0
2018,S,TN,Senate,SurveyMonkey,,2018-06-11,2018-07-02,790,lv,40.0,57.0,2.0
2018,S,TN,Senate,SurveyMonkey,,2018-06-11,2018-07-02,866,lv,40.0,57.0,2.0
2018,S,TN,Senate,SurveyMonkey,,2018-06-11,2018-07-02,1010,lv,39.0,58.0,2.0
2018,S,TN,Senate,SurveyMonkey,,2018-06-11,2018-07-02,1010,lv,39.0,58.0,2.0
2018,S,TN,Senate,PPP,D,2018-07-10,2018-07-11,583,lv,44.0,41.0,1.4
2018,S,TN,Senate,WPAi,R,2018-07-09,2018-07-11,551,lv,35.0,38.0,1.7
2018,S,TN,Senate,Emerson,,2018-07-11,2018-07-14,657,rv,42.5,36.5,2.9
2018,S,TN,Senate,Gravis Marketing (2020 and earlier),,2018-08-09,2018-08-11,620,lv,44.0,48.0,2.0
2018,S,TN,Senate,Marist College,,2018-08-25,2018-08-28,730,rv,48.0,44.0,2.9
2018,S,TN,Senate,Marist College,,2018-08-25,2018-08-28,538,lv,48.0,46.0,2.9
2018,S,TN,Senate,Beacon/Shaw,,2018-09-08,2018-09-11,686,lv,44.0,47.0,2.8
2018,S,TN,Senate,Beacon/Shaw,,2018-09-08,2018-09-11,809,rv,43.0,45.0,2.8
2018,S,TN,Senate,Triton Polling & Research,,2018-09-10,2018-09-12,1038,lv,45.0,48.3,
2018,S,TN,Senate,CNN/SSRS,,2018-09-11,2018-09-15,723,lv,50.0,45.0,2.8
2018,S,TN,Senate,CNN/SSRS,,2018-09-11,2018-09-15,852,rv,50.0,42.0,2.8
2018,S,TN,Senate,Vox Populi Polling,,2018-09-16,2018-09-18,567,lv,51.0,49.0,
2018,S,TN,Senate,SurveyMonkey,,2018-09-09,2018-09-24,1609,rv,42.0,42.0,2.0
2018,S,TN,Senate,Garin Hart Yang,D,2018-09-23,2018-09-25,600,lv,47.0,45.0,1.0
2018,S,TN,Senate,Beacon/Shaw,,2018-09-29,2018-10-02,666,lv,43.0,48.0,2.8
2018,S,TN,Senate,Beacon/Shaw,,2018-09-29,2018-10-02,806,rv,41.0,47.0,2.8
2018,S,TN,Senate,YouGov,,2018-10-02,2018-10-05,871,lv,42.0,50.0,3.0
2018,S,TN,Senate,Siena/NYT,,2018-10-08,2018-10-11,593,lv,40.03,54.46,3.0
2018,S,TN,Senate,Siena/NYT,,2018-10-08,2018-10-11,593,rv,41.92,50.87,3.0
2018,S,TN,Senate,Ipsos,,2018-10-04,2018-10-11,1108,lv,44.0,47.0,2.8
2018,S,TN,Senate,Ipsos,,2018-10-04,2018-10-11,2000,a,38.0,37.0,2.8
2018,S,TN,Senate,Targoz Market Research,,2018-10-09,2018-10-12,558,lv,48.0,52.0,1.8
2018,S,TN,Senate,Targoz Market Research,,2018-10-09,2018-10-12,801,rv,45.0,44.0,1.8
2018,S,TN,Senate,SSRS,,2018-10-08,2018-10-13,800,rv,44.0,43.0,2.4
2018,S,TN,Senate,Cygnal,,2018-10-26,2018-10-27,497,lv,44.7,50.5,2.1
2018,S,TN,Senate,Marist College,,2018-10-23,2018-10-27,471,lv,46.0,51.0,2.9
2018,S,TN,Senate,Marist College,,2018-10-23,2018-10-27,764,rv,46.0,49.0,2.9
2018,S,TN,Senate,Vox Populi Polling,,2018-10-27,2018-10-29,780,lv,47.0,53.0,
2018,S,TN,Senate,CNN/SSRS,,2018-10-24,2018-10-29,871,rv,46.0,47.0,2.8
2018,S,TN,Senate,CNN/SSRS,,2018-10-24,2018-10-29,764,lv,45.0,49.0,2.8
2018,S,TN,Senate,East Tennessee State University,,2018-10-22,2018-10-29,495,lv,44.0,44.0,
2018,S,TN,Senate,Emerson,,2018-10-28,2018-10-30,632,lv,43.6,52.0,2.9
2018,S,TN,Senate,Beacon/Shaw,,2018-10-27,2018-10-30,718,lv,41.0,50.0,2.8
2018,S,TN,Senate,Beacon/Shaw,,2018-10-27,2018-10-30,850,rv,40.0,48.0,2.8
2018,S,TN,Senate,Targoz Market Research,,2018-10-28,2018-10-31,480,lv,49.0,49.0,1.8
2018,S,TX,Senate,Texas Lyceum,,2017-04-03,2017-04-09,1000,a,30.0,30.0,
2018,S,TX,Senate,WPAi,R,2017-12-12,2017-12-14,600,lv,34.0,52.0,1.7
2018,S,TX,Senate,PPP,D,2018-01-17,2018-01-18,757,v,37.0,45.0,1.4
2018,S,TX,Senate,Quinnipiac,,2018-04-12,2018-04-17,1029,rv,44.0,47.0,2.8
2018,S,TX,Senate,PPP,D,2018-05-21,2018-05-22,861,v,42.0,48.0,1.4
2018,S,TX,Senate,Baselice & Associates,R,2018-05-21,2018-05-28,601,lv,36.0,48.0,1.4
2018,S,TX,Senate,Quinnipiac,,2018-05-23,2018-05-29,961,rv,39.0,50.0,2.8
2018,S,TX,Senate,Greenberg Quinlan Rosner,D,2018-05-29,2018-06-05,1000,lv,43.0,49.0,2.0
2018,S,TX,Senate,U. Texas,,2018-06-08,2018-06-17,1200,rv,36.0,41.0,
2018,S,TX,Senate,YouGov,,2018-06-19,2018-06-22,1025,rv,36.0,44.0,3.0
2018,S,TX,Senate,YouGov,,2018-06-19,2018-06-22,821,lv,40.0,50.0,3.0
2018,S,TX,Senate,Gravis Marketing (2020 and earlier),,2018-07-03,2018-07-07,602,lv,42.0,51.0,2.0
2018,S,TX,Senate,Texas Lyceum,,2018-07-09,2018-07-25,806,rv,34.0,36.0,
2018,S,TX,Senate,Texas Lyceum,,2018-07-09,2018-07-25,441,lv,39.0,41.0,
2018,S,TX,Senate,Quinnipiac,,2018-07-26,2018-07-31,1118,rv,43.0,49.0,2.8
2018,S,TX,Senate,PPP,D,2018-08-01,2018-08-02,797,v,42.0,46.0,1.4
2018,S,TX,Senate,Civiqs,,2018-08-08,2018-08-11,,,48.0,47.0,2.4
2018,S,TX,Senate,Marist College,,2018-08-12,2018-08-16,759,rv,45.0,49.0,2.9
2018,S,TX,Senate,Emerson,,2018-08-22,2018-08-25,550,rv,37.2,37.8,2.9
2018,S,TX,Senate,Dixie Strategies,,2018-09-06,2018-09-07,519,lv,41.74,45.87,
2018,S,TX,Senate,Crosswind Media & Public Relations,,2018-09-06,2018-09-09,800,lv,44.0,47.0,2.1
2018,S,TX,Senate,Chism Strategies,D,2018-09-11,2018-09-12,1161,lv,45.4,49.4,2.4
2018,S,TX,Senate,Ipsos,,2018-09-06,2018-09-14,992,lv,47.0,45.0,2.8
2018,S,TX,Senate,Ipsos,,2018-09-06,2018-09-14,2000,a,39.0,36.0,2.8
2018,S,TX,Senate,Quinnipiac,,2018-09-11,2018-09-17,807,lv,45.0,54.0,2.8
2018,S,TX,Senate,Vox Populi Polling,,2018-09-16,2018-09-18,508,lv,50.0,50.0,
2018,S,TX,Senate,PPP,D,2018-09-19,2018-09-20,613,v,45.0,48.0,1.4
2018,S,TX,Senate,PPP,D,2018-09-19,2018-09-20,603,v,46.0,49.0,1.4
2018,S,TX,Senate,YouGov,,2018-10-02,2018-10-05,881,lv,44.0,50.0,3.0
2018,S,TX,Senate,Emerson,,2018-10-01,2018-10-05,500,lv,42.4,47.0,2.9
2018,S,TX,Senate,Quinnipiac,,2018-10-03,2018-10-09,730,lv,45.0,54.0,2.8
2018,S,TX,Senate,Siena/NYT,,2018-10-08,2018-10-11,800,lv,43.19,51.25,3.0
2018,S,TX,Senate,Siena/NYT,,2018-10-08,2018-10-11,800,rv,44.53,48.72,3.0
2018,S,TX,Senate,CNN/SSRS,,2018-10-09,2018-10-13,716,lv,45.0,52.0,2.8
2018,S,TX,Senate,CNN/SSRS,,2018-10-09,2018-10-13,862,rv,45.0,50.0,2.8
2018,S,TX,Senate,WPAi,R,2018-10-08,2018-10-13,801,lv,43.0,52.0,1.7
2018,S,TX,Senate,Tulchin Research,D,2018-10-10,2018-10-14,600,lv,45.0,49.0,0.9
2018,S,TX,Senate,Ipsos,,2018-10-12,2018-10-18,1298,lv,44.4,48.9,2.8
2018,S,TX,Senate,Ipsos,,2018-10-12,2018-10-18,2001,a,40.0,38.0,2.8
2018,S,TX,Senate,GBAO,D,2018-10-18,2018-10-21,1000,lv,46.0,50.0,1.2
2018,S,TX,Senate,U. Texas,,2018-10-15,2018-10-21,927,lv,45.0,51.0,
2018,S,TX,Senate,Dixie Strategies,,2018-10-25,2018-10-26,588,lv,42.0,52.0,
2018,S,TX,Senate,Quinnipiac,,2018-10-22,2018-10-28,1078,lv,46.0,51.0,2.8
2018,S,TX,Senate,University of Texas at Tyler,,2018-10-15,2018-10-28,1033,rv,42.2,46.5,1.8
2018,S,TX,Senate,University of Texas at Tyler,,2018-10-15,2018-10-28,905,lv,43.4,47.0,1.8
2018,S,TX,Senate,Emerson,,2018-10-28,2018-10-30,781,lv,47.2,50.3,2.9
2018,S,TX,Senate,Change Research,D,2018-11-01,2018-11-02,1211,lv,49.0,49.0,1.4
2018,S,TX,Senate,Trafalgar Group,R,2018-11-03,2018-11-05,2135,lv,43.2,52.1,0.7
2018,S,UT,Senate,Dan Jones,,2017-08-30,2017-09-05,608,rv,26.0,64.0,1.9
2018,S,UT,Senate,Dan Jones,,2017-11-16,2017-11-21,600,rv,21.0,72.0,1.9
2018,S,UT,Senate,Dan Jones,,2018-01-15,2018-01-18,803,rv,19.0,64.0,1.9
2018,S,UT,Senate,University of Utah,,2018-06-11,2018-06-18,654,rv,19.6,58.4,
2018,S,UT,Senate,Lighthouse Research,,2018-08-11,2018-08-27,600,rv,18.6,58.6,
2018,S,UT,Senate,Dan Jones,,2018-08-22,2018-08-31,809,lv,29.0,55.0,1.9
2018,S,UT,Senate,University of Utah,,2018-10-03,2018-10-09,607,rv,23.0,59.0,
2018,S,VA,Senate,PSRAI,,2017-09-05,2017-09-12,867,rv,53.0,36.0,
2018,S,VA,Senate,PSRAI,,2017-09-05,2017-09-12,562,lv,54.0,39.0,
2018,S,VA,Senate,Christopher Newport U.,,2018-02-05,2018-02-28,1562,rv,56.0,32.0,2.8
2018,S,VA,Senate,Roanoke College,,2018-05-20,2018-05-30,555,rv,44.0,33.0,2.6
2018,S,VA,Senate,Quinnipiac,,2018-06-21,2018-06-25,1153,rv,54.0,36.0,2.8
2018,S,VA,Senate,Virginia Commonwealth U.,,2018-07-10,2018-07-30,747,lv,49.0,26.0,2.1
2018,S,VA,Senate,Roanoke College,,2018-08-12,2018-08-19,512,lv,51.0,34.0,2.6
2018,S,VA,Senate,Cygnal,,2018-08-22,2018-08-24,1119,lv,50.2,45.7,2.1
2018,S,VA,Senate,SSRS,,2018-09-04,2018-09-09,704,rv,51.0,33.0,2.4
2018,S,VA,Senate,SSRS,,2018-09-04,2018-09-09,512,lv,52.0,36.0,2.4
2018,S,VA,Senate,SSRS,,2018-09-04,2018-09-09,801,a,49.0,30.0,2.4
2018,S,WA,Senate,PPP,,2018-05-22,2018-05-23,675,lv,52.0,36.0,1.4
2018,S,WA,Senate,Elway,,2018-10-04,2018-10-09,405,rv,53.0,39.0,1.9
2018,S,WI,Senate,PPP,D,2018-03-15,2018-03-16,910,v,51.0,39.0,1.4
2018,S,WI,Senate,Marquette Law School,,2018-06-13,2018-06-17,800,rv,49.0,40.0,3.0
2018,S,WI,Senate,SurveyMonkey,,2018-06-11,2018-07-02,968,rv,56.0,40.0,2.0
2018,S,WI,Senate,SurveyMonkey,,2018-06-11,2018-07-02,903,lv,57.0,41.0,2.0
2018,S,WI,Senate,SurveyMonkey,,2018-06-11,2018-07-02,800,lv,58.0,40.0,2.0
2018,S,WI,Senate,SurveyMonkey,,2018-06-11,2018-07-02,847,lv,57.0,40.0,2.0
2018,S,WI,Senate,SurveyMonkey,,2018-06-11,2018-07-02,968,lv,55.0,42.0,2.0
2018,S,WI,Senate,SurveyMonkey,,2018-06-11,2018-07-02,968,lv,56.0,42.0,2.0
2018,S,WI,Senate,Marist College,,2018-07-15,2018-07-19,906,rv,55.0,38.0,2.9
2018,S,WI,Senate,Emerson,,2018-07-26,2018-07-28,632,rv,50.3,35.6,2.9
2018,S,WI,Senate,Marquette Law School,,2018-08-15,2018-08-19,800,rv,51.0,43.0,3.0
2018,S,WI,Senate,Marquette Law School,,2018-08-15,2018-08-19,601,lv,49.0,47.0,3.0
2018,S,WI,Senate,Suffolk,,2018-08-18,2018-08-24,500,lv,49.8,42.2,2.9
2018,S,WI,Senate,Marquette Law School,,2018-09-12,2018-09-16,614,lv,53.0,42.0,3.0
2018,S,WI,Senate,Marquette Law School,,2018-09-12,2018-09-16,800,rv,52.0,40.0,3.0
2018,S,WI,Senate,Ipsos,,2018-09-14,2018-09-21,1109,lv,52.0,39.0,2.8
2018,S,WI,Senate,Ipsos,,2018-09-14,2018-09-21,2000,a,42.0,30.0,2.8
2018,S,WI,Senate,Marist College,,2018-09-30,2018-10-04,781,rv,53.0,40.0,2.9
2018,S,WI,Senate,Marist College,,2018-09-30,2018-10-04,571,lv,54.0,40.0,2.9
2018,S,WI,Senate,Marquette Law School,,2018-10-03,2018-10-07,799,lv,53.0,43.0,3.0
2018,S,WI,Senate,Marquette Law School,,2018-10-03,2018-10-07,1000,rv,53.0,42.0,3.0
2018,S,WI,Senate,PPP,D,2018-10-10,2018-10-11,816,v,52.0,42.0,1.4
2018,S,WI,Senate,Ipsos,,2018-10-12,2018-10-18,1193,lv,53.7,38.5,2.8
2018,S,WI,Senate,Ipsos,,2018-10-12,2018-10-18,2001,a,45.0,31.0,2.8
2018,S,WI,Senate,Marquette Law School,,2018-10-24,2018-10-28,1154,lv,54.0,43.0,3.0
2018,S,WI,Senate,Marquette Law School,,2018-10-24,2018-10-28,1400,rv,52.0,42.0,3.0
2018,S,WI,Senate,Emerson,,2018-10-29,2018-10-31,604,lv,53.1,44.4,2.9
2018,S,WI,Senate,Research Co.,,2018-11-01,2018-11-03,450,rv,50.0,39.0,2.4
2018,S,WV,Senate,Harper Polling,,2016-11-16,2016-11-17,500,lv,57.0,35.0,
2018,S,WV,Senate,Research America,,2017-08-11,2017-08-20,400,lv,52.0,38.0,0.7
2018,S,WV,Senate,Zogby,,2017-09-27,2017-09-30,320,lv,45.0,38.0,1.2
2018,S,WV,Senate,WPAi,,2018-05-10,2018-05-10,400,lv,44.0,46.0,1.7
2018,S,WV,Senate,Hart Research Associates,D,2018-05-15,2018-05-16,602,lv,52.0,40.0,1.0
2018,S,WV,Senate,Global Strategy Group,D,2018-05-13,2018-05-16,600,lv,50.0,42.0,1.8
2018,S,WV,Senate,Global Strategy Group,D,2018-05-13,2018-05-16,600,lv,47.0,40.0,1.8
2018,S,WV,Senate,Gravis Marketing (2020 and earlier),,2018-05-22,2018-05-22,543,lv,53.0,40.0,2.0
2018,S,WV,Senate,PPP,,2018-06-12,2018-06-13,633,v,49.0,42.0,1.4
2018,S,WV,Senate,Monmouth,,2018-06-14,2018-06-19,653,v,49.0,42.0,2.9
2018,S,WV,Senate,Monmouth,,2018-06-14,2018-06-19,527,lv,50.0,42.5,2.9
2018,S,WV,Senate,Monmouth,,2018-06-14,2018-06-19,527,lv,51.0,42.0,2.9
2018,S,WV,Senate,SurveyMonkey,,2018-06-11,2018-07-02,892,rv,53.0,40.0,2.0
2018,S,WV,Senate,SurveyMonkey,,2018-06-11,2018-07-02,804,lv,56.0,40.0,2.0
2018,S,WV,Senate,SurveyMonkey,,2018-06-11,2018-07-02,672,lv,53.0,42.0,2.0
2018,S,WV,Senate,SurveyMonkey,,2018-06-11,2018-07-02,740,lv,53.0,41.0,2.0
2018,S,WV,Senate,SurveyMonkey,,2018-06-11,2018-07-02,892,lv,54.0,40.0,2.0
2018,S,WV,Senate,SurveyMonkey,,2018-06-11,2018-07-02,892,lv,54.0,41.0,2.0
2018,S,WV,Senate,Trafalgar Group,R,2018-07-13,2018-07-16,1158,lv,49.9,39.5,0.7
2018,S,WV,Senate,Harper Polling,R,2018-08-23,2018-08-26,600,lv,47.0,41.0,
2018,S,WV,Senate,Research America,,2018-08-16,2018-08-26,404,lv,46.0,38.0,0.7
2018,S,WV,Senate,Emerson,,2018-09-13,2018-09-15,825,rv,44.8,33.1,2.9
2018,S,WV,Senate,Global Strategy Group,D,2018-09-19,2018-09-23,601,lv,48.0,36.0,1.8
2018,S,WV,Senate,1892 Polling,R,2018-09-24,2018-09-25,500,lv,45.0,45.0,1.3
2018,S,WV,Senate,Tarrance,R,2018-09-23,2018-09-25,612,lv,47.0,43.0,1.6
2018,S,WV,Senate,Strategic Research Associates,,2018-09-17,2018-09-26,650,lv,46.0,38.0,1.8
2018,S,WV,Senate,Public Opinion Strategies,R,2018-10-07,2018-10-09,600,lv,41.0,40.0,1.6
2018,S,WV,Senate,The Polling Company Inc./WomanTrend,R,2018-10-11,2018-10-13,600,lv,49.0,45.0,
2018,S,WV,Senate,Vox Populi Polling,,2018-10-13,2018-10-15,789,lv,53.0,47.0,
2018,S,WV,Senate,Fabrizio,R,2018-10-16,2018-10-18,600,lv,42.0,44.0,1.7
2018,S,WV,Senate,Fabrizio,R,2018-10-16,2018-10-18,600,lv,45.0,47.0,1.7
2018,S,WV,Senate,Strategic Research Associates,,2018-10-12,2018-10-19,650,lv,52.0,36.0,1.8
2018,S,WV,Senate,Research America,,2018-10-19,2018-10-30,400,lv,45.0,40.0,0.7
2018,S,WV,Senate,Emerson,,2018-10-28,2018-10-31,1013,lv,47.3,41.5,2.9
2018,S,WY,Senate,Change Research,,2018-11-02,2018-11-04,858,lv,31.0,60.0,1.4
2019,G,KY,Governor,Mason-Dixon,,2018-12-12,2018-12-15,625,rv,48.0,40.0,2.6
2019,G,KY,Governor,Gravis Marketing (2020 and earlier),,2019-06-11,2019-06-12,741,lv,42.0,48.0,2.0
2019,G,KY,Governor,Clarity,D,2019-08-12,2019-08-13,792,lv,48.0,39.0,1.6
2019,G,KY,Governor,Garin Hart Yang,D,2019-08-19,2019-08-22,501,lv,48.0,39.0,1.0
2019,G,KY,Governor,Mason-Dixon,,2019-10-10,2019-10-13,625,lv,46.0,46.0,2.6
2019,G,KY,Governor,Targoz Market Research,,2019-10-13,2019-10-20,548,rv,52.0,35.0,1.8
2019,G,KY,Governor,Targoz Market Research,,2019-10-13,2019-10-20,401,lv,55.0,36.0,1.8
2019,G,KY,Governor,Trafalgar Group,R,2019-10-29,2019-11-01,1117,lv,46.5,52.4,0.7
2019,G,MS,Governor,Mason-Dixon,,2017-12-13,2017-12-15,625,rv,43.0,37.0,2.6
2019,G,MS,Governor,Chism Strategies,,2017-12-15,2017-12-19,578,rv,37.5,44.7,2.4
2019,G,MS,Governor,Mason-Dixon,,2018-04-12,2018-04-14,625,rv,44.0,39.0,2.6
2019,G,MS,Governor,OnMessage Inc.,R,2019-01-28,2019-01-30,600,lv,36.0,51.0,1.1
2019,G,MS,Governor,Mason-Dixon,,2019-01-30,2019-02-01,625,rv,44.0,42.0,2.6
2019,G,MS,Governor,Hickman,D,2019-05-05,2019-05-09,604,lv,45.0,40.0,1.0
2019,G,MS,Governor,Impact Management Group,,2019-06-10,2019-06-14,610,lv,35.78,48.0,
2019,G,MS,Governor,SurveyMonkey,,2019-07-02,2019-07-16,1042,rv,42.0,51.0,2.0
2019,G,MS,Governor,Hickman,D,2019-08-11,2019-08-15,600,lv,43.0,42.0,1.0
2019,G,MS,Governor,Hickman,D,2019-09-22,2019-09-26,500,lv,45.0,42.0,1.0
2019,G,MS,Governor,Hickman,D,2019-10-13,2019-10-16,508,lv,46.0,42.0,1.0
2019,G,MS,Governor,Mason-Dixon,,2019-10-17,2019-10-19,625,lv,43.0,46.0,2.6
2019,G,MS,Governor,Targoz Market Research,,2019-10-13,2019-10-20,549,rv,39.0,42.0,1.8
2019,G,MS,Governor,Targoz Market Research,,2019-10-13,2019-10-20,384,lv,46.0,47.0,1.8
2019,G,MS,Governor,SurveyMonkey,,2019-10-08,2019-10-22,1002,rv,40.0,47.0,2.0
2019,H,NC,House NC-03,RRH/PMI,,2019-08-26,2019-08-28,500,lv,40.0,51.0,1.9
2019,H,NC,House NC-09,JMC Analytics,,2019-05-21,2019-05-24,350,lv,42.0,46.0,1.8
2019,H,NC,House NC-09,Atlantic Media and Research,,2019-05-20,2019-05-30,358,lv,41.0,39.4,1.3
2019,H,NC,House NC-09,Anzalone Liszt Grove,D,2019-07-15,2019-07-18,450,lv,46.0,46.0,1.5
2019,H,NC,House NC-09,Harper Polling/Clarity Campaign Labs,,2019-08-26,2019-08-28,551,lv,49.0,44.0,
2019,H,NC,House NC-09,Harper Polling/Clarity Campaign Labs,,2019-08-26,2019-08-28,551,lv,51.0,46.0,
2019,H,NC,House NC-09,RRH/PMI,,2019-08-26,2019-08-28,500,lv,45.0,46.0,1.9
2019,H,NC,House NC-09,co/efficient,R,2019-09-05,2019-09-06,1175,lv,44.0,44.0,1.1
2019,H,NC,House NC-09,co/efficient,R,2019-09-05,2019-09-06,1175,lv,48.0,45.0,1.1
2020,G,DE,Governor,University of Delaware,,2020-09-21,2020-09-27,847,lv,55.0,26.0,
2020,G,IN,Governor,Change Research,,2020-04-10,2020-04-13,1021,lv,25.0,45.0,1.4
2020,G,IN,Governor,BK Strategies,R,2020-05-20,2020-05-21,600,lv,21.0,64.0,1.3
2020,G,IN,Governor,Victoria Research,D,2020-05-21,2020-05-23,894,lv,24.0,53.0,1.5
2020,G,IN,Governor,Change Research,,2020-09-03,2020-09-07,1033,lv,30.0,36.0,1.4
2020,G,IN,Governor,BK Strategies,R,2020-10-04,2020-10-05,600,lv,21.0,60.0,1.3
2020,G,IN,Governor,SurveyUSA,,2020-10-08,2020-10-13,685,lv,25.0,55.0,2.8
2020,G,IN,Governor,Ragnar Research Partners,R,2020-10-18,2020-10-21,629,lv,26.0,52.0,1.3
2020,G,IN,Governor,Cygnal,R,2020-10-21,2020-10-23,600,lv,28.5,46.8,2.1
2020,G,MO,Governor,Remington,,2019-02-27,2019-02-27,893,lv,40.0,51.0,2.6
2020,G,MO,Governor,Remington,,2019-06-26,2019-06-27,960,lv,37.0,50.0,2.6
2020,G,MO,Governor,Remington,,2019-08-14,2019-08-15,855,lv,39.0,50.0,2.6
2020,G,MO,Governor,Human Agency,,2019-09-16,2019-09-18,825,rv,35.9,45.0,
2020,G,MO,Governor,Remington,,2019-10-09,2019-10-10,1451,lv,41.0,53.0,2.6
2020,G,MO,Governor,Human Agency,,2019-10-18,2019-10-20,550,rv,34.3,50.1,
2020,G,MO,Governor,PPP,D,2019-11-14,2019-11-15,921,lv,36.0,45.0,1.4
2020,G,MO,Governor,Human Agency,,2019-11-17,2019-11-20,400,rv,35.3,50.5,
2020,G,MO,Governor,Human Agency,,2019-12-20,2019-12-24,415,rv,36.1,50.5,
2020,G,MO,Governor,American Viewpoint,R,2020-01-20,2020-01-22,1200,lv,36.0,54.0,1.2
2020,G,MO,Governor,Remington,,2020-03-11,2020-03-12,1241,lv,39.0,52.0,2.6
2020,G,MO,Governor,Remington,,2020-04-28,2020-04-29,1356,lv,39.0,52.0,2.6
2020,G,MO,Governor,We Ask America,,2020-05-26,2020-05-27,500,lv,39.0,47.0,
2020,G,MO,Governor,Remington,,2020-06-10,2020-06-11,1152,lv,41.0,50.0,2.6
2020,G,MO,Governor,Garin Hart Yang,D,2020-06-16,2020-06-22,800,lv,40.0,47.0,1.0
2020,G,MO,Governor,YouGov,,2020-06-23,2020-07-01,900,lv,38.8,41.0,3.0
2020,G,MO,Governor,Remington,,2020-08-12,2020-08-13,1112,lv,43.0,50.0,2.6
2020,G,MO,Governor,Trafalgar Group,R,2020-08-26,2020-08-28,1015,lv,36.3,51.0,0.7
2020,G,MO,Governor,We Ask America,,2020-09-01,2020-09-03,500,lv,41.0,54.0,
2020,G,MO,Governor,Remington,,2020-09-16,2020-09-17,1046,lv,43.0,52.0,2.6
2020,G,MO,Governor,Remington,,2020-09-30,2020-10-01,980,lv,44.0,51.0,2.6
2020,G,MO,Governor,Garin Hart Yang,D,2020-09-28,2020-10-02,600,lv,48.0,50.0,1.0
2020,G,MO,Governor,YouGov,,2020-09-24,2020-10-07,931,lv,43.7,49.7,3.0
2020,G,MO,Governor,Remington,,2020-10-14,2020-10-15,1010,lv,43.0,51.0,2.6
2020,G,MO,Governor,Cygnal,R,2020-10-18,2020-10-20,600,lv,41.5,48.1,2.1
2020,G,MO,Governor,Remington,,2020-10-28,2020-10-29,1010,lv,44.0,50.0,2.6
2020,G,MT,Governor,University of Montana,,2020-06-17,2020-06-26,517,rv,36.2,45.5,
2020,G,MT,Governor,PPP,,2020-07-09,2020-07-10,1224,v,42.0,46.0,1.4
2020,G,MT,Governor,Civiqs,D,2020-07-11,2020-07-13,873,rv,44.0,47.0,2.4
2020,G,MT,Governor,Emerson,,2020-07-31,2020-08-02,584,lv,41.06,49.55,2.9
2020,G,MT,Governor,Global Strategy Group,D,2020-08-18,2020-08-23,600,lv,46.0,47.0,1.8
2020,G,MT,Governor,MSU - Bozeman,,2020-09-14,2020-10-02,1615,lv,42.0,47.0,
2020,G,MT,Governor,Emerson,,2020-10-05,2020-10-07,500,lv,41.3,53.6,2.9
2020,G,MT,Governor,RMG Research,,2020-10-15,2020-10-18,800,lv,45.0,48.0,2.3
2020,G,MT,Governor,Siena/NYT,,2020-10-18,2020-10-20,758,lv,44.0,48.0,3.0
2020,G,MT,Governor,Strategies 360,,2020-10-15,2020-10-20,500,lv,41.0,48.0,1.3
2020,G,MT,Governor,MSU - Billings,,2020-10-19,2020-10-24,546,lv,45.0,45.0,1.5
2020,G,MT,Governor,Change Research,,2020-10-29,2020-11-02,920,lv,44.0,48.0,1.4
2020,G,NC,Governor,PPP,,2019-01-04,2019-01-07,750,rv,47.0,35.0,1.4
2020,G,NC,Governor,Spry Strategies,R,2019-05-25,2019-06-01,730,lv,40.0,44.0,1.5
2020,G,NC,Governor,Emerson,,2019-05-31,2019-06-03,932,rv,52.3,37.9,2.9
2020,G,NC,Governor,Harper Polling,,2019-06-08,2019-06-10,500,lv,47.0,37.0,
2020,G,NC,Governor,PPP,,2019-06-18,2019-06-19,610,rv,45.0,41.0,1.4
2020,G,NC,Governor,Harper Polling,,2019-08-01,2019-08-04,500,lv,48.0,36.0,
2020,G,NC,Governor,Meredith College,,2019-09-29,2019-10-07,998,rv,45.5,32.9,1.6
2020,G,NC,Governor,Harper Polling,,2019-10-15,2019-10-17,500,lv,46.0,36.0,
2020,G,NC,Governor,East Carolina University,,2020-02-27,2020-02-28,1288,rv,49.0,40.6,2.6
2020,G,NC,Governor,Harper Polling,,2020-04-05,2020-04-07,500,lv,50.0,33.0,
2020,G,NC,Governor,PPP,,2020-04-14,2020-04-15,1318,v,50.0,36.0,1.4
2020,G,NC,Governor,Garin Hart Yang,D,2020-04-13,2020-04-18,800,lv,55.0,36.0,1.0
2020,G,NC,Governor,PPP,D,2020-04-20,2020-04-21,1275,v,53.0,40.0,1.4
2020,G,NC,Governor,SurveyUSA,,2020-04-23,2020-04-26,580,lv,57.0,30.0,2.8
2020,G,NC,Governor,Meredith College,,2020-04-27,2020-04-28,604,rv,52.0,32.1,1.6
2020,G,NC,Governor,Civiqs,D,2020-05-02,2020-05-04,1362,rv,53.0,44.0,2.4
2020,G,NC,Governor,East Carolina University,,2020-05-07,2020-05-09,1111,rv,50.8,36.1,2.6
2020,G,NC,Governor,Meeting Street Insights,R,2020-05-09,2020-05-13,500,rv,55.4,37.4,1.4
2020,G,NC,Governor,Neighborhood Research,,2020-05-12,2020-05-21,391,lv,47.0,35.0,1.3
2020,G,NC,Governor,Harper Polling,,2020-05-26,2020-05-28,500,lv,49.0,37.0,
2020,G,NC,Governor,PPP,,2020-06-02,2020-06-03,949,v,50.0,39.0,1.4
2020,G,NC,Governor,Gravis Marketing (2020 and earlier),R,2020-06-17,2020-06-17,631,rv,46.0,46.0,2.0
2020,G,NC,Governor,Redfield & Wilton Strategies,,2020-06-14,2020-06-17,902,lv,52.0,31.0,1.8
2020,G,NC,Governor,Siena/NYT,,2020-06-08,2020-06-18,653,rv,50.0,39.0,3.0
2020,G,NC,Governor,PPP,,2020-06-22,2020-06-23,1157,v,50.0,41.0,1.4
2020,G,NC,Governor,East Carolina University,,2020-06-22,2020-06-25,1149,rv,49.4,38.0,2.6
2020,G,NC,Governor,Cardinal Point Analytics (CardinalGPS),,2020-07-13,2020-07-15,547,lv,49.0,46.4,1.6
2020,G,NC,Governor,Redfield & Wilton Strategies,,2020-07-19,2020-07-21,919,lv,51.0,37.0,1.8
2020,G,NC,Governor,Marist College,,2020-07-14,2020-07-22,882,rv,58.0,38.0,2.9
2020,G,NC,Governor,PPP,D,2020-07-23,2020-07-24,884,v,53.0,42.0,1.4
2020,G,NC,Governor,Cardinal Point Analytics (CardinalGPS),,2020-07-22,2020-07-24,735,lv,46.1,46.4,1.6
2020,G,NC,Governor,Emerson,,2020-08-08,2020-08-10,673,lv,49.46,43.48,2.9
2020,G,NC,Governor,Harper Polling,,2020-08-06,2020-08-10,600,lv,49.0,39.0,
2020,G,NC,Governor,East Carolina University,,2020-08-12,2020-08-13,1255,rv,51.5,38.4,2.6
2020,G,NC,Governor,Redfield & Wilton Strategies,,2020-08-16,2020-08-17,967,lv,51.0,38.0,1.8
2020,G,NC,Governor,East Carolina University,,2020-08-29,2020-08-30,1101,lv,50.1,40.2,2.6
2020,G,NC,Governor,Monmouth,,2020-08-29,2020-09-01,401,rv,51.0,40.0,2.9
2020,G,NC,Governor,Monmouth,,2020-08-29,2020-09-01,401,lv,51.0,42.0,2.9
2020,G,NC,Governor,Monmouth,,2020-08-29,2020-09-01,401,lv,51.0,42.0,2.9
2020,G,NC,Governor,Redfield & Wilton Strategies,,2020-08-30,2020-09-03,951,lv,54.0,35.0,1.8
2020,G,NC,Governor,SurveyUSA,,2020-09-10,2020-09-13,596,lv,49.0,42.0,2.8
2020,G,NC,Governor,CNN/SSRS,,2020-09-09,2020-09-13,893,rv,53.0,42.0,2.8
2020,G,NC,Governor,CNN/SSRS,,2020-09-09,2020-09-13,787,lv,53.0,44.0,2.8
2020,G,NC,Governor,Kaiser Family Foundation,,2020-08-29,2020-09-13,1172,rv,48.0,38.0,2.5
2020,G,NC,Governor,Suffolk,,2020-09-11,2020-09-14,500,lv,50.4,38.0,2.9
2020,G,NC,Governor,Redfield & Wilton Strategies,,2020-09-12,2020-09-15,1092,lv,55.0,36.0,1.8
2020,G,NC,Governor,Siena/NYT,,2020-09-11,2020-09-16,653,lv,47.0,42.0,3.0
2020,G,NC,Governor,Harper Polling,,2020-09-17,2020-09-20,612,lv,46.0,39.0,
2020,G,NC,Governor,Meredith College,,2020-09-18,2020-09-22,705,rv,49.6,39.3,1.6
2020,G,NC,Governor,U. Massachusetts - Lowell,,2020-09-18,2020-09-25,921,lv,54.0,41.0,2.9
2020,G,NC,Governor,Anzalone Liszt Grove,D,2020-09-22,2020-09-28,822,v,53.0,43.0,1.5
2020,G,NC,Governor,East Carolina University,,2020-10-02,2020-10-04,1232,lv,54.5,40.5,2.6
2020,G,NC,Governor,PPP,,2020-10-04,2020-10-05,911,v,52.0,40.0,1.4
2020,G,NC,Governor,SurveyUSA,,2020-10-08,2020-10-11,669,lv,52.0,39.0,2.8
2020,G,NC,Governor,Monmouth,,2020-10-08,2020-10-11,500,rv,51.0,44.0,2.9
2020,G,NC,Governor,Monmouth,,2020-10-08,2020-10-11,500,lv,52.0,44.0,2.9
2020,G,NC,Governor,Monmouth,,2020-10-08,2020-10-11,500,lv,51.0,46.0,2.9
2020,G,NC,Governor,RMG Research,,2020-10-07,2020-10-11,800,lv,51.0,37.0,2.3
2020,G,NC,Governor,Siena/NYT,,2020-10-09,2020-10-13,627,lv,51.0,37.0,3.0
2020,G,NC,Governor,Emerson,,2020-10-13,2020-10-14,721,lv,50.3,45.9,2.9
2020,G,NC,Governor,Civiqs,D,2020-10-11,2020-10-14,1211,lv,53.0,46.0,2.4
2020,G,NC,Governor,East Carolina University,,2020-10-15,2020-10-18,1155,lv,55.4,43.3,2.6
2020,G,NC,Governor,Meredith College,,2020-10-16,2020-10-19,732,lv,52.1,33.7,1.6
2020,G,NC,Governor,Harper Polling,,2020-10-22,2020-10-25,504,lv,52.0,42.0,
2020,G,NC,Governor,RMG Research,,2020-10-24,2020-10-26,800,lv,53.0,41.0,2.3
2020,G,NC,Governor,SurveyUSA,,2020-10-23,2020-10-26,637,lv,53.0,42.0,2.8
2020,G,NC,Governor,Swayable,,2020-10-23,2020-10-26,386,lv,52.8,43.8,
2020,G,NC,Governor,U. Massachusetts - Lowell,,2020-10-20,2020-10-26,911,lv,54.0,42.0,2.9
2020,G,NC,Governor,Gravis Marketing (2020 and earlier),,2020-10-26,2020-10-27,614,lv,51.0,43.0,2.0
2020,G,NC,Governor,Meeting Street Insights,R,2020-10-24,2020-10-27,600,lv,51.0,43.0,1.4
2020,G,NC,Governor,Siena/NYT,,2020-10-23,2020-10-27,1034,lv,51.0,42.0,3.0
2020,G,NC,Governor,Cardinal Point Analytics (CardinalGPS),,2020-10-27,2020-10-28,750,lv,46.84,45.49,1.6
2020,G,NC,Governor,East Carolina University,,2020-10-27,2020-10-28,1103,lv,54.31,43.34,2.6
2020,G,NC,Governor,Marist College,,2020-10-25,2020-10-28,1049,rv,59.0,40.0,2.9
2020,G,NC,Governor,Marist College,,2020-10-25,2020-10-28,800,lv,59.0,40.0,2.9
2020,G,NC,Governor,CNN/SSRS,,2020-10-23,2020-10-30,901,lv,52.0,42.0,2.8
2020,G,NC,Governor,CNN/SSRS,,2020-10-23,2020-10-30,932,rv,51.0,41.0,2.8
2020,G,NC,Governor,Frederick Polls LLC,,2020-10-30,2020-10-31,676,lv,52.0,45.0,1.6
2020,G,NC,Governor,Emerson,,2020-10-29,2020-10-31,855,lv,54.7,44.8,2.9
2020,G,NC,Governor,Swayable,,2020-10-27,2020-11-02,655,lv,54.7,42.2,
2020,G,ND,Governor,DFM Research,,2020-09-12,2020-09-16,500,lv,24.0,56.0,1.3
2020,G,NH,Governor,Emerson,,2019-09-06,2019-09-09,1041,rv,37.3,52.8,2.9
2020,G,NH,Governor,U. New Hampshire,,2020-02-19,2020-02-25,576,lv,27.0,56.0,2.6
2020,G,NH,Governor,U. New Hampshire,,2020-05-14,2020-05-18,787,lv,21.0,61.0,2.6
2020,G,NH,Governor,We Ask America,,2020-06-13,2020-06-15,500,lv,20.0,59.0,
2020,G,NH,Governor,U. New Hampshire,,2020-06-18,2020-06-22,942,lv,23.0,62.0,2.6
2020,G,NH,Governor,U. New Hampshire,,2020-07-16,2020-07-28,1893,lv,28.0,59.0,2.6
2020,G,NH,Governor,U. New Hampshire,,2020-08-28,2020-09-01,1889,lv,33.0,57.0,2.6
2020,G,NH,Governor,U. Massachusetts - Lowell,,2020-09-17,2020-09-25,657,lv,34.0,60.0,2.9
2020,G,NH,Governor,ARG,,2020-09-25,2020-09-28,600,lv,44.0,52.0,2.3
2020,G,NH,Governor,U. New Hampshire,,2020-09-24,2020-09-28,972,lv,37.0,55.0,2.6
2020,G,NH,Governor,Emerson,,2020-09-30,2020-10-01,700,lv,40.0,54.8,2.9
2020,G,NH,Governor,St. Anselm,,2020-10-01,2020-10-04,1147,lv,35.0,58.0,2.4
2020,G,NH,Governor,U. New Hampshire,,2020-10-09,2020-10-12,899,lv,37.0,62.0,2.6
2020,G,NH,Governor,Suffolk,,2020-10-08,2020-10-12,500,lv,31.0,55.2,2.9
2020,G,NH,Governor,St. Anselm,,2020-10-23,2020-10-26,1018,lv,35.0,60.0,2.4
2020,G,NH,Governor,U. Massachusetts - Lowell,,2020-10-16,2020-10-26,757,lv,36.0,59.0,2.9
2020,G,NH,Governor,ARG,,2020-10-26,2020-10-28,600,lv,46.0,51.0,2.3
2020,G,NH,Governor,U. New Hampshire,,2020-10-24,2020-10-28,864,lv,36.0,60.0,2.6
2020,G,UT,Governor,RMG Research,,2020-07-27,2020-08-01,1000,rv,17.0,49.0,2.3
2020,G,UT,Governor,RMG Research,,2020-09-07,2020-09-12,1000,lv,19.0,52.0,2.3
2020,G,UT,Governor,Lighthouse Research,,2020-08-31,2020-09-12,504,rv,19.6,55.0,
2020,G,UT,Governor,Y2 Analytics,,2020-09-26,2020-10-04,1214,lv,29.0,57.0,1.1
2020,G,UT,Governor,RMG Research,,2020-10-12,2020-10-17,1000,lv,26.0,50.0,2.3
2020,G,UT,Governor,Y2 Analytics,,2020-10-15,2020-10-24,660,lv,33.0,58.0,1.1
2020,G,VT,Governor,Braun,,2020-02-04,2020-02-10,603,rv,29.0,52.0,2.3
2020,G,VT,Governor,We Ask America,,2020-06-02,2020-06-03,500,lv,25.0,60.0,
2020,G,VT,Governor,Braun,,2020-09-03,2020-09-15,586,lv,23.96,55.33,2.3
2020,G,WA,Governor,SurveyUSA,,2020-05-16,2020-05-19,530,lv,56.0,31.0,2.8
2020,G,WA,Governor,SurveyUSA,,2020-07-22,2020-07-27,534,lv,61.0,32.0,2.8
2020,G,WA,Governor,Strategies 360,,2020-09-08,2020-09-14,501,rv,53.0,37.0,1.3
2020,G,WA,Governor,SurveyUSA,,2020-10-08,2020-10-12,591,lv,54.0,40.0,2.8
2020,G,WA,Governor,PPP,D,2020-10-14,2020-10-15,610,lv,56.0,40.0,1.4
2020,G,WA,Governor,Swayable,,2020-10-23,2020-11-01,474,lv,59.1,40.9,
2020,G,WV,Governor,Mark Blankenship Enterprises,R,2020-09-10,2020-09-14,504,lv,27.0,54.0,
2020,G,WV,Governor,Triton Polling & Research,,2020-09-29,2020-09-30,525,rv,37.0,48.0,
2020,G,WV,Governor,Strategies Unlimited,D,2020-09-26,2020-09-30,600,lv,40.0,46.0,
2020,G,WV,Governor,Research America,,2020-10-01,2020-10-06,450,lv,34.0,53.0,0.7
2020,G,WV,Governor,Triton Polling & Research,,2020-10-19,2020-10-20,544,lv,34.9,53.1,
2020,H,AK,House AK-01,Data for Progress,,2020-05-21,2020-05-27,589,lv,43.0,42.0,2.6
2020,H,AK,House AK-01,PPP,,2020-07-07,2020-07-08,1081,v,43.0,41.0,1.4
2020,H,AK,House AK-01,Alaska Survey Research,,2020-09-25,2020-10-04,676,lv,48.0,46.0,1.9
2020,H,AK,House AK-01,Siena/NYT,,2020-10-09,2020-10-14,423,lv,41.0,49.0,3.0
2020,H,AK,House AK-01,Gravis Marketing (2020 and earlier),,2020-10-26,2020-10-28,770,lv,44.0,49.0,2.0
2020,H,AR,House AR-02,Anzalone Liszt Grove,D,2020-06-18,2020-06-24,501,lv,43.0,50.0,1.5
2020,H,AR,House AR-02,Hendrix College,,2020-09-04,2020-09-09,698,lv,46.0,47.5,0.9
2020,H,AR,House AR-02,Anzalone Liszt Grove,D,2020-09-09,2020-09-13,511,lv,46.0,50.0,1.5
2020,H,AR,House AR-02,brilliant corners Research & Strategies,D,2020-09-10,2020-09-16,605,lv,48.0,46.0,1.0
2020,H,AR,House AR-02,Anzalone Liszt Grove,D,2020-09-27,2020-09-29,511,lv,48.0,48.0,1.5
2020,H,AR,House AR-02,Hendrix College,,2020-10-11,2020-10-13,644,lv,45.5,46.0,0.9
2020,H,AR,House AR-02,Anzalone Liszt Grove,D,2020-10-16,2020-10-21,500,lv,47.0,47.0,1.5
2020,H,AR,House AR-02,Change Research,,2020-10-29,2020-11-02,586,lv,48.0,48.0,1.4
2020,H,AZ,House AZ-06,DCCC Targeting Team,D,2020-07-29,2020-08-01,586,lv,43.0,46.0,1.1
2020,H,AZ,House AZ-06,GQR,D,2020-08-06,2020-08-12,548,lv,48.0,45.0,2.0
2020,H,AZ,House AZ-06,PPP,D,2020-09-22,2020-09-23,527,v,43.0,45.0,1.4
2020,H,AZ,House AZ-06,GQR,D,2020-09-23,2020-09-26,500,lv,49.0,45.0,2.0
2020,H,AZ,House AZ-06,OH Predictive Insights / MBQF,,2020-09-23,2020-09-27,531,lv,46.0,49.0,2.4
2020,H,AZ,House AZ-06,PPP,D,2020-10-26,2020-10-27,582,v,45.0,41.0,1.4
2020,H,CA,House CA-01,Lake Research,D,2020-06-10,2020-06-14,500,lv,41.0,46.0,1.2
2020,H,CA,House CA-01,Lake Research,D,2020-10-01,2020-10-04,400,lv,45.0,49.0,1.2
2020,H,CA,House CA-04,Lake Research,D,2020-04-26,2020-05-04,2196,lv,40.0,46.0,1.2
2020,H,CA,House CA-04,Lake Research,D,2020-07-22,2020-07-25,650,lv,42.0,45.0,1.2
2020,H,CA,House CA-04,Lake Research,D,2020-10-12,2020-10-14,958,lv,45.0,49.0,1.2
2020,H,CA,House CA-08,Global Strategy Group,D,2020-08-01,2020-08-05,400,lv,38.0,48.0,1.8
2020,H,CA,House CA-21,NRCC,,2019-06-30,2019-07-02,400,lv,36.0,52.0,
2020,H,CA,House CA-21,American Viewpoint,R,2020-09-08,2020-09-10,400,lv,38.0,49.0,1.2
2020,H,CA,House CA-22,Strategies 360,D,2020-06-23,2020-06-29,400,lv,42.0,51.0,1.3
2020,H,CA,House CA-22,Strategies 360,D,2020-09-29,2020-10-01,400,lv,46.0,51.0,1.3
2020,H,CA,House CA-25,DCCC Targeting Team,D,2020-05-06,2020-05-10,675,lv,48.0,46.0,1.1
2020,H,CA,House CA-25,American Viewpoint,R,2020-07-26,2020-07-28,400,lv,41.0,48.0,1.2
2020,H,CA,House CA-25,Global Strategy Group,D,2020-08-26,2020-08-30,400,lv,45.0,46.0,1.8
2020,H,CA,House CA-25,"Normington, Petts & Associates",D,2020-09-21,2020-09-23,400,lv,51.0,45.0,0.7
2020,H,CA,House CA-25,Breakthrough Campaigns,D,2020-10-03,2020-10-06,644,lv,49.0,47.0,1.5
2020,H,CA,House CA-39,NRCC,,2019-06-30,2019-07-02,400,lv,44.0,46.0,
2020,H,CA,House CA-39,Public Opinion Strategies,R,2020-07-27,2020-07-30,400,lv,47.0,45.0,1.6
2020,H,CA,House CA-39,Public Opinion Strategies,R,2020-10-11,2020-10-14,400,lv,46.0,47.0,1.6
2020,H,CA,House CA-48,TargetPoint,R,2019-08-10,2019-08-11,336,lv,42.0,42.0,1.3
2020,H,CA,House CA-49,SurveyUSA,,2020-09-11,2020-09-14,517,lv,49.0,37.0,2.8
2020,H,CA,House CA-49,SurveyUSA,,2020-10-08,2020-10-12,514,lv,56.0,36.0,2.8
2020,H,CA,House CA-50,Strategies 360,D,2020-03-18,2020-03-21,400,lv,45.0,48.0,1.3
2020,H,CA,House CA-50,Strategies 360,D,2020-07-22,2020-07-26,400,lv,43.0,47.0,1.3
2020,H,CA,House CA-50,SurveyUSA,,2020-09-04,2020-09-07,508,lv,45.0,46.0,2.8
2020,H,CA,House CA-50,Strategies 360,D,2020-10-10,2020-10-13,401,lv,42.0,42.0,1.3
2020,H,CA,House CA-50,SurveyUSA,,2020-10-22,2020-10-26,538,lv,40.0,51.0,2.8
2020,H,CO,House CO-03,Expedition Strategies,D,2020-09-09,2020-09-14,754,lv,46.0,44.0,1.2
2020,H,CO,House CO-03,DCCC Targeting Team,D,2020-10-19,2020-10-20,491,lv,44.0,43.0,1.1
2020,H,DE,House DE-01,University of Delaware,,2020-09-21,2020-09-27,847,lv,51.0,29.0,
2020,H,FL,House FL-04,St. Pete Polls,,2020-09-02,2020-09-02,1072,lv,34.8,61.4,2.4
2020,H,FL,House FL-04,U. North Florida,,2020-10-01,2020-10-04,863,lv,38.0,57.0,2.8
2020,H,FL,House FL-13,St. Pete Polls,,2020-08-29,2020-08-30,2160,lv,54.8,38.6,2.4
2020,H,FL,House FL-13,St. Pete Polls,,2020-10-28,2020-10-28,1280,lv,54.8,38.6,2.4
2020,H,FL,House FL-15,GQR,D,2020-09-04,2020-09-06,400,lv,42.0,49.0,2.0
2020,H,FL,House FL-15,DCCC Targeting Team,D,2020-09-30,2020-10-04,390,lv,39.0,42.0,1.1
2020,H,FL,House FL-15,St. Pete Polls,,2020-10-15,2020-10-15,943,lv,40.5,48.5,2.4
2020,H,FL,House FL-15,Change Research,D,2020-10-22,2020-10-24,530,lv,44.0,46.0,1.4
2020,H,FL,House FL-16,Data Targeting,R,2020-01-14,2020-01-16,400,lv,33.0,53.0,1.4
2020,H,FL,House FL-16,Global Strategy Group,D,2020-07-07,2020-07-12,500,lv,41.0,47.0,1.8
2020,H,FL,House FL-16,Data Targeting,R,2020-08-27,2020-08-29,400,lv,35.0,51.0,1.4
2020,H,FL,House FL-16,Global Strategy Group,D,2020-09-24,2020-09-27,500,lv,43.0,49.0,1.8
2020,H,FL,House FL-16,Data Targeting,R,2020-09-29,2020-10-01,400,lv,37.0,53.0,1.4
2020,H,FL,House FL-16,Data Targeting,R,2020-10-06,2020-10-08,403,lv,37.0,52.0,1.4
2020,H,FL,House FL-16,Change Research,D,2020-10-05,2020-10-08,527,lv,45.0,48.0,1.4
2020,H,FL,House FL-16,Data Targeting,R,2020-10-19,2020-10-21,400,lv,38.0,53.0,1.4
2020,H,FL,House FL-18,St. Pete Polls,,2020-09-18,2020-09-18,1149,lv,42.0,50.0,2.4
2020,H,FL,House FL-18,Clearview Research,D,2020-10-07,2020-10-09,301,lv,45.0,43.0,0.8
2020,H,FL,House FL-21,St. Pete Polls,,2020-10-02,2020-10-02,1015,lv,61.0,33.0,2.4
2020,H,FL,House FL-26,Meeting Street Insights,R,2020-07-14,2020-07-18,400,rv,42.0,47.0,1.4
2020,H,FL,House FL-27,1892 Polling,R,2020-09-02,2020-09-06,400,lv,42.8,45.5,1.3
2020,H,FL,House FL-27,Bendixen & Amandi International,D,2020-10-09,2020-10-13,500,lv,50.0,43.0,1.0
2020,H,GA,House GA-06,NRCC,,2019-06-30,2019-07-02,400,lv,42.0,46.0,
2020,H,GA,House GA-06,North Star Opinion Research,R,2020-03-15,2020-03-17,400,rv,47.0,49.0,1.1
2020,H,GA,House GA-06,North Star Opinion Research,R,2020-07-26,2020-07-28,400,rv,48.0,46.0,1.1
2020,H,GA,House GA-06,GQR,D,2020-08-11,2020-08-16,401,lv,50.0,47.0,2.0
2020,H,GA,House GA-07,PPP,D,2020-06-19,2020-06-20,589,v,42.0,39.0,1.4
2020,H,IA,House IA-01,Harper Polling,R,2020-01-11,2020-01-12,400,lv,44.0,40.0,
2020,H,IA,House IA-01,Public Opinion Strategies,R,2020-03-03,2020-03-05,400,lv,45.0,44.0,1.6
2020,H,IA,House IA-01,Monmouth,,2020-07-25,2020-08-03,391,rv,51.0,41.0,2.9
2020,H,IA,House IA-01,Monmouth,,2020-07-25,2020-08-03,391,lv,52.0,41.0,2.9
2020,H,IA,House IA-01,Monmouth,,2020-07-25,2020-08-03,391,lv,52.0,40.0,2.9
2020,H,IA,House IA-01,Basswood Research,R,2020-09-26,2020-09-28,400,lv,45.0,45.0,1.1
2020,H,IA,House IA-01,Monmouth,,2020-10-15,2020-10-20,352,rv,52.0,44.0,2.9
2020,H,IA,House IA-01,Monmouth,,2020-10-15,2020-10-20,352,lv,54.0,44.0,2.9
2020,H,IA,House IA-01,Monmouth,,2020-10-15,2020-10-20,352,lv,56.0,42.0,2.9
2020,H,IA,House IA-02,Harper Polling,R,2020-07-26,2020-07-28,406,lv,41.0,41.0,
2020,H,IA,House IA-02,Monmouth,,2020-07-25,2020-08-03,374,rv,44.0,47.0,2.9
2020,H,IA,House IA-02,Monmouth,,2020-07-25,2020-08-03,374,lv,44.0,48.0,2.9
2020,H,IA,House IA-02,Monmouth,,2020-07-25,2020-08-03,374,lv,45.0,48.0,2.9
2020,H,IA,House IA-02,Monmouth,,2020-10-15,2020-10-20,355,rv,49.0,43.0,2.9
2020,H,IA,House IA-02,Monmouth,,2020-10-15,2020-10-20,355,lv,51.0,42.0,2.9
2020,H,IA,House IA-02,Monmouth,,2020-10-15,2020-10-20,355,lv,54.0,41.0,2.9
2020,H,IA,House IA-03,Tarrance,R,2020-03-10,2020-03-12,400,rv,48.0,48.0,1.6
2020,H,IA,House IA-03,Tarrance,R,2020-07-07,2020-07-09,400,lv,43.0,44.0,1.6
2020,H,IA,House IA-03,Monmouth,,2020-07-25,2020-08-03,507,rv,48.0,42.0,2.9
2020,H,IA,House IA-03,Monmouth,,2020-07-25,2020-08-03,507,lv,50.0,42.0,2.9
2020,H,IA,House IA-03,Monmouth,,2020-07-25,2020-08-03,507,lv,52.0,41.0,2.9
2020,H,IA,House IA-03,Monmouth,,2020-10-15,2020-10-20,426,rv,52.0,43.0,2.9
2020,H,IA,House IA-03,Monmouth,,2020-10-15,2020-10-20,426,lv,53.0,42.0,2.9
2020,H,IA,House IA-03,Monmouth,,2020-10-15,2020-10-20,426,lv,55.0,41.0,2.9
2020,H,IA,House IA-04,Monmouth,,2020-07-25,2020-08-03,393,rv,34.0,54.0,2.9
2020,H,IA,House IA-04,Monmouth,,2020-07-25,2020-08-03,393,lv,34.0,55.0,2.9
2020,H,IA,House IA-04,Monmouth,,2020-07-25,2020-08-03,393,lv,33.0,56.0,2.9
2020,H,IA,House IA-04,American Viewpoint,R,2020-10-06,2020-10-08,400,lv,31.0,54.0,1.2
2020,H,IA,House IA-04,Change Research,D,2020-10-13,2020-10-15,603,lv,45.0,50.0,1.4
2020,H,IA,House IA-04,Monmouth,,2020-10-15,2020-10-20,414,rv,42.0,48.0,2.9
2020,H,IA,House IA-04,Monmouth,,2020-10-15,2020-10-20,414,lv,43.0,48.0,2.9
2020,H,IA,House IA-04,Monmouth,,2020-10-15,2020-10-20,414,lv,44.0,47.0,2.9
2020,H,IL,House IL-03,Ogden & Fry,R,2020-09-07,2020-09-07,759,lv,46.1,43.9,1.6
2020,H,IL,House IL-03,Victory Research,,2020-10-29,2020-11-01,600,lv,55.5,32.2,1.8
2020,H,IL,House IL-06,Ogden & Fry,R,2019-12-17,2019-12-17,575,lv,37.5,47.0,1.6
2020,H,IL,House IL-06,Victory Research,,2020-10-29,2020-11-01,600,lv,54.7,40.5,1.8
2020,H,IL,House IL-13,RMG Research,,2020-07-27,2020-08-07,500,rv,43.0,41.0,2.3
2020,H,IL,House IL-13,GBAO,D,2020-09-17,2020-09-20,500,lv,47.0,48.0,1.2
2020,H,IL,House IL-13,Tulchin Research,D,2020-10-01,2020-10-06,400,lv,48.0,43.0,0.9
2020,H,IL,House IL-14,McLaughlin,R,2019-07-30,2019-08-04,300,lv,47.0,38.0,0.5
2020,H,IL,House IL-17,Public Opinion Strategies,R,2020-10-04,2020-10-06,400,lv,48.0,42.0,1.6
2020,H,IL,House IL-17,Tarrance,R,2020-10-10,2020-10-12,418,lv,49.0,44.0,1.6
2020,H,IL,House IL-17,Victory Research,,2020-10-29,2020-11-01,600,lv,54.3,43.7,1.8
2020,H,IN,House IN-05,GBAO,D,2020-06-25,2020-06-28,500,lv,51.0,45.0,1.2
2020,H,IN,House IN-05,WPAi,R,2020-08-04,2020-08-06,400,lv,40.0,47.0,1.7
2020,H,IN,House IN-05,Tulchin Research,D,2020-08-05,2020-08-10,400,lv,50.0,44.0,0.9
2020,H,IN,House IN-05,Global Strategy Group,D,2020-08-17,2020-08-19,400,lv,47.0,40.0,1.8
2020,H,IN,House IN-05,Change Research,,2020-10-29,2020-11-02,596,lv,46.0,46.0,1.4
2020,H,KS,House KS-01,VCreek/AMG,,2020-09-29,2020-09-30,761,lv,25.0,56.0,1.1
2020,H,KS,House KS-02,Battleground Connect,R,2020-07-16,2020-07-17,1250,lv,41.4,42.4,
2020,H,KS,House KS-02,DCCC Targeting Team,D,2020-07-29,2020-07-30,488,lv,41.0,45.0,1.1
2020,H,KS,House KS-02,VCreek/AMG,,2020-09-29,2020-09-30,739,lv,36.0,47.0,1.1
2020,H,KS,House KS-03,VCreek/AMG,,2020-09-29,2020-09-30,712,lv,56.0,36.0,1.1
2020,H,KS,House KS-04,VCreek/AMG,,2020-09-29,2020-09-30,842,lv,37.0,51.0,1.1
2020,H,KY,House KY-06,Bluegrass Data Analytics,,2020-07-13,2020-07-13,700,lv,50.0,48.0,
2020,H,ME,House ME-01,Digital Research,,2020-07-28,2020-08-09,250,rv,48.0,21.0,1.4
2020,H,ME,House ME-01,Digital Research,,2020-07-28,2020-08-09,234,lv,50.0,22.0,1.4
2020,H,ME,House ME-01,Digital Research,,2020-09-25,2020-10-04,243,rv,56.0,23.0,1.4
2020,H,ME,House ME-01,Digital Research,,2020-09-25,2020-10-04,232,lv,58.0,24.0,1.4
2020,H,ME,House ME-01,Pan Atlantic Research,,2020-10-02,2020-10-06,300,lv,54.5,34.8,2.1
2020,H,ME,House ME-01,Colby College,,2020-10-21,2020-10-25,426,lv,58.0,31.0,
2020,H,ME,House ME-02,Colby College,,2020-07-18,2020-07-24,447,lv,45.0,33.0,
2020,H,ME,House ME-02,Digital Research,,2020-07-28,2020-08-09,249,rv,42.0,33.0,1.4
2020,H,ME,House ME-02,Digital Research,,2020-07-28,2020-08-09,218,lv,46.0,36.0,1.4
2020,H,ME,House ME-02,LOC Wick,D,2020-08-25,2020-08-28,400,lv,49.5,44.25,
2020,H,ME,House ME-02,Fabrizio Ward/Hart Research Associates,,2020-08-30,2020-09-05,367,lv,53.0,40.0,
2020,H,ME,House ME-02,Siena/NYT,,2020-09-11,2020-09-16,440,lv,56.0,37.0,3.0
2020,H,ME,House ME-02,Colby College,,2020-09-17,2020-09-23,275,lv,56.0,33.0,
2020,H,ME,House ME-02,Digital Research,,2020-09-25,2020-10-04,248,rv,51.0,33.0,1.4
2020,H,ME,House ME-02,Digital Research,,2020-09-25,2020-10-04,234,lv,52.0,34.0,1.4
2020,H,ME,House ME-02,Pan Atlantic Research,,2020-10-02,2020-10-06,300,lv,60.4,32.7,2.1
2020,H,ME,House ME-02,Colby College,,2020-10-21,2020-10-25,449,lv,56.0,31.0,
2020,H,ME,House ME-02,Change Research,,2020-10-29,2020-11-02,475,lv,53.0,44.0,1.4
2020,H,MI,House MI-02,Denno Research,D,2020-07-08,2020-07-11,400,lv,31.5,48.5,1.8
2020,H,MI,House MI-03,Anzalone Liszt Grove,D,2020-06-03,2020-06-07,502,lv,40.0,39.0,1.5
2020,H,MI,House MI-03,Global Strategy Group,D,2020-09-08,2020-09-10,400,lv,41.0,41.0,1.8
2020,H,MI,House MI-03,We Ask America,,2020-09-19,2020-09-20,400,lv,41.0,48.0,
2020,H,MI,House MI-03,Anzalone Liszt Grove,D,2020-09-16,2020-09-20,501,lv,44.0,42.0,1.5
2020,H,MI,House MI-03,National Research,R,2020-10-05,2020-10-07,400,lv,43.0,50.0,2.0
2020,H,MI,House MI-03,DCCC Targeting Team,D,2020-10-07,2020-10-09,449,lv,47.0,42.0,1.1
2020,H,MI,House MI-03,Strategic National,,2020-10-15,2020-10-17,400,lv,50.0,42.0,1.6
2020,H,MI,House MI-03,Strategic National,,2020-10-15,2020-10-17,400,lv,46.0,46.0,1.6
2020,H,MI,House MI-06,Victoria Research,D,2020-05-02,2020-05-05,400,lv,38.0,37.0,1.5
2020,H,MI,House MI-06,RMG Research,,2020-07-30,2020-08-06,500,rv,40.0,36.0,2.3
2020,H,MI,House MI-06,LOC Wick,D,2020-08-25,2020-08-28,400,lv,39.87,45.64,
2020,H,MN,House MN-01,Harper Polling,R,2020-03-10,2020-03-12,406,lv,33.0,49.0,
2020,H,MN,House MN-01,Garin Hart Yang,D,2020-06-09,2020-06-13,601,lv,43.0,42.0,1.0
2020,H,MN,House MN-01,Victoria Research,D,2020-07-19,2020-07-23,511,lv,48.0,46.0,1.5
2020,H,MN,House MN-01,RMG Research,,2020-07-31,2020-08-07,500,rv,38.0,41.0,2.3
2020,H,MN,House MN-01,PPP,D,2020-09-10,2020-09-11,885,v,41.0,41.0,1.4
2020,H,MN,House MN-02,Harper Polling,R,2020-07-06,2020-07-08,401,lv,45.0,36.0,
2020,H,MN,House MN-02,"Normington, Petts & Associates",D,2020-10-12,2020-10-14,400,lv,53.0,35.0,0.7
2020,H,MN,House MN-07,Tarrance,R,2020-08-02,2020-08-05,413,lv,42.0,52.0,1.6
2020,H,MO,House MO-02,Remington,,2020-02-19,2020-02-20,1360,lv,40.0,50.0,2.6
2020,H,MO,House MO-02,PPP,D,2020-08-13,2020-08-14,925,v,45.0,42.0,1.4
2020,H,MO,House MO-02,"Normington, Petts & Associates",D,2020-09-10,2020-09-14,400,lv,49.0,49.0,0.7
2020,H,MO,House MO-02,Change Research,,2020-10-30,2020-11-02,597,lv,46.0,46.0,1.4
2020,H,MT,House MT-01,PPP,D,2020-03-12,2020-03-13,903,v,45.0,45.0,1.4
2020,H,MT,House MT-01,University of Montana,,2020-06-17,2020-06-26,517,rv,36.5,45.0,
2020,H,MT,House MT-01,Global Strategy Group,D,2020-06-24,2020-06-28,500,lv,47.0,47.0,1.8
2020,H,MT,House MT-01,PPP,,2020-07-09,2020-07-10,1224,v,44.0,44.0,1.4
2020,H,MT,House MT-01,Civiqs,D,2020-07-11,2020-07-13,873,rv,47.0,49.0,2.4
2020,H,MT,House MT-01,WPAi,R,2020-08-09,2020-08-11,500,lv,45.0,51.0,1.7
2020,H,MT,House MT-01,Expedition Strategies,D,2020-08-22,2020-08-27,400,lv,51.0,48.0,1.2
2020,H,MT,House MT-01,MSU - Bozeman,,2020-09-14,2020-10-02,1615,lv,46.0,48.0,
2020,H,MT,House MT-01,RMG Research,,2020-10-15,2020-10-18,800,lv,47.0,47.0,2.3
2020,H,MT,House MT-01,Siena/NYT,,2020-10-18,2020-10-20,758,lv,46.0,50.0,3.0
2020,H,MT,House MT-01,Strategies 360,,2020-10-15,2020-10-20,500,lv,46.0,46.0,1.3
2020,H,MT,House MT-01,MSU - Billings,,2020-10-19,2020-10-24,546,lv,46.0,47.0,1.5
2020,H,NC,House NC-08,brilliant corners Research & Strategies,D,2020-07-23,2020-07-30,800,lv,41.0,43.0,1.0
2020,H,NC,House NC-08,brilliant corners Research & Strategies,D,2020-09-28,2020-09-28,614,lv,42.0,44.0,1.0
2020,H,NC,House NC-08,DCCC Targeting Team,D,2020-10-05,2020-10-06,433,lv,45.0,42.0,1.1
2020,H,NC,House NC-09,LOC Wick,D,2020-09-30,2020-10-02,400,lv,33.53,29.78,
2020,H,NC,House NC-09,PPP,D,2020-10-28,2020-10-29,750,v,43.0,45.0,1.4
2020,H,NC,House NC-11,EMC Research,D,2020-07-09,2020-07-12,402,lv,40.0,42.0,0.9
2020,H,NC,House NC-11,DCCC Targeting Team,D,2020-08-05,2020-08-06,500,lv,41.0,46.0,1.1
2020,H,NC,House NC-11,EMC Research,D,2020-09-22,2020-09-24,400,lv,46.0,42.0,0.9
2020,H,NC,House NC-11,EMC Research,D,2020-10-15,2020-10-18,400,lv,45.0,42.0,0.9
2020,H,NE,House NE-02,GQR,D,2019-09-09,2019-09-12,400,lv,49.0,50.0,2.0
2020,H,NE,House NE-02,DCCC Targeting Team,D,2020-05-07,2020-05-10,448,lv,48.0,47.0,1.1
2020,H,NE,House NE-02,GQR,D,2020-06-30,2020-07-05,502,lv,50.0,49.0,2.0
2020,H,NE,House NE-02,Global Strategy Group,D,2020-07-27,2020-07-29,400,lv,42.0,47.0,1.8
2020,H,NE,House NE-02,Global Strategy Group,D,2020-09-14,2020-09-16,400,lv,45.0,45.0,1.8
2020,H,NE,House NE-02,Siena/NYT,,2020-09-25,2020-09-27,420,lv,43.0,45.0,3.0
2020,H,NE,House NE-02,FM3 Research,D,2020-10-01,2020-10-04,450,lv,47.0,45.0,0.7
2020,H,NE,House NE-02,Emerson,,2020-10-29,2020-10-30,806,lv,47.5,50.5,2.9
2020,H,NE,House NE-02,University of Nevada Las Vegas Lee Business School,,2020-10-30,2020-11-02,191,lv,45.7,46.8,
2020,H,NE,House NE-02,Change Research,,2020-10-29,2020-11-02,547,lv,48.0,47.0,1.4
2020,H,NH,House NH-01,U. New Hampshire,,2020-08-28,2020-09-01,925,lv,52.0,34.0,2.6
2020,H,NH,House NH-01,U. New Hampshire,,2020-09-24,2020-09-28,504,lv,56.0,38.0,2.6
2020,H,NH,House NH-01,St. Anselm,,2020-10-01,2020-10-04,595,lv,49.0,41.0,2.4
2020,H,NH,House NH-01,U. New Hampshire,,2020-10-09,2020-10-12,477,lv,53.0,43.0,2.6
2020,H,NH,House NH-01,St. Anselm,,2020-10-23,2020-10-26,560,lv,49.0,44.0,2.4
2020,H,NH,House NH-01,U. New Hampshire,,2020-10-24,2020-10-28,451,lv,48.0,50.0,2.6
2020,H,NH,House NH-02,U. New Hampshire,,2020-08-28,2020-09-01,917,lv,52.0,40.0,2.6
2020,H,NH,House NH-02,U. New Hampshire,,2020-09-24,2020-09-28,463,lv,48.0,42.0,2.6
2020,H,NH,House NH-02,St. Anselm,,2020-10-01,2020-10-04,552,lv,52.0,38.0,2.4
2020,H,NH,House NH-02,U. New Hampshire,,2020-10-09,2020-10-12,410,lv,49.0,45.0,2.6
2020,H,NH,House NH-02,St. Anselm,,2020-10-23,2020-10-26,458,lv,54.0,39.0,2.4
2020,H,NH,House NH-02,U. New Hampshire,,2020-10-24,2020-10-28,412,lv,51.0,41.0,2.6
2020,H,NJ,House NJ-02,DCCC Targeting Team,D,2020-06-30,2020-07-03,404,lv,44.0,47.0,1.1
2020,H,NJ,House NJ-02,Global Strategy Group,D,2020-08-01,2020-08-05,400,lv,46.0,45.0,1.8
2020,H,NJ,House NJ-02,RMG Research,,2020-07-30,2020-08-05,500,rv,39.0,42.0,2.3
2020,H,NJ,House NJ-02,GQR,D,2020-08-04,2020-08-06,400,lv,51.0,46.0,2.0
2020,H,NJ,House NJ-02,PPP,D,2020-09-14,2020-09-15,550,v,48.0,43.0,1.4
2020,H,NJ,House NJ-02,Anzalone Liszt Grove,D,2020-09-14,2020-09-17,505,lv,49.0,44.0,1.5
2020,H,NJ,House NJ-02,Anzalone Liszt Grove,D,2020-09-14,2020-09-17,505,lv,46.0,42.0,1.5
2020,H,NJ,House NJ-02,Monmouth,,2020-09-26,2020-10-01,588,rv,49.0,44.0,2.9
2020,H,NJ,House NJ-02,Monmouth,,2020-09-26,2020-10-01,588,lv,50.0,44.0,2.9
2020,H,NJ,House NJ-02,Monmouth,,2020-09-26,2020-10-01,588,lv,51.0,44.0,2.9
2020,H,NJ,House NJ-02,Stockton University,,2020-10-22,2020-10-27,676,lv,46.0,45.0,2.6
2020,H,NJ,House NJ-03,Basswood Research,R,2020-07-13,2020-07-15,400,lv,45.0,42.0,1.1
2020,H,NJ,House NJ-07,NRCC,,2019-06-24,2019-06-26,400,lv,42.0,44.0,
2020,H,NJ,House NJ-07,Basswood Research,R,2020-03-10,2020-03-11,400,lv,38.0,39.0,1.1
2020,H,NM,House NM-01,Research & Polling,,2020-08-26,2020-09-02,418,lv,58.0,31.0,2.1
2020,H,NM,House NM-01,Research & Polling,,2020-10-23,2020-10-29,430,lv,58.0,37.0,2.1
2020,H,NM,House NM-02,The Strategy Group Company,R,2019-01-23,2019-01-27,1070,lv,38.0,51.0,
2020,H,NM,House NM-02,Public Opinion Strategies,R,2019-12-18,2019-12-19,400,lv,46.0,48.0,1.6
2020,H,NM,House NM-02,Tarrance,R,2020-07-07,2020-07-09,400,lv,46.0,46.0,1.6
2020,H,NM,House NM-02,Research & Polling,,2020-08-26,2020-09-02,404,lv,47.0,45.0,2.1
2020,H,NM,House NM-02,Tarrance,R,2020-09-26,2020-09-29,400,lv,47.0,48.0,1.6
2020,H,NM,House NM-02,Strategies 360,D,2020-10-16,2020-10-20,406,lv,47.0,46.0,1.3
2020,H,NM,House NM-02,Research & Polling,,2020-10-23,2020-10-29,403,lv,46.0,48.0,2.1
2020,H,NM,House NM-03,Research & Polling,,2020-08-26,2020-09-02,301,lv,50.0,35.0,2.1
2020,H,NM,House NM-03,Research & Polling,,2020-10-23,2020-10-29,347,lv,58.0,35.0,2.1
2020,H,NY,House NY-01,PPP,D,2020-07-14,2020-07-15,1100,v,40.0,47.0,1.4
2020,H,NY,House NY-01,Global Strategy Group,D,2020-08-03,2020-08-05,400,lv,42.0,47.0,1.8
2020,H,NY,House NY-01,Tulchin Research,D,2020-08-05,2020-08-10,400,lv,48.0,46.0,0.9
2020,H,NY,House NY-01,GQR,D,2020-10-05,2020-10-08,402,lv,48.0,49.0,2.0
2020,H,NY,House NY-03,Douma Research,R,2020-08-01,2020-08-02,550,lv,50.0,39.0,
2020,H,NY,House NY-11,Marist College,,2020-10-19,2020-10-21,650,lv,46.0,48.0,2.9
2020,H,NY,House NY-11,Marist College,,2020-10-19,2020-10-21,861,rv,47.0,46.0,2.9
2020,H,NY,House NY-18,Global Strategy Group,D,2020-10-06,2020-10-11,400,lv,53.0,35.0,1.8
2020,H,NY,House NY-22,Siena,,2020-09-27,2020-10-04,383,lv,48.0,39.0,2.7
2020,H,NY,House NY-23,Global Strategy Group,D,2020-07-23,2020-07-26,502,lv,38.0,50.0,1.8
2020,H,NY,House NY-23,PPP,D,2020-09-28,2020-09-29,1228,v,40.0,47.0,1.4
2020,H,NY,House NY-24,"Normington, Petts & Associates",D,2020-06-08,2020-06-10,400,lv,47.0,47.0,0.7
2020,H,NY,House NY-24,DCCC Targeting Team,D,2020-06-18,2020-06-22,400,lv,48.0,45.0,1.1
2020,H,NY,House NY-24,RMG Research,,2020-07-29,2020-08-04,500,rv,37.0,40.0,2.3
2020,H,NY,House NY-24,Public Opinion Strategies,R,2020-08-12,2020-08-15,400,lv,40.0,51.0,1.6
2020,H,NY,House NY-24,GBAO,D,2020-08-23,2020-08-25,500,lv,48.0,46.0,1.2
2020,H,NY,House NY-24,Siena,,2020-09-27,2020-09-29,414,lv,42.0,40.0,2.7
2020,H,NY,House NY-24,Siena,,2020-09-27,2020-09-29,414,lv,45.0,42.0,2.7
2020,H,NY,House NY-24,PPP,D,2020-10-13,2020-10-14,789,rv,45.0,43.0,1.4
2020,H,NY,House NY-24,Public Opinion Strategies,R,2020-10-15,2020-10-18,400,lv,39.0,47.0,1.6
2020,H,NY,House NY-24,Siena,,2020-10-20,2020-10-22,558,lv,45.0,45.0,2.7
2020,H,NY,House NY-24,Change Research,,2020-10-29,2020-11-02,738,lv,46.0,44.0,1.4
2020,H,OH,House OH-01,DCCC Targeting Team,D,2020-04-29,2020-04-30,455,lv,43.0,50.0,1.1
2020,H,OH,House OH-01,GQR,D,2020-06-29,2020-07-02,605,lv,46.0,48.0,2.0
2020,H,OH,House OH-01,Lake Research,D,2020-07-13,2020-07-15,400,lv,47.0,46.0,1.2
2020,H,OH,House OH-01,"Normington, Petts & Associates",D,2020-08-30,2020-09-03,400,lv,50.0,46.0,0.7
2020,H,OH,House OH-01,Change Research,,2020-10-29,2020-11-01,505,lv,45.0,47.0,1.4
2020,H,OH,House OH-10,Garin Hart Yang,D,2020-09-26,2020-09-29,400,lv,42.0,49.0,1.0
2020,H,OH,House OH-10,Garin Hart Yang,D,2020-10-15,2020-10-18,400,lv,45.0,49.0,1.0
2020,H,OH,House OH-12,PPP,D,2020-10-14,2020-10-15,818,rv,44.0,48.0,1.4
2020,H,OK,House OK-01,SoonerPoll.com,,2020-10-15,2020-10-20,1492,lv,29.8,58.8,1.8
2020,H,OK,House OK-05,GQR,D,2020-08-05,2020-08-09,500,lv,51.0,46.0,2.0
2020,H,OK,House OK-05,"Normington, Petts & Associates",D,2020-08-31,2020-09-03,400,lv,52.0,44.0,0.7
2020,H,OK,House OK-05,SoonerPoll.com,,2020-09-02,2020-09-10,318,lv,44.2,44.8,1.8
2020,H,OK,House OK-05,Cole Hargrave,,2020-09-25,2020-09-30,500,lv,45.0,49.0,1.5
2020,H,OK,House OK-05,SoonerPoll.com,,2020-10-15,2020-10-20,943,lv,48.8,47.0,1.8
2020,H,OK,House OK-05,Amber Integrated,,2020-10-22,2020-10-25,500,lv,44.0,48.5,1.5
2020,H,OK,House OK-05,Change Research,,2020-10-29,2020-11-01,607,lv,47.0,47.0,1.4
2020,H,PA,House PA-01,PPP,D,2020-06-10,2020-06-11,753,v,38.0,40.0,1.4
2020,H,PA,House PA-01,Victoria Research,D,2020-06-07,2020-06-14,403,lv,46.0,46.0,1.5
2020,H,PA,House PA-01,Public Opinion Strategies,R,2020-07-11,2020-07-14,400,rv,39.0,53.0,1.6
2020,H,PA,House PA-01,DFM Research,D,2020-08-16,2020-08-18,384,lv,35.0,47.0,1.3
2020,H,PA,House PA-01,American Viewpoint,R,2020-09-14,2020-09-16,400,lv,36.0,52.0,1.2
2020,H,PA,House PA-01,Global Strategy Group,D,2020-10-01,2020-10-04,400,lv,45.0,47.0,1.8
2020,H,PA,House PA-01,PPP,D,2020-10-06,2020-10-07,569,v,47.0,46.0,1.4
2020,H,PA,House PA-07,Muhlenberg,,2020-09-21,2020-09-24,414,lv,52.0,39.0,2.8
2020,H,PA,House PA-07,DeSales University,,2020-10-03,2020-10-10,466,lv,54.0,36.0,
2020,H,PA,House PA-07,Franklin and Marshall College,,2020-10-12,2020-10-18,447,lv,43.6,36.4,2.4
2020,H,PA,House PA-07,DeSales University,,2020-10-11,2020-10-24,448,lv,54.0,36.0,
2020,H,PA,House PA-08,Cygnal,R,2020-07-18,2020-07-21,400,lv,50.0,41.0,2.1
2020,H,PA,House PA-08,co/efficient,R,2020-10-13,2020-10-14,615,lv,48.0,43.0,1.1
2020,H,PA,House PA-10,GBAO,D,2020-05-28,2020-05-31,600,lv,47.0,50.0,1.2
2020,H,PA,House PA-10,DFM Research,D,2020-08-06,2020-08-09,384,lv,46.0,44.0,1.3
2020,H,PA,House PA-10,GBAO,D,2020-08-30,2020-09-01,500,lv,50.0,46.0,1.2
2020,H,PA,House PA-10,Pulse Research,,2020-08-18,2020-09-03,1100,lv,43.6,46.2,
2020,H,PA,House PA-10,Victoria Research,D,2020-09-22,2020-09-24,401,lv,50.0,43.0,1.5
2020,H,PA,House PA-10,GBAO,D,2020-09-29,2020-10-02,500,lv,51.0,45.0,1.2
2020,H,PA,House PA-10,Tarrance,R,2020-10-13,2020-10-15,400,lv,44.0,48.0,1.6
2020,H,PA,House PA-16,PPP,D,2020-06-22,2020-06-23,726,v,40.0,48.0,1.4
2020,H,PA,House PA-17,OnMessage Inc.,R,2020-03-09,2020-03-11,400,lv,54.0,36.0,1.1
2020,H,PA,House PA-17,OnMessage Inc.,R,2020-07-27,2020-07-29,400,lv,50.0,41.0,1.1
2020,H,PA,House PA-17,OnMessage Inc.,R,2020-09-02,2020-09-03,400,lv,45.0,44.0,1.1
2020,H,SC,House SC-01,First Tuesday Strategies,,2020-05-15,2020-05-18,500,lv,43.71,45.06,
2020,H,SC,House SC-01,GQR,D,2020-10-05,2020-10-07,400,lv,55.0,42.0,2.0
2020,H,SC,House SC-01,Strategic National,R,2020-10-14,2020-10-16,400,lv,45.0,47.0,1.6
2020,H,TX,House TX-03,Global Strategy Group,D,2020-07-17,2020-07-20,400,lv,37.0,43.0,1.8
2020,H,TX,House TX-03,Public Opinion Strategies,R,2020-08-01,2020-08-04,500,lv,35.0,48.0,1.6
2020,H,TX,House TX-03,Global Strategy Group,D,2020-09-10,2020-09-15,400,lv,43.0,44.0,1.8
2020,H,TX,House TX-03,DCCC Targeting Team,D,2020-10-19,2020-10-22,432,lv,44.0,42.0,1.1
2020,H,TX,House TX-06,DCCC Targeting Team,D,2020-06-24,2020-06-28,376,lv,41.0,45.0,1.1
2020,H,TX,House TX-06,GBAO,D,2020-10-13,2020-10-17,400,lv,41.0,45.0,1.2
2020,H,TX,House TX-07,TargetPoint,R,2019-08-10,2019-08-11,336,lv,43.0,45.0,1.3
2020,H,TX,House TX-07,Remington,R,2020-03-04,2020-03-05,1044,lv,45.0,45.0,2.6
2020,H,TX,House TX-07,GS Strategy Group,R,2020-10-13,2020-10-15,400,lv,46.0,44.0,1.3
2020,H,TX,House TX-10,RMG Research,,2020-07-28,2020-08-03,500,rv,39.0,46.0,2.3
2020,H,TX,House TX-10,GBAO,D,2020-09-21,2020-09-24,400,lv,43.0,45.0,1.2
2020,H,TX,House TX-10,GBAO,D,2020-10-08,2020-10-11,400,lv,45.0,47.0,1.2
2020,H,TX,House TX-17,Lincoln Park Strategies,D,2020-08-22,2020-08-23,1160,lv,42.0,45.0,
2020,H,TX,House TX-21,Garin Hart Yang,D,2020-07-14,2020-07-17,550,lv,45.0,46.0,1.0
2020,H,TX,House TX-21,Anzalone Liszt Grove,D,2020-08-15,2020-08-20,500,lv,46.0,46.0,1.5
2020,H,TX,House TX-21,Garin Hart Yang,D,2020-08-31,2020-09-04,401,lv,48.0,47.0,1.0
2020,H,TX,House TX-21,WPAi,R,2020-10-11,2020-10-12,412,lv,42.0,47.0,1.7
2020,H,TX,House TX-22,Meeting Street Insights,R,2020-07-19,2020-07-22,400,rv,32.0,44.0,1.4
2020,H,TX,House TX-22,GBAO,D,2020-07-29,2020-08-02,400,lv,46.0,46.0,1.2
2020,H,TX,House TX-22,RMG Research,,2020-07-27,2020-08-02,500,rv,39.0,39.0,2.3
2020,H,TX,House TX-22,GBAO,D,2020-09-24,2020-09-27,500,lv,47.0,44.0,1.2
2020,H,TX,House TX-22,GBAO,D,2020-10-08,2020-10-11,500,lv,48.0,43.0,1.2
2020,H,TX,House TX-23,Remington,,2020-05-19,2020-05-20,669,lv,45.0,43.0,2.6
2020,H,TX,House TX-23,Public Opinion Strategies,R,2020-08-06,2020-08-09,400,rv,41.0,40.0,1.6
2020,H,TX,House TX-23,Public Opinion Strategies,R,2020-10-03,2020-10-05,400,lv,42.0,41.0,1.6
2020,H,TX,House TX-24,Anzalone Liszt Grove,D,2020-06-11,2020-06-15,400,lv,45.0,39.0,1.5
2020,H,TX,House TX-24,Victoria Research,D,2020-07-31,2020-08-02,400,lv,48.0,41.0,1.5
2020,H,TX,House TX-24,RMG Research,,2020-07-27,2020-08-02,500,rv,36.0,36.0,2.3
2020,H,TX,House TX-25,DCCC Targeting Team,D,2020-07-21,2020-07-22,389,lv,43.0,45.0,1.1
2020,H,TX,House TX-25,Remington,R,2020-09-01,2020-09-02,810,lv,40.0,52.0,2.6
2020,H,TX,House TX-25,EMC Research,D,2020-09-02,2020-09-05,400,lv,41.0,43.0,0.9
2020,H,UT,House UT-01,Lighthouse Research,,2020-08-31,2020-09-12,496,rv,22.4,48.6,
2020,H,UT,House UT-02,Lighthouse Research,,2020-08-31,2020-09-12,496,rv,28.4,47.8,
2020,H,UT,House UT-03,Lighthouse Research,,2020-08-31,2020-09-12,496,rv,20.4,50.6,
2020,H,UT,House UT-04,Moore Information,R,2020-07-08,2020-07-11,400,lv,34.0,43.0,0.6
2020,H,UT,House UT-04,RMG Research,,2020-07-27,2020-08-01,800,rv,35.0,35.0,2.3
2020,H,UT,House UT-04,RMG Research,,2020-09-07,2020-09-12,800,lv,45.0,41.0,2.3
2020,H,UT,House UT-04,Lighthouse Research,,2020-08-31,2020-09-12,498,rv,47.2,36.7,
2020,H,UT,House UT-04,RMG Research,,2020-10-12,2020-10-17,800,lv,45.0,46.0,2.3
2020,H,VA,House VA-02,Tarrance,R,2020-07-14,2020-07-16,402,lv,48.0,48.0,1.6
2020,H,VA,House VA-02,Christopher Newport U.,,2020-10-08,2020-10-18,807,lv,50.0,43.0,2.8
2020,H,VA,House VA-05,PPP,D,2020-06-24,2020-06-25,1163,v,41.0,43.0,1.4
2020,H,VA,House VA-05,Global Strategy Group,D,2020-07-29,2020-08-03,500,lv,42.0,48.0,1.8
2020,H,VA,House VA-05,Global Strategy Group,D,2020-07-30,2020-08-04,500,lv,42.0,44.0,1.8
2020,H,VA,House VA-05,Global Strategy Group,D,2020-09-10,2020-09-14,400,lv,46.0,47.0,1.8
2020,H,VA,House VA-05,Global Strategy Group,D,2020-09-27,2020-10-01,500,lv,45.0,42.0,1.8
2020,H,VA,House VA-05,Global Strategy Group,D,2020-10-04,2020-10-08,400,lv,47.0,45.0,1.8
2020,H,VA,House VA-05,PPP,D,2020-10-21,2020-10-22,910,v,46.0,43.0,1.4
2020,H,VA,House VA-07,Øptimus,,2020-10-31,2020-11-02,505,lv,51.6,41.4,
2020,H,VA,House VA-10,Garin Hart Yang,D,2020-10-10,2020-10-12,400,lv,58.0,36.0,1.0
2020,H,VT,House VT-01,Braun,,2020-09-03,2020-09-15,586,lv,56.61,17.58,2.3
2020,H,WA,House WA-03,RMG Research,,2020-07-29,2020-08-04,500,rv,40.0,44.0,2.3
2020,H,WA,House WA-03,GQR,D,2020-09-24,2020-09-26,400,lv,47.0,49.0,2.0
2020,H,WA,House WA-03,DCCC Targeting Team,D,2020-10-19,2020-10-20,425,lv,47.0,49.0,1.1
2020,H,WI,House WI-01,PPP,D,2020-07-07,2020-07-08,1007,v,39.0,49.0,1.4
2020,H,WY,House WY-01,University of Wyoming,,2020-10-08,2020-10-28,614,lv,28.0,58.0,0.6
2020,S,AK,Senate,Alaska Survey Research,,2020-06-23,2020-07-07,663,lv,40.0,53.0,1.9
2020,S,AK,Senate,PPP,,2020-07-07,2020-07-08,1081,v,34.0,39.0,1.4
2020,S,AK,Senate,Harstad,D,2020-09-20,2020-09-23,602,lv,45.0,46.0,1.0
2020,S,AK,Senate,Patinkin Research Strategies,,2020-09-30,2020-10-04,600,lv,47.0,46.0,1.3
2020,S,AK,Senate,Alaska Survey Research,,2020-09-25,2020-10-04,676,lv,44.0,48.0,1.9
2020,S,AK,Senate,Harstad,D,2020-10-02,2020-10-06,600,lv,46.0,46.0,1.0
2020,S,AK,Senate,Harstad,D,2020-10-10,2020-10-13,606,lv,47.0,46.0,1.0
2020,S,AK,Senate,Siena/NYT,,2020-10-09,2020-10-14,423,lv,37.0,45.0,3.0
2020,S,AK,Senate,Change Research,D,2020-10-16,2020-10-19,1076,lv,44.0,47.0,1.4
2020,S,AK,Senate,PPP,D,2020-10-19,2020-10-20,800,v,41.0,44.0,1.4
2020,S,AK,Senate,Gravis Marketing (2020 and earlier),,2020-10-26,2020-10-28,770,lv,45.0,48.0,2.0
2020,S,AL,Senate,JMC Analytics,,2019-12-16,2019-12-18,525,lv,40.0,47.0,1.8
2020,S,AL,Senate,Mason-Dixon,,2020-02-04,2020-02-06,625,rv,42.0,50.0,2.6
2020,S,AL,Senate,FM3 Research,D,2020-05-14,2020-05-18,601,lv,44.0,47.0,0.7
2020,S,AL,Senate,WPAi,R,2020-06-29,2020-07-02,509,lv,40.0,50.0,1.7
2020,S,AL,Senate,Auburn University at Montgomery,,2020-07-02,2020-07-09,558,rv,35.5,43.9,1.5
2020,S,AL,Senate,Morning Consult,,2020-07-24,2020-08-02,609,lv,35.0,52.0,1.9
2020,S,AL,Senate,Morning Consult,,2020-09-11,2020-09-20,658,lv,34.0,52.0,1.9
2020,S,AL,Senate,Auburn University at Montgomery,,2020-09-30,2020-10-03,1072,rv,42.1,54.0,1.5
2020,S,AL,Senate,FM3 Research,D,2020-10-11,2020-10-14,801,lv,48.0,47.0,0.7
2020,S,AL,Senate,Moore Information,R,2020-10-11,2020-10-14,504,lv,40.0,55.0,0.6
2020,S,AL,Senate,Cygnal,R,2020-10-21,2020-10-23,645,lv,41.1,54.7,2.1
2020,S,AL,Senate,Swayable,,2020-10-23,2020-10-26,232,lv,45.6,54.4,
2020,S,AL,Senate,Auburn University at Montgomery,,2020-10-23,2020-10-28,853,lv,42.9,53.8,1.5
2020,S,AL,Senate,Morning Consult,,2020-10-22,2020-10-31,850,lv,39.0,51.1,1.9
2020,S,AL,Senate,Data for Progress,,2020-10-27,2020-11-01,1045,lv,44.0,56.0,2.6
2020,S,AL,Senate,Swayable,,2020-10-27,2020-11-01,294,lv,42.3,57.6,
2020,S,AZ,Senate Special,OH Predictive Insights / MBQF,,2019-02-12,2019-02-13,600,lv,44.0,46.0,2.4
2020,S,AZ,Senate Special,OH Predictive Insights / MBQF,,2019-05-01,2019-05-02,600,lv,44.0,45.0,2.4
2020,S,AZ,Senate Special,Fabrizio Ward,,2019-07-29,2019-07-31,600,lv,44.0,45.0,1.7
2020,S,AZ,Senate Special,OH Predictive Insights / MBQF,,2019-08-13,2019-08-14,600,lv,46.0,41.0,2.4
2020,S,AZ,Senate Special,Bendixen & Amandi International,,2019-09-09,2019-09-12,520,rv,42.0,42.0,1.0
2020,S,AZ,Senate Special,Change Research,,2019-09-27,2019-09-28,856,rv,50.0,47.0,1.4
2020,S,AZ,Senate Special,Emerson,,2019-10-25,2019-10-28,901,rv,46.2,44.8,2.9
2020,S,AZ,Senate Special,OH Predictive Insights / MBQF,,2019-12-03,2019-12-04,628,lv,47.0,44.0,2.4
2020,S,AZ,Senate Special,PPP,,2020-01-02,2020-01-04,760,v,46.0,42.0,1.4
2020,S,AZ,Senate Special,Fabrizio,R,2020-01-22,2020-01-24,1000,lv,45.0,47.0,1.7
2020,S,AZ,Senate Special,HighGround,,2020-02-07,2020-02-09,400,lv,46.0,39.3,1.8
2020,S,AZ,Senate Special,PPP,,2020-03-02,2020-03-03,666,v,47.0,42.0,1.4
2020,S,AZ,Senate Special,OH Predictive Insights / MBQF,,2020-03-03,2020-03-04,600,lv,49.0,42.0,2.4
2020,S,AZ,Senate Special,Latino Decisions,,2020-03-06,2020-03-11,1036,rv,48.0,36.0,
2020,S,AZ,Senate Special,Monmouth,,2020-03-11,2020-03-14,847,rv,50.0,44.0,2.9
2020,S,AZ,Senate Special,Marist College,,2020-03-10,2020-03-15,2523,rv,48.0,45.0,2.9
2020,S,AZ,Senate Special,OH Predictive Insights / MBQF,,2020-04-07,2020-04-08,600,lv,51.0,42.0,2.4
2020,S,AZ,Senate Special,OH Predictive Insights / MBQF,,2020-05-09,2020-05-11,600,lv,51.0,38.0,2.4
2020,S,AZ,Senate Special,HighGround,,2020-05-18,2020-05-22,400,lv,51.3,41.3,1.8
2020,S,AZ,Senate Special,Beacon/Shaw,,2020-05-30,2020-06-02,1002,rv,50.0,37.0,2.8
2020,S,AZ,Senate Special,Civiqs,D,2020-06-13,2020-06-15,1368,rv,51.0,42.0,2.4
2020,S,AZ,Senate Special,Siena/NYT,,2020-06-08,2020-06-16,650,rv,47.0,38.0,3.0
2020,S,AZ,Senate Special,Redfield & Wilton Strategies,,2020-06-14,2020-06-17,865,lv,49.0,34.0,1.8
2020,S,AZ,Senate Special,Change Research,D,2020-06-20,2020-06-23,946,lv,50.0,42.0,1.4
2020,S,AZ,Senate Special,Global Strategy Group,D,2020-06-19,2020-06-24,800,lv,49.0,42.0,1.8
2020,S,AZ,Senate Special,Gravis Marketing (2020 and earlier),R,2020-06-27,2020-06-27,527,lv,42.0,46.0,2.0
2020,S,AZ,Senate Special,Change Research,,2020-06-26,2020-06-28,311,lv,53.0,44.0,1.4
2020,S,AZ,Senate Special,Data Orbital,,2020-06-27,2020-06-29,600,lv,49.9,42.7,2.9
2020,S,AZ,Senate Special,OH Predictive Insights / MBQF,,2020-07-06,2020-07-07,600,lv,52.0,43.0,2.4
2020,S,AZ,Senate Special,YouGov,,2020-07-07,2020-07-10,1087,lv,46.0,42.0,3.0
2020,S,AZ,Senate Special,Change Research,,2020-07-10,2020-07-12,345,lv,52.0,45.0,1.4
2020,S,AZ,Senate Special,Spry Strategies,R,2020-07-11,2020-07-16,700,lv,48.07,41.42,1.5
2020,S,AZ,Senate Special,PPP,D,2020-07-21,2020-07-22,816,v,51.0,42.0,1.4
2020,S,AZ,Senate Special,Marist College,,2020-07-14,2020-07-22,826,rv,53.0,41.0,2.9
2020,S,AZ,Senate Special,Redfield & Wilton Strategies,,2020-07-19,2020-07-23,858,lv,53.0,35.0,1.8
2020,S,AZ,Senate Special,CNN/SSRS,,2020-07-18,2020-07-24,873,rv,50.0,43.0,2.8
2020,S,AZ,Senate Special,Change Research,,2020-07-24,2020-07-26,365,lv,47.0,45.0,1.4
2020,S,AZ,Senate Special,Morning Consult,,2020-07-17,2020-07-26,908,lv,52.0,36.0,1.9
2020,S,AZ,Senate Special,Data for Progress,,2020-07-24,2020-08-02,1215,lv,50.0,40.0,2.6
2020,S,AZ,Senate Special,OH Predictive Insights / MBQF,,2020-08-03,2020-08-04,603,lv,48.0,43.0,2.4
2020,S,AZ,Senate Special,OnMessage Inc.,R,2020-08-02,2020-08-04,400,lv,48.0,48.0,1.1
2020,S,AZ,Senate Special,Change Research,,2020-08-07,2020-08-09,428,lv,49.0,43.0,1.4
2020,S,AZ,Senate Special,Emerson,,2020-08-08,2020-08-10,661,lv,51.81,41.21,2.9
2020,S,AZ,Senate Special,Redfield & Wilton Strategies,,2020-08-16,2020-08-18,856,lv,53.0,34.0,1.8
2020,S,AZ,Senate Special,Basswood Research,R,2020-08-29,2020-08-31,800,lv,48.0,47.5,1.1
2020,S,AZ,Senate Special,Beacon/Shaw,,2020-08-29,2020-09-01,858,rv,55.0,38.0,2.8
2020,S,AZ,Senate Special,Beacon/Shaw,,2020-08-29,2020-09-01,772,lv,56.0,39.0,2.8
2020,S,AZ,Senate Special,Redfield & Wilton Strategies,,2020-08-30,2020-09-04,830,lv,53.0,38.0,1.8
2020,S,AZ,Senate Special,Change Research,,2020-09-04,2020-09-06,470,lv,51.0,45.0,1.4
2020,S,AZ,Senate Special,Benenson Strategy Group/GS Strategy Group,,2020-08-28,2020-09-08,1600,lv,48.0,45.0,
2020,S,AZ,Senate Special,OH Predictive Insights / MBQF,,2020-09-08,2020-09-10,600,lv,52.0,42.0,2.4
2020,S,AZ,Senate Special,Gravis Marketing (2020 and earlier),,2020-09-10,2020-09-11,684,lv,48.0,43.0,2.0
2020,S,AZ,Senate Special,YouGov,,2020-09-09,2020-09-11,1102,lv,49.0,42.0,3.0
2020,S,AZ,Senate Special,Patinkin Research Strategies,D,2020-09-10,2020-09-13,679,lv,50.0,45.0,1.3
2020,S,AZ,Senate Special,Kaiser Family Foundation,,2020-08-29,2020-09-13,1298,rv,44.0,36.0,2.5
2020,S,AZ,Senate Special,Monmouth,,2020-09-11,2020-09-15,420,rv,50.0,44.0,2.9
2020,S,AZ,Senate Special,Monmouth,,2020-09-11,2020-09-15,420,lv,50.0,46.0,2.9
2020,S,AZ,Senate Special,Monmouth,,2020-09-11,2020-09-15,420,lv,49.0,48.0,2.9
2020,S,AZ,Senate Special,Siena/NYT,,2020-09-10,2020-09-15,653,lv,50.0,42.0,3.0
2020,S,AZ,Senate Special,Fabrizio,R,2020-09-14,2020-09-16,800,lv,48.0,46.0,1.7
2020,S,AZ,Senate Special,Redfield & Wilton Strategies,,2020-09-12,2020-09-16,855,lv,52.0,35.0,1.8
2020,S,AZ,Senate Special,Ipsos,,2020-09-11,2020-09-16,565,lv,50.0,41.0,2.8
2020,S,AZ,Senate Special,Morning Consult,,2020-09-08,2020-09-17,900,lv,48.15,40.9,1.9
2020,S,AZ,Senate Special,Hart Research Associates,D,2020-09-17,2020-09-19,400,lv,55.0,43.0,1.0
2020,S,AZ,Senate Special,Change Research,,2020-09-18,2020-09-20,262,lv,51.0,43.0,1.4
2020,S,AZ,Senate Special,ABC/Washington Post,,2020-09-15,2020-09-20,701,rv,50.0,45.0,3.0
2020,S,AZ,Senate Special,ABC/Washington Post,,2020-09-15,2020-09-20,579,lv,49.0,48.0,3.0
2020,S,AZ,Senate Special,Morning Consult,,2020-09-11,2020-09-20,907,lv,49.0,40.0,1.9
2020,S,AZ,Senate Special,Data for Progress,,2020-09-15,2020-09-22,481,lv,47.0,38.0,2.6
2020,S,AZ,Senate Special,Susquehanna,,2020-09-25,2020-09-28,500,lv,48.0,44.0,2.3
2020,S,AZ,Senate Special,Data for Progress,D,2020-09-23,2020-09-28,808,lv,51.0,42.0,2.6
2020,S,AZ,Senate Special,Suffolk,,2020-09-26,2020-09-30,500,lv,49.0,40.0,2.9
2020,S,AZ,Senate Special,Morning Consult,,2020-09-22,2020-10-01,1048,lv,51.0,38.0,1.9
2020,S,AZ,Senate Special,Targoz Market Research,,2020-09-23,2020-10-02,1045,lv,51.0,41.0,1.8
2020,S,AZ,Senate Special,Siena/NYT,,2020-10-01,2020-10-03,655,lv,50.0,39.0,3.0
2020,S,AZ,Senate Special,Patinkin Research Strategies,D,2020-10-01,2020-10-03,604,lv,50.0,45.0,1.3
2020,S,AZ,Senate Special,Change Research,,2020-10-02,2020-10-04,296,lv,51.0,43.0,1.4
2020,S,AZ,Senate Special,Data Orbital,,2020-10-03,2020-10-05,550,lv,49.2,43.7,2.9
2020,S,AZ,Senate Special,Basswood Research,R,2020-10-03,2020-10-05,800,lv,47.4,48.5,1.1
2020,S,AZ,Senate Special,HighGround,,2020-09-28,2020-10-05,400,lv,50.0,43.5,1.8
2020,S,AZ,Senate Special,Latino Decisions,D,2020-09-28,2020-10-06,600,lv,47.0,42.0,
2020,S,AZ,Senate Special,Ipsos,,2020-09-29,2020-10-07,633,lv,51.0,41.0,2.8
2020,S,AZ,Senate Special,OH Predictive Insights / MBQF,,2020-10-04,2020-10-08,608,lv,50.0,45.0,2.4
2020,S,AZ,Senate Special,Trafalgar Group,R,2020-10-06,2020-10-09,1045,lv,47.3,45.4,0.7
2020,S,AZ,Senate Special,Morning Consult,,2020-10-02,2020-10-11,1144,lv,49.0,41.0,1.9
2020,S,AZ,Senate Special,Monmouth,,2020-10-09,2020-10-13,502,rv,52.0,42.0,2.9
2020,S,AZ,Senate Special,Monmouth,,2020-10-09,2020-10-13,502,lv,52.0,42.0,2.9
2020,S,AZ,Senate Special,Monmouth,,2020-10-09,2020-10-13,502,lv,51.0,45.0,2.9
2020,S,AZ,Senate Special,Ipsos,,2020-10-07,2020-10-14,667,lv,52.0,41.0,2.8
2020,S,AZ,Senate Special,YouGov,,2020-10-13,2020-10-16,1065,lv,52.0,41.0,3.0
2020,S,AZ,Senate Special,Data Orbital,,2020-10-16,2020-10-18,550,lv,48.1,41.9,2.9
2020,S,AZ,Senate Special,Rasmussen,,2020-10-18,2020-10-19,800,lv,46.0,44.0,2.1
2020,S,AZ,Senate Special,Change Research,,2020-10-16,2020-10-19,232,lv,54.0,43.0,1.4
2020,S,AZ,Senate Special,RMG Research,,2020-10-14,2020-10-19,800,lv,46.0,39.0,2.3
2020,S,AZ,Senate Special,Morning Consult,,2020-10-11,2020-10-20,1066,lv,48.0,44.0,1.9
2020,S,AZ,Senate Special,Ipsos,,2020-10-14,2020-10-21,658,lv,51.0,43.0,2.8
2020,S,AZ,Senate Special,Susquehanna,,2020-10-19,2020-10-22,500,lv,47.0,50.0,2.3
2020,S,AZ,Senate Special,Patinkin Research Strategies,D,2020-10-21,2020-10-24,729,lv,53.0,46.0,1.3
2020,S,AZ,Senate Special,Y2 Analytics,,2020-10-15,2020-10-24,700,lv,51.0,47.0,1.1
2020,S,AZ,Senate Special,OH Predictive Insights / MBQF,,2020-10-22,2020-10-25,716,lv,50.0,45.0,2.4
2020,S,AZ,Senate Special,The Justice Collaborative Institute,,2020-10-22,2020-10-25,1007,rv,50.0,40.0,1.3
2020,S,AZ,Senate Special,Univision/University of Arizona/Latino Decisions/North Star Opinion Research,,2020-10-17,2020-10-25,725,rv,51.0,39.0,
2020,S,AZ,Senate Special,Swayable,,2020-10-23,2020-10-26,286,lv,55.8,44.2,
2020,S,AZ,Senate Special,Ipsos,,2020-10-21,2020-10-27,714,lv,51.0,44.0,2.8
2020,S,AZ,Senate Special,Gravis Marketing (2020 and earlier),,2020-10-26,2020-10-28,704,lv,50.0,45.0,2.0
2020,S,AZ,Senate Special,Rasmussen,,2020-10-27,2020-10-29,800,lv,48.0,43.0,2.1
2020,S,AZ,Senate Special,Data Orbital,,2020-10-28,2020-10-30,550,lv,47.1,46.0,2.9
2020,S,AZ,Senate Special,Siena/NYT,,2020-10-26,2020-10-30,1252,lv,50.0,43.0,3.0
2020,S,AZ,Senate Special,CNN/SSRS,,2020-10-23,2020-10-30,865,lv,52.0,45.0,2.8
2020,S,AZ,Senate Special,CNN/SSRS,,2020-10-23,2020-10-30,892,rv,51.0,45.0,2.8
2020,S,AZ,Senate Special,Emerson,,2020-10-29,2020-10-31,732,lv,50.3,47.6,2.9
2020,S,AZ,Senate Special,Morning Consult,,2020-10-22,2020-10-31,1059,lv,47.9,44.4,1.9
2020,S,AZ,Senate Special,Marist College,,2020-10-29,2020-11-01,717,lv,52.0,46.0,2.9
2020,S,AZ,Senate Special,Marist College,,2020-10-29,2020-11-01,988,rv,52.0,45.0,2.9
2020,S,AZ,Senate Special,Change Research,,2020-10-29,2020-11-01,409,lv,51.0,47.0,1.4
2020,S,AZ,Senate Special,Data for Progress,,2020-10-27,2020-11-01,1195,lv,54.0,46.0,2.6
2020,S,AZ,Senate Special,Swayable,,2020-10-27,2020-11-01,333,lv,55.0,45.0,
2020,S,AZ,Senate Special,Ipsos,,2020-10-27,2020-11-02,610,lv,53.0,44.0,2.8
2020,S,CO,Senate,PPP,D,2019-08-08,2019-08-11,739,v,51.0,38.0,1.4
2020,S,CO,Senate,Emerson,,2019-08-16,2019-08-19,1000,rv,52.5,39.7,2.9
2020,S,CO,Senate,Keating Research/Onsight Public Affairs/Martin Campaigns,,2019-10-10,2019-10-14,500,lv,53.0,42.0,
2020,S,CO,Senate,Montana State University Bozeman/University of Denver,,2020-04-10,2020-04-19,379,lv,47.76,31.13,
2020,S,CO,Senate,Keating Research/OnSight Public Affairs/Melanson,,2020-05-01,2020-05-03,600,lv,54.0,36.0,
2020,S,CO,Senate,PPP,D,2020-06-29,2020-06-30,840,v,51.0,40.0,1.4
2020,S,CO,Senate,Morning Consult,,2020-07-17,2020-07-26,616,lv,48.0,42.0,1.9
2020,S,CO,Senate,PPP,D,2020-08-18,2020-08-19,731,v,51.0,42.0,1.4
2020,S,CO,Senate,Morning Consult,,2020-08-21,2020-08-30,638,lv,48.0,39.0,1.9
2020,S,CO,Senate,Global Strategy Group,D,2020-08-28,2020-09-01,800,lv,52.0,42.0,1.8
2020,S,CO,Senate,Fabrizio Ward/Hart Research Associates,,2020-08-30,2020-09-05,800,lv,51.0,46.0,
2020,S,CO,Senate,Morning Consult,,2020-09-08,2020-09-17,599,lv,45.82,43.61,1.9
2020,S,CO,Senate,Morning Consult,,2020-09-11,2020-09-20,613,lv,49.0,42.0,1.9
2020,S,CO,Senate,SurveyUSA,,2020-10-01,2020-10-06,1021,lv,48.0,39.0,2.8
2020,S,CO,Senate,YouGov,,2020-10-05,2020-10-09,800,lv,48.0,40.0,3.0
2020,S,CO,Senate,Morning Consult,,2020-10-02,2020-10-11,837,lv,50.0,40.0,1.9
2020,S,CO,Senate,Keating Research/OnSight Public Affairs/Melanson,,2020-10-08,2020-10-13,519,lv,51.0,41.0,
2020,S,CO,Senate,Civiqs,D,2020-10-11,2020-10-14,1013,lv,53.0,42.0,2.4
2020,S,CO,Senate,RMG Research,,2020-10-09,2020-10-15,800,lv,51.0,42.0,2.3
2020,S,CO,Senate,RBI Strategies & Research,,2020-10-12,2020-10-16,502,lv,53.0,39.0,1.3
2020,S,CO,Senate,Morning Consult,,2020-10-11,2020-10-20,788,lv,50.0,42.0,1.9
2020,S,CO,Senate,Morning Consult,,2020-10-22,2020-10-31,727,lv,51.5,43.6,1.9
2020,S,CO,Senate,Keating Research/OnSight Public Affairs/Melanson,,2020-10-29,2020-11-01,502,lv,53.0,42.0,
2020,S,CO,Senate,Data for Progress,,2020-10-27,2020-11-01,709,lv,54.0,45.0,2.6
2020,S,CO,Senate,Swayable,,2020-10-23,2020-11-01,443,lv,56.9,43.1,
2020,S,DE,Senate,University of Delaware,,2020-09-21,2020-09-27,847,lv,57.0,27.0,
2020,S,GA,Senate,Cygnal,R,2020-04-25,2020-04-27,591,lv,39.4,45.3,2.1
2020,S,GA,Senate,BK Strategies,R,2020-05-11,2020-05-13,700,lv,41.0,46.0,1.3
2020,S,GA,Senate,Civiqs,D,2020-05-16,2020-05-18,1339,rv,47.0,45.0,2.4
2020,S,GA,Senate,PPP,D,2020-06-12,2020-06-13,661,v,45.0,44.0,1.4
2020,S,GA,Senate,Beacon/Shaw,,2020-06-20,2020-06-23,1013,rv,42.0,45.0,2.8
2020,S,GA,Senate,Gravis Marketing (2020 and earlier),R,2020-07-02,2020-07-02,513,lv,43.0,48.0,2.0
2020,S,GA,Senate,Garin Hart Yang,D,2020-07-09,2020-07-15,800,lv,45.0,44.0,1.0
2020,S,GA,Senate,Spry Strategies,R,2020-07-11,2020-07-16,701,lv,43.72,45.96,1.5
2020,S,GA,Senate,Morning Consult,,2020-07-17,2020-07-26,1337,lv,42.0,45.0,1.9
2020,S,GA,Senate,Monmouth,,2020-07-23,2020-07-27,402,rv,43.0,49.0,2.9
2020,S,GA,Senate,Monmouth,,2020-07-23,2020-07-27,402,lv,43.0,50.0,2.9
2020,S,GA,Senate,Monmouth,,2020-07-23,2020-07-27,402,lv,43.0,51.0,2.9
2020,S,GA,Senate,YouGov,,2020-07-28,2020-07-31,1101,lv,43.0,45.0,3.0
2020,S,GA,Senate,HIT Strategies,D,2020-07-23,2020-07-31,400,rv,42.0,39.0,
2020,S,GA,Senate,SurveyUSA,,2020-08-06,2020-08-08,623,lv,41.0,44.0,2.8
2020,S,GA,Senate,Garin Hart Yang,D,2020-08-10,2020-08-13,601,lv,48.0,46.0,1.0
2020,S,GA,Senate,PPP,D,2020-08-13,2020-08-14,530,v,44.0,44.0,1.4
2020,S,GA,Senate,HarrisX,D,2020-08-20,2020-08-30,1616,rv,40.42,46.63,1.5
2020,S,GA,Senate,Opinion Insight,R,2020-08-30,2020-09-02,800,lv,44.0,44.0,2.0
2020,S,GA,Senate,Fabrizio Ward/Hart Research Associates,,2020-08-30,2020-09-05,800,lv,48.0,47.0,
2020,S,GA,Senate,GBAO,D,2020-09-14,2020-09-16,600,lv,49.0,48.0,1.2
2020,S,GA,Senate,Redfield & Wilton Strategies,,2020-09-12,2020-09-16,800,lv,43.0,43.0,1.8
2020,S,GA,Senate,Morning Consult,,2020-09-08,2020-09-17,1402,lv,42.63,43.15,1.9
2020,S,GA,Senate,Data for Progress,D,2020-09-14,2020-09-19,800,lv,41.0,43.0,2.6
2020,S,GA,Senate,Data for Progress,D,2020-09-14,2020-09-19,800,lv,44.0,44.0,2.6
2020,S,GA,Senate,Morning Consult,,2020-09-11,2020-09-20,1406,lv,44.0,43.0,1.9
2020,S,GA,Senate,U. Georgia SPIA,,2020-09-11,2020-09-20,1150,lv,44.6,47.0,2.2
2020,S,GA,Senate,Monmouth,,2020-09-17,2020-09-21,402,rv,42.0,48.0,2.9
2020,S,GA,Senate,Monmouth,,2020-09-17,2020-09-21,402,lv,43.0,48.0,2.9
2020,S,GA,Senate,Monmouth,,2020-09-17,2020-09-21,402,lv,42.0,50.0,2.9
2020,S,GA,Senate,Siena/NYT,,2020-09-16,2020-09-21,523,lv,38.0,41.0,3.0
2020,S,GA,Senate,YouGov,,2020-09-22,2020-09-25,1164,lv,42.0,47.0,3.0
2020,S,GA,Senate,Redfield & Wilton Strategies,,2020-09-23,2020-09-26,789,lv,47.0,42.0,1.8
2020,S,GA,Senate,Hart Research Associates,D,2020-09-24,2020-09-27,400,lv,46.0,49.0,1.0
2020,S,GA,Senate,Quinnipiac,,2020-09-23,2020-09-27,1125,lv,49.0,48.0,2.8
2020,S,GA,Senate,Civiqs,D,2020-09-26,2020-09-29,969,lv,48.0,46.0,2.4
2020,S,GA,Senate,U. Georgia SPIA,,2020-09-27,2020-10-06,1106,lv,41.4,48.9,2.2
2020,S,GA,Senate,Landmark Communications,,2020-10-07,2020-10-07,600,lv,45.5,47.0,2.1
2020,S,GA,Senate,PPP,,2020-10-08,2020-10-09,528,v,44.0,43.0,1.4
2020,S,GA,Senate,Data for Progress,D,2020-10-08,2020-10-11,782,lv,44.0,43.0,2.6
2020,S,GA,Senate,Morning Consult,,2020-10-02,2020-10-11,1837,lv,42.0,46.0,1.9
2020,S,GA,Senate,SurveyUSA,,2020-10-08,2020-10-12,677,lv,43.0,46.0,2.8
2020,S,GA,Senate,Quinnipiac,,2020-10-08,2020-10-12,1160,lv,51.0,45.0,2.8
2020,S,GA,Senate,Garin Hart Yang,D,2020-10-11,2020-10-14,600,lv,50.0,45.0,1.0
2020,S,GA,Senate,Garin Hart Yang,D,2020-10-11,2020-10-14,600,lv,48.0,43.0,1.0
2020,S,GA,Senate,Opinion Insight,R,2020-10-12,2020-10-15,800,lv,44.0,44.0,2.0
2020,S,GA,Senate,Emerson,,2020-10-17,2020-10-19,506,lv,44.5,46.1,2.9
2020,S,GA,Senate,Siena/NYT,,2020-10-13,2020-10-19,759,lv,43.0,43.0,3.0
2020,S,GA,Senate,Citizen Data,,2020-10-17,2020-10-20,1000,lv,47.3,40.44,0.9
2020,S,GA,Senate,Morning Consult,,2020-10-11,2020-10-20,1672,lv,44.0,46.0,1.9
2020,S,GA,Senate,Landmark Communications,,2020-10-21,2020-10-21,500,lv,44.6,50.2,2.1
2020,S,GA,Senate,YouGov,,2020-10-20,2020-10-23,1090,lv,46.0,47.0,3.0
2020,S,GA,Senate,U. Georgia SPIA,,2020-10-14,2020-10-23,1145,lv,46.3,45.2,2.2
2020,S,GA,Senate,Civiqs,D,2020-10-23,2020-10-26,1041,lv,51.0,45.0,2.4
2020,S,GA,Senate,Swayable,,2020-10-23,2020-10-26,342,lv,47.8,49.4,
2020,S,GA,Senate,Monmouth,,2020-10-23,2020-10-27,504,rv,49.0,46.0,2.9
2020,S,GA,Senate,Monmouth,,2020-10-23,2020-10-27,504,lv,49.0,47.0,2.9
2020,S,GA,Senate,Monmouth,,2020-10-23,2020-10-27,504,lv,49.0,48.0,2.9
2020,S,GA,Senate,Landmark Communications,,2020-10-28,2020-10-28,750,lv,47.3,47.2,2.1
2020,S,GA,Senate,PPP,,2020-10-27,2020-10-28,661,v,47.0,44.0,1.4
2020,S,GA,Senate,Emerson,,2020-10-29,2020-10-31,749,lv,48.9,47.6,2.9
2020,S,GA,Senate,Morning Consult,,2020-10-22,2020-10-31,1743,lv,46.5,45.5,1.9
2020,S,GA,Senate,Landmark Communications,,2020-11-01,2020-11-01,500,lv,46.9,49.0,2.1
2020,S,GA,Senate,Data for Progress,,2020-10-27,2020-11-01,1036,lv,51.0,46.0,2.6
2020,S,GA,Senate,Swayable,,2020-10-27,2020-11-01,407,lv,47.9,49.2,
2020,S,IA,Senate,Emerson,,2019-10-13,2019-10-16,888,rv,40.0,46.5,2.9
2020,S,IA,Senate,PPP,D,2019-12-13,2019-12-15,944,v,41.0,47.0,1.4
2020,S,IA,Senate,PPP,,2020-04-30,2020-05-01,1222,v,42.0,43.0,1.4
2020,S,IA,Senate,PPP,D,2020-06-03,2020-06-04,963,v,45.0,43.0,1.4
2020,S,IA,Senate,Civiqs,D,2020-06-06,2020-06-08,865,rv,48.0,45.0,2.4
2020,S,IA,Senate,Selzer,,2020-06-07,2020-06-10,674,lv,46.0,43.0,2.8
2020,S,IA,Senate,GQR,D,2020-06-23,2020-06-28,800,lv,49.0,47.0,2.0
2020,S,IA,Senate,Spry Strategies,R,2020-07-11,2020-07-16,701,lv,44.63,42.84,1.5
2020,S,IA,Senate,RMG Research,,2020-07-27,2020-07-30,500,rv,40.0,36.0,2.3
2020,S,IA,Senate,Data for Progress,,2020-07-24,2020-08-02,1101,lv,45.0,43.0,2.6
2020,S,IA,Senate,Monmouth,,2020-07-30,2020-08-03,401,rv,45.0,48.0,2.9
2020,S,IA,Senate,Monmouth,,2020-07-30,2020-08-03,401,lv,47.0,48.0,2.9
2020,S,IA,Senate,Monmouth,,2020-07-30,2020-08-03,401,lv,47.0,48.0,2.9
2020,S,IA,Senate,PPP,D,2020-08-13,2020-08-14,729,v,48.0,45.0,1.4
2020,S,IA,Senate,Opinion Insight,R,2020-08-30,2020-09-02,800,lv,43.0,49.0,2.0
2020,S,IA,Senate,Fabrizio Ward/Hart Research Associates,,2020-08-30,2020-09-05,800,lv,45.0,50.0,
2020,S,IA,Senate,Selzer,,2020-09-14,2020-09-17,658,lv,45.0,42.0,2.8
2020,S,IA,Senate,Monmouth,,2020-09-18,2020-09-22,402,rv,47.0,47.0,2.9
2020,S,IA,Senate,Monmouth,,2020-09-18,2020-09-22,402,lv,49.0,46.0,2.9
2020,S,IA,Senate,Monmouth,,2020-09-18,2020-09-22,402,lv,48.0,47.0,2.9
2020,S,IA,Senate,Siena/NYT,,2020-09-16,2020-09-22,501,lv,42.0,40.0,3.0
2020,S,IA,Senate,RABA Research,,2020-09-23,2020-09-26,780,lv,51.0,39.0,1.3
2020,S,IA,Senate,Hart Research Associates,D,2020-09-24,2020-09-27,400,lv,48.0,48.0,1.0
2020,S,IA,Senate,Data for Progress,D,2020-09-23,2020-09-28,743,lv,46.0,45.0,2.6
2020,S,IA,Senate,Data for Progress,D,2020-09-23,2020-09-28,743,lv,44.0,42.0,2.6
2020,S,IA,Senate,Quinnipiac,,2020-10-01,2020-10-05,1205,lv,50.0,45.0,2.8
2020,S,IA,Senate,Civiqs,D,2020-10-03,2020-10-06,756,lv,49.0,46.0,2.4
2020,S,IA,Senate,Opinion Insight,R,2020-10-05,2020-10-08,800,lv,44.0,45.0,2.0
2020,S,IA,Senate,YouGov,,2020-10-06,2020-10-09,1022,lv,47.0,43.0,3.0
2020,S,IA,Senate,Data for Progress,D,2020-10-08,2020-10-11,822,lv,47.0,43.0,2.6
2020,S,IA,Senate,InsiderAdvantage,,2020-10-18,2020-10-19,400,lv,48.1,43.4,2.0
2020,S,IA,Senate,Monmouth,,2020-10-15,2020-10-19,501,rv,47.0,47.0,2.9
2020,S,IA,Senate,Monmouth,,2020-10-15,2020-10-19,501,lv,49.0,47.0,2.9
2020,S,IA,Senate,Monmouth,,2020-10-15,2020-10-19,501,lv,51.0,45.0,2.9
2020,S,IA,Senate,Siena/NYT,,2020-10-18,2020-10-20,753,lv,44.0,45.0,3.0
2020,S,IA,Senate,Emerson,,2020-10-19,2020-10-21,435,lv,46.36,50.44,2.9
2020,S,IA,Senate,RMG Research,,2020-10-15,2020-10-21,800,lv,46.0,43.0,2.3
2020,S,IA,Senate,RABA Research,,2020-10-21,2020-10-24,693,lv,51.0,45.0,1.3
2020,S,IA,Senate,Quinnipiac,,2020-10-23,2020-10-27,1225,lv,46.0,48.0,2.8
2020,S,IA,Senate,Selzer,,2020-10-26,2020-10-29,814,lv,42.0,46.0,2.8
2020,S,IA,Senate,InsiderAdvantage,,2020-10-30,2020-10-30,400,lv,45.1,50.7,2.0
2020,S,IA,Senate,Emerson,,2020-10-29,2020-10-31,604,lv,50.8,47.7,2.9
2020,S,IA,Senate,Civiqs,D,2020-10-29,2020-11-01,853,lv,50.0,47.0,2.4
2020,S,IA,Senate,Change Research,,2020-10-29,2020-11-01,1084,lv,48.0,47.0,1.4
2020,S,IA,Senate,Data for Progress,,2020-10-27,2020-11-01,951,lv,49.0,45.0,2.6
2020,S,IA,Senate,PPP,,2020-11-01,2020-11-02,871,v,48.0,47.0,1.4
2020,S,ID,Senate,Spry Strategies,,2020-08-29,2020-09-01,600,lv,27.72,53.36,1.5
2020,S,IL,Senate,Research Co.,,2020-10-31,2020-11-01,450,lv,52.0,30.0,2.4
2020,S,IL,Senate,Victory Research,,2020-10-29,2020-11-01,1208,lv,50.6,25.6,1.8
2020,S,KS,Senate,PPP,,2020-03-10,2020-03-11,1567,v,37.0,47.0,1.4
2020,S,KS,Senate,NMB Research,R,2020-05-17,2020-05-19,506,lv,35.0,46.0,1.6
2020,S,KS,Senate,Civiqs,D,2020-05-30,2020-06-01,699,rv,41.0,42.0,2.4
2020,S,KS,Senate,PPP,D,2020-08-05,2020-08-06,864,v,42.0,43.0,1.4
2020,S,KS,Senate,SurveyUSA,,2020-08-05,2020-08-09,1202,lv,44.0,46.0,2.8
2020,S,KS,Senate,co/efficient,R,2020-09-15,2020-09-16,794,lv,39.0,43.0,1.1
2020,S,KS,Senate,Data for Progress,D,2020-09-14,2020-09-19,883,lv,40.0,40.0,2.6
2020,S,KS,Senate,Data for Progress,D,2020-09-14,2020-09-19,883,lv,42.0,42.0,2.6
2020,S,KS,Senate,GBAO,D,2020-09-24,2020-09-27,600,lv,45.0,43.0,1.2
2020,S,KS,Senate,Civiqs,D,2020-09-26,2020-09-29,677,lv,43.0,50.0,2.4
2020,S,KS,Senate,VCreek/AMG,,2020-09-29,2020-09-30,3104,lv,45.39,41.87,1.1
2020,S,KS,Senate,PPP,D,2020-10-19,2020-10-20,897,v,43.0,43.0,1.4
2020,S,KS,Senate,co/efficient,R,2020-10-18,2020-10-20,2453,lv,39.0,51.0,1.1
2020,S,KS,Senate,Siena/NYT,,2020-10-18,2020-10-20,755,lv,42.0,46.0,3.0
2020,S,KS,Senate,GBAO,D,2020-10-25,2020-10-27,600,lv,47.0,47.0,1.2
2020,S,KS,Senate,GBAO,D,2020-10-25,2020-10-27,600,lv,46.0,45.0,1.2
2020,S,KS,Senate,VCreek/AMG,,2020-10-25,2020-10-27,1149,lv,43.46,47.03,1.1
2020,S,KS,Senate,Data for Progress,,2020-10-27,2020-11-01,1121,lv,45.0,51.0,2.6
2020,S,KY,Senate,Change Research,D,2019-06-15,2019-06-16,1629,lv,45.0,47.0,1.4
2020,S,KY,Senate,Fabrizio Ward,,2019-07-29,2019-07-31,600,lv,46.0,47.0,1.7
2020,S,KY,Senate,Garin Hart Yang,D,2020-01-08,2020-01-13,802,lv,40.0,43.0,1.0
2020,S,KY,Senate,Change Research,D,2020-01-17,2020-01-21,1281,lv,41.0,41.0,1.4
2020,S,KY,Senate,Bluegrass Data Analytics,D,2020-04-07,2020-04-12,4000,rv,38.0,40.0,
2020,S,KY,Senate,RMG Research,,2020-05-21,2020-05-24,500,rv,41.0,40.0,2.3
2020,S,KY,Senate,Civiqs,,2020-06-13,2020-06-15,898,rv,33.0,53.0,2.4
2020,S,KY,Senate,Garin Hart Yang,D,2020-07-07,2020-07-12,800,lv,41.0,45.0,1.0
2020,S,KY,Senate,Spry Strategies,R,2020-07-11,2020-07-16,700,lv,33.14,55.29,1.5
2020,S,KY,Senate,Bluegrass Data Analytics,D,2020-07-25,2020-07-29,3020,rv,46.0,49.0,
2020,S,KY,Senate,Morning Consult,,2020-07-24,2020-08-02,793,lv,36.0,53.0,1.9
2020,S,KY,Senate,Quinnipiac,,2020-07-30,2020-08-03,909,rv,44.0,49.0,2.8
2020,S,KY,Senate,Quinnipiac,,2020-09-10,2020-09-14,1164,lv,41.0,53.0,2.8
2020,S,KY,Senate,Data for Progress,D,2020-09-14,2020-09-19,807,lv,39.0,46.0,2.6
2020,S,KY,Senate,Data for Progress,D,2020-09-14,2020-09-19,807,lv,41.0,48.0,2.6
2020,S,KY,Senate,Morning Consult,,2020-09-11,2020-09-20,746,lv,37.0,52.0,1.9
2020,S,KY,Senate,Mason-Dixon,,2020-10-12,2020-10-15,625,lv,42.0,51.0,2.6
2020,S,KY,Senate,Cygnal,R,2020-10-19,2020-10-20,640,lv,39.9,50.2,2.1
2020,S,KY,Senate,Bluegrass Community and Technical College,,2020-10-16,2020-10-28,250,rv,39.6,50.0,
2020,S,KY,Senate,Morning Consult,,2020-10-22,2020-10-31,911,lv,39.8,51.1,1.9
2020,S,KY,Senate,Swayable,,2020-10-23,2020-11-01,365,lv,46.3,49.1,
2020,S,MA,Senate,Remington,R,2020-09-16,2020-09-17,907,lv,50.0,40.0,2.6
2020,S,MA,Senate,UMass Amherst/YouGov,,2020-10-14,2020-10-21,713,lv,65.0,26.0,
2020,S,MA,Senate,MassINC Polling Group,,2020-10-23,2020-10-30,929,lv,60.0,29.0,2.8
2020,S,ME,Senate,Pan Atlantic Research,,2019-03-04,2019-03-13,500,lv,29.1,51.2,2.1
2020,S,ME,Senate,Gravis Marketing (2020 and earlier),,2019-06-24,2019-06-24,767,rv,36.0,52.0,2.0
2020,S,ME,Senate,Fabrizio Ward,,2019-07-29,2019-07-31,600,lv,35.0,52.0,1.7
2020,S,ME,Senate,Colby College,,2020-02-10,2020-02-13,1008,lv,43.0,42.0,
2020,S,ME,Senate,PPP,,2020-03-02,2020-03-03,872,v,47.0,43.0,1.4
2020,S,ME,Senate,Victory Geek,D,2020-05-13,2020-05-18,512,lv,51.0,42.0,
2020,S,ME,Senate,Moore Information,R,2020-06-20,2020-06-24,600,rv,37.0,45.0,0.6
2020,S,ME,Senate,PPP,,2020-07-02,2020-07-03,1022,v,46.0,42.0,1.4
2020,S,ME,Senate,PPP,D,2020-07-22,2020-07-23,561,v,47.0,42.0,1.4
2020,S,ME,Senate,Colby College,,2020-07-18,2020-07-24,888,lv,44.0,39.0,
2020,S,ME,Senate,RMG Research,,2020-07-27,2020-08-02,500,rv,48.0,41.0,2.3
2020,S,ME,Senate,Data for Progress,,2020-07-24,2020-08-02,866,lv,48.0,45.0,2.6
2020,S,ME,Senate,Quinnipiac,,2020-07-30,2020-08-03,807,rv,47.0,43.0,2.8
2020,S,ME,Senate,Digital Research,,2020-07-28,2020-08-09,500,rv,43.0,35.0,1.4
2020,S,ME,Senate,Digital Research,,2020-07-28,2020-08-09,453,lv,43.0,38.0,1.4
2020,S,ME,Senate,PPP,D,2020-08-13,2020-08-14,571,v,49.0,44.0,1.4
2020,S,ME,Senate,Fabrizio Ward/Hart Research Associates,,2020-08-30,2020-09-05,800,lv,48.0,47.0,
2020,S,ME,Senate,Fabrizio Ward/Hart Research Associates,,2020-08-30,2020-09-05,800,lv,44.0,43.0,
2020,S,ME,Senate,Citizen Data,,2020-09-04,2020-09-07,600,lv,48.95,40.82,0.9
2020,S,ME,Senate,Quinnipiac,,2020-09-10,2020-09-14,1183,lv,54.0,42.0,2.8
2020,S,ME,Senate,Siena/NYT,,2020-09-11,2020-09-16,663,lv,49.0,44.0,3.0
2020,S,ME,Senate,Siena/NYT,,2020-09-11,2020-09-16,663,lv,44.0,40.0,3.0
2020,S,ME,Senate,Suffolk,,2020-09-17,2020-09-20,500,lv,46.2,41.0,2.9
2020,S,ME,Senate,Suffolk,,2020-09-17,2020-09-20,500,lv,49.2,42.2,2.9
2020,S,ME,Senate,Moore Information,R,2020-09-20,2020-09-22,500,lv,42.0,42.0,0.6
2020,S,ME,Senate,Colby College,,2020-09-17,2020-09-23,847,lv,45.0,41.0,
2020,S,ME,Senate,Data for Progress,D,2020-09-23,2020-09-28,718,lv,46.0,41.0,2.6
2020,S,ME,Senate,Data for Progress,D,2020-09-23,2020-09-28,718,lv,50.0,42.0,2.6
2020,S,ME,Senate,Digital Research,,2020-09-25,2020-10-04,500,rv,43.0,42.0,1.4
2020,S,ME,Senate,Digital Research,,2020-09-25,2020-10-04,466,lv,44.0,43.0,1.4
2020,S,ME,Senate,Pan Atlantic Research,,2020-10-02,2020-10-06,600,lv,46.9,39.8,2.1
2020,S,ME,Senate,Colby College,,2020-10-21,2020-10-25,879,lv,46.6,43.4,
2020,S,ME,Senate,SurveyUSA,,2020-10-23,2020-10-27,1007,lv,46.0,45.0,2.8
2020,S,ME,Senate,SurveyUSA,,2020-10-23,2020-10-27,1007,lv,51.0,49.0,2.8
2020,S,ME,Senate,Emerson,,2020-10-29,2020-10-31,611,lv,47.6,45.8,2.9
2020,S,ME,Senate,Change Research,,2020-10-29,2020-11-02,1024,lv,46.0,42.0,1.4
2020,S,ME,Senate,Change Research,,2020-10-29,2020-11-02,1024,lv,54.0,46.0,1.4
2020,S,MI,Senate,Emerson,,2019-03-07,2019-03-10,743,rv,43.6,42.6,2.9
2020,S,MI,Senate,Target Insyght,,2019-04-22,2019-04-25,800,lv,50.0,36.0,1.0
2020,S,MI,Senate,Denno Research,,2019-09-21,2019-09-24,600,lv,39.5,39.3,1.8
2020,S,MI,Senate,Target Insyght,,2019-09-25,2019-09-26,804,lv,53.0,37.0,1.0
2020,S,MI,Senate,MRG (Marketing Resource Group),,2019-10-07,2019-10-10,600,lv,43.0,39.6,1.8
2020,S,MI,Senate,Hodas & Associates,R,2019-10-10,2019-10-16,600,lv,47.5,35.2,
2020,S,MI,Senate,Emerson,,2019-10-31,2019-11-03,1051,rv,45.9,39.6,2.9
2020,S,MI,Senate,Hodas & Associates,R,2019-11-24,2019-11-26,600,lv,43.2,44.2,
2020,S,MI,Senate,Glengariff Group Inc.,,2020-01-03,2020-01-07,600,lv,43.5,39.7,1.5
2020,S,MI,Senate,Baldwin Wallace University/Oakland University/Ohio Northern University,,2020-01-08,2020-01-20,1023,rv,41.9,32.2,2.1
2020,S,MI,Senate,Quinnipiac,,2020-02-12,2020-02-18,845,rv,45.0,39.0,2.8
2020,S,MI,Senate,Øptimus,R,2020-03-05,2020-03-07,550,lv,40.24,41.22,
2020,S,MI,Senate,Hodas & Associates,R,2020-03-12,2020-03-16,600,lv,50.5,42.0,
2020,S,MI,Senate,MRG (Marketing Resource Group),,2020-03-16,2020-03-20,600,lv,42.0,35.0,1.8
2020,S,MI,Senate,PPP,D,2020-03-31,2020-04-01,1019,v,45.0,38.0,1.4
2020,S,MI,Senate,Spry Strategies,R,2020-03-30,2020-04-01,602,lv,42.15,40.2,1.5
2020,S,MI,Senate,Hodas & Associates,R,2020-04-09,2020-04-11,600,lv,47.83,37.33,
2020,S,MI,Senate,Beacon/Shaw,,2020-04-18,2020-04-21,801,rv,46.0,36.0,2.8
2020,S,MI,Senate,PPP,D,2020-04-28,2020-04-29,1270,v,46.0,37.0,1.4
2020,S,MI,Senate,Hodas & Associates,R,2020-05-01,2020-05-05,600,lv,48.67,36.83,
2020,S,MI,Senate,Change Research,,2020-05-11,2020-05-17,3070,lv,47.84,43.27,1.4
2020,S,MI,Senate,PPP,D,2020-05-29,2020-05-30,1582,v,48.0,39.0,1.4
2020,S,MI,Senate,EPIC-MRA,,2020-05-30,2020-06-03,600,lv,51.0,36.0,1.9
2020,S,MI,Senate,Kiaer Research,,2020-05-31,2020-06-07,543,lv,48.0,32.0,1.4
2020,S,MI,Senate,TIPP,,2020-06-09,2020-06-12,907,rv,47.0,35.0,1.8
2020,S,MI,Senate,MRG (Marketing Resource Group),,2020-06-12,2020-06-15,600,lv,36.4,30.3,1.8
2020,S,MI,Senate,Redfield & Wilton Strategies,,2020-06-14,2020-06-16,826,lv,50.0,32.0,1.8
2020,S,MI,Senate,Siena/NYT,,2020-06-08,2020-06-17,610,rv,41.0,31.0,3.0
2020,S,MI,Senate,Hodas & Associates,R,2020-06-17,2020-06-20,600,lv,51.0,37.5,
2020,S,MI,Senate,PPP,D,2020-06-26,2020-06-27,1237,v,47.0,39.0,1.4
2020,S,MI,Senate,Change Research,,2020-06-26,2020-06-28,699,lv,49.0,42.0,1.4
2020,S,MI,Senate,PPP,D,2020-07-09,2020-07-10,1041,v,49.0,42.0,1.4
2020,S,MI,Senate,Change Research,,2020-07-10,2020-07-12,824,lv,50.0,43.0,1.4
2020,S,MI,Senate,Hodas & Associates,R,2020-07-13,2020-07-16,600,lv,51.33,39.5,
2020,S,MI,Senate,Spry Strategies,R,2020-07-11,2020-07-16,700,lv,47.31,37.25,1.5
2020,S,MI,Senate,Beacon/Shaw,,2020-07-18,2020-07-20,756,rv,48.0,38.0,2.8
2020,S,MI,Senate,MRG (Marketing Resource Group),,2020-07-19,2020-07-21,600,lv,40.5,33.5,1.8
2020,S,MI,Senate,Gravis Marketing (2020 and earlier),,2020-07-22,2020-07-22,754,lv,49.0,39.0,2.0
2020,S,MI,Senate,Redfield & Wilton Strategies,,2020-07-19,2020-07-24,811,lv,52.0,35.0,1.8
2020,S,MI,Senate,CNN/SSRS,,2020-07-18,2020-07-24,927,rv,54.0,38.0,2.8
2020,S,MI,Senate,Change Research,,2020-07-24,2020-07-26,413,lv,48.0,44.0,1.4
2020,S,MI,Senate,Morning Consult,,2020-07-17,2020-07-26,1320,lv,49.0,35.0,1.9
2020,S,MI,Senate,PPP,D,2020-07-28,2020-07-29,876,v,47.0,39.0,1.4
2020,S,MI,Senate,EPIC-MRA,,2020-07-25,2020-07-30,600,lv,50.0,40.0,1.9
2020,S,MI,Senate,Change Research,,2020-08-07,2020-08-09,413,lv,48.0,45.0,1.4
2020,S,MI,Senate,Tarrance,R,2020-08-10,2020-08-13,602,rv,48.7,44.1,1.6
2020,S,MI,Senate,Hodas & Associates,R,2020-08-11,2020-08-15,600,lv,53.48,38.98,
2020,S,MI,Senate,Redfield & Wilton Strategies,,2020-08-16,2020-08-18,812,lv,48.0,39.0,1.8
2020,S,MI,Senate,Change Research,,2020-08-21,2020-08-23,809,lv,50.0,45.0,1.4
2020,S,MI,Senate,Trafalgar Group,R,2020-08-14,2020-08-23,1048,lv,46.6,48.1,0.7
2020,S,MI,Senate,PPP,D,2020-08-28,2020-08-29,897,v,47.0,39.0,1.4
2020,S,MI,Senate,Opinion Insight,R,2020-08-30,2020-09-02,800,lv,46.0,42.0,2.0
2020,S,MI,Senate,Rasmussen,,2020-09-02,2020-09-03,1000,lv,47.56,40.12,2.1
2020,S,MI,Senate,Tarrance,R,2020-09-01,2020-09-03,569,rv,47.0,46.0,1.6
2020,S,MI,Senate,Glengariff Group Inc.,,2020-09-01,2020-09-03,600,lv,43.7,40.6,1.5
2020,S,MI,Senate,Redfield & Wilton Strategies,,2020-08-30,2020-09-03,967,lv,50.0,38.0,1.8
2020,S,MI,Senate,Change Research,,2020-09-04,2020-09-06,876,lv,50.0,46.0,1.4
2020,S,MI,Senate,Benenson Strategy Group/GS Strategy Group,,2020-08-28,2020-09-08,1600,lv,45.0,41.0,
2020,S,MI,Senate,Redfield & Wilton Strategies,,2020-09-12,2020-09-14,930,lv,51.0,35.0,1.8
2020,S,MI,Senate,EPIC-MRA,,2020-09-10,2020-09-15,600,lv,45.0,41.0,1.9
2020,S,MI,Senate,Ipsos,,2020-09-11,2020-09-16,637,lv,49.0,43.0,2.8
2020,S,MI,Senate,Morning Consult,,2020-09-08,2020-09-17,1451,lv,47.6,39.7,1.9
2020,S,MI,Senate,Hart Research Associates,D,2020-09-17,2020-09-19,400,lv,50.0,42.0,1.0
2020,S,MI,Senate,MRG (Marketing Resource Group),,2020-09-14,2020-09-19,600,lv,42.0,40.0,1.8
2020,S,MI,Senate,Data for Progress,D,2020-09-14,2020-09-19,455,lv,47.0,42.0,2.6
2020,S,MI,Senate,Change Research,,2020-09-18,2020-09-20,568,lv,50.0,44.0,1.4
2020,S,MI,Senate,Morning Consult,,2020-09-11,2020-09-20,1376,lv,47.0,40.0,1.9
2020,S,MI,Senate,Baldwin Wallace University/Oakland University/Ohio Northern University,,2020-09-08,2020-09-22,1001,lv,45.6,41.4,2.1
2020,S,MI,Senate,Marist College,,2020-09-19,2020-09-23,1082,rv,49.0,43.0,2.9
2020,S,MI,Senate,Marist College,,2020-09-19,2020-09-23,799,lv,49.0,44.0,2.9
2020,S,MI,Senate,Trafalgar Group,R,2020-09-23,2020-09-25,1047,lv,47.2,47.3,0.7
2020,S,MI,Senate,Trafalgar Group,R,2020-09-26,2020-09-28,1042,lv,48.1,46.7,0.7
2020,S,MI,Senate,PPP,D,2020-09-30,2020-10-01,746,v,48.0,41.0,1.4
2020,S,MI,Senate,Glengariff Group Inc.,,2020-09-30,2020-10-03,600,lv,44.9,39.5,1.5
2020,S,MI,Senate,Change Research,,2020-10-02,2020-10-04,676,lv,51.0,43.0,1.4
2020,S,MI,Senate,Tarrance,R,2020-10-03,2020-10-05,601,rv,48.0,46.0,1.6
2020,S,MI,Senate,Opinion Insight,R,2020-10-03,2020-10-06,800,lv,49.0,41.0,2.0
2020,S,MI,Senate,Ipsos,,2020-09-29,2020-10-06,709,lv,50.0,43.0,2.8
2020,S,MI,Senate,Emerson,,2020-10-06,2020-10-07,716,lv,50.7,41.1,2.9
2020,S,MI,Senate,Baldwin Wallace University/Oakland University/Ohio Northern University,,2020-09-30,2020-10-08,1134,lv,48.0,42.1,2.1
2020,S,MI,Senate,YouGov,,2020-10-06,2020-10-09,1181,lv,47.0,44.0,3.0
2020,S,MI,Senate,Siena/NYT,,2020-10-06,2020-10-11,614,lv,43.0,42.0,3.0
2020,S,MI,Senate,Morning Consult,,2020-10-02,2020-10-11,1710,lv,49.0,40.0,1.9
2020,S,MI,Senate,EPIC-MRA,,2020-10-08,2020-10-12,600,lv,45.0,39.0,1.9
2020,S,MI,Senate,Ipsos,,2020-10-07,2020-10-13,620,lv,52.0,44.0,2.8
2020,S,MI,Senate,Harris Poll,,2020-10-12,2020-10-15,1289,lv,50.0,43.0,1.5
2020,S,MI,Senate,Trafalgar Group,R,2020-10-11,2020-10-15,1018,lv,46.6,48.0,0.7
2020,S,MI,Senate,Mitchell,,2020-10-18,2020-10-18,900,lv,49.0,43.0,2.4
2020,S,MI,Senate,Data for Progress,D,2020-10-15,2020-10-18,830,lv,48.0,43.0,2.6
2020,S,MI,Senate,Trafalgar Group,R,2020-10-15,2020-10-18,1034,lv,47.5,49.7,0.7
2020,S,MI,Senate,Change Research,,2020-10-16,2020-10-19,718,lv,51.0,46.0,1.4
2020,S,MI,Senate,EPIC-MRA,,2020-10-15,2020-10-19,600,lv,45.0,39.0,1.9
2020,S,MI,Senate,Beacon/Shaw,,2020-10-17,2020-10-20,1032,lv,49.0,41.0,2.8
2020,S,MI,Senate,Beacon/Shaw,,2020-10-17,2020-10-20,1104,rv,47.0,41.0,2.8
2020,S,MI,Senate,Citizen Data,,2020-10-17,2020-10-20,1000,lv,45.86,42.31,0.9
2020,S,MI,Senate,Ipsos,,2020-10-14,2020-10-20,686,lv,50.0,45.0,2.8
2020,S,MI,Senate,Morning Consult,,2020-10-11,2020-10-20,1717,lv,48.0,42.0,1.9
2020,S,MI,Senate,PPP,D,2020-10-21,2020-10-22,804,v,52.0,43.0,1.4
2020,S,MI,Senate,Gravis Marketing (2020 and earlier),,2020-10-24,2020-10-24,679,lv,52.0,41.0,2.0
2020,S,MI,Senate,Glengariff Group Inc.,,2020-10-23,2020-10-25,600,lv,48.4,38.8,1.5
2020,S,MI,Senate,ABC/Washington Post,,2020-10-20,2020-10-25,902,rv,49.0,45.0,3.0
2020,S,MI,Senate,ABC/Washington Post,,2020-10-20,2020-10-25,789,lv,52.0,46.0,3.0
2020,S,MI,Senate,Tarrance,R,2020-10-24,2020-10-26,,lv,47.5,46.2,1.6
2020,S,MI,Senate,Siena/NYT,,2020-10-23,2020-10-26,856,lv,49.0,41.0,3.0
2020,S,MI,Senate,Swayable,,2020-10-23,2020-10-26,365,lv,58.4,41.6,
2020,S,MI,Senate,Ipsos,,2020-10-20,2020-10-26,652,lv,50.0,44.0,2.8
2020,S,MI,Senate,Mitchell,,2020-10-25,2020-10-27,759,lv,52.4,42.8,2.4
2020,S,MI,Senate,EPIC-MRA,,2020-10-25,2020-10-28,600,lv,47.0,42.0,1.9
2020,S,MI,Senate,Kiaer Research,,2020-10-21,2020-10-28,669,lv,50.8,38.0,1.4
2020,S,MI,Senate,Mitchell,,2020-10-29,2020-10-29,817,lv,50.3,44.9,2.4
2020,S,MI,Senate,RMG Research,,2020-10-27,2020-10-29,800,lv,50.0,41.0,2.3
2020,S,MI,Senate,PPP,D,2020-10-29,2020-10-30,745,v,54.0,44.0,1.4
2020,S,MI,Senate,Targoz Market Research,,2020-10-25,2020-10-30,993,lv,54.0,43.0,1.8
2020,S,MI,Senate,CNN/SSRS,,2020-10-23,2020-10-30,907,lv,52.0,40.0,2.8
2020,S,MI,Senate,CNN/SSRS,,2020-10-23,2020-10-30,953,rv,52.0,39.0,2.8
2020,S,MI,Senate,Emerson,,2020-10-29,2020-10-31,700,lv,51.8,46.0,2.9
2020,S,MI,Senate,Morning Consult,,2020-10-22,2020-10-31,1736,lv,48.8,43.1,1.9
2020,S,MI,Senate,Research Co.,,2020-10-31,2020-11-01,450,lv,52.0,37.0,2.4
2020,S,MI,Senate,Change Research,,2020-10-29,2020-11-01,383,lv,51.0,46.0,1.4
2020,S,MI,Senate,Ipsos,,2020-10-27,2020-11-01,654,lv,51.0,44.0,2.8
2020,S,MI,Senate,Swayable,,2020-10-27,2020-11-01,393,lv,53.6,46.4,
2020,S,MN,Senate,Harper Polling,R,2020-05-26,2020-05-28,510,lv,46.0,35.0,
2020,S,MN,Senate,PPP,D,2020-07-22,2020-07-23,1218,v,48.0,39.0,1.4
2020,S,MN,Senate,Emerson,,2020-08-08,2020-08-10,733,lv,48.21,44.81,2.9
2020,S,MN,Senate,Harper Polling,R,2020-08-30,2020-09-01,501,lv,43.0,41.0,
2020,S,MN,Senate,PPP,,2020-09-03,2020-09-04,877,v,49.0,41.0,1.4
2020,S,MN,Senate,SurveyUSA,,2020-09-04,2020-09-07,553,lv,46.6,35.7,2.8
2020,S,MN,Senate,Siena/NYT,,2020-09-08,2020-09-10,814,lv,49.0,40.0,3.0
2020,S,MN,Senate,YouGov,,2020-09-09,2020-09-11,1031,lv,47.0,40.0,3.0
2020,S,MN,Senate,Redfield & Wilton Strategies,,2020-09-12,2020-09-17,718,lv,51.0,36.0,1.8
2020,S,MN,Senate,Mason-Dixon,,2020-09-21,2020-09-23,800,lv,49.0,41.0,2.6
2020,S,MN,Senate,Suffolk,,2020-09-20,2020-09-24,500,lv,44.8,34.8,2.9
2020,S,MN,Senate,SurveyUSA,,2020-10-01,2020-10-06,929,lv,44.0,37.0,2.8
2020,S,MN,Senate,Change Research,,2020-10-12,2020-10-15,1021,lv,48.0,44.0,1.4
2020,S,MN,Senate,Civiqs,D,2020-10-17,2020-10-20,840,lv,54.0,43.0,2.4
2020,S,MN,Senate,SurveyUSA,,2020-10-16,2020-10-20,625,lv,43.0,42.0,2.8
2020,S,MN,Senate,Gravis Marketing (2020 and earlier),,2020-10-24,2020-10-26,657,lv,53.0,39.0,2.0
2020,S,MN,Senate,SurveyUSA,,2020-10-23,2020-10-27,649,lv,45.0,42.0,2.8
2020,S,MN,Senate,St. Cloud State,,2020-10-10,2020-10-29,372,a,53.0,36.0,1.4
2020,S,MN,Senate,PPP,,2020-10-29,2020-10-30,770,v,51.0,42.0,1.4
2020,S,MN,Senate,Targoz Market Research,,2020-10-25,2020-10-30,1138,lv,53.0,44.0,1.8
2020,S,MN,Senate,Research Co.,,2020-10-31,2020-11-01,450,lv,50.0,39.0,2.4
2020,S,MN,Senate,Data for Progress,,2020-10-27,2020-11-01,1259,lv,54.0,44.0,2.6
2020,S,MN,Senate,Swayable,,2020-10-23,2020-11-01,430,lv,54.5,45.5,
2020,S,MS,Senate,Chism Strategies,,2020-01-03,2020-01-07,618,lv,36.0,44.3,2.4
2020,S,MS,Senate,Mason-Dixon,,2020-02-26,2020-02-28,625,rv,43.0,53.0,2.6
2020,S,MS,Senate,The Tyson Group,,2020-03-10,2020-03-12,600,lv,28.0,54.0,1.1
2020,S,MS,Senate,Impact Management Group,,2020-05-04,2020-05-07,606,lv,30.56,58.31,
2020,S,MS,Senate,PPP,D,2020-05-27,2020-05-28,871,v,41.0,49.0,1.4
2020,S,MS,Senate,Garin Hart Yang,D,2020-07-30,2020-08-09,600,lv,42.0,47.0,1.0
2020,S,MS,Senate,The Tyson Group,,2020-08-28,2020-08-30,600,lv,40.0,41.0,1.1
2020,S,MS,Senate,Civiqs,D,2020-10-23,2020-10-26,507,lv,44.0,52.0,2.4
2020,S,MS,Senate,Data for Progress,,2020-10-27,2020-11-01,562,lv,47.0,50.0,2.6
2020,S,MT,Senate,PPP,D,2020-03-12,2020-03-13,903,v,47.0,47.0,1.4
2020,S,MT,Senate,Montana State University Bozeman/University of Denver,,2020-04-10,2020-04-27,459,lv,46.19,39.22,
2020,S,MT,Senate,University of Montana,,2020-06-17,2020-06-26,517,rv,47.3,43.0,
2020,S,MT,Senate,PPP,,2020-07-09,2020-07-10,1224,v,46.0,44.0,1.4
2020,S,MT,Senate,Civiqs,D,2020-07-11,2020-07-13,873,rv,47.0,49.0,2.4
2020,S,MT,Senate,Spry Strategies,R,2020-07-11,2020-07-16,701,lv,43.85,47.09,1.5
2020,S,MT,Senate,Emerson,,2020-07-31,2020-08-02,584,lv,43.67,50.04,2.9
2020,S,MT,Senate,Fabrizio Ward/Hart Research Associates,,2020-08-30,2020-09-05,800,lv,47.0,50.0,
2020,S,MT,Senate,MSU - Bozeman,,2020-09-14,2020-10-02,1615,lv,49.0,47.0,
2020,S,MT,Senate,Emerson,,2020-10-05,2020-10-07,500,lv,42.7,51.8,2.9
2020,S,MT,Senate,PPP,,2020-10-09,2020-10-10,798,v,48.0,48.0,1.4
2020,S,MT,Senate,RMG Research,,2020-10-15,2020-10-18,800,lv,47.0,49.0,2.3
2020,S,MT,Senate,Siena/NYT,,2020-10-18,2020-10-20,758,lv,46.0,49.0,3.0
2020,S,MT,Senate,Strategies 360,,2020-10-15,2020-10-20,500,lv,47.0,48.0,1.3
2020,S,MT,Senate,MSU - Billings,,2020-10-19,2020-10-24,546,lv,48.0,47.0,1.5
2020,S,MT,Senate,PPP,D,2020-10-26,2020-10-27,886,v,48.0,47.0,1.4
2020,S,MT,Senate,Change Research,,2020-10-29,2020-11-02,920,lv,46.0,50.0,1.4
2020,S,NC,Senate,PPP,,2019-06-17,2019-06-18,610,rv,41.0,40.0,1.4
2020,S,NC,Senate,Fabrizio Ward,,2019-07-29,2019-07-31,600,lv,42.0,41.0,1.7
2020,S,NC,Senate,PPP,D,2019-09-16,2019-09-17,628,v,45.0,43.0,1.4
2020,S,NC,Senate,Meredith College,,2019-09-29,2019-10-07,998,rv,32.6,33.3,1.6
2020,S,NC,Senate,Anzalone Liszt Grove,D,2020-01-08,2020-01-12,700,lv,44.0,42.0,1.5
2020,S,NC,Senate,Public Opinion Strategies,R,2020-01-11,2020-01-15,800,lv,44.0,48.0,1.6
2020,S,NC,Senate,Marist College,,2020-02-23,2020-02-27,2120,rv,48.0,43.0,2.9
2020,S,NC,Senate,East Carolina University,,2020-02-27,2020-02-28,1288,rv,41.9,44.0,2.6
2020,S,NC,Senate,Harper Polling,,2020-04-05,2020-04-07,500,lv,34.0,38.0,
2020,S,NC,Senate,PPP,,2020-04-14,2020-04-15,1318,v,47.0,40.0,1.4
2020,S,NC,Senate,SurveyUSA,,2020-04-23,2020-04-26,580,lv,41.0,39.0,2.8
2020,S,NC,Senate,Meredith College,,2020-04-27,2020-04-28,604,rv,43.5,34.3,1.6
2020,S,NC,Senate,Civiqs,D,2020-05-02,2020-05-04,1362,rv,50.0,41.0,2.4
2020,S,NC,Senate,East Carolina University,,2020-05-07,2020-05-09,1111,rv,39.6,41.2,2.6
2020,S,NC,Senate,Meeting Street Insights,R,2020-05-09,2020-05-13,500,rv,46.2,44.4,1.4
2020,S,NC,Senate,Neighborhood Research,,2020-05-12,2020-05-21,391,lv,35.0,33.0,1.3
2020,S,NC,Senate,Harper Polling,,2020-05-26,2020-05-28,500,lv,36.0,38.0,
2020,S,NC,Senate,PPP,,2020-06-02,2020-06-03,949,v,43.0,41.0,1.4
2020,S,NC,Senate,Gravis Marketing (2020 and earlier),R,2020-06-17,2020-06-17,631,rv,45.0,46.0,2.0
2020,S,NC,Senate,Redfield & Wilton Strategies,,2020-06-14,2020-06-17,902,lv,45.0,36.0,1.8
2020,S,NC,Senate,Siena/NYT,,2020-06-08,2020-06-18,653,rv,42.0,39.0,3.0
2020,S,NC,Senate,PPP,,2020-06-22,2020-06-23,1157,v,44.0,40.0,1.4
2020,S,NC,Senate,Beacon/Shaw,,2020-06-20,2020-06-23,1012,rv,39.0,37.0,2.8
2020,S,NC,Senate,East Carolina University,,2020-06-22,2020-06-25,1149,rv,41.2,41.2,2.6
2020,S,NC,Senate,Change Research,,2020-06-26,2020-06-28,468,lv,51.0,41.0,1.4
2020,S,NC,Senate,PPP,,2020-07-07,2020-07-08,818,v,47.0,39.0,1.4
2020,S,NC,Senate,Change Research,,2020-07-10,2020-07-12,655,lv,49.0,42.0,1.4
2020,S,NC,Senate,Cardinal Point Analytics (CardinalGPS),,2020-07-13,2020-07-15,547,lv,47.3,44.2,1.6
2020,S,NC,Senate,Spry Strategies,R,2020-07-12,2020-07-16,700,lv,40.38,39.77,1.5
2020,S,NC,Senate,Redfield & Wilton Strategies,,2020-07-19,2020-07-21,919,lv,47.0,36.0,1.8
2020,S,NC,Senate,Marist College,,2020-07-14,2020-07-22,882,rv,50.0,41.0,2.9
2020,S,NC,Senate,PPP,D,2020-07-22,2020-07-23,939,v,48.0,40.0,1.4
2020,S,NC,Senate,Cardinal Point Analytics (CardinalGPS),,2020-07-22,2020-07-24,735,lv,42.9,43.1,1.6
2020,S,NC,Senate,Change Research,,2020-07-24,2020-07-26,284,lv,52.0,40.0,1.4
2020,S,NC,Senate,Morning Consult,,2020-07-17,2020-07-26,1504,lv,46.0,37.0,1.9
2020,S,NC,Senate,PPP,D,2020-07-30,2020-07-31,934,v,48.0,44.0,1.4
2020,S,NC,Senate,YouGov,,2020-07-28,2020-07-31,1121,lv,48.0,39.0,3.0
2020,S,NC,Senate,HIT Strategies,D,2020-07-23,2020-07-31,400,rv,48.0,32.0,
2020,S,NC,Senate,Data for Progress,,2020-07-24,2020-08-02,1170,lv,49.0,41.0,2.6
2020,S,NC,Senate,Change Research,,2020-08-07,2020-08-09,491,lv,48.0,43.0,1.4
2020,S,NC,Senate,Emerson,,2020-08-08,2020-08-10,673,lv,44.31,41.47,2.9
2020,S,NC,Senate,Harper Polling,,2020-08-06,2020-08-10,600,lv,41.0,38.0,
2020,S,NC,Senate,East Carolina University,,2020-08-12,2020-08-13,1255,rv,44.3,39.8,2.6
2020,S,NC,Senate,Redfield & Wilton Strategies,,2020-08-16,2020-08-17,967,lv,47.0,38.0,1.8
2020,S,NC,Senate,Change Research,,2020-08-21,2020-08-23,560,lv,52.0,42.0,1.4
2020,S,NC,Senate,Morning Consult,,2020-08-14,2020-08-23,1541,lv,47.0,39.0,1.9
2020,S,NC,Senate,East Carolina University,,2020-08-29,2020-08-30,1101,lv,44.1,43.6,2.6
2020,S,NC,Senate,Beacon/Shaw,,2020-08-29,2020-09-01,804,rv,47.0,40.0,2.8
2020,S,NC,Senate,Beacon/Shaw,,2020-08-29,2020-09-01,722,lv,48.0,42.0,2.8
2020,S,NC,Senate,Monmouth,,2020-08-29,2020-09-01,401,rv,46.0,45.0,2.9
2020,S,NC,Senate,Monmouth,,2020-08-29,2020-09-01,401,lv,47.0,45.0,2.9
2020,S,NC,Senate,Monmouth,,2020-08-29,2020-09-01,401,lv,46.0,46.0,2.9
2020,S,NC,Senate,Redfield & Wilton Strategies,,2020-08-30,2020-09-03,951,lv,47.0,37.0,1.8
2020,S,NC,Senate,Change Research,,2020-09-04,2020-09-06,442,lv,51.0,44.0,1.4
2020,S,NC,Senate,Rasmussen,,2020-09-07,2020-09-08,1000,lv,46.55,43.82,2.1
2020,S,NC,Senate,Benenson Strategy Group/GS Strategy Group,,2020-08-28,2020-09-08,1600,lv,42.0,39.0,
2020,S,NC,Senate,Trafalgar Group,R,2020-09-09,2020-09-11,1046,lv,46.1,45.3,0.7
2020,S,NC,Senate,SurveyUSA,,2020-09-10,2020-09-13,596,lv,47.0,40.0,2.8
2020,S,NC,Senate,CNN/SSRS,,2020-09-09,2020-09-13,893,rv,46.0,44.0,2.8
2020,S,NC,Senate,CNN/SSRS,,2020-09-09,2020-09-13,787,lv,47.0,46.0,2.8
2020,S,NC,Senate,Kaiser Family Foundation,,2020-08-29,2020-09-13,1172,rv,41.0,37.0,2.5
2020,S,NC,Senate,Suffolk,,2020-09-11,2020-09-14,500,lv,41.6,37.8,2.9
2020,S,NC,Senate,Redfield & Wilton Strategies,,2020-09-12,2020-09-15,1092,lv,49.0,38.0,1.8
2020,S,NC,Senate,Siena/NYT,,2020-09-11,2020-09-16,653,lv,42.0,37.0,3.0
2020,S,NC,Senate,Ipsos,,2020-09-11,2020-09-16,586,lv,48.0,44.0,2.8
2020,S,NC,Senate,Morning Consult,,2020-09-08,2020-09-17,1664,lv,45.56,39.11,1.9
2020,S,NC,Senate,Emerson,,2020-09-16,2020-09-18,717,lv,48.93,42.97,2.9
2020,S,NC,Senate,Change Research,,2020-09-18,2020-09-20,579,lv,48.0,43.0,1.4
2020,S,NC,Senate,Harper Polling,,2020-09-17,2020-09-20,612,lv,44.0,38.0,
2020,S,NC,Senate,Morning Consult,,2020-09-11,2020-09-20,1604,lv,47.0,38.0,1.9
2020,S,NC,Senate,Meredith College,,2020-09-18,2020-09-22,705,rv,43.1,41.8,1.6
2020,S,NC,Senate,YouGov,,2020-09-22,2020-09-25,1213,lv,48.0,38.0,3.0
2020,S,NC,Senate,U. Massachusetts - Lowell,,2020-09-18,2020-09-25,921,lv,49.0,43.0,2.9
2020,S,NC,Senate,Hart Research Associates,D,2020-09-24,2020-09-27,400,lv,54.0,41.0,1.0
2020,S,NC,Senate,Anzalone Liszt Grove,D,2020-09-22,2020-09-28,822,v,53.0,41.0,1.5
2020,S,NC,Senate,Change Research,,2020-10-02,2020-10-04,396,lv,50.0,46.0,1.4
2020,S,NC,Senate,East Carolina University,,2020-10-02,2020-10-04,1232,lv,46.4,46.7,2.6
2020,S,NC,Senate,PPP,,2020-10-04,2020-10-05,911,v,48.0,42.0,1.4
2020,S,NC,Senate,Data for Progress,D,2020-09-30,2020-10-05,1285,lv,50.0,39.0,2.6
2020,S,NC,Senate,Ipsos,,2020-09-29,2020-10-06,601,lv,47.0,42.0,2.8
2020,S,NC,Senate,SurveyUSA,,2020-10-08,2020-10-11,669,lv,49.0,39.0,2.8
2020,S,NC,Senate,Monmouth,,2020-10-08,2020-10-11,500,rv,48.0,44.0,2.9
2020,S,NC,Senate,Monmouth,,2020-10-08,2020-10-11,500,lv,49.0,44.0,2.9
2020,S,NC,Senate,Monmouth,,2020-10-08,2020-10-11,500,lv,48.0,47.0,2.9
2020,S,NC,Senate,RMG Research,,2020-10-07,2020-10-11,800,lv,46.0,36.0,2.3
2020,S,NC,Senate,Susquehanna,,2020-10-07,2020-10-11,500,lv,46.0,44.0,2.3
2020,S,NC,Senate,Morning Consult,,2020-10-02,2020-10-11,1993,lv,47.0,41.0,1.9
2020,S,NC,Senate,Siena/NYT,,2020-10-09,2020-10-13,627,lv,41.0,37.0,3.0
2020,S,NC,Senate,Ipsos,,2020-10-07,2020-10-13,660,lv,46.0,42.0,2.8
2020,S,NC,Senate,Emerson,,2020-10-13,2020-10-14,721,lv,44.6,43.5,2.9
2020,S,NC,Senate,Civiqs,D,2020-10-11,2020-10-14,1211,lv,51.0,45.0,2.4
2020,S,NC,Senate,ABC/Washington Post,,2020-10-12,2020-10-17,706,rv,49.0,46.0,3.0
2020,S,NC,Senate,ABC/Washington Post,,2020-10-12,2020-10-17,646,lv,49.0,47.0,3.0
2020,S,NC,Senate,East Carolina University,,2020-10-15,2020-10-18,1155,lv,48.6,47.2,2.6
2020,S,NC,Senate,Data for Progress,D,2020-10-15,2020-10-18,929,lv,46.0,42.0,2.6
2020,S,NC,Senate,Change Research,,2020-10-16,2020-10-19,521,lv,51.0,45.0,1.4
2020,S,NC,Senate,Meredith College,,2020-10-16,2020-10-19,732,lv,43.3,38.2,1.6
2020,S,NC,Senate,Citizen Data,,2020-10-17,2020-10-20,1000,lv,48.39,42.27,0.9
2020,S,NC,Senate,Ipsos,,2020-10-14,2020-10-20,660,lv,47.0,47.0,2.8
2020,S,NC,Senate,Morning Consult,,2020-10-11,2020-10-20,1904,lv,48.0,42.0,1.9
2020,S,NC,Senate,Rasmussen,,2020-10-20,2020-10-21,800,lv,45.0,45.0,2.1
2020,S,NC,Senate,Trafalgar Group,R,2020-10-20,2020-10-22,1098,lv,46.8,48.6,0.7
2020,S,NC,Senate,YouGov,,2020-10-20,2020-10-23,1022,lv,49.0,43.0,3.0
2020,S,NC,Senate,Harper Polling,,2020-10-22,2020-10-25,504,lv,46.0,43.0,
2020,S,NC,Senate,RMG Research,,2020-10-24,2020-10-26,800,lv,49.0,42.0,2.3
2020,S,NC,Senate,SurveyUSA,,2020-10-23,2020-10-26,627,lv,48.0,45.0,2.8
2020,S,NC,Senate,Swayable,,2020-10-23,2020-10-26,363,lv,49.7,50.3,
2020,S,NC,Senate,U. Massachusetts - Lowell,,2020-10-20,2020-10-26,911,lv,49.0,45.0,2.9
2020,S,NC,Senate,PPP,D,2020-10-26,2020-10-27,937,v,47.0,44.0,1.4
2020,S,NC,Senate,Gravis Marketing (2020 and earlier),,2020-10-26,2020-10-27,614,lv,46.0,44.0,2.0
2020,S,NC,Senate,Meeting Street Insights,R,2020-10-24,2020-10-27,600,lv,47.0,43.0,1.4
2020,S,NC,Senate,Siena/NYT,,2020-10-23,2020-10-27,1034,lv,46.0,43.0,3.0
2020,S,NC,Senate,Ipsos,,2020-10-21,2020-10-27,647,lv,48.0,47.0,2.8
2020,S,NC,Senate,Cardinal Point Analytics (CardinalGPS),,2020-10-27,2020-10-28,750,lv,40.65,45.9,1.6
2020,S,NC,Senate,East Carolina University,,2020-10-27,2020-10-28,1103,lv,48.14,46.6,2.6
2020,S,NC,Senate,Marist College,,2020-10-25,2020-10-28,1049,rv,53.0,43.0,2.9
2020,S,NC,Senate,Marist College,,2020-10-25,2020-10-28,800,lv,53.0,43.0,2.9
2020,S,NC,Senate,Rasmussen,,2020-10-28,2020-10-29,800,lv,47.0,44.0,2.1
2020,S,NC,Senate,CNN/SSRS,,2020-10-23,2020-10-30,901,lv,47.0,44.0,2.8
2020,S,NC,Senate,CNN/SSRS,,2020-10-23,2020-10-30,932,rv,45.0,43.0,2.8
2020,S,NC,Senate,Frederick Polls LLC,,2020-10-30,2020-10-31,676,lv,50.0,46.0,1.6
2020,S,NC,Senate,Emerson,,2020-10-29,2020-10-31,855,lv,50.4,47.2,2.9
2020,S,NC,Senate,Morning Consult,,2020-10-22,2020-10-31,1982,lv,47.4,42.5,1.9
2020,S,NC,Senate,Change Research,,2020-10-29,2020-11-01,473,lv,50.0,46.0,1.4
2020,S,NC,Senate,Data for Progress,,2020-10-27,2020-11-01,908,lv,51.0,46.0,2.6
2020,S,NC,Senate,Ipsos,,2020-10-27,2020-11-01,707,lv,48.0,46.0,2.8
2020,S,NC,Senate,Swayable,,2020-10-27,2020-11-02,619,lv,53.2,46.8,
2020,S,NE,Senate,Cygnal,R,2020-10-19,2020-10-21,625,lv,17.5,47.4,2.1
2020,S,NH,Senate,U. New Hampshire,,2020-02-19,2020-02-25,576,lv,52.0,28.0,2.6
2020,S,NH,Senate,U. New Hampshire,,2020-05-14,2020-05-18,788,lv,52.0,34.0,2.6
2020,S,NH,Senate,U. New Hampshire,,2020-06-18,2020-06-22,932,lv,50.0,37.0,2.6
2020,S,NH,Senate,U. New Hampshire,,2020-07-16,2020-07-28,1893,lv,54.0,35.0,2.6
2020,S,NH,Senate,U. New Hampshire,,2020-08-28,2020-09-01,1889,lv,54.0,36.0,2.6
2020,S,NH,Senate,U. Massachusetts - Lowell,,2020-09-17,2020-09-25,657,lv,56.0,37.0,2.9
2020,S,NH,Senate,ARG,,2020-09-25,2020-09-28,600,lv,56.0,40.0,2.3
2020,S,NH,Senate,U. New Hampshire,,2020-09-24,2020-09-28,972,lv,54.0,41.0,2.6
2020,S,NH,Senate,Emerson,,2020-09-30,2020-10-01,700,lv,55.2,40.1,2.9
2020,S,NH,Senate,St. Anselm,,2020-10-01,2020-10-04,1147,lv,53.0,39.0,2.4
2020,S,NH,Senate,U. New Hampshire,,2020-10-09,2020-10-12,899,lv,55.0,40.0,2.6
2020,S,NH,Senate,Suffolk,,2020-10-08,2020-10-12,500,lv,50.8,36.4,2.9
2020,S,NH,Senate,St. Anselm,,2020-10-23,2020-10-26,1018,lv,54.0,39.0,2.4
2020,S,NH,Senate,U. Massachusetts - Lowell,,2020-10-16,2020-10-26,757,lv,57.0,38.0,2.9
2020,S,NH,Senate,ARG,,2020-10-26,2020-10-28,600,lv,57.0,40.0,2.3
2020,S,NH,Senate,U. New Hampshire,,2020-10-24,2020-10-28,864,lv,54.0,43.0,2.6
2020,S,NJ,Senate,Monmouth,,2020-04-16,2020-04-19,317,rv,55.0,32.0,2.9
2020,S,NJ,Senate,Emerson,,2020-09-04,2020-09-07,500,lv,51.55,27.54,2.9
2020,S,NJ,Senate,Stockton University,,2020-10-07,2020-10-13,721,lv,56.6,31.6,2.6
2020,S,NJ,Senate,Rutgers-Eagleton,,2020-10-18,2020-10-24,972,rv,59.0,30.0,2.3
2020,S,NJ,Senate,Rutgers-Eagleton,,2020-10-18,2020-10-24,872,lv,61.0,31.0,2.3
2020,S,NJ,Senate,Swayable,,2020-10-23,2020-10-26,363,lv,61.0,39.0,
2020,S,NJ,Senate,Research Co.,,2020-10-31,2020-11-01,450,lv,55.0,32.0,2.4
2020,S,NM,Senate,PPP,,2020-06-12,2020-06-13,740,v,48.0,34.0,1.4
2020,S,NM,Senate,Research & Polling,,2020-08-26,2020-09-02,1123,lv,49.0,40.0,2.1
2020,S,NM,Senate,PPP,,2020-09-30,2020-10-01,886,lv,51.0,41.0,1.4
2020,S,NM,Senate,GBAO,D,2020-10-14,2020-10-17,600,lv,52.0,41.0,1.2
2020,S,NM,Senate,GBAO,D,2020-10-14,2020-10-17,600,lv,54.0,43.0,1.2
2020,S,NM,Senate,Research & Polling,,2020-10-23,2020-10-29,1180,lv,52.0,44.0,2.1
2020,S,OK,Senate,Amber Integrated,,2020-03-05,2020-03-08,500,lv,31.0,57.0,1.5
2020,S,OK,Senate,DFM Research,D,2020-07-29,2020-07-30,572,lv,34.0,50.0,1.3
2020,S,OK,Senate,SoonerPoll.com,,2020-09-02,2020-09-08,486,lv,32.8,57.3,1.8
2020,S,OK,Senate,Amber Integrated,,2020-09-17,2020-09-20,500,lv,30.0,46.0,1.5
2020,S,OK,Senate,SoonerPoll.com,,2020-10-15,2020-10-20,5466,lv,36.9,56.4,1.8
2020,S,OR,Senate,Civiqs,D,2020-09-26,2020-09-29,944,lv,55.0,35.0,2.4
2020,S,SC,Senate,WPAi,R,2019-03-11,2019-03-13,500,lv,32.0,55.0,1.7
2020,S,SC,Senate,Change Research,,2019-06-11,2019-06-14,2312,rv,35.0,52.0,1.4
2020,S,SC,Senate,Change Research,D,2019-09-17,2019-09-21,809,lv,43.0,50.0,1.4
2020,S,SC,Senate,Benchmark Research,R,2019-10-15,2019-10-21,450,rv,30.0,53.0,
2020,S,SC,Senate,Change Research,,2019-12-06,2019-12-11,998,lv,45.0,47.0,1.4
2020,S,SC,Senate,East Carolina University,,2020-01-31,2020-02-02,1756,rv,38.0,51.0,2.6
2020,S,SC,Senate,Marist College,,2020-02-18,2020-02-21,2382,rv,37.0,54.0,2.9
2020,S,SC,Senate,brilliant corners Research & Strategies,D,2020-03-03,2020-03-11,804,lv,43.0,47.0,1.0
2020,S,SC,Senate,Civiqs,D,2020-05-23,2020-05-26,591,rv,42.0,42.0,2.4
2020,S,SC,Senate,Gravis Marketing (2020 and earlier),,2020-07-17,2020-07-17,604,lv,41.0,48.0,2.0
2020,S,SC,Senate,Anzalone Liszt Grove,D,2020-07-15,2020-07-20,591,lv,45.0,49.0,1.5
2020,S,SC,Senate,PPP,D,2020-07-30,2020-07-31,1117,v,44.0,47.0,1.4
2020,S,SC,Senate,Morning Consult,,2020-07-24,2020-08-02,741,lv,43.0,44.0,1.9
2020,S,SC,Senate,Quinnipiac,,2020-07-30,2020-08-03,914,rv,44.0,44.0,2.8
2020,S,SC,Senate,Quinnipiac,,2020-09-10,2020-09-14,969,lv,48.0,48.0,2.8
2020,S,SC,Senate,Morning Consult,,2020-09-08,2020-09-17,782,lv,45.59,44.9,1.9
2020,S,SC,Senate,Morning Consult,,2020-09-11,2020-09-20,764,lv,45.0,46.0,1.9
2020,S,SC,Senate,brilliant corners Research & Strategies,D,2020-09-21,2020-09-24,608,lv,45.0,43.0,1.0
2020,S,SC,Senate,YouGov,,2020-09-22,2020-09-25,1080,lv,44.0,45.0,3.0
2020,S,SC,Senate,Quinnipiac,,2020-09-23,2020-09-27,1123,lv,48.0,48.0,2.8
2020,S,SC,Senate,GBAO,D,2020-09-24,2020-09-28,800,lv,48.0,47.0,1.2
2020,S,SC,Senate,Data for Progress,D,2020-09-23,2020-09-28,824,lv,44.0,45.0,2.6
2020,S,SC,Senate,Data for Progress,D,2020-09-23,2020-09-28,824,lv,46.0,47.0,2.6
2020,S,SC,Senate,Anzalone Liszt Grove,D,2020-09-29,2020-10-05,1011,lv,46.0,46.0,1.5
2020,S,SC,Senate,Data for Progress,D,2020-10-08,2020-10-11,801,lv,47.0,46.0,2.6
2020,S,SC,Senate,Morning Consult,,2020-10-02,2020-10-11,903,lv,42.0,48.0,1.9
2020,S,SC,Senate,Siena/NYT,,2020-10-09,2020-10-14,605,lv,40.0,46.0,3.0
2020,S,SC,Senate,brilliant corners Research & Strategies,D,2020-10-11,2020-10-16,525,lv,47.0,45.0,1.0
2020,S,SC,Senate,Morning Consult,,2020-10-11,2020-10-20,926,lv,47.0,45.0,1.9
2020,S,SC,Senate,East Carolina University,,2020-10-24,2020-10-25,763,lv,47.44,49.28,2.6
2020,S,SC,Senate,Starboard Communications,,2020-10-26,2020-10-26,800,lv,42.5,51.9,1.7
2020,S,SC,Senate,Data for Progress,D,2020-10-22,2020-10-27,1196,lv,46.0,46.0,2.6
2020,S,SC,Senate,Morning Consult,,2020-10-22,2020-10-31,904,lv,44.2,46.4,1.9
2020,S,SC,Senate,Data for Progress,,2020-10-27,2020-11-01,880,lv,46.0,49.0,2.6
2020,S,SC,Senate,Swayable,,2020-10-23,2020-11-01,416,lv,51.9,46.0,
2020,S,SC,Senate,Øptimus,,2020-10-31,2020-11-02,802,lv,41.4,51.2,
2020,S,SD,Senate,Nielson Brothers,,2020-10-24,2020-10-28,479,lv,39.0,56.0,
2020,S,TN,Senate,Cygnal,R,2020-10-20,2020-10-22,610,lv,35.6,56.3,2.1
2020,S,TN,Senate,Swayable,,2020-10-23,2020-11-01,431,lv,39.3,60.7,
2020,S,TX,Senate,Emerson,,2019-04-25,2019-04-28,799,rv,11.8,28.7,2.9
2020,S,TX,Senate,Beacon Research,D,2019-11-09,2019-11-21,601,rv,30.0,44.0,0.9
2020,S,TX,Senate,Marist College,,2020-02-23,2020-02-27,2409,rv,41.0,49.0,2.9
2020,S,TX,Senate,University of Texas at Tyler,,2020-04-18,2020-04-27,1183,rv,24.0,37.0,1.8
2020,S,TX,Senate,Beacon/Shaw,,2020-06-20,2020-06-23,1001,rv,36.0,46.0,2.8
2020,S,TX,Senate,PPP,D,2020-06-24,2020-06-25,729,v,35.0,42.0,1.4
2020,S,TX,Senate,University of Texas at Tyler,,2020-06-29,2020-07-07,1909,rv,26.0,37.0,1.8
2020,S,TX,Senate,University of Texas at Tyler,,2020-06-29,2020-07-07,1677,lv,29.0,42.0,1.8
2020,S,TX,Senate,YouGov,,2020-07-07,2020-07-10,1179,lv,36.0,44.0,3.0
2020,S,TX,Senate,Quinnipiac,,2020-07-16,2020-07-20,880,rv,38.0,47.0,2.8
2020,S,TX,Senate,Spry Strategies,R,2020-07-16,2020-07-20,750,lv,37.27,47.44,1.5
2020,S,TX,Senate,Global Strategy Group/Latino Decisions,D,2020-07-25,2020-07-29,700,lv,42.0,43.0,
2020,S,TX,Senate,Morning Consult,,2020-07-24,2020-08-02,2576,lv,38.0,44.0,1.9
2020,S,TX,Senate,YouGov,,2020-08-04,2020-08-13,846,rv,37.4,44.4,3.0
2020,S,TX,Senate,Data for Progress,,2020-08-20,2020-08-25,2295,lv,40.0,46.0,2.6
2020,S,TX,Senate,The Tyson Group,,2020-08-20,2020-08-25,906,lv,42.0,44.0,1.1
2020,S,TX,Senate,PPP,D,2020-09-01,2020-09-02,743,v,40.0,44.0,1.4
2020,S,TX,Senate,University of Texas at Tyler,,2020-08-28,2020-09-02,1176,rv,24.0,34.0,1.8
2020,S,TX,Senate,University of Texas at Tyler,,2020-08-28,2020-09-02,901,lv,28.0,39.0,1.8
2020,S,TX,Senate,Morning Consult,,2020-09-08,2020-09-17,2555,lv,38.45,44.95,1.9
2020,S,TX,Senate,YouGov,,2020-09-15,2020-09-18,1129,lv,41.0,46.0,3.0
2020,S,TX,Senate,Morning Consult,,2020-09-11,2020-09-20,2616,lv,39.0,45.0,1.9
2020,S,TX,Senate,Quinnipiac,,2020-09-17,2020-09-21,1078,lv,42.0,50.0,2.8
2020,S,TX,Senate,Siena/NYT,,2020-09-16,2020-09-22,653,lv,37.0,43.0,3.0
2020,S,TX,Senate,Data for Progress,,2020-09-15,2020-09-22,726,lv,38.0,40.0,2.6
2020,S,TX,Senate,U. Massachusetts - Lowell,,2020-09-18,2020-09-25,882,lv,40.0,50.0,2.9
2020,S,TX,Senate,U. Texas,,2020-09-25,2020-10-04,908,lv,42.0,50.0,
2020,S,TX,Senate,Data for Progress,D,2020-09-30,2020-10-05,1949,lv,42.0,45.0,2.6
2020,S,TX,Senate,Crosswind Media & Public Relations,,2020-10-05,2020-10-06,1000,lv,39.0,48.0,2.1
2020,S,TX,Senate,Civiqs,D,2020-10-03,2020-10-06,895,lv,46.0,47.0,2.4
2020,S,TX,Senate,Morning Consult,,2020-10-02,2020-10-11,3455,lv,38.0,47.0,1.9
2020,S,TX,Senate,PPP,,2020-10-14,2020-10-15,712,v,46.0,49.0,1.4
2020,S,TX,Senate,Data for Progress,D,2020-10-15,2020-10-18,933,lv,41.0,44.0,2.6
2020,S,TX,Senate,Cygnal,R,2020-10-18,2020-10-19,600,lv,40.8,48.9,2.1
2020,S,TX,Senate,Quinnipiac,,2020-10-16,2020-10-19,1145,lv,43.0,49.0,2.8
2020,S,TX,Senate,Citizen Data,,2020-10-17,2020-10-20,1000,lv,40.62,40.82,0.9
2020,S,TX,Senate,University of Texas at Tyler,,2020-10-13,2020-10-20,1012,rv,32.0,40.0,1.8
2020,S,TX,Senate,University of Texas at Tyler,,2020-10-13,2020-10-20,925,lv,34.0,42.0,1.8
2020,S,TX,Senate,U. Houston,,2020-10-13,2020-10-20,1000,lv,41.6,48.9,2.2
2020,S,TX,Senate,Morning Consult,,2020-10-11,2020-10-20,3347,lv,41.0,46.0,1.9
2020,S,TX,Senate,Data for Progress,D,2020-10-22,2020-10-25,1018,lv,46.0,48.0,2.6
2020,S,TX,Senate,Siena/NYT,,2020-10-20,2020-10-25,802,lv,38.0,48.0,3.0
2020,S,TX,Senate,Univision/University of Houston/Latino Decisions/North Star Opinion Research,,2020-10-17,2020-10-25,758,rv,40.0,45.0,
2020,S,TX,Senate,Swayable,,2020-10-23,2020-10-26,492,lv,47.6,52.4,
2020,S,TX,Senate,U. Massachusetts - Lowell,,2020-10-20,2020-10-26,873,lv,44.0,49.0,2.9
2020,S,TX,Senate,RMG Research,,2020-10-27,2020-10-28,800,lv,42.0,48.0,2.3
2020,S,TX,Senate,Gravis Marketing (2020 and earlier),,2020-10-27,2020-10-28,670,lv,43.0,49.0,2.0
2020,S,TX,Senate,Emerson,,2020-10-29,2020-10-31,763,lv,47.0,51.0,2.9
2020,S,TX,Senate,Morning Consult,,2020-10-22,2020-10-31,3267,lv,42.5,46.7,1.9
2020,S,TX,Senate,Data for Progress,,2020-10-27,2020-11-01,926,lv,47.0,50.0,2.6
2020,S,TX,Senate,Swayable,,2020-10-27,2020-11-02,1042,lv,43.5,56.5,
2020,S,VA,Senate,Roanoke College,,2020-08-09,2020-08-22,566,lv,55.0,34.0,2.6
2020,S,VA,Senate,Virginia Commonwealth U.,,2020-08-28,2020-09-07,693,lv,55.0,38.0,2.1
2020,S,VA,Senate,Christopher Newport U.,,2020-09-09,2020-09-21,796,lv,52.0,39.0,2.8
2020,S,VA,Senate,Cygnal,R,2020-09-22,2020-09-25,600,lv,50.7,41.3,2.1
2020,S,VA,Senate,Cygnal,R,2020-10-09,2020-10-11,607,lv,51.3,44.2,2.1
2020,S,VA,Senate,Reconnect Research/Roanoke College,,2020-09-30,2020-10-12,602,lv,55.0,38.0,
2020,S,VA,Senate,Civiqs,D,2020-10-11,2020-10-14,1231,lv,54.0,43.0,2.4
2020,S,VA,Senate,Washington Post/George Mason University,,2020-10-13,2020-10-19,908,lv,57.0,39.0,2.7
2020,S,VA,Senate,Virginia Commonwealth U.,,2020-10-13,2020-10-22,709,lv,55.0,38.0,2.1
2020,S,VA,Senate,Swayable,,2020-10-23,2020-10-26,332,lv,59.7,40.3,
2020,S,VA,Senate,Christopher Newport U.,,2020-10-15,2020-10-27,908,lv,57.0,37.0,2.8
2020,S,VA,Senate,Roanoke College,,2020-10-23,2020-10-29,802,lv,55.0,39.0,2.6
2020,S,VA,Senate,Data for Progress,,2020-10-27,2020-11-01,690,lv,57.0,42.0,2.6
2020,S,VA,Senate,Swayable,,2020-10-27,2020-11-01,283,lv,60.7,39.3,
2020,S,WV,Senate,Research America,,2020-10-01,2020-10-06,450,lv,33.0,53.0,0.7
2020,S,WY,Senate,University of Wyoming,,2020-10-08,2020-10-28,614,lv,26.0,56.0,0.6
2021,G,NJ,Governor,National Research,R,2021-04-11,2021-04-13,600,lv,47.0,30.0,2.0
2021,G,NJ,Governor,Change Research,,2021-05-15,2021-05-20,1215,a,47.0,36.0,1.4
2021,G,NJ,Governor,Rutgers-Eagleton,,2021-05-21,2021-05-29,493,a,52.0,24.0,2.3
2021,G,NJ,Governor,Rutgers-Eagleton,,2021-05-21,2021-05-29,467,rv,52.0,26.0,2.3
2021,G,NJ,Governor,Fairleigh Dickinson,,2021-06-09,2021-06-16,401,rv,48.0,33.0,2.6
2021,G,NJ,Governor,National Research,R,2021-06-17,2021-06-22,600,lv,49.0,37.0,2.0
2021,G,NJ,Governor,Monmouth,,2021-08-11,2021-08-16,810,rv,52.0,36.0,2.9
2021,G,NJ,Governor,Monmouth,,2021-08-11,2021-08-16,810,lv,51.0,40.0,2.9
2021,G,NJ,Governor,Monmouth,,2021-08-11,2021-08-16,810,lv,55.0,36.0,2.9
2021,G,NJ,Governor,Fabrizio,R,2021-08-24,2021-08-29,600,lv,43.0,41.0,1.7
2021,G,NJ,Governor,Fabrizio,R,2021-08-24,2021-08-29,600,lv,46.0,45.0,1.7
2021,G,NJ,Governor,National Research,R,2021-09-13,2021-09-16,600,lv,45.0,42.0,2.0
2021,G,NJ,Governor,Monmouth,,2021-09-16,2021-09-20,804,rv,51.0,38.0,2.9
2021,G,NJ,Governor,Stockton University,,2021-09-17,2021-09-25,552,lv,50.0,41.0,2.6
2021,G,NJ,Governor,Schoen Cooperman,,2021-10-09,2021-10-12,500,lv,50.0,41.0,1.5
2021,G,NJ,Governor,Emerson,,2021-10-15,2021-10-18,600,lv,52.2,47.8,2.9
2021,G,NJ,Governor,Monmouth,,2021-10-21,2021-10-25,1000,rv,50.0,39.0,2.9
2021,G,NJ,Governor,Stockton University,,2021-10-17,2021-10-26,522,lv,50.0,41.0,2.6
2021,G,NJ,Governor,Rutgers-Eagleton,,2021-10-21,2021-10-27,901,rv,50.0,42.0,2.3
2021,G,NJ,Governor,Fairleigh Dickinson,,2021-10-23,2021-10-28,823,rv,53.0,44.0,2.6
2021,G,NJ,Governor,Trafalgar Group,R,2021-10-29,2021-10-31,1085,lv,49.4,45.2,0.7
2021,G,NJ,Governor,Research Co.,,2021-10-31,2021-11-01,450,lv,50.0,44.0,2.4
2021,G,VA,Governor,WPAi,R,2021-06-02,2021-06-06,506,lv,48.0,46.0,1.7
2021,G,VA,Governor,JMC Analytics,,2021-06-09,2021-06-12,550,lv,46.0,42.0,1.8
2021,G,VA,Governor,Spry Strategies,R,2021-07-06,2021-07-09,600,lv,46.39,41.28,1.5
2021,G,VA,Governor,Trafalgar Group,R,2021-07-08,2021-07-10,1104,lv,46.8,45.0,0.7
2021,G,VA,Governor,co/efficient,R,2021-07-25,2021-07-27,762,lv,45.0,40.0,1.1
2021,G,VA,Governor,WPAi,R,2021-08-03,2021-08-05,734,lv,51.0,45.0,1.7
2021,G,VA,Governor,WPAi,R,2021-08-03,2021-08-05,734,lv,50.0,43.0,1.7
2021,G,VA,Governor,co/efficient,R,2021-08-08,2021-08-09,1200,lv,47.0,45.0,1.1
2021,G,VA,Governor,Virginia Commonwealth U.,,2021-08-04,2021-08-15,770,rv,40.0,37.0,2.1
2021,G,VA,Governor,Virginia Commonwealth U.,,2021-08-04,2021-08-15,770,lv,40.0,37.0,2.1
2021,G,VA,Governor,Roanoke College,,2021-08-03,2021-08-17,558,lv,46.0,38.0,2.6
2021,G,VA,Governor,Change Research,D,2021-08-14,2021-08-18,1334,lv,47.0,44.0,1.4
2021,G,VA,Governor,Change Research,,2021-08-17,2021-08-21,1653,lv,49.0,43.0,1.4
2021,G,VA,Governor,Christopher Newport U.,,2021-08-15,2021-08-23,800,lv,50.0,41.0,2.8
2021,G,VA,Governor,Trafalgar Group,R,2021-08-26,2021-08-29,1074,lv,46.6,46.3,0.7
2021,G,VA,Governor,Monmouth,,2021-08-24,2021-08-29,802,rv,47.0,42.0,2.9
2021,G,VA,Governor,WPAi,R,2021-08-30,2021-09-02,734,lv,46.0,48.0,1.7
2021,G,VA,Governor,WPAi,R,2021-08-30,2021-09-02,734,lv,48.0,48.0,1.7
2021,G,VA,Governor,Washington Post/George Mason University,,2021-09-07,2021-09-13,907,rv,49.0,43.0,2.7
2021,G,VA,Governor,Washington Post/George Mason University,,2021-09-07,2021-09-13,728,lv,50.0,47.0,2.7
2021,G,VA,Governor,Research America,,2021-09-07,2021-09-13,1000,a,43.0,38.0,0.7
2021,G,VA,Governor,Research America,,2021-09-07,2021-09-13,885,rv,46.0,41.0,0.7
2021,G,VA,Governor,Research America,,2021-09-07,2021-09-13,528,lv,43.0,48.0,0.7
2021,G,VA,Governor,Emerson,,2021-09-13,2021-09-14,778,lv,50.8,47.6,2.9
2021,G,VA,Governor,Virginia Commonwealth U.,,2021-09-07,2021-09-15,731,lv,43.0,34.0,2.1
2021,G,VA,Governor,PPP,D,2021-09-17,2021-09-18,875,v,45.0,42.0,1.4
2021,G,VA,Governor,KAConsulting LLC,R,2021-09-17,2021-09-19,700,lv,46.0,42.0,1.5
2021,G,VA,Governor,Global Strategy Group,,2021-09-16,2021-09-20,600,lv,48.0,45.0,1.8
2021,G,VA,Governor,Monmouth,,2021-09-22,2021-09-26,801,rv,48.0,43.0,2.9
2021,G,VA,Governor,Roanoke College,,2021-09-12,2021-09-26,603,lv,48.0,41.0,2.6
2021,G,VA,Governor,Beacon/Shaw,,2021-09-26,2021-09-29,901,rv,48.0,44.0,2.8
2021,G,VA,Governor,Emerson,,2021-10-01,2021-10-03,620,lv,49.1,49.2,2.9
2021,G,VA,Governor,Christopher Newport U.,,2021-09-27,2021-10-06,802,lv,49.0,45.0,2.8
2021,G,VA,Governor,YouGov,,2021-10-04,2021-10-11,1040,lv,50.0,47.0,3.0
2021,G,VA,Governor,Schoen Cooperman,,2021-10-09,2021-10-12,500,lv,47.0,43.0,1.5
2021,G,VA,Governor,Trafalgar Group,R,2021-10-11,2021-10-13,1095,lv,47.5,48.4,0.7
2021,G,VA,Governor,Beacon/Shaw,,2021-10-10,2021-10-13,1004,rv,52.0,41.0,2.8
2021,G,VA,Governor,Beacon/Shaw,,2021-10-10,2021-10-13,726,lv,51.0,46.0,2.8
2021,G,VA,Governor,Data for Progress,,2021-10-04,2021-10-15,1589,lv,50.0,45.0,2.6
2021,G,VA,Governor,Monmouth,,2021-10-16,2021-10-19,1005,rv,46.0,46.0,2.9
2021,G,VA,Governor,co/efficient,R,2021-10-20,2021-10-21,785,lv,43.0,47.0,1.1
2021,G,VA,Governor,Cygnal,,2021-10-19,2021-10-21,816,lv,48.3,48.3,2.1
2021,G,VA,Governor,KAConsulting LLC,R,2021-10-18,2021-10-21,661,lv,41.0,43.0,1.5
2021,G,VA,Governor,Virginia Commonwealth U.,,2021-10-09,2021-10-21,722,lv,41.0,38.0,2.1
2021,G,VA,Governor,Emerson,,2021-10-22,2021-10-23,875,lv,49.4,48.5,2.9
2021,G,VA,Governor,Suffolk,,2021-10-21,2021-10-24,500,lv,45.6,45.2,2.9
2021,G,VA,Governor,Christopher Newport U.,,2021-10-17,2021-10-25,944,lv,49.0,48.0,2.8
2021,G,VA,Governor,Washington Post/George Mason University,,2021-10-20,2021-10-26,918,lv,49.0,48.0,2.7
2021,G,VA,Governor,Washington Post/George Mason University,,2021-10-20,2021-10-26,1107,rv,49.0,45.0,2.7
2021,G,VA,Governor,Beacon/Shaw,,2021-10-24,2021-10-27,1212,rv,47.0,48.0,2.8
2021,G,VA,Governor,Beacon/Shaw,,2021-10-24,2021-10-27,1015,lv,45.0,53.0,2.8
2021,G,VA,Governor,Roanoke College,,2021-10-14,2021-10-28,571,lv,48.0,47.0,2.6
2021,G,VA,Governor,Echelon Insights,,2021-10-27,2021-10-29,611,lv,46.0,49.0,2.7
2021,G,VA,Governor,InsiderAdvantage,,2021-10-27,2021-10-30,500,lv,45.0,47.0,2.0
2021,G,VA,Governor,Trafalgar Group,R,2021-10-29,2021-10-31,1081,lv,47.1,49.4,0.7
2021,G,VA,Governor,Research Co.,,2021-10-31,2021-11-01,450,lv,47.0,48.0,2.4
2021,G,VA,Governor,Targoz Market Research,,2021-10-26,2021-11-01,747,lv,50.0,47.0,1.8
2021,H,NM,House NM-01,RRH/PMI,,2021-05-18,2021-05-21,555,lv,49.0,33.0,1.9
2021,H,OH,House OH-15,Emerson,,2021-10-14,2021-10-16,445,lv,38.9,50.0,2.9
2022,G,AK,Governor,Alaska Survey Research,,2021-10-22,2021-10-27,969,rv,24.0,46.0,1.9
2022,G,AK,Governor,Lake Research,D,2022-05-05,2022-05-11,500,lv,24.0,40.0,1.2
2022,G,AK,Governor,Alaska Survey Research,,2022-07-02,2022-07-05,1201,lv,25.8,43.5,1.9
2022,G,AK,Governor,Alaska Survey Research,,2022-07-02,2022-07-05,1201,lv,26.4,50.9,1.9
2022,G,AK,Governor,Fabrizio/Impact,,2022-09-06,2022-09-11,500,lv,26.0,49.0,1.7
2022,G,AK,Governor,Fabrizio/Impact,,2022-09-06,2022-09-11,500,lv,26.0,54.0,1.7
2022,G,AK,Governor,Fabrizio/Impact,,2022-09-06,2022-09-11,500,lv,41.0,59.0,1.7
2022,G,AK,Governor,Alaska Survey Research,,2022-09-25,2022-09-27,1282,lv,28.3,43.1,1.9
2022,G,AK,Governor,Alaska Survey Research,,2022-09-25,2022-09-27,1282,lv,29.1,48.2,1.9
2022,G,AK,Governor,Alaska Survey Research,,2022-09-25,2022-09-27,1282,lv,46.6,53.4,1.9
2022,G,AK,Governor,Dittman Research,,2022-10-21,2022-10-25,403,lv,25.0,47.0,1.7
2022,G,AK,Governor,Dittman Research,,2022-10-21,2022-10-25,403,lv,25.0,51.0,1.7
2022,G,AL,Governor,Cygnal,,2022-10-27,2022-10-29,616,lv,25.3,59.5,2.1
2022,G,AR,Governor,Remington,,2022-02-26,2022-02-27,827,lv,28.0,58.0,2.6
2022,G,AR,Governor,Echelon Insights,,2022-08-31,2022-09-07,382,lv,32.0,62.0,2.7
2022,G,AR,Governor,Hendrix College,,2022-09-12,2022-09-12,835,lv,40.0,51.0,0.9
2022,G,AR,Governor,Remington,,2022-09-14,2022-09-15,1418,lv,34.0,59.0,2.6
2022,G,AR,Governor,Hendrix College,,2022-10-17,2022-10-18,974,lv,41.0,51.0,0.9
2022,G,AR,Governor,U. of Arkansas,,2022-10-13,2022-10-31,557,lv,33.9,53.0,2.5
2022,G,AZ,Governor,Redfield & Wilton Strategies,,2021-11-10,2021-11-10,624,rv,39.0,34.0,1.8
2022,G,AZ,Governor,Redfield & Wilton Strategies,,2021-11-10,2021-11-10,539,lv,41.0,37.0,1.8
2022,G,AZ,Governor,Data Orbital,,2022-02-11,2022-02-13,1000,lv,41.4,42.7,2.9
2022,G,AZ,Governor,GQR,D,2022-05-09,2022-05-15,400,lv,50.0,45.0,2.0
2022,G,AZ,Governor,TargetSmart,D,2022-06-28,2022-06-30,704,lv,47.0,38.0,2.0
2022,G,AZ,Governor,Beacon Research,,2022-07-05,2022-07-20,802,rv,43.0,38.0,0.9
2022,G,AZ,Governor,Beacon Research,,2022-07-05,2022-07-20,504,lv,49.0,40.0,0.9
2022,G,AZ,Governor,Beacon/Shaw,,2022-08-12,2022-08-16,1012,rv,47.0,44.0,2.8
2022,G,AZ,Governor,RMG Research,,2022-08-16,2022-08-22,750,lv,44.0,46.0,2.3
2022,G,AZ,Governor,InsiderAdvantage,,2022-09-06,2022-09-07,550,lv,44.0,43.0,2.0
2022,G,AZ,Governor,Emerson,,2022-09-06,2022-09-07,627,lv,46.1,46.1,2.9
2022,G,AZ,Governor,Echelon Insights,,2022-08-31,2022-09-07,773,lv,50.0,40.0,2.7
2022,G,AZ,Governor,Center Street PAC,D,2022-09-06,2022-09-09,972,rv,49.0,37.0,1.0
2022,G,AZ,Governor,Center Street PAC,D,2022-09-06,2022-09-09,563,lv,53.0,39.0,1.0
2022,G,AZ,Governor,Fabrizio/Impact,,2022-09-08,2022-09-15,500,lv,49.0,48.0,1.7
2022,G,AZ,Governor,Trafalgar Group,R,2022-09-14,2022-09-17,1080,lv,45.6,50.0,0.7
2022,G,AZ,Governor,Data for Progress,,2022-09-15,2022-09-19,768,lv,47.0,51.0,2.6
2022,G,AZ,Governor,Marist College,,2022-09-19,2022-09-22,1260,rv,45.0,46.0,2.9
2022,G,AZ,Governor,Suffolk,,2022-09-21,2022-09-25,500,lv,46.2,45.4,2.9
2022,G,AZ,Governor,Beacon/Shaw,,2022-09-22,2022-09-26,1008,rv,44.0,43.0,2.8
2022,G,AZ,Governor,CNN/SSRS,,2022-09-26,2022-10-02,795,lv,49.0,46.0,2.8
2022,G,AZ,Governor,CNN/SSRS,,2022-09-26,2022-10-02,900,rv,49.0,44.0,2.8
2022,G,AZ,Governor,YouGov,,2022-09-30,2022-10-04,1164,lv,49.0,49.0,3.0
2022,G,AZ,Governor,OH Predictive Insights / MBQF,,2022-10-04,2022-10-06,674,lv,43.96,46.6,2.4
2022,G,AZ,Governor,Ascend Action,,2022-10-08,2022-10-10,954,lv,45.0,46.0,0.7
2022,G,AZ,Governor,InsiderAdvantage,,2022-10-11,2022-10-11,550,rv,45.6,49.3,2.0
2022,G,AZ,Governor,HighGround,,2022-10-12,2022-10-13,500,lv,45.8,44.8,1.8
2022,G,AZ,Governor,Wick,,2022-10-08,2022-10-13,1000,lv,47.5,47.4,1.4
2022,G,AZ,Governor,Trafalgar Group,R,2022-10-16,2022-10-17,1078,lv,46.4,49.2,0.7
2022,G,AZ,Governor,Data for Progress,,2022-10-11,2022-10-17,893,lv,46.0,50.0,2.6
2022,G,AZ,Governor,Susquehanna,,2022-10-14,2022-10-18,600,lv,47.9,47.2,2.3
2022,G,AZ,Governor,Data Orbital,,2022-10-17,2022-10-19,550,lv,44.2,46.7,2.9
2022,G,AZ,Governor,co/efficient,R,2022-10-20,2022-10-21,1111,lv,45.3,48.6,1.1
2022,G,AZ,Governor,InsiderAdvantage,,2022-10-24,2022-10-25,550,lv,43.0,54.0,2.0
2022,G,AZ,Governor,Siena/NYT,,2022-10-24,2022-10-26,604,lv,48.0,48.0,3.0
2022,G,AZ,Governor,OH Predictive Insights / MBQF,,2022-10-24,2022-10-26,600,lv,47.0,49.0,2.4
2022,G,AZ,Governor,Fabrizio,R,2022-10-24,2022-10-26,800,lv,47.0,50.0,1.7
2022,G,AZ,Governor,BSP Research/Shaw & Company,,2022-10-19,2022-10-26,1000,rv,40.0,42.0,2.0
2022,G,AZ,Governor,BSP Research/Shaw & Company,,2022-10-19,2022-10-26,669,lv,44.0,44.0,2.0
2022,G,AZ,Governor,Phillips Academy,,2022-10-29,2022-10-30,985,lv,42.3,53.4,1.7
2022,G,AZ,Governor,Wick,,2022-10-26,2022-10-30,1122,lv,46.8,49.2,1.4
2022,G,AZ,Governor,Beacon/Shaw,,2022-10-26,2022-10-30,1003,lv,46.0,47.0,2.8
2022,G,AZ,Governor,Emerson,,2022-10-30,2022-11-01,1000,lv,46.7,50.2,2.9
2022,G,AZ,Governor,Alloy Analytics,,2022-10-30,2022-11-01,639,lv,46.0,50.0,1.6
2022,G,AZ,Governor,InsiderAdvantage,,2022-11-02,2022-11-02,550,lv,48.0,51.0,2.0
2022,G,AZ,Governor,Remington,,2022-11-01,2022-11-02,1075,lv,46.0,49.0,2.6
2022,G,AZ,Governor,HighGround,,2022-11-01,2022-11-02,500,lv,45.2,46.6,1.8
2022,G,AZ,Governor,Marist College,,2022-10-31,2022-11-02,1157,rv,48.0,47.0,2.9
2022,G,AZ,Governor,Civiqs,,2022-10-29,2022-11-02,852,lv,48.0,50.0,2.4
2022,G,AZ,Governor,KAConsulting LLC,R,2022-11-02,2022-11-03,501,lv,45.0,49.0,1.5
2022,G,AZ,Governor,Research Co.,,2022-11-04,2022-11-06,450,lv,49.0,51.0,2.4
2022,G,AZ,Governor,Data Orbital,,2022-11-04,2022-11-06,550,lv,46.6,49.7,2.9
2022,G,AZ,Governor,Data for Progress,,2022-11-02,2022-11-06,1359,lv,48.0,52.0,2.6
2022,G,AZ,Governor,Targoz Market Research,,2022-11-02,2022-11-06,809,rv,45.0,45.0,1.8
2022,G,AZ,Governor,Targoz Market Research,,2022-11-02,2022-11-06,560,lv,48.0,50.0,1.8
2022,G,AZ,Governor,Trafalgar Group,R,2022-11-05,2022-11-07,1094,lv,46.9,50.5,0.7
2022,G,CA,Governor,UC Berkeley,,2022-08-09,2022-08-15,9254,rv,52.0,25.0,2.5
2022,G,CA,Governor,UC Berkeley,,2022-08-09,2022-08-15,6321,lv,55.0,31.0,2.5
2022,G,CA,Governor,PPIC,,2022-09-02,2022-09-11,1060,lv,58.0,31.0,2.5
2022,G,CA,Governor,UC Berkeley,,2022-09-22,2022-09-27,6939,lv,53.0,32.0,2.5
2022,G,CA,Governor,SurveyUSA,,2022-10-07,2022-10-10,1013,lv,57.0,35.0,2.8
2022,G,CA,Governor,PPIC,,2022-10-14,2022-10-23,1111,lv,55.0,36.0,2.5
2022,G,CA,Governor,YouGov,,2022-10-11,2022-10-26,860,lv,56.0,37.0,3.0
2022,G,CA,Governor,ActiVote,,2022-07-29,2022-10-27,200,lv,61.0,39.0,
2022,G,CA,Governor,UC Berkeley,,2022-10-25,2022-10-31,5972,lv,58.0,37.0,2.5
2022,G,CA,Governor,USC Schwarzenegger Institute,,2022-10-30,2022-11-02,802,rv,62.0,38.0,1.5
2022,G,CA,Governor,Research Co.,,2022-11-04,2022-11-06,450,lv,60.0,40.0,2.4
2022,G,CO,Governor,Global Strategy Group,D,2021-06-17,2021-06-23,800,rv,54.0,34.0,1.8
2022,G,CO,Governor,Global Strategy Group,D,2021-10-19,2021-10-24,800,rv,52.0,35.0,1.8
2022,G,CO,Governor,Global Strategy Group,D,2022-02-11,2022-02-15,400,rv,53.0,37.0,1.8
2022,G,CO,Governor,Global Strategy Group,D,2022-06-02,2022-06-08,400,rv,54.0,37.0,1.8
2022,G,CO,Governor,Global Strategy Group,D,2022-06-02,2022-06-08,400,rv,50.0,32.0,1.8
2022,G,CO,Governor,Trafalgar Group,R,2022-08-15,2022-08-19,1087,lv,46.8,42.1,0.7
2022,G,CO,Governor,Remington,R,2022-08-21,2022-08-22,1503,lv,49.0,42.0,2.6
2022,G,CO,Governor,Emerson,,2022-09-18,2022-09-19,1000,lv,52.8,35.9,2.9
2022,G,CO,Governor,Trafalgar Group,R,2022-09-20,2022-09-24,1078,lv,49.2,40.7,0.7
2022,G,CO,Governor,Keating Research/Magellan Strategies,,2022-09-18,2022-09-26,1060,lv,51.0,34.0,
2022,G,CO,Governor,Data for Progress,,2022-10-03,2022-10-06,1005,lv,56.0,39.0,2.6
2022,G,CO,Governor,Marist College,,2022-10-03,2022-10-06,1127,rv,54.0,36.0,2.9
2022,G,CO,Governor,Global Strategy Group,D,2022-10-06,2022-10-11,800,rv,54.0,33.0,1.8
2022,G,CO,Governor,Global Strategy Group,D,2022-10-06,2022-10-11,800,lv,52.0,34.0,1.8
2022,G,CO,Governor,Global Strategy Group,D,2022-10-06,2022-10-11,800,rv,56.0,38.0,1.8
2022,G,CO,Governor,Global Strategy Group,D,2022-10-06,2022-10-11,800,lv,54.0,39.0,1.8
2022,G,CO,Governor,Civiqs,,2022-10-15,2022-10-18,600,lv,55.0,40.0,2.4
2022,G,CO,Governor,YouGov,,2022-10-11,2022-10-19,709,lv,57.0,41.0,3.0
2022,G,CO,Governor,Trafalgar Group,R,2022-10-25,2022-10-27,1174,lv,49.5,41.8,0.7
2022,G,CO,Governor,Emerson,,2022-10-26,2022-10-29,1000,lv,54.2,40.8,2.9
2022,G,CO,Governor,Trafalgar Group,R,2022-10-30,2022-11-01,1084,lv,49.6,42.5,0.7
2022,G,CO,Governor,Data for Progress,,2022-11-02,2022-11-05,1983,lv,55.0,43.0,2.6
2022,G,CO,Governor,co/efficient,R,2022-11-03,2022-11-07,856,lv,54.0,42.0,1.1
2022,G,CT,Governor,PPP,D,2021-10-21,2021-10-22,729,lv,52.0,36.0,1.4
2022,G,CT,Governor,GreatBlue Research,,2022-03-24,2022-04-11,1000,a,47.6,29.7,2.0
2022,G,CT,Governor,Emerson,,2022-05-10,2022-05-11,1000,rv,57.2,42.9,2.9
2022,G,CT,Governor,Quinnipiac,,2022-05-19,2022-05-23,1660,rv,51.0,43.0,2.8
2022,G,CT,Governor,Emerson,,2022-09-07,2022-09-09,1000,lv,48.5,38.4,2.9
2022,G,CT,Governor,Quinnipiac,,2022-09-15,2022-09-19,1911,lv,57.0,40.0,2.8
2022,G,CT,Governor,Western New England University,,2022-09-15,2022-09-21,626,lv,55.0,40.0,2.5
2022,G,CT,Governor,Western New England University,,2022-09-15,2022-09-21,766,rv,51.0,38.0,2.5
2022,G,CT,Governor,Fabrizio,,2022-10-10,2022-10-13,1200,lv,46.0,40.0,1.7
2022,G,CT,Governor,Fabrizio,,2022-10-10,2022-10-13,1200,lv,50.0,43.0,1.7
2022,G,CT,Governor,SurveyUSA,D,2022-10-15,2022-10-18,718,lv,52.0,34.0,2.8
2022,G,CT,Governor,Emerson,,2022-10-19,2022-10-21,1000,lv,53.4,42.7,2.9
2022,G,CT,Governor,Quinnipiac,,2022-10-19,2022-10-23,1879,lv,56.0,41.0,2.8
2022,G,CT,Governor,McLaughlin,R,2022-10-23,2022-10-24,500,lv,49.0,43.0,0.5
2022,G,CT,Governor,McLaughlin,R,2022-10-23,2022-10-24,500,lv,50.0,46.0,0.5
2022,G,CT,Governor,Long Island University,,2022-10-24,2022-10-26,1004,a,55.0,24.0,1.1
2022,G,FL,Governor,Mason-Dixon,,2021-02-24,2021-02-28,625,rv,41.0,52.0,2.6
2022,G,FL,Governor,Victory Insights,,2021-05-04,2021-05-04,600,rv,47.0,53.0,1.3
2022,G,FL,Governor,Cherry Communications,R,2021-04-30,2021-05-08,602,lv,41.0,51.0,1.0
2022,G,FL,Governor,The Political Matrix/The Listener Group,,2021-06-21,2021-06-21,716,lv,45.3,54.7,0.7
2022,G,FL,Governor,St. Pete Polls,,2021-08-02,2021-08-03,3952,lv,45.3,43.8,2.4
2022,G,FL,Governor,Cherry Communications,R,2021-07-26,2021-08-04,610,lv,43.0,51.0,1.0
2022,G,FL,Governor,Susquehanna,,2021-08-04,2021-08-10,700,rv,43.0,46.0,2.3
2022,G,FL,Governor,Change Research,D,2021-08-14,2021-08-17,1585,lv,45.0,49.0,1.4
2022,G,FL,Governor,The Political Matrix/The Listener Group,,2021-08-14,2021-08-18,1000,lv,56.7,43.3,0.7
2022,G,FL,Governor,Redfield & Wilton Strategies,,2021-08-20,2021-08-24,1000,rv,36.0,45.0,1.8
2022,G,FL,Governor,Redfield & Wilton Strategies,,2021-08-20,2021-08-24,1000,lv,38.0,48.0,1.8
2022,G,FL,Governor,RMG Research,,2021-08-21,2021-08-28,1000,rv,38.0,41.0,2.3
2022,G,FL,Governor,The Political Matrix/The Listener Group,,2021-09-03,2021-09-05,1144,lv,53.6,46.4,0.7
2022,G,FL,Governor,The Political Matrix/The Listener Group,,2021-09-11,2021-09-12,911,lv,54.7,45.3,0.7
2022,G,FL,Governor,VCreek/AMG,R,2021-09-23,2021-09-27,405,lv,39.0,47.0,1.1
2022,G,FL,Governor,Saint Leo U.,,2021-10-17,2021-10-23,500,a,35.0,46.6,1.3
2022,G,FL,Governor,Redfield & Wilton Strategies,,2021-11-09,2021-11-09,867,rv,37.0,44.0,1.8
2022,G,FL,Governor,Redfield & Wilton Strategies,,2021-11-09,2021-11-09,737,lv,40.0,46.0,1.8
2022,G,FL,Governor,St. Pete Polls,,2021-11-18,2021-11-19,2896,rv,44.8,50.6,2.4
2022,G,FL,Governor,Suffolk,,2022-01-26,2022-01-29,500,lv,42.8,48.6,2.9
2022,G,FL,Governor,Mason-Dixon,,2022-02-07,2022-02-10,625,rv,43.0,51.0,2.6
2022,G,FL,Governor,U. North Florida,,2022-02-07,2022-02-20,685,rv,34.0,55.0,2.8
2022,G,FL,Governor,The Political Matrix/The Listener Group,,2022-02-23,2022-02-23,1064,lv,56.5,43.5,0.7
2022,G,FL,Governor,Saint Leo U.,,2022-02-28,2022-03-12,500,lv,32.8,49.2,1.3
2022,G,FL,Governor,Phillips Academy,,2022-05-07,2022-05-09,543,rv,34.8,35.5,1.7
2022,G,FL,Governor,The Political Matrix/The Listener Group,,2022-05-27,2022-06-04,714,lv,50.6,49.4,0.7
2022,G,FL,Governor,Clarity,D,2022-07-26,2022-07-31,2244,lv,44.0,47.0,1.6
2022,G,FL,Governor,U. North Florida,,2022-08-08,2022-08-12,1534,lv,42.0,50.0,2.8
2022,G,FL,Governor,Cherry Communications,R,2022-08-04,2022-08-15,608,lv,43.0,51.0,1.0
2022,G,FL,Governor,Impact Research,D,2022-08-12,2022-08-18,800,lv,46.0,51.0,1.5
2022,G,FL,Governor,Clarity,D,2022-08-25,2022-08-30,3017,rv,45.0,48.0,1.6
2022,G,FL,Governor,Fabrizio/Impact,,2022-08-24,2022-08-31,500,lv,47.0,50.0,1.7
2022,G,FL,Governor,Neighborhood Research,,2022-08-29,2022-09-02,362,lv,41.0,50.0,1.3
2022,G,FL,Governor,Susquehanna,,2022-08-29,2022-09-03,500,lv,43.0,47.0,2.3
2022,G,FL,Governor,InsiderAdvantage,,2022-09-05,2022-09-06,550,lv,45.0,50.0,2.0
2022,G,FL,Governor,Echelon Insights,,2022-08-31,2022-09-07,815,lv,42.0,52.0,2.7
2022,G,FL,Governor,Sachs Media,,2022-09-10,2022-09-10,600,lv,45.0,51.0,1.5
2022,G,FL,Governor,Center Street PAC,D,2022-09-09,2022-09-10,999,rv,43.0,49.0,1.0
2022,G,FL,Governor,Center Street PAC,D,2022-09-09,2022-09-10,608,lv,47.0,50.0,1.0
2022,G,FL,Governor,Suffolk,,2022-09-15,2022-09-18,500,lv,41.0,47.8,2.9
2022,G,FL,Governor,Civiqs,,2022-09-17,2022-09-20,617,lv,45.0,52.0,2.4
2022,G,FL,Governor,The Political Matrix/The Listener Group,,2022-09-21,2022-09-21,700,lv,53.0,47.0,0.7
2022,G,FL,Governor,Siena,,2022-09-18,2022-09-25,669,lv,41.0,49.0,2.7
2022,G,FL,Governor,Clarity,D,2022-09-22,2022-09-27,2860,lv,46.0,47.0,1.6
2022,G,FL,Governor,Mason-Dixon,,2022-09-26,2022-09-28,800,lv,41.0,52.0,2.6
2022,G,FL,Governor,African American Research Collaborative,D,2022-10-04,2022-10-11,1250,rv,41.0,46.0,0.8
2022,G,FL,Governor,RMG Research,,2022-10-10,2022-10-13,685,lv,42.0,52.0,2.3
2022,G,FL,Governor,Sachs Media,,2022-10-15,2022-10-15,600,lv,42.0,52.0,1.5
2022,G,FL,Governor,Florida Atlantic University,,2022-10-12,2022-10-16,719,lv,39.7,50.9,2.0
2022,G,FL,Governor,Stetson University Center for Public Opinion Research,,2022-10-16,2022-10-20,644,lv,45.0,53.0,1.5
2022,G,FL,Governor,Data for Progress,,2022-10-19,2022-10-23,1251,lv,42.0,54.0,2.6
2022,G,FL,Governor,Cherry Communications,R,2022-10-13,2022-10-23,601,lv,42.0,53.0,1.0
2022,G,FL,Governor,U. North Florida,,2022-10-17,2022-10-24,622,lv,41.0,55.0,2.8
2022,G,FL,Governor,YouGov,,2022-10-11,2022-10-26,832,lv,43.0,53.0,3.0
2022,G,FL,Governor,The Political Matrix/The Listener Group,,2022-10-27,2022-10-28,633,lv,53.4,46.6,0.7
2022,G,FL,Governor,YouGov,,2022-10-20,2022-10-31,1117,rv,43.0,53.0,3.0
2022,G,FL,Governor,InsiderAdvantage,,2022-11-01,2022-11-01,550,lv,43.0,53.0,2.0
2022,G,FL,Governor,Victory Insights,,2022-10-30,2022-11-01,500,lv,41.4,54.1,1.3
2022,G,FL,Governor,Siena,,2022-10-30,2022-11-01,659,lv,42.0,54.0,2.7
2022,G,FL,Governor,Amber Integrated,,2022-11-01,2022-11-02,600,lv,40.0,53.0,1.5
2022,G,FL,Governor,Civiqs,,2022-10-29,2022-11-02,772,lv,45.0,54.0,2.4
2022,G,FL,Governor,ActiVote,,2022-08-07,2022-11-05,321,lv,44.0,56.0,
2022,G,FL,Governor,Research Co.,,2022-11-04,2022-11-06,450,lv,42.0,56.0,2.4
2022,G,FL,Governor,Data for Progress,,2022-11-02,2022-11-06,1436,lv,42.0,57.0,2.6
2022,G,FL,Governor,The Political Matrix/The Listener Group,,2022-11-06,2022-11-07,722,lv,48.0,52.0,0.7
2022,G,GA,Governor,University of Nevada Las Vegas Lee Business School,,2020-12-30,2021-01-03,550,lv,39.9,44.4,
2022,G,GA,Governor,Redfield & Wilton Strategies,,2021-11-09,2021-11-09,753,rv,41.0,44.0,1.8
2022,G,GA,Governor,Redfield & Wilton Strategies,,2021-11-09,2021-11-09,638,lv,44.0,47.0,1.8
2022,G,GA,Governor,Quinnipiac,,2022-01-19,2022-01-24,1702,rv,47.0,49.0,2.8
2022,G,GA,Governor,U. Georgia SPIA,,2022-01-13,2022-01-24,872,rv,40.8,48.1,2.2
2022,G,GA,Governor,Wick,,2022-02-02,2022-02-06,1290,lv,43.7,49.3,1.4
2022,G,GA,Governor,Emerson,,2022-04-01,2022-04-03,1013,lv,43.6,51.2,2.9
2022,G,GA,Governor,Cygnal,R,2022-04-06,2022-04-09,800,lv,43.7,50.0,2.1
2022,G,GA,Governor,SurveyUSA,,2022-04-22,2022-04-27,1278,lv,45.0,50.0,2.8
2022,G,GA,Governor,East Carolina University,,2022-06-06,2022-06-09,868,rv,45.3,50.8,2.6
2022,G,GA,Governor,Moore Information,R,2022-06-11,2022-06-16,800,lv,44.0,51.0,0.6
2022,G,GA,Governor,Change Research,D,2022-06-24,2022-06-27,704,rv,47.0,49.0,1.4
2022,G,GA,Governor,Quinnipiac,,2022-06-23,2022-06-27,1497,rv,48.0,48.0,2.8
2022,G,GA,Governor,Data for Progress,,2022-07-01,2022-07-06,1131,lv,44.0,53.0,2.6
2022,G,GA,Governor,Cygnal,R,2022-07-05,2022-07-07,1200,lv,45.0,50.0,2.1
2022,G,GA,Governor,Fabrizio/Impact,,2022-07-05,2022-07-11,500,lv,45.0,52.0,1.7
2022,G,GA,Governor,Beacon Research,,2022-07-05,2022-07-20,1003,rv,44.0,45.0,0.9
2022,G,GA,Governor,Beacon Research,,2022-07-05,2022-07-20,602,lv,43.0,51.0,0.9
2022,G,GA,Governor,SurveyUSA,,2022-07-21,2022-07-24,604,lv,44.0,45.0,2.8
2022,G,GA,Governor,Beacon/Shaw,,2022-07-22,2022-07-26,901,rv,44.0,47.0,2.8
2022,G,GA,Governor,InsiderAdvantage,,2022-07-26,2022-07-27,750,lv,44.0,49.0,2.0
2022,G,GA,Governor,Research Affiliates,D,2022-07-26,2022-08-01,420,lv,47.0,47.0,
2022,G,GA,Governor,Phillips Academy,,2022-08-03,2022-08-07,971,rv,43.5,51.4,1.7
2022,G,GA,Governor,Trafalgar Group,R,2022-08-24,2022-08-27,1079,lv,44.2,50.6,0.7
2022,G,GA,Governor,Emerson,,2022-08-28,2022-08-29,600,lv,43.5,48.2,2.9
2022,G,GA,Governor,TargetSmart,D,2022-08-22,2022-08-29,1000,lv,46.0,48.0,2.0
2022,G,GA,Governor,InsiderAdvantage,,2022-09-06,2022-09-07,550,lv,42.0,50.0,2.0
2022,G,GA,Governor,Echelon Insights,,2022-08-31,2022-09-07,751,lv,48.0,47.0,2.7
2022,G,GA,Governor,Center Street PAC,D,2022-09-09,2022-09-12,949,rv,46.0,45.0,1.0
2022,G,GA,Governor,Center Street PAC,D,2022-09-09,2022-09-12,542,lv,47.0,49.0,1.0
2022,G,GA,Governor,Quinnipiac,,2022-09-08,2022-09-12,1278,lv,48.0,50.0,2.8
2022,G,GA,Governor,Marist College,,2022-09-12,2022-09-15,1202,rv,44.0,50.0,2.9
2022,G,GA,Governor,Patinkin Research Strategies,D,2022-09-14,2022-09-18,600,a,46.5,49.9,1.3
2022,G,GA,Governor,YouGov,,2022-09-14,2022-09-19,1178,lv,46.0,52.0,3.0
2022,G,GA,Governor,Data for Progress,,2022-09-16,2022-09-20,1006,lv,44.0,51.0,2.6
2022,G,GA,Governor,Beacon/Shaw,,2022-09-22,2022-09-26,1011,rv,43.0,50.0,2.8
2022,G,GA,Governor,InsiderAdvantage,,2022-10-04,2022-10-04,550,lv,44.6,50.2,2.0
2022,G,GA,Governor,SurveyUSA,,2022-09-30,2022-10-04,1076,lv,45.0,47.0,2.8
2022,G,GA,Governor,U. Georgia SPIA,,2022-09-25,2022-10-04,1030,lv,40.7,51.0,2.2
2022,G,GA,Governor,Emerson,,2022-10-06,2022-10-07,1000,lv,46.0,50.9,2.9
2022,G,GA,Governor,Quinnipiac,,2022-10-07,2022-10-10,1157,lv,49.0,50.0,2.8
2022,G,GA,Governor,Trafalgar Group,R,2022-10-08,2022-10-11,1084,lv,43.6,52.5,0.7
2022,G,GA,Governor,Civiqs,,2022-10-08,2022-10-11,717,lv,46.0,51.0,2.4
2022,G,GA,Governor,Wick,,2022-10-08,2022-10-13,1018,lv,42.9,52.0,1.4
2022,G,GA,Governor,InsiderAdvantage,,2022-10-16,2022-10-16,550,lv,42.9,50.3,2.0
2022,G,GA,Governor,Landmark Communications,,2022-10-15,2022-10-17,500,lv,44.6,51.2,2.1
2022,G,GA,Governor,Data for Progress,,2022-10-13,2022-10-17,984,lv,43.0,53.0,2.6
2022,G,GA,Governor,East Carolina University,,2022-10-13,2022-10-18,905,lv,44.0,51.3,2.6
2022,G,GA,Governor,Trafalgar Group,R,2022-10-21,2022-10-23,1076,lv,45.3,52.2,0.7
2022,G,GA,Governor,Rasmussen,,2022-10-23,2022-10-24,1053,lv,41.0,51.0,2.1
2022,G,GA,Governor,InsiderAdvantage,,2022-10-27,2022-10-27,550,lv,43.2,51.6,2.0
2022,G,GA,Governor,Siena/NYT,,2022-10-24,2022-10-27,604,lv,45.0,50.0,3.0
2022,G,GA,Governor,U. Georgia SPIA,,2022-10-16,2022-10-27,1022,lv,44.3,51.1,2.2
2022,G,GA,Governor,Beacon/Shaw,,2022-10-26,2022-10-30,1002,rv,43.0,49.0,2.8
2022,G,GA,Governor,Emerson,,2022-10-28,2022-10-31,1000,lv,46.4,52.0,2.9
2022,G,GA,Governor,Seven Letter Insight,,2022-10-24,2022-10-31,762,lv,44.0,49.0,1.6
2022,G,GA,Governor,Patinkin Research Strategies,D,2022-10-30,2022-11-01,700,rv,47.0,49.0,1.3
2022,G,GA,Governor,Remington,,2022-11-01,2022-11-02,1150,lv,41.0,55.0,2.6
2022,G,GA,Governor,Amber Integrated,,2022-11-01,2022-11-02,600,lv,43.0,52.0,1.5
2022,G,GA,Governor,Echelon Insights,,2022-10-31,2022-11-02,500,lv,43.0,50.0,2.7
2022,G,GA,Governor,Echelon Insights,,2022-10-31,2022-11-02,500,lv,44.0,53.0,2.7
2022,G,GA,Governor,Marist College,,2022-10-31,2022-11-02,1168,rv,45.0,51.0,2.9
2022,G,GA,Governor,SurveyUSA,,2022-10-29,2022-11-02,1171,lv,45.0,52.0,2.8
2022,G,GA,Governor,East Carolina University,,2022-11-02,2022-11-05,1077,lv,45.7,53.7,2.6
2022,G,GA,Governor,InsiderAdvantage,,2022-11-06,2022-11-06,550,lv,45.0,50.0,2.0
2022,G,GA,Governor,Research Co.,,2022-11-04,2022-11-06,450,lv,46.0,53.0,2.4
2022,G,GA,Governor,Trafalgar Group,R,2022-11-04,2022-11-06,1103,lv,43.7,52.6,0.7
2022,G,GA,Governor,Data for Progress,,2022-11-02,2022-11-06,1474,lv,45.0,54.0,2.6
2022,G,GA,Governor,Targoz Market Research,,2022-11-02,2022-11-06,579,lv,42.0,56.0,1.8
2022,G,GA,Governor,Targoz Market Research,,2022-11-02,2022-11-06,810,rv,40.0,52.0,1.8
2022,G,GA,Governor,Landmark Communications,,2022-11-04,2022-11-07,1214,lv,45.5,52.1,2.1
2022,G,IA,Governor,Cygnal,R,2022-02-20,2022-02-22,610,lv,38.1,55.3,2.1
2022,G,IA,Governor,Selzer,,2022-02-28,2022-03-02,612,lv,43.0,51.0,2.8
2022,G,IA,Governor,Selzer,,2022-07-10,2022-07-13,597,lv,31.0,48.0,2.8
2022,G,IA,Governor,Cygnal,R,2022-07-13,2022-07-14,600,lv,41.1,55.5,2.1
2022,G,IA,Governor,Cygnal,R,2022-10-02,2022-10-04,600,lv,38.0,58.6,2.1
2022,G,IA,Governor,Emerson,,2022-10-02,2022-10-04,959,lv,35.6,52.9,2.9
2022,G,IA,Governor,Selzer,,2022-10-09,2022-10-12,620,lv,35.0,52.0,2.8
2022,G,IA,Governor,Tarrance,R,2022-10-15,2022-10-19,600,lv,39.0,56.0,1.6
2022,G,IA,Governor,Civiqs,,2022-10-22,2022-10-25,623,lv,42.0,54.0,2.4
2022,G,IA,Governor,Cygnal,R,2022-10-26,2022-10-27,600,lv,38.1,57.1,2.1
2022,G,IA,Governor,Selzer,,2022-10-31,2022-11-03,801,lv,37.0,54.0,2.8
2022,G,IL,Governor,Victory Research,,2022-01-18,2022-01-20,1208,lv,55.2,27.4,1.8
2022,G,IL,Governor,Fabrizio,R,2022-06-20,2022-06-21,800,lv,50.0,43.0,1.7
2022,G,IL,Governor,Victory Geek,,2022-08-25,2022-08-28,512,lv,56.0,38.0,
2022,G,IL,Governor,Fabrizio,R,2022-08-30,2022-09-01,800,lv,50.0,38.0,1.7
2022,G,IL,Governor,Fabrizio,R,2022-08-30,2022-09-01,800,lv,52.0,42.0,1.7
2022,G,IL,Governor,Osage Research,R,2022-09-08,2022-09-10,500,lv,44.0,37.0,1.0
2022,G,IL,Governor,Emerson,,2022-09-21,2022-09-23,1000,lv,50.9,35.8,2.9
2022,G,IL,Governor,Fabrizio,R,2022-09-25,2022-09-27,800,lv,48.0,40.0,1.7
2022,G,IL,Governor,Fabrizio,R,2022-09-25,2022-09-27,800,lv,50.0,45.0,1.7
2022,G,IL,Governor,PPP,,2022-10-10,2022-10-11,770,lv,49.0,34.0,1.4
2022,G,IL,Governor,Research America,,2022-10-05,2022-10-11,1000,rv,49.7,27.7,0.7
2022,G,IL,Governor,Osage Research,R,2022-10-13,2022-10-15,600,lv,44.0,42.0,1.0
2022,G,IL,Governor,Emerson,,2022-10-20,2022-10-24,1000,lv,51.6,42.3,2.9
2022,G,IL,Governor,Civiqs,,2022-10-22,2022-10-25,659,lv,56.0,39.0,2.4
2022,G,IL,Governor,Research Co.,,2022-11-04,2022-11-06,450,lv,59.0,39.0,2.4
2022,G,KS,Governor,Remington,,2021-09-07,2021-09-09,1000,lv,40.0,44.0,2.6
2022,G,KS,Governor,Clarity,D,2021-09-13,2021-09-15,810,lv,47.0,44.0,1.6
2022,G,KS,Governor,WPAi,R,2022-04-26,2022-04-27,500,lv,43.0,47.0,1.7
2022,G,KS,Governor,Battleground Connect,R,2022-08-08,2022-08-10,1074,lv,45.4,47.9,
2022,G,KS,Governor,Echelon Insights,,2022-08-31,2022-09-07,392,lv,53.0,41.0,2.7
2022,G,KS,Governor,Emerson,,2022-09-15,2022-09-18,1000,lv,44.6,43.1,2.9
2022,G,KS,Governor,Emerson,,2022-10-27,2022-10-29,1000,lv,48.7,44.1,2.9
2022,G,MA,Governor,Suffolk,,2022-04-24,2022-04-28,765,rv,54.38,27.04,2.9
2022,G,MA,Governor,Emerson,,2022-05-02,2022-05-04,848,rv,58.9,31.2,2.9
2022,G,MA,Governor,U. Massachusetts - Lowell,,2022-06-07,2022-06-15,1000,lv,61.0,30.0,2.9
2022,G,MA,Governor,Suffolk,,2022-07-20,2022-07-23,500,lv,53.96,23.33,2.9
2022,G,MA,Governor,Emerson,,2022-09-07,2022-09-08,708,lv,51.6,33.6,2.9
2022,G,MA,Governor,Suffolk,,2022-09-10,2022-09-13,500,lv,51.6,26.2,2.9
2022,G,MA,Governor,MassINC Polling Group,,2022-10-05,2022-10-14,987,lv,53.0,23.0,2.8
2022,G,MA,Governor,Suffolk,,2022-10-13,2022-10-16,500,lv,56.0,33.0,2.9
2022,G,MA,Governor,U. Massachusetts - Lowell,,2022-10-18,2022-10-25,1000,lv,59.0,32.0,2.9
2022,G,MA,Governor,UMass Amherst/YouGov,,2022-10-20,2022-10-26,700,rv,61.0,33.0,
2022,G,MD,Governor,Goucher College,,2022-09-08,2022-09-12,748,lv,53.0,31.0,
2022,G,MD,Governor,University of Maryland/Washington Post,,2022-09-22,2022-09-27,810,rv,60.0,28.0,2.5
2022,G,MD,Governor,Opinion Works,,2022-10-20,2022-10-23,989,lv,58.0,27.0,1.8
2022,G,ME,Governor,SurveyUSA,D,2021-08-24,2021-08-31,1242,rv,46.0,41.0,2.8
2022,G,ME,Governor,Digital Research,,2022-03-14,2022-04-07,622,a,42.0,39.0,1.4
2022,G,ME,Governor,Pan Atlantic Research,,2022-04-21,2022-05-05,824,lv,46.4,42.4,2.1
2022,G,ME,Governor,Fabrizio/Impact,,2022-05-10,2022-05-13,500,lv,51.0,46.0,1.7
2022,G,ME,Governor,Maine People's Resource Center,,2022-09-01,2022-09-09,814,rv,49.2,38.3,1.9
2022,G,ME,Governor,U. New Hampshire,,2022-09-15,2022-09-19,694,lv,53.0,39.0,2.6
2022,G,ME,Governor,Emerson,,2022-09-19,2022-09-20,1164,lv,52.6,41.3,2.9
2022,G,ME,Governor,Pan Atlantic Research,,2022-10-07,2022-10-15,800,lv,49.0,39.0,2.1
2022,G,ME,Governor,Ascend Action,,2022-10-26,2022-10-29,471,lv,55.0,40.0,0.7
2022,G,ME,Governor,SurveyUSA,,2022-10-28,2022-11-02,1116,lv,49.0,43.0,2.8
2022,G,ME,Governor,U. New Hampshire,,2022-11-02,2022-11-06,922,lv,52.0,44.0,2.6
2022,G,MI,Governor,Glengariff Group Inc.,,2022-01-03,2022-01-07,600,lv,50.3,31.0,1.5
2022,G,MI,Governor,Target Insyght,,2022-05-26,2022-05-27,600,rv,58.0,21.0,1.0
2022,G,MI,Governor,Glengariff Group Inc.,,2022-07-05,2022-07-08,600,lv,50.7,40.3,1.5
2022,G,MI,Governor,Fabrizio/Impact,,2022-08-08,2022-08-14,500,lv,51.0,46.0,1.7
2022,G,MI,Governor,Blueprint Polling,,2022-08-15,2022-08-16,611,lv,50.9,38.7,2.4
2022,G,MI,Governor,EPIC-MRA,,2022-08-18,2022-08-23,600,lv,50.0,39.0,1.9
2022,G,MI,Governor,Trafalgar Group,R,2022-08-22,2022-08-25,1080,lv,49.4,45.3,0.7
2022,G,MI,Governor,Glengariff Group Inc.,,2022-08-29,2022-09-01,600,lv,48.0,35.0,1.5
2022,G,MI,Governor,EPIC-MRA,,2022-09-07,2022-09-13,800,lv,51.0,40.0,1.9
2022,G,MI,Governor,EPIC-MRA,,2022-09-15,2022-09-19,600,lv,55.0,39.0,1.9
2022,G,MI,Governor,Trafalgar Group,R,2022-09-24,2022-09-28,1075,lv,50.9,45.1,0.7
2022,G,MI,Governor,Glengariff Group Inc.,,2022-09-26,2022-09-29,600,lv,49.5,32.2,1.5
2022,G,MI,Governor,YouGov,,2022-10-03,2022-10-06,1285,lv,53.0,47.0,3.0
2022,G,MI,Governor,InsiderAdvantage,,2022-10-11,2022-10-12,550,lv,44.4,43.9,2.0
2022,G,MI,Governor,EPIC-MRA,,2022-10-06,2022-10-12,600,lv,49.0,38.0,1.9
2022,G,MI,Governor,Cygnal,,2022-10-12,2022-10-14,640,lv,48.7,43.6,2.1
2022,G,MI,Governor,Emerson,,2022-10-12,2022-10-14,580,lv,49.2,43.8,2.9
2022,G,MI,Governor,Wick,,2022-10-08,2022-10-14,1136,lv,47.1,47.9,1.4
2022,G,MI,Governor,CNN/SSRS,,2022-10-13,2022-10-18,901,rv,55.0,41.0,2.8
2022,G,MI,Governor,CNN/SSRS,,2022-10-13,2022-10-18,651,lv,52.0,46.0,2.8
2022,G,MI,Governor,Mitchell,,2022-10-19,2022-10-19,541,lv,49.0,47.0,2.4
2022,G,MI,Governor,Cygnal,,2022-10-15,2022-10-19,1793,lv,49.4,43.6,2.1
2022,G,MI,Governor,Trafalgar Group,R,2022-10-18,2022-10-21,1079,lv,48.4,47.9,0.7
2022,G,MI,Governor,Cygnal,,2022-10-17,2022-10-21,1904,lv,49.8,43.5,2.1
2022,G,MI,Governor,Cygnal,,2022-10-19,2022-10-23,1459,lv,49.8,44.2,2.1
2022,G,MI,Governor,Cygnal,,2022-10-21,2022-10-25,1378,lv,50.6,44.5,2.1
2022,G,MI,Governor,Cygnal,,2022-10-23,2022-10-27,1822,lv,50.5,44.3,2.1
2022,G,MI,Governor,Glengariff Group Inc.,,2022-10-26,2022-10-28,600,lv,51.7,43.1,1.5
2022,G,MI,Governor,KAConsulting LLC,R,2022-10-27,2022-10-29,501,lv,48.0,41.0,1.5
2022,G,MI,Governor,Cygnal,,2022-10-25,2022-10-29,1543,lv,51.0,44.0,2.1
2022,G,MI,Governor,InsiderAdvantage,,2022-10-30,2022-10-30,550,lv,44.6,44.8,2.0
2022,G,MI,Governor,Wick,,2022-10-26,2022-10-30,1137,lv,48.5,47.2,1.4
2022,G,MI,Governor,Emerson,,2022-10-28,2022-10-31,900,lv,50.9,45.8,2.9
2022,G,MI,Governor,Cygnal,,2022-10-27,2022-10-31,1584,lv,50.9,44.5,2.1
2022,G,MI,Governor,EPIC-MRA,,2022-10-28,2022-11-01,600,lv,54.0,43.0,1.9
2022,G,MI,Governor,Cygnal,,2022-10-29,2022-11-02,1754,lv,49.9,45.5,2.1
2022,G,MI,Governor,Mitchell,,2022-11-03,2022-11-03,658,lv,49.0,47.0,2.4
2022,G,MI,Governor,Cygnal,,2022-11-01,2022-11-04,1603,lv,50.2,46.5,2.1
2022,G,MI,Governor,Trafalgar Group,R,2022-11-05,2022-11-07,1097,lv,48.2,48.5,0.7
2022,G,MN,Governor,SurveyUSA,,2021-12-02,2021-12-06,506,lv,48.0,36.0,2.8
2022,G,MN,Governor,SurveyUSA,,2022-01-25,2022-01-30,501,lv,43.0,40.0,2.8
2022,G,MN,Governor,SurveyUSA,,2022-05-05,2022-05-10,513,lv,44.0,39.0,2.8
2022,G,MN,Governor,Change Research,,2022-06-03,2022-06-08,1551,lv,42.0,40.0,1.4
2022,G,MN,Governor,Cygnal,R,2022-07-18,2022-07-19,500,lv,49.8,45.6,2.1
2022,G,MN,Governor,Gravis Marketing (post 2020),,2022-08-17,2022-08-19,510,lv,53.0,36.0,
2022,G,MN,Governor,SurveyUSA,,2022-08-30,2022-09-04,562,lv,51.0,33.0,2.8
2022,G,MN,Governor,Trafalgar Group,R,2022-09-14,2022-09-14,1079,lv,47.7,45.0,0.7
2022,G,MN,Governor,Mason-Dixon,,2022-09-12,2022-09-14,800,lv,48.0,41.0,2.6
2022,G,MN,Governor,Cygnal,R,2022-09-24,2022-09-26,600,lv,47.6,44.2,2.1
2022,G,MN,Governor,SurveyUSA,,2022-09-30,2022-10-03,604,lv,50.0,40.0,2.8
2022,G,MN,Governor,Embold Research,,2022-10-10,2022-10-14,1585,lv,47.0,42.0,1.4
2022,G,MN,Governor,Trafalgar Group,R,2022-10-17,2022-10-19,1091,lv,45.8,46.3,0.7
2022,G,MN,Governor,SurveyUSA,,2022-10-26,2022-10-30,836,lv,51.0,43.0,2.8
2022,G,MN,Governor,St. Cloud State,,2022-10-10,2022-10-30,219,lv,52.0,31.0,1.4
2022,G,NE,Governor,Data Targeting,R,2022-09-26,2022-09-28,1340,lv,41.0,48.0,1.4
2022,G,NH,Governor,St. Anselm,,2022-03-23,2022-03-24,1265,rv,24.0,51.0,2.4
2022,G,NH,Governor,Phillips Academy,,2022-04-04,2022-04-08,533,a,24.1,61.6,1.7
2022,G,NH,Governor,Phillips Academy,,2022-04-04,2022-04-08,471,rv,24.1,72.5,1.7
2022,G,NH,Governor,U. New Hampshire,,2022-04-14,2022-04-18,868,lv,29.0,55.0,2.6
2022,G,NH,Governor,PPP,D,2022-07-05,2022-07-06,601,rv,33.0,43.0,1.4
2022,G,NH,Governor,St. Anselm,,2022-08-09,2022-08-11,1898,rv,29.0,48.0,2.4
2022,G,NH,Governor,Emerson,,2022-09-14,2022-09-15,800,lv,36.8,52.0,2.9
2022,G,NH,Governor,ARG,,2022-09-15,2022-09-19,555,rv,38.0,53.0,2.3
2022,G,NH,Governor,U. New Hampshire,,2022-09-15,2022-09-19,870,lv,37.0,55.0,2.6
2022,G,NH,Governor,Suffolk,,2022-09-23,2022-09-26,500,lv,35.6,52.6,2.9
2022,G,NH,Governor,St. Anselm,,2022-09-27,2022-09-28,901,lv,34.0,50.0,2.4
2022,G,NH,Governor,Data for Progress,,2022-09-23,2022-09-30,1147,lv,39.0,52.0,2.6
2022,G,NH,Governor,Fabrizio/Impact,,2022-10-02,2022-10-06,500,lv,41.0,55.0,1.7
2022,G,NH,Governor,Emerson,,2022-10-18,2022-10-19,727,lv,40.9,53.8,2.9
2022,G,NH,Governor,Fabrizio,R,2022-10-17,2022-10-19,600,lv,40.0,57.0,1.7
2022,G,NH,Governor,Data for Progress,,2022-10-14,2022-10-19,1392,lv,40.0,53.0,2.6
2022,G,NH,Governor,InsiderAdvantage,,2022-10-23,2022-10-23,600,lv,37.0,53.9,2.0
2022,G,NH,Governor,U. Massachusetts - Lowell,,2022-10-14,2022-10-25,600,lv,35.0,51.0,2.9
2022,G,NH,Governor,co/efficient,R,2022-10-25,2022-10-26,1098,lv,34.0,52.0,1.1
2022,G,NH,Governor,St. Anselm,,2022-10-28,2022-10-29,1541,lv,37.0,55.0,2.4
2022,G,NH,Governor,Emerson,,2022-10-30,2022-11-01,850,lv,37.3,58.1,2.9
2022,G,NH,Governor,InsiderAdvantage,,2022-11-05,2022-11-05,700,lv,40.4,55.7,2.0
2022,G,NH,Governor,Wick,,2022-11-02,2022-11-05,725,lv,42.5,53.1,1.4
2022,G,NH,Governor,Data for Progress,,2022-11-02,2022-11-05,1995,lv,40.0,58.0,2.6
2022,G,NH,Governor,Phillips Academy,,2022-11-05,2022-11-06,1056,lv,35.8,58.0,1.7
2022,G,NH,Governor,U. New Hampshire,,2022-11-02,2022-11-06,2077,lv,43.0,55.0,2.6
2022,G,NM,Governor,SurveyUSA,,2022-04-29,2022-05-07,1389,lv,47.0,43.0,2.8
2022,G,NM,Governor,PPP,,2022-06-13,2022-06-14,642,v,45.0,42.0,1.4
2022,G,NM,Governor,Public Opinion Strategies,R,2022-06-11,2022-06-14,600,lv,45.0,46.0,1.6
2022,G,NM,Governor,GQR,D,2022-07-11,2022-07-17,500,lv,48.0,44.0,2.0
2022,G,NM,Governor,Research & Polling,,2022-08-19,2022-08-25,518,lv,47.0,40.0,2.1
2022,G,NM,Governor,Emerson,,2022-09-08,2022-09-11,1000,lv,48.3,43.4,2.9
2022,G,NM,Governor,SurveyUSA,,2022-09-08,2022-09-12,558,lv,48.0,36.0,2.8
2022,G,NM,Governor,Cygnal,R,2022-09-27,2022-09-29,400,lv,46.2,44.4,2.1
2022,G,NM,Governor,SurveyUSA,,2022-10-01,2022-10-06,570,lv,53.0,37.0,2.8
2022,G,NM,Governor,PPP,,2022-10-06,2022-10-07,806,v,48.0,40.0,1.4
2022,G,NM,Governor,Trafalgar Group,R,2022-10-19,2022-10-21,1077,lv,45.5,46.6,0.7
2022,G,NM,Governor,SurveyUSA,,2022-10-21,2022-10-26,650,lv,46.0,39.0,2.8
2022,G,NM,Governor,Research & Polling,,2022-10-20,2022-10-27,1254,lv,50.0,42.0,2.1
2022,G,NM,Governor,Emerson,,2022-10-25,2022-10-28,1000,lv,49.6,48.0,2.9
2022,G,NV,Governor,Mellman,,2021-09-15,2021-09-22,600,lv,44.9,44.4,1.2
2022,G,NV,Governor,OnMessage Inc.,,2021-11-16,2021-11-18,600,lv,41.0,51.0,1.1
2022,G,NV,Governor,Anzalone Liszt Grove,,2021-12-01,2021-12-07,800,lv,47.0,45.0,1.5
2022,G,NV,Governor,OH Predictive Insights / MBQF,,2022-01-19,2022-01-26,755,rv,52.2,47.8,2.4
2022,G,NV,Governor,Blueprint Polling,,2022-03-21,2022-03-24,671,lv,40.0,43.2,2.4
2022,G,NV,Governor,Suffolk,,2022-04-02,2022-04-06,500,lv,37.2,39.2,2.9
2022,G,NV,Governor,OH Predictive Insights / MBQF,,2022-04-01,2022-04-09,748,rv,44.0,35.0,2.4
2022,G,NV,Governor,University of Nevada,,2022-05-17,2022-05-27,1091,a,43.0,31.0,1.4
2022,G,NV,Governor,WPAi,R,2022-06-04,2022-06-06,502,lv,47.0,48.0,1.7
2022,G,NV,Governor,Change Research,D,2022-06-24,2022-06-27,701,rv,46.0,43.0,1.4
2022,G,NV,Governor,Emerson,,2022-07-07,2022-07-10,2000,rv,43.6,40.4,2.9
2022,G,NV,Governor,Tarrance,R,2022-07-05,2022-07-10,600,lv,46.0,44.0,1.6
2022,G,NV,Governor,Beacon Research,,2022-07-05,2022-07-20,479,rv,49.0,39.0,0.9
2022,G,NV,Governor,Beacon Research,,2022-07-05,2022-07-20,301,lv,48.0,46.0,0.9
2022,G,NV,Governor,Suffolk,,2022-08-14,2022-08-17,500,lv,43.2,40.2,2.9
2022,G,NV,Governor,Trafalgar Group,R,2022-08-15,2022-08-18,1082,lv,43.6,46.2,0.7
2022,G,NV,Governor,Fabrizio/Impact,,2022-08-16,2022-08-24,500,lv,41.0,38.0,1.7
2022,G,NV,Governor,Fabrizio/Impact,,2022-08-16,2022-08-24,500,lv,46.0,48.0,1.7
2022,G,NV,Governor,Emerson,,2022-09-08,2022-09-10,1000,lv,40.4,40.2,2.9
2022,G,NV,Governor,Data for Progress,,2022-09-14,2022-09-19,874,lv,45.0,45.0,2.6
2022,G,NV,Governor,Trafalgar Group,R,2022-09-17,2022-09-20,1086,lv,44.5,47.5,0.7
2022,G,NV,Governor,OH Predictive Insights / MBQF,,2022-09-20,2022-09-29,741,lv,42.0,45.0,2.4
2022,G,NV,Governor,CNN/SSRS,,2022-09-26,2022-10-02,828,lv,46.0,48.0,2.8
2022,G,NV,Governor,CNN/SSRS,,2022-09-26,2022-10-02,926,rv,46.0,46.0,2.8
2022,G,NV,Governor,Suffolk,,2022-10-04,2022-10-07,500,lv,43.0,43.6,2.9
2022,G,NV,Governor,Rasmussen,R,2022-10-13,2022-10-17,707,lv,42.0,47.0,2.1
2022,G,NV,Governor,YouGov,,2022-10-14,2022-10-19,1057,lv,48.0,48.0,3.0
2022,G,NV,Governor,Data for Progress,,2022-10-13,2022-10-19,819,lv,47.0,48.0,2.6
2022,G,NV,Governor,BSP Research/Shaw & Company,,2022-10-12,2022-10-19,1000,rv,43.0,41.0,2.0
2022,G,NV,Governor,BSP Research/Shaw & Company,,2022-10-12,2022-10-19,721,lv,46.0,45.0,2.0
2022,G,NV,Governor,University of Nevada,,2022-10-05,2022-10-19,586,lv,47.0,45.0,1.4
2022,G,NV,Governor,InsiderAdvantage,,2022-10-20,2022-10-20,550,lv,42.8,48.5,2.0
2022,G,NV,Governor,Phillips Academy,,2022-10-22,2022-10-23,1052,lv,50.0,45.4,1.7
2022,G,NV,Governor,Siena/NYT,,2022-10-19,2022-10-24,885,lv,45.0,49.0,3.0
2022,G,NV,Governor,Trafalgar Group,R,2022-10-23,2022-10-25,1100,lv,44.1,50.9,0.7
2022,G,NV,Governor,Echelon Insights,,2022-10-24,2022-10-26,500,lv,44.0,44.0,2.7
2022,G,NV,Governor,Echelon Insights,,2022-10-24,2022-10-26,500,lv,45.0,48.0,2.7
2022,G,NV,Governor,OH Predictive Insights / MBQF,,2022-10-24,2022-10-27,600,lv,45.0,41.0,2.4
2022,G,NV,Governor,Susquehanna,,2022-10-24,2022-10-27,500,lv,43.4,44.6,2.3
2022,G,NV,Governor,Suffolk,,2022-10-24,2022-10-28,500,lv,42.8,43.2,2.9
2022,G,NV,Governor,Emerson,,2022-10-26,2022-10-29,2000,lv,46.0,50.0,2.9
2022,G,NV,Governor,Cygnal,,2022-11-01,2022-11-02,600,lv,42.0,47.0,2.1
2022,G,NV,Governor,KAConsulting LLC,R,2022-11-02,2022-11-03,501,lv,43.0,45.0,1.5
2022,G,NV,Governor,InsiderAdvantage,,2022-11-04,2022-11-04,550,lv,43.5,48.7,2.0
2022,G,NV,Governor,Research Co.,,2022-11-04,2022-11-06,450,lv,47.0,49.0,2.4
2022,G,NV,Governor,Data for Progress,,2022-11-02,2022-11-06,1100,lv,46.0,48.0,2.6
2022,G,NV,Governor,Trafalgar Group,R,2022-11-05,2022-11-07,1089,lv,46.1,48.6,0.7
2022,G,NY,Governor,John Zogby Strategies,,2022-01-20,2022-01-21,1000,rv,51.1,32.5,1.8
2022,G,NY,Governor,John Zogby Strategies,,2022-03-02,2022-03-02,1003,lv,50.2,35.3,1.8
2022,G,NY,Governor,McLaughlin,R,2022-03-08,2022-03-10,800,lv,44.0,45.5,0.5
2022,G,NY,Governor,co/efficient,R,2022-03-28,2022-03-30,830,lv,35.0,31.0,1.1
2022,G,NY,Governor,Data for Progress,,2022-03-30,2022-04-04,947,lv,51.0,36.0,2.6
2022,G,NY,Governor,John Zogby Strategies,,2022-04-10,2022-04-10,1001,rv,49.0,36.3,1.8
2022,G,NY,Governor,John Zogby Strategies,,2022-05-18,2022-05-20,1007,lv,53.9,36.2,1.8
2022,G,NY,Governor,SurveyUSA,,2022-06-15,2022-06-20,2152,lv,52.0,28.0,2.8
2022,G,NY,Governor,Emerson,,2022-07-26,2022-07-28,1000,lv,50.6,34.6,2.9
2022,G,NY,Governor,Siena,,2022-07-24,2022-07-28,806,lv,53.0,39.0,2.7
2022,G,NY,Governor,McLaughlin,R,2022-08-07,2022-08-09,600,lv,48.0,40.0,0.5
2022,G,NY,Governor,SurveyUSA,,2022-08-17,2022-08-21,715,lv,55.0,31.0,2.8
2022,G,NY,Governor,Emerson,,2022-09-04,2022-09-06,1000,lv,50.2,34.9,2.9
2022,G,NY,Governor,co/efficient,R,2022-09-05,2022-09-07,1194,lv,49.0,43.0,1.1
2022,G,NY,Governor,PPP,D,2022-09-08,2022-09-09,500,lv,54.0,39.0,1.4
2022,G,NY,Governor,Data for Progress,,2022-09-09,2022-09-13,931,lv,52.0,39.0,2.6
2022,G,NY,Governor,McLaughlin,R,2022-09-21,2022-09-25,800,lv,50.7,44.9,0.5
2022,G,NY,Governor,Siena,,2022-09-16,2022-09-25,655,lv,54.0,37.0,2.7
2022,G,NY,Governor,Marist College,,2022-10-03,2022-10-06,1117,rv,51.0,41.0,2.9
2022,G,NY,Governor,Schoen Cooperman,,2022-10-08,2022-10-12,824,lv,50.0,44.0,1.5
2022,G,NY,Governor,Siena,,2022-10-12,2022-10-14,707,lv,52.0,41.0,2.7
2022,G,NY,Governor,Quinnipiac,,2022-10-12,2022-10-16,1617,lv,50.0,46.0,2.8
2022,G,NY,Governor,SurveyUSA,,2022-10-14,2022-10-18,702,lv,47.0,41.0,2.8
2022,G,NY,Governor,co/efficient,R,2022-10-18,2022-10-19,1056,lv,45.0,46.0,1.1
2022,G,NY,Governor,Bold Decision,,2022-10-16,2022-10-20,1204,lv,52.0,37.0,1.3
2022,G,NY,Governor,Emerson,,2022-10-20,2022-10-24,1000,lv,51.6,44.4,2.9
2022,G,NY,Governor,Civiqs,,2022-10-22,2022-10-25,593,lv,54.0,43.0,2.4
2022,G,NY,Governor,Slingshot Strategies,,2022-10-25,2022-10-26,1000,lv,48.0,42.0,1.4
2022,G,NY,Governor,YouGov,,2022-10-11,2022-10-26,796,lv,54.0,41.0,3.0
2022,G,NY,Governor,Data for Progress,,2022-10-26,2022-10-28,818,lv,54.0,42.0,2.6
2022,G,NY,Governor,KAConsulting LLC,R,2022-10-27,2022-10-29,501,lv,46.0,45.0,1.5
2022,G,NY,Governor,Emerson,,2022-10-28,2022-10-31,1000,lv,53.6,44.9,2.9
2022,G,NY,Governor,Trafalgar Group,R,2022-10-27,2022-10-31,1198,lv,47.6,48.4,0.7
2022,G,NY,Governor,Patriot Polling,,2022-10-31,2022-11-03,826,lv,49.1,44.0,1.1
2022,G,NY,Governor,Research Co.,,2022-11-04,2022-11-06,450,lv,55.0,45.0,2.4
2022,G,NY,Governor,ActiVote,,2022-08-08,2022-11-06,260,lv,55.0,45.0,
2022,G,OH,Governor,Redfield & Wilton Strategies,,2021-08-20,2021-08-24,1200,rv,25.0,44.0,1.8
2022,G,OH,Governor,Redfield & Wilton Strategies,,2021-08-20,2021-08-24,1200,lv,27.0,46.0,1.8
2022,G,OH,Governor,Lake Research,D,2022-08-03,2022-08-09,600,lv,43.0,44.0,1.2
2022,G,OH,Governor,Emerson,,2022-08-15,2022-08-16,925,lv,32.9,48.7,2.9
2022,G,OH,Governor,Trafalgar Group,R,2022-08-16,2022-08-18,1087,lv,37.9,53.8,0.7
2022,G,OH,Governor,Center Street PAC,D,2022-08-31,2022-09-02,987,rv,31.0,52.0,1.0
2022,G,OH,Governor,Center Street PAC,D,2022-08-31,2022-09-02,519,lv,37.0,53.0,1.0
2022,G,OH,Governor,Suffolk,,2022-09-05,2022-09-07,500,lv,39.2,53.8,2.9
2022,G,OH,Governor,Change Research,D,2022-09-02,2022-09-07,1209,lv,39.0,45.0,1.4
2022,G,OH,Governor,Echelon Insights,,2022-08-31,2022-09-07,831,lv,35.0,54.0,2.7
2022,G,OH,Governor,Fallon Research & Communications,R,2022-09-06,2022-09-11,600,rv,36.5,49.0,
2022,G,OH,Governor,Emerson,,2022-09-12,2022-09-13,1000,lv,33.2,49.9,2.9
2022,G,OH,Governor,Civiqs,,2022-09-10,2022-09-13,780,lv,41.0,44.0,2.4
2022,G,OH,Governor,Marist College,,2022-09-12,2022-09-15,1200,rv,37.0,55.0,2.9
2022,G,OH,Governor,Baldwin Wallace University,,2022-09-12,2022-09-15,855,lv,38.9,56.7,2.1
2022,G,OH,Governor,Siena,,2022-09-18,2022-09-22,642,lv,32.0,55.0,2.7
2022,G,OH,Governor,Center Street PAC,D,2022-10-01,2022-10-01,964,rv,33.0,51.0,1.0
2022,G,OH,Governor,Center Street PAC,D,2022-10-01,2022-10-01,538,lv,38.0,52.0,1.0
2022,G,OH,Governor,Emerson,,2022-10-06,2022-10-07,1000,lv,36.0,49.6,2.9
2022,G,OH,Governor,Cygnal,,2022-10-06,2022-10-08,640,lv,34.6,56.9,2.1
2022,G,OH,Governor,Trafalgar Group,R,2022-10-10,2022-10-12,1081,lv,37.4,54.8,0.7
2022,G,OH,Governor,Data for Progress,,2022-10-07,2022-10-12,1016,lv,38.0,57.0,2.6
2022,G,OH,Governor,Cygnal,,2022-10-10,2022-10-14,1400,lv,35.3,54.4,2.1
2022,G,OH,Governor,Suffolk,,2022-10-11,2022-10-15,500,lv,38.0,56.0,2.9
2022,G,OH,Governor,Ohio Northern University Institute for Civics and Public Policy,,2022-10-11,2022-10-15,668,lv,29.08,60.04,1.5
2022,G,OH,Governor,Redfield & Wilton Strategies,,2022-10-16,2022-10-16,800,rv,36.0,47.0,1.8
2022,G,OH,Governor,Redfield & Wilton Strategies,,2022-10-16,2022-10-16,568,lv,37.0,53.0,1.8
2022,G,OH,Governor,Cygnal,,2022-10-12,2022-10-16,1400,lv,34.3,55.7,2.1
2022,G,OH,Governor,Cygnal,,2022-10-14,2022-10-18,1438,lv,35.2,56.3,2.1
2022,G,OH,Governor,Siena,,2022-10-14,2022-10-19,644,lv,34.0,58.0,2.7
2022,G,OH,Governor,Marist College,,2022-10-17,2022-10-20,1141,rv,40.0,53.0,2.9
2022,G,OH,Governor,Cygnal,,2022-10-16,2022-10-20,1540,lv,37.0,54.9,2.1
2022,G,OH,Governor,Cygnal,,2022-10-18,2022-10-22,1547,lv,37.0,54.6,2.1
2022,G,OH,Governor,Baldwin Wallace University,,2022-10-20,2022-10-23,1068,lv,40.0,56.6,2.1
2022,G,OH,Governor,Cygnal,,2022-10-20,2022-10-24,1886,lv,37.3,54.9,2.1
2022,G,OH,Governor,Center Street PAC,D,2022-10-24,2022-10-26,946,rv,36.0,52.0,1.0
2022,G,OH,Governor,Center Street PAC,D,2022-10-24,2022-10-26,508,lv,40.0,53.0,1.0
2022,G,OH,Governor,Cygnal,,2022-10-22,2022-10-26,1817,lv,35.4,55.9,2.1
2022,G,OH,Governor,Cygnal,,2022-10-24,2022-10-28,1776,lv,34.9,55.9,2.1
2022,G,OH,Governor,Cygnal,,2022-10-26,2022-10-30,1510,lv,35.5,56.0,2.1
2022,G,OH,Governor,Emerson,,2022-10-30,2022-11-01,1000,lv,34.0,54.8,2.9
2022,G,OH,Governor,Cygnal,,2022-10-29,2022-11-01,1520,lv,36.2,56.1,2.1
2022,G,OH,Governor,Remington,,2022-11-01,2022-11-02,1125,lv,35.0,58.0,2.6
2022,G,OH,Governor,Cygnal,,2022-11-01,2022-11-03,1498,lv,36.9,55.8,2.1
2022,G,OH,Governor,Trafalgar Group,R,2022-11-03,2022-11-05,1123,lv,34.0,58.5,0.7
2022,G,OH,Governor,Data for Progress,,2022-11-02,2022-11-05,1413,lv,38.0,62.0,2.6
2022,G,OH,Governor,ActiVote,,2022-08-07,2022-11-05,248,lv,42.0,58.0,
2022,G,OH,Governor,Research Co.,,2022-11-04,2022-11-06,450,lv,39.0,61.0,2.4
2022,G,OH,Governor,Targoz Market Research,,2022-11-02,2022-11-06,814,rv,30.0,57.0,1.8
2022,G,OH,Governor,Targoz Market Research,,2022-11-02,2022-11-06,505,lv,32.0,62.0,1.8
2022,G,OH,Governor,Civiqs,,2022-11-04,2022-11-07,716,lv,39.0,53.0,2.4
2022,G,OK,Governor,Amber Integrated,,2021-10-12,2021-10-14,500,rv,33.0,49.0,1.5
2022,G,OK,Governor,Amber Integrated,,2021-12-15,2021-12-19,500,rv,32.0,47.0,1.5
2022,G,OK,Governor,Cole Hargrave,R,2022-02-11,2022-02-21,500,rv,27.0,49.0,1.5
2022,G,OK,Governor,Amber Integrated,,2022-03-24,2022-03-27,500,lv,30.0,44.0,1.5
2022,G,OK,Governor,Amber Integrated,,2022-06-06,2022-06-09,795,lv,29.0,47.0,1.5
2022,G,OK,Governor,Change Research,D,2022-07-22,2022-07-26,2079,rv,34.0,42.0,1.4
2022,G,OK,Governor,SoonerPoll.com,,2022-09-02,2022-09-07,402,lv,42.7,43.7,1.8
2022,G,OK,Governor,Echelon Insights,,2022-08-31,2022-09-07,522,lv,36.0,55.0,2.7
2022,G,OK,Governor,Bruno Political Consulting,,2022-09-15,2022-09-18,2989,lv,40.2,39.19,
2022,G,OK,Governor,Amber Integrated,,2022-09-19,2022-09-21,500,lv,44.0,47.0,1.5
2022,G,OK,Governor,American Viewpoint,R,2022-09-26,2022-09-28,500,lv,33.0,48.0,1.2
2022,G,OK,Governor,SoonerPoll.com,,2022-10-04,2022-10-06,301,lv,46.8,43.0,1.8
2022,G,OK,Governor,Ascend Action,,2022-10-10,2022-10-12,638,lv,49.0,42.0,0.7
2022,G,OK,Governor,Amber Integrated,,2022-10-13,2022-10-15,500,lv,46.0,45.0,1.5
2022,G,OK,Governor,Amber Integrated,,2022-10-26,2022-10-28,501,lv,44.0,45.0,1.5
2022,G,OK,Governor,Emerson,,2022-10-25,2022-10-28,1000,lv,42.6,52.2,2.9
2022,G,OK,Governor,Ascend Action,,2022-10-24,2022-10-28,749,lv,48.0,45.0,0.7
2022,G,OK,Governor,SoonerPoll.com,,2022-10-24,2022-10-28,324,lv,48.2,44.9,1.8
2022,G,OK,Governor,WPAi,R,2022-10-28,2022-10-31,500,lv,39.0,52.0,1.7
2022,G,OK,Governor,Blueprint Polling,,2022-10-26,2022-11-01,557,lv,39.7,48.2,2.4
2022,G,OK,Governor,Tomahawk Strategies,,2022-11-01,2022-11-03,729,lv,45.3,41.9,0.9
2022,G,OK,Governor,Ascend Action,,2022-11-05,2022-11-06,682,lv,46.0,49.0,0.7
2022,G,OR,Governor,Nelson Research,,2022-05-25,2022-05-27,516,lv,27.5,29.5,1.4
2022,G,OR,Governor,GS Strategy Group,,2022-06-23,2022-06-29,600,lv,33.0,23.0,1.3
2022,G,OR,Governor,Cygnal,R,2022-06-28,2022-06-30,600,lv,31.4,32.4,2.1
2022,G,OR,Governor,Clout Research,,2022-08-10,2022-08-14,397,lv,32.1,32.8,0.7
2022,G,OR,Governor,Nelson Research,,2022-09-19,2022-09-20,620,lv,31.5,33.4,1.4
2022,G,OR,Governor,DHM Research,,2022-09-23,2022-09-24,600,lv,31.0,32.0,2.1
2022,G,OR,Governor,DHM Research,,2022-09-23,2022-09-24,600,lv,33.0,35.0,2.1
2022,G,OR,Governor,Clout Research,,2022-09-23,2022-09-26,422,lv,35.1,38.6,0.7
2022,G,OR,Governor,Clout Research,,2022-09-23,2022-09-26,422,lv,47.0,53.0,0.7
2022,G,OR,Governor,Emerson,,2022-09-30,2022-10-01,796,lv,33.6,36.0,2.9
2022,G,OR,Governor,Clout Research,,2022-10-08,2022-10-09,842,lv,38.4,43.8,0.7
2022,G,OR,Governor,GBAO,D,2022-10-10,2022-10-13,800,lv,40.0,38.0,1.2
2022,G,OR,Governor,Hoffman Research,,2022-10-17,2022-10-18,684,lv,35.0,37.0,1.7
2022,G,OR,Governor,Data for Progress,,2022-10-16,2022-10-18,1021,lv,42.0,43.0,2.6
2022,G,OR,Governor,Civiqs,,2022-10-15,2022-10-18,804,lv,47.0,39.0,2.4
2022,G,OR,Governor,Trafalgar Group,R,2022-10-18,2022-10-22,1161,lv,40.4,41.7,0.7
2022,G,OR,Governor,FM3 Research,D,2022-10-24,2022-10-26,741,lv,40.0,38.0,0.7
2022,G,OR,Governor,Emerson,,2022-10-31,2022-11-01,975,lv,46.0,40.5,2.9
2022,G,OR,Governor,Blueprint Polling,,2022-10-26,2022-11-01,585,lv,45.0,41.0,2.4
2022,G,OR,Governor,Nelson Research,,2022-10-31,2022-11-02,577,lv,42.5,45.4,1.4
2022,G,OR,Governor,Data for Progress,,2022-11-01,2022-11-06,1393,lv,48.0,44.0,2.6
2022,G,PA,Governor,Suffolk,,2022-06-10,2022-06-13,500,lv,44.0,40.2,2.9
2022,G,PA,Governor,Cygnal,,2022-06-17,2022-06-19,535,lv,48.2,45.3,2.1
2022,G,PA,Governor,Fabrizio/Impact,,2022-06-12,2022-06-19,500,lv,49.0,46.0,1.7
2022,G,PA,Governor,Global Strategy Group,D,2022-07-14,2022-07-19,1200,rv,50.0,42.0,1.8
2022,G,PA,Governor,Beacon Research,,2022-07-05,2022-07-20,1012,rv,49.0,35.0,0.9
2022,G,PA,Governor,Beacon Research,,2022-07-05,2022-07-20,609,lv,52.0,39.0,0.9
2022,G,PA,Governor,Blueprint Polling,,2022-07-19,2022-07-21,712,lv,50.7,39.4,2.4
2022,G,PA,Governor,Beacon/Shaw,,2022-07-22,2022-07-26,901,rv,50.0,40.0,2.8
2022,G,PA,Governor,Public Opinion Strategies,,2022-08-07,2022-08-10,600,rv,50.0,35.0,1.6
2022,G,PA,Governor,Trafalgar Group,R,2022-08-15,2022-08-18,1096,lv,48.6,44.7,0.7
2022,G,PA,Governor,Franklin and Marshall College,,2022-08-15,2022-08-21,522,rv,44.0,33.0,2.4
2022,G,PA,Governor,Emerson,,2022-08-22,2022-08-23,1034,lv,47.2,44.2,2.9
2022,G,PA,Governor,Center Street PAC,D,2022-08-31,2022-09-01,1012,rv,53.0,32.0,1.0
2022,G,PA,Governor,Center Street PAC,D,2022-08-31,2022-09-01,616,lv,56.0,35.0,1.0
2022,G,PA,Governor,RABA Research,,2022-08-31,2022-09-03,679,lv,47.0,41.0,1.3
2022,G,PA,Governor,Echelon Insights,,2022-08-31,2022-09-07,828,lv,55.0,36.0,2.7
2022,G,PA,Governor,YouGov,,2022-09-06,2022-09-12,1194,lv,55.0,44.0,3.0
2022,G,PA,Governor,Trafalgar Group,R,2022-09-13,2022-09-15,1078,lv,47.4,45.4,0.7
2022,G,PA,Governor,Muhlenberg,,2022-09-13,2022-09-16,420,lv,53.0,42.0,2.8
2022,G,PA,Governor,Phillips Academy,,2022-09-16,2022-09-19,759,rv,45.9,42.5,1.7
2022,G,PA,Governor,Marist College,,2022-09-19,2022-09-22,1242,rv,53.0,40.0,2.9
2022,G,PA,Governor,InsiderAdvantage,,2022-09-23,2022-09-24,500,lv,51.9,37.1,2.0
2022,G,PA,Governor,Franklin and Marshall College,,2022-09-19,2022-09-25,517,rv,51.0,37.0,2.4
2022,G,PA,Governor,Emerson,,2022-09-23,2022-09-26,1000,lv,50.6,40.5,2.9
2022,G,PA,Governor,Beacon/Shaw,,2022-09-22,2022-09-26,1008,rv,51.0,40.0,2.8
2022,G,PA,Governor,Center Street PAC,D,2022-09-30,2022-09-30,1866,rv,55.0,34.0,1.0
2022,G,PA,Governor,Center Street PAC,D,2022-09-30,2022-09-30,1153,lv,57.0,37.0,1.0
2022,G,PA,Governor,Suffolk,,2022-09-27,2022-09-30,500,lv,48.2,36.8,2.9
2022,G,PA,Governor,Trafalgar Group,R,2022-10-08,2022-10-11,1078,lv,52.8,43.5,0.7
2022,G,PA,Governor,Patriot Polling,,2022-10-10,2022-10-12,857,rv,50.1,44.7,1.1
2022,G,PA,Governor,Fabrizio/Impact,,2022-10-04,2022-10-12,1400,lv,53.0,42.0,1.7
2022,G,PA,Governor,Wick,,2022-10-08,2022-10-13,1013,lv,48.5,46.4,1.4
2022,G,PA,Governor,CNN/SSRS,,2022-10-13,2022-10-17,901,rv,56.0,39.0,2.8
2022,G,PA,Governor,CNN/SSRS,,2022-10-13,2022-10-17,703,lv,56.0,41.0,2.8
2022,G,PA,Governor,InsiderAdvantage,,2022-10-19,2022-10-19,550,lv,48.5,42.2,2.0
2022,G,PA,Governor,Rasmussen,,2022-10-19,2022-10-20,972,lv,43.0,40.0,2.1
2022,G,PA,Governor,Echelon Insights,,2022-10-18,2022-10-20,500,rv,50.0,38.0,2.7
2022,G,PA,Governor,Franklin and Marshall College,,2022-10-14,2022-10-23,384,lv,58.0,36.0,2.4
2022,G,PA,Governor,Franklin and Marshall College,,2022-10-14,2022-10-23,620,rv,54.0,32.0,2.4
2022,G,PA,Governor,Franklin and Marshall College,,2022-10-14,2022-10-23,620,rv,56.0,33.0,2.4
2022,G,PA,Governor,YouGov,,2022-10-21,2022-10-24,1084,lv,54.0,45.0,3.0
2022,G,PA,Governor,InsiderAdvantage,,2022-10-26,2022-10-26,750,lv,50.2,41.8,2.0
2022,G,PA,Governor,Center Street PAC,D,2022-10-24,2022-10-26,1741,rv,58.0,34.0,1.0
2022,G,PA,Governor,Center Street PAC,D,2022-10-24,2022-10-26,1053,lv,60.0,35.0,1.0
2022,G,PA,Governor,Siena/NYT,,2022-10-24,2022-10-26,620,lv,53.0,40.0,3.0
2022,G,PA,Governor,YouGov,,2022-10-11,2022-10-26,850,lv,53.1,38.1,3.0
2022,G,PA,Governor,Wick,,2022-10-26,2022-10-27,1000,lv,49.2,43.3,1.4
2022,G,PA,Governor,co/efficient,R,2022-10-26,2022-10-28,1716,lv,51.0,41.0,1.1
2022,G,PA,Governor,Muhlenberg,,2022-10-24,2022-10-28,460,lv,54.0,40.0,2.8
2022,G,PA,Governor,Suffolk,,2022-10-27,2022-10-30,500,lv,52.4,40.4,2.9
2022,G,PA,Governor,Beacon/Shaw,,2022-10-26,2022-10-30,1005,rv,53.0,37.0,2.8
2022,G,PA,Governor,Emerson,,2022-10-28,2022-10-31,1000,lv,53.1,42.7,2.9
2022,G,PA,Governor,Susquehanna,,2022-10-28,2022-11-01,700,lv,51.7,38.1,2.3
2022,G,PA,Governor,Remington,,2022-11-01,2022-11-02,1180,lv,52.0,40.0,2.6
2022,G,PA,Governor,Marist College,,2022-10-31,2022-11-02,1152,rv,54.0,39.0,2.9
2022,G,PA,Governor,InsiderAdvantage,,2022-11-03,2022-11-03,750,lv,50.9,43.2,2.0
2022,G,PA,Governor,Trafalgar Group,R,2022-11-01,2022-11-03,1097,lv,49.7,45.4,0.7
2022,G,PA,Governor,Patriot Polling,,2022-11-02,2022-11-05,846,rv,51.5,45.0,1.1
2022,G,PA,Governor,ActiVote,,2022-08-07,2022-11-05,249,lv,54.0,46.0,
2022,G,PA,Governor,Research Co.,,2022-11-04,2022-11-06,450,lv,55.0,43.0,2.4
2022,G,PA,Governor,Targoz Market Research,,2022-11-02,2022-11-06,904,rv,52.0,38.0,1.8
2022,G,PA,Governor,Targoz Market Research,,2022-11-02,2022-11-06,631,lv,52.0,46.0,1.8
2022,G,RI,Governor,Echelon Insights,,2022-08-31,2022-09-07,373,lv,51.0,28.0,2.7
2022,G,RI,Governor,Fleming & Associates,,2022-09-29,2022-10-02,402,lv,45.0,32.0,1.9
2022,G,RI,Governor,Suffolk,,2022-10-01,2022-10-04,800,lv,46.38,36.25,2.9
2022,G,SC,Governor,Blueprint Polling,,2022-08-24,2022-08-25,721,lv,39.4,50.3,2.4
2022,G,SC,Governor,Trafalgar Group,R,2022-08-25,2022-08-28,1071,lv,42.7,50.5,0.7
2022,G,SC,Governor,Impact Research,D,2022-08-24,2022-08-30,700,lv,42.0,49.0,1.5
2022,G,SC,Governor,Echelon Insights,,2022-08-31,2022-09-07,600,lv,44.0,50.0,2.7
2022,G,SD,Governor,South Dakota State University,,2022-09-28,2022-10-10,565,rv,41.0,45.0,
2022,G,SD,Governor,Emerson,,2022-10-19,2022-10-21,1500,lv,38.6,57.5,2.9
2022,G,TN,Governor,RABA Research,,2022-10-20,2022-10-21,549,lv,28.0,52.0,1.3
2022,G,TX,Governor,Public Opinion Strategies,R,2021-06-14,2021-06-17,800,rv,42.0,52.0,1.6
2022,G,TX,Governor,University of Texas at Tyler,,2021-06-22,2021-06-29,1090,rv,33.0,45.0,1.8
2022,G,TX,Governor,University of Texas at Tyler,,2021-09-07,2021-09-14,1074,rv,37.0,42.0,1.8
2022,G,TX,Governor,U. Texas,,2021-10-22,2021-10-31,1200,rv,37.0,46.0,
2022,G,TX,Governor,Redfield & Wilton Strategies,,2021-11-09,2021-11-09,884,rv,39.0,40.0,1.8
2022,G,TX,Governor,Redfield & Wilton Strategies,,2021-11-09,2021-11-09,724,lv,44.0,43.0,1.8
2022,G,TX,Governor,University of Texas at Tyler,,2021-11-09,2021-11-16,1106,rv,39.0,45.0,1.8
2022,G,TX,Governor,Quinnipiac,,2021-12-02,2021-12-06,1224,rv,37.0,52.0,2.8
2022,G,TX,Governor,U. Houston,,2022-01-14,2022-01-24,1400,rv,43.0,48.0,2.2
2022,G,TX,Governor,University of Texas at Tyler,,2022-01-18,2022-01-25,1082,rv,36.0,47.0,1.8
2022,G,TX,Governor,U. Texas,,2022-01-27,2022-02-07,1200,rv,37.0,47.0,
2022,G,TX,Governor,Climate Nexus,,2022-02-01,2022-02-09,933,rv,40.0,45.0,
2022,G,TX,Governor,University of Texas at Tyler,,2022-02-08,2022-02-15,1188,rv,38.0,45.0,1.8
2022,G,TX,Governor,Emerson,,2022-02-21,2022-02-22,1000,lv,45.3,51.9,2.9
2022,G,TX,Governor,Texas Lyceum,,2022-03-11,2022-03-20,926,rv,40.0,42.0,
2022,G,TX,Governor,Texas Hispanic Policy Foundation,,2022-03-18,2022-03-28,1139,lv,42.0,50.0,
2022,G,TX,Governor,U. Texas,,2022-04-14,2022-04-22,1200,rv,37.0,48.0,
2022,G,TX,Governor,University of Texas at Tyler,,2022-05-02,2022-05-10,1232,rv,39.0,46.0,1.8
2022,G,TX,Governor,Blueprint Polling,,2022-06-08,2022-06-10,603,lv,37.2,55.5,2.4
2022,G,TX,Governor,Quinnipiac,,2022-06-09,2022-06-13,1257,rv,43.0,48.0,2.8
2022,G,TX,Governor,U. Texas,,2022-06-16,2022-06-24,1200,rv,39.0,45.0,
2022,G,TX,Governor,PerryUndem,D,2022-06-15,2022-06-24,2000,rv,43.0,47.0,
2022,G,TX,Governor,YouGov,,2022-06-22,2022-06-27,548,lv,41.0,49.0,3.0
2022,G,TX,Governor,U. Houston,,2022-06-27,2022-07-07,1006,lv,44.0,49.0,2.2
2022,G,TX,Governor,U. Houston,,2022-06-27,2022-07-07,1169,rv,42.0,47.0,2.2
2022,G,TX,Governor,University of Texas at Tyler,,2022-08-01,2022-08-07,1384,rv,39.0,46.0,1.8
2022,G,TX,Governor,University of Houston/Texas Southern University,,2022-08-11,2022-08-29,1312,lv,42.0,49.0,2.2
2022,G,TX,Governor,U. Texas,,2022-08-26,2022-09-06,1200,rv,40.0,45.0,
2022,G,TX,Governor,Echelon Insights,,2022-08-31,2022-09-07,813,lv,46.0,48.0,2.7
2022,G,TX,Governor,Data for Progress,,2022-09-02,2022-09-09,712,lv,45.0,50.0,2.6
2022,G,TX,Governor,University of Texas at Tyler,,2022-09-06,2022-09-13,1268,rv,38.0,47.0,1.8
2022,G,TX,Governor,Texas Hispanic Policy Foundation,,2022-09-06,2022-09-15,1172,lv,44.0,51.0,
2022,G,TX,Governor,Siena,,2022-09-14,2022-09-18,651,lv,43.0,50.0,2.7
2022,G,TX,Governor,ActiVote,,2022-06-23,2022-09-21,323,lv,40.0,47.0,
2022,G,TX,Governor,Emerson,,2022-09-20,2022-09-22,1000,lv,42.1,50.0,2.9
2022,G,TX,Governor,Quinnipiac,,2022-09-22,2022-09-26,1327,lv,46.0,53.0,2.8
2022,G,TX,Governor,Marist College,,2022-10-03,2022-10-06,1058,rv,45.0,49.0,2.9
2022,G,TX,Governor,Civiqs,,2022-10-08,2022-10-11,791,lv,44.0,52.0,2.4
2022,G,TX,Governor,U. Texas,,2022-10-07,2022-10-17,883,lv,43.0,54.0,
2022,G,TX,Governor,BSP Research/Shaw & Company,,2022-10-11,2022-10-18,1400,rv,42.0,46.0,2.0
2022,G,TX,Governor,BSP Research/Shaw & Company,,2022-10-11,2022-10-18,930,lv,41.0,53.0,2.0
2022,G,TX,Governor,Emerson,,2022-10-17,2022-10-19,1000,lv,42.1,51.8,2.9
2022,G,TX,Governor,Siena,,2022-10-16,2022-10-19,649,lv,43.0,52.0,2.7
2022,G,TX,Governor,Beacon Research,D,2022-10-15,2022-10-19,1264,rv,45.0,48.0,0.9
2022,G,TX,Governor,University of Texas at Tyler,,2022-10-17,2022-10-24,1330,rv,44.0,47.0,1.8
2022,G,TX,Governor,University of Texas at Tyler,,2022-10-17,2022-10-24,973,lv,44.0,50.0,1.8
2022,G,TX,Governor,U. Houston,,2022-10-19,2022-10-26,1200,lv,40.0,53.0,2.2
2022,G,TX,Governor,YouGov,,2022-10-11,2022-10-26,817,lv,44.0,51.0,3.0
2022,G,TX,Governor,CWS Research,R,2022-11-02,2022-11-05,786,lv,42.0,53.0,1.6
2022,G,TX,Governor,ActiVote,,2022-08-07,2022-11-05,722,lv,47.0,53.0,
2022,G,VT,Governor,Trafalgar Group,R,2022-09-03,2022-09-07,1072,lv,15.3,67.8,0.7
2022,G,VT,Governor,U. New Hampshire,,2022-09-29,2022-10-03,765,lv,31.0,48.0,2.6
2022,G,VT,Governor,Data for Progress,,2022-10-21,2022-10-26,1039,lv,24.0,65.0,2.6
2022,G,WI,Governor,Marquette Law School,,2022-06-14,2022-06-20,803,rv,48.0,41.0,3.0
2022,G,WI,Governor,Marquette Law School,,2022-08-10,2022-08-15,811,rv,45.0,43.0,3.0
2022,G,WI,Governor,Marquette Law School,,2022-08-10,2022-08-15,614,lv,48.0,44.0,3.0
2022,G,WI,Governor,Beacon/Shaw,,2022-08-12,2022-08-16,1006,rv,49.0,46.0,2.8
2022,G,WI,Governor,OnMessage Inc.,,2022-08-22,2022-08-24,600,lv,48.0,48.0,1.1
2022,G,WI,Governor,Trafalgar Group,R,2022-08-22,2022-08-25,1091,lv,48.0,47.5,0.7
2022,G,WI,Governor,Marquette Law School,,2022-09-06,2022-09-11,632,lv,47.0,44.0,3.0
2022,G,WI,Governor,Marquette Law School,,2022-09-06,2022-09-11,801,rv,44.0,43.0,3.0
2022,G,WI,Governor,Civiqs,,2022-09-10,2022-09-13,780,lv,49.0,48.0,2.4
2022,G,WI,Governor,Siena,,2022-09-14,2022-09-15,651,lv,49.0,44.0,2.7
2022,G,WI,Governor,Emerson,,2022-09-16,2022-09-18,860,lv,44.8,43.3,2.9
2022,G,WI,Governor,Trafalgar Group,R,2022-09-15,2022-09-19,1087,lv,47.0,47.7,0.7
2022,G,WI,Governor,Data for Progress,,2022-09-20,2022-09-23,999,lv,47.0,48.0,2.6
2022,G,WI,Governor,Fabrizio/Impact,,2022-09-18,2022-09-25,500,lv,47.0,50.0,1.7
2022,G,WI,Governor,Beacon/Shaw,,2022-09-22,2022-09-26,1012,rv,47.0,47.0,2.8
2022,G,WI,Governor,PPP,,2022-09-26,2022-09-27,574,v,48.0,46.0,1.4
2022,G,WI,Governor,YouGov,,2022-10-03,2022-10-07,1137,lv,50.0,50.0,3.0
2022,G,WI,Governor,Marquette Law School,,2022-10-03,2022-10-09,652,lv,47.0,46.0,3.0
2022,G,WI,Governor,Marquette Law School,,2022-10-03,2022-10-09,801,rv,46.0,41.0,3.0
2022,G,WI,Governor,CNN/SSRS,,2022-10-13,2022-10-17,905,rv,50.0,46.0,2.8
2022,G,WI,Governor,CNN/SSRS,,2022-10-13,2022-10-17,714,lv,50.0,48.0,2.8
2022,G,WI,Governor,Data for Progress,,2022-10-14,2022-10-22,1376,lv,48.0,49.0,2.6
2022,G,WI,Governor,Patriot Polling,,2022-10-20,2022-10-23,801,rv,45.7,50.1,1.1
2022,G,WI,Governor,Emerson,,2022-10-27,2022-10-29,1000,lv,47.5,49.4,2.9
2022,G,WI,Governor,Wick,,2022-10-26,2022-10-30,1089,lv,47.2,47.5,1.4
2022,G,WI,Governor,Beacon/Shaw,,2022-10-26,2022-10-30,1000,rv,46.0,47.0,2.8
2022,G,WI,Governor,Siena,,2022-10-27,2022-10-31,655,lv,47.0,45.0,2.7
2022,G,WI,Governor,Marquette Law School,,2022-10-24,2022-11-01,802,rv,44.0,45.0,3.0
2022,G,WI,Governor,Marquette Law School,,2022-10-24,2022-11-01,679,lv,48.0,48.0,3.0
2022,G,WI,Governor,Trafalgar Group,R,2022-11-02,2022-11-04,1095,lv,48.0,49.6,0.7
2022,G,WI,Governor,Data for Progress,,2022-11-02,2022-11-05,1504,lv,48.0,50.0,2.6
2022,G,WI,Governor,Research Co.,,2022-11-04,2022-11-06,450,lv,50.0,50.0,2.4
2022,G,WI,Governor,Civiqs,,2022-11-04,2022-11-07,739,lv,51.0,48.0,2.4
2022,G,WY,Governor,University of Wyoming,,2022-10-22,2022-11-03,436,lv,23.6,75.9,0.6
2022,H,AK,House AK-01,Alaska Survey Research,,2022-07-02,2022-07-05,1201,lv,40.0,31.0,1.9
2022,H,AK,House AK-01,Alaska Survey Research,,2022-07-02,2022-07-05,1201,lv,43.0,57.0,1.9
2022,H,AK,House AK-01,Alaska Survey Research,,2022-07-02,2022-07-05,1201,lv,40.6,30.6,1.9
2022,H,AK,House AK-01,Alaska Survey Research,,2022-07-02,2022-07-05,1201,lv,44.0,56.0,1.9
2022,H,AK,House AK-01,Alaska Survey Research,,2022-07-20,2022-07-25,1219,lv,41.1,29.6,1.9
2022,H,AK,House AK-01,Alaska Survey Research,,2022-07-20,2022-07-25,1219,lv,45.3,54.7,1.9
2022,H,AK,House AK-01,Alaska Survey Research,,2022-07-20,2022-07-25,1219,lv,50.8,49.2,1.9
2022,H,AK,House AK-01,Alaska Survey Research,,2022-07-20,2022-07-25,1253,lv,41.9,29.4,1.9
2022,H,AK,House AK-01,Alaska Survey Research,,2022-07-20,2022-07-25,1253,lv,45.8,54.2,1.9
2022,H,AK,House AK-01,Alaska Survey Research,,2022-07-20,2022-07-25,1253,lv,52.5,47.6,1.9
2022,H,AK,House AK-01,Fabrizio/Impact,,2022-09-06,2022-09-11,500,lv,46.0,31.0,1.7
2022,H,AK,House AK-01,Fabrizio/Impact,,2022-09-06,2022-09-11,500,lv,47.0,32.0,1.7
2022,H,AK,House AK-01,Fabrizio/Impact,,2022-09-06,2022-09-11,500,lv,53.0,47.0,1.7
2022,H,AK,House AK-01,Dittman Research,,2022-09-06,2022-09-14,394,lv,50.0,26.8,1.7
2022,H,AK,House AK-01,Dittman Research,,2022-09-06,2022-09-14,394,lv,50.9,27.9,1.7
2022,H,AK,House AK-01,Dittman Research,,2022-09-06,2022-09-14,394,lv,57.6,42.4,1.7
2022,H,AK,House AK-01,Alaska Survey Research,,2022-09-25,2022-09-27,1282,lv,48.7,25.6,1.9
2022,H,AK,House AK-01,Alaska Survey Research,,2022-09-25,2022-09-27,1282,lv,49.7,26.3,1.9
2022,H,AK,House AK-01,Alaska Survey Research,,2022-09-25,2022-09-27,1282,lv,54.3,45.7,1.9
2022,H,AK,House AK-01,Alaska Survey Research,,2022-09-25,2022-09-27,1282,lv,56.4,43.6,1.9
2022,H,AK,House AK-01,Dittman Research,,2022-10-04,2022-10-08,411,lv,45.2,27.6,1.7
2022,H,AK,House AK-01,Dittman Research,,2022-10-04,2022-10-08,411,lv,46.3,29.5,1.7
2022,H,AK,House AK-01,Dittman Research,,2022-10-04,2022-10-08,411,lv,51.7,48.3,1.7
2022,H,AK,House AK-01,Alaska Survey Research,,2022-10-19,2022-10-22,1276,lv,48.9,25.6,1.9
2022,H,AK,House AK-01,Alaska Survey Research,,2022-10-19,2022-10-22,1276,lv,50.5,27.0,1.9
2022,H,AK,House AK-01,Alaska Survey Research,,2022-10-19,2022-10-22,1276,lv,56.7,43.3,1.9
2022,H,AK,House AK-01,Alaska Survey Research,,2022-10-19,2022-10-22,1276,lv,56.1,43.9,1.9
2022,H,AK,House AK-01,Dittman Research,,2022-11-02,2022-11-03,400,lv,48.0,25.0,1.7
2022,H,AK,House AK-01,Dittman Research,,2022-11-02,2022-11-03,400,lv,49.0,26.0,1.7
2022,H,AK,House AK-01,Dittman Research,,2022-11-02,2022-11-03,400,lv,56.0,44.0,1.7
2022,H,AZ,House AZ-01,"Normington, Petts & Associates",D,2022-08-15,2022-08-18,500,lv,47.0,47.0,0.7
2022,H,AZ,House AZ-02,Moore Information,R,2022-08-11,2022-08-15,400,lv,44.0,45.0,0.6
2022,H,AZ,House AZ-04,RMG Research,,2022-08-10,2022-08-15,400,lv,46.0,39.0,2.3
2022,H,AZ,House AZ-06,GQR,D,2022-08-16,2022-08-21,500,lv,49.0,47.0,2.0
2022,H,CA,House CA-09,RMG Research,,2022-07-19,2022-07-26,400,lv,38.0,38.0,2.3
2022,H,CA,House CA-13,RMG Research,,2022-07-26,2022-08-02,400,lv,37.0,37.0,2.3
2022,H,CA,House CA-13,Moore Information,R,2022-08-03,2022-08-07,400,lv,47.0,43.0,0.6
2022,H,CA,House CA-21,Trafalgar Group,R,2022-09-30,2022-10-03,515,lv,44.2,43.8,0.7
2022,H,CA,House CA-22,David Binder Research,D,2022-07-13,2022-07-15,600,lv,43.0,35.0,1.7
2022,H,CA,House CA-22,RMG Research,,2022-07-30,2022-08-05,400,lv,39.0,34.0,2.3
2022,H,CA,House CA-26,OnMessage Inc.,R,2022-09-13,2022-09-18,400,lv,47.8,43.0,1.1
2022,H,CA,House CA-27,Remington,,2022-04-19,2022-04-20,801,lv,45.0,47.0,2.6
2022,H,CA,House CA-27,Mellman,D,2022-08-25,2022-08-30,600,lv,44.0,42.0,1.2
2022,H,CA,House CA-27,Mellman,D,2022-10-03,2022-10-06,400,lv,47.0,41.0,1.2
2022,H,CA,House CA-40,Public Opinion Strategies,R,2022-07-16,2022-07-20,400,lv,35.0,51.0,1.6
2022,H,CA,House CA-41,Tulchin Research,D,2022-02-25,2022-03-03,600,lv,42.0,41.0,0.9
2022,H,CA,House CA-41,Applecart,D,2022-07-22,2022-07-27,1620,rv,39.0,47.0,
2022,H,CA,House CA-41,Tulchin Research,D,2022-09-28,2022-10-03,600,lv,44.0,47.0,0.9
2022,H,CA,House CA-49,SurveyUSA,,2022-10-27,2022-10-31,568,lv,49.0,43.0,2.8
2022,H,CO,House CO-03,Keating Research,D,2022-07-21,2022-07-25,550,lv,42.0,49.0,1.5
2022,H,CO,House CO-03,Keating Research,D,2022-09-28,2022-10-02,500,lv,45.0,47.0,1.5
2022,H,CO,House CO-03,Center Street PAC,D,2022-09-30,2022-10-06,144,rv,45.0,40.0,1.0
2022,H,CO,House CO-07,Meeting Street Insights,R,2022-07-18,2022-07-21,400,lv,44.0,42.0,1.4
2022,H,CO,House CO-07,RMG Research,,2022-07-24,2022-07-30,400,lv,44.0,41.0,2.3
2022,H,CO,House CO-08,Global Strategy Group,D,2022-06-09,2022-06-13,500,lv,36.0,44.0,1.8
2022,H,CO,House CO-08,Global Strategy Group,D,2022-07-26,2022-08-02,500,lv,42.0,44.0,1.8
2022,H,CO,House CO-08,Global Strategy Group,D,2022-10-11,2022-10-16,600,lv,44.0,46.0,1.8
2022,H,CT,House CT-02,Fabrizio,,2022-10-23,2022-10-27,600,lv,51.0,29.0,1.7
2022,H,CT,House CT-02,Fabrizio,,2022-10-23,2022-10-27,600,lv,55.0,36.0,1.7
2022,H,CT,House CT-04,Fabrizio,,2022-10-23,2022-10-27,600,lv,53.0,37.0,1.7
2022,H,CT,House CT-05,Public Opinion Strategies,R,2022-06-29,2022-06-30,400,lv,46.0,41.0,1.6
2022,H,CT,House CT-05,Tarrance,R,2022-07-16,2022-07-24,400,rv,45.0,45.0,1.6
2022,H,CT,House CT-05,RMG Research,,2022-07-20,2022-07-26,400,lv,45.0,37.0,2.3
2022,H,CT,House CT-05,Public Opinion Strategies,R,2022-10-04,2022-10-06,400,lv,48.0,46.0,1.6
2022,H,CT,House CT-05,Emerson,,2022-10-19,2022-10-21,500,lv,48.7,49.4,2.9
2022,H,CT,House CT-05,Fabrizio,,2022-10-23,2022-10-27,600,lv,45.0,45.0,1.7
2022,H,DE,House DE-01,University of Delaware,,2022-09-14,2022-09-29,905,rv,50.0,33.0,
2022,H,FL,House FL-01,The Political Matrix/The Listener Group,D,2021-10-08,2021-10-28,532,lv,33.8,41.7,0.7
2022,H,FL,House FL-01,The Political Matrix/The Listener Group,D,2022-02-25,2022-03-08,432,lv,52.8,47.2,0.7
2022,H,FL,House FL-01,The Political Matrix/The Listener Group,D,2022-09-22,2022-09-26,618,lv,38.7,40.5,0.7
2022,H,FL,House FL-02,Sachs Media,,2022-06-20,2022-06-23,400,lv,40.0,43.0,1.5
2022,H,FL,House FL-02,David Binder Research,D,2022-09-14,2022-09-18,600,lv,43.0,49.0,1.7
2022,H,FL,House FL-04,U. North Florida,,2022-10-20,2022-10-27,413,lv,38.0,50.0,2.8
2022,H,FL,House FL-13,Global Strategy Group,D,2022-06-06,2022-06-09,500,rv,36.0,45.0,1.8
2022,H,FL,House FL-13,David Binder Research,D,2022-06-25,2022-06-28,600,lv,45.0,43.0,1.7
2022,H,FL,House FL-13,David Binder Research,,2022-10-04,2022-10-06,600,lv,47.0,47.0,1.7
2022,H,FL,House FL-13,St. Pete Polls,,2022-10-26,2022-10-27,509,lv,45.3,45.9,2.4
2022,H,FL,House FL-15,GQR,D,2022-08-24,2022-08-29,400,lv,44.0,47.0,2.0
2022,H,FL,House FL-15,Alvarado Strategies,,2022-09-19,2022-09-20,352,lv,34.0,41.0,
2022,H,FL,House FL-27,SEA Polling,D,2022-05-23,2022-05-26,400,rv,45.0,47.0,1.6
2022,H,FL,House FL-27,Alvarado Strategies,,2022-07-26,2022-07-27,440,lv,34.0,39.0,
2022,H,FL,House FL-27,SEA Polling,D,2022-10-03,2022-10-05,400,lv,47.0,46.3,1.6
2022,H,FL,House FL-27,Cygnal,R,2022-10-09,2022-10-11,300,lv,44.0,50.0,2.1
2022,H,FL,House FL-28,Impact Research,D,2022-09-08,2022-09-13,400,lv,40.0,50.0,1.5
2022,H,GA,House GA-02,Trafalgar Group,R,2022-10-14,2022-10-16,515,lv,50.2,46.3,0.7
2022,H,GA,House GA-02,InsiderAdvantage,,2022-10-17,2022-10-17,550,lv,47.0,43.7,2.0
2022,H,IA,House IA-01,PPP,D,2022-04-05,2022-04-06,534,rv,42.0,43.0,1.4
2022,H,IA,House IA-01,Change Research,D,2022-06-30,2022-07-04,375,lv,38.0,39.0,1.4
2022,H,IA,House IA-02,PPP,D,2022-02-02,2022-02-03,623,v,42.0,43.0,1.4
2022,H,IA,House IA-02,PPP,D,2022-07-19,2022-07-20,594,v,44.0,44.0,1.4
2022,H,IA,House IA-03,Moore Information,R,2021-09-09,2021-09-09,1000,lv,46.0,42.0,0.6
2022,H,IA,House IA-03,Moore Information,R,2022-07-09,2022-07-11,400,lv,43.0,43.0,0.6
2022,H,IA,House IA-03,RMG Research,,2022-07-29,2022-08-05,400,lv,41.0,49.0,2.3
2022,H,IA,House IA-03,Impact Research,D,2022-09-07,2022-09-11,500,lv,47.0,47.0,1.5
2022,H,IA,House IA-03,Moore Information,R,2022-09-21,2022-09-25,400,lv,44.0,46.0,0.6
2022,H,IA,House IA-03,Moore Information,R,2022-10-24,2022-10-25,400,lv,44.0,46.0,0.6
2022,H,IL,House IL-08,RMG Research,,2022-07-23,2022-07-31,400,lv,45.0,39.0,2.3
2022,H,IL,House IL-10,Victory Research,R,2022-10-01,2022-10-04,600,lv,47.8,40.8,1.8
2022,H,IL,House IL-13,RMG Research,,2022-07-21,2022-07-28,400,lv,39.0,36.0,2.3
2022,H,IL,House IL-17,PPP,D,2022-09-21,2022-09-22,642,v,47.0,38.0,1.4
2022,H,IN,House IN-01,RMG Research,,2022-05-19,2022-05-20,500,lv,47.0,40.0,2.3
2022,H,KS,House KS-02,Jayhawk Consulting,D,2022-10-10,2022-10-12,500,lv,42.0,45.0,0.9
2022,H,KS,House KS-03,RMG Research,,2022-07-21,2022-07-28,400,lv,45.0,46.0,2.3
2022,H,KS,House KS-03,Siena/NYT,,2022-10-19,2022-10-24,431,lv,55.0,41.0,3.0
2022,H,MD,House MD-01,Washington College ,,2022-10-28,2022-11-02,686,rv,36.4,43.7,1.8
2022,H,MD,House MD-01,Washington College ,,2022-10-28,2022-11-02,597,lv,38.8,45.1,1.8
2022,H,MD,House MD-02,KAConsulting LLC,R,2022-10-18,2022-10-19,300,lv,43.0,34.0,1.5
2022,H,MD,House MD-06,RMG Research,,2022-08-03,2022-08-09,400,lv,43.0,45.0,2.3
2022,H,MD,House MD-06,KAConsulting LLC,R,2022-10-18,2022-10-19,300,lv,42.0,37.0,1.5
2022,H,ME,House ME-01,Pan Atlantic Research,,2022-04-21,2022-05-05,421,lv,51.3,31.0,2.1
2022,H,ME,House ME-01,Fabrizio/Impact,,2022-05-10,2022-05-13,250,lv,57.0,33.0,1.7
2022,H,ME,House ME-01,U. New Hampshire,,2022-09-15,2022-09-19,694,lv,57.0,32.0,2.6
2022,H,ME,House ME-01,Pan Atlantic Research,,2022-10-07,2022-10-15,400,lv,62.7,27.6,2.1
2022,H,ME,House ME-01,U. New Hampshire,,2022-11-02,2022-11-06,477,lv,58.0,39.0,2.6
2022,H,ME,House ME-02,Pan Atlantic Research,,2022-04-21,2022-05-05,404,lv,45.3,36.4,2.1
2022,H,ME,House ME-02,Fabrizio/Impact,,2022-05-10,2022-05-13,250,lv,50.0,43.0,1.7
2022,H,ME,House ME-02,U. New Hampshire,,2022-09-15,2022-09-19,333,lv,44.0,33.0,2.6
2022,H,ME,House ME-02,Pan Atlantic Research,,2022-10-07,2022-10-15,400,lv,46.7,39.3,2.1
2022,H,ME,House ME-02,SurveyUSA,,2022-10-28,2022-11-02,544,lv,43.0,40.0,2.8
2022,H,ME,House ME-02,U. New Hampshire,,2022-11-02,2022-11-06,433,lv,46.0,45.0,2.6
2022,H,MI,House MI-03,PPP,D,2022-05-25,2022-05-26,676,rv,44.0,35.0,1.4
2022,H,MI,House MI-07,Slingshot Strategies,,2022-04-10,2022-04-15,600,rv,40.0,34.0,1.4
2022,H,MI,House MI-07,Cygnal,R,2022-06-14,2022-06-16,400,lv,43.6,46.1,2.1
2022,H,MI,House MI-07,Target Insyght,,2022-09-12,2022-09-14,500,lv,56.0,38.0,1.0
2022,H,MI,House MI-07,Mitchell,,2022-10-11,2022-10-11,283,lv,53.0,42.0,2.4
2022,H,MI,House MI-07,Glengariff Group Inc.,,2022-10-18,2022-10-20,400,lv,47.0,41.3,1.5
2022,H,MI,House MI-07,Mitchell,,2022-11-02,2022-11-02,402,lv,47.5,48.4,2.4
2022,H,MI,House MI-08,RMG Research,,2022-07-28,2022-08-04,400,lv,43.0,40.0,2.3
2022,H,MI,House MI-08,Cygnal,R,2022-09-27,2022-09-30,335,lv,44.0,45.0,2.1
2022,H,MI,House MI-10,Target Insyght,,2022-01-25,2022-01-27,500,rv,46.0,43.0,1.0
2022,H,MI,House MI-10,Tarrance,R,2022-04-24,2022-04-26,400,lv,41.0,47.0,1.6
2022,H,MI,House MI-10,Target Insyght,D,2022-05-24,2022-05-27,400,lv,44.0,40.0,1.0
2022,H,MI,House MI-10,Target Insyght,D,2022-08-16,2022-08-19,400,lv,47.0,45.0,1.0
2022,H,MI,House MI-10,Mitchell,,2022-08-16,2022-08-21,429,lv,38.0,47.0,2.4
2022,H,MI,House MI-10,Glengariff Group Inc.,,2022-10-04,2022-10-06,400,lv,36.1,44.0,1.5
2022,H,MI,House MI-10,Target Insyght,D,2022-10-16,2022-10-18,400,lv,44.0,42.0,1.0
2022,H,MN,House MN-01,Expedition Strategies,D,2022-06-06,2022-06-09,400,lv,47.0,48.0,1.2
2022,H,MN,House MN-01,SurveyUSA,,2022-07-26,2022-07-30,544,lv,38.0,46.0,2.8
2022,H,MN,House MN-01,SurveyUSA,,2022-10-20,2022-10-23,563,lv,37.0,46.0,2.8
2022,H,MN,House MN-02,Cygnal,R,2022-05-14,2022-05-15,450,lv,42.9,38.2,2.1
2022,H,MN,House MN-02,RMG Research,,2022-07-19,2022-07-26,400,lv,47.0,46.0,2.3
2022,H,MN,House MN-02,SurveyUSA,,2022-10-13,2022-10-16,586,lv,46.0,45.0,2.8
2022,H,MN,House MN-03,GQR,D,2022-07-28,2022-08-01,507,lv,57.0,36.0,2.0
2022,H,MT,House MT-01,Impact Research,D,2022-09-14,2022-09-19,400,lv,43.0,45.0,1.5
2022,H,MT,House MT-01,Victoria Research,D,2022-09-27,2022-10-01,840,lv,40.0,41.0,1.5
2022,H,MT,House MT-01,MSU - Billings,,2022-10-03,2022-10-14,143,a,32.0,34.0,1.5
2022,H,MT,House MT-02,MSU - Billings,,2022-10-03,2022-10-14,183,a,14.0,40.0,1.5
2022,H,NC,House NC-01,RMG Research,,2022-06-04,2022-06-06,500,lv,45.0,39.0,2.3
2022,H,NC,House NC-01,GQR,D,2022-10-10,2022-10-13,402,lv,54.0,39.0,2.0
2022,H,NC,House NC-06,RMG Research,,2022-06-04,2022-06-06,500,lv,48.0,39.0,2.3
2022,H,NC,House NC-11,Survey 160,D,2022-05-18,2022-05-20,308,lv,40.0,46.0,
2022,H,NC,House NC-13,DCCC Targeting Team,D,2022-05-18,2022-05-19,429,lv,45.0,43.0,1.1
2022,H,NC,House NC-13,RMG Research,,2022-07-31,2022-08-06,400,lv,39.0,44.0,2.3
2022,H,NC,House NC-13,PPP,,2022-08-23,2022-08-24,506,v,40.0,40.0,1.4
2022,H,NC,House NC-13,Global Strategy Group,D,2022-08-29,2022-09-01,500,lv,44.0,40.0,1.8
2022,H,NC,House NC-13,SurveyUSA,,2022-10-21,2022-10-24,584,lv,44.0,43.0,2.8
2022,H,NE,House NE-02,Change Research,D,2022-03-26,2022-03-29,550,lv,40.0,39.0,1.4
2022,H,NE,House NE-02,Change Research,D,2022-05-06,2022-05-10,564,lv,42.0,39.0,1.4
2022,H,NE,House NE-02,RMG Research,,2022-05-19,2022-05-20,500,lv,37.0,52.0,2.3
2022,H,NE,House NE-02,GBAO,D,2022-06-27,2022-06-30,500,lv,48.0,47.0,1.2
2022,H,NE,House NE-02,Impact Research,D,2022-08-03,2022-08-07,501,lv,46.0,47.0,1.5
2022,H,NH,House NH-01,Emerson,,2022-09-14,2022-09-15,415,lv,47.1,42.4,2.9
2022,H,NH,House NH-01,U. New Hampshire,,2022-09-15,2022-09-19,423,lv,50.0,43.0,2.6
2022,H,NH,House NH-01,St. Anselm,,2022-09-27,2022-09-28,450,lv,49.0,41.0,2.4
2022,H,NH,House NH-01,Fabrizio/Impact,,2022-10-02,2022-10-06,250,lv,48.0,47.0,1.7
2022,H,NH,House NH-01,co/efficient,R,2022-10-25,2022-10-26,525,lv,48.0,44.0,1.1
2022,H,NH,House NH-01,St. Anselm,,2022-10-28,2022-10-29,791,lv,45.0,51.0,2.4
2022,H,NH,House NH-01,U. New Hampshire,,2022-11-02,2022-11-06,1043,lv,50.0,49.0,2.6
2022,H,NH,House NH-02,Emerson,,2022-09-14,2022-09-15,385,lv,53.7,36.0,2.9
2022,H,NH,House NH-02,U. New Hampshire,,2022-09-15,2022-09-19,445,lv,48.0,45.0,2.6
2022,H,NH,House NH-02,St. Anselm,,2022-09-27,2022-09-28,451,lv,49.0,35.0,2.4
2022,H,NH,House NH-02,Fabrizio/Impact,,2022-10-02,2022-10-06,250,lv,53.0,43.0,1.7
2022,H,NH,House NH-02,co/efficient,R,2022-10-25,2022-10-26,573,lv,43.0,44.0,1.1
2022,H,NH,House NH-02,St. Anselm,,2022-10-28,2022-10-29,750,lv,50.0,42.0,2.4
2022,H,NH,House NH-02,U. New Hampshire,,2022-11-02,2022-11-06,1027,lv,53.0,45.0,2.6
2022,H,NJ,House NJ-01,Grassroots Targeting,R,2022-07-13,2022-07-19,625,lv,49.0,44.0,
2022,H,NJ,House NJ-03,RMG Research,,2022-07-22,2022-07-29,400,lv,44.0,38.0,2.3
2022,H,NJ,House NJ-07,GQR,D,2022-01-19,2022-01-27,600,lv,46.0,46.0,2.0
2022,H,NJ,House NJ-07,RMG Research,,2022-07-23,2022-07-28,400,lv,38.0,46.0,2.3
2022,H,NJ,House NJ-07,GQR,D,2022-09-20,2022-09-26,500,v,48.0,48.0,2.0
2022,H,NM,House NM-01,Research & Polling,,2022-10-20,2022-10-27,410,lv,48.0,42.0,2.1
2022,H,NM,House NM-01,Emerson,,2022-10-25,2022-10-28,372,lv,54.1,42.67,2.9
2022,H,NM,House NM-02,Global Strategy Group,D,2022-07-19,2022-07-25,500,lv,45.0,44.0,1.8
2022,H,NM,House NM-02,Global Strategy Group,D,2022-09-20,2022-09-26,500,lv,45.0,43.0,1.8
2022,H,NM,House NM-02,Siena/NYT,,2022-10-20,2022-10-24,398,lv,48.0,47.0,3.0
2022,H,NM,House NM-02,Research & Polling,,2022-10-20,2022-10-27,410,lv,47.0,45.0,2.1
2022,H,NM,House NM-02,Emerson,,2022-10-25,2022-10-28,302,lv,43.54,54.12,2.9
2022,H,NM,House NM-03,Research & Polling,,2022-10-20,2022-10-27,434,lv,53.0,35.0,2.1
2022,H,NM,House NM-03,Emerson,,2022-10-25,2022-10-28,326,lv,58.37,40.25,2.9
2022,H,NV,House NV-01,Emerson,,2022-07-07,2022-07-10,500,rv,41.1,36.7,2.9
2022,H,NV,House NV-01,Siena/NYT,,2022-10-19,2022-10-21,399,lv,47.0,47.0,3.0
2022,H,NV,House NV-01,Emerson,,2022-10-26,2022-10-29,480,lv,41.9,53.5,2.9
2022,H,NV,House NV-02,Emerson,,2022-07-07,2022-07-10,500,rv,35.9,46.4,2.9
2022,H,NV,House NV-02,Emerson,,2022-10-26,2022-10-29,530,lv,33.4,59.1,2.9
2022,H,NV,House NV-03,Tarrance,R,2022-06-20,2022-06-23,400,lv,44.0,46.0,1.6
2022,H,NV,House NV-03,Emerson,,2022-07-07,2022-07-10,500,rv,41.8,39.7,2.9
2022,H,NV,House NV-03,RMG Research,,2022-07-23,2022-07-29,400,lv,41.0,44.0,2.3
2022,H,NV,House NV-03,Emerson,,2022-10-26,2022-10-29,510,lv,47.4,51.6,2.9
2022,H,NV,House NV-04,Emerson,,2022-07-07,2022-07-10,500,rv,41.7,38.7,2.9
2022,H,NV,House NV-04,RMG Research,,2022-08-02,2022-08-08,400,lv,43.0,43.0,2.3
2022,H,NV,House NV-04,Emerson,,2022-10-26,2022-10-29,480,lv,50.8,47.5,2.9
2022,H,NY,House NY-02,GQR,D,2022-07-21,2022-07-31,500,lv,48.0,49.0,2.0
2022,H,NY,House NY-03,RMG Research,,2022-08-27,2022-09-02,400,lv,42.0,41.0,2.3
2022,H,NY,House NY-04,McLaughlin,R,2022-03-03,2022-03-06,300,lv,36.0,48.0,0.5
2022,H,NY,House NY-11,1892 Polling,R,2022-06-23,2022-06-26,400,lv,36.0,51.0,1.3
2022,H,NY,House NY-11,Siena,,2022-09-27,2022-09-30,451,lv,43.0,49.0,2.7
2022,H,NY,House NY-17,McLaughlin,R,2022-07-19,2022-07-21,400,lv,44.0,46.0,0.5
2022,H,NY,House NY-17,McLaughlin,R,2022-09-06,2022-09-08,400,lv,45.0,49.0,0.5
2022,H,NY,House NY-17,McLaughlin,R,2022-10-10,2022-10-12,400,lv,46.0,52.0,0.5
2022,H,NY,House NY-19,Triton Polling & Research,R,2022-06-16,2022-06-20,505,v,38.4,51.6,
2022,H,NY,House NY-19,PPP,D,2022-06-29,2022-06-30,581,lv,40.0,43.0,1.4
2022,H,NY,House NY-19,Triton Polling & Research,R,2022-07-26,2022-07-28,407,lv,39.7,49.5,
2022,H,NY,House NY-19,DCCC Targeting Team,D,2022-08-06,2022-08-08,480,lv,43.0,46.0,1.1
2022,H,NY,House NY-19,Data for Progress,,2022-08-17,2022-08-22,1222,lv,45.0,53.0,2.6
2022,H,NY,House NY-19,Garin Hart Yang,D,2022-08-29,2022-09-01,403,lv,47.0,44.0,1.0
2022,H,NY,House NY-19,RMG Research,,2022-08-27,2022-09-02,400,lv,44.0,41.0,2.3
2022,H,NY,House NY-19,Triton Polling & Research,R,2022-09-20,2022-09-22,652,lv,41.6,51.2,
2022,H,NY,House NY-19,Siena,,2022-09-25,2022-09-28,470,lv,46.0,41.0,2.7
2022,H,NY,House NY-19,Siena,,2022-10-27,2022-11-01,455,lv,48.0,43.0,2.7
2022,H,NY,House NY-22,RMG Research,,2022-08-27,2022-09-02,400,lv,40.0,43.0,2.3
2022,H,NY,House NY-22,Global Strategy Group,D,2022-09-15,2022-09-19,400,lv,43.0,42.0,1.8
2022,H,NY,House NY-22,Siena,,2022-09-25,2022-09-28,453,lv,40.0,45.0,2.7
2022,H,NY,House NY-22,Global Strategy Group,D,2022-10-24,2022-10-27,400,lv,45.0,43.0,1.8
2022,H,NY,House NY-22,Siena,,2022-10-27,2022-11-01,432,lv,46.0,42.0,2.7
2022,H,NY,House NY-25,Tarrance,R,2022-10-11,2022-10-13,465,rv,43.0,39.0,1.6
2022,H,OH,House OH-01,Impact Research,D,2022-05-09,2022-05-15,500,lv,47.0,47.0,1.5
2022,H,OH,House OH-01,Impact Research,D,2022-09-17,2022-09-21,506,lv,49.0,46.0,1.5
2022,H,OH,House OH-01,Impact Research,D,2022-10-13,2022-10-16,504,lv,49.0,46.0,1.5
2022,H,OH,House OH-09,ISNE,R,2022-06-28,2022-06-30,1254,lv,47.0,41.8,
2022,H,OH,House OH-13,RMG Research,,2022-05-19,2022-05-20,500,lv,37.0,46.0,2.3
2022,H,OH,House OH-13,GQR,D,2022-05-23,2022-05-31,500,lv,47.0,45.0,2.0
2022,H,OH,House OH-13,RRH/PMI,,2022-10-30,2022-11-02,525,lv,46.0,44.0,1.9
2022,H,OR,House OR-04,RMG Research,,2022-06-04,2022-06-06,500,lv,46.0,45.0,2.3
2022,H,OR,House OR-04,Moore Information,R,2022-07-25,2022-07-28,400,lv,46.0,41.0,0.6
2022,H,OR,House OR-04,RRH/PMI,,2022-10-30,2022-11-02,529,lv,45.0,45.0,1.9
2022,H,OR,House OR-05,PPP,D,2022-06-01,2022-06-02,572,v,41.0,42.0,1.4
2022,H,OR,House OR-05,Clout Research,,2022-08-15,2022-08-18,410,lv,34.0,44.0,0.7
2022,H,OR,House OR-05,Global Strategy Group,D,2022-09-01,2022-09-08,400,lv,41.0,38.0,1.8
2022,H,OR,House OR-06,RMG Research,,2022-06-04,2022-06-09,500,lv,46.0,43.0,2.3
2022,H,OR,House OR-06,Cygnal,R,2022-07-26,2022-07-28,400,lv,40.0,47.0,2.1
2022,H,OR,House OR-06,GBAO,D,2022-08-10,2022-08-14,500,lv,48.0,45.0,1.2
2022,H,OR,House OR-06,Clout Research,,2022-08-14,2022-08-19,409,lv,34.0,43.0,0.7
2022,H,OR,House OR-06,Cygnal,R,2022-09-29,2022-09-30,400,lv,39.0,44.0,2.1
2022,H,OR,House OR-06,GBAO,D,2022-10-03,2022-10-05,500,lv,45.0,44.0,1.2
2022,H,PA,House PA-01,PPP,D,2022-06-24,2022-06-25,626,lv,38.0,45.0,1.4
2022,H,PA,House PA-01,RMG Research,,2022-07-22,2022-07-29,400,lv,35.0,42.0,2.3
2022,H,PA,House PA-01,Public Opinion Strategies,R,2022-09-05,2022-09-08,400,rv,35.0,55.0,1.6
2022,H,PA,House PA-07,RMG Research,,2022-07-31,2022-08-05,400,lv,43.0,47.0,2.3
2022,H,PA,House PA-07,Muhlenberg,,2022-10-12,2022-10-14,404,lv,47.0,46.0,2.8
2022,H,PA,House PA-08,Cygnal,R,2022-06-23,2022-06-25,400,lv,45.0,46.0,2.1
2022,H,PA,House PA-08,GQR,D,2022-08-02,2022-08-09,500,lv,52.0,46.0,2.0
2022,H,PA,House PA-08,Cygnal,R,2022-09-06,2022-09-08,440,lv,47.5,47.7,2.1
2022,H,PA,House PA-08,GQR,D,2022-09-12,2022-09-15,400,lv,52.0,44.0,2.0
2022,H,PA,House PA-08,Patriot Polling,,2022-10-07,2022-10-09,289,rv,40.1,42.6,1.1
2022,H,PA,House PA-08,Siena/NYT,,2022-10-19,2022-10-20,415,lv,50.0,44.0,3.0
2022,H,PA,House PA-10,PPP,D,2022-08-09,2022-08-10,714,lv,44.0,41.0,1.4
2022,H,PA,House PA-12,DCCC Targeting Team,D,2022-10-30,2022-10-31,785,lv,54.0,40.0,1.1
2022,H,PA,House PA-17,DCCC Targeting Team,D,2022-05-09,2022-05-10,494,lv,44.0,41.0,1.1
2022,H,PA,House PA-17,RMG Research,,2022-06-04,2022-06-06,500,lv,44.0,44.0,2.3
2022,H,PA,House PA-17,Lake Research,D,2022-07-18,2022-07-21,400,lv,43.0,42.0,1.2
2022,H,PA,House PA-17,brilliant corners Research & Strategies,D,2022-09-18,2022-09-20,400,lv,49.0,43.0,1.0
2022,H,RI,House RI-02,Suffolk,,2022-06-19,2022-06-22,423,lv,38.53,44.92,2.9
2022,H,RI,House RI-02,Fleming & Associates,,2022-09-29,2022-10-02,254,lv,40.0,46.0,1.9
2022,H,RI,House RI-02,Suffolk,,2022-10-01,2022-10-04,422,lv,36.73,45.26,2.9
2022,H,RI,House RI-02,Mellman,D,2022-10-01,2022-10-04,400,lv,40.0,43.0,1.2
2022,H,RI,House RI-02,DCCC Targeting Team,D,2022-10-23,2022-10-24,812,lv,48.0,48.0,1.1
2022,H,TN,House TN-05,Frederick Polls LLC,D,2022-08-12,2022-08-17,1622,lv,51.0,48.0,1.6
2022,H,TX,House TX-15,RMG Research,,2022-07-22,2022-07-29,400,lv,40.0,44.0,2.3
2022,H,TX,House TX-15,Bendixen & Amandi International,D,2022-10-10,2022-10-14,400,lv,45.0,45.0,1.0
2022,H,TX,House TX-34,RMG Research,,2022-07-23,2022-08-01,400,lv,47.0,43.0,2.3
2022,H,UT,House UT-01,Lighthouse Research,,2022-08-30,2022-09-13,506,lv,32.21,61.66,
2022,H,UT,House UT-02,Lighthouse Research,,2022-08-30,2022-09-13,508,lv,30.91,50.2,
2022,H,UT,House UT-03,Lighthouse Research,,2022-08-30,2022-09-13,504,lv,26.79,51.39,
2022,H,UT,House UT-04,Lighthouse Research,,2022-08-30,2022-09-13,504,lv,30.36,57.14,
2022,H,VA,House VA-02,Slingshot Strategies,,2022-04-10,2022-04-15,600,rv,39.0,34.0,1.4
2022,H,VA,House VA-02,Christopher Newport U.,,2022-10-12,2022-10-18,820,lv,45.0,45.0,2.8
2022,H,VA,House VA-07,RMG Research,,2022-07-31,2022-08-06,400,lv,46.0,41.0,2.3
2022,H,VA,House VA-07,RRH/PMI,,2022-10-30,2022-11-02,525,lv,47.0,47.0,1.9
2022,H,VA,House VA-10,OnMessage Inc.,R,2022-10-11,2022-10-13,400,lv,43.0,41.0,1.1
2022,H,VT,House VT-01,U. New Hampshire,,2022-09-29,2022-10-03,765,lv,57.0,19.0,2.6
2022,H,VT,House VT-01,Data for Progress,,2022-10-21,2022-10-26,1039,lv,54.0,29.0,2.6
2022,H,WA,House WA-03,Expedition Strategies,D,2022-08-25,2022-08-30,400,lv,47.0,45.0,1.2
2022,H,WA,House WA-03,PPP,D,2022-09-19,2022-09-20,834,lv,44.0,48.0,1.4
2022,H,WA,House WA-08,RMG Research,,2022-08-10,2022-08-15,400,lv,47.0,43.0,2.3
2022,H,WI,House WI-03,Cygnal,R,2022-08-15,2022-08-18,403,lv,37.5,50.3,2.1
2022,H,WI,House WI-03,PPP,D,2022-08-18,2022-08-19,626,lv,40.0,45.0,1.4
2022,H,WY,House WY-01,University of Wyoming,,2022-10-22,2022-11-03,436,lv,22.7,62.1,0.6
2022,S,AK,Senate,Alaska Survey Research,,2022-07-02,2022-07-05,1201,lv,19.6,44.7,1.9
2022,S,AK,Senate,Fabrizio/Impact,,2022-09-06,2022-09-11,500,lv,14.0,46.0,1.7
2022,S,AK,Senate,Fabrizio/Impact,,2022-09-06,2022-09-11,500,lv,14.0,47.0,1.7
2022,S,AK,Senate,Alaska Survey Research,,2022-09-25,2022-09-27,1282,lv,16.3,41.0,1.9
2022,S,AK,Senate,Alaska Survey Research,,2022-09-25,2022-09-27,1282,lv,17.0,42.4,1.9
2022,S,AK,Senate,Alaska Survey Research,,2022-10-19,2022-10-22,1276,lv,16.4,40.8,1.9
2022,S,AK,Senate,Alaska Survey Research,,2022-10-19,2022-10-22,1276,lv,16.9,42.2,1.9
2022,S,AL,Senate,Cygnal,,2022-10-27,2022-10-29,616,lv,27.5,57.1,2.1
2022,S,AR,Senate,Hendrix College,,2022-09-12,2022-09-12,835,lv,30.5,43.5,0.9
2022,S,AR,Senate,Hendrix College,,2022-10-17,2022-10-18,974,lv,32.0,52.0,0.9
2022,S,AR,Senate,U. of Arkansas,,2022-10-13,2022-10-31,557,lv,25.8,54.6,2.5
2022,S,AZ,Senate,OH Predictive Insights / MBQF,,2021-09-07,2021-09-12,882,rv,44.0,35.0,2.4
2022,S,AZ,Senate,Blueprint Polling,,2022-05-12,2022-05-16,608,lv,48.6,32.3,2.4
2022,S,AZ,Senate,Change Research,D,2022-06-24,2022-06-27,705,rv,48.0,39.0,1.4
2022,S,AZ,Senate,Fabrizio,R,2022-07-13,2022-07-14,800,lv,49.0,44.0,1.7
2022,S,AZ,Senate,Beacon Research,,2022-07-05,2022-07-20,802,rv,49.0,34.0,0.9
2022,S,AZ,Senate,Beacon Research,,2022-07-05,2022-07-20,504,lv,51.0,39.0,0.9
2022,S,AZ,Senate,OnMessage Inc.,R,2022-08-01,2022-08-02,600,lv,49.0,44.0,1.1
2022,S,AZ,Senate,Center Street PAC,D,2022-08-01,2022-08-08,1107,a,48.0,34.0,1.0
2022,S,AZ,Senate,Center Street PAC,D,2022-08-01,2022-08-08,877,rv,50.0,34.0,1.0
2022,S,AZ,Senate,Center Street PAC,D,2022-08-01,2022-08-08,512,lv,54.0,40.0,1.0
2022,S,AZ,Senate,Beacon/Shaw,,2022-08-12,2022-08-16,1012,rv,50.0,42.0,2.8
2022,S,AZ,Senate,RMG Research,,2022-08-16,2022-08-22,750,lv,50.0,43.0,2.3
2022,S,AZ,Senate,Trafalgar Group,R,2022-08-24,2022-08-27,1074,lv,47.6,44.3,0.7
2022,S,AZ,Senate,InsiderAdvantage,,2022-09-06,2022-09-07,550,lv,45.0,39.0,2.0
2022,S,AZ,Senate,Emerson,,2022-09-06,2022-09-07,627,lv,46.7,45.0,2.9
2022,S,AZ,Senate,Echelon Insights,,2022-08-31,2022-09-07,773,lv,52.0,37.0,2.7
2022,S,AZ,Senate,Center Street PAC,D,2022-09-06,2022-09-09,563,lv,55.0,35.0,1.0
2022,S,AZ,Senate,Center Street PAC,D,2022-09-06,2022-09-09,972,rv,53.0,32.0,1.0
2022,S,AZ,Senate,OH Predictive Insights / MBQF,,2022-09-06,2022-09-09,654,lv,47.0,35.0,2.4
2022,S,AZ,Senate,OnMessage Inc.,R,2022-09-06,2022-09-11,400,lv,50.0,40.0,1.1
2022,S,AZ,Senate,Fabrizio/Impact,,2022-09-08,2022-09-15,500,lv,50.0,42.0,1.7
2022,S,AZ,Senate,Fabrizio/Impact,,2022-09-08,2022-09-15,500,lv,52.0,45.0,1.7
2022,S,AZ,Senate,Trafalgar Group,R,2022-09-14,2022-09-17,1080,lv,46.6,45.4,0.7
2022,S,AZ,Senate,Data for Progress,,2022-09-15,2022-09-19,768,lv,48.0,47.0,2.6
2022,S,AZ,Senate,Marist College,,2022-09-19,2022-09-22,1260,rv,51.0,41.0,2.9
2022,S,AZ,Senate,Suffolk,,2022-09-21,2022-09-25,500,lv,49.0,42.2,2.9
2022,S,AZ,Senate,Beacon/Shaw,,2022-09-22,2022-09-26,1008,rv,46.0,40.0,2.8
2022,S,AZ,Senate,CNN/SSRS,,2022-09-26,2022-10-02,795,lv,51.0,45.0,2.8
2022,S,AZ,Senate,CNN/SSRS,,2022-09-26,2022-10-02,900,rv,52.0,42.0,2.8
2022,S,AZ,Senate,YouGov,,2022-09-30,2022-10-04,1161,lv,51.0,48.0,3.0
2022,S,AZ,Senate,OH Predictive Insights / MBQF,,2022-10-04,2022-10-06,674,lv,46.0,33.0,2.4
2022,S,AZ,Senate,Center Street PAC,D,2022-10-04,2022-10-09,894,rv,54.0,32.0,1.0
2022,S,AZ,Senate,Center Street PAC,D,2022-10-04,2022-10-09,551,lv,55.0,38.0,1.0
2022,S,AZ,Senate,OnMessage Inc.,R,2022-10-08,2022-10-10,600,lv,46.0,43.0,1.1
2022,S,AZ,Senate,Ascend Action,,2022-10-08,2022-10-10,954,lv,48.0,44.0,0.7
2022,S,AZ,Senate,InsiderAdvantage,,2022-10-11,2022-10-11,550,rv,46.0,41.6,2.0
2022,S,AZ,Senate,HighGround,,2022-10-12,2022-10-13,500,lv,42.4,39.6,1.8
2022,S,AZ,Senate,Hart Research Associates,D,2022-10-10,2022-10-13,502,lv,47.0,43.0,1.0
2022,S,AZ,Senate,Wick,,2022-10-08,2022-10-13,1000,lv,48.9,46.4,1.4
2022,S,AZ,Senate,Trafalgar Group,R,2022-10-16,2022-10-17,1078,lv,47.4,46.4,0.7
2022,S,AZ,Senate,Data for Progress,,2022-10-11,2022-10-17,893,lv,47.0,47.0,2.6
2022,S,AZ,Senate,Susquehanna,,2022-10-14,2022-10-18,600,lv,47.7,44.5,2.3
2022,S,AZ,Senate,co/efficient,R,2022-10-20,2022-10-21,1111,lv,46.6,44.8,1.1
2022,S,AZ,Senate,InsiderAdvantage,,2022-10-24,2022-10-25,550,lv,45.0,43.0,2.0
2022,S,AZ,Senate,Siena/NYT,,2022-10-24,2022-10-26,604,lv,51.0,45.0,3.0
2022,S,AZ,Senate,OH Predictive Insights / MBQF,,2022-10-24,2022-10-26,600,lv,48.0,46.0,2.4
2022,S,AZ,Senate,Fabrizio,R,2022-10-24,2022-10-26,800,lv,47.0,46.0,1.7
2022,S,AZ,Senate,Fabrizio,R,2022-10-24,2022-10-26,800,lv,49.0,49.0,1.7
2022,S,AZ,Senate,BSP Research/Shaw & Company,,2022-10-19,2022-10-26,1000,rv,44.0,40.0,2.0
2022,S,AZ,Senate,BSP Research/Shaw & Company,,2022-10-19,2022-10-26,669,lv,47.0,43.0,2.0
2022,S,AZ,Senate,Phillips Academy,,2022-10-29,2022-10-30,985,lv,47.2,46.6,1.7
2022,S,AZ,Senate,Wick,,2022-10-26,2022-10-30,1122,lv,49.2,46.9,1.4
2022,S,AZ,Senate,Beacon/Shaw,,2022-10-26,2022-10-30,1003,lv,47.0,45.0,2.8
2022,S,AZ,Senate,Center Street PAC,D,2022-10-25,2022-10-30,958,rv,54.0,36.0,1.0
2022,S,AZ,Senate,Center Street PAC,D,2022-10-25,2022-10-30,558,lv,55.0,45.0,1.0
2022,S,AZ,Senate,Emerson,,2022-10-30,2022-11-01,1000,lv,47.7,48.1,2.9
2022,S,AZ,Senate,InsiderAdvantage,,2022-11-02,2022-11-02,550,lv,48.0,48.0,2.0
2022,S,AZ,Senate,Remington,,2022-11-01,2022-11-02,1075,lv,48.0,47.0,2.6
2022,S,AZ,Senate,HighGround,,2022-11-01,2022-11-02,500,lv,46.4,45.0,1.8
2022,S,AZ,Senate,Marist College,,2022-10-31,2022-11-02,1157,rv,49.0,45.0,2.9
2022,S,AZ,Senate,Patriot Polling,,2022-10-30,2022-11-02,814,rv,48.6,47.9,1.1
2022,S,AZ,Senate,Civiqs,,2022-10-29,2022-11-02,852,lv,49.0,49.0,2.4
2022,S,AZ,Senate,KAConsulting LLC,R,2022-11-02,2022-11-03,501,lv,47.0,46.0,1.5
2022,S,AZ,Senate,Research Co.,,2022-11-04,2022-11-06,450,lv,51.0,47.0,2.4
2022,S,AZ,Senate,Data Orbital,,2022-11-04,2022-11-06,550,lv,48.2,46.5,2.9
2022,S,AZ,Senate,Data for Progress,,2022-11-02,2022-11-06,1359,lv,49.0,50.0,2.6
2022,S,AZ,Senate,Targoz Market Research,,2022-11-02,2022-11-06,809,rv,46.0,43.0,1.8
2022,S,AZ,Senate,Targoz Market Research,,2022-11-02,2022-11-06,560,lv,50.0,47.0,1.8
2022,S,AZ,Senate,Trafalgar Group,R,2022-11-05,2022-11-07,1094,lv,46.7,48.2,0.7
2022,S,CA,Senate,SurveyUSA,,2022-10-07,2022-10-10,1013,lv,56.0,34.0,2.8
2022,S,CA,Senate,SurveyUSA,,2022-10-07,2022-10-10,1013,lv,56.0,34.0,2.8
2022,S,CA,Senate,ActiVote,,2022-07-22,2022-10-20,208,lv,65.0,35.0,
2022,S,CA,Senate,USC Schwarzenegger Institute,,2022-10-30,2022-11-02,802,rv,63.0,37.0,1.5
2022,S,CA,Senate,Research Co.,,2022-11-04,2022-11-06,450,lv,53.0,37.0,2.4
2022,S,CA,Senate,Research Co.,,2022-11-04,2022-11-06,450,lv,53.0,37.0,2.4
2022,S,CO,Senate,Global Strategy Group,D,2022-06-02,2022-06-08,400,rv,49.0,36.0,1.8
2022,S,CO,Senate,McLaughlin,R,2022-07-24,2022-07-26,500,lv,48.0,40.3,0.5
2022,S,CO,Senate,Trafalgar Group,R,2022-08-15,2022-08-19,1087,lv,47.4,41.6,0.7
2022,S,CO,Senate,Tarrance,R,2022-08-22,2022-08-25,600,lv,48.0,47.0,1.6
2022,S,CO,Senate,PPP,,2022-08-30,2022-08-31,782,v,46.0,35.0,1.4
2022,S,CO,Senate,Emerson,,2022-09-18,2022-09-19,1000,lv,45.5,35.9,2.9
2022,S,CO,Senate,Trafalgar Group,R,2022-09-20,2022-09-24,1078,lv,48.6,42.6,0.7
2022,S,CO,Senate,Keating Research/Magellan Strategies,,2022-09-18,2022-09-26,1060,lv,46.0,36.0,
2022,S,CO,Senate,OnMessage Inc.,R,2022-09-20,2022-09-27,600,lv,46.0,45.0,1.1
2022,S,CO,Senate,Data for Progress,,2022-10-03,2022-10-06,1005,lv,50.0,41.0,2.6
2022,S,CO,Senate,Marist College,,2022-10-03,2022-10-06,1127,rv,48.0,41.0,2.9
2022,S,CO,Senate,Global Strategy Group,D,2022-10-06,2022-10-11,800,rv,50.0,35.0,1.8
2022,S,CO,Senate,Global Strategy Group,D,2022-10-06,2022-10-11,800,lv,49.0,38.0,1.8
2022,S,CO,Senate,Global Strategy Group,D,2022-10-06,2022-10-11,800,rv,53.0,40.0,1.8
2022,S,CO,Senate,Global Strategy Group,D,2022-10-06,2022-10-11,800,lv,52.0,42.0,1.8
2022,S,CO,Senate,Civiqs,,2022-10-15,2022-10-18,600,lv,54.0,41.0,2.4
2022,S,CO,Senate,YouGov,,2022-10-11,2022-10-19,709,lv,56.0,42.0,3.0
2022,S,CO,Senate,co/efficient,R,2022-10-24,2022-10-25,826,lv,49.9,34.4,1.1
2022,S,CO,Senate,Emerson,,2022-10-26,2022-10-29,1000,lv,51.4,43.3,2.9
2022,S,CO,Senate,Trafalgar Group,R,2022-10-30,2022-11-01,1084,lv,47.6,46.1,0.7
2022,S,CO,Senate,Data for Progress,,2022-11-02,2022-11-05,1983,lv,51.0,44.0,2.6
2022,S,CO,Senate,co/efficient,R,2022-11-03,2022-11-07,856,lv,51.0,43.0,1.1
2022,S,CT,Senate,Emerson,,2022-05-10,2022-05-11,1000,rv,52.2,36.4,2.9
2022,S,CT,Senate,McLaughlin,R,2022-07-26,2022-07-27,500,lv,45.2,33.0,0.5
2022,S,CT,Senate,Emerson,,2022-09-07,2022-09-09,1000,lv,48.8,36.1,2.9
2022,S,CT,Senate,Quinnipiac,,2022-09-15,2022-09-19,1911,lv,57.0,40.0,2.8
2022,S,CT,Senate,Western New England University,,2022-09-15,2022-09-21,766,rv,51.0,37.0,2.5
2022,S,CT,Senate,Western New England University,,2022-09-15,2022-09-21,626,lv,53.0,40.0,2.5
2022,S,CT,Senate,Fabrizio,,2022-10-10,2022-10-13,1200,lv,49.0,44.0,1.7
2022,S,CT,Senate,Emerson,,2022-10-19,2022-10-21,1000,lv,54.0,41.7,2.9
2022,S,CT,Senate,Quinnipiac,,2022-10-19,2022-10-23,1879,lv,56.0,41.0,2.8
2022,S,CT,Senate,Long Island University,,2022-10-24,2022-10-26,1004,a,51.0,26.0,1.1
2022,S,FL,Senate,Sachs Media,,2021-06-19,2021-06-21,650,rv,39.0,46.0,1.5
2022,S,FL,Senate,The Political Matrix/The Listener Group,,2021-06-27,2021-06-27,681,lv,39.6,60.4,0.7
2022,S,FL,Senate,Susquehanna,,2021-08-04,2021-08-10,700,rv,39.0,50.0,2.3
2022,S,FL,Senate,St. Pete Polls,,2021-08-16,2021-08-17,2068,rv,46.1,48.1,2.4
2022,S,FL,Senate,Change Research,D,2021-08-14,2021-08-17,1585,lv,44.0,47.0,1.4
2022,S,FL,Senate,The Political Matrix/The Listener Group,,2021-08-14,2021-08-18,1000,lv,45.1,54.9,0.7
2022,S,FL,Senate,Redfield & Wilton Strategies,,2021-08-20,2021-08-24,1000,rv,34.0,46.0,1.8
2022,S,FL,Senate,Redfield & Wilton Strategies,,2021-08-20,2021-08-24,1000,lv,37.0,48.0,1.8
2022,S,FL,Senate,VCreek/AMG,R,2021-09-23,2021-09-27,405,lv,38.0,42.0,1.1
2022,S,FL,Senate,Saint Leo U.,,2021-10-17,2021-10-23,500,a,28.6,46.8,1.3
2022,S,FL,Senate,Sachs Media,,2021-10-30,2021-11-02,505,rv,49.0,51.0,1.5
2022,S,FL,Senate,Redfield & Wilton Strategies,,2021-11-09,2021-11-09,867,rv,33.0,45.0,1.8
2022,S,FL,Senate,Redfield & Wilton Strategies,,2021-11-09,2021-11-09,737,lv,36.0,48.0,1.8
2022,S,FL,Senate,St. Pete Polls,,2021-11-18,2021-11-19,2896,rv,44.3,51.0,2.4
2022,S,FL,Senate,Suffolk,,2022-01-26,2022-01-29,500,lv,41.4,48.6,2.9
2022,S,FL,Senate,Mason-Dixon,,2022-02-07,2022-02-10,625,rv,42.0,49.0,2.6
2022,S,FL,Senate,U. North Florida,,2022-02-07,2022-02-20,685,rv,34.0,46.0,2.8
2022,S,FL,Senate,Center Street PAC,D,2022-03-04,2022-03-04,1102,a,26.0,48.0,1.0
2022,S,FL,Senate,Center Street PAC,D,2022-03-04,2022-03-04,898,rv,27.0,47.0,1.0
2022,S,FL,Senate,Center Street PAC,D,2022-03-04,2022-03-04,472,lv,34.0,51.0,1.0
2022,S,FL,Senate,Saint Leo U.,,2022-02-28,2022-03-12,500,lv,27.4,45.0,1.3
2022,S,FL,Senate,Phillips Academy,,2022-05-07,2022-05-09,543,rv,36.0,34.0,1.7
2022,S,FL,Senate,PPP,D,2022-05-26,2022-05-27,655,v,41.0,47.0,1.4
2022,S,FL,Senate,Center Street PAC,D,2022-07-09,2022-07-09,908,a,38.0,48.0,1.0
2022,S,FL,Senate,Center Street PAC,D,2022-07-09,2022-07-09,734,rv,39.0,47.0,1.0
2022,S,FL,Senate,Center Street PAC,D,2022-07-09,2022-07-09,445,lv,42.0,51.0,1.0
2022,S,FL,Senate,Clarity,D,2022-07-26,2022-07-31,2244,lv,45.0,45.0,1.6
2022,S,FL,Senate,Change Research,D,2022-08-02,2022-08-05,1031,lv,46.0,46.0,1.4
2022,S,FL,Senate,U. North Florida,,2022-08-08,2022-08-12,1534,lv,48.0,44.0,2.8
2022,S,FL,Senate,Center Street PAC,D,2022-08-12,2022-08-14,996,rv,39.0,46.0,1.0
2022,S,FL,Senate,Center Street PAC,D,2022-08-12,2022-08-14,610,lv,41.0,52.0,1.0
2022,S,FL,Senate,Impact Research,D,2022-08-12,2022-08-18,800,lv,46.0,49.0,1.5
2022,S,FL,Senate,Sachs Media,,2022-08-20,2022-08-20,600,lv,43.0,45.0,1.5
2022,S,FL,Senate,Clarity,D,2022-08-25,2022-08-30,3017,rv,45.0,46.0,1.6
2022,S,FL,Senate,Fabrizio/Impact,,2022-08-24,2022-08-31,500,lv,47.0,49.0,1.7
2022,S,FL,Senate,Susquehanna,,2022-08-29,2022-09-03,500,lv,44.0,47.0,2.3
2022,S,FL,Senate,InsiderAdvantage,,2022-09-05,2022-09-06,550,lv,44.0,46.0,2.0
2022,S,FL,Senate,Echelon Insights,,2022-08-31,2022-09-07,815,lv,41.0,50.0,2.7
2022,S,FL,Senate,Sachs Media,,2022-09-10,2022-09-10,600,lv,46.0,49.0,1.5
2022,S,FL,Senate,Center Street PAC,D,2022-09-09,2022-09-10,608,lv,45.0,50.0,1.0
2022,S,FL,Senate,Center Street PAC,D,2022-09-09,2022-09-10,999,rv,40.0,48.0,1.0
2022,S,FL,Senate,Suffolk,,2022-09-15,2022-09-18,500,lv,41.2,45.2,2.9
2022,S,FL,Senate,Civiqs,,2022-09-17,2022-09-20,617,lv,47.0,49.0,2.4
2022,S,FL,Senate,Siena,,2022-09-18,2022-09-25,669,lv,41.0,48.0,2.7
2022,S,FL,Senate,ActiVote,,2022-06-27,2022-09-25,210,lv,45.0,51.0,
2022,S,FL,Senate,Clarity,D,2022-09-22,2022-09-27,2860,lv,46.0,46.0,1.6
2022,S,FL,Senate,Mason-Dixon,,2022-09-26,2022-09-28,800,lv,41.0,47.0,2.6
2022,S,FL,Senate,African American Research Collaborative,D,2022-10-04,2022-10-11,1250,rv,40.0,42.0,0.8
2022,S,FL,Senate,RMG Research,,2022-10-10,2022-10-13,685,lv,45.0,50.0,2.3
2022,S,FL,Senate,Florida Atlantic University,,2022-10-12,2022-10-16,719,lv,42.0,47.7,2.0
2022,S,FL,Senate,Stetson University Center for Public Opinion Research,,2022-10-16,2022-10-20,644,lv,45.0,52.0,1.5
2022,S,FL,Senate,Sachs Media,,2022-10-22,2022-10-23,500,rv,43.0,48.0,1.5
2022,S,FL,Senate,Data for Progress,,2022-10-19,2022-10-23,1251,lv,44.0,51.0,2.6
2022,S,FL,Senate,U. North Florida,,2022-10-17,2022-10-24,622,lv,43.0,54.0,2.8
2022,S,FL,Senate,YouGov,,2022-10-20,2022-10-31,1117,rv,44.0,51.0,3.0
2022,S,FL,Senate,InsiderAdvantage,,2022-11-01,2022-11-01,550,lv,45.0,51.0,2.0
2022,S,FL,Senate,Victory Insights,,2022-10-30,2022-11-01,500,lv,45.7,49.7,1.3
2022,S,FL,Senate,Siena,,2022-10-30,2022-11-01,659,lv,43.0,51.0,2.7
2022,S,FL,Senate,Amber Integrated,,2022-11-01,2022-11-02,600,lv,40.0,49.0,1.5
2022,S,FL,Senate,Civiqs,,2022-10-29,2022-11-02,772,lv,45.0,52.0,2.4
2022,S,FL,Senate,Research Co.,,2022-11-04,2022-11-06,450,lv,44.0,54.0,2.4
2022,S,FL,Senate,Data for Progress,,2022-11-02,2022-11-06,1436,lv,43.0,55.0,2.6
2022,S,GA,Senate,Trafalgar Group/InsiderAdvantage,,2021-03-07,2021-03-09,1093,lv,45.5,47.7,
2022,S,GA,Senate,PPP,,2021-08-04,2021-08-05,622,v,48.0,46.0,1.4
2022,S,GA,Senate,Redfield & Wilton Strategies,,2021-11-09,2021-11-09,753,rv,45.0,39.0,1.8
2022,S,GA,Senate,Redfield & Wilton Strategies,,2021-11-09,2021-11-09,638,lv,48.0,42.0,1.8
2022,S,GA,Senate,NRSC,,2021-12-04,2021-12-08,831,lv,48.0,49.0,1.2
2022,S,GA,Senate,Quinnipiac,,2022-01-19,2022-01-24,1702,rv,48.0,49.0,2.8
2022,S,GA,Senate,U. Georgia SPIA,,2022-01-13,2022-01-24,872,rv,43.6,47.1,2.2
2022,S,GA,Senate,Wick,,2022-02-02,2022-02-06,1290,lv,45.6,46.5,1.4
2022,S,GA,Senate,Blueprint Polling,,2022-03-02,2022-03-08,662,lv,45.4,48.5,2.4
2022,S,GA,Senate,Emerson,,2022-04-01,2022-04-03,1013,lv,45.2,49.1,2.9
2022,S,GA,Senate,Grassroots Targeting,R,2022-04-03,2022-04-16,2500,rv,41.0,51.4,
2022,S,GA,Senate,SurveyUSA,,2022-04-22,2022-04-27,1278,lv,50.0,45.0,2.8
2022,S,GA,Senate,East Carolina University,,2022-06-06,2022-06-09,868,rv,47.4,46.6,2.6
2022,S,GA,Senate,Moore Information,R,2022-06-11,2022-06-16,800,lv,47.0,47.0,0.6
2022,S,GA,Senate,Change Research,D,2022-06-24,2022-06-27,704,rv,48.0,44.0,1.4
2022,S,GA,Senate,Quinnipiac,,2022-06-23,2022-06-27,1497,rv,54.0,44.0,2.8
2022,S,GA,Senate,Data for Progress,,2022-07-01,2022-07-06,1131,lv,47.0,49.0,2.6
2022,S,GA,Senate,Fabrizio/Impact,,2022-07-05,2022-07-11,500,lv,50.0,47.0,1.7
2022,S,GA,Senate,Beacon Research,,2022-07-05,2022-07-20,1003,rv,48.0,36.0,0.9
2022,S,GA,Senate,Beacon Research,,2022-07-05,2022-07-20,602,lv,48.0,43.0,0.9
2022,S,GA,Senate,U. Georgia SPIA,,2022-07-14,2022-07-22,902,lv,46.1,42.5,2.2
2022,S,GA,Senate,PEM Management Corporation,R,2022-07-22,2022-07-24,300,lv,41.7,46.3,
2022,S,GA,Senate,SurveyUSA,,2022-07-21,2022-07-24,604,lv,48.0,39.0,2.8
2022,S,GA,Senate,Beacon/Shaw,,2022-07-22,2022-07-26,901,rv,46.0,42.0,2.8
2022,S,GA,Senate,InsiderAdvantage,,2022-07-26,2022-07-27,750,lv,48.0,45.0,2.0
2022,S,GA,Senate,Research Affiliates,D,2022-07-26,2022-08-01,420,lv,49.0,46.0,
2022,S,GA,Senate,Phillips Academy,,2022-08-03,2022-08-07,971,rv,43.6,45.2,1.7
2022,S,GA,Senate,Trafalgar Group,R,2022-08-24,2022-08-27,1079,lv,46.7,47.5,0.7
2022,S,GA,Senate,Emerson,,2022-08-28,2022-08-29,600,lv,43.9,45.6,2.9
2022,S,GA,Senate,InsiderAdvantage,,2022-09-06,2022-09-07,550,lv,44.0,47.0,2.0
2022,S,GA,Senate,Echelon Insights,,2022-08-31,2022-09-07,751,lv,50.0,40.0,2.7
2022,S,GA,Senate,Center Street PAC,D,2022-09-09,2022-09-12,542,lv,49.0,45.0,1.0
2022,S,GA,Senate,Center Street PAC,D,2022-09-09,2022-09-12,949,rv,50.0,37.0,1.0
2022,S,GA,Senate,Quinnipiac,,2022-09-08,2022-09-12,1278,lv,52.0,46.0,2.8
2022,S,GA,Senate,Marist College,,2022-09-12,2022-09-15,1202,rv,47.0,42.0,2.9
2022,S,GA,Senate,U. Georgia SPIA,,2022-09-05,2022-09-16,861,lv,44.2,45.8,2.2
2022,S,GA,Senate,YouGov,,2022-09-14,2022-09-19,1178,lv,51.0,49.0,3.0
2022,S,GA,Senate,Data for Progress,,2022-09-16,2022-09-20,1006,lv,46.0,46.0,2.6
2022,S,GA,Senate,Beacon/Shaw,,2022-09-22,2022-09-26,1011,rv,46.0,41.0,2.8
2022,S,GA,Senate,InsiderAdvantage,,2022-10-04,2022-10-04,550,lv,47.2,43.6,2.0
2022,S,GA,Senate,SurveyUSA,,2022-09-30,2022-10-04,1076,lv,50.0,38.0,2.8
2022,S,GA,Senate,U. Georgia SPIA,,2022-09-25,2022-10-04,1030,lv,46.4,43.4,2.2
2022,S,GA,Senate,Emerson,,2022-10-06,2022-10-07,1000,lv,47.8,45.6,2.9
2022,S,GA,Senate,Quinnipiac,,2022-10-07,2022-10-10,1157,lv,52.0,45.0,2.8
2022,S,GA,Senate,Trafalgar Group,R,2022-10-08,2022-10-11,1084,lv,46.3,44.8,0.7
2022,S,GA,Senate,Moore Information,R,2022-10-08,2022-10-11,800,lv,44.0,46.0,0.6
2022,S,GA,Senate,Civiqs,,2022-10-08,2022-10-11,717,lv,49.0,46.0,2.4
2022,S,GA,Senate,Wick,,2022-10-08,2022-10-13,1018,lv,46.1,46.1,1.4
2022,S,GA,Senate,InsiderAdvantage,,2022-10-16,2022-10-16,550,lv,46.3,43.4,2.0
2022,S,GA,Senate,Landmark Communications,,2022-10-15,2022-10-17,500,lv,46.1,46.0,2.1
2022,S,GA,Senate,Data for Progress,,2022-10-13,2022-10-17,984,lv,48.0,47.0,2.6
2022,S,GA,Senate,East Carolina University,,2022-10-13,2022-10-18,905,lv,48.7,46.5,2.6
2022,S,GA,Senate,Hart Research Associates,D,2022-10-19,2022-10-21,503,lv,48.0,45.0,1.0
2022,S,GA,Senate,Trafalgar Group,R,2022-10-21,2022-10-23,1076,lv,46.5,48.9,0.7
2022,S,GA,Senate,Rasmussen,,2022-10-23,2022-10-24,1053,lv,43.0,48.0,2.1
2022,S,GA,Senate,co/efficient,R,2022-10-24,2022-10-25,946,lv,43.6,47.0,1.1
2022,S,GA,Senate,Moore Information,R,2022-10-22,2022-10-25,800,lv,42.0,46.0,0.6
2022,S,GA,Senate,InsiderAdvantage,,2022-10-27,2022-10-27,550,lv,45.3,47.5,2.0
2022,S,GA,Senate,Siena/NYT,,2022-10-24,2022-10-27,604,lv,47.0,44.0,3.0
2022,S,GA,Senate,U. Georgia SPIA,,2022-10-16,2022-10-27,1022,lv,45.2,45.5,2.2
2022,S,GA,Senate,Beacon/Shaw,,2022-10-26,2022-10-30,1002,rv,44.0,43.0,2.8
2022,S,GA,Senate,Emerson,,2022-10-28,2022-10-31,1000,lv,49.5,47.6,2.9
2022,S,GA,Senate,Patinkin Research Strategies,D,2022-10-30,2022-11-01,700,rv,49.0,45.0,1.3
2022,S,GA,Senate,Remington,,2022-11-01,2022-11-02,1150,lv,45.0,49.0,2.6
2022,S,GA,Senate,Amber Integrated,,2022-11-01,2022-11-02,600,lv,45.0,48.0,1.5
2022,S,GA,Senate,Echelon Insights,,2022-10-31,2022-11-02,500,lv,45.0,49.0,2.7
2022,S,GA,Senate,Echelon Insights,,2022-10-31,2022-11-02,500,lv,45.0,52.0,2.7
2022,S,GA,Senate,Marist College,,2022-10-31,2022-11-02,1168,rv,49.0,45.0,2.9
2022,S,GA,Senate,SurveyUSA,,2022-10-29,2022-11-02,1171,lv,49.0,43.0,2.8
2022,S,GA,Senate,Moore Information,R,2022-10-29,2022-11-02,800,lv,44.0,49.0,0.6
2022,S,GA,Senate,East Carolina University,,2022-11-02,2022-11-05,1077,lv,48.9,48.9,2.6
2022,S,GA,Senate,InsiderAdvantage,,2022-11-06,2022-11-06,550,lv,47.0,49.0,2.0
2022,S,GA,Senate,Research Co.,,2022-11-04,2022-11-06,450,lv,49.0,49.0,2.4
2022,S,GA,Senate,Trafalgar Group,R,2022-11-04,2022-11-06,1103,lv,46.5,49.7,0.7
2022,S,GA,Senate,Data for Progress,,2022-11-02,2022-11-06,1474,lv,48.0,49.0,2.6
2022,S,GA,Senate,Targoz Market Research,,2022-11-02,2022-11-06,579,lv,47.0,49.0,1.8
2022,S,GA,Senate,Targoz Market Research,,2022-11-02,2022-11-06,810,rv,46.0,41.0,1.8
2022,S,GA,Senate,AtlasIntel,,2022-11-05,2022-11-07,905,a,45.4,46.5,2.7
2022,S,GA,Senate,AtlasIntel,,2022-11-05,2022-11-07,791,lv,45.8,49.0,2.7
2022,S,GA,Senate,The Political Matrix/The Listener Group,,2022-11-05,2022-11-07,690,lv,59.0,41.0,0.7
2022,S,GA,Senate,Landmark Communications,,2022-11-04,2022-11-07,1214,lv,46.4,46.8,2.1
2022,S,IA,Senate,Change Research,D,2022-04-06,2022-04-11,1070,lv,42.0,45.0,1.4
2022,S,IA,Senate,Change Research,D,2022-06-30,2022-07-04,1488,lv,44.0,49.0,1.4
2022,S,IA,Senate,Selzer,,2022-07-10,2022-07-13,597,lv,39.0,47.0,2.8
2022,S,IA,Senate,Cygnal,R,2022-07-13,2022-07-14,600,lv,43.4,51.6,2.1
2022,S,IA,Senate,Change Research,D,2022-09-03,2022-09-08,1143,lv,44.0,48.0,1.4
2022,S,IA,Senate,Change Research,D,2022-09-23,2022-09-28,978,lv,44.0,49.0,1.4
2022,S,IA,Senate,Cygnal,R,2022-10-02,2022-10-04,600,lv,39.7,54.1,2.1
2022,S,IA,Senate,Emerson,,2022-10-02,2022-10-04,959,lv,38.0,48.7,2.9
2022,S,IA,Senate,Selzer,,2022-10-09,2022-10-12,620,lv,43.0,46.0,2.8
2022,S,IA,Senate,Change Research,D,2022-10-14,2022-10-18,1008,lv,45.0,48.0,1.4
2022,S,IA,Senate,Tarrance,R,2022-10-15,2022-10-19,600,lv,42.0,53.0,1.6
2022,S,IA,Senate,Civiqs,,2022-10-22,2022-10-25,623,lv,44.0,52.0,2.4
2022,S,IA,Senate,Cygnal,R,2022-10-26,2022-10-27,600,lv,42.7,53.9,2.1
2022,S,IA,Senate,Selzer,,2022-10-31,2022-11-03,801,lv,41.0,53.0,2.8
2022,S,IL,Senate,Victory Research,,2022-07-17,2022-07-19,1208,lv,43.3,33.9,1.8
2022,S,IL,Senate,Victory Geek,,2022-08-25,2022-08-28,512,lv,58.0,35.0,
2022,S,IL,Senate,Emerson,,2022-09-21,2022-09-23,1000,lv,49.7,30.8,2.9
2022,S,IL,Senate,PPP,,2022-10-10,2022-10-11,770,lv,50.0,36.0,1.4
2022,S,IL,Senate,Research America,,2022-10-05,2022-10-11,1000,rv,48.2,28.5,0.7
2022,S,IL,Senate,Emerson,,2022-10-20,2022-10-24,1000,lv,49.1,39.3,2.9
2022,S,IL,Senate,Civiqs,,2022-10-22,2022-10-25,659,lv,56.0,40.0,2.4
2022,S,IL,Senate,Research Co.,,2022-11-04,2022-11-06,450,lv,58.0,40.0,2.4
2022,S,IN,Senate,Change Research,D,2022-08-20,2022-08-24,2111,lv,42.0,45.0,1.4
2022,S,IN,Senate,ARW Strategies,,2022-09-25,2022-09-26,600,lv,37.0,39.0,
2022,S,IN,Senate,Civiqs,,2022-11-04,2022-11-07,707,lv,38.0,49.0,2.4
2022,S,KS,Senate,Battleground Connect,R,2022-08-08,2022-08-10,1074,lv,36.8,57.5,
2022,S,KS,Senate,Echelon Insights,,2022-08-31,2022-09-07,392,lv,35.0,54.0,2.7
2022,S,KS,Senate,Emerson,,2022-09-15,2022-09-18,1000,lv,33.1,45.3,2.9
2022,S,KS,Senate,Emerson,,2022-10-27,2022-10-29,1000,lv,32.6,54.2,2.9
2022,S,KY,Senate,Mason-Dixon,,2022-01-19,2022-01-22,625,rv,39.0,55.0,2.6
2022,S,MD,Senate,Goucher College,,2022-09-08,2022-09-12,748,lv,56.0,33.0,
2022,S,MO,Senate,Remington,,2022-04-27,2022-04-28,986,lv,32.0,50.0,2.6
2022,S,MO,Senate,SurveyUSA,,2022-05-11,2022-05-15,1412,lv,34.0,47.0,2.8
2022,S,MO,Senate,YouGov,,2022-08-08,2022-08-16,900,lv,38.0,49.0,3.0
2022,S,MO,Senate,Remington,,2022-08-24,2022-08-25,1011,lv,40.0,51.0,2.6
2022,S,MO,Senate,SurveyUSA,,2022-09-14,2022-09-18,670,lv,36.0,47.0,2.8
2022,S,MO,Senate,Emerson,,2022-09-23,2022-09-27,1160,lv,37.7,49.1,2.9
2022,S,MO,Senate,Remington,,2022-10-24,2022-10-25,1011,lv,42.0,51.0,2.6
2022,S,MO,Senate,Emerson,,2022-10-26,2022-10-28,1000,lv,40.1,53.6,2.9
2022,S,MO,Senate,Trafalgar Group,R,2022-10-30,2022-11-01,1079,lv,42.3,53.3,0.7
2022,S,MO,Senate,SurveyUSA,,2022-10-27,2022-11-01,791,lv,41.0,50.0,2.8
2022,S,MO,Senate,Civiqs,,2022-11-04,2022-11-07,746,lv,40.0,55.0,2.4
2022,S,NC,Senate,Redfield & Wilton Strategies,,2021-11-10,2021-11-10,777,rv,36.0,37.0,1.8
2022,S,NC,Senate,Redfield & Wilton Strategies,,2021-11-10,2021-11-10,640,lv,39.0,40.0,1.8
2022,S,NC,Senate,Cygnal,,2022-03-30,2022-03-31,513,lv,43.1,44.6,2.1
2022,S,NC,Senate,Emerson,,2022-04-02,2022-04-04,1047,lv,42.8,49.6,2.9
2022,S,NC,Senate,Global Strategy Group,D,2022-04-28,2022-05-04,800,lv,45.0,45.0,1.8
2022,S,NC,Senate,Emerson,,2022-05-07,2022-05-09,1000,rv,41.4,48.2,2.9
2022,S,NC,Senate,Meeting Street Insights,R,2022-05-12,2022-05-16,500,rv,45.0,46.0,1.4
2022,S,NC,Senate,East Carolina University,,2022-05-19,2022-05-20,635,rv,41.5,49.3,2.6
2022,S,NC,Senate,Cygnal,,2022-05-21,2022-05-22,600,lv,41.8,43.6,2.1
2022,S,NC,Senate,SurveyUSA,,2022-06-08,2022-06-12,650,lv,44.0,40.0,2.8
2022,S,NC,Senate,Cygnal,,2022-06-17,2022-06-19,600,lv,40.3,45.0,2.1
2022,S,NC,Senate,Trafalgar Group,R,2022-06-29,2022-07-01,1068,lv,45.1,47.6,0.7
2022,S,NC,Senate,PEM Management Corporation,R,2022-07-22,2022-07-24,300,lv,42.7,40.3,
2022,S,NC,Senate,Blueprint Polling,,2022-08-04,2022-08-06,656,lv,46.0,42.0,2.4
2022,S,NC,Senate,Cygnal,,2022-08-13,2022-08-15,615,lv,42.3,42.3,2.1
2022,S,NC,Senate,PPP,,2022-08-29,2022-08-30,601,v,42.0,41.0,1.4
2022,S,NC,Senate,Trafalgar Group,R,2022-09-01,2022-09-04,1079,lv,43.8,46.6,0.7
2022,S,NC,Senate,East Carolina University,,2022-09-07,2022-09-10,1020,lv,45.9,48.7,2.6
2022,S,NC,Senate,Emerson,,2022-09-15,2022-09-16,1000,lv,43.2,45.6,2.9
2022,S,NC,Senate,Civiqs,,2022-09-17,2022-09-20,586,lv,49.0,48.0,2.4
2022,S,NC,Senate,Global Strategy Group,D,2022-09-12,2022-09-20,800,lv,46.0,46.0,1.8
2022,S,NC,Senate,Meredith College,,2022-09-20,2022-09-23,731,lv,41.0,41.3,1.6
2022,S,NC,Senate,Cygnal,,2022-09-24,2022-09-26,650,lv,44.0,43.7,2.1
2022,S,NC,Senate,SurveyUSA,,2022-09-28,2022-10-02,677,lv,42.0,43.0,2.8
2022,S,NC,Senate,PPP,D,2022-10-07,2022-10-08,606,rv,45.0,46.0,1.4
2022,S,NC,Senate,East Carolina University,,2022-10-10,2022-10-13,902,lv,44.0,50.0,2.6
2022,S,NC,Senate,Wick,,2022-10-08,2022-10-13,1009,lv,44.2,48.7,1.4
2022,S,NC,Senate,Trafalgar Group,R,2022-10-16,2022-10-19,1081,lv,44.2,48.4,0.7
2022,S,NC,Senate,Marist College,,2022-10-17,2022-10-20,1130,rv,44.0,44.0,2.9
2022,S,NC,Senate,Cygnal,,2022-10-20,2022-10-22,600,lv,43.1,46.9,2.1
2022,S,NC,Senate,Emerson,,2022-10-27,2022-10-29,1000,lv,45.7,51.4,2.9
2022,S,NC,Senate,Meredith College,,2022-10-27,2022-10-30,724,rv,42.7,43.9,1.6
2022,S,NC,Senate,Remington,,2022-11-01,2022-11-02,1140,lv,43.0,50.0,2.6
2022,S,NC,Senate,Civiqs,,2022-10-29,2022-11-02,674,lv,49.0,49.0,2.4
2022,S,NC,Senate,East Carolina University,,2022-11-01,2022-11-03,1183,lv,47.0,51.9,2.6
2022,S,NC,Senate,ActiVote,,2022-08-05,2022-11-03,250,lv,47.0,48.0,
2022,S,NC,Senate,Trafalgar Group,R,2022-11-04,2022-11-06,1098,lv,44.8,51.2,0.7
2022,S,NC,Senate,Data for Progress,,2022-11-02,2022-11-06,1322,lv,45.0,51.0,2.6
2022,S,NH,Senate,U. New Hampshire,,2021-02-18,2021-02-22,1676,lv,52.0,39.0,2.6
2022,S,NH,Senate,U. New Hampshire,,2021-07-15,2021-07-19,1540,lv,51.0,41.0,2.6
2022,S,NH,Senate,U. New Hampshire,,2021-10-14,2021-10-18,979,lv,47.0,42.0,2.6
2022,S,NH,Senate,Trafalgar Group,R,2021-12-10,2021-12-12,1041,lv,46.1,40.3,0.7
2022,S,NH,Senate,St. Anselm,,2022-01-11,2022-01-12,1215,rv,43.0,36.0,2.4
2022,S,NH,Senate,St. Anselm,,2022-03-23,2022-03-24,1265,rv,44.0,39.0,2.4
2022,S,NH,Senate,Phillips Academy,,2022-04-04,2022-04-08,533,a,45.4,39.5,1.7
2022,S,NH,Senate,Phillips Academy,,2022-04-04,2022-04-08,471,rv,54.1,39.2,1.7
2022,S,NH,Senate,U. New Hampshire,,2022-04-14,2022-04-18,868,lv,47.0,46.0,2.6
2022,S,NH,Senate,Change Research,D,2022-06-24,2022-06-27,704,rv,49.0,40.0,1.4
2022,S,NH,Senate,Data for Progress,,2022-06-22,2022-07-08,903,lv,49.0,45.0,2.6
2022,S,NH,Senate,Emerson,,2022-09-14,2022-09-15,800,lv,50.6,40.1,2.9
2022,S,NH,Senate,ARG,,2022-09-15,2022-09-19,555,rv,53.0,40.0,2.3
2022,S,NH,Senate,U. New Hampshire,,2022-09-15,2022-09-19,870,lv,49.0,41.0,2.6
2022,S,NH,Senate,Suffolk,,2022-09-23,2022-09-26,500,lv,49.6,41.2,2.9
2022,S,NH,Senate,St. Anselm,,2022-09-27,2022-09-28,901,lv,49.0,43.0,2.4
2022,S,NH,Senate,Trafalgar Group,R,2022-09-26,2022-09-30,1081,lv,48.2,45.0,0.7
2022,S,NH,Senate,Data for Progress,,2022-09-23,2022-09-30,1147,lv,50.0,43.0,2.6
2022,S,NH,Senate,Fabrizio/Impact,,2022-10-02,2022-10-06,500,lv,52.0,45.0,1.7
2022,S,NH,Senate,Emerson,,2022-10-18,2022-10-19,727,lv,49.5,45.4,2.9
2022,S,NH,Senate,Fabrizio,R,2022-10-17,2022-10-19,600,lv,49.0,47.0,1.7
2022,S,NH,Senate,Data for Progress,,2022-10-14,2022-10-19,1392,lv,50.0,44.0,2.6
2022,S,NH,Senate,InsiderAdvantage,,2022-10-23,2022-10-23,600,lv,47.6,47.1,2.0
2022,S,NH,Senate,U. Massachusetts - Lowell,,2022-10-14,2022-10-25,600,lv,51.0,41.0,2.9
2022,S,NH,Senate,co/efficient,R,2022-10-25,2022-10-26,1098,lv,45.0,45.0,1.1
2022,S,NH,Senate,St. Anselm,,2022-10-28,2022-10-29,1541,lv,47.0,48.0,2.4
2022,S,NH,Senate,Trafalgar Group,R,2022-10-30,2022-11-01,1241,lv,45.7,47.0,0.7
2022,S,NH,Senate,Emerson,,2022-10-30,2022-11-01,850,lv,50.2,45.7,2.9
2022,S,NH,Senate,InsiderAdvantage,,2022-11-05,2022-11-05,700,lv,49.4,47.6,2.0
2022,S,NH,Senate,Wick,,2022-11-02,2022-11-05,725,lv,48.3,48.4,1.4
2022,S,NH,Senate,Data for Progress,,2022-11-02,2022-11-05,1995,lv,50.0,47.0,2.6
2022,S,NH,Senate,Phillips Academy,,2022-11-05,2022-11-06,1056,lv,48.3,44.7,1.7
2022,S,NH,Senate,U. New Hampshire,,2022-11-02,2022-11-06,2077,lv,50.0,48.0,2.6
2022,S,NV,Senate,VCreek/AMG,R,2021-08-09,2021-08-14,567,rv,32.0,42.0,1.1
2022,S,NV,Senate,WPAi,R,2021-09-11,2021-09-15,504,lv,37.0,39.0,1.7
2022,S,NV,Senate,Mellman,,2021-09-15,2021-09-22,600,lv,45.5,41.2,1.2
2022,S,NV,Senate,NRSC,,2021-11-14,2021-11-17,571,lv,42.0,46.0,1.2
2022,S,NV,Senate,Trafalgar Group,R,2021-11-24,2021-11-29,1034,lv,40.9,44.1,0.7
2022,S,NV,Senate,OH Predictive Insights / MBQF,,2022-01-19,2022-01-26,755,rv,44.0,35.0,2.4
2022,S,NV,Senate,Blueprint Polling,,2022-03-21,2022-03-24,671,lv,40.3,46.9,2.4
2022,S,NV,Senate,Suffolk,,2022-04-02,2022-04-06,500,lv,40.0,43.4,2.9
2022,S,NV,Senate,OH Predictive Insights / MBQF,,2022-04-01,2022-04-09,748,rv,43.0,35.0,2.4
2022,S,NV,Senate,McLaughlin,R,2022-04-18,2022-04-20,600,lv,46.0,47.0,0.5
2022,S,NV,Senate,University of Nevada,,2022-05-17,2022-05-27,1098,a,48.0,27.0,1.4
2022,S,NV,Senate,Change Research,D,2022-06-24,2022-06-27,701,rv,46.0,43.0,1.4
2022,S,NV,Senate,Emerson,,2022-07-07,2022-07-10,2000,rv,44.1,40.8,2.9
2022,S,NV,Senate,Beacon Research,,2022-07-05,2022-07-20,479,rv,49.0,39.0,0.9
2022,S,NV,Senate,Beacon Research,,2022-07-05,2022-07-20,301,lv,51.0,45.0,0.9
2022,S,NV,Senate,Suffolk,,2022-08-14,2022-08-17,500,lv,44.6,38.2,2.9
2022,S,NV,Senate,Trafalgar Group,R,2022-08-15,2022-08-18,1082,lv,44.3,46.7,0.7
2022,S,NV,Senate,Fabrizio/Impact,,2022-08-16,2022-08-24,500,lv,44.0,40.0,1.7
2022,S,NV,Senate,Fabrizio/Impact,,2022-08-16,2022-08-24,500,lv,48.0,47.0,1.7
2022,S,NV,Senate,Emerson,,2022-09-08,2022-09-10,1000,lv,41.3,41.8,2.9
2022,S,NV,Senate,Data for Progress,,2022-09-14,2022-09-19,874,lv,46.0,47.0,2.6
2022,S,NV,Senate,InsiderAdvantage,,2022-09-20,2022-09-20,500,lv,43.0,45.9,2.0
2022,S,NV,Senate,WPAi,R,2022-09-18,2022-09-20,500,lv,42.0,39.0,1.7
2022,S,NV,Senate,Trafalgar Group,R,2022-09-17,2022-09-20,1086,lv,43.1,47.1,0.7
2022,S,NV,Senate,OH Predictive Insights / MBQF,,2022-09-20,2022-09-29,741,lv,43.0,45.0,2.4
2022,S,NV,Senate,CNN/SSRS,,2022-09-26,2022-10-02,828,lv,46.0,48.0,2.8
2022,S,NV,Senate,CNN/SSRS,,2022-09-26,2022-10-02,926,rv,47.0,44.0,2.8
2022,S,NV,Senate,WPAi,R,2022-10-02,2022-10-04,500,lv,44.0,42.0,1.7
2022,S,NV,Senate,Suffolk,,2022-10-04,2022-10-07,500,lv,45.6,43.6,2.9
2022,S,NV,Senate,Rasmussen,R,2022-10-13,2022-10-17,707,lv,43.0,48.0,2.1
2022,S,NV,Senate,WPAi,R,2022-10-16,2022-10-18,500,lv,43.0,45.0,1.7
2022,S,NV,Senate,YouGov,,2022-10-14,2022-10-19,1057,lv,48.0,49.0,3.0
2022,S,NV,Senate,Data for Progress,,2022-10-13,2022-10-19,819,lv,48.0,49.0,2.6
2022,S,NV,Senate,BSP Research/Shaw & Company,,2022-10-12,2022-10-19,1000,rv,44.0,42.0,2.0
2022,S,NV,Senate,BSP Research/Shaw & Company,,2022-10-12,2022-10-19,721,lv,47.0,45.0,2.0
2022,S,NV,Senate,University of Nevada,,2022-10-05,2022-10-19,586,lv,52.0,39.0,1.4
2022,S,NV,Senate,InsiderAdvantage,,2022-10-20,2022-10-20,550,lv,46.3,48.2,2.0
2022,S,NV,Senate,Hart Research Associates,D,2022-10-19,2022-10-22,501,lv,47.0,46.0,1.0
2022,S,NV,Senate,Phillips Academy,,2022-10-22,2022-10-23,1052,lv,48.9,47.2,1.7
2022,S,NV,Senate,Siena/NYT,,2022-10-19,2022-10-24,885,lv,47.0,47.0,3.0
2022,S,NV,Senate,Trafalgar Group,R,2022-10-23,2022-10-25,1100,lv,45.6,49.8,0.7
2022,S,NV,Senate,Echelon Insights,,2022-10-24,2022-10-26,500,lv,45.0,45.0,2.7
2022,S,NV,Senate,Echelon Insights,,2022-10-24,2022-10-26,500,lv,46.0,48.0,2.7
2022,S,NV,Senate,OH Predictive Insights / MBQF,,2022-10-24,2022-10-27,600,lv,43.0,41.0,2.4
2022,S,NV,Senate,Susquehanna,,2022-10-24,2022-10-27,500,lv,42.5,48.1,2.3
2022,S,NV,Senate,Suffolk,,2022-10-24,2022-10-28,500,lv,45.0,44.0,2.9
2022,S,NV,Senate,Emerson,,2022-10-26,2022-10-29,2000,lv,45.8,51.0,2.9
2022,S,NV,Senate,Cygnal,,2022-11-01,2022-11-02,600,lv,43.3,45.8,2.1
2022,S,NV,Senate,KAConsulting LLC,R,2022-11-02,2022-11-03,501,lv,45.0,44.0,1.5
2022,S,NV,Senate,InsiderAdvantage,,2022-11-04,2022-11-04,550,lv,43.8,49.8,2.0
2022,S,NV,Senate,Research Co.,,2022-11-04,2022-11-06,450,lv,48.0,49.0,2.4
2022,S,NV,Senate,Data for Progress,,2022-11-02,2022-11-06,1100,lv,47.0,49.0,2.6
2022,S,NV,Senate,Trafalgar Group,R,2022-11-05,2022-11-07,1089,lv,45.4,50.3,0.7
2022,S,NY,Senate,Emerson,,2022-07-26,2022-07-28,1000,lv,53.2,31.0,2.9
2022,S,NY,Senate,Siena,,2022-07-24,2022-07-28,806,lv,56.0,35.0,2.7
2022,S,NY,Senate,McLaughlin,R,2022-08-07,2022-08-09,600,lv,51.0,36.0,0.5
2022,S,NY,Senate,Emerson,,2022-09-04,2022-09-06,1000,lv,55.0,30.8,2.9
2022,S,NY,Senate,Siena,,2022-09-16,2022-09-25,655,lv,55.0,36.0,2.7
2022,S,NY,Senate,Marist College,,2022-10-03,2022-10-06,1117,rv,54.0,34.0,2.9
2022,S,NY,Senate,Siena,,2022-10-12,2022-10-14,707,lv,57.0,37.0,2.7
2022,S,NY,Senate,Quinnipiac,,2022-10-12,2022-10-16,1617,lv,54.0,42.0,2.8
2022,S,NY,Senate,SurveyUSA,,2022-10-14,2022-10-18,702,lv,52.0,38.0,2.8
2022,S,NY,Senate,Emerson,,2022-10-20,2022-10-24,1000,lv,52.8,39.6,2.9
2022,S,NY,Senate,Civiqs,,2022-10-22,2022-10-25,593,lv,56.0,41.0,2.4
2022,S,NY,Senate,Long Island University,,2022-10-24,2022-10-26,1001,a,54.0,27.0,1.1
2022,S,NY,Senate,Data for Progress,,2022-10-26,2022-10-28,818,lv,56.0,39.0,2.6
2022,S,NY,Senate,KAConsulting LLC,R,2022-10-27,2022-10-29,501,lv,50.0,38.0,1.5
2022,S,NY,Senate,Emerson,,2022-10-28,2022-10-31,1000,lv,57.0,38.5,2.9
2022,S,NY,Senate,Trafalgar Group,R,2022-10-27,2022-10-31,1198,lv,50.6,40.0,0.7
2022,S,NY,Senate,Research Co.,,2022-11-04,2022-11-06,450,lv,59.0,39.0,2.4
2022,S,NY,Senate,ActiVote,,2022-08-08,2022-11-06,279,lv,60.0,40.0,
2022,S,OH,Senate,PPP,D,2021-03-18,2021-03-19,700,v,37.0,39.0,1.4
2022,S,OH,Senate,Redfield & Wilton Strategies,,2021-08-20,2021-08-24,1200,rv,36.0,33.0,1.8
2022,S,OH,Senate,Redfield & Wilton Strategies,,2021-08-20,2021-08-24,1200,lv,37.0,36.0,1.8
2022,S,OH,Senate,Center Street PAC,D,2022-05-11,2022-05-13,1174,a,37.0,37.0,1.0
2022,S,OH,Senate,Center Street PAC,D,2022-05-11,2022-05-13,938,rv,39.0,40.0,1.0
2022,S,OH,Senate,Center Street PAC,D,2022-05-11,2022-05-13,495,lv,43.0,48.0,1.0
2022,S,OH,Senate,Suffolk,,2022-05-22,2022-05-24,500,lv,39.4,41.6,2.9
2022,S,OH,Senate,Impact Research,D,2022-06-27,2022-06-30,816,lv,48.0,46.0,1.5
2022,S,OH,Senate,Center Street PAC,D,2022-07-01,2022-07-03,1199,a,41.0,36.0,1.0
2022,S,OH,Senate,Center Street PAC,D,2022-07-01,2022-07-03,989,rv,44.0,37.0,1.0
2022,S,OH,Senate,Center Street PAC,D,2022-07-01,2022-07-03,528,lv,46.0,43.0,1.0
2022,S,OH,Senate,PEM Management Corporation,R,2022-07-22,2022-07-24,300,lv,44.0,37.7,
2022,S,OH,Senate,Impact Research,D,2022-07-21,2022-07-28,800,lv,48.0,45.0,1.5
2022,S,OH,Senate,Center Street PAC,D,2022-08-01,2022-08-03,516,lv,49.0,38.0,1.0
2022,S,OH,Senate,Center Street PAC,D,2022-08-01,2022-08-03,1180,a,42.0,32.0,1.0
2022,S,OH,Senate,Center Street PAC,D,2022-08-01,2022-08-03,974,rv,44.0,33.0,1.0
2022,S,OH,Senate,Emerson,,2022-08-15,2022-08-16,925,lv,41.6,44.7,2.9
2022,S,OH,Senate,Trafalgar Group,R,2022-08-16,2022-08-18,1087,lv,44.9,49.5,0.7
2022,S,OH,Senate,Impact Research,D,2022-08-17,2022-08-23,800,lv,50.0,47.0,1.5
2022,S,OH,Senate,Center Street PAC,D,2022-08-31,2022-09-02,987,rv,44.0,35.0,1.0
2022,S,OH,Senate,Center Street PAC,D,2022-08-31,2022-09-02,519,lv,48.0,39.0,1.0
2022,S,OH,Senate,Suffolk,,2022-09-05,2022-09-07,500,lv,46.6,45.6,2.9
2022,S,OH,Senate,Change Research,D,2022-09-02,2022-09-07,1209,lv,47.0,42.0,1.4
2022,S,OH,Senate,Echelon Insights,,2022-08-31,2022-09-07,831,lv,45.0,39.0,2.7
2022,S,OH,Senate,Fallon Research & Communications,R,2022-09-06,2022-09-11,600,rv,46.1,43.1,
2022,S,OH,Senate,Emerson,,2022-09-12,2022-09-13,1000,lv,40.1,44.4,2.9
2022,S,OH,Senate,Civiqs,,2022-09-10,2022-09-13,780,lv,45.0,48.0,2.4
2022,S,OH,Senate,Marist College,,2022-09-12,2022-09-15,1200,rv,45.0,46.0,2.9
2022,S,OH,Senate,Baldwin Wallace University,,2022-09-12,2022-09-15,855,lv,48.2,45.1,2.1
2022,S,OH,Senate,Siena,,2022-09-18,2022-09-22,642,lv,46.0,43.0,2.7
2022,S,OH,Senate,Center Street PAC,D,2022-10-02,2022-10-03,528,lv,49.0,38.0,1.0
2022,S,OH,Senate,Center Street PAC,D,2022-10-02,2022-10-03,950,rv,43.0,35.0,1.0
2022,S,OH,Senate,Emerson,,2022-10-06,2022-10-07,1000,lv,44.7,45.5,2.9
2022,S,OH,Senate,Cygnal,,2022-10-06,2022-10-08,640,lv,44.4,46.3,2.1
2022,S,OH,Senate,Trafalgar Group,R,2022-10-10,2022-10-12,1081,lv,43.8,47.3,0.7
2022,S,OH,Senate,Data for Progress,,2022-10-07,2022-10-12,1016,lv,46.0,49.0,2.6
2022,S,OH,Senate,Cygnal,,2022-10-10,2022-10-14,1400,lv,42.8,45.8,2.1
2022,S,OH,Senate,Suffolk,,2022-10-11,2022-10-15,500,lv,45.0,47.0,2.9
2022,S,OH,Senate,Ohio Northern University Institute for Civics and Public Policy,,2022-10-11,2022-10-15,668,lv,43.12,41.19,1.5
2022,S,OH,Senate,Redfield & Wilton Strategies,,2022-10-16,2022-10-16,800,rv,43.0,40.0,1.8
2022,S,OH,Senate,Redfield & Wilton Strategies,,2022-10-16,2022-10-16,568,lv,43.0,47.0,1.8
2022,S,OH,Senate,Cygnal,,2022-10-12,2022-10-16,1400,lv,43.1,46.5,2.1
2022,S,OH,Senate,Cygnal,,2022-10-14,2022-10-18,1438,lv,43.2,47.3,2.1
2022,S,OH,Senate,Siena,,2022-10-14,2022-10-19,644,lv,46.0,46.0,2.7
2022,S,OH,Senate,Marist College,,2022-10-17,2022-10-20,1141,rv,45.0,46.0,2.9
2022,S,OH,Senate,Cygnal,,2022-10-16,2022-10-20,1540,lv,44.0,47.0,2.1
2022,S,OH,Senate,Cygnal,,2022-10-18,2022-10-22,1547,lv,43.3,46.9,2.1
2022,S,OH,Senate,Baldwin Wallace University,,2022-10-20,2022-10-23,1068,lv,50.2,46.0,2.1
2022,S,OH,Senate,Cygnal,,2022-10-20,2022-10-24,1886,lv,44.2,48.3,2.1
2022,S,OH,Senate,Center Street PAC,D,2022-10-24,2022-10-26,946,rv,42.0,40.0,1.0
2022,S,OH,Senate,Center Street PAC,D,2022-10-24,2022-10-26,508,lv,47.0,42.0,1.0
2022,S,OH,Senate,Cygnal,,2022-10-22,2022-10-26,1817,lv,43.7,48.7,2.1
2022,S,OH,Senate,Cygnal,,2022-10-24,2022-10-28,1776,lv,43.1,47.7,2.1
2022,S,OH,Senate,Cygnal,,2022-10-26,2022-10-30,1510,lv,43.7,48.2,2.1
2022,S,OH,Senate,Emerson,,2022-10-30,2022-11-01,1000,lv,43.8,52.7,2.9
2022,S,OH,Senate,Cygnal,,2022-10-29,2022-11-01,1520,lv,44.1,48.7,2.1
2022,S,OH,Senate,Remington,,2022-11-01,2022-11-02,1125,lv,43.0,48.0,2.6
2022,S,OH,Senate,Cygnal,,2022-11-01,2022-11-03,1498,lv,43.1,49.3,2.1
2022,S,OH,Senate,Trafalgar Group,R,2022-11-03,2022-11-05,1123,lv,43.5,53.9,0.7
2022,S,OH,Senate,Data for Progress,,2022-11-02,2022-11-05,1413,lv,45.0,55.0,2.6
2022,S,OH,Senate,Research Co.,,2022-11-04,2022-11-06,450,lv,46.0,54.0,2.4
2022,S,OH,Senate,Targoz Market Research,,2022-11-02,2022-11-06,814,rv,43.0,44.0,1.8
2022,S,OH,Senate,Targoz Market Research,,2022-11-02,2022-11-06,505,lv,45.0,52.0,1.8
2022,S,OH,Senate,Civiqs,,2022-11-04,2022-11-07,716,lv,46.0,51.0,2.4
2022,S,OK,Senate,SoonerPoll.com,,2022-09-02,2022-09-07,402,lv,35.4,52.1,1.8
2022,S,OK,Senate,Echelon Insights,,2022-08-31,2022-09-07,522,lv,29.0,59.0,2.7
2022,S,OK,Senate,Bruno Political Consulting,,2022-09-15,2022-09-18,2989,lv,26.68,49.12,
2022,S,OK,Senate,Amber Integrated,,2022-09-19,2022-09-21,500,lv,34.0,52.0,1.5
2022,S,OK,Senate,SoonerPoll.com,,2022-10-04,2022-10-06,301,lv,40.4,51.7,1.8
2022,S,OK,Senate,Ascend Action,,2022-10-10,2022-10-12,638,lv,37.0,51.0,0.7
2022,S,OK,Senate,Amber Integrated,,2022-10-13,2022-10-15,500,lv,36.0,52.0,1.5
2022,S,OK,Senate,Amber Integrated,,2022-10-26,2022-10-28,501,lv,38.0,52.0,1.5
2022,S,OK,Senate,Emerson,,2022-10-25,2022-10-28,1000,lv,34.2,61.5,2.9
2022,S,OK,Senate,Ascend Action,,2022-10-24,2022-10-28,749,lv,34.0,51.0,0.7
2022,S,OK,Senate,Ascend Action,,2022-11-05,2022-11-06,682,lv,36.0,56.0,0.7
2022,S,OK,Senate Special,SoonerPoll.com,,2022-09-02,2022-09-07,402,lv,39.9,51.9,1.8
2022,S,OK,Senate Special,Echelon Insights,,2022-08-31,2022-09-07,522,lv,28.0,58.0,2.7
2022,S,OK,Senate Special,Bruno Political Consulting,,2022-09-15,2022-09-18,2989,lv,37.09,49.17,
2022,S,OK,Senate Special,Amber Integrated,,2022-09-19,2022-09-21,500,lv,39.0,50.0,1.5
2022,S,OK,Senate Special,SoonerPoll.com,,2022-10-04,2022-10-06,301,lv,42.0,50.7,1.8
2022,S,OK,Senate Special,Ascend Action,,2022-10-10,2022-10-12,638,lv,39.0,50.0,0.7
2022,S,OK,Senate Special,Amber Integrated,,2022-10-13,2022-10-15,500,lv,39.0,52.0,1.5
2022,S,OK,Senate Special,Amber Integrated,,2022-10-26,2022-10-28,501,lv,41.0,52.0,1.5
2022,S,OK,Senate Special,Emerson,,2022-10-25,2022-10-28,1000,lv,36.3,58.9,2.9
2022,S,OK,Senate Special,Ascend Action,,2022-10-24,2022-10-28,749,lv,41.0,47.0,0.7
2022,S,OK,Senate Special,Ascend Action,,2022-11-05,2022-11-06,682,lv,41.0,53.0,0.7
2022,S,OR,Senate,Emerson,,2022-09-30,2022-10-01,796,lv,51.1,31.6,2.9
2022,S,OR,Senate,Data for Progress,,2022-10-16,2022-10-18,1021,lv,51.0,40.0,2.6
2022,S,OR,Senate,Civiqs,,2022-10-15,2022-10-18,804,lv,55.0,38.0,2.4
2022,S,OR,Senate,Emerson,,2022-10-31,2022-11-01,975,lv,50.6,33.6,2.9
2022,S,OR,Senate,Data for Progress,,2022-11-01,2022-11-06,1393,lv,56.0,42.0,2.6
2022,S,PA,Senate,Data for Progress,D,2021-12-03,2021-12-05,581,lv,44.0,42.0,2.6
2022,S,PA,Senate,Cygnal,,2022-06-17,2022-06-19,535,lv,48.2,43.8,2.1
2022,S,PA,Senate,Fabrizio/Impact,,2022-06-12,2022-06-19,500,lv,50.0,44.0,1.7
2022,S,PA,Senate,Global Strategy Group,D,2022-07-14,2022-07-19,1200,rv,51.0,40.0,1.8
2022,S,PA,Senate,Beacon Research,,2022-07-05,2022-07-20,1012,rv,47.0,34.0,0.9
2022,S,PA,Senate,Beacon Research,,2022-07-05,2022-07-20,609,lv,50.0,39.0,0.9
2022,S,PA,Senate,Blueprint Polling,,2022-07-19,2022-07-21,712,lv,48.9,39.6,2.4
2022,S,PA,Senate,PEM Management Corporation,R,2022-07-22,2022-07-24,300,lv,43.7,37.7,
2022,S,PA,Senate,Center Street PAC,D,2022-07-29,2022-08-01,1206,a,47.0,30.0,1.0
2022,S,PA,Senate,Center Street PAC,D,2022-07-29,2022-08-01,997,rv,48.0,32.0,1.0
2022,S,PA,Senate,Center Street PAC,D,2022-07-29,2022-08-01,516,lv,52.0,38.0,1.0
2022,S,PA,Senate,Public Opinion Strategies,,2022-08-07,2022-08-10,600,rv,51.0,33.0,1.6
2022,S,PA,Senate,Trafalgar Group,R,2022-08-15,2022-08-18,1096,lv,48.4,43.5,0.7
2022,S,PA,Senate,Franklin and Marshall College,,2022-08-15,2022-08-21,522,rv,43.0,30.0,2.4
2022,S,PA,Senate,Emerson,,2022-08-22,2022-08-23,1034,lv,48.4,43.5,2.9
2022,S,PA,Senate,Susquehanna,,2022-08-22,2022-08-29,718,lv,49.0,44.0,2.3
2022,S,PA,Senate,Center Street PAC,D,2022-08-31,2022-09-01,616,lv,55.0,36.0,1.0
2022,S,PA,Senate,Center Street PAC,D,2022-08-31,2022-09-01,1012,rv,51.0,33.0,1.0
2022,S,PA,Senate,RABA Research,,2022-08-31,2022-09-03,679,lv,49.0,40.0,1.3
2022,S,PA,Senate,Echelon Insights,,2022-08-31,2022-09-07,828,lv,57.0,36.0,2.7
2022,S,PA,Senate,YouGov,,2022-09-06,2022-09-12,1188,lv,52.0,47.0,3.0
2022,S,PA,Senate,Trafalgar Group,R,2022-09-13,2022-09-15,1078,lv,47.7,45.9,0.7
2022,S,PA,Senate,Muhlenberg,,2022-09-13,2022-09-16,420,lv,49.0,44.0,2.8
2022,S,PA,Senate,Phillips Academy,,2022-09-16,2022-09-19,759,rv,46.5,44.5,1.7
2022,S,PA,Senate,Marist College,,2022-09-19,2022-09-22,1242,rv,51.0,41.0,2.9
2022,S,PA,Senate,InsiderAdvantage,,2022-09-23,2022-09-24,500,lv,44.8,41.7,2.0
2022,S,PA,Senate,Franklin and Marshall College,,2022-09-19,2022-09-25,517,rv,45.0,42.0,2.4
2022,S,PA,Senate,Emerson,,2022-09-23,2022-09-26,1000,lv,44.6,42.6,2.9
2022,S,PA,Senate,Center Street PAC,D,2022-09-29,2022-09-30,568,lv,55.0,36.0,1.0
2022,S,PA,Senate,Center Street PAC,D,2022-09-29,2022-09-30,971,rv,50.0,34.0,1.0
2022,S,PA,Senate,Suffolk,,2022-09-27,2022-09-30,500,lv,46.4,40.0,2.9
2022,S,PA,Senate,Trafalgar Group,R,2022-10-08,2022-10-11,1078,lv,47.2,44.8,0.7
2022,S,PA,Senate,Patriot Polling,,2022-10-10,2022-10-12,857,rv,46.0,47.6,1.1
2022,S,PA,Senate,Fabrizio/Impact,,2022-10-04,2022-10-12,1400,lv,48.0,46.0,1.7
2022,S,PA,Senate,Wick,,2022-10-08,2022-10-13,1013,lv,44.6,49.1,1.4
2022,S,PA,Senate,CNN/SSRS,,2022-10-13,2022-10-17,901,rv,52.0,41.0,2.8
2022,S,PA,Senate,CNN/SSRS,,2022-10-13,2022-10-17,703,lv,51.0,45.0,2.8
2022,S,PA,Senate,InsiderAdvantage,,2022-10-19,2022-10-19,550,lv,46.3,45.5,2.0
2022,S,PA,Senate,Hart Research Associates,D,2022-10-17,2022-10-19,504,lv,46.0,44.0,1.0
2022,S,PA,Senate,Rasmussen,,2022-10-19,2022-10-20,972,lv,45.0,43.0,2.1
2022,S,PA,Senate,Echelon Insights,,2022-10-18,2022-10-20,500,rv,46.0,43.0,2.7
2022,S,PA,Senate,Franklin and Marshall College,,2022-10-14,2022-10-23,384,lv,49.0,45.0,2.4
2022,S,PA,Senate,Franklin and Marshall College,,2022-10-14,2022-10-23,620,rv,48.0,43.0,2.4
2022,S,PA,Senate,YouGov,,2022-10-21,2022-10-24,1084,lv,51.0,49.0,3.0
2022,S,PA,Senate,InsiderAdvantage,,2022-10-26,2022-10-26,750,lv,44.8,47.5,2.0
2022,S,PA,Senate,Siena/NYT,,2022-10-24,2022-10-26,620,lv,49.0,44.0,3.0
2022,S,PA,Senate,YouGov,,2022-10-11,2022-10-26,850,lv,48.1,42.4,3.0
2022,S,PA,Senate,Wick,,2022-10-26,2022-10-27,1000,lv,45.9,47.6,1.4
2022,S,PA,Senate,co/efficient,R,2022-10-26,2022-10-28,1716,lv,45.0,48.0,1.1
2022,S,PA,Senate,Muhlenberg,,2022-10-24,2022-10-28,460,lv,47.0,47.0,2.8
2022,S,PA,Senate,Suffolk,,2022-10-27,2022-10-30,500,lv,46.6,44.8,2.9
2022,S,PA,Senate,Emerson,,2022-10-28,2022-10-31,1000,lv,47.3,48.4,2.9
2022,S,PA,Senate,Susquehanna,,2022-10-28,2022-11-01,700,lv,46.6,47.6,2.3
2022,S,PA,Senate,Remington,,2022-11-01,2022-11-02,1180,lv,44.0,47.0,2.6
2022,S,PA,Senate,Marist College,,2022-10-31,2022-11-02,1152,rv,50.0,44.0,2.9
2022,S,PA,Senate,InsiderAdvantage,,2022-11-03,2022-11-03,750,lv,46.0,48.3,2.0
2022,S,PA,Senate,Trafalgar Group,R,2022-11-01,2022-11-03,1097,lv,45.5,47.7,0.7
2022,S,PA,Senate,Patriot Polling,,2022-11-02,2022-11-05,846,rv,46.1,49.4,1.1
2022,S,PA,Senate,Research Co.,,2022-11-04,2022-11-06,450,lv,49.0,48.0,2.4
2022,S,PA,Senate,Targoz Market Research,,2022-11-02,2022-11-06,904,rv,47.0,41.0,1.8
2022,S,PA,Senate,Targoz Market Research,,2022-11-02,2022-11-06,631,lv,46.0,51.0,1.8
2022,S,PA,Senate,The Political Matrix/The Listener Group,,2022-11-05,2022-11-07,800,lv,53.0,47.0,0.7
2022,S,SC,Senate,Echelon Insights,,2022-08-31,2022-09-07,600,lv,37.0,54.0,2.7
2022,S,SD,Senate,Moore Information,R,2022-03-14,2022-03-19,400,rv,24.0,59.0,0.6
2022,S,SD,Senate,Lake Research,D,2022-09-06,2022-09-11,400,lv,33.0,46.0,1.2
2022,S,SD,Senate,South Dakota State University,,2022-09-28,2022-10-10,565,rv,28.0,53.0,
2022,S,SD,Senate,Emerson,,2022-10-19,2022-10-21,1500,lv,27.0,58.0,2.9
2022,S,VT,Senate,Trafalgar Group,R,2022-09-03,2022-09-07,1072,lv,49.7,43.2,0.7
2022,S,VT,Senate,U. New Hampshire,,2022-09-29,2022-10-03,765,lv,62.0,28.0,2.6
2022,S,VT,Senate,Data for Progress,,2022-10-21,2022-10-26,1039,lv,63.0,32.0,2.6
2022,S,WA,Senate,PPP,D,2021-05-25,2021-05-26,992,lv,53.0,37.0,1.4
2022,S,WA,Senate,SurveyUSA,,2021-10-25,2021-10-28,542,rv,49.0,31.0,2.8
2022,S,WA,Senate,PPP,D,2021-11-10,2021-11-11,909,lv,50.0,37.0,1.4
2022,S,WA,Senate,PPP,D,2022-02-17,2022-02-18,700,lv,50.0,41.0,1.4
2022,S,WA,Senate,PPP,D,2022-06-01,2022-06-02,1039,lv,51.0,40.0,1.4
2022,S,WA,Senate,Tarrance,R,2022-06-14,2022-06-19,600,lv,48.0,43.0,1.6
2022,S,WA,Senate,SurveyUSA,,2022-07-06,2022-07-10,596,lv,51.0,33.0,2.8
2022,S,WA,Senate,Elway,,2022-07-07,2022-07-11,400,rv,53.0,33.0,1.9
2022,S,WA,Senate,McLaughlin,R,2022-08-15,2022-08-17,500,lv,49.1,43.0,0.5
2022,S,WA,Senate,Trafalgar Group,R,2022-08-30,2022-09-01,1087,lv,49.2,46.3,0.7
2022,S,WA,Senate,PPP,,2022-09-06,2022-09-07,620,v,48.0,39.0,1.4
2022,S,WA,Senate,Elway,,2022-09-12,2022-09-15,403,lv,50.0,37.0,1.9
2022,S,WA,Senate,Trafalgar Group,R,2022-09-21,2022-09-24,1091,lv,48.7,46.5,0.7
2022,S,WA,Senate,Strategies 360,,2022-09-23,2022-09-26,500,rv,50.0,36.0,1.3
2022,S,WA,Senate,Strategies 360,,2022-09-23,2022-09-26,370,lv,52.0,40.0,1.3
2022,S,WA,Senate,OnMessage Inc.,R,2022-09-20,2022-09-27,600,lv,46.0,42.0,1.1
2022,S,WA,Senate,PPP,,2022-09-27,2022-09-28,770,v,52.0,40.0,1.4
2022,S,WA,Senate,Emerson,,2022-09-30,2022-10-01,782,lv,50.7,41.9,2.9
2022,S,WA,Senate,Civiqs,,2022-10-15,2022-10-18,698,lv,55.0,41.0,2.4
2022,S,WA,Senate,SurveyUSA,,2022-10-14,2022-10-19,589,lv,49.0,41.0,2.8
2022,S,WA,Senate,PPP,D,2022-10-19,2022-10-20,782,lv,52.0,42.0,1.4
2022,S,WA,Senate,co/efficient,R,2022-10-19,2022-10-20,1181,lv,48.0,45.0,1.1
2022,S,WA,Senate,KAConsulting LLC,R,2022-10-20,2022-10-22,500,lv,48.0,42.0,1.5
2022,S,WA,Senate,Moore Information,R,2022-10-20,2022-10-22,500,lv,46.0,46.0,0.6
2022,S,WA,Senate,Triton Polling & Research,,2022-10-26,2022-10-27,506,lv,50.6,45.4,
2022,S,WA,Senate,Trafalgar Group,R,2022-10-25,2022-10-28,1207,lv,49.4,48.2,0.7
2022,S,WA,Senate,InsiderAdvantage,,2022-10-31,2022-10-31,550,lv,48.0,46.4,2.0
2022,S,WA,Senate,Moore Information,R,2022-11-03,2022-11-05,500,lv,47.0,47.4,0.6
2022,S,WI,Senate,Clarity,D,2021-09-08,2021-09-11,756,lv,43.0,43.0,1.6
2022,S,WI,Senate,Marquette Law School,,2022-06-14,2022-06-20,803,rv,46.0,44.0,3.0
2022,S,WI,Senate,Marquette Law School,,2022-08-10,2022-08-15,811,rv,51.0,44.0,3.0
2022,S,WI,Senate,Marquette Law School,,2022-08-10,2022-08-15,614,lv,52.0,45.0,3.0
2022,S,WI,Senate,Beacon/Shaw,,2022-08-12,2022-08-16,1006,rv,50.0,46.0,2.8
2022,S,WI,Senate,Trafalgar Group,R,2022-08-22,2022-08-25,1091,lv,49.4,47.1,0.7
2022,S,WI,Senate,Marquette Law School,,2022-09-06,2022-09-11,632,lv,48.0,49.0,3.0
2022,S,WI,Senate,Marquette Law School,,2022-09-06,2022-09-11,801,rv,47.0,48.0,3.0
2022,S,WI,Senate,OnMessage Inc.,R,2022-09-11,2022-09-13,800,lv,45.0,49.0,1.1
2022,S,WI,Senate,Civiqs,,2022-09-10,2022-09-13,780,lv,48.0,49.0,2.4
2022,S,WI,Senate,Siena,,2022-09-14,2022-09-15,651,lv,48.0,47.0,2.7
2022,S,WI,Senate,Emerson,,2022-09-16,2022-09-18,860,lv,44.1,47.7,2.9
2022,S,WI,Senate,Trafalgar Group,R,2022-09-15,2022-09-19,1087,lv,46.5,48.7,0.7
2022,S,WI,Senate,Data for Progress,,2022-09-20,2022-09-23,999,lv,48.0,50.0,2.6
2022,S,WI,Senate,Fabrizio/Impact,,2022-09-18,2022-09-25,500,lv,46.0,51.0,1.7
2022,S,WI,Senate,Beacon/Shaw,,2022-09-22,2022-09-26,1012,rv,44.0,48.0,2.8
2022,S,WI,Senate,PPP,,2022-09-26,2022-09-27,574,v,47.0,47.0,1.4
2022,S,WI,Senate,YouGov,,2022-10-03,2022-10-07,1137,lv,49.0,50.0,3.0
2022,S,WI,Senate,Marquette Law School,,2022-10-03,2022-10-09,652,lv,46.0,52.0,3.0
2022,S,WI,Senate,Marquette Law School,,2022-10-03,2022-10-09,801,rv,47.0,47.0,3.0
2022,S,WI,Senate,Clarity,D,2022-10-07,2022-10-11,874,lv,48.0,47.0,1.6
2022,S,WI,Senate,Hart Research Associates,D,2022-10-11,2022-10-15,502,lv,46.0,48.0,1.0
2022,S,WI,Senate,CNN/SSRS,,2022-10-13,2022-10-17,905,rv,48.0,45.0,2.8
2022,S,WI,Senate,CNN/SSRS,,2022-10-13,2022-10-17,714,lv,49.0,50.0,2.8
2022,S,WI,Senate,Data for Progress,,2022-10-14,2022-10-22,1376,lv,46.0,51.0,2.6
2022,S,WI,Senate,Patriot Polling,,2022-10-20,2022-10-23,801,rv,43.2,51.6,1.1
2022,S,WI,Senate,Emerson,,2022-10-27,2022-10-29,1000,lv,46.4,51.0,2.9
2022,S,WI,Senate,Wick,,2022-10-26,2022-10-30,1089,lv,46.1,50.2,1.4
2022,S,WI,Senate,Beacon/Shaw,,2022-10-26,2022-10-30,1000,rv,45.0,48.0,2.8
2022,S,WI,Senate,Clarity,D,2022-10-27,2022-10-31,888,lv,48.0,46.0,1.6
2022,S,WI,Senate,Siena,,2022-10-27,2022-10-31,655,lv,45.0,47.0,2.7
2022,S,WI,Senate,Marquette Law School,,2022-10-24,2022-11-01,802,rv,45.0,48.0,3.0
2022,S,WI,Senate,Marquette Law School,,2022-10-24,2022-11-01,679,lv,48.0,50.0,3.0
2022,S,WI,Senate,Trafalgar Group,R,2022-11-02,2022-11-04,1095,lv,47.4,50.1,0.7
2022,S,WI,Senate,Data for Progress,,2022-11-02,2022-11-05,1504,lv,47.0,53.0,2.6
2022,S,WI,Senate,Research Co.,,2022-11-04,2022-11-06,450,lv,47.0,53.0,2.4
2022,S,WI,Senate,Civiqs,,2022-11-04,2022-11-07,739,lv,49.0,50.0,2.4
2023,H,RI,House RI-01,Embold Research,,2023-10-12,2023-10-17,386,rv,46.0,35.0,1.4
2023,H,UT,House UT-02,Lighthouse Research,,2023-09-26,2023-10-06,528,rv,34.28,42.8,
2024,G,DE,Governor,University of Delaware,,2024-09-11,2024-09-19,383,lv,51.0,32.3,
2024,G,DE,Governor,Slingshot Strategies,,2024-09-19,2024-09-21,500,rv,52.0,25.0,1.4
2024,G,IN,Governor,PPP,D,2023-08-15,2023-08-16,663,rv,35.0,46.0,1.4
2024,G,IN,Governor,Lake Research,D,2024-08-26,2024-09-02,600,lv,39.0,41.0,1.2
2024,G,IN,Governor,Emerson,,2024-09-12,2024-09-13,1000,lv,34.3,45.3,2.9
2024,G,IN,Governor,GBAO,D,2024-09-19,2024-09-22,600,lv,41.0,44.0,1.2
2024,G,IN,Governor,ARW Strategies,,2024-09-23,2024-09-25,600,lv,37.0,44.0,
2024,G,IN,Governor,ActiVote,,2024-09-03,2024-10-05,400,lv,45.8,54.2,
2024,G,IN,Governor,ActiVote,,2024-10-05,2024-10-28,400,lv,44.3,55.7,
2024,G,MO,Governor,Show Me Victories,,2023-10-26,2023-10-31,407,rv,33.0,38.0,
2024,G,MO,Governor,YouGov,,2024-08-08,2024-08-16,900,lv,41.0,51.0,3.0
2024,G,MO,Governor,Remington,,2024-09-04,2024-09-05,816,lv,34.0,52.0,2.6
2024,G,MO,Governor,Emerson,,2024-09-12,2024-09-13,850,lv,36.0,51.7,2.9
2024,G,MO,Governor,ActiVote,,2024-09-03,2024-10-01,400,lv,40.3,59.7,
2024,G,MO,Governor,Remington,,2024-10-02,2024-10-03,753,lv,41.0,51.0,2.6
2024,G,MO,Governor,ActiVote,,2024-10-11,2024-10-27,400,lv,42.4,57.6,
2024,G,MO,Governor,Remington,,2024-10-28,2024-10-29,721,lv,40.0,51.0,2.6
2024,G,MO,Governor,Research Co.,,2024-11-02,2024-11-03,450,lv,38.0,52.0,2.4
2024,G,MT,Governor,SurveyUSA,,2024-02-12,2024-02-15,549,lv,30.0,52.0,2.8
2024,G,MT,Governor,Public Opinion Strategies,R,2024-06-11,2024-06-13,500,lv,33.0,54.0,1.6
2024,G,MT,Governor,Public Opinion Strategies,R,2024-08-18,2024-08-20,500,lv,34.0,53.0,1.6
2024,G,MT,Governor,Fabrizio/David Binder Research,,2024-08-25,2024-08-29,600,lv,38.0,54.0,
2024,G,MT,Governor,Public Opinion Strategies,R,2024-09-29,2024-10-01,500,lv,36.0,55.0,1.6
2024,G,MT,Governor,Siena/NYT,,2024-10-05,2024-10-08,656,rv,35.0,57.0,3.0
2024,G,MT,Governor,Siena/NYT,,2024-10-05,2024-10-08,656,lv,35.0,57.0,3.0
2024,G,MT,Governor,MSU - Billings,,2024-09-30,2024-10-16,760,a,31.0,50.0,1.5
2024,G,NC,Governor,Meeting Street Insights,R,2022-05-12,2022-05-16,500,rv,42.0,48.0,1.4
2024,G,NC,Governor,PPP,D,2022-10-07,2022-10-08,606,rv,44.0,42.0,1.4
2024,G,NC,Governor,Differentiators,R,2023-01-09,2023-01-12,500,lv,41.6,42.4,
2024,G,NC,Governor,PPP,D,2023-03-02,2023-03-03,704,rv,42.0,44.0,1.4
2024,G,NC,Governor,Change Research,D,2023-05-05,2023-05-08,802,lv,43.0,46.0,1.4
2024,G,NC,Governor,Cygnal,,2023-05-21,2023-05-23,610,lv,40.8,41.5,2.1
2024,G,NC,Governor,Opinion Diagnostics,,2023-06-05,2023-06-07,902,lv,38.1,41.2,
2024,G,NC,Governor,Change Research,D,2023-09-01,2023-09-05,914,lv,38.0,42.0,1.4
2024,G,NC,Governor,Meredith College,,2023-11-01,2023-11-05,755,rv,38.0,36.0,1.6
2024,G,NC,Governor,East Carolina University,,2023-11-29,2023-12-01,915,rv,39.8,44.1,2.6
2024,G,NC,Governor,Meredith College,,2024-01-26,2024-01-31,760,rv,39.0,35.0,1.6
2024,G,NC,Governor,East Carolina University,,2024-02-09,2024-02-12,1207,rv,40.1,40.8,2.6
2024,G,NC,Governor,Change Research,D,2024-02-15,2024-02-19,1622,lv,42.0,43.0,1.4
2024,G,NC,Governor,Cygnal,,2024-03-06,2024-03-07,600,lv,39.0,43.8,2.1
2024,G,NC,Governor,SurveyUSA,,2024-03-03,2024-03-09,598,lv,44.0,42.0,2.8
2024,G,NC,Governor,Marist College,,2024-03-11,2024-03-14,1197,rv,49.0,47.0,2.9
2024,G,NC,Governor,High Point University,,2024-03-22,2024-03-30,1016,a,32.0,30.0,2.5
2024,G,NC,Governor,High Point University,,2024-03-22,2024-03-30,829,rv,37.0,34.0,2.5
2024,G,NC,Governor,Cygnal,,2024-04-07,2024-04-08,600,lv,37.9,39.9,2.1
2024,G,NC,Governor,Quinnipiac,,2024-04-04,2024-04-08,1401,rv,52.0,44.0,2.8
2024,G,NC,Governor,Quinnipiac,,2024-04-04,2024-04-08,1401,rv,48.0,41.0,2.8
2024,G,NC,Governor,Meredith College,,2024-04-11,2024-04-17,711,lv,45.0,36.0,1.6
2024,G,NC,Governor,Meeting Street Insights,R,2024-04-25,2024-04-28,500,rv,44.0,37.0,1.4
2024,G,NC,Governor,Emerson,,2024-04-25,2024-04-29,1000,rv,41.4,41.8,2.9
2024,G,NC,Governor,Cygnal,,2024-05-04,2024-05-05,600,lv,39.1,39.2,2.1
2024,G,NC,Governor,High Point University,,2024-05-02,2024-05-09,1002,a,30.0,35.0,2.5
2024,G,NC,Governor,High Point University,,2024-05-02,2024-05-09,804,rv,34.0,39.0,2.5
2024,G,NC,Governor,Benenson Strategy Group/GS Strategy Group,,2024-05-06,2024-05-13,601,lv,37.0,37.0,
2024,G,NC,Governor,Change Research,D,2024-05-13,2024-05-18,835,lv,44.0,43.0,1.4
2024,G,NC,Governor,North Star Opinion Research,,2024-05-29,2024-06-02,600,lv,42.0,44.0,1.1
2024,G,NC,Governor,East Carolina University,,2024-05-31,2024-06-03,1332,rv,44.0,43.0,2.6
2024,G,NC,Governor,Spry Strategies,,2024-06-07,2024-06-11,600,lv,39.0,43.0,1.5
2024,G,NC,Governor,Expedition Strategies,,2024-06-24,2024-07-08,284,lv,48.0,41.0,1.2
2024,G,NC,Governor,Redfield & Wilton Strategies,,2024-07-16,2024-07-18,461,lv,37.0,36.0,1.8
2024,G,NC,Governor,PPP,D,2024-07-19,2024-07-20,573,rv,48.0,42.0,1.4
2024,G,NC,Governor,Redfield & Wilton Strategies,,2024-07-22,2024-07-24,586,lv,38.0,34.0,1.8
2024,G,NC,Governor,Redfield & Wilton Strategies,,2024-07-31,2024-08-03,714,lv,43.0,38.0,1.8
2024,G,NC,Governor,Cygnal,,2024-08-04,2024-08-05,600,lv,42.6,38.2,2.1
2024,G,NC,Governor,YouGov Blue,D,2024-08-05,2024-08-09,802,rv,46.0,36.0,3.0
2024,G,NC,Governor,Siena/NYT,,2024-08-09,2024-08-14,655,rv,48.0,38.0,3.0
2024,G,NC,Governor,Siena/NYT,,2024-08-09,2024-08-14,655,lv,49.0,39.0,3.0
2024,G,NC,Governor,Redfield & Wilton Strategies,,2024-08-12,2024-08-15,601,lv,45.0,39.0,1.8
2024,G,NC,Governor,SurveyUSA,,2024-08-19,2024-08-21,1053,rv,48.0,34.0,2.8
2024,G,NC,Governor,SurveyUSA,,2024-08-19,2024-08-21,941,lv,50.0,36.0,2.8
2024,G,NC,Governor,Beacon/Shaw,,2024-08-23,2024-08-26,999,rv,54.0,43.0,2.8
2024,G,NC,Governor,ActiVote,,2024-07-26,2024-08-26,400,lv,54.1,45.9,
2024,G,NC,Governor,SoCal Strategies,R,2024-08-26,2024-08-27,612,lv,47.0,37.0,
2024,G,NC,Governor,East Carolina University,,2024-08-26,2024-08-28,920,lv,46.6,40.6,2.6
2024,G,NC,Governor,Emerson,,2024-08-25,2024-08-28,775,lv,46.9,40.6,2.9
2024,G,NC,Governor,Redfield & Wilton Strategies,,2024-08-25,2024-08-28,812,lv,44.0,40.0,1.8
2024,G,NC,Governor,Florida Atlantic University/Mainstreet Research,,2024-09-05,2024-09-06,692,rv,48.0,38.0,
2024,G,NC,Governor,Florida Atlantic University/Mainstreet Research,,2024-09-05,2024-09-06,619,lv,50.0,39.0,
2024,G,NC,Governor,SurveyUSA,,2024-09-04,2024-09-07,676,lv,51.0,37.0,2.8
2024,G,NC,Governor,Quinnipiac,,2024-09-04,2024-09-08,940,lv,51.0,41.0,2.8
2024,G,NC,Governor,Quinnipiac,,2024-09-04,2024-09-08,940,lv,54.0,42.0,2.8
2024,G,NC,Governor,Morning Consult,,2024-08-30,2024-09-08,1369,lv,50.4,36.97,1.9
2024,G,NC,Governor,Redfield & Wilton Strategies,,2024-09-06,2024-09-09,495,lv,42.0,33.0,1.8
2024,G,NC,Governor,Elon U.,,2024-09-04,2024-09-13,800,rv,49.0,35.0,2.5
2024,G,NC,Governor,Cygnal,,2024-09-15,2024-09-16,600,lv,45.5,39.2,2.1
2024,G,NC,Governor,Fabrizio/Impact,,2024-09-11,2024-09-17,600,lv,52.0,42.0,1.7
2024,G,NC,Governor,Victory Insights,,2024-09-16,2024-09-18,600,lv,46.9,41.7,1.3
2024,G,NC,Governor,Emerson,,2024-09-15,2024-09-18,1000,lv,48.2,40.3,2.9
2024,G,NC,Governor,Morning Consult,,2024-09-09,2024-09-18,1314,lv,49.81,36.68,1.9
2024,G,NC,Governor,Meredith College,,2024-09-18,2024-09-20,802,lv,50.0,40.0,1.6
2024,G,NC,Governor,Siena/NYT,,2024-09-17,2024-09-21,682,rv,47.0,36.0,3.0
2024,G,NC,Governor,Siena/NYT,,2024-09-17,2024-09-21,682,lv,47.0,37.0,3.0
2024,G,NC,Governor,Beacon/Shaw,,2024-09-20,2024-09-24,787,lv,56.0,41.0,2.8
2024,G,NC,Governor,Beacon/Shaw,,2024-09-20,2024-09-24,991,rv,56.0,40.0,2.8
2024,G,NC,Governor,Marist College,,2024-09-19,2024-09-24,1507,rv,54.0,42.0,2.9
2024,G,NC,Governor,Marist College,,2024-09-19,2024-09-24,1348,lv,54.0,43.0,2.9
2024,G,NC,Governor,CNN/SSRS,,2024-09-20,2024-09-25,931,lv,53.0,36.0,2.8
2024,G,NC,Governor,AtlasIntel,,2024-09-20,2024-09-25,1173,lv,54.2,37.5,2.7
2024,G,NC,Governor,Benenson Strategy Group/GS Strategy Group,,2024-09-19,2024-09-25,411,lv,59.0,35.0,
2024,G,NC,Governor,East Carolina University,,2024-09-23,2024-09-26,1005,lv,49.7,32.9,2.6
2024,G,NC,Governor,RMG Research,,2024-09-25,2024-09-27,780,lv,53.0,38.0,2.3
2024,G,NC,Governor,Emerson,,2024-09-27,2024-09-28,850,lv,51.7,32.9,2.9
2024,G,NC,Governor,The Washington Post,,2024-09-25,2024-09-29,1001,lv,54.0,38.0,
2024,G,NC,Governor,The Washington Post,,2024-09-25,2024-09-29,1001,rv,53.0,38.0,
2024,G,NC,Governor,Quinnipiac,,2024-09-25,2024-09-29,953,lv,52.0,39.0,2.8
2024,G,NC,Governor,Quinnipiac,,2024-09-25,2024-09-29,953,lv,53.0,41.0,2.8
2024,G,NC,Governor,High Point University,,2024-09-20,2024-09-29,814,rv,51.0,32.0,2.5
2024,G,NC,Governor,High Point University,,2024-09-20,2024-09-29,589,lv,51.0,34.0,2.5
2024,G,NC,Governor,Redfield & Wilton Strategies,,2024-09-27,2024-10-02,753,lv,46.0,36.0,1.8
2024,G,NC,Governor,ActiVote,,2024-09-05,2024-10-05,400,lv,56.5,43.5,
2024,G,NC,Governor,Emerson,,2024-10-05,2024-10-08,1000,lv,49.5,34.4,2.9
2024,G,NC,Governor,Redfield & Wilton Strategies,,2024-10-12,2024-10-14,620,lv,45.0,38.0,1.8
2024,G,NC,Governor,Cygnal,,2024-10-12,2024-10-14,600,lv,49.3,35.8,2.1
2024,G,NC,Governor,Quinnipiac,,2024-10-10,2024-10-14,1031,lv,52.0,40.0,2.8
2024,G,NC,Governor,Quinnipiac,,2024-10-10,2024-10-14,1031,lv,54.0,42.0,2.8
2024,G,NC,Governor,Morning Consult,,2024-10-06,2024-10-15,1072,lv,54.0,32.0,1.9
2024,G,NC,Governor,AtlasIntel,,2024-10-12,2024-10-17,1674,lv,53.7,39.1,2.7
2024,G,NC,Governor,Elon U.,,2024-10-10,2024-10-17,800,rv,52.0,31.0,2.5
2024,G,NC,Governor,Redfield & Wilton Strategies,,2024-10-16,2024-10-18,843,lv,45.0,37.0,1.8
2024,G,NC,Governor,SurveyUSA,,2024-10-17,2024-10-20,1164,rv,50.0,34.0,2.8
2024,G,NC,Governor,SoCal Strategies,R,2024-10-20,2024-10-21,702,lv,55.1,40.3,
2024,G,NC,Governor,Emerson,,2024-10-21,2024-10-22,950,lv,51.2,38.7,2.9
2024,G,NC,Governor,Marist College,,2024-10-17,2024-10-22,1410,rv,55.0,40.0,2.9
2024,G,NC,Governor,Marist College,,2024-10-17,2024-10-22,1226,lv,55.0,41.0,2.9
2024,G,NC,Governor,University of Massachusetts Lowell/YouGov,,2024-10-16,2024-10-23,650,lv,48.0,36.0,2.9
2024,G,NC,Governor,SurveyUSA,,2024-10-23,2024-10-26,853,lv,52.0,37.0,2.8
2024,G,NC,Governor,Beacon/Shaw,,2024-10-24,2024-10-28,872,lv,57.0,41.0,2.8
2024,G,NC,Governor,Beacon/Shaw,,2024-10-24,2024-10-28,1113,rv,59.0,38.0,2.8
2024,G,NC,Governor,CNN/SSRS,,2024-10-23,2024-10-28,750,lv,53.0,37.0,2.8
2024,G,NC,Governor,AtlasIntel,,2024-10-25,2024-10-29,1665,lv,53.8,39.2,2.7
2024,G,NC,Governor,East Carolina University,,2024-10-24,2024-10-29,1250,lv,55.2,39.5,2.6
2024,G,NC,Governor,AtlasIntel,,2024-10-30,2024-10-31,1373,lv,51.5,42.1,2.7
2024,G,NC,Governor,ActiVote,,2024-10-17,2024-10-31,400,lv,57.6,42.4,
2024,G,NC,Governor,Morning Consult,,2024-10-23,2024-11-01,1056,lv,52.1,35.9,1.9
2024,G,NC,Governor,AtlasIntel,,2024-11-01,2024-11-02,1310,lv,52.1,41.0,2.7
2024,G,NC,Governor,Emerson,,2024-10-30,2024-11-02,860,lv,51.6,40.1,2.9
2024,G,NC,Governor,Siena/NYT,,2024-10-25,2024-11-02,1010,rv,56.0,36.0,3.0
2024,G,NC,Governor,Siena/NYT,,2024-10-25,2024-11-02,1010,lv,56.0,38.0,3.0
2024,G,NC,Governor,AtlasIntel,,2024-11-03,2024-11-04,1219,lv,54.0,37.5,2.7
2024,G,ND,Governor,Public Opinion Strategies,,2024-06-15,2024-06-19,500,lv,22.0,61.0,1.6
2024,G,ND,Governor,WPAi,,2024-09-28,2024-09-30,500,lv,24.0,54.0,1.7
2024,G,NH,Governor,Emerson,,2023-08-09,2023-08-11,837,rv,37.1,46.0,2.9
2024,G,NH,Governor,Emerson,,2023-11-10,2023-11-13,917,rv,39.8,43.3,2.9
2024,G,NH,Governor,St. Anselm,,2024-09-11,2024-09-12,2241,lv,43.0,46.0,2.4
2024,G,NH,Governor,U. New Hampshire,,2024-09-12,2024-09-16,1695,lv,47.0,46.0,2.6
2024,G,NH,Governor,St. Anselm,,2024-10-01,2024-10-02,2104,lv,44.0,47.0,2.4
2024,G,NH,Governor,University of Massachusetts Lowell/YouGov,,2024-10-02,2024-10-10,600,lv,41.0,42.0,2.9
2024,G,NH,Governor,Dartmouth Poll,,2024-10-05,2024-10-18,2211,rv,51.1,45.5,
2024,G,NH,Governor,Emerson,,2024-10-21,2024-10-23,915,lv,45.6,49.5,2.9
2024,G,NH,Governor,University of Massachusetts Lowell/YouGov,,2024-10-10,2024-10-23,600,lv,43.0,45.0,2.9
2024,G,NH,Governor,Praecones Analytica,,2024-10-24,2024-10-26,622,rv,48.1,51.9,2.0
2024,G,NH,Governor,St. Anselm,,2024-10-28,2024-10-29,2791,lv,46.0,49.0,2.4
2024,G,NH,Governor,U. New Hampshire,,2024-10-29,2024-11-02,2814,lv,44.0,48.0,2.6
2024,G,NH,Governor,Dartmouth Poll,,2024-11-01,2024-11-03,587,lv,57.7,40.2,
2024,G,UT,Governor,HarrisX,,2024-08-02,2024-08-09,800,rv,19.0,59.0,1.5
2024,G,UT,Governor,HarrisX,,2024-08-02,2024-08-09,800,rv,17.0,56.0,1.5
2024,G,UT,Governor,Lighthouse Research,,2024-08-29,2024-09-04,518,rv,27.0,48.1,
2024,G,UT,Governor,PPP,D,2024-09-27,2024-09-28,612,lv,24.0,35.0,1.4
2024,G,UT,Governor,PPP,D,2024-09-27,2024-09-28,612,lv,32.0,45.0,1.4
2024,G,UT,Governor,Noble Predictive Insights,,2024-10-02,2024-10-07,539,lv,23.0,49.0,2.4
2024,G,UT,Governor,Noble Predictive Insights,,2024-10-02,2024-10-07,539,lv,26.0,54.0,2.4
2024,G,UT,Governor,HarrisX,,2024-10-15,2024-10-19,813,rv,21.0,61.0,1.5
2024,G,UT,Governor,Noble Predictive Insights,,2024-10-25,2024-10-28,695,lv,26.0,43.0,2.4
2024,G,VT,Governor,U. New Hampshire,,2024-08-15,2024-08-19,924,lv,28.0,56.0,2.6
2024,G,VT,Governor,U. New Hampshire,,2024-10-29,2024-11-02,1167,lv,26.0,65.0,2.6
2024,G,WA,Governor,PPP,D,2023-11-14,2023-11-15,700,lv,44.0,46.0,1.4
2024,G,WA,Governor,Echelon Insights,R,2023-12-09,2023-12-13,500,rv,35.0,39.0,2.7
2024,G,WA,Governor,PPP,D,2024-02-13,2024-02-14,789,lv,46.0,42.0,1.4
2024,G,WA,Governor,Echelon Insights,R,2024-03-18,2024-03-21,600,rv,30.0,39.0,2.7
2024,G,WA,Governor,PPP,D,2024-05-15,2024-05-16,615,lv,48.0,42.0,1.4
2024,G,WA,Governor,DHM Research,,2024-07-12,2024-07-17,500,rv,45.0,32.0,2.1
2024,G,WA,Governor,PPP,D,2024-07-24,2024-07-25,581,lv,49.0,43.0,1.4
2024,G,WA,Governor,Cygnal,,2024-08-28,2024-08-30,500,lv,48.0,44.5,2.1
2024,G,WA,Governor,Elway,,2024-09-03,2024-09-06,403,rv,50.0,39.0,1.9
2024,G,WA,Governor,Elway,,2024-10-08,2024-10-12,401,lv,51.0,37.0,1.9
2024,G,WA,Governor,SurveyUSA,,2024-10-09,2024-10-14,703,lv,50.0,34.0,2.8
2024,G,WA,Governor,PPP,D,2024-10-16,2024-10-17,571,lv,48.0,41.0,1.4
2024,G,WA,Governor,ActiVote,,2024-09-14,2024-10-20,400,lv,58.1,41.9,
2024,G,WA,Governor,ActiVote,,2024-10-03,2024-10-29,400,lv,58.6,41.4,
2024,G,WA,Governor,Research Co.,,2024-11-02,2024-11-03,450,lv,54.0,40.0,2.4
2024,G,WV,Governor,Research America,,2024-08-21,2024-08-27,400,rv,35.0,49.0,0.7
2024,H,AK,House AK-01,Data for Progress,,2024-02-23,2024-03-02,1120,lv,50.0,50.0,2.6
2024,H,AK,House AK-01,Cygnal,R,2024-08-30,2024-09-01,400,lv,45.8,45.1,2.1
2024,H,AK,House AK-01,American Viewpoint,R,2024-09-14,2024-09-17,400,lv,40.0,44.0,1.2
2024,H,AK,House AK-01,Cygnal,R,2024-10-14,2024-10-16,400,lv,44.5,49.1,2.1
2024,H,AK,House AK-01,Cygnal,R,2024-10-14,2024-10-16,400,lv,45.5,49.6,2.1
2024,H,AK,House AK-01,Cygnal,R,2024-10-14,2024-10-16,400,lv,47.9,52.1,2.1
2024,H,AL,House AL-02,Strategy Management LLC,R,2024-07-22,2024-07-24,1000,rv,37.04,33.86,
2024,H,AL,House AL-02,Impact Research,D,2024-07-28,2024-08-03,400,lv,51.0,39.0,1.5
2024,H,AL,House AL-02,Schoen Cooperman,D,2024-09-03,2024-09-08,,,49.0,38.0,1.5
2024,H,AL,House AL-02,Schoen Cooperman,D,2024-10-14,2024-10-17,400,lv,49.0,38.0,1.5
2024,H,AL,House AL-02,Montgomery Research,,2024-10-22,2024-10-22,994,rv,50.1,45.5,
2024,H,AZ,House AZ-01,Impact Research,D,2024-08-01,2024-08-04,500,lv,48.0,48.0,1.5
2024,H,AZ,House AZ-01,GBAO,D,2024-08-08,2024-08-13,,lv,48.0,47.0,1.2
2024,H,AZ,House AZ-02,Noble Predictive Insights,,2024-10-08,2024-10-10,414,lv,42.0,42.0,2.4
2024,H,AZ,House AZ-06,Public Opinion Strategies,R,2024-05-28,2024-05-30,300,rv,39.0,50.0,1.6
2024,H,AZ,House AZ-06,Change Research,D,2024-07-09,2024-07-12,855,lv,44.0,43.0,1.4
2024,H,CA,House CA-09,NMB Research,R,2024-02-18,2024-02-20,400,lv,40.0,44.0,1.6
2024,H,CA,House CA-13,USC Dornsife/CSU Long Beach/Cal Poly Pomona,,2024-09-14,2024-09-21,311,lv,46.3,45.2,
2024,H,CA,House CA-22,Change Research,D,2024-08-10,2024-08-17,479,lv,38.0,44.0,1.4
2024,H,CA,House CA-22,"Normington, Petts & Associates",D,2024-08-25,2024-08-27,400,lv,46.0,44.0,0.7
2024,H,CA,House CA-22,USC Dornsife/CSU Long Beach/Cal Poly Pomona,,2024-09-14,2024-09-21,263,lv,47.2,43.7,
2024,H,CA,House CA-22,Emerson,,2024-09-23,2024-09-26,350,lv,45.4,45.0,2.9
2024,H,CA,House CA-22,Emerson,,2024-10-22,2024-10-26,525,lv,46.7,45.0,2.9
2024,H,CA,House CA-27,Impact Research,D,2024-04-12,2024-04-18,650,rv,47.0,44.0,1.5
2024,H,CA,House CA-27,USC Dornsife/CSU Long Beach/Cal Poly Pomona,,2024-09-14,2024-09-21,522,lv,48.2,46.1,
2024,H,CA,House CA-41,David Binder Research,D,2024-05-01,2024-05-06,600,lv,45.0,44.0,1.7
2024,H,CA,House CA-41,RMG Research,,2024-09-05,2024-09-12,450,lv,41.0,35.0,2.3
2024,H,CA,House CA-41,USC Dornsife/CSU Long Beach/Cal Poly Pomona,,2024-09-14,2024-09-21,539,lv,47.4,47.8,
2024,H,CA,House CA-41,Global Strategy Group,D,2024-10-03,2024-10-06,500,lv,45.0,45.0,1.8
2024,H,CA,House CA-45,Tulchin Research,D,2024-05-23,2024-06-02,600,lv,41.0,42.0,0.9
2024,H,CA,House CA-45,"Normington, Petts & Associates",D,2024-07-29,2024-07-31,500,lv,47.0,47.0,0.7
2024,H,CA,House CA-45,Tulchin Research,D,2024-09-14,2024-09-19,600,lv,47.0,45.0,0.9
2024,H,CA,House CA-45,USC Dornsife/CSU Long Beach/Cal Poly Pomona,,2024-09-14,2024-09-21,498,lv,47.9,46.1,
2024,H,CA,House CA-45,American Viewpoint,R,2024-10-08,2024-10-10,400,lv,41.0,45.0,1.2
2024,H,CA,House CA-45,"Normington, Petts & Associates",D,2024-10-13,2024-10-15,400,lv,48.0,45.0,0.7
2024,H,CA,House CA-47,PPP,D,2023-06-14,2023-06-15,555,lv,37.0,39.0,1.4
2024,H,CA,House CA-47,USC Dornsife/CSU Long Beach/Cal Poly Pomona,,2024-09-14,2024-09-21,525,lv,45.9,48.6,
2024,H,CA,House CA-47,WPAi,R,2024-09-24,2024-09-25,,,45.0,42.0,1.7
2024,H,CA,House CA-47,WPAi,R,2024-10-17,2024-10-18,401,lv,40.0,43.0,1.7
2024,H,CA,House CA-48,SurveyUSA,,2024-06-14,2024-06-20,625,lv,34.0,56.0,2.8
2024,H,CA,House CA-49,SurveyUSA,,2024-01-09,2024-01-15,650,lv,47.0,34.0,2.8
2024,H,CA,House CA-49,1892 Polling,R,2024-04-09,2024-04-11,400,lv,44.0,42.0,1.3
2024,H,CA,House CA-49,SurveyUSA,,2024-06-05,2024-06-10,559,lv,50.0,40.0,2.8
2024,H,CA,House CA-49,SurveyUSA,,2024-10-02,2024-10-06,617,lv,53.0,41.0,2.8
2024,H,CA,House CA-49,1892 Polling,R,2024-10-05,2024-10-08,400,lv,46.0,45.0,1.3
2024,H,CA,House CA-49,SurveyUSA,,2024-10-25,2024-10-31,574,lv,51.0,38.0,2.8
2024,H,CA,House CA-50,SurveyUSA,,2024-06-24,2024-06-30,601,lv,51.0,33.0,2.8
2024,H,CA,House CA-51,SurveyUSA,,2024-01-26,2024-01-31,562,lv,55.0,34.0,2.8
2024,H,CA,House CA-51,SurveyUSA,,2024-06-10,2024-06-14,557,lv,54.0,32.0,2.8
2024,H,CA,House CA-51,SurveyUSA,,2024-10-23,2024-10-27,521,lv,61.0,25.0,2.8
2024,H,CA,House CA-52,SurveyUSA,,2024-06-20,2024-06-25,507,lv,57.0,25.0,2.8
2024,H,CO,House CO-04,Keating Research,D,2024-04-18,2024-04-24,500,lv,36.0,46.0,1.5
2024,H,CO,House CO-08,OnMessage Inc.,R,2024-04-01,2024-04-04,400,lv,38.0,43.0,1.1
2024,H,CO,House CO-08,Tarrance,R,2024-04-13,2024-04-16,400,lv,41.0,42.0,1.6
2024,H,CO,House CO-08,Colorado Community Research,,2024-09-20,2024-09-25,600,lv,48.0,45.0,
2024,H,CO,House CO-08,Emerson,,2024-09-29,2024-10-01,525,lv,44.0,44.0,2.9
2024,H,CO,House CO-08,Emerson,,2024-10-24,2024-10-26,485,lv,47.5,45.8,2.9
2024,H,CT,House CT-05,Public Opinion Strategies,R,2023-11-11,2023-11-13,400,lv,43.0,41.0,1.6
2024,H,CT,House CT-05,Emerson,,2024-10-09,2024-10-11,725,lv,48.6,45.6,2.9
2024,H,CT,House CT-05,Emerson,,2024-10-24,2024-10-26,620,lv,49.1,45.3,2.9
2024,H,DE,House DE-01,University of Delaware,,2024-09-11,2024-09-19,383,lv,52.0,30.9,
2024,H,FL,House FL-04,U. North Florida,,2024-10-18,2024-10-19,337,lv,41.0,48.0,2.8
2024,H,FL,House FL-13,GQR,D,2024-05-14,2024-05-20,401,rv,46.0,51.0,2.0
2024,H,FL,House FL-13,St. Pete Polls,,2024-08-27,2024-08-27,843,lv,47.8,44.3,2.4
2024,H,FL,House FL-13,WPAi,R,2024-08-28,2024-08-29,400,lv,43.0,48.0,1.7
2024,H,FL,House FL-13,WPAi,R,2024-10-06,2024-10-07,403,lv,45.0,51.0,1.7
2024,H,FL,House FL-13,St. Pete Polls,,2024-10-20,2024-10-20,905,lv,45.9,45.9,2.4
2024,H,FL,House FL-15,Change Research,D,2024-07-17,2024-07-19,511,lv,41.0,44.0,1.4
2024,H,FL,House FL-28,Change Research,D,2023-10-13,2023-10-17,500,lv,32.0,45.0,1.4
2024,H,GA,House GA-02,co/efficient,R,2024-10-03,2024-10-04,847,lv,45.0,42.0,1.1
2024,H,GA,House GA-02,PPP,D,2024-10-17,2024-10-18,400,lv,51.0,40.0,1.4
2024,H,IA,House IA-01,RMG Research,,2023-11-28,2023-12-02,448,lv,35.0,38.0,2.3
2024,H,IA,House IA-01,"Normington, Petts & Associates",D,2024-08-27,2024-08-29,400,lv,47.0,47.0,0.7
2024,H,IA,House IA-01,DCCC Targeting Team,D,2024-09-30,2024-10-01,625,lv,50.0,46.0,1.1
2024,H,IA,House IA-03,GQR,D,2024-06-24,2024-06-27,550,lv,43.0,43.0,2.0
2024,H,IA,House IA-03,RMG Research,,2024-09-05,2024-09-12,483,lv,42.0,39.0,2.3
2024,H,IA,House IA-03,GQR,D,2024-09-19,2024-09-22,400,lv,50.0,46.0,2.0
2024,H,IL,House IL-11,Cygnal,R,2024-07-02,2024-07-03,309,lv,41.0,34.3,2.1
2024,H,IL,House IL-17,M3 Strategies,,2024-11-01,2024-11-03,753,lv,52.3,46.6,
2024,H,MD,House MD-06,Public Opinion Strategies,R,2024-08-06,2024-08-11,400,lv,42.0,40.0,1.6
2024,H,MD,House MD-06,Gonzales Research & Media Services,,2024-08-24,2024-08-31,317,rv,39.1,41.3,1.2
2024,H,ME,House ME-01,Pan Atlantic Research,,2024-09-05,2024-09-15,414,lv,53.0,28.0,2.1
2024,H,ME,House ME-01,Digital Research,,2024-09-10,2024-10-07,303,rv,56.0,16.0,1.4
2024,H,ME,House ME-01,SurveyUSA,,2024-10-24,2024-10-29,482,lv,60.0,28.0,2.8
2024,H,ME,House ME-01,U. New Hampshire,,2024-10-29,2024-11-02,801,lv,56.0,28.0,2.6
2024,H,ME,House ME-02,Axis Research,R,2024-07-23,2024-07-25,,,50.0,40.0,
2024,H,ME,House ME-02,Pan Atlantic Research,,2024-09-05,2024-09-15,398,lv,44.0,47.0,2.1
2024,H,ME,House ME-02,Axis Research,R,2024-10-03,2024-10-06,,,47.0,45.0,
2024,H,ME,House ME-02,Digital Research,,2024-09-10,2024-10-07,301,rv,38.0,38.0,1.4
2024,H,ME,House ME-02,Axis Research,R,2024-10-17,2024-10-20,411,lv,45.0,47.0,
2024,H,ME,House ME-02,SurveyUSA,,2024-10-24,2024-10-29,484,lv,53.0,41.0,2.8
2024,H,ME,House ME-02,U. New Hampshire,,2024-10-29,2024-11-02,683,lv,45.0,44.0,2.6
2024,H,MI,House MI-07,Cygnal,R,2024-02-20,2024-02-21,415,lv,36.9,44.2,2.1
2024,H,MI,House MI-07,Noble Predictive Insights,,2024-07-08,2024-07-11,532,lv,41.0,48.0,2.4
2024,H,MI,House MI-07,Cygnal,R,2024-08-28,2024-08-29,420,lv,42.8,48.3,2.1
2024,H,MI,House MI-07,Cygnal,R,2024-10-06,2024-10-08,405,lv,43.4,47.1,2.1
2024,H,MI,House MI-07,Emerson,,2024-10-24,2024-10-26,535,lv,44.8,47.3,2.9
2024,H,MI,House MI-08,UpOne Insights,R,2024-06-01,2024-06-04,400,rv,39.0,42.0,
2024,H,MI,House MI-08,Global Strategy Group,D,2024-07-29,2024-08-01,500,lv,44.0,45.0,1.8
2024,H,MI,House MI-08,NMB Research,R,2024-10-13,2024-10-15,400,lv,40.0,41.0,1.6
2024,H,MI,House MI-10,Target Insyght,,2024-07-14,2024-07-15,400,lv,49.0,43.0,1.0
2024,H,MI,House MI-10,Global Strategy Group,D,2024-08-08,2024-08-12,330,lv,44.0,47.0,1.8
2024,H,MI,House MI-10,Glengariff Group Inc.,,2024-10-14,2024-10-16,400,lv,43.6,47.4,1.5
2024,H,MI,House MI-10,DCCC Targeting Team,D,2024-10-15,2024-10-18,388,lv,47.0,47.0,1.1
2024,H,MN,House MN-02,SurveyUSA,,2024-10-07,2024-10-13,556,lv,49.0,41.0,2.8
2024,H,MT,House MT-01,Impact Research,D,2024-08-26,2024-08-29,500,lv,44.0,46.0,1.5
2024,H,MT,House MT-01,Fabrizio/David Binder Research,,2024-08-25,2024-08-29,310,lv,43.0,49.0,
2024,H,MT,House MT-01,DCCC Targeting Team,D,2024-09-11,2024-09-13,864,lv,45.0,46.0,1.1
2024,H,MT,House MT-01,Noble Predictive Insights,,2024-09-11,2024-09-14,432,lv,43.0,47.0,2.4
2024,H,MT,House MT-01,Noble Predictive Insights,,2024-09-11,2024-09-14,432,lv,44.0,49.0,2.4
2024,H,MT,House MT-01,Guidant Polling and Strategy,R,2024-10-13,2024-10-16,400,lv,44.0,52.0,
2024,H,MT,House MT-01,MSU - Billings,,2024-09-30,2024-10-16,326,a,37.0,44.0,1.5
2024,H,MT,House MT-01,Impact Research,D,2024-10-14,2024-10-17,500,lv,45.0,46.0,1.5
2024,H,MT,House MT-02,Fabrizio/David Binder Research,,2024-08-25,2024-08-29,290,lv,31.0,52.0,
2024,H,NC,House NC-01,Noble Predictive Insights,,2024-09-24,2024-09-30,404,lv,42.0,34.0,2.4
2024,H,NC,House NC-01,Noble Predictive Insights,,2024-09-24,2024-09-30,404,lv,42.0,36.0,2.4
2024,H,NC,House NC-01,GQR,D,2024-10-09,2024-10-13,400,lv,50.0,39.0,2.0
2024,H,ND,House ND-01,Public Opinion Strategies,,2024-06-15,2024-06-19,500,lv,25.0,64.0,1.6
2024,H,ND,House ND-01,WPAi,,2024-09-28,2024-09-30,500,lv,28.0,53.0,1.7
2024,H,NE,House NE-01,YouGov,,2024-10-21,2024-10-28,406,lv,39.0,53.0,3.0
2024,H,NE,House NE-02,Global Strategy Group,D,2024-02-20,2024-02-25,500,rv,46.0,43.0,1.8
2024,H,NE,House NE-02,Global Strategy Group,D,2024-06-25,2024-06-30,700,lv,46.0,44.0,1.8
2024,H,NE,House NE-02,Torchlight Strategies,R,2024-07-08,2024-07-11,300,lv,43.0,46.0,
2024,H,NE,House NE-02,GQR,D,2024-07-16,2024-07-21,400,lv,49.0,45.0,2.0
2024,H,NE,House NE-02,Remington,,2024-08-14,2024-08-17,656,lv,44.0,46.0,2.6
2024,H,NE,House NE-02,Change Research,D,2024-08-10,2024-08-17,437,lv,48.0,43.0,1.4
2024,H,NE,House NE-02,SurveyUSA,,2024-08-23,2024-08-27,507,rv,46.0,40.0,2.8
2024,H,NE,House NE-02,Global Strategy Group,D,2024-09-09,2024-09-13,600,lv,49.0,45.0,1.8
2024,H,NE,House NE-02,Change Research,D,2024-09-16,2024-09-23,548,lv,49.0,41.0,1.4
2024,H,NE,House NE-02,CNN/SSRS,,2024-09-20,2024-09-25,749,lv,50.0,44.0,2.8
2024,H,NE,House NE-02,Siena/NYT,,2024-09-24,2024-09-26,663,rv,48.0,44.0,3.0
2024,H,NE,House NE-02,Siena/NYT,,2024-09-24,2024-09-26,663,lv,49.0,46.0,3.0
2024,H,NE,House NE-02,YouGov,,2024-10-21,2024-10-28,389,lv,50.0,46.0,3.0
2024,H,NE,House NE-03,YouGov,,2024-10-21,2024-10-28,404,lv,22.0,68.0,3.0
2024,H,NH,House NH-01,St. Anselm,,2024-09-11,2024-09-12,1130,lv,50.0,38.0,2.4
2024,H,NH,House NH-01,U. New Hampshire,,2024-09-12,2024-09-16,773,lv,52.0,35.0,2.6
2024,H,NH,House NH-01,Cygnal,R,2024-09-26,2024-09-28,406,lv,46.4,42.4,2.1
2024,H,NH,House NH-01,St. Anselm,,2024-10-01,2024-10-02,1099,lv,50.0,41.0,2.4
2024,H,NH,House NH-01,Dartmouth Poll,,2024-10-05,2024-10-18,977,rv,56.8,41.0,
2024,H,NH,House NH-01,St. Anselm,,2024-10-28,2024-10-29,1407,lv,50.0,43.0,2.4
2024,H,NH,House NH-01,U. New Hampshire,,2024-10-29,2024-11-02,1433,lv,51.0,39.0,2.6
2024,H,NH,House NH-01,Dartmouth Poll,,2024-11-01,2024-11-03,253,lv,62.2,34.3,
2024,H,NH,House NH-02,St. Anselm,,2024-09-11,2024-09-12,1111,lv,49.0,38.0,2.4
2024,H,NH,House NH-02,U. New Hampshire,,2024-09-12,2024-09-16,785,lv,49.0,38.0,2.6
2024,H,NH,House NH-02,St. Anselm,,2024-10-01,2024-10-02,1005,lv,50.0,38.0,2.4
2024,H,NH,House NH-02,Dartmouth Poll,,2024-10-05,2024-10-18,1206,rv,59.4,38.2,
2024,H,NH,House NH-02,St. Anselm,,2024-10-28,2024-10-29,1384,lv,51.0,43.0,2.4
2024,H,NH,House NH-02,U. New Hampshire,,2024-10-29,2024-11-02,1359,lv,53.0,39.0,2.6
2024,H,NH,House NH-02,Dartmouth Poll,,2024-11-01,2024-11-03,329,lv,64.1,33.6,
2024,H,NJ,House NJ-02,Global Strategy Group,D,2024-08-05,2024-08-08,400,lv,42.0,50.0,1.8
2024,H,NJ,House NJ-07,Global Strategy Group,D,2024-09-30,2024-10-03,500,lv,45.0,47.0,1.8
2024,H,NJ,House NJ-07,DCCC Targeting Team,D,2024-10-08,2024-10-09,386,lv,48.0,50.0,1.1
2024,H,NJ,House NJ-07,Monmouth,,2024-10-10,2024-10-14,603,rv,44.0,46.0,2.9
2024,H,NM,House NM-01,Emerson,,2024-08-20,2024-08-22,344,rv,51.0,36.7,2.9
2024,H,NM,House NM-01,Research & Polling,,2024-10-10,2024-10-18,360,lv,53.0,36.0,2.1
2024,H,NM,House NM-02,SurveyUSA,,2023-09-06,2023-09-12,541,lv,45.0,46.0,2.8
2024,H,NM,House NM-02,Tarrance,R,2024-07-11,2024-07-14,400,lv,46.0,48.0,1.6
2024,H,NM,House NM-02,Emerson,,2024-08-20,2024-08-22,283,rv,50.3,40.5,2.9
2024,H,NM,House NM-02,SurveyUSA,,2024-09-26,2024-09-30,582,lv,51.0,42.0,2.8
2024,H,NM,House NM-02,Research & Polling,,2024-10-10,2024-10-18,414,lv,49.0,45.0,2.1
2024,H,NM,House NM-03,Emerson,,2024-08-20,2024-08-22,339,rv,51.8,39.4,2.9
2024,H,NM,House NM-03,Research & Polling,,2024-10-10,2024-10-18,344,lv,52.0,35.0,2.1
2024,H,NV,House NV-01,Emerson,,2024-08-25,2024-08-28,280,lv,46.7,31.7,2.9
2024,H,NV,House NV-03,Emerson,,2024-08-25,2024-08-28,298,lv,47.4,34.6,2.9
2024,H,NV,House NV-04,Emerson,,2024-08-25,2024-08-28,281,lv,45.7,36.1,2.9
2024,H,NY,House NY-01,Fabrizio,R,2024-09-26,2024-09-29,400,lv,42.0,50.0,1.7
2024,H,NY,House NY-01,Cygnal,R,2024-09-29,2024-10-01,400,lv,39.6,49.2,2.1
2024,H,NY,House NY-01,Siena,,2024-10-13,2024-10-17,526,lv,44.0,47.0,2.7
2024,H,NY,House NY-03,Emerson,,2024-01-13,2024-01-15,975,rv,45.2,41.5,2.9
2024,H,NY,House NY-03,Emerson,,2024-02-04,2024-02-05,742,lv,51.9,48.1,2.9
2024,H,NY,House NY-03,Siena,,2024-02-03,2024-02-06,694,lv,48.0,44.0,2.7
2024,H,NY,House NY-03,J.L. Partners,,2024-02-10,2024-02-12,500,lv,46.0,45.0,1.6
2024,H,NY,House NY-03,McLaughlin,R,2024-07-23,2024-07-25,400,lv,51.0,37.0,0.5
2024,H,NY,House NY-04,McLaughlin,R,2024-05-21,2024-05-23,400,lv,38.0,45.0,0.5
2024,H,NY,House NY-04,Change Research,D,2024-07-09,2024-07-12,713,lv,46.0,39.0,1.4
2024,H,NY,House NY-04,McLaughlin,R,2024-08-11,2024-08-13,400,lv,42.0,48.0,0.5
2024,H,NY,House NY-04,GQR,D,2024-08-26,2024-08-30,400,lv,50.0,47.0,2.0
2024,H,NY,House NY-04,Siena,,2024-10-13,2024-10-17,532,lv,53.0,41.0,2.7
2024,H,NY,House NY-04,Gotham Polling & Analytics,,2024-10-11,2024-10-19,734,lv,45.0,46.0,
2024,H,NY,House NY-17,EMC Research,D,2023-05-04,2023-05-07,300,lv,48.0,50.0,0.9
2024,H,NY,House NY-17,GBAO,D,2024-08-08,2024-08-12,500,lv,40.0,47.0,1.2
2024,H,NY,House NY-17,Change Research,D,2024-08-10,2024-08-17,433,lv,38.0,43.0,1.4
2024,H,NY,House NY-17,GBAO,D,2024-09-15,2024-09-18,500,lv,43.0,46.0,1.2
2024,H,NY,House NY-17,GBAO,D,2024-09-15,2024-09-18,500,lv,45.0,47.0,1.2
2024,H,NY,House NY-17,Emerson,,2024-10-01,2024-10-03,630,lv,44.1,45.1,2.9
2024,H,NY,House NY-17,Emerson,,2024-10-24,2024-10-26,475,lv,44.0,48.6,2.9
2024,H,NY,House NY-18,Cygnal,R,2023-08-01,2023-08-03,400,lv,43.0,43.0,2.1
2024,H,NY,House NY-18,Emerson,,2024-10-01,2024-10-03,630,lv,47.5,42.7,2.9
2024,H,NY,House NY-18,Emerson,,2024-10-24,2024-10-26,450,lv,51.3,41.6,2.9
2024,H,NY,House NY-19,Cygnal,R,2024-07-09,2024-07-11,420,rv,38.0,47.0,2.1
2024,H,NY,House NY-19,RMG Research,,2024-09-05,2024-09-12,461,lv,42.0,39.0,2.3
2024,H,NY,House NY-19,Garin Hart Yang,D,2024-10-09,2024-10-13,801,lv,48.0,45.0,1.0
2024,H,NY,House NY-19,SurveyUSA,,2024-10-11,2024-10-16,561,lv,46.0,42.0,2.8
2024,H,NY,House NY-22,GQR,D,2024-07-09,2024-07-15,400,lv,50.0,43.0,2.0
2024,H,NY,House NY-22,McLaughlin,R,2024-10-15,2024-10-17,400,lv,46.0,46.0,0.5
2024,H,OH,House OH-09,Noble Predictive Insights,,2024-07-22,2024-07-24,435,lv,47.0,37.0,2.4
2024,H,OH,House OH-13,Cygnal,R,2024-07-28,2024-07-30,400,lv,43.7,39.9,2.1
2024,H,OH,House OH-13,co/efficient,R,2024-10-22,2024-10-24,707,lv,45.0,46.0,1.1
2024,H,OR,House OR-05,Noble Predictive Insights,,2024-08-26,2024-08-28,419,lv,43.0,42.0,2.4
2024,H,OR,House OR-05,brilliant corners Research & Strategies,D,2024-09-16,2024-09-18,502,lv,47.0,45.0,1.0
2024,H,OR,House OR-06,Cygnal,R,2024-08-07,2024-08-09,516,lv,44.8,42.5,2.1
2024,H,PA,House PA-01,Grassroots Targeting,R,2024-05-14,2024-05-20,1200,lv,36.0,51.0,
2024,H,PA,House PA-01,Upswing Research,D,2024-06-12,2024-06-16,400,lv,45.0,47.0,
2024,H,PA,House PA-01,Public Opinion Strategies,R,2024-09-07,2024-09-09,400,rv,40.0,54.0,1.6
2024,H,PA,House PA-01,Upswing Research,D,2024-09-04,2024-09-10,400,lv,45.0,50.0,
2024,H,PA,House PA-07,Tarrance,R,2024-07-21,2024-07-24,404,lv,47.0,45.0,1.6
2024,H,PA,House PA-07,Change Research,D,2024-08-10,2024-08-17,406,lv,47.0,43.0,1.4
2024,H,PA,House PA-07,Change Research,D,2024-09-16,2024-09-23,592,lv,47.0,43.0,1.4
2024,H,PA,House PA-07,Muhlenberg,,2024-09-30,2024-10-03,459,lv,51.0,45.0,2.8
2024,H,PA,House PA-08,Noble Predictive Insights,,2024-10-23,2024-10-25,406,lv,50.0,43.0,2.4
2024,H,PA,House PA-10,PPP,D,2024-04-24,2024-04-25,532,lv,43.0,45.0,1.4
2024,H,PA,House PA-10,"Normington, Petts & Associates",D,2024-05-21,2024-05-23,400,lv,48.0,51.0,0.7
2024,H,PA,House PA-10,Franklin and Marshall College,,2024-05-28,2024-06-02,397,rv,44.0,45.0,2.4
2024,H,PA,House PA-10,Upswing Research,D,2024-07-30,2024-08-02,600,lv,48.0,47.0,
2024,H,PA,House PA-10,Susquehanna,,2024-10-04,2024-10-07,300,lv,48.0,39.0,2.3
2024,H,PA,House PA-17,Change Research,D,2024-08-10,2024-08-17,543,lv,48.0,40.0,1.4
2024,H,PA,House PA-17,Change Research,D,2024-09-16,2024-09-23,495,lv,46.0,42.0,1.4
2024,H,RI,House RI-01,Embold Research,,2024-06-05,2024-06-14,,lv,50.0,29.0,1.4
2024,H,RI,House RI-01,Embold Research,,2024-09-16,2024-09-20,,lv,56.0,27.0,1.4
2024,H,RI,House RI-02,Embold Research,,2024-06-05,2024-06-14,,lv,47.0,33.0,1.4
2024,H,RI,House RI-02,Embold Research,,2024-09-16,2024-09-20,,lv,50.0,37.0,1.4
2024,H,SD,House SD-01,Mason-Dixon,,2024-10-12,2024-10-16,500,rv,24.0,61.0,2.6
2024,H,SD,House SD-01,Emerson,,2024-10-19,2024-10-22,825,lv,27.8,63.7,2.9
2024,H,TX,House TX-15,GQR,D,2024-09-18,2024-09-23,400,lv,45.0,48.0,2.0
2024,H,TX,House TX-34,1892 Polling,R,2023-05-24,2023-05-26,439,lv,41.7,42.4,1.3
2024,H,TX,House TX-34,1892 Polling,R,2024-04-11,2024-04-13,400,lv,48.0,45.0,1.3
2024,H,TX,House TX-34,1892 Polling,R,2024-09-28,2024-10-01,400,lv,49.0,46.0,1.3
2024,H,UT,House UT-01,Lighthouse Research,,2024-08-29,2024-09-19,507,rv,27.6,57.8,
2024,H,UT,House UT-02,Lighthouse Research,,2024-08-29,2024-09-19,512,rv,25.4,58.4,
2024,H,UT,House UT-03,Lighthouse Research,,2024-08-29,2024-09-19,504,rv,32.9,61.4,
2024,H,UT,House UT-04,Lighthouse Research,,2024-08-29,2024-09-19,503,rv,28.4,57.9,
2024,H,VA,House VA-02,DCCC Targeting Team,D,2024-05-28,2024-05-30,420,lv,44.0,48.0,1.1
2024,H,VA,House VA-02,Impact Research,D,2024-08-20,2024-08-25,500,lv,47.0,48.0,1.5
2024,H,VA,House VA-02,Christopher Newport U.,,2024-09-06,2024-09-10,792,lv,40.0,45.0,2.8
2024,H,VA,House VA-02,DCCC Targeting Team,D,2024-10-19,2024-10-20,373,lv,47.0,47.0,1.1
2024,H,VA,House VA-02,Christopher Newport U.,,2024-10-11,2024-10-20,800,lv,45.0,46.0,2.8
2024,H,VA,House VA-07,Ragnar Research Partners,R,2024-08-04,2024-08-06,400,rv,42.0,41.0,1.3
2024,H,VA,House VA-07,Ragnar Research Partners,R,2024-09-15,2024-09-17,400,lv,43.0,43.0,1.3
2024,H,VA,House VA-07,Ragnar Research Partners,R,2024-09-29,2024-10-01,400,lv,43.0,42.0,1.3
2024,H,VA,House VA-07,Ragnar Research Partners,R,2024-10-20,2024-10-22,400,lv,44.0,42.0,1.3
2024,H,VT,House VT-01,U. New Hampshire,,2024-08-15,2024-08-19,924,lv,61.0,24.0,2.6
2024,H,VT,House VT-01,U. New Hampshire,,2024-10-29,2024-11-02,1167,lv,62.0,22.0,2.6
2024,H,WA,House WA-03,PPP,D,2024-06-11,2024-06-12,649,lv,45.0,46.0,1.4
2024,H,WA,House WA-03,Cygnal,R,2024-06-20,2024-06-22,400,lv,42.0,42.0,2.1
2024,H,WA,House WA-03,PPP,D,2024-10-01,2024-10-02,624,lv,46.0,46.0,1.4
2024,H,WI,House WI-01,DCCC Targeting Team,D,2024-10-01,2024-10-02,725,lv,46.0,49.0,1.1
2024,H,WI,House WI-01,WPAi,R,2024-10-08,2024-10-10,411,lv,42.0,52.0,1.7
2024,H,WI,House WI-03,GQR,D,2024-06-10,2024-06-16,400,lv,46.0,50.0,2.0
2024,H,WI,House WI-03,GBAO,D,2024-09-08,2024-09-10,400,lv,49.0,47.0,1.2
2024,H,WI,House WI-03,Public Opinion Strategies,R,2024-09-21,2024-09-23,400,lv,44.0,49.0,1.6
2024,H,WI,House WI-03,"Normington, Petts & Associates",D,2024-10-03,2024-10-07,400,lv,49.0,48.0,0.7
2024,S,AZ,Senate,PPP,D,2022-12-19,2022-12-20,678,v,48.0,47.0,1.4
2024,S,AZ,Senate,"Normington, Petts & Associates",D,2023-01-18,2023-01-23,800,lv,50.0,45.0,0.7
2024,S,AZ,Senate,OH Predictive Insights / MBQF,,2023-01-31,2023-02-09,1000,rv,43.0,33.0,2.4
2024,S,AZ,Senate,Noble Predictive Insights,,2023-07-13,2023-07-17,1000,rv,45.0,35.0,2.4
2024,S,AZ,Senate,PPP,D,2023-10-06,2023-10-07,522,lv,48.0,43.0,1.4
2024,S,AZ,Senate,National Research,,2023-10-07,2023-10-09,400,lv,44.0,44.0,2.0
2024,S,AZ,Senate,McLaughlin,R,2023-10-24,2023-10-24,,,49.0,44.0,0.5
2024,S,AZ,Senate,Cygnal,R,2023-10-24,2023-10-25,600,lv,46.0,43.0,2.1
2024,S,AZ,Senate,PPP,D,2024-01-05,2024-01-06,590,v,45.0,46.0,1.4
2024,S,AZ,Senate,J.L. Partners,R,2024-01-29,2024-02-01,500,rv,44.0,46.0,1.6
2024,S,AZ,Senate,Noble Predictive Insights,,2024-02-06,2024-02-13,1002,rv,47.0,37.0,2.4
2024,S,AZ,Senate,Emerson,,2024-02-16,2024-02-19,1000,rv,45.8,38.8,2.9
2024,S,AZ,Senate,Rasmussen,R,2024-02-21,2024-02-26,1001,lv,42.0,45.0,2.1
2024,S,AZ,Senate,Emerson,,2024-03-12,2024-03-15,1000,rv,50.6,49.4,2.9
2024,S,AZ,Senate,RABA Research,,2024-03-28,2024-03-31,503,rv,36.0,28.0,1.3
2024,S,AZ,Senate,The Tyson Group,,2024-04-10,2024-04-11,600,lv,39.0,34.0,1.1
2024,S,AZ,Senate,Data Orbital,,2024-04-27,2024-04-29,550,lv,48.1,43.9,2.9
2024,S,AZ,Senate,Emerson,,2024-04-25,2024-04-29,1000,rv,45.3,43.1,2.9
2024,S,AZ,Senate,Siena/NYT,,2024-04-28,2024-05-09,626,rv,45.0,41.0,3.0
2024,S,AZ,Senate,Siena/NYT,,2024-04-28,2024-05-09,626,lv,46.0,43.0,3.0
2024,S,AZ,Senate,Benenson Strategy Group/GS Strategy Group,,2024-05-06,2024-05-13,527,lv,46.0,41.0,
2024,S,AZ,Senate,Noble Predictive Insights,,2024-05-07,2024-05-14,1003,rv,46.0,36.0,2.4
2024,S,AZ,Senate,YouGov,,2024-05-10,2024-05-16,1183,lv,49.0,36.0,3.0
2024,S,AZ,Senate,Florida Atlantic University/Mainstreet Research,,2024-05-19,2024-05-21,609,rv,44.1,37.5,
2024,S,AZ,Senate,Florida Atlantic University/Mainstreet Research,,2024-05-19,2024-05-21,501,lv,47.6,39.3,
2024,S,AZ,Senate,Fabrizio/Impact,,2024-05-28,2024-06-04,600,lv,48.0,45.0,1.7
2024,S,AZ,Senate,Emerson,,2024-06-13,2024-06-18,1000,rv,45.4,40.8,2.9
2024,S,AZ,Senate,North Star Opinion Research,,2024-06-17,2024-06-20,600,lv,39.0,38.0,1.1
2024,S,AZ,Senate,Remington,R,2024-06-29,2024-07-01,638,lv,47.0,47.0,2.6
2024,S,AZ,Senate,Expedition Strategies,,2024-06-24,2024-07-08,268,lv,49.0,45.0,1.2
2024,S,AZ,Senate,J.L. Partners,R,2024-07-10,2024-07-11,513,lv,43.0,44.0,1.6
2024,S,AZ,Senate,PPP,D,2024-07-10,2024-07-11,596,rv,50.0,47.0,1.4
2024,S,AZ,Senate,PPP,D,2024-07-19,2024-07-20,736,rv,49.0,42.0,1.4
2024,S,AZ,Senate,Emerson,,2024-07-22,2024-07-23,800,rv,46.2,42.2,2.9
2024,S,AZ,Senate,Benenson Strategy Group/GS Strategy Group,,2024-07-26,2024-08-02,435,lv,51.0,42.0,
2024,S,AZ,Senate,Redfield & Wilton Strategies,,2024-07-31,2024-08-03,567,lv,42.0,36.0,1.8
2024,S,AZ,Senate,Peak Insights,R,2024-07-31,2024-08-05,800,lv,46.0,46.0,0.6
2024,S,AZ,Senate,HighGround,,2024-07-30,2024-08-05,500,lv,49.6,38.6,1.8
2024,S,AZ,Senate,Redfield & Wilton Strategies,,2024-08-12,2024-08-15,592,lv,44.0,39.0,1.8
2024,S,AZ,Senate,Siena/NYT,,2024-08-08,2024-08-15,677,rv,49.0,41.0,3.0
2024,S,AZ,Senate,Siena/NYT,,2024-08-08,2024-08-15,677,lv,51.0,42.0,3.0
2024,S,AZ,Senate,Noble Predictive Insights,,2024-08-12,2024-08-16,1003,rv,47.0,40.0,2.4
2024,S,AZ,Senate,Beacon/Shaw,,2024-08-23,2024-08-26,1014,rv,56.0,41.0,2.8
2024,S,AZ,Senate,Emerson,,2024-08-25,2024-08-28,720,lv,49.0,42.2,2.9
2024,S,AZ,Senate,Redfield & Wilton Strategies,,2024-08-25,2024-08-28,530,lv,42.0,37.0,1.8
2024,S,AZ,Senate,CNN/SSRS,,2024-08-23,2024-08-29,682,lv,47.0,44.0,2.8
2024,S,AZ,Senate,InsiderAdvantage,,2024-08-29,2024-08-31,800,lv,49.4,44.9,2.0
2024,S,AZ,Senate,U. Arizona/TrueDot,,2024-08-28,2024-08-31,1155,rv,46.6,36.3,
2024,S,AZ,Senate,Morning Consult,,2024-08-30,2024-09-08,901,lv,49.09,41.05,1.9
2024,S,AZ,Senate,Redfield & Wilton Strategies,,2024-09-06,2024-09-09,765,lv,48.0,42.0,1.8
2024,S,AZ,Senate,Trafalgar Group,R,2024-09-11,2024-09-12,1088,lv,47.2,43.0,0.7
2024,S,AZ,Senate,Emerson,,2024-09-15,2024-09-18,868,lv,48.2,42.2,2.9
2024,S,AZ,Senate,Morning Consult,,2024-09-09,2024-09-18,862,lv,52.59,39.03,1.9
2024,S,AZ,Senate,Redfield & Wilton Strategies,,2024-09-16,2024-09-19,789,lv,46.0,41.0,1.8
2024,S,AZ,Senate,Siena/NYT,,2024-09-17,2024-09-21,713,rv,50.0,41.0,3.0
2024,S,AZ,Senate,Siena/NYT,,2024-09-17,2024-09-21,713,lv,49.0,43.0,3.0
2024,S,AZ,Senate,Beacon/Shaw,,2024-09-20,2024-09-24,1021,rv,56.0,42.0,2.8
2024,S,AZ,Senate,Beacon/Shaw,,2024-09-20,2024-09-24,764,lv,55.0,42.0,2.8
2024,S,AZ,Senate,Marist College,,2024-09-19,2024-09-24,1416,rv,53.0,44.0,2.9
2024,S,AZ,Senate,Marist College,,2024-09-19,2024-09-24,1264,lv,54.0,44.0,2.9
2024,S,AZ,Senate,Suffolk,,2024-09-19,2024-09-24,500,lv,46.6,40.6,2.9
2024,S,AZ,Senate,AtlasIntel,,2024-09-20,2024-09-25,946,lv,49.8,45.7,2.7
2024,S,AZ,Senate,Benenson Strategy Group/GS Strategy Group,,2024-09-19,2024-09-25,409,lv,54.0,41.0,
2024,S,AZ,Senate,Emerson,,2024-09-27,2024-09-28,920,lv,52.2,40.8,2.9
2024,S,AZ,Senate,HighGround,,2024-09-26,2024-09-29,500,lv,51.2,41.4,1.8
2024,S,AZ,Senate,National Research,R,2024-09-25,2024-09-29,600,lv,48.0,42.0,2.0
2024,S,AZ,Senate,InsiderAdvantage,,2024-09-29,2024-09-30,800,lv,49.6,43.1,2.0
2024,S,AZ,Senate,Fabrizio/Impact,,2024-09-24,2024-10-01,600,lv,51.0,44.0,1.7
2024,S,AZ,Senate,RMG Research,,2024-09-30,2024-10-02,783,lv,52.0,42.0,2.3
2024,S,AZ,Senate,Redfield & Wilton Strategies,,2024-09-27,2024-10-02,555,lv,48.0,42.0,1.8
2024,S,AZ,Senate,SoCal Strategies,R,2024-10-05,2024-10-07,735,lv,51.3,38.8,
2024,S,AZ,Senate,Emerson,,2024-10-05,2024-10-08,1000,lv,50.0,43.4,2.9
2024,S,AZ,Senate,Siena/NYT,,2024-10-07,2024-10-10,808,lv,48.0,41.0,3.0
2024,S,AZ,Senate,Siena/NYT,,2024-10-07,2024-10-10,808,rv,48.0,39.0,3.0
2024,S,AZ,Senate,ActiVote,,2024-09-08,2024-10-10,400,lv,52.8,47.2,
2024,S,AZ,Senate,Trafalgar Group,R,2024-10-10,2024-10-13,1090,lv,47.6,43.9,0.7
2024,S,AZ,Senate,Redfield & Wilton Strategies,,2024-10-12,2024-10-14,1141,lv,47.0,42.0,1.8
2024,S,AZ,Senate,Morning Consult,,2024-10-06,2024-10-15,653,lv,52.0,40.0,1.9
2024,S,AZ,Senate,YouGov,,2024-10-11,2024-10-16,1403,lv,54.0,45.0,3.0
2024,S,AZ,Senate,AtlasIntel,,2024-10-12,2024-10-17,1440,lv,49.7,46.2,2.7
2024,S,AZ,Senate,Redfield & Wilton Strategies,,2024-10-16,2024-10-18,691,lv,48.0,41.0,1.8
2024,S,AZ,Senate,InsiderAdvantage,,2024-10-19,2024-10-20,800,lv,50.0,45.8,2.0
2024,S,AZ,Senate,HighGround,,2024-10-19,2024-10-20,400,lv,51.7,42.3,1.8
2024,S,AZ,Senate,U. Arizona/TrueDot,,2024-10-12,2024-10-20,846,rv,51.16,35.87,
2024,S,AZ,Senate,Marist College,,2024-10-17,2024-10-22,1329,rv,53.0,45.0,2.9
2024,S,AZ,Senate,Marist College,,2024-10-17,2024-10-22,1193,lv,53.0,45.0,2.9
2024,S,AZ,Senate,Trafalgar Group,R,2024-10-24,2024-10-26,1094,lv,49.7,45.9,0.7
2024,S,AZ,Senate,CNN/SSRS,,2024-10-21,2024-10-26,781,lv,51.0,43.0,2.8
2024,S,AZ,Senate,RABA Research,,2024-10-25,2024-10-27,589,rv,49.0,34.0,1.3
2024,S,AZ,Senate,Mitchell,,2024-10-28,2024-10-28,610,lv,50.0,46.0,2.4
2024,S,AZ,Senate,Mitchell,,2024-10-28,2024-10-28,610,lv,50.0,47.0,2.4
2024,S,AZ,Senate,Data Orbital,,2024-10-26,2024-10-28,550,lv,44.5,45.2,2.9
2024,S,AZ,Senate,AtlasIntel,,2024-10-25,2024-10-29,1458,lv,48.4,47.9,2.7
2024,S,AZ,Senate,Noble Predictive Insights,,2024-10-28,2024-10-30,775,lv,48.0,44.0,2.4
2024,S,AZ,Senate,Data for Progress,,2024-10-25,2024-10-30,1079,lv,50.0,45.0,2.6
2024,S,AZ,Senate,Morning Consult,,2024-10-21,2024-10-30,666,lv,50.0,42.0,1.9
2024,S,AZ,Senate,AtlasIntel,,2024-10-30,2024-10-31,1005,lv,47.9,48.6,2.7
2024,S,AZ,Senate,OnMessage Inc.,,2024-10-29,2024-10-31,800,lv,48.0,48.0,1.1
2024,S,AZ,Senate,YouGov,,2024-10-25,2024-10-31,880,rv,49.0,44.0,3.0
2024,S,AZ,Senate,YouGov,,2024-10-25,2024-10-31,856,lv,49.0,45.0,3.0
2024,S,AZ,Senate,ActiVote,,2024-10-05,2024-10-31,400,lv,54.3,45.7,
2024,S,AZ,Senate,AtlasIntel,,2024-11-01,2024-11-02,967,lv,47.4,49.1,2.7
2024,S,AZ,Senate,InsiderAdvantage,,2024-11-01,2024-11-02,800,lv,49.3,47.2,2.0
2024,S,AZ,Senate,Emerson,,2024-10-30,2024-11-02,900,lv,50.1,45.2,2.9
2024,S,AZ,Senate,Siena/NYT,,2024-10-25,2024-11-02,1025,rv,51.0,43.0,3.0
2024,S,AZ,Senate,Siena/NYT,,2024-10-25,2024-11-02,1025,lv,50.0,45.0,3.0
2024,S,AZ,Senate,Victory Insights,,2024-11-02,2024-11-03,750,lv,49.7,47.0,1.3
2024,S,AZ,Senate,Patriot Polling,,2024-11-01,2024-11-03,801,rv,50.5,48.3,1.1
2024,S,AZ,Senate,Trafalgar Group,R,2024-11-01,2024-11-03,1090,lv,49.0,48.5,0.7
2024,S,AZ,Senate,AtlasIntel,,2024-11-03,2024-11-04,875,lv,47.8,48.4,2.7
2024,S,CA,Senate,UC Berkeley,,2024-02-22,2024-02-26,3304,lv,53.0,38.0,2.5
2024,S,CA,Senate,PPIC,,2024-03-19,2024-03-25,1084,lv,61.0,37.0,2.5
2024,S,CA,Senate,PPIC,,2024-05-23,2024-06-02,1098,lv,62.0,37.0,2.5
2024,S,CA,Senate,PPIC,,2024-06-24,2024-07-02,1261,lv,64.0,33.0,2.5
2024,S,CA,Senate,UC Berkeley,,2024-07-31,2024-08-11,3765,lv,53.0,33.0,2.5
2024,S,CA,Senate,ActiVote,,2024-07-16,2024-08-12,400,lv,66.3,33.7,
2024,S,CA,Senate,Emerson,,2024-09-03,2024-09-05,815,lv,54.7,32.5,2.9
2024,S,CA,Senate,PPIC,,2024-08-29,2024-09-09,1071,lv,63.0,35.0,2.5
2024,S,CA,Senate,ActiVote,,2024-08-13,2024-09-21,400,lv,62.7,37.3,
2024,S,CA,Senate,USC Dornsife/CSU Long Beach/Cal Poly Pomona,,2024-09-12,2024-09-25,1685,lv,56.4,36.5,
2024,S,CA,Senate,UC Berkeley,,2024-09-25,2024-10-01,3045,lv,53.0,36.0,2.5
2024,S,CA,Senate,Emerson,,2024-10-12,2024-10-14,1000,lv,56.2,32.7,2.9
2024,S,CA,Senate,PPIC,,2024-10-07,2024-10-15,1137,lv,63.0,37.0,2.5
2024,S,CA,Senate,YouGov,,2024-10-07,2024-10-17,1139,rv,56.0,35.0,3.0
2024,S,CA,Senate,ActiVote,,2024-10-01,2024-10-18,400,lv,63.4,36.6,
2024,S,CA,Senate,ActiVote,,2024-10-06,2024-10-27,400,lv,61.2,38.8,
2024,S,CA,Senate,UC Berkeley,,2024-10-22,2024-10-29,4341,lv,55.0,34.0,2.5
2024,S,CA,Senate,UC Berkeley,,2024-10-22,2024-10-29,4341,lv,55.0,35.0,2.5
2024,S,CA,Senate,Cygnal,,2024-10-27,2024-10-30,611,lv,60.0,35.8,2.1
2024,S,CA,Senate,Research Co.,,2024-11-02,2024-11-03,450,lv,61.0,35.0,2.4
2024,S,CA,Senate,Research Co.,,2024-11-02,2024-11-03,450,lv,60.0,37.0,2.4
2024,S,CT,Senate,MassINC Polling Group,,2024-09-12,2024-09-18,800,lv,51.0,35.0,2.8
2024,S,DE,Senate,University of Delaware,,2024-09-11,2024-09-19,383,lv,52.1,31.6,
2024,S,FL,Senate,PPP,D,2024-02-29,2024-03-01,790,v,41.0,44.0,1.4
2024,S,FL,Senate,Big Data Poll,,2024-03-08,2024-03-11,1378,rv,35.6,46.9,1.1
2024,S,FL,Senate,Big Data Poll,,2024-03-08,2024-03-11,1318,lv,36.5,48.0,1.1
2024,S,FL,Senate,Ipsos,,2024-04-05,2024-04-07,1014,a,26.0,36.0,2.8
2024,S,FL,Senate,Emerson,,2024-04-09,2024-04-10,1000,rv,38.1,45.4,2.9
2024,S,FL,Senate,Florida Atlantic University/Mainstreet Research,,2024-04-15,2024-04-17,865,rv,35.1,51.5,
2024,S,FL,Senate,Florida Atlantic University/Mainstreet Research,,2024-04-15,2024-04-17,815,lv,35.7,52.9,
2024,S,FL,Senate,Cherry Communications,R,2024-04-28,2024-05-07,609,lv,39.0,54.0,1.0
2024,S,FL,Senate,YouGov,,2024-05-10,2024-05-16,1163,lv,37.0,45.0,3.0
2024,S,FL,Senate,Florida Atlantic University/Mainstreet Research,,2024-06-08,2024-06-09,883,rv,40.0,44.0,
2024,S,FL,Senate,Florida Atlantic University/Mainstreet Research,,2024-06-08,2024-06-09,771,lv,43.0,45.0,
2024,S,FL,Senate,The Tyson Group,,2024-06-06,2024-06-09,1050,lv,33.0,46.0,1.1
2024,S,FL,Senate,Targoz Market Research,,2024-07-19,2024-07-24,1200,rv,41.0,47.0,1.8
2024,S,FL,Senate,Targoz Market Research,,2024-07-19,2024-07-24,988,lv,43.0,49.0,1.8
2024,S,FL,Senate,U. North Florida,,2024-07-24,2024-07-27,774,lv,43.0,47.0,2.8
2024,S,FL,Senate,McLaughlin,,2024-08-06,2024-08-08,800,lv,42.0,52.0,0.5
2024,S,FL,Senate,Florida Atlantic University/Mainstreet Research,,2024-08-10,2024-08-11,1055,rv,43.0,47.0,
2024,S,FL,Senate,Florida Atlantic University/Mainstreet Research,,2024-08-10,2024-08-11,1040,lv,43.0,47.0,
2024,S,FL,Senate,PPP,D,2024-08-21,2024-08-22,837,rv,43.0,46.0,1.4
2024,S,FL,Senate,PPP,D,2024-08-21,2024-08-22,837,rv,45.0,48.0,1.4
2024,S,FL,Senate,Cherry Communications,R,2024-08-15,2024-08-26,600,lv,44.0,51.0,1.0
2024,S,FL,Senate,Redfield & Wilton Strategies,,2024-08-25,2024-08-28,850,lv,40.0,43.0,1.8
2024,S,FL,Senate,Emerson,,2024-09-03,2024-09-05,815,lv,44.8,45.8,2.9
2024,S,FL,Senate,Morning Consult,,2024-08-30,2024-09-08,3182,lv,41.55,46.89,1.9
2024,S,FL,Senate,Redfield & Wilton Strategies,,2024-09-06,2024-09-09,1465,lv,41.0,44.0,1.8
2024,S,FL,Senate,Morning Consult,,2024-09-09,2024-09-18,2948,lv,42.01,46.38,1.9
2024,S,FL,Senate,Redfield & Wilton Strategies,,2024-09-16,2024-09-19,1602,lv,41.0,45.0,1.8
2024,S,FL,Senate,ActiVote,,2024-08-21,2024-09-22,400,lv,46.1,53.9,
2024,S,FL,Senate,Bullfinch,,2024-09-20,2024-09-23,600,rv,44.0,46.0,
2024,S,FL,Senate,McLaughlin,,2024-09-23,2024-09-25,1200,lv,44.0,51.0,0.5
2024,S,FL,Senate,Victory Insights,,2024-09-22,2024-09-25,600,lv,43.8,44.6,1.3
2024,S,FL,Senate,PPP,D,2024-09-25,2024-09-26,808,rv,43.0,44.0,1.4
2024,S,FL,Senate,PPP,D,2024-09-25,2024-09-26,808,rv,44.0,47.0,1.4
2024,S,FL,Senate,RMG Research,,2024-09-25,2024-09-27,774,lv,44.0,50.0,2.3
2024,S,FL,Senate,Redfield & Wilton Strategies,,2024-09-27,2024-10-02,2946,lv,41.0,44.0,1.8
2024,S,FL,Senate,Mason-Dixon,,2024-10-01,2024-10-04,625,lv,41.0,48.0,2.6
2024,S,FL,Senate,Siena/NYT,,2024-09-29,2024-10-06,622,rv,39.0,48.0,3.0
2024,S,FL,Senate,Siena/NYT,,2024-09-29,2024-10-06,622,lv,40.0,49.0,3.0
2024,S,FL,Senate,Marist College,,2024-10-03,2024-10-07,1257,lv,48.0,50.0,2.9
2024,S,FL,Senate,Marist College,,2024-10-03,2024-10-07,1410,rv,48.0,50.0,2.9
2024,S,FL,Senate,Redfield & Wilton Strategies,,2024-10-12,2024-10-14,1009,lv,42.0,45.0,1.8
2024,S,FL,Senate,RMG Research,,2024-10-14,2024-10-17,788,lv,44.0,52.0,2.3
2024,S,FL,Senate,YouGov,,2024-10-07,2024-10-17,1094,rv,45.0,49.0,3.0
2024,S,FL,Senate,Redfield & Wilton Strategies,,2024-10-16,2024-10-18,1275,lv,42.0,45.0,1.8
2024,S,FL,Senate,U. North Florida,,2024-10-07,2024-10-18,977,lv,46.0,49.0,2.8
2024,S,FL,Senate,Emerson,,2024-10-18,2024-10-20,860,lv,47.2,52.8,2.9
2024,S,FL,Senate,Cherry Communications,R,2024-10-10,2024-10-20,614,lv,46.0,51.0,1.0
2024,S,FL,Senate,ActiVote,,2024-09-23,2024-10-20,400,lv,48.1,51.9,
2024,S,FL,Senate,St. Pete Polls,,2024-10-23,2024-10-25,1227,lv,45.6,48.8,2.4
2024,S,FL,Senate,Florida Atlantic University/Mainstreet Research,,2024-10-19,2024-10-27,913,rv,46.0,50.0,
2024,S,FL,Senate,Florida Atlantic University/Mainstreet Research,,2024-10-19,2024-10-27,897,lv,46.0,50.0,
2024,S,FL,Senate,ActiVote,,2024-10-17,2024-10-27,400,lv,44.8,55.2,
2024,S,FL,Senate,Cygnal,,2024-10-26,2024-10-28,600,lv,45.2,49.1,2.1
2024,S,FL,Senate,Stetson University Center for Public Opinion Research,,2024-10-25,2024-11-01,452,lv,45.0,53.0,1.5
2024,S,FL,Senate,Morning Consult,,2024-10-23,2024-11-01,2022,lv,45.0,48.0,1.9
2024,S,FL,Senate,Victory Insights,,2024-11-01,2024-11-02,400,lv,46.6,51.1,1.3
2024,S,FL,Senate,Research Co.,,2024-11-02,2024-11-03,450,lv,43.0,50.0,2.4
2024,S,IN,Senate,Emerson,,2023-10-01,2023-10-04,462,rv,21.5,31.3,2.9
2024,S,IN,Senate,Emerson,,2024-09-12,2024-09-13,1000,lv,33.3,46.6,2.9
2024,S,IN,Senate,ARW Strategies,,2024-09-23,2024-09-25,600,lv,35.0,49.0,
2024,S,IN,Senate,ActiVote,,2024-09-03,2024-10-05,400,lv,43.9,56.1,
2024,S,IN,Senate,ActiVote,,2024-10-05,2024-10-28,400,lv,42.6,57.4,
2024,S,MA,Senate,UMass Amherst/YouGov,,2024-05-17,2024-05-30,700,a,47.0,24.0,
2024,S,MA,Senate,U. New Hampshire,,2024-09-12,2024-09-16,564,lv,58.0,32.0,2.6
2024,S,MA,Senate,MassINC Polling Group,,2024-09-12,2024-09-18,800,lv,56.0,35.0,2.8
2024,S,MA,Senate,Opinion Diagnostics,R,2024-09-19,2024-09-21,638,lv,53.0,32.0,
2024,S,MA,Senate,Suffolk,,2024-10-01,2024-10-05,500,lv,58.6,35.0,2.9
2024,S,MA,Senate,UMass Amherst/YouGov,,2024-10-03,2024-10-10,700,a,56.0,34.0,
2024,S,MA,Senate,Emerson,,2024-10-24,2024-10-26,1000,lv,56.2,35.8,2.9
2024,S,MA,Senate,ActiVote,,2024-10-02,2024-10-30,400,lv,63.1,36.9,
2024,S,MA,Senate,MassINC Polling Group,,2024-10-29,2024-11-01,582,lv,55.0,33.0,2.8
2024,S,MA,Senate,U. New Hampshire,,2024-10-29,2024-11-02,744,lv,60.0,37.0,2.6
2024,S,MD,Senate,Victoria Research,D,2023-11-09,2023-11-13,813,lv,36.0,42.0,1.5
2024,S,MD,Senate,Ragnar Research Partners,R,2024-01-30,2024-02-01,600,lv,29.0,52.0,1.3
2024,S,MD,Senate,Emerson,,2024-02-12,2024-02-13,1000,rv,36.8,44.4,2.9
2024,S,MD,Senate,University of Maryland/Washington Post,,2024-03-05,2024-03-12,1004,rv,36.0,50.0,2.5
2024,S,MD,Senate,Goucher College,,2024-03-19,2024-03-24,800,rv,40.0,44.0,
2024,S,MD,Senate,Opinion Works,,2024-04-07,2024-04-10,1292,lv,36.0,54.0,1.8
2024,S,MD,Senate,PPP,D,2024-05-06,2024-05-07,719,v,46.0,37.0,1.4
2024,S,MD,Senate,Emerson,,2024-05-06,2024-05-08,1115,rv,47.7,37.9,2.9
2024,S,MD,Senate,PPP,,2024-06-19,2024-06-20,635,v,48.0,40.0,1.4
2024,S,MD,Senate,Fabrizio/Impact,,2024-08-14,2024-08-20,600,lv,46.0,46.0,1.7
2024,S,MD,Senate,Gonzales Research & Media Services,,2024-08-24,2024-08-30,820,rv,46.3,41.1,1.2
2024,S,MD,Senate,Morning Consult,,2024-08-30,2024-09-08,640,lv,48.42,42.69,1.9
2024,S,MD,Senate,Emerson,,2024-09-12,2024-09-13,890,lv,49.3,41.9,2.9
2024,S,MD,Senate,PPP,,2024-09-16,2024-09-17,543,v,50.0,33.0,1.4
2024,S,MD,Senate,Morning Consult,,2024-09-09,2024-09-18,578,lv,50.25,38.64,1.9
2024,S,MD,Senate,University of Maryland/Washington Post,,2024-09-19,2024-09-23,1012,lv,51.0,40.0,2.5
2024,S,MD,Senate,University of Maryland/Washington Post,,2024-09-19,2024-09-23,1012,rv,50.0,41.0,2.5
2024,S,MD,Senate,UMBC,,2024-09-23,2024-09-28,863,lv,48.0,39.0,
2024,S,MD,Senate,Morning Consult,,2024-10-06,2024-10-15,490,lv,51.0,38.0,1.9
2024,S,MD,Senate,Emerson,,2024-10-19,2024-10-21,865,lv,56.6,43.4,2.9
2024,S,MD,Senate,University of Maryland/Washington Post,,2024-10-17,2024-10-22,1000,lv,52.0,40.0,2.5
2024,S,MD,Senate,University of Maryland/YouGov,,2024-10-23,2024-10-27,500,lv,57.4,33.9,
2024,S,MD,Senate,Chism Strategies,,2024-10-28,2024-10-30,510,lv,48.3,39.7,2.4
2024,S,MD,Senate,ActiVote,,2024-10-07,2024-10-30,400,lv,56.6,43.4,
2024,S,MD,Senate,Morning Consult,,2024-10-22,2024-10-31,468,lv,49.4,41.8,1.9
2024,S,MD,Senate,Concord Public Opinion Partners,D,2024-11-01,2024-11-03,419,lv,52.0,38.0,1.1
2024,S,ME,Senate,Digital Research,,2024-04-08,2024-04-30,609,rv,12.0,28.0,1.4
2024,S,ME,Senate,U. New Hampshire,,2024-08-15,2024-08-19,951,lv,9.0,33.0,2.6
2024,S,ME,Senate,Pan Atlantic Research,,2024-09-05,2024-09-15,812,lv,8.0,23.0,2.1
2024,S,ME,Senate,SurveyUSA,,2024-10-24,2024-10-29,1079,lv,8.0,28.0,2.8
2024,S,ME,Senate,U. New Hampshire,,2024-10-29,2024-11-02,1485,lv,7.0,35.0,2.6
2024,S,MI,Senate,Mitchell,,2023-07-11,2023-07-13,639,lv,44.0,38.0,2.4
2024,S,MI,Senate,Emerson,,2023-08-01,2023-08-02,1121,rv,44.0,37.7,2.9
2024,S,MI,Senate,EPIC-MRA,,2023-08-06,2023-08-11,600,lv,42.0,37.0,1.9
2024,S,MI,Senate,EPIC-MRA,,2023-11-10,2023-11-16,600,lv,39.0,37.0,1.9
2024,S,MI,Senate,Glengariff Group Inc.,,2024-01-02,2024-01-06,600,lv,38.0,37.0,1.5
2024,S,MI,Senate,EPIC-MRA,,2024-02-13,2024-02-18,600,lv,39.0,38.0,1.9
2024,S,MI,Senate,Mitchell,,2024-03-15,2024-03-16,627,lv,37.0,37.0,2.4
2024,S,MI,Senate,Emerson,,2024-03-14,2024-03-18,1000,rv,41.0,38.8,2.9
2024,S,MI,Senate,Glengariff Group Inc.,,2024-04-24,2024-04-25,600,rv,40.0,37.0,1.5
2024,S,MI,Senate,Emerson,,2024-04-25,2024-04-29,1000,rv,41.6,39.8,2.9
2024,S,MI,Senate,KAConsulting LLC,D,2024-05-15,2024-05-19,600,rv,43.0,37.0,1.5
2024,S,MI,Senate,Mitchell,,2024-05-20,2024-05-21,697,lv,40.0,36.0,2.4
2024,S,MI,Senate,Florida Atlantic University/Mainstreet Research,,2024-05-30,2024-05-31,722,rv,41.0,41.0,
2024,S,MI,Senate,Florida Atlantic University/Mainstreet Research,,2024-05-30,2024-05-31,636,lv,43.0,42.0,
2024,S,MI,Senate,Mitchell,,2024-06-03,2024-06-03,710,lv,36.0,33.0,2.4
2024,S,MI,Senate,Emerson,,2024-06-13,2024-06-18,1000,rv,43.4,38.6,2.9
2024,S,MI,Senate,EPIC-MRA,,2024-06-21,2024-06-26,600,lv,44.0,42.0,1.9
2024,S,MI,Senate,Remington,R,2024-06-29,2024-07-01,584,lv,47.0,43.0,2.6
2024,S,MI,Senate,Expedition Strategies,,2024-06-24,2024-07-08,275,lv,46.0,40.0,1.2
2024,S,MI,Senate,PPP,D,2024-07-11,2024-07-12,568,rv,45.0,35.0,1.4
2024,S,MI,Senate,EPIC-MRA,,2024-07-13,2024-07-17,600,rv,43.0,40.0,1.9
2024,S,MI,Senate,PPP,D,2024-07-17,2024-07-18,650,rv,46.0,38.0,1.4
2024,S,MI,Senate,Emerson,,2024-07-22,2024-07-23,800,rv,44.7,40.6,2.9
2024,S,MI,Senate,Glengariff Group Inc.,,2024-07-22,2024-07-24,600,lv,45.9,41.2,1.5
2024,S,MI,Senate,Beacon/Shaw,,2024-07-22,2024-07-24,1012,rv,51.0,46.0,2.8
2024,S,MI,Senate,Benenson Strategy Group/GS Strategy Group,,2024-07-26,2024-08-02,406,lv,50.0,42.0,
2024,S,MI,Senate,Siena/NYT,,2024-08-05,2024-08-08,619,rv,42.0,41.0,3.0
2024,S,MI,Senate,Siena/NYT,,2024-08-05,2024-08-08,619,lv,46.0,43.0,3.0
2024,S,MI,Senate,Bullfinch,,2024-08-08,2024-08-11,500,rv,48.0,38.0,
2024,S,MI,Senate,Fabrizio/Impact,,2024-08-07,2024-08-11,600,lv,47.0,44.0,1.7
2024,S,MI,Senate,Fabrizio Ward,,2024-08-19,2024-08-21,400,lv,43.0,43.0,1.7
2024,S,MI,Senate,TIPP,,2024-08-20,2024-08-22,1001,rv,47.0,35.0,1.8
2024,S,MI,Senate,TIPP,,2024-08-20,2024-08-22,741,lv,49.0,39.0,1.8
2024,S,MI,Senate,EPIC-MRA,,2024-08-23,2024-08-26,600,lv,46.0,42.0,1.9
2024,S,MI,Senate,Emerson,,2024-08-25,2024-08-28,800,lv,47.3,40.9,2.9
2024,S,MI,Senate,Redfield & Wilton Strategies,,2024-08-25,2024-08-28,761,lv,42.0,35.0,1.8
2024,S,MI,Senate,Glengariff Group Inc.,,2024-08-26,2024-08-29,600,lv,43.5,35.0,1.5
2024,S,MI,Senate,CNN/SSRS,,2024-08-23,2024-08-29,708,lv,47.0,41.0,2.8
2024,S,MI,Senate,Cygnal,,2024-08-28,2024-09-01,600,lv,44.0,43.0,2.1
2024,S,MI,Senate,ActiVote,,2024-08-06,2024-09-05,400,lv,53.2,46.8,
2024,S,MI,Senate,co/efficient,R,2024-09-04,2024-09-06,931,lv,39.0,38.0,1.1
2024,S,MI,Senate,YouGov,,2024-09-03,2024-09-06,1077,lv,48.0,41.0,3.0
2024,S,MI,Senate,Morning Consult,,2024-08-30,2024-09-08,1368,lv,48.69,40.04,1.9
2024,S,MI,Senate,Redfield & Wilton Strategies,,2024-09-06,2024-09-09,556,lv,44.0,39.0,1.8
2024,S,MI,Senate,Quinnipiac,,2024-09-12,2024-09-16,905,lv,51.0,46.0,2.8
2024,S,MI,Senate,Marist College,,2024-09-12,2024-09-17,1282,rv,51.0,45.0,2.9
2024,S,MI,Senate,Marist College,,2024-09-12,2024-09-17,1138,lv,52.0,45.0,2.9
2024,S,MI,Senate,Suffolk,,2024-09-16,2024-09-18,500,lv,44.6,42.6,2.9
2024,S,MI,Senate,Emerson,,2024-09-15,2024-09-18,875,lv,46.6,42.1,2.9
2024,S,MI,Senate,Tarrance,R,2024-09-14,2024-09-18,607,lv,49.0,47.0,1.6
2024,S,MI,Senate,Morning Consult,,2024-09-09,2024-09-18,1297,lv,51.16,37.16,1.9
2024,S,MI,Senate,Redfield & Wilton Strategies,,2024-09-16,2024-09-19,993,lv,46.0,37.0,1.8
2024,S,MI,Senate,Remington,R,2024-09-16,2024-09-20,800,lv,50.0,43.0,2.6
2024,S,MI,Senate,RG Strategies,D,2024-09-19,2024-09-23,400,lv,50.0,45.0,
2024,S,MI,Senate,AtlasIntel,,2024-09-20,2024-09-25,918,lv,43.6,49.3,2.7
2024,S,MI,Senate,Benenson Strategy Group/GS Strategy Group,,2024-09-19,2024-09-25,416,lv,50.0,46.0,
2024,S,MI,Senate,Siena/NYT,,2024-09-21,2024-09-26,688,rv,44.0,40.0,3.0
2024,S,MI,Senate,Siena/NYT,,2024-09-21,2024-09-26,688,lv,47.0,42.0,3.0
2024,S,MI,Senate,RMG Research,,2024-09-24,2024-09-27,789,lv,49.0,43.0,2.3
2024,S,MI,Senate,Mitchell,,2024-09-30,2024-09-30,709,lv,49.0,44.0,2.4
2024,S,MI,Senate,Trafalgar Group,R,2024-09-28,2024-09-30,1086,lv,47.4,47.0,0.7
2024,S,MI,Senate,Redfield & Wilton Strategies,,2024-09-27,2024-10-02,839,lv,45.0,39.0,1.8
2024,S,MI,Senate,Glengariff Group Inc.,,2024-10-01,2024-10-04,600,lv,46.8,43.3,1.5
2024,S,MI,Senate,Research Co.,,2024-10-05,2024-10-07,450,lv,52.0,47.0,2.4
2024,S,MI,Senate,Quinnipiac,,2024-10-03,2024-10-07,1007,lv,48.0,48.0,2.8
2024,S,MI,Senate,Emerson,,2024-10-05,2024-10-08,950,lv,48.7,43.5,2.9
2024,S,MI,Senate,Fabrizio/Impact,,2024-10-02,2024-10-08,600,lv,49.0,46.0,1.7
2024,S,MI,Senate,InsiderAdvantage,,2024-10-08,2024-10-09,800,lv,46.0,45.0,2.0
2024,S,MI,Senate,MRG (Marketing Resource Group),,2024-10-07,2024-10-11,600,lv,46.1,41.2,1.8
2024,S,MI,Senate,SoCal Strategies,R,2024-10-11,2024-10-13,692,lv,48.0,45.0,
2024,S,MI,Senate,Mitchell,,2024-10-14,2024-10-14,589,lv,47.0,43.0,2.4
2024,S,MI,Senate,Redfield & Wilton Strategies,,2024-10-12,2024-10-14,682,lv,44.0,40.0,1.8
2024,S,MI,Senate,Morning Consult,,2024-10-06,2024-10-15,1065,lv,48.0,41.0,1.9
2024,S,MI,Senate,RMG Research,,2024-10-10,2024-10-16,789,lv,49.0,45.0,2.3
2024,S,MI,Senate,AtlasIntel,,2024-10-12,2024-10-17,1529,lv,47.7,48.3,2.7
2024,S,MI,Senate,Bullfinch,,2024-10-11,2024-10-17,600,lv,51.0,42.0,
2024,S,MI,Senate,Redfield & Wilton Strategies,,2024-10-16,2024-10-18,1008,lv,45.0,38.0,1.8
2024,S,MI,Senate,Trafalgar Group,R,2024-10-18,2024-10-20,1090,lv,46.4,45.0,0.7
2024,S,MI,Senate,Quinnipiac,,2024-10-17,2024-10-21,1136,lv,52.0,44.0,2.8
2024,S,MI,Senate,Glengariff Group Inc.,,2024-10-22,2024-10-24,600,lv,46.2,42.5,1.5
2024,S,MI,Senate,University of Massachusetts Lowell/YouGov,,2024-10-16,2024-10-24,600,lv,48.0,39.0,2.9
2024,S,MI,Senate,Patriot Polling,,2024-10-24,2024-10-26,796,rv,51.0,48.0,1.1
2024,S,MI,Senate,InsiderAdvantage,,2024-10-26,2024-10-27,800,lv,48.3,47.7,2.0
2024,S,MI,Senate,Emerson,,2024-10-25,2024-10-27,1000,lv,48.0,45.6,2.9
2024,S,MI,Senate,Suffolk,,2024-10-24,2024-10-27,500,lv,47.2,45.4,2.9
2024,S,MI,Senate,Susquehanna,,2024-10-23,2024-10-27,400,lv,47.7,47.1,2.3
2024,S,MI,Senate,Beacon/Shaw,,2024-10-24,2024-10-28,988,lv,51.0,47.0,2.8
2024,S,MI,Senate,Beacon/Shaw,,2024-10-24,2024-10-28,1275,rv,51.0,46.0,2.8
2024,S,MI,Senate,The Washington Post,,2024-10-24,2024-10-28,1003,lv,48.0,45.0,
2024,S,MI,Senate,The Washington Post,,2024-10-24,2024-10-28,1003,rv,46.0,45.0,
2024,S,MI,Senate,EPIC-MRA,,2024-10-24,2024-10-28,600,lv,47.0,42.0,1.9
2024,S,MI,Senate,CNN/SSRS,,2024-10-23,2024-10-28,726,lv,48.0,42.0,2.8
2024,S,MI,Senate,Mitchell,,2024-10-28,2024-10-29,,lv,47.0,49.0,2.4
2024,S,MI,Senate,Tarrance,R,2024-10-26,2024-10-29,620,lv,48.0,50.0,1.6
2024,S,MI,Senate,AtlasIntel,,2024-10-25,2024-10-29,983,lv,48.9,47.1,2.7
2024,S,MI,Senate,Echelon Insights,,2024-10-27,2024-10-30,600,lv,48.0,46.0,2.7
2024,S,MI,Senate,Marist College,,2024-10-27,2024-10-30,1356,rv,51.0,47.0,2.9
2024,S,MI,Senate,Marist College,,2024-10-27,2024-10-30,1214,lv,52.0,46.0,2.9
2024,S,MI,Senate,AtlasIntel,,2024-10-30,2024-10-31,1136,lv,49.5,46.3,2.7
2024,S,MI,Senate,OnMessage Inc.,,2024-10-29,2024-10-31,800,lv,47.0,46.0,1.1
2024,S,MI,Senate,YouGov,,2024-10-25,2024-10-31,985,rv,51.0,41.0,3.0
2024,S,MI,Senate,YouGov,,2024-10-25,2024-10-31,942,lv,51.0,42.0,3.0
2024,S,MI,Senate,ActiVote,,2024-10-21,2024-10-31,400,lv,51.2,48.8,
2024,S,MI,Senate,Morning Consult,,2024-10-23,2024-11-01,1112,lv,49.0,41.0,1.9
2024,S,MI,Senate,AtlasIntel,,2024-11-01,2024-11-02,1198,lv,48.6,47.3,2.7
2024,S,MI,Senate,InsiderAdvantage,,2024-11-01,2024-11-02,800,lv,48.4,47.8,2.0
2024,S,MI,Senate,Emerson,,2024-10-30,2024-11-02,790,lv,48.9,45.2,2.9
2024,S,MI,Senate,Siena/NYT,,2024-10-29,2024-11-02,998,rv,45.0,45.0,3.0
2024,S,MI,Senate,Siena/NYT,,2024-10-29,2024-11-02,998,lv,48.0,46.0,3.0
2024,S,MI,Senate,Mitchell,,2024-10-29,2024-11-02,585,lv,48.0,46.0,2.4
2024,S,MI,Senate,Mitchell,,2024-10-29,2024-11-02,585,lv,50.0,48.0,2.4
2024,S,MI,Senate,Florida Atlantic University/Mainstreet Research,,2024-10-25,2024-11-02,713,lv,47.0,43.0,
2024,S,MI,Senate,Florida Atlantic University/Mainstreet Research,,2024-10-25,2024-11-02,733,rv,47.0,42.0,
2024,S,MI,Senate,Research Co.,,2024-11-02,2024-11-03,450,lv,50.0,44.0,2.4
2024,S,MI,Senate,Patriot Polling,,2024-11-01,2024-11-03,858,rv,50.3,48.8,1.1
2024,S,MI,Senate,Trafalgar Group,R,2024-11-01,2024-11-03,1079,lv,47.3,47.4,0.7
2024,S,MI,Senate,AtlasIntel,,2024-11-03,2024-11-04,1113,lv,48.6,47.5,2.7
2024,S,MN,Senate,SurveyUSA,,2024-06-12,2024-06-16,626,lv,49.0,35.0,2.8
2024,S,MN,Senate,Emerson,,2024-06-13,2024-06-18,1000,rv,48.1,36.8,2.9
2024,S,MN,Senate,SurveyUSA,,2024-07-23,2024-07-25,656,lv,55.0,33.0,2.8
2024,S,MN,Senate,Redfield & Wilton Strategies,,2024-08-25,2024-08-28,426,lv,41.0,34.0,1.8
2024,S,MN,Senate,SurveyUSA,,2024-08-27,2024-08-29,635,lv,50.0,36.0,2.8
2024,S,MN,Senate,Embold Research,,2024-09-04,2024-09-08,1616,lv,52.0,41.0,1.4
2024,S,MN,Senate,Redfield & Wilton Strategies,,2024-09-06,2024-09-09,617,lv,42.0,36.0,1.8
2024,S,MN,Senate,Mason-Dixon,,2024-09-16,2024-09-18,800,lv,51.0,40.0,2.6
2024,S,MN,Senate,Redfield & Wilton Strategies,,2024-09-16,2024-09-19,703,lv,42.0,34.0,1.8
2024,S,MN,Senate,Redfield & Wilton Strategies,,2024-09-27,2024-10-02,551,lv,46.0,38.0,1.8
2024,S,MN,Senate,Redfield & Wilton Strategies,,2024-10-12,2024-10-14,544,lv,42.0,35.0,1.8
2024,S,MN,Senate,Embold Research,,2024-10-16,2024-10-22,1734,lv,52.0,40.3,1.4
2024,S,MN,Senate,Chism Strategies,,2024-10-28,2024-10-30,534,lv,52.2,35.0,2.4
2024,S,MN,Senate,ActiVote,,2024-10-08,2024-10-31,400,lv,56.4,43.6,
2024,S,MN,Senate,Research Co.,,2024-11-02,2024-11-03,450,lv,55.0,38.0,2.4
2024,S,MN,Senate,AtlasIntel,,2024-11-01,2024-11-04,2065,lv,52.6,41.2,2.7
2024,S,MO,Senate,Emerson,,2023-10-01,2023-10-04,491,rv,32.0,45.4,2.9
2024,S,MO,Senate,Show Me Victories,,2023-10-26,2023-10-31,407,rv,42.0,46.0,
2024,S,MO,Senate,Emerson,,2024-01-23,2024-01-28,1830,rv,30.4,42.8,2.9
2024,S,MO,Senate,Remington,,2024-03-06,2024-03-08,713,lv,39.0,53.0,2.6
2024,S,MO,Senate,Emerson,,2024-06-17,2024-06-19,1000,rv,37.6,46.8,2.9
2024,S,MO,Senate,YouGov,,2024-08-08,2024-08-16,900,lv,42.0,53.0,3.0
2024,S,MO,Senate,Remington,,2024-09-04,2024-09-05,816,lv,37.0,52.0,2.6
2024,S,MO,Senate,GQR,D,2024-09-06,2024-09-12,645,lv,46.0,50.0,2.0
2024,S,MO,Senate,GQR,D,2024-09-06,2024-09-12,645,lv,48.0,52.0,2.0
2024,S,MO,Senate,Emerson,,2024-09-12,2024-09-13,850,lv,39.7,51.2,2.9
2024,S,MO,Senate,Change Research,,2024-09-11,2024-09-13,1237,rv,41.0,46.0,1.4
2024,S,MO,Senate,ActiVote,,2024-09-01,2024-10-01,400,lv,46.0,54.0,
2024,S,MO,Senate,Emerson,,2024-10-22,2024-10-23,620,lv,40.5,50.6,2.9
2024,S,MO,Senate,GQR,D,2024-10-23,2024-10-26,600,lv,46.0,49.0,2.0
2024,S,MO,Senate,ActiVote,,2024-10-06,2024-10-27,400,lv,43.7,56.3,
2024,S,MO,Senate,Research Co.,,2024-11-02,2024-11-03,450,lv,43.0,54.0,2.4
2024,S,MS,Senate,Change Research,D,2024-09-29,2024-10-03,565,lv,35.0,48.0,1.4
2024,S,MT,Senate,J.L. Partners,,2023-08-12,2023-08-17,741,lv,42.0,46.0,1.6
2024,S,MT,Senate,Emerson,,2023-10-01,2023-10-04,447,rv,38.5,34.8,2.9
2024,S,MT,Senate,SurveyUSA,,2024-02-12,2024-02-15,549,lv,49.0,40.0,2.8
2024,S,MT,Senate,Emerson,,2024-02-26,2024-03-02,1000,rv,44.0,42.4,2.9
2024,S,MT,Senate,J.L. Partners,,2024-03-26,2024-03-29,503,lv,45.0,48.0,1.6
2024,S,MT,Senate,Fabrizio,R,2024-06-03,2024-06-05,500,lv,43.0,46.0,1.7
2024,S,MT,Senate,Fabrizio,R,2024-06-03,2024-06-05,500,lv,48.0,48.0,1.7
2024,S,MT,Senate,Remington,R,2024-06-29,2024-07-01,570,lv,45.0,50.0,2.6
2024,S,MT,Senate,Expedition Strategies,,2024-06-24,2024-07-08,251,lv,47.0,48.0,1.2
2024,S,MT,Senate,Emerson,,2024-08-05,2024-08-06,1000,lv,46.4,48.4,2.9
2024,S,MT,Senate,American Pulse,,2024-08-10,2024-08-12,538,rv,44.7,50.8,
2024,S,MT,Senate,RMG Research,,2024-08-06,2024-08-14,540,rv,49.0,44.0,2.3
2024,S,MT,Senate,Fabrizio/David Binder Research,,2024-08-25,2024-08-29,600,lv,45.0,51.0,
2024,S,MT,Senate,RMG Research,,2024-09-12,2024-09-19,491,lv,43.0,50.0,2.3
2024,S,MT,Senate,Remington,R,2024-09-16,2024-09-20,800,lv,44.0,52.0,2.6
2024,S,MT,Senate,Public Opinion Strategies,R,2024-09-29,2024-10-01,500,lv,45.0,51.0,1.6
2024,S,MT,Senate,Siena/NYT,,2024-10-05,2024-10-08,656,rv,44.0,51.0,3.0
2024,S,MT,Senate,Siena/NYT,,2024-10-05,2024-10-08,656,lv,44.0,52.0,3.0
2024,S,MT,Senate,MSU - Billings,,2024-09-30,2024-10-16,760,a,43.0,43.0,1.5
2024,S,MT,Senate,Emerson,,2024-10-23,2024-10-25,1000,lv,48.1,50.6,2.9
2024,S,MT,Senate,AtlasIntel,,2024-11-01,2024-11-04,752,lv,39.2,49.8,2.7
2024,S,ND,Senate,Emerson,,2023-10-01,2023-10-04,419,rv,19.0,45.0,2.9
2024,S,ND,Senate,Public Opinion Strategies,,2024-06-15,2024-06-19,500,lv,28.0,65.0,1.6
2024,S,ND,Senate,Lake Research,D,2024-07-28,2024-08-02,500,lv,38.0,51.0,1.2
2024,S,ND,Senate,WPAi,R,2024-09-22,2024-09-24,521,lv,31.0,60.0,1.7
2024,S,ND,Senate,Lake Research,D,2024-09-23,2024-09-26,500,lv,40.0,49.0,1.2
2024,S,ND,Senate,WPAi,,2024-09-28,2024-09-30,500,lv,29.0,51.0,1.7
2024,S,NE,Senate Special,SurveyUSA,,2024-08-23,2024-08-27,1293,rv,33.0,50.0,2.8
2024,S,NE,Senate Special,SurveyUSA,,2024-09-20,2024-09-23,558,lv,35.0,53.0,2.8
2024,S,NE,Senate Special,SurveyUSA,,2024-10-09,2024-10-12,563,lv,37.0,53.0,2.8
2024,S,NE,Senate Special,Siena/NYT,,2024-10-23,2024-10-26,1194,rv,37.0,56.0,3.0
2024,S,NE,Senate Special,Siena/NYT,,2024-10-23,2024-10-26,1194,lv,38.0,56.0,3.0
2024,S,NJ,Senate,Fairleigh Dickinson,,2024-04-01,2024-04-08,809,rv,48.0,39.0,2.6
2024,S,NJ,Senate,co/efficient,R,2024-06-26,2024-06-27,810,lv,41.0,34.0,1.1
2024,S,NJ,Senate,Expedition Strategies,,2024-06-24,2024-07-08,272,lv,50.0,35.0,1.2
2024,S,NJ,Senate,National Research,R,2024-08-13,2024-08-15,600,lv,38.0,33.0,2.0
2024,S,NJ,Senate,Rutgers-Eagleton,,2024-10-15,2024-10-22,451,rv,49.0,26.0,2.3
2024,S,NJ,Senate,Rutgers-Eagleton,,2024-10-15,2024-10-22,478,rv,44.0,12.0,2.3
2024,S,NJ,Senate,Cygnal,,2024-10-23,2024-10-24,600,lv,54.5,38.1,2.1
2024,S,NJ,Senate,Cygnal,,2024-10-23,2024-10-24,600,lv,54.5,38.1,2.1
2024,S,NJ,Senate,Fairleigh Dickinson,,2024-10-20,2024-10-27,806,rv,57.0,39.0,2.6
2024,S,NJ,Senate,Research Co.,,2024-11-02,2024-11-03,450,lv,56.0,38.0,2.4
2024,S,NM,Senate,Red Oak Strategic,R,2024-05-07,2024-05-19,1800,rv,41.0,38.0,
2024,S,NM,Senate,PPP,,2024-06-13,2024-06-14,555,v,47.0,40.0,1.4
2024,S,NM,Senate,1892 Polling,R,2024-06-19,2024-06-24,600,lv,46.0,42.0,1.3
2024,S,NM,Senate,Redfield & Wilton Strategies,,2024-07-31,2024-08-03,493,lv,40.0,34.0,1.8
2024,S,NM,Senate,Redfield & Wilton Strategies,,2024-08-12,2024-08-15,453,lv,42.0,36.0,1.8
2024,S,NM,Senate,Emerson,,2024-08-20,2024-08-22,965,rv,49.2,37.3,2.9
2024,S,NM,Senate,Redfield & Wilton Strategies,,2024-08-25,2024-08-28,488,lv,43.0,33.0,1.8
2024,S,NM,Senate,Redfield & Wilton Strategies,,2024-09-06,2024-09-09,521,lv,47.0,37.0,1.8
2024,S,NM,Senate,Research & Polling,,2024-09-06,2024-09-13,532,lv,50.0,38.0,2.1
2024,S,NM,Senate,SurveyUSA,,2024-09-12,2024-09-18,619,lv,47.0,34.0,2.8
2024,S,NM,Senate,Research & Polling,,2024-10-10,2024-10-18,1024,lv,51.0,40.0,2.1
2024,S,NM,Senate,Victory Insights,,2024-11-01,2024-11-03,600,lv,50.2,48.5,1.3
2024,S,NV,Senate,Tarrance,R,2023-10-23,2023-10-26,600,lv,45.0,40.0,1.6
2024,S,NV,Senate,Change Research,D,2023-12-03,2023-12-07,,rv,39.0,38.0,1.4
2024,S,NV,Senate,Emerson,,2024-02-16,2024-02-19,1000,rv,39.6,38.0,2.9
2024,S,NV,Senate,Noble Predictive Insights,,2024-02-27,2024-03-05,829,rv,41.0,35.0,2.4
2024,S,NV,Senate,Emerson,,2024-03-12,2024-03-15,1000,rv,40.6,39.0,2.9
2024,S,NV,Senate,Emerson,,2024-04-25,2024-04-29,1000,rv,45.2,37.3,2.9
2024,S,NV,Senate,Siena/NYT,,2024-04-28,2024-05-09,614,rv,40.0,38.0,3.0
2024,S,NV,Senate,Siena/NYT,,2024-04-28,2024-05-09,614,lv,41.0,41.0,3.0
2024,S,NV,Senate,Florida Atlantic University/Mainstreet Research,,2024-05-19,2024-05-21,522,rv,48.3,35.1,
2024,S,NV,Senate,Florida Atlantic University/Mainstreet Research,,2024-05-19,2024-05-21,494,lv,47.5,36.9,
2024,S,NV,Senate,The Tyson Group,,2024-05-22,2024-05-25,601,lv,47.0,33.0,1.1
2024,S,NV,Senate,Emerson,,2024-06-13,2024-06-18,1000,rv,49.5,37.6,2.9
2024,S,NV,Senate,Fabrizio/Impact,,2024-06-12,2024-06-18,600,lv,47.0,42.0,1.7
2024,S,NV,Senate,Remington,R,2024-06-29,2024-07-01,601,lv,48.0,46.0,2.6
2024,S,NV,Senate,National Public Affairs,,2024-06-28,2024-07-01,817,lv,41.0,33.0,
2024,S,NV,Senate,Redfield & Wilton Strategies,,2024-07-16,2024-07-18,412,lv,41.0,37.0,1.8
2024,S,NV,Senate,Redfield & Wilton Strategies,,2024-07-22,2024-07-24,435,lv,45.0,40.0,1.8
2024,S,NV,Senate,Benenson Strategy Group/GS Strategy Group,,2024-07-26,2024-08-02,403,lv,54.0,36.0,
2024,S,NV,Senate,Redfield & Wilton Strategies,,2024-07-31,2024-08-03,470,lv,41.0,38.0,1.8
2024,S,NV,Senate,Strategies 360,,2024-08-07,2024-08-14,350,rv,50.0,38.0,1.3
2024,S,NV,Senate,Siena/NYT,,2024-08-12,2024-08-15,677,rv,48.0,37.0,3.0
2024,S,NV,Senate,Siena/NYT,,2024-08-12,2024-08-15,677,lv,49.0,40.0,3.0
2024,S,NV,Senate,Redfield & Wilton Strategies,,2024-08-12,2024-08-15,536,lv,41.0,37.0,1.8
2024,S,NV,Senate,Beacon/Shaw,,2024-08-23,2024-08-26,1026,rv,55.0,41.0,2.8
2024,S,NV,Senate,Emerson,,2024-08-25,2024-08-28,1168,lv,50.4,39.5,2.9
2024,S,NV,Senate,Redfield & Wilton Strategies,,2024-08-25,2024-08-28,490,lv,43.0,39.0,1.8
2024,S,NV,Senate,CNN/SSRS,,2024-08-23,2024-08-29,626,lv,50.0,40.0,2.8
2024,S,NV,Senate,InsiderAdvantage,,2024-08-29,2024-08-31,800,lv,48.6,39.3,2.0
2024,S,NV,Senate,Morning Consult,,2024-08-30,2024-09-08,516,lv,50.02,40.21,1.9
2024,S,NV,Senate,Redfield & Wilton Strategies,,2024-09-06,2024-09-09,698,lv,47.0,39.0,1.8
2024,S,NV,Senate,Trafalgar Group,R,2024-09-11,2024-09-13,1079,lv,48.2,40.4,0.7
2024,S,NV,Senate,Noble Predictive Insights,,2024-09-09,2024-09-16,692,lv,53.0,38.0,2.4
2024,S,NV,Senate,Noble Predictive Insights,,2024-09-09,2024-09-16,692,lv,50.0,36.0,2.4
2024,S,NV,Senate,Emerson,,2024-09-15,2024-09-18,895,lv,47.8,40.7,2.9
2024,S,NV,Senate,Morning Consult,,2024-09-09,2024-09-18,474,lv,52.11,38.66,1.9
2024,S,NV,Senate,Redfield & Wilton Strategies,,2024-09-16,2024-09-19,652,lv,47.0,38.0,1.8
2024,S,NV,Senate,Tarrance,,2024-09-16,2024-09-19,600,lv,48.0,41.0,1.6
2024,S,NV,Senate,Remington,R,2024-09-16,2024-09-20,800,lv,47.0,41.0,2.6
2024,S,NV,Senate,AtlasIntel,,2024-09-20,2024-09-25,858,lv,47.5,46.0,2.7
2024,S,NV,Senate,Benenson Strategy Group/GS Strategy Group,,2024-09-19,2024-09-25,409,lv,52.0,38.0,
2024,S,NV,Senate,InsiderAdvantage,,2024-09-29,2024-09-30,800,lv,49.3,41.5,2.0
2024,S,NV,Senate,Redfield & Wilton Strategies,,2024-09-27,2024-10-02,514,lv,48.0,41.0,1.8
2024,S,NV,Senate,RMG Research,,2024-09-30,2024-10-03,782,lv,56.0,40.0,2.3
2024,S,NV,Senate,Emerson,,2024-10-05,2024-10-08,900,lv,50.4,41.7,2.9
2024,S,NV,Senate,Trafalgar Group,R,2024-10-10,2024-10-13,1088,lv,47.5,43.1,0.7
2024,S,NV,Senate,Redfield & Wilton Strategies,,2024-10-12,2024-10-14,838,lv,46.0,41.0,1.8
2024,S,NV,Senate,Fabrizio/Impact,,2024-10-08,2024-10-15,600,lv,49.0,44.0,1.7
2024,S,NV,Senate,Morning Consult,,2024-10-06,2024-10-15,496,lv,52.0,37.0,1.9
2024,S,NV,Senate,AtlasIntel,,2024-10-12,2024-10-17,1171,lv,47.1,43.0,2.7
2024,S,NV,Senate,Redfield & Wilton Strategies,,2024-10-16,2024-10-18,529,lv,48.0,41.0,1.8
2024,S,NV,Senate,InsiderAdvantage,,2024-10-19,2024-10-20,800,lv,48.2,43.9,2.0
2024,S,NV,Senate,OnMessage Inc.,R,2024-10-19,2024-10-22,600,lv,48.0,48.0,1.1
2024,S,NV,Senate,CNN/SSRS,,2024-10-21,2024-10-26,683,lv,50.0,41.0,2.8
2024,S,NV,Senate,Trafalgar Group,R,2024-10-25,2024-10-28,1082,lv,46.7,44.8,0.7
2024,S,NV,Senate,AtlasIntel,,2024-10-25,2024-10-29,1083,lv,48.9,44.2,2.7
2024,S,NV,Senate,Data for Progress,,2024-10-25,2024-10-30,721,lv,49.0,42.0,2.6
2024,S,NV,Senate,AtlasIntel,,2024-10-30,2024-10-31,845,lv,47.3,45.4,2.7
2024,S,NV,Senate,Emerson,,2024-10-29,2024-10-31,700,lv,48.6,44.9,2.9
2024,S,NV,Senate,Susquehanna,,2024-10-28,2024-10-31,400,lv,46.2,47.0,2.3
2024,S,NV,Senate,Noble Predictive Insights,,2024-10-28,2024-10-31,593,lv,48.0,46.0,2.4
2024,S,NV,Senate,YouGov,,2024-10-25,2024-10-31,790,rv,51.0,44.0,3.0
2024,S,NV,Senate,YouGov,,2024-10-25,2024-10-31,753,lv,51.0,44.0,3.0
2024,S,NV,Senate,Emerson,,2024-10-30,2024-11-02,840,lv,49.8,44.0,2.9
2024,S,NV,Senate,Siena/NYT,,2024-10-24,2024-11-02,1010,rv,52.0,40.0,3.0
2024,S,NV,Senate,Siena/NYT,,2024-10-24,2024-11-02,1010,lv,52.0,43.0,3.0
2024,S,NV,Senate,Patriot Polling,,2024-11-01,2024-11-03,792,rv,51.0,47.9,1.1
2024,S,NV,Senate,AtlasIntel,,2024-11-03,2024-11-04,707,lv,48.2,42.7,2.7
2024,S,NY,Senate,Siena,,2024-07-28,2024-08-01,1199,lv,56.0,33.0,2.7
2024,S,NY,Senate,ActiVote,,2024-07-08,2024-08-05,400,lv,63.2,36.8,
2024,S,NY,Senate,Siena,,2024-09-11,2024-09-16,1003,lv,54.0,31.0,2.7
2024,S,NY,Senate,Emerson,,2024-09-23,2024-09-25,1000,lv,50.0,33.3,2.9
2024,S,NY,Senate,ActiVote,,2024-08-24,2024-09-25,400,lv,59.7,40.3,
2024,S,NY,Senate,Siena,,2024-10-13,2024-10-17,872,lv,57.0,31.0,2.7
2024,S,NY,Senate,YouGov,,2024-10-07,2024-10-17,1089,rv,57.0,32.0,3.0
2024,S,NY,Senate,Cygnal,,2024-10-26,2024-10-27,600,lv,58.1,38.7,2.1
2024,S,NY,Senate,ActiVote,,2024-10-04,2024-10-28,400,lv,59.6,40.4,
2024,S,NY,Senate,Research Co.,,2024-11-02,2024-11-03,450,lv,61.0,33.0,2.4
2024,S,OH,Senate,East Carolina University,,2023-06-21,2023-06-24,805,rv,45.6,42.2,2.6
2024,S,OH,Senate,Suffolk,,2023-07-09,2023-07-12,500,rv,48.4,41.2,2.9
2024,S,OH,Senate,Ohio Northern University Institute for Civics and Public Policy,,2023-07-17,2023-07-26,675,rv,44.9,28.3,1.5
2024,S,OH,Senate,Emerson,,2023-10-02,2023-10-04,438,rv,34.9,32.7,2.9
2024,S,OH,Senate,Ohio Northern University Institute for Civics and Public Policy,,2023-10-16,2023-10-19,668,rv,48.0,26.0,1.5
2024,S,OH,Senate,Data for Progress,,2023-10-31,2023-11-02,597,lv,47.0,44.0,2.6
2024,S,OH,Senate,Emerson,,2023-11-10,2023-11-13,1000,rv,42.3,31.7,2.9
2024,S,OH,Senate,Emerson,,2024-01-23,2024-01-25,1844,rv,39.4,37.1,2.9
2024,S,OH,Senate,Emerson,,2024-03-07,2024-03-10,1300,rv,38.7,34.1,2.9
2024,S,OH,Senate,East Carolina University,,2024-03-08,2024-03-11,1298,lv,44.6,40.5,2.6
2024,S,OH,Senate,SurveyUSA,,2024-03-06,2024-03-11,1241,rv,43.0,37.0,2.8
2024,S,OH,Senate,Florida Atlantic University/Mainstreet Research,,2024-03-13,2024-03-13,705,lv,47.4,36.3,
2024,S,OH,Senate,National Public Affairs,,2024-05-28,2024-05-29,405,lv,54.0,46.0,
2024,S,OH,Senate,Marist College,,2024-06-03,2024-06-06,1137,rv,50.0,45.0,2.9
2024,S,OH,Senate,Remington,R,2024-06-29,2024-07-01,611,lv,50.0,44.0,2.6
2024,S,OH,Senate,Fabrizio/Impact,,2024-07-23,2024-07-28,600,lv,46.0,42.0,1.7
2024,S,OH,Senate,ActiVote,,2024-07-20,2024-08-12,400,lv,52.5,47.5,
2024,S,OH,Senate,SoCal Strategies,R,2024-08-31,2024-09-01,600,lv,50.0,45.0,
2024,S,OH,Senate,Emerson,,2024-09-03,2024-09-05,945,lv,45.6,44.2,2.9
2024,S,OH,Senate,Morning Consult,,2024-08-30,2024-09-08,1558,lv,46.38,42.9,1.9
2024,S,OH,Senate,Morning Consult,,2024-09-09,2024-09-18,1488,lv,45.65,43.77,1.9
2024,S,OH,Senate,RMG Research,,2024-09-18,2024-09-20,781,lv,46.0,48.0,2.3
2024,S,OH,Senate,ActiVote,,2024-08-16,2024-09-22,400,lv,48.9,51.1,
2024,S,OH,Senate,Siena/NYT,,2024-09-21,2024-09-26,687,rv,46.0,41.0,3.0
2024,S,OH,Senate,Siena/NYT,,2024-09-21,2024-09-26,687,lv,47.0,43.0,3.0
2024,S,OH,Senate,Bowling Green State University/YouGov,,2024-09-18,2024-09-27,1000,lv,49.0,45.0,
2024,S,OH,Senate,Marist College,,2024-10-03,2024-10-07,1511,rv,49.0,48.0,2.9
2024,S,OH,Senate,Marist College,,2024-10-03,2024-10-07,1327,lv,50.0,48.0,2.9
2024,S,OH,Senate,The Washington Post,,2024-10-03,2024-10-07,1002,lv,48.0,47.0,
2024,S,OH,Senate,The Washington Post,,2024-10-03,2024-10-07,1002,rv,48.0,47.0,
2024,S,OH,Senate,Morning Consult,,2024-10-06,2024-10-15,1243,lv,46.0,47.0,1.9
2024,S,OH,Senate,ActiVote,,2024-09-23,2024-10-20,400,lv,48.1,51.9,
2024,S,OH,Senate,Bowling Green State University/YouGov,,2024-10-10,2024-10-21,1000,lv,47.0,45.0,
2024,S,OH,Senate,OnMessage Inc.,R,2024-10-19,2024-10-22,600,lv,47.0,49.0,1.1
2024,S,OH,Senate,J.L. Partners,,2024-10-22,2024-10-24,997,lv,46.0,52.0,1.6
2024,S,OH,Senate,University of Akron,,2024-09-12,2024-10-24,1241,rv,46.0,44.0,
2024,S,OH,Senate,Trafalgar Group,R,2024-10-25,2024-10-28,1127,lv,48.0,47.2,0.7
2024,S,OH,Senate,ActiVote,,2024-10-14,2024-10-28,400,lv,49.0,51.0,
2024,S,OH,Senate,Miami University (Ohio),,2024-10-28,2024-10-30,857,rv,48.0,46.0,
2024,S,OH,Senate,Morning Consult,,2024-10-23,2024-11-01,1254,lv,46.0,47.0,1.9
2024,S,OH,Senate,Emerson,,2024-10-30,2024-11-02,900,lv,48.0,52.0,2.9
2024,S,OH,Senate,Trafalgar Group,R,2024-11-02,2024-11-04,1095,lv,47.6,48.4,0.7
2024,S,OH,Senate,AtlasIntel,,2024-11-01,2024-11-04,1022,lv,45.8,48.8,2.7
2024,S,PA,Senate,Change Research,D,2023-02-25,2023-03-01,,rv,44.0,40.0,1.4
2024,S,PA,Senate,Franklin and Marshall College,,2023-03-27,2023-04-07,359,rv,42.0,35.0,2.4
2024,S,PA,Senate,Susquehanna,,2023-05-02,2023-05-08,700,lv,53.0,41.0,2.3
2024,S,PA,Senate,Quinnipiac,,2023-09-28,2023-10-02,1725,rv,50.0,44.0,2.8
2024,S,PA,Senate,Emerson,,2023-10-01,2023-10-04,430,rv,41.2,33.3,2.9
2024,S,PA,Senate,Franklin and Marshall College,,2023-10-11,2023-10-22,873,rv,46.0,39.0,2.4
2024,S,PA,Senate,Change Research,D,2023-12-03,2023-12-07,,rv,44.0,41.0,1.4
2024,S,PA,Senate,Bullfinch,,2023-12-08,2023-12-12,800,rv,42.0,27.0,
2024,S,PA,Senate,Quinnipiac,,2024-01-04,2024-01-08,1680,rv,53.0,43.0,2.8
2024,S,PA,Senate,Susquehanna,,2024-01-15,2024-01-21,745,lv,45.9,42.1,2.3
2024,S,PA,Senate,Public Opinion Strategies,R,2024-01-22,2024-01-25,800,lv,47.0,40.0,1.6
2024,S,PA,Senate,Franklin and Marshall College,,2024-01-17,2024-01-28,1006,rv,47.0,35.0,2.4
2024,S,PA,Senate,Chism Strategies,,2024-02-06,2024-02-08,500,rv,38.0,37.0,2.4
2024,S,PA,Senate,Emerson,,2024-02-14,2024-02-16,1000,rv,48.8,38.5,2.9
2024,S,PA,Senate,Susquehanna,,2024-02-26,2024-03-06,450,lv,48.0,42.0,2.3
2024,S,PA,Senate,Emerson,,2024-03-10,2024-03-13,1000,rv,52.3,47.7,2.9
2024,S,PA,Senate,Bullfinch,,2024-03-22,2024-03-26,800,rv,47.0,30.0,
2024,S,PA,Senate,Franklin and Marshall College,,2024-03-20,2024-03-31,431,rv,46.0,39.0,2.4
2024,S,PA,Senate,YouGov,,2024-04-19,2024-04-25,1306,rv,46.0,39.0,3.0
2024,S,PA,Senate,Muhlenberg,,2024-04-15,2024-04-25,417,rv,45.0,41.0,2.8
2024,S,PA,Senate,Emerson,,2024-04-25,2024-04-29,1000,rv,46.2,42.1,2.9
2024,S,PA,Senate,Fabrizio/Impact,,2024-04-24,2024-04-30,600,lv,48.0,44.0,1.7
2024,S,PA,Senate,Siena/NYT,,2024-04-28,2024-05-09,1023,rv,46.0,41.0,3.0
2024,S,PA,Senate,Siena/NYT,,2024-04-28,2024-05-09,1023,lv,46.0,44.0,3.0
2024,S,PA,Senate,Benenson Strategy Group/GS Strategy Group,,2024-05-06,2024-05-13,730,lv,49.0,41.0,
2024,S,PA,Senate,KAConsulting LLC,D,2024-05-15,2024-05-19,600,rv,47.0,37.0,1.5
2024,S,PA,Senate,Florida Atlantic University/Mainstreet Research,,2024-05-30,2024-05-31,1008,rv,48.0,40.0,
2024,S,PA,Senate,Florida Atlantic University/Mainstreet Research,,2024-05-30,2024-05-31,923,lv,49.0,42.0,
2024,S,PA,Senate,Marist College,,2024-06-03,2024-06-06,1181,rv,52.0,46.0,2.9
2024,S,PA,Senate,Emerson,,2024-06-13,2024-06-18,1000,rv,47.1,40.9,2.9
2024,S,PA,Senate,Bullfinch,,2024-06-14,2024-06-19,800,rv,48.0,36.0,
2024,S,PA,Senate,Cygnal,,2024-06-27,2024-06-28,800,lv,45.8,42.1,2.1
2024,S,PA,Senate,Remington,R,2024-06-29,2024-07-01,673,lv,49.0,48.0,2.6
2024,S,PA,Senate,Expedition Strategies,,2024-06-24,2024-07-08,284,lv,48.0,45.0,1.2
2024,S,PA,Senate,Siena/NYT,,2024-07-09,2024-07-11,872,rv,50.0,39.0,3.0
2024,S,PA,Senate,Siena/NYT,,2024-07-09,2024-07-11,872,lv,50.0,42.0,3.0
2024,S,PA,Senate,PPP,D,2024-07-11,2024-07-12,537,rv,47.0,44.0,1.4
2024,S,PA,Senate,PPP,D,2024-07-17,2024-07-18,624,rv,50.0,39.0,1.4
2024,S,PA,Senate,Redfield & Wilton Strategies,,2024-07-16,2024-07-18,688,lv,44.0,37.0,1.8
2024,S,PA,Senate,SoCal Research,,2024-07-20,2024-07-21,500,lv,50.0,40.0,
2024,S,PA,Senate,Emerson,,2024-07-22,2024-07-23,850,rv,47.8,43.9,2.9
2024,S,PA,Senate,North Star Opinion Research,,2024-07-20,2024-07-23,600,lv,49.0,41.0,1.1
2024,S,PA,Senate,Redfield & Wilton Strategies,,2024-07-22,2024-07-24,851,lv,46.0,39.0,1.8
2024,S,PA,Senate,Beacon/Shaw,,2024-07-22,2024-07-24,1034,rv,55.0,42.0,2.8
2024,S,PA,Senate,Bullfinch,,2024-07-23,2024-07-25,800,rv,53.0,42.0,
2024,S,PA,Senate,Susquehanna,,2024-07-22,2024-07-28,600,lv,47.0,42.0,2.3
2024,S,PA,Senate,Benenson Strategy Group/GS Strategy Group,,2024-07-26,2024-08-02,411,lv,53.0,40.0,
2024,S,PA,Senate,Redfield & Wilton Strategies,,2024-07-31,2024-08-03,743,lv,45.0,40.0,1.8
2024,S,PA,Senate,Siena/NYT,,2024-08-06,2024-08-09,693,rv,50.0,36.0,3.0
2024,S,PA,Senate,Siena/NYT,,2024-08-06,2024-08-09,693,lv,51.0,37.0,3.0
2024,S,PA,Senate,Bullfinch,,2024-08-08,2024-08-11,500,rv,51.0,39.0,
2024,S,PA,Senate,Franklin and Marshall College,,2024-07-21,2024-08-11,920,rv,48.0,36.0,2.4
2024,S,PA,Senate,Quinnipiac,,2024-08-08,2024-08-12,1738,lv,52.0,44.0,2.8
2024,S,PA,Senate,Emerson,,2024-08-13,2024-08-14,1000,lv,48.1,43.5,2.9
2024,S,PA,Senate,Cygnal,,2024-08-14,2024-08-15,800,lv,46.2,42.0,2.1
2024,S,PA,Senate,Redfield & Wilton Strategies,,2024-08-12,2024-08-15,825,lv,44.0,36.0,1.8
2024,S,PA,Senate,Fabrizio Ward,,2024-08-19,2024-08-21,400,lv,46.0,43.0,1.7
2024,S,PA,Senate,SoCal Strategies,R,2024-08-23,2024-08-23,800,rv,45.0,40.0,
2024,S,PA,Senate,SoCal Strategies,R,2024-08-23,2024-08-23,713,lv,47.0,41.0,
2024,S,PA,Senate,ActiVote,,2024-08-03,2024-08-23,400,lv,54.9,45.1,
2024,S,PA,Senate,Emerson,,2024-08-25,2024-08-28,950,lv,48.1,43.8,2.9
2024,S,PA,Senate,Wick,,2024-08-27,2024-08-29,1607,lv,48.0,46.0,1.4
2024,S,PA,Senate,CNN/SSRS,,2024-08-23,2024-08-29,789,lv,46.0,46.0,2.8
2024,S,PA,Senate,co/efficient,R,2024-09-04,2024-09-06,889,lv,45.0,36.0,1.1
2024,S,PA,Senate,YouGov,,2024-09-03,2024-09-06,1078,lv,48.0,41.0,3.0
2024,S,PA,Senate,Morning Consult,,2024-08-30,2024-09-08,1910,lv,49.18,40.23,1.9
2024,S,PA,Senate,Suffolk,,2024-09-11,2024-09-14,500,lv,47.0,42.8,2.9
2024,S,PA,Senate,InsiderAdvantage,,2024-09-14,2024-09-15,800,lv,49.0,44.4,2.0
2024,S,PA,Senate,Franklin and Marshall College,,2024-09-04,2024-09-15,890,rv,48.0,40.0,2.4
2024,S,PA,Senate,Quinnipiac,,2024-09-12,2024-09-16,1331,lv,52.0,43.0,2.8
2024,S,PA,Senate,The Washington Post,,2024-09-12,2024-09-16,1003,lv,47.0,46.0,
2024,S,PA,Senate,The Washington Post,,2024-09-12,2024-09-16,1003,lv,48.0,48.0,
2024,S,PA,Senate,Siena/NYT,,2024-09-11,2024-09-16,1082,rv,48.0,39.0,3.0
2024,S,PA,Senate,Siena/NYT,,2024-09-11,2024-09-16,1082,lv,49.0,40.0,3.0
2024,S,PA,Senate,Marist College,,2024-09-12,2024-09-17,1663,rv,52.0,46.0,2.9
2024,S,PA,Senate,Marist College,,2024-09-12,2024-09-17,1476,lv,52.0,47.0,2.9
2024,S,PA,Senate,Emerson,,2024-09-15,2024-09-18,880,lv,46.5,42.2,2.9
2024,S,PA,Senate,MassINC Polling Group,,2024-09-12,2024-09-18,800,lv,49.0,42.0,2.8
2024,S,PA,Senate,Morning Consult,,2024-09-09,2024-09-18,1756,lv,48.74,40.4,1.9
2024,S,PA,Senate,Muhlenberg,,2024-09-16,2024-09-19,450,lv,48.0,43.0,2.8
2024,S,PA,Senate,RMG Research,,2024-09-18,2024-09-20,783,lv,50.0,44.0,2.3
2024,S,PA,Senate,Remington,R,2024-09-16,2024-09-20,800,lv,49.0,45.0,2.6
2024,S,PA,Senate,Susquehanna,,2024-09-16,2024-09-22,700,lv,48.0,40.0,2.3
2024,S,PA,Senate,Monmouth,,2024-09-19,2024-09-23,654,rv,44.0,40.0,2.9
2024,S,PA,Senate,RG Strategies,D,2024-09-19,2024-09-23,400,lv,47.0,45.0,
2024,S,PA,Senate,Beacon/Shaw,,2024-09-20,2024-09-24,775,lv,53.0,44.0,2.8
2024,S,PA,Senate,Beacon/Shaw,,2024-09-20,2024-09-24,1021,rv,53.0,44.0,2.8
2024,S,PA,Senate,Fabrizio/Impact,,2024-09-17,2024-09-24,600,lv,49.0,45.0,1.7
2024,S,PA,Senate,AtlasIntel,,2024-09-20,2024-09-25,1775,lv,47.2,45.3,2.7
2024,S,PA,Senate,Benenson Strategy Group/GS Strategy Group,,2024-09-19,2024-09-25,474,lv,52.0,45.0,
2024,S,PA,Senate,Emerson,,2024-09-27,2024-09-28,1000,lv,47.1,45.4,2.9
2024,S,PA,Senate,OnMessage Inc.,R,2024-09-28,2024-09-29,800,lv,45.0,44.0,1.1
2024,S,PA,Senate,Patriot Polling,,2024-09-27,2024-09-29,816,rv,51.0,48.0,1.1
2024,S,PA,Senate,Trafalgar Group,R,2024-09-26,2024-09-29,1090,lv,47.4,45.6,0.7
2024,S,PA,Senate,Bullfinch,,2024-09-26,2024-09-29,800,rv,48.0,39.0,
2024,S,PA,Senate,Research Co.,,2024-10-05,2024-10-07,450,lv,51.0,48.0,2.4
2024,S,PA,Senate,Quinnipiac,,2024-10-03,2024-10-07,1412,lv,51.0,43.0,2.8
2024,S,PA,Senate,ActiVote,,2024-09-06,2024-10-07,400,lv,53.1,46.9,
2024,S,PA,Senate,Emerson,,2024-10-05,2024-10-08,1000,lv,47.7,46.0,2.9
2024,S,PA,Senate,TIPP,,2024-10-07,2024-10-09,1079,rv,48.0,40.0,1.8
2024,S,PA,Senate,TIPP,,2024-10-07,2024-10-09,803,lv,47.0,43.0,1.8
2024,S,PA,Senate,Siena/NYT,,2024-10-07,2024-10-10,857,rv,48.0,43.0,3.0
2024,S,PA,Senate,Siena/NYT,,2024-10-07,2024-10-10,857,lv,48.0,44.0,3.0
2024,S,PA,Senate,American Pulse,,2024-10-02,2024-10-10,1193,lv,48.3,45.0,
2024,S,PA,Senate,Morning Consult,,2024-10-06,2024-10-15,1395,lv,49.0,41.0,1.9
2024,S,PA,Senate,AtlasIntel,,2024-10-12,2024-10-17,2048,lv,47.1,48.3,2.7
2024,S,PA,Senate,Bullfinch,,2024-10-11,2024-10-17,600,lv,50.0,43.0,
2024,S,PA,Senate,YouGov,,2024-10-07,2024-10-17,1062,rv,49.0,42.0,3.0
2024,S,PA,Senate,YouGov,,2024-10-07,2024-10-17,1043,lv,50.0,42.0,3.0
2024,S,PA,Senate,Trafalgar Group,R,2024-10-17,2024-10-19,1084,lv,46.8,47.2,0.7
2024,S,PA,Senate,Franklin and Marshall College,,2024-10-09,2024-10-20,794,rv,49.0,42.0,2.4
2024,S,PA,Senate,Franklin and Marshall College,,2024-10-09,2024-10-20,583,lv,49.0,48.0,2.4
2024,S,PA,Senate,Emerson,,2024-10-21,2024-10-22,860,lv,46.9,45.5,2.9
2024,S,PA,Senate,Susquehanna,,2024-10-18,2024-10-22,500,lv,48.6,45.8,2.3
2024,S,PA,Senate,InsiderAdvantage,,2024-10-26,2024-10-27,800,lv,46.8,46.8,2.0
2024,S,PA,Senate,Monmouth,,2024-10-24,2024-10-28,824,rv,45.0,44.0,2.9
2024,S,PA,Senate,Quinnipiac,,2024-10-24,2024-10-28,2186,lv,50.0,47.0,2.8
2024,S,PA,Senate,Beacon/Shaw,,2024-10-24,2024-10-28,1310,rv,51.0,46.0,2.8
2024,S,PA,Senate,Beacon/Shaw,,2024-10-24,2024-10-28,1057,lv,50.0,48.0,2.8
2024,S,PA,Senate,CNN/SSRS,,2024-10-23,2024-10-28,819,lv,48.0,45.0,2.8
2024,S,PA,Senate,YouGov,,2024-10-22,2024-10-28,1249,lv,48.0,42.0,3.0
2024,S,PA,Senate,AtlasIntel,,2024-10-25,2024-10-29,1299,lv,48.6,46.5,2.7
2024,S,PA,Senate,Marist College,,2024-10-27,2024-10-30,1558,rv,50.0,48.0,2.9
2024,S,PA,Senate,Marist College,,2024-10-27,2024-10-30,1400,lv,50.0,48.0,2.9
2024,S,PA,Senate,Muhlenberg,,2024-10-27,2024-10-30,460,lv,49.0,46.0,2.8
2024,S,PA,Senate,The Washington Post,,2024-10-26,2024-10-30,1204,lv,49.0,46.0,
2024,S,PA,Senate,The Washington Post,,2024-10-26,2024-10-30,1204,rv,49.0,45.0,
2024,S,PA,Senate,AtlasIntel,,2024-10-30,2024-10-31,1738,lv,49.3,45.7,2.7
2024,S,PA,Senate,OnMessage Inc.,,2024-10-29,2024-10-31,800,lv,46.0,46.0,1.1
2024,S,PA,Senate,YouGov,,2024-10-25,2024-10-31,982,rv,50.0,43.0,3.0
2024,S,PA,Senate,YouGov,,2024-10-25,2024-10-31,947,lv,50.0,44.0,3.0
2024,S,PA,Senate,Morning Consult,,2024-10-22,2024-10-31,1538,lv,46.1,43.2,1.9
2024,S,PA,Senate,ActiVote,,2024-10-14,2024-10-31,400,lv,50.5,49.5,
2024,S,PA,Senate,AtlasIntel,,2024-11-01,2024-11-02,2049,lv,48.7,46.6,2.7
2024,S,PA,Senate,InsiderAdvantage,,2024-11-01,2024-11-02,800,lv,47.8,46.7,2.0
2024,S,PA,Senate,Emerson,,2024-10-30,2024-11-02,1000,lv,47.1,46.9,2.9
2024,S,PA,Senate,Siena/NYT,,2024-10-29,2024-11-02,1527,rv,50.0,45.0,3.0
2024,S,PA,Senate,Siena/NYT,,2024-10-29,2024-11-02,1527,lv,50.0,45.0,3.0
2024,S,PA,Senate,Florida Atlantic University/Mainstreet Research,,2024-10-25,2024-11-02,699,lv,49.0,44.0,
2024,S,PA,Senate,Florida Atlantic University/Mainstreet Research,,2024-10-25,2024-11-02,798,rv,48.0,43.0,
2024,S,PA,Senate,Research Co.,,2024-11-02,2024-11-03,450,lv,48.0,46.0,2.4
2024,S,PA,Senate,Patriot Polling,,2024-11-01,2024-11-03,903,rv,50.4,49.0,1.1
2024,S,PA,Senate,Trafalgar Group,R,2024-11-01,2024-11-03,1089,lv,45.9,47.4,0.7
2024,S,PA,Senate,AtlasIntel,,2024-11-03,2024-11-04,1840,lv,49.2,46.5,2.7
2024,S,RI,Senate,U. Rhode Island,,2024-08-15,2024-09-08,500,a,52.0,24.0,
2024,S,RI,Senate,U. New Hampshire,,2024-09-12,2024-09-16,683,lv,51.0,33.0,2.6
2024,S,RI,Senate,MassINC Polling Group,,2024-09-12,2024-09-18,800,lv,52.0,37.0,2.8
2024,S,RI,Senate,Embold Research,,2024-09-16,2024-09-20,876,lv,52.0,36.0,1.4
2024,S,RI,Senate,U. New Hampshire,,2024-10-29,2024-11-02,708,lv,54.0,40.0,2.6
2024,S,TN,Senate,Emerson,,2023-10-01,2023-10-04,410,rv,25.9,49.5,2.9
2024,S,TN,Senate,Targoz Market Research,,2023-10-05,2023-10-16,1100,rv,27.0,43.0,1.8
2024,S,TN,Senate,Targoz Market Research,,2023-10-05,2023-10-16,850,lv,29.0,49.0,1.8
2024,S,TN,Senate,SSRS,,2023-11-14,2023-12-02,503,rv,36.0,53.0,2.4
2024,S,TN,Senate,Targoz Market Research,,2024-03-15,2024-04-02,955,lv,29.0,45.0,1.8
2024,S,TN,Senate,Targoz Market Research,,2024-03-15,2024-04-02,1137,rv,27.0,44.0,1.8
2024,S,TN,Senate,SSRS,,2024-04-26,2024-05-09,1003,rv,40.0,51.0,2.4
2024,S,TN,Senate,Targoz Market Research,,2024-06-20,2024-07-01,1124,rv,32.0,49.0,1.8
2024,S,TN,Senate,Targoz Market Research,,2024-06-20,2024-07-01,944,lv,32.0,52.0,1.8
2024,S,TN,Senate,ActiVote,,2024-07-25,2024-09-02,400,lv,40.2,59.8,
2024,S,TN,Senate,Targoz Market Research,,2024-09-27,2024-10-08,1200,rv,29.0,52.0,1.8
2024,S,TN,Senate,Targoz Market Research,,2024-09-27,2024-10-08,971,lv,31.0,54.0,1.8
2024,S,TN,Senate,ActiVote,,2024-09-14,2024-10-18,400,lv,38.7,61.3,
2024,S,TN,Senate,ActiVote,,2024-10-07,2024-10-28,400,lv,39.2,60.8,
2024,S,TX,Senate,Texas Hispanic Policy Foundation,,2023-05-08,2023-05-17,1000,rv,40.0,47.0,
2024,S,TX,Senate,University of Texas at Tyler,,2023-05-10,2023-05-21,1413,rv,37.0,42.0,1.8
2024,S,TX,Senate,U. Texas,,2023-12-01,2023-12-10,1200,rv,27.0,43.0,
2024,S,TX,Senate,Emerson,,2024-01-13,2024-01-15,1315,rv,40.1,41.9,2.9
2024,S,TX,Senate,U. Houston,,2024-01-11,2024-01-24,1145,lv,39.0,48.0,2.2
2024,S,TX,Senate,National Public Affairs,,2024-02-06,2024-02-08,807,lv,44.0,44.0,
2024,S,TX,Senate,U. Texas,,2024-02-02,2024-02-12,1200,rv,32.0,46.0,
2024,S,TX,Senate,University of Texas at Tyler,,2024-02-18,2024-02-26,1167,rv,41.0,41.0,1.8
2024,S,TX,Senate,Marist College,,2024-03-18,2024-03-21,1117,rv,45.0,51.0,2.9
2024,S,TX,Senate,Texas Hispanic Policy Foundation,,2024-04-05,2024-04-10,1600,lv,41.0,46.0,
2024,S,TX,Senate,Texas Lyceum,,2024-04-12,2024-04-21,926,rv,31.0,41.0,
2024,S,TX,Senate,U. Texas,,2024-04-12,2024-04-22,1200,rv,33.0,46.0,
2024,S,TX,Senate,U. Texas,,2024-05-31,2024-06-09,1200,rv,34.0,45.0,
2024,S,TX,Senate,University of Texas at Tyler,,2024-06-11,2024-06-20,1144,rv,39.0,43.0,1.8
2024,S,TX,Senate,University of Texas at Tyler,,2024-06-11,2024-06-20,931,lv,42.0,45.0,1.8
2024,S,TX,Senate,Manhattan Institute,,2024-06-25,2024-06-27,600,lv,43.0,46.0,
2024,S,TX,Senate,Remington,R,2024-06-29,2024-07-01,589,lv,43.0,53.0,2.6
2024,S,TX,Senate,University of Houston/Texas Southern University,,2024-06-20,2024-07-01,1484,lv,44.0,47.0,2.2
2024,S,TX,Senate,ActiVote,,2024-06-25,2024-07-18,400,lv,46.1,53.9,
2024,S,TX,Senate,University of Houston/Texas Southern University,,2024-08-05,2024-08-16,1365,lv,44.5,46.6,2.2
2024,S,TX,Senate,PPP,D,2024-08-21,2024-08-22,725,rv,40.0,44.0,1.4
2024,S,TX,Senate,PPP,D,2024-08-21,2024-08-22,725,rv,45.0,47.0,1.4
2024,S,TX,Senate,Lake Research,,2024-08-24,2024-08-29,800,rv,43.0,47.0,1.2
2024,S,TX,Senate,ActiVote,,2024-08-13,2024-08-29,400,lv,44.8,55.2,
2024,S,TX,Senate,U. Texas,,2024-08-23,2024-08-31,1200,rv,36.0,44.0,
2024,S,TX,Senate,Emerson,,2024-09-03,2024-09-05,845,lv,44.3,48.0,2.9
2024,S,TX,Senate,Morning Consult,,2024-08-30,2024-09-08,2940,lv,42.44,47.04,1.9
2024,S,TX,Senate,CWS Research,R,2024-09-04,2024-09-09,504,lv,40.0,46.0,1.6
2024,S,TX,Senate,Texas Hispanic Policy Foundation,,2024-09-13,2024-09-18,1200,lv,45.0,48.0,
2024,S,TX,Senate,Morning Consult,,2024-09-09,2024-09-18,2716,lv,45.07,44.32,1.9
2024,S,TX,Senate,Emerson,,2024-09-22,2024-09-24,950,lv,44.9,48.9,2.9
2024,S,TX,Senate,PPP,D,2024-09-25,2024-09-26,759,rv,43.0,45.0,1.4
2024,S,TX,Senate,PPP,D,2024-09-25,2024-09-26,759,rv,46.0,47.0,1.4
2024,S,TX,Senate,RMG Research,,2024-09-25,2024-09-27,779,lv,47.0,50.0,2.3
2024,S,TX,Senate,ActiVote,,2024-09-05,2024-09-30,400,lv,47.6,52.4,
2024,S,TX,Senate,Siena/NYT,,2024-09-29,2024-10-04,617,rv,43.0,45.0,3.0
2024,S,TX,Senate,Siena/NYT,,2024-09-29,2024-10-04,617,lv,44.0,48.0,3.0
2024,S,TX,Senate,Florida Atlantic University/Mainstreet Research,,2024-10-02,2024-10-06,811,rv,43.0,46.0,
2024,S,TX,Senate,Florida Atlantic University/Mainstreet Research,,2024-10-02,2024-10-06,775,lv,44.0,47.0,
2024,S,TX,Senate,Marist College,,2024-10-03,2024-10-07,1365,rv,47.0,50.0,2.9
2024,S,TX,Senate,Marist College,,2024-10-03,2024-10-07,1186,lv,46.0,51.0,2.9
2024,S,TX,Senate,U. Texas,,2024-10-02,2024-10-10,1091,lv,44.0,51.0,
2024,S,TX,Senate,U. Houston,,2024-09-26,2024-10-10,1329,lv,46.0,50.0,2.2
2024,S,TX,Senate,Morning Consult,,2024-10-06,2024-10-15,2048,lv,45.0,46.0,1.9
2024,S,TX,Senate,ActiVote,,2024-10-01,2024-10-16,400,lv,47.2,52.8,
2024,S,TX,Senate,YouGov,,2024-10-07,2024-10-17,1108,rv,45.0,49.0,3.0
2024,S,TX,Senate,Emerson,,2024-10-18,2024-10-21,815,lv,46.8,48.3,2.9
2024,S,TX,Senate,University of Texas at Tyler,,2024-10-14,2024-10-21,956,lv,45.0,47.0,1.8
2024,S,TX,Senate,GBAO,D,2024-10-18,2024-10-23,800,lv,46.0,46.0,1.2
2024,S,TX,Senate,Siena/NYT,,2024-10-23,2024-10-26,1180,rv,46.0,49.0,3.0
2024,S,TX,Senate,Siena/NYT,,2024-10-23,2024-10-26,1180,lv,46.0,50.0,3.0
2024,S,TX,Senate,ActiVote,,2024-10-21,2024-10-27,400,lv,47.6,52.4,
2024,S,TX,Senate,Cygnal,,2024-10-26,2024-10-28,600,lv,45.0,49.0,2.1
2024,S,TX,Senate,Morning Consult,,2024-10-22,2024-10-31,2120,lv,44.4,47.4,1.9
2024,S,TX,Senate,AtlasIntel,,2024-11-01,2024-11-04,2434,lv,45.5,52.5,2.7
2024,S,UT,Senate,HarrisX,,2024-08-02,2024-08-09,800,rv,22.0,56.0,1.5
2024,S,UT,Senate,HarrisX,,2024-08-02,2024-08-09,800,rv,29.0,71.0,1.5
2024,S,UT,Senate,Lighthouse Research,,2024-08-29,2024-09-19,526,rv,33.8,52.5,
2024,S,UT,Senate,Noble Predictive Insights,,2024-10-02,2024-10-07,539,lv,21.0,51.0,2.4
2024,S,UT,Senate,Noble Predictive Insights,,2024-10-02,2024-10-07,539,lv,24.0,53.0,2.4
2024,S,UT,Senate,HarrisX,,2024-10-15,2024-10-19,813,rv,24.0,65.0,1.5
2024,S,UT,Senate,Noble Predictive Insights,,2024-10-25,2024-10-28,695,lv,26.0,54.0,2.4
2024,S,VA,Senate,Fabrizio/Impact,,2024-04-26,2024-04-28,500,rv,48.0,36.0,1.7
2024,S,VA,Senate,Virginia Commonwealth U.,,2024-06-24,2024-07-03,809,a,49.0,38.0,2.1
2024,S,VA,Senate,Virginia Commonwealth U.,,2024-06-24,2024-07-03,755,rv,49.3,38.9,2.1
2024,S,VA,Senate,Siena/NYT,,2024-07-09,2024-07-12,661,rv,52.0,34.0,3.0
2024,S,VA,Senate,Siena/NYT,,2024-07-09,2024-07-12,661,lv,53.0,36.0,3.0
2024,S,VA,Senate,Florida Atlantic University/Mainstreet Research,,2024-07-12,2024-07-13,617,rv,45.0,32.0,
2024,S,VA,Senate,Florida Atlantic University/Mainstreet Research,,2024-07-12,2024-07-13,544,lv,47.0,34.0,
2024,S,VA,Senate,Emerson,,2024-07-14,2024-07-15,1000,rv,48.6,38.5,2.9
2024,S,VA,Senate,Florida Atlantic University/Mainstreet Research,,2024-07-14,2024-07-15,301,rv,42.0,33.0,
2024,S,VA,Senate,Florida Atlantic University/Mainstreet Research,,2024-07-14,2024-07-15,265,lv,44.0,34.0,
2024,S,VA,Senate,Roanoke College,,2024-08-12,2024-08-16,691,lv,49.0,38.0,2.6
2024,S,VA,Senate,ActiVote,,2024-07-24,2024-09-01,400,lv,55.3,44.7,
2024,S,VA,Senate,Washington Post/George Mason University,,2024-09-04,2024-09-08,1005,lv,53.0,41.0,2.7
2024,S,VA,Senate,Washington Post/George Mason University,,2024-09-04,2024-09-08,1005,rv,53.0,41.0,2.7
2024,S,VA,Senate,Research America,,2024-09-03,2024-09-09,1000,a,45.0,38.0,0.7
2024,S,VA,Senate,Research America,,2024-09-03,2024-09-09,756,lv,49.0,43.0,0.7
2024,S,VA,Senate,Emerson,,2024-09-22,2024-09-24,860,lv,51.1,41.2,2.9
2024,S,VA,Senate,Christopher Newport U.,,2024-09-28,2024-10-04,800,lv,55.0,35.0,2.8
2024,S,VA,Senate,ActiVote,,2024-09-09,2024-10-14,400,lv,55.9,44.1,
2024,S,VA,Senate,Washington Post/George Mason University,,2024-10-19,2024-10-23,1004,lv,54.0,41.0,2.7
2024,S,VA,Senate,Washington Post/George Mason University,,2024-10-19,2024-10-23,1004,rv,54.0,40.0,2.7
2024,S,VA,Senate,ActiVote,,2024-10-02,2024-10-28,400,lv,54.7,45.3,
2024,S,VA,Senate,Cygnal,,2024-10-27,2024-10-29,600,lv,51.6,41.7,2.1
2024,S,VA,Senate,Roanoke College,,2024-10-25,2024-10-29,851,lv,51.0,40.0,2.6
2024,S,VA,Senate,Chism Strategies,,2024-10-28,2024-10-30,520,lv,46.4,44.9,2.4
2024,S,VA,Senate,Research Co.,,2024-11-02,2024-11-03,450,lv,53.0,41.0,2.4
2024,S,VA,Senate,AtlasIntel,,2024-11-01,2024-11-04,2202,lv,52.6,44.0,2.7
2024,S,WA,Senate,Elway,,2023-10-30,2023-11-03,403,rv,43.0,23.0,1.9
2024,S,WA,Senate,PPP,D,2023-11-14,2023-11-15,700,lv,51.0,38.0,1.4
2024,S,WA,Senate,Echelon Insights,R,2024-03-18,2024-03-21,600,rv,44.0,36.0,2.7
2024,S,WA,Senate,Elway,,2024-05-13,2024-05-16,403,rv,39.0,30.0,1.9
2024,S,WA,Senate,Elway,,2024-09-03,2024-09-06,403,rv,55.0,33.0,1.9
2024,S,WA,Senate,SurveyUSA,,2024-10-09,2024-10-14,703,lv,55.0,32.0,2.8
2024,S,WA,Senate,PPP,D,2024-10-16,2024-10-17,571,lv,53.0,38.0,1.4
2024,S,WA,Senate,Research Co.,,2024-11-02,2024-11-03,450,lv,58.0,38.0,2.4
2024,S,WI,Senate,Emerson,,2024-02-20,2024-02-24,1000,rv,46.2,38.5,2.9
2024,S,WI,Senate,Emerson,,2024-03-14,2024-03-18,1000,rv,44.8,41.7,2.9
2024,S,WI,Senate,Marquette Law School,,2024-04-03,2024-04-10,814,rv,52.0,47.0,3.0
2024,S,WI,Senate,Marquette Law School,,2024-04-03,2024-04-10,707,lv,50.0,50.0,3.0
2024,S,WI,Senate,YouGov,,2024-04-19,2024-04-25,1245,rv,48.0,41.0,3.0
2024,S,WI,Senate,Emerson,,2024-04-25,2024-04-29,1000,rv,46.3,42.8,2.9
2024,S,WI,Senate,Quinnipiac,,2024-05-02,2024-05-06,1457,rv,54.0,42.0,2.8
2024,S,WI,Senate,Siena/NYT,,2024-04-28,2024-05-09,614,rv,49.0,40.0,3.0
2024,S,WI,Senate,Siena/NYT,,2024-04-28,2024-05-09,614,lv,49.0,42.0,3.0
2024,S,WI,Senate,Benenson Strategy Group/GS Strategy Group,,2024-05-06,2024-05-13,503,lv,49.0,37.0,
2024,S,WI,Senate,KAConsulting LLC,D,2024-05-15,2024-05-19,600,rv,46.0,42.0,1.5
2024,S,WI,Senate,Florida Atlantic University/Mainstreet Research,,2024-05-30,2024-05-31,338,rv,43.0,38.0,
2024,S,WI,Senate,Florida Atlantic University/Mainstreet Research,,2024-05-30,2024-05-31,290,lv,47.0,39.0,
2024,S,WI,Senate,Emerson,,2024-06-13,2024-06-18,1000,rv,46.2,43.7,2.9
2024,S,WI,Senate,Marquette Law School,,2024-06-12,2024-06-20,871,rv,52.0,47.0,3.0
2024,S,WI,Senate,Marquette Law School,,2024-06-12,2024-06-20,784,lv,52.0,47.0,3.0
2024,S,WI,Senate,Remington,R,2024-06-29,2024-07-01,593,lv,48.0,48.0,2.6
2024,S,WI,Senate,SoCal Research,,2024-06-30,2024-07-02,490,rv,50.0,38.0,
2024,S,WI,Senate,Fabrizio/Impact,,2024-06-28,2024-07-02,600,lv,50.0,45.0,1.7
2024,S,WI,Senate,North Star Opinion Research,,2024-07-06,2024-07-10,600,lv,49.0,41.0,1.1
2024,S,WI,Senate,PPP,D,2024-07-10,2024-07-11,548,rv,51.0,43.0,1.4
2024,S,WI,Senate,Emerson,,2024-07-22,2024-07-23,845,rv,48.5,43.4,2.9
2024,S,WI,Senate,Beacon/Shaw,,2024-07-22,2024-07-24,1046,rv,54.0,43.0,2.8
2024,S,WI,Senate,Marquette Law School,,2024-07-24,2024-08-01,877,rv,53.0,46.0,3.0
2024,S,WI,Senate,Marquette Law School,,2024-07-24,2024-08-01,801,lv,52.0,47.0,3.0
2024,S,WI,Senate,Marquette Law School,,2024-07-24,2024-08-01,877,rv,50.0,44.0,3.0
2024,S,WI,Senate,Marquette Law School,,2024-07-24,2024-08-01,801,lv,51.0,45.0,3.0
2024,S,WI,Senate,Benenson Strategy Group/GS Strategy Group,,2024-07-26,2024-08-02,404,lv,50.0,43.0,
2024,S,WI,Senate,Siena/NYT,,2024-08-05,2024-08-08,661,rv,51.0,43.0,3.0
2024,S,WI,Senate,Siena/NYT,,2024-08-05,2024-08-08,661,lv,51.0,44.0,3.0
2024,S,WI,Senate,Bullfinch,,2024-08-08,2024-08-11,500,rv,50.0,41.0,
2024,S,WI,Senate,TIPP,,2024-08-12,2024-08-14,1015,rv,50.0,42.0,1.8
2024,S,WI,Senate,TIPP,,2024-08-12,2024-08-14,976,lv,50.0,43.0,1.8
2024,S,WI,Senate,Fabrizio Ward,,2024-08-19,2024-08-21,400,lv,48.0,43.0,1.7
2024,S,WI,Senate,BK Strategies,,2024-08-19,2024-08-21,600,lv,49.0,44.0,1.3
2024,S,WI,Senate,Emerson,,2024-08-25,2024-08-28,850,lv,48.9,47.7,2.9
2024,S,WI,Senate,Redfield & Wilton Strategies,,2024-08-25,2024-08-28,672,lv,46.0,41.0,1.8
2024,S,WI,Senate,CNN/SSRS,,2024-08-23,2024-08-29,976,lv,51.0,45.0,2.8
2024,S,WI,Senate,Marquette Law School,,2024-08-28,2024-09-05,822,rv,52.0,48.0,3.0
2024,S,WI,Senate,Marquette Law School,,2024-08-28,2024-09-05,738,lv,52.0,47.0,3.0
2024,S,WI,Senate,Marquette Law School,,2024-08-28,2024-09-05,822,rv,51.0,45.0,3.0
2024,S,WI,Senate,Marquette Law School,,2024-08-28,2024-09-05,738,lv,51.0,45.0,3.0
2024,S,WI,Senate,co/efficient,R,2024-09-04,2024-09-06,917,lv,49.0,43.0,1.1
2024,S,WI,Senate,YouGov,,2024-09-03,2024-09-06,946,lv,51.0,43.0,3.0
2024,S,WI,Senate,Morning Consult,,2024-08-30,2024-09-08,638,lv,49.09,42.5,1.9
2024,S,WI,Senate,Redfield & Wilton Strategies,,2024-09-06,2024-09-09,626,lv,46.0,39.0,1.8
2024,S,WI,Senate,Fabrizio/Impact,,2024-09-11,2024-09-14,600,lv,50.0,47.0,1.7
2024,S,WI,Senate,Quinnipiac,,2024-09-12,2024-09-16,1075,lv,51.0,47.0,2.8
2024,S,WI,Senate,Marist College,,2024-09-12,2024-09-17,1312,rv,52.0,46.0,2.9
2024,S,WI,Senate,Marist College,,2024-09-12,2024-09-17,1194,lv,51.0,48.0,2.9
2024,S,WI,Senate,Emerson,,2024-09-15,2024-09-18,1000,lv,48.8,46.1,2.9
2024,S,WI,Senate,MassINC Polling Group,,2024-09-12,2024-09-18,800,lv,52.0,44.0,2.8
2024,S,WI,Senate,Morning Consult,,2024-09-09,2024-09-18,600,lv,49.83,43.22,1.9
2024,S,WI,Senate,Redfield & Wilton Strategies,,2024-09-16,2024-09-19,600,lv,46.0,41.0,1.8
2024,S,WI,Senate,Remington,R,2024-09-16,2024-09-20,800,lv,49.0,47.0,2.6
2024,S,WI,Senate,RG Strategies,D,2024-09-19,2024-09-23,400,lv,52.0,44.0,
2024,S,WI,Senate,RMG Research,,2024-09-17,2024-09-23,788,lv,51.0,45.0,2.3
2024,S,WI,Senate,AtlasIntel,,2024-09-20,2024-09-25,1077,lv,48.2,46.7,2.7
2024,S,WI,Senate,Benenson Strategy Group/GS Strategy Group,,2024-09-19,2024-09-25,411,lv,49.0,47.0,
2024,S,WI,Senate,Siena/NYT,,2024-09-21,2024-09-26,680,rv,50.0,42.0,3.0
2024,S,WI,Senate,Siena/NYT,,2024-09-21,2024-09-26,680,lv,50.0,43.0,3.0
2024,S,WI,Senate,Marquette Law School,,2024-09-18,2024-09-26,882,rv,53.0,46.0,3.0
2024,S,WI,Senate,Marquette Law School,,2024-09-18,2024-09-26,798,lv,53.0,46.0,3.0
2024,S,WI,Senate,Marquette Law School,,2024-09-18,2024-09-26,882,rv,51.0,45.0,3.0
2024,S,WI,Senate,Marquette Law School,,2024-09-18,2024-09-26,798,lv,51.0,45.0,3.0
2024,S,WI,Senate,ActiVote,,2024-08-29,2024-09-29,400,lv,54.1,45.9,
2024,S,WI,Senate,Trafalgar Group,R,2024-09-28,2024-09-30,1079,lv,48.3,46.0,0.7
2024,S,WI,Senate,Redfield & Wilton Strategies,,2024-09-27,2024-10-02,533,lv,47.0,42.0,1.8
2024,S,WI,Senate,Research Co.,,2024-10-05,2024-10-07,450,lv,52.0,47.0,2.4
2024,S,WI,Senate,Quinnipiac,,2024-10-03,2024-10-07,1073,lv,50.0,46.0,2.8
2024,S,WI,Senate,Emerson,,2024-10-05,2024-10-08,1000,lv,49.8,45.6,2.9
2024,S,WI,Senate,InsiderAdvantage,,2024-10-08,2024-10-09,800,lv,48.0,47.0,2.0
2024,S,WI,Senate,Patriot Polling,,2024-10-12,2024-10-14,803,rv,50.0,49.0,1.1
2024,S,WI,Senate,Morning Consult,,2024-10-06,2024-10-15,527,lv,49.0,44.0,1.9
2024,S,WI,Senate,RMG Research,,2024-10-10,2024-10-16,787,lv,50.0,47.0,2.3
2024,S,WI,Senate,AtlasIntel,,2024-10-12,2024-10-17,932,lv,49.3,46.3,2.7
2024,S,WI,Senate,Redfield & Wilton Strategies,,2024-10-16,2024-10-18,622,lv,45.0,44.0,1.8
2024,S,WI,Senate,Bullfinch,,2024-10-11,2024-10-18,600,lv,49.0,45.0,
2024,S,WI,Senate,Trafalgar Group,R,2024-10-18,2024-10-20,1083,lv,48.1,48.5,0.7
2024,S,WI,Senate,Quinnipiac,,2024-10-17,2024-10-21,1108,lv,49.0,48.0,2.8
2024,S,WI,Senate,Emerson,,2024-10-21,2024-10-22,800,lv,48.4,47.7,2.9
2024,S,WI,Senate,OnMessage Inc.,R,2024-10-19,2024-10-22,600,lv,48.0,49.0,1.1
2024,S,WI,Senate,Suffolk,,2024-10-20,2024-10-23,500,lv,45.6,44.2,2.9
2024,S,WI,Senate,Marquette Law School,,2024-10-16,2024-10-24,753,lv,51.0,49.0,3.0
2024,S,WI,Senate,Marquette Law School,,2024-10-16,2024-10-24,753,lv,49.0,47.0,3.0
2024,S,WI,Senate,Marquette Law School,,2024-10-16,2024-10-24,834,rv,51.0,49.0,3.0
2024,S,WI,Senate,Marquette Law School,,2024-10-16,2024-10-24,834,rv,50.0,46.0,3.0
2024,S,WI,Senate,InsiderAdvantage,,2024-10-26,2024-10-27,800,lv,48.0,49.0,2.0
2024,S,WI,Senate,CNN/SSRS,,2024-10-23,2024-10-28,736,lv,49.0,47.0,2.8
2024,S,WI,Senate,SoCal Strategies,R,2024-10-28,2024-10-29,600,lv,49.0,48.0,
2024,S,WI,Senate,AtlasIntel,,2024-10-25,2024-10-29,1470,lv,48.8,48.0,2.7
2024,S,WI,Senate,TIPP,,2024-10-28,2024-10-30,1038,rv,47.0,43.0,1.8
2024,S,WI,Senate,TIPP,,2024-10-28,2024-10-30,831,lv,48.0,46.0,1.8
2024,S,WI,Senate,Echelon Insights,,2024-10-27,2024-10-30,600,lv,49.0,48.0,2.7
2024,S,WI,Senate,Marist College,,2024-10-27,2024-10-30,1444,rv,51.0,48.0,2.9
2024,S,WI,Senate,Marist College,,2024-10-27,2024-10-30,1330,lv,51.0,48.0,2.9
2024,S,WI,Senate,AtlasIntel,,2024-10-30,2024-10-31,673,lv,49.0,48.8,2.7
2024,S,WI,Senate,OnMessage Inc.,,2024-10-29,2024-10-31,800,lv,48.0,47.0,1.1
2024,S,WI,Senate,YouGov,,2024-10-25,2024-10-31,889,rv,50.0,45.0,3.0
2024,S,WI,Senate,YouGov,,2024-10-25,2024-10-31,863,lv,50.0,45.0,3.0
2024,S,WI,Senate,ActiVote,,2024-10-06,2024-10-31,400,lv,53.6,46.4,
2024,S,WI,Senate,Morning Consult,,2024-10-23,2024-11-01,541,lv,49.0,47.0,1.9
2024,S,WI,Senate,AtlasIntel,,2024-11-01,2024-11-02,728,lv,48.8,48.3,2.7
2024,S,WI,Senate,InsiderAdvantage,,2024-11-01,2024-11-02,800,lv,47.2,47.7,2.0
2024,S,WI,Senate,Emerson,,2024-10-30,2024-11-02,800,lv,50.5,45.4,2.9
2024,S,WI,Senate,Siena/NYT,,2024-10-25,2024-11-02,1305,rv,50.0,46.0,3.0
2024,S,WI,Senate,Siena/NYT,,2024-10-25,2024-11-02,1305,lv,50.0,46.0,3.0
2024,S,WI,Senate,Florida Atlantic University/Mainstreet Research,,2024-10-25,2024-11-02,786,lv,47.0,45.0,
2024,S,WI,Senate,Florida Atlantic University/Mainstreet Research,,2024-10-25,2024-11-02,798,rv,47.0,45.0,
2024,S,WI,Senate,Research Co.,,2024-11-02,2024-11-03,450,lv,48.0,47.0,2.4
2024,S,WI,Senate,Patriot Polling,,2024-11-01,2024-11-03,835,rv,50.5,48.6,1.1
2024,S,WI,Senate,Trafalgar Group,R,2024-11-01,2024-11-03,1086,lv,47.9,48.4,0.7
2024,S,WI,Senate,AtlasIntel,,2024-11-03,2024-11-04,869,lv,48.8,47.9,2.7
2024,S,WV,Senate,Kaplan Strategies,,2024-06-04,2024-06-04,464,lv,27.0,60.0,2.0
2024,S,WV,Senate,Research America,,2024-08-21,2024-08-27,400,rv,28.0,62.0,0.7
2024,S,WY,Senate,Cygnal,,2024-10-26,2024-10-28,600,lv,25.7,73.2,2.1
