{"type":"FeatureCollection","features":[{"type":"Feature","geometry":{"type":"Polygon","coordinates":[[[-84.107,39.689],[-84.107,39.69],[-84.106,39.691],[-84.106,39.691],[-84.106,39.692],[-84.106,39.693],[-84.106,39.694],[-84.106,39.694],[-84.106,39.695],[-84.106,39.696],[-84.106,39.697],[-84.106,39.697],[-84.106,39.698],[-84.106,39.699],[-84.106,39.699],[-84.106,39.7],[-84.106,39.7],[-84.106,39.7],[-84.106,39.7],[-84.106,39.701],[-84.106,39.702],[-84.106,39.702],[-84.105,39.704],[-84.106,39.705],[-84.106,39.705],[-84.106,39.705],[-84.106,39.705],[-84.105,39.707],[-84.105,39.708],[-84.105,39.71],[-84.105,39.711],[-84.105,39.713],[-84.105,39.713],[-84.105,39.714],[-84.105,39.716],[-84.105,39.717],[-84.105,39.717],[-84.105,39.717],[-84.104,39.717],[-84.104,39.719],[-84.104,39.72],[-84.104,39.721],[-84.104,39.722],[-84.104,39.723],[-84.104,39.723],[-84.104,39.724],[-84.104,39.725],[-84.104,39.725],[-84.104,39.726],[-84.103,39.727],[-84.104,39.727],[-84.103,39.728],[-84.103,39.728],[-84.103,39.729],[-84.102,39.739],[-84.102,39.74],[-84.102,39.74],[-84.102,39.741],[-84.102,39.742],[-84.102,39.745],[-84.101,39.75],[-84.101,39.751],[-84.101,39.751],[-84.101,39.753],[-84.1,39.756],[-84.1,39.758],[-84.1,39.762],[-84.1,39.765],[-84.1,39.765],[-84.099,39.77],[-84.099,39.771],[-84.098,39.777],[-84.098,39.78],[-84.097,39.784],[-84.097,39.785],[-84.097,39.787],[-84.097,39.79],[-84.097,39.793],[-84.097,39.793],[-84.097,39.793],[-84.097,39.794],[-84.097,39.794],[-84.097,39.796],[-84.097,39.798],[-84.097,39.799],[-84.096,39.804],[-84.096,39.805],[-84.096,39.809],[-84.095,39.815],[-84.095,39.819],[-84.092,39.838],[-84.089,39.838],[-84.083,39.838],[-84.083,39.838],[-84.081,39.838],[-84.078,39.838],[-84.077,39.838],[-84.075,39.837],[-84.073,39.837],[-84.072,39.837],[-84.071,39.837],[-84.069,39.837],[-84.068,39.837],[-84.068,39.837],[-84.067,39.837],[-84.067,39.837],[-84.066,39.837],[-84.065,39.837],[-84.065,39.837],[-84.063,39.837],[-84.061,39.837],[-84.06,39.836],[-84.058,39.836],[-84.057,39.836],[-84.055,39.836],[-84.055,39.839],[-84.055,39.84],[-84.055,39.841],[-84.054,39.843],[-84.054,39.85],[-84.049,39.85],[-84.043,39.85],[-84.037,39.85],[-84.037,39.85],[-84.035,39.849],[-84.034,39.849],[-84.028,39.849],[-84.027,39.849],[-84.018,39.848],[-84.015,39.848],[-83.995,39.847],[-83.994,39.847],[-83.994,39.847],[-83.993,39.847],[-83.987,39.846],[-83.986,39.846],[-83.985,39.846],[-83.943,39.844],[-83.94,39.843],[-83.94,39.841],[-83.94,39.84],[-83.94,39.838],[-83.941,39.837],[-83.941,39.834],[-83.941,39.832],[-83.941,39.829],[-83.94,39.829],[-83.94,39.829],[-83.939,39.829],[-83.933,39.828],[-83.932,39.828],[-83.931,39.828],[-83.93,39.828],[-83.929,39.828],[-83.927,39.828],[-83.925,39.828],[-83.924,39.828],[-83.924,39.828],[-83.924,39.828],[-83.922,39.828],[-83.919,39.828],[-83.88,39.826],[-83.865,39.825],[-83.848,39.824],[-83.844,39.824],[-83.844,39.824],[-83.841,39.824],[-83.841,39.824],[-83.84,39.823],[-83.839,39.823],[-83.839,39.823],[-83.827,39.823],[-83.828,39.815],[-83.828,39.814],[-83.828,39.814],[-83.828,39.812],[-83.828,39.812],[-83.828,39.812],[-83.828,39.81],[-83.829,39.807],[-83.829,39.804],[-83.829,39.803],[-83.829,39.802],[-83.829,39.802],[-83.829,39.801],[-83.829,39.801],[-83.829,39.8],[-83.829,39.8],[-83.829,39.798],[-83.829,39.798],[-83.827,39.798],[-83.827,39.797],[-83.822,39.797],[-83.822,39.797],[-83.811,39.796],[-83.8,39.795],[-83.797,39.795],[-83.794,39.795],[-83.79,39.794],[-83.781,39.793],[-83.741,39.789],[-83.74,39.788],[-83.741,39.782],[-83.732,39.781],[-83.73,39.781],[-83.729,39.781],[-83.725,39.78],[-83.72,39.78],[-83.7,39.779],[-83.7,39.779],[-83.676,39.777],[-83.669,39.777],[-83.662,39.776],[-83.654,39.776],[-83.648,39.775],[-83.647,39.773],[-83.649,39.768],[-83.649,39.761],[-83.651,39.74],[-83.652,39.725],[-83.653,39.717],[-83.655,39.702],[-83.658,39.67],[-83.659,39.659],[-83.66,39.651],[-83.661,39.648],[-83.662,39.638],[-83.664,39.618],[-83.664,39.608],[-83.665,39.605],[-83.665,39.605],[-83.665,39.603],[-83.665,39.6],[-83.666,39.597],[-83.666,39.588],[-83.667,39.588],[-83.667,39.588],[-83.667,39.587],[-83.667,39.578],[-83.668,39.573],[-83.668,39.572],[-83.668,39.571],[-83.668,39.571],[-83.669,39.566],[-83.677,39.551],[-83.678,39.551],[-83.689,39.551],[-83.69,39.552],[-83.711,39.553],[-83.715,39.553],[-83.716,39.553],[-83.724,39.554],[-83.724,39.554],[-83.724,39.554],[-83.725,39.554],[-83.727,39.554],[-83.736,39.554],[-83.737,39.554],[-83.744,39.555],[-83.744,39.555],[-83.746,39.555],[-83.77,39.556],[-83.771,39.556],[-83.781,39.557],[-83.786,39.557],[-83.803,39.559],[-83.822,39.56],[-83.824,39.56],[-83.827,39.56],[-83.829,39.56],[-83.837,39.561],[-83.848,39.561],[-83.864,39.562],[-83.879,39.563],[-83.882,39.563],[-83.883,39.563],[-83.883,39.563],[-83.883,39.563],[-83.884,39.564],[-83.884,39.564],[-83.884,39.564],[-83.885,39.564],[-83.885,39.564],[-83.885,39.564],[-83.885,39.564],[-83.886,39.564],[-83.886,39.564],[-83.886,39.564],[-83.896,39.564],[-83.896,39.564],[-83.898,39.564],[-83.903,39.565],[-83.908,39.565],[-83.917,39.566],[-83.929,39.566],[-83.931,39.567],[-83.933,39.567],[-83.937,39.567],[-83.942,39.567],[-83.944,39.567],[-83.951,39.568],[-83.953,39.568],[-83.964,39.568],[-83.964,39.568],[-83.967,39.568],[-83.971,39.569],[-83.971,39.569],[-83.972,39.569],[-83.973,39.569],[-83.977,39.569],[-83.986,39.57],[-83.987,39.57],[-83.988,39.57],[-83.99,39.57],[-83.996,39.571],[-83.997,39.571],[-83.998,39.571],[-84,39.571],[-84.009,39.572],[-84.014,39.572],[-84.017,39.572],[-84.019,39.572],[-84.025,39.573],[-84.028,39.573],[-84.032,39.573],[-84.033,39.573],[-84.039,39.573],[-84.041,39.574],[-84.044,39.574],[-84.05,39.574],[-84.057,39.575],[-84.066,39.575],[-84.068,39.575],[-84.071,39.576],[-84.076,39.576],[-84.081,39.576],[-84.095,39.577],[-84.097,39.577],[-84.105,39.578],[-84.11,39.578],[-84.114,39.578],[-84.114,39.578],[-84.114,39.578],[-84.114,39.58],[-84.114,39.581],[-84.114,39.581],[-84.114,39.581],[-84.114,39.582],[-84.114,39.582],[-84.114,39.582],[-84.114,39.583],[-84.114,39.584],[-84.114,39.584],[-84.114,39.584],[-84.114,39.584],[-84.114,39.584],[-84.113,39.594],[-84.112,39.605],[-84.111,39.611],[-84.111,39.618],[-84.111,39.619],[-84.11,39.62],[-84.11,39.621],[-84.11,39.622],[-84.11,39.622],[-84.11,39.625],[-84.11,39.625],[-84.11,39.626],[-84.112,39.628],[-84.112,39.628],[-84.111,39.633],[-84.111,39.633],[-84.111,39.634],[-84.111,39.635],[-84.111,39.638],[-84.111,39.638],[-84.111,39.639],[-84.111,39.64],[-84.111,39.64],[-84.111,39.64],[-84.111,39.64],[-84.11,39.64],[-84.111,39.641],[-84.111,39.641],[-84.111,39.641],[-84.111,39.642],[-84.111,39.645],[-84.111,39.645],[-84.111,39.645],[-84.111,39.646],[-84.11,39.647],[-84.11,39.647],[-84.11,39.648],[-84.11,39.649],[-84.11,39.649],[-84.11,39.65],[-84.11,39.65],[-84.11,39.652],[-84.11,39.653],[-84.11,39.653],[-84.11,39.653],[-84.11,39.653],[-84.11,39.654],[-84.11,39.654],[-84.11,39.655],[-84.11,39.655],[-84.11,39.656],[-84.11,39.656],[-84.11,39.656],[-84.11,39.657],[-84.11,39.657],[-84.109,39.658],[-84.109,39.659],[-84.109,39.659],[-84.109,39.661],[-84.109,39.663],[-84.109,39.666],[-84.109,39.667],[-84.109,39.667],[-84.109,39.668],[-84.109,39.668],[-84.108,39.671],[-84.108,39.672],[-84.108,39.673],[-84.108,39.675],[-84.107,39.68],[-84.107,39.68],[-84.107,39.682],[-84.107,39.689]]]},"properties":{"NAME":"Greene","GEOID":"39057"}},{"type":"Feature","geometry":{"type":"Polygon","coordinates":[[[-83.188,40.702],[-83.183,40.702],[-83.176,40.702],[-83.173,40.702],[-83.169,40.702],[-83.166,40.702],[-83.163,40.702],[-83.162,40.702],[-83.161,40.703],[-83.16,40.703],[-83.159,40.703],[-83.159,40.702],[-83.156,40.702],[-83.152,40.703],[-83.149,40.703],[-83.144,40.703],[-83.142,40.703],[-83.14,40.703],[-83.135,40.703],[-83.13,40.703],[-83.127,40.703],[-83.125,40.703],[-83.122,40.703],[-83.114,40.703],[-83.111,40.703],[-83.092,40.703],[-83.091,40.703],[-83.089,40.703],[-83.087,40.703],[-83.074,40.703],[-83.072,40.703],[-83.065,40.703],[-83.063,40.703],[-83.048,40.703],[-83.036,40.703],[-83.033,40.703],[-83.031,40.703],[-83.019,40.703],[-83.004,40.703],[-82.996,40.703],[-82.99,40.703],[-82.977,40.703],[-82.974,40.703],[-82.966,40.703],[-82.962,40.703],[-82.957,40.703],[-82.953,40.704],[-82.948,40.704],[-82.944,40.704],[-82.942,40.704],[-82.94,40.704],[-82.939,40.704],[-82.928,40.704],[-82.924,40.704],[-82.92,40.704],[-82.912,40.705],[-82.91,40.705],[-82.895,40.705],[-82.875,40.705],[-82.865,40.705],[-82.863,40.705],[-82.858,40.701],[-82.858,40.698],[-82.858,40.696],[-82.859,40.689],[-82.859,40.687],[-82.859,40.686],[-82.859,40.684],[-82.859,40.679],[-82.859,40.675],[-82.859,40.674],[-82.859,40.67],[-82.859,40.667],[-82.859,40.665],[-82.859,40.665],[-82.859,40.665],[-82.859,40.664],[-82.859,40.663],[-82.859,40.662],[-82.859,40.659],[-82.86,40.656],[-82.86,40.654],[-82.86,40.65],[-82.86,40.646],[-82.863,40.646],[-82.871,40.646],[-82.876,40.646],[-82.877,40.646],[-82.88,40.646],[-82.885,40.646],[-82.886,40.646],[-82.887,40.646],[-82.889,40.646],[-82.891,40.646],[-82.895,40.646],[-82.897,40.646],[-82.904,40.646],[-82.907,40.646],[-82.907,40.646],[-82.913,40.646],[-82.915,40.646],[-82.915,40.646],[-82.915,40.646],[-82.916,40.646],[-82.922,40.646],[-82.937,40.645],[-82.952,40.645],[-82.958,40.645],[-82.958,40.642],[-82.958,40.638],[-82.958,40.636],[-82.958,40.631],[-82.958,40.625],[-82.958,40.625],[-82.958,40.616],[-82.958,40.614],[-82.958,40.605],[-82.958,40.602],[-82.958,40.596],[-82.958,40.593],[-82.958,40.588],[-82.958,40.583],[-82.958,40.576],[-82.958,40.57],[-82.958,40.56],[-82.958,40.555],[-82.958,40.553],[-82.958,40.551],[-82.958,40.545],[-82.958,40.528],[-82.958,40.516],[-82.958,40.503],[-82.958,40.5],[-82.958,40.491],[-82.959,40.491],[-82.963,40.49],[-82.964,40.49],[-82.968,40.49],[-82.972,40.489],[-82.974,40.489],[-82.999,40.486],[-83.005,40.486],[-83.005,40.486],[-83.006,40.486],[-83.006,40.486],[-83.011,40.485],[-83.016,40.485],[-83.017,40.484],[-83.017,40.481],[-83.018,40.474],[-83.019,40.462],[-83.019,40.457],[-83.021,40.434],[-83.029,40.434],[-83.035,40.434],[-83.043,40.435],[-83.044,40.435],[-83.047,40.435],[-83.05,40.435],[-83.055,40.435],[-83.057,40.435],[-83.06,40.435],[-83.062,40.435],[-83.063,40.435],[-83.072,40.436],[-83.075,40.436],[-83.087,40.436],[-83.141,40.438],[-83.153,40.439],[-83.165,40.439],[-83.171,40.439],[-83.173,40.439],[-83.184,40.44],[-83.192,40.441],[-83.192,40.441],[-83.198,40.441],[-83.209,40.442],[-83.233,40.443],[-83.249,40.444],[-83.248,40.451],[-83.248,40.453],[-83.248,40.453],[-83.248,40.454],[-83.248,40.455],[-83.248,40.458],[-83.248,40.463],[-83.248,40.471],[-83.248,40.48],[-83.248,40.488],[-83.248,40.491],[-83.248,40.492],[-83.248,40.495],[-83.248,40.501],[-83.248,40.505],[-83.248,40.507],[-83.258,40.507],[-83.268,40.507],[-83.271,40.507],[-83.272,40.507],[-83.29,40.507],[-83.298,40.507],[-83.306,40.507],[-83.31,40.506],[-83.313,40.506],[-83.327,40.506],[-83.331,40.506],[-83.343,40.506],[-83.362,40.506],[-83.371,40.506],[-83.382,40.506],[-83.387,40.506],[-83.39,40.506],[-83.402,40.505],[-83.409,40.505],[-83.416,40.505],[-83.417,40.509],[-83.416,40.515],[-83.416,40.523],[-83.417,40.544],[-83.417,40.545],[-83.417,40.547],[-83.418,40.551],[-83.418,40.555],[-83.418,40.556],[-83.418,40.556],[-83.418,40.556],[-83.418,40.557],[-83.418,40.56],[-83.418,40.565],[-83.418,40.567],[-83.418,40.567],[-83.419,40.571],[-83.419,40.574],[-83.42,40.59],[-83.42,40.595],[-83.42,40.599],[-83.42,40.6],[-83.42,40.6],[-83.42,40.603],[-83.42,40.604],[-83.42,40.608],[-83.42,40.608],[-83.42,40.611],[-83.42,40.613],[-83.42,40.617],[-83.42,40.62],[-83.42,40.622],[-83.42,40.624],[-83.42,40.625],[-83.42,40.627],[-83.42,40.628],[-83.42,40.631],[-83.42,40.633],[-83.42,40.636],[-83.42,40.639],[-83.42,40.641],[-83.42,40.644],[-83.42,40.645],[-83.42,40.646],[-83.42,40.648],[-83.42,40.651],[-83.42,40.652],[-83.42,40.654],[-83.42,40.659],[-83.42,40.661],[-83.42,40.664],[-83.42,40.667],[-83.42,40.671],[-83.42,40.672],[-83.42,40.673],[-83.42,40.674],[-83.42,40.678],[-83.42,40.679],[-83.42,40.68],[-83.42,40.682],[-83.42,40.683],[-83.42,40.683],[-83.42,40.686],[-83.42,40.687],[-83.419,40.687],[-83.412,40.687],[-83.409,40.687],[-83.396,40.687],[-83.392,40.687],[-83.381,40.687],[-83.378,40.687],[-83.376,40.687],[-83.372,40.687],[-83.367,40.687],[-83.365,40.687],[-83.36,40.687],[-83.352,40.687],[-83.35,40.687],[-83.343,40.687],[-83.337,40.687],[-83.334,40.687],[-83.328,40.687],[-83.324,40.687],[-83.322,40.687],[-83.314,40.687],[-83.311,40.687],[-83.309,40.687],[-83.306,40.687],[-83.305,40.687],[-83.305,40.687],[-83.305,40.687],[-83.305,40.689],[-83.305,40.691],[-83.305,40.692],[-83.305,40.693],[-83.305,40.694],[-83.305,40.697],[-83.305,40.7],[-83.305,40.702],[-83.3,40.702],[-83.298,40.702],[-83.295,40.702],[-83.29,40.702],[-83.285,40.702],[-83.277,40.702],[-83.274,40.702],[-83.27,40.702],[-83.266,40.702],[-83.262,40.702],[-83.258,40.702],[-83.25,40.702],[-83.247,40.702],[-83.246,40.702],[-83.243,40.702],[-83.24,40.702],[-83.236,40.702],[-83.235,40.702],[-83.231,40.702],[-83.227,40.702],[-83.226,40.702],[-83.224,40.702],[-83.222,40.702],[-83.219,40.702],[-83.212,40.702],[-83.211,40.702],[-83.208,40.702],[-83.204,40.702],[-83.198,40.702],[-83.196,40.702],[-83.193,40.702],[-83.193,40.702],[-83.192,40.702],[-83.189,40.702],[-83.188,40.702]]]},"properties":{"NAME":"Marion","GEOID":"39101"}},{"type":"Feature","geometry":{"type":"Polygon","coordinates":[[[-82.49,39.662],[-82.49,39.661],[-82.491,39.651],[-82.492,39.646],[-82.492,39.64],[-82.493,39.638],[-82.493,39.633],[-82.493,39.632],[-82.493,39.631],[-82.494,39.621],[-82.495,39.613],[-82.496,39.603],[-82.506,39.603],[-82.515,39.604],[-82.523,39.604],[-82.535,39.605],[-82.538,39.605],[-82.543,39.605],[-82.545,39.605],[-82.549,39.606],[-82.549,39.606],[-82.549,39.606],[-82.551,39.606],[-82.574,39.607],[-82.592,39.608],[-82.602,39.608],[-82.603,39.608],[-82.603,39.608],[-82.604,39.608],[-82.608,39.608],[-82.608,39.608],[-82.608,39.608],[-82.609,39.608],[-82.61,39.608],[-82.61,39.608],[-82.617,39.609],[-82.618,39.609],[-82.618,39.604],[-82.618,39.604],[-82.618,39.594],[-82.618,39.593],[-82.619,39.586],[-82.619,39.58],[-82.619,39.58],[-82.621,39.564],[-82.632,39.564],[-82.641,39.565],[-82.645,39.565],[-82.654,39.565],[-82.669,39.566],[-82.676,39.566],[-82.691,39.567],[-82.701,39.567],[-82.701,39.567],[-82.703,39.567],[-82.712,39.568],[-82.719,39.568],[-82.73,39.569],[-82.731,39.555],[-82.734,39.555],[-82.736,39.555],[-82.736,39.555],[-82.737,39.555],[-82.738,39.555],[-82.74,39.555],[-82.741,39.555],[-82.745,39.555],[-82.748,39.555],[-82.749,39.555],[-82.755,39.556],[-82.759,39.556],[-82.762,39.556],[-82.765,39.556],[-82.768,39.557],[-82.77,39.557],[-82.77,39.557],[-82.772,39.557],[-82.773,39.557],[-82.775,39.557],[-82.776,39.557],[-82.778,39.557],[-82.787,39.558],[-82.789,39.558],[-82.79,39.558],[-82.791,39.558],[-82.794,39.558],[-82.797,39.559],[-82.8,39.559],[-82.801,39.559],[-82.802,39.559],[-82.804,39.559],[-82.805,39.559],[-82.806,39.559],[-82.809,39.559],[-82.814,39.56],[-82.818,39.56],[-82.819,39.56],[-82.824,39.56],[-82.827,39.561],[-82.827,39.561],[-82.831,39.561],[-82.831,39.561],[-82.832,39.561],[-82.833,39.561],[-82.833,39.561],[-82.839,39.561],[-82.842,39.561],[-82.843,39.561],[-82.843,39.562],[-82.843,39.564],[-82.843,39.566],[-82.842,39.57],[-82.842,39.576],[-82.841,39.581],[-82.841,39.582],[-82.841,39.583],[-82.841,39.586],[-82.84,39.587],[-82.84,39.589],[-82.84,39.591],[-82.84,39.591],[-82.84,39.591],[-82.84,39.591],[-82.84,39.592],[-82.84,39.593],[-82.84,39.593],[-82.84,39.593],[-82.84,39.594],[-82.84,39.594],[-82.84,39.594],[-82.84,39.595],[-82.84,39.595],[-82.84,39.596],[-82.84,39.596],[-82.84,39.596],[-82.84,39.597],[-82.84,39.597],[-82.839,39.598],[-82.839,39.598],[-82.839,39.598],[-82.839,39.599],[-82.839,39.599],[-82.839,39.6],[-82.839,39.6],[-82.839,39.6],[-82.839,39.6],[-82.839,39.601],[-82.839,39.601],[-82.839,39.602],[-82.839,39.602],[-82.839,39.602],[-82.839,39.603],[-82.839,39.603],[-82.839,39.603],[-82.839,39.604],[-82.839,39.604],[-82.839,39.604],[-82.839,39.605],[-82.839,39.605],[-82.839,39.605],[-82.839,39.605],[-82.839,39.605],[-82.838,39.608],[-82.838,39.613],[-82.837,39.617],[-82.837,39.622],[-82.836,39.628],[-82.836,39.632],[-82.835,39.638],[-82.834,39.649],[-82.837,39.65],[-82.837,39.655],[-82.837,39.657],[-82.837,39.659],[-82.836,39.664],[-82.836,39.665],[-82.836,39.666],[-82.836,39.666],[-82.836,39.672],[-82.835,39.676],[-82.835,39.679],[-82.835,39.682],[-82.834,39.685],[-82.834,39.694],[-82.833,39.698],[-82.833,39.7],[-82.833,39.704],[-82.832,39.706],[-82.832,39.71],[-82.832,39.713],[-82.832,39.713],[-82.831,39.719],[-82.831,39.722],[-82.831,39.722],[-82.831,39.725],[-82.83,39.733],[-82.829,39.742],[-82.829,39.744],[-82.829,39.745],[-82.828,39.75],[-82.828,39.752],[-82.828,39.753],[-82.828,39.757],[-82.827,39.762],[-82.827,39.763],[-82.827,39.766],[-82.826,39.772],[-82.826,39.773],[-82.826,39.78],[-82.826,39.781],[-82.825,39.782],[-82.825,39.783],[-82.825,39.784],[-82.825,39.785],[-82.825,39.786],[-82.825,39.788],[-82.825,39.79],[-82.824,39.794],[-82.824,39.795],[-82.824,39.796],[-82.824,39.797],[-82.824,39.798],[-82.824,39.802],[-82.823,39.803],[-82.823,39.804],[-82.823,39.805],[-82.823,39.806],[-82.823,39.807],[-82.823,39.807],[-82.823,39.807],[-82.823,39.808],[-82.823,39.81],[-82.823,39.811],[-82.823,39.812],[-82.822,39.814],[-82.822,39.815],[-82.822,39.816],[-82.822,39.816],[-82.822,39.818],[-82.822,39.82],[-82.822,39.821],[-82.822,39.821],[-82.822,39.822],[-82.822,39.823],[-82.822,39.824],[-82.821,39.824],[-82.814,39.824],[-82.812,39.824],[-82.812,39.824],[-82.802,39.824],[-82.802,39.826],[-82.802,39.828],[-82.802,39.829],[-82.802,39.83],[-82.802,39.832],[-82.802,39.835],[-82.802,39.836],[-82.802,39.836],[-82.802,39.836],[-82.802,39.836],[-82.802,39.836],[-82.802,39.836],[-82.802,39.837],[-82.801,39.838],[-82.801,39.838],[-82.801,39.839],[-82.801,39.839],[-82.801,39.84],[-82.801,39.841],[-82.801,39.841],[-82.801,39.843],[-82.801,39.845],[-82.801,39.845],[-82.801,39.846],[-82.801,39.846],[-82.801,39.847],[-82.801,39.847],[-82.8,39.848],[-82.8,39.848],[-82.8,39.848],[-82.8,39.849],[-82.8,39.85],[-82.8,39.854],[-82.8,39.855],[-82.799,39.86],[-82.799,39.865],[-82.798,39.866],[-82.798,39.867],[-82.798,39.867],[-82.798,39.868],[-82.798,39.873],[-82.798,39.874],[-82.798,39.876],[-82.798,39.877],[-82.798,39.877],[-82.798,39.877],[-82.798,39.878],[-82.798,39.88],[-82.798,39.884],[-82.797,39.885],[-82.797,39.888],[-82.796,39.897],[-82.796,39.903],[-82.795,39.903],[-82.795,39.904],[-82.795,39.905],[-82.795,39.905],[-82.795,39.911],[-82.796,39.911],[-82.797,39.911],[-82.799,39.911],[-82.799,39.911],[-82.801,39.911],[-82.802,39.911],[-82.802,39.911],[-82.803,39.911],[-82.803,39.911],[-82.807,39.911],[-82.807,39.911],[-82.808,39.911],[-82.809,39.912],[-82.81,39.912],[-82.81,39.912],[-82.812,39.912],[-82.813,39.912],[-82.813,39.912],[-82.813,39.914],[-82.813,39.918],[-82.812,39.92],[-82.812,39.92],[-82.812,39.925],[-82.812,39.926],[-82.812,39.93],[-82.812,39.932],[-82.811,39.932],[-82.811,39.941],[-82.798,39.941],[-82.798,39.941],[-82.793,39.94],[-82.791,39.94],[-82.782,39.94],[-82.78,39.94],[-82.78,39.94],[-82.778,39.94],[-82.778,39.94],[-82.776,39.939],[-82.775,39.939],[-82.775,39.939],[-82.775,39.939],[-82.775,39.939],[-82.775,39.939],[-82.774,39.939],[-82.772,39.939],[-82.768,39.939],[-82.766,39.939],[-82.762,39.939],[-82.75,39.938],[-82.746,39.938],[-82.742,39.938],[-82.741,39.938],[-82.739,39.938],[-82.729,39.937],[-82.722,39.937],[-82.707,39.936],[-82.697,39.935],[-82.691,39.935],[-82.684,39.935],[-82.681,39.934],[-82.681,39.934],[-82.678,39.934],[-82.672,39.934],[-82.671,39.934],[-82.668,39.934],[-82.661,39.934],[-82.657,39.933],[-82.65,39.933],[-82.639,39.932],[-82.63,39.932],[-82.62,39.932],[-82.609,39.931],[-82.601,39.931],[-82.589,39.93],[-82.581,39.93],[-82.568,39.93],[-82.558,39.929],[-82.545,39.929],[-82.544,39.928],[-82.543,39.928],[-82.533,39.928],[-82.528,39.928],[-82.523,39.927],[-82.522,39.927],[-82.519,39.927],[-82.513,39.927],[-82.509,39.927],[-82.508,39.927],[-82.508,39.927],[-82.507,39.927],[-82.506,39.927],[-82.503,39.927],[-82.498,39.926],[-82.496,39.926],[-82.493,39.926],[-82.488,39.926],[-82.483,39.926],[-82.481,39.925],[-82.478,39.925],[-82.47,39.927],[-82.47,39.927],[-82.463,39.93],[-82.464,39.925],[-82.464,39.924],[-82.464,39.924],[-82.464,39.924],[-82.464,39.923],[-82.464,39.923],[-82.464,39.922],[-82.464,39.922],[-82.464,39.921],[-82.464,39.921],[-82.465,39.913],[-82.465,39.911],[-82.465,39.91],[-82.465,39.907],[-82.465,39.904],[-82.466,39.901],[-82.466,39.895],[-82.467,39.89],[-82.467,39.886],[-82.467,39.885],[-82.468,39.883],[-82.468,39.882],[-82.468,39.88],[-82.468,39.875],[-82.469,39.871],[-82.469,39.867],[-82.469,39.866],[-82.47,39.86],[-82.47,39.858],[-82.471,39.856],[-82.471,39.853],[-82.471,39.852],[-82.471,39.85],[-82.471,39.849],[-82.472,39.846],[-82.472,39.844],[-82.472,39.843],[-82.472,39.842],[-82.472,39.84],[-82.472,39.839],[-82.471,39.837],[-82.462,39.837],[-82.454,39.836],[-82.448,39.836],[-82.446,39.836],[-82.444,39.835],[-82.443,39.835],[-82.439,39.835],[-82.435,39.835],[-82.428,39.835],[-82.425,39.834],[-82.42,39.834],[-82.416,39.834],[-82.408,39.834],[-82.406,39.834],[-82.397,39.833],[-82.397,39.821],[-82.398,39.815],[-82.398,39.81],[-82.398,39.807],[-82.399,39.804],[-82.4,39.791],[-82.4,39.788],[-82.4,39.788],[-82.4,39.787],[-82.4,39.786],[-82.4,39.786],[-82.401,39.78],[-82.401,39.776],[-82.401,39.775],[-82.402,39.769],[-82.402,39.768],[-82.402,39.767],[-82.402,39.763],[-82.403,39.759],[-82.403,39.757],[-82.403,39.753],[-82.403,39.751],[-82.403,39.75],[-82.404,39.748],[-82.404,39.746],[-82.404,39.745],[-82.404,39.745],[-82.392,39.744],[-82.392,39.744],[-82.391,39.744],[-82.39,39.744],[-82.389,39.744],[-82.386,39.744],[-82.385,39.744],[-82.385,39.744],[-82.383,39.743],[-82.381,39.743],[-82.38,39.743],[-82.379,39.743],[-82.377,39.743],[-82.372,39.743],[-82.366,39.743],[-82.367,39.736],[-82.367,39.731],[-82.368,39.728],[-82.368,39.721],[-82.368,39.72],[-82.368,39.72],[-82.368,39.718],[-82.37,39.7],[-82.37,39.699],[-82.371,39.691],[-82.372,39.685],[-82.372,39.685],[-82.372,39.684],[-82.372,39.684],[-82.372,39.683],[-82.372,39.683],[-82.372,39.68],[-82.373,39.673],[-82.373,39.669],[-82.374,39.662],[-82.374,39.662],[-82.374,39.659],[-82.374,39.655],[-82.375,39.655],[-82.385,39.656],[-82.393,39.656],[-82.407,39.657],[-82.41,39.657],[-82.413,39.657],[-82.413,39.657],[-82.414,39.657],[-82.415,39.657],[-82.415,39.657],[-82.415,39.657],[-82.416,39.657],[-82.417,39.657],[-82.417,39.657],[-82.418,39.657],[-82.429,39.658],[-82.441,39.659],[-82.447,39.659],[-82.449,39.659],[-82.453,39.659],[-82.453,39.659],[-82.453,39.659],[-82.454,39.659],[-82.459,39.66],[-82.47,39.66],[-82.471,39.66],[-82.472,39.661],[-82.477,39.661],[-82.488,39.662],[-82.49,39.662]]]},"properties":{"NAME":"Fairfield","GEOID":"39045"}},{"type":"Feature","geometry":{"type":"Polygon","coordinates":[[[-82.566,40.55],[-82.577,40.55],[-82.587,40.55],[-82.602,40.55],[-82.622,40.55],[-82.624,40.551],[-82.624,40.554],[-82.624,40.556],[-82.624,40.557],[-82.624,40.561],[-82.624,40.561],[-82.624,40.563],[-82.624,40.565],[-82.624,40.567],[-82.624,40.568],[-82.624,40.569],[-82.624,40.57],[-82.624,40.572],[-82.624,40.587],[-82.624,40.591],[-82.624,40.593],[-82.624,40.594],[-82.624,40.597],[-82.624,40.598],[-82.624,40.602],[-82.625,40.605],[-82.625,40.606],[-82.625,40.608],[-82.625,40.608],[-82.625,40.613],[-82.625,40.615],[-82.625,40.617],[-82.625,40.62],[-82.625,40.622],[-82.625,40.623],[-82.625,40.624],[-82.625,40.626],[-82.625,40.63],[-82.625,40.637],[-82.627,40.637],[-82.629,40.637],[-82.631,40.637],[-82.633,40.637],[-82.634,40.637],[-82.637,40.637],[-82.644,40.637],[-82.644,40.64],[-82.645,40.651],[-82.645,40.66],[-82.645,40.66],[-82.645,40.661],[-82.645,40.663],[-82.645,40.664],[-82.645,40.666],[-82.639,40.666],[-82.638,40.666],[-82.636,40.666],[-82.633,40.666],[-82.63,40.666],[-82.627,40.666],[-82.626,40.667],[-82.626,40.672],[-82.626,40.674],[-82.626,40.678],[-82.626,40.679],[-82.626,40.681],[-82.627,40.685],[-82.627,40.687],[-82.627,40.688],[-82.627,40.692],[-82.627,40.694],[-82.627,40.695],[-82.627,40.697],[-82.627,40.699],[-82.627,40.709],[-82.655,40.71],[-82.659,40.71],[-82.667,40.71],[-82.689,40.711],[-82.715,40.711],[-82.716,40.711],[-82.722,40.711],[-82.723,40.711],[-82.724,40.711],[-82.727,40.711],[-82.727,40.739],[-82.727,40.75],[-82.727,40.751],[-82.727,40.753],[-82.727,40.755],[-82.727,40.761],[-82.726,40.769],[-82.726,40.772],[-82.726,40.774],[-82.726,40.776],[-82.726,40.781],[-82.726,40.784],[-82.726,40.785],[-82.726,40.786],[-82.726,40.786],[-82.726,40.788],[-82.726,40.789],[-82.726,40.789],[-82.726,40.791],[-82.726,40.792],[-82.726,40.793],[-82.726,40.795],[-82.726,40.798],[-82.726,40.807],[-82.726,40.812],[-82.726,40.817],[-82.725,40.836],[-82.725,40.856],[-82.725,40.88],[-82.725,40.881],[-82.725,40.89],[-82.725,40.895],[-82.724,40.908],[-82.724,40.93],[-82.724,40.941],[-82.724,40.947],[-82.724,40.953],[-82.724,40.962],[-82.724,40.966],[-82.724,40.967],[-82.724,40.968],[-82.724,40.968],[-82.724,40.969],[-82.724,40.97],[-82.724,40.971],[-82.724,40.971],[-82.724,40.972],[-82.724,40.973],[-82.724,40.974],[-82.724,40.974],[-82.724,40.975],[-82.724,40.975],[-82.724,40.976],[-82.725,40.977],[-82.725,40.978],[-82.725,40.979],[-82.725,40.98],[-82.725,40.981],[-82.725,40.996],[-82.724,40.996],[-82.722,40.996],[-82.72,40.996],[-82.72,40.996],[-82.719,40.996],[-82.716,40.996],[-82.715,40.996],[-82.714,40.996],[-82.71,40.996],[-82.706,40.996],[-82.703,40.995],[-82.701,40.995],[-82.699,40.995],[-82.696,40.995],[-82.695,40.995],[-82.694,40.995],[-82.692,40.995],[-82.692,40.995],[-82.691,40.995],[-82.691,40.995],[-82.69,40.995],[-82.688,40.995],[-82.687,40.995],[-82.687,40.995],[-82.687,40.995],[-82.686,40.995],[-82.686,40.995],[-82.686,40.995],[-82.686,40.995],[-82.685,40.995],[-82.684,40.995],[-82.684,40.995],[-82.684,40.995],[-82.683,40.995],[-82.683,40.995],[-82.682,40.995],[-82.682,40.995],[-82.681,40.995],[-82.681,40.995],[-82.681,40.995],[-82.681,40.995],[-82.68,40.995],[-82.68,40.995],[-82.679,40.995],[-82.678,40.995],[-82.677,40.995],[-82.676,40.995],[-82.676,40.995],[-82.675,40.995],[-82.674,40.995],[-82.673,40.995],[-82.672,40.995],[-82.671,40.995],[-82.67,40.995],[-82.67,40.995],[-82.669,40.995],[-82.669,40.995],[-82.668,40.995],[-82.668,40.995],[-82.668,40.995],[-82.668,40.995],[-82.667,40.995],[-82.666,40.995],[-82.666,40.995],[-82.665,40.995],[-82.664,40.995],[-82.662,40.995],[-82.66,40.995],[-82.66,40.995],[-82.659,40.995],[-82.657,40.995],[-82.657,40.995],[-82.656,40.995],[-82.656,40.995],[-82.656,40.995],[-82.655,40.995],[-82.655,40.995],[-82.654,40.995],[-82.654,40.995],[-82.653,40.995],[-82.652,40.995],[-82.65,40.995],[-82.65,40.995],[-82.649,40.995],[-82.649,40.995],[-82.645,40.995],[-82.644,40.995],[-82.641,40.995],[-82.64,40.995],[-82.639,40.995],[-82.635,40.995],[-82.635,40.995],[-82.63,40.995],[-82.629,40.995],[-82.628,40.995],[-82.627,40.995],[-82.626,40.995],[-82.625,40.995],[-82.624,40.995],[-82.621,40.995],[-82.619,40.995],[-82.617,40.995],[-82.615,40.995],[-82.614,40.995],[-82.614,40.995],[-82.611,40.994],[-82.608,40.994],[-82.606,40.994],[-82.606,40.994],[-82.605,40.994],[-82.604,40.994],[-82.603,40.994],[-82.6,40.994],[-82.599,40.994],[-82.598,40.994],[-82.596,40.994],[-82.593,40.994],[-82.592,40.994],[-82.591,40.994],[-82.59,40.994],[-82.589,40.994],[-82.586,40.994],[-82.583,40.994],[-82.582,40.994],[-82.58,40.994],[-82.576,40.994],[-82.573,40.994],[-82.571,40.994],[-82.571,40.994],[-82.568,40.994],[-82.568,40.994],[-82.568,40.994],[-82.567,40.994],[-82.564,40.994],[-82.558,40.994],[-82.558,40.994],[-82.558,40.994],[-82.557,40.994],[-82.555,40.994],[-82.553,40.994],[-82.552,40.994],[-82.55,40.994],[-82.549,40.994],[-82.548,40.994],[-82.546,40.994],[-82.541,40.994],[-82.54,40.994],[-82.538,40.994],[-82.537,40.994],[-82.535,40.993],[-82.534,40.993],[-82.533,40.993],[-82.53,40.993],[-82.529,40.993],[-82.528,40.993],[-82.528,40.993],[-82.525,40.993],[-82.524,40.993],[-82.522,40.993],[-82.521,40.993],[-82.52,40.993],[-82.52,40.993],[-82.516,40.993],[-82.514,40.993],[-82.513,40.993],[-82.509,40.993],[-82.507,40.993],[-82.504,40.993],[-82.5,40.993],[-82.499,40.993],[-82.497,40.993],[-82.496,40.993],[-82.495,40.993],[-82.492,40.993],[-82.491,40.993],[-82.488,40.993],[-82.486,40.993],[-82.484,40.993],[-82.483,40.993],[-82.482,40.993],[-82.48,40.993],[-82.478,40.993],[-82.475,40.993],[-82.474,40.993],[-82.472,40.993],[-82.471,40.993],[-82.47,40.993],[-82.47,40.993],[-82.469,40.993],[-82.467,40.993],[-82.464,40.993],[-82.461,40.993],[-82.46,40.993],[-82.458,40.993],[-82.457,40.993],[-82.456,40.993],[-82.451,40.993],[-82.45,40.993],[-82.447,40.993],[-82.445,40.993],[-82.443,40.993],[-82.438,40.993],[-82.433,40.993],[-82.432,40.993],[-82.428,40.993],[-82.422,40.993],[-82.418,40.993],[-82.418,40.975],[-82.418,40.971],[-82.417,40.953],[-82.417,40.912],[-82.416,40.903],[-82.416,40.902],[-82.416,40.894],[-82.416,40.888],[-82.416,40.877],[-82.416,40.873],[-82.416,40.869],[-82.416,40.867],[-82.416,40.862],[-82.416,40.859],[-82.416,40.857],[-82.416,40.853],[-82.416,40.843],[-82.416,40.834],[-82.416,40.83],[-82.416,40.829],[-82.415,40.828],[-82.416,40.828],[-82.417,40.827],[-82.417,40.826],[-82.417,40.826],[-82.418,40.826],[-82.418,40.826],[-82.419,40.826],[-82.419,40.826],[-82.419,40.826],[-82.419,40.827],[-82.419,40.827],[-82.419,40.828],[-82.419,40.828],[-82.42,40.828],[-82.42,40.828],[-82.42,40.828],[-82.421,40.827],[-82.421,40.827],[-82.42,40.825],[-82.419,40.824],[-82.42,40.824],[-82.42,40.824],[-82.42,40.824],[-82.421,40.824],[-82.421,40.824],[-82.421,40.823],[-82.42,40.823],[-82.419,40.823],[-82.418,40.821],[-82.418,40.821],[-82.417,40.821],[-82.417,40.821],[-82.417,40.821],[-82.417,40.821],[-82.418,40.82],[-82.418,40.82],[-82.418,40.819],[-82.418,40.819],[-82.417,40.818],[-82.417,40.818],[-82.417,40.818],[-82.417,40.817],[-82.417,40.817],[-82.418,40.817],[-82.418,40.816],[-82.417,40.815],[-82.412,40.815],[-82.41,40.815],[-82.409,40.815],[-82.408,40.815],[-82.401,40.808],[-82.389,40.808],[-82.388,40.805],[-82.388,40.804],[-82.388,40.803],[-82.388,40.802],[-82.388,40.802],[-82.388,40.802],[-82.388,40.801],[-82.388,40.801],[-82.387,40.8],[-82.387,40.8],[-82.387,40.799],[-82.388,40.799],[-82.388,40.799],[-82.388,40.799],[-82.389,40.798],[-82.39,40.798],[-82.39,40.798],[-82.39,40.798],[-82.389,40.797],[-82.389,40.797],[-82.389,40.797],[-82.39,40.797],[-82.39,40.796],[-82.389,40.796],[-82.389,40.796],[-82.388,40.795],[-82.388,40.795],[-82.387,40.795],[-82.387,40.795],[-82.387,40.795],[-82.387,40.794],[-82.386,40.794],[-82.386,40.793],[-82.386,40.792],[-82.385,40.792],[-82.385,40.792],[-82.384,40.792],[-82.384,40.792],[-82.384,40.791],[-82.384,40.791],[-82.383,40.79],[-82.383,40.789],[-82.383,40.789],[-82.383,40.789],[-82.383,40.789],[-82.382,40.789],[-82.382,40.789],[-82.382,40.788],[-82.381,40.788],[-82.381,40.788],[-82.381,40.789],[-82.381,40.789],[-82.381,40.789],[-82.381,40.789],[-82.381,40.789],[-82.381,40.789],[-82.381,40.789],[-82.38,40.789],[-82.38,40.789],[-82.38,40.789],[-82.38,40.789],[-82.38,40.789],[-82.38,40.789],[-82.38,40.789],[-82.38,40.789],[-82.38,40.789],[-82.38,40.788],[-82.38,40.788],[-82.38,40.788],[-82.38,40.788],[-82.38,40.788],[-82.38,40.788],[-82.38,40.788],[-82.379,40.787],[-82.379,40.787],[-82.379,40.786],[-82.379,40.781],[-82.379,40.781],[-82.378,40.77],[-82.378,40.768],[-82.378,40.747],[-82.378,40.745],[-82.378,40.744],[-82.378,40.734],[-82.378,40.73],[-82.376,40.727],[-82.376,40.727],[-82.375,40.727],[-82.369,40.727],[-82.366,40.727],[-82.363,40.727],[-82.36,40.727],[-82.359,40.727],[-82.358,40.727],[-82.357,40.727],[-82.356,40.727],[-82.356,40.727],[-82.354,40.727],[-82.339,40.726],[-82.339,40.725],[-82.339,40.724],[-82.339,40.723],[-82.339,40.722],[-82.339,40.721],[-82.339,40.72],[-82.339,40.719],[-82.339,40.718],[-82.339,40.717],[-82.339,40.713],[-82.339,40.712],[-82.339,40.712],[-82.339,40.711],[-82.339,40.71],[-82.339,40.708],[-82.339,40.707],[-82.339,40.706],[-82.339,40.706],[-82.339,40.699],[-82.339,40.694],[-82.339,40.692],[-82.339,40.691],[-82.339,40.69],[-82.339,40.687],[-82.339,40.687],[-82.339,40.686],[-82.339,40.685],[-82.339,40.671],[-82.339,40.665],[-82.339,40.665],[-82.339,40.665],[-82.339,40.664],[-82.339,40.664],[-82.339,40.661],[-82.339,40.66],[-82.339,40.657],[-82.339,40.654],[-82.339,40.652],[-82.338,40.648],[-82.338,40.645],[-82.338,40.638],[-82.338,40.636],[-82.338,40.624],[-82.338,40.609],[-82.338,40.609],[-82.338,40.606],[-82.338,40.6],[-82.338,40.595],[-82.337,40.573],[-82.337,40.569],[-82.337,40.567],[-82.337,40.564],[-82.337,40.561],[-82.346,40.554],[-82.36,40.552],[-82.378,40.551],[-82.378,40.551],[-82.405,40.551],[-82.428,40.551],[-82.433,40.551],[-82.45,40.551],[-82.469,40.551],[-82.471,40.551],[-82.48,40.551],[-82.482,40.551],[-82.485,40.551],[-82.505,40.551],[-82.505,40.551],[-82.509,40.551],[-82.514,40.55],[-82.519,40.55],[-82.52,40.55],[-82.524,40.55],[-82.526,40.55],[-82.527,40.55],[-82.531,40.55],[-82.531,40.55],[-82.533,40.55],[-82.539,40.55],[-82.54,40.55],[-82.541,40.55],[-82.545,40.55],[-82.547,40.55],[-82.551,40.55],[-82.556,40.55],[-82.563,40.55],[-82.566,40.55]]]},"properties":{"NAME":"Richland","GEOID":"39139"}},{"type":"Feature","geometry":{"type":"Polygon","coordinates":[[[-83.579,40.231],[-83.56,40.23],[-83.56,40.23],[-83.554,40.23],[-83.551,40.229],[-83.548,40.229],[-83.547,40.229],[-83.544,40.229],[-83.537,40.228],[-83.534,40.228],[-83.53,40.228],[-83.529,40.228],[-83.522,40.227],[-83.521,40.227],[-83.505,40.226],[-83.495,40.224],[-83.495,40.224],[-83.495,40.223],[-83.495,40.221],[-83.495,40.221],[-83.495,40.22],[-83.495,40.22],[-83.495,40.219],[-83.495,40.217],[-83.496,40.213],[-83.497,40.199],[-83.497,40.198],[-83.497,40.191],[-83.498,40.183],[-83.499,40.174],[-83.499,40.173],[-83.499,40.167],[-83.5,40.164],[-83.5,40.158],[-83.501,40.151],[-83.501,40.145],[-83.502,40.133],[-83.502,40.132],[-83.502,40.129],[-83.503,40.128],[-83.503,40.126],[-83.503,40.12],[-83.505,40.102],[-83.509,40.067],[-83.511,40.053],[-83.512,40.044],[-83.513,40.036],[-83.523,40.011],[-83.535,40.012],[-83.535,40.012],[-83.537,40.012],[-83.562,40.013],[-83.591,40.014],[-83.604,40.015],[-83.615,40.015],[-83.619,40.016],[-83.632,40.016],[-83.636,40.017],[-83.657,40.018],[-83.66,40.018],[-83.662,40.018],[-83.665,40.019],[-83.673,40.019],[-83.674,40.019],[-83.684,40.02],[-83.687,40.02],[-83.689,40.02],[-83.69,40.02],[-83.69,40.02],[-83.693,40.02],[-83.698,40.02],[-83.705,40.021],[-83.707,40.021],[-83.711,40.021],[-83.718,40.022],[-83.727,40.022],[-83.73,40.022],[-83.733,40.023],[-83.743,40.023],[-83.745,40.023],[-83.753,40.024],[-83.76,40.024],[-83.765,40.025],[-83.771,40.025],[-83.78,40.026],[-83.783,40.026],[-83.786,40.026],[-83.789,40.026],[-83.791,40.026],[-83.791,40.026],[-83.797,40.027],[-83.799,40.027],[-83.802,40.027],[-83.804,40.027],[-83.806,40.027],[-83.81,40.028],[-83.817,40.028],[-83.821,40.028],[-83.822,40.028],[-83.825,40.028],[-83.826,40.028],[-83.828,40.029],[-83.831,40.029],[-83.833,40.029],[-83.833,40.029],[-83.845,40.029],[-83.868,40.031],[-83.895,40.032],[-83.896,40.032],[-83.91,40.033],[-83.913,40.033],[-83.914,40.033],[-83.914,40.033],[-83.914,40.033],[-83.915,40.033],[-83.919,40.034],[-83.921,40.034],[-83.94,40.035],[-83.944,40.035],[-83.959,40.036],[-83.971,40.037],[-83.978,40.037],[-83.984,40.038],[-83.996,40.038],[-84,40.038],[-84.018,40.039],[-84.027,40.04],[-84.033,40.04],[-84.036,40.04],[-84.035,40.056],[-84.034,40.061],[-84.033,40.07],[-84.032,40.082],[-84.032,40.09],[-84.03,40.115],[-84.029,40.126],[-84.029,40.126],[-84.028,40.127],[-84.028,40.131],[-84.027,40.14],[-84.026,40.155],[-84.024,40.168],[-84.023,40.184],[-84.021,40.201],[-84.021,40.207],[-84.021,40.211],[-84.02,40.218],[-84.019,40.224],[-84.019,40.23],[-84.018,40.235],[-84.017,40.244],[-84.017,40.248],[-84.017,40.252],[-84.016,40.264],[-84.015,40.273],[-83.999,40.273],[-83.985,40.272],[-83.981,40.271],[-83.966,40.271],[-83.963,40.27],[-83.955,40.27],[-83.927,40.268],[-83.908,40.267],[-83.898,40.267],[-83.888,40.266],[-83.879,40.265],[-83.879,40.265],[-83.871,40.265],[-83.865,40.265],[-83.859,40.264],[-83.852,40.264],[-83.842,40.263],[-83.841,40.263],[-83.837,40.263],[-83.835,40.263],[-83.831,40.263],[-83.831,40.263],[-83.829,40.263],[-83.825,40.262],[-83.821,40.262],[-83.818,40.262],[-83.814,40.262],[-83.81,40.261],[-83.807,40.261],[-83.801,40.261],[-83.794,40.261],[-83.787,40.26],[-83.784,40.26],[-83.784,40.26],[-83.784,40.26],[-83.784,40.26],[-83.784,40.257],[-83.785,40.253],[-83.785,40.248],[-83.785,40.245],[-83.775,40.245],[-83.766,40.244],[-83.754,40.243],[-83.746,40.243],[-83.712,40.241],[-83.686,40.239],[-83.669,40.238],[-83.666,40.238],[-83.664,40.237],[-83.649,40.236],[-83.645,40.236],[-83.638,40.235],[-83.624,40.235],[-83.601,40.233],[-83.599,40.233],[-83.58,40.231],[-83.579,40.231]]]},"properties":{"NAME":"Champaign","GEOID":"39021"}},{"type":"Feature","geometry":{"type":"Polygon","coordinates":[[[-83.375,41.62],[-83.376,41.62],[-83.382,41.62],[-83.384,41.62],[-83.389,41.62],[-83.39,41.62],[-83.4,41.62],[-83.413,41.619],[-83.416,41.619],[-83.457,41.619],[-83.467,41.619],[-83.477,41.618],[-83.477,41.618],[-83.478,41.618],[-83.486,41.618],[-83.489,41.618],[-83.49,41.618],[-83.49,41.618],[-83.491,41.618],[-83.492,41.618],[-83.494,41.618],[-83.498,41.618],[-83.505,41.618],[-83.506,41.618],[-83.515,41.618],[-83.517,41.618],[-83.518,41.618],[-83.519,41.618],[-83.52,41.618],[-83.522,41.618],[-83.522,41.618],[-83.523,41.618],[-83.524,41.618],[-83.525,41.618],[-83.526,41.618],[-83.528,41.618],[-83.529,41.618],[-83.531,41.618],[-83.533,41.618],[-83.533,41.618],[-83.537,41.618],[-83.537,41.618],[-83.537,41.618],[-83.538,41.618],[-83.538,41.618],[-83.539,41.618],[-83.541,41.618],[-83.541,41.618],[-83.543,41.618],[-83.546,41.618],[-83.549,41.618],[-83.553,41.618],[-83.56,41.618],[-83.564,41.618],[-83.57,41.617],[-83.582,41.605],[-83.591,41.595],[-83.592,41.594],[-83.599,41.587],[-83.6,41.587],[-83.601,41.586],[-83.606,41.581],[-83.606,41.58],[-83.607,41.58],[-83.613,41.571],[-83.622,41.57],[-83.626,41.57],[-83.632,41.562],[-83.643,41.561],[-83.65,41.557],[-83.65,41.557],[-83.654,41.555],[-83.66,41.553],[-83.67,41.548],[-83.682,41.546],[-83.683,41.545],[-83.684,41.545],[-83.692,41.54],[-83.7,41.534],[-83.703,41.529],[-83.708,41.525],[-83.709,41.522],[-83.71,41.517],[-83.711,41.512],[-83.713,41.502],[-83.714,41.5],[-83.712,41.497],[-83.712,41.493],[-83.715,41.491],[-83.722,41.487],[-83.729,41.486],[-83.733,41.485],[-83.736,41.482],[-83.74,41.478],[-83.746,41.468],[-83.747,41.467],[-83.747,41.466],[-83.748,41.466],[-83.75,41.465],[-83.753,41.464],[-83.759,41.462],[-83.763,41.463],[-83.765,41.462],[-83.766,41.462],[-83.768,41.463],[-83.77,41.463],[-83.772,41.464],[-83.773,41.464],[-83.774,41.464],[-83.776,41.463],[-83.777,41.463],[-83.777,41.463],[-83.778,41.462],[-83.779,41.461],[-83.78,41.46],[-83.78,41.46],[-83.78,41.459],[-83.78,41.458],[-83.779,41.453],[-83.779,41.452],[-83.78,41.451],[-83.782,41.449],[-83.787,41.447],[-83.802,41.439],[-83.809,41.437],[-83.812,41.435],[-83.815,41.434],[-83.818,41.432],[-83.821,41.432],[-83.823,41.431],[-83.829,41.43],[-83.834,41.428],[-83.845,41.425],[-83.848,41.423],[-83.851,41.42],[-83.852,41.416],[-83.854,41.414],[-83.861,41.414],[-83.861,41.414],[-83.861,41.414],[-83.862,41.414],[-83.863,41.414],[-83.867,41.415],[-83.871,41.416],[-83.874,41.416],[-83.877,41.415],[-83.883,41.415],[-83.883,41.417],[-83.883,41.419],[-83.883,41.423],[-83.883,41.424],[-83.883,41.43],[-83.883,41.432],[-83.883,41.438],[-83.883,41.441],[-83.883,41.444],[-83.883,41.446],[-83.883,41.45],[-83.883,41.451],[-83.883,41.451],[-83.883,41.453],[-83.883,41.455],[-83.883,41.457],[-83.883,41.458],[-83.883,41.463],[-83.883,41.476],[-83.883,41.479],[-83.883,41.48],[-83.883,41.484],[-83.883,41.486],[-83.883,41.489],[-83.883,41.49],[-83.883,41.491],[-83.883,41.495],[-83.883,41.497],[-83.883,41.498],[-83.883,41.5],[-83.883,41.501],[-83.883,41.502],[-83.883,41.504],[-83.883,41.506],[-83.883,41.508],[-83.883,41.511],[-83.883,41.514],[-83.883,41.517],[-83.883,41.519],[-83.883,41.521],[-83.883,41.525],[-83.883,41.53],[-83.883,41.531],[-83.883,41.531],[-83.883,41.532],[-83.883,41.533],[-83.883,41.533],[-83.883,41.535],[-83.883,41.536],[-83.883,41.537],[-83.883,41.539],[-83.883,41.542],[-83.883,41.547],[-83.883,41.549],[-83.883,41.55],[-83.883,41.552],[-83.883,41.554],[-83.883,41.555],[-83.883,41.557],[-83.883,41.558],[-83.883,41.559],[-83.883,41.561],[-83.883,41.562],[-83.883,41.562],[-83.883,41.563],[-83.883,41.564],[-83.883,41.565],[-83.883,41.565],[-83.883,41.566],[-83.883,41.568],[-83.883,41.57],[-83.883,41.572],[-83.883,41.575],[-83.883,41.578],[-83.883,41.581],[-83.883,41.582],[-83.883,41.582],[-83.883,41.582],[-83.883,41.583],[-83.883,41.583],[-83.882,41.585],[-83.882,41.586],[-83.882,41.587],[-83.882,41.589],[-83.882,41.59],[-83.882,41.59],[-83.882,41.59],[-83.882,41.592],[-83.882,41.594],[-83.883,41.595],[-83.882,41.597],[-83.882,41.598],[-83.882,41.6],[-83.882,41.603],[-83.882,41.603],[-83.882,41.607],[-83.882,41.609],[-83.882,41.614],[-83.879,41.618],[-83.877,41.618],[-83.878,41.629],[-83.878,41.636],[-83.878,41.64],[-83.878,41.641],[-83.878,41.65],[-83.878,41.654],[-83.878,41.659],[-83.879,41.661],[-83.879,41.666],[-83.879,41.667],[-83.879,41.668],[-83.879,41.671],[-83.879,41.671],[-83.879,41.672],[-83.879,41.678],[-83.879,41.681],[-83.879,41.683],[-83.879,41.684],[-83.879,41.684],[-83.879,41.686],[-83.879,41.686],[-83.879,41.686],[-83.88,41.693],[-83.88,41.694],[-83.88,41.702],[-83.88,41.703],[-83.88,41.708],[-83.88,41.712],[-83.88,41.714],[-83.88,41.717],[-83.88,41.72],[-83.87,41.721],[-83.859,41.721],[-83.841,41.721],[-83.821,41.722],[-83.806,41.722],[-83.782,41.723],[-83.77,41.723],[-83.759,41.724],[-83.749,41.724],[-83.744,41.724],[-83.731,41.725],[-83.73,41.725],[-83.715,41.725],[-83.709,41.725],[-83.709,41.725],[-83.7,41.726],[-83.69,41.726],[-83.689,41.726],[-83.689,41.726],[-83.685,41.727],[-83.675,41.727],[-83.671,41.727],[-83.668,41.727],[-83.666,41.727],[-83.656,41.727],[-83.65,41.727],[-83.646,41.727],[-83.64,41.728],[-83.639,41.728],[-83.632,41.728],[-83.629,41.728],[-83.625,41.728],[-83.615,41.728],[-83.605,41.729],[-83.601,41.729],[-83.595,41.729],[-83.586,41.729],[-83.58,41.729],[-83.571,41.73],[-83.57,41.73],[-83.57,41.73],[-83.567,41.73],[-83.554,41.73],[-83.548,41.73],[-83.543,41.73],[-83.537,41.731],[-83.533,41.731],[-83.53,41.731],[-83.53,41.731],[-83.529,41.731],[-83.526,41.731],[-83.521,41.731],[-83.52,41.731],[-83.518,41.731],[-83.509,41.731],[-83.504,41.732],[-83.499,41.732],[-83.499,41.732],[-83.498,41.732],[-83.497,41.732],[-83.49,41.732],[-83.489,41.732],[-83.488,41.732],[-83.483,41.732],[-83.482,41.732],[-83.481,41.732],[-83.472,41.733],[-83.469,41.733],[-83.467,41.732],[-83.465,41.732],[-83.464,41.732],[-83.464,41.733],[-83.454,41.733],[-83.447,41.733],[-83.416,41.734],[-83.404,41.743],[-83.391,41.752],[-83.375,41.765],[-83.291,41.826],[-83.186,41.906],[-83.074,41.875],[-83.067,41.863],[-83.014,41.809],[-83.068,41.744],[-83.11,41.692],[-83.165,41.623],[-83.172,41.623],[-83.174,41.623],[-83.177,41.623],[-83.18,41.623],[-83.183,41.623],[-83.191,41.623],[-83.197,41.623],[-83.207,41.623],[-83.21,41.623],[-83.23,41.623],[-83.24,41.623],[-83.243,41.623],[-83.256,41.623],[-83.257,41.623],[-83.259,41.623],[-83.26,41.623],[-83.279,41.622],[-83.287,41.622],[-83.289,41.622],[-83.289,41.622],[-83.298,41.622],[-83.299,41.622],[-83.307,41.622],[-83.309,41.622],[-83.314,41.622],[-83.315,41.622],[-83.318,41.621],[-83.324,41.621],[-83.338,41.621],[-83.35,41.621],[-83.354,41.621],[-83.362,41.621],[-83.369,41.62],[-83.37,41.62],[-83.375,41.62],[-83.375,41.62]]]},"properties":{"NAME":"Lucas","GEOID":"39095"}},{"type":"Feature","geometry":{"type":"Polygon","coordinates":[[[-80.519,40.654],[-80.519,40.654],[-80.519,40.653],[-80.519,40.651],[-80.519,40.651],[-80.519,40.65],[-80.519,40.65],[-80.519,40.65],[-80.519,40.648],[-80.519,40.643],[-80.519,40.643],[-80.519,40.642],[-80.519,40.639],[-80.519,40.639],[-80.521,40.638],[-80.522,40.637],[-80.524,40.637],[-80.526,40.636],[-80.529,40.636],[-80.531,40.636],[-80.534,40.635],[-80.535,40.635],[-80.535,40.634],[-80.536,40.634],[-80.536,40.634],[-80.537,40.633],[-80.539,40.633],[-80.539,40.633],[-80.539,40.632],[-80.54,40.632],[-80.543,40.631],[-80.546,40.63],[-80.548,40.629],[-80.55,40.629],[-80.551,40.629],[-80.551,40.629],[-80.552,40.629],[-80.553,40.628],[-80.553,40.627],[-80.555,40.626],[-80.556,40.626],[-80.557,40.626],[-80.558,40.625],[-80.558,40.625],[-80.558,40.625],[-80.559,40.624],[-80.561,40.624],[-80.562,40.622],[-80.563,40.622],[-80.564,40.621],[-80.564,40.621],[-80.564,40.621],[-80.565,40.62],[-80.565,40.62],[-80.567,40.618],[-80.568,40.618],[-80.569,40.617],[-80.57,40.616],[-80.571,40.616],[-80.573,40.615],[-80.574,40.615],[-80.575,40.615],[-80.576,40.614],[-80.579,40.614],[-80.581,40.614],[-80.582,40.615],[-80.584,40.616],[-80.586,40.618],[-80.588,40.619],[-80.589,40.62],[-80.589,40.62],[-80.59,40.62],[-80.591,40.621],[-80.593,40.623],[-80.595,40.624],[-80.597,40.625],[-80.598,40.625],[-80.599,40.625],[-80.601,40.625],[-80.603,40.625],[-80.605,40.625],[-80.609,40.624],[-80.61,40.623],[-80.61,40.623],[-80.611,40.623],[-80.614,40.622],[-80.616,40.622],[-80.618,40.621],[-80.623,40.62],[-80.625,40.62],[-80.626,40.62],[-80.627,40.62],[-80.629,40.619],[-80.63,40.619],[-80.63,40.618],[-80.632,40.617],[-80.633,40.617],[-80.634,40.616],[-80.636,40.615],[-80.636,40.614],[-80.637,40.613],[-80.637,40.613],[-80.639,40.612],[-80.64,40.611],[-80.64,40.611],[-80.643,40.607],[-80.644,40.604],[-80.645,40.604],[-80.645,40.603],[-80.647,40.603],[-80.647,40.602],[-80.648,40.601],[-80.649,40.6],[-80.651,40.599],[-80.651,40.598],[-80.653,40.597],[-80.654,40.596],[-80.655,40.596],[-80.654,40.597],[-80.653,40.598],[-80.654,40.598],[-80.655,40.597],[-80.658,40.594],[-80.66,40.593],[-80.662,40.592],[-80.663,40.592],[-80.664,40.591],[-80.665,40.589],[-80.666,40.588],[-80.666,40.587],[-80.667,40.585],[-80.667,40.584],[-80.668,40.583],[-80.668,40.582],[-80.669,40.582],[-80.669,40.582],[-80.669,40.583],[-80.67,40.583],[-80.67,40.583],[-80.671,40.583],[-80.684,40.583],[-80.685,40.583],[-80.701,40.583],[-80.706,40.583],[-80.708,40.583],[-80.715,40.583],[-80.721,40.583],[-80.727,40.583],[-80.733,40.583],[-80.734,40.583],[-80.735,40.583],[-80.736,40.583],[-80.738,40.583],[-80.738,40.583],[-80.738,40.583],[-80.74,40.583],[-80.746,40.583],[-80.747,40.584],[-80.747,40.588],[-80.747,40.596],[-80.747,40.597],[-80.747,40.597],[-80.748,40.597],[-80.756,40.597],[-80.773,40.597],[-80.782,40.598],[-80.795,40.598],[-80.804,40.598],[-80.807,40.598],[-80.812,40.598],[-80.818,40.598],[-80.822,40.598],[-80.825,40.598],[-80.827,40.598],[-80.831,40.599],[-80.834,40.599],[-80.836,40.599],[-80.837,40.599],[-80.838,40.599],[-80.839,40.599],[-80.851,40.599],[-80.855,40.599],[-80.862,40.601],[-80.862,40.608],[-80.862,40.611],[-80.862,40.612],[-80.862,40.612],[-80.862,40.614],[-80.862,40.616],[-80.861,40.619],[-80.861,40.62],[-80.861,40.621],[-80.861,40.622],[-80.861,40.622],[-80.861,40.622],[-80.861,40.623],[-80.861,40.625],[-80.861,40.635],[-80.861,40.638],[-80.861,40.643],[-80.865,40.643],[-80.866,40.643],[-80.866,40.643],[-80.875,40.643],[-80.877,40.643],[-80.877,40.643],[-80.878,40.643],[-80.88,40.643],[-80.88,40.643],[-80.882,40.643],[-80.884,40.643],[-80.899,40.643],[-80.902,40.643],[-80.902,40.643],[-80.903,40.643],[-80.903,40.643],[-80.903,40.643],[-80.905,40.643],[-80.905,40.643],[-80.905,40.643],[-80.909,40.643],[-80.91,40.643],[-80.912,40.643],[-80.918,40.643],[-80.918,40.649],[-80.918,40.655],[-80.918,40.657],[-80.918,40.658],[-80.918,40.664],[-80.917,40.67],[-80.917,40.672],[-80.917,40.673],[-80.917,40.674],[-80.917,40.676],[-80.917,40.677],[-80.917,40.678],[-80.917,40.68],[-80.917,40.681],[-80.917,40.682],[-80.917,40.683],[-80.917,40.685],[-80.917,40.688],[-80.917,40.689],[-80.917,40.69],[-80.917,40.692],[-80.917,40.693],[-80.917,40.696],[-80.917,40.698],[-80.917,40.7],[-80.917,40.701],[-80.917,40.702],[-80.917,40.702],[-80.917,40.702],[-80.917,40.702],[-80.917,40.702],[-80.917,40.705],[-80.917,40.714],[-80.917,40.717],[-80.917,40.721],[-80.917,40.722],[-80.917,40.724],[-80.917,40.724],[-80.917,40.725],[-80.917,40.726],[-80.917,40.727],[-80.918,40.727],[-80.926,40.727],[-80.957,40.727],[-80.964,40.727],[-80.969,40.727],[-80.975,40.727],[-80.983,40.727],[-80.987,40.727],[-80.995,40.727],[-80.997,40.727],[-80.998,40.727],[-80.999,40.727],[-81,40.727],[-81.002,40.727],[-81.009,40.727],[-81.012,40.727],[-81.014,40.727],[-81.015,40.727],[-81.018,40.727],[-81.019,40.727],[-81.02,40.727],[-81.022,40.727],[-81.028,40.727],[-81.036,40.727],[-81.038,40.727],[-81.041,40.727],[-81.043,40.727],[-81.051,40.728],[-81.052,40.728],[-81.055,40.728],[-81.06,40.728],[-81.063,40.728],[-81.07,40.728],[-81.074,40.728],[-81.075,40.728],[-81.08,40.728],[-81.081,40.728],[-81.084,40.728],[-81.085,40.728],[-81.087,40.728],[-81.087,40.731],[-81.087,40.732],[-81.087,40.732],[-81.087,40.734],[-81.087,40.735],[-81.087,40.736],[-81.087,40.737],[-81.087,40.738],[-81.087,40.739],[-81.087,40.739],[-81.087,40.74],[-81.087,40.74],[-81.087,40.742],[-81.087,40.747],[-81.087,40.748],[-81.087,40.749],[-81.087,40.75],[-81.087,40.751],[-81.087,40.751],[-81.087,40.757],[-81.087,40.767],[-81.087,40.786],[-81.087,40.791],[-81.087,40.798],[-81.087,40.801],[-81.087,40.801],[-81.087,40.806],[-81.087,40.813],[-81.087,40.814],[-81.087,40.821],[-81.087,40.831],[-81.087,40.843],[-81.087,40.847],[-81.087,40.857],[-81.087,40.863],[-81.087,40.866],[-81.087,40.868],[-81.087,40.869],[-81.087,40.872],[-81.087,40.873],[-81.087,40.875],[-81.087,40.876],[-81.087,40.878],[-81.087,40.879],[-81.087,40.881],[-81.087,40.884],[-81.087,40.886],[-81.087,40.886],[-81.087,40.886],[-81.087,40.887],[-81.087,40.888],[-81.087,40.89],[-81.087,40.891],[-81.087,40.892],[-81.087,40.894],[-81.087,40.895],[-81.087,40.897],[-81.087,40.9],[-81.087,40.902],[-81.085,40.902],[-81.085,40.902],[-81.079,40.902],[-81.078,40.902],[-81.077,40.902],[-81.076,40.902],[-81.073,40.902],[-81.072,40.902],[-81.071,40.902],[-81.069,40.902],[-81.066,40.902],[-81.064,40.902],[-81.061,40.902],[-81.056,40.902],[-81.053,40.902],[-81.051,40.902],[-81.05,40.902],[-81.048,40.902],[-81.046,40.901],[-81.038,40.901],[-81.035,40.901],[-81.033,40.901],[-81.033,40.901],[-81.031,40.901],[-81.027,40.901],[-81.025,40.901],[-81.023,40.901],[-81.019,40.901],[-81.019,40.902],[-81.017,40.901],[-81.014,40.901],[-81.013,40.902],[-81.01,40.902],[-81.008,40.902],[-81.005,40.902],[-81.003,40.902],[-81.001,40.902],[-81.001,40.902],[-81,40.902],[-80.994,40.902],[-80.989,40.902],[-80.988,40.902],[-80.988,40.902],[-80.983,40.901],[-80.979,40.901],[-80.978,40.901],[-80.975,40.901],[-80.974,40.901],[-80.97,40.901],[-80.962,40.901],[-80.959,40.901],[-80.958,40.901],[-80.956,40.901],[-80.956,40.901],[-80.955,40.901],[-80.955,40.901],[-80.953,40.901],[-80.952,40.901],[-80.951,40.901],[-80.951,40.901],[-80.946,40.901],[-80.945,40.901],[-80.944,40.901],[-80.943,40.901],[-80.938,40.901],[-80.936,40.901],[-80.934,40.901],[-80.933,40.901],[-80.931,40.901],[-80.928,40.901],[-80.926,40.901],[-80.922,40.901],[-80.921,40.901],[-80.92,40.901],[-80.918,40.901],[-80.915,40.901],[-80.913,40.901],[-80.912,40.901],[-80.908,40.901],[-80.906,40.901],[-80.903,40.901],[-80.899,40.901],[-80.897,40.901],[-80.896,40.901],[-80.896,40.902],[-80.896,40.905],[-80.896,40.907],[-80.896,40.921],[-80.896,40.929],[-80.894,40.93],[-80.891,40.93],[-80.89,40.93],[-80.887,40.93],[-80.883,40.93],[-80.875,40.93],[-80.871,40.93],[-80.866,40.93],[-80.864,40.93],[-80.861,40.93],[-80.857,40.93],[-80.856,40.93],[-80.853,40.93],[-80.85,40.93],[-80.849,40.93],[-80.847,40.93],[-80.842,40.93],[-80.83,40.93],[-80.83,40.93],[-80.828,40.93],[-80.822,40.924],[-80.822,40.92],[-80.822,40.918],[-80.822,40.917],[-80.822,40.917],[-80.822,40.916],[-80.822,40.913],[-80.822,40.911],[-80.822,40.91],[-80.822,40.91],[-80.822,40.909],[-80.822,40.908],[-80.822,40.905],[-80.821,40.901],[-80.816,40.901],[-80.815,40.901],[-80.814,40.901],[-80.811,40.901],[-80.804,40.901],[-80.8,40.901],[-80.8,40.901],[-80.798,40.901],[-80.797,40.901],[-80.797,40.901],[-80.794,40.901],[-80.793,40.901],[-80.792,40.901],[-80.789,40.901],[-80.786,40.901],[-80.786,40.901],[-80.785,40.901],[-80.785,40.901],[-80.784,40.901],[-80.781,40.901],[-80.778,40.901],[-80.778,40.901],[-80.776,40.901],[-80.773,40.901],[-80.772,40.901],[-80.771,40.901],[-80.77,40.901],[-80.77,40.901],[-80.769,40.901],[-80.768,40.901],[-80.767,40.901],[-80.766,40.901],[-80.765,40.901],[-80.764,40.901],[-80.763,40.901],[-80.763,40.901],[-80.762,40.901],[-80.761,40.901],[-80.761,40.901],[-80.76,40.901],[-80.76,40.901],[-80.759,40.901],[-80.758,40.901],[-80.753,40.901],[-80.746,40.9],[-80.739,40.9],[-80.734,40.9],[-80.729,40.9],[-80.726,40.9],[-80.723,40.9],[-80.716,40.9],[-80.712,40.9],[-80.709,40.9],[-80.707,40.9],[-80.704,40.9],[-80.702,40.9],[-80.701,40.9],[-80.701,40.9],[-80.699,40.9],[-80.697,40.9],[-80.696,40.9],[-80.694,40.9],[-80.692,40.9],[-80.692,40.9],[-80.691,40.9],[-80.69,40.9],[-80.688,40.9],[-80.686,40.9],[-80.685,40.9],[-80.684,40.9],[-80.682,40.9],[-80.675,40.9],[-80.67,40.9],[-80.664,40.9],[-80.66,40.9],[-80.658,40.9],[-80.654,40.9],[-80.649,40.9],[-80.635,40.9],[-80.634,40.9],[-80.634,40.9],[-80.628,40.9],[-80.605,40.9],[-80.604,40.9],[-80.595,40.9],[-80.576,40.9],[-80.575,40.9],[-80.557,40.9],[-80.533,40.9],[-80.519,40.9],[-80.519,40.9],[-80.519,40.898],[-80.519,40.895],[-80.519,40.891],[-80.519,40.889],[-80.519,40.888],[-80.519,40.886],[-80.519,40.885],[-80.519,40.881],[-80.519,40.881],[-80.519,40.879],[-80.519,40.877],[-80.519,40.876],[-80.519,40.876],[-80.519,40.875],[-80.519,40.875],[-80.519,40.874],[-80.519,40.871],[-80.519,40.868],[-80.519,40.866],[-80.519,40.864],[-80.519,40.86],[-80.519,40.855],[-80.519,40.853],[-80.519,40.851],[-80.519,40.85],[-80.519,40.85],[-80.519,40.837],[-80.519,40.836],[-80.519,40.831],[-80.519,40.828],[-80.519,40.821],[-80.519,40.814],[-80.519,40.813],[-80.519,40.812],[-80.519,40.811],[-80.519,40.808],[-80.519,40.803],[-80.519,40.802],[-80.519,40.801],[-80.519,40.801],[-80.519,40.8],[-80.519,40.798],[-80.519,40.796],[-80.519,40.795],[-80.519,40.794],[-80.519,40.792],[-80.519,40.791],[-80.519,40.79],[-80.519,40.789],[-80.519,40.789],[-80.519,40.786],[-80.519,40.784],[-80.519,40.778],[-80.519,40.775],[-80.519,40.768],[-80.519,40.76],[-80.519,40.754],[-80.519,40.753],[-80.519,40.752],[-80.519,40.75],[-80.519,40.749],[-80.519,40.747],[-80.519,40.745],[-80.519,40.745],[-80.519,40.743],[-80.519,40.743],[-80.519,40.741],[-80.519,40.738],[-80.519,40.736],[-80.519,40.734],[-80.519,40.73],[-80.519,40.728],[-80.519,40.727],[-80.519,40.726],[-80.519,40.723],[-80.519,40.718],[-80.519,40.717],[-80.519,40.706],[-80.519,40.701],[-80.519,40.689],[-80.519,40.684],[-80.519,40.682],[-80.519,40.681],[-80.519,40.675],[-80.519,40.674],[-80.519,40.674],[-80.519,40.67],[-80.519,40.669],[-80.519,40.669],[-80.519,40.665],[-80.519,40.659],[-80.519,40.655],[-80.519,40.654]]]},"properties":{"NAME":"Columbiana","GEOID":"39029"}},{"type":"Feature","geometry":{"type":"Polygon","coordinates":[[[-83.171,40.198],[-83.171,40.196],[-83.171,40.191],[-83.171,40.184],[-83.171,40.182],[-83.171,40.177],[-83.171,40.17],[-83.17,40.167],[-83.17,40.16],[-83.17,40.159],[-83.17,40.158],[-83.17,40.157],[-83.17,40.156],[-83.17,40.153],[-83.17,40.151],[-83.17,40.15],[-83.17,40.15],[-83.17,40.149],[-83.17,40.147],[-83.17,40.144],[-83.17,40.142],[-83.17,40.139],[-83.17,40.139],[-83.17,40.135],[-83.17,40.132],[-83.17,40.131],[-83.17,40.13],[-83.17,40.13],[-83.17,40.13],[-83.17,40.129],[-83.17,40.129],[-83.17,40.129],[-83.17,40.127],[-83.17,40.126],[-83.17,40.121],[-83.17,40.119],[-83.17,40.117],[-83.17,40.114],[-83.17,40.113],[-83.17,40.108],[-83.17,40.108],[-83.17,40.107],[-83.173,40.107],[-83.173,40.107],[-83.174,40.107],[-83.178,40.107],[-83.179,40.107],[-83.181,40.107],[-83.19,40.107],[-83.192,40.107],[-83.206,40.108],[-83.216,40.108],[-83.234,40.108],[-83.238,40.108],[-83.24,40.108],[-83.251,40.108],[-83.258,40.109],[-83.259,40.109],[-83.259,40.109],[-83.263,40.109],[-83.263,40.109],[-83.264,40.109],[-83.266,40.109],[-83.269,40.109],[-83.27,40.109],[-83.273,40.109],[-83.274,40.109],[-83.276,40.109],[-83.276,40.109],[-83.279,40.109],[-83.281,40.109],[-83.282,40.109],[-83.285,40.109],[-83.287,40.109],[-83.292,40.109],[-83.292,40.109],[-83.307,40.11],[-83.317,40.11],[-83.329,40.11],[-83.345,40.11],[-83.351,40.11],[-83.365,40.11],[-83.375,40.11],[-83.386,40.11],[-83.392,40.11],[-83.393,40.11],[-83.397,40.11],[-83.415,40.111],[-83.424,40.111],[-83.447,40.111],[-83.464,40.111],[-83.48,40.111],[-83.489,40.111],[-83.496,40.111],[-83.499,40.111],[-83.503,40.12],[-83.503,40.126],[-83.503,40.128],[-83.502,40.129],[-83.502,40.132],[-83.502,40.133],[-83.501,40.145],[-83.501,40.151],[-83.5,40.158],[-83.5,40.164],[-83.499,40.167],[-83.499,40.173],[-83.499,40.174],[-83.498,40.183],[-83.497,40.191],[-83.497,40.198],[-83.497,40.199],[-83.496,40.213],[-83.495,40.217],[-83.495,40.219],[-83.495,40.22],[-83.495,40.22],[-83.495,40.221],[-83.495,40.221],[-83.495,40.223],[-83.495,40.224],[-83.495,40.224],[-83.505,40.226],[-83.521,40.227],[-83.522,40.227],[-83.529,40.228],[-83.53,40.228],[-83.534,40.228],[-83.537,40.228],[-83.544,40.229],[-83.547,40.229],[-83.548,40.229],[-83.551,40.229],[-83.551,40.232],[-83.551,40.236],[-83.549,40.246],[-83.549,40.249],[-83.549,40.253],[-83.548,40.257],[-83.548,40.26],[-83.548,40.264],[-83.546,40.276],[-83.546,40.28],[-83.545,40.282],[-83.545,40.283],[-83.545,40.287],[-83.544,40.291],[-83.544,40.297],[-83.544,40.298],[-83.543,40.304],[-83.542,40.31],[-83.541,40.323],[-83.541,40.327],[-83.539,40.34],[-83.539,40.342],[-83.537,40.356],[-83.536,40.364],[-83.535,40.378],[-83.534,40.387],[-83.534,40.39],[-83.533,40.394],[-83.532,40.403],[-83.532,40.404],[-83.531,40.415],[-83.53,40.423],[-83.529,40.429],[-83.528,40.437],[-83.528,40.441],[-83.526,40.459],[-83.525,40.465],[-83.523,40.483],[-83.521,40.499],[-83.52,40.504],[-83.52,40.504],[-83.51,40.504],[-83.497,40.504],[-83.477,40.504],[-83.437,40.505],[-83.435,40.505],[-83.421,40.505],[-83.416,40.505],[-83.406,40.505],[-83.393,40.506],[-83.388,40.506],[-83.386,40.506],[-83.379,40.506],[-83.369,40.506],[-83.352,40.506],[-83.336,40.506],[-83.331,40.506],[-83.322,40.506],[-83.312,40.506],[-83.308,40.506],[-83.301,40.507],[-83.298,40.507],[-83.287,40.507],[-83.271,40.507],[-83.271,40.507],[-83.261,40.507],[-83.255,40.507],[-83.248,40.506],[-83.248,40.504],[-83.248,40.501],[-83.248,40.494],[-83.248,40.492],[-83.248,40.49],[-83.248,40.484],[-83.248,40.475],[-83.248,40.465],[-83.248,40.462],[-83.248,40.457],[-83.248,40.455],[-83.248,40.453],[-83.248,40.453],[-83.248,40.453],[-83.248,40.451],[-83.249,40.44],[-83.249,40.425],[-83.249,40.419],[-83.249,40.416],[-83.249,40.41],[-83.25,40.403],[-83.25,40.385],[-83.25,40.382],[-83.25,40.377],[-83.25,40.377],[-83.25,40.374],[-83.25,40.366],[-83.25,40.363],[-83.25,40.357],[-83.25,40.348],[-83.25,40.343],[-83.25,40.34],[-83.25,40.339],[-83.249,40.324],[-83.249,40.312],[-83.249,40.304],[-83.249,40.302],[-83.249,40.297],[-83.249,40.287],[-83.249,40.28],[-83.249,40.271],[-83.249,40.257],[-83.249,40.25],[-83.249,40.249],[-83.249,40.249],[-83.249,40.249],[-83.249,40.249],[-83.248,40.245],[-83.247,40.244],[-83.246,40.244],[-83.239,40.244],[-83.234,40.244],[-83.216,40.244],[-83.2,40.244],[-83.199,40.244],[-83.198,40.244],[-83.191,40.244],[-83.184,40.244],[-83.173,40.244],[-83.172,40.244],[-83.172,40.241],[-83.172,40.238],[-83.172,40.236],[-83.172,40.228],[-83.172,40.222],[-83.172,40.214],[-83.171,40.204],[-83.171,40.202],[-83.171,40.198]]]},"properties":{"NAME":"Union","GEOID":"39159"}},{"type":"Feature","geometry":{"type":"Polygon","coordinates":[[[-81.42,41.57],[-81.418,41.57],[-81.413,41.57],[-81.413,41.57],[-81.409,41.57],[-81.391,41.568],[-81.391,41.568],[-81.391,41.568],[-81.391,41.566],[-81.391,41.563],[-81.391,41.563],[-81.391,41.563],[-81.391,41.562],[-81.391,41.562],[-81.391,41.561],[-81.391,41.561],[-81.391,41.56],[-81.391,41.56],[-81.391,41.56],[-81.391,41.559],[-81.391,41.558],[-81.391,41.558],[-81.391,41.554],[-81.391,41.549],[-81.391,41.543],[-81.391,41.54],[-81.391,41.537],[-81.391,41.526],[-81.391,41.523],[-81.391,41.522],[-81.391,41.52],[-81.391,41.52],[-81.391,41.512],[-81.391,41.508],[-81.391,41.508],[-81.391,41.508],[-81.391,41.508],[-81.391,41.508],[-81.391,41.508],[-81.391,41.508],[-81.391,41.508],[-81.391,41.506],[-81.391,41.505],[-81.391,41.505],[-81.391,41.505],[-81.391,41.504],[-81.391,41.503],[-81.391,41.499],[-81.391,41.498],[-81.391,41.496],[-81.391,41.494],[-81.391,41.491],[-81.391,41.49],[-81.391,41.49],[-81.391,41.49],[-81.391,41.49],[-81.391,41.489],[-81.391,41.487],[-81.391,41.48],[-81.391,41.478],[-81.391,41.478],[-81.391,41.476],[-81.391,41.474],[-81.391,41.473],[-81.391,41.473],[-81.391,41.473],[-81.391,41.472],[-81.391,41.469],[-81.391,41.467],[-81.391,41.463],[-81.391,41.463],[-81.391,41.461],[-81.391,41.461],[-81.391,41.46],[-81.391,41.459],[-81.391,41.459],[-81.391,41.459],[-81.391,41.456],[-81.391,41.455],[-81.391,41.453],[-81.391,41.452],[-81.391,41.45],[-81.391,41.448],[-81.391,41.448],[-81.392,41.446],[-81.391,41.445],[-81.391,41.445],[-81.39,41.445],[-81.39,41.445],[-81.389,41.445],[-81.388,41.445],[-81.384,41.445],[-81.383,41.445],[-81.381,41.445],[-81.379,41.445],[-81.378,41.445],[-81.378,41.445],[-81.378,41.445],[-81.378,41.445],[-81.378,41.445],[-81.377,41.445],[-81.377,41.445],[-81.376,41.445],[-81.376,41.445],[-81.376,41.445],[-81.376,41.445],[-81.376,41.445],[-81.376,41.445],[-81.375,41.445],[-81.375,41.444],[-81.375,41.444],[-81.375,41.444],[-81.375,41.444],[-81.375,41.443],[-81.375,41.442],[-81.375,41.438],[-81.375,41.438],[-81.375,41.438],[-81.375,41.438],[-81.375,41.435],[-81.375,41.433],[-81.375,41.432],[-81.375,41.431],[-81.375,41.43],[-81.375,41.428],[-81.375,41.428],[-81.375,41.428],[-81.375,41.427],[-81.375,41.426],[-81.375,41.425],[-81.376,41.424],[-81.381,41.424],[-81.386,41.424],[-81.387,41.424],[-81.387,41.424],[-81.387,41.424],[-81.389,41.424],[-81.391,41.424],[-81.392,41.424],[-81.392,41.424],[-81.392,41.422],[-81.392,41.422],[-81.392,41.422],[-81.392,41.419],[-81.392,41.417],[-81.392,41.416],[-81.392,41.416],[-81.392,41.416],[-81.392,41.414],[-81.392,41.412],[-81.392,41.409],[-81.392,41.408],[-81.392,41.406],[-81.392,41.401],[-81.392,41.399],[-81.392,41.398],[-81.392,41.395],[-81.392,41.391],[-81.392,41.391],[-81.392,41.39],[-81.392,41.39],[-81.392,41.389],[-81.392,41.389],[-81.392,41.388],[-81.392,41.387],[-81.392,41.386],[-81.392,41.383],[-81.392,41.382],[-81.392,41.364],[-81.392,41.362],[-81.392,41.357],[-81.392,41.357],[-81.392,41.357],[-81.392,41.357],[-81.392,41.356],[-81.392,41.349],[-81.392,41.348],[-81.394,41.348],[-81.396,41.348],[-81.397,41.348],[-81.4,41.349],[-81.407,41.349],[-81.42,41.349],[-81.431,41.349],[-81.449,41.349],[-81.454,41.349],[-81.461,41.349],[-81.464,41.349],[-81.465,41.349],[-81.466,41.349],[-81.469,41.35],[-81.47,41.35],[-81.481,41.35],[-81.489,41.35],[-81.496,41.35],[-81.499,41.35],[-81.508,41.35],[-81.509,41.35],[-81.51,41.35],[-81.512,41.35],[-81.518,41.35],[-81.518,41.35],[-81.518,41.35],[-81.519,41.35],[-81.521,41.35],[-81.522,41.35],[-81.527,41.35],[-81.534,41.351],[-81.536,41.351],[-81.536,41.351],[-81.537,41.351],[-81.546,41.351],[-81.554,41.351],[-81.558,41.351],[-81.564,41.351],[-81.571,41.351],[-81.58,41.351],[-81.582,41.351],[-81.589,41.351],[-81.592,41.351],[-81.598,41.351],[-81.598,41.35],[-81.597,41.349],[-81.595,41.35],[-81.593,41.35],[-81.593,41.348],[-81.595,41.347],[-81.596,41.347],[-81.597,41.347],[-81.596,41.345],[-81.595,41.344],[-81.593,41.344],[-81.591,41.344],[-81.589,41.343],[-81.588,41.342],[-81.588,41.339],[-81.588,41.337],[-81.589,41.334],[-81.59,41.332],[-81.591,41.331],[-81.592,41.33],[-81.591,41.327],[-81.588,41.324],[-81.587,41.322],[-81.587,41.321],[-81.588,41.32],[-81.587,41.318],[-81.584,41.316],[-81.583,41.315],[-81.584,41.313],[-81.584,41.312],[-81.584,41.31],[-81.585,41.309],[-81.585,41.307],[-81.583,41.306],[-81.58,41.306],[-81.577,41.305],[-81.576,41.304],[-81.574,41.303],[-81.573,41.303],[-81.574,41.303],[-81.576,41.303],[-81.576,41.301],[-81.573,41.301],[-81.573,41.3],[-81.572,41.298],[-81.572,41.296],[-81.571,41.296],[-81.571,41.295],[-81.572,41.294],[-81.57,41.293],[-81.57,41.293],[-81.571,41.291],[-81.57,41.291],[-81.567,41.29],[-81.566,41.289],[-81.565,41.289],[-81.566,41.288],[-81.566,41.288],[-81.567,41.288],[-81.568,41.287],[-81.568,41.285],[-81.565,41.284],[-81.564,41.284],[-81.564,41.282],[-81.562,41.28],[-81.563,41.279],[-81.565,41.279],[-81.566,41.278],[-81.565,41.278],[-81.569,41.278],[-81.58,41.278],[-81.587,41.278],[-81.593,41.278],[-81.603,41.277],[-81.61,41.278],[-81.625,41.278],[-81.636,41.277],[-81.637,41.277],[-81.638,41.277],[-81.639,41.277],[-81.643,41.277],[-81.65,41.277],[-81.662,41.277],[-81.671,41.277],[-81.677,41.277],[-81.679,41.277],[-81.684,41.277],[-81.685,41.277],[-81.687,41.277],[-81.696,41.277],[-81.701,41.277],[-81.702,41.277],[-81.702,41.277],[-81.718,41.277],[-81.718,41.277],[-81.72,41.277],[-81.72,41.277],[-81.728,41.277],[-81.734,41.277],[-81.736,41.277],[-81.743,41.277],[-81.743,41.277],[-81.744,41.277],[-81.75,41.277],[-81.754,41.277],[-81.758,41.277],[-81.759,41.277],[-81.761,41.277],[-81.768,41.277],[-81.771,41.277],[-81.774,41.277],[-81.784,41.276],[-81.786,41.276],[-81.794,41.276],[-81.796,41.276],[-81.801,41.276],[-81.803,41.276],[-81.805,41.276],[-81.806,41.276],[-81.806,41.276],[-81.808,41.276],[-81.811,41.276],[-81.813,41.276],[-81.816,41.276],[-81.816,41.276],[-81.817,41.276],[-81.818,41.276],[-81.819,41.276],[-81.821,41.276],[-81.822,41.276],[-81.823,41.276],[-81.824,41.276],[-81.824,41.276],[-81.825,41.276],[-81.826,41.276],[-81.827,41.276],[-81.828,41.276],[-81.831,41.276],[-81.835,41.276],[-81.835,41.276],[-81.836,41.276],[-81.839,41.276],[-81.848,41.275],[-81.849,41.275],[-81.85,41.275],[-81.858,41.275],[-81.861,41.275],[-81.862,41.275],[-81.87,41.275],[-81.875,41.275],[-81.878,41.275],[-81.878,41.282],[-81.878,41.283],[-81.878,41.289],[-81.878,41.291],[-81.878,41.293],[-81.878,41.295],[-81.878,41.297],[-81.878,41.305],[-81.877,41.32],[-81.877,41.322],[-81.877,41.329],[-81.877,41.333],[-81.877,41.335],[-81.877,41.336],[-81.877,41.34],[-81.877,41.341],[-81.877,41.343],[-81.877,41.344],[-81.877,41.346],[-81.878,41.351],[-81.88,41.351],[-81.88,41.351],[-81.883,41.351],[-81.884,41.351],[-81.886,41.351],[-81.886,41.351],[-81.889,41.351],[-81.891,41.351],[-81.892,41.351],[-81.893,41.351],[-81.894,41.351],[-81.895,41.351],[-81.898,41.351],[-81.899,41.351],[-81.901,41.351],[-81.903,41.351],[-81.903,41.351],[-81.905,41.351],[-81.912,41.351],[-81.915,41.351],[-81.919,41.351],[-81.922,41.351],[-81.922,41.351],[-81.924,41.351],[-81.93,41.351],[-81.933,41.351],[-81.936,41.351],[-81.937,41.351],[-81.938,41.351],[-81.939,41.351],[-81.946,41.351],[-81.95,41.351],[-81.954,41.351],[-81.956,41.351],[-81.959,41.351],[-81.971,41.351],[-81.971,41.369],[-81.971,41.373],[-81.971,41.375],[-81.971,41.375],[-81.971,41.375],[-81.97,41.385],[-81.97,41.387],[-81.97,41.389],[-81.97,41.389],[-81.97,41.397],[-81.97,41.397],[-81.97,41.402],[-81.97,41.406],[-81.97,41.411],[-81.97,41.417],[-81.97,41.418],[-81.97,41.425],[-81.97,41.431],[-81.97,41.438],[-81.97,41.451],[-81.97,41.462],[-81.969,41.468],[-81.969,41.469],[-81.969,41.469],[-81.969,41.478],[-81.969,41.493],[-81.969,41.497],[-81.969,41.503],[-81.968,41.504],[-81.968,41.505],[-81.968,41.511],[-81.968,41.513],[-81.97,41.625],[-81.971,41.878],[-81.75,41.981],[-81.666,42.01],[-81.553,42.067],[-81.494,42.064],[-81.492,41.875],[-81.489,41.635],[-81.489,41.631],[-81.489,41.629],[-81.489,41.628],[-81.489,41.624],[-81.489,41.623],[-81.489,41.618],[-81.489,41.613],[-81.489,41.611],[-81.489,41.611],[-81.488,41.609],[-81.488,41.609],[-81.489,41.606],[-81.489,41.606],[-81.488,41.605],[-81.488,41.604],[-81.488,41.603],[-81.488,41.601],[-81.488,41.6],[-81.488,41.599],[-81.488,41.598],[-81.488,41.596],[-81.488,41.595],[-81.488,41.594],[-81.488,41.582],[-81.488,41.579],[-81.488,41.577],[-81.488,41.574],[-81.486,41.57],[-81.482,41.57],[-81.481,41.57],[-81.48,41.57],[-81.47,41.57],[-81.458,41.57],[-81.447,41.57],[-81.447,41.57],[-81.446,41.57],[-81.445,41.57],[-81.444,41.57],[-81.443,41.57],[-81.439,41.57],[-81.438,41.57],[-81.434,41.57],[-81.422,41.57],[-81.42,41.57]]]},"properties":{"NAME":"Cuyahoga","GEOID":"39035"}},{"type":"Feature","geometry":{"type":"Polygon","coordinates":[[[-81.877,40.667],[-81.877,40.667],[-81.877,40.667],[-81.886,40.667],[-81.894,40.667],[-81.895,40.667],[-81.897,40.667],[-81.898,40.667],[-81.901,40.667],[-81.902,40.667],[-81.904,40.667],[-81.92,40.667],[-81.921,40.667],[-81.924,40.667],[-81.925,40.667],[-81.93,40.667],[-81.932,40.667],[-81.934,40.667],[-81.947,40.667],[-81.967,40.668],[-81.972,40.668],[-81.972,40.668],[-81.973,40.668],[-81.974,40.668],[-81.976,40.668],[-81.979,40.668],[-81.98,40.668],[-81.986,40.668],[-81.99,40.668],[-81.992,40.668],[-81.993,40.668],[-81.995,40.668],[-81.997,40.668],[-81.999,40.668],[-82.002,40.668],[-82.005,40.668],[-82.006,40.668],[-82.01,40.668],[-82.013,40.668],[-82.017,40.668],[-82.019,40.668],[-82.02,40.668],[-82.022,40.668],[-82.023,40.668],[-82.024,40.668],[-82.026,40.668],[-82.028,40.668],[-82.028,40.668],[-82.03,40.668],[-82.033,40.668],[-82.035,40.668],[-82.036,40.668],[-82.038,40.668],[-82.041,40.668],[-82.043,40.668],[-82.049,40.668],[-82.052,40.668],[-82.054,40.668],[-82.058,40.668],[-82.063,40.668],[-82.064,40.668],[-82.067,40.668],[-82.07,40.668],[-82.071,40.668],[-82.075,40.668],[-82.077,40.668],[-82.079,40.668],[-82.081,40.668],[-82.086,40.668],[-82.087,40.668],[-82.09,40.668],[-82.092,40.668],[-82.095,40.668],[-82.101,40.668],[-82.107,40.668],[-82.107,40.668],[-82.11,40.668],[-82.111,40.668],[-82.111,40.668],[-82.112,40.668],[-82.117,40.668],[-82.126,40.683],[-82.126,40.695],[-82.126,40.697],[-82.126,40.712],[-82.126,40.719],[-82.126,40.727],[-82.127,40.749],[-82.127,40.75],[-82.127,40.763],[-82.127,40.78],[-82.127,40.784],[-82.127,40.788],[-82.127,40.789],[-82.127,40.791],[-82.127,40.794],[-82.127,40.795],[-82.127,40.797],[-82.127,40.797],[-82.127,40.799],[-82.127,40.801],[-82.127,40.803],[-82.127,40.804],[-82.127,40.814],[-82.126,40.829],[-82.126,40.829],[-82.126,40.829],[-82.126,40.83],[-82.126,40.831],[-82.126,40.833],[-82.126,40.835],[-82.126,40.836],[-82.125,40.85],[-82.126,40.852],[-82.126,40.856],[-82.126,40.859],[-82.125,40.859],[-82.125,40.86],[-82.125,40.861],[-82.125,40.862],[-82.125,40.863],[-82.125,40.864],[-82.125,40.864],[-82.125,40.865],[-82.125,40.866],[-82.125,40.866],[-82.125,40.867],[-82.125,40.868],[-82.125,40.868],[-82.125,40.869],[-82.125,40.872],[-82.125,40.873],[-82.125,40.875],[-82.125,40.877],[-82.125,40.878],[-82.125,40.881],[-82.125,40.884],[-82.125,40.885],[-82.125,40.886],[-82.125,40.887],[-82.127,40.901],[-82.128,40.906],[-82.128,40.914],[-82.128,40.915],[-82.128,40.921],[-82.128,40.925],[-82.128,40.937],[-82.129,40.959],[-82.129,40.959],[-82.129,40.968],[-82.129,40.978],[-82.129,40.992],[-82.128,40.992],[-82.124,40.992],[-82.116,40.992],[-82.107,40.992],[-82.096,40.991],[-82.087,40.991],[-82.079,40.991],[-82.069,40.991],[-82.061,40.991],[-82.055,40.991],[-82.036,40.99],[-82.019,40.99],[-81.997,40.99],[-81.994,40.99],[-81.987,40.99],[-81.98,40.99],[-81.959,40.99],[-81.953,40.99],[-81.948,40.99],[-81.94,40.99],[-81.91,40.989],[-81.898,40.989],[-81.897,40.989],[-81.893,40.989],[-81.889,40.989],[-81.875,40.989],[-81.863,40.989],[-81.856,40.989],[-81.833,40.988],[-81.822,40.988],[-81.818,40.988],[-81.808,40.988],[-81.803,40.988],[-81.796,40.988],[-81.795,40.988],[-81.793,40.988],[-81.786,40.988],[-81.785,40.988],[-81.785,40.988],[-81.778,40.988],[-81.772,40.988],[-81.765,40.988],[-81.761,40.988],[-81.754,40.988],[-81.752,40.988],[-81.748,40.988],[-81.742,40.988],[-81.737,40.988],[-81.73,40.988],[-81.729,40.988],[-81.726,40.988],[-81.721,40.988],[-81.715,40.989],[-81.712,40.989],[-81.708,40.989],[-81.701,40.989],[-81.688,40.989],[-81.685,40.989],[-81.682,40.989],[-81.68,40.989],[-81.678,40.989],[-81.678,40.989],[-81.675,40.989],[-81.672,40.989],[-81.671,40.989],[-81.668,40.989],[-81.666,40.989],[-81.663,40.989],[-81.662,40.989],[-81.659,40.989],[-81.658,40.989],[-81.657,40.989],[-81.651,40.989],[-81.648,40.989],[-81.648,40.987],[-81.648,40.987],[-81.648,40.987],[-81.648,40.983],[-81.648,40.981],[-81.648,40.98],[-81.648,40.979],[-81.648,40.977],[-81.648,40.976],[-81.648,40.975],[-81.648,40.974],[-81.648,40.972],[-81.648,40.969],[-81.648,40.966],[-81.648,40.964],[-81.648,40.96],[-81.648,40.959],[-81.648,40.958],[-81.648,40.955],[-81.648,40.951],[-81.648,40.949],[-81.648,40.948],[-81.648,40.944],[-81.648,40.943],[-81.648,40.94],[-81.648,40.938],[-81.648,40.937],[-81.648,40.937],[-81.648,40.933],[-81.648,40.931],[-81.648,40.929],[-81.648,40.925],[-81.648,40.925],[-81.648,40.923],[-81.648,40.918],[-81.648,40.914],[-81.648,40.912],[-81.648,40.907],[-81.648,40.905],[-81.648,40.903],[-81.648,40.902],[-81.648,40.9],[-81.648,40.897],[-81.648,40.894],[-81.648,40.891],[-81.648,40.888],[-81.648,40.887],[-81.648,40.883],[-81.648,40.882],[-81.648,40.879],[-81.648,40.876],[-81.648,40.875],[-81.648,40.873],[-81.648,40.87],[-81.648,40.868],[-81.648,40.866],[-81.648,40.864],[-81.648,40.862],[-81.648,40.859],[-81.648,40.857],[-81.648,40.851],[-81.648,40.848],[-81.648,40.845],[-81.648,40.844],[-81.648,40.84],[-81.648,40.837],[-81.648,40.836],[-81.648,40.833],[-81.648,40.83],[-81.648,40.827],[-81.648,40.826],[-81.648,40.822],[-81.648,40.814],[-81.648,40.81],[-81.648,40.809],[-81.648,40.807],[-81.648,40.805],[-81.648,40.802],[-81.648,40.8],[-81.648,40.798],[-81.648,40.796],[-81.648,40.792],[-81.648,40.788],[-81.648,40.784],[-81.648,40.782],[-81.648,40.779],[-81.648,40.777],[-81.648,40.776],[-81.648,40.77],[-81.648,40.768],[-81.648,40.763],[-81.648,40.761],[-81.648,40.758],[-81.648,40.754],[-81.648,40.751],[-81.648,40.749],[-81.648,40.746],[-81.648,40.735],[-81.648,40.73],[-81.648,40.722],[-81.649,40.709],[-81.649,40.706],[-81.649,40.686],[-81.649,40.669],[-81.65,40.668],[-81.663,40.668],[-81.675,40.668],[-81.683,40.668],[-81.686,40.668],[-81.688,40.668],[-81.692,40.668],[-81.693,40.668],[-81.695,40.668],[-81.695,40.668],[-81.698,40.668],[-81.699,40.668],[-81.703,40.668],[-81.705,40.668],[-81.708,40.668],[-81.709,40.668],[-81.709,40.668],[-81.71,40.668],[-81.71,40.668],[-81.712,40.668],[-81.713,40.668],[-81.714,40.668],[-81.715,40.668],[-81.717,40.668],[-81.718,40.668],[-81.72,40.668],[-81.721,40.668],[-81.724,40.668],[-81.726,40.668],[-81.726,40.668],[-81.729,40.668],[-81.74,40.668],[-81.755,40.668],[-81.765,40.668],[-81.771,40.668],[-81.784,40.668],[-81.804,40.668],[-81.822,40.668],[-81.832,40.668],[-81.854,40.667],[-81.861,40.667],[-81.875,40.667],[-81.877,40.667]]]},"properties":{"NAME":"Wayne","GEOID":"39169"}},{"type":"Feature","geometry":{"type":"Polygon","coordinates":[[[-82.463,40.245],[-82.462,40.245],[-82.459,40.245],[-82.458,40.245],[-82.458,40.245],[-82.453,40.245],[-82.453,40.245],[-82.452,40.245],[-82.452,40.245],[-82.446,40.244],[-82.437,40.244],[-82.435,40.244],[-82.434,40.244],[-82.43,40.244],[-82.43,40.244],[-82.43,40.244],[-82.43,40.244],[-82.429,40.244],[-82.429,40.244],[-82.428,40.244],[-82.426,40.243],[-82.424,40.243],[-82.421,40.243],[-82.42,40.243],[-82.419,40.243],[-82.418,40.243],[-82.417,40.243],[-82.412,40.243],[-82.408,40.243],[-82.407,40.243],[-82.403,40.243],[-82.399,40.242],[-82.395,40.242],[-82.391,40.242],[-82.388,40.242],[-82.385,40.242],[-82.383,40.242],[-82.381,40.242],[-82.38,40.242],[-82.38,40.242],[-82.371,40.241],[-82.363,40.241],[-82.361,40.241],[-82.353,40.24],[-82.337,40.24],[-82.332,40.24],[-82.331,40.24],[-82.33,40.24],[-82.33,40.24],[-82.329,40.24],[-82.328,40.24],[-82.319,40.24],[-82.314,40.24],[-82.313,40.24],[-82.31,40.24],[-82.309,40.24],[-82.302,40.239],[-82.299,40.239],[-82.284,40.239],[-82.282,40.239],[-82.28,40.24],[-82.279,40.24],[-82.27,40.24],[-82.27,40.24],[-82.27,40.24],[-82.269,40.24],[-82.269,40.24],[-82.269,40.24],[-82.268,40.24],[-82.263,40.24],[-82.263,40.24],[-82.263,40.24],[-82.262,40.24],[-82.249,40.24],[-82.247,40.24],[-82.24,40.24],[-82.218,40.24],[-82.217,40.24],[-82.207,40.239],[-82.196,40.239],[-82.183,40.239],[-82.183,40.233],[-82.184,40.228],[-82.183,40.227],[-82.184,40.226],[-82.184,40.225],[-82.184,40.214],[-82.185,40.208],[-82.185,40.208],[-82.185,40.205],[-82.185,40.204],[-82.187,40.183],[-82.187,40.183],[-82.186,40.182],[-82.186,40.182],[-82.187,40.178],[-82.187,40.167],[-82.187,40.166],[-82.187,40.166],[-82.187,40.165],[-82.187,40.165],[-82.187,40.164],[-82.187,40.164],[-82.187,40.163],[-82.187,40.161],[-82.187,40.16],[-82.188,40.157],[-82.188,40.157],[-82.188,40.156],[-82.188,40.154],[-82.188,40.146],[-82.188,40.144],[-82.189,40.137],[-82.189,40.133],[-82.189,40.132],[-82.189,40.125],[-82.189,40.122],[-82.189,40.121],[-82.19,40.117],[-82.19,40.116],[-82.19,40.115],[-82.19,40.113],[-82.19,40.111],[-82.19,40.107],[-82.191,40.098],[-82.191,40.095],[-82.191,40.094],[-82.191,40.094],[-82.191,40.091],[-82.191,40.091],[-82.191,40.09],[-82.191,40.089],[-82.191,40.088],[-82.191,40.084],[-82.191,40.082],[-82.192,40.078],[-82.192,40.078],[-82.192,40.077],[-82.192,40.076],[-82.192,40.074],[-82.192,40.066],[-82.192,40.064],[-82.192,40.063],[-82.193,40.063],[-82.193,40.063],[-82.193,40.059],[-82.193,40.056],[-82.193,40.055],[-82.193,40.052],[-82.194,40.039],[-82.194,40.039],[-82.194,40.039],[-82.194,40.038],[-82.194,40.037],[-82.194,40.037],[-82.194,40.037],[-82.194,40.037],[-82.194,40.036],[-82.194,40.029],[-82.195,40.023],[-82.195,40.021],[-82.195,40.018],[-82.195,40.017],[-82.195,40.016],[-82.195,40.014],[-82.195,40.012],[-82.195,40.01],[-82.195,40.007],[-82.195,40.004],[-82.196,39.999],[-82.196,39.993],[-82.197,39.984],[-82.197,39.977],[-82.197,39.975],[-82.197,39.975],[-82.197,39.975],[-82.197,39.973],[-82.197,39.973],[-82.198,39.971],[-82.198,39.97],[-82.198,39.97],[-82.198,39.969],[-82.198,39.968],[-82.198,39.968],[-82.198,39.967],[-82.198,39.967],[-82.198,39.966],[-82.198,39.966],[-82.198,39.965],[-82.198,39.963],[-82.198,39.962],[-82.198,39.961],[-82.198,39.96],[-82.198,39.96],[-82.198,39.96],[-82.198,39.96],[-82.198,39.96],[-82.198,39.959],[-82.198,39.958],[-82.198,39.957],[-82.198,39.956],[-82.199,39.955],[-82.199,39.955],[-82.199,39.955],[-82.199,39.954],[-82.199,39.954],[-82.199,39.952],[-82.199,39.95],[-82.204,39.95],[-82.206,39.95],[-82.207,39.951],[-82.208,39.951],[-82.208,39.951],[-82.208,39.951],[-82.211,39.951],[-82.212,39.951],[-82.212,39.951],[-82.213,39.951],[-82.213,39.951],[-82.214,39.951],[-82.215,39.951],[-82.215,39.951],[-82.216,39.951],[-82.218,39.951],[-82.219,39.951],[-82.22,39.951],[-82.221,39.951],[-82.221,39.951],[-82.222,39.951],[-82.222,39.951],[-82.224,39.951],[-82.225,39.951],[-82.232,39.951],[-82.232,39.948],[-82.232,39.948],[-82.232,39.947],[-82.232,39.944],[-82.232,39.942],[-82.233,39.935],[-82.234,39.921],[-82.234,39.92],[-82.234,39.92],[-82.234,39.92],[-82.234,39.918],[-82.234,39.917],[-82.234,39.916],[-82.234,39.913],[-82.241,39.914],[-82.244,39.914],[-82.25,39.914],[-82.255,39.914],[-82.266,39.915],[-82.275,39.915],[-82.29,39.916],[-82.295,39.916],[-82.302,39.916],[-82.302,39.916],[-82.303,39.916],[-82.304,39.916],[-82.305,39.916],[-82.306,39.916],[-82.306,39.916],[-82.307,39.916],[-82.307,39.916],[-82.319,39.917],[-82.327,39.917],[-82.337,39.918],[-82.337,39.918],[-82.344,39.918],[-82.349,39.919],[-82.349,39.919],[-82.349,39.919],[-82.351,39.919],[-82.358,39.919],[-82.365,39.92],[-82.369,39.92],[-82.37,39.92],[-82.372,39.92],[-82.373,39.92],[-82.375,39.92],[-82.378,39.92],[-82.381,39.92],[-82.387,39.921],[-82.389,39.921],[-82.39,39.921],[-82.391,39.921],[-82.394,39.921],[-82.395,39.921],[-82.397,39.921],[-82.399,39.921],[-82.401,39.922],[-82.403,39.922],[-82.406,39.922],[-82.409,39.922],[-82.413,39.922],[-82.414,39.922],[-82.419,39.923],[-82.425,39.928],[-82.433,39.929],[-82.463,39.93],[-82.47,39.927],[-82.47,39.927],[-82.478,39.925],[-82.481,39.925],[-82.483,39.926],[-82.488,39.926],[-82.493,39.926],[-82.496,39.926],[-82.498,39.926],[-82.503,39.927],[-82.506,39.927],[-82.507,39.927],[-82.508,39.927],[-82.508,39.927],[-82.509,39.927],[-82.513,39.927],[-82.519,39.927],[-82.522,39.927],[-82.523,39.927],[-82.528,39.928],[-82.533,39.928],[-82.543,39.928],[-82.544,39.928],[-82.545,39.929],[-82.558,39.929],[-82.568,39.93],[-82.581,39.93],[-82.589,39.93],[-82.601,39.931],[-82.609,39.931],[-82.62,39.932],[-82.63,39.932],[-82.639,39.932],[-82.65,39.933],[-82.657,39.933],[-82.661,39.934],[-82.668,39.934],[-82.671,39.934],[-82.672,39.934],[-82.678,39.934],[-82.681,39.934],[-82.681,39.934],[-82.684,39.935],[-82.691,39.935],[-82.697,39.935],[-82.707,39.936],[-82.722,39.937],[-82.729,39.937],[-82.739,39.938],[-82.741,39.938],[-82.742,39.938],[-82.746,39.938],[-82.75,39.938],[-82.762,39.939],[-82.766,39.939],[-82.768,39.939],[-82.772,39.939],[-82.774,39.939],[-82.775,39.939],[-82.775,39.939],[-82.775,39.939],[-82.775,39.939],[-82.775,39.939],[-82.776,39.939],[-82.778,39.94],[-82.778,39.94],[-82.78,39.94],[-82.78,39.94],[-82.782,39.94],[-82.782,39.941],[-82.782,39.942],[-82.782,39.944],[-82.782,39.946],[-82.782,39.947],[-82.782,39.949],[-82.782,39.95],[-82.782,39.95],[-82.782,39.95],[-82.782,39.95],[-82.782,39.951],[-82.782,39.951],[-82.781,39.952],[-82.781,39.956],[-82.781,39.956],[-82.781,39.958],[-82.781,39.962],[-82.78,39.964],[-82.78,39.965],[-82.78,39.967],[-82.78,39.968],[-82.78,39.969],[-82.78,39.971],[-82.78,39.972],[-82.78,39.973],[-82.78,39.973],[-82.78,39.974],[-82.78,39.974],[-82.78,39.974],[-82.78,39.975],[-82.779,39.976],[-82.774,39.977],[-82.774,39.979],[-82.773,39.981],[-82.773,39.982],[-82.773,39.983],[-82.773,39.983],[-82.773,39.983],[-82.773,39.983],[-82.773,39.984],[-82.773,39.984],[-82.773,39.986],[-82.773,39.987],[-82.773,39.987],[-82.773,39.987],[-82.772,39.99],[-82.772,39.992],[-82.772,39.998],[-82.772,39.998],[-82.772,39.999],[-82.772,40.003],[-82.771,40.004],[-82.771,40.004],[-82.771,40.004],[-82.771,40.005],[-82.771,40.006],[-82.771,40.013],[-82.77,40.019],[-82.77,40.023],[-82.77,40.024],[-82.769,40.028],[-82.769,40.031],[-82.769,40.032],[-82.769,40.034],[-82.769,40.034],[-82.769,40.036],[-82.769,40.037],[-82.769,40.038],[-82.768,40.04],[-82.768,40.044],[-82.768,40.049],[-82.767,40.058],[-82.766,40.069],[-82.765,40.079],[-82.765,40.08],[-82.765,40.084],[-82.765,40.088],[-82.764,40.096],[-82.764,40.096],[-82.764,40.096],[-82.764,40.097],[-82.764,40.097],[-82.764,40.098],[-82.764,40.098],[-82.763,40.11],[-82.762,40.124],[-82.762,40.126],[-82.762,40.128],[-82.761,40.131],[-82.761,40.134],[-82.761,40.136],[-82.761,40.138],[-82.761,40.141],[-82.761,40.143],[-82.76,40.144],[-82.76,40.146],[-82.76,40.148],[-82.76,40.152],[-82.76,40.154],[-82.76,40.156],[-82.759,40.158],[-82.759,40.162],[-82.759,40.163],[-82.759,40.164],[-82.759,40.166],[-82.758,40.171],[-82.758,40.175],[-82.758,40.176],[-82.758,40.179],[-82.758,40.182],[-82.758,40.183],[-82.758,40.184],[-82.757,40.19],[-82.757,40.191],[-82.757,40.193],[-82.757,40.195],[-82.757,40.196],[-82.757,40.199],[-82.756,40.2],[-82.756,40.201],[-82.756,40.201],[-82.756,40.203],[-82.756,40.206],[-82.756,40.207],[-82.756,40.208],[-82.756,40.21],[-82.755,40.216],[-82.755,40.221],[-82.755,40.225],[-82.755,40.226],[-82.754,40.227],[-82.754,40.228],[-82.754,40.229],[-82.754,40.232],[-82.754,40.235],[-82.754,40.239],[-82.754,40.241],[-82.754,40.242],[-82.753,40.243],[-82.753,40.244],[-82.753,40.245],[-82.753,40.246],[-82.753,40.246],[-82.753,40.248],[-82.753,40.252],[-82.752,40.256],[-82.752,40.258],[-82.752,40.258],[-82.752,40.259],[-82.752,40.26],[-82.752,40.261],[-82.752,40.261],[-82.752,40.263],[-82.752,40.264],[-82.752,40.267],[-82.751,40.271],[-82.751,40.273],[-82.751,40.274],[-82.747,40.277],[-82.732,40.276],[-82.732,40.276],[-82.732,40.276],[-82.718,40.276],[-82.706,40.275],[-82.706,40.275],[-82.705,40.275],[-82.691,40.275],[-82.676,40.274],[-82.674,40.274],[-82.673,40.274],[-82.672,40.274],[-82.672,40.274],[-82.671,40.274],[-82.668,40.274],[-82.667,40.274],[-82.662,40.273],[-82.656,40.273],[-82.652,40.273],[-82.648,40.273],[-82.646,40.273],[-82.643,40.273],[-82.642,40.273],[-82.641,40.273],[-82.639,40.272],[-82.639,40.272],[-82.639,40.272],[-82.635,40.272],[-82.632,40.272],[-82.627,40.272],[-82.625,40.272],[-82.622,40.272],[-82.619,40.271],[-82.615,40.271],[-82.611,40.271],[-82.611,40.271],[-82.606,40.271],[-82.604,40.271],[-82.604,40.271],[-82.599,40.271],[-82.599,40.271],[-82.591,40.27],[-82.586,40.27],[-82.581,40.27],[-82.574,40.269],[-82.573,40.269],[-82.572,40.269],[-82.571,40.269],[-82.568,40.269],[-82.562,40.269],[-82.561,40.269],[-82.56,40.269],[-82.558,40.269],[-82.558,40.269],[-82.555,40.268],[-82.554,40.268],[-82.546,40.268],[-82.543,40.268],[-82.538,40.268],[-82.536,40.267],[-82.53,40.267],[-82.529,40.267],[-82.526,40.267],[-82.525,40.267],[-82.521,40.267],[-82.519,40.267],[-82.516,40.267],[-82.515,40.267],[-82.515,40.267],[-82.51,40.266],[-82.506,40.266],[-82.505,40.266],[-82.505,40.266],[-82.505,40.266],[-82.501,40.266],[-82.5,40.266],[-82.5,40.266],[-82.499,40.266],[-82.498,40.266],[-82.491,40.265],[-82.478,40.265],[-82.477,40.261],[-82.477,40.252],[-82.477,40.251],[-82.477,40.246],[-82.474,40.246],[-82.463,40.245]]]},"properties":{"NAME":"Licking","GEOID":"39089"}},{"type":"Feature","geometry":{"type":"Polygon","coordinates":[[[-83.88,40.579],[-83.88,40.576],[-83.88,40.572],[-83.88,40.567],[-83.88,40.566],[-83.88,40.566],[-83.88,40.554],[-83.885,40.538],[-83.894,40.537],[-83.912,40.535],[-83.912,40.535],[-83.917,40.535],[-83.921,40.535],[-83.93,40.535],[-83.935,40.535],[-83.941,40.535],[-83.956,40.535],[-83.967,40.535],[-83.975,40.535],[-83.994,40.535],[-83.994,40.534],[-83.994,40.528],[-83.994,40.522],[-83.994,40.513],[-83.994,40.509],[-83.994,40.504],[-83.994,40.499],[-83.994,40.494],[-83.994,40.494],[-83.994,40.491],[-83.994,40.491],[-83.994,40.49],[-83.994,40.486],[-83.994,40.483],[-83.994,40.483],[-83.996,40.483],[-83.997,40.483],[-84.01,40.483],[-84.021,40.483],[-84.028,40.483],[-84.031,40.483],[-84.05,40.483],[-84.053,40.483],[-84.059,40.483],[-84.065,40.483],[-84.068,40.483],[-84.075,40.483],[-84.078,40.483],[-84.081,40.483],[-84.087,40.483],[-84.095,40.483],[-84.102,40.483],[-84.111,40.483],[-84.116,40.483],[-84.119,40.483],[-84.134,40.483],[-84.14,40.483],[-84.149,40.482],[-84.153,40.482],[-84.164,40.482],[-84.167,40.482],[-84.169,40.482],[-84.174,40.482],[-84.183,40.482],[-84.187,40.482],[-84.191,40.482],[-84.194,40.482],[-84.199,40.482],[-84.204,40.482],[-84.208,40.482],[-84.212,40.482],[-84.219,40.482],[-84.221,40.482],[-84.231,40.482],[-84.247,40.482],[-84.251,40.482],[-84.254,40.482],[-84.259,40.482],[-84.27,40.482],[-84.275,40.482],[-84.279,40.482],[-84.282,40.482],[-84.295,40.481],[-84.298,40.481],[-84.299,40.481],[-84.3,40.481],[-84.306,40.481],[-84.307,40.481],[-84.309,40.481],[-84.317,40.481],[-84.326,40.481],[-84.335,40.481],[-84.338,40.481],[-84.339,40.481],[-84.339,40.474],[-84.339,40.466],[-84.339,40.452],[-84.339,40.448],[-84.339,40.442],[-84.339,40.432],[-84.339,40.423],[-84.339,40.42],[-84.339,40.412],[-84.339,40.404],[-84.339,40.401],[-84.339,40.385],[-84.339,40.382],[-84.339,40.381],[-84.339,40.38],[-84.339,40.379],[-84.339,40.379],[-84.34,40.379],[-84.342,40.379],[-84.344,40.379],[-84.348,40.379],[-84.352,40.379],[-84.358,40.379],[-84.368,40.379],[-84.383,40.378],[-84.391,40.378],[-84.398,40.378],[-84.43,40.378],[-84.434,40.371],[-84.434,40.356],[-84.434,40.355],[-84.455,40.359],[-84.455,40.363],[-84.455,40.363],[-84.456,40.363],[-84.456,40.363],[-84.456,40.363],[-84.456,40.364],[-84.456,40.365],[-84.456,40.365],[-84.456,40.366],[-84.456,40.367],[-84.456,40.367],[-84.456,40.368],[-84.456,40.369],[-84.455,40.37],[-84.455,40.371],[-84.455,40.371],[-84.455,40.375],[-84.455,40.379],[-84.455,40.38],[-84.455,40.382],[-84.455,40.383],[-84.455,40.384],[-84.455,40.385],[-84.455,40.385],[-84.455,40.386],[-84.455,40.387],[-84.455,40.388],[-84.455,40.389],[-84.455,40.39],[-84.455,40.391],[-84.455,40.392],[-84.455,40.393],[-84.455,40.394],[-84.455,40.394],[-84.455,40.395],[-84.455,40.396],[-84.455,40.397],[-84.455,40.398],[-84.455,40.399],[-84.455,40.4],[-84.455,40.4],[-84.455,40.401],[-84.455,40.401],[-84.455,40.402],[-84.455,40.402],[-84.455,40.403],[-84.455,40.404],[-84.455,40.404],[-84.455,40.405],[-84.455,40.406],[-84.455,40.407],[-84.455,40.408],[-84.455,40.408],[-84.455,40.415],[-84.455,40.422],[-84.455,40.433],[-84.455,40.437],[-84.455,40.442],[-84.455,40.446],[-84.455,40.451],[-84.455,40.454],[-84.455,40.458],[-84.455,40.461],[-84.455,40.462],[-84.455,40.465],[-84.455,40.472],[-84.455,40.475],[-84.455,40.488],[-84.455,40.489],[-84.455,40.489],[-84.455,40.489],[-84.455,40.489],[-84.455,40.49],[-84.455,40.49],[-84.455,40.49],[-84.455,40.49],[-84.455,40.491],[-84.455,40.491],[-84.455,40.493],[-84.455,40.495],[-84.455,40.497],[-84.455,40.499],[-84.455,40.502],[-84.455,40.503],[-84.455,40.504],[-84.455,40.504],[-84.455,40.504],[-84.455,40.505],[-84.455,40.506],[-84.455,40.506],[-84.455,40.508],[-84.455,40.508],[-84.455,40.517],[-84.455,40.535],[-84.455,40.547],[-84.456,40.549],[-84.456,40.551],[-84.456,40.552],[-84.456,40.553],[-84.456,40.553],[-84.456,40.554],[-84.456,40.554],[-84.456,40.555],[-84.456,40.555],[-84.456,40.556],[-84.456,40.557],[-84.456,40.557],[-84.456,40.561],[-84.456,40.565],[-84.456,40.567],[-84.456,40.568],[-84.456,40.582],[-84.456,40.582],[-84.456,40.582],[-84.456,40.583],[-84.456,40.583],[-84.456,40.584],[-84.456,40.585],[-84.456,40.586],[-84.456,40.587],[-84.456,40.588],[-84.456,40.588],[-84.456,40.589],[-84.456,40.59],[-84.456,40.597],[-84.456,40.598],[-84.456,40.599],[-84.456,40.6],[-84.456,40.601],[-84.456,40.602],[-84.456,40.604],[-84.456,40.604],[-84.456,40.607],[-84.456,40.612],[-84.456,40.613],[-84.456,40.615],[-84.456,40.616],[-84.456,40.617],[-84.456,40.619],[-84.456,40.621],[-84.456,40.622],[-84.456,40.624],[-84.456,40.625],[-84.456,40.627],[-84.456,40.632],[-84.456,40.637],[-84.456,40.639],[-84.456,40.641],[-84.456,40.643],[-84.456,40.646],[-84.456,40.648],[-84.456,40.654],[-84.456,40.655],[-84.456,40.662],[-84.456,40.677],[-84.456,40.681],[-84.456,40.683],[-84.425,40.685],[-84.425,40.685],[-84.423,40.685],[-84.422,40.685],[-84.421,40.685],[-84.419,40.685],[-84.417,40.685],[-84.415,40.685],[-84.413,40.685],[-84.412,40.685],[-84.411,40.685],[-84.41,40.685],[-84.409,40.685],[-84.407,40.685],[-84.405,40.685],[-84.404,40.685],[-84.403,40.685],[-84.401,40.685],[-84.399,40.685],[-84.397,40.685],[-84.375,40.685],[-84.365,40.685],[-84.353,40.685],[-84.339,40.686],[-84.317,40.686],[-84.311,40.686],[-84.308,40.686],[-84.306,40.686],[-84.302,40.686],[-84.302,40.686],[-84.299,40.686],[-84.297,40.686],[-84.293,40.686],[-84.29,40.686],[-84.289,40.686],[-84.287,40.686],[-84.285,40.686],[-84.284,40.686],[-84.281,40.686],[-84.28,40.686],[-84.278,40.686],[-84.275,40.686],[-84.272,40.686],[-84.271,40.686],[-84.266,40.686],[-84.265,40.686],[-84.264,40.686],[-84.263,40.686],[-84.261,40.686],[-84.26,40.686],[-84.259,40.686],[-84.258,40.686],[-84.257,40.686],[-84.256,40.686],[-84.247,40.686],[-84.223,40.686],[-84.223,40.685],[-84.223,40.684],[-84.223,40.682],[-84.223,40.681],[-84.223,40.679],[-84.223,40.678],[-84.223,40.676],[-84.223,40.674],[-84.223,40.671],[-84.223,40.67],[-84.223,40.669],[-84.223,40.667],[-84.223,40.667],[-84.223,40.667],[-84.211,40.657],[-84.203,40.657],[-84.184,40.657],[-84.152,40.657],[-84.15,40.657],[-84.149,40.657],[-84.148,40.657],[-84.146,40.657],[-84.145,40.657],[-84.142,40.657],[-84.14,40.657],[-84.136,40.658],[-84.135,40.658],[-84.132,40.658],[-84.131,40.658],[-84.122,40.658],[-84.108,40.656],[-84.108,40.656],[-84.108,40.654],[-84.108,40.653],[-84.108,40.651],[-84.108,40.651],[-84.108,40.65],[-84.108,40.647],[-84.108,40.645],[-84.108,40.644],[-84.099,40.643],[-84.085,40.643],[-84.078,40.644],[-84.078,40.644],[-84.076,40.644],[-84.071,40.644],[-84.063,40.644],[-84.055,40.644],[-84.039,40.644],[-84.032,40.644],[-84.032,40.644],[-84.031,40.644],[-84.028,40.644],[-84.025,40.644],[-84.022,40.644],[-84.02,40.644],[-84.018,40.644],[-84.017,40.644],[-84.012,40.644],[-84.011,40.644],[-84.009,40.644],[-84.007,40.644],[-84.005,40.644],[-84.002,40.644],[-83.999,40.644],[-83.995,40.644],[-83.985,40.644],[-83.976,40.644],[-83.975,40.644],[-83.974,40.644],[-83.971,40.644],[-83.966,40.644],[-83.963,40.644],[-83.957,40.644],[-83.953,40.644],[-83.952,40.644],[-83.949,40.644],[-83.945,40.644],[-83.944,40.644],[-83.938,40.644],[-83.937,40.644],[-83.93,40.645],[-83.913,40.645],[-83.88,40.645],[-83.88,40.627],[-83.88,40.623],[-83.88,40.616],[-83.88,40.608],[-83.88,40.603],[-83.88,40.603],[-83.88,40.603],[-83.88,40.601],[-83.88,40.59],[-83.88,40.58],[-83.88,40.58],[-83.88,40.579]]]},"properties":{"NAME":"Auglaize","GEOID":"39011"}},{"type":"Feature","geometry":{"type":"Polygon","coordinates":[[[-82.402,39.39],[-82.405,39.39],[-82.419,39.391],[-82.421,39.391],[-82.428,39.392],[-82.428,39.392],[-82.429,39.392],[-82.429,39.392],[-82.431,39.392],[-82.433,39.392],[-82.435,39.392],[-82.44,39.392],[-82.446,39.392],[-82.449,39.393],[-82.45,39.393],[-82.454,39.393],[-82.456,39.393],[-82.457,39.393],[-82.459,39.393],[-82.46,39.393],[-82.461,39.393],[-82.462,39.393],[-82.463,39.393],[-82.465,39.393],[-82.465,39.393],[-82.466,39.393],[-82.469,39.393],[-82.497,39.395],[-82.514,39.396],[-82.515,39.395],[-82.515,39.389],[-82.515,39.386],[-82.516,39.375],[-82.525,39.37],[-82.54,39.371],[-82.579,39.373],[-82.589,39.373],[-82.609,39.374],[-82.613,39.374],[-82.613,39.374],[-82.613,39.374],[-82.615,39.375],[-82.616,39.375],[-82.624,39.375],[-82.634,39.376],[-82.636,39.362],[-82.658,39.363],[-82.659,39.363],[-82.662,39.363],[-82.669,39.363],[-82.677,39.363],[-82.685,39.364],[-82.705,39.365],[-82.711,39.365],[-82.729,39.367],[-82.749,39.368],[-82.747,39.382],[-82.747,39.384],[-82.745,39.409],[-82.745,39.415],[-82.744,39.423],[-82.744,39.425],[-82.744,39.425],[-82.744,39.43],[-82.743,39.436],[-82.742,39.455],[-82.741,39.463],[-82.741,39.466],[-82.741,39.468],[-82.741,39.468],[-82.741,39.468],[-82.741,39.468],[-82.741,39.468],[-82.741,39.469],[-82.741,39.47],[-82.74,39.471],[-82.74,39.471],[-82.74,39.472],[-82.74,39.475],[-82.74,39.475],[-82.74,39.477],[-82.74,39.478],[-82.738,39.497],[-82.738,39.497],[-82.738,39.497],[-82.737,39.5],[-82.737,39.5],[-82.737,39.5],[-82.737,39.505],[-82.737,39.505],[-82.737,39.506],[-82.737,39.508],[-82.736,39.511],[-82.736,39.512],[-82.736,39.514],[-82.736,39.515],[-82.736,39.516],[-82.736,39.517],[-82.736,39.517],[-82.735,39.527],[-82.733,39.542],[-82.732,39.551],[-82.731,39.555],[-82.731,39.559],[-82.721,39.568],[-82.717,39.568],[-82.707,39.568],[-82.701,39.567],[-82.701,39.567],[-82.694,39.567],[-82.679,39.566],[-82.671,39.566],[-82.657,39.566],[-82.65,39.565],[-82.643,39.565],[-82.635,39.565],[-82.629,39.564],[-82.619,39.579],[-82.619,39.58],[-82.619,39.582],[-82.618,39.593],[-82.618,39.593],[-82.618,39.596],[-82.618,39.604],[-82.618,39.608],[-82.618,39.609],[-82.613,39.608],[-82.61,39.608],[-82.609,39.608],[-82.609,39.608],[-82.608,39.608],[-82.608,39.608],[-82.604,39.608],[-82.603,39.608],[-82.603,39.608],[-82.603,39.608],[-82.594,39.608],[-82.585,39.607],[-82.554,39.606],[-82.55,39.606],[-82.549,39.606],[-82.549,39.606],[-82.545,39.605],[-82.543,39.605],[-82.538,39.605],[-82.535,39.605],[-82.525,39.604],[-82.52,39.604],[-82.506,39.603],[-82.498,39.603],[-82.495,39.61],[-82.495,39.617],[-82.493,39.63],[-82.493,39.632],[-82.493,39.633],[-82.493,39.638],[-82.492,39.64],[-82.492,39.645],[-82.491,39.651],[-82.491,39.66],[-82.488,39.662],[-82.477,39.661],[-82.472,39.661],[-82.471,39.66],[-82.47,39.66],[-82.459,39.66],[-82.454,39.659],[-82.453,39.659],[-82.453,39.659],[-82.453,39.659],[-82.449,39.659],[-82.447,39.659],[-82.441,39.659],[-82.429,39.658],[-82.418,39.657],[-82.417,39.657],[-82.417,39.657],[-82.416,39.657],[-82.415,39.657],[-82.415,39.657],[-82.415,39.657],[-82.414,39.657],[-82.413,39.657],[-82.413,39.657],[-82.41,39.657],[-82.407,39.657],[-82.393,39.656],[-82.385,39.656],[-82.375,39.655],[-82.375,39.655],[-82.375,39.646],[-82.376,39.642],[-82.376,39.642],[-82.376,39.634],[-82.376,39.633],[-82.377,39.625],[-82.378,39.619],[-82.379,39.61],[-82.38,39.597],[-82.371,39.596],[-82.364,39.596],[-82.359,39.596],[-82.35,39.595],[-82.347,39.595],[-82.335,39.594],[-82.321,39.593],[-82.317,39.593],[-82.303,39.592],[-82.3,39.592],[-82.291,39.592],[-82.281,39.591],[-82.276,39.591],[-82.264,39.591],[-82.262,39.588],[-82.262,39.585],[-82.263,39.582],[-82.263,39.569],[-82.263,39.562],[-82.252,39.562],[-82.243,39.561],[-82.235,39.561],[-82.221,39.56],[-82.2,39.559],[-82.192,39.558],[-82.179,39.557],[-82.177,39.557],[-82.159,39.557],[-82.159,39.553],[-82.16,39.551],[-82.161,39.541],[-82.161,39.535],[-82.161,39.531],[-82.162,39.525],[-82.162,39.524],[-82.162,39.524],[-82.162,39.522],[-82.163,39.516],[-82.163,39.514],[-82.163,39.512],[-82.163,39.511],[-82.163,39.51],[-82.164,39.506],[-82.164,39.503],[-82.164,39.498],[-82.165,39.498],[-82.165,39.498],[-82.165,39.498],[-82.165,39.497],[-82.165,39.497],[-82.165,39.494],[-82.165,39.487],[-82.165,39.486],[-82.166,39.481],[-82.166,39.477],[-82.166,39.476],[-82.167,39.476],[-82.167,39.476],[-82.167,39.475],[-82.167,39.474],[-82.167,39.47],[-82.167,39.469],[-82.167,39.467],[-82.168,39.466],[-82.17,39.466],[-82.174,39.467],[-82.184,39.467],[-82.186,39.467],[-82.194,39.468],[-82.198,39.468],[-82.201,39.468],[-82.202,39.468],[-82.204,39.468],[-82.21,39.469],[-82.222,39.469],[-82.227,39.47],[-82.23,39.47],[-82.235,39.47],[-82.237,39.47],[-82.243,39.471],[-82.252,39.471],[-82.253,39.471],[-82.254,39.471],[-82.255,39.471],[-82.257,39.472],[-82.262,39.472],[-82.275,39.473],[-82.276,39.473],[-82.279,39.473],[-82.281,39.469],[-82.281,39.468],[-82.281,39.468],[-82.281,39.466],[-82.282,39.462],[-82.282,39.456],[-82.282,39.456],[-82.282,39.453],[-82.282,39.453],[-82.282,39.453],[-82.283,39.453],[-82.284,39.441],[-82.284,39.436],[-82.285,39.427],[-82.286,39.422],[-82.287,39.414],[-82.287,39.412],[-82.287,39.409],[-82.287,39.409],[-82.287,39.409],[-82.288,39.4],[-82.289,39.392],[-82.289,39.388],[-82.29,39.384],[-82.296,39.385],[-82.302,39.385],[-82.31,39.385],[-82.319,39.386],[-82.351,39.387],[-82.361,39.388],[-82.368,39.388],[-82.369,39.388],[-82.384,39.389],[-82.401,39.39],[-82.402,39.39]]]},"properties":{"NAME":"Hocking","GEOID":"39073"}},{"type":"Feature","geometry":{"type":"Polygon","coordinates":[[[-80.994,40.727],[-80.992,40.727],[-80.985,40.727],[-80.977,40.727],[-80.97,40.727],[-80.968,40.727],[-80.963,40.727],[-80.936,40.727],[-80.921,40.727],[-80.917,40.727],[-80.917,40.726],[-80.917,40.725],[-80.917,40.725],[-80.917,40.724],[-80.917,40.722],[-80.917,40.721],[-80.917,40.718],[-80.917,40.716],[-80.917,40.711],[-80.917,40.702],[-80.917,40.702],[-80.917,40.702],[-80.917,40.702],[-80.917,40.702],[-80.917,40.701],[-80.917,40.701],[-80.917,40.698],[-80.917,40.697],[-80.917,40.693],[-80.917,40.692],[-80.917,40.691],[-80.917,40.689],[-80.917,40.688],[-80.917,40.685],[-80.917,40.683],[-80.917,40.682],[-80.917,40.681],[-80.917,40.681],[-80.917,40.678],[-80.917,40.677],[-80.917,40.677],[-80.917,40.675],[-80.917,40.673],[-80.917,40.673],[-80.917,40.67],[-80.917,40.665],[-80.918,40.66],[-80.918,40.658],[-80.918,40.657],[-80.918,40.651],[-80.918,40.645],[-80.915,40.643],[-80.91,40.643],[-80.909,40.643],[-80.906,40.643],[-80.905,40.643],[-80.905,40.643],[-80.904,40.643],[-80.903,40.643],[-80.903,40.643],[-80.903,40.643],[-80.902,40.643],[-80.9,40.643],[-80.896,40.643],[-80.882,40.643],[-80.881,40.643],[-80.88,40.643],[-80.879,40.643],[-80.878,40.643],[-80.877,40.643],[-80.875,40.643],[-80.866,40.643],[-80.866,40.643],[-80.865,40.643],[-80.862,40.643],[-80.861,40.639],[-80.861,40.638],[-80.861,40.626],[-80.861,40.623],[-80.861,40.622],[-80.861,40.622],[-80.861,40.622],[-80.861,40.621],[-80.861,40.621],[-80.861,40.619],[-80.862,40.616],[-80.862,40.615],[-80.862,40.614],[-80.862,40.612],[-80.862,40.612],[-80.862,40.61],[-80.862,40.606],[-80.862,40.599],[-80.862,40.598],[-80.862,40.596],[-80.863,40.582],[-80.863,40.576],[-80.863,40.574],[-80.863,40.563],[-80.864,40.556],[-80.868,40.555],[-80.875,40.556],[-80.879,40.556],[-80.88,40.556],[-80.881,40.556],[-80.898,40.556],[-80.9,40.556],[-80.916,40.556],[-80.921,40.556],[-80.921,40.553],[-80.921,40.552],[-80.921,40.551],[-80.922,40.541],[-80.922,40.54],[-80.922,40.538],[-80.922,40.529],[-80.922,40.523],[-80.923,40.511],[-80.923,40.508],[-80.923,40.502],[-80.924,40.489],[-80.924,40.486],[-80.924,40.484],[-80.924,40.484],[-80.924,40.479],[-80.924,40.478],[-80.924,40.477],[-80.924,40.475],[-80.924,40.474],[-80.924,40.473],[-80.924,40.47],[-80.924,40.469],[-80.925,40.469],[-80.925,40.468],[-80.931,40.468],[-80.933,40.468],[-80.937,40.468],[-80.94,40.466],[-80.941,40.458],[-80.941,40.454],[-80.941,40.447],[-80.941,40.447],[-80.941,40.444],[-80.941,40.435],[-80.942,40.432],[-80.942,40.428],[-80.942,40.427],[-80.942,40.427],[-80.942,40.425],[-80.942,40.425],[-80.942,40.425],[-80.942,40.425],[-80.952,40.425],[-80.955,40.425],[-80.962,40.425],[-80.977,40.425],[-80.978,40.425],[-80.994,40.426],[-80.996,40.426],[-81.005,40.426],[-81.038,40.427],[-81.042,40.427],[-81.05,40.427],[-81.057,40.428],[-81.069,40.428],[-81.074,40.428],[-81.082,40.428],[-81.086,40.429],[-81.088,40.429],[-81.091,40.429],[-81.1,40.431],[-81.105,40.431],[-81.112,40.431],[-81.12,40.431],[-81.121,40.431],[-81.139,40.432],[-81.142,40.432],[-81.16,40.432],[-81.174,40.433],[-81.176,40.433],[-81.184,40.433],[-81.188,40.433],[-81.19,40.433],[-81.195,40.433],[-81.199,40.433],[-81.212,40.433],[-81.227,40.432],[-81.228,40.432],[-81.237,40.432],[-81.25,40.433],[-81.259,40.433],[-81.262,40.433],[-81.27,40.437],[-81.27,40.447],[-81.269,40.453],[-81.269,40.454],[-81.269,40.458],[-81.269,40.467],[-81.269,40.472],[-81.269,40.474],[-81.268,40.477],[-81.268,40.479],[-81.268,40.48],[-81.268,40.483],[-81.268,40.487],[-81.268,40.489],[-81.268,40.493],[-81.268,40.497],[-81.268,40.499],[-81.268,40.501],[-81.268,40.503],[-81.268,40.504],[-81.267,40.506],[-81.267,40.507],[-81.267,40.508],[-81.267,40.51],[-81.267,40.513],[-81.267,40.515],[-81.267,40.521],[-81.267,40.525],[-81.266,40.53],[-81.266,40.536],[-81.266,40.538],[-81.266,40.539],[-81.266,40.541],[-81.266,40.545],[-81.265,40.554],[-81.265,40.562],[-81.265,40.565],[-81.265,40.565],[-81.269,40.565],[-81.275,40.565],[-81.283,40.566],[-81.285,40.566],[-81.308,40.566],[-81.309,40.566],[-81.315,40.566],[-81.319,40.567],[-81.321,40.576],[-81.321,40.578],[-81.321,40.579],[-81.321,40.583],[-81.321,40.585],[-81.321,40.586],[-81.32,40.588],[-81.32,40.592],[-81.32,40.594],[-81.32,40.597],[-81.32,40.601],[-81.32,40.604],[-81.32,40.604],[-81.32,40.605],[-81.32,40.607],[-81.319,40.617],[-81.319,40.623],[-81.319,40.626],[-81.319,40.627],[-81.319,40.627],[-81.319,40.629],[-81.318,40.632],[-81.318,40.633],[-81.318,40.636],[-81.318,40.637],[-81.318,40.645],[-81.318,40.652],[-81.308,40.652],[-81.304,40.652],[-81.303,40.652],[-81.299,40.652],[-81.297,40.652],[-81.294,40.652],[-81.29,40.651],[-81.273,40.651],[-81.251,40.651],[-81.241,40.651],[-81.241,40.663],[-81.24,40.664],[-81.24,40.666],[-81.24,40.672],[-81.24,40.672],[-81.24,40.679],[-81.239,40.692],[-81.239,40.695],[-81.239,40.698],[-81.238,40.71],[-81.238,40.714],[-81.238,40.715],[-81.238,40.717],[-81.237,40.721],[-81.237,40.723],[-81.234,40.723],[-81.22,40.723],[-81.208,40.723],[-81.199,40.722],[-81.199,40.726],[-81.188,40.729],[-81.169,40.729],[-81.151,40.728],[-81.149,40.728],[-81.148,40.728],[-81.146,40.728],[-81.146,40.728],[-81.136,40.728],[-81.136,40.728],[-81.135,40.728],[-81.133,40.728],[-81.132,40.728],[-81.128,40.728],[-81.127,40.728],[-81.126,40.728],[-81.122,40.728],[-81.12,40.728],[-81.119,40.728],[-81.118,40.728],[-81.117,40.728],[-81.117,40.728],[-81.116,40.728],[-81.114,40.728],[-81.113,40.728],[-81.112,40.728],[-81.111,40.728],[-81.11,40.728],[-81.109,40.728],[-81.108,40.728],[-81.107,40.728],[-81.106,40.728],[-81.105,40.728],[-81.104,40.728],[-81.103,40.728],[-81.102,40.728],[-81.1,40.728],[-81.1,40.728],[-81.098,40.728],[-81.097,40.728],[-81.094,40.728],[-81.093,40.728],[-81.092,40.728],[-81.087,40.728],[-81.085,40.728],[-81.084,40.728],[-81.081,40.728],[-81.08,40.728],[-81.075,40.728],[-81.074,40.728],[-81.07,40.728],[-81.063,40.728],[-81.06,40.728],[-81.055,40.728],[-81.052,40.728],[-81.051,40.728],[-81.043,40.727],[-81.041,40.727],[-81.038,40.727],[-81.036,40.727],[-81.028,40.727],[-81.022,40.727],[-81.02,40.727],[-81.019,40.727],[-81.018,40.727],[-81.015,40.727],[-81.014,40.727],[-81.012,40.727],[-81.009,40.727],[-81.002,40.727],[-81,40.727],[-80.999,40.727],[-80.998,40.727],[-80.997,40.727],[-80.995,40.727],[-80.994,40.727]]]},"properties":{"NAME":"Carroll","GEOID":"39019"}},{"type":"Feature","geometry":{"type":"Polygon","coordinates":[[[-83.603,39.546],[-83.586,39.545],[-83.583,39.545],[-83.577,39.537],[-83.578,39.524],[-83.579,39.518],[-83.58,39.509],[-83.58,39.505],[-83.581,39.5],[-83.582,39.487],[-83.584,39.459],[-83.585,39.449],[-83.585,39.448],[-83.585,39.446],[-83.588,39.415],[-83.588,39.414],[-83.589,39.398],[-83.589,39.398],[-83.594,39.377],[-83.596,39.376],[-83.598,39.375],[-83.615,39.365],[-83.631,39.356],[-83.642,39.349],[-83.644,39.348],[-83.648,39.345],[-83.653,39.342],[-83.672,39.331],[-83.682,39.325],[-83.684,39.324],[-83.686,39.322],[-83.688,39.322],[-83.693,39.318],[-83.694,39.318],[-83.7,39.314],[-83.716,39.304],[-83.716,39.304],[-83.726,39.298],[-83.736,39.292],[-83.749,39.285],[-83.756,39.28],[-83.764,39.275],[-83.773,39.27],[-83.783,39.264],[-83.785,39.263],[-83.785,39.261],[-83.785,39.261],[-83.785,39.26],[-83.785,39.26],[-83.785,39.259],[-83.786,39.259],[-83.786,39.258],[-83.786,39.258],[-83.786,39.258],[-83.786,39.257],[-83.787,39.257],[-83.787,39.257],[-83.786,39.256],[-83.787,39.255],[-83.787,39.255],[-83.788,39.255],[-83.788,39.254],[-83.788,39.254],[-83.789,39.254],[-83.79,39.254],[-83.79,39.253],[-83.79,39.253],[-83.79,39.253],[-83.79,39.252],[-83.79,39.252],[-83.79,39.251],[-83.79,39.25],[-83.791,39.25],[-83.792,39.25],[-83.792,39.25],[-83.792,39.25],[-83.793,39.249],[-83.793,39.249],[-83.793,39.248],[-83.793,39.247],[-83.794,39.246],[-83.794,39.245],[-83.795,39.245],[-83.795,39.244],[-83.795,39.244],[-83.795,39.243],[-83.795,39.243],[-83.795,39.242],[-83.795,39.242],[-83.795,39.242],[-83.796,39.241],[-83.796,39.241],[-83.797,39.24],[-83.797,39.24],[-83.798,39.24],[-83.798,39.239],[-83.799,39.239],[-83.8,39.238],[-83.8,39.238],[-83.801,39.238],[-83.801,39.238],[-83.802,39.238],[-83.802,39.238],[-83.802,39.238],[-83.802,39.238],[-83.802,39.237],[-83.802,39.236],[-83.802,39.236],[-83.802,39.235],[-83.802,39.235],[-83.802,39.235],[-83.802,39.234],[-83.802,39.234],[-83.803,39.234],[-83.802,39.233],[-83.802,39.233],[-83.802,39.232],[-83.801,39.232],[-83.802,39.231],[-83.803,39.231],[-83.804,39.231],[-83.804,39.231],[-83.804,39.232],[-83.805,39.232],[-83.805,39.231],[-83.806,39.231],[-83.806,39.23],[-83.806,39.23],[-83.807,39.229],[-83.807,39.229],[-83.807,39.229],[-83.807,39.227],[-83.808,39.227],[-83.808,39.226],[-83.808,39.225],[-83.808,39.225],[-83.809,39.224],[-83.811,39.224],[-83.811,39.224],[-83.812,39.224],[-83.812,39.224],[-83.813,39.223],[-83.813,39.223],[-83.814,39.223],[-83.815,39.223],[-83.817,39.223],[-83.819,39.223],[-83.819,39.223],[-83.825,39.223],[-83.836,39.227],[-83.835,39.231],[-83.835,39.232],[-83.835,39.238],[-83.835,39.241],[-83.842,39.246],[-83.861,39.247],[-83.873,39.248],[-83.878,39.248],[-83.894,39.249],[-83.898,39.249],[-83.899,39.249],[-83.905,39.249],[-83.905,39.249],[-83.924,39.25],[-83.936,39.251],[-83.942,39.251],[-83.946,39.252],[-83.949,39.252],[-83.95,39.252],[-83.96,39.252],[-83.963,39.253],[-83.965,39.253],[-83.967,39.253],[-83.967,39.253],[-83.98,39.253],[-83.987,39.254],[-83.993,39.254],[-83.999,39.255],[-83.999,39.255],[-84.001,39.255],[-84.006,39.255],[-84.007,39.255],[-84.007,39.258],[-84.007,39.259],[-84.007,39.259],[-84.006,39.268],[-84.006,39.272],[-84.005,39.278],[-84.005,39.283],[-84.004,39.286],[-84.004,39.288],[-84.004,39.288],[-84.004,39.29],[-84.004,39.29],[-84.003,39.294],[-84.003,39.296],[-84.003,39.297],[-84.003,39.298],[-84.003,39.301],[-84.002,39.305],[-84.002,39.308],[-84.001,39.314],[-84.001,39.316],[-84.001,39.317],[-84.001,39.318],[-84.001,39.32],[-84,39.323],[-84,39.325],[-84,39.331],[-83.999,39.336],[-83.998,39.342],[-83.998,39.349],[-83.997,39.352],[-83.997,39.353],[-83.997,39.355],[-83.997,39.36],[-83.996,39.365],[-83.995,39.371],[-83.995,39.374],[-83.995,39.374],[-83.994,39.384],[-83.994,39.387],[-83.994,39.39],[-83.994,39.391],[-83.993,39.395],[-83.993,39.398],[-83.993,39.4],[-83.993,39.4],[-83.993,39.403],[-83.992,39.405],[-83.992,39.409],[-83.992,39.409],[-83.992,39.411],[-83.991,39.416],[-83.991,39.42],[-83.99,39.425],[-83.99,39.426],[-83.989,39.435],[-83.989,39.444],[-83.988,39.445],[-83.988,39.446],[-83.988,39.449],[-83.988,39.454],[-83.987,39.456],[-83.987,39.459],[-83.987,39.461],[-83.986,39.468],[-83.986,39.473],[-83.986,39.475],[-83.986,39.476],[-83.985,39.481],[-83.985,39.486],[-83.984,39.493],[-83.984,39.496],[-83.984,39.497],[-83.983,39.503],[-83.983,39.504],[-83.983,39.506],[-83.982,39.514],[-83.982,39.517],[-83.981,39.52],[-83.981,39.524],[-83.981,39.526],[-83.98,39.531],[-83.98,39.535],[-83.98,39.537],[-83.98,39.537],[-83.98,39.539],[-83.979,39.544],[-83.979,39.546],[-83.979,39.548],[-83.979,39.55],[-83.979,39.552],[-83.978,39.557],[-83.978,39.563],[-83.977,39.565],[-83.973,39.569],[-83.973,39.569],[-83.972,39.569],[-83.971,39.569],[-83.97,39.569],[-83.966,39.568],[-83.964,39.568],[-83.955,39.568],[-83.952,39.568],[-83.949,39.568],[-83.943,39.567],[-83.939,39.567],[-83.936,39.567],[-83.933,39.567],[-83.929,39.567],[-83.926,39.566],[-83.911,39.565],[-83.908,39.565],[-83.903,39.565],[-83.896,39.564],[-83.896,39.564],[-83.895,39.564],[-83.886,39.564],[-83.886,39.564],[-83.885,39.564],[-83.885,39.564],[-83.885,39.564],[-83.885,39.564],[-83.885,39.564],[-83.884,39.564],[-83.884,39.564],[-83.884,39.564],[-83.883,39.563],[-83.883,39.563],[-83.883,39.563],[-83.882,39.563],[-83.868,39.562],[-83.859,39.562],[-83.843,39.561],[-83.832,39.56],[-83.829,39.56],[-83.827,39.56],[-83.823,39.56],[-83.822,39.56],[-83.801,39.558],[-83.786,39.557],[-83.778,39.557],[-83.771,39.556],[-83.766,39.556],[-83.745,39.555],[-83.744,39.555],[-83.744,39.555],[-83.737,39.554],[-83.728,39.554],[-83.727,39.554],[-83.725,39.554],[-83.724,39.554],[-83.724,39.554],[-83.724,39.554],[-83.716,39.553],[-83.715,39.553],[-83.697,39.552],[-83.69,39.551],[-83.689,39.551],[-83.677,39.551],[-83.67,39.55],[-83.658,39.55],[-83.646,39.549],[-83.643,39.549],[-83.643,39.549],[-83.642,39.549],[-83.624,39.548],[-83.612,39.547],[-83.604,39.546],[-83.603,39.546]]]},"properties":{"NAME":"Clinton","GEOID":"39027"}},{"type":"Feature","geometry":{"type":"Polygon","coordinates":[[[-82.17,41.137],[-82.17,41.136],[-82.17,41.136],[-82.17,41.135],[-82.17,41.125],[-82.17,41.119],[-82.171,41.104],[-82.171,41.097],[-82.171,41.086],[-82.171,41.07],[-82.172,41.064],[-82.182,41.064],[-82.182,41.064],[-82.202,41.064],[-82.207,41.064],[-82.22,41.064],[-82.222,41.064],[-82.223,41.064],[-82.232,41.064],[-82.244,41.065],[-82.253,41.065],[-82.254,41.065],[-82.255,41.065],[-82.257,41.065],[-82.258,41.065],[-82.265,41.065],[-82.268,41.065],[-82.275,41.065],[-82.28,41.065],[-82.29,41.066],[-82.3,41.066],[-82.308,41.066],[-82.327,41.066],[-82.334,41.066],[-82.337,41.069],[-82.337,41.077],[-82.337,41.081],[-82.337,41.09],[-82.337,41.094],[-82.337,41.097],[-82.338,41.105],[-82.338,41.111],[-82.338,41.112],[-82.338,41.112],[-82.338,41.116],[-82.339,41.123],[-82.34,41.129],[-82.34,41.13],[-82.341,41.132],[-82.341,41.134],[-82.341,41.137],[-82.341,41.152],[-82.341,41.17],[-82.341,41.174],[-82.341,41.174],[-82.341,41.181],[-82.341,41.188],[-82.341,41.191],[-82.34,41.201],[-82.34,41.211],[-82.342,41.257],[-82.342,41.257],[-82.342,41.257],[-82.342,41.257],[-82.342,41.258],[-82.342,41.259],[-82.342,41.26],[-82.342,41.262],[-82.342,41.263],[-82.342,41.263],[-82.342,41.264],[-82.342,41.266],[-82.342,41.266],[-82.342,41.267],[-82.342,41.27],[-82.342,41.272],[-82.342,41.273],[-82.342,41.274],[-82.342,41.275],[-82.342,41.276],[-82.342,41.276],[-82.342,41.276],[-82.342,41.276],[-82.342,41.277],[-82.342,41.277],[-82.342,41.278],[-82.342,41.278],[-82.342,41.278],[-82.342,41.279],[-82.342,41.28],[-82.342,41.28],[-82.342,41.283],[-82.342,41.283],[-82.342,41.285],[-82.342,41.287],[-82.343,41.291],[-82.343,41.293],[-82.343,41.298],[-82.343,41.3],[-82.343,41.3],[-82.343,41.301],[-82.343,41.302],[-82.343,41.307],[-82.343,41.309],[-82.343,41.311],[-82.343,41.313],[-82.344,41.315],[-82.344,41.319],[-82.344,41.32],[-82.344,41.322],[-82.344,41.325],[-82.344,41.326],[-82.344,41.328],[-82.344,41.334],[-82.344,41.336],[-82.345,41.339],[-82.345,41.341],[-82.345,41.342],[-82.345,41.343],[-82.345,41.344],[-82.345,41.345],[-82.345,41.347],[-82.345,41.349],[-82.345,41.351],[-82.345,41.353],[-82.345,41.355],[-82.345,41.357],[-82.345,41.357],[-82.346,41.368],[-82.346,41.374],[-82.347,41.401],[-82.347,41.402],[-82.347,41.407],[-82.347,41.412],[-82.347,41.413],[-82.347,41.413],[-82.347,41.413],[-82.347,41.413],[-82.347,41.414],[-82.347,41.414],[-82.347,41.414],[-82.347,41.414],[-82.347,41.415],[-82.347,41.415],[-82.347,41.415],[-82.347,41.415],[-82.347,41.416],[-82.348,41.417],[-82.347,41.418],[-82.347,41.418],[-82.347,41.418],[-82.347,41.418],[-82.347,41.418],[-82.348,41.42],[-82.348,41.42],[-82.348,41.42],[-82.348,41.421],[-82.348,41.422],[-82.348,41.423],[-82.348,41.423],[-82.348,41.426],[-82.348,41.427],[-82.348,41.427],[-82.348,41.428],[-82.348,41.429],[-82.348,41.431],[-82.348,41.441],[-82.348,41.483],[-82.348,41.5],[-82.348,41.54],[-82.333,41.707],[-82.125,41.805],[-81.971,41.878],[-81.97,41.625],[-81.968,41.513],[-81.968,41.511],[-81.968,41.505],[-81.968,41.504],[-81.969,41.503],[-81.969,41.497],[-81.969,41.493],[-81.969,41.478],[-81.969,41.469],[-81.969,41.469],[-81.969,41.468],[-81.97,41.462],[-81.97,41.451],[-81.97,41.438],[-81.97,41.431],[-81.97,41.425],[-81.97,41.418],[-81.97,41.417],[-81.97,41.411],[-81.97,41.406],[-81.97,41.402],[-81.97,41.397],[-81.97,41.397],[-81.97,41.389],[-81.97,41.389],[-81.97,41.387],[-81.97,41.385],[-81.971,41.375],[-81.971,41.375],[-81.971,41.375],[-81.971,41.373],[-81.971,41.369],[-81.971,41.351],[-81.959,41.351],[-81.956,41.351],[-81.954,41.351],[-81.95,41.351],[-81.946,41.351],[-81.939,41.351],[-81.938,41.351],[-81.937,41.351],[-81.936,41.351],[-81.933,41.351],[-81.93,41.351],[-81.924,41.351],[-81.922,41.351],[-81.922,41.351],[-81.919,41.351],[-81.915,41.351],[-81.912,41.351],[-81.905,41.351],[-81.903,41.351],[-81.903,41.351],[-81.901,41.351],[-81.899,41.351],[-81.898,41.351],[-81.895,41.351],[-81.894,41.351],[-81.893,41.351],[-81.892,41.351],[-81.891,41.351],[-81.889,41.351],[-81.886,41.351],[-81.886,41.351],[-81.884,41.351],[-81.883,41.351],[-81.88,41.351],[-81.88,41.351],[-81.878,41.351],[-81.877,41.346],[-81.877,41.344],[-81.877,41.343],[-81.877,41.341],[-81.877,41.34],[-81.877,41.336],[-81.877,41.335],[-81.877,41.333],[-81.877,41.329],[-81.877,41.322],[-81.877,41.32],[-81.878,41.305],[-81.878,41.297],[-81.878,41.295],[-81.878,41.293],[-81.878,41.291],[-81.878,41.289],[-81.878,41.283],[-81.878,41.282],[-81.878,41.275],[-81.88,41.275],[-81.892,41.275],[-81.896,41.275],[-81.897,41.275],[-81.898,41.275],[-81.915,41.275],[-81.915,41.275],[-81.916,41.275],[-81.92,41.275],[-81.92,41.275],[-81.922,41.275],[-81.923,41.275],[-81.926,41.275],[-81.928,41.275],[-81.943,41.275],[-81.954,41.275],[-81.957,41.275],[-81.972,41.274],[-81.973,41.26],[-81.973,41.253],[-81.973,41.241],[-81.974,41.233],[-81.974,41.222],[-81.974,41.209],[-81.974,41.2],[-81.974,41.2],[-81.974,41.2],[-81.975,41.2],[-81.984,41.2],[-82,41.2],[-82.004,41.2],[-82.014,41.2],[-82.024,41.2],[-82.038,41.2],[-82.053,41.2],[-82.058,41.2],[-82.063,41.2],[-82.072,41.2],[-82.073,41.196],[-82.073,41.196],[-82.073,41.188],[-82.073,41.188],[-82.073,41.187],[-82.073,41.185],[-82.073,41.167],[-82.073,41.164],[-82.074,41.159],[-82.074,41.154],[-82.074,41.149],[-82.074,41.14],[-82.074,41.138],[-82.083,41.136],[-82.086,41.136],[-82.095,41.137],[-82.1,41.137],[-82.117,41.137],[-82.123,41.137],[-82.143,41.137],[-82.152,41.137],[-82.161,41.137],[-82.17,41.137]]]},"properties":{"NAME":"Lorain","GEOID":"39093"}},{"type":"Feature","geometry":{"type":"Polygon","coordinates":[[[-84.107,40.483],[-84.102,40.483],[-84.088,40.483],[-84.082,40.483],[-84.079,40.483],[-84.076,40.483],[-84.069,40.483],[-84.065,40.483],[-84.065,40.483],[-84.055,40.483],[-84.052,40.483],[-84.04,40.483],[-84.03,40.483],[-84.028,40.483],[-84.012,40.483],[-84.002,40.469],[-84.002,40.457],[-84.002,40.446],[-84.002,40.435],[-84.002,40.417],[-84.002,40.395],[-84.002,40.391],[-84.005,40.376],[-84.005,40.376],[-84.004,40.365],[-84.004,40.337],[-84.004,40.324],[-84.004,40.313],[-84.006,40.315],[-84.006,40.316],[-84.01,40.318],[-84.01,40.317],[-84.011,40.315],[-84.011,40.306],[-84.012,40.303],[-84.012,40.299],[-84.013,40.291],[-84.014,40.285],[-84.015,40.274],[-84.016,40.264],[-84.017,40.252],[-84.017,40.248],[-84.017,40.244],[-84.018,40.235],[-84.019,40.23],[-84.019,40.224],[-84.02,40.218],[-84.021,40.211],[-84.021,40.207],[-84.021,40.201],[-84.023,40.184],[-84.03,40.184],[-84.035,40.185],[-84.044,40.185],[-84.055,40.186],[-84.061,40.186],[-84.072,40.186],[-84.075,40.187],[-84.098,40.188],[-84.102,40.188],[-84.103,40.188],[-84.104,40.189],[-84.11,40.189],[-84.12,40.19],[-84.125,40.19],[-84.129,40.19],[-84.143,40.191],[-84.146,40.191],[-84.146,40.191],[-84.155,40.192],[-84.165,40.192],[-84.171,40.193],[-84.171,40.193],[-84.172,40.193],[-84.182,40.193],[-84.183,40.193],[-84.189,40.194],[-84.194,40.194],[-84.197,40.194],[-84.203,40.195],[-84.205,40.195],[-84.208,40.195],[-84.208,40.195],[-84.211,40.195],[-84.212,40.195],[-84.213,40.195],[-84.218,40.195],[-84.219,40.196],[-84.219,40.197],[-84.219,40.198],[-84.219,40.2],[-84.237,40.2],[-84.242,40.199],[-84.248,40.199],[-84.25,40.199],[-84.251,40.199],[-84.255,40.199],[-84.27,40.199],[-84.28,40.199],[-84.287,40.198],[-84.29,40.198],[-84.29,40.198],[-84.293,40.198],[-84.296,40.198],[-84.302,40.198],[-84.315,40.198],[-84.322,40.198],[-84.339,40.198],[-84.344,40.198],[-84.351,40.198],[-84.355,40.198],[-84.358,40.198],[-84.359,40.198],[-84.362,40.198],[-84.365,40.198],[-84.367,40.197],[-84.373,40.197],[-84.375,40.197],[-84.381,40.197],[-84.384,40.197],[-84.396,40.198],[-84.403,40.198],[-84.404,40.198],[-84.409,40.197],[-84.411,40.197],[-84.421,40.197],[-84.424,40.197],[-84.43,40.197],[-84.433,40.206],[-84.433,40.216],[-84.433,40.226],[-84.434,40.232],[-84.434,40.234],[-84.434,40.238],[-84.434,40.25],[-84.434,40.261],[-84.434,40.263],[-84.434,40.271],[-84.434,40.28],[-84.434,40.289],[-84.434,40.296],[-84.434,40.307],[-84.435,40.322],[-84.435,40.333],[-84.435,40.339],[-84.435,40.354],[-84.434,40.355],[-84.434,40.359],[-84.434,40.375],[-84.422,40.378],[-84.396,40.378],[-84.384,40.378],[-84.377,40.378],[-84.359,40.379],[-84.357,40.379],[-84.352,40.379],[-84.348,40.379],[-84.343,40.379],[-84.341,40.379],[-84.339,40.379],[-84.339,40.379],[-84.339,40.38],[-84.339,40.38],[-84.339,40.381],[-84.339,40.383],[-84.339,40.386],[-84.339,40.401],[-84.339,40.408],[-84.339,40.415],[-84.339,40.422],[-84.339,40.424],[-84.339,40.437],[-84.339,40.442],[-84.339,40.452],[-84.339,40.459],[-84.339,40.473],[-84.339,40.475],[-84.339,40.481],[-84.337,40.481],[-84.335,40.481],[-84.323,40.481],[-84.317,40.481],[-84.309,40.481],[-84.307,40.481],[-84.305,40.481],[-84.299,40.481],[-84.298,40.481],[-84.298,40.481],[-84.286,40.482],[-84.281,40.482],[-84.278,40.482],[-84.274,40.482],[-84.268,40.482],[-84.259,40.482],[-84.252,40.482],[-84.248,40.482],[-84.241,40.482],[-84.226,40.482],[-84.22,40.482],[-84.217,40.482],[-84.21,40.482],[-84.207,40.482],[-84.203,40.482],[-84.198,40.482],[-84.194,40.482],[-84.19,40.482],[-84.184,40.482],[-84.177,40.482],[-84.171,40.482],[-84.169,40.482],[-84.166,40.482],[-84.161,40.482],[-84.151,40.483],[-84.145,40.483],[-84.136,40.483],[-84.132,40.483],[-84.119,40.483],[-84.116,40.483],[-84.11,40.483],[-84.107,40.483]]]},"properties":{"NAME":"Shelby","GEOID":"39149"}},{"type":"Feature","geometry":{"type":"Polygon","coordinates":[[[-81.392,41.312],[-81.392,41.309],[-81.392,41.308],[-81.392,41.307],[-81.392,41.305],[-81.392,41.287],[-81.392,41.285],[-81.392,41.279],[-81.392,41.275],[-81.392,41.27],[-81.392,41.266],[-81.392,41.265],[-81.392,41.254],[-81.392,41.252],[-81.392,41.24],[-81.392,41.238],[-81.392,41.237],[-81.392,41.235],[-81.392,41.234],[-81.392,41.232],[-81.392,41.231],[-81.392,41.23],[-81.392,41.229],[-81.392,41.228],[-81.392,41.227],[-81.392,41.226],[-81.392,41.225],[-81.392,41.224],[-81.392,41.222],[-81.392,41.22],[-81.392,41.217],[-81.392,41.216],[-81.392,41.215],[-81.392,41.213],[-81.392,41.212],[-81.392,41.211],[-81.392,41.208],[-81.392,41.204],[-81.392,41.199],[-81.392,41.191],[-81.392,41.189],[-81.392,41.188],[-81.392,41.188],[-81.392,41.187],[-81.392,41.186],[-81.392,41.185],[-81.392,41.182],[-81.392,41.181],[-81.392,41.181],[-81.392,41.18],[-81.392,41.179],[-81.392,41.178],[-81.392,41.176],[-81.392,41.176],[-81.392,41.176],[-81.392,41.174],[-81.392,41.174],[-81.392,41.174],[-81.392,41.173],[-81.392,41.173],[-81.392,41.171],[-81.392,41.167],[-81.392,41.16],[-81.392,41.155],[-81.392,41.153],[-81.392,41.153],[-81.392,41.151],[-81.392,41.149],[-81.392,41.147],[-81.392,41.146],[-81.392,41.14],[-81.392,41.137],[-81.392,41.136],[-81.392,41.136],[-81.392,41.129],[-81.393,41.12],[-81.393,41.119],[-81.393,41.118],[-81.393,41.117],[-81.393,41.114],[-81.392,41.111],[-81.393,41.101],[-81.393,41.1],[-81.393,41.092],[-81.393,41.091],[-81.393,41.089],[-81.393,41.088],[-81.393,41.088],[-81.393,41.086],[-81.393,41.086],[-81.393,41.085],[-81.393,41.082],[-81.393,41.073],[-81.393,41.073],[-81.393,41.071],[-81.393,41.069],[-81.393,41.067],[-81.393,41.066],[-81.393,41.066],[-81.393,41.065],[-81.393,41.063],[-81.393,41.061],[-81.393,41.061],[-81.393,41.061],[-81.393,41.057],[-81.393,41.056],[-81.393,41.055],[-81.393,41.054],[-81.393,41.054],[-81.393,41.053],[-81.393,41.053],[-81.393,41.052],[-81.393,41.051],[-81.393,41.05],[-81.393,41.049],[-81.393,41.047],[-81.393,41.046],[-81.393,41.045],[-81.393,41.045],[-81.393,41.045],[-81.393,41.043],[-81.393,41.043],[-81.393,41.043],[-81.393,41.042],[-81.393,41.042],[-81.393,41.042],[-81.393,41.042],[-81.393,41.041],[-81.393,41.041],[-81.393,41.039],[-81.393,41.038],[-81.393,41.038],[-81.393,41.037],[-81.393,41.036],[-81.393,41.034],[-81.393,41.032],[-81.393,41.03],[-81.393,41.028],[-81.393,41.025],[-81.393,41.023],[-81.393,41.02],[-81.393,41.018],[-81.393,41.017],[-81.393,41.015],[-81.393,41.013],[-81.393,41.012],[-81.393,41.01],[-81.393,41.009],[-81.393,41.007],[-81.393,41.006],[-81.393,41.005],[-81.393,41.002],[-81.393,41],[-81.393,40.999],[-81.393,40.991],[-81.394,40.989],[-81.399,40.989],[-81.401,40.988],[-81.403,40.988],[-81.409,40.988],[-81.415,40.988],[-81.416,40.985],[-81.416,40.985],[-81.417,40.981],[-81.417,40.977],[-81.417,40.976],[-81.417,40.971],[-81.417,40.962],[-81.418,40.951],[-81.418,40.95],[-81.418,40.947],[-81.419,40.94],[-81.419,40.932],[-81.419,40.929],[-81.419,40.926],[-81.42,40.922],[-81.42,40.92],[-81.42,40.918],[-81.42,40.917],[-81.42,40.907],[-81.421,40.907],[-81.423,40.907],[-81.424,40.907],[-81.426,40.907],[-81.426,40.907],[-81.428,40.907],[-81.429,40.907],[-81.431,40.907],[-81.433,40.907],[-81.437,40.907],[-81.438,40.907],[-81.441,40.907],[-81.446,40.907],[-81.448,40.907],[-81.454,40.908],[-81.46,40.908],[-81.467,40.908],[-81.468,40.908],[-81.47,40.908],[-81.471,40.908],[-81.473,40.908],[-81.474,40.908],[-81.478,40.908],[-81.485,40.908],[-81.488,40.909],[-81.491,40.909],[-81.493,40.909],[-81.494,40.909],[-81.497,40.909],[-81.501,40.909],[-81.504,40.909],[-81.507,40.909],[-81.507,40.909],[-81.512,40.909],[-81.517,40.91],[-81.52,40.91],[-81.524,40.91],[-81.526,40.91],[-81.529,40.91],[-81.532,40.91],[-81.536,40.91],[-81.543,40.911],[-81.568,40.912],[-81.575,40.912],[-81.594,40.912],[-81.597,40.913],[-81.604,40.913],[-81.609,40.913],[-81.612,40.913],[-81.614,40.913],[-81.619,40.913],[-81.622,40.913],[-81.63,40.914],[-81.637,40.914],[-81.643,40.914],[-81.648,40.914],[-81.648,40.919],[-81.648,40.923],[-81.648,40.925],[-81.648,40.928],[-81.648,40.929],[-81.648,40.932],[-81.648,40.933],[-81.648,40.937],[-81.648,40.938],[-81.648,40.939],[-81.648,40.94],[-81.648,40.943],[-81.648,40.946],[-81.648,40.948],[-81.648,40.95],[-81.648,40.954],[-81.648,40.956],[-81.648,40.958],[-81.648,40.96],[-81.648,40.961],[-81.648,40.965],[-81.648,40.966],[-81.648,40.97],[-81.648,40.973],[-81.648,40.975],[-81.648,40.976],[-81.648,40.977],[-81.648,40.978],[-81.648,40.979],[-81.648,40.98],[-81.648,40.981],[-81.648,40.985],[-81.648,40.987],[-81.648,40.987],[-81.648,40.988],[-81.649,40.989],[-81.653,40.989],[-81.657,40.989],[-81.658,40.989],[-81.66,40.989],[-81.663,40.989],[-81.664,40.989],[-81.667,40.989],[-81.669,40.989],[-81.672,40.989],[-81.672,40.989],[-81.676,40.989],[-81.678,40.989],[-81.679,40.989],[-81.681,40.989],[-81.683,40.989],[-81.686,40.989],[-81.688,40.991],[-81.688,40.996],[-81.688,41],[-81.688,41.001],[-81.688,41.005],[-81.688,41.011],[-81.688,41.015],[-81.688,41.024],[-81.688,41.026],[-81.688,41.031],[-81.688,41.038],[-81.688,41.039],[-81.688,41.041],[-81.688,41.042],[-81.688,41.042],[-81.688,41.046],[-81.688,41.048],[-81.688,41.048],[-81.688,41.055],[-81.688,41.06],[-81.688,41.062],[-81.688,41.063],[-81.688,41.065],[-81.687,41.08],[-81.687,41.088],[-81.687,41.091],[-81.687,41.094],[-81.687,41.1],[-81.687,41.109],[-81.687,41.116],[-81.687,41.121],[-81.687,41.124],[-81.687,41.127],[-81.687,41.132],[-81.687,41.141],[-81.687,41.149],[-81.687,41.151],[-81.687,41.153],[-81.687,41.156],[-81.687,41.161],[-81.686,41.163],[-81.686,41.166],[-81.686,41.169],[-81.686,41.174],[-81.686,41.177],[-81.686,41.18],[-81.686,41.183],[-81.686,41.187],[-81.686,41.188],[-81.686,41.188],[-81.686,41.2],[-81.686,41.201],[-81.686,41.201],[-81.686,41.209],[-81.686,41.21],[-81.685,41.238],[-81.685,41.246],[-81.685,41.271],[-81.685,41.277],[-81.684,41.277],[-81.682,41.277],[-81.678,41.277],[-81.672,41.277],[-81.663,41.277],[-81.661,41.277],[-81.647,41.277],[-81.641,41.277],[-81.639,41.277],[-81.637,41.277],[-81.636,41.277],[-81.626,41.278],[-81.616,41.278],[-81.605,41.277],[-81.596,41.278],[-81.588,41.278],[-81.58,41.278],[-81.57,41.278],[-81.565,41.278],[-81.565,41.278],[-81.566,41.279],[-81.564,41.279],[-81.562,41.279],[-81.563,41.281],[-81.565,41.283],[-81.565,41.284],[-81.567,41.285],[-81.568,41.286],[-81.567,41.288],[-81.567,41.288],[-81.566,41.288],[-81.565,41.288],[-81.565,41.289],[-81.566,41.29],[-81.57,41.29],[-81.571,41.291],[-81.571,41.292],[-81.57,41.293],[-81.572,41.294],[-81.572,41.295],[-81.571,41.296],[-81.572,41.296],[-81.572,41.297],[-81.573,41.299],[-81.573,41.301],[-81.575,41.301],[-81.576,41.302],[-81.575,41.303],[-81.573,41.302],[-81.573,41.303],[-81.576,41.304],[-81.576,41.305],[-81.579,41.306],[-81.582,41.306],[-81.584,41.307],[-81.585,41.308],[-81.585,41.309],[-81.584,41.312],[-81.584,41.313],[-81.584,41.314],[-81.584,41.316],[-81.586,41.317],[-81.587,41.319],[-81.587,41.321],[-81.587,41.322],[-81.587,41.324],[-81.59,41.326],[-81.592,41.329],[-81.591,41.331],[-81.591,41.332],[-81.59,41.333],[-81.588,41.336],[-81.588,41.338],[-81.588,41.341],[-81.588,41.343],[-81.59,41.344],[-81.593,41.344],[-81.594,41.344],[-81.595,41.344],[-81.597,41.346],[-81.597,41.347],[-81.595,41.347],[-81.593,41.348],[-81.593,41.349],[-81.595,41.35],[-81.597,41.35],[-81.598,41.35],[-81.598,41.351],[-81.592,41.351],[-81.589,41.351],[-81.585,41.351],[-81.58,41.351],[-81.572,41.351],[-81.566,41.351],[-81.56,41.351],[-81.555,41.351],[-81.547,41.351],[-81.538,41.351],[-81.536,41.351],[-81.536,41.351],[-81.535,41.351],[-81.529,41.351],[-81.523,41.35],[-81.521,41.35],[-81.521,41.35],[-81.518,41.35],[-81.518,41.35],[-81.518,41.35],[-81.518,41.35],[-81.511,41.35],[-81.509,41.35],[-81.509,41.35],[-81.502,41.35],[-81.496,41.35],[-81.494,41.35],[-81.489,41.35],[-81.473,41.35],[-81.469,41.35],[-81.466,41.349],[-81.465,41.349],[-81.464,41.349],[-81.462,41.349],[-81.461,41.349],[-81.45,41.349],[-81.435,41.349],[-81.429,41.349],[-81.412,41.349],[-81.4,41.349],[-81.398,41.348],[-81.396,41.348],[-81.394,41.348],[-81.393,41.348],[-81.392,41.348],[-81.392,41.345],[-81.392,41.341],[-81.392,41.339],[-81.392,41.335],[-81.392,41.334],[-81.392,41.332],[-81.392,41.331],[-81.392,41.329],[-81.392,41.32],[-81.392,41.315],[-81.392,41.312],[-81.392,41.312]]]},"properties":{"NAME":"Summit","GEOID":"39153"}},{"type":"Feature","geometry":{"type":"Polygon","coordinates":[[[-82.472,39.839],[-82.472,39.84],[-82.472,39.842],[-82.472,39.843],[-82.472,39.844],[-82.472,39.846],[-82.471,39.849],[-82.471,39.85],[-82.471,39.852],[-82.471,39.853],[-82.471,39.856],[-82.47,39.858],[-82.47,39.86],[-82.469,39.866],[-82.469,39.867],[-82.469,39.871],[-82.468,39.875],[-82.468,39.88],[-82.468,39.882],[-82.468,39.883],[-82.467,39.885],[-82.467,39.886],[-82.467,39.89],[-82.466,39.895],[-82.466,39.901],[-82.465,39.904],[-82.465,39.907],[-82.465,39.91],[-82.465,39.911],[-82.465,39.913],[-82.464,39.921],[-82.464,39.921],[-82.464,39.922],[-82.464,39.922],[-82.464,39.923],[-82.464,39.923],[-82.464,39.924],[-82.464,39.924],[-82.464,39.924],[-82.464,39.925],[-82.463,39.93],[-82.433,39.929],[-82.425,39.928],[-82.419,39.923],[-82.414,39.922],[-82.413,39.922],[-82.409,39.922],[-82.406,39.922],[-82.403,39.922],[-82.401,39.922],[-82.399,39.921],[-82.397,39.921],[-82.395,39.921],[-82.394,39.921],[-82.391,39.921],[-82.39,39.921],[-82.389,39.921],[-82.387,39.921],[-82.381,39.92],[-82.378,39.92],[-82.375,39.92],[-82.373,39.92],[-82.372,39.92],[-82.37,39.92],[-82.369,39.92],[-82.365,39.92],[-82.358,39.919],[-82.351,39.919],[-82.349,39.919],[-82.349,39.919],[-82.349,39.919],[-82.344,39.918],[-82.337,39.918],[-82.337,39.918],[-82.327,39.917],[-82.319,39.917],[-82.307,39.916],[-82.307,39.916],[-82.306,39.916],[-82.306,39.916],[-82.305,39.916],[-82.304,39.916],[-82.303,39.916],[-82.302,39.916],[-82.302,39.916],[-82.295,39.916],[-82.29,39.916],[-82.275,39.915],[-82.266,39.915],[-82.255,39.914],[-82.25,39.914],[-82.244,39.914],[-82.241,39.914],[-82.234,39.913],[-82.227,39.913],[-82.221,39.913],[-82.211,39.912],[-82.206,39.912],[-82.205,39.912],[-82.2,39.912],[-82.198,39.911],[-82.17,39.91],[-82.17,39.91],[-82.163,39.909],[-82.163,39.905],[-82.163,39.896],[-82.164,39.885],[-82.165,39.879],[-82.165,39.875],[-82.166,39.866],[-82.166,39.866],[-82.167,39.858],[-82.167,39.849],[-82.168,39.849],[-82.168,39.84],[-82.169,39.836],[-82.169,39.829],[-82.17,39.824],[-82.167,39.821],[-82.154,39.82],[-82.151,39.82],[-82.139,39.819],[-82.138,39.819],[-82.136,39.819],[-82.133,39.819],[-82.133,39.819],[-82.13,39.819],[-82.129,39.819],[-82.125,39.819],[-82.124,39.819],[-82.08,39.817],[-82.079,39.816],[-82.077,39.816],[-82.076,39.816],[-82.075,39.816],[-82.073,39.816],[-82.073,39.813],[-82.073,39.812],[-82.073,39.81],[-82.073,39.81],[-82.074,39.809],[-82.074,39.808],[-82.074,39.807],[-82.074,39.805],[-82.074,39.802],[-82.074,39.802],[-82.074,39.801],[-82.074,39.8],[-82.074,39.799],[-82.075,39.787],[-82.076,39.783],[-82.077,39.771],[-82.077,39.768],[-82.077,39.761],[-82.078,39.753],[-82.079,39.744],[-82.079,39.743],[-82.08,39.734],[-82.08,39.728],[-82.074,39.727],[-82.072,39.727],[-82.072,39.727],[-82.071,39.727],[-82.071,39.727],[-82.07,39.727],[-82.063,39.727],[-82.062,39.727],[-82.062,39.727],[-82.055,39.726],[-82.045,39.726],[-82.043,39.726],[-82.036,39.725],[-82.035,39.725],[-82.035,39.725],[-82.035,39.725],[-82.033,39.725],[-82.033,39.725],[-82.033,39.725],[-82.027,39.725],[-82.025,39.719],[-82.025,39.714],[-82.026,39.706],[-82.026,39.701],[-82.026,39.699],[-82.027,39.698],[-82.027,39.697],[-82.027,39.693],[-82.028,39.684],[-82.028,39.68],[-82.029,39.676],[-82.029,39.665],[-82.03,39.657],[-82.03,39.655],[-82.03,39.655],[-82.031,39.651],[-82.031,39.65],[-82.031,39.643],[-82.032,39.637],[-82.032,39.635],[-82.033,39.628],[-82.033,39.628],[-82.033,39.627],[-82.033,39.625],[-82.033,39.625],[-82.034,39.617],[-82.034,39.612],[-82.035,39.605],[-82.035,39.599],[-82.036,39.598],[-82.036,39.598],[-82.036,39.593],[-82.036,39.592],[-82.037,39.582],[-82.038,39.578],[-82.038,39.571],[-82.039,39.563],[-82.04,39.55],[-82.048,39.551],[-82.048,39.551],[-82.052,39.551],[-82.054,39.551],[-82.061,39.552],[-82.061,39.552],[-82.063,39.552],[-82.065,39.552],[-82.065,39.552],[-82.065,39.552],[-82.066,39.552],[-82.082,39.553],[-82.1,39.554],[-82.102,39.554],[-82.103,39.554],[-82.109,39.554],[-82.113,39.554],[-82.125,39.555],[-82.129,39.555],[-82.136,39.555],[-82.142,39.556],[-82.142,39.556],[-82.143,39.556],[-82.144,39.556],[-82.154,39.556],[-82.168,39.557],[-82.177,39.557],[-82.18,39.557],[-82.195,39.558],[-82.205,39.559],[-82.221,39.56],[-82.239,39.561],[-82.25,39.561],[-82.258,39.562],[-82.264,39.562],[-82.263,39.57],[-82.262,39.584],[-82.262,39.585],[-82.262,39.591],[-82.274,39.591],[-82.277,39.591],[-82.286,39.592],[-82.292,39.592],[-82.302,39.592],[-82.307,39.593],[-82.317,39.593],[-82.323,39.594],[-82.339,39.595],[-82.348,39.595],[-82.35,39.595],[-82.363,39.596],[-82.364,39.596],[-82.375,39.596],[-82.38,39.597],[-82.378,39.615],[-82.377,39.625],[-82.377,39.625],[-82.376,39.633],[-82.376,39.638],[-82.376,39.642],[-82.376,39.643],[-82.375,39.652],[-82.375,39.655],[-82.374,39.659],[-82.374,39.661],[-82.374,39.662],[-82.373,39.667],[-82.373,39.673],[-82.372,39.68],[-82.372,39.683],[-82.372,39.683],[-82.372,39.684],[-82.372,39.684],[-82.372,39.684],[-82.372,39.685],[-82.371,39.691],[-82.371,39.694],[-82.37,39.7],[-82.369,39.714],[-82.368,39.72],[-82.368,39.72],[-82.368,39.721],[-82.368,39.727],[-82.367,39.728],[-82.367,39.735],[-82.366,39.743],[-82.372,39.743],[-82.376,39.743],[-82.379,39.743],[-82.379,39.743],[-82.38,39.743],[-82.383,39.743],[-82.384,39.744],[-82.385,39.744],[-82.386,39.744],[-82.388,39.744],[-82.39,39.744],[-82.39,39.744],[-82.392,39.744],[-82.392,39.744],[-82.392,39.744],[-82.404,39.745],[-82.404,39.745],[-82.404,39.748],[-82.404,39.749],[-82.403,39.751],[-82.403,39.752],[-82.403,39.757],[-82.403,39.758],[-82.403,39.76],[-82.402,39.766],[-82.402,39.768],[-82.402,39.768],[-82.401,39.775],[-82.401,39.775],[-82.401,39.776],[-82.4,39.785],[-82.4,39.786],[-82.4,39.786],[-82.4,39.787],[-82.4,39.788],[-82.4,39.791],[-82.399,39.795],[-82.398,39.807],[-82.398,39.81],[-82.398,39.815],[-82.397,39.818],[-82.397,39.833],[-82.406,39.834],[-82.408,39.834],[-82.412,39.834],[-82.418,39.834],[-82.422,39.834],[-82.426,39.835],[-82.434,39.835],[-82.436,39.835],[-82.443,39.835],[-82.444,39.835],[-82.446,39.836],[-82.448,39.836],[-82.452,39.836],[-82.46,39.836],[-82.469,39.837],[-82.472,39.837],[-82.472,39.839]]]},"properties":{"NAME":"Perry","GEOID":"39127"}},{"type":"Feature","geometry":{"type":"Polygon","coordinates":[[[-82.998,39.48],[-82.998,39.48],[-82.98,39.48],[-82.978,39.479],[-82.978,39.479],[-82.977,39.479],[-82.977,39.479],[-82.976,39.479],[-82.976,39.479],[-82.976,39.479],[-82.975,39.479],[-82.974,39.479],[-82.974,39.479],[-82.973,39.479],[-82.973,39.479],[-82.973,39.479],[-82.972,39.479],[-82.972,39.479],[-82.972,39.479],[-82.971,39.479],[-82.971,39.479],[-82.97,39.479],[-82.97,39.479],[-82.97,39.479],[-82.969,39.479],[-82.969,39.479],[-82.968,39.479],[-82.968,39.479],[-82.968,39.479],[-82.967,39.479],[-82.966,39.479],[-82.966,39.479],[-82.966,39.479],[-82.965,39.479],[-82.965,39.479],[-82.964,39.479],[-82.964,39.479],[-82.964,39.479],[-82.963,39.479],[-82.963,39.479],[-82.963,39.479],[-82.962,39.479],[-82.962,39.479],[-82.961,39.479],[-82.961,39.479],[-82.961,39.479],[-82.96,39.479],[-82.96,39.479],[-82.959,39.479],[-82.959,39.479],[-82.958,39.479],[-82.958,39.479],[-82.958,39.479],[-82.957,39.479],[-82.957,39.478],[-82.956,39.478],[-82.956,39.478],[-82.955,39.478],[-82.955,39.478],[-82.955,39.478],[-82.954,39.478],[-82.954,39.478],[-82.953,39.478],[-82.953,39.478],[-82.953,39.478],[-82.952,39.478],[-82.952,39.478],[-82.952,39.478],[-82.951,39.478],[-82.951,39.478],[-82.951,39.478],[-82.95,39.478],[-82.95,39.478],[-82.949,39.478],[-82.949,39.478],[-82.949,39.478],[-82.948,39.478],[-82.948,39.478],[-82.947,39.478],[-82.946,39.478],[-82.946,39.478],[-82.946,39.478],[-82.945,39.478],[-82.945,39.478],[-82.944,39.478],[-82.944,39.478],[-82.944,39.478],[-82.944,39.478],[-82.943,39.478],[-82.943,39.478],[-82.942,39.478],[-82.942,39.478],[-82.941,39.478],[-82.941,39.478],[-82.941,39.478],[-82.94,39.478],[-82.94,39.478],[-82.939,39.478],[-82.939,39.478],[-82.938,39.478],[-82.938,39.478],[-82.938,39.478],[-82.937,39.478],[-82.937,39.478],[-82.936,39.478],[-82.936,39.478],[-82.936,39.478],[-82.935,39.478],[-82.935,39.478],[-82.934,39.478],[-82.934,39.477],[-82.934,39.477],[-82.933,39.477],[-82.933,39.477],[-82.933,39.477],[-82.932,39.477],[-82.932,39.477],[-82.931,39.477],[-82.931,39.477],[-82.93,39.477],[-82.93,39.477],[-82.93,39.477],[-82.929,39.477],[-82.929,39.477],[-82.928,39.477],[-82.928,39.477],[-82.928,39.477],[-82.927,39.477],[-82.927,39.477],[-82.926,39.477],[-82.926,39.477],[-82.925,39.477],[-82.925,39.477],[-82.925,39.477],[-82.924,39.477],[-82.924,39.477],[-82.923,39.477],[-82.923,39.477],[-82.922,39.477],[-82.922,39.477],[-82.922,39.477],[-82.921,39.477],[-82.921,39.477],[-82.92,39.477],[-82.92,39.477],[-82.92,39.477],[-82.919,39.477],[-82.919,39.477],[-82.918,39.477],[-82.918,39.477],[-82.918,39.477],[-82.917,39.477],[-82.917,39.477],[-82.917,39.477],[-82.916,39.477],[-82.916,39.477],[-82.916,39.477],[-82.915,39.477],[-82.915,39.477],[-82.914,39.477],[-82.914,39.477],[-82.914,39.477],[-82.913,39.477],[-82.913,39.476],[-82.913,39.476],[-82.912,39.476],[-82.912,39.476],[-82.911,39.476],[-82.911,39.476],[-82.91,39.476],[-82.91,39.476],[-82.91,39.476],[-82.909,39.476],[-82.909,39.476],[-82.909,39.476],[-82.908,39.476],[-82.908,39.476],[-82.904,39.476],[-82.892,39.475],[-82.892,39.475],[-82.891,39.475],[-82.891,39.475],[-82.891,39.475],[-82.89,39.475],[-82.89,39.475],[-82.89,39.475],[-82.889,39.475],[-82.889,39.475],[-82.888,39.475],[-82.888,39.475],[-82.887,39.475],[-82.887,39.475],[-82.887,39.475],[-82.886,39.475],[-82.886,39.475],[-82.885,39.475],[-82.885,39.475],[-82.884,39.475],[-82.884,39.475],[-82.883,39.475],[-82.883,39.475],[-82.883,39.475],[-82.882,39.475],[-82.882,39.475],[-82.881,39.475],[-82.881,39.475],[-82.88,39.475],[-82.88,39.475],[-82.88,39.475],[-82.879,39.475],[-82.879,39.475],[-82.878,39.475],[-82.878,39.475],[-82.878,39.475],[-82.877,39.475],[-82.877,39.475],[-82.876,39.475],[-82.876,39.475],[-82.875,39.475],[-82.875,39.475],[-82.875,39.475],[-82.874,39.475],[-82.874,39.475],[-82.873,39.475],[-82.873,39.475],[-82.872,39.475],[-82.872,39.474],[-82.872,39.474],[-82.871,39.474],[-82.871,39.474],[-82.87,39.474],[-82.87,39.474],[-82.869,39.474],[-82.869,39.474],[-82.869,39.474],[-82.868,39.474],[-82.868,39.474],[-82.867,39.474],[-82.867,39.474],[-82.866,39.474],[-82.866,39.474],[-82.866,39.474],[-82.865,39.474],[-82.865,39.474],[-82.864,39.474],[-82.864,39.474],[-82.863,39.474],[-82.863,39.474],[-82.862,39.474],[-82.862,39.474],[-82.861,39.474],[-82.861,39.474],[-82.86,39.474],[-82.86,39.474],[-82.859,39.474],[-82.859,39.474],[-82.859,39.474],[-82.858,39.474],[-82.858,39.474],[-82.857,39.474],[-82.857,39.474],[-82.856,39.474],[-82.856,39.474],[-82.856,39.474],[-82.855,39.474],[-82.855,39.474],[-82.854,39.474],[-82.854,39.474],[-82.854,39.474],[-82.853,39.474],[-82.853,39.473],[-82.852,39.473],[-82.852,39.473],[-82.852,39.473],[-82.851,39.473],[-82.851,39.473],[-82.85,39.473],[-82.85,39.473],[-82.85,39.473],[-82.849,39.473],[-82.849,39.473],[-82.848,39.473],[-82.848,39.473],[-82.848,39.473],[-82.847,39.473],[-82.847,39.473],[-82.846,39.473],[-82.846,39.473],[-82.846,39.473],[-82.845,39.473],[-82.845,39.473],[-82.844,39.473],[-82.843,39.473],[-82.843,39.473],[-82.843,39.473],[-82.842,39.473],[-82.842,39.473],[-82.842,39.473],[-82.841,39.473],[-82.841,39.473],[-82.84,39.473],[-82.84,39.473],[-82.84,39.473],[-82.839,39.473],[-82.839,39.473],[-82.838,39.473],[-82.838,39.473],[-82.837,39.473],[-82.837,39.473],[-82.837,39.473],[-82.836,39.473],[-82.836,39.473],[-82.835,39.473],[-82.835,39.473],[-82.834,39.473],[-82.834,39.473],[-82.833,39.473],[-82.833,39.473],[-82.833,39.472],[-82.832,39.472],[-82.832,39.472],[-82.831,39.472],[-82.831,39.472],[-82.83,39.472],[-82.83,39.472],[-82.829,39.472],[-82.829,39.472],[-82.829,39.472],[-82.828,39.472],[-82.828,39.472],[-82.827,39.472],[-82.827,39.472],[-82.826,39.472],[-82.826,39.472],[-82.825,39.472],[-82.825,39.472],[-82.824,39.472],[-82.824,39.472],[-82.824,39.472],[-82.824,39.472],[-82.823,39.472],[-82.823,39.472],[-82.822,39.472],[-82.822,39.472],[-82.821,39.472],[-82.821,39.472],[-82.82,39.472],[-82.82,39.472],[-82.82,39.472],[-82.819,39.472],[-82.819,39.472],[-82.818,39.472],[-82.818,39.472],[-82.817,39.472],[-82.817,39.472],[-82.817,39.472],[-82.816,39.472],[-82.816,39.472],[-82.815,39.472],[-82.815,39.472],[-82.814,39.472],[-82.814,39.472],[-82.813,39.471],[-82.813,39.471],[-82.812,39.471],[-82.812,39.471],[-82.811,39.471],[-82.811,39.471],[-82.811,39.471],[-82.81,39.471],[-82.81,39.471],[-82.809,39.471],[-82.808,39.471],[-82.808,39.471],[-82.807,39.471],[-82.807,39.471],[-82.806,39.471],[-82.806,39.471],[-82.805,39.471],[-82.805,39.471],[-82.804,39.471],[-82.804,39.471],[-82.803,39.471],[-82.803,39.471],[-82.802,39.471],[-82.802,39.471],[-82.801,39.471],[-82.801,39.471],[-82.801,39.471],[-82.8,39.471],[-82.8,39.471],[-82.799,39.471],[-82.799,39.471],[-82.798,39.471],[-82.798,39.471],[-82.797,39.471],[-82.797,39.471],[-82.796,39.471],[-82.796,39.471],[-82.796,39.471],[-82.795,39.47],[-82.795,39.47],[-82.794,39.47],[-82.794,39.47],[-82.793,39.47],[-82.793,39.47],[-82.792,39.47],[-82.792,39.47],[-82.791,39.47],[-82.791,39.47],[-82.791,39.47],[-82.791,39.47],[-82.79,39.47],[-82.789,39.47],[-82.789,39.47],[-82.789,39.47],[-82.788,39.47],[-82.787,39.47],[-82.787,39.47],[-82.787,39.47],[-82.786,39.47],[-82.786,39.47],[-82.785,39.47],[-82.785,39.47],[-82.784,39.47],[-82.784,39.47],[-82.784,39.47],[-82.783,39.47],[-82.783,39.47],[-82.782,39.47],[-82.782,39.47],[-82.781,39.47],[-82.781,39.47],[-82.78,39.47],[-82.78,39.47],[-82.78,39.47],[-82.779,39.47],[-82.779,39.47],[-82.778,39.47],[-82.778,39.47],[-82.777,39.47],[-82.777,39.47],[-82.776,39.469],[-82.776,39.469],[-82.776,39.469],[-82.775,39.469],[-82.775,39.469],[-82.774,39.469],[-82.774,39.469],[-82.773,39.469],[-82.773,39.469],[-82.773,39.469],[-82.772,39.469],[-82.772,39.469],[-82.771,39.469],[-82.771,39.469],[-82.771,39.469],[-82.77,39.469],[-82.77,39.469],[-82.769,39.469],[-82.769,39.469],[-82.769,39.469],[-82.768,39.469],[-82.768,39.469],[-82.767,39.469],[-82.767,39.469],[-82.766,39.469],[-82.766,39.469],[-82.765,39.469],[-82.765,39.469],[-82.765,39.469],[-82.764,39.469],[-82.764,39.469],[-82.763,39.469],[-82.763,39.469],[-82.762,39.469],[-82.761,39.469],[-82.761,39.469],[-82.761,39.469],[-82.76,39.469],[-82.76,39.469],[-82.76,39.469],[-82.759,39.469],[-82.758,39.469],[-82.758,39.468],[-82.758,39.468],[-82.757,39.468],[-82.757,39.468],[-82.756,39.468],[-82.756,39.468],[-82.755,39.468],[-82.755,39.468],[-82.754,39.468],[-82.754,39.468],[-82.753,39.468],[-82.753,39.468],[-82.752,39.468],[-82.752,39.468],[-82.751,39.468],[-82.75,39.469],[-82.748,39.469],[-82.745,39.469],[-82.743,39.468],[-82.741,39.468],[-82.741,39.468],[-82.741,39.468],[-82.741,39.468],[-82.741,39.468],[-82.741,39.468],[-82.741,39.468],[-82.741,39.463],[-82.741,39.46],[-82.742,39.451],[-82.744,39.434],[-82.744,39.425],[-82.744,39.425],[-82.744,39.423],[-82.745,39.419],[-82.745,39.412],[-82.747,39.385],[-82.747,39.383],[-82.748,39.375],[-82.749,39.366],[-82.75,39.359],[-82.75,39.357],[-82.75,39.356],[-82.75,39.352],[-82.751,39.342],[-82.752,39.334],[-82.752,39.333],[-82.752,39.325],[-82.753,39.319],[-82.754,39.312],[-82.754,39.309],[-82.754,39.309],[-82.755,39.293],[-82.756,39.289],[-82.756,39.283],[-82.756,39.281],[-82.756,39.281],[-82.756,39.281],[-82.756,39.281],[-82.757,39.278],[-82.758,39.267],[-82.758,39.266],[-82.759,39.253],[-82.759,39.253],[-82.759,39.252],[-82.759,39.25],[-82.759,39.248],[-82.759,39.246],[-82.759,39.246],[-82.759,39.246],[-82.759,39.245],[-82.76,39.244],[-82.76,39.237],[-82.761,39.229],[-82.762,39.218],[-82.762,39.217],[-82.762,39.217],[-82.762,39.217],[-82.762,39.217],[-82.762,39.214],[-82.763,39.208],[-82.763,39.208],[-82.763,39.205],[-82.764,39.201],[-82.764,39.2],[-82.764,39.199],[-82.764,39.197],[-82.764,39.193],[-82.765,39.191],[-82.765,39.19],[-82.765,39.189],[-82.765,39.185],[-82.767,39.168],[-82.767,39.168],[-82.767,39.168],[-82.771,39.168],[-82.78,39.168],[-82.781,39.169],[-82.787,39.169],[-82.795,39.169],[-82.802,39.17],[-82.803,39.17],[-82.805,39.17],[-82.831,39.171],[-82.835,39.172],[-82.838,39.172],[-82.839,39.172],[-82.839,39.172],[-82.839,39.172],[-82.84,39.172],[-82.84,39.172],[-82.84,39.172],[-82.84,39.172],[-82.84,39.172],[-82.869,39.174],[-82.875,39.174],[-82.876,39.174],[-82.885,39.175],[-82.889,39.175],[-82.9,39.175],[-82.91,39.176],[-82.91,39.176],[-82.91,39.176],[-82.915,39.176],[-82.919,39.176],[-82.92,39.176],[-82.921,39.176],[-82.921,39.176],[-82.935,39.177],[-82.944,39.177],[-82.957,39.178],[-82.959,39.178],[-82.959,39.178],[-82.96,39.178],[-82.961,39.178],[-82.967,39.178],[-82.969,39.179],[-82.971,39.179],[-82.973,39.179],[-82.973,39.179],[-82.977,39.179],[-82.983,39.179],[-82.993,39.18],[-82.995,39.18],[-82.997,39.18],[-83.01,39.181],[-83.015,39.181],[-83.017,39.181],[-83.018,39.181],[-83.018,39.181],[-83.025,39.181],[-83.027,39.181],[-83.03,39.182],[-83.033,39.182],[-83.036,39.182],[-83.041,39.182],[-83.042,39.182],[-83.042,39.182],[-83.043,39.182],[-83.045,39.182],[-83.05,39.183],[-83.051,39.183],[-83.054,39.183],[-83.057,39.183],[-83.061,39.183],[-83.065,39.183],[-83.076,39.184],[-83.079,39.184],[-83.091,39.185],[-83.091,39.185],[-83.095,39.185],[-83.096,39.185],[-83.1,39.185],[-83.109,39.186],[-83.115,39.186],[-83.119,39.186],[-83.129,39.187],[-83.132,39.187],[-83.133,39.187],[-83.14,39.187],[-83.142,39.187],[-83.144,39.188],[-83.145,39.188],[-83.15,39.188],[-83.151,39.188],[-83.152,39.188],[-83.155,39.188],[-83.158,39.188],[-83.158,39.188],[-83.166,39.189],[-83.176,39.189],[-83.178,39.189],[-83.181,39.19],[-83.188,39.19],[-83.189,39.19],[-83.195,39.19],[-83.202,39.191],[-83.208,39.191],[-83.214,39.191],[-83.223,39.192],[-83.226,39.192],[-83.232,39.192],[-83.234,39.192],[-83.237,39.193],[-83.237,39.193],[-83.246,39.193],[-83.25,39.193],[-83.257,39.194],[-83.258,39.194],[-83.265,39.194],[-83.28,39.195],[-83.291,39.195],[-83.291,39.195],[-83.293,39.195],[-83.299,39.196],[-83.305,39.196],[-83.308,39.196],[-83.308,39.196],[-83.314,39.196],[-83.315,39.196],[-83.317,39.196],[-83.324,39.197],[-83.33,39.197],[-83.337,39.197],[-83.343,39.197],[-83.345,39.197],[-83.347,39.197],[-83.352,39.198],[-83.354,39.198],[-83.353,39.199],[-83.352,39.204],[-83.351,39.208],[-83.349,39.216],[-83.348,39.219],[-83.347,39.222],[-83.347,39.223],[-83.347,39.223],[-83.346,39.225],[-83.346,39.226],[-83.344,39.23],[-83.344,39.233],[-83.343,39.233],[-83.344,39.233],[-83.345,39.233],[-83.347,39.233],[-83.348,39.234],[-83.348,39.234],[-83.347,39.235],[-83.347,39.237],[-83.346,39.239],[-83.346,39.241],[-83.346,39.243],[-83.347,39.245],[-83.347,39.247],[-83.346,39.248],[-83.345,39.249],[-83.345,39.25],[-83.345,39.251],[-83.347,39.253],[-83.348,39.253],[-83.351,39.252],[-83.352,39.252],[-83.354,39.251],[-83.355,39.25],[-83.355,39.25],[-83.355,39.25],[-83.356,39.25],[-83.356,39.249],[-83.355,39.248],[-83.356,39.248],[-83.356,39.247],[-83.357,39.246],[-83.358,39.244],[-83.359,39.243],[-83.36,39.242],[-83.361,39.241],[-83.362,39.241],[-83.364,39.241],[-83.366,39.242],[-83.369,39.244],[-83.371,39.246],[-83.371,39.246],[-83.373,39.248],[-83.375,39.248],[-83.377,39.248],[-83.379,39.249],[-83.38,39.249],[-83.381,39.25],[-83.381,39.25],[-83.381,39.251],[-83.381,39.252],[-83.38,39.253],[-83.38,39.254],[-83.379,39.254],[-83.379,39.256],[-83.378,39.256],[-83.378,39.259],[-83.378,39.259],[-83.379,39.26],[-83.379,39.26],[-83.38,39.261],[-83.38,39.262],[-83.382,39.263],[-83.383,39.263],[-83.385,39.263],[-83.386,39.264],[-83.388,39.264],[-83.39,39.265],[-83.393,39.267],[-83.393,39.267],[-83.394,39.268],[-83.394,39.269],[-83.394,39.273],[-83.393,39.275],[-83.39,39.276],[-83.39,39.276],[-83.389,39.277],[-83.389,39.277],[-83.385,39.278],[-83.384,39.278],[-83.383,39.278],[-83.382,39.278],[-83.381,39.278],[-83.381,39.279],[-83.381,39.279],[-83.381,39.279],[-83.381,39.28],[-83.381,39.281],[-83.382,39.282],[-83.382,39.285],[-83.381,39.286],[-83.38,39.287],[-83.378,39.288],[-83.378,39.288],[-83.378,39.289],[-83.378,39.289],[-83.377,39.29],[-83.377,39.291],[-83.377,39.292],[-83.377,39.292],[-83.377,39.292],[-83.377,39.293],[-83.377,39.293],[-83.379,39.294],[-83.38,39.294],[-83.382,39.294],[-83.382,39.295],[-83.382,39.296],[-83.383,39.296],[-83.383,39.297],[-83.383,39.298],[-83.383,39.299],[-83.383,39.3],[-83.383,39.302],[-83.383,39.303],[-83.382,39.303],[-83.382,39.305],[-83.383,39.306],[-83.384,39.307],[-83.385,39.308],[-83.384,39.309],[-83.384,39.312],[-83.384,39.312],[-83.384,39.313],[-83.383,39.313],[-83.383,39.314],[-83.383,39.316],[-83.384,39.317],[-83.385,39.318],[-83.386,39.319],[-83.386,39.32],[-83.386,39.321],[-83.387,39.322],[-83.387,39.323],[-83.387,39.324],[-83.386,39.325],[-83.386,39.325],[-83.386,39.326],[-83.384,39.326],[-83.384,39.327],[-83.384,39.327],[-83.383,39.327],[-83.383,39.328],[-83.383,39.329],[-83.384,39.331],[-83.384,39.331],[-83.384,39.334],[-83.383,39.335],[-83.383,39.336],[-83.383,39.337],[-83.382,39.339],[-83.382,39.34],[-83.381,39.34],[-83.379,39.342],[-83.379,39.342],[-83.379,39.343],[-83.378,39.343],[-83.377,39.344],[-83.377,39.344],[-83.377,39.345],[-83.376,39.346],[-83.376,39.347],[-83.375,39.347],[-83.375,39.347],[-83.375,39.348],[-83.375,39.349],[-83.377,39.352],[-83.377,39.353],[-83.378,39.353],[-83.378,39.354],[-83.379,39.355],[-83.379,39.355],[-83.379,39.355],[-83.38,39.355],[-83.38,39.358],[-83.379,39.359],[-83.378,39.361],[-83.377,39.362],[-83.377,39.362],[-83.377,39.363],[-83.377,39.364],[-83.376,39.365],[-83.374,39.368],[-83.374,39.37],[-83.374,39.371],[-83.375,39.372],[-83.375,39.373],[-83.375,39.374],[-83.375,39.374],[-83.375,39.375],[-83.373,39.376],[-83.373,39.376],[-83.373,39.377],[-83.373,39.378],[-83.371,39.379],[-83.366,39.387],[-83.361,39.393],[-83.353,39.403],[-83.351,39.405],[-83.35,39.406],[-83.342,39.417],[-83.336,39.425],[-83.334,39.428],[-83.33,39.433],[-83.329,39.434],[-83.328,39.436],[-83.325,39.44],[-83.323,39.443],[-83.317,39.45],[-83.314,39.454],[-83.309,39.461],[-83.303,39.469],[-83.301,39.472],[-83.294,39.481],[-83.286,39.491],[-83.283,39.495],[-83.281,39.497],[-83.279,39.5],[-83.277,39.503],[-83.276,39.504],[-83.275,39.505],[-83.274,39.507],[-83.273,39.508],[-83.273,39.508],[-83.272,39.51],[-83.25,39.516],[-83.247,39.515],[-83.24,39.515],[-83.234,39.515],[-83.22,39.514],[-83.213,39.514],[-83.197,39.513],[-83.183,39.513],[-83.155,39.512],[-83.148,39.511],[-83.131,39.511],[-83.125,39.511],[-83.118,39.51],[-83.113,39.51],[-83.113,39.51],[-83.102,39.51],[-83.08,39.509],[-83.062,39.509],[-83.041,39.508],[-83.031,39.508],[-83.03,39.508],[-83.029,39.508],[-83.022,39.507],[-83.011,39.507],[-83.005,39.507],[-82.997,39.506],[-82.993,39.506],[-82.99,39.506],[-82.988,39.506],[-82.986,39.507],[-82.984,39.507],[-82.983,39.506],[-82.984,39.505],[-82.984,39.503],[-82.982,39.502],[-82.98,39.502],[-82.979,39.501],[-82.979,39.5],[-82.98,39.5],[-82.979,39.499],[-82.979,39.497],[-82.979,39.495],[-82.98,39.493],[-82.98,39.491],[-82.981,39.49],[-82.982,39.489],[-82.984,39.49],[-82.986,39.491],[-82.99,39.491],[-82.992,39.49],[-82.992,39.49],[-82.993,39.49],[-82.994,39.489],[-82.995,39.488],[-82.996,39.487],[-82.996,39.485],[-82.997,39.483],[-82.998,39.481],[-82.998,39.48],[-82.998,39.48]]]},"properties":{"NAME":"Ross","GEOID":"39141"}},{"type":"Feature","geometry":{"type":"Polygon","coordinates":[[[-81.364,39.342],[-81.371,39.343],[-81.376,39.342],[-81.38,39.342],[-81.381,39.342],[-81.382,39.343],[-81.385,39.343],[-81.394,39.352],[-81.397,39.359],[-81.4,39.367],[-81.401,39.372],[-81.403,39.377],[-81.403,39.378],[-81.407,39.388],[-81.409,39.391],[-81.411,39.393],[-81.417,39.398],[-81.427,39.405],[-81.429,39.405],[-81.43,39.406],[-81.446,39.41],[-81.448,39.41],[-81.45,39.41],[-81.456,39.409],[-81.461,39.407],[-81.463,39.406],[-81.468,39.404],[-81.469,39.403],[-81.476,39.397],[-81.479,39.393],[-81.483,39.39],[-81.485,39.388],[-81.492,39.382],[-81.497,39.378],[-81.5,39.375],[-81.503,39.373],[-81.505,39.372],[-81.509,39.37],[-81.513,39.367],[-81.517,39.365],[-81.521,39.363],[-81.525,39.361],[-81.528,39.36],[-81.529,39.36],[-81.532,39.359],[-81.534,39.358],[-81.536,39.357],[-81.537,39.355],[-81.551,39.345],[-81.558,39.339],[-81.559,39.334],[-81.56,39.331],[-81.56,39.327],[-81.56,39.319],[-81.56,39.318],[-81.565,39.296],[-81.565,39.291],[-81.565,39.289],[-81.565,39.286],[-81.565,39.283],[-81.565,39.282],[-81.565,39.279],[-81.565,39.277],[-81.566,39.274],[-81.567,39.272],[-81.567,39.271],[-81.567,39.271],[-81.567,39.271],[-81.569,39.268],[-81.574,39.267],[-81.584,39.269],[-81.586,39.269],[-81.588,39.27],[-81.59,39.27],[-81.592,39.272],[-81.593,39.272],[-81.595,39.273],[-81.598,39.274],[-81.6,39.275],[-81.606,39.276],[-81.612,39.276],[-81.616,39.275],[-81.619,39.274],[-81.621,39.274],[-81.623,39.274],[-81.624,39.274],[-81.627,39.274],[-81.63,39.275],[-81.632,39.275],[-81.635,39.276],[-81.638,39.276],[-81.64,39.276],[-81.642,39.277],[-81.645,39.277],[-81.647,39.277],[-81.651,39.277],[-81.655,39.277],[-81.659,39.277],[-81.662,39.277],[-81.664,39.276],[-81.667,39.276],[-81.669,39.276],[-81.672,39.275],[-81.676,39.275],[-81.678,39.274],[-81.68,39.273],[-81.683,39.272],[-81.684,39.271],[-81.687,39.268],[-81.689,39.266],[-81.692,39.263],[-81.692,39.263],[-81.692,39.261],[-81.693,39.261],[-81.693,39.261],[-81.693,39.262],[-81.694,39.261],[-81.694,39.26],[-81.695,39.259],[-81.696,39.257],[-81.697,39.256],[-81.697,39.253],[-81.696,39.251],[-81.697,39.249],[-81.697,39.248],[-81.696,39.245],[-81.696,39.244],[-81.695,39.241],[-81.693,39.238],[-81.692,39.237],[-81.692,39.235],[-81.692,39.233],[-81.691,39.231],[-81.691,39.229],[-81.691,39.228],[-81.692,39.226],[-81.694,39.225],[-81.695,39.224],[-81.697,39.222],[-81.699,39.221],[-81.702,39.221],[-81.705,39.22],[-81.708,39.22],[-81.712,39.219],[-81.716,39.218],[-81.719,39.218],[-81.721,39.217],[-81.726,39.216],[-81.726,39.216],[-81.725,39.224],[-81.724,39.23],[-81.724,39.236],[-81.724,39.239],[-81.724,39.242],[-81.724,39.243],[-81.724,39.244],[-81.723,39.252],[-81.722,39.263],[-81.722,39.264],[-81.722,39.265],[-81.722,39.27],[-81.748,39.27],[-81.753,39.271],[-81.756,39.271],[-81.759,39.271],[-81.764,39.271],[-81.767,39.271],[-81.767,39.271],[-81.767,39.271],[-81.77,39.271],[-81.774,39.271],[-81.78,39.271],[-81.792,39.272],[-81.793,39.272],[-81.795,39.272],[-81.795,39.272],[-81.805,39.272],[-81.818,39.273],[-81.818,39.28],[-81.817,39.287],[-81.817,39.302],[-81.835,39.303],[-81.835,39.304],[-81.835,39.304],[-81.835,39.312],[-81.835,39.314],[-81.835,39.315],[-81.835,39.315],[-81.835,39.315],[-81.835,39.316],[-81.835,39.317],[-81.835,39.317],[-81.835,39.318],[-81.835,39.318],[-81.835,39.318],[-81.848,39.318],[-81.853,39.318],[-81.853,39.325],[-81.853,39.328],[-81.852,39.333],[-81.852,39.339],[-81.852,39.339],[-81.852,39.339],[-81.852,39.34],[-81.852,39.341],[-81.851,39.347],[-81.851,39.354],[-81.851,39.356],[-81.85,39.359],[-81.85,39.362],[-81.85,39.37],[-81.85,39.374],[-81.849,39.385],[-81.849,39.391],[-81.848,39.396],[-81.848,39.401],[-81.848,39.405],[-81.847,39.409],[-81.847,39.409],[-81.847,39.411],[-81.847,39.413],[-81.847,39.414],[-81.847,39.419],[-81.847,39.421],[-81.847,39.421],[-81.846,39.426],[-81.846,39.429],[-81.846,39.429],[-81.846,39.439],[-81.845,39.448],[-81.845,39.45],[-81.84,39.45],[-81.829,39.449],[-81.825,39.459],[-81.825,39.459],[-81.825,39.468],[-81.824,39.48],[-81.823,39.49],[-81.823,39.494],[-81.817,39.494],[-81.804,39.493],[-81.795,39.493],[-81.792,39.493],[-81.787,39.493],[-81.784,39.489],[-81.774,39.489],[-81.766,39.489],[-81.761,39.487],[-81.761,39.483],[-81.756,39.483],[-81.745,39.482],[-81.733,39.481],[-81.728,39.481],[-81.727,39.481],[-81.723,39.481],[-81.723,39.481],[-81.72,39.481],[-81.72,39.481],[-81.708,39.484],[-81.708,39.486],[-81.708,39.489],[-81.707,39.5],[-81.706,39.513],[-81.706,39.518],[-81.706,39.518],[-81.705,39.53],[-81.716,39.531],[-81.721,39.532],[-81.722,39.532],[-81.721,39.533],[-81.721,39.535],[-81.722,39.537],[-81.722,39.539],[-81.722,39.54],[-81.722,39.541],[-81.722,39.542],[-81.722,39.544],[-81.723,39.545],[-81.723,39.547],[-81.723,39.548],[-81.723,39.55],[-81.722,39.552],[-81.722,39.553],[-81.721,39.555],[-81.72,39.556],[-81.72,39.558],[-81.719,39.559],[-81.718,39.561],[-81.717,39.563],[-81.717,39.565],[-81.716,39.568],[-81.716,39.569],[-81.716,39.57],[-81.716,39.571],[-81.716,39.571],[-81.716,39.573],[-81.717,39.574],[-81.717,39.575],[-81.717,39.577],[-81.717,39.579],[-81.716,39.582],[-81.716,39.583],[-81.715,39.584],[-81.714,39.585],[-81.712,39.585],[-81.711,39.586],[-81.709,39.586],[-81.709,39.586],[-81.708,39.586],[-81.706,39.586],[-81.704,39.586],[-81.702,39.586],[-81.701,39.586],[-81.698,39.586],[-81.697,39.587],[-81.697,39.587],[-81.696,39.587],[-81.693,39.588],[-81.69,39.59],[-81.689,39.591],[-81.687,39.591],[-81.678,39.59],[-81.677,39.59],[-81.676,39.59],[-81.669,39.59],[-81.666,39.59],[-81.666,39.59],[-81.656,39.589],[-81.656,39.589],[-81.651,39.589],[-81.651,39.589],[-81.645,39.589],[-81.625,39.588],[-81.619,39.588],[-81.601,39.587],[-81.595,39.587],[-81.592,39.587],[-81.584,39.587],[-81.579,39.587],[-81.572,39.586],[-81.569,39.586],[-81.564,39.586],[-81.564,39.586],[-81.563,39.586],[-81.548,39.586],[-81.539,39.585],[-81.529,39.585],[-81.527,39.585],[-81.525,39.585],[-81.511,39.584],[-81.501,39.584],[-81.492,39.584],[-81.488,39.584],[-81.488,39.584],[-81.48,39.583],[-81.477,39.583],[-81.473,39.584],[-81.473,39.586],[-81.474,39.593],[-81.473,39.602],[-81.473,39.607],[-81.473,39.609],[-81.473,39.61],[-81.473,39.611],[-81.473,39.611],[-81.473,39.614],[-81.473,39.616],[-81.473,39.622],[-81.473,39.629],[-81.473,39.638],[-81.468,39.646],[-81.467,39.646],[-81.466,39.646],[-81.465,39.646],[-81.462,39.646],[-81.461,39.646],[-81.46,39.646],[-81.457,39.646],[-81.452,39.636],[-81.452,39.635],[-81.452,39.635],[-81.453,39.634],[-81.453,39.633],[-81.453,39.633],[-81.453,39.632],[-81.451,39.631],[-81.445,39.631],[-81.432,39.631],[-81.418,39.631],[-81.415,39.631],[-81.414,39.631],[-81.414,39.627],[-81.414,39.627],[-81.414,39.627],[-81.414,39.624],[-81.414,39.624],[-81.414,39.624],[-81.414,39.624],[-81.414,39.622],[-81.414,39.622],[-81.414,39.62],[-81.414,39.62],[-81.414,39.619],[-81.414,39.616],[-81.412,39.616],[-81.402,39.616],[-81.395,39.615],[-81.395,39.614],[-81.395,39.614],[-81.395,39.609],[-81.389,39.601],[-81.388,39.601],[-81.378,39.601],[-81.377,39.601],[-81.37,39.601],[-81.37,39.601],[-81.366,39.601],[-81.356,39.601],[-81.356,39.597],[-81.354,39.594],[-81.347,39.593],[-81.332,39.593],[-81.331,39.593],[-81.321,39.593],[-81.313,39.593],[-81.289,39.592],[-81.288,39.592],[-81.284,39.592],[-81.283,39.594],[-81.283,39.603],[-81.282,39.606],[-81.279,39.606],[-81.274,39.606],[-81.274,39.605],[-81.27,39.605],[-81.264,39.605],[-81.265,39.599],[-81.265,39.593],[-81.265,39.591],[-81.265,39.584],[-81.265,39.581],[-81.265,39.579],[-81.263,39.577],[-81.247,39.576],[-81.247,39.576],[-81.247,39.579],[-81.244,39.579],[-81.242,39.579],[-81.238,39.579],[-81.226,39.579],[-81.216,39.578],[-81.207,39.578],[-81.192,39.578],[-81.184,39.577],[-81.169,39.577],[-81.159,39.577],[-81.152,39.576],[-81.146,39.576],[-81.14,39.576],[-81.128,39.576],[-81.122,39.575],[-81.102,39.575],[-81.094,39.574],[-81.091,39.574],[-81.086,39.574],[-81.062,39.573],[-81.046,39.573],[-81.038,39.572],[-81.037,39.572],[-81.037,39.571],[-81.037,39.564],[-81.037,39.564],[-81.037,39.561],[-81.038,39.554],[-81.038,39.549],[-81.038,39.547],[-81.039,39.541],[-81.039,39.54],[-81.039,39.539],[-81.043,39.537],[-81.044,39.537],[-81.045,39.536],[-81.046,39.535],[-81.047,39.535],[-81.047,39.534],[-81.048,39.534],[-81.049,39.533],[-81.049,39.532],[-81.05,39.532],[-81.051,39.531],[-81.051,39.53],[-81.053,39.529],[-81.054,39.528],[-81.055,39.528],[-81.055,39.527],[-81.056,39.526],[-81.057,39.526],[-81.058,39.525],[-81.059,39.524],[-81.06,39.523],[-81.061,39.522],[-81.062,39.522],[-81.067,39.518],[-81.07,39.516],[-81.071,39.515],[-81.072,39.515],[-81.073,39.514],[-81.074,39.513],[-81.074,39.512],[-81.076,39.51],[-81.078,39.508],[-81.081,39.506],[-81.082,39.504],[-81.083,39.503],[-81.084,39.503],[-81.085,39.502],[-81.086,39.501],[-81.088,39.5],[-81.089,39.499],[-81.09,39.498],[-81.09,39.498],[-81.092,39.497],[-81.093,39.496],[-81.093,39.495],[-81.094,39.494],[-81.095,39.493],[-81.096,39.492],[-81.097,39.491],[-81.097,39.491],[-81.098,39.491],[-81.098,39.49],[-81.099,39.489],[-81.1,39.488],[-81.101,39.487],[-81.101,39.486],[-81.102,39.485],[-81.102,39.485],[-81.103,39.484],[-81.103,39.483],[-81.104,39.483],[-81.104,39.482],[-81.105,39.48],[-81.105,39.48],[-81.106,39.479],[-81.108,39.477],[-81.109,39.475],[-81.109,39.475],[-81.109,39.474],[-81.11,39.474],[-81.11,39.472],[-81.111,39.472],[-81.112,39.47],[-81.114,39.466],[-81.115,39.466],[-81.115,39.465],[-81.115,39.465],[-81.115,39.466],[-81.115,39.466],[-81.116,39.466],[-81.116,39.465],[-81.117,39.464],[-81.117,39.464],[-81.117,39.463],[-81.118,39.463],[-81.119,39.462],[-81.119,39.461],[-81.12,39.46],[-81.125,39.453],[-81.126,39.453],[-81.127,39.451],[-81.129,39.449],[-81.131,39.448],[-81.133,39.446],[-81.134,39.445],[-81.136,39.445],[-81.138,39.444],[-81.143,39.443],[-81.149,39.443],[-81.15,39.443],[-81.151,39.443],[-81.153,39.443],[-81.159,39.442],[-81.17,39.439],[-81.171,39.439],[-81.173,39.438],[-81.176,39.437],[-81.18,39.435],[-81.185,39.431],[-81.186,39.43],[-81.187,39.429],[-81.188,39.428],[-81.188,39.427],[-81.191,39.423],[-81.195,39.42],[-81.198,39.417],[-81.2,39.415],[-81.2,39.415],[-81.201,39.415],[-81.203,39.412],[-81.21,39.405],[-81.211,39.402],[-81.211,39.399],[-81.211,39.395],[-81.213,39.391],[-81.214,39.39],[-81.215,39.389],[-81.215,39.389],[-81.217,39.388],[-81.224,39.386],[-81.235,39.389],[-81.242,39.39],[-81.246,39.39],[-81.249,39.39],[-81.25,39.39],[-81.252,39.389],[-81.254,39.389],[-81.255,39.388],[-81.257,39.387],[-81.258,39.387],[-81.26,39.387],[-81.262,39.387],[-81.265,39.387],[-81.267,39.386],[-81.269,39.386],[-81.271,39.386],[-81.274,39.385],[-81.275,39.384],[-81.278,39.382],[-81.279,39.381],[-81.281,39.379],[-81.284,39.378],[-81.288,39.377],[-81.29,39.377],[-81.293,39.376],[-81.296,39.375],[-81.298,39.374],[-81.301,39.373],[-81.303,39.371],[-81.305,39.371],[-81.307,39.369],[-81.311,39.367],[-81.313,39.365],[-81.315,39.364],[-81.32,39.361],[-81.322,39.36],[-81.323,39.36],[-81.329,39.357],[-81.331,39.356],[-81.334,39.354],[-81.34,39.35],[-81.345,39.347],[-81.354,39.344],[-81.356,39.343],[-81.362,39.343],[-81.364,39.342]]]},"properties":{"NAME":"Washington","GEOID":"39167"}},{"type":"Feature","geometry":{"type":"Polygon","coordinates":[[[-81.087,40.814],[-81.087,40.813],[-81.087,40.806],[-81.087,40.801],[-81.087,40.801],[-81.087,40.798],[-81.087,40.791],[-81.087,40.786],[-81.087,40.767],[-81.087,40.757],[-81.087,40.751],[-81.087,40.751],[-81.087,40.75],[-81.087,40.749],[-81.087,40.748],[-81.087,40.747],[-81.087,40.742],[-81.087,40.74],[-81.087,40.74],[-81.087,40.739],[-81.087,40.739],[-81.087,40.738],[-81.087,40.737],[-81.087,40.736],[-81.087,40.735],[-81.087,40.734],[-81.087,40.732],[-81.087,40.732],[-81.087,40.731],[-81.087,40.728],[-81.092,40.728],[-81.093,40.728],[-81.094,40.728],[-81.097,40.728],[-81.098,40.728],[-81.1,40.728],[-81.1,40.728],[-81.102,40.728],[-81.103,40.728],[-81.104,40.728],[-81.105,40.728],[-81.106,40.728],[-81.107,40.728],[-81.108,40.728],[-81.109,40.728],[-81.11,40.728],[-81.111,40.728],[-81.112,40.728],[-81.113,40.728],[-81.114,40.728],[-81.116,40.728],[-81.117,40.728],[-81.117,40.728],[-81.118,40.728],[-81.119,40.728],[-81.12,40.728],[-81.122,40.728],[-81.126,40.728],[-81.127,40.728],[-81.128,40.728],[-81.132,40.728],[-81.133,40.728],[-81.135,40.728],[-81.136,40.728],[-81.136,40.728],[-81.146,40.728],[-81.146,40.728],[-81.148,40.728],[-81.149,40.728],[-81.151,40.728],[-81.169,40.729],[-81.188,40.729],[-81.199,40.726],[-81.199,40.722],[-81.208,40.723],[-81.22,40.723],[-81.234,40.723],[-81.237,40.723],[-81.237,40.721],[-81.238,40.717],[-81.238,40.715],[-81.238,40.714],[-81.238,40.71],[-81.239,40.698],[-81.239,40.695],[-81.239,40.692],[-81.24,40.679],[-81.24,40.672],[-81.24,40.672],[-81.24,40.666],[-81.24,40.664],[-81.241,40.663],[-81.241,40.651],[-81.251,40.651],[-81.273,40.651],[-81.29,40.651],[-81.294,40.652],[-81.297,40.652],[-81.299,40.652],[-81.303,40.652],[-81.304,40.652],[-81.308,40.652],[-81.318,40.652],[-81.318,40.652],[-81.328,40.652],[-81.346,40.652],[-81.349,40.652],[-81.351,40.652],[-81.352,40.652],[-81.354,40.653],[-81.355,40.653],[-81.355,40.653],[-81.357,40.653],[-81.357,40.653],[-81.363,40.653],[-81.373,40.653],[-81.375,40.653],[-81.381,40.653],[-81.392,40.653],[-81.399,40.653],[-81.404,40.653],[-81.409,40.653],[-81.427,40.653],[-81.434,40.653],[-81.435,40.653],[-81.442,40.654],[-81.448,40.654],[-81.446,40.655],[-81.446,40.655],[-81.445,40.655],[-81.445,40.655],[-81.444,40.655],[-81.444,40.656],[-81.442,40.657],[-81.442,40.657],[-81.441,40.657],[-81.44,40.658],[-81.437,40.658],[-81.435,40.659],[-81.435,40.66],[-81.436,40.662],[-81.438,40.663],[-81.439,40.663],[-81.439,40.663],[-81.443,40.664],[-81.449,40.665],[-81.452,40.666],[-81.454,40.666],[-81.455,40.666],[-81.455,40.667],[-81.456,40.667],[-81.457,40.667],[-81.458,40.667],[-81.459,40.667],[-81.459,40.667],[-81.46,40.667],[-81.46,40.667],[-81.461,40.667],[-81.462,40.665],[-81.464,40.662],[-81.466,40.659],[-81.467,40.657],[-81.467,40.656],[-81.467,40.656],[-81.468,40.656],[-81.468,40.655],[-81.469,40.655],[-81.47,40.655],[-81.473,40.654],[-81.474,40.654],[-81.478,40.654],[-81.482,40.654],[-81.487,40.653],[-81.492,40.652],[-81.502,40.651],[-81.509,40.65],[-81.52,40.649],[-81.521,40.649],[-81.525,40.649],[-81.528,40.648],[-81.535,40.647],[-81.538,40.647],[-81.538,40.647],[-81.54,40.647],[-81.548,40.646],[-81.55,40.646],[-81.553,40.645],[-81.554,40.645],[-81.555,40.645],[-81.557,40.645],[-81.558,40.645],[-81.561,40.645],[-81.566,40.644],[-81.572,40.643],[-81.578,40.643],[-81.58,40.642],[-81.582,40.642],[-81.584,40.642],[-81.592,40.641],[-81.604,40.64],[-81.614,40.639],[-81.623,40.638],[-81.623,40.637],[-81.628,40.637],[-81.641,40.636],[-81.649,40.635],[-81.649,40.643],[-81.649,40.655],[-81.649,40.664],[-81.649,40.668],[-81.649,40.671],[-81.649,40.69],[-81.649,40.708],[-81.649,40.713],[-81.648,40.726],[-81.648,40.733],[-81.648,40.735],[-81.648,40.748],[-81.648,40.749],[-81.648,40.752],[-81.648,40.757],[-81.648,40.759],[-81.648,40.762],[-81.648,40.766],[-81.648,40.768],[-81.648,40.772],[-81.648,40.776],[-81.648,40.778],[-81.648,40.781],[-81.648,40.783],[-81.648,40.787],[-81.648,40.788],[-81.648,40.794],[-81.648,40.797],[-81.648,40.799],[-81.648,40.8],[-81.648,40.802],[-81.648,40.805],[-81.648,40.807],[-81.648,40.809],[-81.648,40.811],[-81.648,40.821],[-81.648,40.823],[-81.648,40.826],[-81.648,40.828],[-81.648,40.831],[-81.648,40.833],[-81.648,40.836],[-81.648,40.839],[-81.648,40.844],[-81.648,40.844],[-81.648,40.847],[-81.648,40.849],[-81.648,40.854],[-81.648,40.857],[-81.648,40.86],[-81.648,40.863],[-81.648,40.865],[-81.648,40.867],[-81.648,40.868],[-81.648,40.87],[-81.648,40.874],[-81.648,40.875],[-81.648,40.877],[-81.648,40.879],[-81.648,40.882],[-81.648,40.885],[-81.648,40.888],[-81.648,40.89],[-81.648,40.892],[-81.648,40.895],[-81.648,40.899],[-81.648,40.902],[-81.648,40.902],[-81.648,40.904],[-81.648,40.907],[-81.648,40.908],[-81.648,40.912],[-81.646,40.914],[-81.639,40.914],[-81.634,40.914],[-81.623,40.913],[-81.619,40.913],[-81.615,40.913],[-81.612,40.913],[-81.611,40.913],[-81.606,40.913],[-81.598,40.913],[-81.594,40.912],[-81.575,40.912],[-81.569,40.912],[-81.559,40.911],[-81.54,40.91],[-81.533,40.91],[-81.53,40.91],[-81.527,40.91],[-81.524,40.91],[-81.521,40.91],[-81.518,40.91],[-81.516,40.91],[-81.51,40.909],[-81.507,40.909],[-81.505,40.909],[-81.504,40.909],[-81.497,40.909],[-81.496,40.909],[-81.494,40.909],[-81.491,40.909],[-81.49,40.909],[-81.486,40.908],[-81.482,40.908],[-81.475,40.908],[-81.474,40.908],[-81.472,40.908],[-81.471,40.908],[-81.469,40.908],[-81.467,40.908],[-81.46,40.908],[-81.455,40.908],[-81.451,40.907],[-81.447,40.907],[-81.443,40.907],[-81.438,40.907],[-81.437,40.907],[-81.435,40.907],[-81.431,40.907],[-81.429,40.907],[-81.428,40.907],[-81.426,40.907],[-81.426,40.907],[-81.425,40.907],[-81.423,40.907],[-81.421,40.907],[-81.42,40.907],[-81.42,40.915],[-81.42,40.918],[-81.42,40.919],[-81.42,40.922],[-81.419,40.926],[-81.419,40.928],[-81.419,40.929],[-81.419,40.936],[-81.418,40.943],[-81.418,40.948],[-81.418,40.951],[-81.418,40.958],[-81.417,40.97],[-81.417,40.974],[-81.417,40.977],[-81.417,40.98],[-81.417,40.981],[-81.416,40.985],[-81.416,40.988],[-81.411,40.988],[-81.405,40.988],[-81.402,40.988],[-81.399,40.989],[-81.396,40.989],[-81.392,40.989],[-81.391,40.989],[-81.39,40.989],[-81.39,40.989],[-81.389,40.989],[-81.388,40.989],[-81.388,40.989],[-81.388,40.989],[-81.387,40.989],[-81.387,40.989],[-81.386,40.989],[-81.386,40.989],[-81.386,40.989],[-81.384,40.989],[-81.379,40.989],[-81.377,40.989],[-81.374,40.989],[-81.372,40.989],[-81.37,40.989],[-81.37,40.989],[-81.37,40.989],[-81.368,40.989],[-81.366,40.989],[-81.365,40.989],[-81.358,40.989],[-81.358,40.989],[-81.345,40.989],[-81.342,40.989],[-81.335,40.989],[-81.332,40.989],[-81.329,40.989],[-81.322,40.989],[-81.321,40.989],[-81.319,40.989],[-81.318,40.989],[-81.318,40.989],[-81.315,40.989],[-81.314,40.989],[-81.313,40.989],[-81.312,40.989],[-81.31,40.989],[-81.307,40.989],[-81.306,40.989],[-81.301,40.989],[-81.298,40.988],[-81.296,40.989],[-81.295,40.989],[-81.294,40.988],[-81.29,40.988],[-81.288,40.988],[-81.284,40.988],[-81.279,40.988],[-81.278,40.988],[-81.275,40.988],[-81.273,40.988],[-81.273,40.988],[-81.249,40.988],[-81.234,40.988],[-81.222,40.988],[-81.213,40.988],[-81.206,40.988],[-81.202,40.988],[-81.199,40.988],[-81.195,40.988],[-81.191,40.988],[-81.191,40.988],[-81.189,40.988],[-81.188,40.988],[-81.184,40.988],[-81.184,40.988],[-81.18,40.988],[-81.178,40.988],[-81.176,40.988],[-81.176,40.988],[-81.172,40.988],[-81.167,40.988],[-81.16,40.988],[-81.153,40.988],[-81.149,40.988],[-81.147,40.988],[-81.146,40.988],[-81.144,40.988],[-81.144,40.988],[-81.138,40.988],[-81.136,40.988],[-81.134,40.988],[-81.128,40.988],[-81.127,40.988],[-81.124,40.988],[-81.12,40.988],[-81.117,40.988],[-81.114,40.988],[-81.11,40.988],[-81.109,40.988],[-81.108,40.988],[-81.104,40.988],[-81.101,40.988],[-81.099,40.988],[-81.097,40.988],[-81.092,40.988],[-81.087,40.988],[-81.086,40.988],[-81.086,40.983],[-81.086,40.98],[-81.086,40.968],[-81.086,40.961],[-81.086,40.958],[-81.086,40.958],[-81.087,40.947],[-81.087,40.944],[-81.087,40.941],[-81.087,40.938],[-81.087,40.935],[-81.087,40.932],[-81.087,40.93],[-81.087,40.93],[-81.087,40.926],[-81.087,40.926],[-81.087,40.925],[-81.087,40.922],[-81.087,40.92],[-81.087,40.919],[-81.087,40.918],[-81.087,40.917],[-81.087,40.915],[-81.087,40.915],[-81.087,40.913],[-81.087,40.913],[-81.087,40.911],[-81.087,40.909],[-81.087,40.907],[-81.087,40.907],[-81.087,40.904],[-81.087,40.903],[-81.087,40.903],[-81.087,40.902],[-81.087,40.901],[-81.087,40.899],[-81.087,40.896],[-81.087,40.895],[-81.087,40.893],[-81.087,40.891],[-81.087,40.89],[-81.087,40.888],[-81.087,40.887],[-81.087,40.887],[-81.087,40.886],[-81.087,40.886],[-81.087,40.884],[-81.087,40.882],[-81.087,40.88],[-81.087,40.879],[-81.087,40.877],[-81.087,40.875],[-81.087,40.873],[-81.087,40.872],[-81.087,40.87],[-81.087,40.868],[-81.087,40.867],[-81.087,40.865],[-81.087,40.858],[-81.087,40.85],[-81.087,40.843],[-81.087,40.835],[-81.087,40.826],[-81.087,40.815],[-81.087,40.814]]]},"properties":{"NAME":"Stark","GEOID":"39151"}},{"type":"Feature","geometry":{"type":"Polygon","coordinates":[[[-82.188,40.383],[-82.189,40.376],[-82.189,40.375],[-82.189,40.373],[-82.189,40.368],[-82.19,40.359],[-82.19,40.347],[-82.19,40.347],[-82.19,40.347],[-82.19,40.346],[-82.19,40.345],[-82.19,40.345],[-82.191,40.339],[-82.191,40.334],[-82.191,40.33],[-82.191,40.329],[-82.191,40.327],[-82.191,40.327],[-82.191,40.325],[-82.191,40.324],[-82.192,40.317],[-82.192,40.316],[-82.192,40.311],[-82.193,40.301],[-82.193,40.29],[-82.194,40.276],[-82.194,40.274],[-82.195,40.251],[-82.196,40.241],[-82.196,40.24],[-82.197,40.239],[-82.216,40.24],[-82.217,40.24],[-82.24,40.24],[-82.242,40.24],[-82.249,40.24],[-82.253,40.24],[-82.263,40.24],[-82.263,40.24],[-82.263,40.24],[-82.265,40.24],[-82.269,40.24],[-82.269,40.24],[-82.269,40.24],[-82.27,40.24],[-82.27,40.24],[-82.27,40.24],[-82.279,40.24],[-82.28,40.24],[-82.281,40.239],[-82.283,40.239],[-82.298,40.239],[-82.301,40.239],[-82.306,40.239],[-82.31,40.24],[-82.313,40.24],[-82.313,40.24],[-82.318,40.24],[-82.326,40.24],[-82.329,40.24],[-82.329,40.24],[-82.33,40.24],[-82.331,40.24],[-82.331,40.24],[-82.337,40.24],[-82.353,40.24],[-82.361,40.241],[-82.363,40.241],[-82.369,40.241],[-82.38,40.242],[-82.38,40.242],[-82.381,40.242],[-82.383,40.242],[-82.383,40.242],[-82.386,40.242],[-82.391,40.242],[-82.395,40.242],[-82.399,40.242],[-82.401,40.242],[-82.406,40.243],[-82.408,40.243],[-82.411,40.243],[-82.417,40.243],[-82.417,40.243],[-82.419,40.243],[-82.42,40.243],[-82.42,40.243],[-82.423,40.243],[-82.425,40.243],[-82.428,40.244],[-82.428,40.244],[-82.429,40.244],[-82.429,40.244],[-82.43,40.244],[-82.43,40.244],[-82.43,40.244],[-82.432,40.244],[-82.435,40.244],[-82.437,40.244],[-82.441,40.244],[-82.449,40.244],[-82.452,40.245],[-82.452,40.245],[-82.453,40.245],[-82.458,40.245],[-82.458,40.245],[-82.458,40.245],[-82.461,40.245],[-82.463,40.245],[-82.476,40.246],[-82.477,40.251],[-82.477,40.252],[-82.477,40.259],[-82.477,40.261],[-82.478,40.265],[-82.491,40.265],[-82.498,40.266],[-82.499,40.266],[-82.5,40.266],[-82.5,40.266],[-82.501,40.266],[-82.505,40.266],[-82.505,40.266],[-82.505,40.266],[-82.507,40.266],[-82.514,40.266],[-82.515,40.267],[-82.516,40.267],[-82.517,40.267],[-82.52,40.267],[-82.521,40.267],[-82.526,40.267],[-82.526,40.267],[-82.53,40.267],[-82.53,40.267],[-82.536,40.268],[-82.542,40.268],[-82.545,40.268],[-82.546,40.268],[-82.554,40.268],[-82.557,40.269],[-82.558,40.269],[-82.559,40.269],[-82.561,40.269],[-82.561,40.269],[-82.564,40.269],[-82.57,40.269],[-82.572,40.269],[-82.572,40.269],[-82.574,40.269],[-82.574,40.269],[-82.581,40.27],[-82.586,40.27],[-82.594,40.27],[-82.599,40.271],[-82.6,40.271],[-82.604,40.271],[-82.604,40.271],[-82.608,40.271],[-82.611,40.271],[-82.611,40.271],[-82.615,40.271],[-82.62,40.271],[-82.622,40.272],[-82.626,40.272],[-82.629,40.272],[-82.632,40.272],[-82.636,40.272],[-82.639,40.272],[-82.639,40.272],[-82.639,40.272],[-82.641,40.273],[-82.642,40.273],[-82.644,40.273],[-82.646,40.273],[-82.649,40.273],[-82.656,40.273],[-82.656,40.273],[-82.663,40.273],[-82.667,40.274],[-82.668,40.274],[-82.671,40.274],[-82.672,40.274],[-82.672,40.274],[-82.673,40.274],[-82.674,40.274],[-82.687,40.274],[-82.691,40.275],[-82.705,40.275],[-82.706,40.275],[-82.713,40.275],[-82.721,40.276],[-82.732,40.276],[-82.732,40.276],[-82.735,40.276],[-82.751,40.277],[-82.751,40.278],[-82.751,40.279],[-82.75,40.281],[-82.75,40.282],[-82.75,40.284],[-82.75,40.289],[-82.75,40.293],[-82.748,40.307],[-82.748,40.308],[-82.747,40.319],[-82.747,40.323],[-82.746,40.334],[-82.746,40.341],[-82.744,40.35],[-82.742,40.349],[-82.739,40.349],[-82.736,40.349],[-82.733,40.349],[-82.727,40.349],[-82.726,40.349],[-82.723,40.349],[-82.721,40.349],[-82.721,40.349],[-82.72,40.349],[-82.715,40.348],[-82.714,40.348],[-82.712,40.348],[-82.708,40.348],[-82.705,40.348],[-82.705,40.348],[-82.701,40.348],[-82.698,40.348],[-82.695,40.347],[-82.693,40.347],[-82.688,40.347],[-82.658,40.346],[-82.657,40.346],[-82.646,40.35],[-82.646,40.356],[-82.644,40.375],[-82.643,40.387],[-82.642,40.403],[-82.641,40.418],[-82.64,40.43],[-82.64,40.435],[-82.639,40.445],[-82.638,40.463],[-82.638,40.463],[-82.635,40.497],[-82.634,40.512],[-82.633,40.523],[-82.635,40.523],[-82.636,40.523],[-82.639,40.522],[-82.643,40.524],[-82.643,40.543],[-82.643,40.544],[-82.643,40.545],[-82.627,40.55],[-82.624,40.55],[-82.617,40.55],[-82.597,40.55],[-82.586,40.55],[-82.573,40.55],[-82.561,40.55],[-82.555,40.55],[-82.55,40.55],[-82.546,40.55],[-82.544,40.55],[-82.541,40.55],[-82.539,40.55],[-82.536,40.55],[-82.532,40.55],[-82.531,40.55],[-82.53,40.55],[-82.527,40.55],[-82.526,40.55],[-82.524,40.55],[-82.519,40.55],[-82.519,40.55],[-82.512,40.55],[-82.509,40.551],[-82.505,40.551],[-82.5,40.551],[-82.483,40.551],[-82.482,40.551],[-82.48,40.551],[-82.471,40.551],[-82.462,40.551],[-82.446,40.551],[-82.432,40.551],[-82.415,40.551],[-82.404,40.551],[-82.378,40.551],[-82.375,40.551],[-82.352,40.553],[-82.345,40.554],[-82.329,40.556],[-82.327,40.556],[-82.313,40.558],[-82.304,40.559],[-82.283,40.561],[-82.271,40.562],[-82.271,40.562],[-82.27,40.562],[-82.269,40.563],[-82.261,40.563],[-82.25,40.565],[-82.25,40.565],[-82.249,40.565],[-82.249,40.565],[-82.246,40.565],[-82.228,40.567],[-82.218,40.568],[-82.206,40.57],[-82.188,40.572],[-82.186,40.572],[-82.179,40.573],[-82.179,40.559],[-82.18,40.553],[-82.18,40.539],[-82.18,40.537],[-82.181,40.532],[-82.181,40.53],[-82.181,40.527],[-82.181,40.518],[-82.182,40.513],[-82.182,40.511],[-82.182,40.502],[-82.183,40.486],[-82.183,40.482],[-82.184,40.471],[-82.184,40.47],[-82.184,40.468],[-82.184,40.463],[-82.184,40.456],[-82.185,40.455],[-82.185,40.455],[-82.184,40.454],[-82.185,40.453],[-82.184,40.452],[-82.185,40.449],[-82.185,40.439],[-82.185,40.437],[-82.186,40.427],[-82.187,40.411],[-82.187,40.408],[-82.187,40.407],[-82.187,40.407],[-82.187,40.406],[-82.187,40.399],[-82.187,40.398],[-82.188,40.392],[-82.188,40.389],[-82.188,40.388],[-82.188,40.383]]]},"properties":{"NAME":"Knox","GEOID":"39083"}},{"type":"Feature","geometry":{"type":"Polygon","coordinates":[[[-83.012,38.73],[-83.012,38.73],[-83.012,38.729],[-83.013,38.729],[-83.014,38.729],[-83.014,38.729],[-83.015,38.729],[-83.017,38.728],[-83.018,38.728],[-83.019,38.728],[-83.02,38.728],[-83.021,38.729],[-83.024,38.728],[-83.026,38.728],[-83.028,38.727],[-83.029,38.727],[-83.03,38.726],[-83.032,38.725],[-83.032,38.725],[-83.034,38.723],[-83.035,38.721],[-83.035,38.721],[-83.037,38.718],[-83.038,38.717],[-83.038,38.716],[-83.039,38.715],[-83.04,38.713],[-83.041,38.712],[-83.042,38.708],[-83.044,38.707],[-83.046,38.704],[-83.047,38.703],[-83.048,38.702],[-83.05,38.699],[-83.051,38.698],[-83.053,38.696],[-83.055,38.695],[-83.056,38.694],[-83.058,38.693],[-83.059,38.692],[-83.06,38.691],[-83.062,38.69],[-83.062,38.689],[-83.065,38.689],[-83.066,38.688],[-83.067,38.688],[-83.068,38.687],[-83.069,38.687],[-83.071,38.686],[-83.073,38.686],[-83.075,38.685],[-83.079,38.683],[-83.082,38.682],[-83.085,38.681],[-83.087,38.68],[-83.09,38.68],[-83.091,38.679],[-83.094,38.679],[-83.098,38.678],[-83.1,38.678],[-83.105,38.676],[-83.106,38.676],[-83.107,38.675],[-83.108,38.675],[-83.11,38.673],[-83.111,38.673],[-83.112,38.672],[-83.113,38.671],[-83.116,38.668],[-83.117,38.667],[-83.118,38.666],[-83.12,38.663],[-83.122,38.66],[-83.122,38.659],[-83.122,38.658],[-83.122,38.658],[-83.123,38.657],[-83.123,38.656],[-83.123,38.656],[-83.123,38.655],[-83.124,38.655],[-83.124,38.654],[-83.124,38.653],[-83.125,38.651],[-83.126,38.647],[-83.129,38.64],[-83.133,38.635],[-83.138,38.629],[-83.143,38.625],[-83.144,38.624],[-83.145,38.624],[-83.148,38.622],[-83.15,38.621],[-83.151,38.62],[-83.153,38.619],[-83.154,38.619],[-83.156,38.619],[-83.158,38.618],[-83.16,38.619],[-83.162,38.619],[-83.165,38.619],[-83.171,38.619],[-83.175,38.619],[-83.178,38.619],[-83.179,38.619],[-83.179,38.619],[-83.179,38.619],[-83.18,38.619],[-83.181,38.619],[-83.181,38.619],[-83.182,38.618],[-83.183,38.618],[-83.184,38.618],[-83.184,38.618],[-83.184,38.618],[-83.185,38.618],[-83.185,38.618],[-83.186,38.618],[-83.186,38.618],[-83.187,38.618],[-83.187,38.618],[-83.188,38.618],[-83.188,38.618],[-83.189,38.618],[-83.19,38.618],[-83.191,38.617],[-83.192,38.617],[-83.192,38.617],[-83.193,38.617],[-83.193,38.617],[-83.194,38.617],[-83.194,38.617],[-83.194,38.617],[-83.195,38.617],[-83.196,38.617],[-83.197,38.617],[-83.198,38.617],[-83.198,38.617],[-83.199,38.617],[-83.199,38.617],[-83.2,38.617],[-83.201,38.617],[-83.202,38.617],[-83.202,38.617],[-83.203,38.617],[-83.203,38.617],[-83.204,38.617],[-83.205,38.617],[-83.205,38.617],[-83.205,38.617],[-83.206,38.617],[-83.207,38.617],[-83.208,38.617],[-83.208,38.617],[-83.209,38.618],[-83.21,38.618],[-83.214,38.619],[-83.215,38.62],[-83.216,38.62],[-83.216,38.621],[-83.217,38.621],[-83.217,38.621],[-83.217,38.621],[-83.218,38.621],[-83.218,38.621],[-83.219,38.622],[-83.219,38.622],[-83.219,38.622],[-83.22,38.622],[-83.22,38.622],[-83.22,38.622],[-83.22,38.622],[-83.221,38.623],[-83.221,38.623],[-83.221,38.623],[-83.222,38.623],[-83.222,38.623],[-83.223,38.624],[-83.223,38.624],[-83.224,38.624],[-83.224,38.624],[-83.225,38.625],[-83.225,38.625],[-83.225,38.625],[-83.226,38.625],[-83.226,38.625],[-83.227,38.626],[-83.227,38.626],[-83.228,38.626],[-83.228,38.626],[-83.229,38.626],[-83.229,38.627],[-83.23,38.627],[-83.23,38.627],[-83.231,38.627],[-83.231,38.627],[-83.232,38.627],[-83.232,38.627],[-83.233,38.628],[-83.234,38.628],[-83.234,38.628],[-83.235,38.628],[-83.236,38.628],[-83.236,38.628],[-83.24,38.629],[-83.243,38.629],[-83.245,38.629],[-83.247,38.628],[-83.248,38.627],[-83.25,38.627],[-83.251,38.626],[-83.252,38.625],[-83.252,38.625],[-83.253,38.625],[-83.254,38.624],[-83.256,38.623],[-83.258,38.623],[-83.261,38.623],[-83.262,38.622],[-83.264,38.621],[-83.266,38.62],[-83.268,38.618],[-83.268,38.619],[-83.268,38.62],[-83.268,38.62],[-83.268,38.631],[-83.268,38.635],[-83.268,38.636],[-83.268,38.64],[-83.268,38.643],[-83.268,38.643],[-83.268,38.643],[-83.268,38.645],[-83.268,38.651],[-83.268,38.665],[-83.268,38.689],[-83.268,38.699],[-83.268,38.714],[-83.268,38.726],[-83.268,38.742],[-83.268,38.75],[-83.268,38.752],[-83.268,38.752],[-83.268,38.753],[-83.268,38.756],[-83.268,38.762],[-83.268,38.768],[-83.268,38.772],[-83.268,38.775],[-83.268,38.779],[-83.268,38.786],[-83.268,38.791],[-83.268,38.791],[-83.268,38.792],[-83.268,38.792],[-83.268,38.801],[-83.268,38.804],[-83.268,38.81],[-83.268,38.823],[-83.268,38.834],[-83.268,38.834],[-83.268,38.834],[-83.268,38.834],[-83.268,38.836],[-83.268,38.838],[-83.268,38.85],[-83.268,38.861],[-83.269,38.872],[-83.269,38.879],[-83.269,38.883],[-83.269,38.892],[-83.269,38.908],[-83.269,38.926],[-83.269,38.926],[-83.269,38.929],[-83.269,38.938],[-83.27,38.961],[-83.27,38.968],[-83.27,38.968],[-83.27,38.97],[-83.27,38.974],[-83.27,38.976],[-83.271,39.006],[-83.271,39.006],[-83.271,39.007],[-83.271,39.016],[-83.269,39.015],[-83.269,39.014],[-83.268,39.014],[-83.268,39.014],[-83.268,39.014],[-83.267,39.015],[-83.265,39.015],[-83.264,39.015],[-83.263,39.015],[-83.262,39.015],[-83.261,39.015],[-83.261,39.014],[-83.26,39.013],[-83.259,39.013],[-83.259,39.014],[-83.258,39.015],[-83.257,39.015],[-83.256,39.014],[-83.256,39.013],[-83.255,39.013],[-83.255,39.013],[-83.255,39.012],[-83.253,39.012],[-83.252,39.011],[-83.25,39.011],[-83.249,39.01],[-83.248,39.01],[-83.247,39.011],[-83.244,39.011],[-83.243,39.01],[-83.243,39.01],[-83.24,39.01],[-83.239,39.01],[-83.239,39.01],[-83.239,39.01],[-83.239,39.01],[-83.238,39.01],[-83.238,39.008],[-83.238,39.007],[-83.238,39.006],[-83.237,39.005],[-83.236,39.004],[-83.234,39.004],[-83.234,39.003],[-83.234,39.003],[-83.232,39.001],[-83.233,39],[-83.234,39],[-83.234,38.999],[-83.234,38.999],[-83.234,38.999],[-83.234,38.999],[-83.234,38.999],[-83.233,38.999],[-83.231,38.998],[-83.227,38.998],[-83.227,38.998],[-83.227,38.998],[-83.227,38.998],[-83.227,38.996],[-83.227,38.996],[-83.227,38.995],[-83.226,38.995],[-83.225,38.995],[-83.222,38.995],[-83.221,38.994],[-83.22,38.994],[-83.216,38.992],[-83.215,38.992],[-83.215,38.992],[-83.215,38.992],[-83.215,38.991],[-83.214,38.99],[-83.214,38.99],[-83.214,38.989],[-83.214,38.989],[-83.214,38.988],[-83.214,38.988],[-83.213,38.987],[-83.213,38.986],[-83.213,38.986],[-83.214,38.984],[-83.214,38.984],[-83.215,38.983],[-83.216,38.982],[-83.216,38.98],[-83.216,38.979],[-83.216,38.979],[-83.217,38.977],[-83.217,38.976],[-83.217,38.972],[-83.215,38.972],[-83.213,38.972],[-83.212,38.971],[-83.211,38.971],[-83.211,38.97],[-83.211,38.97],[-83.211,38.97],[-83.211,38.97],[-83.211,38.969],[-83.211,38.968],[-83.211,38.968],[-83.211,38.968],[-83.211,38.967],[-83.211,38.967],[-83.211,38.967],[-83.212,38.966],[-83.213,38.966],[-83.213,38.965],[-83.215,38.964],[-83.215,38.963],[-83.215,38.963],[-83.215,38.962],[-83.215,38.962],[-83.214,38.962],[-83.214,38.961],[-83.212,38.96],[-83.204,38.96],[-83.204,38.96],[-83.202,38.96],[-83.194,38.96],[-83.178,38.959],[-83.171,38.959],[-83.162,38.959],[-83.152,38.958],[-83.145,38.958],[-83.129,38.958],[-83.128,38.958],[-83.124,38.958],[-83.122,38.958],[-83.108,38.958],[-83.106,38.958],[-83.098,38.958],[-83.088,38.958],[-83.088,38.958],[-83.081,38.957],[-83.074,38.957],[-83.053,38.957],[-83.048,38.957],[-83.044,38.957],[-83.044,38.957],[-83.043,38.957],[-83.039,38.957],[-83.038,38.957],[-83.026,38.957],[-83.025,38.957],[-83.024,38.957],[-83.024,38.957],[-83.024,38.957],[-83.024,38.957],[-83.023,38.957],[-83.009,38.956],[-83.003,38.956],[-82.985,38.956],[-82.982,38.956],[-82.976,38.955],[-82.975,38.955],[-82.971,38.955],[-82.97,38.955],[-82.97,38.955],[-82.968,38.955],[-82.956,38.955],[-82.941,38.954],[-82.935,38.954],[-82.933,38.954],[-82.922,38.953],[-82.914,38.953],[-82.904,38.953],[-82.893,38.952],[-82.893,38.952],[-82.892,38.952],[-82.887,38.952],[-82.884,38.952],[-82.884,38.952],[-82.881,38.952],[-82.875,38.951],[-82.864,38.951],[-82.861,38.951],[-82.847,38.95],[-82.831,38.949],[-82.829,38.949],[-82.821,38.949],[-82.821,38.949],[-82.821,38.949],[-82.819,38.949],[-82.817,38.949],[-82.814,38.948],[-82.808,38.948],[-82.807,38.948],[-82.803,38.948],[-82.794,38.947],[-82.792,38.947],[-82.792,38.947],[-82.783,38.947],[-82.778,38.947],[-82.769,38.946],[-82.756,38.945],[-82.754,38.944],[-82.754,38.943],[-82.755,38.932],[-82.755,38.932],[-82.755,38.931],[-82.755,38.93],[-82.755,38.93],[-82.755,38.929],[-82.755,38.929],[-82.755,38.928],[-82.755,38.928],[-82.755,38.927],[-82.755,38.926],[-82.755,38.925],[-82.755,38.925],[-82.755,38.925],[-82.756,38.924],[-82.755,38.924],[-82.756,38.923],[-82.756,38.923],[-82.756,38.922],[-82.756,38.921],[-82.756,38.921],[-82.756,38.911],[-82.757,38.91],[-82.757,38.91],[-82.757,38.909],[-82.757,38.9],[-82.757,38.9],[-82.758,38.889],[-82.758,38.886],[-82.762,38.87],[-82.762,38.867],[-82.761,38.855],[-82.756,38.855],[-82.755,38.855],[-82.755,38.855],[-82.751,38.854],[-82.751,38.854],[-82.749,38.854],[-82.742,38.854],[-82.739,38.854],[-82.735,38.854],[-82.734,38.854],[-82.73,38.853],[-82.729,38.853],[-82.725,38.853],[-82.723,38.853],[-82.701,38.852],[-82.697,38.852],[-82.693,38.852],[-82.686,38.851],[-82.677,38.851],[-82.671,38.85],[-82.655,38.849],[-82.65,38.847],[-82.651,38.84],[-82.651,38.84],[-82.651,38.84],[-82.651,38.84],[-82.651,38.839],[-82.651,38.838],[-82.652,38.833],[-82.652,38.832],[-82.653,38.823],[-82.653,38.82],[-82.654,38.805],[-82.655,38.8],[-82.657,38.783],[-82.658,38.777],[-82.659,38.771],[-82.659,38.763],[-82.662,38.758],[-82.662,38.757],[-82.662,38.757],[-82.662,38.754],[-82.662,38.754],[-82.662,38.754],[-82.663,38.748],[-82.668,38.748],[-82.689,38.75],[-82.695,38.75],[-82.696,38.746],[-82.697,38.734],[-82.698,38.727],[-82.7,38.71],[-82.7,38.706],[-82.701,38.692],[-82.701,38.691],[-82.703,38.687],[-82.706,38.679],[-82.706,38.677],[-82.707,38.678],[-82.708,38.678],[-82.726,38.678],[-82.735,38.679],[-82.757,38.68],[-82.764,38.68],[-82.764,38.676],[-82.765,38.668],[-82.765,38.657],[-82.766,38.649],[-82.766,38.645],[-82.762,38.641],[-82.76,38.634],[-82.759,38.633],[-82.759,38.632],[-82.759,38.632],[-82.759,38.632],[-82.759,38.631],[-82.758,38.629],[-82.754,38.622],[-82.75,38.614],[-82.747,38.608],[-82.746,38.608],[-82.741,38.598],[-82.741,38.597],[-82.748,38.595],[-82.748,38.595],[-82.748,38.595],[-82.75,38.594],[-82.764,38.589],[-82.774,38.585],[-82.789,38.58],[-82.79,38.58],[-82.79,38.58],[-82.79,38.58],[-82.791,38.58],[-82.791,38.58],[-82.792,38.579],[-82.792,38.579],[-82.793,38.579],[-82.793,38.579],[-82.793,38.579],[-82.794,38.579],[-82.801,38.576],[-82.811,38.572],[-82.813,38.572],[-82.814,38.571],[-82.817,38.571],[-82.821,38.573],[-82.824,38.576],[-82.826,38.576],[-82.827,38.577],[-82.828,38.578],[-82.828,38.579],[-82.828,38.578],[-82.828,38.579],[-82.828,38.579],[-82.83,38.58],[-82.832,38.581],[-82.833,38.582],[-82.835,38.583],[-82.837,38.584],[-82.84,38.586],[-82.842,38.588],[-82.844,38.591],[-82.845,38.593],[-82.847,38.595],[-82.848,38.597],[-82.848,38.599],[-82.849,38.6],[-82.851,38.603],[-82.853,38.609],[-82.854,38.614],[-82.855,38.617],[-82.855,38.618],[-82.856,38.621],[-82.856,38.622],[-82.856,38.623],[-82.856,38.625],[-82.856,38.625],[-82.856,38.626],[-82.856,38.627],[-82.856,38.628],[-82.857,38.631],[-82.857,38.632],[-82.857,38.633],[-82.857,38.634],[-82.857,38.636],[-82.857,38.636],[-82.857,38.638],[-82.857,38.639],[-82.857,38.641],[-82.857,38.643],[-82.857,38.643],[-82.857,38.644],[-82.857,38.645],[-82.858,38.646],[-82.858,38.646],[-82.857,38.646],[-82.857,38.645],[-82.857,38.646],[-82.857,38.647],[-82.857,38.648],[-82.857,38.648],[-82.857,38.649],[-82.857,38.649],[-82.857,38.65],[-82.857,38.65],[-82.857,38.651],[-82.857,38.651],[-82.857,38.652],[-82.857,38.652],[-82.857,38.653],[-82.858,38.653],[-82.858,38.653],[-82.858,38.653],[-82.858,38.654],[-82.858,38.654],[-82.858,38.655],[-82.858,38.655],[-82.858,38.655],[-82.858,38.656],[-82.858,38.656],[-82.858,38.656],[-82.859,38.656],[-82.859,38.657],[-82.859,38.657],[-82.859,38.657],[-82.859,38.657],[-82.859,38.658],[-82.859,38.658],[-82.859,38.659],[-82.86,38.66],[-82.86,38.66],[-82.86,38.661],[-82.86,38.661],[-82.86,38.662],[-82.86,38.662],[-82.86,38.662],[-82.86,38.662],[-82.86,38.662],[-82.86,38.663],[-82.861,38.664],[-82.861,38.665],[-82.862,38.666],[-82.862,38.666],[-82.862,38.667],[-82.862,38.667],[-82.863,38.668],[-82.863,38.668],[-82.863,38.668],[-82.863,38.668],[-82.863,38.668],[-82.863,38.669],[-82.864,38.669],[-82.864,38.67],[-82.864,38.67],[-82.865,38.672],[-82.865,38.672],[-82.865,38.672],[-82.869,38.676],[-82.871,38.679],[-82.872,38.681],[-82.874,38.682],[-82.875,38.683],[-82.875,38.683],[-82.876,38.685],[-82.876,38.686],[-82.877,38.687],[-82.877,38.687],[-82.877,38.688],[-82.877,38.688],[-82.877,38.688],[-82.877,38.689],[-82.877,38.689],[-82.878,38.69],[-82.878,38.69],[-82.878,38.69],[-82.878,38.691],[-82.878,38.691],[-82.878,38.692],[-82.878,38.692],[-82.877,38.693],[-82.877,38.693],[-82.877,38.694],[-82.877,38.695],[-82.877,38.695],[-82.877,38.696],[-82.877,38.697],[-82.877,38.698],[-82.877,38.699],[-82.876,38.699],[-82.876,38.7],[-82.876,38.7],[-82.876,38.7],[-82.876,38.701],[-82.876,38.701],[-82.876,38.703],[-82.875,38.703],[-82.875,38.704],[-82.875,38.705],[-82.875,38.705],[-82.875,38.706],[-82.875,38.706],[-82.875,38.707],[-82.874,38.707],[-82.874,38.708],[-82.874,38.709],[-82.874,38.711],[-82.873,38.711],[-82.872,38.716],[-82.872,38.718],[-82.871,38.721],[-82.871,38.722],[-82.87,38.724],[-82.87,38.726],[-82.87,38.727],[-82.87,38.728],[-82.87,38.729],[-82.87,38.732],[-82.87,38.733],[-82.87,38.734],[-82.871,38.734],[-82.871,38.735],[-82.871,38.736],[-82.871,38.737],[-82.871,38.738],[-82.872,38.739],[-82.872,38.741],[-82.873,38.743],[-82.874,38.745],[-82.874,38.745],[-82.875,38.746],[-82.878,38.75],[-82.878,38.75],[-82.879,38.751],[-82.88,38.751],[-82.88,38.751],[-82.881,38.751],[-82.882,38.751],[-82.885,38.752],[-82.885,38.753],[-82.886,38.753],[-82.885,38.754],[-82.885,38.754],[-82.886,38.755],[-82.887,38.755],[-82.887,38.755],[-82.889,38.756],[-82.889,38.756],[-82.89,38.756],[-82.891,38.756],[-82.892,38.756],[-82.894,38.756],[-82.896,38.756],[-82.898,38.756],[-82.9,38.755],[-82.901,38.755],[-82.903,38.755],[-82.904,38.755],[-82.905,38.754],[-82.906,38.754],[-82.907,38.753],[-82.909,38.753],[-82.911,38.753],[-82.917,38.752],[-82.919,38.751],[-82.923,38.75],[-82.924,38.75],[-82.924,38.75],[-82.924,38.75],[-82.925,38.75],[-82.925,38.75],[-82.926,38.749],[-82.926,38.749],[-82.927,38.749],[-82.927,38.749],[-82.927,38.749],[-82.928,38.749],[-82.928,38.749],[-82.929,38.749],[-82.931,38.748],[-82.933,38.747],[-82.935,38.747],[-82.935,38.746],[-82.935,38.746],[-82.936,38.746],[-82.936,38.746],[-82.937,38.746],[-82.937,38.746],[-82.937,38.746],[-82.937,38.746],[-82.937,38.746],[-82.937,38.746],[-82.938,38.745],[-82.938,38.745],[-82.938,38.745],[-82.939,38.745],[-82.939,38.745],[-82.939,38.745],[-82.94,38.745],[-82.94,38.745],[-82.94,38.744],[-82.94,38.744],[-82.94,38.744],[-82.941,38.744],[-82.941,38.744],[-82.941,38.744],[-82.942,38.744],[-82.942,38.743],[-82.943,38.743],[-82.943,38.743],[-82.944,38.743],[-82.944,38.742],[-82.944,38.742],[-82.944,38.742],[-82.945,38.742],[-82.945,38.742],[-82.945,38.742],[-82.945,38.742],[-82.946,38.742],[-82.946,38.742],[-82.946,38.741],[-82.946,38.741],[-82.947,38.741],[-82.947,38.741],[-82.947,38.741],[-82.948,38.741],[-82.949,38.74],[-82.949,38.74],[-82.95,38.74],[-82.95,38.74],[-82.95,38.739],[-82.951,38.739],[-82.951,38.739],[-82.952,38.739],[-82.952,38.738],[-82.953,38.738],[-82.953,38.738],[-82.953,38.738],[-82.953,38.738],[-82.953,38.738],[-82.954,38.738],[-82.955,38.737],[-82.955,38.737],[-82.955,38.737],[-82.956,38.737],[-82.956,38.737],[-82.956,38.736],[-82.956,38.736],[-82.957,38.736],[-82.958,38.736],[-82.959,38.735],[-82.959,38.735],[-82.96,38.735],[-82.961,38.734],[-82.961,38.734],[-82.962,38.733],[-82.964,38.732],[-82.965,38.732],[-82.965,38.731],[-82.966,38.731],[-82.966,38.731],[-82.966,38.73],[-82.967,38.73],[-82.969,38.729],[-82.97,38.728],[-82.971,38.728],[-82.971,38.727],[-82.972,38.727],[-82.971,38.728],[-82.971,38.729],[-82.971,38.728],[-82.975,38.727],[-82.975,38.727],[-82.976,38.727],[-82.978,38.726],[-82.98,38.726],[-82.981,38.726],[-82.984,38.726],[-82.986,38.726],[-82.987,38.727],[-82.989,38.727],[-82.992,38.728],[-82.994,38.729],[-82.996,38.729],[-82.997,38.729],[-82.998,38.729],[-82.999,38.729],[-82.999,38.729],[-82.999,38.729],[-82.999,38.729],[-82.999,38.729],[-83,38.729],[-83.002,38.73],[-83.003,38.73],[-83.003,38.73],[-83.005,38.73],[-83.007,38.73],[-83.009,38.73],[-83.011,38.73],[-83.012,38.73]]]},"properties":{"NAME":"Scioto","GEOID":"39145"}},{"type":"Feature","geometry":{"type":"Polygon","coordinates":[[[-82.298,39.295],[-82.285,39.294],[-82.274,39.294],[-82.271,39.293],[-82.265,39.293],[-82.26,39.293],[-82.261,39.289],[-82.261,39.283],[-82.262,39.278],[-82.262,39.271],[-82.263,39.262],[-82.263,39.262],[-82.264,39.257],[-82.264,39.257],[-82.264,39.257],[-82.264,39.256],[-82.264,39.256],[-82.264,39.254],[-82.264,39.253],[-82.264,39.253],[-82.264,39.253],[-82.264,39.253],[-82.264,39.251],[-82.264,39.25],[-82.264,39.25],[-82.264,39.25],[-82.264,39.248],[-82.264,39.248],[-82.265,39.246],[-82.265,39.242],[-82.265,39.242],[-82.266,39.237],[-82.267,39.226],[-82.267,39.223],[-82.267,39.216],[-82.267,39.216],[-82.267,39.216],[-82.267,39.216],[-82.267,39.215],[-82.267,39.215],[-82.268,39.212],[-82.268,39.209],[-82.268,39.206],[-82.285,39.205],[-82.287,39.205],[-82.288,39.205],[-82.302,39.205],[-82.304,39.205],[-82.306,39.205],[-82.308,39.192],[-82.308,39.189],[-82.308,39.188],[-82.308,39.187],[-82.309,39.183],[-82.309,39.182],[-82.309,39.177],[-82.31,39.168],[-82.31,39.168],[-82.31,39.163],[-82.312,39.147],[-82.312,39.147],[-82.312,39.146],[-82.312,39.146],[-82.312,39.14],[-82.314,39.126],[-82.315,39.117],[-82.316,39.099],[-82.317,39.089],[-82.318,39.08],[-82.319,39.074],[-82.319,39.065],[-82.321,39.047],[-82.321,39.045],[-82.322,39.042],[-82.322,39.036],[-82.322,39.032],[-82.323,39.028],[-82.331,39.028],[-82.334,39.028],[-82.337,39.029],[-82.355,39.03],[-82.355,39.03],[-82.368,39.031],[-82.38,39.032],[-82.389,39.032],[-82.401,39.033],[-82.415,39.034],[-82.425,39.034],[-82.432,39.035],[-82.435,39.041],[-82.434,39.048],[-82.434,39.048],[-82.434,39.048],[-82.433,39.06],[-82.432,39.066],[-82.431,39.078],[-82.431,39.079],[-82.431,39.08],[-82.43,39.081],[-82.43,39.082],[-82.43,39.082],[-82.43,39.089],[-82.429,39.093],[-82.429,39.099],[-82.428,39.106],[-82.426,39.122],[-82.425,39.13],[-82.425,39.13],[-82.425,39.138],[-82.439,39.139],[-82.44,39.139],[-82.44,39.139],[-82.441,39.139],[-82.444,39.139],[-82.444,39.139],[-82.445,39.139],[-82.447,39.139],[-82.452,39.139],[-82.465,39.14],[-82.467,39.14],[-82.471,39.14],[-82.476,39.14],[-82.486,39.141],[-82.492,39.141],[-82.5,39.141],[-82.515,39.142],[-82.518,39.143],[-82.518,39.143],[-82.519,39.143],[-82.532,39.144],[-82.535,39.144],[-82.537,39.144],[-82.54,39.149],[-82.539,39.158],[-82.539,39.159],[-82.539,39.16],[-82.538,39.166],[-82.537,39.174],[-82.536,39.181],[-82.537,39.181],[-82.537,39.181],[-82.539,39.181],[-82.542,39.182],[-82.545,39.182],[-82.546,39.182],[-82.546,39.182],[-82.548,39.182],[-82.549,39.183],[-82.574,39.185],[-82.595,39.186],[-82.595,39.186],[-82.596,39.186],[-82.596,39.186],[-82.596,39.186],[-82.596,39.186],[-82.597,39.186],[-82.599,39.186],[-82.599,39.186],[-82.599,39.186],[-82.601,39.186],[-82.604,39.186],[-82.605,39.186],[-82.607,39.186],[-82.608,39.186],[-82.608,39.186],[-82.611,39.186],[-82.617,39.186],[-82.619,39.186],[-82.634,39.188],[-82.651,39.192],[-82.651,39.198],[-82.65,39.199],[-82.65,39.2],[-82.655,39.203],[-82.669,39.203],[-82.683,39.204],[-82.684,39.204],[-82.685,39.204],[-82.693,39.204],[-82.703,39.205],[-82.705,39.205],[-82.705,39.205],[-82.709,39.205],[-82.71,39.205],[-82.717,39.206],[-82.729,39.206],[-82.735,39.207],[-82.735,39.207],[-82.75,39.207],[-82.756,39.208],[-82.759,39.208],[-82.763,39.208],[-82.762,39.214],[-82.762,39.217],[-82.762,39.217],[-82.762,39.217],[-82.762,39.217],[-82.762,39.218],[-82.761,39.229],[-82.76,39.237],[-82.76,39.244],[-82.759,39.245],[-82.759,39.246],[-82.759,39.246],[-82.759,39.246],[-82.759,39.248],[-82.759,39.25],[-82.759,39.252],[-82.759,39.253],[-82.759,39.253],[-82.758,39.266],[-82.758,39.267],[-82.757,39.278],[-82.756,39.281],[-82.756,39.281],[-82.756,39.281],[-82.756,39.281],[-82.756,39.283],[-82.756,39.289],[-82.755,39.293],[-82.754,39.309],[-82.754,39.309],[-82.754,39.312],[-82.753,39.319],[-82.752,39.325],[-82.752,39.333],[-82.752,39.334],[-82.751,39.342],[-82.75,39.352],[-82.75,39.356],[-82.75,39.357],[-82.75,39.359],[-82.749,39.366],[-82.74,39.368],[-82.728,39.367],[-82.707,39.365],[-82.704,39.365],[-82.684,39.364],[-82.674,39.363],[-82.669,39.363],[-82.662,39.363],[-82.658,39.363],[-82.658,39.363],[-82.635,39.372],[-82.625,39.375],[-82.623,39.375],[-82.615,39.375],[-82.615,39.375],[-82.613,39.374],[-82.613,39.374],[-82.613,39.374],[-82.606,39.374],[-82.589,39.373],[-82.575,39.373],[-82.534,39.37],[-82.521,39.37],[-82.516,39.377],[-82.515,39.389],[-82.515,39.39],[-82.514,39.396],[-82.5,39.395],[-82.479,39.394],[-82.469,39.393],[-82.466,39.393],[-82.465,39.393],[-82.464,39.393],[-82.463,39.393],[-82.461,39.393],[-82.46,39.393],[-82.46,39.393],[-82.458,39.393],[-82.457,39.393],[-82.456,39.393],[-82.452,39.393],[-82.45,39.393],[-82.449,39.393],[-82.446,39.392],[-82.44,39.392],[-82.434,39.392],[-82.433,39.392],[-82.43,39.392],[-82.429,39.392],[-82.428,39.392],[-82.428,39.392],[-82.426,39.391],[-82.421,39.391],[-82.415,39.391],[-82.403,39.39],[-82.401,39.39],[-82.384,39.389],[-82.369,39.388],[-82.368,39.388],[-82.361,39.388],[-82.351,39.387],[-82.319,39.386],[-82.31,39.385],[-82.302,39.385],[-82.296,39.385],[-82.29,39.384],[-82.29,39.379],[-82.29,39.378],[-82.29,39.378],[-82.291,39.37],[-82.292,39.363],[-82.292,39.356],[-82.294,39.345],[-82.294,39.345],[-82.294,39.345],[-82.294,39.339],[-82.295,39.334],[-82.295,39.334],[-82.295,39.328],[-82.295,39.326],[-82.295,39.326],[-82.295,39.325],[-82.296,39.317],[-82.297,39.314],[-82.298,39.304],[-82.298,39.301],[-82.298,39.295]]]},"properties":{"NAME":"Vinton","GEOID":"39163"}},{"type":"Feature","geometry":{"type":"Polygon","coordinates":[[[-83.21,40.075],[-83.21,40.071],[-83.21,40.069],[-83.211,40.063],[-83.221,40.048],[-83.254,40.049],[-83.255,40.049],[-83.255,40.049],[-83.255,40.047],[-83.256,40.045],[-83.255,40.044],[-83.255,40.043],[-83.254,40.042],[-83.254,40.042],[-83.253,40.041],[-83.253,40.041],[-83.253,40.041],[-83.253,40.04],[-83.254,40.037],[-83.255,40.035],[-83.255,40.035],[-83.255,40.034],[-83.256,40.034],[-83.256,40.033],[-83.256,40.031],[-83.256,40.029],[-83.254,40.029],[-83.253,40.028],[-83.253,40.028],[-83.253,40.028],[-83.253,40.028],[-83.253,40.027],[-83.253,40.027],[-83.253,40.026],[-83.253,40.026],[-83.252,40.026],[-83.252,40.025],[-83.252,40.024],[-83.252,40.023],[-83.252,40.023],[-83.252,40.023],[-83.252,40.023],[-83.252,40.021],[-83.252,40.02],[-83.253,40.017],[-83.253,40.016],[-83.253,40.015],[-83.253,40.014],[-83.253,40.012],[-83.253,40.01],[-83.252,40.01],[-83.252,40.009],[-83.252,40.007],[-83.254,40.005],[-83.255,40.005],[-83.256,40.005],[-83.256,40.004],[-83.258,40.005],[-83.259,40.005],[-83.26,40.004],[-83.261,40.003],[-83.261,40.002],[-83.26,40.001],[-83.259,40.001],[-83.257,40],[-83.256,39.999],[-83.256,39.998],[-83.256,39.998],[-83.256,39.997],[-83.256,39.997],[-83.255,39.996],[-83.254,39.995],[-83.253,39.993],[-83.251,39.991],[-83.249,39.99],[-83.248,39.988],[-83.246,39.988],[-83.246,39.987],[-83.246,39.986],[-83.247,39.986],[-83.247,39.985],[-83.248,39.985],[-83.249,39.984],[-83.249,39.984],[-83.25,39.983],[-83.25,39.983],[-83.25,39.983],[-83.25,39.982],[-83.25,39.981],[-83.25,39.981],[-83.249,39.981],[-83.249,39.98],[-83.249,39.978],[-83.249,39.978],[-83.25,39.978],[-83.25,39.977],[-83.25,39.976],[-83.25,39.975],[-83.249,39.973],[-83.25,39.973],[-83.251,39.973],[-83.251,39.971],[-83.25,39.97],[-83.249,39.97],[-83.249,39.971],[-83.248,39.971],[-83.248,39.972],[-83.247,39.971],[-83.246,39.97],[-83.245,39.968],[-83.246,39.967],[-83.246,39.965],[-83.246,39.964],[-83.245,39.963],[-83.241,39.961],[-83.24,39.96],[-83.24,39.959],[-83.241,39.958],[-83.242,39.957],[-83.242,39.957],[-83.242,39.957],[-83.242,39.955],[-83.242,39.954],[-83.241,39.952],[-83.24,39.951],[-83.239,39.951],[-83.237,39.95],[-83.237,39.949],[-83.236,39.948],[-83.236,39.947],[-83.234,39.946],[-83.232,39.945],[-83.231,39.943],[-83.231,39.942],[-83.231,39.942],[-83.23,39.941],[-83.228,39.94],[-83.229,39.939],[-83.229,39.938],[-83.227,39.936],[-83.227,39.935],[-83.226,39.933],[-83.227,39.931],[-83.23,39.929],[-83.231,39.929],[-83.247,39.92],[-83.25,39.918],[-83.251,39.904],[-83.25,39.898],[-83.248,39.865],[-83.247,39.861],[-83.246,39.844],[-83.245,39.829],[-83.244,39.823],[-83.244,39.82],[-83.244,39.815],[-83.244,39.812],[-83.244,39.807],[-83.245,39.795],[-83.245,39.79],[-83.246,39.786],[-83.246,39.78],[-83.247,39.771],[-83.247,39.765],[-83.248,39.76],[-83.248,39.756],[-83.248,39.756],[-83.249,39.745],[-83.249,39.744],[-83.249,39.742],[-83.249,39.737],[-83.249,39.736],[-83.25,39.732],[-83.25,39.732],[-83.25,39.731],[-83.25,39.73],[-83.25,39.729],[-83.25,39.729],[-83.25,39.728],[-83.25,39.727],[-83.25,39.725],[-83.25,39.725],[-83.25,39.725],[-83.251,39.714],[-83.252,39.704],[-83.252,39.698],[-83.256,39.696],[-83.257,39.696],[-83.257,39.696],[-83.273,39.697],[-83.279,39.697],[-83.29,39.698],[-83.304,39.698],[-83.34,39.7],[-83.355,39.7],[-83.363,39.701],[-83.375,39.701],[-83.388,39.702],[-83.423,39.704],[-83.438,39.704],[-83.467,39.706],[-83.491,39.707],[-83.515,39.709],[-83.517,39.709],[-83.542,39.71],[-83.602,39.714],[-83.625,39.715],[-83.651,39.717],[-83.652,39.725],[-83.652,39.729],[-83.65,39.75],[-83.649,39.766],[-83.641,39.773],[-83.611,39.77],[-83.59,39.769],[-83.585,39.782],[-83.577,39.809],[-83.573,39.82],[-83.571,39.827],[-83.569,39.832],[-83.566,39.842],[-83.564,39.848],[-83.56,39.859],[-83.554,39.878],[-83.552,39.886],[-83.55,39.892],[-83.55,39.895],[-83.548,39.899],[-83.548,39.9],[-83.548,39.901],[-83.548,39.903],[-83.546,39.908],[-83.545,39.912],[-83.54,39.928],[-83.539,39.931],[-83.537,39.937],[-83.535,39.941],[-83.532,39.95],[-83.525,39.97],[-83.522,39.981],[-83.521,39.984],[-83.518,39.992],[-83.515,40.004],[-83.516,40.011],[-83.512,40.042],[-83.511,40.047],[-83.51,40.06],[-83.508,40.07],[-83.504,40.106],[-83.499,40.111],[-83.496,40.111],[-83.489,40.111],[-83.48,40.111],[-83.464,40.111],[-83.447,40.111],[-83.424,40.111],[-83.415,40.111],[-83.397,40.11],[-83.393,40.11],[-83.392,40.11],[-83.386,40.11],[-83.375,40.11],[-83.365,40.11],[-83.351,40.11],[-83.345,40.11],[-83.329,40.11],[-83.317,40.11],[-83.307,40.11],[-83.292,40.109],[-83.292,40.109],[-83.287,40.109],[-83.285,40.109],[-83.282,40.109],[-83.281,40.109],[-83.279,40.109],[-83.276,40.109],[-83.276,40.109],[-83.274,40.109],[-83.273,40.109],[-83.27,40.109],[-83.269,40.109],[-83.266,40.109],[-83.264,40.109],[-83.263,40.109],[-83.263,40.109],[-83.259,40.109],[-83.259,40.109],[-83.258,40.109],[-83.251,40.108],[-83.24,40.108],[-83.238,40.108],[-83.234,40.108],[-83.216,40.108],[-83.206,40.108],[-83.207,40.101],[-83.208,40.093],[-83.21,40.075]]]},"properties":{"NAME":"Madison","GEOID":"39097"}},{"type":"Feature","geometry":{"type":"Polygon","coordinates":[[[-83.88,40.82],[-83.879,40.82],[-83.878,40.82],[-83.871,40.82],[-83.865,40.82],[-83.862,40.82],[-83.855,40.82],[-83.855,40.82],[-83.853,40.82],[-83.848,40.82],[-83.845,40.82],[-83.845,40.82],[-83.845,40.82],[-83.844,40.82],[-83.843,40.82],[-83.841,40.82],[-83.835,40.82],[-83.828,40.82],[-83.823,40.82],[-83.818,40.82],[-83.817,40.82],[-83.812,40.82],[-83.811,40.82],[-83.811,40.82],[-83.808,40.82],[-83.807,40.82],[-83.806,40.82],[-83.804,40.82],[-83.804,40.82],[-83.804,40.82],[-83.8,40.82],[-83.797,40.82],[-83.785,40.819],[-83.779,40.819],[-83.775,40.819],[-83.764,40.819],[-83.761,40.819],[-83.759,40.819],[-83.752,40.819],[-83.749,40.819],[-83.748,40.819],[-83.741,40.819],[-83.741,40.819],[-83.74,40.819],[-83.738,40.819],[-83.737,40.819],[-83.73,40.819],[-83.728,40.819],[-83.728,40.819],[-83.728,40.819],[-83.728,40.819],[-83.722,40.819],[-83.717,40.819],[-83.717,40.819],[-83.715,40.819],[-83.712,40.819],[-83.7,40.82],[-83.696,40.82],[-83.682,40.82],[-83.667,40.82],[-83.666,40.82],[-83.661,40.82],[-83.656,40.819],[-83.652,40.819],[-83.651,40.819],[-83.651,40.819],[-83.651,40.819],[-83.647,40.819],[-83.642,40.819],[-83.63,40.819],[-83.627,40.819],[-83.623,40.819],[-83.623,40.819],[-83.615,40.819],[-83.614,40.819],[-83.611,40.819],[-83.607,40.819],[-83.605,40.819],[-83.605,40.819],[-83.601,40.819],[-83.601,40.819],[-83.6,40.819],[-83.596,40.819],[-83.594,40.819],[-83.594,40.819],[-83.59,40.819],[-83.583,40.819],[-83.581,40.819],[-83.577,40.819],[-83.577,40.819],[-83.556,40.818],[-83.549,40.818],[-83.539,40.818],[-83.538,40.818],[-83.533,40.818],[-83.521,40.818],[-83.52,40.818],[-83.516,40.818],[-83.503,40.818],[-83.501,40.818],[-83.496,40.818],[-83.496,40.815],[-83.496,40.812],[-83.497,40.81],[-83.497,40.808],[-83.497,40.804],[-83.497,40.802],[-83.497,40.801],[-83.497,40.794],[-83.497,40.792],[-83.497,40.79],[-83.497,40.79],[-83.497,40.786],[-83.497,40.785],[-83.497,40.78],[-83.497,40.776],[-83.497,40.773],[-83.497,40.771],[-83.497,40.769],[-83.497,40.767],[-83.497,40.765],[-83.497,40.761],[-83.497,40.76],[-83.497,40.757],[-83.497,40.754],[-83.497,40.748],[-83.497,40.745],[-83.497,40.734],[-83.497,40.731],[-83.497,40.73],[-83.496,40.725],[-83.496,40.723],[-83.496,40.716],[-83.496,40.702],[-83.496,40.702],[-83.49,40.702],[-83.481,40.701],[-83.478,40.701],[-83.473,40.702],[-83.46,40.702],[-83.45,40.702],[-83.44,40.702],[-83.44,40.688],[-83.44,40.688],[-83.432,40.687],[-83.43,40.687],[-83.428,40.687],[-83.423,40.687],[-83.421,40.687],[-83.421,40.687],[-83.42,40.687],[-83.42,40.686],[-83.42,40.683],[-83.42,40.683],[-83.42,40.682],[-83.42,40.68],[-83.42,40.679],[-83.42,40.678],[-83.42,40.674],[-83.42,40.673],[-83.42,40.672],[-83.42,40.671],[-83.42,40.667],[-83.42,40.664],[-83.42,40.661],[-83.42,40.659],[-83.42,40.654],[-83.42,40.652],[-83.42,40.651],[-83.42,40.648],[-83.42,40.646],[-83.42,40.645],[-83.42,40.644],[-83.42,40.641],[-83.42,40.639],[-83.42,40.636],[-83.42,40.633],[-83.42,40.631],[-83.42,40.628],[-83.42,40.627],[-83.42,40.625],[-83.42,40.624],[-83.42,40.622],[-83.42,40.62],[-83.42,40.617],[-83.42,40.613],[-83.42,40.611],[-83.42,40.608],[-83.42,40.608],[-83.42,40.604],[-83.42,40.603],[-83.42,40.6],[-83.42,40.6],[-83.42,40.599],[-83.42,40.595],[-83.42,40.59],[-83.419,40.574],[-83.419,40.571],[-83.418,40.567],[-83.418,40.567],[-83.418,40.565],[-83.418,40.56],[-83.418,40.557],[-83.418,40.556],[-83.418,40.556],[-83.418,40.556],[-83.418,40.555],[-83.418,40.551],[-83.417,40.547],[-83.417,40.545],[-83.417,40.544],[-83.416,40.523],[-83.416,40.515],[-83.417,40.509],[-83.421,40.505],[-83.435,40.505],[-83.437,40.505],[-83.477,40.504],[-83.497,40.504],[-83.51,40.504],[-83.52,40.504],[-83.52,40.505],[-83.52,40.506],[-83.526,40.51],[-83.539,40.511],[-83.551,40.512],[-83.557,40.512],[-83.562,40.513],[-83.562,40.513],[-83.567,40.513],[-83.572,40.513],[-83.574,40.513],[-83.576,40.513],[-83.576,40.513],[-83.578,40.513],[-83.578,40.513],[-83.579,40.513],[-83.592,40.514],[-83.61,40.516],[-83.621,40.516],[-83.625,40.517],[-83.636,40.517],[-83.652,40.518],[-83.661,40.519],[-83.686,40.52],[-83.708,40.522],[-83.716,40.522],[-83.723,40.522],[-83.745,40.524],[-83.756,40.525],[-83.779,40.526],[-83.8,40.527],[-83.805,40.527],[-83.815,40.528],[-83.831,40.529],[-83.853,40.53],[-83.856,40.53],[-83.88,40.532],[-83.88,40.565],[-83.88,40.566],[-83.88,40.567],[-83.88,40.567],[-83.88,40.575],[-83.88,40.579],[-83.88,40.58],[-83.88,40.587],[-83.88,40.594],[-83.88,40.602],[-83.88,40.603],[-83.88,40.603],[-83.88,40.607],[-83.88,40.616],[-83.88,40.621],[-83.88,40.625],[-83.88,40.638],[-83.88,40.652],[-83.88,40.654],[-83.88,40.654],[-83.88,40.656],[-83.88,40.657],[-83.88,40.658],[-83.88,40.658],[-83.88,40.663],[-83.88,40.664],[-83.88,40.668],[-83.88,40.669],[-83.88,40.674],[-83.88,40.678],[-83.88,40.68],[-83.88,40.682],[-83.88,40.685],[-83.88,40.689],[-83.88,40.689],[-83.88,40.691],[-83.88,40.693],[-83.88,40.696],[-83.88,40.696],[-83.88,40.697],[-83.88,40.699],[-83.88,40.703],[-83.88,40.704],[-83.88,40.711],[-83.88,40.713],[-83.88,40.713],[-83.88,40.713],[-83.88,40.717],[-83.88,40.719],[-83.88,40.72],[-83.88,40.729],[-83.88,40.732],[-83.88,40.732],[-83.88,40.734],[-83.88,40.734],[-83.88,40.734],[-83.88,40.735],[-83.88,40.735],[-83.88,40.736],[-83.88,40.737],[-83.88,40.739],[-83.88,40.74],[-83.88,40.741],[-83.88,40.743],[-83.88,40.744],[-83.88,40.747],[-83.88,40.747],[-83.88,40.747],[-83.88,40.75],[-83.88,40.751],[-83.88,40.752],[-83.88,40.755],[-83.88,40.755],[-83.88,40.756],[-83.88,40.756],[-83.88,40.757],[-83.88,40.757],[-83.88,40.758],[-83.88,40.762],[-83.88,40.763],[-83.88,40.767],[-83.88,40.769],[-83.88,40.77],[-83.88,40.774],[-83.88,40.776],[-83.88,40.776],[-83.88,40.781],[-83.88,40.782],[-83.88,40.783],[-83.88,40.79],[-83.88,40.791],[-83.88,40.791],[-83.88,40.792],[-83.88,40.794],[-83.88,40.796],[-83.88,40.799],[-83.88,40.804],[-83.88,40.806],[-83.88,40.809],[-83.88,40.814],[-83.88,40.818],[-83.88,40.819],[-83.88,40.82]]]},"properties":{"NAME":"Hardin","GEOID":"39065"}},{"type":"Feature","geometry":{"type":"Polygon","coordinates":[[[-84.429,40.007],[-84.429,40.007],[-84.429,40.006],[-84.428,40.006],[-84.428,40.006],[-84.428,40.006],[-84.428,40.006],[-84.428,40.006],[-84.428,40.006],[-84.428,40.005],[-84.428,40.003],[-84.428,40.001],[-84.428,40],[-84.428,39.998],[-84.428,39.996],[-84.428,39.993],[-84.428,39.992],[-84.428,39.991],[-84.428,39.99],[-84.428,39.99],[-84.428,39.989],[-84.428,39.988],[-84.427,39.987],[-84.427,39.987],[-84.427,39.986],[-84.427,39.985],[-84.427,39.984],[-84.427,39.983],[-84.427,39.982],[-84.427,39.981],[-84.427,39.98],[-84.427,39.979],[-84.427,39.978],[-84.427,39.97],[-84.427,39.946],[-84.426,39.933],[-84.426,39.925],[-84.426,39.92],[-84.427,39.92],[-84.434,39.919],[-84.44,39.919],[-84.445,39.919],[-84.447,39.919],[-84.45,39.919],[-84.452,39.919],[-84.456,39.919],[-84.461,39.919],[-84.462,39.919],[-84.466,39.919],[-84.47,39.919],[-84.478,39.919],[-84.483,39.919],[-84.487,39.918],[-84.49,39.918],[-84.491,39.918],[-84.493,39.918],[-84.495,39.918],[-84.499,39.918],[-84.5,39.918],[-84.501,39.918],[-84.503,39.918],[-84.505,39.918],[-84.508,39.918],[-84.51,39.918],[-84.512,39.918],[-84.514,39.918],[-84.516,39.918],[-84.518,39.918],[-84.521,39.918],[-84.523,39.918],[-84.525,39.918],[-84.526,39.918],[-84.528,39.918],[-84.531,39.918],[-84.533,39.918],[-84.535,39.918],[-84.538,39.918],[-84.54,39.918],[-84.543,39.918],[-84.546,39.918],[-84.548,39.918],[-84.55,39.918],[-84.555,39.917],[-84.56,39.917],[-84.564,39.917],[-84.566,39.917],[-84.567,39.917],[-84.57,39.917],[-84.571,39.917],[-84.574,39.917],[-84.578,39.917],[-84.579,39.917],[-84.581,39.917],[-84.613,39.917],[-84.626,39.917],[-84.653,39.917],[-84.672,39.917],[-84.684,39.917],[-84.704,39.917],[-84.706,39.917],[-84.708,39.917],[-84.712,39.917],[-84.72,39.917],[-84.723,39.917],[-84.733,39.917],[-84.754,39.917],[-84.766,39.917],[-84.769,39.917],[-84.77,39.917],[-84.783,39.917],[-84.808,39.917],[-84.812,39.919],[-84.812,39.923],[-84.812,39.925],[-84.812,39.927],[-84.812,39.958],[-84.812,39.964],[-84.812,39.971],[-84.812,39.975],[-84.811,39.985],[-84.811,39.988],[-84.811,39.995],[-84.811,40.005],[-84.811,40.014],[-84.81,40.02],[-84.81,40.039],[-84.81,40.056],[-84.809,40.06],[-84.809,40.078],[-84.809,40.093],[-84.808,40.107],[-84.808,40.116],[-84.808,40.119],[-84.808,40.121],[-84.808,40.124],[-84.808,40.127],[-84.808,40.129],[-84.808,40.133],[-84.808,40.137],[-84.808,40.14],[-84.808,40.143],[-84.807,40.146],[-84.807,40.15],[-84.807,40.154],[-84.807,40.163],[-84.807,40.167],[-84.807,40.172],[-84.807,40.175],[-84.807,40.178],[-84.806,40.181],[-84.806,40.188],[-84.806,40.191],[-84.806,40.192],[-84.806,40.193],[-84.806,40.193],[-84.806,40.194],[-84.806,40.196],[-84.806,40.197],[-84.806,40.198],[-84.806,40.198],[-84.806,40.2],[-84.806,40.201],[-84.806,40.202],[-84.806,40.203],[-84.806,40.206],[-84.806,40.207],[-84.806,40.209],[-84.806,40.21],[-84.806,40.211],[-84.806,40.214],[-84.806,40.215],[-84.806,40.217],[-84.805,40.221],[-84.805,40.224],[-84.805,40.226],[-84.805,40.229],[-84.805,40.231],[-84.805,40.236],[-84.805,40.238],[-84.805,40.24],[-84.805,40.242],[-84.805,40.246],[-84.805,40.25],[-84.805,40.251],[-84.805,40.253],[-84.805,40.256],[-84.805,40.259],[-84.804,40.264],[-84.804,40.265],[-84.804,40.267],[-84.804,40.274],[-84.804,40.277],[-84.804,40.282],[-84.804,40.286],[-84.804,40.292],[-84.804,40.294],[-84.804,40.299],[-84.804,40.303],[-84.804,40.309],[-84.804,40.31],[-84.804,40.311],[-84.804,40.312],[-84.804,40.314],[-84.804,40.315],[-84.804,40.317],[-84.804,40.318],[-84.804,40.319],[-84.804,40.321],[-84.804,40.322],[-84.804,40.324],[-84.804,40.325],[-84.804,40.326],[-84.804,40.327],[-84.804,40.329],[-84.804,40.329],[-84.804,40.331],[-84.804,40.332],[-84.804,40.335],[-84.804,40.336],[-84.804,40.337],[-84.804,40.338],[-84.804,40.338],[-84.804,40.339],[-84.804,40.34],[-84.804,40.342],[-84.804,40.343],[-84.804,40.345],[-84.804,40.345],[-84.804,40.346],[-84.804,40.349],[-84.804,40.351],[-84.804,40.351],[-84.804,40.352],[-84.804,40.353],[-84.8,40.353],[-84.798,40.353],[-84.796,40.353],[-84.795,40.353],[-84.794,40.353],[-84.793,40.353],[-84.791,40.353],[-84.789,40.353],[-84.788,40.353],[-84.787,40.353],[-84.786,40.353],[-84.784,40.353],[-84.782,40.353],[-84.775,40.353],[-84.774,40.353],[-84.771,40.353],[-84.767,40.353],[-84.764,40.353],[-84.762,40.353],[-84.761,40.353],[-84.758,40.352],[-84.754,40.352],[-84.751,40.352],[-84.75,40.352],[-84.748,40.352],[-84.745,40.352],[-84.741,40.352],[-84.74,40.352],[-84.733,40.352],[-84.728,40.352],[-84.727,40.352],[-84.721,40.352],[-84.713,40.352],[-84.698,40.352],[-84.693,40.352],[-84.691,40.352],[-84.691,40.352],[-84.689,40.352],[-84.688,40.352],[-84.684,40.352],[-84.68,40.352],[-84.676,40.352],[-84.674,40.352],[-84.67,40.352],[-84.666,40.352],[-84.653,40.352],[-84.648,40.352],[-84.648,40.352],[-84.646,40.352],[-84.645,40.352],[-84.644,40.352],[-84.643,40.352],[-84.642,40.352],[-84.641,40.352],[-84.64,40.352],[-84.639,40.352],[-84.639,40.352],[-84.638,40.352],[-84.637,40.352],[-84.632,40.352],[-84.625,40.352],[-84.624,40.352],[-84.618,40.352],[-84.615,40.352],[-84.606,40.352],[-84.6,40.352],[-84.6,40.353],[-84.6,40.353],[-84.598,40.353],[-84.593,40.353],[-84.58,40.353],[-84.578,40.353],[-84.576,40.353],[-84.574,40.353],[-84.572,40.353],[-84.562,40.354],[-84.553,40.354],[-84.546,40.354],[-84.535,40.354],[-84.527,40.354],[-84.52,40.354],[-84.506,40.354],[-84.5,40.354],[-84.496,40.354],[-84.495,40.354],[-84.495,40.354],[-84.495,40.354],[-84.493,40.354],[-84.491,40.354],[-84.481,40.354],[-84.477,40.354],[-84.465,40.354],[-84.455,40.354],[-84.451,40.354],[-84.449,40.354],[-84.435,40.354],[-84.435,40.339],[-84.435,40.333],[-84.435,40.322],[-84.434,40.307],[-84.434,40.296],[-84.434,40.289],[-84.434,40.28],[-84.434,40.271],[-84.434,40.263],[-84.434,40.261],[-84.434,40.25],[-84.434,40.238],[-84.434,40.234],[-84.434,40.232],[-84.433,40.226],[-84.433,40.216],[-84.433,40.206],[-84.433,40.191],[-84.433,40.189],[-84.435,40.181],[-84.432,40.167],[-84.432,40.158],[-84.431,40.154],[-84.431,40.153],[-84.432,40.152],[-84.432,40.15],[-84.431,40.149],[-84.431,40.148],[-84.431,40.147],[-84.431,40.146],[-84.431,40.144],[-84.431,40.143],[-84.431,40.143],[-84.431,40.142],[-84.431,40.142],[-84.431,40.141],[-84.431,40.14],[-84.431,40.14],[-84.431,40.14],[-84.431,40.139],[-84.431,40.138],[-84.431,40.137],[-84.431,40.135],[-84.431,40.133],[-84.431,40.132],[-84.431,40.13],[-84.431,40.129],[-84.431,40.128],[-84.431,40.127],[-84.431,40.125],[-84.431,40.125],[-84.431,40.123],[-84.431,40.121],[-84.431,40.118],[-84.43,40.116],[-84.43,40.115],[-84.43,40.112],[-84.43,40.109],[-84.43,40.107],[-84.43,40.106],[-84.43,40.105],[-84.43,40.103],[-84.43,40.101],[-84.43,40.098],[-84.43,40.095],[-84.43,40.094],[-84.43,40.092],[-84.43,40.088],[-84.43,40.084],[-84.43,40.081],[-84.43,40.079],[-84.43,40.078],[-84.43,40.075],[-84.429,40.065],[-84.429,40.051],[-84.429,40.041],[-84.429,40.022],[-84.429,40.021],[-84.429,40.02],[-84.429,40.019],[-84.429,40.018],[-84.429,40.017],[-84.429,40.016],[-84.429,40.015],[-84.429,40.014],[-84.428,40.013],[-84.428,40.012],[-84.428,40.012],[-84.428,40.011],[-84.429,40.007]]]},"properties":{"NAME":"Darke","GEOID":"39037"}},{"type":"Feature","geometry":{"type":"Polygon","coordinates":[[[-82.443,41.284],[-82.437,41.284],[-82.436,41.284],[-82.435,41.284],[-82.433,41.284],[-82.432,41.284],[-82.43,41.284],[-82.422,41.284],[-82.419,41.284],[-82.415,41.284],[-82.399,41.284],[-82.393,41.284],[-82.387,41.284],[-82.385,41.284],[-82.376,41.284],[-82.351,41.284],[-82.342,41.284],[-82.342,41.283],[-82.342,41.282],[-82.342,41.28],[-82.342,41.279],[-82.342,41.279],[-82.342,41.278],[-82.342,41.278],[-82.342,41.277],[-82.342,41.277],[-82.342,41.277],[-82.342,41.276],[-82.342,41.276],[-82.342,41.276],[-82.342,41.276],[-82.342,41.275],[-82.342,41.274],[-82.342,41.273],[-82.342,41.271],[-82.342,41.268],[-82.342,41.267],[-82.342,41.266],[-82.342,41.265],[-82.342,41.264],[-82.342,41.263],[-82.342,41.263],[-82.342,41.261],[-82.342,41.26],[-82.342,41.259],[-82.342,41.258],[-82.342,41.257],[-82.342,41.257],[-82.342,41.257],[-82.341,41.241],[-82.34,41.206],[-82.341,41.197],[-82.341,41.19],[-82.341,41.186],[-82.341,41.176],[-82.341,41.174],[-82.341,41.174],[-82.341,41.159],[-82.341,41.141],[-82.341,41.135],[-82.341,41.133],[-82.34,41.13],[-82.34,41.129],[-82.34,41.126],[-82.338,41.118],[-82.338,41.115],[-82.338,41.112],[-82.338,41.111],[-82.338,41.111],[-82.338,41.103],[-82.337,41.095],[-82.337,41.09],[-82.337,41.089],[-82.337,41.079],[-82.337,41.077],[-82.337,41.068],[-82.338,41.066],[-82.345,41.066],[-82.352,41.066],[-82.357,41.066],[-82.358,41.066],[-82.358,41.066],[-82.363,41.066],[-82.366,41.066],[-82.368,41.066],[-82.373,41.066],[-82.375,41.066],[-82.377,41.066],[-82.378,41.066],[-82.378,41.066],[-82.38,41.066],[-82.381,41.066],[-82.382,41.066],[-82.384,41.066],[-82.385,41.066],[-82.386,41.066],[-82.388,41.066],[-82.389,41.066],[-82.391,41.066],[-82.392,41.066],[-82.395,41.066],[-82.395,41.066],[-82.396,41.066],[-82.398,41.066],[-82.398,41.066],[-82.399,41.066],[-82.4,41.066],[-82.4,41.066],[-82.401,41.066],[-82.406,41.066],[-82.41,41.066],[-82.41,41.066],[-82.411,41.066],[-82.412,41.066],[-82.414,41.066],[-82.415,41.065],[-82.416,41.065],[-82.417,41.065],[-82.42,41.065],[-82.421,41.065],[-82.425,41.065],[-82.428,41.065],[-82.429,41.065],[-82.435,41.065],[-82.437,41.065],[-82.437,41.065],[-82.437,41.065],[-82.437,41.065],[-82.437,41.064],[-82.437,41.063],[-82.437,41.062],[-82.437,41.06],[-82.437,41.058],[-82.436,41.055],[-82.436,41.052],[-82.436,41.052],[-82.436,41.052],[-82.436,41.051],[-82.436,41.051],[-82.436,41.051],[-82.436,41.051],[-82.436,41.049],[-82.436,41.048],[-82.436,41.048],[-82.436,41.047],[-82.436,41.047],[-82.436,41.047],[-82.436,41.047],[-82.436,41.045],[-82.436,41.04],[-82.435,41.038],[-82.435,41.037],[-82.435,41.035],[-82.435,41.033],[-82.435,41.03],[-82.435,41.029],[-82.435,41.027],[-82.435,41.026],[-82.435,41.025],[-82.435,41.023],[-82.434,41.021],[-82.434,41.016],[-82.434,41.014],[-82.434,41.012],[-82.434,41.01],[-82.434,41.01],[-82.434,41.009],[-82.434,41.008],[-82.434,41.007],[-82.434,41.006],[-82.434,41.005],[-82.433,41.004],[-82.433,41.002],[-82.433,41.001],[-82.433,40.999],[-82.433,40.997],[-82.433,40.994],[-82.433,40.993],[-82.435,40.993],[-82.443,40.993],[-82.445,40.993],[-82.447,40.993],[-82.45,40.993],[-82.45,40.993],[-82.455,40.993],[-82.457,40.993],[-82.458,40.993],[-82.46,40.993],[-82.461,40.993],[-82.464,40.993],[-82.467,40.993],[-82.469,40.993],[-82.469,40.993],[-82.47,40.993],[-82.471,40.993],[-82.471,40.993],[-82.472,40.993],[-82.475,40.993],[-82.477,40.993],[-82.479,40.993],[-82.48,40.993],[-82.483,40.993],[-82.483,40.993],[-82.485,40.993],[-82.487,40.993],[-82.49,40.993],[-82.492,40.993],[-82.495,40.993],[-82.496,40.993],[-82.497,40.993],[-82.499,40.993],[-82.499,40.993],[-82.503,40.993],[-82.505,40.993],[-82.509,40.993],[-82.512,40.993],[-82.514,40.993],[-82.516,40.993],[-82.519,40.993],[-82.52,40.993],[-82.521,40.993],[-82.521,40.993],[-82.523,40.993],[-82.524,40.993],[-82.526,40.993],[-82.528,40.993],[-82.529,40.993],[-82.53,40.993],[-82.532,40.993],[-82.534,40.993],[-82.535,40.993],[-82.537,40.994],[-82.538,40.994],[-82.539,40.994],[-82.541,40.994],[-82.543,40.994],[-82.548,40.994],[-82.549,40.994],[-82.55,40.994],[-82.552,40.994],[-82.553,40.994],[-82.554,40.994],[-82.557,40.994],[-82.557,40.994],[-82.558,40.994],[-82.558,40.994],[-82.564,40.994],[-82.565,40.994],[-82.568,40.994],[-82.568,40.994],[-82.568,40.994],[-82.569,40.994],[-82.571,40.994],[-82.573,40.994],[-82.575,40.994],[-82.578,40.994],[-82.581,40.994],[-82.582,40.994],[-82.584,40.994],[-82.588,40.994],[-82.589,40.994],[-82.591,40.994],[-82.592,40.994],[-82.593,40.994],[-82.595,40.994],[-82.598,40.994],[-82.599,40.994],[-82.599,40.994],[-82.602,40.994],[-82.604,40.994],[-82.605,40.994],[-82.606,40.994],[-82.606,40.994],[-82.607,40.994],[-82.61,40.994],[-82.613,40.995],[-82.614,40.995],[-82.615,40.995],[-82.617,40.995],[-82.619,40.995],[-82.62,40.995],[-82.624,40.995],[-82.625,40.995],[-82.626,40.995],[-82.627,40.995],[-82.627,40.995],[-82.628,40.995],[-82.629,40.995],[-82.633,40.995],[-82.635,40.995],[-82.639,40.995],[-82.639,40.995],[-82.64,40.995],[-82.643,40.995],[-82.645,40.995],[-82.648,40.995],[-82.649,40.995],[-82.649,40.995],[-82.65,40.995],[-82.652,40.995],[-82.653,40.995],[-82.653,40.995],[-82.654,40.995],[-82.654,40.995],[-82.655,40.995],[-82.655,40.995],[-82.656,40.995],[-82.656,40.995],[-82.656,40.995],[-82.657,40.995],[-82.658,40.995],[-82.66,40.995],[-82.66,40.995],[-82.662,40.995],[-82.664,40.995],[-82.665,40.995],[-82.666,40.995],[-82.666,40.995],[-82.667,40.995],[-82.667,40.995],[-82.668,40.995],[-82.668,40.995],[-82.668,40.995],[-82.669,40.995],[-82.669,40.995],[-82.67,40.995],[-82.67,40.995],[-82.67,40.995],[-82.672,40.995],[-82.673,40.995],[-82.673,40.995],[-82.675,40.995],[-82.676,40.995],[-82.676,40.995],[-82.676,40.995],[-82.677,40.995],[-82.678,40.995],[-82.679,40.995],[-82.68,40.995],[-82.68,40.995],[-82.681,40.995],[-82.681,40.995],[-82.681,40.995],[-82.682,40.995],[-82.682,40.995],[-82.683,40.995],[-82.683,40.995],[-82.684,40.995],[-82.684,40.995],[-82.684,40.995],[-82.685,40.995],[-82.686,40.995],[-82.686,40.995],[-82.686,40.995],[-82.686,40.995],[-82.687,40.995],[-82.687,40.995],[-82.687,40.995],[-82.688,40.995],[-82.69,40.995],[-82.69,40.995],[-82.691,40.995],[-82.692,40.995],[-82.692,40.995],[-82.692,40.995],[-82.695,40.995],[-82.696,40.995],[-82.698,40.995],[-82.701,40.995],[-82.702,40.995],[-82.705,40.996],[-82.708,40.996],[-82.713,40.996],[-82.715,40.996],[-82.716,40.996],[-82.718,40.996],[-82.72,40.996],[-82.72,40.996],[-82.721,40.996],[-82.724,40.996],[-82.725,40.996],[-82.728,40.996],[-82.728,40.996],[-82.73,40.996],[-82.734,40.996],[-82.738,40.996],[-82.739,40.996],[-82.744,40.996],[-82.753,40.996],[-82.754,40.996],[-82.763,40.996],[-82.769,40.996],[-82.773,40.996],[-82.774,40.996],[-82.777,40.996],[-82.779,40.996],[-82.78,40.996],[-82.782,40.996],[-82.784,40.996],[-82.787,40.996],[-82.789,40.996],[-82.791,40.996],[-82.793,40.996],[-82.794,40.996],[-82.795,40.996],[-82.796,40.996],[-82.799,40.996],[-82.8,40.996],[-82.802,40.996],[-82.803,40.996],[-82.806,40.996],[-82.809,40.996],[-82.811,40.996],[-82.814,40.996],[-82.815,40.996],[-82.817,40.996],[-82.82,40.996],[-82.821,40.996],[-82.824,40.997],[-82.828,40.997],[-82.829,40.997],[-82.829,40.997],[-82.829,40.997],[-82.83,40.997],[-82.83,41],[-82.83,41],[-82.83,41],[-82.83,41.002],[-82.83,41.003],[-82.83,41.004],[-82.83,41.006],[-82.83,41.008],[-82.83,41.008],[-82.83,41.009],[-82.83,41.011],[-82.83,41.017],[-82.83,41.019],[-82.83,41.023],[-82.831,41.03],[-82.831,41.033],[-82.831,41.038],[-82.831,41.045],[-82.831,41.049],[-82.832,41.065],[-82.832,41.066],[-82.832,41.066],[-82.832,41.066],[-82.832,41.068],[-82.832,41.07],[-82.832,41.07],[-82.832,41.072],[-82.832,41.077],[-82.833,41.078],[-82.833,41.081],[-82.833,41.082],[-82.833,41.083],[-82.833,41.084],[-82.833,41.086],[-82.833,41.087],[-82.833,41.089],[-82.833,41.091],[-82.833,41.095],[-82.833,41.098],[-82.834,41.102],[-82.834,41.104],[-82.834,41.106],[-82.834,41.107],[-82.834,41.109],[-82.834,41.112],[-82.834,41.115],[-82.834,41.117],[-82.835,41.132],[-82.835,41.139],[-82.835,41.144],[-82.836,41.146],[-82.836,41.151],[-82.836,41.153],[-82.836,41.153],[-82.836,41.162],[-82.836,41.166],[-82.836,41.167],[-82.837,41.17],[-82.837,41.174],[-82.837,41.175],[-82.837,41.181],[-82.837,41.183],[-82.837,41.184],[-82.837,41.185],[-82.837,41.186],[-82.837,41.187],[-82.837,41.189],[-82.837,41.19],[-82.837,41.19],[-82.837,41.19],[-82.837,41.192],[-82.838,41.194],[-82.838,41.199],[-82.838,41.202],[-82.838,41.207],[-82.838,41.211],[-82.838,41.212],[-82.838,41.215],[-82.839,41.216],[-82.839,41.219],[-82.839,41.223],[-82.839,41.225],[-82.839,41.226],[-82.839,41.227],[-82.839,41.233],[-82.839,41.236],[-82.839,41.238],[-82.84,41.239],[-82.84,41.242],[-82.84,41.246],[-82.84,41.249],[-82.84,41.25],[-82.84,41.252],[-82.84,41.253],[-82.84,41.254],[-82.84,41.255],[-82.84,41.256],[-82.84,41.257],[-82.84,41.258],[-82.84,41.258],[-82.84,41.259],[-82.84,41.261],[-82.84,41.262],[-82.84,41.262],[-82.84,41.263],[-82.84,41.263],[-82.84,41.263],[-82.84,41.264],[-82.84,41.265],[-82.84,41.265],[-82.84,41.265],[-82.84,41.266],[-82.841,41.266],[-82.841,41.267],[-82.841,41.267],[-82.841,41.268],[-82.841,41.268],[-82.841,41.27],[-82.841,41.27],[-82.841,41.27],[-82.841,41.27],[-82.841,41.27],[-82.841,41.27],[-82.841,41.271],[-82.841,41.271],[-82.841,41.271],[-82.841,41.271],[-82.841,41.272],[-82.841,41.273],[-82.841,41.274],[-82.841,41.275],[-82.841,41.275],[-82.841,41.275],[-82.841,41.275],[-82.841,41.276],[-82.841,41.278],[-82.841,41.279],[-82.841,41.279],[-82.841,41.28],[-82.841,41.28],[-82.841,41.281],[-82.841,41.281],[-82.841,41.282],[-82.841,41.282],[-82.841,41.282],[-82.841,41.282],[-82.841,41.283],[-82.841,41.283],[-82.841,41.284],[-82.841,41.284],[-82.841,41.285],[-82.841,41.285],[-82.841,41.286],[-82.841,41.286],[-82.841,41.287],[-82.841,41.288],[-82.841,41.288],[-82.841,41.289],[-82.841,41.289],[-82.841,41.289],[-82.841,41.289],[-82.841,41.29],[-82.836,41.29],[-82.831,41.29],[-82.827,41.29],[-82.825,41.29],[-82.824,41.29],[-82.824,41.29],[-82.824,41.29],[-82.824,41.29],[-82.824,41.29],[-82.823,41.29],[-82.814,41.289],[-82.804,41.289],[-82.796,41.289],[-82.794,41.289],[-82.791,41.289],[-82.788,41.289],[-82.783,41.289],[-82.778,41.289],[-82.776,41.289],[-82.772,41.288],[-82.769,41.288],[-82.755,41.288],[-82.75,41.288],[-82.747,41.288],[-82.743,41.288],[-82.742,41.288],[-82.741,41.288],[-82.737,41.288],[-82.728,41.288],[-82.727,41.288],[-82.723,41.288],[-82.712,41.287],[-82.699,41.287],[-82.697,41.287],[-82.695,41.287],[-82.693,41.287],[-82.692,41.287],[-82.69,41.287],[-82.683,41.287],[-82.681,41.287],[-82.68,41.287],[-82.678,41.287],[-82.677,41.287],[-82.674,41.287],[-82.673,41.287],[-82.669,41.287],[-82.666,41.287],[-82.661,41.287],[-82.655,41.287],[-82.649,41.287],[-82.648,41.287],[-82.644,41.287],[-82.643,41.286],[-82.643,41.286],[-82.643,41.286],[-82.642,41.286],[-82.635,41.287],[-82.635,41.287],[-82.618,41.286],[-82.616,41.286],[-82.613,41.286],[-82.612,41.286],[-82.607,41.286],[-82.606,41.286],[-82.596,41.286],[-82.594,41.286],[-82.59,41.286],[-82.586,41.286],[-82.579,41.286],[-82.577,41.286],[-82.575,41.286],[-82.572,41.286],[-82.562,41.286],[-82.554,41.286],[-82.552,41.286],[-82.551,41.286],[-82.549,41.286],[-82.548,41.286],[-82.542,41.286],[-82.54,41.286],[-82.535,41.286],[-82.516,41.285],[-82.511,41.285],[-82.51,41.285],[-82.51,41.285],[-82.509,41.285],[-82.508,41.285],[-82.505,41.285],[-82.492,41.285],[-82.492,41.285],[-82.485,41.285],[-82.481,41.285],[-82.481,41.285],[-82.474,41.284],[-82.472,41.284],[-82.471,41.284],[-82.469,41.284],[-82.467,41.284],[-82.466,41.284],[-82.462,41.284],[-82.456,41.284],[-82.451,41.284],[-82.449,41.284],[-82.443,41.284],[-82.443,41.284]]]},"properties":{"NAME":"Huron","GEOID":"39077"}},{"type":"Feature","geometry":{"type":"Polygon","coordinates":[[[-83.71,41.522],[-83.709,41.524],[-83.703,41.529],[-83.7,41.534],[-83.694,41.539],[-83.685,41.544],[-83.683,41.545],[-83.683,41.545],[-83.675,41.548],[-83.662,41.552],[-83.655,41.555],[-83.652,41.556],[-83.65,41.557],[-83.645,41.561],[-83.636,41.56],[-83.626,41.57],[-83.623,41.57],[-83.618,41.57],[-83.608,41.578],[-83.606,41.58],[-83.606,41.581],[-83.603,41.583],[-83.6,41.587],[-83.6,41.587],[-83.593,41.593],[-83.592,41.594],[-83.585,41.604],[-83.576,41.613],[-83.564,41.618],[-83.563,41.618],[-83.56,41.618],[-83.55,41.618],[-83.548,41.618],[-83.544,41.618],[-83.542,41.618],[-83.541,41.618],[-83.539,41.618],[-83.539,41.618],[-83.538,41.618],[-83.538,41.618],[-83.537,41.618],[-83.537,41.618],[-83.536,41.618],[-83.533,41.618],[-83.532,41.618],[-83.53,41.618],[-83.529,41.618],[-83.526,41.618],[-83.525,41.618],[-83.525,41.618],[-83.524,41.618],[-83.522,41.618],[-83.522,41.618],[-83.521,41.618],[-83.519,41.618],[-83.518,41.618],[-83.517,41.618],[-83.516,41.618],[-83.513,41.618],[-83.506,41.618],[-83.501,41.618],[-83.496,41.618],[-83.492,41.618],[-83.492,41.618],[-83.491,41.618],[-83.49,41.618],[-83.489,41.618],[-83.486,41.618],[-83.479,41.618],[-83.477,41.618],[-83.477,41.618],[-83.477,41.618],[-83.458,41.619],[-83.428,41.619],[-83.416,41.617],[-83.416,41.616],[-83.416,41.61],[-83.416,41.604],[-83.416,41.598],[-83.416,41.596],[-83.416,41.594],[-83.416,41.59],[-83.416,41.587],[-83.415,41.583],[-83.415,41.576],[-83.415,41.573],[-83.415,41.569],[-83.415,41.568],[-83.415,41.566],[-83.415,41.562],[-83.415,41.559],[-83.415,41.559],[-83.415,41.558],[-83.415,41.558],[-83.415,41.554],[-83.415,41.552],[-83.415,41.55],[-83.415,41.546],[-83.415,41.544],[-83.415,41.539],[-83.415,41.531],[-83.415,41.529],[-83.415,41.521],[-83.415,41.515],[-83.415,41.512],[-83.415,41.51],[-83.415,41.507],[-83.415,41.501],[-83.415,41.5],[-83.415,41.497],[-83.415,41.494],[-83.415,41.493],[-83.415,41.491],[-83.415,41.485],[-83.415,41.485],[-83.415,41.482],[-83.415,41.48],[-83.415,41.479],[-83.415,41.477],[-83.415,41.475],[-83.415,41.472],[-83.415,41.467],[-83.415,41.463],[-83.415,41.456],[-83.415,41.452],[-83.415,41.449],[-83.415,41.449],[-83.415,41.443],[-83.415,41.441],[-83.415,41.441],[-83.415,41.441],[-83.415,41.44],[-83.415,41.438],[-83.415,41.43],[-83.415,41.429],[-83.415,41.428],[-83.415,41.428],[-83.416,41.422],[-83.416,41.421],[-83.416,41.414],[-83.416,41.407],[-83.416,41.399],[-83.416,41.399],[-83.416,41.389],[-83.416,41.388],[-83.416,41.385],[-83.417,41.368],[-83.417,41.364],[-83.417,41.356],[-83.417,41.345],[-83.417,41.342],[-83.417,41.34],[-83.417,41.339],[-83.417,41.337],[-83.417,41.336],[-83.418,41.329],[-83.418,41.325],[-83.418,41.323],[-83.418,41.32],[-83.418,41.319],[-83.418,41.313],[-83.418,41.312],[-83.418,41.306],[-83.418,41.303],[-83.419,41.298],[-83.419,41.297],[-83.419,41.29],[-83.419,41.285],[-83.419,41.283],[-83.419,41.279],[-83.419,41.272],[-83.419,41.271],[-83.419,41.269],[-83.419,41.269],[-83.419,41.267],[-83.419,41.266],[-83.42,41.265],[-83.42,41.261],[-83.42,41.259],[-83.42,41.259],[-83.42,41.247],[-83.42,41.239],[-83.42,41.233],[-83.42,41.232],[-83.42,41.225],[-83.42,41.222],[-83.42,41.218],[-83.42,41.215],[-83.421,41.203],[-83.421,41.197],[-83.421,41.19],[-83.421,41.187],[-83.421,41.186],[-83.421,41.182],[-83.421,41.181],[-83.421,41.18],[-83.421,41.177],[-83.421,41.176],[-83.421,41.175],[-83.421,41.175],[-83.421,41.174],[-83.421,41.173],[-83.421,41.173],[-83.421,41.172],[-83.421,41.171],[-83.421,41.171],[-83.421,41.17],[-83.421,41.167],[-83.422,41.167],[-83.422,41.167],[-83.422,41.167],[-83.422,41.167],[-83.423,41.167],[-83.423,41.167],[-83.424,41.167],[-83.426,41.167],[-83.435,41.167],[-83.435,41.167],[-83.436,41.167],[-83.436,41.167],[-83.44,41.167],[-83.443,41.167],[-83.444,41.167],[-83.451,41.167],[-83.465,41.166],[-83.479,41.166],[-83.5,41.166],[-83.503,41.166],[-83.528,41.166],[-83.55,41.166],[-83.555,41.167],[-83.556,41.167],[-83.559,41.167],[-83.559,41.167],[-83.56,41.167],[-83.561,41.167],[-83.564,41.167],[-83.564,41.167],[-83.574,41.167],[-83.583,41.167],[-83.593,41.167],[-83.612,41.167],[-83.626,41.168],[-83.636,41.168],[-83.647,41.168],[-83.648,41.168],[-83.649,41.168],[-83.65,41.168],[-83.65,41.168],[-83.654,41.168],[-83.669,41.168],[-83.678,41.168],[-83.679,41.168],[-83.689,41.168],[-83.689,41.168],[-83.694,41.168],[-83.698,41.168],[-83.699,41.168],[-83.699,41.168],[-83.705,41.168],[-83.726,41.168],[-83.727,41.169],[-83.727,41.169],[-83.729,41.169],[-83.736,41.168],[-83.736,41.168],[-83.737,41.168],[-83.737,41.168],[-83.738,41.168],[-83.746,41.168],[-83.746,41.168],[-83.746,41.168],[-83.747,41.168],[-83.747,41.168],[-83.75,41.168],[-83.754,41.168],[-83.759,41.168],[-83.764,41.168],[-83.765,41.168],[-83.769,41.168],[-83.769,41.168],[-83.77,41.168],[-83.776,41.168],[-83.783,41.168],[-83.785,41.168],[-83.792,41.168],[-83.799,41.168],[-83.804,41.168],[-83.809,41.168],[-83.81,41.168],[-83.81,41.168],[-83.823,41.168],[-83.828,41.168],[-83.829,41.168],[-83.832,41.168],[-83.832,41.168],[-83.833,41.168],[-83.834,41.168],[-83.838,41.168],[-83.842,41.168],[-83.851,41.168],[-83.852,41.168],[-83.859,41.168],[-83.866,41.168],[-83.868,41.168],[-83.869,41.168],[-83.87,41.168],[-83.87,41.168],[-83.874,41.168],[-83.876,41.168],[-83.881,41.168],[-83.881,41.17],[-83.881,41.17],[-83.881,41.173],[-83.881,41.175],[-83.881,41.175],[-83.881,41.176],[-83.881,41.176],[-83.881,41.179],[-83.881,41.181],[-83.881,41.181],[-83.881,41.181],[-83.881,41.182],[-83.881,41.183],[-83.881,41.188],[-83.881,41.19],[-83.882,41.193],[-83.882,41.194],[-83.882,41.194],[-83.882,41.195],[-83.882,41.202],[-83.882,41.203],[-83.882,41.204],[-83.882,41.208],[-83.882,41.212],[-83.882,41.215],[-83.882,41.215],[-83.882,41.216],[-83.882,41.226],[-83.882,41.232],[-83.882,41.232],[-83.882,41.232],[-83.882,41.233],[-83.882,41.237],[-83.882,41.241],[-83.882,41.247],[-83.882,41.254],[-83.882,41.256],[-83.882,41.257],[-83.882,41.261],[-83.882,41.261],[-83.882,41.262],[-83.882,41.265],[-83.882,41.266],[-83.882,41.266],[-83.882,41.27],[-83.883,41.271],[-83.883,41.271],[-83.883,41.271],[-83.883,41.277],[-83.883,41.279],[-83.883,41.284],[-83.883,41.284],[-83.883,41.284],[-83.883,41.286],[-83.883,41.288],[-83.883,41.289],[-83.883,41.291],[-83.883,41.294],[-83.883,41.294],[-83.883,41.296],[-83.883,41.297],[-83.883,41.299],[-83.883,41.3],[-83.883,41.301],[-83.883,41.307],[-83.883,41.31],[-83.883,41.312],[-83.883,41.312],[-83.883,41.313],[-83.883,41.314],[-83.883,41.316],[-83.883,41.317],[-83.883,41.317],[-83.883,41.318],[-83.883,41.322],[-83.883,41.328],[-83.883,41.335],[-83.884,41.343],[-83.884,41.345],[-83.884,41.345],[-83.884,41.348],[-83.884,41.353],[-83.884,41.357],[-83.883,41.361],[-83.883,41.362],[-83.883,41.367],[-83.883,41.371],[-83.883,41.372],[-83.883,41.373],[-83.883,41.377],[-83.883,41.379],[-83.883,41.382],[-83.883,41.385],[-83.883,41.388],[-83.883,41.389],[-83.883,41.398],[-83.883,41.401],[-83.883,41.401],[-83.883,41.401],[-83.883,41.402],[-83.883,41.402],[-83.883,41.402],[-83.883,41.403],[-83.883,41.403],[-83.883,41.404],[-83.883,41.405],[-83.883,41.405],[-83.883,41.405],[-83.883,41.406],[-83.883,41.407],[-83.883,41.408],[-83.883,41.409],[-83.883,41.409],[-83.883,41.41],[-83.881,41.414],[-83.876,41.416],[-83.873,41.416],[-83.87,41.416],[-83.866,41.415],[-83.863,41.414],[-83.862,41.414],[-83.861,41.414],[-83.861,41.414],[-83.861,41.414],[-83.854,41.414],[-83.852,41.417],[-83.85,41.421],[-83.847,41.424],[-83.841,41.426],[-83.832,41.429],[-83.827,41.43],[-83.822,41.431],[-83.82,41.432],[-83.816,41.433],[-83.814,41.434],[-83.81,41.436],[-83.808,41.437],[-83.797,41.442],[-83.784,41.448],[-83.781,41.45],[-83.78,41.451],[-83.779,41.452],[-83.779,41.453],[-83.78,41.458],[-83.78,41.459],[-83.78,41.46],[-83.779,41.461],[-83.778,41.462],[-83.778,41.462],[-83.777,41.463],[-83.776,41.463],[-83.776,41.463],[-83.774,41.464],[-83.773,41.464],[-83.772,41.464],[-83.77,41.463],[-83.767,41.463],[-83.766,41.462],[-83.765,41.462],[-83.762,41.463],[-83.757,41.462],[-83.752,41.464],[-83.749,41.465],[-83.748,41.466],[-83.747,41.466],[-83.746,41.467],[-83.742,41.474],[-83.739,41.48],[-83.735,41.483],[-83.731,41.485],[-83.727,41.486],[-83.72,41.487],[-83.714,41.492],[-83.712,41.494],[-83.713,41.498],[-83.714,41.5],[-83.711,41.506],[-83.711,41.514],[-83.71,41.521],[-83.71,41.522]]]},"properties":{"NAME":"Wood","GEOID":"39173"}},{"type":"Feature","geometry":{"type":"Polygon","coordinates":[[[-83.997,41.167],[-83.998,41.167],[-84,41.167],[-84.003,41.167],[-84.003,41.167],[-84.003,41.167],[-84.003,41.167],[-84.003,41.167],[-84.006,41.167],[-84.008,41.167],[-84.015,41.167],[-84.017,41.167],[-84.02,41.167],[-84.026,41.167],[-84.029,41.167],[-84.029,41.167],[-84.031,41.167],[-84.033,41.167],[-84.036,41.167],[-84.039,41.167],[-84.041,41.167],[-84.042,41.167],[-84.044,41.167],[-84.045,41.167],[-84.045,41.167],[-84.047,41.167],[-84.048,41.167],[-84.05,41.167],[-84.051,41.167],[-84.053,41.167],[-84.054,41.167],[-84.055,41.167],[-84.057,41.167],[-84.059,41.167],[-84.061,41.167],[-84.063,41.167],[-84.065,41.167],[-84.067,41.167],[-84.068,41.167],[-84.07,41.167],[-84.072,41.167],[-84.074,41.167],[-84.076,41.167],[-84.078,41.167],[-84.08,41.167],[-84.082,41.167],[-84.084,41.167],[-84.085,41.167],[-84.088,41.167],[-84.09,41.167],[-84.092,41.167],[-84.094,41.166],[-84.096,41.166],[-84.098,41.166],[-84.1,41.166],[-84.102,41.166],[-84.104,41.166],[-84.107,41.166],[-84.108,41.166],[-84.111,41.166],[-84.112,41.166],[-84.113,41.167],[-84.115,41.167],[-84.119,41.166],[-84.122,41.166],[-84.123,41.166],[-84.124,41.166],[-84.127,41.166],[-84.128,41.166],[-84.13,41.166],[-84.131,41.166],[-84.141,41.166],[-84.156,41.166],[-84.156,41.166],[-84.158,41.166],[-84.161,41.166],[-84.162,41.166],[-84.164,41.166],[-84.166,41.166],[-84.168,41.166],[-84.17,41.166],[-84.171,41.166],[-84.184,41.166],[-84.194,41.166],[-84.197,41.166],[-84.2,41.166],[-84.203,41.166],[-84.204,41.166],[-84.205,41.166],[-84.208,41.166],[-84.211,41.166],[-84.214,41.166],[-84.216,41.166],[-84.219,41.166],[-84.221,41.166],[-84.223,41.166],[-84.225,41.166],[-84.228,41.166],[-84.228,41.17],[-84.228,41.173],[-84.228,41.175],[-84.228,41.178],[-84.228,41.179],[-84.228,41.181],[-84.228,41.185],[-84.228,41.188],[-84.228,41.19],[-84.228,41.194],[-84.228,41.196],[-84.228,41.197],[-84.228,41.2],[-84.228,41.205],[-84.228,41.208],[-84.228,41.214],[-84.228,41.216],[-84.228,41.217],[-84.228,41.218],[-84.228,41.22],[-84.228,41.221],[-84.228,41.222],[-84.228,41.223],[-84.228,41.225],[-84.228,41.225],[-84.228,41.226],[-84.228,41.227],[-84.228,41.228],[-84.228,41.229],[-84.228,41.23],[-84.228,41.231],[-84.228,41.232],[-84.228,41.233],[-84.228,41.235],[-84.228,41.235],[-84.228,41.236],[-84.228,41.237],[-84.228,41.238],[-84.228,41.24],[-84.228,41.241],[-84.228,41.242],[-84.228,41.243],[-84.228,41.244],[-84.228,41.245],[-84.228,41.246],[-84.228,41.246],[-84.228,41.248],[-84.228,41.249],[-84.227,41.25],[-84.227,41.251],[-84.227,41.252],[-84.227,41.252],[-84.227,41.253],[-84.227,41.255],[-84.227,41.256],[-84.227,41.257],[-84.227,41.258],[-84.227,41.259],[-84.227,41.26],[-84.227,41.261],[-84.227,41.262],[-84.227,41.263],[-84.227,41.264],[-84.227,41.265],[-84.227,41.265],[-84.227,41.266],[-84.227,41.267],[-84.227,41.267],[-84.227,41.268],[-84.227,41.275],[-84.227,41.276],[-84.227,41.283],[-84.227,41.284],[-84.227,41.285],[-84.227,41.287],[-84.227,41.288],[-84.227,41.288],[-84.227,41.289],[-84.227,41.291],[-84.227,41.294],[-84.227,41.296],[-84.228,41.298],[-84.227,41.3],[-84.227,41.302],[-84.227,41.303],[-84.227,41.304],[-84.227,41.305],[-84.227,41.312],[-84.227,41.313],[-84.227,41.318],[-84.227,41.326],[-84.227,41.328],[-84.227,41.329],[-84.227,41.33],[-84.227,41.331],[-84.227,41.332],[-84.227,41.334],[-84.227,41.336],[-84.227,41.338],[-84.227,41.34],[-84.227,41.346],[-84.227,41.348],[-84.227,41.35],[-84.227,41.351],[-84.227,41.352],[-84.227,41.353],[-84.228,41.355],[-84.228,41.357],[-84.228,41.358],[-84.228,41.359],[-84.228,41.36],[-84.228,41.363],[-84.228,41.367],[-84.228,41.369],[-84.228,41.371],[-84.228,41.373],[-84.228,41.375],[-84.228,41.383],[-84.228,41.391],[-84.228,41.397],[-84.228,41.401],[-84.228,41.406],[-84.228,41.408],[-84.228,41.413],[-84.228,41.42],[-84.228,41.426],[-84.242,41.428],[-84.244,41.428],[-84.248,41.428],[-84.25,41.428],[-84.254,41.428],[-84.257,41.428],[-84.26,41.428],[-84.261,41.428],[-84.263,41.428],[-84.265,41.428],[-84.266,41.428],[-84.267,41.428],[-84.268,41.428],[-84.269,41.428],[-84.271,41.428],[-84.276,41.428],[-84.284,41.428],[-84.286,41.428],[-84.292,41.428],[-84.301,41.428],[-84.303,41.428],[-84.304,41.428],[-84.306,41.428],[-84.308,41.428],[-84.318,41.428],[-84.322,41.428],[-84.326,41.428],[-84.339,41.428],[-84.342,41.429],[-84.342,41.43],[-84.342,41.432],[-84.342,41.432],[-84.342,41.435],[-84.342,41.436],[-84.342,41.437],[-84.342,41.438],[-84.342,41.439],[-84.342,41.44],[-84.342,41.441],[-84.342,41.442],[-84.342,41.448],[-84.342,41.452],[-84.342,41.453],[-84.342,41.457],[-84.342,41.46],[-84.342,41.462],[-84.342,41.463],[-84.342,41.467],[-84.342,41.472],[-84.342,41.473],[-84.342,41.473],[-84.342,41.475],[-84.342,41.475],[-84.342,41.476],[-84.342,41.476],[-84.342,41.477],[-84.342,41.478],[-84.342,41.478],[-84.342,41.479],[-84.342,41.479],[-84.342,41.48],[-84.342,41.481],[-84.342,41.481],[-84.342,41.482],[-84.342,41.483],[-84.342,41.483],[-84.342,41.484],[-84.342,41.484],[-84.342,41.485],[-84.34,41.486],[-84.34,41.486],[-84.339,41.486],[-84.339,41.486],[-84.339,41.486],[-84.338,41.486],[-84.337,41.486],[-84.336,41.486],[-84.335,41.486],[-84.333,41.486],[-84.333,41.486],[-84.331,41.486],[-84.33,41.486],[-84.328,41.486],[-84.326,41.486],[-84.325,41.486],[-84.324,41.486],[-84.322,41.486],[-84.319,41.486],[-84.317,41.486],[-84.316,41.486],[-84.314,41.486],[-84.313,41.486],[-84.312,41.486],[-84.31,41.486],[-84.308,41.486],[-84.308,41.486],[-84.307,41.486],[-84.306,41.486],[-84.305,41.486],[-84.304,41.486],[-84.303,41.486],[-84.302,41.486],[-84.301,41.486],[-84.299,41.486],[-84.299,41.486],[-84.297,41.486],[-84.296,41.486],[-84.295,41.486],[-84.293,41.486],[-84.291,41.486],[-84.29,41.486],[-84.288,41.486],[-84.286,41.486],[-84.285,41.486],[-84.282,41.486],[-84.282,41.486],[-84.279,41.486],[-84.277,41.486],[-84.275,41.486],[-84.273,41.486],[-84.271,41.486],[-84.268,41.486],[-84.266,41.486],[-84.264,41.486],[-84.262,41.486],[-84.26,41.486],[-84.258,41.486],[-84.249,41.486],[-84.247,41.486],[-84.244,41.486],[-84.242,41.486],[-84.24,41.486],[-84.237,41.486],[-84.235,41.486],[-84.232,41.486],[-84.229,41.486],[-84.227,41.486],[-84.225,41.486],[-84.225,41.486],[-84.224,41.486],[-84.221,41.486],[-84.22,41.486],[-84.218,41.486],[-84.217,41.486],[-84.216,41.486],[-84.215,41.486],[-84.213,41.486],[-84.212,41.486],[-84.211,41.486],[-84.21,41.486],[-84.209,41.486],[-84.203,41.486],[-84.199,41.486],[-84.195,41.486],[-84.187,41.486],[-84.173,41.486],[-84.17,41.486],[-84.166,41.486],[-84.164,41.486],[-84.159,41.486],[-84.154,41.486],[-84.149,41.486],[-84.146,41.486],[-84.144,41.486],[-84.143,41.486],[-84.141,41.486],[-84.129,41.486],[-84.125,41.486],[-84.122,41.486],[-84.115,41.486],[-84.113,41.486],[-84.095,41.486],[-84.091,41.486],[-84.089,41.486],[-84.086,41.486],[-84.083,41.486],[-84.081,41.486],[-84.077,41.486],[-84.075,41.486],[-84.072,41.486],[-84.069,41.486],[-84.065,41.486],[-84.06,41.486],[-84.055,41.486],[-84.051,41.486],[-84.047,41.486],[-84.043,41.487],[-84.037,41.487],[-84.032,41.487],[-84.029,41.487],[-84.026,41.487],[-84.023,41.487],[-84.022,41.487],[-84.02,41.487],[-84.019,41.487],[-84.017,41.487],[-84.014,41.487],[-84.012,41.487],[-84.009,41.487],[-84.008,41.487],[-84.008,41.487],[-84.006,41.487],[-84.006,41.487],[-84.003,41.487],[-84,41.487],[-83.997,41.487],[-83.993,41.487],[-83.99,41.487],[-83.988,41.487],[-83.983,41.487],[-83.981,41.487],[-83.98,41.487],[-83.979,41.487],[-83.977,41.487],[-83.976,41.487],[-83.975,41.487],[-83.973,41.487],[-83.971,41.487],[-83.97,41.487],[-83.967,41.487],[-83.966,41.487],[-83.964,41.487],[-83.963,41.487],[-83.961,41.487],[-83.96,41.487],[-83.959,41.487],[-83.957,41.487],[-83.955,41.487],[-83.954,41.487],[-83.952,41.487],[-83.951,41.487],[-83.95,41.487],[-83.948,41.487],[-83.945,41.487],[-83.943,41.487],[-83.943,41.487],[-83.942,41.487],[-83.938,41.487],[-83.937,41.487],[-83.936,41.487],[-83.936,41.487],[-83.935,41.487],[-83.933,41.487],[-83.932,41.487],[-83.93,41.487],[-83.929,41.487],[-83.927,41.487],[-83.925,41.487],[-83.924,41.487],[-83.921,41.487],[-83.919,41.487],[-83.917,41.487],[-83.915,41.487],[-83.914,41.487],[-83.913,41.487],[-83.912,41.487],[-83.907,41.487],[-83.897,41.487],[-83.896,41.487],[-83.893,41.487],[-83.891,41.487],[-83.887,41.488],[-83.886,41.488],[-83.886,41.488],[-83.885,41.488],[-83.884,41.488],[-83.883,41.486],[-83.883,41.484],[-83.883,41.48],[-83.883,41.479],[-83.883,41.476],[-83.883,41.463],[-83.883,41.458],[-83.883,41.457],[-83.883,41.455],[-83.883,41.453],[-83.883,41.451],[-83.883,41.451],[-83.883,41.45],[-83.883,41.446],[-83.883,41.444],[-83.883,41.441],[-83.883,41.438],[-83.883,41.432],[-83.883,41.43],[-83.883,41.424],[-83.883,41.423],[-83.883,41.419],[-83.883,41.417],[-83.883,41.415],[-83.883,41.41],[-83.883,41.409],[-83.883,41.408],[-83.883,41.408],[-83.883,41.407],[-83.883,41.406],[-83.883,41.405],[-83.883,41.405],[-83.883,41.405],[-83.883,41.404],[-83.883,41.403],[-83.883,41.403],[-83.883,41.402],[-83.883,41.402],[-83.883,41.402],[-83.883,41.401],[-83.883,41.401],[-83.883,41.4],[-83.883,41.392],[-83.883,41.389],[-83.883,41.386],[-83.883,41.385],[-83.883,41.381],[-83.883,41.379],[-83.883,41.374],[-83.883,41.373],[-83.883,41.372],[-83.883,41.369],[-83.883,41.367],[-83.883,41.362],[-83.883,41.358],[-83.884,41.357],[-83.884,41.353],[-83.884,41.345],[-83.884,41.345],[-83.884,41.345],[-83.884,41.343],[-83.883,41.334],[-83.883,41.328],[-83.883,41.318],[-83.883,41.318],[-83.883,41.317],[-83.883,41.317],[-83.883,41.315],[-83.883,41.314],[-83.883,41.313],[-83.883,41.312],[-83.883,41.312],[-83.883,41.309],[-83.883,41.305],[-83.883,41.301],[-83.883,41.299],[-83.883,41.297],[-83.883,41.296],[-83.883,41.296],[-83.883,41.294],[-83.883,41.293],[-83.883,41.291],[-83.883,41.288],[-83.883,41.287],[-83.883,41.285],[-83.883,41.284],[-83.883,41.284],[-83.883,41.284],[-83.883,41.279],[-83.883,41.277],[-83.883,41.271],[-83.883,41.271],[-83.882,41.27],[-83.882,41.27],[-83.882,41.266],[-83.882,41.265],[-83.882,41.263],[-83.882,41.261],[-83.882,41.261],[-83.882,41.261],[-83.882,41.256],[-83.882,41.256],[-83.882,41.253],[-83.882,41.246],[-83.882,41.24],[-83.882,41.236],[-83.882,41.232],[-83.882,41.232],[-83.882,41.232],[-83.882,41.228],[-83.882,41.224],[-83.882,41.216],[-83.882,41.215],[-83.882,41.214],[-83.882,41.211],[-83.882,41.206],[-83.882,41.204],[-83.882,41.203],[-83.882,41.197],[-83.882,41.195],[-83.882,41.194],[-83.882,41.193],[-83.882,41.193],[-83.881,41.19],[-83.881,41.187],[-83.881,41.183],[-83.881,41.182],[-83.881,41.181],[-83.881,41.181],[-83.881,41.181],[-83.881,41.178],[-83.881,41.176],[-83.881,41.176],[-83.881,41.175],[-83.881,41.175],[-83.881,41.173],[-83.881,41.17],[-83.881,41.169],[-83.888,41.168],[-83.889,41.168],[-83.891,41.168],[-83.894,41.168],[-83.897,41.168],[-83.899,41.168],[-83.9,41.168],[-83.901,41.168],[-83.904,41.168],[-83.906,41.168],[-83.909,41.168],[-83.911,41.168],[-83.913,41.168],[-83.915,41.168],[-83.916,41.168],[-83.917,41.168],[-83.919,41.168],[-83.92,41.168],[-83.923,41.167],[-83.926,41.167],[-83.93,41.167],[-83.932,41.167],[-83.933,41.167],[-83.936,41.167],[-83.939,41.167],[-83.94,41.167],[-83.941,41.167],[-83.943,41.167],[-83.945,41.167],[-83.947,41.167],[-83.949,41.167],[-83.952,41.167],[-83.953,41.167],[-83.954,41.167],[-83.959,41.167],[-83.963,41.167],[-83.965,41.167],[-83.967,41.167],[-83.968,41.167],[-83.969,41.167],[-83.97,41.167],[-83.974,41.167],[-83.977,41.167],[-83.978,41.167],[-83.98,41.167],[-83.981,41.167],[-83.985,41.167],[-83.996,41.167],[-83.997,41.167]]]},"properties":{"NAME":"Henry","GEOID":"39069"}},{"type":"Feature","geometry":{"type":"Polygon","coordinates":[[[-82.265,38.597],[-82.269,38.596],[-82.27,38.596],[-82.271,38.595],[-82.272,38.595],[-82.273,38.594],[-82.274,38.594],[-82.276,38.593],[-82.277,38.592],[-82.277,38.591],[-82.278,38.59],[-82.279,38.589],[-82.28,38.588],[-82.28,38.588],[-82.281,38.587],[-82.282,38.586],[-82.283,38.585],[-82.284,38.585],[-82.285,38.584],[-82.286,38.584],[-82.287,38.583],[-82.289,38.583],[-82.293,38.583],[-82.301,38.583],[-82.309,38.583],[-82.336,38.584],[-82.358,38.585],[-82.361,38.589],[-82.361,38.597],[-82.36,38.612],[-82.359,38.614],[-82.359,38.614],[-82.359,38.617],[-82.359,38.62],[-82.359,38.624],[-82.358,38.631],[-82.357,38.639],[-82.357,38.647],[-82.356,38.661],[-82.355,38.675],[-82.367,38.677],[-82.375,38.677],[-82.393,38.678],[-82.409,38.679],[-82.425,38.68],[-82.434,38.68],[-82.442,38.681],[-82.453,38.681],[-82.469,38.682],[-82.472,38.682],[-82.472,38.688],[-82.471,38.695],[-82.471,38.696],[-82.471,38.7],[-82.471,38.703],[-82.47,38.712],[-82.468,38.724],[-82.467,38.74],[-82.467,38.741],[-82.487,38.743],[-82.486,38.75],[-82.486,38.751],[-82.485,38.754],[-82.485,38.759],[-82.484,38.77],[-82.484,38.772],[-82.486,38.772],[-82.509,38.774],[-82.524,38.775],[-82.533,38.776],[-82.55,38.777],[-82.563,38.778],[-82.567,38.778],[-82.581,38.779],[-82.583,38.78],[-82.582,38.785],[-82.58,38.804],[-82.579,38.817],[-82.577,38.827],[-82.577,38.83],[-82.575,38.849],[-82.573,38.853],[-82.554,38.852],[-82.53,38.851],[-82.523,38.85],[-82.504,38.849],[-82.497,38.848],[-82.484,38.847],[-82.474,38.847],[-82.468,38.846],[-82.464,38.846],[-82.458,38.845],[-82.455,38.845],[-82.454,38.852],[-82.454,38.857],[-82.453,38.863],[-82.452,38.869],[-82.451,38.881],[-82.449,38.896],[-82.449,38.897],[-82.449,38.898],[-82.449,38.898],[-82.449,38.9],[-82.449,38.9],[-82.449,38.902],[-82.448,38.908],[-82.447,38.918],[-82.445,38.934],[-82.444,38.943],[-82.444,38.947],[-82.444,38.947],[-82.443,38.95],[-82.442,38.961],[-82.44,38.976],[-82.439,38.987],[-82.439,38.996],[-82.438,38.999],[-82.438,39.006],[-82.438,39.008],[-82.438,39.008],[-82.438,39.009],[-82.437,39.009],[-82.437,39.015],[-82.436,39.03],[-82.436,39.032],[-82.432,39.035],[-82.425,39.034],[-82.415,39.034],[-82.401,39.033],[-82.389,39.032],[-82.38,39.032],[-82.368,39.031],[-82.355,39.03],[-82.355,39.03],[-82.337,39.029],[-82.334,39.028],[-82.331,39.028],[-82.323,39.025],[-82.324,39.015],[-82.324,39.013],[-82.321,39.013],[-82.32,39.013],[-82.318,39.013],[-82.317,39.013],[-82.315,39.013],[-82.314,39.013],[-82.313,39.013],[-82.311,39.013],[-82.31,39.013],[-82.293,39.012],[-82.29,39.012],[-82.28,39.011],[-82.272,39.011],[-82.268,39.01],[-82.246,39.01],[-82.23,39.009],[-82.217,39.008],[-82.215,39.008],[-82.209,39.008],[-82.202,39.008],[-82.196,39.007],[-82.194,39.007],[-82.183,39.007],[-82.145,39.005],[-82.127,39.004],[-82.12,39.004],[-82.114,39.004],[-82.098,39.003],[-82.096,38.999],[-82.097,38.99],[-82.097,38.989],[-82.097,38.982],[-82.098,38.968],[-82.099,38.965],[-82.099,38.964],[-82.099,38.963],[-82.099,38.959],[-82.099,38.958],[-82.099,38.958],[-82.1,38.957],[-82.1,38.956],[-82.101,38.955],[-82.102,38.954],[-82.103,38.953],[-82.104,38.952],[-82.105,38.951],[-82.106,38.949],[-82.107,38.948],[-82.108,38.947],[-82.109,38.946],[-82.109,38.945],[-82.109,38.944],[-82.11,38.943],[-82.11,38.942],[-82.111,38.941],[-82.111,38.94],[-82.111,38.939],[-82.111,38.938],[-82.111,38.937],[-82.111,38.936],[-82.111,38.936],[-82.111,38.935],[-82.111,38.934],[-82.112,38.933],[-82.112,38.932],[-82.112,38.932],[-82.112,38.932],[-82.111,38.936],[-82.111,38.937],[-82.112,38.936],[-82.112,38.934],[-82.112,38.933],[-82.113,38.933],[-82.113,38.932],[-82.113,38.932],[-82.113,38.931],[-82.114,38.93],[-82.114,38.929],[-82.116,38.927],[-82.116,38.927],[-82.117,38.926],[-82.118,38.925],[-82.119,38.924],[-82.119,38.923],[-82.12,38.922],[-82.121,38.921],[-82.121,38.92],[-82.122,38.92],[-82.123,38.919],[-82.123,38.918],[-82.124,38.917],[-82.124,38.917],[-82.125,38.915],[-82.125,38.915],[-82.125,38.915],[-82.126,38.914],[-82.126,38.914],[-82.126,38.913],[-82.127,38.912],[-82.129,38.91],[-82.129,38.91],[-82.129,38.909],[-82.129,38.908],[-82.129,38.908],[-82.13,38.908],[-82.13,38.907],[-82.13,38.908],[-82.13,38.908],[-82.13,38.908],[-82.13,38.908],[-82.13,38.908],[-82.131,38.908],[-82.131,38.907],[-82.131,38.907],[-82.132,38.907],[-82.132,38.907],[-82.133,38.906],[-82.133,38.906],[-82.134,38.906],[-82.134,38.906],[-82.135,38.905],[-82.136,38.905],[-82.137,38.904],[-82.137,38.903],[-82.137,38.903],[-82.137,38.902],[-82.138,38.902],[-82.137,38.902],[-82.137,38.902],[-82.136,38.902],[-82.136,38.902],[-82.137,38.901],[-82.137,38.901],[-82.138,38.901],[-82.139,38.901],[-82.14,38.901],[-82.14,38.901],[-82.141,38.901],[-82.141,38.9],[-82.141,38.9],[-82.142,38.899],[-82.142,38.899],[-82.143,38.899],[-82.143,38.898],[-82.143,38.898],[-82.143,38.898],[-82.143,38.897],[-82.143,38.897],[-82.144,38.896],[-82.145,38.892],[-82.145,38.891],[-82.145,38.884],[-82.145,38.884],[-82.145,38.883],[-82.145,38.882],[-82.145,38.882],[-82.144,38.881],[-82.143,38.88],[-82.143,38.879],[-82.142,38.877],[-82.142,38.876],[-82.141,38.875],[-82.141,38.874],[-82.141,38.873],[-82.14,38.869],[-82.139,38.865],[-82.139,38.864],[-82.14,38.862],[-82.14,38.859],[-82.14,38.858],[-82.141,38.855],[-82.143,38.847],[-82.143,38.845],[-82.144,38.843],[-82.145,38.84],[-82.146,38.839],[-82.147,38.838],[-82.148,38.836],[-82.149,38.836],[-82.149,38.836],[-82.151,38.834],[-82.156,38.829],[-82.164,38.823],[-82.168,38.822],[-82.17,38.821],[-82.176,38.818],[-82.181,38.817],[-82.182,38.817],[-82.184,38.817],[-82.184,38.817],[-82.186,38.816],[-82.187,38.816],[-82.189,38.816],[-82.189,38.816],[-82.19,38.816],[-82.191,38.815],[-82.194,38.813],[-82.196,38.811],[-82.199,38.809],[-82.211,38.801],[-82.211,38.801],[-82.212,38.801],[-82.212,38.801],[-82.214,38.799],[-82.217,38.796],[-82.218,38.794],[-82.221,38.789],[-82.222,38.785],[-82.221,38.779],[-82.221,38.775],[-82.22,38.774],[-82.218,38.77],[-82.217,38.768],[-82.213,38.767],[-82.211,38.765],[-82.209,38.765],[-82.206,38.763],[-82.202,38.76],[-82.198,38.756],[-82.195,38.751],[-82.195,38.75],[-82.195,38.748],[-82.195,38.746],[-82.194,38.745],[-82.194,38.743],[-82.193,38.741],[-82.192,38.74],[-82.191,38.739],[-82.19,38.738],[-82.189,38.736],[-82.188,38.735],[-82.188,38.733],[-82.188,38.731],[-82.188,38.729],[-82.188,38.727],[-82.187,38.726],[-82.187,38.724],[-82.187,38.723],[-82.187,38.722],[-82.188,38.723],[-82.188,38.724],[-82.189,38.726],[-82.19,38.727],[-82.191,38.729],[-82.192,38.731],[-82.192,38.732],[-82.192,38.734],[-82.192,38.736],[-82.192,38.738],[-82.193,38.738],[-82.193,38.738],[-82.193,38.731],[-82.192,38.728],[-82.192,38.728],[-82.19,38.725],[-82.186,38.717],[-82.186,38.717],[-82.185,38.716],[-82.184,38.715],[-82.184,38.714],[-82.183,38.711],[-82.182,38.709],[-82.183,38.707],[-82.183,38.707],[-82.183,38.705],[-82.183,38.705],[-82.184,38.702],[-82.185,38.7],[-82.186,38.697],[-82.189,38.69],[-82.19,38.686],[-82.191,38.682],[-82.191,38.682],[-82.19,38.679],[-82.189,38.676],[-82.187,38.671],[-82.186,38.667],[-82.186,38.664],[-82.186,38.662],[-82.186,38.66],[-82.184,38.658],[-82.184,38.656],[-82.181,38.653],[-82.18,38.651],[-82.179,38.649],[-82.178,38.647],[-82.177,38.643],[-82.176,38.64],[-82.176,38.639],[-82.175,38.634],[-82.174,38.633],[-82.173,38.631],[-82.173,38.631],[-82.172,38.628],[-82.172,38.626],[-82.172,38.626],[-82.172,38.625],[-82.172,38.625],[-82.172,38.624],[-82.172,38.622],[-82.172,38.619],[-82.172,38.618],[-82.173,38.615],[-82.173,38.612],[-82.174,38.611],[-82.174,38.609],[-82.175,38.608],[-82.176,38.607],[-82.177,38.605],[-82.178,38.603],[-82.18,38.601],[-82.181,38.6],[-82.184,38.598],[-82.187,38.596],[-82.189,38.595],[-82.191,38.594],[-82.192,38.594],[-82.201,38.592],[-82.204,38.592],[-82.208,38.592],[-82.213,38.592],[-82.216,38.592],[-82.218,38.592],[-82.22,38.591],[-82.221,38.591],[-82.223,38.592],[-82.225,38.593],[-82.229,38.594],[-82.233,38.595],[-82.238,38.596],[-82.241,38.597],[-82.244,38.597],[-82.244,38.597],[-82.244,38.597],[-82.247,38.597],[-82.248,38.598],[-82.246,38.598],[-82.247,38.599],[-82.249,38.599],[-82.252,38.599],[-82.254,38.599],[-82.254,38.599],[-82.256,38.599],[-82.257,38.599],[-82.262,38.598],[-82.262,38.598],[-82.263,38.597],[-82.263,38.597],[-82.264,38.597],[-82.264,38.597],[-82.265,38.597],[-82.265,38.597]]]},"properties":{"NAME":"Gallia","GEOID":"39053"}},{"type":"Feature","geometry":{"type":"Polygon","coordinates":[[[-82.472,38.682],[-82.472,38.682],[-82.467,38.682],[-82.452,38.681],[-82.441,38.681],[-82.433,38.68],[-82.423,38.68],[-82.404,38.679],[-82.381,38.678],[-82.369,38.677],[-82.355,38.676],[-82.355,38.669],[-82.356,38.66],[-82.357,38.643],[-82.357,38.639],[-82.359,38.625],[-82.359,38.624],[-82.359,38.617],[-82.359,38.616],[-82.359,38.614],[-82.359,38.614],[-82.36,38.61],[-82.361,38.597],[-82.362,38.587],[-82.353,38.585],[-82.336,38.584],[-82.305,38.583],[-82.297,38.583],[-82.293,38.583],[-82.288,38.583],[-82.287,38.583],[-82.288,38.582],[-82.288,38.582],[-82.288,38.582],[-82.289,38.581],[-82.29,38.581],[-82.29,38.58],[-82.291,38.579],[-82.292,38.578],[-82.292,38.577],[-82.293,38.577],[-82.293,38.575],[-82.293,38.574],[-82.293,38.574],[-82.293,38.574],[-82.293,38.575],[-82.292,38.575],[-82.292,38.575],[-82.292,38.575],[-82.292,38.575],[-82.292,38.575],[-82.292,38.574],[-82.293,38.574],[-82.293,38.574],[-82.293,38.573],[-82.293,38.573],[-82.294,38.573],[-82.294,38.573],[-82.294,38.571],[-82.293,38.56],[-82.293,38.557],[-82.295,38.548],[-82.295,38.541],[-82.296,38.54],[-82.296,38.539],[-82.296,38.538],[-82.296,38.537],[-82.298,38.533],[-82.299,38.531],[-82.3,38.529],[-82.302,38.525],[-82.303,38.523],[-82.303,38.521],[-82.304,38.517],[-82.304,38.513],[-82.303,38.505],[-82.303,38.504],[-82.304,38.499],[-82.305,38.495],[-82.306,38.493],[-82.306,38.491],[-82.308,38.487],[-82.31,38.484],[-82.311,38.482],[-82.312,38.48],[-82.312,38.478],[-82.312,38.476],[-82.313,38.474],[-82.313,38.472],[-82.313,38.47],[-82.314,38.467],[-82.316,38.463],[-82.316,38.462],[-82.317,38.46],[-82.319,38.457],[-82.321,38.454],[-82.323,38.451],[-82.325,38.449],[-82.328,38.446],[-82.331,38.444],[-82.334,38.443],[-82.337,38.442],[-82.34,38.441],[-82.343,38.441],[-82.345,38.441],[-82.346,38.44],[-82.348,38.44],[-82.349,38.44],[-82.35,38.44],[-82.352,38.44],[-82.355,38.439],[-82.356,38.439],[-82.356,38.439],[-82.358,38.439],[-82.361,38.438],[-82.364,38.438],[-82.366,38.438],[-82.367,38.438],[-82.368,38.438],[-82.37,38.437],[-82.373,38.436],[-82.375,38.436],[-82.376,38.436],[-82.379,38.435],[-82.381,38.435],[-82.386,38.435],[-82.39,38.434],[-82.39,38.434],[-82.404,38.439],[-82.405,38.439],[-82.41,38.438],[-82.415,38.436],[-82.425,38.433],[-82.429,38.432],[-82.434,38.43],[-82.443,38.428],[-82.449,38.427],[-82.451,38.426],[-82.451,38.426],[-82.452,38.426],[-82.452,38.426],[-82.452,38.426],[-82.457,38.425],[-82.46,38.425],[-82.462,38.424],[-82.463,38.424],[-82.463,38.424],[-82.464,38.424],[-82.465,38.423],[-82.468,38.423],[-82.471,38.422],[-82.472,38.422],[-82.486,38.418],[-82.487,38.418],[-82.487,38.418],[-82.487,38.418],[-82.494,38.415],[-82.495,38.415],[-82.498,38.414],[-82.5,38.413],[-82.501,38.413],[-82.504,38.412],[-82.508,38.411],[-82.508,38.411],[-82.509,38.411],[-82.51,38.411],[-82.511,38.41],[-82.512,38.41],[-82.513,38.41],[-82.513,38.41],[-82.514,38.41],[-82.514,38.409],[-82.515,38.409],[-82.515,38.409],[-82.516,38.409],[-82.516,38.409],[-82.517,38.409],[-82.517,38.408],[-82.518,38.408],[-82.519,38.408],[-82.519,38.408],[-82.52,38.408],[-82.52,38.408],[-82.52,38.408],[-82.522,38.407],[-82.522,38.407],[-82.523,38.407],[-82.525,38.407],[-82.525,38.407],[-82.526,38.406],[-82.527,38.406],[-82.529,38.406],[-82.53,38.406],[-82.531,38.405],[-82.531,38.405],[-82.532,38.405],[-82.532,38.405],[-82.533,38.405],[-82.533,38.405],[-82.534,38.405],[-82.535,38.405],[-82.535,38.405],[-82.535,38.405],[-82.536,38.405],[-82.537,38.404],[-82.537,38.404],[-82.538,38.404],[-82.54,38.404],[-82.541,38.404],[-82.541,38.404],[-82.542,38.404],[-82.543,38.404],[-82.544,38.404],[-82.545,38.404],[-82.546,38.404],[-82.547,38.404],[-82.548,38.404],[-82.55,38.403],[-82.551,38.403],[-82.552,38.404],[-82.553,38.404],[-82.554,38.404],[-82.556,38.404],[-82.556,38.404],[-82.556,38.404],[-82.557,38.404],[-82.557,38.404],[-82.558,38.404],[-82.559,38.404],[-82.56,38.405],[-82.566,38.405],[-82.569,38.405],[-82.572,38.405],[-82.575,38.406],[-82.58,38.408],[-82.589,38.414],[-82.591,38.415],[-82.592,38.416],[-82.593,38.417],[-82.593,38.422],[-82.594,38.423],[-82.595,38.423],[-82.596,38.425],[-82.596,38.426],[-82.598,38.429],[-82.598,38.431],[-82.599,38.431],[-82.599,38.433],[-82.6,38.435],[-82.6,38.437],[-82.601,38.437],[-82.601,38.438],[-82.601,38.439],[-82.601,38.44],[-82.601,38.441],[-82.602,38.442],[-82.602,38.443],[-82.602,38.444],[-82.602,38.445],[-82.602,38.447],[-82.602,38.448],[-82.603,38.452],[-82.603,38.454],[-82.604,38.456],[-82.604,38.458],[-82.604,38.459],[-82.604,38.459],[-82.604,38.46],[-82.604,38.46],[-82.605,38.462],[-82.605,38.462],[-82.606,38.464],[-82.607,38.467],[-82.608,38.468],[-82.61,38.47],[-82.611,38.472],[-82.611,38.472],[-82.612,38.473],[-82.614,38.474],[-82.615,38.475],[-82.616,38.476],[-82.617,38.476],[-82.619,38.477],[-82.62,38.478],[-82.622,38.478],[-82.624,38.48],[-82.627,38.481],[-82.631,38.482],[-82.636,38.484],[-82.638,38.485],[-82.64,38.486],[-82.64,38.486],[-82.642,38.487],[-82.644,38.488],[-82.646,38.489],[-82.647,38.49],[-82.65,38.492],[-82.653,38.493],[-82.654,38.494],[-82.657,38.497],[-82.658,38.498],[-82.659,38.499],[-82.659,38.5],[-82.66,38.5],[-82.66,38.5],[-82.661,38.501],[-82.662,38.502],[-82.664,38.505],[-82.666,38.507],[-82.668,38.508],[-82.669,38.509],[-82.67,38.511],[-82.671,38.512],[-82.672,38.512],[-82.673,38.513],[-82.674,38.514],[-82.675,38.515],[-82.675,38.515],[-82.677,38.517],[-82.678,38.518],[-82.679,38.52],[-82.68,38.521],[-82.681,38.522],[-82.681,38.523],[-82.682,38.525],[-82.683,38.527],[-82.684,38.528],[-82.685,38.529],[-82.685,38.529],[-82.686,38.53],[-82.686,38.532],[-82.689,38.535],[-82.691,38.537],[-82.692,38.538],[-82.693,38.539],[-82.694,38.54],[-82.694,38.54],[-82.695,38.541],[-82.696,38.542],[-82.697,38.543],[-82.698,38.544],[-82.699,38.544],[-82.7,38.545],[-82.701,38.545],[-82.703,38.546],[-82.704,38.546],[-82.705,38.547],[-82.707,38.548],[-82.708,38.548],[-82.71,38.549],[-82.713,38.55],[-82.714,38.551],[-82.717,38.553],[-82.718,38.553],[-82.721,38.554],[-82.721,38.555],[-82.722,38.556],[-82.726,38.558],[-82.726,38.559],[-82.73,38.559],[-82.733,38.559],[-82.733,38.559],[-82.734,38.559],[-82.736,38.559],[-82.738,38.559],[-82.743,38.559],[-82.746,38.559],[-82.75,38.56],[-82.751,38.56],[-82.753,38.56],[-82.757,38.56],[-82.766,38.561],[-82.767,38.561],[-82.771,38.56],[-82.773,38.56],[-82.775,38.559],[-82.78,38.559],[-82.783,38.559],[-82.786,38.56],[-82.789,38.56],[-82.798,38.563],[-82.805,38.566],[-82.807,38.566],[-82.81,38.568],[-82.811,38.568],[-82.813,38.569],[-82.815,38.57],[-82.814,38.571],[-82.813,38.572],[-82.811,38.572],[-82.801,38.576],[-82.794,38.579],[-82.793,38.579],[-82.793,38.579],[-82.793,38.579],[-82.792,38.579],[-82.792,38.579],[-82.791,38.58],[-82.791,38.58],[-82.79,38.58],[-82.79,38.58],[-82.79,38.58],[-82.789,38.58],[-82.774,38.585],[-82.764,38.589],[-82.75,38.594],[-82.748,38.595],[-82.748,38.595],[-82.748,38.595],[-82.741,38.597],[-82.741,38.598],[-82.746,38.608],[-82.747,38.608],[-82.75,38.614],[-82.754,38.622],[-82.758,38.629],[-82.759,38.631],[-82.759,38.632],[-82.759,38.632],[-82.759,38.632],[-82.759,38.633],[-82.76,38.634],[-82.762,38.641],[-82.766,38.645],[-82.766,38.649],[-82.765,38.657],[-82.765,38.668],[-82.764,38.676],[-82.764,38.68],[-82.757,38.68],[-82.735,38.679],[-82.726,38.678],[-82.708,38.678],[-82.707,38.678],[-82.706,38.677],[-82.706,38.679],[-82.703,38.687],[-82.701,38.691],[-82.701,38.692],[-82.7,38.706],[-82.7,38.71],[-82.698,38.727],[-82.697,38.734],[-82.696,38.746],[-82.695,38.75],[-82.689,38.75],[-82.668,38.748],[-82.663,38.748],[-82.662,38.754],[-82.662,38.754],[-82.662,38.754],[-82.662,38.757],[-82.662,38.757],[-82.662,38.758],[-82.659,38.763],[-82.659,38.771],[-82.658,38.777],[-82.657,38.783],[-82.655,38.8],[-82.654,38.805],[-82.653,38.82],[-82.653,38.823],[-82.652,38.832],[-82.652,38.833],[-82.651,38.838],[-82.651,38.839],[-82.651,38.84],[-82.651,38.84],[-82.651,38.84],[-82.651,38.84],[-82.65,38.847],[-82.646,38.849],[-82.632,38.848],[-82.631,38.848],[-82.626,38.848],[-82.625,38.848],[-82.603,38.846],[-82.598,38.846],[-82.597,38.846],[-82.589,38.845],[-82.576,38.844],[-82.577,38.828],[-82.578,38.822],[-82.58,38.808],[-82.582,38.789],[-82.582,38.783],[-82.583,38.779],[-82.57,38.778],[-82.565,38.778],[-82.555,38.777],[-82.537,38.776],[-82.528,38.775],[-82.509,38.774],[-82.5,38.773],[-82.485,38.772],[-82.484,38.771],[-82.485,38.759],[-82.485,38.756],[-82.486,38.751],[-82.486,38.75],[-82.486,38.748],[-82.468,38.742],[-82.467,38.74],[-82.468,38.724],[-82.469,38.716],[-82.47,38.706],[-82.471,38.7],[-82.471,38.697],[-82.471,38.696],[-82.471,38.695],[-82.472,38.683],[-82.472,38.682]]]},"properties":{"NAME":"Lawrence","GEOID":"39087"}},{"type":"Feature","geometry":{"type":"Polygon","coordinates":[[[-83.502,39.038],[-83.498,39.038],[-83.489,39.04],[-83.482,39.041],[-83.475,39.042],[-83.46,39.044],[-83.442,39.047],[-83.401,39.053],[-83.392,39.054],[-83.386,39.055],[-83.379,39.055],[-83.356,39.054],[-83.353,39.054],[-83.348,39.053],[-83.343,39.053],[-83.326,39.053],[-83.314,39.049],[-83.314,39.049],[-83.314,39.048],[-83.314,39.047],[-83.313,39.047],[-83.311,39.046],[-83.311,39.046],[-83.31,39.046],[-83.31,39.046],[-83.309,39.046],[-83.309,39.045],[-83.31,39.044],[-83.31,39.044],[-83.31,39.044],[-83.311,39.043],[-83.31,39.042],[-83.309,39.042],[-83.309,39.041],[-83.308,39.04],[-83.303,39.039],[-83.302,39.037],[-83.3,39.037],[-83.298,39.036],[-83.297,39.035],[-83.296,39.034],[-83.293,39.033],[-83.293,39.032],[-83.291,39.03],[-83.289,39.03],[-83.288,39.029],[-83.288,39.029],[-83.288,39.028],[-83.288,39.028],[-83.288,39.028],[-83.288,39.027],[-83.287,39.027],[-83.286,39.024],[-83.285,39.024],[-83.284,39.024],[-83.282,39.024],[-83.282,39.024],[-83.281,39.023],[-83.281,39.022],[-83.281,39.022],[-83.28,39.022],[-83.28,39.022],[-83.28,39.022],[-83.279,39.022],[-83.279,39.022],[-83.278,39.022],[-83.278,39.022],[-83.277,39.021],[-83.277,39.021],[-83.276,39.021],[-83.275,39.02],[-83.275,39.02],[-83.275,39.02],[-83.274,39.019],[-83.274,39.019],[-83.273,39.018],[-83.273,39.018],[-83.272,39.018],[-83.272,39.017],[-83.272,39.017],[-83.272,39.016],[-83.271,39.016],[-83.271,39.016],[-83.271,39.016],[-83.271,39.013],[-83.271,39.006],[-83.271,39.006],[-83.271,39.005],[-83.27,38.974],[-83.27,38.972],[-83.27,38.97],[-83.27,38.968],[-83.27,38.966],[-83.27,38.956],[-83.269,38.93],[-83.269,38.929],[-83.269,38.926],[-83.269,38.908],[-83.269,38.904],[-83.269,38.889],[-83.269,38.883],[-83.269,38.878],[-83.269,38.87],[-83.268,38.861],[-83.268,38.844],[-83.268,38.838],[-83.268,38.836],[-83.268,38.834],[-83.268,38.834],[-83.268,38.834],[-83.268,38.824],[-83.268,38.819],[-83.268,38.81],[-83.268,38.804],[-83.268,38.801],[-83.268,38.792],[-83.268,38.791],[-83.268,38.791],[-83.268,38.791],[-83.268,38.781],[-83.268,38.779],[-83.268,38.775],[-83.268,38.772],[-83.268,38.768],[-83.268,38.762],[-83.268,38.756],[-83.268,38.753],[-83.268,38.752],[-83.268,38.752],[-83.268,38.749],[-83.268,38.736],[-83.268,38.719],[-83.268,38.71],[-83.268,38.699],[-83.268,38.681],[-83.268,38.66],[-83.268,38.647],[-83.268,38.644],[-83.268,38.643],[-83.268,38.643],[-83.268,38.64],[-83.268,38.639],[-83.268,38.635],[-83.268,38.634],[-83.268,38.625],[-83.268,38.62],[-83.268,38.62],[-83.268,38.619],[-83.268,38.618],[-83.268,38.617],[-83.268,38.615],[-83.269,38.615],[-83.27,38.614],[-83.274,38.61],[-83.276,38.609],[-83.277,38.608],[-83.278,38.607],[-83.279,38.606],[-83.28,38.605],[-83.281,38.604],[-83.284,38.601],[-83.286,38.6],[-83.287,38.599],[-83.288,38.598],[-83.291,38.597],[-83.292,38.597],[-83.294,38.597],[-83.298,38.597],[-83.301,38.598],[-83.305,38.599],[-83.305,38.6],[-83.309,38.601],[-83.31,38.602],[-83.311,38.603],[-83.312,38.604],[-83.312,38.604],[-83.313,38.605],[-83.314,38.605],[-83.315,38.606],[-83.316,38.607],[-83.317,38.608],[-83.317,38.609],[-83.318,38.61],[-83.319,38.612],[-83.319,38.613],[-83.32,38.615],[-83.32,38.616],[-83.32,38.617],[-83.32,38.618],[-83.32,38.619],[-83.32,38.621],[-83.32,38.622],[-83.32,38.622],[-83.321,38.624],[-83.321,38.625],[-83.321,38.625],[-83.321,38.625],[-83.321,38.626],[-83.321,38.626],[-83.321,38.627],[-83.321,38.627],[-83.321,38.627],[-83.321,38.627],[-83.321,38.628],[-83.322,38.628],[-83.322,38.629],[-83.322,38.629],[-83.322,38.63],[-83.322,38.63],[-83.323,38.631],[-83.323,38.632],[-83.323,38.632],[-83.324,38.632],[-83.324,38.633],[-83.324,38.633],[-83.324,38.633],[-83.324,38.634],[-83.325,38.634],[-83.325,38.634],[-83.325,38.635],[-83.325,38.635],[-83.326,38.635],[-83.326,38.635],[-83.326,38.636],[-83.327,38.636],[-83.327,38.637],[-83.327,38.637],[-83.327,38.637],[-83.327,38.638],[-83.328,38.638],[-83.328,38.638],[-83.328,38.638],[-83.328,38.638],[-83.329,38.639],[-83.329,38.639],[-83.33,38.639],[-83.331,38.64],[-83.332,38.641],[-83.333,38.641],[-83.334,38.642],[-83.335,38.643],[-83.335,38.643],[-83.336,38.643],[-83.336,38.643],[-83.336,38.643],[-83.338,38.644],[-83.338,38.645],[-83.338,38.645],[-83.341,38.646],[-83.341,38.646],[-83.342,38.647],[-83.342,38.647],[-83.343,38.647],[-83.344,38.648],[-83.345,38.648],[-83.348,38.65],[-83.348,38.65],[-83.349,38.65],[-83.349,38.65],[-83.35,38.651],[-83.352,38.652],[-83.353,38.652],[-83.354,38.652],[-83.355,38.653],[-83.356,38.654],[-83.357,38.654],[-83.357,38.655],[-83.359,38.655],[-83.361,38.656],[-83.363,38.657],[-83.363,38.657],[-83.363,38.657],[-83.363,38.657],[-83.364,38.657],[-83.364,38.657],[-83.364,38.658],[-83.364,38.658],[-83.365,38.658],[-83.365,38.658],[-83.365,38.658],[-83.365,38.658],[-83.365,38.658],[-83.365,38.658],[-83.366,38.658],[-83.366,38.658],[-83.366,38.659],[-83.367,38.659],[-83.368,38.659],[-83.368,38.659],[-83.368,38.659],[-83.368,38.659],[-83.369,38.659],[-83.369,38.659],[-83.369,38.66],[-83.369,38.66],[-83.371,38.66],[-83.372,38.66],[-83.372,38.66],[-83.372,38.66],[-83.372,38.661],[-83.372,38.661],[-83.374,38.661],[-83.375,38.661],[-83.376,38.661],[-83.377,38.662],[-83.382,38.663],[-83.384,38.663],[-83.387,38.663],[-83.389,38.664],[-83.392,38.664],[-83.394,38.664],[-83.395,38.664],[-83.396,38.665],[-83.398,38.665],[-83.399,38.665],[-83.4,38.665],[-83.401,38.665],[-83.404,38.666],[-83.406,38.666],[-83.408,38.666],[-83.409,38.666],[-83.41,38.667],[-83.411,38.667],[-83.413,38.666],[-83.415,38.666],[-83.416,38.667],[-83.417,38.667],[-83.419,38.667],[-83.42,38.667],[-83.417,38.668],[-83.419,38.668],[-83.421,38.668],[-83.422,38.668],[-83.423,38.668],[-83.424,38.668],[-83.425,38.669],[-83.426,38.669],[-83.426,38.669],[-83.429,38.669],[-83.43,38.669],[-83.433,38.669],[-83.437,38.669],[-83.441,38.669],[-83.446,38.67],[-83.447,38.67],[-83.45,38.672],[-83.453,38.672],[-83.456,38.674],[-83.457,38.674],[-83.458,38.674],[-83.46,38.674],[-83.465,38.675],[-83.468,38.675],[-83.468,38.676],[-83.47,38.677],[-83.471,38.677],[-83.474,38.68],[-83.475,38.681],[-83.476,38.682],[-83.477,38.683],[-83.479,38.684],[-83.483,38.688],[-83.487,38.69],[-83.489,38.692],[-83.49,38.693],[-83.491,38.693],[-83.495,38.695],[-83.498,38.697],[-83.5,38.697],[-83.507,38.7],[-83.509,38.701],[-83.511,38.701],[-83.512,38.702],[-83.517,38.702],[-83.519,38.703],[-83.521,38.703],[-83.523,38.703],[-83.526,38.703],[-83.528,38.703],[-83.531,38.702],[-83.534,38.702],[-83.539,38.701],[-83.542,38.701],[-83.543,38.7],[-83.545,38.7],[-83.547,38.7],[-83.549,38.699],[-83.552,38.698],[-83.554,38.698],[-83.555,38.697],[-83.556,38.697],[-83.561,38.696],[-83.564,38.695],[-83.568,38.693],[-83.572,38.692],[-83.574,38.692],[-83.575,38.692],[-83.577,38.692],[-83.579,38.691],[-83.581,38.691],[-83.582,38.69],[-83.584,38.69],[-83.59,38.689],[-83.592,38.689],[-83.594,38.688],[-83.597,38.687],[-83.599,38.686],[-83.6,38.686],[-83.601,38.684],[-83.602,38.684],[-83.604,38.684],[-83.605,38.685],[-83.609,38.685],[-83.612,38.685],[-83.614,38.684],[-83.617,38.683],[-83.619,38.682],[-83.62,38.682],[-83.62,38.681],[-83.621,38.681],[-83.622,38.68],[-83.624,38.68],[-83.625,38.679],[-83.625,38.679],[-83.626,38.678],[-83.627,38.678],[-83.629,38.677],[-83.63,38.675],[-83.632,38.674],[-83.633,38.672],[-83.634,38.671],[-83.635,38.669],[-83.636,38.667],[-83.637,38.666],[-83.637,38.664],[-83.638,38.663],[-83.638,38.66],[-83.639,38.658],[-83.639,38.657],[-83.639,38.655],[-83.639,38.654],[-83.639,38.653],[-83.64,38.651],[-83.64,38.649],[-83.641,38.647],[-83.641,38.646],[-83.641,38.646],[-83.641,38.645],[-83.642,38.644],[-83.642,38.642],[-83.643,38.642],[-83.643,38.641],[-83.644,38.638],[-83.645,38.636],[-83.647,38.633],[-83.648,38.632],[-83.649,38.631],[-83.652,38.63],[-83.654,38.629],[-83.656,38.628],[-83.66,38.627],[-83.666,38.626],[-83.669,38.627],[-83.673,38.628],[-83.673,38.628],[-83.675,38.629],[-83.681,38.63],[-83.682,38.631],[-83.689,38.633],[-83.697,38.636],[-83.703,38.639],[-83.705,38.64],[-83.705,38.641],[-83.705,38.643],[-83.705,38.644],[-83.705,38.645],[-83.705,38.651],[-83.704,38.658],[-83.704,38.662],[-83.704,38.664],[-83.704,38.673],[-83.703,38.683],[-83.702,38.692],[-83.701,38.702],[-83.701,38.707],[-83.7,38.717],[-83.7,38.722],[-83.699,38.73],[-83.698,38.746],[-83.697,38.75],[-83.697,38.757],[-83.696,38.758],[-83.695,38.773],[-83.694,38.786],[-83.693,38.793],[-83.692,38.803],[-83.691,38.813],[-83.69,38.828],[-83.69,38.831],[-83.688,38.845],[-83.687,38.858],[-83.686,38.865],[-83.686,38.869],[-83.685,38.885],[-83.683,38.905],[-83.683,38.908],[-83.683,38.909],[-83.682,38.92],[-83.681,38.933],[-83.681,38.934],[-83.68,38.942],[-83.68,38.946],[-83.68,38.947],[-83.68,38.947],[-83.679,38.95],[-83.679,38.954],[-83.678,38.966],[-83.678,38.97],[-83.677,38.974],[-83.676,38.987],[-83.675,38.997],[-83.675,38.999],[-83.675,39.001],[-83.674,39.006],[-83.673,39.015],[-83.669,39.02],[-83.662,39.02],[-83.658,39.02],[-83.625,39.019],[-83.625,39.019],[-83.614,39.019],[-83.601,39.021],[-83.592,39.023],[-83.586,39.024],[-83.58,39.025],[-83.567,39.027],[-83.557,39.029],[-83.551,39.03],[-83.542,39.031],[-83.529,39.033],[-83.517,39.035],[-83.515,39.036],[-83.506,39.037],[-83.503,39.038],[-83.502,39.038]]]},"properties":{"NAME":"Adams","GEOID":"39001"}},{"type":"Feature","geometry":{"type":"Polygon","coordinates":[[[-81.839,41.276],[-81.837,41.276],[-81.835,41.276],[-81.835,41.276],[-81.835,41.276],[-81.829,41.276],[-81.828,41.276],[-81.826,41.276],[-81.826,41.276],[-81.825,41.276],[-81.824,41.276],[-81.823,41.276],[-81.822,41.276],[-81.822,41.276],[-81.819,41.276],[-81.818,41.276],[-81.817,41.276],[-81.817,41.276],[-81.816,41.276],[-81.816,41.276],[-81.812,41.276],[-81.811,41.276],[-81.807,41.276],[-81.806,41.276],[-81.806,41.276],[-81.805,41.276],[-81.803,41.276],[-81.798,41.276],[-81.795,41.276],[-81.794,41.276],[-81.785,41.276],[-81.776,41.277],[-81.774,41.277],[-81.771,41.277],[-81.763,41.277],[-81.76,41.277],[-81.759,41.277],[-81.758,41.277],[-81.753,41.277],[-81.745,41.277],[-81.743,41.277],[-81.743,41.277],[-81.741,41.277],[-81.736,41.277],[-81.731,41.277],[-81.728,41.277],[-81.72,41.277],[-81.719,41.277],[-81.718,41.277],[-81.705,41.277],[-81.702,41.277],[-81.701,41.277],[-81.7,41.277],[-81.695,41.277],[-81.685,41.277],[-81.685,41.261],[-81.685,41.24],[-81.685,41.224],[-81.686,41.21],[-81.686,41.202],[-81.686,41.201],[-81.686,41.201],[-81.686,41.199],[-81.686,41.188],[-81.686,41.188],[-81.686,41.186],[-81.686,41.181],[-81.686,41.179],[-81.686,41.175],[-81.686,41.171],[-81.686,41.168],[-81.686,41.166],[-81.686,41.163],[-81.687,41.161],[-81.687,41.154],[-81.687,41.152],[-81.687,41.151],[-81.687,41.146],[-81.687,41.137],[-81.687,41.13],[-81.687,41.126],[-81.687,41.124],[-81.687,41.12],[-81.687,41.115],[-81.687,41.107],[-81.687,41.099],[-81.687,41.093],[-81.687,41.089],[-81.687,41.081],[-81.688,41.072],[-81.688,41.065],[-81.688,41.062],[-81.688,41.061],[-81.688,41.059],[-81.688,41.053],[-81.688,41.048],[-81.688,41.047],[-81.688,41.044],[-81.688,41.042],[-81.688,41.042],[-81.688,41.039],[-81.688,41.038],[-81.688,41.034],[-81.688,41.026],[-81.688,41.026],[-81.688,41.022],[-81.688,41.015],[-81.688,41.01],[-81.688,41.004],[-81.688,41.001],[-81.688,40.999],[-81.688,40.995],[-81.688,40.989],[-81.701,40.989],[-81.708,40.989],[-81.712,40.989],[-81.715,40.989],[-81.721,40.988],[-81.726,40.988],[-81.729,40.988],[-81.73,40.988],[-81.737,40.988],[-81.742,40.988],[-81.748,40.988],[-81.752,40.988],[-81.754,40.988],[-81.761,40.988],[-81.765,40.988],[-81.772,40.988],[-81.778,40.988],[-81.785,40.988],[-81.785,40.988],[-81.786,40.988],[-81.793,40.988],[-81.795,40.988],[-81.796,40.988],[-81.803,40.988],[-81.808,40.988],[-81.818,40.988],[-81.822,40.988],[-81.833,40.988],[-81.856,40.989],[-81.863,40.989],[-81.875,40.989],[-81.889,40.989],[-81.893,40.989],[-81.897,40.989],[-81.898,40.989],[-81.91,40.989],[-81.94,40.99],[-81.948,40.99],[-81.953,40.99],[-81.959,40.99],[-81.98,40.99],[-81.987,40.99],[-81.994,40.99],[-81.997,40.99],[-82.019,40.99],[-82.036,40.99],[-82.055,40.991],[-82.061,40.991],[-82.069,40.991],[-82.079,40.991],[-82.087,40.991],[-82.096,40.991],[-82.107,40.992],[-82.116,40.992],[-82.124,40.992],[-82.128,40.992],[-82.129,40.992],[-82.135,40.992],[-82.138,40.992],[-82.145,40.992],[-82.146,40.992],[-82.146,40.992],[-82.147,40.992],[-82.149,40.992],[-82.151,40.992],[-82.158,40.992],[-82.163,40.992],[-82.165,40.992],[-82.173,40.992],[-82.173,41.01],[-82.173,41.014],[-82.172,41.031],[-82.172,41.043],[-82.172,41.05],[-82.172,41.057],[-82.172,41.057],[-82.171,41.065],[-82.171,41.085],[-82.171,41.097],[-82.171,41.1],[-82.17,41.119],[-82.17,41.124],[-82.17,41.13],[-82.17,41.136],[-82.17,41.136],[-82.17,41.137],[-82.155,41.137],[-82.151,41.137],[-82.125,41.137],[-82.118,41.137],[-82.11,41.137],[-82.095,41.137],[-82.09,41.137],[-82.083,41.136],[-82.074,41.136],[-82.074,41.14],[-82.074,41.143],[-82.074,41.154],[-82.074,41.155],[-82.073,41.164],[-82.073,41.165],[-82.073,41.178],[-82.073,41.186],[-82.073,41.187],[-82.073,41.188],[-82.073,41.196],[-82.073,41.196],[-82.073,41.196],[-82.063,41.2],[-82.06,41.2],[-82.054,41.2],[-82.053,41.2],[-82.024,41.2],[-82.023,41.2],[-82.01,41.2],[-82.003,41.2],[-81.991,41.2],[-81.975,41.2],[-81.975,41.2],[-81.974,41.2],[-81.974,41.2],[-81.974,41.207],[-81.974,41.212],[-81.974,41.231],[-81.973,41.238],[-81.973,41.247],[-81.973,41.258],[-81.973,41.264],[-81.968,41.275],[-81.957,41.275],[-81.944,41.275],[-81.935,41.275],[-81.927,41.275],[-81.925,41.275],[-81.922,41.275],[-81.921,41.275],[-81.92,41.275],[-81.92,41.275],[-81.915,41.275],[-81.915,41.275],[-81.904,41.275],[-81.897,41.275],[-81.897,41.275],[-81.893,41.275],[-81.884,41.275],[-81.879,41.275],[-81.875,41.275],[-81.874,41.275],[-81.863,41.275],[-81.862,41.275],[-81.858,41.275],[-81.857,41.275],[-81.85,41.275],[-81.848,41.275],[-81.839,41.276],[-81.839,41.276]]]},"properties":{"NAME":"Medina","GEOID":"39103"}},{"type":"Feature","geometry":{"type":"Polygon","coordinates":[[[-82.727,40.756],[-82.727,40.754],[-82.727,40.751],[-82.727,40.751],[-82.727,40.748],[-82.727,40.715],[-82.732,40.711],[-82.741,40.711],[-82.745,40.712],[-82.746,40.712],[-82.75,40.712],[-82.753,40.712],[-82.765,40.712],[-82.775,40.712],[-82.779,40.712],[-82.782,40.712],[-82.783,40.712],[-82.786,40.712],[-82.787,40.712],[-82.788,40.712],[-82.79,40.712],[-82.791,40.712],[-82.792,40.712],[-82.793,40.712],[-82.795,40.712],[-82.797,40.712],[-82.802,40.712],[-82.804,40.712],[-82.805,40.712],[-82.806,40.712],[-82.81,40.712],[-82.811,40.712],[-82.814,40.713],[-82.818,40.713],[-82.821,40.713],[-82.822,40.713],[-82.825,40.713],[-82.826,40.713],[-82.828,40.713],[-82.829,40.713],[-82.831,40.713],[-82.835,40.713],[-82.838,40.713],[-82.842,40.713],[-82.847,40.713],[-82.849,40.713],[-82.852,40.713],[-82.856,40.712],[-82.858,40.712],[-82.858,40.712],[-82.863,40.705],[-82.865,40.705],[-82.875,40.705],[-82.895,40.705],[-82.91,40.705],[-82.912,40.705],[-82.92,40.704],[-82.924,40.704],[-82.928,40.704],[-82.939,40.704],[-82.94,40.704],[-82.942,40.704],[-82.944,40.704],[-82.948,40.704],[-82.953,40.704],[-82.957,40.703],[-82.962,40.703],[-82.966,40.703],[-82.974,40.703],[-82.977,40.703],[-82.99,40.703],[-82.996,40.703],[-83.004,40.703],[-83.019,40.703],[-83.031,40.703],[-83.033,40.703],[-83.036,40.703],[-83.048,40.703],[-83.063,40.703],[-83.065,40.703],[-83.072,40.703],[-83.074,40.703],[-83.087,40.703],[-83.089,40.703],[-83.091,40.703],[-83.092,40.703],[-83.111,40.703],[-83.112,40.718],[-83.112,40.722],[-83.112,40.732],[-83.112,40.735],[-83.112,40.739],[-83.112,40.745],[-83.112,40.75],[-83.112,40.752],[-83.112,40.757],[-83.112,40.761],[-83.112,40.764],[-83.112,40.768],[-83.112,40.775],[-83.112,40.778],[-83.112,40.782],[-83.112,40.788],[-83.112,40.792],[-83.112,40.794],[-83.112,40.794],[-83.112,40.799],[-83.112,40.8],[-83.112,40.8],[-83.112,40.801],[-83.112,40.805],[-83.112,40.809],[-83.112,40.81],[-83.112,40.817],[-83.112,40.818],[-83.112,40.819],[-83.112,40.82],[-83.112,40.825],[-83.112,40.827],[-83.112,40.83],[-83.112,40.831],[-83.112,40.832],[-83.112,40.834],[-83.112,40.835],[-83.112,40.836],[-83.112,40.84],[-83.112,40.843],[-83.112,40.848],[-83.112,40.849],[-83.112,40.853],[-83.112,40.855],[-83.112,40.859],[-83.112,40.862],[-83.112,40.864],[-83.112,40.868],[-83.112,40.871],[-83.112,40.872],[-83.113,40.875],[-83.113,40.879],[-83.113,40.886],[-83.113,40.889],[-83.113,40.892],[-83.113,40.894],[-83.113,40.899],[-83.113,40.905],[-83.113,40.906],[-83.113,40.907],[-83.112,40.912],[-83.112,40.918],[-83.112,40.921],[-83.112,40.928],[-83.112,40.932],[-83.112,40.933],[-83.112,40.934],[-83.112,40.941],[-83.112,40.948],[-83.112,40.948],[-83.112,40.95],[-83.112,40.954],[-83.112,40.957],[-83.113,40.962],[-83.113,40.964],[-83.113,40.965],[-83.113,40.966],[-83.113,40.968],[-83.113,40.971],[-83.113,40.975],[-83.113,40.977],[-83.113,40.983],[-83.113,40.986],[-83.113,40.99],[-83.113,40.993],[-83.106,40.993],[-83.095,40.994],[-83.084,40.994],[-83.074,40.994],[-83.067,40.994],[-83.061,40.994],[-83.06,40.994],[-83.056,40.994],[-83.049,40.994],[-83.048,40.994],[-83.044,40.994],[-83.041,40.994],[-83.035,40.994],[-83.023,40.994],[-83.018,40.994],[-83.017,40.994],[-83.01,40.994],[-83.006,40.994],[-83.004,40.994],[-82.997,40.994],[-82.993,40.994],[-82.989,40.994],[-82.984,40.994],[-82.978,40.994],[-82.978,40.994],[-82.973,40.994],[-82.972,40.994],[-82.965,40.994],[-82.959,40.994],[-82.948,40.994],[-82.941,40.994],[-82.939,40.994],[-82.939,40.994],[-82.933,40.994],[-82.923,40.994],[-82.919,40.994],[-82.918,40.994],[-82.915,40.994],[-82.912,40.994],[-82.911,40.994],[-82.901,40.994],[-82.896,40.994],[-82.882,40.994],[-82.882,40.994],[-82.876,40.994],[-82.864,40.994],[-82.861,40.994],[-82.858,40.994],[-82.853,40.994],[-82.853,40.997],[-82.853,40.997],[-82.853,40.997],[-82.843,40.997],[-82.84,40.997],[-82.835,40.997],[-82.83,40.997],[-82.829,40.997],[-82.829,40.997],[-82.829,40.997],[-82.828,40.997],[-82.824,40.997],[-82.821,40.996],[-82.82,40.996],[-82.817,40.996],[-82.815,40.996],[-82.814,40.996],[-82.811,40.996],[-82.809,40.996],[-82.806,40.996],[-82.803,40.996],[-82.802,40.996],[-82.8,40.996],[-82.799,40.996],[-82.796,40.996],[-82.795,40.996],[-82.794,40.996],[-82.793,40.996],[-82.791,40.996],[-82.789,40.996],[-82.787,40.996],[-82.784,40.996],[-82.782,40.996],[-82.78,40.996],[-82.779,40.996],[-82.777,40.996],[-82.774,40.996],[-82.773,40.996],[-82.769,40.996],[-82.763,40.996],[-82.754,40.996],[-82.753,40.996],[-82.744,40.996],[-82.739,40.996],[-82.738,40.996],[-82.734,40.996],[-82.73,40.996],[-82.728,40.996],[-82.728,40.996],[-82.725,40.987],[-82.725,40.981],[-82.725,40.98],[-82.725,40.979],[-82.725,40.978],[-82.725,40.977],[-82.724,40.976],[-82.724,40.975],[-82.724,40.975],[-82.724,40.974],[-82.724,40.973],[-82.724,40.973],[-82.724,40.972],[-82.724,40.971],[-82.724,40.97],[-82.724,40.97],[-82.724,40.969],[-82.724,40.968],[-82.724,40.967],[-82.724,40.966],[-82.724,40.965],[-82.724,40.959],[-82.724,40.952],[-82.724,40.945],[-82.724,40.937],[-82.724,40.928],[-82.725,40.902],[-82.725,40.894],[-82.725,40.884],[-82.725,40.88],[-82.725,40.875],[-82.725,40.843],[-82.725,40.834],[-82.726,40.814],[-82.726,40.81],[-82.726,40.799],[-82.726,40.796],[-82.726,40.795],[-82.726,40.792],[-82.726,40.792],[-82.726,40.791],[-82.726,40.789],[-82.726,40.788],[-82.726,40.787],[-82.726,40.786],[-82.726,40.785],[-82.726,40.785],[-82.726,40.784],[-82.726,40.778],[-82.726,40.775],[-82.726,40.772],[-82.726,40.77],[-82.727,40.763],[-82.727,40.758],[-82.727,40.756]]]},"properties":{"NAME":"Crawford","GEOID":"39033"}},{"type":"Feature","geometry":{"type":"Polygon","coordinates":[[[-81.367,39.95],[-81.374,39.95],[-81.379,39.951],[-81.386,39.947],[-81.386,39.938],[-81.386,39.933],[-81.387,39.929],[-81.387,39.927],[-81.387,39.926],[-81.387,39.923],[-81.387,39.923],[-81.387,39.922],[-81.387,39.921],[-81.392,39.922],[-81.397,39.922],[-81.398,39.922],[-81.398,39.922],[-81.402,39.922],[-81.409,39.922],[-81.41,39.922],[-81.424,39.923],[-81.431,39.923],[-81.434,39.923],[-81.438,39.923],[-81.463,39.924],[-81.464,39.909],[-81.464,39.905],[-81.464,39.9],[-81.465,39.895],[-81.474,39.895],[-81.487,39.895],[-81.492,39.895],[-81.501,39.896],[-81.522,39.896],[-81.53,39.896],[-81.537,39.897],[-81.543,39.897],[-81.549,39.897],[-81.555,39.897],[-81.573,39.898],[-81.579,39.896],[-81.579,39.89],[-81.579,39.885],[-81.579,39.875],[-81.579,39.872],[-81.579,39.869],[-81.58,39.865],[-81.58,39.851],[-81.58,39.845],[-81.58,39.839],[-81.581,39.839],[-81.588,39.839],[-81.59,39.839],[-81.592,39.839],[-81.592,39.84],[-81.6,39.84],[-81.606,39.84],[-81.619,39.84],[-81.625,39.84],[-81.627,39.84],[-81.65,39.841],[-81.658,39.841],[-81.659,39.841],[-81.663,39.841],[-81.683,39.842],[-81.683,39.842],[-81.687,39.842],[-81.69,39.842],[-81.693,39.843],[-81.694,39.844],[-81.694,39.848],[-81.694,39.852],[-81.694,39.854],[-81.694,39.854],[-81.694,39.855],[-81.694,39.855],[-81.693,39.861],[-81.693,39.864],[-81.693,39.866],[-81.693,39.866],[-81.693,39.868],[-81.693,39.875],[-81.693,39.876],[-81.693,39.879],[-81.693,39.88],[-81.693,39.88],[-81.693,39.88],[-81.693,39.884],[-81.693,39.889],[-81.692,39.89],[-81.693,39.894],[-81.692,39.896],[-81.692,39.897],[-81.692,39.898],[-81.692,39.899],[-81.692,39.9],[-81.692,39.901],[-81.692,39.904],[-81.692,39.912],[-81.692,39.914],[-81.691,39.927],[-81.693,39.931],[-81.699,39.931],[-81.699,39.931],[-81.7,39.931],[-81.705,39.931],[-81.707,39.931],[-81.719,39.931],[-81.722,39.931],[-81.724,39.931],[-81.724,39.931],[-81.725,39.932],[-81.728,39.935],[-81.728,39.949],[-81.728,39.95],[-81.727,39.952],[-81.727,39.961],[-81.726,39.968],[-81.726,39.975],[-81.726,39.977],[-81.726,39.982],[-81.726,39.985],[-81.725,39.992],[-81.725,39.994],[-81.725,39.994],[-81.725,39.994],[-81.725,39.995],[-81.725,39.997],[-81.725,40],[-81.724,40.002],[-81.724,40.005],[-81.724,40.008],[-81.724,40.017],[-81.723,40.02],[-81.723,40.028],[-81.723,40.031],[-81.723,40.036],[-81.722,40.039],[-81.722,40.046],[-81.722,40.051],[-81.721,40.063],[-81.721,40.067],[-81.721,40.074],[-81.72,40.079],[-81.72,40.079],[-81.72,40.08],[-81.72,40.086],[-81.72,40.093],[-81.719,40.103],[-81.719,40.104],[-81.718,40.117],[-81.718,40.122],[-81.718,40.127],[-81.717,40.135],[-81.717,40.136],[-81.717,40.143],[-81.717,40.147],[-81.716,40.152],[-81.714,40.152],[-81.711,40.152],[-81.704,40.152],[-81.694,40.152],[-81.689,40.151],[-81.685,40.151],[-81.682,40.151],[-81.678,40.151],[-81.673,40.151],[-81.671,40.151],[-81.671,40.152],[-81.671,40.154],[-81.671,40.156],[-81.67,40.159],[-81.67,40.162],[-81.67,40.166],[-81.67,40.17],[-81.67,40.172],[-81.669,40.18],[-81.669,40.18],[-81.669,40.183],[-81.669,40.183],[-81.669,40.185],[-81.669,40.19],[-81.668,40.205],[-81.668,40.208],[-81.668,40.212],[-81.668,40.212],[-81.668,40.213],[-81.668,40.213],[-81.668,40.214],[-81.668,40.215],[-81.666,40.222],[-81.653,40.222],[-81.652,40.222],[-81.652,40.222],[-81.636,40.222],[-81.629,40.221],[-81.623,40.221],[-81.621,40.221],[-81.619,40.221],[-81.615,40.221],[-81.614,40.221],[-81.614,40.221],[-81.612,40.221],[-81.609,40.221],[-81.599,40.221],[-81.595,40.221],[-81.591,40.221],[-81.589,40.221],[-81.585,40.22],[-81.585,40.22],[-81.581,40.22],[-81.566,40.22],[-81.555,40.22],[-81.552,40.22],[-81.549,40.22],[-81.547,40.22],[-81.546,40.22],[-81.543,40.219],[-81.537,40.219],[-81.535,40.219],[-81.534,40.219],[-81.529,40.219],[-81.525,40.219],[-81.524,40.219],[-81.522,40.219],[-81.518,40.219],[-81.514,40.219],[-81.511,40.219],[-81.506,40.219],[-81.5,40.218],[-81.497,40.218],[-81.494,40.218],[-81.492,40.218],[-81.488,40.218],[-81.485,40.218],[-81.481,40.218],[-81.478,40.218],[-81.47,40.218],[-81.468,40.218],[-81.462,40.217],[-81.458,40.217],[-81.451,40.217],[-81.44,40.217],[-81.434,40.217],[-81.431,40.216],[-81.429,40.216],[-81.425,40.216],[-81.419,40.216],[-81.413,40.216],[-81.411,40.216],[-81.405,40.216],[-81.403,40.216],[-81.403,40.216],[-81.402,40.216],[-81.401,40.216],[-81.401,40.216],[-81.4,40.216],[-81.399,40.216],[-81.399,40.216],[-81.378,40.215],[-81.378,40.215],[-81.376,40.215],[-81.368,40.215],[-81.362,40.215],[-81.357,40.215],[-81.355,40.215],[-81.354,40.215],[-81.338,40.214],[-81.338,40.208],[-81.339,40.203],[-81.339,40.202],[-81.339,40.201],[-81.339,40.199],[-81.339,40.198],[-81.339,40.187],[-81.339,40.175],[-81.339,40.174],[-81.339,40.172],[-81.337,40.172],[-81.326,40.172],[-81.317,40.172],[-81.307,40.172],[-81.298,40.171],[-81.29,40.171],[-81.276,40.171],[-81.274,40.171],[-81.274,40.171],[-81.256,40.171],[-81.245,40.17],[-81.244,40.17],[-81.244,40.17],[-81.243,40.17],[-81.239,40.17],[-81.23,40.17],[-81.226,40.169],[-81.226,40.167],[-81.226,40.166],[-81.226,40.159],[-81.227,40.152],[-81.227,40.148],[-81.227,40.142],[-81.227,40.141],[-81.227,40.14],[-81.227,40.139],[-81.227,40.139],[-81.227,40.131],[-81.228,40.122],[-81.228,40.118],[-81.228,40.109],[-81.228,40.105],[-81.229,40.09],[-81.229,40.085],[-81.229,40.082],[-81.229,40.075],[-81.23,40.063],[-81.23,40.061],[-81.23,40.057],[-81.23,40.056],[-81.23,40.055],[-81.23,40.055],[-81.23,40.052],[-81.231,40.039],[-81.231,40.039],[-81.231,40.037],[-81.231,40.034],[-81.231,40.028],[-81.231,40.024],[-81.232,40.01],[-81.232,40.005],[-81.232,40.004],[-81.232,40.001],[-81.232,40],[-81.232,39.994],[-81.233,39.989],[-81.233,39.978],[-81.234,39.969],[-81.234,39.967],[-81.234,39.953],[-81.234,39.952],[-81.234,39.952],[-81.234,39.951],[-81.235,39.951],[-81.237,39.951],[-81.24,39.951],[-81.242,39.951],[-81.244,39.951],[-81.265,39.952],[-81.279,39.952],[-81.292,39.953],[-81.303,39.953],[-81.304,39.953],[-81.321,39.953],[-81.336,39.953],[-81.348,39.954],[-81.348,39.95],[-81.351,39.95],[-81.362,39.95],[-81.367,39.95]]]},"properties":{"NAME":"Guernsey","GEOID":"39059"}},{"type":"Feature","geometry":{"type":"Polygon","coordinates":[[[-84.398,40.903],[-84.396,40.903],[-84.395,40.903],[-84.394,40.903],[-84.393,40.903],[-84.391,40.903],[-84.389,40.903],[-84.388,40.903],[-84.386,40.903],[-84.385,40.903],[-84.383,40.903],[-84.38,40.903],[-84.377,40.903],[-84.375,40.903],[-84.371,40.903],[-84.371,40.903],[-84.37,40.903],[-84.37,40.904],[-84.369,40.904],[-84.369,40.904],[-84.362,40.903],[-84.351,40.904],[-84.341,40.895],[-84.341,40.876],[-84.341,40.873],[-84.341,40.863],[-84.341,40.859],[-84.34,40.856],[-84.34,40.852],[-84.34,40.85],[-84.34,40.848],[-84.34,40.847],[-84.34,40.845],[-84.34,40.843],[-84.34,40.842],[-84.34,40.84],[-84.34,40.833],[-84.34,40.832],[-84.34,40.83],[-84.34,40.829],[-84.34,40.828],[-84.34,40.816],[-84.346,40.816],[-84.351,40.816],[-84.359,40.816],[-84.363,40.816],[-84.367,40.816],[-84.375,40.816],[-84.379,40.816],[-84.388,40.816],[-84.389,40.816],[-84.392,40.816],[-84.396,40.816],[-84.397,40.815],[-84.397,40.812],[-84.397,40.81],[-84.397,40.808],[-84.397,40.806],[-84.397,40.804],[-84.397,40.797],[-84.397,40.796],[-84.397,40.791],[-84.397,40.788],[-84.397,40.784],[-84.397,40.779],[-84.397,40.775],[-84.397,40.771],[-84.397,40.765],[-84.397,40.758],[-84.397,40.755],[-84.397,40.75],[-84.397,40.744],[-84.397,40.741],[-84.397,40.739],[-84.397,40.737],[-84.397,40.736],[-84.397,40.733],[-84.397,40.729],[-84.397,40.727],[-84.397,40.726],[-84.397,40.725],[-84.397,40.721],[-84.397,40.714],[-84.397,40.71],[-84.397,40.707],[-84.397,40.702],[-84.397,40.698],[-84.397,40.695],[-84.397,40.693],[-84.397,40.685],[-84.399,40.685],[-84.401,40.685],[-84.403,40.685],[-84.404,40.685],[-84.405,40.685],[-84.407,40.685],[-84.409,40.685],[-84.41,40.685],[-84.411,40.685],[-84.412,40.685],[-84.413,40.685],[-84.415,40.685],[-84.417,40.685],[-84.419,40.685],[-84.421,40.685],[-84.422,40.685],[-84.423,40.685],[-84.425,40.685],[-84.425,40.685],[-84.456,40.687],[-84.456,40.691],[-84.456,40.697],[-84.456,40.7],[-84.456,40.705],[-84.456,40.71],[-84.456,40.712],[-84.456,40.714],[-84.456,40.719],[-84.456,40.721],[-84.456,40.724],[-84.456,40.728],[-84.46,40.728],[-84.463,40.728],[-84.465,40.728],[-84.47,40.728],[-84.475,40.728],[-84.477,40.728],[-84.479,40.728],[-84.482,40.728],[-84.485,40.728],[-84.489,40.728],[-84.492,40.728],[-84.494,40.728],[-84.498,40.728],[-84.5,40.728],[-84.506,40.728],[-84.511,40.728],[-84.514,40.728],[-84.519,40.728],[-84.524,40.728],[-84.526,40.728],[-84.53,40.728],[-84.533,40.728],[-84.539,40.728],[-84.544,40.728],[-84.55,40.728],[-84.55,40.728],[-84.552,40.728],[-84.559,40.728],[-84.572,40.728],[-84.574,40.728],[-84.577,40.728],[-84.579,40.728],[-84.587,40.728],[-84.591,40.728],[-84.595,40.728],[-84.596,40.728],[-84.598,40.728],[-84.599,40.728],[-84.6,40.728],[-84.602,40.728],[-84.603,40.728],[-84.605,40.728],[-84.607,40.728],[-84.609,40.728],[-84.614,40.728],[-84.619,40.728],[-84.621,40.728],[-84.625,40.728],[-84.634,40.728],[-84.64,40.728],[-84.644,40.728],[-84.653,40.728],[-84.664,40.728],[-84.667,40.728],[-84.668,40.728],[-84.669,40.728],[-84.67,40.728],[-84.672,40.728],[-84.674,40.728],[-84.676,40.728],[-84.678,40.728],[-84.68,40.728],[-84.681,40.728],[-84.683,40.728],[-84.684,40.728],[-84.685,40.728],[-84.686,40.728],[-84.688,40.728],[-84.689,40.728],[-84.69,40.728],[-84.692,40.728],[-84.702,40.728],[-84.706,40.728],[-84.739,40.728],[-84.742,40.728],[-84.748,40.728],[-84.752,40.728],[-84.753,40.728],[-84.755,40.728],[-84.759,40.728],[-84.762,40.728],[-84.767,40.728],[-84.77,40.728],[-84.774,40.728],[-84.778,40.728],[-84.79,40.728],[-84.799,40.728],[-84.802,40.729],[-84.802,40.734],[-84.802,40.735],[-84.802,40.736],[-84.802,40.737],[-84.802,40.74],[-84.802,40.742],[-84.802,40.749],[-84.802,40.753],[-84.802,40.763],[-84.802,40.768],[-84.802,40.772],[-84.802,40.778],[-84.802,40.781],[-84.802,40.782],[-84.802,40.783],[-84.802,40.79],[-84.802,40.792],[-84.802,40.794],[-84.802,40.795],[-84.802,40.797],[-84.802,40.798],[-84.802,40.799],[-84.802,40.8],[-84.802,40.802],[-84.802,40.802],[-84.802,40.803],[-84.802,40.804],[-84.802,40.808],[-84.802,40.81],[-84.802,40.813],[-84.802,40.816],[-84.802,40.817],[-84.802,40.818],[-84.802,40.819],[-84.802,40.821],[-84.802,40.822],[-84.802,40.823],[-84.802,40.824],[-84.802,40.825],[-84.802,40.827],[-84.802,40.828],[-84.802,40.83],[-84.802,40.831],[-84.802,40.833],[-84.802,40.835],[-84.802,40.839],[-84.802,40.841],[-84.802,40.842],[-84.802,40.843],[-84.802,40.843],[-84.802,40.848],[-84.802,40.851],[-84.802,40.854],[-84.802,40.855],[-84.802,40.856],[-84.802,40.859],[-84.802,40.86],[-84.803,40.864],[-84.803,40.866],[-84.803,40.867],[-84.803,40.868],[-84.803,40.869],[-84.803,40.87],[-84.803,40.871],[-84.803,40.875],[-84.803,40.881],[-84.803,40.884],[-84.803,40.885],[-84.803,40.887],[-84.803,40.888],[-84.803,40.892],[-84.803,40.894],[-84.803,40.9],[-84.803,40.902],[-84.803,40.908],[-84.803,40.91],[-84.803,40.912],[-84.803,40.916],[-84.803,40.917],[-84.803,40.923],[-84.803,40.924],[-84.803,40.927],[-84.803,40.93],[-84.803,40.931],[-84.803,40.934],[-84.803,40.937],[-84.803,40.938],[-84.803,40.941],[-84.803,40.943],[-84.803,40.945],[-84.803,40.947],[-84.803,40.948],[-84.803,40.949],[-84.803,40.95],[-84.803,40.951],[-84.803,40.952],[-84.803,40.952],[-84.803,40.956],[-84.803,40.96],[-84.803,40.961],[-84.803,40.966],[-84.803,40.967],[-84.803,40.969],[-84.803,40.975],[-84.803,40.976],[-84.803,40.978],[-84.803,40.979],[-84.803,40.987],[-84.803,40.988],[-84.803,40.989],[-84.801,40.989],[-84.785,40.99],[-84.784,40.989],[-84.784,40.989],[-84.783,40.989],[-84.775,40.99],[-84.76,40.99],[-84.759,40.99],[-84.746,40.99],[-84.707,40.99],[-84.689,40.99],[-84.683,40.99],[-84.669,40.99],[-84.65,40.989],[-84.642,40.989],[-84.624,40.99],[-84.611,40.99],[-84.603,40.99],[-84.595,40.99],[-84.592,40.99],[-84.589,40.99],[-84.587,40.99],[-84.585,40.99],[-84.584,40.99],[-84.583,40.99],[-84.58,40.99],[-84.576,40.99],[-84.573,40.99],[-84.562,40.99],[-84.553,40.99],[-84.535,40.99],[-84.534,40.99],[-84.515,40.99],[-84.502,40.99],[-84.487,40.99],[-84.47,40.99],[-84.457,40.99],[-84.448,40.99],[-84.438,40.99],[-84.429,40.99],[-84.428,40.99],[-84.419,40.99],[-84.4,40.99],[-84.399,40.988],[-84.399,40.987],[-84.399,40.985],[-84.399,40.983],[-84.399,40.981],[-84.399,40.976],[-84.399,40.975],[-84.399,40.973],[-84.399,40.972],[-84.399,40.97],[-84.399,40.968],[-84.399,40.967],[-84.399,40.966],[-84.399,40.965],[-84.399,40.964],[-84.399,40.963],[-84.399,40.962],[-84.399,40.96],[-84.399,40.958],[-84.399,40.957],[-84.399,40.954],[-84.399,40.949],[-84.399,40.948],[-84.399,40.947],[-84.399,40.945],[-84.399,40.945],[-84.399,40.942],[-84.399,40.937],[-84.399,40.935],[-84.399,40.93],[-84.399,40.925],[-84.399,40.922],[-84.399,40.92],[-84.399,40.919],[-84.399,40.917],[-84.399,40.915],[-84.399,40.914],[-84.399,40.913],[-84.399,40.911],[-84.398,40.91],[-84.398,40.909],[-84.398,40.908],[-84.398,40.907],[-84.398,40.906],[-84.398,40.905],[-84.398,40.904],[-84.398,40.904],[-84.398,40.903]]]},"properties":{"NAME":"Van Wert","GEOID":"39161"}},{"type":"Feature","geometry":{"type":"Polygon","coordinates":[[[-83.373,39.377],[-83.375,39.377],[-83.392,39.378],[-83.425,39.378],[-83.453,39.378],[-83.472,39.378],[-83.494,39.378],[-83.512,39.378],[-83.523,39.378],[-83.533,39.378],[-83.559,39.378],[-83.574,39.379],[-83.591,39.379],[-83.589,39.398],[-83.589,39.4],[-83.588,39.415],[-83.587,39.426],[-83.585,39.448],[-83.585,39.448],[-83.585,39.45],[-83.583,39.467],[-83.581,39.496],[-83.58,39.504],[-83.58,39.507],[-83.579,39.513],[-83.579,39.518],[-83.577,39.537],[-83.576,39.545],[-83.584,39.545],[-83.603,39.546],[-83.611,39.547],[-83.622,39.548],[-83.625,39.548],[-83.643,39.549],[-83.643,39.549],[-83.643,39.549],[-83.654,39.549],[-83.668,39.55],[-83.669,39.566],[-83.668,39.571],[-83.668,39.571],[-83.668,39.572],[-83.668,39.573],[-83.667,39.578],[-83.667,39.587],[-83.667,39.588],[-83.667,39.588],[-83.666,39.588],[-83.666,39.597],[-83.665,39.6],[-83.665,39.603],[-83.665,39.605],[-83.665,39.605],[-83.664,39.608],[-83.664,39.618],[-83.662,39.638],[-83.661,39.648],[-83.66,39.651],[-83.659,39.659],[-83.658,39.67],[-83.655,39.702],[-83.653,39.717],[-83.645,39.717],[-83.615,39.715],[-83.576,39.712],[-83.529,39.709],[-83.515,39.709],[-83.5,39.708],[-83.474,39.706],[-83.439,39.704],[-83.438,39.704],[-83.408,39.703],[-83.382,39.701],[-83.365,39.701],[-83.356,39.7],[-83.353,39.7],[-83.335,39.7],[-83.297,39.698],[-83.286,39.697],[-83.277,39.697],[-83.264,39.696],[-83.257,39.696],[-83.256,39.696],[-83.252,39.695],[-83.253,39.685],[-83.254,39.671],[-83.254,39.67],[-83.255,39.667],[-83.255,39.667],[-83.255,39.666],[-83.255,39.661],[-83.256,39.658],[-83.257,39.642],[-83.257,39.635],[-83.258,39.627],[-83.258,39.625],[-83.258,39.624],[-83.259,39.607],[-83.26,39.595],[-83.261,39.582],[-83.263,39.564],[-83.263,39.559],[-83.264,39.553],[-83.264,39.545],[-83.264,39.541],[-83.267,39.516],[-83.273,39.508],[-83.273,39.508],[-83.273,39.508],[-83.275,39.505],[-83.275,39.505],[-83.276,39.504],[-83.277,39.503],[-83.28,39.499],[-83.282,39.497],[-83.283,39.495],[-83.292,39.484],[-83.296,39.478],[-83.302,39.471],[-83.303,39.469],[-83.311,39.458],[-83.317,39.451],[-83.319,39.448],[-83.324,39.442],[-83.326,39.439],[-83.329,39.435],[-83.329,39.434],[-83.333,39.43],[-83.335,39.427],[-83.339,39.421],[-83.345,39.413],[-83.351,39.406],[-83.352,39.405],[-83.355,39.401],[-83.362,39.391],[-83.367,39.385],[-83.372,39.378],[-83.373,39.377],[-83.373,39.377]]]},"properties":{"NAME":"Fayette","GEOID":"39047"}},{"type":"Feature","geometry":{"type":"Polygon","coordinates":[[[-81.509,40.65],[-81.502,40.651],[-81.498,40.652],[-81.487,40.653],[-81.482,40.653],[-81.479,40.654],[-81.474,40.654],[-81.474,40.654],[-81.472,40.655],[-81.469,40.655],[-81.468,40.655],[-81.468,40.656],[-81.468,40.656],[-81.467,40.656],[-81.467,40.656],[-81.467,40.658],[-81.464,40.661],[-81.463,40.664],[-81.461,40.666],[-81.46,40.667],[-81.46,40.667],[-81.459,40.667],[-81.459,40.667],[-81.459,40.667],[-81.457,40.667],[-81.456,40.667],[-81.456,40.667],[-81.455,40.666],[-81.454,40.666],[-81.453,40.666],[-81.449,40.665],[-81.443,40.664],[-81.441,40.664],[-81.439,40.663],[-81.438,40.663],[-81.437,40.663],[-81.435,40.661],[-81.435,40.659],[-81.436,40.658],[-81.439,40.658],[-81.441,40.657],[-81.442,40.657],[-81.442,40.657],[-81.443,40.656],[-81.444,40.655],[-81.445,40.655],[-81.445,40.655],[-81.446,40.655],[-81.446,40.655],[-81.448,40.654],[-81.447,40.654],[-81.44,40.654],[-81.435,40.653],[-81.428,40.653],[-81.413,40.653],[-81.405,40.653],[-81.402,40.653],[-81.393,40.653],[-81.384,40.653],[-81.375,40.653],[-81.374,40.653],[-81.365,40.653],[-81.361,40.653],[-81.357,40.653],[-81.356,40.653],[-81.355,40.653],[-81.355,40.653],[-81.352,40.652],[-81.351,40.652],[-81.35,40.652],[-81.347,40.652],[-81.336,40.652],[-81.323,40.652],[-81.318,40.652],[-81.318,40.646],[-81.318,40.638],[-81.318,40.636],[-81.318,40.635],[-81.318,40.632],[-81.319,40.629],[-81.319,40.627],[-81.319,40.627],[-81.319,40.626],[-81.319,40.623],[-81.319,40.62],[-81.319,40.613],[-81.32,40.605],[-81.32,40.604],[-81.32,40.604],[-81.32,40.602],[-81.32,40.597],[-81.32,40.595],[-81.32,40.593],[-81.32,40.589],[-81.321,40.588],[-81.321,40.586],[-81.321,40.583],[-81.321,40.58],[-81.321,40.578],[-81.321,40.576],[-81.322,40.567],[-81.316,40.566],[-81.309,40.566],[-81.308,40.566],[-81.289,40.566],[-81.284,40.566],[-81.277,40.565],[-81.269,40.565],[-81.266,40.565],[-81.265,40.565],[-81.265,40.562],[-81.265,40.556],[-81.265,40.552],[-81.266,40.542],[-81.266,40.54],[-81.266,40.539],[-81.266,40.538],[-81.266,40.53],[-81.267,40.526],[-81.267,40.523],[-81.267,40.518],[-81.267,40.513],[-81.267,40.51],[-81.267,40.508],[-81.267,40.507],[-81.267,40.507],[-81.267,40.506],[-81.268,40.503],[-81.268,40.501],[-81.268,40.5],[-81.268,40.498],[-81.268,40.494],[-81.268,40.49],[-81.268,40.488],[-81.268,40.484],[-81.268,40.482],[-81.268,40.48],[-81.268,40.477],[-81.268,40.476],[-81.269,40.472],[-81.269,40.469],[-81.269,40.459],[-81.269,40.455],[-81.269,40.453],[-81.269,40.449],[-81.27,40.438],[-81.27,40.432],[-81.27,40.427],[-81.27,40.426],[-81.271,40.411],[-81.271,40.405],[-81.271,40.395],[-81.272,40.389],[-81.272,40.382],[-81.272,40.375],[-81.273,40.369],[-81.273,40.365],[-81.273,40.356],[-81.274,40.339],[-81.274,40.332],[-81.274,40.327],[-81.275,40.318],[-81.275,40.311],[-81.285,40.303],[-81.285,40.303],[-81.289,40.304],[-81.296,40.304],[-81.297,40.304],[-81.311,40.304],[-81.314,40.304],[-81.318,40.304],[-81.325,40.304],[-81.328,40.304],[-81.335,40.304],[-81.335,40.291],[-81.336,40.279],[-81.336,40.278],[-81.336,40.267],[-81.336,40.262],[-81.337,40.257],[-81.337,40.255],[-81.337,40.248],[-81.337,40.242],[-81.337,40.239],[-81.337,40.233],[-81.337,40.231],[-81.338,40.22],[-81.338,40.219],[-81.338,40.214],[-81.348,40.214],[-81.355,40.215],[-81.356,40.215],[-81.359,40.215],[-81.367,40.215],[-81.371,40.215],[-81.378,40.215],[-81.378,40.215],[-81.39,40.216],[-81.399,40.216],[-81.4,40.216],[-81.401,40.216],[-81.401,40.216],[-81.402,40.216],[-81.403,40.216],[-81.403,40.216],[-81.403,40.216],[-81.41,40.216],[-81.412,40.216],[-81.418,40.216],[-81.424,40.216],[-81.426,40.216],[-81.431,40.216],[-81.433,40.217],[-81.437,40.217],[-81.448,40.217],[-81.453,40.217],[-81.46,40.217],[-81.464,40.217],[-81.47,40.218],[-81.475,40.218],[-81.481,40.218],[-81.482,40.218],[-81.487,40.218],[-81.489,40.218],[-81.493,40.218],[-81.496,40.218],[-81.498,40.218],[-81.505,40.219],[-81.51,40.219],[-81.513,40.219],[-81.517,40.219],[-81.521,40.219],[-81.522,40.219],[-81.525,40.219],[-81.528,40.219],[-81.534,40.219],[-81.535,40.219],[-81.536,40.219],[-81.543,40.219],[-81.546,40.22],[-81.547,40.22],[-81.549,40.22],[-81.552,40.22],[-81.553,40.22],[-81.565,40.22],[-81.577,40.22],[-81.585,40.22],[-81.585,40.22],[-81.586,40.22],[-81.59,40.221],[-81.594,40.221],[-81.598,40.221],[-81.607,40.221],[-81.611,40.221],[-81.613,40.221],[-81.614,40.221],[-81.615,40.221],[-81.616,40.221],[-81.621,40.221],[-81.622,40.221],[-81.622,40.23],[-81.622,40.236],[-81.622,40.24],[-81.622,40.243],[-81.621,40.249],[-81.621,40.253],[-81.621,40.254],[-81.621,40.257],[-81.621,40.262],[-81.621,40.262],[-81.621,40.263],[-81.621,40.264],[-81.621,40.266],[-81.62,40.268],[-81.62,40.269],[-81.62,40.272],[-81.62,40.272],[-81.62,40.274],[-81.62,40.278],[-81.62,40.282],[-81.62,40.283],[-81.62,40.285],[-81.619,40.29],[-81.619,40.295],[-81.619,40.297],[-81.619,40.3],[-81.619,40.304],[-81.619,40.311],[-81.619,40.313],[-81.618,40.314],[-81.618,40.316],[-81.618,40.319],[-81.618,40.329],[-81.618,40.331],[-81.618,40.331],[-81.618,40.332],[-81.618,40.335],[-81.618,40.337],[-81.618,40.338],[-81.618,40.339],[-81.618,40.34],[-81.618,40.34],[-81.618,40.341],[-81.618,40.342],[-81.617,40.343],[-81.617,40.348],[-81.617,40.357],[-81.617,40.363],[-81.616,40.366],[-81.616,40.368],[-81.62,40.368],[-81.621,40.368],[-81.622,40.368],[-81.63,40.369],[-81.64,40.369],[-81.642,40.369],[-81.648,40.369],[-81.657,40.369],[-81.667,40.37],[-81.67,40.37],[-81.683,40.37],[-81.683,40.37],[-81.684,40.37],[-81.685,40.37],[-81.687,40.37],[-81.687,40.37],[-81.687,40.37],[-81.7,40.371],[-81.706,40.371],[-81.708,40.371],[-81.71,40.371],[-81.712,40.371],[-81.712,40.373],[-81.712,40.378],[-81.712,40.386],[-81.712,40.39],[-81.711,40.401],[-81.711,40.406],[-81.711,40.411],[-81.711,40.413],[-81.71,40.423],[-81.71,40.431],[-81.71,40.432],[-81.71,40.436],[-81.71,40.437],[-81.709,40.439],[-81.709,40.44],[-81.709,40.442],[-81.709,40.443],[-81.709,40.443],[-81.709,40.444],[-81.707,40.445],[-81.704,40.445],[-81.701,40.445],[-81.697,40.445],[-81.687,40.444],[-81.68,40.444],[-81.671,40.444],[-81.67,40.445],[-81.67,40.448],[-81.669,40.459],[-81.669,40.471],[-81.669,40.476],[-81.668,40.485],[-81.668,40.494],[-81.668,40.5],[-81.668,40.502],[-81.667,40.51],[-81.667,40.516],[-81.666,40.525],[-81.666,40.539],[-81.665,40.555],[-81.665,40.561],[-81.665,40.564],[-81.665,40.572],[-81.665,40.574],[-81.665,40.575],[-81.665,40.579],[-81.665,40.584],[-81.665,40.585],[-81.664,40.587],[-81.664,40.594],[-81.664,40.605],[-81.663,40.627],[-81.668,40.631],[-81.654,40.634],[-81.649,40.635],[-81.644,40.635],[-81.631,40.637],[-81.625,40.637],[-81.623,40.637],[-81.617,40.638],[-81.605,40.64],[-81.593,40.641],[-81.591,40.641],[-81.584,40.642],[-81.581,40.642],[-81.578,40.643],[-81.573,40.643],[-81.568,40.644],[-81.562,40.644],[-81.561,40.645],[-81.557,40.645],[-81.556,40.645],[-81.554,40.645],[-81.553,40.645],[-81.551,40.646],[-81.549,40.646],[-81.547,40.646],[-81.538,40.647],[-81.538,40.647],[-81.536,40.647],[-81.53,40.648],[-81.525,40.649],[-81.522,40.649],[-81.52,40.649],[-81.51,40.65],[-81.509,40.65]]]},"properties":{"NAME":"Tuscarawas","GEOID":"39157"}},{"type":"Feature","geometry":{"type":"Polygon","coordinates":[[[-84.227,41.34],[-84.227,41.339],[-84.227,41.336],[-84.227,41.334],[-84.227,41.333],[-84.227,41.331],[-84.227,41.33],[-84.227,41.329],[-84.227,41.328],[-84.227,41.326],[-84.227,41.318],[-84.227,41.316],[-84.227,41.313],[-84.227,41.306],[-84.227,41.304],[-84.227,41.303],[-84.227,41.302],[-84.227,41.301],[-84.228,41.298],[-84.227,41.296],[-84.227,41.294],[-84.227,41.292],[-84.227,41.29],[-84.227,41.289],[-84.227,41.288],[-84.227,41.287],[-84.227,41.286],[-84.227,41.284],[-84.227,41.283],[-84.227,41.28],[-84.227,41.275],[-84.227,41.271],[-84.227,41.268],[-84.227,41.267],[-84.227,41.266],[-84.227,41.265],[-84.227,41.265],[-84.227,41.264],[-84.227,41.263],[-84.227,41.262],[-84.227,41.262],[-84.227,41.26],[-84.227,41.259],[-84.227,41.258],[-84.227,41.258],[-84.227,41.256],[-84.227,41.255],[-84.227,41.254],[-84.227,41.253],[-84.227,41.252],[-84.227,41.251],[-84.227,41.25],[-84.228,41.249],[-84.228,41.248],[-84.228,41.247],[-84.228,41.246],[-84.228,41.245],[-84.228,41.244],[-84.228,41.243],[-84.228,41.242],[-84.228,41.241],[-84.228,41.24],[-84.228,41.239],[-84.228,41.238],[-84.228,41.237],[-84.228,41.236],[-84.228,41.235],[-84.228,41.234],[-84.228,41.233],[-84.228,41.231],[-84.228,41.23],[-84.228,41.23],[-84.228,41.229],[-84.228,41.228],[-84.228,41.227],[-84.228,41.225],[-84.228,41.225],[-84.228,41.224],[-84.228,41.223],[-84.228,41.221],[-84.228,41.22],[-84.228,41.219],[-84.228,41.217],[-84.228,41.216],[-84.228,41.215],[-84.228,41.209],[-84.228,41.205],[-84.228,41.202],[-84.228,41.197],[-84.228,41.197],[-84.228,41.195],[-84.228,41.191],[-84.228,41.188],[-84.228,41.186],[-84.228,41.183],[-84.228,41.18],[-84.228,41.179],[-84.228,41.176],[-84.228,41.174],[-84.228,41.171],[-84.228,41.169],[-84.229,41.166],[-84.231,41.166],[-84.232,41.166],[-84.234,41.166],[-84.237,41.166],[-84.238,41.166],[-84.24,41.166],[-84.242,41.166],[-84.244,41.166],[-84.245,41.166],[-84.246,41.166],[-84.267,41.166],[-84.27,41.166],[-84.272,41.166],[-84.278,41.166],[-84.279,41.166],[-84.282,41.166],[-84.283,41.166],[-84.285,41.166],[-84.289,41.166],[-84.291,41.166],[-84.293,41.166],[-84.295,41.166],[-84.296,41.166],[-84.299,41.166],[-84.302,41.166],[-84.305,41.165],[-84.306,41.165],[-84.309,41.165],[-84.31,41.165],[-84.31,41.165],[-84.311,41.165],[-84.316,41.165],[-84.318,41.165],[-84.323,41.165],[-84.324,41.165],[-84.326,41.165],[-84.329,41.165],[-84.333,41.165],[-84.335,41.165],[-84.338,41.165],[-84.342,41.166],[-84.342,41.173],[-84.342,41.176],[-84.342,41.18],[-84.342,41.184],[-84.342,41.186],[-84.342,41.186],[-84.342,41.187],[-84.342,41.191],[-84.342,41.193],[-84.342,41.195],[-84.342,41.197],[-84.342,41.201],[-84.342,41.202],[-84.342,41.204],[-84.342,41.206],[-84.342,41.207],[-84.342,41.208],[-84.342,41.208],[-84.342,41.209],[-84.342,41.209],[-84.342,41.209],[-84.342,41.209],[-84.343,41.209],[-84.344,41.209],[-84.344,41.209],[-84.346,41.209],[-84.348,41.209],[-84.35,41.209],[-84.352,41.209],[-84.354,41.209],[-84.356,41.209],[-84.361,41.209],[-84.366,41.209],[-84.372,41.209],[-84.379,41.209],[-84.381,41.209],[-84.384,41.209],[-84.386,41.209],[-84.387,41.209],[-84.389,41.209],[-84.391,41.209],[-84.396,41.209],[-84.4,41.209],[-84.402,41.209],[-84.403,41.209],[-84.409,41.209],[-84.412,41.209],[-84.416,41.209],[-84.419,41.209],[-84.422,41.209],[-84.428,41.209],[-84.428,41.209],[-84.429,41.209],[-84.431,41.209],[-84.434,41.209],[-84.437,41.209],[-84.44,41.209],[-84.444,41.209],[-84.455,41.209],[-84.457,41.21],[-84.457,41.211],[-84.457,41.213],[-84.457,41.215],[-84.457,41.216],[-84.457,41.217],[-84.457,41.22],[-84.457,41.222],[-84.457,41.223],[-84.457,41.224],[-84.457,41.227],[-84.457,41.228],[-84.457,41.232],[-84.457,41.237],[-84.457,41.24],[-84.457,41.243],[-84.457,41.249],[-84.457,41.249],[-84.457,41.25],[-84.457,41.253],[-84.458,41.253],[-84.459,41.253],[-84.461,41.253],[-84.462,41.253],[-84.464,41.253],[-84.465,41.253],[-84.467,41.253],[-84.469,41.253],[-84.471,41.253],[-84.475,41.253],[-84.477,41.253],[-84.486,41.253],[-84.486,41.253],[-84.488,41.253],[-84.49,41.253],[-84.491,41.253],[-84.491,41.253],[-84.491,41.253],[-84.494,41.253],[-84.495,41.253],[-84.495,41.253],[-84.496,41.253],[-84.505,41.253],[-84.507,41.253],[-84.51,41.253],[-84.512,41.253],[-84.514,41.253],[-84.516,41.253],[-84.522,41.253],[-84.525,41.253],[-84.525,41.253],[-84.525,41.253],[-84.527,41.253],[-84.527,41.253],[-84.529,41.253],[-84.538,41.253],[-84.539,41.253],[-84.54,41.253],[-84.54,41.253],[-84.541,41.253],[-84.544,41.253],[-84.554,41.253],[-84.56,41.253],[-84.566,41.253],[-84.566,41.253],[-84.57,41.253],[-84.571,41.253],[-84.572,41.253],[-84.572,41.253],[-84.578,41.253],[-84.581,41.253],[-84.588,41.253],[-84.592,41.253],[-84.592,41.253],[-84.593,41.253],[-84.593,41.253],[-84.594,41.253],[-84.596,41.253],[-84.6,41.253],[-84.601,41.253],[-84.603,41.253],[-84.607,41.253],[-84.61,41.253],[-84.611,41.253],[-84.611,41.253],[-84.614,41.253],[-84.616,41.253],[-84.618,41.253],[-84.62,41.253],[-84.625,41.253],[-84.627,41.253],[-84.629,41.253],[-84.631,41.253],[-84.636,41.253],[-84.642,41.253],[-84.643,41.253],[-84.645,41.253],[-84.649,41.253],[-84.65,41.253],[-84.65,41.253],[-84.652,41.253],[-84.656,41.253],[-84.661,41.253],[-84.664,41.253],[-84.669,41.253],[-84.673,41.253],[-84.678,41.253],[-84.684,41.252],[-84.686,41.252],[-84.694,41.252],[-84.698,41.252],[-84.702,41.252],[-84.706,41.252],[-84.709,41.252],[-84.713,41.252],[-84.728,41.252],[-84.729,41.252],[-84.742,41.252],[-84.743,41.252],[-84.749,41.252],[-84.758,41.252],[-84.769,41.252],[-84.772,41.252],[-84.776,41.252],[-84.779,41.253],[-84.78,41.253],[-84.781,41.253],[-84.782,41.253],[-84.784,41.252],[-84.794,41.253],[-84.796,41.253],[-84.801,41.253],[-84.804,41.253],[-84.804,41.254],[-84.804,41.255],[-84.804,41.256],[-84.804,41.257],[-84.804,41.257],[-84.804,41.259],[-84.804,41.26],[-84.804,41.261],[-84.804,41.262],[-84.804,41.263],[-84.804,41.264],[-84.804,41.264],[-84.804,41.265],[-84.804,41.267],[-84.804,41.268],[-84.804,41.269],[-84.804,41.27],[-84.804,41.271],[-84.804,41.272],[-84.804,41.273],[-84.804,41.274],[-84.804,41.275],[-84.804,41.277],[-84.804,41.278],[-84.804,41.279],[-84.804,41.28],[-84.804,41.281],[-84.804,41.282],[-84.804,41.283],[-84.804,41.284],[-84.804,41.285],[-84.804,41.286],[-84.804,41.286],[-84.804,41.287],[-84.804,41.288],[-84.804,41.289],[-84.804,41.29],[-84.804,41.291],[-84.804,41.292],[-84.804,41.293],[-84.804,41.294],[-84.804,41.295],[-84.804,41.296],[-84.804,41.296],[-84.804,41.297],[-84.804,41.298],[-84.804,41.299],[-84.804,41.3],[-84.804,41.302],[-84.804,41.304],[-84.804,41.305],[-84.804,41.306],[-84.804,41.307],[-84.804,41.308],[-84.804,41.308],[-84.804,41.31],[-84.804,41.311],[-84.804,41.312],[-84.804,41.314],[-84.804,41.315],[-84.804,41.316],[-84.804,41.316],[-84.804,41.32],[-84.804,41.321],[-84.804,41.323],[-84.804,41.325],[-84.804,41.325],[-84.804,41.329],[-84.804,41.333],[-84.804,41.336],[-84.804,41.339],[-84.804,41.34],[-84.804,41.346],[-84.804,41.35],[-84.804,41.351],[-84.804,41.354],[-84.804,41.355],[-84.804,41.357],[-84.804,41.358],[-84.804,41.361],[-84.804,41.364],[-84.804,41.366],[-84.804,41.368],[-84.804,41.372],[-84.804,41.373],[-84.804,41.374],[-84.804,41.375],[-84.804,41.375],[-84.804,41.378],[-84.804,41.405],[-84.804,41.409],[-84.804,41.412],[-84.804,41.426],[-84.803,41.426],[-84.798,41.426],[-84.797,41.426],[-84.793,41.426],[-84.789,41.426],[-84.786,41.426],[-84.781,41.426],[-84.778,41.426],[-84.775,41.426],[-84.771,41.426],[-84.767,41.426],[-84.765,41.426],[-84.756,41.426],[-84.75,41.426],[-84.749,41.426],[-84.742,41.426],[-84.74,41.426],[-84.739,41.426],[-84.738,41.426],[-84.737,41.426],[-84.736,41.426],[-84.734,41.426],[-84.733,41.426],[-84.732,41.426],[-84.73,41.426],[-84.73,41.426],[-84.727,41.426],[-84.726,41.426],[-84.725,41.426],[-84.724,41.426],[-84.723,41.426],[-84.721,41.426],[-84.72,41.426],[-84.716,41.426],[-84.713,41.426],[-84.711,41.426],[-84.708,41.426],[-84.706,41.426],[-84.703,41.426],[-84.701,41.426],[-84.699,41.426],[-84.699,41.426],[-84.696,41.426],[-84.694,41.426],[-84.692,41.426],[-84.69,41.426],[-84.688,41.426],[-84.687,41.426],[-84.679,41.427],[-84.67,41.427],[-84.656,41.427],[-84.656,41.427],[-84.655,41.427],[-84.653,41.427],[-84.651,41.427],[-84.649,41.427],[-84.648,41.427],[-84.645,41.427],[-84.643,41.427],[-84.642,41.427],[-84.635,41.427],[-84.632,41.427],[-84.63,41.427],[-84.628,41.427],[-84.626,41.427],[-84.625,41.427],[-84.623,41.427],[-84.623,41.427],[-84.622,41.427],[-84.619,41.427],[-84.618,41.427],[-84.616,41.427],[-84.615,41.427],[-84.613,41.427],[-84.613,41.427],[-84.613,41.427],[-84.612,41.427],[-84.611,41.427],[-84.608,41.427],[-84.606,41.427],[-84.604,41.427],[-84.602,41.427],[-84.596,41.427],[-84.595,41.427],[-84.593,41.427],[-84.593,41.427],[-84.592,41.427],[-84.59,41.427],[-84.585,41.427],[-84.583,41.427],[-84.579,41.427],[-84.576,41.427],[-84.574,41.427],[-84.565,41.427],[-84.561,41.427],[-84.555,41.427],[-84.553,41.427],[-84.552,41.427],[-84.545,41.427],[-84.543,41.427],[-84.536,41.427],[-84.529,41.427],[-84.527,41.427],[-84.521,41.427],[-84.517,41.427],[-84.51,41.427],[-84.5,41.427],[-84.495,41.427],[-84.49,41.427],[-84.486,41.427],[-84.479,41.427],[-84.474,41.427],[-84.47,41.427],[-84.464,41.427],[-84.461,41.427],[-84.46,41.427],[-84.458,41.427],[-84.457,41.427],[-84.453,41.427],[-84.45,41.427],[-84.447,41.427],[-84.442,41.427],[-84.439,41.427],[-84.437,41.427],[-84.429,41.427],[-84.426,41.427],[-84.423,41.427],[-84.402,41.427],[-84.398,41.427],[-84.397,41.427],[-84.396,41.427],[-84.392,41.427],[-84.389,41.427],[-84.388,41.427],[-84.388,41.427],[-84.387,41.427],[-84.384,41.427],[-84.38,41.427],[-84.379,41.428],[-84.374,41.428],[-84.366,41.428],[-84.363,41.428],[-84.361,41.428],[-84.36,41.428],[-84.358,41.428],[-84.356,41.428],[-84.351,41.428],[-84.342,41.428],[-84.337,41.428],[-84.325,41.428],[-84.32,41.428],[-84.314,41.428],[-84.308,41.428],[-84.305,41.428],[-84.304,41.428],[-84.303,41.428],[-84.298,41.428],[-84.287,41.428],[-84.286,41.428],[-84.284,41.428],[-84.272,41.428],[-84.27,41.428],[-84.269,41.428],[-84.268,41.428],[-84.267,41.428],[-84.266,41.428],[-84.264,41.428],[-84.263,41.428],[-84.261,41.428],[-84.26,41.428],[-84.256,41.428],[-84.252,41.428],[-84.248,41.428],[-84.247,41.428],[-84.242,41.428],[-84.242,41.428],[-84.228,41.423],[-84.228,41.42],[-84.228,41.412],[-84.228,41.408],[-84.228,41.405],[-84.228,41.398],[-84.228,41.397],[-84.228,41.384],[-84.228,41.381],[-84.228,41.375],[-84.228,41.372],[-84.228,41.37],[-84.228,41.369],[-84.228,41.366],[-84.228,41.362],[-84.228,41.36],[-84.228,41.358],[-84.228,41.358],[-84.228,41.356],[-84.228,41.355],[-84.227,41.353],[-84.227,41.352],[-84.227,41.351],[-84.227,41.349],[-84.227,41.348],[-84.227,41.344],[-84.227,41.34]]]},"properties":{"NAME":"Defiance","GEOID":"39039"}},{"type":"Feature","geometry":{"type":"Polygon","coordinates":[[[-80.825,39.803],[-80.825,39.803],[-80.825,39.801],[-80.829,39.796],[-80.831,39.795],[-80.832,39.793],[-80.834,39.792],[-80.839,39.789],[-80.841,39.788],[-80.846,39.785],[-80.849,39.783],[-80.852,39.782],[-80.852,39.781],[-80.854,39.78],[-80.856,39.779],[-80.864,39.774],[-80.866,39.771],[-80.868,39.77],[-80.869,39.766],[-80.87,39.764],[-80.87,39.763],[-80.87,39.763],[-80.869,39.762],[-80.868,39.76],[-80.868,39.757],[-80.865,39.753],[-80.864,39.752],[-80.862,39.75],[-80.859,39.747],[-80.858,39.746],[-80.856,39.745],[-80.856,39.744],[-80.852,39.741],[-80.85,39.741],[-80.85,39.741],[-80.849,39.741],[-80.846,39.739],[-80.846,39.738],[-80.847,39.738],[-80.847,39.737],[-80.843,39.733],[-80.841,39.729],[-80.838,39.727],[-80.837,39.724],[-80.836,39.723],[-80.835,39.723],[-80.834,39.721],[-80.834,39.721],[-80.833,39.721],[-80.832,39.72],[-80.831,39.718],[-80.831,39.716],[-80.83,39.714],[-80.83,39.711],[-80.83,39.71],[-80.831,39.709],[-80.833,39.704],[-80.835,39.703],[-80.839,39.701],[-80.85,39.699],[-80.853,39.698],[-80.856,39.697],[-80.857,39.696],[-80.858,39.695],[-80.86,39.695],[-80.863,39.692],[-80.864,39.691],[-80.864,39.69],[-80.865,39.689],[-80.866,39.686],[-80.866,39.684],[-80.866,39.682],[-80.866,39.681],[-80.865,39.68],[-80.866,39.679],[-80.866,39.679],[-80.867,39.678],[-80.866,39.676],[-80.866,39.675],[-80.866,39.673],[-80.866,39.671],[-80.866,39.668],[-80.866,39.667],[-80.866,39.667],[-80.865,39.667],[-80.865,39.666],[-80.865,39.665],[-80.866,39.661],[-80.866,39.659],[-80.866,39.657],[-80.867,39.653],[-80.868,39.65],[-80.87,39.647],[-80.87,39.644],[-80.871,39.643],[-80.87,39.642],[-80.871,39.641],[-80.871,39.64],[-80.871,39.639],[-80.872,39.638],[-80.872,39.637],[-80.874,39.633],[-80.875,39.629],[-80.876,39.627],[-80.877,39.626],[-80.88,39.621],[-80.883,39.62],[-80.892,39.617],[-80.897,39.617],[-80.905,39.618],[-80.916,39.619],[-80.919,39.618],[-80.92,39.618],[-80.923,39.618],[-80.927,39.617],[-80.933,39.615],[-80.936,39.613],[-80.941,39.609],[-80.944,39.607],[-80.944,39.607],[-80.945,39.606],[-80.946,39.605],[-80.948,39.604],[-80.949,39.603],[-80.951,39.602],[-80.962,39.596],[-80.97,39.59],[-80.973,39.589],[-80.974,39.588],[-80.976,39.586],[-80.977,39.585],[-80.977,39.585],[-80.979,39.584],[-80.988,39.577],[-80.991,39.574],[-80.994,39.571],[-80.997,39.569],[-81,39.567],[-81,39.567],[-81.001,39.567],[-81.001,39.567],[-81.002,39.566],[-81.003,39.566],[-81.004,39.565],[-81.005,39.565],[-81.007,39.564],[-81.008,39.563],[-81.009,39.563],[-81.009,39.562],[-81.01,39.562],[-81.01,39.561],[-81.011,39.56],[-81.012,39.56],[-81.014,39.559],[-81.015,39.558],[-81.016,39.558],[-81.019,39.556],[-81.021,39.555],[-81.024,39.552],[-81.027,39.549],[-81.027,39.548],[-81.027,39.547],[-81.028,39.547],[-81.029,39.547],[-81.029,39.546],[-81.03,39.546],[-81.031,39.544],[-81.032,39.544],[-81.033,39.543],[-81.035,39.542],[-81.038,39.54],[-81.038,39.54],[-81.039,39.54],[-81.039,39.541],[-81.039,39.543],[-81.038,39.548],[-81.038,39.553],[-81.037,39.561],[-81.037,39.563],[-81.037,39.564],[-81.037,39.569],[-81.037,39.572],[-81.038,39.572],[-81.045,39.573],[-81.062,39.573],[-81.081,39.574],[-81.091,39.574],[-81.092,39.574],[-81.096,39.574],[-81.12,39.575],[-81.128,39.576],[-81.137,39.576],[-81.142,39.576],[-81.149,39.576],[-81.159,39.577],[-81.16,39.577],[-81.176,39.577],[-81.192,39.578],[-81.202,39.578],[-81.211,39.578],[-81.224,39.578],[-81.237,39.579],[-81.241,39.579],[-81.244,39.579],[-81.247,39.579],[-81.247,39.577],[-81.247,39.576],[-81.259,39.577],[-81.265,39.577],[-81.265,39.581],[-81.265,39.584],[-81.265,39.59],[-81.265,39.592],[-81.265,39.598],[-81.264,39.605],[-81.265,39.605],[-81.273,39.605],[-81.274,39.606],[-81.278,39.606],[-81.282,39.606],[-81.283,39.606],[-81.283,39.608],[-81.283,39.612],[-81.283,39.616],[-81.283,39.619],[-81.283,39.62],[-81.282,39.628],[-81.282,39.63],[-81.282,39.631],[-81.282,39.635],[-81.282,39.636],[-81.282,39.639],[-81.282,39.646],[-81.282,39.649],[-81.282,39.657],[-81.281,39.659],[-81.281,39.67],[-81.281,39.678],[-81.281,39.679],[-81.281,39.69],[-81.281,39.691],[-81.281,39.692],[-81.281,39.692],[-81.281,39.693],[-81.281,39.697],[-81.281,39.707],[-81.281,39.707],[-81.291,39.707],[-81.297,39.707],[-81.303,39.707],[-81.304,39.707],[-81.305,39.707],[-81.305,39.707],[-81.306,39.707],[-81.306,39.707],[-81.307,39.707],[-81.307,39.707],[-81.308,39.707],[-81.309,39.707],[-81.31,39.707],[-81.31,39.707],[-81.311,39.707],[-81.311,39.707],[-81.312,39.707],[-81.313,39.707],[-81.314,39.707],[-81.315,39.707],[-81.315,39.707],[-81.316,39.707],[-81.319,39.709],[-81.319,39.716],[-81.318,39.732],[-81.318,39.739],[-81.318,39.75],[-81.318,39.751],[-81.318,39.752],[-81.318,39.754],[-81.318,39.754],[-81.318,39.761],[-81.317,39.766],[-81.317,39.77],[-81.317,39.773],[-81.317,39.774],[-81.317,39.778],[-81.317,39.78],[-81.316,39.786],[-81.316,39.788],[-81.316,39.798],[-81.316,39.799],[-81.316,39.804],[-81.316,39.806],[-81.316,39.807],[-81.316,39.81],[-81.315,39.813],[-81.315,39.817],[-81.315,39.822],[-81.315,39.827],[-81.315,39.832],[-81.315,39.833],[-81.315,39.834],[-81.315,39.834],[-81.314,39.844],[-81.314,39.858],[-81.314,39.859],[-81.314,39.859],[-81.314,39.86],[-81.314,39.86],[-81.314,39.86],[-81.314,39.861],[-81.314,39.861],[-81.314,39.861],[-81.314,39.864],[-81.309,39.869],[-81.293,39.869],[-81.286,39.869],[-81.272,39.869],[-81.264,39.868],[-81.256,39.868],[-81.252,39.868],[-81.249,39.868],[-81.242,39.868],[-81.241,39.868],[-81.24,39.868],[-81.232,39.868],[-81.231,39.868],[-81.213,39.867],[-81.211,39.867],[-81.203,39.867],[-81.196,39.867],[-81.194,39.867],[-81.193,39.867],[-81.183,39.867],[-81.158,39.866],[-81.151,39.866],[-81.138,39.865],[-81.131,39.865],[-81.126,39.864],[-81.123,39.864],[-81.117,39.864],[-81.106,39.863],[-81.101,39.863],[-81.094,39.863],[-81.092,39.863],[-81.085,39.863],[-81.078,39.862],[-81.078,39.862],[-81.076,39.862],[-81.075,39.862],[-81.073,39.862],[-81.068,39.862],[-81.064,39.862],[-81.058,39.862],[-81.046,39.861],[-81.022,39.86],[-81.017,39.86],[-81.004,39.858],[-80.999,39.857],[-80.989,39.857],[-80.979,39.856],[-80.974,39.856],[-80.966,39.856],[-80.962,39.856],[-80.961,39.856],[-80.957,39.855],[-80.942,39.855],[-80.923,39.854],[-80.917,39.854],[-80.904,39.853],[-80.896,39.853],[-80.894,39.852],[-80.891,39.852],[-80.885,39.852],[-80.882,39.852],[-80.874,39.852],[-80.864,39.851],[-80.86,39.851],[-80.853,39.851],[-80.832,39.85],[-80.829,39.85],[-80.824,39.85],[-80.822,39.85],[-80.822,39.849],[-80.825,39.847],[-80.826,39.844],[-80.827,39.841],[-80.826,39.839],[-80.826,39.837],[-80.826,39.836],[-80.826,39.835],[-80.824,39.83],[-80.823,39.828],[-80.823,39.826],[-80.822,39.824],[-80.822,39.822],[-80.823,39.817],[-80.823,39.815],[-80.822,39.811],[-80.823,39.809],[-80.824,39.807],[-80.825,39.803],[-80.825,39.803]]]},"properties":{"NAME":"Monroe","GEOID":"39111"}},{"type":"Feature","geometry":{"type":"Polygon","coordinates":[[[-80.713,41.5],[-80.707,41.5],[-80.694,41.499],[-80.675,41.499],[-80.665,41.499],[-80.648,41.499],[-80.638,41.499],[-80.626,41.498],[-80.619,41.498],[-80.611,41.498],[-80.603,41.498],[-80.599,41.498],[-80.597,41.498],[-80.592,41.499],[-80.583,41.499],[-80.576,41.499],[-80.57,41.499],[-80.564,41.499],[-80.557,41.499],[-80.548,41.499],[-80.534,41.499],[-80.524,41.499],[-80.519,41.498],[-80.519,41.495],[-80.519,41.494],[-80.519,41.494],[-80.519,41.493],[-80.519,41.489],[-80.519,41.463],[-80.519,41.462],[-80.519,41.458],[-80.519,41.452],[-80.519,41.449],[-80.519,41.446],[-80.519,41.443],[-80.519,41.441],[-80.519,41.437],[-80.519,41.437],[-80.519,41.431],[-80.519,41.429],[-80.519,41.424],[-80.519,41.416],[-80.519,41.404],[-80.519,41.404],[-80.519,41.387],[-80.519,41.379],[-80.519,41.371],[-80.519,41.361],[-80.519,41.361],[-80.519,41.355],[-80.519,41.351],[-80.519,41.35],[-80.519,41.343],[-80.519,41.342],[-80.519,41.34],[-80.519,41.34],[-80.519,41.34],[-80.519,41.339],[-80.519,41.339],[-80.519,41.338],[-80.519,41.337],[-80.519,41.336],[-80.519,41.335],[-80.519,41.331],[-80.519,41.327],[-80.519,41.322],[-80.519,41.315],[-80.519,41.311],[-80.519,41.307],[-80.519,41.305],[-80.519,41.298],[-80.519,41.292],[-80.519,41.29],[-80.519,41.277],[-80.519,41.275],[-80.519,41.272],[-80.519,41.27],[-80.519,41.268],[-80.519,41.267],[-80.519,41.267],[-80.519,41.266],[-80.519,41.265],[-80.519,41.254],[-80.519,41.252],[-80.519,41.251],[-80.519,41.249],[-80.519,41.249],[-80.519,41.248],[-80.519,41.248],[-80.519,41.246],[-80.519,41.244],[-80.519,41.243],[-80.519,41.242],[-80.519,41.24],[-80.519,41.239],[-80.519,41.238],[-80.519,41.237],[-80.519,41.236],[-80.519,41.233],[-80.519,41.232],[-80.519,41.231],[-80.519,41.229],[-80.519,41.229],[-80.519,41.228],[-80.519,41.228],[-80.519,41.227],[-80.519,41.226],[-80.519,41.224],[-80.519,41.224],[-80.519,41.223],[-80.519,41.222],[-80.519,41.22],[-80.519,41.219],[-80.519,41.218],[-80.519,41.218],[-80.519,41.217],[-80.519,41.217],[-80.519,41.215],[-80.519,41.21],[-80.519,41.21],[-80.519,41.21],[-80.519,41.208],[-80.519,41.207],[-80.519,41.205],[-80.519,41.203],[-80.519,41.202],[-80.519,41.199],[-80.519,41.194],[-80.519,41.194],[-80.519,41.191],[-80.519,41.189],[-80.519,41.186],[-80.519,41.185],[-80.519,41.183],[-80.519,41.179],[-80.519,41.177],[-80.519,41.176],[-80.519,41.174],[-80.519,41.171],[-80.519,41.171],[-80.519,41.15],[-80.519,41.145],[-80.519,41.145],[-80.519,41.138],[-80.519,41.134],[-80.522,41.133],[-80.531,41.133],[-80.534,41.133],[-80.536,41.133],[-80.542,41.133],[-80.543,41.133],[-80.547,41.133],[-80.548,41.133],[-80.549,41.133],[-80.55,41.133],[-80.554,41.133],[-80.567,41.133],[-80.569,41.133],[-80.57,41.133],[-80.573,41.133],[-80.575,41.133],[-80.577,41.133],[-80.578,41.133],[-80.579,41.133],[-80.581,41.133],[-80.582,41.133],[-80.583,41.133],[-80.585,41.133],[-80.588,41.133],[-80.59,41.133],[-80.593,41.133],[-80.612,41.133],[-80.615,41.133],[-80.616,41.133],[-80.617,41.133],[-80.618,41.133],[-80.621,41.133],[-80.624,41.133],[-80.629,41.133],[-80.635,41.134],[-80.636,41.134],[-80.636,41.134],[-80.639,41.134],[-80.645,41.134],[-80.652,41.134],[-80.652,41.134],[-80.656,41.134],[-80.656,41.134],[-80.659,41.134],[-80.66,41.134],[-80.66,41.134],[-80.66,41.134],[-80.661,41.134],[-80.662,41.134],[-80.665,41.134],[-80.666,41.134],[-80.67,41.134],[-80.672,41.134],[-80.672,41.134],[-80.673,41.134],[-80.675,41.134],[-80.678,41.134],[-80.682,41.134],[-80.686,41.134],[-80.689,41.134],[-80.696,41.134],[-80.7,41.134],[-80.711,41.134],[-80.724,41.134],[-80.728,41.134],[-80.732,41.134],[-80.735,41.134],[-80.738,41.134],[-80.745,41.134],[-80.748,41.134],[-80.75,41.134],[-80.751,41.134],[-80.753,41.134],[-80.754,41.134],[-80.756,41.134],[-80.761,41.134],[-80.763,41.134],[-80.772,41.134],[-80.773,41.134],[-80.774,41.134],[-80.776,41.134],[-80.777,41.134],[-80.778,41.134],[-80.78,41.134],[-80.789,41.134],[-80.798,41.134],[-80.802,41.134],[-80.805,41.134],[-80.808,41.134],[-80.811,41.134],[-80.812,41.134],[-80.815,41.134],[-80.825,41.134],[-80.852,41.134],[-80.866,41.134],[-80.867,41.134],[-80.883,41.134],[-80.886,41.134],[-80.888,41.134],[-80.895,41.134],[-80.9,41.134],[-80.907,41.134],[-80.909,41.134],[-80.912,41.134],[-80.914,41.134],[-80.916,41.134],[-80.919,41.134],[-80.921,41.134],[-80.923,41.134],[-80.927,41.134],[-80.93,41.134],[-80.931,41.134],[-80.939,41.134],[-80.94,41.134],[-80.945,41.134],[-80.954,41.134],[-80.956,41.134],[-80.959,41.134],[-80.964,41.134],[-80.966,41.134],[-80.967,41.134],[-80.968,41.134],[-80.969,41.134],[-80.97,41.134],[-80.972,41.134],[-80.976,41.134],[-80.982,41.134],[-80.989,41.134],[-80.991,41.134],[-80.994,41.134],[-80.995,41.134],[-80.996,41.134],[-80.997,41.134],[-80.998,41.134],[-81,41.134],[-81.001,41.134],[-81.003,41.134],[-81.003,41.14],[-81.003,41.145],[-81.003,41.15],[-81.003,41.153],[-81.003,41.154],[-81.003,41.154],[-81.003,41.155],[-81.003,41.161],[-81.003,41.166],[-81.003,41.168],[-81.003,41.174],[-81.003,41.176],[-81.003,41.176],[-81.003,41.178],[-81.003,41.178],[-81.003,41.179],[-81.003,41.189],[-81.003,41.194],[-81.003,41.2],[-81.003,41.203],[-81.003,41.221],[-81.003,41.235],[-81.003,41.248],[-81.003,41.251],[-81.003,41.251],[-81.003,41.252],[-81.003,41.253],[-81.003,41.263],[-81.003,41.266],[-81.003,41.27],[-81.003,41.272],[-81.003,41.273],[-81.003,41.276],[-81.003,41.281],[-81.003,41.285],[-81.003,41.289],[-81.003,41.291],[-81.003,41.292],[-81.003,41.294],[-81.003,41.297],[-81.003,41.309],[-81.003,41.31],[-81.003,41.316],[-81.003,41.323],[-81.003,41.325],[-81.003,41.327],[-81.003,41.329],[-81.003,41.331],[-81.003,41.337],[-81.003,41.338],[-81.003,41.339],[-81.003,41.344],[-81.003,41.346],[-81.003,41.349],[-81.003,41.367],[-81.003,41.371],[-81.003,41.384],[-81.003,41.389],[-81.003,41.404],[-81.003,41.412],[-81.003,41.421],[-81.003,41.426],[-81.003,41.426],[-81.003,41.426],[-81.003,41.434],[-81.003,41.436],[-81.003,41.438],[-81.003,41.448],[-81.003,41.452],[-81.003,41.457],[-81.003,41.461],[-81.003,41.468],[-81.003,41.472],[-81.003,41.474],[-81.003,41.478],[-81.003,41.481],[-81.003,41.482],[-81.003,41.488],[-81.003,41.491],[-81.003,41.494],[-81.003,41.497],[-81.003,41.498],[-81.003,41.501],[-80.999,41.501],[-80.983,41.501],[-80.975,41.501],[-80.973,41.501],[-80.96,41.501],[-80.949,41.501],[-80.943,41.501],[-80.934,41.501],[-80.92,41.501],[-80.914,41.501],[-80.905,41.501],[-80.904,41.501],[-80.899,41.501],[-80.896,41.501],[-80.887,41.501],[-80.884,41.501],[-80.878,41.501],[-80.877,41.501],[-80.872,41.501],[-80.868,41.501],[-80.858,41.501],[-80.839,41.501],[-80.821,41.501],[-80.806,41.501],[-80.802,41.501],[-80.8,41.501],[-80.798,41.501],[-80.797,41.501],[-80.794,41.501],[-80.792,41.5],[-80.791,41.5],[-80.786,41.5],[-80.778,41.5],[-80.766,41.5],[-80.757,41.5],[-80.75,41.5],[-80.749,41.5],[-80.74,41.5],[-80.736,41.5],[-80.723,41.5],[-80.713,41.5],[-80.713,41.5]]]},"properties":{"NAME":"Trumbull","GEOID":"39155"}},{"type":"Feature","geometry":{"type":"Polygon","coordinates":[[[-83.067,41.457],[-83.071,41.457],[-83.077,41.457],[-83.078,41.457],[-83.085,41.457],[-83.088,41.457],[-83.096,41.457],[-83.102,41.457],[-83.106,41.457],[-83.113,41.457],[-83.119,41.457],[-83.121,41.457],[-83.122,41.458],[-83.145,41.458],[-83.147,41.458],[-83.15,41.458],[-83.154,41.458],[-83.159,41.458],[-83.163,41.458],[-83.174,41.458],[-83.183,41.458],[-83.19,41.458],[-83.193,41.458],[-83.198,41.458],[-83.205,41.458],[-83.21,41.458],[-83.219,41.458],[-83.221,41.458],[-83.231,41.458],[-83.234,41.458],[-83.241,41.458],[-83.241,41.458],[-83.254,41.458],[-83.26,41.458],[-83.266,41.458],[-83.273,41.458],[-83.274,41.458],[-83.277,41.458],[-83.279,41.458],[-83.283,41.458],[-83.283,41.458],[-83.284,41.458],[-83.286,41.458],[-83.292,41.458],[-83.294,41.458],[-83.299,41.458],[-83.3,41.458],[-83.3,41.458],[-83.31,41.458],[-83.337,41.458],[-83.338,41.46],[-83.338,41.461],[-83.338,41.47],[-83.338,41.472],[-83.338,41.476],[-83.338,41.477],[-83.339,41.479],[-83.339,41.486],[-83.339,41.488],[-83.339,41.489],[-83.339,41.496],[-83.339,41.499],[-83.339,41.499],[-83.339,41.501],[-83.343,41.501],[-83.349,41.501],[-83.356,41.501],[-83.358,41.501],[-83.363,41.501],[-83.372,41.501],[-83.376,41.501],[-83.379,41.501],[-83.381,41.501],[-83.387,41.501],[-83.39,41.501],[-83.392,41.501],[-83.393,41.5],[-83.397,41.5],[-83.398,41.5],[-83.408,41.5],[-83.415,41.5],[-83.415,41.501],[-83.415,41.507],[-83.415,41.51],[-83.415,41.512],[-83.415,41.515],[-83.415,41.521],[-83.415,41.529],[-83.415,41.531],[-83.415,41.539],[-83.415,41.544],[-83.415,41.546],[-83.415,41.55],[-83.415,41.552],[-83.415,41.554],[-83.415,41.558],[-83.415,41.558],[-83.415,41.559],[-83.415,41.559],[-83.415,41.562],[-83.415,41.566],[-83.415,41.568],[-83.415,41.569],[-83.415,41.573],[-83.415,41.576],[-83.415,41.583],[-83.416,41.587],[-83.416,41.59],[-83.416,41.594],[-83.416,41.596],[-83.416,41.598],[-83.416,41.604],[-83.416,41.61],[-83.416,41.616],[-83.416,41.617],[-83.415,41.619],[-83.409,41.619],[-83.397,41.62],[-83.389,41.62],[-83.386,41.62],[-83.384,41.62],[-83.38,41.62],[-83.375,41.62],[-83.373,41.62],[-83.369,41.62],[-83.369,41.62],[-83.358,41.621],[-83.354,41.621],[-83.348,41.621],[-83.338,41.621],[-83.319,41.621],[-83.316,41.622],[-83.315,41.622],[-83.313,41.622],[-83.307,41.622],[-83.304,41.622],[-83.299,41.622],[-83.297,41.622],[-83.289,41.622],[-83.289,41.622],[-83.282,41.622],[-83.267,41.623],[-83.259,41.623],[-83.259,41.623],[-83.257,41.623],[-83.254,41.623],[-83.243,41.623],[-83.238,41.623],[-83.216,41.623],[-83.209,41.623],[-83.206,41.623],[-83.194,41.623],[-83.19,41.623],[-83.182,41.623],[-83.179,41.623],[-83.176,41.623],[-83.173,41.623],[-83.17,41.623],[-83.165,41.623],[-83.087,41.721],[-83.063,41.75],[-82.996,41.829],[-82.832,41.75],[-82.764,41.717],[-82.75,41.655],[-82.785,41.592],[-82.784,41.587],[-82.75,41.576],[-82.697,41.559],[-82.625,41.529],[-82.68,41.503],[-82.689,41.498],[-82.695,41.494],[-82.716,41.483],[-82.73,41.479],[-82.746,41.477],[-82.759,41.478],[-82.776,41.48],[-82.828,41.482],[-82.834,41.48],[-82.834,41.48],[-82.851,41.474],[-82.863,41.47],[-82.911,41.459],[-82.92,41.458],[-82.975,41.458],[-83.003,41.458],[-83.037,41.458],[-83.04,41.457],[-83.052,41.457],[-83.063,41.457],[-83.067,41.457]]]},"properties":{"NAME":"Ottawa","GEOID":"39123"}},{"type":"Feature","geometry":{"type":"Polygon","coordinates":[[[-81.227,40.131],[-81.227,40.132],[-81.227,40.139],[-81.227,40.139],[-81.227,40.14],[-81.227,40.142],[-81.227,40.143],[-81.227,40.15],[-81.226,40.155],[-81.226,40.163],[-81.226,40.166],[-81.226,40.167],[-81.226,40.17],[-81.224,40.173],[-81.219,40.173],[-81.214,40.172],[-81.204,40.172],[-81.195,40.172],[-81.189,40.172],[-81.185,40.172],[-81.179,40.172],[-81.177,40.172],[-81.175,40.172],[-81.169,40.172],[-81.168,40.172],[-81.163,40.172],[-81.162,40.172],[-81.162,40.172],[-81.156,40.171],[-81.154,40.171],[-81.154,40.171],[-81.154,40.171],[-81.153,40.171],[-81.153,40.171],[-81.153,40.171],[-81.152,40.171],[-81.145,40.171],[-81.144,40.171],[-81.143,40.171],[-81.141,40.171],[-81.136,40.171],[-81.135,40.171],[-81.135,40.171],[-81.131,40.171],[-81.129,40.171],[-81.112,40.169],[-81.112,40.168],[-81.108,40.168],[-81.103,40.168],[-81.095,40.167],[-81.094,40.167],[-81.091,40.167],[-81.088,40.167],[-81.087,40.167],[-81.086,40.167],[-81.085,40.167],[-81.085,40.167],[-81.082,40.167],[-81.082,40.167],[-81.082,40.167],[-81.077,40.167],[-81.077,40.167],[-81.073,40.166],[-81.065,40.166],[-81.063,40.166],[-81.051,40.165],[-81.05,40.165],[-81.047,40.165],[-81.039,40.165],[-81.037,40.165],[-81.036,40.165],[-81.024,40.164],[-81.023,40.164],[-81.022,40.164],[-81.019,40.164],[-81.016,40.164],[-81.012,40.164],[-81.01,40.164],[-81.009,40.164],[-81.002,40.164],[-81.001,40.164],[-81,40.164],[-80.994,40.163],[-80.993,40.163],[-80.991,40.163],[-80.982,40.163],[-80.981,40.163],[-80.979,40.163],[-80.976,40.163],[-80.975,40.163],[-80.972,40.163],[-80.972,40.163],[-80.971,40.163],[-80.97,40.163],[-80.97,40.163],[-80.96,40.162],[-80.956,40.162],[-80.956,40.162],[-80.955,40.162],[-80.947,40.162],[-80.947,40.162],[-80.947,40.162],[-80.946,40.162],[-80.946,40.162],[-80.944,40.162],[-80.942,40.162],[-80.927,40.161],[-80.927,40.161],[-80.926,40.161],[-80.922,40.161],[-80.922,40.161],[-80.922,40.161],[-80.919,40.161],[-80.917,40.161],[-80.913,40.161],[-80.913,40.161],[-80.912,40.161],[-80.91,40.16],[-80.91,40.16],[-80.908,40.16],[-80.9,40.16],[-80.899,40.16],[-80.896,40.16],[-80.896,40.16],[-80.896,40.16],[-80.895,40.16],[-80.89,40.16],[-80.887,40.16],[-80.886,40.16],[-80.886,40.16],[-80.886,40.16],[-80.884,40.16],[-80.884,40.16],[-80.883,40.159],[-80.883,40.159],[-80.875,40.159],[-80.857,40.159],[-80.843,40.158],[-80.832,40.158],[-80.824,40.157],[-80.805,40.156],[-80.798,40.156],[-80.788,40.156],[-80.782,40.156],[-80.775,40.155],[-80.773,40.155],[-80.766,40.155],[-80.766,40.157],[-80.76,40.16],[-80.75,40.159],[-80.745,40.159],[-80.721,40.158],[-80.72,40.158],[-80.717,40.158],[-80.71,40.158],[-80.71,40.158],[-80.71,40.158],[-80.709,40.158],[-80.708,40.158],[-80.707,40.157],[-80.707,40.157],[-80.706,40.157],[-80.705,40.157],[-80.703,40.157],[-80.705,40.155],[-80.705,40.154],[-80.706,40.153],[-80.706,40.152],[-80.706,40.152],[-80.706,40.151],[-80.706,40.151],[-80.706,40.151],[-80.706,40.151],[-80.706,40.15],[-80.706,40.15],[-80.706,40.15],[-80.706,40.149],[-80.706,40.149],[-80.707,40.148],[-80.707,40.146],[-80.707,40.145],[-80.707,40.145],[-80.708,40.144],[-80.708,40.143],[-80.708,40.142],[-80.709,40.142],[-80.709,40.141],[-80.709,40.14],[-80.71,40.139],[-80.71,40.139],[-80.71,40.138],[-80.71,40.138],[-80.71,40.138],[-80.71,40.138],[-80.71,40.137],[-80.71,40.136],[-80.71,40.134],[-80.71,40.134],[-80.71,40.133],[-80.71,40.132],[-80.711,40.129],[-80.711,40.128],[-80.711,40.127],[-80.711,40.126],[-80.711,40.125],[-80.71,40.125],[-80.71,40.123],[-80.71,40.123],[-80.71,40.122],[-80.71,40.121],[-80.709,40.12],[-80.709,40.12],[-80.709,40.12],[-80.709,40.119],[-80.709,40.119],[-80.709,40.118],[-80.708,40.118],[-80.708,40.117],[-80.708,40.117],[-80.708,40.117],[-80.709,40.117],[-80.709,40.117],[-80.709,40.117],[-80.708,40.117],[-80.708,40.117],[-80.708,40.116],[-80.708,40.116],[-80.708,40.115],[-80.708,40.115],[-80.708,40.114],[-80.707,40.113],[-80.707,40.113],[-80.707,40.113],[-80.707,40.112],[-80.707,40.111],[-80.707,40.11],[-80.707,40.11],[-80.707,40.109],[-80.708,40.108],[-80.708,40.108],[-80.708,40.108],[-80.708,40.107],[-80.708,40.106],[-80.708,40.106],[-80.708,40.106],[-80.708,40.105],[-80.708,40.105],[-80.709,40.104],[-80.709,40.103],[-80.709,40.103],[-80.709,40.103],[-80.709,40.102],[-80.709,40.102],[-80.709,40.102],[-80.709,40.102],[-80.709,40.101],[-80.709,40.101],[-80.71,40.101],[-80.71,40.1],[-80.71,40.1],[-80.71,40.1],[-80.71,40.1],[-80.71,40.1],[-80.71,40.099],[-80.711,40.099],[-80.711,40.099],[-80.711,40.099],[-80.712,40.098],[-80.713,40.098],[-80.713,40.097],[-80.713,40.097],[-80.714,40.097],[-80.715,40.096],[-80.716,40.096],[-80.717,40.095],[-80.717,40.095],[-80.718,40.095],[-80.718,40.094],[-80.719,40.094],[-80.72,40.094],[-80.72,40.093],[-80.72,40.093],[-80.72,40.093],[-80.72,40.093],[-80.721,40.093],[-80.721,40.092],[-80.722,40.092],[-80.723,40.092],[-80.724,40.091],[-80.725,40.091],[-80.725,40.091],[-80.725,40.091],[-80.725,40.09],[-80.726,40.09],[-80.727,40.09],[-80.727,40.089],[-80.728,40.089],[-80.728,40.089],[-80.728,40.088],[-80.73,40.087],[-80.73,40.087],[-80.731,40.087],[-80.731,40.087],[-80.731,40.086],[-80.732,40.086],[-80.733,40.085],[-80.733,40.085],[-80.733,40.084],[-80.734,40.084],[-80.735,40.083],[-80.735,40.083],[-80.735,40.082],[-80.736,40.081],[-80.737,40.081],[-80.737,40.08],[-80.737,40.08],[-80.737,40.08],[-80.738,40.079],[-80.738,40.078],[-80.739,40.077],[-80.739,40.077],[-80.739,40.076],[-80.739,40.075],[-80.739,40.074],[-80.739,40.074],[-80.739,40.073],[-80.739,40.073],[-80.739,40.072],[-80.739,40.072],[-80.739,40.072],[-80.739,40.072],[-80.739,40.072],[-80.738,40.071],[-80.738,40.071],[-80.738,40.071],[-80.738,40.071],[-80.738,40.071],[-80.738,40.07],[-80.738,40.07],[-80.738,40.07],[-80.738,40.07],[-80.738,40.07],[-80.738,40.07],[-80.738,40.07],[-80.738,40.069],[-80.738,40.068],[-80.738,40.068],[-80.738,40.067],[-80.738,40.066],[-80.738,40.066],[-80.738,40.065],[-80.738,40.065],[-80.737,40.065],[-80.737,40.064],[-80.736,40.063],[-80.736,40.062],[-80.736,40.062],[-80.736,40.062],[-80.735,40.061],[-80.735,40.06],[-80.735,40.06],[-80.734,40.06],[-80.734,40.06],[-80.734,40.06],[-80.734,40.059],[-80.734,40.059],[-80.733,40.059],[-80.733,40.058],[-80.733,40.058],[-80.733,40.057],[-80.733,40.056],[-80.733,40.056],[-80.733,40.055],[-80.733,40.055],[-80.733,40.055],[-80.733,40.054],[-80.733,40.053],[-80.733,40.052],[-80.733,40.052],[-80.733,40.051],[-80.732,40.051],[-80.732,40.05],[-80.732,40.05],[-80.732,40.05],[-80.732,40.05],[-80.732,40.05],[-80.732,40.05],[-80.732,40.049],[-80.732,40.049],[-80.732,40.049],[-80.731,40.049],[-80.731,40.048],[-80.731,40.048],[-80.731,40.047],[-80.731,40.047],[-80.731,40.046],[-80.731,40.045],[-80.731,40.044],[-80.731,40.043],[-80.731,40.042],[-80.731,40.042],[-80.731,40.042],[-80.731,40.041],[-80.732,40.041],[-80.732,40.041],[-80.732,40.04],[-80.732,40.039],[-80.732,40.039],[-80.732,40.039],[-80.732,40.038],[-80.732,40.038],[-80.732,40.037],[-80.732,40.036],[-80.733,40.036],[-80.733,40.035],[-80.733,40.035],[-80.733,40.034],[-80.734,40.033],[-80.734,40.033],[-80.734,40.032],[-80.735,40.032],[-80.735,40.031],[-80.736,40.031],[-80.736,40.031],[-80.736,40.031],[-80.736,40.03],[-80.736,40.03],[-80.737,40.03],[-80.737,40.029],[-80.737,40.029],[-80.737,40.028],[-80.737,40.028],[-80.737,40.028],[-80.738,40.027],[-80.738,40.027],[-80.738,40.027],[-80.738,40.026],[-80.738,40.026],[-80.738,40.025],[-80.737,40.025],[-80.737,40.025],[-80.737,40.024],[-80.738,40.024],[-80.738,40.023],[-80.738,40.022],[-80.738,40.022],[-80.738,40.021],[-80.738,40.021],[-80.738,40.02],[-80.738,40.02],[-80.738,40.02],[-80.739,40.02],[-80.739,40.019],[-80.739,40.019],[-80.739,40.019],[-80.739,40.018],[-80.739,40.018],[-80.74,40.017],[-80.74,40.017],[-80.74,40.016],[-80.74,40.016],[-80.741,40.016],[-80.741,40.015],[-80.741,40.015],[-80.741,40.015],[-80.741,40.014],[-80.741,40.013],[-80.741,40.013],[-80.741,40.012],[-80.741,40.012],[-80.741,40.012],[-80.741,40.012],[-80.742,40.01],[-80.742,40.01],[-80.742,40.009],[-80.742,40.009],[-80.742,40.009],[-80.742,40.009],[-80.742,40.008],[-80.742,40.008],[-80.742,40.007],[-80.742,40.006],[-80.742,40.005],[-80.742,40.004],[-80.742,40.003],[-80.742,40.002],[-80.742,40.001],[-80.742,40.001],[-80.742,40],[-80.742,40],[-80.741,39.999],[-80.741,39.998],[-80.741,39.997],[-80.741,39.996],[-80.741,39.995],[-80.74,39.994],[-80.74,39.994],[-80.74,39.994],[-80.74,39.993],[-80.74,39.992],[-80.74,39.992],[-80.74,39.991],[-80.74,39.991],[-80.74,39.99],[-80.74,39.989],[-80.74,39.989],[-80.74,39.988],[-80.74,39.988],[-80.739,39.988],[-80.739,39.987],[-80.739,39.987],[-80.739,39.986],[-80.739,39.985],[-80.739,39.985],[-80.739,39.985],[-80.739,39.984],[-80.739,39.984],[-80.739,39.983],[-80.739,39.982],[-80.739,39.982],[-80.739,39.982],[-80.739,39.981],[-80.739,39.981],[-80.739,39.98],[-80.739,39.979],[-80.74,39.979],[-80.74,39.978],[-80.74,39.978],[-80.74,39.977],[-80.74,39.977],[-80.74,39.976],[-80.74,39.975],[-80.741,39.974],[-80.741,39.974],[-80.741,39.973],[-80.741,39.973],[-80.741,39.972],[-80.74,39.971],[-80.743,39.969],[-80.743,39.969],[-80.744,39.969],[-80.744,39.968],[-80.745,39.967],[-80.746,39.967],[-80.747,39.966],[-80.748,39.965],[-80.75,39.964],[-80.752,39.963],[-80.753,39.963],[-80.755,39.962],[-80.755,39.962],[-80.756,39.961],[-80.756,39.961],[-80.756,39.961],[-80.757,39.961],[-80.757,39.96],[-80.758,39.959],[-80.759,39.958],[-80.759,39.958],[-80.76,39.957],[-80.761,39.956],[-80.763,39.954],[-80.763,39.953],[-80.763,39.953],[-80.763,39.953],[-80.764,39.952],[-80.764,39.95],[-80.764,39.948],[-80.764,39.946],[-80.764,39.944],[-80.764,39.941],[-80.763,39.94],[-80.763,39.938],[-80.763,39.937],[-80.762,39.936],[-80.762,39.935],[-80.762,39.934],[-80.762,39.934],[-80.762,39.932],[-80.762,39.931],[-80.761,39.93],[-80.761,39.929],[-80.759,39.926],[-80.759,39.924],[-80.758,39.923],[-80.757,39.922],[-80.757,39.921],[-80.757,39.921],[-80.756,39.92],[-80.756,39.919],[-80.756,39.917],[-80.756,39.917],[-80.756,39.916],[-80.756,39.915],[-80.756,39.915],[-80.756,39.915],[-80.756,39.914],[-80.756,39.913],[-80.757,39.912],[-80.757,39.911],[-80.758,39.911],[-80.758,39.91],[-80.759,39.909],[-80.759,39.909],[-80.76,39.909],[-80.761,39.909],[-80.761,39.909],[-80.763,39.909],[-80.765,39.909],[-80.767,39.909],[-80.77,39.91],[-80.771,39.911],[-80.774,39.912],[-80.776,39.913],[-80.777,39.914],[-80.778,39.915],[-80.779,39.915],[-80.78,39.916],[-80.782,39.916],[-80.782,39.917],[-80.783,39.917],[-80.785,39.918],[-80.787,39.918],[-80.787,39.918],[-80.787,39.918],[-80.789,39.918],[-80.789,39.919],[-80.79,39.919],[-80.791,39.919],[-80.792,39.919],[-80.795,39.92],[-80.796,39.92],[-80.798,39.92],[-80.8,39.92],[-80.802,39.919],[-80.803,39.919],[-80.804,39.918],[-80.805,39.918],[-80.805,39.918],[-80.806,39.917],[-80.807,39.916],[-80.807,39.915],[-80.808,39.915],[-80.809,39.913],[-80.809,39.911],[-80.809,39.911],[-80.809,39.911],[-80.809,39.909],[-80.81,39.907],[-80.81,39.906],[-80.81,39.906],[-80.809,39.905],[-80.809,39.903],[-80.808,39.901],[-80.807,39.9],[-80.806,39.898],[-80.805,39.896],[-80.804,39.894],[-80.803,39.893],[-80.802,39.891],[-80.8,39.89],[-80.799,39.889],[-80.797,39.887],[-80.796,39.885],[-80.795,39.884],[-80.795,39.884],[-80.792,39.877],[-80.792,39.876],[-80.791,39.873],[-80.791,39.867],[-80.793,39.864],[-80.798,39.86],[-80.8,39.859],[-80.801,39.858],[-80.806,39.857],[-80.81,39.855],[-80.816,39.853],[-80.818,39.852],[-80.822,39.85],[-80.824,39.85],[-80.829,39.85],[-80.832,39.85],[-80.853,39.851],[-80.86,39.851],[-80.864,39.851],[-80.874,39.852],[-80.882,39.852],[-80.885,39.852],[-80.891,39.852],[-80.894,39.852],[-80.896,39.853],[-80.904,39.853],[-80.917,39.854],[-80.923,39.854],[-80.942,39.855],[-80.957,39.855],[-80.961,39.856],[-80.962,39.856],[-80.966,39.856],[-80.974,39.856],[-80.979,39.856],[-80.989,39.857],[-80.999,39.857],[-81.004,39.858],[-81.017,39.86],[-81.022,39.86],[-81.046,39.861],[-81.058,39.862],[-81.064,39.862],[-81.068,39.862],[-81.073,39.862],[-81.075,39.862],[-81.076,39.862],[-81.078,39.862],[-81.078,39.862],[-81.085,39.863],[-81.092,39.863],[-81.094,39.863],[-81.101,39.863],[-81.106,39.863],[-81.117,39.864],[-81.123,39.864],[-81.126,39.864],[-81.131,39.865],[-81.138,39.865],[-81.151,39.866],[-81.158,39.866],[-81.183,39.867],[-81.193,39.867],[-81.194,39.867],[-81.196,39.867],[-81.203,39.867],[-81.211,39.867],[-81.213,39.867],[-81.231,39.868],[-81.232,39.868],[-81.237,39.877],[-81.237,39.886],[-81.236,39.899],[-81.236,39.911],[-81.236,39.912],[-81.236,39.912],[-81.236,39.913],[-81.236,39.914],[-81.236,39.915],[-81.236,39.916],[-81.236,39.916],[-81.235,39.938],[-81.235,39.94],[-81.235,39.942],[-81.235,39.943],[-81.234,39.943],[-81.234,39.945],[-81.234,39.946],[-81.234,39.948],[-81.234,39.948],[-81.234,39.949],[-81.234,39.949],[-81.234,39.95],[-81.234,39.951],[-81.234,39.952],[-81.234,39.952],[-81.234,39.953],[-81.234,39.953],[-81.234,39.969],[-81.233,39.976],[-81.233,39.979],[-81.233,39.989],[-81.232,40],[-81.232,40],[-81.232,40.004],[-81.232,40.005],[-81.232,40.007],[-81.231,40.022],[-81.231,40.027],[-81.231,40.033],[-81.231,40.034],[-81.231,40.039],[-81.231,40.039],[-81.231,40.042],[-81.23,40.055],[-81.23,40.055],[-81.23,40.056],[-81.23,40.057],[-81.23,40.061],[-81.23,40.063],[-81.23,40.073],[-81.229,40.08],[-81.229,40.085],[-81.229,40.086],[-81.229,40.1],[-81.228,40.106],[-81.228,40.118],[-81.228,40.122],[-81.228,40.128],[-81.227,40.131]]]},"properties":{"NAME":"Belmont","GEOID":"39013"}},{"type":"Feature","geometry":{"type":"Polygon","coordinates":[[[-81.102,41.714],[-81.102,41.714],[-81.102,41.712],[-81.102,41.712],[-81.102,41.71],[-81.102,41.701],[-81.102,41.697],[-81.102,41.694],[-81.102,41.69],[-81.102,41.685],[-81.102,41.678],[-81.102,41.666],[-81.102,41.658],[-81.101,41.641],[-81.118,41.641],[-81.123,41.641],[-81.132,41.641],[-81.137,41.641],[-81.143,41.641],[-81.146,41.641],[-81.151,41.641],[-81.154,41.641],[-81.179,41.641],[-81.194,41.641],[-81.198,41.641],[-81.217,41.641],[-81.223,41.641],[-81.226,41.641],[-81.231,41.641],[-81.235,41.641],[-81.239,41.641],[-81.242,41.641],[-81.247,41.641],[-81.259,41.641],[-81.265,41.641],[-81.269,41.641],[-81.272,41.641],[-81.274,41.641],[-81.277,41.641],[-81.288,41.641],[-81.295,41.641],[-81.295,41.64],[-81.295,41.637],[-81.295,41.623],[-81.295,41.617],[-81.295,41.614],[-81.295,41.612],[-81.295,41.608],[-81.295,41.596],[-81.295,41.596],[-81.295,41.596],[-81.295,41.595],[-81.295,41.589],[-81.295,41.589],[-81.295,41.588],[-81.295,41.588],[-81.296,41.577],[-81.296,41.57],[-81.306,41.57],[-81.311,41.57],[-81.325,41.57],[-81.328,41.57],[-81.328,41.57],[-81.343,41.57],[-81.349,41.57],[-81.355,41.57],[-81.363,41.57],[-81.376,41.57],[-81.386,41.57],[-81.388,41.57],[-81.391,41.57],[-81.413,41.57],[-81.413,41.57],[-81.417,41.57],[-81.422,41.57],[-81.434,41.57],[-81.438,41.57],[-81.439,41.57],[-81.443,41.57],[-81.444,41.57],[-81.445,41.57],[-81.446,41.57],[-81.447,41.57],[-81.447,41.57],[-81.458,41.57],[-81.47,41.57],[-81.48,41.57],[-81.481,41.57],[-81.482,41.57],[-81.486,41.57],[-81.488,41.574],[-81.488,41.577],[-81.488,41.579],[-81.488,41.582],[-81.488,41.594],[-81.488,41.595],[-81.488,41.596],[-81.488,41.598],[-81.488,41.599],[-81.488,41.6],[-81.488,41.601],[-81.488,41.603],[-81.488,41.604],[-81.488,41.605],[-81.489,41.606],[-81.489,41.606],[-81.488,41.609],[-81.488,41.609],[-81.489,41.611],[-81.489,41.611],[-81.489,41.613],[-81.489,41.618],[-81.489,41.623],[-81.489,41.624],[-81.489,41.628],[-81.489,41.629],[-81.489,41.631],[-81.489,41.635],[-81.492,41.875],[-81.494,42.064],[-81.435,42.125],[-81.291,42.196],[-81.212,42.222],[-81.124,42.235],[-81.029,42.25],[-81.01,42.252],[-81.006,41.86],[-81.002,41.854],[-81.002,41.853],[-81.002,41.852],[-81.002,41.851],[-81.002,41.845],[-81.002,41.843],[-81.002,41.842],[-81.002,41.841],[-81.002,41.84],[-81.002,41.837],[-81.002,41.834],[-81.002,41.83],[-81.002,41.828],[-81.002,41.826],[-81.002,41.824],[-81.002,41.82],[-81.002,41.813],[-81.002,41.809],[-81.002,41.805],[-81.002,41.798],[-81.002,41.797],[-81.003,41.793],[-81.003,41.792],[-81.003,41.791],[-81.003,41.789],[-81.003,41.788],[-81.003,41.787],[-81.003,41.785],[-81.003,41.781],[-81.003,41.779],[-81.003,41.779],[-81.003,41.775],[-81.003,41.77],[-81.003,41.765],[-81.003,41.761],[-81.003,41.76],[-81.003,41.757],[-81.003,41.754],[-81.003,41.752],[-81.003,41.75],[-81.003,41.749],[-81.003,41.746],[-81.003,41.745],[-81.003,41.743],[-81.003,41.73],[-81.003,41.724],[-81.003,41.718],[-81.004,41.715],[-81.015,41.715],[-81.017,41.715],[-81.037,41.715],[-81.049,41.714],[-81.054,41.714],[-81.072,41.714],[-81.082,41.714],[-81.085,41.714],[-81.092,41.714],[-81.099,41.714],[-81.102,41.714]]]},"properties":{"NAME":"Lake","GEOID":"39085"}},{"type":"Feature","geometry":{"type":"Polygon","coordinates":[[[-84.238,39.269],[-84.237,39.269],[-84.235,39.269],[-84.23,39.269],[-84.228,39.269],[-84.228,39.269],[-84.227,39.269],[-84.226,39.269],[-84.222,39.268],[-84.221,39.268],[-84.22,39.268],[-84.219,39.268],[-84.219,39.268],[-84.218,39.268],[-84.217,39.268],[-84.217,39.268],[-84.215,39.268],[-84.213,39.268],[-84.212,39.268],[-84.212,39.268],[-84.207,39.268],[-84.205,39.267],[-84.203,39.267],[-84.203,39.267],[-84.202,39.267],[-84.198,39.267],[-84.197,39.267],[-84.195,39.267],[-84.193,39.267],[-84.193,39.267],[-84.193,39.267],[-84.192,39.267],[-84.191,39.266],[-84.185,39.266],[-84.185,39.266],[-84.185,39.266],[-84.183,39.266],[-84.183,39.266],[-84.177,39.266],[-84.174,39.265],[-84.174,39.265],[-84.172,39.265],[-84.171,39.265],[-84.167,39.265],[-84.16,39.265],[-84.157,39.264],[-84.156,39.264],[-84.155,39.264],[-84.154,39.264],[-84.145,39.264],[-84.141,39.263],[-84.138,39.263],[-84.134,39.263],[-84.134,39.263],[-84.132,39.263],[-84.129,39.263],[-84.129,39.263],[-84.127,39.262],[-84.126,39.262],[-84.125,39.262],[-84.124,39.262],[-84.123,39.262],[-84.122,39.262],[-84.118,39.262],[-84.117,39.262],[-84.114,39.262],[-84.114,39.262],[-84.112,39.262],[-84.112,39.262],[-84.11,39.261],[-84.106,39.261],[-84.101,39.261],[-84.097,39.261],[-84.097,39.261],[-84.096,39.261],[-84.092,39.26],[-84.092,39.26],[-84.09,39.26],[-84.089,39.26],[-84.086,39.26],[-84.084,39.26],[-84.079,39.259],[-84.078,39.259],[-84.075,39.259],[-84.068,39.259],[-84.067,39.259],[-84.066,39.259],[-84.066,39.259],[-84.065,39.259],[-84.062,39.258],[-84.059,39.258],[-84.054,39.258],[-84.052,39.258],[-84.052,39.258],[-84.049,39.258],[-84.048,39.258],[-84.046,39.257],[-84.044,39.257],[-84.034,39.257],[-84.032,39.257],[-84.029,39.256],[-84.025,39.256],[-84.024,39.256],[-84.018,39.256],[-84.015,39.256],[-84.014,39.256],[-84.013,39.255],[-84.012,39.255],[-84.012,39.255],[-84.011,39.255],[-84.01,39.255],[-84.008,39.255],[-84.007,39.255],[-84.006,39.255],[-84.001,39.255],[-83.999,39.255],[-83.999,39.255],[-83.993,39.254],[-83.991,39.248],[-83.991,39.243],[-83.992,39.238],[-83.992,39.236],[-83.992,39.235],[-83.993,39.229],[-83.993,39.228],[-83.996,39.209],[-83.997,39.196],[-83.998,39.19],[-83.999,39.183],[-84,39.174],[-84,39.173],[-84.001,39.165],[-84.002,39.152],[-84.003,39.15],[-84.003,39.148],[-84.003,39.147],[-84.003,39.146],[-84.003,39.146],[-84.003,39.144],[-84.003,39.144],[-84.004,39.143],[-84.004,39.141],[-84.004,39.141],[-84.004,39.138],[-84.004,39.136],[-84.004,39.136],[-84.004,39.135],[-84.004,39.135],[-84.005,39.133],[-84.005,39.131],[-84.005,39.131],[-84.005,39.13],[-84.005,39.129],[-84.006,39.126],[-84.006,39.125],[-84.007,39.121],[-84.007,39.119],[-84.007,39.118],[-84.007,39.118],[-84.007,39.116],[-84.008,39.114],[-84.008,39.109],[-84.008,39.107],[-84.009,39.106],[-84.009,39.104],[-84.01,39.098],[-84.01,39.093],[-84.01,39.092],[-84.011,39.091],[-84.011,39.087],[-84.013,39.077],[-84.014,39.07],[-84.015,39.061],[-84.015,39.059],[-84.018,39.037],[-84.019,39.034],[-84.019,39.033],[-84.02,39.027],[-84.02,39.02],[-84.021,39.014],[-84.022,39.011],[-84.022,39.01],[-84.022,39.007],[-84.023,39.004],[-84.023,39.001],[-84.024,38.997],[-84.024,38.996],[-84.024,38.995],[-84.025,38.991],[-84.025,38.987],[-84.025,38.986],[-84.025,38.986],[-84.026,38.985],[-84.026,38.982],[-84.026,38.979],[-84.027,38.975],[-84.027,38.973],[-84.027,38.969],[-84.028,38.966],[-84.028,38.966],[-84.028,38.965],[-84.028,38.961],[-84.028,38.96],[-84.028,38.959],[-84.029,38.958],[-84.029,38.955],[-84.029,38.953],[-84.029,38.952],[-84.029,38.952],[-84.03,38.95],[-84.03,38.949],[-84.032,38.936],[-84.033,38.923],[-84.036,38.905],[-84.036,38.905],[-84.036,38.904],[-84.036,38.903],[-84.036,38.903],[-84.036,38.902],[-84.036,38.901],[-84.036,38.899],[-84.036,38.897],[-84.037,38.896],[-84.037,38.894],[-84.037,38.892],[-84.037,38.89],[-84.037,38.887],[-84.038,38.885],[-84.038,38.88],[-84.039,38.879],[-84.039,38.877],[-84.039,38.877],[-84.039,38.875],[-84.039,38.873],[-84.04,38.868],[-84.041,38.86],[-84.043,38.843],[-84.045,38.829],[-84.046,38.824],[-84.047,38.811],[-84.048,38.806],[-84.052,38.772],[-84.059,38.771],[-84.061,38.771],[-84.063,38.771],[-84.067,38.771],[-84.07,38.771],[-84.071,38.771],[-84.075,38.771],[-84.076,38.772],[-84.078,38.772],[-84.082,38.773],[-84.085,38.773],[-84.087,38.774],[-84.088,38.774],[-84.091,38.774],[-84.092,38.774],[-84.094,38.775],[-84.097,38.776],[-84.101,38.777],[-84.104,38.778],[-84.109,38.779],[-84.109,38.779],[-84.11,38.78],[-84.112,38.781],[-84.111,38.781],[-84.11,38.781],[-84.111,38.782],[-84.114,38.782],[-84.115,38.782],[-84.117,38.783],[-84.12,38.784],[-84.121,38.785],[-84.123,38.785],[-84.132,38.788],[-84.135,38.79],[-84.137,38.79],[-84.14,38.791],[-84.143,38.792],[-84.145,38.792],[-84.149,38.793],[-84.154,38.794],[-84.155,38.795],[-84.157,38.795],[-84.165,38.796],[-84.168,38.797],[-84.169,38.797],[-84.171,38.797],[-84.175,38.798],[-84.188,38.799],[-84.191,38.8],[-84.196,38.801],[-84.203,38.802],[-84.209,38.804],[-84.212,38.805],[-84.213,38.806],[-84.214,38.807],[-84.215,38.808],[-84.219,38.811],[-84.22,38.812],[-84.222,38.814],[-84.225,38.817],[-84.226,38.819],[-84.228,38.822],[-84.229,38.825],[-84.23,38.827],[-84.232,38.832],[-84.232,38.837],[-84.233,38.839],[-84.233,38.84],[-84.233,38.845],[-84.234,38.847],[-84.234,38.85],[-84.234,38.854],[-84.234,38.854],[-84.234,38.856],[-84.233,38.859],[-84.233,38.86],[-84.233,38.865],[-84.233,38.866],[-84.232,38.867],[-84.232,38.872],[-84.232,38.872],[-84.232,38.873],[-84.232,38.874],[-84.232,38.875],[-84.232,38.877],[-84.232,38.879],[-84.232,38.88],[-84.232,38.883],[-84.233,38.884],[-84.233,38.887],[-84.234,38.89],[-84.234,38.891],[-84.235,38.893],[-84.234,38.893],[-84.234,38.893],[-84.234,38.893],[-84.235,38.893],[-84.235,38.893],[-84.235,38.894],[-84.237,38.897],[-84.239,38.898],[-84.24,38.9],[-84.242,38.902],[-84.243,38.903],[-84.243,38.903],[-84.244,38.904],[-84.244,38.904],[-84.244,38.904],[-84.244,38.905],[-84.244,38.905],[-84.244,38.905],[-84.245,38.906],[-84.246,38.906],[-84.246,38.907],[-84.246,38.907],[-84.246,38.907],[-84.246,38.907],[-84.247,38.908],[-84.247,38.909],[-84.247,38.909],[-84.248,38.91],[-84.248,38.91],[-84.248,38.91],[-84.248,38.911],[-84.249,38.911],[-84.249,38.912],[-84.25,38.912],[-84.25,38.913],[-84.251,38.914],[-84.256,38.921],[-84.261,38.926],[-84.265,38.93],[-84.267,38.933],[-84.267,38.933],[-84.268,38.934],[-84.269,38.935],[-84.269,38.935],[-84.27,38.936],[-84.272,38.938],[-84.278,38.943],[-84.28,38.945],[-84.284,38.95],[-84.287,38.953],[-84.291,38.96],[-84.294,38.964],[-84.296,38.971],[-84.297,38.977],[-84.298,38.986],[-84.298,38.99],[-84.298,38.99],[-84.298,38.991],[-84.298,38.991],[-84.299,38.991],[-84.299,38.992],[-84.299,38.993],[-84.299,38.993],[-84.299,38.994],[-84.3,38.995],[-84.3,38.996],[-84.3,38.996],[-84.3,38.997],[-84.301,38.998],[-84.302,39],[-84.302,39],[-84.302,39.001],[-84.303,39.002],[-84.303,39.002],[-84.303,39.003],[-84.303,39.003],[-84.306,39.008],[-84.308,39.01],[-84.312,39.015],[-84.316,39.019],[-84.318,39.02],[-84.32,39.023],[-84.32,39.023],[-84.32,39.025],[-84.32,39.026],[-84.32,39.026],[-84.32,39.026],[-84.319,39.027],[-84.319,39.028],[-84.319,39.03],[-84.319,39.03],[-84.319,39.031],[-84.319,39.031],[-84.319,39.032],[-84.319,39.033],[-84.319,39.034],[-84.318,39.037],[-84.318,39.037],[-84.318,39.037],[-84.318,39.037],[-84.318,39.039],[-84.317,39.044],[-84.317,39.045],[-84.316,39.049],[-84.316,39.051],[-84.316,39.052],[-84.316,39.053],[-84.316,39.053],[-84.316,39.053],[-84.316,39.055],[-84.315,39.056],[-84.315,39.056],[-84.315,39.058],[-84.315,39.058],[-84.315,39.059],[-84.315,39.06],[-84.315,39.061],[-84.315,39.061],[-84.315,39.061],[-84.315,39.062],[-84.315,39.062],[-84.315,39.062],[-84.315,39.063],[-84.314,39.063],[-84.314,39.063],[-84.314,39.065],[-84.314,39.065],[-84.314,39.066],[-84.314,39.066],[-84.314,39.067],[-84.314,39.067],[-84.314,39.067],[-84.314,39.068],[-84.314,39.068],[-84.314,39.068],[-84.314,39.069],[-84.313,39.07],[-84.313,39.072],[-84.313,39.075],[-84.313,39.076],[-84.313,39.076],[-84.312,39.077],[-84.312,39.077],[-84.312,39.078],[-84.312,39.078],[-84.312,39.079],[-84.312,39.08],[-84.312,39.08],[-84.312,39.081],[-84.312,39.081],[-84.312,39.082],[-84.312,39.083],[-84.311,39.084],[-84.311,39.084],[-84.311,39.085],[-84.311,39.087],[-84.311,39.087],[-84.311,39.089],[-84.31,39.09],[-84.31,39.091],[-84.31,39.091],[-84.31,39.091],[-84.31,39.092],[-84.31,39.093],[-84.31,39.095],[-84.31,39.096],[-84.31,39.097],[-84.309,39.098],[-84.309,39.099],[-84.309,39.099],[-84.309,39.099],[-84.309,39.1],[-84.309,39.102],[-84.309,39.104],[-84.308,39.105],[-84.308,39.105],[-84.308,39.106],[-84.308,39.106],[-84.308,39.106],[-84.308,39.106],[-84.308,39.106],[-84.308,39.107],[-84.308,39.109],[-84.308,39.109],[-84.308,39.109],[-84.308,39.11],[-84.307,39.111],[-84.307,39.111],[-84.307,39.112],[-84.307,39.114],[-84.307,39.114],[-84.307,39.115],[-84.307,39.115],[-84.307,39.116],[-84.307,39.117],[-84.306,39.118],[-84.306,39.118],[-84.306,39.119],[-84.306,39.12],[-84.306,39.12],[-84.306,39.122],[-84.306,39.122],[-84.306,39.123],[-84.306,39.123],[-84.306,39.124],[-84.305,39.126],[-84.305,39.127],[-84.305,39.127],[-84.305,39.129],[-84.305,39.13],[-84.304,39.133],[-84.304,39.134],[-84.304,39.135],[-84.303,39.139],[-84.303,39.141],[-84.303,39.142],[-84.303,39.143],[-84.302,39.147],[-84.302,39.148],[-84.302,39.151],[-84.302,39.152],[-84.302,39.152],[-84.302,39.152],[-84.302,39.152],[-84.302,39.152],[-84.302,39.154],[-84.302,39.154],[-84.302,39.154],[-84.302,39.155],[-84.302,39.155],[-84.302,39.157],[-84.302,39.157],[-84.302,39.159],[-84.302,39.16],[-84.301,39.161],[-84.301,39.161],[-84.301,39.163],[-84.3,39.164],[-84.3,39.165],[-84.298,39.166],[-84.297,39.166],[-84.297,39.166],[-84.295,39.167],[-84.295,39.167],[-84.295,39.167],[-84.295,39.167],[-84.295,39.168],[-84.295,39.168],[-84.296,39.168],[-84.296,39.168],[-84.296,39.169],[-84.296,39.169],[-84.297,39.169],[-84.297,39.169],[-84.297,39.169],[-84.297,39.17],[-84.298,39.17],[-84.298,39.17],[-84.298,39.17],[-84.298,39.17],[-84.298,39.17],[-84.298,39.171],[-84.298,39.171],[-84.298,39.172],[-84.298,39.172],[-84.299,39.172],[-84.299,39.173],[-84.299,39.173],[-84.299,39.174],[-84.299,39.174],[-84.299,39.174],[-84.299,39.175],[-84.299,39.175],[-84.299,39.175],[-84.299,39.175],[-84.298,39.176],[-84.298,39.176],[-84.298,39.176],[-84.298,39.176],[-84.297,39.176],[-84.297,39.177],[-84.297,39.177],[-84.297,39.177],[-84.296,39.177],[-84.296,39.178],[-84.295,39.178],[-84.295,39.178],[-84.294,39.179],[-84.294,39.179],[-84.294,39.179],[-84.294,39.179],[-84.294,39.179],[-84.294,39.179],[-84.293,39.18],[-84.293,39.18],[-84.293,39.18],[-84.293,39.18],[-84.292,39.18],[-84.292,39.18],[-84.292,39.18],[-84.291,39.18],[-84.291,39.181],[-84.29,39.181],[-84.29,39.181],[-84.29,39.181],[-84.289,39.181],[-84.289,39.181],[-84.289,39.182],[-84.289,39.182],[-84.289,39.182],[-84.289,39.182],[-84.289,39.182],[-84.288,39.182],[-84.288,39.182],[-84.288,39.183],[-84.288,39.183],[-84.288,39.183],[-84.288,39.183],[-84.288,39.183],[-84.288,39.183],[-84.288,39.183],[-84.288,39.183],[-84.288,39.183],[-84.288,39.183],[-84.289,39.185],[-84.288,39.186],[-84.288,39.186],[-84.288,39.187],[-84.288,39.188],[-84.287,39.188],[-84.287,39.189],[-84.284,39.191],[-84.284,39.191],[-84.284,39.191],[-84.283,39.192],[-84.282,39.193],[-84.282,39.194],[-84.281,39.195],[-84.278,39.197],[-84.278,39.197],[-84.278,39.197],[-84.278,39.197],[-84.278,39.198],[-84.278,39.198],[-84.277,39.2],[-84.277,39.2],[-84.276,39.201],[-84.276,39.201],[-84.276,39.203],[-84.276,39.203],[-84.276,39.204],[-84.277,39.205],[-84.277,39.205],[-84.278,39.206],[-84.278,39.207],[-84.279,39.207],[-84.279,39.207],[-84.28,39.208],[-84.28,39.208],[-84.28,39.209],[-84.281,39.209],[-84.281,39.209],[-84.281,39.21],[-84.282,39.21],[-84.282,39.211],[-84.282,39.211],[-84.282,39.212],[-84.283,39.212],[-84.283,39.213],[-84.284,39.213],[-84.285,39.213],[-84.285,39.213],[-84.286,39.214],[-84.286,39.214],[-84.287,39.214],[-84.287,39.214],[-84.288,39.213],[-84.288,39.213],[-84.289,39.213],[-84.289,39.213],[-84.29,39.213],[-84.29,39.212],[-84.291,39.212],[-84.292,39.212],[-84.293,39.211],[-84.293,39.211],[-84.293,39.211],[-84.293,39.211],[-84.294,39.211],[-84.294,39.211],[-84.294,39.21],[-84.294,39.21],[-84.295,39.21],[-84.295,39.21],[-84.295,39.21],[-84.296,39.21],[-84.297,39.21],[-84.298,39.209],[-84.299,39.209],[-84.299,39.209],[-84.3,39.209],[-84.3,39.209],[-84.3,39.209],[-84.301,39.209],[-84.301,39.209],[-84.302,39.209],[-84.302,39.209],[-84.302,39.209],[-84.303,39.209],[-84.303,39.209],[-84.304,39.209],[-84.304,39.209],[-84.305,39.209],[-84.305,39.209],[-84.306,39.209],[-84.306,39.209],[-84.307,39.209],[-84.307,39.209],[-84.308,39.209],[-84.308,39.209],[-84.308,39.209],[-84.309,39.209],[-84.309,39.209],[-84.31,39.209],[-84.31,39.209],[-84.311,39.209],[-84.311,39.209],[-84.311,39.21],[-84.311,39.21],[-84.312,39.21],[-84.312,39.21],[-84.312,39.211],[-84.313,39.211],[-84.313,39.212],[-84.313,39.212],[-84.314,39.213],[-84.314,39.215],[-84.314,39.216],[-84.315,39.216],[-84.315,39.217],[-84.315,39.218],[-84.315,39.219],[-84.316,39.22],[-84.316,39.221],[-84.317,39.221],[-84.318,39.222],[-84.318,39.222],[-84.319,39.222],[-84.319,39.222],[-84.32,39.222],[-84.32,39.223],[-84.32,39.223],[-84.32,39.224],[-84.32,39.224],[-84.32,39.224],[-84.319,39.224],[-84.319,39.225],[-84.319,39.225],[-84.318,39.225],[-84.318,39.226],[-84.317,39.226],[-84.317,39.227],[-84.316,39.227],[-84.316,39.228],[-84.315,39.228],[-84.314,39.229],[-84.312,39.23],[-84.312,39.23],[-84.311,39.23],[-84.311,39.231],[-84.31,39.231],[-84.31,39.231],[-84.31,39.231],[-84.309,39.231],[-84.309,39.232],[-84.309,39.232],[-84.308,39.232],[-84.308,39.232],[-84.308,39.233],[-84.308,39.233],[-84.308,39.233],[-84.308,39.234],[-84.308,39.234],[-84.307,39.234],[-84.307,39.234],[-84.307,39.235],[-84.306,39.235],[-84.306,39.235],[-84.306,39.235],[-84.305,39.235],[-84.305,39.235],[-84.304,39.235],[-84.304,39.234],[-84.304,39.234],[-84.304,39.234],[-84.304,39.234],[-84.303,39.234],[-84.303,39.234],[-84.303,39.234],[-84.303,39.234],[-84.302,39.234],[-84.302,39.234],[-84.302,39.234],[-84.302,39.234],[-84.302,39.234],[-84.302,39.234],[-84.301,39.234],[-84.301,39.234],[-84.301,39.234],[-84.301,39.234],[-84.301,39.234],[-84.3,39.234],[-84.3,39.235],[-84.3,39.235],[-84.3,39.235],[-84.3,39.235],[-84.3,39.235],[-84.3,39.235],[-84.3,39.235],[-84.3,39.235],[-84.299,39.235],[-84.299,39.235],[-84.299,39.236],[-84.299,39.236],[-84.299,39.236],[-84.299,39.236],[-84.299,39.236],[-84.299,39.236],[-84.299,39.236],[-84.298,39.237],[-84.298,39.237],[-84.298,39.237],[-84.298,39.237],[-84.298,39.237],[-84.298,39.237],[-84.298,39.237],[-84.298,39.237],[-84.298,39.237],[-84.298,39.238],[-84.298,39.238],[-84.298,39.238],[-84.297,39.238],[-84.297,39.238],[-84.297,39.238],[-84.297,39.238],[-84.297,39.238],[-84.297,39.238],[-84.297,39.239],[-84.297,39.239],[-84.297,39.239],[-84.297,39.239],[-84.297,39.239],[-84.297,39.239],[-84.296,39.239],[-84.296,39.239],[-84.296,39.239],[-84.296,39.239],[-84.296,39.24],[-84.296,39.24],[-84.296,39.24],[-84.296,39.24],[-84.296,39.24],[-84.296,39.24],[-84.297,39.24],[-84.297,39.24],[-84.297,39.24],[-84.297,39.241],[-84.297,39.241],[-84.297,39.241],[-84.297,39.241],[-84.297,39.241],[-84.297,39.241],[-84.297,39.242],[-84.296,39.243],[-84.296,39.243],[-84.296,39.243],[-84.296,39.243],[-84.296,39.243],[-84.296,39.243],[-84.296,39.243],[-84.296,39.243],[-84.296,39.243],[-84.296,39.244],[-84.296,39.244],[-84.296,39.244],[-84.296,39.244],[-84.296,39.244],[-84.296,39.245],[-84.296,39.245],[-84.296,39.245],[-84.296,39.245],[-84.296,39.245],[-84.296,39.245],[-84.296,39.245],[-84.296,39.246],[-84.296,39.246],[-84.296,39.246],[-84.296,39.246],[-84.296,39.246],[-84.296,39.246],[-84.295,39.246],[-84.295,39.246],[-84.295,39.246],[-84.295,39.247],[-84.295,39.247],[-84.295,39.247],[-84.295,39.247],[-84.295,39.247],[-84.295,39.247],[-84.295,39.247],[-84.295,39.247],[-84.295,39.247],[-84.294,39.248],[-84.294,39.248],[-84.294,39.248],[-84.294,39.248],[-84.294,39.248],[-84.294,39.248],[-84.294,39.248],[-84.294,39.248],[-84.294,39.248],[-84.294,39.249],[-84.293,39.249],[-84.293,39.249],[-84.292,39.249],[-84.292,39.249],[-84.292,39.249],[-84.292,39.249],[-84.292,39.249],[-84.292,39.249],[-84.292,39.249],[-84.292,39.249],[-84.291,39.25],[-84.291,39.25],[-84.291,39.25],[-84.291,39.25],[-84.291,39.25],[-84.291,39.25],[-84.291,39.25],[-84.29,39.25],[-84.29,39.25],[-84.29,39.25],[-84.29,39.25],[-84.29,39.25],[-84.29,39.25],[-84.29,39.25],[-84.29,39.25],[-84.289,39.25],[-84.289,39.25],[-84.289,39.25],[-84.289,39.25],[-84.289,39.25],[-84.289,39.25],[-84.289,39.25],[-84.289,39.25],[-84.289,39.25],[-84.288,39.25],[-84.287,39.251],[-84.287,39.251],[-84.287,39.251],[-84.287,39.251],[-84.287,39.251],[-84.287,39.251],[-84.287,39.251],[-84.287,39.251],[-84.287,39.251],[-84.287,39.251],[-84.286,39.251],[-84.286,39.251],[-84.286,39.251],[-84.286,39.251],[-84.286,39.251],[-84.286,39.251],[-84.286,39.251],[-84.286,39.251],[-84.285,39.251],[-84.285,39.251],[-84.285,39.251],[-84.285,39.251],[-84.285,39.251],[-84.285,39.251],[-84.285,39.251],[-84.285,39.251],[-84.285,39.251],[-84.285,39.251],[-84.285,39.251],[-84.285,39.251],[-84.284,39.251],[-84.284,39.251],[-84.284,39.251],[-84.284,39.251],[-84.284,39.251],[-84.284,39.251],[-84.284,39.251],[-84.284,39.251],[-84.284,39.252],[-84.284,39.252],[-84.283,39.252],[-84.283,39.252],[-84.283,39.252],[-84.283,39.252],[-84.283,39.252],[-84.283,39.252],[-84.283,39.252],[-84.283,39.252],[-84.283,39.252],[-84.283,39.252],[-84.283,39.252],[-84.282,39.252],[-84.282,39.252],[-84.282,39.252],[-84.282,39.252],[-84.282,39.252],[-84.282,39.252],[-84.282,39.252],[-84.282,39.252],[-84.282,39.253],[-84.282,39.253],[-84.282,39.253],[-84.281,39.253],[-84.281,39.253],[-84.281,39.253],[-84.281,39.253],[-84.281,39.253],[-84.281,39.253],[-84.281,39.253],[-84.281,39.253],[-84.281,39.253],[-84.281,39.253],[-84.281,39.253],[-84.281,39.253],[-84.281,39.253],[-84.28,39.253],[-84.28,39.253],[-84.28,39.253],[-84.28,39.253],[-84.28,39.254],[-84.28,39.254],[-84.28,39.254],[-84.28,39.254],[-84.28,39.254],[-84.28,39.254],[-84.28,39.254],[-84.279,39.254],[-84.279,39.254],[-84.279,39.254],[-84.279,39.254],[-84.279,39.254],[-84.279,39.254],[-84.278,39.255],[-84.277,39.255],[-84.277,39.255],[-84.277,39.255],[-84.277,39.255],[-84.277,39.255],[-84.277,39.255],[-84.277,39.256],[-84.276,39.256],[-84.276,39.256],[-84.276,39.256],[-84.276,39.256],[-84.276,39.256],[-84.276,39.256],[-84.276,39.256],[-84.276,39.256],[-84.276,39.256],[-84.274,39.257],[-84.274,39.257],[-84.274,39.257],[-84.274,39.257],[-84.274,39.257],[-84.274,39.257],[-84.274,39.257],[-84.274,39.257],[-84.274,39.257],[-84.274,39.257],[-84.274,39.257],[-84.273,39.257],[-84.273,39.258],[-84.273,39.258],[-84.273,39.258],[-84.273,39.258],[-84.273,39.258],[-84.273,39.258],[-84.273,39.258],[-84.272,39.258],[-84.272,39.258],[-84.272,39.258],[-84.272,39.258],[-84.272,39.258],[-84.272,39.258],[-84.272,39.258],[-84.272,39.258],[-84.272,39.258],[-84.271,39.258],[-84.271,39.258],[-84.271,39.258],[-84.271,39.259],[-84.271,39.259],[-84.271,39.259],[-84.271,39.259],[-84.271,39.259],[-84.271,39.259],[-84.27,39.259],[-84.27,39.259],[-84.27,39.259],[-84.27,39.259],[-84.27,39.259],[-84.27,39.259],[-84.27,39.259],[-84.27,39.26],[-84.27,39.26],[-84.27,39.26],[-84.27,39.26],[-84.27,39.26],[-84.27,39.26],[-84.27,39.26],[-84.269,39.26],[-84.269,39.26],[-84.269,39.261],[-84.269,39.261],[-84.269,39.261],[-84.269,39.261],[-84.269,39.261],[-84.268,39.262],[-84.268,39.262],[-84.268,39.262],[-84.268,39.262],[-84.268,39.262],[-84.268,39.262],[-84.268,39.262],[-84.268,39.262],[-84.268,39.262],[-84.268,39.262],[-84.268,39.262],[-84.267,39.262],[-84.267,39.262],[-84.267,39.262],[-84.267,39.263],[-84.267,39.263],[-84.266,39.263],[-84.266,39.263],[-84.266,39.263],[-84.266,39.263],[-84.266,39.263],[-84.266,39.263],[-84.266,39.263],[-84.266,39.263],[-84.266,39.263],[-84.266,39.264],[-84.266,39.264],[-84.266,39.264],[-84.265,39.264],[-84.265,39.264],[-84.265,39.264],[-84.265,39.264],[-84.265,39.264],[-84.265,39.264],[-84.265,39.264],[-84.264,39.264],[-84.264,39.264],[-84.264,39.264],[-84.263,39.264],[-84.263,39.264],[-84.263,39.264],[-84.263,39.264],[-84.263,39.264],[-84.263,39.264],[-84.263,39.264],[-84.262,39.264],[-84.262,39.264],[-84.262,39.264],[-84.262,39.264],[-84.262,39.264],[-84.262,39.265],[-84.262,39.265],[-84.262,39.265],[-84.261,39.265],[-84.261,39.265],[-84.261,39.265],[-84.261,39.265],[-84.261,39.266],[-84.261,39.266],[-84.261,39.266],[-84.261,39.266],[-84.261,39.266],[-84.261,39.266],[-84.261,39.266],[-84.261,39.266],[-84.261,39.266],[-84.261,39.267],[-84.261,39.267],[-84.261,39.267],[-84.261,39.267],[-84.261,39.267],[-84.261,39.267],[-84.261,39.268],[-84.261,39.268],[-84.261,39.268],[-84.261,39.268],[-84.261,39.268],[-84.261,39.268],[-84.261,39.268],[-84.261,39.268],[-84.261,39.269],[-84.26,39.269],[-84.26,39.269],[-84.26,39.27],[-84.259,39.27],[-84.259,39.271],[-84.259,39.271],[-84.259,39.271],[-84.258,39.271],[-84.257,39.271],[-84.256,39.271],[-84.255,39.271],[-84.254,39.271],[-84.254,39.27],[-84.254,39.27],[-84.252,39.27],[-84.251,39.27],[-84.248,39.27],[-84.247,39.27],[-84.245,39.27],[-84.238,39.27],[-84.238,39.269],[-84.238,39.269]]]},"properties":{"NAME":"Clermont","GEOID":"39025"}},{"type":"Feature","geometry":{"type":"Polygon","coordinates":[[[-81.464,39.896],[-81.464,39.901],[-81.464,39.906],[-81.463,39.909],[-81.462,39.924],[-81.438,39.923],[-81.433,39.923],[-81.429,39.923],[-81.422,39.923],[-81.409,39.922],[-81.405,39.922],[-81.402,39.922],[-81.398,39.922],[-81.397,39.922],[-81.397,39.922],[-81.389,39.921],[-81.387,39.921],[-81.387,39.922],[-81.387,39.923],[-81.387,39.924],[-81.387,39.926],[-81.387,39.928],[-81.387,39.929],[-81.386,39.933],[-81.386,39.943],[-81.386,39.951],[-81.376,39.951],[-81.373,39.95],[-81.362,39.95],[-81.351,39.95],[-81.348,39.95],[-81.348,39.954],[-81.336,39.953],[-81.321,39.953],[-81.304,39.953],[-81.303,39.953],[-81.292,39.953],[-81.279,39.952],[-81.265,39.952],[-81.244,39.951],[-81.242,39.951],[-81.24,39.951],[-81.237,39.951],[-81.235,39.951],[-81.234,39.951],[-81.234,39.951],[-81.234,39.949],[-81.234,39.949],[-81.234,39.949],[-81.234,39.948],[-81.234,39.947],[-81.234,39.945],[-81.235,39.944],[-81.235,39.943],[-81.235,39.942],[-81.235,39.941],[-81.235,39.939],[-81.235,39.928],[-81.236,39.916],[-81.236,39.916],[-81.236,39.914],[-81.236,39.913],[-81.236,39.912],[-81.236,39.912],[-81.236,39.912],[-81.236,39.903],[-81.237,39.887],[-81.237,39.879],[-81.237,39.868],[-81.241,39.868],[-81.241,39.868],[-81.243,39.868],[-81.25,39.868],[-81.256,39.868],[-81.256,39.868],[-81.264,39.868],[-81.275,39.869],[-81.286,39.869],[-81.298,39.869],[-81.309,39.869],[-81.314,39.862],[-81.314,39.861],[-81.314,39.861],[-81.314,39.861],[-81.314,39.86],[-81.314,39.86],[-81.314,39.86],[-81.314,39.859],[-81.314,39.859],[-81.314,39.845],[-81.314,39.842],[-81.315,39.834],[-81.315,39.833],[-81.315,39.833],[-81.315,39.829],[-81.315,39.824],[-81.315,39.818],[-81.315,39.816],[-81.315,39.812],[-81.316,39.809],[-81.316,39.807],[-81.316,39.806],[-81.316,39.8],[-81.316,39.798],[-81.316,39.798],[-81.316,39.788],[-81.317,39.784],[-81.317,39.779],[-81.317,39.777],[-81.317,39.773],[-81.317,39.772],[-81.317,39.77],[-81.317,39.766],[-81.318,39.759],[-81.318,39.754],[-81.318,39.753],[-81.318,39.752],[-81.318,39.751],[-81.318,39.748],[-81.318,39.739],[-81.319,39.725],[-81.319,39.714],[-81.319,39.708],[-81.316,39.707],[-81.315,39.707],[-81.314,39.707],[-81.314,39.707],[-81.313,39.707],[-81.312,39.707],[-81.311,39.707],[-81.311,39.707],[-81.31,39.707],[-81.309,39.707],[-81.308,39.707],[-81.307,39.707],[-81.307,39.707],[-81.307,39.707],[-81.306,39.707],[-81.305,39.707],[-81.305,39.707],[-81.304,39.707],[-81.303,39.707],[-81.302,39.707],[-81.297,39.707],[-81.283,39.707],[-81.281,39.707],[-81.281,39.707],[-81.281,39.697],[-81.281,39.693],[-81.281,39.692],[-81.281,39.692],[-81.281,39.69],[-81.281,39.689],[-81.281,39.679],[-81.281,39.674],[-81.281,39.664],[-81.282,39.659],[-81.282,39.657],[-81.282,39.648],[-81.282,39.645],[-81.282,39.637],[-81.282,39.636],[-81.282,39.633],[-81.282,39.631],[-81.282,39.629],[-81.283,39.623],[-81.283,39.62],[-81.283,39.619],[-81.283,39.614],[-81.283,39.611],[-81.283,39.606],[-81.283,39.603],[-81.283,39.594],[-81.284,39.592],[-81.288,39.592],[-81.289,39.592],[-81.313,39.593],[-81.321,39.593],[-81.331,39.593],[-81.332,39.593],[-81.347,39.593],[-81.354,39.594],[-81.356,39.597],[-81.356,39.601],[-81.366,39.601],[-81.37,39.601],[-81.37,39.601],[-81.377,39.601],[-81.378,39.601],[-81.388,39.601],[-81.389,39.601],[-81.395,39.609],[-81.395,39.614],[-81.395,39.614],[-81.395,39.615],[-81.402,39.616],[-81.412,39.616],[-81.414,39.616],[-81.414,39.619],[-81.414,39.62],[-81.414,39.62],[-81.414,39.622],[-81.414,39.622],[-81.414,39.624],[-81.414,39.624],[-81.414,39.624],[-81.414,39.624],[-81.414,39.627],[-81.414,39.627],[-81.414,39.627],[-81.414,39.631],[-81.415,39.631],[-81.418,39.631],[-81.432,39.631],[-81.445,39.631],[-81.451,39.631],[-81.453,39.632],[-81.453,39.633],[-81.453,39.633],[-81.453,39.634],[-81.452,39.635],[-81.452,39.635],[-81.452,39.636],[-81.457,39.646],[-81.46,39.646],[-81.461,39.646],[-81.462,39.646],[-81.465,39.646],[-81.466,39.646],[-81.467,39.646],[-81.468,39.646],[-81.473,39.638],[-81.473,39.629],[-81.473,39.622],[-81.473,39.616],[-81.473,39.614],[-81.473,39.611],[-81.473,39.611],[-81.473,39.61],[-81.473,39.609],[-81.473,39.607],[-81.473,39.602],[-81.474,39.593],[-81.473,39.586],[-81.473,39.584],[-81.477,39.583],[-81.48,39.583],[-81.488,39.584],[-81.488,39.584],[-81.492,39.584],[-81.501,39.584],[-81.511,39.584],[-81.525,39.585],[-81.527,39.585],[-81.529,39.585],[-81.539,39.585],[-81.548,39.586],[-81.563,39.586],[-81.564,39.586],[-81.564,39.586],[-81.569,39.586],[-81.572,39.586],[-81.579,39.587],[-81.584,39.587],[-81.588,39.594],[-81.588,39.603],[-81.588,39.609],[-81.588,39.614],[-81.588,39.621],[-81.588,39.622],[-81.588,39.622],[-81.588,39.622],[-81.588,39.625],[-81.587,39.625],[-81.587,39.631],[-81.587,39.642],[-81.587,39.646],[-81.587,39.647],[-81.587,39.648],[-81.586,39.653],[-81.586,39.653],[-81.586,39.654],[-81.586,39.661],[-81.589,39.664],[-81.599,39.664],[-81.603,39.664],[-81.605,39.665],[-81.605,39.665],[-81.616,39.665],[-81.616,39.665],[-81.617,39.665],[-81.626,39.665],[-81.627,39.665],[-81.628,39.665],[-81.637,39.666],[-81.643,39.666],[-81.643,39.667],[-81.643,39.672],[-81.642,39.691],[-81.642,39.697],[-81.642,39.702],[-81.642,39.702],[-81.642,39.703],[-81.642,39.703],[-81.642,39.703],[-81.642,39.703],[-81.642,39.704],[-81.641,39.709],[-81.641,39.724],[-81.64,39.739],[-81.64,39.75],[-81.64,39.752],[-81.64,39.753],[-81.64,39.753],[-81.64,39.753],[-81.649,39.754],[-81.656,39.754],[-81.662,39.754],[-81.663,39.754],[-81.663,39.754],[-81.663,39.754],[-81.664,39.754],[-81.665,39.754],[-81.671,39.754],[-81.674,39.755],[-81.675,39.755],[-81.675,39.755],[-81.676,39.755],[-81.678,39.755],[-81.692,39.755],[-81.694,39.755],[-81.697,39.755],[-81.697,39.758],[-81.697,39.76],[-81.697,39.76],[-81.697,39.765],[-81.697,39.773],[-81.697,39.779],[-81.697,39.78],[-81.696,39.799],[-81.695,39.814],[-81.695,39.816],[-81.695,39.818],[-81.695,39.826],[-81.694,39.833],[-81.694,39.836],[-81.694,39.843],[-81.692,39.843],[-81.689,39.842],[-81.687,39.842],[-81.683,39.842],[-81.681,39.842],[-81.663,39.841],[-81.659,39.841],[-81.651,39.841],[-81.64,39.841],[-81.626,39.84],[-81.625,39.84],[-81.615,39.84],[-81.604,39.84],[-81.599,39.84],[-81.592,39.84],[-81.591,39.839],[-81.589,39.839],[-81.585,39.839],[-81.58,39.839],[-81.58,39.841],[-81.58,39.85],[-81.58,39.855],[-81.579,39.867],[-81.579,39.87],[-81.579,39.872],[-81.579,39.876],[-81.579,39.886],[-81.579,39.895],[-81.579,39.898],[-81.573,39.898],[-81.552,39.897],[-81.547,39.897],[-81.543,39.897],[-81.531,39.896],[-81.525,39.896],[-81.517,39.896],[-81.5,39.896],[-81.488,39.895],[-81.485,39.895],[-81.471,39.895],[-81.464,39.895],[-81.464,39.896]]]},"properties":{"NAME":"Noble","GEOID":"39121"}},{"type":"Feature","geometry":{"type":"Polygon","coordinates":[[[-83.881,41.08],[-83.881,41.079],[-83.881,41.073],[-83.881,41.066],[-83.881,41.064],[-83.881,41.059],[-83.881,41.054],[-83.881,41.05],[-83.881,41.047],[-83.881,41.044],[-83.881,41.039],[-83.881,41.036],[-83.881,41.033],[-83.881,41.032],[-83.881,41.029],[-83.881,41.028],[-83.881,41.027],[-83.881,41.026],[-83.881,41.022],[-83.881,41.021],[-83.881,41.02],[-83.881,41.018],[-83.881,41.011],[-83.881,41.007],[-83.881,41.002],[-83.881,40.995],[-83.881,40.992],[-83.881,40.987],[-83.881,40.982],[-83.881,40.975],[-83.881,40.97],[-83.881,40.969],[-83.881,40.968],[-83.881,40.963],[-83.881,40.959],[-83.881,40.955],[-83.88,40.951],[-83.88,40.949],[-83.88,40.946],[-83.88,40.941],[-83.88,40.935],[-83.88,40.933],[-83.88,40.928],[-83.88,40.922],[-83.88,40.92],[-83.881,40.92],[-83.883,40.92],[-83.884,40.92],[-83.886,40.92],[-83.887,40.92],[-83.888,40.92],[-83.889,40.92],[-83.89,40.92],[-83.891,40.92],[-83.892,40.92],[-83.893,40.92],[-83.894,40.92],[-83.895,40.92],[-83.896,40.92],[-83.897,40.92],[-83.898,40.92],[-83.9,40.92],[-83.901,40.92],[-83.904,40.92],[-83.909,40.92],[-83.915,40.92],[-83.915,40.92],[-83.917,40.92],[-83.919,40.92],[-83.922,40.92],[-83.926,40.92],[-83.932,40.92],[-83.936,40.92],[-83.942,40.92],[-83.946,40.92],[-83.949,40.92],[-83.95,40.92],[-83.957,40.92],[-83.964,40.92],[-83.965,40.92],[-83.967,40.92],[-83.974,40.92],[-83.976,40.92],[-83.993,40.92],[-83.995,40.92],[-83.995,40.918],[-83.995,40.916],[-83.995,40.914],[-83.995,40.912],[-83.995,40.911],[-83.996,40.905],[-83.997,40.905],[-84.009,40.905],[-84.012,40.905],[-84.02,40.905],[-84.025,40.905],[-84.045,40.905],[-84.055,40.905],[-84.062,40.905],[-84.07,40.905],[-84.082,40.905],[-84.086,40.905],[-84.087,40.905],[-84.087,40.905],[-84.11,40.894],[-84.11,40.894],[-84.11,40.892],[-84.11,40.891],[-84.11,40.89],[-84.11,40.888],[-84.11,40.887],[-84.11,40.879],[-84.11,40.878],[-84.11,40.875],[-84.11,40.868],[-84.11,40.866],[-84.11,40.865],[-84.11,40.865],[-84.11,40.863],[-84.11,40.862],[-84.115,40.861],[-84.125,40.86],[-84.138,40.86],[-84.192,40.86],[-84.193,40.86],[-84.198,40.86],[-84.206,40.86],[-84.225,40.86],[-84.231,40.86],[-84.233,40.86],[-84.236,40.86],[-84.244,40.86],[-84.253,40.86],[-84.263,40.86],[-84.267,40.86],[-84.271,40.86],[-84.281,40.86],[-84.287,40.86],[-84.287,40.86],[-84.29,40.86],[-84.29,40.86],[-84.312,40.859],[-84.314,40.859],[-84.32,40.859],[-84.322,40.859],[-84.323,40.859],[-84.33,40.859],[-84.33,40.859],[-84.334,40.859],[-84.339,40.859],[-84.34,40.859],[-84.341,40.86],[-84.341,40.872],[-84.341,40.873],[-84.341,40.882],[-84.341,40.904],[-84.358,40.904],[-84.362,40.903],[-84.369,40.904],[-84.37,40.904],[-84.37,40.903],[-84.37,40.903],[-84.371,40.903],[-84.373,40.903],[-84.376,40.903],[-84.379,40.903],[-84.381,40.903],[-84.383,40.903],[-84.385,40.903],[-84.387,40.903],[-84.388,40.903],[-84.39,40.903],[-84.392,40.903],[-84.393,40.903],[-84.394,40.903],[-84.395,40.903],[-84.397,40.903],[-84.398,40.904],[-84.398,40.904],[-84.398,40.905],[-84.398,40.906],[-84.398,40.907],[-84.398,40.908],[-84.398,40.909],[-84.398,40.91],[-84.399,40.911],[-84.399,40.913],[-84.399,40.914],[-84.399,40.915],[-84.399,40.917],[-84.399,40.919],[-84.399,40.92],[-84.399,40.922],[-84.399,40.925],[-84.399,40.93],[-84.399,40.935],[-84.399,40.937],[-84.399,40.942],[-84.399,40.945],[-84.399,40.945],[-84.399,40.947],[-84.399,40.948],[-84.399,40.949],[-84.399,40.954],[-84.399,40.957],[-84.399,40.958],[-84.399,40.96],[-84.399,40.962],[-84.399,40.963],[-84.399,40.964],[-84.399,40.965],[-84.399,40.966],[-84.399,40.967],[-84.399,40.968],[-84.399,40.97],[-84.399,40.972],[-84.399,40.973],[-84.399,40.975],[-84.399,40.976],[-84.399,40.981],[-84.399,40.983],[-84.399,40.985],[-84.399,40.987],[-84.399,40.988],[-84.394,40.99],[-84.39,40.99],[-84.386,40.99],[-84.379,40.99],[-84.377,40.99],[-84.375,40.99],[-84.373,40.991],[-84.371,40.991],[-84.369,40.991],[-84.36,40.991],[-84.359,40.991],[-84.357,40.991],[-84.355,40.991],[-84.352,40.991],[-84.349,40.991],[-84.348,40.991],[-84.346,40.991],[-84.345,40.991],[-84.342,40.991],[-84.342,41.004],[-84.342,41.005],[-84.342,41.013],[-84.342,41.014],[-84.342,41.015],[-84.342,41.016],[-84.342,41.017],[-84.342,41.018],[-84.342,41.02],[-84.342,41.023],[-84.342,41.024],[-84.342,41.025],[-84.342,41.029],[-84.342,41.031],[-84.342,41.033],[-84.342,41.034],[-84.342,41.035],[-84.342,41.037],[-84.342,41.038],[-84.342,41.042],[-84.342,41.043],[-84.342,41.043],[-84.342,41.045],[-84.342,41.046],[-84.342,41.046],[-84.342,41.049],[-84.342,41.056],[-84.342,41.057],[-84.342,41.063],[-84.342,41.064],[-84.342,41.065],[-84.342,41.066],[-84.342,41.067],[-84.342,41.075],[-84.342,41.078],[-84.342,41.08],[-84.342,41.081],[-84.342,41.083],[-84.342,41.084],[-84.342,41.087],[-84.342,41.089],[-84.342,41.09],[-84.342,41.091],[-84.342,41.092],[-84.342,41.095],[-84.342,41.097],[-84.342,41.099],[-84.342,41.102],[-84.342,41.103],[-84.342,41.104],[-84.342,41.105],[-84.342,41.106],[-84.342,41.107],[-84.342,41.107],[-84.342,41.111],[-84.342,41.115],[-84.342,41.116],[-84.342,41.116],[-84.342,41.117],[-84.342,41.119],[-84.342,41.12],[-84.342,41.122],[-84.342,41.122],[-84.342,41.123],[-84.342,41.123],[-84.342,41.125],[-84.342,41.126],[-84.342,41.127],[-84.342,41.128],[-84.342,41.129],[-84.342,41.13],[-84.342,41.132],[-84.342,41.136],[-84.342,41.137],[-84.342,41.151],[-84.342,41.152],[-84.342,41.158],[-84.342,41.159],[-84.342,41.164],[-84.34,41.166],[-84.337,41.165],[-84.335,41.165],[-84.332,41.165],[-84.329,41.165],[-84.325,41.165],[-84.324,41.165],[-84.323,41.165],[-84.317,41.165],[-84.315,41.165],[-84.311,41.165],[-84.31,41.165],[-84.309,41.165],[-84.308,41.165],[-84.306,41.165],[-84.305,41.165],[-84.301,41.166],[-84.298,41.166],[-84.296,41.166],[-84.294,41.166],[-84.292,41.166],[-84.29,41.166],[-84.287,41.166],[-84.285,41.166],[-84.283,41.166],[-84.281,41.166],[-84.279,41.166],[-84.278,41.166],[-84.272,41.166],[-84.27,41.166],[-84.25,41.166],[-84.245,41.166],[-84.244,41.166],[-84.243,41.166],[-84.241,41.166],[-84.239,41.166],[-84.238,41.166],[-84.236,41.166],[-84.234,41.166],[-84.232,41.166],[-84.231,41.166],[-84.228,41.166],[-84.227,41.166],[-84.224,41.166],[-84.222,41.166],[-84.219,41.166],[-84.217,41.166],[-84.215,41.166],[-84.212,41.166],[-84.21,41.166],[-84.206,41.166],[-84.204,41.166],[-84.203,41.166],[-84.201,41.166],[-84.198,41.166],[-84.195,41.166],[-84.19,41.166],[-84.177,41.166],[-84.17,41.166],[-84.168,41.166],[-84.166,41.166],[-84.165,41.166],[-84.163,41.166],[-84.161,41.166],[-84.159,41.166],[-84.157,41.166],[-84.156,41.166],[-84.151,41.166],[-84.132,41.166],[-84.13,41.166],[-84.129,41.166],[-84.128,41.166],[-84.126,41.166],[-84.124,41.166],[-84.122,41.166],[-84.12,41.166],[-84.117,41.166],[-84.113,41.167],[-84.112,41.167],[-84.111,41.166],[-84.109,41.166],[-84.107,41.166],[-84.105,41.166],[-84.102,41.166],[-84.101,41.166],[-84.098,41.166],[-84.097,41.166],[-84.095,41.166],[-84.093,41.167],[-84.091,41.167],[-84.089,41.167],[-84.086,41.167],[-84.084,41.167],[-84.083,41.167],[-84.081,41.167],[-84.079,41.167],[-84.077,41.167],[-84.075,41.167],[-84.073,41.167],[-84.071,41.167],[-84.069,41.167],[-84.067,41.167],[-84.066,41.167],[-84.064,41.167],[-84.062,41.167],[-84.06,41.167],[-84.058,41.167],[-84.056,41.167],[-84.055,41.167],[-84.053,41.167],[-84.052,41.167],[-84.05,41.167],[-84.049,41.167],[-84.047,41.167],[-84.046,41.167],[-84.045,41.167],[-84.044,41.167],[-84.043,41.167],[-84.041,41.167],[-84.04,41.167],[-84.037,41.167],[-84.034,41.167],[-84.031,41.167],[-84.03,41.167],[-84.029,41.167],[-84.026,41.167],[-84.023,41.167],[-84.017,41.167],[-84.016,41.167],[-84.011,41.167],[-84.007,41.167],[-84.005,41.167],[-84.003,41.167],[-84.003,41.167],[-84.003,41.167],[-84.003,41.167],[-84.001,41.167],[-83.998,41.167],[-83.997,41.167],[-83.987,41.167],[-83.981,41.167],[-83.98,41.167],[-83.978,41.167],[-83.977,41.167],[-83.976,41.167],[-83.971,41.167],[-83.969,41.167],[-83.968,41.167],[-83.967,41.167],[-83.966,41.167],[-83.964,41.167],[-83.959,41.167],[-83.958,41.167],[-83.953,41.167],[-83.952,41.167],[-83.95,41.167],[-83.947,41.167],[-83.946,41.167],[-83.944,41.167],[-83.942,41.167],[-83.94,41.167],[-83.939,41.167],[-83.937,41.167],[-83.934,41.167],[-83.932,41.167],[-83.93,41.167],[-83.927,41.167],[-83.925,41.167],[-83.921,41.168],[-83.919,41.168],[-83.918,41.168],[-83.916,41.168],[-83.915,41.168],[-83.914,41.168],[-83.911,41.168],[-83.91,41.168],[-83.907,41.168],[-83.905,41.168],[-83.902,41.168],[-83.901,41.168],[-83.9,41.168],[-83.898,41.168],[-83.896,41.168],[-83.892,41.168],[-83.89,41.168],[-83.888,41.168],[-83.881,41.168],[-83.881,41.164],[-83.881,41.161],[-83.881,41.158],[-83.881,41.156],[-83.881,41.153],[-83.881,41.149],[-83.881,41.14],[-83.881,41.136],[-83.881,41.132],[-83.881,41.13],[-83.881,41.128],[-83.881,41.125],[-83.881,41.124],[-83.881,41.12],[-83.881,41.116],[-83.881,41.113],[-83.881,41.109],[-83.881,41.108],[-83.881,41.107],[-83.881,41.105],[-83.881,41.103],[-83.881,41.102],[-83.881,41.1],[-83.881,41.097],[-83.881,41.095],[-83.881,41.093],[-83.881,41.089],[-83.881,41.086],[-83.881,41.084],[-83.881,41.081],[-83.881,41.08]]]},"properties":{"NAME":"Putnam","GEOID":"39137"}},{"type":"Feature","geometry":{"type":"Polygon","coordinates":[[[-81.273,40.369],[-81.272,40.373],[-81.272,40.378],[-81.272,40.389],[-81.272,40.393],[-81.271,40.399],[-81.271,40.411],[-81.27,40.426],[-81.27,40.427],[-81.27,40.429],[-81.267,40.433],[-81.261,40.433],[-81.253,40.433],[-81.238,40.432],[-81.236,40.432],[-81.227,40.432],[-81.212,40.432],[-81.208,40.433],[-81.198,40.433],[-81.191,40.433],[-81.188,40.433],[-81.187,40.433],[-81.18,40.433],[-81.175,40.433],[-81.163,40.432],[-81.152,40.432],[-81.139,40.432],[-81.122,40.431],[-81.121,40.431],[-81.112,40.431],[-81.11,40.431],[-81.103,40.431],[-81.091,40.429],[-81.088,40.429],[-81.086,40.429],[-81.085,40.429],[-81.075,40.428],[-81.07,40.428],[-81.059,40.428],[-81.052,40.427],[-81.044,40.427],[-81.038,40.427],[-81.02,40.427],[-80.996,40.426],[-80.994,40.426],[-80.979,40.425],[-80.978,40.425],[-80.975,40.425],[-80.959,40.425],[-80.954,40.425],[-80.95,40.425],[-80.941,40.425],[-80.936,40.425],[-80.934,40.425],[-80.927,40.424],[-80.924,40.424],[-80.922,40.424],[-80.915,40.424],[-80.911,40.424],[-80.904,40.424],[-80.897,40.424],[-80.896,40.424],[-80.896,40.424],[-80.895,40.424],[-80.891,40.424],[-80.89,40.424],[-80.884,40.423],[-80.875,40.423],[-80.871,40.423],[-80.866,40.423],[-80.866,40.422],[-80.866,40.413],[-80.866,40.411],[-80.866,40.41],[-80.866,40.408],[-80.866,40.407],[-80.866,40.401],[-80.866,40.395],[-80.867,40.384],[-80.867,40.38],[-80.872,40.375],[-80.872,40.374],[-80.872,40.372],[-80.872,40.367],[-80.872,40.364],[-80.872,40.361],[-80.872,40.36],[-80.873,40.352],[-80.873,40.35],[-80.873,40.34],[-80.874,40.331],[-80.874,40.33],[-80.874,40.329],[-80.874,40.329],[-80.874,40.322],[-80.874,40.316],[-80.875,40.309],[-80.875,40.306],[-80.875,40.306],[-80.875,40.303],[-80.875,40.301],[-80.875,40.296],[-80.876,40.294],[-80.876,40.294],[-80.876,40.294],[-80.876,40.289],[-80.876,40.289],[-80.876,40.288],[-80.876,40.285],[-80.876,40.282],[-80.876,40.282],[-80.876,40.281],[-80.876,40.28],[-80.877,40.275],[-80.877,40.267],[-80.877,40.263],[-80.878,40.251],[-80.878,40.25],[-80.878,40.248],[-80.878,40.246],[-80.878,40.245],[-80.878,40.245],[-80.878,40.244],[-80.879,40.24],[-80.879,40.231],[-80.879,40.23],[-80.879,40.23],[-80.879,40.227],[-80.879,40.226],[-80.88,40.219],[-80.88,40.216],[-80.88,40.215],[-80.88,40.214],[-80.88,40.213],[-80.88,40.207],[-80.88,40.206],[-80.88,40.204],[-80.881,40.201],[-80.881,40.201],[-80.881,40.199],[-80.881,40.185],[-80.882,40.183],[-80.882,40.178],[-80.882,40.178],[-80.882,40.175],[-80.882,40.174],[-80.882,40.173],[-80.883,40.16],[-80.883,40.159],[-80.884,40.16],[-80.884,40.16],[-80.886,40.16],[-80.886,40.16],[-80.886,40.16],[-80.887,40.16],[-80.89,40.16],[-80.895,40.16],[-80.896,40.16],[-80.896,40.16],[-80.896,40.16],[-80.899,40.16],[-80.9,40.16],[-80.908,40.16],[-80.91,40.16],[-80.91,40.16],[-80.912,40.161],[-80.913,40.161],[-80.913,40.161],[-80.917,40.161],[-80.919,40.161],[-80.922,40.161],[-80.922,40.161],[-80.922,40.161],[-80.926,40.161],[-80.927,40.161],[-80.927,40.161],[-80.942,40.162],[-80.944,40.162],[-80.946,40.162],[-80.946,40.162],[-80.947,40.162],[-80.947,40.162],[-80.947,40.162],[-80.955,40.162],[-80.956,40.162],[-80.956,40.162],[-80.96,40.162],[-80.97,40.163],[-80.97,40.163],[-80.971,40.163],[-80.972,40.163],[-80.972,40.163],[-80.975,40.163],[-80.976,40.163],[-80.979,40.163],[-80.981,40.163],[-80.982,40.163],[-80.991,40.163],[-80.993,40.163],[-80.994,40.163],[-81,40.164],[-81.001,40.164],[-81.002,40.164],[-81.009,40.164],[-81.01,40.164],[-81.012,40.164],[-81.016,40.164],[-81.019,40.164],[-81.022,40.164],[-81.023,40.164],[-81.024,40.164],[-81.036,40.165],[-81.037,40.165],[-81.039,40.165],[-81.047,40.165],[-81.05,40.165],[-81.051,40.165],[-81.063,40.166],[-81.065,40.166],[-81.073,40.166],[-81.077,40.167],[-81.077,40.167],[-81.082,40.167],[-81.082,40.167],[-81.082,40.167],[-81.085,40.167],[-81.085,40.167],[-81.086,40.167],[-81.087,40.167],[-81.088,40.167],[-81.091,40.167],[-81.094,40.167],[-81.095,40.167],[-81.103,40.168],[-81.108,40.168],[-81.112,40.168],[-81.112,40.169],[-81.129,40.171],[-81.131,40.171],[-81.135,40.171],[-81.135,40.171],[-81.136,40.171],[-81.141,40.171],[-81.143,40.171],[-81.144,40.171],[-81.145,40.171],[-81.152,40.171],[-81.153,40.171],[-81.153,40.171],[-81.153,40.171],[-81.154,40.171],[-81.154,40.171],[-81.154,40.171],[-81.156,40.171],[-81.162,40.172],[-81.162,40.172],[-81.163,40.172],[-81.168,40.172],[-81.169,40.172],[-81.175,40.172],[-81.177,40.172],[-81.179,40.172],[-81.185,40.172],[-81.189,40.172],[-81.195,40.172],[-81.204,40.172],[-81.214,40.172],[-81.219,40.173],[-81.224,40.173],[-81.226,40.17],[-81.23,40.17],[-81.242,40.17],[-81.243,40.17],[-81.244,40.17],[-81.245,40.17],[-81.25,40.171],[-81.265,40.171],[-81.274,40.171],[-81.275,40.171],[-81.277,40.171],[-81.293,40.171],[-81.298,40.171],[-81.307,40.172],[-81.318,40.172],[-81.336,40.172],[-81.337,40.172],[-81.34,40.172],[-81.339,40.175],[-81.339,40.177],[-81.339,40.188],[-81.339,40.198],[-81.339,40.201],[-81.339,40.202],[-81.339,40.202],[-81.339,40.203],[-81.338,40.212],[-81.338,40.216],[-81.338,40.22],[-81.338,40.23],[-81.337,40.233],[-81.337,40.235],[-81.337,40.242],[-81.337,40.244],[-81.337,40.253],[-81.337,40.257],[-81.336,40.26],[-81.336,40.265],[-81.336,40.268],[-81.336,40.279],[-81.335,40.288],[-81.335,40.3],[-81.328,40.304],[-81.328,40.304],[-81.323,40.304],[-81.315,40.304],[-81.313,40.304],[-81.297,40.304],[-81.296,40.304],[-81.291,40.304],[-81.288,40.304],[-81.285,40.303],[-81.275,40.31],[-81.275,40.317],[-81.275,40.321],[-81.274,40.332],[-81.274,40.336],[-81.273,40.352],[-81.273,40.359],[-81.273,40.369],[-81.273,40.369]]]},"properties":{"NAME":"Harrison","GEOID":"39067"}},{"type":"Feature","geometry":{"type":"Polygon","coordinates":[[[-84.219,40.195],[-84.219,40.195],[-84.213,40.195],[-84.212,40.195],[-84.212,40.195],[-84.211,40.195],[-84.208,40.195],[-84.206,40.195],[-84.203,40.195],[-84.201,40.194],[-84.194,40.194],[-84.192,40.194],[-84.184,40.193],[-84.183,40.193],[-84.177,40.193],[-84.172,40.193],[-84.171,40.193],[-84.167,40.192],[-84.156,40.192],[-84.151,40.191],[-84.146,40.191],[-84.143,40.191],[-84.136,40.191],[-84.125,40.19],[-84.12,40.19],[-84.112,40.189],[-84.104,40.189],[-84.103,40.188],[-84.102,40.188],[-84.099,40.188],[-84.08,40.187],[-84.072,40.186],[-84.067,40.186],[-84.055,40.186],[-84.049,40.185],[-84.04,40.185],[-84.032,40.185],[-84.023,40.184],[-84.024,40.168],[-84.026,40.152],[-84.027,40.136],[-84.028,40.129],[-84.029,40.126],[-84.029,40.126],[-84.029,40.126],[-84.03,40.111],[-84.032,40.086],[-84.033,40.078],[-84.034,40.067],[-84.034,40.061],[-84.035,40.053],[-84.037,40.034],[-84.037,40.026],[-84.037,40.025],[-84.038,40.022],[-84.038,40.018],[-84.039,40.011],[-84.039,40.007],[-84.04,39.997],[-84.04,39.992],[-84.041,39.986],[-84.041,39.981],[-84.042,39.975],[-84.043,39.968],[-84.044,39.953],[-84.044,39.952],[-84.044,39.952],[-84.044,39.949],[-84.044,39.948],[-84.045,39.947],[-84.045,39.945],[-84.045,39.945],[-84.045,39.939],[-84.046,39.936],[-84.046,39.929],[-84.047,39.923],[-84.048,39.908],[-84.048,39.908],[-84.049,39.898],[-84.05,39.887],[-84.051,39.88],[-84.056,39.88],[-84.059,39.88],[-84.061,39.88],[-84.066,39.881],[-84.093,39.882],[-84.098,39.883],[-84.11,39.883],[-84.121,39.884],[-84.126,39.884],[-84.136,39.885],[-84.139,39.885],[-84.152,39.886],[-84.156,39.886],[-84.157,39.887],[-84.158,39.889],[-84.16,39.891],[-84.162,39.893],[-84.163,39.895],[-84.164,39.897],[-84.165,39.9],[-84.167,39.908],[-84.167,39.911],[-84.167,39.913],[-84.163,39.918],[-84.16,39.921],[-84.158,39.923],[-84.158,39.923],[-84.159,39.923],[-84.167,39.923],[-84.169,39.923],[-84.188,39.923],[-84.199,39.923],[-84.202,39.923],[-84.203,39.923],[-84.205,39.923],[-84.211,39.923],[-84.221,39.922],[-84.225,39.922],[-84.226,39.922],[-84.231,39.922],[-84.232,39.922],[-84.233,39.922],[-84.237,39.922],[-84.239,39.922],[-84.24,39.922],[-84.242,39.922],[-84.245,39.922],[-84.247,39.922],[-84.248,39.922],[-84.25,39.922],[-84.252,39.922],[-84.257,39.922],[-84.26,39.922],[-84.264,39.922],[-84.269,39.922],[-84.275,39.922],[-84.276,39.922],[-84.279,39.922],[-84.294,39.921],[-84.301,39.921],[-84.311,39.921],[-84.313,39.921],[-84.315,39.921],[-84.316,39.921],[-84.317,39.921],[-84.317,39.921],[-84.318,39.921],[-84.32,39.921],[-84.324,39.921],[-84.326,39.921],[-84.331,39.921],[-84.332,39.921],[-84.333,39.921],[-84.334,39.921],[-84.334,39.921],[-84.336,39.921],[-84.337,39.921],[-84.341,39.921],[-84.341,39.921],[-84.343,39.921],[-84.344,39.921],[-84.345,39.921],[-84.346,39.921],[-84.347,39.921],[-84.348,39.921],[-84.35,39.921],[-84.35,39.921],[-84.351,39.921],[-84.353,39.921],[-84.355,39.921],[-84.356,39.921],[-84.357,39.921],[-84.358,39.921],[-84.358,39.921],[-84.358,39.921],[-84.359,39.921],[-84.36,39.921],[-84.362,39.921],[-84.363,39.921],[-84.364,39.921],[-84.372,39.92],[-84.372,39.92],[-84.373,39.92],[-84.375,39.92],[-84.376,39.92],[-84.378,39.92],[-84.379,39.92],[-84.379,39.92],[-84.381,39.92],[-84.383,39.92],[-84.384,39.92],[-84.387,39.92],[-84.39,39.92],[-84.391,39.92],[-84.393,39.92],[-84.398,39.92],[-84.404,39.92],[-84.406,39.92],[-84.406,39.92],[-84.406,39.92],[-84.416,39.92],[-84.421,39.92],[-84.425,39.92],[-84.426,39.922],[-84.426,39.927],[-84.426,39.943],[-84.426,39.963],[-84.427,39.978],[-84.427,39.979],[-84.427,39.98],[-84.427,39.981],[-84.427,39.982],[-84.427,39.983],[-84.427,39.984],[-84.427,39.985],[-84.427,39.986],[-84.427,39.986],[-84.427,39.987],[-84.428,39.988],[-84.428,39.989],[-84.428,39.989],[-84.428,39.99],[-84.428,39.991],[-84.428,39.992],[-84.428,39.993],[-84.428,39.995],[-84.428,39.997],[-84.428,40],[-84.428,40.001],[-84.428,40.002],[-84.428,40.005],[-84.428,40.006],[-84.428,40.006],[-84.428,40.006],[-84.428,40.006],[-84.428,40.006],[-84.428,40.006],[-84.429,40.006],[-84.429,40.006],[-84.429,40.007],[-84.428,40.011],[-84.428,40.012],[-84.428,40.012],[-84.429,40.013],[-84.429,40.014],[-84.429,40.015],[-84.429,40.016],[-84.429,40.017],[-84.429,40.018],[-84.429,40.019],[-84.429,40.02],[-84.429,40.021],[-84.429,40.033],[-84.429,40.042],[-84.429,40.055],[-84.429,40.066],[-84.43,40.075],[-84.43,40.078],[-84.43,40.079],[-84.43,40.082],[-84.43,40.085],[-84.43,40.091],[-84.43,40.092],[-84.43,40.094],[-84.43,40.096],[-84.43,40.1],[-84.43,40.102],[-84.43,40.103],[-84.43,40.105],[-84.43,40.106],[-84.43,40.108],[-84.43,40.109],[-84.43,40.114],[-84.43,40.115],[-84.43,40.117],[-84.431,40.118],[-84.431,40.122],[-84.431,40.124],[-84.431,40.125],[-84.431,40.126],[-84.431,40.127],[-84.431,40.128],[-84.431,40.129],[-84.431,40.13],[-84.431,40.132],[-84.431,40.134],[-84.431,40.135],[-84.431,40.137],[-84.431,40.138],[-84.431,40.139],[-84.431,40.14],[-84.431,40.14],[-84.431,40.141],[-84.431,40.142],[-84.431,40.142],[-84.431,40.142],[-84.431,40.143],[-84.431,40.144],[-84.431,40.144],[-84.431,40.146],[-84.431,40.148],[-84.431,40.149],[-84.431,40.149],[-84.432,40.15],[-84.431,40.152],[-84.431,40.153],[-84.431,40.154],[-84.432,40.16],[-84.432,40.181],[-84.436,40.181],[-84.433,40.189],[-84.433,40.193],[-84.43,40.197],[-84.424,40.197],[-84.421,40.197],[-84.411,40.197],[-84.409,40.197],[-84.404,40.198],[-84.403,40.198],[-84.396,40.198],[-84.384,40.197],[-84.381,40.197],[-84.375,40.197],[-84.373,40.197],[-84.367,40.197],[-84.365,40.198],[-84.362,40.198],[-84.359,40.198],[-84.358,40.198],[-84.355,40.198],[-84.351,40.198],[-84.344,40.198],[-84.339,40.198],[-84.322,40.198],[-84.315,40.198],[-84.302,40.198],[-84.296,40.198],[-84.293,40.198],[-84.29,40.198],[-84.29,40.198],[-84.287,40.198],[-84.28,40.199],[-84.27,40.199],[-84.255,40.199],[-84.251,40.199],[-84.25,40.199],[-84.248,40.199],[-84.242,40.199],[-84.237,40.2],[-84.219,40.2],[-84.219,40.198],[-84.219,40.197],[-84.219,40.196],[-84.219,40.195]]]},"properties":{"NAME":"Miami","GEOID":"39109"}},{"type":"Feature","geometry":{"type":"Polygon","coordinates":[[[-84.258,39.274],[-84.258,39.274],[-84.258,39.274],[-84.258,39.274],[-84.258,39.275],[-84.258,39.275],[-84.257,39.275],[-84.257,39.275],[-84.256,39.275],[-84.256,39.275],[-84.256,39.275],[-84.256,39.277],[-84.257,39.277],[-84.257,39.278],[-84.258,39.278],[-84.26,39.279],[-84.261,39.279],[-84.262,39.28],[-84.264,39.28],[-84.265,39.281],[-84.265,39.281],[-84.265,39.282],[-84.265,39.282],[-84.265,39.283],[-84.265,39.283],[-84.265,39.284],[-84.264,39.285],[-84.264,39.285],[-84.264,39.286],[-84.263,39.287],[-84.263,39.288],[-84.262,39.288],[-84.263,39.288],[-84.264,39.288],[-84.265,39.288],[-84.265,39.289],[-84.265,39.289],[-84.266,39.289],[-84.266,39.289],[-84.267,39.289],[-84.268,39.289],[-84.271,39.289],[-84.273,39.289],[-84.275,39.289],[-84.276,39.289],[-84.278,39.289],[-84.278,39.289],[-84.278,39.289],[-84.278,39.289],[-84.279,39.29],[-84.282,39.29],[-84.282,39.29],[-84.286,39.29],[-84.288,39.291],[-84.289,39.291],[-84.289,39.291],[-84.29,39.291],[-84.291,39.291],[-84.295,39.292],[-84.297,39.292],[-84.297,39.292],[-84.298,39.292],[-84.302,39.292],[-84.303,39.292],[-84.304,39.292],[-84.305,39.292],[-84.306,39.292],[-84.307,39.292],[-84.307,39.292],[-84.308,39.292],[-84.309,39.292],[-84.309,39.292],[-84.311,39.292],[-84.311,39.293],[-84.314,39.293],[-84.316,39.293],[-84.316,39.293],[-84.317,39.293],[-84.318,39.293],[-84.319,39.293],[-84.32,39.293],[-84.322,39.293],[-84.323,39.293],[-84.325,39.293],[-84.326,39.293],[-84.326,39.293],[-84.327,39.293],[-84.327,39.293],[-84.328,39.293],[-84.328,39.293],[-84.329,39.293],[-84.329,39.293],[-84.33,39.293],[-84.334,39.293],[-84.336,39.293],[-84.338,39.293],[-84.339,39.293],[-84.342,39.293],[-84.343,39.293],[-84.345,39.293],[-84.346,39.293],[-84.346,39.293],[-84.346,39.293],[-84.346,39.293],[-84.348,39.293],[-84.349,39.293],[-84.35,39.292],[-84.35,39.292],[-84.351,39.292],[-84.352,39.292],[-84.353,39.292],[-84.353,39.292],[-84.353,39.293],[-84.353,39.293],[-84.353,39.295],[-84.353,39.296],[-84.353,39.296],[-84.353,39.297],[-84.353,39.298],[-84.353,39.299],[-84.353,39.299],[-84.353,39.3],[-84.353,39.3],[-84.352,39.301],[-84.352,39.302],[-84.352,39.306],[-84.352,39.307],[-84.352,39.307],[-84.352,39.308],[-84.352,39.309],[-84.352,39.31],[-84.351,39.313],[-84.351,39.314],[-84.351,39.315],[-84.351,39.317],[-84.351,39.318],[-84.351,39.319],[-84.351,39.32],[-84.351,39.321],[-84.351,39.321],[-84.35,39.323],[-84.35,39.324],[-84.35,39.324],[-84.35,39.324],[-84.35,39.325],[-84.35,39.326],[-84.35,39.328],[-84.35,39.33],[-84.35,39.334],[-84.35,39.334],[-84.349,39.335],[-84.349,39.335],[-84.349,39.336],[-84.349,39.336],[-84.349,39.337],[-84.349,39.338],[-84.349,39.339],[-84.349,39.339],[-84.349,39.34],[-84.349,39.34],[-84.349,39.341],[-84.349,39.341],[-84.349,39.342],[-84.349,39.342],[-84.349,39.342],[-84.349,39.344],[-84.349,39.344],[-84.348,39.345],[-84.348,39.346],[-84.348,39.347],[-84.348,39.348],[-84.348,39.348],[-84.348,39.349],[-84.348,39.349],[-84.348,39.35],[-84.348,39.35],[-84.348,39.35],[-84.348,39.351],[-84.348,39.352],[-84.348,39.352],[-84.348,39.352],[-84.348,39.353],[-84.348,39.353],[-84.348,39.353],[-84.348,39.355],[-84.347,39.357],[-84.347,39.359],[-84.347,39.36],[-84.347,39.361],[-84.347,39.363],[-84.347,39.366],[-84.347,39.367],[-84.346,39.367],[-84.346,39.368],[-84.346,39.37],[-84.346,39.37],[-84.346,39.372],[-84.346,39.372],[-84.346,39.372],[-84.346,39.374],[-84.346,39.375],[-84.345,39.376],[-84.345,39.377],[-84.345,39.382],[-84.345,39.383],[-84.344,39.385],[-84.344,39.387],[-84.344,39.39],[-84.344,39.392],[-84.343,39.394],[-84.343,39.395],[-84.343,39.397],[-84.343,39.399],[-84.343,39.4],[-84.343,39.401],[-84.342,39.403],[-84.342,39.405],[-84.342,39.405],[-84.342,39.407],[-84.342,39.409],[-84.341,39.412],[-84.341,39.413],[-84.341,39.417],[-84.341,39.419],[-84.34,39.422],[-84.34,39.422],[-84.34,39.423],[-84.34,39.428],[-84.34,39.429],[-84.339,39.431],[-84.339,39.433],[-84.339,39.436],[-84.339,39.437],[-84.339,39.439],[-84.338,39.44],[-84.338,39.44],[-84.338,39.441],[-84.338,39.441],[-84.338,39.442],[-84.338,39.445],[-84.338,39.447],[-84.337,39.449],[-84.337,39.452],[-84.337,39.452],[-84.337,39.455],[-84.337,39.456],[-84.337,39.456],[-84.337,39.456],[-84.337,39.456],[-84.34,39.456],[-84.34,39.456],[-84.34,39.457],[-84.34,39.457],[-84.34,39.462],[-84.34,39.463],[-84.34,39.464],[-84.339,39.465],[-84.339,39.472],[-84.339,39.473],[-84.339,39.474],[-84.338,39.478],[-84.338,39.481],[-84.338,39.481],[-84.338,39.482],[-84.338,39.483],[-84.338,39.483],[-84.338,39.484],[-84.338,39.485],[-84.338,39.486],[-84.338,39.487],[-84.337,39.487],[-84.337,39.489],[-84.337,39.489],[-84.337,39.49],[-84.337,39.491],[-84.337,39.492],[-84.337,39.494],[-84.337,39.494],[-84.337,39.494],[-84.337,39.495],[-84.337,39.496],[-84.337,39.497],[-84.337,39.498],[-84.337,39.498],[-84.337,39.499],[-84.336,39.5],[-84.336,39.502],[-84.336,39.502],[-84.336,39.503],[-84.336,39.504],[-84.336,39.505],[-84.336,39.506],[-84.336,39.508],[-84.336,39.508],[-84.336,39.51],[-84.335,39.511],[-84.335,39.512],[-84.335,39.514],[-84.335,39.514],[-84.335,39.516],[-84.335,39.518],[-84.334,39.521],[-84.334,39.524],[-84.334,39.525],[-84.334,39.525],[-84.334,39.526],[-84.334,39.526],[-84.334,39.527],[-84.334,39.527],[-84.334,39.527],[-84.334,39.528],[-84.334,39.528],[-84.334,39.53],[-84.333,39.532],[-84.333,39.533],[-84.333,39.535],[-84.333,39.54],[-84.332,39.544],[-84.332,39.547],[-84.332,39.547],[-84.332,39.548],[-84.332,39.549],[-84.332,39.549],[-84.333,39.549],[-84.333,39.549],[-84.334,39.548],[-84.335,39.548],[-84.336,39.548],[-84.337,39.548],[-84.338,39.547],[-84.339,39.547],[-84.341,39.547],[-84.342,39.547],[-84.342,39.547],[-84.343,39.546],[-84.344,39.546],[-84.345,39.546],[-84.346,39.546],[-84.347,39.546],[-84.348,39.545],[-84.348,39.545],[-84.349,39.545],[-84.35,39.545],[-84.351,39.545],[-84.352,39.545],[-84.353,39.545],[-84.354,39.544],[-84.355,39.544],[-84.355,39.544],[-84.356,39.544],[-84.356,39.544],[-84.357,39.543],[-84.358,39.543],[-84.359,39.543],[-84.36,39.542],[-84.36,39.542],[-84.361,39.542],[-84.361,39.542],[-84.362,39.542],[-84.362,39.542],[-84.362,39.542],[-84.363,39.543],[-84.363,39.543],[-84.363,39.543],[-84.364,39.543],[-84.364,39.544],[-84.364,39.55],[-84.364,39.553],[-84.364,39.554],[-84.364,39.555],[-84.364,39.556],[-84.364,39.556],[-84.364,39.557],[-84.364,39.558],[-84.364,39.559],[-84.364,39.559],[-84.365,39.56],[-84.365,39.562],[-84.365,39.565],[-84.365,39.569],[-84.365,39.57],[-84.365,39.571],[-84.365,39.572],[-84.365,39.574],[-84.365,39.575],[-84.365,39.576],[-84.365,39.577],[-84.365,39.58],[-84.365,39.582],[-84.365,39.584],[-84.365,39.584],[-84.365,39.588],[-84.361,39.589],[-84.35,39.589],[-84.346,39.589],[-84.339,39.589],[-84.335,39.589],[-84.331,39.59],[-84.325,39.59],[-84.325,39.59],[-84.324,39.59],[-84.316,39.59],[-84.308,39.59],[-84.307,39.59],[-84.306,39.59],[-84.305,39.59],[-84.304,39.59],[-84.303,39.59],[-84.303,39.59],[-84.301,39.59],[-84.301,39.59],[-84.3,39.59],[-84.299,39.59],[-84.298,39.59],[-84.298,39.59],[-84.297,39.59],[-84.296,39.59],[-84.296,39.59],[-84.295,39.59],[-84.294,39.59],[-84.293,39.59],[-84.292,39.59],[-84.29,39.59],[-84.289,39.59],[-84.288,39.59],[-84.287,39.59],[-84.286,39.59],[-84.286,39.59],[-84.285,39.59],[-84.281,39.589],[-84.274,39.589],[-84.269,39.588],[-84.264,39.588],[-84.259,39.588],[-84.257,39.588],[-84.255,39.588],[-84.248,39.587],[-84.242,39.587],[-84.24,39.587],[-84.239,39.587],[-84.238,39.586],[-84.234,39.586],[-84.23,39.586],[-84.223,39.585],[-84.223,39.585],[-84.222,39.585],[-84.222,39.585],[-84.221,39.585],[-84.22,39.585],[-84.22,39.585],[-84.219,39.585],[-84.217,39.585],[-84.216,39.585],[-84.215,39.585],[-84.215,39.585],[-84.214,39.585],[-84.213,39.585],[-84.213,39.585],[-84.211,39.585],[-84.21,39.585],[-84.21,39.585],[-84.209,39.584],[-84.208,39.584],[-84.208,39.584],[-84.205,39.584],[-84.202,39.584],[-84.201,39.584],[-84.201,39.584],[-84.2,39.584],[-84.199,39.584],[-84.199,39.584],[-84.198,39.584],[-84.197,39.584],[-84.196,39.584],[-84.196,39.584],[-84.195,39.584],[-84.194,39.583],[-84.193,39.583],[-84.193,39.583],[-84.192,39.583],[-84.185,39.583],[-84.172,39.582],[-84.169,39.582],[-84.168,39.582],[-84.167,39.582],[-84.165,39.582],[-84.165,39.582],[-84.163,39.581],[-84.162,39.581],[-84.161,39.581],[-84.161,39.581],[-84.158,39.581],[-84.157,39.581],[-84.148,39.58],[-84.144,39.58],[-84.14,39.58],[-84.136,39.58],[-84.128,39.579],[-84.126,39.579],[-84.123,39.579],[-84.114,39.578],[-84.11,39.578],[-84.105,39.578],[-84.102,39.577],[-84.095,39.577],[-84.085,39.576],[-84.076,39.576],[-84.072,39.576],[-84.068,39.575],[-84.067,39.575],[-84.058,39.575],[-84.057,39.575],[-84.046,39.574],[-84.041,39.574],[-84.04,39.574],[-84.037,39.573],[-84.032,39.573],[-84.032,39.573],[-84.026,39.573],[-84.019,39.572],[-84.017,39.572],[-84.014,39.572],[-84.009,39.572],[-84.005,39.571],[-84,39.571],[-83.998,39.571],[-83.997,39.571],[-83.992,39.57],[-83.988,39.57],[-83.988,39.57],[-83.986,39.57],[-83.977,39.569],[-83.977,39.565],[-83.978,39.563],[-83.978,39.557],[-83.979,39.552],[-83.979,39.55],[-83.979,39.548],[-83.979,39.546],[-83.979,39.544],[-83.98,39.539],[-83.98,39.537],[-83.98,39.537],[-83.98,39.535],[-83.98,39.531],[-83.981,39.526],[-83.981,39.524],[-83.981,39.52],[-83.982,39.517],[-83.982,39.514],[-83.983,39.506],[-83.983,39.504],[-83.983,39.503],[-83.984,39.497],[-83.984,39.496],[-83.984,39.493],[-83.985,39.486],[-83.985,39.481],[-83.986,39.476],[-83.986,39.475],[-83.986,39.473],[-83.986,39.468],[-83.987,39.461],[-83.987,39.459],[-83.987,39.456],[-83.988,39.454],[-83.988,39.449],[-83.988,39.446],[-83.988,39.445],[-83.989,39.444],[-83.989,39.435],[-83.99,39.426],[-83.99,39.425],[-83.991,39.42],[-83.991,39.416],[-83.992,39.411],[-83.992,39.409],[-83.992,39.409],[-83.992,39.405],[-83.993,39.403],[-83.993,39.4],[-83.993,39.4],[-83.993,39.398],[-83.993,39.395],[-83.994,39.391],[-83.994,39.39],[-83.994,39.387],[-83.994,39.384],[-83.995,39.374],[-83.995,39.374],[-83.995,39.371],[-83.996,39.365],[-83.997,39.36],[-83.997,39.355],[-83.997,39.353],[-83.997,39.352],[-83.998,39.349],[-83.998,39.342],[-83.999,39.336],[-84,39.331],[-84,39.325],[-84,39.323],[-84.001,39.32],[-84.001,39.318],[-84.001,39.317],[-84.001,39.316],[-84.001,39.314],[-84.002,39.308],[-84.002,39.305],[-84.003,39.301],[-84.003,39.298],[-84.003,39.297],[-84.003,39.296],[-84.003,39.294],[-84.004,39.29],[-84.004,39.29],[-84.004,39.288],[-84.004,39.288],[-84.004,39.286],[-84.005,39.283],[-84.005,39.278],[-84.006,39.272],[-84.006,39.268],[-84.007,39.259],[-84.007,39.259],[-84.007,39.258],[-84.007,39.255],[-84.008,39.255],[-84.01,39.255],[-84.011,39.255],[-84.012,39.255],[-84.012,39.255],[-84.013,39.255],[-84.014,39.256],[-84.015,39.256],[-84.018,39.256],[-84.024,39.256],[-84.025,39.256],[-84.029,39.256],[-84.032,39.257],[-84.034,39.257],[-84.044,39.257],[-84.046,39.257],[-84.048,39.258],[-84.049,39.258],[-84.052,39.258],[-84.052,39.258],[-84.054,39.258],[-84.059,39.258],[-84.062,39.258],[-84.065,39.259],[-84.066,39.259],[-84.066,39.259],[-84.067,39.259],[-84.068,39.259],[-84.075,39.259],[-84.078,39.259],[-84.079,39.259],[-84.084,39.26],[-84.086,39.26],[-84.089,39.26],[-84.09,39.26],[-84.092,39.26],[-84.092,39.26],[-84.096,39.261],[-84.097,39.261],[-84.097,39.261],[-84.101,39.261],[-84.106,39.261],[-84.11,39.261],[-84.112,39.262],[-84.112,39.262],[-84.114,39.262],[-84.114,39.262],[-84.117,39.262],[-84.118,39.262],[-84.122,39.262],[-84.123,39.262],[-84.124,39.262],[-84.125,39.262],[-84.126,39.262],[-84.127,39.262],[-84.129,39.263],[-84.129,39.263],[-84.132,39.263],[-84.134,39.263],[-84.134,39.263],[-84.138,39.263],[-84.141,39.263],[-84.145,39.264],[-84.154,39.264],[-84.155,39.264],[-84.156,39.264],[-84.157,39.264],[-84.16,39.265],[-84.167,39.265],[-84.171,39.265],[-84.172,39.265],[-84.174,39.265],[-84.174,39.265],[-84.177,39.266],[-84.183,39.266],[-84.183,39.266],[-84.185,39.266],[-84.185,39.266],[-84.185,39.266],[-84.191,39.266],[-84.192,39.267],[-84.193,39.267],[-84.193,39.267],[-84.193,39.267],[-84.195,39.267],[-84.197,39.267],[-84.198,39.267],[-84.202,39.267],[-84.203,39.267],[-84.203,39.267],[-84.205,39.267],[-84.207,39.268],[-84.212,39.268],[-84.212,39.268],[-84.213,39.268],[-84.215,39.268],[-84.217,39.268],[-84.217,39.268],[-84.218,39.268],[-84.219,39.268],[-84.219,39.268],[-84.22,39.268],[-84.221,39.268],[-84.222,39.268],[-84.226,39.269],[-84.227,39.269],[-84.228,39.269],[-84.228,39.269],[-84.23,39.269],[-84.235,39.269],[-84.237,39.269],[-84.238,39.269],[-84.238,39.27],[-84.246,39.27],[-84.247,39.27],[-84.249,39.27],[-84.251,39.27],[-84.252,39.27],[-84.254,39.27],[-84.254,39.271],[-84.254,39.271],[-84.255,39.271],[-84.256,39.271],[-84.258,39.271],[-84.259,39.271],[-84.259,39.271],[-84.259,39.271],[-84.259,39.271],[-84.259,39.271],[-84.259,39.273],[-84.259,39.274],[-84.259,39.274],[-84.258,39.274],[-84.258,39.274]]]},"properties":{"NAME":"Warren","GEOID":"39165"}},{"type":"Feature","geometry":{"type":"Polygon","coordinates":[[[-84.573,40.99],[-84.574,40.99],[-84.578,40.99],[-84.58,40.99],[-84.583,40.99],[-84.585,40.99],[-84.586,40.99],[-84.587,40.99],[-84.589,40.99],[-84.592,40.99],[-84.596,40.99],[-84.604,40.99],[-84.611,40.99],[-84.625,40.99],[-84.649,40.989],[-84.659,40.989],[-84.672,40.99],[-84.683,40.99],[-84.693,40.99],[-84.727,40.99],[-84.75,40.99],[-84.759,40.99],[-84.765,40.99],[-84.782,40.989],[-84.784,40.989],[-84.784,40.989],[-84.784,40.989],[-84.785,40.989],[-84.803,40.989],[-84.803,40.989],[-84.803,40.992],[-84.803,40.997],[-84.803,40.999],[-84.803,41.001],[-84.803,41.007],[-84.803,41.009],[-84.803,41.01],[-84.803,41.011],[-84.803,41.012],[-84.803,41.013],[-84.803,41.017],[-84.803,41.018],[-84.803,41.019],[-84.803,41.022],[-84.803,41.024],[-84.803,41.028],[-84.803,41.028],[-84.803,41.03],[-84.803,41.038],[-84.803,41.039],[-84.803,41.039],[-84.803,41.048],[-84.803,41.051],[-84.803,41.053],[-84.803,41.054],[-84.803,41.059],[-84.803,41.064],[-84.803,41.067],[-84.803,41.071],[-84.803,41.074],[-84.803,41.075],[-84.803,41.078],[-84.803,41.078],[-84.803,41.08],[-84.803,41.082],[-84.803,41.085],[-84.803,41.089],[-84.803,41.096],[-84.803,41.099],[-84.803,41.108],[-84.803,41.113],[-84.803,41.121],[-84.803,41.124],[-84.803,41.126],[-84.803,41.128],[-84.803,41.136],[-84.804,41.137],[-84.803,41.141],[-84.803,41.143],[-84.803,41.146],[-84.803,41.148],[-84.803,41.15],[-84.804,41.153],[-84.804,41.156],[-84.804,41.161],[-84.804,41.164],[-84.804,41.164],[-84.803,41.164],[-84.803,41.168],[-84.804,41.172],[-84.804,41.173],[-84.803,41.175],[-84.803,41.177],[-84.803,41.18],[-84.803,41.184],[-84.803,41.185],[-84.803,41.193],[-84.803,41.198],[-84.804,41.198],[-84.804,41.205],[-84.804,41.21],[-84.804,41.213],[-84.804,41.22],[-84.804,41.221],[-84.804,41.224],[-84.803,41.227],[-84.804,41.23],[-84.804,41.235],[-84.804,41.235],[-84.804,41.237],[-84.804,41.24],[-84.804,41.242],[-84.804,41.245],[-84.804,41.25],[-84.803,41.253],[-84.797,41.253],[-84.795,41.253],[-84.786,41.252],[-84.783,41.252],[-84.781,41.253],[-84.78,41.253],[-84.779,41.253],[-84.776,41.252],[-84.772,41.252],[-84.769,41.252],[-84.767,41.252],[-84.75,41.252],[-84.744,41.252],[-84.742,41.252],[-84.734,41.252],[-84.728,41.252],[-84.721,41.252],[-84.709,41.252],[-84.708,41.252],[-84.705,41.252],[-84.698,41.252],[-84.695,41.252],[-84.687,41.252],[-84.685,41.252],[-84.679,41.253],[-84.675,41.253],[-84.671,41.253],[-84.667,41.253],[-84.662,41.253],[-84.656,41.253],[-84.654,41.253],[-84.65,41.253],[-84.65,41.253],[-84.649,41.253],[-84.647,41.253],[-84.643,41.253],[-84.642,41.253],[-84.64,41.253],[-84.631,41.253],[-84.631,41.253],[-84.628,41.253],[-84.626,41.253],[-84.62,41.253],[-84.619,41.253],[-84.617,41.253],[-84.615,41.253],[-84.612,41.253],[-84.611,41.253],[-84.611,41.253],[-84.608,41.253],[-84.606,41.253],[-84.602,41.253],[-84.6,41.253],[-84.597,41.253],[-84.595,41.253],[-84.593,41.253],[-84.593,41.253],[-84.592,41.253],[-84.592,41.253],[-84.59,41.253],[-84.584,41.253],[-84.579,41.253],[-84.573,41.253],[-84.572,41.253],[-84.571,41.253],[-84.57,41.253],[-84.566,41.253],[-84.566,41.253],[-84.56,41.253],[-84.557,41.253],[-84.546,41.253],[-84.541,41.253],[-84.541,41.253],[-84.54,41.253],[-84.54,41.253],[-84.539,41.253],[-84.529,41.253],[-84.527,41.253],[-84.527,41.253],[-84.526,41.253],[-84.525,41.253],[-84.525,41.253],[-84.522,41.253],[-84.518,41.253],[-84.515,41.253],[-84.513,41.253],[-84.51,41.253],[-84.508,41.253],[-84.505,41.253],[-84.497,41.253],[-84.495,41.253],[-84.495,41.253],[-84.495,41.253],[-84.491,41.253],[-84.491,41.253],[-84.491,41.253],[-84.49,41.253],[-84.489,41.253],[-84.486,41.253],[-84.486,41.253],[-84.477,41.253],[-84.475,41.253],[-84.471,41.253],[-84.469,41.253],[-84.468,41.253],[-84.465,41.253],[-84.464,41.253],[-84.463,41.253],[-84.461,41.253],[-84.46,41.253],[-84.459,41.253],[-84.457,41.253],[-84.457,41.25],[-84.457,41.249],[-84.457,41.249],[-84.457,41.244],[-84.457,41.241],[-84.457,41.238],[-84.457,41.233],[-84.457,41.23],[-84.457,41.227],[-84.457,41.225],[-84.457,41.224],[-84.457,41.222],[-84.457,41.221],[-84.457,41.218],[-84.457,41.216],[-84.457,41.216],[-84.457,41.214],[-84.457,41.212],[-84.457,41.211],[-84.456,41.209],[-84.447,41.209],[-84.441,41.209],[-84.437,41.209],[-84.434,41.209],[-84.432,41.209],[-84.429,41.209],[-84.428,41.209],[-84.428,41.209],[-84.425,41.209],[-84.42,41.209],[-84.419,41.209],[-84.413,41.209],[-84.41,41.209],[-84.404,41.209],[-84.402,41.209],[-84.401,41.209],[-84.399,41.209],[-84.392,41.209],[-84.39,41.209],[-84.388,41.209],[-84.387,41.209],[-84.385,41.209],[-84.381,41.209],[-84.379,41.209],[-84.373,41.209],[-84.366,41.209],[-84.362,41.209],[-84.356,41.209],[-84.355,41.209],[-84.353,41.209],[-84.35,41.209],[-84.348,41.209],[-84.348,41.209],[-84.345,41.209],[-84.344,41.209],[-84.344,41.209],[-84.342,41.209],[-84.342,41.209],[-84.342,41.209],[-84.342,41.209],[-84.342,41.209],[-84.342,41.208],[-84.342,41.208],[-84.342,41.206],[-84.342,41.204],[-84.342,41.203],[-84.342,41.201],[-84.342,41.197],[-84.342,41.196],[-84.342,41.195],[-84.342,41.192],[-84.342,41.188],[-84.342,41.186],[-84.342,41.186],[-84.342,41.185],[-84.342,41.183],[-84.342,41.178],[-84.342,41.174],[-84.342,41.167],[-84.342,41.164],[-84.342,41.159],[-84.342,41.158],[-84.342,41.152],[-84.342,41.151],[-84.342,41.137],[-84.342,41.136],[-84.342,41.132],[-84.342,41.13],[-84.342,41.129],[-84.342,41.128],[-84.342,41.127],[-84.342,41.126],[-84.342,41.125],[-84.342,41.123],[-84.342,41.123],[-84.342,41.122],[-84.342,41.122],[-84.342,41.12],[-84.342,41.119],[-84.342,41.117],[-84.342,41.116],[-84.342,41.116],[-84.342,41.115],[-84.342,41.111],[-84.342,41.107],[-84.342,41.107],[-84.342,41.106],[-84.342,41.105],[-84.342,41.104],[-84.342,41.103],[-84.342,41.102],[-84.342,41.099],[-84.342,41.097],[-84.342,41.095],[-84.342,41.092],[-84.342,41.091],[-84.342,41.09],[-84.342,41.089],[-84.342,41.087],[-84.342,41.084],[-84.342,41.083],[-84.342,41.081],[-84.342,41.08],[-84.342,41.078],[-84.342,41.075],[-84.342,41.067],[-84.342,41.066],[-84.342,41.065],[-84.342,41.064],[-84.342,41.063],[-84.342,41.057],[-84.342,41.056],[-84.342,41.049],[-84.342,41.046],[-84.342,41.046],[-84.342,41.045],[-84.342,41.043],[-84.342,41.043],[-84.342,41.042],[-84.342,41.038],[-84.342,41.037],[-84.342,41.035],[-84.342,41.034],[-84.342,41.033],[-84.342,41.031],[-84.342,41.029],[-84.342,41.025],[-84.342,41.024],[-84.342,41.023],[-84.342,41.02],[-84.342,41.018],[-84.342,41.017],[-84.342,41.016],[-84.342,41.015],[-84.342,41.014],[-84.342,41.013],[-84.342,41.005],[-84.342,41.004],[-84.342,40.991],[-84.345,40.991],[-84.346,40.991],[-84.348,40.991],[-84.349,40.991],[-84.352,40.991],[-84.355,40.991],[-84.357,40.991],[-84.359,40.991],[-84.36,40.991],[-84.369,40.991],[-84.371,40.991],[-84.373,40.991],[-84.375,40.99],[-84.377,40.99],[-84.379,40.99],[-84.386,40.99],[-84.39,40.99],[-84.394,40.99],[-84.403,40.99],[-84.419,40.99],[-84.428,40.99],[-84.438,40.99],[-84.443,40.99],[-84.448,40.99],[-84.464,40.99],[-84.476,40.99],[-84.496,40.99],[-84.506,40.99],[-84.515,40.99],[-84.534,40.99],[-84.543,40.99],[-84.555,40.99],[-84.57,40.99],[-84.573,40.99]]]},"properties":{"NAME":"Paulding","GEOID":"39125"}},{"type":"Feature","geometry":{"type":"Polygon","coordinates":[[[-82.056,39.46],[-82.05,39.46],[-82.05,39.46],[-82.048,39.46],[-82.048,39.46],[-82.044,39.459],[-82.044,39.459],[-82.044,39.459],[-82.04,39.459],[-82.039,39.459],[-82.036,39.459],[-82.032,39.459],[-82.015,39.458],[-82.015,39.458],[-82.015,39.458],[-82,39.457],[-81.995,39.457],[-81.991,39.457],[-81.991,39.457],[-81.99,39.457],[-81.99,39.457],[-81.99,39.457],[-81.983,39.456],[-81.983,39.456],[-81.981,39.456],[-81.975,39.456],[-81.975,39.456],[-81.972,39.456],[-81.965,39.456],[-81.963,39.455],[-81.95,39.455],[-81.941,39.454],[-81.94,39.454],[-81.931,39.454],[-81.929,39.454],[-81.928,39.454],[-81.928,39.454],[-81.928,39.454],[-81.926,39.454],[-81.903,39.453],[-81.903,39.453],[-81.903,39.453],[-81.901,39.453],[-81.9,39.453],[-81.899,39.453],[-81.899,39.453],[-81.899,39.453],[-81.899,39.453],[-81.893,39.452],[-81.878,39.452],[-81.871,39.451],[-81.867,39.451],[-81.861,39.451],[-81.849,39.45],[-81.845,39.45],[-81.845,39.441],[-81.846,39.433],[-81.846,39.429],[-81.846,39.429],[-81.847,39.424],[-81.847,39.421],[-81.847,39.421],[-81.847,39.414],[-81.847,39.413],[-81.847,39.412],[-81.847,39.411],[-81.847,39.409],[-81.847,39.409],[-81.848,39.405],[-81.848,39.399],[-81.848,39.396],[-81.849,39.387],[-81.849,39.383],[-81.85,39.374],[-81.85,39.363],[-81.85,39.362],[-81.851,39.357],[-81.851,39.356],[-81.851,39.353],[-81.851,39.346],[-81.852,39.34],[-81.852,39.34],[-81.852,39.339],[-81.852,39.339],[-81.852,39.338],[-81.852,39.333],[-81.853,39.327],[-81.854,39.318],[-81.849,39.318],[-81.842,39.318],[-81.835,39.318],[-81.835,39.318],[-81.835,39.317],[-81.835,39.317],[-81.835,39.317],[-81.835,39.316],[-81.835,39.315],[-81.835,39.315],[-81.835,39.314],[-81.835,39.314],[-81.835,39.311],[-81.835,39.304],[-81.835,39.303],[-81.828,39.303],[-81.817,39.296],[-81.818,39.287],[-81.818,39.28],[-81.813,39.272],[-81.801,39.272],[-81.795,39.272],[-81.794,39.272],[-81.793,39.272],[-81.781,39.271],[-81.774,39.271],[-81.774,39.271],[-81.77,39.271],[-81.767,39.271],[-81.767,39.271],[-81.767,39.271],[-81.764,39.271],[-81.759,39.271],[-81.756,39.271],[-81.75,39.27],[-81.745,39.27],[-81.722,39.27],[-81.722,39.264],[-81.722,39.264],[-81.722,39.263],[-81.723,39.245],[-81.724,39.243],[-81.724,39.243],[-81.724,39.242],[-81.724,39.238],[-81.724,39.231],[-81.724,39.23],[-81.726,39.217],[-81.726,39.216],[-81.726,39.215],[-81.733,39.205],[-81.735,39.196],[-81.737,39.193],[-81.738,39.192],[-81.741,39.189],[-81.747,39.188],[-81.75,39.187],[-81.751,39.186],[-81.752,39.185],[-81.754,39.184],[-81.754,39.184],[-81.755,39.183],[-81.755,39.182],[-81.756,39.181],[-81.757,39.181],[-81.767,39.181],[-81.772,39.181],[-81.774,39.181],[-81.776,39.181],[-81.777,39.181],[-81.782,39.182],[-81.789,39.182],[-81.797,39.182],[-81.801,39.182],[-81.833,39.184],[-81.84,39.184],[-81.841,39.184],[-81.848,39.184],[-81.857,39.185],[-81.859,39.185],[-81.871,39.185],[-81.88,39.186],[-81.892,39.186],[-81.899,39.186],[-81.908,39.187],[-81.914,39.187],[-81.925,39.187],[-81.928,39.187],[-81.937,39.188],[-81.945,39.188],[-81.961,39.189],[-81.962,39.189],[-81.971,39.189],[-81.973,39.189],[-81.984,39.19],[-81.988,39.19],[-81.989,39.19],[-81.992,39.19],[-82.006,39.191],[-82.01,39.191],[-82.017,39.191],[-82.032,39.192],[-82.037,39.192],[-82.05,39.192],[-82.055,39.193],[-82.059,39.193],[-82.067,39.193],[-82.074,39.194],[-82.075,39.194],[-82.079,39.194],[-82.097,39.195],[-82.1,39.195],[-82.121,39.196],[-82.134,39.197],[-82.136,39.197],[-82.149,39.197],[-82.152,39.198],[-82.16,39.198],[-82.175,39.199],[-82.189,39.2],[-82.199,39.2],[-82.2,39.2],[-82.24,39.202],[-82.241,39.202],[-82.254,39.203],[-82.26,39.203],[-82.261,39.203],[-82.268,39.206],[-82.268,39.209],[-82.268,39.212],[-82.267,39.215],[-82.267,39.215],[-82.267,39.216],[-82.267,39.216],[-82.267,39.216],[-82.267,39.216],[-82.267,39.223],[-82.267,39.226],[-82.266,39.237],[-82.265,39.242],[-82.265,39.242],[-82.265,39.246],[-82.264,39.248],[-82.264,39.248],[-82.264,39.25],[-82.264,39.25],[-82.264,39.25],[-82.264,39.251],[-82.264,39.253],[-82.264,39.253],[-82.264,39.253],[-82.264,39.253],[-82.264,39.254],[-82.264,39.256],[-82.264,39.256],[-82.264,39.257],[-82.264,39.257],[-82.264,39.257],[-82.263,39.262],[-82.263,39.262],[-82.262,39.271],[-82.262,39.278],[-82.261,39.283],[-82.261,39.289],[-82.26,39.293],[-82.265,39.293],[-82.271,39.293],[-82.274,39.294],[-82.285,39.294],[-82.298,39.295],[-82.298,39.303],[-82.297,39.314],[-82.296,39.316],[-82.295,39.325],[-82.295,39.325],[-82.295,39.326],[-82.295,39.327],[-82.295,39.33],[-82.295,39.334],[-82.294,39.336],[-82.294,39.345],[-82.294,39.345],[-82.294,39.345],[-82.293,39.353],[-82.292,39.359],[-82.291,39.369],[-82.29,39.378],[-82.29,39.378],[-82.29,39.378],[-82.29,39.384],[-82.29,39.384],[-82.289,39.392],[-82.288,39.399],[-82.287,39.406],[-82.287,39.409],[-82.287,39.409],[-82.287,39.412],[-82.287,39.412],[-82.286,39.418],[-82.285,39.425],[-82.285,39.43],[-82.284,39.437],[-82.283,39.448],[-82.282,39.453],[-82.282,39.453],[-82.282,39.453],[-82.282,39.456],[-82.282,39.456],[-82.282,39.462],[-82.281,39.464],[-82.281,39.467],[-82.281,39.468],[-82.281,39.468],[-82.28,39.473],[-82.277,39.473],[-82.276,39.473],[-82.275,39.473],[-82.257,39.472],[-82.256,39.471],[-82.254,39.471],[-82.253,39.471],[-82.252,39.471],[-82.248,39.471],[-82.237,39.47],[-82.236,39.47],[-82.231,39.47],[-82.228,39.47],[-82.224,39.47],[-82.211,39.469],[-82.206,39.469],[-82.203,39.468],[-82.202,39.468],[-82.198,39.468],[-82.194,39.468],[-82.188,39.467],[-82.185,39.467],[-82.176,39.467],[-82.172,39.466],[-82.169,39.466],[-82.167,39.466],[-82.167,39.468],[-82.167,39.469],[-82.167,39.474],[-82.167,39.475],[-82.167,39.476],[-82.167,39.476],[-82.166,39.476],[-82.166,39.477],[-82.166,39.477],[-82.166,39.482],[-82.165,39.486],[-82.165,39.492],[-82.165,39.497],[-82.165,39.497],[-82.165,39.498],[-82.165,39.498],[-82.165,39.498],[-82.164,39.498],[-82.164,39.501],[-82.164,39.505],[-82.164,39.509],[-82.163,39.511],[-82.163,39.511],[-82.163,39.513],[-82.163,39.514],[-82.162,39.521],[-82.162,39.524],[-82.162,39.524],[-82.162,39.525],[-82.162,39.528],[-82.161,39.534],[-82.161,39.538],[-82.16,39.547],[-82.159,39.553],[-82.159,39.556],[-82.154,39.556],[-82.144,39.556],[-82.143,39.556],[-82.142,39.556],[-82.142,39.556],[-82.136,39.555],[-82.129,39.555],[-82.125,39.555],[-82.113,39.554],[-82.109,39.554],[-82.103,39.554],[-82.102,39.554],[-82.1,39.554],[-82.082,39.553],[-82.066,39.552],[-82.065,39.552],[-82.065,39.552],[-82.065,39.552],[-82.063,39.552],[-82.061,39.552],[-82.061,39.552],[-82.054,39.551],[-82.052,39.551],[-82.048,39.551],[-82.048,39.55],[-82.05,39.528],[-82.05,39.526],[-82.05,39.525],[-82.05,39.524],[-82.051,39.517],[-82.051,39.513],[-82.051,39.51],[-82.051,39.51],[-82.051,39.51],[-82.051,39.509],[-82.052,39.505],[-82.052,39.499],[-82.052,39.496],[-82.053,39.496],[-82.053,39.487],[-82.054,39.478],[-82.054,39.477],[-82.055,39.467],[-82.055,39.464],[-82.056,39.46]]]},"properties":{"NAME":"Athens","GEOID":"39009"}},{"type":"Feature","geometry":{"type":"Polygon","coordinates":[[[-82.641,40.418],[-82.642,40.403],[-82.643,40.387],[-82.644,40.375],[-82.646,40.356],[-82.646,40.35],[-82.657,40.346],[-82.658,40.346],[-82.688,40.347],[-82.693,40.347],[-82.695,40.347],[-82.698,40.348],[-82.701,40.348],[-82.705,40.348],[-82.705,40.348],[-82.708,40.348],[-82.712,40.348],[-82.714,40.348],[-82.715,40.348],[-82.72,40.349],[-82.721,40.349],[-82.721,40.349],[-82.723,40.349],[-82.726,40.349],[-82.727,40.349],[-82.733,40.349],[-82.736,40.349],[-82.739,40.349],[-82.742,40.349],[-82.744,40.35],[-82.746,40.35],[-82.75,40.35],[-82.752,40.35],[-82.756,40.35],[-82.758,40.35],[-82.763,40.35],[-82.768,40.351],[-82.775,40.351],[-82.776,40.351],[-82.779,40.351],[-82.815,40.353],[-82.822,40.353],[-82.831,40.354],[-82.849,40.354],[-82.857,40.355],[-82.869,40.355],[-82.885,40.356],[-82.923,40.358],[-82.929,40.363],[-82.928,40.372],[-82.927,40.394],[-82.925,40.415],[-82.939,40.416],[-82.947,40.416],[-82.95,40.416],[-82.951,40.416],[-82.973,40.417],[-82.978,40.417],[-83.01,40.418],[-83.021,40.419],[-83.021,40.434],[-83.019,40.457],[-83.019,40.462],[-83.018,40.474],[-83.017,40.481],[-83.017,40.484],[-83.016,40.485],[-83.011,40.485],[-83.006,40.486],[-83.006,40.486],[-83.005,40.486],[-83.005,40.486],[-82.999,40.486],[-82.974,40.489],[-82.972,40.489],[-82.968,40.49],[-82.964,40.49],[-82.963,40.49],[-82.959,40.491],[-82.958,40.491],[-82.958,40.5],[-82.958,40.503],[-82.958,40.516],[-82.958,40.528],[-82.958,40.545],[-82.958,40.551],[-82.958,40.553],[-82.958,40.555],[-82.958,40.56],[-82.958,40.57],[-82.958,40.576],[-82.958,40.583],[-82.958,40.588],[-82.958,40.593],[-82.958,40.596],[-82.958,40.602],[-82.958,40.605],[-82.958,40.614],[-82.958,40.616],[-82.958,40.625],[-82.958,40.625],[-82.958,40.631],[-82.958,40.636],[-82.958,40.638],[-82.958,40.642],[-82.958,40.645],[-82.952,40.645],[-82.937,40.645],[-82.922,40.646],[-82.916,40.646],[-82.915,40.646],[-82.915,40.646],[-82.915,40.646],[-82.913,40.646],[-82.907,40.646],[-82.907,40.646],[-82.904,40.646],[-82.897,40.646],[-82.895,40.646],[-82.891,40.646],[-82.889,40.646],[-82.887,40.646],[-82.886,40.646],[-82.885,40.646],[-82.88,40.646],[-82.877,40.646],[-82.876,40.646],[-82.871,40.646],[-82.863,40.646],[-82.86,40.646],[-82.86,40.65],[-82.86,40.654],[-82.86,40.656],[-82.859,40.659],[-82.859,40.662],[-82.859,40.663],[-82.859,40.664],[-82.859,40.665],[-82.859,40.665],[-82.859,40.665],[-82.859,40.667],[-82.859,40.67],[-82.859,40.674],[-82.859,40.675],[-82.859,40.679],[-82.859,40.684],[-82.859,40.686],[-82.859,40.687],[-82.859,40.689],[-82.858,40.696],[-82.858,40.698],[-82.858,40.701],[-82.858,40.709],[-82.858,40.712],[-82.858,40.712],[-82.854,40.713],[-82.849,40.713],[-82.847,40.713],[-82.844,40.713],[-82.839,40.713],[-82.835,40.713],[-82.832,40.713],[-82.829,40.713],[-82.828,40.713],[-82.826,40.713],[-82.825,40.713],[-82.823,40.713],[-82.821,40.713],[-82.82,40.713],[-82.815,40.713],[-82.812,40.712],[-82.81,40.712],[-82.807,40.712],[-82.805,40.712],[-82.804,40.712],[-82.804,40.712],[-82.797,40.712],[-82.795,40.712],[-82.793,40.712],[-82.793,40.712],[-82.792,40.712],[-82.79,40.712],[-82.789,40.712],[-82.788,40.712],[-82.786,40.712],[-82.784,40.712],[-82.783,40.712],[-82.781,40.712],[-82.776,40.712],[-82.771,40.712],[-82.755,40.712],[-82.751,40.712],[-82.748,40.712],[-82.745,40.712],[-82.743,40.711],[-82.738,40.711],[-82.727,40.711],[-82.724,40.711],[-82.723,40.711],[-82.722,40.711],[-82.716,40.711],[-82.715,40.711],[-82.689,40.711],[-82.667,40.71],[-82.659,40.71],[-82.655,40.71],[-82.627,40.709],[-82.627,40.699],[-82.627,40.697],[-82.627,40.695],[-82.627,40.694],[-82.627,40.692],[-82.627,40.688],[-82.627,40.687],[-82.627,40.685],[-82.626,40.681],[-82.626,40.679],[-82.626,40.678],[-82.626,40.674],[-82.626,40.672],[-82.626,40.667],[-82.627,40.666],[-82.63,40.666],[-82.633,40.666],[-82.636,40.666],[-82.638,40.666],[-82.639,40.666],[-82.645,40.666],[-82.645,40.664],[-82.645,40.663],[-82.645,40.661],[-82.645,40.66],[-82.645,40.66],[-82.645,40.651],[-82.644,40.64],[-82.644,40.637],[-82.637,40.637],[-82.634,40.637],[-82.633,40.637],[-82.631,40.637],[-82.629,40.637],[-82.627,40.637],[-82.625,40.637],[-82.625,40.63],[-82.625,40.626],[-82.625,40.624],[-82.625,40.623],[-82.625,40.622],[-82.625,40.62],[-82.625,40.617],[-82.625,40.615],[-82.625,40.613],[-82.625,40.608],[-82.625,40.608],[-82.625,40.606],[-82.625,40.605],[-82.624,40.602],[-82.624,40.598],[-82.624,40.597],[-82.624,40.594],[-82.624,40.593],[-82.624,40.591],[-82.624,40.587],[-82.624,40.572],[-82.624,40.57],[-82.624,40.569],[-82.624,40.568],[-82.624,40.567],[-82.624,40.565],[-82.624,40.563],[-82.624,40.561],[-82.624,40.561],[-82.624,40.557],[-82.624,40.556],[-82.624,40.554],[-82.624,40.551],[-82.625,40.55],[-82.643,40.545],[-82.643,40.544],[-82.643,40.543],[-82.643,40.526],[-82.641,40.522],[-82.637,40.523],[-82.635,40.523],[-82.634,40.523],[-82.633,40.522],[-82.635,40.5],[-82.636,40.486],[-82.638,40.463],[-82.638,40.457],[-82.639,40.441],[-82.64,40.432],[-82.641,40.419],[-82.641,40.418]]]},"properties":{"NAME":"Morrow","GEOID":"39117"}},{"type":"Feature","geometry":{"type":"Polygon","coordinates":[[[-80.662,40.23],[-80.662,40.227],[-80.664,40.22],[-80.664,40.218],[-80.664,40.217],[-80.664,40.216],[-80.664,40.215],[-80.664,40.214],[-80.664,40.214],[-80.664,40.213],[-80.665,40.212],[-80.666,40.207],[-80.668,40.2],[-80.674,40.191],[-80.678,40.188],[-80.679,40.187],[-80.68,40.186],[-80.68,40.186],[-80.68,40.186],[-80.681,40.186],[-80.682,40.185],[-80.682,40.185],[-80.684,40.184],[-80.684,40.184],[-80.685,40.182],[-80.687,40.181],[-80.688,40.18],[-80.688,40.179],[-80.689,40.177],[-80.689,40.176],[-80.689,40.176],[-80.69,40.176],[-80.69,40.175],[-80.69,40.175],[-80.691,40.174],[-80.691,40.174],[-80.691,40.174],[-80.693,40.172],[-80.694,40.17],[-80.694,40.169],[-80.695,40.169],[-80.695,40.169],[-80.695,40.168],[-80.696,40.168],[-80.696,40.168],[-80.696,40.167],[-80.696,40.167],[-80.696,40.167],[-80.697,40.166],[-80.697,40.166],[-80.697,40.166],[-80.697,40.166],[-80.697,40.165],[-80.698,40.164],[-80.699,40.163],[-80.7,40.162],[-80.702,40.158],[-80.704,40.157],[-80.705,40.157],[-80.707,40.157],[-80.707,40.157],[-80.708,40.158],[-80.709,40.158],[-80.71,40.158],[-80.71,40.158],[-80.71,40.158],[-80.714,40.158],[-80.719,40.158],[-80.721,40.158],[-80.738,40.159],[-80.75,40.159],[-80.752,40.159],[-80.766,40.16],[-80.766,40.157],[-80.771,40.155],[-80.775,40.155],[-80.782,40.156],[-80.787,40.156],[-80.792,40.156],[-80.8,40.157],[-80.818,40.157],[-80.83,40.158],[-80.833,40.158],[-80.85,40.158],[-80.871,40.159],[-80.882,40.159],[-80.883,40.16],[-80.882,40.173],[-80.882,40.174],[-80.882,40.175],[-80.882,40.178],[-80.882,40.178],[-80.882,40.183],[-80.881,40.185],[-80.881,40.199],[-80.881,40.201],[-80.881,40.201],[-80.88,40.204],[-80.88,40.206],[-80.88,40.207],[-80.88,40.213],[-80.88,40.214],[-80.88,40.215],[-80.88,40.216],[-80.88,40.219],[-80.879,40.226],[-80.879,40.227],[-80.879,40.23],[-80.879,40.23],[-80.879,40.231],[-80.879,40.24],[-80.878,40.244],[-80.878,40.245],[-80.878,40.245],[-80.878,40.246],[-80.878,40.248],[-80.878,40.25],[-80.878,40.251],[-80.877,40.263],[-80.877,40.267],[-80.877,40.275],[-80.876,40.28],[-80.876,40.281],[-80.876,40.282],[-80.876,40.282],[-80.876,40.285],[-80.876,40.288],[-80.876,40.289],[-80.876,40.289],[-80.876,40.294],[-80.876,40.294],[-80.876,40.294],[-80.875,40.296],[-80.875,40.301],[-80.875,40.303],[-80.875,40.306],[-80.875,40.306],[-80.875,40.309],[-80.874,40.316],[-80.874,40.322],[-80.874,40.329],[-80.874,40.329],[-80.874,40.33],[-80.874,40.331],[-80.873,40.34],[-80.873,40.35],[-80.873,40.352],[-80.872,40.36],[-80.872,40.361],[-80.872,40.364],[-80.872,40.367],[-80.872,40.372],[-80.872,40.374],[-80.872,40.375],[-80.867,40.38],[-80.867,40.384],[-80.866,40.395],[-80.866,40.401],[-80.866,40.407],[-80.866,40.408],[-80.866,40.41],[-80.866,40.411],[-80.866,40.413],[-80.866,40.422],[-80.866,40.423],[-80.871,40.423],[-80.875,40.423],[-80.884,40.423],[-80.89,40.424],[-80.891,40.424],[-80.895,40.424],[-80.896,40.424],[-80.896,40.424],[-80.897,40.424],[-80.904,40.424],[-80.911,40.424],[-80.915,40.424],[-80.922,40.424],[-80.924,40.424],[-80.927,40.424],[-80.934,40.425],[-80.936,40.425],[-80.941,40.425],[-80.942,40.425],[-80.942,40.425],[-80.942,40.425],[-80.942,40.427],[-80.942,40.427],[-80.942,40.428],[-80.942,40.432],[-80.941,40.435],[-80.941,40.444],[-80.941,40.447],[-80.941,40.447],[-80.941,40.454],[-80.941,40.458],[-80.94,40.466],[-80.937,40.468],[-80.933,40.468],[-80.931,40.468],[-80.925,40.468],[-80.925,40.469],[-80.924,40.469],[-80.924,40.47],[-80.924,40.473],[-80.924,40.474],[-80.924,40.475],[-80.924,40.477],[-80.924,40.478],[-80.924,40.479],[-80.924,40.484],[-80.924,40.484],[-80.924,40.486],[-80.924,40.489],[-80.923,40.502],[-80.923,40.508],[-80.923,40.511],[-80.922,40.523],[-80.922,40.529],[-80.922,40.538],[-80.922,40.54],[-80.922,40.541],[-80.921,40.551],[-80.921,40.552],[-80.921,40.553],[-80.921,40.556],[-80.916,40.556],[-80.9,40.556],[-80.898,40.556],[-80.881,40.556],[-80.88,40.556],[-80.879,40.556],[-80.875,40.556],[-80.868,40.555],[-80.864,40.556],[-80.863,40.563],[-80.863,40.574],[-80.863,40.576],[-80.863,40.582],[-80.862,40.596],[-80.862,40.598],[-80.862,40.599],[-80.855,40.599],[-80.851,40.599],[-80.839,40.599],[-80.838,40.599],[-80.837,40.599],[-80.836,40.599],[-80.834,40.599],[-80.831,40.599],[-80.827,40.598],[-80.825,40.598],[-80.822,40.598],[-80.818,40.598],[-80.812,40.598],[-80.807,40.598],[-80.804,40.598],[-80.795,40.598],[-80.782,40.598],[-80.773,40.597],[-80.756,40.597],[-80.748,40.597],[-80.747,40.597],[-80.747,40.597],[-80.747,40.596],[-80.747,40.588],[-80.747,40.584],[-80.746,40.583],[-80.74,40.583],[-80.738,40.583],[-80.738,40.583],[-80.738,40.583],[-80.736,40.583],[-80.735,40.583],[-80.734,40.583],[-80.733,40.583],[-80.727,40.583],[-80.721,40.583],[-80.715,40.583],[-80.708,40.583],[-80.706,40.583],[-80.701,40.583],[-80.685,40.583],[-80.684,40.583],[-80.671,40.583],[-80.67,40.583],[-80.67,40.583],[-80.669,40.583],[-80.669,40.582],[-80.669,40.582],[-80.668,40.582],[-80.668,40.582],[-80.668,40.581],[-80.668,40.578],[-80.667,40.576],[-80.667,40.574],[-80.667,40.574],[-80.666,40.574],[-80.665,40.574],[-80.664,40.572],[-80.663,40.571],[-80.663,40.57],[-80.663,40.57],[-80.663,40.57],[-80.664,40.57],[-80.664,40.57],[-80.664,40.57],[-80.662,40.569],[-80.659,40.568],[-80.657,40.566],[-80.655,40.565],[-80.654,40.564],[-80.652,40.562],[-80.65,40.559],[-80.649,40.558],[-80.647,40.556],[-80.646,40.554],[-80.645,40.553],[-80.642,40.549],[-80.641,40.548],[-80.64,40.547],[-80.639,40.546],[-80.638,40.545],[-80.637,40.543],[-80.636,40.542],[-80.635,40.542],[-80.635,40.541],[-80.634,40.54],[-80.633,40.539],[-80.632,40.538],[-80.631,40.538],[-80.63,40.538],[-80.63,40.537],[-80.629,40.536],[-80.629,40.537],[-80.628,40.536],[-80.627,40.535],[-80.626,40.532],[-80.625,40.53],[-80.625,40.529],[-80.625,40.528],[-80.625,40.527],[-80.624,40.526],[-80.624,40.524],[-80.623,40.524],[-80.623,40.522],[-80.622,40.519],[-80.622,40.517],[-80.622,40.516],[-80.621,40.514],[-80.621,40.513],[-80.621,40.512],[-80.621,40.511],[-80.621,40.51],[-80.621,40.509],[-80.62,40.509],[-80.619,40.508],[-80.62,40.507],[-80.619,40.507],[-80.619,40.506],[-80.619,40.505],[-80.618,40.504],[-80.618,40.503],[-80.618,40.502],[-80.618,40.502],[-80.617,40.502],[-80.616,40.502],[-80.615,40.502],[-80.615,40.502],[-80.615,40.501],[-80.615,40.501],[-80.615,40.5],[-80.614,40.5],[-80.614,40.499],[-80.614,40.499],[-80.615,40.499],[-80.616,40.5],[-80.616,40.499],[-80.615,40.498],[-80.614,40.497],[-80.614,40.496],[-80.613,40.495],[-80.612,40.493],[-80.611,40.492],[-80.607,40.488],[-80.604,40.485],[-80.602,40.484],[-80.601,40.484],[-80.601,40.484],[-80.6,40.483],[-80.599,40.483],[-80.598,40.481],[-80.598,40.48],[-80.598,40.48],[-80.597,40.478],[-80.595,40.474],[-80.595,40.471],[-80.595,40.47],[-80.595,40.467],[-80.596,40.464],[-80.596,40.463],[-80.596,40.462],[-80.597,40.46],[-80.6,40.455],[-80.603,40.451],[-80.604,40.451],[-80.605,40.448],[-80.609,40.441],[-80.61,40.439],[-80.611,40.437],[-80.612,40.435],[-80.613,40.429],[-80.612,40.427],[-80.612,40.424],[-80.612,40.419],[-80.612,40.413],[-80.613,40.412],[-80.614,40.41],[-80.613,40.406],[-80.612,40.404],[-80.612,40.403],[-80.615,40.4],[-80.616,40.401],[-80.617,40.401],[-80.63,40.395],[-80.632,40.387],[-80.631,40.385],[-80.626,40.384],[-80.619,40.382],[-80.614,40.379],[-80.612,40.377],[-80.611,40.376],[-80.61,40.375],[-80.61,40.375],[-80.609,40.374],[-80.609,40.373],[-80.608,40.37],[-80.608,40.366],[-80.609,40.362],[-80.609,40.361],[-80.61,40.358],[-80.613,40.349],[-80.613,40.348],[-80.611,40.341],[-80.61,40.34],[-80.61,40.34],[-80.609,40.338],[-80.608,40.337],[-80.608,40.336],[-80.607,40.334],[-80.605,40.332],[-80.604,40.331],[-80.603,40.329],[-80.603,40.329],[-80.603,40.329],[-80.603,40.328],[-80.603,40.328],[-80.6,40.321],[-80.6,40.318],[-80.6,40.316],[-80.601,40.315],[-80.601,40.314],[-80.602,40.312],[-80.602,40.312],[-80.602,40.311],[-80.602,40.311],[-80.603,40.309],[-80.603,40.308],[-80.603,40.307],[-80.603,40.307],[-80.604,40.306],[-80.605,40.305],[-80.607,40.303],[-80.609,40.301],[-80.609,40.3],[-80.61,40.299],[-80.61,40.299],[-80.611,40.298],[-80.611,40.297],[-80.615,40.29],[-80.616,40.288],[-80.617,40.282],[-80.617,40.279],[-80.617,40.278],[-80.616,40.275],[-80.616,40.272],[-80.618,40.267],[-80.619,40.266],[-80.619,40.265],[-80.623,40.261],[-80.625,40.26],[-80.628,40.259],[-80.632,40.257],[-80.634,40.256],[-80.636,40.255],[-80.637,40.254],[-80.638,40.255],[-80.645,40.251],[-80.646,40.251],[-80.646,40.25],[-80.646,40.25],[-80.647,40.25],[-80.647,40.249],[-80.647,40.249],[-80.648,40.249],[-80.648,40.248],[-80.652,40.245],[-80.653,40.244],[-80.653,40.243],[-80.657,40.237],[-80.66,40.233],[-80.661,40.23],[-80.662,40.23]]]},"properties":{"NAME":"Jefferson","GEOID":"39081"}},{"type":"Feature","geometry":{"type":"Polygon","coordinates":[[[-84.592,39.568],[-84.59,39.568],[-84.579,39.568],[-84.559,39.568],[-84.552,39.568],[-84.545,39.568],[-84.525,39.568],[-84.51,39.568],[-84.498,39.568],[-84.491,39.569],[-84.479,39.578],[-84.479,39.579],[-84.479,39.581],[-84.479,39.583],[-84.479,39.586],[-84.479,39.591],[-84.463,39.59],[-84.448,39.59],[-84.438,39.59],[-84.421,39.59],[-84.415,39.59],[-84.412,39.59],[-84.406,39.59],[-84.398,39.59],[-84.375,39.59],[-84.369,39.59],[-84.365,39.59],[-84.365,39.588],[-84.365,39.584],[-84.365,39.584],[-84.365,39.582],[-84.365,39.58],[-84.365,39.577],[-84.365,39.576],[-84.365,39.575],[-84.365,39.574],[-84.365,39.572],[-84.365,39.571],[-84.365,39.57],[-84.365,39.569],[-84.365,39.565],[-84.365,39.562],[-84.365,39.56],[-84.364,39.559],[-84.364,39.559],[-84.364,39.558],[-84.364,39.557],[-84.364,39.556],[-84.364,39.556],[-84.364,39.555],[-84.364,39.554],[-84.364,39.553],[-84.364,39.55],[-84.364,39.544],[-84.364,39.543],[-84.363,39.543],[-84.363,39.543],[-84.363,39.543],[-84.362,39.542],[-84.362,39.542],[-84.362,39.542],[-84.361,39.542],[-84.361,39.542],[-84.36,39.542],[-84.36,39.542],[-84.359,39.543],[-84.358,39.543],[-84.357,39.543],[-84.356,39.544],[-84.356,39.544],[-84.355,39.544],[-84.355,39.544],[-84.354,39.544],[-84.353,39.545],[-84.352,39.545],[-84.351,39.545],[-84.35,39.545],[-84.349,39.545],[-84.348,39.545],[-84.348,39.545],[-84.347,39.546],[-84.346,39.546],[-84.345,39.546],[-84.344,39.546],[-84.343,39.546],[-84.342,39.547],[-84.342,39.547],[-84.341,39.547],[-84.339,39.547],[-84.338,39.547],[-84.337,39.548],[-84.336,39.548],[-84.335,39.548],[-84.334,39.548],[-84.333,39.549],[-84.333,39.549],[-84.332,39.549],[-84.332,39.549],[-84.332,39.548],[-84.332,39.547],[-84.332,39.547],[-84.332,39.544],[-84.333,39.54],[-84.333,39.535],[-84.333,39.533],[-84.333,39.532],[-84.334,39.53],[-84.334,39.528],[-84.334,39.528],[-84.334,39.527],[-84.334,39.527],[-84.334,39.527],[-84.334,39.526],[-84.334,39.526],[-84.334,39.525],[-84.334,39.525],[-84.334,39.524],[-84.334,39.521],[-84.335,39.518],[-84.335,39.516],[-84.335,39.514],[-84.335,39.514],[-84.335,39.512],[-84.335,39.511],[-84.336,39.51],[-84.336,39.508],[-84.336,39.508],[-84.336,39.506],[-84.336,39.505],[-84.336,39.504],[-84.336,39.503],[-84.336,39.502],[-84.336,39.502],[-84.336,39.5],[-84.337,39.499],[-84.337,39.498],[-84.337,39.498],[-84.337,39.497],[-84.337,39.496],[-84.337,39.495],[-84.337,39.494],[-84.337,39.494],[-84.337,39.494],[-84.337,39.492],[-84.337,39.491],[-84.337,39.49],[-84.337,39.489],[-84.337,39.489],[-84.337,39.487],[-84.338,39.487],[-84.338,39.486],[-84.338,39.485],[-84.338,39.484],[-84.338,39.483],[-84.338,39.483],[-84.338,39.482],[-84.338,39.481],[-84.338,39.481],[-84.338,39.478],[-84.339,39.474],[-84.339,39.473],[-84.339,39.472],[-84.339,39.465],[-84.34,39.464],[-84.34,39.463],[-84.34,39.462],[-84.34,39.457],[-84.34,39.457],[-84.34,39.456],[-84.34,39.456],[-84.337,39.456],[-84.337,39.456],[-84.337,39.456],[-84.337,39.456],[-84.337,39.455],[-84.337,39.452],[-84.337,39.452],[-84.337,39.449],[-84.338,39.447],[-84.338,39.445],[-84.338,39.442],[-84.338,39.441],[-84.338,39.441],[-84.338,39.44],[-84.338,39.44],[-84.339,39.439],[-84.339,39.437],[-84.339,39.436],[-84.339,39.433],[-84.339,39.431],[-84.34,39.429],[-84.34,39.428],[-84.34,39.423],[-84.34,39.422],[-84.34,39.422],[-84.341,39.419],[-84.341,39.417],[-84.341,39.413],[-84.341,39.412],[-84.342,39.409],[-84.342,39.407],[-84.342,39.405],[-84.342,39.405],[-84.342,39.403],[-84.343,39.401],[-84.343,39.4],[-84.343,39.399],[-84.343,39.397],[-84.343,39.395],[-84.343,39.394],[-84.344,39.392],[-84.344,39.39],[-84.344,39.387],[-84.344,39.385],[-84.345,39.383],[-84.345,39.382],[-84.345,39.377],[-84.345,39.376],[-84.346,39.375],[-84.346,39.374],[-84.346,39.372],[-84.346,39.372],[-84.346,39.372],[-84.346,39.37],[-84.346,39.37],[-84.346,39.368],[-84.346,39.367],[-84.347,39.367],[-84.347,39.366],[-84.347,39.363],[-84.347,39.361],[-84.347,39.36],[-84.347,39.359],[-84.347,39.357],[-84.348,39.355],[-84.348,39.353],[-84.348,39.353],[-84.348,39.353],[-84.348,39.352],[-84.348,39.352],[-84.348,39.352],[-84.348,39.351],[-84.348,39.35],[-84.348,39.35],[-84.348,39.35],[-84.348,39.349],[-84.348,39.349],[-84.348,39.348],[-84.348,39.348],[-84.348,39.347],[-84.348,39.346],[-84.348,39.345],[-84.349,39.344],[-84.349,39.344],[-84.349,39.342],[-84.349,39.342],[-84.349,39.342],[-84.349,39.341],[-84.349,39.341],[-84.349,39.34],[-84.349,39.34],[-84.349,39.339],[-84.349,39.339],[-84.349,39.338],[-84.349,39.337],[-84.349,39.336],[-84.349,39.336],[-84.349,39.335],[-84.349,39.335],[-84.35,39.334],[-84.35,39.334],[-84.35,39.33],[-84.35,39.328],[-84.35,39.326],[-84.35,39.325],[-84.35,39.324],[-84.35,39.324],[-84.35,39.324],[-84.35,39.323],[-84.351,39.321],[-84.351,39.321],[-84.351,39.32],[-84.351,39.319],[-84.351,39.318],[-84.351,39.317],[-84.351,39.315],[-84.351,39.314],[-84.351,39.313],[-84.352,39.31],[-84.352,39.309],[-84.352,39.308],[-84.352,39.307],[-84.352,39.307],[-84.352,39.306],[-84.352,39.302],[-84.352,39.301],[-84.353,39.3],[-84.353,39.3],[-84.353,39.299],[-84.353,39.299],[-84.353,39.298],[-84.353,39.297],[-84.353,39.296],[-84.353,39.296],[-84.353,39.295],[-84.353,39.293],[-84.353,39.293],[-84.353,39.292],[-84.355,39.292],[-84.357,39.293],[-84.36,39.293],[-84.362,39.293],[-84.367,39.294],[-84.37,39.294],[-84.371,39.294],[-84.374,39.295],[-84.378,39.296],[-84.379,39.296],[-84.381,39.296],[-84.384,39.296],[-84.388,39.297],[-84.391,39.298],[-84.401,39.298],[-84.407,39.298],[-84.409,39.298],[-84.41,39.298],[-84.414,39.298],[-84.418,39.298],[-84.419,39.298],[-84.421,39.298],[-84.424,39.299],[-84.427,39.299],[-84.428,39.299],[-84.429,39.299],[-84.432,39.299],[-84.434,39.299],[-84.436,39.3],[-84.439,39.3],[-84.44,39.3],[-84.441,39.3],[-84.444,39.3],[-84.447,39.301],[-84.449,39.301],[-84.45,39.301],[-84.451,39.301],[-84.452,39.301],[-84.454,39.302],[-84.458,39.302],[-84.461,39.302],[-84.469,39.303],[-84.47,39.303],[-84.474,39.302],[-84.479,39.302],[-84.482,39.302],[-84.484,39.302],[-84.485,39.302],[-84.486,39.302],[-84.494,39.303],[-84.505,39.306],[-84.507,39.306],[-84.512,39.305],[-84.513,39.305],[-84.517,39.304],[-84.52,39.304],[-84.523,39.303],[-84.524,39.303],[-84.524,39.303],[-84.528,39.304],[-84.531,39.305],[-84.537,39.305],[-84.542,39.306],[-84.551,39.307],[-84.551,39.307],[-84.555,39.307],[-84.56,39.308],[-84.562,39.308],[-84.565,39.308],[-84.568,39.308],[-84.569,39.308],[-84.571,39.308],[-84.573,39.308],[-84.576,39.308],[-84.58,39.308],[-84.58,39.308],[-84.583,39.308],[-84.609,39.31],[-84.61,39.31],[-84.618,39.311],[-84.627,39.312],[-84.629,39.312],[-84.631,39.312],[-84.631,39.312],[-84.631,39.312],[-84.636,39.311],[-84.639,39.31],[-84.642,39.305],[-84.644,39.305],[-84.659,39.305],[-84.663,39.305],[-84.687,39.305],[-84.702,39.305],[-84.704,39.305],[-84.707,39.305],[-84.73,39.305],[-84.74,39.305],[-84.746,39.305],[-84.75,39.305],[-84.756,39.305],[-84.762,39.305],[-84.763,39.305],[-84.766,39.305],[-84.773,39.305],[-84.786,39.305],[-84.796,39.306],[-84.798,39.306],[-84.808,39.305],[-84.819,39.317],[-84.819,39.32],[-84.819,39.327],[-84.819,39.328],[-84.819,39.33],[-84.819,39.331],[-84.819,39.333],[-84.819,39.336],[-84.819,39.34],[-84.819,39.341],[-84.819,39.347],[-84.819,39.349],[-84.819,39.35],[-84.819,39.355],[-84.818,39.362],[-84.818,39.37],[-84.818,39.375],[-84.818,39.377],[-84.818,39.378],[-84.818,39.387],[-84.818,39.395],[-84.818,39.396],[-84.818,39.401],[-84.818,39.402],[-84.817,39.404],[-84.817,39.406],[-84.817,39.412],[-84.817,39.415],[-84.817,39.423],[-84.817,39.428],[-84.817,39.43],[-84.817,39.433],[-84.817,39.434],[-84.817,39.436],[-84.817,39.442],[-84.817,39.449],[-84.817,39.45],[-84.816,39.456],[-84.816,39.457],[-84.816,39.459],[-84.816,39.459],[-84.816,39.465],[-84.816,39.471],[-84.816,39.473],[-84.816,39.474],[-84.816,39.476],[-84.816,39.477],[-84.816,39.479],[-84.816,39.494],[-84.816,39.506],[-84.816,39.511],[-84.815,39.522],[-84.815,39.531],[-84.815,39.534],[-84.815,39.536],[-84.815,39.56],[-84.815,39.563],[-84.815,39.565],[-84.815,39.566],[-84.815,39.567],[-84.815,39.568],[-84.813,39.568],[-84.813,39.568],[-84.811,39.568],[-84.808,39.568],[-84.796,39.568],[-84.786,39.568],[-84.785,39.568],[-84.781,39.568],[-84.78,39.568],[-84.771,39.568],[-84.763,39.567],[-84.758,39.567],[-84.752,39.567],[-84.75,39.567],[-84.746,39.567],[-84.728,39.568],[-84.722,39.568],[-84.713,39.567],[-84.699,39.567],[-84.664,39.567],[-84.644,39.567],[-84.643,39.567],[-84.636,39.567],[-84.634,39.567],[-84.601,39.567],[-84.592,39.568]]]},"properties":{"NAME":"Butler","GEOID":"39017"}},{"type":"Feature","geometry":{"type":"Polygon","coordinates":[[[-82.221,40.667],[-82.221,40.66],[-82.221,40.649],[-82.221,40.639],[-82.221,40.635],[-82.221,40.628],[-82.22,40.617],[-82.22,40.615],[-82.221,40.612],[-82.22,40.602],[-82.22,40.599],[-82.22,40.595],[-82.22,40.589],[-82.22,40.584],[-82.22,40.57],[-82.235,40.566],[-82.248,40.565],[-82.249,40.565],[-82.25,40.565],[-82.25,40.565],[-82.261,40.563],[-82.268,40.563],[-82.27,40.562],[-82.27,40.562],[-82.271,40.562],[-82.273,40.562],[-82.289,40.56],[-82.305,40.559],[-82.324,40.556],[-82.327,40.556],[-82.335,40.555],[-82.337,40.561],[-82.337,40.566],[-82.337,40.567],[-82.337,40.57],[-82.338,40.582],[-82.338,40.598],[-82.338,40.604],[-82.338,40.607],[-82.338,40.609],[-82.338,40.61],[-82.338,40.625],[-82.338,40.636],[-82.338,40.638],[-82.338,40.646],[-82.338,40.648],[-82.339,40.652],[-82.339,40.655],[-82.339,40.657],[-82.339,40.66],[-82.339,40.662],[-82.339,40.664],[-82.339,40.665],[-82.339,40.665],[-82.339,40.665],[-82.339,40.669],[-82.339,40.684],[-82.339,40.685],[-82.339,40.686],[-82.339,40.687],[-82.339,40.687],[-82.339,40.69],[-82.339,40.692],[-82.339,40.693],[-82.339,40.694],[-82.339,40.704],[-82.339,40.706],[-82.339,40.706],[-82.339,40.707],[-82.339,40.709],[-82.339,40.71],[-82.339,40.711],[-82.339,40.712],[-82.339,40.713],[-82.339,40.715],[-82.339,40.717],[-82.339,40.719],[-82.339,40.719],[-82.339,40.721],[-82.339,40.722],[-82.339,40.722],[-82.339,40.723],[-82.339,40.724],[-82.339,40.726],[-82.339,40.727],[-82.356,40.727],[-82.356,40.727],[-82.357,40.727],[-82.357,40.727],[-82.358,40.727],[-82.359,40.727],[-82.361,40.727],[-82.363,40.727],[-82.368,40.727],[-82.37,40.727],[-82.375,40.727],[-82.376,40.727],[-82.378,40.727],[-82.378,40.731],[-82.378,40.734],[-82.378,40.744],[-82.378,40.746],[-82.378,40.749],[-82.378,40.769],[-82.379,40.776],[-82.379,40.781],[-82.379,40.782],[-82.379,40.787],[-82.379,40.787],[-82.379,40.788],[-82.38,40.788],[-82.38,40.788],[-82.38,40.788],[-82.38,40.788],[-82.38,40.788],[-82.38,40.788],[-82.38,40.788],[-82.38,40.789],[-82.38,40.789],[-82.38,40.789],[-82.38,40.789],[-82.38,40.789],[-82.38,40.789],[-82.38,40.789],[-82.38,40.789],[-82.381,40.789],[-82.381,40.789],[-82.381,40.789],[-82.381,40.789],[-82.381,40.789],[-82.381,40.789],[-82.381,40.789],[-82.381,40.789],[-82.381,40.788],[-82.381,40.788],[-82.382,40.788],[-82.382,40.789],[-82.382,40.789],[-82.383,40.789],[-82.383,40.789],[-82.383,40.789],[-82.383,40.789],[-82.383,40.79],[-82.384,40.791],[-82.384,40.792],[-82.384,40.792],[-82.384,40.792],[-82.385,40.792],[-82.386,40.792],[-82.386,40.792],[-82.386,40.793],[-82.386,40.794],[-82.387,40.795],[-82.387,40.795],[-82.387,40.795],[-82.387,40.795],[-82.388,40.795],[-82.388,40.795],[-82.389,40.796],[-82.39,40.796],[-82.39,40.796],[-82.39,40.797],[-82.389,40.797],[-82.389,40.797],[-82.389,40.797],[-82.39,40.798],[-82.39,40.798],[-82.39,40.798],[-82.389,40.799],[-82.388,40.799],[-82.388,40.799],[-82.387,40.799],[-82.387,40.8],[-82.387,40.8],[-82.387,40.8],[-82.388,40.801],[-82.388,40.802],[-82.388,40.802],[-82.388,40.802],[-82.388,40.802],[-82.388,40.803],[-82.388,40.805],[-82.388,40.806],[-82.393,40.808],[-82.408,40.808],[-82.409,40.815],[-82.409,40.815],[-82.41,40.815],[-82.413,40.815],[-82.418,40.815],[-82.418,40.816],[-82.417,40.817],[-82.417,40.817],[-82.417,40.817],[-82.417,40.818],[-82.417,40.818],[-82.417,40.818],[-82.418,40.819],[-82.418,40.819],[-82.418,40.82],[-82.418,40.82],[-82.417,40.821],[-82.417,40.821],[-82.417,40.821],[-82.417,40.821],[-82.418,40.821],[-82.418,40.821],[-82.42,40.823],[-82.421,40.823],[-82.421,40.823],[-82.421,40.824],[-82.421,40.824],[-82.42,40.824],[-82.42,40.824],[-82.42,40.824],[-82.42,40.825],[-82.42,40.826],[-82.421,40.827],[-82.421,40.827],[-82.42,40.828],[-82.42,40.828],[-82.42,40.828],[-82.419,40.828],[-82.419,40.827],[-82.419,40.827],[-82.419,40.826],[-82.419,40.826],[-82.419,40.826],[-82.419,40.826],[-82.418,40.826],[-82.418,40.826],[-82.417,40.826],[-82.417,40.826],[-82.416,40.828],[-82.416,40.828],[-82.416,40.829],[-82.416,40.829],[-82.416,40.832],[-82.416,40.839],[-82.416,40.846],[-82.416,40.854],[-82.416,40.859],[-82.416,40.86],[-82.416,40.862],[-82.416,40.868],[-82.416,40.871],[-82.416,40.873],[-82.416,40.878],[-82.416,40.888],[-82.416,40.899],[-82.416,40.902],[-82.417,40.907],[-82.417,40.917],[-82.417,40.953],[-82.418,40.972],[-82.418,40.987],[-82.419,40.993],[-82.424,40.993],[-82.429,40.993],[-82.432,40.993],[-82.433,40.993],[-82.433,40.994],[-82.433,40.997],[-82.433,40.999],[-82.433,41.001],[-82.433,41.002],[-82.433,41.004],[-82.434,41.005],[-82.434,41.006],[-82.434,41.007],[-82.434,41.008],[-82.434,41.009],[-82.434,41.01],[-82.434,41.01],[-82.434,41.012],[-82.434,41.014],[-82.434,41.016],[-82.434,41.021],[-82.435,41.023],[-82.435,41.025],[-82.435,41.026],[-82.435,41.027],[-82.435,41.029],[-82.435,41.03],[-82.435,41.033],[-82.435,41.035],[-82.435,41.037],[-82.435,41.038],[-82.436,41.04],[-82.436,41.045],[-82.436,41.047],[-82.436,41.047],[-82.436,41.047],[-82.436,41.047],[-82.436,41.048],[-82.436,41.048],[-82.436,41.049],[-82.436,41.051],[-82.436,41.051],[-82.436,41.051],[-82.436,41.051],[-82.436,41.052],[-82.436,41.052],[-82.436,41.052],[-82.436,41.055],[-82.437,41.058],[-82.437,41.06],[-82.437,41.062],[-82.437,41.063],[-82.437,41.064],[-82.437,41.065],[-82.437,41.065],[-82.437,41.065],[-82.437,41.065],[-82.435,41.065],[-82.429,41.065],[-82.428,41.065],[-82.425,41.065],[-82.421,41.065],[-82.42,41.065],[-82.417,41.065],[-82.416,41.065],[-82.415,41.065],[-82.414,41.066],[-82.412,41.066],[-82.411,41.066],[-82.41,41.066],[-82.41,41.066],[-82.406,41.066],[-82.401,41.066],[-82.4,41.066],[-82.4,41.066],[-82.399,41.066],[-82.398,41.066],[-82.398,41.066],[-82.396,41.066],[-82.395,41.066],[-82.395,41.066],[-82.392,41.066],[-82.391,41.066],[-82.389,41.066],[-82.388,41.066],[-82.386,41.066],[-82.385,41.066],[-82.384,41.066],[-82.382,41.066],[-82.381,41.066],[-82.38,41.066],[-82.378,41.066],[-82.378,41.066],[-82.377,41.066],[-82.375,41.066],[-82.373,41.066],[-82.368,41.066],[-82.366,41.066],[-82.363,41.066],[-82.358,41.066],[-82.358,41.066],[-82.357,41.066],[-82.352,41.066],[-82.345,41.066],[-82.338,41.066],[-82.334,41.066],[-82.327,41.066],[-82.308,41.066],[-82.3,41.066],[-82.29,41.066],[-82.28,41.065],[-82.275,41.065],[-82.268,41.065],[-82.265,41.065],[-82.258,41.065],[-82.257,41.065],[-82.255,41.065],[-82.254,41.065],[-82.253,41.065],[-82.244,41.065],[-82.232,41.064],[-82.223,41.064],[-82.222,41.064],[-82.22,41.064],[-82.207,41.064],[-82.202,41.064],[-82.182,41.064],[-82.182,41.064],[-82.172,41.064],[-82.172,41.057],[-82.172,41.057],[-82.172,41.05],[-82.172,41.043],[-82.172,41.031],[-82.173,41.014],[-82.173,41.01],[-82.173,40.992],[-82.165,40.992],[-82.163,40.992],[-82.158,40.992],[-82.151,40.992],[-82.149,40.992],[-82.147,40.992],[-82.146,40.992],[-82.146,40.992],[-82.145,40.992],[-82.138,40.992],[-82.135,40.992],[-82.129,40.992],[-82.129,40.978],[-82.129,40.968],[-82.129,40.959],[-82.129,40.959],[-82.128,40.937],[-82.128,40.925],[-82.128,40.921],[-82.128,40.915],[-82.128,40.914],[-82.128,40.906],[-82.127,40.901],[-82.125,40.887],[-82.125,40.886],[-82.125,40.885],[-82.125,40.884],[-82.125,40.881],[-82.125,40.878],[-82.125,40.877],[-82.125,40.875],[-82.125,40.873],[-82.125,40.872],[-82.125,40.869],[-82.125,40.868],[-82.125,40.868],[-82.125,40.867],[-82.125,40.866],[-82.125,40.866],[-82.125,40.865],[-82.125,40.864],[-82.125,40.864],[-82.125,40.863],[-82.125,40.862],[-82.125,40.861],[-82.125,40.86],[-82.125,40.859],[-82.126,40.859],[-82.126,40.856],[-82.126,40.852],[-82.125,40.85],[-82.126,40.836],[-82.126,40.835],[-82.126,40.833],[-82.126,40.831],[-82.126,40.83],[-82.126,40.829],[-82.126,40.829],[-82.126,40.829],[-82.127,40.814],[-82.127,40.804],[-82.127,40.803],[-82.127,40.801],[-82.127,40.799],[-82.127,40.797],[-82.127,40.797],[-82.127,40.795],[-82.127,40.794],[-82.127,40.791],[-82.127,40.789],[-82.127,40.788],[-82.127,40.784],[-82.127,40.78],[-82.127,40.763],[-82.127,40.75],[-82.127,40.749],[-82.126,40.727],[-82.126,40.719],[-82.126,40.712],[-82.126,40.697],[-82.126,40.695],[-82.126,40.683],[-82.133,40.668],[-82.137,40.668],[-82.138,40.668],[-82.146,40.668],[-82.157,40.668],[-82.168,40.668],[-82.193,40.667],[-82.212,40.667],[-82.221,40.667]]]},"properties":{"NAME":"Ashland","GEOID":"39005"}},{"type":"Feature","geometry":{"type":"Polygon","coordinates":[[[-83.022,40.419],[-83.018,40.419],[-83.003,40.418],[-82.978,40.417],[-82.964,40.417],[-82.951,40.416],[-82.95,40.416],[-82.947,40.416],[-82.935,40.415],[-82.925,40.415],[-82.927,40.384],[-82.928,40.372],[-82.929,40.359],[-82.921,40.358],[-82.883,40.356],[-82.867,40.355],[-82.856,40.355],[-82.844,40.354],[-82.824,40.353],[-82.82,40.353],[-82.809,40.352],[-82.776,40.351],[-82.776,40.351],[-82.769,40.351],[-82.768,40.351],[-82.761,40.35],[-82.758,40.35],[-82.755,40.35],[-82.752,40.35],[-82.748,40.35],[-82.745,40.35],[-82.746,40.341],[-82.747,40.325],[-82.747,40.32],[-82.747,40.319],[-82.748,40.307],[-82.749,40.295],[-82.75,40.291],[-82.75,40.284],[-82.75,40.283],[-82.75,40.281],[-82.751,40.279],[-82.751,40.278],[-82.751,40.277],[-82.751,40.274],[-82.751,40.273],[-82.751,40.271],[-82.752,40.267],[-82.752,40.264],[-82.752,40.263],[-82.752,40.261],[-82.752,40.261],[-82.752,40.26],[-82.752,40.259],[-82.752,40.258],[-82.752,40.258],[-82.752,40.256],[-82.753,40.252],[-82.753,40.248],[-82.753,40.246],[-82.753,40.246],[-82.753,40.245],[-82.753,40.244],[-82.753,40.243],[-82.754,40.242],[-82.754,40.241],[-82.754,40.239],[-82.754,40.235],[-82.754,40.232],[-82.754,40.229],[-82.754,40.228],[-82.754,40.227],[-82.755,40.226],[-82.755,40.225],[-82.755,40.221],[-82.755,40.216],[-82.756,40.21],[-82.756,40.208],[-82.756,40.207],[-82.756,40.206],[-82.756,40.203],[-82.756,40.201],[-82.756,40.201],[-82.756,40.2],[-82.757,40.199],[-82.757,40.196],[-82.757,40.195],[-82.757,40.193],[-82.757,40.191],[-82.757,40.19],[-82.758,40.184],[-82.758,40.183],[-82.758,40.182],[-82.758,40.179],[-82.758,40.176],[-82.758,40.175],[-82.758,40.171],[-82.759,40.166],[-82.759,40.164],[-82.759,40.163],[-82.759,40.162],[-82.759,40.158],[-82.76,40.156],[-82.76,40.154],[-82.76,40.152],[-82.76,40.148],[-82.76,40.146],[-82.76,40.144],[-82.761,40.143],[-82.761,40.141],[-82.761,40.138],[-82.761,40.136],[-82.761,40.134],[-82.761,40.131],[-82.762,40.128],[-82.762,40.126],[-82.771,40.126],[-82.782,40.127],[-82.787,40.127],[-82.789,40.127],[-82.791,40.127],[-82.795,40.127],[-82.802,40.128],[-82.806,40.128],[-82.81,40.128],[-82.822,40.128],[-82.844,40.129],[-82.844,40.129],[-82.845,40.129],[-82.847,40.129],[-82.848,40.13],[-82.85,40.13],[-82.851,40.13],[-82.852,40.13],[-82.854,40.13],[-82.858,40.13],[-82.864,40.13],[-82.867,40.13],[-82.87,40.131],[-82.871,40.131],[-82.875,40.131],[-82.877,40.131],[-82.88,40.131],[-82.882,40.131],[-82.884,40.131],[-82.885,40.131],[-82.885,40.131],[-82.888,40.131],[-82.89,40.132],[-82.894,40.132],[-82.896,40.132],[-82.901,40.132],[-82.902,40.132],[-82.905,40.132],[-82.906,40.132],[-82.91,40.132],[-82.913,40.133],[-82.915,40.133],[-82.917,40.133],[-82.919,40.133],[-82.921,40.133],[-82.922,40.133],[-82.924,40.133],[-82.925,40.133],[-82.926,40.133],[-82.926,40.133],[-82.928,40.133],[-82.929,40.133],[-82.93,40.133],[-82.931,40.133],[-82.936,40.134],[-82.947,40.134],[-82.951,40.134],[-82.951,40.134],[-82.953,40.134],[-82.956,40.134],[-82.957,40.134],[-82.958,40.134],[-82.959,40.134],[-82.97,40.135],[-82.97,40.135],[-82.971,40.135],[-82.971,40.135],[-82.972,40.135],[-82.974,40.135],[-82.977,40.135],[-82.98,40.135],[-82.981,40.135],[-82.983,40.135],[-82.984,40.135],[-82.985,40.135],[-82.987,40.136],[-82.988,40.136],[-82.992,40.136],[-82.994,40.136],[-82.995,40.136],[-82.995,40.136],[-82.997,40.136],[-83,40.136],[-83.001,40.136],[-83.004,40.136],[-83.005,40.136],[-83.006,40.136],[-83.006,40.136],[-83.008,40.136],[-83.009,40.136],[-83.01,40.137],[-83.011,40.137],[-83.011,40.137],[-83.012,40.137],[-83.012,40.137],[-83.013,40.137],[-83.013,40.137],[-83.014,40.137],[-83.015,40.137],[-83.016,40.137],[-83.018,40.137],[-83.031,40.137],[-83.031,40.137],[-83.032,40.137],[-83.038,40.137],[-83.041,40.138],[-83.057,40.138],[-83.059,40.138],[-83.061,40.138],[-83.064,40.138],[-83.065,40.138],[-83.067,40.138],[-83.068,40.138],[-83.075,40.139],[-83.078,40.139],[-83.089,40.139],[-83.09,40.139],[-83.098,40.139],[-83.102,40.14],[-83.103,40.14],[-83.106,40.14],[-83.113,40.14],[-83.12,40.14],[-83.123,40.14],[-83.125,40.14],[-83.128,40.141],[-83.129,40.141],[-83.129,40.141],[-83.129,40.141],[-83.13,40.141],[-83.133,40.141],[-83.134,40.141],[-83.137,40.141],[-83.141,40.141],[-83.149,40.142],[-83.151,40.142],[-83.153,40.142],[-83.157,40.142],[-83.161,40.142],[-83.169,40.143],[-83.17,40.143],[-83.17,40.147],[-83.17,40.149],[-83.17,40.15],[-83.17,40.15],[-83.17,40.151],[-83.17,40.153],[-83.17,40.154],[-83.17,40.157],[-83.17,40.158],[-83.17,40.159],[-83.17,40.16],[-83.17,40.167],[-83.171,40.169],[-83.171,40.176],[-83.171,40.18],[-83.171,40.183],[-83.171,40.188],[-83.171,40.195],[-83.171,40.198],[-83.171,40.203],[-83.172,40.21],[-83.172,40.219],[-83.172,40.225],[-83.172,40.235],[-83.172,40.237],[-83.172,40.241],[-83.172,40.243],[-83.173,40.244],[-83.177,40.244],[-83.191,40.244],[-83.197,40.244],[-83.198,40.244],[-83.2,40.244],[-83.215,40.244],[-83.228,40.244],[-83.236,40.244],[-83.241,40.244],[-83.246,40.244],[-83.248,40.244],[-83.249,40.247],[-83.249,40.249],[-83.249,40.249],[-83.249,40.249],[-83.249,40.249],[-83.249,40.251],[-83.249,40.271],[-83.249,40.274],[-83.249,40.282],[-83.249,40.295],[-83.249,40.302],[-83.249,40.303],[-83.249,40.307],[-83.249,40.323],[-83.249,40.327],[-83.25,40.34],[-83.25,40.342],[-83.25,40.347],[-83.25,40.353],[-83.25,40.359],[-83.25,40.364],[-83.25,40.371],[-83.25,40.377],[-83.25,40.377],[-83.25,40.381],[-83.25,40.382],[-83.25,40.399],[-83.249,40.41],[-83.249,40.412],[-83.249,40.419],[-83.249,40.424],[-83.249,40.438],[-83.236,40.443],[-83.228,40.443],[-83.207,40.442],[-83.194,40.441],[-83.192,40.441],[-83.191,40.44],[-83.182,40.44],[-83.173,40.439],[-83.168,40.439],[-83.16,40.439],[-83.146,40.438],[-83.114,40.437],[-83.075,40.436],[-83.073,40.436],[-83.067,40.435],[-83.063,40.435],[-83.062,40.435],[-83.059,40.435],[-83.056,40.435],[-83.054,40.435],[-83.048,40.435],[-83.046,40.435],[-83.044,40.435],[-83.043,40.435],[-83.034,40.434],[-83.026,40.434],[-83.021,40.432],[-83.022,40.419]]]},"properties":{"NAME":"Delaware","GEOID":"39041"}},{"type":"Feature","geometry":{"type":"Polygon","coordinates":[[[-83.475,39.042],[-83.476,39.042],[-83.484,39.04],[-83.498,39.038],[-83.502,39.038],[-83.506,39.037],[-83.513,39.036],[-83.516,39.035],[-83.524,39.034],[-83.537,39.032],[-83.546,39.031],[-83.556,39.029],[-83.566,39.027],[-83.572,39.026],[-83.585,39.024],[-83.592,39.023],[-83.597,39.022],[-83.612,39.019],[-83.621,39.019],[-83.625,39.019],[-83.637,39.019],[-83.662,39.02],[-83.668,39.02],[-83.673,39.02],[-83.676,39.021],[-83.685,39.021],[-83.689,39.021],[-83.693,39.021],[-83.7,39.021],[-83.705,39.021],[-83.732,39.021],[-83.754,39.02],[-83.772,39.02],[-83.78,39.02],[-83.783,39.02],[-83.785,39.02],[-83.803,39.02],[-83.804,39.02],[-83.805,39.02],[-83.806,39.02],[-83.806,39.02],[-83.807,39.02],[-83.807,39.02],[-83.809,39.02],[-83.812,39.02],[-83.817,39.02],[-83.821,39.02],[-83.832,39.02],[-83.835,39.02],[-83.835,39.02],[-83.837,39.02],[-83.838,39.02],[-83.839,39.02],[-83.84,39.02],[-83.84,39.02],[-83.84,39.02],[-83.857,39.021],[-83.864,39.021],[-83.871,39.021],[-83.872,39.024],[-83.872,39.025],[-83.872,39.028],[-83.871,39.04],[-83.87,39.056],[-83.87,39.07],[-83.869,39.083],[-83.868,39.106],[-83.868,39.118],[-83.868,39.125],[-83.868,39.138],[-83.867,39.142],[-83.867,39.154],[-83.867,39.161],[-83.867,39.161],[-83.867,39.176],[-83.867,39.193],[-83.867,39.199],[-83.867,39.204],[-83.866,39.212],[-83.866,39.214],[-83.866,39.222],[-83.866,39.227],[-83.866,39.231],[-83.866,39.234],[-83.866,39.234],[-83.866,39.235],[-83.866,39.24],[-83.862,39.247],[-83.851,39.247],[-83.834,39.246],[-83.835,39.239],[-83.835,39.233],[-83.835,39.231],[-83.835,39.231],[-83.825,39.223],[-83.821,39.223],[-83.819,39.223],[-83.818,39.223],[-83.816,39.223],[-83.814,39.223],[-83.813,39.223],[-83.813,39.223],[-83.812,39.223],[-83.812,39.224],[-83.811,39.224],[-83.811,39.224],[-83.81,39.224],[-83.809,39.224],[-83.808,39.225],[-83.808,39.226],[-83.808,39.227],[-83.807,39.227],[-83.807,39.228],[-83.807,39.229],[-83.807,39.229],[-83.807,39.23],[-83.806,39.23],[-83.806,39.231],[-83.805,39.231],[-83.805,39.232],[-83.805,39.232],[-83.804,39.231],[-83.804,39.231],[-83.803,39.231],[-83.802,39.231],[-83.801,39.232],[-83.801,39.232],[-83.802,39.233],[-83.802,39.233],[-83.803,39.234],[-83.802,39.234],[-83.802,39.234],[-83.802,39.234],[-83.802,39.235],[-83.802,39.235],[-83.802,39.236],[-83.802,39.236],[-83.802,39.237],[-83.803,39.237],[-83.802,39.238],[-83.802,39.238],[-83.802,39.238],[-83.801,39.238],[-83.801,39.238],[-83.801,39.238],[-83.8,39.238],[-83.799,39.239],[-83.799,39.239],[-83.798,39.24],[-83.797,39.24],[-83.797,39.24],[-83.796,39.241],[-83.796,39.241],[-83.795,39.242],[-83.795,39.242],[-83.795,39.242],[-83.795,39.242],[-83.795,39.243],[-83.795,39.244],[-83.795,39.244],[-83.795,39.245],[-83.795,39.245],[-83.794,39.245],[-83.794,39.247],[-83.793,39.248],[-83.793,39.248],[-83.793,39.249],[-83.793,39.249],[-83.792,39.25],[-83.792,39.25],[-83.791,39.25],[-83.79,39.25],[-83.79,39.251],[-83.79,39.251],[-83.79,39.252],[-83.79,39.253],[-83.79,39.253],[-83.79,39.253],[-83.79,39.253],[-83.789,39.254],[-83.789,39.254],[-83.788,39.254],[-83.788,39.255],[-83.788,39.255],[-83.787,39.255],[-83.786,39.256],[-83.786,39.256],[-83.787,39.257],[-83.786,39.257],[-83.786,39.257],[-83.786,39.258],[-83.786,39.258],[-83.786,39.258],[-83.785,39.259],[-83.785,39.259],[-83.785,39.26],[-83.785,39.261],[-83.785,39.261],[-83.785,39.262],[-83.784,39.263],[-83.777,39.267],[-83.772,39.271],[-83.756,39.28],[-83.75,39.284],[-83.736,39.292],[-83.726,39.298],[-83.719,39.302],[-83.716,39.304],[-83.701,39.313],[-83.699,39.315],[-83.694,39.318],[-83.688,39.321],[-83.687,39.322],[-83.685,39.323],[-83.683,39.324],[-83.677,39.328],[-83.659,39.339],[-83.65,39.344],[-83.644,39.348],[-83.644,39.348],[-83.634,39.354],[-83.625,39.359],[-83.602,39.372],[-83.596,39.376],[-83.595,39.377],[-83.588,39.379],[-83.565,39.378],[-83.545,39.378],[-83.527,39.378],[-83.518,39.378],[-83.501,39.378],[-83.477,39.378],[-83.457,39.378],[-83.434,39.378],[-83.419,39.378],[-83.382,39.378],[-83.373,39.377],[-83.372,39.377],[-83.373,39.376],[-83.374,39.375],[-83.375,39.375],[-83.375,39.374],[-83.375,39.374],[-83.375,39.372],[-83.375,39.372],[-83.374,39.371],[-83.374,39.369],[-83.374,39.368],[-83.376,39.365],[-83.377,39.364],[-83.377,39.363],[-83.377,39.362],[-83.378,39.362],[-83.379,39.36],[-83.379,39.359],[-83.38,39.357],[-83.38,39.355],[-83.379,39.355],[-83.379,39.355],[-83.379,39.355],[-83.378,39.354],[-83.378,39.353],[-83.377,39.353],[-83.377,39.352],[-83.375,39.349],[-83.375,39.348],[-83.375,39.347],[-83.375,39.347],[-83.376,39.346],[-83.377,39.345],[-83.377,39.344],[-83.377,39.344],[-83.377,39.344],[-83.378,39.343],[-83.379,39.342],[-83.379,39.342],[-83.379,39.342],[-83.381,39.34],[-83.382,39.339],[-83.382,39.339],[-83.383,39.337],[-83.383,39.336],[-83.384,39.335],[-83.384,39.332],[-83.384,39.331],[-83.384,39.33],[-83.383,39.329],[-83.383,39.327],[-83.383,39.327],[-83.384,39.327],[-83.384,39.327],[-83.385,39.326],[-83.386,39.326],[-83.386,39.325],[-83.386,39.324],[-83.387,39.323],[-83.387,39.322],[-83.387,39.322],[-83.386,39.32],[-83.386,39.32],[-83.385,39.318],[-83.384,39.317],[-83.384,39.317],[-83.384,39.316],[-83.383,39.314],[-83.384,39.313],[-83.384,39.313],[-83.384,39.312],[-83.384,39.311],[-83.384,39.309],[-83.385,39.308],[-83.383,39.307],[-83.383,39.306],[-83.382,39.304],[-83.382,39.303],[-83.383,39.302],[-83.383,39.301],[-83.383,39.3],[-83.383,39.299],[-83.383,39.297],[-83.383,39.297],[-83.383,39.296],[-83.382,39.296],[-83.382,39.295],[-83.382,39.294],[-83.38,39.294],[-83.379,39.294],[-83.377,39.293],[-83.377,39.292],[-83.377,39.292],[-83.377,39.292],[-83.377,39.291],[-83.377,39.291],[-83.377,39.29],[-83.378,39.289],[-83.378,39.289],[-83.378,39.288],[-83.379,39.288],[-83.38,39.287],[-83.382,39.285],[-83.382,39.284],[-83.381,39.281],[-83.381,39.28],[-83.381,39.28],[-83.381,39.279],[-83.381,39.279],[-83.381,39.278],[-83.381,39.278],[-83.383,39.278],[-83.383,39.278],[-83.385,39.278],[-83.387,39.277],[-83.389,39.277],[-83.39,39.276],[-83.39,39.276],[-83.391,39.276],[-83.394,39.274],[-83.394,39.271],[-83.394,39.269],[-83.394,39.268],[-83.393,39.267],[-83.392,39.266],[-83.389,39.265],[-83.387,39.264],[-83.386,39.263],[-83.384,39.263],[-83.383,39.263],[-83.381,39.262],[-83.38,39.261],[-83.38,39.261],[-83.379,39.26],[-83.379,39.26],[-83.378,39.259],[-83.378,39.258],[-83.379,39.256],[-83.379,39.255],[-83.38,39.254],[-83.38,39.253],[-83.38,39.253],[-83.381,39.252],[-83.381,39.251],[-83.381,39.25],[-83.381,39.25],[-83.38,39.249],[-83.378,39.249],[-83.376,39.248],[-83.375,39.248],[-83.372,39.248],[-83.371,39.246],[-83.37,39.245],[-83.369,39.243],[-83.366,39.242],[-83.363,39.241],[-83.362,39.241],[-83.361,39.241],[-83.36,39.242],[-83.359,39.243],[-83.357,39.245],[-83.356,39.246],[-83.356,39.247],[-83.355,39.248],[-83.356,39.248],[-83.356,39.25],[-83.356,39.25],[-83.355,39.25],[-83.355,39.25],[-83.355,39.251],[-83.354,39.251],[-83.352,39.252],[-83.35,39.252],[-83.347,39.253],[-83.347,39.253],[-83.345,39.251],[-83.345,39.25],[-83.345,39.248],[-83.346,39.248],[-83.347,39.246],[-83.347,39.245],[-83.346,39.243],[-83.346,39.24],[-83.347,39.238],[-83.347,39.236],[-83.348,39.235],[-83.348,39.234],[-83.348,39.233],[-83.346,39.233],[-83.345,39.233],[-83.344,39.233],[-83.344,39.233],[-83.344,39.231],[-83.345,39.23],[-83.346,39.226],[-83.346,39.224],[-83.347,39.223],[-83.347,39.222],[-83.347,39.221],[-83.348,39.218],[-83.35,39.211],[-83.351,39.207],[-83.352,39.203],[-83.353,39.199],[-83.354,39.197],[-83.354,39.197],[-83.355,39.19],[-83.355,39.19],[-83.356,39.186],[-83.356,39.185],[-83.357,39.182],[-83.359,39.175],[-83.359,39.175],[-83.359,39.171],[-83.364,39.15],[-83.366,39.142],[-83.366,39.141],[-83.366,39.141],[-83.368,39.131],[-83.368,39.131],[-83.369,39.125],[-83.372,39.112],[-83.373,39.109],[-83.373,39.108],[-83.375,39.102],[-83.375,39.101],[-83.375,39.1],[-83.375,39.099],[-83.375,39.099],[-83.378,39.087],[-83.381,39.076],[-83.381,39.073],[-83.383,39.067],[-83.383,39.065],[-83.385,39.056],[-83.391,39.054],[-83.393,39.054],[-83.413,39.051],[-83.443,39.046],[-83.471,39.042],[-83.475,39.042]]]},"properties":{"NAME":"Highland","GEOID":"39071"}},{"type":"Feature","geometry":{"type":"Polygon","coordinates":[[[-82.093,40.162],[-82.092,40.162],[-82.09,40.162],[-82.09,40.162],[-82.09,40.162],[-82.089,40.162],[-82.088,40.162],[-82.088,40.162],[-82.087,40.162],[-82.082,40.162],[-82.076,40.162],[-82.062,40.161],[-82.052,40.161],[-82.037,40.161],[-82.029,40.161],[-82.029,40.161],[-82.026,40.161],[-82.023,40.161],[-82.016,40.161],[-82.013,40.161],[-82.004,40.16],[-82.003,40.16],[-82.002,40.16],[-82,40.16],[-82,40.16],[-81.998,40.16],[-81.993,40.16],[-81.991,40.16],[-81.984,40.16],[-81.971,40.159],[-81.967,40.159],[-81.956,40.159],[-81.952,40.159],[-81.948,40.159],[-81.947,40.159],[-81.946,40.159],[-81.945,40.159],[-81.944,40.159],[-81.94,40.159],[-81.939,40.159],[-81.938,40.159],[-81.937,40.159],[-81.934,40.159],[-81.928,40.158],[-81.927,40.158],[-81.927,40.158],[-81.922,40.158],[-81.918,40.158],[-81.911,40.158],[-81.909,40.158],[-81.909,40.158],[-81.908,40.158],[-81.906,40.158],[-81.905,40.158],[-81.905,40.158],[-81.904,40.158],[-81.901,40.158],[-81.9,40.158],[-81.894,40.158],[-81.889,40.158],[-81.887,40.157],[-81.878,40.157],[-81.876,40.157],[-81.875,40.157],[-81.871,40.157],[-81.865,40.157],[-81.855,40.156],[-81.851,40.156],[-81.85,40.156],[-81.85,40.156],[-81.85,40.156],[-81.847,40.156],[-81.846,40.156],[-81.836,40.156],[-81.83,40.156],[-81.824,40.156],[-81.82,40.156],[-81.815,40.155],[-81.814,40.155],[-81.812,40.155],[-81.81,40.155],[-81.808,40.155],[-81.807,40.155],[-81.806,40.155],[-81.805,40.155],[-81.803,40.155],[-81.8,40.155],[-81.8,40.155],[-81.8,40.155],[-81.8,40.155],[-81.798,40.155],[-81.797,40.155],[-81.796,40.155],[-81.795,40.155],[-81.795,40.155],[-81.795,40.155],[-81.79,40.155],[-81.788,40.155],[-81.787,40.155],[-81.778,40.154],[-81.776,40.154],[-81.774,40.154],[-81.77,40.154],[-81.768,40.154],[-81.761,40.154],[-81.757,40.154],[-81.75,40.154],[-81.743,40.153],[-81.74,40.153],[-81.736,40.153],[-81.735,40.153],[-81.734,40.153],[-81.728,40.153],[-81.724,40.153],[-81.722,40.153],[-81.717,40.153],[-81.716,40.152],[-81.717,40.149],[-81.717,40.143],[-81.717,40.136],[-81.717,40.135],[-81.718,40.127],[-81.718,40.125],[-81.718,40.118],[-81.719,40.108],[-81.719,40.103],[-81.72,40.094],[-81.72,40.088],[-81.72,40.082],[-81.72,40.079],[-81.72,40.079],[-81.72,40.078],[-81.721,40.068],[-81.721,40.063],[-81.721,40.056],[-81.722,40.047],[-81.722,40.043],[-81.723,40.037],[-81.723,40.032],[-81.723,40.028],[-81.723,40.022],[-81.724,40.017],[-81.724,40.01],[-81.724,40.006],[-81.724,40.003],[-81.725,40.001],[-81.725,39.998],[-81.725,39.995],[-81.725,39.995],[-81.725,39.994],[-81.725,39.994],[-81.725,39.993],[-81.726,39.985],[-81.726,39.982],[-81.726,39.979],[-81.726,39.976],[-81.726,39.968],[-81.727,39.961],[-81.727,39.956],[-81.728,39.95],[-81.728,39.949],[-81.728,39.936],[-81.729,39.932],[-81.725,39.932],[-81.724,39.931],[-81.723,39.931],[-81.719,39.931],[-81.709,39.931],[-81.706,39.931],[-81.7,39.931],[-81.699,39.931],[-81.699,39.931],[-81.697,39.931],[-81.691,39.931],[-81.692,39.914],[-81.692,39.914],[-81.692,39.904],[-81.692,39.901],[-81.692,39.9],[-81.692,39.9],[-81.692,39.899],[-81.692,39.898],[-81.692,39.896],[-81.693,39.894],[-81.692,39.891],[-81.692,39.89],[-81.693,39.884],[-81.693,39.88],[-81.693,39.88],[-81.693,39.88],[-81.693,39.879],[-81.693,39.876],[-81.693,39.875],[-81.693,39.872],[-81.693,39.866],[-81.693,39.866],[-81.693,39.865],[-81.693,39.861],[-81.694,39.856],[-81.694,39.855],[-81.694,39.854],[-81.694,39.854],[-81.694,39.854],[-81.694,39.848],[-81.694,39.845],[-81.694,39.84],[-81.694,39.835],[-81.694,39.833],[-81.695,39.825],[-81.695,39.817],[-81.695,39.815],[-81.695,39.811],[-81.696,39.799],[-81.697,39.779],[-81.697,39.778],[-81.697,39.772],[-81.697,39.76],[-81.697,39.76],[-81.697,39.759],[-81.697,39.757],[-81.698,39.756],[-81.701,39.756],[-81.705,39.756],[-81.705,39.756],[-81.708,39.756],[-81.713,39.756],[-81.721,39.757],[-81.722,39.757],[-81.725,39.757],[-81.735,39.757],[-81.737,39.757],[-81.745,39.757],[-81.751,39.758],[-81.754,39.758],[-81.76,39.758],[-81.771,39.758],[-81.775,39.759],[-81.78,39.759],[-81.79,39.759],[-81.815,39.76],[-81.826,39.761],[-81.835,39.761],[-81.844,39.762],[-81.857,39.762],[-81.861,39.762],[-81.868,39.763],[-81.875,39.763],[-81.89,39.764],[-81.894,39.764],[-81.895,39.764],[-81.896,39.764],[-81.908,39.764],[-81.924,39.765],[-81.932,39.765],[-81.946,39.765],[-81.965,39.766],[-81.978,39.767],[-81.997,39.768],[-82.004,39.768],[-82.022,39.768],[-82.022,39.768],[-82.023,39.768],[-82.025,39.768],[-82.03,39.769],[-82.031,39.769],[-82.033,39.769],[-82.034,39.769],[-82.034,39.769],[-82.039,39.769],[-82.055,39.77],[-82.073,39.771],[-82.076,39.778],[-82.075,39.787],[-82.074,39.799],[-82.074,39.8],[-82.074,39.8],[-82.074,39.801],[-82.074,39.802],[-82.074,39.804],[-82.074,39.805],[-82.074,39.808],[-82.074,39.809],[-82.073,39.809],[-82.073,39.81],[-82.073,39.811],[-82.073,39.813],[-82.073,39.815],[-82.073,39.816],[-82.075,39.816],[-82.077,39.816],[-82.078,39.816],[-82.08,39.817],[-82.123,39.819],[-82.125,39.819],[-82.128,39.819],[-82.13,39.819],[-82.132,39.819],[-82.133,39.819],[-82.135,39.819],[-82.136,39.819],[-82.138,39.819],[-82.147,39.82],[-82.151,39.82],[-82.156,39.82],[-82.17,39.823],[-82.169,39.828],[-82.169,39.835],[-82.168,39.839],[-82.168,39.844],[-82.167,39.849],[-82.167,39.857],[-82.167,39.858],[-82.166,39.866],[-82.166,39.869],[-82.165,39.879],[-82.165,39.88],[-82.164,39.886],[-82.163,39.896],[-82.162,39.909],[-82.167,39.91],[-82.17,39.91],[-82.194,39.911],[-82.2,39.912],[-82.202,39.912],[-82.205,39.912],[-82.209,39.912],[-82.219,39.912],[-82.227,39.913],[-82.234,39.913],[-82.234,39.917],[-82.234,39.917],[-82.234,39.918],[-82.234,39.92],[-82.234,39.92],[-82.234,39.921],[-82.233,39.924],[-82.232,39.939],[-82.232,39.942],[-82.232,39.946],[-82.232,39.947],[-82.232,39.948],[-82.232,39.949],[-82.226,39.951],[-82.224,39.951],[-82.224,39.951],[-82.222,39.951],[-82.222,39.951],[-82.221,39.951],[-82.221,39.951],[-82.22,39.951],[-82.219,39.951],[-82.218,39.951],[-82.216,39.951],[-82.215,39.951],[-82.215,39.951],[-82.214,39.951],[-82.213,39.951],[-82.212,39.951],[-82.212,39.951],[-82.212,39.951],[-82.209,39.951],[-82.208,39.951],[-82.208,39.951],[-82.207,39.951],[-82.207,39.951],[-82.205,39.95],[-82.2,39.95],[-82.199,39.95],[-82.199,39.952],[-82.199,39.954],[-82.199,39.954],[-82.199,39.955],[-82.199,39.955],[-82.199,39.956],[-82.198,39.956],[-82.198,39.957],[-82.198,39.958],[-82.198,39.959],[-82.198,39.96],[-82.198,39.96],[-82.198,39.96],[-82.198,39.96],[-82.198,39.961],[-82.198,39.961],[-82.198,39.963],[-82.198,39.963],[-82.198,39.966],[-82.198,39.966],[-82.198,39.966],[-82.198,39.967],[-82.198,39.967],[-82.198,39.968],[-82.198,39.969],[-82.198,39.969],[-82.198,39.97],[-82.198,39.971],[-82.197,39.972],[-82.197,39.973],[-82.197,39.973],[-82.197,39.975],[-82.197,39.975],[-82.197,39.976],[-82.197,39.979],[-82.197,39.987],[-82.196,39.996],[-82.196,40],[-82.195,40.006],[-82.195,40.007],[-82.195,40.01],[-82.195,40.013],[-82.195,40.014],[-82.195,40.017],[-82.195,40.017],[-82.195,40.02],[-82.195,40.022],[-82.195,40.026],[-82.194,40.034],[-82.194,40.036],[-82.194,40.037],[-82.194,40.037],[-82.194,40.037],[-82.194,40.038],[-82.194,40.038],[-82.194,40.039],[-82.194,40.039],[-82.194,40.043],[-82.193,40.053],[-82.193,40.055],[-82.193,40.057],[-82.193,40.06],[-82.193,40.063],[-82.192,40.063],[-82.192,40.064],[-82.192,40.064],[-82.192,40.072],[-82.192,40.074],[-82.192,40.076],[-82.192,40.077],[-82.192,40.078],[-82.192,40.078],[-82.191,40.083],[-82.191,40.085],[-82.191,40.088],[-82.191,40.09],[-82.191,40.09],[-82.191,40.091],[-82.191,40.092],[-82.191,40.094],[-82.191,40.094],[-82.191,40.095],[-82.19,40.101],[-82.19,40.107],[-82.19,40.112],[-82.19,40.113],[-82.19,40.115],[-82.19,40.116],[-82.19,40.117],[-82.189,40.122],[-82.189,40.123],[-82.189,40.13],[-82.189,40.132],[-82.189,40.136],[-82.189,40.138],[-82.188,40.144],[-82.188,40.146],[-82.188,40.156],[-82.188,40.157],[-82.188,40.157],[-82.188,40.157],[-82.187,40.16],[-82.187,40.162],[-82.187,40.163],[-82.187,40.164],[-82.187,40.164],[-82.187,40.165],[-82.187,40.165],[-82.187,40.166],[-82.187,40.167],[-82.177,40.166],[-82.171,40.166],[-82.17,40.166],[-82.168,40.166],[-82.161,40.166],[-82.16,40.166],[-82.16,40.166],[-82.158,40.165],[-82.15,40.165],[-82.142,40.165],[-82.135,40.164],[-82.131,40.164],[-82.129,40.164],[-82.125,40.164],[-82.121,40.164],[-82.117,40.164],[-82.114,40.163],[-82.109,40.163],[-82.106,40.163],[-82.105,40.163],[-82.104,40.163],[-82.101,40.163],[-82.099,40.163],[-82.098,40.163],[-82.096,40.163],[-82.096,40.163],[-82.093,40.163],[-82.093,40.162],[-82.093,40.162]]]},"properties":{"NAME":"Muskingum","GEOID":"39119"}},{"type":"Feature","geometry":{"type":"Polygon","coordinates":[[[-83.612,41.167],[-83.602,41.167],[-83.592,41.167],[-83.581,41.167],[-83.564,41.167],[-83.564,41.167],[-83.561,41.167],[-83.56,41.167],[-83.56,41.167],[-83.559,41.167],[-83.557,41.167],[-83.555,41.167],[-83.554,41.167],[-83.535,41.166],[-83.521,41.166],[-83.503,41.166],[-83.489,41.166],[-83.467,41.166],[-83.461,41.166],[-83.449,41.167],[-83.443,41.167],[-83.44,41.167],[-83.437,41.167],[-83.436,41.167],[-83.435,41.167],[-83.435,41.167],[-83.431,41.167],[-83.425,41.167],[-83.423,41.167],[-83.423,41.167],[-83.422,41.167],[-83.422,41.167],[-83.422,41.167],[-83.422,41.167],[-83.421,41.167],[-83.421,41.167],[-83.421,41.165],[-83.421,41.164],[-83.421,41.163],[-83.421,41.161],[-83.421,41.159],[-83.421,41.158],[-83.421,41.158],[-83.421,41.157],[-83.421,41.157],[-83.421,41.155],[-83.421,41.154],[-83.421,41.154],[-83.421,41.153],[-83.421,41.153],[-83.421,41.152],[-83.421,41.15],[-83.421,41.148],[-83.421,41.147],[-83.421,41.147],[-83.421,41.146],[-83.421,41.145],[-83.421,41.145],[-83.421,41.144],[-83.421,41.138],[-83.421,41.13],[-83.421,41.127],[-83.421,41.123],[-83.421,41.108],[-83.421,41.088],[-83.421,41.079],[-83.421,41.065],[-83.421,41.063],[-83.421,41.058],[-83.421,41.056],[-83.421,41.056],[-83.421,41.056],[-83.421,41.051],[-83.421,41.051],[-83.421,41.051],[-83.421,41.05],[-83.421,41.05],[-83.421,41.05],[-83.421,41.049],[-83.421,41.046],[-83.421,41.045],[-83.421,41.043],[-83.421,41.042],[-83.421,41.042],[-83.421,41.042],[-83.421,41.036],[-83.421,41.036],[-83.421,41.036],[-83.421,41.036],[-83.421,41.036],[-83.421,41.035],[-83.421,41.03],[-83.421,41.029],[-83.42,41.026],[-83.42,41.024],[-83.42,41.024],[-83.42,41.022],[-83.42,41.022],[-83.42,41.022],[-83.42,41.021],[-83.42,41.02],[-83.42,41.02],[-83.421,41.018],[-83.421,41.016],[-83.421,41.014],[-83.421,41.014],[-83.421,41.01],[-83.421,41.01],[-83.421,41.009],[-83.421,41.009],[-83.421,41.007],[-83.421,41.006],[-83.42,41],[-83.42,40.999],[-83.421,40.992],[-83.425,40.992],[-83.431,40.992],[-83.436,40.992],[-83.443,40.992],[-83.453,40.992],[-83.456,40.992],[-83.458,40.992],[-83.458,40.973],[-83.458,40.96],[-83.458,40.953],[-83.477,40.948],[-83.477,40.933],[-83.477,40.919],[-83.478,40.905],[-83.487,40.905],[-83.5,40.905],[-83.503,40.905],[-83.515,40.905],[-83.515,40.9],[-83.515,40.895],[-83.515,40.891],[-83.515,40.88],[-83.515,40.875],[-83.515,40.871],[-83.515,40.854],[-83.516,40.828],[-83.516,40.825],[-83.516,40.819],[-83.52,40.818],[-83.521,40.818],[-83.531,40.818],[-83.534,40.818],[-83.538,40.818],[-83.549,40.818],[-83.556,40.818],[-83.576,40.819],[-83.577,40.819],[-83.579,40.819],[-83.581,40.819],[-83.587,40.819],[-83.593,40.819],[-83.594,40.819],[-83.596,40.819],[-83.6,40.819],[-83.601,40.819],[-83.601,40.819],[-83.603,40.819],[-83.605,40.819],[-83.605,40.819],[-83.611,40.819],[-83.614,40.819],[-83.614,40.819],[-83.62,40.819],[-83.623,40.819],[-83.625,40.819],[-83.628,40.819],[-83.634,40.819],[-83.645,40.819],[-83.648,40.819],[-83.651,40.819],[-83.651,40.819],[-83.652,40.819],[-83.656,40.819],[-83.657,40.819],[-83.663,40.82],[-83.667,40.82],[-83.676,40.82],[-83.69,40.82],[-83.699,40.82],[-83.712,40.819],[-83.715,40.819],[-83.715,40.819],[-83.717,40.819],[-83.722,40.819],[-83.725,40.819],[-83.728,40.819],[-83.728,40.819],[-83.728,40.819],[-83.728,40.819],[-83.736,40.819],[-83.738,40.819],[-83.74,40.819],[-83.741,40.819],[-83.741,40.819],[-83.746,40.819],[-83.749,40.819],[-83.752,40.819],[-83.757,40.819],[-83.759,40.819],[-83.762,40.819],[-83.771,40.819],[-83.779,40.819],[-83.779,40.819],[-83.785,40.819],[-83.8,40.82],[-83.801,40.82],[-83.804,40.82],[-83.804,40.82],[-83.806,40.82],[-83.807,40.82],[-83.807,40.82],[-83.811,40.82],[-83.811,40.82],[-83.812,40.82],[-83.815,40.82],[-83.817,40.82],[-83.823,40.82],[-83.825,40.82],[-83.835,40.82],[-83.837,40.82],[-83.842,40.82],[-83.843,40.82],[-83.845,40.82],[-83.845,40.82],[-83.845,40.82],[-83.846,40.82],[-83.851,40.82],[-83.855,40.82],[-83.855,40.82],[-83.86,40.82],[-83.862,40.82],[-83.868,40.82],[-83.875,40.82],[-83.879,40.82],[-83.88,40.822],[-83.88,40.825],[-83.88,40.829],[-83.88,40.832],[-83.88,40.835],[-83.88,40.839],[-83.88,40.844],[-83.88,40.848],[-83.88,40.85],[-83.88,40.857],[-83.88,40.862],[-83.88,40.863],[-83.88,40.866],[-83.88,40.869],[-83.88,40.874],[-83.88,40.875],[-83.88,40.875],[-83.88,40.877],[-83.88,40.878],[-83.88,40.88],[-83.88,40.881],[-83.88,40.882],[-83.88,40.885],[-83.88,40.885],[-83.88,40.887],[-83.88,40.888],[-83.88,40.89],[-83.88,40.891],[-83.88,40.892],[-83.88,40.893],[-83.88,40.896],[-83.88,40.896],[-83.88,40.896],[-83.88,40.899],[-83.88,40.9],[-83.88,40.901],[-83.88,40.905],[-83.88,40.908],[-83.88,40.912],[-83.88,40.919],[-83.88,40.922],[-83.88,40.925],[-83.88,40.931],[-83.88,40.933],[-83.88,40.936],[-83.88,40.945],[-83.88,40.946],[-83.88,40.95],[-83.88,40.953],[-83.881,40.957],[-83.881,40.96],[-83.881,40.964],[-83.881,40.968],[-83.881,40.97],[-83.881,40.97],[-83.881,40.976],[-83.881,40.986],[-83.881,40.988],[-83.881,40.992],[-83.881,40.999],[-83.881,41.004],[-83.881,41.008],[-83.881,41.012],[-83.881,41.019],[-83.881,41.021],[-83.881,41.022],[-83.881,41.022],[-83.881,41.026],[-83.881,41.027],[-83.881,41.028],[-83.881,41.03],[-83.881,41.032],[-83.881,41.034],[-83.881,41.037],[-83.881,41.04],[-83.881,41.044],[-83.881,41.049],[-83.881,41.051],[-83.881,41.054],[-83.881,41.061],[-83.881,41.064],[-83.881,41.068],[-83.881,41.075],[-83.881,41.079],[-83.881,41.081],[-83.881,41.084],[-83.881,41.086],[-83.881,41.089],[-83.881,41.093],[-83.881,41.095],[-83.881,41.097],[-83.881,41.1],[-83.881,41.102],[-83.881,41.103],[-83.881,41.105],[-83.881,41.107],[-83.881,41.108],[-83.881,41.109],[-83.881,41.113],[-83.881,41.116],[-83.881,41.12],[-83.881,41.124],[-83.881,41.125],[-83.881,41.128],[-83.881,41.13],[-83.881,41.132],[-83.881,41.136],[-83.881,41.14],[-83.881,41.149],[-83.881,41.153],[-83.881,41.156],[-83.881,41.158],[-83.881,41.161],[-83.881,41.164],[-83.881,41.168],[-83.88,41.168],[-83.875,41.168],[-83.871,41.168],[-83.87,41.168],[-83.869,41.168],[-83.869,41.168],[-83.867,41.168],[-83.861,41.168],[-83.855,41.168],[-83.852,41.168],[-83.843,41.168],[-83.842,41.168],[-83.834,41.168],[-83.833,41.168],[-83.832,41.168],[-83.832,41.168],[-83.83,41.168],[-83.828,41.168],[-83.823,41.168],[-83.813,41.168],[-83.81,41.168],[-83.809,41.168],[-83.804,41.168],[-83.804,41.168],[-83.794,41.168],[-83.788,41.168],[-83.784,41.168],[-83.78,41.168],[-83.77,41.168],[-83.769,41.168],[-83.769,41.168],[-83.769,41.168],[-83.765,41.168],[-83.761,41.168],[-83.756,41.168],[-83.75,41.168],[-83.747,41.168],[-83.747,41.168],[-83.746,41.168],[-83.746,41.168],[-83.746,41.168],[-83.74,41.168],[-83.737,41.168],[-83.737,41.168],[-83.736,41.168],[-83.736,41.168],[-83.733,41.169],[-83.727,41.169],[-83.727,41.169],[-83.727,41.169],[-83.707,41.168],[-83.7,41.168],[-83.699,41.168],[-83.699,41.168],[-83.694,41.168],[-83.689,41.168],[-83.689,41.168],[-83.689,41.168],[-83.679,41.168],[-83.671,41.168],[-83.658,41.168],[-83.651,41.168],[-83.65,41.168],[-83.649,41.168],[-83.648,41.168],[-83.647,41.168],[-83.641,41.168],[-83.631,41.168],[-83.625,41.168],[-83.612,41.167]]]},"properties":{"NAME":"Hancock","GEOID":"39063"}},{"type":"Feature","geometry":{"type":"Polygon","coordinates":[[[-84.234,39.922],[-84.234,39.922],[-84.232,39.922],[-84.232,39.922],[-84.227,39.922],[-84.226,39.922],[-84.223,39.922],[-84.216,39.922],[-84.205,39.923],[-84.204,39.923],[-84.202,39.923],[-84.201,39.923],[-84.189,39.923],[-84.169,39.923],[-84.167,39.923],[-84.161,39.923],[-84.158,39.923],[-84.158,39.923],[-84.159,39.921],[-84.162,39.919],[-84.164,39.916],[-84.167,39.912],[-84.167,39.909],[-84.165,39.901],[-84.165,39.898],[-84.164,39.896],[-84.162,39.894],[-84.161,39.892],[-84.159,39.889],[-84.157,39.887],[-84.157,39.886],[-84.154,39.886],[-84.146,39.885],[-84.136,39.885],[-84.132,39.884],[-84.122,39.884],[-84.116,39.884],[-84.098,39.883],[-84.094,39.882],[-84.087,39.882],[-84.062,39.88],[-84.06,39.88],[-84.057,39.88],[-84.055,39.88],[-84.051,39.879],[-84.051,39.877],[-84.051,39.876],[-84.052,39.868],[-84.052,39.865],[-84.052,39.864],[-84.053,39.862],[-84.053,39.86],[-84.053,39.859],[-84.053,39.859],[-84.053,39.858],[-84.053,39.854],[-84.054,39.85],[-84.054,39.843],[-84.055,39.841],[-84.055,39.84],[-84.055,39.839],[-84.055,39.836],[-84.057,39.836],[-84.058,39.836],[-84.06,39.836],[-84.061,39.837],[-84.063,39.837],[-84.065,39.837],[-84.065,39.837],[-84.066,39.837],[-84.067,39.837],[-84.067,39.837],[-84.068,39.837],[-84.068,39.837],[-84.069,39.837],[-84.071,39.837],[-84.072,39.837],[-84.073,39.837],[-84.075,39.837],[-84.077,39.838],[-84.078,39.838],[-84.081,39.838],[-84.083,39.838],[-84.083,39.838],[-84.089,39.838],[-84.092,39.838],[-84.095,39.819],[-84.095,39.815],[-84.096,39.809],[-84.096,39.805],[-84.096,39.804],[-84.097,39.799],[-84.097,39.798],[-84.097,39.796],[-84.097,39.794],[-84.097,39.794],[-84.097,39.793],[-84.097,39.793],[-84.097,39.793],[-84.097,39.79],[-84.097,39.787],[-84.097,39.785],[-84.097,39.784],[-84.098,39.78],[-84.098,39.777],[-84.099,39.771],[-84.099,39.77],[-84.1,39.765],[-84.1,39.765],[-84.1,39.762],[-84.1,39.758],[-84.1,39.756],[-84.101,39.753],[-84.101,39.751],[-84.101,39.751],[-84.101,39.75],[-84.102,39.745],[-84.102,39.742],[-84.102,39.741],[-84.102,39.74],[-84.102,39.74],[-84.102,39.739],[-84.103,39.729],[-84.103,39.728],[-84.103,39.728],[-84.104,39.727],[-84.103,39.727],[-84.104,39.726],[-84.104,39.725],[-84.104,39.725],[-84.104,39.724],[-84.104,39.723],[-84.104,39.723],[-84.104,39.722],[-84.104,39.721],[-84.104,39.72],[-84.104,39.719],[-84.104,39.717],[-84.105,39.717],[-84.105,39.717],[-84.105,39.717],[-84.105,39.716],[-84.105,39.714],[-84.105,39.713],[-84.105,39.713],[-84.105,39.711],[-84.105,39.71],[-84.105,39.708],[-84.105,39.707],[-84.106,39.705],[-84.106,39.705],[-84.106,39.705],[-84.106,39.705],[-84.105,39.704],[-84.106,39.702],[-84.106,39.702],[-84.106,39.701],[-84.106,39.7],[-84.106,39.7],[-84.106,39.7],[-84.106,39.7],[-84.106,39.699],[-84.106,39.699],[-84.106,39.698],[-84.106,39.697],[-84.106,39.697],[-84.106,39.696],[-84.106,39.695],[-84.106,39.694],[-84.106,39.694],[-84.106,39.693],[-84.106,39.692],[-84.106,39.691],[-84.106,39.691],[-84.107,39.69],[-84.107,39.682],[-84.107,39.68],[-84.107,39.68],[-84.108,39.674],[-84.108,39.672],[-84.108,39.672],[-84.109,39.669],[-84.109,39.668],[-84.109,39.667],[-84.109,39.667],[-84.109,39.667],[-84.109,39.665],[-84.109,39.663],[-84.109,39.66],[-84.109,39.659],[-84.109,39.658],[-84.109,39.658],[-84.11,39.657],[-84.11,39.657],[-84.11,39.656],[-84.11,39.656],[-84.11,39.655],[-84.11,39.655],[-84.11,39.654],[-84.11,39.654],[-84.11,39.654],[-84.11,39.653],[-84.11,39.653],[-84.11,39.653],[-84.11,39.652],[-84.11,39.652],[-84.11,39.65],[-84.11,39.65],[-84.11,39.649],[-84.11,39.648],[-84.11,39.647],[-84.11,39.647],[-84.11,39.647],[-84.111,39.646],[-84.111,39.645],[-84.111,39.645],[-84.111,39.644],[-84.111,39.642],[-84.111,39.641],[-84.111,39.641],[-84.111,39.64],[-84.11,39.64],[-84.111,39.64],[-84.111,39.64],[-84.111,39.64],[-84.111,39.64],[-84.111,39.638],[-84.111,39.638],[-84.111,39.636],[-84.111,39.634],[-84.111,39.634],[-84.111,39.633],[-84.111,39.633],[-84.112,39.628],[-84.112,39.628],[-84.11,39.626],[-84.11,39.625],[-84.11,39.623],[-84.11,39.622],[-84.11,39.622],[-84.11,39.621],[-84.11,39.62],[-84.111,39.619],[-84.111,39.614],[-84.111,39.611],[-84.112,39.6],[-84.113,39.589],[-84.114,39.584],[-84.114,39.584],[-84.114,39.584],[-84.114,39.584],[-84.114,39.584],[-84.114,39.583],[-84.114,39.582],[-84.114,39.582],[-84.114,39.582],[-84.114,39.581],[-84.114,39.581],[-84.114,39.58],[-84.114,39.58],[-84.114,39.578],[-84.114,39.578],[-84.119,39.579],[-84.124,39.579],[-84.128,39.579],[-84.134,39.579],[-84.137,39.58],[-84.143,39.58],[-84.144,39.58],[-84.155,39.581],[-84.158,39.581],[-84.16,39.581],[-84.161,39.581],[-84.162,39.581],[-84.163,39.581],[-84.164,39.582],[-84.165,39.582],[-84.166,39.582],[-84.167,39.582],[-84.169,39.582],[-84.172,39.582],[-84.182,39.583],[-84.191,39.583],[-84.192,39.583],[-84.193,39.583],[-84.194,39.583],[-84.195,39.584],[-84.195,39.584],[-84.196,39.584],[-84.197,39.584],[-84.198,39.584],[-84.198,39.584],[-84.199,39.584],[-84.2,39.584],[-84.2,39.584],[-84.201,39.584],[-84.202,39.584],[-84.205,39.584],[-84.207,39.584],[-84.208,39.584],[-84.209,39.584],[-84.209,39.585],[-84.21,39.585],[-84.211,39.585],[-84.213,39.585],[-84.213,39.585],[-84.214,39.585],[-84.214,39.585],[-84.215,39.585],[-84.216,39.585],[-84.217,39.585],[-84.218,39.585],[-84.219,39.585],[-84.22,39.585],[-84.221,39.585],[-84.221,39.585],[-84.222,39.585],[-84.223,39.585],[-84.223,39.585],[-84.23,39.586],[-84.23,39.586],[-84.237,39.586],[-84.239,39.587],[-84.24,39.587],[-84.241,39.587],[-84.244,39.587],[-84.253,39.587],[-84.257,39.588],[-84.258,39.588],[-84.261,39.588],[-84.267,39.588],[-84.274,39.589],[-84.279,39.589],[-84.285,39.59],[-84.285,39.59],[-84.286,39.59],[-84.287,39.59],[-84.287,39.59],[-84.289,39.59],[-84.29,39.59],[-84.291,39.59],[-84.292,39.59],[-84.293,39.59],[-84.294,39.59],[-84.296,39.59],[-84.296,39.59],[-84.297,39.59],[-84.298,39.59],[-84.298,39.59],[-84.299,39.59],[-84.3,39.59],[-84.3,39.59],[-84.301,39.59],[-84.302,39.59],[-84.303,39.59],[-84.304,39.59],[-84.304,39.59],[-84.305,39.59],[-84.307,39.59],[-84.307,39.59],[-84.308,39.59],[-84.324,39.59],[-84.324,39.59],[-84.325,39.59],[-84.328,39.59],[-84.335,39.589],[-84.338,39.589],[-84.345,39.589],[-84.347,39.589],[-84.358,39.589],[-84.365,39.59],[-84.369,39.59],[-84.375,39.59],[-84.398,39.59],[-84.406,39.59],[-84.412,39.59],[-84.415,39.59],[-84.421,39.59],[-84.438,39.59],[-84.448,39.59],[-84.463,39.59],[-84.479,39.591],[-84.479,39.595],[-84.479,39.6],[-84.479,39.602],[-84.479,39.604],[-84.479,39.605],[-84.479,39.608],[-84.48,39.61],[-84.48,39.612],[-84.48,39.616],[-84.48,39.621],[-84.48,39.621],[-84.48,39.622],[-84.48,39.626],[-84.48,39.629],[-84.48,39.631],[-84.48,39.635],[-84.48,39.642],[-84.48,39.647],[-84.48,39.653],[-84.48,39.655],[-84.48,39.657],[-84.48,39.657],[-84.48,39.657],[-84.48,39.659],[-84.48,39.661],[-84.48,39.662],[-84.48,39.663],[-84.48,39.664],[-84.48,39.67],[-84.48,39.671],[-84.481,39.679],[-84.481,39.685],[-84.481,39.687],[-84.481,39.689],[-84.481,39.692],[-84.481,39.698],[-84.481,39.701],[-84.481,39.705],[-84.481,39.708],[-84.481,39.712],[-84.481,39.714],[-84.481,39.72],[-84.481,39.723],[-84.481,39.724],[-84.482,39.728],[-84.482,39.73],[-84.482,39.735],[-84.482,39.74],[-84.482,39.742],[-84.482,39.744],[-84.482,39.745],[-84.482,39.747],[-84.482,39.75],[-84.482,39.751],[-84.482,39.753],[-84.482,39.755],[-84.482,39.757],[-84.482,39.759],[-84.482,39.76],[-84.482,39.763],[-84.482,39.764],[-84.482,39.767],[-84.482,39.769],[-84.482,39.771],[-84.482,39.774],[-84.482,39.777],[-84.482,39.78],[-84.483,39.782],[-84.483,39.787],[-84.483,39.795],[-84.483,39.795],[-84.483,39.8],[-84.483,39.803],[-84.483,39.81],[-84.483,39.814],[-84.483,39.816],[-84.483,39.818],[-84.483,39.823],[-84.484,39.827],[-84.484,39.831],[-84.484,39.834],[-84.484,39.838],[-84.484,39.84],[-84.484,39.841],[-84.484,39.842],[-84.484,39.845],[-84.484,39.847],[-84.484,39.85],[-84.484,39.858],[-84.484,39.86],[-84.484,39.864],[-84.484,39.869],[-84.485,39.873],[-84.485,39.875],[-84.485,39.878],[-84.485,39.88],[-84.485,39.881],[-84.485,39.882],[-84.485,39.895],[-84.485,39.898],[-84.485,39.899],[-84.485,39.901],[-84.485,39.902],[-84.485,39.903],[-84.485,39.904],[-84.485,39.905],[-84.485,39.91],[-84.485,39.91],[-84.485,39.911],[-84.485,39.918],[-84.482,39.919],[-84.476,39.919],[-84.469,39.919],[-84.465,39.919],[-84.462,39.919],[-84.461,39.919],[-84.456,39.919],[-84.45,39.919],[-84.448,39.919],[-84.446,39.919],[-84.445,39.919],[-84.439,39.919],[-84.431,39.92],[-84.427,39.92],[-84.425,39.92],[-84.421,39.92],[-84.416,39.92],[-84.406,39.92],[-84.406,39.92],[-84.406,39.92],[-84.404,39.92],[-84.398,39.92],[-84.393,39.92],[-84.391,39.92],[-84.39,39.92],[-84.387,39.92],[-84.384,39.92],[-84.383,39.92],[-84.381,39.92],[-84.379,39.92],[-84.379,39.92],[-84.378,39.92],[-84.376,39.92],[-84.375,39.92],[-84.373,39.92],[-84.372,39.92],[-84.372,39.92],[-84.364,39.921],[-84.363,39.921],[-84.362,39.921],[-84.36,39.921],[-84.359,39.921],[-84.358,39.921],[-84.358,39.921],[-84.358,39.921],[-84.357,39.921],[-84.356,39.921],[-84.355,39.921],[-84.353,39.921],[-84.351,39.921],[-84.35,39.921],[-84.35,39.921],[-84.348,39.921],[-84.347,39.921],[-84.346,39.921],[-84.345,39.921],[-84.344,39.921],[-84.343,39.921],[-84.341,39.921],[-84.341,39.921],[-84.337,39.921],[-84.336,39.921],[-84.334,39.921],[-84.334,39.921],[-84.333,39.921],[-84.332,39.921],[-84.331,39.921],[-84.326,39.921],[-84.324,39.921],[-84.32,39.921],[-84.318,39.921],[-84.317,39.921],[-84.317,39.921],[-84.316,39.921],[-84.315,39.921],[-84.313,39.921],[-84.311,39.921],[-84.301,39.921],[-84.294,39.921],[-84.279,39.922],[-84.276,39.922],[-84.275,39.922],[-84.269,39.922],[-84.264,39.922],[-84.26,39.922],[-84.257,39.922],[-84.252,39.922],[-84.25,39.922],[-84.248,39.922],[-84.247,39.922],[-84.245,39.922],[-84.242,39.922],[-84.24,39.922],[-84.239,39.922],[-84.237,39.922],[-84.234,39.922]]]},"properties":{"NAME":"Montgomery","GEOID":"39113"}},{"type":"Feature","geometry":{"type":"Polygon","coordinates":[[[-84.11,40.861],[-84.11,40.862],[-84.11,40.863],[-84.11,40.865],[-84.11,40.865],[-84.11,40.866],[-84.11,40.868],[-84.11,40.875],[-84.11,40.878],[-84.11,40.879],[-84.11,40.887],[-84.11,40.888],[-84.11,40.89],[-84.11,40.891],[-84.11,40.892],[-84.11,40.894],[-84.11,40.894],[-84.087,40.905],[-84.087,40.905],[-84.086,40.905],[-84.082,40.905],[-84.07,40.905],[-84.062,40.905],[-84.055,40.905],[-84.045,40.905],[-84.025,40.905],[-84.02,40.905],[-84.012,40.905],[-84.009,40.905],[-83.997,40.905],[-83.996,40.905],[-83.995,40.911],[-83.995,40.912],[-83.995,40.914],[-83.995,40.916],[-83.995,40.918],[-83.995,40.92],[-83.993,40.92],[-83.976,40.92],[-83.974,40.92],[-83.967,40.92],[-83.965,40.92],[-83.964,40.92],[-83.957,40.92],[-83.95,40.92],[-83.949,40.92],[-83.946,40.92],[-83.942,40.92],[-83.936,40.92],[-83.932,40.92],[-83.926,40.92],[-83.922,40.92],[-83.919,40.92],[-83.917,40.92],[-83.915,40.92],[-83.915,40.92],[-83.909,40.92],[-83.904,40.92],[-83.901,40.92],[-83.9,40.92],[-83.898,40.92],[-83.897,40.92],[-83.896,40.92],[-83.895,40.92],[-83.894,40.92],[-83.893,40.92],[-83.892,40.92],[-83.891,40.92],[-83.89,40.92],[-83.889,40.92],[-83.888,40.92],[-83.887,40.92],[-83.886,40.92],[-83.884,40.92],[-83.883,40.92],[-83.881,40.92],[-83.88,40.92],[-83.88,40.918],[-83.88,40.91],[-83.88,40.906],[-83.88,40.903],[-83.88,40.901],[-83.88,40.899],[-83.88,40.897],[-83.88,40.896],[-83.88,40.896],[-83.88,40.896],[-83.88,40.893],[-83.88,40.892],[-83.88,40.89],[-83.88,40.889],[-83.88,40.888],[-83.88,40.887],[-83.88,40.885],[-83.88,40.883],[-83.88,40.882],[-83.88,40.881],[-83.88,40.88],[-83.88,40.878],[-83.88,40.876],[-83.88,40.875],[-83.88,40.875],[-83.88,40.872],[-83.88,40.868],[-83.88,40.864],[-83.88,40.863],[-83.88,40.862],[-83.88,40.854],[-83.88,40.849],[-83.88,40.847],[-83.88,40.842],[-83.88,40.837],[-83.88,40.834],[-83.88,40.832],[-83.88,40.828],[-83.88,40.825],[-83.88,40.82],[-83.88,40.818],[-83.88,40.817],[-83.88,40.812],[-83.88,40.807],[-83.88,40.804],[-83.88,40.801],[-83.88,40.796],[-83.88,40.794],[-83.88,40.793],[-83.88,40.791],[-83.88,40.791],[-83.88,40.791],[-83.88,40.784],[-83.88,40.782],[-83.88,40.781],[-83.88,40.777],[-83.88,40.776],[-83.88,40.776],[-83.88,40.77],[-83.88,40.769],[-83.88,40.769],[-83.88,40.765],[-83.88,40.762],[-83.88,40.76],[-83.88,40.757],[-83.88,40.757],[-83.88,40.756],[-83.88,40.756],[-83.88,40.756],[-83.88,40.755],[-83.88,40.752],[-83.88,40.751],[-83.88,40.75],[-83.88,40.75],[-83.88,40.747],[-83.88,40.747],[-83.88,40.745],[-83.88,40.743],[-83.88,40.742],[-83.88,40.741],[-83.88,40.74],[-83.88,40.737],[-83.88,40.737],[-83.88,40.736],[-83.88,40.735],[-83.88,40.734],[-83.88,40.734],[-83.88,40.734],[-83.88,40.732],[-83.88,40.732],[-83.88,40.729],[-83.88,40.721],[-83.88,40.719],[-83.88,40.718],[-83.88,40.713],[-83.88,40.713],[-83.88,40.713],[-83.88,40.711],[-83.88,40.707],[-83.88,40.703],[-83.88,40.7],[-83.88,40.698],[-83.88,40.696],[-83.88,40.696],[-83.88,40.693],[-83.88,40.692],[-83.88,40.689],[-83.88,40.689],[-83.88,40.686],[-83.88,40.682],[-83.88,40.681],[-83.88,40.68],[-83.88,40.674],[-83.88,40.67],[-83.88,40.668],[-83.88,40.666],[-83.88,40.663],[-83.88,40.661],[-83.88,40.658],[-83.88,40.658],[-83.88,40.656],[-83.88,40.654],[-83.88,40.654],[-83.88,40.652],[-83.88,40.645],[-83.913,40.645],[-83.93,40.645],[-83.937,40.644],[-83.938,40.644],[-83.944,40.644],[-83.945,40.644],[-83.949,40.644],[-83.952,40.644],[-83.953,40.644],[-83.957,40.644],[-83.963,40.644],[-83.966,40.644],[-83.971,40.644],[-83.974,40.644],[-83.975,40.644],[-83.976,40.644],[-83.985,40.644],[-83.995,40.644],[-83.999,40.644],[-84.002,40.644],[-84.005,40.644],[-84.007,40.644],[-84.009,40.644],[-84.011,40.644],[-84.012,40.644],[-84.017,40.644],[-84.018,40.644],[-84.02,40.644],[-84.022,40.644],[-84.025,40.644],[-84.028,40.644],[-84.031,40.644],[-84.032,40.644],[-84.032,40.644],[-84.039,40.644],[-84.055,40.644],[-84.063,40.644],[-84.071,40.644],[-84.076,40.644],[-84.078,40.644],[-84.078,40.644],[-84.085,40.643],[-84.099,40.643],[-84.108,40.644],[-84.108,40.645],[-84.108,40.647],[-84.108,40.65],[-84.108,40.651],[-84.108,40.651],[-84.108,40.653],[-84.108,40.654],[-84.108,40.656],[-84.108,40.656],[-84.122,40.658],[-84.131,40.658],[-84.132,40.658],[-84.135,40.658],[-84.136,40.658],[-84.14,40.657],[-84.142,40.657],[-84.145,40.657],[-84.146,40.657],[-84.148,40.657],[-84.149,40.657],[-84.15,40.657],[-84.152,40.657],[-84.184,40.657],[-84.203,40.657],[-84.211,40.657],[-84.223,40.667],[-84.223,40.667],[-84.223,40.667],[-84.223,40.669],[-84.223,40.67],[-84.223,40.671],[-84.223,40.674],[-84.223,40.676],[-84.223,40.678],[-84.223,40.679],[-84.223,40.681],[-84.223,40.682],[-84.223,40.684],[-84.223,40.685],[-84.223,40.686],[-84.247,40.686],[-84.256,40.686],[-84.257,40.686],[-84.258,40.686],[-84.259,40.686],[-84.26,40.686],[-84.261,40.686],[-84.263,40.686],[-84.264,40.686],[-84.265,40.686],[-84.266,40.686],[-84.271,40.686],[-84.272,40.686],[-84.275,40.686],[-84.278,40.686],[-84.28,40.686],[-84.281,40.686],[-84.284,40.686],[-84.285,40.686],[-84.287,40.686],[-84.289,40.686],[-84.29,40.686],[-84.293,40.686],[-84.297,40.686],[-84.299,40.686],[-84.302,40.686],[-84.302,40.686],[-84.306,40.686],[-84.308,40.686],[-84.311,40.686],[-84.317,40.686],[-84.339,40.686],[-84.353,40.685],[-84.365,40.685],[-84.375,40.685],[-84.397,40.692],[-84.397,40.694],[-84.397,40.696],[-84.397,40.7],[-84.397,40.704],[-84.397,40.707],[-84.397,40.714],[-84.397,40.715],[-84.397,40.724],[-84.397,40.725],[-84.397,40.727],[-84.397,40.728],[-84.397,40.729],[-84.397,40.736],[-84.397,40.737],[-84.397,40.738],[-84.397,40.74],[-84.397,40.744],[-84.397,40.747],[-84.397,40.753],[-84.397,40.757],[-84.397,40.765],[-84.397,40.77],[-84.397,40.774],[-84.397,40.777],[-84.397,40.784],[-84.397,40.788],[-84.397,40.791],[-84.397,40.795],[-84.397,40.797],[-84.397,40.804],[-84.397,40.805],[-84.397,40.807],[-84.397,40.809],[-84.397,40.812],[-84.397,40.814],[-84.397,40.816],[-84.394,40.816],[-84.39,40.816],[-84.389,40.816],[-84.379,40.816],[-84.378,40.816],[-84.369,40.816],[-84.364,40.816],[-84.359,40.816],[-84.352,40.816],[-84.35,40.816],[-84.34,40.816],[-84.34,40.827],[-84.34,40.829],[-84.34,40.83],[-84.34,40.832],[-84.34,40.833],[-84.34,40.84],[-84.34,40.841],[-84.34,40.842],[-84.34,40.844],[-84.34,40.846],[-84.34,40.848],[-84.34,40.85],[-84.34,40.851],[-84.34,40.855],[-84.34,40.857],[-84.34,40.859],[-84.339,40.859],[-84.334,40.859],[-84.33,40.859],[-84.33,40.859],[-84.323,40.859],[-84.322,40.859],[-84.32,40.859],[-84.314,40.859],[-84.312,40.859],[-84.29,40.86],[-84.29,40.86],[-84.287,40.86],[-84.287,40.86],[-84.281,40.86],[-84.271,40.86],[-84.267,40.86],[-84.263,40.86],[-84.253,40.86],[-84.244,40.86],[-84.236,40.86],[-84.233,40.86],[-84.231,40.86],[-84.225,40.86],[-84.206,40.86],[-84.198,40.86],[-84.193,40.86],[-84.192,40.86],[-84.138,40.86],[-84.125,40.86],[-84.115,40.861],[-84.11,40.861]]]},"properties":{"NAME":"Allen","GEOID":"39003"}},{"type":"Feature","geometry":{"type":"Polygon","coordinates":[[[-83.538,39.935],[-83.539,39.93],[-83.543,39.917],[-83.546,39.908],[-83.547,39.904],[-83.548,39.901],[-83.548,39.9],[-83.548,39.9],[-83.549,39.899],[-83.55,39.892],[-83.551,39.891],[-83.553,39.881],[-83.558,39.868],[-83.564,39.85],[-83.566,39.842],[-83.569,39.834],[-83.57,39.829],[-83.572,39.824],[-83.574,39.818],[-83.582,39.792],[-83.587,39.777],[-83.605,39.77],[-83.624,39.771],[-83.647,39.773],[-83.648,39.774],[-83.652,39.776],[-83.654,39.776],[-83.668,39.777],[-83.676,39.777],[-83.684,39.778],[-83.7,39.779],[-83.715,39.78],[-83.724,39.78],[-83.727,39.78],[-83.73,39.781],[-83.73,39.781],[-83.741,39.782],[-83.74,39.788],[-83.741,39.789],[-83.766,39.792],[-83.79,39.794],[-83.792,39.794],[-83.796,39.795],[-83.797,39.795],[-83.801,39.795],[-83.822,39.797],[-83.822,39.797],[-83.826,39.797],[-83.827,39.798],[-83.829,39.798],[-83.829,39.798],[-83.829,39.8],[-83.829,39.8],[-83.829,39.801],[-83.829,39.801],[-83.829,39.802],[-83.829,39.802],[-83.829,39.802],[-83.829,39.804],[-83.829,39.806],[-83.829,39.809],[-83.828,39.811],[-83.828,39.812],[-83.828,39.812],[-83.828,39.813],[-83.828,39.814],[-83.828,39.815],[-83.827,39.823],[-83.839,39.823],[-83.839,39.823],[-83.84,39.823],[-83.84,39.823],[-83.841,39.824],[-83.844,39.824],[-83.844,39.824],[-83.846,39.824],[-83.855,39.824],[-83.873,39.825],[-83.918,39.828],[-83.922,39.828],[-83.923,39.828],[-83.924,39.828],[-83.924,39.828],[-83.925,39.828],[-83.926,39.828],[-83.928,39.828],[-83.929,39.828],[-83.931,39.828],[-83.931,39.828],[-83.933,39.828],[-83.937,39.829],[-83.94,39.829],[-83.94,39.829],[-83.941,39.829],[-83.941,39.831],[-83.941,39.832],[-83.941,39.834],[-83.94,39.837],[-83.94,39.84],[-83.94,39.841],[-83.94,39.843],[-83.94,39.844],[-83.983,39.846],[-83.986,39.846],[-83.987,39.846],[-83.99,39.847],[-83.993,39.847],[-83.994,39.847],[-83.995,39.847],[-83.996,39.847],[-84.018,39.848],[-84.024,39.849],[-84.028,39.849],[-84.031,39.849],[-84.035,39.849],[-84.037,39.849],[-84.037,39.85],[-84.037,39.85],[-84.048,39.85],[-84.054,39.851],[-84.053,39.855],[-84.053,39.859],[-84.053,39.859],[-84.053,39.859],[-84.053,39.861],[-84.053,39.863],[-84.052,39.865],[-84.052,39.866],[-84.052,39.87],[-84.051,39.876],[-84.051,39.878],[-84.051,39.879],[-84.051,39.884],[-84.049,39.897],[-84.049,39.898],[-84.048,39.908],[-84.047,39.918],[-84.046,39.929],[-84.046,39.932],[-84.046,39.938],[-84.045,39.944],[-84.045,39.945],[-84.045,39.946],[-84.044,39.948],[-84.044,39.948],[-84.044,39.952],[-84.044,39.952],[-84.044,39.953],[-84.043,39.967],[-84.042,39.975],[-84.041,39.98],[-84.041,39.983],[-84.041,39.988],[-84.04,39.997],[-84.039,40.004],[-84.039,40.009],[-84.038,40.018],[-84.038,40.022],[-84.038,40.025],[-84.037,40.026],[-84.037,40.033],[-84.036,40.04],[-84.035,40.04],[-84.03,40.04],[-84.019,40.039],[-84.001,40.038],[-83.998,40.038],[-83.987,40.038],[-83.979,40.037],[-83.972,40.037],[-83.97,40.037],[-83.944,40.035],[-83.94,40.035],[-83.926,40.034],[-83.921,40.034],[-83.915,40.033],[-83.914,40.033],[-83.914,40.033],[-83.914,40.033],[-83.913,40.033],[-83.913,40.033],[-83.91,40.033],[-83.895,40.032],[-83.883,40.031],[-83.864,40.03],[-83.834,40.029],[-83.833,40.029],[-83.832,40.029],[-83.829,40.029],[-83.827,40.028],[-83.825,40.028],[-83.824,40.028],[-83.822,40.028],[-83.818,40.028],[-83.81,40.028],[-83.807,40.027],[-83.804,40.027],[-83.803,40.027],[-83.801,40.027],[-83.798,40.027],[-83.792,40.026],[-83.791,40.026],[-83.789,40.026],[-83.786,40.026],[-83.783,40.026],[-83.781,40.026],[-83.778,40.025],[-83.766,40.025],[-83.76,40.024],[-83.753,40.024],[-83.746,40.023],[-83.744,40.023],[-83.736,40.023],[-83.73,40.022],[-83.728,40.022],[-83.719,40.022],[-83.712,40.021],[-83.709,40.021],[-83.707,40.021],[-83.7,40.021],[-83.694,40.02],[-83.692,40.02],[-83.69,40.02],[-83.689,40.02],[-83.688,40.02],[-83.685,40.02],[-83.683,40.019],[-83.673,40.019],[-83.672,40.019],[-83.663,40.019],[-83.661,40.018],[-83.658,40.018],[-83.636,40.017],[-83.632,40.016],[-83.619,40.016],[-83.618,40.016],[-83.607,40.015],[-83.592,40.014],[-83.568,40.013],[-83.538,40.012],[-83.535,40.012],[-83.535,40.012],[-83.532,40.012],[-83.516,40.01],[-83.515,40.001],[-83.518,39.992],[-83.522,39.981],[-83.523,39.976],[-83.526,39.966],[-83.533,39.946],[-83.535,39.94],[-83.537,39.937],[-83.538,39.935]]]},"properties":{"NAME":"Clark","GEOID":"39023"}},{"type":"Feature","geometry":{"type":"Polygon","coordinates":[[[-83.882,41.589],[-83.882,41.587],[-83.882,41.586],[-83.882,41.585],[-83.883,41.583],[-83.883,41.583],[-83.883,41.582],[-83.883,41.582],[-83.883,41.582],[-83.883,41.581],[-83.883,41.578],[-83.883,41.575],[-83.883,41.572],[-83.883,41.57],[-83.883,41.568],[-83.883,41.566],[-83.883,41.565],[-83.883,41.565],[-83.883,41.564],[-83.883,41.563],[-83.883,41.562],[-83.883,41.562],[-83.883,41.561],[-83.883,41.559],[-83.883,41.558],[-83.883,41.557],[-83.883,41.555],[-83.883,41.554],[-83.883,41.552],[-83.883,41.55],[-83.883,41.549],[-83.883,41.547],[-83.883,41.542],[-83.883,41.539],[-83.883,41.537],[-83.883,41.536],[-83.883,41.535],[-83.883,41.533],[-83.883,41.533],[-83.883,41.532],[-83.883,41.531],[-83.883,41.531],[-83.883,41.53],[-83.883,41.525],[-83.883,41.521],[-83.883,41.519],[-83.883,41.517],[-83.883,41.514],[-83.883,41.511],[-83.883,41.508],[-83.883,41.506],[-83.883,41.504],[-83.883,41.502],[-83.883,41.501],[-83.883,41.5],[-83.883,41.498],[-83.883,41.497],[-83.883,41.495],[-83.883,41.491],[-83.883,41.49],[-83.883,41.489],[-83.884,41.488],[-83.884,41.488],[-83.885,41.488],[-83.886,41.488],[-83.887,41.488],[-83.888,41.487],[-83.892,41.487],[-83.896,41.487],[-83.896,41.487],[-83.904,41.487],[-83.911,41.487],[-83.912,41.487],[-83.914,41.487],[-83.914,41.487],[-83.917,41.487],[-83.918,41.487],[-83.92,41.487],[-83.923,41.487],[-83.925,41.487],[-83.926,41.487],[-83.928,41.487],[-83.93,41.487],[-83.932,41.487],[-83.933,41.487],[-83.934,41.487],[-83.936,41.487],[-83.936,41.487],[-83.937,41.487],[-83.938,41.487],[-83.942,41.487],[-83.943,41.487],[-83.943,41.487],[-83.944,41.487],[-83.947,41.487],[-83.949,41.487],[-83.951,41.487],[-83.952,41.487],[-83.953,41.487],[-83.954,41.487],[-83.956,41.487],[-83.958,41.487],[-83.96,41.487],[-83.961,41.487],[-83.962,41.487],[-83.963,41.487],[-83.965,41.487],[-83.967,41.487],[-83.969,41.487],[-83.971,41.487],[-83.973,41.487],[-83.974,41.487],[-83.976,41.487],[-83.977,41.487],[-83.978,41.487],[-83.98,41.487],[-83.981,41.487],[-83.982,41.487],[-83.986,41.487],[-83.99,41.487],[-83.993,41.487],[-83.996,41.487],[-83.999,41.487],[-84.003,41.487],[-84.005,41.487],[-84.006,41.487],[-84.007,41.487],[-84.008,41.487],[-84.009,41.487],[-84.009,41.487],[-84.014,41.487],[-84.016,41.487],[-84.018,41.487],[-84.02,41.487],[-84.022,41.487],[-84.023,41.487],[-84.025,41.487],[-84.028,41.487],[-84.032,41.487],[-84.033,41.487],[-84.038,41.487],[-84.047,41.486],[-84.05,41.486],[-84.055,41.486],[-84.059,41.486],[-84.064,41.486],[-84.068,41.486],[-84.071,41.486],[-84.075,41.486],[-84.077,41.486],[-84.08,41.486],[-84.082,41.486],[-84.086,41.486],[-84.088,41.486],[-84.09,41.486],[-84.094,41.486],[-84.113,41.486],[-84.115,41.486],[-84.12,41.486],[-84.125,41.486],[-84.128,41.486],[-84.141,41.486],[-84.143,41.486],[-84.144,41.486],[-84.146,41.486],[-84.148,41.486],[-84.154,41.486],[-84.158,41.486],[-84.162,41.486],[-84.165,41.486],[-84.168,41.486],[-84.172,41.486],[-84.182,41.486],[-84.192,41.486],[-84.198,41.486],[-84.202,41.486],[-84.206,41.486],[-84.21,41.486],[-84.21,41.486],[-84.211,41.486],[-84.213,41.486],[-84.214,41.486],[-84.216,41.486],[-84.217,41.486],[-84.218,41.486],[-84.219,41.486],[-84.221,41.486],[-84.222,41.486],[-84.225,41.486],[-84.225,41.486],[-84.227,41.486],[-84.229,41.486],[-84.232,41.486],[-84.234,41.486],[-84.236,41.486],[-84.24,41.486],[-84.241,41.486],[-84.243,41.486],[-84.246,41.486],[-84.248,41.486],[-84.25,41.486],[-84.259,41.486],[-84.261,41.486],[-84.263,41.486],[-84.265,41.486],[-84.267,41.486],[-84.271,41.486],[-84.273,41.486],[-84.275,41.486],[-84.276,41.486],[-84.279,41.486],[-84.281,41.486],[-84.282,41.486],[-84.284,41.486],[-84.286,41.486],[-84.287,41.486],[-84.289,41.486],[-84.291,41.486],[-84.292,41.486],[-84.294,41.486],[-84.296,41.486],[-84.297,41.486],[-84.298,41.486],[-84.299,41.486],[-84.3,41.486],[-84.302,41.486],[-84.303,41.486],[-84.304,41.486],[-84.304,41.486],[-84.306,41.486],[-84.307,41.486],[-84.308,41.486],[-84.308,41.486],[-84.309,41.486],[-84.311,41.486],[-84.312,41.486],[-84.314,41.486],[-84.316,41.486],[-84.317,41.486],[-84.319,41.486],[-84.322,41.486],[-84.324,41.486],[-84.325,41.486],[-84.326,41.486],[-84.328,41.486],[-84.329,41.486],[-84.331,41.486],[-84.332,41.486],[-84.333,41.486],[-84.335,41.486],[-84.336,41.486],[-84.337,41.486],[-84.338,41.486],[-84.339,41.486],[-84.339,41.486],[-84.339,41.486],[-84.339,41.486],[-84.34,41.486],[-84.342,41.486],[-84.342,41.487],[-84.342,41.488],[-84.342,41.489],[-84.342,41.491],[-84.342,41.492],[-84.342,41.493],[-84.342,41.494],[-84.342,41.496],[-84.342,41.499],[-84.342,41.5],[-84.342,41.5],[-84.342,41.5],[-84.342,41.508],[-84.342,41.514],[-84.361,41.514],[-84.375,41.514],[-84.381,41.517],[-84.381,41.52],[-84.381,41.538],[-84.381,41.543],[-84.381,41.547],[-84.381,41.548],[-84.381,41.55],[-84.381,41.557],[-84.381,41.558],[-84.381,41.558],[-84.381,41.559],[-84.381,41.56],[-84.381,41.561],[-84.381,41.562],[-84.381,41.563],[-84.381,41.564],[-84.381,41.565],[-84.381,41.567],[-84.381,41.571],[-84.381,41.583],[-84.381,41.586],[-84.381,41.598],[-84.381,41.601],[-84.381,41.601],[-84.381,41.602],[-84.381,41.616],[-84.384,41.617],[-84.394,41.617],[-84.398,41.617],[-84.398,41.623],[-84.398,41.625],[-84.399,41.631],[-84.399,41.634],[-84.399,41.636],[-84.399,41.638],[-84.399,41.641],[-84.399,41.641],[-84.399,41.645],[-84.399,41.651],[-84.399,41.654],[-84.399,41.659],[-84.399,41.666],[-84.399,41.679],[-84.399,41.681],[-84.4,41.704],[-84.398,41.706],[-84.393,41.706],[-84.375,41.706],[-84.359,41.707],[-84.332,41.707],[-84.302,41.708],[-84.27,41.709],[-84.25,41.71],[-84.231,41.71],[-84.221,41.71],[-84.215,41.71],[-84.202,41.711],[-84.192,41.711],[-84.173,41.712],[-84.159,41.712],[-84.149,41.712],[-84.135,41.713],[-84.115,41.714],[-84.105,41.714],[-84.097,41.714],[-84.076,41.715],[-84.072,41.715],[-84.057,41.715],[-84.037,41.716],[-83.999,41.717],[-83.977,41.717],[-83.938,41.719],[-83.919,41.719],[-83.909,41.72],[-83.899,41.72],[-83.885,41.72],[-83.88,41.72],[-83.88,41.719],[-83.88,41.715],[-83.88,41.713],[-83.88,41.709],[-83.88,41.706],[-83.88,41.703],[-83.88,41.694],[-83.88,41.694],[-83.879,41.686],[-83.879,41.686],[-83.879,41.686],[-83.879,41.685],[-83.879,41.684],[-83.879,41.684],[-83.879,41.681],[-83.879,41.679],[-83.879,41.674],[-83.879,41.671],[-83.879,41.671],[-83.879,41.67],[-83.879,41.668],[-83.879,41.666],[-83.879,41.665],[-83.878,41.659],[-83.878,41.657],[-83.878,41.65],[-83.878,41.644],[-83.878,41.64],[-83.878,41.639],[-83.878,41.629],[-83.878,41.625],[-83.879,41.618],[-83.882,41.618],[-83.882,41.612],[-83.882,41.608],[-83.882,41.603],[-83.882,41.603],[-83.882,41.6],[-83.882,41.599],[-83.882,41.597],[-83.882,41.596],[-83.883,41.595],[-83.882,41.593],[-83.882,41.591],[-83.882,41.59],[-83.882,41.59],[-83.882,41.589],[-83.882,41.589]]]},"properties":{"NAME":"Fulton","GEOID":"39051"}},{"type":"Feature","geometry":{"type":"Polygon","coordinates":[[[-84.571,40.353],[-84.573,40.353],[-84.575,40.353],[-84.577,40.353],[-84.579,40.353],[-84.59,40.353],[-84.595,40.353],[-84.6,40.353],[-84.6,40.353],[-84.6,40.353],[-84.6,40.352],[-84.614,40.352],[-84.618,40.352],[-84.619,40.352],[-84.625,40.352],[-84.63,40.352],[-84.636,40.352],[-84.638,40.352],[-84.639,40.352],[-84.639,40.352],[-84.64,40.352],[-84.641,40.352],[-84.642,40.352],[-84.643,40.352],[-84.643,40.352],[-84.644,40.352],[-84.646,40.352],[-84.648,40.352],[-84.648,40.352],[-84.651,40.352],[-84.665,40.352],[-84.669,40.352],[-84.672,40.352],[-84.675,40.352],[-84.679,40.352],[-84.683,40.352],[-84.687,40.352],[-84.688,40.352],[-84.69,40.352],[-84.691,40.352],[-84.693,40.352],[-84.694,40.352],[-84.71,40.352],[-84.719,40.352],[-84.725,40.352],[-84.728,40.352],[-84.731,40.352],[-84.739,40.352],[-84.74,40.352],[-84.744,40.352],[-84.746,40.352],[-84.749,40.352],[-84.75,40.352],[-84.752,40.352],[-84.757,40.352],[-84.76,40.353],[-84.762,40.353],[-84.764,40.353],[-84.767,40.353],[-84.769,40.353],[-84.774,40.353],[-84.774,40.353],[-84.778,40.353],[-84.783,40.353],[-84.785,40.353],[-84.786,40.353],[-84.788,40.353],[-84.789,40.353],[-84.79,40.353],[-84.793,40.353],[-84.793,40.353],[-84.795,40.353],[-84.796,40.353],[-84.797,40.353],[-84.8,40.353],[-84.804,40.353],[-84.804,40.353],[-84.804,40.353],[-84.804,40.353],[-84.804,40.355],[-84.804,40.355],[-84.804,40.358],[-84.804,40.361],[-84.804,40.363],[-84.804,40.366],[-84.804,40.371],[-84.804,40.375],[-84.804,40.382],[-84.804,40.391],[-84.804,40.396],[-84.804,40.402],[-84.804,40.405],[-84.804,40.407],[-84.804,40.41],[-84.804,40.411],[-84.804,40.414],[-84.804,40.416],[-84.804,40.417],[-84.804,40.418],[-84.804,40.421],[-84.804,40.422],[-84.804,40.423],[-84.804,40.425],[-84.804,40.427],[-84.804,40.431],[-84.804,40.433],[-84.804,40.438],[-84.804,40.448],[-84.804,40.453],[-84.804,40.456],[-84.804,40.459],[-84.803,40.466],[-84.803,40.467],[-84.803,40.469],[-84.803,40.474],[-84.803,40.478],[-84.803,40.48],[-84.803,40.484],[-84.803,40.485],[-84.803,40.486],[-84.803,40.489],[-84.803,40.491],[-84.803,40.499],[-84.803,40.499],[-84.803,40.499],[-84.803,40.502],[-84.803,40.506],[-84.803,40.513],[-84.803,40.514],[-84.803,40.521],[-84.803,40.525],[-84.803,40.528],[-84.803,40.529],[-84.803,40.532],[-84.803,40.539],[-84.803,40.541],[-84.803,40.542],[-84.803,40.544],[-84.803,40.545],[-84.803,40.548],[-84.803,40.551],[-84.803,40.553],[-84.803,40.556],[-84.803,40.557],[-84.803,40.56],[-84.803,40.563],[-84.803,40.564],[-84.803,40.566],[-84.803,40.568],[-84.802,40.57],[-84.802,40.571],[-84.802,40.573],[-84.802,40.574],[-84.802,40.576],[-84.802,40.579],[-84.802,40.58],[-84.802,40.582],[-84.802,40.584],[-84.802,40.588],[-84.802,40.59],[-84.802,40.594],[-84.802,40.596],[-84.802,40.598],[-84.802,40.605],[-84.802,40.611],[-84.802,40.616],[-84.802,40.625],[-84.802,40.626],[-84.802,40.632],[-84.802,40.64],[-84.802,40.645],[-84.802,40.657],[-84.802,40.657],[-84.802,40.659],[-84.802,40.663],[-84.802,40.667],[-84.802,40.672],[-84.802,40.673],[-84.802,40.677],[-84.802,40.68],[-84.802,40.681],[-84.802,40.682],[-84.802,40.69],[-84.802,40.69],[-84.802,40.691],[-84.802,40.691],[-84.802,40.691],[-84.802,40.692],[-84.802,40.703],[-84.802,40.705],[-84.802,40.711],[-84.802,40.715],[-84.802,40.725],[-84.8,40.728],[-84.79,40.728],[-84.779,40.728],[-84.775,40.728],[-84.772,40.728],[-84.767,40.728],[-84.766,40.728],[-84.761,40.728],[-84.756,40.728],[-84.753,40.728],[-84.752,40.728],[-84.751,40.728],[-84.747,40.728],[-84.741,40.728],[-84.71,40.728],[-84.702,40.728],[-84.693,40.728],[-84.691,40.728],[-84.69,40.728],[-84.688,40.728],[-84.686,40.728],[-84.685,40.728],[-84.684,40.728],[-84.683,40.728],[-84.682,40.728],[-84.68,40.728],[-84.679,40.728],[-84.677,40.728],[-84.675,40.728],[-84.673,40.728],[-84.671,40.728],[-84.669,40.728],[-84.668,40.728],[-84.667,40.728],[-84.664,40.728],[-84.654,40.728],[-84.645,40.728],[-84.643,40.728],[-84.637,40.728],[-84.627,40.728],[-84.622,40.728],[-84.62,40.728],[-84.619,40.728],[-84.61,40.728],[-84.607,40.728],[-84.606,40.728],[-84.604,40.728],[-84.602,40.728],[-84.601,40.728],[-84.599,40.728],[-84.598,40.728],[-84.597,40.728],[-84.595,40.728],[-84.594,40.728],[-84.59,40.728],[-84.581,40.728],[-84.577,40.728],[-84.575,40.728],[-84.572,40.728],[-84.562,40.728],[-84.554,40.728],[-84.551,40.728],[-84.55,40.728],[-84.547,40.728],[-84.542,40.728],[-84.533,40.728],[-84.532,40.728],[-84.528,40.728],[-84.524,40.728],[-84.521,40.728],[-84.515,40.728],[-84.513,40.728],[-84.509,40.728],[-84.502,40.728],[-84.498,40.728],[-84.494,40.728],[-84.494,40.728],[-84.49,40.728],[-84.487,40.728],[-84.484,40.728],[-84.48,40.728],[-84.478,40.728],[-84.475,40.728],[-84.474,40.728],[-84.467,40.728],[-84.464,40.728],[-84.463,40.728],[-84.458,40.728],[-84.456,40.727],[-84.456,40.723],[-84.456,40.721],[-84.456,40.715],[-84.456,40.713],[-84.456,40.71],[-84.456,40.707],[-84.456,40.701],[-84.456,40.698],[-84.456,40.693],[-84.456,40.688],[-84.456,40.683],[-84.456,40.681],[-84.456,40.677],[-84.456,40.662],[-84.456,40.655],[-84.456,40.654],[-84.456,40.648],[-84.456,40.646],[-84.456,40.643],[-84.456,40.641],[-84.456,40.639],[-84.456,40.637],[-84.456,40.632],[-84.456,40.627],[-84.456,40.625],[-84.456,40.624],[-84.456,40.622],[-84.456,40.621],[-84.456,40.619],[-84.456,40.617],[-84.456,40.616],[-84.456,40.615],[-84.456,40.613],[-84.456,40.612],[-84.456,40.607],[-84.456,40.604],[-84.456,40.604],[-84.456,40.602],[-84.456,40.601],[-84.456,40.6],[-84.456,40.599],[-84.456,40.598],[-84.456,40.597],[-84.456,40.59],[-84.456,40.589],[-84.456,40.588],[-84.456,40.588],[-84.456,40.587],[-84.456,40.586],[-84.456,40.585],[-84.456,40.584],[-84.456,40.583],[-84.456,40.583],[-84.456,40.582],[-84.456,40.582],[-84.456,40.582],[-84.456,40.568],[-84.456,40.567],[-84.456,40.565],[-84.456,40.561],[-84.456,40.557],[-84.456,40.557],[-84.456,40.556],[-84.456,40.555],[-84.456,40.555],[-84.456,40.554],[-84.456,40.554],[-84.456,40.553],[-84.456,40.553],[-84.456,40.552],[-84.456,40.551],[-84.456,40.549],[-84.455,40.547],[-84.455,40.535],[-84.455,40.517],[-84.455,40.508],[-84.455,40.508],[-84.455,40.506],[-84.455,40.506],[-84.455,40.505],[-84.455,40.504],[-84.455,40.504],[-84.455,40.504],[-84.455,40.503],[-84.455,40.502],[-84.455,40.499],[-84.455,40.497],[-84.455,40.495],[-84.455,40.493],[-84.455,40.491],[-84.455,40.491],[-84.455,40.49],[-84.455,40.49],[-84.455,40.49],[-84.455,40.49],[-84.455,40.489],[-84.455,40.489],[-84.455,40.489],[-84.455,40.489],[-84.455,40.488],[-84.455,40.475],[-84.455,40.472],[-84.455,40.465],[-84.455,40.462],[-84.455,40.461],[-84.455,40.458],[-84.455,40.454],[-84.455,40.451],[-84.455,40.446],[-84.455,40.442],[-84.455,40.437],[-84.455,40.433],[-84.455,40.422],[-84.455,40.415],[-84.455,40.408],[-84.455,40.408],[-84.455,40.407],[-84.455,40.406],[-84.455,40.405],[-84.455,40.404],[-84.455,40.404],[-84.455,40.403],[-84.455,40.402],[-84.455,40.402],[-84.455,40.401],[-84.455,40.401],[-84.455,40.4],[-84.455,40.4],[-84.455,40.399],[-84.455,40.398],[-84.455,40.397],[-84.455,40.396],[-84.455,40.395],[-84.455,40.394],[-84.455,40.394],[-84.455,40.393],[-84.455,40.392],[-84.455,40.391],[-84.455,40.39],[-84.455,40.389],[-84.455,40.388],[-84.455,40.387],[-84.455,40.386],[-84.455,40.385],[-84.455,40.385],[-84.455,40.384],[-84.455,40.383],[-84.455,40.382],[-84.455,40.38],[-84.455,40.379],[-84.455,40.375],[-84.455,40.371],[-84.455,40.371],[-84.455,40.37],[-84.456,40.369],[-84.456,40.368],[-84.456,40.367],[-84.456,40.367],[-84.456,40.366],[-84.456,40.365],[-84.456,40.365],[-84.456,40.364],[-84.456,40.363],[-84.456,40.363],[-84.456,40.363],[-84.455,40.363],[-84.455,40.363],[-84.455,40.359],[-84.434,40.355],[-84.443,40.354],[-84.45,40.354],[-84.451,40.354],[-84.457,40.354],[-84.47,40.354],[-84.478,40.354],[-84.484,40.354],[-84.491,40.354],[-84.494,40.354],[-84.495,40.354],[-84.495,40.354],[-84.495,40.354],[-84.496,40.354],[-84.503,40.354],[-84.508,40.354],[-84.525,40.354],[-84.527,40.354],[-84.54,40.354],[-84.546,40.354],[-84.559,40.354],[-84.571,40.353],[-84.571,40.353]]]},"properties":{"NAME":"Mercer","GEOID":"39107"}},{"type":"Feature","geometry":{"type":"Polygon","coordinates":[[[-82.843,39.561],[-82.842,39.561],[-82.842,39.561],[-82.836,39.561],[-82.833,39.561],[-82.832,39.561],[-82.832,39.561],[-82.831,39.561],[-82.829,39.561],[-82.827,39.561],[-82.824,39.56],[-82.823,39.56],[-82.818,39.56],[-82.816,39.56],[-82.809,39.559],[-82.806,39.559],[-82.806,39.559],[-82.805,39.559],[-82.803,39.559],[-82.802,39.559],[-82.8,39.559],[-82.797,39.559],[-82.794,39.558],[-82.793,39.558],[-82.79,39.558],[-82.79,39.558],[-82.788,39.558],[-82.779,39.557],[-82.778,39.557],[-82.776,39.557],[-82.774,39.557],[-82.772,39.557],[-82.771,39.557],[-82.77,39.557],[-82.769,39.557],[-82.766,39.557],[-82.763,39.556],[-82.76,39.556],[-82.756,39.556],[-82.75,39.556],[-82.748,39.555],[-82.746,39.555],[-82.743,39.555],[-82.741,39.555],[-82.738,39.555],[-82.737,39.555],[-82.737,39.555],[-82.736,39.555],[-82.734,39.555],[-82.732,39.551],[-82.732,39.55],[-82.734,39.532],[-82.735,39.517],[-82.736,39.517],[-82.736,39.516],[-82.736,39.515],[-82.736,39.514],[-82.736,39.512],[-82.736,39.511],[-82.737,39.508],[-82.737,39.506],[-82.737,39.505],[-82.737,39.505],[-82.737,39.504],[-82.737,39.5],[-82.737,39.5],[-82.738,39.499],[-82.738,39.497],[-82.738,39.497],[-82.738,39.496],[-82.74,39.478],[-82.74,39.475],[-82.74,39.475],[-82.74,39.473],[-82.74,39.472],[-82.74,39.471],[-82.74,39.47],[-82.741,39.469],[-82.741,39.469],[-82.741,39.468],[-82.741,39.468],[-82.741,39.468],[-82.741,39.468],[-82.742,39.468],[-82.744,39.468],[-82.746,39.469],[-82.749,39.469],[-82.751,39.468],[-82.752,39.468],[-82.752,39.468],[-82.753,39.468],[-82.753,39.468],[-82.753,39.468],[-82.754,39.468],[-82.755,39.468],[-82.755,39.468],[-82.755,39.468],[-82.756,39.468],[-82.756,39.468],[-82.757,39.468],[-82.757,39.468],[-82.758,39.468],[-82.758,39.469],[-82.759,39.469],[-82.759,39.469],[-82.76,39.469],[-82.76,39.469],[-82.761,39.469],[-82.761,39.469],[-82.761,39.469],[-82.762,39.469],[-82.763,39.469],[-82.763,39.469],[-82.764,39.469],[-82.764,39.469],[-82.764,39.469],[-82.765,39.469],[-82.765,39.469],[-82.766,39.469],[-82.766,39.469],[-82.767,39.469],[-82.767,39.469],[-82.768,39.469],[-82.768,39.469],[-82.768,39.469],[-82.769,39.469],[-82.769,39.469],[-82.77,39.469],[-82.77,39.469],[-82.77,39.469],[-82.771,39.469],[-82.771,39.469],[-82.772,39.469],[-82.772,39.469],[-82.772,39.469],[-82.773,39.469],[-82.773,39.469],[-82.774,39.469],[-82.774,39.469],[-82.775,39.469],[-82.775,39.469],[-82.775,39.469],[-82.776,39.469],[-82.776,39.469],[-82.777,39.47],[-82.777,39.47],[-82.778,39.47],[-82.778,39.47],[-82.778,39.47],[-82.779,39.47],[-82.779,39.47],[-82.78,39.47],[-82.78,39.47],[-82.781,39.47],[-82.781,39.47],[-82.782,39.47],[-82.782,39.47],[-82.783,39.47],[-82.783,39.47],[-82.783,39.47],[-82.784,39.47],[-82.784,39.47],[-82.785,39.47],[-82.785,39.47],[-82.786,39.47],[-82.786,39.47],[-82.786,39.47],[-82.787,39.47],[-82.787,39.47],[-82.788,39.47],[-82.788,39.47],[-82.789,39.47],[-82.789,39.47],[-82.79,39.47],[-82.79,39.47],[-82.791,39.47],[-82.791,39.47],[-82.791,39.47],[-82.792,39.47],[-82.792,39.47],[-82.793,39.47],[-82.793,39.47],[-82.794,39.47],[-82.794,39.47],[-82.794,39.47],[-82.795,39.47],[-82.795,39.471],[-82.796,39.471],[-82.796,39.471],[-82.797,39.471],[-82.797,39.471],[-82.798,39.471],[-82.798,39.471],[-82.799,39.471],[-82.799,39.471],[-82.8,39.471],[-82.8,39.471],[-82.8,39.471],[-82.801,39.471],[-82.801,39.471],[-82.802,39.471],[-82.802,39.471],[-82.803,39.471],[-82.803,39.471],[-82.804,39.471],[-82.804,39.471],[-82.805,39.471],[-82.805,39.471],[-82.806,39.471],[-82.806,39.471],[-82.807,39.471],[-82.807,39.471],[-82.808,39.471],[-82.808,39.471],[-82.809,39.471],[-82.809,39.471],[-82.81,39.471],[-82.811,39.471],[-82.811,39.471],[-82.811,39.471],[-82.812,39.471],[-82.812,39.471],[-82.813,39.471],[-82.813,39.471],[-82.814,39.471],[-82.814,39.472],[-82.815,39.472],[-82.815,39.472],[-82.815,39.472],[-82.816,39.472],[-82.816,39.472],[-82.817,39.472],[-82.817,39.472],[-82.818,39.472],[-82.818,39.472],[-82.819,39.472],[-82.819,39.472],[-82.819,39.472],[-82.82,39.472],[-82.82,39.472],[-82.821,39.472],[-82.821,39.472],[-82.822,39.472],[-82.822,39.472],[-82.823,39.472],[-82.823,39.472],[-82.823,39.472],[-82.824,39.472],[-82.824,39.472],[-82.824,39.472],[-82.825,39.472],[-82.825,39.472],[-82.826,39.472],[-82.826,39.472],[-82.827,39.472],[-82.827,39.472],[-82.828,39.472],[-82.828,39.472],[-82.829,39.472],[-82.829,39.472],[-82.829,39.472],[-82.83,39.472],[-82.83,39.472],[-82.831,39.472],[-82.831,39.472],[-82.832,39.472],[-82.832,39.472],[-82.832,39.472],[-82.833,39.473],[-82.833,39.473],[-82.834,39.473],[-82.834,39.473],[-82.835,39.473],[-82.835,39.473],[-82.835,39.473],[-82.836,39.473],[-82.836,39.473],[-82.837,39.473],[-82.837,39.473],[-82.838,39.473],[-82.838,39.473],[-82.839,39.473],[-82.839,39.473],[-82.84,39.473],[-82.84,39.473],[-82.84,39.473],[-82.841,39.473],[-82.841,39.473],[-82.841,39.473],[-82.842,39.473],[-82.842,39.473],[-82.843,39.473],[-82.843,39.473],[-82.843,39.473],[-82.844,39.473],[-82.844,39.473],[-82.845,39.473],[-82.845,39.473],[-82.846,39.473],[-82.846,39.473],[-82.847,39.473],[-82.847,39.473],[-82.848,39.473],[-82.848,39.473],[-82.848,39.473],[-82.849,39.473],[-82.849,39.473],[-82.849,39.473],[-82.85,39.473],[-82.85,39.473],[-82.851,39.473],[-82.851,39.473],[-82.851,39.473],[-82.852,39.473],[-82.852,39.473],[-82.853,39.473],[-82.853,39.474],[-82.854,39.474],[-82.854,39.474],[-82.854,39.474],[-82.855,39.474],[-82.855,39.474],[-82.855,39.474],[-82.856,39.474],[-82.856,39.474],[-82.857,39.474],[-82.857,39.474],[-82.858,39.474],[-82.858,39.474],[-82.859,39.474],[-82.859,39.474],[-82.859,39.474],[-82.86,39.474],[-82.86,39.474],[-82.861,39.474],[-82.861,39.474],[-82.862,39.474],[-82.862,39.474],[-82.863,39.474],[-82.863,39.474],[-82.864,39.474],[-82.864,39.474],[-82.865,39.474],[-82.865,39.474],[-82.866,39.474],[-82.866,39.474],[-82.866,39.474],[-82.867,39.474],[-82.867,39.474],[-82.867,39.474],[-82.868,39.474],[-82.868,39.474],[-82.869,39.474],[-82.869,39.474],[-82.87,39.474],[-82.87,39.474],[-82.87,39.474],[-82.871,39.474],[-82.871,39.474],[-82.872,39.474],[-82.872,39.475],[-82.873,39.475],[-82.873,39.475],[-82.874,39.475],[-82.874,39.475],[-82.875,39.475],[-82.875,39.475],[-82.875,39.475],[-82.876,39.475],[-82.876,39.475],[-82.877,39.475],[-82.877,39.475],[-82.877,39.475],[-82.878,39.475],[-82.878,39.475],[-82.879,39.475],[-82.879,39.475],[-82.88,39.475],[-82.88,39.475],[-82.88,39.475],[-82.881,39.475],[-82.881,39.475],[-82.882,39.475],[-82.882,39.475],[-82.882,39.475],[-82.883,39.475],[-82.883,39.475],[-82.883,39.475],[-82.884,39.475],[-82.885,39.475],[-82.885,39.475],[-82.886,39.475],[-82.886,39.475],[-82.887,39.475],[-82.887,39.475],[-82.887,39.475],[-82.888,39.475],[-82.888,39.475],[-82.889,39.475],[-82.889,39.475],[-82.89,39.475],[-82.89,39.475],[-82.89,39.475],[-82.891,39.475],[-82.891,39.475],[-82.891,39.475],[-82.892,39.475],[-82.892,39.475],[-82.893,39.476],[-82.907,39.476],[-82.908,39.476],[-82.908,39.476],[-82.909,39.476],[-82.909,39.476],[-82.91,39.476],[-82.91,39.476],[-82.91,39.476],[-82.911,39.476],[-82.911,39.476],[-82.912,39.476],[-82.912,39.476],[-82.912,39.476],[-82.913,39.476],[-82.913,39.476],[-82.913,39.477],[-82.914,39.477],[-82.914,39.477],[-82.915,39.477],[-82.915,39.477],[-82.915,39.477],[-82.916,39.477],[-82.916,39.477],[-82.916,39.477],[-82.917,39.477],[-82.917,39.477],[-82.917,39.477],[-82.918,39.477],[-82.918,39.477],[-82.919,39.477],[-82.919,39.477],[-82.92,39.477],[-82.92,39.477],[-82.92,39.477],[-82.921,39.477],[-82.921,39.477],[-82.922,39.477],[-82.922,39.477],[-82.922,39.477],[-82.923,39.477],[-82.923,39.477],[-82.924,39.477],[-82.924,39.477],[-82.925,39.477],[-82.925,39.477],[-82.925,39.477],[-82.926,39.477],[-82.926,39.477],[-82.926,39.477],[-82.927,39.477],[-82.927,39.477],[-82.928,39.477],[-82.928,39.477],[-82.929,39.477],[-82.929,39.477],[-82.93,39.477],[-82.93,39.477],[-82.93,39.477],[-82.931,39.477],[-82.931,39.477],[-82.932,39.477],[-82.932,39.477],[-82.932,39.477],[-82.933,39.477],[-82.933,39.477],[-82.934,39.477],[-82.934,39.477],[-82.934,39.477],[-82.935,39.478],[-82.935,39.478],[-82.936,39.478],[-82.936,39.478],[-82.936,39.478],[-82.937,39.478],[-82.937,39.478],[-82.938,39.478],[-82.938,39.478],[-82.938,39.478],[-82.939,39.478],[-82.939,39.478],[-82.94,39.478],[-82.94,39.478],[-82.94,39.478],[-82.941,39.478],[-82.941,39.478],[-82.942,39.478],[-82.942,39.478],[-82.943,39.478],[-82.943,39.478],[-82.943,39.478],[-82.944,39.478],[-82.944,39.478],[-82.944,39.478],[-82.945,39.478],[-82.945,39.478],[-82.946,39.478],[-82.946,39.478],[-82.946,39.478],[-82.947,39.478],[-82.947,39.478],[-82.948,39.478],[-82.948,39.478],[-82.949,39.478],[-82.949,39.478],[-82.949,39.478],[-82.95,39.478],[-82.95,39.478],[-82.951,39.478],[-82.951,39.478],[-82.952,39.478],[-82.952,39.478],[-82.952,39.478],[-82.953,39.478],[-82.953,39.478],[-82.953,39.478],[-82.954,39.478],[-82.954,39.478],[-82.955,39.478],[-82.955,39.478],[-82.955,39.478],[-82.956,39.478],[-82.956,39.478],[-82.957,39.478],[-82.957,39.478],[-82.957,39.479],[-82.958,39.479],[-82.958,39.479],[-82.958,39.479],[-82.959,39.479],[-82.96,39.479],[-82.96,39.479],[-82.96,39.479],[-82.961,39.479],[-82.961,39.479],[-82.962,39.479],[-82.962,39.479],[-82.962,39.479],[-82.963,39.479],[-82.963,39.479],[-82.964,39.479],[-82.964,39.479],[-82.964,39.479],[-82.965,39.479],[-82.965,39.479],[-82.966,39.479],[-82.966,39.479],[-82.966,39.479],[-82.967,39.479],[-82.967,39.479],[-82.968,39.479],[-82.968,39.479],[-82.968,39.479],[-82.969,39.479],[-82.969,39.479],[-82.97,39.479],[-82.97,39.479],[-82.97,39.479],[-82.971,39.479],[-82.971,39.479],[-82.972,39.479],[-82.972,39.479],[-82.973,39.479],[-82.973,39.479],[-82.973,39.479],[-82.974,39.479],[-82.974,39.479],[-82.975,39.479],[-82.975,39.479],[-82.976,39.479],[-82.976,39.479],[-82.976,39.479],[-82.977,39.479],[-82.978,39.479],[-82.978,39.479],[-82.978,39.479],[-82.998,39.48],[-82.998,39.48],[-82.998,39.481],[-82.997,39.483],[-82.996,39.484],[-82.996,39.486],[-82.995,39.488],[-82.994,39.489],[-82.994,39.489],[-82.992,39.49],[-82.992,39.49],[-82.99,39.491],[-82.987,39.491],[-82.985,39.49],[-82.982,39.489],[-82.981,39.49],[-82.98,39.49],[-82.98,39.492],[-82.98,39.494],[-82.979,39.497],[-82.979,39.498],[-82.98,39.499],[-82.979,39.5],[-82.979,39.501],[-82.979,39.501],[-82.981,39.502],[-82.983,39.503],[-82.984,39.504],[-82.984,39.505],[-82.984,39.506],[-82.985,39.507],[-82.986,39.507],[-82.989,39.506],[-82.992,39.506],[-82.997,39.506],[-83,39.507],[-83.011,39.507],[-83.015,39.507],[-83.028,39.507],[-83.03,39.508],[-83.031,39.508],[-83.037,39.508],[-83.062,39.509],[-83.072,39.509],[-83.102,39.51],[-83.113,39.51],[-83.113,39.51],[-83.113,39.51],[-83.12,39.51],[-83.128,39.511],[-83.148,39.511],[-83.155,39.512],[-83.166,39.512],[-83.196,39.513],[-83.213,39.514],[-83.22,39.514],[-83.226,39.515],[-83.237,39.515],[-83.247,39.515],[-83.249,39.515],[-83.266,39.52],[-83.264,39.544],[-83.264,39.545],[-83.263,39.554],[-83.263,39.563],[-83.263,39.566],[-83.261,39.589],[-83.26,39.602],[-83.258,39.617],[-83.258,39.625],[-83.258,39.626],[-83.258,39.628],[-83.257,39.639],[-83.256,39.657],[-83.256,39.659],[-83.255,39.662],[-83.255,39.666],[-83.255,39.667],[-83.255,39.667],[-83.254,39.67],[-83.254,39.671],[-83.253,39.692],[-83.252,39.698],[-83.252,39.704],[-83.251,39.714],[-83.25,39.725],[-83.25,39.725],[-83.25,39.725],[-83.25,39.727],[-83.25,39.728],[-83.25,39.729],[-83.25,39.729],[-83.25,39.73],[-83.25,39.731],[-83.25,39.732],[-83.25,39.732],[-83.249,39.736],[-83.249,39.737],[-83.249,39.742],[-83.249,39.744],[-83.249,39.745],[-83.248,39.756],[-83.248,39.756],[-83.248,39.76],[-83.247,39.765],[-83.247,39.771],[-83.246,39.78],[-83.246,39.786],[-83.245,39.79],[-83.245,39.795],[-83.244,39.807],[-83.244,39.812],[-83.195,39.81],[-83.193,39.81],[-83.182,39.809],[-83.179,39.809],[-83.173,39.809],[-83.173,39.809],[-83.172,39.809],[-83.171,39.809],[-83.169,39.809],[-83.169,39.809],[-83.168,39.809],[-83.168,39.809],[-83.165,39.809],[-83.154,39.808],[-83.153,39.808],[-83.15,39.808],[-83.147,39.808],[-83.128,39.808],[-83.102,39.807],[-83.102,39.807],[-83.101,39.807],[-83.081,39.806],[-83.061,39.806],[-83.059,39.806],[-83.056,39.806],[-83.055,39.806],[-83.052,39.805],[-83.047,39.805],[-83.044,39.805],[-83.044,39.805],[-83.039,39.806],[-83.036,39.806],[-83.032,39.805],[-83.017,39.805],[-83.013,39.804],[-83.013,39.804],[-83.012,39.804],[-82.995,39.804],[-82.993,39.804],[-82.992,39.803],[-82.984,39.803],[-82.983,39.803],[-82.981,39.803],[-82.975,39.803],[-82.958,39.802],[-82.957,39.802],[-82.956,39.802],[-82.955,39.802],[-82.943,39.801],[-82.938,39.801],[-82.925,39.8],[-82.919,39.8],[-82.9,39.799],[-82.899,39.799],[-82.898,39.799],[-82.895,39.799],[-82.89,39.798],[-82.888,39.798],[-82.883,39.798],[-82.878,39.798],[-82.873,39.798],[-82.871,39.797],[-82.87,39.797],[-82.867,39.797],[-82.861,39.797],[-82.856,39.797],[-82.853,39.797],[-82.848,39.796],[-82.846,39.796],[-82.843,39.796],[-82.842,39.796],[-82.841,39.796],[-82.84,39.796],[-82.832,39.795],[-82.829,39.795],[-82.826,39.795],[-82.826,39.795],[-82.824,39.795],[-82.824,39.793],[-82.825,39.788],[-82.825,39.786],[-82.825,39.785],[-82.825,39.784],[-82.825,39.784],[-82.825,39.783],[-82.826,39.781],[-82.826,39.781],[-82.826,39.778],[-82.826,39.773],[-82.827,39.767],[-82.827,39.766],[-82.827,39.763],[-82.827,39.76],[-82.828,39.757],[-82.828,39.753],[-82.828,39.751],[-82.829,39.749],[-82.829,39.745],[-82.829,39.744],[-82.83,39.737],[-82.83,39.729],[-82.831,39.723],[-82.831,39.722],[-82.831,39.722],[-82.831,39.719],[-82.832,39.713],[-82.832,39.711],[-82.832,39.709],[-82.833,39.705],[-82.833,39.703],[-82.833,39.699],[-82.833,39.696],[-82.834,39.693],[-82.834,39.685],[-82.835,39.681],[-82.835,39.678],[-82.835,39.676],[-82.836,39.669],[-82.836,39.666],[-82.836,39.666],[-82.836,39.665],[-82.836,39.663],[-82.837,39.658],[-82.837,39.656],[-82.838,39.651],[-82.835,39.649],[-82.834,39.649],[-82.836,39.637],[-82.836,39.631],[-82.836,39.627],[-82.837,39.622],[-82.838,39.615],[-82.838,39.613],[-82.839,39.606],[-82.839,39.605],[-82.839,39.605],[-82.839,39.605],[-82.839,39.605],[-82.839,39.604],[-82.839,39.604],[-82.839,39.604],[-82.839,39.603],[-82.839,39.603],[-82.839,39.603],[-82.839,39.603],[-82.839,39.602],[-82.839,39.602],[-82.839,39.601],[-82.839,39.601],[-82.839,39.601],[-82.839,39.6],[-82.839,39.6],[-82.839,39.6],[-82.839,39.6],[-82.839,39.599],[-82.839,39.599],[-82.839,39.598],[-82.839,39.598],[-82.84,39.597],[-82.84,39.597],[-82.84,39.597],[-82.84,39.596],[-82.84,39.596],[-82.84,39.596],[-82.84,39.595],[-82.84,39.595],[-82.84,39.594],[-82.84,39.594],[-82.84,39.593],[-82.84,39.593],[-82.84,39.593],[-82.84,39.593],[-82.84,39.592],[-82.84,39.591],[-82.84,39.591],[-82.84,39.591],[-82.84,39.591],[-82.84,39.588],[-82.841,39.586],[-82.841,39.585],[-82.841,39.582],[-82.841,39.582],[-82.842,39.577],[-82.842,39.576],[-82.842,39.57],[-82.843,39.565],[-82.843,39.564],[-82.843,39.562],[-82.843,39.561]]]},"properties":{"NAME":"Pickaway","GEOID":"39129"}},{"type":"Feature","geometry":{"type":"Polygon","coordinates":[[[-82.833,41.081],[-82.833,41.078],[-82.832,41.077],[-82.832,41.072],[-82.832,41.07],[-82.832,41.07],[-82.832,41.068],[-82.832,41.066],[-82.832,41.066],[-82.832,41.066],[-82.832,41.065],[-82.831,41.049],[-82.831,41.045],[-82.831,41.038],[-82.831,41.033],[-82.831,41.03],[-82.83,41.023],[-82.83,41.019],[-82.83,41.017],[-82.83,41.011],[-82.83,41.009],[-82.83,41.008],[-82.83,41.008],[-82.83,41.006],[-82.83,41.004],[-82.83,41.003],[-82.83,41.002],[-82.83,41],[-82.83,41],[-82.83,41],[-82.83,40.997],[-82.835,40.997],[-82.84,40.997],[-82.843,40.997],[-82.853,40.997],[-82.853,40.997],[-82.853,40.997],[-82.853,40.994],[-82.858,40.994],[-82.861,40.994],[-82.864,40.994],[-82.876,40.994],[-82.882,40.994],[-82.882,40.994],[-82.896,40.994],[-82.901,40.994],[-82.911,40.994],[-82.912,40.994],[-82.915,40.994],[-82.918,40.994],[-82.919,40.994],[-82.923,40.994],[-82.933,40.994],[-82.939,40.994],[-82.939,40.994],[-82.941,40.994],[-82.948,40.994],[-82.959,40.994],[-82.965,40.994],[-82.972,40.994],[-82.973,40.994],[-82.978,40.994],[-82.978,40.994],[-82.984,40.994],[-82.989,40.994],[-82.993,40.994],[-82.997,40.994],[-83.004,40.994],[-83.006,40.994],[-83.01,40.994],[-83.017,40.994],[-83.018,40.994],[-83.023,40.994],[-83.035,40.994],[-83.041,40.994],[-83.044,40.994],[-83.048,40.994],[-83.049,40.994],[-83.056,40.994],[-83.06,40.994],[-83.061,40.994],[-83.067,40.994],[-83.074,40.994],[-83.084,40.994],[-83.095,40.994],[-83.106,40.993],[-83.113,40.993],[-83.117,40.993],[-83.125,40.993],[-83.131,40.993],[-83.136,40.993],[-83.139,40.993],[-83.163,40.993],[-83.167,40.993],[-83.176,40.993],[-83.186,40.993],[-83.198,40.993],[-83.206,40.993],[-83.208,40.993],[-83.218,40.993],[-83.227,40.993],[-83.228,40.993],[-83.228,40.993],[-83.228,40.993],[-83.229,40.993],[-83.229,40.993],[-83.232,40.993],[-83.238,40.993],[-83.24,40.993],[-83.241,40.993],[-83.242,40.993],[-83.243,40.993],[-83.244,40.993],[-83.249,40.993],[-83.256,40.993],[-83.258,40.993],[-83.261,40.993],[-83.265,40.993],[-83.273,40.993],[-83.314,40.993],[-83.329,40.992],[-83.333,40.992],[-83.336,40.992],[-83.337,40.992],[-83.341,40.992],[-83.344,40.992],[-83.356,40.992],[-83.367,40.992],[-83.369,40.992],[-83.382,40.992],[-83.382,40.992],[-83.383,40.992],[-83.384,40.992],[-83.386,40.992],[-83.391,40.992],[-83.395,40.992],[-83.399,40.992],[-83.402,40.992],[-83.405,40.992],[-83.411,40.992],[-83.411,40.992],[-83.413,40.992],[-83.416,40.992],[-83.42,40.992],[-83.42,40.999],[-83.421,41.006],[-83.421,41.006],[-83.421,41.007],[-83.421,41.009],[-83.421,41.009],[-83.421,41.01],[-83.421,41.012],[-83.421,41.014],[-83.421,41.015],[-83.421,41.016],[-83.421,41.018],[-83.42,41.02],[-83.42,41.021],[-83.42,41.021],[-83.42,41.022],[-83.42,41.022],[-83.42,41.022],[-83.42,41.024],[-83.42,41.024],[-83.421,41.029],[-83.421,41.03],[-83.421,41.032],[-83.421,41.036],[-83.421,41.036],[-83.421,41.036],[-83.421,41.036],[-83.421,41.036],[-83.421,41.036],[-83.421,41.042],[-83.421,41.042],[-83.421,41.042],[-83.421,41.043],[-83.421,41.045],[-83.421,41.047],[-83.421,41.049],[-83.421,41.05],[-83.421,41.05],[-83.421,41.05],[-83.421,41.051],[-83.421,41.051],[-83.421,41.051],[-83.421,41.056],[-83.421,41.056],[-83.421,41.058],[-83.421,41.059],[-83.421,41.064],[-83.421,41.065],[-83.421,41.083],[-83.421,41.094],[-83.421,41.118],[-83.421,41.125],[-83.421,41.128],[-83.421,41.136],[-83.421,41.138],[-83.421,41.145],[-83.421,41.145],[-83.421,41.146],[-83.421,41.146],[-83.421,41.147],[-83.421,41.147],[-83.421,41.148],[-83.421,41.151],[-83.421,41.153],[-83.421,41.153],[-83.421,41.153],[-83.421,41.154],[-83.421,41.154],[-83.421,41.156],[-83.421,41.157],[-83.421,41.158],[-83.421,41.158],[-83.421,41.158],[-83.421,41.159],[-83.421,41.162],[-83.421,41.163],[-83.421,41.164],[-83.421,41.165],[-83.421,41.167],[-83.421,41.17],[-83.421,41.171],[-83.421,41.171],[-83.421,41.172],[-83.421,41.172],[-83.421,41.173],[-83.421,41.174],[-83.421,41.175],[-83.421,41.175],[-83.421,41.175],[-83.421,41.176],[-83.421,41.179],[-83.421,41.181],[-83.421,41.182],[-83.421,41.186],[-83.421,41.186],[-83.421,41.189],[-83.421,41.196],[-83.421,41.203],[-83.421,41.21],[-83.42,41.218],[-83.42,41.218],[-83.42,41.225],[-83.42,41.232],[-83.42,41.233],[-83.42,41.239],[-83.42,41.24],[-83.42,41.254],[-83.416,41.254],[-83.412,41.254],[-83.411,41.254],[-83.41,41.254],[-83.41,41.254],[-83.409,41.254],[-83.409,41.254],[-83.401,41.254],[-83.394,41.254],[-83.393,41.254],[-83.393,41.254],[-83.392,41.254],[-83.389,41.254],[-83.383,41.255],[-83.382,41.255],[-83.378,41.255],[-83.378,41.255],[-83.367,41.255],[-83.365,41.255],[-83.365,41.255],[-83.364,41.255],[-83.363,41.255],[-83.362,41.255],[-83.362,41.255],[-83.362,41.255],[-83.362,41.255],[-83.355,41.255],[-83.353,41.255],[-83.352,41.255],[-83.344,41.255],[-83.342,41.255],[-83.341,41.255],[-83.341,41.255],[-83.341,41.255],[-83.341,41.255],[-83.341,41.255],[-83.341,41.255],[-83.341,41.255],[-83.341,41.255],[-83.341,41.255],[-83.341,41.255],[-83.334,41.255],[-83.329,41.255],[-83.328,41.255],[-83.326,41.255],[-83.324,41.255],[-83.323,41.255],[-83.323,41.255],[-83.323,41.255],[-83.322,41.255],[-83.319,41.255],[-83.319,41.255],[-83.313,41.255],[-83.312,41.255],[-83.308,41.254],[-83.305,41.254],[-83.303,41.254],[-83.303,41.254],[-83.303,41.254],[-83.302,41.254],[-83.302,41.254],[-83.301,41.254],[-83.299,41.254],[-83.299,41.254],[-83.298,41.254],[-83.297,41.254],[-83.293,41.254],[-83.288,41.254],[-83.286,41.254],[-83.284,41.254],[-83.284,41.254],[-83.284,41.254],[-83.283,41.254],[-83.281,41.254],[-83.275,41.253],[-83.273,41.253],[-83.269,41.253],[-83.264,41.253],[-83.255,41.253],[-83.255,41.253],[-83.25,41.253],[-83.247,41.253],[-83.243,41.253],[-83.241,41.253],[-83.24,41.253],[-83.239,41.253],[-83.237,41.253],[-83.236,41.253],[-83.236,41.253],[-83.226,41.253],[-83.226,41.253],[-83.225,41.253],[-83.225,41.253],[-83.225,41.253],[-83.216,41.253],[-83.207,41.254],[-83.197,41.254],[-83.192,41.255],[-83.188,41.255],[-83.185,41.255],[-83.179,41.255],[-83.168,41.255],[-83.159,41.256],[-83.155,41.256],[-83.147,41.256],[-83.141,41.256],[-83.132,41.256],[-83.129,41.256],[-83.122,41.257],[-83.117,41.257],[-83.115,41.257],[-83.112,41.257],[-83.11,41.257],[-83.104,41.257],[-83.101,41.257],[-83.098,41.257],[-83.098,41.257],[-83.098,41.257],[-83.098,41.257],[-83.098,41.257],[-83.095,41.257],[-83.095,41.257],[-83.093,41.257],[-83.092,41.257],[-83.085,41.257],[-83.083,41.257],[-83.081,41.257],[-83.08,41.257],[-83.077,41.257],[-83.075,41.257],[-83.075,41.257],[-83.073,41.257],[-83.073,41.257],[-83.072,41.257],[-83.071,41.257],[-83.07,41.257],[-83.068,41.257],[-83.064,41.257],[-83.062,41.257],[-83.061,41.257],[-83.059,41.257],[-83.057,41.257],[-83.057,41.257],[-83.056,41.257],[-83.056,41.257],[-83.054,41.257],[-83.052,41.257],[-83.05,41.257],[-83.049,41.257],[-83.048,41.257],[-83.048,41.257],[-83.047,41.257],[-83.047,41.257],[-83.046,41.257],[-83.045,41.257],[-83.043,41.257],[-83.043,41.257],[-83.042,41.257],[-83.038,41.257],[-83.038,41.257],[-83.038,41.257],[-83.038,41.257],[-83.036,41.256],[-83.036,41.256],[-83.033,41.256],[-83.029,41.256],[-83.029,41.256],[-83.025,41.256],[-83.022,41.256],[-83.019,41.256],[-83.018,41.256],[-83.018,41.256],[-83.018,41.256],[-83.014,41.256],[-83.013,41.256],[-83.013,41.256],[-83.012,41.256],[-83.008,41.256],[-83.006,41.256],[-83.005,41.256],[-83.004,41.256],[-83.001,41.256],[-83.001,41.256],[-83,41.256],[-83,41.256],[-82.995,41.256],[-82.995,41.256],[-82.994,41.256],[-82.994,41.256],[-82.981,41.256],[-82.98,41.256],[-82.979,41.256],[-82.975,41.256],[-82.961,41.256],[-82.959,41.256],[-82.956,41.256],[-82.955,41.256],[-82.951,41.256],[-82.946,41.256],[-82.938,41.256],[-82.936,41.256],[-82.927,41.256],[-82.918,41.256],[-82.905,41.256],[-82.897,41.256],[-82.889,41.256],[-82.889,41.256],[-82.887,41.256],[-82.887,41.256],[-82.878,41.256],[-82.873,41.256],[-82.872,41.256],[-82.872,41.256],[-82.868,41.256],[-82.858,41.255],[-82.855,41.255],[-82.854,41.255],[-82.849,41.255],[-82.847,41.255],[-82.842,41.255],[-82.84,41.255],[-82.84,41.254],[-82.84,41.253],[-82.84,41.252],[-82.84,41.25],[-82.84,41.249],[-82.84,41.246],[-82.84,41.242],[-82.84,41.239],[-82.839,41.238],[-82.839,41.236],[-82.839,41.233],[-82.839,41.227],[-82.839,41.226],[-82.839,41.225],[-82.839,41.223],[-82.839,41.219],[-82.839,41.216],[-82.838,41.215],[-82.838,41.212],[-82.838,41.211],[-82.838,41.207],[-82.838,41.202],[-82.838,41.199],[-82.838,41.194],[-82.837,41.192],[-82.837,41.19],[-82.837,41.19],[-82.837,41.19],[-82.837,41.189],[-82.837,41.187],[-82.837,41.186],[-82.837,41.185],[-82.837,41.184],[-82.837,41.183],[-82.837,41.181],[-82.837,41.175],[-82.837,41.174],[-82.837,41.17],[-82.836,41.167],[-82.836,41.166],[-82.836,41.162],[-82.836,41.153],[-82.836,41.153],[-82.836,41.151],[-82.836,41.146],[-82.835,41.144],[-82.835,41.139],[-82.835,41.132],[-82.834,41.117],[-82.834,41.115],[-82.834,41.112],[-82.834,41.109],[-82.834,41.107],[-82.834,41.106],[-82.834,41.104],[-82.834,41.102],[-82.833,41.098],[-82.833,41.095],[-82.833,41.091],[-82.833,41.089],[-82.833,41.087],[-82.833,41.086],[-82.833,41.084],[-82.833,41.083],[-82.833,41.082],[-82.833,41.081],[-82.833,41.081]]]},"properties":{"NAME":"Seneca","GEOID":"39147"}},{"type":"Feature","geometry":{"type":"Polygon","coordinates":[[[-84.459,41.427],[-84.461,41.427],[-84.464,41.427],[-84.467,41.427],[-84.471,41.427],[-84.478,41.427],[-84.482,41.427],[-84.487,41.427],[-84.492,41.427],[-84.498,41.427],[-84.508,41.427],[-84.517,41.427],[-84.521,41.427],[-84.525,41.427],[-84.528,41.427],[-84.534,41.427],[-84.542,41.427],[-84.544,41.427],[-84.55,41.427],[-84.553,41.427],[-84.554,41.427],[-84.561,41.427],[-84.562,41.427],[-84.572,41.427],[-84.576,41.427],[-84.578,41.427],[-84.58,41.427],[-84.585,41.427],[-84.587,41.427],[-84.591,41.427],[-84.593,41.427],[-84.593,41.427],[-84.594,41.427],[-84.596,41.427],[-84.598,41.427],[-84.603,41.427],[-84.606,41.427],[-84.608,41.427],[-84.611,41.427],[-84.612,41.427],[-84.612,41.427],[-84.613,41.427],[-84.613,41.427],[-84.614,41.427],[-84.616,41.427],[-84.617,41.427],[-84.619,41.427],[-84.621,41.427],[-84.623,41.427],[-84.623,41.427],[-84.625,41.427],[-84.626,41.427],[-84.628,41.427],[-84.629,41.427],[-84.631,41.427],[-84.634,41.427],[-84.637,41.427],[-84.643,41.427],[-84.644,41.427],[-84.646,41.427],[-84.649,41.427],[-84.651,41.427],[-84.653,41.427],[-84.655,41.427],[-84.656,41.427],[-84.656,41.427],[-84.669,41.427],[-84.679,41.427],[-84.686,41.427],[-84.687,41.426],[-84.689,41.426],[-84.691,41.426],[-84.694,41.426],[-84.695,41.426],[-84.698,41.426],[-84.699,41.426],[-84.701,41.426],[-84.703,41.426],[-84.705,41.426],[-84.707,41.426],[-84.71,41.426],[-84.713,41.426],[-84.716,41.426],[-84.719,41.426],[-84.72,41.426],[-84.722,41.426],[-84.723,41.426],[-84.724,41.426],[-84.726,41.426],[-84.727,41.426],[-84.729,41.426],[-84.73,41.426],[-84.731,41.426],[-84.732,41.426],[-84.734,41.426],[-84.735,41.426],[-84.736,41.426],[-84.737,41.426],[-84.739,41.426],[-84.74,41.426],[-84.741,41.426],[-84.745,41.426],[-84.749,41.426],[-84.755,41.426],[-84.756,41.426],[-84.765,41.426],[-84.771,41.426],[-84.773,41.426],[-84.778,41.426],[-84.781,41.426],[-84.783,41.426],[-84.787,41.426],[-84.792,41.426],[-84.796,41.426],[-84.798,41.426],[-84.801,41.426],[-84.804,41.426],[-84.804,41.434],[-84.804,41.436],[-84.804,41.438],[-84.804,41.438],[-84.804,41.439],[-84.804,41.442],[-84.804,41.442],[-84.804,41.443],[-84.804,41.443],[-84.804,41.445],[-84.804,41.445],[-84.804,41.445],[-84.804,41.447],[-84.804,41.448],[-84.804,41.451],[-84.804,41.453],[-84.804,41.454],[-84.804,41.455],[-84.804,41.456],[-84.804,41.461],[-84.804,41.463],[-84.804,41.464],[-84.804,41.465],[-84.804,41.465],[-84.804,41.466],[-84.804,41.468],[-84.804,41.47],[-84.804,41.471],[-84.804,41.473],[-84.804,41.475],[-84.804,41.478],[-84.804,41.478],[-84.804,41.479],[-84.804,41.482],[-84.804,41.484],[-84.804,41.486],[-84.804,41.488],[-84.804,41.488],[-84.804,41.505],[-84.805,41.511],[-84.805,41.513],[-84.805,41.513],[-84.805,41.515],[-84.805,41.516],[-84.805,41.516],[-84.805,41.518],[-84.805,41.521],[-84.805,41.523],[-84.805,41.524],[-84.805,41.525],[-84.805,41.526],[-84.805,41.529],[-84.805,41.53],[-84.805,41.532],[-84.805,41.534],[-84.805,41.537],[-84.805,41.542],[-84.805,41.543],[-84.805,41.545],[-84.805,41.545],[-84.805,41.545],[-84.805,41.546],[-84.805,41.548],[-84.805,41.548],[-84.805,41.55],[-84.805,41.556],[-84.805,41.557],[-84.805,41.558],[-84.805,41.559],[-84.805,41.561],[-84.805,41.562],[-84.805,41.564],[-84.805,41.567],[-84.805,41.568],[-84.805,41.57],[-84.805,41.571],[-84.805,41.572],[-84.805,41.575],[-84.805,41.576],[-84.805,41.577],[-84.805,41.577],[-84.805,41.577],[-84.805,41.578],[-84.805,41.579],[-84.805,41.58],[-84.805,41.582],[-84.805,41.584],[-84.805,41.586],[-84.805,41.587],[-84.805,41.588],[-84.805,41.589],[-84.805,41.59],[-84.805,41.592],[-84.805,41.592],[-84.805,41.594],[-84.805,41.595],[-84.806,41.596],[-84.806,41.597],[-84.806,41.598],[-84.806,41.599],[-84.806,41.6],[-84.806,41.601],[-84.806,41.602],[-84.806,41.603],[-84.806,41.603],[-84.806,41.604],[-84.806,41.606],[-84.806,41.609],[-84.806,41.611],[-84.806,41.612],[-84.806,41.613],[-84.806,41.616],[-84.806,41.619],[-84.806,41.628],[-84.806,41.629],[-84.806,41.632],[-84.806,41.64],[-84.806,41.642],[-84.806,41.644],[-84.806,41.651],[-84.806,41.66],[-84.806,41.664],[-84.806,41.667],[-84.806,41.669],[-84.806,41.673],[-84.806,41.675],[-84.806,41.675],[-84.806,41.676],[-84.806,41.679],[-84.806,41.681],[-84.806,41.683],[-84.806,41.684],[-84.806,41.685],[-84.806,41.686],[-84.806,41.687],[-84.806,41.688],[-84.806,41.689],[-84.806,41.689],[-84.806,41.691],[-84.806,41.691],[-84.806,41.693],[-84.806,41.694],[-84.806,41.695],[-84.806,41.695],[-84.797,41.696],[-84.789,41.697],[-84.782,41.697],[-84.75,41.698],[-84.733,41.699],[-84.709,41.699],[-84.689,41.7],[-84.686,41.7],[-84.683,41.7],[-84.68,41.7],[-84.672,41.7],[-84.633,41.701],[-84.625,41.701],[-84.602,41.701],[-84.592,41.701],[-84.59,41.702],[-84.58,41.702],[-84.562,41.702],[-84.553,41.702],[-84.521,41.703],[-84.5,41.704],[-84.476,41.704],[-84.457,41.704],[-84.456,41.704],[-84.438,41.705],[-84.425,41.705],[-84.419,41.705],[-84.409,41.706],[-84.4,41.706],[-84.399,41.695],[-84.399,41.68],[-84.399,41.675],[-84.399,41.661],[-84.399,41.658],[-84.399,41.652],[-84.399,41.651],[-84.399,41.643],[-84.399,41.641],[-84.399,41.64],[-84.399,41.638],[-84.399,41.635],[-84.399,41.634],[-84.398,41.63],[-84.398,41.624],[-84.398,41.622],[-84.397,41.617],[-84.39,41.617],[-84.383,41.617],[-84.381,41.604],[-84.381,41.602],[-84.381,41.601],[-84.381,41.6],[-84.381,41.592],[-84.381,41.586],[-84.381,41.579],[-84.381,41.57],[-84.381,41.567],[-84.381,41.564],[-84.381,41.564],[-84.381,41.563],[-84.381,41.562],[-84.381,41.56],[-84.381,41.56],[-84.381,41.559],[-84.381,41.558],[-84.381,41.558],[-84.381,41.555],[-84.381,41.549],[-84.381,41.548],[-84.381,41.547],[-84.381,41.542],[-84.381,41.528],[-84.381,41.519],[-84.381,41.516],[-84.371,41.514],[-84.347,41.514],[-84.342,41.514],[-84.342,41.503],[-84.342,41.5],[-84.342,41.5],[-84.342,41.5],[-84.342,41.498],[-84.342,41.495],[-84.342,41.494],[-84.342,41.493],[-84.342,41.491],[-84.342,41.49],[-84.342,41.489],[-84.342,41.487],[-84.342,41.486],[-84.342,41.486],[-84.342,41.485],[-84.342,41.484],[-84.342,41.484],[-84.342,41.483],[-84.342,41.482],[-84.342,41.482],[-84.342,41.481],[-84.342,41.48],[-84.342,41.48],[-84.342,41.479],[-84.342,41.479],[-84.342,41.478],[-84.342,41.477],[-84.342,41.477],[-84.342,41.476],[-84.342,41.476],[-84.342,41.475],[-84.342,41.474],[-84.342,41.473],[-84.342,41.472],[-84.342,41.471],[-84.342,41.466],[-84.342,41.463],[-84.342,41.462],[-84.342,41.459],[-84.342,41.457],[-84.342,41.452],[-84.342,41.451],[-84.342,41.445],[-84.342,41.442],[-84.342,41.441],[-84.342,41.44],[-84.342,41.439],[-84.342,41.438],[-84.342,41.437],[-84.342,41.436],[-84.342,41.434],[-84.342,41.432],[-84.342,41.432],[-84.342,41.43],[-84.342,41.428],[-84.349,41.428],[-84.351,41.428],[-84.357,41.428],[-84.359,41.428],[-84.36,41.428],[-84.362,41.428],[-84.363,41.428],[-84.367,41.428],[-84.376,41.428],[-84.379,41.428],[-84.382,41.428],[-84.385,41.427],[-84.387,41.427],[-84.388,41.427],[-84.388,41.427],[-84.389,41.427],[-84.392,41.427],[-84.396,41.427],[-84.398,41.427],[-84.399,41.427],[-84.41,41.427],[-84.424,41.427],[-84.428,41.427],[-84.429,41.427],[-84.438,41.427],[-84.439,41.427],[-84.445,41.427],[-84.447,41.427],[-84.45,41.427],[-84.455,41.427],[-84.458,41.427],[-84.459,41.427],[-84.459,41.427]]]},"properties":{"NAME":"Williams","GEOID":"39171"}},{"type":"Feature","geometry":{"type":"Polygon","coordinates":[[[-84.004,39.136],[-84.004,39.136],[-84.004,39.138],[-84.004,39.14],[-84.004,39.141],[-84.004,39.141],[-84.003,39.144],[-84.003,39.144],[-84.003,39.144],[-84.003,39.146],[-84.003,39.147],[-84.003,39.147],[-84.003,39.148],[-84.003,39.151],[-84.002,39.157],[-84,39.168],[-84,39.174],[-83.999,39.178],[-83.998,39.186],[-83.998,39.191],[-83.997,39.196],[-83.995,39.212],[-83.993,39.228],[-83.993,39.229],[-83.992,39.235],[-83.992,39.236],[-83.992,39.238],[-83.991,39.243],[-83.99,39.254],[-83.982,39.254],[-83.972,39.253],[-83.967,39.253],[-83.965,39.253],[-83.963,39.253],[-83.961,39.252],[-83.957,39.252],[-83.95,39.252],[-83.946,39.252],[-83.944,39.252],[-83.937,39.251],[-83.936,39.251],[-83.915,39.25],[-83.905,39.249],[-83.902,39.249],[-83.898,39.249],[-83.897,39.249],[-83.884,39.248],[-83.875,39.248],[-83.866,39.243],[-83.866,39.237],[-83.866,39.234],[-83.866,39.234],[-83.866,39.234],[-83.866,39.23],[-83.866,39.223],[-83.866,39.215],[-83.866,39.213],[-83.866,39.209],[-83.867,39.201],[-83.867,39.193],[-83.867,39.179],[-83.867,39.166],[-83.867,39.161],[-83.867,39.156],[-83.867,39.142],[-83.868,39.14],[-83.868,39.125],[-83.868,39.119],[-83.868,39.113],[-83.869,39.089],[-83.87,39.071],[-83.87,39.057],[-83.871,39.043],[-83.871,39.039],[-83.872,39.027],[-83.872,39.024],[-83.871,39.021],[-83.866,39.021],[-83.863,39.021],[-83.842,39.02],[-83.84,39.02],[-83.84,39.02],[-83.84,39.02],[-83.838,39.02],[-83.837,39.02],[-83.836,39.021],[-83.835,39.02],[-83.835,39.02],[-83.825,39.02],[-83.819,39.02],[-83.813,39.02],[-83.809,39.02],[-83.807,39.02],[-83.807,39.02],[-83.806,39.02],[-83.806,39.02],[-83.806,39.02],[-83.805,39.02],[-83.803,39.02],[-83.785,39.02],[-83.783,39.02],[-83.781,39.02],[-83.775,39.02],[-83.763,39.02],[-83.75,39.02],[-83.727,39.021],[-83.702,39.021],[-83.697,39.021],[-83.691,39.021],[-83.686,39.021],[-83.678,39.021],[-83.674,39.02],[-83.673,39.019],[-83.674,39.007],[-83.675,39.001],[-83.675,38.999],[-83.675,38.997],[-83.676,38.987],[-83.677,38.977],[-83.677,38.972],[-83.678,38.97],[-83.679,38.954],[-83.679,38.952],[-83.68,38.948],[-83.68,38.947],[-83.68,38.947],[-83.68,38.943],[-83.68,38.942],[-83.681,38.933],[-83.682,38.921],[-83.683,38.909],[-83.683,38.909],[-83.683,38.906],[-83.684,38.894],[-83.686,38.875],[-83.686,38.868],[-83.687,38.86],[-83.688,38.853],[-83.689,38.838],[-83.69,38.831],[-83.691,38.813],[-83.692,38.809],[-83.693,38.796],[-83.694,38.79],[-83.695,38.776],[-83.696,38.762],[-83.697,38.757],[-83.697,38.75],[-83.698,38.746],[-83.699,38.73],[-83.7,38.722],[-83.7,38.718],[-83.701,38.707],[-83.701,38.704],[-83.702,38.692],[-83.703,38.684],[-83.703,38.678],[-83.704,38.664],[-83.704,38.663],[-83.704,38.659],[-83.705,38.651],[-83.705,38.646],[-83.705,38.645],[-83.705,38.643],[-83.705,38.642],[-83.705,38.64],[-83.706,38.64],[-83.708,38.64],[-83.71,38.641],[-83.711,38.642],[-83.712,38.642],[-83.714,38.642],[-83.715,38.643],[-83.717,38.643],[-83.718,38.645],[-83.718,38.645],[-83.72,38.646],[-83.722,38.647],[-83.725,38.647],[-83.73,38.647],[-83.734,38.648],[-83.74,38.648],[-83.744,38.649],[-83.748,38.649],[-83.75,38.65],[-83.752,38.65],[-83.758,38.651],[-83.76,38.652],[-83.764,38.653],[-83.767,38.654],[-83.77,38.656],[-83.772,38.658],[-83.773,38.661],[-83.774,38.663],[-83.775,38.664],[-83.776,38.669],[-83.777,38.671],[-83.778,38.675],[-83.779,38.679],[-83.779,38.683],[-83.78,38.686],[-83.782,38.692],[-83.783,38.693],[-83.783,38.695],[-83.784,38.696],[-83.785,38.698],[-83.788,38.7],[-83.79,38.701],[-83.792,38.702],[-83.794,38.703],[-83.798,38.704],[-83.8,38.705],[-83.801,38.705],[-83.803,38.706],[-83.806,38.706],[-83.808,38.707],[-83.814,38.707],[-83.817,38.708],[-83.822,38.709],[-83.822,38.71],[-83.824,38.71],[-83.825,38.711],[-83.826,38.712],[-83.828,38.713],[-83.833,38.716],[-83.837,38.718],[-83.838,38.719],[-83.839,38.72],[-83.84,38.722],[-83.841,38.723],[-83.842,38.726],[-83.843,38.731],[-83.844,38.734],[-83.845,38.738],[-83.845,38.739],[-83.846,38.741],[-83.847,38.744],[-83.848,38.746],[-83.851,38.75],[-83.852,38.752],[-83.853,38.753],[-83.854,38.753],[-83.855,38.754],[-83.855,38.754],[-83.856,38.754],[-83.856,38.755],[-83.857,38.756],[-83.859,38.757],[-83.861,38.758],[-83.862,38.758],[-83.864,38.759],[-83.866,38.76],[-83.871,38.762],[-83.872,38.762],[-83.875,38.763],[-83.877,38.763],[-83.879,38.763],[-83.883,38.764],[-83.885,38.765],[-83.888,38.766],[-83.89,38.766],[-83.891,38.766],[-83.894,38.767],[-83.897,38.767],[-83.901,38.768],[-83.904,38.768],[-83.907,38.769],[-83.91,38.769],[-83.913,38.77],[-83.916,38.77],[-83.918,38.77],[-83.92,38.77],[-83.922,38.77],[-83.924,38.771],[-83.927,38.771],[-83.928,38.772],[-83.929,38.773],[-83.928,38.773],[-83.927,38.773],[-83.926,38.774],[-83.926,38.774],[-83.929,38.775],[-83.932,38.776],[-83.936,38.779],[-83.937,38.78],[-83.939,38.78],[-83.94,38.781],[-83.943,38.783],[-83.945,38.784],[-83.951,38.786],[-83.955,38.786],[-83.957,38.787],[-83.959,38.787],[-83.962,38.787],[-83.964,38.787],[-83.968,38.787],[-83.972,38.787],[-83.974,38.787],[-83.976,38.788],[-83.978,38.787],[-83.98,38.787],[-83.982,38.786],[-83.985,38.785],[-83.987,38.785],[-83.988,38.784],[-83.99,38.783],[-83.992,38.783],[-83.994,38.783],[-83.996,38.782],[-83.997,38.782],[-83.999,38.781],[-84.003,38.781],[-84.006,38.78],[-84.01,38.779],[-84.018,38.776],[-84.02,38.776],[-84.022,38.775],[-84.026,38.774],[-84.028,38.774],[-84.029,38.774],[-84.031,38.773],[-84.032,38.773],[-84.035,38.772],[-84.036,38.772],[-84.037,38.772],[-84.041,38.771],[-84.045,38.771],[-84.05,38.771],[-84.052,38.772],[-84.048,38.806],[-84.047,38.811],[-84.046,38.824],[-84.045,38.829],[-84.043,38.843],[-84.041,38.86],[-84.04,38.868],[-84.039,38.873],[-84.039,38.875],[-84.039,38.877],[-84.039,38.877],[-84.039,38.879],[-84.038,38.88],[-84.038,38.885],[-84.037,38.887],[-84.037,38.89],[-84.037,38.892],[-84.037,38.894],[-84.037,38.896],[-84.036,38.897],[-84.036,38.899],[-84.036,38.901],[-84.036,38.902],[-84.036,38.903],[-84.036,38.903],[-84.036,38.904],[-84.036,38.905],[-84.036,38.905],[-84.033,38.923],[-84.032,38.936],[-84.03,38.949],[-84.03,38.95],[-84.029,38.952],[-84.029,38.952],[-84.029,38.953],[-84.029,38.955],[-84.029,38.958],[-84.028,38.959],[-84.028,38.96],[-84.028,38.961],[-84.028,38.965],[-84.028,38.966],[-84.028,38.966],[-84.027,38.969],[-84.027,38.973],[-84.027,38.975],[-84.026,38.979],[-84.026,38.982],[-84.026,38.985],[-84.025,38.986],[-84.025,38.986],[-84.025,38.987],[-84.025,38.991],[-84.024,38.995],[-84.024,38.996],[-84.024,38.997],[-84.023,39.001],[-84.023,39.004],[-84.022,39.007],[-84.022,39.01],[-84.022,39.011],[-84.021,39.014],[-84.02,39.02],[-84.02,39.027],[-84.019,39.033],[-84.019,39.034],[-84.018,39.037],[-84.015,39.059],[-84.015,39.061],[-84.014,39.07],[-84.013,39.077],[-84.011,39.087],[-84.011,39.091],[-84.01,39.092],[-84.01,39.093],[-84.01,39.098],[-84.009,39.104],[-84.009,39.106],[-84.008,39.107],[-84.008,39.109],[-84.008,39.114],[-84.007,39.116],[-84.007,39.118],[-84.007,39.118],[-84.007,39.119],[-84.007,39.121],[-84.006,39.125],[-84.006,39.126],[-84.005,39.129],[-84.005,39.13],[-84.005,39.131],[-84.005,39.131],[-84.005,39.133],[-84.004,39.135],[-84.004,39.135],[-84.004,39.136]]]},"properties":{"NAME":"Brown","GEOID":"39015"}},{"type":"Feature","geometry":{"type":"Polygon","coordinates":[[[-84.002,40.483],[-83.997,40.483],[-83.995,40.483],[-83.994,40.483],[-83.994,40.484],[-83.994,40.488],[-83.994,40.49],[-83.994,40.491],[-83.994,40.492],[-83.994,40.494],[-83.994,40.495],[-83.994,40.503],[-83.994,40.505],[-83.994,40.51],[-83.994,40.519],[-83.994,40.527],[-83.994,40.529],[-83.994,40.534],[-83.994,40.535],[-83.975,40.535],[-83.959,40.535],[-83.956,40.535],[-83.939,40.535],[-83.934,40.535],[-83.925,40.535],[-83.921,40.535],[-83.913,40.535],[-83.912,40.535],[-83.911,40.535],[-83.894,40.537],[-83.882,40.538],[-83.88,40.532],[-83.856,40.53],[-83.84,40.53],[-83.82,40.528],[-83.807,40.528],[-83.804,40.527],[-83.796,40.527],[-83.769,40.525],[-83.747,40.524],[-83.734,40.523],[-83.722,40.522],[-83.712,40.522],[-83.692,40.521],[-83.684,40.52],[-83.661,40.519],[-83.646,40.518],[-83.634,40.517],[-83.624,40.516],[-83.619,40.516],[-83.602,40.515],[-83.583,40.514],[-83.579,40.513],[-83.578,40.513],[-83.577,40.513],[-83.576,40.513],[-83.575,40.513],[-83.573,40.513],[-83.571,40.513],[-83.566,40.513],[-83.562,40.513],[-83.561,40.512],[-83.556,40.512],[-83.54,40.511],[-83.539,40.511],[-83.522,40.51],[-83.52,40.505],[-83.52,40.505],[-83.52,40.504],[-83.52,40.503],[-83.522,40.493],[-83.524,40.474],[-83.525,40.462],[-83.526,40.459],[-83.528,40.441],[-83.529,40.431],[-83.529,40.428],[-83.53,40.418],[-83.531,40.408],[-83.532,40.404],[-83.532,40.402],[-83.533,40.393],[-83.534,40.388],[-83.534,40.382],[-83.535,40.374],[-83.537,40.363],[-83.538,40.348],[-83.539,40.341],[-83.539,40.338],[-83.541,40.327],[-83.541,40.322],[-83.543,40.309],[-83.543,40.301],[-83.544,40.298],[-83.544,40.291],[-83.544,40.291],[-83.545,40.287],[-83.545,40.282],[-83.545,40.281],[-83.546,40.277],[-83.547,40.272],[-83.548,40.263],[-83.548,40.26],[-83.548,40.256],[-83.549,40.252],[-83.549,40.247],[-83.55,40.244],[-83.551,40.234],[-83.551,40.23],[-83.554,40.23],[-83.56,40.23],[-83.56,40.23],[-83.579,40.231],[-83.595,40.232],[-83.6,40.233],[-83.624,40.235],[-83.63,40.235],[-83.643,40.236],[-83.646,40.236],[-83.663,40.237],[-83.666,40.238],[-83.668,40.238],[-83.678,40.238],[-83.711,40.241],[-83.746,40.243],[-83.751,40.243],[-83.764,40.244],[-83.767,40.244],[-83.775,40.245],[-83.785,40.248],[-83.785,40.251],[-83.784,40.254],[-83.784,40.26],[-83.784,40.26],[-83.784,40.26],[-83.784,40.26],[-83.786,40.26],[-83.793,40.26],[-83.796,40.261],[-83.803,40.261],[-83.81,40.261],[-83.813,40.262],[-83.817,40.262],[-83.821,40.262],[-83.823,40.262],[-83.828,40.263],[-83.831,40.263],[-83.831,40.263],[-83.835,40.263],[-83.836,40.263],[-83.841,40.263],[-83.841,40.263],[-83.85,40.264],[-83.856,40.264],[-83.864,40.265],[-83.869,40.265],[-83.874,40.265],[-83.879,40.265],[-83.879,40.265],[-83.894,40.266],[-83.906,40.267],[-83.915,40.268],[-83.927,40.268],[-83.961,40.27],[-83.965,40.27],[-83.976,40.271],[-83.983,40.271],[-83.993,40.272],[-84.008,40.273],[-84.015,40.274],[-84.014,40.285],[-84.013,40.291],[-84.012,40.299],[-84.012,40.303],[-84.011,40.306],[-84.011,40.315],[-84.01,40.317],[-84.01,40.318],[-84.006,40.316],[-84.006,40.315],[-84.004,40.313],[-84.004,40.324],[-84.004,40.337],[-84.004,40.365],[-84.005,40.376],[-84.005,40.376],[-84.002,40.391],[-84.002,40.395],[-84.002,40.417],[-84.002,40.435],[-84.002,40.446],[-84.002,40.457],[-84.002,40.469],[-84.002,40.483]]]},"properties":{"NAME":"Logan","GEOID":"39091"}},{"type":"Feature","geometry":{"type":"Polygon","coordinates":[[[-81.002,41.134],[-81,41.134],[-80.999,41.134],[-80.997,41.134],[-80.996,41.134],[-80.995,41.134],[-80.994,41.134],[-80.991,41.134],[-80.99,41.134],[-80.984,41.134],[-80.979,41.134],[-80.975,41.134],[-80.971,41.134],[-80.969,41.134],[-80.968,41.134],[-80.968,41.134],[-80.967,41.134],[-80.965,41.134],[-80.961,41.134],[-80.957,41.134],[-80.954,41.134],[-80.947,41.134],[-80.94,41.134],[-80.939,41.134],[-80.936,41.134],[-80.93,41.134],[-80.928,41.134],[-80.924,41.134],[-80.922,41.134],[-80.919,41.134],[-80.918,41.134],[-80.916,41.134],[-80.912,41.134],[-80.91,41.134],[-80.908,41.134],[-80.905,41.134],[-80.897,41.134],[-80.888,41.134],[-80.886,41.134],[-80.886,41.134],[-80.874,41.134],[-80.866,41.134],[-80.857,41.134],[-80.828,41.134],[-80.819,41.134],[-80.813,41.134],[-80.811,41.134],[-80.809,41.134],[-80.806,41.134],[-80.802,41.134],[-80.798,41.134],[-80.791,41.134],[-80.783,41.134],[-80.779,41.134],[-80.777,41.134],[-80.777,41.134],[-80.774,41.134],[-80.773,41.134],[-80.772,41.134],[-80.765,41.134],[-80.761,41.134],[-80.759,41.134],[-80.756,41.134],[-80.753,41.134],[-80.752,41.134],[-80.751,41.134],[-80.749,41.134],[-80.745,41.134],[-80.738,41.134],[-80.736,41.134],[-80.734,41.134],[-80.731,41.134],[-80.724,41.134],[-80.711,41.134],[-80.703,41.134],[-80.698,41.134],[-80.692,41.134],[-80.687,41.134],[-80.683,41.134],[-80.678,41.134],[-80.677,41.134],[-80.674,41.134],[-80.673,41.134],[-80.672,41.134],[-80.67,41.134],[-80.667,41.134],[-80.665,41.134],[-80.663,41.134],[-80.661,41.134],[-80.66,41.134],[-80.66,41.134],[-80.66,41.134],[-80.659,41.134],[-80.659,41.134],[-80.656,41.134],[-80.653,41.134],[-80.652,41.134],[-80.645,41.134],[-80.639,41.134],[-80.638,41.134],[-80.636,41.134],[-80.635,41.134],[-80.631,41.133],[-80.628,41.133],[-80.622,41.134],[-80.621,41.133],[-80.617,41.133],[-80.616,41.133],[-80.615,41.133],[-80.614,41.133],[-80.597,41.133],[-80.591,41.133],[-80.589,41.133],[-80.587,41.133],[-80.584,41.133],[-80.583,41.133],[-80.581,41.133],[-80.58,41.133],[-80.578,41.133],[-80.577,41.133],[-80.575,41.133],[-80.574,41.133],[-80.571,41.133],[-80.57,41.133],[-80.569,41.133],[-80.561,41.133],[-80.552,41.133],[-80.549,41.133],[-80.548,41.133],[-80.547,41.133],[-80.545,41.133],[-80.542,41.133],[-80.537,41.133],[-80.534,41.133],[-80.534,41.133],[-80.523,41.133],[-80.519,41.133],[-80.519,41.125],[-80.519,41.125],[-80.519,41.12],[-80.519,41.119],[-80.519,41.117],[-80.519,41.116],[-80.519,41.116],[-80.519,41.104],[-80.519,41.097],[-80.519,41.09],[-80.519,41.086],[-80.519,41.084],[-80.519,41.084],[-80.519,41.083],[-80.519,41.072],[-80.519,41.071],[-80.519,41.064],[-80.519,41.063],[-80.519,41.063],[-80.519,41.062],[-80.519,41.062],[-80.519,41.052],[-80.519,41.033],[-80.519,41.032],[-80.519,41.032],[-80.519,41.03],[-80.519,41.03],[-80.519,41.029],[-80.519,41.024],[-80.519,41.017],[-80.519,41.017],[-80.519,41.017],[-80.519,41.016],[-80.519,41.015],[-80.519,41.015],[-80.519,41.014],[-80.519,41.013],[-80.519,41.012],[-80.519,41.011],[-80.519,41.01],[-80.519,41.006],[-80.519,41.003],[-80.519,41],[-80.519,40.995],[-80.519,40.994],[-80.519,40.987],[-80.519,40.983],[-80.519,40.981],[-80.519,40.978],[-80.519,40.976],[-80.519,40.975],[-80.519,40.974],[-80.519,40.973],[-80.519,40.973],[-80.519,40.972],[-80.519,40.97],[-80.519,40.968],[-80.519,40.965],[-80.519,40.964],[-80.519,40.961],[-80.519,40.961],[-80.519,40.957],[-80.519,40.953],[-80.519,40.953],[-80.519,40.951],[-80.519,40.946],[-80.519,40.945],[-80.519,40.943],[-80.519,40.942],[-80.519,40.937],[-80.519,40.931],[-80.519,40.922],[-80.519,40.922],[-80.519,40.915],[-80.519,40.914],[-80.519,40.903],[-80.519,40.902],[-80.532,40.9],[-80.547,40.9],[-80.571,40.9],[-80.576,40.9],[-80.595,40.9],[-80.595,40.9],[-80.605,40.9],[-80.618,40.9],[-80.632,40.9],[-80.634,40.9],[-80.635,40.9],[-80.647,40.9],[-80.652,40.9],[-80.656,40.9],[-80.659,40.9],[-80.663,40.9],[-80.67,40.9],[-80.673,40.9],[-80.679,40.9],[-80.682,40.9],[-80.684,40.9],[-80.686,40.9],[-80.688,40.9],[-80.689,40.9],[-80.691,40.9],[-80.691,40.9],[-80.692,40.9],[-80.693,40.9],[-80.694,40.9],[-80.696,40.9],[-80.698,40.9],[-80.701,40.9],[-80.701,40.9],[-80.702,40.9],[-80.704,40.9],[-80.705,40.9],[-80.707,40.9],[-80.712,40.9],[-80.713,40.9],[-80.722,40.9],[-80.723,40.9],[-80.729,40.9],[-80.733,40.9],[-80.734,40.9],[-80.744,40.9],[-80.751,40.901],[-80.757,40.901],[-80.759,40.901],[-80.759,40.901],[-80.76,40.901],[-80.761,40.901],[-80.761,40.901],[-80.762,40.901],[-80.762,40.901],[-80.763,40.901],[-80.764,40.901],[-80.765,40.901],[-80.766,40.901],[-80.767,40.901],[-80.768,40.901],[-80.769,40.901],[-80.769,40.901],[-80.77,40.901],[-80.77,40.901],[-80.771,40.901],[-80.773,40.901],[-80.774,40.901],[-80.777,40.901],[-80.778,40.901],[-80.779,40.901],[-80.783,40.901],[-80.785,40.901],[-80.785,40.901],[-80.786,40.901],[-80.786,40.901],[-80.787,40.901],[-80.79,40.901],[-80.792,40.901],[-80.793,40.901],[-80.797,40.901],[-80.797,40.901],[-80.797,40.901],[-80.8,40.901],[-80.8,40.901],[-80.801,40.901],[-80.807,40.901],[-80.814,40.901],[-80.815,40.901],[-80.815,40.901],[-80.82,40.901],[-80.822,40.902],[-80.822,40.908],[-80.822,40.909],[-80.822,40.909],[-80.822,40.91],[-80.822,40.911],[-80.822,40.912],[-80.822,40.916],[-80.822,40.917],[-80.822,40.917],[-80.822,40.917],[-80.822,40.92],[-80.822,40.921],[-80.825,40.93],[-80.829,40.93],[-80.83,40.93],[-80.84,40.93],[-80.845,40.93],[-80.849,40.93],[-80.85,40.93],[-80.853,40.93],[-80.855,40.93],[-80.856,40.93],[-80.86,40.93],[-80.863,40.93],[-80.866,40.93],[-80.868,40.93],[-80.874,40.93],[-80.882,40.93],[-80.884,40.93],[-80.89,40.93],[-80.891,40.93],[-80.891,40.93],[-80.896,40.93],[-80.896,40.926],[-80.896,40.916],[-80.896,40.905],[-80.896,40.903],[-80.896,40.902],[-80.896,40.901],[-80.899,40.901],[-80.902,40.901],[-80.905,40.901],[-80.907,40.901],[-80.911,40.901],[-80.913,40.901],[-80.915,40.901],[-80.918,40.901],[-80.92,40.901],[-80.921,40.901],[-80.922,40.901],[-80.924,40.901],[-80.928,40.901],[-80.928,40.901],[-80.933,40.901],[-80.934,40.901],[-80.936,40.901],[-80.937,40.901],[-80.942,40.901],[-80.944,40.901],[-80.945,40.901],[-80.946,40.901],[-80.95,40.901],[-80.951,40.901],[-80.952,40.901],[-80.953,40.901],[-80.954,40.901],[-80.955,40.901],[-80.956,40.901],[-80.956,40.901],[-80.958,40.901],[-80.958,40.901],[-80.961,40.901],[-80.965,40.901],[-80.972,40.901],[-80.974,40.901],[-80.977,40.901],[-80.979,40.901],[-80.982,40.901],[-80.984,40.901],[-80.988,40.902],[-80.989,40.902],[-80.992,40.902],[-80.999,40.902],[-81,40.902],[-81.001,40.902],[-81.002,40.902],[-81.004,40.902],[-81.007,40.902],[-81.009,40.902],[-81.012,40.902],[-81.014,40.901],[-81.016,40.901],[-81.018,40.901],[-81.019,40.902],[-81.02,40.901],[-81.025,40.901],[-81.027,40.901],[-81.031,40.901],[-81.032,40.901],[-81.033,40.901],[-81.034,40.901],[-81.037,40.901],[-81.04,40.901],[-81.047,40.902],[-81.048,40.902],[-81.05,40.902],[-81.052,40.902],[-81.055,40.902],[-81.057,40.902],[-81.063,40.902],[-81.065,40.902],[-81.067,40.902],[-81.07,40.902],[-81.071,40.902],[-81.073,40.902],[-81.075,40.902],[-81.077,40.902],[-81.078,40.902],[-81.079,40.902],[-81.083,40.902],[-81.085,40.902],[-81.086,40.902],[-81.087,40.902],[-81.087,40.903],[-81.087,40.903],[-81.087,40.906],[-81.087,40.907],[-81.087,40.909],[-81.087,40.91],[-81.087,40.912],[-81.087,40.913],[-81.087,40.914],[-81.087,40.915],[-81.087,40.916],[-81.087,40.917],[-81.087,40.919],[-81.087,40.92],[-81.087,40.92],[-81.087,40.923],[-81.087,40.926],[-81.087,40.926],[-81.087,40.927],[-81.087,40.93],[-81.087,40.932],[-81.087,40.933],[-81.087,40.936],[-81.087,40.941],[-81.087,40.941],[-81.087,40.945],[-81.086,40.954],[-81.086,40.958],[-81.086,40.961],[-81.086,40.962],[-81.086,40.974],[-81.086,40.981],[-81.086,40.986],[-81.086,40.988],[-81.085,40.988],[-81.08,40.988],[-81.079,40.988],[-81.076,40.988],[-81.073,40.988],[-81.07,40.988],[-81.069,40.988],[-81.067,40.988],[-81.066,40.988],[-81.061,40.988],[-81.051,40.988],[-81.05,40.988],[-81.041,40.988],[-81.036,40.988],[-81.027,40.988],[-81.01,40.988],[-81.01,40.988],[-81.009,40.988],[-81.008,40.988],[-81.004,40.988],[-81.002,40.988],[-81.002,40.998],[-81.002,41],[-81.002,41.002],[-81.002,41.002],[-81.002,41.004],[-81.002,41.01],[-81.002,41.021],[-81.002,41.025],[-81.002,41.036],[-81.002,41.046],[-81.003,41.046],[-81.002,41.047],[-81.002,41.063],[-81.002,41.073],[-81.002,41.073],[-81.002,41.075],[-81.002,41.079],[-81.002,41.084],[-81.002,41.087],[-81.002,41.089],[-81.002,41.089],[-81.002,41.091],[-81.002,41.091],[-81.002,41.093],[-81.002,41.094],[-81.002,41.095],[-81.002,41.096],[-81.002,41.099],[-81.002,41.099],[-81.002,41.1],[-81.002,41.1],[-81.002,41.102],[-81.002,41.104],[-81.002,41.106],[-81.002,41.108],[-81.002,41.111],[-81.002,41.113],[-81.002,41.115],[-81.002,41.116],[-81.002,41.118],[-81.002,41.12],[-81.002,41.127],[-81.002,41.133],[-81.002,41.134]]]},"properties":{"NAME":"Mahoning","GEOID":"39099"}},{"type":"Feature","geometry":{"type":"Polygon","coordinates":[[[-82.221,40.667],[-82.212,40.667],[-82.193,40.667],[-82.168,40.668],[-82.157,40.668],[-82.146,40.668],[-82.138,40.668],[-82.137,40.668],[-82.133,40.668],[-82.116,40.668],[-82.112,40.668],[-82.111,40.668],[-82.11,40.668],[-82.109,40.668],[-82.107,40.668],[-82.107,40.668],[-82.097,40.668],[-82.094,40.668],[-82.091,40.668],[-82.088,40.668],[-82.087,40.668],[-82.085,40.668],[-82.081,40.668],[-82.079,40.668],[-82.077,40.668],[-82.074,40.668],[-82.07,40.668],[-82.069,40.668],[-82.066,40.668],[-82.064,40.668],[-82.061,40.668],[-82.057,40.668],[-82.053,40.668],[-82.052,40.668],[-82.049,40.668],[-82.043,40.668],[-82.04,40.668],[-82.037,40.668],[-82.035,40.668],[-82.034,40.668],[-82.03,40.668],[-82.029,40.668],[-82.028,40.668],[-82.027,40.668],[-82.025,40.668],[-82.024,40.668],[-82.023,40.668],[-82.021,40.668],[-82.019,40.668],[-82.019,40.668],[-82.016,40.668],[-82.012,40.668],[-82.01,40.668],[-82.006,40.668],[-82.005,40.668],[-82.001,40.668],[-81.998,40.668],[-81.996,40.668],[-81.995,40.668],[-81.993,40.668],[-81.992,40.668],[-81.989,40.668],[-81.982,40.668],[-81.979,40.668],[-81.978,40.668],[-81.975,40.668],[-81.974,40.668],[-81.973,40.668],[-81.972,40.668],[-81.972,40.668],[-81.957,40.668],[-81.946,40.667],[-81.933,40.667],[-81.932,40.667],[-81.926,40.667],[-81.924,40.667],[-81.922,40.667],[-81.92,40.667],[-81.914,40.667],[-81.904,40.667],[-81.902,40.667],[-81.899,40.667],[-81.898,40.667],[-81.896,40.667],[-81.895,40.667],[-81.894,40.667],[-81.882,40.667],[-81.877,40.667],[-81.877,40.667],[-81.875,40.667],[-81.861,40.667],[-81.852,40.667],[-81.83,40.668],[-81.818,40.668],[-81.796,40.668],[-81.775,40.668],[-81.765,40.668],[-81.761,40.668],[-81.755,40.668],[-81.736,40.668],[-81.729,40.668],[-81.726,40.668],[-81.725,40.668],[-81.724,40.668],[-81.721,40.668],[-81.72,40.668],[-81.718,40.668],[-81.716,40.668],[-81.715,40.668],[-81.714,40.668],[-81.713,40.668],[-81.711,40.668],[-81.71,40.668],[-81.71,40.668],[-81.709,40.668],[-81.709,40.668],[-81.708,40.668],[-81.705,40.668],[-81.703,40.668],[-81.699,40.668],[-81.697,40.668],[-81.695,40.668],[-81.694,40.668],[-81.693,40.668],[-81.689,40.668],[-81.688,40.668],[-81.685,40.668],[-81.678,40.668],[-81.673,40.668],[-81.659,40.668],[-81.649,40.668],[-81.649,40.664],[-81.649,40.655],[-81.649,40.643],[-81.649,40.635],[-81.654,40.634],[-81.668,40.632],[-81.665,40.627],[-81.663,40.613],[-81.664,40.596],[-81.664,40.592],[-81.665,40.586],[-81.665,40.584],[-81.665,40.579],[-81.665,40.576],[-81.665,40.574],[-81.665,40.573],[-81.665,40.567],[-81.665,40.563],[-81.665,40.561],[-81.666,40.543],[-81.666,40.532],[-81.667,40.517],[-81.667,40.515],[-81.667,40.505],[-81.668,40.5],[-81.668,40.494],[-81.668,40.487],[-81.668,40.48],[-81.669,40.475],[-81.669,40.463],[-81.669,40.453],[-81.67,40.445],[-81.67,40.444],[-81.672,40.444],[-81.684,40.444],[-81.697,40.445],[-81.7,40.445],[-81.702,40.445],[-81.706,40.445],[-81.709,40.445],[-81.713,40.445],[-81.719,40.445],[-81.72,40.445],[-81.72,40.445],[-81.722,40.445],[-81.724,40.445],[-81.743,40.446],[-81.757,40.446],[-81.766,40.446],[-81.767,40.446],[-81.77,40.446],[-81.771,40.446],[-81.771,40.446],[-81.771,40.446],[-81.772,40.446],[-81.774,40.446],[-81.775,40.446],[-81.779,40.446],[-81.78,40.446],[-81.784,40.446],[-81.788,40.446],[-81.789,40.446],[-81.792,40.447],[-81.805,40.447],[-81.806,40.447],[-81.807,40.447],[-81.81,40.447],[-81.824,40.447],[-81.824,40.447],[-81.832,40.447],[-81.843,40.447],[-81.862,40.448],[-81.862,40.448],[-81.874,40.448],[-81.877,40.448],[-81.88,40.448],[-81.882,40.448],[-81.892,40.448],[-81.894,40.449],[-81.894,40.449],[-81.895,40.449],[-81.898,40.449],[-81.9,40.449],[-81.901,40.449],[-81.902,40.449],[-81.902,40.449],[-81.903,40.449],[-81.904,40.449],[-81.905,40.449],[-81.906,40.449],[-81.907,40.449],[-81.912,40.449],[-81.923,40.45],[-81.926,40.45],[-81.932,40.45],[-81.936,40.45],[-81.937,40.45],[-81.939,40.45],[-81.947,40.45],[-81.948,40.45],[-81.956,40.45],[-81.962,40.451],[-81.966,40.451],[-81.968,40.451],[-81.969,40.451],[-81.983,40.451],[-81.989,40.451],[-81.99,40.451],[-82.029,40.452],[-82.044,40.453],[-82.044,40.453],[-82.047,40.453],[-82.049,40.453],[-82.052,40.453],[-82.054,40.453],[-82.055,40.453],[-82.071,40.454],[-82.086,40.454],[-82.09,40.453],[-82.11,40.454],[-82.124,40.454],[-82.128,40.454],[-82.138,40.455],[-82.162,40.455],[-82.172,40.456],[-82.184,40.463],[-82.184,40.468],[-82.184,40.47],[-82.184,40.471],[-82.183,40.482],[-82.183,40.486],[-82.182,40.502],[-82.182,40.511],[-82.182,40.513],[-82.181,40.518],[-82.181,40.527],[-82.181,40.53],[-82.181,40.532],[-82.18,40.537],[-82.18,40.539],[-82.18,40.553],[-82.179,40.559],[-82.179,40.573],[-82.186,40.572],[-82.188,40.572],[-82.206,40.57],[-82.218,40.568],[-82.22,40.57],[-82.22,40.584],[-82.22,40.589],[-82.22,40.595],[-82.22,40.599],[-82.22,40.602],[-82.221,40.612],[-82.22,40.615],[-82.22,40.617],[-82.221,40.628],[-82.221,40.635],[-82.221,40.639],[-82.221,40.649],[-82.221,40.66],[-82.221,40.667]]]},"properties":{"NAME":"Holmes","GEOID":"39075"}},{"type":"Feature","geometry":{"type":"Polygon","coordinates":[[[-84.513,39.305],[-84.512,39.305],[-84.507,39.306],[-84.506,39.306],[-84.503,39.305],[-84.492,39.303],[-84.485,39.302],[-84.485,39.302],[-84.483,39.302],[-84.48,39.302],[-84.476,39.302],[-84.471,39.302],[-84.469,39.303],[-84.463,39.303],[-84.459,39.302],[-84.456,39.302],[-84.453,39.301],[-84.451,39.301],[-84.45,39.301],[-84.45,39.301],[-84.449,39.301],[-84.447,39.301],[-84.443,39.3],[-84.44,39.3],[-84.439,39.3],[-84.437,39.3],[-84.434,39.299],[-84.432,39.299],[-84.429,39.299],[-84.429,39.299],[-84.427,39.299],[-84.426,39.299],[-84.422,39.298],[-84.419,39.298],[-84.418,39.298],[-84.414,39.298],[-84.411,39.298],[-84.409,39.298],[-84.408,39.298],[-84.402,39.298],[-84.392,39.298],[-84.391,39.298],[-84.387,39.297],[-84.381,39.296],[-84.38,39.296],[-84.379,39.296],[-84.376,39.295],[-84.372,39.295],[-84.371,39.294],[-84.369,39.294],[-84.366,39.294],[-84.36,39.293],[-84.359,39.293],[-84.355,39.292],[-84.354,39.292],[-84.353,39.292],[-84.353,39.292],[-84.352,39.292],[-84.351,39.292],[-84.35,39.292],[-84.35,39.292],[-84.349,39.293],[-84.348,39.293],[-84.346,39.293],[-84.346,39.293],[-84.346,39.293],[-84.346,39.293],[-84.345,39.293],[-84.343,39.293],[-84.342,39.293],[-84.339,39.293],[-84.338,39.293],[-84.336,39.293],[-84.334,39.293],[-84.33,39.293],[-84.329,39.293],[-84.329,39.293],[-84.328,39.293],[-84.328,39.293],[-84.327,39.293],[-84.327,39.293],[-84.326,39.293],[-84.326,39.293],[-84.325,39.293],[-84.323,39.293],[-84.322,39.293],[-84.32,39.293],[-84.319,39.293],[-84.318,39.293],[-84.317,39.293],[-84.316,39.293],[-84.316,39.293],[-84.314,39.293],[-84.311,39.293],[-84.311,39.292],[-84.309,39.292],[-84.309,39.292],[-84.308,39.292],[-84.307,39.292],[-84.307,39.292],[-84.306,39.292],[-84.305,39.292],[-84.304,39.292],[-84.303,39.292],[-84.302,39.292],[-84.298,39.292],[-84.297,39.292],[-84.297,39.292],[-84.295,39.292],[-84.291,39.291],[-84.29,39.291],[-84.289,39.291],[-84.289,39.291],[-84.288,39.291],[-84.286,39.29],[-84.282,39.29],[-84.282,39.29],[-84.279,39.29],[-84.278,39.289],[-84.278,39.289],[-84.278,39.289],[-84.278,39.289],[-84.276,39.289],[-84.275,39.289],[-84.273,39.289],[-84.271,39.289],[-84.268,39.289],[-84.267,39.289],[-84.266,39.289],[-84.266,39.289],[-84.265,39.289],[-84.265,39.289],[-84.265,39.288],[-84.264,39.288],[-84.263,39.288],[-84.262,39.288],[-84.263,39.288],[-84.263,39.287],[-84.264,39.286],[-84.264,39.285],[-84.264,39.285],[-84.265,39.284],[-84.265,39.283],[-84.265,39.283],[-84.265,39.282],[-84.265,39.282],[-84.265,39.281],[-84.265,39.281],[-84.264,39.28],[-84.262,39.28],[-84.261,39.279],[-84.26,39.279],[-84.258,39.278],[-84.257,39.278],[-84.257,39.277],[-84.256,39.277],[-84.256,39.275],[-84.256,39.275],[-84.256,39.275],[-84.257,39.275],[-84.257,39.275],[-84.258,39.275],[-84.258,39.275],[-84.258,39.274],[-84.258,39.274],[-84.258,39.274],[-84.258,39.274],[-84.259,39.274],[-84.259,39.274],[-84.259,39.273],[-84.259,39.271],[-84.259,39.271],[-84.259,39.271],[-84.259,39.27],[-84.26,39.27],[-84.26,39.269],[-84.26,39.269],[-84.261,39.269],[-84.261,39.268],[-84.261,39.268],[-84.261,39.268],[-84.261,39.268],[-84.261,39.268],[-84.261,39.268],[-84.261,39.268],[-84.261,39.268],[-84.261,39.267],[-84.261,39.267],[-84.261,39.267],[-84.261,39.267],[-84.261,39.267],[-84.261,39.267],[-84.261,39.266],[-84.261,39.266],[-84.261,39.266],[-84.261,39.266],[-84.261,39.266],[-84.261,39.266],[-84.261,39.266],[-84.261,39.266],[-84.261,39.266],[-84.261,39.265],[-84.261,39.265],[-84.261,39.265],[-84.261,39.265],[-84.262,39.265],[-84.262,39.265],[-84.262,39.265],[-84.262,39.264],[-84.262,39.264],[-84.262,39.264],[-84.262,39.264],[-84.262,39.264],[-84.263,39.264],[-84.263,39.264],[-84.263,39.264],[-84.263,39.264],[-84.263,39.264],[-84.263,39.264],[-84.263,39.264],[-84.264,39.264],[-84.264,39.264],[-84.264,39.264],[-84.265,39.264],[-84.265,39.264],[-84.265,39.264],[-84.265,39.264],[-84.265,39.264],[-84.265,39.264],[-84.265,39.264],[-84.266,39.264],[-84.266,39.264],[-84.266,39.264],[-84.266,39.263],[-84.266,39.263],[-84.266,39.263],[-84.266,39.263],[-84.266,39.263],[-84.266,39.263],[-84.266,39.263],[-84.266,39.263],[-84.266,39.263],[-84.267,39.263],[-84.267,39.263],[-84.267,39.262],[-84.267,39.262],[-84.267,39.262],[-84.268,39.262],[-84.268,39.262],[-84.268,39.262],[-84.268,39.262],[-84.268,39.262],[-84.268,39.262],[-84.268,39.262],[-84.268,39.262],[-84.268,39.262],[-84.268,39.262],[-84.268,39.262],[-84.269,39.261],[-84.269,39.261],[-84.269,39.261],[-84.269,39.261],[-84.269,39.261],[-84.269,39.26],[-84.269,39.26],[-84.27,39.26],[-84.27,39.26],[-84.27,39.26],[-84.27,39.26],[-84.27,39.26],[-84.27,39.26],[-84.27,39.26],[-84.27,39.259],[-84.27,39.259],[-84.27,39.259],[-84.27,39.259],[-84.27,39.259],[-84.27,39.259],[-84.27,39.259],[-84.271,39.259],[-84.271,39.259],[-84.271,39.259],[-84.271,39.259],[-84.271,39.259],[-84.271,39.259],[-84.271,39.258],[-84.271,39.258],[-84.271,39.258],[-84.272,39.258],[-84.272,39.258],[-84.272,39.258],[-84.272,39.258],[-84.272,39.258],[-84.272,39.258],[-84.272,39.258],[-84.272,39.258],[-84.272,39.258],[-84.273,39.258],[-84.273,39.258],[-84.273,39.258],[-84.273,39.258],[-84.273,39.258],[-84.273,39.258],[-84.273,39.258],[-84.273,39.257],[-84.274,39.257],[-84.274,39.257],[-84.274,39.257],[-84.274,39.257],[-84.274,39.257],[-84.274,39.257],[-84.274,39.257],[-84.274,39.257],[-84.274,39.257],[-84.274,39.257],[-84.274,39.257],[-84.276,39.256],[-84.276,39.256],[-84.276,39.256],[-84.276,39.256],[-84.276,39.256],[-84.276,39.256],[-84.276,39.256],[-84.276,39.256],[-84.276,39.256],[-84.277,39.256],[-84.277,39.255],[-84.277,39.255],[-84.277,39.255],[-84.277,39.255],[-84.277,39.255],[-84.277,39.255],[-84.278,39.255],[-84.279,39.254],[-84.279,39.254],[-84.279,39.254],[-84.279,39.254],[-84.279,39.254],[-84.279,39.254],[-84.28,39.254],[-84.28,39.254],[-84.28,39.254],[-84.28,39.254],[-84.28,39.254],[-84.28,39.254],[-84.28,39.254],[-84.28,39.253],[-84.28,39.253],[-84.28,39.253],[-84.28,39.253],[-84.281,39.253],[-84.281,39.253],[-84.281,39.253],[-84.281,39.253],[-84.281,39.253],[-84.281,39.253],[-84.281,39.253],[-84.281,39.253],[-84.281,39.253],[-84.281,39.253],[-84.281,39.253],[-84.281,39.253],[-84.281,39.253],[-84.282,39.253],[-84.282,39.253],[-84.282,39.253],[-84.282,39.252],[-84.282,39.252],[-84.282,39.252],[-84.282,39.252],[-84.282,39.252],[-84.282,39.252],[-84.282,39.252],[-84.282,39.252],[-84.283,39.252],[-84.283,39.252],[-84.283,39.252],[-84.283,39.252],[-84.283,39.252],[-84.283,39.252],[-84.283,39.252],[-84.283,39.252],[-84.283,39.252],[-84.283,39.252],[-84.283,39.252],[-84.284,39.252],[-84.284,39.252],[-84.284,39.251],[-84.284,39.251],[-84.284,39.251],[-84.284,39.251],[-84.284,39.251],[-84.284,39.251],[-84.284,39.251],[-84.284,39.251],[-84.285,39.251],[-84.285,39.251],[-84.285,39.251],[-84.285,39.251],[-84.285,39.251],[-84.285,39.251],[-84.285,39.251],[-84.285,39.251],[-84.285,39.251],[-84.285,39.251],[-84.285,39.251],[-84.285,39.251],[-84.286,39.251],[-84.286,39.251],[-84.286,39.251],[-84.286,39.251],[-84.286,39.251],[-84.286,39.251],[-84.286,39.251],[-84.286,39.251],[-84.287,39.251],[-84.287,39.251],[-84.287,39.251],[-84.287,39.251],[-84.287,39.251],[-84.287,39.251],[-84.287,39.251],[-84.287,39.251],[-84.287,39.251],[-84.287,39.251],[-84.288,39.25],[-84.289,39.25],[-84.289,39.25],[-84.289,39.25],[-84.289,39.25],[-84.289,39.25],[-84.289,39.25],[-84.289,39.25],[-84.289,39.25],[-84.289,39.25],[-84.29,39.25],[-84.29,39.25],[-84.29,39.25],[-84.29,39.25],[-84.29,39.25],[-84.29,39.25],[-84.29,39.25],[-84.29,39.25],[-84.291,39.25],[-84.291,39.25],[-84.291,39.25],[-84.291,39.25],[-84.291,39.25],[-84.291,39.25],[-84.291,39.25],[-84.292,39.249],[-84.292,39.249],[-84.292,39.249],[-84.292,39.249],[-84.292,39.249],[-84.292,39.249],[-84.292,39.249],[-84.292,39.249],[-84.293,39.249],[-84.293,39.249],[-84.294,39.249],[-84.294,39.248],[-84.294,39.248],[-84.294,39.248],[-84.294,39.248],[-84.294,39.248],[-84.294,39.248],[-84.294,39.248],[-84.294,39.248],[-84.294,39.248],[-84.295,39.247],[-84.295,39.247],[-84.295,39.247],[-84.295,39.247],[-84.295,39.247],[-84.295,39.247],[-84.295,39.247],[-84.295,39.247],[-84.295,39.247],[-84.295,39.246],[-84.295,39.246],[-84.295,39.246],[-84.296,39.246],[-84.296,39.246],[-84.296,39.246],[-84.296,39.246],[-84.296,39.246],[-84.296,39.246],[-84.296,39.245],[-84.296,39.245],[-84.296,39.245],[-84.296,39.245],[-84.296,39.245],[-84.296,39.245],[-84.296,39.245],[-84.296,39.244],[-84.296,39.244],[-84.296,39.244],[-84.296,39.244],[-84.296,39.244],[-84.296,39.243],[-84.296,39.243],[-84.296,39.243],[-84.296,39.243],[-84.296,39.243],[-84.296,39.243],[-84.296,39.243],[-84.296,39.243],[-84.296,39.243],[-84.297,39.242],[-84.297,39.241],[-84.297,39.241],[-84.297,39.241],[-84.297,39.241],[-84.297,39.241],[-84.297,39.241],[-84.297,39.24],[-84.297,39.24],[-84.297,39.24],[-84.296,39.24],[-84.296,39.24],[-84.296,39.24],[-84.296,39.24],[-84.296,39.24],[-84.296,39.24],[-84.296,39.239],[-84.296,39.239],[-84.296,39.239],[-84.296,39.239],[-84.297,39.239],[-84.297,39.239],[-84.297,39.239],[-84.297,39.239],[-84.297,39.239],[-84.297,39.239],[-84.297,39.238],[-84.297,39.238],[-84.297,39.238],[-84.297,39.238],[-84.297,39.238],[-84.297,39.238],[-84.298,39.238],[-84.298,39.238],[-84.298,39.238],[-84.298,39.237],[-84.298,39.237],[-84.298,39.237],[-84.298,39.237],[-84.298,39.237],[-84.298,39.237],[-84.298,39.237],[-84.298,39.237],[-84.298,39.237],[-84.299,39.236],[-84.299,39.236],[-84.299,39.236],[-84.299,39.236],[-84.299,39.236],[-84.299,39.236],[-84.299,39.236],[-84.299,39.235],[-84.299,39.235],[-84.3,39.235],[-84.3,39.235],[-84.3,39.235],[-84.3,39.235],[-84.3,39.235],[-84.3,39.235],[-84.3,39.235],[-84.3,39.235],[-84.3,39.234],[-84.301,39.234],[-84.301,39.234],[-84.301,39.234],[-84.301,39.234],[-84.301,39.234],[-84.302,39.234],[-84.302,39.234],[-84.302,39.234],[-84.302,39.234],[-84.302,39.234],[-84.302,39.234],[-84.303,39.234],[-84.303,39.234],[-84.303,39.234],[-84.303,39.234],[-84.304,39.234],[-84.304,39.234],[-84.304,39.234],[-84.304,39.234],[-84.304,39.235],[-84.305,39.235],[-84.305,39.235],[-84.306,39.235],[-84.306,39.235],[-84.306,39.235],[-84.307,39.235],[-84.307,39.234],[-84.307,39.234],[-84.308,39.234],[-84.308,39.234],[-84.308,39.233],[-84.308,39.233],[-84.308,39.233],[-84.308,39.232],[-84.308,39.232],[-84.309,39.232],[-84.309,39.232],[-84.309,39.231],[-84.31,39.231],[-84.31,39.231],[-84.31,39.231],[-84.311,39.231],[-84.311,39.23],[-84.312,39.23],[-84.312,39.23],[-84.314,39.229],[-84.315,39.228],[-84.316,39.228],[-84.316,39.227],[-84.317,39.227],[-84.317,39.226],[-84.318,39.226],[-84.318,39.225],[-84.319,39.225],[-84.319,39.225],[-84.319,39.224],[-84.32,39.224],[-84.32,39.224],[-84.32,39.224],[-84.32,39.223],[-84.32,39.223],[-84.32,39.222],[-84.319,39.222],[-84.319,39.222],[-84.318,39.222],[-84.318,39.222],[-84.317,39.221],[-84.316,39.221],[-84.316,39.22],[-84.315,39.219],[-84.315,39.218],[-84.315,39.217],[-84.315,39.216],[-84.314,39.216],[-84.314,39.215],[-84.314,39.213],[-84.313,39.212],[-84.313,39.212],[-84.313,39.211],[-84.312,39.211],[-84.312,39.21],[-84.312,39.21],[-84.311,39.21],[-84.311,39.21],[-84.311,39.209],[-84.311,39.209],[-84.31,39.209],[-84.31,39.209],[-84.309,39.209],[-84.309,39.209],[-84.308,39.209],[-84.308,39.209],[-84.308,39.209],[-84.307,39.209],[-84.307,39.209],[-84.306,39.209],[-84.306,39.209],[-84.305,39.209],[-84.305,39.209],[-84.304,39.209],[-84.304,39.209],[-84.303,39.209],[-84.303,39.209],[-84.302,39.209],[-84.302,39.209],[-84.302,39.209],[-84.301,39.209],[-84.301,39.209],[-84.3,39.209],[-84.3,39.209],[-84.3,39.209],[-84.299,39.209],[-84.299,39.209],[-84.298,39.209],[-84.297,39.21],[-84.296,39.21],[-84.295,39.21],[-84.295,39.21],[-84.295,39.21],[-84.294,39.21],[-84.294,39.21],[-84.294,39.211],[-84.294,39.211],[-84.293,39.211],[-84.293,39.211],[-84.293,39.211],[-84.293,39.211],[-84.292,39.212],[-84.291,39.212],[-84.29,39.212],[-84.29,39.213],[-84.289,39.213],[-84.289,39.213],[-84.288,39.213],[-84.288,39.213],[-84.287,39.214],[-84.287,39.214],[-84.286,39.214],[-84.286,39.214],[-84.285,39.213],[-84.285,39.213],[-84.284,39.213],[-84.283,39.213],[-84.283,39.212],[-84.282,39.212],[-84.282,39.211],[-84.282,39.211],[-84.282,39.21],[-84.281,39.21],[-84.281,39.209],[-84.281,39.209],[-84.28,39.209],[-84.28,39.208],[-84.28,39.208],[-84.279,39.207],[-84.279,39.207],[-84.278,39.207],[-84.278,39.206],[-84.277,39.205],[-84.277,39.205],[-84.276,39.204],[-84.276,39.203],[-84.276,39.203],[-84.276,39.201],[-84.276,39.201],[-84.277,39.2],[-84.277,39.2],[-84.278,39.198],[-84.278,39.198],[-84.278,39.197],[-84.278,39.197],[-84.278,39.197],[-84.278,39.197],[-84.281,39.195],[-84.282,39.194],[-84.282,39.193],[-84.283,39.192],[-84.284,39.191],[-84.284,39.191],[-84.284,39.191],[-84.287,39.189],[-84.287,39.188],[-84.288,39.188],[-84.288,39.187],[-84.288,39.186],[-84.288,39.186],[-84.289,39.185],[-84.288,39.183],[-84.288,39.183],[-84.288,39.183],[-84.288,39.183],[-84.288,39.183],[-84.288,39.183],[-84.288,39.183],[-84.288,39.183],[-84.288,39.183],[-84.288,39.183],[-84.288,39.182],[-84.288,39.182],[-84.289,39.182],[-84.289,39.182],[-84.289,39.182],[-84.289,39.182],[-84.289,39.182],[-84.289,39.181],[-84.289,39.181],[-84.29,39.181],[-84.29,39.181],[-84.29,39.181],[-84.291,39.181],[-84.291,39.18],[-84.292,39.18],[-84.292,39.18],[-84.292,39.18],[-84.293,39.18],[-84.293,39.18],[-84.293,39.18],[-84.293,39.18],[-84.294,39.179],[-84.294,39.179],[-84.294,39.179],[-84.294,39.179],[-84.294,39.179],[-84.294,39.179],[-84.295,39.178],[-84.295,39.178],[-84.296,39.178],[-84.296,39.177],[-84.297,39.177],[-84.297,39.177],[-84.297,39.177],[-84.297,39.176],[-84.298,39.176],[-84.298,39.176],[-84.298,39.176],[-84.298,39.176],[-84.299,39.175],[-84.299,39.175],[-84.299,39.175],[-84.299,39.175],[-84.299,39.174],[-84.299,39.174],[-84.299,39.174],[-84.299,39.173],[-84.299,39.173],[-84.299,39.172],[-84.298,39.172],[-84.298,39.172],[-84.298,39.171],[-84.298,39.171],[-84.298,39.17],[-84.298,39.17],[-84.298,39.17],[-84.298,39.17],[-84.298,39.17],[-84.297,39.17],[-84.297,39.169],[-84.297,39.169],[-84.297,39.169],[-84.296,39.169],[-84.296,39.169],[-84.296,39.168],[-84.296,39.168],[-84.295,39.168],[-84.295,39.168],[-84.295,39.167],[-84.295,39.167],[-84.295,39.167],[-84.295,39.167],[-84.297,39.166],[-84.297,39.166],[-84.298,39.166],[-84.3,39.165],[-84.3,39.164],[-84.301,39.163],[-84.301,39.161],[-84.301,39.161],[-84.302,39.16],[-84.302,39.159],[-84.302,39.157],[-84.302,39.157],[-84.302,39.155],[-84.302,39.155],[-84.302,39.154],[-84.302,39.154],[-84.302,39.154],[-84.302,39.152],[-84.302,39.152],[-84.302,39.152],[-84.302,39.152],[-84.302,39.152],[-84.302,39.151],[-84.302,39.148],[-84.302,39.147],[-84.303,39.143],[-84.303,39.142],[-84.303,39.141],[-84.303,39.139],[-84.304,39.135],[-84.304,39.134],[-84.304,39.133],[-84.305,39.13],[-84.305,39.129],[-84.305,39.127],[-84.305,39.127],[-84.305,39.126],[-84.306,39.124],[-84.306,39.123],[-84.306,39.123],[-84.306,39.122],[-84.306,39.122],[-84.306,39.12],[-84.306,39.12],[-84.306,39.119],[-84.306,39.118],[-84.306,39.118],[-84.307,39.117],[-84.307,39.116],[-84.307,39.115],[-84.307,39.115],[-84.307,39.114],[-84.307,39.114],[-84.307,39.112],[-84.307,39.111],[-84.307,39.111],[-84.308,39.11],[-84.308,39.109],[-84.308,39.109],[-84.308,39.109],[-84.308,39.107],[-84.308,39.106],[-84.308,39.106],[-84.308,39.106],[-84.308,39.106],[-84.308,39.106],[-84.308,39.105],[-84.308,39.105],[-84.309,39.104],[-84.309,39.102],[-84.309,39.1],[-84.309,39.099],[-84.309,39.099],[-84.309,39.099],[-84.309,39.098],[-84.31,39.097],[-84.31,39.096],[-84.31,39.095],[-84.31,39.093],[-84.31,39.092],[-84.31,39.091],[-84.31,39.091],[-84.31,39.091],[-84.31,39.09],[-84.311,39.089],[-84.311,39.087],[-84.311,39.087],[-84.311,39.085],[-84.311,39.084],[-84.311,39.084],[-84.312,39.083],[-84.312,39.082],[-84.312,39.081],[-84.312,39.081],[-84.312,39.08],[-84.312,39.08],[-84.312,39.079],[-84.312,39.078],[-84.312,39.078],[-84.312,39.077],[-84.312,39.077],[-84.313,39.076],[-84.313,39.076],[-84.313,39.075],[-84.313,39.072],[-84.313,39.07],[-84.314,39.069],[-84.314,39.068],[-84.314,39.068],[-84.314,39.068],[-84.314,39.067],[-84.314,39.067],[-84.314,39.067],[-84.314,39.066],[-84.314,39.066],[-84.314,39.065],[-84.314,39.065],[-84.314,39.063],[-84.314,39.063],[-84.315,39.063],[-84.315,39.062],[-84.315,39.062],[-84.315,39.062],[-84.315,39.061],[-84.315,39.061],[-84.315,39.061],[-84.315,39.06],[-84.315,39.059],[-84.315,39.058],[-84.315,39.058],[-84.315,39.056],[-84.315,39.056],[-84.316,39.055],[-84.316,39.053],[-84.316,39.053],[-84.316,39.053],[-84.316,39.052],[-84.316,39.051],[-84.316,39.049],[-84.317,39.045],[-84.317,39.044],[-84.318,39.039],[-84.318,39.037],[-84.318,39.037],[-84.318,39.037],[-84.318,39.037],[-84.319,39.034],[-84.319,39.033],[-84.319,39.032],[-84.319,39.031],[-84.319,39.031],[-84.319,39.03],[-84.319,39.03],[-84.319,39.028],[-84.319,39.027],[-84.32,39.026],[-84.32,39.026],[-84.32,39.026],[-84.32,39.025],[-84.32,39.023],[-84.32,39.023],[-84.321,39.022],[-84.322,39.024],[-84.326,39.026],[-84.329,39.029],[-84.333,39.031],[-84.336,39.032],[-84.336,39.033],[-84.337,39.033],[-84.339,39.034],[-84.341,39.035],[-84.343,39.036],[-84.345,39.036],[-84.346,39.037],[-84.348,39.038],[-84.351,39.039],[-84.357,39.04],[-84.357,39.041],[-84.36,39.041],[-84.361,39.042],[-84.363,39.042],[-84.366,39.042],[-84.369,39.043],[-84.372,39.043],[-84.374,39.044],[-84.376,39.044],[-84.381,39.045],[-84.385,39.045],[-84.387,39.045],[-84.39,39.045],[-84.391,39.044],[-84.391,39.045],[-84.393,39.045],[-84.394,39.045],[-84.395,39.045],[-84.396,39.046],[-84.398,39.046],[-84.401,39.046],[-84.401,39.046],[-84.402,39.046],[-84.407,39.046],[-84.409,39.046],[-84.412,39.047],[-84.416,39.049],[-84.417,39.049],[-84.419,39.05],[-84.421,39.051],[-84.422,39.051],[-84.424,39.052],[-84.425,39.052],[-84.426,39.053],[-84.428,39.054],[-84.429,39.055],[-84.427,39.055],[-84.425,39.053],[-84.424,39.053],[-84.424,39.053],[-84.425,39.054],[-84.426,39.055],[-84.428,39.056],[-84.429,39.057],[-84.429,39.058],[-84.43,39.058],[-84.43,39.058],[-84.431,39.061],[-84.433,39.067],[-84.433,39.073],[-84.434,39.074],[-84.433,39.076],[-84.433,39.078],[-84.434,39.08],[-84.434,39.082],[-84.434,39.084],[-84.434,39.084],[-84.435,39.085],[-84.435,39.087],[-84.435,39.09],[-84.435,39.092],[-84.435,39.093],[-84.434,39.094],[-84.434,39.095],[-84.434,39.097],[-84.435,39.1],[-84.436,39.102],[-84.437,39.104],[-84.439,39.107],[-84.44,39.108],[-84.441,39.109],[-84.442,39.111],[-84.443,39.112],[-84.445,39.114],[-84.446,39.115],[-84.448,39.116],[-84.45,39.118],[-84.451,39.119],[-84.455,39.12],[-84.458,39.121],[-84.459,39.121],[-84.46,39.122],[-84.462,39.122],[-84.463,39.122],[-84.466,39.122],[-84.47,39.122],[-84.471,39.122],[-84.473,39.121],[-84.476,39.12],[-84.477,39.119],[-84.48,39.118],[-84.481,39.118],[-84.482,39.117],[-84.485,39.114],[-84.489,39.11],[-84.491,39.107],[-84.493,39.105],[-84.494,39.103],[-84.495,39.102],[-84.496,39.101],[-84.497,39.1],[-84.499,39.099],[-84.499,39.099],[-84.503,39.096],[-84.509,39.094],[-84.51,39.094],[-84.516,39.093],[-84.52,39.092],[-84.52,39.092],[-84.523,39.092],[-84.526,39.092],[-84.529,39.094],[-84.532,39.096],[-84.535,39.097],[-84.537,39.098],[-84.54,39.099],[-84.542,39.099],[-84.544,39.1],[-84.544,39.1],[-84.547,39.1],[-84.549,39.1],[-84.551,39.099],[-84.553,39.099],[-84.554,39.098],[-84.556,39.097],[-84.557,39.096],[-84.558,39.094],[-84.56,39.093],[-84.561,39.091],[-84.563,39.089],[-84.564,39.088],[-84.566,39.087],[-84.567,39.085],[-84.57,39.084],[-84.571,39.083],[-84.572,39.082],[-84.575,39.082],[-84.58,39.08],[-84.583,39.08],[-84.584,39.08],[-84.586,39.079],[-84.59,39.078],[-84.59,39.078],[-84.595,39.077],[-84.596,39.077],[-84.597,39.076],[-84.599,39.075],[-84.601,39.074],[-84.603,39.074],[-84.604,39.074],[-84.607,39.073],[-84.614,39.073],[-84.618,39.073],[-84.62,39.073],[-84.623,39.074],[-84.625,39.075],[-84.629,39.076],[-84.631,39.077],[-84.633,39.077],[-84.634,39.077],[-84.634,39.078],[-84.636,39.079],[-84.637,39.081],[-84.639,39.081],[-84.641,39.084],[-84.643,39.084],[-84.644,39.086],[-84.647,39.089],[-84.65,39.091],[-84.651,39.092],[-84.653,39.093],[-84.655,39.094],[-84.659,39.096],[-84.661,39.097],[-84.665,39.098],[-84.667,39.098],[-84.67,39.098],[-84.673,39.098],[-84.675,39.098],[-84.677,39.098],[-84.68,39.099],[-84.683,39.1],[-84.686,39.101],[-84.689,39.103],[-84.69,39.104],[-84.692,39.107],[-84.693,39.108],[-84.695,39.11],[-84.696,39.112],[-84.697,39.112],[-84.699,39.115],[-84.703,39.119],[-84.704,39.12],[-84.705,39.122],[-84.708,39.125],[-84.711,39.129],[-84.712,39.13],[-84.712,39.13],[-84.713,39.131],[-84.715,39.133],[-84.717,39.135],[-84.717,39.136],[-84.718,39.136],[-84.72,39.138],[-84.723,39.14],[-84.724,39.141],[-84.725,39.141],[-84.726,39.142],[-84.727,39.143],[-84.735,39.145],[-84.738,39.146],[-84.739,39.147],[-84.742,39.147],[-84.743,39.148],[-84.744,39.148],[-84.745,39.147],[-84.745,39.147],[-84.749,39.148],[-84.751,39.148],[-84.752,39.147],[-84.755,39.147],[-84.756,39.146],[-84.757,39.145],[-84.758,39.145],[-84.759,39.144],[-84.759,39.144],[-84.76,39.144],[-84.76,39.143],[-84.761,39.143],[-84.762,39.143],[-84.762,39.142],[-84.762,39.142],[-84.763,39.142],[-84.763,39.141],[-84.764,39.141],[-84.765,39.14],[-84.766,39.139],[-84.766,39.139],[-84.768,39.138],[-84.768,39.137],[-84.769,39.137],[-84.769,39.137],[-84.77,39.136],[-84.77,39.136],[-84.77,39.135],[-84.77,39.135],[-84.771,39.135],[-84.771,39.135],[-84.771,39.134],[-84.771,39.134],[-84.772,39.133],[-84.772,39.133],[-84.772,39.133],[-84.773,39.132],[-84.773,39.132],[-84.773,39.132],[-84.773,39.132],[-84.774,39.131],[-84.774,39.131],[-84.774,39.13],[-84.776,39.128],[-84.778,39.125],[-84.778,39.125],[-84.78,39.123],[-84.782,39.121],[-84.784,39.118],[-84.786,39.117],[-84.787,39.116],[-84.788,39.115],[-84.791,39.114],[-84.794,39.113],[-84.798,39.112],[-84.805,39.11],[-84.809,39.11],[-84.811,39.109],[-84.812,39.108],[-84.812,39.107],[-84.813,39.107],[-84.815,39.106],[-84.817,39.106],[-84.819,39.106],[-84.82,39.105],[-84.82,39.107],[-84.82,39.112],[-84.82,39.113],[-84.82,39.119],[-84.82,39.12],[-84.82,39.121],[-84.82,39.125],[-84.82,39.13],[-84.82,39.132],[-84.82,39.133],[-84.82,39.146],[-84.82,39.148],[-84.82,39.149],[-84.82,39.15],[-84.82,39.151],[-84.82,39.154],[-84.82,39.156],[-84.82,39.157],[-84.82,39.158],[-84.82,39.161],[-84.82,39.171],[-84.82,39.175],[-84.82,39.187],[-84.82,39.196],[-84.82,39.196],[-84.82,39.204],[-84.82,39.209],[-84.82,39.21],[-84.82,39.216],[-84.82,39.217],[-84.82,39.217],[-84.82,39.218],[-84.82,39.218],[-84.82,39.219],[-84.82,39.227],[-84.82,39.231],[-84.82,39.244],[-84.82,39.244],[-84.82,39.246],[-84.82,39.248],[-84.82,39.249],[-84.82,39.251],[-84.82,39.251],[-84.82,39.252],[-84.82,39.254],[-84.82,39.255],[-84.82,39.257],[-84.82,39.257],[-84.82,39.258],[-84.82,39.258],[-84.82,39.26],[-84.82,39.261],[-84.82,39.262],[-84.82,39.263],[-84.82,39.263],[-84.82,39.265],[-84.82,39.266],[-84.82,39.267],[-84.82,39.269],[-84.82,39.27],[-84.82,39.27],[-84.82,39.271],[-84.82,39.272],[-84.82,39.274],[-84.82,39.274],[-84.82,39.276],[-84.82,39.277],[-84.819,39.28],[-84.819,39.281],[-84.819,39.283],[-84.819,39.293],[-84.819,39.298],[-84.819,39.299],[-84.819,39.3],[-84.819,39.302],[-84.819,39.305],[-84.808,39.305],[-84.798,39.306],[-84.796,39.306],[-84.786,39.305],[-84.773,39.305],[-84.766,39.305],[-84.763,39.305],[-84.762,39.305],[-84.756,39.305],[-84.75,39.305],[-84.746,39.305],[-84.74,39.305],[-84.73,39.305],[-84.707,39.305],[-84.704,39.305],[-84.702,39.305],[-84.687,39.305],[-84.663,39.305],[-84.659,39.305],[-84.644,39.305],[-84.642,39.305],[-84.639,39.31],[-84.636,39.311],[-84.631,39.312],[-84.631,39.312],[-84.631,39.312],[-84.629,39.312],[-84.627,39.312],[-84.618,39.311],[-84.61,39.31],[-84.609,39.31],[-84.583,39.308],[-84.58,39.308],[-84.58,39.308],[-84.576,39.308],[-84.573,39.308],[-84.571,39.308],[-84.569,39.308],[-84.568,39.308],[-84.565,39.308],[-84.562,39.308],[-84.56,39.308],[-84.555,39.307],[-84.551,39.307],[-84.551,39.307],[-84.542,39.306],[-84.537,39.305],[-84.531,39.305],[-84.528,39.304],[-84.524,39.303],[-84.524,39.303],[-84.523,39.303],[-84.52,39.304],[-84.517,39.304],[-84.513,39.305],[-84.513,39.305]]]},"properties":{"NAME":"Hamilton","GEOID":"39061"}},{"type":"Feature","geometry":{"type":"Polygon","coordinates":[[[-80.519,41.978],[-80.519,41.976],[-80.519,41.968],[-80.519,41.965],[-80.519,41.956],[-80.519,41.955],[-80.519,41.955],[-80.519,41.95],[-80.519,41.944],[-80.519,41.944],[-80.519,41.942],[-80.519,41.938],[-80.519,41.937],[-80.519,41.934],[-80.519,41.93],[-80.519,41.929],[-80.519,41.927],[-80.519,41.925],[-80.519,41.918],[-80.519,41.917],[-80.519,41.907],[-80.519,41.903],[-80.519,41.892],[-80.519,41.889],[-80.519,41.889],[-80.519,41.882],[-80.519,41.878],[-80.519,41.873],[-80.519,41.866],[-80.519,41.864],[-80.519,41.862],[-80.519,41.858],[-80.519,41.85],[-80.519,41.849],[-80.519,41.849],[-80.519,41.848],[-80.519,41.846],[-80.519,41.845],[-80.519,41.839],[-80.519,41.833],[-80.519,41.827],[-80.519,41.825],[-80.519,41.821],[-80.519,41.819],[-80.519,41.819],[-80.519,41.818],[-80.519,41.808],[-80.519,41.805],[-80.519,41.804],[-80.519,41.802],[-80.519,41.796],[-80.519,41.794],[-80.519,41.791],[-80.519,41.789],[-80.519,41.788],[-80.519,41.783],[-80.519,41.782],[-80.519,41.776],[-80.519,41.771],[-80.519,41.769],[-80.519,41.766],[-80.519,41.765],[-80.519,41.758],[-80.519,41.757],[-80.519,41.753],[-80.519,41.751],[-80.519,41.749],[-80.519,41.746],[-80.519,41.743],[-80.519,41.741],[-80.519,41.741],[-80.519,41.74],[-80.519,41.739],[-80.519,41.738],[-80.519,41.736],[-80.519,41.732],[-80.519,41.729],[-80.519,41.726],[-80.519,41.722],[-80.519,41.72],[-80.519,41.718],[-80.519,41.716],[-80.519,41.714],[-80.519,41.713],[-80.519,41.712],[-80.519,41.71],[-80.519,41.708],[-80.519,41.706],[-80.519,41.703],[-80.519,41.702],[-80.519,41.701],[-80.519,41.7],[-80.519,41.699],[-80.519,41.697],[-80.519,41.694],[-80.519,41.692],[-80.519,41.689],[-80.519,41.687],[-80.519,41.677],[-80.519,41.676],[-80.519,41.674],[-80.519,41.672],[-80.519,41.67],[-80.519,41.67],[-80.519,41.669],[-80.519,41.667],[-80.519,41.661],[-80.519,41.661],[-80.519,41.661],[-80.519,41.658],[-80.519,41.657],[-80.519,41.655],[-80.519,41.655],[-80.519,41.654],[-80.519,41.653],[-80.519,41.653],[-80.519,41.652],[-80.519,41.65],[-80.519,41.645],[-80.519,41.644],[-80.519,41.636],[-80.519,41.63],[-80.519,41.626],[-80.519,41.621],[-80.519,41.611],[-80.519,41.607],[-80.519,41.607],[-80.519,41.606],[-80.519,41.599],[-80.519,41.591],[-80.519,41.587],[-80.519,41.578],[-80.519,41.576],[-80.519,41.573],[-80.519,41.568],[-80.519,41.561],[-80.519,41.557],[-80.519,41.552],[-80.519,41.551],[-80.519,41.546],[-80.519,41.544],[-80.519,41.543],[-80.519,41.54],[-80.519,41.539],[-80.519,41.534],[-80.519,41.532],[-80.519,41.532],[-80.519,41.532],[-80.519,41.531],[-80.519,41.53],[-80.519,41.53],[-80.519,41.529],[-80.519,41.528],[-80.519,41.525],[-80.519,41.523],[-80.519,41.521],[-80.519,41.518],[-80.519,41.517],[-80.519,41.517],[-80.519,41.515],[-80.519,41.512],[-80.519,41.503],[-80.519,41.5],[-80.519,41.5],[-80.519,41.499],[-80.531,41.499],[-80.543,41.499],[-80.552,41.499],[-80.56,41.499],[-80.569,41.499],[-80.572,41.499],[-80.581,41.499],[-80.588,41.499],[-80.597,41.498],[-80.598,41.498],[-80.602,41.498],[-80.605,41.498],[-80.616,41.498],[-80.619,41.498],[-80.633,41.498],[-80.648,41.499],[-80.665,41.499],[-80.67,41.499],[-80.691,41.499],[-80.706,41.5],[-80.713,41.5],[-80.714,41.5],[-80.723,41.5],[-80.737,41.5],[-80.744,41.5],[-80.749,41.5],[-80.75,41.5],[-80.762,41.5],[-80.772,41.5],[-80.778,41.5],[-80.788,41.5],[-80.791,41.5],[-80.792,41.5],[-80.795,41.501],[-80.797,41.501],[-80.799,41.501],[-80.801,41.501],[-80.803,41.501],[-80.806,41.501],[-80.821,41.501],[-80.839,41.501],[-80.868,41.501],[-80.868,41.501],[-80.872,41.501],[-80.878,41.501],[-80.879,41.501],[-80.884,41.501],[-80.888,41.501],[-80.897,41.501],[-80.9,41.501],[-80.904,41.501],[-80.907,41.501],[-80.918,41.501],[-80.92,41.501],[-80.937,41.501],[-80.943,41.501],[-80.954,41.501],[-80.966,41.501],[-80.974,41.501],[-80.98,41.501],[-80.988,41.501],[-81.001,41.501],[-81.003,41.502],[-81.003,41.506],[-81.003,41.509],[-81.003,41.511],[-81.003,41.515],[-81.003,41.519],[-81.003,41.521],[-81.003,41.526],[-81.003,41.529],[-81.003,41.533],[-81.003,41.54],[-81.003,41.549],[-81.003,41.556],[-81.003,41.563],[-81.003,41.566],[-81.003,41.572],[-81.003,41.592],[-81.003,41.607],[-81.003,41.623],[-81.003,41.631],[-81.003,41.632],[-81.003,41.634],[-81.003,41.636],[-81.003,41.641],[-81.003,41.647],[-81.003,41.65],[-81.003,41.654],[-81.003,41.657],[-81.003,41.67],[-81.003,41.678],[-81.003,41.69],[-81.003,41.692],[-81.003,41.697],[-81.003,41.698],[-81.003,41.699],[-81.003,41.701],[-81.003,41.709],[-81.003,41.711],[-81.003,41.718],[-81.003,41.724],[-81.003,41.73],[-81.003,41.743],[-81.003,41.745],[-81.003,41.746],[-81.003,41.749],[-81.003,41.75],[-81.003,41.752],[-81.003,41.754],[-81.003,41.757],[-81.003,41.76],[-81.003,41.761],[-81.003,41.765],[-81.003,41.77],[-81.003,41.775],[-81.003,41.779],[-81.003,41.779],[-81.003,41.781],[-81.003,41.785],[-81.003,41.787],[-81.003,41.788],[-81.003,41.789],[-81.003,41.791],[-81.003,41.792],[-81.003,41.793],[-81.002,41.797],[-81.002,41.798],[-81.002,41.805],[-81.002,41.809],[-81.002,41.813],[-81.002,41.82],[-81.002,41.824],[-81.002,41.826],[-81.002,41.828],[-81.002,41.83],[-81.002,41.834],[-81.002,41.837],[-81.002,41.84],[-81.002,41.841],[-81.002,41.842],[-81.002,41.843],[-81.002,41.845],[-81.002,41.851],[-81.002,41.852],[-81.002,41.853],[-81.002,41.854],[-81.006,41.86],[-81.01,42.252],[-81,42.252],[-80.903,42.268],[-80.792,42.285],[-80.669,42.304],[-80.575,42.319],[-80.52,42.25],[-80.52,42.125],[-80.519,41.989],[-80.519,41.978],[-80.519,41.978]]]},"properties":{"NAME":"Ashtabula","GEOID":"39007"}},{"type":"Feature","geometry":{"type":"Polygon","coordinates":[[[-84.703,39.567],[-84.714,39.567],[-84.727,39.568],[-84.728,39.568],[-84.747,39.567],[-84.75,39.567],[-84.758,39.567],[-84.759,39.567],[-84.77,39.568],[-84.778,39.568],[-84.781,39.568],[-84.782,39.568],[-84.785,39.568],[-84.795,39.568],[-84.796,39.568],[-84.808,39.568],[-84.811,39.568],[-84.813,39.568],[-84.813,39.568],[-84.815,39.568],[-84.815,39.569],[-84.815,39.571],[-84.815,39.573],[-84.815,39.574],[-84.815,39.574],[-84.815,39.576],[-84.815,39.577],[-84.815,39.58],[-84.815,39.581],[-84.815,39.584],[-84.815,39.586],[-84.815,39.589],[-84.815,39.593],[-84.815,39.597],[-84.815,39.6],[-84.815,39.603],[-84.815,39.609],[-84.815,39.61],[-84.815,39.613],[-84.815,39.621],[-84.815,39.622],[-84.815,39.625],[-84.815,39.627],[-84.815,39.628],[-84.815,39.636],[-84.815,39.639],[-84.815,39.639],[-84.815,39.643],[-84.815,39.654],[-84.815,39.655],[-84.815,39.656],[-84.815,39.658],[-84.815,39.659],[-84.815,39.662],[-84.815,39.669],[-84.815,39.671],[-84.815,39.68],[-84.815,39.681],[-84.815,39.683],[-84.815,39.686],[-84.815,39.69],[-84.815,39.692],[-84.814,39.696],[-84.814,39.699],[-84.814,39.702],[-84.814,39.706],[-84.814,39.708],[-84.814,39.71],[-84.814,39.712],[-84.814,39.714],[-84.814,39.715],[-84.814,39.721],[-84.814,39.724],[-84.814,39.727],[-84.814,39.737],[-84.814,39.744],[-84.814,39.746],[-84.814,39.748],[-84.814,39.754],[-84.814,39.758],[-84.814,39.76],[-84.814,39.768],[-84.814,39.778],[-84.814,39.778],[-84.814,39.78],[-84.814,39.782],[-84.814,39.785],[-84.814,39.785],[-84.814,39.787],[-84.814,39.788],[-84.814,39.79],[-84.814,39.792],[-84.814,39.798],[-84.814,39.799],[-84.814,39.802],[-84.814,39.807],[-84.814,39.811],[-84.814,39.814],[-84.814,39.817],[-84.814,39.826],[-84.814,39.827],[-84.814,39.83],[-84.814,39.831],[-84.814,39.831],[-84.814,39.833],[-84.814,39.834],[-84.814,39.842],[-84.814,39.843],[-84.814,39.843],[-84.814,39.847],[-84.814,39.852],[-84.813,39.855],[-84.813,39.874],[-84.813,39.876],[-84.813,39.879],[-84.813,39.883],[-84.813,39.883],[-84.813,39.884],[-84.813,39.885],[-84.813,39.887],[-84.813,39.891],[-84.813,39.891],[-84.813,39.909],[-84.812,39.916],[-84.808,39.917],[-84.783,39.917],[-84.77,39.917],[-84.769,39.917],[-84.766,39.917],[-84.754,39.917],[-84.733,39.917],[-84.723,39.917],[-84.72,39.917],[-84.712,39.917],[-84.708,39.917],[-84.706,39.917],[-84.704,39.917],[-84.684,39.917],[-84.672,39.917],[-84.653,39.917],[-84.626,39.917],[-84.613,39.917],[-84.581,39.917],[-84.579,39.917],[-84.578,39.917],[-84.574,39.917],[-84.571,39.917],[-84.57,39.917],[-84.567,39.917],[-84.566,39.917],[-84.564,39.917],[-84.56,39.917],[-84.555,39.917],[-84.55,39.918],[-84.548,39.918],[-84.546,39.918],[-84.543,39.918],[-84.54,39.918],[-84.538,39.918],[-84.535,39.918],[-84.533,39.918],[-84.531,39.918],[-84.528,39.918],[-84.526,39.918],[-84.525,39.918],[-84.523,39.918],[-84.521,39.918],[-84.518,39.918],[-84.516,39.918],[-84.514,39.918],[-84.512,39.918],[-84.51,39.918],[-84.508,39.918],[-84.505,39.918],[-84.503,39.918],[-84.501,39.918],[-84.5,39.918],[-84.499,39.918],[-84.495,39.918],[-84.493,39.918],[-84.491,39.918],[-84.49,39.918],[-84.487,39.918],[-84.485,39.911],[-84.485,39.911],[-84.485,39.91],[-84.485,39.906],[-84.485,39.905],[-84.485,39.904],[-84.485,39.902],[-84.485,39.901],[-84.485,39.9],[-84.485,39.898],[-84.485,39.897],[-84.485,39.889],[-84.485,39.881],[-84.485,39.881],[-84.485,39.879],[-84.485,39.876],[-84.485,39.874],[-84.484,39.869],[-84.484,39.866],[-84.484,39.862],[-84.484,39.86],[-84.484,39.854],[-84.484,39.848],[-84.484,39.846],[-84.484,39.844],[-84.484,39.841],[-84.484,39.84],[-84.484,39.839],[-84.484,39.838],[-84.484,39.832],[-84.484,39.83],[-84.483,39.824],[-84.483,39.818],[-84.483,39.817],[-84.483,39.814],[-84.483,39.811],[-84.483,39.807],[-84.483,39.801],[-84.483,39.797],[-84.483,39.795],[-84.483,39.788],[-84.483,39.783],[-84.483,39.781],[-84.482,39.779],[-84.482,39.774],[-84.482,39.772],[-84.482,39.769],[-84.482,39.768],[-84.482,39.766],[-84.482,39.763],[-84.482,39.76],[-84.482,39.76],[-84.482,39.758],[-84.482,39.755],[-84.482,39.753],[-84.482,39.752],[-84.482,39.75],[-84.482,39.749],[-84.482,39.745],[-84.482,39.745],[-84.482,39.743],[-84.482,39.741],[-84.482,39.736],[-84.482,39.733],[-84.482,39.728],[-84.481,39.726],[-84.481,39.723],[-84.481,39.721],[-84.481,39.716],[-84.481,39.714],[-84.481,39.71],[-84.481,39.706],[-84.481,39.704],[-84.481,39.698],[-84.481,39.695],[-84.481,39.69],[-84.481,39.688],[-84.481,39.685],[-84.481,39.679],[-84.48,39.672],[-84.48,39.67],[-84.48,39.665],[-84.48,39.664],[-84.48,39.662],[-84.48,39.661],[-84.48,39.66],[-84.48,39.658],[-84.48,39.657],[-84.48,39.657],[-84.48,39.655],[-84.48,39.654],[-84.48,39.649],[-84.48,39.644],[-84.48,39.636],[-84.48,39.632],[-84.48,39.63],[-84.48,39.626],[-84.48,39.624],[-84.48,39.621],[-84.48,39.621],[-84.48,39.617],[-84.48,39.613],[-84.48,39.611],[-84.48,39.609],[-84.479,39.606],[-84.479,39.604],[-84.479,39.603],[-84.479,39.6],[-84.479,39.596],[-84.479,39.591],[-84.479,39.587],[-84.479,39.583],[-84.479,39.582],[-84.479,39.579],[-84.479,39.579],[-84.479,39.569],[-84.494,39.568],[-84.498,39.568],[-84.522,39.568],[-84.526,39.568],[-84.552,39.568],[-84.554,39.568],[-84.563,39.568],[-84.586,39.568],[-84.591,39.568],[-84.63,39.567],[-84.634,39.567],[-84.638,39.567],[-84.643,39.567],[-84.646,39.567],[-84.685,39.567],[-84.702,39.567],[-84.703,39.567]]]},"properties":{"NAME":"Preble","GEOID":"39135"}},{"type":"Feature","geometry":{"type":"Polygon","coordinates":[[[-82.651,39.19],[-82.643,39.189],[-82.634,39.188],[-82.618,39.186],[-82.611,39.186],[-82.608,39.186],[-82.608,39.186],[-82.607,39.186],[-82.607,39.186],[-82.604,39.186],[-82.601,39.186],[-82.599,39.186],[-82.599,39.186],[-82.599,39.186],[-82.597,39.186],[-82.596,39.186],[-82.596,39.186],[-82.596,39.186],[-82.596,39.186],[-82.595,39.186],[-82.595,39.186],[-82.579,39.185],[-82.549,39.183],[-82.548,39.182],[-82.546,39.182],[-82.546,39.182],[-82.545,39.182],[-82.543,39.182],[-82.54,39.181],[-82.538,39.181],[-82.537,39.181],[-82.536,39.181],[-82.537,39.174],[-82.538,39.166],[-82.538,39.162],[-82.539,39.159],[-82.539,39.158],[-82.539,39.153],[-82.54,39.144],[-82.535,39.144],[-82.532,39.144],[-82.519,39.143],[-82.518,39.143],[-82.518,39.143],[-82.517,39.143],[-82.502,39.141],[-82.492,39.141],[-82.486,39.141],[-82.48,39.14],[-82.471,39.14],[-82.467,39.14],[-82.467,39.14],[-82.459,39.139],[-82.448,39.139],[-82.445,39.139],[-82.444,39.139],[-82.444,39.139],[-82.441,39.139],[-82.44,39.139],[-82.44,39.139],[-82.44,39.139],[-82.425,39.138],[-82.425,39.131],[-82.425,39.13],[-82.426,39.122],[-82.428,39.108],[-82.428,39.101],[-82.429,39.093],[-82.43,39.089],[-82.43,39.088],[-82.43,39.082],[-82.43,39.081],[-82.43,39.081],[-82.431,39.079],[-82.431,39.078],[-82.432,39.066],[-82.433,39.06],[-82.433,39.057],[-82.434,39.048],[-82.434,39.048],[-82.434,39.048],[-82.435,39.035],[-82.436,39.03],[-82.436,39.026],[-82.438,39.01],[-82.437,39.009],[-82.438,39.008],[-82.438,39.008],[-82.438,39.007],[-82.438,39.004],[-82.438,38.999],[-82.439,38.992],[-82.439,38.985],[-82.441,38.973],[-82.442,38.959],[-82.443,38.95],[-82.444,38.947],[-82.444,38.947],[-82.444,38.94],[-82.446,38.927],[-82.448,38.912],[-82.449,38.903],[-82.449,38.901],[-82.449,38.9],[-82.449,38.9],[-82.449,38.898],[-82.449,38.898],[-82.449,38.896],[-82.45,38.888],[-82.452,38.876],[-82.452,38.869],[-82.454,38.859],[-82.454,38.854],[-82.454,38.852],[-82.455,38.845],[-82.459,38.845],[-82.465,38.846],[-82.468,38.846],[-82.478,38.847],[-82.487,38.848],[-82.499,38.849],[-82.505,38.849],[-82.527,38.85],[-82.534,38.851],[-82.56,38.853],[-82.574,38.853],[-82.575,38.848],[-82.589,38.845],[-82.597,38.846],[-82.598,38.846],[-82.603,38.846],[-82.62,38.847],[-82.626,38.848],[-82.631,38.848],[-82.632,38.848],[-82.646,38.849],[-82.65,38.849],[-82.664,38.85],[-82.676,38.851],[-82.68,38.851],[-82.686,38.851],[-82.693,38.852],[-82.701,38.852],[-82.706,38.852],[-82.723,38.853],[-82.729,38.853],[-82.729,38.853],[-82.73,38.853],[-82.734,38.854],[-82.737,38.854],[-82.739,38.854],[-82.742,38.854],[-82.75,38.854],[-82.751,38.854],[-82.754,38.855],[-82.755,38.855],[-82.756,38.855],[-82.756,38.855],[-82.762,38.866],[-82.762,38.867],[-82.761,38.875],[-82.758,38.887],[-82.758,38.89],[-82.757,38.9],[-82.757,38.902],[-82.757,38.91],[-82.757,38.91],[-82.757,38.91],[-82.756,38.915],[-82.756,38.921],[-82.756,38.921],[-82.756,38.922],[-82.756,38.923],[-82.756,38.924],[-82.755,38.924],[-82.756,38.924],[-82.755,38.925],[-82.755,38.925],[-82.755,38.926],[-82.755,38.927],[-82.755,38.927],[-82.755,38.928],[-82.755,38.929],[-82.755,38.929],[-82.755,38.93],[-82.755,38.93],[-82.755,38.93],[-82.755,38.931],[-82.755,38.932],[-82.754,38.937],[-82.754,38.944],[-82.753,38.945],[-82.761,38.946],[-82.769,38.946],[-82.778,38.947],[-82.786,38.947],[-82.792,38.947],[-82.792,38.947],[-82.798,38.948],[-82.803,38.948],[-82.807,38.948],[-82.807,38.949],[-82.806,38.955],[-82.806,38.956],[-82.805,38.964],[-82.805,38.972],[-82.804,38.982],[-82.803,38.992],[-82.802,38.998],[-82.801,39.006],[-82.801,39.009],[-82.801,39.011],[-82.799,39.026],[-82.798,39.036],[-82.799,39.042],[-82.797,39.059],[-82.797,39.067],[-82.795,39.08],[-82.795,39.081],[-82.795,39.081],[-82.794,39.09],[-82.793,39.101],[-82.793,39.102],[-82.793,39.103],[-82.791,39.116],[-82.79,39.124],[-82.79,39.126],[-82.789,39.134],[-82.787,39.154],[-82.786,39.163],[-82.781,39.169],[-82.78,39.168],[-82.771,39.168],[-82.767,39.168],[-82.767,39.168],[-82.767,39.168],[-82.765,39.185],[-82.765,39.189],[-82.765,39.19],[-82.765,39.191],[-82.764,39.193],[-82.764,39.197],[-82.764,39.199],[-82.764,39.2],[-82.764,39.201],[-82.763,39.205],[-82.763,39.208],[-82.763,39.208],[-82.759,39.208],[-82.756,39.208],[-82.75,39.207],[-82.735,39.207],[-82.735,39.207],[-82.729,39.206],[-82.717,39.206],[-82.71,39.205],[-82.709,39.205],[-82.705,39.205],[-82.705,39.205],[-82.703,39.205],[-82.693,39.204],[-82.685,39.204],[-82.684,39.204],[-82.683,39.204],[-82.669,39.203],[-82.655,39.203],[-82.65,39.2],[-82.65,39.199],[-82.651,39.198],[-82.651,39.192],[-82.651,39.19]]]},"properties":{"NAME":"Jackson","GEOID":"39079"}},{"type":"Feature","geometry":{"type":"Polygon","coordinates":[[[-82.188,40.388],[-82.188,40.388],[-82.188,40.389],[-82.188,40.392],[-82.187,40.398],[-82.187,40.403],[-82.187,40.406],[-82.187,40.407],[-82.187,40.408],[-82.187,40.408],[-82.186,40.419],[-82.186,40.428],[-82.185,40.437],[-82.185,40.442],[-82.185,40.45],[-82.184,40.453],[-82.185,40.454],[-82.184,40.454],[-82.185,40.455],[-82.185,40.455],[-82.184,40.456],[-82.171,40.456],[-82.151,40.455],[-82.13,40.454],[-82.125,40.454],[-82.12,40.454],[-82.096,40.453],[-82.086,40.453],[-82.075,40.454],[-82.055,40.453],[-82.054,40.453],[-82.052,40.453],[-82.049,40.453],[-82.047,40.453],[-82.045,40.453],[-82.044,40.453],[-82.033,40.452],[-81.99,40.451],[-81.989,40.451],[-81.986,40.451],[-81.969,40.451],[-81.968,40.451],[-81.967,40.451],[-81.963,40.451],[-81.96,40.451],[-81.948,40.45],[-81.947,40.45],[-81.941,40.45],[-81.939,40.45],[-81.937,40.45],[-81.933,40.45],[-81.929,40.45],[-81.923,40.45],[-81.917,40.449],[-81.91,40.449],[-81.907,40.449],[-81.905,40.449],[-81.904,40.449],[-81.903,40.449],[-81.902,40.449],[-81.902,40.449],[-81.902,40.449],[-81.9,40.449],[-81.898,40.449],[-81.895,40.449],[-81.894,40.449],[-81.894,40.449],[-81.894,40.448],[-81.884,40.448],[-81.881,40.448],[-81.879,40.448],[-81.875,40.448],[-81.862,40.448],[-81.862,40.448],[-81.857,40.448],[-81.838,40.447],[-81.825,40.447],[-81.824,40.447],[-81.811,40.447],[-81.807,40.447],[-81.806,40.447],[-81.805,40.447],[-81.792,40.447],[-81.79,40.446],[-81.788,40.446],[-81.785,40.446],[-81.783,40.446],[-81.779,40.446],[-81.775,40.446],[-81.774,40.446],[-81.772,40.446],[-81.772,40.446],[-81.771,40.446],[-81.771,40.446],[-81.77,40.446],[-81.768,40.446],[-81.766,40.446],[-81.761,40.446],[-81.748,40.446],[-81.728,40.445],[-81.722,40.445],[-81.72,40.445],[-81.72,40.445],[-81.72,40.445],[-81.718,40.445],[-81.712,40.445],[-81.709,40.444],[-81.709,40.443],[-81.709,40.443],[-81.709,40.441],[-81.709,40.44],[-81.709,40.438],[-81.71,40.436],[-81.71,40.433],[-81.71,40.432],[-81.71,40.431],[-81.71,40.422],[-81.711,40.412],[-81.711,40.409],[-81.711,40.404],[-81.711,40.399],[-81.712,40.39],[-81.712,40.381],[-81.712,40.378],[-81.712,40.371],[-81.711,40.371],[-81.709,40.371],[-81.708,40.371],[-81.7,40.371],[-81.692,40.37],[-81.687,40.37],[-81.687,40.37],[-81.687,40.37],[-81.685,40.37],[-81.684,40.37],[-81.683,40.37],[-81.681,40.37],[-81.669,40.37],[-81.666,40.369],[-81.649,40.369],[-81.647,40.369],[-81.641,40.369],[-81.638,40.369],[-81.629,40.368],[-81.622,40.368],[-81.621,40.368],[-81.619,40.368],[-81.616,40.368],[-81.617,40.364],[-81.617,40.362],[-81.617,40.355],[-81.617,40.348],[-81.618,40.342],[-81.618,40.341],[-81.618,40.341],[-81.618,40.34],[-81.618,40.34],[-81.618,40.339],[-81.618,40.338],[-81.618,40.337],[-81.618,40.333],[-81.618,40.331],[-81.618,40.331],[-81.618,40.33],[-81.618,40.328],[-81.618,40.318],[-81.618,40.316],[-81.618,40.314],[-81.619,40.312],[-81.619,40.307],[-81.619,40.304],[-81.619,40.297],[-81.619,40.296],[-81.619,40.295],[-81.62,40.288],[-81.62,40.285],[-81.62,40.283],[-81.62,40.281],[-81.62,40.278],[-81.62,40.273],[-81.62,40.272],[-81.62,40.271],[-81.62,40.269],[-81.62,40.268],[-81.621,40.266],[-81.621,40.264],[-81.621,40.263],[-81.621,40.262],[-81.621,40.258],[-81.621,40.257],[-81.621,40.254],[-81.621,40.251],[-81.621,40.246],[-81.622,40.242],[-81.622,40.239],[-81.622,40.234],[-81.622,40.228],[-81.623,40.221],[-81.629,40.221],[-81.636,40.222],[-81.652,40.222],[-81.652,40.222],[-81.653,40.222],[-81.666,40.222],[-81.668,40.215],[-81.668,40.214],[-81.668,40.213],[-81.668,40.213],[-81.668,40.212],[-81.668,40.212],[-81.668,40.208],[-81.668,40.205],[-81.669,40.19],[-81.669,40.185],[-81.669,40.183],[-81.669,40.183],[-81.669,40.18],[-81.669,40.18],[-81.67,40.172],[-81.67,40.17],[-81.67,40.166],[-81.67,40.162],[-81.67,40.159],[-81.671,40.156],[-81.671,40.154],[-81.671,40.152],[-81.671,40.151],[-81.673,40.151],[-81.678,40.151],[-81.682,40.151],[-81.685,40.151],[-81.689,40.151],[-81.694,40.152],[-81.704,40.152],[-81.711,40.152],[-81.714,40.152],[-81.716,40.153],[-81.721,40.153],[-81.724,40.153],[-81.725,40.153],[-81.729,40.153],[-81.735,40.153],[-81.736,40.153],[-81.736,40.153],[-81.741,40.153],[-81.745,40.153],[-81.75,40.154],[-81.759,40.154],[-81.762,40.154],[-81.769,40.154],[-81.771,40.154],[-81.775,40.154],[-81.776,40.154],[-81.785,40.154],[-81.787,40.154],[-81.788,40.155],[-81.792,40.155],[-81.795,40.155],[-81.795,40.155],[-81.795,40.155],[-81.796,40.155],[-81.798,40.155],[-81.799,40.155],[-81.8,40.155],[-81.8,40.155],[-81.8,40.155],[-81.801,40.155],[-81.804,40.155],[-81.805,40.155],[-81.806,40.155],[-81.807,40.155],[-81.809,40.155],[-81.81,40.155],[-81.812,40.155],[-81.815,40.155],[-81.817,40.155],[-81.822,40.156],[-81.826,40.156],[-81.835,40.156],[-81.836,40.156],[-81.846,40.156],[-81.849,40.156],[-81.85,40.156],[-81.85,40.156],[-81.851,40.156],[-81.851,40.156],[-81.858,40.157],[-81.866,40.157],[-81.872,40.157],[-81.875,40.157],[-81.876,40.157],[-81.881,40.157],[-81.889,40.157],[-81.89,40.158],[-81.896,40.158],[-81.9,40.158],[-81.903,40.158],[-81.904,40.158],[-81.905,40.158],[-81.906,40.158],[-81.907,40.158],[-81.908,40.158],[-81.909,40.158],[-81.909,40.158],[-81.911,40.158],[-81.92,40.158],[-81.922,40.158],[-81.927,40.158],[-81.927,40.158],[-81.929,40.158],[-81.935,40.159],[-81.937,40.159],[-81.938,40.159],[-81.94,40.159],[-81.941,40.159],[-81.945,40.159],[-81.946,40.159],[-81.947,40.159],[-81.947,40.159],[-81.951,40.159],[-81.952,40.159],[-81.96,40.159],[-81.97,40.159],[-81.975,40.16],[-81.987,40.16],[-81.991,40.16],[-81.994,40.16],[-82,40.16],[-82,40.16],[-82.001,40.16],[-82.002,40.16],[-82.003,40.16],[-82.004,40.16],[-82.013,40.161],[-82.018,40.161],[-82.024,40.161],[-82.029,40.161],[-82.029,40.161],[-82.031,40.161],[-82.045,40.161],[-82.052,40.161],[-82.065,40.161],[-82.081,40.162],[-82.086,40.162],[-82.087,40.162],[-82.088,40.162],[-82.088,40.162],[-82.089,40.162],[-82.09,40.162],[-82.09,40.162],[-82.091,40.162],[-82.092,40.162],[-82.093,40.162],[-82.093,40.163],[-82.096,40.163],[-82.096,40.163],[-82.098,40.163],[-82.099,40.163],[-82.101,40.163],[-82.104,40.163],[-82.105,40.163],[-82.106,40.163],[-82.109,40.163],[-82.114,40.163],[-82.117,40.164],[-82.121,40.164],[-82.125,40.164],[-82.129,40.164],[-82.131,40.164],[-82.135,40.164],[-82.142,40.165],[-82.15,40.165],[-82.158,40.165],[-82.16,40.166],[-82.16,40.166],[-82.161,40.166],[-82.168,40.166],[-82.17,40.166],[-82.171,40.166],[-82.177,40.166],[-82.187,40.167],[-82.187,40.178],[-82.186,40.182],[-82.186,40.182],[-82.187,40.183],[-82.187,40.183],[-82.185,40.204],[-82.185,40.205],[-82.185,40.208],[-82.185,40.208],[-82.184,40.214],[-82.184,40.225],[-82.184,40.226],[-82.183,40.227],[-82.184,40.228],[-82.183,40.233],[-82.183,40.239],[-82.196,40.239],[-82.196,40.241],[-82.195,40.25],[-82.194,40.274],[-82.194,40.275],[-82.194,40.277],[-82.193,40.291],[-82.192,40.311],[-82.192,40.312],[-82.192,40.317],[-82.192,40.317],[-82.191,40.325],[-82.191,40.327],[-82.191,40.327],[-82.191,40.329],[-82.191,40.33],[-82.191,40.333],[-82.191,40.339],[-82.19,40.343],[-82.19,40.345],[-82.19,40.346],[-82.19,40.346],[-82.19,40.347],[-82.19,40.347],[-82.19,40.359],[-82.19,40.36],[-82.189,40.373],[-82.189,40.375],[-82.189,40.376],[-82.188,40.383],[-82.188,40.388]]]},"properties":{"NAME":"Coshocton","GEOID":"39031"}},{"type":"Feature","geometry":{"type":"Polygon","coordinates":[[[-83.188,40.702],[-83.191,40.702],[-83.192,40.702],[-83.193,40.702],[-83.195,40.702],[-83.198,40.702],[-83.201,40.702],[-83.207,40.702],[-83.209,40.702],[-83.212,40.702],[-83.215,40.702],[-83.222,40.702],[-83.224,40.702],[-83.226,40.702],[-83.227,40.702],[-83.231,40.702],[-83.233,40.702],[-83.235,40.702],[-83.239,40.702],[-83.243,40.702],[-83.246,40.702],[-83.247,40.702],[-83.248,40.702],[-83.251,40.702],[-83.261,40.702],[-83.266,40.702],[-83.268,40.702],[-83.273,40.702],[-83.276,40.702],[-83.284,40.702],[-83.287,40.702],[-83.294,40.702],[-83.297,40.702],[-83.299,40.702],[-83.305,40.702],[-83.305,40.7],[-83.305,40.698],[-83.305,40.696],[-83.305,40.694],[-83.305,40.693],[-83.305,40.691],[-83.305,40.689],[-83.305,40.687],[-83.305,40.687],[-83.305,40.687],[-83.306,40.687],[-83.308,40.687],[-83.31,40.687],[-83.314,40.687],[-83.321,40.687],[-83.323,40.687],[-83.326,40.687],[-83.331,40.687],[-83.336,40.687],[-83.342,40.687],[-83.35,40.687],[-83.351,40.687],[-83.355,40.687],[-83.363,40.687],[-83.366,40.687],[-83.371,40.687],[-83.373,40.687],[-83.377,40.687],[-83.38,40.687],[-83.39,40.687],[-83.393,40.687],[-83.4,40.687],[-83.412,40.687],[-83.414,40.687],[-83.42,40.687],[-83.421,40.687],[-83.422,40.687],[-83.425,40.687],[-83.429,40.687],[-83.431,40.687],[-83.436,40.687],[-83.44,40.688],[-83.44,40.689],[-83.443,40.702],[-83.458,40.702],[-83.465,40.702],[-83.478,40.701],[-83.478,40.701],[-83.483,40.701],[-83.492,40.702],[-83.496,40.702],[-83.496,40.709],[-83.496,40.716],[-83.496,40.724],[-83.496,40.729],[-83.497,40.73],[-83.497,40.731],[-83.497,40.735],[-83.497,40.745],[-83.497,40.75],[-83.497,40.755],[-83.497,40.759],[-83.497,40.76],[-83.497,40.763],[-83.497,40.766],[-83.497,40.768],[-83.497,40.769],[-83.497,40.772],[-83.497,40.774],[-83.497,40.777],[-83.497,40.781],[-83.497,40.786],[-83.497,40.788],[-83.497,40.79],[-83.497,40.791],[-83.497,40.793],[-83.497,40.795],[-83.497,40.802],[-83.497,40.803],[-83.497,40.805],[-83.497,40.808],[-83.497,40.811],[-83.496,40.812],[-83.496,40.816],[-83.497,40.818],[-83.501,40.818],[-83.515,40.818],[-83.516,40.819],[-83.516,40.825],[-83.516,40.828],[-83.515,40.854],[-83.515,40.871],[-83.515,40.875],[-83.515,40.88],[-83.515,40.891],[-83.515,40.895],[-83.515,40.9],[-83.515,40.905],[-83.503,40.905],[-83.5,40.905],[-83.487,40.905],[-83.478,40.905],[-83.477,40.919],[-83.477,40.933],[-83.477,40.948],[-83.458,40.953],[-83.458,40.96],[-83.458,40.973],[-83.458,40.992],[-83.456,40.992],[-83.453,40.992],[-83.443,40.992],[-83.436,40.992],[-83.431,40.992],[-83.425,40.992],[-83.421,40.992],[-83.417,40.992],[-83.414,40.992],[-83.411,40.992],[-83.411,40.992],[-83.406,40.992],[-83.402,40.992],[-83.399,40.992],[-83.395,40.992],[-83.392,40.992],[-83.387,40.992],[-83.385,40.992],[-83.383,40.992],[-83.383,40.992],[-83.382,40.992],[-83.371,40.992],[-83.368,40.992],[-83.363,40.992],[-83.345,40.992],[-83.343,40.992],[-83.338,40.992],[-83.336,40.992],[-83.334,40.992],[-83.329,40.992],[-83.324,40.993],[-83.305,40.993],[-83.267,40.993],[-83.262,40.993],[-83.259,40.993],[-83.258,40.993],[-83.255,40.993],[-83.244,40.993],[-83.243,40.993],[-83.243,40.993],[-83.242,40.993],[-83.24,40.993],[-83.238,40.993],[-83.235,40.993],[-83.23,40.993],[-83.229,40.993],[-83.228,40.993],[-83.228,40.993],[-83.228,40.993],[-83.227,40.993],[-83.225,40.993],[-83.208,40.993],[-83.207,40.993],[-83.204,40.993],[-83.187,40.993],[-83.177,40.993],[-83.17,40.993],[-83.163,40.993],[-83.158,40.993],[-83.136,40.993],[-83.132,40.993],[-83.125,40.993],[-83.119,40.993],[-83.113,40.993],[-83.113,40.991],[-83.113,40.989],[-83.113,40.984],[-83.113,40.978],[-83.113,40.975],[-83.113,40.971],[-83.113,40.968],[-83.113,40.966],[-83.113,40.965],[-83.113,40.964],[-83.113,40.962],[-83.112,40.957],[-83.112,40.955],[-83.112,40.953],[-83.112,40.949],[-83.112,40.948],[-83.112,40.946],[-83.112,40.94],[-83.112,40.933],[-83.112,40.933],[-83.112,40.932],[-83.112,40.923],[-83.112,40.92],[-83.112,40.914],[-83.112,40.907],[-83.113,40.906],[-83.113,40.905],[-83.113,40.902],[-83.113,40.896],[-83.113,40.892],[-83.113,40.891],[-83.113,40.888],[-83.113,40.882],[-83.113,40.877],[-83.112,40.873],[-83.112,40.871],[-83.112,40.868],[-83.112,40.865],[-83.112,40.863],[-83.112,40.86],[-83.112,40.855],[-83.112,40.855],[-83.112,40.852],[-83.112,40.848],[-83.112,40.843],[-83.112,40.841],[-83.112,40.837],[-83.112,40.835],[-83.112,40.835],[-83.112,40.834],[-83.112,40.831],[-83.112,40.83],[-83.112,40.828],[-83.112,40.825],[-83.112,40.821],[-83.112,40.819],[-83.112,40.819],[-83.112,40.817],[-83.112,40.81],[-83.112,40.81],[-83.112,40.808],[-83.112,40.804],[-83.112,40.801],[-83.112,40.8],[-83.112,40.799],[-83.112,40.798],[-83.112,40.794],[-83.112,40.793],[-83.112,40.789],[-83.112,40.784],[-83.112,40.779],[-83.112,40.776],[-83.112,40.771],[-83.112,40.765],[-83.112,40.762],[-83.112,40.759],[-83.112,40.753],[-83.112,40.75],[-83.112,40.746],[-83.112,40.74],[-83.112,40.737],[-83.112,40.733],[-83.112,40.724],[-83.112,40.72],[-83.111,40.709],[-83.114,40.703],[-83.117,40.703],[-83.123,40.703],[-83.127,40.703],[-83.13,40.703],[-83.133,40.703],[-83.138,40.703],[-83.142,40.703],[-83.144,40.703],[-83.148,40.703],[-83.151,40.703],[-83.155,40.703],[-83.159,40.702],[-83.159,40.703],[-83.16,40.703],[-83.161,40.703],[-83.162,40.702],[-83.162,40.702],[-83.164,40.702],[-83.168,40.702],[-83.169,40.702],[-83.174,40.702],[-83.182,40.702],[-83.185,40.702],[-83.188,40.702]]]},"properties":{"NAME":"Wyandot","GEOID":"39175"}},{"type":"Feature","geometry":{"type":"Polygon","coordinates":[[[-83.211,40.063],[-83.21,40.069],[-83.21,40.071],[-83.21,40.072],[-83.208,40.095],[-83.207,40.101],[-83.196,40.108],[-83.191,40.107],[-83.185,40.107],[-83.18,40.107],[-83.178,40.107],[-83.176,40.107],[-83.174,40.107],[-83.173,40.107],[-83.173,40.107],[-83.17,40.107],[-83.17,40.108],[-83.17,40.113],[-83.17,40.113],[-83.17,40.114],[-83.17,40.118],[-83.17,40.12],[-83.17,40.122],[-83.17,40.126],[-83.17,40.128],[-83.17,40.129],[-83.17,40.129],[-83.17,40.129],[-83.17,40.13],[-83.17,40.13],[-83.17,40.13],[-83.17,40.132],[-83.17,40.132],[-83.17,40.136],[-83.17,40.139],[-83.17,40.14],[-83.17,40.143],[-83.163,40.142],[-83.158,40.142],[-83.153,40.142],[-83.153,40.142],[-83.151,40.142],[-83.148,40.142],[-83.139,40.141],[-83.137,40.141],[-83.134,40.141],[-83.133,40.141],[-83.13,40.141],[-83.129,40.141],[-83.129,40.141],[-83.129,40.141],[-83.128,40.141],[-83.124,40.14],[-83.12,40.14],[-83.119,40.14],[-83.11,40.14],[-83.105,40.14],[-83.103,40.14],[-83.101,40.14],[-83.09,40.139],[-83.09,40.139],[-83.089,40.139],[-83.076,40.139],[-83.072,40.139],[-83.068,40.138],[-83.066,40.138],[-83.065,40.138],[-83.064,40.138],[-83.06,40.138],[-83.059,40.138],[-83.057,40.138],[-83.04,40.138],[-83.037,40.137],[-83.031,40.137],[-83.031,40.137],[-83.029,40.137],[-83.017,40.137],[-83.016,40.137],[-83.015,40.137],[-83.014,40.137],[-83.013,40.137],[-83.013,40.137],[-83.012,40.137],[-83.011,40.137],[-83.011,40.137],[-83.011,40.137],[-83.01,40.136],[-83.008,40.136],[-83.007,40.136],[-83.006,40.136],[-83.006,40.136],[-83.005,40.136],[-83.003,40.136],[-83.001,40.136],[-82.998,40.136],[-82.996,40.136],[-82.995,40.136],[-82.995,40.136],[-82.992,40.136],[-82.99,40.136],[-82.988,40.136],[-82.986,40.136],[-82.985,40.135],[-82.983,40.135],[-82.982,40.135],[-82.981,40.135],[-82.978,40.135],[-82.975,40.135],[-82.974,40.135],[-82.971,40.135],[-82.971,40.135],[-82.971,40.135],[-82.97,40.135],[-82.959,40.134],[-82.959,40.134],[-82.957,40.134],[-82.957,40.134],[-82.956,40.134],[-82.951,40.134],[-82.951,40.134],[-82.948,40.134],[-82.94,40.134],[-82.935,40.133],[-82.931,40.133],[-82.93,40.133],[-82.929,40.133],[-82.927,40.133],[-82.926,40.133],[-82.926,40.133],[-82.924,40.133],[-82.923,40.133],[-82.922,40.133],[-82.921,40.133],[-82.919,40.133],[-82.916,40.133],[-82.915,40.133],[-82.912,40.133],[-82.908,40.132],[-82.905,40.132],[-82.904,40.132],[-82.902,40.132],[-82.9,40.132],[-82.896,40.132],[-82.894,40.132],[-82.889,40.131],[-82.886,40.131],[-82.885,40.131],[-82.884,40.131],[-82.884,40.131],[-82.882,40.131],[-82.878,40.131],[-82.876,40.131],[-82.874,40.131],[-82.871,40.131],[-82.869,40.131],[-82.864,40.13],[-82.859,40.13],[-82.858,40.13],[-82.853,40.13],[-82.851,40.13],[-82.85,40.13],[-82.849,40.13],[-82.848,40.13],[-82.846,40.129],[-82.845,40.129],[-82.844,40.129],[-82.836,40.129],[-82.816,40.128],[-82.81,40.128],[-82.804,40.128],[-82.797,40.127],[-82.791,40.127],[-82.79,40.127],[-82.789,40.127],[-82.786,40.127],[-82.781,40.127],[-82.77,40.126],[-82.762,40.124],[-82.763,40.11],[-82.764,40.098],[-82.764,40.098],[-82.764,40.097],[-82.764,40.097],[-82.764,40.096],[-82.764,40.096],[-82.764,40.096],[-82.765,40.088],[-82.765,40.084],[-82.765,40.08],[-82.765,40.079],[-82.766,40.069],[-82.767,40.058],[-82.768,40.049],[-82.768,40.044],[-82.768,40.04],[-82.769,40.038],[-82.769,40.037],[-82.769,40.036],[-82.769,40.034],[-82.769,40.034],[-82.769,40.032],[-82.769,40.031],[-82.769,40.028],[-82.77,40.024],[-82.77,40.023],[-82.77,40.019],[-82.771,40.013],[-82.771,40.006],[-82.771,40.005],[-82.771,40.004],[-82.771,40.004],[-82.771,40.004],[-82.772,40.003],[-82.772,39.999],[-82.772,39.998],[-82.772,39.998],[-82.772,39.992],[-82.772,39.99],[-82.773,39.987],[-82.773,39.987],[-82.773,39.987],[-82.773,39.986],[-82.773,39.984],[-82.773,39.984],[-82.773,39.983],[-82.773,39.983],[-82.773,39.983],[-82.773,39.983],[-82.773,39.982],[-82.773,39.981],[-82.774,39.979],[-82.774,39.977],[-82.779,39.976],[-82.78,39.975],[-82.78,39.974],[-82.78,39.974],[-82.78,39.974],[-82.78,39.973],[-82.78,39.973],[-82.78,39.972],[-82.78,39.971],[-82.78,39.969],[-82.78,39.968],[-82.78,39.967],[-82.78,39.965],[-82.78,39.964],[-82.781,39.962],[-82.781,39.958],[-82.781,39.956],[-82.781,39.956],[-82.781,39.952],[-82.782,39.951],[-82.782,39.951],[-82.782,39.95],[-82.782,39.95],[-82.782,39.95],[-82.782,39.95],[-82.782,39.949],[-82.782,39.947],[-82.782,39.946],[-82.782,39.944],[-82.782,39.942],[-82.782,39.941],[-82.783,39.94],[-82.792,39.94],[-82.796,39.94],[-82.798,39.941],[-82.811,39.941],[-82.811,39.932],[-82.811,39.932],[-82.812,39.931],[-82.812,39.926],[-82.812,39.925],[-82.812,39.923],[-82.812,39.92],[-82.813,39.919],[-82.813,39.914],[-82.813,39.912],[-82.813,39.912],[-82.812,39.912],[-82.811,39.912],[-82.81,39.912],[-82.809,39.912],[-82.808,39.911],[-82.808,39.911],[-82.807,39.911],[-82.803,39.911],[-82.803,39.911],[-82.802,39.911],[-82.802,39.911],[-82.801,39.911],[-82.8,39.911],[-82.799,39.911],[-82.798,39.911],[-82.796,39.911],[-82.795,39.911],[-82.795,39.905],[-82.795,39.905],[-82.795,39.904],[-82.795,39.904],[-82.795,39.903],[-82.796,39.897],[-82.797,39.888],[-82.797,39.885],[-82.797,39.885],[-82.798,39.881],[-82.798,39.878],[-82.798,39.877],[-82.798,39.877],[-82.798,39.877],[-82.798,39.876],[-82.798,39.874],[-82.798,39.873],[-82.798,39.869],[-82.798,39.868],[-82.798,39.867],[-82.798,39.867],[-82.799,39.865],[-82.799,39.865],[-82.8,39.855],[-82.8,39.854],[-82.8,39.851],[-82.8,39.85],[-82.8,39.848],[-82.8,39.848],[-82.8,39.848],[-82.801,39.847],[-82.801,39.847],[-82.801,39.847],[-82.801,39.846],[-82.801,39.845],[-82.801,39.845],[-82.801,39.843],[-82.801,39.841],[-82.801,39.841],[-82.801,39.841],[-82.801,39.839],[-82.801,39.839],[-82.801,39.839],[-82.801,39.838],[-82.801,39.837],[-82.802,39.836],[-82.802,39.836],[-82.802,39.836],[-82.802,39.836],[-82.802,39.836],[-82.802,39.836],[-82.802,39.836],[-82.802,39.832],[-82.802,39.83],[-82.802,39.829],[-82.802,39.828],[-82.802,39.827],[-82.802,39.824],[-82.803,39.823],[-82.812,39.824],[-82.813,39.824],[-82.817,39.824],[-82.822,39.824],[-82.822,39.823],[-82.822,39.823],[-82.822,39.822],[-82.822,39.821],[-82.822,39.821],[-82.822,39.819],[-82.822,39.817],[-82.822,39.816],[-82.822,39.816],[-82.822,39.814],[-82.823,39.813],[-82.823,39.811],[-82.823,39.81],[-82.823,39.809],[-82.823,39.808],[-82.823,39.807],[-82.823,39.807],[-82.823,39.806],[-82.823,39.805],[-82.823,39.804],[-82.823,39.803],[-82.824,39.802],[-82.824,39.798],[-82.824,39.797],[-82.824,39.797],[-82.824,39.795],[-82.826,39.795],[-82.826,39.795],[-82.829,39.795],[-82.832,39.795],[-82.84,39.796],[-82.841,39.796],[-82.842,39.796],[-82.843,39.796],[-82.846,39.796],[-82.848,39.796],[-82.853,39.797],[-82.856,39.797],[-82.861,39.797],[-82.867,39.797],[-82.87,39.797],[-82.871,39.797],[-82.873,39.798],[-82.878,39.798],[-82.883,39.798],[-82.888,39.798],[-82.89,39.798],[-82.895,39.799],[-82.898,39.799],[-82.899,39.799],[-82.9,39.799],[-82.919,39.8],[-82.925,39.8],[-82.938,39.801],[-82.943,39.801],[-82.955,39.802],[-82.956,39.802],[-82.957,39.802],[-82.958,39.802],[-82.975,39.803],[-82.981,39.803],[-82.983,39.803],[-82.984,39.803],[-82.992,39.803],[-82.993,39.804],[-82.995,39.804],[-83.012,39.804],[-83.013,39.804],[-83.013,39.804],[-83.017,39.805],[-83.032,39.805],[-83.036,39.806],[-83.039,39.806],[-83.044,39.805],[-83.044,39.805],[-83.047,39.805],[-83.052,39.805],[-83.055,39.806],[-83.056,39.806],[-83.059,39.806],[-83.061,39.806],[-83.081,39.806],[-83.101,39.807],[-83.102,39.807],[-83.102,39.807],[-83.128,39.808],[-83.147,39.808],[-83.15,39.808],[-83.153,39.808],[-83.154,39.808],[-83.165,39.809],[-83.168,39.809],[-83.168,39.809],[-83.169,39.809],[-83.169,39.809],[-83.171,39.809],[-83.172,39.809],[-83.173,39.809],[-83.173,39.809],[-83.179,39.809],[-83.182,39.809],[-83.193,39.81],[-83.195,39.81],[-83.244,39.814],[-83.244,39.817],[-83.244,39.822],[-83.245,39.826],[-83.245,39.833],[-83.247,39.861],[-83.248,39.864],[-83.25,39.891],[-83.251,39.904],[-83.252,39.917],[-83.25,39.918],[-83.231,39.928],[-83.23,39.929],[-83.228,39.93],[-83.226,39.932],[-83.227,39.934],[-83.227,39.935],[-83.228,39.937],[-83.229,39.939],[-83.229,39.939],[-83.229,39.941],[-83.231,39.942],[-83.231,39.942],[-83.231,39.943],[-83.232,39.944],[-83.233,39.946],[-83.235,39.947],[-83.236,39.947],[-83.236,39.949],[-83.237,39.95],[-83.238,39.95],[-83.24,39.951],[-83.241,39.951],[-83.242,39.953],[-83.242,39.955],[-83.242,39.956],[-83.242,39.957],[-83.242,39.957],[-83.241,39.958],[-83.241,39.958],[-83.24,39.96],[-83.241,39.961],[-83.244,39.962],[-83.246,39.964],[-83.246,39.965],[-83.246,39.966],[-83.245,39.967],[-83.246,39.969],[-83.247,39.971],[-83.247,39.971],[-83.248,39.971],[-83.249,39.971],[-83.249,39.97],[-83.25,39.97],[-83.25,39.971],[-83.251,39.972],[-83.25,39.973],[-83.249,39.973],[-83.25,39.974],[-83.25,39.976],[-83.25,39.976],[-83.25,39.978],[-83.25,39.978],[-83.249,39.978],[-83.249,39.98],[-83.249,39.98],[-83.249,39.981],[-83.25,39.981],[-83.25,39.982],[-83.25,39.983],[-83.25,39.983],[-83.25,39.983],[-83.249,39.984],[-83.249,39.984],[-83.248,39.984],[-83.247,39.985],[-83.247,39.986],[-83.246,39.986],[-83.246,39.986],[-83.246,39.987],[-83.247,39.988],[-83.249,39.989],[-83.251,39.991],[-83.252,39.993],[-83.254,39.995],[-83.255,39.996],[-83.256,39.997],[-83.256,39.997],[-83.256,39.997],[-83.256,39.998],[-83.256,39.999],[-83.257,39.999],[-83.259,40],[-83.259,40.001],[-83.26,40.002],[-83.261,40.002],[-83.26,40.004],[-83.259,40.005],[-83.258,40.005],[-83.257,40.004],[-83.256,40.005],[-83.255,40.005],[-83.254,40.005],[-83.253,40.006],[-83.252,40.008],[-83.252,40.01],[-83.252,40.01],[-83.253,40.011],[-83.253,40.013],[-83.253,40.015],[-83.253,40.016],[-83.253,40.017],[-83.252,40.018],[-83.252,40.021],[-83.252,40.022],[-83.252,40.023],[-83.252,40.023],[-83.252,40.023],[-83.252,40.024],[-83.252,40.024],[-83.252,40.026],[-83.253,40.026],[-83.253,40.026],[-83.253,40.027],[-83.253,40.027],[-83.253,40.027],[-83.253,40.028],[-83.253,40.028],[-83.253,40.028],[-83.253,40.029],[-83.255,40.029],[-83.256,40.029],[-83.256,40.033],[-83.256,40.033],[-83.255,40.034],[-83.255,40.035],[-83.255,40.035],[-83.254,40.036],[-83.253,40.04],[-83.252,40.041],[-83.253,40.041],[-83.253,40.041],[-83.254,40.041],[-83.254,40.042],[-83.255,40.043],[-83.255,40.043],[-83.256,40.045],[-83.256,40.046],[-83.255,40.049],[-83.255,40.049],[-83.254,40.049],[-83.24,40.049],[-83.211,40.059],[-83.211,40.063]]]},"properties":{"NAME":"Franklin","GEOID":"39049"}},{"type":"Feature","geometry":{"type":"Polygon","coordinates":[[[-82.84,41.257],[-82.84,41.257],[-82.84,41.256],[-82.842,41.255],[-82.847,41.255],[-82.849,41.255],[-82.854,41.255],[-82.855,41.255],[-82.858,41.255],[-82.868,41.256],[-82.872,41.256],[-82.872,41.256],[-82.873,41.256],[-82.878,41.256],[-82.887,41.256],[-82.887,41.256],[-82.889,41.256],[-82.889,41.256],[-82.897,41.256],[-82.905,41.256],[-82.918,41.256],[-82.927,41.256],[-82.936,41.256],[-82.938,41.256],[-82.946,41.256],[-82.951,41.256],[-82.955,41.256],[-82.956,41.256],[-82.959,41.256],[-82.961,41.256],[-82.975,41.256],[-82.979,41.256],[-82.98,41.256],[-82.981,41.256],[-82.994,41.256],[-82.994,41.256],[-82.995,41.256],[-82.995,41.256],[-83,41.256],[-83,41.256],[-83.001,41.256],[-83.001,41.256],[-83.004,41.256],[-83.005,41.256],[-83.006,41.256],[-83.008,41.256],[-83.012,41.256],[-83.013,41.256],[-83.013,41.256],[-83.014,41.256],[-83.018,41.256],[-83.018,41.256],[-83.018,41.256],[-83.019,41.256],[-83.022,41.256],[-83.025,41.256],[-83.029,41.256],[-83.029,41.256],[-83.033,41.256],[-83.036,41.256],[-83.036,41.256],[-83.038,41.257],[-83.038,41.257],[-83.038,41.257],[-83.038,41.257],[-83.042,41.257],[-83.043,41.257],[-83.043,41.257],[-83.045,41.257],[-83.046,41.257],[-83.047,41.257],[-83.047,41.257],[-83.048,41.257],[-83.048,41.257],[-83.049,41.257],[-83.05,41.257],[-83.052,41.257],[-83.054,41.257],[-83.056,41.257],[-83.056,41.257],[-83.057,41.257],[-83.057,41.257],[-83.059,41.257],[-83.061,41.257],[-83.062,41.257],[-83.064,41.257],[-83.068,41.257],[-83.07,41.257],[-83.071,41.257],[-83.072,41.257],[-83.073,41.257],[-83.073,41.257],[-83.075,41.257],[-83.075,41.257],[-83.077,41.257],[-83.08,41.257],[-83.081,41.257],[-83.083,41.257],[-83.085,41.257],[-83.092,41.257],[-83.093,41.257],[-83.095,41.257],[-83.095,41.257],[-83.098,41.257],[-83.098,41.257],[-83.098,41.257],[-83.098,41.257],[-83.098,41.257],[-83.101,41.257],[-83.104,41.257],[-83.11,41.257],[-83.112,41.257],[-83.115,41.257],[-83.117,41.257],[-83.122,41.257],[-83.129,41.256],[-83.132,41.256],[-83.141,41.256],[-83.147,41.256],[-83.155,41.256],[-83.159,41.256],[-83.168,41.255],[-83.179,41.255],[-83.185,41.255],[-83.188,41.255],[-83.192,41.255],[-83.197,41.254],[-83.207,41.254],[-83.216,41.253],[-83.225,41.253],[-83.225,41.253],[-83.225,41.253],[-83.226,41.253],[-83.226,41.253],[-83.236,41.253],[-83.236,41.253],[-83.237,41.253],[-83.239,41.253],[-83.24,41.253],[-83.241,41.253],[-83.243,41.253],[-83.247,41.253],[-83.25,41.253],[-83.255,41.253],[-83.255,41.253],[-83.264,41.253],[-83.269,41.253],[-83.273,41.253],[-83.275,41.253],[-83.281,41.254],[-83.283,41.254],[-83.284,41.254],[-83.284,41.254],[-83.284,41.254],[-83.286,41.254],[-83.288,41.254],[-83.293,41.254],[-83.297,41.254],[-83.298,41.254],[-83.299,41.254],[-83.299,41.254],[-83.301,41.254],[-83.302,41.254],[-83.302,41.254],[-83.303,41.254],[-83.303,41.254],[-83.303,41.254],[-83.305,41.254],[-83.308,41.254],[-83.312,41.255],[-83.313,41.255],[-83.319,41.255],[-83.319,41.255],[-83.322,41.255],[-83.323,41.255],[-83.323,41.255],[-83.323,41.255],[-83.324,41.255],[-83.326,41.255],[-83.328,41.255],[-83.329,41.255],[-83.334,41.255],[-83.341,41.255],[-83.341,41.255],[-83.341,41.255],[-83.341,41.255],[-83.341,41.255],[-83.341,41.255],[-83.341,41.255],[-83.341,41.255],[-83.341,41.255],[-83.341,41.255],[-83.342,41.255],[-83.344,41.255],[-83.352,41.255],[-83.353,41.255],[-83.355,41.255],[-83.362,41.255],[-83.362,41.255],[-83.362,41.255],[-83.362,41.255],[-83.363,41.255],[-83.364,41.255],[-83.365,41.255],[-83.365,41.255],[-83.367,41.255],[-83.378,41.255],[-83.378,41.255],[-83.382,41.255],[-83.383,41.255],[-83.389,41.254],[-83.392,41.254],[-83.393,41.254],[-83.393,41.254],[-83.394,41.254],[-83.401,41.254],[-83.409,41.254],[-83.409,41.254],[-83.41,41.254],[-83.41,41.254],[-83.411,41.254],[-83.412,41.254],[-83.416,41.254],[-83.42,41.254],[-83.42,41.259],[-83.42,41.259],[-83.42,41.261],[-83.42,41.265],[-83.419,41.266],[-83.419,41.267],[-83.419,41.269],[-83.419,41.269],[-83.419,41.271],[-83.419,41.272],[-83.419,41.279],[-83.419,41.283],[-83.419,41.285],[-83.419,41.29],[-83.419,41.297],[-83.419,41.298],[-83.418,41.303],[-83.418,41.306],[-83.418,41.312],[-83.418,41.313],[-83.418,41.319],[-83.418,41.32],[-83.418,41.323],[-83.418,41.325],[-83.418,41.329],[-83.417,41.336],[-83.417,41.337],[-83.417,41.339],[-83.417,41.34],[-83.417,41.342],[-83.417,41.345],[-83.417,41.356],[-83.417,41.364],[-83.417,41.368],[-83.416,41.385],[-83.416,41.388],[-83.416,41.389],[-83.416,41.399],[-83.416,41.399],[-83.416,41.407],[-83.416,41.414],[-83.416,41.421],[-83.416,41.422],[-83.415,41.428],[-83.415,41.428],[-83.415,41.429],[-83.415,41.43],[-83.415,41.438],[-83.415,41.44],[-83.415,41.441],[-83.415,41.441],[-83.415,41.441],[-83.415,41.443],[-83.415,41.449],[-83.415,41.449],[-83.415,41.452],[-83.415,41.456],[-83.415,41.463],[-83.415,41.467],[-83.415,41.472],[-83.415,41.475],[-83.415,41.477],[-83.415,41.479],[-83.415,41.48],[-83.415,41.482],[-83.415,41.485],[-83.415,41.485],[-83.415,41.491],[-83.415,41.493],[-83.415,41.494],[-83.415,41.497],[-83.415,41.5],[-83.408,41.5],[-83.398,41.5],[-83.397,41.5],[-83.393,41.5],[-83.392,41.501],[-83.39,41.501],[-83.387,41.501],[-83.381,41.501],[-83.379,41.501],[-83.376,41.501],[-83.372,41.501],[-83.363,41.501],[-83.358,41.501],[-83.356,41.501],[-83.349,41.501],[-83.343,41.501],[-83.339,41.501],[-83.339,41.499],[-83.339,41.499],[-83.339,41.496],[-83.339,41.489],[-83.339,41.488],[-83.339,41.486],[-83.339,41.479],[-83.338,41.477],[-83.338,41.476],[-83.338,41.472],[-83.338,41.47],[-83.338,41.461],[-83.338,41.46],[-83.337,41.458],[-83.31,41.458],[-83.3,41.458],[-83.3,41.458],[-83.299,41.458],[-83.294,41.458],[-83.292,41.458],[-83.286,41.458],[-83.284,41.458],[-83.283,41.458],[-83.283,41.458],[-83.279,41.458],[-83.277,41.458],[-83.274,41.458],[-83.273,41.458],[-83.266,41.458],[-83.26,41.458],[-83.254,41.458],[-83.241,41.458],[-83.241,41.458],[-83.234,41.458],[-83.231,41.458],[-83.221,41.458],[-83.219,41.458],[-83.21,41.458],[-83.205,41.458],[-83.198,41.458],[-83.193,41.458],[-83.19,41.458],[-83.183,41.458],[-83.174,41.458],[-83.163,41.458],[-83.159,41.458],[-83.154,41.458],[-83.15,41.458],[-83.147,41.458],[-83.145,41.458],[-83.122,41.458],[-83.121,41.457],[-83.119,41.457],[-83.113,41.457],[-83.106,41.457],[-83.102,41.457],[-83.096,41.457],[-83.088,41.457],[-83.085,41.457],[-83.078,41.457],[-83.077,41.457],[-83.071,41.457],[-83.067,41.457],[-83.052,41.457],[-83.049,41.457],[-83.038,41.458],[-83.003,41.458],[-82.991,41.458],[-82.952,41.458],[-82.952,41.458],[-82.953,41.43],[-82.903,41.43],[-82.901,41.43],[-82.901,41.43],[-82.9,41.43],[-82.9,41.43],[-82.899,41.43],[-82.897,41.43],[-82.892,41.43],[-82.887,41.43],[-82.882,41.43],[-82.877,41.43],[-82.877,41.43],[-82.875,41.43],[-82.86,41.43],[-82.85,41.431],[-82.848,41.431],[-82.848,41.43],[-82.848,41.43],[-82.848,41.427],[-82.847,41.422],[-82.847,41.419],[-82.847,41.417],[-82.847,41.413],[-82.847,41.409],[-82.847,41.408],[-82.846,41.402],[-82.846,41.399],[-82.846,41.394],[-82.846,41.387],[-82.845,41.376],[-82.845,41.373],[-82.845,41.372],[-82.845,41.369],[-82.845,41.366],[-82.845,41.363],[-82.845,41.361],[-82.844,41.36],[-82.844,41.354],[-82.844,41.351],[-82.844,41.351],[-82.844,41.35],[-82.844,41.344],[-82.844,41.342],[-82.844,41.338],[-82.843,41.336],[-82.843,41.333],[-82.843,41.329],[-82.843,41.328],[-82.843,41.328],[-82.843,41.326],[-82.843,41.324],[-82.843,41.324],[-82.843,41.324],[-82.843,41.318],[-82.843,41.318],[-82.843,41.316],[-82.842,41.312],[-82.842,41.306],[-82.842,41.306],[-82.842,41.3],[-82.842,41.299],[-82.842,41.298],[-82.842,41.295],[-82.842,41.291],[-82.841,41.29],[-82.841,41.289],[-82.841,41.289],[-82.841,41.289],[-82.841,41.289],[-82.841,41.288],[-82.841,41.288],[-82.841,41.287],[-82.841,41.286],[-82.841,41.285],[-82.841,41.285],[-82.841,41.284],[-82.841,41.284],[-82.841,41.283],[-82.841,41.283],[-82.841,41.283],[-82.841,41.282],[-82.841,41.282],[-82.841,41.282],[-82.841,41.281],[-82.841,41.281],[-82.841,41.28],[-82.841,41.28],[-82.841,41.279],[-82.841,41.279],[-82.841,41.278],[-82.841,41.276],[-82.841,41.275],[-82.841,41.275],[-82.841,41.275],[-82.841,41.275],[-82.841,41.275],[-82.841,41.274],[-82.841,41.272],[-82.841,41.272],[-82.841,41.271],[-82.841,41.271],[-82.841,41.271],[-82.841,41.27],[-82.841,41.27],[-82.841,41.27],[-82.841,41.27],[-82.841,41.27],[-82.841,41.27],[-82.841,41.268],[-82.841,41.268],[-82.841,41.267],[-82.841,41.267],[-82.841,41.266],[-82.841,41.266],[-82.84,41.265],[-82.84,41.265],[-82.84,41.265],[-82.84,41.264],[-82.84,41.263],[-82.84,41.263],[-82.84,41.263],[-82.84,41.262],[-82.84,41.262],[-82.84,41.261],[-82.84,41.259],[-82.84,41.258],[-82.84,41.258],[-82.84,41.258],[-82.84,41.257]]]},"properties":{"NAME":"Sandusky","GEOID":"39143"}},{"type":"Feature","geometry":{"type":"Polygon","coordinates":[[[-81.823,39.494],[-81.823,39.49],[-81.824,39.48],[-81.825,39.468],[-81.825,39.459],[-81.825,39.459],[-81.829,39.449],[-81.84,39.45],[-81.845,39.45],[-81.852,39.451],[-81.865,39.451],[-81.869,39.451],[-81.874,39.451],[-81.878,39.452],[-81.895,39.452],[-81.899,39.453],[-81.899,39.453],[-81.899,39.453],[-81.899,39.453],[-81.9,39.453],[-81.902,39.453],[-81.903,39.453],[-81.903,39.453],[-81.903,39.453],[-81.927,39.454],[-81.928,39.454],[-81.928,39.454],[-81.929,39.454],[-81.93,39.454],[-81.931,39.454],[-81.94,39.454],[-81.948,39.455],[-81.951,39.455],[-81.964,39.456],[-81.965,39.456],[-81.974,39.456],[-81.975,39.456],[-81.975,39.456],[-81.983,39.456],[-81.983,39.456],[-81.984,39.457],[-81.99,39.457],[-81.99,39.457],[-81.99,39.457],[-81.991,39.457],[-81.991,39.457],[-81.996,39.457],[-82.014,39.458],[-82.015,39.458],[-82.015,39.458],[-82.015,39.458],[-82.032,39.459],[-82.037,39.459],[-82.04,39.459],[-82.042,39.459],[-82.044,39.459],[-82.044,39.459],[-82.044,39.459],[-82.048,39.46],[-82.048,39.46],[-82.05,39.46],[-82.056,39.46],[-82.055,39.466],[-82.055,39.473],[-82.054,39.477],[-82.054,39.485],[-82.053,39.492],[-82.052,39.496],[-82.052,39.498],[-82.052,39.504],[-82.051,39.509],[-82.051,39.51],[-82.051,39.51],[-82.051,39.51],[-82.051,39.512],[-82.051,39.516],[-82.05,39.521],[-82.05,39.525],[-82.05,39.526],[-82.05,39.527],[-82.048,39.549],[-82.048,39.551],[-82.04,39.55],[-82.039,39.563],[-82.038,39.571],[-82.038,39.578],[-82.037,39.582],[-82.036,39.592],[-82.036,39.593],[-82.036,39.598],[-82.036,39.598],[-82.035,39.599],[-82.035,39.605],[-82.034,39.612],[-82.034,39.617],[-82.033,39.625],[-82.033,39.625],[-82.033,39.627],[-82.033,39.628],[-82.033,39.628],[-82.032,39.635],[-82.032,39.637],[-82.031,39.643],[-82.031,39.65],[-82.031,39.651],[-82.03,39.655],[-82.03,39.655],[-82.03,39.657],[-82.029,39.665],[-82.029,39.676],[-82.028,39.68],[-82.028,39.684],[-82.027,39.693],[-82.027,39.697],[-82.027,39.698],[-82.026,39.699],[-82.026,39.701],[-82.026,39.706],[-82.025,39.714],[-82.025,39.719],[-82.027,39.725],[-82.033,39.725],[-82.033,39.725],[-82.033,39.725],[-82.035,39.725],[-82.035,39.725],[-82.035,39.725],[-82.036,39.725],[-82.043,39.726],[-82.045,39.726],[-82.055,39.726],[-82.062,39.727],[-82.062,39.727],[-82.063,39.727],[-82.07,39.727],[-82.071,39.727],[-82.071,39.727],[-82.072,39.727],[-82.072,39.727],[-82.074,39.727],[-82.08,39.728],[-82.08,39.734],[-82.079,39.743],[-82.079,39.744],[-82.078,39.753],[-82.077,39.761],[-82.077,39.768],[-82.077,39.771],[-82.056,39.77],[-82.048,39.769],[-82.039,39.769],[-82.034,39.769],[-82.034,39.769],[-82.031,39.769],[-82.031,39.769],[-82.026,39.768],[-82.023,39.768],[-82.022,39.768],[-82.022,39.768],[-82.02,39.769],[-82,39.768],[-81.983,39.767],[-81.966,39.766],[-81.946,39.765],[-81.937,39.765],[-81.924,39.765],[-81.909,39.764],[-81.896,39.764],[-81.895,39.764],[-81.894,39.764],[-81.89,39.764],[-81.88,39.763],[-81.87,39.763],[-81.862,39.762],[-81.858,39.762],[-81.847,39.762],[-81.838,39.761],[-81.827,39.761],[-81.826,39.761],[-81.803,39.76],[-81.78,39.759],[-81.779,39.759],[-81.771,39.758],[-81.762,39.758],[-81.759,39.758],[-81.751,39.758],[-81.746,39.758],[-81.745,39.757],[-81.735,39.757],[-81.733,39.757],[-81.723,39.757],[-81.722,39.757],[-81.716,39.756],[-81.713,39.756],[-81.706,39.756],[-81.705,39.756],[-81.704,39.756],[-81.698,39.756],[-81.697,39.756],[-81.694,39.755],[-81.694,39.755],[-81.678,39.755],[-81.676,39.755],[-81.676,39.755],[-81.675,39.755],[-81.675,39.755],[-81.671,39.754],[-81.665,39.754],[-81.664,39.754],[-81.664,39.754],[-81.663,39.754],[-81.663,39.754],[-81.662,39.754],[-81.656,39.754],[-81.656,39.754],[-81.642,39.753],[-81.64,39.753],[-81.64,39.753],[-81.64,39.752],[-81.64,39.752],[-81.64,39.742],[-81.641,39.732],[-81.641,39.716],[-81.642,39.704],[-81.642,39.704],[-81.642,39.703],[-81.642,39.703],[-81.642,39.703],[-81.642,39.702],[-81.642,39.702],[-81.642,39.699],[-81.642,39.691],[-81.643,39.676],[-81.643,39.667],[-81.643,39.666],[-81.637,39.666],[-81.632,39.665],[-81.628,39.665],[-81.626,39.665],[-81.625,39.665],[-81.616,39.665],[-81.616,39.665],[-81.605,39.665],[-81.605,39.665],[-81.604,39.665],[-81.602,39.664],[-81.592,39.664],[-81.586,39.662],[-81.586,39.657],[-81.586,39.653],[-81.586,39.653],[-81.587,39.651],[-81.587,39.647],[-81.587,39.647],[-81.587,39.646],[-81.587,39.637],[-81.587,39.625],[-81.587,39.625],[-81.588,39.622],[-81.588,39.622],[-81.588,39.622],[-81.588,39.621],[-81.588,39.614],[-81.588,39.613],[-81.588,39.607],[-81.588,39.594],[-81.592,39.587],[-81.595,39.587],[-81.601,39.587],[-81.619,39.588],[-81.625,39.588],[-81.645,39.589],[-81.651,39.589],[-81.651,39.589],[-81.656,39.589],[-81.656,39.589],[-81.666,39.59],[-81.666,39.59],[-81.669,39.59],[-81.676,39.59],[-81.677,39.59],[-81.678,39.59],[-81.687,39.591],[-81.689,39.591],[-81.69,39.59],[-81.693,39.588],[-81.696,39.587],[-81.697,39.587],[-81.697,39.587],[-81.698,39.586],[-81.701,39.586],[-81.702,39.586],[-81.704,39.586],[-81.706,39.586],[-81.708,39.586],[-81.709,39.586],[-81.709,39.586],[-81.711,39.586],[-81.712,39.585],[-81.714,39.585],[-81.715,39.584],[-81.716,39.583],[-81.716,39.582],[-81.717,39.579],[-81.717,39.577],[-81.717,39.575],[-81.717,39.574],[-81.716,39.573],[-81.716,39.571],[-81.716,39.571],[-81.716,39.57],[-81.716,39.569],[-81.716,39.568],[-81.717,39.565],[-81.717,39.563],[-81.718,39.561],[-81.719,39.559],[-81.72,39.558],[-81.72,39.556],[-81.721,39.555],[-81.722,39.553],[-81.722,39.552],[-81.723,39.55],[-81.723,39.548],[-81.723,39.547],[-81.723,39.545],[-81.722,39.544],[-81.722,39.542],[-81.722,39.541],[-81.722,39.54],[-81.722,39.539],[-81.722,39.537],[-81.721,39.535],[-81.721,39.533],[-81.722,39.532],[-81.721,39.532],[-81.716,39.531],[-81.705,39.53],[-81.706,39.518],[-81.706,39.518],[-81.706,39.513],[-81.707,39.5],[-81.708,39.489],[-81.708,39.486],[-81.708,39.484],[-81.72,39.481],[-81.72,39.481],[-81.723,39.481],[-81.723,39.481],[-81.727,39.481],[-81.728,39.481],[-81.733,39.481],[-81.745,39.482],[-81.756,39.483],[-81.761,39.483],[-81.761,39.487],[-81.766,39.489],[-81.774,39.489],[-81.784,39.489],[-81.787,39.493],[-81.792,39.493],[-81.795,39.493],[-81.804,39.493],[-81.817,39.494],[-81.823,39.494],[-81.823,39.494]]]},"properties":{"NAME":"Morgan","GEOID":"39115"}},{"type":"Feature","geometry":{"type":"Polygon","coordinates":[[[-81.298,41.347],[-81.298,41.347],[-81.296,41.347],[-81.293,41.347],[-81.289,41.347],[-81.284,41.347],[-81.281,41.347],[-81.273,41.347],[-81.261,41.347],[-81.257,41.347],[-81.252,41.347],[-81.249,41.348],[-81.244,41.348],[-81.24,41.348],[-81.236,41.348],[-81.224,41.347],[-81.219,41.348],[-81.212,41.348],[-81.197,41.348],[-81.191,41.348],[-81.187,41.348],[-81.182,41.348],[-81.177,41.348],[-81.173,41.347],[-81.172,41.347],[-81.165,41.347],[-81.163,41.347],[-81.153,41.347],[-81.151,41.348],[-81.143,41.347],[-81.143,41.347],[-81.137,41.347],[-81.135,41.347],[-81.132,41.347],[-81.125,41.347],[-81.121,41.347],[-81.114,41.347],[-81.113,41.347],[-81.108,41.347],[-81.105,41.347],[-81.099,41.347],[-81.093,41.348],[-81.086,41.348],[-81.074,41.348],[-81.057,41.348],[-81.054,41.348],[-81.04,41.348],[-81.037,41.348],[-81.033,41.348],[-81.028,41.348],[-81.027,41.348],[-81.025,41.348],[-81.022,41.348],[-81.021,41.348],[-81.021,41.348],[-81.02,41.348],[-81.017,41.348],[-81.013,41.348],[-81.01,41.348],[-81.005,41.348],[-81.003,41.348],[-81.003,41.346],[-81.003,41.344],[-81.003,41.339],[-81.003,41.338],[-81.003,41.337],[-81.003,41.331],[-81.003,41.329],[-81.003,41.327],[-81.003,41.325],[-81.003,41.323],[-81.003,41.316],[-81.003,41.31],[-81.003,41.309],[-81.003,41.297],[-81.003,41.294],[-81.003,41.292],[-81.003,41.291],[-81.003,41.289],[-81.003,41.285],[-81.003,41.281],[-81.003,41.276],[-81.003,41.273],[-81.003,41.272],[-81.003,41.27],[-81.003,41.266],[-81.003,41.263],[-81.003,41.253],[-81.003,41.252],[-81.003,41.251],[-81.003,41.251],[-81.003,41.248],[-81.003,41.235],[-81.003,41.221],[-81.003,41.203],[-81.003,41.2],[-81.003,41.194],[-81.003,41.189],[-81.003,41.179],[-81.003,41.178],[-81.003,41.178],[-81.003,41.176],[-81.003,41.176],[-81.003,41.174],[-81.003,41.168],[-81.003,41.166],[-81.003,41.161],[-81.003,41.155],[-81.003,41.154],[-81.003,41.154],[-81.003,41.153],[-81.003,41.15],[-81.003,41.145],[-81.003,41.14],[-81.003,41.134],[-81.002,41.133],[-81.002,41.127],[-81.002,41.12],[-81.002,41.118],[-81.002,41.116],[-81.002,41.115],[-81.002,41.113],[-81.002,41.111],[-81.002,41.108],[-81.002,41.106],[-81.002,41.104],[-81.002,41.102],[-81.002,41.1],[-81.002,41.1],[-81.002,41.099],[-81.002,41.099],[-81.002,41.096],[-81.002,41.095],[-81.002,41.094],[-81.002,41.093],[-81.002,41.091],[-81.002,41.091],[-81.002,41.089],[-81.002,41.089],[-81.002,41.087],[-81.002,41.084],[-81.002,41.079],[-81.002,41.075],[-81.002,41.073],[-81.002,41.073],[-81.002,41.063],[-81.002,41.047],[-81.003,41.046],[-81.002,41.046],[-81.002,41.036],[-81.002,41.025],[-81.002,41.021],[-81.002,41.01],[-81.002,41.004],[-81.002,41.002],[-81.002,41.002],[-81.002,41],[-81.002,40.998],[-81.002,40.988],[-81.004,40.988],[-81.008,40.988],[-81.009,40.988],[-81.01,40.988],[-81.01,40.988],[-81.027,40.988],[-81.036,40.988],[-81.041,40.988],[-81.05,40.988],[-81.051,40.988],[-81.061,40.988],[-81.066,40.988],[-81.067,40.988],[-81.069,40.988],[-81.07,40.988],[-81.073,40.988],[-81.076,40.988],[-81.079,40.988],[-81.08,40.988],[-81.085,40.988],[-81.087,40.988],[-81.092,40.988],[-81.097,40.988],[-81.099,40.988],[-81.101,40.988],[-81.104,40.988],[-81.108,40.988],[-81.109,40.988],[-81.11,40.988],[-81.114,40.988],[-81.117,40.988],[-81.12,40.988],[-81.124,40.988],[-81.127,40.988],[-81.128,40.988],[-81.134,40.988],[-81.136,40.988],[-81.138,40.988],[-81.144,40.988],[-81.144,40.988],[-81.146,40.988],[-81.147,40.988],[-81.149,40.988],[-81.153,40.988],[-81.16,40.988],[-81.167,40.988],[-81.172,40.988],[-81.176,40.988],[-81.176,40.988],[-81.178,40.988],[-81.18,40.988],[-81.184,40.988],[-81.184,40.988],[-81.188,40.988],[-81.189,40.988],[-81.191,40.988],[-81.191,40.988],[-81.195,40.988],[-81.199,40.988],[-81.202,40.988],[-81.206,40.988],[-81.213,40.988],[-81.222,40.988],[-81.234,40.988],[-81.249,40.988],[-81.273,40.988],[-81.273,40.988],[-81.275,40.988],[-81.278,40.988],[-81.279,40.988],[-81.284,40.988],[-81.288,40.988],[-81.29,40.988],[-81.294,40.988],[-81.295,40.989],[-81.296,40.989],[-81.298,40.988],[-81.301,40.989],[-81.306,40.989],[-81.307,40.989],[-81.31,40.989],[-81.312,40.989],[-81.313,40.989],[-81.314,40.989],[-81.315,40.989],[-81.318,40.989],[-81.318,40.989],[-81.319,40.989],[-81.321,40.989],[-81.322,40.989],[-81.329,40.989],[-81.332,40.989],[-81.335,40.989],[-81.342,40.989],[-81.345,40.989],[-81.358,40.989],[-81.358,40.989],[-81.365,40.989],[-81.366,40.989],[-81.368,40.989],[-81.37,40.989],[-81.37,40.989],[-81.37,40.989],[-81.372,40.989],[-81.374,40.989],[-81.377,40.989],[-81.379,40.989],[-81.384,40.989],[-81.386,40.989],[-81.386,40.989],[-81.386,40.989],[-81.387,40.989],[-81.387,40.989],[-81.388,40.989],[-81.388,40.989],[-81.388,40.989],[-81.389,40.989],[-81.39,40.989],[-81.39,40.989],[-81.391,40.989],[-81.392,40.989],[-81.393,40.991],[-81.393,40.999],[-81.393,41],[-81.393,41.002],[-81.393,41.005],[-81.393,41.006],[-81.393,41.007],[-81.393,41.009],[-81.393,41.01],[-81.393,41.012],[-81.393,41.013],[-81.393,41.015],[-81.393,41.017],[-81.393,41.018],[-81.393,41.02],[-81.393,41.023],[-81.393,41.025],[-81.393,41.028],[-81.393,41.03],[-81.393,41.032],[-81.393,41.034],[-81.393,41.036],[-81.393,41.037],[-81.393,41.038],[-81.393,41.038],[-81.393,41.039],[-81.393,41.041],[-81.393,41.041],[-81.393,41.042],[-81.393,41.042],[-81.393,41.042],[-81.393,41.042],[-81.393,41.043],[-81.393,41.043],[-81.393,41.043],[-81.393,41.045],[-81.393,41.045],[-81.393,41.045],[-81.393,41.046],[-81.393,41.047],[-81.393,41.049],[-81.393,41.05],[-81.393,41.051],[-81.393,41.052],[-81.393,41.053],[-81.393,41.053],[-81.393,41.054],[-81.393,41.054],[-81.393,41.055],[-81.393,41.056],[-81.393,41.057],[-81.393,41.061],[-81.393,41.061],[-81.393,41.061],[-81.393,41.063],[-81.393,41.065],[-81.393,41.066],[-81.393,41.066],[-81.393,41.067],[-81.393,41.069],[-81.393,41.071],[-81.393,41.073],[-81.393,41.073],[-81.393,41.082],[-81.393,41.085],[-81.393,41.086],[-81.393,41.086],[-81.393,41.088],[-81.393,41.088],[-81.393,41.089],[-81.393,41.091],[-81.393,41.092],[-81.393,41.1],[-81.393,41.101],[-81.392,41.111],[-81.393,41.114],[-81.393,41.117],[-81.393,41.118],[-81.393,41.119],[-81.393,41.12],[-81.392,41.129],[-81.392,41.136],[-81.392,41.136],[-81.392,41.137],[-81.392,41.14],[-81.392,41.146],[-81.392,41.147],[-81.392,41.149],[-81.392,41.151],[-81.392,41.153],[-81.392,41.153],[-81.392,41.155],[-81.392,41.16],[-81.392,41.167],[-81.392,41.171],[-81.392,41.173],[-81.392,41.173],[-81.392,41.174],[-81.392,41.174],[-81.392,41.174],[-81.392,41.176],[-81.392,41.176],[-81.392,41.176],[-81.392,41.178],[-81.392,41.179],[-81.392,41.18],[-81.392,41.181],[-81.392,41.181],[-81.392,41.182],[-81.392,41.185],[-81.392,41.186],[-81.392,41.187],[-81.392,41.188],[-81.392,41.188],[-81.392,41.189],[-81.392,41.191],[-81.392,41.199],[-81.392,41.204],[-81.392,41.208],[-81.392,41.211],[-81.392,41.212],[-81.392,41.213],[-81.392,41.215],[-81.392,41.216],[-81.392,41.217],[-81.392,41.22],[-81.392,41.222],[-81.392,41.224],[-81.392,41.225],[-81.392,41.226],[-81.392,41.227],[-81.392,41.228],[-81.392,41.229],[-81.392,41.23],[-81.392,41.231],[-81.392,41.232],[-81.392,41.234],[-81.392,41.235],[-81.392,41.237],[-81.392,41.238],[-81.392,41.24],[-81.392,41.252],[-81.392,41.254],[-81.392,41.265],[-81.392,41.266],[-81.392,41.27],[-81.392,41.275],[-81.392,41.279],[-81.392,41.285],[-81.392,41.287],[-81.392,41.305],[-81.392,41.307],[-81.392,41.308],[-81.392,41.309],[-81.392,41.312],[-81.392,41.315],[-81.392,41.32],[-81.392,41.329],[-81.392,41.331],[-81.392,41.332],[-81.392,41.334],[-81.392,41.335],[-81.392,41.339],[-81.392,41.341],[-81.392,41.345],[-81.392,41.348],[-81.386,41.348],[-81.378,41.348],[-81.376,41.348],[-81.373,41.348],[-81.368,41.348],[-81.367,41.348],[-81.357,41.348],[-81.347,41.348],[-81.34,41.348],[-81.338,41.348],[-81.337,41.348],[-81.336,41.348],[-81.332,41.348],[-81.331,41.348],[-81.327,41.348],[-81.324,41.348],[-81.323,41.348],[-81.32,41.348],[-81.318,41.347],[-81.312,41.347],[-81.31,41.347],[-81.306,41.347],[-81.3,41.347],[-81.298,41.347]]]},"properties":{"NAME":"Portage","GEOID":"39133"}},{"type":"Feature","geometry":{"type":"Polygon","coordinates":[[[-82.695,41.494],[-82.689,41.498],[-82.68,41.503],[-82.625,41.529],[-82.697,41.559],[-82.75,41.576],[-82.784,41.587],[-82.785,41.592],[-82.75,41.655],[-82.681,41.676],[-82.5,41.677],[-82.375,41.687],[-82.348,41.54],[-82.348,41.5],[-82.348,41.483],[-82.348,41.441],[-82.348,41.431],[-82.348,41.429],[-82.348,41.428],[-82.348,41.427],[-82.348,41.427],[-82.348,41.426],[-82.348,41.423],[-82.348,41.423],[-82.348,41.422],[-82.348,41.421],[-82.348,41.42],[-82.348,41.42],[-82.348,41.42],[-82.347,41.418],[-82.347,41.418],[-82.347,41.418],[-82.347,41.418],[-82.347,41.418],[-82.348,41.417],[-82.347,41.416],[-82.347,41.415],[-82.347,41.415],[-82.347,41.415],[-82.347,41.415],[-82.347,41.414],[-82.347,41.414],[-82.347,41.414],[-82.347,41.414],[-82.347,41.413],[-82.347,41.413],[-82.347,41.413],[-82.347,41.413],[-82.347,41.412],[-82.347,41.407],[-82.347,41.402],[-82.347,41.401],[-82.346,41.374],[-82.346,41.368],[-82.345,41.357],[-82.345,41.357],[-82.345,41.355],[-82.345,41.353],[-82.345,41.351],[-82.345,41.349],[-82.345,41.347],[-82.345,41.345],[-82.345,41.344],[-82.345,41.343],[-82.345,41.342],[-82.345,41.341],[-82.345,41.339],[-82.344,41.336],[-82.344,41.334],[-82.344,41.328],[-82.344,41.326],[-82.344,41.325],[-82.344,41.322],[-82.344,41.32],[-82.344,41.319],[-82.344,41.315],[-82.343,41.313],[-82.343,41.311],[-82.343,41.309],[-82.343,41.307],[-82.343,41.302],[-82.343,41.301],[-82.343,41.3],[-82.343,41.3],[-82.343,41.298],[-82.343,41.293],[-82.343,41.291],[-82.342,41.287],[-82.342,41.285],[-82.348,41.284],[-82.362,41.284],[-82.381,41.284],[-82.386,41.284],[-82.392,41.284],[-82.399,41.284],[-82.413,41.284],[-82.418,41.284],[-82.421,41.284],[-82.43,41.284],[-82.431,41.284],[-82.433,41.284],[-82.434,41.284],[-82.436,41.284],[-82.436,41.284],[-82.441,41.284],[-82.444,41.284],[-82.45,41.284],[-82.453,41.284],[-82.457,41.284],[-82.465,41.284],[-82.466,41.284],[-82.468,41.284],[-82.47,41.284],[-82.472,41.284],[-82.473,41.284],[-82.479,41.285],[-82.481,41.285],[-82.481,41.285],[-82.489,41.285],[-82.492,41.285],[-82.495,41.285],[-82.508,41.285],[-82.509,41.285],[-82.509,41.285],[-82.51,41.285],[-82.511,41.285],[-82.511,41.285],[-82.53,41.285],[-82.538,41.286],[-82.54,41.286],[-82.544,41.286],[-82.548,41.286],[-82.55,41.286],[-82.551,41.286],[-82.552,41.286],[-82.559,41.286],[-82.564,41.286],[-82.572,41.286],[-82.575,41.286],[-82.577,41.286],[-82.581,41.286],[-82.587,41.286],[-82.592,41.286],[-82.594,41.286],[-82.598,41.286],[-82.606,41.286],[-82.608,41.286],[-82.612,41.286],[-82.613,41.286],[-82.616,41.286],[-82.623,41.286],[-82.635,41.287],[-82.637,41.287],[-82.642,41.286],[-82.643,41.286],[-82.643,41.286],[-82.643,41.286],[-82.647,41.287],[-82.648,41.287],[-82.654,41.287],[-82.656,41.287],[-82.662,41.287],[-82.667,41.287],[-82.672,41.287],[-82.673,41.287],[-82.676,41.287],[-82.677,41.287],[-82.678,41.287],[-82.68,41.287],[-82.681,41.287],[-82.684,41.287],[-82.691,41.287],[-82.692,41.287],[-82.694,41.287],[-82.696,41.287],[-82.697,41.287],[-82.699,41.287],[-82.721,41.288],[-82.726,41.288],[-82.727,41.288],[-82.731,41.288],[-82.738,41.288],[-82.741,41.288],[-82.742,41.288],[-82.746,41.288],[-82.749,41.288],[-82.75,41.288],[-82.757,41.288],[-82.769,41.288],[-82.773,41.288],[-82.777,41.289],[-82.778,41.289],[-82.784,41.289],[-82.789,41.289],[-82.792,41.289],[-82.795,41.289],[-82.803,41.289],[-82.804,41.289],[-82.823,41.29],[-82.823,41.29],[-82.824,41.29],[-82.824,41.29],[-82.824,41.29],[-82.824,41.29],[-82.825,41.29],[-82.825,41.29],[-82.828,41.29],[-82.832,41.29],[-82.837,41.29],[-82.842,41.291],[-82.842,41.295],[-82.842,41.298],[-82.842,41.299],[-82.842,41.3],[-82.842,41.306],[-82.842,41.306],[-82.842,41.312],[-82.843,41.316],[-82.843,41.318],[-82.843,41.318],[-82.843,41.324],[-82.843,41.324],[-82.843,41.324],[-82.843,41.326],[-82.843,41.328],[-82.843,41.328],[-82.843,41.329],[-82.843,41.333],[-82.843,41.336],[-82.844,41.338],[-82.844,41.342],[-82.844,41.344],[-82.844,41.35],[-82.844,41.351],[-82.844,41.351],[-82.844,41.354],[-82.844,41.36],[-82.845,41.361],[-82.845,41.363],[-82.845,41.366],[-82.845,41.369],[-82.845,41.372],[-82.845,41.373],[-82.845,41.376],[-82.846,41.387],[-82.846,41.394],[-82.846,41.399],[-82.846,41.402],[-82.847,41.408],[-82.847,41.409],[-82.847,41.413],[-82.847,41.417],[-82.847,41.419],[-82.847,41.422],[-82.848,41.427],[-82.848,41.43],[-82.848,41.43],[-82.848,41.431],[-82.85,41.431],[-82.86,41.43],[-82.875,41.43],[-82.877,41.43],[-82.877,41.43],[-82.882,41.43],[-82.887,41.43],[-82.892,41.43],[-82.897,41.43],[-82.899,41.43],[-82.9,41.43],[-82.9,41.43],[-82.901,41.43],[-82.901,41.43],[-82.903,41.43],[-82.953,41.43],[-82.952,41.458],[-82.952,41.458],[-82.914,41.459],[-82.875,41.467],[-82.856,41.472],[-82.834,41.48],[-82.834,41.48],[-82.832,41.48],[-82.819,41.485],[-82.775,41.48],[-82.75,41.477],[-82.739,41.478],[-82.719,41.482],[-82.702,41.49],[-82.695,41.494]]]},"properties":{"NAME":"Erie","GEOID":"39043"}},{"type":"Feature","geometry":{"type":"Polygon","coordinates":[[[-82.975,39.179],[-82.975,39.179],[-82.973,39.179],[-82.972,39.179],[-82.97,39.179],[-82.968,39.179],[-82.961,39.178],[-82.961,39.178],[-82.959,39.178],[-82.959,39.178],[-82.957,39.178],[-82.947,39.177],[-82.936,39.177],[-82.921,39.176],[-82.921,39.176],[-82.921,39.176],[-82.919,39.176],[-82.916,39.176],[-82.91,39.176],[-82.91,39.176],[-82.91,39.176],[-82.907,39.176],[-82.895,39.175],[-82.886,39.175],[-82.876,39.174],[-82.875,39.174],[-82.871,39.174],[-82.84,39.172],[-82.84,39.172],[-82.84,39.172],[-82.84,39.172],[-82.84,39.172],[-82.84,39.172],[-82.839,39.172],[-82.839,39.172],[-82.838,39.172],[-82.837,39.172],[-82.833,39.172],[-82.81,39.17],[-82.803,39.17],[-82.803,39.17],[-82.8,39.17],[-82.792,39.169],[-82.786,39.163],[-82.787,39.154],[-82.789,39.134],[-82.79,39.126],[-82.79,39.124],[-82.791,39.116],[-82.793,39.103],[-82.793,39.102],[-82.793,39.101],[-82.794,39.09],[-82.795,39.081],[-82.795,39.081],[-82.795,39.08],[-82.797,39.067],[-82.797,39.059],[-82.799,39.042],[-82.798,39.036],[-82.799,39.026],[-82.801,39.011],[-82.801,39.009],[-82.801,39.006],[-82.802,38.998],[-82.803,38.992],[-82.804,38.982],[-82.805,38.972],[-82.805,38.964],[-82.806,38.956],[-82.806,38.955],[-82.807,38.949],[-82.808,38.948],[-82.814,38.948],[-82.817,38.949],[-82.819,38.949],[-82.821,38.949],[-82.821,38.949],[-82.821,38.949],[-82.829,38.949],[-82.831,38.949],[-82.847,38.95],[-82.861,38.951],[-82.864,38.951],[-82.875,38.951],[-82.881,38.952],[-82.884,38.952],[-82.884,38.952],[-82.887,38.952],[-82.892,38.952],[-82.893,38.952],[-82.893,38.952],[-82.904,38.953],[-82.914,38.953],[-82.922,38.953],[-82.933,38.954],[-82.935,38.954],[-82.941,38.954],[-82.956,38.955],[-82.968,38.955],[-82.97,38.955],[-82.97,38.955],[-82.971,38.955],[-82.975,38.955],[-82.976,38.955],[-82.982,38.956],[-82.985,38.956],[-83.003,38.956],[-83.009,38.956],[-83.023,38.957],[-83.024,38.957],[-83.024,38.957],[-83.024,38.957],[-83.024,38.957],[-83.025,38.957],[-83.026,38.957],[-83.038,38.957],[-83.039,38.957],[-83.043,38.957],[-83.044,38.957],[-83.044,38.957],[-83.048,38.957],[-83.053,38.957],[-83.074,38.957],[-83.081,38.957],[-83.088,38.958],[-83.088,38.958],[-83.098,38.958],[-83.106,38.958],[-83.108,38.958],[-83.122,38.958],[-83.124,38.958],[-83.128,38.958],[-83.129,38.958],[-83.145,38.958],[-83.152,38.958],[-83.162,38.959],[-83.171,38.959],[-83.178,38.959],[-83.194,38.96],[-83.202,38.96],[-83.204,38.96],[-83.204,38.96],[-83.212,38.96],[-83.214,38.961],[-83.214,38.962],[-83.215,38.962],[-83.215,38.962],[-83.215,38.963],[-83.215,38.963],[-83.215,38.964],[-83.213,38.965],[-83.213,38.966],[-83.212,38.966],[-83.211,38.967],[-83.211,38.967],[-83.211,38.967],[-83.211,38.968],[-83.211,38.968],[-83.211,38.968],[-83.211,38.969],[-83.211,38.97],[-83.211,38.97],[-83.211,38.97],[-83.211,38.97],[-83.211,38.971],[-83.212,38.971],[-83.213,38.972],[-83.215,38.972],[-83.217,38.972],[-83.217,38.976],[-83.217,38.977],[-83.216,38.979],[-83.216,38.979],[-83.216,38.98],[-83.216,38.982],[-83.215,38.983],[-83.214,38.984],[-83.214,38.984],[-83.213,38.986],[-83.213,38.986],[-83.213,38.987],[-83.214,38.988],[-83.214,38.988],[-83.214,38.989],[-83.214,38.989],[-83.214,38.99],[-83.214,38.99],[-83.215,38.991],[-83.215,38.992],[-83.215,38.992],[-83.215,38.992],[-83.216,38.992],[-83.22,38.994],[-83.221,38.994],[-83.222,38.995],[-83.225,38.995],[-83.226,38.995],[-83.227,38.995],[-83.227,38.996],[-83.227,38.996],[-83.227,38.998],[-83.227,38.998],[-83.227,38.998],[-83.227,38.998],[-83.231,38.998],[-83.233,38.999],[-83.234,38.999],[-83.234,38.999],[-83.234,38.999],[-83.234,38.999],[-83.234,38.999],[-83.234,39],[-83.233,39],[-83.232,39.001],[-83.234,39.003],[-83.234,39.003],[-83.234,39.004],[-83.236,39.004],[-83.237,39.005],[-83.238,39.006],[-83.238,39.007],[-83.238,39.008],[-83.238,39.01],[-83.239,39.01],[-83.239,39.01],[-83.239,39.01],[-83.239,39.01],[-83.24,39.01],[-83.243,39.01],[-83.243,39.01],[-83.244,39.011],[-83.247,39.011],[-83.248,39.01],[-83.249,39.01],[-83.25,39.011],[-83.252,39.011],[-83.253,39.012],[-83.255,39.012],[-83.255,39.013],[-83.255,39.013],[-83.256,39.013],[-83.256,39.014],[-83.257,39.015],[-83.258,39.015],[-83.259,39.014],[-83.259,39.013],[-83.26,39.013],[-83.261,39.014],[-83.261,39.015],[-83.262,39.015],[-83.263,39.015],[-83.264,39.015],[-83.265,39.015],[-83.267,39.015],[-83.268,39.014],[-83.268,39.014],[-83.268,39.014],[-83.269,39.014],[-83.269,39.015],[-83.271,39.016],[-83.271,39.016],[-83.271,39.016],[-83.272,39.017],[-83.272,39.017],[-83.272,39.018],[-83.273,39.018],[-83.273,39.018],[-83.274,39.019],[-83.274,39.019],[-83.275,39.02],[-83.275,39.02],[-83.275,39.02],[-83.275,39.02],[-83.277,39.021],[-83.277,39.021],[-83.278,39.021],[-83.278,39.022],[-83.279,39.022],[-83.279,39.022],[-83.279,39.021],[-83.28,39.022],[-83.28,39.022],[-83.281,39.022],[-83.281,39.022],[-83.281,39.023],[-83.282,39.024],[-83.282,39.024],[-83.283,39.024],[-83.285,39.024],[-83.286,39.024],[-83.287,39.025],[-83.288,39.027],[-83.288,39.027],[-83.288,39.028],[-83.288,39.028],[-83.288,39.029],[-83.288,39.029],[-83.288,39.03],[-83.289,39.03],[-83.293,39.032],[-83.293,39.033],[-83.294,39.033],[-83.297,39.035],[-83.298,39.036],[-83.3,39.037],[-83.302,39.037],[-83.303,39.039],[-83.307,39.041],[-83.309,39.041],[-83.309,39.042],[-83.31,39.042],[-83.311,39.043],[-83.31,39.043],[-83.31,39.044],[-83.31,39.044],[-83.309,39.045],[-83.309,39.045],[-83.31,39.046],[-83.31,39.046],[-83.311,39.046],[-83.311,39.046],[-83.313,39.047],[-83.313,39.047],[-83.314,39.048],[-83.314,39.048],[-83.314,39.049],[-83.315,39.052],[-83.343,39.053],[-83.343,39.053],[-83.353,39.054],[-83.356,39.054],[-83.375,39.055],[-83.382,39.055],[-83.384,39.06],[-83.383,39.067],[-83.382,39.069],[-83.381,39.073],[-83.38,39.08],[-83.378,39.089],[-83.375,39.099],[-83.375,39.1],[-83.375,39.1],[-83.375,39.101],[-83.375,39.102],[-83.373,39.108],[-83.372,39.112],[-83.369,39.125],[-83.369,39.126],[-83.368,39.131],[-83.368,39.131],[-83.366,39.141],[-83.366,39.142],[-83.365,39.144],[-83.364,39.151],[-83.359,39.175],[-83.359,39.175],[-83.359,39.175],[-83.357,39.184],[-83.356,39.185],[-83.355,39.19],[-83.355,39.19],[-83.355,39.192],[-83.354,39.197],[-83.354,39.198],[-83.352,39.198],[-83.347,39.197],[-83.345,39.197],[-83.343,39.197],[-83.337,39.197],[-83.33,39.197],[-83.324,39.197],[-83.317,39.196],[-83.315,39.196],[-83.314,39.196],[-83.308,39.196],[-83.308,39.196],[-83.305,39.196],[-83.299,39.196],[-83.293,39.195],[-83.291,39.195],[-83.291,39.195],[-83.28,39.195],[-83.265,39.194],[-83.258,39.194],[-83.257,39.194],[-83.25,39.193],[-83.246,39.193],[-83.237,39.193],[-83.237,39.193],[-83.234,39.192],[-83.232,39.192],[-83.226,39.192],[-83.223,39.192],[-83.214,39.191],[-83.208,39.191],[-83.202,39.191],[-83.195,39.19],[-83.189,39.19],[-83.188,39.19],[-83.181,39.19],[-83.178,39.189],[-83.176,39.189],[-83.166,39.189],[-83.158,39.188],[-83.158,39.188],[-83.155,39.188],[-83.152,39.188],[-83.151,39.188],[-83.15,39.188],[-83.145,39.188],[-83.144,39.188],[-83.142,39.187],[-83.14,39.187],[-83.133,39.187],[-83.132,39.187],[-83.129,39.187],[-83.119,39.186],[-83.115,39.186],[-83.109,39.186],[-83.1,39.185],[-83.096,39.185],[-83.095,39.185],[-83.091,39.185],[-83.091,39.185],[-83.079,39.184],[-83.076,39.184],[-83.065,39.183],[-83.061,39.183],[-83.057,39.183],[-83.054,39.183],[-83.051,39.183],[-83.05,39.183],[-83.045,39.182],[-83.043,39.182],[-83.042,39.182],[-83.042,39.182],[-83.041,39.182],[-83.036,39.182],[-83.033,39.182],[-83.03,39.182],[-83.027,39.181],[-83.025,39.181],[-83.018,39.181],[-83.018,39.181],[-83.017,39.181],[-83.015,39.181],[-83.01,39.181],[-82.997,39.18],[-82.995,39.18],[-82.993,39.18],[-82.983,39.179],[-82.977,39.179],[-82.975,39.179]]]},"properties":{"NAME":"Pike","GEOID":"39131"}},{"type":"Feature","geometry":{"type":"Polygon","coordinates":[[[-81.843,39.184],[-81.841,39.184],[-81.836,39.184],[-81.82,39.183],[-81.801,39.182],[-81.793,39.182],[-81.785,39.182],[-81.782,39.182],[-81.777,39.181],[-81.776,39.181],[-81.774,39.181],[-81.767,39.181],[-81.762,39.181],[-81.757,39.181],[-81.756,39.18],[-81.756,39.18],[-81.756,39.179],[-81.756,39.178],[-81.756,39.177],[-81.756,39.176],[-81.755,39.175],[-81.755,39.174],[-81.755,39.173],[-81.755,39.173],[-81.754,39.172],[-81.754,39.171],[-81.754,39.17],[-81.754,39.17],[-81.753,39.169],[-81.753,39.168],[-81.753,39.168],[-81.752,39.168],[-81.752,39.167],[-81.752,39.166],[-81.752,39.166],[-81.751,39.165],[-81.751,39.165],[-81.751,39.164],[-81.751,39.164],[-81.751,39.163],[-81.75,39.162],[-81.75,39.162],[-81.75,39.161],[-81.748,39.156],[-81.747,39.153],[-81.746,39.151],[-81.745,39.149],[-81.744,39.148],[-81.743,39.146],[-81.743,39.142],[-81.743,39.141],[-81.744,39.142],[-81.744,39.144],[-81.744,39.141],[-81.745,39.138],[-81.745,39.133],[-81.745,39.127],[-81.744,39.126],[-81.744,39.125],[-81.744,39.124],[-81.743,39.123],[-81.743,39.121],[-81.743,39.119],[-81.743,39.119],[-81.743,39.118],[-81.743,39.118],[-81.742,39.116],[-81.742,39.116],[-81.743,39.115],[-81.743,39.114],[-81.742,39.112],[-81.743,39.11],[-81.743,39.109],[-81.743,39.107],[-81.743,39.105],[-81.744,39.103],[-81.744,39.101],[-81.745,39.1],[-81.745,39.098],[-81.746,39.097],[-81.746,39.097],[-81.748,39.095],[-81.75,39.092],[-81.75,39.092],[-81.75,39.092],[-81.751,39.091],[-81.751,39.091],[-81.752,39.09],[-81.753,39.09],[-81.753,39.09],[-81.753,39.089],[-81.754,39.089],[-81.754,39.089],[-81.755,39.088],[-81.755,39.088],[-81.756,39.087],[-81.757,39.087],[-81.758,39.086],[-81.758,39.086],[-81.759,39.085],[-81.76,39.085],[-81.76,39.084],[-81.761,39.084],[-81.762,39.084],[-81.762,39.083],[-81.763,39.083],[-81.764,39.082],[-81.765,39.082],[-81.765,39.082],[-81.766,39.081],[-81.767,39.081],[-81.768,39.081],[-81.769,39.081],[-81.769,39.08],[-81.77,39.08],[-81.77,39.08],[-81.771,39.08],[-81.772,39.079],[-81.773,39.079],[-81.773,39.079],[-81.774,39.079],[-81.775,39.078],[-81.776,39.078],[-81.777,39.078],[-81.778,39.078],[-81.779,39.078],[-81.78,39.078],[-81.781,39.078],[-81.782,39.078],[-81.783,39.078],[-81.783,39.078],[-81.784,39.078],[-81.785,39.078],[-81.786,39.079],[-81.788,39.079],[-81.789,39.079],[-81.79,39.08],[-81.791,39.08],[-81.791,39.08],[-81.792,39.08],[-81.793,39.081],[-81.794,39.081],[-81.795,39.081],[-81.795,39.082],[-81.796,39.082],[-81.797,39.082],[-81.798,39.083],[-81.799,39.083],[-81.8,39.083],[-81.801,39.083],[-81.802,39.084],[-81.803,39.084],[-81.804,39.084],[-81.805,39.084],[-81.806,39.084],[-81.807,39.084],[-81.808,39.084],[-81.809,39.084],[-81.81,39.083],[-81.811,39.083],[-81.811,39.083],[-81.812,39.082],[-81.812,39.082],[-81.813,39.082],[-81.813,39.081],[-81.813,39.08],[-81.814,39.08],[-81.814,39.079],[-81.814,39.079],[-81.814,39.078],[-81.814,39.078],[-81.814,39.077],[-81.814,39.076],[-81.814,39.076],[-81.814,39.075],[-81.814,39.074],[-81.814,39.074],[-81.814,39.073],[-81.814,39.073],[-81.814,39.072],[-81.814,39.071],[-81.814,39.07],[-81.814,39.069],[-81.814,39.069],[-81.814,39.068],[-81.813,39.068],[-81.813,39.067],[-81.813,39.066],[-81.813,39.066],[-81.813,39.065],[-81.813,39.064],[-81.813,39.064],[-81.813,39.063],[-81.813,39.062],[-81.812,39.062],[-81.812,39.061],[-81.812,39.061],[-81.812,39.06],[-81.811,39.059],[-81.811,39.059],[-81.811,39.058],[-81.81,39.058],[-81.81,39.057],[-81.809,39.056],[-81.809,39.056],[-81.809,39.055],[-81.809,39.055],[-81.808,39.054],[-81.808,39.054],[-81.807,39.053],[-81.807,39.052],[-81.806,39.052],[-81.806,39.051],[-81.805,39.051],[-81.805,39.05],[-81.804,39.049],[-81.804,39.049],[-81.804,39.048],[-81.803,39.048],[-81.803,39.047],[-81.802,39.047],[-81.802,39.046],[-81.801,39.046],[-81.801,39.045],[-81.8,39.045],[-81.799,39.044],[-81.798,39.044],[-81.798,39.043],[-81.797,39.043],[-81.797,39.042],[-81.796,39.042],[-81.796,39.042],[-81.795,39.041],[-81.794,39.041],[-81.794,39.041],[-81.793,39.04],[-81.793,39.04],[-81.792,39.04],[-81.791,39.039],[-81.791,39.039],[-81.79,39.038],[-81.789,39.038],[-81.789,39.038],[-81.788,39.037],[-81.788,39.037],[-81.787,39.037],[-81.786,39.036],[-81.786,39.036],[-81.785,39.036],[-81.785,39.035],[-81.784,39.035],[-81.784,39.035],[-81.783,39.034],[-81.783,39.034],[-81.782,39.034],[-81.782,39.033],[-81.781,39.033],[-81.781,39.032],[-81.78,39.032],[-81.78,39.031],[-81.78,39.031],[-81.779,39.031],[-81.779,39.031],[-81.779,39.03],[-81.778,39.03],[-81.778,39.03],[-81.778,39.029],[-81.778,39.029],[-81.778,39.029],[-81.777,39.029],[-81.776,39.029],[-81.776,39.028],[-81.776,39.028],[-81.775,39.028],[-81.775,39.027],[-81.774,39.027],[-81.773,39.026],[-81.773,39.026],[-81.772,39.026],[-81.772,39.025],[-81.772,39.025],[-81.771,39.024],[-81.771,39.024],[-81.77,39.023],[-81.77,39.023],[-81.77,39.023],[-81.769,39.022],[-81.769,39.022],[-81.768,39.021],[-81.768,39.021],[-81.768,39.02],[-81.767,39.02],[-81.767,39.02],[-81.767,39.019],[-81.766,39.019],[-81.766,39.018],[-81.766,39.018],[-81.765,39.017],[-81.765,39.017],[-81.765,39.016],[-81.764,39.015],[-81.764,39.014],[-81.764,39.014],[-81.764,39.013],[-81.764,39.012],[-81.764,39.012],[-81.764,39.011],[-81.764,39.011],[-81.764,39.01],[-81.764,39.01],[-81.764,39.009],[-81.764,39.009],[-81.764,39.008],[-81.764,39.007],[-81.764,39.007],[-81.764,39.006],[-81.765,39.005],[-81.765,39.005],[-81.765,39.004],[-81.765,39.004],[-81.765,39.003],[-81.765,39.002],[-81.766,39.001],[-81.768,38.999],[-81.77,38.998],[-81.771,38.998],[-81.771,38.998],[-81.773,38.996],[-81.774,38.994],[-81.775,38.993],[-81.776,38.99],[-81.776,38.989],[-81.776,38.988],[-81.776,38.987],[-81.777,38.985],[-81.777,38.984],[-81.776,38.982],[-81.776,38.981],[-81.779,38.975],[-81.781,38.97],[-81.782,38.965],[-81.782,38.963],[-81.781,38.961],[-81.78,38.958],[-81.777,38.955],[-81.772,38.95],[-81.767,38.947],[-81.765,38.944],[-81.763,38.941],[-81.762,38.94],[-81.76,38.938],[-81.758,38.937],[-81.758,38.938],[-81.757,38.937],[-81.756,38.935],[-81.757,38.931],[-81.758,38.93],[-81.76,38.926],[-81.765,38.923],[-81.77,38.923],[-81.781,38.925],[-81.786,38.926],[-81.796,38.932],[-81.801,38.937],[-81.806,38.942],[-81.809,38.943],[-81.814,38.946],[-81.82,38.947],[-81.821,38.947],[-81.822,38.947],[-81.827,38.946],[-81.83,38.944],[-81.832,38.944],[-81.832,38.943],[-81.832,38.942],[-81.833,38.941],[-81.834,38.941],[-81.835,38.94],[-81.838,38.937],[-81.84,38.934],[-81.84,38.934],[-81.842,38.932],[-81.844,38.93],[-81.845,38.925],[-81.845,38.921],[-81.846,38.912],[-81.845,38.91],[-81.847,38.906],[-81.849,38.901],[-81.851,38.898],[-81.853,38.896],[-81.859,38.89],[-81.862,38.888],[-81.868,38.885],[-81.871,38.884],[-81.88,38.879],[-81.888,38.875],[-81.893,38.874],[-81.897,38.874],[-81.903,38.876],[-81.909,38.878],[-81.914,38.882],[-81.922,38.888],[-81.927,38.892],[-81.928,38.895],[-81.927,38.899],[-81.924,38.904],[-81.92,38.907],[-81.917,38.909],[-81.919,38.908],[-81.918,38.911],[-81.913,38.914],[-81.913,38.914],[-81.912,38.916],[-81.909,38.917],[-81.9,38.925],[-81.898,38.93],[-81.899,38.931],[-81.899,38.934],[-81.901,38.938],[-81.909,38.948],[-81.911,38.952],[-81.911,38.953],[-81.911,38.953],[-81.912,38.954],[-81.913,38.956],[-81.913,38.957],[-81.914,38.959],[-81.915,38.959],[-81.916,38.961],[-81.918,38.967],[-81.923,38.973],[-81.927,38.978],[-81.929,38.982],[-81.931,38.984],[-81.932,38.985],[-81.936,38.99],[-81.94,38.992],[-81.942,38.993],[-81.949,38.995],[-81.952,38.996],[-81.959,38.995],[-81.961,38.994],[-81.963,38.994],[-81.965,38.993],[-81.968,38.993],[-81.974,38.992],[-81.974,38.992],[-81.974,38.992],[-81.975,38.992],[-81.975,38.993],[-81.976,38.993],[-81.979,38.993],[-81.981,38.994],[-81.982,38.997],[-81.983,39],[-81.983,39.002],[-81.983,39.003],[-81.983,39.003],[-81.983,39.004],[-81.984,39.005],[-81.984,39.005],[-81.984,39.006],[-81.984,39.007],[-81.985,39.008],[-81.986,39.009],[-81.986,39.01],[-81.986,39.01],[-81.987,39.011],[-81.987,39.011],[-81.987,39.012],[-81.987,39.012],[-81.988,39.013],[-81.989,39.015],[-81.99,39.016],[-81.991,39.017],[-81.992,39.019],[-81.993,39.02],[-81.994,39.021],[-81.994,39.022],[-81.995,39.022],[-81.996,39.023],[-81.997,39.024],[-81.998,39.025],[-81.999,39.026],[-81.999,39.026],[-82,39.026],[-82,39.027],[-82.002,39.028],[-82.003,39.028],[-82.004,39.029],[-82.005,39.029],[-82.008,39.03],[-82.011,39.03],[-82.023,39.029],[-82.025,39.029],[-82.026,39.029],[-82.026,39.029],[-82.027,39.028],[-82.029,39.028],[-82.031,39.027],[-82.035,39.026],[-82.038,39.024],[-82.039,39.023],[-82.04,39.02],[-82.041,39.019],[-82.041,39.018],[-82.042,39.018],[-82.042,39.017],[-82.042,39.015],[-82.042,39.014],[-82.043,39.013],[-82.044,39.009],[-82.044,39.008],[-82.045,39.007],[-82.045,39.006],[-82.046,39.004],[-82.046,39.002],[-82.047,39.002],[-82.047,39.001],[-82.048,39],[-82.048,38.999],[-82.048,38.999],[-82.049,38.999],[-82.049,38.998],[-82.049,38.997],[-82.05,38.997],[-82.05,38.996],[-82.05,38.996],[-82.051,38.995],[-82.052,38.994],[-82.053,38.994],[-82.054,38.993],[-82.055,38.993],[-82.056,38.992],[-82.057,38.991],[-82.058,38.99],[-82.059,38.99],[-82.061,38.989],[-82.062,38.988],[-82.064,38.988],[-82.065,38.987],[-82.066,38.986],[-82.068,38.986],[-82.068,38.985],[-82.07,38.984],[-82.071,38.984],[-82.072,38.984],[-82.073,38.983],[-82.074,38.983],[-82.075,38.982],[-82.077,38.982],[-82.078,38.982],[-82.079,38.981],[-82.08,38.981],[-82.081,38.98],[-82.082,38.98],[-82.084,38.979],[-82.084,38.978],[-82.086,38.978],[-82.086,38.977],[-82.086,38.977],[-82.087,38.977],[-82.088,38.977],[-82.089,38.976],[-82.09,38.975],[-82.091,38.974],[-82.092,38.973],[-82.092,38.973],[-82.093,38.972],[-82.093,38.971],[-82.093,38.969],[-82.094,38.968],[-82.094,38.968],[-82.094,38.968],[-82.094,38.966],[-82.095,38.965],[-82.095,38.964],[-82.095,38.964],[-82.096,38.964],[-82.097,38.961],[-82.097,38.961],[-82.097,38.961],[-82.098,38.96],[-82.099,38.959],[-82.099,38.958],[-82.099,38.958],[-82.099,38.959],[-82.099,38.963],[-82.099,38.965],[-82.099,38.965],[-82.098,38.974],[-82.097,38.982],[-82.097,38.989],[-82.097,38.991],[-82.096,39],[-82.101,39.003],[-82.114,39.004],[-82.12,39.004],[-82.129,39.004],[-82.149,39.005],[-82.183,39.007],[-82.194,39.007],[-82.202,39.008],[-82.209,39.008],[-82.21,39.008],[-82.216,39.008],[-82.223,39.009],[-82.238,39.009],[-82.247,39.01],[-82.27,39.01],[-82.272,39.011],[-82.28,39.011],[-82.291,39.012],[-82.31,39.013],[-82.31,39.013],[-82.311,39.013],[-82.313,39.013],[-82.314,39.013],[-82.316,39.013],[-82.317,39.013],[-82.319,39.013],[-82.32,39.013],[-82.321,39.013],[-82.324,39.015],[-82.323,39.021],[-82.323,39.028],[-82.323,39.031],[-82.322,39.036],[-82.322,39.041],[-82.321,39.044],[-82.321,39.045],[-82.321,39.05],[-82.319,39.074],[-82.318,39.08],[-82.318,39.081],[-82.317,39.096],[-82.315,39.114],[-82.314,39.125],[-82.313,39.132],[-82.312,39.145],[-82.312,39.146],[-82.312,39.147],[-82.312,39.147],[-82.31,39.163],[-82.31,39.166],[-82.31,39.168],[-82.309,39.177],[-82.309,39.179],[-82.309,39.182],[-82.309,39.186],[-82.308,39.188],[-82.308,39.189],[-82.308,39.189],[-82.307,39.205],[-82.304,39.205],[-82.303,39.205],[-82.288,39.205],[-82.288,39.205],[-82.286,39.205],[-82.269,39.204],[-82.261,39.203],[-82.26,39.203],[-82.243,39.202],[-82.241,39.202],[-82.239,39.202],[-82.2,39.2],[-82.192,39.2],[-82.178,39.199],[-82.17,39.199],[-82.156,39.198],[-82.152,39.198],[-82.146,39.197],[-82.136,39.197],[-82.127,39.196],[-82.121,39.196],[-82.1,39.195],[-82.097,39.195],[-82.079,39.194],[-82.075,39.194],[-82.074,39.194],[-82.064,39.193],[-82.058,39.193],[-82.054,39.193],[-82.049,39.192],[-82.033,39.192],[-82.032,39.192],[-82.017,39.191],[-82.01,39.191],[-82.004,39.191],[-81.989,39.19],[-81.988,39.19],[-81.987,39.19],[-81.981,39.19],[-81.972,39.189],[-81.968,39.189],[-81.962,39.189],[-81.946,39.188],[-81.944,39.188],[-81.934,39.188],[-81.927,39.187],[-81.915,39.187],[-81.914,39.187],[-81.903,39.186],[-81.899,39.186],[-81.886,39.186],[-81.879,39.185],[-81.871,39.185],[-81.858,39.185],[-81.85,39.184],[-81.844,39.184],[-81.843,39.184]]]},"properties":{"NAME":"Meigs","GEOID":"39105"}},{"type":"Feature","geometry":{"type":"Polygon","coordinates":[[[-81.102,41.714],[-81.097,41.714],[-81.092,41.714],[-81.083,41.714],[-81.082,41.714],[-81.066,41.714],[-81.051,41.714],[-81.04,41.714],[-81.029,41.715],[-81.016,41.715],[-81.011,41.715],[-81.003,41.715],[-81.003,41.711],[-81.003,41.703],[-81.003,41.7],[-81.003,41.699],[-81.003,41.697],[-81.003,41.694],[-81.003,41.691],[-81.003,41.685],[-81.003,41.671],[-81.003,41.666],[-81.003,41.656],[-81.003,41.651],[-81.003,41.648],[-81.003,41.642],[-81.003,41.637],[-81.003,41.635],[-81.003,41.633],[-81.003,41.631],[-81.003,41.628],[-81.003,41.61],[-81.003,41.593],[-81.003,41.58],[-81.003,41.567],[-81.003,41.564],[-81.003,41.557],[-81.003,41.55],[-81.003,41.543],[-81.003,41.535],[-81.003,41.531],[-81.003,41.528],[-81.003,41.522],[-81.003,41.52],[-81.003,41.516],[-81.003,41.512],[-81.003,41.509],[-81.003,41.507],[-81.003,41.505],[-81.003,41.5],[-81.003,41.497],[-81.003,41.494],[-81.003,41.493],[-81.003,41.491],[-81.003,41.485],[-81.003,41.482],[-81.003,41.479],[-81.003,41.477],[-81.003,41.473],[-81.003,41.47],[-81.003,41.466],[-81.003,41.461],[-81.003,41.455],[-81.003,41.451],[-81.003,41.441],[-81.003,41.437],[-81.003,41.435],[-81.003,41.431],[-81.003,41.426],[-81.003,41.426],[-81.003,41.425],[-81.003,41.42],[-81.003,41.411],[-81.003,41.4],[-81.003,41.386],[-81.003,41.38],[-81.003,41.367],[-81.003,41.367],[-81.003,41.348],[-81.004,41.348],[-81.008,41.348],[-81.012,41.348],[-81.016,41.348],[-81.019,41.348],[-81.021,41.348],[-81.021,41.348],[-81.022,41.348],[-81.024,41.348],[-81.026,41.348],[-81.028,41.348],[-81.031,41.348],[-81.036,41.348],[-81.04,41.348],[-81.041,41.348],[-81.057,41.348],[-81.064,41.348],[-81.079,41.347],[-81.09,41.348],[-81.099,41.347],[-81.103,41.347],[-81.108,41.347],[-81.109,41.347],[-81.114,41.347],[-81.119,41.347],[-81.123,41.347],[-81.131,41.347],[-81.134,41.347],[-81.137,41.347],[-81.142,41.347],[-81.143,41.347],[-81.149,41.347],[-81.153,41.348],[-81.163,41.347],[-81.164,41.347],[-81.172,41.347],[-81.173,41.347],[-81.175,41.347],[-81.18,41.348],[-81.186,41.348],[-81.191,41.348],[-81.196,41.348],[-81.209,41.348],[-81.216,41.348],[-81.222,41.347],[-81.225,41.348],[-81.239,41.348],[-81.242,41.348],[-81.246,41.348],[-81.251,41.347],[-81.255,41.347],[-81.26,41.347],[-81.262,41.347],[-81.281,41.347],[-81.282,41.347],[-81.289,41.347],[-81.292,41.347],[-81.295,41.347],[-81.297,41.347],[-81.3,41.347],[-81.306,41.347],[-81.31,41.347],[-81.312,41.347],[-81.318,41.347],[-81.32,41.348],[-81.323,41.348],[-81.324,41.348],[-81.327,41.348],[-81.331,41.348],[-81.332,41.348],[-81.336,41.348],[-81.337,41.348],[-81.338,41.348],[-81.34,41.348],[-81.347,41.348],[-81.357,41.348],[-81.367,41.348],[-81.368,41.348],[-81.373,41.348],[-81.376,41.348],[-81.378,41.348],[-81.386,41.348],[-81.392,41.348],[-81.392,41.355],[-81.392,41.357],[-81.392,41.357],[-81.392,41.357],[-81.392,41.357],[-81.392,41.362],[-81.392,41.364],[-81.392,41.38],[-81.392,41.383],[-81.392,41.385],[-81.392,41.387],[-81.392,41.388],[-81.392,41.389],[-81.392,41.389],[-81.392,41.39],[-81.392,41.39],[-81.392,41.391],[-81.392,41.391],[-81.392,41.394],[-81.392,41.398],[-81.392,41.399],[-81.392,41.399],[-81.392,41.406],[-81.392,41.408],[-81.392,41.408],[-81.392,41.411],[-81.392,41.414],[-81.392,41.416],[-81.392,41.416],[-81.392,41.416],[-81.392,41.417],[-81.392,41.419],[-81.392,41.422],[-81.392,41.422],[-81.392,41.422],[-81.392,41.424],[-81.392,41.424],[-81.391,41.424],[-81.39,41.424],[-81.387,41.424],[-81.387,41.424],[-81.387,41.424],[-81.386,41.424],[-81.383,41.424],[-81.376,41.424],[-81.375,41.424],[-81.375,41.426],[-81.375,41.427],[-81.375,41.427],[-81.375,41.428],[-81.375,41.428],[-81.375,41.43],[-81.375,41.431],[-81.375,41.432],[-81.375,41.433],[-81.375,41.434],[-81.375,41.438],[-81.375,41.438],[-81.375,41.438],[-81.375,41.438],[-81.375,41.441],[-81.375,41.443],[-81.375,41.444],[-81.375,41.444],[-81.375,41.444],[-81.375,41.444],[-81.375,41.444],[-81.375,41.445],[-81.376,41.445],[-81.376,41.445],[-81.376,41.445],[-81.376,41.445],[-81.376,41.445],[-81.377,41.445],[-81.377,41.445],[-81.378,41.445],[-81.378,41.445],[-81.378,41.445],[-81.378,41.445],[-81.378,41.445],[-81.378,41.445],[-81.381,41.445],[-81.382,41.445],[-81.384,41.445],[-81.385,41.445],[-81.389,41.445],[-81.39,41.445],[-81.39,41.445],[-81.391,41.445],[-81.391,41.445],[-81.392,41.445],[-81.391,41.447],[-81.391,41.448],[-81.391,41.45],[-81.391,41.452],[-81.391,41.453],[-81.391,41.454],[-81.391,41.455],[-81.391,41.458],[-81.391,41.459],[-81.391,41.459],[-81.391,41.46],[-81.391,41.461],[-81.391,41.461],[-81.391,41.463],[-81.391,41.463],[-81.391,41.467],[-81.391,41.467],[-81.391,41.471],[-81.391,41.473],[-81.391,41.473],[-81.391,41.473],[-81.391,41.474],[-81.391,41.476],[-81.391,41.478],[-81.391,41.478],[-81.391,41.48],[-81.391,41.486],[-81.391,41.488],[-81.391,41.49],[-81.391,41.49],[-81.391,41.49],[-81.391,41.49],[-81.391,41.49],[-81.391,41.493],[-81.391,41.495],[-81.391,41.498],[-81.391,41.499],[-81.391,41.502],[-81.391,41.504],[-81.391,41.504],[-81.391,41.505],[-81.391,41.505],[-81.391,41.506],[-81.391,41.508],[-81.391,41.508],[-81.391,41.508],[-81.391,41.508],[-81.391,41.508],[-81.391,41.508],[-81.391,41.508],[-81.391,41.508],[-81.391,41.509],[-81.391,41.516],[-81.391,41.52],[-81.391,41.52],[-81.391,41.522],[-81.391,41.526],[-81.391,41.535],[-81.391,41.54],[-81.391,41.542],[-81.391,41.543],[-81.391,41.554],[-81.391,41.558],[-81.391,41.558],[-81.391,41.558],[-81.391,41.56],[-81.391,41.56],[-81.391,41.56],[-81.391,41.56],[-81.391,41.561],[-81.391,41.562],[-81.391,41.562],[-81.391,41.563],[-81.391,41.563],[-81.391,41.563],[-81.391,41.566],[-81.391,41.568],[-81.391,41.568],[-81.391,41.568],[-81.391,41.57],[-81.388,41.57],[-81.386,41.57],[-81.376,41.57],[-81.363,41.57],[-81.355,41.57],[-81.349,41.57],[-81.343,41.57],[-81.328,41.57],[-81.328,41.57],[-81.325,41.57],[-81.311,41.57],[-81.306,41.57],[-81.296,41.57],[-81.296,41.577],[-81.295,41.588],[-81.295,41.588],[-81.295,41.589],[-81.295,41.589],[-81.295,41.595],[-81.295,41.596],[-81.295,41.596],[-81.295,41.596],[-81.295,41.608],[-81.295,41.612],[-81.295,41.614],[-81.295,41.617],[-81.295,41.623],[-81.295,41.637],[-81.295,41.64],[-81.295,41.641],[-81.288,41.641],[-81.277,41.641],[-81.274,41.641],[-81.272,41.641],[-81.269,41.641],[-81.265,41.641],[-81.259,41.641],[-81.247,41.641],[-81.242,41.641],[-81.239,41.641],[-81.235,41.641],[-81.231,41.641],[-81.226,41.641],[-81.223,41.641],[-81.217,41.641],[-81.198,41.641],[-81.194,41.641],[-81.179,41.641],[-81.154,41.641],[-81.151,41.641],[-81.146,41.641],[-81.143,41.641],[-81.137,41.641],[-81.132,41.641],[-81.123,41.641],[-81.118,41.641],[-81.101,41.641],[-81.102,41.658],[-81.102,41.666],[-81.102,41.678],[-81.102,41.685],[-81.102,41.69],[-81.102,41.694],[-81.102,41.697],[-81.102,41.701],[-81.102,41.71],[-81.102,41.712],[-81.102,41.712],[-81.102,41.714],[-81.102,41.714]]]},"properties":{"NAME":"Geauga","GEOID":"39055"}}]}