{"type":"FeatureCollection","features":[{"type":"Feature","properties":{"id":"BARBERTON 1-A","subdivision":"barberton"},"geometry":{"type":"Polygon","coordinates":[[[-81.577761,41.038798],[-81.577969,41.038621],[-81.57814,41.038455],[-81.578292,41.038183],[-81.578687,41.037478],[-81.578858,41.037179],[-81.578962,41.036813],[-81.578776,41.03633],[-81.577871,41.036329],[-81.577323,41.03634],[-81.577339,41.036319],[-81.577514,41.036104],[-81.577589,41.036044],[-81.577731,41.035932],[-81.578088,41.035721],[-81.578301,41.035595],[-81.578663,41.035388],[-81.578773,41.035327],[-81.57917,41.035082],[-81.579411,41.034948],[-81.57972,41.034777],[-81.580748,41.034171],[-81.581712,41.033607],[-81.582738,41.033009],[-81.583305,41.032678],[-81.583472,41.032576],[-81.583683,41.032427],[-81.584589,41.031807],[-81.584767,41.031884],[-81.585279,41.032052],[-81.585776,41.032232],[-81.586122,41.03235],[-81.588312,41.033123],[-81.588805,41.033345],[-81.588955,41.033374],[-81.589099,41.033375],[-81.59024,41.033313],[-81.5916,41.033233],[-81.593381,41.033236],[-81.594439,41.033234],[-81.596536,41.033244],[-81.598631,41.033232],[-81.59865,41.032651],[-81.599086,41.032679],[-81.599098,41.033235],[-81.599045,41.034123],[-81.59897,41.034977],[-81.59904,41.035906],[-81.598553,41.035903],[-81.596483,41.035877],[-81.594375,41.035953],[-81.592378,41.035953],[-81.592348,41.035852],[-81.592276,41.035571],[-81.589443,41.035354],[-81.589378,41.036184],[-81.589242,41.037853],[-81.589323,41.038812],[-81.589339,41.03901],[-81.589343,41.039054],[-81.589157,41.041098],[-81.589143,41.041252],[-81.589242,41.041453],[-81.587742,41.041553],[-81.586741,41.041453],[-81.585841,41.041353],[-81.584841,41.041353],[-81.583841,41.041253],[-81.582241,41.041353],[-81.582193,41.039637],[-81.581789,41.03964],[-81.580063,41.039624],[-81.579531,41.039609],[-81.578549,41.039602],[-81.577496,41.039586],[-81.577584,41.039351],[-81.577761,41.038798]]]}},{"type":"Feature","properties":{"id":"BARBERTON 1-B","subdivision":"barberton"},"geometry":{"type":"Polygon","coordinates":[[[-81.576535,41.03597],[-81.57654,41.035657],[-81.576542,41.035524],[-81.576549,41.035463],[-81.57658,41.034885],[-81.576692,41.032563],[-81.576706,41.031786],[-81.576719,41.03105],[-81.576736,41.030311],[-81.576782,41.029982],[-81.576794,41.029738],[-81.576793,41.029661],[-81.576777,41.029627],[-81.576752,41.029599],[-81.576718,41.029576],[-81.576679,41.02956],[-81.576633,41.029552],[-81.576647,41.02829],[-81.576665,41.028028],[-81.577169,41.028127],[-81.579041,41.028953],[-81.578954,41.027577],[-81.578941,41.026653],[-81.57894,41.024787],[-81.57894,41.024265],[-81.57894,41.023559],[-81.57894,41.022753],[-81.578949,41.022582],[-81.578984,41.021904],[-81.578223,41.021867],[-81.57821,41.02231],[-81.578189,41.022589],[-81.577306,41.022589],[-81.577306,41.021847],[-81.577041,41.021853],[-81.576596,41.021861],[-81.576619,41.021803],[-81.576618,41.020595],[-81.576862,41.020592],[-81.577026,41.020589],[-81.577263,41.020593],[-81.577633,41.020588],[-81.577785,41.020592],[-81.578182,41.020591],[-81.578682,41.020595],[-81.579018,41.020593],[-81.579306,41.020592],[-81.580084,41.020597],[-81.580344,41.020582],[-81.580702,41.020578],[-81.581415,41.020578],[-81.581525,41.020578],[-81.58165,41.020567],[-81.582374,41.021351],[-81.582837,41.021859],[-81.583503,41.022573],[-81.584378,41.023521],[-81.584666,41.023865],[-81.584779,41.02401],[-81.585016,41.024345],[-81.585382,41.024194],[-81.585526,41.024165],[-81.585586,41.024159],[-81.585725,41.024155],[-81.586546,41.024163],[-81.587217,41.024162],[-81.588406,41.02417],[-81.588534,41.024181],[-81.588612,41.024204],[-81.588873,41.023897],[-81.589012,41.023741],[-81.589311,41.023392],[-81.589451,41.023225],[-81.589523,41.023115],[-81.589574,41.023001],[-81.5896,41.022903],[-81.58963,41.022586],[-81.58987,41.022578],[-81.590084,41.022606],[-81.59081,41.022776],[-81.590981,41.022812],[-81.591181,41.022854],[-81.591305,41.022904],[-81.591429,41.022982],[-81.591641,41.023141],[-81.591727,41.023196],[-81.592318,41.02357],[-81.59251,41.023679],[-81.592566,41.023711],[-81.592825,41.023893],[-81.593057,41.024034],[-81.593116,41.024075],[-81.59322,41.024149],[-81.593244,41.024168],[-81.593385,41.024276],[-81.593456,41.02422],[-81.59356,41.024162],[-81.593664,41.024131],[-81.593811,41.024111],[-81.594284,41.024083],[-81.59427,41.02418],[-81.59419,41.024344],[-81.594108,41.024531],[-81.594075,41.024617],[-81.59364,41.025022],[-81.593539,41.025116],[-81.592969,41.025671],[-81.592263,41.02637],[-81.591623,41.027018],[-81.591581,41.027044],[-81.591515,41.027077],[-81.591329,41.027208],[-81.590794,41.027568],[-81.590832,41.027599],[-81.590947,41.027709],[-81.591392,41.028077],[-81.591471,41.028138],[-81.591501,41.028193],[-81.591506,41.028259],[-81.591459,41.028857],[-81.59142,41.029212],[-81.591329,41.02982],[-81.592392,41.029826],[-81.593452,41.029839],[-81.594508,41.029847],[-81.595553,41.029855],[-81.596596,41.029864],[-81.596612,41.029475],[-81.596633,41.028361],[-81.597684,41.028371],[-81.598739,41.028376],[-81.598732,41.028925],[-81.59874,41.029033],[-81.598754,41.029073],[-81.598776,41.029096],[-81.598997,41.029189],[-81.599107,41.029235],[-81.59917,41.029268],[-81.599145,41.029554],[-81.599086,41.032679],[-81.59865,41.032651],[-81.598631,41.033232],[-81.596536,41.033244],[-81.594439,41.033234],[-81.593381,41.033236],[-81.5916,41.033233],[-81.59024,41.033313],[-81.589099,41.033375],[-81.588955,41.033374],[-81.588805,41.033345],[-81.588312,41.033123],[-81.586122,41.03235],[-81.585776,41.032232],[-81.585279,41.032052],[-81.584767,41.031884],[-81.584589,41.031807],[-81.583683,41.032427],[-81.583472,41.032576],[-81.583305,41.032678],[-81.582738,41.033009],[-81.581712,41.033607],[-81.580748,41.034171],[-81.57972,41.034777],[-81.579411,41.034948],[-81.57917,41.035082],[-81.578773,41.035327],[-81.578663,41.035388],[-81.578301,41.035595],[-81.578088,41.035721],[-81.577731,41.035932],[-81.577589,41.036044],[-81.577514,41.036104],[-81.577339,41.036319],[-81.577323,41.03634],[-81.576525,41.036336],[-81.576535,41.03597]]]}},{"type":"Feature","properties":{"id":"BARBERTON 1-C","subdivision":"barberton"},"geometry":{"type":"Polygon","coordinates":[[[-81.582374,41.021351],[-81.58165,41.020567],[-81.581558,41.020461],[-81.58142,41.020311],[-81.580727,41.019558],[-81.579951,41.01876],[-81.579796,41.018602],[-81.579625,41.018417],[-81.579282,41.018079],[-81.579239,41.018041],[-81.579324,41.018019],[-81.579799,41.018002],[-81.581936,41.018013],[-81.584054,41.018036],[-81.584933,41.01805],[-81.584999,41.01805],[-81.587347,41.018061],[-81.589728,41.01808],[-81.591862,41.018104],[-81.594225,41.018126],[-81.595009,41.018137],[-81.595804,41.01814],[-81.595967,41.018132],[-81.596279,41.018102],[-81.596451,41.017964],[-81.596589,41.017841],[-81.596968,41.017525],[-81.59758,41.017001],[-81.597843,41.016786],[-81.598081,41.016578],[-81.598328,41.01635],[-81.598653,41.016084],[-81.598901,41.015888],[-81.599464,41.015397],[-81.599566,41.015303],[-81.59974,41.015115],[-81.599832,41.015024],[-81.600205,41.014632],[-81.600356,41.014473],[-81.600498,41.014302],[-81.600517,41.014274],[-81.600536,41.014226],[-81.600555,41.014128],[-81.600548,41.013894],[-81.600552,41.013757],[-81.600558,41.013603],[-81.600555,41.012994],[-81.60057,41.012851],[-81.601648,41.012849],[-81.601776,41.012849],[-81.602912,41.012832],[-81.603176,41.012827],[-81.604494,41.012799],[-81.600543,41.017642],[-81.59651,41.021153],[-81.593057,41.024034],[-81.592825,41.023893],[-81.592566,41.023711],[-81.59251,41.023679],[-81.592318,41.02357],[-81.591727,41.023196],[-81.591641,41.023141],[-81.591429,41.022982],[-81.591305,41.022904],[-81.591181,41.022854],[-81.590981,41.022812],[-81.59081,41.022776],[-81.590084,41.022606],[-81.58987,41.022578],[-81.58963,41.022586],[-81.5896,41.022903],[-81.589574,41.023001],[-81.589523,41.023115],[-81.589451,41.023225],[-81.589311,41.023392],[-81.589012,41.023741],[-81.588873,41.023897],[-81.588612,41.024204],[-81.588534,41.024181],[-81.588406,41.02417],[-81.587217,41.024162],[-81.586546,41.024163],[-81.585725,41.024155],[-81.585586,41.024159],[-81.585526,41.024165],[-81.585382,41.024194],[-81.585016,41.024345],[-81.584779,41.02401],[-81.584666,41.023865],[-81.584378,41.023521],[-81.583503,41.022573],[-81.582837,41.021859],[-81.582374,41.021351]]]}},{"type":"Feature","properties":{"id":"BARBERTON 2-A","subdivision":"barberton"},"geometry":{"type":"Polygon","coordinates":[[[-81.596968,41.017525],[-81.596589,41.017841],[-81.596573,41.017202],[-81.596577,41.016346],[-81.596585,41.015501],[-81.594223,41.015497],[-81.594225,41.014638],[-81.594218,41.013751],[-81.594224,41.012849],[-81.594225,41.01204],[-81.594226,41.01125],[-81.594229,41.010393],[-81.592122,41.01039],[-81.591879,41.01039],[-81.591632,41.010387],[-81.590411,41.010388],[-81.589913,41.010385],[-81.58991,41.010093],[-81.589927,41.009423],[-81.589944,41.008788],[-81.589971,41.008029],[-81.58999,41.007524],[-81.590003,41.006921],[-81.590021,41.006532],[-81.590327,41.006523],[-81.593731,41.006543],[-81.593697,41.006326],[-81.593676,41.006231],[-81.593618,41.006038],[-81.593557,41.005897],[-81.593466,41.005755],[-81.593413,41.005687],[-81.593326,41.005587],[-81.593081,41.005333],[-81.59301,41.005244],[-81.592917,41.005114],[-81.592887,41.005061],[-81.592834,41.004939],[-81.593097,41.00493],[-81.59461,41.004935],[-81.595266,41.004952],[-81.595654,41.004948],[-81.59579,41.004952],[-81.595986,41.00495],[-81.596879,41.004947],[-81.598021,41.004955],[-81.598017,41.005391],[-81.59802,41.006622],[-81.598012,41.007205],[-81.597992,41.007912],[-81.598299,41.007918],[-81.600765,41.007934],[-81.600645,41.009589],[-81.6006,41.01041],[-81.602534,41.010421],[-81.603632,41.010428],[-81.604118,41.010436],[-81.604088,41.010511],[-81.604153,41.010519],[-81.604228,41.010525],[-81.604288,41.010527],[-81.604348,41.01053],[-81.604424,41.010534],[-81.604493,41.010545],[-81.604569,41.010559],[-81.604644,41.010572],[-81.604711,41.010591],[-81.604767,41.010608],[-81.604825,41.010638],[-81.604893,41.010654],[-81.604958,41.010664],[-81.605018,41.010675],[-81.605078,41.010692],[-81.605136,41.010717],[-81.604792,41.011832],[-81.604494,41.012799],[-81.603176,41.012827],[-81.602912,41.012832],[-81.601776,41.012849],[-81.601648,41.012849],[-81.60057,41.012851],[-81.600555,41.012994],[-81.600558,41.013603],[-81.600552,41.013757],[-81.600548,41.013894],[-81.600555,41.014128],[-81.600536,41.014226],[-81.600517,41.014274],[-81.600498,41.014302],[-81.600356,41.014473],[-81.600205,41.014632],[-81.599832,41.015024],[-81.59974,41.015115],[-81.599566,41.015303],[-81.599464,41.015397],[-81.598901,41.015888],[-81.598653,41.016084],[-81.598328,41.01635],[-81.598081,41.016578],[-81.597843,41.016786],[-81.59758,41.017001],[-81.596968,41.017525]]]}},{"type":"Feature","properties":{"id":"BARBERTON 2-B","subdivision":"barberton"},"geometry":{"type":"Polygon","coordinates":[[[-81.584933,41.01805],[-81.584054,41.018036],[-81.584071,41.017207],[-81.584079,41.016349],[-81.584097,41.015501],[-81.584109,41.014631],[-81.584108,41.013769],[-81.58412,41.013473],[-81.584134,41.012855],[-81.585005,41.012852],[-81.585606,41.012849],[-81.585644,41.012849],[-81.585809,41.012852],[-81.585973,41.012863],[-81.586179,41.012905],[-81.586267,41.012928],[-81.586348,41.012954],[-81.586431,41.012968],[-81.586379,41.012878],[-81.586339,41.012796],[-81.586304,41.012696],[-81.586284,41.012583],[-81.586275,41.012531],[-81.586273,41.012312],[-81.586283,41.012042],[-81.585016,41.012043],[-81.584142,41.012041],[-81.58415,41.011248],[-81.585027,41.011243],[-81.586289,41.011247],[-81.586301,41.010391],[-81.587342,41.010381],[-81.588281,41.010379],[-81.589913,41.010385],[-81.590411,41.010388],[-81.591632,41.010387],[-81.591879,41.01039],[-81.592122,41.01039],[-81.594229,41.010393],[-81.594226,41.01125],[-81.594225,41.01204],[-81.594224,41.012849],[-81.594218,41.013751],[-81.594225,41.014638],[-81.594223,41.015497],[-81.596585,41.015501],[-81.596577,41.016346],[-81.596573,41.017202],[-81.596589,41.017841],[-81.596451,41.017964],[-81.596279,41.018102],[-81.595967,41.018132],[-81.595804,41.01814],[-81.595009,41.018137],[-81.594225,41.018126],[-81.591862,41.018104],[-81.589728,41.01808],[-81.587347,41.018061],[-81.584999,41.01805],[-81.584933,41.01805]]]}},{"type":"Feature","properties":{"id":"BARBERTON 2-C","subdivision":"barberton"},"geometry":{"type":"Polygon","coordinates":[[[-81.573214,41.020748],[-81.572395,41.020745],[-81.572313,41.019469],[-81.567913,41.019414],[-81.567934,41.01816],[-81.567869,41.01817],[-81.567743,41.018182],[-81.567593,41.018189],[-81.567351,41.018188],[-81.567188,41.018175],[-81.567025,41.018157],[-81.566777,41.018141],[-81.565847,41.018141],[-81.565337,41.018042],[-81.564871,41.01786],[-81.56466,41.017634],[-81.564556,41.017387],[-81.564482,41.017281],[-81.564429,41.017203],[-81.563507,41.01719],[-81.563518,41.015378],[-81.563524,41.01439],[-81.563542,41.014285],[-81.563539,41.013366],[-81.56353,41.010476],[-81.564273,41.01047],[-81.565266,41.010468],[-81.565821,41.010464],[-81.566047,41.010466],[-81.566399,41.010462],[-81.566516,41.010464],[-81.567556,41.010458],[-81.568884,41.010451],[-81.569076,41.01045],[-81.569914,41.010453],[-81.570837,41.010432],[-81.571937,41.010432],[-81.573763,41.010425],[-81.574168,41.01042],[-81.575611,41.010411],[-81.577231,41.010409],[-81.577754,41.010401],[-81.579888,41.010411],[-81.58123,41.010405],[-81.582021,41.010407],[-81.583279,41.010406],[-81.584165,41.010401],[-81.585039,41.010395],[-81.586301,41.010391],[-81.586289,41.011247],[-81.585027,41.011243],[-81.58415,41.011248],[-81.584142,41.012041],[-81.585016,41.012043],[-81.586283,41.012042],[-81.586273,41.012312],[-81.586275,41.012531],[-81.586284,41.012583],[-81.586304,41.012696],[-81.586339,41.012796],[-81.586379,41.012878],[-81.586431,41.012968],[-81.586348,41.012954],[-81.586267,41.012928],[-81.586179,41.012905],[-81.585973,41.012863],[-81.585809,41.012852],[-81.585644,41.012849],[-81.585606,41.012849],[-81.585005,41.012852],[-81.584134,41.012855],[-81.58412,41.013473],[-81.584108,41.013769],[-81.584109,41.014631],[-81.584097,41.015501],[-81.584079,41.016349],[-81.584071,41.017207],[-81.584054,41.018036],[-81.581936,41.018013],[-81.579799,41.018002],[-81.579324,41.018019],[-81.579239,41.018041],[-81.579282,41.018079],[-81.579625,41.018417],[-81.579796,41.018602],[-81.579951,41.01876],[-81.580727,41.019558],[-81.58142,41.020311],[-81.581558,41.020461],[-81.58165,41.020567],[-81.581525,41.020578],[-81.581415,41.020578],[-81.580702,41.020578],[-81.580344,41.020582],[-81.580084,41.020597],[-81.579306,41.020592],[-81.579018,41.020593],[-81.578682,41.020595],[-81.578182,41.020591],[-81.577785,41.020592],[-81.577633,41.020588],[-81.577263,41.020593],[-81.577026,41.020589],[-81.576862,41.020592],[-81.576618,41.020595],[-81.576517,41.020597],[-81.576417,41.020596],[-81.576274,41.020595],[-81.575871,41.020598],[-81.575386,41.02059],[-81.575313,41.020589],[-81.575016,41.020588],[-81.574424,41.020587],[-81.574025,41.020578],[-81.573505,41.020573],[-81.57344,41.020576],[-81.573397,41.020583],[-81.573357,41.020596],[-81.573312,41.020616],[-81.573261,41.020645],[-81.573232,41.020673],[-81.573216,41.020701],[-81.573214,41.020748]]]}},{"type":"Feature","properties":{"id":"BARBERTON 3-A","subdivision":"barberton"},"geometry":{"type":"MultiPolygon","coordinates":[[[[-81.578891,40.999572],[-81.578609,40.999571],[-81.578478,40.999573],[-81.578478,40.998365],[-81.579284,40.998365],[-81.579284,40.99957],[-81.579001,40.999572],[-81.578891,40.999572]]],[[[-81.595656,41.004824],[-81.595682,41.004662],[-81.595832,41.004131],[-81.595855,41.004023],[-81.595878,41.003861],[-81.595886,41.003752],[-81.595883,41.003378],[-81.595886,41.002865],[-81.595882,41.002586],[-81.595852,41.001411],[-81.595823,40.999951],[-81.595803,40.998997],[-81.595785,40.998125],[-81.595755,40.996759],[-81.596777,40.996756],[-81.597184,40.996755],[-81.597896,40.996753],[-81.59847,40.996754],[-81.598477,40.995659],[-81.598484,40.9954],[-81.598,40.9954],[-81.597464,40.995507],[-81.596783,40.995517],[-81.595974,40.995637],[-81.595073,40.99564],[-81.595037,40.995644],[-81.595005,40.995654],[-81.594973,40.995678],[-81.594963,40.995697],[-81.594959,40.99572],[-81.594873,40.995719],[-81.594734,40.995712],[-81.594365,40.995701],[-81.594338,40.995857],[-81.594347,40.996147],[-81.594198,40.996878],[-81.594189,40.996945],[-81.594211,40.998246],[-81.594275,40.998673],[-81.594325,40.999047],[-81.594306,40.99944],[-81.590573,40.999452],[-81.586009,40.999505],[-81.585204,40.998497],[-81.584439,40.997536],[-81.580778,40.997517],[-81.580714,40.997121],[-81.584112,40.997125],[-81.58231,40.994864],[-81.585213,40.994867],[-81.585186,40.994293],[-81.585093,40.992846],[-81.580705,40.992852],[-81.580538,40.992643],[-81.582248,40.991661],[-81.584348,40.991747],[-81.584338,40.99212],[-81.586372,40.992104],[-81.590139,40.992069],[-81.590148,40.988635],[-81.591549,40.988636],[-81.592046,40.988632],[-81.59217,40.988637],[-81.593067,40.988633],[-81.594798,40.988615],[-81.596208,40.988615],[-81.597418,40.988616],[-81.599842,40.988597],[-81.600551,40.988595],[-81.600809,40.988588],[-81.600727,40.988196],[-81.600348,40.986151],[-81.600319,40.985988],[-81.600294,40.98588],[-81.600276,40.985767],[-81.600272,40.985689],[-81.600271,40.985656],[-81.600275,40.985464],[-81.598725,40.984204],[-81.596182,40.98163],[-81.594469,40.980482],[-81.593993,40.980349],[-81.593925,40.97997],[-81.600462,40.980062],[-81.600481,40.979531],[-81.600528,40.978118],[-81.600571,40.977095],[-81.600585,40.976759],[-81.600613,40.975916],[-81.601899,40.977015],[-81.601927,40.977048],[-81.602235,40.977408],[-81.602694,40.977871],[-81.603429,40.978426],[-81.604073,40.978866],[-81.604594,40.97912],[-81.605328,40.979282],[-81.606094,40.979398],[-81.606761,40.97949],[-81.606994,40.979534],[-81.607255,40.979562],[-81.607312,40.979569],[-81.607652,40.979586],[-81.608491,40.9795],[-81.610601,40.979329],[-81.6106,40.980599],[-81.613049,40.980693],[-81.616245,40.980816],[-81.616273,40.979171],[-81.616612,40.979179],[-81.617388,40.979197],[-81.61807,40.979213],[-81.618647,40.979229],[-81.618512,40.980903],[-81.621145,40.981006],[-81.62111,40.981878],[-81.62099,40.984385],[-81.620989,40.984403],[-81.620978,40.984845],[-81.620972,40.98496],[-81.620915,40.985978],[-81.620897,40.986401],[-81.620885,40.986543],[-81.620874,40.986673],[-81.630029,40.986944],[-81.629987,40.988561],[-81.629438,40.988558],[-81.629315,40.988559],[-81.628813,40.988561],[-81.628624,40.988559],[-81.628277,40.988562],[-81.628061,40.988565],[-81.626755,40.988565],[-81.62569,40.988575],[-81.624553,40.988581],[-81.62325,40.988579],[-81.622628,40.98859],[-81.621978,40.988594],[-81.620645,40.988589],[-81.620418,40.98858],[-81.615585,40.988645],[-81.606153,40.988675],[-81.605444,40.988753],[-81.603964,40.988753],[-81.603006,40.988753],[-81.603342,40.989023],[-81.603664,40.989212],[-81.604994,40.990052],[-81.605,40.990073],[-81.605019,40.990125],[-81.60504,40.990177],[-81.605077,40.990253],[-81.605105,40.990303],[-81.605135,40.990351],[-81.605168,40.990399],[-81.605186,40.990423],[-81.605233,40.990458],[-81.605274,40.990497],[-81.605323,40.990563],[-81.605348,40.99061],[-81.605364,40.990659],[-81.605374,40.99069],[-81.605744,40.990953],[-81.607993,40.994603],[-81.608031,40.994601],[-81.60817,40.994602],[-81.608414,40.994619],[-81.608441,40.994621],[-81.60861,40.994645],[-81.608766,40.994679],[-81.608891,40.994716],[-81.609073,40.994783],[-81.609293,40.994892],[-81.609457,40.994988],[-81.610525,40.995044],[-81.610189,40.996385],[-81.610189,40.9965],[-81.61017,40.996969],[-81.610121,40.998138],[-81.610113,40.998311],[-81.61008,40.998759],[-81.609984,40.999426],[-81.609914,40.999808],[-81.609836,41.00014],[-81.609662,41.000687],[-81.609583,41.000898],[-81.609365,41.001432],[-81.609123,41.001971],[-81.608834,41.002687],[-81.608694,41.003058],[-81.60855,41.003046],[-81.608327,41.003027],[-81.607563,41.002974],[-81.607343,41.003952],[-81.607343,41.004152],[-81.607285,41.004331],[-81.607091,41.004843],[-81.606258,41.007081],[-81.605136,41.010717],[-81.605078,41.010692],[-81.605018,41.010675],[-81.604958,41.010664],[-81.604893,41.010654],[-81.604825,41.010638],[-81.604767,41.010608],[-81.604711,41.010591],[-81.604644,41.010572],[-81.604569,41.010559],[-81.604493,41.010545],[-81.604424,41.010534],[-81.604348,41.01053],[-81.604288,41.010527],[-81.604228,41.010525],[-81.604153,41.010519],[-81.604088,41.010511],[-81.604118,41.010436],[-81.603632,41.010428],[-81.602534,41.010421],[-81.6006,41.01041],[-81.600645,41.009589],[-81.600765,41.007934],[-81.598299,41.007918],[-81.597992,41.007912],[-81.598012,41.007205],[-81.59802,41.006622],[-81.598017,41.005391],[-81.598021,41.004955],[-81.596879,41.004947],[-81.595986,41.00495],[-81.59579,41.004952],[-81.595654,41.004948],[-81.595656,41.004824]]],[[[-81.583346,40.999537],[-81.582838,40.999546],[-81.582847,40.998489],[-81.583359,40.99849],[-81.583771,40.998493],[-81.583755,40.99953],[-81.583346,40.999537]]]]}},{"type":"Feature","properties":{"id":"BARBERTON 3-B","subdivision":"barberton"},"geometry":{"type":"Polygon","coordinates":[[[-81.590327,41.006523],[-81.590021,41.006532],[-81.590041,41.005673],[-81.590047,41.005344],[-81.589143,41.005345],[-81.587513,41.005348],[-81.586277,41.005356],[-81.585896,41.005358],[-81.585897,41.005851],[-81.585903,41.006503],[-81.585899,41.006574],[-81.585872,41.006704],[-81.585842,41.006774],[-81.585775,41.00689],[-81.585726,41.00695],[-81.585676,41.007],[-81.585523,41.00712],[-81.585658,41.007231],[-81.585708,41.007278],[-81.585747,41.007325],[-81.585781,41.007378],[-81.585815,41.007462],[-81.585823,41.007854],[-81.585755,41.008019],[-81.58561,41.008132],[-81.585302,41.008145],[-81.584995,41.008162],[-81.583993,41.008167],[-81.58391,41.008163],[-81.583857,41.008151],[-81.583816,41.008136],[-81.583776,41.008114],[-81.583746,41.008091],[-81.583714,41.008049],[-81.583695,41.008009],[-81.58369,41.007979],[-81.583686,41.007952],[-81.583683,41.007769],[-81.583688,41.007654],[-81.583704,41.007517],[-81.583722,41.007452],[-81.583777,41.007297],[-81.583798,41.007211],[-81.583809,41.007132],[-81.583811,41.007074],[-81.583806,41.006965],[-81.583787,41.006878],[-81.583773,41.006811],[-81.583697,41.006584],[-81.583682,41.0065],[-81.583677,41.006427],[-81.583679,41.006057],[-81.583689,41.006011],[-81.583714,41.005966],[-81.583758,41.005922],[-81.583811,41.005887],[-81.583879,41.005866],[-81.583948,41.005859],[-81.584022,41.005858],[-81.584652,41.005852],[-81.584652,41.005752],[-81.584705,41.005357],[-81.583304,41.005359],[-81.582389,41.00536],[-81.58102,41.005372],[-81.579188,41.005371],[-81.579181,41.004565],[-81.579189,41.004489],[-81.579201,41.004449],[-81.579225,41.004423],[-81.579262,41.004397],[-81.579311,41.004387],[-81.57992,41.004383],[-81.58064,41.004384],[-81.581307,41.004382],[-81.58146,41.004373],[-81.581578,41.00435],[-81.58169,41.004315],[-81.581795,41.004258],[-81.581869,41.004206],[-81.581947,41.004139],[-81.582003,41.004066],[-81.582041,41.003993],[-81.582061,41.003912],[-81.58207,41.003758],[-81.582062,41.003483],[-81.582059,41.003075],[-81.582065,41.002982],[-81.582097,41.002851],[-81.582235,41.002478],[-81.582253,41.002414],[-81.582269,41.002257],[-81.582268,41.001718],[-81.582258,41.001308],[-81.582248,41.000419],[-81.582244,40.999553],[-81.582838,40.999546],[-81.583346,40.999537],[-81.583755,40.99953],[-81.583884,40.999527],[-81.584267,40.999525],[-81.584837,40.999515],[-81.58519,40.999513],[-81.585524,40.999513],[-81.586009,40.999505],[-81.590573,40.999452],[-81.594306,40.99944],[-81.594325,40.999047],[-81.594275,40.998673],[-81.594211,40.998246],[-81.594189,40.996945],[-81.594198,40.996878],[-81.594347,40.996147],[-81.594338,40.995857],[-81.594365,40.995701],[-81.594734,40.995712],[-81.594873,40.995719],[-81.594959,40.99572],[-81.594963,40.995697],[-81.594973,40.995678],[-81.595005,40.995654],[-81.595037,40.995644],[-81.595073,40.99564],[-81.595974,40.995637],[-81.596783,40.995517],[-81.597464,40.995507],[-81.598,40.9954],[-81.598484,40.9954],[-81.598477,40.995659],[-81.59847,40.996754],[-81.597896,40.996753],[-81.597184,40.996755],[-81.596777,40.996756],[-81.595755,40.996759],[-81.595785,40.998125],[-81.595803,40.998997],[-81.595823,40.999951],[-81.595852,41.001411],[-81.595882,41.002586],[-81.595886,41.002865],[-81.595883,41.003378],[-81.595886,41.003752],[-81.595878,41.003861],[-81.595855,41.004023],[-81.595832,41.004131],[-81.595682,41.004662],[-81.595656,41.004824],[-81.595654,41.004948],[-81.595266,41.004952],[-81.59461,41.004935],[-81.593097,41.00493],[-81.592834,41.004939],[-81.592887,41.005061],[-81.592917,41.005114],[-81.59301,41.005244],[-81.593081,41.005333],[-81.593326,41.005587],[-81.593413,41.005687],[-81.593466,41.005755],[-81.593557,41.005897],[-81.593618,41.006038],[-81.593676,41.006231],[-81.593697,41.006326],[-81.593731,41.006543],[-81.590327,41.006523]]]}},{"type":"Feature","properties":{"id":"BARBERTON 3-C","subdivision":"barberton"},"geometry":{"type":"Polygon","coordinates":[[[-81.589927,41.009423],[-81.58991,41.010093],[-81.589913,41.010385],[-81.588281,41.010379],[-81.587342,41.010381],[-81.586301,41.010391],[-81.585039,41.010395],[-81.584165,41.010401],[-81.583279,41.010406],[-81.582021,41.010407],[-81.58123,41.010405],[-81.579888,41.010411],[-81.577754,41.010401],[-81.577231,41.010409],[-81.575611,41.010411],[-81.574168,41.01042],[-81.573763,41.010425],[-81.571937,41.010432],[-81.570837,41.010432],[-81.569914,41.010453],[-81.569882,41.010421],[-81.56971,41.010252],[-81.573741,41.010253],[-81.573845,41.007858],[-81.573841,41.003925],[-81.573841,41.003253],[-81.572542,41.003253],[-81.572536,40.999612],[-81.573133,40.999609],[-81.573324,40.999605],[-81.574968,40.9996],[-81.575909,40.999593],[-81.577189,40.999583],[-81.577567,40.999585],[-81.578478,40.999573],[-81.578609,40.999571],[-81.578891,40.999572],[-81.579001,40.999572],[-81.579284,40.99957],[-81.580559,40.999563],[-81.580979,40.999557],[-81.582244,40.999553],[-81.582248,41.000419],[-81.582258,41.001308],[-81.582268,41.001718],[-81.582269,41.002257],[-81.582253,41.002414],[-81.582235,41.002478],[-81.582097,41.002851],[-81.582065,41.002982],[-81.582059,41.003075],[-81.582062,41.003483],[-81.58207,41.003758],[-81.582061,41.003912],[-81.582041,41.003993],[-81.582003,41.004066],[-81.581947,41.004139],[-81.581869,41.004206],[-81.581795,41.004258],[-81.58169,41.004315],[-81.581578,41.00435],[-81.58146,41.004373],[-81.581307,41.004382],[-81.58064,41.004384],[-81.57992,41.004383],[-81.579311,41.004387],[-81.579262,41.004397],[-81.579225,41.004423],[-81.579201,41.004449],[-81.579189,41.004489],[-81.579181,41.004565],[-81.579188,41.005371],[-81.58102,41.005372],[-81.582389,41.00536],[-81.583304,41.005359],[-81.584705,41.005357],[-81.584652,41.005752],[-81.584652,41.005852],[-81.584022,41.005858],[-81.583948,41.005859],[-81.583879,41.005866],[-81.583811,41.005887],[-81.583758,41.005922],[-81.583714,41.005966],[-81.583689,41.006011],[-81.583679,41.006057],[-81.583677,41.006427],[-81.583682,41.0065],[-81.583697,41.006584],[-81.583773,41.006811],[-81.583787,41.006878],[-81.583806,41.006965],[-81.583811,41.007074],[-81.583809,41.007132],[-81.583798,41.007211],[-81.583777,41.007297],[-81.583722,41.007452],[-81.583704,41.007517],[-81.583688,41.007654],[-81.583683,41.007769],[-81.583686,41.007952],[-81.58369,41.007979],[-81.583695,41.008009],[-81.583714,41.008049],[-81.583746,41.008091],[-81.583776,41.008114],[-81.583816,41.008136],[-81.583857,41.008151],[-81.58391,41.008163],[-81.583993,41.008167],[-81.584995,41.008162],[-81.585302,41.008145],[-81.58561,41.008132],[-81.585755,41.008019],[-81.585823,41.007854],[-81.585815,41.007462],[-81.585781,41.007378],[-81.585747,41.007325],[-81.585708,41.007278],[-81.585658,41.007231],[-81.585523,41.00712],[-81.585676,41.007],[-81.585726,41.00695],[-81.585775,41.00689],[-81.585842,41.006774],[-81.585872,41.006704],[-81.585899,41.006574],[-81.585903,41.006503],[-81.585897,41.005851],[-81.585896,41.005358],[-81.586277,41.005356],[-81.587513,41.005348],[-81.589143,41.005345],[-81.590047,41.005344],[-81.590041,41.005673],[-81.590021,41.006532],[-81.590003,41.006921],[-81.58999,41.007524],[-81.589971,41.008029],[-81.589944,41.008788],[-81.589927,41.009423]]]}},{"type":"Feature","properties":{"id":"BARBERTON 4-A","subdivision":"barberton"},"geometry":{"type":"Polygon","coordinates":[[[-81.598732,41.028925],[-81.598739,41.028376],[-81.59876,41.027555],[-81.59876,41.027272],[-81.598768,41.026871],[-81.601411,41.026875],[-81.601736,41.026871],[-81.603522,41.026874],[-81.60354,41.02591],[-81.603563,41.02462],[-81.602515,41.024606],[-81.602525,41.02417],[-81.603577,41.024177],[-81.60463,41.024191],[-81.606137,41.024213],[-81.606566,41.024206],[-81.606602,41.023206],[-81.60661,41.023002],[-81.606614,41.022847],[-81.606631,41.022284],[-81.606653,41.021725],[-81.606677,41.021023],[-81.606689,41.020831],[-81.606712,41.020712],[-81.606715,41.020668],[-81.606725,41.020138],[-81.606737,41.01914],[-81.606741,41.018862],[-81.60675,41.018303],[-81.606761,41.017593],[-81.606234,41.017587],[-81.605055,41.017579],[-81.604939,41.017583],[-81.604868,41.017599],[-81.604807,41.017638],[-81.604783,41.017658],[-81.60479,41.017497],[-81.604861,41.017225],[-81.605014,41.016789],[-81.605167,41.016333],[-81.605301,41.015933],[-81.605591,41.015115],[-81.606005,41.013927],[-81.606082,41.013649],[-81.606268,41.013016],[-81.606333,41.012814],[-81.606509,41.012265],[-81.606559,41.01217],[-81.606618,41.012098],[-81.60668,41.012051],[-81.606761,41.012015],[-81.606859,41.011983],[-81.606979,41.011967],[-81.607589,41.011981],[-81.608764,41.012006],[-81.609144,41.012014],[-81.609855,41.012028],[-81.611548,41.012062],[-81.612548,41.012078],[-81.613766,41.012102],[-81.614871,41.012126],[-81.615068,41.01213],[-81.615505,41.012139],[-81.616185,41.012153],[-81.61647,41.012155],[-81.616541,41.012147],[-81.61675,41.012109],[-81.617003,41.012055],[-81.617633,41.01192],[-81.618233,41.01179],[-81.618226,41.012955],[-81.618143,41.017511],[-81.618147,41.017753],[-81.617344,41.019359],[-81.616141,41.021719],[-81.61541,41.023321],[-81.615357,41.023434],[-81.614733,41.024679],[-81.614244,41.025853],[-81.613843,41.025849],[-81.609645,41.025851],[-81.609448,41.029781],[-81.608976,41.029783],[-81.60597,41.02984],[-81.605972,41.029907],[-81.603437,41.029953],[-81.601843,41.029953],[-81.601943,41.028553],[-81.599241,41.028554],[-81.59917,41.029268],[-81.599107,41.029235],[-81.598997,41.029189],[-81.598776,41.029096],[-81.598754,41.029073],[-81.59874,41.029033],[-81.598732,41.028925]]]}},{"type":"Feature","properties":{"id":"BARBERTON 4-B","subdivision":"barberton"},"geometry":{"type":"Polygon","coordinates":[[[-81.593116,41.024075],[-81.593057,41.024034],[-81.59651,41.021153],[-81.600543,41.017642],[-81.604494,41.012799],[-81.604677,41.012796],[-81.604722,41.012793],[-81.604947,41.012398],[-81.605072,41.01216],[-81.605126,41.012072],[-81.605239,41.011854],[-81.605432,41.011455],[-81.605571,41.011146],[-81.605635,41.010987],[-81.606,41.011218],[-81.606066,41.011284],[-81.60611,41.011328],[-81.606351,41.01157],[-81.606504,41.011712],[-81.606556,41.011745],[-81.606979,41.011967],[-81.606859,41.011983],[-81.606761,41.012015],[-81.60668,41.012051],[-81.606618,41.012098],[-81.606559,41.01217],[-81.606509,41.012265],[-81.606333,41.012814],[-81.606268,41.013016],[-81.606082,41.013649],[-81.606005,41.013927],[-81.605591,41.015115],[-81.605301,41.015933],[-81.605167,41.016333],[-81.605014,41.016789],[-81.604861,41.017225],[-81.60479,41.017497],[-81.604783,41.017658],[-81.604807,41.017638],[-81.604868,41.017599],[-81.604939,41.017583],[-81.605055,41.017579],[-81.606234,41.017587],[-81.606761,41.017593],[-81.60675,41.018303],[-81.606741,41.018862],[-81.606737,41.01914],[-81.606725,41.020138],[-81.606715,41.020668],[-81.606712,41.020712],[-81.606689,41.020831],[-81.606677,41.021023],[-81.606653,41.021725],[-81.606631,41.022284],[-81.606614,41.022847],[-81.60661,41.023002],[-81.606602,41.023206],[-81.606566,41.024206],[-81.606137,41.024213],[-81.60463,41.024191],[-81.603577,41.024177],[-81.602525,41.02417],[-81.602515,41.024606],[-81.603563,41.02462],[-81.60354,41.02591],[-81.603522,41.026874],[-81.601736,41.026871],[-81.601411,41.026875],[-81.598768,41.026871],[-81.59876,41.027272],[-81.59876,41.027555],[-81.598739,41.028376],[-81.597684,41.028371],[-81.596633,41.028361],[-81.596612,41.029475],[-81.596596,41.029864],[-81.595553,41.029855],[-81.594508,41.029847],[-81.593452,41.029839],[-81.592392,41.029826],[-81.591329,41.02982],[-81.59142,41.029212],[-81.591459,41.028857],[-81.591506,41.028259],[-81.591501,41.028193],[-81.591471,41.028138],[-81.591392,41.028077],[-81.590947,41.027709],[-81.590832,41.027599],[-81.590794,41.027568],[-81.591329,41.027208],[-81.591515,41.027077],[-81.591581,41.027044],[-81.591623,41.027018],[-81.592263,41.02637],[-81.592969,41.025671],[-81.593539,41.025116],[-81.59364,41.025022],[-81.594075,41.024617],[-81.594108,41.024531],[-81.59419,41.024344],[-81.59427,41.02418],[-81.594284,41.024083],[-81.593811,41.024111],[-81.593664,41.024131],[-81.59356,41.024162],[-81.593456,41.02422],[-81.593385,41.024276],[-81.593244,41.024168],[-81.59322,41.024149],[-81.593116,41.024075]]]}},{"type":"Feature","properties":{"id":"BARBERTON 5-A","subdivision":"barberton"},"geometry":{"type":"Polygon","coordinates":[[[-81.627312,41.016367],[-81.627564,41.016361],[-81.627602,41.016349],[-81.62763,41.016328],[-81.627647,41.016297],[-81.627649,41.016253],[-81.627657,41.016096],[-81.627659,41.015425],[-81.62825,41.01544],[-81.628272,41.014277],[-81.628287,41.013815],[-81.628298,41.013337],[-81.62831,41.012978],[-81.628491,41.012982],[-81.629293,41.012993],[-81.62926,41.012957],[-81.629247,41.012912],[-81.629272,41.012193],[-81.629285,41.011392],[-81.628512,41.011379],[-81.628032,41.01137],[-81.628065,41.010257],[-81.628098,41.009119],[-81.628966,41.008782],[-81.629352,41.008632],[-81.630121,41.008339],[-81.630278,41.00828],[-81.630668,41.008135],[-81.631236,41.007915],[-81.631631,41.007759],[-81.63244,41.00744],[-81.632943,41.007242],[-81.633092,41.007191],[-81.634061,41.00682],[-81.63431,41.006725],[-81.634443,41.006684],[-81.634687,41.006627],[-81.636527,41.006256],[-81.637236,41.006107],[-81.63797,41.005944],[-81.638176,41.005895],[-81.638375,41.005833],[-81.638677,41.005719],[-81.638648,41.00812],[-81.638634,41.008403],[-81.638617,41.009626],[-81.638675,41.009626],[-81.638802,41.009651],[-81.638962,41.0097],[-81.639036,41.009733],[-81.639115,41.009779],[-81.639185,41.009833],[-81.639238,41.009884],[-81.639268,41.009921],[-81.639246,41.010553],[-81.639246,41.01465],[-81.639191,41.015514],[-81.639189,41.016067],[-81.638474,41.016066],[-81.63554,41.015992],[-81.634756,41.015972],[-81.634697,41.017797],[-81.633474,41.017797],[-81.633443,41.017797],[-81.630249,41.017795],[-81.630248,41.016898],[-81.628653,41.016884],[-81.628571,41.016842],[-81.628498,41.016908],[-81.627928,41.017405],[-81.627564,41.017722],[-81.627655,41.017819],[-81.627583,41.017813],[-81.626784,41.017808],[-81.626762,41.016999],[-81.626751,41.01636],[-81.627312,41.016367]]]}},{"type":"Feature","properties":{"id":"BARBERTON 5-B","subdivision":"barberton"},"geometry":{"type":"Polygon","coordinates":[[[-81.618226,41.012955],[-81.618233,41.01179],[-81.619513,41.011514],[-81.620741,41.011256],[-81.620865,41.01123],[-81.621449,41.011106],[-81.622038,41.010973],[-81.623218,41.010717],[-81.623312,41.010702],[-81.62359,41.010646],[-81.624095,41.010536],[-81.624621,41.010426],[-81.624765,41.010396],[-81.624833,41.010378],[-81.625316,41.01019],[-81.625891,41.009969],[-81.626368,41.009785],[-81.626575,41.009699],[-81.626831,41.009609],[-81.62739,41.0094],[-81.628098,41.009119],[-81.628065,41.010257],[-81.628032,41.01137],[-81.628512,41.011379],[-81.629285,41.011392],[-81.629272,41.012193],[-81.629247,41.012912],[-81.62926,41.012957],[-81.629293,41.012993],[-81.628491,41.012982],[-81.62831,41.012978],[-81.628298,41.013337],[-81.628287,41.013815],[-81.628272,41.014277],[-81.62825,41.01544],[-81.627659,41.015425],[-81.627657,41.016096],[-81.627649,41.016253],[-81.627647,41.016297],[-81.62763,41.016328],[-81.627602,41.016349],[-81.627564,41.016361],[-81.627312,41.016367],[-81.626751,41.01636],[-81.626762,41.016999],[-81.626784,41.017808],[-81.627583,41.017813],[-81.627655,41.017819],[-81.627745,41.018641],[-81.627769,41.018922],[-81.627048,41.01915],[-81.627056,41.019348],[-81.627054,41.020161],[-81.627059,41.020466],[-81.625284,41.020373],[-81.625265,41.020955],[-81.625143,41.025594],[-81.625128,41.025955],[-81.624832,41.025951],[-81.624554,41.025951],[-81.621588,41.025949],[-81.615832,41.025852],[-81.614244,41.025853],[-81.614733,41.024679],[-81.615357,41.023434],[-81.61541,41.023321],[-81.616141,41.021719],[-81.617344,41.019359],[-81.618147,41.017753],[-81.618143,41.017511],[-81.618226,41.012955]]]}},{"type":"Feature","properties":{"id":"BARBERTON 6-A","subdivision":"barberton"},"geometry":{"type":"Polygon","coordinates":[[[-81.604792,41.011832],[-81.605136,41.010717],[-81.606258,41.007081],[-81.607091,41.004843],[-81.607285,41.004331],[-81.607343,41.004152],[-81.607343,41.003952],[-81.607563,41.002974],[-81.608327,41.003027],[-81.60855,41.003046],[-81.608694,41.003058],[-81.608865,41.003072],[-81.609425,41.003122],[-81.609719,41.003149],[-81.609906,41.003161],[-81.610076,41.003165],[-81.610843,41.003168],[-81.611316,41.003179],[-81.611684,41.003193],[-81.612466,41.003234],[-81.612757,41.003245],[-81.613468,41.003259],[-81.614171,41.003259],[-81.614715,41.003253],[-81.615059,41.003244],[-81.615704,41.00322],[-81.616563,41.003176],[-81.616627,41.00317],[-81.616846,41.003119],[-81.619344,41.002172],[-81.619365,41.000174],[-81.619869,41.000154],[-81.622838,41.000208],[-81.625053,41.000251],[-81.625145,41.000253],[-81.626963,41.000256],[-81.629249,41.000353],[-81.630449,41.000353],[-81.63046,41.000158],[-81.630506,40.999969],[-81.630632,41.000008],[-81.631243,41.000141],[-81.631241,41.000239],[-81.63124,41.000354],[-81.632446,41.000353],[-81.633526,41.000354],[-81.636335,41.000458],[-81.636323,41.000818],[-81.638795,41.000835],[-81.638775,41.001631],[-81.639595,41.001648],[-81.640138,41.001659],[-81.640111,41.002445],[-81.640233,41.00245],[-81.640343,41.002465],[-81.640473,41.00251],[-81.640527,41.002548],[-81.640567,41.002592],[-81.640596,41.002643],[-81.640615,41.002696],[-81.64062,41.002749],[-81.640612,41.002928],[-81.640601,41.003261],[-81.640705,41.003263],[-81.641643,41.003285],[-81.641936,41.003197],[-81.642005,41.003175],[-81.642739,41.002944],[-81.643055,41.002847],[-81.642996,41.002708],[-81.643407,41.002117],[-81.64426,41.002116],[-81.644404,41.002116],[-81.644476,41.002121],[-81.644547,41.00212],[-81.644689,41.002104],[-81.644759,41.002091],[-81.644812,41.002056],[-81.644842,41.002006],[-81.644863,41.001954],[-81.644873,41.0019],[-81.644871,41.001846],[-81.644859,41.001792],[-81.644869,41.000953],[-81.644882,41.000089],[-81.644895,40.999295],[-81.647043,40.999311],[-81.647206,40.999307],[-81.647212,40.999628],[-81.647235,40.999793],[-81.647287,41.000015],[-81.647381,41.00023],[-81.647484,41.00043],[-81.647653,41.000669],[-81.647892,41.00095],[-81.648306,41.001451],[-81.648678,41.001943],[-81.648706,41.002041],[-81.64872,41.00213],[-81.648733,41.002288],[-81.647747,41.002308],[-81.64472,41.003749],[-81.644403,41.003743],[-81.643768,41.003724],[-81.643696,41.003714],[-81.643596,41.00368],[-81.643282,41.003822],[-81.643291,41.004513],[-81.642149,41.004943],[-81.639457,41.006112],[-81.639446,41.006253],[-81.639346,41.008253],[-81.639277,41.009731],[-81.639268,41.009921],[-81.639238,41.009884],[-81.639185,41.009833],[-81.639115,41.009779],[-81.639036,41.009733],[-81.638962,41.0097],[-81.638802,41.009651],[-81.638675,41.009626],[-81.638617,41.009626],[-81.638634,41.008403],[-81.638648,41.00812],[-81.638677,41.005719],[-81.638375,41.005833],[-81.638176,41.005895],[-81.63797,41.005944],[-81.637236,41.006107],[-81.636527,41.006256],[-81.634687,41.006627],[-81.634443,41.006684],[-81.63431,41.006725],[-81.634061,41.00682],[-81.633092,41.007191],[-81.632943,41.007242],[-81.63244,41.00744],[-81.631631,41.007759],[-81.631236,41.007915],[-81.630668,41.008135],[-81.630278,41.00828],[-81.630121,41.008339],[-81.629352,41.008632],[-81.628966,41.008782],[-81.628098,41.009119],[-81.62739,41.0094],[-81.626831,41.009609],[-81.626575,41.009699],[-81.626368,41.009785],[-81.625891,41.009969],[-81.625316,41.01019],[-81.624833,41.010378],[-81.624765,41.010396],[-81.624621,41.010426],[-81.624095,41.010536],[-81.62359,41.010646],[-81.623312,41.010702],[-81.623218,41.010717],[-81.622038,41.010973],[-81.621449,41.011106],[-81.620865,41.01123],[-81.620741,41.011256],[-81.619513,41.011514],[-81.618233,41.01179],[-81.617633,41.01192],[-81.617003,41.012055],[-81.61675,41.012109],[-81.616541,41.012147],[-81.61647,41.012155],[-81.616185,41.012153],[-81.615505,41.012139],[-81.615068,41.01213],[-81.614871,41.012126],[-81.613766,41.012102],[-81.612548,41.012078],[-81.611548,41.012062],[-81.609855,41.012028],[-81.609144,41.012014],[-81.608764,41.012006],[-81.607589,41.011981],[-81.606979,41.011967],[-81.606556,41.011745],[-81.606504,41.011712],[-81.606351,41.01157],[-81.60611,41.011328],[-81.606066,41.011284],[-81.606,41.011218],[-81.605635,41.010987],[-81.605571,41.011146],[-81.605432,41.011455],[-81.605239,41.011854],[-81.605126,41.012072],[-81.605072,41.01216],[-81.604947,41.012398],[-81.604722,41.012793],[-81.604677,41.012796],[-81.604494,41.012799],[-81.604792,41.011832]]]}},{"type":"Feature","properties":{"id":"BARBERTON 6-B","subdivision":"barberton"},"geometry":{"type":"Polygon","coordinates":[[[-81.636323,41.000818],[-81.636335,41.000458],[-81.638249,41.000472],[-81.638254,41.00034],[-81.638261,41.000153],[-81.63858,40.997853],[-81.638563,40.997792],[-81.63853,40.997676],[-81.638446,40.997422],[-81.63833,40.997106],[-81.638201,40.996795],[-81.637862,40.996051],[-81.63778,40.99587],[-81.637737,40.995773],[-81.637435,40.995097],[-81.636899,40.993914],[-81.636866,40.993844],[-81.638046,40.993853],[-81.637446,40.991853],[-81.638146,40.991853],[-81.638146,40.990753],[-81.637746,40.990853],[-81.637849,40.98857],[-81.639078,40.988568],[-81.63968,40.988565],[-81.639906,40.988563],[-81.642712,40.988568],[-81.64287,40.988568],[-81.643324,40.988567],[-81.644191,40.988555],[-81.645934,40.988555],[-81.646849,40.988558],[-81.646846,40.9917],[-81.646846,40.991853],[-81.646938,40.992563],[-81.646986,40.992559],[-81.648355,40.99256],[-81.648567,40.992523],[-81.648782,40.992745],[-81.649212,40.993161],[-81.649316,40.993317],[-81.649357,40.99346],[-81.649365,40.993487],[-81.649353,40.993654],[-81.650547,40.993653],[-81.650647,40.995953],[-81.649947,40.995853],[-81.649947,40.995913],[-81.649947,40.996753],[-81.649947,40.999552],[-81.649852,40.999552],[-81.649829,41.000577],[-81.649556,41.000749],[-81.649489,41.000791],[-81.649095,41.001033],[-81.649872,41.001745],[-81.648706,41.002041],[-81.648678,41.001943],[-81.648306,41.001451],[-81.647892,41.00095],[-81.647653,41.000669],[-81.647484,41.00043],[-81.647381,41.00023],[-81.647287,41.000015],[-81.647235,40.999793],[-81.647212,40.999628],[-81.647206,40.999307],[-81.647043,40.999311],[-81.644895,40.999295],[-81.644882,41.000089],[-81.644869,41.000953],[-81.644859,41.001792],[-81.644871,41.001846],[-81.644873,41.0019],[-81.644863,41.001954],[-81.644842,41.002006],[-81.644812,41.002056],[-81.644759,41.002091],[-81.644689,41.002104],[-81.644547,41.00212],[-81.644476,41.002121],[-81.644404,41.002116],[-81.64426,41.002116],[-81.643407,41.002117],[-81.642996,41.002708],[-81.643055,41.002847],[-81.642739,41.002944],[-81.642005,41.003175],[-81.641936,41.003197],[-81.641643,41.003285],[-81.640705,41.003263],[-81.640601,41.003261],[-81.640612,41.002928],[-81.64062,41.002749],[-81.640615,41.002696],[-81.640596,41.002643],[-81.640567,41.002592],[-81.640527,41.002548],[-81.640473,41.00251],[-81.640343,41.002465],[-81.640233,41.00245],[-81.640111,41.002445],[-81.640138,41.001659],[-81.639595,41.001648],[-81.638775,41.001631],[-81.638795,41.000835],[-81.636323,41.000818]]]}},{"type":"Feature","properties":{"id":"BATH TWP A","subdivision":"bath"},"geometry":{"type":"Polygon","coordinates":[[[-81.686227,41.1771],[-81.686217,41.177544],[-81.686205,41.178105],[-81.68618,41.179346],[-81.686179,41.179415],[-81.686169,41.179906],[-81.686162,41.180252],[-81.686149,41.18098],[-81.686147,41.181101],[-81.686144,41.181302],[-81.686125,41.182388],[-81.68612,41.182655],[-81.686107,41.183425],[-81.686104,41.183603],[-81.686089,41.1845],[-81.686073,41.185755],[-81.68606,41.186915],[-81.686055,41.18732],[-81.68605,41.187848],[-81.686049,41.187976],[-81.686045,41.188316],[-81.686008,41.188347],[-81.685977,41.188373],[-81.685952,41.188394],[-81.68573,41.199091],[-81.685703,41.200451],[-81.685714,41.20057],[-81.685717,41.200608],[-81.685729,41.200755],[-81.685735,41.200817],[-81.685743,41.200902],[-81.685747,41.200953],[-81.685646,41.201955],[-81.685645,41.20213],[-81.684328,41.20213],[-81.683175,41.202119],[-81.682443,41.20212],[-81.681456,41.20212],[-81.681004,41.202122],[-81.680501,41.202125],[-81.680104,41.202123],[-81.678484,41.202118],[-81.676782,41.202121],[-81.676502,41.20212],[-81.675901,41.202119],[-81.672897,41.202117],[-81.671631,41.202117],[-81.66663,41.202119],[-81.666093,41.20212],[-81.665526,41.202116],[-81.663,41.202131],[-81.661745,41.202135],[-81.660091,41.202147],[-81.658256,41.202156],[-81.657549,41.202166],[-81.654731,41.202186],[-81.65443,41.202186],[-81.654001,41.202186],[-81.653168,41.202192],[-81.65325,41.201959],[-81.652346,41.199353],[-81.651046,41.198753],[-81.651046,41.197352],[-81.650746,41.197252],[-81.651246,41.196152],[-81.651447,41.19345],[-81.652747,41.192849],[-81.652547,41.191349],[-81.653348,41.190247],[-81.652917,41.188882],[-81.652548,41.188147],[-81.647147,41.185549],[-81.645946,41.185449],[-81.645146,41.184349],[-81.639745,41.180651],[-81.639945,41.179651],[-81.636744,41.176952],[-81.63657,41.176952],[-81.636583,41.176567],[-81.63659,41.175551],[-81.636644,41.174797],[-81.636709,41.174056],[-81.636778,41.173082],[-81.636849,41.172204],[-81.636881,41.171669],[-81.636884,41.171258],[-81.636843,41.170059],[-81.636849,41.169687],[-81.636839,41.16899],[-81.637324,41.168989],[-81.638128,41.168995],[-81.639814,41.168995],[-81.640774,41.168987],[-81.642466,41.168975],[-81.642964,41.168973],[-81.644808,41.168967],[-81.645282,41.16897],[-81.646684,41.168969],[-81.647362,41.168967],[-81.648222,41.168965],[-81.6485,41.168966],[-81.648834,41.168968],[-81.648446,41.16976],[-81.648745,41.170552],[-81.651145,41.171952],[-81.653546,41.174153],[-81.657446,41.174255],[-81.65776,41.174569],[-81.657772,41.17456],[-81.657868,41.174531],[-81.657982,41.174535],[-81.658049,41.174544],[-81.658109,41.174566],[-81.658159,41.174596],[-81.658209,41.174632],[-81.658253,41.17467],[-81.658295,41.174703],[-81.658366,41.174764],[-81.658411,41.174797],[-81.658462,41.174829],[-81.658515,41.174861],[-81.658579,41.174878],[-81.658695,41.174867],[-81.658753,41.174849],[-81.658812,41.174826],[-81.658872,41.174802],[-81.658934,41.17478],[-81.659036,41.174739],[-81.659111,41.174694],[-81.659169,41.174674],[-81.659351,41.174581],[-81.659551,41.174646],[-81.660645,41.174658],[-81.660673,41.173572],[-81.660687,41.17303],[-81.66067,41.172923],[-81.660634,41.172819],[-81.660579,41.172719],[-81.660506,41.172627],[-81.660404,41.172533],[-81.660044,41.172311],[-81.65949,41.171996],[-81.659355,41.171928],[-81.659241,41.171881],[-81.659082,41.171842],[-81.658473,41.171785],[-81.658347,41.171767],[-81.658217,41.171732],[-81.658082,41.171686],[-81.657897,41.171608],[-81.657699,41.171509],[-81.657523,41.171409],[-81.657165,41.171169],[-81.656958,41.171012],[-81.656832,41.170887],[-81.656726,41.170769],[-81.65662,41.170624],[-81.656529,41.17044],[-81.656478,41.170288],[-81.656447,41.170133],[-81.656439,41.170002],[-81.656445,41.169871],[-81.656477,41.169693],[-81.656531,41.169493],[-81.656569,41.169326],[-81.656593,41.169148],[-81.656598,41.168965],[-81.659119,41.168966],[-81.661478,41.168958],[-81.661641,41.168958],[-81.663344,41.168963],[-81.664569,41.168967],[-81.665848,41.168965],[-81.66624,41.168965],[-81.668892,41.168963],[-81.670016,41.168956],[-81.675031,41.168931],[-81.677246,41.168912],[-81.678089,41.168906],[-81.678664,41.168903],[-81.680905,41.168905],[-81.681147,41.168905],[-81.683008,41.168905],[-81.684019,41.168925],[-81.684303,41.168931],[-81.684549,41.168929],[-81.684793,41.168911],[-81.685034,41.168878],[-81.685272,41.168828],[-81.686026,41.168635],[-81.686387,41.168554],[-81.686356,41.170082],[-81.686342,41.17074],[-81.686286,41.173537],[-81.686275,41.174431],[-81.686265,41.175257],[-81.686234,41.17675],[-81.686227,41.1771]]]}},{"type":"Feature","properties":{"id":"BATH TWP B","subdivision":"bath"},"geometry":{"type":"Polygon","coordinates":[[[-81.65325,41.201959],[-81.653168,41.202192],[-81.651818,41.202202],[-81.649929,41.202216],[-81.649262,41.202221],[-81.648964,41.202224],[-81.647792,41.202229],[-81.647688,41.202229],[-81.647389,41.202231],[-81.645191,41.202247],[-81.644644,41.202251],[-81.643204,41.202254],[-81.641786,41.202262],[-81.641582,41.202264],[-81.638966,41.202285],[-81.638033,41.202285],[-81.63756,41.2023],[-81.637235,41.202295],[-81.636542,41.202296],[-81.635863,41.202304],[-81.63502,41.202309],[-81.634574,41.202312],[-81.633201,41.202331],[-81.632529,41.202336],[-81.631843,41.202339],[-81.63051,41.202352],[-81.629909,41.202358],[-81.625984,41.202401],[-81.625836,41.202402],[-81.625426,41.202405],[-81.622699,41.20243],[-81.622337,41.20243],[-81.621496,41.202442],[-81.618728,41.202466],[-81.618252,41.202464],[-81.616643,41.202481],[-81.616086,41.202483],[-81.614259,41.202507],[-81.612952,41.202521],[-81.61272,41.202524],[-81.611441,41.202531],[-81.611385,41.202531],[-81.609661,41.202549],[-81.608788,41.20255],[-81.607086,41.202571],[-81.606536,41.202572],[-81.606458,41.202573],[-81.605945,41.20258],[-81.605244,41.202581],[-81.604588,41.202587],[-81.604402,41.202593],[-81.604175,41.202609],[-81.597741,41.202653],[-81.590441,41.202653],[-81.586641,41.202653],[-81.586542,41.196232],[-81.586741,41.182053],[-81.586753,41.181974],[-81.586818,41.181542],[-81.586839,41.181407],[-81.587078,41.181328],[-81.587253,41.181265],[-81.587619,41.181123],[-81.587924,41.180989],[-81.58849,41.180717],[-81.588758,41.180546],[-81.588979,41.180365],[-81.589151,41.180182],[-81.589237,41.180074],[-81.589474,41.17968],[-81.589689,41.179364],[-81.590023,41.178947],[-81.59011,41.178778],[-81.5903,41.178433],[-81.590347,41.178367],[-81.590414,41.178306],[-81.590477,41.178261],[-81.590574,41.178204],[-81.590697,41.178156],[-81.590818,41.178117],[-81.592083,41.177885],[-81.592337,41.177828],[-81.592469,41.177779],[-81.592587,41.177729],[-81.592702,41.177649],[-81.592782,41.17755],[-81.592859,41.177411],[-81.593023,41.176843],[-81.59311,41.176507],[-81.593285,41.175916],[-81.593439,41.175322],[-81.593471,41.175129],[-81.593481,41.174907],[-81.59349,41.174233],[-81.593509,41.173867],[-81.593543,41.173749],[-81.593605,41.173652],[-81.593672,41.173569],[-81.593756,41.173514],[-81.59386,41.173479],[-81.594028,41.173462],[-81.594633,41.173446],[-81.596101,41.173428],[-81.596454,41.173416],[-81.596611,41.173385],[-81.596761,41.173343],[-81.596879,41.17329],[-81.597012,41.173211],[-81.597199,41.173075],[-81.597551,41.172782],[-81.597739,41.172639],[-81.597869,41.172552],[-81.598008,41.172477],[-81.598148,41.172425],[-81.598255,41.17239],[-81.598359,41.172367],[-81.59858,41.172342],[-81.599443,41.172233],[-81.599747,41.172177],[-81.599962,41.172561],[-81.600053,41.172706],[-81.6002,41.17292],[-81.600337,41.173104],[-81.600673,41.173516],[-81.600865,41.173738],[-81.601054,41.173938],[-81.601873,41.174761],[-81.602029,41.174935],[-81.60214,41.175081],[-81.602214,41.175189],[-81.602419,41.175512],[-81.602486,41.175605],[-81.602565,41.175731],[-81.602604,41.17583],[-81.602594,41.176933],[-81.602586,41.177359],[-81.602585,41.177773],[-81.60258,41.178311],[-81.602549,41.180227],[-81.602542,41.180562],[-81.602508,41.180793],[-81.602468,41.180918],[-81.602426,41.181027],[-81.602278,41.181254],[-81.602195,41.181359],[-81.601895,41.18167],[-81.601745,41.18189],[-81.601681,41.182006],[-81.601615,41.182177],[-81.601567,41.182348],[-81.601552,41.182443],[-81.601542,41.182774],[-81.601571,41.183401],[-81.603484,41.183387],[-81.603927,41.183374],[-81.604437,41.183374],[-81.605003,41.183359],[-81.605194,41.183364],[-81.605383,41.183378],[-81.605576,41.183409],[-81.605756,41.183453],[-81.605856,41.183495],[-81.605957,41.18356],[-81.606084,41.183652],[-81.606219,41.183771],[-81.606334,41.183891],[-81.606393,41.183985],[-81.606433,41.184068],[-81.606454,41.184129],[-81.606469,41.184255],[-81.606473,41.184335],[-81.606453,41.184848],[-81.606448,41.185138],[-81.606431,41.186045],[-81.606427,41.186766],[-81.606401,41.188218],[-81.606754,41.188338],[-81.607002,41.188438],[-81.60735,41.188599],[-81.607777,41.188803],[-81.608224,41.189006],[-81.608323,41.189043],[-81.608449,41.189083],[-81.608579,41.189116],[-81.608739,41.189144],[-81.608847,41.189159],[-81.609057,41.189172],[-81.609266,41.189178],[-81.609475,41.189178],[-81.610822,41.189141],[-81.61106,41.189125],[-81.611258,41.189101],[-81.611442,41.189072],[-81.611529,41.189051],[-81.611767,41.188975],[-81.611921,41.188916],[-81.612032,41.188868],[-81.612487,41.18865],[-81.612726,41.188529],[-81.613279,41.188257],[-81.61334,41.188234],[-81.613417,41.188215],[-81.613484,41.188204],[-81.613551,41.188199],[-81.613649,41.188203],[-81.613755,41.188219],[-81.613858,41.188246],[-81.613955,41.188283],[-81.614193,41.188404],[-81.614576,41.188629],[-81.614814,41.188763],[-81.61509,41.188907],[-81.61516,41.188937],[-81.615261,41.188973],[-81.615324,41.188993],[-81.61542,41.189017],[-81.615517,41.189036],[-81.615616,41.18905],[-81.615776,41.18906],[-81.616349,41.189061],[-81.617365,41.189059],[-81.619238,41.189054],[-81.619645,41.18905],[-81.620553,41.189041],[-81.625406,41.189014],[-81.625821,41.189009],[-81.626161,41.189005],[-81.627949,41.188994],[-81.628792,41.188994],[-81.631843,41.188973],[-81.631893,41.188973],[-81.632857,41.188961],[-81.63328,41.188957],[-81.635536,41.188939],[-81.636382,41.188936],[-81.63638,41.187967],[-81.636397,41.187576],[-81.636397,41.186938],[-81.636419,41.185797],[-81.636427,41.18505],[-81.636562,41.185046],[-81.636636,41.185048],[-81.636752,41.185047],[-81.636941,41.185034],[-81.637001,41.185031],[-81.637117,41.185022],[-81.637227,41.185013],[-81.637342,41.185005],[-81.637405,41.184998],[-81.637472,41.184988],[-81.637543,41.184977],[-81.637675,41.184959],[-81.637797,41.184942],[-81.637929,41.184929],[-81.638067,41.184917],[-81.638133,41.184909],[-81.638262,41.184893],[-81.638332,41.184887],[-81.638399,41.184885],[-81.638465,41.184892],[-81.638529,41.184906],[-81.638586,41.184932],[-81.638637,41.18496],[-81.638689,41.184991],[-81.638739,41.185023],[-81.638785,41.185054],[-81.63883,41.185085],[-81.638914,41.185138],[-81.638978,41.185179],[-81.639028,41.185211],[-81.639036,41.185216],[-81.639098,41.185252],[-81.639152,41.185283],[-81.63927,41.185359],[-81.639331,41.1854],[-81.639393,41.185443],[-81.639459,41.185487],[-81.639588,41.185574],[-81.63965,41.185618],[-81.639769,41.185705],[-81.639828,41.185749],[-81.639889,41.185794],[-81.640167,41.185981],[-81.640246,41.186028],[-81.640321,41.186073],[-81.640394,41.186114],[-81.640468,41.186154],[-81.640548,41.186191],[-81.640618,41.186226],[-81.640686,41.18626],[-81.640754,41.18629],[-81.640819,41.18632],[-81.64088,41.186346],[-81.640935,41.186369],[-81.641028,41.186413],[-81.641204,41.186352],[-81.641304,41.186312],[-81.641365,41.186294],[-81.641419,41.186271],[-81.641472,41.186244],[-81.641526,41.186216],[-81.641579,41.186187],[-81.641635,41.186161],[-81.641699,41.18614],[-81.641773,41.186125],[-81.641853,41.186121],[-81.641936,41.186125],[-81.642023,41.186141],[-81.642106,41.186161],[-81.642184,41.186189],[-81.642251,41.186228],[-81.642308,41.186275],[-81.642358,41.186328],[-81.642399,41.186382],[-81.642434,41.18643],[-81.642469,41.186473],[-81.642548,41.18654],[-81.642591,41.186578],[-81.642689,41.18663],[-81.642779,41.186681],[-81.642862,41.186739],[-81.642919,41.186811],[-81.642946,41.186863],[-81.642983,41.186946],[-81.643039,41.187014],[-81.64309,41.187041],[-81.643187,41.187098],[-81.643234,41.18713],[-81.643289,41.187152],[-81.643352,41.187178],[-81.643411,41.1872],[-81.643475,41.187228],[-81.643533,41.187256],[-81.643597,41.18729],[-81.643651,41.187328],[-81.643695,41.18737],[-81.643722,41.187424],[-81.643764,41.18746],[-81.643803,41.187503],[-81.643838,41.187545],[-81.643873,41.187586],[-81.643889,41.18764],[-81.643893,41.187697],[-81.643896,41.187746],[-81.643895,41.187837],[-81.643896,41.187884],[-81.643899,41.187979],[-81.643896,41.188027],[-81.643896,41.188076],[-81.643889,41.188123],[-81.643877,41.188168],[-81.643858,41.188214],[-81.64383,41.18826],[-81.643795,41.188306],[-81.643737,41.18835],[-81.643693,41.188385],[-81.643616,41.188448],[-81.643574,41.188488],[-81.643542,41.188532],[-81.643524,41.188577],[-81.643513,41.188665],[-81.643514,41.188732],[-81.643513,41.188805],[-81.643495,41.188849],[-81.643468,41.188913],[-81.644897,41.188909],[-81.645239,41.188905],[-81.645868,41.188907],[-81.646022,41.188906],[-81.646919,41.188904],[-81.647242,41.188899],[-81.647537,41.188895],[-81.649153,41.188887],[-81.651472,41.188884],[-81.652322,41.188885],[-81.652917,41.188882],[-81.653348,41.190247],[-81.652547,41.191349],[-81.652747,41.192849],[-81.651447,41.19345],[-81.651246,41.196152],[-81.650746,41.197252],[-81.651046,41.197352],[-81.651046,41.198753],[-81.652346,41.199353],[-81.65325,41.201959]]]}},{"type":"Feature","properties":{"id":"BATH TWP C","subdivision":"bath"},"geometry":{"type":"Polygon","coordinates":[[[-81.636583,41.176567],[-81.63657,41.176952],[-81.636744,41.176952],[-81.639945,41.179651],[-81.639745,41.180651],[-81.645146,41.184349],[-81.645946,41.185449],[-81.647147,41.185549],[-81.652548,41.188147],[-81.652917,41.188882],[-81.652322,41.188885],[-81.651472,41.188884],[-81.649153,41.188887],[-81.647537,41.188895],[-81.647242,41.188899],[-81.646919,41.188904],[-81.646022,41.188906],[-81.645868,41.188907],[-81.645239,41.188905],[-81.644897,41.188909],[-81.643468,41.188913],[-81.643495,41.188849],[-81.643513,41.188805],[-81.643514,41.188732],[-81.643513,41.188665],[-81.643524,41.188577],[-81.643542,41.188532],[-81.643574,41.188488],[-81.643616,41.188448],[-81.643693,41.188385],[-81.643737,41.18835],[-81.643795,41.188306],[-81.64383,41.18826],[-81.643858,41.188214],[-81.643877,41.188168],[-81.643889,41.188123],[-81.643896,41.188076],[-81.643896,41.188027],[-81.643899,41.187979],[-81.643896,41.187884],[-81.643895,41.187837],[-81.643896,41.187746],[-81.643893,41.187697],[-81.643889,41.18764],[-81.643873,41.187586],[-81.643838,41.187545],[-81.643803,41.187503],[-81.643764,41.18746],[-81.643722,41.187424],[-81.643695,41.18737],[-81.643651,41.187328],[-81.643597,41.18729],[-81.643533,41.187256],[-81.643475,41.187228],[-81.643411,41.1872],[-81.643352,41.187178],[-81.643289,41.187152],[-81.643234,41.18713],[-81.643187,41.187098],[-81.64309,41.187041],[-81.643039,41.187014],[-81.642983,41.186946],[-81.642946,41.186863],[-81.642919,41.186811],[-81.642862,41.186739],[-81.642779,41.186681],[-81.642689,41.18663],[-81.642591,41.186578],[-81.642548,41.18654],[-81.642469,41.186473],[-81.642434,41.18643],[-81.642399,41.186382],[-81.642358,41.186328],[-81.642308,41.186275],[-81.642251,41.186228],[-81.642184,41.186189],[-81.642106,41.186161],[-81.642023,41.186141],[-81.641936,41.186125],[-81.641853,41.186121],[-81.641773,41.186125],[-81.641699,41.18614],[-81.641635,41.186161],[-81.641579,41.186187],[-81.641526,41.186216],[-81.641472,41.186244],[-81.641419,41.186271],[-81.641365,41.186294],[-81.641304,41.186312],[-81.641204,41.186352],[-81.641028,41.186413],[-81.640935,41.186369],[-81.64088,41.186346],[-81.640819,41.18632],[-81.640754,41.18629],[-81.640686,41.18626],[-81.640618,41.186226],[-81.640548,41.186191],[-81.640468,41.186154],[-81.640394,41.186114],[-81.640321,41.186073],[-81.640246,41.186028],[-81.640167,41.185981],[-81.639889,41.185794],[-81.639828,41.185749],[-81.639769,41.185705],[-81.63965,41.185618],[-81.639588,41.185574],[-81.639459,41.185487],[-81.639393,41.185443],[-81.639331,41.1854],[-81.63927,41.185359],[-81.639152,41.185283],[-81.639098,41.185252],[-81.639036,41.185216],[-81.639028,41.185211],[-81.638978,41.185179],[-81.638914,41.185138],[-81.63883,41.185085],[-81.638785,41.185054],[-81.638739,41.185023],[-81.638689,41.184991],[-81.638637,41.18496],[-81.638586,41.184932],[-81.638529,41.184906],[-81.638465,41.184892],[-81.638399,41.184885],[-81.638332,41.184887],[-81.638262,41.184893],[-81.638133,41.184909],[-81.638067,41.184917],[-81.637929,41.184929],[-81.637797,41.184942],[-81.637675,41.184959],[-81.637543,41.184977],[-81.637472,41.184988],[-81.637405,41.184998],[-81.637342,41.185005],[-81.637227,41.185013],[-81.637117,41.185022],[-81.637001,41.185031],[-81.636941,41.185034],[-81.636752,41.185047],[-81.636636,41.185048],[-81.636562,41.185046],[-81.636427,41.18505],[-81.636419,41.185797],[-81.636397,41.186938],[-81.636397,41.187576],[-81.63638,41.187967],[-81.636382,41.188936],[-81.635536,41.188939],[-81.63328,41.188957],[-81.632857,41.188961],[-81.631893,41.188973],[-81.631843,41.188973],[-81.628792,41.188994],[-81.627949,41.188994],[-81.626161,41.189005],[-81.625821,41.189009],[-81.625406,41.189014],[-81.620553,41.189041],[-81.619645,41.18905],[-81.619238,41.189054],[-81.617365,41.189059],[-81.616349,41.189061],[-81.615776,41.18906],[-81.615616,41.18905],[-81.615517,41.189036],[-81.61542,41.189017],[-81.615324,41.188993],[-81.615261,41.188973],[-81.61516,41.188937],[-81.61509,41.188907],[-81.614814,41.188763],[-81.614576,41.188629],[-81.614193,41.188404],[-81.613955,41.188283],[-81.613858,41.188246],[-81.613755,41.188219],[-81.613649,41.188203],[-81.613551,41.188199],[-81.613484,41.188204],[-81.613417,41.188215],[-81.61334,41.188234],[-81.613279,41.188257],[-81.612726,41.188529],[-81.612487,41.18865],[-81.612032,41.188868],[-81.611921,41.188916],[-81.611767,41.188975],[-81.611529,41.189051],[-81.611442,41.189072],[-81.611258,41.189101],[-81.61106,41.189125],[-81.610822,41.189141],[-81.609475,41.189178],[-81.609266,41.189178],[-81.609057,41.189172],[-81.608847,41.189159],[-81.608739,41.189144],[-81.608579,41.189116],[-81.608449,41.189083],[-81.608323,41.189043],[-81.608224,41.189006],[-81.607777,41.188803],[-81.60735,41.188599],[-81.607002,41.188438],[-81.606754,41.188338],[-81.606401,41.188218],[-81.606427,41.186766],[-81.606431,41.186045],[-81.606448,41.185138],[-81.606453,41.184848],[-81.606473,41.184335],[-81.606469,41.184255],[-81.606454,41.184129],[-81.606433,41.184068],[-81.606393,41.183985],[-81.606334,41.183891],[-81.606219,41.183771],[-81.606084,41.183652],[-81.605957,41.18356],[-81.605856,41.183495],[-81.605756,41.183453],[-81.605576,41.183409],[-81.605383,41.183378],[-81.605194,41.183364],[-81.605003,41.183359],[-81.604437,41.183374],[-81.603927,41.183374],[-81.603484,41.183387],[-81.601571,41.183401],[-81.601542,41.182774],[-81.601552,41.182443],[-81.601567,41.182348],[-81.601615,41.182177],[-81.601681,41.182006],[-81.601745,41.18189],[-81.601895,41.18167],[-81.602195,41.181359],[-81.602278,41.181254],[-81.602426,41.181027],[-81.602468,41.180918],[-81.602508,41.180793],[-81.602542,41.180562],[-81.602549,41.180227],[-81.60258,41.178311],[-81.602585,41.177773],[-81.602586,41.177359],[-81.602594,41.176933],[-81.602604,41.17583],[-81.602565,41.175731],[-81.602486,41.175605],[-81.602419,41.175512],[-81.602214,41.175189],[-81.60214,41.175081],[-81.602029,41.174935],[-81.601873,41.174761],[-81.601054,41.173938],[-81.600865,41.173738],[-81.600673,41.173516],[-81.600337,41.173104],[-81.6002,41.17292],[-81.600053,41.172706],[-81.599962,41.172561],[-81.599747,41.172177],[-81.599443,41.172233],[-81.59858,41.172342],[-81.598359,41.172367],[-81.598255,41.17239],[-81.598148,41.172425],[-81.598008,41.172477],[-81.597869,41.172552],[-81.597739,41.172639],[-81.597551,41.172782],[-81.597199,41.173075],[-81.597012,41.173211],[-81.596879,41.17329],[-81.596761,41.173343],[-81.596611,41.173385],[-81.596454,41.173416],[-81.596101,41.173428],[-81.594633,41.173446],[-81.594028,41.173462],[-81.59386,41.173479],[-81.593756,41.173514],[-81.593672,41.173569],[-81.593605,41.173652],[-81.593543,41.173749],[-81.593509,41.173867],[-81.59349,41.174233],[-81.593481,41.174907],[-81.593471,41.175129],[-81.593439,41.175322],[-81.593285,41.175916],[-81.59311,41.176507],[-81.593023,41.176843],[-81.592859,41.177411],[-81.592782,41.17755],[-81.592702,41.177649],[-81.592587,41.177729],[-81.592469,41.177779],[-81.592337,41.177828],[-81.592083,41.177885],[-81.590818,41.178117],[-81.590697,41.178156],[-81.590574,41.178204],[-81.590477,41.178261],[-81.590414,41.178306],[-81.590347,41.178367],[-81.5903,41.178433],[-81.59011,41.178778],[-81.590023,41.178947],[-81.589689,41.179364],[-81.589474,41.17968],[-81.589237,41.180074],[-81.589151,41.180182],[-81.588979,41.180365],[-81.588758,41.180546],[-81.58849,41.180717],[-81.587924,41.180989],[-81.587619,41.181123],[-81.587253,41.181265],[-81.587078,41.181328],[-81.586839,41.181407],[-81.586893,41.176655],[-81.586929,41.173453],[-81.587051,41.163394],[-81.587141,41.162853],[-81.587196,41.160873],[-81.587625,41.160899],[-81.587867,41.160927],[-81.588027,41.160951],[-81.588272,41.161001],[-81.588433,41.161041],[-81.589096,41.161238],[-81.589646,41.161414],[-81.589919,41.161508],[-81.590045,41.16156],[-81.590167,41.161616],[-81.590405,41.161747],[-81.590631,41.161874],[-81.590849,41.161979],[-81.590903,41.162],[-81.591017,41.162035],[-81.591134,41.162065],[-81.591296,41.162095],[-81.591398,41.162109],[-81.591502,41.162117],[-81.591607,41.16212],[-81.591831,41.162119],[-81.592095,41.162105],[-81.592641,41.162063],[-81.593591,41.162004],[-81.593831,41.161976],[-81.594098,41.161929],[-81.594229,41.161891],[-81.594358,41.161845],[-81.594508,41.161779],[-81.594976,41.161567],[-81.595103,41.161514],[-81.595234,41.161467],[-81.595436,41.161405],[-81.595847,41.161314],[-81.596331,41.161213],[-81.596586,41.161147],[-81.59684,41.161071],[-81.596941,41.161038],[-81.597144,41.160971],[-81.597798,41.160729],[-81.598087,41.160626],[-81.598471,41.160481],[-81.598738,41.160358],[-81.599017,41.160272],[-81.599348,41.160201],[-81.599635,41.160151],[-81.59986,41.160127],[-81.599951,41.160124],[-81.60025,41.158116],[-81.602849,41.157307],[-81.604448,41.157502],[-81.605448,41.157399],[-81.605347,41.15969],[-81.606746,41.159685],[-81.607546,41.158781],[-81.607662,41.15879],[-81.607758,41.158794],[-81.607819,41.158808],[-81.607867,41.158853],[-81.60791,41.158933],[-81.607923,41.158911],[-81.608064,41.158589],[-81.608183,41.158358],[-81.60829,41.158176],[-81.608695,41.157641],[-81.608802,41.157513],[-81.608934,41.15739],[-81.609115,41.157231],[-81.609336,41.15705],[-81.609576,41.156832],[-81.609755,41.156659],[-81.609834,41.156583],[-81.610006,41.156407],[-81.610176,41.156223],[-81.610374,41.156026],[-81.610476,41.15594],[-81.61058,41.155867],[-81.610692,41.155802],[-81.610812,41.155744],[-81.610937,41.155694],[-81.611042,41.15566],[-81.611316,41.155584],[-81.611541,41.155533],[-81.611613,41.155518],[-81.611921,41.155462],[-81.612205,41.155416],[-81.612499,41.155375],[-81.612737,41.155361],[-81.612938,41.155357],[-81.613099,41.155375],[-81.613256,41.155394],[-81.613465,41.15544],[-81.61505,41.155975],[-81.615453,41.156101],[-81.615512,41.15612],[-81.615701,41.156167],[-81.616633,41.156349],[-81.61726,41.156465],[-81.617935,41.156581],[-81.618361,41.156642],[-81.618818,41.1567],[-81.619268,41.156737],[-81.619649,41.156758],[-81.619613,41.156964],[-81.61956,41.157102],[-81.619484,41.157215],[-81.619401,41.157307],[-81.619303,41.157391],[-81.619146,41.157479],[-81.618792,41.157668],[-81.617892,41.158134],[-81.617425,41.158376],[-81.617155,41.158491],[-81.617029,41.158524],[-81.616899,41.158545],[-81.616747,41.158555],[-81.616576,41.158546],[-81.616446,41.158525],[-81.616385,41.158511],[-81.616214,41.158458],[-81.616009,41.15841],[-81.615867,41.15839],[-81.615672,41.158382],[-81.615507,41.158392],[-81.615365,41.158412],[-81.615204,41.15845],[-81.615107,41.158481],[-81.614917,41.158563],[-81.615026,41.158731],[-81.615976,41.16002],[-81.616046,41.16016],[-81.616077,41.16025],[-81.616122,41.160377],[-81.616151,41.160547],[-81.616158,41.160717],[-81.616142,41.160993],[-81.616111,41.161099],[-81.616059,41.161205],[-81.615978,41.161315],[-81.615887,41.161404],[-81.615813,41.161461],[-81.615684,41.161539],[-81.615629,41.161565],[-81.615497,41.161611],[-81.61535,41.161646],[-81.615176,41.16167],[-81.615112,41.161674],[-81.614037,41.161681],[-81.614123,41.161931],[-81.614181,41.162172],[-81.614222,41.162403],[-81.614251,41.162601],[-81.614363,41.16354],[-81.61453,41.163549],[-81.6148,41.163585],[-81.614938,41.163615],[-81.615093,41.163665],[-81.615218,41.163718],[-81.615389,41.16381],[-81.615538,41.163915],[-81.615597,41.163969],[-81.615681,41.164052],[-81.61575,41.164141],[-81.61581,41.16425],[-81.615849,41.164365],[-81.615885,41.16459],[-81.615893,41.164966],[-81.617535,41.16473],[-81.617619,41.164718],[-81.617829,41.164684],[-81.618866,41.164539],[-81.619001,41.164509],[-81.61913,41.164469],[-81.619253,41.164419],[-81.619501,41.164302],[-81.61961,41.164265],[-81.619701,41.164241],[-81.619792,41.164234],[-81.619922,41.164232],[-81.620377,41.164246],[-81.620919,41.164252],[-81.621655,41.164241],[-81.621912,41.164222],[-81.622072,41.164206],[-81.622262,41.164174],[-81.622446,41.164126],[-81.62267,41.164047],[-81.622837,41.16397],[-81.62303,41.163852],[-81.623215,41.163725],[-81.623372,41.163611],[-81.623592,41.163468],[-81.623727,41.163392],[-81.623788,41.163372],[-81.62385,41.163351],[-81.623991,41.163342],[-81.624193,41.163338],[-81.624497,41.163341],[-81.624723,41.163354],[-81.625071,41.163387],[-81.625934,41.163493],[-81.625872,41.166115],[-81.625853,41.16751],[-81.625821,41.169051],[-81.626237,41.169048],[-81.626426,41.169047],[-81.627734,41.169035],[-81.628001,41.169034],[-81.628635,41.169034],[-81.629586,41.169033],[-81.630094,41.169034],[-81.630311,41.169035],[-81.631092,41.169021],[-81.631766,41.169009],[-81.63424,41.169007],[-81.634382,41.169007],[-81.635563,41.168997],[-81.636571,41.168989],[-81.636839,41.16899],[-81.636849,41.169687],[-81.636843,41.170059],[-81.636884,41.171258],[-81.636881,41.171669],[-81.636849,41.172204],[-81.636778,41.173082],[-81.636709,41.174056],[-81.636644,41.174797],[-81.63659,41.175551],[-81.636583,41.176567]]]}},{"type":"Feature","properties":{"id":"BATH TWP D","subdivision":"bath"},"geometry":{"type":"Polygon","coordinates":[[[-81.686779,41.146334],[-81.686748,41.147865],[-81.686723,41.149047],[-81.686684,41.150456],[-81.686669,41.151004],[-81.686663,41.151202],[-81.686637,41.152011],[-81.686627,41.152338],[-81.686617,41.152945],[-81.686605,41.153666],[-81.686602,41.15387],[-81.686572,41.155681],[-81.686569,41.156001],[-81.686518,41.160626],[-81.68651,41.161195],[-81.686499,41.161928],[-81.68649,41.162533],[-81.686488,41.162677],[-81.686494,41.16274],[-81.686492,41.162845],[-81.686444,41.165345],[-81.686438,41.16563],[-81.686436,41.165826],[-81.686434,41.165989],[-81.686392,41.167957],[-81.686392,41.168021],[-81.686391,41.168117],[-81.686387,41.168554],[-81.686026,41.168635],[-81.685272,41.168828],[-81.685034,41.168878],[-81.684793,41.168911],[-81.684549,41.168929],[-81.684303,41.168931],[-81.684019,41.168925],[-81.683008,41.168905],[-81.681147,41.168905],[-81.680905,41.168905],[-81.678664,41.168903],[-81.678089,41.168906],[-81.677246,41.168912],[-81.675031,41.168931],[-81.670016,41.168956],[-81.668892,41.168963],[-81.66624,41.168965],[-81.666266,41.167809],[-81.666291,41.166959],[-81.666293,41.166711],[-81.666302,41.166465],[-81.666303,41.1663],[-81.666327,41.165641],[-81.666333,41.165312],[-81.666343,41.165065],[-81.666346,41.164289],[-81.666358,41.164077],[-81.666381,41.163387],[-81.666654,41.163382],[-81.667635,41.163385],[-81.667853,41.163394],[-81.668016,41.163409],[-81.668179,41.163438],[-81.668288,41.163462],[-81.668776,41.163587],[-81.668939,41.163612],[-81.669103,41.163623],[-81.669321,41.16363],[-81.669756,41.163628],[-81.669763,41.163402],[-81.669759,41.162907],[-81.669763,41.162825],[-81.669778,41.162743],[-81.669804,41.162661],[-81.669861,41.162538],[-81.669935,41.162437],[-81.669993,41.162346],[-81.670036,41.162251],[-81.670062,41.162169],[-81.670065,41.161963],[-81.670034,41.161839],[-81.669997,41.161756],[-81.669906,41.161591],[-81.669862,41.161467],[-81.669843,41.161385],[-81.66983,41.161185],[-81.669975,41.161185],[-81.670114,41.161171],[-81.670278,41.16115],[-81.670387,41.161131],[-81.670715,41.161045],[-81.670879,41.16101],[-81.671043,41.160986],[-81.671152,41.160976],[-81.671642,41.160962],[-81.67246,41.160966],[-81.672766,41.160964],[-81.672356,41.160662],[-81.672311,41.16062],[-81.67177,41.16004],[-81.671641,41.159915],[-81.671545,41.159832],[-81.671386,41.159715],[-81.671181,41.159589],[-81.670953,41.159475],[-81.67079,41.159407],[-81.670682,41.159369],[-81.670465,41.159305],[-81.670356,41.159281],[-81.670137,41.159244],[-81.669812,41.159207],[-81.669594,41.159191],[-81.669086,41.159167],[-81.667471,41.159077],[-81.666512,41.159029],[-81.66651,41.158808],[-81.66649,41.158643],[-81.666438,41.158478],[-81.666379,41.158354],[-81.666308,41.15823],[-81.666204,41.158065],[-81.665978,41.157734],[-81.665369,41.156823],[-81.664628,41.15572],[-81.664513,41.155536],[-81.664508,41.155308],[-81.664516,41.154731],[-81.664543,41.153784],[-81.664551,41.15329],[-81.66462,41.150856],[-81.664621,41.150532],[-81.664628,41.150409],[-81.66464,41.150327],[-81.664666,41.150244],[-81.664705,41.150162],[-81.664765,41.15008],[-81.664863,41.149982],[-81.664892,41.149958],[-81.664973,41.149905],[-81.665027,41.149876],[-81.66505,41.149866],[-81.66455,41.14945],[-81.663549,41.149651],[-81.663147,41.149051],[-81.662446,41.149052],[-81.662646,41.148852],[-81.662246,41.148252],[-81.663046,41.147352],[-81.663836,41.145332],[-81.662497,41.144602],[-81.662373,41.14457],[-81.662271,41.14452],[-81.662219,41.144485],[-81.662155,41.14443],[-81.662029,41.14431],[-81.661864,41.144125],[-81.661749,41.143896],[-81.661719,41.143814],[-81.661696,41.143731],[-81.661681,41.143649],[-81.661667,41.143484],[-81.661676,41.142394],[-81.661702,41.139192],[-81.658736,41.139189],[-81.658741,41.138767],[-81.660541,41.137023],[-81.66044,41.135951],[-81.661441,41.135953],[-81.661646,41.135952],[-81.662971,41.135944],[-81.664219,41.135952],[-81.6677,41.135952],[-81.669397,41.135956],[-81.670397,41.135952],[-81.670432,41.13595],[-81.671957,41.135926],[-81.673577,41.135881],[-81.674408,41.135857],[-81.675269,41.135839],[-81.676358,41.135822],[-81.676805,41.135818],[-81.679147,41.135821],[-81.680422,41.135837],[-81.681325,41.135857],[-81.682249,41.135887],[-81.683227,41.135913],[-81.68437,41.135936],[-81.686989,41.135954],[-81.686965,41.13702],[-81.686885,41.140591],[-81.686858,41.142496],[-81.686811,41.144775],[-81.686779,41.146334]]]}},{"type":"Feature","properties":{"id":"BATH TWP E","subdivision":"bath"},"geometry":{"type":"Polygon","coordinates":[[[-81.637324,41.168989],[-81.636839,41.16899],[-81.636571,41.168989],[-81.635563,41.168997],[-81.634382,41.169007],[-81.63424,41.169007],[-81.631766,41.169009],[-81.631092,41.169021],[-81.631094,41.168446],[-81.631095,41.16825],[-81.631085,41.167673],[-81.631089,41.16755],[-81.631097,41.167399],[-81.631128,41.167234],[-81.631194,41.16707],[-81.631205,41.167051],[-81.631267,41.166947],[-81.631387,41.166783],[-81.631581,41.166541],[-81.631636,41.166478],[-81.63165,41.166456],[-81.631747,41.16634],[-81.63183,41.166252],[-81.631857,41.166214],[-81.63219,41.165824],[-81.632412,41.165556],[-81.632628,41.165311],[-81.632928,41.164942],[-81.633014,41.164819],[-81.633061,41.164738],[-81.633095,41.164655],[-81.633106,41.164614],[-81.633119,41.164491],[-81.633109,41.164367],[-81.633075,41.164244],[-81.633041,41.164161],[-81.632983,41.164044],[-81.632959,41.163996],[-81.632811,41.163801],[-81.632729,41.163582],[-81.632709,41.163541],[-81.632646,41.163376],[-81.632624,41.163293],[-81.632598,41.163128],[-81.63259,41.162922],[-81.632595,41.162799],[-81.632611,41.162675],[-81.632674,41.162418],[-81.632844,41.162265],[-81.632891,41.162228],[-81.633,41.162162],[-81.633177,41.162076],[-81.633318,41.162022],[-81.633662,41.161919],[-81.633832,41.16187],[-81.634038,41.161835],[-81.634094,41.161826],[-81.634422,41.161789],[-81.634445,41.161783],[-81.634476,41.161782],[-81.63464,41.161755],[-81.634677,41.161744],[-81.634702,41.161741],[-81.634804,41.161714],[-81.634824,41.161704],[-81.634859,41.161695],[-81.635023,41.161628],[-81.635297,41.161503],[-81.635462,41.161443],[-81.635625,41.161409],[-81.635734,41.161402],[-81.635789,41.161403],[-81.635898,41.161418],[-81.636006,41.161447],[-81.636115,41.161485],[-81.636241,41.16155],[-81.636331,41.161611],[-81.6366,41.161836],[-81.636654,41.161873],[-81.636926,41.16194],[-81.636972,41.16172],[-81.637004,41.161514],[-81.637056,41.161226],[-81.637199,41.160528],[-81.637226,41.160322],[-81.637236,41.160157],[-81.637235,41.159993],[-81.637222,41.159787],[-81.637211,41.159704],[-81.637172,41.159539],[-81.637105,41.159333],[-81.637034,41.159168],[-81.636927,41.158962],[-81.636759,41.158724],[-81.636348,41.158193],[-81.636107,41.15791],[-81.636038,41.157843],[-81.635962,41.157754],[-81.635897,41.157677],[-81.635799,41.157553],[-81.63571,41.157429],[-81.635464,41.15713],[-81.635432,41.157097],[-81.63541,41.157065],[-81.635235,41.156862],[-81.635129,41.156746],[-81.635037,41.1566],[-81.634952,41.156452],[-81.634904,41.156355],[-81.63482,41.156125],[-81.634784,41.155949],[-81.634716,41.15525],[-81.634678,41.155058],[-81.634612,41.15482],[-81.634509,41.154502],[-81.634385,41.154171],[-81.6345,41.15387],[-81.634553,41.153718],[-81.634608,41.153598],[-81.634698,41.15348],[-81.6348,41.153361],[-81.634873,41.153284],[-81.634989,41.153172],[-81.635155,41.153031],[-81.635661,41.152655],[-81.636192,41.152248],[-81.636498,41.152026],[-81.636675,41.151878],[-81.636823,41.151695],[-81.636875,41.151623],[-81.636932,41.15153],[-81.636985,41.151419],[-81.637025,41.151305],[-81.637049,41.151209],[-81.637061,41.151126],[-81.6371,41.150005],[-81.637241,41.150044],[-81.637259,41.150071],[-81.637514,41.149985],[-81.6378,41.149927],[-81.637906,41.149959],[-81.638225,41.149963],[-81.63858,41.149962],[-81.638709,41.149971],[-81.638782,41.149984],[-81.638867,41.150013],[-81.638943,41.150054],[-81.639001,41.150102],[-81.639049,41.150163],[-81.639078,41.150224],[-81.639091,41.150295],[-81.639084,41.150856],[-81.639075,41.150955],[-81.639051,41.151005],[-81.63901,41.151049],[-81.638918,41.151117],[-81.638887,41.151139],[-81.638677,41.151293],[-81.638637,41.151335],[-81.638618,41.151365],[-81.638516,41.15158],[-81.638503,41.15163],[-81.638492,41.151733],[-81.638476,41.15179],[-81.638458,41.151822],[-81.638434,41.151852],[-81.63836,41.15191],[-81.63809,41.152078],[-81.638055,41.15212],[-81.638045,41.152146],[-81.638038,41.152204],[-81.638027,41.152244],[-81.638,41.152284],[-81.637957,41.152324],[-81.637875,41.152379],[-81.637796,41.152414],[-81.637706,41.152442],[-81.63754,41.152473],[-81.637515,41.152477],[-81.63786,41.153606],[-81.638011,41.154152],[-81.638127,41.154684],[-81.638555,41.15463],[-81.638636,41.154617],[-81.638756,41.154589],[-81.63889,41.154545],[-81.638981,41.154506],[-81.639083,41.154452],[-81.64113,41.153545],[-81.641808,41.153246],[-81.642495,41.152932],[-81.642625,41.152872],[-81.642928,41.152753],[-81.643083,41.152703],[-81.643176,41.152681],[-81.64327,41.152664],[-81.643365,41.152652],[-81.643821,41.152652],[-81.645682,41.152671],[-81.645644,41.154956],[-81.645629,41.155072],[-81.645613,41.155129],[-81.645586,41.1552],[-81.645552,41.155268],[-81.6455,41.155346],[-81.645448,41.155408],[-81.64538,41.155475],[-81.64388,41.156608],[-81.643957,41.156667],[-81.644346,41.156959],[-81.644454,41.157033],[-81.644508,41.15706],[-81.644562,41.15708],[-81.644616,41.157095],[-81.644725,41.15711],[-81.645106,41.157134],[-81.645596,41.157158],[-81.646739,41.1572],[-81.647012,41.157205],[-81.647894,41.157202],[-81.647887,41.157643],[-81.647892,41.15789],[-81.647922,41.158096],[-81.648001,41.158314],[-81.648083,41.158449],[-81.648145,41.158529],[-81.64824,41.158618],[-81.648356,41.158698],[-81.648571,41.158799],[-81.648679,41.158833],[-81.648897,41.158881],[-81.649929,41.159066],[-81.650092,41.159102],[-81.650364,41.159176],[-81.650501,41.159226],[-81.650635,41.159283],[-81.650905,41.159422],[-81.651073,41.159519],[-81.65133,41.159685],[-81.651501,41.15981],[-81.651686,41.159976],[-81.651876,41.16017],[-81.652003,41.160308],[-81.652211,41.160567],[-81.652502,41.160372],[-81.652448,41.160254],[-81.652546,41.158852],[-81.651846,41.158852],[-81.652046,41.158052],[-81.655246,41.155859],[-81.656143,41.156237],[-81.656648,41.154454],[-81.656719,41.154451],[-81.656711,41.154633],[-81.656712,41.155127],[-81.656741,41.155609],[-81.657002,41.155595],[-81.658202,41.155581],[-81.65929,41.155571],[-81.660434,41.155558],[-81.6616,41.155553],[-81.661782,41.155549],[-81.664513,41.155536],[-81.664628,41.15572],[-81.665369,41.156823],[-81.665978,41.157734],[-81.666204,41.158065],[-81.666308,41.15823],[-81.666379,41.158354],[-81.666438,41.158478],[-81.66649,41.158643],[-81.66651,41.158808],[-81.666512,41.159029],[-81.667471,41.159077],[-81.669086,41.159167],[-81.669594,41.159191],[-81.669812,41.159207],[-81.670137,41.159244],[-81.670356,41.159281],[-81.670465,41.159305],[-81.670682,41.159369],[-81.67079,41.159407],[-81.670953,41.159475],[-81.671181,41.159589],[-81.671386,41.159715],[-81.671545,41.159832],[-81.671641,41.159915],[-81.67177,41.16004],[-81.672311,41.16062],[-81.672356,41.160662],[-81.672766,41.160964],[-81.67246,41.160966],[-81.671642,41.160962],[-81.671152,41.160976],[-81.671043,41.160986],[-81.670879,41.16101],[-81.670715,41.161045],[-81.670387,41.161131],[-81.670278,41.16115],[-81.670114,41.161171],[-81.669975,41.161185],[-81.66983,41.161185],[-81.669843,41.161385],[-81.669862,41.161467],[-81.669906,41.161591],[-81.669997,41.161756],[-81.670034,41.161839],[-81.670065,41.161963],[-81.670062,41.162169],[-81.670036,41.162251],[-81.669993,41.162346],[-81.669935,41.162437],[-81.669861,41.162538],[-81.669804,41.162661],[-81.669778,41.162743],[-81.669763,41.162825],[-81.669759,41.162907],[-81.669763,41.163402],[-81.669756,41.163628],[-81.669321,41.16363],[-81.669103,41.163623],[-81.668939,41.163612],[-81.668776,41.163587],[-81.668288,41.163462],[-81.668179,41.163438],[-81.668016,41.163409],[-81.667853,41.163394],[-81.667635,41.163385],[-81.666654,41.163382],[-81.666381,41.163387],[-81.666358,41.164077],[-81.666346,41.164289],[-81.666343,41.165065],[-81.666333,41.165312],[-81.666327,41.165641],[-81.666303,41.1663],[-81.666302,41.166465],[-81.666293,41.166711],[-81.666291,41.166959],[-81.666266,41.167809],[-81.66624,41.168965],[-81.665848,41.168965],[-81.664569,41.168967],[-81.663344,41.168963],[-81.661641,41.168958],[-81.661478,41.168958],[-81.659119,41.168966],[-81.656598,41.168965],[-81.656593,41.169148],[-81.656569,41.169326],[-81.656531,41.169493],[-81.656477,41.169693],[-81.656445,41.169871],[-81.656439,41.170002],[-81.656447,41.170133],[-81.656478,41.170288],[-81.656529,41.17044],[-81.65662,41.170624],[-81.656726,41.170769],[-81.656832,41.170887],[-81.656958,41.171012],[-81.657165,41.171169],[-81.657523,41.171409],[-81.657699,41.171509],[-81.657897,41.171608],[-81.658082,41.171686],[-81.658217,41.171732],[-81.658347,41.171767],[-81.658473,41.171785],[-81.659082,41.171842],[-81.659241,41.171881],[-81.659355,41.171928],[-81.65949,41.171996],[-81.660044,41.172311],[-81.660404,41.172533],[-81.660506,41.172627],[-81.660579,41.172719],[-81.660634,41.172819],[-81.66067,41.172923],[-81.660687,41.17303],[-81.660673,41.173572],[-81.660645,41.174658],[-81.659551,41.174646],[-81.659351,41.174581],[-81.659169,41.174674],[-81.659111,41.174694],[-81.659036,41.174739],[-81.658934,41.17478],[-81.658872,41.174802],[-81.658812,41.174826],[-81.658753,41.174849],[-81.658695,41.174867],[-81.658579,41.174878],[-81.658515,41.174861],[-81.658462,41.174829],[-81.658411,41.174797],[-81.658366,41.174764],[-81.658295,41.174703],[-81.658253,41.17467],[-81.658209,41.174632],[-81.658159,41.174596],[-81.658109,41.174566],[-81.658049,41.174544],[-81.657982,41.174535],[-81.657868,41.174531],[-81.657772,41.17456],[-81.65776,41.174569],[-81.657446,41.174255],[-81.653546,41.174153],[-81.651145,41.171952],[-81.648745,41.170552],[-81.648446,41.16976],[-81.648834,41.168968],[-81.6485,41.168966],[-81.648222,41.168965],[-81.647362,41.168967],[-81.646684,41.168969],[-81.645282,41.16897],[-81.644808,41.168967],[-81.642964,41.168973],[-81.642466,41.168975],[-81.640774,41.168987],[-81.639814,41.168995],[-81.638128,41.168995],[-81.637324,41.168989]]]}},{"type":"Feature","properties":{"id":"BATH TWP F","subdivision":"bath"},"geometry":{"type":"Polygon","coordinates":[[[-81.621457,41.144887],[-81.622147,41.145304],[-81.622147,41.145304],[-81.622382,41.145451],[-81.622383,41.145451],[-81.622501,41.145525],[-81.623078,41.145873],[-81.623695,41.14546],[-81.624494,41.145466],[-81.625034,41.14547],[-81.625614,41.145859],[-81.626863,41.146656],[-81.627126,41.146823],[-81.627192,41.14703],[-81.626376,41.147189],[-81.626595,41.14805],[-81.626757,41.148149],[-81.627861,41.14883],[-81.628069,41.148958],[-81.628147,41.149006],[-81.628256,41.149073],[-81.628347,41.14913],[-81.628347,41.14913],[-81.628347,41.14913],[-81.628515,41.149234],[-81.629712,41.149982],[-81.62978,41.150027],[-81.63041,41.150422],[-81.63051,41.150348],[-81.630935,41.150065],[-81.63128,41.149855],[-81.631635,41.149655],[-81.633355,41.148728],[-81.633904,41.148437],[-81.635202,41.147746],[-81.635202,41.147746],[-81.635652,41.14775],[-81.636242,41.147755],[-81.636309,41.147756],[-81.636322,41.147756],[-81.636841,41.14776],[-81.63715,41.147757],[-81.637145,41.148216],[-81.637138,41.148725],[-81.637104,41.149882],[-81.637103,41.149906],[-81.637103,41.149915],[-81.637102,41.149956],[-81.637101,41.149988],[-81.6371,41.150005],[-81.6371,41.150005],[-81.637061,41.151126],[-81.637049,41.151209],[-81.637025,41.151305],[-81.636985,41.151419],[-81.636932,41.15153],[-81.636875,41.151623],[-81.636823,41.151695],[-81.636675,41.151878],[-81.636498,41.152026],[-81.636192,41.152248],[-81.635661,41.152655],[-81.635155,41.153031],[-81.634989,41.153172],[-81.634873,41.153284],[-81.6348,41.153361],[-81.634698,41.15348],[-81.634608,41.153598],[-81.634553,41.153718],[-81.6345,41.15387],[-81.634385,41.154171],[-81.634509,41.154502],[-81.634612,41.15482],[-81.634678,41.155058],[-81.634716,41.15525],[-81.634784,41.155949],[-81.63482,41.156125],[-81.634904,41.156355],[-81.634952,41.156452],[-81.635037,41.1566],[-81.635129,41.156746],[-81.635235,41.156862],[-81.63541,41.157065],[-81.635432,41.157097],[-81.635464,41.15713],[-81.63571,41.157429],[-81.635799,41.157553],[-81.635897,41.157677],[-81.635962,41.157754],[-81.636038,41.157843],[-81.636107,41.15791],[-81.636348,41.158193],[-81.636759,41.158724],[-81.636927,41.158962],[-81.637034,41.159168],[-81.637105,41.159333],[-81.637172,41.159539],[-81.637211,41.159704],[-81.637222,41.159787],[-81.637235,41.159993],[-81.637236,41.160157],[-81.637226,41.160322],[-81.637199,41.160528],[-81.637056,41.161226],[-81.637004,41.161514],[-81.636972,41.16172],[-81.636926,41.16194],[-81.636654,41.161873],[-81.6366,41.161836],[-81.636331,41.161611],[-81.636241,41.16155],[-81.636115,41.161485],[-81.636006,41.161447],[-81.635898,41.161418],[-81.635789,41.161403],[-81.635734,41.161402],[-81.635625,41.161409],[-81.635462,41.161443],[-81.635297,41.161503],[-81.635023,41.161628],[-81.634859,41.161695],[-81.634824,41.161704],[-81.634804,41.161714],[-81.634702,41.161741],[-81.634677,41.161744],[-81.63464,41.161755],[-81.634476,41.161782],[-81.634445,41.161783],[-81.634422,41.161789],[-81.634094,41.161826],[-81.634038,41.161835],[-81.633832,41.16187],[-81.633662,41.161919],[-81.633318,41.162022],[-81.633177,41.162076],[-81.633,41.162162],[-81.632891,41.162228],[-81.632844,41.162265],[-81.632674,41.162418],[-81.632611,41.162675],[-81.632595,41.162799],[-81.63259,41.162922],[-81.632598,41.163128],[-81.632624,41.163293],[-81.632646,41.163376],[-81.632709,41.163541],[-81.632729,41.163582],[-81.632811,41.163801],[-81.632959,41.163996],[-81.632983,41.164044],[-81.633041,41.164161],[-81.633075,41.164244],[-81.633109,41.164367],[-81.633119,41.164491],[-81.633106,41.164614],[-81.633095,41.164655],[-81.633061,41.164738],[-81.633014,41.164819],[-81.632928,41.164942],[-81.632628,41.165311],[-81.632412,41.165556],[-81.63219,41.165824],[-81.631857,41.166214],[-81.63183,41.166252],[-81.631747,41.16634],[-81.63165,41.166456],[-81.631636,41.166478],[-81.631581,41.166541],[-81.631387,41.166783],[-81.631267,41.166947],[-81.631205,41.167051],[-81.631194,41.16707],[-81.631128,41.167234],[-81.631097,41.167399],[-81.631089,41.16755],[-81.631085,41.167673],[-81.631095,41.16825],[-81.631094,41.168446],[-81.631092,41.169021],[-81.630311,41.169035],[-81.630094,41.169034],[-81.629586,41.169033],[-81.628635,41.169034],[-81.628001,41.169034],[-81.627734,41.169035],[-81.626426,41.169047],[-81.626237,41.169048],[-81.625821,41.169051],[-81.625853,41.16751],[-81.625872,41.166115],[-81.625934,41.163493],[-81.625071,41.163387],[-81.624723,41.163354],[-81.624497,41.163341],[-81.624193,41.163338],[-81.623991,41.163342],[-81.62385,41.163351],[-81.623788,41.163372],[-81.623727,41.163392],[-81.623592,41.163468],[-81.623372,41.163611],[-81.623215,41.163725],[-81.62303,41.163852],[-81.622837,41.16397],[-81.62267,41.164047],[-81.622446,41.164126],[-81.622262,41.164174],[-81.622072,41.164206],[-81.621912,41.164222],[-81.621655,41.164241],[-81.620919,41.164252],[-81.620377,41.164246],[-81.619922,41.164232],[-81.619792,41.164234],[-81.619701,41.164241],[-81.61961,41.164265],[-81.619501,41.164302],[-81.619253,41.164419],[-81.61913,41.164469],[-81.619001,41.164509],[-81.618866,41.164539],[-81.617829,41.164684],[-81.617619,41.164718],[-81.617535,41.16473],[-81.615893,41.164966],[-81.615885,41.16459],[-81.615849,41.164365],[-81.61581,41.16425],[-81.61575,41.164141],[-81.615681,41.164052],[-81.615597,41.163969],[-81.615538,41.163915],[-81.615389,41.16381],[-81.615218,41.163718],[-81.615093,41.163665],[-81.614938,41.163615],[-81.6148,41.163585],[-81.61453,41.163549],[-81.614363,41.16354],[-81.614251,41.162601],[-81.614222,41.162403],[-81.614181,41.162172],[-81.614123,41.161931],[-81.614037,41.161681],[-81.615112,41.161674],[-81.615176,41.16167],[-81.61535,41.161646],[-81.615497,41.161611],[-81.615629,41.161565],[-81.615684,41.161539],[-81.615813,41.161461],[-81.615887,41.161404],[-81.615978,41.161315],[-81.616059,41.161205],[-81.616111,41.161099],[-81.616142,41.160993],[-81.616158,41.160717],[-81.616151,41.160547],[-81.616122,41.160377],[-81.616077,41.16025],[-81.616046,41.16016],[-81.615976,41.16002],[-81.615026,41.158731],[-81.614917,41.158563],[-81.615107,41.158481],[-81.615204,41.15845],[-81.615365,41.158412],[-81.615507,41.158392],[-81.615672,41.158382],[-81.615867,41.15839],[-81.616009,41.15841],[-81.616214,41.158458],[-81.616385,41.158511],[-81.616446,41.158525],[-81.616576,41.158546],[-81.616747,41.158555],[-81.616899,41.158545],[-81.617029,41.158524],[-81.617155,41.158491],[-81.617425,41.158376],[-81.617892,41.158134],[-81.618792,41.157668],[-81.619146,41.157479],[-81.619303,41.157391],[-81.619401,41.157307],[-81.619484,41.157215],[-81.61956,41.157102],[-81.619613,41.156964],[-81.619649,41.156758],[-81.619268,41.156737],[-81.618818,41.1567],[-81.618361,41.156642],[-81.617935,41.156581],[-81.61726,41.156465],[-81.616633,41.156349],[-81.615701,41.156167],[-81.615512,41.15612],[-81.615453,41.156101],[-81.61505,41.155975],[-81.613465,41.15544],[-81.613256,41.155394],[-81.613099,41.155375],[-81.612938,41.155357],[-81.612737,41.155361],[-81.612499,41.155375],[-81.612205,41.155416],[-81.611921,41.155462],[-81.611613,41.155518],[-81.611541,41.155533],[-81.611316,41.155584],[-81.611042,41.15566],[-81.610937,41.155694],[-81.610812,41.155744],[-81.610692,41.155802],[-81.61058,41.155867],[-81.610476,41.15594],[-81.610374,41.156026],[-81.610176,41.156223],[-81.610006,41.156407],[-81.609834,41.156583],[-81.609755,41.156659],[-81.609576,41.156832],[-81.609336,41.15705],[-81.609115,41.157231],[-81.608934,41.15739],[-81.608802,41.157513],[-81.608695,41.157641],[-81.60829,41.158176],[-81.608183,41.158358],[-81.608064,41.158589],[-81.607923,41.158911],[-81.60791,41.158933],[-81.607867,41.158853],[-81.607819,41.158808],[-81.607758,41.158794],[-81.607662,41.15879],[-81.607546,41.158781],[-81.606746,41.159685],[-81.605347,41.15969],[-81.605448,41.157399],[-81.604448,41.157502],[-81.602849,41.157307],[-81.60025,41.158116],[-81.599951,41.160124],[-81.59986,41.160127],[-81.599635,41.160151],[-81.599348,41.160201],[-81.599017,41.160272],[-81.598738,41.160358],[-81.598471,41.160481],[-81.598087,41.160626],[-81.597798,41.160729],[-81.597144,41.160971],[-81.596941,41.161038],[-81.59684,41.161071],[-81.596586,41.161147],[-81.596331,41.161213],[-81.595847,41.161314],[-81.595436,41.161405],[-81.595234,41.161467],[-81.595103,41.161514],[-81.594976,41.161567],[-81.594508,41.161779],[-81.594358,41.161845],[-81.594229,41.161891],[-81.594098,41.161929],[-81.593831,41.161976],[-81.593591,41.162004],[-81.592641,41.162063],[-81.592095,41.162105],[-81.591831,41.162119],[-81.591607,41.16212],[-81.591502,41.162117],[-81.591398,41.162109],[-81.591296,41.162095],[-81.591134,41.162065],[-81.591017,41.162035],[-81.590903,41.162],[-81.590849,41.161979],[-81.590631,41.161874],[-81.590405,41.161747],[-81.590167,41.161616],[-81.590045,41.16156],[-81.589919,41.161508],[-81.589646,41.161414],[-81.589096,41.161238],[-81.588433,41.161041],[-81.588272,41.161001],[-81.588027,41.160951],[-81.587867,41.160927],[-81.587625,41.160899],[-81.587196,41.160873],[-81.587219,41.160543],[-81.587222,41.15975],[-81.58722,41.159206],[-81.587232,41.15877],[-81.587223,41.158583],[-81.587243,41.157517],[-81.587239,41.157119],[-81.587246,41.157024],[-81.58725,41.156776],[-81.587263,41.15648],[-81.587262,41.156232],[-81.587262,41.156219],[-81.58728,41.155579],[-81.587271,41.155468],[-81.58727,41.155195],[-81.58727,41.154949],[-81.587292,41.153864],[-81.587287,41.153304],[-81.587291,41.15299],[-81.587287,41.152577],[-81.587288,41.152439],[-81.58729,41.152204],[-81.587297,41.15196],[-81.587302,41.151778],[-81.5873,41.151554],[-81.587299,41.151432],[-81.587308,41.150518],[-81.587299,41.149636],[-81.587302,41.149477],[-81.587324,41.149479],[-81.592106,41.149452],[-81.593002,41.149447],[-81.593428,41.149445],[-81.593485,41.149445],[-81.593496,41.149445],[-81.593615,41.149448],[-81.593629,41.146695],[-81.594212,41.146703],[-81.594768,41.146691],[-81.59576,41.146686],[-81.596864,41.146675],[-81.597075,41.146669],[-81.597228,41.146643],[-81.597239,41.147488],[-81.597237,41.148091],[-81.597241,41.148434],[-81.597229,41.149293],[-81.59738,41.149308],[-81.597546,41.149312],[-81.599959,41.149304],[-81.600569,41.149304],[-81.601449,41.149306],[-81.601706,41.149303],[-81.60267,41.149307],[-81.602876,41.149298],[-81.602999,41.149289],[-81.603103,41.149277],[-81.603206,41.149259],[-81.603306,41.149236],[-81.603389,41.149211],[-81.603461,41.149181],[-81.603528,41.149145],[-81.603636,41.149073],[-81.60372,41.149005],[-81.603766,41.148957],[-81.603837,41.148863],[-81.603881,41.148787],[-81.603942,41.148644],[-81.60396,41.148536],[-81.603966,41.148341],[-81.603966,41.148073],[-81.603956,41.147497],[-81.603956,41.147497],[-81.603952,41.147271],[-81.603952,41.147271],[-81.603944,41.146809],[-81.60394,41.14647],[-81.603938,41.146348],[-81.603943,41.146284],[-81.603949,41.146254],[-81.603954,41.146221],[-81.603972,41.146158],[-81.603972,41.146158],[-81.60401,41.146064],[-81.604076,41.145964],[-81.60413,41.145902],[-81.604226,41.145818],[-81.604257,41.145797],[-81.604255,41.14458],[-81.608075,41.144477],[-81.608077,41.144736],[-81.608082,41.14524],[-81.608386,41.145236],[-81.608604,41.145235],[-81.608604,41.145235],[-81.609094,41.145232],[-81.610075,41.145219],[-81.610419,41.145216],[-81.610406,41.145162],[-81.610426,41.144442],[-81.614443,41.144426],[-81.616336,41.144421],[-81.616506,41.144714],[-81.616526,41.144194],[-81.617578,41.144187],[-81.617578,41.144187],[-81.617558,41.144445],[-81.617538,41.144541],[-81.617514,41.144659],[-81.617514,41.144659],[-81.617514,41.144659],[-81.617696,41.14476],[-81.61776,41.144797],[-81.617869,41.144832],[-81.618032,41.14485],[-81.618141,41.144852],[-81.618256,41.144851],[-81.619089,41.144842],[-81.619695,41.144837],[-81.62032,41.144832],[-81.620829,41.144831],[-81.620864,41.144831],[-81.620919,41.144828],[-81.620974,41.144818],[-81.62117,41.144765],[-81.62124,41.144747],[-81.621457,41.144887]]]}},{"type":"Feature","properties":{"id":"BATH TWP G","subdivision":"bath"},"geometry":{"type":"Polygon","coordinates":[[[-81.658741,41.138767],[-81.658736,41.139189],[-81.661702,41.139192],[-81.661676,41.142394],[-81.661667,41.143484],[-81.661681,41.143649],[-81.661696,41.143731],[-81.661719,41.143814],[-81.661749,41.143896],[-81.661864,41.144125],[-81.662029,41.14431],[-81.662155,41.14443],[-81.662219,41.144485],[-81.662271,41.14452],[-81.662373,41.14457],[-81.662497,41.144602],[-81.663836,41.145332],[-81.663046,41.147352],[-81.662246,41.148252],[-81.662646,41.148852],[-81.662446,41.149052],[-81.663147,41.149051],[-81.663549,41.149651],[-81.66455,41.14945],[-81.66505,41.149866],[-81.665027,41.149876],[-81.664973,41.149905],[-81.664892,41.149958],[-81.664863,41.149982],[-81.664765,41.15008],[-81.664705,41.150162],[-81.664666,41.150244],[-81.66464,41.150327],[-81.664628,41.150409],[-81.664621,41.150532],[-81.66462,41.150856],[-81.664551,41.15329],[-81.664543,41.153784],[-81.664516,41.154731],[-81.664508,41.155308],[-81.664513,41.155536],[-81.661782,41.155549],[-81.6616,41.155553],[-81.660434,41.155558],[-81.65929,41.155571],[-81.658202,41.155581],[-81.657002,41.155595],[-81.656741,41.155609],[-81.656712,41.155127],[-81.656711,41.154633],[-81.656719,41.154451],[-81.656648,41.154454],[-81.656143,41.156237],[-81.655246,41.155859],[-81.652046,41.158052],[-81.651846,41.158852],[-81.652546,41.158852],[-81.652448,41.160254],[-81.652502,41.160372],[-81.652211,41.160567],[-81.652003,41.160308],[-81.651876,41.16017],[-81.651686,41.159976],[-81.651501,41.15981],[-81.65133,41.159685],[-81.651073,41.159519],[-81.650905,41.159422],[-81.650635,41.159283],[-81.650501,41.159226],[-81.650364,41.159176],[-81.650092,41.159102],[-81.649929,41.159066],[-81.648897,41.158881],[-81.648679,41.158833],[-81.648571,41.158799],[-81.648356,41.158698],[-81.64824,41.158618],[-81.648145,41.158529],[-81.648083,41.158449],[-81.648001,41.158314],[-81.647922,41.158096],[-81.647892,41.15789],[-81.647887,41.157643],[-81.647894,41.157202],[-81.647012,41.157205],[-81.646739,41.1572],[-81.645596,41.157158],[-81.645106,41.157134],[-81.644725,41.15711],[-81.644616,41.157095],[-81.644562,41.15708],[-81.644508,41.15706],[-81.644454,41.157033],[-81.644346,41.156959],[-81.643957,41.156667],[-81.64388,41.156608],[-81.64538,41.155475],[-81.645448,41.155408],[-81.6455,41.155346],[-81.645552,41.155268],[-81.645586,41.1552],[-81.645613,41.155129],[-81.645629,41.155072],[-81.645644,41.154956],[-81.645682,41.152671],[-81.643821,41.152652],[-81.643365,41.152652],[-81.64327,41.152664],[-81.643176,41.152681],[-81.643083,41.152703],[-81.642928,41.152753],[-81.642625,41.152872],[-81.642495,41.152932],[-81.641808,41.153246],[-81.64113,41.153545],[-81.639083,41.154452],[-81.638981,41.154506],[-81.63889,41.154545],[-81.638756,41.154589],[-81.638636,41.154617],[-81.638555,41.15463],[-81.638127,41.154684],[-81.638011,41.154152],[-81.63786,41.153606],[-81.637515,41.152477],[-81.63754,41.152473],[-81.637706,41.152442],[-81.637796,41.152414],[-81.637875,41.152379],[-81.637957,41.152324],[-81.638,41.152284],[-81.638027,41.152244],[-81.638038,41.152204],[-81.638045,41.152146],[-81.638055,41.15212],[-81.63809,41.152078],[-81.63836,41.15191],[-81.638434,41.151852],[-81.638458,41.151822],[-81.638476,41.15179],[-81.638492,41.151733],[-81.638503,41.15163],[-81.638516,41.15158],[-81.638618,41.151365],[-81.638637,41.151335],[-81.638677,41.151293],[-81.638887,41.151139],[-81.638918,41.151117],[-81.63901,41.151049],[-81.639051,41.151005],[-81.639075,41.150955],[-81.639084,41.150856],[-81.639091,41.150295],[-81.639078,41.150224],[-81.639049,41.150163],[-81.639001,41.150102],[-81.638943,41.150054],[-81.638867,41.150013],[-81.638782,41.149984],[-81.638709,41.149971],[-81.63858,41.149962],[-81.638225,41.149963],[-81.637906,41.149959],[-81.6378,41.149927],[-81.637514,41.149985],[-81.637259,41.150071],[-81.637241,41.150044],[-81.637506,41.149963],[-81.637792,41.149905],[-81.637803,41.14988],[-81.642332,41.149423],[-81.642723,41.14602],[-81.643343,41.145683],[-81.643548,41.1462],[-81.644244,41.14589],[-81.644464,41.146125],[-81.648978,41.14363],[-81.648476,41.142066],[-81.648485,41.141806],[-81.648421,41.141599],[-81.649407,41.140634],[-81.649824,41.140342],[-81.649921,41.140226],[-81.65025,41.139961],[-81.650607,41.139781],[-81.650979,41.139699],[-81.651226,41.13967],[-81.651758,41.139723],[-81.652238,41.139782],[-81.652745,41.139871],[-81.653133,41.139871],[-81.65352,41.139939],[-81.653878,41.139916],[-81.654116,41.139782],[-81.654355,41.139625],[-81.654623,41.139401],[-81.654712,41.139199],[-81.65528,41.139199],[-81.655725,41.139199],[-81.655726,41.138728],[-81.65727,41.138747],[-81.65728,41.138226],[-81.657272,41.137653],[-81.657274,41.137383],[-81.6562,41.137368],[-81.656096,41.137369],[-81.65659,41.136462],[-81.656752,41.136172],[-81.655573,41.136216],[-81.654572,41.136502],[-81.654266,41.136791],[-81.653801,41.137228],[-81.654587,41.137704],[-81.65451,41.137839],[-81.654532,41.137871],[-81.654359,41.138189],[-81.654185,41.138621],[-81.653968,41.138916],[-81.653852,41.139272],[-81.653642,41.139458],[-81.653461,41.139584],[-81.652655,41.139535],[-81.65142,41.139316],[-81.651123,41.139324],[-81.651091,41.139331],[-81.651057,41.13934],[-81.651024,41.139349],[-81.651007,41.139327],[-81.650212,41.139602],[-81.649437,41.140275],[-81.647828,41.141239],[-81.646649,41.142035],[-81.641034,41.145768],[-81.639439,41.145713],[-81.63905,41.145714],[-81.638414,41.145715],[-81.637407,41.145716],[-81.637211,41.145718],[-81.637232,41.144857],[-81.635319,41.144849],[-81.631506,41.144835],[-81.631523,41.14348],[-81.629565,41.143474],[-81.629401,41.143476],[-81.629344,41.142153],[-81.629326,41.135848],[-81.62985,41.135824],[-81.630837,41.135823],[-81.630947,41.137095],[-81.633086,41.137113],[-81.633118,41.137448],[-81.633521,41.137425],[-81.633532,41.137116],[-81.634551,41.137097],[-81.634551,41.1372],[-81.635029,41.137229],[-81.635029,41.137177],[-81.635443,41.137154],[-81.635468,41.135821],[-81.635859,41.135821],[-81.637336,41.135835],[-81.63776,41.135839],[-81.638083,41.135843],[-81.638564,41.13585],[-81.63934,41.135861],[-81.642174,41.135913],[-81.643538,41.135907],[-81.64504,41.135918],[-81.646241,41.135924],[-81.646638,41.135925],[-81.650283,41.135929],[-81.650469,41.135929],[-81.650552,41.135929],[-81.650779,41.135929],[-81.65108,41.13593],[-81.652151,41.135931],[-81.652424,41.135931],[-81.654457,41.13594],[-81.655487,41.135946],[-81.655683,41.135947],[-81.656572,41.135951],[-81.65732,41.135955],[-81.658282,41.13595],[-81.659775,41.13595],[-81.66044,41.135951],[-81.660541,41.137023],[-81.658741,41.138767]]]}},{"type":"Feature","properties":{"id":"BATH TWP H","subdivision":"bath"},"geometry":{"type":"MultiPolygon","coordinates":[[[[-81.603881,41.148787],[-81.603837,41.148863],[-81.603766,41.148957],[-81.60372,41.149005],[-81.603636,41.149073],[-81.603528,41.149145],[-81.603461,41.149181],[-81.603389,41.149211],[-81.603306,41.149236],[-81.603206,41.149259],[-81.603103,41.149277],[-81.602999,41.149289],[-81.602876,41.149298],[-81.60267,41.149307],[-81.601706,41.149303],[-81.601449,41.149306],[-81.600569,41.149304],[-81.599959,41.149304],[-81.597546,41.149312],[-81.59738,41.149308],[-81.597229,41.149293],[-81.597241,41.148434],[-81.597237,41.148091],[-81.597239,41.147488],[-81.597228,41.146643],[-81.597075,41.146669],[-81.596864,41.146675],[-81.59576,41.146686],[-81.594768,41.146691],[-81.594212,41.146703],[-81.593629,41.146695],[-81.593686,41.144606],[-81.594643,41.144594],[-81.595195,41.144587],[-81.597251,41.144561],[-81.597251,41.144573],[-81.597251,41.144627],[-81.597245,41.144918],[-81.597244,41.144973],[-81.597243,41.14506],[-81.597238,41.14533],[-81.597239,41.145427],[-81.597241,41.145652],[-81.596519,41.145642],[-81.59653,41.145411],[-81.596339,41.145405],[-81.596338,41.14537],[-81.596035,41.145371],[-81.596029,41.145698],[-81.596022,41.146125],[-81.596283,41.146125],[-81.59724,41.146127],[-81.597235,41.146325],[-81.597234,41.146354],[-81.597524,41.146357],[-81.598254,41.146364],[-81.600381,41.146445],[-81.600367,41.147272],[-81.600656,41.147272],[-81.600656,41.147272],[-81.600667,41.147509],[-81.601274,41.147507],[-81.601638,41.147505],[-81.601964,41.147504],[-81.602618,41.147502],[-81.603272,41.147499],[-81.603888,41.147497],[-81.603956,41.147497],[-81.603966,41.148073],[-81.603966,41.148341],[-81.60396,41.148536],[-81.603942,41.148644],[-81.603881,41.148787]]],[[[-81.603952,41.147271],[-81.603952,41.147271],[-81.603952,41.147271],[-81.603952,41.147271]]]]}},{"type":"Feature","properties":{"id":"BOSTON HTS VILL","subdivision":"boston_heights"},"geometry":{"type":"Polygon","coordinates":[[[-81.506536,41.226254],[-81.514879,41.226345],[-81.518973,41.226389],[-81.519005,41.230197],[-81.518984,41.232935],[-81.518909,41.239189],[-81.519194,41.244847],[-81.519234,41.244835],[-81.519289,41.244827],[-81.52006,41.244829],[-81.521429,41.244849],[-81.522537,41.244853],[-81.523266,41.244862],[-81.524044,41.244864],[-81.52441,41.24487],[-81.52523,41.244875],[-81.525705,41.244883],[-81.526521,41.244887],[-81.526947,41.244895],[-81.527231,41.244895],[-81.527445,41.244896],[-81.527668,41.244902],[-81.528074,41.244902],[-81.529708,41.244926],[-81.530145,41.244925],[-81.530176,41.244925],[-81.530818,41.244917],[-81.530918,41.24492],[-81.533141,41.244653],[-81.533128,41.245856],[-81.533138,41.250053],[-81.533137,41.252552],[-81.53303,41.254236],[-81.533021,41.256821],[-81.533006,41.257027],[-81.532637,41.262058],[-81.532638,41.262309],[-81.532638,41.270252],[-81.528438,41.270352],[-81.526038,41.270252],[-81.526035,41.270311],[-81.525938,41.272352],[-81.525941,41.272421],[-81.526138,41.277352],[-81.526143,41.277415],[-81.526167,41.277732],[-81.52609,41.277714],[-81.520096,41.277255],[-81.513752,41.277154],[-81.50692,41.277085],[-81.504804,41.277053],[-81.504827,41.277419],[-81.507091,41.277452],[-81.509302,41.282206],[-81.508728,41.28236],[-81.508187,41.282511],[-81.507894,41.282586],[-81.506691,41.282918],[-81.506626,41.282943],[-81.506504,41.282974],[-81.506258,41.283035],[-81.506133,41.282841],[-81.505315,41.28134],[-81.505001,41.280745],[-81.504873,41.280483],[-81.504603,41.279885],[-81.504473,41.279567],[-81.504341,41.279224],[-81.504129,41.278575],[-81.503973,41.278009],[-81.503823,41.27733],[-81.503777,41.27704],[-81.503536,41.277043],[-81.498937,41.277152],[-81.489435,41.27705],[-81.489434,41.275762],[-81.48944,41.275437],[-81.489433,41.274631],[-81.489434,41.273479],[-81.489434,41.273195],[-81.489435,41.273149],[-81.489444,41.271593],[-81.489446,41.271233],[-81.489445,41.2707],[-81.489447,41.26982],[-81.489448,41.269588],[-81.489458,41.26837],[-81.489474,41.267105],[-81.489454,41.26616],[-81.489461,41.26586],[-81.489465,41.26521],[-81.489462,41.265023],[-81.489469,41.264496],[-81.489468,41.263773],[-81.489484,41.263077],[-81.489482,41.263011],[-81.489476,41.262856],[-81.489474,41.262493],[-81.489478,41.262299],[-81.489476,41.261924],[-81.48948,41.261565],[-81.489469,41.261375],[-81.489536,41.260652],[-81.489539,41.260237],[-81.489534,41.258015],[-81.48954,41.257844],[-81.489549,41.257617],[-81.489444,41.255283],[-81.489437,41.252753],[-81.489467,41.24603],[-81.489525,41.233799],[-81.489532,41.232417],[-81.48953,41.232083],[-81.489535,41.231874],[-81.489485,41.229727],[-81.489491,41.229325],[-81.489496,41.229045],[-81.489584,41.229101],[-81.489604,41.229113],[-81.489634,41.227812],[-81.489577,41.225952],[-81.490689,41.226298],[-81.490732,41.22631],[-81.497313,41.22642],[-81.504463,41.226292],[-81.506536,41.226254]]]}},{"type":"Feature","properties":{"id":"BOSTON TWP","subdivision":"boston_twp"},"geometry":{"type":"Polygon","coordinates":[[[-81.586641,41.202653],[-81.590441,41.202653],[-81.590445,41.205785],[-81.590441,41.206253],[-81.590441,41.206965],[-81.590441,41.209153],[-81.590548,41.21511],[-81.590641,41.215553],[-81.590541,41.215953],[-81.590641,41.220253],[-81.590512,41.221692],[-81.590528,41.222134],[-81.590559,41.223721],[-81.590551,41.224342],[-81.59057,41.225061],[-81.590568,41.226694],[-81.590343,41.232745],[-81.590378,41.232756],[-81.590436,41.232785],[-81.590486,41.232822],[-81.59051,41.232851],[-81.590533,41.232898],[-81.590553,41.233007],[-81.59055,41.233628],[-81.59054,41.234192],[-81.590534,41.235255],[-81.59053,41.235943],[-81.590539,41.238603],[-81.590545,41.238993],[-81.590546,41.240045],[-81.59054,41.240514],[-81.590558,41.24124],[-81.590572,41.242205],[-81.590569,41.242284],[-81.59056,41.242363],[-81.59054,41.242454],[-81.590525,41.243275],[-81.590524,41.244092],[-81.590567,41.244958],[-81.590573,41.245027],[-81.590542,41.245336],[-81.590641,41.246753],[-81.590707,41.25137],[-81.590728,41.253466],[-81.590737,41.25376],[-81.590687,41.254007],[-81.590673,41.255113],[-81.590673,41.257089],[-81.590677,41.258279],[-81.590641,41.265552],[-81.590441,41.267051],[-81.590541,41.277551],[-81.58781,41.277591],[-81.587417,41.277597],[-81.584536,41.277639],[-81.579873,41.277706],[-81.579816,41.277707],[-81.571525,41.277826],[-81.569859,41.27785],[-81.568887,41.277852],[-81.568839,41.277855],[-81.565138,41.277755],[-81.55706,41.27775],[-81.55705,41.277789],[-81.557024,41.277849],[-81.557005,41.277877],[-81.556967,41.277911],[-81.55692,41.277938],[-81.556846,41.27796],[-81.556768,41.277969],[-81.556252,41.277953],[-81.555823,41.277934],[-81.55531,41.277971],[-81.555165,41.277977],[-81.55479,41.277969],[-81.554406,41.277943],[-81.553851,41.277881],[-81.553678,41.277869],[-81.553516,41.277864],[-81.553375,41.277864],[-81.552905,41.277889],[-81.55262,41.277889],[-81.551819,41.277856],[-81.551354,41.277822],[-81.550873,41.277776],[-81.550576,41.27776],[-81.550397,41.277756],[-81.549929,41.277731],[-81.549267,41.277718],[-81.548852,41.277706],[-81.548737,41.277699],[-81.548576,41.277676],[-81.548482,41.277661],[-81.548366,41.277635],[-81.54785,41.277503],[-81.547727,41.270732],[-81.547737,41.270252],[-81.544783,41.270353],[-81.544565,41.270329],[-81.544039,41.270262],[-81.543772,41.270256],[-81.543502,41.27027],[-81.543159,41.270295],[-81.532638,41.270252],[-81.532638,41.262309],[-81.532637,41.262058],[-81.533006,41.257027],[-81.533021,41.256821],[-81.53303,41.254236],[-81.533137,41.252552],[-81.546238,41.252652],[-81.548338,41.250353],[-81.549639,41.250053],[-81.549757,41.250053],[-81.552338,41.250053],[-81.556751,41.250242],[-81.571401,41.250215],[-81.5756,41.250208],[-81.575504,41.251248],[-81.577648,41.251359],[-81.577641,41.250047],[-81.577645,41.248554],[-81.577882,41.248552],[-81.578166,41.248533],[-81.57834,41.248516],[-81.578524,41.24849],[-81.578722,41.248455],[-81.579085,41.248376],[-81.58098,41.247903],[-81.581236,41.247833],[-81.58174,41.24771],[-81.583065,41.247378],[-81.58411,41.247109],[-81.584535,41.247005],[-81.58454,41.245318],[-81.58454,41.241053],[-81.58264,41.241953],[-81.58044,41.243253],[-81.576517,41.243253],[-81.575464,41.243253],[-81.57494,41.243253],[-81.57494,41.242453],[-81.57474,41.238453],[-81.571139,41.238353],[-81.567567,41.238613],[-81.567487,41.237637],[-81.567239,41.234253],[-81.567492,41.233148],[-81.568777,41.233108],[-81.569067,41.233114],[-81.570467,41.233089],[-81.571037,41.233065],[-81.571239,41.233059],[-81.570975,41.227226],[-81.575195,41.227149],[-81.575144,41.219773],[-81.570239,41.219153],[-81.569539,41.219153],[-81.561338,41.219253],[-81.560999,41.219254],[-81.56083,41.219253],[-81.560139,41.219253],[-81.558539,41.219253],[-81.557939,41.220053],[-81.556239,41.223353],[-81.555093,41.223747],[-81.553286,41.224368],[-81.553134,41.224603],[-81.553092,41.224801],[-81.553184,41.225019],[-81.553498,41.225313],[-81.553874,41.225539],[-81.553876,41.225603],[-81.553887,41.225909],[-81.553766,41.226113],[-81.553569,41.226232],[-81.55332,41.226359],[-81.553042,41.226401],[-81.552927,41.226418],[-81.552561,41.226377],[-81.552346,41.226253],[-81.552151,41.2261],[-81.551736,41.225914],[-81.551656,41.225923],[-81.551538,41.225953],[-81.550462,41.226831],[-81.549954,41.226831],[-81.54659,41.226838],[-81.546439,41.226825],[-81.546161,41.226815],[-81.544158,41.22682],[-81.544027,41.226814],[-81.542635,41.226819],[-81.542364,41.226821],[-81.54107,41.226825],[-81.540769,41.226826],[-81.533742,41.226859],[-81.532437,41.226553],[-81.532537,41.229553],[-81.532437,41.234353],[-81.532466,41.236683],[-81.53199,41.236481],[-81.531749,41.236386],[-81.531518,41.236303],[-81.531317,41.236236],[-81.531101,41.236173],[-81.530637,41.236055],[-81.530325,41.235988],[-81.529995,41.235925],[-81.529219,41.235787],[-81.527212,41.235439],[-81.526567,41.235312],[-81.525993,41.235181],[-81.525751,41.235111],[-81.525466,41.235036],[-81.525048,41.234911],[-81.524548,41.234752],[-81.524231,41.234638],[-81.523705,41.234439],[-81.523611,41.234402],[-81.522988,41.234159],[-81.522536,41.233987],[-81.522185,41.23386],[-81.521918,41.233768],[-81.521232,41.233547],[-81.520302,41.233283],[-81.519815,41.233152],[-81.518984,41.232935],[-81.519005,41.230197],[-81.518973,41.226389],[-81.514879,41.226345],[-81.506536,41.226254],[-81.504463,41.226292],[-81.497313,41.22642],[-81.490732,41.22631],[-81.490689,41.226298],[-81.489577,41.225952],[-81.48952,41.222318],[-81.489478,41.22003],[-81.489535,41.216834],[-81.489536,41.216754],[-81.489636,41.213854],[-81.489536,41.207254],[-81.489511,41.206222],[-81.489436,41.203054],[-81.489436,41.202961],[-81.489851,41.202959],[-81.49058,41.202956],[-81.491796,41.202965],[-81.492254,41.202964],[-81.493458,41.202971],[-81.494043,41.202969],[-81.494546,41.202975],[-81.494582,41.203093],[-81.494694,41.20334],[-81.494977,41.203869],[-81.495123,41.204128],[-81.495314,41.204491],[-81.495236,41.204748],[-81.495181,41.204875],[-81.495109,41.205037],[-81.494938,41.205427],[-81.494907,41.205501],[-81.495727,41.205517],[-81.495785,41.205974],[-81.495864,41.205976],[-81.497053,41.206381],[-81.497033,41.206688],[-81.494369,41.206681],[-81.494308,41.206799],[-81.494155,41.207084],[-81.494072,41.20724],[-81.497059,41.207238],[-81.500164,41.207235],[-81.501724,41.207217],[-81.502393,41.207209],[-81.504003,41.207194],[-81.505046,41.207198],[-81.5052,41.202931],[-81.507444,41.2029],[-81.511036,41.202853],[-81.511498,41.202854],[-81.511836,41.202853],[-81.516129,41.202605],[-81.517036,41.202553],[-81.530237,41.202853],[-81.538138,41.202853],[-81.538288,41.202847],[-81.540538,41.202753],[-81.550007,41.202656],[-81.55034,41.202653],[-81.552438,41.202753],[-81.556439,41.202853],[-81.564739,41.202853],[-81.568539,41.202753],[-81.56904,41.202753],[-81.57234,41.202753],[-81.572719,41.202753],[-81.572746,41.202753],[-81.573437,41.202855],[-81.573519,41.202852],[-81.58274,41.202853],[-81.583216,41.202797],[-81.584439,41.202654],[-81.58456,41.20266],[-81.586641,41.202653]]]}},{"type":"Feature","properties":{"id":"COPLEY TWP A","subdivision":"copley"},"geometry":{"type":"Polygon","coordinates":[[[-81.686989,41.135954],[-81.68437,41.135936],[-81.683227,41.135913],[-81.682249,41.135887],[-81.681325,41.135857],[-81.680422,41.135837],[-81.679147,41.135821],[-81.676805,41.135818],[-81.676358,41.135822],[-81.675269,41.135839],[-81.674408,41.135857],[-81.673577,41.135881],[-81.671957,41.135926],[-81.670432,41.13595],[-81.670397,41.135952],[-81.669397,41.135956],[-81.6677,41.135952],[-81.664219,41.135952],[-81.662971,41.135944],[-81.661646,41.135952],[-81.661583,41.13546],[-81.66158,41.135274],[-81.661604,41.135081],[-81.661603,41.134988],[-81.661596,41.134928],[-81.661561,41.13481],[-81.661526,41.134645],[-81.661519,41.134562],[-81.66152,41.134521],[-81.661538,41.134399],[-81.661593,41.134192],[-81.661623,41.134028],[-81.661623,41.133987],[-81.661612,41.133905],[-81.661594,41.133822],[-81.661582,41.133799],[-81.661583,41.13378],[-81.661468,41.133339],[-81.661376,41.133347],[-81.661294,41.13336],[-81.661139,41.133399],[-81.661119,41.133348],[-81.661107,41.13329],[-81.661112,41.132254],[-81.66112,41.132036],[-81.661127,41.131599],[-81.661935,41.131551],[-81.66221,41.131543],[-81.663813,41.13156],[-81.665314,41.13157],[-81.665569,41.131563],[-81.665573,41.130968],[-81.665581,41.13068],[-81.665598,41.129377],[-81.665595,41.129244],[-81.667467,41.129257],[-81.667752,41.129247],[-81.667758,41.129049],[-81.66777,41.127855],[-81.667776,41.127657],[-81.668031,41.127653],[-81.670536,41.127646],[-81.67119,41.127646],[-81.671407,41.127664],[-81.67157,41.127684],[-81.671788,41.127724],[-81.67233,41.127868],[-81.672587,41.127914],[-81.672609,41.127684],[-81.672598,41.127231],[-81.672586,41.125502],[-81.672585,41.125124],[-81.672583,41.124258],[-81.672593,41.123492],[-81.6768,41.123534],[-81.676798,41.123766],[-81.676893,41.123711],[-81.676724,41.127081],[-81.676819,41.1287],[-81.677823,41.12871],[-81.678212,41.128715],[-81.686061,41.128979],[-81.68705,41.12796],[-81.687034,41.130002],[-81.687017,41.132236],[-81.687003,41.134178],[-81.686993,41.13542],[-81.686989,41.135954]]]}},{"type":"Feature","properties":{"id":"COPLEY TWP B","subdivision":"copley"},"geometry":{"type":"Polygon","coordinates":[[[-81.661441,41.135953],[-81.66044,41.135951],[-81.659775,41.13595],[-81.658282,41.13595],[-81.65732,41.135955],[-81.656572,41.135951],[-81.655683,41.135947],[-81.655487,41.135946],[-81.654457,41.13594],[-81.652424,41.135931],[-81.652151,41.135931],[-81.652146,41.135808],[-81.652061,41.134312],[-81.651949,41.133342],[-81.651938,41.133323],[-81.65182,41.133061],[-81.651777,41.132936],[-81.651738,41.132784],[-81.651725,41.132671],[-81.651726,41.132474],[-81.651738,41.132356],[-81.651807,41.131937],[-81.651827,41.131759],[-81.651847,41.131431],[-81.652355,41.12928],[-81.652521,41.128568],[-81.654262,41.128635],[-81.654339,41.128652],[-81.65442,41.128661],[-81.654487,41.128661],[-81.654987,41.128663],[-81.655514,41.128664],[-81.656607,41.128671],[-81.656737,41.128667],[-81.656883,41.128654],[-81.65703,41.128629],[-81.657401,41.128569],[-81.657511,41.128554],[-81.657622,41.128546],[-81.657745,41.128543],[-81.657952,41.128545],[-81.657959,41.128319],[-81.657959,41.127949],[-81.657966,41.127722],[-81.657965,41.127331],[-81.657981,41.127084],[-81.658002,41.12692],[-81.658071,41.126532],[-81.658108,41.126294],[-81.65812,41.126179],[-81.658131,41.125922],[-81.658115,41.125552],[-81.658103,41.125525],[-81.658082,41.1254],[-81.657891,41.124871],[-81.657545,41.124325],[-81.658277,41.124151],[-81.659384,41.123791],[-81.663053,41.124005],[-81.667834,41.124246],[-81.667825,41.124027],[-81.667829,41.123903],[-81.667831,41.12341],[-81.672593,41.123492],[-81.672583,41.124258],[-81.672585,41.125124],[-81.672586,41.125502],[-81.672598,41.127231],[-81.672609,41.127684],[-81.672587,41.127914],[-81.67233,41.127868],[-81.671788,41.127724],[-81.67157,41.127684],[-81.671407,41.127664],[-81.67119,41.127646],[-81.670536,41.127646],[-81.668031,41.127653],[-81.667776,41.127657],[-81.66777,41.127855],[-81.667758,41.129049],[-81.667752,41.129247],[-81.667467,41.129257],[-81.665595,41.129244],[-81.665598,41.129377],[-81.665581,41.13068],[-81.665573,41.130968],[-81.665569,41.131563],[-81.665314,41.13157],[-81.663813,41.13156],[-81.66221,41.131543],[-81.661935,41.131551],[-81.661127,41.131599],[-81.66112,41.132036],[-81.661112,41.132254],[-81.661107,41.13329],[-81.661119,41.133348],[-81.661139,41.133399],[-81.661294,41.13336],[-81.661376,41.133347],[-81.661468,41.133339],[-81.661583,41.13378],[-81.661582,41.133799],[-81.661594,41.133822],[-81.661612,41.133905],[-81.661623,41.133987],[-81.661623,41.134028],[-81.661593,41.134192],[-81.661538,41.134399],[-81.66152,41.134521],[-81.661519,41.134562],[-81.661526,41.134645],[-81.661561,41.13481],[-81.661596,41.134928],[-81.661603,41.134988],[-81.661604,41.135081],[-81.66158,41.135274],[-81.661583,41.13546],[-81.661646,41.135952],[-81.661441,41.135953]]]}},{"type":"Feature","properties":{"id":"COPLEY TWP C","subdivision":"copley"},"geometry":{"type":"Polygon","coordinates":[[[-81.63776,41.135839],[-81.637336,41.135835],[-81.637291,41.135285],[-81.637273,41.135155],[-81.637209,41.134784],[-81.637183,41.134657],[-81.637074,41.13396],[-81.636977,41.133248],[-81.636944,41.132963],[-81.637622,41.132951],[-81.637583,41.133292],[-81.639355,41.133292],[-81.639363,41.131877],[-81.638596,41.13187],[-81.637838,41.131877],[-81.637625,41.130865],[-81.635883,41.130899],[-81.635624,41.130673],[-81.634882,41.130024],[-81.634716,41.129868],[-81.634601,41.129736],[-81.634482,41.129578],[-81.634398,41.129436],[-81.634331,41.129311],[-81.634016,41.128661],[-81.633964,41.128525],[-81.637492,41.128557],[-81.634284,41.127382],[-81.648152,41.127559],[-81.648453,41.127555],[-81.64846,41.125592],[-81.648148,41.125591],[-81.648159,41.125244],[-81.64568,41.125254],[-81.645684,41.124611],[-81.646551,41.124125],[-81.648468,41.124144],[-81.648467,41.123905],[-81.648473,41.122979],[-81.645957,41.122965],[-81.645979,41.122466],[-81.648203,41.122486],[-81.648471,41.122485],[-81.648475,41.120892],[-81.648478,41.120417],[-81.648384,41.120382],[-81.647731,41.120137],[-81.646153,41.119726],[-81.643287,41.119599],[-81.642269,41.119799],[-81.641131,41.119799],[-81.641132,41.120533],[-81.641133,41.120721],[-81.64089,41.120904],[-81.640512,41.12119],[-81.638319,41.121182],[-81.638017,41.121181],[-81.638394,41.120572],[-81.638752,41.120012],[-81.639118,41.119416],[-81.639235,41.119223],[-81.639453,41.118865],[-81.639855,41.118208],[-81.640139,41.11775],[-81.640752,41.116723],[-81.642179,41.114385],[-81.642841,41.113253],[-81.642913,41.113122],[-81.643125,41.11274],[-81.643377,41.112274],[-81.643422,41.112198],[-81.643856,41.111457],[-81.644021,41.111175],[-81.644332,41.110626],[-81.644377,41.110539],[-81.644456,41.11036],[-81.644515,41.110187],[-81.643911,41.110194],[-81.64309,41.11019],[-81.641164,41.110193],[-81.6403,41.110195],[-81.638093,41.110186],[-81.636984,41.110185],[-81.635415,41.110185],[-81.634496,41.110185],[-81.634012,41.110184],[-81.630904,41.11018],[-81.62873,41.110178],[-81.627396,41.110187],[-81.627206,41.110184],[-81.625729,41.110179],[-81.624168,41.110175],[-81.624222,41.108815],[-81.623233,41.108795],[-81.623235,41.110172],[-81.621422,41.11017],[-81.620792,41.11017],[-81.620097,41.110176],[-81.619975,41.110178],[-81.619628,41.110191],[-81.619455,41.110209],[-81.619277,41.110245],[-81.619174,41.110272],[-81.61905,41.110311],[-81.617612,41.110848],[-81.616473,41.111275],[-81.616301,41.111343],[-81.616024,41.111448],[-81.615845,41.111536],[-81.615757,41.111424],[-81.615537,41.111084],[-81.615325,41.110743],[-81.615076,41.110349],[-81.614987,41.1102],[-81.614943,41.110084],[-81.614914,41.109952],[-81.614898,41.109663],[-81.614881,41.10837],[-81.614862,41.107898],[-81.614874,41.107852],[-81.614907,41.107806],[-81.614965,41.107766],[-81.614991,41.107756],[-81.615054,41.107742],[-81.615737,41.10775],[-81.619404,41.107743],[-81.619395,41.107074],[-81.619397,41.106798],[-81.617043,41.106453],[-81.613196,41.103857],[-81.611761,41.10286],[-81.611675,41.102779],[-81.616417,41.102797],[-81.619086,41.102808],[-81.619394,41.102809],[-81.625595,41.102833],[-81.630803,41.102853],[-81.631504,41.102854],[-81.631724,41.102854],[-81.638189,41.102876],[-81.64068,41.102886],[-81.640893,41.102888],[-81.641305,41.102886],[-81.643989,41.102895],[-81.644494,41.102892],[-81.644618,41.102888],[-81.644615,41.103038],[-81.646022,41.102971],[-81.646996,41.102947],[-81.64777,41.102963],[-81.648392,41.102923],[-81.648855,41.103067],[-81.649541,41.103322],[-81.650036,41.103506],[-81.650866,41.10357],[-81.651879,41.103737],[-81.652534,41.103785],[-81.652845,41.103881],[-81.653084,41.104112],[-81.653459,41.104216],[-81.654146,41.104312],[-81.654545,41.104312],[-81.65484,41.104232],[-81.655311,41.10428],[-81.655606,41.104264],[-81.655989,41.104223],[-81.655694,41.10652],[-81.655619,41.107053],[-81.655583,41.107345],[-81.655264,41.109809],[-81.655147,41.110673],[-81.655036,41.111562],[-81.655304,41.111561],[-81.655138,41.112831],[-81.654605,41.116872],[-81.654414,41.118316],[-81.654182,41.120054],[-81.654096,41.120739],[-81.654011,41.121383],[-81.653866,41.122489],[-81.653807,41.122885],[-81.653747,41.123236],[-81.653626,41.1238],[-81.653529,41.124232],[-81.65349,41.124407],[-81.65335,41.12499],[-81.653033,41.126371],[-81.652793,41.127397],[-81.652707,41.127766],[-81.652521,41.128568],[-81.652355,41.12928],[-81.651847,41.131431],[-81.651827,41.131759],[-81.651807,41.131937],[-81.651738,41.132356],[-81.651726,41.132474],[-81.651725,41.132671],[-81.651738,41.132784],[-81.651777,41.132936],[-81.65182,41.133061],[-81.651938,41.133323],[-81.651949,41.133342],[-81.652061,41.134312],[-81.652146,41.135808],[-81.652151,41.135931],[-81.65108,41.13593],[-81.650779,41.135929],[-81.650552,41.135929],[-81.650469,41.135929],[-81.650283,41.135929],[-81.646638,41.135925],[-81.646241,41.135924],[-81.64504,41.135918],[-81.643538,41.135907],[-81.642174,41.135913],[-81.63934,41.135861],[-81.638564,41.13585],[-81.638083,41.135843],[-81.63776,41.135839]],[[-81.638364,41.133644],[-81.639164,41.133636],[-81.639165,41.133552],[-81.639354,41.133555],[-81.639355,41.133333],[-81.639208,41.133343],[-81.639061,41.133367],[-81.638877,41.133414],[-81.638726,41.133468],[-81.638525,41.133564],[-81.638364,41.133644]]]}},{"type":"Feature","properties":{"id":"COPLEY TWP D","subdivision":"copley"},"geometry":{"type":"Polygon","coordinates":[[[-81.687186,41.118866],[-81.68716,41.120122],[-81.687144,41.120961],[-81.687121,41.122079],[-81.687089,41.123642],[-81.687089,41.123666],[-81.687089,41.123905],[-81.687089,41.124119],[-81.6871,41.124197],[-81.687066,41.126203],[-81.687065,41.126323],[-81.687059,41.12692],[-81.687055,41.127254],[-81.68705,41.12796],[-81.686061,41.128979],[-81.678212,41.128715],[-81.677823,41.12871],[-81.676819,41.1287],[-81.676724,41.127081],[-81.676893,41.123711],[-81.676798,41.123766],[-81.6768,41.123534],[-81.672593,41.123492],[-81.672593,41.123457],[-81.672591,41.123104],[-81.672597,41.122926],[-81.672612,41.122244],[-81.672621,41.122191],[-81.672671,41.122012],[-81.672678,41.121884],[-81.672678,41.12176],[-81.672677,41.121177],[-81.672684,41.120377],[-81.672678,41.120237],[-81.67266,41.120141],[-81.672621,41.12002],[-81.672564,41.119902],[-81.672488,41.119781],[-81.672394,41.119664],[-81.672291,41.119555],[-81.672223,41.119493],[-81.672318,41.119419],[-81.672579,41.119267],[-81.672821,41.119139],[-81.672982,41.119073],[-81.673185,41.119009],[-81.67329,41.118981],[-81.673489,41.118947],[-81.673703,41.118925],[-81.673802,41.118922],[-81.674972,41.118928],[-81.675082,41.118925],[-81.675174,41.118913],[-81.675269,41.11889],[-81.675354,41.11886],[-81.675427,41.118824],[-81.675501,41.118777],[-81.675559,41.118728],[-81.675611,41.118677],[-81.675659,41.118618],[-81.67569,41.118564],[-81.675717,41.11847],[-81.675729,41.11834],[-81.675705,41.118239],[-81.675651,41.118129],[-81.675439,41.117805],[-81.674283,41.115972],[-81.674199,41.115833],[-81.67403,41.115595],[-81.673904,41.11543],[-81.673785,41.115263],[-81.673692,41.115096],[-81.673654,41.115013],[-81.673604,41.114872],[-81.67355,41.114642],[-81.673538,41.114543],[-81.673538,41.114416],[-81.673546,41.114298],[-81.673584,41.114044],[-81.673973,41.114083],[-81.674141,41.114101],[-81.675713,41.114273],[-81.675967,41.114305],[-81.676419,41.114375],[-81.676637,41.114413],[-81.677288,41.114541],[-81.677451,41.114583],[-81.678048,41.114768],[-81.678306,41.114854],[-81.678699,41.114997],[-81.679025,41.115092],[-81.679242,41.115136],[-81.679459,41.11517],[-81.679731,41.115203],[-81.680601,41.115296],[-81.681001,41.115334],[-81.68158,41.115391],[-81.682504,41.115477],[-81.683701,41.115579],[-81.684081,41.115618],[-81.684462,41.11565],[-81.685169,41.11572],[-81.686964,41.115877],[-81.687233,41.115904],[-81.68721,41.117694],[-81.687205,41.117978],[-81.687186,41.118866]]]}},{"type":"Feature","properties":{"id":"COPLEY TWP E","subdivision":"copley"},"geometry":{"type":"Polygon","coordinates":[[[-81.672593,41.123492],[-81.667831,41.12341],[-81.667832,41.123134],[-81.667833,41.122905],[-81.667841,41.122232],[-81.66785,41.121882],[-81.667857,41.121642],[-81.663427,41.121559],[-81.66338,41.121558],[-81.663426,41.12127],[-81.663484,41.120807],[-81.663519,41.120684],[-81.663576,41.120542],[-81.663711,41.120245],[-81.663749,41.120181],[-81.66333,41.120063],[-81.663026,41.119963],[-81.662879,41.119931],[-81.662716,41.119904],[-81.662525,41.119886],[-81.662184,41.119849],[-81.662006,41.119814],[-81.661915,41.119785],[-81.661709,41.119705],[-81.661638,41.11967],[-81.661561,41.119622],[-81.661467,41.119552],[-81.661359,41.119464],[-81.661253,41.119351],[-81.660919,41.118958],[-81.660782,41.118781],[-81.660718,41.118683],[-81.660599,41.118452],[-81.66056,41.118361],[-81.66049,41.118156],[-81.660463,41.118062],[-81.660425,41.117871],[-81.660406,41.117713],[-81.6604,41.117555],[-81.660413,41.116872],[-81.660413,41.116419],[-81.660407,41.116167],[-81.660437,41.11589],[-81.660479,41.115699],[-81.660511,41.115599],[-81.660591,41.115404],[-81.66063,41.115331],[-81.660749,41.11516],[-81.660813,41.115087],[-81.660896,41.115003],[-81.661017,41.11491],[-81.661127,41.11484],[-81.661237,41.11478],[-81.661343,41.11473],[-81.661443,41.114688],[-81.661541,41.114654],[-81.661745,41.1146],[-81.661823,41.114586],[-81.661951,41.114575],[-81.662135,41.114566],[-81.662263,41.114565],[-81.662593,41.114577],[-81.662752,41.114589],[-81.663131,41.11464],[-81.663455,41.114695],[-81.663739,41.114743],[-81.664203,41.114828],[-81.664401,41.114874],[-81.664961,41.115027],[-81.665181,41.115074],[-81.665353,41.115102],[-81.665624,41.115137],[-81.665969,41.115152],[-81.666138,41.115139],[-81.66609,41.114713],[-81.666078,41.114318],[-81.666081,41.114103],[-81.666089,41.113982],[-81.66792,41.113963],[-81.667933,41.113867],[-81.667917,41.113565],[-81.667906,41.112924],[-81.667922,41.111415],[-81.66792,41.110854],[-81.668189,41.110868],[-81.669495,41.110869],[-81.669772,41.110866],[-81.669769,41.111963],[-81.669763,41.11242],[-81.669767,41.112466],[-81.669778,41.112502],[-81.669803,41.112536],[-81.669842,41.112561],[-81.669891,41.112577],[-81.669933,41.112583],[-81.671787,41.11258],[-81.671798,41.111525],[-81.671797,41.110865],[-81.67201,41.11087],[-81.672054,41.110871],[-81.674503,41.110869],[-81.674796,41.110874],[-81.676137,41.110878],[-81.676433,41.110874],[-81.676496,41.111229],[-81.676558,41.111477],[-81.676596,41.1116],[-81.676693,41.111848],[-81.67677,41.112013],[-81.676906,41.112261],[-81.677037,41.112468],[-81.677203,41.112702],[-81.677358,41.112899],[-81.677489,41.113047],[-81.677605,41.113181],[-81.677712,41.11328],[-81.678162,41.113657],[-81.678301,41.113781],[-81.678341,41.113823],[-81.678404,41.113905],[-81.678476,41.114029],[-81.678507,41.114112],[-81.678524,41.114194],[-81.678527,41.114318],[-81.678517,41.1144],[-81.678507,41.114441],[-81.678422,41.114647],[-81.678306,41.114854],[-81.678048,41.114768],[-81.677451,41.114583],[-81.677288,41.114541],[-81.676637,41.114413],[-81.676419,41.114375],[-81.675967,41.114305],[-81.675713,41.114273],[-81.674141,41.114101],[-81.673973,41.114083],[-81.673584,41.114044],[-81.673546,41.114298],[-81.673538,41.114416],[-81.673538,41.114543],[-81.67355,41.114642],[-81.673604,41.114872],[-81.673654,41.115013],[-81.673692,41.115096],[-81.673785,41.115263],[-81.673904,41.11543],[-81.67403,41.115595],[-81.674199,41.115833],[-81.674283,41.115972],[-81.675439,41.117805],[-81.675651,41.118129],[-81.675705,41.118239],[-81.675729,41.11834],[-81.675717,41.11847],[-81.67569,41.118564],[-81.675659,41.118618],[-81.675611,41.118677],[-81.675559,41.118728],[-81.675501,41.118777],[-81.675427,41.118824],[-81.675354,41.11886],[-81.675269,41.11889],[-81.675174,41.118913],[-81.675082,41.118925],[-81.674972,41.118928],[-81.673802,41.118922],[-81.673703,41.118925],[-81.673489,41.118947],[-81.67329,41.118981],[-81.673185,41.119009],[-81.672982,41.119073],[-81.672821,41.119139],[-81.672579,41.119267],[-81.672318,41.119419],[-81.672223,41.119493],[-81.672291,41.119555],[-81.672394,41.119664],[-81.672488,41.119781],[-81.672564,41.119902],[-81.672621,41.12002],[-81.67266,41.120141],[-81.672678,41.120237],[-81.672684,41.120377],[-81.672677,41.121177],[-81.672678,41.12176],[-81.672678,41.121884],[-81.672671,41.122012],[-81.672621,41.122191],[-81.672612,41.122244],[-81.672597,41.122926],[-81.672591,41.123104],[-81.672593,41.123457],[-81.672593,41.123492]]]}},{"type":"Feature","properties":{"id":"COPLEY TWP F","subdivision":"copley"},"geometry":{"type":"Polygon","coordinates":[[[-81.654262,41.128635],[-81.652521,41.128568],[-81.652707,41.127766],[-81.652793,41.127397],[-81.653033,41.126371],[-81.65335,41.12499],[-81.65349,41.124407],[-81.653529,41.124232],[-81.653626,41.1238],[-81.653747,41.123236],[-81.653807,41.122885],[-81.653866,41.122489],[-81.654011,41.121383],[-81.654096,41.120739],[-81.654182,41.120054],[-81.654414,41.118316],[-81.654605,41.116872],[-81.655138,41.112831],[-81.655304,41.111561],[-81.657129,41.11156],[-81.657455,41.111557],[-81.657619,41.111559],[-81.657891,41.111574],[-81.658108,41.111604],[-81.658217,41.111625],[-81.65838,41.111666],[-81.658596,41.111739],[-81.658813,41.111822],[-81.658921,41.111868],[-81.659137,41.111969],[-81.659842,41.112261],[-81.660329,41.11246],[-81.66139,41.112876],[-81.662296,41.113214],[-81.663681,41.113747],[-81.663936,41.113837],[-81.664131,41.113891],[-81.664335,41.113931],[-81.664514,41.113958],[-81.66469,41.113974],[-81.664904,41.113983],[-81.666089,41.113982],[-81.666081,41.114103],[-81.666078,41.114318],[-81.66609,41.114713],[-81.666138,41.115139],[-81.665969,41.115152],[-81.665624,41.115137],[-81.665353,41.115102],[-81.665181,41.115074],[-81.664961,41.115027],[-81.664401,41.114874],[-81.664203,41.114828],[-81.663739,41.114743],[-81.663455,41.114695],[-81.663131,41.11464],[-81.662752,41.114589],[-81.662593,41.114577],[-81.662263,41.114565],[-81.662135,41.114566],[-81.661951,41.114575],[-81.661823,41.114586],[-81.661745,41.1146],[-81.661541,41.114654],[-81.661443,41.114688],[-81.661343,41.11473],[-81.661237,41.11478],[-81.661127,41.11484],[-81.661017,41.11491],[-81.660896,41.115003],[-81.660813,41.115087],[-81.660749,41.11516],[-81.66063,41.115331],[-81.660591,41.115404],[-81.660511,41.115599],[-81.660479,41.115699],[-81.660437,41.11589],[-81.660407,41.116167],[-81.660413,41.116419],[-81.660413,41.116872],[-81.6604,41.117555],[-81.660406,41.117713],[-81.660425,41.117871],[-81.660463,41.118062],[-81.66049,41.118156],[-81.66056,41.118361],[-81.660599,41.118452],[-81.660718,41.118683],[-81.660782,41.118781],[-81.660919,41.118958],[-81.661253,41.119351],[-81.661359,41.119464],[-81.661467,41.119552],[-81.661561,41.119622],[-81.661638,41.11967],[-81.661709,41.119705],[-81.661915,41.119785],[-81.662006,41.119814],[-81.662184,41.119849],[-81.662525,41.119886],[-81.662716,41.119904],[-81.662879,41.119931],[-81.663026,41.119963],[-81.66333,41.120063],[-81.663749,41.120181],[-81.663711,41.120245],[-81.663576,41.120542],[-81.663519,41.120684],[-81.663484,41.120807],[-81.663426,41.12127],[-81.66338,41.121558],[-81.663427,41.121559],[-81.667857,41.121642],[-81.66785,41.121882],[-81.667841,41.122232],[-81.667833,41.122905],[-81.667832,41.123134],[-81.667831,41.12341],[-81.667829,41.123903],[-81.667825,41.124027],[-81.667834,41.124246],[-81.663053,41.124005],[-81.659384,41.123791],[-81.658277,41.124151],[-81.657545,41.124325],[-81.657891,41.124871],[-81.658082,41.1254],[-81.658103,41.125525],[-81.658115,41.125552],[-81.658131,41.125922],[-81.65812,41.126179],[-81.658108,41.126294],[-81.658071,41.126532],[-81.658002,41.12692],[-81.657981,41.127084],[-81.657965,41.127331],[-81.657966,41.127722],[-81.657959,41.127949],[-81.657959,41.128319],[-81.657952,41.128545],[-81.657745,41.128543],[-81.657622,41.128546],[-81.657511,41.128554],[-81.657401,41.128569],[-81.65703,41.128629],[-81.656883,41.128654],[-81.656737,41.128667],[-81.656607,41.128671],[-81.655514,41.128664],[-81.654987,41.128663],[-81.654487,41.128661],[-81.65442,41.128661],[-81.654339,41.128652],[-81.654262,41.128635]]]}},{"type":"Feature","properties":{"id":"COPLEY TWP G","subdivision":"copley"},"geometry":{"type":"Polygon","coordinates":[[[-81.687394,41.09818],[-81.687391,41.099408],[-81.687387,41.099843],[-81.687334,41.10647],[-81.687332,41.106624],[-81.687308,41.108919],[-81.687291,41.110546],[-81.687241,41.11525],[-81.687233,41.115904],[-81.686964,41.115877],[-81.685169,41.11572],[-81.684462,41.11565],[-81.684081,41.115618],[-81.683701,41.115579],[-81.682504,41.115477],[-81.68158,41.115391],[-81.681001,41.115334],[-81.680601,41.115296],[-81.679731,41.115203],[-81.679459,41.11517],[-81.679242,41.115136],[-81.679025,41.115092],[-81.678699,41.114997],[-81.678306,41.114854],[-81.678422,41.114647],[-81.678507,41.114441],[-81.678517,41.1144],[-81.678527,41.114318],[-81.678524,41.114194],[-81.678507,41.114112],[-81.678476,41.114029],[-81.678404,41.113905],[-81.678341,41.113823],[-81.678301,41.113781],[-81.678162,41.113657],[-81.677712,41.11328],[-81.677605,41.113181],[-81.677489,41.113047],[-81.677358,41.112899],[-81.677203,41.112702],[-81.677037,41.112468],[-81.676906,41.112261],[-81.67677,41.112013],[-81.676693,41.111848],[-81.676596,41.1116],[-81.676558,41.111477],[-81.676496,41.111229],[-81.676433,41.110874],[-81.676137,41.110878],[-81.674796,41.110874],[-81.674503,41.110869],[-81.672054,41.110871],[-81.67201,41.11087],[-81.671797,41.110865],[-81.671798,41.111525],[-81.671787,41.11258],[-81.669933,41.112583],[-81.669891,41.112577],[-81.669842,41.112561],[-81.669803,41.112536],[-81.669778,41.112502],[-81.669767,41.112466],[-81.669763,41.11242],[-81.669769,41.111963],[-81.669772,41.110866],[-81.669495,41.110869],[-81.668189,41.110868],[-81.66792,41.110854],[-81.667922,41.111415],[-81.667906,41.112924],[-81.667917,41.113565],[-81.667933,41.113867],[-81.66792,41.113963],[-81.666089,41.113982],[-81.664904,41.113983],[-81.66469,41.113974],[-81.664514,41.113958],[-81.664335,41.113931],[-81.664131,41.113891],[-81.663936,41.113837],[-81.663681,41.113747],[-81.662296,41.113214],[-81.66139,41.112876],[-81.660329,41.11246],[-81.659842,41.112261],[-81.659137,41.111969],[-81.658921,41.111868],[-81.658813,41.111822],[-81.658596,41.111739],[-81.65838,41.111666],[-81.658217,41.111625],[-81.658108,41.111604],[-81.657891,41.111574],[-81.657619,41.111559],[-81.657455,41.111557],[-81.657129,41.11156],[-81.655304,41.111561],[-81.655036,41.111562],[-81.655147,41.110673],[-81.655264,41.109809],[-81.655583,41.107345],[-81.655619,41.107053],[-81.655694,41.10652],[-81.655989,41.104223],[-81.656046,41.103775],[-81.656167,41.102895],[-81.65621,41.102647],[-81.656271,41.102352],[-81.656387,41.101861],[-81.656532,41.101332],[-81.656746,41.100622],[-81.657158,41.099326],[-81.657429,41.099329],[-81.657812,41.099333],[-81.660006,41.099352],[-81.661113,41.099363],[-81.661412,41.099373],[-81.661497,41.099371],[-81.661949,41.099362],[-81.663816,41.099372],[-81.664523,41.099368],[-81.664877,41.099372],[-81.666907,41.099375],[-81.667374,41.099352],[-81.667474,41.099342],[-81.667643,41.099318],[-81.667754,41.099297],[-81.66787,41.09927],[-81.667976,41.099234],[-81.668116,41.099178],[-81.668226,41.099129],[-81.66946,41.09849],[-81.670381,41.098024],[-81.67057,41.097928],[-81.670884,41.097762],[-81.671075,41.097663],[-81.672012,41.097193],[-81.672114,41.097145],[-81.672375,41.097034],[-81.672536,41.096973],[-81.672764,41.0969],[-81.672904,41.096861],[-81.673204,41.096785],[-81.674276,41.096501],[-81.675201,41.096258],[-81.675353,41.096219],[-81.675881,41.096068],[-81.676239,41.095959],[-81.676908,41.095766],[-81.677539,41.095578],[-81.678645,41.095244],[-81.67938,41.095032],[-81.680872,41.094582],[-81.681288,41.094457],[-81.681834,41.094312],[-81.68217,41.094237],[-81.68302,41.094037],[-81.683101,41.094016],[-81.683223,41.093987],[-81.684141,41.093774],[-81.684785,41.093614],[-81.685041,41.093554],[-81.685316,41.093498],[-81.686678,41.093242],[-81.687411,41.093097],[-81.687409,41.093522],[-81.687408,41.093902],[-81.687395,41.098041],[-81.687394,41.09818]]]}},{"type":"Feature","properties":{"id":"COPLEY TWP H","subdivision":"copley"},"geometry":{"type":"Polygon","coordinates":[[[-81.687424,41.091203],[-81.68742,41.091743],[-81.687411,41.093027],[-81.687411,41.093097],[-81.686678,41.093242],[-81.685316,41.093498],[-81.685041,41.093554],[-81.684785,41.093614],[-81.684141,41.093774],[-81.683223,41.093987],[-81.683101,41.094016],[-81.68302,41.094037],[-81.68217,41.094237],[-81.681834,41.094312],[-81.681288,41.094457],[-81.680872,41.094582],[-81.67938,41.095032],[-81.678645,41.095244],[-81.677539,41.095578],[-81.676908,41.095766],[-81.676239,41.095959],[-81.675881,41.096068],[-81.675353,41.096219],[-81.675201,41.096258],[-81.674276,41.096501],[-81.673204,41.096785],[-81.672904,41.096861],[-81.672764,41.0969],[-81.672536,41.096973],[-81.672375,41.097034],[-81.672114,41.097145],[-81.672012,41.097193],[-81.671075,41.097663],[-81.670884,41.097762],[-81.67057,41.097928],[-81.670381,41.098024],[-81.66946,41.09849],[-81.668226,41.099129],[-81.668116,41.099178],[-81.667976,41.099234],[-81.66787,41.09927],[-81.667754,41.099297],[-81.667643,41.099318],[-81.667474,41.099342],[-81.667374,41.099352],[-81.666907,41.099375],[-81.664877,41.099372],[-81.664523,41.099368],[-81.663816,41.099372],[-81.661949,41.099362],[-81.661497,41.099371],[-81.661412,41.099373],[-81.661113,41.099363],[-81.660006,41.099352],[-81.657812,41.099333],[-81.657429,41.099329],[-81.657158,41.099326],[-81.656746,41.100622],[-81.656532,41.101332],[-81.656387,41.101861],[-81.656271,41.102352],[-81.65621,41.102647],[-81.656167,41.102895],[-81.656046,41.103775],[-81.655989,41.104223],[-81.655606,41.104264],[-81.655311,41.10428],[-81.65484,41.104232],[-81.654545,41.104312],[-81.654146,41.104312],[-81.653459,41.104216],[-81.653084,41.104112],[-81.652845,41.103881],[-81.652534,41.103785],[-81.651879,41.103737],[-81.650866,41.10357],[-81.650036,41.103506],[-81.649541,41.103322],[-81.648855,41.103067],[-81.648392,41.102923],[-81.64777,41.102963],[-81.646996,41.102947],[-81.646022,41.102971],[-81.644615,41.103038],[-81.644618,41.102888],[-81.644494,41.102892],[-81.643989,41.102895],[-81.641305,41.102886],[-81.640893,41.102888],[-81.64068,41.102886],[-81.638189,41.102876],[-81.631724,41.102854],[-81.631504,41.102854],[-81.630803,41.102853],[-81.625595,41.102833],[-81.619394,41.102809],[-81.619086,41.102808],[-81.618098,41.101947],[-81.61786,41.101794],[-81.617734,41.101697],[-81.617795,41.101654],[-81.617889,41.101573],[-81.618032,41.101401],[-81.618092,41.101281],[-81.61812,41.101205],[-81.618142,41.101096],[-81.618149,41.100948],[-81.618149,41.10076],[-81.618153,41.0983],[-81.618488,41.098302],[-81.619057,41.098339],[-81.619412,41.098345],[-81.619417,41.096732],[-81.619411,41.095862],[-81.619417,41.095308],[-81.619413,41.093625],[-81.619416,41.093334],[-81.619831,41.093533],[-81.620789,41.094003],[-81.620868,41.093907],[-81.621197,41.093537],[-81.621504,41.093183],[-81.621661,41.09301],[-81.621451,41.092906],[-81.621314,41.092809],[-81.62127,41.092771],[-81.621232,41.09273],[-81.621177,41.092655],[-81.621147,41.0926],[-81.62111,41.092473],[-81.621091,41.092304],[-81.621098,41.092072],[-81.622099,41.092056],[-81.622441,41.092057],[-81.622806,41.092053],[-81.622976,41.092055],[-81.623366,41.092062],[-81.623554,41.092085],[-81.623666,41.092112],[-81.623797,41.092164],[-81.62392,41.092231],[-81.624041,41.092315],[-81.624221,41.092484],[-81.624417,41.092635],[-81.624564,41.092701],[-81.624699,41.092735],[-81.624819,41.092758],[-81.624938,41.09277],[-81.625197,41.092778],[-81.625187,41.093166],[-81.625181,41.093242],[-81.625154,41.093392],[-81.625128,41.093496],[-81.62503,41.093759],[-81.624984,41.093854],[-81.624902,41.093998],[-81.624625,41.094458],[-81.624489,41.094654],[-81.624395,41.094773],[-81.623926,41.095301],[-81.623789,41.095464],[-81.623903,41.095519],[-81.625157,41.096139],[-81.625975,41.096532],[-81.62659,41.096844],[-81.626863,41.096978],[-81.627775,41.097424],[-81.628098,41.097576],[-81.630209,41.098611],[-81.630635,41.098816],[-81.630923,41.098949],[-81.631091,41.099021],[-81.631238,41.099075],[-81.631356,41.099109],[-81.631498,41.099137],[-81.631632,41.099155],[-81.631787,41.099165],[-81.631894,41.099167],[-81.631991,41.099168],[-81.633409,41.09917],[-81.63403,41.099169],[-81.635095,41.099177],[-81.635601,41.099178],[-81.635605,41.098448],[-81.6356,41.098037],[-81.635601,41.097444],[-81.63561,41.096859],[-81.635618,41.095562],[-81.635624,41.094649],[-81.635616,41.094366],[-81.635618,41.094293],[-81.63778,41.094289],[-81.638301,41.094292],[-81.638965,41.094291],[-81.639299,41.094288],[-81.63971,41.094293],[-81.640371,41.09429],[-81.64136,41.094292],[-81.642966,41.094291],[-81.643928,41.094288],[-81.644233,41.094292],[-81.644629,41.094289],[-81.644618,41.093716],[-81.644628,41.093362],[-81.644624,41.092687],[-81.644624,41.091803],[-81.644618,41.091521],[-81.644622,41.090905],[-81.644624,41.090795],[-81.644631,41.090193],[-81.644643,41.089971],[-81.644639,41.08977],[-81.644646,41.089548],[-81.644641,41.089206],[-81.644644,41.089075],[-81.644647,41.088962],[-81.644645,41.088785],[-81.64465,41.08859],[-81.644648,41.088303],[-81.644664,41.086984],[-81.644666,41.086325],[-81.644677,41.086055],[-81.644683,41.085606],[-81.644687,41.085306],[-81.644688,41.084531],[-81.644682,41.084326],[-81.644672,41.084214],[-81.64465,41.084102],[-81.64461,41.083961],[-81.64457,41.083861],[-81.644522,41.083763],[-81.644331,41.083434],[-81.644168,41.083179],[-81.643862,41.082725],[-81.643648,41.082428],[-81.643482,41.082177],[-81.643321,41.081952],[-81.643145,41.081681],[-81.643046,41.081518],[-81.642891,41.081292],[-81.643164,41.081249],[-81.643399,41.081243],[-81.643607,41.081244],[-81.643898,41.081239],[-81.644134,41.081241],[-81.644622,41.081231],[-81.645632,41.081223],[-81.646242,41.081227],[-81.646643,41.081219],[-81.647417,41.081218],[-81.64768,41.081211],[-81.647806,41.081214],[-81.649355,41.081212],[-81.650301,41.081205],[-81.650829,41.081207],[-81.651403,41.081204],[-81.651905,41.081208],[-81.653005,41.081206],[-81.653965,41.081193],[-81.65459,41.081199],[-81.654831,41.081192],[-81.655295,41.081191],[-81.655756,41.081205],[-81.656002,41.081202],[-81.656138,41.081203],[-81.656407,41.081205],[-81.656465,41.081198],[-81.65687,41.081201],[-81.657122,41.081203],[-81.658291,41.081196],[-81.658485,41.08119],[-81.659129,41.081191],[-81.659476,41.081187],[-81.660078,41.08118],[-81.660239,41.081182],[-81.661216,41.08118],[-81.66174,41.081188],[-81.662153,41.081188],[-81.66265,41.08119],[-81.6632,41.081204],[-81.663843,41.081206],[-81.664134,41.081205],[-81.664531,41.081204],[-81.664865,41.08121],[-81.665348,41.081199],[-81.666354,41.081192],[-81.66732,41.081192],[-81.667561,41.081196],[-81.667993,41.081192],[-81.668229,41.081199],[-81.669013,41.081201],[-81.670123,41.081204],[-81.671121,41.081207],[-81.671515,41.081205],[-81.671754,41.081209],[-81.672236,41.08121],[-81.672858,41.081218],[-81.673223,41.081216],[-81.674345,41.081224],[-81.674731,41.081222],[-81.675077,41.081226],[-81.675346,41.081224],[-81.675901,41.081229],[-81.675917,41.081661],[-81.675771,41.086715],[-81.677285,41.086716],[-81.677284,41.088751],[-81.677278,41.090331],[-81.687441,41.089079],[-81.687424,41.091091],[-81.687424,41.091203]]]}},{"type":"Feature","properties":{"id":"COPLEY TWP I","subdivision":"copley"},"geometry":{"type":"Polygon","coordinates":[[[-81.619831,41.093533],[-81.619416,41.093334],[-81.619107,41.093191],[-81.618185,41.092726],[-81.61784,41.092559],[-81.617214,41.092241],[-81.617103,41.092188],[-81.616562,41.091928],[-81.615824,41.091567],[-81.615524,41.09142],[-81.615491,41.091409],[-81.61503,41.091189],[-81.614331,41.090847],[-81.614265,41.090814],[-81.61422,41.090793],[-81.613731,41.090562],[-81.61191,41.089653],[-81.611739,41.089573],[-81.611721,41.089667],[-81.61166,41.09],[-81.610862,41.089856],[-81.610698,41.090963],[-81.608278,41.090945],[-81.608276,41.090832],[-81.607193,41.090808],[-81.607209,41.089749],[-81.606359,41.08975],[-81.606361,41.0895],[-81.605249,41.089414],[-81.605239,41.089555],[-81.604989,41.089537],[-81.604974,41.089472],[-81.604786,41.089466],[-81.604793,41.089145],[-81.604803,41.088804],[-81.605371,41.088811],[-81.60572,41.088817],[-81.606266,41.088829],[-81.606989,41.088846],[-81.606982,41.087792],[-81.606976,41.085864],[-81.606993,41.085377],[-81.60699,41.085172],[-81.606988,41.08502],[-81.606972,41.084532],[-81.606987,41.084241],[-81.606986,41.084018],[-81.606323,41.084018],[-81.60631,41.083808],[-81.606308,41.083661],[-81.606329,41.082223],[-81.606334,41.081397],[-81.606289,41.081288],[-81.60629,41.080715],[-81.607078,41.080738],[-81.608092,41.080767],[-81.608269,41.080651],[-81.608225,41.080446],[-81.60753,41.077145],[-81.607294,41.077154],[-81.607403,41.077102],[-81.607465,41.077107],[-81.607519,41.077127],[-81.606692,41.075656],[-81.606543,41.073572],[-81.606614,41.073573],[-81.607044,41.073571],[-81.607552,41.07356],[-81.608502,41.073557],[-81.610078,41.073562],[-81.612197,41.073555],[-81.61261,41.073557],[-81.613716,41.07355],[-81.616808,41.073551],[-81.617139,41.073552],[-81.617595,41.073546],[-81.617916,41.07355],[-81.61807,41.073547],[-81.618188,41.073546],[-81.618725,41.073551],[-81.619124,41.073551],[-81.619408,41.073552],[-81.619461,41.073558],[-81.619548,41.073581],[-81.619528,41.073643],[-81.61951,41.073949],[-81.61951,41.074137],[-81.619512,41.074233],[-81.619493,41.075349],[-81.619488,41.075801],[-81.619476,41.076917],[-81.619478,41.07716],[-81.620236,41.077157],[-81.62063,41.07716],[-81.621001,41.077169],[-81.621179,41.077167],[-81.62212,41.077175],[-81.622226,41.077175],[-81.622916,41.077174],[-81.623196,41.077174],[-81.623888,41.077178],[-81.625791,41.077178],[-81.626041,41.077185],[-81.626311,41.077187],[-81.627642,41.077189],[-81.628825,41.077193],[-81.628954,41.077199],[-81.629345,41.077208],[-81.629783,41.077211],[-81.632237,41.077247],[-81.632251,41.076507],[-81.62958,41.076111],[-81.629341,41.07366],[-81.625344,41.073553],[-81.625844,41.072653],[-81.625345,41.071852],[-81.624845,41.07156],[-81.624153,41.071161],[-81.624068,41.07104],[-81.624217,41.070954],[-81.624558,41.070736],[-81.624711,41.070632],[-81.625074,41.070349],[-81.625343,41.070123],[-81.625492,41.070007],[-81.625623,41.069907],[-81.625783,41.069773],[-81.625905,41.069683],[-81.62611,41.069522],[-81.626367,41.069365],[-81.626525,41.06952],[-81.626719,41.069695],[-81.626887,41.069837],[-81.627214,41.070135],[-81.627408,41.07029],[-81.62755,41.070392],[-81.627731,41.070496],[-81.627792,41.070529],[-81.627993,41.070609],[-81.628589,41.070821],[-81.628825,41.070898],[-81.629278,41.071062],[-81.629428,41.07111],[-81.630289,41.071414],[-81.630783,41.071581],[-81.631117,41.0717],[-81.632138,41.072053],[-81.632587,41.072214],[-81.632744,41.072266],[-81.633306,41.072468],[-81.633553,41.072552],[-81.633742,41.072624],[-81.633911,41.072679],[-81.634563,41.072907],[-81.634682,41.072945],[-81.635274,41.073154],[-81.635448,41.073211],[-81.635904,41.073375],[-81.636209,41.073477],[-81.637121,41.073799],[-81.637701,41.073999],[-81.638165,41.074164],[-81.638323,41.074225],[-81.638563,41.074304],[-81.639015,41.07446],[-81.6391,41.074695],[-81.639164,41.074839],[-81.639227,41.074941],[-81.639328,41.075134],[-81.639502,41.075427],[-81.639632,41.075674],[-81.640133,41.076579],[-81.640292,41.076876],[-81.64056,41.077357],[-81.640889,41.077947],[-81.641011,41.078174],[-81.641053,41.078253],[-81.641205,41.078517],[-81.64134,41.078764],[-81.641747,41.079453],[-81.641814,41.079564],[-81.642452,41.080608],[-81.642598,41.080822],[-81.642833,41.0812],[-81.642891,41.081292],[-81.643046,41.081518],[-81.643145,41.081681],[-81.643321,41.081952],[-81.643482,41.082177],[-81.643648,41.082428],[-81.643862,41.082725],[-81.644168,41.083179],[-81.644331,41.083434],[-81.644522,41.083763],[-81.64457,41.083861],[-81.64461,41.083961],[-81.64465,41.084102],[-81.644672,41.084214],[-81.644682,41.084326],[-81.644688,41.084531],[-81.644687,41.085306],[-81.644683,41.085606],[-81.644677,41.086055],[-81.644666,41.086325],[-81.644664,41.086984],[-81.644648,41.088303],[-81.64465,41.08859],[-81.644645,41.088785],[-81.644647,41.088962],[-81.644644,41.089075],[-81.644641,41.089206],[-81.644646,41.089548],[-81.644639,41.08977],[-81.644643,41.089971],[-81.644631,41.090193],[-81.644624,41.090795],[-81.644622,41.090905],[-81.644618,41.091521],[-81.644624,41.091803],[-81.644624,41.092687],[-81.644628,41.093362],[-81.644618,41.093716],[-81.644629,41.094289],[-81.644233,41.094292],[-81.643928,41.094288],[-81.642966,41.094291],[-81.64136,41.094292],[-81.640371,41.09429],[-81.63971,41.094293],[-81.639299,41.094288],[-81.638965,41.094291],[-81.638301,41.094292],[-81.63778,41.094289],[-81.635618,41.094293],[-81.635616,41.094366],[-81.635624,41.094649],[-81.635618,41.095562],[-81.63561,41.096859],[-81.635601,41.097444],[-81.6356,41.098037],[-81.635605,41.098448],[-81.635601,41.099178],[-81.635095,41.099177],[-81.63403,41.099169],[-81.633409,41.09917],[-81.631991,41.099168],[-81.631894,41.099167],[-81.631787,41.099165],[-81.631632,41.099155],[-81.631498,41.099137],[-81.631356,41.099109],[-81.631238,41.099075],[-81.631091,41.099021],[-81.630923,41.098949],[-81.630635,41.098816],[-81.630209,41.098611],[-81.628098,41.097576],[-81.627775,41.097424],[-81.626863,41.096978],[-81.62659,41.096844],[-81.625975,41.096532],[-81.625157,41.096139],[-81.623903,41.095519],[-81.623789,41.095464],[-81.623926,41.095301],[-81.624395,41.094773],[-81.624489,41.094654],[-81.624625,41.094458],[-81.624902,41.093998],[-81.624984,41.093854],[-81.62503,41.093759],[-81.625128,41.093496],[-81.625154,41.093392],[-81.625181,41.093242],[-81.625187,41.093166],[-81.625197,41.092778],[-81.624938,41.09277],[-81.624819,41.092758],[-81.624699,41.092735],[-81.624564,41.092701],[-81.624417,41.092635],[-81.624221,41.092484],[-81.624041,41.092315],[-81.62392,41.092231],[-81.623797,41.092164],[-81.623666,41.092112],[-81.623554,41.092085],[-81.623366,41.092062],[-81.622976,41.092055],[-81.622806,41.092053],[-81.622441,41.092057],[-81.622099,41.092056],[-81.621098,41.092072],[-81.621091,41.092304],[-81.62111,41.092473],[-81.621147,41.0926],[-81.621177,41.092655],[-81.621232,41.09273],[-81.62127,41.092771],[-81.621314,41.092809],[-81.621451,41.092906],[-81.621661,41.09301],[-81.621504,41.093183],[-81.621197,41.093537],[-81.620868,41.093907],[-81.620789,41.094003],[-81.619831,41.093533]]]}},{"type":"Feature","properties":{"id":"COPLEY TWP J","subdivision":"copley"},"geometry":{"type":"Polygon","coordinates":[[[-81.616417,41.102797],[-81.611675,41.102779],[-81.609961,41.100654],[-81.609989,41.099173],[-81.611065,41.099166],[-81.611063,41.098998],[-81.611069,41.098158],[-81.611083,41.0973],[-81.611087,41.096031],[-81.611098,41.09505],[-81.611112,41.093869],[-81.610337,41.093862],[-81.607986,41.093865],[-81.606335,41.09386],[-81.606343,41.093671],[-81.606356,41.092462],[-81.606354,41.092035],[-81.60636,41.09187],[-81.606356,41.091726],[-81.606359,41.091504],[-81.606374,41.091105],[-81.606391,41.090913],[-81.606414,41.090213],[-81.606406,41.090178],[-81.606377,41.090124],[-81.606361,41.09011],[-81.606336,41.0901],[-81.605703,41.090078],[-81.605337,41.090069],[-81.604457,41.090066],[-81.604226,41.090062],[-81.604108,41.090056],[-81.604109,41.089827],[-81.604128,41.089592],[-81.60414,41.089096],[-81.604149,41.088754],[-81.604245,41.088772],[-81.604366,41.088784],[-81.604659,41.088802],[-81.604803,41.088804],[-81.604793,41.089145],[-81.604786,41.089466],[-81.604974,41.089472],[-81.604989,41.089537],[-81.605239,41.089555],[-81.605249,41.089414],[-81.606361,41.0895],[-81.606359,41.08975],[-81.607209,41.089749],[-81.607193,41.090808],[-81.608276,41.090832],[-81.608278,41.090945],[-81.610698,41.090963],[-81.610862,41.089856],[-81.61166,41.09],[-81.611721,41.089667],[-81.611739,41.089573],[-81.61191,41.089653],[-81.613731,41.090562],[-81.61422,41.090793],[-81.614265,41.090814],[-81.614331,41.090847],[-81.61503,41.091189],[-81.615491,41.091409],[-81.615524,41.09142],[-81.615824,41.091567],[-81.616562,41.091928],[-81.617103,41.092188],[-81.617214,41.092241],[-81.61784,41.092559],[-81.618185,41.092726],[-81.619107,41.093191],[-81.619416,41.093334],[-81.619413,41.093625],[-81.619417,41.095308],[-81.619411,41.095862],[-81.619417,41.096732],[-81.619412,41.098345],[-81.619057,41.098339],[-81.618488,41.098302],[-81.618153,41.0983],[-81.618149,41.10076],[-81.618149,41.100948],[-81.618142,41.101096],[-81.61812,41.101205],[-81.618092,41.101281],[-81.618032,41.101401],[-81.617889,41.101573],[-81.617795,41.101654],[-81.617734,41.101697],[-81.61786,41.101794],[-81.618098,41.101947],[-81.619086,41.102808],[-81.616417,41.102797]]]}},{"type":"Feature","properties":{"id":"COPLEY TWP K","subdivision":"copley"},"geometry":{"type":"Polygon","coordinates":[[[-81.59469,41.095717],[-81.58925,41.095486],[-81.588806,41.095464],[-81.588341,41.095432],[-81.588341,41.094953],[-81.588341,41.092153],[-81.59032,41.092087],[-81.590394,41.091862],[-81.590475,41.091672],[-81.590585,41.091456],[-81.590715,41.09122],[-81.590866,41.090959],[-81.588449,41.090812],[-81.588346,41.083456],[-81.588374,41.082944],[-81.588381,41.08195],[-81.588403,41.081147],[-81.58844,41.080041],[-81.588444,41.079485],[-81.588445,41.079385],[-81.588449,41.078969],[-81.588484,41.078351],[-81.588499,41.077248],[-81.588498,41.076822],[-81.58851,41.076488],[-81.588531,41.075451],[-81.588549,41.075071],[-81.588549,41.075035],[-81.588547,41.074772],[-81.58859,41.073598],[-81.588924,41.073593],[-81.589852,41.073589],[-81.59104,41.073589],[-81.59124,41.073589],[-81.591553,41.073589],[-81.592504,41.073587],[-81.594993,41.073576],[-81.595482,41.07358],[-81.596134,41.073582],[-81.596592,41.073576],[-81.596889,41.073582],[-81.601445,41.073579],[-81.603087,41.073571],[-81.60348,41.073564],[-81.603656,41.073567],[-81.605927,41.073568],[-81.606543,41.073572],[-81.606692,41.075656],[-81.607519,41.077127],[-81.607465,41.077107],[-81.607403,41.077102],[-81.607294,41.077154],[-81.60753,41.077145],[-81.608225,41.080446],[-81.608269,41.080651],[-81.608092,41.080767],[-81.607078,41.080738],[-81.60629,41.080715],[-81.606289,41.081288],[-81.606334,41.081397],[-81.606329,41.082223],[-81.606308,41.083661],[-81.60631,41.083808],[-81.606323,41.084018],[-81.606986,41.084018],[-81.606987,41.084241],[-81.606972,41.084532],[-81.606988,41.08502],[-81.60699,41.085172],[-81.606993,41.085377],[-81.606976,41.085864],[-81.606982,41.087792],[-81.606989,41.088846],[-81.606266,41.088829],[-81.60572,41.088817],[-81.605371,41.088811],[-81.604803,41.088804],[-81.604659,41.088802],[-81.604366,41.088784],[-81.604245,41.088772],[-81.604149,41.088754],[-81.60414,41.089096],[-81.604128,41.089592],[-81.604109,41.089827],[-81.604108,41.090056],[-81.604226,41.090062],[-81.604457,41.090066],[-81.605337,41.090069],[-81.605703,41.090078],[-81.606336,41.0901],[-81.606361,41.09011],[-81.606377,41.090124],[-81.606406,41.090178],[-81.606414,41.090213],[-81.606391,41.090913],[-81.606374,41.091105],[-81.606359,41.091504],[-81.606356,41.091726],[-81.60636,41.09187],[-81.606354,41.092035],[-81.606356,41.092462],[-81.606343,41.093671],[-81.606335,41.09386],[-81.607986,41.093865],[-81.610337,41.093862],[-81.611112,41.093869],[-81.611098,41.09505],[-81.611087,41.096031],[-81.611083,41.0973],[-81.611069,41.098158],[-81.611063,41.098998],[-81.611065,41.099166],[-81.609989,41.099173],[-81.609961,41.100654],[-81.611675,41.102779],[-81.611761,41.10286],[-81.613196,41.103857],[-81.617043,41.106453],[-81.619397,41.106798],[-81.619395,41.107074],[-81.619404,41.107743],[-81.615737,41.10775],[-81.615054,41.107742],[-81.614991,41.107756],[-81.614965,41.107766],[-81.614907,41.107806],[-81.614874,41.107852],[-81.614862,41.107898],[-81.614881,41.10837],[-81.614898,41.109663],[-81.614914,41.109952],[-81.614943,41.110084],[-81.614987,41.1102],[-81.615076,41.110349],[-81.613957,41.11087],[-81.614843,41.11199],[-81.614937,41.112119],[-81.614754,41.11224],[-81.614119,41.112675],[-81.614065,41.11271],[-81.613904,41.112818],[-81.613474,41.113078],[-81.61322,41.113215],[-81.612969,41.11334],[-81.612851,41.113392],[-81.612694,41.11346],[-81.612262,41.113612],[-81.611659,41.113776],[-81.611215,41.113393],[-81.610147,41.112493],[-81.609941,41.112329],[-81.609226,41.111771],[-81.608649,41.111364],[-81.607428,41.110568],[-81.606693,41.110125],[-81.606283,41.109868],[-81.606095,41.109766],[-81.605441,41.109414],[-81.605042,41.109229],[-81.604874,41.109151],[-81.60493,41.107273],[-81.604892,41.106601],[-81.605086,41.104765],[-81.604959,41.104308],[-81.604944,41.104238],[-81.604492,41.103854],[-81.604512,41.103691],[-81.604467,41.103435],[-81.604721,41.103434],[-81.604847,41.103433],[-81.604844,41.102797],[-81.60463,41.102816],[-81.604224,41.10286],[-81.603892,41.102904],[-81.603768,41.102924],[-81.603291,41.103009],[-81.602954,41.103081],[-81.60288,41.103097],[-81.602385,41.103222],[-81.601831,41.103385],[-81.601447,41.103516],[-81.600488,41.103869],[-81.599253,41.104331],[-81.599262,41.102856],[-81.595852,41.102844],[-81.594612,41.101934],[-81.594542,41.101653],[-81.594578,41.099333],[-81.59469,41.095717]]]}},{"type":"Feature","properties":{"id":"COPLEY TWP L","subdivision":"copley"},"geometry":{"type":"Polygon","coordinates":[[[-81.687624,41.062152],[-81.687624,41.062173],[-81.687617,41.06305],[-81.687614,41.063399],[-81.687611,41.063656],[-81.687597,41.064674],[-81.687597,41.064698],[-81.687558,41.070232],[-81.687546,41.07203],[-81.687494,41.079832],[-81.68749,41.080427],[-81.687488,41.080661],[-81.687486,41.08109],[-81.687485,41.081238],[-81.687448,41.087893],[-81.687442,41.088923],[-81.687441,41.089079],[-81.677278,41.090331],[-81.677284,41.088751],[-81.677285,41.086716],[-81.675771,41.086715],[-81.675917,41.081661],[-81.675901,41.081229],[-81.675346,41.081224],[-81.675077,41.081226],[-81.674731,41.081222],[-81.674345,41.081224],[-81.673223,41.081216],[-81.672858,41.081218],[-81.672236,41.08121],[-81.671754,41.081209],[-81.671515,41.081205],[-81.671121,41.081207],[-81.670123,41.081204],[-81.669013,41.081201],[-81.668229,41.081199],[-81.667993,41.081192],[-81.667561,41.081196],[-81.66732,41.081192],[-81.666354,41.081192],[-81.665348,41.081199],[-81.664865,41.08121],[-81.664531,41.081204],[-81.664134,41.081205],[-81.663843,41.081206],[-81.6632,41.081204],[-81.66265,41.08119],[-81.662153,41.081188],[-81.66174,41.081188],[-81.661216,41.08118],[-81.660239,41.081182],[-81.660078,41.08118],[-81.659476,41.081187],[-81.659129,41.081191],[-81.658485,41.08119],[-81.658291,41.081196],[-81.657122,41.081203],[-81.65687,41.081201],[-81.656465,41.081198],[-81.656407,41.081205],[-81.656138,41.081203],[-81.656002,41.081202],[-81.655756,41.081205],[-81.655295,41.081191],[-81.654831,41.081192],[-81.65459,41.081199],[-81.653965,41.081193],[-81.653005,41.081206],[-81.651905,41.081208],[-81.651403,41.081204],[-81.650829,41.081207],[-81.650301,41.081205],[-81.649355,41.081212],[-81.647806,41.081214],[-81.64768,41.081211],[-81.647417,41.081218],[-81.646643,41.081219],[-81.646242,41.081227],[-81.645632,41.081223],[-81.644622,41.081231],[-81.644134,41.081241],[-81.643898,41.081239],[-81.643607,41.081244],[-81.643399,41.081243],[-81.643164,41.081249],[-81.642891,41.081292],[-81.642833,41.0812],[-81.642598,41.080822],[-81.642452,41.080608],[-81.641814,41.079564],[-81.641747,41.079453],[-81.64134,41.078764],[-81.641205,41.078517],[-81.641053,41.078253],[-81.641011,41.078174],[-81.640889,41.077947],[-81.64056,41.077357],[-81.640292,41.076876],[-81.640133,41.076579],[-81.639632,41.075674],[-81.639502,41.075427],[-81.639328,41.075134],[-81.639227,41.074941],[-81.639164,41.074839],[-81.6391,41.074695],[-81.639015,41.07446],[-81.638563,41.074304],[-81.638323,41.074225],[-81.638165,41.074164],[-81.637701,41.073999],[-81.637121,41.073799],[-81.636209,41.073477],[-81.635904,41.073375],[-81.635448,41.073211],[-81.635274,41.073154],[-81.634682,41.072945],[-81.634563,41.072907],[-81.633911,41.072679],[-81.633742,41.072624],[-81.633553,41.072552],[-81.633306,41.072468],[-81.632744,41.072266],[-81.632587,41.072214],[-81.632138,41.072053],[-81.631117,41.0717],[-81.630783,41.071581],[-81.630289,41.071414],[-81.629428,41.07111],[-81.629278,41.071062],[-81.628825,41.070898],[-81.628589,41.070821],[-81.627993,41.070609],[-81.627792,41.070529],[-81.627731,41.070496],[-81.62755,41.070392],[-81.627408,41.07029],[-81.627214,41.070135],[-81.626887,41.069837],[-81.626719,41.069695],[-81.626525,41.06952],[-81.626367,41.069365],[-81.62611,41.069522],[-81.625905,41.069683],[-81.625783,41.069773],[-81.625623,41.069907],[-81.625492,41.070007],[-81.625343,41.070123],[-81.625074,41.070349],[-81.624711,41.070632],[-81.624558,41.070736],[-81.624217,41.070954],[-81.624068,41.07104],[-81.624153,41.071161],[-81.624845,41.07156],[-81.625345,41.071852],[-81.625844,41.072653],[-81.625344,41.073553],[-81.629341,41.07366],[-81.62958,41.076111],[-81.632251,41.076507],[-81.632237,41.077247],[-81.629783,41.077211],[-81.629345,41.077208],[-81.628954,41.077199],[-81.628825,41.077193],[-81.627642,41.077189],[-81.626311,41.077187],[-81.626041,41.077185],[-81.625791,41.077178],[-81.623888,41.077178],[-81.623196,41.077174],[-81.622916,41.077174],[-81.622226,41.077175],[-81.62212,41.077175],[-81.621179,41.077167],[-81.621001,41.077169],[-81.62063,41.07716],[-81.620236,41.077157],[-81.619478,41.07716],[-81.619476,41.076917],[-81.619488,41.075801],[-81.619493,41.075349],[-81.619512,41.074233],[-81.61951,41.074137],[-81.61951,41.073949],[-81.619528,41.073643],[-81.619548,41.073581],[-81.619461,41.073558],[-81.619408,41.073552],[-81.619124,41.073551],[-81.618725,41.073551],[-81.618188,41.073546],[-81.61807,41.073547],[-81.617916,41.07355],[-81.617595,41.073546],[-81.617139,41.073552],[-81.616808,41.073551],[-81.613716,41.07355],[-81.61261,41.073557],[-81.612197,41.073555],[-81.610078,41.073562],[-81.608502,41.073557],[-81.607552,41.07356],[-81.607044,41.073571],[-81.606614,41.073573],[-81.606543,41.073572],[-81.605927,41.073568],[-81.603656,41.073567],[-81.60348,41.073564],[-81.603087,41.073571],[-81.601445,41.073579],[-81.596889,41.073582],[-81.596592,41.073576],[-81.596134,41.073582],[-81.595482,41.07358],[-81.594993,41.073576],[-81.592504,41.073587],[-81.591553,41.073589],[-81.59124,41.073589],[-81.59104,41.073589],[-81.589852,41.073589],[-81.588924,41.073593],[-81.58859,41.073598],[-81.588591,41.072874],[-81.588631,41.071383],[-81.588654,41.070167],[-81.588684,41.068649],[-81.588715,41.067645],[-81.588723,41.067416],[-81.588731,41.066726],[-81.588727,41.066521],[-81.588748,41.065888],[-81.588749,41.065538],[-81.58875,41.065416],[-81.588759,41.065119],[-81.58877,41.064462],[-81.588773,41.064263],[-81.588807,41.062918],[-81.588822,41.06245],[-81.590891,41.062549],[-81.592942,41.062453],[-81.593194,41.062435],[-81.594342,41.062353],[-81.594642,41.062353],[-81.595442,41.062253],[-81.597642,41.062253],[-81.599142,41.062353],[-81.612843,41.062253],[-81.613949,41.062239],[-81.620649,41.062154],[-81.62176,41.062156],[-81.62341,41.062213],[-81.628572,41.062142],[-81.637626,41.062221],[-81.63872,41.062226],[-81.639482,41.062225],[-81.64169,41.062237],[-81.643297,41.062233],[-81.64413,41.06224],[-81.645731,41.06224],[-81.646167,41.062237],[-81.646899,41.062242],[-81.648684,41.062241],[-81.649136,41.062239],[-81.6496,41.062244],[-81.649939,41.062239],[-81.652546,41.062242],[-81.65333,41.062238],[-81.653994,41.06224],[-81.65471,41.062232],[-81.655943,41.062241],[-81.656367,41.06224],[-81.657193,41.062228],[-81.658158,41.062227],[-81.658643,41.06223],[-81.659264,41.062227],[-81.66048,41.062229],[-81.660899,41.062232],[-81.661334,41.062229],[-81.661384,41.06222],[-81.661452,41.062191],[-81.662009,41.062192],[-81.662288,41.062193],[-81.662842,41.062138],[-81.663069,41.062209],[-81.663142,41.062223],[-81.663206,41.062229],[-81.665703,41.062241],[-81.666271,41.062239],[-81.666812,41.06223],[-81.669909,41.062266],[-81.673332,41.062432],[-81.674341,41.062463],[-81.676266,41.06232],[-81.67684,41.062277],[-81.678174,41.062089],[-81.678304,41.062133],[-81.678375,41.062144],[-81.679726,41.062146],[-81.679796,41.062145],[-81.680168,41.062159],[-81.68596,41.062134],[-81.687623,41.062152],[-81.687624,41.062152]]]}},{"type":"Feature","properties":{"id":"CUY FALLS 1-A","subdivision":"cuyahoga_falls"},"geometry":{"type":"Polygon","coordinates":[[[-81.492028,41.118145],[-81.492535,41.118453],[-81.488735,41.120954],[-81.487635,41.122354],[-81.487535,41.123754],[-81.484435,41.126855],[-81.484099,41.127477],[-81.482529,41.130381],[-81.482435,41.130556],[-81.482149,41.133691],[-81.481747,41.133647],[-81.481374,41.133605],[-81.481187,41.133583],[-81.480964,41.133557],[-81.480676,41.133526],[-81.480631,41.133521],[-81.480406,41.133496],[-81.480291,41.133484],[-81.480168,41.13347],[-81.480123,41.133465],[-81.480014,41.133446],[-81.4799,41.133414],[-81.479788,41.133373],[-81.479707,41.133335],[-81.479598,41.133277],[-81.47955,41.133242],[-81.479482,41.133194],[-81.479383,41.133113],[-81.479281,41.133019],[-81.479132,41.13289],[-81.478768,41.132587],[-81.47803,41.131958],[-81.477733,41.13172],[-81.477599,41.131604],[-81.477443,41.13148],[-81.477255,41.131321],[-81.477013,41.131127],[-81.47673,41.130876],[-81.47678,41.130828],[-81.476813,41.130782],[-81.476862,41.130697],[-81.476889,41.130598],[-81.476898,41.130482],[-81.476964,41.130095],[-81.477274,41.130101],[-81.477663,41.130132],[-81.477706,41.129918],[-81.477764,41.129685],[-81.477775,41.129659],[-81.477791,41.129592],[-81.477808,41.129545],[-81.477867,41.129425],[-81.477902,41.129374],[-81.477937,41.129334],[-81.477988,41.129299],[-81.478007,41.129275],[-81.478184,41.128755],[-81.478226,41.128616],[-81.478318,41.128383],[-81.478546,41.128478],[-81.478718,41.128535],[-81.478902,41.128583],[-81.479195,41.128641],[-81.479302,41.128298],[-81.479376,41.128112],[-81.479454,41.12788],[-81.479643,41.127338],[-81.479874,41.126704],[-81.479284,41.126588],[-81.478963,41.126529],[-81.478688,41.126468],[-81.478381,41.126406],[-81.478089,41.126342],[-81.477645,41.1276],[-81.477555,41.127835],[-81.477498,41.127966],[-81.477093,41.127859],[-81.476434,41.12771],[-81.476473,41.127589],[-81.476542,41.127404],[-81.476881,41.126427],[-81.47699,41.126162],[-81.476719,41.12609],[-81.476412,41.126025],[-81.476104,41.125965],[-81.475839,41.125907],[-81.475489,41.125849],[-81.475185,41.125786],[-81.474537,41.125653],[-81.473368,41.12542],[-81.473245,41.125408],[-81.473183,41.125416],[-81.473121,41.125436],[-81.472997,41.125492],[-81.472085,41.125963],[-81.471198,41.126427],[-81.470769,41.126642],[-81.470665,41.126564],[-81.470584,41.126532],[-81.470512,41.126525],[-81.470327,41.126547],[-81.469708,41.126675],[-81.469584,41.126704],[-81.46946,41.126742],[-81.469274,41.126815],[-81.469149,41.126874],[-81.468892,41.127004],[-81.468718,41.126825],[-81.468588,41.12668],[-81.468483,41.126539],[-81.468476,41.126516],[-81.468457,41.126492],[-81.468331,41.126231],[-81.4704,41.125792],[-81.47071,41.125723],[-81.470772,41.125713],[-81.470834,41.125709],[-81.470957,41.12571],[-81.471019,41.125707],[-81.471081,41.125699],[-81.471423,41.125632],[-81.471694,41.125569],[-81.471554,41.1254],[-81.470954,41.124741],[-81.47081,41.124571],[-81.470532,41.124271],[-81.470158,41.123842],[-81.469981,41.123659],[-81.469786,41.12348],[-81.469542,41.123163],[-81.469395,41.123006],[-81.469007,41.122577],[-81.468849,41.122395],[-81.467339,41.120728],[-81.466822,41.120148],[-81.466518,41.119818],[-81.466051,41.119289],[-81.465766,41.118985],[-81.46577,41.118868],[-81.466042,41.117187],[-81.467827,41.117123],[-81.468884,41.117081],[-81.471277,41.117086],[-81.473041,41.11711],[-81.474564,41.117132],[-81.478772,41.117233],[-81.485024,41.117382],[-81.488581,41.117462],[-81.48864,41.117465],[-81.488697,41.117468],[-81.489029,41.117469],[-81.489772,41.117472],[-81.48977,41.117587],[-81.489766,41.117802],[-81.489763,41.118022],[-81.489757,41.118356],[-81.489755,41.118473],[-81.489748,41.118902],[-81.489737,41.119591],[-81.491026,41.118368],[-81.492028,41.118145]]]}},{"type":"Feature","properties":{"id":"CUY FALLS 1-B","subdivision":"cuyahoga_falls"},"geometry":{"type":"Polygon","coordinates":[[[-81.47673,41.130876],[-81.477013,41.131127],[-81.476785,41.131263],[-81.476575,41.131401],[-81.476386,41.13155],[-81.476179,41.131724],[-81.474675,41.132755],[-81.474641,41.132778],[-81.474424,41.132933],[-81.474392,41.132963],[-81.474333,41.133046],[-81.474252,41.133077],[-81.474196,41.133091],[-81.474113,41.133099],[-81.473249,41.133105],[-81.47298,41.133116],[-81.472663,41.133107],[-81.472508,41.13311],[-81.472163,41.133108],[-81.471551,41.133119],[-81.471274,41.133115],[-81.469669,41.133124],[-81.46937,41.133121],[-81.469113,41.133127],[-81.468619,41.13313],[-81.468315,41.133128],[-81.467508,41.133136],[-81.467215,41.133124],[-81.467197,41.131072],[-81.465403,41.131039],[-81.465419,41.130415],[-81.465437,41.130131],[-81.465448,41.129447],[-81.465469,41.129155],[-81.465474,41.128954],[-81.465499,41.128188],[-81.465981,41.128202],[-81.466228,41.128205],[-81.466598,41.128187],[-81.466722,41.128172],[-81.467032,41.128111],[-81.467069,41.128097],[-81.467094,41.128094],[-81.467218,41.128055],[-81.467342,41.128009],[-81.467455,41.12796],[-81.467877,41.127749],[-81.468112,41.127615],[-81.468337,41.127509],[-81.469014,41.127167],[-81.468892,41.127004],[-81.469149,41.126874],[-81.469274,41.126815],[-81.46946,41.126742],[-81.469584,41.126704],[-81.469708,41.126675],[-81.470327,41.126547],[-81.470512,41.126525],[-81.470584,41.126532],[-81.470665,41.126564],[-81.470769,41.126642],[-81.471198,41.126427],[-81.472085,41.125963],[-81.472997,41.125492],[-81.473121,41.125436],[-81.473183,41.125416],[-81.473245,41.125408],[-81.473368,41.12542],[-81.474537,41.125653],[-81.475185,41.125786],[-81.475489,41.125849],[-81.475839,41.125907],[-81.476104,41.125965],[-81.476412,41.126025],[-81.476719,41.12609],[-81.47699,41.126162],[-81.476881,41.126427],[-81.476542,41.127404],[-81.476473,41.127589],[-81.476434,41.12771],[-81.477093,41.127859],[-81.477498,41.127966],[-81.477555,41.127835],[-81.477645,41.1276],[-81.478089,41.126342],[-81.478381,41.126406],[-81.478688,41.126468],[-81.478963,41.126529],[-81.479284,41.126588],[-81.479874,41.126704],[-81.479643,41.127338],[-81.479454,41.12788],[-81.479376,41.128112],[-81.479302,41.128298],[-81.479195,41.128641],[-81.478902,41.128583],[-81.478718,41.128535],[-81.478546,41.128478],[-81.478318,41.128383],[-81.478226,41.128616],[-81.478184,41.128755],[-81.478007,41.129275],[-81.477988,41.129299],[-81.477937,41.129334],[-81.477902,41.129374],[-81.477867,41.129425],[-81.477808,41.129545],[-81.477791,41.129592],[-81.477775,41.129659],[-81.477764,41.129685],[-81.477706,41.129918],[-81.477663,41.130132],[-81.477274,41.130101],[-81.476964,41.130095],[-81.476898,41.130482],[-81.476889,41.130598],[-81.476862,41.130697],[-81.476813,41.130782],[-81.47678,41.130828],[-81.47673,41.130876]]]}},{"type":"Feature","properties":{"id":"CUY FALLS 1-C","subdivision":"cuyahoga_falls"},"geometry":{"type":"Polygon","coordinates":[[[-81.465648,41.118861],[-81.46577,41.118868],[-81.465766,41.118985],[-81.466051,41.119289],[-81.466518,41.119818],[-81.466822,41.120148],[-81.467339,41.120728],[-81.468849,41.122395],[-81.469007,41.122577],[-81.469395,41.123006],[-81.469542,41.123163],[-81.469786,41.12348],[-81.469981,41.123659],[-81.470158,41.123842],[-81.470532,41.124271],[-81.47081,41.124571],[-81.470954,41.124741],[-81.471554,41.1254],[-81.471694,41.125569],[-81.471423,41.125632],[-81.471081,41.125699],[-81.471019,41.125707],[-81.470957,41.12571],[-81.470834,41.125709],[-81.470772,41.125713],[-81.47071,41.125723],[-81.4704,41.125792],[-81.468331,41.126231],[-81.468457,41.126492],[-81.468476,41.126516],[-81.468483,41.126539],[-81.468588,41.12668],[-81.468718,41.126825],[-81.468892,41.127004],[-81.469014,41.127167],[-81.468337,41.127509],[-81.468112,41.127615],[-81.467877,41.127749],[-81.467455,41.12796],[-81.467342,41.128009],[-81.467218,41.128055],[-81.467094,41.128094],[-81.467069,41.128097],[-81.467032,41.128111],[-81.466722,41.128172],[-81.466598,41.128187],[-81.466228,41.128205],[-81.465981,41.128202],[-81.465499,41.128188],[-81.465474,41.128954],[-81.465469,41.129155],[-81.465448,41.129447],[-81.464727,41.129428],[-81.463987,41.129419],[-81.463588,41.12941],[-81.462601,41.129395],[-81.460935,41.129376],[-81.460194,41.129358],[-81.459574,41.129351],[-81.45952,41.129755],[-81.459463,41.130479],[-81.458634,41.130463],[-81.458343,41.130472],[-81.458079,41.130456],[-81.45759,41.130452],[-81.457742,41.13005],[-81.458154,41.128954],[-81.458381,41.128178],[-81.460102,41.12535],[-81.459712,41.1248],[-81.459056,41.123875],[-81.459114,41.12352],[-81.459107,41.123318],[-81.459032,41.120942],[-81.459094,41.12093],[-81.459404,41.120855],[-81.459458,41.120838],[-81.459477,41.120827],[-81.459528,41.120811],[-81.459653,41.120743],[-81.459715,41.120694],[-81.459817,41.120597],[-81.459903,41.120533],[-81.459965,41.120497],[-81.460147,41.120418],[-81.46017,41.120413],[-81.460409,41.120309],[-81.460295,41.120135],[-81.46027,41.120088],[-81.460219,41.120013],[-81.460182,41.119947],[-81.460116,41.119806],[-81.460085,41.119713],[-81.460063,41.119619],[-81.460048,41.119526],[-81.460039,41.119432],[-81.460036,41.119246],[-81.460055,41.119152],[-81.460065,41.118791],[-81.461164,41.118809],[-81.462727,41.118841],[-81.463859,41.118858],[-81.464318,41.118854],[-81.464934,41.118848],[-81.465033,41.118849],[-81.465514,41.118854],[-81.465648,41.118861]]]}},{"type":"Feature","properties":{"id":"CUY FALLS 1-D","subdivision":"cuyahoga_falls"},"geometry":{"type":"Polygon","coordinates":[[[-81.465419,41.130415],[-81.465403,41.131039],[-81.467197,41.131072],[-81.467215,41.133124],[-81.466953,41.133139],[-81.466498,41.133145],[-81.466392,41.133151],[-81.466313,41.13316],[-81.466006,41.132846],[-81.465617,41.13247],[-81.465606,41.132454],[-81.465435,41.132278],[-81.464109,41.132254],[-81.463543,41.132243],[-81.462863,41.132231],[-81.461877,41.132214],[-81.461606,41.132216],[-81.461322,41.1322],[-81.460829,41.132192],[-81.460514,41.132192],[-81.460212,41.132179],[-81.459403,41.132163],[-81.458302,41.132144],[-81.457178,41.132126],[-81.456448,41.132109],[-81.456069,41.132106],[-81.455438,41.132092],[-81.455098,41.132084],[-81.454118,41.132068],[-81.453425,41.132053],[-81.453114,41.132038],[-81.452746,41.132041],[-81.452655,41.132033],[-81.452213,41.132024],[-81.452401,41.128248],[-81.452541,41.125014],[-81.452633,41.124783],[-81.452723,41.122427],[-81.452763,41.121363],[-81.452764,41.121328],[-81.452867,41.118668],[-81.45346,41.118678],[-81.455117,41.118709],[-81.456784,41.118736],[-81.457055,41.118736],[-81.457648,41.118752],[-81.458696,41.118768],[-81.45919,41.118779],[-81.459442,41.118782],[-81.460065,41.118791],[-81.460055,41.119152],[-81.460036,41.119246],[-81.460039,41.119432],[-81.460048,41.119526],[-81.460063,41.119619],[-81.460085,41.119713],[-81.460116,41.119806],[-81.460182,41.119947],[-81.460219,41.120013],[-81.46027,41.120088],[-81.460295,41.120135],[-81.460409,41.120309],[-81.46017,41.120413],[-81.460147,41.120418],[-81.459965,41.120497],[-81.459903,41.120533],[-81.459817,41.120597],[-81.459715,41.120694],[-81.459653,41.120743],[-81.459528,41.120811],[-81.459477,41.120827],[-81.459458,41.120838],[-81.459404,41.120855],[-81.459094,41.12093],[-81.459032,41.120942],[-81.459107,41.123318],[-81.459114,41.12352],[-81.459056,41.123875],[-81.459712,41.1248],[-81.460102,41.12535],[-81.458381,41.128178],[-81.458154,41.128954],[-81.457742,41.13005],[-81.45759,41.130452],[-81.458079,41.130456],[-81.458343,41.130472],[-81.458634,41.130463],[-81.459463,41.130479],[-81.45952,41.129755],[-81.459574,41.129351],[-81.460194,41.129358],[-81.460935,41.129376],[-81.462601,41.129395],[-81.463588,41.12941],[-81.463987,41.129419],[-81.464727,41.129428],[-81.465448,41.129447],[-81.465437,41.130131],[-81.465419,41.130415]]]}},{"type":"Feature","properties":{"id":"CUY FALLS 2-A","subdivision":"cuyahoga_falls"},"geometry":{"type":"Polygon","coordinates":[[[-81.495548,41.130961],[-81.49561,41.128751],[-81.4959,41.128796],[-81.496269,41.128876],[-81.496514,41.128916],[-81.496791,41.128943],[-81.496914,41.12895],[-81.497284,41.128959],[-81.497744,41.128956],[-81.498025,41.128965],[-81.498982,41.128968],[-81.499382,41.128978],[-81.499814,41.128973],[-81.5,41.128959],[-81.500247,41.128931],[-81.500507,41.128881],[-81.500512,41.128064],[-81.500518,41.127567],[-81.500528,41.127194],[-81.500521,41.126979],[-81.501847,41.126914],[-81.502129,41.126902],[-81.503035,41.126849],[-81.50304,41.127076],[-81.503024,41.128086],[-81.503007,41.128814],[-81.503009,41.129019],[-81.50298,41.130979],[-81.50297,41.131217],[-81.503312,41.131225],[-81.503606,41.131244],[-81.504038,41.131256],[-81.504349,41.131258],[-81.504655,41.131272],[-81.505025,41.131283],[-81.505338,41.131281],[-81.505657,41.131289],[-81.50595,41.131308],[-81.506307,41.131314],[-81.506752,41.13133],[-81.507035,41.131332],[-81.50744,41.131345],[-81.5082,41.131368],[-81.508465,41.131367],[-81.508481,41.132053],[-81.508493,41.132949],[-81.508513,41.134276],[-81.508495,41.134504],[-81.508215,41.134511],[-81.50766,41.134503],[-81.507371,41.134503],[-81.507075,41.134497],[-81.506254,41.134486],[-81.505284,41.134475],[-81.504915,41.134473],[-81.504304,41.134461],[-81.50399,41.134462],[-81.50325,41.134449],[-81.502941,41.134449],[-81.502209,41.13444],[-81.501132,41.134428],[-81.500107,41.134415],[-81.498921,41.134409],[-81.497798,41.134409],[-81.497078,41.134411],[-81.49667,41.134408],[-81.496677,41.134174],[-81.496678,41.133521],[-81.496683,41.132845],[-81.496208,41.132846],[-81.495558,41.132843],[-81.495565,41.131381],[-81.495561,41.131158],[-81.495548,41.130961]]]}},{"type":"Feature","properties":{"id":"CUY FALLS 2-B","subdivision":"cuyahoga_falls"},"geometry":{"type":"Polygon","coordinates":[[[-81.49561,41.128751],[-81.495548,41.130961],[-81.495561,41.131158],[-81.495565,41.131381],[-81.495558,41.132843],[-81.496208,41.132846],[-81.496683,41.132845],[-81.496678,41.133521],[-81.496677,41.134174],[-81.49667,41.134408],[-81.495544,41.134409],[-81.49458,41.134403],[-81.494274,41.134405],[-81.493653,41.134403],[-81.493284,41.134398],[-81.493008,41.1344],[-81.491735,41.134395],[-81.490692,41.134391],[-81.490399,41.134396],[-81.490136,41.134389],[-81.489272,41.134386],[-81.488988,41.134392],[-81.488907,41.134416],[-81.48879,41.13443],[-81.488224,41.134435],[-81.487938,41.134448],[-81.487638,41.134436],[-81.487417,41.134413],[-81.486583,41.134311],[-81.486003,41.134251],[-81.485618,41.134197],[-81.485297,41.134158],[-81.485235,41.134156],[-81.484804,41.134103],[-81.484583,41.134082],[-81.484629,41.133864],[-81.484644,41.133738],[-81.484707,41.133416],[-81.484877,41.132594],[-81.484923,41.132335],[-81.484981,41.132082],[-81.485206,41.130964],[-81.485278,41.130646],[-81.485353,41.130514],[-81.485647,41.130035],[-81.485881,41.130138],[-81.486906,41.130501],[-81.487861,41.130847],[-81.488116,41.130921],[-81.488165,41.13071],[-81.488459,41.129266],[-81.488528,41.129041],[-81.488798,41.129108],[-81.488859,41.129112],[-81.489709,41.129107],[-81.489971,41.129099],[-81.490242,41.129068],[-81.490528,41.128993],[-81.490714,41.128927],[-81.490744,41.128912],[-81.490776,41.128903],[-81.490962,41.128828],[-81.490988,41.128821],[-81.491024,41.128805],[-81.491322,41.128724],[-81.491581,41.128685],[-81.49189,41.12867],[-81.492475,41.128675],[-81.493404,41.12868],[-81.49405,41.128688],[-81.494341,41.128685],[-81.495161,41.128701],[-81.495346,41.128715],[-81.49561,41.128751]]]}},{"type":"Feature","properties":{"id":"CUY FALLS 2-C","subdivision":"cuyahoga_falls"},"geometry":{"type":"Polygon","coordinates":[[[-81.507001,41.12416],[-81.508881,41.124068],[-81.508778,41.124372],[-81.508707,41.124558],[-81.508599,41.124884],[-81.508543,41.125078],[-81.50847,41.12535],[-81.508433,41.125536],[-81.508399,41.125769],[-81.508383,41.12605],[-81.508377,41.126282],[-81.508381,41.126565],[-81.508399,41.127449],[-81.508406,41.128132],[-81.508424,41.128833],[-81.508424,41.12904],[-81.508465,41.131367],[-81.5082,41.131368],[-81.50744,41.131345],[-81.507035,41.131332],[-81.506752,41.13133],[-81.506307,41.131314],[-81.50595,41.131308],[-81.505657,41.131289],[-81.505338,41.131281],[-81.505025,41.131283],[-81.504655,41.131272],[-81.504349,41.131258],[-81.504038,41.131256],[-81.503606,41.131244],[-81.503312,41.131225],[-81.50297,41.131217],[-81.50298,41.130979],[-81.503009,41.129019],[-81.503007,41.128814],[-81.503024,41.128086],[-81.50304,41.127076],[-81.503035,41.126849],[-81.502129,41.126902],[-81.501847,41.126914],[-81.500521,41.126979],[-81.500528,41.127194],[-81.500518,41.127567],[-81.500512,41.128064],[-81.500507,41.128881],[-81.500247,41.128931],[-81.5,41.128959],[-81.499814,41.128973],[-81.499382,41.128978],[-81.498982,41.128968],[-81.498025,41.128965],[-81.497744,41.128956],[-81.497284,41.128959],[-81.496914,41.12895],[-81.496791,41.128943],[-81.496514,41.128916],[-81.496269,41.128876],[-81.4959,41.128796],[-81.49561,41.128751],[-81.495346,41.128715],[-81.495161,41.128701],[-81.494341,41.128685],[-81.49405,41.128688],[-81.493404,41.12868],[-81.493426,41.128003],[-81.493434,41.127646],[-81.493429,41.127414],[-81.493144,41.127426],[-81.492703,41.127456],[-81.492692,41.127219],[-81.492693,41.126939],[-81.492688,41.126706],[-81.492693,41.125026],[-81.492688,41.124562],[-81.493002,41.124548],[-81.493373,41.124539],[-81.49362,41.124528],[-81.494219,41.124512],[-81.494855,41.124492],[-81.495122,41.124492],[-81.495472,41.124475],[-81.495781,41.124466],[-81.49604,41.124469],[-81.496336,41.124453],[-81.496671,41.124442],[-81.497107,41.12325],[-81.499036,41.123753],[-81.501136,41.123153],[-81.502955,41.123122],[-81.506054,41.123068],[-81.506936,41.123053],[-81.507001,41.12416]]]}},{"type":"Feature","properties":{"id":"CUY FALLS 2-D","subdivision":"cuyahoga_falls"},"geometry":{"type":"Polygon","coordinates":[[[-81.496735,41.123153],[-81.497107,41.12325],[-81.496671,41.124442],[-81.496336,41.124453],[-81.49604,41.124469],[-81.495781,41.124466],[-81.495472,41.124475],[-81.495122,41.124492],[-81.494855,41.124492],[-81.494219,41.124512],[-81.49362,41.124528],[-81.493373,41.124539],[-81.493002,41.124548],[-81.492688,41.124562],[-81.492693,41.125026],[-81.492688,41.126706],[-81.492693,41.126939],[-81.492692,41.127219],[-81.492703,41.127456],[-81.493144,41.127426],[-81.493429,41.127414],[-81.493434,41.127646],[-81.493426,41.128003],[-81.493404,41.12868],[-81.492475,41.128675],[-81.49189,41.12867],[-81.491581,41.128685],[-81.491322,41.128724],[-81.491024,41.128805],[-81.490988,41.128821],[-81.490962,41.128828],[-81.490776,41.128903],[-81.490744,41.128912],[-81.490714,41.128927],[-81.490528,41.128993],[-81.490242,41.129068],[-81.489971,41.129099],[-81.489709,41.129107],[-81.488859,41.129112],[-81.488798,41.129108],[-81.488528,41.129041],[-81.488459,41.129266],[-81.488165,41.13071],[-81.488116,41.130921],[-81.487861,41.130847],[-81.486906,41.130501],[-81.485881,41.130138],[-81.485647,41.130035],[-81.485353,41.130514],[-81.485278,41.130646],[-81.485206,41.130964],[-81.484981,41.132082],[-81.484923,41.132335],[-81.484877,41.132594],[-81.484707,41.133416],[-81.484644,41.133738],[-81.484629,41.133864],[-81.484583,41.134082],[-81.48386,41.134016],[-81.483386,41.133961],[-81.483166,41.133922],[-81.482795,41.133827],[-81.482634,41.133775],[-81.482567,41.133736],[-81.482149,41.133691],[-81.482435,41.130556],[-81.482529,41.130381],[-81.484099,41.127477],[-81.484435,41.126855],[-81.487535,41.123754],[-81.487635,41.122354],[-81.488735,41.120954],[-81.492535,41.118453],[-81.493476,41.118304],[-81.493609,41.118361],[-81.494939,41.119008],[-81.495141,41.120795],[-81.494721,41.120877],[-81.495127,41.122365],[-81.496735,41.123153]]]}},{"type":"Feature","properties":{"id":"CUY FALLS 3-A","subdivision":"cuyahoga_falls"},"geometry":{"type":"Polygon","coordinates":[[[-81.514154,41.146296],[-81.514193,41.148452],[-81.51402,41.14845],[-81.514028,41.147962],[-81.514031,41.14759],[-81.514022,41.14745],[-81.513984,41.147216],[-81.51389,41.146842],[-81.513859,41.146562],[-81.513869,41.145489],[-81.513852,41.145252],[-81.513607,41.145396],[-81.513391,41.145531],[-81.513097,41.145706],[-81.513019,41.144284],[-81.513026,41.143501],[-81.513036,41.141693],[-81.513042,41.140737],[-81.513035,41.140519],[-81.513309,41.140525],[-81.514115,41.140527],[-81.514123,41.13885],[-81.514124,41.138571],[-81.514132,41.138478],[-81.51415,41.138384],[-81.514143,41.138155],[-81.514167,41.137987],[-81.514159,41.137778],[-81.514165,41.137405],[-81.514161,41.137311],[-81.514165,41.136658],[-81.514152,41.136424],[-81.514244,41.136422],[-81.514914,41.136426],[-81.515469,41.136424],[-81.515782,41.136419],[-81.516148,41.136416],[-81.516951,41.136423],[-81.517938,41.136424],[-81.518134,41.136428],[-81.518137,41.136353],[-81.518137,41.135953],[-81.519437,41.135853],[-81.520229,41.135891],[-81.521206,41.135938],[-81.521245,41.136578],[-81.52135,41.137011],[-81.521406,41.137196],[-81.521485,41.137469],[-81.521455,41.138494],[-81.522223,41.138532],[-81.522228,41.138645],[-81.522219,41.138778],[-81.522179,41.138831],[-81.522146,41.138861],[-81.522139,41.138863],[-81.522127,41.139422],[-81.522843,41.139349],[-81.523006,41.137169],[-81.52305,41.136454],[-81.522503,41.136435],[-81.522483,41.136779],[-81.522464,41.136763],[-81.522394,41.136711],[-81.52228,41.136643],[-81.522125,41.136564],[-81.522042,41.136503],[-81.521966,41.136438],[-81.521894,41.13635],[-81.521833,41.136257],[-81.521799,41.136161],[-81.521795,41.13606],[-81.521805,41.135954],[-81.523096,41.135979],[-81.527606,41.136054],[-81.52761,41.136079],[-81.527613,41.136172],[-81.527623,41.136482],[-81.527625,41.136846],[-81.527613,41.137191],[-81.527624,41.138062],[-81.527589,41.139183],[-81.52842,41.139158],[-81.528442,41.139572],[-81.528551,41.139565],[-81.528639,41.141708],[-81.528715,41.141745],[-81.528896,41.142366],[-81.528811,41.142497],[-81.52845,41.142425],[-81.527584,41.142481],[-81.527583,41.142908],[-81.528588,41.142872],[-81.528588,41.143039],[-81.528612,41.143789],[-81.532331,41.143685],[-81.532088,41.139329],[-81.532181,41.139322],[-81.532629,41.139293],[-81.53291,41.136373],[-81.53734,41.136141],[-81.5375,41.138701],[-81.537426,41.138723],[-81.5372,41.1388],[-81.537251,41.138902],[-81.537295,41.138991],[-81.537334,41.139125],[-81.537363,41.139199],[-81.537369,41.139294],[-81.537368,41.139357],[-81.537359,41.139463],[-81.537344,41.139599],[-81.537312,41.139727],[-81.537302,41.139757],[-81.537213,41.139789],[-81.536926,41.139889],[-81.536925,41.139851],[-81.536923,41.139642],[-81.536437,41.139702],[-81.536438,41.139591],[-81.535302,41.139704],[-81.535418,41.140136],[-81.535501,41.143137],[-81.535529,41.143351],[-81.53554,41.143505],[-81.535463,41.143519],[-81.535523,41.144275],[-81.535534,41.144421],[-81.535536,41.14475],[-81.534705,41.144769],[-81.534234,41.14478],[-81.533589,41.144789],[-81.531009,41.144827],[-81.531057,41.14646],[-81.531063,41.146663],[-81.531073,41.147002],[-81.531091,41.147656],[-81.531654,41.15101],[-81.53165,41.151334],[-81.531414,41.151343],[-81.531215,41.151364],[-81.530898,41.151398],[-81.530666,41.15143],[-81.530233,41.151503],[-81.530044,41.151545],[-81.529791,41.151615],[-81.529588,41.151691],[-81.529406,41.151781],[-81.52932,41.151836],[-81.529177,41.151942],[-81.52869,41.15237],[-81.528594,41.152439],[-81.52849,41.152502],[-81.528425,41.152524],[-81.528349,41.152533],[-81.528188,41.152524],[-81.528123,41.152514],[-81.528012,41.152469],[-81.527935,41.15243],[-81.527877,41.1524],[-81.527798,41.152342],[-81.527708,41.152268],[-81.527637,41.152194],[-81.527602,41.152148],[-81.527581,41.15212],[-81.52756,41.152076],[-81.526893,41.152215],[-81.526368,41.152336],[-81.526353,41.152714],[-81.526037,41.152729],[-81.525667,41.152724],[-81.525699,41.152223],[-81.524762,41.152218],[-81.524337,41.152053],[-81.523237,41.151799],[-81.52278,41.151694],[-81.52265,41.151664],[-81.522652,41.151088],[-81.52266,41.149261],[-81.52349,41.149257],[-81.523565,41.147798],[-81.524259,41.146139],[-81.524257,41.144437],[-81.523618,41.144429],[-81.52364,41.145105],[-81.522902,41.145098],[-81.522841,41.146874],[-81.520135,41.146873],[-81.518042,41.146858],[-81.518071,41.144455],[-81.516571,41.144454],[-81.515662,41.144441],[-81.516651,41.145095],[-81.516651,41.146297],[-81.515604,41.146296],[-81.514154,41.146296]]]}},{"type":"Feature","properties":{"id":"CUY FALLS 3-B","subdivision":"cuyahoga_falls"},"geometry":{"type":"Polygon","coordinates":[[[-81.512359,41.160956],[-81.509098,41.160958],[-81.50922,41.160707],[-81.509416,41.160357],[-81.509716,41.159824],[-81.51021,41.158952],[-81.510371,41.158649],[-81.510524,41.158285],[-81.510595,41.15805],[-81.510679,41.157718],[-81.51072,41.1575],[-81.510749,41.15729],[-81.510765,41.157015],[-81.510768,41.156833],[-81.510746,41.156502],[-81.510676,41.156051],[-81.510624,41.155849],[-81.510542,41.1556],[-81.510443,41.155339],[-81.510352,41.155125],[-81.510169,41.154771],[-81.509993,41.154507],[-81.50988,41.154376],[-81.509753,41.154214],[-81.509523,41.153922],[-81.509395,41.153741],[-81.509287,41.153577],[-81.509152,41.153348],[-81.50911,41.153269],[-81.508941,41.152942],[-81.508841,41.152735],[-81.508786,41.152622],[-81.508699,41.152425],[-81.508672,41.152317],[-81.508673,41.152295],[-81.508625,41.151902],[-81.508547,41.151146],[-81.508527,41.150842],[-81.508524,41.150562],[-81.508518,41.150093],[-81.508519,41.149956],[-81.508523,41.149549],[-81.508523,41.148345],[-81.508524,41.147263],[-81.508531,41.146703],[-81.50853,41.146143],[-81.508535,41.145948],[-81.50853,41.145629],[-81.508536,41.145143],[-81.508531,41.144929],[-81.508532,41.14432],[-81.508533,41.144153],[-81.508535,41.143825],[-81.508532,41.143501],[-81.50882,41.143494],[-81.509142,41.143497],[-81.509438,41.143495],[-81.509717,41.143498],[-81.510806,41.143497],[-81.51081,41.141847],[-81.511067,41.141845],[-81.511253,41.141828],[-81.511377,41.141804],[-81.511563,41.141754],[-81.511598,41.141751],[-81.511625,41.141739],[-81.511907,41.141693],[-81.511901,41.141381],[-81.511904,41.139721],[-81.512085,41.1398],[-81.512208,41.13986],[-81.512392,41.139972],[-81.512548,41.140079],[-81.512697,41.140195],[-81.51288,41.140359],[-81.513035,41.140519],[-81.513042,41.140737],[-81.513036,41.141693],[-81.513026,41.143501],[-81.513019,41.144284],[-81.513097,41.145706],[-81.513391,41.145531],[-81.513607,41.145396],[-81.513852,41.145252],[-81.513869,41.145489],[-81.513859,41.146562],[-81.51389,41.146842],[-81.513984,41.147216],[-81.514022,41.14745],[-81.514031,41.14759],[-81.514028,41.147962],[-81.51402,41.14845],[-81.514193,41.148452],[-81.514239,41.150944],[-81.517724,41.150957],[-81.51772,41.151284],[-81.517609,41.158539],[-81.516841,41.158533],[-81.516412,41.158534],[-81.515096,41.158517],[-81.514231,41.158512],[-81.513435,41.158531],[-81.512369,41.158574],[-81.512359,41.160956]]]}},{"type":"Feature","properties":{"id":"CUY FALLS 3-C","subdivision":"cuyahoga_falls"},"geometry":{"type":"Polygon","coordinates":[[[-81.508215,41.134511],[-81.508495,41.134504],[-81.508523,41.134696],[-81.508544,41.135865],[-81.508546,41.13619],[-81.508555,41.136402],[-81.509723,41.136403],[-81.510038,41.13641],[-81.510347,41.136411],[-81.51047,41.136406],[-81.510532,41.136398],[-81.510656,41.136374],[-81.510716,41.136351],[-81.51078,41.136333],[-81.511028,41.136213],[-81.511091,41.136191],[-81.511406,41.136135],[-81.511646,41.136202],[-81.511924,41.136274],[-81.5122,41.136304],[-81.512755,41.136307],[-81.513042,41.136315],[-81.513371,41.136384],[-81.513618,41.136416],[-81.513865,41.136424],[-81.514152,41.136424],[-81.514165,41.136658],[-81.514161,41.137311],[-81.514165,41.137405],[-81.514159,41.137778],[-81.514167,41.137987],[-81.514143,41.138155],[-81.51415,41.138384],[-81.514132,41.138478],[-81.514124,41.138571],[-81.514123,41.13885],[-81.514115,41.140527],[-81.513309,41.140525],[-81.513035,41.140519],[-81.51288,41.140359],[-81.512697,41.140195],[-81.512548,41.140079],[-81.512392,41.139972],[-81.512208,41.13986],[-81.512085,41.1398],[-81.511904,41.139721],[-81.511901,41.141381],[-81.511907,41.141693],[-81.511625,41.141739],[-81.511598,41.141751],[-81.511563,41.141754],[-81.511377,41.141804],[-81.511253,41.141828],[-81.511067,41.141845],[-81.51081,41.141847],[-81.510806,41.143497],[-81.509717,41.143498],[-81.509438,41.143495],[-81.509142,41.143497],[-81.50882,41.143494],[-81.508532,41.143501],[-81.508535,41.143825],[-81.508533,41.144153],[-81.508532,41.14432],[-81.508531,41.144929],[-81.508536,41.145143],[-81.50853,41.145629],[-81.508535,41.145948],[-81.50853,41.146143],[-81.508531,41.146703],[-81.508524,41.147263],[-81.508523,41.148345],[-81.508417,41.148369],[-81.508296,41.148388],[-81.508048,41.148413],[-81.507937,41.148417],[-81.507829,41.148416],[-81.506866,41.148373],[-81.506681,41.148358],[-81.506558,41.148342],[-81.506373,41.148306],[-81.506132,41.148228],[-81.505844,41.148088],[-81.505511,41.14789],[-81.504842,41.147481],[-81.504196,41.147095],[-81.503952,41.146943],[-81.50368,41.146783],[-81.503497,41.146667],[-81.503278,41.146535],[-81.503007,41.146367],[-81.502936,41.146328],[-81.502473,41.146038],[-81.502354,41.145972],[-81.501465,41.145435],[-81.501574,41.145316],[-81.501662,41.145242],[-81.501791,41.145163],[-81.501846,41.145135],[-81.501941,41.145106],[-81.502045,41.145081],[-81.502184,41.145066],[-81.502348,41.145061],[-81.502957,41.145061],[-81.503225,41.14507],[-81.503365,41.145072],[-81.503512,41.145082],[-81.503648,41.145102],[-81.503699,41.145029],[-81.503777,41.144967],[-81.503894,41.144891],[-81.504018,41.144821],[-81.504119,41.144752],[-81.50419,41.144692],[-81.504259,41.144625],[-81.504304,41.144566],[-81.504395,41.144422],[-81.504687,41.143932],[-81.505667,41.142308],[-81.505842,41.141984],[-81.504541,41.142113],[-81.504754,41.14174],[-81.504873,41.141508],[-81.504999,41.141183],[-81.505001,41.141165],[-81.505014,41.141136],[-81.505055,41.140996],[-81.505105,41.140763],[-81.505135,41.14053],[-81.505145,41.140297],[-81.505148,41.139924],[-81.50516,41.139693],[-81.505148,41.139457],[-81.505148,41.139084],[-81.505152,41.13868],[-81.505166,41.138401],[-81.505215,41.137868],[-81.505253,41.136255],[-81.505254,41.135831],[-81.505269,41.135368],[-81.505284,41.134475],[-81.506254,41.134486],[-81.507075,41.134497],[-81.507371,41.134503],[-81.50766,41.134503],[-81.508215,41.134511]]]}},{"type":"Feature","properties":{"id":"CUY FALLS 3-D","subdivision":"cuyahoga_falls"},"geometry":{"type":"Polygon","coordinates":[[[-81.504915,41.134473],[-81.505284,41.134475],[-81.505269,41.135368],[-81.505254,41.135831],[-81.505253,41.136255],[-81.505215,41.137868],[-81.505166,41.138401],[-81.505152,41.13868],[-81.505148,41.139084],[-81.505148,41.139457],[-81.50516,41.139693],[-81.505148,41.139924],[-81.505145,41.140297],[-81.505135,41.14053],[-81.505105,41.140763],[-81.505055,41.140996],[-81.505014,41.141136],[-81.505001,41.141165],[-81.504999,41.141183],[-81.504873,41.141508],[-81.504754,41.14174],[-81.504541,41.142113],[-81.505842,41.141984],[-81.505667,41.142308],[-81.504687,41.143932],[-81.504395,41.144422],[-81.504304,41.144566],[-81.504259,41.144625],[-81.50419,41.144692],[-81.504119,41.144752],[-81.504018,41.144821],[-81.503894,41.144891],[-81.503777,41.144967],[-81.503699,41.145029],[-81.503648,41.145102],[-81.503512,41.145082],[-81.503365,41.145072],[-81.503225,41.14507],[-81.502957,41.145061],[-81.502348,41.145061],[-81.502184,41.145066],[-81.502045,41.145081],[-81.501941,41.145106],[-81.501846,41.145135],[-81.501791,41.145163],[-81.501662,41.145242],[-81.501574,41.145316],[-81.501465,41.145435],[-81.501134,41.145239],[-81.500123,41.144624],[-81.49998,41.144529],[-81.499826,41.144444],[-81.499556,41.144281],[-81.499578,41.144075],[-81.499598,41.143153],[-81.499605,41.142209],[-81.499589,41.141742],[-81.499585,41.141462],[-81.499601,41.140425],[-81.499617,41.139036],[-81.499625,41.138539],[-81.499622,41.13834],[-81.499631,41.138119],[-81.499651,41.13686],[-81.499658,41.136766],[-81.49968,41.136674],[-81.499722,41.13658],[-81.499783,41.136488],[-81.500023,41.13621],[-81.500048,41.136163],[-81.50006,41.136117],[-81.500065,41.135771],[-81.50008,41.13523],[-81.500083,41.134904],[-81.500093,41.13467],[-81.500091,41.134624],[-81.500107,41.134415],[-81.501132,41.134428],[-81.502209,41.13444],[-81.502941,41.134449],[-81.50325,41.134449],[-81.50399,41.134462],[-81.504304,41.134461],[-81.504915,41.134473]]]}},{"type":"Feature","properties":{"id":"CUY FALLS 3-E","subdivision":"cuyahoga_falls"},"geometry":{"type":"Polygon","coordinates":[[[-81.519537,41.129753],[-81.519437,41.135853],[-81.518137,41.135953],[-81.518137,41.136353],[-81.518134,41.136428],[-81.517938,41.136424],[-81.516951,41.136423],[-81.516148,41.136416],[-81.515782,41.136419],[-81.515469,41.136424],[-81.514914,41.136426],[-81.514244,41.136422],[-81.514152,41.136424],[-81.513865,41.136424],[-81.513618,41.136416],[-81.513371,41.136384],[-81.513042,41.136315],[-81.512755,41.136307],[-81.5122,41.136304],[-81.511924,41.136274],[-81.511646,41.136202],[-81.511406,41.136135],[-81.511091,41.136191],[-81.511028,41.136213],[-81.51078,41.136333],[-81.510716,41.136351],[-81.510656,41.136374],[-81.510532,41.136398],[-81.51047,41.136406],[-81.510347,41.136411],[-81.510038,41.13641],[-81.509723,41.136403],[-81.508555,41.136402],[-81.508546,41.13619],[-81.508544,41.135865],[-81.508523,41.134696],[-81.508495,41.134504],[-81.508513,41.134276],[-81.508493,41.132949],[-81.508481,41.132053],[-81.508465,41.131367],[-81.508424,41.12904],[-81.508424,41.128833],[-81.508406,41.128132],[-81.508399,41.127449],[-81.508381,41.126565],[-81.508377,41.126282],[-81.508383,41.12605],[-81.508399,41.125769],[-81.508433,41.125536],[-81.50847,41.12535],[-81.508543,41.125078],[-81.508599,41.124884],[-81.508707,41.124558],[-81.508778,41.124372],[-81.508881,41.124068],[-81.517337,41.123853],[-81.518937,41.123853],[-81.519537,41.123953],[-81.519554,41.12639],[-81.519544,41.129584],[-81.519537,41.129753]]]}},{"type":"Feature","properties":{"id":"CUY FALLS 4-A","subdivision":"cuyahoga_falls"},"geometry":{"type":"Polygon","coordinates":[[[-81.488306,41.148735],[-81.48862,41.148739],[-81.489057,41.148751],[-81.489079,41.147887],[-81.489095,41.146553],[-81.490179,41.14657],[-81.490178,41.146357],[-81.490206,41.144864],[-81.490217,41.144648],[-81.49022,41.144366],[-81.491271,41.144393],[-81.492347,41.144415],[-81.493387,41.144423],[-81.493387,41.144472],[-81.493347,41.146621],[-81.494147,41.146635],[-81.494406,41.146635],[-81.494441,41.144668],[-81.494449,41.144442],[-81.494768,41.144447],[-81.494928,41.143949],[-81.49505,41.143601],[-81.495304,41.14362],[-81.49658,41.143639],[-81.497369,41.143651],[-81.497353,41.144061],[-81.496766,41.144056],[-81.496754,41.144479],[-81.497616,41.144494],[-81.498679,41.144518],[-81.498664,41.146704],[-81.498658,41.147131],[-81.498655,41.148297],[-81.498643,41.148903],[-81.498651,41.148997],[-81.498645,41.150007],[-81.498641,41.150847],[-81.498632,41.151189],[-81.498312,41.151192],[-81.498057,41.151194],[-81.497507,41.151188],[-81.496884,41.151191],[-81.496442,41.151189],[-81.495837,41.151186],[-81.495386,41.15118],[-81.494326,41.151176],[-81.493832,41.151178],[-81.493559,41.151172],[-81.493271,41.15117],[-81.492845,41.151172],[-81.492429,41.151165],[-81.492215,41.151167],[-81.491145,41.151166],[-81.490376,41.151159],[-81.490089,41.151167],[-81.48982,41.151156],[-81.48945,41.151154],[-81.489138,41.151169],[-81.489027,41.150839],[-81.488905,41.150464],[-81.488726,41.149956],[-81.488645,41.149718],[-81.488479,41.149235],[-81.488417,41.149037],[-81.488306,41.148735]]]}},{"type":"Feature","properties":{"id":"CUY FALLS 4-B","subdivision":"cuyahoga_falls"},"geometry":{"type":"Polygon","coordinates":[[[-81.490136,41.134389],[-81.490399,41.134396],[-81.490392,41.134633],[-81.490381,41.13733],[-81.490378,41.138039],[-81.490373,41.138085],[-81.490357,41.138132],[-81.4903,41.138225],[-81.490106,41.138487],[-81.490276,41.138594],[-81.490563,41.138763],[-81.49087,41.13896],[-81.491249,41.139186],[-81.49148,41.139332],[-81.492064,41.139689],[-81.492258,41.139795],[-81.492459,41.139931],[-81.492991,41.140256],[-81.493171,41.140007],[-81.493183,41.13996],[-81.493184,41.139764],[-81.493449,41.139771],[-81.493633,41.139808],[-81.494371,41.140009],[-81.494628,41.140083],[-81.494695,41.140128],[-81.494709,41.140184],[-81.494677,41.140236],[-81.494518,41.140392],[-81.494175,41.140714],[-81.494019,41.140887],[-81.494853,41.1414],[-81.495333,41.141692],[-81.495439,41.141749],[-81.495608,41.141866],[-81.496457,41.14238],[-81.49664,41.142495],[-81.496593,41.142743],[-81.496579,41.143443],[-81.49658,41.143639],[-81.495304,41.14362],[-81.49505,41.143601],[-81.494928,41.143949],[-81.494768,41.144447],[-81.494449,41.144442],[-81.494441,41.144668],[-81.494406,41.146635],[-81.494147,41.146635],[-81.493347,41.146621],[-81.493387,41.144472],[-81.493387,41.144423],[-81.492347,41.144415],[-81.491271,41.144393],[-81.49022,41.144366],[-81.490217,41.144648],[-81.490206,41.144864],[-81.490178,41.146357],[-81.490179,41.14657],[-81.489095,41.146553],[-81.489079,41.147887],[-81.489057,41.148751],[-81.48862,41.148739],[-81.488306,41.148735],[-81.488417,41.149037],[-81.488479,41.149235],[-81.488645,41.149718],[-81.488726,41.149956],[-81.488357,41.149961],[-81.485731,41.149961],[-81.485726,41.149894],[-81.485709,41.149584],[-81.485701,41.149537],[-81.48568,41.149087],[-81.485651,41.148837],[-81.485611,41.148267],[-81.485579,41.147652],[-81.485556,41.147343],[-81.485543,41.147249],[-81.485488,41.147062],[-81.485394,41.146805],[-81.48556,41.146773],[-81.484838,41.145987],[-81.484093,41.145183],[-81.483843,41.144919],[-81.484995,41.144929],[-81.484808,41.144397],[-81.484779,41.144319],[-81.484773,41.14429],[-81.484763,41.144273],[-81.484383,41.143151],[-81.484666,41.143068],[-81.48533,41.14294],[-81.485256,41.142737],[-81.485169,41.142455],[-81.484931,41.141801],[-81.484907,41.141754],[-81.484861,41.141707],[-81.484811,41.141673],[-81.484688,41.141609],[-81.484426,41.141498],[-81.484198,41.1414],[-81.484158,41.141377],[-81.48383,41.141219],[-81.48358,41.141089],[-81.483228,41.140897],[-81.483053,41.141099],[-81.48254,41.14084],[-81.481857,41.140485],[-81.48156,41.140339],[-81.480657,41.139868],[-81.480892,41.139625],[-81.481561,41.138878],[-81.481808,41.13861],[-81.482078,41.138736],[-81.482372,41.138885],[-81.482723,41.139068],[-81.483007,41.139209],[-81.483385,41.138791],[-81.483442,41.138721],[-81.483776,41.13835],[-81.48381,41.138302],[-81.483853,41.138258],[-81.483888,41.138211],[-81.483975,41.138072],[-81.483996,41.138026],[-81.484046,41.137827],[-81.484082,41.137606],[-81.48411,41.137396],[-81.484131,41.137244],[-81.484214,41.136628],[-81.484241,41.136392],[-81.484706,41.136422],[-81.485686,41.136495],[-81.486708,41.136572],[-81.486831,41.136588],[-81.486967,41.136619],[-81.487087,41.136663],[-81.487383,41.136821],[-81.48796,41.137177],[-81.4882,41.13732],[-81.488239,41.137347],[-81.48828,41.137367],[-81.488301,41.137385],[-81.488423,41.137462],[-81.488624,41.137579],[-81.488712,41.137371],[-81.488724,41.137324],[-81.488734,41.137305],[-81.488736,41.137278],[-81.488881,41.136766],[-81.4889,41.136673],[-81.488926,41.136486],[-81.488972,41.135973],[-81.488984,41.135787],[-81.488991,41.135554],[-81.488997,41.13462],[-81.488988,41.134392],[-81.489272,41.134386],[-81.490136,41.134389]]]}},{"type":"Feature","properties":{"id":"CUY FALLS 4-C","subdivision":"cuyahoga_falls"},"geometry":{"type":"Polygon","coordinates":[[[-81.488907,41.134416],[-81.488988,41.134392],[-81.488997,41.13462],[-81.488991,41.135554],[-81.488984,41.135787],[-81.488972,41.135973],[-81.488926,41.136486],[-81.4889,41.136673],[-81.488881,41.136766],[-81.488736,41.137278],[-81.488734,41.137305],[-81.488724,41.137324],[-81.488712,41.137371],[-81.488624,41.137579],[-81.488423,41.137462],[-81.488301,41.137385],[-81.48828,41.137367],[-81.488239,41.137347],[-81.4882,41.13732],[-81.48796,41.137177],[-81.487383,41.136821],[-81.487087,41.136663],[-81.486967,41.136619],[-81.486831,41.136588],[-81.486708,41.136572],[-81.485686,41.136495],[-81.484706,41.136422],[-81.484241,41.136392],[-81.484214,41.136628],[-81.484131,41.137244],[-81.48411,41.137396],[-81.484082,41.137606],[-81.484046,41.137827],[-81.483996,41.138026],[-81.483975,41.138072],[-81.483888,41.138211],[-81.483853,41.138258],[-81.48381,41.138302],[-81.483776,41.13835],[-81.483442,41.138721],[-81.483385,41.138791],[-81.483007,41.139209],[-81.482723,41.139068],[-81.482372,41.138885],[-81.482078,41.138736],[-81.481808,41.13861],[-81.481561,41.138878],[-81.480892,41.139625],[-81.480657,41.139868],[-81.48156,41.140339],[-81.481857,41.140485],[-81.48254,41.14084],[-81.483053,41.141099],[-81.483228,41.140897],[-81.48358,41.141089],[-81.48383,41.141219],[-81.484158,41.141377],[-81.484198,41.1414],[-81.484426,41.141498],[-81.484688,41.141609],[-81.484811,41.141673],[-81.484861,41.141707],[-81.484907,41.141754],[-81.484931,41.141801],[-81.485169,41.142455],[-81.485256,41.142737],[-81.48533,41.14294],[-81.484666,41.143068],[-81.484383,41.143151],[-81.484763,41.144273],[-81.484773,41.14429],[-81.484779,41.144319],[-81.484808,41.144397],[-81.484995,41.144929],[-81.483843,41.144919],[-81.484093,41.145183],[-81.484838,41.145987],[-81.48556,41.146773],[-81.485394,41.146805],[-81.485488,41.147062],[-81.485543,41.147249],[-81.485556,41.147343],[-81.485579,41.147652],[-81.485611,41.148267],[-81.485651,41.148837],[-81.48568,41.149087],[-81.485701,41.149537],[-81.485709,41.149584],[-81.485726,41.149894],[-81.485731,41.149961],[-81.485054,41.149959],[-81.484189,41.149961],[-81.483448,41.149972],[-81.483124,41.149981],[-81.482149,41.14999],[-81.482136,41.149863],[-81.482129,41.149413],[-81.482131,41.149137],[-81.481671,41.14915],[-81.48093,41.14916],[-81.480672,41.149191],[-81.480582,41.148979],[-81.480568,41.148326],[-81.480562,41.147538],[-81.480545,41.146433],[-81.480547,41.146123],[-81.480538,41.145899],[-81.480532,41.145432],[-81.480526,41.145339],[-81.480488,41.145198],[-81.480448,41.145105],[-81.480289,41.144913],[-81.48013,41.144729],[-81.479775,41.144352],[-81.479467,41.144019],[-81.479307,41.143851],[-81.479136,41.143663],[-81.478993,41.143522],[-81.478733,41.143286],[-81.478543,41.143103],[-81.478371,41.142944],[-81.477743,41.142484],[-81.47754,41.142325],[-81.477038,41.142703],[-81.476758,41.142925],[-81.477003,41.14228],[-81.477192,41.141908],[-81.477644,41.140978],[-81.477887,41.14057],[-81.478158,41.140175],[-81.478222,41.14009],[-81.478418,41.139831],[-81.480735,41.138154],[-81.48082,41.137976],[-81.481639,41.136234],[-81.482149,41.133691],[-81.482567,41.133736],[-81.482634,41.133775],[-81.482795,41.133827],[-81.483166,41.133922],[-81.483386,41.133961],[-81.48386,41.134016],[-81.484583,41.134082],[-81.484804,41.134103],[-81.485235,41.134156],[-81.485297,41.134158],[-81.485618,41.134197],[-81.486003,41.134251],[-81.486583,41.134311],[-81.487417,41.134413],[-81.487638,41.134436],[-81.487938,41.134448],[-81.488224,41.134435],[-81.48879,41.13443],[-81.488907,41.134416]]]}},{"type":"Feature","properties":{"id":"CUY FALLS 4-D","subdivision":"cuyahoga_falls"},"geometry":{"type":"Polygon","coordinates":[[[-81.498921,41.134409],[-81.500107,41.134415],[-81.500091,41.134624],[-81.500093,41.13467],[-81.500083,41.134904],[-81.50008,41.13523],[-81.500065,41.135771],[-81.50006,41.136117],[-81.500048,41.136163],[-81.500023,41.13621],[-81.499783,41.136488],[-81.499722,41.13658],[-81.49968,41.136674],[-81.499658,41.136766],[-81.499651,41.13686],[-81.499631,41.138119],[-81.499622,41.13834],[-81.499625,41.138539],[-81.499617,41.139036],[-81.499601,41.140425],[-81.499585,41.141462],[-81.499589,41.141742],[-81.499605,41.142209],[-81.499598,41.143153],[-81.499578,41.144075],[-81.499556,41.144281],[-81.49897,41.143924],[-81.498707,41.143771],[-81.49868,41.144021],[-81.498679,41.144518],[-81.497616,41.144494],[-81.496754,41.144479],[-81.496766,41.144056],[-81.497353,41.144061],[-81.497369,41.143651],[-81.49658,41.143639],[-81.496579,41.143443],[-81.496593,41.142743],[-81.49664,41.142495],[-81.496457,41.14238],[-81.495608,41.141866],[-81.495439,41.141749],[-81.495333,41.141692],[-81.494853,41.1414],[-81.494019,41.140887],[-81.494175,41.140714],[-81.494518,41.140392],[-81.494677,41.140236],[-81.494709,41.140184],[-81.494695,41.140128],[-81.494628,41.140083],[-81.494371,41.140009],[-81.493633,41.139808],[-81.493449,41.139771],[-81.493184,41.139764],[-81.493183,41.13996],[-81.493171,41.140007],[-81.492991,41.140256],[-81.492459,41.139931],[-81.492258,41.139795],[-81.492064,41.139689],[-81.49148,41.139332],[-81.491249,41.139186],[-81.49087,41.13896],[-81.490563,41.138763],[-81.490276,41.138594],[-81.490106,41.138487],[-81.4903,41.138225],[-81.490357,41.138132],[-81.490373,41.138085],[-81.490378,41.138039],[-81.490381,41.13733],[-81.490392,41.134633],[-81.490399,41.134396],[-81.490692,41.134391],[-81.491735,41.134395],[-81.493008,41.1344],[-81.493284,41.134398],[-81.493653,41.134403],[-81.494274,41.134405],[-81.49458,41.134403],[-81.495544,41.134409],[-81.49667,41.134408],[-81.497078,41.134411],[-81.497798,41.134409],[-81.498921,41.134409]]]}},{"type":"Feature","properties":{"id":"CUY FALLS 5-A","subdivision":"cuyahoga_falls"},"geometry":{"type":"Polygon","coordinates":[[[-81.489851,41.202959],[-81.489436,41.202961],[-81.489436,41.194754],[-81.489381,41.193934],[-81.48935,41.193464],[-81.489336,41.193254],[-81.489436,41.192854],[-81.489436,41.192134],[-81.48944,41.191723],[-81.489436,41.190754],[-81.489435,41.187054],[-81.489535,41.185754],[-81.489535,41.183154],[-81.489522,41.1829],[-81.489431,41.181065],[-81.489344,41.177215],[-81.489434,41.171896],[-81.489355,41.16631],[-81.489353,41.166243],[-81.489335,41.165754],[-81.489361,41.164338],[-81.489509,41.162555],[-81.489556,41.161488],[-81.489744,41.160375],[-81.490479,41.159907],[-81.490546,41.159861],[-81.490611,41.159823],[-81.490628,41.159809],[-81.491587,41.159207],[-81.492501,41.158624],[-81.492557,41.158673],[-81.492627,41.158716],[-81.49357,41.162213],[-81.494064,41.163983],[-81.495316,41.163989],[-81.498635,41.163997],[-81.498635,41.164854],[-81.498402,41.164939],[-81.497242,41.165361],[-81.493253,41.16681],[-81.49333,41.166953],[-81.493596,41.167471],[-81.49371,41.167757],[-81.493746,41.167866],[-81.493789,41.168041],[-81.493814,41.168183],[-81.493838,41.168381],[-81.493844,41.168601],[-81.493838,41.169032],[-81.493817,41.169704],[-81.493811,41.170018],[-81.493784,41.170794],[-81.493777,41.171287],[-81.493784,41.171419],[-81.493812,41.17165],[-81.493852,41.171883],[-81.493861,41.171925],[-81.493906,41.172121],[-81.494158,41.173107],[-81.49426,41.173543],[-81.494283,41.173667],[-81.494327,41.173983],[-81.494362,41.174461],[-81.49438,41.174943],[-81.494385,41.175578],[-81.494371,41.176204],[-81.494359,41.176513],[-81.494362,41.176946],[-81.49435,41.177419],[-81.494349,41.178158],[-81.494315,41.181035],[-81.494314,41.182106],[-81.494324,41.182594],[-81.494323,41.182908],[-81.494333,41.183712],[-81.494334,41.18378],[-81.494336,41.183965],[-81.494338,41.185137],[-81.494348,41.186303],[-81.494343,41.186632],[-81.493382,41.186635],[-81.493293,41.186641],[-81.493235,41.186652],[-81.493195,41.186669],[-81.493008,41.186806],[-81.492899,41.186875],[-81.492792,41.186914],[-81.492679,41.186936],[-81.492562,41.186945],[-81.492368,41.186933],[-81.492225,41.186911],[-81.492186,41.186991],[-81.492172,41.187077],[-81.492168,41.187147],[-81.492172,41.187737],[-81.492164,41.188379],[-81.492164,41.18844],[-81.492164,41.189123],[-81.493152,41.189127],[-81.494146,41.189119],[-81.494151,41.188424],[-81.494376,41.188414],[-81.494388,41.189271],[-81.494389,41.189799],[-81.494395,41.190208],[-81.49881,41.190208],[-81.498935,41.192748],[-81.4991,41.195503],[-81.500132,41.195497],[-81.502688,41.195483],[-81.502529,41.195641],[-81.502301,41.195873],[-81.50178,41.196404],[-81.501504,41.196674],[-81.501295,41.196898],[-81.500632,41.197571],[-81.500036,41.198159],[-81.498877,41.199341],[-81.497818,41.200403],[-81.497607,41.200625],[-81.497229,41.201054],[-81.49701,41.201317],[-81.496763,41.201651],[-81.496548,41.201955],[-81.496388,41.202197],[-81.496133,41.202646],[-81.495959,41.202984],[-81.495463,41.202973],[-81.495141,41.202977],[-81.494546,41.202975],[-81.494043,41.202969],[-81.493458,41.202971],[-81.492254,41.202964],[-81.491796,41.202965],[-81.49058,41.202956],[-81.489851,41.202959]]]}},{"type":"Feature","properties":{"id":"CUY FALLS 5-B","subdivision":"cuyahoga_falls"},"geometry":{"type":"Polygon","coordinates":[[[-81.508592,41.162836],[-81.50858,41.163441],[-81.508581,41.164217],[-81.50859,41.164455],[-81.508581,41.165144],[-81.508587,41.166562],[-81.508581,41.167835],[-81.50857,41.168379],[-81.508569,41.170244],[-81.508562,41.17088],[-81.508567,41.171456],[-81.508564,41.171845],[-81.508548,41.171995],[-81.508546,41.172054],[-81.508559,41.172078],[-81.508562,41.172248],[-81.508559,41.172526],[-81.508563,41.172674],[-81.508558,41.173545],[-81.508553,41.174052],[-81.508558,41.174391],[-81.508557,41.175572],[-81.508563,41.175995],[-81.508559,41.176727],[-81.508557,41.178708],[-81.508556,41.179505],[-81.50856,41.17988],[-81.508555,41.18034],[-81.508559,41.180684],[-81.508568,41.180973],[-81.508581,41.181298],[-81.508587,41.181902],[-81.508574,41.182444],[-81.508579,41.183032],[-81.508587,41.183787],[-81.50858,41.184172],[-81.50856,41.184534],[-81.508516,41.184917],[-81.508465,41.185244],[-81.508382,41.185657],[-81.508254,41.186159],[-81.508116,41.186568],[-81.50801,41.186848],[-81.507849,41.187207],[-81.507663,41.187623],[-81.507304,41.188319],[-81.507288,41.188339],[-81.507074,41.188763],[-81.506897,41.189093],[-81.506532,41.189816],[-81.505846,41.191135],[-81.505482,41.191849],[-81.505119,41.192538],[-81.504901,41.192909],[-81.504763,41.193112],[-81.50468,41.193241],[-81.504637,41.193308],[-81.504364,41.193684],[-81.504129,41.193973],[-81.503742,41.194419],[-81.503139,41.195037],[-81.502688,41.195483],[-81.500132,41.195497],[-81.4991,41.195503],[-81.498935,41.192748],[-81.49881,41.190208],[-81.494395,41.190208],[-81.494389,41.189799],[-81.494388,41.189271],[-81.494376,41.188414],[-81.494151,41.188424],[-81.494146,41.189119],[-81.493152,41.189127],[-81.492164,41.189123],[-81.492164,41.18844],[-81.492164,41.188379],[-81.492172,41.187737],[-81.492168,41.187147],[-81.492172,41.187077],[-81.492186,41.186991],[-81.492225,41.186911],[-81.492368,41.186933],[-81.492562,41.186945],[-81.492679,41.186936],[-81.492792,41.186914],[-81.492899,41.186875],[-81.493008,41.186806],[-81.493195,41.186669],[-81.493235,41.186652],[-81.493293,41.186641],[-81.493382,41.186635],[-81.494343,41.186632],[-81.494348,41.186303],[-81.494338,41.185137],[-81.494336,41.183965],[-81.494334,41.18378],[-81.494333,41.183712],[-81.494323,41.182908],[-81.494324,41.182594],[-81.494314,41.182106],[-81.494315,41.181035],[-81.494349,41.178158],[-81.49435,41.177419],[-81.494362,41.176946],[-81.494359,41.176513],[-81.494371,41.176204],[-81.494385,41.175578],[-81.49438,41.174943],[-81.494362,41.174461],[-81.494327,41.173983],[-81.494283,41.173667],[-81.49426,41.173543],[-81.494158,41.173107],[-81.493906,41.172121],[-81.493861,41.171925],[-81.493852,41.171883],[-81.493812,41.17165],[-81.493784,41.171419],[-81.493777,41.171287],[-81.493784,41.170794],[-81.493811,41.170018],[-81.493817,41.169704],[-81.493838,41.169032],[-81.493844,41.168601],[-81.493838,41.168381],[-81.493814,41.168183],[-81.493789,41.168041],[-81.493746,41.167866],[-81.49371,41.167757],[-81.493596,41.167471],[-81.49333,41.166953],[-81.493253,41.16681],[-81.497242,41.165361],[-81.498402,41.164939],[-81.498635,41.164854],[-81.498635,41.163997],[-81.498635,41.163516],[-81.498289,41.163511],[-81.4984,41.16319],[-81.49829,41.163109],[-81.498247,41.16307],[-81.498222,41.163021],[-81.498177,41.162965],[-81.498137,41.162887],[-81.49812,41.162807],[-81.498124,41.16238],[-81.49812,41.162306],[-81.498071,41.162169],[-81.498005,41.162079],[-81.49783,41.161936],[-81.497772,41.161877],[-81.497712,41.161762],[-81.497687,41.161704],[-81.497686,41.161642],[-81.497729,41.161343],[-81.497765,41.161178],[-81.497885,41.161185],[-81.498134,41.161191],[-81.49843,41.16119],[-81.498495,41.161167],[-81.498531,41.161138],[-81.49856,41.161094],[-81.498566,41.160986],[-81.498568,41.160743],[-81.498557,41.160657],[-81.498535,41.160612],[-81.498492,41.160571],[-81.498474,41.160563],[-81.498445,41.16055],[-81.498384,41.160542],[-81.497882,41.160534],[-81.497967,41.160158],[-81.497986,41.16002],[-81.49799,41.159912],[-81.497976,41.15972],[-81.497954,41.159517],[-81.497958,41.158769],[-81.49863,41.158775],[-81.498863,41.158775],[-81.498993,41.158775],[-81.499627,41.158774],[-81.500227,41.158774],[-81.500968,41.158773],[-81.502481,41.158757],[-81.502973,41.158762],[-81.503831,41.158759],[-81.505027,41.158754],[-81.506865,41.158747],[-81.507601,41.158741],[-81.508917,41.158701],[-81.510371,41.158649],[-81.51021,41.158952],[-81.509716,41.159824],[-81.509416,41.160357],[-81.50922,41.160707],[-81.509098,41.160958],[-81.50904,41.161077],[-81.508991,41.161184],[-81.508875,41.161471],[-81.508772,41.161754],[-81.508703,41.162017],[-81.508657,41.16223],[-81.508613,41.162549],[-81.508592,41.162836]]]}},{"type":"Feature","properties":{"id":"CUY FALLS 5-C","subdivision":"cuyahoga_falls"},"geometry":{"type":"Polygon","coordinates":[[[-81.510524,41.158285],[-81.510371,41.158649],[-81.508917,41.158701],[-81.507601,41.158741],[-81.506865,41.158747],[-81.505027,41.158754],[-81.503831,41.158759],[-81.502973,41.158762],[-81.502481,41.158757],[-81.500968,41.158773],[-81.500227,41.158774],[-81.499627,41.158774],[-81.498993,41.158775],[-81.498863,41.158775],[-81.49863,41.158775],[-81.497958,41.158769],[-81.497954,41.159517],[-81.497976,41.15972],[-81.49799,41.159912],[-81.497986,41.16002],[-81.497967,41.160158],[-81.497882,41.160534],[-81.498384,41.160542],[-81.498445,41.16055],[-81.498474,41.160563],[-81.498492,41.160571],[-81.498535,41.160612],[-81.498557,41.160657],[-81.498568,41.160743],[-81.498566,41.160986],[-81.49856,41.161094],[-81.498531,41.161138],[-81.498495,41.161167],[-81.49843,41.16119],[-81.498134,41.161191],[-81.497885,41.161185],[-81.497765,41.161178],[-81.497729,41.161343],[-81.497686,41.161642],[-81.497687,41.161704],[-81.497712,41.161762],[-81.497772,41.161877],[-81.49783,41.161936],[-81.498005,41.162079],[-81.498071,41.162169],[-81.49812,41.162306],[-81.498124,41.16238],[-81.49812,41.162807],[-81.498137,41.162887],[-81.498177,41.162965],[-81.498222,41.163021],[-81.498247,41.16307],[-81.49829,41.163109],[-81.4984,41.16319],[-81.498289,41.163511],[-81.498635,41.163516],[-81.498635,41.163997],[-81.495316,41.163989],[-81.494064,41.163983],[-81.49357,41.162213],[-81.492627,41.158716],[-81.492557,41.158673],[-81.492501,41.158624],[-81.49298,41.158328],[-81.493699,41.157876],[-81.495661,41.156646],[-81.495848,41.156536],[-81.496164,41.156333],[-81.497507,41.155487],[-81.497997,41.155182],[-81.498227,41.155034],[-81.498839,41.154652],[-81.499076,41.154504],[-81.500089,41.153864],[-81.500953,41.153329],[-81.500798,41.153152],[-81.500739,41.153059],[-81.500718,41.153012],[-81.500704,41.152965],[-81.500688,41.152871],[-81.500689,41.152778],[-81.500694,41.152731],[-81.500723,41.152638],[-81.500743,41.152592],[-81.500771,41.152546],[-81.500807,41.152499],[-81.500994,41.152335],[-81.50082,41.152176],[-81.500759,41.152137],[-81.500698,41.152107],[-81.500636,41.15209],[-81.500575,41.152078],[-81.500513,41.152072],[-81.499535,41.152068],[-81.499542,41.151835],[-81.499543,41.151196],[-81.499847,41.151204],[-81.502625,41.151217],[-81.502922,41.151212],[-81.503036,41.151217],[-81.503613,41.151223],[-81.503983,41.151223],[-81.504481,41.151216],[-81.504786,41.151221],[-81.506064,41.151218],[-81.506068,41.151005],[-81.506069,41.150071],[-81.506076,41.148534],[-81.506083,41.148389],[-81.506095,41.148312],[-81.506132,41.148228],[-81.506373,41.148306],[-81.506558,41.148342],[-81.506681,41.148358],[-81.506866,41.148373],[-81.507829,41.148416],[-81.507937,41.148417],[-81.508048,41.148413],[-81.508296,41.148388],[-81.508417,41.148369],[-81.508523,41.148345],[-81.508523,41.149549],[-81.508519,41.149956],[-81.508518,41.150093],[-81.508524,41.150562],[-81.508527,41.150842],[-81.508547,41.151146],[-81.508625,41.151902],[-81.508673,41.152295],[-81.508672,41.152317],[-81.508699,41.152425],[-81.508786,41.152622],[-81.508841,41.152735],[-81.508941,41.152942],[-81.50911,41.153269],[-81.509152,41.153348],[-81.509287,41.153577],[-81.509395,41.153741],[-81.509523,41.153922],[-81.509753,41.154214],[-81.50988,41.154376],[-81.509993,41.154507],[-81.510169,41.154771],[-81.510352,41.155125],[-81.510443,41.155339],[-81.510542,41.1556],[-81.510624,41.155849],[-81.510676,41.156051],[-81.510746,41.156502],[-81.510768,41.156833],[-81.510765,41.157015],[-81.510749,41.15729],[-81.51072,41.1575],[-81.510679,41.157718],[-81.510595,41.15805],[-81.510524,41.158285]]]}},{"type":"Feature","properties":{"id":"CUY FALLS 5-D","subdivision":"cuyahoga_falls"},"geometry":{"type":"Polygon","coordinates":[[[-81.505844,41.148088],[-81.506132,41.148228],[-81.506095,41.148312],[-81.506083,41.148389],[-81.506076,41.148534],[-81.506069,41.150071],[-81.506068,41.151005],[-81.506064,41.151218],[-81.504786,41.151221],[-81.504481,41.151216],[-81.503983,41.151223],[-81.503613,41.151223],[-81.503036,41.151217],[-81.502922,41.151212],[-81.502625,41.151217],[-81.499847,41.151204],[-81.499543,41.151196],[-81.499542,41.151835],[-81.499535,41.152068],[-81.500513,41.152072],[-81.500575,41.152078],[-81.500636,41.15209],[-81.500698,41.152107],[-81.500759,41.152137],[-81.50082,41.152176],[-81.500994,41.152335],[-81.500807,41.152499],[-81.500771,41.152546],[-81.500743,41.152592],[-81.500723,41.152638],[-81.500694,41.152731],[-81.500689,41.152778],[-81.500688,41.152871],[-81.500704,41.152965],[-81.500718,41.153012],[-81.500739,41.153059],[-81.500798,41.153152],[-81.500953,41.153329],[-81.500089,41.153864],[-81.499076,41.154504],[-81.498839,41.154652],[-81.498227,41.155034],[-81.497997,41.155182],[-81.497507,41.155487],[-81.496164,41.156333],[-81.495848,41.156536],[-81.495661,41.156646],[-81.493699,41.157876],[-81.49298,41.158328],[-81.492501,41.158624],[-81.491587,41.159207],[-81.490628,41.159809],[-81.490611,41.159823],[-81.490546,41.159861],[-81.490479,41.159907],[-81.489744,41.160375],[-81.48963,41.160131],[-81.489605,41.160037],[-81.489594,41.159897],[-81.489596,41.159449],[-81.489597,41.158963],[-81.489597,41.158175],[-81.489606,41.157362],[-81.489606,41.156567],[-81.48961,41.155782],[-81.489614,41.155248],[-81.489606,41.154979],[-81.489609,41.154781],[-81.489603,41.154097],[-81.489604,41.153754],[-81.489597,41.153199],[-81.489591,41.152561],[-81.489526,41.152286],[-81.489326,41.151703],[-81.489231,41.151418],[-81.489138,41.151169],[-81.48945,41.151154],[-81.48982,41.151156],[-81.490089,41.151167],[-81.490376,41.151159],[-81.491145,41.151166],[-81.492215,41.151167],[-81.492429,41.151165],[-81.492845,41.151172],[-81.493271,41.15117],[-81.493559,41.151172],[-81.493832,41.151178],[-81.494326,41.151176],[-81.495386,41.15118],[-81.495837,41.151186],[-81.496442,41.151189],[-81.496884,41.151191],[-81.497507,41.151188],[-81.498057,41.151194],[-81.498312,41.151192],[-81.498632,41.151189],[-81.498641,41.150847],[-81.498645,41.150007],[-81.498651,41.148997],[-81.498643,41.148903],[-81.498655,41.148297],[-81.498658,41.147131],[-81.498664,41.146704],[-81.498679,41.144518],[-81.49868,41.144021],[-81.498707,41.143771],[-81.49897,41.143924],[-81.499556,41.144281],[-81.499826,41.144444],[-81.49998,41.144529],[-81.500123,41.144624],[-81.501134,41.145239],[-81.501465,41.145435],[-81.502354,41.145972],[-81.502473,41.146038],[-81.502936,41.146328],[-81.503007,41.146367],[-81.503278,41.146535],[-81.503497,41.146667],[-81.50368,41.146783],[-81.503952,41.146943],[-81.504196,41.147095],[-81.504842,41.147481],[-81.505511,41.14789],[-81.505844,41.148088]]]}},{"type":"Feature","properties":{"id":"CUY FALLS 6-A","subdivision":"cuyahoga_falls"},"geometry":{"type":"Polygon","coordinates":[[[-81.48963,41.160131],[-81.489744,41.160375],[-81.489177,41.160715],[-81.488886,41.160902],[-81.487624,41.161659],[-81.487011,41.162052],[-81.486582,41.162287],[-81.485845,41.162735],[-81.485627,41.162858],[-81.485466,41.162933],[-81.485329,41.162987],[-81.48516,41.163037],[-81.485051,41.163062],[-81.48495,41.163079],[-81.484851,41.163088],[-81.484513,41.163115],[-81.4835,41.163195],[-81.482733,41.163256],[-81.480913,41.163436],[-81.479692,41.163542],[-81.479405,41.163567],[-81.478396,41.163647],[-81.478159,41.163663],[-81.477914,41.163654],[-81.477607,41.163633],[-81.477248,41.163576],[-81.477195,41.162722],[-81.477158,41.162024],[-81.477093,41.161361],[-81.477046,41.161074],[-81.476883,41.160206],[-81.476757,41.159483],[-81.476698,41.159178],[-81.4767,41.159146],[-81.476661,41.158947],[-81.478,41.158948],[-81.477997,41.158148],[-81.478006,41.157361],[-81.477998,41.157136],[-81.477999,41.156557],[-81.478003,41.155766],[-81.477998,41.15497],[-81.480794,41.154966],[-81.480787,41.155169],[-81.480786,41.155527],[-81.480792,41.155764],[-81.480788,41.155994],[-81.480793,41.156557],[-81.48079,41.157067],[-81.480796,41.157356],[-81.483211,41.15735],[-81.483508,41.157354],[-81.483767,41.15735],[-81.485828,41.157356],[-81.487459,41.157361],[-81.489606,41.157362],[-81.489597,41.158175],[-81.489597,41.158963],[-81.489596,41.159449],[-81.489594,41.159897],[-81.489605,41.160037],[-81.48963,41.160131]]]}},{"type":"Feature","properties":{"id":"CUY FALLS 6-B","subdivision":"cuyahoga_falls"},"geometry":{"type":"Polygon","coordinates":[[[-81.478,41.158948],[-81.476661,41.158947],[-81.4767,41.159146],[-81.476698,41.159178],[-81.476757,41.159483],[-81.476883,41.160206],[-81.477046,41.161074],[-81.477093,41.161361],[-81.477158,41.162024],[-81.477195,41.162722],[-81.477248,41.163576],[-81.476243,41.16338],[-81.475849,41.163314],[-81.475172,41.163199],[-81.474456,41.163064],[-81.474425,41.163058],[-81.473957,41.162969],[-81.473782,41.162929],[-81.473234,41.162803],[-81.472419,41.162802],[-81.471958,41.162839],[-81.4716,41.1629],[-81.471402,41.162933],[-81.470772,41.163116],[-81.470454,41.163251],[-81.470149,41.163398],[-81.469571,41.163763],[-81.469337,41.163928],[-81.46927,41.163977],[-81.468837,41.162131],[-81.468689,41.161502],[-81.468511,41.160721],[-81.468462,41.160493],[-81.468387,41.160087],[-81.46834,41.159691],[-81.468319,41.159328],[-81.468325,41.158928],[-81.468346,41.158638],[-81.468381,41.158338],[-81.468419,41.158115],[-81.468474,41.157846],[-81.468568,41.157487],[-81.468735,41.156977],[-81.469095,41.155959],[-81.46935,41.155239],[-81.470453,41.152138],[-81.46949,41.152252],[-81.469186,41.152244],[-81.468831,41.152242],[-81.468853,41.150545],[-81.468737,41.148564],[-81.468686,41.148589],[-81.468663,41.148596],[-81.46837,41.14872],[-81.468105,41.148818],[-81.467732,41.148327],[-81.47163,41.145715],[-81.471722,41.145866],[-81.47209,41.14651],[-81.472249,41.146759],[-81.472323,41.14689],[-81.472407,41.147039],[-81.472531,41.147228],[-81.472614,41.147368],[-81.472738,41.14755],[-81.472834,41.147744],[-81.472992,41.148025],[-81.473111,41.14825],[-81.473284,41.148608],[-81.473331,41.148705],[-81.473438,41.148924],[-81.473525,41.14915],[-81.473756,41.149881],[-81.473807,41.150085],[-81.473884,41.150302],[-81.4741,41.151001],[-81.474141,41.151142],[-81.474194,41.15133],[-81.474273,41.151565],[-81.474338,41.151783],[-81.474429,41.152095],[-81.474502,41.152313],[-81.474598,41.15263],[-81.474722,41.153015],[-81.474845,41.153418],[-81.475122,41.153407],[-81.477715,41.153399],[-81.477994,41.153408],[-81.477989,41.153651],[-81.477994,41.154181],[-81.48079,41.154177],[-81.480786,41.154702],[-81.480794,41.154966],[-81.477998,41.15497],[-81.478003,41.155766],[-81.477999,41.156557],[-81.477998,41.157136],[-81.478006,41.157361],[-81.477997,41.158148],[-81.478,41.158948]]]}},{"type":"Feature","properties":{"id":"CUY FALLS 6-C","subdivision":"cuyahoga_falls"},"geometry":{"type":"Polygon","coordinates":[[[-81.489027,41.150839],[-81.489138,41.151169],[-81.489231,41.151418],[-81.489326,41.151703],[-81.489526,41.152286],[-81.489591,41.152561],[-81.489597,41.153199],[-81.489604,41.153754],[-81.489603,41.154097],[-81.489609,41.154781],[-81.489606,41.154979],[-81.489614,41.155248],[-81.48961,41.155782],[-81.489606,41.156567],[-81.489606,41.157362],[-81.487459,41.157361],[-81.485828,41.157356],[-81.483767,41.15735],[-81.483508,41.157354],[-81.483211,41.15735],[-81.480796,41.157356],[-81.48079,41.157067],[-81.480793,41.156557],[-81.480788,41.155994],[-81.480792,41.155764],[-81.480786,41.155527],[-81.480787,41.155169],[-81.480794,41.154966],[-81.480786,41.154702],[-81.48079,41.154177],[-81.481099,41.154174],[-81.482025,41.154175],[-81.482583,41.15417],[-81.482658,41.154155],[-81.482723,41.154133],[-81.48235,41.153549],[-81.482205,41.153379],[-81.482069,41.153214],[-81.481727,41.152797],[-81.481549,41.152593],[-81.48131,41.152303],[-81.481141,41.152092],[-81.480708,41.151579],[-81.480259,41.151037],[-81.479998,41.150726],[-81.479859,41.150554],[-81.479688,41.150353],[-81.479677,41.150335],[-81.479647,41.150306],[-81.479458,41.150071],[-81.479273,41.14985],[-81.479501,41.149755],[-81.479936,41.149545],[-81.480351,41.14935],[-81.480672,41.149191],[-81.48093,41.14916],[-81.481671,41.14915],[-81.482131,41.149137],[-81.482129,41.149413],[-81.482136,41.149863],[-81.482149,41.14999],[-81.483124,41.149981],[-81.483448,41.149972],[-81.484189,41.149961],[-81.485054,41.149959],[-81.485731,41.149961],[-81.488357,41.149961],[-81.488726,41.149956],[-81.488905,41.150464],[-81.489027,41.150839]]]}},{"type":"Feature","properties":{"id":"CUY FALLS 6-D","subdivision":"cuyahoga_falls"},"geometry":{"type":"Polygon","coordinates":[[[-81.477003,41.14228],[-81.476758,41.142925],[-81.477038,41.142703],[-81.47754,41.142325],[-81.477743,41.142484],[-81.478371,41.142944],[-81.478543,41.143103],[-81.478733,41.143286],[-81.478993,41.143522],[-81.479136,41.143663],[-81.479307,41.143851],[-81.479467,41.144019],[-81.479775,41.144352],[-81.48013,41.144729],[-81.480289,41.144913],[-81.480448,41.145105],[-81.480488,41.145198],[-81.480526,41.145339],[-81.480532,41.145432],[-81.480538,41.145899],[-81.480547,41.146123],[-81.480545,41.146433],[-81.480562,41.147538],[-81.480568,41.148326],[-81.480582,41.148979],[-81.480672,41.149191],[-81.480351,41.14935],[-81.479936,41.149545],[-81.479501,41.149755],[-81.479273,41.14985],[-81.479458,41.150071],[-81.479647,41.150306],[-81.479677,41.150335],[-81.479688,41.150353],[-81.479859,41.150554],[-81.479998,41.150726],[-81.480259,41.151037],[-81.480708,41.151579],[-81.481141,41.152092],[-81.48131,41.152303],[-81.481549,41.152593],[-81.481727,41.152797],[-81.482069,41.153214],[-81.482205,41.153379],[-81.48235,41.153549],[-81.482723,41.154133],[-81.482658,41.154155],[-81.482583,41.15417],[-81.482025,41.154175],[-81.481099,41.154174],[-81.48079,41.154177],[-81.477994,41.154181],[-81.477989,41.153651],[-81.477994,41.153408],[-81.477715,41.153399],[-81.475122,41.153407],[-81.474845,41.153418],[-81.474722,41.153015],[-81.474598,41.15263],[-81.474502,41.152313],[-81.474429,41.152095],[-81.474338,41.151783],[-81.474273,41.151565],[-81.474194,41.15133],[-81.474141,41.151142],[-81.4741,41.151001],[-81.473884,41.150302],[-81.473807,41.150085],[-81.473756,41.149881],[-81.473525,41.14915],[-81.473438,41.148924],[-81.473331,41.148705],[-81.473284,41.148608],[-81.473111,41.14825],[-81.472992,41.148025],[-81.472834,41.147744],[-81.472738,41.14755],[-81.472614,41.147368],[-81.472531,41.147228],[-81.472407,41.147039],[-81.472323,41.14689],[-81.472249,41.146759],[-81.47209,41.14651],[-81.471722,41.145866],[-81.47163,41.145715],[-81.472524,41.145141],[-81.472834,41.144954],[-81.47314,41.144605],[-81.474734,41.142754],[-81.475534,41.141855],[-81.47789,41.140213],[-81.478418,41.139831],[-81.478222,41.14009],[-81.478158,41.140175],[-81.477887,41.14057],[-81.477644,41.140978],[-81.477192,41.141908],[-81.477003,41.14228]]]}},{"type":"Feature","properties":{"id":"CUY FALLS 7-A","subdivision":"cuyahoga_falls"},"geometry":{"type":"Polygon","coordinates":[[[-81.481747,41.133647],[-81.482149,41.133691],[-81.481639,41.136234],[-81.48082,41.137976],[-81.480735,41.138154],[-81.478418,41.139831],[-81.47789,41.140213],[-81.475534,41.141855],[-81.474734,41.142754],[-81.47314,41.144605],[-81.472834,41.144954],[-81.472524,41.145141],[-81.47163,41.145715],[-81.467732,41.148327],[-81.467541,41.14807],[-81.467424,41.147894],[-81.468022,41.147635],[-81.468084,41.147601],[-81.468147,41.14756],[-81.468201,41.147516],[-81.468248,41.147469],[-81.468268,41.147437],[-81.468284,41.147423],[-81.468335,41.14733],[-81.46836,41.147237],[-81.468367,41.14719],[-81.468374,41.147051],[-81.468376,41.146724],[-81.468388,41.146516],[-81.468657,41.146504],[-81.468781,41.146477],[-81.468843,41.146455],[-81.468861,41.146442],[-81.468905,41.146422],[-81.468968,41.146378],[-81.46903,41.146321],[-81.469082,41.146264],[-81.469116,41.146217],[-81.469216,41.146048],[-81.46923,41.146032],[-81.469283,41.145943],[-81.469359,41.145846],[-81.46945,41.145754],[-81.469511,41.145707],[-81.469646,41.145624],[-81.469783,41.145561],[-81.469907,41.145516],[-81.47003,41.145479],[-81.470341,41.145396],[-81.470713,41.145308],[-81.470837,41.145274],[-81.471043,41.145208],[-81.471085,41.145189],[-81.471362,41.145084],[-81.471369,41.144884],[-81.471396,41.144651],[-81.471397,41.144558],[-81.471391,41.144464],[-81.471378,41.144372],[-81.471349,41.144277],[-81.471246,41.143991],[-81.471118,41.143825],[-81.470985,41.143688],[-81.470148,41.142977],[-81.469912,41.142771],[-81.469876,41.14274],[-81.469828,41.142698],[-81.46932,41.142269],[-81.469151,41.14212],[-81.468979,41.141893],[-81.468958,41.141753],[-81.468952,41.141613],[-81.468949,41.140356],[-81.469247,41.140344],[-81.469991,41.140342],[-81.470252,41.140347],[-81.470729,41.140347],[-81.471039,41.14034],[-81.471048,41.140138],[-81.471043,41.139765],[-81.471044,41.139391],[-81.471035,41.139018],[-81.471036,41.138785],[-81.471043,41.138539],[-81.471033,41.138148],[-81.471029,41.137448],[-81.471017,41.136654],[-81.471017,41.136095],[-81.471008,41.135812],[-81.471535,41.135804],[-81.472621,41.135798],[-81.472947,41.135784],[-81.473207,41.13578],[-81.474009,41.13578],[-81.47436,41.135776],[-81.474377,41.1349],[-81.475472,41.134899],[-81.475961,41.134893],[-81.476229,41.133544],[-81.476245,41.133495],[-81.476277,41.133342],[-81.476353,41.132948],[-81.4764,41.132752],[-81.476587,41.131821],[-81.476583,41.131774],[-81.476569,41.131727],[-81.476544,41.131684],[-81.47651,41.131645],[-81.476386,41.13155],[-81.476575,41.131401],[-81.476785,41.131263],[-81.477013,41.131127],[-81.477255,41.131321],[-81.477443,41.13148],[-81.477599,41.131604],[-81.477733,41.13172],[-81.47803,41.131958],[-81.478768,41.132587],[-81.479132,41.13289],[-81.479281,41.133019],[-81.479383,41.133113],[-81.479482,41.133194],[-81.47955,41.133242],[-81.479598,41.133277],[-81.479707,41.133335],[-81.479788,41.133373],[-81.4799,41.133414],[-81.480014,41.133446],[-81.480123,41.133465],[-81.480168,41.13347],[-81.480291,41.133484],[-81.480406,41.133496],[-81.480631,41.133521],[-81.480676,41.133526],[-81.480964,41.133557],[-81.481187,41.133583],[-81.481374,41.133605],[-81.481747,41.133647]]]}},{"type":"Feature","properties":{"id":"CUY FALLS 7-B","subdivision":"cuyahoga_falls"},"geometry":{"type":"Polygon","coordinates":[[[-81.468022,41.147635],[-81.467424,41.147894],[-81.467541,41.14807],[-81.467732,41.148327],[-81.467316,41.148562],[-81.467167,41.148548],[-81.46713,41.148561],[-81.467066,41.148581],[-81.467021,41.148594],[-81.466968,41.148608],[-81.466823,41.148641],[-81.466711,41.148661],[-81.466611,41.148666],[-81.466521,41.148664],[-81.46643,41.148659],[-81.466326,41.148646],[-81.466226,41.148626],[-81.466128,41.148601],[-81.466031,41.148575],[-81.465903,41.148539],[-81.465776,41.148497],[-81.465649,41.148448],[-81.465574,41.148416],[-81.465465,41.148365],[-81.465081,41.148193],[-81.464757,41.148033],[-81.464453,41.147833],[-81.464146,41.147605],[-81.463775,41.147295],[-81.463731,41.14726],[-81.463683,41.147228],[-81.463636,41.147199],[-81.46358,41.147171],[-81.463533,41.147136],[-81.463485,41.147101],[-81.463436,41.147067],[-81.463387,41.147033],[-81.463312,41.146984],[-81.462303,41.146099],[-81.461256,41.145179],[-81.460794,41.145113],[-81.460554,41.144973],[-81.460418,41.144791],[-81.459897,41.144439],[-81.459638,41.144358],[-81.459323,41.144395],[-81.459011,41.144589],[-81.458732,41.145122],[-81.458734,41.145488],[-81.459119,41.145826],[-81.458757,41.146547],[-81.458212,41.146707],[-81.457779,41.146679],[-81.457526,41.145931],[-81.457217,41.145611],[-81.456674,41.145364],[-81.456378,41.145314],[-81.455926,41.14551],[-81.455884,41.145572],[-81.455858,41.145612],[-81.455698,41.145848],[-81.455885,41.146195],[-81.456149,41.14649],[-81.456308,41.146906],[-81.456181,41.147972],[-81.456264,41.148663],[-81.456172,41.149091],[-81.455737,41.149414],[-81.454688,41.149617],[-81.45407,41.149351],[-81.453318,41.148812],[-81.451991,41.148417],[-81.451312,41.14833],[-81.449933,41.148054],[-81.449933,41.147654],[-81.450032,41.142569],[-81.45003,41.142534],[-81.449948,41.140273],[-81.450037,41.140279],[-81.450194,41.140278],[-81.450745,41.140287],[-81.451183,41.1403],[-81.45183,41.140303],[-81.45331,41.14031],[-81.454598,41.140313],[-81.45583,41.140321],[-81.456815,41.140328],[-81.458594,41.14034],[-81.460237,41.140353],[-81.462793,41.140373],[-81.463415,41.140378],[-81.464123,41.140379],[-81.465436,41.140373],[-81.466531,41.140365],[-81.466835,41.140368],[-81.46721,41.140353],[-81.467898,41.140354],[-81.468692,41.140345],[-81.468949,41.140356],[-81.468952,41.141613],[-81.468958,41.141753],[-81.468979,41.141893],[-81.469151,41.14212],[-81.46932,41.142269],[-81.469828,41.142698],[-81.469876,41.14274],[-81.469912,41.142771],[-81.470148,41.142977],[-81.470985,41.143688],[-81.471118,41.143825],[-81.471246,41.143991],[-81.471349,41.144277],[-81.471378,41.144372],[-81.471391,41.144464],[-81.471397,41.144558],[-81.471396,41.144651],[-81.471369,41.144884],[-81.471362,41.145084],[-81.471085,41.145189],[-81.471043,41.145208],[-81.470837,41.145274],[-81.470713,41.145308],[-81.470341,41.145396],[-81.47003,41.145479],[-81.469907,41.145516],[-81.469783,41.145561],[-81.469646,41.145624],[-81.469511,41.145707],[-81.46945,41.145754],[-81.469359,41.145846],[-81.469283,41.145943],[-81.46923,41.146032],[-81.469216,41.146048],[-81.469116,41.146217],[-81.469082,41.146264],[-81.46903,41.146321],[-81.468968,41.146378],[-81.468905,41.146422],[-81.468861,41.146442],[-81.468843,41.146455],[-81.468781,41.146477],[-81.468657,41.146504],[-81.468388,41.146516],[-81.468376,41.146724],[-81.468374,41.147051],[-81.468367,41.14719],[-81.46836,41.147237],[-81.468335,41.14733],[-81.468284,41.147423],[-81.468268,41.147437],[-81.468248,41.147469],[-81.468201,41.147516],[-81.468147,41.14756],[-81.468084,41.147601],[-81.468022,41.147635]]]}},{"type":"Feature","properties":{"id":"CUY FALLS 7-C","subdivision":"cuyahoga_falls"},"geometry":{"type":"Polygon","coordinates":[[[-81.476179,41.131724],[-81.476386,41.13155],[-81.47651,41.131645],[-81.476544,41.131684],[-81.476569,41.131727],[-81.476583,41.131774],[-81.476587,41.131821],[-81.4764,41.132752],[-81.476353,41.132948],[-81.476277,41.133342],[-81.476245,41.133495],[-81.476229,41.133544],[-81.475961,41.134893],[-81.475472,41.134899],[-81.474377,41.1349],[-81.47436,41.135776],[-81.474009,41.13578],[-81.473207,41.13578],[-81.472947,41.135784],[-81.472621,41.135798],[-81.471535,41.135804],[-81.471008,41.135812],[-81.471017,41.136095],[-81.471017,41.136654],[-81.471029,41.137448],[-81.471033,41.138148],[-81.471043,41.138539],[-81.471036,41.138785],[-81.471035,41.139018],[-81.471044,41.139391],[-81.471043,41.139765],[-81.471048,41.140138],[-81.471039,41.14034],[-81.470729,41.140347],[-81.470252,41.140347],[-81.469991,41.140342],[-81.469247,41.140344],[-81.468949,41.140356],[-81.468692,41.140345],[-81.467898,41.140354],[-81.46721,41.140353],[-81.466835,41.140368],[-81.466531,41.140365],[-81.465436,41.140373],[-81.464123,41.140379],[-81.463415,41.140378],[-81.462793,41.140373],[-81.462822,41.139527],[-81.463429,41.139534],[-81.463705,41.139534],[-81.46381,41.139523],[-81.463917,41.139498],[-81.463997,41.139447],[-81.464044,41.139373],[-81.464057,41.139287],[-81.464051,41.138722],[-81.464051,41.13813],[-81.463451,41.138128],[-81.463095,41.138128],[-81.46234,41.138132],[-81.462038,41.138138],[-81.461722,41.138133],[-81.460325,41.13814],[-81.460321,41.137912],[-81.460342,41.137279],[-81.460372,41.136291],[-81.460384,41.135813],[-81.460384,41.135765],[-81.460383,41.135374],[-81.460391,41.135159],[-81.460415,41.13502],[-81.460455,41.13488],[-81.460515,41.13474],[-81.460565,41.134648],[-81.460661,41.134508],[-81.460784,41.13437],[-81.460955,41.134209],[-81.461169,41.134082],[-81.461356,41.133986],[-81.46148,41.133935],[-81.461604,41.133894],[-81.461638,41.133885],[-81.46179,41.133843],[-81.461976,41.133808],[-81.462099,41.133793],[-81.462223,41.133784],[-81.462408,41.133779],[-81.462839,41.133779],[-81.463519,41.133778],[-81.465215,41.133779],[-81.465338,41.133792],[-81.465399,41.133802],[-81.465522,41.133835],[-81.46556,41.133853],[-81.465584,41.133858],[-81.465645,41.133883],[-81.465706,41.133915],[-81.465824,41.133995],[-81.465927,41.134089],[-81.46595,41.134121],[-81.465971,41.134136],[-81.466013,41.134183],[-81.466085,41.134277],[-81.466145,41.134371],[-81.466227,41.134575],[-81.46656,41.134569],[-81.466746,41.134548],[-81.466869,41.134522],[-81.466993,41.134486],[-81.467118,41.13444],[-81.467423,41.134296],[-81.467186,41.134056],[-81.467003,41.133866],[-81.466534,41.133395],[-81.466408,41.133254],[-81.466313,41.13316],[-81.466392,41.133151],[-81.466498,41.133145],[-81.466953,41.133139],[-81.467215,41.133124],[-81.467508,41.133136],[-81.468315,41.133128],[-81.468619,41.13313],[-81.469113,41.133127],[-81.46937,41.133121],[-81.469669,41.133124],[-81.471274,41.133115],[-81.471551,41.133119],[-81.472163,41.133108],[-81.472508,41.13311],[-81.472663,41.133107],[-81.47298,41.133116],[-81.473249,41.133105],[-81.474113,41.133099],[-81.474196,41.133091],[-81.474252,41.133077],[-81.474333,41.133046],[-81.474392,41.132963],[-81.474424,41.132933],[-81.474641,41.132778],[-81.474675,41.132755],[-81.476179,41.131724]]]}},{"type":"Feature","properties":{"id":"CUY FALLS 7-D","subdivision":"cuyahoga_falls"},"geometry":{"type":"Polygon","coordinates":[[[-81.466006,41.132846],[-81.466313,41.13316],[-81.466408,41.133254],[-81.466534,41.133395],[-81.467003,41.133866],[-81.467186,41.134056],[-81.467423,41.134296],[-81.467118,41.13444],[-81.466993,41.134486],[-81.466869,41.134522],[-81.466746,41.134548],[-81.46656,41.134569],[-81.466227,41.134575],[-81.466145,41.134371],[-81.466085,41.134277],[-81.466013,41.134183],[-81.465971,41.134136],[-81.46595,41.134121],[-81.465927,41.134089],[-81.465824,41.133995],[-81.465706,41.133915],[-81.465645,41.133883],[-81.465584,41.133858],[-81.46556,41.133853],[-81.465522,41.133835],[-81.465399,41.133802],[-81.465338,41.133792],[-81.465215,41.133779],[-81.463519,41.133778],[-81.462839,41.133779],[-81.462408,41.133779],[-81.462223,41.133784],[-81.462099,41.133793],[-81.461976,41.133808],[-81.46179,41.133843],[-81.461638,41.133885],[-81.461604,41.133894],[-81.46148,41.133935],[-81.461356,41.133986],[-81.461169,41.134082],[-81.460955,41.134209],[-81.460784,41.13437],[-81.460661,41.134508],[-81.460565,41.134648],[-81.460515,41.13474],[-81.460455,41.13488],[-81.460415,41.13502],[-81.460391,41.135159],[-81.460383,41.135374],[-81.460384,41.135765],[-81.460384,41.135813],[-81.460372,41.136291],[-81.460342,41.137279],[-81.460321,41.137912],[-81.460325,41.13814],[-81.461722,41.138133],[-81.462038,41.138138],[-81.46234,41.138132],[-81.463095,41.138128],[-81.463451,41.138128],[-81.464051,41.13813],[-81.464051,41.138722],[-81.464057,41.139287],[-81.464044,41.139373],[-81.463997,41.139447],[-81.463917,41.139498],[-81.46381,41.139523],[-81.463705,41.139534],[-81.463429,41.139534],[-81.462822,41.139527],[-81.462793,41.140373],[-81.460237,41.140353],[-81.458594,41.14034],[-81.456815,41.140328],[-81.45583,41.140321],[-81.454598,41.140313],[-81.45331,41.14031],[-81.45183,41.140303],[-81.451183,41.1403],[-81.450745,41.140287],[-81.450194,41.140278],[-81.450037,41.140279],[-81.449948,41.140273],[-81.449915,41.135849],[-81.450615,41.13575],[-81.451038,41.135752],[-81.45204,41.135748],[-81.452115,41.135757],[-81.452213,41.132024],[-81.452655,41.132033],[-81.452746,41.132041],[-81.453114,41.132038],[-81.453425,41.132053],[-81.454118,41.132068],[-81.455098,41.132084],[-81.455438,41.132092],[-81.456069,41.132106],[-81.456448,41.132109],[-81.457178,41.132126],[-81.458302,41.132144],[-81.459403,41.132163],[-81.460212,41.132179],[-81.460514,41.132192],[-81.460829,41.132192],[-81.461322,41.1322],[-81.461606,41.132216],[-81.461877,41.132214],[-81.462863,41.132231],[-81.463543,41.132243],[-81.464109,41.132254],[-81.465435,41.132278],[-81.465606,41.132454],[-81.465617,41.13247],[-81.466006,41.132846]]]}},{"type":"Feature","properties":{"id":"CUY FALLS 8-A","subdivision":"cuyahoga_falls"},"geometry":{"type":"MultiPolygon","coordinates":[[[[-81.587306,41.149109],[-81.587305,41.149248],[-81.587303,41.149365],[-81.587301,41.149477],[-81.587302,41.149477],[-81.587299,41.149636],[-81.587308,41.150518],[-81.587299,41.151432],[-81.5873,41.151554],[-81.587302,41.151778],[-81.587297,41.15196],[-81.58729,41.152204],[-81.587288,41.152439],[-81.587287,41.152577],[-81.587291,41.15299],[-81.587287,41.153304],[-81.587292,41.153864],[-81.58727,41.154949],[-81.58727,41.155195],[-81.587271,41.155468],[-81.58728,41.155579],[-81.587262,41.156219],[-81.587262,41.156232],[-81.587263,41.15648],[-81.58725,41.156776],[-81.587246,41.157024],[-81.587239,41.157119],[-81.587243,41.157517],[-81.587223,41.158583],[-81.587232,41.15877],[-81.58722,41.159206],[-81.587222,41.15975],[-81.587219,41.160543],[-81.587196,41.160873],[-81.587141,41.162853],[-81.587051,41.163394],[-81.586929,41.173453],[-81.586893,41.176655],[-81.586839,41.181407],[-81.586538,41.18149],[-81.586483,41.181499],[-81.58656,41.181621],[-81.586656,41.181789],[-81.586753,41.181974],[-81.586741,41.182053],[-81.586542,41.196232],[-81.586641,41.202653],[-81.58456,41.20266],[-81.584439,41.202654],[-81.583216,41.202797],[-81.58274,41.202853],[-81.573519,41.202852],[-81.573437,41.202855],[-81.572746,41.202753],[-81.572719,41.202753],[-81.57234,41.202753],[-81.56904,41.202753],[-81.568539,41.202753],[-81.564739,41.202853],[-81.556439,41.202853],[-81.552438,41.202753],[-81.55034,41.202653],[-81.550007,41.202656],[-81.540538,41.202753],[-81.538288,41.202847],[-81.538245,41.20282],[-81.538105,41.202726],[-81.537935,41.202602],[-81.537813,41.202532],[-81.537706,41.202482],[-81.537474,41.202385],[-81.537227,41.202275],[-81.536919,41.202125],[-81.536301,41.201804],[-81.536083,41.201682],[-81.535663,41.201418],[-81.535264,41.201144],[-81.534937,41.200888],[-81.534426,41.200455],[-81.534293,41.200337],[-81.534193,41.200257],[-81.53367,41.199809],[-81.5336,41.199757],[-81.533212,41.199418],[-81.533075,41.199315],[-81.532719,41.198981],[-81.532569,41.198826],[-81.532455,41.198717],[-81.53232,41.198575],[-81.532157,41.198416],[-81.532013,41.198261],[-81.531817,41.198061],[-81.531602,41.197861],[-81.531513,41.197788],[-81.531362,41.197675],[-81.531267,41.197612],[-81.531051,41.197458],[-81.530862,41.197332],[-81.530619,41.197162],[-81.530513,41.197101],[-81.530442,41.197066],[-81.530372,41.197021],[-81.528863,41.196223],[-81.528627,41.196106],[-81.528341,41.195933],[-81.528198,41.195829],[-81.527957,41.195622],[-81.527616,41.195342],[-81.527389,41.195162],[-81.527273,41.195085],[-81.526611,41.194575],[-81.526541,41.194515],[-81.5265,41.194468],[-81.526464,41.194427],[-81.526422,41.194317],[-81.526418,41.194163],[-81.526431,41.19399],[-81.526432,41.19396],[-81.52645,41.193625],[-81.526454,41.193321],[-81.526456,41.193255],[-81.526511,41.191615],[-81.526513,41.191456],[-81.526546,41.190382],[-81.526547,41.190193],[-81.52658,41.189242],[-81.526583,41.188953],[-81.526593,41.188675],[-81.526596,41.188548],[-81.526612,41.187752],[-81.52667,41.185816],[-81.526696,41.185177],[-81.526704,41.184775],[-81.526714,41.184554],[-81.526744,41.183186],[-81.526798,41.181757],[-81.526851,41.180888],[-81.528175,41.180882],[-81.529181,41.180887],[-81.529294,41.180884],[-81.529414,41.180881],[-81.530171,41.180879],[-81.531022,41.18087],[-81.534537,41.180857],[-81.5362,41.180847],[-81.536191,41.178412],[-81.536183,41.177776],[-81.536177,41.17571],[-81.536163,41.175104],[-81.536162,41.174409],[-81.536175,41.173922],[-81.5362,41.173458],[-81.536226,41.173112],[-81.535205,41.173098],[-81.533836,41.173096],[-81.533535,41.1731],[-81.532108,41.173097],[-81.5314,41.173089],[-81.530499,41.1731],[-81.530937,41.172658],[-81.531437,41.172857],[-81.532337,41.172857],[-81.532037,41.171656],[-81.531437,41.171056],[-81.532238,41.170355],[-81.533138,41.170255],[-81.534138,41.170454],[-81.536088,41.169346],[-81.536624,41.169205],[-81.536658,41.168907],[-81.536684,41.168579],[-81.536713,41.168329],[-81.536735,41.167991],[-81.536786,41.167409],[-81.53683,41.167023],[-81.536856,41.166438],[-81.537661,41.166406],[-81.538571,41.166394],[-81.538945,41.166403],[-81.539285,41.166402],[-81.53996,41.166405],[-81.540608,41.166424],[-81.540841,41.166437],[-81.540985,41.16644],[-81.541959,41.166481],[-81.542137,41.166477],[-81.542269,41.166457],[-81.542372,41.166431],[-81.542461,41.166396],[-81.542544,41.166352],[-81.54267,41.166269],[-81.542789,41.166172],[-81.542904,41.166065],[-81.543416,41.165597],[-81.543519,41.165513],[-81.543604,41.165454],[-81.54368,41.165416],[-81.543811,41.165371],[-81.543889,41.165354],[-81.544009,41.165337],[-81.544164,41.165326],[-81.544591,41.165306],[-81.544745,41.16529],[-81.544919,41.165265],[-81.545175,41.16522],[-81.54554,41.165143],[-81.546138,41.163653],[-81.545638,41.163653],[-81.544738,41.162453],[-81.544738,41.161753],[-81.54667,41.161685],[-81.546672,41.161653],[-81.547184,41.161655],[-81.547206,41.158844],[-81.549382,41.158795],[-81.549384,41.158795],[-81.551079,41.158823],[-81.551122,41.15919],[-81.551122,41.159192],[-81.551009,41.163072],[-81.551128,41.163075],[-81.551119,41.163797],[-81.556842,41.16395],[-81.55683,41.164798],[-81.556821,41.164914],[-81.556808,41.166701],[-81.556539,41.169253],[-81.556839,41.170953],[-81.561567,41.171059],[-81.561598,41.171001],[-81.561705,41.170846],[-81.561795,41.170745],[-81.561896,41.17065],[-81.562008,41.170563],[-81.562129,41.170484],[-81.562129,41.170484],[-81.562489,41.170273],[-81.563249,41.169838],[-81.563376,41.169774],[-81.563512,41.16972],[-81.56364,41.169681],[-81.563653,41.169677],[-81.563664,41.169674],[-81.5638,41.169645],[-81.563927,41.169627],[-81.56395,41.169624],[-81.566424,41.169423],[-81.566761,41.169391],[-81.566922,41.169376],[-81.567535,41.169303],[-81.568157,41.169218],[-81.568205,41.169212],[-81.568316,41.169196],[-81.569619,41.169008],[-81.569878,41.169515],[-81.569878,41.169515],[-81.569878,41.169515],[-81.569878,41.169515],[-81.57104,41.169553],[-81.57104,41.169053],[-81.57144,41.168653],[-81.571447,41.168641],[-81.573012,41.167635],[-81.573149,41.167419],[-81.57344,41.167253],[-81.573396,41.167031],[-81.573396,41.167031],[-81.573418,41.166056],[-81.576424,41.166032],[-81.576418,41.165898],[-81.576418,41.165886],[-81.576414,41.165808],[-81.576359,41.164866],[-81.576288,41.163675],[-81.576281,41.163615],[-81.576275,41.163573],[-81.576274,41.163566],[-81.576271,41.163553],[-81.576257,41.163487],[-81.576257,41.163487],[-81.576257,41.163487],[-81.576255,41.163479],[-81.576233,41.163404],[-81.576214,41.163354],[-81.576202,41.163325],[-81.576159,41.163242],[-81.576103,41.163148],[-81.576103,41.163148],[-81.576103,41.163148],[-81.576029,41.163049],[-81.575966,41.162974],[-81.575175,41.162111],[-81.574775,41.161676],[-81.574725,41.161622],[-81.574154,41.160997],[-81.574081,41.16091],[-81.57395,41.160728],[-81.573865,41.160585],[-81.573798,41.160419],[-81.573747,41.160293],[-81.573709,41.160167],[-81.573651,41.159976],[-81.5736,41.159791],[-81.57358,41.159721],[-81.573542,41.159565],[-81.573513,41.15945],[-81.573491,41.159316],[-81.573486,41.159252],[-81.573476,41.159132],[-81.573463,41.15887],[-81.57346,41.158752],[-81.573444,41.158097],[-81.573426,41.15742],[-81.573421,41.157207],[-81.573413,41.156629],[-81.573392,41.156121],[-81.573381,41.155922],[-81.573355,41.155785],[-81.57332,41.155674],[-81.573283,41.155561],[-81.573211,41.155383],[-81.573189,41.155339],[-81.573175,41.155312],[-81.573165,41.155291],[-81.573123,41.155209],[-81.573057,41.155096],[-81.573036,41.155064],[-81.572932,41.154914],[-81.572872,41.154839],[-81.572838,41.154797],[-81.572752,41.154702],[-81.572685,41.154629],[-81.572455,41.154411],[-81.572149,41.154137],[-81.571091,41.153214],[-81.570977,41.153111],[-81.570763,41.152899],[-81.570522,41.15263],[-81.570386,41.15247],[-81.570344,41.152416],[-81.570258,41.152308],[-81.570002,41.151967],[-81.569855,41.151773],[-81.568953,41.150596],[-81.56848,41.149972],[-81.568077,41.149415],[-81.568077,41.149415],[-81.568044,41.149363],[-81.567946,41.149213],[-81.568184,41.149231],[-81.568271,41.149236],[-81.569392,41.149205],[-81.569335,41.147724],[-81.569333,41.147321],[-81.569324,41.145317],[-81.56933,41.144368],[-81.571957,41.144367],[-81.574538,41.144381],[-81.574651,41.144382],[-81.574776,41.144383],[-81.578972,41.144409],[-81.58138,41.144424],[-81.582603,41.144432],[-81.58256,41.144859],[-81.582544,41.145019],[-81.582544,41.145028],[-81.582543,41.145037],[-81.582506,41.145411],[-81.583046,41.145414],[-81.585016,41.145423],[-81.585009,41.146229],[-81.584983,41.147979],[-81.584966,41.149098],[-81.586228,41.14911],[-81.587306,41.149109]]],[[[-81.565393,41.151411],[-81.565431,41.151314],[-81.565393,41.151411],[-81.565393,41.151411]]],[[[-81.566073,41.150626],[-81.566099,41.150729],[-81.566168,41.151013],[-81.566197,41.15119],[-81.566198,41.151253],[-81.565453,41.151258],[-81.565466,41.151225],[-81.565673,41.150853],[-81.565779,41.150702],[-81.565878,41.150611],[-81.566029,41.150526],[-81.566029,41.150526],[-81.566051,41.150575],[-81.566073,41.150626]]]]}},{"type":"Feature","properties":{"id":"CUY FALLS 8-B","subdivision":"cuyahoga_falls"},"geometry":{"type":"Polygon","coordinates":[[[-81.494582,41.203093],[-81.494546,41.202975],[-81.495141,41.202977],[-81.495463,41.202973],[-81.495959,41.202984],[-81.496133,41.202646],[-81.496388,41.202197],[-81.496548,41.201955],[-81.496763,41.201651],[-81.49701,41.201317],[-81.497229,41.201054],[-81.497607,41.200625],[-81.497818,41.200403],[-81.498877,41.199341],[-81.500036,41.198159],[-81.500632,41.197571],[-81.501295,41.196898],[-81.501504,41.196674],[-81.50178,41.196404],[-81.502301,41.195873],[-81.502529,41.195641],[-81.502688,41.195483],[-81.503139,41.195037],[-81.503742,41.194419],[-81.504129,41.193973],[-81.504364,41.193684],[-81.504637,41.193308],[-81.50468,41.193241],[-81.504763,41.193112],[-81.504901,41.192909],[-81.505119,41.192538],[-81.505482,41.191849],[-81.505846,41.191135],[-81.506532,41.189816],[-81.506897,41.189093],[-81.507074,41.188763],[-81.507288,41.188339],[-81.507304,41.188319],[-81.507663,41.187623],[-81.507849,41.187207],[-81.50801,41.186848],[-81.508116,41.186568],[-81.508254,41.186159],[-81.508382,41.185657],[-81.508512,41.185895],[-81.508571,41.18605],[-81.508597,41.186146],[-81.508615,41.18625],[-81.508625,41.186417],[-81.508622,41.186512],[-81.508632,41.186683],[-81.510016,41.186687],[-81.510273,41.186692],[-81.511257,41.186698],[-81.511543,41.186713],[-81.512506,41.186721],[-81.512683,41.186712],[-81.512806,41.186699],[-81.512879,41.186685],[-81.513033,41.186632],[-81.513111,41.186591],[-81.513195,41.186531],[-81.518176,41.189024],[-81.517918,41.191229],[-81.51794,41.191236],[-81.518,41.191264],[-81.518023,41.191286],[-81.51804,41.191312],[-81.518049,41.191337],[-81.518056,41.191364],[-81.518026,41.191951],[-81.518028,41.192101],[-81.518035,41.192162],[-81.518045,41.192184],[-81.518068,41.192207],[-81.518102,41.192231],[-81.518147,41.192254],[-81.518384,41.192347],[-81.518452,41.192366],[-81.518542,41.192385],[-81.518767,41.19242],[-81.51882,41.192442],[-81.518863,41.192468],[-81.518907,41.192507],[-81.518942,41.192551],[-81.519054,41.192735],[-81.519096,41.192786],[-81.51915,41.192839],[-81.519221,41.192894],[-81.5193,41.192941],[-81.519379,41.192974],[-81.519466,41.193005],[-81.519581,41.193026],[-81.51969,41.193033],[-81.519831,41.193051],[-81.519989,41.193099],[-81.52011,41.193156],[-81.52023,41.193202],[-81.520335,41.193231],[-81.520468,41.193247],[-81.520823,41.193255],[-81.520942,41.193263],[-81.521034,41.193279],[-81.521149,41.19331],[-81.521246,41.193347],[-81.521332,41.193389],[-81.52143,41.193457],[-81.521506,41.193531],[-81.521566,41.193614],[-81.521611,41.193701],[-81.521725,41.194123],[-81.521813,41.194434],[-81.52186,41.194545],[-81.521918,41.194626],[-81.521983,41.194702],[-81.522062,41.194768],[-81.522169,41.194837],[-81.522271,41.194882],[-81.522374,41.194914],[-81.522493,41.194942],[-81.522573,41.19495],[-81.522772,41.19496],[-81.523043,41.194966],[-81.523229,41.194974],[-81.523352,41.194975],[-81.523549,41.194976],[-81.523619,41.194966],[-81.523736,41.19494],[-81.52385,41.194896],[-81.523935,41.194849],[-81.524,41.194801],[-81.524069,41.194733],[-81.524496,41.194262],[-81.524611,41.194148],[-81.524728,41.19407],[-81.524836,41.194026],[-81.524916,41.193999],[-81.525006,41.19398],[-81.525078,41.193973],[-81.525204,41.193967],[-81.526432,41.19396],[-81.526431,41.19399],[-81.526418,41.194163],[-81.526422,41.194317],[-81.526464,41.194427],[-81.5265,41.194468],[-81.526541,41.194515],[-81.526611,41.194575],[-81.527273,41.195085],[-81.527389,41.195162],[-81.527616,41.195342],[-81.527957,41.195622],[-81.528198,41.195829],[-81.528341,41.195933],[-81.528627,41.196106],[-81.528863,41.196223],[-81.530372,41.197021],[-81.530442,41.197066],[-81.530513,41.197101],[-81.530619,41.197162],[-81.530862,41.197332],[-81.531051,41.197458],[-81.531267,41.197612],[-81.531362,41.197675],[-81.531513,41.197788],[-81.531602,41.197861],[-81.531817,41.198061],[-81.532013,41.198261],[-81.532157,41.198416],[-81.53232,41.198575],[-81.532455,41.198717],[-81.532569,41.198826],[-81.532719,41.198981],[-81.533075,41.199315],[-81.533212,41.199418],[-81.5336,41.199757],[-81.53367,41.199809],[-81.534193,41.200257],[-81.534293,41.200337],[-81.534426,41.200455],[-81.534937,41.200888],[-81.535264,41.201144],[-81.535663,41.201418],[-81.536083,41.201682],[-81.536301,41.201804],[-81.536919,41.202125],[-81.537227,41.202275],[-81.537474,41.202385],[-81.537706,41.202482],[-81.537813,41.202532],[-81.537935,41.202602],[-81.538105,41.202726],[-81.538245,41.20282],[-81.538288,41.202847],[-81.538138,41.202853],[-81.530237,41.202853],[-81.517036,41.202553],[-81.516129,41.202605],[-81.511836,41.202853],[-81.511498,41.202854],[-81.511036,41.202853],[-81.507444,41.2029],[-81.5052,41.202931],[-81.505046,41.207198],[-81.504003,41.207194],[-81.502393,41.207209],[-81.501724,41.207217],[-81.500164,41.207235],[-81.497059,41.207238],[-81.494072,41.20724],[-81.494155,41.207084],[-81.494308,41.206799],[-81.494369,41.206681],[-81.497033,41.206688],[-81.497053,41.206381],[-81.495864,41.205976],[-81.495785,41.205974],[-81.495727,41.205517],[-81.494907,41.205501],[-81.494938,41.205427],[-81.495109,41.205037],[-81.495181,41.204875],[-81.495236,41.204748],[-81.495314,41.204491],[-81.495123,41.204128],[-81.494977,41.203869],[-81.494694,41.20334],[-81.494582,41.203093]]]}},{"type":"Feature","properties":{"id":"CUY FALLS 8-C","subdivision":"cuyahoga_falls"},"geometry":{"type":"MultiPolygon","coordinates":[[[[-81.508558,41.173545],[-81.508912,41.173552],[-81.509652,41.173558],[-81.510327,41.173574],[-81.511142,41.17358],[-81.511538,41.173576],[-81.511876,41.173581],[-81.512582,41.173599],[-81.513027,41.173603],[-81.513629,41.173618],[-81.514036,41.173622],[-81.514749,41.173642],[-81.516903,41.173699],[-81.517089,41.173692],[-81.517193,41.173679],[-81.517384,41.173634],[-81.517455,41.17361],[-81.517622,41.173537],[-81.517713,41.173488],[-81.517815,41.173426],[-81.518025,41.173285],[-81.51817,41.173206],[-81.518258,41.17317],[-81.518365,41.17314],[-81.518455,41.173125],[-81.518601,41.173116],[-81.518972,41.173115],[-81.519185,41.173119],[-81.520145,41.173118],[-81.524119,41.173127],[-81.524283,41.173125],[-81.524262,41.174116],[-81.524296,41.174283],[-81.52436,41.174404],[-81.524459,41.174547],[-81.524551,41.174682],[-81.524655,41.174824],[-81.524832,41.175075],[-81.524903,41.175214],[-81.524911,41.175261],[-81.524944,41.175432],[-81.525072,41.175728],[-81.525255,41.175949],[-81.525438,41.176118],[-81.525568,41.176413],[-81.52766,41.176331],[-81.529054,41.176313],[-81.530687,41.176327],[-81.530696,41.176088],[-81.530631,41.175704],[-81.530374,41.175297],[-81.530298,41.175057],[-81.530262,41.174697],[-81.530129,41.174475],[-81.529654,41.173882],[-81.529488,41.173544],[-81.529472,41.173106],[-81.530499,41.1731],[-81.5314,41.173089],[-81.532108,41.173097],[-81.533535,41.1731],[-81.533836,41.173096],[-81.535205,41.173098],[-81.536226,41.173112],[-81.5362,41.173458],[-81.536175,41.173922],[-81.536162,41.174409],[-81.536163,41.175104],[-81.536177,41.17571],[-81.536183,41.177776],[-81.536191,41.178412],[-81.5362,41.180847],[-81.534537,41.180857],[-81.531022,41.18087],[-81.530171,41.180879],[-81.529414,41.180881],[-81.529294,41.180884],[-81.529181,41.180887],[-81.528175,41.180882],[-81.526851,41.180888],[-81.526798,41.181757],[-81.526744,41.183186],[-81.526714,41.184554],[-81.526704,41.184775],[-81.526696,41.185177],[-81.52667,41.185816],[-81.526612,41.187752],[-81.526596,41.188548],[-81.526593,41.188675],[-81.526583,41.188953],[-81.52658,41.189242],[-81.526547,41.190193],[-81.526546,41.190382],[-81.526513,41.191456],[-81.526511,41.191615],[-81.526456,41.193255],[-81.526454,41.193321],[-81.52645,41.193625],[-81.526432,41.19396],[-81.525204,41.193967],[-81.525078,41.193973],[-81.525006,41.19398],[-81.524916,41.193999],[-81.524836,41.194026],[-81.524728,41.19407],[-81.524611,41.194148],[-81.524496,41.194262],[-81.524069,41.194733],[-81.524,41.194801],[-81.523935,41.194849],[-81.52385,41.194896],[-81.523736,41.19494],[-81.523619,41.194966],[-81.523549,41.194976],[-81.523352,41.194975],[-81.523229,41.194974],[-81.523043,41.194966],[-81.522772,41.19496],[-81.522573,41.19495],[-81.522493,41.194942],[-81.522374,41.194914],[-81.522271,41.194882],[-81.522169,41.194837],[-81.522062,41.194768],[-81.521983,41.194702],[-81.521918,41.194626],[-81.52186,41.194545],[-81.521813,41.194434],[-81.521725,41.194123],[-81.521611,41.193701],[-81.521566,41.193614],[-81.521506,41.193531],[-81.52143,41.193457],[-81.521332,41.193389],[-81.521246,41.193347],[-81.521149,41.19331],[-81.521034,41.193279],[-81.520942,41.193263],[-81.520823,41.193255],[-81.520468,41.193247],[-81.520335,41.193231],[-81.52023,41.193202],[-81.52011,41.193156],[-81.519989,41.193099],[-81.519831,41.193051],[-81.51969,41.193033],[-81.519581,41.193026],[-81.519466,41.193005],[-81.519379,41.192974],[-81.5193,41.192941],[-81.519221,41.192894],[-81.51915,41.192839],[-81.519096,41.192786],[-81.519054,41.192735],[-81.518942,41.192551],[-81.518907,41.192507],[-81.518863,41.192468],[-81.51882,41.192442],[-81.518767,41.19242],[-81.518542,41.192385],[-81.518452,41.192366],[-81.518384,41.192347],[-81.518147,41.192254],[-81.518102,41.192231],[-81.518068,41.192207],[-81.518045,41.192184],[-81.518035,41.192162],[-81.518028,41.192101],[-81.518026,41.191951],[-81.518056,41.191364],[-81.518049,41.191337],[-81.51804,41.191312],[-81.518023,41.191286],[-81.518,41.191264],[-81.51794,41.191236],[-81.517918,41.191229],[-81.518176,41.189024],[-81.513195,41.186531],[-81.513111,41.186591],[-81.513033,41.186632],[-81.512879,41.186685],[-81.512806,41.186699],[-81.512683,41.186712],[-81.512506,41.186721],[-81.511543,41.186713],[-81.511257,41.186698],[-81.510273,41.186692],[-81.510016,41.186687],[-81.508632,41.186683],[-81.508622,41.186512],[-81.508625,41.186417],[-81.508615,41.18625],[-81.508597,41.186146],[-81.508571,41.18605],[-81.508512,41.185895],[-81.508382,41.185657],[-81.508465,41.185244],[-81.508516,41.184917],[-81.50856,41.184534],[-81.50858,41.184172],[-81.508587,41.183787],[-81.508579,41.183032],[-81.508574,41.182444],[-81.508587,41.181902],[-81.508581,41.181298],[-81.508568,41.180973],[-81.508559,41.180684],[-81.508555,41.18034],[-81.50856,41.17988],[-81.508556,41.179505],[-81.508557,41.178708],[-81.508559,41.176727],[-81.508563,41.175995],[-81.508557,41.175572],[-81.508558,41.174391],[-81.508553,41.174052],[-81.508558,41.173545]]],[[[-81.586753,41.181974],[-81.586656,41.181789],[-81.58656,41.181621],[-81.586483,41.181499],[-81.586538,41.18149],[-81.586839,41.181407],[-81.586818,41.181542],[-81.586753,41.181974]]]]}},{"type":"Feature","properties":{"id":"CUY FALLS 8-D","subdivision":"cuyahoga_falls"},"geometry":{"type":"Polygon","coordinates":[[[-81.533313,41.15081],[-81.533235,41.150654],[-81.533891,41.150814],[-81.533897,41.15134],[-81.534078,41.151342],[-81.534247,41.151339],[-81.53442,41.151328],[-81.534403,41.151281],[-81.5344,41.151248],[-81.534429,41.150312],[-81.534462,41.149485],[-81.534482,41.148586],[-81.534491,41.148489],[-81.534346,41.145863],[-81.535643,41.145821],[-81.535637,41.14727],[-81.535609,41.151316],[-81.536005,41.151315],[-81.536298,41.151323],[-81.536459,41.15133],[-81.536593,41.151331],[-81.536878,41.151315],[-81.537002,41.151301],[-81.537136,41.151279],[-81.537509,41.151173],[-81.537643,41.151154],[-81.537738,41.151146],[-81.537786,41.148322],[-81.541088,41.148197],[-81.542969,41.148126],[-81.543011,41.144206],[-81.541534,41.144245],[-81.54163,41.143157],[-81.541614,41.142341],[-81.540606,41.142357],[-81.540686,41.141477],[-81.542574,41.141045],[-81.544574,41.139605],[-81.54451,41.138613],[-81.54275,41.138869],[-81.542504,41.138099],[-81.542735,41.138063],[-81.543008,41.138016],[-81.543489,41.137919],[-81.544573,41.137689],[-81.546478,41.137278],[-81.54651,41.136613],[-81.547501,41.136564],[-81.547436,41.136791],[-81.547395,41.136889],[-81.547344,41.13696],[-81.547229,41.137059],[-81.54727,41.137106],[-81.547306,41.137168],[-81.547327,41.137242],[-81.547351,41.137434],[-81.547357,41.137477],[-81.547395,41.137688],[-81.547441,41.137891],[-81.54745,41.13791],[-81.549076,41.137567],[-81.548764,41.136936],[-81.548453,41.136308],[-81.548385,41.13617],[-81.548396,41.135892],[-81.548939,41.135853],[-81.549058,41.136021],[-81.550623,41.136032],[-81.550741,41.136308],[-81.550809,41.136308],[-81.551539,41.137953],[-81.551642,41.138034],[-81.549564,41.139952],[-81.549683,41.140049],[-81.550012,41.140308],[-81.551709,41.13884],[-81.551704,41.139228],[-81.550269,41.140511],[-81.550286,41.140524],[-81.550552,41.140739],[-81.551199,41.141249],[-81.551935,41.140706],[-81.552549,41.141058],[-81.552785,41.140965],[-81.553063,41.140893],[-81.553154,41.14046],[-81.553408,41.140686],[-81.554769,41.141315],[-81.554333,41.141927],[-81.555914,41.14276],[-81.555026,41.143475],[-81.555179,41.143555],[-81.556135,41.142777],[-81.556352,41.142901],[-81.558049,41.143814],[-81.558867,41.142839],[-81.560132,41.143447],[-81.558731,41.145453],[-81.559011,41.145543],[-81.559216,41.145594],[-81.559574,41.145661],[-81.559261,41.146673],[-81.558949,41.147481],[-81.560913,41.147552],[-81.560913,41.147852],[-81.560927,41.148914],[-81.561501,41.148914],[-81.563604,41.147883],[-81.563733,41.147821],[-81.563795,41.147886],[-81.563989,41.148086],[-81.564219,41.148055],[-81.566135,41.147803],[-81.566317,41.148542],[-81.564637,41.148746],[-81.564841,41.148953],[-81.565093,41.149202],[-81.565368,41.149497],[-81.565482,41.149618],[-81.565708,41.149883],[-81.565833,41.150076],[-81.565962,41.150334],[-81.566029,41.150526],[-81.565878,41.150611],[-81.565779,41.150702],[-81.565673,41.150853],[-81.565466,41.151225],[-81.565393,41.151411],[-81.565228,41.151832],[-81.56509,41.15224],[-81.565003,41.15267],[-81.565002,41.152739],[-81.56474,41.151401],[-81.557087,41.151285],[-81.557231,41.146517],[-81.555599,41.146485],[-81.554031,41.145141],[-81.555332,41.143811],[-81.555199,41.143745],[-81.554903,41.14359],[-81.554898,41.143595],[-81.554841,41.143648],[-81.553951,41.144485],[-81.553632,41.144213],[-81.55312,41.144053],[-81.553161,41.143957],[-81.553096,41.143999],[-81.55202,41.144127],[-81.551982,41.144244],[-81.55196,41.144309],[-81.551831,41.144519],[-81.551469,41.144915],[-81.551418,41.144963],[-81.551294,41.145118],[-81.551246,41.145188],[-81.551183,41.145293],[-81.55116,41.145342],[-81.55109,41.145526],[-81.551051,41.145683],[-81.551359,41.145669],[-81.551599,41.145669],[-81.551766,41.146433],[-81.551915,41.146939],[-81.552124,41.147326],[-81.552403,41.147753],[-81.552127,41.147733],[-81.550789,41.147747],[-81.550759,41.14781],[-81.550707,41.147903],[-81.550622,41.148038],[-81.550563,41.148123],[-81.550444,41.148276],[-81.550288,41.148464],[-81.550135,41.148639],[-81.549952,41.148858],[-81.549776,41.149099],[-81.549641,41.149319],[-81.549479,41.149618],[-81.549261,41.150077],[-81.549082,41.150434],[-81.548927,41.150706],[-81.548812,41.150879],[-81.548666,41.151072],[-81.548595,41.151157],[-81.548453,41.151306],[-81.548322,41.151279],[-81.548192,41.151276],[-81.54808,41.151279],[-81.547668,41.151277],[-81.547135,41.151267],[-81.546435,41.151267],[-81.545855,41.151277],[-81.545597,41.151286],[-81.544942,41.151296],[-81.543639,41.151305],[-81.542966,41.151316],[-81.542578,41.151323],[-81.542357,41.151335],[-81.542061,41.151375],[-81.541883,41.151421],[-81.541718,41.151451],[-81.54152,41.151469],[-81.541377,41.151474],[-81.541316,41.151471],[-81.541167,41.151454],[-81.540945,41.151408],[-81.540827,41.151367],[-81.540765,41.151335],[-81.540534,41.157455],[-81.540684,41.157327],[-81.540788,41.157245],[-81.540956,41.157125],[-81.542079,41.156375],[-81.542185,41.156298],[-81.542327,41.156203],[-81.54274,41.155871],[-81.542953,41.155681],[-81.543106,41.155533],[-81.543274,41.155349],[-81.543543,41.155034],[-81.544022,41.15445],[-81.544734,41.155237],[-81.545662,41.155221],[-81.54499,41.156133],[-81.545139,41.156779],[-81.54397,41.156116],[-81.543038,41.156101],[-81.542814,41.158341],[-81.541166,41.158405],[-81.541006,41.159301],[-81.540889,41.159344],[-81.540828,41.159367],[-81.54073,41.159371],[-81.540668,41.159375],[-81.540604,41.159381],[-81.540535,41.159385],[-81.540469,41.15939],[-81.540406,41.159397],[-81.540293,41.159411],[-81.540183,41.159423],[-81.540073,41.159436],[-81.539954,41.15945],[-81.539891,41.159458],[-81.539827,41.159462],[-81.539704,41.159468],[-81.539642,41.159469],[-81.539576,41.159467],[-81.539513,41.159464],[-81.539452,41.159461],[-81.539347,41.159459],[-81.539245,41.159461],[-81.539136,41.159462],[-81.539021,41.159462],[-81.538908,41.159462],[-81.538802,41.159461],[-81.538721,41.159457],[-81.538657,41.159449],[-81.538612,41.159438],[-81.538567,41.159404],[-81.538713,41.159256],[-81.538542,41.159253],[-81.537774,41.159317],[-81.537027,41.159393],[-81.537025,41.15945],[-81.537001,41.160514],[-81.536991,41.161127],[-81.536993,41.161313],[-81.536993,41.161393],[-81.537075,41.161298],[-81.537165,41.161151],[-81.537373,41.16072],[-81.537484,41.160543],[-81.537607,41.160386],[-81.53786,41.160114],[-81.53923,41.160501],[-81.539166,41.161573],[-81.544738,41.161753],[-81.544738,41.162453],[-81.545638,41.163653],[-81.546138,41.163653],[-81.54554,41.165143],[-81.545175,41.16522],[-81.544919,41.165265],[-81.544745,41.16529],[-81.544591,41.165306],[-81.544164,41.165326],[-81.544009,41.165337],[-81.543889,41.165354],[-81.543811,41.165371],[-81.54368,41.165416],[-81.543604,41.165454],[-81.543519,41.165513],[-81.543416,41.165597],[-81.542904,41.166065],[-81.542789,41.166172],[-81.54267,41.166269],[-81.542544,41.166352],[-81.542461,41.166396],[-81.542372,41.166431],[-81.542269,41.166457],[-81.542137,41.166477],[-81.541959,41.166481],[-81.540985,41.16644],[-81.540841,41.166437],[-81.540608,41.166424],[-81.53996,41.166405],[-81.539285,41.166402],[-81.538945,41.166403],[-81.538571,41.166394],[-81.537661,41.166406],[-81.536856,41.166438],[-81.53683,41.167023],[-81.536786,41.167409],[-81.536735,41.167991],[-81.536713,41.168329],[-81.536684,41.168579],[-81.536658,41.168907],[-81.536624,41.169205],[-81.536088,41.169346],[-81.534138,41.170454],[-81.533138,41.170255],[-81.532238,41.170355],[-81.531437,41.171056],[-81.532037,41.171656],[-81.532337,41.172857],[-81.531437,41.172857],[-81.530937,41.172658],[-81.530499,41.1731],[-81.529472,41.173106],[-81.529488,41.173544],[-81.529654,41.173882],[-81.530129,41.174475],[-81.530262,41.174697],[-81.530298,41.175057],[-81.530374,41.175297],[-81.530631,41.175704],[-81.530696,41.176088],[-81.530687,41.176327],[-81.529054,41.176313],[-81.52766,41.176331],[-81.525568,41.176413],[-81.525438,41.176118],[-81.525255,41.175949],[-81.525072,41.175728],[-81.524944,41.175432],[-81.524911,41.175261],[-81.524903,41.175214],[-81.524832,41.175075],[-81.524655,41.174824],[-81.524551,41.174682],[-81.524459,41.174547],[-81.52436,41.174404],[-81.524296,41.174283],[-81.524262,41.174116],[-81.524283,41.173125],[-81.524895,41.173121],[-81.525143,41.173121],[-81.525895,41.173123],[-81.525893,41.172957],[-81.525901,41.172524],[-81.525921,41.172437],[-81.525971,41.172304],[-81.526029,41.172201],[-81.526084,41.172123],[-81.526158,41.171987],[-81.526195,41.171878],[-81.526216,41.17176],[-81.526267,41.170256],[-81.526263,41.170159],[-81.526248,41.170095],[-81.526219,41.170016],[-81.526163,41.169914],[-81.5261,41.169833],[-81.526007,41.169748],[-81.525777,41.169599],[-81.525668,41.169505],[-81.525567,41.169392],[-81.525429,41.169176],[-81.525872,41.169174],[-81.526141,41.169156],[-81.5264,41.169117],[-81.526631,41.169064],[-81.526915,41.168971],[-81.529311,41.167926],[-81.529806,41.167706],[-81.530522,41.167396],[-81.530766,41.16728],[-81.530962,41.167166],[-81.531125,41.167055],[-81.53127,41.166937],[-81.531452,41.166757],[-81.531508,41.166692],[-81.531685,41.166414],[-81.53142,41.16636],[-81.531137,41.166278],[-81.530959,41.166222],[-81.530864,41.166186],[-81.531239,41.165633],[-81.531271,41.165626],[-81.53136,41.165597],[-81.531443,41.165563],[-81.531524,41.165519],[-81.531595,41.16547],[-81.531667,41.16541],[-81.531719,41.165355],[-81.531766,41.165286],[-81.531807,41.165211],[-81.531822,41.165166],[-81.531829,41.165123],[-81.53183,41.165073],[-81.531828,41.165004],[-81.53185,41.165003],[-81.53185,41.163789],[-81.531856,41.163262],[-81.53187,41.163135],[-81.531895,41.163057],[-81.531921,41.163006],[-81.532007,41.162906],[-81.532124,41.1628],[-81.532169,41.162748],[-81.532207,41.162692],[-81.532238,41.162629],[-81.532255,41.162571],[-81.532264,41.162507],[-81.532264,41.162119],[-81.532088,41.162112],[-81.531772,41.162117],[-81.53079,41.162111],[-81.530672,41.162124],[-81.530563,41.162148],[-81.53047,41.16218],[-81.530398,41.162211],[-81.530329,41.162254],[-81.530241,41.162316],[-81.530005,41.162502],[-81.529508,41.16202],[-81.529436,41.161951],[-81.528737,41.161852],[-81.527737,41.160553],[-81.5279,41.159739],[-81.529714,41.159744],[-81.529714,41.158625],[-81.530733,41.158608],[-81.530721,41.157341],[-81.530712,41.156391],[-81.527579,41.155512],[-81.527427,41.154157],[-81.527367,41.153621],[-81.527358,41.153542],[-81.527356,41.153516],[-81.527396,41.153515],[-81.532448,41.153478],[-81.53245,41.153325],[-81.532451,41.152776],[-81.53244,41.152257],[-81.533373,41.152257],[-81.533379,41.151325],[-81.53317,41.151323],[-81.533178,41.150805],[-81.533313,41.15081]]]}},{"type":"Feature","properties":{"id":"CUY FALLS 8-E","subdivision":"cuyahoga_falls"},"geometry":{"type":"Polygon","coordinates":[[[-81.52776,41.159739],[-81.5279,41.159739],[-81.527737,41.160553],[-81.528737,41.161852],[-81.529436,41.161951],[-81.529508,41.16202],[-81.530005,41.162502],[-81.530241,41.162316],[-81.530329,41.162254],[-81.530398,41.162211],[-81.53047,41.16218],[-81.530563,41.162148],[-81.530672,41.162124],[-81.53079,41.162111],[-81.531772,41.162117],[-81.532088,41.162112],[-81.532264,41.162119],[-81.532264,41.162507],[-81.532255,41.162571],[-81.532238,41.162629],[-81.532207,41.162692],[-81.532169,41.162748],[-81.532124,41.1628],[-81.532007,41.162906],[-81.531921,41.163006],[-81.531895,41.163057],[-81.53187,41.163135],[-81.531856,41.163262],[-81.53185,41.163789],[-81.53185,41.165003],[-81.531828,41.165004],[-81.53183,41.165073],[-81.531829,41.165123],[-81.531822,41.165166],[-81.531807,41.165211],[-81.531766,41.165286],[-81.531719,41.165355],[-81.531667,41.16541],[-81.531595,41.16547],[-81.531524,41.165519],[-81.531443,41.165563],[-81.53136,41.165597],[-81.531271,41.165626],[-81.531239,41.165633],[-81.530864,41.166186],[-81.530959,41.166222],[-81.531137,41.166278],[-81.53142,41.16636],[-81.531685,41.166414],[-81.531508,41.166692],[-81.531452,41.166757],[-81.53127,41.166937],[-81.531125,41.167055],[-81.530962,41.167166],[-81.530766,41.16728],[-81.530522,41.167396],[-81.529806,41.167706],[-81.529311,41.167926],[-81.526915,41.168971],[-81.526631,41.169064],[-81.5264,41.169117],[-81.526141,41.169156],[-81.525872,41.169174],[-81.525429,41.169176],[-81.525567,41.169392],[-81.525668,41.169505],[-81.525777,41.169599],[-81.526007,41.169748],[-81.5261,41.169833],[-81.526163,41.169914],[-81.526219,41.170016],[-81.526248,41.170095],[-81.526263,41.170159],[-81.526267,41.170256],[-81.526216,41.17176],[-81.526195,41.171878],[-81.526158,41.171987],[-81.526084,41.172123],[-81.526029,41.172201],[-81.525971,41.172304],[-81.525921,41.172437],[-81.525901,41.172524],[-81.525893,41.172957],[-81.525895,41.173123],[-81.525143,41.173121],[-81.524895,41.173121],[-81.524283,41.173125],[-81.524119,41.173127],[-81.520145,41.173118],[-81.519185,41.173119],[-81.518972,41.173115],[-81.518601,41.173116],[-81.518455,41.173125],[-81.518365,41.17314],[-81.518258,41.17317],[-81.51817,41.173206],[-81.518025,41.173285],[-81.517815,41.173426],[-81.517713,41.173488],[-81.517622,41.173537],[-81.517455,41.17361],[-81.517384,41.173634],[-81.517193,41.173679],[-81.517089,41.173692],[-81.516903,41.173699],[-81.514749,41.173642],[-81.514036,41.173622],[-81.513629,41.173618],[-81.513027,41.173603],[-81.512582,41.173599],[-81.511876,41.173581],[-81.511538,41.173576],[-81.511142,41.17358],[-81.510327,41.173574],[-81.509652,41.173558],[-81.508912,41.173552],[-81.508558,41.173545],[-81.508563,41.172674],[-81.508559,41.172526],[-81.508562,41.172248],[-81.508559,41.172078],[-81.508546,41.172054],[-81.508548,41.171995],[-81.508564,41.171845],[-81.508567,41.171456],[-81.508562,41.17088],[-81.508569,41.170244],[-81.50857,41.168379],[-81.508581,41.167835],[-81.508587,41.166562],[-81.508581,41.165144],[-81.50859,41.164455],[-81.511213,41.164554],[-81.511309,41.166414],[-81.519323,41.166672],[-81.519323,41.165886],[-81.520235,41.165651],[-81.520667,41.164947],[-81.521158,41.164703],[-81.52123,41.163845],[-81.522262,41.163827],[-81.522496,41.159724],[-81.523002,41.159212],[-81.52587,41.159086],[-81.527558,41.159095],[-81.52776,41.159739]]]}},{"type":"Feature","properties":{"id":"NORTON 1-A","subdivision":"norton"},"geometry":{"type":"Polygon","coordinates":[[[-81.687723,41.042089],[-81.687709,41.04388],[-81.687705,41.044489],[-81.687692,41.046364],[-81.687689,41.046806],[-81.687687,41.047148],[-81.687687,41.047234],[-81.687687,41.047272],[-81.687686,41.047833],[-81.687686,41.048091],[-81.687686,41.048133],[-81.687686,41.048401],[-81.687685,41.051396],[-81.687684,41.053003],[-81.687679,41.054223],[-81.687679,41.054298],[-81.687676,41.055222],[-81.687655,41.058842],[-81.687654,41.059039],[-81.687642,41.060281],[-81.687633,41.061192],[-81.687631,41.06134],[-81.687629,41.06154],[-81.687627,41.06176],[-81.687627,41.061774],[-81.687624,41.062152],[-81.687623,41.062152],[-81.68596,41.062134],[-81.680168,41.062159],[-81.679796,41.062145],[-81.679726,41.062146],[-81.678375,41.062144],[-81.678304,41.062133],[-81.678174,41.062089],[-81.67684,41.062277],[-81.676266,41.06232],[-81.674341,41.062463],[-81.673332,41.062432],[-81.669909,41.062266],[-81.666812,41.06223],[-81.666271,41.062239],[-81.665703,41.062241],[-81.663206,41.062229],[-81.663142,41.062223],[-81.663069,41.062209],[-81.662842,41.062138],[-81.662288,41.062193],[-81.662009,41.062192],[-81.662015,41.061259],[-81.66202,41.060743],[-81.662028,41.059882],[-81.662029,41.059279],[-81.662059,41.055901],[-81.662062,41.054813],[-81.66205,41.053721],[-81.662075,41.052295],[-81.66208,41.051989],[-81.66208,41.05075],[-81.662102,41.049536],[-81.661546,41.049558],[-81.66064,41.049591],[-81.656193,41.049764],[-81.656188,41.049138],[-81.656193,41.048971],[-81.656201,41.047825],[-81.656227,41.046962],[-81.656238,41.046627],[-81.656247,41.045472],[-81.655632,41.045458],[-81.655401,41.045457],[-81.655298,41.045464],[-81.655198,41.045482],[-81.655135,41.0455],[-81.654984,41.045554],[-81.654691,41.045674],[-81.653989,41.045973],[-81.653879,41.046005],[-81.653786,41.046016],[-81.653496,41.046021],[-81.652477,41.046018],[-81.652149,41.046013],[-81.651722,41.046017],[-81.651441,41.046031],[-81.651291,41.046047],[-81.65101,41.046085],[-81.650715,41.046133],[-81.650565,41.046152],[-81.650386,41.046167],[-81.649956,41.046184],[-81.649949,41.046587],[-81.64993,41.046916],[-81.649904,41.047074],[-81.649869,41.047204],[-81.649793,41.047206],[-81.648005,41.047176],[-81.647883,41.04717],[-81.647774,41.047158],[-81.647775,41.0469],[-81.647789,41.046251],[-81.647814,41.045412],[-81.647846,41.044421],[-81.647863,41.043213],[-81.647893,41.041959],[-81.647904,41.04167],[-81.647908,41.041411],[-81.64793,41.040741],[-81.647933,41.040493],[-81.647955,41.039705],[-81.649088,41.039732],[-81.651099,41.039766],[-81.651912,41.039786],[-81.655395,41.03985],[-81.656384,41.039863],[-81.656482,41.039871],[-81.658338,41.039901],[-81.660763,41.039957],[-81.662241,41.039992],[-81.662831,41.040005],[-81.663129,41.040011],[-81.66369,41.040022],[-81.665763,41.040063],[-81.667071,41.040089],[-81.668397,41.040118],[-81.669459,41.040129],[-81.671636,41.040168],[-81.676222,41.040256],[-81.676888,41.040265],[-81.677537,41.04028],[-81.680108,41.040327],[-81.680863,41.040346],[-81.681457,41.040357],[-81.68199,41.040355],[-81.682557,41.040364],[-81.682794,41.040369],[-81.683246,41.040393],[-81.683639,41.040426],[-81.683813,41.040448],[-81.684419,41.04054],[-81.68474,41.040602],[-81.685098,41.040684],[-81.685286,41.040735],[-81.685909,41.040926],[-81.686267,41.041052],[-81.686431,41.041114],[-81.686641,41.041205],[-81.686904,41.041326],[-81.686999,41.041364],[-81.687523,41.041645],[-81.687725,41.041768],[-81.687724,41.041893],[-81.687724,41.0419],[-81.687724,41.041918],[-81.687724,41.041932],[-81.687723,41.042089]]]}},{"type":"Feature","properties":{"id":"NORTON 1-B","subdivision":"norton"},"geometry":{"type":"Polygon","coordinates":[[[-81.588886,41.060253],[-81.588894,41.059802],[-81.589016,41.059746],[-81.589375,41.059599],[-81.58959,41.059531],[-81.590891,41.059224],[-81.591311,41.059123],[-81.593436,41.058637],[-81.594446,41.058406],[-81.595255,41.058224],[-81.595435,41.058181],[-81.595766,41.058103],[-81.596128,41.058017],[-81.597779,41.057651],[-81.597963,41.057608],[-81.598407,41.057504],[-81.598737,41.057428],[-81.599624,41.057223],[-81.600604,41.056996],[-81.602042,41.056668],[-81.602363,41.056595],[-81.606368,41.055671],[-81.607843,41.055335],[-81.608958,41.055077],[-81.609267,41.055006],[-81.610906,41.054571],[-81.611016,41.054547],[-81.612549,41.054211],[-81.61398,41.053918],[-81.617081,41.053258],[-81.617284,41.053222],[-81.618389,41.053035],[-81.618906,41.052955],[-81.621459,41.052538],[-81.622918,41.052291],[-81.623555,41.052189],[-81.624282,41.05207],[-81.625513,41.051896],[-81.626867,41.051724],[-81.627981,41.05158],[-81.628493,41.051515],[-81.631256,41.051194],[-81.63185,41.05113],[-81.63244,41.051061],[-81.634461,41.05082],[-81.635178,41.050732],[-81.635897,41.050653],[-81.636482,41.050589],[-81.637764,41.050433],[-81.637922,41.050422],[-81.638291,41.050406],[-81.638875,41.050393],[-81.639508,41.050377],[-81.639818,41.050368],[-81.640607,41.050344],[-81.641421,41.050314],[-81.641539,41.050308],[-81.642234,41.050274],[-81.643305,41.050232],[-81.645022,41.050167],[-81.646126,41.050126],[-81.647703,41.050067],[-81.647728,41.048851],[-81.647774,41.047158],[-81.647883,41.04717],[-81.648005,41.047176],[-81.649793,41.047206],[-81.649869,41.047204],[-81.649904,41.047074],[-81.64993,41.046916],[-81.649949,41.046587],[-81.649956,41.046184],[-81.650386,41.046167],[-81.650565,41.046152],[-81.650715,41.046133],[-81.65101,41.046085],[-81.651291,41.046047],[-81.651441,41.046031],[-81.651722,41.046017],[-81.652149,41.046013],[-81.652477,41.046018],[-81.653496,41.046021],[-81.653786,41.046016],[-81.653879,41.046005],[-81.653989,41.045973],[-81.654691,41.045674],[-81.654984,41.045554],[-81.655135,41.0455],[-81.655198,41.045482],[-81.655298,41.045464],[-81.655401,41.045457],[-81.655632,41.045458],[-81.656247,41.045472],[-81.656238,41.046627],[-81.656227,41.046962],[-81.656201,41.047825],[-81.656193,41.048971],[-81.656188,41.049138],[-81.656193,41.049764],[-81.66064,41.049591],[-81.661546,41.049558],[-81.662102,41.049536],[-81.66208,41.05075],[-81.66208,41.051989],[-81.662075,41.052295],[-81.66205,41.053721],[-81.662062,41.054813],[-81.662059,41.055901],[-81.662029,41.059279],[-81.662028,41.059882],[-81.66202,41.060743],[-81.662015,41.061259],[-81.662009,41.062192],[-81.661452,41.062191],[-81.661384,41.06222],[-81.661334,41.062229],[-81.660899,41.062232],[-81.66048,41.062229],[-81.659264,41.062227],[-81.658643,41.06223],[-81.658158,41.062227],[-81.657193,41.062228],[-81.656367,41.06224],[-81.655943,41.062241],[-81.65471,41.062232],[-81.653994,41.06224],[-81.65333,41.062238],[-81.652546,41.062242],[-81.649939,41.062239],[-81.6496,41.062244],[-81.649136,41.062239],[-81.648684,41.062241],[-81.646899,41.062242],[-81.646167,41.062237],[-81.645731,41.06224],[-81.64413,41.06224],[-81.643297,41.062233],[-81.64169,41.062237],[-81.639482,41.062225],[-81.63872,41.062226],[-81.637626,41.062221],[-81.628572,41.062142],[-81.62341,41.062213],[-81.62176,41.062156],[-81.620649,41.062154],[-81.613949,41.062239],[-81.612843,41.062253],[-81.599142,41.062353],[-81.597642,41.062253],[-81.595442,41.062253],[-81.594642,41.062353],[-81.594342,41.062353],[-81.593194,41.062435],[-81.592942,41.062453],[-81.590891,41.062549],[-81.588822,41.06245],[-81.588864,41.061189],[-81.588862,41.060787],[-81.588886,41.060253]]]}},{"type":"Feature","properties":{"id":"NORTON 2-A","subdivision":"norton"},"geometry":{"type":"Polygon","coordinates":[[[-81.589242,41.045734],[-81.589242,41.041453],[-81.589143,41.041252],[-81.589157,41.041098],[-81.589343,41.039054],[-81.589339,41.03901],[-81.589323,41.038812],[-81.589242,41.037853],[-81.589378,41.036184],[-81.589443,41.035354],[-81.592276,41.035571],[-81.592348,41.035852],[-81.592378,41.035953],[-81.594375,41.035953],[-81.596483,41.035877],[-81.598553,41.035903],[-81.59904,41.035906],[-81.59897,41.034977],[-81.599045,41.034123],[-81.599098,41.033235],[-81.599086,41.032679],[-81.599145,41.029554],[-81.59917,41.029268],[-81.599241,41.028554],[-81.601943,41.028553],[-81.601843,41.029953],[-81.603437,41.029953],[-81.605972,41.029907],[-81.60597,41.02984],[-81.608976,41.029783],[-81.609448,41.029781],[-81.609645,41.025851],[-81.613843,41.025849],[-81.614244,41.025853],[-81.615832,41.025852],[-81.621588,41.025949],[-81.624554,41.025951],[-81.624832,41.025951],[-81.625128,41.025955],[-81.625143,41.025594],[-81.625265,41.020955],[-81.625284,41.020373],[-81.627059,41.020466],[-81.626944,41.020539],[-81.626827,41.020626],[-81.626707,41.02073],[-81.626573,41.020865],[-81.626452,41.021004],[-81.626407,41.021104],[-81.62684,41.021253],[-81.627434,41.021489],[-81.627639,41.021561],[-81.627865,41.021627],[-81.62782,41.021754],[-81.627694,41.022232],[-81.627686,41.022349],[-81.627691,41.022504],[-81.627804,41.023323],[-81.627809,41.023393],[-81.627801,41.023474],[-81.627781,41.023553],[-81.627759,41.023611],[-81.627677,41.023763],[-81.627635,41.023821],[-81.627587,41.023877],[-81.627523,41.02394],[-81.627366,41.024053],[-81.627244,41.02413],[-81.627139,41.024189],[-81.627006,41.024253],[-81.626944,41.0243],[-81.626835,41.0244],[-81.626786,41.024454],[-81.626694,41.024582],[-81.626644,41.024674],[-81.62664,41.024783],[-81.626631,41.025102],[-81.626625,41.025742],[-81.625662,41.025646],[-81.625656,41.025755],[-81.625652,41.025833],[-81.62565,41.025881],[-81.625648,41.025932],[-81.625646,41.025988],[-81.625645,41.026054],[-81.625645,41.026129],[-81.625644,41.026211],[-81.625643,41.0263],[-81.625642,41.026391],[-81.625641,41.026482],[-81.625641,41.026572],[-81.625643,41.026661],[-81.62565,41.026748],[-81.625665,41.026833],[-81.625694,41.026914],[-81.625737,41.02699],[-81.625796,41.02706],[-81.625867,41.027124],[-81.625948,41.027185],[-81.626032,41.027243],[-81.626115,41.027302],[-81.626193,41.027363],[-81.626261,41.027427],[-81.626383,41.027647],[-81.626394,41.027729],[-81.626396,41.027812],[-81.626395,41.027898],[-81.626392,41.027986],[-81.62639,41.028076],[-81.62639,41.028128],[-81.62639,41.028167],[-81.62639,41.028259],[-81.626389,41.028354],[-81.626387,41.02845],[-81.626384,41.028548],[-81.626382,41.028648],[-81.62638,41.02875],[-81.626379,41.028853],[-81.626378,41.028959],[-81.626377,41.029065],[-81.626374,41.029169],[-81.626366,41.02927],[-81.626348,41.029368],[-81.626314,41.02946],[-81.626266,41.029546],[-81.626212,41.029627],[-81.626164,41.029709],[-81.626116,41.029985],[-81.626118,41.030083],[-81.62612,41.030179],[-81.626118,41.030275],[-81.626109,41.03037],[-81.626093,41.030461],[-81.626049,41.030624],[-81.626031,41.030693],[-81.626018,41.030751],[-81.626,41.030824],[-81.625987,41.030876],[-81.625888,41.030869],[-81.62582,41.030867],[-81.62574,41.030865],[-81.62565,41.030863],[-81.625552,41.030862],[-81.625345,41.03086],[-81.625241,41.03086],[-81.62514,41.030859],[-81.625049,41.030859],[-81.624975,41.030859],[-81.6249,41.030851],[-81.62489,41.030779],[-81.624881,41.030728],[-81.624867,41.030666],[-81.624835,41.030511],[-81.624804,41.030336],[-81.624797,41.03024],[-81.6248,41.030139],[-81.624804,41.030034],[-81.624805,41.029931],[-81.624807,41.029829],[-81.624809,41.029728],[-81.624812,41.029629],[-81.624815,41.029536],[-81.624818,41.029371],[-81.62482,41.029305],[-81.624821,41.029258],[-81.624827,41.029203],[-81.624829,41.029177],[-81.62471,41.029177],[-81.624579,41.029176],[-81.624456,41.029174],[-81.624341,41.029173],[-81.624235,41.029172],[-81.62414,41.029172],[-81.623911,41.029184],[-81.623845,41.029185],[-81.623875,41.029108],[-81.623888,41.02906],[-81.623901,41.029002],[-81.62391,41.028936],[-81.623911,41.028861],[-81.6239,41.028781],[-81.623872,41.028698],[-81.623827,41.028613],[-81.623767,41.028533],[-81.623702,41.028458],[-81.623591,41.028329],[-81.623556,41.028286],[-81.623502,41.028205],[-81.623426,41.028239],[-81.623332,41.028283],[-81.62323,41.028322],[-81.623115,41.02835],[-81.622987,41.028365],[-81.622853,41.028371],[-81.622713,41.028373],[-81.622569,41.028373],[-81.622425,41.028371],[-81.622285,41.028367],[-81.621827,41.028325],[-81.621742,41.028323],[-81.621672,41.028322],[-81.621581,41.028322],[-81.621564,41.0291],[-81.621553,41.029347],[-81.621525,41.029768],[-81.621496,41.030023],[-81.621458,41.030233],[-81.621411,41.030421],[-81.621345,41.030624],[-81.621307,41.030776],[-81.62127,41.030891],[-81.621194,41.031077],[-81.621108,41.031309],[-81.62101,41.031554],[-81.620928,41.031789],[-81.620814,41.032073],[-81.620393,41.033194],[-81.620334,41.03335],[-81.620224,41.033699],[-81.620062,41.034326],[-81.61998,41.034549],[-81.619885,41.034764],[-81.619782,41.034977],[-81.619654,41.03528],[-81.619445,41.035707],[-81.619261,41.03612],[-81.619193,41.036263],[-81.619136,41.036407],[-81.619111,41.036484],[-81.619245,41.036551],[-81.624045,41.037653],[-81.624945,41.038253],[-81.625024,41.039417],[-81.625788,41.039402],[-81.626876,41.039374],[-81.627257,41.039358],[-81.628143,41.03933],[-81.629407,41.039286],[-81.631782,41.039212],[-81.63241,41.039208],[-81.634426,41.039253],[-81.636024,41.03929],[-81.63796,41.039326],[-81.637955,41.039502],[-81.637939,41.040397],[-81.637934,41.04065],[-81.637915,41.04111],[-81.637912,41.041689],[-81.637893,41.042267],[-81.637862,41.043974],[-81.637857,41.044537],[-81.637841,41.045084],[-81.637842,41.045674],[-81.637829,41.045832],[-81.63781,41.046826],[-81.637791,41.047677],[-81.637776,41.048359],[-81.637777,41.048971],[-81.637771,41.049232],[-81.637761,41.049714],[-81.63776,41.05025],[-81.637764,41.050433],[-81.636482,41.050589],[-81.635897,41.050653],[-81.635178,41.050732],[-81.634461,41.05082],[-81.63244,41.051061],[-81.63185,41.05113],[-81.631256,41.051194],[-81.628493,41.051515],[-81.627981,41.05158],[-81.626867,41.051724],[-81.625513,41.051896],[-81.624282,41.05207],[-81.623555,41.052189],[-81.622918,41.052291],[-81.621459,41.052538],[-81.618906,41.052955],[-81.618389,41.053035],[-81.617284,41.053222],[-81.617081,41.053258],[-81.61398,41.053918],[-81.612549,41.054211],[-81.611016,41.054547],[-81.610906,41.054571],[-81.609267,41.055006],[-81.608958,41.055077],[-81.607843,41.055335],[-81.606368,41.055671],[-81.602363,41.056595],[-81.602042,41.056668],[-81.600604,41.056996],[-81.599624,41.057223],[-81.598737,41.057428],[-81.598407,41.057504],[-81.597963,41.057608],[-81.597779,41.057651],[-81.596128,41.058017],[-81.595766,41.058103],[-81.595435,41.058181],[-81.595255,41.058224],[-81.594446,41.058406],[-81.593436,41.058637],[-81.591311,41.059123],[-81.590891,41.059224],[-81.58959,41.059531],[-81.589375,41.059599],[-81.589016,41.059746],[-81.588894,41.059802],[-81.589042,41.058353],[-81.58924,41.049458],[-81.589242,41.045734]]]}},{"type":"Feature","properties":{"id":"NORTON 2-B","subdivision":"norton"},"geometry":{"type":"Polygon","coordinates":[[[-81.625662,41.025646],[-81.626625,41.025742],[-81.626967,41.025775],[-81.627184,41.025792],[-81.627415,41.025799],[-81.628354,41.025803],[-81.62955,41.025805],[-81.630564,41.025806],[-81.63056,41.02658],[-81.630553,41.026863],[-81.63056,41.027075],[-81.630576,41.027203],[-81.630598,41.027305],[-81.630636,41.027431],[-81.630671,41.027521],[-81.63072,41.02762],[-81.630779,41.027717],[-81.630839,41.0278],[-81.630893,41.027853],[-81.630969,41.027905],[-81.630996,41.027919],[-81.631021,41.027932],[-81.631081,41.027956],[-81.63124,41.027979],[-81.631398,41.02799],[-81.632191,41.027993],[-81.6332,41.027994],[-81.634097,41.02799],[-81.634904,41.027991],[-81.635316,41.027995],[-81.636234,41.027991],[-81.636968,41.027999],[-81.637747,41.028],[-81.63819,41.027995],[-81.63815,41.029491],[-81.638126,41.030359],[-81.63811,41.030898],[-81.638069,41.03249],[-81.638026,41.035423],[-81.63802,41.035896],[-81.638016,41.036748],[-81.638015,41.03727],[-81.637999,41.037947],[-81.637987,41.038439],[-81.63796,41.039326],[-81.636024,41.03929],[-81.634426,41.039253],[-81.63241,41.039208],[-81.631782,41.039212],[-81.629407,41.039286],[-81.628143,41.03933],[-81.627257,41.039358],[-81.626876,41.039374],[-81.625788,41.039402],[-81.625024,41.039417],[-81.624945,41.038253],[-81.624045,41.037653],[-81.619245,41.036551],[-81.619111,41.036484],[-81.619136,41.036407],[-81.619193,41.036263],[-81.619261,41.03612],[-81.619445,41.035707],[-81.619654,41.03528],[-81.619782,41.034977],[-81.619885,41.034764],[-81.61998,41.034549],[-81.620062,41.034326],[-81.620224,41.033699],[-81.620334,41.03335],[-81.620393,41.033194],[-81.620814,41.032073],[-81.620928,41.031789],[-81.62101,41.031554],[-81.621108,41.031309],[-81.621194,41.031077],[-81.62127,41.030891],[-81.621307,41.030776],[-81.621345,41.030624],[-81.621411,41.030421],[-81.621458,41.030233],[-81.621496,41.030023],[-81.621525,41.029768],[-81.621553,41.029347],[-81.621564,41.0291],[-81.621581,41.028322],[-81.621672,41.028322],[-81.621742,41.028323],[-81.621827,41.028325],[-81.622285,41.028367],[-81.622425,41.028371],[-81.622569,41.028373],[-81.622713,41.028373],[-81.622853,41.028371],[-81.622987,41.028365],[-81.623115,41.02835],[-81.62323,41.028322],[-81.623332,41.028283],[-81.623426,41.028239],[-81.623502,41.028205],[-81.623556,41.028286],[-81.623591,41.028329],[-81.623702,41.028458],[-81.623767,41.028533],[-81.623827,41.028613],[-81.623872,41.028698],[-81.6239,41.028781],[-81.623911,41.028861],[-81.62391,41.028936],[-81.623901,41.029002],[-81.623888,41.02906],[-81.623875,41.029108],[-81.623845,41.029185],[-81.623911,41.029184],[-81.62414,41.029172],[-81.624235,41.029172],[-81.624341,41.029173],[-81.624456,41.029174],[-81.624579,41.029176],[-81.62471,41.029177],[-81.624829,41.029177],[-81.624827,41.029203],[-81.624821,41.029258],[-81.62482,41.029305],[-81.624818,41.029371],[-81.624815,41.029536],[-81.624812,41.029629],[-81.624809,41.029728],[-81.624807,41.029829],[-81.624805,41.029931],[-81.624804,41.030034],[-81.6248,41.030139],[-81.624797,41.03024],[-81.624804,41.030336],[-81.624835,41.030511],[-81.624867,41.030666],[-81.624881,41.030728],[-81.62489,41.030779],[-81.6249,41.030851],[-81.624975,41.030859],[-81.625049,41.030859],[-81.62514,41.030859],[-81.625241,41.03086],[-81.625345,41.03086],[-81.625552,41.030862],[-81.62565,41.030863],[-81.62574,41.030865],[-81.62582,41.030867],[-81.625888,41.030869],[-81.625987,41.030876],[-81.626,41.030824],[-81.626018,41.030751],[-81.626031,41.030693],[-81.626049,41.030624],[-81.626093,41.030461],[-81.626109,41.03037],[-81.626118,41.030275],[-81.62612,41.030179],[-81.626118,41.030083],[-81.626116,41.029985],[-81.626164,41.029709],[-81.626212,41.029627],[-81.626266,41.029546],[-81.626314,41.02946],[-81.626348,41.029368],[-81.626366,41.02927],[-81.626374,41.029169],[-81.626377,41.029065],[-81.626378,41.028959],[-81.626379,41.028853],[-81.62638,41.02875],[-81.626382,41.028648],[-81.626384,41.028548],[-81.626387,41.02845],[-81.626389,41.028354],[-81.62639,41.028259],[-81.62639,41.028167],[-81.62639,41.028128],[-81.62639,41.028076],[-81.626392,41.027986],[-81.626395,41.027898],[-81.626396,41.027812],[-81.626394,41.027729],[-81.626383,41.027647],[-81.626261,41.027427],[-81.626193,41.027363],[-81.626115,41.027302],[-81.626032,41.027243],[-81.625948,41.027185],[-81.625867,41.027124],[-81.625796,41.02706],[-81.625737,41.02699],[-81.625694,41.026914],[-81.625665,41.026833],[-81.62565,41.026748],[-81.625643,41.026661],[-81.625641,41.026572],[-81.625641,41.026482],[-81.625642,41.026391],[-81.625643,41.0263],[-81.625644,41.026211],[-81.625645,41.026129],[-81.625645,41.026054],[-81.625646,41.025988],[-81.625648,41.025932],[-81.62565,41.025881],[-81.625652,41.025833],[-81.625656,41.025755],[-81.625662,41.025646]]]}},{"type":"Feature","properties":{"id":"NORTON 3-A","subdivision":"norton"},"geometry":{"type":"Polygon","coordinates":[[[-81.687797,41.027915],[-81.68779,41.03111],[-81.687789,41.03131],[-81.687769,41.034477],[-81.687747,41.038186],[-81.687747,41.038286],[-81.687746,41.038411],[-81.687743,41.038903],[-81.687741,41.039067],[-81.68774,41.039264],[-81.687732,41.040583],[-81.687728,41.041328],[-81.687727,41.041552],[-81.687726,41.041641],[-81.687726,41.04166],[-81.687726,41.041692],[-81.687725,41.041759],[-81.687725,41.041768],[-81.687523,41.041645],[-81.686999,41.041364],[-81.686904,41.041326],[-81.686641,41.041205],[-81.686431,41.041114],[-81.686267,41.041052],[-81.685909,41.040926],[-81.685286,41.040735],[-81.685098,41.040684],[-81.68474,41.040602],[-81.684419,41.04054],[-81.683813,41.040448],[-81.683639,41.040426],[-81.683246,41.040393],[-81.682794,41.040369],[-81.682557,41.040364],[-81.68199,41.040355],[-81.681457,41.040357],[-81.680863,41.040346],[-81.680108,41.040327],[-81.677537,41.04028],[-81.676888,41.040265],[-81.676222,41.040256],[-81.671636,41.040168],[-81.669459,41.040129],[-81.668397,41.040118],[-81.667071,41.040089],[-81.665763,41.040063],[-81.66369,41.040022],[-81.663129,41.040011],[-81.662831,41.040005],[-81.662241,41.039992],[-81.660763,41.039957],[-81.658338,41.039901],[-81.656482,41.039871],[-81.656384,41.039863],[-81.655395,41.03985],[-81.651912,41.039786],[-81.651099,41.039766],[-81.649088,41.039732],[-81.647955,41.039705],[-81.647961,41.039518],[-81.647993,41.038604],[-81.648006,41.038038],[-81.64801,41.037847],[-81.648031,41.03703],[-81.648057,41.036349],[-81.646619,41.036337],[-81.646244,41.036339],[-81.644809,41.03632],[-81.64314,41.036307],[-81.642547,41.0363],[-81.642216,41.036288],[-81.642109,41.036281],[-81.64194,41.036257],[-81.641712,41.036202],[-81.641601,41.036169],[-81.641492,41.036131],[-81.641311,41.036061],[-81.641166,41.036017],[-81.641021,41.035985],[-81.640714,41.03594],[-81.640459,41.03592],[-81.640169,41.035904],[-81.639064,41.035904],[-81.638508,41.035903],[-81.63802,41.035896],[-81.638026,41.035423],[-81.638069,41.03249],[-81.63811,41.030898],[-81.638126,41.030359],[-81.63815,41.029491],[-81.63819,41.027995],[-81.638216,41.027346],[-81.638227,41.027075],[-81.638247,41.026559],[-81.638248,41.025808],[-81.639195,41.025807],[-81.640739,41.025807],[-81.641869,41.025807],[-81.643123,41.025807],[-81.644475,41.025794],[-81.645992,41.025787],[-81.646684,41.025783],[-81.648397,41.025776],[-81.650309,41.025768],[-81.6508,41.025771],[-81.652206,41.02578],[-81.653872,41.025781],[-81.655316,41.025775],[-81.657707,41.025774],[-81.660943,41.025767],[-81.661753,41.025768],[-81.662183,41.025768],[-81.663502,41.025768],[-81.663717,41.025769],[-81.665241,41.025763],[-81.665519,41.025762],[-81.667319,41.025766],[-81.66732,41.025483],[-81.667332,41.025084],[-81.667344,41.023983],[-81.667353,41.023723],[-81.667374,41.02194],[-81.667419,41.019595],[-81.667436,41.019132],[-81.667464,41.017153],[-81.667466,41.017032],[-81.667485,41.016282],[-81.667487,41.015977],[-81.667503,41.015272],[-81.667502,41.015028],[-81.667512,41.014751],[-81.667518,41.014388],[-81.667526,41.013999],[-81.671969,41.013594],[-81.676985,41.013141],[-81.677455,41.013106],[-81.677681,41.013094],[-81.678136,41.013079],[-81.678671,41.013079],[-81.678996,41.013091],[-81.679275,41.013107],[-81.679831,41.013157],[-81.680182,41.013203],[-81.680768,41.0133],[-81.681107,41.013369],[-81.681485,41.013457],[-81.681945,41.013575],[-81.683089,41.013892],[-81.683261,41.013934],[-81.684366,41.014245],[-81.687943,41.015244],[-81.68794,41.015462],[-81.687936,41.015872],[-81.687862,41.022045],[-81.687824,41.024359],[-81.687811,41.025229],[-81.687806,41.025499],[-81.687804,41.025638],[-81.687803,41.025647],[-81.687801,41.025661],[-81.6878,41.02596],[-81.6878,41.025979],[-81.6878,41.026294],[-81.687797,41.027915]]]}},{"type":"Feature","properties":{"id":"NORTON 3-B","subdivision":"norton"},"geometry":{"type":"MultiPolygon","coordinates":[[[[-81.627745,41.018641],[-81.628081,41.018655],[-81.628416,41.018669],[-81.630873,41.018778],[-81.631349,41.018797],[-81.632094,41.019706],[-81.632339,41.019859],[-81.632968,41.02021],[-81.633553,41.020567],[-81.633757,41.020731],[-81.63373,41.020781],[-81.633715,41.020828],[-81.633601,41.021729],[-81.633578,41.022007],[-81.63602,41.022043],[-81.636903,41.02205],[-81.638323,41.022073],[-81.638258,41.024772],[-81.638246,41.025347],[-81.638248,41.025808],[-81.638247,41.026559],[-81.638227,41.027075],[-81.638216,41.027346],[-81.63819,41.027995],[-81.637747,41.028],[-81.636968,41.027999],[-81.636234,41.027991],[-81.635316,41.027995],[-81.634904,41.027991],[-81.634097,41.02799],[-81.6332,41.027994],[-81.632191,41.027993],[-81.631398,41.02799],[-81.63124,41.027979],[-81.631081,41.027956],[-81.631021,41.027932],[-81.630996,41.027919],[-81.630969,41.027905],[-81.630893,41.027853],[-81.630839,41.0278],[-81.630779,41.027717],[-81.63072,41.02762],[-81.630671,41.027521],[-81.630636,41.027431],[-81.630598,41.027305],[-81.630576,41.027203],[-81.63056,41.027075],[-81.630553,41.026863],[-81.63056,41.02658],[-81.630564,41.025806],[-81.62955,41.025805],[-81.628354,41.025803],[-81.627415,41.025799],[-81.627184,41.025792],[-81.626967,41.025775],[-81.626625,41.025742],[-81.626631,41.025102],[-81.62664,41.024783],[-81.626644,41.024674],[-81.626694,41.024582],[-81.626786,41.024454],[-81.626835,41.0244],[-81.626944,41.0243],[-81.627006,41.024253],[-81.627139,41.024189],[-81.627244,41.02413],[-81.627366,41.024053],[-81.627523,41.02394],[-81.627587,41.023877],[-81.627635,41.023821],[-81.627677,41.023763],[-81.627759,41.023611],[-81.627781,41.023553],[-81.627801,41.023474],[-81.627809,41.023393],[-81.627804,41.023323],[-81.627691,41.022504],[-81.627686,41.022349],[-81.627694,41.022232],[-81.62782,41.021754],[-81.627865,41.021627],[-81.627639,41.021561],[-81.627434,41.021489],[-81.62684,41.021253],[-81.626407,41.021104],[-81.626452,41.021004],[-81.626573,41.020865],[-81.626707,41.02073],[-81.626827,41.020626],[-81.626944,41.020539],[-81.627059,41.020466],[-81.627054,41.020161],[-81.627056,41.019348],[-81.627048,41.01915],[-81.627769,41.018922],[-81.627745,41.018641]]],[[[-81.647774,41.047158],[-81.647728,41.048851],[-81.647703,41.050067],[-81.646126,41.050126],[-81.645022,41.050167],[-81.643305,41.050232],[-81.642234,41.050274],[-81.641539,41.050308],[-81.641421,41.050314],[-81.640607,41.050344],[-81.639818,41.050368],[-81.639508,41.050377],[-81.638875,41.050393],[-81.638291,41.050406],[-81.637922,41.050422],[-81.637764,41.050433],[-81.63776,41.05025],[-81.637761,41.049714],[-81.637771,41.049232],[-81.637777,41.048971],[-81.637776,41.048359],[-81.637791,41.047677],[-81.63781,41.046826],[-81.637829,41.045832],[-81.637842,41.045674],[-81.637841,41.045084],[-81.637857,41.044537],[-81.637862,41.043974],[-81.637893,41.042267],[-81.637912,41.041689],[-81.637915,41.04111],[-81.637934,41.04065],[-81.637939,41.040397],[-81.637955,41.039502],[-81.63796,41.039326],[-81.637987,41.038439],[-81.637999,41.037947],[-81.638015,41.03727],[-81.638016,41.036748],[-81.63802,41.035896],[-81.638508,41.035903],[-81.639064,41.035904],[-81.640169,41.035904],[-81.640459,41.03592],[-81.640714,41.03594],[-81.641021,41.035985],[-81.641166,41.036017],[-81.641311,41.036061],[-81.641492,41.036131],[-81.641601,41.036169],[-81.641712,41.036202],[-81.64194,41.036257],[-81.642109,41.036281],[-81.642216,41.036288],[-81.642547,41.0363],[-81.64314,41.036307],[-81.644809,41.03632],[-81.646244,41.036339],[-81.646619,41.036337],[-81.648057,41.036349],[-81.648031,41.03703],[-81.64801,41.037847],[-81.648006,41.038038],[-81.647993,41.038604],[-81.647961,41.039518],[-81.647955,41.039705],[-81.647933,41.040493],[-81.64793,41.040741],[-81.647908,41.041411],[-81.647904,41.04167],[-81.647893,41.041959],[-81.647863,41.043213],[-81.647846,41.044421],[-81.647814,41.045412],[-81.647789,41.046251],[-81.647775,41.0469],[-81.647774,41.047158]]]]}},{"type":"Feature","properties":{"id":"NORTON 4-A","subdivision":"norton"},"geometry":{"type":"Polygon","coordinates":[[[-81.688154,41.004142],[-81.688152,41.004267],[-81.688145,41.004727],[-81.688132,41.005772],[-81.68804,41.010374],[-81.688038,41.010475],[-81.688035,41.010606],[-81.688011,41.01172],[-81.687989,41.012735],[-81.687982,41.013089],[-81.687973,41.013505],[-81.687953,41.014407],[-81.687953,41.014416],[-81.687948,41.014814],[-81.687946,41.015006],[-81.687943,41.015244],[-81.684366,41.014245],[-81.683261,41.013934],[-81.683089,41.013892],[-81.681945,41.013575],[-81.681485,41.013457],[-81.681107,41.013369],[-81.680768,41.0133],[-81.680182,41.013203],[-81.679831,41.013157],[-81.679275,41.013107],[-81.678996,41.013091],[-81.678671,41.013079],[-81.678136,41.013079],[-81.677681,41.013094],[-81.677455,41.013106],[-81.676985,41.013141],[-81.671969,41.013594],[-81.667526,41.013999],[-81.667518,41.014388],[-81.667512,41.014751],[-81.667502,41.015028],[-81.667503,41.015272],[-81.667487,41.015977],[-81.667485,41.016282],[-81.667466,41.017032],[-81.667464,41.017153],[-81.667436,41.019132],[-81.667419,41.019595],[-81.667374,41.02194],[-81.667353,41.023723],[-81.667344,41.023983],[-81.667332,41.025084],[-81.66732,41.025483],[-81.667319,41.025766],[-81.665519,41.025762],[-81.665241,41.025763],[-81.663717,41.025769],[-81.663502,41.025768],[-81.662183,41.025768],[-81.661753,41.025768],[-81.660943,41.025767],[-81.657707,41.025774],[-81.655316,41.025775],[-81.653872,41.025781],[-81.652206,41.02578],[-81.6508,41.025771],[-81.650309,41.025768],[-81.648397,41.025776],[-81.646684,41.025783],[-81.645992,41.025787],[-81.644475,41.025794],[-81.643123,41.025807],[-81.641869,41.025807],[-81.640739,41.025807],[-81.639195,41.025807],[-81.638248,41.025808],[-81.638246,41.025347],[-81.638258,41.024772],[-81.638323,41.022073],[-81.636903,41.02205],[-81.63602,41.022043],[-81.633578,41.022007],[-81.633601,41.021729],[-81.633715,41.020828],[-81.63373,41.020781],[-81.633757,41.020731],[-81.633553,41.020567],[-81.632968,41.02021],[-81.632339,41.019859],[-81.632094,41.019706],[-81.631349,41.018797],[-81.630873,41.018778],[-81.628416,41.018669],[-81.628081,41.018655],[-81.627745,41.018641],[-81.627655,41.017819],[-81.628437,41.017088],[-81.628604,41.016931],[-81.628653,41.016884],[-81.630248,41.016898],[-81.630249,41.017795],[-81.633443,41.017797],[-81.633474,41.017797],[-81.634697,41.017797],[-81.634756,41.015972],[-81.63554,41.015992],[-81.638474,41.016066],[-81.639189,41.016067],[-81.639191,41.015514],[-81.639246,41.01465],[-81.639246,41.010553],[-81.639268,41.009921],[-81.639277,41.009731],[-81.639346,41.008253],[-81.639446,41.006253],[-81.639457,41.006112],[-81.642149,41.004943],[-81.643291,41.004513],[-81.643282,41.003822],[-81.643596,41.00368],[-81.643696,41.003714],[-81.643768,41.003724],[-81.644403,41.003743],[-81.64472,41.003749],[-81.645708,41.003769],[-81.64658,41.003781],[-81.647322,41.0038],[-81.648708,41.003815],[-81.649258,41.003818],[-81.649751,41.003828],[-81.649748,41.004343],[-81.649803,41.004353],[-81.649853,41.004368],[-81.6499,41.004391],[-81.650341,41.004654],[-81.650894,41.004992],[-81.651008,41.005072],[-81.651114,41.005165],[-81.6512,41.00525],[-81.651244,41.005324],[-81.651284,41.005474],[-81.651293,41.005574],[-81.651266,41.006563],[-81.651252,41.007428],[-81.65124,41.007825],[-81.65124,41.008067],[-81.652091,41.008089],[-81.65239,41.008088],[-81.65314,41.0081],[-81.653147,41.007726],[-81.653145,41.007019],[-81.653153,41.006777],[-81.653157,41.006324],[-81.653182,41.0049],[-81.653211,41.004067],[-81.653209,41.003869],[-81.654196,41.003873],[-81.654384,41.003873],[-81.654743,41.003881],[-81.656583,41.003899],[-81.656587,41.004142],[-81.656579,41.004297],[-81.65655,41.006166],[-81.656537,41.006652],[-81.656511,41.008134],[-81.657004,41.00815],[-81.659035,41.008167],[-81.659518,41.008178],[-81.660816,41.008184],[-81.660882,41.00818],[-81.660928,41.00817],[-81.660967,41.008153],[-81.660996,41.00813],[-81.661012,41.008099],[-81.661021,41.008039],[-81.661033,41.007666],[-81.661043,41.007491],[-81.661038,41.007163],[-81.661044,41.006975],[-81.661063,41.006699],[-81.661185,41.006692],[-81.661209,41.006688],[-81.661239,41.006675],[-81.661277,41.00665],[-81.661313,41.006619],[-81.661329,41.006599],[-81.661347,41.006511],[-81.661338,41.006128],[-81.66129,41.005275],[-81.661269,41.004772],[-81.661236,41.004514],[-81.661182,41.004291],[-81.661145,41.004179],[-81.661041,41.003918],[-81.661637,41.003917],[-81.66193,41.003916],[-81.662486,41.003918],[-81.662476,41.004102],[-81.662441,41.004283],[-81.662399,41.004608],[-81.662391,41.004716],[-81.662391,41.004825],[-81.6624,41.005042],[-81.662424,41.005423],[-81.662456,41.006129],[-81.662462,41.00651],[-81.662469,41.006564],[-81.662492,41.006617],[-81.662531,41.006664],[-81.662588,41.006693],[-81.662656,41.006711],[-81.662729,41.006723],[-81.6628,41.00673],[-81.663168,41.006729],[-81.663175,41.006805],[-81.663177,41.006914],[-81.663155,41.007675],[-81.66315,41.008216],[-81.665408,41.008231],[-81.665658,41.008233],[-81.66616,41.008247],[-81.666807,41.00825],[-81.66768,41.008265],[-81.667722,41.006774],[-81.669005,41.006786],[-81.670134,41.006795],[-81.671259,41.006807],[-81.672384,41.006818],[-81.673468,41.006827],[-81.673496,41.006787],[-81.673505,41.006765],[-81.673514,41.006718],[-81.673526,41.006096],[-81.673544,41.005693],[-81.673539,41.005612],[-81.673523,41.005568],[-81.673487,41.005534],[-81.673423,41.00551],[-81.673358,41.005502],[-81.67327,41.005499],[-81.673053,41.005505],[-81.672365,41.005495],[-81.671285,41.00548],[-81.670552,41.005477],[-81.67015,41.005469],[-81.670156,41.005335],[-81.670163,41.004519],[-81.67016,41.003959],[-81.671047,41.003971],[-81.67209,41.003973],[-81.674675,41.004001],[-81.675766,41.004009],[-81.676251,41.004017],[-81.677742,41.004032],[-81.678946,41.004035],[-81.681475,41.004063],[-81.682659,41.004081],[-81.682959,41.004076],[-81.685402,41.0041],[-81.685557,41.004099],[-81.686479,41.00411],[-81.687142,41.00411],[-81.687673,41.004116],[-81.687997,41.004126],[-81.688154,41.004142],[-81.688154,41.004142]]]}},{"type":"Feature","properties":{"id":"NORTON 4-B","subdivision":"norton"},"geometry":{"type":"MultiPolygon","coordinates":[[[[-81.649483,40.988556],[-81.64957,40.988556],[-81.650548,40.988553],[-81.653325,40.988554],[-81.65414,40.98855],[-81.656518,40.988553],[-81.656795,40.988551],[-81.657187,40.988548],[-81.657624,40.988552],[-81.657933,40.988554],[-81.658171,40.988553],[-81.658284,40.988553],[-81.658414,40.988553],[-81.658432,40.988553],[-81.658926,40.988551],[-81.659561,40.988556],[-81.660164,40.98856],[-81.661412,40.988561],[-81.66223,40.988565],[-81.662847,40.988568],[-81.663194,40.988569],[-81.663379,40.98857],[-81.663656,40.98857],[-81.66487,40.988572],[-81.66579,40.988574],[-81.666735,40.98858],[-81.667101,40.988575],[-81.667869,40.988564],[-81.668125,40.988554],[-81.668795,40.988555],[-81.669703,40.988566],[-81.67091,40.988569],[-81.671526,40.988562],[-81.672035,40.988565],[-81.67213,40.988565],[-81.672283,40.988565],[-81.672911,40.988568],[-81.673408,40.98857],[-81.675426,40.988571],[-81.675567,40.98857],[-81.676163,40.988567],[-81.676524,40.988565],[-81.676941,40.988567],[-81.677837,40.988571],[-81.678011,40.988576],[-81.678094,40.988582],[-81.678227,40.988583],[-81.678678,40.988584],[-81.679043,40.988584],[-81.67957,40.988584],[-81.681361,40.988585],[-81.681565,40.988572],[-81.6818,40.988571],[-81.68315,40.988568],[-81.683844,40.98857],[-81.685178,40.988567],[-81.685427,40.988566],[-81.685544,40.988567],[-81.686008,40.988569],[-81.687889,40.988587],[-81.688491,40.988588],[-81.688442,40.990731],[-81.68835,40.994777],[-81.688333,40.995271],[-81.688321,40.995802],[-81.688306,40.996455],[-81.68827,40.998051],[-81.688246,40.999109],[-81.688224,41.000034],[-81.688221,41.000197],[-81.688213,41.000542],[-81.688207,41.000801],[-81.688201,41.001195],[-81.688195,41.001585],[-81.688182,41.002428],[-81.688154,41.004142],[-81.688154,41.004142],[-81.687997,41.004126],[-81.687673,41.004116],[-81.687142,41.00411],[-81.686479,41.00411],[-81.685557,41.004099],[-81.685402,41.0041],[-81.682959,41.004076],[-81.682659,41.004081],[-81.681475,41.004063],[-81.678946,41.004035],[-81.677742,41.004032],[-81.676251,41.004017],[-81.675766,41.004009],[-81.674675,41.004001],[-81.67209,41.003973],[-81.671047,41.003971],[-81.67016,41.003959],[-81.670163,41.004519],[-81.670156,41.005335],[-81.67015,41.005469],[-81.670552,41.005477],[-81.671285,41.00548],[-81.672365,41.005495],[-81.673053,41.005505],[-81.67327,41.005499],[-81.673358,41.005502],[-81.673423,41.00551],[-81.673487,41.005534],[-81.673523,41.005568],[-81.673539,41.005612],[-81.673544,41.005693],[-81.673526,41.006096],[-81.673514,41.006718],[-81.673505,41.006765],[-81.673496,41.006787],[-81.673468,41.006827],[-81.672384,41.006818],[-81.671259,41.006807],[-81.670134,41.006795],[-81.669005,41.006786],[-81.667722,41.006774],[-81.66768,41.008265],[-81.666807,41.00825],[-81.66616,41.008247],[-81.665658,41.008233],[-81.665408,41.008231],[-81.66315,41.008216],[-81.663155,41.007675],[-81.663177,41.006914],[-81.663175,41.006805],[-81.663168,41.006729],[-81.6628,41.00673],[-81.662729,41.006723],[-81.662656,41.006711],[-81.662588,41.006693],[-81.662531,41.006664],[-81.662492,41.006617],[-81.662469,41.006564],[-81.662462,41.00651],[-81.662456,41.006129],[-81.662424,41.005423],[-81.6624,41.005042],[-81.662391,41.004825],[-81.662391,41.004716],[-81.662399,41.004608],[-81.662441,41.004283],[-81.662476,41.004102],[-81.662486,41.003918],[-81.66193,41.003916],[-81.661637,41.003917],[-81.661041,41.003918],[-81.661145,41.004179],[-81.661182,41.004291],[-81.661236,41.004514],[-81.661269,41.004772],[-81.66129,41.005275],[-81.661338,41.006128],[-81.661347,41.006511],[-81.661329,41.006599],[-81.661313,41.006619],[-81.661277,41.00665],[-81.661239,41.006675],[-81.661209,41.006688],[-81.661185,41.006692],[-81.661063,41.006699],[-81.661044,41.006975],[-81.661038,41.007163],[-81.661043,41.007491],[-81.661033,41.007666],[-81.661021,41.008039],[-81.661012,41.008099],[-81.660996,41.00813],[-81.660967,41.008153],[-81.660928,41.00817],[-81.660882,41.00818],[-81.660816,41.008184],[-81.659518,41.008178],[-81.659035,41.008167],[-81.657004,41.00815],[-81.656511,41.008134],[-81.656537,41.006652],[-81.65655,41.006166],[-81.656579,41.004297],[-81.656587,41.004142],[-81.656583,41.003899],[-81.654743,41.003881],[-81.654384,41.003873],[-81.654196,41.003873],[-81.653209,41.003869],[-81.653211,41.004067],[-81.653182,41.0049],[-81.653157,41.006324],[-81.653153,41.006777],[-81.653145,41.007019],[-81.653147,41.007726],[-81.65314,41.0081],[-81.65239,41.008088],[-81.652091,41.008089],[-81.65124,41.008067],[-81.65124,41.007825],[-81.651252,41.007428],[-81.651266,41.006563],[-81.651293,41.005574],[-81.651284,41.005474],[-81.651244,41.005324],[-81.6512,41.00525],[-81.651114,41.005165],[-81.651008,41.005072],[-81.650894,41.004992],[-81.650341,41.004654],[-81.6499,41.004391],[-81.649853,41.004368],[-81.649803,41.004353],[-81.649748,41.004343],[-81.649751,41.003828],[-81.649258,41.003818],[-81.648708,41.003815],[-81.647322,41.0038],[-81.64658,41.003781],[-81.645708,41.003769],[-81.64472,41.003749],[-81.647747,41.002308],[-81.648733,41.002288],[-81.64872,41.00213],[-81.648706,41.002041],[-81.649872,41.001745],[-81.649095,41.001033],[-81.649489,41.000791],[-81.649556,41.000749],[-81.649829,41.000577],[-81.649852,40.999552],[-81.649947,40.999552],[-81.649947,40.996753],[-81.649947,40.995913],[-81.649947,40.995853],[-81.650647,40.995953],[-81.650547,40.993653],[-81.649353,40.993654],[-81.649365,40.993487],[-81.649357,40.99346],[-81.649316,40.993317],[-81.649212,40.993161],[-81.648782,40.992745],[-81.648567,40.992523],[-81.648355,40.99256],[-81.646986,40.992559],[-81.646938,40.992563],[-81.646846,40.991853],[-81.646846,40.9917],[-81.646849,40.988558],[-81.645934,40.988555],[-81.644191,40.988555],[-81.643324,40.988567],[-81.64287,40.988568],[-81.642712,40.988568],[-81.639906,40.988563],[-81.63968,40.988565],[-81.639078,40.988568],[-81.637849,40.98857],[-81.637746,40.990853],[-81.638146,40.990753],[-81.638146,40.991853],[-81.637446,40.991853],[-81.638046,40.993853],[-81.636866,40.993844],[-81.636899,40.993914],[-81.637435,40.995097],[-81.637737,40.995773],[-81.63778,40.99587],[-81.637862,40.996051],[-81.638201,40.996795],[-81.63833,40.997106],[-81.638446,40.997422],[-81.63853,40.997676],[-81.638563,40.997792],[-81.63858,40.997853],[-81.638261,41.000153],[-81.638254,41.00034],[-81.638249,41.000472],[-81.636335,41.000458],[-81.633526,41.000354],[-81.632446,41.000353],[-81.63124,41.000354],[-81.631241,41.000239],[-81.631243,41.000141],[-81.630632,41.000008],[-81.630506,40.999969],[-81.63046,41.000158],[-81.630449,41.000353],[-81.629249,41.000353],[-81.626963,41.000256],[-81.625145,41.000253],[-81.625053,41.000251],[-81.622838,41.000208],[-81.619869,41.000154],[-81.619365,41.000174],[-81.619344,41.002172],[-81.616846,41.003119],[-81.616627,41.00317],[-81.616563,41.003176],[-81.615704,41.00322],[-81.615059,41.003244],[-81.614715,41.003253],[-81.614171,41.003259],[-81.613468,41.003259],[-81.612757,41.003245],[-81.612466,41.003234],[-81.611684,41.003193],[-81.611316,41.003179],[-81.610843,41.003168],[-81.610076,41.003165],[-81.609906,41.003161],[-81.609719,41.003149],[-81.609425,41.003122],[-81.608865,41.003072],[-81.608694,41.003058],[-81.608834,41.002687],[-81.609123,41.001971],[-81.609365,41.001432],[-81.609583,41.000898],[-81.609662,41.000687],[-81.609836,41.00014],[-81.609914,40.999808],[-81.609984,40.999426],[-81.61008,40.998759],[-81.610113,40.998311],[-81.610121,40.998138],[-81.61017,40.996969],[-81.610189,40.9965],[-81.610189,40.996385],[-81.610525,40.995044],[-81.609457,40.994988],[-81.609293,40.994892],[-81.609073,40.994783],[-81.608891,40.994716],[-81.608766,40.994679],[-81.60861,40.994645],[-81.608441,40.994621],[-81.608414,40.994619],[-81.60817,40.994602],[-81.608031,40.994601],[-81.607993,40.994603],[-81.605744,40.990953],[-81.605374,40.99069],[-81.605364,40.990659],[-81.605348,40.99061],[-81.605323,40.990563],[-81.605274,40.990497],[-81.605233,40.990458],[-81.605186,40.990423],[-81.605168,40.990399],[-81.605135,40.990351],[-81.605105,40.990303],[-81.605077,40.990253],[-81.60504,40.990177],[-81.605019,40.990125],[-81.605,40.990073],[-81.604994,40.990052],[-81.603664,40.989212],[-81.603342,40.989023],[-81.603006,40.988753],[-81.603964,40.988753],[-81.605444,40.988753],[-81.606153,40.988675],[-81.615585,40.988645],[-81.620418,40.98858],[-81.620645,40.988589],[-81.621978,40.988594],[-81.622628,40.98859],[-81.62325,40.988579],[-81.624553,40.988581],[-81.62569,40.988575],[-81.626755,40.988565],[-81.628061,40.988565],[-81.628277,40.988562],[-81.628624,40.988559],[-81.628813,40.988561],[-81.629315,40.988559],[-81.629438,40.988558],[-81.629987,40.988561],[-81.630029,40.986944],[-81.620874,40.986673],[-81.620885,40.986543],[-81.620897,40.986401],[-81.620915,40.985978],[-81.620972,40.98496],[-81.621579,40.984954],[-81.621579,40.98437],[-81.624681,40.98437],[-81.624681,40.98338],[-81.630774,40.983381],[-81.632319,40.983382],[-81.632394,40.983607],[-81.632617,40.984241],[-81.632742,40.98456],[-81.631501,40.984565],[-81.631086,40.984566],[-81.631152,40.985065],[-81.631555,40.985065],[-81.632934,40.985063],[-81.633101,40.98546],[-81.633581,40.986548],[-81.631721,40.986619],[-81.631357,40.98663],[-81.631417,40.986985],[-81.631682,40.987919],[-81.632027,40.987919],[-81.63272,40.987919],[-81.632719,40.988559],[-81.633357,40.988563],[-81.633868,40.98856],[-81.634475,40.988566],[-81.634419,40.988425],[-81.634173,40.987855],[-81.633937,40.987358],[-81.633889,40.98725],[-81.638232,40.987365],[-81.638564,40.987353],[-81.638946,40.987353],[-81.639592,40.98736],[-81.639565,40.987006],[-81.63954,40.986655],[-81.638318,40.986798],[-81.638162,40.986441],[-81.638058,40.986185],[-81.637977,40.985955],[-81.637954,40.985868],[-81.63781,40.985213],[-81.641304,40.985307],[-81.641358,40.982295],[-81.641739,40.982315],[-81.641661,40.987118],[-81.641657,40.987384],[-81.647657,40.987443],[-81.647655,40.98752],[-81.647665,40.987982],[-81.647666,40.987997],[-81.647689,40.988556],[-81.647689,40.988561],[-81.649483,40.988556]]],[[[-81.628498,41.016908],[-81.628571,41.016842],[-81.628653,41.016884],[-81.628604,41.016931],[-81.628437,41.017088],[-81.627655,41.017819],[-81.627564,41.017722],[-81.627928,41.017405],[-81.628498,41.016908]]]]}},{"type":"Feature","properties":{"id":"PENINSULA VILL","subdivision":"peninsula"},"geometry":{"type":"Polygon","coordinates":[[[-81.518909,41.239189],[-81.518984,41.232935],[-81.519815,41.233152],[-81.520302,41.233283],[-81.521232,41.233547],[-81.521918,41.233768],[-81.522185,41.23386],[-81.522536,41.233987],[-81.522988,41.234159],[-81.523611,41.234402],[-81.523705,41.234439],[-81.524231,41.234638],[-81.524548,41.234752],[-81.525048,41.234911],[-81.525466,41.235036],[-81.525751,41.235111],[-81.525993,41.235181],[-81.526567,41.235312],[-81.527212,41.235439],[-81.529219,41.235787],[-81.529995,41.235925],[-81.530325,41.235988],[-81.530637,41.236055],[-81.531101,41.236173],[-81.531317,41.236236],[-81.531518,41.236303],[-81.531749,41.236386],[-81.53199,41.236481],[-81.532466,41.236683],[-81.532437,41.234353],[-81.532537,41.229553],[-81.532437,41.226553],[-81.533742,41.226859],[-81.540769,41.226826],[-81.54107,41.226825],[-81.542364,41.226821],[-81.542635,41.226819],[-81.544027,41.226814],[-81.544158,41.22682],[-81.546161,41.226815],[-81.546439,41.226825],[-81.54659,41.226838],[-81.549954,41.226831],[-81.550462,41.226831],[-81.551538,41.225953],[-81.551656,41.225923],[-81.551736,41.225914],[-81.552151,41.2261],[-81.552346,41.226253],[-81.552561,41.226377],[-81.552927,41.226418],[-81.553042,41.226401],[-81.55332,41.226359],[-81.553569,41.226232],[-81.553766,41.226113],[-81.553887,41.225909],[-81.553876,41.225603],[-81.553874,41.225539],[-81.553498,41.225313],[-81.553184,41.225019],[-81.553092,41.224801],[-81.553134,41.224603],[-81.553286,41.224368],[-81.555093,41.223747],[-81.556239,41.223353],[-81.557939,41.220053],[-81.558539,41.219253],[-81.560139,41.219253],[-81.56083,41.219253],[-81.560999,41.219254],[-81.561338,41.219253],[-81.569539,41.219153],[-81.570239,41.219153],[-81.575144,41.219773],[-81.575195,41.227149],[-81.570975,41.227226],[-81.571239,41.233059],[-81.571037,41.233065],[-81.570467,41.233089],[-81.569067,41.233114],[-81.568777,41.233108],[-81.567492,41.233148],[-81.567239,41.234253],[-81.567487,41.237637],[-81.567567,41.238613],[-81.571139,41.238353],[-81.57474,41.238453],[-81.57494,41.242453],[-81.57494,41.243253],[-81.575464,41.243253],[-81.576517,41.243253],[-81.58044,41.243253],[-81.58264,41.241953],[-81.58454,41.241053],[-81.58454,41.245318],[-81.584535,41.247005],[-81.58411,41.247109],[-81.583065,41.247378],[-81.58174,41.24771],[-81.581236,41.247833],[-81.58098,41.247903],[-81.579085,41.248376],[-81.578722,41.248455],[-81.578524,41.24849],[-81.57834,41.248516],[-81.578166,41.248533],[-81.577882,41.248552],[-81.577645,41.248554],[-81.577641,41.250047],[-81.577648,41.251359],[-81.575504,41.251248],[-81.5756,41.250208],[-81.571401,41.250215],[-81.556751,41.250242],[-81.552338,41.250053],[-81.549757,41.250053],[-81.549639,41.250053],[-81.548338,41.250353],[-81.546238,41.252652],[-81.533137,41.252552],[-81.533138,41.250053],[-81.533128,41.245856],[-81.533141,41.244653],[-81.530918,41.24492],[-81.530818,41.244917],[-81.530176,41.244925],[-81.530145,41.244925],[-81.529708,41.244926],[-81.528074,41.244902],[-81.527668,41.244902],[-81.527445,41.244896],[-81.527231,41.244895],[-81.526947,41.244895],[-81.526521,41.244887],[-81.525705,41.244883],[-81.52523,41.244875],[-81.52441,41.24487],[-81.524044,41.244864],[-81.523266,41.244862],[-81.522537,41.244853],[-81.521429,41.244849],[-81.52006,41.244829],[-81.519289,41.244827],[-81.519234,41.244835],[-81.519194,41.244847],[-81.518909,41.239189]]]}},{"type":"Feature","properties":{"id":"RICHFIELD TWP Y","subdivision":"richfield_township"},"geometry":{"type":"MultiPolygon","coordinates":[[[[-81.67203,41.277245],[-81.670509,41.277253],[-81.670198,41.277254],[-81.663251,41.277292],[-81.661996,41.277319],[-81.661801,41.277323],[-81.661144,41.277315],[-81.649596,41.277406],[-81.647952,41.277417],[-81.647156,41.277421],[-81.642615,41.277449],[-81.641995,41.277454],[-81.64146,41.277457],[-81.639089,41.277471],[-81.638708,41.277473],[-81.638547,41.277474],[-81.637848,41.277478],[-81.637844,41.277051],[-81.637839,41.276268],[-81.637838,41.276064],[-81.637819,41.274895],[-81.637816,41.274712],[-81.637806,41.274079],[-81.637674,41.266487],[-81.637675,41.265465],[-81.637644,41.264752],[-81.637646,41.260163],[-81.637644,41.258741],[-81.637641,41.254147],[-81.645245,41.254152],[-81.645244,41.255252],[-81.640881,41.255179],[-81.640882,41.257832],[-81.639246,41.2578],[-81.639289,41.258253],[-81.639677,41.258933],[-81.640194,41.259741],[-81.640667,41.260032],[-81.640667,41.261035],[-81.642389,41.261035],[-81.643122,41.262329],[-81.638639,41.262353],[-81.638732,41.26259],[-81.638803,41.262788],[-81.638863,41.262956],[-81.639274,41.264047],[-81.639453,41.264503],[-81.639609,41.26492],[-81.639741,41.265306],[-81.639793,41.265527],[-81.639842,41.265811],[-81.639897,41.266184],[-81.639913,41.266266],[-81.639954,41.266429],[-81.651743,41.266429],[-81.651719,41.268793],[-81.660311,41.268974],[-81.660334,41.26764],[-81.663368,41.26764],[-81.663365,41.267797],[-81.663344,41.26852],[-81.665941,41.268499],[-81.665963,41.263525],[-81.66349,41.263503],[-81.663501,41.263047],[-81.663379,41.263048],[-81.661855,41.263045],[-81.660463,41.263045],[-81.660465,41.262555],[-81.660469,41.261945],[-81.660471,41.261456],[-81.660471,41.26129],[-81.660086,41.261291],[-81.656454,41.261295],[-81.655615,41.261297],[-81.65544,41.261296],[-81.655447,41.260975],[-81.655489,41.25946],[-81.655617,41.25589],[-81.655635,41.255413],[-81.656602,41.255428],[-81.657953,41.25545],[-81.657944,41.256756],[-81.662345,41.256629],[-81.662386,41.255519],[-81.664548,41.255557],[-81.667191,41.255552],[-81.665743,41.253997],[-81.665487,41.253687],[-81.665315,41.253463],[-81.665352,41.252547],[-81.665368,41.252156],[-81.665381,41.251863],[-81.665362,41.249457],[-81.665356,41.247962],[-81.665352,41.247133],[-81.665347,41.245976],[-81.665342,41.245752],[-81.66655,41.245784],[-81.666634,41.245787],[-81.667632,41.245755],[-81.667745,41.23959],[-81.667442,41.239589],[-81.666693,41.239592],[-81.665065,41.239593],[-81.66495,41.239594],[-81.665151,41.234873],[-81.668553,41.234961],[-81.668557,41.232529],[-81.66238,41.232476],[-81.662371,41.231576],[-81.662365,41.230901],[-81.662448,41.224947],[-81.663092,41.224949],[-81.663552,41.224951],[-81.665447,41.224957],[-81.665586,41.224113],[-81.66559,41.220393],[-81.665126,41.220392],[-81.665146,41.217553],[-81.664371,41.217514],[-81.661191,41.217354],[-81.654667,41.217302],[-81.654674,41.215827],[-81.654674,41.215471],[-81.65443,41.202186],[-81.654731,41.202186],[-81.657549,41.202166],[-81.658256,41.202156],[-81.660091,41.202147],[-81.661745,41.202135],[-81.663,41.202131],[-81.665526,41.202116],[-81.666093,41.20212],[-81.66663,41.202119],[-81.671631,41.202117],[-81.672897,41.202117],[-81.675901,41.202119],[-81.676502,41.20212],[-81.676782,41.202121],[-81.678484,41.202118],[-81.680104,41.202123],[-81.680501,41.202125],[-81.681004,41.202122],[-81.681456,41.20212],[-81.682443,41.20212],[-81.683175,41.202119],[-81.684328,41.20213],[-81.685645,41.20213],[-81.685547,41.208552],[-81.685575,41.208944],[-81.685654,41.209977],[-81.685653,41.210072],[-81.685447,41.219552],[-81.685452,41.224384],[-81.685451,41.224445],[-81.685354,41.23752],[-81.685321,41.23945],[-81.68532,41.239587],[-81.685281,41.245822],[-81.685256,41.24962],[-81.685179,41.260937],[-81.685179,41.261029],[-81.685026,41.271208],[-81.684952,41.277109],[-81.68495,41.277125],[-81.684949,41.277144],[-81.684935,41.277144],[-81.684858,41.27714],[-81.684768,41.277137],[-81.684641,41.27713],[-81.68462,41.277129],[-81.68458,41.277127],[-81.684409,41.277123],[-81.684358,41.277123],[-81.684251,41.277124],[-81.681758,41.277144],[-81.67938,41.277165],[-81.679236,41.277167],[-81.678127,41.277179],[-81.676879,41.277192],[-81.674165,41.277221],[-81.67203,41.277245]]],[[[-81.647972,41.256223],[-81.647233,41.256223],[-81.647252,41.255283],[-81.648549,41.255303],[-81.650973,41.255341],[-81.650973,41.255974],[-81.64982,41.255951],[-81.649868,41.260397],[-81.649263,41.260365],[-81.649377,41.258649],[-81.647843,41.25859],[-81.647972,41.256223]]]]}},{"type":"Feature","properties":{"id":"RICHFIELD TWP Z","subdivision":"richfield_township"},"geometry":{"type":"MultiPolygon","coordinates":[[[[-81.614228,41.204675],[-81.61421,41.205553],[-81.614209,41.205849],[-81.614202,41.206769],[-81.614204,41.207434],[-81.614188,41.208766],[-81.614184,41.208907],[-81.614187,41.209436],[-81.614175,41.210132],[-81.612087,41.21012],[-81.611642,41.209853],[-81.611037,41.210274],[-81.611345,41.210562],[-81.611404,41.210659],[-81.61191,41.211026],[-81.611986,41.211113],[-81.611993,41.211209],[-81.612231,41.211129],[-81.613131,41.210711],[-81.614146,41.210766],[-81.614063,41.211705],[-81.614041,41.211916],[-81.613978,41.21282],[-81.611803,41.212816],[-81.611808,41.213403],[-81.613942,41.213403],[-81.613836,41.214996],[-81.613819,41.215334],[-81.613799,41.215602],[-81.613768,41.215899],[-81.613747,41.216026],[-81.613714,41.216151],[-81.613481,41.216823],[-81.613423,41.217],[-81.613319,41.217391],[-81.613298,41.217578],[-81.613286,41.217764],[-81.613265,41.218472],[-81.613265,41.2187],[-81.613254,41.219228],[-81.613257,41.219411],[-81.613251,41.21958],[-81.613242,41.220411],[-81.613242,41.220866],[-81.613637,41.220867],[-81.614075,41.220868],[-81.61424,41.220873],[-81.614411,41.220885],[-81.614571,41.220901],[-81.614832,41.220941],[-81.615312,41.22102],[-81.615819,41.221104],[-81.615902,41.221117],[-81.616596,41.22123],[-81.616894,41.221274],[-81.617022,41.221286],[-81.617236,41.221292],[-81.617467,41.221284],[-81.617592,41.22127],[-81.61773,41.221248],[-81.617867,41.221219],[-81.61825,41.221111],[-81.618422,41.221054],[-81.618673,41.220972],[-81.619075,41.220836],[-81.619193,41.220801],[-81.619324,41.22077],[-81.619435,41.220752],[-81.619682,41.220726],[-81.619835,41.220719],[-81.619948,41.220718],[-81.620082,41.220726],[-81.620538,41.220769],[-81.621136,41.220826],[-81.621431,41.220856],[-81.621675,41.220871],[-81.621822,41.220876],[-81.621996,41.220875],[-81.624288,41.220782],[-81.624989,41.220752],[-81.625689,41.220728],[-81.62574,41.220726],[-81.626038,41.22072],[-81.626364,41.220708],[-81.626813,41.220692],[-81.627649,41.220657],[-81.628336,41.220626],[-81.628312,41.221436],[-81.627793,41.221436],[-81.627613,41.222917],[-81.62766,41.223759],[-81.627721,41.224847],[-81.627949,41.226923],[-81.629196,41.226796],[-81.629337,41.226782],[-81.629894,41.226419],[-81.630768,41.22618],[-81.63259,41.225745],[-81.63274,41.225709],[-81.63347,41.2254],[-81.634613,41.224866],[-81.635595,41.224367],[-81.636558,41.223878],[-81.636555,41.224183],[-81.636551,41.224558],[-81.636548,41.224857],[-81.635456,41.225374],[-81.634473,41.225876],[-81.634053,41.22618],[-81.633428,41.226633],[-81.633201,41.226796],[-81.631954,41.227343],[-81.63165,41.227879],[-81.630875,41.229251],[-81.630103,41.230328],[-81.629348,41.231445],[-81.629302,41.231478],[-81.628662,41.231971],[-81.628495,41.233398],[-81.628565,41.23411],[-81.628593,41.234781],[-81.628652,41.235284],[-81.628802,41.237416],[-81.628831,41.238756],[-81.628576,41.238764],[-81.628173,41.238764],[-81.628058,41.237607],[-81.627914,41.2363],[-81.627817,41.235499],[-81.627677,41.233955],[-81.627484,41.233398],[-81.62741,41.233179],[-81.627366,41.233072],[-81.627261,41.232873],[-81.627192,41.232757],[-81.627103,41.232632],[-81.626894,41.232394],[-81.626814,41.232312],[-81.626706,41.232214],[-81.62646,41.232013],[-81.626235,41.231838],[-81.625763,41.231483],[-81.624409,41.231474],[-81.6244,41.230351],[-81.624323,41.230239],[-81.624208,41.230045],[-81.624155,41.229913],[-81.623848,41.229977],[-81.623449,41.230048],[-81.623029,41.230111],[-81.618048,41.23072],[-81.61807,41.232838],[-81.616631,41.232855],[-81.616631,41.233548],[-81.618074,41.233527],[-81.618085,41.235856],[-81.617169,41.23607],[-81.61656,41.236384],[-81.616651,41.236484],[-81.61671,41.236457],[-81.617317,41.23616],[-81.618085,41.236004],[-81.618086,41.236041],[-81.618263,41.236039],[-81.620214,41.236027],[-81.62022,41.236935],[-81.620347,41.239563],[-81.6209,41.239486],[-81.622048,41.239338],[-81.622307,41.239305],[-81.622535,41.23928],[-81.622716,41.239266],[-81.623019,41.239256],[-81.6232,41.239257],[-81.62326,41.23926],[-81.623618,41.239276],[-81.62393,41.239304],[-81.623944,41.241968],[-81.623063,41.241987],[-81.619743,41.242059],[-81.619743,41.244253],[-81.619907,41.244709],[-81.619743,41.245353],[-81.619743,41.245653],[-81.620343,41.245653],[-81.621731,41.245829],[-81.621827,41.246357],[-81.624843,41.246364],[-81.628923,41.246386],[-81.629338,41.246388],[-81.635171,41.246665],[-81.631844,41.252873],[-81.631695,41.253147],[-81.631356,41.25527],[-81.631112,41.255771],[-81.630226,41.257709],[-81.629492,41.258776],[-81.628515,41.260148],[-81.627012,41.261668],[-81.626467,41.262123],[-81.62617,41.262389],[-81.626204,41.262728],[-81.622044,41.262749],[-81.622041,41.265305],[-81.622043,41.266852],[-81.622075,41.269315],[-81.626452,41.269336],[-81.626555,41.270615],[-81.626642,41.272644],[-81.626535,41.272938],[-81.626276,41.273646],[-81.622108,41.273655],[-81.622119,41.274476],[-81.625976,41.274477],[-81.625713,41.275197],[-81.623601,41.275191],[-81.620415,41.275144],[-81.620441,41.275166],[-81.620551,41.275246],[-81.620874,41.27546],[-81.621251,41.275703],[-81.615949,41.275835],[-81.615921,41.274837],[-81.609922,41.277378],[-81.610072,41.277498],[-81.609656,41.277494],[-81.604516,41.277449],[-81.602594,41.277463],[-81.600552,41.277478],[-81.595804,41.277513],[-81.592585,41.277536],[-81.590541,41.277551],[-81.590441,41.267051],[-81.590641,41.265552],[-81.590677,41.258279],[-81.590673,41.257089],[-81.590673,41.255113],[-81.590687,41.254007],[-81.590737,41.25376],[-81.590728,41.253466],[-81.590707,41.25137],[-81.590641,41.246753],[-81.590542,41.245336],[-81.590573,41.245027],[-81.590567,41.244958],[-81.590524,41.244092],[-81.590525,41.243275],[-81.59054,41.242454],[-81.59056,41.242363],[-81.590569,41.242284],[-81.590572,41.242205],[-81.590558,41.24124],[-81.59054,41.240514],[-81.590546,41.240045],[-81.590545,41.238993],[-81.590539,41.238603],[-81.59053,41.235943],[-81.590534,41.235255],[-81.59054,41.234192],[-81.59055,41.233628],[-81.590553,41.233007],[-81.590533,41.232898],[-81.59051,41.232851],[-81.590486,41.232822],[-81.590436,41.232785],[-81.590378,41.232756],[-81.590343,41.232745],[-81.590568,41.226694],[-81.59057,41.225061],[-81.590551,41.224342],[-81.590559,41.223721],[-81.590528,41.222134],[-81.590512,41.221692],[-81.590641,41.220253],[-81.590541,41.215953],[-81.590641,41.215553],[-81.590548,41.21511],[-81.590441,41.209153],[-81.590441,41.206965],[-81.590441,41.206253],[-81.590445,41.205785],[-81.590441,41.202653],[-81.597741,41.202653],[-81.604175,41.202609],[-81.604402,41.202593],[-81.604588,41.202587],[-81.605244,41.202581],[-81.605945,41.20258],[-81.606458,41.202573],[-81.606536,41.202572],[-81.607086,41.202571],[-81.608788,41.20255],[-81.609661,41.202549],[-81.611385,41.202531],[-81.611441,41.202531],[-81.61272,41.202524],[-81.612952,41.202521],[-81.614259,41.202507],[-81.61423,41.202817],[-81.614226,41.202933],[-81.614229,41.203385],[-81.614222,41.203626],[-81.614228,41.204675]]],[[[-81.625155,41.276773],[-81.625036,41.277179],[-81.62492,41.277555],[-81.618516,41.277556],[-81.615957,41.277556],[-81.615953,41.277299],[-81.615955,41.276145],[-81.621596,41.275925],[-81.622297,41.276377],[-81.622471,41.276496],[-81.622667,41.276615],[-81.622757,41.276655],[-81.6228,41.276674],[-81.622889,41.276703],[-81.623005,41.276734],[-81.623144,41.276756],[-81.623308,41.276765],[-81.624996,41.276773],[-81.625155,41.276773]]]]}},{"type":"Feature","properties":{"id":"RICHFIELD VILL A","subdivision":"richfield_village"},"geometry":{"type":"Polygon","coordinates":[[[-81.637675,41.265465],[-81.637674,41.266487],[-81.637806,41.274079],[-81.637816,41.274712],[-81.637819,41.274895],[-81.637838,41.276064],[-81.637839,41.276268],[-81.637844,41.277051],[-81.637848,41.277478],[-81.636716,41.277485],[-81.636669,41.277485],[-81.636541,41.277486],[-81.636395,41.277488],[-81.636115,41.27749],[-81.635971,41.27749],[-81.627353,41.277541],[-81.625679,41.277551],[-81.62492,41.277555],[-81.625036,41.277179],[-81.625155,41.276773],[-81.624996,41.276773],[-81.623308,41.276765],[-81.623144,41.276756],[-81.623005,41.276734],[-81.622889,41.276703],[-81.6228,41.276674],[-81.622757,41.276655],[-81.622667,41.276615],[-81.622471,41.276496],[-81.622297,41.276377],[-81.621596,41.275925],[-81.615955,41.276145],[-81.615953,41.277299],[-81.615957,41.277556],[-81.610072,41.277498],[-81.609922,41.277378],[-81.615921,41.274837],[-81.615949,41.275835],[-81.621251,41.275703],[-81.620874,41.27546],[-81.620551,41.275246],[-81.620441,41.275166],[-81.620415,41.275144],[-81.623601,41.275191],[-81.625713,41.275197],[-81.625976,41.274477],[-81.622119,41.274476],[-81.622108,41.273655],[-81.626276,41.273646],[-81.626535,41.272938],[-81.626642,41.272644],[-81.626555,41.270615],[-81.626452,41.269336],[-81.622075,41.269315],[-81.622043,41.266852],[-81.622041,41.265305],[-81.622044,41.262749],[-81.626204,41.262728],[-81.62617,41.262389],[-81.626467,41.262123],[-81.627012,41.261668],[-81.628515,41.260148],[-81.629492,41.258776],[-81.630226,41.257709],[-81.631112,41.255771],[-81.631356,41.25527],[-81.631695,41.253147],[-81.632045,41.253147],[-81.632816,41.253146],[-81.633745,41.253133],[-81.634543,41.25311],[-81.634594,41.252891],[-81.634625,41.252665],[-81.635065,41.2526],[-81.635241,41.252579],[-81.635463,41.252572],[-81.636065,41.252583],[-81.636228,41.252592],[-81.636438,41.252612],[-81.636611,41.252633],[-81.636762,41.252659],[-81.637093,41.252695],[-81.637212,41.252701],[-81.637463,41.252703],[-81.637619,41.252696],[-81.637787,41.252682],[-81.637903,41.252668],[-81.638056,41.252644],[-81.638277,41.252599],[-81.638493,41.252544],[-81.638993,41.252391],[-81.639301,41.25229],[-81.639774,41.252123],[-81.640189,41.251993],[-81.640417,41.251929],[-81.640775,41.251859],[-81.640875,41.251847],[-81.641009,41.251837],[-81.641178,41.251832],[-81.641891,41.251851],[-81.642661,41.251889],[-81.643803,41.251928],[-81.644727,41.251965],[-81.645111,41.251977],[-81.645363,41.251981],[-81.645558,41.251978],[-81.645564,41.251838],[-81.645567,41.251119],[-81.645572,41.250002],[-81.645572,41.249698],[-81.645584,41.249013],[-81.645588,41.24826],[-81.646094,41.24826],[-81.646367,41.248247],[-81.646718,41.248215],[-81.647064,41.248157],[-81.647197,41.248131],[-81.647515,41.24805],[-81.647761,41.247972],[-81.647989,41.247887],[-81.648085,41.247845],[-81.648176,41.2478],[-81.648306,41.247745],[-81.648412,41.247693],[-81.64851,41.247636],[-81.649028,41.247359],[-81.649177,41.247266],[-81.649602,41.247035],[-81.649724,41.246964],[-81.649762,41.246941],[-81.649853,41.246896],[-81.649979,41.246824],[-81.650228,41.246707],[-81.650394,41.246642],[-81.650497,41.246612],[-81.650603,41.246589],[-81.65086,41.246549],[-81.650992,41.246536],[-81.651162,41.246525],[-81.651354,41.246518],[-81.651674,41.246516],[-81.652141,41.246507],[-81.652428,41.24651],[-81.653974,41.246492],[-81.654244,41.246504],[-81.654406,41.246526],[-81.654508,41.24655],[-81.654635,41.246589],[-81.654772,41.246642],[-81.654883,41.246699],[-81.654993,41.246765],[-81.655087,41.246834],[-81.655191,41.246931],[-81.655264,41.247015],[-81.655325,41.247101],[-81.655373,41.247187],[-81.655414,41.247282],[-81.655439,41.247365],[-81.655455,41.247453],[-81.65546,41.247607],[-81.655434,41.247764],[-81.655309,41.248316],[-81.655505,41.248339],[-81.655628,41.248343],[-81.655883,41.248333],[-81.656037,41.248317],[-81.656463,41.24825],[-81.65705,41.248144],[-81.65741,41.248084],[-81.657612,41.248072],[-81.657779,41.248072],[-81.657907,41.248078],[-81.658108,41.248101],[-81.658294,41.248138],[-81.658466,41.248184],[-81.658826,41.248303],[-81.658909,41.248321],[-81.65908,41.248343],[-81.660093,41.248343],[-81.660313,41.248334],[-81.660441,41.248316],[-81.660533,41.248293],[-81.660763,41.248209],[-81.66091,41.248145],[-81.661109,41.248052],[-81.661026,41.247938],[-81.660705,41.24754],[-81.660562,41.247354],[-81.660291,41.247004],[-81.65943,41.245901],[-81.658512,41.244724],[-81.65842,41.244607],[-81.658157,41.244264],[-81.657224,41.243057],[-81.657152,41.242964],[-81.657,41.242769],[-81.655982,41.241441],[-81.655426,41.240729],[-81.655064,41.240243],[-81.654683,41.239732],[-81.654651,41.239673],[-81.654914,41.239667],[-81.655195,41.239665],[-81.655258,41.239665],[-81.656632,41.239643],[-81.658216,41.23963],[-81.659638,41.239616],[-81.66077,41.239612],[-81.662284,41.239601],[-81.6641,41.239596],[-81.6646,41.239598],[-81.66484,41.239595],[-81.66495,41.239594],[-81.665065,41.239593],[-81.666693,41.239592],[-81.667442,41.239589],[-81.667745,41.23959],[-81.667632,41.245755],[-81.666634,41.245787],[-81.66655,41.245784],[-81.665342,41.245752],[-81.665347,41.245976],[-81.665352,41.247133],[-81.665356,41.247962],[-81.665362,41.249457],[-81.665381,41.251863],[-81.665368,41.252156],[-81.665352,41.252547],[-81.665315,41.253463],[-81.665487,41.253687],[-81.665743,41.253997],[-81.667191,41.255552],[-81.664548,41.255557],[-81.662386,41.255519],[-81.662345,41.256629],[-81.657944,41.256756],[-81.657953,41.25545],[-81.656602,41.255428],[-81.655635,41.255413],[-81.655617,41.25589],[-81.655489,41.25946],[-81.655447,41.260975],[-81.65544,41.261296],[-81.655615,41.261297],[-81.656454,41.261295],[-81.660086,41.261291],[-81.660471,41.26129],[-81.660471,41.261456],[-81.660469,41.261945],[-81.660465,41.262555],[-81.660463,41.263045],[-81.661855,41.263045],[-81.663379,41.263048],[-81.663501,41.263047],[-81.66349,41.263503],[-81.665963,41.263525],[-81.665941,41.268499],[-81.663344,41.26852],[-81.663365,41.267797],[-81.663368,41.26764],[-81.660334,41.26764],[-81.660311,41.268974],[-81.651719,41.268793],[-81.651743,41.266429],[-81.639954,41.266429],[-81.639913,41.266266],[-81.639897,41.266184],[-81.639842,41.265811],[-81.639793,41.265527],[-81.639741,41.265306],[-81.639609,41.26492],[-81.639453,41.264503],[-81.639274,41.264047],[-81.638863,41.262956],[-81.638803,41.262788],[-81.638732,41.26259],[-81.638639,41.262353],[-81.643122,41.262329],[-81.642389,41.261035],[-81.640667,41.261035],[-81.640667,41.260032],[-81.640194,41.259741],[-81.639677,41.258933],[-81.639289,41.258253],[-81.639246,41.2578],[-81.640882,41.257832],[-81.640881,41.255179],[-81.645244,41.255252],[-81.645245,41.254152],[-81.637641,41.254147],[-81.637644,41.258741],[-81.637646,41.260163],[-81.637644,41.264752],[-81.637675,41.265465]],[[-81.649263,41.260365],[-81.649868,41.260397],[-81.64982,41.255951],[-81.650973,41.255974],[-81.650973,41.255341],[-81.648549,41.255303],[-81.647252,41.255283],[-81.647233,41.256223],[-81.647972,41.256223],[-81.647843,41.25859],[-81.649377,41.258649],[-81.649263,41.260365]]]}},{"type":"Feature","properties":{"id":"RICHFIELD VILL B","subdivision":"richfield_village"},"geometry":{"type":"Polygon","coordinates":[[[-81.626813,41.220692],[-81.626539,41.217986],[-81.626493,41.21744],[-81.626472,41.217037],[-81.626299,41.215226],[-81.626079,41.21331],[-81.625994,41.21246],[-81.625958,41.211871],[-81.62908,41.211849],[-81.629875,41.211847],[-81.629881,41.210507],[-81.63174,41.210494],[-81.633688,41.210485],[-81.634601,41.210471],[-81.634602,41.21006],[-81.634602,41.210029],[-81.634618,41.209969],[-81.634629,41.20995],[-81.634653,41.209926],[-81.634682,41.209906],[-81.634716,41.209891],[-81.634753,41.209881],[-81.634791,41.209877],[-81.635959,41.20987],[-81.636789,41.20987],[-81.638072,41.209863],[-81.638071,41.21098],[-81.638071,41.211519],[-81.638069,41.213053],[-81.638075,41.213583],[-81.638088,41.214756],[-81.638072,41.216468],[-81.638077,41.218186],[-81.63806,41.219014],[-81.63805,41.219445],[-81.638041,41.219898],[-81.638048,41.220494],[-81.638703,41.220539],[-81.639154,41.220609],[-81.639508,41.22072],[-81.639548,41.220737],[-81.639876,41.220873],[-81.640093,41.221009],[-81.640371,41.221217],[-81.640628,41.221462],[-81.641104,41.221985],[-81.641344,41.22225],[-81.647571,41.219251],[-81.648777,41.218669],[-81.650045,41.222953],[-81.65084,41.223969],[-81.651345,41.226452],[-81.649416,41.226793],[-81.646165,41.227052],[-81.645991,41.227075],[-81.645907,41.227094],[-81.645846,41.227113],[-81.645791,41.227136],[-81.645687,41.227197],[-81.646426,41.22805],[-81.646768,41.228443],[-81.647143,41.228872],[-81.647905,41.229755],[-81.649659,41.231785],[-81.649999,41.23222],[-81.650833,41.233572],[-81.651345,41.234391],[-81.652436,41.236177],[-81.653087,41.237207],[-81.653297,41.237555],[-81.653681,41.238174],[-81.654056,41.238792],[-81.654077,41.238824],[-81.654254,41.239087],[-81.654651,41.239673],[-81.654683,41.239732],[-81.655064,41.240243],[-81.655426,41.240729],[-81.655982,41.241441],[-81.657,41.242769],[-81.657152,41.242964],[-81.657224,41.243057],[-81.658157,41.244264],[-81.65842,41.244607],[-81.658512,41.244724],[-81.65943,41.245901],[-81.660291,41.247004],[-81.660562,41.247354],[-81.660705,41.24754],[-81.661026,41.247938],[-81.661109,41.248052],[-81.66091,41.248145],[-81.660763,41.248209],[-81.660533,41.248293],[-81.660441,41.248316],[-81.660313,41.248334],[-81.660093,41.248343],[-81.65908,41.248343],[-81.658909,41.248321],[-81.658826,41.248303],[-81.658466,41.248184],[-81.658294,41.248138],[-81.658108,41.248101],[-81.657907,41.248078],[-81.657779,41.248072],[-81.657612,41.248072],[-81.65741,41.248084],[-81.65705,41.248144],[-81.656463,41.24825],[-81.656037,41.248317],[-81.655883,41.248333],[-81.655628,41.248343],[-81.655505,41.248339],[-81.655309,41.248316],[-81.655434,41.247764],[-81.65546,41.247607],[-81.655455,41.247453],[-81.655439,41.247365],[-81.655414,41.247282],[-81.655373,41.247187],[-81.655325,41.247101],[-81.655264,41.247015],[-81.655191,41.246931],[-81.655087,41.246834],[-81.654993,41.246765],[-81.654883,41.246699],[-81.654772,41.246642],[-81.654635,41.246589],[-81.654508,41.24655],[-81.654406,41.246526],[-81.654244,41.246504],[-81.653974,41.246492],[-81.652428,41.24651],[-81.652141,41.246507],[-81.651674,41.246516],[-81.651354,41.246518],[-81.651162,41.246525],[-81.650992,41.246536],[-81.65086,41.246549],[-81.650603,41.246589],[-81.650497,41.246612],[-81.650394,41.246642],[-81.650228,41.246707],[-81.649979,41.246824],[-81.649853,41.246896],[-81.649762,41.246941],[-81.649724,41.246964],[-81.649602,41.247035],[-81.649177,41.247266],[-81.649028,41.247359],[-81.64851,41.247636],[-81.648412,41.247693],[-81.648306,41.247745],[-81.648176,41.2478],[-81.648085,41.247845],[-81.647989,41.247887],[-81.647761,41.247972],[-81.647515,41.24805],[-81.647197,41.248131],[-81.647064,41.248157],[-81.646718,41.248215],[-81.646367,41.248247],[-81.646094,41.24826],[-81.645588,41.24826],[-81.645584,41.249013],[-81.645572,41.249698],[-81.645572,41.250002],[-81.645567,41.251119],[-81.645564,41.251838],[-81.645558,41.251978],[-81.645363,41.251981],[-81.645111,41.251977],[-81.644727,41.251965],[-81.643803,41.251928],[-81.642661,41.251889],[-81.641891,41.251851],[-81.641178,41.251832],[-81.641009,41.251837],[-81.640875,41.251847],[-81.640775,41.251859],[-81.640417,41.251929],[-81.640189,41.251993],[-81.639774,41.252123],[-81.639301,41.25229],[-81.638993,41.252391],[-81.638493,41.252544],[-81.638277,41.252599],[-81.638056,41.252644],[-81.637903,41.252668],[-81.637787,41.252682],[-81.637619,41.252696],[-81.637463,41.252703],[-81.637212,41.252701],[-81.637093,41.252695],[-81.636762,41.252659],[-81.636611,41.252633],[-81.636438,41.252612],[-81.636228,41.252592],[-81.636065,41.252583],[-81.635463,41.252572],[-81.635241,41.252579],[-81.635065,41.2526],[-81.634625,41.252665],[-81.634594,41.252891],[-81.634543,41.25311],[-81.633745,41.253133],[-81.632816,41.253146],[-81.632045,41.253147],[-81.631695,41.253147],[-81.631844,41.252873],[-81.635171,41.246665],[-81.629338,41.246388],[-81.628923,41.246386],[-81.624843,41.246364],[-81.621827,41.246357],[-81.621731,41.245829],[-81.620343,41.245653],[-81.619743,41.245653],[-81.619743,41.245353],[-81.619907,41.244709],[-81.619743,41.244253],[-81.619743,41.242059],[-81.623063,41.241987],[-81.623944,41.241968],[-81.62393,41.239304],[-81.623618,41.239276],[-81.62326,41.23926],[-81.6232,41.239257],[-81.623019,41.239256],[-81.622716,41.239266],[-81.622535,41.23928],[-81.622307,41.239305],[-81.622048,41.239338],[-81.6209,41.239486],[-81.620347,41.239563],[-81.62022,41.236935],[-81.620214,41.236027],[-81.618263,41.236039],[-81.618086,41.236041],[-81.618085,41.236004],[-81.617317,41.23616],[-81.61671,41.236457],[-81.616651,41.236484],[-81.61656,41.236384],[-81.617169,41.23607],[-81.618085,41.235856],[-81.618074,41.233527],[-81.616631,41.233548],[-81.616631,41.232855],[-81.61807,41.232838],[-81.618048,41.23072],[-81.623029,41.230111],[-81.623449,41.230048],[-81.623848,41.229977],[-81.624155,41.229913],[-81.624208,41.230045],[-81.624323,41.230239],[-81.6244,41.230351],[-81.624409,41.231474],[-81.625763,41.231483],[-81.626235,41.231838],[-81.62646,41.232013],[-81.626706,41.232214],[-81.626814,41.232312],[-81.626894,41.232394],[-81.627103,41.232632],[-81.627192,41.232757],[-81.627261,41.232873],[-81.627366,41.233072],[-81.62741,41.233179],[-81.627484,41.233398],[-81.627677,41.233955],[-81.627817,41.235499],[-81.627914,41.2363],[-81.628058,41.237607],[-81.628173,41.238764],[-81.628576,41.238764],[-81.628831,41.238756],[-81.628802,41.237416],[-81.628652,41.235284],[-81.628593,41.234781],[-81.628565,41.23411],[-81.628495,41.233398],[-81.628662,41.231971],[-81.629302,41.231478],[-81.629348,41.231445],[-81.630103,41.230328],[-81.630875,41.229251],[-81.63165,41.227879],[-81.631954,41.227343],[-81.633201,41.226796],[-81.633428,41.226633],[-81.634053,41.22618],[-81.634473,41.225876],[-81.635456,41.225374],[-81.636548,41.224857],[-81.636551,41.224558],[-81.636555,41.224183],[-81.636558,41.223878],[-81.635595,41.224367],[-81.634613,41.224866],[-81.63347,41.2254],[-81.63274,41.225709],[-81.63259,41.225745],[-81.630768,41.22618],[-81.629894,41.226419],[-81.629337,41.226782],[-81.629196,41.226796],[-81.627949,41.226923],[-81.627721,41.224847],[-81.62766,41.223759],[-81.627613,41.222917],[-81.627793,41.221436],[-81.628312,41.221436],[-81.628336,41.220626],[-81.627649,41.220657],[-81.626813,41.220692]]]}},{"type":"Feature","properties":{"id":"RICHFIELD VILL C","subdivision":"richfield_village"},"geometry":{"type":"Polygon","coordinates":[[[-81.654001,41.202186],[-81.65443,41.202186],[-81.654674,41.215471],[-81.654674,41.215827],[-81.654667,41.217302],[-81.661191,41.217354],[-81.664371,41.217514],[-81.665146,41.217553],[-81.665126,41.220392],[-81.66559,41.220393],[-81.665586,41.224113],[-81.665447,41.224957],[-81.663552,41.224951],[-81.663092,41.224949],[-81.662448,41.224947],[-81.662365,41.230901],[-81.662371,41.231576],[-81.66238,41.232476],[-81.668557,41.232529],[-81.668553,41.234961],[-81.665151,41.234873],[-81.66495,41.239594],[-81.66484,41.239595],[-81.6646,41.239598],[-81.6641,41.239596],[-81.662284,41.239601],[-81.66077,41.239612],[-81.659638,41.239616],[-81.658216,41.23963],[-81.656632,41.239643],[-81.655258,41.239665],[-81.655195,41.239665],[-81.654914,41.239667],[-81.654651,41.239673],[-81.654254,41.239087],[-81.654077,41.238824],[-81.654056,41.238792],[-81.653681,41.238174],[-81.653297,41.237555],[-81.653087,41.237207],[-81.652436,41.236177],[-81.651345,41.234391],[-81.650833,41.233572],[-81.649999,41.23222],[-81.649659,41.231785],[-81.647905,41.229755],[-81.647143,41.228872],[-81.646768,41.228443],[-81.646426,41.22805],[-81.645687,41.227197],[-81.645791,41.227136],[-81.645846,41.227113],[-81.645907,41.227094],[-81.645991,41.227075],[-81.646165,41.227052],[-81.649416,41.226793],[-81.651345,41.226452],[-81.65084,41.223969],[-81.650045,41.222953],[-81.648777,41.218669],[-81.647571,41.219251],[-81.641344,41.22225],[-81.641104,41.221985],[-81.640628,41.221462],[-81.640371,41.221217],[-81.640093,41.221009],[-81.639876,41.220873],[-81.639548,41.220737],[-81.639508,41.22072],[-81.639154,41.220609],[-81.638703,41.220539],[-81.638048,41.220494],[-81.638041,41.219898],[-81.63805,41.219445],[-81.63806,41.219014],[-81.638077,41.218186],[-81.638072,41.216468],[-81.638088,41.214756],[-81.638075,41.213583],[-81.638069,41.213053],[-81.638071,41.211519],[-81.638071,41.21098],[-81.638072,41.209863],[-81.636789,41.20987],[-81.635959,41.20987],[-81.634791,41.209877],[-81.634753,41.209881],[-81.634716,41.209891],[-81.634682,41.209906],[-81.634653,41.209926],[-81.634629,41.20995],[-81.634618,41.209969],[-81.634602,41.210029],[-81.634602,41.21006],[-81.634601,41.210471],[-81.633688,41.210485],[-81.63174,41.210494],[-81.629881,41.210507],[-81.629875,41.211847],[-81.62908,41.211849],[-81.625958,41.211871],[-81.625994,41.21246],[-81.626079,41.21331],[-81.626299,41.215226],[-81.626472,41.217037],[-81.626493,41.21744],[-81.626539,41.217986],[-81.626813,41.220692],[-81.626364,41.220708],[-81.626038,41.22072],[-81.62574,41.220726],[-81.625689,41.220728],[-81.624989,41.220752],[-81.624288,41.220782],[-81.621996,41.220875],[-81.621822,41.220876],[-81.621675,41.220871],[-81.621431,41.220856],[-81.621136,41.220826],[-81.620538,41.220769],[-81.620082,41.220726],[-81.619948,41.220718],[-81.619835,41.220719],[-81.619682,41.220726],[-81.619435,41.220752],[-81.619324,41.22077],[-81.619193,41.220801],[-81.619075,41.220836],[-81.618673,41.220972],[-81.618422,41.221054],[-81.61825,41.221111],[-81.617867,41.221219],[-81.61773,41.221248],[-81.617592,41.22127],[-81.617467,41.221284],[-81.617236,41.221292],[-81.617022,41.221286],[-81.616894,41.221274],[-81.616596,41.22123],[-81.615902,41.221117],[-81.615819,41.221104],[-81.615312,41.22102],[-81.614832,41.220941],[-81.614571,41.220901],[-81.614411,41.220885],[-81.61424,41.220873],[-81.614075,41.220868],[-81.613637,41.220867],[-81.613242,41.220866],[-81.613242,41.220411],[-81.613251,41.21958],[-81.613257,41.219411],[-81.613254,41.219228],[-81.613265,41.2187],[-81.613265,41.218472],[-81.613286,41.217764],[-81.613298,41.217578],[-81.613319,41.217391],[-81.613423,41.217],[-81.613481,41.216823],[-81.613714,41.216151],[-81.613747,41.216026],[-81.613768,41.215899],[-81.613799,41.215602],[-81.613819,41.215334],[-81.613836,41.214996],[-81.613942,41.213403],[-81.611808,41.213403],[-81.611803,41.212816],[-81.613978,41.21282],[-81.614041,41.211916],[-81.614063,41.211705],[-81.614146,41.210766],[-81.613131,41.210711],[-81.612231,41.211129],[-81.611993,41.211209],[-81.611986,41.211113],[-81.61191,41.211026],[-81.611404,41.210659],[-81.611345,41.210562],[-81.611037,41.210274],[-81.611642,41.209853],[-81.612087,41.21012],[-81.614175,41.210132],[-81.614187,41.209436],[-81.614184,41.208907],[-81.614188,41.208766],[-81.614204,41.207434],[-81.614202,41.206769],[-81.614209,41.205849],[-81.61421,41.205553],[-81.614228,41.204675],[-81.614222,41.203626],[-81.614229,41.203385],[-81.614226,41.202933],[-81.61423,41.202817],[-81.614259,41.202507],[-81.616086,41.202483],[-81.616643,41.202481],[-81.618252,41.202464],[-81.618728,41.202466],[-81.621496,41.202442],[-81.622337,41.20243],[-81.622699,41.20243],[-81.625426,41.202405],[-81.625836,41.202402],[-81.625984,41.202401],[-81.629909,41.202358],[-81.63051,41.202352],[-81.631843,41.202339],[-81.632529,41.202336],[-81.633201,41.202331],[-81.634574,41.202312],[-81.63502,41.202309],[-81.635863,41.202304],[-81.636542,41.202296],[-81.637235,41.202295],[-81.63756,41.2023],[-81.638033,41.202285],[-81.638966,41.202285],[-81.641582,41.202264],[-81.641786,41.202262],[-81.643204,41.202254],[-81.644644,41.202251],[-81.645191,41.202247],[-81.647389,41.202231],[-81.647688,41.202229],[-81.647792,41.202229],[-81.648964,41.202224],[-81.649262,41.202221],[-81.649929,41.202216],[-81.651818,41.202202],[-81.653168,41.202192],[-81.654001,41.202186]]]}}]}