{"type":"FeatureCollection","features":[{"type":"Feature","properties":{"id":"barberton","subdivision":"barberton"},"geometry":{"type":"Polygon","coordinates":[[[-81.636335,41.000458],[-81.638249,41.000472],[-81.638254,41.00034],[-81.638261,41.000153],[-81.63858,40.997853],[-81.638563,40.997792],[-81.63853,40.997676],[-81.638446,40.997422],[-81.63833,40.997106],[-81.638201,40.996795],[-81.637862,40.996051],[-81.63778,40.99587],[-81.637737,40.995773],[-81.637435,40.995097],[-81.636899,40.993914],[-81.636866,40.993844],[-81.638046,40.993853],[-81.637446,40.991853],[-81.638146,40.991853],[-81.638146,40.990753],[-81.637746,40.990853],[-81.637849,40.98857],[-81.639078,40.988568],[-81.63968,40.988565],[-81.639906,40.988563],[-81.642712,40.988568],[-81.64287,40.988568],[-81.643324,40.988567],[-81.644191,40.988555],[-81.645934,40.988555],[-81.646849,40.988558],[-81.646846,40.9917],[-81.646846,40.991853],[-81.646938,40.992563],[-81.646986,40.992559],[-81.648355,40.99256],[-81.648567,40.992523],[-81.648782,40.992745],[-81.649212,40.993161],[-81.649316,40.993317],[-81.649357,40.99346],[-81.649365,40.993487],[-81.649353,40.993654],[-81.650547,40.993653],[-81.650647,40.995953],[-81.649947,40.995853],[-81.649947,40.995913],[-81.649947,40.996753],[-81.649947,40.999552],[-81.649852,40.999552],[-81.649829,41.000577],[-81.649556,41.000749],[-81.649489,41.000791],[-81.649095,41.001033],[-81.649872,41.001745],[-81.648706,41.002041],[-81.64872,41.00213],[-81.648733,41.002288],[-81.647747,41.002308],[-81.64472,41.003749],[-81.644403,41.003743],[-81.643768,41.003724],[-81.643696,41.003714],[-81.643596,41.00368],[-81.643282,41.003822],[-81.643291,41.004513],[-81.642149,41.004943],[-81.639457,41.006112],[-81.639446,41.006253],[-81.639346,41.008253],[-81.639277,41.009731],[-81.639268,41.009921],[-81.639246,41.010553],[-81.639246,41.01465],[-81.639191,41.015514],[-81.639189,41.016067],[-81.638474,41.016066],[-81.63554,41.015992],[-81.634756,41.015972],[-81.634697,41.017797],[-81.633474,41.017797],[-81.633443,41.017797],[-81.630249,41.017795],[-81.630248,41.016898],[-81.628653,41.016884],[-81.628571,41.016842],[-81.628498,41.016908],[-81.627928,41.017405],[-81.627564,41.017722],[-81.627655,41.017819],[-81.627745,41.018641],[-81.627769,41.018922],[-81.627048,41.01915],[-81.627056,41.019348],[-81.627054,41.020161],[-81.627059,41.020466],[-81.625284,41.020373],[-81.625265,41.020955],[-81.625143,41.025594],[-81.625128,41.025955],[-81.624832,41.025951],[-81.624554,41.025951],[-81.621588,41.025949],[-81.615832,41.025852],[-81.614244,41.025853],[-81.613843,41.025849],[-81.609645,41.025851],[-81.609448,41.029781],[-81.608976,41.029783],[-81.60597,41.02984],[-81.605972,41.029907],[-81.603437,41.029953],[-81.601843,41.029953],[-81.601943,41.028553],[-81.599241,41.028554],[-81.59917,41.029268],[-81.599145,41.029554],[-81.599086,41.032679],[-81.599098,41.033235],[-81.599045,41.034123],[-81.59897,41.034977],[-81.59904,41.035906],[-81.598553,41.035903],[-81.596483,41.035877],[-81.594375,41.035953],[-81.592378,41.035953],[-81.592348,41.035852],[-81.592276,41.035571],[-81.589443,41.035354],[-81.589378,41.036184],[-81.589242,41.037853],[-81.589323,41.038812],[-81.589339,41.03901],[-81.589343,41.039054],[-81.589157,41.041098],[-81.589143,41.041252],[-81.589242,41.041453],[-81.587742,41.041553],[-81.586741,41.041453],[-81.585841,41.041353],[-81.584841,41.041353],[-81.583841,41.041253],[-81.582241,41.041353],[-81.582193,41.039637],[-81.581789,41.03964],[-81.580063,41.039624],[-81.579531,41.039609],[-81.578549,41.039602],[-81.577496,41.039586],[-81.577584,41.039351],[-81.577761,41.038798],[-81.577969,41.038621],[-81.57814,41.038455],[-81.578292,41.038183],[-81.578687,41.037478],[-81.578858,41.037179],[-81.578962,41.036813],[-81.578776,41.03633],[-81.577871,41.036329],[-81.577323,41.03634],[-81.576525,41.036336],[-81.576535,41.03597],[-81.57654,41.035657],[-81.576542,41.035524],[-81.576549,41.035463],[-81.57658,41.034885],[-81.576692,41.032563],[-81.576706,41.031786],[-81.576719,41.03105],[-81.576736,41.030311],[-81.576782,41.029982],[-81.576794,41.029738],[-81.576793,41.029661],[-81.576777,41.029627],[-81.576752,41.029599],[-81.576718,41.029576],[-81.576679,41.02956],[-81.576633,41.029552],[-81.576647,41.02829],[-81.576665,41.028028],[-81.577169,41.028127],[-81.579041,41.028953],[-81.578954,41.027577],[-81.578941,41.026653],[-81.57894,41.024787],[-81.57894,41.024265],[-81.57894,41.023559],[-81.57894,41.022753],[-81.578949,41.022582],[-81.578984,41.021904],[-81.578223,41.021867],[-81.57821,41.02231],[-81.578189,41.022589],[-81.577306,41.022589],[-81.577306,41.021847],[-81.577041,41.021853],[-81.576596,41.021861],[-81.576619,41.021803],[-81.576618,41.020595],[-81.576517,41.020597],[-81.576417,41.020596],[-81.576274,41.020595],[-81.575871,41.020598],[-81.575386,41.02059],[-81.575313,41.020589],[-81.575016,41.020588],[-81.574424,41.020587],[-81.574025,41.020578],[-81.573505,41.020573],[-81.57344,41.020576],[-81.573397,41.020583],[-81.573357,41.020596],[-81.573312,41.020616],[-81.573261,41.020645],[-81.573232,41.020673],[-81.573216,41.020701],[-81.573214,41.020748],[-81.572395,41.020745],[-81.572313,41.019469],[-81.567913,41.019414],[-81.567934,41.01816],[-81.567869,41.01817],[-81.567743,41.018182],[-81.567593,41.018189],[-81.567351,41.018188],[-81.567188,41.018175],[-81.567025,41.018157],[-81.566777,41.018141],[-81.565847,41.018141],[-81.565337,41.018042],[-81.564871,41.01786],[-81.56466,41.017634],[-81.564556,41.017387],[-81.564482,41.017281],[-81.564429,41.017203],[-81.563507,41.01719],[-81.563518,41.015378],[-81.563524,41.01439],[-81.563542,41.014285],[-81.563539,41.013366],[-81.56353,41.010476],[-81.564273,41.01047],[-81.565266,41.010468],[-81.565821,41.010464],[-81.566047,41.010466],[-81.566399,41.010462],[-81.566516,41.010464],[-81.567556,41.010458],[-81.568884,41.010451],[-81.569076,41.01045],[-81.569914,41.010453],[-81.569882,41.010421],[-81.56971,41.010252],[-81.573741,41.010253],[-81.573845,41.007858],[-81.573841,41.003925],[-81.573841,41.003253],[-81.572542,41.003253],[-81.572536,40.999612],[-81.573133,40.999609],[-81.573324,40.999605],[-81.574968,40.9996],[-81.575909,40.999593],[-81.577189,40.999583],[-81.577567,40.999585],[-81.578478,40.999573],[-81.578478,40.998365],[-81.579284,40.998365],[-81.579284,40.99957],[-81.580559,40.999563],[-81.580979,40.999557],[-81.582244,40.999553],[-81.582838,40.999546],[-81.582847,40.998489],[-81.583359,40.99849],[-81.583771,40.998493],[-81.583755,40.99953],[-81.583884,40.999527],[-81.584267,40.999525],[-81.584837,40.999515],[-81.58519,40.999513],[-81.585524,40.999513],[-81.586009,40.999505],[-81.585204,40.998497],[-81.584439,40.997536],[-81.580778,40.997517],[-81.580714,40.997121],[-81.584112,40.997125],[-81.58231,40.994864],[-81.585213,40.994867],[-81.585186,40.994293],[-81.585093,40.992846],[-81.580705,40.992852],[-81.580538,40.992643],[-81.582248,40.991661],[-81.584348,40.991747],[-81.584338,40.99212],[-81.586372,40.992104],[-81.590139,40.992069],[-81.590148,40.988635],[-81.591549,40.988636],[-81.592046,40.988632],[-81.59217,40.988637],[-81.593067,40.988633],[-81.594798,40.988615],[-81.596208,40.988615],[-81.597418,40.988616],[-81.599842,40.988597],[-81.600551,40.988595],[-81.600809,40.988588],[-81.600727,40.988196],[-81.600348,40.986151],[-81.600319,40.985988],[-81.600294,40.98588],[-81.600276,40.985767],[-81.600272,40.985689],[-81.600271,40.985656],[-81.600275,40.985464],[-81.598725,40.984204],[-81.596182,40.98163],[-81.594469,40.980482],[-81.593993,40.980349],[-81.593925,40.97997],[-81.600462,40.980062],[-81.600481,40.979531],[-81.600528,40.978118],[-81.600571,40.977095],[-81.600585,40.976759],[-81.600613,40.975916],[-81.601899,40.977015],[-81.601927,40.977048],[-81.602235,40.977408],[-81.602694,40.977871],[-81.603429,40.978426],[-81.604073,40.978866],[-81.604594,40.97912],[-81.605328,40.979282],[-81.606094,40.979398],[-81.606761,40.97949],[-81.606994,40.979534],[-81.607255,40.979562],[-81.607312,40.979569],[-81.607652,40.979586],[-81.608491,40.9795],[-81.610601,40.979329],[-81.6106,40.980599],[-81.613049,40.980693],[-81.616245,40.980816],[-81.616273,40.979171],[-81.616612,40.979179],[-81.617388,40.979197],[-81.61807,40.979213],[-81.618647,40.979229],[-81.618512,40.980903],[-81.621145,40.981006],[-81.62111,40.981878],[-81.62099,40.984385],[-81.620989,40.984403],[-81.620978,40.984845],[-81.620972,40.98496],[-81.620915,40.985978],[-81.620897,40.986401],[-81.620885,40.986543],[-81.620874,40.986673],[-81.630029,40.986944],[-81.629987,40.988561],[-81.629438,40.988558],[-81.629315,40.988559],[-81.628813,40.988561],[-81.628624,40.988559],[-81.628277,40.988562],[-81.628061,40.988565],[-81.626755,40.988565],[-81.62569,40.988575],[-81.624553,40.988581],[-81.62325,40.988579],[-81.622628,40.98859],[-81.621978,40.988594],[-81.620645,40.988589],[-81.620418,40.98858],[-81.615585,40.988645],[-81.606153,40.988675],[-81.605444,40.988753],[-81.603964,40.988753],[-81.603006,40.988753],[-81.603342,40.989023],[-81.603664,40.989212],[-81.604994,40.990052],[-81.605,40.990073],[-81.605019,40.990125],[-81.60504,40.990177],[-81.605077,40.990253],[-81.605105,40.990303],[-81.605135,40.990351],[-81.605168,40.990399],[-81.605186,40.990423],[-81.605233,40.990458],[-81.605274,40.990497],[-81.605323,40.990563],[-81.605348,40.99061],[-81.605364,40.990659],[-81.605374,40.99069],[-81.605744,40.990953],[-81.607993,40.994603],[-81.608031,40.994601],[-81.60817,40.994602],[-81.608414,40.994619],[-81.608441,40.994621],[-81.60861,40.994645],[-81.608766,40.994679],[-81.608891,40.994716],[-81.609073,40.994783],[-81.609293,40.994892],[-81.609457,40.994988],[-81.610525,40.995044],[-81.610189,40.996385],[-81.610189,40.9965],[-81.61017,40.996969],[-81.610121,40.998138],[-81.610113,40.998311],[-81.61008,40.998759],[-81.609984,40.999426],[-81.609914,40.999808],[-81.609836,41.00014],[-81.609662,41.000687],[-81.609583,41.000898],[-81.609365,41.001432],[-81.609123,41.001971],[-81.608834,41.002687],[-81.608694,41.003058],[-81.608865,41.003072],[-81.609425,41.003122],[-81.609719,41.003149],[-81.609906,41.003161],[-81.610076,41.003165],[-81.610843,41.003168],[-81.611316,41.003179],[-81.611684,41.003193],[-81.612466,41.003234],[-81.612757,41.003245],[-81.613468,41.003259],[-81.614171,41.003259],[-81.614715,41.003253],[-81.615059,41.003244],[-81.615704,41.00322],[-81.616563,41.003176],[-81.616627,41.00317],[-81.616846,41.003119],[-81.619344,41.002172],[-81.619365,41.000174],[-81.619869,41.000154],[-81.622838,41.000208],[-81.625053,41.000251],[-81.625145,41.000253],[-81.626963,41.000256],[-81.629249,41.000353],[-81.630449,41.000353],[-81.63046,41.000158],[-81.630506,40.999969],[-81.630632,41.000008],[-81.631243,41.000141],[-81.631241,41.000239],[-81.63124,41.000354],[-81.632446,41.000353],[-81.633526,41.000354],[-81.636335,41.000458]]]}},{"type":"Feature","properties":{"id":"bath","subdivision":"bath"},"geometry":{"type":"Polygon","coordinates":[[[-81.593629,41.146695],[-81.593686,41.144606],[-81.594643,41.144594],[-81.595195,41.144587],[-81.597251,41.144561],[-81.597251,41.144573],[-81.597251,41.144627],[-81.597245,41.144918],[-81.597244,41.144973],[-81.597243,41.14506],[-81.597238,41.14533],[-81.597239,41.145427],[-81.597241,41.145652],[-81.596519,41.145642],[-81.59653,41.145411],[-81.596339,41.145405],[-81.596338,41.14537],[-81.596035,41.145371],[-81.596029,41.145698],[-81.596022,41.146125],[-81.596283,41.146125],[-81.59724,41.146127],[-81.597235,41.146325],[-81.597234,41.146354],[-81.597524,41.146357],[-81.598254,41.146364],[-81.600381,41.146445],[-81.600367,41.147272],[-81.600656,41.147272],[-81.600656,41.147272],[-81.600667,41.147509],[-81.601274,41.147507],[-81.601638,41.147505],[-81.601964,41.147504],[-81.602618,41.147502],[-81.603272,41.147499],[-81.603888,41.147497],[-81.603956,41.147497],[-81.603956,41.147497],[-81.603952,41.147271],[-81.603952,41.147271],[-81.603952,41.147271],[-81.603944,41.146809],[-81.60394,41.14647],[-81.603938,41.146348],[-81.603943,41.146284],[-81.603949,41.146254],[-81.603954,41.146221],[-81.603972,41.146158],[-81.603972,41.146158],[-81.60401,41.146064],[-81.604076,41.145964],[-81.60413,41.145902],[-81.604226,41.145818],[-81.604257,41.145797],[-81.604255,41.14458],[-81.608075,41.144477],[-81.608077,41.144736],[-81.608082,41.14524],[-81.608386,41.145236],[-81.608604,41.145235],[-81.608604,41.145235],[-81.609094,41.145232],[-81.610075,41.145219],[-81.610419,41.145216],[-81.610406,41.145162],[-81.610426,41.144442],[-81.614443,41.144426],[-81.616336,41.144421],[-81.616506,41.144714],[-81.616526,41.144194],[-81.617578,41.144187],[-81.617578,41.144187],[-81.617558,41.144445],[-81.617538,41.144541],[-81.617514,41.144659],[-81.617514,41.144659],[-81.617514,41.144659],[-81.617696,41.14476],[-81.61776,41.144797],[-81.617869,41.144832],[-81.618032,41.14485],[-81.618141,41.144852],[-81.618256,41.144851],[-81.619089,41.144842],[-81.619695,41.144837],[-81.62032,41.144832],[-81.620829,41.144831],[-81.620864,41.144831],[-81.620919,41.144828],[-81.620974,41.144818],[-81.62117,41.144765],[-81.62124,41.144747],[-81.621457,41.144887],[-81.622147,41.145304],[-81.622147,41.145304],[-81.622382,41.145451],[-81.622383,41.145451],[-81.622501,41.145525],[-81.623078,41.145873],[-81.623695,41.14546],[-81.624494,41.145466],[-81.625034,41.14547],[-81.625614,41.145859],[-81.626863,41.146656],[-81.627126,41.146823],[-81.627192,41.14703],[-81.626376,41.147189],[-81.626595,41.14805],[-81.626757,41.148149],[-81.627861,41.14883],[-81.628069,41.148958],[-81.628147,41.149006],[-81.628256,41.149073],[-81.628347,41.14913],[-81.628347,41.14913],[-81.628347,41.14913],[-81.628515,41.149234],[-81.629712,41.149982],[-81.62978,41.150027],[-81.63041,41.150422],[-81.63051,41.150348],[-81.630935,41.150065],[-81.63128,41.149855],[-81.631635,41.149655],[-81.633355,41.148728],[-81.633904,41.148437],[-81.635202,41.147746],[-81.635202,41.147746],[-81.635652,41.14775],[-81.636242,41.147755],[-81.636309,41.147756],[-81.636322,41.147756],[-81.636841,41.14776],[-81.63715,41.147757],[-81.637145,41.148216],[-81.637138,41.148725],[-81.637104,41.149882],[-81.637103,41.149906],[-81.637103,41.149915],[-81.637102,41.149956],[-81.637101,41.149988],[-81.6371,41.150005],[-81.6371,41.150005],[-81.6371,41.150005],[-81.637241,41.150044],[-81.637506,41.149963],[-81.637792,41.149905],[-81.637803,41.14988],[-81.642332,41.149423],[-81.642723,41.14602],[-81.643343,41.145683],[-81.643548,41.1462],[-81.644244,41.14589],[-81.644464,41.146125],[-81.648978,41.14363],[-81.648476,41.142066],[-81.648485,41.141806],[-81.648421,41.141599],[-81.649407,41.140634],[-81.649824,41.140342],[-81.649921,41.140226],[-81.65025,41.139961],[-81.650607,41.139781],[-81.650979,41.139699],[-81.651226,41.13967],[-81.651758,41.139723],[-81.652238,41.139782],[-81.652745,41.139871],[-81.653133,41.139871],[-81.65352,41.139939],[-81.653878,41.139916],[-81.654116,41.139782],[-81.654355,41.139625],[-81.654623,41.139401],[-81.654712,41.139199],[-81.65528,41.139199],[-81.655725,41.139199],[-81.655726,41.138728],[-81.65727,41.138747],[-81.65728,41.138226],[-81.657272,41.137653],[-81.657274,41.137383],[-81.6562,41.137368],[-81.656096,41.137369],[-81.65659,41.136462],[-81.656752,41.136172],[-81.655573,41.136216],[-81.654572,41.136502],[-81.654266,41.136791],[-81.653801,41.137228],[-81.654587,41.137704],[-81.65451,41.137839],[-81.654532,41.137871],[-81.654359,41.138189],[-81.654185,41.138621],[-81.653968,41.138916],[-81.653852,41.139272],[-81.653642,41.139458],[-81.653461,41.139584],[-81.652655,41.139535],[-81.65142,41.139316],[-81.651123,41.139324],[-81.651091,41.139331],[-81.651057,41.13934],[-81.651024,41.139349],[-81.651007,41.139327],[-81.650212,41.139602],[-81.649437,41.140275],[-81.647828,41.141239],[-81.646649,41.142035],[-81.641034,41.145768],[-81.639439,41.145713],[-81.63905,41.145714],[-81.638414,41.145715],[-81.637407,41.145716],[-81.637211,41.145718],[-81.637232,41.144857],[-81.635319,41.144849],[-81.631506,41.144835],[-81.631523,41.14348],[-81.629565,41.143474],[-81.629401,41.143476],[-81.629344,41.142153],[-81.629326,41.135848],[-81.62985,41.135824],[-81.630837,41.135823],[-81.630947,41.137095],[-81.633086,41.137113],[-81.633118,41.137448],[-81.633521,41.137425],[-81.633532,41.137116],[-81.634551,41.137097],[-81.634551,41.1372],[-81.635029,41.137229],[-81.635029,41.137177],[-81.635443,41.137154],[-81.635468,41.135821],[-81.635859,41.135821],[-81.637336,41.135835],[-81.63776,41.135839],[-81.638083,41.135843],[-81.638564,41.13585],[-81.63934,41.135861],[-81.642174,41.135913],[-81.643538,41.135907],[-81.64504,41.135918],[-81.646241,41.135924],[-81.646638,41.135925],[-81.650283,41.135929],[-81.650469,41.135929],[-81.650552,41.135929],[-81.650779,41.135929],[-81.65108,41.13593],[-81.652151,41.135931],[-81.652424,41.135931],[-81.654457,41.13594],[-81.655487,41.135946],[-81.655683,41.135947],[-81.656572,41.135951],[-81.65732,41.135955],[-81.658282,41.13595],[-81.659775,41.13595],[-81.66044,41.135951],[-81.661441,41.135953],[-81.661646,41.135952],[-81.662971,41.135944],[-81.664219,41.135952],[-81.6677,41.135952],[-81.669397,41.135956],[-81.670397,41.135952],[-81.670432,41.13595],[-81.671957,41.135926],[-81.673577,41.135881],[-81.674408,41.135857],[-81.675269,41.135839],[-81.676358,41.135822],[-81.676805,41.135818],[-81.679147,41.135821],[-81.680422,41.135837],[-81.681325,41.135857],[-81.682249,41.135887],[-81.683227,41.135913],[-81.68437,41.135936],[-81.686989,41.135954],[-81.686965,41.13702],[-81.686885,41.140591],[-81.686858,41.142496],[-81.686811,41.144775],[-81.686779,41.146334],[-81.686748,41.147865],[-81.686723,41.149047],[-81.686684,41.150456],[-81.686669,41.151004],[-81.686663,41.151202],[-81.686637,41.152011],[-81.686627,41.152338],[-81.686617,41.152945],[-81.686605,41.153666],[-81.686602,41.15387],[-81.686572,41.155681],[-81.686569,41.156001],[-81.686518,41.160626],[-81.68651,41.161195],[-81.686499,41.161928],[-81.68649,41.162533],[-81.686488,41.162677],[-81.686494,41.16274],[-81.686492,41.162845],[-81.686444,41.165345],[-81.686438,41.16563],[-81.686436,41.165826],[-81.686434,41.165989],[-81.686392,41.167957],[-81.686392,41.168021],[-81.686391,41.168117],[-81.686387,41.168554],[-81.686356,41.170082],[-81.686342,41.17074],[-81.686286,41.173537],[-81.686275,41.174431],[-81.686265,41.175257],[-81.686234,41.17675],[-81.686227,41.1771],[-81.686217,41.177544],[-81.686205,41.178105],[-81.68618,41.179346],[-81.686179,41.179415],[-81.686169,41.179906],[-81.686162,41.180252],[-81.686149,41.18098],[-81.686147,41.181101],[-81.686144,41.181302],[-81.686125,41.182388],[-81.68612,41.182655],[-81.686107,41.183425],[-81.686104,41.183603],[-81.686089,41.1845],[-81.686073,41.185755],[-81.68606,41.186915],[-81.686055,41.18732],[-81.68605,41.187848],[-81.686049,41.187976],[-81.686045,41.188316],[-81.686008,41.188347],[-81.685977,41.188373],[-81.685952,41.188394],[-81.68573,41.199091],[-81.685703,41.200451],[-81.685714,41.20057],[-81.685717,41.200608],[-81.685729,41.200755],[-81.685735,41.200817],[-81.685743,41.200902],[-81.685747,41.200953],[-81.685646,41.201955],[-81.685645,41.20213],[-81.684328,41.20213],[-81.683175,41.202119],[-81.682443,41.20212],[-81.681456,41.20212],[-81.681004,41.202122],[-81.680501,41.202125],[-81.680104,41.202123],[-81.678484,41.202118],[-81.676782,41.202121],[-81.676502,41.20212],[-81.675901,41.202119],[-81.672897,41.202117],[-81.671631,41.202117],[-81.66663,41.202119],[-81.666093,41.20212],[-81.665526,41.202116],[-81.663,41.202131],[-81.661745,41.202135],[-81.660091,41.202147],[-81.658256,41.202156],[-81.657549,41.202166],[-81.654731,41.202186],[-81.65443,41.202186],[-81.654001,41.202186],[-81.653168,41.202192],[-81.651818,41.202202],[-81.649929,41.202216],[-81.649262,41.202221],[-81.648964,41.202224],[-81.647792,41.202229],[-81.647688,41.202229],[-81.647389,41.202231],[-81.645191,41.202247],[-81.644644,41.202251],[-81.643204,41.202254],[-81.641786,41.202262],[-81.641582,41.202264],[-81.638966,41.202285],[-81.638033,41.202285],[-81.63756,41.2023],[-81.637235,41.202295],[-81.636542,41.202296],[-81.635863,41.202304],[-81.63502,41.202309],[-81.634574,41.202312],[-81.633201,41.202331],[-81.632529,41.202336],[-81.631843,41.202339],[-81.63051,41.202352],[-81.629909,41.202358],[-81.625984,41.202401],[-81.625836,41.202402],[-81.625426,41.202405],[-81.622699,41.20243],[-81.622337,41.20243],[-81.621496,41.202442],[-81.618728,41.202466],[-81.618252,41.202464],[-81.616643,41.202481],[-81.616086,41.202483],[-81.614259,41.202507],[-81.612952,41.202521],[-81.61272,41.202524],[-81.611441,41.202531],[-81.611385,41.202531],[-81.609661,41.202549],[-81.608788,41.20255],[-81.607086,41.202571],[-81.606536,41.202572],[-81.606458,41.202573],[-81.605945,41.20258],[-81.605244,41.202581],[-81.604588,41.202587],[-81.604402,41.202593],[-81.604175,41.202609],[-81.597741,41.202653],[-81.590441,41.202653],[-81.586641,41.202653],[-81.586542,41.196232],[-81.586741,41.182053],[-81.586753,41.181974],[-81.586818,41.181542],[-81.586839,41.181407],[-81.586893,41.176655],[-81.586929,41.173453],[-81.587051,41.163394],[-81.587141,41.162853],[-81.587196,41.160873],[-81.587219,41.160543],[-81.587222,41.15975],[-81.58722,41.159206],[-81.587232,41.15877],[-81.587223,41.158583],[-81.587243,41.157517],[-81.587239,41.157119],[-81.587246,41.157024],[-81.58725,41.156776],[-81.587263,41.15648],[-81.587262,41.156232],[-81.587262,41.156219],[-81.58728,41.155579],[-81.587271,41.155468],[-81.58727,41.155195],[-81.58727,41.154949],[-81.587292,41.153864],[-81.587287,41.153304],[-81.587291,41.15299],[-81.587287,41.152577],[-81.587288,41.152439],[-81.58729,41.152204],[-81.587297,41.15196],[-81.587302,41.151778],[-81.5873,41.151554],[-81.587299,41.151432],[-81.587308,41.150518],[-81.587299,41.149636],[-81.587302,41.149477],[-81.587324,41.149479],[-81.592106,41.149452],[-81.593002,41.149447],[-81.593428,41.149445],[-81.593485,41.149445],[-81.593496,41.149445],[-81.593615,41.149448],[-81.593629,41.146695]]]}},{"type":"Feature","properties":{"id":"boston_heights","subdivision":"boston_heights"},"geometry":{"type":"Polygon","coordinates":[[[-81.506536,41.226254],[-81.514879,41.226345],[-81.518973,41.226389],[-81.519005,41.230197],[-81.518984,41.232935],[-81.518909,41.239189],[-81.519194,41.244847],[-81.519234,41.244835],[-81.519289,41.244827],[-81.52006,41.244829],[-81.521429,41.244849],[-81.522537,41.244853],[-81.523266,41.244862],[-81.524044,41.244864],[-81.52441,41.24487],[-81.52523,41.244875],[-81.525705,41.244883],[-81.526521,41.244887],[-81.526947,41.244895],[-81.527231,41.244895],[-81.527445,41.244896],[-81.527668,41.244902],[-81.528074,41.244902],[-81.529708,41.244926],[-81.530145,41.244925],[-81.530176,41.244925],[-81.530818,41.244917],[-81.530918,41.24492],[-81.533141,41.244653],[-81.533128,41.245856],[-81.533138,41.250053],[-81.533137,41.252552],[-81.53303,41.254236],[-81.533021,41.256821],[-81.533006,41.257027],[-81.532637,41.262058],[-81.532638,41.262309],[-81.532638,41.270252],[-81.528438,41.270352],[-81.526038,41.270252],[-81.526035,41.270311],[-81.525938,41.272352],[-81.525941,41.272421],[-81.526138,41.277352],[-81.526143,41.277415],[-81.526167,41.277732],[-81.52609,41.277714],[-81.520096,41.277255],[-81.513752,41.277154],[-81.50692,41.277085],[-81.504804,41.277053],[-81.504827,41.277419],[-81.507091,41.277452],[-81.509302,41.282206],[-81.508728,41.28236],[-81.508187,41.282511],[-81.507894,41.282586],[-81.506691,41.282918],[-81.506626,41.282943],[-81.506504,41.282974],[-81.506258,41.283035],[-81.506133,41.282841],[-81.505315,41.28134],[-81.505001,41.280745],[-81.504873,41.280483],[-81.504603,41.279885],[-81.504473,41.279567],[-81.504341,41.279224],[-81.504129,41.278575],[-81.503973,41.278009],[-81.503823,41.27733],[-81.503777,41.27704],[-81.503536,41.277043],[-81.498937,41.277152],[-81.489435,41.27705],[-81.489434,41.275762],[-81.48944,41.275437],[-81.489433,41.274631],[-81.489434,41.273479],[-81.489434,41.273195],[-81.489435,41.273149],[-81.489444,41.271593],[-81.489446,41.271233],[-81.489445,41.2707],[-81.489447,41.26982],[-81.489448,41.269588],[-81.489458,41.26837],[-81.489474,41.267105],[-81.489454,41.26616],[-81.489461,41.26586],[-81.489465,41.26521],[-81.489462,41.265023],[-81.489469,41.264496],[-81.489468,41.263773],[-81.489484,41.263077],[-81.489482,41.263011],[-81.489476,41.262856],[-81.489474,41.262493],[-81.489478,41.262299],[-81.489476,41.261924],[-81.48948,41.261565],[-81.489469,41.261375],[-81.489536,41.260652],[-81.489539,41.260237],[-81.489534,41.258015],[-81.48954,41.257844],[-81.489549,41.257617],[-81.489444,41.255283],[-81.489437,41.252753],[-81.489467,41.24603],[-81.489525,41.233799],[-81.489532,41.232417],[-81.48953,41.232083],[-81.489535,41.231874],[-81.489485,41.229727],[-81.489491,41.229325],[-81.489496,41.229045],[-81.489584,41.229101],[-81.489604,41.229113],[-81.489634,41.227812],[-81.489577,41.225952],[-81.490689,41.226298],[-81.490732,41.22631],[-81.497313,41.22642],[-81.504463,41.226292],[-81.506536,41.226254]]]}},{"type":"Feature","properties":{"id":"boston_twp","subdivision":"boston_twp"},"geometry":{"type":"Polygon","coordinates":[[[-81.586641,41.202653],[-81.590441,41.202653],[-81.590445,41.205785],[-81.590441,41.206253],[-81.590441,41.206965],[-81.590441,41.209153],[-81.590548,41.21511],[-81.590641,41.215553],[-81.590541,41.215953],[-81.590641,41.220253],[-81.590512,41.221692],[-81.590528,41.222134],[-81.590559,41.223721],[-81.590551,41.224342],[-81.59057,41.225061],[-81.590568,41.226694],[-81.590343,41.232745],[-81.590378,41.232756],[-81.590436,41.232785],[-81.590486,41.232822],[-81.59051,41.232851],[-81.590533,41.232898],[-81.590553,41.233007],[-81.59055,41.233628],[-81.59054,41.234192],[-81.590534,41.235255],[-81.59053,41.235943],[-81.590539,41.238603],[-81.590545,41.238993],[-81.590546,41.240045],[-81.59054,41.240514],[-81.590558,41.24124],[-81.590572,41.242205],[-81.590569,41.242284],[-81.59056,41.242363],[-81.59054,41.242454],[-81.590525,41.243275],[-81.590524,41.244092],[-81.590567,41.244958],[-81.590573,41.245027],[-81.590542,41.245336],[-81.590641,41.246753],[-81.590707,41.25137],[-81.590728,41.253466],[-81.590737,41.25376],[-81.590687,41.254007],[-81.590673,41.255113],[-81.590673,41.257089],[-81.590677,41.258279],[-81.590641,41.265552],[-81.590441,41.267051],[-81.590541,41.277551],[-81.58781,41.277591],[-81.587417,41.277597],[-81.584536,41.277639],[-81.579873,41.277706],[-81.579816,41.277707],[-81.571525,41.277826],[-81.569859,41.27785],[-81.568887,41.277852],[-81.568839,41.277855],[-81.565138,41.277755],[-81.55706,41.27775],[-81.55705,41.277789],[-81.557024,41.277849],[-81.557005,41.277877],[-81.556967,41.277911],[-81.55692,41.277938],[-81.556846,41.27796],[-81.556768,41.277969],[-81.556252,41.277953],[-81.555823,41.277934],[-81.55531,41.277971],[-81.555165,41.277977],[-81.55479,41.277969],[-81.554406,41.277943],[-81.553851,41.277881],[-81.553678,41.277869],[-81.553516,41.277864],[-81.553375,41.277864],[-81.552905,41.277889],[-81.55262,41.277889],[-81.551819,41.277856],[-81.551354,41.277822],[-81.550873,41.277776],[-81.550576,41.27776],[-81.550397,41.277756],[-81.549929,41.277731],[-81.549267,41.277718],[-81.548852,41.277706],[-81.548737,41.277699],[-81.548576,41.277676],[-81.548482,41.277661],[-81.548366,41.277635],[-81.54785,41.277503],[-81.547727,41.270732],[-81.547737,41.270252],[-81.544783,41.270353],[-81.544565,41.270329],[-81.544039,41.270262],[-81.543772,41.270256],[-81.543502,41.27027],[-81.543159,41.270295],[-81.532638,41.270252],[-81.532638,41.262309],[-81.532637,41.262058],[-81.533006,41.257027],[-81.533021,41.256821],[-81.53303,41.254236],[-81.533137,41.252552],[-81.546238,41.252652],[-81.548338,41.250353],[-81.549639,41.250053],[-81.549757,41.250053],[-81.552338,41.250053],[-81.556751,41.250242],[-81.571401,41.250215],[-81.5756,41.250208],[-81.575504,41.251248],[-81.577648,41.251359],[-81.577641,41.250047],[-81.577645,41.248554],[-81.577882,41.248552],[-81.578166,41.248533],[-81.57834,41.248516],[-81.578524,41.24849],[-81.578722,41.248455],[-81.579085,41.248376],[-81.58098,41.247903],[-81.581236,41.247833],[-81.58174,41.24771],[-81.583065,41.247378],[-81.58411,41.247109],[-81.584535,41.247005],[-81.58454,41.245318],[-81.58454,41.241053],[-81.58264,41.241953],[-81.58044,41.243253],[-81.576517,41.243253],[-81.575464,41.243253],[-81.57494,41.243253],[-81.57494,41.242453],[-81.57474,41.238453],[-81.571139,41.238353],[-81.567567,41.238613],[-81.567487,41.237637],[-81.567239,41.234253],[-81.567492,41.233148],[-81.568777,41.233108],[-81.569067,41.233114],[-81.570467,41.233089],[-81.571037,41.233065],[-81.571239,41.233059],[-81.570975,41.227226],[-81.575195,41.227149],[-81.575144,41.219773],[-81.570239,41.219153],[-81.569539,41.219153],[-81.561338,41.219253],[-81.560999,41.219254],[-81.56083,41.219253],[-81.560139,41.219253],[-81.558539,41.219253],[-81.557939,41.220053],[-81.556239,41.223353],[-81.555093,41.223747],[-81.553286,41.224368],[-81.553134,41.224603],[-81.553092,41.224801],[-81.553184,41.225019],[-81.553498,41.225313],[-81.553874,41.225539],[-81.553876,41.225603],[-81.553887,41.225909],[-81.553766,41.226113],[-81.553569,41.226232],[-81.55332,41.226359],[-81.553042,41.226401],[-81.552927,41.226418],[-81.552561,41.226377],[-81.552346,41.226253],[-81.552151,41.2261],[-81.551736,41.225914],[-81.551656,41.225923],[-81.551538,41.225953],[-81.550462,41.226831],[-81.549954,41.226831],[-81.54659,41.226838],[-81.546439,41.226825],[-81.546161,41.226815],[-81.544158,41.22682],[-81.544027,41.226814],[-81.542635,41.226819],[-81.542364,41.226821],[-81.54107,41.226825],[-81.540769,41.226826],[-81.533742,41.226859],[-81.532437,41.226553],[-81.532537,41.229553],[-81.532437,41.234353],[-81.532466,41.236683],[-81.53199,41.236481],[-81.531749,41.236386],[-81.531518,41.236303],[-81.531317,41.236236],[-81.531101,41.236173],[-81.530637,41.236055],[-81.530325,41.235988],[-81.529995,41.235925],[-81.529219,41.235787],[-81.527212,41.235439],[-81.526567,41.235312],[-81.525993,41.235181],[-81.525751,41.235111],[-81.525466,41.235036],[-81.525048,41.234911],[-81.524548,41.234752],[-81.524231,41.234638],[-81.523705,41.234439],[-81.523611,41.234402],[-81.522988,41.234159],[-81.522536,41.233987],[-81.522185,41.23386],[-81.521918,41.233768],[-81.521232,41.233547],[-81.520302,41.233283],[-81.519815,41.233152],[-81.518984,41.232935],[-81.519005,41.230197],[-81.518973,41.226389],[-81.514879,41.226345],[-81.506536,41.226254],[-81.504463,41.226292],[-81.497313,41.22642],[-81.490732,41.22631],[-81.490689,41.226298],[-81.489577,41.225952],[-81.48952,41.222318],[-81.489478,41.22003],[-81.489535,41.216834],[-81.489536,41.216754],[-81.489636,41.213854],[-81.489536,41.207254],[-81.489511,41.206222],[-81.489436,41.203054],[-81.489436,41.202961],[-81.489851,41.202959],[-81.49058,41.202956],[-81.491796,41.202965],[-81.492254,41.202964],[-81.493458,41.202971],[-81.494043,41.202969],[-81.494546,41.202975],[-81.494582,41.203093],[-81.494694,41.20334],[-81.494977,41.203869],[-81.495123,41.204128],[-81.495314,41.204491],[-81.495236,41.204748],[-81.495181,41.204875],[-81.495109,41.205037],[-81.494938,41.205427],[-81.494907,41.205501],[-81.495727,41.205517],[-81.495785,41.205974],[-81.495864,41.205976],[-81.497053,41.206381],[-81.497033,41.206688],[-81.494369,41.206681],[-81.494308,41.206799],[-81.494155,41.207084],[-81.494072,41.20724],[-81.497059,41.207238],[-81.500164,41.207235],[-81.501724,41.207217],[-81.502393,41.207209],[-81.504003,41.207194],[-81.505046,41.207198],[-81.5052,41.202931],[-81.507444,41.2029],[-81.511036,41.202853],[-81.511498,41.202854],[-81.511836,41.202853],[-81.516129,41.202605],[-81.517036,41.202553],[-81.530237,41.202853],[-81.538138,41.202853],[-81.538288,41.202847],[-81.540538,41.202753],[-81.550007,41.202656],[-81.55034,41.202653],[-81.552438,41.202753],[-81.556439,41.202853],[-81.564739,41.202853],[-81.568539,41.202753],[-81.56904,41.202753],[-81.57234,41.202753],[-81.572719,41.202753],[-81.572746,41.202753],[-81.573437,41.202855],[-81.573519,41.202852],[-81.58274,41.202853],[-81.583216,41.202797],[-81.584439,41.202654],[-81.58456,41.20266],[-81.586641,41.202653]]]}},{"type":"Feature","properties":{"id":"copley","subdivision":"copley"},"geometry":{"type":"Polygon","coordinates":[[[-81.687624,41.062152],[-81.687624,41.062173],[-81.687617,41.06305],[-81.687614,41.063399],[-81.687611,41.063656],[-81.687597,41.064674],[-81.687597,41.064698],[-81.687558,41.070232],[-81.687546,41.07203],[-81.687494,41.079832],[-81.68749,41.080427],[-81.687488,41.080661],[-81.687486,41.08109],[-81.687485,41.081238],[-81.687448,41.087893],[-81.687442,41.088923],[-81.687441,41.089079],[-81.687424,41.091091],[-81.687424,41.091203],[-81.68742,41.091743],[-81.687411,41.093027],[-81.687411,41.093097],[-81.687409,41.093522],[-81.687408,41.093902],[-81.687395,41.098041],[-81.687394,41.09818],[-81.687391,41.099408],[-81.687387,41.099843],[-81.687334,41.10647],[-81.687332,41.106624],[-81.687308,41.108919],[-81.687291,41.110546],[-81.687241,41.11525],[-81.687233,41.115904],[-81.68721,41.117694],[-81.687205,41.117978],[-81.687186,41.118866],[-81.68716,41.120122],[-81.687144,41.120961],[-81.687121,41.122079],[-81.687089,41.123642],[-81.687089,41.123666],[-81.687089,41.123905],[-81.687089,41.124119],[-81.6871,41.124197],[-81.687066,41.126203],[-81.687065,41.126323],[-81.687059,41.12692],[-81.687055,41.127254],[-81.68705,41.12796],[-81.687034,41.130002],[-81.687017,41.132236],[-81.687003,41.134178],[-81.686993,41.13542],[-81.686989,41.135954],[-81.68437,41.135936],[-81.683227,41.135913],[-81.682249,41.135887],[-81.681325,41.135857],[-81.680422,41.135837],[-81.679147,41.135821],[-81.676805,41.135818],[-81.676358,41.135822],[-81.675269,41.135839],[-81.674408,41.135857],[-81.673577,41.135881],[-81.671957,41.135926],[-81.670432,41.13595],[-81.670397,41.135952],[-81.669397,41.135956],[-81.6677,41.135952],[-81.664219,41.135952],[-81.662971,41.135944],[-81.661646,41.135952],[-81.661441,41.135953],[-81.66044,41.135951],[-81.659775,41.13595],[-81.658282,41.13595],[-81.65732,41.135955],[-81.656572,41.135951],[-81.655683,41.135947],[-81.655487,41.135946],[-81.654457,41.13594],[-81.652424,41.135931],[-81.652151,41.135931],[-81.65108,41.13593],[-81.650779,41.135929],[-81.650552,41.135929],[-81.650469,41.135929],[-81.650283,41.135929],[-81.646638,41.135925],[-81.646241,41.135924],[-81.64504,41.135918],[-81.643538,41.135907],[-81.642174,41.135913],[-81.63934,41.135861],[-81.638564,41.13585],[-81.638083,41.135843],[-81.63776,41.135839],[-81.637336,41.135835],[-81.637291,41.135285],[-81.637273,41.135155],[-81.637209,41.134784],[-81.637183,41.134657],[-81.637074,41.13396],[-81.636977,41.133248],[-81.636944,41.132963],[-81.637622,41.132951],[-81.637583,41.133292],[-81.639355,41.133292],[-81.639363,41.131877],[-81.638596,41.13187],[-81.637838,41.131877],[-81.637625,41.130865],[-81.635883,41.130899],[-81.635624,41.130673],[-81.634882,41.130024],[-81.634716,41.129868],[-81.634601,41.129736],[-81.634482,41.129578],[-81.634398,41.129436],[-81.634331,41.129311],[-81.634016,41.128661],[-81.633964,41.128525],[-81.637492,41.128557],[-81.634284,41.127382],[-81.648152,41.127559],[-81.648453,41.127555],[-81.64846,41.125592],[-81.648148,41.125591],[-81.648159,41.125244],[-81.64568,41.125254],[-81.645684,41.124611],[-81.646551,41.124125],[-81.648468,41.124144],[-81.648467,41.123905],[-81.648473,41.122979],[-81.645957,41.122965],[-81.645979,41.122466],[-81.648203,41.122486],[-81.648471,41.122485],[-81.648475,41.120892],[-81.648478,41.120417],[-81.648384,41.120382],[-81.647731,41.120137],[-81.646153,41.119726],[-81.643287,41.119599],[-81.642269,41.119799],[-81.641131,41.119799],[-81.641132,41.120533],[-81.641133,41.120721],[-81.64089,41.120904],[-81.640512,41.12119],[-81.638319,41.121182],[-81.638017,41.121181],[-81.638394,41.120572],[-81.638752,41.120012],[-81.639118,41.119416],[-81.639235,41.119223],[-81.639453,41.118865],[-81.639855,41.118208],[-81.640139,41.11775],[-81.640752,41.116723],[-81.642179,41.114385],[-81.642841,41.113253],[-81.642913,41.113122],[-81.643125,41.11274],[-81.643377,41.112274],[-81.643422,41.112198],[-81.643856,41.111457],[-81.644021,41.111175],[-81.644332,41.110626],[-81.644377,41.110539],[-81.644456,41.11036],[-81.644515,41.110187],[-81.643911,41.110194],[-81.64309,41.11019],[-81.641164,41.110193],[-81.6403,41.110195],[-81.638093,41.110186],[-81.636984,41.110185],[-81.635415,41.110185],[-81.634496,41.110185],[-81.634012,41.110184],[-81.630904,41.11018],[-81.62873,41.110178],[-81.627396,41.110187],[-81.627206,41.110184],[-81.625729,41.110179],[-81.624168,41.110175],[-81.624222,41.108815],[-81.623233,41.108795],[-81.623235,41.110172],[-81.621422,41.11017],[-81.620792,41.11017],[-81.620097,41.110176],[-81.619975,41.110178],[-81.619628,41.110191],[-81.619455,41.110209],[-81.619277,41.110245],[-81.619174,41.110272],[-81.61905,41.110311],[-81.617612,41.110848],[-81.616473,41.111275],[-81.616301,41.111343],[-81.616024,41.111448],[-81.615845,41.111536],[-81.615757,41.111424],[-81.615537,41.111084],[-81.615325,41.110743],[-81.615076,41.110349],[-81.613957,41.11087],[-81.614843,41.11199],[-81.614937,41.112119],[-81.614754,41.11224],[-81.614119,41.112675],[-81.614065,41.11271],[-81.613904,41.112818],[-81.613474,41.113078],[-81.61322,41.113215],[-81.612969,41.11334],[-81.612851,41.113392],[-81.612694,41.11346],[-81.612262,41.113612],[-81.611659,41.113776],[-81.611215,41.113393],[-81.610147,41.112493],[-81.609941,41.112329],[-81.609226,41.111771],[-81.608649,41.111364],[-81.607428,41.110568],[-81.606693,41.110125],[-81.606283,41.109868],[-81.606095,41.109766],[-81.605441,41.109414],[-81.605042,41.109229],[-81.604874,41.109151],[-81.60493,41.107273],[-81.604892,41.106601],[-81.605086,41.104765],[-81.604959,41.104308],[-81.604944,41.104238],[-81.604492,41.103854],[-81.604512,41.103691],[-81.604467,41.103435],[-81.604721,41.103434],[-81.604847,41.103433],[-81.604844,41.102797],[-81.60463,41.102816],[-81.604224,41.10286],[-81.603892,41.102904],[-81.603768,41.102924],[-81.603291,41.103009],[-81.602954,41.103081],[-81.60288,41.103097],[-81.602385,41.103222],[-81.601831,41.103385],[-81.601447,41.103516],[-81.600488,41.103869],[-81.599253,41.104331],[-81.599262,41.102856],[-81.595852,41.102844],[-81.594612,41.101934],[-81.594542,41.101653],[-81.594578,41.099333],[-81.59469,41.095717],[-81.58925,41.095486],[-81.588806,41.095464],[-81.588341,41.095432],[-81.588341,41.094953],[-81.588341,41.092153],[-81.59032,41.092087],[-81.590394,41.091862],[-81.590475,41.091672],[-81.590585,41.091456],[-81.590715,41.09122],[-81.590866,41.090959],[-81.588449,41.090812],[-81.588346,41.083456],[-81.588374,41.082944],[-81.588381,41.08195],[-81.588403,41.081147],[-81.58844,41.080041],[-81.588444,41.079485],[-81.588445,41.079385],[-81.588449,41.078969],[-81.588484,41.078351],[-81.588499,41.077248],[-81.588498,41.076822],[-81.58851,41.076488],[-81.588531,41.075451],[-81.588549,41.075071],[-81.588549,41.075035],[-81.588547,41.074772],[-81.58859,41.073598],[-81.588591,41.072874],[-81.588631,41.071383],[-81.588654,41.070167],[-81.588684,41.068649],[-81.588715,41.067645],[-81.588723,41.067416],[-81.588731,41.066726],[-81.588727,41.066521],[-81.588748,41.065888],[-81.588749,41.065538],[-81.58875,41.065416],[-81.588759,41.065119],[-81.58877,41.064462],[-81.588773,41.064263],[-81.588807,41.062918],[-81.588822,41.06245],[-81.590891,41.062549],[-81.592942,41.062453],[-81.593194,41.062435],[-81.594342,41.062353],[-81.594642,41.062353],[-81.595442,41.062253],[-81.597642,41.062253],[-81.599142,41.062353],[-81.612843,41.062253],[-81.613949,41.062239],[-81.620649,41.062154],[-81.62176,41.062156],[-81.62341,41.062213],[-81.628572,41.062142],[-81.637626,41.062221],[-81.63872,41.062226],[-81.639482,41.062225],[-81.64169,41.062237],[-81.643297,41.062233],[-81.64413,41.06224],[-81.645731,41.06224],[-81.646167,41.062237],[-81.646899,41.062242],[-81.648684,41.062241],[-81.649136,41.062239],[-81.6496,41.062244],[-81.649939,41.062239],[-81.652546,41.062242],[-81.65333,41.062238],[-81.653994,41.06224],[-81.65471,41.062232],[-81.655943,41.062241],[-81.656367,41.06224],[-81.657193,41.062228],[-81.658158,41.062227],[-81.658643,41.06223],[-81.659264,41.062227],[-81.66048,41.062229],[-81.660899,41.062232],[-81.661334,41.062229],[-81.661384,41.06222],[-81.661452,41.062191],[-81.662009,41.062192],[-81.662288,41.062193],[-81.662842,41.062138],[-81.663069,41.062209],[-81.663142,41.062223],[-81.663206,41.062229],[-81.665703,41.062241],[-81.666271,41.062239],[-81.666812,41.06223],[-81.669909,41.062266],[-81.673332,41.062432],[-81.674341,41.062463],[-81.676266,41.06232],[-81.67684,41.062277],[-81.678174,41.062089],[-81.678304,41.062133],[-81.678375,41.062144],[-81.679726,41.062146],[-81.679796,41.062145],[-81.680168,41.062159],[-81.68596,41.062134],[-81.687623,41.062152],[-81.687624,41.062152]],[[-81.638364,41.133644],[-81.639164,41.133636],[-81.639165,41.133552],[-81.639354,41.133555],[-81.639355,41.133333],[-81.639208,41.133343],[-81.639061,41.133367],[-81.638877,41.133414],[-81.638726,41.133468],[-81.638525,41.133564],[-81.638364,41.133644]]]}},{"type":"Feature","properties":{"id":"cuyahoga_falls","subdivision":"cuyahoga_falls"},"geometry":{"type":"MultiPolygon","coordinates":[[[[-81.465648,41.118861],[-81.46577,41.118868],[-81.466042,41.117187],[-81.467827,41.117123],[-81.468884,41.117081],[-81.471277,41.117086],[-81.473041,41.11711],[-81.474564,41.117132],[-81.478772,41.117233],[-81.485024,41.117382],[-81.488581,41.117462],[-81.48864,41.117465],[-81.488697,41.117468],[-81.489029,41.117469],[-81.489772,41.117472],[-81.48977,41.117587],[-81.489766,41.117802],[-81.489763,41.118022],[-81.489757,41.118356],[-81.489755,41.118473],[-81.489748,41.118902],[-81.489737,41.119591],[-81.491026,41.118368],[-81.492028,41.118145],[-81.492535,41.118453],[-81.493476,41.118304],[-81.493609,41.118361],[-81.494939,41.119008],[-81.495141,41.120795],[-81.494721,41.120877],[-81.495127,41.122365],[-81.496735,41.123153],[-81.497107,41.12325],[-81.499036,41.123753],[-81.501136,41.123153],[-81.502955,41.123122],[-81.506054,41.123068],[-81.506936,41.123053],[-81.507001,41.12416],[-81.508881,41.124068],[-81.517337,41.123853],[-81.518937,41.123853],[-81.519537,41.123953],[-81.519554,41.12639],[-81.519544,41.129584],[-81.519537,41.129753],[-81.519437,41.135853],[-81.520229,41.135891],[-81.521206,41.135938],[-81.521245,41.136578],[-81.52135,41.137011],[-81.521406,41.137196],[-81.521485,41.137469],[-81.521455,41.138494],[-81.522223,41.138532],[-81.522228,41.138645],[-81.522219,41.138778],[-81.522179,41.138831],[-81.522146,41.138861],[-81.522139,41.138863],[-81.522127,41.139422],[-81.522843,41.139349],[-81.523006,41.137169],[-81.52305,41.136454],[-81.522503,41.136435],[-81.522483,41.136779],[-81.522464,41.136763],[-81.522394,41.136711],[-81.52228,41.136643],[-81.522125,41.136564],[-81.522042,41.136503],[-81.521966,41.136438],[-81.521894,41.13635],[-81.521833,41.136257],[-81.521799,41.136161],[-81.521795,41.13606],[-81.521805,41.135954],[-81.523096,41.135979],[-81.527606,41.136054],[-81.52761,41.136079],[-81.527613,41.136172],[-81.527623,41.136482],[-81.527625,41.136846],[-81.527613,41.137191],[-81.527624,41.138062],[-81.527589,41.139183],[-81.52842,41.139158],[-81.528442,41.139572],[-81.528551,41.139565],[-81.528639,41.141708],[-81.528715,41.141745],[-81.528896,41.142366],[-81.528811,41.142497],[-81.52845,41.142425],[-81.527584,41.142481],[-81.527583,41.142908],[-81.528588,41.142872],[-81.528588,41.143039],[-81.528612,41.143789],[-81.532331,41.143685],[-81.532088,41.139329],[-81.532181,41.139322],[-81.532629,41.139293],[-81.53291,41.136373],[-81.53734,41.136141],[-81.5375,41.138701],[-81.537426,41.138723],[-81.5372,41.1388],[-81.537251,41.138902],[-81.537295,41.138991],[-81.537334,41.139125],[-81.537363,41.139199],[-81.537369,41.139294],[-81.537368,41.139357],[-81.537359,41.139463],[-81.537344,41.139599],[-81.537312,41.139727],[-81.537302,41.139757],[-81.537213,41.139789],[-81.536926,41.139889],[-81.536925,41.139851],[-81.536923,41.139642],[-81.536437,41.139702],[-81.536438,41.139591],[-81.535302,41.139704],[-81.535418,41.140136],[-81.535501,41.143137],[-81.535529,41.143351],[-81.53554,41.143505],[-81.535463,41.143519],[-81.535523,41.144275],[-81.535534,41.144421],[-81.535536,41.14475],[-81.534705,41.144769],[-81.534234,41.14478],[-81.533589,41.144789],[-81.531009,41.144827],[-81.531057,41.14646],[-81.531063,41.146663],[-81.531073,41.147002],[-81.531091,41.147656],[-81.531654,41.15101],[-81.53165,41.151334],[-81.531414,41.151343],[-81.531215,41.151364],[-81.530898,41.151398],[-81.530666,41.15143],[-81.530233,41.151503],[-81.530044,41.151545],[-81.529791,41.151615],[-81.529588,41.151691],[-81.529406,41.151781],[-81.52932,41.151836],[-81.529177,41.151942],[-81.52869,41.15237],[-81.528594,41.152439],[-81.52849,41.152502],[-81.528425,41.152524],[-81.528349,41.152533],[-81.528188,41.152524],[-81.528123,41.152514],[-81.528012,41.152469],[-81.527935,41.15243],[-81.527877,41.1524],[-81.527798,41.152342],[-81.527708,41.152268],[-81.527637,41.152194],[-81.527602,41.152148],[-81.527581,41.15212],[-81.52756,41.152076],[-81.526893,41.152215],[-81.526368,41.152336],[-81.526353,41.152714],[-81.526037,41.152729],[-81.525667,41.152724],[-81.525699,41.152223],[-81.524762,41.152218],[-81.524337,41.152053],[-81.523237,41.151799],[-81.52278,41.151694],[-81.52265,41.151664],[-81.522652,41.151088],[-81.52266,41.149261],[-81.52349,41.149257],[-81.523565,41.147798],[-81.524259,41.146139],[-81.524257,41.144437],[-81.523618,41.144429],[-81.52364,41.145105],[-81.522902,41.145098],[-81.522841,41.146874],[-81.520135,41.146873],[-81.518042,41.146858],[-81.518071,41.144455],[-81.516571,41.144454],[-81.515662,41.144441],[-81.516651,41.145095],[-81.516651,41.146297],[-81.515604,41.146296],[-81.514154,41.146296],[-81.514193,41.148452],[-81.514239,41.150944],[-81.517724,41.150957],[-81.51772,41.151284],[-81.517609,41.158539],[-81.516841,41.158533],[-81.516412,41.158534],[-81.515096,41.158517],[-81.514231,41.158512],[-81.513435,41.158531],[-81.512369,41.158574],[-81.512359,41.160956],[-81.509098,41.160958],[-81.50904,41.161077],[-81.508991,41.161184],[-81.508875,41.161471],[-81.508772,41.161754],[-81.508703,41.162017],[-81.508657,41.16223],[-81.508613,41.162549],[-81.508592,41.162836],[-81.50858,41.163441],[-81.508581,41.164217],[-81.50859,41.164455],[-81.511213,41.164554],[-81.511309,41.166414],[-81.519323,41.166672],[-81.519323,41.165886],[-81.520235,41.165651],[-81.520667,41.164947],[-81.521158,41.164703],[-81.52123,41.163845],[-81.522262,41.163827],[-81.522496,41.159724],[-81.523002,41.159212],[-81.52587,41.159086],[-81.527558,41.159095],[-81.52776,41.159739],[-81.5279,41.159739],[-81.529714,41.159744],[-81.529714,41.158625],[-81.530733,41.158608],[-81.530721,41.157341],[-81.530712,41.156391],[-81.527579,41.155512],[-81.527427,41.154157],[-81.527367,41.153621],[-81.527358,41.153542],[-81.527356,41.153516],[-81.527396,41.153515],[-81.532448,41.153478],[-81.53245,41.153325],[-81.532451,41.152776],[-81.53244,41.152257],[-81.533373,41.152257],[-81.533379,41.151325],[-81.53317,41.151323],[-81.533178,41.150805],[-81.533313,41.15081],[-81.533235,41.150654],[-81.533891,41.150814],[-81.533897,41.15134],[-81.534078,41.151342],[-81.534247,41.151339],[-81.53442,41.151328],[-81.534403,41.151281],[-81.5344,41.151248],[-81.534429,41.150312],[-81.534462,41.149485],[-81.534482,41.148586],[-81.534491,41.148489],[-81.534346,41.145863],[-81.535643,41.145821],[-81.535637,41.14727],[-81.535609,41.151316],[-81.536005,41.151315],[-81.536298,41.151323],[-81.536459,41.15133],[-81.536593,41.151331],[-81.536878,41.151315],[-81.537002,41.151301],[-81.537136,41.151279],[-81.537509,41.151173],[-81.537643,41.151154],[-81.537738,41.151146],[-81.537786,41.148322],[-81.541088,41.148197],[-81.542969,41.148126],[-81.543011,41.144206],[-81.541534,41.144245],[-81.54163,41.143157],[-81.541614,41.142341],[-81.540606,41.142357],[-81.540686,41.141477],[-81.542574,41.141045],[-81.544574,41.139605],[-81.54451,41.138613],[-81.54275,41.138869],[-81.542504,41.138099],[-81.542735,41.138063],[-81.543008,41.138016],[-81.543489,41.137919],[-81.544573,41.137689],[-81.546478,41.137278],[-81.54651,41.136613],[-81.547501,41.136564],[-81.547436,41.136791],[-81.547395,41.136889],[-81.547344,41.13696],[-81.547229,41.137059],[-81.54727,41.137106],[-81.547306,41.137168],[-81.547327,41.137242],[-81.547351,41.137434],[-81.547357,41.137477],[-81.547395,41.137688],[-81.547441,41.137891],[-81.54745,41.13791],[-81.549076,41.137567],[-81.548764,41.136936],[-81.548453,41.136308],[-81.548385,41.13617],[-81.548396,41.135892],[-81.548939,41.135853],[-81.549058,41.136021],[-81.550623,41.136032],[-81.550741,41.136308],[-81.550809,41.136308],[-81.551539,41.137953],[-81.551642,41.138034],[-81.549564,41.139952],[-81.549683,41.140049],[-81.550012,41.140308],[-81.551709,41.13884],[-81.551704,41.139228],[-81.550269,41.140511],[-81.550286,41.140524],[-81.550552,41.140739],[-81.551199,41.141249],[-81.551935,41.140706],[-81.552549,41.141058],[-81.552785,41.140965],[-81.553063,41.140893],[-81.553154,41.14046],[-81.553408,41.140686],[-81.554769,41.141315],[-81.554333,41.141927],[-81.555914,41.14276],[-81.555026,41.143475],[-81.555179,41.143555],[-81.556135,41.142777],[-81.556352,41.142901],[-81.558049,41.143814],[-81.558867,41.142839],[-81.560132,41.143447],[-81.558731,41.145453],[-81.559011,41.145543],[-81.559216,41.145594],[-81.559574,41.145661],[-81.559261,41.146673],[-81.558949,41.147481],[-81.560913,41.147552],[-81.560913,41.147852],[-81.560927,41.148914],[-81.561501,41.148914],[-81.563604,41.147883],[-81.563733,41.147821],[-81.563795,41.147886],[-81.563989,41.148086],[-81.564219,41.148055],[-81.566135,41.147803],[-81.566317,41.148542],[-81.564637,41.148746],[-81.564841,41.148953],[-81.565093,41.149202],[-81.565368,41.149497],[-81.565482,41.149618],[-81.565708,41.149883],[-81.565833,41.150076],[-81.565962,41.150334],[-81.566029,41.150526],[-81.565878,41.150611],[-81.566029,41.150526],[-81.566029,41.150526],[-81.566051,41.150575],[-81.566073,41.150626],[-81.566099,41.150729],[-81.566168,41.151013],[-81.566197,41.15119],[-81.566198,41.151253],[-81.565453,41.151258],[-81.565466,41.151225],[-81.565393,41.151411],[-81.565228,41.151832],[-81.56509,41.15224],[-81.565003,41.15267],[-81.565002,41.152739],[-81.56474,41.151401],[-81.557087,41.151285],[-81.557231,41.146517],[-81.555599,41.146485],[-81.554031,41.145141],[-81.555332,41.143811],[-81.555199,41.143745],[-81.554903,41.14359],[-81.554898,41.143595],[-81.554841,41.143648],[-81.553951,41.144485],[-81.553632,41.144213],[-81.55312,41.144053],[-81.553161,41.143957],[-81.553096,41.143999],[-81.55202,41.144127],[-81.551982,41.144244],[-81.55196,41.144309],[-81.551831,41.144519],[-81.551469,41.144915],[-81.551418,41.144963],[-81.551294,41.145118],[-81.551246,41.145188],[-81.551183,41.145293],[-81.55116,41.145342],[-81.55109,41.145526],[-81.551051,41.145683],[-81.551359,41.145669],[-81.551599,41.145669],[-81.551766,41.146433],[-81.551915,41.146939],[-81.552124,41.147326],[-81.552403,41.147753],[-81.552127,41.147733],[-81.550789,41.147747],[-81.550759,41.14781],[-81.550707,41.147903],[-81.550622,41.148038],[-81.550563,41.148123],[-81.550444,41.148276],[-81.550288,41.148464],[-81.550135,41.148639],[-81.549952,41.148858],[-81.549776,41.149099],[-81.549641,41.149319],[-81.549479,41.149618],[-81.549261,41.150077],[-81.549082,41.150434],[-81.548927,41.150706],[-81.548812,41.150879],[-81.548666,41.151072],[-81.548595,41.151157],[-81.548453,41.151306],[-81.548322,41.151279],[-81.548192,41.151276],[-81.54808,41.151279],[-81.547668,41.151277],[-81.547135,41.151267],[-81.546435,41.151267],[-81.545855,41.151277],[-81.545597,41.151286],[-81.544942,41.151296],[-81.543639,41.151305],[-81.542966,41.151316],[-81.542578,41.151323],[-81.542357,41.151335],[-81.542061,41.151375],[-81.541883,41.151421],[-81.541718,41.151451],[-81.54152,41.151469],[-81.541377,41.151474],[-81.541316,41.151471],[-81.541167,41.151454],[-81.540945,41.151408],[-81.540827,41.151367],[-81.540765,41.151335],[-81.540534,41.157455],[-81.540684,41.157327],[-81.540788,41.157245],[-81.540956,41.157125],[-81.542079,41.156375],[-81.542185,41.156298],[-81.542327,41.156203],[-81.54274,41.155871],[-81.542953,41.155681],[-81.543106,41.155533],[-81.543274,41.155349],[-81.543543,41.155034],[-81.544022,41.15445],[-81.544734,41.155237],[-81.545662,41.155221],[-81.54499,41.156133],[-81.545139,41.156779],[-81.54397,41.156116],[-81.543038,41.156101],[-81.542814,41.158341],[-81.541166,41.158405],[-81.541006,41.159301],[-81.540889,41.159344],[-81.540828,41.159367],[-81.54073,41.159371],[-81.540668,41.159375],[-81.540604,41.159381],[-81.540535,41.159385],[-81.540469,41.15939],[-81.540406,41.159397],[-81.540293,41.159411],[-81.540183,41.159423],[-81.540073,41.159436],[-81.539954,41.15945],[-81.539891,41.159458],[-81.539827,41.159462],[-81.539704,41.159468],[-81.539642,41.159469],[-81.539576,41.159467],[-81.539513,41.159464],[-81.539452,41.159461],[-81.539347,41.159459],[-81.539245,41.159461],[-81.539136,41.159462],[-81.539021,41.159462],[-81.538908,41.159462],[-81.538802,41.159461],[-81.538721,41.159457],[-81.538657,41.159449],[-81.538612,41.159438],[-81.538567,41.159404],[-81.538713,41.159256],[-81.538542,41.159253],[-81.537774,41.159317],[-81.537027,41.159393],[-81.537025,41.15945],[-81.537001,41.160514],[-81.536991,41.161127],[-81.536993,41.161313],[-81.536993,41.161393],[-81.537075,41.161298],[-81.537165,41.161151],[-81.537373,41.16072],[-81.537484,41.160543],[-81.537607,41.160386],[-81.53786,41.160114],[-81.53923,41.160501],[-81.539166,41.161573],[-81.544738,41.161753],[-81.54667,41.161685],[-81.546672,41.161653],[-81.547184,41.161655],[-81.547206,41.158844],[-81.549382,41.158795],[-81.549384,41.158795],[-81.551079,41.158823],[-81.551122,41.15919],[-81.551122,41.159192],[-81.551009,41.163072],[-81.551128,41.163075],[-81.551119,41.163797],[-81.556842,41.16395],[-81.55683,41.164798],[-81.556821,41.164914],[-81.556808,41.166701],[-81.556539,41.169253],[-81.556839,41.170953],[-81.561567,41.171059],[-81.561598,41.171001],[-81.561705,41.170846],[-81.561795,41.170745],[-81.561896,41.17065],[-81.562008,41.170563],[-81.562129,41.170484],[-81.562129,41.170484],[-81.562489,41.170273],[-81.563249,41.169838],[-81.563376,41.169774],[-81.563512,41.16972],[-81.56364,41.169681],[-81.563653,41.169677],[-81.563664,41.169674],[-81.5638,41.169645],[-81.563927,41.169627],[-81.56395,41.169624],[-81.566424,41.169423],[-81.566761,41.169391],[-81.566922,41.169376],[-81.567535,41.169303],[-81.568157,41.169218],[-81.568205,41.169212],[-81.568316,41.169196],[-81.569619,41.169008],[-81.569878,41.169515],[-81.569878,41.169515],[-81.569878,41.169515],[-81.569878,41.169515],[-81.57104,41.169553],[-81.57104,41.169053],[-81.57144,41.168653],[-81.571447,41.168641],[-81.573012,41.167635],[-81.573149,41.167419],[-81.57344,41.167253],[-81.573396,41.167031],[-81.573396,41.167031],[-81.573418,41.166056],[-81.576424,41.166032],[-81.576418,41.165898],[-81.576418,41.165886],[-81.576414,41.165808],[-81.576359,41.164866],[-81.576288,41.163675],[-81.576281,41.163615],[-81.576275,41.163573],[-81.576274,41.163566],[-81.576271,41.163553],[-81.576257,41.163487],[-81.576257,41.163487],[-81.576257,41.163487],[-81.576255,41.163479],[-81.576233,41.163404],[-81.576214,41.163354],[-81.576202,41.163325],[-81.576159,41.163242],[-81.576103,41.163148],[-81.576103,41.163148],[-81.576103,41.163148],[-81.576029,41.163049],[-81.575966,41.162974],[-81.575175,41.162111],[-81.574775,41.161676],[-81.574725,41.161622],[-81.574154,41.160997],[-81.574081,41.16091],[-81.57395,41.160728],[-81.573865,41.160585],[-81.573798,41.160419],[-81.573747,41.160293],[-81.573709,41.160167],[-81.573651,41.159976],[-81.5736,41.159791],[-81.57358,41.159721],[-81.573542,41.159565],[-81.573513,41.15945],[-81.573491,41.159316],[-81.573486,41.159252],[-81.573476,41.159132],[-81.573463,41.15887],[-81.57346,41.158752],[-81.573444,41.158097],[-81.573426,41.15742],[-81.573421,41.157207],[-81.573413,41.156629],[-81.573392,41.156121],[-81.573381,41.155922],[-81.573355,41.155785],[-81.57332,41.155674],[-81.573283,41.155561],[-81.573211,41.155383],[-81.573189,41.155339],[-81.573175,41.155312],[-81.573165,41.155291],[-81.573123,41.155209],[-81.573057,41.155096],[-81.573036,41.155064],[-81.572932,41.154914],[-81.572872,41.154839],[-81.572838,41.154797],[-81.572752,41.154702],[-81.572685,41.154629],[-81.572455,41.154411],[-81.572149,41.154137],[-81.571091,41.153214],[-81.570977,41.153111],[-81.570763,41.152899],[-81.570522,41.15263],[-81.570386,41.15247],[-81.570344,41.152416],[-81.570258,41.152308],[-81.570002,41.151967],[-81.569855,41.151773],[-81.568953,41.150596],[-81.56848,41.149972],[-81.568077,41.149415],[-81.568077,41.149415],[-81.568044,41.149363],[-81.567946,41.149213],[-81.568184,41.149231],[-81.568271,41.149236],[-81.569392,41.149205],[-81.569335,41.147724],[-81.569333,41.147321],[-81.569324,41.145317],[-81.56933,41.144368],[-81.571957,41.144367],[-81.574538,41.144381],[-81.574651,41.144382],[-81.574776,41.144383],[-81.578972,41.144409],[-81.58138,41.144424],[-81.582603,41.144432],[-81.58256,41.144859],[-81.582544,41.145019],[-81.582544,41.145028],[-81.582543,41.145037],[-81.582506,41.145411],[-81.583046,41.145414],[-81.585016,41.145423],[-81.585009,41.146229],[-81.584983,41.147979],[-81.584966,41.149098],[-81.586228,41.14911],[-81.587306,41.149109],[-81.587305,41.149248],[-81.587303,41.149365],[-81.587301,41.149477],[-81.587302,41.149477],[-81.587299,41.149636],[-81.587308,41.150518],[-81.587299,41.151432],[-81.5873,41.151554],[-81.587302,41.151778],[-81.587297,41.15196],[-81.58729,41.152204],[-81.587288,41.152439],[-81.587287,41.152577],[-81.587291,41.15299],[-81.587287,41.153304],[-81.587292,41.153864],[-81.58727,41.154949],[-81.58727,41.155195],[-81.587271,41.155468],[-81.58728,41.155579],[-81.587262,41.156219],[-81.587262,41.156232],[-81.587263,41.15648],[-81.58725,41.156776],[-81.587246,41.157024],[-81.587239,41.157119],[-81.587243,41.157517],[-81.587223,41.158583],[-81.587232,41.15877],[-81.58722,41.159206],[-81.587222,41.15975],[-81.587219,41.160543],[-81.587196,41.160873],[-81.587141,41.162853],[-81.587051,41.163394],[-81.586929,41.173453],[-81.586893,41.176655],[-81.586839,41.181407],[-81.586818,41.181542],[-81.586753,41.181974],[-81.586741,41.182053],[-81.586542,41.196232],[-81.586641,41.202653],[-81.58456,41.20266],[-81.584439,41.202654],[-81.583216,41.202797],[-81.58274,41.202853],[-81.573519,41.202852],[-81.573437,41.202855],[-81.572746,41.202753],[-81.572719,41.202753],[-81.57234,41.202753],[-81.56904,41.202753],[-81.568539,41.202753],[-81.564739,41.202853],[-81.556439,41.202853],[-81.552438,41.202753],[-81.55034,41.202653],[-81.550007,41.202656],[-81.540538,41.202753],[-81.538288,41.202847],[-81.538138,41.202853],[-81.530237,41.202853],[-81.517036,41.202553],[-81.516129,41.202605],[-81.511836,41.202853],[-81.511498,41.202854],[-81.511036,41.202853],[-81.507444,41.2029],[-81.5052,41.202931],[-81.505046,41.207198],[-81.504003,41.207194],[-81.502393,41.207209],[-81.501724,41.207217],[-81.500164,41.207235],[-81.497059,41.207238],[-81.494072,41.20724],[-81.494155,41.207084],[-81.494308,41.206799],[-81.494369,41.206681],[-81.497033,41.206688],[-81.497053,41.206381],[-81.495864,41.205976],[-81.495785,41.205974],[-81.495727,41.205517],[-81.494907,41.205501],[-81.494938,41.205427],[-81.495109,41.205037],[-81.495181,41.204875],[-81.495236,41.204748],[-81.495314,41.204491],[-81.495123,41.204128],[-81.494977,41.203869],[-81.494694,41.20334],[-81.494582,41.203093],[-81.494546,41.202975],[-81.494043,41.202969],[-81.493458,41.202971],[-81.492254,41.202964],[-81.491796,41.202965],[-81.49058,41.202956],[-81.489851,41.202959],[-81.489436,41.202961],[-81.489436,41.194754],[-81.489381,41.193934],[-81.48935,41.193464],[-81.489336,41.193254],[-81.489436,41.192854],[-81.489436,41.192134],[-81.48944,41.191723],[-81.489436,41.190754],[-81.489435,41.187054],[-81.489535,41.185754],[-81.489535,41.183154],[-81.489522,41.1829],[-81.489431,41.181065],[-81.489344,41.177215],[-81.489434,41.171896],[-81.489355,41.16631],[-81.489353,41.166243],[-81.489335,41.165754],[-81.489361,41.164338],[-81.489509,41.162555],[-81.489556,41.161488],[-81.489744,41.160375],[-81.489177,41.160715],[-81.488886,41.160902],[-81.487624,41.161659],[-81.487011,41.162052],[-81.486582,41.162287],[-81.485845,41.162735],[-81.485627,41.162858],[-81.485466,41.162933],[-81.485329,41.162987],[-81.48516,41.163037],[-81.485051,41.163062],[-81.48495,41.163079],[-81.484851,41.163088],[-81.484513,41.163115],[-81.4835,41.163195],[-81.482733,41.163256],[-81.480913,41.163436],[-81.479692,41.163542],[-81.479405,41.163567],[-81.478396,41.163647],[-81.478159,41.163663],[-81.477914,41.163654],[-81.477607,41.163633],[-81.477248,41.163576],[-81.476243,41.16338],[-81.475849,41.163314],[-81.475172,41.163199],[-81.474456,41.163064],[-81.474425,41.163058],[-81.473957,41.162969],[-81.473782,41.162929],[-81.473234,41.162803],[-81.472419,41.162802],[-81.471958,41.162839],[-81.4716,41.1629],[-81.471402,41.162933],[-81.470772,41.163116],[-81.470454,41.163251],[-81.470149,41.163398],[-81.469571,41.163763],[-81.469337,41.163928],[-81.46927,41.163977],[-81.468837,41.162131],[-81.468689,41.161502],[-81.468511,41.160721],[-81.468462,41.160493],[-81.468387,41.160087],[-81.46834,41.159691],[-81.468319,41.159328],[-81.468325,41.158928],[-81.468346,41.158638],[-81.468381,41.158338],[-81.468419,41.158115],[-81.468474,41.157846],[-81.468568,41.157487],[-81.468735,41.156977],[-81.469095,41.155959],[-81.46935,41.155239],[-81.470453,41.152138],[-81.46949,41.152252],[-81.469186,41.152244],[-81.468831,41.152242],[-81.468853,41.150545],[-81.468737,41.148564],[-81.468686,41.148589],[-81.468663,41.148596],[-81.46837,41.14872],[-81.468105,41.148818],[-81.467732,41.148327],[-81.467316,41.148562],[-81.467167,41.148548],[-81.46713,41.148561],[-81.467066,41.148581],[-81.467021,41.148594],[-81.466968,41.148608],[-81.466823,41.148641],[-81.466711,41.148661],[-81.466611,41.148666],[-81.466521,41.148664],[-81.46643,41.148659],[-81.466326,41.148646],[-81.466226,41.148626],[-81.466128,41.148601],[-81.466031,41.148575],[-81.465903,41.148539],[-81.465776,41.148497],[-81.465649,41.148448],[-81.465574,41.148416],[-81.465465,41.148365],[-81.465081,41.148193],[-81.464757,41.148033],[-81.464453,41.147833],[-81.464146,41.147605],[-81.463775,41.147295],[-81.463731,41.14726],[-81.463683,41.147228],[-81.463636,41.147199],[-81.46358,41.147171],[-81.463533,41.147136],[-81.463485,41.147101],[-81.463436,41.147067],[-81.463387,41.147033],[-81.463312,41.146984],[-81.462303,41.146099],[-81.461256,41.145179],[-81.460794,41.145113],[-81.460554,41.144973],[-81.460418,41.144791],[-81.459897,41.144439],[-81.459638,41.144358],[-81.459323,41.144395],[-81.459011,41.144589],[-81.458732,41.145122],[-81.458734,41.145488],[-81.459119,41.145826],[-81.458757,41.146547],[-81.458212,41.146707],[-81.457779,41.146679],[-81.457526,41.145931],[-81.457217,41.145611],[-81.456674,41.145364],[-81.456378,41.145314],[-81.455926,41.14551],[-81.455884,41.145572],[-81.455858,41.145612],[-81.455698,41.145848],[-81.455885,41.146195],[-81.456149,41.14649],[-81.456308,41.146906],[-81.456181,41.147972],[-81.456264,41.148663],[-81.456172,41.149091],[-81.455737,41.149414],[-81.454688,41.149617],[-81.45407,41.149351],[-81.453318,41.148812],[-81.451991,41.148417],[-81.451312,41.14833],[-81.449933,41.148054],[-81.449933,41.147654],[-81.450032,41.142569],[-81.45003,41.142534],[-81.449948,41.140273],[-81.449915,41.135849],[-81.450615,41.13575],[-81.451038,41.135752],[-81.45204,41.135748],[-81.452115,41.135757],[-81.452213,41.132024],[-81.452401,41.128248],[-81.452541,41.125014],[-81.452633,41.124783],[-81.452723,41.122427],[-81.452763,41.121363],[-81.452764,41.121328],[-81.452867,41.118668],[-81.45346,41.118678],[-81.455117,41.118709],[-81.456784,41.118736],[-81.457055,41.118736],[-81.457648,41.118752],[-81.458696,41.118768],[-81.45919,41.118779],[-81.459442,41.118782],[-81.460065,41.118791],[-81.461164,41.118809],[-81.462727,41.118841],[-81.463859,41.118858],[-81.464318,41.118854],[-81.464934,41.118848],[-81.465033,41.118849],[-81.465514,41.118854],[-81.465648,41.118861]]],[[[-81.565393,41.151411],[-81.565431,41.151314],[-81.565393,41.151411],[-81.565393,41.151411]]]]}},{"type":"Feature","properties":{"id":"norton","subdivision":"norton"},"geometry":{"type":"Polygon","coordinates":[[[-81.649483,40.988556],[-81.64957,40.988556],[-81.650548,40.988553],[-81.653325,40.988554],[-81.65414,40.98855],[-81.656518,40.988553],[-81.656795,40.988551],[-81.657187,40.988548],[-81.657624,40.988552],[-81.657933,40.988554],[-81.658171,40.988553],[-81.658284,40.988553],[-81.658414,40.988553],[-81.658432,40.988553],[-81.658926,40.988551],[-81.659561,40.988556],[-81.660164,40.98856],[-81.661412,40.988561],[-81.66223,40.988565],[-81.662847,40.988568],[-81.663194,40.988569],[-81.663379,40.98857],[-81.663656,40.98857],[-81.66487,40.988572],[-81.66579,40.988574],[-81.666735,40.98858],[-81.667101,40.988575],[-81.667869,40.988564],[-81.668125,40.988554],[-81.668795,40.988555],[-81.669703,40.988566],[-81.67091,40.988569],[-81.671526,40.988562],[-81.672035,40.988565],[-81.67213,40.988565],[-81.672283,40.988565],[-81.672911,40.988568],[-81.673408,40.98857],[-81.675426,40.988571],[-81.675567,40.98857],[-81.676163,40.988567],[-81.676524,40.988565],[-81.676941,40.988567],[-81.677837,40.988571],[-81.678011,40.988576],[-81.678094,40.988582],[-81.678227,40.988583],[-81.678678,40.988584],[-81.679043,40.988584],[-81.67957,40.988584],[-81.681361,40.988585],[-81.681565,40.988572],[-81.6818,40.988571],[-81.68315,40.988568],[-81.683844,40.98857],[-81.685178,40.988567],[-81.685427,40.988566],[-81.685544,40.988567],[-81.686008,40.988569],[-81.687889,40.988587],[-81.688491,40.988588],[-81.688442,40.990731],[-81.68835,40.994777],[-81.688333,40.995271],[-81.688321,40.995802],[-81.688306,40.996455],[-81.68827,40.998051],[-81.688246,40.999109],[-81.688224,41.000034],[-81.688221,41.000197],[-81.688213,41.000542],[-81.688207,41.000801],[-81.688201,41.001195],[-81.688195,41.001585],[-81.688182,41.002428],[-81.688154,41.004142],[-81.688152,41.004267],[-81.688145,41.004727],[-81.688132,41.005772],[-81.68804,41.010374],[-81.688038,41.010475],[-81.688035,41.010606],[-81.688011,41.01172],[-81.687989,41.012735],[-81.687982,41.013089],[-81.687973,41.013505],[-81.687953,41.014407],[-81.687953,41.014416],[-81.687948,41.014814],[-81.687946,41.015006],[-81.687943,41.015244],[-81.68794,41.015462],[-81.687936,41.015872],[-81.687862,41.022045],[-81.687824,41.024359],[-81.687811,41.025229],[-81.687806,41.025499],[-81.687804,41.025638],[-81.687803,41.025647],[-81.687801,41.025661],[-81.6878,41.02596],[-81.6878,41.025979],[-81.6878,41.026294],[-81.687797,41.027915],[-81.68779,41.03111],[-81.687789,41.03131],[-81.687769,41.034477],[-81.687747,41.038186],[-81.687747,41.038286],[-81.687746,41.038411],[-81.687743,41.038903],[-81.687741,41.039067],[-81.68774,41.039264],[-81.687732,41.040583],[-81.687728,41.041328],[-81.687727,41.041552],[-81.687726,41.041641],[-81.687726,41.04166],[-81.687726,41.041692],[-81.687725,41.041759],[-81.687725,41.041768],[-81.687724,41.041893],[-81.687724,41.0419],[-81.687724,41.041918],[-81.687724,41.041932],[-81.687723,41.042089],[-81.687709,41.04388],[-81.687705,41.044489],[-81.687692,41.046364],[-81.687689,41.046806],[-81.687687,41.047148],[-81.687687,41.047234],[-81.687687,41.047272],[-81.687686,41.047833],[-81.687686,41.048091],[-81.687686,41.048133],[-81.687686,41.048401],[-81.687685,41.051396],[-81.687684,41.053003],[-81.687679,41.054223],[-81.687679,41.054298],[-81.687676,41.055222],[-81.687655,41.058842],[-81.687654,41.059039],[-81.687642,41.060281],[-81.687633,41.061192],[-81.687631,41.06134],[-81.687629,41.06154],[-81.687627,41.06176],[-81.687627,41.061774],[-81.687624,41.062152],[-81.687623,41.062152],[-81.68596,41.062134],[-81.680168,41.062159],[-81.679796,41.062145],[-81.679726,41.062146],[-81.678375,41.062144],[-81.678304,41.062133],[-81.678174,41.062089],[-81.67684,41.062277],[-81.676266,41.06232],[-81.674341,41.062463],[-81.673332,41.062432],[-81.669909,41.062266],[-81.666812,41.06223],[-81.666271,41.062239],[-81.665703,41.062241],[-81.663206,41.062229],[-81.663142,41.062223],[-81.663069,41.062209],[-81.662842,41.062138],[-81.662288,41.062193],[-81.662009,41.062192],[-81.661452,41.062191],[-81.661384,41.06222],[-81.661334,41.062229],[-81.660899,41.062232],[-81.66048,41.062229],[-81.659264,41.062227],[-81.658643,41.06223],[-81.658158,41.062227],[-81.657193,41.062228],[-81.656367,41.06224],[-81.655943,41.062241],[-81.65471,41.062232],[-81.653994,41.06224],[-81.65333,41.062238],[-81.652546,41.062242],[-81.649939,41.062239],[-81.6496,41.062244],[-81.649136,41.062239],[-81.648684,41.062241],[-81.646899,41.062242],[-81.646167,41.062237],[-81.645731,41.06224],[-81.64413,41.06224],[-81.643297,41.062233],[-81.64169,41.062237],[-81.639482,41.062225],[-81.63872,41.062226],[-81.637626,41.062221],[-81.628572,41.062142],[-81.62341,41.062213],[-81.62176,41.062156],[-81.620649,41.062154],[-81.613949,41.062239],[-81.612843,41.062253],[-81.599142,41.062353],[-81.597642,41.062253],[-81.595442,41.062253],[-81.594642,41.062353],[-81.594342,41.062353],[-81.593194,41.062435],[-81.592942,41.062453],[-81.590891,41.062549],[-81.588822,41.06245],[-81.588864,41.061189],[-81.588862,41.060787],[-81.588886,41.060253],[-81.588894,41.059802],[-81.589042,41.058353],[-81.58924,41.049458],[-81.589242,41.045734],[-81.589242,41.041453],[-81.589143,41.041252],[-81.589157,41.041098],[-81.589343,41.039054],[-81.589339,41.03901],[-81.589323,41.038812],[-81.589242,41.037853],[-81.589378,41.036184],[-81.589443,41.035354],[-81.592276,41.035571],[-81.592348,41.035852],[-81.592378,41.035953],[-81.594375,41.035953],[-81.596483,41.035877],[-81.598553,41.035903],[-81.59904,41.035906],[-81.59897,41.034977],[-81.599045,41.034123],[-81.599098,41.033235],[-81.599086,41.032679],[-81.599145,41.029554],[-81.59917,41.029268],[-81.599241,41.028554],[-81.601943,41.028553],[-81.601843,41.029953],[-81.603437,41.029953],[-81.605972,41.029907],[-81.60597,41.02984],[-81.608976,41.029783],[-81.609448,41.029781],[-81.609645,41.025851],[-81.613843,41.025849],[-81.614244,41.025853],[-81.615832,41.025852],[-81.621588,41.025949],[-81.624554,41.025951],[-81.624832,41.025951],[-81.625128,41.025955],[-81.625143,41.025594],[-81.625265,41.020955],[-81.625284,41.020373],[-81.627059,41.020466],[-81.627054,41.020161],[-81.627056,41.019348],[-81.627048,41.01915],[-81.627769,41.018922],[-81.627745,41.018641],[-81.627655,41.017819],[-81.627564,41.017722],[-81.627928,41.017405],[-81.628498,41.016908],[-81.628571,41.016842],[-81.628653,41.016884],[-81.630248,41.016898],[-81.630249,41.017795],[-81.633443,41.017797],[-81.633474,41.017797],[-81.634697,41.017797],[-81.634756,41.015972],[-81.63554,41.015992],[-81.638474,41.016066],[-81.639189,41.016067],[-81.639191,41.015514],[-81.639246,41.01465],[-81.639246,41.010553],[-81.639268,41.009921],[-81.639277,41.009731],[-81.639346,41.008253],[-81.639446,41.006253],[-81.639457,41.006112],[-81.642149,41.004943],[-81.643291,41.004513],[-81.643282,41.003822],[-81.643596,41.00368],[-81.643696,41.003714],[-81.643768,41.003724],[-81.644403,41.003743],[-81.64472,41.003749],[-81.647747,41.002308],[-81.648733,41.002288],[-81.64872,41.00213],[-81.648706,41.002041],[-81.649872,41.001745],[-81.649095,41.001033],[-81.649489,41.000791],[-81.649556,41.000749],[-81.649829,41.000577],[-81.649852,40.999552],[-81.649947,40.999552],[-81.649947,40.996753],[-81.649947,40.995913],[-81.649947,40.995853],[-81.650647,40.995953],[-81.650547,40.993653],[-81.649353,40.993654],[-81.649365,40.993487],[-81.649357,40.99346],[-81.649316,40.993317],[-81.649212,40.993161],[-81.648782,40.992745],[-81.648567,40.992523],[-81.648355,40.99256],[-81.646986,40.992559],[-81.646938,40.992563],[-81.646846,40.991853],[-81.646846,40.9917],[-81.646849,40.988558],[-81.645934,40.988555],[-81.644191,40.988555],[-81.643324,40.988567],[-81.64287,40.988568],[-81.642712,40.988568],[-81.639906,40.988563],[-81.63968,40.988565],[-81.639078,40.988568],[-81.637849,40.98857],[-81.637746,40.990853],[-81.638146,40.990753],[-81.638146,40.991853],[-81.637446,40.991853],[-81.638046,40.993853],[-81.636866,40.993844],[-81.636899,40.993914],[-81.637435,40.995097],[-81.637737,40.995773],[-81.63778,40.99587],[-81.637862,40.996051],[-81.638201,40.996795],[-81.63833,40.997106],[-81.638446,40.997422],[-81.63853,40.997676],[-81.638563,40.997792],[-81.63858,40.997853],[-81.638261,41.000153],[-81.638254,41.00034],[-81.638249,41.000472],[-81.636335,41.000458],[-81.633526,41.000354],[-81.632446,41.000353],[-81.63124,41.000354],[-81.631241,41.000239],[-81.631243,41.000141],[-81.630632,41.000008],[-81.630506,40.999969],[-81.63046,41.000158],[-81.630449,41.000353],[-81.629249,41.000353],[-81.626963,41.000256],[-81.625145,41.000253],[-81.625053,41.000251],[-81.622838,41.000208],[-81.619869,41.000154],[-81.619365,41.000174],[-81.619344,41.002172],[-81.616846,41.003119],[-81.616627,41.00317],[-81.616563,41.003176],[-81.615704,41.00322],[-81.615059,41.003244],[-81.614715,41.003253],[-81.614171,41.003259],[-81.613468,41.003259],[-81.612757,41.003245],[-81.612466,41.003234],[-81.611684,41.003193],[-81.611316,41.003179],[-81.610843,41.003168],[-81.610076,41.003165],[-81.609906,41.003161],[-81.609719,41.003149],[-81.609425,41.003122],[-81.608865,41.003072],[-81.608694,41.003058],[-81.608834,41.002687],[-81.609123,41.001971],[-81.609365,41.001432],[-81.609583,41.000898],[-81.609662,41.000687],[-81.609836,41.00014],[-81.609914,40.999808],[-81.609984,40.999426],[-81.61008,40.998759],[-81.610113,40.998311],[-81.610121,40.998138],[-81.61017,40.996969],[-81.610189,40.9965],[-81.610189,40.996385],[-81.610525,40.995044],[-81.609457,40.994988],[-81.609293,40.994892],[-81.609073,40.994783],[-81.608891,40.994716],[-81.608766,40.994679],[-81.60861,40.994645],[-81.608441,40.994621],[-81.608414,40.994619],[-81.60817,40.994602],[-81.608031,40.994601],[-81.607993,40.994603],[-81.605744,40.990953],[-81.605374,40.99069],[-81.605364,40.990659],[-81.605348,40.99061],[-81.605323,40.990563],[-81.605274,40.990497],[-81.605233,40.990458],[-81.605186,40.990423],[-81.605168,40.990399],[-81.605135,40.990351],[-81.605105,40.990303],[-81.605077,40.990253],[-81.60504,40.990177],[-81.605019,40.990125],[-81.605,40.990073],[-81.604994,40.990052],[-81.603664,40.989212],[-81.603342,40.989023],[-81.603006,40.988753],[-81.603964,40.988753],[-81.605444,40.988753],[-81.606153,40.988675],[-81.615585,40.988645],[-81.620418,40.98858],[-81.620645,40.988589],[-81.621978,40.988594],[-81.622628,40.98859],[-81.62325,40.988579],[-81.624553,40.988581],[-81.62569,40.988575],[-81.626755,40.988565],[-81.628061,40.988565],[-81.628277,40.988562],[-81.628624,40.988559],[-81.628813,40.988561],[-81.629315,40.988559],[-81.629438,40.988558],[-81.629987,40.988561],[-81.630029,40.986944],[-81.620874,40.986673],[-81.620885,40.986543],[-81.620897,40.986401],[-81.620915,40.985978],[-81.620972,40.98496],[-81.621579,40.984954],[-81.621579,40.98437],[-81.624681,40.98437],[-81.624681,40.98338],[-81.630774,40.983381],[-81.632319,40.983382],[-81.632394,40.983607],[-81.632617,40.984241],[-81.632742,40.98456],[-81.631501,40.984565],[-81.631086,40.984566],[-81.631152,40.985065],[-81.631555,40.985065],[-81.632934,40.985063],[-81.633101,40.98546],[-81.633581,40.986548],[-81.631721,40.986619],[-81.631357,40.98663],[-81.631417,40.986985],[-81.631682,40.987919],[-81.632027,40.987919],[-81.63272,40.987919],[-81.632719,40.988559],[-81.633357,40.988563],[-81.633868,40.98856],[-81.634475,40.988566],[-81.634419,40.988425],[-81.634173,40.987855],[-81.633937,40.987358],[-81.633889,40.98725],[-81.638232,40.987365],[-81.638564,40.987353],[-81.638946,40.987353],[-81.639592,40.98736],[-81.639565,40.987006],[-81.63954,40.986655],[-81.638318,40.986798],[-81.638162,40.986441],[-81.638058,40.986185],[-81.637977,40.985955],[-81.637954,40.985868],[-81.63781,40.985213],[-81.641304,40.985307],[-81.641358,40.982295],[-81.641739,40.982315],[-81.641661,40.987118],[-81.641657,40.987384],[-81.647657,40.987443],[-81.647655,40.98752],[-81.647665,40.987982],[-81.647666,40.987997],[-81.647689,40.988556],[-81.647689,40.988561],[-81.649483,40.988556]]]}},{"type":"Feature","properties":{"id":"peninsula","subdivision":"peninsula"},"geometry":{"type":"Polygon","coordinates":[[[-81.518909,41.239189],[-81.518984,41.232935],[-81.519815,41.233152],[-81.520302,41.233283],[-81.521232,41.233547],[-81.521918,41.233768],[-81.522185,41.23386],[-81.522536,41.233987],[-81.522988,41.234159],[-81.523611,41.234402],[-81.523705,41.234439],[-81.524231,41.234638],[-81.524548,41.234752],[-81.525048,41.234911],[-81.525466,41.235036],[-81.525751,41.235111],[-81.525993,41.235181],[-81.526567,41.235312],[-81.527212,41.235439],[-81.529219,41.235787],[-81.529995,41.235925],[-81.530325,41.235988],[-81.530637,41.236055],[-81.531101,41.236173],[-81.531317,41.236236],[-81.531518,41.236303],[-81.531749,41.236386],[-81.53199,41.236481],[-81.532466,41.236683],[-81.532437,41.234353],[-81.532537,41.229553],[-81.532437,41.226553],[-81.533742,41.226859],[-81.540769,41.226826],[-81.54107,41.226825],[-81.542364,41.226821],[-81.542635,41.226819],[-81.544027,41.226814],[-81.544158,41.22682],[-81.546161,41.226815],[-81.546439,41.226825],[-81.54659,41.226838],[-81.549954,41.226831],[-81.550462,41.226831],[-81.551538,41.225953],[-81.551656,41.225923],[-81.551736,41.225914],[-81.552151,41.2261],[-81.552346,41.226253],[-81.552561,41.226377],[-81.552927,41.226418],[-81.553042,41.226401],[-81.55332,41.226359],[-81.553569,41.226232],[-81.553766,41.226113],[-81.553887,41.225909],[-81.553876,41.225603],[-81.553874,41.225539],[-81.553498,41.225313],[-81.553184,41.225019],[-81.553092,41.224801],[-81.553134,41.224603],[-81.553286,41.224368],[-81.555093,41.223747],[-81.556239,41.223353],[-81.557939,41.220053],[-81.558539,41.219253],[-81.560139,41.219253],[-81.56083,41.219253],[-81.560999,41.219254],[-81.561338,41.219253],[-81.569539,41.219153],[-81.570239,41.219153],[-81.575144,41.219773],[-81.575195,41.227149],[-81.570975,41.227226],[-81.571239,41.233059],[-81.571037,41.233065],[-81.570467,41.233089],[-81.569067,41.233114],[-81.568777,41.233108],[-81.567492,41.233148],[-81.567239,41.234253],[-81.567487,41.237637],[-81.567567,41.238613],[-81.571139,41.238353],[-81.57474,41.238453],[-81.57494,41.242453],[-81.57494,41.243253],[-81.575464,41.243253],[-81.576517,41.243253],[-81.58044,41.243253],[-81.58264,41.241953],[-81.58454,41.241053],[-81.58454,41.245318],[-81.584535,41.247005],[-81.58411,41.247109],[-81.583065,41.247378],[-81.58174,41.24771],[-81.581236,41.247833],[-81.58098,41.247903],[-81.579085,41.248376],[-81.578722,41.248455],[-81.578524,41.24849],[-81.57834,41.248516],[-81.578166,41.248533],[-81.577882,41.248552],[-81.577645,41.248554],[-81.577641,41.250047],[-81.577648,41.251359],[-81.575504,41.251248],[-81.5756,41.250208],[-81.571401,41.250215],[-81.556751,41.250242],[-81.552338,41.250053],[-81.549757,41.250053],[-81.549639,41.250053],[-81.548338,41.250353],[-81.546238,41.252652],[-81.533137,41.252552],[-81.533138,41.250053],[-81.533128,41.245856],[-81.533141,41.244653],[-81.530918,41.24492],[-81.530818,41.244917],[-81.530176,41.244925],[-81.530145,41.244925],[-81.529708,41.244926],[-81.528074,41.244902],[-81.527668,41.244902],[-81.527445,41.244896],[-81.527231,41.244895],[-81.526947,41.244895],[-81.526521,41.244887],[-81.525705,41.244883],[-81.52523,41.244875],[-81.52441,41.24487],[-81.524044,41.244864],[-81.523266,41.244862],[-81.522537,41.244853],[-81.521429,41.244849],[-81.52006,41.244829],[-81.519289,41.244827],[-81.519234,41.244835],[-81.519194,41.244847],[-81.518909,41.239189]]]}},{"type":"Feature","properties":{"id":"richfield_township","subdivision":"richfield_township"},"geometry":{"type":"MultiPolygon","coordinates":[[[[-81.67203,41.277245],[-81.670509,41.277253],[-81.670198,41.277254],[-81.663251,41.277292],[-81.661996,41.277319],[-81.661801,41.277323],[-81.661144,41.277315],[-81.649596,41.277406],[-81.647952,41.277417],[-81.647156,41.277421],[-81.642615,41.277449],[-81.641995,41.277454],[-81.64146,41.277457],[-81.639089,41.277471],[-81.638708,41.277473],[-81.638547,41.277474],[-81.637848,41.277478],[-81.637844,41.277051],[-81.637839,41.276268],[-81.637838,41.276064],[-81.637819,41.274895],[-81.637816,41.274712],[-81.637806,41.274079],[-81.637674,41.266487],[-81.637675,41.265465],[-81.637644,41.264752],[-81.637646,41.260163],[-81.637644,41.258741],[-81.637641,41.254147],[-81.645245,41.254152],[-81.645244,41.255252],[-81.640881,41.255179],[-81.640882,41.257832],[-81.639246,41.2578],[-81.639289,41.258253],[-81.639677,41.258933],[-81.640194,41.259741],[-81.640667,41.260032],[-81.640667,41.261035],[-81.642389,41.261035],[-81.643122,41.262329],[-81.638639,41.262353],[-81.638732,41.26259],[-81.638803,41.262788],[-81.638863,41.262956],[-81.639274,41.264047],[-81.639453,41.264503],[-81.639609,41.26492],[-81.639741,41.265306],[-81.639793,41.265527],[-81.639842,41.265811],[-81.639897,41.266184],[-81.639913,41.266266],[-81.639954,41.266429],[-81.651743,41.266429],[-81.651719,41.268793],[-81.660311,41.268974],[-81.660334,41.26764],[-81.663368,41.26764],[-81.663365,41.267797],[-81.663344,41.26852],[-81.665941,41.268499],[-81.665963,41.263525],[-81.66349,41.263503],[-81.663501,41.263047],[-81.663379,41.263048],[-81.661855,41.263045],[-81.660463,41.263045],[-81.660465,41.262555],[-81.660469,41.261945],[-81.660471,41.261456],[-81.660471,41.26129],[-81.660086,41.261291],[-81.656454,41.261295],[-81.655615,41.261297],[-81.65544,41.261296],[-81.655447,41.260975],[-81.655489,41.25946],[-81.655617,41.25589],[-81.655635,41.255413],[-81.656602,41.255428],[-81.657953,41.25545],[-81.657944,41.256756],[-81.662345,41.256629],[-81.662386,41.255519],[-81.664548,41.255557],[-81.667191,41.255552],[-81.665743,41.253997],[-81.665487,41.253687],[-81.665315,41.253463],[-81.665352,41.252547],[-81.665368,41.252156],[-81.665381,41.251863],[-81.665362,41.249457],[-81.665356,41.247962],[-81.665352,41.247133],[-81.665347,41.245976],[-81.665342,41.245752],[-81.66655,41.245784],[-81.666634,41.245787],[-81.667632,41.245755],[-81.667745,41.23959],[-81.667442,41.239589],[-81.666693,41.239592],[-81.665065,41.239593],[-81.66495,41.239594],[-81.665151,41.234873],[-81.668553,41.234961],[-81.668557,41.232529],[-81.66238,41.232476],[-81.662371,41.231576],[-81.662365,41.230901],[-81.662448,41.224947],[-81.663092,41.224949],[-81.663552,41.224951],[-81.665447,41.224957],[-81.665586,41.224113],[-81.66559,41.220393],[-81.665126,41.220392],[-81.665146,41.217553],[-81.664371,41.217514],[-81.661191,41.217354],[-81.654667,41.217302],[-81.654674,41.215827],[-81.654674,41.215471],[-81.65443,41.202186],[-81.654731,41.202186],[-81.657549,41.202166],[-81.658256,41.202156],[-81.660091,41.202147],[-81.661745,41.202135],[-81.663,41.202131],[-81.665526,41.202116],[-81.666093,41.20212],[-81.66663,41.202119],[-81.671631,41.202117],[-81.672897,41.202117],[-81.675901,41.202119],[-81.676502,41.20212],[-81.676782,41.202121],[-81.678484,41.202118],[-81.680104,41.202123],[-81.680501,41.202125],[-81.681004,41.202122],[-81.681456,41.20212],[-81.682443,41.20212],[-81.683175,41.202119],[-81.684328,41.20213],[-81.685645,41.20213],[-81.685547,41.208552],[-81.685575,41.208944],[-81.685654,41.209977],[-81.685653,41.210072],[-81.685447,41.219552],[-81.685452,41.224384],[-81.685451,41.224445],[-81.685354,41.23752],[-81.685321,41.23945],[-81.68532,41.239587],[-81.685281,41.245822],[-81.685256,41.24962],[-81.685179,41.260937],[-81.685179,41.261029],[-81.685026,41.271208],[-81.684952,41.277109],[-81.68495,41.277125],[-81.684949,41.277144],[-81.684935,41.277144],[-81.684858,41.27714],[-81.684768,41.277137],[-81.684641,41.27713],[-81.68462,41.277129],[-81.68458,41.277127],[-81.684409,41.277123],[-81.684358,41.277123],[-81.684251,41.277124],[-81.681758,41.277144],[-81.67938,41.277165],[-81.679236,41.277167],[-81.678127,41.277179],[-81.676879,41.277192],[-81.674165,41.277221],[-81.67203,41.277245]]],[[[-81.614228,41.204675],[-81.61421,41.205553],[-81.614209,41.205849],[-81.614202,41.206769],[-81.614204,41.207434],[-81.614188,41.208766],[-81.614184,41.208907],[-81.614187,41.209436],[-81.614175,41.210132],[-81.612087,41.21012],[-81.611642,41.209853],[-81.611037,41.210274],[-81.611345,41.210562],[-81.611404,41.210659],[-81.61191,41.211026],[-81.611986,41.211113],[-81.611993,41.211209],[-81.612231,41.211129],[-81.613131,41.210711],[-81.614146,41.210766],[-81.614063,41.211705],[-81.614041,41.211916],[-81.613978,41.21282],[-81.611803,41.212816],[-81.611808,41.213403],[-81.613942,41.213403],[-81.613836,41.214996],[-81.613819,41.215334],[-81.613799,41.215602],[-81.613768,41.215899],[-81.613747,41.216026],[-81.613714,41.216151],[-81.613481,41.216823],[-81.613423,41.217],[-81.613319,41.217391],[-81.613298,41.217578],[-81.613286,41.217764],[-81.613265,41.218472],[-81.613265,41.2187],[-81.613254,41.219228],[-81.613257,41.219411],[-81.613251,41.21958],[-81.613242,41.220411],[-81.613242,41.220866],[-81.613637,41.220867],[-81.614075,41.220868],[-81.61424,41.220873],[-81.614411,41.220885],[-81.614571,41.220901],[-81.614832,41.220941],[-81.615312,41.22102],[-81.615819,41.221104],[-81.615902,41.221117],[-81.616596,41.22123],[-81.616894,41.221274],[-81.617022,41.221286],[-81.617236,41.221292],[-81.617467,41.221284],[-81.617592,41.22127],[-81.61773,41.221248],[-81.617867,41.221219],[-81.61825,41.221111],[-81.618422,41.221054],[-81.618673,41.220972],[-81.619075,41.220836],[-81.619193,41.220801],[-81.619324,41.22077],[-81.619435,41.220752],[-81.619682,41.220726],[-81.619835,41.220719],[-81.619948,41.220718],[-81.620082,41.220726],[-81.620538,41.220769],[-81.621136,41.220826],[-81.621431,41.220856],[-81.621675,41.220871],[-81.621822,41.220876],[-81.621996,41.220875],[-81.624288,41.220782],[-81.624989,41.220752],[-81.625689,41.220728],[-81.62574,41.220726],[-81.626038,41.22072],[-81.626364,41.220708],[-81.626813,41.220692],[-81.627649,41.220657],[-81.628336,41.220626],[-81.628312,41.221436],[-81.627793,41.221436],[-81.627613,41.222917],[-81.62766,41.223759],[-81.627721,41.224847],[-81.627949,41.226923],[-81.629196,41.226796],[-81.629337,41.226782],[-81.629894,41.226419],[-81.630768,41.22618],[-81.63259,41.225745],[-81.63274,41.225709],[-81.63347,41.2254],[-81.634613,41.224866],[-81.635595,41.224367],[-81.636558,41.223878],[-81.636555,41.224183],[-81.636551,41.224558],[-81.636548,41.224857],[-81.635456,41.225374],[-81.634473,41.225876],[-81.634053,41.22618],[-81.633428,41.226633],[-81.633201,41.226796],[-81.631954,41.227343],[-81.63165,41.227879],[-81.630875,41.229251],[-81.630103,41.230328],[-81.629348,41.231445],[-81.629302,41.231478],[-81.628662,41.231971],[-81.628495,41.233398],[-81.628565,41.23411],[-81.628593,41.234781],[-81.628652,41.235284],[-81.628802,41.237416],[-81.628831,41.238756],[-81.628576,41.238764],[-81.628173,41.238764],[-81.628058,41.237607],[-81.627914,41.2363],[-81.627817,41.235499],[-81.627677,41.233955],[-81.627484,41.233398],[-81.62741,41.233179],[-81.627366,41.233072],[-81.627261,41.232873],[-81.627192,41.232757],[-81.627103,41.232632],[-81.626894,41.232394],[-81.626814,41.232312],[-81.626706,41.232214],[-81.62646,41.232013],[-81.626235,41.231838],[-81.625763,41.231483],[-81.624409,41.231474],[-81.6244,41.230351],[-81.624323,41.230239],[-81.624208,41.230045],[-81.624155,41.229913],[-81.623848,41.229977],[-81.623449,41.230048],[-81.623029,41.230111],[-81.618048,41.23072],[-81.61807,41.232838],[-81.616631,41.232855],[-81.616631,41.233548],[-81.618074,41.233527],[-81.618085,41.235856],[-81.617169,41.23607],[-81.61656,41.236384],[-81.616651,41.236484],[-81.61671,41.236457],[-81.617317,41.23616],[-81.618085,41.236004],[-81.618086,41.236041],[-81.618263,41.236039],[-81.620214,41.236027],[-81.62022,41.236935],[-81.620347,41.239563],[-81.6209,41.239486],[-81.622048,41.239338],[-81.622307,41.239305],[-81.622535,41.23928],[-81.622716,41.239266],[-81.623019,41.239256],[-81.6232,41.239257],[-81.62326,41.23926],[-81.623618,41.239276],[-81.62393,41.239304],[-81.623944,41.241968],[-81.623063,41.241987],[-81.619743,41.242059],[-81.619743,41.244253],[-81.619907,41.244709],[-81.619743,41.245353],[-81.619743,41.245653],[-81.620343,41.245653],[-81.621731,41.245829],[-81.621827,41.246357],[-81.624843,41.246364],[-81.628923,41.246386],[-81.629338,41.246388],[-81.635171,41.246665],[-81.631844,41.252873],[-81.631695,41.253147],[-81.631356,41.25527],[-81.631112,41.255771],[-81.630226,41.257709],[-81.629492,41.258776],[-81.628515,41.260148],[-81.627012,41.261668],[-81.626467,41.262123],[-81.62617,41.262389],[-81.626204,41.262728],[-81.622044,41.262749],[-81.622041,41.265305],[-81.622043,41.266852],[-81.622075,41.269315],[-81.626452,41.269336],[-81.626555,41.270615],[-81.626642,41.272644],[-81.626535,41.272938],[-81.626276,41.273646],[-81.622108,41.273655],[-81.622119,41.274476],[-81.625976,41.274477],[-81.625713,41.275197],[-81.623601,41.275191],[-81.620415,41.275144],[-81.620441,41.275166],[-81.620551,41.275246],[-81.620874,41.27546],[-81.621251,41.275703],[-81.615949,41.275835],[-81.615921,41.274837],[-81.609922,41.277378],[-81.610072,41.277498],[-81.609656,41.277494],[-81.604516,41.277449],[-81.602594,41.277463],[-81.600552,41.277478],[-81.595804,41.277513],[-81.592585,41.277536],[-81.590541,41.277551],[-81.590441,41.267051],[-81.590641,41.265552],[-81.590677,41.258279],[-81.590673,41.257089],[-81.590673,41.255113],[-81.590687,41.254007],[-81.590737,41.25376],[-81.590728,41.253466],[-81.590707,41.25137],[-81.590641,41.246753],[-81.590542,41.245336],[-81.590573,41.245027],[-81.590567,41.244958],[-81.590524,41.244092],[-81.590525,41.243275],[-81.59054,41.242454],[-81.59056,41.242363],[-81.590569,41.242284],[-81.590572,41.242205],[-81.590558,41.24124],[-81.59054,41.240514],[-81.590546,41.240045],[-81.590545,41.238993],[-81.590539,41.238603],[-81.59053,41.235943],[-81.590534,41.235255],[-81.59054,41.234192],[-81.59055,41.233628],[-81.590553,41.233007],[-81.590533,41.232898],[-81.59051,41.232851],[-81.590486,41.232822],[-81.590436,41.232785],[-81.590378,41.232756],[-81.590343,41.232745],[-81.590568,41.226694],[-81.59057,41.225061],[-81.590551,41.224342],[-81.590559,41.223721],[-81.590528,41.222134],[-81.590512,41.221692],[-81.590641,41.220253],[-81.590541,41.215953],[-81.590641,41.215553],[-81.590548,41.21511],[-81.590441,41.209153],[-81.590441,41.206965],[-81.590441,41.206253],[-81.590445,41.205785],[-81.590441,41.202653],[-81.597741,41.202653],[-81.604175,41.202609],[-81.604402,41.202593],[-81.604588,41.202587],[-81.605244,41.202581],[-81.605945,41.20258],[-81.606458,41.202573],[-81.606536,41.202572],[-81.607086,41.202571],[-81.608788,41.20255],[-81.609661,41.202549],[-81.611385,41.202531],[-81.611441,41.202531],[-81.61272,41.202524],[-81.612952,41.202521],[-81.614259,41.202507],[-81.61423,41.202817],[-81.614226,41.202933],[-81.614229,41.203385],[-81.614222,41.203626],[-81.614228,41.204675]]],[[[-81.647972,41.256223],[-81.647233,41.256223],[-81.647252,41.255283],[-81.648549,41.255303],[-81.650973,41.255341],[-81.650973,41.255974],[-81.64982,41.255951],[-81.649868,41.260397],[-81.649263,41.260365],[-81.649377,41.258649],[-81.647843,41.25859],[-81.647972,41.256223]]],[[[-81.625155,41.276773],[-81.625036,41.277179],[-81.62492,41.277555],[-81.618516,41.277556],[-81.615957,41.277556],[-81.615953,41.277299],[-81.615955,41.276145],[-81.621596,41.275925],[-81.622297,41.276377],[-81.622471,41.276496],[-81.622667,41.276615],[-81.622757,41.276655],[-81.6228,41.276674],[-81.622889,41.276703],[-81.623005,41.276734],[-81.623144,41.276756],[-81.623308,41.276765],[-81.624996,41.276773],[-81.625155,41.276773]]]]}},{"type":"Feature","properties":{"id":"richfield_village","subdivision":"richfield_village"},"geometry":{"type":"Polygon","coordinates":[[[-81.654001,41.202186],[-81.65443,41.202186],[-81.654674,41.215471],[-81.654674,41.215827],[-81.654667,41.217302],[-81.661191,41.217354],[-81.664371,41.217514],[-81.665146,41.217553],[-81.665126,41.220392],[-81.66559,41.220393],[-81.665586,41.224113],[-81.665447,41.224957],[-81.663552,41.224951],[-81.663092,41.224949],[-81.662448,41.224947],[-81.662365,41.230901],[-81.662371,41.231576],[-81.66238,41.232476],[-81.668557,41.232529],[-81.668553,41.234961],[-81.665151,41.234873],[-81.66495,41.239594],[-81.665065,41.239593],[-81.666693,41.239592],[-81.667442,41.239589],[-81.667745,41.23959],[-81.667632,41.245755],[-81.666634,41.245787],[-81.66655,41.245784],[-81.665342,41.245752],[-81.665347,41.245976],[-81.665352,41.247133],[-81.665356,41.247962],[-81.665362,41.249457],[-81.665381,41.251863],[-81.665368,41.252156],[-81.665352,41.252547],[-81.665315,41.253463],[-81.665487,41.253687],[-81.665743,41.253997],[-81.667191,41.255552],[-81.664548,41.255557],[-81.662386,41.255519],[-81.662345,41.256629],[-81.657944,41.256756],[-81.657953,41.25545],[-81.656602,41.255428],[-81.655635,41.255413],[-81.655617,41.25589],[-81.655489,41.25946],[-81.655447,41.260975],[-81.65544,41.261296],[-81.655615,41.261297],[-81.656454,41.261295],[-81.660086,41.261291],[-81.660471,41.26129],[-81.660471,41.261456],[-81.660469,41.261945],[-81.660465,41.262555],[-81.660463,41.263045],[-81.661855,41.263045],[-81.663379,41.263048],[-81.663501,41.263047],[-81.66349,41.263503],[-81.665963,41.263525],[-81.665941,41.268499],[-81.663344,41.26852],[-81.663365,41.267797],[-81.663368,41.26764],[-81.660334,41.26764],[-81.660311,41.268974],[-81.651719,41.268793],[-81.651743,41.266429],[-81.639954,41.266429],[-81.639913,41.266266],[-81.639897,41.266184],[-81.639842,41.265811],[-81.639793,41.265527],[-81.639741,41.265306],[-81.639609,41.26492],[-81.639453,41.264503],[-81.639274,41.264047],[-81.638863,41.262956],[-81.638803,41.262788],[-81.638732,41.26259],[-81.638639,41.262353],[-81.643122,41.262329],[-81.642389,41.261035],[-81.640667,41.261035],[-81.640667,41.260032],[-81.640194,41.259741],[-81.639677,41.258933],[-81.639289,41.258253],[-81.639246,41.2578],[-81.640882,41.257832],[-81.640881,41.255179],[-81.645244,41.255252],[-81.645245,41.254152],[-81.637641,41.254147],[-81.637644,41.258741],[-81.637646,41.260163],[-81.637644,41.264752],[-81.637675,41.265465],[-81.637674,41.266487],[-81.637806,41.274079],[-81.637816,41.274712],[-81.637819,41.274895],[-81.637838,41.276064],[-81.637839,41.276268],[-81.637844,41.277051],[-81.637848,41.277478],[-81.636716,41.277485],[-81.636669,41.277485],[-81.636541,41.277486],[-81.636395,41.277488],[-81.636115,41.27749],[-81.635971,41.27749],[-81.627353,41.277541],[-81.625679,41.277551],[-81.62492,41.277555],[-81.625036,41.277179],[-81.625155,41.276773],[-81.624996,41.276773],[-81.623308,41.276765],[-81.623144,41.276756],[-81.623005,41.276734],[-81.622889,41.276703],[-81.6228,41.276674],[-81.622757,41.276655],[-81.622667,41.276615],[-81.622471,41.276496],[-81.622297,41.276377],[-81.621596,41.275925],[-81.615955,41.276145],[-81.615953,41.277299],[-81.615957,41.277556],[-81.610072,41.277498],[-81.609922,41.277378],[-81.615921,41.274837],[-81.615949,41.275835],[-81.621251,41.275703],[-81.620874,41.27546],[-81.620551,41.275246],[-81.620441,41.275166],[-81.620415,41.275144],[-81.623601,41.275191],[-81.625713,41.275197],[-81.625976,41.274477],[-81.622119,41.274476],[-81.622108,41.273655],[-81.626276,41.273646],[-81.626535,41.272938],[-81.626642,41.272644],[-81.626555,41.270615],[-81.626452,41.269336],[-81.622075,41.269315],[-81.622043,41.266852],[-81.622041,41.265305],[-81.622044,41.262749],[-81.626204,41.262728],[-81.62617,41.262389],[-81.626467,41.262123],[-81.627012,41.261668],[-81.628515,41.260148],[-81.629492,41.258776],[-81.630226,41.257709],[-81.631112,41.255771],[-81.631356,41.25527],[-81.631695,41.253147],[-81.631844,41.252873],[-81.635171,41.246665],[-81.629338,41.246388],[-81.628923,41.246386],[-81.624843,41.246364],[-81.621827,41.246357],[-81.621731,41.245829],[-81.620343,41.245653],[-81.619743,41.245653],[-81.619743,41.245353],[-81.619907,41.244709],[-81.619743,41.244253],[-81.619743,41.242059],[-81.623063,41.241987],[-81.623944,41.241968],[-81.62393,41.239304],[-81.623618,41.239276],[-81.62326,41.23926],[-81.6232,41.239257],[-81.623019,41.239256],[-81.622716,41.239266],[-81.622535,41.23928],[-81.622307,41.239305],[-81.622048,41.239338],[-81.6209,41.239486],[-81.620347,41.239563],[-81.62022,41.236935],[-81.620214,41.236027],[-81.618263,41.236039],[-81.618086,41.236041],[-81.618085,41.236004],[-81.617317,41.23616],[-81.61671,41.236457],[-81.616651,41.236484],[-81.61656,41.236384],[-81.617169,41.23607],[-81.618085,41.235856],[-81.618074,41.233527],[-81.616631,41.233548],[-81.616631,41.232855],[-81.61807,41.232838],[-81.618048,41.23072],[-81.623029,41.230111],[-81.623449,41.230048],[-81.623848,41.229977],[-81.624155,41.229913],[-81.624208,41.230045],[-81.624323,41.230239],[-81.6244,41.230351],[-81.624409,41.231474],[-81.625763,41.231483],[-81.626235,41.231838],[-81.62646,41.232013],[-81.626706,41.232214],[-81.626814,41.232312],[-81.626894,41.232394],[-81.627103,41.232632],[-81.627192,41.232757],[-81.627261,41.232873],[-81.627366,41.233072],[-81.62741,41.233179],[-81.627484,41.233398],[-81.627677,41.233955],[-81.627817,41.235499],[-81.627914,41.2363],[-81.628058,41.237607],[-81.628173,41.238764],[-81.628576,41.238764],[-81.628831,41.238756],[-81.628802,41.237416],[-81.628652,41.235284],[-81.628593,41.234781],[-81.628565,41.23411],[-81.628495,41.233398],[-81.628662,41.231971],[-81.629302,41.231478],[-81.629348,41.231445],[-81.630103,41.230328],[-81.630875,41.229251],[-81.63165,41.227879],[-81.631954,41.227343],[-81.633201,41.226796],[-81.633428,41.226633],[-81.634053,41.22618],[-81.634473,41.225876],[-81.635456,41.225374],[-81.636548,41.224857],[-81.636551,41.224558],[-81.636555,41.224183],[-81.636558,41.223878],[-81.635595,41.224367],[-81.634613,41.224866],[-81.63347,41.2254],[-81.63274,41.225709],[-81.63259,41.225745],[-81.630768,41.22618],[-81.629894,41.226419],[-81.629337,41.226782],[-81.629196,41.226796],[-81.627949,41.226923],[-81.627721,41.224847],[-81.62766,41.223759],[-81.627613,41.222917],[-81.627793,41.221436],[-81.628312,41.221436],[-81.628336,41.220626],[-81.627649,41.220657],[-81.626813,41.220692],[-81.626364,41.220708],[-81.626038,41.22072],[-81.62574,41.220726],[-81.625689,41.220728],[-81.624989,41.220752],[-81.624288,41.220782],[-81.621996,41.220875],[-81.621822,41.220876],[-81.621675,41.220871],[-81.621431,41.220856],[-81.621136,41.220826],[-81.620538,41.220769],[-81.620082,41.220726],[-81.619948,41.220718],[-81.619835,41.220719],[-81.619682,41.220726],[-81.619435,41.220752],[-81.619324,41.22077],[-81.619193,41.220801],[-81.619075,41.220836],[-81.618673,41.220972],[-81.618422,41.221054],[-81.61825,41.221111],[-81.617867,41.221219],[-81.61773,41.221248],[-81.617592,41.22127],[-81.617467,41.221284],[-81.617236,41.221292],[-81.617022,41.221286],[-81.616894,41.221274],[-81.616596,41.22123],[-81.615902,41.221117],[-81.615819,41.221104],[-81.615312,41.22102],[-81.614832,41.220941],[-81.614571,41.220901],[-81.614411,41.220885],[-81.61424,41.220873],[-81.614075,41.220868],[-81.613637,41.220867],[-81.613242,41.220866],[-81.613242,41.220411],[-81.613251,41.21958],[-81.613257,41.219411],[-81.613254,41.219228],[-81.613265,41.2187],[-81.613265,41.218472],[-81.613286,41.217764],[-81.613298,41.217578],[-81.613319,41.217391],[-81.613423,41.217],[-81.613481,41.216823],[-81.613714,41.216151],[-81.613747,41.216026],[-81.613768,41.215899],[-81.613799,41.215602],[-81.613819,41.215334],[-81.613836,41.214996],[-81.613942,41.213403],[-81.611808,41.213403],[-81.611803,41.212816],[-81.613978,41.21282],[-81.614041,41.211916],[-81.614063,41.211705],[-81.614146,41.210766],[-81.613131,41.210711],[-81.612231,41.211129],[-81.611993,41.211209],[-81.611986,41.211113],[-81.61191,41.211026],[-81.611404,41.210659],[-81.611345,41.210562],[-81.611037,41.210274],[-81.611642,41.209853],[-81.612087,41.21012],[-81.614175,41.210132],[-81.614187,41.209436],[-81.614184,41.208907],[-81.614188,41.208766],[-81.614204,41.207434],[-81.614202,41.206769],[-81.614209,41.205849],[-81.61421,41.205553],[-81.614228,41.204675],[-81.614222,41.203626],[-81.614229,41.203385],[-81.614226,41.202933],[-81.61423,41.202817],[-81.614259,41.202507],[-81.616086,41.202483],[-81.616643,41.202481],[-81.618252,41.202464],[-81.618728,41.202466],[-81.621496,41.202442],[-81.622337,41.20243],[-81.622699,41.20243],[-81.625426,41.202405],[-81.625836,41.202402],[-81.625984,41.202401],[-81.629909,41.202358],[-81.63051,41.202352],[-81.631843,41.202339],[-81.632529,41.202336],[-81.633201,41.202331],[-81.634574,41.202312],[-81.63502,41.202309],[-81.635863,41.202304],[-81.636542,41.202296],[-81.637235,41.202295],[-81.63756,41.2023],[-81.638033,41.202285],[-81.638966,41.202285],[-81.641582,41.202264],[-81.641786,41.202262],[-81.643204,41.202254],[-81.644644,41.202251],[-81.645191,41.202247],[-81.647389,41.202231],[-81.647688,41.202229],[-81.647792,41.202229],[-81.648964,41.202224],[-81.649262,41.202221],[-81.649929,41.202216],[-81.651818,41.202202],[-81.653168,41.202192],[-81.654001,41.202186]],[[-81.649263,41.260365],[-81.649868,41.260397],[-81.64982,41.255951],[-81.650973,41.255974],[-81.650973,41.255341],[-81.648549,41.255303],[-81.647252,41.255283],[-81.647233,41.256223],[-81.647972,41.256223],[-81.647843,41.25859],[-81.649377,41.258649],[-81.649263,41.260365]]]}}]}