{"type":"FeatureCollection","features":[{"type":"Feature","properties":{"id":"barberton","subdivision":"barberton"},"geometry":{"type":"Polygon","coordinates":[[[-81.630474,40.986904],[-81.630399,40.988562],[-81.629987,40.988563],[-81.629438,40.98856],[-81.6293,40.988561],[-81.628813,40.988563],[-81.628624,40.988561],[-81.628277,40.988564],[-81.628061,40.988567],[-81.626755,40.988567],[-81.62569,40.988577],[-81.624553,40.988583],[-81.62325,40.988581],[-81.622628,40.988592],[-81.621978,40.988596],[-81.620645,40.988591],[-81.620418,40.988582],[-81.615585,40.988647],[-81.606153,40.988677],[-81.605444,40.988755],[-81.603964,40.988755],[-81.603964,40.988773],[-81.603977,40.988786],[-81.60398,40.988804],[-81.603999,40.988844],[-81.604022,40.988884],[-81.604045,40.988925],[-81.604066,40.988975],[-81.60409,40.989024],[-81.604116,40.989073],[-81.604146,40.98912],[-81.604178,40.989166],[-81.604213,40.989212],[-81.604251,40.989256],[-81.604291,40.989299],[-81.604312,40.989319],[-81.604328,40.989346],[-81.60435,40.98937],[-81.604377,40.989391],[-81.604407,40.989408],[-81.604424,40.989416],[-81.604476,40.989454],[-81.604524,40.989495],[-81.604566,40.98954],[-81.604611,40.989577],[-81.604652,40.989616],[-81.60469,40.989656],[-81.604726,40.989699],[-81.604787,40.989776],[-81.604804,40.989798],[-81.604844,40.989839],[-81.604867,40.989857],[-81.604883,40.989863],[-81.604899,40.989874],[-81.604908,40.989886],[-81.604912,40.989898],[-81.604954,40.989955],[-81.604978,40.989996],[-81.604985,40.990023],[-81.604994,40.990054],[-81.605,40.990075],[-81.605019,40.990127],[-81.60504,40.990179],[-81.605077,40.990255],[-81.605105,40.990305],[-81.605135,40.990353],[-81.605168,40.990401],[-81.605186,40.990425],[-81.605233,40.99046],[-81.605274,40.990499],[-81.605323,40.990565],[-81.605348,40.990612],[-81.605364,40.990661],[-81.605374,40.990692],[-81.605744,40.990955],[-81.607948,40.994531],[-81.608032,40.994531],[-81.608129,40.99453],[-81.608228,40.994534],[-81.608327,40.994543],[-81.608378,40.99455],[-81.608425,40.994557],[-81.608481,40.994567],[-81.608538,40.994579],[-81.608575,40.994583],[-81.608711,40.994599],[-81.60873,40.994635],[-81.608865,40.994652],[-81.609299,40.994708],[-81.610204,40.994698],[-81.610163,40.996044],[-81.610171,40.996088],[-81.610189,40.996308],[-81.610189,40.996387],[-81.610189,40.996502],[-81.61017,40.996971],[-81.610121,40.99814],[-81.610113,40.998313],[-81.61008,40.998761],[-81.609984,40.999428],[-81.609914,40.99981],[-81.609836,41.000142],[-81.609662,41.000689],[-81.609583,41.0009],[-81.609365,41.001434],[-81.609123,41.001973],[-81.608834,41.002689],[-81.608694,41.00306],[-81.608865,41.003074],[-81.609425,41.003124],[-81.609719,41.003151],[-81.609906,41.003163],[-81.610076,41.003167],[-81.610843,41.00317],[-81.611316,41.003181],[-81.611684,41.003195],[-81.612466,41.003236],[-81.612757,41.003247],[-81.613468,41.003261],[-81.614171,41.003261],[-81.614715,41.003255],[-81.615059,41.003246],[-81.615704,41.003222],[-81.616563,41.003178],[-81.616627,41.003172],[-81.616846,41.003121],[-81.619155,41.002246],[-81.619193,41.000595],[-81.6192,41.0003],[-81.619203,41.000186],[-81.619365,41.000189],[-81.619868,41.000199],[-81.619974,41.000201],[-81.620516,41.000211],[-81.620809,41.000217],[-81.621108,41.000223],[-81.621651,41.000234],[-81.623365,41.000313],[-81.624071,41.00032],[-81.624766,41.000328],[-81.624994,41.000329],[-81.625089,41.000329],[-81.625251,41.00033],[-81.625413,41.00033],[-81.625575,41.000331],[-81.625739,41.000331],[-81.625901,41.000332],[-81.626067,41.000332],[-81.62623,41.000333],[-81.62639,41.000333],[-81.626554,41.000334],[-81.626715,41.000334],[-81.626877,41.000335],[-81.626961,41.000334],[-81.627058,41.000335],[-81.627868,41.000342],[-81.628035,41.000343],[-81.628202,41.000344],[-81.628367,41.000345],[-81.628538,41.000347],[-81.628657,41.000348],[-81.62867,41.000348],[-81.628825,41.000349],[-81.628917,41.00035],[-81.628992,41.000351],[-81.629156,41.000353],[-81.629249,41.000355],[-81.630321,41.000373],[-81.630326,41.000042],[-81.630325,40.999968],[-81.630506,40.999971],[-81.630629,40.999974],[-81.631248,40.999955],[-81.631246,41.000051],[-81.631675,41.000056],[-81.632163,41.000062],[-81.632162,41.000172],[-81.632161,41.000246],[-81.63216,41.000308],[-81.633527,41.000323],[-81.636337,41.000355],[-81.636423,41.000355],[-81.636591,41.000357],[-81.636669,41.000358],[-81.636821,41.00036],[-81.63708,41.000362],[-81.637246,41.000364],[-81.637572,41.000368],[-81.637898,41.000371],[-81.638061,41.000373],[-81.638221,41.000375],[-81.638253,41.000377],[-81.638261,41.000155],[-81.638279,41.000027],[-81.638377,40.997236],[-81.63833,40.997108],[-81.638201,40.996797],[-81.63778,40.995872],[-81.637435,40.995099],[-81.636899,40.993916],[-81.636866,40.993846],[-81.638046,40.993855],[-81.637446,40.991855],[-81.637438,40.991813],[-81.637476,40.991812],[-81.63798,40.991818],[-81.637984,40.991575],[-81.637988,40.991365],[-81.637993,40.991115],[-81.637997,40.99087],[-81.637892,40.990869],[-81.637892,40.990622],[-81.63789,40.989272],[-81.637889,40.988927],[-81.637889,40.988647],[-81.63789,40.988572],[-81.639078,40.98857],[-81.63968,40.988567],[-81.639906,40.988565],[-81.642712,40.98857],[-81.64287,40.98857],[-81.643324,40.988569],[-81.644191,40.988557],[-81.645934,40.988557],[-81.646849,40.98856],[-81.647037,40.988561],[-81.647027,40.989014],[-81.64704,40.989735],[-81.647027,40.990076],[-81.647019,40.990267],[-81.647006,40.990578],[-81.646995,40.990833],[-81.646985,40.991083],[-81.646982,40.991155],[-81.646968,40.991556],[-81.646964,40.991627],[-81.646961,40.991671],[-81.646938,40.992565],[-81.646986,40.992561],[-81.648355,40.992562],[-81.648567,40.992525],[-81.648782,40.992747],[-81.649212,40.993163],[-81.649285,40.993273],[-81.649363,40.993275],[-81.649457,40.993277],[-81.650542,40.993301],[-81.650468,40.995907],[-81.650466,40.99599],[-81.649861,40.995984],[-81.649856,40.996108],[-81.649818,40.99715],[-81.649719,40.997149],[-81.649716,40.997308],[-81.64971,40.997632],[-81.649703,40.997944],[-81.649699,40.998107],[-81.649688,40.998578],[-81.649677,40.999048],[-81.649676,40.999145],[-81.649674,40.999208],[-81.64967,40.99941],[-81.649662,40.999735],[-81.649596,40.999734],[-81.649586,41.000043],[-81.649567,41.000631],[-81.649556,41.000751],[-81.649489,41.000793],[-81.649234,41.000949],[-81.649302,41.001011],[-81.649985,41.001622],[-81.649786,41.001669],[-81.649615,41.001709],[-81.649176,41.001813],[-81.648669,41.001934],[-81.648678,41.001945],[-81.648706,41.002043],[-81.64872,41.002132],[-81.648727,41.002223],[-81.648576,41.002222],[-81.64823,41.00222],[-81.648103,41.002219],[-81.647863,41.00222],[-81.647845,41.00222],[-81.647512,41.002501],[-81.647171,41.002663],[-81.646694,41.002842],[-81.644467,41.003746],[-81.644403,41.003745],[-81.643768,41.003726],[-81.643696,41.003716],[-81.643596,41.003682],[-81.643282,41.003824],[-81.643259,41.003833],[-81.643248,41.004365],[-81.641837,41.004939],[-81.641685,41.004999],[-81.641601,41.005033],[-81.64138,41.005123],[-81.640932,41.005305],[-81.640538,41.005464],[-81.640161,41.005617],[-81.640099,41.005643],[-81.639688,41.005814],[-81.639513,41.005886],[-81.639511,41.005956],[-81.639508,41.006092],[-81.639502,41.006321],[-81.639493,41.006714],[-81.639464,41.007934],[-81.639454,41.00837],[-81.639427,41.009529],[-81.639421,41.009835],[-81.639409,41.010095],[-81.639405,41.010211],[-81.639401,41.010344],[-81.6394,41.010406],[-81.639398,41.010682],[-81.639397,41.010967],[-81.639394,41.011111],[-81.639368,41.012552],[-81.639344,41.013901],[-81.639331,41.01485],[-81.639323,41.015397],[-81.639318,41.015715],[-81.639312,41.015982],[-81.639311,41.016051],[-81.638475,41.016045],[-81.638476,41.016012],[-81.638367,41.01601],[-81.637802,41.016003],[-81.637353,41.015998],[-81.637265,41.015997],[-81.636789,41.015991],[-81.635423,41.015975],[-81.63506,41.01597],[-81.634726,41.015966],[-81.634497,41.015963],[-81.634186,41.01596],[-81.63353,41.015943],[-81.633474,41.017799],[-81.633472,41.017845],[-81.633106,41.017843],[-81.632745,41.017841],[-81.632295,41.017839],[-81.63086,41.017832],[-81.630665,41.017831],[-81.630311,41.017829],[-81.630331,41.01707],[-81.630117,41.01706],[-81.62996,41.017053],[-81.629561,41.017035],[-81.629452,41.017029],[-81.62896,41.017002],[-81.628933,41.016972],[-81.628837,41.016979],[-81.628585,41.016951],[-81.628604,41.016933],[-81.628627,41.016911],[-81.628653,41.016886],[-81.628571,41.016844],[-81.628549,41.016864],[-81.628498,41.01691],[-81.627564,41.017724],[-81.627655,41.017821],[-81.627681,41.018062],[-81.62762,41.018069],[-81.627648,41.018454],[-81.62766,41.018639],[-81.627667,41.01871],[-81.627658,41.018923],[-81.627109,41.018963],[-81.627075,41.018966],[-81.627048,41.019152],[-81.627056,41.01935],[-81.627054,41.020163],[-81.627059,41.020468],[-81.625284,41.020375],[-81.625136,41.020378],[-81.625137,41.020407],[-81.625139,41.020541],[-81.625142,41.020814],[-81.625143,41.020856],[-81.625143,41.020896],[-81.625145,41.02095],[-81.625145,41.021034],[-81.625146,41.021088],[-81.625147,41.021213],[-81.62515,41.02146],[-81.625152,41.021592],[-81.625155,41.021824],[-81.625157,41.021944],[-81.62516,41.022186],[-81.625155,41.022322],[-81.62515,41.022454],[-81.625143,41.022649],[-81.62514,41.022732],[-81.625134,41.022869],[-81.625133,41.02291],[-81.625129,41.023013],[-81.625124,41.02315],[-81.625119,41.023299],[-81.625114,41.023422],[-81.625109,41.023558],[-81.625104,41.023692],[-81.625099,41.023829],[-81.625097,41.023871],[-81.625094,41.023964],[-81.625089,41.024101],[-81.625084,41.024236],[-81.625079,41.024375],[-81.625074,41.024511],[-81.62507,41.02461],[-81.625064,41.024773],[-81.625058,41.024932],[-81.625038,41.025472],[-81.625035,41.025552],[-81.625031,41.025581],[-81.625032,41.025634],[-81.625027,41.025774],[-81.624944,41.025774],[-81.624149,41.025776],[-81.623024,41.025778],[-81.622259,41.02578],[-81.622011,41.02578],[-81.621692,41.025781],[-81.621582,41.02578],[-81.620217,41.025784],[-81.619532,41.025785],[-81.619398,41.025786],[-81.619216,41.025786],[-81.618605,41.025787],[-81.617447,41.02579],[-81.614076,41.025801],[-81.613746,41.025802],[-81.612987,41.025805],[-81.612242,41.025808],[-81.611881,41.025809],[-81.611527,41.02581],[-81.611169,41.025811],[-81.610809,41.025812],[-81.610656,41.025813],[-81.609543,41.025817],[-81.609438,41.029671],[-81.608977,41.029665],[-81.608053,41.029655],[-81.606522,41.029639],[-81.605435,41.029628],[-81.605433,41.029697],[-81.604483,41.029687],[-81.60443,41.029686],[-81.603442,41.029665],[-81.602805,41.029664],[-81.601885,41.029652],[-81.601805,41.029651],[-81.601805,41.029545],[-81.601806,41.029384],[-81.601806,41.029283],[-81.601806,41.02913],[-81.601806,41.029103],[-81.601807,41.028828],[-81.601808,41.028585],[-81.601809,41.028279],[-81.601809,41.028201],[-81.601538,41.028199],[-81.600968,41.028195],[-81.600561,41.028191],[-81.600157,41.028188],[-81.599757,41.028185],[-81.599267,41.028181],[-81.599261,41.028454],[-81.599258,41.028629],[-81.599254,41.028803],[-81.599244,41.029309],[-81.599241,41.029457],[-81.599229,41.030063],[-81.59921,41.031034],[-81.599206,41.031243],[-81.5992,41.031533],[-81.599188,41.032186],[-81.599185,41.032312],[-81.599184,41.032384],[-81.599183,41.032455],[-81.599176,41.032815],[-81.599169,41.033179],[-81.599166,41.03331],[-81.599163,41.0335],[-81.599158,41.033715],[-81.599154,41.033955],[-81.599152,41.034067],[-81.599151,41.034125],[-81.599134,41.034991],[-81.599126,41.035425],[-81.599123,41.035552],[-81.59912,41.035662],[-81.599022,41.035658],[-81.598582,41.035641],[-81.596495,41.035562],[-81.596322,41.035555],[-81.594387,41.035481],[-81.593437,41.035444],[-81.593254,41.035438],[-81.592889,41.035426],[-81.592401,41.035434],[-81.592242,41.035444],[-81.592229,41.035402],[-81.592155,41.035158],[-81.592042,41.035154],[-81.591439,41.035122],[-81.591197,41.035114],[-81.589575,41.035046],[-81.589401,41.034984],[-81.589386,41.035581],[-81.589366,41.036177],[-81.589389,41.036419],[-81.58936,41.036581],[-81.589358,41.036758],[-81.589357,41.036893],[-81.589357,41.036946],[-81.589354,41.037216],[-81.58935,41.037512],[-81.589347,41.037797],[-81.589344,41.038026],[-81.589308,41.038027],[-81.589307,41.038103],[-81.589303,41.038314],[-81.589301,41.038393],[-81.589299,41.038518],[-81.589324,41.038814],[-81.58934,41.039012],[-81.589344,41.039056],[-81.589276,41.039807],[-81.58926,41.040686],[-81.589252,41.041172],[-81.589245,41.041289],[-81.589161,41.041289],[-81.588239,41.041283],[-81.58784,41.04128],[-81.58766,41.041279],[-81.587276,41.041277],[-81.586876,41.041274],[-81.586694,41.041273],[-81.58628,41.04127],[-81.585868,41.041268],[-81.585684,41.041266],[-81.584845,41.041261],[-81.584669,41.04126],[-81.584242,41.041255],[-81.583827,41.04125],[-81.583641,41.041247],[-81.583218,41.041242],[-81.582828,41.041237],[-81.582647,41.041235],[-81.582238,41.041226],[-81.582194,41.039639],[-81.58179,41.039642],[-81.580064,41.039626],[-81.579532,41.039611],[-81.57855,41.039604],[-81.577497,41.039588],[-81.577585,41.039353],[-81.577762,41.0388],[-81.577927,41.038659],[-81.577947,41.038623],[-81.577983,41.038553],[-81.5783,41.037009],[-81.578328,41.036875],[-81.578331,41.036801],[-81.578334,41.036758],[-81.578347,41.036697],[-81.578424,41.03635],[-81.578389,41.036349],[-81.578023,41.036347],[-81.577984,41.036347],[-81.577741,41.036345],[-81.577324,41.036342],[-81.576574,41.036337],[-81.576582,41.035971],[-81.576592,41.03566],[-81.576593,41.035527],[-81.576597,41.035439],[-81.576598,41.035399],[-81.576599,41.035374],[-81.576609,41.035201],[-81.576615,41.035002],[-81.576617,41.034924],[-81.576621,41.034863],[-81.576621,41.034801],[-81.576624,41.034706],[-81.576627,41.034596],[-81.57663,41.034487],[-81.576631,41.034452],[-81.576633,41.034382],[-81.576636,41.03427],[-81.57664,41.034131],[-81.576642,41.034052],[-81.576646,41.033939],[-81.576647,41.033902],[-81.576657,41.033542],[-81.576661,41.033408],[-81.576674,41.032964],[-81.576693,41.032565],[-81.576707,41.031788],[-81.57672,41.031052],[-81.576737,41.030313],[-81.576783,41.029984],[-81.576795,41.02974],[-81.576794,41.029663],[-81.576775,41.029626],[-81.576779,41.029511],[-81.576782,41.029243],[-81.576805,41.028324],[-81.576806,41.028243],[-81.576807,41.027989],[-81.577199,41.02812],[-81.578276,41.028465],[-81.578301,41.027903],[-81.578306,41.027772],[-81.57831,41.027683],[-81.578343,41.027672],[-81.578376,41.027662],[-81.578408,41.027652],[-81.578441,41.027641],[-81.578702,41.027647],[-81.578836,41.02765],[-81.57896,41.027653],[-81.578955,41.027579],[-81.578942,41.026702],[-81.578942,41.026655],[-81.578942,41.026527],[-81.578941,41.024789],[-81.578941,41.022755],[-81.57895,41.022584],[-81.578985,41.021906],[-81.578985,41.021693],[-81.578287,41.021694],[-81.578291,41.022524],[-81.578291,41.02259],[-81.57819,41.022591],[-81.577565,41.022591],[-81.577563,41.021694],[-81.576982,41.02169],[-81.576837,41.021694],[-81.576833,41.020594],[-81.576619,41.020597],[-81.576518,41.020599],[-81.576418,41.020598],[-81.576275,41.020597],[-81.575872,41.0206],[-81.575314,41.020591],[-81.574425,41.020589],[-81.574026,41.02058],[-81.573506,41.020575],[-81.573441,41.020578],[-81.573398,41.020585],[-81.573358,41.020598],[-81.573313,41.020618],[-81.573262,41.020647],[-81.573233,41.020675],[-81.57322,41.020698],[-81.573265,41.019399],[-81.569968,41.019369],[-81.569305,41.019366],[-81.567915,41.019359],[-81.56745,41.019358],[-81.567467,41.01819],[-81.567352,41.01819],[-81.567189,41.018177],[-81.567026,41.018159],[-81.566778,41.018143],[-81.565848,41.018143],[-81.565338,41.018044],[-81.564872,41.017862],[-81.564661,41.017636],[-81.564557,41.017389],[-81.564483,41.017283],[-81.564474,41.01727],[-81.563789,41.017328],[-81.563802,41.015369],[-81.563805,41.015229],[-81.563813,41.013175],[-81.563814,41.012991],[-81.563903,41.010475],[-81.563904,41.010421],[-81.564125,41.010422],[-81.565267,41.010417],[-81.567643,41.010419],[-81.568858,41.010422],[-81.569714,41.010423],[-81.569697,41.010406],[-81.569543,41.010256],[-81.569366,41.010052],[-81.569509,41.010049],[-81.571018,41.010025],[-81.572398,41.010002],[-81.573401,41.009986],[-81.573426,41.007836],[-81.573474,41.006142],[-81.573539,41.003927],[-81.573564,41.00308],[-81.572559,41.003092],[-81.572533,40.999617],[-81.573134,40.999611],[-81.573183,40.99961],[-81.573325,40.999607],[-81.574969,40.999602],[-81.575683,40.999597],[-81.57591,40.999595],[-81.57719,40.999585],[-81.577568,40.999587],[-81.578479,40.999575],[-81.578479,40.998367],[-81.578477,40.998338],[-81.579011,40.998334],[-81.579012,40.998367],[-81.579035,40.999574],[-81.579285,40.999572],[-81.58056,40.999565],[-81.58098,40.999559],[-81.582245,40.999555],[-81.582839,40.999548],[-81.582848,40.998491],[-81.582846,40.998459],[-81.583809,40.998464],[-81.583819,40.999531],[-81.583885,40.999529],[-81.584193,40.999527],[-81.584268,40.999527],[-81.584838,40.999517],[-81.585191,40.999515],[-81.585525,40.999515],[-81.58601,40.999507],[-81.585205,40.998499],[-81.584755,40.997933],[-81.582509,40.997908],[-81.580953,40.997896],[-81.580947,40.997499],[-81.58442,40.997513],[-81.584113,40.997127],[-81.582958,40.995678],[-81.585362,40.995672],[-81.585381,40.993378],[-81.581131,40.993387],[-81.580706,40.992854],[-81.580539,40.992645],[-81.582249,40.991663],[-81.584349,40.991749],[-81.584347,40.991814],[-81.584339,40.992122],[-81.586373,40.992106],[-81.589008,40.992085],[-81.589029,40.989838],[-81.589039,40.988714],[-81.589045,40.988632],[-81.590149,40.988637],[-81.59155,40.988638],[-81.592047,40.988634],[-81.592171,40.988639],[-81.593068,40.988635],[-81.594799,40.988617],[-81.596209,40.988617],[-81.597418,40.988618],[-81.599842,40.988599],[-81.600551,40.988597],[-81.600809,40.98859],[-81.600727,40.988198],[-81.600348,40.986153],[-81.600319,40.98599],[-81.600294,40.985882],[-81.600276,40.985769],[-81.600272,40.985691],[-81.600271,40.985658],[-81.600274,40.985533],[-81.600275,40.985466],[-81.598725,40.984206],[-81.598535,40.984013],[-81.597357,40.982552],[-81.597286,40.982492],[-81.597218,40.982435],[-81.596671,40.98197],[-81.596406,40.981819],[-81.596093,40.981621],[-81.595648,40.981321],[-81.595382,40.981169],[-81.595154,40.981046],[-81.595142,40.980988],[-81.595497,40.980995],[-81.595232,40.980852],[-81.594719,40.980619],[-81.594503,40.980501],[-81.594441,40.980484],[-81.593994,40.980351],[-81.593855,40.980319],[-81.593831,40.980319],[-81.593344,40.97982],[-81.59369,40.979828],[-81.600035,40.979977],[-81.600465,40.979977],[-81.600482,40.979533],[-81.600529,40.97812],[-81.600586,40.976761],[-81.600614,40.975918],[-81.600617,40.975845],[-81.60094,40.976037],[-81.601045,40.976102],[-81.601111,40.976144],[-81.601176,40.976187],[-81.601239,40.976231],[-81.601302,40.976276],[-81.601364,40.976322],[-81.601424,40.976368],[-81.601484,40.976415],[-81.601542,40.976463],[-81.601599,40.976512],[-81.601655,40.976561],[-81.60171,40.976612],[-81.601764,40.976663],[-81.601817,40.976714],[-81.601868,40.976767],[-81.601918,40.97682],[-81.601967,40.976873],[-81.602015,40.976928],[-81.602061,40.976983],[-81.602566,40.977596],[-81.602646,40.977689],[-81.602696,40.977745],[-81.602749,40.977801],[-81.602803,40.977857],[-81.602858,40.977911],[-81.602914,40.977965],[-81.602972,40.978018],[-81.603031,40.97807],[-81.603091,40.978122],[-81.603152,40.978172],[-81.603277,40.978271],[-81.603342,40.978319],[-81.603473,40.978413],[-81.603542,40.978459],[-81.60368,40.978547],[-81.603751,40.97859],[-81.603895,40.978673],[-81.604044,40.978751],[-81.604136,40.978797],[-81.604345,40.978889],[-81.604461,40.978937],[-81.604578,40.978983],[-81.604815,40.979071],[-81.605055,40.979153],[-81.605177,40.979191],[-81.605299,40.979228],[-81.605422,40.979263],[-81.605671,40.979328],[-81.605923,40.979387],[-81.606177,40.979438],[-81.606305,40.979462],[-81.606433,40.979484],[-81.606563,40.979504],[-81.606692,40.979522],[-81.606753,40.97953],[-81.606822,40.979539],[-81.606952,40.979553],[-81.607082,40.979567],[-81.607214,40.979578],[-81.607253,40.979581],[-81.607345,40.979588],[-81.607476,40.979596],[-81.607607,40.979602],[-81.607739,40.979606],[-81.607871,40.979609],[-81.608003,40.97961],[-81.608265,40.979607],[-81.608398,40.979603],[-81.608529,40.979597],[-81.60866,40.979589],[-81.608791,40.97958],[-81.610137,40.979437],[-81.610407,40.979414],[-81.610524,40.979406],[-81.610467,40.9806],[-81.6106,40.980601],[-81.610964,40.980604],[-81.61108,40.980607],[-81.611889,40.980625],[-81.612857,40.980647],[-81.613693,40.980667],[-81.614489,40.980685],[-81.61468,40.980689],[-81.615499,40.980708],[-81.616406,40.980729],[-81.616458,40.979304],[-81.61647,40.979178],[-81.616612,40.979181],[-81.617388,40.979199],[-81.61807,40.979215],[-81.6183,40.979221],[-81.618242,40.980767],[-81.619393,40.980787],[-81.619938,40.980797],[-81.620478,40.980807],[-81.62064,40.980809],[-81.621153,40.980824],[-81.621145,40.981008],[-81.62111,40.98188],[-81.62099,40.984387],[-81.620989,40.984405],[-81.620978,40.984847],[-81.620972,40.984962],[-81.620907,40.986069],[-81.620897,40.986292],[-81.620886,40.986529],[-81.620885,40.986545],[-81.620881,40.986588],[-81.623153,40.986653],[-81.623599,40.98666],[-81.625905,40.986729],[-81.62689,40.986735],[-81.62778,40.986759],[-81.628886,40.986789],[-81.630458,40.986832],[-81.630474,40.986904]]]}},{"type":"Feature","properties":{"id":"bath","subdivision":"bath"},"geometry":{"type":"MultiPolygon","coordinates":[[[[-81.622157,41.140023],[-81.622143,41.140583],[-81.622137,41.141487],[-81.622135,41.141636],[-81.622133,41.142056],[-81.622131,41.142226],[-81.622127,41.142964],[-81.622124,41.143329],[-81.620958,41.143335],[-81.620882,41.143335],[-81.620965,41.143395],[-81.621353,41.143672],[-81.621158,41.143854],[-81.620608,41.14436],[-81.620233,41.144131],[-81.620112,41.144057],[-81.619381,41.143597],[-81.619047,41.143396],[-81.618801,41.143392],[-81.61768,41.143397],[-81.617579,41.143399],[-81.617578,41.143059],[-81.617581,41.142915],[-81.617583,41.142759],[-81.617594,41.142625],[-81.617677,41.142552],[-81.617815,41.142492],[-81.617884,41.142432],[-81.618748,41.141615],[-81.618768,41.141598],[-81.618679,41.141541],[-81.618255,41.141271],[-81.618438,41.140942],[-81.618386,41.1409],[-81.618367,41.140885],[-81.61782,41.140006],[-81.617746,41.139972],[-81.617717,41.139963],[-81.617157,41.139801],[-81.61716,41.139564],[-81.617165,41.139191],[-81.61809,41.139129],[-81.618285,41.139116],[-81.618284,41.139075],[-81.618299,41.139075],[-81.618305,41.13884],[-81.618321,41.138757],[-81.618338,41.138716],[-81.618367,41.138676],[-81.618388,41.138656],[-81.618443,41.138622],[-81.618456,41.138617],[-81.61842,41.138546],[-81.618214,41.138135],[-81.618169,41.137841],[-81.618161,41.137573],[-81.61829,41.137573],[-81.618605,41.137572],[-81.61935,41.13757],[-81.619358,41.137369],[-81.619372,41.137023],[-81.619753,41.137025],[-81.620184,41.137028],[-81.620553,41.13703],[-81.620913,41.137033],[-81.621346,41.137036],[-81.621346,41.136924],[-81.621347,41.136516],[-81.621356,41.136063],[-81.621343,41.13585],[-81.621857,41.135846],[-81.622263,41.135847],[-81.622157,41.140023]]],[[[-81.589951,41.141019],[-81.589944,41.14173],[-81.58994,41.142114],[-81.58994,41.142184],[-81.589934,41.142656],[-81.589892,41.142656],[-81.589554,41.14266],[-81.58919,41.142661],[-81.588462,41.142663],[-81.588078,41.142664],[-81.587535,41.142666],[-81.587511,41.142666],[-81.587386,41.142665],[-81.587394,41.142164],[-81.587393,41.141559],[-81.587402,41.141156],[-81.587418,41.140408],[-81.587776,41.140441],[-81.588154,41.140496],[-81.588949,41.140593],[-81.589207,41.140618],[-81.589376,41.140626],[-81.589535,41.140628],[-81.589784,41.140615],[-81.589886,41.140603],[-81.589955,41.140595],[-81.589951,41.141019]]],[[[-81.59552,41.136334],[-81.594937,41.136332],[-81.594726,41.136432],[-81.594418,41.136578],[-81.59418,41.136691],[-81.593684,41.136932],[-81.592847,41.137312],[-81.592744,41.137312],[-81.591201,41.137318],[-81.591201,41.137258],[-81.591204,41.137125],[-81.591207,41.136969],[-81.591209,41.13683],[-81.591212,41.136686],[-81.591214,41.136595],[-81.591217,41.136451],[-81.591222,41.136225],[-81.591227,41.13594],[-81.591289,41.13594],[-81.59129,41.135893],[-81.591408,41.135895],[-81.595381,41.135966],[-81.595522,41.135965],[-81.59552,41.136334]]],[[[-81.608973,41.142873],[-81.608933,41.143389],[-81.608844,41.143392],[-81.608615,41.143393],[-81.608408,41.143394],[-81.608252,41.143395],[-81.607928,41.143397],[-81.607891,41.143397],[-81.607453,41.143399],[-81.607415,41.143399],[-81.606933,41.143401],[-81.604169,41.143414],[-81.603876,41.143415],[-81.602885,41.14342],[-81.602297,41.143423],[-81.601456,41.143427],[-81.601136,41.143428],[-81.600593,41.143431],[-81.600249,41.14334],[-81.6001,41.143301],[-81.599922,41.143254],[-81.599268,41.143081],[-81.598943,41.142995],[-81.598615,41.142908],[-81.598288,41.142822],[-81.597959,41.142735],[-81.597659,41.142656],[-81.597577,41.142634],[-81.597366,41.142634],[-81.597254,41.142633],[-81.597252,41.142829],[-81.597252,41.144145],[-81.59406,41.144186],[-81.593507,41.144193],[-81.593506,41.144125],[-81.593499,41.143725],[-81.593494,41.143472],[-81.593572,41.143472],[-81.59358,41.142647],[-81.593045,41.142647],[-81.592936,41.142647],[-81.592829,41.142648],[-81.592288,41.142648],[-81.591572,41.142649],[-81.591195,41.14265],[-81.591207,41.141932],[-81.591241,41.140363],[-81.591241,41.139055],[-81.591244,41.138848],[-81.591466,41.138808],[-81.591726,41.138766],[-81.591875,41.138738],[-81.592635,41.138608],[-81.592669,41.138602],[-81.592701,41.139968],[-81.592712,41.140068],[-81.59299,41.140013],[-81.593407,41.139909],[-81.593855,41.139817],[-81.594138,41.139758],[-81.594843,41.139607],[-81.595418,41.139489],[-81.595543,41.139464],[-81.595532,41.138006],[-81.595525,41.13695],[-81.595522,41.136575],[-81.596085,41.136572],[-81.597332,41.136565],[-81.597334,41.136047],[-81.597333,41.135953],[-81.598671,41.135954],[-81.599984,41.135959],[-81.602151,41.135954],[-81.603362,41.135949],[-81.604187,41.135955],[-81.604573,41.136002],[-81.605137,41.135912],[-81.6053,41.135903],[-81.60574,41.135898],[-81.606008,41.135905],[-81.606662,41.135902],[-81.606951,41.135897],[-81.60817,41.135894],[-81.608622,41.135898],[-81.608941,41.135896],[-81.608958,41.136843],[-81.608973,41.142873]]],[[[-81.637104,41.149917],[-81.63722,41.149918],[-81.637349,41.149926],[-81.637868,41.149841],[-81.637905,41.149824],[-81.63794,41.149807],[-81.637975,41.149788],[-81.638009,41.149769],[-81.638042,41.149749],[-81.638075,41.149728],[-81.638121,41.149695],[-81.638151,41.149672],[-81.638202,41.149628],[-81.638183,41.149928],[-81.638726,41.149927],[-81.639155,41.149927],[-81.639749,41.149926],[-81.640079,41.149925],[-81.6413,41.149924],[-81.64253,41.149922],[-81.642527,41.148872],[-81.642526,41.148399],[-81.642525,41.147933],[-81.642525,41.147757],[-81.642521,41.146312],[-81.642523,41.146127],[-81.642724,41.146022],[-81.642909,41.145926],[-81.643243,41.145746],[-81.643344,41.145685],[-81.643429,41.1459],[-81.644342,41.145483],[-81.644652,41.145693],[-81.645554,41.145056],[-81.646247,41.144822],[-81.646564,41.144715],[-81.647339,41.144454],[-81.647609,41.144362],[-81.648131,41.144006],[-81.648647,41.143654],[-81.648925,41.143465],[-81.649302,41.143207],[-81.649215,41.143134],[-81.648674,41.142681],[-81.648276,41.142347],[-81.648285,41.142314],[-81.648295,41.142266],[-81.648304,41.142202],[-81.648315,41.142069],[-81.648318,41.142031],[-81.648339,41.141793],[-81.648368,41.141654],[-81.648433,41.14152],[-81.64852,41.141409],[-81.648644,41.141301],[-81.648815,41.141179],[-81.6489,41.141115],[-81.648951,41.141073],[-81.648999,41.14103],[-81.649023,41.141008],[-81.64915,41.140886],[-81.649215,41.140827],[-81.649262,41.140787],[-81.649308,41.14075],[-81.649335,41.140729],[-81.649366,41.140705],[-81.649398,41.140682],[-81.649431,41.140659],[-81.649916,41.140325],[-81.650196,41.140133],[-81.650699,41.139763],[-81.65087,41.139637],[-81.650897,41.13962],[-81.650924,41.139604],[-81.650953,41.139588],[-81.65099,41.139569],[-81.651041,41.139545],[-81.651103,41.139521],[-81.651167,41.139499],[-81.651233,41.139481],[-81.6513,41.139467],[-81.651368,41.139455],[-81.651438,41.139448],[-81.651507,41.139443],[-81.651577,41.139443],[-81.651647,41.139446],[-81.651718,41.139453],[-81.651787,41.139464],[-81.651856,41.139478],[-81.651923,41.139495],[-81.651989,41.139515],[-81.652085,41.13955],[-81.652147,41.139577],[-81.652206,41.139607],[-81.652262,41.139639],[-81.652317,41.139674],[-81.652369,41.13971],[-81.652424,41.139743],[-81.652514,41.139785],[-81.65261,41.139819],[-81.652677,41.139836],[-81.65278,41.139853],[-81.652885,41.139865],[-81.652956,41.13987],[-81.653027,41.139871],[-81.653098,41.139868],[-81.653169,41.139863],[-81.653239,41.139854],[-81.653342,41.139836],[-81.653443,41.13981],[-81.653508,41.139789],[-81.653572,41.139765],[-81.653633,41.139738],[-81.653693,41.139709],[-81.653749,41.139677],[-81.653804,41.139642],[-81.65388,41.139585],[-81.65395,41.139523],[-81.653992,41.139479],[-81.654031,41.139433],[-81.654065,41.139385],[-81.654096,41.139336],[-81.65411,41.139311],[-81.654439,41.138585],[-81.655617,41.13859],[-81.656004,41.138591],[-81.656011,41.138158],[-81.65728,41.138172],[-81.657273,41.137655],[-81.657275,41.137385],[-81.656201,41.13737],[-81.656086,41.137371],[-81.656591,41.136464],[-81.656753,41.136174],[-81.655574,41.136218],[-81.654573,41.136504],[-81.654267,41.136793],[-81.653802,41.13723],[-81.654588,41.137706],[-81.654511,41.137841],[-81.654533,41.137873],[-81.65436,41.138191],[-81.654186,41.138623],[-81.653969,41.138918],[-81.653853,41.139274],[-81.653643,41.13946],[-81.653462,41.139586],[-81.652656,41.139537],[-81.651421,41.139318],[-81.651124,41.139326],[-81.651092,41.139333],[-81.651058,41.139342],[-81.651025,41.139351],[-81.651006,41.139356],[-81.650927,41.139382],[-81.650895,41.139393],[-81.650863,41.139406],[-81.650832,41.139418],[-81.650021,41.139987],[-81.649268,41.140505],[-81.649093,41.140611],[-81.648947,41.140701],[-81.64824,41.141133],[-81.647955,41.141361],[-81.648014,41.14145],[-81.647738,41.141595],[-81.647721,41.141605],[-81.647699,41.14162],[-81.647668,41.141639],[-81.647608,41.141677],[-81.647554,41.141709],[-81.647493,41.141747],[-81.647458,41.141768],[-81.647393,41.141806],[-81.647325,41.141846],[-81.647265,41.141881],[-81.647214,41.14191],[-81.647159,41.141941],[-81.647103,41.141972],[-81.647032,41.142011],[-81.647,41.142029],[-81.64697,41.142044],[-81.644676,41.143267],[-81.640928,41.145263],[-81.640139,41.145714],[-81.63944,41.145715],[-81.639051,41.145716],[-81.638415,41.145717],[-81.637408,41.145718],[-81.637212,41.14572],[-81.637216,41.145635],[-81.637233,41.144859],[-81.637236,41.14473],[-81.637106,41.14473],[-81.636993,41.144729],[-81.635582,41.144723],[-81.634673,41.14472],[-81.634227,41.144717],[-81.633308,41.144711],[-81.632415,41.144705],[-81.631426,41.144699],[-81.631425,41.143674],[-81.631432,41.143482],[-81.631432,41.143291],[-81.629534,41.143296],[-81.629434,41.143297],[-81.629398,41.143295],[-81.62937,41.142738],[-81.62937,41.14265],[-81.629371,41.142511],[-81.629371,41.142366],[-81.629372,41.142078],[-81.629373,41.141792],[-81.629373,41.141507],[-81.629374,41.141204],[-81.629377,41.140862],[-81.62938,41.140523],[-81.629383,41.140182],[-81.629387,41.139881],[-81.629449,41.13851],[-81.629454,41.138423],[-81.629459,41.138348],[-81.629465,41.138258],[-81.629552,41.137068],[-81.629634,41.135826],[-81.629851,41.135826],[-81.630838,41.135825],[-81.631079,41.135825],[-81.63108,41.135979],[-81.631078,41.13611],[-81.631069,41.136537],[-81.631065,41.136728],[-81.631058,41.137082],[-81.631155,41.137083],[-81.631722,41.137087],[-81.632073,41.137088],[-81.632435,41.137088],[-81.633199,41.13709],[-81.633199,41.137461],[-81.633622,41.137463],[-81.633617,41.137081],[-81.634112,41.137084],[-81.634326,41.137086],[-81.634628,41.137088],[-81.634627,41.137207],[-81.635188,41.137221],[-81.635189,41.137176],[-81.635434,41.137179],[-81.635668,41.137182],[-81.635681,41.13657],[-81.6357,41.135823],[-81.63586,41.135823],[-81.637337,41.135837],[-81.637761,41.135841],[-81.639341,41.135863],[-81.642175,41.135915],[-81.643539,41.135909],[-81.645041,41.13592],[-81.646242,41.135926],[-81.646639,41.135927],[-81.650284,41.135931],[-81.65047,41.135931],[-81.650553,41.135931],[-81.65078,41.135931],[-81.651081,41.135932],[-81.652152,41.135933],[-81.652425,41.135933],[-81.654458,41.135942],[-81.655488,41.135948],[-81.655684,41.135949],[-81.656573,41.135953],[-81.657321,41.135957],[-81.658283,41.135952],[-81.659776,41.135952],[-81.660441,41.135953],[-81.661442,41.135955],[-81.661647,41.135954],[-81.662972,41.135946],[-81.66422,41.135954],[-81.667701,41.135954],[-81.669398,41.135958],[-81.670398,41.135954],[-81.670433,41.135952],[-81.671958,41.135928],[-81.673578,41.135883],[-81.674409,41.135859],[-81.67527,41.135841],[-81.675978,41.135828],[-81.676359,41.135824],[-81.676806,41.13582],[-81.679148,41.135823],[-81.680423,41.135839],[-81.680536,41.135841],[-81.681326,41.135859],[-81.68225,41.135889],[-81.683228,41.135915],[-81.684371,41.135938],[-81.68699,41.135956],[-81.686966,41.137022],[-81.686886,41.140593],[-81.686859,41.142498],[-81.68678,41.146336],[-81.686724,41.149049],[-81.686685,41.150458],[-81.68667,41.151006],[-81.686664,41.151204],[-81.686638,41.152013],[-81.686628,41.15234],[-81.686618,41.152947],[-81.686606,41.153668],[-81.686603,41.153872],[-81.686573,41.155683],[-81.68657,41.156003],[-81.686519,41.160628],[-81.686511,41.161197],[-81.6865,41.16193],[-81.686491,41.162535],[-81.686489,41.162679],[-81.686495,41.162742],[-81.686439,41.165632],[-81.686437,41.165828],[-81.686435,41.165991],[-81.686393,41.167959],[-81.686388,41.168556],[-81.686357,41.170084],[-81.686343,41.170742],[-81.686287,41.173539],[-81.686276,41.174433],[-81.686266,41.175259],[-81.686228,41.177102],[-81.686206,41.178107],[-81.686181,41.179348],[-81.686163,41.180254],[-81.68615,41.180982],[-81.686145,41.181304],[-81.686121,41.182657],[-81.68609,41.184502],[-81.686074,41.185757],[-81.686061,41.186917],[-81.686056,41.187322],[-81.686051,41.18785],[-81.68605,41.187978],[-81.686046,41.188318],[-81.686009,41.188349],[-81.685978,41.188375],[-81.685953,41.188396],[-81.685731,41.199093],[-81.685704,41.200453],[-81.685715,41.200572],[-81.685718,41.20061],[-81.68573,41.200757],[-81.685736,41.200819],[-81.685744,41.200904],[-81.685748,41.200955],[-81.685647,41.201957],[-81.685646,41.202132],[-81.684329,41.202132],[-81.683176,41.202121],[-81.682444,41.202122],[-81.681457,41.202122],[-81.681005,41.202124],[-81.680502,41.202127],[-81.680105,41.202125],[-81.678485,41.20212],[-81.676783,41.202123],[-81.676503,41.202122],[-81.675902,41.202121],[-81.672898,41.202119],[-81.671632,41.202119],[-81.666847,41.202121],[-81.666631,41.202121],[-81.666094,41.202122],[-81.665527,41.202118],[-81.663001,41.202133],[-81.661746,41.202137],[-81.660092,41.202149],[-81.658257,41.202158],[-81.65755,41.202168],[-81.655354,41.202184],[-81.654732,41.202188],[-81.654431,41.202188],[-81.654002,41.202188],[-81.653169,41.202194],[-81.651819,41.202204],[-81.64993,41.202218],[-81.649263,41.202223],[-81.648965,41.202226],[-81.647793,41.202231],[-81.647689,41.202231],[-81.64739,41.202233],[-81.645192,41.202249],[-81.644645,41.202253],[-81.643205,41.202256],[-81.641787,41.202264],[-81.638967,41.202287],[-81.638034,41.202287],[-81.637561,41.202302],[-81.637236,41.202297],[-81.636543,41.202298],[-81.635864,41.202306],[-81.635021,41.202311],[-81.634575,41.202314],[-81.633202,41.202333],[-81.63253,41.202338],[-81.631844,41.202341],[-81.630511,41.202354],[-81.62991,41.20236],[-81.625985,41.202403],[-81.625837,41.202404],[-81.625427,41.202407],[-81.6227,41.202432],[-81.622338,41.202432],[-81.621497,41.202444],[-81.618729,41.202468],[-81.618253,41.202466],[-81.616644,41.202483],[-81.616087,41.202485],[-81.61426,41.202509],[-81.612721,41.202526],[-81.611386,41.202533],[-81.609662,41.202551],[-81.608789,41.202552],[-81.607087,41.202573],[-81.606537,41.202574],[-81.606459,41.202575],[-81.605946,41.202582],[-81.605245,41.202583],[-81.604589,41.202589],[-81.604403,41.202595],[-81.604176,41.202611],[-81.60022,41.202638],[-81.597729,41.202657],[-81.590442,41.202655],[-81.586646,41.202659],[-81.586617,41.201014],[-81.586707,41.196192],[-81.586939,41.183853],[-81.586957,41.182706],[-81.58696,41.182508],[-81.586962,41.182277],[-81.586974,41.181572],[-81.58698,41.181363],[-81.587047,41.176654],[-81.587079,41.173598],[-81.587087,41.172787],[-81.587115,41.170154],[-81.58712,41.169687],[-81.587135,41.168253],[-81.587149,41.166915],[-81.587165,41.16539],[-81.587178,41.164165],[-81.587186,41.163413],[-81.587191,41.162841],[-81.587212,41.160876],[-81.587215,41.16062],[-81.58722,41.160545],[-81.587223,41.159752],[-81.587221,41.159208],[-81.587233,41.158772],[-81.587224,41.158585],[-81.587244,41.157519],[-81.58724,41.157121],[-81.587247,41.157026],[-81.587251,41.156778],[-81.587264,41.156482],[-81.587263,41.156234],[-81.587263,41.156221],[-81.587281,41.155581],[-81.587272,41.15547],[-81.587271,41.155197],[-81.587271,41.154951],[-81.587293,41.153866],[-81.587288,41.153306],[-81.587292,41.152992],[-81.587288,41.152579],[-81.587289,41.152441],[-81.587291,41.152206],[-81.587298,41.151962],[-81.587303,41.15178],[-81.587301,41.151556],[-81.5873,41.151434],[-81.587309,41.15052],[-81.5873,41.149638],[-81.587302,41.149479],[-81.587325,41.149481],[-81.592107,41.149454],[-81.593003,41.149449],[-81.593429,41.149447],[-81.593486,41.149447],[-81.5936,41.149446],[-81.593588,41.148763],[-81.593586,41.148672],[-81.593578,41.148209],[-81.593575,41.148032],[-81.593569,41.1477],[-81.593564,41.147419],[-81.593559,41.147146],[-81.593551,41.146696],[-81.593535,41.145801],[-81.593534,41.145725],[-81.593528,41.145386],[-81.593525,41.14522],[-81.593521,41.144975],[-81.593515,41.144663],[-81.593513,41.144515],[-81.597166,41.144476],[-81.597252,41.144475],[-81.597252,41.144563],[-81.597252,41.144629],[-81.597245,41.144975],[-81.597239,41.145332],[-81.597242,41.145654],[-81.597242,41.145688],[-81.597166,41.145689],[-81.596342,41.145697],[-81.59634,41.14545],[-81.596339,41.145372],[-81.596036,41.145373],[-81.59603,41.1457],[-81.596023,41.146127],[-81.596284,41.146127],[-81.597241,41.146129],[-81.597236,41.146327],[-81.597235,41.146356],[-81.597525,41.146359],[-81.59827,41.146366],[-81.598351,41.146367],[-81.598829,41.146372],[-81.599068,41.146375],[-81.59959,41.146388],[-81.599997,41.146398],[-81.600405,41.146408],[-81.600616,41.146413],[-81.600642,41.146962],[-81.600657,41.147274],[-81.600668,41.147511],[-81.601275,41.147509],[-81.601639,41.147507],[-81.601965,41.147506],[-81.602619,41.147504],[-81.603273,41.147501],[-81.603889,41.147499],[-81.603957,41.147499],[-81.603953,41.147273],[-81.603945,41.146811],[-81.603939,41.14635],[-81.603944,41.146286],[-81.603955,41.146223],[-81.603973,41.14616],[-81.603979,41.146144],[-81.603947,41.145385],[-81.603914,41.144646],[-81.603902,41.144379],[-81.603899,41.144249],[-81.604759,41.144244],[-81.604969,41.144243],[-81.606212,41.144238],[-81.607454,41.144232],[-81.607931,41.144229],[-81.608074,41.144229],[-81.608078,41.144738],[-81.608083,41.145242],[-81.608387,41.145238],[-81.609095,41.145234],[-81.610042,41.145221],[-81.610043,41.145164],[-81.610046,41.144651],[-81.610049,41.144217],[-81.61028,41.144216],[-81.610755,41.144213],[-81.611231,41.144211],[-81.611764,41.144208],[-81.612215,41.144206],[-81.612713,41.144204],[-81.613073,41.144202],[-81.613638,41.144199],[-81.614095,41.144197],[-81.614444,41.144195],[-81.615237,41.144192],[-81.61582,41.144351],[-81.615821,41.144174],[-81.615823,41.143912],[-81.616332,41.143908],[-81.617467,41.143898],[-81.61758,41.143896],[-81.617581,41.144159],[-81.617579,41.144189],[-81.617559,41.144447],[-81.617515,41.144661],[-81.617761,41.144799],[-81.61787,41.144834],[-81.618033,41.144852],[-81.618142,41.144854],[-81.61909,41.144844],[-81.620321,41.144834],[-81.620865,41.144833],[-81.62092,41.14483],[-81.620975,41.14482],[-81.621241,41.144749],[-81.621458,41.144889],[-81.622148,41.145306],[-81.622383,41.145453],[-81.623555,41.145461],[-81.624495,41.145468],[-81.625035,41.145472],[-81.625615,41.145861],[-81.626864,41.146658],[-81.627362,41.146976],[-81.627872,41.147302],[-81.627888,41.147724],[-81.627336,41.147724],[-81.627346,41.148513],[-81.627862,41.148832],[-81.62807,41.14896],[-81.628148,41.149008],[-81.628348,41.149132],[-81.628491,41.148988],[-81.629646,41.149706],[-81.630145,41.149545],[-81.631764,41.148918],[-81.632051,41.148714],[-81.63206,41.148174],[-81.632063,41.148016],[-81.632068,41.147723],[-81.633697,41.147736],[-81.635203,41.147748],[-81.636243,41.147757],[-81.636323,41.147758],[-81.636842,41.147762],[-81.637151,41.147759],[-81.637139,41.148727],[-81.637105,41.149884],[-81.637104,41.149917]]]]}},{"type":"Feature","properties":{"id":"boston_heights","subdivision":"boston_heights"},"geometry":{"type":"Polygon","coordinates":[[[-81.533527,41.248887],[-81.533466,41.251549],[-81.533395,41.25426],[-81.533373,41.256805],[-81.533374,41.25701],[-81.533366,41.25728],[-81.533363,41.257625],[-81.533339,41.259747],[-81.533301,41.262264],[-81.533109,41.27026],[-81.533102,41.270549],[-81.529659,41.270533],[-81.528754,41.270528],[-81.528016,41.270525],[-81.526505,41.270518],[-81.526477,41.271785],[-81.52646,41.272558],[-81.526457,41.272672],[-81.526415,41.274609],[-81.526401,41.275308],[-81.526382,41.276166],[-81.526363,41.277057],[-81.52635,41.277634],[-81.526349,41.277684],[-81.526163,41.277682],[-81.526126,41.277682],[-81.524624,41.277668],[-81.524569,41.277667],[-81.523863,41.277661],[-81.523305,41.277656],[-81.522105,41.277645],[-81.521284,41.277637],[-81.520004,41.277625],[-81.519068,41.27761],[-81.518659,41.277603],[-81.518261,41.277597],[-81.5138,41.277525],[-81.512497,41.277502],[-81.511385,41.277484],[-81.51057,41.277471],[-81.509569,41.277454],[-81.508903,41.277443],[-81.505727,41.277391],[-81.504555,41.277372],[-81.504624,41.277695],[-81.505724,41.277709],[-81.507353,41.277731],[-81.50823,41.279481],[-81.509133,41.281282],[-81.509567,41.282138],[-81.509302,41.282209],[-81.508728,41.282363],[-81.508187,41.282514],[-81.507894,41.282589],[-81.506691,41.282921],[-81.506626,41.282946],[-81.506504,41.282977],[-81.506258,41.283038],[-81.506133,41.282844],[-81.505315,41.281343],[-81.505001,41.280748],[-81.504873,41.280486],[-81.504603,41.279888],[-81.504473,41.27957],[-81.504341,41.279227],[-81.504129,41.278578],[-81.503973,41.278012],[-81.50383,41.277363],[-81.503772,41.277359],[-81.503588,41.277355],[-81.502683,41.277346],[-81.50215,41.277339],[-81.501031,41.277325],[-81.499347,41.277303],[-81.49908,41.2773],[-81.498864,41.277297],[-81.495451,41.277253],[-81.494007,41.277223],[-81.49071,41.277189],[-81.489435,41.277176],[-81.489435,41.277053],[-81.489434,41.275765],[-81.48944,41.27544],[-81.489433,41.274634],[-81.489434,41.273482],[-81.489434,41.273198],[-81.489435,41.273152],[-81.489444,41.271596],[-81.489446,41.271236],[-81.489445,41.270703],[-81.489447,41.269823],[-81.489448,41.269591],[-81.489458,41.268373],[-81.489474,41.267108],[-81.489454,41.266163],[-81.489461,41.265863],[-81.489465,41.265213],[-81.489462,41.265026],[-81.489469,41.264499],[-81.489468,41.263776],[-81.489484,41.26308],[-81.489482,41.263014],[-81.489476,41.262859],[-81.489474,41.262496],[-81.489478,41.262302],[-81.489476,41.261927],[-81.48948,41.261568],[-81.489469,41.261378],[-81.489536,41.260655],[-81.489539,41.26024],[-81.489534,41.258018],[-81.48954,41.257847],[-81.489549,41.25762],[-81.489444,41.255286],[-81.489437,41.252756],[-81.489467,41.246032],[-81.489525,41.233801],[-81.489532,41.232419],[-81.48953,41.232085],[-81.489535,41.231876],[-81.489485,41.229729],[-81.489491,41.229327],[-81.489496,41.229047],[-81.489584,41.229103],[-81.489604,41.229115],[-81.489634,41.227814],[-81.489591,41.226405],[-81.490708,41.22641],[-81.497391,41.226463],[-81.504453,41.226516],[-81.50678,41.226532],[-81.514862,41.226591],[-81.519392,41.226625],[-81.519349,41.230191],[-81.519306,41.233021],[-81.519239,41.235835],[-81.519212,41.239328],[-81.519141,41.243788],[-81.519194,41.244849],[-81.519234,41.244837],[-81.519289,41.244829],[-81.52006,41.244831],[-81.521429,41.244851],[-81.522537,41.244855],[-81.523266,41.244864],[-81.524044,41.244866],[-81.52441,41.244872],[-81.52523,41.244877],[-81.525705,41.244885],[-81.526521,41.244889],[-81.526947,41.244897],[-81.527231,41.244897],[-81.527445,41.244898],[-81.527668,41.244904],[-81.528074,41.244904],[-81.529709,41.244928],[-81.530177,41.244927],[-81.530819,41.244919],[-81.530919,41.244922],[-81.530987,41.244928],[-81.531082,41.244947],[-81.531107,41.244935],[-81.53349,41.244953],[-81.533498,41.245878],[-81.533527,41.248887]]]}},{"type":"Feature","properties":{"id":"boston_twp","subdivision":"boston_twp"},"geometry":{"type":"Polygon","coordinates":[[[-81.590738,41.253762],[-81.590688,41.254009],[-81.590674,41.255115],[-81.590674,41.257091],[-81.590678,41.258281],[-81.590642,41.265555],[-81.590442,41.267054],[-81.590542,41.277554],[-81.587811,41.277594],[-81.587418,41.2776],[-81.584537,41.277642],[-81.579874,41.277709],[-81.579817,41.27771],[-81.571526,41.277829],[-81.56986,41.277853],[-81.568888,41.277855],[-81.56884,41.277858],[-81.565139,41.277758],[-81.557061,41.277753],[-81.557051,41.277792],[-81.557025,41.277852],[-81.557006,41.27788],[-81.556968,41.277914],[-81.556921,41.277941],[-81.556847,41.277963],[-81.556769,41.277972],[-81.556253,41.277956],[-81.555824,41.277937],[-81.555311,41.277974],[-81.555166,41.27798],[-81.554791,41.277972],[-81.554407,41.277946],[-81.553852,41.277884],[-81.553679,41.277872],[-81.553517,41.277867],[-81.553376,41.277867],[-81.552906,41.277892],[-81.552621,41.277892],[-81.55182,41.277859],[-81.551355,41.277825],[-81.550874,41.277779],[-81.550577,41.277763],[-81.550398,41.277759],[-81.54993,41.277734],[-81.549268,41.277721],[-81.548853,41.277709],[-81.548738,41.277702],[-81.548577,41.277679],[-81.548483,41.277664],[-81.548367,41.277638],[-81.548167,41.277587],[-81.547903,41.277519],[-81.547851,41.277506],[-81.547837,41.276728],[-81.547815,41.275507],[-81.54777,41.273027],[-81.547728,41.270735],[-81.54773,41.270617],[-81.547738,41.270255],[-81.547315,41.270269],[-81.545405,41.270335],[-81.544792,41.270356],[-81.544566,41.270332],[-81.54404,41.270265],[-81.543769,41.270259],[-81.543503,41.270273],[-81.543145,41.270298],[-81.542393,41.270295],[-81.541575,41.270292],[-81.540178,41.270286],[-81.539451,41.270283],[-81.539012,41.270281],[-81.538771,41.27028],[-81.537956,41.270288],[-81.537336,41.270274],[-81.535813,41.270268],[-81.534391,41.270262],[-81.533109,41.27026],[-81.533301,41.262264],[-81.533339,41.259747],[-81.533363,41.257625],[-81.533366,41.25728],[-81.533374,41.25701],[-81.533373,41.256805],[-81.533395,41.25426],[-81.533466,41.251549],[-81.547252,41.251546],[-81.547963,41.251545],[-81.547986,41.251468],[-81.548009,41.251391],[-81.548033,41.251313],[-81.548057,41.251237],[-81.548082,41.25116],[-81.548108,41.251083],[-81.548125,41.251032],[-81.548143,41.250981],[-81.54817,41.250905],[-81.548192,41.250855],[-81.548217,41.250806],[-81.548262,41.250734],[-81.548315,41.250667],[-81.548355,41.250623],[-81.54842,41.250562],[-81.548467,41.250523],[-81.548523,41.250492],[-81.548586,41.250467],[-81.548682,41.250433],[-81.548747,41.250413],[-81.548813,41.250395],[-81.54888,41.250378],[-81.548944,41.250357],[-81.549035,41.250322],[-81.54913,41.250295],[-81.549228,41.250274],[-81.549328,41.25026],[-81.549432,41.250235],[-81.549537,41.250215],[-81.549641,41.250202],[-81.549745,41.250195],[-81.549799,41.250195],[-81.549883,41.250194],[-81.549953,41.250197],[-81.550005,41.250192],[-81.550073,41.250177],[-81.55014,41.25016],[-81.550205,41.25014],[-81.550301,41.250106],[-81.550362,41.250079],[-81.550411,41.250055],[-81.550451,41.250035],[-81.550534,41.249986],[-81.55063,41.249955],[-81.550731,41.249934],[-81.550799,41.249925],[-81.550904,41.249921],[-81.550973,41.249924],[-81.551042,41.249932],[-81.55111,41.249947],[-81.551212,41.249968],[-81.551281,41.24998],[-81.551385,41.249996],[-81.551525,41.250011],[-81.551596,41.250017],[-81.551804,41.250027],[-81.551873,41.250029],[-81.551942,41.250031],[-81.552011,41.250033],[-81.552081,41.250034],[-81.552151,41.250034],[-81.552223,41.250034],[-81.552366,41.250034],[-81.552546,41.250033],[-81.552761,41.250033],[-81.552868,41.250033],[-81.552976,41.250025],[-81.55312,41.250015],[-81.553299,41.250001],[-81.553514,41.249983],[-81.553656,41.249972],[-81.553759,41.249964],[-81.553826,41.249956],[-81.553927,41.249938],[-81.554025,41.249915],[-81.55409,41.249896],[-81.555898,41.249918],[-81.556755,41.249928],[-81.55684,41.249929],[-81.557784,41.24994],[-81.558345,41.249947],[-81.559256,41.249958],[-81.559888,41.249966],[-81.560772,41.249977],[-81.561811,41.24999],[-81.561861,41.24999],[-81.563223,41.249984],[-81.564493,41.249978],[-81.565424,41.249974],[-81.567866,41.249962],[-81.569328,41.249956],[-81.571362,41.249946],[-81.571826,41.249944],[-81.572665,41.24994],[-81.573772,41.249935],[-81.573794,41.251237],[-81.575117,41.251233],[-81.57643,41.251228],[-81.576393,41.249207],[-81.576375,41.248556],[-81.576751,41.248557],[-81.577108,41.248553],[-81.577478,41.248557],[-81.577646,41.248556],[-81.577883,41.248554],[-81.578167,41.248535],[-81.578341,41.248518],[-81.578525,41.248492],[-81.578723,41.248457],[-81.579086,41.248378],[-81.580981,41.247905],[-81.581237,41.247835],[-81.581741,41.247712],[-81.583066,41.24738],[-81.584065,41.247123],[-81.58405,41.245316],[-81.58331,41.24531],[-81.583304,41.244414],[-81.583285,41.242263],[-81.583283,41.242024],[-81.583283,41.241948],[-81.582888,41.242054],[-81.581802,41.242345],[-81.580579,41.242675],[-81.579797,41.242886],[-81.576558,41.242874],[-81.575859,41.242872],[-81.574702,41.242867],[-81.574703,41.242412],[-81.574686,41.23896],[-81.57272,41.238948],[-81.567787,41.238917],[-81.56779,41.238599],[-81.567806,41.237491],[-81.567852,41.233906],[-81.567857,41.233139],[-81.568778,41.23311],[-81.569068,41.233116],[-81.570468,41.233091],[-81.570695,41.233081],[-81.57069,41.232957],[-81.570636,41.230517],[-81.570562,41.227177],[-81.571534,41.227157],[-81.57407,41.227107],[-81.57404,41.224088],[-81.574036,41.223671],[-81.574019,41.222005],[-81.574003,41.220437],[-81.573999,41.220092],[-81.570092,41.220152],[-81.569649,41.220159],[-81.569336,41.220174],[-81.56856,41.220176],[-81.567759,41.220188],[-81.564065,41.220245],[-81.561019,41.220292],[-81.560424,41.220298],[-81.560309,41.220506],[-81.560223,41.220667],[-81.560002,41.221063],[-81.559853,41.221055],[-81.559305,41.221038],[-81.55848,41.22101],[-81.558433,41.221009],[-81.558572,41.221308],[-81.558043,41.221607],[-81.55733,41.22187],[-81.556909,41.222915],[-81.556588,41.222997],[-81.556426,41.222992],[-81.556292,41.222988],[-81.556224,41.223113],[-81.55609,41.223251],[-81.55557,41.223584],[-81.555094,41.223749],[-81.554248,41.223805],[-81.554037,41.223946],[-81.553771,41.224022],[-81.55347,41.224274],[-81.553292,41.22436],[-81.553287,41.22437],[-81.553135,41.224605],[-81.553093,41.224803],[-81.553185,41.225021],[-81.553499,41.225315],[-81.553875,41.225541],[-81.553877,41.225605],[-81.553888,41.225911],[-81.553767,41.226115],[-81.55357,41.226234],[-81.553321,41.226361],[-81.553043,41.226403],[-81.552928,41.22642],[-81.552562,41.226379],[-81.552347,41.226255],[-81.552152,41.226102],[-81.551737,41.225916],[-81.551657,41.225925],[-81.551326,41.225952],[-81.55042,41.226728],[-81.549869,41.226737],[-81.546621,41.226805],[-81.546567,41.226806],[-81.544163,41.226815],[-81.544028,41.226816],[-81.542636,41.226821],[-81.542365,41.226823],[-81.541071,41.226827],[-81.54077,41.226828],[-81.533743,41.226861],[-81.533733,41.227522],[-81.533696,41.230013],[-81.533682,41.230743],[-81.533658,41.232277],[-81.533652,41.232653],[-81.533625,41.234109],[-81.533622,41.234472],[-81.533615,41.234932],[-81.533611,41.235168],[-81.53358,41.237124],[-81.533577,41.237195],[-81.533451,41.237139],[-81.533302,41.237067],[-81.532467,41.236685],[-81.531991,41.236483],[-81.53175,41.236388],[-81.531519,41.236305],[-81.531318,41.236238],[-81.531102,41.236175],[-81.530638,41.236057],[-81.530326,41.23599],[-81.529996,41.235927],[-81.529725,41.235879],[-81.52922,41.235789],[-81.527213,41.235441],[-81.526568,41.235314],[-81.525994,41.235183],[-81.525751,41.235113],[-81.525466,41.235038],[-81.525048,41.234913],[-81.524548,41.234754],[-81.524231,41.23464],[-81.523797,41.234476],[-81.523705,41.234441],[-81.523611,41.234404],[-81.522988,41.234161],[-81.522536,41.233989],[-81.522185,41.233862],[-81.521918,41.23377],[-81.521232,41.233549],[-81.520302,41.233285],[-81.519815,41.233154],[-81.519306,41.233021],[-81.519349,41.230191],[-81.519392,41.226625],[-81.514862,41.226591],[-81.50678,41.226532],[-81.504453,41.226516],[-81.497391,41.226463],[-81.490708,41.22641],[-81.489591,41.226405],[-81.489577,41.225954],[-81.48952,41.22232],[-81.489478,41.220032],[-81.489535,41.216836],[-81.489536,41.216756],[-81.489636,41.213856],[-81.489536,41.207256],[-81.489511,41.206224],[-81.489436,41.203056],[-81.489436,41.202963],[-81.489851,41.202961],[-81.49058,41.202958],[-81.491796,41.202967],[-81.492254,41.202966],[-81.493458,41.202973],[-81.494043,41.202971],[-81.494546,41.202977],[-81.494582,41.203095],[-81.494694,41.203342],[-81.494977,41.203871],[-81.495123,41.20413],[-81.495314,41.204493],[-81.495236,41.20475],[-81.495181,41.204877],[-81.495109,41.205039],[-81.494938,41.205429],[-81.494907,41.205503],[-81.49474,41.205903],[-81.494569,41.206278],[-81.495615,41.206274],[-81.49559,41.206346],[-81.495501,41.206604],[-81.496055,41.206687],[-81.496954,41.206823],[-81.496866,41.207073],[-81.496874,41.207145],[-81.499451,41.207181],[-81.499448,41.207292],[-81.500271,41.207295],[-81.500938,41.207298],[-81.50094,41.207228],[-81.501724,41.207219],[-81.502393,41.207211],[-81.504003,41.207196],[-81.504613,41.207181],[-81.504618,41.207044],[-81.505046,41.207045],[-81.505058,41.206686],[-81.505154,41.204105],[-81.505195,41.202998],[-81.50744,41.203001],[-81.511252,41.203007],[-81.511517,41.203007],[-81.516434,41.203015],[-81.516528,41.203014],[-81.51704,41.203015],[-81.51827,41.203001],[-81.519617,41.202986],[-81.526156,41.202913],[-81.527851,41.202893],[-81.530637,41.202903],[-81.537031,41.202925],[-81.53841,41.202924],[-81.539953,41.202936],[-81.540599,41.202936],[-81.550153,41.202974],[-81.552588,41.202972],[-81.554759,41.202968],[-81.556425,41.202957],[-81.563086,41.202922],[-81.564484,41.202914],[-81.564688,41.202913],[-81.568482,41.20286],[-81.569609,41.202849],[-81.570318,41.20284],[-81.572336,41.202866],[-81.572664,41.202867],[-81.572828,41.202872],[-81.573375,41.202879],[-81.573508,41.202882],[-81.578796,41.202855],[-81.582741,41.202855],[-81.582963,41.202829],[-81.583211,41.2028],[-81.583599,41.202754],[-81.583897,41.20272],[-81.584183,41.202686],[-81.584427,41.202658],[-81.584561,41.202662],[-81.586646,41.202659],[-81.590442,41.202655],[-81.590446,41.205787],[-81.590442,41.206255],[-81.590442,41.206967],[-81.590442,41.209155],[-81.590549,41.215112],[-81.590642,41.215555],[-81.590542,41.215955],[-81.590642,41.220255],[-81.590513,41.221694],[-81.590529,41.222136],[-81.59056,41.223723],[-81.590552,41.224344],[-81.590571,41.225063],[-81.590569,41.226696],[-81.590344,41.232747],[-81.590379,41.232758],[-81.590437,41.232787],[-81.590487,41.232824],[-81.590511,41.232853],[-81.590534,41.2329],[-81.590554,41.233009],[-81.590551,41.23363],[-81.590541,41.234194],[-81.590535,41.235257],[-81.590531,41.235945],[-81.59054,41.238605],[-81.590546,41.238995],[-81.590547,41.240047],[-81.590541,41.240516],[-81.590559,41.241242],[-81.590573,41.242207],[-81.59057,41.242286],[-81.590561,41.242365],[-81.590541,41.242456],[-81.590526,41.243277],[-81.590525,41.244094],[-81.590568,41.24496],[-81.590574,41.245029],[-81.590599,41.245338],[-81.590642,41.246755],[-81.590708,41.251372],[-81.590729,41.253468],[-81.590738,41.253762]]]}},{"type":"Feature","properties":{"id":"copley","subdivision":"copley"},"geometry":{"type":"Polygon","coordinates":[[[-81.590321,41.092089],[-81.590395,41.091864],[-81.590429,41.091784],[-81.590476,41.091674],[-81.590586,41.091458],[-81.590716,41.091222],[-81.590867,41.090961],[-81.590894,41.090915],[-81.588217,41.090917],[-81.588224,41.090007],[-81.588249,41.087405],[-81.588265,41.085714],[-81.588272,41.084965],[-81.588275,41.084827],[-81.588317,41.083553],[-81.588347,41.083458],[-81.588375,41.082946],[-81.588382,41.081952],[-81.588404,41.081149],[-81.588441,41.080043],[-81.588445,41.079487],[-81.588446,41.079387],[-81.58845,41.078971],[-81.588485,41.078353],[-81.5885,41.07725],[-81.588499,41.076824],[-81.588511,41.07649],[-81.588532,41.075453],[-81.58855,41.075073],[-81.58855,41.075037],[-81.588548,41.074774],[-81.588591,41.0736],[-81.588592,41.072876],[-81.588632,41.071385],[-81.588655,41.070169],[-81.588685,41.068651],[-81.588716,41.067647],[-81.588724,41.067418],[-81.588732,41.066728],[-81.588728,41.066523],[-81.588749,41.06589],[-81.588751,41.065418],[-81.58876,41.065121],[-81.588771,41.064464],[-81.588774,41.064265],[-81.588808,41.06292],[-81.588823,41.062452],[-81.588834,41.062111],[-81.589407,41.06211],[-81.589873,41.062108],[-81.590068,41.062108],[-81.590259,41.062108],[-81.590801,41.062106],[-81.5909,41.062106],[-81.590997,41.062106],[-81.591902,41.062104],[-81.592824,41.062101],[-81.592928,41.062101],[-81.593018,41.062101],[-81.594283,41.06211],[-81.594378,41.062111],[-81.59526,41.062118],[-81.596299,41.062124],[-81.596591,41.062125],[-81.596732,41.062126],[-81.596878,41.062127],[-81.597166,41.062128],[-81.597366,41.062129],[-81.597438,41.062129],[-81.597537,41.06213],[-81.598583,41.062134],[-81.599635,41.062141],[-81.601617,41.062154],[-81.602111,41.062156],[-81.602505,41.062158],[-81.602895,41.06216],[-81.603228,41.062152],[-81.603269,41.062162],[-81.603632,41.062164],[-81.603731,41.062164],[-81.606082,41.062175],[-81.606516,41.062176],[-81.61171,41.062182],[-81.612491,41.062188],[-81.612725,41.062184],[-81.614079,41.062185],[-81.614581,41.062183],[-81.614994,41.062181],[-81.61501,41.06218],[-81.615391,41.062178],[-81.61577,41.062176],[-81.617016,41.062171],[-81.618425,41.062165],[-81.620116,41.062163],[-81.620649,41.062156],[-81.62176,41.062158],[-81.62341,41.062215],[-81.628572,41.062144],[-81.637626,41.062223],[-81.63872,41.062228],[-81.639482,41.062227],[-81.64169,41.062239],[-81.643297,41.062235],[-81.64413,41.062242],[-81.645731,41.062242],[-81.646167,41.062239],[-81.646899,41.062244],[-81.648684,41.062243],[-81.649136,41.062241],[-81.6496,41.062246],[-81.649939,41.062241],[-81.652546,41.062244],[-81.65333,41.06224],[-81.653994,41.062242],[-81.65471,41.062234],[-81.655943,41.062243],[-81.656367,41.062242],[-81.657193,41.06223],[-81.658158,41.062229],[-81.658643,41.062232],[-81.659264,41.062229],[-81.659609,41.06223],[-81.66048,41.062231],[-81.660899,41.062234],[-81.661334,41.062231],[-81.661659,41.062232],[-81.662009,41.062232],[-81.662288,41.062232],[-81.662587,41.062232],[-81.66293,41.062231],[-81.663206,41.062231],[-81.665703,41.062243],[-81.666271,41.062241],[-81.666812,41.062232],[-81.669406,41.062262],[-81.669909,41.062238],[-81.670072,41.06223],[-81.670503,41.062229],[-81.671763,41.062227],[-81.673155,41.062222],[-81.674225,41.062217],[-81.674327,41.062217],[-81.674413,41.062217],[-81.675347,41.062213],[-81.675393,41.062213],[-81.676599,41.062208],[-81.676754,41.062207],[-81.677327,41.06221],[-81.677837,41.062138],[-81.678174,41.062091],[-81.678304,41.062135],[-81.678375,41.062146],[-81.679726,41.062148],[-81.679796,41.062147],[-81.680168,41.062161],[-81.68596,41.062136],[-81.687624,41.062154],[-81.687614,41.063401],[-81.687611,41.063658],[-81.687597,41.064676],[-81.687597,41.0647],[-81.687558,41.070234],[-81.687546,41.072032],[-81.68749,41.080429],[-81.687486,41.081092],[-81.687485,41.08124],[-81.687448,41.087895],[-81.687442,41.088925],[-81.687441,41.089081],[-81.687424,41.091205],[-81.687411,41.093029],[-81.687411,41.093099],[-81.687409,41.093524],[-81.687408,41.093904],[-81.687391,41.09941],[-81.687387,41.099845],[-81.687335,41.106472],[-81.687333,41.106626],[-81.687309,41.108921],[-81.687292,41.110548],[-81.687242,41.115252],[-81.687234,41.115906],[-81.687211,41.117696],[-81.687161,41.120124],[-81.687145,41.120963],[-81.687122,41.122081],[-81.68709,41.123644],[-81.68709,41.124121],[-81.687101,41.124199],[-81.687067,41.126205],[-81.687056,41.127256],[-81.687051,41.127962],[-81.687035,41.130004],[-81.687018,41.132238],[-81.68699,41.135956],[-81.684371,41.135938],[-81.683228,41.135915],[-81.68225,41.135889],[-81.681326,41.135859],[-81.680536,41.135841],[-81.680423,41.135839],[-81.679148,41.135823],[-81.676806,41.13582],[-81.676359,41.135824],[-81.675978,41.135828],[-81.67527,41.135841],[-81.674409,41.135859],[-81.673578,41.135883],[-81.671958,41.135928],[-81.670433,41.135952],[-81.670398,41.135954],[-81.669398,41.135958],[-81.667701,41.135954],[-81.66422,41.135954],[-81.662972,41.135946],[-81.661647,41.135954],[-81.661442,41.135955],[-81.660441,41.135953],[-81.659776,41.135952],[-81.658283,41.135952],[-81.657321,41.135957],[-81.656573,41.135953],[-81.655684,41.135949],[-81.655488,41.135948],[-81.654458,41.135942],[-81.652425,41.135933],[-81.652152,41.135933],[-81.651081,41.135932],[-81.65078,41.135931],[-81.650553,41.135931],[-81.65047,41.135931],[-81.650284,41.135931],[-81.646639,41.135927],[-81.646242,41.135926],[-81.645041,41.13592],[-81.643539,41.135909],[-81.642175,41.135915],[-81.639341,41.135863],[-81.637761,41.135841],[-81.637337,41.135837],[-81.637292,41.135287],[-81.637274,41.135157],[-81.63721,41.134786],[-81.637184,41.134659],[-81.637075,41.133962],[-81.636978,41.13325],[-81.636971,41.133192],[-81.63764,41.133157],[-81.637674,41.133402],[-81.637709,41.133653],[-81.638199,41.133648],[-81.638365,41.133646],[-81.639165,41.133638],[-81.639166,41.133554],[-81.639354,41.133557],[-81.639356,41.133335],[-81.639356,41.133294],[-81.639364,41.131879],[-81.638597,41.131872],[-81.637839,41.131879],[-81.637818,41.131811],[-81.637752,41.131542],[-81.637684,41.131265],[-81.637618,41.130993],[-81.636186,41.130997],[-81.635991,41.130995],[-81.635884,41.130901],[-81.634883,41.130026],[-81.634717,41.12987],[-81.634602,41.129738],[-81.634483,41.12958],[-81.634399,41.129438],[-81.634332,41.129313],[-81.634017,41.128663],[-81.633965,41.128527],[-81.634086,41.128567],[-81.636093,41.128562],[-81.637493,41.128559],[-81.638106,41.128557],[-81.648161,41.12853],[-81.648324,41.12853],[-81.64845,41.12853],[-81.648448,41.128092],[-81.648461,41.125594],[-81.648149,41.125593],[-81.648151,41.125358],[-81.646147,41.125378],[-81.646139,41.124903],[-81.64623,41.124902],[-81.646509,41.124653],[-81.646917,41.124287],[-81.646948,41.124259],[-81.647009,41.124259],[-81.648466,41.124254],[-81.648468,41.123907],[-81.648469,41.123761],[-81.64847,41.123523],[-81.648191,41.123521],[-81.6479,41.123516],[-81.647369,41.12351],[-81.646552,41.123502],[-81.646383,41.1235],[-81.646383,41.123058],[-81.648197,41.123067],[-81.648472,41.123068],[-81.648483,41.121414],[-81.648485,41.120996],[-81.648476,41.120894],[-81.648479,41.120419],[-81.648385,41.120384],[-81.647732,41.120139],[-81.646154,41.119728],[-81.643288,41.119601],[-81.64227,41.119801],[-81.641132,41.119801],[-81.641133,41.120535],[-81.641134,41.120723],[-81.640891,41.120906],[-81.640513,41.121192],[-81.63832,41.121184],[-81.638018,41.121183],[-81.638395,41.120574],[-81.638753,41.120014],[-81.639119,41.119418],[-81.639236,41.119225],[-81.639454,41.118867],[-81.639856,41.11821],[-81.64014,41.117752],[-81.640753,41.116725],[-81.64218,41.114387],[-81.642842,41.113255],[-81.642914,41.113124],[-81.643126,41.112742],[-81.643378,41.112276],[-81.643423,41.1122],[-81.643857,41.111459],[-81.644022,41.111177],[-81.644333,41.110628],[-81.644378,41.110541],[-81.644457,41.110362],[-81.644516,41.110189],[-81.643912,41.110196],[-81.643091,41.110192],[-81.641165,41.110195],[-81.640301,41.110197],[-81.638094,41.110188],[-81.636985,41.110187],[-81.635416,41.110187],[-81.634497,41.110187],[-81.634013,41.110186],[-81.630905,41.110182],[-81.628731,41.11018],[-81.627397,41.110189],[-81.627207,41.110186],[-81.625591,41.110181],[-81.624169,41.110177],[-81.623933,41.110174],[-81.623944,41.109148],[-81.623363,41.109149],[-81.62335,41.110174],[-81.623236,41.110174],[-81.621423,41.110172],[-81.620793,41.110172],[-81.620098,41.110178],[-81.619976,41.11018],[-81.619629,41.110193],[-81.619456,41.110211],[-81.619278,41.110247],[-81.619175,41.110274],[-81.619051,41.110313],[-81.617613,41.11085],[-81.616474,41.111277],[-81.616302,41.111345],[-81.616025,41.11145],[-81.615846,41.111538],[-81.615758,41.111426],[-81.615538,41.111086],[-81.615326,41.110745],[-81.615267,41.110651],[-81.61515,41.110475],[-81.615077,41.110351],[-81.614988,41.110202],[-81.614944,41.110086],[-81.614936,41.110052],[-81.613249,41.110673],[-81.613886,41.111192],[-81.61469,41.112284],[-81.614674,41.112295],[-81.614634,41.112321],[-81.614498,41.11241],[-81.614336,41.112548],[-81.614274,41.112612],[-81.614217,41.112678],[-81.614179,41.112729],[-81.614155,41.11276],[-81.614124,41.112805],[-81.614098,41.112852],[-81.614075,41.1129],[-81.614065,41.112925],[-81.614047,41.112955],[-81.614019,41.113005],[-81.613994,41.113057],[-81.613935,41.113187],[-81.613808,41.113474],[-81.613782,41.113532],[-81.613766,41.113563],[-81.613734,41.113612],[-81.613705,41.11365],[-81.613681,41.113677],[-81.613655,41.113704],[-81.613627,41.113729],[-81.613598,41.113753],[-81.613566,41.113776],[-81.613545,41.113791],[-81.613511,41.113812],[-81.613462,41.113839],[-81.613411,41.113864],[-81.613358,41.113887],[-81.613297,41.113909],[-81.613234,41.113927],[-81.613169,41.113942],[-81.613088,41.113942],[-81.612871,41.113941],[-81.61236,41.113941],[-81.611948,41.11394],[-81.611844,41.11394],[-81.611526,41.113939],[-81.611456,41.113939],[-81.610696,41.113938],[-81.610328,41.113939],[-81.610044,41.113934],[-81.609786,41.113936],[-81.609746,41.113669],[-81.609708,41.113361],[-81.609669,41.113185],[-81.60961,41.113022],[-81.60954,41.112876],[-81.609403,41.11264],[-81.609295,41.11249],[-81.60919,41.112338],[-81.609006,41.112105],[-81.608553,41.111589],[-81.607436,41.110849],[-81.60684,41.110471],[-81.606353,41.110188],[-81.605925,41.109948],[-81.605438,41.109701],[-81.604872,41.109423],[-81.604875,41.109153],[-81.604893,41.106603],[-81.605062,41.104999],[-81.60508,41.104867],[-81.605116,41.104587],[-81.604922,41.104576],[-81.604952,41.104494],[-81.604975,41.104362],[-81.604979,41.104334],[-81.604945,41.10424],[-81.604493,41.103856],[-81.604513,41.103693],[-81.60455,41.103385],[-81.604713,41.103378],[-81.604848,41.103373],[-81.604975,41.103368],[-81.605003,41.10292],[-81.605006,41.102876],[-81.605009,41.102786],[-81.604845,41.102799],[-81.604694,41.102811],[-81.604631,41.102818],[-81.604225,41.102862],[-81.603893,41.102906],[-81.603769,41.102926],[-81.603292,41.103011],[-81.602955,41.103083],[-81.602881,41.103099],[-81.602386,41.103224],[-81.601832,41.103387],[-81.601448,41.103518],[-81.600489,41.103871],[-81.599309,41.104312],[-81.599314,41.102791],[-81.595446,41.102784],[-81.595104,41.102525],[-81.594379,41.101976],[-81.594376,41.101593],[-81.594381,41.101393],[-81.594388,41.099254],[-81.594399,41.095965],[-81.589994,41.095931],[-81.5891,41.095927],[-81.588435,41.095916],[-81.588248,41.095914],[-81.588177,41.095822],[-81.58818,41.095545],[-81.588211,41.091792],[-81.590321,41.092089]]]}},{"type":"Feature","properties":{"id":"cuyahoga_falls","subdivision":"cuyahoga_falls"},"geometry":{"type":"MultiPolygon","coordinates":[[[[-81.449949,41.140275],[-81.449916,41.135851],[-81.450045,41.135833],[-81.450538,41.135833],[-81.45096,41.135833],[-81.451041,41.135833],[-81.452043,41.135832],[-81.452638,41.135835],[-81.452653,41.13488],[-81.452672,41.133849],[-81.452683,41.133231],[-81.452707,41.132039],[-81.452739,41.131301],[-81.452771,41.130574],[-81.45279,41.130096],[-81.452809,41.12944],[-81.452833,41.128565],[-81.452842,41.128227],[-81.45295,41.12502],[-81.452971,41.124421],[-81.453012,41.123185],[-81.453047,41.122155],[-81.453091,41.121142],[-81.45309,41.120848],[-81.453104,41.120231],[-81.453137,41.118675],[-81.453461,41.11868],[-81.455118,41.118711],[-81.456785,41.118738],[-81.457056,41.118738],[-81.457649,41.118754],[-81.458697,41.11877],[-81.459191,41.118781],[-81.459443,41.118784],[-81.460066,41.118793],[-81.461165,41.118811],[-81.462644,41.118841],[-81.462728,41.118843],[-81.463755,41.118861],[-81.46386,41.11886],[-81.464935,41.11885],[-81.465034,41.118851],[-81.465116,41.118852],[-81.465515,41.118856],[-81.465649,41.118863],[-81.465771,41.11887],[-81.465809,41.118637],[-81.465897,41.117022],[-81.467837,41.117048],[-81.46924,41.11707],[-81.470177,41.117086],[-81.471278,41.117088],[-81.473042,41.117112],[-81.474565,41.117134],[-81.485025,41.117384],[-81.488582,41.117464],[-81.488641,41.117467],[-81.488698,41.11747],[-81.48903,41.117471],[-81.489773,41.117474],[-81.489771,41.117589],[-81.489767,41.117804],[-81.489764,41.118024],[-81.489758,41.118358],[-81.489756,41.118475],[-81.489749,41.118904],[-81.489746,41.119101],[-81.489733,41.119857],[-81.491022,41.118634],[-81.49149,41.118589],[-81.491666,41.118572],[-81.492015,41.118538],[-81.492536,41.118455],[-81.492967,41.11841],[-81.493444,41.118413],[-81.493539,41.118433],[-81.494583,41.118694],[-81.495188,41.118845],[-81.495366,41.118889],[-81.495508,41.119936],[-81.495555,41.120036],[-81.495558,41.120155],[-81.495572,41.120777],[-81.495621,41.121354],[-81.495766,41.121801],[-81.496138,41.122351],[-81.496365,41.122596],[-81.496412,41.122642],[-81.496495,41.122706],[-81.496572,41.122764],[-81.49665,41.122822],[-81.496729,41.122878],[-81.496782,41.122914],[-81.49685,41.122958],[-81.496891,41.122983],[-81.496947,41.123017],[-81.497003,41.123049],[-81.497088,41.123097],[-81.497144,41.123128],[-81.497173,41.123142],[-81.497235,41.123166],[-81.497299,41.123185],[-81.497396,41.123213],[-81.497491,41.123241],[-81.497588,41.123267],[-81.497664,41.123288],[-81.497711,41.123309],[-81.497752,41.123335],[-81.4978,41.123387],[-81.497824,41.123426],[-81.497846,41.123476],[-81.497878,41.123518],[-81.49794,41.123563],[-81.497995,41.123591],[-81.498082,41.123625],[-81.498144,41.123643],[-81.498206,41.123656],[-81.4983,41.123673],[-81.498431,41.123692],[-81.498531,41.123706],[-81.498632,41.123721],[-81.498731,41.123736],[-81.498829,41.123755],[-81.498926,41.123777],[-81.499332,41.123868],[-81.499398,41.123878],[-81.499462,41.123885],[-81.499561,41.12389],[-81.499662,41.12389],[-81.499767,41.123884],[-81.499839,41.123878],[-81.499941,41.123867],[-81.500044,41.123854],[-81.500145,41.123837],[-81.500275,41.1238],[-81.500362,41.123768],[-81.500442,41.123727],[-81.50052,41.123685],[-81.500576,41.12366],[-81.500632,41.123637],[-81.500691,41.123615],[-81.500783,41.12358],[-81.500875,41.123544],[-81.500966,41.123508],[-81.501086,41.123455],[-81.501173,41.123411],[-81.50123,41.123381],[-81.501283,41.12335],[-81.501336,41.123325],[-81.501394,41.123305],[-81.501423,41.123296],[-81.501529,41.123267],[-81.501652,41.123231],[-81.501775,41.123197],[-81.501864,41.12317],[-81.501924,41.123151],[-81.50201,41.12312],[-81.502066,41.123099],[-81.502095,41.123089],[-81.502149,41.123069],[-81.502202,41.123055],[-81.502258,41.123047],[-81.502321,41.123045],[-81.502391,41.123047],[-81.502461,41.123054],[-81.50253,41.123063],[-81.502601,41.123066],[-81.502671,41.123066],[-81.502741,41.12306],[-81.502806,41.123052],[-81.50287,41.123041],[-81.502932,41.123026],[-81.502996,41.123008],[-81.50306,41.122984],[-81.503112,41.122963],[-81.503157,41.122951],[-81.503203,41.122944],[-81.503272,41.122943],[-81.503341,41.122949],[-81.503408,41.122962],[-81.503486,41.122984],[-81.503549,41.123003],[-81.503582,41.12301],[-81.503616,41.123015],[-81.50365,41.123017],[-81.504682,41.123094],[-81.505644,41.123077],[-81.50616,41.123027],[-81.507024,41.12305],[-81.507029,41.123136],[-81.507052,41.12416],[-81.507053,41.1242],[-81.507058,41.124431],[-81.507413,41.124431],[-81.507797,41.124431],[-81.508348,41.124431],[-81.508608,41.124431],[-81.508757,41.124432],[-81.518821,41.124435],[-81.519577,41.124433],[-81.519578,41.124598],[-81.519581,41.12533],[-81.519585,41.12639],[-81.519585,41.12648],[-81.519592,41.126824],[-81.519593,41.126887],[-81.519598,41.127113],[-81.519604,41.127403],[-81.51961,41.127719],[-81.519616,41.128041],[-81.519622,41.128322],[-81.519627,41.128598],[-81.519632,41.12882],[-81.519635,41.128967],[-81.519638,41.12912],[-81.519644,41.129435],[-81.519643,41.129517],[-81.519669,41.129506],[-81.519671,41.129534],[-81.519676,41.129594],[-81.519681,41.130067],[-81.519655,41.131486],[-81.519662,41.131851],[-81.519675,41.132336],[-81.519695,41.133093],[-81.519767,41.135832],[-81.519768,41.135871],[-81.51977,41.135965],[-81.520014,41.135965],[-81.52024,41.135965],[-81.521011,41.135954],[-81.52121,41.13656],[-81.521329,41.136924],[-81.521351,41.137013],[-81.521407,41.137198],[-81.521444,41.137326],[-81.521441,41.13767],[-81.521432,41.138472],[-81.521643,41.138473],[-81.522229,41.138472],[-81.522224,41.138534],[-81.522229,41.138647],[-81.52222,41.13878],[-81.52218,41.138833],[-81.522203,41.138934],[-81.522201,41.139172],[-81.522199,41.139345],[-81.522726,41.139289],[-81.52285,41.139275],[-81.523274,41.139228],[-81.523279,41.138854],[-81.523301,41.137248],[-81.523304,41.137168],[-81.523317,41.136451],[-81.522915,41.136451],[-81.522504,41.136437],[-81.522484,41.136781],[-81.522465,41.136765],[-81.522395,41.136713],[-81.522281,41.136645],[-81.522126,41.136566],[-81.522043,41.136505],[-81.521967,41.13644],[-81.521895,41.136352],[-81.521834,41.136259],[-81.5218,41.136163],[-81.521796,41.136062],[-81.521806,41.135956],[-81.523386,41.135964],[-81.523414,41.135964],[-81.525424,41.13597],[-81.525474,41.13597],[-81.526014,41.135972],[-81.526486,41.135973],[-81.526556,41.135974],[-81.526834,41.135975],[-81.527519,41.135977],[-81.527594,41.135978],[-81.527607,41.136056],[-81.527611,41.136081],[-81.527614,41.136174],[-81.527624,41.136484],[-81.527626,41.136848],[-81.527614,41.137193],[-81.527625,41.138064],[-81.527596,41.139002],[-81.527695,41.139002],[-81.528302,41.139006],[-81.528482,41.139008],[-81.528463,41.139573],[-81.528552,41.139567],[-81.528661,41.13956],[-81.528662,41.139655],[-81.528679,41.140951],[-81.529215,41.141003],[-81.529345,41.141041],[-81.529348,41.141781],[-81.528752,41.141774],[-81.528488,41.141774],[-81.528409,41.141612],[-81.527703,41.14161],[-81.527586,41.14161],[-81.527586,41.141876],[-81.527704,41.141878],[-81.528487,41.14189],[-81.528546,41.141892],[-81.528552,41.142175],[-81.528669,41.14308],[-81.532081,41.143067],[-81.532064,41.141687],[-81.532034,41.139335],[-81.532089,41.139331],[-81.532182,41.139324],[-81.53263,41.139295],[-81.532861,41.13928],[-81.532859,41.137896],[-81.532858,41.136929],[-81.532857,41.136539],[-81.534423,41.136544],[-81.534986,41.136546],[-81.537361,41.136554],[-81.53765,41.136565],[-81.537639,41.138664],[-81.537599,41.138674],[-81.537501,41.138703],[-81.537427,41.138725],[-81.537201,41.138802],[-81.537252,41.138904],[-81.537296,41.138993],[-81.537335,41.139127],[-81.537364,41.139201],[-81.53737,41.139296],[-81.537369,41.139359],[-81.53736,41.139465],[-81.537345,41.139601],[-81.537313,41.139729],[-81.537303,41.139759],[-81.537214,41.139791],[-81.536927,41.139891],[-81.536926,41.139853],[-81.536923,41.139637],[-81.536432,41.139642],[-81.536145,41.139645],[-81.536139,41.139852],[-81.536133,41.140076],[-81.536126,41.140318],[-81.536121,41.140475],[-81.536119,41.140551],[-81.536091,41.141567],[-81.536045,41.143207],[-81.536026,41.143872],[-81.53601,41.144439],[-81.535535,41.144444],[-81.535163,41.144445],[-81.534647,41.144448],[-81.534315,41.14445],[-81.534194,41.144451],[-81.532098,41.144465],[-81.531618,41.144468],[-81.531579,41.145934],[-81.531571,41.146223],[-81.531545,41.147296],[-81.531544,41.147859],[-81.531724,41.14922],[-81.531821,41.149949],[-81.531855,41.15021],[-81.531908,41.150516],[-81.531994,41.151248],[-81.532005,41.151333],[-81.531977,41.151333],[-81.531741,41.151332],[-81.531651,41.151336],[-81.531415,41.151345],[-81.531216,41.151366],[-81.530899,41.1514],[-81.530667,41.151432],[-81.530234,41.151505],[-81.530045,41.151547],[-81.529792,41.151617],[-81.529589,41.151693],[-81.529407,41.151783],[-81.529321,41.151838],[-81.529178,41.151944],[-81.528691,41.152372],[-81.528595,41.152441],[-81.528491,41.152504],[-81.528426,41.152526],[-81.52835,41.152535],[-81.528189,41.152526],[-81.528124,41.152516],[-81.528013,41.152471],[-81.527936,41.152432],[-81.527878,41.152402],[-81.527799,41.152344],[-81.527709,41.15227],[-81.527638,41.152196],[-81.527627,41.152182],[-81.527603,41.15215],[-81.5261,41.152384],[-81.526081,41.152387],[-81.5261,41.152681],[-81.526102,41.152717],[-81.526038,41.152715],[-81.525526,41.152699],[-81.525534,41.152354],[-81.525538,41.152182],[-81.524581,41.152149],[-81.52451,41.152147],[-81.524507,41.152127],[-81.523577,41.151992],[-81.523387,41.151956],[-81.523362,41.151951],[-81.523105,41.151829],[-81.522827,41.151837],[-81.522752,41.151824],[-81.522751,41.151689],[-81.522747,41.151296],[-81.522746,41.151251],[-81.522687,41.15125],[-81.522688,41.151036],[-81.522689,41.150786],[-81.522729,41.150156],[-81.522734,41.150026],[-81.522753,41.149468],[-81.523374,41.14948],[-81.524254,41.149498],[-81.524254,41.149291],[-81.524254,41.148995],[-81.524255,41.148211],[-81.524256,41.147847],[-81.524256,41.147428],[-81.524256,41.147195],[-81.524256,41.146875],[-81.524258,41.146066],[-81.524258,41.145675],[-81.524258,41.145308],[-81.524258,41.144439],[-81.524035,41.144436],[-81.52359,41.144431],[-81.523635,41.144774],[-81.523641,41.145107],[-81.522903,41.145099],[-81.522842,41.146876],[-81.521804,41.14686],[-81.520115,41.146825],[-81.519613,41.146817],[-81.518871,41.146804],[-81.518078,41.14679],[-81.518088,41.146521],[-81.5181,41.146199],[-81.518119,41.145698],[-81.518131,41.145406],[-81.518139,41.145191],[-81.518149,41.144935],[-81.518159,41.144653],[-81.51817,41.144366],[-81.517592,41.144361],[-81.517313,41.144359],[-81.51646,41.144352],[-81.515804,41.144347],[-81.515842,41.144372],[-81.515897,41.144411],[-81.515929,41.144454],[-81.516176,41.144794],[-81.516352,41.145037],[-81.516594,41.14537],[-81.516588,41.145637],[-81.516573,41.146184],[-81.516563,41.146543],[-81.516125,41.146539],[-81.515629,41.146534],[-81.514766,41.146524],[-81.51476,41.14689],[-81.514755,41.147202],[-81.51475,41.147516],[-81.514742,41.148022],[-81.514735,41.148461],[-81.514726,41.148871],[-81.514722,41.149177],[-81.514718,41.149481],[-81.514713,41.149865],[-81.514715,41.150528],[-81.514722,41.150979],[-81.514725,41.151167],[-81.515488,41.151163],[-81.51659,41.15115],[-81.517424,41.151139],[-81.517723,41.15114],[-81.517962,41.151141],[-81.51761,41.158541],[-81.516842,41.158535],[-81.516413,41.158536],[-81.515097,41.158519],[-81.514232,41.158514],[-81.513436,41.158533],[-81.513004,41.15855],[-81.513051,41.161003],[-81.510937,41.160959],[-81.509118,41.160921],[-81.509099,41.16096],[-81.509041,41.161079],[-81.508992,41.161186],[-81.508876,41.161473],[-81.508773,41.161756],[-81.508704,41.162019],[-81.508658,41.162232],[-81.508614,41.162551],[-81.508593,41.162838],[-81.508581,41.163443],[-81.508582,41.164219],[-81.508579,41.164449],[-81.510164,41.164476],[-81.511262,41.164497],[-81.511269,41.165036],[-81.511274,41.165444],[-81.511287,41.166404],[-81.512528,41.166419],[-81.51336,41.16643],[-81.514341,41.16646],[-81.515233,41.166488],[-81.516514,41.166528],[-81.517525,41.166559],[-81.518404,41.166555],[-81.519113,41.166551],[-81.519127,41.16581],[-81.520223,41.165643],[-81.520551,41.165003],[-81.521189,41.164663],[-81.521201,41.163862],[-81.522501,41.163873],[-81.522585,41.159861],[-81.523239,41.159528],[-81.523134,41.159382],[-81.523003,41.159214],[-81.522775,41.158924],[-81.522727,41.158874],[-81.523973,41.158865],[-81.524901,41.158864],[-81.525301,41.158866],[-81.525813,41.158867],[-81.526027,41.158867],[-81.52696,41.15887],[-81.527396,41.158871],[-81.527392,41.159052],[-81.528077,41.159051],[-81.528259,41.159047],[-81.5288,41.159045],[-81.529547,41.159057],[-81.530017,41.159065],[-81.530023,41.158643],[-81.530873,41.15865],[-81.530884,41.15798],[-81.530888,41.157351],[-81.530896,41.156716],[-81.530512,41.156539],[-81.529847,41.156223],[-81.528983,41.155816],[-81.528833,41.155748],[-81.528818,41.155065],[-81.52881,41.154703],[-81.528801,41.154329],[-81.528793,41.154001],[-81.52879,41.153856],[-81.528785,41.153628],[-81.528782,41.153505],[-81.528781,41.153442],[-81.528778,41.153286],[-81.529407,41.153287],[-81.529708,41.153287],[-81.530138,41.153287],[-81.530317,41.153287],[-81.530501,41.153288],[-81.530864,41.153288],[-81.531183,41.153288],[-81.531466,41.153288],[-81.531756,41.153289],[-81.532049,41.153289],[-81.532414,41.15329],[-81.532412,41.15278],[-81.53241,41.15271],[-81.532408,41.152391],[-81.532407,41.152245],[-81.53333,41.152248],[-81.533323,41.151404],[-81.533332,41.151327],[-81.533171,41.151325],[-81.533156,41.151325],[-81.533151,41.150693],[-81.533254,41.150693],[-81.533236,41.150656],[-81.533393,41.150694],[-81.533425,41.150694],[-81.533511,41.150622],[-81.533723,41.150826],[-81.533765,41.150934],[-81.533765,41.151062],[-81.533765,41.151237],[-81.533766,41.151293],[-81.533767,41.151338],[-81.533898,41.151342],[-81.534079,41.151344],[-81.534248,41.151341],[-81.534421,41.15133],[-81.534404,41.151283],[-81.534401,41.15125],[-81.53443,41.150314],[-81.534463,41.149487],[-81.534483,41.148588],[-81.534492,41.148491],[-81.534455,41.147814],[-81.534466,41.147346],[-81.534502,41.145893],[-81.53572,41.145898],[-81.535698,41.147185],[-81.535662,41.148719],[-81.535649,41.14948],[-81.535644,41.149746],[-81.53563,41.150105],[-81.535615,41.150638],[-81.53561,41.151318],[-81.535911,41.151315],[-81.536134,41.15132],[-81.536313,41.151331],[-81.536462,41.151334],[-81.536779,41.151321],[-81.536918,41.151308],[-81.537067,41.151286],[-81.537357,41.151218],[-81.537362,41.151066],[-81.53737,41.15083],[-81.53738,41.1505],[-81.53739,41.150171],[-81.537401,41.149842],[-81.537463,41.147854],[-81.541048,41.147942],[-81.542259,41.147971],[-81.542328,41.144093],[-81.54135,41.144162],[-81.541392,41.143075],[-81.541429,41.142346],[-81.541458,41.141819],[-81.540613,41.141921],[-81.540687,41.140831],[-81.542566,41.140588],[-81.542561,41.140777],[-81.544798,41.139729],[-81.545089,41.139535],[-81.545005,41.138522],[-81.544551,41.138601],[-81.544537,41.138515],[-81.543998,41.138616],[-81.54343,41.138722],[-81.542618,41.138875],[-81.542618,41.138721],[-81.542618,41.138454],[-81.542617,41.138193],[-81.542611,41.138084],[-81.542736,41.138065],[-81.543009,41.138018],[-81.54349,41.137921],[-81.544574,41.137691],[-81.546479,41.13728],[-81.546806,41.13721],[-81.546955,41.13667],[-81.547478,41.136651],[-81.547437,41.136793],[-81.547396,41.136891],[-81.547345,41.136962],[-81.54723,41.137061],[-81.547271,41.137108],[-81.547307,41.13717],[-81.547328,41.137244],[-81.547352,41.137436],[-81.547358,41.137479],[-81.547396,41.13769],[-81.547442,41.137893],[-81.547451,41.137912],[-81.549077,41.137569],[-81.548765,41.136938],[-81.548516,41.13631],[-81.548504,41.136283],[-81.5484,41.136019],[-81.549015,41.136023],[-81.549059,41.136023],[-81.550624,41.136034],[-81.550742,41.13631],[-81.550835,41.136526],[-81.551109,41.137162],[-81.551199,41.137373],[-81.551258,41.137506],[-81.551407,41.137842],[-81.551496,41.138044],[-81.551506,41.138068],[-81.551537,41.138134],[-81.551588,41.138253],[-81.551601,41.138349],[-81.551512,41.138368],[-81.551473,41.1384],[-81.551508,41.138582],[-81.551549,41.138817],[-81.54975,41.140103],[-81.550013,41.14031],[-81.550189,41.140449],[-81.551658,41.139401],[-81.55172,41.139735],[-81.55073,41.140441],[-81.550439,41.140649],[-81.550553,41.140741],[-81.551164,41.141223],[-81.552062,41.140581],[-81.552456,41.140927],[-81.552512,41.140976],[-81.552859,41.141086],[-81.552964,41.141072],[-81.553566,41.140987],[-81.553585,41.141174],[-81.553975,41.140968],[-81.554324,41.140448],[-81.555316,41.140965],[-81.554491,41.141868],[-81.55479,41.142024],[-81.555089,41.14218],[-81.555387,41.142336],[-81.555955,41.142632],[-81.55562,41.142999],[-81.555182,41.143479],[-81.555156,41.143498],[-81.555122,41.143508],[-81.555081,41.143505],[-81.55518,41.143557],[-81.555311,41.143628],[-81.555388,41.143668],[-81.555354,41.143637],[-81.555348,41.143623],[-81.555347,41.14361],[-81.555349,41.143596],[-81.555363,41.143572],[-81.555942,41.142937],[-81.556135,41.142726],[-81.556478,41.142905],[-81.556779,41.143062],[-81.557079,41.143218],[-81.55733,41.143349],[-81.557714,41.143535],[-81.558039,41.143693],[-81.558075,41.143653],[-81.558848,41.142801],[-81.559828,41.143302],[-81.558105,41.145186],[-81.558118,41.145193],[-81.558294,41.145278],[-81.558434,41.14534],[-81.558732,41.145455],[-81.559012,41.145545],[-81.559217,41.145596],[-81.559575,41.145663],[-81.55969,41.145688],[-81.558994,41.147634],[-81.560156,41.147623],[-81.561006,41.147615],[-81.561006,41.148243],[-81.561005,41.148608],[-81.561491,41.148653],[-81.562861,41.147908],[-81.563486,41.147567],[-81.563734,41.147823],[-81.563796,41.147888],[-81.56399,41.148088],[-81.56422,41.148057],[-81.566255,41.147865],[-81.566335,41.148633],[-81.56468,41.148791],[-81.564842,41.148955],[-81.565094,41.149204],[-81.565369,41.149499],[-81.565483,41.14962],[-81.565709,41.149885],[-81.565834,41.150078],[-81.565963,41.150336],[-81.56603,41.150528],[-81.566074,41.150628],[-81.566169,41.151015],[-81.566198,41.151192],[-81.566199,41.151255],[-81.565454,41.15126],[-81.565342,41.151546],[-81.565236,41.151817],[-81.565139,41.152099],[-81.564959,41.151263],[-81.56486,41.151264],[-81.564271,41.15127],[-81.563698,41.151276],[-81.562693,41.151286],[-81.561296,41.1513],[-81.560461,41.151304],[-81.560147,41.151304],[-81.559564,41.151306],[-81.55909,41.151307],[-81.558464,41.151308],[-81.556908,41.151311],[-81.5569,41.146297],[-81.555466,41.146267],[-81.554111,41.145583],[-81.555629,41.144115],[-81.555102,41.143854],[-81.555041,41.143824],[-81.554237,41.144661],[-81.553141,41.144075],[-81.553327,41.143871],[-81.552664,41.143863],[-81.552113,41.143857],[-81.552044,41.143859],[-81.552046,41.14389],[-81.552044,41.143995],[-81.552021,41.144129],[-81.551983,41.144246],[-81.551961,41.144311],[-81.551832,41.144521],[-81.55147,41.144917],[-81.551419,41.144965],[-81.551295,41.14512],[-81.551247,41.14519],[-81.551184,41.145295],[-81.551161,41.145344],[-81.551091,41.145528],[-81.551052,41.145685],[-81.551032,41.145811],[-81.551121,41.145816],[-81.551665,41.145841],[-81.552243,41.14682],[-81.552738,41.147658],[-81.550972,41.147659],[-81.550833,41.147658],[-81.55079,41.147749],[-81.55076,41.147812],[-81.550729,41.147867],[-81.550708,41.147905],[-81.550623,41.14804],[-81.550564,41.148125],[-81.550445,41.148278],[-81.550289,41.148466],[-81.550136,41.148641],[-81.549953,41.14886],[-81.549777,41.149101],[-81.549642,41.149321],[-81.54948,41.14962],[-81.549262,41.150079],[-81.549083,41.150436],[-81.548928,41.150708],[-81.548813,41.150881],[-81.548667,41.151074],[-81.548596,41.151159],[-81.548454,41.151308],[-81.548323,41.151281],[-81.548193,41.151278],[-81.548081,41.151281],[-81.547669,41.151279],[-81.547136,41.151269],[-81.546436,41.151269],[-81.545856,41.151279],[-81.545598,41.151288],[-81.544943,41.151298],[-81.54364,41.151307],[-81.542967,41.151318],[-81.542579,41.151325],[-81.542358,41.151337],[-81.542062,41.151377],[-81.541884,41.151423],[-81.541719,41.151453],[-81.541521,41.151471],[-81.541378,41.151476],[-81.541317,41.151473],[-81.541168,41.151456],[-81.540946,41.15141],[-81.540836,41.151371],[-81.540835,41.151398],[-81.540834,41.151489],[-81.540806,41.153829],[-81.540783,41.155735],[-81.540765,41.156575],[-81.540767,41.157265],[-81.540789,41.157247],[-81.540957,41.157127],[-81.54208,41.156377],[-81.542186,41.1563],[-81.542328,41.156205],[-81.542741,41.155873],[-81.542954,41.155683],[-81.543107,41.155535],[-81.543275,41.155351],[-81.543544,41.155036],[-81.544023,41.154452],[-81.544114,41.154346],[-81.545006,41.154722],[-81.545843,41.154689],[-81.545311,41.155598],[-81.545276,41.155894],[-81.545186,41.156662],[-81.544578,41.156521],[-81.543877,41.156358],[-81.542946,41.156016],[-81.542908,41.156732],[-81.542896,41.156952],[-81.542801,41.158744],[-81.541286,41.158725],[-81.541264,41.159448],[-81.540074,41.159438],[-81.539955,41.159452],[-81.539892,41.15946],[-81.539828,41.159464],[-81.539705,41.15947],[-81.539643,41.159471],[-81.539577,41.159469],[-81.539514,41.159466],[-81.539453,41.159463],[-81.539348,41.159461],[-81.539246,41.159463],[-81.539137,41.159464],[-81.539022,41.159464],[-81.538909,41.159464],[-81.538803,41.159463],[-81.538722,41.159459],[-81.538658,41.159451],[-81.538613,41.15944],[-81.538568,41.159406],[-81.538599,41.159374],[-81.538449,41.159416],[-81.537629,41.159643],[-81.537155,41.159774],[-81.537018,41.159813],[-81.537002,41.160516],[-81.536992,41.161129],[-81.536994,41.161315],[-81.536994,41.161395],[-81.537076,41.1613],[-81.537166,41.161153],[-81.537374,41.160722],[-81.537485,41.160545],[-81.537608,41.160388],[-81.537861,41.160116],[-81.53789,41.160084],[-81.537974,41.160001],[-81.538961,41.160282],[-81.538957,41.160426],[-81.538954,41.160526],[-81.538915,41.161624],[-81.540946,41.161633],[-81.544739,41.161647],[-81.547185,41.161657],[-81.547207,41.158761],[-81.548602,41.158784],[-81.549385,41.158797],[-81.551134,41.158826],[-81.551123,41.159194],[-81.55101,41.163074],[-81.556852,41.163216],[-81.556831,41.1648],[-81.556822,41.164916],[-81.556793,41.168907],[-81.556784,41.170551],[-81.562047,41.17054],[-81.56213,41.170486],[-81.56249,41.170275],[-81.56325,41.16984],[-81.563377,41.169776],[-81.563513,41.169722],[-81.563654,41.169679],[-81.563801,41.169647],[-81.563951,41.169626],[-81.566425,41.169425],[-81.566923,41.169378],[-81.567536,41.169305],[-81.568206,41.169214],[-81.56962,41.16901],[-81.569879,41.169517],[-81.570701,41.169533],[-81.5708,41.16906],[-81.57129,41.168745],[-81.573013,41.167637],[-81.57315,41.167421],[-81.573397,41.167033],[-81.573419,41.166058],[-81.576425,41.166034],[-81.576419,41.1659],[-81.576415,41.16581],[-81.576289,41.163677],[-81.576276,41.163575],[-81.576272,41.163555],[-81.576258,41.163489],[-81.576234,41.163406],[-81.576203,41.163327],[-81.57616,41.163244],[-81.576104,41.16315],[-81.57603,41.163051],[-81.575967,41.162976],[-81.575176,41.162113],[-81.574726,41.161624],[-81.574155,41.160999],[-81.574082,41.160912],[-81.573951,41.16073],[-81.573866,41.160587],[-81.573748,41.160295],[-81.573652,41.159978],[-81.573581,41.159723],[-81.573514,41.159452],[-81.573492,41.159318],[-81.573477,41.159134],[-81.573464,41.158872],[-81.573461,41.158754],[-81.573427,41.157422],[-81.573422,41.157209],[-81.573414,41.156631],[-81.573393,41.156123],[-81.573382,41.155924],[-81.573356,41.155787],[-81.573284,41.155563],[-81.573212,41.155385],[-81.573176,41.155314],[-81.573124,41.155211],[-81.573058,41.155098],[-81.572933,41.154916],[-81.572839,41.154799],[-81.572686,41.154631],[-81.572456,41.154413],[-81.57215,41.154139],[-81.571092,41.153216],[-81.570978,41.153113],[-81.570764,41.152901],[-81.570523,41.152632],[-81.570387,41.152472],[-81.570259,41.15231],[-81.569856,41.151775],[-81.568954,41.150598],[-81.568481,41.149974],[-81.568177,41.149554],[-81.568078,41.149417],[-81.567947,41.149215],[-81.567916,41.149168],[-81.567828,41.149019],[-81.568036,41.14902],[-81.568085,41.149018],[-81.569341,41.149017],[-81.569334,41.147323],[-81.569325,41.145319],[-81.569331,41.14437],[-81.571958,41.144369],[-81.574539,41.144383],[-81.574652,41.144384],[-81.574777,41.144385],[-81.578973,41.144411],[-81.581381,41.144426],[-81.582604,41.144434],[-81.582561,41.144861],[-81.582545,41.145021],[-81.582545,41.14503],[-81.582544,41.145039],[-81.582507,41.145413],[-81.583047,41.145416],[-81.585017,41.145425],[-81.58501,41.146231],[-81.584967,41.1491],[-81.586229,41.149112],[-81.587307,41.149111],[-81.587304,41.149367],[-81.587302,41.149479],[-81.5873,41.149638],[-81.587309,41.15052],[-81.5873,41.151434],[-81.587301,41.151556],[-81.587303,41.15178],[-81.587298,41.151962],[-81.587291,41.152206],[-81.587289,41.152441],[-81.587288,41.152579],[-81.587292,41.152992],[-81.587288,41.153306],[-81.587293,41.153866],[-81.587271,41.154951],[-81.587271,41.155197],[-81.587272,41.15547],[-81.587281,41.155581],[-81.587263,41.156221],[-81.587263,41.156234],[-81.587264,41.156482],[-81.587251,41.156778],[-81.587247,41.157026],[-81.58724,41.157121],[-81.587244,41.157519],[-81.587224,41.158585],[-81.587233,41.158772],[-81.587221,41.159208],[-81.587223,41.159752],[-81.58722,41.160545],[-81.587215,41.16062],[-81.587212,41.160876],[-81.587191,41.162841],[-81.587186,41.163413],[-81.587178,41.164165],[-81.587165,41.16539],[-81.587149,41.166915],[-81.587135,41.168253],[-81.58712,41.169687],[-81.587115,41.170154],[-81.587087,41.172787],[-81.587079,41.173598],[-81.587047,41.176654],[-81.58698,41.181363],[-81.586974,41.181572],[-81.586962,41.182277],[-81.58696,41.182508],[-81.586957,41.182706],[-81.586939,41.183853],[-81.586707,41.196192],[-81.586617,41.201014],[-81.586646,41.202659],[-81.584561,41.202662],[-81.584427,41.202658],[-81.584183,41.202686],[-81.583897,41.20272],[-81.583599,41.202754],[-81.583211,41.2028],[-81.582963,41.202829],[-81.582741,41.202855],[-81.578796,41.202855],[-81.573508,41.202882],[-81.573375,41.202879],[-81.572828,41.202872],[-81.572664,41.202867],[-81.572336,41.202866],[-81.570318,41.20284],[-81.569609,41.202849],[-81.568482,41.20286],[-81.564688,41.202913],[-81.564484,41.202914],[-81.563086,41.202922],[-81.556425,41.202957],[-81.554759,41.202968],[-81.552588,41.202972],[-81.550153,41.202974],[-81.540599,41.202936],[-81.539953,41.202936],[-81.53841,41.202924],[-81.537031,41.202925],[-81.530637,41.202903],[-81.527851,41.202893],[-81.526156,41.202913],[-81.519617,41.202986],[-81.51827,41.203001],[-81.51704,41.203015],[-81.516528,41.203014],[-81.516434,41.203015],[-81.511517,41.203007],[-81.511252,41.203007],[-81.50744,41.203001],[-81.505195,41.202998],[-81.505154,41.204105],[-81.505058,41.206686],[-81.505046,41.207045],[-81.504618,41.207044],[-81.504613,41.207181],[-81.504003,41.207196],[-81.502393,41.207211],[-81.501724,41.207219],[-81.50094,41.207228],[-81.500938,41.207298],[-81.500271,41.207295],[-81.499448,41.207292],[-81.499451,41.207181],[-81.496874,41.207145],[-81.496866,41.207073],[-81.496954,41.206823],[-81.496055,41.206687],[-81.495501,41.206604],[-81.49559,41.206346],[-81.495615,41.206274],[-81.494569,41.206278],[-81.49474,41.205903],[-81.494907,41.205503],[-81.494938,41.205429],[-81.495109,41.205039],[-81.495181,41.204877],[-81.495236,41.20475],[-81.495314,41.204493],[-81.495123,41.20413],[-81.494977,41.203871],[-81.494694,41.203342],[-81.494582,41.203095],[-81.494546,41.202977],[-81.494043,41.202971],[-81.493458,41.202973],[-81.492254,41.202966],[-81.491796,41.202967],[-81.49058,41.202958],[-81.489851,41.202961],[-81.489436,41.202963],[-81.489436,41.194756],[-81.48935,41.193466],[-81.489336,41.193256],[-81.489436,41.192856],[-81.489436,41.192136],[-81.48944,41.191725],[-81.489436,41.190756],[-81.489436,41.187056],[-81.489536,41.185756],[-81.489536,41.183156],[-81.489523,41.182902],[-81.489523,41.181067],[-81.489523,41.180901],[-81.489524,41.180177],[-81.489525,41.179875],[-81.489526,41.179556],[-81.489527,41.179124],[-81.489527,41.178872],[-81.489527,41.17874],[-81.489528,41.178327],[-81.489529,41.177895],[-81.48953,41.177509],[-81.48953,41.177379],[-81.489531,41.177053],[-81.489531,41.176642],[-81.489532,41.176232],[-81.489533,41.175828],[-81.489534,41.175416],[-81.489534,41.175006],[-81.489535,41.174595],[-81.489536,41.174171],[-81.489537,41.17371],[-81.489538,41.173298],[-81.489539,41.172548],[-81.489537,41.171968],[-81.48954,41.171889],[-81.489541,41.171747],[-81.489543,41.171416],[-81.489546,41.171023],[-81.48955,41.170518],[-81.489575,41.166759],[-81.489578,41.1664],[-81.489579,41.16625],[-81.489582,41.165741],[-81.489583,41.165675],[-81.489582,41.165479],[-81.489581,41.1653],[-81.48958,41.164949],[-81.489578,41.164587],[-81.489577,41.164298],[-81.489576,41.164032],[-81.489574,41.163454],[-81.489573,41.163254],[-81.489571,41.162839],[-81.48957,41.162629],[-81.489569,41.162407],[-81.489569,41.162184],[-81.489568,41.161953],[-81.489567,41.161718],[-81.489566,41.161439],[-81.489564,41.161132],[-81.489563,41.16091],[-81.489565,41.160592],[-81.489563,41.160485],[-81.489178,41.160717],[-81.488887,41.160904],[-81.487625,41.161661],[-81.487012,41.162054],[-81.486583,41.162289],[-81.485846,41.162737],[-81.485628,41.16286],[-81.485467,41.162935],[-81.48533,41.162989],[-81.485161,41.163039],[-81.485052,41.163064],[-81.484951,41.163081],[-81.484852,41.16309],[-81.484514,41.163117],[-81.483501,41.163197],[-81.482734,41.163258],[-81.480914,41.163438],[-81.479693,41.163544],[-81.479406,41.163569],[-81.478397,41.163649],[-81.47816,41.163665],[-81.477915,41.163656],[-81.477608,41.163635],[-81.477249,41.163578],[-81.476244,41.163382],[-81.47585,41.163316],[-81.475173,41.163201],[-81.474457,41.163066],[-81.474426,41.16306],[-81.473958,41.162971],[-81.473783,41.162931],[-81.473235,41.162805],[-81.47242,41.162804],[-81.471959,41.162841],[-81.471601,41.162902],[-81.471403,41.162935],[-81.470773,41.163118],[-81.470455,41.163253],[-81.47015,41.1634],[-81.469572,41.163765],[-81.469338,41.16393],[-81.469271,41.163979],[-81.468838,41.162134],[-81.46869,41.161504],[-81.468512,41.160723],[-81.468463,41.160495],[-81.468388,41.160089],[-81.468341,41.159693],[-81.46832,41.15933],[-81.468326,41.15893],[-81.468347,41.15864],[-81.468382,41.15834],[-81.46842,41.158117],[-81.468475,41.157848],[-81.468569,41.157489],[-81.468736,41.156979],[-81.469096,41.155961],[-81.469351,41.155241],[-81.470454,41.15214],[-81.469491,41.152254],[-81.469187,41.152246],[-81.468987,41.152245],[-81.468988,41.15214],[-81.468988,41.152058],[-81.468988,41.151687],[-81.468988,41.151512],[-81.468988,41.151308],[-81.468983,41.151095],[-81.468989,41.150805],[-81.468989,41.150567],[-81.468989,41.150454],[-81.468987,41.150294],[-81.468987,41.150244],[-81.468986,41.150153],[-81.468984,41.150058],[-81.468983,41.149954],[-81.468982,41.149853],[-81.468981,41.149802],[-81.468981,41.149748],[-81.468981,41.149685],[-81.468981,41.149651],[-81.468981,41.149583],[-81.468981,41.149489],[-81.468981,41.149456],[-81.468981,41.149342],[-81.468981,41.149221],[-81.468981,41.149178],[-81.468981,41.149075],[-81.468981,41.148938],[-81.468981,41.148797],[-81.468981,41.148554],[-81.468982,41.148446],[-81.468812,41.148534],[-81.468772,41.148549],[-81.468738,41.148566],[-81.468687,41.148591],[-81.468664,41.148598],[-81.468371,41.148722],[-81.468106,41.14882],[-81.467733,41.148329],[-81.467317,41.148564],[-81.467168,41.14855],[-81.467131,41.148563],[-81.467067,41.148583],[-81.467022,41.148596],[-81.466969,41.14861],[-81.466824,41.148643],[-81.466712,41.148663],[-81.466612,41.148668],[-81.466522,41.148666],[-81.466431,41.148661],[-81.466327,41.148648],[-81.466227,41.148628],[-81.466129,41.148603],[-81.466032,41.148577],[-81.465904,41.148541],[-81.465777,41.148499],[-81.46565,41.14845],[-81.465575,41.148418],[-81.465466,41.148367],[-81.465082,41.148195],[-81.464758,41.148035],[-81.464454,41.147835],[-81.464147,41.147607],[-81.463776,41.147297],[-81.463732,41.147262],[-81.463684,41.14723],[-81.463637,41.147201],[-81.463581,41.147173],[-81.463534,41.147138],[-81.463486,41.147103],[-81.463437,41.147069],[-81.463388,41.147035],[-81.463313,41.146986],[-81.462304,41.146101],[-81.461257,41.145181],[-81.460795,41.145115],[-81.460555,41.144975],[-81.460419,41.144793],[-81.459898,41.144441],[-81.459639,41.14436],[-81.459324,41.144397],[-81.459012,41.144591],[-81.458733,41.145124],[-81.458735,41.14549],[-81.45912,41.145828],[-81.458758,41.146549],[-81.458213,41.146709],[-81.45778,41.146681],[-81.457527,41.145933],[-81.457218,41.145613],[-81.456675,41.145366],[-81.456379,41.145316],[-81.455927,41.145512],[-81.455885,41.145574],[-81.455859,41.145614],[-81.455699,41.14585],[-81.455886,41.146197],[-81.45615,41.146492],[-81.456309,41.146908],[-81.456182,41.147974],[-81.456265,41.148665],[-81.456173,41.149093],[-81.455738,41.149416],[-81.454689,41.149619],[-81.454071,41.149353],[-81.453319,41.148814],[-81.451992,41.148419],[-81.451313,41.148332],[-81.449934,41.148056],[-81.449934,41.147656],[-81.450033,41.142571],[-81.450031,41.142536],[-81.449949,41.140275]]],[[[-81.581443,41.137099],[-81.581442,41.137461],[-81.581437,41.137901],[-81.581436,41.137983],[-81.581437,41.138328],[-81.580434,41.138329],[-81.580326,41.13833],[-81.580351,41.138251],[-81.580372,41.138167],[-81.580388,41.138109],[-81.58045,41.137902],[-81.580605,41.137379],[-81.580637,41.137267],[-81.580709,41.137025],[-81.580735,41.136938],[-81.580868,41.136969],[-81.581265,41.137007],[-81.581453,41.137004],[-81.581443,41.137099]]],[[[-81.578104,41.14079],[-81.577799,41.140844],[-81.577447,41.140892],[-81.577169,41.140921],[-81.577146,41.140923],[-81.577092,41.140929],[-81.576986,41.140941],[-81.576919,41.14095],[-81.576845,41.14096],[-81.576752,41.140974],[-81.576357,41.141017],[-81.5764,41.138766],[-81.576405,41.138507],[-81.577185,41.138519],[-81.577176,41.139559],[-81.577176,41.139605],[-81.576844,41.140854],[-81.576835,41.140867],[-81.576796,41.140891],[-81.577135,41.140853],[-81.577083,41.140845],[-81.577063,41.140832],[-81.577048,41.14081],[-81.577045,41.140795],[-81.577156,41.140364],[-81.577186,41.140246],[-81.577932,41.140166],[-81.578025,41.14016],[-81.578024,41.140288],[-81.578023,41.140454],[-81.578029,41.140568],[-81.578037,41.140627],[-81.578049,41.140675],[-81.57807,41.140729],[-81.578104,41.14079]]],[[[-81.572019,41.141343],[-81.57201,41.141803],[-81.571996,41.142476],[-81.571987,41.142952],[-81.571979,41.143328],[-81.565657,41.142843],[-81.56555,41.142836],[-81.565431,41.142826],[-81.565231,41.142811],[-81.565168,41.142806],[-81.565138,41.142807],[-81.564942,41.142316],[-81.564814,41.14201],[-81.564755,41.141851],[-81.56468,41.141693],[-81.564483,41.141351],[-81.564334,41.141159],[-81.564177,41.14101],[-81.564002,41.140836],[-81.564152,41.14082],[-81.564301,41.140824],[-81.564554,41.140842],[-81.56508,41.140887],[-81.565136,41.140892],[-81.565568,41.140919],[-81.566636,41.140973],[-81.567124,41.141004],[-81.567278,41.141021],[-81.567381,41.141037],[-81.56768,41.1411],[-81.567953,41.141175],[-81.568071,41.141202],[-81.568191,41.141224],[-81.568374,41.141249],[-81.56864,41.141276],[-81.568796,41.141286],[-81.569513,41.141291],[-81.570176,41.141287],[-81.570573,41.141276],[-81.571552,41.141257],[-81.571682,41.141253],[-81.57191,41.141245],[-81.572022,41.141241],[-81.572019,41.141343]]]]}},{"type":"Feature","properties":{"id":"norton","subdivision":"norton"},"geometry":{"type":"Polygon","coordinates":[[[-81.688442,40.990733],[-81.68835,40.994779],[-81.688333,40.995273],[-81.688321,40.995804],[-81.688306,40.996457],[-81.688246,40.999111],[-81.688224,41.000036],[-81.688221,41.000199],[-81.688213,41.000544],[-81.688207,41.000803],[-81.688195,41.001587],[-81.688154,41.004144],[-81.688145,41.004729],[-81.688132,41.005774],[-81.688038,41.010477],[-81.688035,41.010608],[-81.687953,41.014418],[-81.687943,41.015246],[-81.68794,41.015464],[-81.687936,41.015874],[-81.687862,41.022047],[-81.687824,41.024361],[-81.687811,41.025231],[-81.687804,41.02564],[-81.687801,41.025663],[-81.6878,41.025962],[-81.6878,41.026296],[-81.68779,41.031112],[-81.687789,41.031312],[-81.687769,41.034479],[-81.687747,41.038188],[-81.687747,41.038288],[-81.687746,41.038413],[-81.687743,41.038905],[-81.687741,41.039069],[-81.68774,41.039266],[-81.687732,41.040585],[-81.687727,41.041554],[-81.687726,41.041643],[-81.687726,41.041694],[-81.687725,41.04177],[-81.687724,41.041895],[-81.687724,41.041934],[-81.687709,41.043882],[-81.687705,41.044491],[-81.687692,41.046366],[-81.687687,41.047236],[-81.687687,41.047274],[-81.687686,41.047835],[-81.687686,41.048093],[-81.687686,41.048135],[-81.687686,41.048403],[-81.687685,41.051398],[-81.687684,41.053005],[-81.687676,41.055224],[-81.687655,41.058844],[-81.687654,41.059041],[-81.687642,41.060283],[-81.687633,41.061194],[-81.687631,41.061342],[-81.687629,41.061542],[-81.687627,41.061762],[-81.687624,41.062154],[-81.68596,41.062136],[-81.680168,41.062161],[-81.679796,41.062147],[-81.679726,41.062148],[-81.678375,41.062146],[-81.678304,41.062135],[-81.678174,41.062091],[-81.677837,41.062138],[-81.677327,41.06221],[-81.676754,41.062207],[-81.676599,41.062208],[-81.675393,41.062213],[-81.675347,41.062213],[-81.674413,41.062217],[-81.674327,41.062217],[-81.674225,41.062217],[-81.673155,41.062222],[-81.671763,41.062227],[-81.670503,41.062229],[-81.670072,41.06223],[-81.669909,41.062238],[-81.669406,41.062262],[-81.666812,41.062232],[-81.666271,41.062241],[-81.665703,41.062243],[-81.663206,41.062231],[-81.66293,41.062231],[-81.662587,41.062232],[-81.662288,41.062232],[-81.662009,41.062232],[-81.661659,41.062232],[-81.661334,41.062231],[-81.660899,41.062234],[-81.66048,41.062231],[-81.659609,41.06223],[-81.659264,41.062229],[-81.658643,41.062232],[-81.658158,41.062229],[-81.657193,41.06223],[-81.656367,41.062242],[-81.655943,41.062243],[-81.65471,41.062234],[-81.653994,41.062242],[-81.65333,41.06224],[-81.652546,41.062244],[-81.649939,41.062241],[-81.6496,41.062246],[-81.649136,41.062241],[-81.648684,41.062243],[-81.646899,41.062244],[-81.646167,41.062239],[-81.645731,41.062242],[-81.64413,41.062242],[-81.643297,41.062235],[-81.64169,41.062239],[-81.639482,41.062227],[-81.63872,41.062228],[-81.637626,41.062223],[-81.628572,41.062144],[-81.62341,41.062215],[-81.62176,41.062158],[-81.620649,41.062156],[-81.620116,41.062163],[-81.618425,41.062165],[-81.617016,41.062171],[-81.61577,41.062176],[-81.615391,41.062178],[-81.61501,41.06218],[-81.614994,41.062181],[-81.614581,41.062183],[-81.614079,41.062185],[-81.612725,41.062184],[-81.612491,41.062188],[-81.61171,41.062182],[-81.606516,41.062176],[-81.606082,41.062175],[-81.603731,41.062164],[-81.603632,41.062164],[-81.603269,41.062162],[-81.603228,41.062152],[-81.602895,41.06216],[-81.602505,41.062158],[-81.602111,41.062156],[-81.601617,41.062154],[-81.599635,41.062141],[-81.598583,41.062134],[-81.597537,41.06213],[-81.597438,41.062129],[-81.597366,41.062129],[-81.597166,41.062128],[-81.596878,41.062127],[-81.596732,41.062126],[-81.596591,41.062125],[-81.596299,41.062124],[-81.59526,41.062118],[-81.594378,41.062111],[-81.594283,41.06211],[-81.593018,41.062101],[-81.592928,41.062101],[-81.592824,41.062101],[-81.591902,41.062104],[-81.590997,41.062106],[-81.5909,41.062106],[-81.590801,41.062106],[-81.590259,41.062108],[-81.590068,41.062108],[-81.589873,41.062108],[-81.589407,41.06211],[-81.588834,41.062111],[-81.588865,41.061191],[-81.588863,41.060789],[-81.588887,41.060255],[-81.588895,41.059804],[-81.588901,41.059674],[-81.588906,41.059376],[-81.588908,41.059209],[-81.58892,41.058361],[-81.588936,41.057144],[-81.588938,41.057011],[-81.588949,41.056206],[-81.58895,41.056066],[-81.588966,41.054871],[-81.588971,41.054529],[-81.588994,41.053106],[-81.589021,41.051452],[-81.589026,41.051102],[-81.589042,41.050503],[-81.589046,41.050362],[-81.589067,41.049512],[-81.589147,41.046609],[-81.589152,41.046454],[-81.589155,41.046275],[-81.589159,41.046054],[-81.589166,41.045736],[-81.589168,41.045595],[-81.589171,41.045449],[-81.589173,41.045336],[-81.589181,41.0449],[-81.589185,41.044693],[-81.589186,41.044625],[-81.589207,41.043495],[-81.589216,41.043031],[-81.589218,41.042952],[-81.589225,41.04254],[-81.589236,41.041972],[-81.589239,41.041728],[-81.589245,41.041289],[-81.589252,41.041172],[-81.58926,41.040686],[-81.589276,41.039807],[-81.589344,41.039056],[-81.58934,41.039012],[-81.589324,41.038814],[-81.589299,41.038518],[-81.589301,41.038393],[-81.589303,41.038314],[-81.589307,41.038103],[-81.589308,41.038027],[-81.589344,41.038026],[-81.589347,41.037797],[-81.58935,41.037512],[-81.589354,41.037216],[-81.589357,41.036946],[-81.589357,41.036893],[-81.589358,41.036758],[-81.58936,41.036581],[-81.589389,41.036419],[-81.589366,41.036177],[-81.589386,41.035581],[-81.589401,41.034984],[-81.589575,41.035046],[-81.591197,41.035114],[-81.591439,41.035122],[-81.592042,41.035154],[-81.592155,41.035158],[-81.592229,41.035402],[-81.592242,41.035444],[-81.592401,41.035434],[-81.592889,41.035426],[-81.593254,41.035438],[-81.593437,41.035444],[-81.594387,41.035481],[-81.596322,41.035555],[-81.596495,41.035562],[-81.598582,41.035641],[-81.599022,41.035658],[-81.59912,41.035662],[-81.599123,41.035552],[-81.599126,41.035425],[-81.599134,41.034991],[-81.599151,41.034125],[-81.599152,41.034067],[-81.599154,41.033955],[-81.599158,41.033715],[-81.599163,41.0335],[-81.599166,41.03331],[-81.599169,41.033179],[-81.599176,41.032815],[-81.599183,41.032455],[-81.599184,41.032384],[-81.599185,41.032312],[-81.599188,41.032186],[-81.5992,41.031533],[-81.599206,41.031243],[-81.59921,41.031034],[-81.599229,41.030063],[-81.599241,41.029457],[-81.599244,41.029309],[-81.599254,41.028803],[-81.599258,41.028629],[-81.599261,41.028454],[-81.599267,41.028181],[-81.599757,41.028185],[-81.600157,41.028188],[-81.600561,41.028191],[-81.600968,41.028195],[-81.601538,41.028199],[-81.601809,41.028201],[-81.601809,41.028279],[-81.601808,41.028585],[-81.601807,41.028828],[-81.601806,41.029103],[-81.601806,41.02913],[-81.601806,41.029283],[-81.601806,41.029384],[-81.601805,41.029545],[-81.601805,41.029651],[-81.601885,41.029652],[-81.602805,41.029664],[-81.603442,41.029665],[-81.60443,41.029686],[-81.604483,41.029687],[-81.605433,41.029697],[-81.605435,41.029628],[-81.606522,41.029639],[-81.608053,41.029655],[-81.608977,41.029665],[-81.609438,41.029671],[-81.609543,41.025817],[-81.610656,41.025813],[-81.610809,41.025812],[-81.611169,41.025811],[-81.611527,41.02581],[-81.611881,41.025809],[-81.612242,41.025808],[-81.612987,41.025805],[-81.613746,41.025802],[-81.614076,41.025801],[-81.617447,41.02579],[-81.618605,41.025787],[-81.619216,41.025786],[-81.619398,41.025786],[-81.619532,41.025785],[-81.620217,41.025784],[-81.621582,41.02578],[-81.621692,41.025781],[-81.622011,41.02578],[-81.622259,41.02578],[-81.623024,41.025778],[-81.624149,41.025776],[-81.624944,41.025774],[-81.625027,41.025774],[-81.625032,41.025634],[-81.625031,41.025581],[-81.625035,41.025552],[-81.625038,41.025472],[-81.625058,41.024932],[-81.625064,41.024773],[-81.62507,41.02461],[-81.625074,41.024511],[-81.625079,41.024375],[-81.625084,41.024236],[-81.625089,41.024101],[-81.625094,41.023964],[-81.625097,41.023871],[-81.625099,41.023829],[-81.625104,41.023692],[-81.625109,41.023558],[-81.625114,41.023422],[-81.625119,41.023299],[-81.625124,41.02315],[-81.625129,41.023013],[-81.625133,41.02291],[-81.625134,41.022869],[-81.62514,41.022732],[-81.625143,41.022649],[-81.62515,41.022454],[-81.625155,41.022322],[-81.62516,41.022186],[-81.625157,41.021944],[-81.625155,41.021824],[-81.625152,41.021592],[-81.62515,41.02146],[-81.625147,41.021213],[-81.625146,41.021088],[-81.625145,41.021034],[-81.625145,41.02095],[-81.625143,41.020896],[-81.625143,41.020856],[-81.625142,41.020814],[-81.625139,41.020541],[-81.625137,41.020407],[-81.625136,41.020378],[-81.625284,41.020375],[-81.627059,41.020468],[-81.627054,41.020163],[-81.627056,41.01935],[-81.627048,41.019152],[-81.627075,41.018966],[-81.627109,41.018963],[-81.627658,41.018923],[-81.627667,41.01871],[-81.62766,41.018639],[-81.627648,41.018454],[-81.62762,41.018069],[-81.627681,41.018062],[-81.627655,41.017821],[-81.627564,41.017724],[-81.628498,41.01691],[-81.628549,41.016864],[-81.628571,41.016844],[-81.628653,41.016886],[-81.628627,41.016911],[-81.628604,41.016933],[-81.628585,41.016951],[-81.628837,41.016979],[-81.628933,41.016972],[-81.62896,41.017002],[-81.629452,41.017029],[-81.629561,41.017035],[-81.62996,41.017053],[-81.630117,41.01706],[-81.630331,41.01707],[-81.630311,41.017829],[-81.630665,41.017831],[-81.63086,41.017832],[-81.632295,41.017839],[-81.632745,41.017841],[-81.633106,41.017843],[-81.633472,41.017845],[-81.633474,41.017799],[-81.63353,41.015943],[-81.634186,41.01596],[-81.634497,41.015963],[-81.634726,41.015966],[-81.63506,41.01597],[-81.635423,41.015975],[-81.636789,41.015991],[-81.637265,41.015997],[-81.637353,41.015998],[-81.637802,41.016003],[-81.638367,41.01601],[-81.638476,41.016012],[-81.638475,41.016045],[-81.639311,41.016051],[-81.639312,41.015982],[-81.639318,41.015715],[-81.639323,41.015397],[-81.639331,41.01485],[-81.639344,41.013901],[-81.639368,41.012552],[-81.639394,41.011111],[-81.639397,41.010967],[-81.639398,41.010682],[-81.6394,41.010406],[-81.639401,41.010344],[-81.639405,41.010211],[-81.639409,41.010095],[-81.639421,41.009835],[-81.639427,41.009529],[-81.639454,41.00837],[-81.639464,41.007934],[-81.639493,41.006714],[-81.639502,41.006321],[-81.639508,41.006092],[-81.639511,41.005956],[-81.639513,41.005886],[-81.639688,41.005814],[-81.640099,41.005643],[-81.640161,41.005617],[-81.640538,41.005464],[-81.640932,41.005305],[-81.64138,41.005123],[-81.641601,41.005033],[-81.641685,41.004999],[-81.641837,41.004939],[-81.643248,41.004365],[-81.643259,41.003833],[-81.643282,41.003824],[-81.643596,41.003682],[-81.643696,41.003716],[-81.643768,41.003726],[-81.644403,41.003745],[-81.644467,41.003746],[-81.646694,41.002842],[-81.647171,41.002663],[-81.647512,41.002501],[-81.647845,41.00222],[-81.647863,41.00222],[-81.648103,41.002219],[-81.64823,41.00222],[-81.648576,41.002222],[-81.648727,41.002223],[-81.64872,41.002132],[-81.648706,41.002043],[-81.648678,41.001945],[-81.648669,41.001934],[-81.649176,41.001813],[-81.649615,41.001709],[-81.649786,41.001669],[-81.649985,41.001622],[-81.649302,41.001011],[-81.649234,41.000949],[-81.649489,41.000793],[-81.649556,41.000751],[-81.649567,41.000631],[-81.649586,41.000043],[-81.649596,40.999734],[-81.649662,40.999735],[-81.64967,40.99941],[-81.649674,40.999208],[-81.649676,40.999145],[-81.649677,40.999048],[-81.649688,40.998578],[-81.649699,40.998107],[-81.649703,40.997944],[-81.64971,40.997632],[-81.649716,40.997308],[-81.649719,40.997149],[-81.649818,40.99715],[-81.649856,40.996108],[-81.649861,40.995984],[-81.650466,40.99599],[-81.650468,40.995907],[-81.650542,40.993301],[-81.649457,40.993277],[-81.649363,40.993275],[-81.649285,40.993273],[-81.649212,40.993163],[-81.648782,40.992747],[-81.648567,40.992525],[-81.648355,40.992562],[-81.646986,40.992561],[-81.646938,40.992565],[-81.646961,40.991671],[-81.646964,40.991627],[-81.646968,40.991556],[-81.646982,40.991155],[-81.646985,40.991083],[-81.646995,40.990833],[-81.647006,40.990578],[-81.647019,40.990267],[-81.647027,40.990076],[-81.64704,40.989735],[-81.647027,40.989014],[-81.647037,40.988561],[-81.646849,40.98856],[-81.645934,40.988557],[-81.644191,40.988557],[-81.643324,40.988569],[-81.64287,40.98857],[-81.642712,40.98857],[-81.639906,40.988565],[-81.63968,40.988567],[-81.639078,40.98857],[-81.63789,40.988572],[-81.637889,40.988647],[-81.637889,40.988927],[-81.63789,40.989272],[-81.637892,40.990622],[-81.637892,40.990869],[-81.637997,40.99087],[-81.637993,40.991115],[-81.637988,40.991365],[-81.637984,40.991575],[-81.63798,40.991818],[-81.637476,40.991812],[-81.637438,40.991813],[-81.637446,40.991855],[-81.638046,40.993855],[-81.636866,40.993846],[-81.636899,40.993916],[-81.637435,40.995099],[-81.63778,40.995872],[-81.638201,40.996797],[-81.63833,40.997108],[-81.638377,40.997236],[-81.638279,41.000027],[-81.638261,41.000155],[-81.638253,41.000377],[-81.638221,41.000375],[-81.638061,41.000373],[-81.637898,41.000371],[-81.637572,41.000368],[-81.637246,41.000364],[-81.63708,41.000362],[-81.636821,41.00036],[-81.636669,41.000358],[-81.636591,41.000357],[-81.636423,41.000355],[-81.636337,41.000355],[-81.633527,41.000323],[-81.63216,41.000308],[-81.632161,41.000246],[-81.632162,41.000172],[-81.632163,41.000062],[-81.631675,41.000056],[-81.631246,41.000051],[-81.631248,40.999955],[-81.630629,40.999974],[-81.630506,40.999971],[-81.630325,40.999968],[-81.630326,41.000042],[-81.630321,41.000373],[-81.629249,41.000355],[-81.629156,41.000353],[-81.628992,41.000351],[-81.628917,41.00035],[-81.628825,41.000349],[-81.62867,41.000348],[-81.628657,41.000348],[-81.628538,41.000347],[-81.628367,41.000345],[-81.628202,41.000344],[-81.628035,41.000343],[-81.627868,41.000342],[-81.627058,41.000335],[-81.626961,41.000334],[-81.626877,41.000335],[-81.626715,41.000334],[-81.626554,41.000334],[-81.62639,41.000333],[-81.62623,41.000333],[-81.626067,41.000332],[-81.625901,41.000332],[-81.625739,41.000331],[-81.625575,41.000331],[-81.625413,41.00033],[-81.625251,41.00033],[-81.625089,41.000329],[-81.624994,41.000329],[-81.624766,41.000328],[-81.624071,41.00032],[-81.623365,41.000313],[-81.621651,41.000234],[-81.621108,41.000223],[-81.620809,41.000217],[-81.620516,41.000211],[-81.619974,41.000201],[-81.619868,41.000199],[-81.619365,41.000189],[-81.619203,41.000186],[-81.6192,41.0003],[-81.619193,41.000595],[-81.619155,41.002246],[-81.616846,41.003121],[-81.616627,41.003172],[-81.616563,41.003178],[-81.615704,41.003222],[-81.615059,41.003246],[-81.614715,41.003255],[-81.614171,41.003261],[-81.613468,41.003261],[-81.612757,41.003247],[-81.612466,41.003236],[-81.611684,41.003195],[-81.611316,41.003181],[-81.610843,41.00317],[-81.610076,41.003167],[-81.609906,41.003163],[-81.609719,41.003151],[-81.609425,41.003124],[-81.608865,41.003074],[-81.608694,41.00306],[-81.608834,41.002689],[-81.609123,41.001973],[-81.609365,41.001434],[-81.609583,41.0009],[-81.609662,41.000689],[-81.609836,41.000142],[-81.609914,40.99981],[-81.609984,40.999428],[-81.61008,40.998761],[-81.610113,40.998313],[-81.610121,40.99814],[-81.61017,40.996971],[-81.610189,40.996502],[-81.610189,40.996387],[-81.610189,40.996308],[-81.610171,40.996088],[-81.610163,40.996044],[-81.610204,40.994698],[-81.609299,40.994708],[-81.608865,40.994652],[-81.60873,40.994635],[-81.608711,40.994599],[-81.608575,40.994583],[-81.608538,40.994579],[-81.608481,40.994567],[-81.608425,40.994557],[-81.608378,40.99455],[-81.608327,40.994543],[-81.608228,40.994534],[-81.608129,40.99453],[-81.608032,40.994531],[-81.607948,40.994531],[-81.605744,40.990955],[-81.605374,40.990692],[-81.605364,40.990661],[-81.605348,40.990612],[-81.605323,40.990565],[-81.605274,40.990499],[-81.605233,40.99046],[-81.605186,40.990425],[-81.605168,40.990401],[-81.605135,40.990353],[-81.605105,40.990305],[-81.605077,40.990255],[-81.60504,40.990179],[-81.605019,40.990127],[-81.605,40.990075],[-81.604994,40.990054],[-81.604985,40.990023],[-81.604978,40.989996],[-81.604954,40.989955],[-81.604912,40.989898],[-81.604908,40.989886],[-81.604899,40.989874],[-81.604883,40.989863],[-81.604867,40.989857],[-81.604844,40.989839],[-81.604804,40.989798],[-81.604787,40.989776],[-81.604726,40.989699],[-81.60469,40.989656],[-81.604652,40.989616],[-81.604611,40.989577],[-81.604566,40.98954],[-81.604524,40.989495],[-81.604476,40.989454],[-81.604424,40.989416],[-81.604407,40.989408],[-81.604377,40.989391],[-81.60435,40.98937],[-81.604328,40.989346],[-81.604312,40.989319],[-81.604291,40.989299],[-81.604251,40.989256],[-81.604213,40.989212],[-81.604178,40.989166],[-81.604146,40.98912],[-81.604116,40.989073],[-81.60409,40.989024],[-81.604066,40.988975],[-81.604045,40.988925],[-81.604022,40.988884],[-81.603999,40.988844],[-81.60398,40.988804],[-81.603977,40.988786],[-81.603964,40.988773],[-81.603964,40.988755],[-81.605444,40.988755],[-81.606153,40.988677],[-81.615585,40.988647],[-81.620418,40.988582],[-81.620645,40.988591],[-81.621978,40.988596],[-81.622628,40.988592],[-81.62325,40.988581],[-81.624553,40.988583],[-81.62569,40.988577],[-81.626755,40.988567],[-81.628061,40.988567],[-81.628277,40.988564],[-81.628624,40.988561],[-81.628813,40.988563],[-81.6293,40.988561],[-81.629438,40.98856],[-81.629987,40.988563],[-81.630399,40.988562],[-81.630474,40.986904],[-81.630458,40.986832],[-81.628886,40.986789],[-81.62778,40.986759],[-81.62689,40.986735],[-81.625905,40.986729],[-81.623599,40.98666],[-81.623153,40.986653],[-81.620881,40.986588],[-81.620885,40.986545],[-81.620886,40.986529],[-81.620897,40.986292],[-81.620907,40.986069],[-81.620972,40.984962],[-81.621449,40.984957],[-81.621459,40.984685],[-81.624674,40.984755],[-81.624681,40.98449],[-81.624681,40.984372],[-81.624681,40.983382],[-81.624686,40.983047],[-81.62635,40.98309],[-81.627172,40.983111],[-81.628884,40.983156],[-81.63028,40.983203],[-81.630606,40.983215],[-81.632286,40.983285],[-81.632319,40.983384],[-81.632394,40.983609],[-81.632617,40.984243],[-81.632742,40.984562],[-81.632777,40.984651],[-81.631506,40.984612],[-81.631365,40.984607],[-81.631441,40.985203],[-81.631559,40.985208],[-81.633012,40.985251],[-81.633101,40.985462],[-81.633553,40.986487],[-81.631592,40.986411],[-81.631625,40.986624],[-81.631669,40.986927],[-81.63179,40.987273],[-81.631952,40.987737],[-81.631978,40.987736],[-81.633004,40.987733],[-81.633006,40.987988],[-81.63301,40.98824],[-81.633014,40.98847],[-81.633016,40.988563],[-81.633357,40.988565],[-81.633868,40.988562],[-81.634475,40.988568],[-81.634419,40.988427],[-81.634173,40.987857],[-81.633937,40.98736],[-81.633889,40.987252],[-81.633764,40.986968],[-81.633927,40.986971],[-81.63555,40.987002],[-81.635877,40.987008],[-81.636533,40.987021],[-81.63718,40.987033],[-81.637851,40.987046],[-81.63843,40.987057],[-81.638537,40.987059],[-81.639571,40.987079],[-81.639636,40.987081],[-81.63965,40.986549],[-81.638203,40.986537],[-81.638162,40.986443],[-81.638058,40.986187],[-81.637977,40.985957],[-81.637954,40.98587],[-81.63781,40.985215],[-81.637777,40.985063],[-81.637718,40.984822],[-81.639728,40.9849],[-81.640192,40.98492],[-81.640202,40.984592],[-81.640225,40.983911],[-81.640236,40.983567],[-81.640248,40.983212],[-81.640263,40.982752],[-81.640273,40.982444],[-81.640969,40.982438],[-81.640865,40.985297],[-81.640823,40.986462],[-81.640807,40.987103],[-81.641661,40.98712],[-81.642173,40.987129],[-81.644263,40.987169],[-81.647661,40.987259],[-81.64766,40.98732],[-81.647657,40.987445],[-81.647655,40.987522],[-81.647666,40.987999],[-81.647689,40.988563],[-81.649483,40.988558],[-81.64957,40.988558],[-81.650548,40.988555],[-81.653325,40.988556],[-81.65414,40.988552],[-81.656518,40.988555],[-81.657187,40.98855],[-81.657933,40.988556],[-81.658171,40.988555],[-81.658284,40.988555],[-81.658414,40.988555],[-81.658926,40.988553],[-81.660164,40.988562],[-81.661412,40.988563],[-81.66223,40.988567],[-81.662847,40.98857],[-81.663194,40.988571],[-81.663379,40.988572],[-81.663656,40.988572],[-81.66487,40.988574],[-81.66579,40.988576],[-81.666735,40.988582],[-81.667869,40.988566],[-81.668125,40.988556],[-81.668795,40.988557],[-81.669703,40.988568],[-81.67091,40.988571],[-81.671526,40.988564],[-81.672035,40.988567],[-81.67213,40.988567],[-81.672283,40.988567],[-81.673408,40.988572],[-81.675426,40.988573],[-81.675567,40.988572],[-81.676524,40.988567],[-81.677837,40.988573],[-81.678011,40.988578],[-81.678094,40.988584],[-81.678227,40.988585],[-81.678678,40.988586],[-81.679043,40.988586],[-81.67957,40.988586],[-81.681361,40.988587],[-81.681565,40.988574],[-81.6818,40.988573],[-81.68315,40.98857],[-81.683844,40.988572],[-81.685427,40.988568],[-81.686008,40.988571],[-81.687889,40.988589],[-81.688491,40.98859],[-81.688442,40.990733]]]}},{"type":"Feature","properties":{"id":"peninsula","subdivision":"peninsula"},"geometry":{"type":"Polygon","coordinates":[[[-81.584065,41.247123],[-81.583066,41.24738],[-81.581741,41.247712],[-81.581237,41.247835],[-81.580981,41.247905],[-81.579086,41.248378],[-81.578723,41.248457],[-81.578525,41.248492],[-81.578341,41.248518],[-81.578167,41.248535],[-81.577883,41.248554],[-81.577646,41.248556],[-81.577478,41.248557],[-81.577108,41.248553],[-81.576751,41.248557],[-81.576375,41.248556],[-81.576393,41.249207],[-81.57643,41.251228],[-81.575117,41.251233],[-81.573794,41.251237],[-81.573772,41.249935],[-81.572665,41.24994],[-81.571826,41.249944],[-81.571362,41.249946],[-81.569328,41.249956],[-81.567866,41.249962],[-81.565424,41.249974],[-81.564493,41.249978],[-81.563223,41.249984],[-81.561861,41.24999],[-81.561811,41.24999],[-81.560772,41.249977],[-81.559888,41.249966],[-81.559256,41.249958],[-81.558345,41.249947],[-81.557784,41.24994],[-81.55684,41.249929],[-81.556755,41.249928],[-81.555898,41.249918],[-81.55409,41.249896],[-81.554025,41.249915],[-81.553927,41.249938],[-81.553826,41.249956],[-81.553759,41.249964],[-81.553656,41.249972],[-81.553514,41.249983],[-81.553299,41.250001],[-81.55312,41.250015],[-81.552976,41.250025],[-81.552868,41.250033],[-81.552761,41.250033],[-81.552546,41.250033],[-81.552366,41.250034],[-81.552223,41.250034],[-81.552151,41.250034],[-81.552081,41.250034],[-81.552011,41.250033],[-81.551942,41.250031],[-81.551873,41.250029],[-81.551804,41.250027],[-81.551596,41.250017],[-81.551525,41.250011],[-81.551385,41.249996],[-81.551281,41.24998],[-81.551212,41.249968],[-81.55111,41.249947],[-81.551042,41.249932],[-81.550973,41.249924],[-81.550904,41.249921],[-81.550799,41.249925],[-81.550731,41.249934],[-81.55063,41.249955],[-81.550534,41.249986],[-81.550451,41.250035],[-81.550411,41.250055],[-81.550362,41.250079],[-81.550301,41.250106],[-81.550205,41.25014],[-81.55014,41.25016],[-81.550073,41.250177],[-81.550005,41.250192],[-81.549953,41.250197],[-81.549883,41.250194],[-81.549799,41.250195],[-81.549745,41.250195],[-81.549641,41.250202],[-81.549537,41.250215],[-81.549432,41.250235],[-81.549328,41.25026],[-81.549228,41.250274],[-81.54913,41.250295],[-81.549035,41.250322],[-81.548944,41.250357],[-81.54888,41.250378],[-81.548813,41.250395],[-81.548747,41.250413],[-81.548682,41.250433],[-81.548586,41.250467],[-81.548523,41.250492],[-81.548467,41.250523],[-81.54842,41.250562],[-81.548355,41.250623],[-81.548315,41.250667],[-81.548262,41.250734],[-81.548217,41.250806],[-81.548192,41.250855],[-81.54817,41.250905],[-81.548143,41.250981],[-81.548125,41.251032],[-81.548108,41.251083],[-81.548082,41.25116],[-81.548057,41.251237],[-81.548033,41.251313],[-81.548009,41.251391],[-81.547986,41.251468],[-81.547963,41.251545],[-81.547252,41.251546],[-81.533466,41.251549],[-81.533527,41.248887],[-81.533498,41.245878],[-81.53349,41.244953],[-81.531107,41.244935],[-81.531082,41.244947],[-81.530987,41.244928],[-81.530919,41.244922],[-81.530819,41.244919],[-81.530177,41.244927],[-81.529709,41.244928],[-81.528074,41.244904],[-81.527668,41.244904],[-81.527445,41.244898],[-81.527231,41.244897],[-81.526947,41.244897],[-81.526521,41.244889],[-81.525705,41.244885],[-81.52523,41.244877],[-81.52441,41.244872],[-81.524044,41.244866],[-81.523266,41.244864],[-81.522537,41.244855],[-81.521429,41.244851],[-81.52006,41.244831],[-81.519289,41.244829],[-81.519234,41.244837],[-81.519194,41.244849],[-81.519141,41.243788],[-81.519212,41.239328],[-81.519239,41.235835],[-81.519306,41.233021],[-81.519815,41.233154],[-81.520302,41.233285],[-81.521232,41.233549],[-81.521918,41.23377],[-81.522185,41.233862],[-81.522536,41.233989],[-81.522988,41.234161],[-81.523611,41.234404],[-81.523705,41.234441],[-81.523797,41.234476],[-81.524231,41.23464],[-81.524548,41.234754],[-81.525048,41.234913],[-81.525466,41.235038],[-81.525751,41.235113],[-81.525994,41.235183],[-81.526568,41.235314],[-81.527213,41.235441],[-81.52922,41.235789],[-81.529725,41.235879],[-81.529996,41.235927],[-81.530326,41.23599],[-81.530638,41.236057],[-81.531102,41.236175],[-81.531318,41.236238],[-81.531519,41.236305],[-81.53175,41.236388],[-81.531991,41.236483],[-81.532467,41.236685],[-81.533302,41.237067],[-81.533451,41.237139],[-81.533577,41.237195],[-81.53358,41.237124],[-81.533611,41.235168],[-81.533615,41.234932],[-81.533622,41.234472],[-81.533625,41.234109],[-81.533652,41.232653],[-81.533658,41.232277],[-81.533682,41.230743],[-81.533696,41.230013],[-81.533733,41.227522],[-81.533743,41.226861],[-81.54077,41.226828],[-81.541071,41.226827],[-81.542365,41.226823],[-81.542636,41.226821],[-81.544028,41.226816],[-81.544163,41.226815],[-81.546567,41.226806],[-81.546621,41.226805],[-81.549869,41.226737],[-81.55042,41.226728],[-81.551326,41.225952],[-81.551657,41.225925],[-81.551737,41.225916],[-81.552152,41.226102],[-81.552347,41.226255],[-81.552562,41.226379],[-81.552928,41.22642],[-81.553043,41.226403],[-81.553321,41.226361],[-81.55357,41.226234],[-81.553767,41.226115],[-81.553888,41.225911],[-81.553877,41.225605],[-81.553875,41.225541],[-81.553499,41.225315],[-81.553185,41.225021],[-81.553093,41.224803],[-81.553135,41.224605],[-81.553287,41.22437],[-81.553292,41.22436],[-81.55347,41.224274],[-81.553771,41.224022],[-81.554037,41.223946],[-81.554248,41.223805],[-81.555094,41.223749],[-81.55557,41.223584],[-81.55609,41.223251],[-81.556224,41.223113],[-81.556292,41.222988],[-81.556426,41.222992],[-81.556588,41.222997],[-81.556909,41.222915],[-81.55733,41.22187],[-81.558043,41.221607],[-81.558572,41.221308],[-81.558433,41.221009],[-81.55848,41.22101],[-81.559305,41.221038],[-81.559853,41.221055],[-81.560002,41.221063],[-81.560223,41.220667],[-81.560309,41.220506],[-81.560424,41.220298],[-81.561019,41.220292],[-81.564065,41.220245],[-81.567759,41.220188],[-81.56856,41.220176],[-81.569336,41.220174],[-81.569649,41.220159],[-81.570092,41.220152],[-81.573999,41.220092],[-81.574003,41.220437],[-81.574019,41.222005],[-81.574036,41.223671],[-81.57404,41.224088],[-81.57407,41.227107],[-81.571534,41.227157],[-81.570562,41.227177],[-81.570636,41.230517],[-81.57069,41.232957],[-81.570695,41.233081],[-81.570468,41.233091],[-81.569068,41.233116],[-81.568778,41.23311],[-81.567857,41.233139],[-81.567852,41.233906],[-81.567806,41.237491],[-81.56779,41.238599],[-81.567787,41.238917],[-81.57272,41.238948],[-81.574686,41.23896],[-81.574703,41.242412],[-81.574702,41.242867],[-81.575859,41.242872],[-81.576558,41.242874],[-81.579797,41.242886],[-81.580579,41.242675],[-81.581802,41.242345],[-81.582888,41.242054],[-81.583283,41.241948],[-81.583283,41.242024],[-81.583285,41.242263],[-81.583304,41.244414],[-81.58331,41.24531],[-81.58405,41.245316],[-81.584065,41.247123]]]}},{"type":"Feature","properties":{"id":"richfield_township","subdivision":"richfield_township"},"geometry":{"type":"MultiPolygon","coordinates":[[[[-81.685654,41.210074],[-81.685448,41.219554],[-81.685453,41.224386],[-81.685355,41.237522],[-81.685322,41.239452],[-81.685321,41.239589],[-81.685282,41.245824],[-81.685257,41.249622],[-81.68518,41.261031],[-81.685027,41.27121],[-81.684953,41.277111],[-81.68495,41.277146],[-81.684936,41.277146],[-81.684769,41.277139],[-81.684621,41.277131],[-81.68441,41.277125],[-81.684359,41.277125],[-81.684252,41.277126],[-81.681759,41.277146],[-81.679381,41.277167],[-81.679237,41.277169],[-81.678128,41.277181],[-81.67688,41.277194],[-81.674166,41.277223],[-81.672031,41.277247],[-81.67051,41.277255],[-81.670199,41.277256],[-81.663252,41.277294],[-81.661997,41.277321],[-81.661802,41.277325],[-81.661145,41.277317],[-81.649597,41.277408],[-81.647953,41.277419],[-81.647157,41.277423],[-81.642616,41.277452],[-81.641996,41.277457],[-81.641461,41.27746],[-81.63909,41.277474],[-81.638709,41.277476],[-81.638548,41.277477],[-81.637849,41.277481],[-81.63784,41.276271],[-81.637839,41.276055],[-81.63782,41.274898],[-81.637817,41.274715],[-81.637807,41.274082],[-81.637675,41.266489],[-81.637676,41.265467],[-81.637691,41.264798],[-81.63774,41.26234],[-81.637755,41.261576],[-81.637779,41.260414],[-81.637794,41.259674],[-81.637821,41.258358],[-81.637841,41.257377],[-81.63786,41.256443],[-81.63788,41.255437],[-81.637876,41.254794],[-81.637876,41.254717],[-81.637875,41.254528],[-81.63807,41.254526],[-81.638831,41.254519],[-81.640344,41.254504],[-81.641069,41.254497],[-81.645473,41.254455],[-81.645472,41.255154],[-81.645472,41.255496],[-81.641077,41.255531],[-81.641063,41.25607],[-81.641027,41.257383],[-81.640998,41.258468],[-81.640137,41.258473],[-81.640179,41.259623],[-81.640677,41.260528],[-81.640998,41.260527],[-81.640996,41.261552],[-81.64195,41.261544],[-81.642676,41.261541],[-81.643123,41.262331],[-81.64313,41.262645],[-81.642348,41.262817],[-81.641974,41.26282],[-81.642107,41.263163],[-81.641384,41.263389],[-81.640841,41.263429],[-81.640663,41.262968],[-81.638958,41.262982],[-81.638873,41.262983],[-81.639275,41.264049],[-81.639454,41.264505],[-81.63961,41.264922],[-81.639742,41.265308],[-81.639794,41.265529],[-81.639843,41.265813],[-81.639898,41.266186],[-81.639914,41.266268],[-81.639955,41.266431],[-81.640019,41.266618],[-81.640105,41.266799],[-81.640145,41.266872],[-81.640234,41.267015],[-81.640458,41.267351],[-81.640508,41.267426],[-81.651735,41.267343],[-81.652423,41.267338],[-81.652407,41.267968],[-81.652403,41.268798],[-81.654713,41.268804],[-81.657145,41.268797],[-81.659552,41.268807],[-81.66071,41.268811],[-81.660726,41.267642],[-81.663369,41.267642],[-81.663366,41.267799],[-81.663353,41.268261],[-81.663521,41.268266],[-81.665244,41.268304],[-81.665251,41.267756],[-81.665259,41.267029],[-81.665267,41.266428],[-81.665283,41.265029],[-81.665292,41.264379],[-81.665294,41.264193],[-81.665302,41.263521],[-81.665306,41.263103],[-81.6635,41.263113],[-81.663502,41.263049],[-81.663515,41.26245],[-81.660466,41.262485],[-81.66047,41.261947],[-81.660472,41.261458],[-81.660472,41.261292],[-81.660087,41.261293],[-81.65959,41.261294],[-81.658523,41.261301],[-81.657786,41.261306],[-81.65696,41.261311],[-81.656206,41.261316],[-81.655355,41.261322],[-81.655402,41.260188],[-81.655408,41.259726],[-81.655419,41.258926],[-81.655436,41.257605],[-81.655461,41.255695],[-81.65787,41.255685],[-81.657864,41.256138],[-81.658261,41.256133],[-81.659264,41.256119],[-81.659774,41.256112],[-81.660473,41.256103],[-81.661094,41.256094],[-81.662148,41.25608],[-81.662142,41.255689],[-81.66438,41.255691],[-81.664478,41.255691],[-81.667319,41.25569],[-81.667192,41.255554],[-81.665744,41.253999],[-81.665488,41.253689],[-81.665388,41.25356],[-81.665316,41.253465],[-81.665369,41.252158],[-81.665382,41.251865],[-81.665371,41.249458],[-81.66537,41.24903],[-81.665381,41.24804],[-81.665393,41.247072],[-81.665398,41.246655],[-81.665406,41.24601],[-81.666583,41.246021],[-81.667814,41.246027],[-81.667818,41.245669],[-81.667882,41.239592],[-81.667746,41.239592],[-81.667443,41.239591],[-81.666694,41.239594],[-81.665478,41.239595],[-81.665465,41.238762],[-81.66544,41.237352],[-81.66544,41.23648],[-81.66544,41.235779],[-81.665439,41.235056],[-81.666732,41.235062],[-81.667651,41.235067],[-81.668981,41.235073],[-81.668986,41.233921],[-81.668987,41.233706],[-81.669009,41.232755],[-81.667683,41.232741],[-81.66724,41.232736],[-81.666782,41.232731],[-81.665851,41.232721],[-81.664981,41.232712],[-81.664047,41.232702],[-81.662388,41.232684],[-81.662397,41.232478],[-81.662381,41.232478],[-81.662408,41.231546],[-81.662415,41.230964],[-81.662417,41.230813],[-81.662423,41.230403],[-81.662436,41.229566],[-81.662479,41.226842],[-81.662483,41.226564],[-81.662498,41.225606],[-81.662504,41.225194],[-81.66401,41.225203],[-81.665781,41.225213],[-81.665779,41.225071],[-81.66577,41.224116],[-81.665769,41.224039],[-81.665784,41.222829],[-81.665792,41.222173],[-81.6658,41.221494],[-81.665819,41.220822],[-81.665815,41.220126],[-81.665211,41.220124],[-81.665213,41.219979],[-81.665215,41.219806],[-81.665218,41.21959],[-81.665222,41.219335],[-81.665225,41.219082],[-81.665241,41.21794],[-81.664406,41.217938],[-81.661179,41.217927],[-81.661161,41.218669],[-81.65962,41.218655],[-81.659634,41.218162],[-81.657593,41.218153],[-81.656157,41.218147],[-81.65534,41.218144],[-81.655334,41.217321],[-81.655326,41.216062],[-81.655325,41.215516],[-81.655321,41.215161],[-81.655308,41.213478],[-81.655307,41.213301],[-81.655302,41.212528],[-81.655313,41.211681],[-81.655319,41.211242],[-81.655325,41.210776],[-81.655333,41.209418],[-81.655338,41.207593],[-81.655348,41.205338],[-81.655359,41.202268],[-81.655354,41.202184],[-81.65755,41.202168],[-81.658257,41.202158],[-81.660092,41.202149],[-81.661746,41.202137],[-81.663001,41.202133],[-81.665527,41.202118],[-81.666094,41.202122],[-81.666631,41.202121],[-81.666847,41.202121],[-81.671632,41.202119],[-81.672898,41.202119],[-81.675902,41.202121],[-81.676503,41.202122],[-81.676783,41.202123],[-81.678485,41.20212],[-81.680105,41.202125],[-81.680502,41.202127],[-81.681005,41.202124],[-81.681457,41.202122],[-81.682444,41.202122],[-81.683176,41.202121],[-81.684329,41.202132],[-81.685646,41.202132],[-81.685548,41.208554],[-81.685576,41.208946],[-81.685655,41.209979],[-81.685654,41.210074]]],[[[-81.636556,41.224185],[-81.636552,41.22456],[-81.636549,41.224859],[-81.635457,41.225376],[-81.634474,41.225878],[-81.634054,41.226182],[-81.633429,41.226635],[-81.633202,41.226798],[-81.631955,41.227345],[-81.631651,41.227881],[-81.630876,41.229253],[-81.630104,41.23033],[-81.629349,41.231447],[-81.629303,41.23148],[-81.628663,41.231973],[-81.628496,41.2334],[-81.628566,41.234112],[-81.628594,41.234783],[-81.628653,41.235286],[-81.628803,41.237418],[-81.628947,41.238773],[-81.628577,41.238774],[-81.628172,41.238778],[-81.626963,41.238783],[-81.626563,41.238784],[-81.625238,41.238401],[-81.625428,41.238105],[-81.625156,41.237502],[-81.625124,41.237431],[-81.625323,41.237221],[-81.625525,41.237008],[-81.62556,41.236971],[-81.625789,41.236729],[-81.625088,41.236293],[-81.625025,41.236254],[-81.624937,41.236199],[-81.624978,41.236158],[-81.625021,41.236117],[-81.625064,41.236076],[-81.625109,41.236037],[-81.625155,41.235998],[-81.625179,41.235979],[-81.624651,41.235607],[-81.624652,41.235561],[-81.624162,41.235523],[-81.623876,41.235501],[-81.623283,41.235823],[-81.623044,41.235955],[-81.621983,41.236283],[-81.62196,41.236315],[-81.620221,41.236937],[-81.620223,41.237337],[-81.62023,41.238395],[-81.620236,41.239358],[-81.620236,41.23958],[-81.620348,41.239565],[-81.620901,41.239488],[-81.622049,41.23934],[-81.622308,41.239307],[-81.622536,41.239282],[-81.622717,41.239268],[-81.62302,41.239258],[-81.623201,41.239259],[-81.623261,41.239262],[-81.623619,41.239278],[-81.623931,41.239306],[-81.62396,41.239309],[-81.624218,41.239345],[-81.624472,41.239393],[-81.62476,41.23946],[-81.624973,41.239517],[-81.625058,41.239542],[-81.625114,41.24049],[-81.625165,41.24139],[-81.62517,41.241679],[-81.625192,41.242404],[-81.624975,41.242407],[-81.624147,41.24242],[-81.623517,41.242429],[-81.622916,41.242437],[-81.622279,41.242445],[-81.621426,41.242463],[-81.621017,41.242471],[-81.62103,41.243075],[-81.621043,41.24366],[-81.621055,41.244206],[-81.621056,41.24433],[-81.621052,41.245744],[-81.621052,41.245863],[-81.621712,41.245871],[-81.622369,41.24588],[-81.622368,41.246448],[-81.622758,41.246453],[-81.623192,41.24646],[-81.623658,41.246467],[-81.624045,41.246472],[-81.624478,41.246479],[-81.62493,41.246486],[-81.625346,41.246492],[-81.625847,41.246491],[-81.626599,41.246489],[-81.627424,41.246487],[-81.628521,41.246484],[-81.628934,41.246484],[-81.629348,41.246486],[-81.629739,41.246487],[-81.629991,41.246488],[-81.630411,41.246489],[-81.631488,41.246492],[-81.632393,41.246495],[-81.633757,41.246499],[-81.634667,41.246502],[-81.635309,41.246503],[-81.635013,41.24706],[-81.634259,41.248473],[-81.634008,41.248943],[-81.633892,41.249375],[-81.633733,41.249967],[-81.633502,41.250828],[-81.633292,41.251608],[-81.633272,41.251787],[-81.633205,41.2524],[-81.633121,41.253144],[-81.633018,41.254126],[-81.632796,41.256237],[-81.632196,41.257067],[-81.631919,41.257436],[-81.631713,41.257711],[-81.631551,41.257927],[-81.631091,41.258552],[-81.630443,41.259431],[-81.63039,41.259469],[-81.630286,41.259544],[-81.630131,41.259659],[-81.629956,41.259797],[-81.629713,41.259999],[-81.629502,41.260186],[-81.629299,41.260378],[-81.629125,41.260552],[-81.628937,41.260753],[-81.628777,41.260935],[-81.628643,41.261097],[-81.628495,41.261285],[-81.628321,41.261524],[-81.628158,41.261767],[-81.628021,41.26199],[-81.627907,41.262191],[-81.62781,41.262374],[-81.627755,41.262484],[-81.627692,41.262618],[-81.627636,41.262743],[-81.627582,41.262869],[-81.627542,41.262969],[-81.627503,41.263071],[-81.627475,41.263147],[-81.626232,41.263142],[-81.625308,41.263138],[-81.623607,41.263128],[-81.622735,41.263122],[-81.622291,41.263119],[-81.622275,41.265211],[-81.622272,41.265328],[-81.622263,41.266298],[-81.622258,41.266898],[-81.622256,41.267193],[-81.622249,41.26803],[-81.622239,41.269088],[-81.622238,41.269253],[-81.624752,41.269263],[-81.625097,41.269265],[-81.627155,41.269273],[-81.627136,41.270018],[-81.627126,41.270415],[-81.627116,41.270678],[-81.62712,41.270896],[-81.627101,41.271412],[-81.627076,41.27237],[-81.626974,41.27277],[-81.626903,41.273044],[-81.626622,41.274114],[-81.622177,41.274113],[-81.622165,41.2748],[-81.624907,41.274806],[-81.624895,41.275494],[-81.622158,41.275474],[-81.622151,41.275956],[-81.62215,41.276285],[-81.621849,41.276091],[-81.617953,41.276102],[-81.617953,41.27607],[-81.617974,41.274612],[-81.610074,41.277438],[-81.610073,41.277501],[-81.609657,41.277497],[-81.604517,41.277452],[-81.602595,41.277466],[-81.600553,41.277481],[-81.595805,41.277516],[-81.592586,41.277539],[-81.590542,41.277554],[-81.590442,41.267054],[-81.590642,41.265555],[-81.590678,41.258281],[-81.590674,41.257091],[-81.590674,41.255115],[-81.590688,41.254009],[-81.590738,41.253762],[-81.590729,41.253468],[-81.590708,41.251372],[-81.590642,41.246755],[-81.590599,41.245338],[-81.590574,41.245029],[-81.590568,41.24496],[-81.590525,41.244094],[-81.590526,41.243277],[-81.590541,41.242456],[-81.590561,41.242365],[-81.59057,41.242286],[-81.590573,41.242207],[-81.590559,41.241242],[-81.590541,41.240516],[-81.590547,41.240047],[-81.590546,41.238995],[-81.59054,41.238605],[-81.590531,41.235945],[-81.590535,41.235257],[-81.590541,41.234194],[-81.590551,41.23363],[-81.590554,41.233009],[-81.590534,41.2329],[-81.590511,41.232853],[-81.590487,41.232824],[-81.590437,41.232787],[-81.590379,41.232758],[-81.590344,41.232747],[-81.590569,41.226696],[-81.590571,41.225063],[-81.590552,41.224344],[-81.59056,41.223723],[-81.590529,41.222136],[-81.590513,41.221694],[-81.590642,41.220255],[-81.590542,41.215955],[-81.590642,41.215555],[-81.590549,41.215112],[-81.590442,41.209155],[-81.590442,41.206967],[-81.590442,41.206255],[-81.590446,41.205787],[-81.590442,41.202655],[-81.597729,41.202657],[-81.60022,41.202638],[-81.604176,41.202611],[-81.604403,41.202595],[-81.604589,41.202589],[-81.605245,41.202583],[-81.605946,41.202582],[-81.606459,41.202575],[-81.606537,41.202574],[-81.607087,41.202573],[-81.608789,41.202552],[-81.609662,41.202551],[-81.611386,41.202533],[-81.612721,41.202526],[-81.61426,41.202509],[-81.614231,41.202819],[-81.614227,41.202935],[-81.61423,41.203387],[-81.614223,41.203628],[-81.614229,41.204677],[-81.614211,41.205555],[-81.61421,41.205851],[-81.614203,41.206771],[-81.614205,41.207436],[-81.614189,41.208768],[-81.614185,41.208909],[-81.614188,41.209438],[-81.614171,41.210141],[-81.612088,41.210122],[-81.61204,41.210128],[-81.611401,41.210443],[-81.611571,41.210638],[-81.611911,41.211028],[-81.611987,41.211115],[-81.611994,41.211211],[-81.612232,41.211131],[-81.612312,41.211104],[-81.613131,41.210713],[-81.614146,41.210752],[-81.614113,41.211134],[-81.614064,41.211707],[-81.614042,41.211918],[-81.614022,41.212114],[-81.614011,41.212335],[-81.613986,41.212644],[-81.61191,41.212638],[-81.611928,41.213346],[-81.613933,41.213348],[-81.613906,41.213772],[-81.613852,41.214616],[-81.613845,41.214842],[-81.613837,41.214998],[-81.61382,41.215336],[-81.6138,41.215604],[-81.613769,41.215901],[-81.613748,41.216028],[-81.613715,41.216153],[-81.613482,41.216825],[-81.613424,41.217002],[-81.61332,41.217393],[-81.613299,41.21758],[-81.613287,41.217766],[-81.613266,41.218474],[-81.613266,41.218702],[-81.613255,41.21923],[-81.613258,41.219413],[-81.613252,41.219582],[-81.613243,41.220413],[-81.613243,41.220868],[-81.613638,41.220869],[-81.614076,41.22087],[-81.614241,41.220875],[-81.614412,41.220887],[-81.614572,41.220903],[-81.614833,41.220943],[-81.615262,41.221013],[-81.61582,41.221106],[-81.615903,41.221119],[-81.616597,41.221232],[-81.616895,41.221276],[-81.617023,41.221288],[-81.617237,41.221294],[-81.617468,41.221286],[-81.617593,41.221272],[-81.617731,41.22125],[-81.617868,41.221221],[-81.618251,41.221113],[-81.618423,41.221056],[-81.618674,41.220974],[-81.619076,41.220838],[-81.619194,41.220803],[-81.619325,41.220772],[-81.619436,41.220754],[-81.619683,41.220728],[-81.619836,41.220721],[-81.619949,41.22072],[-81.620083,41.220728],[-81.620539,41.220771],[-81.621137,41.220828],[-81.621432,41.220858],[-81.621676,41.220873],[-81.621823,41.220878],[-81.621997,41.220877],[-81.624289,41.220784],[-81.62499,41.220754],[-81.62569,41.22073],[-81.625741,41.220728],[-81.626039,41.220722],[-81.626365,41.22071],[-81.626814,41.220694],[-81.62765,41.220659],[-81.628337,41.220628],[-81.628625,41.220615],[-81.628688,41.220612],[-81.628679,41.220723],[-81.628622,41.221309],[-81.627932,41.221333],[-81.627922,41.221478],[-81.627839,41.222748],[-81.627661,41.223761],[-81.627722,41.224849],[-81.62795,41.226925],[-81.629197,41.226798],[-81.629338,41.226784],[-81.629895,41.226421],[-81.630769,41.226182],[-81.632591,41.225747],[-81.632741,41.225711],[-81.633471,41.225402],[-81.634614,41.224868],[-81.635596,41.224369],[-81.636559,41.22388],[-81.636556,41.224185]]],[[[-81.651762,41.256098],[-81.651309,41.256098],[-81.650525,41.256098],[-81.650504,41.258272],[-81.650498,41.258985],[-81.649854,41.258989],[-81.647887,41.258998],[-81.647871,41.256725],[-81.647512,41.256727],[-81.646961,41.256729],[-81.646982,41.255842],[-81.646985,41.255728],[-81.648729,41.255723],[-81.649791,41.255719],[-81.650518,41.255716],[-81.651298,41.255712],[-81.651765,41.25571],[-81.651762,41.256098]]],[[[-81.62568,41.277554],[-81.624921,41.277558],[-81.618517,41.277559],[-81.618531,41.276375],[-81.621611,41.276367],[-81.622278,41.276367],[-81.622298,41.27638],[-81.622472,41.276499],[-81.622668,41.276618],[-81.622758,41.276658],[-81.622801,41.276677],[-81.62289,41.276706],[-81.623006,41.276737],[-81.623145,41.276759],[-81.623309,41.276768],[-81.624997,41.276776],[-81.625156,41.276776],[-81.625286,41.276776],[-81.625896,41.276783],[-81.62568,41.277554]]]]}},{"type":"Feature","properties":{"id":"richfield_village","subdivision":"richfield_village"},"geometry":{"type":"Polygon","coordinates":[[[-81.655359,41.202268],[-81.655348,41.205338],[-81.655338,41.207593],[-81.655333,41.209418],[-81.655325,41.210776],[-81.655319,41.211242],[-81.655313,41.211681],[-81.655302,41.212528],[-81.655307,41.213301],[-81.655308,41.213478],[-81.655321,41.215161],[-81.655325,41.215516],[-81.655326,41.216062],[-81.655334,41.217321],[-81.65534,41.218144],[-81.656157,41.218147],[-81.657593,41.218153],[-81.659634,41.218162],[-81.65962,41.218655],[-81.661161,41.218669],[-81.661179,41.217927],[-81.664406,41.217938],[-81.665241,41.21794],[-81.665225,41.219082],[-81.665222,41.219335],[-81.665218,41.21959],[-81.665215,41.219806],[-81.665213,41.219979],[-81.665211,41.220124],[-81.665815,41.220126],[-81.665819,41.220822],[-81.6658,41.221494],[-81.665792,41.222173],[-81.665784,41.222829],[-81.665769,41.224039],[-81.66577,41.224116],[-81.665779,41.225071],[-81.665781,41.225213],[-81.66401,41.225203],[-81.662504,41.225194],[-81.662498,41.225606],[-81.662483,41.226564],[-81.662479,41.226842],[-81.662436,41.229566],[-81.662423,41.230403],[-81.662417,41.230813],[-81.662415,41.230964],[-81.662408,41.231546],[-81.662381,41.232478],[-81.662397,41.232478],[-81.662388,41.232684],[-81.664047,41.232702],[-81.664981,41.232712],[-81.665851,41.232721],[-81.666782,41.232731],[-81.66724,41.232736],[-81.667683,41.232741],[-81.669009,41.232755],[-81.668987,41.233706],[-81.668986,41.233921],[-81.668981,41.235073],[-81.667651,41.235067],[-81.666732,41.235062],[-81.665439,41.235056],[-81.66544,41.235779],[-81.66544,41.23648],[-81.66544,41.237352],[-81.665465,41.238762],[-81.665478,41.239595],[-81.666694,41.239594],[-81.667443,41.239591],[-81.667746,41.239592],[-81.667882,41.239592],[-81.667818,41.245669],[-81.667814,41.246027],[-81.666583,41.246021],[-81.665406,41.24601],[-81.665398,41.246655],[-81.665393,41.247072],[-81.665381,41.24804],[-81.66537,41.24903],[-81.665371,41.249458],[-81.665382,41.251865],[-81.665369,41.252158],[-81.665316,41.253465],[-81.665388,41.25356],[-81.665488,41.253689],[-81.665744,41.253999],[-81.667192,41.255554],[-81.667319,41.25569],[-81.664478,41.255691],[-81.66438,41.255691],[-81.662142,41.255689],[-81.662148,41.25608],[-81.661094,41.256094],[-81.660473,41.256103],[-81.659774,41.256112],[-81.659264,41.256119],[-81.658261,41.256133],[-81.657864,41.256138],[-81.65787,41.255685],[-81.655461,41.255695],[-81.655436,41.257605],[-81.655419,41.258926],[-81.655408,41.259726],[-81.655402,41.260188],[-81.655355,41.261322],[-81.656206,41.261316],[-81.65696,41.261311],[-81.657786,41.261306],[-81.658523,41.261301],[-81.65959,41.261294],[-81.660087,41.261293],[-81.660472,41.261292],[-81.660472,41.261458],[-81.66047,41.261947],[-81.660466,41.262485],[-81.663515,41.26245],[-81.663502,41.263049],[-81.6635,41.263113],[-81.665306,41.263103],[-81.665302,41.263521],[-81.665294,41.264193],[-81.665292,41.264379],[-81.665283,41.265029],[-81.665267,41.266428],[-81.665259,41.267029],[-81.665251,41.267756],[-81.665244,41.268304],[-81.663521,41.268266],[-81.663353,41.268261],[-81.663366,41.267799],[-81.663369,41.267642],[-81.660726,41.267642],[-81.66071,41.268811],[-81.659552,41.268807],[-81.657145,41.268797],[-81.654713,41.268804],[-81.652403,41.268798],[-81.652407,41.267968],[-81.652423,41.267338],[-81.651735,41.267343],[-81.640508,41.267426],[-81.640458,41.267351],[-81.640234,41.267015],[-81.640145,41.266872],[-81.640105,41.266799],[-81.640019,41.266618],[-81.639955,41.266431],[-81.639914,41.266268],[-81.639898,41.266186],[-81.639843,41.265813],[-81.639794,41.265529],[-81.639742,41.265308],[-81.63961,41.264922],[-81.639454,41.264505],[-81.639275,41.264049],[-81.638873,41.262983],[-81.638958,41.262982],[-81.640663,41.262968],[-81.640841,41.263429],[-81.641384,41.263389],[-81.642107,41.263163],[-81.641974,41.26282],[-81.642348,41.262817],[-81.64313,41.262645],[-81.643123,41.262331],[-81.642676,41.261541],[-81.64195,41.261544],[-81.640996,41.261552],[-81.640998,41.260527],[-81.640677,41.260528],[-81.640179,41.259623],[-81.640137,41.258473],[-81.640998,41.258468],[-81.641027,41.257383],[-81.641063,41.25607],[-81.641077,41.255531],[-81.645472,41.255496],[-81.645472,41.255154],[-81.645473,41.254455],[-81.641069,41.254497],[-81.640344,41.254504],[-81.638831,41.254519],[-81.63807,41.254526],[-81.637875,41.254528],[-81.637876,41.254717],[-81.637876,41.254794],[-81.63788,41.255437],[-81.63786,41.256443],[-81.637841,41.257377],[-81.637821,41.258358],[-81.637794,41.259674],[-81.637779,41.260414],[-81.637755,41.261576],[-81.63774,41.26234],[-81.637691,41.264798],[-81.637676,41.265467],[-81.637675,41.266489],[-81.637807,41.274082],[-81.637817,41.274715],[-81.63782,41.274898],[-81.637839,41.276055],[-81.63784,41.276271],[-81.637849,41.277481],[-81.636717,41.277488],[-81.63667,41.277488],[-81.636542,41.277489],[-81.636396,41.277491],[-81.636116,41.277493],[-81.635972,41.277493],[-81.627354,41.277544],[-81.62568,41.277554],[-81.625896,41.276783],[-81.625286,41.276776],[-81.625156,41.276776],[-81.624997,41.276776],[-81.623309,41.276768],[-81.623145,41.276759],[-81.623006,41.276737],[-81.62289,41.276706],[-81.622801,41.276677],[-81.622758,41.276658],[-81.622668,41.276618],[-81.622472,41.276499],[-81.622298,41.27638],[-81.622278,41.276367],[-81.621611,41.276367],[-81.618531,41.276375],[-81.618517,41.277559],[-81.615958,41.277559],[-81.610073,41.277501],[-81.610074,41.277438],[-81.617974,41.274612],[-81.617953,41.27607],[-81.617953,41.276102],[-81.621849,41.276091],[-81.62215,41.276285],[-81.622151,41.275956],[-81.622158,41.275474],[-81.624895,41.275494],[-81.624907,41.274806],[-81.622165,41.2748],[-81.622177,41.274113],[-81.626622,41.274114],[-81.626903,41.273044],[-81.626974,41.27277],[-81.627076,41.27237],[-81.627101,41.271412],[-81.62712,41.270896],[-81.627116,41.270678],[-81.627126,41.270415],[-81.627136,41.270018],[-81.627155,41.269273],[-81.625097,41.269265],[-81.624752,41.269263],[-81.622238,41.269253],[-81.622239,41.269088],[-81.622249,41.26803],[-81.622256,41.267193],[-81.622258,41.266898],[-81.622263,41.266298],[-81.622272,41.265328],[-81.622275,41.265211],[-81.622291,41.263119],[-81.622735,41.263122],[-81.623607,41.263128],[-81.625308,41.263138],[-81.626232,41.263142],[-81.627475,41.263147],[-81.627503,41.263071],[-81.627542,41.262969],[-81.627582,41.262869],[-81.627636,41.262743],[-81.627692,41.262618],[-81.627755,41.262484],[-81.62781,41.262374],[-81.627907,41.262191],[-81.628021,41.26199],[-81.628158,41.261767],[-81.628321,41.261524],[-81.628495,41.261285],[-81.628643,41.261097],[-81.628777,41.260935],[-81.628937,41.260753],[-81.629125,41.260552],[-81.629299,41.260378],[-81.629502,41.260186],[-81.629713,41.259999],[-81.629956,41.259797],[-81.630131,41.259659],[-81.630286,41.259544],[-81.63039,41.259469],[-81.630443,41.259431],[-81.631091,41.258552],[-81.631551,41.257927],[-81.631713,41.257711],[-81.631919,41.257436],[-81.632196,41.257067],[-81.632796,41.256237],[-81.633018,41.254126],[-81.633121,41.253144],[-81.633205,41.2524],[-81.633272,41.251787],[-81.633292,41.251608],[-81.633502,41.250828],[-81.633733,41.249967],[-81.633892,41.249375],[-81.634008,41.248943],[-81.634259,41.248473],[-81.635013,41.24706],[-81.635309,41.246503],[-81.634667,41.246502],[-81.633757,41.246499],[-81.632393,41.246495],[-81.631488,41.246492],[-81.630411,41.246489],[-81.629991,41.246488],[-81.629739,41.246487],[-81.629348,41.246486],[-81.628934,41.246484],[-81.628521,41.246484],[-81.627424,41.246487],[-81.626599,41.246489],[-81.625847,41.246491],[-81.625346,41.246492],[-81.62493,41.246486],[-81.624478,41.246479],[-81.624045,41.246472],[-81.623658,41.246467],[-81.623192,41.24646],[-81.622758,41.246453],[-81.622368,41.246448],[-81.622369,41.24588],[-81.621712,41.245871],[-81.621052,41.245863],[-81.621052,41.245744],[-81.621056,41.24433],[-81.621055,41.244206],[-81.621043,41.24366],[-81.62103,41.243075],[-81.621017,41.242471],[-81.621426,41.242463],[-81.622279,41.242445],[-81.622916,41.242437],[-81.623517,41.242429],[-81.624147,41.24242],[-81.624975,41.242407],[-81.625192,41.242404],[-81.62517,41.241679],[-81.625165,41.24139],[-81.625114,41.24049],[-81.625058,41.239542],[-81.624973,41.239517],[-81.62476,41.23946],[-81.624472,41.239393],[-81.624218,41.239345],[-81.62396,41.239309],[-81.623931,41.239306],[-81.623619,41.239278],[-81.623261,41.239262],[-81.623201,41.239259],[-81.62302,41.239258],[-81.622717,41.239268],[-81.622536,41.239282],[-81.622308,41.239307],[-81.622049,41.23934],[-81.620901,41.239488],[-81.620348,41.239565],[-81.620236,41.23958],[-81.620236,41.239358],[-81.62023,41.238395],[-81.620223,41.237337],[-81.620221,41.236937],[-81.62196,41.236315],[-81.621983,41.236283],[-81.623044,41.235955],[-81.623283,41.235823],[-81.623876,41.235501],[-81.624162,41.235523],[-81.624652,41.235561],[-81.624651,41.235607],[-81.625179,41.235979],[-81.625155,41.235998],[-81.625109,41.236037],[-81.625064,41.236076],[-81.625021,41.236117],[-81.624978,41.236158],[-81.624937,41.236199],[-81.625025,41.236254],[-81.625088,41.236293],[-81.625789,41.236729],[-81.62556,41.236971],[-81.625525,41.237008],[-81.625323,41.237221],[-81.625124,41.237431],[-81.625156,41.237502],[-81.625428,41.238105],[-81.625238,41.238401],[-81.626563,41.238784],[-81.626963,41.238783],[-81.628172,41.238778],[-81.628577,41.238774],[-81.628947,41.238773],[-81.628803,41.237418],[-81.628653,41.235286],[-81.628594,41.234783],[-81.628566,41.234112],[-81.628496,41.2334],[-81.628663,41.231973],[-81.629303,41.23148],[-81.629349,41.231447],[-81.630104,41.23033],[-81.630876,41.229253],[-81.631651,41.227881],[-81.631955,41.227345],[-81.633202,41.226798],[-81.633429,41.226635],[-81.634054,41.226182],[-81.634474,41.225878],[-81.635457,41.225376],[-81.636549,41.224859],[-81.636552,41.22456],[-81.636556,41.224185],[-81.636559,41.22388],[-81.635596,41.224369],[-81.634614,41.224868],[-81.633471,41.225402],[-81.632741,41.225711],[-81.632591,41.225747],[-81.630769,41.226182],[-81.629895,41.226421],[-81.629338,41.226784],[-81.629197,41.226798],[-81.62795,41.226925],[-81.627722,41.224849],[-81.627661,41.223761],[-81.627839,41.222748],[-81.627922,41.221478],[-81.627932,41.221333],[-81.628622,41.221309],[-81.628679,41.220723],[-81.628688,41.220612],[-81.628625,41.220615],[-81.628337,41.220628],[-81.62765,41.220659],[-81.626814,41.220694],[-81.626365,41.22071],[-81.626039,41.220722],[-81.625741,41.220728],[-81.62569,41.22073],[-81.62499,41.220754],[-81.624289,41.220784],[-81.621997,41.220877],[-81.621823,41.220878],[-81.621676,41.220873],[-81.621432,41.220858],[-81.621137,41.220828],[-81.620539,41.220771],[-81.620083,41.220728],[-81.619949,41.22072],[-81.619836,41.220721],[-81.619683,41.220728],[-81.619436,41.220754],[-81.619325,41.220772],[-81.619194,41.220803],[-81.619076,41.220838],[-81.618674,41.220974],[-81.618423,41.221056],[-81.618251,41.221113],[-81.617868,41.221221],[-81.617731,41.22125],[-81.617593,41.221272],[-81.617468,41.221286],[-81.617237,41.221294],[-81.617023,41.221288],[-81.616895,41.221276],[-81.616597,41.221232],[-81.615903,41.221119],[-81.61582,41.221106],[-81.615262,41.221013],[-81.614833,41.220943],[-81.614572,41.220903],[-81.614412,41.220887],[-81.614241,41.220875],[-81.614076,41.22087],[-81.613638,41.220869],[-81.613243,41.220868],[-81.613243,41.220413],[-81.613252,41.219582],[-81.613258,41.219413],[-81.613255,41.21923],[-81.613266,41.218702],[-81.613266,41.218474],[-81.613287,41.217766],[-81.613299,41.21758],[-81.61332,41.217393],[-81.613424,41.217002],[-81.613482,41.216825],[-81.613715,41.216153],[-81.613748,41.216028],[-81.613769,41.215901],[-81.6138,41.215604],[-81.61382,41.215336],[-81.613837,41.214998],[-81.613845,41.214842],[-81.613852,41.214616],[-81.613906,41.213772],[-81.613933,41.213348],[-81.611928,41.213346],[-81.61191,41.212638],[-81.613986,41.212644],[-81.614011,41.212335],[-81.614022,41.212114],[-81.614042,41.211918],[-81.614064,41.211707],[-81.614113,41.211134],[-81.614146,41.210752],[-81.613131,41.210713],[-81.612312,41.211104],[-81.612232,41.211131],[-81.611994,41.211211],[-81.611987,41.211115],[-81.611911,41.211028],[-81.611571,41.210638],[-81.611401,41.210443],[-81.61204,41.210128],[-81.612088,41.210122],[-81.614171,41.210141],[-81.614188,41.209438],[-81.614185,41.208909],[-81.614189,41.208768],[-81.614205,41.207436],[-81.614203,41.206771],[-81.61421,41.205851],[-81.614211,41.205555],[-81.614229,41.204677],[-81.614223,41.203628],[-81.61423,41.203387],[-81.614227,41.202935],[-81.614231,41.202819],[-81.61426,41.202509],[-81.616087,41.202485],[-81.616644,41.202483],[-81.618253,41.202466],[-81.618729,41.202468],[-81.621497,41.202444],[-81.622338,41.202432],[-81.6227,41.202432],[-81.625427,41.202407],[-81.625837,41.202404],[-81.625985,41.202403],[-81.62991,41.20236],[-81.630511,41.202354],[-81.631844,41.202341],[-81.63253,41.202338],[-81.633202,41.202333],[-81.634575,41.202314],[-81.635021,41.202311],[-81.635864,41.202306],[-81.636543,41.202298],[-81.637236,41.202297],[-81.637561,41.202302],[-81.638034,41.202287],[-81.638967,41.202287],[-81.641787,41.202264],[-81.643205,41.202256],[-81.644645,41.202253],[-81.645192,41.202249],[-81.64739,41.202233],[-81.647689,41.202231],[-81.647793,41.202231],[-81.648965,41.202226],[-81.649263,41.202223],[-81.64993,41.202218],[-81.651819,41.202204],[-81.653169,41.202194],[-81.654002,41.202188],[-81.654431,41.202188],[-81.654732,41.202188],[-81.655354,41.202184],[-81.655359,41.202268]],[[-81.651765,41.25571],[-81.651298,41.255712],[-81.650518,41.255716],[-81.649791,41.255719],[-81.648729,41.255723],[-81.646985,41.255728],[-81.646982,41.255842],[-81.646961,41.256729],[-81.647512,41.256727],[-81.647871,41.256725],[-81.647887,41.258998],[-81.649854,41.258989],[-81.650498,41.258985],[-81.650504,41.258272],[-81.650525,41.256098],[-81.651309,41.256098],[-81.651762,41.256098],[-81.651765,41.25571]]]}}]}