state,county_name,county_id,dem_2008,gop_2008,oth_2008,total_2008,dem_2012,gop_2012,oth_2012,total_2012,dem_2016,gop_2016,oth_2016,total_2016,dem_2020,gop_2020,oth_2020,total_2020,dem_2024,gop_2024,oth_2024,total_2024
AK,Aleutians East,02013,,,,,,,,,134,238,46,418,185,276,20,481,117,232,18,367
AK,Aleutians West,02016,,,,,,,,,716,446,100,1262,681,585,41,1307,497,517,36,1050
AK,Anchorage,02020,,,,,,,,,53968,61079,11409,126456,70752,68298,5128,144178,64780,62939,5206,132925
AK,Bethel,02050,,,,,,,,,2681,1097,829,4607,3080,1672,323,5075,2188,1697,413,4298
AK,Bristol Bay,02060,,,,,,,,,162,241,47,450,213,277,12,502,155,242,20,417
AK,Denali,02068,,,,,,,,,369,606,97,1072,435,666,49,1150,443,944,51,1438
AK,Dillingham,02070,,,,,,,,,956,673,202,1831,945,830,87,1862,674,771,75,1520
AK,Fairbanks North Star,02090,,,,,,,,,13637,21899,4028,39564,18320,24799,2144,45263,16857,25018,1796,43671
AK,Haines,02100,,,,,,,,,844,565,171,1580,1872,874,81,2827,969,762,89,1820
AK,Hoonah-Angoon,02105,,,,,,,,,717,491,172,1380,1325,705,70,2100,805,610,82,1497
AK,Juneau,02110,,,,,,,,,8601,5779,1617,15997,10184,6274,635,17093,10387,5883,738,17008
AK,Kenai Peninsula,02122,,,,,,,,,7301,17425,2304,27030,10476,20663,1023,32162,10289,21867,1164,33320
AK,Ketchikan Gateway,02130,,,,,,,,,1992,3430,693,6115,2654,3908,284,6846,2521,3717,266,6504
AK,Kodiak Island,02150,,,,,,,,,2020,2994,613,5627,2684,3638,302,6624,2538,3490,256,6284
AK,Kusilvak,02158,,,,,,,,,1180,415,287,1882,1346,649,165,2160,742,529,135,1406
AK,Lake and Peninsula,02164,,,,,,,,,204,176,88,468,237,179,33,449,185,232,34,451
AK,Matanuska-Susitna,02170,,,,,,,,,8606,31640,3584,43830,13009,38264,1948,53221,13532,39925,1851,55308
AK,Nome,02180,,,,,,,,,1687,898,421,3006,1955,1182,211,3348,1441,1163,207,2811
AK,North Slope,02185,,,,,,,,,1099,776,286,2161,1186,1184,152,2522,708,945,105,1758
AK,Northwest Arctic,02188,,,,,,,,,1134,572,306,2012,1011,766,130,1907,657,743,140,1540
AK,Petersburg,02195,,,,,,,,,621,862,173,1656,757,908,55,1720,747,897,88,1732
AK,Prince of Wales-Hyder,02198,,,,,,,,,1091,1305,343,2739,2187,1984,140,4311,1613,1730,165,3508
AK,Sitka,02220,,,,,,,,,2008,1888,416,4312,2004,1801,130,3935,1939,1742,179,3860
AK,Skagway,02230,,,,,,,,,463,226,97,786,645,241,40,926,610,338,48,996
AK,Southeast Fairbanks,02240,,,,,,,,,721,2343,265,3329,1033,2982,143,4158,840,2593,121,3554
AK,Valdez-Cordova,02261,,,,,,,,,1223,2613,476,4312,1572,3022,226,4820,1543,2866,196,4605
AK,Wrangell,02275,,,,,,,,,303,706,96,1105,477,790,52,1319,398,706,38,1142
AK,Yakutat,02282,,,,,,,,,147,149,34,330,240,208,30,478,243,199,22,464
AK,Yukon-Koyukuk,02290,,,,,,,,,1596,1815,348,3759,1941,2268,184,4393,1197,1073,134,2404
AL,Autauga,01001,6093,17403,145,23641,6354,17366,189,23909,5936,18172,865,24973,7503,19838,429,27770,7439,20484,267,28190
AL,Baldwin,01003,19386,61271,756,81413,18329,65772,887,84988,18458,72883,3874,95215,24578,83544,1557,109679,24934,95798,1076,121808
AL,Barbour,01005,5697,5866,67,11630,5873,5539,47,11459,4871,5454,144,10469,4816,5622,80,10518,4158,5606,68,9832
AL,Bibb,01007,2299,6262,83,8644,2200,6131,60,8391,1874,6738,207,8819,1986,7525,84,9595,1619,7572,50,9241
AL,Blount,01009,3522,20389,356,24267,2961,20741,278,23980,2156,22859,573,25588,2640,24711,237,27588,2576,25354,185,28115
AL,Bullock,01011,4011,1391,13,5415,4058,1250,10,5318,3530,1140,40,4710,3446,1146,21,4613,2983,1101,22,4106
AL,Butler,01013,4188,5485,36,9709,4367,5081,35,9483,3726,4901,105,8732,3965,5458,65,9488,3251,5172,44,8467
AL,Calhoun,01015,16334,32348,560,49242,15500,30272,468,46240,13242,32865,1757,47864,15216,35101,666,50983,13194,34912,424,48530
AL,Chambers,01017,6799,8067,90,14956,6853,7596,113,14562,5784,7843,273,13900,6365,8753,166,15284,5405,8711,105,14221
AL,Cherokee,01019,2306,7298,141,9745,2126,7494,141,9761,1547,8953,233,10733,1624,10583,94,12301,1553,11358,73,12984
AL,Chilton,01021,3674,13960,151,17785,3391,13910,133,17434,2911,15081,377,18369,3073,16085,152,19310,2698,16920,110,19728
AL,Choctaw,01023,3636,4223,35,7894,3785,4150,30,7965,3109,4106,77,7292,3127,4296,41,7464,2515,4103,28,6646
AL,Clarke,01025,5914,7466,55,13435,6317,7463,47,13827,5749,7140,142,13031,5755,7324,56,13135,4927,6965,54,11946
AL,Clay,01027,1760,4984,75,6819,1770,4802,68,6640,1237,5245,142,6624,1267,5601,62,6930,993,5734,30,6757
AL,Cleburne,01029,1168,5216,108,6492,971,5269,62,6302,684,5764,145,6593,675,6484,68,7227,605,6988,44,7637
AL,Coffee,01031,5079,14919,130,20128,4899,14638,178,19715,4221,15875,671,20767,5076,16899,300,22275,4601,17495,174,22270
AL,Colbert,01033,9703,14739,401,24843,9160,13931,283,23374,7312,16746,857,24915,8343,19203,340,27886,7137,19714,235,27086
AL,Conecuh,01035,3429,3470,44,6943,3551,3434,28,7013,3080,3420,85,6585,2966,3442,33,6441,2580,3423,40,6043
AL,Coosa,01037,2273,3248,42,5563,2188,3028,27,5243,1782,3381,89,5252,1796,3631,52,5479,1478,3758,28,5264
AL,Covington,01039,3240,12444,103,15787,3155,12148,112,15415,2387,13267,286,15940,2721,14586,123,17430,2314,14677,81,17072
AL,Crenshaw,01041,1938,4319,34,6291,2048,4326,37,6411,1664,4513,90,6267,1700,4864,53,6617,1457,5000,23,6480
AL,Cullman,01043,5864,28896,545,35305,4855,27930,393,33178,3798,32989,1086,37873,4478,36880,493,41851,4039,38704,309,43052
AL,Dale,01045,5270,13886,164,19320,5283,13105,163,18551,4413,13808,528,18749,5170,14303,265,19738,4484,14476,143,19103
AL,Dallas,01047,13986,6798,68,20852,14599,6284,53,20936,12836,5789,167,18792,12230,5524,110,17864,10236,5190,102,15528
AL,DeKalb,01049,5658,17957,400,24015,5235,18316,291,23842,3622,21405,799,25826,4281,24767,308,29356,3758,25633,192,29583
AL,Elmore,01051,8301,25777,237,34315,8940,26223,277,35440,8443,27634,1183,37260,10367,30164,499,41030,9774,31374,343,41491
AL,Escambia,01053,5188,9375,111,14674,5476,9263,93,14832,4605,9935,305,14845,4918,10869,123,15910,3964,10884,81,14929
AL,Etowah,01055,13497,30595,645,44737,12792,29102,596,42490,10442,32353,1369,44164,11567,35528,633,47728,10027,35653,343,46023
AL,Fayette,01057,1994,5883,80,7957,1803,6034,75,7912,1362,6712,175,8249,1395,7300,71,8766,1142,7158,56,8356
AL,Franklin,01059,3469,8048,176,11693,3171,7567,121,10859,2197,9466,377,12040,2086,10376,116,12578,1568,10417,92,12077
AL,Geneva,01061,2134,9417,106,11657,2039,9173,106,11318,1525,9994,239,11758,1595,10848,102,12545,1391,10929,70,12390
AL,Greene,01063,4408,876,21,5305,4514,799,15,5328,4013,838,29,4880,3884,875,16,4775,3133,885,17,4035
AL,Hale,01065,4982,3200,32,8214,5401,3205,22,8628,4775,3173,92,8040,4687,3190,45,7922,3868,3369,53,7290
AL,Henry,01067,3018,5585,45,8648,3046,5605,49,8700,2292,5632,148,8072,2606,6607,85,9298,2263,6989,49,9301
AL,Houston,01069,12225,29254,256,41735,12348,29214,281,41843,10664,30728,1247,42639,12917,32618,638,46173,11352,32469,374,44195
AL,Jackson,01071,6374,14083,417,20874,5817,14422,316,20555,3673,16672,639,20984,3717,19670,249,23636,3276,20073,160,23509
AL,Jefferson,01073,166121,149921,2482,318524,159658,141413,2353,303424,156873,134768,12550,304191,181688,138843,5317,325848,162112,131123,3506,296741
AL,Lamar,01075,1614,5419,42,7075,1643,5453,63,7159,1036,5823,107,6966,978,6174,41,7193,806,6033,36,6875
AL,Lauderdale,01077,13329,24068,707,38104,12504,23902,502,36908,9952,27899,1674,39525,11915,31721,703,44339,10326,32708,420,43454
AL,Lawrence,01079,5164,9277,239,14680,5055,8855,169,14079,3627,10833,369,14829,3562,12322,147,16031,2983,13024,108,16115
AL,Lee,01081,21498,32230,597,54325,21274,32062,779,54115,21230,34617,3344,59191,27860,42221,1368,71449,25798,46020,877,72695
AL,Limestone,01083,9536,23598,417,33551,9809,25263,334,35406,9468,29067,1759,40294,13672,34640,923,49235,14581,37887,628,53096
AL,Lowndes,01085,5449,1809,20,7278,5747,1754,18,7519,4883,1751,50,6684,4972,1836,27,6835,3867,1758,27,5652
AL,Macon,01087,9450,1396,31,10877,9045,1322,18,10385,7566,1431,143,9140,7108,1541,74,8723,6084,1682,54,7820
AL,Madison,01089,64117,86965,1817,152899,61802,90679,2151,154632,62822,89520,11047,163389,87286,102780,4701,194767,87824,105430,3101,196355
AL,Marengo,01091,5926,5516,29,11471,6154,5321,34,11509,5615,5233,146,10994,5488,5343,69,10900,4631,4995,47,9673
AL,Marion,01093,2600,9536,219,12355,2249,9696,159,12104,1432,11274,278,12984,1463,12205,139,13807,1197,12245,81,13523
AL,Marshall,01095,7038,25727,401,33166,6271,25785,399,32455,4917,29233,1166,35316,5943,33191,521,39655,5553,34434,290,40277
AL,Mobile,01097,82181,98049,1194,181424,78417,94566,1206,174189,72186,95116,5435,172737,79474,101243,2447,183164,72055,100759,1731,174545
AL,Monroe,01099,5025,6175,52,11252,4897,5730,53,10680,4332,5795,144,10271,4455,6147,66,10668,3740,6007,52,9799
AL,Montgomery,01101,62166,42031,546,104743,62993,38283,505,101781,58916,34003,2959,95878,64529,33311,1299,99139,57946,30477,952,89375
AL,Morgan,01103,13895,36014,633,50542,13401,35309,488,49198,11254,37486,1904,50644,13234,39664,824,53722,12392,40449,528,53369
AL,Perry,01105,4457,1679,23,6159,4536,1504,25,6065,3824,1407,47,5278,3860,1339,31,5230,3174,1269,14,4457
AL,Pickens,01107,4594,5434,39,10067,4448,5119,32,9599,3972,5456,114,9542,4022,5594,52,9668,3388,5465,45,8898
AL,Pike,01109,5879,8004,72,13955,6009,7939,109,14057,5056,7693,419,13168,5636,8042,163,13841,4899,8224,91,13214
AL,Randolph,01111,3064,7175,145,10384,3076,7219,96,10391,2291,7705,191,10187,2203,8559,75,10837,1920,9102,53,11075
AL,Russell,01113,10085,8705,125,18915,10495,8276,100,18871,9579,9210,467,19256,11228,9864,237,21329,10422,10078,179,20679
AL,Shelby,01117,20625,69060,958,90643,19944,71243,1017,92204,22977,73020,5257,101254,33268,79700,1982,114950,33087,79666,1290,114043
AL,St. Clair,01115,6091,27649,348,34088,5790,29001,314,35105,5589,31651,1160,38400,7744,36166,531,44441,7640,35501,299,43440
AL,Sumter,01119,5264,1731,25,7020,5420,1585,20,7025,4746,1581,84,6411,4648,1598,45,6291,3725,1542,30,5297
AL,Talladega,01121,13779,20112,313,34204,13878,19217,222,33317,12121,20614,672,33407,13138,22235,290,35663,10898,22100,177,33175
AL,Tallapoosa,01123,6063,13116,132,19311,6252,12303,113,18668,5519,13594,373,19486,5859,14963,169,20991,4975,14884,121,19980
AL,Tuscaloosa,01125,32796,45405,711,78912,32003,45703,789,78495,31762,47723,3215,82700,37765,51117,1290,90172,33399,50724,756,84879
AL,Walker,01127,7420,20722,510,28652,6551,21633,313,28497,4497,24266,709,29472,4834,26002,334,31170,4102,25464,181,29747
AL,Washington,01129,3067,5654,54,8775,2971,5749,41,8761,2374,6042,117,8533,2258,6564,54,8876,1863,6534,33,8430
AL,Wilcox,01131,4612,1868,14,6494,4867,1676,4,6547,4339,1737,42,6118,4048,1833,22,5903,3449,1793,18,5260
AL,Winston,01133,1757,8103,171,10031,1286,8310,116,9712,872,9228,213,10313,974,10195,115,11284,884,10191,54,11129
AR,Arkansas,05001,2619,4185,174,6978,2454,3892,142,6488,1939,3826,447,6212,1818,4304,170,6292,1503,3951,93,5547
AR,Ashley,05003,2976,5406,260,8642,2855,4866,194,7915,2408,5338,337,8083,2125,5548,253,7926,1774,5145,111,7030
AR,Baxter,05005,6539,12852,590,19981,5172,13688,479,19339,4169,14682,915,19766,4635,15836,536,21007,4341,16253,360,20954
AR,Benton,05007,23331,51124,1618,76073,22144,53477,1904,77525,28005,60871,7948,96824,42249,73965,3698,119912,45231,79907,3457,128595
AR,Boone,05009,4435,10575,464,15474,3762,11143,458,15363,2926,12235,950,16111,3064,13652,398,17114,2854,13968,290,17112
AR,Bradley,05011,1680,2262,99,4041,1447,2118,69,3634,1317,2164,172,3653,1214,2335,105,3654,961,2213,35,3209
AR,Calhoun,05013,691,1462,64,2217,660,1458,56,2174,639,1556,74,2269,479,1636,67,2182,379,1674,39,2092
AR,Carroll,05015,4172,6083,324,10579,3691,6121,360,10172,3342,6786,630,10758,4023,7424,350,11797,3812,7470,256,11538
AR,Chicot,05017,3043,2119,46,5208,2649,1670,42,4361,2350,1716,110,4176,2260,1752,91,4103,1796,1658,36,3490
AR,Clark,05019,4267,4608,219,9094,3808,4343,255,8406,3620,4404,502,8526,3438,4616,341,8395,2959,4526,172,7657
AR,Clay,05021,2244,3032,235,5511,1738,3225,147,5110,1199,3781,220,5200,962,4086,135,5183,907,3968,92,4967
AR,Cleburne,05023,2951,7962,425,11338,2618,8691,334,11643,2101,9458,526,12085,1988,10328,364,12680,1941,10595,203,12739
AR,Cleveland,05025,911,2451,143,3505,845,2313,108,3266,723,2462,169,3354,651,2867,82,3600,524,2804,46,3374
AR,Columbia,05027,3554,5861,143,9558,3557,5790,108,9455,3140,5456,291,8887,2814,5500,302,8616,2466,5367,107,7940
AR,Conway,05029,3149,4691,298,8138,3003,4511,210,7724,2656,4849,422,7927,2615,5694,376,8685,2449,5893,199,8541
AR,Craighead,05031,11294,18881,793,30968,10351,20044,812,31207,10538,22892,2143,35573,11921,25558,1032,38511,11210,25152,880,37242
AR,Crawford,05033,5238,14688,606,20532,4872,15125,565,20562,4488,16686,1276,22450,4959,18607,525,24091,4753,18615,466,23834
AR,Crittenden,05035,10330,7650,275,18255,9092,6192,229,15513,8410,6964,578,15952,8514,7333,520,16367,7362,7028,291,14681
AR,Cross,05037,2580,4393,157,7130,2279,4268,133,6680,1999,4584,291,6874,1772,4946,224,6942,1642,4753,139,6534
AR,Dallas,05039,1471,1757,90,3318,1337,1664,82,3083,1165,1509,97,2771,963,1573,113,2649,798,1482,44,2324
AR,Desha,05041,2569,1999,110,4678,2353,1807,80,4240,2228,1919,110,4257,2016,1921,227,4164,1638,1805,62,3505
AR,Drew,05043,2598,3860,152,6610,2627,3883,116,6626,2365,3968,262,6595,2426,4349,133,6908,2050,4203,112,6365
AR,Faulkner,05045,14955,25362,862,41179,13559,26653,1110,41322,14629,29346,3552,47527,18347,34421,1660,54428,17752,35357,1356,54465
AR,Franklin,05047,1869,4411,195,6475,1725,4631,183,6539,1376,5039,355,6770,1300,5677,152,7129,1232,5582,157,6971
AR,Fulton,05049,1819,2702,155,4676,1452,2949,121,4522,1067,3471,234,4772,1035,3961,123,5119,906,4040,97,5043
AR,Garland,05051,15899,26825,995,43719,13317,25031,893,39241,12311,26087,2407,40805,14045,29069,1085,44199,13015,28359,953,42327
AR,Grant,05053,1562,5023,208,6793,1467,4829,182,6478,1373,5725,347,7445,1268,6794,138,8200,1192,6755,131,8078
AR,Greene,05055,4541,8578,493,13612,3998,9066,690,13754,3071,10720,809,14600,3058,12670,372,16100,2935,12617,268,15820
AR,Hempstead,05057,2869,4273,207,7349,2466,4284,169,6919,2377,4401,271,7049,2138,4470,240,6848,1776,4193,120,6089
AR,Hot Spring,05059,4288,7209,458,11955,3824,7087,328,11239,3149,8172,623,11944,3082,9202,273,12557,2818,9226,239,12283
AR,Howard,05061,1746,2957,143,4846,1460,2862,97,4419,1351,3157,166,4674,1340,3367,127,4834,1158,3246,69,4473
AR,Independence,05063,3688,8255,356,12299,3279,8724,387,12390,2881,9936,797,13614,2806,11250,456,14512,2689,11023,299,14011
AR,Izard,05065,1792,3193,233,5218,1563,3571,179,5313,1113,4042,293,5448,1021,4631,158,5810,949,4854,122,5925
AR,Jackson,05067,2207,3118,257,5582,2093,3065,180,5338,1583,3267,306,5156,1365,3593,133,5091,1183,3509,83,4775
AR,Jefferson,05069,18465,10655,569,29689,17456,9515,393,27364,15772,9250,872,25894,14981,9521,656,25158,12802,8468,338,21608
AR,Johnson,05071,3034,4922,224,8180,2785,5045,234,8064,2427,6091,594,9112,2283,6938,277,9498,2107,6766,186,9059
AR,Lafayette,05073,1133,1685,84,2902,1173,1712,43,2928,1032,1758,70,2860,839,1757,83,2679,698,1589,38,2325
AR,Lawrence,05075,2138,3357,335,5830,1786,3535,216,5537,1263,4064,358,5685,1080,4569,208,5857,965,4608,119,5692
AR,Lee,05077,2263,1454,46,3763,2107,1280,37,3424,1735,1229,62,3026,1423,1286,139,2848,1270,1181,69,2520
AR,Lincoln,05079,1710,2513,183,4406,1424,2199,102,3725,1252,2455,119,3826,1032,2729,114,3875,813,2502,57,3372
AR,Little River,05081,1753,3247,152,5152,1552,3385,114,5051,1397,3605,225,5227,1226,3715,236,5177,1084,3744,71,4899
AR,Logan,05083,2286,5350,271,7907,2009,5078,243,7330,1715,5746,460,7921,1544,6441,240,8225,1464,6567,174,8205
AR,Lonoke,05085,5968,17242,531,23741,5612,17863,608,24083,5664,19958,1478,27100,6686,22884,1092,30662,6790,23225,605,30620
AR,Madison,05087,2144,3972,212,6328,2099,4262,206,6567,1588,4928,325,6841,1563,5658,130,7351,1491,5885,125,7501
AR,Marion,05089,2384,4524,254,7162,2024,4771,234,7029,1434,5336,337,7107,1531,5783,189,7503,1501,6230,120,7851
AR,Miller,05091,4869,9913,281,15063,4518,10622,189,15329,4273,11294,524,16091,4245,11920,364,16529,3769,11842,192,15803
AR,Mississippi,05093,6667,6976,367,14010,6445,6599,305,13349,5670,7061,473,13204,4558,7296,488,12342,3574,6963,180,10717
AR,Monroe,05095,1615,1754,80,3449,1583,1585,62,3230,1312,1489,83,2884,1147,1545,124,2816,1002,1385,46,2433
AR,Montgomery,05097,1092,2365,165,3622,920,2368,115,3403,748,2643,168,3559,731,3046,96,3873,645,2987,75,3707
AR,Nevada,05099,1474,2062,99,3635,1314,1996,74,3384,1157,2000,89,3246,1076,2133,149,3358,849,2002,56,2907
AR,Newton,05101,1182,2588,190,3960,993,2508,160,3661,699,2875,179,3753,709,3192,97,3998,644,3063,63,3770
AR,Ouachita,05103,4346,5427,187,9960,4626,5516,161,10303,4321,5351,263,9935,3995,5294,340,9629,3412,5056,158,8626
AR,Perry,05105,1352,2743,184,4279,1187,2580,170,3937,1049,3008,249,4306,1012,3479,136,4627,923,3559,102,4584
AR,Phillips,05107,5695,3097,177,8969,5179,2591,130,7900,4310,2446,197,6953,3623,2417,202,6242,2754,2098,86,4938
AR,Pike,05109,1089,2727,150,3966,850,2847,90,3787,685,3150,146,3981,644,3519,83,4246,560,3746,52,4358
AR,Poinsett,05111,2742,4903,283,7928,2387,4967,196,7550,1880,5502,340,7722,1424,5918,179,7521,1235,5731,113,7079
AR,Polk,05113,1957,5473,251,7681,1556,5950,215,7721,1212,6618,401,8231,1246,7035,209,8490,1145,6987,156,8288
AR,Pope,05115,6002,15568,509,22079,5108,14733,549,20390,5000,16256,1313,22569,5772,18081,579,24432,5487,18118,586,24191
AR,Prairie,05117,1048,2223,110,3381,877,2149,108,3134,814,2505,125,3444,654,2786,55,3495,524,2628,48,3200
AR,Pulaski,05119,88854,70212,2277,161343,87055,68856,3144,159055,89574,61257,8945,159776,101947,63687,4322,169956,92038,57977,3909,153924
AR,Randolph,05121,2469,3615,235,6319,2040,3699,209,5948,1425,4509,445,6379,1215,5355,242,6812,1138,5367,131,6636
AR,Saline,05125,12695,30981,977,44653,12868,32962,1229,47059,13256,35863,2981,52100,16060,39556,1343,56959,16609,39736,1264,57609
AR,Scott,05127,1053,2791,151,3995,895,2630,112,3637,602,2731,177,3510,483,2962,106,3551,425,2913,46,3384
AR,Searcy,05129,961,2726,160,3847,814,2699,181,3694,601,2955,172,3728,588,3365,66,4019,511,3305,53,3869
AR,Sebastian,05131,13673,28637,902,43212,13083,29158,1099,43340,12300,29127,3210,44637,14487,31198,1455,47140,13652,30719,1081,45452
AR,Sevier,05133,1291,3125,164,4580,1042,3135,151,4328,1075,3282,205,4562,1116,3884,202,5202,862,3772,80,4714
AR,Sharp,05135,2436,4535,281,7252,2092,4920,270,7282,1472,5407,370,7249,1398,5938,230,7566,1316,5978,143,7437
AR,St. Francis,05123,5486,3917,102,9505,4652,3287,82,8021,4031,3195,204,7430,3604,3242,262,7108,2953,2909,117,5979
AR,Stone,05137,1598,3534,192,5324,1356,3773,222,5351,1203,4113,302,5618,1180,4616,142,5938,1089,4808,133,6030
AR,Union,05139,6190,10677,312,17179,6182,10696,282,17160,5855,10456,583,16894,5584,10478,545,16607,5019,10196,233,15448
AR,Van Buren,05141,2151,4276,276,6703,1826,4362,233,6421,1549,5382,408,7339,1593,6034,180,7807,1437,6023,161,7621
AR,Washington,05143,29021,37963,1396,68380,28136,39570,2525,70231,33366,41476,7019,81861,43824,47504,2938,94266,43779,50243,3136,97158
AR,White,05145,6732,19467,756,26955,5765,20005,738,26508,5170,21077,972,27219,5978,24182,725,30885,5641,24514,682,30837
AR,Woodruff,05147,1412,1206,143,2761,1340,1227,118,2685,1118,1347,106,2571,856,1543,77,2476,760,1513,45,2318
AR,Yell,05149,2003,3808,225,6036,1720,4041,210,5971,1480,4608,351,6439,1284,5226,231,6741,1213,5147,117,6477
AZ,Apache,04001,15390,8551,321,24262,16833,8198,434,25465,17083,8240,2338,27661,23293,11442,448,35183,18872,12795,352,32019
AZ,Cochise,04003,18943,29026,851,48820,16223,26742,811,43776,17450,28092,4473,50015,23732,35557,1184,60473,22296,35936,691,58923
AZ,Coconino,04005,31433,22186,725,54344,26316,19368,1062,46746,32404,21108,6272,59784,44698,27052,1596,73346,41504,27576,987,70067
AZ,Gila,04007,7884,14095,354,22333,6650,11525,302,18477,7003,14182,1127,22312,8943,18377,358,27678,8504,18901,243,27648
AZ,Graham,04009,3487,8376,144,12007,3608,8076,170,11854,3301,8025,808,12134,4034,10749,213,14996,3867,11177,139,15183
AZ,Greenlee,04011,1165,1712,36,2913,1310,1590,72,2972,1092,1892,286,3270,1182,2433,73,3688,954,2308,46,3308
AZ,La Paz,04012,1929,3509,114,5552,1619,3205,98,4922,1575,4003,373,5951,2236,5129,95,7460,2101,5470,53,7624
AZ,Maricopa,04013,602166,746448,16348,1364962,512008,654835,20165,1187008,702907,747361,117566,1567834,1040774,995665,33036,2069475,980016,1051531,22398,2053945
AZ,Mohave,04015,22092,44333,1180,67605,18324,46442,1183,65949,17455,58282,4206,79943,24831,78535,1339,104705,24081,85683,686,110450
AZ,Navajo,04017,15579,19761,460,35800,16157,19155,463,35775,16459,20577,3258,40294,23383,27657,743,51783,20754,29480,472,50706
AZ,Pima,04019,206254,182406,4768,393428,183470,162927,5420,351817,224661,167428,29551,421640,304981,207758,7996,520735,292450,214669,6057,513176
AZ,Pinal,04021,44254,59421,1208,104883,41428,58947,1764,102139,47892,72819,8835,129546,75106,107077,2854,185037,80656,126926,1970,209552
AZ,Santa Cruz,04023,8683,4518,102,13303,9486,4235,173,13894,11690,3897,846,16433,13138,6194,229,19561,11265,7699,157,19121
AZ,Yavapai,04025,36889,61192,1567,99648,32624,62385,1781,96790,35590,71330,7530,114450,49602,91527,2151,143280,48717,99346,1339,149402
AZ,Yuma,04027,18559,24577,479,43615,14025,19500,410,33935,24605,25165,3240,53010,32210,36534,1182,69926,26823,40745,627,68195
CA,Alameda,06001,489106,119555,12368,621029,438091,104330,15965,558386,514842,95922,43502,654266,617659,136309,15896,769864,499551,140789,29460,669800
CA,Alpine,06003,422,252,18,692,389,236,22,647,334,217,51,602,476,244,21,741,479,243,16,738
CA,Amador,06005,7813,10561,436,18810,6001,8903,399,15303,6004,10485,1245,17734,8153,13585,564,22302,7783,14018,601,22402
CA,Butte,06007,49013,46706,2606,98325,32567,35312,2284,70163,41567,45144,8853,95564,50426,48730,2886,102042,44228,47179,3116,94523
CA,Calaveras,06009,9813,12835,658,23306,7404,10537,528,18469,7944,13511,1681,23136,10046,16518,600,27164,9181,16625,673,26479
CA,Colusa,06011,2569,3733,127,6429,2248,3521,96,5865,2661,3551,420,6632,3234,4554,163,7951,2431,4414,176,7021
CA,Contra Costa,06013,306983,136436,8231,451650,230826,112547,7884,351257,319287,115956,30932,466175,416386,152877,11967,581230,356008,155308,17588,528904
CA,Del Norte,06015,4323,4967,241,9531,3396,4256,288,7940,3485,5134,939,9558,4677,6461,314,11452,4266,5999,299,10564
CA,El Dorado,06017,40529,50314,2083,92926,34033,49661,2229,85923,36404,49247,7940,93591,51621,61838,2679,116138,47703,61109,3078,111890
CA,Fresno,06019,136706,131015,4568,272289,85862,91143,3239,180244,141341,124049,16929,282319,193025,164464,7320,364809,151628,165924,8442,325994
CA,Glenn,06021,3734,5910,235,9879,3276,5608,258,9142,3065,5788,617,9470,3995,7063,234,11292,3260,6904,278,10442
CA,Humboldt,06023,39692,21713,2322,63727,27757,15653,2859,46269,33200,18373,7673,59246,44768,21770,2290,68828,39800,21559,2869,64228
CA,Imperial,06025,24162,14008,650,38820,17464,9545,444,27453,32667,12704,2720,48091,34678,20847,1193,56718,26083,26546,1396,54025
CA,Inyo,06027,3743,4523,267,8533,2775,3541,185,6501,3155,4248,683,8086,4634,4620,227,9481,4201,4468,282,8951
CA,Kern,06029,93457,134793,4600,232850,64690,99840,3586,168116,98689,129584,15890,244163,133366,164484,7376,305226,108241,167879,7126,283246
CA,Kings,06031,14747,19710,651,35108,12282,17184,673,30139,13617,18093,2205,33915,18699,24072,1087,43858,15519,25074,908,41501
CA,Lake,06033,14854,9935,753,25542,9159,6474,641,16274,11496,10599,2401,24496,14941,13123,736,28800,12794,13161,804,26759
CA,Lassen,06035,3586,7483,318,11387,3044,7261,298,10603,2224,7574,726,10524,2799,8970,216,11985,2478,8619,274,11371
CA,Los Angeles,06037,2295853,956425,65970,3318248,1672164,699600,56105,2427869,2464364,769743,200201,3434308,3028885,1145530,89028,4263443,2417109,1189862,121456,3728427
CA,Madera,06039,17952,23583,820,42355,12698,18990,684,32372,17029,23357,2726,43112,23168,29378,1176,53722,20981,32344,1299,54624
CA,Marin,06041,109320,28384,2493,140197,73450,23347,2489,99286,108707,21771,8795,139273,128288,24612,2901,155801,116152,24054,3907,144113
CA,Mariposa,06043,4100,5298,253,9651,3080,4434,291,7805,3122,5185,570,8877,4088,5950,242,10280,3622,5625,262,9509
CA,Mendocino,06045,27843,10721,1452,40016,11869,5129,930,17928,22079,10888,4510,37477,28782,13267,1287,43336,24049,13528,1639,39216
CA,Merced,06047,34031,28704,1073,63808,26128,23403,1007,50538,37317,28725,4747,70789,48991,39397,2153,90541,40190,43955,2247,86392
CA,Modoc,06049,1313,2981,126,4420,1113,2779,94,3986,877,2696,215,3788,1150,3109,79,4338,1008,2884,124,4016
CA,Mono,06051,3093,2354,124,5571,2574,2202,141,4917,2773,2111,392,5276,4013,2513,211,6737,3522,2294,248,6064
CA,Monterey,06053,88453,38797,2533,129783,51712,25087,1723,78522,89088,34895,9425,133408,113953,46299,3631,163883,93060,49226,4432,146718
CA,Napa,06055,38849,19484,1309,59642,19964,11647,721,32332,39199,17411,4762,61372,49817,20676,1629,72122,43212,20357,1980,65549
CA,Nevada,06057,28617,25663,1367,55647,14261,15696,907,30864,26053,23365,5517,54935,36359,26779,1600,64738,33784,26177,2171,62132
CA,Orange,06059,549558,579064,25065,1153687,457077,541592,22646,1021315,609961,507148,80412,1197521,814009,676498,31218,1521725,691731,654815,44419,1390965
CA,Placer,06061,75112,94647,3348,173107,49126,74460,2739,126325,73509,95138,14192,182839,106869,122488,5660,235017,103958,123941,6910,234809
CA,Plumas,06063,4715,6035,278,11028,3670,5240,218,9128,3459,5420,797,9676,4561,6445,250,11256,4020,5725,322,10067
CA,Riverside,06065,325017,310041,12241,647299,287754,290227,11740,589721,373695,333243,44453,751391,527945,448702,19509,996156,451782,463677,24946,940405
CA,Sacramento,06067,316506,213583,11012,541101,221063,157688,9339,388090,326023,189789,43518,559330,440808,259405,18077,718290,381564,252140,22922,656626
CA,San Benito,06069,11917,7425,363,19705,8617,6052,303,14972,12521,7841,1562,21924,17628,10590,603,28821,15179,11702,768,27649
CA,San Bernardino,06071,315720,277408,13206,606334,274203,245468,12021,531692,340833,271240,41910,653983,455859,366257,18815,840931,362114,378416,21184,761714
CA,San Diego,06073,666581,541032,23434,1231047,478386,431046,18824,928256,735476,477766,93158,1306400,964650,600094,36978,1601722,841372,593270,43144,1477786
CA,San Francisco,06075,322220,52292,8353,382865,267857,42654,10512,321023,345084,37688,23020,405792,378156,56417,8885,443458,323719,62594,16651,402964
CA,San Joaquin,06077,113974,91607,3768,209349,80005,66742,2840,149587,121124,88936,14106,224166,161137,121098,6208,288443,126647,128996,8028,263671
CA,San Luis Obispo,06079,68176,61055,3422,132653,57655,56500,3442,117597,67107,56164,11738,135009,88310,67436,3935,159681,81314,64932,4520,150766
CA,San Mateo,06081,222826,75057,5409,303292,151036,56244,4534,211814,237882,57929,18573,314384,291410,75563,7165,374138,242957,76616,10937,330510
CA,Santa Barbara,06083,105614,65585,3713,174912,84279,59096,3874,147249,107142,56365,13279,176786,129963,65736,4589,200288,114149,64870,5696,184715
CA,Santa Clara,06085,462241,190039,13309,665589,343239,136347,12101,491687,511684,144826,47199,703709,617967,214612,17943,850522,510744,210924,28765,750433
CA,Santa Cruz,06087,98745,25244,3494,127483,61106,17132,3056,81294,95249,22438,11134,128821,114246,26937,3613,144796,100998,27978,5159,134135
CA,Shasta,06089,28867,49588,1935,80390,18184,34561,1376,54121,22301,51778,5974,80053,30000,60789,2111,92900,27130,59539,2231,88900
CA,Sierra,06091,743,1158,90,1991,652,1056,71,1779,601,1048,181,1830,730,1142,58,1930,641,1066,47,1754
CA,Siskiyou,06093,9292,11520,658,21470,7110,9844,551,17505,7234,11341,1917,20492,9593,13290,567,23450,8329,12461,699,21489
CA,Solano,06095,102095,56035,2843,160973,87225,48364,2976,138565,102360,51920,11833,166113,131639,69306,4886,205831,113997,70345,5492,189834
CA,Sonoma,06097,168888,55127,5336,229351,124504,45666,5568,175738,160435,51408,19410,231253,199938,61825,6489,268252,179600,63426,8400,251426
CA,Stanislaus,06099,80279,77497,3239,161015,70609,69549,3462,143620,81647,78494,12005,172146,105841,104145,4890,214876,85347,106986,5139,197472
CA,Sutter,06101,13412,18911,618,32941,8004,12576,408,20988,13076,18176,2271,33523,17367,24375,898,42640,13016,25372,948,39336
CA,Tehama,06103,8945,14843,648,24436,6032,10791,533,17356,6809,15494,1605,23908,8911,19141,669,28721,7415,18503,614,26532
CA,Trinity,06105,3233,2940,201,6374,2367,2422,241,5030,2214,2812,660,5686,2851,3188,219,6258,2449,2979,217,5645
CA,Tulare,06107,43634,59765,1807,105206,29191,42186,1455,72832,47585,58299,6450,112334,66105,77579,3148,146832,53221,81854,3196,138271
CA,Tuolumne,06109,11532,14988,661,27181,9628,13410,692,23730,9123,14551,1855,25529,11978,17689,734,30401,10909,17210,691,28810
CA,Ventura,06111,187601,145853,6346,339800,138119,123919,5869,267907,194402,132323,25001,351726,251388,162207,9103,422698,217424,158901,11270,387595
CA,Yolo,06113,53488,24592,1669,79749,38856,19080,1677,59613,54752,20739,6599,82090,67598,27292,2374,97264,61405,27844,3340,92589
CA,Yuba,06115,8866,12007,528,21401,5817,8746,446,15009,7910,13170,1918,22998,11230,17676,881,29787,10725,18491,854,30070
CO,Adams,08001,93443,63976,3080,160499,90843,66531,4121,161495,96558,80082,17025,193665,134202,95657,6876,236735,124056,103024,6256,233336
CO,Alamosa,08003,3521,2635,130,6286,3782,2693,196,6671,3189,3046,704,6939,3759,3813,236,7808,3244,4057,218,7519
CO,Arapahoe,08005,148218,113866,4064,266148,135433,114232,5081,254746,159885,117053,26108,303046,213607,127323,9253,350183,190725,125311,9415,325451
CO,Archuleta,08007,2836,3638,151,6625,2637,3831,178,6646,2500,4264,575,7339,3738,5189,217,9144,3904,5218,233,9355
CO,Baca,08009,536,1572,67,2175,462,1554,80,2096,283,1753,117,2153,317,1867,41,2225,275,1686,43,2004
CO,Bent,08011,799,1077,44,1920,778,1053,50,1881,590,1188,149,1927,732,1503,39,2274,645,1496,48,2189
CO,Boulder,08013,124159,44904,2700,171763,120485,48526,4196,173207,132334,41396,14412,188142,159089,42501,4521,206111,150149,40758,5243,196150
CO,Broomfield,08014,16168,12757,528,29453,16653,14765,773,32191,19731,14367,3591,37689,29077,16295,1260,46632,29426,16071,1320,46817
CO,Chaffee,08015,4861,4873,186,9920,4967,4949,301,10217,4888,5391,971,11250,7160,6222,335,13717,7992,6034,390,14416
CO,Cheyenne,08017,198,890,23,1111,162,858,25,1045,132,925,45,1102,131,993,12,1136,108,930,17,1055
CO,Clear Creek,08019,3332,2300,135,5767,3041,2381,188,5610,2729,2575,562,5866,3604,2754,190,6548,3464,2452,185,6101
CO,Conejos,08021,2154,1653,67,3874,2180,1794,53,4027,1771,1914,337,4022,1959,2286,88,4333,1627,2358,119,4104
CO,Costilla,08023,1245,415,37,1697,1317,440,47,1804,1125,588,135,1848,1311,741,42,2094,1155,850,75,2080
CO,Crowley,08025,552,976,30,1558,535,924,43,1502,339,1079,109,1527,437,1271,42,1750,422,1231,53,1706
CO,Custer,08027,912,1672,45,2629,862,1776,59,2697,797,2061,208,3066,1112,2474,48,3634,1188,2583,96,3867
CO,Delta,08029,5084,10067,283,15434,4542,10762,377,15681,4087,11655,1048,16790,5887,13081,402,19370,6030,12948,498,19476
CO,Denver,08031,204882,62567,4084,271533,209759,69755,6050,285564,244551,62690,24611,331852,313293,71618,8916,393827,278634,74765,9677,363076
CO,Dolores,08033,369,818,30,1217,329,838,51,1218,242,944,69,1255,341,1089,19,1449,325,1076,18,1419
CO,Douglas,08035,61960,88108,1751,151819,54093,93930,2137,150160,68657,102573,16269,187499,104653,121270,5676,231599,110408,127451,5899,243758
CO,Eagle,08037,13187,8179,286,21652,12598,9317,459,22374,14099,8990,2134,25223,18588,9892,660,29140,16943,10148,707,27798
CO,El Paso,08041,108899,160318,3958,273175,104989,163819,6796,275604,108010,179228,31729,318967,161941,202828,14080,378849,166597,203933,10283,380813
CO,Elbert,08039,3819,9108,279,13206,3542,10148,303,13993,3134,11705,1139,15978,4490,14027,466,18983,4768,15209,440,20417
CO,Fremont,08043,6844,12668,407,19919,6644,13087,527,20258,5297,15122,1554,21973,7369,17517,671,25557,7526,17313,628,25467
CO,Garfield,08045,11357,11359,366,23082,10989,12159,547,23695,11271,13132,2067,26470,15427,14717,760,30904,15128,14493,751,30372
CO,Gilpin,08047,1954,1253,94,3301,1854,1320,97,3271,1634,1566,376,3576,2223,1833,130,4186,2254,1729,146,4129
CO,Grand,08049,4037,4128,143,8308,3575,4149,237,7961,3358,4494,736,8588,4710,4883,277,9870,4743,4822,318,9883
CO,Gunnison,08051,5556,3131,183,8870,4563,3106,243,7912,5128,3289,995,9412,7132,3735,323,11190,6887,3689,363,10939
CO,Hinsdale,08053,240,344,15,599,228,352,18,598,197,339,53,589,255,353,24,632,257,332,17,606
CO,Huerfano,08055,1989,1580,74,3643,1897,1615,111,3623,1633,1883,267,3783,2076,2203,127,4406,1965,2346,127,4438
CO,Jackson,08057,277,624,12,913,216,600,32,848,171,629,61,861,175,681,20,876,173,634,27,834
CO,Jefferson,08059,158153,131627,5282,295062,153069,139960,7122,300151,160776,138177,29929,328882,218396,148417,10544,377357,210875,140505,10124,361504
CO,Kiowa,08061,178,650,24,852,118,677,26,821,91,728,36,855,98,795,10,903,102,744,17,863
CO,Kit Carson,08063,912,2455,75,3442,789,2664,72,3525,536,2967,199,3702,662,3144,65,3871,556,3083,59,3698
CO,La Plata,08067,16057,11503,419,27979,15063,12554,858,28475,15525,12587,3038,31150,20548,14233,886,35667,20677,14024,980,35681
CO,Lake,08065,1859,1078,65,3002,1807,1087,99,2993,1616,1270,313,3199,2303,1497,161,3961,2199,1557,155,3911
CO,Larimer,08069,89822,73641,2910,166373,83103,74603,4117,161823,93113,83430,19437,195980,126120,91489,6729,224338,129376,89680,6426,225482
CO,Las Animas,08071,3562,3086,113,6761,3282,3105,145,6532,2650,3710,433,6793,3497,4284,180,7961,3276,4328,188,7792
CO,Lincoln,08073,546,1717,41,2304,537,1663,48,2248,409,1892,135,2436,470,2135,46,2651,432,2090,49,2571
CO,Logan,08075,2846,6002,129,8977,2675,6124,231,9030,1851,7282,589,9722,2218,8087,227,10532,2098,7855,209,10162
CO,Mesa,08077,24008,44578,1045,69631,22448,45087,1498,69033,21729,49779,6145,77653,31536,56894,2192,90622,33573,55839,2188,91600
CO,Mineral,08079,270,334,19,623,291,344,15,650,237,344,71,652,317,427,12,756,317,417,19,753
CO,Moffat,08081,1582,4135,154,5871,1291,4616,135,6042,874,5305,346,6525,1203,5670,153,7026,1167,5358,146,6671
CO,Montezuma,08083,4661,6961,203,11825,4486,7372,374,12232,3973,7853,1032,12858,5836,9306,358,15500,5793,8972,371,15136
CO,Montrose,08085,6495,12199,459,19153,5852,12789,413,19054,5466,14382,1338,21186,7687,16770,465,24922,8354,16704,559,25617
CO,Morgan,08087,3813,6272,149,10234,3761,6461,256,10478,3151,8145,664,11960,3876,9593,275,13744,3291,9830,337,13458
CO,Otero,08089,3546,4393,125,8064,3566,4315,158,8039,2943,4928,581,8452,3605,5756,215,9576,3164,5520,241,8925
CO,Ouray,08091,1636,1367,57,3060,1640,1470,73,3183,1697,1351,262,3310,2365,1577,78,4020,2442,1573,83,4098
CO,Park,08093,4250,4896,237,9383,3721,5085,248,9054,3421,6135,861,10417,4903,6991,396,12290,4841,6828,375,12044
CO,Phillips,08095,622,1612,26,2260,588,1637,40,2265,436,1791,105,2332,486,1958,41,2485,412,1888,54,2354
CO,Pitkin,08097,7349,2484,133,9966,6648,2941,190,9779,7333,2550,640,10523,8989,2780,188,11957,7932,2992,243,11167
CO,Prowers,08099,1487,3043,85,4615,1498,3200,111,4809,1186,3531,299,5016,1458,4008,95,5561,1227,3833,84,5144
CO,Pueblo,08101,41097,30257,1073,72427,40624,31023,1659,73306,35875,36265,6506,78646,43772,42252,2275,88299,39328,43688,2091,85107
CO,Rio Blanco,08103,655,2437,55,3147,561,2677,73,3311,436,2791,223,3450,561,3061,69,3691,637,2988,65,3690
CO,Rio Grande,08105,2448,2930,66,5444,2428,2892,133,5453,2001,3085,448,5534,2495,3660,150,6305,2306,3743,145,6194
CO,Routt,08107,8270,4725,204,13199,7389,5361,288,13038,7600,5230,1156,13986,10582,5925,369,16876,10208,5676,451,16335
CO,Saguache,08109,1730,953,64,2747,1762,937,97,2796,1417,1147,271,2835,1884,1413,92,3389,1704,1577,119,3400
CO,San Juan,08111,264,218,14,496,266,212,28,506,265,215,26,506,342,202,19,563,376,188,24,588
CO,San Miguel,08113,3349,933,68,4350,2961,1144,110,4215,2975,1033,321,4329,3924,1136,87,5147,3529,1154,121,4804
CO,Sedgwick,08115,468,857,26,1351,419,881,37,1337,267,1015,82,1364,301,1121,24,1446,283,1048,27,1358
CO,Summit,08117,9802,4883,214,14899,9169,5495,374,15038,9557,5100,1517,16174,12631,5322,526,18479,11762,5244,536,17542
CO,Teller,08119,4513,8146,247,12906,3894,7909,341,12144,3603,9745,1096,14444,5278,11241,420,16939,5065,10856,405,16326
CO,Washington,08121,529,1949,35,2513,461,2059,47,2567,296,2299,138,2733,369,2595,44,3008,329,2436,41,2806
CO,Weld,08123,47292,56526,2048,105866,47418,62350,2927,112695,46519,76651,12258,135428,66060,96145,4763,166968,68752,106469,4633,179854
CO,Yuma,08125,1117,3286,80,4483,950,3433,98,4481,726,3850,215,4791,785,4107,89,4981,758,3807,98,4663
CT,Fairfield,09001,242936,167736,3069,413741,214757,172238,3616,390611,243852,160077,17280,421209,297505,169039,6446,472990,267019,178263,7021,452303
CT,Hartford,09003,268721,138984,5023,412728,244314,143648,4523,392485,240403,148173,18288,406864,283368,159024,6944,449336,259366,162572,7387,429325
CT,Litchfield,09005,51041,46173,1752,98966,43823,47207,1374,92404,39775,53051,4616,97442,50164,55601,1779,107544,47940,56452,1577,105969
CT,Middlesex,09007,52983,32918,1351,87252,47851,34533,1063,83447,45357,38867,4400,88624,56848,40665,1690,99203,54173,41654,1692,97519
CT,New Haven,09009,233589,144650,4647,382886,230040,137942,3801,371783,205609,159048,14349,379006,242629,169892,5459,417980,218981,171435,7571,397987
CT,New London,09011,74776,48491,1607,124874,66510,45715,1818,114043,62278,54058,7192,123528,79459,57110,3035,139604,76190,58858,2452,137500
CT,Tolland,09013,45053,29266,1182,75501,39283,30391,1106,70780,38506,34194,4724,77424,44006,34819,1721,80546,43311,36773,1436,81520
CT,Windham,09015,28673,21210,961,50844,25953,19758,923,46634,21792,25747,3284,50823,26701,29141,1235,57077,25073,30911,903,56887
DC,District of Columbia,11001,245800,17367,2686,265853,222332,17337,3679,243348,282830,12723,15715,311268,317323,18586,8447,344356,36882,2056,1525,40463
DE,Kent,10001,36392,29827,706,66925,35525,32134,1010,68669,33351,36991,4256,74598,44552,41009,1464,87025,44222,42458,1461,88141
DE,New Castle,10003,178768,74608,3041,256417,167051,81226,3683,251960,162919,85525,13947,262391,195034,88364,4235,287633,180700,90868,4349,275917
DE,Sussex,10005,40299,47939,832,89070,39971,52116,1128,93215,39333,62611,4064,106008,56682,71230,1440,129352,64836,81025,1778,147639
FL,Alachua,12001,75565,48513,1441,125519,69634,48765,1919,120318,75820,46834,5917,128571,89704,50972,1928,142604,81578,52939,2031,136548
FL,Baker,12003,2327,8672,60,11059,2310,8974,82,11366,2112,10294,228,12634,2037,11911,111,14059,1982,12926,69,14977
FL,Bay,12005,23653,56683,791,81127,22037,56863,934,79834,21797,62194,3462,87453,25614,66097,1313,93024,25201,71497,1077,97775
FL,Bradford,12007,3430,8136,110,11676,3324,8216,91,11631,2924,8913,261,12098,3160,10334,138,13632,2946,10920,66,13932
FL,Brevard,12009,127620,157589,2650,287859,122972,159270,3262,285504,119679,181848,13225,314752,148549,207883,4332,360764,141233,216533,3683,361449
FL,Broward,12011,492640,237729,3530,733899,507430,243732,4004,755166,553320,260951,17680,831951,618752,333409,5511,957672,507328,358952,8246,874526
FL,Calhoun,12013,1821,4345,78,6244,1664,4366,122,6152,1241,4655,185,6081,1209,5274,43,6526,1021,5367,40,6428
FL,Charlotte,12015,39031,45205,922,85158,35896,47988,780,84664,33445,60218,2711,96374,42273,73243,824,116340,40450,82480,744,123674
FL,Citrus,12017,31460,43706,992,76158,28453,44657,813,73923,22789,54456,2455,79700,27092,65352,764,93208,26276,71356,601,98233
FL,Clay,12019,26697,67203,677,94577,25745,69996,808,96549,27822,74963,3698,106483,38317,84480,1608,124405,37926,87711,1169,126806
FL,Collier,12021,54450,86379,1159,141988,51678,96508,894,149080,61085,105423,4281,170789,77621,128950,1247,207818,71720,143267,1376,216363
FL,Columbia,12023,9171,18670,287,28128,8462,18429,272,27163,7601,20368,738,28707,8914,23836,292,33042,8250,25108,234,33592
FL,DeSoto,12027,4383,5632,116,10131,4174,5587,102,9863,3781,6778,259,10818,4259,8313,87,12659,3525,8888,75,12488
FL,Dixie,12029,1925,5194,145,7264,1798,5052,91,6941,1270,5822,110,7202,1365,6759,43,8167,1183,6920,45,8148
FL,Duval,12031,202618,210537,2606,415761,196657,211553,3492,411702,205704,211672,15319,432695,252556,233762,6502,492820,229365,236285,5618,471268
FL,Escambia,12033,61572,91411,1464,154447,58154,88671,1605,148430,57461,88808,6200,152469,70929,96674,2769,170372,64601,96407,1746,162754
FL,Flagler,12035,24726,23951,354,49031,23204,26966,419,50589,22026,33850,1627,57503,28161,43043,512,71716,28431,51014,518,79963
FL,Franklin,12037,2134,3818,77,6029,1845,3570,59,5474,1744,4125,146,6015,2120,4675,54,6849,1870,4831,57,6758
FL,Gadsden,12039,15582,6811,117,22510,15768,6628,99,22495,15020,6728,365,22113,16153,7465,144,23762,14203,7495,170,21868
FL,Gilchrist,12041,1996,5656,167,7819,1885,5917,106,7908,1458,6740,222,8420,1700,7895,90,9685,1662,8931,93,10686
FL,Glades,12043,1381,1938,39,3358,1603,2344,42,3989,1271,2996,86,4353,1385,3782,26,5193,1222,4034,23,5279
FL,Gulf,12045,2149,4980,76,7205,2013,4995,99,7107,1720,5329,244,7293,1985,6113,65,8163,1970,6684,43,8697
FL,Hamilton,12047,2364,3179,44,5587,2226,3137,41,5404,1904,3443,113,5460,1963,3815,52,5830,1727,3964,42,5733
FL,Hardee,12049,2568,4763,81,7412,2461,4694,67,7222,2149,5242,192,7583,2298,6122,65,8485,1751,6336,56,8143
FL,Hendry,12051,4998,5780,101,10879,4751,5355,79,10185,4615,6195,305,11115,4929,7906,105,12940,4096,9253,111,13460
FL,Hernando,12053,41886,45021,994,87901,37791,44906,896,83593,31795,58970,3031,93796,37519,70412,991,108922,34431,75446,810,110687
FL,Highlands,12055,18135,26221,427,44783,16147,25912,381,42440,14937,29565,1184,45686,16938,34873,359,52170,15227,36382,296,51905
FL,Hillsborough,12057,272963,236355,3994,513312,286158,249904,5441,541503,307896,266870,22894,597660,376367,327398,8298,712063,321455,342017,8509,671981
FL,Holmes,12059,1446,7033,110,8589,1264,6919,91,8274,853,7483,178,8514,924,8080,64,9068,882,8193,41,9116
FL,Indian River,12061,29710,40176,705,70591,27483,43441,521,71445,29043,48620,2346,80009,37844,58872,768,97484,35654,62737,624,99015
FL,Jackson,12063,7671,13717,177,21565,7342,13417,181,20940,6397,14257,387,21041,6766,15488,165,22419,5892,16074,132,22098
FL,Jefferson,12065,4088,3797,72,7957,3945,3808,55,7808,3541,3930,174,7645,3897,4479,75,8451,3429,5011,62,8502
FL,Lafayette,12067,642,2679,38,3359,687,2668,44,3399,518,2809,65,3392,510,3128,20,3658,441,3296,19,3756
FL,Lake,12069,62948,82802,1176,146926,61790,87637,1369,150796,62838,102188,5436,170462,83505,125859,1950,211314,84546,140500,1735,226781
FL,Lee,12071,119701,147608,1967,269276,110080,154112,1842,266034,124908,191551,9961,326420,157695,233247,2957,393899,139240,250661,2618,392519
FL,Leon,12073,91747,55705,1156,148608,90863,55806,1666,148335,92068,53821,6243,152132,103517,57453,1959,162929,94520,60397,1883,156800
FL,Levy,12075,6711,11754,260,18725,6118,12052,226,18396,5101,13775,519,19395,6205,16749,191,23145,5994,18245,138,24377
FL,Liberty,12077,895,2339,44,3278,942,2301,41,3284,651,2543,102,3296,694,2846,21,3561,566,2898,26,3490
FL,Madison,12079,4270,4544,93,8907,4174,4474,64,8712,3526,4851,128,8505,3747,5576,57,9380,3231,5874,51,9156
FL,Manatee,12081,70034,80721,1239,151994,66476,85616,1359,153451,71224,101944,5790,178958,90166,124987,1805,216958,86674,140486,1696,228856
FL,Marion,12083,70839,89628,1555,162022,66823,93036,1509,161368,62041,107833,4826,174700,74858,127826,1692,204376,72436,140173,1492,214101
FL,Martin,12085,33508,44143,643,78294,30097,48180,583,78860,30185,53204,2403,85792,36893,61168,665,98726,33539,64121,631,98291
FL,Miami-Dade,12086,499831,360551,3104,863486,540776,332602,3867,877245,624146,333999,22059,980204,617864,532833,6119,1156816,480355,605590,8148,1094093
FL,Monroe,12087,20907,18933,432,40272,19392,19234,419,39045,18971,21904,1603,42478,21881,25693,455,48029,17933,26064,330,44327
FL,Nassau,12089,10618,27403,283,38304,10249,29926,348,40523,10869,34266,1472,46607,15564,42566,681,58811,17143,47945,533,65621
FL,Okaloosa,12091,25872,68789,868,95529,23390,70143,1206,94739,23780,71893,5182,100855,34248,79798,2327,116373,32074,80309,1251,113634
FL,Okeechobee,12093,5108,7561,117,12786,4856,7325,140,12321,3959,9356,338,13653,4390,11470,94,15954,3671,12315,72,16058
FL,Orange,12095,273009,186832,2870,462711,274227,189057,4101,467385,329894,195216,21165,546275,395014,245398,6991,647403,340807,258279,8105,607191
FL,Osceola,12097,59962,40086,622,100670,67201,40581,865,108647,85458,50301,4447,140206,97297,73480,1659,172436,84205,86713,1858,172776
FL,Palm Beach,12099,361271,226037,3192,590500,349418,247257,3666,600341,374673,272402,15257,662332,433572,334711,4875,773158,372512,366836,6349,745697
FL,Pasco,12101,102417,110104,2345,214866,98148,112335,2875,213358,90142,142101,8896,241139,119073,179621,3276,301970,117450,197779,3234,318463
FL,Pinellas,12103,248299,210066,4917,463282,238966,213192,5326,457484,233701,239201,19501,492403,277450,276209,6056,559715,242452,269472,5134,517058
FL,Polk,12105,113865,128878,2090,244833,114610,131566,2482,248658,117433,157430,9451,284314,145049,194586,3621,343256,136879,209044,2999,348922
FL,Putnam,12107,13236,19637,298,33171,11666,19326,331,31323,10094,22138,885,33117,10527,25514,332,36373,9354,26700,218,36272
FL,Santa Rosa,12113,19470,55972,743,76185,17757,58169,890,76816,18464,65339,3942,87745,27612,77385,1931,106928,27035,84314,1075,112424
FL,Sarasota,12115,102686,102897,1770,207353,95089,110489,1856,207434,97870,124438,6755,229063,120110,148370,2095,270575,112668,163219,1970,277857
FL,Seminole,12117,99335,105070,1490,205895,96435,109939,2231,208605,105914,109443,9539,224896,132528,125241,3046,260815,120717,129735,3268,253720
FL,St. Johns,12109,35791,69222,831,105844,35155,78490,1088,114733,43099,88684,4731,136514,63850,110946,1826,176622,66862,128759,1831,197452
FL,St. Lucie,12111,67125,52512,942,120579,65869,56202,955,123026,66881,70289,3677,140847,84137,86831,1201,172169,83517,100293,1321,185131
FL,Sumter,12119,17655,30866,347,48868,19519,40644,308,60471,22638,52730,1297,76665,29341,62761,383,92485,32551,72134,532,105217
FL,Suwannee,12121,4916,12534,212,17662,4749,12672,206,17627,3964,14287,443,18694,4485,16410,162,21057,4217,17561,113,21891
FL,Taylor,12123,2803,6457,106,9366,2761,6249,107,9117,2152,6930,208,9290,2299,7751,77,10127,1991,7954,52,9997
FL,Union,12125,1300,3940,53,5293,1339,3980,74,5393,1014,4568,112,5694,1053,5133,59,6245,971,5224,36,6231
FL,Volusia,12127,127795,113938,2091,243824,114716,117473,2294,234483,109091,143007,8771,260869,130575,173821,3043,307439,120132,187691,2672,310495
FL,Wakulla,12129,5311,8877,188,14376,5173,9288,195,14656,4348,10512,491,15351,5351,12874,179,18404,5441,14246,169,19856
FL,Walton,12131,7174,19561,311,27046,6665,21483,332,28480,6876,25756,1005,33637,10338,32947,426,43711,10287,38970,344,49601
FL,Washington,12133,2863,8178,90,11131,2820,8037,141,10998,2264,8637,255,11156,2347,9876,104,12327,2140,10370,74,12584
GA,Appling,13001,1846,5085,65,6996,1756,5231,92,7079,1434,5494,84,7012,1784,6570,36,8390,1560,6761,13,8334
GA,Atkinson,13003,938,1941,25,2904,930,1938,34,2902,697,1878,35,2610,825,2300,30,3155,700,2350,7,3057
GA,Bacon,13005,817,3089,32,3938,791,3092,46,3929,608,3364,48,4020,625,4017,25,4667,645,4186,8,4839
GA,Baker,13007,846,828,13,1687,790,784,10,1584,650,775,15,1440,652,897,6,1555,590,883,3,1476
GA,Baldwin,13009,8587,7823,127,16537,8469,7585,160,16214,7970,7697,449,16116,9140,8903,208,18251,9159,9574,92,18825
GA,Banks,13011,1027,5120,94,6241,779,5353,59,6191,684,6134,157,6975,932,7795,74,8801,1136,9358,25,10519
GA,Barrow,13013,6657,17625,300,24582,6019,18719,433,25171,6580,21108,1372,29060,10453,26804,664,37921,12949,30730,255,43934
GA,Bartow,13015,9662,25976,455,36093,8383,26847,508,35738,8212,29911,1427,39550,12091,37672,701,50464,13942,43271,334,57547
GA,Ben Hill,13017,2590,3417,29,6036,2508,3395,44,5947,2101,3739,96,5936,2393,4111,60,6564,2199,4281,21,6501
GA,Berrien,13019,1471,4901,77,6449,1268,4837,82,6187,1047,5422,121,6590,1269,6419,55,7743,1209,6841,18,8068
GA,Bibb,13021,38987,27037,344,66368,38538,25606,481,64625,36787,24043,1766,62596,43408,26559,747,70714,42172,26658,351,69181
GA,Bleckley,13023,1380,3657,34,5071,1266,3586,51,4903,1101,3719,154,4974,1312,4329,67,5708,1339,4685,20,6044
GA,Brantley,13025,1119,5080,78,6277,939,4963,99,6001,619,5567,115,6301,700,6993,56,7749,736,7744,20,8500
GA,Brooks,13027,2669,3507,25,6201,3101,3522,48,6671,2528,3701,107,6336,2791,4261,49,7101,2629,4560,21,7210
GA,Bryan,13029,3636,9112,97,12845,3695,9537,171,13403,4014,10529,630,15173,6738,14240,357,21335,7779,16738,134,24651
GA,Bulloch,13031,9586,14174,160,23920,9572,14159,301,24032,9261,15097,958,25316,11248,18387,455,30090,11514,20985,158,32657
GA,Burke,13033,5233,4344,49,9626,5403,4298,72,9773,4731,4491,129,9351,5208,5400,75,10683,4994,6027,49,11070
GA,Butts,13035,3065,5947,79,9091,2966,6306,100,9372,2566,6717,231,9514,3274,8406,91,11771,3544,9424,51,13019
GA,Calhoun,13037,1342,862,7,2211,1297,883,7,2187,1179,830,16,2025,1263,923,12,2198,1153,900,3,2056
GA,Camden,13039,6482,10502,100,17084,6358,11318,262,17938,5930,12310,661,18901,7967,15249,470,23686,8405,17819,169,26393
GA,Candler,13043,1209,2286,23,3518,1155,2344,27,3526,1026,2664,73,3763,1269,3133,29,4431,1196,3366,6,4568
GA,Carroll,13045,14334,28661,503,43498,12635,28249,561,41445,12464,30029,1628,44121,16236,37476,760,54472,17634,42536,324,60494
GA,Catoosa,13047,6025,18218,253,24496,5357,17848,434,23639,4771,20876,1110,26757,6932,25167,494,32593,7704,27150,184,35038
GA,Charlton,13049,1197,2466,22,3685,1197,2527,39,3763,1004,2951,61,4016,1105,3419,44,4568,1007,3607,14,4628
GA,Chatham,13051,62755,46829,654,110238,60077,47083,1107,108267,62290,45688,4164,112142,78247,53232,1929,133408,82758,57336,1015,141109
GA,Chattahoochee,13053,830,811,1,1642,726,732,25,1483,594,751,45,1390,667,880,35,1582,703,982,9,1694
GA,Chattooga,13055,2596,5572,139,8307,2220,5434,137,7791,1613,6462,177,8252,1854,8064,132,10050,1896,8769,41,10706
GA,Cherokee,13057,22350,70279,1143,93772,19813,76473,1755,98041,25231,80649,6163,112043,42779,99585,2451,144815,48838,112142,1301,162281
GA,Clarke,13059,29591,15333,586,45510,25386,13804,948,40138,29603,12717,2656,44976,36055,14450,841,51346,36297,16049,541,52887
GA,Clay,13061,879,558,3,1440,862,537,3,1402,697,566,10,1273,791,637,7,1435,771,663,8,1442
GA,Clayton,13063,82527,16506,405,99438,81439,14158,423,96020,78220,12645,1994,92859,95466,15811,1053,112330,94203,16877,649,111729
GA,Clinch,13065,989,1678,29,2696,852,1598,22,2472,686,1727,42,2455,744,2105,12,2861,702,2201,5,2908
GA,Cobb,13067,141216,170957,3271,315444,132526,171464,4999,308989,160121,152912,17786,330819,221847,165436,6445,393728,228404,168679,4286,401369
GA,Coffee,13069,4811,8872,64,13747,5048,9242,144,14434,4094,9588,233,13915,4511,10578,125,15214,4295,11388,32,15715
GA,Colquitt,13071,4139,9185,111,13435,3971,9240,108,13319,3463,9898,263,13624,4190,11777,119,16086,4114,12451,46,16611
GA,Columbia,13073,15703,39322,326,55351,16420,41724,698,58842,18887,43085,2771,64743,29232,50013,1330,80575,31624,53657,639,85920
GA,Cook,13075,2075,3782,46,5903,2042,3934,51,6027,1753,4176,128,6057,2059,4900,76,7035,1956,5374,27,7357
GA,Coweta,13077,15521,37571,457,53549,15156,39633,723,55512,16583,42533,2629,61745,24210,51501,1088,76799,28111,57204,601,85916
GA,Crawford,13079,1832,3358,50,5240,1699,3366,58,5123,1421,3635,120,5176,1615,4428,59,6102,1582,4742,16,6340
GA,Crisp,13081,3085,4424,41,7550,3160,4179,47,7386,2837,4549,126,7512,2982,4985,66,8033,2993,5099,24,8116
GA,Dade,13083,1612,4703,93,6408,1404,4458,135,5997,965,5051,226,6242,1261,6066,107,7434,1343,6804,53,8200
GA,Dawson,13085,1632,8242,100,9974,1241,8843,150,10234,1448,9900,417,11765,2486,13398,197,16081,3350,16115,96,19561
GA,DeKalb,13089,254594,65581,2126,322301,237704,64308,3287,305299,251370,51468,11919,314757,308162,58377,4207,370746,299630,62622,3756,366008
GA,Decatur,13087,4424,5890,60,10374,4580,5816,69,10465,4124,6020,142,10286,4782,6755,88,11625,4372,7140,37,11549
GA,Dodge,13091,2595,5543,74,8212,2440,5214,77,7731,1839,5021,149,7009,2172,5843,56,8071,2081,6249,20,8350
GA,Dooly,13093,2138,1991,31,4160,2278,1983,28,4289,1872,1951,36,3859,1911,2159,35,4105,1921,2243,13,4177
GA,Dougherty,13095,26135,12547,164,38846,26209,11441,172,37822,23311,10232,544,34087,24568,10441,278,35287,23831,9904,115,33850
GA,Douglas,13097,27825,26812,446,55083,28410,26226,565,55201,31005,24817,1916,57738,42814,25454,838,69106,46240,23996,485,70721
GA,Early,13099,2603,2711,21,5335,2762,2556,31,5349,2168,2552,65,4785,2450,2710,28,5188,2158,2718,3,4879
GA,Echols,13101,201,981,5,1187,173,917,12,1102,156,1007,19,1182,167,1256,18,1441,127,1307,4,1438
GA,Effingham,13103,4936,15230,150,20316,4941,15591,247,20779,4853,17874,731,23458,7718,23361,492,31571,9144,26943,157,36244
GA,Elbert,13105,3366,4868,83,8317,3179,4857,103,8139,2539,5292,156,7987,2879,6226,66,9171,2700,6860,29,9589
GA,Emanuel,13107,3068,5110,64,8242,2919,5086,55,8060,2435,5335,90,7860,2886,6553,66,9505,2673,6919,27,9619
GA,Evans,13109,1374,2462,19,3855,1266,2267,27,3560,1130,2404,79,3613,1324,2888,35,4247,1214,3011,19,4244
GA,Fannin,13111,2611,7807,166,10584,2027,7853,127,10007,1923,9632,257,11812,2570,12169,110,14849,2807,13232,57,16096
GA,Fayette,13113,20313,38501,507,59321,19703,38046,724,58473,23284,35048,2581,60913,33062,37956,976,71994,35822,38177,634,74633
GA,Floyd,13115,10691,23132,390,34213,9595,22636,454,32685,9159,24114,1335,34608,11917,28906,518,41341,12862,31631,245,44738
GA,Forsyth,13117,15406,59166,804,75376,14544,65853,1201,81598,23462,69851,4908,98221,42208,85123,1980,129311,45509,91281,1459,138249
GA,Franklin,13119,1914,6069,90,8073,1499,6112,146,7757,1243,7054,205,8502,1593,9069,103,10765,1647,10459,34,12140
GA,Fulton,13121,272000,130136,2805,404941,248479,133837,4529,386845,297051,117783,16557,431391,380212,137247,6320,523779,384752,144655,5831,535238
GA,Gilmer,13123,2614,8408,127,11149,1955,8920,133,11008,1965,10477,331,12773,2932,13429,164,16525,3413,14976,92,18481
GA,Glascock,13125,210,1202,16,1428,176,1135,22,1333,138,1235,17,1390,155,1402,8,1565,133,1534,3,1670
GA,Glynn,13127,12676,20479,186,33341,11922,20853,279,33054,11775,21512,976,34263,15882,25617,489,41988,16144,27558,210,43912
GA,Gordon,13129,4268,13113,226,17607,3436,13174,247,16857,3181,15191,587,18959,4384,19405,244,24033,4982,22495,129,27606
GA,Grady,13131,3539,5775,51,9365,3419,5922,50,9391,3013,6053,147,9213,3619,7034,54,10707,3290,7385,43,10718
GA,Greene,13133,3339,4532,48,7919,3195,5067,51,8313,3199,5490,163,8852,4087,7066,91,11244,4514,8215,57,12786
GA,Gwinnett,13135,129025,158746,2500,290271,131879,159563,4118,295560,166153,146989,15189,328331,241994,166400,5629,414023,242507,173041,5133,420681
GA,Habersham,13137,2900,11766,142,14808,2297,12148,155,14600,2483,13190,570,16243,3562,16637,232,20431,4036,19142,102,23280
GA,Hall,13139,14457,44962,509,59928,12489,45918,834,59241,16180,51733,2781,70694,25033,64183,1321,90537,28347,72991,635,101973
GA,Hancock,13141,3535,795,14,4344,3301,764,11,4076,2701,843,36,3580,2976,1154,23,4153,2864,1364,12,4240
GA,Haralson,13143,2248,8658,191,11097,1787,8439,136,10362,1475,9585,297,11357,1791,12330,125,14246,2065,14239,60,16364
GA,Harris,13145,4184,10648,76,14908,4141,11193,145,15479,4086,11936,480,16502,5457,14319,215,19991,5976,16283,94,22353
GA,Hart,13147,3365,6537,100,10002,2869,6516,116,9501,2585,7286,246,10117,3157,9465,106,12728,3210,11064,57,14331
GA,Heard,13149,1042,3133,50,4225,947,3155,60,4162,743,3370,110,4223,824,4519,51,5394,859,5335,16,6210
GA,Henry,13151,40567,47157,587,88311,43374,46299,796,90469,50057,45724,2985,98766,73443,48259,1296,122998,83253,44982,799,129034
GA,Houston,13153,22094,33392,445,55931,22643,34631,638,57912,22553,35430,2096,60079,32239,41540,1059,74838,35907,45090,517,81514
GA,Irwin,13155,1197,2605,26,3828,1134,2519,30,3683,891,2716,63,3670,1008,3134,26,4168,986,3340,16,4342
GA,Jackson,13157,4950,17776,234,22960,4236,19122,312,23670,4491,21784,915,27190,7642,29502,531,37675,10472,36497,274,47243
GA,Jasper,13159,1935,3916,53,5904,1839,4121,50,6010,1544,4360,141,6045,1761,5822,61,7644,1881,7203,34,9118
GA,Jeff Davis,13161,1356,3867,55,5278,1271,3994,65,5330,901,4104,91,5096,1028,4695,48,5771,924,4935,13,5872
GA,Jefferson,13163,4149,3061,24,7234,4238,2992,38,7268,3821,3063,84,6968,4058,3537,44,7639,3674,3765,24,7463
GA,Jenkins,13165,1482,1936,22,3440,1487,1884,15,3386,1123,1895,38,3056,1266,2161,28,3455,1179,2217,13,3409
GA,Johnson,13167,1198,2426,20,3644,1305,2440,27,3772,1136,2519,31,3686,1222,2850,28,4100,1066,2913,5,3984
GA,Jones,13169,4572,7782,84,12438,4272,7740,87,12099,3961,8305,285,12551,4882,9940,112,14934,4959,11079,54,16092
GA,Lamar,13171,2752,4873,63,7688,2602,4896,91,7589,2270,5190,152,7612,2620,6331,94,9045,2795,7575,42,10412
GA,Lanier,13173,1062,1787,24,2873,1108,1812,38,2958,806,1984,81,2871,1019,2509,48,3576,995,2726,15,3736
GA,Laurens,13175,7769,12052,116,19937,7508,11947,136,19591,6752,12411,367,19530,8074,14493,164,22731,7820,15460,72,23352
GA,Lee,13177,3100,9925,62,13087,3187,10310,110,13607,3170,10646,327,14143,4558,12007,149,16714,4957,12655,71,17683
GA,Liberty,13179,10474,5828,74,16376,10427,5558,147,16132,9556,6134,453,16143,13104,7959,331,21394,13459,9441,128,23028
GA,Lincoln,13181,1650,2731,35,4416,1586,2806,33,4425,1273,2759,70,4102,1432,3173,36,4641,1351,3559,21,4931
GA,Long,13183,1288,2119,43,3450,1434,2300,52,3786,1360,2626,131,4117,2035,3527,95,5657,2476,4557,23,7056
GA,Lowndes,13185,17597,21269,212,39078,17118,21176,316,38610,15064,21635,1106,37805,20116,25692,547,46355,19487,28081,227,47795
GA,Lumpkin,13187,2586,8326,163,11075,2049,8633,196,10878,2220,9619,586,12425,3126,12163,242,15531,3356,14339,113,17808
GA,Macon,13193,3251,1712,18,4981,3211,1545,25,4781,2705,1540,42,4287,2858,1783,22,4663,2755,1916,15,4686
GA,Madison,13195,2965,8226,143,11334,2486,8441,152,11079,2425,9201,372,11998,3411,11326,200,14937,3753,12951,83,16787
GA,Marion,13197,1381,1772,31,3184,1411,1731,25,3167,1213,1921,56,3190,1312,2275,38,3625,1253,2348,20,3621
GA,McDuffie,13189,3989,5400,51,9440,4041,5475,69,9585,3699,5432,137,9268,4168,6169,118,10455,3937,6562,38,10537
GA,McIntosh,13191,2905,3282,42,6229,2860,3405,68,6333,2303,3487,113,5903,2612,4016,68,6696,2628,4747,33,7408
GA,Meriwether,13199,4465,4982,57,9504,4328,4855,76,9259,3804,5222,191,9217,4287,6524,66,10877,4373,7375,40,11788
GA,Miller,13201,818,1899,21,2738,848,1904,18,2770,623,1891,30,2544,748,2066,20,2834,670,2045,9,2724
GA,Mitchell,13205,3872,4201,47,8120,4081,4153,39,8273,3493,4279,108,7880,3993,4935,34,8962,3701,5150,26,8877
GA,Monroe,13207,4106,7933,92,12131,3779,8352,128,12259,3571,8832,284,12687,4385,11057,148,15590,4689,12954,61,17704
GA,Montgomery,13209,1045,2521,24,3590,1135,2662,34,3831,847,2670,59,3576,980,2960,27,3967,927,3033,13,3973
GA,Morgan,13211,3091,5987,73,9151,2751,6178,87,9016,2663,6559,253,9475,3353,8231,122,11706,3533,9589,59,13181
GA,Murray,13213,3026,8180,176,11382,2542,8439,228,11209,1800,10341,317,12458,2301,12944,144,15389,2459,14965,44,17468
GA,Muscogee,13215,44158,29568,339,74065,42458,27469,483,70410,39851,26976,2205,69032,49446,30107,961,80514,49413,30616,462,80491
GA,Newton,13217,20827,20337,271,41435,21844,20979,393,43216,21943,20913,1131,43987,29789,23869,576,54234,33839,24893,319,59051
GA,Oconee,13219,4825,12120,187,17132,4140,12222,281,16643,5581,13425,1143,20149,8162,16595,411,25168,8620,18424,243,27287
GA,Oglethorpe,13221,2232,4144,71,6447,1913,4250,95,6258,1831,4625,218,6674,2439,5592,102,8133,2515,6255,52,8822
GA,Paulding,13223,17229,39192,564,56985,15779,40771,704,57254,18025,44662,2203,64890,29695,54517,1160,85372,35802,58769,625,95196
GA,Peach,13225,5927,5173,65,11165,6141,5280,78,11499,5100,5413,239,10752,5922,6506,125,12553,6293,7104,57,13454
GA,Pickens,13227,2595,10004,187,12786,1975,10547,151,12673,1979,11651,408,14038,2824,14110,233,17167,3522,17281,112,20915
GA,Pierce,13229,1253,5500,38,6791,1124,5666,55,6845,903,6302,106,7311,1100,7898,49,9047,1089,8655,17,9761
GA,Pike,13231,1575,6547,81,8203,1355,6660,84,8099,1240,7278,207,8725,1505,9127,88,10720,1648,10864,37,12549
GA,Polk,13233,4052,9850,211,14113,3608,9798,174,13580,2867,11014,334,14215,3657,13587,152,17396,3749,15352,70,19171
GA,Pulaski,13235,1377,2553,23,3953,1219,2444,18,3681,1104,2437,64,3605,1230,2815,36,4081,1281,3036,19,4336
GA,Putnam,13237,3102,5966,64,9132,2917,6210,78,9205,2758,6544,186,9488,3448,8291,116,11855,3696,9136,45,12877
GA,Quitman,13239,597,509,8,1114,612,510,6,1128,461,575,8,1044,497,604,5,1106,480,656,4,1140
GA,Rabun,13241,2001,5487,111,7599,1558,5753,127,7438,1444,6287,261,7992,1984,7474,110,9568,2222,8151,50,10423
GA,Randolph,13243,1833,1370,12,3215,1749,1249,17,3015,1598,1271,30,2899,1671,1390,12,3073,1601,1373,16,2990
GA,Richmond,13245,52100,26842,391,79333,52461,25821,583,78865,48814,24461,2240,75515,59119,26780,1110,87009,56657,26472,449,83578
GA,Rockdale,13247,20526,16921,259,37706,21878,15671,330,37879,23255,13478,1136,37869,31237,13014,430,44681,33165,11711,284,45160
GA,Schley,13249,479,1252,7,1738,448,1286,14,1748,401,1472,36,1909,462,1800,13,2275,453,1970,5,2428
GA,Screven,13251,3024,3423,34,6481,2769,3285,39,6093,2300,3305,110,5715,2661,3915,51,6627,2581,4325,14,6920
GA,Seminole,13253,1660,2315,21,3996,1475,2244,46,3765,1189,2345,54,3588,1256,2613,19,3888,1191,2811,5,4007
GA,Spalding,13255,10141,14885,229,25255,9884,14901,272,25057,9357,15646,701,25704,11828,18104,279,30211,13679,19184,175,33038
GA,Stephens,13257,2705,7689,123,10517,2123,7207,137,9467,1837,7686,292,9815,2386,9367,132,11885,2404,10632,63,13099
GA,Stewart,13259,1305,783,17,2105,1307,740,8,2055,1222,805,31,2058,1182,801,7,1990,1177,847,4,2028
GA,Sumter,13261,6454,5717,64,12235,6370,5372,78,11820,5520,5276,178,10974,6314,5733,101,12148,6136,5869,44,12049
GA,Talbot,13263,2369,1301,30,3700,2264,1202,24,3490,2002,1196,48,3246,2114,1392,16,3522,1888,1483,8,3379
GA,Taliaferro,13265,643,339,8,990,636,321,4,961,545,349,3,897,561,360,7,928,507,375,2,884
GA,Tattnall,13267,1932,4730,52,6714,1894,4702,62,6658,1681,5096,126,6903,2062,6054,69,8185,1967,6515,30,8512
GA,Taylor,13269,1536,2021,26,3583,1571,1948,18,3537,1296,2064,48,3408,1388,2420,34,3842,1366,2600,16,3982
GA,Telfair,13271,1862,2486,26,4374,1804,2479,51,4334,1313,2450,33,3796,1488,2825,21,4334,1274,2930,10,4214
GA,Terrell,13273,2501,1890,25,4416,2544,1834,20,4398,2267,1874,48,4189,2376,2004,36,4416,2253,2075,13,4341
GA,Thomas,13275,7720,10642,97,18459,7651,11153,139,18943,7142,11228,432,18802,8708,12969,195,21872,8347,13670,63,22080
GA,Tift,13277,4749,9431,77,14257,4640,9171,82,13893,4347,9584,288,14219,5318,10784,177,16279,5438,11496,55,16989
GA,Toombs,13279,2964,6658,66,9688,2740,6519,74,9333,2338,6615,185,9138,2938,7873,103,10914,2674,8208,30,10912
GA,Towns,13281,1391,4292,56,5739,1265,4834,60,6159,1210,5383,171,6764,1550,6384,45,7979,1649,7155,34,8838
GA,Treutlen,13283,1112,1826,16,2954,1068,1646,24,2738,862,1809,32,2703,952,2101,24,3077,864,2250,7,3121
GA,Troup,13285,10455,15391,182,26028,10545,15170,260,25975,9713,15750,648,26111,11577,18142,328,30047,11757,19392,155,31304
GA,Turner,13287,1427,2096,30,3553,1508,2027,21,3556,1246,2095,57,3398,1409,2349,33,3791,1365,2457,11,3833
GA,Twiggs,13289,2402,2087,30,4519,2269,1905,25,4199,1971,2035,53,4059,2044,2370,30,4444,1895,2549,12,4456
GA,Union,13291,2486,8013,135,10634,2137,8771,164,11072,1963,9852,248,12063,2800,12650,108,15558,3309,14477,94,17880
GA,Upson,13293,4061,7291,69,11421,3955,7229,73,11257,3475,7292,167,10934,4203,8606,96,12905,4098,9528,36,13662
GA,Walker,13295,6095,17110,337,23542,5269,16245,365,21879,4215,18950,791,23956,5770,23173,411,29354,6436,25462,188,32086
GA,Walton,13297,8469,27253,304,36026,8139,29018,413,37570,8292,31125,1281,40698,12683,37839,571,51093,15605,42407,364,58376
GA,Ware,13299,4034,8311,71,12416,3892,7933,98,11923,3440,8513,231,12184,4169,9903,117,14189,4068,10279,45,14392
GA,Warren,13301,1554,1087,19,2660,1525,990,7,2522,1314,991,29,2334,1468,1166,16,2650,1354,1232,6,2592
GA,Washington,13303,4607,4216,40,8863,4705,4033,58,8796,4200,4149,112,8461,4743,4668,66,9477,4643,4824,26,9493
GA,Wayne,13305,2858,7601,101,10560,2594,7553,111,10258,2041,8153,219,10413,2688,9987,104,12779,2708,10811,42,13561
GA,Webster,13307,515,588,8,1111,573,598,4,1175,473,630,13,1116,640,748,3,1391,544,790,2,1336
GA,Wheeler,13309,794,1408,8,2210,772,1366,22,2160,646,1421,35,2102,689,1583,13,2285,622,1648,6,2276
GA,White,13311,2174,8467,120,10761,1670,8647,154,10471,1674,9761,388,11823,2411,12222,183,14816,2609,14136,80,16825
GA,Whitfield,13313,8167,19230,280,27677,7193,19290,345,26828,7937,21537,1184,30658,10680,25644,442,36766,10953,28655,220,39828
GA,Wilcox,13315,978,2159,26,3163,1059,2050,15,3124,852,2096,28,2976,861,2402,16,3279,847,2493,7,3347
GA,Wilkes,13317,2315,2705,32,5052,2080,2628,38,4746,1848,2572,66,4486,2160,2823,47,5030,2112,2971,15,5098
GA,Wilkinson,13319,2298,2349,26,4673,2180,2245,23,4448,1894,2333,60,4287,2074,2665,31,4770,2012,2888,8,4908
GA,Worth,13321,2542,5780,48,8370,2486,5864,60,8410,2020,6152,123,8295,2395,6830,60,9285,2300,6991,18,9309
HI,Hawaii,15001,50819,14866,1231,66916,46670,14541,1442,62653,41259,17501,6107,64867,58731,26897,2186,87814,52163,28748,1912,82823
HI,Honolulu,15003,214239,88164,4410,306813,201803,87255,3867,292925,175696,90326,19768,285790,238869,136259,6986,382114,204301,130489,6131,340921
HI,Kalawao,15005,,,,,,,,,,,,,,,,,,,,
HI,Kauai,15007,20416,6245,563,27224,18638,6121,610,25369,16456,7574,2305,26335,21225,11582,690,33497,17675,11803,586,30064
HI,Maui,15009,39727,11154,908,51789,35979,11577,991,48547,33480,13446,5019,51945,47305,22126,1613,71044,38905,22621,1367,62893
IA,Adair,19001,1924,2060,69,4053,1788,2110,61,3959,1133,2461,217,3811,1198,2917,62,4177,1086,2916,62,4064
IA,Adams,19003,1118,1046,42,2206,1018,1103,37,2158,565,1395,146,2106,590,1530,40,2160,576,1517,38,2131
IA,Allamakee,19005,3971,2965,123,7059,3511,3230,83,6824,2421,4093,409,6923,2576,4735,111,7422,2350,4857,96,7303
IA,Appanoose,19007,2970,3086,120,6176,2934,3153,89,6176,1814,4033,289,6136,1891,4512,113,6516,1686,4704,76,6466
IA,Audubon,19009,1739,1634,62,3435,1608,1800,31,3439,1080,2136,196,3412,1071,2295,54,3420,970,2214,55,3239
IA,Benton,19011,7058,6447,207,13712,6850,6935,174,13959,4678,8232,934,13844,5160,9188,294,14642,4739,9549,182,14470
IA,Black Hawk,19013,39184,24662,929,64775,39338,26078,789,66205,32233,27476,4696,64405,35647,29640,1306,66593,31299,30572,782,62653
IA,Boone,19015,7356,6293,280,13929,7457,6540,240,14237,5541,7484,1171,14196,6303,8695,342,15340,5895,9199,252,15346
IA,Bremer,19017,6940,5741,190,12871,6710,6383,125,13218,5356,7208,974,13538,5958,8294,294,14546,5571,8799,186,14556
IA,Buchanan,19019,6050,4139,149,10338,5903,4443,132,10478,3970,5510,772,10252,4169,6420,185,10774,3766,6790,158,10714
IA,Buena Vista,19021,4075,4223,120,8418,3683,4548,91,8322,2856,4903,519,8278,2961,5056,150,8167,2462,4962,92,7516
IA,Butler,19023,3364,3700,102,7166,3321,4104,85,7510,2157,4921,435,7513,2424,5542,132,8098,2144,5784,99,8027
IA,Calhoun,19025,2341,2741,113,5195,2232,2890,68,5190,1398,3468,293,5159,1470,3689,99,5258,1328,3708,57,5093
IA,Carroll,19027,5302,4922,163,10387,4912,5577,92,10581,3309,6638,597,10544,3454,7737,144,11335,3153,7814,153,11120
IA,Cass,19029,3211,4006,133,7350,2856,4212,99,7167,1951,4761,413,7125,2201,4969,106,7276,2077,5007,111,7195
IA,Cedar,19031,5221,4289,155,9665,4931,4510,107,9548,3599,5295,647,9541,4337,6161,205,10703,4075,6390,159,10624
IA,Cerro Gordo,19033,14405,9375,360,24140,13204,10084,260,23548,9862,11621,1482,22965,10941,12442,418,23801,9955,12627,360,22942
IA,Cherokee,19035,2890,3372,103,6365,2623,3656,88,6367,1679,4192,387,6258,1936,4495,87,6518,1611,4398,80,6089
IA,Chickasaw,19037,3923,2557,103,6583,3552,2836,74,6462,2266,3742,427,6435,2233,4308,90,6631,1919,4234,77,6230
IA,Clarke,19039,2218,2118,107,4443,2187,2124,87,4398,1465,2713,276,4454,1466,3144,60,4670,1265,3140,54,4459
IA,Clay,19041,3925,4355,118,8398,3363,4934,103,8400,2249,5877,491,8617,2662,6137,170,8969,2367,6047,100,8514
IA,Clayton,19043,5195,3651,143,8989,4768,4146,121,9035,3237,5317,575,9129,3340,6106,148,9594,3017,6255,109,9381
IA,Clinton,19045,15018,9324,377,24719,15123,9423,327,24873,10095,11276,1696,23067,10812,13361,514,24687,9472,13964,377,23813
IA,Crawford,19047,3715,3345,131,7191,3035,3584,67,6686,1991,4617,327,6935,2220,4854,80,7154,1812,4651,62,6525
IA,Dallas,19049,15149,16954,537,32640,16466,20921,412,37799,15701,19339,3212,38252,26879,27987,1156,56022,29402,32374,857,62633
IA,Davis,19051,1680,2029,106,3815,1518,2133,87,3738,977,2723,182,3882,1013,3032,57,4102,878,3027,45,3950
IA,Decatur,19053,1986,2020,96,4102,1790,1945,77,3812,1201,2296,237,3734,1120,2615,69,3804,957,2711,59,3727
IA,Delaware,19055,4649,4113,139,8901,4605,4628,90,9323,2957,5694,590,9241,3157,6666,180,10003,2978,6984,150,10112
IA,Des Moines,19057,12462,7721,387,20570,11873,8130,261,20264,8212,9529,1362,19103,8893,10592,471,19956,7935,10794,269,18998
IA,Dickinson,19059,4625,5162,119,9906,4088,5911,119,10118,3056,6753,545,10354,3661,7438,145,11244,3297,7775,120,11192
IA,Dubuque,19061,28611,18651,691,47953,28600,21265,651,50516,22850,23460,3411,49721,25657,27214,1055,53926,23705,28224,637,52566
IA,Emmet,19063,2570,2373,72,5015,2087,2499,60,4646,1357,3124,272,4753,1520,3265,68,4853,1315,3422,49,4786
IA,Fayette,19065,5908,4205,146,10259,5709,4484,116,10309,3689,5620,666,9975,3835,6145,206,10186,3334,6325,158,9817
IA,Floyd,19067,4822,3051,218,8091,4674,3466,88,8228,3179,4375,506,8060,3172,4732,128,8032,2782,4744,99,7625
IA,Franklin,19069,2575,2501,72,5148,2256,2818,59,5133,1493,3163,312,4968,1626,3422,82,5130,1393,3431,61,4885
IA,Fremont,19071,1848,1989,57,3894,1636,1971,48,3655,963,2407,225,3595,1080,2711,66,3857,1023,2711,51,3785
IA,Greene,19073,2371,2349,84,4804,2369,2373,62,4804,1691,2820,310,4821,1769,3223,65,5057,1603,3211,60,4874
IA,Grundy,19075,2790,3945,93,6828,2615,4205,70,6890,1856,4527,489,6872,2206,4929,141,7276,2019,4998,114,7131
IA,Guthrie,19077,2625,3074,148,5847,2565,3164,114,5843,1732,3628,390,5750,1985,4272,114,6371,1974,4446,94,6514
IA,Hamilton,19079,4018,3913,147,8078,3776,3986,110,7872,2726,4463,505,7694,2843,4956,144,7943,2482,5004,87,7573
IA,Hancock,19081,2805,3016,109,5930,2506,3306,69,5881,1587,3977,307,5871,1683,4390,99,6172,1523,4336,74,5933
IA,Hardin,19083,4393,4315,151,8859,4021,4647,107,8775,2787,5254,492,8533,2976,5850,163,8989,2553,5790,91,8434
IA,Harrison,19085,3555,3909,114,7578,3131,4059,92,7282,2131,4902,432,7465,2440,5569,146,8155,2245,5566,127,7938
IA,Henry,19087,4349,4822,206,9377,4451,5025,137,9613,2904,5779,721,9404,3275,6507,200,9982,2995,6439,140,9574
IA,Howard,19089,2941,1722,65,4728,2767,1793,65,4625,1677,2611,271,4559,1772,3127,59,4958,1619,3157,61,4837
IA,Humboldt,19091,2160,2895,67,5122,1967,3099,58,5124,1252,3568,267,5087,1442,3819,66,5327,1236,3770,61,5067
IA,Ida,19093,1454,2036,57,3547,1317,2276,33,3626,792,2655,165,3612,917,2880,52,3849,826,2771,45,3642
IA,Iowa,19095,4202,4188,156,8546,4118,4551,119,8788,3084,5205,615,8904,3547,6009,186,9742,3400,6068,149,9617
IA,Jackson,19097,6102,3673,180,9955,5877,4171,118,10166,3837,5824,649,10310,4029,6940,166,11135,3567,7074,141,10782
IA,Jasper,19099,10250,8794,377,19421,10240,8868,277,19385,7109,10560,1365,19034,7737,12084,363,20184,7141,12701,307,20149
IA,Jefferson,19101,5070,3324,237,8631,4772,3429,204,8405,3710,3748,698,8156,4319,4443,197,8959,3788,4353,176,8317
IA,Johnson,19103,51027,20732,1216,72975,50090,23556,1282,74928,50200,21044,5696,76940,59177,22925,1749,83851,58846,26087,1135,86068
IA,Jones,19105,5446,4405,153,10004,5514,4712,145,10371,3787,5720,626,10133,4213,6572,204,10989,3942,6820,187,10949
IA,Keokuk,19107,2518,2712,131,5361,2298,2840,83,5221,1342,3390,253,4985,1414,3797,92,5303,1219,3869,54,5142
IA,Kossuth,19109,4625,4329,143,9097,3824,4914,95,8833,2543,5653,411,8607,2696,6275,119,9090,2284,5983,109,8376
IA,Lee,19111,9821,7062,341,17224,9428,6787,273,16488,6215,8803,1133,16151,6541,9773,420,16734,5659,10152,343,16154
IA,Linn,19113,68037,43626,1692,113355,68028,47427,1667,117122,58935,48390,9773,117098,70874,53364,3220,127458,66358,54237,1774,122369
IA,Louisa,19115,2523,2314,83,4920,2449,2416,56,4921,1648,3069,291,5008,1726,3500,106,5332,1480,3584,72,5136
IA,Lucas,19117,2029,2330,112,4471,1977,2248,48,4273,1239,2877,238,4354,1284,3287,59,4630,1169,3400,70,4639
IA,Lyon,19119,1675,4471,71,6217,1416,4965,85,6466,920,5192,265,6377,1067,5707,89,6863,1023,5899,62,6984
IA,Madison,19121,3733,4579,168,8480,3508,4492,140,8140,2678,5360,598,8636,3134,6507,183,9824,3008,6864,123,9995
IA,Mahaska,19123,4464,6271,197,10932,4207,6420,150,10777,2619,7432,581,10632,2894,8297,213,11404,2577,8207,126,10910
IA,Marion,19125,7421,9256,353,17030,7478,9810,248,17536,5482,10962,1372,17816,6178,12663,391,19232,5928,13289,273,19490
IA,Marshall,19127,10023,8278,356,18657,10085,8411,231,18727,7652,9146,1182,17980,8176,9571,389,18136,7134,9815,268,17217
IA,Mills,19129,2976,4183,123,7282,2842,4211,116,7169,2090,5067,541,7698,2508,5585,175,8268,2456,5671,96,8223
IA,Mitchell,19131,3179,2469,118,5766,2831,2643,106,5580,1888,3190,339,5417,2053,3677,92,5822,1943,3736,78,5757
IA,Monona,19133,2295,2411,90,4796,2098,2555,54,4707,1247,3120,205,4572,1407,3248,73,4728,1236,3331,49,4616
IA,Monroe,19135,1798,2000,75,3873,1729,2022,51,3802,1056,2638,171,3865,1078,2975,35,4088,1002,3104,40,4146
IA,Montgomery,19137,2326,2887,74,5287,1919,2999,82,5000,1314,3436,294,5044,1583,3659,85,5327,1508,3486,67,5061
IA,Muscatine,19139,10920,7929,270,19119,11213,8152,361,19726,8368,9584,1482,19434,9372,10823,476,20671,8212,11152,331,19695
IA,O'Brien,19141,2338,4894,101,7333,1964,5259,72,7295,1315,5752,339,7406,1569,5861,121,7551,1428,5998,75,7501
IA,Osceola,19143,1037,2027,63,3127,909,2225,45,3179,552,2531,130,3213,601,2690,37,3328,555,2623,41,3219
IA,Page,19145,2900,4351,105,7356,2588,4338,88,7014,1807,4893,344,7044,2086,5319,123,7528,2060,5153,84,7297
IA,Palo Alto,19147,2428,2294,84,4806,2124,2649,84,4857,1398,3081,224,4703,1519,3370,69,4958,1338,3576,62,4976
IA,Plymouth,19149,4629,7765,118,12512,4148,8577,184,12909,2885,9680,625,13190,3494,10492,202,14188,3104,10661,166,13931
IA,Pocahontas,19151,1800,2138,73,4011,1518,2388,86,3992,963,2702,200,3865,933,2826,64,3823,796,2727,50,3573
IA,Polk,19153,120984,89668,3734,214386,128264,96029,3270,227563,119804,93492,18259,231555,146250,106800,5705,258755,140075,112240,3248,255563
IA,Pottawattamie,19155,20436,21237,647,42320,19347,21751,581,41679,15355,24447,2878,42680,18575,26247,922,45744,17468,26335,608,44411
IA,Poweshiek,19157,5519,4340,172,10031,5307,4409,142,9858,4304,4946,583,9833,4306,5657,177,10140,4067,5758,146,9971
IA,Ringgold,19159,1236,1401,52,2689,1181,1366,31,2578,753,1824,130,2707,709,1968,37,2714,638,2015,30,2683
IA,Sac,19161,2256,2705,92,5053,2117,3086,53,5256,1270,3703,239,5212,1389,4061,85,5535,1289,4100,59,5448
IA,Scott,19163,48927,36365,1079,86371,50581,38223,1022,89826,40440,39149,6631,86220,46926,43683,1990,92599,42479,45976,1288,89743
IA,Shelby,19165,2863,3488,102,6453,2468,3903,85,6456,1662,4362,346,6370,1959,4697,139,6795,1811,4600,75,6486
IA,Sioux,19167,3030,13490,144,16664,2683,14361,137,17181,2300,14785,1109,18194,3019,15680,352,19051,2626,16053,202,18881
IA,Story,19169,26548,18995,1032,46575,25940,19557,1032,46529,25709,19458,5500,50667,29175,20340,1523,51038,26765,21665,770,49200
IA,Tama,19171,4899,3820,131,8850,4737,4076,117,8930,3196,4971,585,8752,3577,5303,168,9048,3070,5379,145,8594
IA,Taylor,19173,1347,1607,72,3026,1261,1680,37,2978,758,2111,160,3029,746,2463,40,3249,666,2381,31,3078
IA,Union,19175,3000,2781,128,5909,3029,2800,70,5899,1922,3525,385,5832,2061,4010,114,6185,1874,4044,78,5996
IA,Van Buren,19177,1546,1986,76,3608,1398,2058,84,3540,845,2527,189,3561,875,2859,57,3791,778,2785,59,3622
IA,Wapello,19179,8820,6663,448,15931,8616,6777,237,15630,5594,8715,840,15149,5821,9516,296,15633,4896,9479,196,14571
IA,Warren,19181,12299,12144,437,24880,12521,13031,323,25875,10411,14814,2075,27300,12574,17782,683,31039,12712,19486,464,32662
IA,Washington,19183,5170,5247,209,10626,5081,5540,259,10880,3943,6173,813,10929,4561,6971,233,11765,4297,7119,135,11551
IA,Wayne,19185,1357,1565,58,2980,1251,1583,52,2886,719,2069,152,2940,727,2338,44,3109,643,2426,50,3119
IA,Webster,19187,9917,8337,300,18554,9458,8453,207,18118,6305,10056,1069,17430,6613,10938,271,17822,5641,10850,215,16706
IA,Winnebago,19189,3254,2730,98,6082,2895,2897,86,5878,1931,3447,409,5787,2135,3707,128,5970,1909,3636,82,5627
IA,Winneshiek,19191,6829,4273,178,11280,6245,4618,153,11016,5254,5344,764,11362,5617,6235,212,12064,5321,6427,179,11927
IA,Woodbury,19193,21983,22219,599,44801,22026,22136,540,44702,16210,24727,2781,43718,18704,25736,922,45362,16145,25969,560,42674
IA,Worth,19195,2567,1612,78,4257,2343,1743,57,4143,1530,2453,274,4257,1596,2738,84,4418,1508,2715,55,4278
IA,Wright,19197,3102,3198,95,6395,2794,3309,71,6174,1896,3800,330,6026,1996,4136,122,6254,1770,3853,83,5706
ID,Ada,16001,82236,93328,3838,179402,77043,97471,5847,180361,75677,93752,26240,195669,120539,130699,8151,259389,116116,143759,7465,267340
ID,Adams,16003,728,1517,75,2320,577,1413,70,2060,415,1556,212,2183,591,1941,54,2586,577,2037,65,2679
ID,Bannock,16005,14792,19356,957,35105,13214,21010,1036,35260,10342,17180,5894,33416,14682,23331,1540,39553,14306,24329,1336,39971
ID,Bear Lake,16007,502,2377,64,2943,302,2489,31,2822,255,2203,470,2928,350,2914,51,3315,346,2908,71,3325
ID,Benewah,16009,1407,2646,111,4164,1164,2596,124,3884,770,3103,312,4185,977,3878,118,4973,935,4094,115,5144
ID,Bingham,16011,4424,12230,501,17155,3822,13440,341,17603,2924,10907,2794,16625,4124,15295,675,20094,3878,16188,577,20643
ID,Blaine,16013,6947,3439,185,10571,5992,3939,263,10194,6416,3340,968,10724,8919,4031,338,13288,8424,4281,382,13087
ID,Boise,16015,1240,2433,100,3773,953,2284,108,3345,777,2673,364,3814,1204,3485,131,4820,1065,3727,118,4910
ID,Bonner,16017,7840,11145,562,19547,6500,11367,669,18536,5819,13343,1781,20943,8310,18369,673,27352,7650,21352,696,29698
ID,Bonneville,16019,11417,29334,952,41703,9929,32336,1037,43302,8930,26699,8592,44221,14254,37805,1936,53995,14458,40053,1908,56419
ID,Boundary,16021,1484,3078,171,4733,1225,3138,181,4544,933,3789,441,5163,1220,4937,156,6313,1145,5794,171,7110
ID,Butte,16023,318,1056,36,1410,258,1001,27,1286,160,914,156,1230,188,1202,25,1415,185,1268,41,1494
ID,Camas,16025,187,422,9,618,159,402,17,578,110,410,70,590,149,507,98,754,153,547,28,728
ID,Canyon,16027,20147,42752,1347,64246,19866,44369,1855,66090,16883,47222,8680,72785,25881,61759,2798,90438,25669,72755,2577,101001
ID,Caribou,16029,553,2656,93,3302,385,2608,57,3050,271,2275,489,3035,431,2906,79,3416,445,2906,105,3456
ID,Cassia,16031,1332,6309,201,7842,1093,7150,144,8387,1036,5949,1193,8178,1464,7907,258,9629,1359,7959,239,9557
ID,Clark,16033,64,305,6,375,66,235,27,328,44,203,36,283,41,264,6,311,50,280,3,333
ID,Clearwater,16035,1211,2569,126,3906,1032,2541,123,3696,704,2852,245,3801,877,3453,89,4419,774,3550,94,4418
ID,Custer,16037,611,1694,47,2352,530,1744,78,2352,427,1777,210,2414,603,2089,47,2739,586,1998,66,2650
ID,Elmore,16039,2591,5665,180,8436,2513,5227,261,8001,1814,5816,892,8522,2601,7246,358,10205,2611,7791,270,10672
ID,Franklin,16041,600,4246,227,5073,325,5195,80,5600,385,3901,1213,5499,657,5845,162,6664,703,6279,202,7184
ID,Fremont,16043,1065,4700,115,5880,810,4907,85,5802,651,4090,974,5715,998,5548,173,6719,954,5645,204,6803
ID,Gem,16045,2166,5585,196,7947,1957,5311,222,7490,1229,5980,745,7954,1803,7951,204,9958,1699,8707,214,10620
ID,Gooding,16047,1489,3765,137,5391,1287,3696,135,5118,930,3743,518,5191,1256,4659,135,6050,1100,4676,142,5918
ID,Idaho,16049,2017,5895,298,8210,1722,5821,206,7749,1196,6441,596,8233,1561,7826,215,9602,1460,8148,250,9858
ID,Jefferson,16051,1641,8540,260,10441,1303,9895,183,11381,976,8436,2063,11475,1661,12099,413,14173,1891,13481,447,15819
ID,Jerome,16053,1794,4897,156,6847,1699,4804,178,6681,1329,4644,778,6751,1893,5734,185,7812,1742,6012,191,7945
ID,Kootenai,16055,22120,38387,1425,61932,18824,39347,1593,59764,16264,44449,5597,66310,24312,62837,2729,89878,22113,72059,2168,96340
ID,Latah,16057,9195,7988,531,17714,8306,7589,864,16759,8093,7265,2815,18173,10236,9472,862,20570,9039,10669,732,20440
ID,Lemhi,16059,1061,2938,106,4105,960,3029,120,4109,733,3011,352,4096,1032,3592,114,4738,1038,3716,119,4873
ID,Lewis,16061,479,1275,50,1804,396,1173,43,1612,270,1202,118,1590,349,1489,32,1870,305,1503,35,1843
ID,Lincoln,16063,545,1232,93,1870,429,1141,52,1622,360,1184,204,1748,414,1469,57,1940,392,1466,59,1917
ID,Madison,16065,1627,11131,299,13057,832,13445,135,14412,1201,8941,5546,15688,2666,13559,887,17112,2767,13925,666,17358
ID,Minidoka,16067,1630,5087,173,6890,1390,5442,141,6973,1167,4887,817,6871,1550,6265,178,7993,1373,6401,173,7947
ID,Nez Perce,16069,7123,10357,343,17823,6451,9967,430,16848,4828,10699,1674,17201,6686,13738,543,20967,5928,13707,497,20132
ID,Oneida,16071,381,1724,57,2162,217,1838,34,2089,184,1531,353,2068,249,2148,54,2451,253,2119,85,2457
ID,Owyhee,16073,944,3024,90,4058,833,2794,96,3723,591,3052,282,3925,816,3819,107,4742,756,4101,93,4950
ID,Payette,16075,2415,5988,210,8613,2271,6004,220,8495,1507,6489,708,8704,2161,8862,270,11293,2064,9458,238,11760
ID,Power,16077,1027,1754,61,2842,982,1870,51,2903,699,1666,393,2758,865,2116,105,3086,785,2146,88,3019
ID,Shoshone,16079,2521,2953,192,5666,2277,2699,172,5148,1384,3297,439,5120,1693,4216,140,6049,1472,4500,158,6130
ID,Teton,16081,2302,2263,93,4658,1926,2458,139,4523,2159,2167,650,4976,3318,2858,171,6347,3463,3005,230,6698
ID,Twin Falls,16083,8621,19032,691,28344,7541,19773,828,28142,6233,19828,3813,29874,9391,25897,1392,36680,9064,27304,1005,37373
ID,Valley,16085,2405,2772,119,5296,2095,2664,160,4919,1913,2906,530,5349,2976,3947,140,7063,2869,4214,157,7240
ID,Washington,16087,1241,3168,97,4506,1104,3128,98,4330,776,3283,396,4455,1073,4154,117,5344,1010,4429,114,5553
IL,Adams,17001,11794,18711,318,30823,9627,20371,540,30538,7676,22790,1485,31951,8633,24220,674,33527,8111,23161,472,31744
IL,Alexander,17003,2189,1692,56,3937,1961,1485,49,3495,1262,1496,88,2846,1114,1486,25,2625,904,1341,26,2271
IL,Bond,17005,3843,3947,134,7924,3016,4091,209,7316,2068,4888,574,7530,2288,5625,231,8144,2117,5692,172,7981
IL,Boone,17007,11333,10403,421,22157,9868,11084,381,21333,8986,12282,1733,23001,10542,13883,554,24979,10159,13673,384,24216
IL,Brown,17009,986,1544,39,2569,787,1511,64,2362,476,1796,107,2379,486,1931,108,2525,467,1938,50,2455
IL,Bureau,17011,8889,7911,313,17113,8118,8151,330,16599,6029,9281,1261,16571,6669,10411,354,17434,5900,9784,308,15992
IL,Calhoun,17013,1423,1221,55,2699,1079,1439,56,2574,739,1721,111,2571,677,2046,50,2773,560,2059,61,2680
IL,Carroll,17015,3965,3596,113,7674,3658,3551,161,7370,2447,4434,564,7445,2748,5105,171,8024,2600,5082,154,7836
IL,Cass,17017,2690,2617,101,5408,2050,2707,101,4858,1621,3216,287,5124,1615,3625,86,5326,1438,3712,91,5241
IL,Champaign,17019,48597,33871,1675,84143,40378,35086,2156,77620,50137,33368,8123,91628,57067,35285,3216,95568,54314,32965,1348,88627
IL,Christian,17021,6918,7872,310,15100,5487,8873,322,14682,3992,10543,924,15459,4335,11563,306,16204,4026,11278,230,15534
IL,Clark,17023,3742,4409,137,8288,2587,5138,118,7843,1877,5622,429,7928,1993,6226,136,8355,1927,6130,146,8203
IL,Clay,17025,2425,3926,103,6454,1581,4184,134,5899,1020,5021,309,6350,1129,5629,141,6899,1054,5610,102,6766
IL,Clinton,17027,7657,9357,300,17314,5577,10493,324,16394,3945,12412,1062,17419,4493,14304,417,19214,4447,14407,361,19215
IL,Coles,17029,11716,10978,382,23076,9252,11623,463,21338,7309,13003,1551,21863,8067,14037,502,22606,7495,13606,368,21469
IL,Cook,17031,1629024,487736,20706,2137466,1439123,479204,26074,1944401,1611946,453287,93382,2158615,1725973,558269,37157,2321399,1447821,583852,25127,2056800
IL,Crawford,17033,3883,5070,176,9129,2855,5577,166,8598,1992,6277,459,8728,2202,7043,196,9441,2048,6727,152,8927
IL,Cumberland,17035,2055,3156,110,5321,1640,3506,144,5290,1031,4206,330,5567,1142,4601,107,5850,1059,4627,82,5768
IL,De Witt,17039,3308,4348,145,7801,2598,4576,164,7338,1910,5077,556,7543,2191,5632,201,8024,2058,5529,149,7736
IL,DeKalb,17037,25784,18266,768,44818,21171,18906,943,41020,20466,19091,4043,43600,24643,21905,1441,47989,23648,22716,822,47186
IL,Douglas,17041,3228,5005,123,8356,2426,5331,132,7889,1949,5698,522,8169,2335,6227,198,8760,2198,6076,130,8404
IL,DuPage,17043,228698,183626,5649,417973,197411,193333,6429,397173,228622,166415,33732,428769,281222,193611,10231,485064,251164,191243,7253,449660
IL,Edgar,17045,3743,4398,114,8255,2563,5125,122,7810,1793,5645,435,7873,1887,6193,116,8196,1816,5955,135,7906
IL,Edwards,17047,1140,2137,73,3350,754,2402,69,3225,434,2778,135,3347,488,2833,47,3368,457,2794,37,3288
IL,Effingham,17049,5262,11323,250,16835,3855,12491,249,16595,3083,13635,891,17609,3716,15006,361,19083,3617,15124,321,19062
IL,Fayette,17051,3967,5499,214,9680,2848,5950,165,8963,1819,7372,394,9585,1826,8055,195,10076,1632,7847,122,9601
IL,Ford,17053,2227,4079,80,6386,1654,4225,121,6000,1414,4480,502,6396,1754,5048,165,6967,1643,4778,126,6547
IL,Franklin,17055,8880,9404,357,18641,7245,10253,393,17891,4727,13116,868,18711,4760,13622,287,18669,4257,13200,228,17685
IL,Fulton,17057,9732,6251,340,16323,8324,6622,391,15337,6133,8492,1172,15797,6503,9867,354,16724,5980,9827,330,16137
IL,Gallatin,17059,1587,1212,60,2859,1028,1492,49,2569,657,1942,108,2707,622,2019,34,2675,561,1923,45,2529
IL,Greene,17061,2619,3053,135,5807,2023,3446,145,5614,1205,4145,235,5585,1349,4770,108,6227,1220,4719,115,6054
IL,Grundy,17063,11063,10687,421,22171,9319,11198,439,20956,8065,13454,1718,23237,9626,16523,604,26753,9143,16997,399,26539
IL,Hamilton,17065,1796,2353,115,4264,1266,2566,103,3935,802,3206,158,4166,824,3432,67,4323,739,3385,57,4181
IL,Hancock,17067,4141,5161,167,9469,3246,4810,173,8229,2139,6430,552,9121,2315,6906,162,9383,2183,6708,167,9058
IL,Hardin,17069,892,1330,33,2255,742,1535,53,2330,420,1653,75,2148,449,1691,22,2162,357,1546,22,1925
IL,Henderson,17071,2215,1541,58,3814,1977,1538,48,3563,1155,2155,208,3518,1187,2394,75,3656,1026,2369,67,3462
IL,Henry,17073,13181,11263,341,24785,12316,11564,399,24279,8871,13985,1787,24643,9797,15300,603,25700,9226,15359,477,25062
IL,Iroquois,17075,4643,8695,258,13596,3408,9115,247,12770,2504,9750,810,13064,2908,10877,259,14044,2747,10376,184,13307
IL,Jackson,17077,15248,9687,597,25532,11306,9130,754,21190,11634,10843,2140,24617,11181,10890,645,22716,11394,10614,323,22331
IL,Jasper,17079,2063,2964,104,5131,1434,3511,93,5038,924,3975,237,5136,1007,4494,85,5586,912,4449,60,5421
IL,Jefferson,17081,7462,9302,377,17141,6080,9805,418,16303,4425,11695,879,16999,4608,12476,352,17436,4240,12189,210,16639
IL,Jersey,17083,5042,5329,212,10583,3656,6032,252,9940,2679,7748,564,10991,2961,8712,287,11960,2816,8684,191,11691
IL,Jo Daviess,17085,6403,5170,177,11750,5660,5529,222,11411,4462,6121,751,11334,5109,7166,220,12495,5051,7136,198,12385
IL,Johnson,17087,1871,3912,118,5901,1571,3959,136,5666,1142,4649,298,6089,1281,5059,110,6450,1241,4798,64,6103
IL,Kane,17089,106756,83963,2580,193299,91120,89502,3009,183631,103665,82734,12915,199314,130166,96775,4935,231876,120077,99260,3027,222364
IL,Kankakee,17091,24750,22527,739,48016,21574,23115,763,45452,18971,25129,3205,47305,20271,28532,1236,50039,18399,28285,831,47515
IL,Kendall,17093,24742,21380,509,46631,21219,23076,747,45042,24884,24961,3602,53447,33168,29492,1545,64205,32977,31970,1023,65970
IL,Knox,17095,14191,9419,378,23988,12993,9133,391,22517,10083,10737,1423,22243,10703,12009,493,23205,9838,11917,420,22175
IL,LaSalle,17099,27443,21872,870,50185,23023,23207,916,47146,19543,26689,3511,49743,22442,30113,1128,53683,21029,30717,686,52432
IL,Lake,17097,177242,118545,3318,299105,151552,128609,3871,284032,171095,109767,22658,303520,204032,123594,6530,334156,184642,120402,4279,309323
IL,Lawrence,17101,3016,3403,117,6536,2010,3853,121,5984,1290,4521,283,6094,1419,4886,117,6422,1283,4715,105,6103
IL,Lee,17103,7765,8258,295,16318,6932,8046,297,15275,5528,8612,1349,15489,6407,9630,403,16440,6105,9680,306,16091
IL,Livingston,17105,6189,9191,245,15625,5014,9745,260,15019,4023,10208,1038,15269,4615,12208,351,17174,4311,11970,257,16538
IL,Logan,17107,5250,7429,217,12896,3974,7835,228,12037,3313,8181,907,12401,3840,9136,318,13294,3543,8757,255,12555
IL,Macon,17115,25487,24948,781,51216,22688,25249,805,48742,18343,26866,2851,48060,19847,28589,951,49387,18009,26562,653,45224
IL,Macoupin,17117,12090,9891,392,22373,9440,10909,598,20947,6689,14322,1349,22360,7365,16153,552,24070,6892,16065,446,23403
IL,Madison,17119,68979,57177,2178,128334,58813,60481,2909,122203,50587,70490,9102,130179,57836,76031,3691,137558,56341,73925,2333,132599
IL,Marion,17121,8345,8691,328,17364,6210,9229,289,15728,4369,11859,846,17074,4524,12678,290,17492,4116,12409,231,16756
IL,Marshall,17123,3081,3145,107,6333,2452,3287,103,5842,1789,3785,410,5984,2005,4197,143,6345,1913,4119,95,6127
IL,Mason,17125,3542,3141,125,6808,2867,3265,140,6272,2014,4058,414,6486,1985,4654,127,6766,1773,4464,134,6371
IL,Massac,17127,2693,4371,122,7186,2092,4278,122,6492,1558,4846,279,6683,1725,4997,96,6818,1683,4939,54,6676
IL,McDonough,17109,6783,6055,204,13042,5957,6142,340,12439,5288,6795,1009,13092,4992,7027,266,12285,4736,6987,217,11940
IL,McHenry,17111,72288,64845,2135,139268,59691,71488,2410,133589,60803,71612,9335,141750,78154,82260,4164,164578,75370,83933,2396,161699
IL,McLean,17113,37689,36767,1294,75750,31590,39638,1528,72756,36196,37237,6402,79835,43933,40502,2954,87389,44495,40290,1383,86168
IL,Menard,17129,2706,3672,86,6464,2095,3944,103,6142,1817,4231,467,6515,2022,4764,168,6954,1834,4499,90,6423
IL,Mercer,17131,4887,3833,128,8848,4503,3874,148,8525,3071,4807,647,8525,3280,5418,216,8914,2950,5215,180,8345
IL,Monroe,17133,7953,9881,249,18083,6205,10879,323,17407,5535,12629,1190,19354,6569,14142,495,21206,6473,14055,361,20889
IL,Montgomery,17135,6491,6150,230,12871,5053,6771,296,12120,3504,8630,844,12978,3905,9544,312,13761,3573,9378,236,13187
IL,Morgan,17137,7467,7591,295,15353,5792,7962,317,14071,4696,9076,1028,14800,5076,9950,307,15333,4848,9607,194,14649
IL,Moultrie,17139,2668,3471,121,6260,2142,3781,129,6052,1481,4455,347,6283,1662,4964,118,6744,1615,4816,92,6523
IL,Ogle,17141,11253,13144,453,24850,9504,13409,429,23342,8050,14352,1791,24193,9428,16248,664,26340,8883,16450,416,25749
IL,Peoria,17143,45906,34579,1219,81704,40050,36617,1393,78060,38060,35633,4810,78503,43578,38252,2143,83973,40564,36896,1271,78731
IL,Perry,17145,4701,5086,208,9995,3813,5497,223,9533,2462,6855,536,9853,2612,7313,146,10071,2146,6949,146,9241
IL,Piatt,17147,3859,4991,149,8999,3081,5412,204,8697,2645,5634,729,9008,3329,6248,274,9851,3204,6104,188,9496
IL,Pike,17149,3024,4457,135,7616,2276,4853,146,7275,1413,5754,363,7530,1484,6332,149,7965,1302,6086,118,7506
IL,Pope,17151,845,1343,43,2231,649,1511,59,2219,375,1678,89,2142,433,1722,20,2175,416,1698,18,2132
IL,Pulaski,17153,1638,1593,39,3270,1389,1562,50,3001,962,1675,98,2735,891,1699,41,2631,769,1583,25,2377
IL,Putnam,17155,1900,1378,59,3337,1558,1500,74,3132,1147,1767,197,3111,1338,1993,59,3390,1254,2014,63,3331
IL,Randolph,17157,7395,7538,269,15202,5753,8284,343,14380,3439,10023,732,14194,3592,11076,242,14910,3461,10624,247,14332
IL,Richland,17159,3181,4329,140,7650,2360,4750,164,7274,1584,5739,361,7684,1830,6089,144,8063,1747,5889,107,7743
IL,Rock Island,17161,42210,25364,827,68401,39081,24888,911,64880,32298,26998,4698,63994,36691,28603,1523,66817,34126,28061,1080,63267
IL,Saline,17165,5083,6099,246,11428,3697,6803,213,10713,2572,8276,536,11384,2789,8103,197,11089,2634,7830,138,10602
IL,Sangamon,17167,51300,46945,1583,99828,41961,50131,1940,94032,40907,49944,7522,98373,48917,53485,2349,104751,46074,50979,1792,98845
IL,Schuyler,17169,1900,1833,90,3823,1726,2062,94,3882,1075,2524,229,3828,1068,2773,77,3918,961,2720,75,3756
IL,Scott,17171,1090,1455,55,2600,910,1586,58,2554,535,1966,107,2608,572,2114,55,2741,488,2071,28,2587
IL,Shelby,17173,4245,6396,227,10868,3336,6837,210,10383,2288,8229,493,11010,2504,9426,167,12097,2240,9267,157,11664
IL,St. Clair,17163,76160,47958,1626,125744,66749,49610,2020,118379,60756,53857,5967,120580,68325,57150,2629,128104,63433,54021,2201,119655
IL,Stark,17175,1357,1513,37,2907,1095,1527,39,2661,751,1778,214,2743,815,2004,67,2886,725,1983,53,2761
IL,Stephenson,17177,11349,9909,347,21605,7954,8742,333,17029,7768,11083,1492,20343,9055,12521,472,22048,8278,12347,340,20965
IL,Tazewell,17179,29384,33247,1223,63854,24385,35266,1252,60903,20685,38707,5008,64400,24819,42513,1719,69051,24325,42451,1190,67966
IL,Union,17181,3918,5003,195,9116,3135,4951,188,8274,2402,5790,345,8537,2579,6161,164,8904,2285,5837,102,8224
IL,Vermilion,17183,16246,16054,572,32872,10773,14888,492,26153,10039,19087,1444,30570,10323,20725,594,31642,9254,19777,478,29509
IL,Wabash,17185,2462,3254,66,5782,1588,3473,66,5127,1151,4047,266,5464,1253,4237,117,5607,1200,4095,82,5377
IL,Warren,17187,4286,3637,106,8029,3893,3460,123,7476,2987,4275,545,7807,3090,4676,158,7924,2711,4579,142,7432
IL,Washington,17189,3342,4473,117,7932,2448,4787,163,7398,1448,5571,408,7427,1641,6115,165,7921,1564,5892,105,7561
IL,Wayne,17191,2547,5390,134,8071,1514,5984,178,7676,1048,6967,246,8261,1187,7176,136,8499,1155,7019,93,8267
IL,White,17193,3315,3987,151,7453,2187,4729,143,7059,1412,5640,283,7335,1517,5791,123,7431,1390,5586,88,7064
IL,Whiteside,17195,15607,10883,416,26906,12393,8676,423,21492,11035,12615,1932,25582,12253,14527,595,27375,11012,14898,519,26429
IL,Will,17197,160406,122597,3417,286420,127522,118366,3820,249708,151927,132720,16257,300904,183915,155116,7235,346266,162874,157672,4425,324971
IL,Williamson,17199,12589,17039,513,30141,10622,17880,577,29079,8581,21570,1701,31852,10206,22801,722,33729,9890,22686,422,32998
IL,Winnebago,17201,70034,53886,2111,126031,60334,53722,2045,116101,55713,55624,7039,118376,64056,60861,2793,127710,59942,59257,1849,121048
IL,Woodford,17203,6999,12191,293,19483,5564,12947,337,18848,5092,13207,1565,19864,6160,14799,539,21498,5958,14837,318,21113
IN,Adams,18001,4928,8404,181,13513,3800,8936,262,12998,2805,9648,637,13090,3236,10686,287,14209,3179,10528,252,13959
IN,Allen,18003,71263,77793,1268,150324,59834,84378,2193,146405,55382,83930,7825,147137,73189,92083,3810,169082,69960,90283,2736,162979
IN,Bartholomew,18005,13567,17067,409,31043,10622,18083,608,29313,9841,20640,2009,32490,12934,22410,891,36235,12525,22220,719,35464
IN,Benton,18007,1563,2183,68,3814,1159,2329,89,3577,860,2579,227,3666,1009,3007,98,4114,1010,2873,71,3954
IN,Blackford,18009,2677,2690,74,5441,1927,2710,103,4740,1243,3350,246,4839,1376,3841,133,5350,1227,3811,97,5135
IN,Boone,18011,9752,16622,273,26647,8326,18807,592,27725,10181,19654,2343,32178,15244,22351,925,38520,16426,22840,796,40062
IN,Brown,18013,3854,4060,141,8055,3056,4330,204,7590,2518,5016,411,7945,3036,5777,168,8981,2832,5647,148,8627
IN,Carroll,18015,3736,4858,142,8736,2631,4993,169,7793,1892,6273,478,8643,2224,7086,185,9495,2120,6902,155,9177
IN,Cass,18017,7011,8346,296,15653,5365,8432,340,14137,3759,9701,749,14209,4304,10552,342,15198,3722,10285,200,14207
IN,Clark,18019,21953,25326,446,47725,20775,25422,865,47062,18808,30035,2304,51147,23093,33668,1108,57869,22810,34734,1026,58570
IN,Clay,18021,4954,6267,174,11395,3630,7065,227,10922,2306,8531,445,11282,2552,9499,216,12267,2495,9354,201,12050
IN,Clinton,18023,5307,6919,166,12392,3307,6338,234,9879,2819,8531,586,11936,3361,9334,254,12949,3135,9108,200,12443
IN,Crawford,18025,2286,2393,65,4744,2040,2418,128,4586,1323,3015,255,4593,1355,3483,106,4944,1235,3668,108,5011
IN,Daviess,18027,3370,7098,118,10586,2437,7638,171,10246,1800,8545,423,10768,2169,9576,209,11954,1963,9322,160,11445
IN,DeKalb,18033,7175,9780,194,17149,5419,10586,309,16314,3942,12054,906,16902,4966,14237,425,19628,5064,14377,344,19785
IN,Dearborn,18029,7123,14886,208,22217,6527,15391,434,22352,4883,18113,991,23987,5446,19528,409,25383,5335,20844,409,26588
IN,Decatur,18031,3892,6449,147,10488,2941,7119,243,10303,2121,8490,516,11127,2439,9575,273,12287,2406,9491,214,12111
IN,Delaware,18035,28384,20916,563,49863,22630,21231,1063,44924,18153,24263,2707,45123,20474,26827,890,48191,18848,26067,821,45736
IN,Dubois,18037,8748,9526,291,18565,6522,11654,366,18542,5389,13365,1230,19984,6292,15033,445,21770,5944,14983,479,21406
IN,Elkhart,18039,31398,39396,664,71458,24376,42348,1044,67768,20740,41867,3023,65630,26108,46972,1307,74387,23082,45652,960,69694
IN,Fayette,18041,4389,4917,156,9462,3553,5044,219,8816,2252,6839,439,9530,2237,7755,144,10136,2084,7625,129,9838
IN,Floyd,18043,16263,19957,307,36527,14805,19868,610,35283,13945,21432,2048,37425,17511,23400,891,41802,17025,23408,711,41144
IN,Fountain,18045,3094,4158,158,7410,2233,4660,210,7103,1476,5662,354,7492,1629,6154,203,7986,1526,6311,144,7981
IN,Franklin,18047,3404,7018,188,10610,2907,7421,221,10549,1969,8669,375,11013,2137,9691,172,12000,2061,9810,161,12032
IN,Fulton,18049,3702,5147,157,9006,2621,5315,184,8120,1960,6010,404,8374,2280,6694,173,9147,2097,6633,121,8851
IN,Gibson,18051,6455,8449,191,15095,4928,9487,303,14718,3721,11081,682,15484,4023,11817,321,16161,3722,11896,279,15897
IN,Grant,18053,11293,14734,272,26299,9589,15148,521,25258,7010,17008,1294,25312,8015,18543,601,27159,7083,17580,470,25133
IN,Greene,18055,5709,7691,229,13629,4340,8457,304,13101,2929,10277,595,13801,3389,11103,292,14784,3270,11132,231,14633
IN,Hamilton,18057,49704,78401,959,129064,43794,90740,2269,136803,57263,87404,9589,154256,88390,101587,4022,193999,90394,102318,3729,196441
IN,Hancock,18059,11874,22008,371,34253,9303,22750,705,32758,8904,25074,2203,36181,12895,28996,1020,42911,14312,29288,831,44431
IN,Harrison,18061,7288,10551,252,18091,6600,10629,417,17646,4783,12943,832,18558,5343,14565,328,20236,5233,14830,377,20440
IN,Hendricks,18063,24548,39728,679,64955,21100,44308,1182,66590,22600,48337,4622,75559,32604,53802,2099,88505,31917,49783,1416,83116
IN,Henry,18065,10059,10896,364,21319,7613,10836,547,18996,5124,13895,1136,20155,5544,15043,443,21030,5208,15033,351,20592
IN,Howard,18067,17871,20248,505,38624,15097,20284,813,36194,11215,23675,1953,36843,13303,26449,878,40630,12197,25871,710,38778
IN,Huntington,18069,5843,10291,194,16328,4596,10862,295,15753,3506,11649,888,16043,4255,13147,427,17829,4416,12990,314,17720
IN,Jackson,18071,7354,9726,294,17374,5838,10419,447,16704,3843,12859,871,17573,4302,14555,381,19238,4015,14323,315,18653
IN,Jasper,18073,5044,7669,162,12875,4672,7955,264,12891,3329,9382,667,13378,3798,11383,294,15475,3489,12082,250,15821
IN,Jay,18075,3748,4401,166,8315,3063,4643,191,7897,1889,5697,400,7986,1926,6361,174,8461,1747,6217,138,8102
IN,Jefferson,18077,6255,7053,182,13490,5728,7096,296,13120,4326,8546,672,13544,4731,9663,303,14697,4442,9614,269,14325
IN,Jennings,18079,5312,6261,266,11839,3818,6112,307,10237,2364,8224,562,11150,2523,9490,238,12251,2328,9273,208,11809
IN,Johnson,18081,21553,36487,604,58644,17080,39136,1146,57362,17318,45456,3726,66500,24736,51219,1663,77618,24880,51588,1326,77794
IN,Knox,18083,7569,8639,216,16424,5228,9612,305,15145,3772,11077,667,15516,4067,11655,289,16011,3625,11236,244,15105
IN,Kosciusko,18085,9236,20488,410,30134,6862,22553,624,30039,6313,23935,1836,32084,8364,26499,924,35787,7995,26213,647,34855
IN,LaGrange,18087,3663,5702,126,9491,2897,6227,187,9311,2080,7025,461,9566,2355,8110,168,10633,2162,8073,173,10408
IN,LaPorte,18091,28258,17918,743,208757,24104,18609,944,43657,19798,22687,2718,45203,22427,25997,968,49392,20007,26726,796,47529
IN,Lake,18089,139301,67742,1714,208757,130824,68397,2427,201648,116935,75625,8645,201205,124870,91760,3326,219956,109086,97270,3051,209407
IN,Lawrence,18093,7208,11018,308,18534,5779,11622,421,17822,4210,14035,907,19152,4961,15601,463,21025,5010,15830,369,21209
IN,Madison,18095,30152,26403,785,57340,24404,26755,1181,52340,18595,32376,2938,53909,19524,31215,1054,51793,19824,34837,1055,55716
IN,Marion,18097,241987,134313,3062,379362,215474,136131,6140,357745,212899,130360,19113,362372,247772,134175,7672,389619,221719,124327,5864,351910
IN,Marshall,18099,7889,10406,255,18550,6136,11260,355,17751,4798,12288,996,18082,5712,13844,371,19927,5356,13837,347,19540
IN,Martin,18101,1706,3122,75,4903,1351,3262,129,4742,881,3697,231,4809,1011,4029,104,5144,933,3961,93,4987
IN,Miami,18103,5564,8312,237,14113,4220,8163,375,12758,2766,9975,741,13482,3235,10925,313,14473,3046,10670,261,13977
IN,Monroe,18105,41450,21118,647,63215,22885,16254,1061,40200,34216,20592,3646,58454,39861,22071,1219,63151,37213,21004,882,59099
IN,Montgomery,18107,6013,9060,212,15285,4244,9768,337,14349,3362,11059,735,15156,4213,12659,326,17198,4134,12122,316,16572
IN,Morgan,18109,10330,18129,352,28811,7969,19591,691,28251,6040,23674,1566,31280,7781,27512,866,36159,7765,26965,610,35340
IN,Newton,18111,2625,3301,119,6045,2212,3291,149,5652,1404,4077,314,5795,1509,4942,140,6591,1370,5131,100,6601
IN,Noble,18113,7064,9673,237,16974,5229,10680,335,16244,3904,12198,788,16890,4660,14195,335,19190,4462,14209,291,18962
IN,Ohio,18115,1158,1713,47,2918,992,1757,63,2812,686,2118,117,2921,750,2392,22,3164,666,2381,44,3091
IN,Orange,18117,3390,4536,160,8086,2939,4615,199,7753,2048,5803,341,8192,2224,6432,176,8832,1988,6467,135,8590
IN,Owen,18119,3570,4415,185,8170,2823,5062,222,8107,1946,6153,458,8557,2420,7286,198,9904,2354,7360,161,9875
IN,Parke,18121,2924,3909,131,6964,2106,4228,170,6504,1441,4863,278,6582,1503,5398,110,7011,1371,5158,124,6653
IN,Perry,18123,5141,3202,147,8490,4314,3403,149,7866,3062,4556,437,8055,3203,5345,174,8722,2970,5549,147,8666
IN,Pike,18125,2700,3221,107,6028,2125,3627,172,5924,1297,4398,282,5977,1415,4692,113,6220,1314,4610,85,6009
IN,Porter,18127,39178,33857,881,73916,36950,34197,1340,72487,33676,38832,4682,77190,39746,45008,1755,86509,37213,46109,1555,84877
IN,Posey,18129,5828,6804,139,12771,4531,7427,258,12216,3521,8404,542,12467,3811,9206,219,13236,3572,9206,194,12972
IN,Pulaski,18131,2466,3388,110,5964,1899,3366,134,5399,1327,3854,278,5459,1463,4246,97,5806,1280,4372,109,5761
IN,Putnam,18133,6334,8086,226,14646,4504,9004,305,13813,3356,10637,722,14715,3946,12278,373,16597,3871,12566,294,16731
IN,Randolph,18135,4839,5788,181,10808,3768,6218,202,10188,2446,7517,495,10458,2513,8312,245,11070,2349,8008,190,10547
IN,Ripley,18137,4187,7794,207,12188,3241,7484,257,10982,2471,9806,533,12810,2774,11261,236,14271,2682,11526,176,14384
IN,Rush,18139,3229,4271,129,7629,2221,4633,172,7026,1525,5292,397,7214,1754,6035,143,7932,1675,5812,168,7655
IN,Scott,18143,4271,4445,161,8877,3998,4539,179,8716,2642,6074,385,9101,2698,7328,135,10161,2389,7633,165,10187
IN,Shelby,18145,6987,10333,254,17574,5357,10972,414,16743,4247,12718,1029,17994,5023,14568,400,19991,4955,14438,361,19754
IN,Spencer,18147,5039,5001,141,10181,4026,5515,184,9725,2861,6572,546,9979,3213,7357,199,10769,2853,7364,209,10426
IN,St. Joseph,18141,68710,48510,1169,118389,56458,52575,1611,110644,52252,52021,5787,110060,59896,53164,2178,115238,55215,53585,1619,110419
IN,Starke,18149,4778,4473,215,9466,3809,4738,205,8752,2489,6367,370,9226,2650,7466,174,10290,2436,7889,153,10478
IN,Steuben,18151,6284,7674,188,14146,4846,8542,289,13677,3744,10133,689,14566,4513,11327,322,16162,4598,11487,269,16354
IN,Sullivan,18153,4284,4343,155,8782,3191,4902,196,8289,2113,6138,308,8559,2153,6691,150,8994,2006,6639,147,8792
IN,Switzerland,18155,1638,1940,62,3640,1437,1872,88,3397,930,2558,211,3699,964,3133,57,4154,873,3319,65,4257
IN,Tippecanoe,18157,37781,29822,833,68436,26642,28708,1346,56696,27282,30768,4465,62515,35017,34581,1850,71448,32683,32783,1295,66761
IN,Tipton,18159,3250,4452,125,7827,2432,4773,159,7364,1587,5589,334,7510,1834,6110,172,8116,1893,5946,137,7976
IN,Union,18161,1224,2061,63,3348,1018,2022,59,3099,715,2445,131,3291,736,2688,59,3483,746,2698,49,3493
IN,Vanderburgh,18163,39423,37512,721,77656,31659,39504,1253,72416,28530,40496,3481,72507,34415,41844,1403,77662,31727,41056,1011,73794
IN,Vermillion,18165,4003,3010,122,7135,2979,3426,173,6578,2081,4513,345,6939,2145,5184,152,7481,1928,5174,154,7256
IN,Vigo,18167,25040,18121,545,43706,19707,19368,768,39843,15931,21937,1950,39818,18123,24545,926,43594,16338,23738,801,40877
IN,Wabash,18169,5456,8238,177,13871,3929,8528,245,12702,3018,9821,629,13468,3494,10762,317,14573,3335,10425,195,13955
IN,Warren,18171,1755,2166,77,3998,1324,2377,97,3798,839,2898,193,3930,974,3401,97,4472,898,3402,70,4370
IN,Warrick,18173,12329,16013,323,28665,8791,15350,486,24627,9086,19113,1390,29589,11923,21326,580,33829,11292,21280,510,33082
IN,Washington,18175,4562,6519,224,11305,3909,6532,284,10725,2636,8209,537,11382,2784,9114,241,12139,2764,9739,219,12722
IN,Wayne,18177,13459,14558,545,28562,10591,14321,546,25458,8322,16028,1229,25579,9524,17567,588,27679,8828,17526,443,26797
IN,Wells,18179,4403,8504,166,13073,3434,9255,233,12922,2586,10005,594,13185,2928,10855,267,14050,2850,11006,244,14100
IN,White,18181,4839,5731,197,10767,3635,5970,296,9901,2590,6893,570,10053,3032,7957,177,11166,2945,7969,248,11162
IN,Whitley,18183,5862,9124,202,15188,4420,10257,328,15005,3379,11358,886,15623,4234,12862,460,17556,4275,13122,329,17726
KS,Allen,20001,2189,3552,118,5859,1842,3261,118,5221,1433,3651,370,5454,1559,4155,128,5842,1445,4029,126,5600
KS,Anderson,20003,1175,2362,89,3626,937,2246,91,3274,672,2435,243,3350,765,2874,81,3720,732,2998,61,3791
KS,Atchison,20005,3241,3791,159,7191,2486,3836,177,6499,1989,4049,537,6575,2314,4826,172,7312,2201,4911,143,7255
KS,Barber,20007,598,1833,31,2462,473,1753,56,2282,286,1850,116,2252,284,1992,37,2313,288,1854,28,2170
KS,Barton,20009,3027,7802,194,11023,2693,9132,185,12010,1839,7888,542,10269,2302,8480,179,10961,2207,8205,158,10570
KS,Bourbon,20011,2394,4240,147,6781,1951,4022,145,6118,1336,4424,333,6093,1505,4910,135,6550,1444,5003,125,6572
KS,Brown,20013,1317,2985,74,4376,1039,2738,88,3865,863,2906,267,4036,1088,3206,102,4396,1065,3106,87,4258
KS,Butler,20015,9159,18155,559,27873,7124,17764,564,25452,6573,19073,2011,27657,9003,22250,693,31946,9150,22426,660,32236
KS,Chase,20017,383,976,25,1384,343,857,33,1233,316,969,84,1369,341,1114,23,1478,348,1090,24,1462
KS,Chautauqua,20019,401,1418,33,1852,259,1201,42,1502,197,1236,48,1481,212,1397,25,1634,211,1299,17,1527
KS,Cherokee,20021,3594,5886,185,9665,2868,5345,183,8396,2005,6182,433,8620,2163,6622,160,8945,1970,6584,163,8717
KS,Cheyenne,20023,323,1148,27,1498,231,1157,34,1422,181,1173,53,1407,220,1158,22,1400,206,1185,31,1422
KS,Clark,20025,245,897,17,1159,171,791,38,1000,120,825,60,1005,143,885,20,1048,129,867,18,1014
KS,Clay,20027,1009,2998,47,4054,811,2715,58,3584,677,2891,252,3820,883,3129,122,4134,867,3150,96,4113
KS,Cloud,20029,1233,3121,97,4451,951,2886,120,3957,761,2919,250,3930,893,3182,99,4174,767,3218,62,4047
KS,Coffey,20031,1121,3054,57,4232,884,2860,95,3839,727,3050,291,4068,928,3407,113,4448,934,3371,72,4377
KS,Comanche,20033,194,765,15,974,141,756,18,915,102,715,50,867,126,745,33,904,130,727,17,874
KS,Cowley,20035,5012,8492,283,13787,4219,7932,293,12444,3551,8270,800,12621,4171,9442,298,13911,3919,9360,226,13505
KS,Crawford,20037,7957,7735,383,16075,6545,7480,360,14385,5199,8624,1068,14891,6179,10045,494,16718,5956,10084,294,16334
KS,Decatur,20039,343,1189,16,1548,266,1219,48,1533,178,1210,64,1452,208,1232,18,1458,215,1217,20,1452
KS,Dickinson,20041,2422,6081,164,8667,1962,5709,183,7854,1609,6029,572,8210,2040,7045,161,9246,1989,7014,141,9144
KS,Doniphan,20043,1115,2372,77,3564,885,2397,87,3369,587,2606,185,3378,678,2949,47,3674,626,2899,52,3577
KS,Douglas,20045,34398,17929,1071,53398,28012,17028,1243,46283,31195,14688,4204,50087,39436,16737,1367,57540,39582,17523,936,58041
KS,Edwards,20047,333,995,29,1357,291,1048,26,1365,212,1037,70,1319,267,1127,19,1413,213,1042,14,1269
KS,Elk,20049,363,1042,29,1434,277,1040,39,1356,160,1048,51,1259,191,1130,26,1347,191,1123,24,1338
KS,Ellis,20051,4010,8207,230,12447,3464,9057,258,12779,2742,8466,739,11947,3633,9569,299,13501,3511,9743,257,13511
KS,Ellsworth,20053,851,2021,66,2938,696,1905,76,2677,521,1969,189,2679,646,2106,54,2806,636,2078,44,2758
KS,Finney,20055,3275,6926,153,10354,2307,5108,178,7593,3195,6350,614,10159,4155,7079,232,11466,3425,7166,191,10782
KS,Ford,20057,2991,5730,143,8864,2468,5459,155,8082,2149,5114,455,7718,2926,5763,161,8850,2461,5616,147,8224
KS,Franklin,20059,4433,7079,227,11739,3611,6893,302,10806,2892,7185,888,10965,3623,8326,298,12247,3676,8773,259,12708
KS,Geary,20061,3491,4492,111,8094,3158,4242,126,7526,2722,4274,508,7504,3825,5193,293,9311,3674,5288,201,9163
KS,Gove,20063,261,1136,21,1418,174,1155,39,1368,149,1140,54,1343,163,1256,14,1433,150,1227,19,1396
KS,Graham,20065,325,1060,38,1423,248,1044,27,1319,188,1025,71,1284,222,1052,28,1302,210,1055,22,1287
KS,Grant,20067,635,1995,31,2661,437,1742,36,2215,441,1804,144,2389,497,1910,45,2452,395,1793,32,2220
KS,Gray,20069,436,1643,40,2119,304,1568,29,1901,263,1698,105,2066,337,1871,32,2240,324,1837,32,2193
KS,Greeley,20071,151,591,3,745,112,539,14,665,83,534,33,650,77,537,15,629,75,510,8,593
KS,Greenwood,20073,622,1619,38,2279,653,1986,67,2706,485,2160,195,2840,562,2404,64,3030,541,2299,44,2884
KS,Hamilton,20075,233,844,19,1096,159,678,20,857,121,705,50,876,134,684,19,837,131,671,13,815
KS,Harper,20077,736,1999,61,2796,536,1723,76,2335,393,1996,189,2578,453,2128,45,2626,437,2072,46,2555
KS,Harvey,20079,6318,9006,289,15613,5162,8352,291,13805,5068,8668,1180,14916,6652,10015,367,17034,6202,9591,293,16086
KS,Haskell,20081,278,1277,15,1570,202,1131,22,1355,245,1040,69,1354,261,1103,19,1383,221,1045,12,1278
KS,Hodgeman,20083,211,865,20,1096,178,857,15,1050,124,855,38,1017,151,866,16,1033,136,817,13,966
KS,Jackson,20085,2308,3811,134,6253,1870,3476,128,5474,1512,3939,367,5818,1852,4435,181,6468,1799,4557,118,6474
KS,Jefferson,20087,3542,5220,188,8950,2883,4647,195,7725,2518,5213,606,8337,3106,6193,282,9581,3030,6694,203,9927
KS,Jewell,20089,313,1231,40,1584,225,1220,32,1477,180,1223,91,1494,211,1369,28,1608,176,1370,28,1574
KS,Johnson,20091,127091,152627,3714,283432,107651,155442,5052,268145,129852,137490,22748,290090,184259,155631,9496,349386,183451,154247,6082,343780
KS,Kearny,20093,309,1159,14,1482,261,1060,20,1341,174,1075,67,1316,255,1134,24,1413,192,1082,27,1301
KS,Kingman,20095,963,2603,98,3664,731,2371,97,3199,599,2530,205,3334,745,3102,82,3929,753,3119,75,3947
KS,Kiowa,20097,200,912,23,1135,160,970,3,1133,114,900,65,1079,153,957,29,1139,151,941,15,1107
KS,Labette,20099,3839,5001,191,9031,3074,4668,165,7907,2291,5335,481,8107,2607,5639,168,8414,2385,5410,126,7921
KS,Lane,20101,193,814,20,1027,170,732,15,917,106,718,47,871,114,757,17,888,111,709,23,843
KS,Leavenworth,20103,13255,16791,541,30587,11072,16825,635,28532,10209,17638,2454,30301,13753,21378,984,36115,13732,22055,760,36547
KS,Lincoln,20105,347,1204,35,1586,284,1148,27,1459,215,1179,70,1464,266,1273,31,1570,250,1233,24,1507
KS,Linn,20107,1425,3086,106,4617,1108,3079,107,4294,736,3484,207,4427,863,3940,100,4903,854,4093,69,5016
KS,Logan,20109,225,1187,28,1440,194,1084,24,1302,149,1132,76,1357,185,1231,21,1437,183,1186,31,1400
KS,Lyon,20111,5924,6698,289,12911,4972,6358,284,11614,4649,6552,1087,12288,5878,7381,363,13622,5515,7462,279,13256
KS,Marion,20115,1801,4159,99,6059,1371,3865,132,5368,1204,4003,417,5624,1463,4377,129,5969,1429,4312,129,5870
KS,Marshall,20117,1784,3157,95,5036,1451,3123,105,4679,1072,3307,294,4673,1239,3662,122,5023,1205,3644,119,4968
KS,McPherson,20113,4218,8937,230,13385,3384,8399,277,12060,3226,8549,967,12742,3977,9562,329,13868,4021,9816,267,14104
KS,Meade,20119,357,1540,34,1931,254,1394,0,1648,210,1415,95,1720,261,1508,38,1807,247,1427,21,1695
KS,Miami,20121,5742,9382,253,15377,4635,9726,281,14642,3991,10003,1028,15022,5133,12116,375,17624,5472,12854,359,18685
KS,Mitchell,20123,701,2440,62,3203,576,2293,54,2923,477,2308,157,2942,547,2454,38,3039,528,2608,36,3172
KS,Montgomery,20125,4338,9309,260,13907,3406,8417,270,12093,2637,8679,688,12004,3147,9768,262,13177,2934,9287,220,12441
KS,Morris,20127,907,1875,59,2841,705,1750,71,2526,601,1820,203,2624,721,2085,43,2849,721,2021,50,2792
KS,Morton,20129,229,1153,20,1402,180,1050,17,1247,147,995,50,1192,147,1004,12,1163,131,909,20,1060
KS,Nemaha,20131,1432,3817,110,5359,988,3878,93,4959,725,4124,273,5122,920,4612,93,5625,888,4655,77,5620
KS,Neosho,20133,2563,4473,156,7192,2012,4193,154,6359,1501,4431,382,6314,1727,4795,107,6629,1696,4961,127,6784
KS,Ness,20135,289,1207,29,1525,211,1190,16,1417,162,1228,64,1454,147,1315,25,1487,129,1205,29,1363
KS,Norton,20137,497,1878,40,2415,393,1855,48,2296,281,1840,113,2234,361,1977,52,2390,346,1882,42,2270
KS,Osage,20139,2534,4820,190,7544,2228,4336,207,6771,1753,4826,467,7046,2099,5591,203,7893,1946,5736,210,7892
KS,Osborne,20141,403,1490,37,1930,320,1448,34,1802,233,1460,95,1788,275,1590,34,1899,261,1477,36,1774
KS,Ottawa,20143,704,2323,59,3086,548,2260,80,2888,424,2283,196,2903,504,2581,74,3159,476,2475,52,3003
KS,Pawnee,20145,882,1946,39,2867,704,1808,53,2565,579,1904,178,2661,635,2028,49,2712,625,2003,47,2675
KS,Phillips,20147,525,2105,37,2667,376,2116,45,2537,300,2233,131,2664,318,2388,46,2752,331,2356,60,2747
KS,Pottawatomie,20149,2599,6929,309,9837,2291,6692,320,9303,2225,7612,856,10693,3257,9247,311,12815,3394,9811,267,13472
KS,Pratt,20151,1294,2822,74,4190,974,2730,48,3752,771,2838,233,3842,924,3087,96,4107,954,3054,74,4082
KS,Rawlins,20153,273,1247,29,1549,184,1207,29,1420,163,1220,89,1472,214,1253,29,1496,176,1194,33,1403
KS,Reno,20155,9916,16112,484,26512,7888,15398,583,23869,6837,15513,1860,24210,8602,17948,695,27245,8554,17847,539,26940
KS,Republic,20157,640,1978,53,2671,470,2098,72,2640,375,2024,130,2529,420,2172,51,2643,396,2001,46,2443
KS,Rice,20159,1163,2780,78,4021,899,2631,92,3622,695,2837,272,3804,953,3187,90,4230,825,3073,68,3966
KS,Riley,20161,10495,12111,391,22997,8587,11157,522,20266,9341,10107,2084,21532,11940,11174,741,23855,12063,11630,620,24313
KS,Rooks,20163,468,2068,52,2588,398,2159,68,2625,275,2031,113,2419,332,2294,35,2661,349,2153,32,2534
KS,Rush,20165,504,1225,52,1781,361,1151,37,1549,233,1197,73,1503,291,1425,32,1748,264,1315,27,1606
KS,Russell,20167,736,2509,48,3293,584,2505,51,3140,461,2574,158,3193,591,2765,73,3429,608,2632,61,3301
KS,Saline,20169,8186,14165,437,22788,6910,13697,495,21102,6317,13828,1919,22064,8022,15313,576,23911,7734,15069,423,23226
KS,Scott,20171,321,1823,35,2179,271,1702,46,2019,236,1865,101,2202,290,1991,41,2322,248,1843,44,2135
KS,Sedgwick,20173,82337,106849,3530,192716,69373,104411,4068,177852,69627,104353,14803,188783,90820,117653,5079,213552,90506,120118,3528,214152
KS,Seward,20175,1493,3791,52,5336,1393,3495,67,4955,1628,3159,251,5038,1736,3285,78,5099,1354,3133,78,4565
KS,Shawnee,20177,41235,41476,1466,84177,35959,37226,1659,74844,33926,35934,5546,75406,43015,40443,2664,86122,40308,39901,1610,81819
KS,Sheridan,20179,254,1108,14,1376,165,1136,19,1320,127,1197,50,1374,144,1237,16,1397,126,1229,18,1373
KS,Sherman,20181,688,1959,57,2704,575,1967,64,2606,347,2089,176,2612,386,2222,65,2673,379,2161,53,2593
KS,Smith,20183,446,1719,39,2204,345,1598,40,1983,297,1661,84,2042,328,1734,30,2092,300,1675,31,2006
KS,Stafford,20185,542,1495,37,2074,403,1382,48,1833,304,1490,102,1896,355,1631,31,2017,326,1548,35,1909
KS,Stanton,20187,188,628,11,827,135,571,7,713,115,492,30,637,147,607,13,767,115,537,12,664
KS,Stevens,20189,283,1815,29,2127,241,1724,33,1998,220,1599,72,1891,233,1731,33,1997,210,1595,30,1835
KS,Sumner,20191,3353,6737,247,10337,2617,6162,210,8989,2076,6984,662,9722,2551,7998,230,10779,2527,7810,212,10549
KS,Thomas,20193,787,2837,49,3673,576,2729,83,3388,473,2908,195,3576,622,3106,66,3794,597,3007,60,3664
KS,Trego,20195,420,1225,26,1671,289,1230,25,1544,198,1227,57,1482,238,1341,24,1603,216,1343,28,1587
KS,Wabaunsee,20197,1036,2395,90,3521,908,2230,91,3229,776,2372,232,3380,956,2813,92,3861,944,2816,76,3836
KS,Wallace,20199,96,690,18,804,68,702,11,781,46,721,31,798,44,762,11,817,52,686,10,748
KS,Washington,20201,659,2248,73,2980,515,2300,48,2863,387,2194,184,2765,467,2332,44,2843,396,2263,41,2700
KS,Wichita,20203,163,840,16,1019,157,821,9,987,140,769,47,956,147,803,11,961,107,740,13,860
KS,Wilson,20205,1170,2850,101,4121,813,2812,74,3699,594,2788,209,3591,711,3111,77,3899,647,2894,62,3603
KS,Woodson,20207,512,1055,32,1599,377,1030,28,1435,273,1082,88,1443,283,1189,23,1495,282,1205,19,1506
KS,Wyandotte,20209,39865,16506,798,57169,33265,15273,884,49422,30146,15806,2829,48781,35566,18512,1029,55107,30938,18867,797,50602
KY,Adair,21001,1668,5512,118,7298,1660,5841,99,7600,1323,6637,273,8233,1392,7276,100,8768,1257,7643,71,8971
KY,Allen,21003,2024,5258,108,7390,1808,5184,107,7099,1349,6466,281,8096,1642,7587,135,9364,1505,7824,89,9418
KY,Anderson,21005,3462,6885,205,10552,3315,6822,181,10318,2634,8242,546,11422,3348,9661,245,13254,3226,9650,214,13090
KY,Ballard,21007,1427,2537,96,4060,1189,2647,59,3895,816,3161,124,4101,825,3356,44,4225,697,3331,60,4088
KY,Barren,21009,5434,11133,240,16807,5400,10922,243,16565,4275,13483,730,18488,5127,14654,283,20064,4565,15019,215,19799
KY,Bath,21011,2210,2234,99,4543,1770,2275,77,4122,1361,3082,144,4587,1573,3986,68,5627,1278,4041,70,5389
KY,Bell,21013,2782,6681,135,9598,2224,7127,131,9482,1720,7764,234,9718,1789,8140,115,10044,1419,7831,87,9337
KY,Boone,21015,16292,33812,670,50774,15628,35920,947,52495,15026,39082,3510,57618,20901,44814,1283,66998,20601,45650,1131,67382
KY,Bourbon,21017,3385,4820,125,8330,3075,4692,142,7909,2791,5569,443,8803,3296,6190,162,9648,3088,6284,163,9535
KY,Boyd,21019,8886,11430,354,20670,7776,10883,381,19040,6021,13591,842,20454,7083,14295,373,21751,6291,14363,297,20951
KY,Boyle,21021,4769,7701,165,12635,4471,7703,194,12368,4281,8040,625,12946,5298,8872,308,14478,4990,9159,222,14371
KY,Bracken,21023,1241,2066,92,3399,1147,2029,54,3230,705,2711,111,3527,800,3398,48,4246,702,3399,45,4146
KY,Breathitt,21025,2205,2671,154,5030,1562,3318,128,5008,1537,3991,210,5738,1301,4265,95,5661,1002,4036,75,5113
KY,Breckinridge,21027,3110,5281,131,8522,2825,5025,117,7967,1960,6484,330,8774,2350,7701,150,10201,2038,7882,126,10046
KY,Bullitt,21029,10177,20102,447,30726,9971,21306,498,31775,8255,26210,1604,36069,10552,30708,738,41998,10280,32299,608,43187
KY,Butler,21031,1555,3696,56,5307,1293,3716,49,5058,947,4428,201,5576,1079,4960,86,6125,965,4905,72,5942
KY,Caldwell,21033,2212,3866,121,6199,1852,3904,104,5860,1260,4507,208,5975,1433,4906,95,6434,1256,4860,72,6188
KY,Calloway,21035,6165,8991,248,15404,5314,9438,312,15064,4749,10367,933,16049,5797,11352,308,17457,5111,11539,286,16936
KY,Campbell,21037,15622,24046,629,40297,15080,24240,853,40173,14658,25050,2802,42510,19374,28482,1022,48878,18952,28450,900,48302
KY,Carlisle,21039,879,1699,39,2617,750,1835,34,2619,432,2094,75,2601,463,2159,16,2638,408,2182,20,2610
KY,Carroll,21041,1716,2032,87,3835,1629,1999,52,3680,1106,2588,161,3855,1116,2954,66,4136,963,3014,48,4025
KY,Carter,21043,4316,5252,245,9813,3383,5279,244,8906,2276,7587,415,10278,2642,8775,169,11586,2305,8981,134,11420
KY,Casey,21045,1219,4679,59,5957,1086,4904,101,6091,767,5482,190,6439,918,6179,74,7171,804,6216,60,7080
KY,Christian,21047,8880,13699,199,22778,8252,13475,226,21953,7188,14108,787,22083,8296,15080,487,23863,7055,14332,284,21671
KY,Clark,21049,5749,9664,215,15628,5228,9931,251,15410,4706,10710,789,16205,6004,11811,324,18139,5639,11950,279,17868
KY,Clay,21051,1552,5710,102,7364,1111,6176,96,7383,752,5861,154,6767,831,6677,83,7591,692,6729,96,7517
KY,Clinton,21053,761,3366,45,4172,752,3569,72,4393,547,3809,106,4462,603,4280,49,4932,549,4276,55,4880
KY,Crittenden,21055,1254,2604,72,3930,960,2839,55,3854,617,3290,130,4037,731,3451,60,4242,608,3349,51,4008
KY,Cumberland,21057,697,2056,44,2797,599,2216,38,2853,459,2502,105,3066,508,2769,32,3309,483,2922,34,3439
KY,Daviess,21059,19282,23692,648,43622,16208,25092,779,42079,14163,28907,2737,45807,17286,31025,976,49287,15673,30705,689,47067
KY,Edmonson,21061,1652,3562,56,5270,1374,3232,58,4664,979,4135,130,5244,1227,4828,77,6132,1118,5048,81,6247
KY,Elliott,21063,1535,902,78,2515,1186,1126,87,2399,740,2000,115,2855,712,2246,37,2995,532,2335,44,2911
KY,Estill,21065,1555,3685,74,5314,1356,3749,79,5184,1108,4236,201,5545,1355,5100,85,6540,1114,5091,84,6289
KY,Fayette,21067,66042,59884,1713,127639,62078,60793,2950,125821,69778,56894,9643,136315,90600,58860,3452,152912,83387,57347,3028,143762
KY,Fleming,21069,2279,3432,121,5832,1911,3780,91,5782,1348,4722,190,6260,1474,5534,60,7068,1334,5578,88,7000
KY,Floyd,21071,7530,7741,388,15659,4733,9784,373,14890,4015,11993,532,16540,3884,12250,219,16353,3061,12326,263,15650
KY,Franklin,21073,11767,11911,401,24079,11535,11345,457,23337,10717,11819,1329,23865,12652,12900,520,26072,11996,13246,507,25749
KY,Fulton,21075,1238,1530,57,2825,1022,1425,34,2481,774,1549,59,2382,794,1606,26,2426,636,1491,18,2145
KY,Gallatin,21077,1278,1840,75,3193,1238,1758,64,3060,749,2443,146,3338,822,2955,72,3849,761,3109,47,3917
KY,Garrard,21079,2012,5118,80,7210,1661,5310,106,7077,1453,5904,266,7623,1830,6754,122,8706,1719,7086,112,8917
KY,Grant,21081,3112,5510,132,8754,2810,5664,132,8606,1910,7268,381,9559,2205,8725,178,11108,1944,9372,150,11466
KY,Graves,21083,5843,10056,256,16155,4547,10699,247,15493,3308,12671,627,16606,3560,13206,253,17019,3105,13378,195,16678
KY,Grayson,21085,3154,6605,144,9903,2744,6404,121,9269,1959,8219,398,10576,2400,9453,132,11985,2235,9710,150,12095
KY,Green,21087,1204,3785,90,5079,1165,3634,57,4856,832,4372,129,5333,920,4838,54,5812,782,5033,42,5857
KY,Greenup,21089,6621,8849,328,15798,6027,8855,277,15159,4146,11546,585,16277,4873,13064,239,18176,4181,12961,230,17372
KY,Hancock,21091,2135,1928,81,4144,1833,2212,88,4133,1244,2788,263,4295,1351,3145,91,4587,1173,3375,85,4633
KY,Hardin,21093,15650,23896,444,39990,15214,23357,641,39212,13944,26971,2241,43156,18101,29832,1008,48941,16572,30672,816,48060
KY,Harlan,21095,2586,7165,163,9914,1830,8653,175,10658,1372,9129,256,10757,1494,9367,110,10971,1199,9109,76,10384
KY,Harrison,21097,2916,4520,154,7590,2471,4556,136,7163,2031,5435,315,7781,2400,6334,125,8859,2265,6639,114,9018
KY,Hart,21099,2290,4397,131,6818,2283,4256,82,6621,1730,5320,214,7264,1908,6345,117,8370,1642,6691,76,8409
KY,Henderson,21101,10049,9523,289,19861,8091,10296,227,18614,6707,12159,844,19710,7639,12730,328,20697,6837,12592,255,19684
KY,Henry,21103,2725,4081,113,6919,2529,3940,115,6584,1828,4944,377,7149,2142,5843,125,8110,1857,6093,124,8074
KY,Hickman,21105,812,1406,32,2250,686,1431,22,2139,449,1657,51,2157,458,1714,27,2199,394,1656,19,2069
KY,Hopkins,21107,7104,11916,328,19348,5789,13681,295,19765,4310,15277,758,20345,5439,15757,316,21512,4916,15361,255,20532
KY,Jackson,21109,743,4407,74,5224,612,4365,84,5061,482,4889,130,5501,605,5453,55,6113,506,5358,70,5934
KY,Jefferson,21111,196435,153957,3500,353892,186164,148415,4921,339500,190836,143768,18495,353099,228358,150646,7625,386629,203070,144553,5986,353609
KY,Jessamine,21113,6236,13711,267,20214,6001,14232,387,20620,6144,15474,1708,23326,8567,17096,617,26280,8303,17854,487,26644
KY,Johnson,21115,2407,5948,162,8517,1723,7095,217,9035,1250,8043,279,9572,1608,8450,134,10192,1350,8150,122,9622
KY,Kenton,21117,26480,40714,1019,68213,24917,41387,1375,67679,24214,42958,4826,71998,32271,48129,1798,82198,30859,48444,1572,80875
KY,Knott,21119,2612,3070,138,5820,1420,4130,143,5693,1245,4357,161,5763,1412,4780,60,6252,1181,4732,90,6003
KY,Knox,21121,3074,8150,165,11389,2484,8467,149,11100,1761,9885,366,12012,2114,11012,147,13273,1821,11178,157,13156
KY,Larue,21123,1913,4153,112,6178,1733,3911,120,5764,1278,4799,290,6367,1504,5685,112,7301,1389,5773,96,7258
KY,Laurel,21125,4618,17660,222,22500,3905,18151,352,22408,3440,20592,801,24833,4475,23237,399,28111,4037,23516,331,27884
KY,Lawrence,21127,2036,3503,110,5649,1520,3995,77,5592,1045,4816,181,6042,1238,5633,84,6955,1044,5464,64,6572
KY,Lee,21129,752,1978,43,2773,595,1977,51,2623,444,2151,72,2667,481,2273,47,2801,406,2227,57,2690
KY,Leslie,21131,766,3574,57,4397,433,4439,78,4950,400,4015,77,4492,446,4321,46,4813,382,3908,67,4357
KY,Letcher,21133,2623,5367,245,8235,1702,6811,245,8758,1542,7293,299,9134,1799,7226,110,9135,1457,6848,125,8430
KY,Lewis,21135,1510,3213,68,4791,1342,3326,101,4769,785,4363,150,5298,823,4986,74,5883,666,4997,58,5721
KY,Lincoln,21137,2752,6273,126,9151,2582,6416,154,9152,1865,7338,358,9561,2254,8489,171,10914,2080,8833,121,11034
KY,Livingston,21139,1622,2890,81,4593,1346,3089,76,4511,887,3570,188,4645,939,4010,55,5004,886,4021,65,4972
KY,Logan,21141,3811,6925,154,10890,3469,6899,141,10509,2755,7778,366,10899,3094,9067,189,12350,2734,9620,152,12506
KY,Lyon,21143,1577,2220,58,3855,1373,2412,53,3838,1045,2789,128,3962,1092,3100,36,4228,950,3187,50,4187
KY,Madison,21151,12392,19694,451,32537,11512,21128,677,33317,11793,23431,2147,37371,15581,27356,1020,43957,15180,29130,854,45164
KY,Magoffin,21153,2105,2434,112,4651,1433,3391,81,4905,1172,3824,120,5116,1214,4174,59,5447,909,4288,77,5274
KY,Marion,21155,3596,3842,177,7615,3418,3800,98,7316,2679,5122,310,8111,2722,6113,93,8928,2513,6473,114,9100
KY,Marshall,21157,5683,9512,292,15487,5022,10402,290,15714,3672,12322,704,16698,4071,13297,235,17603,3700,13677,222,17599
KY,Martin,21159,808,2824,60,3692,574,3180,70,3824,363,3503,87,3953,403,3496,37,3936,287,3343,25,3655
KY,Mason,21161,2891,4102,128,7121,2592,4197,90,6879,1970,4944,305,7219,2362,5477,119,7958,2170,5621,107,7898
KY,McCracken,21145,11285,19043,426,30754,10062,19979,499,30540,9134,20774,1399,31307,11195,21820,534,33549,10191,21349,397,31937
KY,McCreary,21147,1258,4078,71,5407,1069,4564,71,5704,664,5012,100,5776,725,5664,49,6438,641,5531,39,6211
KY,McLean,21149,1963,2386,73,4422,1432,2705,63,4200,988,3381,197,4566,1074,3633,75,4782,989,3578,66,4633
KY,Meade,21163,4343,6691,172,11206,4122,6606,187,10915,3026,8660,545,12231,3632,10185,296,14113,3279,10630,210,14119
KY,Menifee,21165,1276,1155,58,2489,1048,1484,66,2598,700,2010,69,2779,750,2311,41,3102,664,2563,65,3292
KY,Mercer,21167,3159,6781,120,10060,2966,6820,150,9936,2395,7740,450,10585,3033,8506,196,11735,2838,8826,177,11841
KY,Metcalfe,21169,1350,2734,115,4199,1425,2676,83,4184,976,3491,153,4620,975,3959,78,5012,884,4197,43,5124
KY,Monroe,21171,1067,3537,61,4665,936,3762,48,4746,601,4278,112,4991,657,4628,45,5330,576,4679,53,5308
KY,Montgomery,21173,4234,5947,150,10331,3701,6398,149,10248,3158,7856,438,11452,3630,8993,219,12842,3329,9302,188,12819
KY,Morgan,21175,1879,2396,104,4379,1369,3021,82,4472,1006,3628,141,4775,1175,4301,68,5544,939,4353,81,5373
KY,Muhlenberg,21177,6221,6447,221,12889,4771,7762,204,12737,3272,9393,395,13060,3545,10497,193,14235,3048,10491,152,13691
KY,Nelson,21179,7654,10139,353,18146,7611,10673,248,18532,6434,13431,937,20802,7188,15703,365,23256,6515,16052,271,22838
KY,Nicholas,21181,1272,1634,64,2970,948,1583,49,2580,787,1957,97,2841,955,2408,33,3396,824,2451,44,3319
KY,Ohio,21183,4059,5687,192,9938,2987,6470,189,9646,2080,7942,376,10398,2404,8582,143,11129,2094,8679,162,10935
KY,Oldham,21185,10000,18997,319,29316,9240,20179,454,29873,10268,20469,2116,32853,14505,22654,817,37976,14402,23025,760,38187
KY,Owen,21187,1694,2969,88,4751,1501,2971,83,4555,1062,3745,194,5001,1098,4292,68,5458,988,4434,72,5494
KY,Owsley,21189,381,1279,26,1686,283,1279,18,1580,256,1474,29,1759,216,1671,9,1896,203,1625,11,1839
KY,Pendleton,21191,2027,3676,99,5802,1859,3556,119,5534,1164,4604,239,6007,1322,5515,88,6925,1210,5593,97,6900
KY,Perry,21193,3444,6762,169,10375,2047,8040,153,10240,2136,8158,278,10572,2356,8129,141,10626,1966,7913,113,9992
KY,Pike,21195,9525,12655,463,22643,5645,17589,398,23632,4280,19747,638,24665,4866,20284,245,25395,4025,19684,237,23946
KY,Powell,21197,2065,2837,70,4972,1620,2726,95,4441,1272,3513,172,4957,1367,4041,97,5505,1174,4092,94,5360
KY,Pulaski,21199,5590,19862,314,25766,4976,20714,313,26003,4208,22902,931,28041,5666,25442,449,31557,5351,26051,323,31725
KY,Robertson,21201,451,533,31,1015,340,579,16,935,222,759,32,1013,253,884,9,1146,215,915,14,1144
KY,Rockcastle,21203,1410,4757,107,6274,1097,5028,91,6216,915,5609,167,6691,1134,6577,73,7784,986,6635,103,7724
KY,Rowan,21205,4074,3907,173,8154,3438,4035,168,7641,3295,5174,379,8848,3880,5994,191,10065,3484,6224,164,9872
KY,Russell,21207,1569,5779,127,7475,1445,6346,116,7907,1093,6863,218,8174,1331,7519,105,8955,1200,7622,71,8893
KY,Scott,21209,7712,11782,236,19730,7532,12679,354,20565,7715,15052,1433,24200,10567,17767,635,28969,10501,18747,513,29761
KY,Shelby,21211,6871,11451,218,18540,6634,11790,235,18659,6276,13196,1108,20580,8077,15055,418,23550,7822,16356,429,24607
KY,Simpson,21213,2775,4437,97,7309,2650,4355,84,7089,2144,5077,310,7531,2681,5888,163,8732,2403,6253,120,8776
KY,Spencer,21215,2519,5378,152,8049,2549,5726,156,8431,1921,7196,398,9515,2530,8737,166,11433,2415,8927,137,11479
KY,Taylor,21217,3165,7568,127,10860,3284,7551,111,10946,2553,8320,433,11306,2963,9376,178,12517,2576,9523,157,12256
KY,Todd,21219,1543,3336,62,4941,1403,3247,68,4718,1042,3612,125,4779,1205,4062,96,5363,1051,4009,52,5112
KY,Trigg,21221,2246,4189,92,6527,2115,4520,105,6740,1587,4931,233,6751,1791,5487,98,7376,1667,5436,93,7196
KY,Trimble,21223,1484,2239,89,3812,1355,2133,52,3540,879,2771,148,3798,1012,3227,81,4320,923,3283,43,4249
KY,Union,21225,2804,3120,110,6034,1941,3952,82,5975,1331,4701,179,6211,1529,4965,83,6577,1225,4758,75,6058
KY,Warren,21227,17669,25993,483,44145,16805,26384,700,43889,16966,28673,2815,48454,22479,31791,1131,55401,21065,34862,933,56860
KY,Washington,21229,1890,3305,80,5275,1669,3495,54,5218,1420,4013,203,5636,1644,4482,99,6225,1533,4720,85,6338
KY,Wayne,21231,2201,4868,127,7196,1855,5289,66,7210,1431,6371,190,7992,1700,7430,110,9240,1444,7203,86,8733
KY,Webster,21233,2390,3037,113,5540,1765,3607,98,5470,1240,4397,168,5805,1412,4506,75,5993,1153,4339,64,5556
KY,Whitley,21235,3484,10015,205,13704,2683,10232,153,13068,2067,11312,395,13774,2552,12567,237,15356,2237,12687,151,15075
KY,Wolfe,21237,1493,1408,67,2968,976,1542,41,2559,753,1804,78,2635,839,2097,43,2979,689,2163,63,2915
KY,Woodford,21239,5027,7130,140,12297,4883,7218,230,12331,4958,7697,908,13563,6530,8362,319,15211,6282,8419,283,14984
LA,Acadia,22001,7028,19229,454,26711,6559,19931,344,26834,5638,21162,589,27389,5443,22596,386,28425,4695,21783,242,26720
LA,Allen,22003,2891,6333,243,9467,2616,6495,195,9306,2106,6867,272,9245,2108,7574,128,9810,1661,7003,87,8751
LA,Ascension,22005,14625,31239,707,46571,16343,33846,867,51056,16476,36143,2059,54678,20399,40687,1239,62325,20113,41319,1041,62473
LA,Assumption,22007,4756,5981,223,10960,4754,6082,155,10991,3931,6714,259,10904,3833,7271,131,11235,3273,6963,131,10367
LA,Avoyelles,22009,6327,10236,375,16938,6075,10667,285,17027,5035,11165,386,16586,4979,12028,285,17292,4460,11379,198,16037
LA,Beauregard,22011,3071,10718,285,14074,2827,11111,285,14223,2393,12238,447,15078,2542,13575,240,16357,2192,13504,178,15874
LA,Bienville,22013,3589,3776,65,7430,3490,3641,72,7203,3129,3756,120,7005,3067,3891,92,7050,2531,3660,65,6256
LA,Bossier,22015,12703,32713,419,45835,12955,34986,618,48559,12641,35474,1733,49848,15662,38074,919,54655,14467,37105,660,52232
LA,Caddo,22017,55536,52228,896,108660,57879,52378,1259,111516,53483,49006,3315,105804,55110,48021,1781,104912,48864,44471,1364,94699
LA,Calcasieu,22019,30244,50449,1438,82131,28357,51844,1517,81718,26296,54191,3298,83785,25982,55066,1615,82663,23918,56064,1219,81201
LA,Caldwell,22021,1118,3696,79,4893,1016,3640,60,4716,788,3822,82,4692,745,3976,41,4762,580,3724,30,4334
LA,Cameron,22023,613,3089,91,3793,408,3260,76,3744,323,3256,113,3692,324,3671,44,4039,219,3120,23,3362
LA,Catahoula,22025,1659,3486,80,5225,1408,2744,41,4193,1322,3479,55,4856,1269,3541,48,4858,1060,3258,30,4348
LA,Claiborne,22027,3025,3750,66,6841,3014,3649,69,6732,2717,3585,119,6421,2731,3770,79,6580,2239,3522,55,5816
LA,Concordia,22029,3766,5668,93,9527,3833,5450,97,9380,3272,5477,123,8872,3177,5550,101,8828,2698,4974,83,7755
LA,De Soto,22031,5242,6883,132,12257,5552,7353,145,13050,5165,8068,267,13500,5457,9112,167,14736,4426,9359,128,13913
LA,East Baton Rouge,22033,99652,95390,2307,197349,102460,92235,3217,197912,102828,84660,9003,196491,115577,88420,4185,208182,103820,82720,4103,190643
LA,East Carroll,22035,2267,1254,38,3559,2244,1122,18,3384,1838,1059,42,2939,1900,1080,56,3036,1338,931,37,2306
LA,East Feliciana,22037,4383,5432,132,9947,4648,5397,164,10209,4235,5569,238,10042,4280,6064,165,10509,3809,6020,118,9947
LA,Evangeline,22039,5853,9793,330,15976,5330,10176,259,15765,4208,10360,314,14882,4158,11053,201,15412,3526,10483,167,14176
LA,Franklin,22041,2961,6278,119,9358,2921,6294,121,9336,2506,6514,142,9162,2658,6970,92,9720,2196,6524,78,8798
LA,Grant,22043,1474,6907,177,8558,1421,7082,163,8666,1181,7408,232,8821,1157,8117,118,9392,996,7925,97,9018
LA,Iberia,22045,12492,20127,549,33168,12129,20890,373,33392,10698,20903,853,32454,11027,21251,435,32713,9504,19511,316,29331
LA,Iberville,22047,9023,7185,213,16421,9548,7271,195,17014,8324,7320,399,16043,8514,7893,312,16719,7503,7616,235,15354
LA,Jackson,22049,2456,5190,90,7736,2305,5132,92,7529,2139,5169,156,7464,2143,5394,95,7632,1852,5291,83,7226
LA,Jefferson,22051,65096,113191,2833,181120,70000,102325,3408,175733,73670,100398,7571,181639,84477,105949,3307,193733,75731,98810,3664,178205
LA,Jefferson Davis,22053,3923,9278,300,13501,3483,10014,236,13733,3080,10775,422,14277,3208,11423,210,14841,2699,11478,181,14358
LA,LaSalle,22059,860,5602,91,6553,764,5726,82,6572,605,5836,128,6569,638,6378,61,7077,546,6023,51,6620
LA,Lafayette,22055,32145,62055,1442,95642,31766,64989,1882,98637,32726,68195,4682,105603,39685,72519,2317,114521,37170,72007,1909,111086
LA,Lafourche,22057,9662,27089,1142,37893,9543,28332,850,38725,8423,31959,1263,41645,8672,36024,692,45388,7864,34461,520,42845
LA,Lincoln,22061,8292,10680,207,19179,7947,10731,296,18974,7107,10761,801,18669,7559,11311,405,19275,6627,11248,282,18157
LA,Livingston,22063,6681,43269,942,50892,7448,45488,1097,54033,6950,48824,1956,57730,9249,54877,1104,65230,9965,55101,840,65906
LA,Madison,22065,3100,2152,48,5300,3154,2000,33,5187,2744,1927,61,4732,2654,1930,86,4670,2094,1846,52,3992
LA,Morehouse,22067,5792,7258,150,13200,5887,6591,135,12613,5155,6502,195,11852,4946,6510,118,11574,4008,5961,128,10097
LA,Natchitoches,22069,7801,9054,212,17067,7941,9077,239,17257,7144,8968,509,16621,6896,9358,300,16554,5740,9100,200,15040
LA,Orleans,22071,117102,28130,2207,147439,126199,27967,3067,157233,133996,24292,7524,165812,147854,26664,3301,177819,130749,24119,4262,159130
LA,Ouachita,22073,24813,41741,690,67244,26629,40927,881,68437,24428,41734,1855,68017,25913,42255,998,69166,22845,40808,783,64436
LA,Plaquemines,22075,3380,6894,175,10449,3597,6469,169,10235,3347,6900,326,10573,3414,7412,188,11014,3023,6803,119,9945
LA,Pointe Coupee,22077,5516,6702,217,12435,5436,6548,163,12147,4764,6789,208,11761,4683,7503,185,12371,4132,7319,119,11570
LA,Rapides,22079,20127,36611,783,57521,20040,37187,781,58008,18322,36816,1706,56844,19475,38347,1043,58865,16537,36171,687,53395
LA,Red River,22081,2080,2484,65,4629,2253,2483,71,4807,1938,2391,93,4422,1644,2413,75,4132,1321,2337,67,3725
LA,Richland,22083,3311,5751,119,9181,4074,7316,117,11507,3157,6287,153,9597,3225,6607,108,9940,2732,6354,107,9193
LA,Sabine,22085,2245,7226,181,9652,2194,7735,121,10050,1703,7879,205,9787,1731,8776,89,10596,1488,8613,69,10170
LA,St. Bernard,22087,3491,9643,407,13541,5052,8497,395,13944,4960,10237,618,15815,6151,11179,320,17650,5967,11033,292,17292
LA,St. Charles,22089,8522,16457,418,25397,8894,15936,500,25330,8559,16621,1012,26192,9800,18233,484,28517,8812,17443,430,26685
LA,St. Helena,22091,3567,2522,95,6184,4233,2756,104,7093,3353,2497,114,5964,3346,2714,98,6158,2848,2804,93,5745
LA,St. James,22093,6994,5432,138,12564,7055,5209,127,12391,6418,5456,211,12085,6510,5954,126,12590,5792,5902,95,11789
LA,St. John the Baptist,22095,12424,8912,320,21656,13178,7620,324,21122,12661,7569,513,20743,13582,7538,312,21432,12043,6557,227,18827
LA,St. Landry,22097,20268,21650,575,42493,19668,21475,504,41647,17209,21971,797,39977,17372,23171,611,41154,14833,21812,398,37043
LA,St. Martin,22099,9419,14443,390,24252,9419,15653,358,25430,8266,16873,611,25750,8439,18203,396,27038,7284,17466,256,25006
LA,St. Mary,22101,9345,13183,375,22903,9448,13883,305,23636,8050,14359,468,22877,8055,14811,320,23186,7011,13671,215,20897
LA,St. Tammany,22103,24596,83078,1868,109542,25723,84710,2451,112884,27717,90915,5760,124392,37746,99666,2698,140110,37777,98377,2230,138384
LA,Tangipahoa,22105,16438,31434,730,48602,17720,31583,787,50090,16878,33959,1579,52416,18887,37806,968,57661,16886,37500,718,55104
LA,Tensas,22107,1646,1367,27,3040,1564,1230,18,2812,1332,1182,34,2548,1329,1197,28,2554,1002,1093,33,2128
LA,Terrebonne,22109,11581,28210,905,40696,12071,29500,764,42335,10665,31902,1329,43896,11198,34339,703,46240,9702,31115,510,41327
LA,Union,22111,3103,7619,146,10868,3075,7561,130,10766,2691,7972,231,10894,2654,8407,140,11201,2206,8176,93,10475
LA,Vermilion,22113,6266,18069,498,24833,5718,18909,357,24984,4857,20063,712,25632,5009,21930,385,27324,4637,21510,282,26429
LA,Vernon,22115,3534,11946,289,15769,3173,12146,287,15606,2665,13471,497,16633,2898,14107,263,17268,2513,13474,162,16149
LA,Washington,22117,6122,12215,287,18624,6351,11470,279,18100,5692,12556,380,18628,5970,13307,236,19513,5411,12846,198,18455
LA,Webster,22119,6610,11417,243,18270,6802,11397,214,18413,6260,11542,343,18145,6172,11830,214,18216,5053,10965,187,16205
LA,West Baton Rouge,22121,5043,6654,169,11866,5692,6920,160,12772,5383,6927,402,12712,6200,7684,213,14097,6008,7627,201,13836
LA,West Carroll,22123,878,4045,64,4987,853,3628,67,4548,715,3970,74,4759,710,4317,25,5052,578,3986,39,4603
LA,West Feliciana,22125,2415,3150,55,5620,2441,3257,79,5777,2248,3390,161,5799,2298,3863,107,6268,2004,3923,81,6008
LA,Winn,22127,2047,4632,93,6772,1919,4539,74,6532,1644,4608,120,6372,1543,4619,63,6225,1292,4437,52,5781
MA,Barnstable,25001,74264,55694,2312,132270,70329,60221,1662,132212,72430,54099,7333,133862,91994,55311,3020,150325,88129,57451,2268,147848
MA,Berkshire,25003,49558,14876,1696,66130,48596,14209,1273,64078,43714,16839,4250,64803,51705,18064,1606,71375,47094,19805,1442,68341
MA,Bristol,25005,146861,90531,5728,243120,142481,93448,3636,239565,129540,105443,13976,248959,153377,119872,6030,279279,137813,134201,4896,276910
MA,Dukes,25007,7913,2442,198,10553,7955,2789,170,10914,8400,2477,625,11502,9914,2631,253,12798,9137,2745,267,12149
MA,Essex,25009,208976,137129,7357,353462,208723,149808,4715,363246,222310,136316,21242,379868,267198,144837,9175,421210,236624,155336,7759,399719
MA,Franklin,25011,27919,9545,1065,38529,27024,9338,1238,37600,24478,10364,3335,38177,30030,11201,1227,42458,28305,12428,1321,42054
MA,Hampden,25013,121454,71350,4916,197720,122571,72318,2938,197827,112590,78685,11842,203117,125948,87318,4911,218177,110937,92474,4336,207747
MA,Hampshire,25015,56869,20618,2083,79570,56552,21366,2488,80406,55367,21790,5799,82956,63362,22281,2211,87854,58617,23256,2472,84345
MA,Middlesex,25017,464484,245766,15781,726031,467173,266307,13376,746856,520360,219793,43881,784034,617196,226956,19425,863577,554471,235118,19924,809513
MA,Nantucket,25019,4073,1863,116,6052,3828,2185,84,6097,4146,1892,368,6406,5241,1914,151,7306,4784,2171,127,7082
MA,Norfolk,25021,200675,136841,7400,344916,200891,144654,4650,350195,221819,119723,20020,361562,273312,125294,9145,407751,242712,132497,8049,383258
MA,Plymouth,25023,131817,112904,5096,249817,130278,120708,3007,253993,135513,115369,15981,266863,173630,121227,6959,301816,159962,133544,5176,298682
MA,Suffolk,25025,207127,57194,4900,269221,219208,58872,4569,282649,245751,50421,12569,308741,270522,58613,6327,335462,222280,66480,8281,297041
MA,Worcester,25027,202107,152101,9386,363594,195667,162022,6404,364093,198778,157682,27245,383705,248773,171683,11558,432014,225680,183802,9266,418748
MD,Allegany,24001,10693,18405,644,29742,9001,18158,658,27817,7875,21270,1509,30654,9158,20886,597,30641,9231,22141,629,32001
MD,Anne Arundel,24003,125015,129682,4922,259619,115960,118165,5064,239189,128419,122403,19259,270081,172823,127821,8973,309617,171945,128892,7945,308782
MD,Baltimore,24510,214385,28681,2902,245968,201042,25501,3354,229897,202673,25205,11524,239402,207260,25374,4827,237461,195109,27984,5989,229082
MD,Baltimore,24005,214151,158714,8073,380938,202733,144686,7236,354655,218412,149477,22793,390682,258409,146202,10321,414932,249958,149560,10293,409811
MD,Calvert,24009,20299,23095,663,44057,18963,22413,792,42168,18225,26176,3007,47408,22587,25346,1179,49112,23438,29361,1083,53882
MD,Caroline,24011,4971,8015,232,13218,4621,7674,231,12526,4009,9368,736,14113,5095,10283,416,15794,4860,11053,363,16276
MD,Carroll,24013,28060,54503,2197,84760,26067,53960,2144,82171,26567,58215,7066,91848,36456,60218,3653,100327,36867,62273,2656,101796
MD,Cecil,24015,17665,23855,974,42494,15489,23660,888,40037,13650,28868,2751,45269,16809,29439,1214,47462,17628,33871,1113,52612
MD,Charles,24017,43635,25732,759,70126,45621,23637,909,70167,49341,25614,3348,78303,62171,25579,1748,89498,63454,26145,2051,91650
MD,Dorchester,24019,6912,8168,194,15274,6570,7514,165,14249,6245,8413,567,15225,6857,8764,356,15977,6954,9390,386,16730
MD,Frederick,24021,54013,55170,2003,111186,51187,55495,2445,109127,56522,59522,9633,125677,77675,63682,4258,145615,82409,68753,3842,155004
MD,Garrett,24023,3736,8903,233,12872,2792,9102,219,12113,2567,10776,668,14011,3281,12002,328,15611,3456,11983,346,15785
MD,Harford,24025,48552,71751,2992,123295,46390,69496,2531,118417,47077,77860,8735,133672,63095,80930,4161,148186,62453,83050,3517,149020
MD,Howard,24027,87120,55393,2720,145233,84017,54094,3056,141167,102597,47484,12112,162193,129433,48390,5239,183062,124764,49425,6299,180488
MD,Kent,24029,4953,4905,162,10020,4453,4533,157,9143,4575,4876,570,10021,5329,5195,270,10794,5251,5561,256,11068
MD,Montgomery,24031,314444,118608,6209,439261,286493,110940,6781,404214,357837,92704,28332,478873,419569,101222,12952,533743,386581,112637,14701,513919
MD,Prince George's,24033,332396,38833,2797,374026,317342,32236,2714,352292,344049,32811,13525,390385,379208,37090,8557,424855,347038,45008,9835,401881
MD,Queen Anne's,24035,8575,15087,383,24045,7898,14879,376,23153,7973,16993,1557,26523,10709,18741,840,30290,11273,20200,663,32136
MD,Somerset,24039,4779,5037,108,9924,4478,4706,88,9272,4196,5341,363,9900,4241,5739,167,10147,4054,5805,231,10090
MD,St. Mary's,24037,19023,24705,681,44409,17982,25096,998,44076,17534,28663,3645,49842,23138,30826,1701,55665,23531,33582,1430,58543
MD,Talbot,24041,9035,10995,298,20328,7983,10442,246,18671,8653,10724,1176,20553,11062,10946,547,22555,11119,11125,423,22667
MD,Washington,24043,26245,34169,1186,61600,23282,34113,1258,58653,21129,40998,3864,65991,26044,40224,1511,67779,27260,44054,1687,73001
MD,Wicomico,24045,19436,21849,567,41852,17481,20136,639,38256,18050,22198,2299,42547,22054,22944,1218,46216,21513,24065,1120,46698
MD,Worcester,24047,11374,15607,365,27346,9841,14334,351,24526,9753,17210,1310,28273,12560,18571,560,31691,12431,19632,665,32728
ME,Androscoggin,23001,31017,22671,1162,54850,28912,22210,1417,52539,23009,28227,4365,55601,27617,29268,1822,58707,27019,30605,1223,58847
ME,Aroostook,23003,19345,15898,751,35994,17844,15229,793,33866,13386,19419,2292,35097,13956,21080,710,35746,12900,22246,507,35653
ME,Cumberland,23005,105218,56186,2747,164151,100977,57008,8910,166895,102981,57709,11128,171818,128759,59584,5422,193765,133281,60950,4994,199225
ME,Franklin,23007,10113,6627,438,17178,9292,6305,515,16112,7016,7918,1554,16488,8069,8754,567,17390,7990,9459,387,17836
ME,Hancock,23009,18895,12686,584,32165,17533,12398,807,30738,16117,13705,2308,32130,19369,14982,974,35325,19817,15549,885,36251
ME,Kennebec,23011,37238,27482,1266,65986,35022,26506,1697,63225,29302,31675,5231,66208,34902,34721,2235,71858,34585,36589,1712,72886
ME,Knox,23013,13728,8816,436,22980,13227,8262,513,22002,12443,9148,1556,23147,15110,9982,642,25734,15076,10262,555,25893
ME,Lincoln,23015,11886,9287,411,21584,11298,8884,486,20668,10241,9727,1535,21503,12684,10256,654,23594,13110,10409,484,24003
ME,Oxford,23017,17940,12863,847,31650,16052,11766,916,28734,12172,16210,2819,31201,14755,17698,1039,33492,14765,19228,597,34590
ME,Penobscot,23019,41514,37495,1358,80367,38816,36592,1763,77171,32838,41622,6080,80540,37713,44825,2731,85269,37945,47438,1690,87073
ME,Piscataquis,23021,4430,4785,219,9434,4168,4577,245,8990,3098,5406,678,9182,3517,6143,248,9908,3510,6487,208,10205
ME,Sagadahoc,23023,12152,8721,428,21301,11821,8429,484,20734,10664,9304,1648,21616,13528,9755,755,24038,13982,9917,557,24456
ME,Somerset,23025,13335,11867,556,25758,12211,11798,696,24705,9092,15001,1971,26064,10199,16644,735,27578,10134,17826,481,28441
ME,Waldo,23027,11967,9423,460,21850,11292,9055,629,20976,10440,10378,1889,22707,12345,11196,779,24320,12661,11815,654,25130
ME,Washington,23029,8246,8077,331,16654,7797,7539,420,15756,6075,9093,1197,16365,6761,10194,402,17357,6763,11003,282,18048
ME,York,23031,64799,42389,1973,109161,61492,43879,2256,107627,55844,50403,8027,114274,71189,54817,3653,129659,72114,58194,2530,132838
MI,Alcona,26001,2896,3404,120,6420,2462,3571,53,6086,1732,4201,265,6198,2142,4848,74,7064,2140,5257,84,7481
MI,Alger,26003,2472,2188,90,4750,2212,2329,62,4603,1663,2585,270,4518,2053,3014,61,5128,2075,3116,67,5258
MI,Allegan,26005,24165,30061,1053,55279,19594,29023,582,49199,18050,34183,3553,55786,24449,41392,1253,67094,25637,45206,1047,71890
MI,Alpena,26007,7705,7125,255,15085,6549,7298,167,14014,4877,9090,731,14698,6000,10686,283,16969,6038,10967,205,17210
MI,Antrim,26009,6079,7506,267,13852,5107,7917,160,13184,4448,8469,665,13582,5960,9748,241,15949,6330,10341,211,16882
MI,Arenac,26011,4155,3807,166,8128,3669,4054,103,7826,2384,4950,362,7696,2774,5928,129,8831,2662,6379,117,9158
MI,Baraga,26013,1725,1846,73,3644,1574,1866,50,3490,1156,2158,176,3490,1478,2512,48,4038,1488,2779,65,4332
MI,Barry,26015,13449,16431,685,30565,11496,16651,336,28483,9114,19202,2013,30329,11797,23471,637,35905,12391,25650,580,38621
MI,Bay,26017,32589,23795,1044,57428,26797,23735,545,51077,21642,28328,3007,52977,26151,33125,979,60255,25767,34792,772,61331
MI,Benzie,26019,5451,4687,171,10309,4683,5071,93,9847,4108,5539,581,10228,5480,6601,181,12262,5780,6895,170,12845
MI,Berrien,26021,40381,36130,1155,77666,33465,38209,648,72322,29495,38647,3889,72031,37438,43519,1434,82391,38323,44975,1180,84478
MI,Branch,26023,8413,9534,338,18285,6526,9575,177,16278,5061,11786,816,17663,6159,14064,313,20536,5911,14848,329,21088
MI,Calhoun,26025,34561,28553,1082,64196,29270,28338,623,58231,24157,31494,3251,58902,28877,36221,1183,66281,28988,38606,896,68490
MI,Cass,26027,12083,11114,379,23576,9587,12660,214,22461,7270,14243,1082,22595,9130,16699,387,26216,9050,18505,314,27869
MI,Charlevoix,26029,6817,7306,244,14367,5936,7997,131,14064,5137,8674,778,14589,6939,9841,220,17000,7197,10183,279,17659
MI,Cheboygan,26031,6720,6920,261,13901,5829,7284,175,13288,4302,8683,687,13672,5437,10186,245,15868,5543,10653,227,16423
MI,Chippewa,26033,8184,8267,257,16708,7100,8278,186,15564,5379,9122,955,15456,6648,10681,313,17642,6796,11249,318,18363
MI,Clare,26035,7496,6793,278,14567,6337,6988,167,13492,4249,8505,635,13389,5199,10861,221,16281,5273,11772,243,17288
MI,Clinton,26037,20005,19726,650,40381,18187,20630,308,39125,16492,21636,2527,40655,21968,25098,861,47927,22450,26751,760,49961
MI,Crawford,26039,3441,3561,176,7178,2994,3744,76,6814,2110,4354,380,6844,2672,5087,102,7861,2752,5613,111,8476
MI,Delta,26041,9974,8763,327,19064,8330,9533,180,18043,6436,11121,935,18492,7606,13207,338,21151,7462,14109,303,21874
MI,Dickinson,26043,5995,7049,267,13311,4952,7688,145,12785,3923,8580,662,13165,4744,9617,228,14589,4763,10324,224,15311
MI,Eaton,26045,30742,25900,974,57616,27912,26193,602,54707,24938,27609,3674,56221,31299,31798,1230,64327,31056,33102,1013,65171
MI,Emmet,26047,8515,9314,320,18149,7225,10253,194,17672,6972,10616,1214,18802,9662,12135,380,22177,10005,12465,378,22848
MI,Genesee,26049,143927,72451,3518,219896,128972,71807,1920,202699,102751,84175,9370,196296,119390,98714,3256,221360,114670,105303,3230,223203
MI,Gladwin,26051,6590,6391,260,13241,5760,6661,131,12552,3794,8124,554,12472,4524,9893,186,14603,4501,10809,178,15488
MI,Gogebic,26053,4757,3330,177,8264,4058,3444,74,7576,2925,4018,386,7329,3570,4600,96,8266,3385,4803,104,8292
MI,Grand Traverse,26055,23258,24716,759,48733,20875,26532,494,47901,20965,27413,3211,51589,28683,30502,1051,60236,30339,31423,998,62760
MI,Gratiot,26057,9105,8322,311,17738,7606,8236,169,16011,5666,9880,919,16465,6693,12102,332,19127,6682,12894,272,19848
MI,Hillsdale,26059,8765,11221,463,20449,7106,11727,248,19081,4799,14095,1046,19940,5883,17037,382,23302,5875,18631,307,24813
MI,Houghton,26061,7476,8101,395,15972,6530,8040,234,14804,6018,8475,1131,15624,7750,10378,373,18501,7881,11181,302,19364
MI,Huron,26063,8367,8434,334,17135,6432,8686,156,15274,4579,10692,646,15917,5490,12731,216,18437,5522,13224,223,18969
MI,Ingham,26065,93994,46483,2252,142729,80903,45365,1311,127579,79110,43868,8160,131138,94212,47639,2699,144550,94542,50564,2906,148012
MI,Ionia,26067,12565,14156,598,27319,11016,14319,395,25730,8352,16635,1867,26854,10901,20657,651,32209,11338,22179,496,34013
MI,Iosco,26069,7309,6583,295,14187,6242,6906,182,13330,4345,8345,671,13361,5373,9759,231,15363,5344,10155,232,15731
MI,Iron,26071,3080,2947,135,6162,2687,3224,76,5987,2004,3675,231,5910,2493,4216,80,6789,2441,4501,85,7027
MI,Isabella,26073,16679,11220,451,28350,13038,10800,281,24119,11404,12338,1650,25392,14072,14815,534,29421,14011,16320,486,30817
MI,Jackson,26075,37480,35692,1331,74503,32301,36298,724,69323,25795,39793,4089,69677,31995,47372,1494,80861,32348,50199,1256,83803
MI,Kalamazoo,26077,77051,51554,2176,130781,69045,52660,1175,122880,67148,51034,8117,126299,83686,56823,2905,143414,84501,58671,2474,145646
MI,Kalkaska,26079,3780,4527,192,8499,3268,4897,116,8281,2280,6116,437,8833,3002,7436,193,10631,3206,8149,174,11529
MI,Kent,26081,149909,148336,4990,303235,134560,157801,3057,295418,138683,148180,21321,308184,187915,165741,7392,361048,192668,172720,6334,371722
MI,Keweenaw,26083,610,756,44,1410,582,774,32,1388,527,814,93,1434,672,862,23,1557,690,896,25,1611
MI,Lake,26085,2919,2269,104,5292,2752,2487,48,5287,1939,3159,230,5328,2288,3946,89,6323,2298,4523,94,6915
MI,Lapeer,26087,21457,22831,1074,45362,18786,23725,514,43025,12734,30037,2412,45183,16367,35482,801,52650,16338,38398,699,55435
MI,Leelanau,26089,7355,6938,171,14464,6576,7483,105,14164,6774,7239,744,14757,8795,7916,189,16900,9406,8035,239,17680
MI,Lenawee,26091,24640,22225,869,47734,21774,22351,494,44619,16750,26430,2759,45939,20918,31541,916,53375,20787,33463,762,55012
MI,Livingston,26093,42349,55592,1697,99638,37186,60000,773,97959,34384,65680,5802,105866,48220,76982,1995,127197,49503,81217,1682,132402
MI,Luce,26095,1191,1490,59,2740,951,1501,25,2477,681,1756,142,2579,842,2109,50,3001,769,2170,46,2985
MI,Mackinac,26097,3027,3268,101,6396,2652,3396,49,6097,2085,3744,268,6097,2632,4304,79,7015,2675,4476,87,7238
MI,Macomb,26099,223784,187663,7769,419216,207992,191896,3500,403388,176317,224665,18330,419312,223952,263863,6441,494256,214977,284660,9419,509056
MI,Manistee,26101,7235,5510,264,13009,6467,5736,182,12385,4979,6915,705,12599,6107,8321,227,14655,6309,8748,239,15296
MI,Marquette,26103,19635,12906,644,33185,18126,13609,409,32144,16042,14646,2288,32976,20465,16286,711,37462,20866,17459,667,38992
MI,Mason,26105,7817,7147,259,15223,6856,7580,152,14588,5281,8505,899,14685,6802,10207,245,17254,6973,10830,253,18056
MI,Mecosta,26107,9101,9238,325,18664,7515,9175,189,16879,5827,10305,1036,17168,7375,13267,407,21049,7688,14445,356,22489
MI,Menominee,26109,5981,4855,236,11072,5244,5565,113,10922,3539,6702,527,10768,4316,8117,174,12607,4256,8647,157,13060
MI,Midland,26111,20701,22263,743,43707,17480,23942,386,41808,15635,23846,3025,42506,20493,27675,920,49088,20926,28571,790,50287
MI,Missaukee,26113,2898,4469,125,7492,2274,4665,85,7024,1565,5386,366,7317,1967,6648,140,8755,1945,7066,140,9151
MI,Monroe,26115,39180,35858,1384,76422,36310,35593,779,72682,26863,43261,4094,74218,32975,52710,1463,87148,32622,57405,1311,91338
MI,Montcalm,26117,13208,13291,552,27051,11431,13624,328,25383,7874,16907,1828,26609,9703,21815,582,32100,10368,23946,521,34835
MI,Montmorency,26119,2403,2841,116,5360,2049,2928,74,5051,1287,3498,224,5009,1628,4171,60,5859,1702,4599,90,6391
MI,Muskegon,26121,53821,29145,1305,84271,44436,30882,736,76054,37304,36127,4657,78088,45643,45133,1668,92444,46028,47733,1399,95160
MI,Newaygo,26123,10790,11862,453,23105,8723,12458,243,21424,6212,15173,1255,22640,7873,18857,431,27161,8131,20630,436,29197
MI,Oakland,26125,372566,276956,9546,659068,349055,296531,4720,650306,343070,289203,32341,664614,434148,325971,10232,770351,419519,337791,14629,771939
MI,Oceana,26127,6405,5860,244,12509,5063,6239,136,11438,3973,7228,729,11930,4944,8892,226,14062,5085,9547,238,14870
MI,Ogemaw,26129,5391,5133,244,10768,4791,5437,133,10361,3030,6827,530,10387,3475,8253,179,11907,3578,8879,163,12620
MI,Ontonagon,26131,1966,1823,96,3885,1585,1906,44,3535,1176,2066,184,3426,1391,2358,55,3804,1313,2479,49,3841
MI,Osceola,26133,4855,5973,198,11026,3981,6140,144,10265,2705,7336,568,10609,3214,8928,187,12329,3326,9639,219,13184
MI,Oscoda,26135,1887,2320,121,4328,1654,2308,65,4027,1044,2843,186,4073,1342,3466,66,4874,1414,3716,62,5192
MI,Otsego,26137,5634,6752,230,12616,4681,7008,140,11829,3556,8266,716,12538,4743,9779,235,14757,5052,10693,226,15971
MI,Ottawa,26139,50828,83330,2110,136268,43068,88503,1124,132695,44973,88467,9294,142734,64705,100913,3095,168713,69653,106133,2616,178402
MI,Presque Isle,26141,3722,3606,177,7505,3192,3794,91,7077,2400,4488,330,7218,2911,5342,91,8344,3036,5568,135,8739
MI,Roscommon,26143,7082,6727,242,14051,6198,6701,133,13032,4287,8141,613,13041,5166,9670,182,15018,5290,10582,193,16065
MI,Saginaw,26145,60276,42225,1589,104090,54372,42716,815,97903,44396,45469,4455,94320,51088,50785,1476,103349,49515,52912,1411,103838
MI,Sanilac,26151,9047,10679,443,20169,7212,10961,186,18359,4873,13446,930,19249,5966,16194,286,22446,5957,17080,302,23339
MI,Schoolcraft,26153,2184,2058,84,4326,1865,2142,39,4046,1369,2556,229,4154,1589,3090,66,4745,1631,3196,70,4897
MI,Shiawassee,26155,19397,16268,750,36415,17197,15962,431,33590,12546,19230,2335,34111,15347,23149,728,39224,15335,24718,629,40682
MI,St. Clair,26147,40677,38536,1687,80900,33845,39076,819,73740,24553,49051,4399,78003,31363,59185,1516,92064,30844,64277,1398,96519
MI,St. Joseph,26149,12322,12886,494,25702,10106,12975,233,23314,7526,14884,1347,23757,9262,18127,547,27936,9452,19403,452,29307
MI,Tuscola,26157,13503,13740,555,27798,11643,14517,322,26482,7429,17102,1265,25796,8712,20297,436,29445,8562,21764,390,30716
MI,Van Buren,26159,18588,15534,644,34766,16288,16140,370,32798,13258,17890,2126,33274,16803,21591,672,39066,17175,23407,580,41162
MI,Washtenaw,26161,130578,53946,2591,187115,120791,56401,1824,179016,128483,50631,9464,188578,157136,56241,3041,216418,157152,58844,5308,221304
MI,Wayne,26163,660085,219582,10659,890326,595253,213586,5269,814108,519444,228993,29401,777838,597170,264553,10746,872469,537032,288860,30619,856511
MI,Wexford,26165,7379,8044,281,15704,5717,7972,170,13859,4436,10000,862,15298,5838,12102,325,18265,6224,12968,284,19476
MN,Aitkin,27001,4595,4589,226,9410,4412,4533,164,9109,3134,5516,581,9231,3607,6258,160,10025,3524,6741,154,10419
MN,Anoka,27003,86976,91357,3891,182224,88611,93430,3673,185714,75500,93339,16919,185758,100893,104902,5337,211132,97667,106974,5015,209656
MN,Becker,27005,7687,8851,427,16965,6829,9204,296,16329,5208,10880,1134,17222,6589,12438,374,19401,6435,12961,300,19696
MN,Beltrami,27007,12019,9762,455,22236,11818,9637,494,21949,8688,10783,2093,21564,11426,12188,575,24189,11493,12898,416,24807
MN,Benton,27009,8454,10338,547,19339,8173,10849,499,19521,5640,12872,1546,20058,7280,14382,598,22260,7084,15260,419,22763
MN,Big Stone,27011,1552,1362,76,2990,1345,1385,53,2783,921,1608,226,2755,1053,1863,58,2974,964,1796,56,2816
MN,Blue Earth,27013,19325,14782,963,35070,18164,14916,959,34039,14428,15667,3498,33593,18330,16731,990,36051,17558,18001,767,36326
MN,Brown,27015,5809,7456,355,13620,5630,7938,314,13882,3763,8708,1308,13779,4753,9552,330,14635,4576,9692,258,14526
MN,Carlton,27017,11501,6549,399,18449,11389,6586,381,18356,8460,8160,1591,18211,10098,9791,480,20369,9905,10435,406,20746
MN,Carver,27019,20654,28156,873,49683,20745,31155,847,52747,21508,29056,5132,55696,30774,34009,1578,66361,31869,35586,1349,68804
MN,Cass,27021,7276,8660,371,16307,6858,8957,265,16080,4949,9982,1068,15999,6342,11620,327,18289,6300,12759,257,19316
MN,Chippewa,27023,3280,2907,169,6356,3083,2967,126,6176,1978,3764,480,6222,2226,4250,135,6611,2026,4175,99,6300
MN,Chisago,27025,12783,15789,733,29305,12524,16227,580,29331,9278,18441,2509,30228,11806,21916,848,34570,11894,23047,561,35502
MN,Clay,27027,16666,11978,615,29259,15210,12920,641,28771,12971,13543,2884,29398,16357,15043,839,32239,16121,15965,648,32734
MN,Clearwater,27029,1877,2291,93,4261,1753,2359,71,4183,1100,2925,220,4245,1260,3372,76,4708,1169,3575,61,4805
MN,Cook,27031,2019,1240,89,3348,1993,1221,90,3304,1912,1156,327,3395,2496,1203,107,3806,2416,1142,83,3641
MN,Cottonwood,27033,2759,3157,120,6036,2433,3316,99,5848,1678,3679,364,5721,1834,4165,108,6107,1705,4157,103,5965
MN,Crow Wing,27035,15859,18567,739,35165,14760,19415,625,34800,10982,22287,2573,35842,13726,25676,771,40173,14173,27423,616,42212
MN,Dakota,27037,116778,104364,4330,225472,116252,109514,4257,230023,110483,99583,21374,231440,146155,109638,6466,262259,143267,109995,5328,258590
MN,Dodge,27039,4463,5468,283,10214,4487,5522,263,10272,3102,6527,1025,10654,4079,7783,325,12187,4108,8095,245,12448
MN,Douglas,27041,9256,11241,421,20918,8665,11905,347,20917,6227,13966,1592,21785,7868,15799,498,24165,7938,16726,355,25019
MN,Faribault,27043,3736,4196,220,8152,3407,4104,178,7689,2153,4659,600,7412,2531,5191,192,7914,2352,5247,140,7739
MN,Fillmore,27045,5921,4993,320,11234,5713,4913,228,10854,3872,6271,912,11055,4551,7301,289,12141,4491,7638,206,12335
MN,Freeborn,27047,9915,6955,410,17280,9327,6970,348,16645,6041,8808,1202,16051,6889,9578,351,16818,6448,10003,219,16670
MN,Goodhue,27049,12420,12775,600,25795,12212,12986,503,25701,9446,14041,2230,25717,11806,16052,778,28636,11731,16461,554,28746
MN,Grant,27051,1850,1646,109,3605,1647,1748,76,3471,1105,2063,305,3473,1300,2269,85,3654,1187,2266,78,3531
MN,Hennepin,27053,420958,231054,11768,663780,423979,240073,13913,677965,429288,191770,58919,679977,532623,205973,17373,755969,502710,197244,16637,716591
MN,Houston,27055,5906,4743,234,10883,5281,4951,190,10422,4145,5616,843,10604,4853,6334,253,11440,4667,6547,180,11394
MN,Hubbard,27057,4872,6558,208,11638,4676,6622,184,11482,3423,7261,821,11505,4462,8202,301,12965,4536,8809,225,13570
MN,Isanti,27059,8248,11324,481,20053,8024,11675,432,20131,5657,13635,1724,21016,7138,16491,606,24235,7384,18027,418,25829
MN,Itasca,27061,13460,10309,626,24395,12852,10500,481,23833,9015,12920,1945,23880,10786,15239,536,26561,10467,15863,430,26760
MN,Jackson,27063,2618,2858,147,5623,2268,3044,103,5415,1492,3609,383,5484,1745,3948,126,5819,1581,3949,95,5625
MN,Kanabec,27065,3743,4479,277,8499,3586,4319,202,8107,2327,5230,620,8177,2774,6278,190,9242,2718,6818,146,9682
MN,Kandiyohi,27067,10125,11319,451,21895,9806,11239,358,21403,7266,12785,1721,21772,8440,14437,490,23367,7814,15014,385,23213
MN,Kittson,27069,1492,1016,60,2568,1241,1095,69,2405,823,1349,213,2385,1006,1546,87,2639,911,1535,49,2495
MN,Koochiching,27071,3649,2962,191,6802,3451,2841,140,6432,2306,3569,488,6363,2659,4131,132,6922,2465,4204,107,6776
MN,Lac qui Parle,27073,2160,1912,120,4192,1974,1938,62,3974,1305,2293,262,3860,1446,2528,66,4040,1314,2600,75,3989
MN,Lake,27075,4174,2636,159,6969,4043,2610,144,6797,3077,2932,512,6521,3647,3393,162,7202,3534,3265,130,6929
MN,Lake of the Woods,27077,971,1278,64,2313,859,1306,55,2220,553,1540,149,2242,671,1704,33,2408,604,1710,32,2346
MN,Le Sueur,27079,6994,7636,379,15009,6753,7714,263,14730,4623,9182,1166,14971,5672,10775,371,16818,5636,11503,283,17422
MN,Lincoln,27081,1517,1491,118,3126,1428,1594,91,3113,860,1931,228,3019,937,2121,57,3115,972,2190,64,3226
MN,Lyon,27083,6110,6315,283,12708,5465,6595,274,12334,3825,7256,1134,12215,4634,7979,280,12893,4284,8400,262,12946
MN,Mahnomen,27087,1436,843,64,2343,1276,871,32,2179,930,991,167,2088,1112,1142,50,2304,975,1165,36,2176
MN,Marshall,27089,2311,2285,143,4739,1854,2380,101,4335,1225,3208,384,4817,1295,3721,97,5113,1177,3774,73,5024
MN,Martin,27091,4413,6053,288,10754,4054,6657,216,10927,2733,7062,736,10531,3305,7480,224,11009,3171,7442,152,10765
MN,McLeod,27085,7505,10993,531,19029,6970,11069,416,18455,4978,12155,1674,18807,6413,13986,534,20933,6374,14394,363,21131
MN,Meeker,27093,5380,6737,428,12545,4969,6913,285,12167,3191,8104,987,12282,3867,9359,303,13529,3802,9645,200,13647
MN,Mille Lacs,27095,6072,7049,423,13544,5829,6951,267,13047,3710,8340,967,13017,4404,9952,333,14689,4374,10570,219,15163
MN,Morrison,27097,6547,9735,461,16743,6153,10159,350,16662,3637,12925,1052,17614,4367,14821,370,19558,4306,15666,300,20272
MN,Mower,27099,11605,7075,507,19187,11129,6938,404,18471,7437,8823,1455,17715,8899,10025,421,19345,8312,10297,317,18926
MN,Murray,27101,2345,2320,148,4813,2160,2504,90,4754,1295,2974,399,4668,1449,3363,84,4896,1329,3346,80,4755
MN,Nicollet,27103,9887,7968,390,18245,9652,8214,419,18285,7886,8437,1774,18097,9622,9018,485,19125,9441,9540,373,19354
MN,Nobles,27105,4244,4368,201,8813,3793,4581,119,8493,2733,5299,600,8632,2933,5600,182,8715,2599,5541,118,8258
MN,Norman,27107,2129,1204,101,3434,1730,1384,85,3199,1264,1699,298,3261,1404,1953,84,3441,1233,1963,89,3285
MN,Olmsted,27109,38711,36202,1557,76470,39338,36832,1781,77951,36268,35668,8193,80129,49491,39692,2202,91385,49121,39467,1936,90524
MN,Otter Tail,27111,13856,18077,754,32687,12165,18860,537,31562,9340,20939,2221,32500,11958,23800,641,36399,11752,24276,580,36608
MN,Pennington,27113,3394,3248,180,6822,3024,3304,165,6493,2147,4000,568,6715,2568,4532,177,7277,2439,4756,166,7361
MN,Pine,27115,7084,6862,437,14383,6750,6845,309,13904,4580,8191,1040,13811,5419,10256,326,16001,5339,11274,263,16876
MN,Pipestone,27117,2023,2652,126,4801,1728,2828,81,4637,1127,3338,343,4808,1306,3553,81,4940,1215,3537,76,4828
MN,Polk,27119,7850,7148,336,15334,6773,7615,256,14644,4712,8979,1105,14796,5439,9865,290,15594,4967,10162,258,15387
MN,Pope,27121,3317,3069,150,6536,2981,3142,101,6224,2106,3793,420,6319,2477,4417,128,7022,2398,4677,116,7191
MN,Ramsey,27123,182974,88942,5470,277386,184936,86799,6047,277782,177738,70894,24511,273143,211620,77376,6981,295977,195168,75284,6284,276736
MN,Red Lake,27125,1120,983,88,2191,928,978,57,1963,540,1141,200,1881,691,1454,51,2196,642,1425,43,2110
MN,Redwood,27127,3250,4308,248,7806,3008,4570,183,7761,1887,5137,587,7611,2355,5771,158,8284,2300,5895,104,8299
MN,Renville,27129,3904,3956,275,8135,3394,4149,141,7684,2117,4890,599,7606,2496,5467,165,8128,2280,5610,152,8042
MN,Rice,27131,17381,13723,695,31799,17054,14380,726,32160,14437,15429,2577,32443,17402,17464,820,35686,17353,18264,667,36284
MN,Rock,27133,2079,2775,121,4975,1945,2810,75,4830,1373,3091,375,4839,1556,3583,101,5240,1585,3690,86,5361
MN,Roseau,27135,3097,4438,165,7700,2772,4409,149,7330,1856,5451,497,7804,2188,6065,168,8421,2093,6279,114,8486
MN,Scott,27139,29208,36724,1200,67132,29714,40321,1376,71411,28502,39948,6579,75029,40040,45872,2053,87965,40214,47837,1755,89806
MN,Sherburne,27141,17957,26140,893,44990,17597,27848,875,46320,13293,31053,3937,48283,18065,36222,1325,55612,18329,38491,957,57777
MN,Sibley,27143,2998,4492,239,7729,2916,4693,176,7785,1954,5193,627,7774,2417,5864,171,8452,2351,6014,147,8512
MN,St. Louis,27137,77351,38742,2721,118814,74177,39675,2608,116460,57771,44630,10021,112422,67704,49017,2810,119531,66335,50065,2187,118587
MN,Stearns,27145,35690,41194,1872,78756,33552,43015,1611,78178,25576,47617,6399,79592,31879,50959,1997,84835,30829,53932,1600,86361
MN,Steele,27147,9016,10068,572,19656,8706,9903,425,19034,6241,11198,1740,19179,7917,12656,555,21128,7650,12742,417,20809
MN,Stevens,27149,2781,2710,143,5634,2742,2766,113,5621,2116,2799,483,5398,1922,3044,119,5085,1827,3213,82,5122
MN,Swift,27151,2907,2184,153,5244,2751,2248,88,5087,1686,2963,345,4994,1784,3316,93,5193,1618,3340,83,5041
MN,Todd,27153,5277,6637,343,12257,4819,6719,224,11762,2783,8485,725,11993,3286,9753,218,13257,3072,10392,208,13672
MN,Traverse,27155,1043,933,59,2035,942,860,38,1840,630,1049,119,1798,661,1172,31,1864,597,1165,39,1801
MN,Wabasha,27157,5646,5935,312,11893,5415,6049,258,11722,3866,6989,977,11832,4696,8153,274,13123,4721,8523,237,13481
MN,Wadena,27159,2882,4128,159,7169,2492,4143,137,6772,1684,4837,413,6934,2023,5520,134,7677,1898,6028,98,8024
MN,Waseca,27161,4401,5211,276,9888,4370,5116,220,9706,2838,5967,848,9653,3496,6624,269,10389,3402,6770,189,10361
MN,Washington,27163,70277,64334,2448,137059,70203,69137,2371,141711,67086,64428,12721,144235,89165,73764,3857,166786,90324,75271,3148,168743
MN,Watonwan,27165,2562,2526,170,5258,2494,2517,104,5115,1814,2768,416,4998,1987,3103,111,5201,1723,3087,100,4910
MN,Wilkin,27167,1550,1786,78,3414,1258,1884,70,3212,893,2129,280,3302,1026,2328,76,3430,986,2290,67,3343
MN,Winona,27169,16308,10975,652,27935,14980,11480,643,27103,11366,12122,2586,26074,13333,13227,613,27173,12929,14288,504,27721
MN,Wright,27171,26343,37779,1456,65578,26584,41460,1506,69550,20334,43274,6010,69618,28430,51973,2023,82426,30883,57211,1606,89700
MN,Yellow Medicine,27173,2816,2579,174,5569,2465,2806,126,5397,1524,3382,370,5276,1688,3734,106,5528,1548,3738,105,5391
MO,Adair,29001,5735,5891,245,11871,4218,5648,255,10121,3500,6030,696,10226,3710,6413,213,10336,3334,6771,129,10234
MO,Andrew,29003,3345,5279,166,8790,2649,5457,200,8306,2045,6665,430,9140,2351,7255,146,9752,2312,7407,127,9846
MO,Atchison,29005,1000,1936,40,2976,756,1902,51,2709,541,2060,123,2724,564,2199,51,2814,529,2152,32,2713
MO,Audrain,29007,4434,6167,180,10781,3538,6186,227,9951,2570,6981,510,10061,2704,7732,220,10656,2688,7699,132,10519
MO,Barry,29009,4630,9758,256,14644,3667,9832,307,13806,2710,11428,467,14605,2948,12425,225,15598,2873,13138,149,16160
MO,Barton,29011,1455,4414,79,5948,1232,4416,98,5746,795,4959,185,5939,844,5168,65,6077,820,5159,35,6014
MO,Bates,29013,3271,4833,179,8283,2557,5020,194,7771,1618,6001,404,8023,1672,6597,147,8416,1563,6702,75,8340
MO,Benton,29015,3629,5759,179,9567,2925,6069,163,9157,2025,7213,74,9312,2180,8109,187,10476,2166,8526,77,10769
MO,Bollinger,29017,1690,3972,122,5784,1213,4094,148,5455,705,4827,144,5676,750,5167,66,5983,756,5365,40,6161
MO,Boone,29019,47062,36849,1340,85251,39782,37343,2171,79296,41125,36200,6543,83868,50064,38646,2458,91168,48452,39673,1853,89978
MO,Buchanan,29021,19164,19110,766,39040,15594,18660,852,35106,12013,21320,2326,35659,13445,22450,703,36598,12598,22606,533,35737
MO,Butler,29023,5316,11805,217,17338,4363,12248,278,16889,3036,13650,573,17259,3301,14602,238,18141,3160,14549,150,17859
MO,Caldwell,29025,1814,2654,96,4564,1313,2724,134,4171,838,3232,242,4312,897,3725,60,4682,888,3771,44,4703
MO,Callaway,29027,7580,11389,352,19321,6070,11742,416,18228,4989,13057,1147,19193,5870,14815,459,21144,5926,15206,315,21447
MO,Camden,29029,7773,14074,286,22133,6458,15089,395,21942,4768,16944,802,22514,5652,18850,310,24812,5724,19597,227,25548
MO,Cape Girardeau,29031,12208,24768,379,37355,9713,25343,616,35672,8492,27017,1529,37038,10760,28907,661,40328,10561,29315,460,40336
MO,Carroll,29033,1535,2955,48,4538,1154,3072,78,4304,745,3480,136,4361,786,3706,40,4532,789,3708,31,4528
MO,Carter,29035,984,1840,74,2898,754,1978,67,2799,436,2324,84,2844,418,2451,28,2897,364,2488,10,2862
MO,Cass,29037,19844,29695,640,50179,17044,30912,957,48913,14846,33098,3046,50990,19052,37197,1159,57408,19753,38792,782,59327
MO,Cedar,29039,2060,4194,100,6354,1536,4375,132,6043,1011,5021,256,6288,1145,5788,111,7044,1060,6064,63,7187
MO,Chariton,29041,1799,2339,76,4214,1339,2402,80,3821,888,2950,131,3969,916,3111,50,4077,875,3179,34,4088
MO,Christian,29043,11883,25382,432,37697,9809,27465,678,37952,8508,30946,2077,41531,11131,34920,788,46839,11850,38379,541,50770
MO,Clark,29045,1572,1782,102,3456,1398,1730,97,3225,724,2458,33,3215,678,2672,44,3394,628,2679,26,3333
MO,Clay,29047,53761,54516,1329,109606,47250,56131,2084,105465,45304,57476,7396,110176,59400,64605,2564,126569,60345,67688,2030,130063
MO,Clinton,29049,4545,5709,200,10454,3685,5904,241,9830,2572,7067,569,10208,2896,7799,193,10888,2855,8235,138,11228
MO,Cole,29051,13959,24385,401,38745,12003,24488,567,37058,10913,24616,1845,37374,12694,26086,749,39529,12874,26686,568,40128
MO,Cooper,29053,2996,4902,128,8026,2474,4887,150,7511,1932,5624,430,7986,2249,6272,172,8693,2347,6393,93,8833
MO,Crawford,29055,3911,6007,167,10085,2951,6434,194,9579,1824,7724,148,9696,2113,8725,135,10973,2007,8742,80,10829
MO,Dade,29057,1184,2864,64,4112,939,2895,62,3896,637,3184,130,3951,656,3414,49,4119,671,3480,34,4185
MO,Dallas,29059,2656,4895,132,7683,2122,4992,165,7279,1272,5895,286,7453,1380,6619,105,8104,1458,6907,75,8440
MO,Daviess,29061,1400,2263,123,3786,1124,2282,106,3512,730,2767,96,3593,746,3102,63,3911,701,3185,39,3925
MO,DeKalb,29063,1692,2889,102,4683,1194,3056,100,4350,824,3540,230,4594,930,3828,85,4843,870,3885,59,4814
MO,Dent,29065,2056,4655,157,6868,1585,4883,175,6643,978,5600,213,6791,1056,5987,99,7142,1025,6013,65,7103
MO,Douglas,29067,2140,4405,167,6712,1709,4649,198,6556,984,5486,196,6666,1016,5898,86,7000,996,6242,51,7289
MO,Dunklin,29069,4540,7044,180,11764,3635,6849,165,10649,2360,8026,192,10578,2200,8135,84,10419,1885,8096,70,10051
MO,Franklin,29071,21256,27355,682,49293,16294,29271,1008,46573,12341,35430,2342,50113,14569,38058,1058,53685,14694,40126,634,55454
MO,Gasconade,29073,2899,4763,109,7771,2099,4895,140,7134,1520,5670,255,7445,1601,6222,100,7923,1555,6370,71,7996
MO,Gentry,29075,1235,1964,93,3292,937,1986,74,2997,605,2304,134,3043,613,2581,43,3237,616,2651,25,3292
MO,Greene,29077,56181,77683,1831,135695,46130,76786,2723,125639,42728,78035,8468,129231,55068,83630,3102,141800,55971,85956,2008,143935
MO,Grundy,29079,1580,3006,154,4740,1212,3030,132,4374,780,3462,68,4310,799,3585,53,4437,784,3582,34,4400
MO,Harrison,29081,1287,2512,116,3915,984,2624,87,3695,574,2965,150,3689,597,3198,31,3826,534,3293,18,3845
MO,Henry,29083,4869,6095,195,11159,3604,6229,288,10121,2357,7075,434,9866,2619,8027,142,10788,2535,8286,111,10932
MO,Hickory,29085,2171,2850,94,5115,1733,2835,112,4680,1016,3542,166,4724,1056,3966,58,5080,978,4108,34,5120
MO,Holt,29087,802,1794,37,2633,551,1725,34,2310,347,1926,82,2355,338,1976,29,2343,357,1982,13,2352
MO,Howard,29089,2036,2708,111,4855,1722,3012,127,4861,1283,3277,308,4868,1413,3553,126,5092,1341,3534,80,4955
MO,Howell,29091,5736,10982,311,17029,4393,11541,407,16341,2881,13893,681,17455,3218,15181,251,18650,3073,15733,157,18963
MO,Iron,29093,2213,2090,111,4414,1669,2252,110,4031,933,3173,163,4269,945,3596,51,4592,824,3644,49,4517
MO,Jackson,29095,210824,124687,3755,339266,180100,121891,4863,306854,168972,116211,16693,301876,199842,126535,6686,333063,187026,125610,5066,317702
MO,Jasper,29097,15730,31667,628,48025,12808,31345,1060,45213,10572,35070,2684,48326,13549,37728,1075,52352,13943,39084,729,53756
MO,Jefferson,29099,53467,50804,1433,105704,41570,53973,2070,97613,31568,69036,5634,106238,37523,77046,2119,116688,36965,80796,1526,119287
MO,Johnson,29101,9480,12183,417,22080,7661,12750,590,21001,5930,13719,1483,21132,6974,15489,660,23123,6960,16298,333,23591
MO,Knox,29103,759,1212,53,2024,698,1205,54,1957,379,1416,75,1870,340,1486,28,1854,311,1479,20,1810
MO,Laclede,29105,5218,10875,230,2024,4093,10934,334,15361,2553,12881,617,16051,2780,13762,251,16793,2756,14155,165,17076
MO,Lafayette,29107,6902,9442,256,16600,5650,9800,336,15786,4053,10988,835,15876,4472,12273,310,17055,4294,12720,230,17244
MO,Lawrence,29109,5097,11263,277,16637,4014,11417,317,15748,2901,13089,725,16715,3214,14426,265,17905,3248,15001,168,18417
MO,Lewis,29111,1837,2594,71,4502,1507,2677,94,4278,934,3344,178,4456,984,3553,72,4609,872,3565,47,4484
MO,Lincoln,29113,10234,12924,392,23550,7733,14330,586,22649,5575,18159,1228,24962,6607,21848,563,29018,6908,24866,355,32129
MO,Linn,29115,2638,3140,153,5931,2031,3331,165,5527,1240,4088,259,5587,1275,4363,88,5726,1183,4437,64,5684
MO,Livingston,29117,2435,3993,124,6552,1906,4006,142,6054,1265,4879,277,6421,1410,5267,81,6758,1422,5395,54,6871
MO,Macon,29121,2784,4586,104,7474,2309,4700,150,7159,1548,5798,275,7621,1662,6076,98,7836,1481,6300,57,7838
MO,Madison,29123,2042,2897,89,5028,1588,3227,115,4930,1005,4102,214,5321,1019,4584,73,5676,986,4721,46,5753
MO,Maries,29125,1599,2853,96,4548,1299,3165,74,4538,794,3561,145,4500,814,3892,65,4771,755,3987,44,4786
MO,Marion,29127,4703,7705,145,12553,4034,7926,204,12164,2994,9419,525,12938,3202,9915,231,13348,3032,9991,125,13148
MO,McDonald,29119,2454,5499,182,8135,1920,5694,203,7817,1329,6599,314,8242,1439,7465,149,9053,1423,7843,72,9338
MO,Mercer,29129,519,1169,60,1748,353,1255,47,1655,216,1486,43,1745,222,1541,16,1779,235,1545,12,1792
MO,Miller,29131,3553,7797,185,11535,2651,8099,269,11019,1750,9285,381,11416,2038,10176,168,12382,2067,10826,116,13009
MO,Mississippi,29133,2247,3034,75,5356,1857,2996,65,4918,1458,3600,111,5169,1178,3537,41,4756,1015,3404,30,4449
MO,Moniteau,29135,2084,4467,114,6665,1608,4703,131,6442,1237,5347,246,6830,1308,5744,105,7157,1313,5877,83,7273
MO,Monroe,29137,1703,2533,78,4314,1398,2564,95,4057,853,3159,144,4156,936,3477,70,4483,857,3476,43,4376
MO,Montgomery,29139,2347,3428,81,5856,1734,3486,97,5317,1119,4127,183,5429,1208,4465,99,5772,1170,4776,50,5996
MO,Morgan,29141,3565,5451,133,9149,2773,5733,182,8688,1768,6760,293,8821,1924,7442,121,9487,1914,7725,94,9733
MO,New Madrid,29143,3370,4593,129,8092,2814,4284,152,7250,1933,5270,154,7357,1748,5447,55,7250,1561,5203,47,6811
MO,Newton,29145,7450,17637,319,25406,6425,18179,476,25080,4990,20553,1063,26606,5818,22120,467,28405,5867,22923,293,29083
MO,Nodaway,29147,4493,5568,158,10219,3172,5593,211,8976,2529,6380,549,9458,2853,6865,175,9893,2674,6909,99,9682
MO,Oregon,29149,1811,2652,128,4591,1419,2886,116,4421,865,3671,132,4668,823,3847,69,4739,696,3884,32,4612
MO,Osage,29151,1907,5062,110,7079,1472,5330,116,6918,998,5856,236,7090,1037,6425,77,7539,1009,6657,59,7725
MO,Ozark,29153,1661,2918,107,4686,1261,3080,112,4453,724,3639,142,4505,752,4064,48,4864,698,4044,37,4779
MO,Pemiscot,29155,3029,3954,64,7047,2671,3596,66,6333,1947,3964,116,6027,1560,4120,55,5735,1331,3917,22,5270
MO,Perry,29157,3005,5527,115,8647,2184,5669,134,7987,1520,6908,312,8740,1664,7657,126,9447,1757,7986,80,9823
MO,Pettis,29159,6932,11018,258,18208,5902,10840,429,17171,4324,12810,977,18111,4783,13854,460,19097,4703,13907,267,18877
MO,Phelps,29161,7394,11706,338,19438,5798,11893,497,18188,4766,12709,1078,18553,5637,13480,451,19568,5379,13658,257,19294
MO,Pike,29163,3487,4268,126,7881,2581,4576,162,7319,1806,5274,302,7382,1717,5863,115,7695,1618,6151,55,7824
MO,Platte,29165,21495,24460,561,46480,19171,25617,759,45547,20057,25933,2895,48885,27179,28917,1174,57270,27566,29381,840,57787
MO,Polk,29167,4553,8956,188,13697,3580,9252,287,13119,2631,10438,694,13763,2885,11850,329,15064,2948,12691,178,15817
MO,Pulaski,29169,5249,9552,199,15000,4199,9092,280,13571,2922,9876,690,13488,3740,10329,345,14414,3765,11579,201,15545
MO,Putnam,29171,695,1591,53,2339,587,1673,49,2309,353,1936,57,2346,361,1984,16,2361,347,2021,12,2380
MO,Ralls,29173,2041,2987,56,5084,1736,3231,69,5036,1138,3969,159,5266,1205,4396,61,5662,1154,4575,48,5777
MO,Randolph,29175,3984,6457,183,10624,3031,6667,246,9944,2283,7529,497,10309,2485,8018,241,10744,2571,8322,132,11025
MO,Ray,29177,5241,5593,219,11053,4264,5805,277,10346,3090,7104,675,10869,3109,8345,195,11649,2927,8602,133,11662
MO,Reynolds,29179,1418,1782,87,3287,1155,1927,114,3196,540,2406,92,3038,529,2733,36,3298,472,2560,25,3057
MO,Ripley,29181,1795,3407,161,5363,1396,3743,124,5263,830,4522,172,5524,833,4839,45,5717,763,5002,39,5804
MO,Saline,29195,4712,4962,174,9848,3785,5096,214,9095,2789,5977,508,9274,2904,6451,164,9519,2726,6498,106,9330
MO,Schuyler,29197,775,1139,69,1983,697,1174,68,1939,354,1505,77,1936,373,1606,24,2003,334,1588,23,1945
MO,Scotland,29199,793,1249,56,2098,643,1246,47,1936,365,1525,78,1968,388,1560,36,1984,358,1537,23,1918
MO,Scott,29201,6258,11563,205,18026,5122,11623,254,16999,3575,13168,513,17256,3753,13769,197,17719,3525,13786,107,17418
MO,Shannon,29203,1637,2075,126,3838,1300,2260,128,3688,776,2966,162,3904,706,3165,35,3906,625,3364,24,4013
MO,Shelby,29205,1114,2166,36,3316,966,2188,78,3232,606,2524,125,3255,592,2700,58,3350,550,2691,21,3262
MO,St. Charles,29183,84183,102550,1796,188529,71798,110732,3067,185597,68626,121650,10729,201005,89530,128389,4098,222017,92226,130588,3238,226052
MO,St. Clair,29185,1886,2981,121,4988,1460,3019,147,4626,936,3501,193,4630,988,3932,54,4974,959,3982,46,4987
MO,St. Francois,29187,11540,12660,350,24550,8837,13248,505,22590,6250,17468,1010,24728,7044,20511,446,28001,6811,21521,282,28614
MO,St. Louis,29510,132925,24662,1271,158858,116654,22617,1864,141135,104235,20832,6124,131191,110089,21474,2304,133867,94458,19342,2282,116082
MO,St. Louis,29189,333123,221705,5026,559854,294735,223102,6791,524628,286704,202434,25720,514858,328151,199493,8802,536446,305635,187982,8739,502356
MO,Ste. Genevieve,29186,4979,3732,114,8825,3813,4055,202,8070,2542,5496,431,8469,2713,6630,141,9484,2629,7031,115,9775
MO,Stoddard,29207,3899,9172,191,13262,3153,9496,217,12866,1876,11079,336,13291,1819,11484,123,13426,1736,11783,80,13599
MO,Stone,29209,5029,11147,211,16387,3920,11780,274,15974,2887,13158,522,16567,3506,14800,177,18483,3620,15357,145,19122
MO,Sullivan,29211,1173,1607,89,2869,908,1610,77,2595,526,1884,76,2486,478,1974,19,2471,408,2035,20,2463
MO,Taney,29213,6683,14736,245,21664,5462,15713,433,21608,4373,18276,866,23515,5339,20508,441,26288,5329,21236,246,26811
MO,Texas,29215,3410,7215,226,10851,2871,7618,275,10764,1728,8875,353,10956,1716,9478,121,11315,1589,9855,81,11525
MO,Vernon,29217,3381,5334,163,8878,2580,5756,183,8519,1707,6533,359,8599,1903,7155,127,9185,1774,7112,87,8973
MO,Warren,29219,6705,8675,196,15576,5219,9150,307,14676,3915,11111,758,15784,4769,13222,384,18375,4970,14915,209,20094
MO,Washington,29221,4711,4706,197,9614,3402,5008,206,8616,1926,7048,308,9282,1804,8047,125,9976,1747,8424,64,10235
MO,Wayne,29223,2243,3784,127,6154,1811,3790,117,5718,948,4658,49,5655,845,4987,46,5878,783,5030,34,5847
MO,Webster,29225,5685,10431,240,16356,4407,10702,312,15421,3177,12840,726,16743,3573,14880,326,18779,3653,15984,171,19808
MO,Worth,29227,427,707,40,1174,341,664,43,1048,195,808,43,1046,215,877,15,1107,190,904,11,1105
MO,Wright,29229,2557,5784,173,8514,1953,5831,172,7956,1170,6707,242,8119,1168,7453,118,8739,1057,7850,71,8978
MS,Adams,28001,9021,6566,109,15696,7999,5542,80,13621,7757,5874,205,13836,7917,5696,146,13759,6743,5081,104,11928
MS,Alcorn,28003,4130,10805,247,15182,3449,11027,206,14682,2684,11819,280,14783,2782,12818,211,15811,2328,12657,127,15112
MS,Amite,28005,3348,4245,57,7650,3218,4393,50,7661,2697,4289,64,7050,2620,4503,84,7207,2246,4484,85,6815
MS,Attala,28007,3849,5273,61,9183,3368,4452,33,7853,3242,4897,117,8256,3542,5178,112,8832,2930,4723,50,7703
MS,Benton,28009,2227,2329,82,4638,2026,2030,24,4080,1719,2251,43,4013,1679,2570,43,4292,1318,2535,27,3880
MS,Bolivar,28011,10334,4891,156,15381,9772,4346,140,14258,9046,4590,188,13824,8904,4671,180,13755,6419,3943,73,10435
MS,Calhoun,28013,2522,4467,45,7034,2250,3961,62,6273,1910,4390,96,6396,1902,4625,68,6595,1547,4443,44,6034
MS,Carroll,28015,2037,3902,26,5965,1990,3953,25,5968,1680,3799,49,5528,1729,3924,52,5705,1431,3730,33,5194
MS,Chickasaw,28017,4588,4395,75,9058,3914,3601,126,7641,3649,4127,114,7890,3810,4175,163,8148,3090,4079,65,7234
MS,Choctaw,28019,1459,2624,45,4128,1283,2533,31,3847,1218,2788,59,4065,1185,3001,39,4225,965,2881,44,3890
MS,Claiborne,28021,4682,748,23,5453,4633,608,17,5258,3708,540,24,4272,3772,603,78,4453,2950,558,33,3541
MS,Clarke,28023,3121,5229,47,8397,2695,4415,89,7199,2585,5137,69,7791,2838,5417,92,8347,2430,5093,48,7571
MS,Clay,28025,6558,4466,68,11092,5860,3735,64,9659,5722,4150,131,10003,5844,4181,181,10206,4960,4017,80,9057
MS,Coahoma,28027,7597,2917,54,10568,7164,2356,43,9563,6378,2426,108,8912,6020,2375,112,8507,4711,2008,71,6790
MS,Copiah,28029,7710,6701,91,14502,7201,5714,87,13002,6741,6103,138,12982,6470,6250,177,12897,5426,6134,105,11665
MS,Covington,28031,3852,5523,86,9461,3800,5282,63,9145,3276,5435,100,8811,3416,5854,101,9371,2921,5869,71,8861
MS,DeSoto,28033,19627,44222,474,64323,20979,42399,648,64026,20591,43089,2015,65695,28265,46462,1521,76248,29023,48064,1995,79082
MS,Forrest,28035,11622,15296,266,27184,12079,15339,371,27789,11716,15461,887,28064,13755,17290,680,31725,11475,16579,412,28466
MS,Franklin,28037,1733,2909,43,4685,1706,2705,32,4443,1502,2721,67,4290,1480,2923,61,4464,1213,2831,22,4066
MS,George,28039,1532,7700,103,9335,1352,8353,121,9826,1027,8696,168,9891,1218,9713,133,11064,1138,9858,73,11069
MS,Greene,28041,1366,4361,62,5789,1325,4528,66,5919,974,4335,60,5369,966,4794,56,5816,835,4776,38,5649
MS,Grenada,28043,5029,6234,58,11321,5279,5980,61,11320,4424,5970,119,10513,4734,6081,104,10919,4060,5651,55,9766
MS,Hancock,28045,3768,13020,268,17056,3879,12859,285,17023,3344,13811,482,17637,4504,16132,321,20957,4262,16684,229,21175
MS,Harrison,28047,22673,38757,527,61957,22242,38646,714,61602,21169,40354,1790,63313,27728,46822,1315,75865,26555,48497,871,75923
MS,Hinds,28049,75401,32949,552,108902,70512,26450,677,97639,67594,25275,1812,94681,73550,25141,1500,100191,62840,22816,1174,86830
MS,Holmes,28051,7765,1714,64,9543,6775,1264,37,8076,6689,1309,78,8076,6588,1369,158,8115,5420,1243,67,6730
MS,Humphreys,28053,3634,1462,30,5126,3399,1069,13,4481,3071,1151,31,4253,3016,1118,55,4189,2443,990,35,3468
MS,Issaquena,28055,579,364,7,950,479,302,6,787,395,298,6,699,355,308,13,676,287,296,39,622
MS,Itawamba,28057,2084,7663,204,9951,1599,6925,205,8729,1117,8470,150,9737,1249,9438,139,10826,1027,9523,71,10621
MS,Jackson,28059,17781,35993,522,54296,15452,33262,576,49290,14657,33629,1281,49567,17375,36295,953,54623,15469,36376,565,52410
MS,Jasper,28061,5025,4135,50,9210,5097,4193,50,9340,4368,4038,69,8475,4341,4302,99,8742,3722,4118,50,7890
MS,Jefferson,28063,3883,551,44,4478,3508,431,14,3953,3337,490,33,3860,3327,531,53,3911,2727,541,31,3299
MS,Jefferson Davis,28065,4454,2871,45,7370,4094,2439,85,6618,3720,2466,51,6237,3599,2534,80,6213,3041,2302,35,5378
MS,Jones,28067,8846,20157,270,29273,9146,20635,257,30038,7791,20133,428,28352,8517,21226,348,30091,7272,20265,218,27755
MS,Kemper,28069,3256,1935,32,5223,3239,1789,24,5052,2827,1778,34,4639,2887,1787,58,4732,2381,1691,14,4086
MS,Lafayette,28071,7997,10278,185,18460,7098,9772,321,17191,7969,10872,802,19643,10070,12949,462,23481,8956,14050,403,23409
MS,Lamar,28073,5159,18497,254,23910,5037,17472,271,22780,5190,18751,651,24592,7340,20704,482,28526,7038,20775,358,28171
MS,Lauderdale,28075,13332,19582,200,33114,12642,17322,249,30213,11269,17741,496,29506,12960,17967,339,31266,10677,16487,243,27407
MS,Lawrence,28077,2587,4369,53,7009,2394,4153,37,6584,2195,4091,78,6364,2260,4285,72,6617,1899,4113,41,6053
MS,Leake,28079,4151,5148,60,9359,3599,4283,39,7921,3584,4782,83,8449,3897,5228,79,9204,3182,5143,55,8380
MS,Lee,28081,12021,22694,245,34960,12043,22004,316,34363,10029,22220,664,32913,12189,24207,607,37003,10616,24339,383,35338
MS,Leflore,28083,8914,4105,62,13081,8423,3115,62,11600,7787,3212,141,11140,7648,3129,116,10893,6476,2854,91,9421
MS,Lincoln,28085,5505,10781,116,16402,4879,9333,91,14303,4458,10550,185,15193,5040,11596,182,16818,4262,11432,108,15802
MS,Lowndes,28087,13209,13994,262,27465,12037,12399,238,24674,11819,13271,485,25575,13087,13800,386,27273,11096,13087,243,24426
MS,Madison,28089,19831,27203,235,47269,20722,28507,342,49571,20343,28265,1194,49802,24440,31091,804,56335,22700,32333,677,55710
MS,Marion,28091,4422,8513,75,13010,3833,7118,90,11041,3677,7836,180,11693,3787,8273,134,12194,3215,7874,99,11188
MS,Marshall,28093,9685,6683,110,16478,9581,6444,116,16141,8023,6587,229,14839,8057,7566,207,15830,6888,7977,118,14983
MS,Monroe,28095,7169,10184,143,17496,6990,9661,138,16789,5524,10167,193,15884,5874,11177,228,17279,5090,10861,118,16069
MS,Montgomery,28097,2609,3071,32,5712,2245,2543,19,4807,2115,2818,63,4996,2121,2917,40,5078,1737,2658,29,4424
MS,Neshoba,28099,3114,8209,79,11402,3030,7772,88,10890,2715,7679,159,10553,3260,8320,140,11720,2622,8154,85,10861
MS,Newton,28101,3218,6579,58,9855,3069,5909,61,9039,2756,6548,134,9438,3075,6997,117,10189,2603,6641,79,9323
MS,Noxubee,28103,5030,1525,34,6589,4920,1325,19,6264,4347,1200,27,5574,4040,1240,61,5341,3269,1151,29,4449
MS,Oktibbeha,28105,9326,9320,146,18792,8030,7728,243,16001,8859,8576,689,18124,10299,9004,509,19812,8851,8901,299,18051
MS,Panola,28107,8690,7620,106,16416,9079,7629,118,16826,7431,7449,184,15064,7403,8060,172,15635,6061,8202,159,14422
MS,Pearl River,28109,4320,17881,242,22443,3813,15836,289,19938,3604,17782,497,21883,4148,19595,313,24056,3982,20438,251,24671
MS,Perry,28111,1533,4067,64,5664,1519,4110,57,5686,1220,4135,77,5432,1362,4500,60,5922,1078,4425,36,5539
MS,Pike,28113,9276,8651,128,18055,9304,7986,139,17429,8043,8009,258,16310,8646,8479,235,17360,7402,7943,140,15485
MS,Pontotoc,28115,2982,9727,159,12868,2785,9403,160,12348,2386,10336,262,12984,2614,11550,213,14377,2214,11740,114,14068
MS,Prentiss,28117,3020,7703,221,10944,2817,7075,141,10033,2067,7648,157,9872,2153,8370,138,10661,1727,8581,73,10381
MS,Quitman,28119,2803,1334,31,4168,2837,1116,26,3979,2312,1001,52,3365,2150,1026,53,3229,1725,902,50,2677
MS,Rankin,28121,14372,48140,591,63103,14425,46318,695,61438,14110,47178,1480,62768,18847,50895,913,70655,18060,50896,722,69678
MS,Scott,28123,5025,6584,62,11671,4774,5728,82,10584,4268,6122,132,10522,4330,6285,129,10744,3729,6098,64,9891
MS,Sharkey,28125,1907,873,15,2795,1571,675,12,2258,1479,692,19,2190,1465,688,30,2183,1201,551,14,1766
MS,Simpson,28127,4817,7641,152,12610,4723,7424,102,12249,3874,7393,152,11419,4037,7635,148,11820,3479,7552,63,11094
MS,Smith,28129,1968,6265,72,8305,1979,6049,71,8099,1617,5928,82,7627,1791,6458,78,8327,1486,6146,44,7676
MS,Stone,28131,1996,5149,101,7246,1794,4924,102,6820,1573,5306,166,7045,1802,5964,112,7878,1620,6214,85,7919
MS,Sunflower,28133,7838,3245,110,11193,7989,2907,99,10995,6725,2794,79,9598,6781,2799,103,9683,5312,2515,49,7876
MS,Tallahatchie,28135,4105,2786,52,6943,3838,2480,45,6363,3337,2462,71,5870,3105,2488,98,5691,2630,2333,49,5012
MS,Tate,28137,5003,7678,97,12778,4572,6666,136,11374,3926,7495,206,11627,4183,8707,211,13101,3555,9185,121,12861
MS,Tippah,28139,2623,6937,165,9725,2254,6625,129,9008,1842,7240,153,9235,1937,8054,111,10102,1547,7984,60,9591
MS,Tishomingo,28141,1962,6249,208,8419,1623,6070,157,7850,999,7166,206,8371,1059,7933,155,9147,921,8064,65,9050
MS,Tunica,28143,3279,1017,36,4332,3371,867,24,4262,2667,853,47,3567,2580,926,59,3565,1837,799,32,2668
MS,Union,28145,2985,9072,138,12195,2481,7759,119,10359,2012,9235,249,11496,2160,10373,150,12683,1807,10559,112,12478
MS,Walthall,28147,3456,4253,71,7780,3386,4012,78,7476,2790,4056,73,6919,2835,4220,67,7122,2355,4114,60,6529
MS,Warren,28149,10489,11152,123,21764,9899,9390,140,19429,9284,9767,365,19416,10442,10365,249,21056,8683,9407,208,18298
MS,Washington,28151,13148,6347,88,19583,12188,4870,79,17137,11380,5244,201,16825,12503,5300,222,18025,9735,4649,156,14540
MS,Wayne,28153,3890,6070,62,10022,4116,6080,73,10269,3524,5990,85,9599,3624,6307,134,10065,3028,6013,78,9119
MS,Webster,28155,1349,4072,36,5457,1087,3684,49,4820,1019,3976,74,5069,1043,4291,68,5402,872,4195,28,5095
MS,Wilkinson,28157,3534,1560,45,5139,2940,1275,23,4238,2857,1318,43,4218,2749,1324,57,4130,1817,1075,39,2931
MS,Winston,28159,4653,5497,71,10221,4557,5147,54,9758,3850,4910,121,8881,4040,5112,92,9244,3392,4922,70,8384
MS,Yalobusha,28161,3151,3628,47,6826,2984,3261,48,6293,2582,3376,119,6077,2785,3671,82,6538,2289,3518,71,5878
MS,Yazoo,28163,6116,5290,71,11477,6220,4560,73,10853,5369,4598,103,10070,5496,4832,113,10441,4342,4558,71,8971
MT,Beaverhead,30001,1617,3008,138,4763,1347,3251,151,4749,1143,3353,353,4849,1608,3923,130,5661,1543,4058,193,5794
MT,Big Horn,30003,3516,1628,74,5218,2830,1655,76,4561,2094,1853,290,4237,2491,2207,86,4784,2112,2188,170,4470
MT,Blaine,30005,1702,1139,83,2924,1598,1169,65,2832,1202,1268,214,2684,1589,1469,59,3117,1348,1526,145,3019
MT,Broadwater,30007,365,756,28,1149,761,2150,94,3005,573,2348,212,3133,835,3173,89,4097,885,3770,155,4810
MT,Carbon,30009,2443,3108,195,5746,2126,3513,167,5806,1828,3748,415,5991,2421,4468,212,7101,2353,4719,225,7297
MT,Carter,30011,111,573,31,715,96,678,20,794,70,678,38,786,74,775,15,864,75,760,19,854
MT,Cascade,30013,17664,16857,867,35388,14949,18039,964,33952,12175,19632,2764,34571,15456,23315,1114,39885,14021,22419,1143,37583
MT,Chouteau,30015,1122,1634,105,2861,969,1751,84,2804,732,1679,192,2603,991,1891,92,2974,940,1885,109,2934
MT,Custer,30017,2267,3047,138,5452,1824,3353,159,5336,1176,3657,352,5185,1514,4205,164,5883,1385,4208,204,5797
MT,Daniels,30019,343,694,36,1073,236,735,30,1001,168,730,64,962,195,799,20,1014,154,778,19,951
MT,Dawson,30021,1593,2639,200,4432,1219,3024,174,4417,787,3320,267,4374,962,3758,117,4837,894,3627,117,4638
MT,Deer Lodge,30023,3402,1502,170,5074,2829,1431,148,4408,2058,1763,385,4206,2562,2186,143,4891,2376,2329,165,4870
MT,Fallon,30025,318,1064,50,1432,236,1123,40,1399,154,1279,51,1484,172,1375,28,1575,163,1303,41,1507
MT,Fergus,30027,1933,4108,191,6232,1628,4243,173,6044,1202,4269,369,5840,1496,4869,166,6531,1522,4965,225,6712
MT,Flathead,30029,16138,25559,2017,43714,13534,27694,1237,42465,13293,30240,3038,46571,20274,38321,1663,60258,20062,41390,1688,63140
MT,Gallatin,30031,24205,22578,1372,48155,21534,24051,1528,47113,24246,23802,5771,53819,37044,31696,2767,71507,34938,32695,2264,69897
MT,Garfield,30033,110,598,19,727,66,622,12,700,34,653,31,718,41,764,8,813,39,756,5,800
MT,Glacier,30035,3423,1451,96,4970,2784,1391,112,4287,3121,1620,334,5075,3610,1884,145,5639,2933,1939,206,5078
MT,Golden Valley,30037,124,343,24,491,110,351,18,479,71,365,38,474,78,414,11,503,67,440,8,515
MT,Granite,30039,601,1013,101,1715,533,1107,65,1705,472,1192,113,1777,638,1419,45,2102,579,1537,60,2176
MT,Hill,30041,3596,2787,241,6624,3372,3133,252,6757,2371,3478,596,6445,2981,3957,244,7182,2634,3871,299,6804
MT,Jefferson,30043,2582,3538,220,6340,2256,4042,192,6490,1998,4177,539,6714,2625,5345,221,8191,2516,5544,231,8291
MT,Judith Basin,30045,397,801,38,1236,336,852,24,1212,235,872,101,1208,275,1040,29,1344,265,1051,37,1353
MT,Lake,30047,6766,6498,649,13913,5715,7084,357,13156,4776,7530,875,13181,6916,9322,388,16626,6510,9880,520,16910
MT,Lewis and Clark,30049,17114,14966,793,32873,15479,16673,880,33032,14478,16895,3105,34478,19743,21409,1333,42485,19085,21479,1459,42023
MT,Liberty,30051,367,594,40,1001,257,698,28,983,206,698,57,961,249,821,13,1083,214,752,22,988
MT,Lincoln,30053,3025,5704,498,9227,2544,6045,280,8869,2041,6729,560,9330,2835,8672,240,11747,2615,8909,265,11789
MT,Madison,30057,321,726,44,1091,1285,3115,111,4511,1180,3297,301,4778,1771,4191,151,6113,1689,4615,157,6461
MT,McCone,30055,1607,2822,138,4567,221,742,25,988,154,862,44,1060,155,956,17,1128,129,931,22,1082
MT,Meagher,30059,298,624,44,966,269,670,33,972,193,729,55,977,258,833,19,1110,256,888,28,1172
MT,Mineral,30061,845,1053,97,1995,698,1212,99,2009,519,1330,163,2012,686,1828,49,2563,689,2049,95,2833
MT,Missoula,30063,36531,20743,1801,59075,34380,23285,1709,59374,31543,22250,5410,59203,43357,26347,2282,71986,42903,27306,2564,72773
MT,Musselshell,30065,636,1581,89,2306,482,1792,79,2353,332,1967,142,2441,413,2423,45,2881,396,2550,66,3012
MT,Park,30067,4173,4376,343,8892,3728,4637,269,8634,3595,4980,784,9359,5280,6025,313,11618,5224,6128,365,11717
MT,Petroleum,30069,68,227,5,300,49,240,9,298,30,278,14,322,39,298,14,351,37,284,3,324
MT,Phillips,30071,638,1423,62,2123,471,1688,69,2228,318,1723,130,2171,416,1936,34,2386,385,1753,51,2189
MT,Pondera,30073,1223,1588,74,2885,969,1666,69,2704,738,1799,186,2723,903,2031,61,2995,782,1972,98,2852
MT,Powder River,30075,208,802,28,1038,170,833,16,1019,127,884,42,1053,154,970,12,1136,131,963,12,1106
MT,Powell,30077,1021,1683,110,2814,884,1798,81,2763,551,2029,214,2794,752,2355,88,3195,710,2466,106,3282
MT,Prairie,30079,211,503,21,735,167,518,16,701,100,556,33,689,126,603,15,744,122,546,20,688
MT,Ravalli,30081,8400,13002,681,22083,6466,12817,514,19797,6223,14810,1523,22556,8763,19114,630,28507,8485,20617,802,29904
MT,Richland,30083,1203,3184,129,4516,992,3479,131,4602,671,3908,292,4871,875,4800,123,5798,778,4387,144,5309
MT,Roosevelt,30085,2564,1473,113,4150,2044,1503,71,3618,1560,1797,295,3652,1910,1996,122,4028,1680,2055,179,3914
MT,Rosebud,30087,1919,1768,123,3810,1478,2035,97,3610,987,2253,213,3453,1199,2486,99,3784,1095,2466,132,3693
MT,Sanders,30089,1970,3563,316,5849,1716,3971,201,5888,1218,4286,449,5953,1820,5660,172,7652,1705,6150,214,8069
MT,Sheridan,30091,953,987,66,2006,661,1203,56,1920,477,1241,117,1835,574,1403,53,2030,509,1321,82,1912
MT,Silver Bow,30093,11676,4818,471,16965,10782,5374,461,16617,8619,6376,1457,16452,10392,7745,690,18827,9386,8110,730,18226
MT,Stillwater,30095,1512,2991,164,4667,1209,3237,114,4560,908,3661,304,4873,1156,4462,123,5741,1056,4699,151,5906
MT,Sweet Grass,30097,541,1494,48,2083,473,1584,48,2105,402,1595,110,2107,549,1840,57,2446,525,1789,67,2381
MT,Teton,30099,1294,1874,104,3272,1073,2091,86,3250,808,2170,210,3188,1007,2608,80,3695,927,2533,108,3568
MT,Toole,30101,737,1317,67,2121,582,1440,80,2102,402,1497,138,2037,467,1596,60,2123,415,1571,60,2046
MT,Treasure,30103,156,314,16,486,114,317,22,453,59,351,33,443,78,373,9,460,57,367,18,442
MT,Valley,30105,1645,2121,145,3911,1386,2337,137,3860,886,2698,310,3894,1030,3135,107,4272,935,3019,125,4079
MT,Wheatland,30107,289,657,35,981,272,690,27,989,179,702,65,946,225,823,20,1068,209,843,34,1086
MT,Wibaux,30109,146,379,36,561,25,421,98,544,55,463,23,541,77,516,5,598,71,463,12,546
MT,Yellowstone,30111,32038,36483,1895,70416,26275,40421,1865,68561,22171,40920,6017,69108,30679,50772,2370,83821,28392,50460,2539,81391
NC,Alamance,37001,28918,34859,576,64353,28341,37712,585,66638,29833,38815,2509,71157,38825,46056,1210,86091,40624,47937,1007,89568
NC,Alexander,37003,5167,11790,297,17254,4591,12207,262,17060,3767,13893,611,18271,4145,15888,203,20236,4060,16404,161,20625
NC,Alleghany,37005,2021,3124,118,5263,1574,3378,73,5025,1306,3814,195,5315,1486,4527,63,6076,1533,4900,47,6480
NC,Anson,37007,6456,4207,70,10733,6894,4125,53,11072,5859,4506,180,10545,5789,5321,84,11194,5253,5525,81,10859
NC,Ashe,37009,4872,7916,281,13069,4100,8207,179,12486,3500,9412,512,13424,4164,11451,199,15814,4431,11629,127,16187
NC,Avery,37011,2178,5681,84,7943,1861,5708,88,7657,1689,6298,262,8249,2191,7172,95,9458,2220,7181,67,9468
NC,Beaufort,37013,9454,13460,96,23010,9399,13918,151,23468,8764,14543,631,23938,9633,16437,245,26315,9049,17296,176,26521
NC,Bertie,37015,6365,3376,22,9763,6537,3367,37,9941,5778,3456,113,9347,5939,3817,59,9815,5279,3840,51,9170
NC,Bladen,37017,7853,7532,95,15480,8277,7947,127,16351,7058,8550,289,15897,7326,9676,123,17125,6620,10035,88,16743
NC,Brunswick,37019,21331,30753,524,52608,21932,34587,466,56985,23282,42720,2349,68351,33310,55850,1015,90175,40557,67658,834,109049
NC,Buncombe,37021,69716,52494,1585,123795,70066,54429,1706,126201,75452,55716,7779,138947,96515,62412,2642,161569,98662,59016,2207,159885
NC,Burke,37023,14901,22102,440,37443,13577,22109,430,36116,11251,26238,1431,38920,13118,31019,465,44602,13272,32130,331,45733
NC,Cabarrus,37025,31546,45924,524,77994,32453,49125,867,82445,35521,53819,3949,93289,52162,63237,1828,117227,54494,63746,1580,119820
NC,Caldwell,37027,12081,22526,548,35155,10795,23069,474,34338,8425,26621,1274,36320,10245,32119,465,42829,10146,33009,296,43451
NC,Camden,37029,1597,3140,84,4821,1456,2995,69,4520,1274,3546,186,5006,1537,4312,104,5953,1522,4716,54,6292
NC,Carteret,37031,11130,23131,336,34597,10197,24598,329,35124,9939,26569,1273,37781,12093,30028,574,42695,12813,32508,372,45693
NC,Caswell,37033,5545,5208,109,10862,5183,5471,82,10736,4792,6026,252,11070,4860,7089,102,12051,4493,7445,87,12025
NC,Catawba,37035,25656,42993,802,69451,23954,44386,762,69102,21216,48324,2811,72351,25689,56588,1148,83425,26569,59577,739,86885
NC,Chatham,37037,17862,14668,350,32880,18252,16578,327,35157,21065,17105,1679,39849,26787,21186,626,48599,29014,22507,577,52098
NC,Cherokee,37039,3785,8643,158,12586,3339,9201,155,12695,2860,10844,477,14181,3583,12628,212,16423,3686,13883,179,17748
NC,Chowan,37041,3688,3773,51,7512,3507,3872,45,7424,2992,4014,222,7228,3247,4471,66,7784,2895,4587,51,7533
NC,Clay,37043,1734,3707,102,5543,1573,3952,67,5592,1367,4437,206,6010,1699,5112,82,6893,1899,5761,48,7708
NC,Cleveland,37045,17363,26078,394,43835,16734,25440,368,42542,14964,28479,1230,44673,16955,33798,555,51308,16603,34654,345,51602
NC,Columbus,37047,11076,12994,212,24282,10973,12863,181,24017,9063,14272,397,23732,9446,16832,168,26446,8648,17592,123,26363
NC,Craven,37049,19352,24901,345,44598,18556,26654,375,45585,17630,27731,1640,47001,21148,31032,885,53065,22011,33477,540,56028
NC,Cumberland,37051,74693,52151,731,127575,74991,50191,910,126092,71605,51265,4636,127506,84469,60032,2649,147150,78631,59840,1704,140175
NC,Currituck,37053,3737,7234,131,11102,3521,7431,201,11153,2913,9163,593,12669,4195,11657,295,16147,4604,13235,171,18010
NC,Dare,37055,8074,9745,229,18048,7258,10102,254,17614,7222,11460,927,19609,9936,13938,358,24232,10074,14792,249,25115
NC,Davidson,37057,22433,45419,729,68581,20291,48935,768,69994,18109,54317,2430,74856,22636,64658,1220,88514,24150,67959,982,93091
NC,Davie,37059,6178,13981,209,20368,5652,14568,198,20418,5270,15602,884,21756,6713,18228,370,25311,6988,19398,318,26704
NC,Duplin,37061,8958,10834,112,19904,8923,11330,122,20375,8283,12217,356,20856,8767,13793,155,22715,8057,14677,130,22864
NC,Durham,37063,103456,32353,1088,136897,109185,33326,1317,143828,121250,28350,6534,156134,144688,32459,2767,179914,144450,32853,2886,180189
NC,Edgecombe,37065,17403,8445,82,25930,18249,8494,83,26826,16224,8261,401,24886,16089,9206,182,25477,14900,9355,161,24416
NC,Forsyth,37067,91085,73674,1374,166133,91606,79177,1549,172332,94464,75975,7873,178312,113033,85064,3173,201270,114145,87292,2491,203928
NC,Franklin,37069,13085,13273,281,26639,13317,14480,262,28059,12874,16368,1126,30368,15879,20901,571,37351,18167,23938,421,42526
NC,Gaston,37071,31384,52507,511,84402,32903,55817,918,89638,31177,61798,3456,96431,40959,73033,1506,115498,44062,73828,1069,118959
NC,Gates,37073,2830,2547,43,5420,2745,2532,33,5310,2385,2874,133,5392,2546,3367,58,5971,2268,3538,54,5860
NC,Graham,37075,1265,2824,82,4171,1115,2743,52,3910,768,3283,117,4168,905,3710,50,4665,839,3883,47,4769
NC,Granville,37077,13074,11447,204,24725,13529,12332,207,26068,12909,13591,853,27353,14565,16647,386,31598,14365,17383,296,32044
NC,Greene,37079,3796,4272,35,8103,3761,4393,40,8194,3605,4374,116,8095,3832,4874,47,8753,3437,4965,40,8442
NC,Guilford,37081,142101,97718,1952,241771,145483,103964,2082,251529,149248,98062,10095,257405,173086,107294,4106,284486,171118,109077,3919,284114
NC,Halifax,37083,16047,8961,83,25091,16931,8686,107,25724,15748,9031,388,25167,15545,10080,134,25759,14014,9778,146,23938
NC,Harnett,37085,16785,23579,341,40705,16858,25070,415,42343,16737,27614,1714,46065,22093,35177,1023,58293,23472,39440,685,63597
NC,Haywood,37087,12730,14910,427,28067,11742,15553,384,27679,10473,18929,1325,30727,13144,22834,564,36542,13913,23393,418,37724
NC,Henderson,37089,20082,30930,602,51614,18519,32860,582,51961,19827,35809,2540,58176,27211,40032,1128,68371,29361,39497,793,69651
NC,Hertford,37091,7513,3089,48,10650,7815,3001,56,10872,6910,3099,177,10186,7097,3479,58,10634,6191,3561,67,9819
NC,Hoke,37093,9227,6293,107,15627,9915,6721,164,16800,9726,7760,744,18230,11804,9453,382,21639,11896,10547,281,22724
NC,Hyde,37095,1241,1212,16,2469,1157,1183,18,2358,965,1288,51,2304,1046,1418,28,2492,931,1465,21,2417
NC,Iredell,37097,27318,45148,696,73162,25952,49071,739,75762,24734,54754,3079,82567,33888,67010,1473,102371,36739,72801,1020,110560
NC,Jackson,37099,8766,7854,246,16866,8052,8224,280,16556,7713,9870,1130,18713,9591,11356,481,21428,9746,11796,322,21864
NC,Johnston,37101,26795,43622,600,71017,27052,48206,763,76021,28362,54372,3175,85909,41257,68353,1747,111357,48116,74878,1366,124360
NC,Jones,37103,2378,2817,32,5227,2335,2825,32,5192,2065,2974,96,5135,2197,3280,48,5525,2007,3409,42,5458
NC,Lee,37105,10784,12775,229,23788,10577,13000,223,23800,10469,13712,903,25084,12143,16469,396,29008,12245,17489,273,30007
NC,Lenoir,37107,13378,13401,118,26897,13350,13763,134,27247,12634,13613,560,26807,13605,14590,214,28409,12700,14564,201,27465
NC,Lincoln,37109,11713,23631,454,35798,10980,25184,368,36532,9897,28806,1320,40023,13274,36341,602,50217,14842,40183,408,55433
NC,Macon,37113,6620,10317,301,17238,5692,10817,241,16750,4876,12127,731,17734,6230,14211,302,20743,6675,14981,190,21846
NC,Madison,37115,5026,5192,161,10379,4466,5379,178,10023,3926,6783,560,11269,4901,7979,196,13076,5090,8275,196,13561
NC,Martin,37117,6539,5957,45,12541,6514,5963,64,12541,5846,5897,221,11964,5911,6532,97,12540,5360,6601,67,12028
NC,McDowell,37111,6571,11534,281,18386,6006,11732,215,17953,4667,14568,640,19875,5832,16883,288,23003,5911,17520,169,23600
NC,Mecklenburg,37119,253958,153848,3011,410817,270705,170490,3867,445062,294562,155518,22777,472857,378107,179211,9735,567053,376454,187770,9455,573679
NC,Mitchell,37121,2238,5499,109,7846,1810,5778,85,7673,1596,6282,218,8096,1867,7090,84,9041,1915,6843,63,8821
NC,Montgomery,37123,4926,6155,129,11210,4689,6389,100,11178,4150,7130,260,11540,4327,8411,111,12849,4055,9044,89,13188
NC,Moore,37125,17624,27314,390,45328,16371,29336,337,46044,16329,30490,1873,48692,20779,36764,796,58339,21436,39617,537,61590
NC,Nash,37127,23099,23728,291,47118,24214,23769,252,48235,23235,23319,1111,47665,25947,25827,497,52271,25508,26431,425,52364
NC,New Hanover,37129,49145,50544,976,100665,48038,52792,1237,102067,50979,55344,5582,111905,66138,63331,2361,131830,68814,67949,1480,138243
NC,Northampton,37131,6903,3671,44,10618,7210,3474,35,10719,6144,3582,122,9848,6069,3989,51,10109,5239,3905,53,9197
NC,Onslow,37133,19499,30278,426,50203,18115,31695,543,50353,17514,37122,2499,57135,24266,46078,1891,72235,25684,54960,832,81476
NC,Orange,37135,53806,20266,838,74910,53404,21398,1046,75848,59923,18557,3860,82340,63594,20176,1227,84997,65444,20806,1176,87426
NC,Pamlico,37137,2838,3823,51,6712,2632,4032,48,6712,2448,4258,164,6870,2713,4849,69,7631,2676,5229,56,7961
NC,Pasquotank,37139,10272,7778,130,18180,9970,7216,157,17343,8615,8180,596,17391,9832,9770,295,19897,9549,10537,191,20277
NC,Pender,37141,9907,13618,224,23749,9455,14368,213,24036,9354,17639,892,27885,11723,21956,490,34169,12460,26042,335,38837
NC,Perquimans,37143,2772,3678,51,6501,2747,3814,60,6621,2319,4177,212,6708,2492,4903,89,7484,2269,5278,93,7640
NC,Person,37145,8446,10030,156,18632,8384,10467,157,19008,7833,11185,597,19615,8465,13184,245,21894,8295,13509,189,21993
NC,Pitt,37147,40501,33927,456,74884,40701,35534,579,76814,41824,35691,3012,80527,47252,38982,1339,87573,45595,40403,926,86924
NC,Polk,37149,4396,5990,176,10562,4000,6219,104,10323,3735,6768,431,10934,4518,7689,151,12358,4827,8107,98,13032
NC,Randolph,37151,16414,40998,735,58147,14675,44913,614,60202,13194,49430,1951,64575,15618,56894,804,73316,15951,59357,533,75841
NC,Richmond,37153,9713,9424,190,19327,9747,9236,144,19127,8501,10383,444,19328,8754,11830,179,20763,7787,11931,130,19848
NC,Robeson,37155,23058,17433,343,40834,23957,17093,330,41380,19016,20762,1080,40858,19020,27806,362,47188,16728,29647,302,46677
NC,Rockingham,37157,17255,23899,458,41612,16170,25037,342,41549,14228,26830,1220,42278,15992,31301,516,47809,15676,33447,369,49492
NC,Rowan,37159,23391,37451,718,61560,22529,38622,652,61803,19400,42810,2159,64369,23114,49297,997,73408,23788,50807,641,75236
NC,Rutherford,37161,9641,18769,310,28720,9277,18797,299,28373,7512,21871,924,30307,9135,24891,403,34429,8914,25456,230,34600
NC,Sampson,37163,11836,14038,164,26038,11496,14358,151,26005,10547,14838,543,25928,10966,17411,241,28618,9797,18178,163,28138
NC,Scotland,37165,8151,6005,61,14217,8131,5799,90,14020,7319,6256,353,13928,7186,7473,116,14775,6754,7767,92,14613
NC,Stanly,37167,8878,19329,299,28506,8287,19698,291,28276,7094,21964,859,29917,8129,25458,352,33939,8881,27518,252,36651
NC,Stokes,37169,6875,14488,380,21743,5969,15142,285,21396,4665,17116,769,22550,5286,20142,273,25701,5380,21548,199,27127
NC,Surry,37171,10475,18730,320,29525,9005,19753,338,29096,7488,23671,1037,32196,8721,27538,379,36638,8613,28565,246,37424
NC,Swain,37173,2806,2900,92,5798,2618,2976,111,5705,2196,3565,363,6124,2780,4161,127,7068,2643,4311,82,7036
NC,Transylvania,37175,7275,9401,233,16909,6740,9522,207,16469,6558,10520,791,17869,8444,11636,324,20404,8972,11492,242,20706
NC,Tyrrell,37177,933,960,17,1910,835,929,11,1775,720,975,44,1739,758,1044,15,1817,680,1057,15,1752
NC,Union,37179,31189,54123,777,86089,32032,60468,889,93389,34337,66707,4666,105710,48725,80382,1904,131011,51168,86271,1436,138875
NC,Vance,37181,13166,7606,99,20871,13286,7406,78,20770,12229,7332,416,19977,12431,8391,177,20999,11292,8614,153,20059
NC,Wake,37183,250891,187001,4353,442245,286939,232933,6933,526805,302736,196082,28806,527624,393336,226197,12297,631830,402984,236735,11077,650796
NC,Warren,37185,7086,3063,46,10195,6635,3111,31,9777,6413,3214,215,9842,6400,3752,141,10293,5872,3976,137,9985
NC,Washington,37187,3748,2670,36,6454,3811,2615,30,6456,3510,2564,91,6165,3396,2781,28,6205,3138,2768,33,5939
NC,Watauga,37189,14558,13344,470,28372,13371,14124,673,28168,14138,13697,2150,29985,17122,14451,647,32220,17225,15254,455,32934
NC,Wayne,37191,22671,26952,259,49882,23154,27536,298,50988,21770,27540,1379,50689,24215,30709,613,55537,22618,31580,469,54667
NC,Wilkes,37193,8934,20288,502,29724,8089,20410,353,28852,6638,23752,906,31296,7511,27592,363,35466,7194,28812,234,36240
NC,Wilson,37195,19652,17375,164,37191,20745,17904,241,38890,19663,17531,941,38135,20754,19581,400,40735,19909,19750,319,39978
NC,Yadkin,37197,4527,12409,211,17147,3928,12500,229,16657,3160,13880,584,17624,3763,15933,227,19923,3739,16439,168,20346
NC,Yancey,37199,4486,5045,186,9717,3954,5249,141,9344,3196,6385,379,9960,3688,7516,148,11352,3635,7509,103,11247
ND,Adams,38001,435,788,48,1271,328,916,37,1281,216,909,93,1218,258,981,30,1269,215,962,14,1191
ND,Barnes,38003,2741,2826,127,5694,2389,2953,129,5471,1597,3160,587,5344,1820,3568,177,5565,1661,3531,102,5294
ND,Benson,38005,1569,733,32,2334,1232,867,49,2148,842,929,240,2011,822,1094,45,1961,795,1163,36,1994
ND,Billings,38007,114,375,10,499,89,472,16,577,59,495,51,605,72,541,22,635,93,543,8,644
ND,Bottineau,38009,1387,2059,70,3516,1163,2246,75,3484,736,2494,264,3494,821,2575,75,3471,735,2628,59,3422
ND,Bowman,38011,478,1107,55,1640,412,1277,39,1728,227,1446,114,1787,228,1395,34,1657,207,1384,20,1611
ND,Burke,38013,286,640,17,943,230,766,19,1015,119,895,38,1052,137,994,24,1155,130,909,12,1051
ND,Burleigh,38015,15600,25443,729,41772,14036,27811,1029,42876,10881,32532,4566,47979,14348,34744,1661,50753,14215,36595,954,51764
ND,Cass,38017,37622,32566,1231,71419,34632,36792,1851,73275,31361,39816,9644,80821,40311,42619,3123,86053,40304,47873,1665,89842
ND,Cavalier,38019,930,1128,72,2130,818,1192,44,2054,476,1357,173,2006,474,1499,47,2020,491,1461,25,1977
ND,Dickey,38021,1044,1525,51,2620,849,1601,63,2513,554,1667,186,2407,608,1742,74,2424,557,1829,49,2435
ND,Divide,38023,464,630,37,1131,382,731,38,1151,245,867,107,1219,265,904,33,1202,253,914,27,1194
ND,Dunn,38025,527,1080,37,1644,493,1494,15,2002,358,1771,114,2243,342,1951,45,2338,332,1877,22,2231
ND,Eddy,38027,583,548,34,1165,484,631,32,1147,355,791,85,1231,383,854,24,1261,316,862,23,1201
ND,Emmons,38029,546,1230,61,1837,383,1430,49,1862,215,1677,89,1981,237,1738,34,2009,205,1697,21,1923
ND,Foster,38031,687,914,50,1651,604,1028,42,1674,347,1241,131,1719,373,1362,43,1778,335,1326,31,1692
ND,Golden Valley,38033,210,642,23,875,161,740,23,924,99,796,62,957,137,871,18,1026,122,847,15,984
ND,Grand Forks,38035,16104,14520,529,31153,14008,15044,744,29796,10851,16340,3174,30365,12880,16987,1103,30970,12469,18123,497,31089
ND,Grant,38037,280,587,462,1329,331,1012,40,1383,185,1108,88,1381,207,1145,29,1381,205,1076,23,1304
ND,Griggs,38039,598,682,34,1314,535,770,30,1335,298,847,120,1265,308,907,35,1250,301,963,21,1285
ND,Hettinger,38041,406,893,49,1348,313,998,40,1351,168,1050,78,1296,196,1091,25,1312,192,1089,13,1294
ND,Kidder,38043,422,752,54,1228,393,870,47,1310,179,1111,86,1376,221,1215,24,1460,238,1137,16,1391
ND,LaMoure,38045,868,1310,63,2241,737,1374,68,2179,502,1481,168,2151,527,1645,47,2219,453,1614,42,2109
ND,Logan,38047,299,726,32,1057,221,799,22,1042,114,888,65,1067,128,930,18,1076,117,898,16,1031
ND,McHenry,38049,981,1374,61,2416,924,1651,78,2653,490,2050,280,2820,564,2364,75,3003,479,2223,33,2735
ND,McIntosh,38051,579,916,37,1532,456,1028,26,1510,235,1100,111,1446,261,1153,41,1455,229,1132,20,1381
ND,McKenzie,38053,933,1740,42,2715,926,2450,47,3423,698,3670,304,4672,814,4482,123,5419,809,4627,47,5483
ND,McLean,38055,1867,2767,102,4736,1660,3130,104,4894,1081,3860,374,5315,1230,4198,108,5536,1093,4231,74,5398
ND,Mercer,38057,1476,2789,132,4397,1161,3132,101,4394,621,3759,302,4682,704,3856,115,4675,672,3798,60,4530
ND,Morton,38059,5079,7869,316,13264,4467,8669,374,13510,3080,11336,1416,15832,3872,12243,504,16619,3748,12839,319,16906
ND,Mountrail,38061,1477,1406,55,2938,1401,1960,83,3444,1220,2582,304,4106,1256,2824,85,4165,1125,2877,58,4060
ND,Nelson,38063,907,800,45,1752,766,862,40,1668,536,1025,156,1717,586,1141,50,1777,580,1141,34,1755
ND,Oliver,38065,332,682,26,1040,281,693,36,1010,119,830,68,1017,129,918,19,1066,156,909,19,1084
ND,Pembina,38067,1494,1722,91,3307,1245,1893,88,3226,681,2208,264,3153,786,2460,85,3331,704,2350,34,3088
ND,Pierce,38069,792,1301,46,2139,656,1462,44,2162,431,1437,203,2071,497,1585,46,2128,439,1493,23,1955
ND,Ramsey,38071,2314,2361,87,4762,2162,2659,150,4971,1505,3217,583,5305,1639,3577,156,5372,1513,3609,82,5204
ND,Ransom,38073,1371,998,64,2433,1341,1008,63,2412,838,1210,311,2359,945,1418,91,2454,920,1661,51,2632
ND,Renville,38075,505,799,42,1346,398,850,24,1272,201,993,99,1293,220,1065,34,1319,179,993,31,1203
ND,Richland,38077,3513,3900,150,7563,3190,4213,146,7549,2064,4767,761,7592,2510,5072,230,7812,2473,5576,150,8199
ND,Rolette,38079,3403,1045,86,4534,3351,1090,87,4528,2099,1217,439,3755,2482,1257,65,3804,2567,1427,66,4060
ND,Sargent,38081,1115,778,34,1927,1073,876,38,1987,694,1088,215,1997,738,1266,66,2070,663,1325,36,2024
ND,Sheridan,38083,229,555,19,803,161,637,10,808,95,650,42,787,104,688,20,812,101,644,8,753
ND,Sioux,38085,1145,215,18,1378,900,223,15,1138,758,260,214,1232,804,258,124,1186,654,285,11,950
ND,Slope,38087,106,297,8,411,83,341,10,434,43,362,25,430,44,380,3,427,33,351,3,387
ND,Stark,38089,3802,7024,244,11070,2805,8509,225,11539,1753,9755,814,12322,2499,12110,441,15050,2473,12323,221,15017
ND,Steele,38091,614,404,14,1032,515,495,18,1028,361,538,100,999,392,652,44,1088,367,622,16,1005
ND,Stutsman,38093,4056,5499,229,9784,3561,5641,229,9431,2498,6718,939,10155,2676,6994,289,9959,2692,7185,196,10073
ND,Towner,38095,621,536,40,1197,511,619,34,1164,305,733,119,1157,317,830,27,1174,289,796,25,1110
ND,Traill,38097,2136,1845,60,4041,1784,1963,94,3841,1241,2265,427,3933,1493,2522,121,4136,1359,2650,71,4080
ND,Walsh,38099,2325,2415,142,4882,2118,2809,134,5061,1167,2995,474,4636,1333,3324,126,4783,1173,3186,97,4456
ND,Ward,38101,10144,15061,416,25621,8412,16176,643,25231,5806,18636,2970,27412,7293,19974,979,28246,7215,20635,476,28326
ND,Wells,38103,841,1468,68,2377,671,1646,42,2359,419,1796,168,2383,442,1893,39,2374,405,1815,22,2242
ND,Williams,38105,2921,6291,161,9373,2288,7087,225,9600,1735,10069,1003,12807,2169,11739,426,14334,2276,12501,233,15010
NE,Adams,31001,4685,8252,273,13210,3991,8235,225,12451,3302,9287,924,13513,4213,10085,355,14653,4100,10077,187,14364
NE,Antelope,31003,757,2383,45,3185,571,2585,53,3209,383,2732,166,3281,452,3093,38,3583,396,3032,19,3447
NE,Arthur,31005,39,217,7,263,30,227,4,261,17,244,12,273,21,260,4,285,17,264,1,282
NE,Banner,31007,62,348,6,416,55,339,8,402,19,357,26,402,43,362,6,411,34,348,4,386
NE,Blaine,31009,43,266,7,316,29,268,4,301,30,276,11,317,35,280,2,317,37,250,4,291
NE,Boone,31011,742,2042,52,2836,615,2136,48,2799,414,2299,192,2905,499,2653,74,3226,496,2499,36,3031
NE,Box Butte,31013,1886,2932,161,4979,1634,2795,112,4541,965,3617,342,4924,1051,4002,147,5200,1043,3827,61,4931
NE,Boyd,31015,250,839,21,1110,186,852,9,1047,128,983,45,1156,135,1010,10,1155,132,938,5,1075
NE,Brown,31017,311,1208,48,1567,223,1298,24,1545,153,1385,59,1597,191,1470,23,1684,201,1428,13,1642
NE,Buffalo,31019,5867,13097,329,19293,5266,13378,413,19057,4763,14569,1797,21129,6350,16640,721,23711,6386,17064,309,23759
NE,Burt,31021,1413,1907,67,3387,1280,2016,47,3343,930,2367,261,3558,1063,2580,96,3739,983,2632,41,3656
NE,Butler,31023,1190,2557,92,3839,1028,2729,61,3818,691,3079,211,3981,873,3542,103,4518,906,3642,39,4587
NE,Cass,31025,4753,7120,249,12122,4298,7453,201,11952,3484,8452,997,12933,4737,10121,468,15326,4824,10685,246,15755
NE,Cedar,31027,1190,2912,72,4174,952,3231,77,4260,571,3532,317,4420,725,4174,116,5015,702,4141,69,4912
NE,Chase,31029,341,1477,26,1844,252,1573,24,1849,171,1648,79,1898,226,1740,34,2000,204,1648,14,1866
NE,Cherry,31031,599,2360,100,3059,436,2557,59,3052,317,2623,178,3118,373,2844,52,3269,349,2687,33,3069
NE,Cheyenne,31033,1173,3572,94,4839,983,3134,80,4197,711,3665,335,4711,855,3813,108,4776,787,3692,51,4530
NE,Clay,31035,780,2177,76,3033,662,2213,41,2916,477,2422,166,3065,632,2848,90,3570,577,2677,56,3310
NE,Colfax,31037,1125,2018,60,3203,959,2045,43,3047,859,2171,184,3214,1025,2636,65,3726,845,2636,35,3516
NE,Cuming,31039,1274,2732,81,4087,1015,2858,55,3928,719,3122,233,4074,870,3507,82,4459,867,3536,42,4445
NE,Custer,31041,1192,4301,85,5578,1066,4251,97,5414,641,4695,316,5652,786,5090,134,6010,786,5042,58,5886
NE,Dakota,31043,2994,3292,110,6396,2831,3048,98,5977,2314,3616,349,6279,2744,3926,147,6817,2109,3934,77,6120
NE,Dawes,31045,1285,2376,114,3775,1102,2435,97,3634,801,2632,243,3676,1082,2931,138,4151,992,2812,64,3868
NE,Dawson,31047,2399,5460,127,7986,2157,5370,153,7680,2136,5984,515,8635,2497,6524,170,9191,2101,6312,78,8491
NE,Deuel,31049,243,732,18,993,215,763,34,1012,120,809,55,984,141,871,22,1034,151,843,18,1012
NE,Dixon,31051,946,1785,63,2794,870,1745,51,2666,556,2041,185,2782,651,2335,108,3094,573,2271,51,2895
NE,Dodge,31053,6689,8557,304,15550,5588,8937,234,14759,4544,9933,1052,15529,5544,10984,410,16938,5434,10795,214,16443
NE,Douglas,31055,116810,106291,3600,226701,99261,108319,2921,210501,113798,108077,18558,240433,150350,119159,7031,276540,148733,120919,3751,273403
NE,Dundy,31057,218,783,18,1019,176,791,14,981,89,823,41,953,105,883,15,1003,96,829,4,929
NE,Fillmore,31059,962,1913,72,2947,794,1972,49,2815,613,2130,198,2941,693,2359,96,3148,662,2315,36,3013
NE,Franklin,31061,442,1079,31,1552,381,1110,36,1527,250,1347,76,1673,276,1437,15,1728,236,1351,13,1600
NE,Frontier,31063,349,1034,21,1404,381,1005,36,1422,161,1110,57,1328,189,1229,28,1446,185,1213,12,1410
NE,Furnas,31065,556,1725,47,2328,422,1767,26,2215,304,1921,115,2340,399,2163,40,2602,358,2043,12,2413
NE,Gage,31067,4473,5435,252,10160,3870,5470,212,9552,2935,6380,733,10048,3385,7445,289,11119,3242,7523,151,10916
NE,Garden,31069,283,844,11,1138,242,829,17,1088,153,869,53,1075,161,1016,23,1200,162,949,6,1117
NE,Garfield,31071,212,800,18,1030,147,762,19,928,121,821,38,980,133,933,10,1076,116,893,6,1015
NE,Gosper,31073,260,776,12,1048,230,732,13,975,166,794,50,1010,215,893,13,1121,203,907,8,1118
NE,Grant,31075,41,318,8,367,30,322,11,363,20,367,18,405,20,375,7,402,15,351,0,366
NE,Greeley,31077,458,715,26,1199,340,820,21,1181,210,912,53,1175,229,1016,14,1259,192,1030,13,1235
NE,Hall,31079,7855,12977,439,21271,6971,12412,338,19721,6282,14408,1370,22060,7681,16189,580,24450,6956,15566,282,22804
NE,Hamilton,31081,1332,3389,78,4799,1136,3582,106,4824,878,3783,343,5004,1118,4309,139,5566,1067,4416,64,5547
NE,Harlan,31083,402,1329,35,1766,311,1248,25,1584,254,1496,82,1832,282,1615,37,1934,280,1506,16,1802
NE,Hayes,31085,85,461,7,553,50,473,12,535,30,472,12,514,34,494,8,536,19,472,3,494
NE,Hitchcock,31087,346,1001,32,1379,310,1386,43,1739,161,1232,75,1468,175,1264,31,1470,152,1269,12,1433
NE,Holt,31089,1089,3746,139,4974,862,3789,98,4749,531,4354,233,5118,686,4769,95,5550,681,4708,53,5442
NE,Hooker,31091,75,355,8,438,59,330,5,394,40,355,22,417,59,376,7,442,55,369,3,427
NE,Howard,31093,1083,1847,66,2996,914,1890,52,2856,544,2284,166,2994,648,2786,77,3511,642,2868,40,3550
NE,Jefferson,31095,1520,2103,74,3697,1185,2156,75,3416,837,2399,258,3494,1016,2616,98,3730,968,2614,49,3631
NE,Johnson,31097,914,1142,54,2110,790,1223,44,2057,563,1355,171,2089,647,1518,68,2233,625,1496,31,2152
NE,Kearney,31099,876,2224,50,3150,761,2341,54,3156,550,2531,215,3296,701,2822,94,3617,736,2828,40,3604
NE,Keith,31101,974,2942,52,3968,920,3036,70,4026,571,3235,228,4034,763,3544,62,4369,731,3416,52,4199
NE,Keya Paha,31103,115,409,9,533,80,392,9,481,40,460,19,519,49,476,5,530,44,500,0,544
NE,Kimball,31105,439,1346,26,1811,391,1222,52,1665,230,1330,117,1677,268,1563,46,1877,272,1424,24,1720
NE,Knox,31107,1255,2728,101,4084,1055,2878,82,4015,720,3188,207,4115,905,3721,82,4708,786,3593,57,4436
NE,Lancaster,31109,65734,59398,2358,127490,59970,61177,2059,123206,61898,61588,12737,136223,82293,70092,4830,157215,81012,74215,2406,157633
NE,Lincoln,31111,5046,10817,414,16277,4350,10545,371,15266,2913,12164,1054,16131,3692,13071,400,17163,3586,12674,204,16464
NE,Logan,31113,81,327,8,416,68,356,7,431,32,400,21,453,38,407,5,450,25,409,6,440
NE,Loup,31115,86,302,5,393,62,290,4,356,48,323,14,385,75,370,9,454,73,354,1,428
NE,Madison,31119,4142,9655,248,14045,3368,9874,270,13512,2711,10628,1004,14343,3478,11940,401,15819,3360,12145,185,15690
NE,McPherson,31117,45,240,8,293,41,237,12,290,14,257,16,287,17,275,10,302,12,267,4,283
NE,Merrick,31121,986,2375,70,3431,921,2477,59,3457,602,2926,260,3788,743,3419,120,4282,730,3551,61,4342
NE,Morrill,31123,557,1725,69,2351,450,1658,44,2152,284,1802,123,2209,386,2113,59,2558,366,2026,34,2426
NE,Nance,31125,549,1116,42,1707,477,1098,29,1604,281,1261,79,1621,359,1437,36,1832,352,1462,23,1837
NE,Nemaha,31127,1240,2134,100,3474,1089,1979,58,3126,785,2116,260,3161,921,2428,83,3432,915,2443,60,3418
NE,Nuckolls,31129,657,1498,66,2221,567,1563,40,2170,353,1726,126,2205,409,1857,39,2305,399,1836,23,2258
NE,Otoe,31131,2915,4033,144,7092,2542,4226,137,6905,2025,4860,572,7457,2490,5649,216,8355,2463,5651,84,8198
NE,Pawnee,31133,483,859,42,1384,396,897,37,1330,279,974,74,1327,322,1071,36,1429,284,1085,10,1379
NE,Perkins,31135,310,1092,18,1420,237,1133,21,1391,161,1217,77,1455,199,1321,25,1545,187,1224,15,1426
NE,Phelps,31137,1050,3360,63,4473,875,3372,89,4336,572,3849,274,4695,752,4157,112,5021,758,4158,49,4965
NE,Pierce,31139,783,2385,58,3226,637,2707,70,3414,382,3052,196,3630,480,3462,70,4012,446,3420,31,3897
NE,Platte,31141,3796,9373,251,13420,3095,9963,191,13249,2646,10965,822,14433,3260,12186,275,15721,3191,12326,141,15658
NE,Polk,31143,668,1822,53,2543,527,1886,33,2446,413,2028,141,2582,530,2291,66,2887,501,2296,22,2819
NE,Red Willow,31145,1216,3735,93,5044,940,3855,73,4868,645,4258,267,5170,811,4525,134,5470,815,4457,51,5323
NE,Richardson,31147,1513,2342,113,3968,1180,2407,93,3680,818,2769,218,3805,996,3073,65,4134,934,2962,46,3942
NE,Rock,31149,139,640,22,801,103,669,12,784,70,687,41,798,84,744,14,842,85,745,4,834
NE,Saline,31151,2674,2434,143,5251,2232,2518,82,4832,1733,3004,399,5136,1986,3631,163,5780,1855,3734,66,5655
NE,Sarpy,31153,28010,38816,1196,68022,24709,40318,1139,66166,28033,45143,7404,80580,41206,51979,3008,96193,43825,55567,1343,100735
NE,Saunders,31155,3767,6188,257,10212,3279,6725,199,10203,2523,7555,782,10860,3331,9108,347,12786,3558,9854,153,13565
NE,Scotts Bluff,31157,4745,9708,277,14730,4193,9427,247,13867,3207,10076,1034,14317,4196,10952,376,15524,3856,11033,151,15040
NE,Seward,31159,2703,4647,179,7529,2362,4947,136,7445,1875,5454,593,7922,2438,6490,271,9199,2388,6667,129,9184
NE,Sheridan,31161,454,1941,67,2462,389,2010,51,2450,287,2211,110,2608,340,2292,52,2684,362,2102,20,2484
NE,Sherman,31163,585,950,37,1572,549,919,40,1508,340,1150,83,1573,343,1322,35,1700,328,1344,15,1687
NE,Sioux,31165,117,603,12,732,101,623,11,735,81,616,39,736,72,642,17,731,77,597,4,678
NE,Stanton,31167,664,1781,50,2495,607,1945,71,2623,417,2187,197,2801,532,2561,72,3165,492,2536,36,3064
NE,Thayer,31169,860,1749,50,2659,724,1853,50,2627,499,2051,140,2690,624,2308,57,2989,544,2278,30,2852
NE,Thomas,31171,51,331,8,390,42,360,6,408,30,344,19,393,45,377,5,427,44,348,1,393
NE,Thurston,31173,1120,972,34,2126,1153,823,17,1993,919,1043,126,2088,1122,1180,77,2379,978,1125,20,2123
NE,Valley,31175,706,1657,60,2423,494,1643,31,2168,339,1780,86,2205,412,1901,31,2344,403,1872,24,2299
NE,Washington,31177,3711,6425,184,10320,3103,6857,161,10121,2623,7424,785,10832,3554,8583,330,12467,3538,8855,152,12545
NE,Wayne,31179,1249,2503,56,3808,1074,2493,92,3659,835,2693,248,3776,1022,3055,141,4218,1006,3011,56,4073
NE,Webster,31181,552,1233,32,1817,440,1255,35,1730,306,1330,72,1708,335,1511,30,1876,296,1449,18,1763
NE,Wheeler,31183,96,334,10,440,93,345,8,446,62,377,26,465,59,438,6,503,57,424,5,486
NE,York,31185,1607,4848,113,6568,1352,4814,80,6246,1186,4700,495,6381,1630,5337,194,7161,1648,5234,102,6984
NH,Belknap,33001,16796,16402,267,33465,15884,17568,319,33771,13517,19315,2213,35045,16894,20899,660,38453,17469,22765,316,40550
NH,Carroll,33003,15221,13387,302,28910,13977,14207,280,28464,12987,14635,1994,29616,16649,16150,473,33272,16827,17407,264,34498
NH,Cheshire,33005,26971,15205,425,42601,25329,15135,607,41071,22064,16876,2955,41895,25506,17892,808,44206,24579,20142,479,45200
NH,Coos,33007,9532,6558,169,16259,9091,6342,181,15614,6563,7952,1112,15627,7640,8617,271,16528,7355,9731,144,17230
NH,Grafton,33009,31446,17687,469,49602,29826,18207,732,48765,28510,19010,3671,51191,33180,19905,904,53989,32998,21911,694,55603
NH,Hillsborough,33011,104820,97178,1801,203799,101499,98103,3163,202765,99589,100013,14555,214157,122344,104625,4071,231040,118780,112068,2386,233234
NH,Merrimack,33013,45078,34010,631,79719,44635,34451,968,80054,40198,37674,5776,83648,48533,39711,1643,89887,48181,43365,929,92475
NH,Rockingham,33015,83723,81917,1453,167093,80096,87809,1889,169794,79994,90447,10993,181434,100064,95858,3021,198943,97616,102542,1791,201949
NH,Strafford,33017,37990,25021,538,63549,36026,26779,957,63762,34894,29072,5034,69000,41721,30489,1519,73729,42374,33163,786,76323
NH,Sullivan,33019,13249,9169,196,22614,12166,9269,379,21814,10210,10796,1677,22683,12390,11508,485,24383,12317,12484,290,25091
NJ,Atlantic,34001,67830,49902,1310,119042,59509,41918,978,102405,60924,52690,3677,117291,73808,64438,2195,140441,61879,65817,2063,129759
NJ,Bergen,34003,225367,186118,3248,414733,193470,155267,3286,352023,231211,175529,12556,419296,285967,204417,7076,497460,232660,217096,9321,459077
NJ,Burlington,34005,131219,89626,2329,223174,115951,79110,1998,197059,121725,89272,7946,218943,154595,103345,4710,262650,132275,94116,3075,229466
NJ,Camden,34007,159259,73819,2626,235704,137795,63329,2077,203201,146717,72631,7244,226592,175065,86207,4327,265599,155522,87767,3665,246954
NJ,Cape May,34009,22893,27288,654,50835,21275,25488,480,47243,18750,28446,1526,48722,23941,33158,834,57933,21648,32151,769,54568
NJ,Cumberland,34011,34919,22360,786,58065,30172,18767,533,49472,27771,24453,1780,54004,32742,28952,881,62575,26577,28675,633,55885
NJ,Essex,34013,240306,74063,1814,316183,217950,61595,2088,281633,240837,63176,6921,310934,266820,75475,3016,345311,224596,83908,4779,313283
NJ,Gloucester,34015,77267,60315,1848,139430,72960,58915,1693,133568,66870,67544,5128,139542,86702,83340,3411,173453,78708,83326,2601,164635
NJ,Hudson,34017,154140,55360,1812,211312,136239,38082,1783,176104,163917,49043,6415,219375,181452,65698,3308,250458,144765,79913,6503,231181
NJ,Hunterdon,34019,29776,39092,981,69849,25148,36979,694,62821,28898,38712,3226,70836,39457,43153,2063,84673,36995,42391,1539,80925
NJ,Mercer,34021,107926,50223,1890,160039,94300,43155,1609,139064,104775,46193,5561,156529,122532,51641,3050,177223,107558,52274,3438,163270
NJ,Middlesex,34023,193812,123695,3508,321015,179515,102472,3245,285232,193044,122953,10105,326102,226250,143467,5975,375692,191802,162459,10926,365187
NJ,Monmouth,34025,148737,160433,3446,312616,125471,140376,3096,268943,137181,166723,10473,314377,181291,191808,5291,378390,156382,197409,6352,360143
NJ,Morris,34027,112275,132331,2310,246916,90313,114265,2002,206580,115249,126071,9096,250416,153881,141134,5902,300917,135672,143439,5555,284666
NJ,Ocean,34029,110189,160677,3432,274298,96500,138594,2338,237432,87150,179079,8133,274362,119456,217740,5550,342746,105789,227232,4114,337135
NJ,Passaic,34031,113257,72552,1586,187395,104057,59181,1391,164629,116759,72902,5141,194802,129097,92009,3224,224330,95156,100954,6657,202767
NJ,Salem,34033,16044,14816,503,31363,14456,14214,446,29116,11904,16381,1209,29494,14479,18827,736,34042,12275,18229,497,31001
NJ,Somerset,34035,79321,70085,1672,151078,70168,63159,1605,134932,85689,65505,5898,157092,111173,71996,3722,186891,98790,74101,4521,177412
NJ,Sussex,34037,28840,44184,1130,74154,23406,37215,1083,61704,24212,46658,3256,74126,34481,51698,2173,88352,31019,52123,1487,84629
NJ,Union,34039,141417,78768,1912,222097,134220,66457,1676,202353,147414,68114,6447,221975,170245,80002,3794,254041,147327,89063,4242,240632
NJ,Warren,34041,20628,27500,811,48939,17869,24695,748,43312,17281,29858,2097,49236,24901,34769,1387,61057,23318,35772,1060,60150
NM,Bernalillo,35001,171556,110521,3701,285778,147183,104242,13517,264942,143417,94698,36547,274662,193757,116135,7698,317590,184117,118762,7965,310844
NM,Catron,35003,664,1398,50,2112,557,1474,69,2100,427,1464,158,2049,595,1698,33,2326,571,1752,34,2357
NM,Chaves,35005,8197,13651,264,22112,6621,13271,606,20498,5534,12872,1865,20271,6381,15656,406,22443,5941,15894,365,22200
NM,Cibola,35006,5827,3131,139,9097,4907,2966,281,8154,3741,3195,1127,8063,4745,3975,183,8903,4450,4311,216,8977
NM,Colfax,35007,3490,2805,89,6384,2879,2763,254,5896,2129,2585,618,5332,2611,3271,134,6016,2436,3252,125,5813
NM,Curry,35009,4670,9599,169,14438,3956,9150,344,13450,3121,9035,1214,13370,4307,10444,350,15101,4230,10714,279,15223
NM,De Baca,35011,359,676,9,1044,287,586,27,900,193,620,97,910,231,656,14,901,206,649,19,874
NM,Doña Ana,35013,40282,28068,930,69280,36778,26988,1946,65712,37947,25374,7327,70648,47957,32802,1882,82641,45937,37594,1876,85407
NM,Eddy,35015,7351,12500,242,20093,6110,12546,539,19195,5033,13147,1487,19667,5424,17454,344,23222,5032,18141,299,23472
NM,Grant,35017,8142,5406,207,13755,7009,5286,449,12744,6276,5288,1247,12811,7590,6553,292,14435,7301,6580,343,14224
NM,Guadalupe,35019,1557,620,19,2196,1388,518,72,1978,970,595,262,1827,1234,917,38,2189,959,945,34,1938
NM,Harding,35021,260,358,8,626,260,326,14,600,156,311,60,527,179,319,7,505,128,297,6,431
NM,Hidalgo,35023,993,936,22,1951,994,895,40,1929,784,910,178,1872,823,1120,31,1974,705,1140,17,1862
NM,Lea,35025,5108,13347,190,18645,4068,12480,385,16933,3930,12495,1287,17712,4061,16531,326,20918,3930,16997,282,21209
NM,Lincoln,35027,3535,6001,160,9696,2931,5940,338,9209,2331,5896,675,8902,3194,6942,170,10306,3033,6942,190,10165
NM,Los Alamos,35028,5824,5064,181,11069,5191,4796,667,10654,5562,3359,1964,10885,7554,4278,461,12293,7726,4047,414,12187
NM,Luna,35029,4311,3870,159,8340,3573,3654,245,7472,3195,3478,622,7295,3563,4408,132,8103,3176,4698,182,8056
NM,McKinley,35031,16572,6382,253,23207,15363,5420,530,21313,13576,5104,3023,21703,18029,7801,656,26486,15711,9364,792,25867
NM,Mora,35033,2168,569,23,2760,1952,591,61,2604,1536,665,240,2441,1745,903,38,2686,1439,1010,38,2487
NM,Otero,35035,8610,12806,350,21766,6715,12219,709,19643,6124,11887,2049,20060,8485,14521,565,23571,8582,15117,543,24242
NM,Quay,35037,1547,2367,82,3996,1382,2194,120,3696,1017,2212,343,3572,1170,2634,69,3873,1055,2570,79,3704
NM,Rio Arriba,35039,12703,4086,151,16940,11389,3373,477,15239,9592,3599,1687,14878,10990,5408,230,16628,9373,6268,348,15989
NM,Roosevelt,35041,2303,4311,106,6720,1719,4032,198,5949,1454,3884,612,5950,1802,4634,172,6608,1820,4687,132,6639
NM,San Juan,35045,18028,27869,614,46511,15688,28779,1527,45994,12865,27946,5299,46110,18083,32874,1337,52294,17464,34264,1198,52926
NM,San Miguel,35047,10320,2478,143,12941,8754,2281,353,11388,7285,2313,1153,10751,7888,3421,222,11531,6985,3887,236,11108
NM,Sandoval,35043,32669,25193,768,58630,26831,24124,2406,53361,27707,25905,8078,61690,40588,34174,1800,76562,41205,36605,1730,79540
NM,Santa Fe,35049,55567,15807,849,72223,49668,15145,2811,67624,50793,14332,6309,71434,62530,18329,1368,82227,61405,20457,1857,83719
NM,Sierra,35051,2352,3017,116,5485,1963,2928,210,5101,1612,3010,559,5181,2265,3542,138,5945,2332,3473,148,5953
NM,Socorro,35053,4696,3032,167,7895,3983,2698,406,7087,3313,2616,939,6868,3722,3255,183,7160,3384,3651,198,7233
NM,Taos,35055,13816,2866,204,16886,11855,2710,623,15188,10668,2727,1865,15260,13121,3715,345,17181,12038,4139,459,16636
NM,Torrance,35057,3087,3735,119,6941,2414,3521,441,6376,1785,3714,825,6324,2344,4772,165,7281,2144,4880,155,7179
NM,Union,35059,492,1227,23,1742,471,1231,51,1753,320,1216,166,1702,383,1388,18,1789,378,1247,40,1665
NM,Valencia,35061,15366,13136,397,28899,13473,12788,1386,27647,10841,13215,3536,27592,14263,17364,650,32277,13609,19057,611,33277
NV,Carson City,32510,11623,11419,421,23463,10290,12394,634,23318,9610,13125,2281,25016,12735,16113,891,29739,13375,16873,820,31068
NV,Churchill,32001,3494,6832,168,10494,2961,7061,243,10265,2210,7830,898,10938,3051,9372,467,12890,3179,9962,362,13503
NV,Clark,32003,380765,257078,9647,647490,387978,288223,12138,688339,402227,320057,44872,767156,521852,430930,19728,972510,520187,493052,17984,1031223
NV,Douglas,32005,10672,14648,407,25727,9288,16264,502,26054,8454,17415,2016,27885,11571,21630,924,34125,11553,23237,766,35556
NV,Elko,32007,4541,10969,377,15887,3510,12013,461,15984,3401,13551,1607,18559,4557,16741,669,21967,4632,17352,481,22465
NV,Esmeralda,32009,104,303,20,427,92,317,26,435,65,329,29,423,74,400,13,487,73,376,12,461
NV,Eureka,32011,144,564,20,728,107,663,38,808,74,723,57,854,105,895,17,1017,104,910,22,1036
NV,Humboldt,32013,1909,3586,104,5599,1737,3810,197,5744,1386,4521,526,6433,1689,5877,205,7771,1711,6141,178,8030
NV,Lander,32015,577,1466,38,2081,534,1580,51,2165,403,1828,182,2413,496,2198,71,2765,482,2180,63,2725
NV,Lincoln,32017,518,1498,56,2072,400,1691,61,2152,285,1671,176,2132,330,2067,49,2446,314,2108,50,2472
NV,Lyon,32019,8405,12154,372,20931,7380,13520,565,21465,6146,16005,1611,23762,8473,20914,851,30238,8954,23861,726,33541
NV,Mineral,32021,1082,1131,60,2273,863,1080,92,2035,637,1179,181,1997,829,1423,83,2335,711,1528,56,2295
NV,Nye,32023,7226,9537,505,17268,6320,10566,636,17522,5094,13324,1177,19595,7288,17528,562,25378,7559,18946,492,26997
NV,Pershing,32027,673,1075,53,1801,632,1167,85,1884,430,1403,149,1982,547,1731,42,2320,496,1764,48,2308
NV,Storey,32029,1102,1247,43,2392,920,1321,73,2314,752,1616,190,2558,902,1908,67,2877,913,2108,54,3075
NV,Washoe,32031,99671,76880,2624,179175,94806,88151,3960,186917,97379,94758,17772,209909,128128,116760,7254,252142,130071,127443,6220,263734
NV,White Pine,32033,1230,2440,103,3773,983,2601,120,3704,707,2723,343,3773,859,3403,107,4369,883,3364,104,4351
NY,Albany,36001,93937,50586,2743,147266,80891,42029,2611,125531,83077,47810,8943,139830,99474,51081,3546,154101,92589,54560,0,147149
NY,Allegany,36003,7016,11013,377,18406,5658,9609,334,15601,4882,12525,1285,18692,6048,14135,599,20782,5483,13826,0,19309
NY,Bronx,36005,338261,41683,1378,381322,288378,26304,1365,316047,353646,37797,8079,399522,355374,67740,2601,425715,261670,98174,0,359844
NY,Broome,36007,47204,40077,1556,88837,38315,34878,2051,75244,39212,40943,5917,86072,47010,43800,1984,92794,45142,44763,0,89905
NY,Cattaraugus,36009,14307,17770,540,32617,11695,15406,507,27608,9497,19692,1972,31161,11879,22155,811,34845,11424,22586,0,34010
NY,Cayuga,36011,18128,15243,651,34022,14162,11355,556,26073,13522,17384,2266,33172,16149,19512,760,36421,15772,20482,0,36254
NY,Chautauqua,36013,29129,28579,1094,58802,21815,25795,824,48434,19091,31594,3549,54234,23087,34853,1364,59304,22085,34528,0,56613
NY,Chemung,36015,18888,19364,443,38695,15285,16207,489,31981,13757,20097,2265,36119,16636,21922,852,39410,15572,21861,0,37433
NY,Chenango,36017,10100,10337,410,20847,8340,8933,382,17655,6775,11921,1464,20160,8290,13482,510,22282,8177,14294,0,22471
NY,Clinton,36019,20216,12579,542,33337,17123,10054,445,27622,15059,14449,2597,32105,18364,16514,559,35437,17478,18247,0,35725
NY,Columbia,36021,17556,13337,540,31433,14244,11194,570,26008,15284,13756,1862,30902,20386,14464,672,35522,20396,15168,0,35564
NY,Cortland,36023,11861,9678,381,21920,9445,7886,367,17698,8771,9900,1573,20244,10369,10789,520,21678,10290,11706,0,21996
NY,Delaware,36025,9462,10524,403,20389,7469,9085,362,16916,6627,11942,1223,19792,9143,13387,495,23025,9237,13789,0,23026
NY,Dutchess,36027,71060,59628,1614,132302,59885,52320,1937,114142,62261,61797,6876,130934,81443,66872,2807,151122,79994,71778,0,151772
NY,Erie,36029,256299,178815,6871,441985,220184,159678,6803,386665,215456,188303,19866,423625,267174,197527,8320,473021,248651,204774,0,453425
NY,Essex,36031,10390,7913,292,18595,8835,6495,247,15577,7762,7958,1498,17218,9947,8976,336,19259,9629,9533,0,19162
NY,Franklin,36033,10571,6676,273,17520,9065,5248,224,14537,7297,8221,1434,16952,9253,9668,347,19268,8821,10569,0,19390
NY,Fulton,36035,9695,11709,420,21824,7916,9811,313,18040,6496,13462,1256,21214,7931,15378,435,23744,7666,16237,0,23903
NY,Genesee,36037,10762,15705,406,26873,8886,13701,492,23079,7650,16915,1867,26432,9625,18876,716,29217,9367,18997,0,28364
NY,Greene,36039,9850,12059,426,22335,7911,9935,417,18263,7405,13073,1572,22050,10346,14271,577,25194,10436,14702,0,25138
NY,Hamilton,36041,1225,2141,45,3411,955,1652,48,2655,949,2064,212,3225,1178,2225,57,3460,1211,2223,0,3434
NY,Herkimer,36043,12094,14619,471,27184,10433,12389,468,23290,8083,16699,1473,26255,9937,18870,512,29319,9110,19557,0,28667
NY,Jefferson,36045,18166,20220,500,38886,15345,16279,427,32051,13809,21763,2664,38236,17307,25629,912,43848,16326,26417,0,42743
NY,Kings,36047,603525,151872,4451,759848,503291,108630,6114,618035,640553,141044,24008,805605,703310,202772,7164,913246,601265,233964,0,835229
NY,Lewis,36049,4986,5969,183,11138,4263,5083,135,9481,3146,7400,779,11325,3824,8894,226,12944,3600,9353,0,12953
NY,Livingston,36051,13655,16030,464,30149,10889,13210,507,24606,10697,17290,2044,30031,12477,18182,742,31401,12148,18780,0,30928
NY,Madison,36053,14692,14434,676,29802,12698,12611,556,25865,11667,15936,2461,30064,14807,18408,823,34038,14629,19025,0,33654
NY,Monroe,36055,207371,144262,4791,356424,178491,124769,5665,308925,188592,136582,22616,347790,225746,145661,9576,380983,214757,145940,0,360697
NY,Montgomery,36057,9080,10711,384,20175,7881,8622,281,16784,6595,11301,1158,19054,7977,12745,412,21134,7356,13286,0,20642
NY,Nassau,36059,342185,288776,4657,635618,243649,212882,4293,460824,326088,288313,22566,636967,396504,326716,9536,732756,338424,368117,0,706541
NY,New York,36061,572126,89906,5562,667594,417861,72300,6132,496293,579013,64929,24997,668939,603040,85185,6679,694904,533782,113921,0,647703
NY,Niagara,36063,47303,46348,1621,95272,40862,40397,1461,82720,35559,51961,4882,92402,46029,56068,1983,104080,43438,58678,0,102116
NY,Oneida,36065,43506,49256,1603,94365,37388,41639,1402,80429,33743,51437,5829,91009,41567,57180,1999,100746,39415,60687,0,100102
NY,Onondaga,36067,129317,84972,3950,218239,112664,72807,3316,188787,112337,83649,12454,208440,138894,90619,5222,234735,133155,93916,0,227071
NY,Ontario,36069,25103,25171,746,51020,21285,21998,861,44144,22233,26029,3996,52258,29025,29039,1610,59674,29520,30221,0,59741
NY,Orange,36071,78326,72042,1614,151982,67709,60984,1801,130494,68278,76645,7098,152021,84684,84996,2419,172099,80253,94936,0,175189
NY,Orleans,36073,6614,9708,262,16584,5411,8076,269,13756,4470,10936,974,16380,5587,12126,441,18154,5366,12659,0,18025
NY,Oswego,36075,24777,23571,1001,49349,21733,18503,897,41133,17095,27688,3397,48180,21143,32138,1210,54491,20483,33548,0,54031
NY,Otsego,36077,13570,12026,525,26121,10975,10527,436,21938,10451,13308,1909,25668,12975,14382,651,28008,13031,15256,0,28287
NY,Putnam,36079,21613,25145,486,47244,17851,22436,596,40883,19366,27024,2173,48563,24953,29283,753,54989,23956,31553,0,55509
NY,Queens,36081,480692,155221,4224,640137,399970,103193,4559,507722,517220,149341,19832,686393,569038,212665,6157,787860,437282,264628,0,701910
NY,Rensselaer,36083,39753,32840,1393,73986,34713,27240,1379,63332,32717,33726,5119,71562,40969,36500,1940,79409,39668,38601,0,78269
NY,Richmond,36085,79311,86062,1205,166578,67524,66420,1339,135283,74143,101437,5380,180960,90997,123320,1836,216153,69345,128151,0,197496
NY,Rockland,36087,69543,61752,898,132193,60446,52936,1118,114500,69342,60911,4834,135087,75802,73186,1381,150369,65880,83543,0,149423
NY,Saratoga,36091,56645,52855,1887,111387,48876,46829,1797,97502,50913,54575,8606,114094,68471,61305,2879,132655,66321,63940,0,130261
NY,Schenectady,36093,38611,29758,1473,69842,33777,24608,1229,59614,33747,28953,4580,67280,42465,30741,1620,74826,39733,31975,0,71708
NY,Schoharie,36095,6009,8071,322,14402,4862,6849,232,11943,4240,8831,979,14050,5345,9903,462,15710,5547,10423,0,15970
NY,Schuyler,36097,3933,4542,125,8600,3354,3942,168,7464,3091,5050,631,8772,3903,5621,242,9766,3736,5717,0,9453
NY,Seneca,36099,7422,7038,281,14741,6526,5405,217,12148,5697,7236,1047,13980,6914,8329,387,15630,6610,8379,0,14989
NY,St. Lawrence,36089,23706,16956,664,41326,19574,13914,535,34023,16488,19942,2728,39158,19361,24608,938,44907,18010,25919,0,43929
NY,Steuben,36101,17148,24203,560,41911,14586,20425,648,35659,12526,26831,2645,42002,15790,29474,914,46178,15413,29777,0,45190
NY,Suffolk,36103,346549,307021,6209,659779,274830,259348,6475,540653,303951,350570,26733,681254,381021,381253,9267,771541,341812,417549,0,759361
NY,Sullivan,36105,16850,13900,433,31183,13781,11148,393,25322,12568,15931,1456,29955,15489,18665,493,34647,14549,20386,0,34935
NY,Tioga,36107,10172,12536,423,23131,8263,11278,436,19977,7526,13260,1513,22299,9634,14791,619,25044,9437,15038,0,24475
NY,Tompkins,36109,29826,11927,799,42552,24447,10202,1176,35825,28890,10371,3417,42678,33619,11096,1020,45735,34631,11354,0,45985
NY,Ulster,36111,54320,33300,1529,89149,43164,27340,1689,72193,42101,34006,5248,81355,57970,37590,1860,97420,57974,39743,0,97717
NY,Warren,36113,16281,15429,535,32245,13112,12571,537,26220,13091,15751,2566,31408,17642,17699,790,36131,17099,18606,0,35705
NY,Washington,36115,12741,12533,456,25730,10596,10254,413,21263,9098,13610,1820,24528,11565,15941,632,28138,11224,17268,0,28492
NY,Wayne,36117,18184,22239,622,41045,15136,18315,676,34127,13473,23380,2834,39687,17456,26204,1054,44714,17056,27286,0,44342
NY,Westchester,36119,261810,147824,3410,413044,171908,108707,4116,284731,272926,131238,16491,420655,312371,144713,5038,462122,287434,167795,0,455229
NY,Wyoming,36121,6379,10998,290,17667,5224,9726,280,15230,3904,12442,952,17298,5073,13898,428,19399,4929,14112,0,19041
NY,Yates,36123,4890,5269,121,10280,4021,4270,146,8437,3659,5660,747,10066,4219,6208,274,10701,4401,6098,0,10499
OH,Adams,39001,4170,6914,304,11388,3857,6691,239,10787,2326,8659,374,11359,2156,9870,119,12145,2098,10269,62,12429
OH,Allen,39003,19522,29940,801,50263,16869,28802,787,46458,13294,30487,2113,45894,14149,33116,741,48006,12754,33201,406,46361
OH,Ashland,39005,9300,15158,710,25168,8083,15225,518,23826,5740,17493,1357,24590,6541,19407,457,26405,6544,19863,255,26662
OH,Ashtabula,39007,25027,18949,898,44874,22964,17890,927,41781,15577,23318,1972,40867,16497,26890,760,44147,15345,27656,367,43368
OH,Athens,39009,20722,9742,634,31098,17268,8118,726,26112,16370,11354,1719,29443,14772,10862,425,26059,14134,11369,223,25726
OH,Auglaize,39011,6727,16395,364,23486,5643,16802,393,22838,3980,18658,989,23627,4651,20798,328,25777,4442,20988,193,25623
OH,Belmont,39013,16302,15422,687,32411,13826,16418,632,30876,8785,21108,1229,31122,9138,23560,390,33088,8080,22758,194,31032
OH,Brown,39015,7503,12192,418,20113,6923,11671,361,18955,4353,14573,681,19607,4380,16480,236,21096,4069,17257,116,21442
OH,Butler,39017,66030,105341,2406,173777,59282,102226,2512,164020,58642,106976,8221,173839,69613,114392,2732,186737,66713,114831,1598,183142
OH,Carroll,39019,6423,7097,433,13953,5396,7177,392,12965,3154,9254,666,13074,3251,10745,216,14212,3071,10634,113,13818
OH,Champaign,39021,7385,11141,361,18887,7826,11852,338,20016,4594,12631,879,18104,5062,14589,321,19972,4944,15334,190,20468
OH,Clark,39023,31958,33634,1178,66770,30022,31116,998,62136,23328,35205,2896,61429,24076,39032,1104,64212,21847,40403,585,62835
OH,Clermont,39025,31611,62559,1310,95480,29334,62527,1531,93392,26715,67518,4888,99121,34092,74570,1818,110480,36130,76964,1021,114115
OH,Clinton,39027,6558,12409,338,19305,5534,11740,374,17648,4066,13838,771,18675,4697,15488,342,20527,4633,15984,162,20779
OH,Columbiana,39029,21882,25585,1020,48487,19351,24778,949,45078,12432,31676,2093,46201,13359,35726,775,49860,12064,35607,375,48046
OH,Coshocton,39031,7689,8675,499,16863,6841,8312,402,15555,4013,10785,754,15552,4125,12325,289,16739,3835,12362,136,16333
OH,Crawford,39033,8288,12316,569,21173,7207,11561,424,19192,4625,13611,1001,19237,4916,15436,334,20686,4683,15402,156,20241
OH,Cuyahoga,39035,458422,199880,7050,665352,420953,184475,6084,611512,398271,184211,21340,603822,416176,202699,6795,625670,376384,195164,4342,575890
OH,Darke,39037,7964,17290,539,25793,6610,17745,452,24807,4470,20012,1002,25484,4731,22004,399,27134,4583,22234,183,27000
OH,Defiance,39039,8399,10407,389,19195,7438,9935,371,17744,5368,11688,1136,18192,5981,13038,362,19381,5667,13302,184,19153
OH,Delaware,39041,36653,54778,985,92416,36131,58980,1219,96330,40872,57568,5420,103860,57735,66356,1979,126070,61657,70448,1252,133357
OH,Erie,39043,23148,17432,649,41229,20969,16655,638,38262,16057,19648,1873,37578,17493,22160,682,40335,16871,22493,373,39737
OH,Fairfield,39045,29250,41580,1115,71945,28831,40134,1114,70079,24881,44314,3718,72913,31224,50797,1290,83311,31695,51999,737,84431
OH,Fayette,39047,4401,7102,191,11694,4075,6456,146,10677,2739,7995,428,11162,2975,9473,164,12612,2773,9706,92,12571
OH,Franklin,39049,334709,218486,7130,560325,325654,207941,8156,541751,351198,199331,30611,581140,409144,211237,10196,630577,380518,210830,6182,597530
OH,Fulton,39051,9900,11689,384,21973,8790,11521,446,20757,6069,13709,1447,21225,6664,15731,375,22770,6374,15893,185,22452
OH,Gallia,39053,4777,8247,294,13318,3418,5912,204,9534,2628,9822,481,12931,2990,10645,164,13799,2592,10314,94,13000
OH,Geauga,39055,21250,29096,756,51102,19295,30104,726,50125,17569,30227,2145,49941,21201,34143,677,56021,20604,33844,438,54886
OH,Greene,39057,33540,48936,1113,83589,31028,48683,1364,81075,28943,48540,4375,81858,34798,52072,1773,88643,35575,53399,1057,90031
OH,Guernsey,39059,7625,9197,503,17325,7226,8811,366,16403,4359,11445,753,16557,4577,13407,246,18230,4154,13314,126,17594
OH,Hamilton,39061,225213,195530,4343,425086,208508,188653,5411,402572,215719,173665,19725,409109,246266,177886,6777,430929,233360,172365,4028,409753
OH,Hancock,39063,13870,22420,691,36981,12192,22077,671,34940,9609,24183,2231,36023,11757,26310,704,38771,11467,26052,418,37937
OH,Hardin,39065,5013,7749,352,13114,4487,7337,323,12147,2920,8717,657,12294,3062,9949,236,13247,2863,9911,119,12893
OH,Harrison,39067,3683,3872,232,7787,2895,3936,168,6999,1688,5098,293,7079,1768,5792,95,7655,1559,5484,66,7109
OH,Henry,39069,6320,8239,281,14840,5513,8111,313,13937,3756,9301,875,13932,4062,10479,223,14764,3905,10873,133,14911
OH,Highland,39071,6856,11907,423,19186,5772,11032,357,17161,3773,14020,708,18501,3799,15678,199,19676,3609,16269,106,19984
OH,Hocking,39073,6259,6364,338,12961,6010,6150,282,12442,3775,8497,566,12838,3880,9737,207,13824,3704,9679,106,13489
OH,Holmes,39075,3141,7720,252,11113,2568,8563,224,11355,1788,8720,546,11054,1994,10796,157,12947,1854,10384,97,12335
OH,Huron,39077,12076,12884,622,25582,10673,12821,583,24077,7192,16226,1416,24834,7759,18956,475,27190,7496,19484,232,27212
OH,Jackson,39079,5397,8219,377,13993,4965,7651,300,12916,3226,9949,518,13693,3311,11309,174,14794,2953,11249,83,14285
OH,Jefferson,39081,17635,17559,745,35939,14960,16729,638,32327,9675,21117,1409,32201,10018,22828,516,33362,8592,22317,348,31257
OH,Knox,39083,11014,16640,577,28231,10154,16873,591,27618,8171,19131,1385,28687,8589,22340,469,31398,8698,23112,280,32090
OH,Lake,39085,60155,59142,2038,121335,55219,57150,1895,114264,46397,64255,5594,116246,55514,73278,1717,130509,54484,72924,1127,128535
OH,Lawrence,39087,11262,15415,517,27194,10454,14371,427,25252,6974,18689,944,26607,7489,20306,332,28127,6514,20013,185,26712
OH,Licking,39089,33932,46918,1506,82356,32264,43604,1555,77423,27376,51241,4144,82761,33055,59514,1641,94210,32832,61359,854,95045
OH,Logan,39091,7936,13848,433,22217,6789,13323,423,20535,4647,15957,967,21571,5055,17964,349,23368,5027,18182,194,23403
OH,Lorain,39093,85276,59068,2515,146859,78112,58095,2306,138513,66949,66818,6795,140562,75667,79520,2250,157437,74207,83297,1455,158959
OH,Lucas,39095,142852,73706,3272,219830,129229,68100,3521,200850,110833,75698,11025,197556,115411,81763,3449,200623,106320,82398,1807,190525
OH,Madison,39097,6532,10606,316,17454,6700,10215,325,17240,4779,11631,880,17290,5698,13835,322,19855,5713,14737,218,20668
OH,Mahoning,39099,79173,45319,2540,127032,74298,41702,1571,117571,57381,53616,4075,115072,57641,59903,1422,118966,50636,61249,793,112678
OH,Marion,39101,12870,15454,693,29017,11933,13938,562,26433,7928,16961,1433,26322,8269,19023,526,27818,7902,19219,234,27355
OH,Medina,39103,40924,48189,1338,90451,37841,49464,1544,88849,32182,54810,4381,91373,39800,64598,1427,105825,39771,66308,938,107017
OH,Meigs,39105,4094,6015,245,10354,3911,5782,286,9979,2260,7309,416,9985,2492,8316,143,10951,2202,8127,71,10400
OH,Mercer,39107,5853,15100,318,21271,4609,16207,345,21161,3384,17506,836,21726,4030,19452,279,23761,3865,19710,175,23750
OH,Miami,39109,18372,33417,1018,52807,15731,33650,900,50281,13120,37079,2535,52734,15663,41371,938,57972,15969,42677,530,59176
OH,Monroe,39111,3705,3066,211,6982,3007,3540,196,6743,1662,4868,265,6795,1605,5463,80,7148,1336,5396,62,6794
OH,Montgomery,39113,145997,128679,3835,278511,128983,121188,4095,254266,122016,123909,12376,258301,135064,129034,4407,268505,126767,125566,2382,254715
OH,Morgan,39115,2966,3440,202,6608,2772,3136,134,6042,1736,4431,276,6443,1725,5041,81,6847,1560,5168,54,6782
OH,Morrow,39117,6177,10067,399,16643,5780,9662,371,15813,3761,11948,839,16548,4048,14077,332,18457,4100,14609,146,18855
OH,Muskingum,39119,17730,20549,792,39071,16327,18826,801,35954,11123,24056,1812,36991,11971,27867,627,40465,10874,28147,306,39327
OH,Noble,39121,2474,3450,248,6172,2082,3498,175,5755,1221,4549,243,6013,1170,5135,38,6343,1069,5050,42,6161
OH,Ottawa,39123,12064,10618,402,23069,11214,10323,399,21936,8285,12653,1280,22218,9008,14628,371,24007,8866,14872,218,23956
OH,Paulding,39125,4165,5317,287,9769,3435,5248,229,8912,2093,6500,454,9047,2213,7086,168,9467,1987,7203,86,9276
OH,Perry,39127,7261,7721,422,15404,6857,7498,318,14673,4138,10228,629,14995,4098,12357,220,16675,3800,13062,129,16991
OH,Pickaway,39129,9077,14228,421,23726,9335,13713,395,23443,6529,17076,1140,24745,7304,20593,374,28271,7397,21607,271,29275
OH,Pike,39131,6033,6162,311,12506,5490,5535,208,11233,3539,7902,438,11879,3110,9157,145,12412,2793,9352,73,12218
OH,Portage,39133,41856,34822,1528,78206,38082,34465,1482,74029,32397,39971,3771,76139,35661,45990,1221,82872,34759,47681,741,83181
OH,Preble,39135,6999,13562,441,21002,6005,13202,412,19619,4325,15446,794,20565,4493,17022,294,21809,4343,17146,164,21653
OH,Putnam,39137,5281,13072,327,18680,4238,13563,325,18126,2922,14961,884,18767,3195,16412,314,19921,2996,16576,182,19754
OH,Richland,39139,25727,34034,1361,61122,21785,33057,1112,55954,16085,36590,2539,55214,17640,41472,863,59975,16591,41298,469,58358
OH,Ross,39141,14455,16759,626,31840,13895,14582,484,28961,10356,18652,1372,30380,10557,22278,464,33299,9846,22801,283,32930
OH,Sandusky,39143,15601,14190,582,30373,14035,13491,666,28192,9929,16316,1799,28044,10596,18896,582,30074,10139,19311,263,29713
OH,Scioto,39145,14926,16994,651,32571,14432,15023,568,30023,9132,20550,1102,30784,9080,22609,358,32047,8021,22978,180,31179
OH,Seneca,39147,13087,13823,539,27449,10962,13025,646,24633,7404,14825,1758,23987,8266,17086,458,25810,7765,17241,256,25262
OH,Shelby,39149,7317,15924,427,23668,6065,16700,364,23129,4243,18590,907,23740,4465,20422,371,25258,4350,20740,198,25288
OH,Stark,39151,96990,86743,3812,187545,86314,86958,3348,176620,68146,98388,8705,175239,75904,111097,2878,189879,71090,111478,1590,184158
OH,Summit,39153,155105,110499,3455,269059,147146,108700,3543,259389,134256,112026,11697,257979,151668,124833,3972,280473,145005,125910,2498,273413
OH,Trumbull,39155,64145,40164,2602,106911,59446,37545,1712,98703,43014,49024,3991,96029,44519,55194,1288,101001,39758,55983,773,96514
OH,Tuscarawas,39157,21498,20454,998,42950,17516,21420,919,39855,12188,26918,2183,41289,12889,30458,668,44015,12032,30652,335,43019
OH,Union,39159,8761,15744,423,24928,8546,15947,454,24947,7718,18096,1615,27429,11141,21669,635,33445,12934,23982,372,37288
OH,Van Wert,39161,5178,9168,306,14652,3923,9433,230,13586,2697,10469,604,13770,3067,11650,248,14965,3000,11616,113,14729
OH,Vinton,39163,2463,3021,162,5646,2382,2798,172,5352,1351,3883,268,5502,1331,4632,67,6030,1169,4531,37,5737
OH,Warren,39165,33398,71691,1127,106216,31907,74626,1475,108008,33730,77643,5894,117267,46069,87988,2043,136100,47128,91132,1333,139593
OH,Washington,39167,1238,17019,545,18802,11333,16921,544,28798,8026,20514,1300,29840,9243,22307,481,32031,8600,22161,239,31000
OH,Wayne,39169,21712,29342,1088,52142,18932,29450,974,49356,15031,32270,2552,49853,16660,36759,864,54283,15898,36764,478,53140
OH,Williams,39171,8174,9880,343,18397,7045,9863,378,17286,4358,11939,1011,17308,4842,13452,357,18651,4644,13461,169,18274
OH,Wood,39173,34285,29648,1089,65022,31596,28997,1374,61967,27318,32498,4525,64341,30617,35757,1223,67597,30016,36877,672,67565
OH,Wyandot,39175,4461,6270,246,10977,3962,6054,238,10254,2515,7468,609,10592,2733,8462,195,11390,2731,8564,94,11389
OK,Adair,40001,2052,4638,0,6690,2110,4362,0,6472,1382,4787,344,6513,1387,5585,136,7108,1289,5860,107,7256
OK,Alfalfa,40003,411,2023,0,2434,278,1539,0,1817,216,1933,109,2258,232,1978,52,2262,236,1891,33,2160
OK,Atoka,40005,1370,3511,0,4881,1241,3534,0,4775,795,4084,139,5018,765,4557,67,5389,779,4832,51,5662
OK,Beaver,40007,265,2199,0,2464,243,2057,0,2300,176,1993,74,2243,190,1968,20,2178,158,1938,28,2124
OK,Beckham,40009,1625,5772,0,7397,1413,5496,0,6909,960,6308,284,7552,1048,6767,133,7948,1093,6474,111,7678
OK,Blaine,40011,1011,3101,0,4112,991,2824,0,3815,711,2884,198,3793,688,3136,77,3901,671,3054,61,3786
OK,Bryan,40013,4426,9307,0,13733,3533,9188,0,12721,2804,10478,536,13818,3323,12344,309,15976,3569,13999,244,17812
OK,Caddo,40015,3404,6413,0,9817,3151,5660,0,8811,2420,6482,446,9348,2670,7013,176,9859,2414,6886,196,9496
OK,Canadian,40017,11426,36428,0,47854,10533,35615,0,46148,11674,39986,3618,55278,16742,43550,1648,61940,21038,50551,1485,73074
OK,Carter,40019,5603,13241,0,18844,4907,12213,0,17120,4002,13752,780,18534,4470,14699,310,19479,4277,14945,266,19488
OK,Cherokee,40021,7194,9186,0,16380,6137,8151,0,14288,5456,9994,1040,16490,6027,11223,464,17714,5826,11637,360,17823
OK,Choctaw,40023,1860,3730,0,5590,1494,3572,0,5066,1067,4206,153,5426,1082,4698,52,5832,944,4633,62,5639
OK,Cimarron,40025,152,1119,0,1271,115,1082,0,1197,71,963,45,1079,70,970,14,1054,66,860,9,935
OK,Cleveland,40027,39681,64749,0,104430,34701,59019,0,93720,38829,62538,8083,109450,49827,66677,3274,119778,49432,67225,2637,119294
OK,Coal,40029,600,1672,0,2272,648,1709,0,2357,411,1898,90,2399,374,2091,59,2524,345,2155,38,2538
OK,Comanche,40031,14120,20127,0,34247,12517,17657,0,30174,11463,19183,1918,32564,13747,20905,979,35631,12823,20823,638,34284
OK,Cotton,40033,690,1793,0,2483,657,1796,0,2453,424,2054,124,2602,393,2117,62,2572,392,2067,47,2506
OK,Craig,40035,2073,3858,0,5931,1746,3552,0,5298,1252,4283,250,5785,1217,4686,129,6032,1212,4740,104,6056
OK,Creek,40037,8318,20187,0,28505,7114,18964,0,26078,5841,21575,1414,28830,6577,23294,634,30505,6643,24098,571,31312
OK,Custer,40039,2660,7842,0,10502,2358,7442,0,9800,2104,7826,611,10541,2369,8060,262,10691,2279,7693,196,10168
OK,Delaware,40041,5085,10277,0,15362,4176,10056,0,14232,3311,11826,579,15716,3472,13557,216,17245,3475,14407,226,18108
OK,Dewey,40043,346,1857,0,2203,301,1769,0,2070,222,1965,61,2248,214,2124,21,2359,209,1984,22,2215
OK,Ellis,40045,282,1627,0,1909,226,1575,0,1801,155,1611,61,1827,162,1688,23,1873,197,1585,30,1812
OK,Garfield,40047,5545,17067,0,22612,4732,15176,0,19908,4397,16009,1304,21710,4919,16970,541,22430,4849,16593,402,21844
OK,Garvin,40049,3028,7710,0,10738,2556,6922,0,9478,1855,8253,438,10546,1865,8878,179,10922,1802,9063,126,10991
OK,Grady,40051,5520,15195,0,20715,4780,14818,0,19598,3882,17316,1088,22286,4144,18538,419,23101,4536,20378,369,25283
OK,Grant,40053,514,1836,0,2350,393,1674,0,2067,288,1827,86,2201,280,1916,30,2226,295,1794,36,2125
OK,Greer,40055,566,1548,0,2114,488,1344,0,1832,323,1482,91,1896,328,1605,40,1973,304,1511,21,1836
OK,Harmon,40057,333,757,0,1090,264,659,0,923,225,715,37,977,177,747,9,933,165,709,8,882
OK,Harper,40059,221,1342,0,1563,173,1261,0,1434,134,1318,47,1499,136,1327,24,1487,147,1284,20,1451
OK,Haskell,40061,1474,3207,0,4681,1175,3069,0,4244,882,3701,155,4738,783,4165,66,5014,718,4156,62,4936
OK,Hughes,40063,1709,3134,0,4843,1370,2836,0,4206,961,3388,177,4526,919,3875,63,4857,831,3744,84,4659
OK,Jackson,40065,2264,6719,0,8983,1953,5962,0,7915,1473,5969,364,7806,1646,6392,183,8221,1602,6295,156,8053
OK,Jefferson,40067,805,1652,0,2457,602,1632,0,2234,365,1910,75,2350,319,2026,40,2385,319,2020,36,2375
OK,Johnston,40069,1249,2708,0,3957,1134,2644,0,3778,786,3093,139,4018,738,3441,72,4251,684,3462,84,4230
OK,Kay,40071,5463,13230,0,18693,4624,11498,0,16122,3738,12172,893,16803,4040,12834,375,17249,4136,12483,294,16913
OK,Kingfisher,40073,1009,5372,0,6381,844,4510,0,5354,786,5156,189,6131,854,5521,90,6465,923,5745,86,6754
OK,Kiowa,40075,1226,2537,0,3763,1101,2309,0,3410,767,2596,130,3493,699,2673,55,3427,658,2569,51,3278
OK,Latimer,40077,1313,2860,0,4173,1169,2620,0,3789,797,3100,159,4056,762,3437,50,4249,681,3356,42,4079
OK,Le Flore,40079,5136,11605,0,16741,4658,11172,0,15830,3250,13362,609,17221,3299,15213,293,18805,3184,15333,237,18754
OK,Lincoln,40081,3504,10470,0,13974,3265,9542,0,12807,2430,10854,741,14025,2609,12013,266,14888,2712,12495,258,15465
OK,Logan,40083,5717,12556,0,18273,4686,12297,0,16983,4248,13633,1098,18979,5455,15608,511,21574,5901,17748,500,24149
OK,Love,40085,1257,2589,0,3846,1034,2436,0,3470,735,2922,132,3789,711,3305,60,4076,689,3510,61,4260
OK,Major,40093,515,2956,0,3471,446,2700,0,3146,310,2948,149,3407,320,3084,63,3467,327,3087,64,3478
OK,Marshall,40095,1643,3730,0,5373,1396,3744,0,5140,1096,4206,190,5492,1100,4891,73,6064,1169,5348,72,6589
OK,Mayes,40097,5749,10234,0,15983,4822,9634,0,14456,3423,11555,739,15717,3581,12749,296,16626,3529,13514,331,17374
OK,McClain,40087,3551,11193,0,14744,3191,11108,0,14299,2894,13169,795,16858,3582,15295,359,19236,4031,17005,361,21397
OK,McCurtain,40089,2794,7745,0,10539,2440,7633,0,10073,1802,8656,268,10726,1858,9485,124,11467,1696,9485,128,11309
OK,McIntosh,40091,3320,4903,0,8223,2767,4498,0,7265,2123,5505,335,7963,2031,6172,132,8335,1937,6387,115,8439
OK,Murray,40099,1592,3746,0,5338,1540,3606,0,5146,1087,4175,266,5528,1156,4612,126,5894,1080,4689,116,5885
OK,Muskogee,40101,11294,15289,0,26583,9943,13392,0,23335,7977,15043,1196,24216,8027,16526,528,25081,7400,16550,407,24357
OK,Noble,40103,1174,3881,0,5055,1142,3484,0,4626,901,3715,262,4878,1003,3821,114,4938,1009,3853,95,4957
OK,Nowata,40105,1411,3031,0,4442,1244,2832,0,4076,742,3321,174,4237,712,3610,69,4391,720,3774,67,4561
OK,Okfuskee,40107,1480,2643,0,4123,1251,2328,0,3579,943,2800,200,3943,896,3058,84,4038,854,3080,54,3988
OK,Oklahoma,40109,116182,163172,0,279354,106812,149525,0,256337,112813,141569,19560,273942,141724,145050,7966,294740,138769,143618,6536,288923
OK,Okmulgee,40111,6191,8727,0,14918,5416,7712,0,13128,4385,8944,620,13949,4357,9668,288,14313,3979,10100,270,14349
OK,Osage,40113,7498,12160,0,19658,6695,11218,0,17913,5597,12577,792,18966,6002,14121,415,20538,5867,14404,357,20628
OK,Ottawa,40115,4268,6905,0,11173,3508,6465,0,9973,2584,7631,475,10690,2686,8545,207,11438,2511,8490,177,11178
OK,Pawnee,40117,2063,4533,0,6596,1813,4228,0,6041,1344,4729,291,6364,1363,5267,156,6786,1355,5405,120,6880
OK,Payne,40119,10601,18435,0,29036,9193,16467,0,25660,8788,16651,2321,27760,10904,17813,926,29643,10560,17962,757,29279
OK,Pittsburg,40121,5457,11752,0,17209,4813,10785,0,15598,3711,12753,807,17271,3768,13851,305,17924,3473,13841,258,17572
OK,Pontotoc,40123,4512,9750,0,14262,3934,8921,0,12855,3637,10431,763,14831,4117,10805,398,15320,3895,10967,312,15174
OK,Pottawatomie,40125,7910,17753,0,25663,7182,16240,0,23422,6015,17848,1589,25452,7275,20240,670,28185,7266,20915,593,28774
OK,Pushmataha,40127,1265,3208,0,4473,1043,3087,0,4130,748,3581,154,4483,668,4016,55,4739,616,4025,61,4702
OK,Roger Mills,40129,287,1502,0,1789,272,1402,0,1674,151,1547,61,1759,168,1629,37,1834,160,1548,25,1733
OK,Rogers,40131,10772,27743,0,38515,9146,27531,0,36677,7902,30913,2047,40862,9589,34031,933,44553,10146,35942,814,46902
OK,Seminole,40133,2977,5600,0,8577,2597,4852,0,7449,2071,5613,353,8037,2150,6011,176,8337,1951,5951,142,8044
OK,Sequoyah,40135,4454,9466,0,13920,4193,9573,0,13766,3061,10888,488,14437,3035,12113,238,15386,2907,12491,185,15583
OK,Stephens,40137,4538,14394,0,18932,3939,12907,0,16846,3086,14182,636,17904,3154,15560,343,19057,3236,15092,292,18620
OK,Texas,40139,923,5336,0,6259,854,4908,0,5762,858,4621,301,5780,894,4505,122,5521,793,4319,94,5206
OK,Tillman,40141,1042,2195,0,3237,906,1813,0,2719,657,1944,105,2706,597,2076,35,2708,500,2006,27,2533
OK,Tulsa,40143,96133,158363,0,254496,82633,144908,0,227541,87847,144258,14949,247054,108996,150574,7108,266678,106105,145241,5593,256939
OK,Wagoner,40145,8810,21441,0,30251,7773,20848,0,28621,6723,23005,1572,31300,8464,26165,709,35338,9330,28487,684,38501
OK,Washington,40147,6308,16457,0,22765,5532,15667,0,21199,5048,15825,1351,22224,5790,17076,635,23501,5793,16836,545,23174
OK,Washita,40149,1052,3724,0,4776,821,3482,0,4303,588,3854,189,4631,598,4086,93,4777,551,4030,71,4652
OK,Woods,40151,873,3043,0,3916,670,2725,0,3395,522,2947,199,3668,591,2993,94,3678,614,2955,69,3638
OK,Woodward,40153,1350,6404,0,7754,1129,5936,0,7065,873,6347,375,7595,1005,6611,169,7785,967,6231,114,7312
OR,Baker,41001,2805,5650,322,8777,2364,5692,295,8351,1797,6218,764,8779,2346,7352,234,9932,2301,6984,238,9523
OR,Benton,41003,29901,15264,1313,46478,27662,14922,1678,44262,29193,13445,6115,48753,35827,14878,2094,52799,33579,14041,1716,49336
OR,Clackamas,41005,103476,83595,4807,191878,94013,87551,4000,185564,102095,88392,23552,214039,139043,110509,8127,257679,126979,103832,7142,237953
OR,Clatsop,41007,10701,7192,655,18548,9616,7101,489,17206,9252,8138,2274,19664,12916,10218,776,23910,12442,9829,718,22989
OR,Columbia,41009,13390,10413,965,24768,11843,10645,810,23298,10167,13217,3234,26618,13835,17150,1236,32221,12865,17184,1045,31094
OR,Coos,41011,14401,15354,1196,30951,12628,14398,900,27926,10448,17865,3000,31313,14243,21829,1003,37075,13596,20587,983,35166
OR,Crook,41013,3632,6371,349,10352,3081,6769,259,10109,2637,8511,1024,12172,3801,11287,360,15448,3731,11804,357,15892
OR,Curry,41015,5230,6646,456,12332,4611,6577,341,11529,4300,7212,1099,12611,6058,8484,383,14925,5685,7943,390,14018
OR,Deschutes,41017,38819,39064,1899,79782,34985,40670,1786,77441,42444,45692,10421,98557,65962,55646,3626,125234,65677,53318,3422,122417
OR,Douglas,41019,20298,30919,1720,52937,17032,30588,1442,49062,14096,34582,4843,53521,19160,43298,1891,64349,18181,41059,1516,60756
OR,Gilliam,41021,430,648,32,1110,371,637,36,1044,239,671,109,1019,324,834,20,1178,291,805,34,1130
OR,Grant,41023,1006,2785,118,3909,834,2848,96,3778,739,3210,391,4340,929,3545,122,4596,813,3483,125,4421
OR,Harney,41025,950,2595,138,3683,829,2599,107,3535,683,2912,379,3974,894,3475,112,4481,795,3305,127,4227
OR,Hood River,41027,6302,3265,263,9830,5977,3400,285,9662,6510,3272,1128,10910,8764,3955,371,13090,8364,3854,402,12620
OR,Jackson,41029,49090,49043,2914,101047,42341,46974,2640,91955,44447,53870,11010,109327,59478,63869,3818,127165,53907,61535,3135,118577
OR,Jefferson,41031,3682,4402,234,8318,3238,4576,164,7978,2980,5483,996,9459,4393,7189,331,11913,3921,7438,294,11653
OR,Josephine,41033,17412,22973,1664,42049,14929,23636,1114,39679,13453,26923,4184,44560,18451,31751,1439,51641,16592,30696,1233,48521
OR,Klamath,41035,9370,19113,916,29399,8140,18654,736,27530,7210,20435,2862,30507,10388,25308,1030,36726,9829,24613,839,35281
OR,Lake,41037,957,2638,93,3688,769,2801,106,3676,639,3022,269,3930,792,3470,101,4363,670,3367,93,4130
OR,Lane,41039,114037,63835,5038,182910,99891,60979,5306,166176,102753,67141,22056,191950,134366,80336,7551,222253,123957,76149,6441,206547
OR,Lincoln,41041,14258,8791,840,23889,13277,8623,712,22612,12501,10039,2716,25256,17385,12460,881,30726,17112,11645,914,29671
OR,Linn,41043,22163,28071,1748,51982,19893,28482,1612,49987,17995,33488,7236,58719,26512,43486,2642,72640,25749,43078,2225,71052
OR,Malheur,41045,2949,7157,327,10433,2701,6751,259,9711,2246,7194,995,10435,3260,8187,357,11804,2830,7593,315,10738
OR,Marion,41047,61816,59059,3688,124563,54337,58435,2747,115519,57788,63377,15675,136840,80872,79002,5660,165534,73967,77083,4682,155732
OR,Morrow,41049,1410,2509,139,4058,1189,2524,125,3838,1017,2721,429,4167,1371,3586,161,5118,1132,3402,159,4693
OR,Multnomah,41051,279696,75171,9843,364710,261222,71947,11445,344614,292561,67954,38588,399103,367249,82995,13415,463659,323969,70231,14274,408474
OR,Polk,41053,17536,17714,957,36207,15761,17377,858,33996,16420,18940,4935,40295,22917,23732,1642,48291,21908,23695,1422,47025
OR,Sherman,41055,385,634,28,1047,317,677,25,1019,202,732,83,1017,260,921,27,1208,229,877,32,1138
OR,Tillamook,41057,7072,5757,468,13297,6249,5670,427,12346,5768,6538,1497,13803,8066,8354,468,16888,7726,7944,460,16130
OR,Umatilla,41059,9484,15254,785,25523,8499,15425,699,24623,7673,17059,2865,27597,10707,21270,1061,33038,9170,20809,853,30832
OR,Union,41061,4613,7581,400,12594,3943,7608,354,11905,3249,8431,1288,12968,4254,10298,392,14944,4043,9872,449,14364
OR,Wallowa,41063,1492,2836,137,4465,1252,2796,104,4152,1116,2848,402,4366,1625,3404,120,5149,1573,3366,143,5082
OR,Wasco,41065,5906,5103,371,11380,5066,5152,332,10550,4781,5833,1350,11964,6604,7035,491,14130,6005,6754,426,13185
OR,Washington,41067,141544,89185,5903,236632,124431,86551,5491,216473,153251,83197,32784,269232,209940,99073,11313,320326,192641,92427,9970,295038
OR,Wheeler,41069,281,498,33,812,262,542,37,841,155,591,72,818,217,711,37,965,210,616,37,863
OR,Yamhill,41071,20797,21390,1339,43526,18906,21711,1133,41750,19301,23250,6202,48753,27174,29551,2198,58923,25971,29484,1869,57324
PA,Adams,42001,17633,26349,509,44491,14893,26490,590,41973,14219,31423,1847,47489,18207,37523,984,56714,19842,40248,560,60650
PA,Allegheny,42003,373153,272347,5936,651436,348151,259304,7216,614671,367617,259480,23017,650114,430759,282913,11128,724800,429916,283595,6993,720504
PA,Armstrong,42005,11138,18542,401,30081,8694,19231,397,28322,7178,23484,956,31618,8457,27489,424,36370,8553,28296,270,37119
PA,Beaver,42007,40499,42895,1094,84488,36833,42118,1064,80015,32531,48167,2873,83571,38122,54759,1241,94122,37196,56837,810,94843
PA,Bedford,42009,6059,16124,260,22443,4730,16509,205,21444,3645,19552,440,23637,4367,23025,182,27574,4336,23658,166,28160
PA,Berks,42011,97047,80513,2440,180000,79895,80857,2501,163253,78437,96626,8002,183065,92895,109736,2909,205540,91125,116677,2036,209838
PA,Blair,42013,19813,32708,581,53102,15516,31500,615,47631,13958,39135,1816,54909,17636,45306,653,63595,18127,46352,470,64949
PA,Bradford,42015,10306,15057,424,25787,8291,13827,383,22501,6369,18141,1198,25708,8046,21600,513,30159,7990,22937,265,31192
PA,Bucks,42017,179031,150248,3645,332924,159598,155876,3933,319407,167060,164361,12876,344297,204712,187367,4155,396234,198431,198722,3875,401028
PA,Butler,42019,32260,57074,1091,90425,28385,59416,1123,88924,28584,64428,4059,97071,37508,74359,1438,113305,40661,79773,1006,121440
PA,Cambria,42021,32451,31995,1224,65670,23181,33464,1073,57718,18867,42258,1947,63072,21730,48085,759,70574,21177,49408,551,71136
PA,Cameron,42023,879,1323,43,2245,677,1264,26,1967,531,1589,66,2186,634,1771,29,2434,538,1654,27,2219
PA,Carbon,42025,13464,12957,502,26923,11040,12710,482,24232,8936,18743,1097,28776,11212,21984,433,33629,11394,23708,293,35395
PA,Centre,42027,41950,32992,821,75763,33677,33697,1427,68801,37088,35274,3786,76148,40055,36372,1066,77493,41119,38829,844,80792
PA,Chester,42029,137833,114421,2100,254354,122232,123280,2783,248295,141682,116114,11004,268800,182372,128565,4816,315753,184281,137299,3384,324964
PA,Clarion,42031,6756,10737,273,17766,4731,10228,268,15227,4273,12576,686,17535,4678,14578,237,19493,4562,15036,135,19733
PA,Clearfield,42033,14555,18662,596,33813,11093,20303,498,31894,8200,24932,1139,34271,9673,29203,620,39496,9647,30481,302,40430
PA,Clinton,42035,7097,7504,190,14791,5503,6941,219,12663,4744,10022,628,15394,5502,11902,221,17625,5395,12965,162,18522
PA,Columbia,42037,13230,14477,356,28063,10424,13445,436,24305,8934,18004,1290,28228,10532,20098,541,31171,11083,21190,303,32576
PA,Crawford,42039,16780,20750,604,38134,13024,19497,568,33089,10971,24987,1534,37492,12924,28559,521,42004,12858,29685,329,42872
PA,Cumberland,42041,48306,63739,1259,113304,43983,64365,1616,109964,47085,69076,5456,121617,62245,77212,2138,141595,66255,80267,1874,148396
PA,Dauphin,42043,69975,58238,1316,129529,64209,56838,1578,122625,64706,60863,5303,130872,78983,66408,1977,147368,78327,69474,1725,149526
PA,Delaware,42045,178870,115273,2861,297004,164805,105270,2778,272853,177402,110667,9565,297634,206423,118532,4051,329006,201324,123421,3427,328172
PA,Elk,42047,7290,6676,305,14271,5144,7099,182,12425,3853,10025,548,14426,4522,12140,244,16906,4483,12543,127,17153
PA,Erie,42049,75775,50351,1565,127691,65136,46102,1494,112732,58112,60069,5498,123679,68286,66869,1928,137083,67456,68866,1273,137595
PA,Fayette,42051,25866,26081,613,52560,21841,25845,510,48196,17946,34590,1231,53767,20444,41227,468,62139,19548,43633,291,63472
PA,Forest,42053,1038,1366,40,2444,894,1381,33,2308,626,1683,92,2401,728,1882,36,2646,724,1902,24,2650
PA,Franklin,42055,21169,41906,566,63641,18910,43072,820,62802,17465,49768,2498,69731,22422,57245,1116,80783,23543,59604,737,83884
PA,Fulton,42057,1576,4642,88,6306,1297,4780,71,6148,912,5694,165,6771,1085,6824,68,7977,1102,7039,36,8177
PA,Greene,42059,7829,7889,258,15976,5564,7985,177,13726,4482,10849,433,15764,4911,12579,179,17669,4592,12319,325,17236
PA,Huntingdon,42061,6621,11745,266,18632,5383,11953,251,17587,4539,14494,673,19706,5445,17061,286,22792,5368,17627,161,23156
PA,Indiana,42063,17065,19727,510,37302,14403,21187,590,36180,11528,24888,1354,37770,12634,28089,475,41198,12697,29215,317,42229
PA,Jefferson,42065,6447,12057,298,18802,4535,12288,249,17072,3650,15192,636,19478,4527,17960,337,22824,4707,18235,187,23129
PA,Juniata,42067,3068,6484,159,9711,2533,6821,126,9480,1821,8273,360,10454,2253,9649,141,12043,2290,9721,93,12104
PA,Lackawanna,42069,67520,39488,868,107876,61309,34730,1077,97116,51983,48384,3089,103456,61991,52334,1085,115410,59510,56261,819,116590
PA,Lancaster,42071,99586,126568,1983,228137,87108,129364,3205,219677,91093,137914,12105,241112,115847,160209,5319,281375,120119,166261,2877,289257
PA,Lawrence,42073,19711,21851,541,42103,17427,20915,474,38816,14009,25428,1316,40753,15978,29597,501,46076,15440,31347,323,47110
PA,Lebanon,42075,23310,34314,673,58297,18975,34010,786,53771,18953,40525,2367,61845,23932,46731,1195,71858,24734,48282,676,73692
PA,Lehigh,42077,87089,63382,2002,152473,77029,66091,1802,144922,81324,73690,5979,160993,98288,84259,2166,184713,96317,91207,2286,189810
PA,Luzerne,42079,72492,61127,1556,135175,63974,57969,1798,123741,52451,78688,3844,134983,64873,86929,1519,153321,62504,92444,1202,156150
PA,Lycoming,42081,18381,30280,576,49237,15104,30490,620,46214,13020,35627,1918,50565,16971,41462,821,59254,17216,41961,508,59685
PA,McKean,42083,6465,9224,258,15947,5260,9494,260,15014,4025,11635,636,16296,5098,14083,285,19466,5115,14401,166,19682
PA,Mercer,42085,26411,26565,845,53821,23082,24304,679,48065,18733,31544,2032,52309,21067,36143,744,57954,20145,37761,504,58410
PA,Mifflin,42087,5375,10929,198,16502,4259,11893,159,16311,3877,14094,630,18601,4603,16670,229,21502,4735,17184,152,22071
PA,Monroe,42089,39453,28293,697,68443,33431,25100,781,59312,33918,33386,2448,69752,44060,38726,1043,83829,42007,42676,842,85525
PA,Montgomery,42091,253393,165552,3474,422419,227561,169903,4323,401787,256082,162731,15874,434687,319511,185460,5186,510157,317103,198311,5492,520906
PA,Montour,42093,3364,4574,85,8023,3026,4636,125,7787,2857,5288,411,8556,3771,5844,202,9817,3862,5944,102,9908
PA,Northampton,42095,75255,58551,1781,135587,65014,59242,1627,125883,66272,71736,5511,143519,85087,83854,2458,171399,86655,89817,1743,178215
PA,Northumberland,42097,14329,19018,592,33939,12392,18516,604,31512,9788,25427,1407,36622,12677,28952,654,42283,12863,30240,419,43522
PA,Perry,42099,6396,13058,291,19745,5430,12511,299,18240,4632,15616,910,21158,5950,18293,409,24652,6385,19073,267,25725
PA,Philadelphia,42101,595980,117221,4128,717329,557024,91840,4734,653598,584025,108748,14858,707631,603790,132740,4847,741377,568571,144311,8559,721441
PA,Pike,42103,11493,12518,273,24284,10170,12713,281,23164,9256,16056,789,26101,13019,19213,322,32554,13132,21537,281,34950
PA,Potter,42105,2300,5109,98,7507,1892,5199,114,7205,1302,6251,231,7784,1726,7239,99,9064,1675,7334,76,9085
PA,Schuylkill,42107,28300,33767,990,63057,24453,32156,896,57505,16770,44001,2098,62869,20727,48871,1005,70603,20882,51665,637,73184
PA,Snyder,42109,5382,9900,197,15479,4672,10050,240,14962,4002,11725,636,16363,4910,13983,247,19140,5239,14664,135,20038
PA,Somerset,42111,12878,21686,604,35168,9420,23935,520,33875,7376,27379,1018,35773,8654,31466,423,40543,8596,31993,292,40881
PA,Sullivan,42113,1233,1841,46,3120,1028,1859,47,2934,750,2291,95,3136,921,2619,55,3595,976,2721,24,3721
PA,Susquehanna,42115,8381,10633,272,19286,6891,10735,304,17930,5123,12891,849,18863,6236,15207,309,21752,6093,16114,197,22404
PA,Tioga,42117,6390,11326,268,17984,5053,10599,291,15943,3901,13614,810,18325,4955,15742,378,21075,5100,16272,215,21587
PA,Union,42119,7333,9859,208,17400,6063,9863,261,16187,6180,10622,666,17468,7475,12356,284,20115,8015,12969,204,21188
PA,Venango,42121,9238,13718,351,23307,7469,12928,378,20775,6309,16021,1018,23348,7585,18569,374,26528,7624,18883,225,26732
PA,Warren,42123,8537,9685,295,18517,6768,9415,279,16462,5145,12477,812,18434,6066,14237,347,20650,6212,14345,166,20723
PA,Washington,42125,46122,50752,1173,98047,38503,50455,1120,90078,36322,61386,3742,101450,45088,72080,1310,118478,44910,75929,778,121617
PA,Wayne,42127,9892,12702,241,22835,8138,12531,297,20966,7008,16244,766,24018,9191,18637,261,28089,9150,20071,223,29444
PA,Westmoreland,42129,72721,102294,1858,176873,63380,103429,1900,168709,59669,116522,5860,182051,72129,130218,2836,205183,74904,135008,1538,211450
PA,Wyoming,42131,5985,6983,170,13138,4812,6189,213,11214,3811,8837,496,13144,4704,9936,218,14858,4680,10222,150,15052
PA,York,42133,82839,109268,2103,194210,72126,111576,2692,186394,68524,128528,8934,205986,88114,146733,3624,238471,91926,154884,2400,249210
RI,Bristol,44001,16162,9260,385,25807,14943,9216,404,24563,14609,8965,1901,25475,18050,9745,620,28415,17458,10048,611,28117
RI,Kent,44003,48406,33780,1492,83678,44966,30786,1495,77247,37788,38336,5929,82053,49113,42001,1979,93093,46269,44526,1853,92648
RI,Newport,44005,25479,15717,645,41841,23507,16343,695,40545,22851,15077,3117,41045,29486,15722,940,46148,27332,16027,990,44349
RI,Providence,44007,167704,80748,4101,252553,156022,74344,3726,234092,142899,90882,14693,248474,165012,102551,5104,272667,151508,112558,5923,269989
RI,Washington,44009,116156,49810,2667,168633,34904,24666,1363,60933,33741,27230,5398,66369,44549,29818,1693,76060,42589,31247,1720,75556
SC,Abbeville,45001,4593,6264,144,11001,4507,5923,147,10577,3741,6763,271,10775,4101,8215,117,12433,3399,8509,140,12048
SC,Aiken,45003,26101,42849,820,69770,23953,41157,939,66049,25455,46025,3371,74851,32275,51589,1321,85185,31298,53592,1201,86091
SC,Allendale,45005,3029,947,48,4024,3335,894,28,4257,2735,789,68,3592,2718,835,40,3593,2165,813,45,3023
SC,Anderson,45007,24132,48690,965,73787,22315,48493,1093,71901,21097,56232,3154,80483,27169,67565,1359,96093,25281,71828,1187,98296
SC,Bamberg,45009,4426,2309,79,6814,4600,2190,64,6854,3898,2204,112,6214,4010,2417,55,6482,3245,2376,73,5694
SC,Barnwell,45011,4931,4769,98,9798,5182,4655,76,9913,4400,4889,196,9485,4720,5492,109,10321,4082,5605,116,9803
SC,Beaufort,45013,30396,37821,653,68870,29775,42580,760,73115,32138,42922,3464,78524,43419,53194,1222,97835,44002,59123,1278,104403
SC,Berkeley,45015,27755,36205,821,64781,24239,35764,1108,61111,30705,44587,4225,79517,45223,57397,1838,104458,46416,64777,1641,112834
SC,Calhoun,45017,3970,3695,73,7738,4043,3705,82,7830,3573,3787,189,7549,3905,4305,81,8291,3339,4474,101,7914
SC,Charleston,45019,82698,69822,1914,154434,81027,77248,2579,160854,89299,75443,11603,176345,121485,93297,4075,218857,111427,99265,3829,214521
SC,Cherokee,45021,7215,13305,246,20766,7219,13306,228,20753,6092,15167,500,21759,6983,18043,244,25270,5939,18697,203,24839
SC,Chester,45023,7478,6318,185,13981,7839,6336,149,14324,6579,7265,348,14192,6941,8660,156,15757,6353,9030,173,15556
SC,Chesterfield,45025,7842,8325,192,16359,7942,8488,146,16576,6858,9312,411,16581,7431,11297,148,18876,6520,11682,189,18391
SC,Clarendon,45027,8673,6758,121,15552,8967,6890,128,15985,7732,7386,277,15395,8250,8361,122,16733,7064,9065,191,16320
SC,Colleton,45029,8616,8525,180,17321,8470,8439,168,17077,7627,9091,533,17251,8602,10440,241,19283,7376,10696,204,18276
SC,Darlington,45031,14505,14544,285,29334,15452,14429,259,30140,13888,14989,797,29674,15220,16832,365,32417,12977,17017,337,30331
SC,Dillon,45033,7408,5874,135,13417,7623,5477,86,13186,5834,5637,227,11698,6436,6582,83,13101,5241,6526,94,11861
SC,Dorchester,45035,21806,29929,670,52405,23390,32469,876,56735,24055,34987,3525,62567,33824,41913,1541,77278,32489,43839,1436,77764
SC,Edgefield,45037,5075,6334,111,11520,4965,6511,107,11583,4491,6842,311,11644,4953,8184,167,13304,4659,9092,168,13919
SC,Fairfield,45039,7591,3912,116,11619,7743,3996,119,11858,6945,4027,295,11267,7382,4625,129,12136,6277,4792,146,11215
SC,Florence,45041,28012,29861,500,58373,28508,28825,544,57877,26710,29573,1648,57931,31153,32615,742,64510,27706,32615,819,61140
SC,Georgetown,45043,14199,15790,301,30290,14119,16476,275,30870,13310,17389,958,31657,15822,20487,359,36668,14965,22326,463,37754
SC,Greenville,45045,70886,116363,3408,190657,67378,120514,3390,191282,74483,127832,12850,215165,103030,150021,5104,258155,100074,158541,4701,263316
SC,Greenwood,45047,12348,16995,324,29667,11884,16290,351,28525,10711,16961,1091,28763,12145,19431,430,32006,10766,19715,407,30888
SC,Hampton,45049,5816,3439,95,9350,5814,3310,60,9184,5170,3488,148,8806,5323,3906,76,9305,4328,3801,104,8233
SC,Horry,45051,38879,64609,1310,104798,36620,66653,1311,104584,39410,89288,4222,132920,59180,118821,1743,179744,62325,141719,1910,205954
SC,Jasper,45053,5389,3365,100,8854,5727,4169,95,9991,5956,5187,284,11427,7185,7078,131,14394,8144,9900,183,18227
SC,Kershaw,45055,11226,16466,293,27985,10821,15846,359,27026,10330,17542,1123,28995,12699,20471,459,33629,11826,21289,418,33533
SC,Lancaster,45057,12139,16441,341,28921,13345,19273,392,33010,13812,23719,1407,38938,18937,30312,619,49868,20146,33623,658,54427
SC,Laurens,45059,10578,15334,370,26282,10297,14726,350,25373,8889,16816,861,26566,10159,20004,325,30488,8769,21110,334,30213
SC,Lee,45061,5960,3074,119,9153,5972,2829,97,8898,5199,2803,154,8156,5329,3008,94,8431,4505,3078,493,8076
SC,Lexington,45063,33303,74960,1249,109512,34007,76392,1805,112204,35230,80026,6837,122093,49301,92817,2450,144568,47815,96965,2123,146903
SC,Marion,45067,6794,3996,86,10876,9518,5114,134,14766,8569,5444,263,14276,8872,5711,121,14704,7316,5906,166,13388
SC,Marlboro,45069,2755,2437,40,5232,7554,4010,93,11657,5954,4267,168,10389,6290,5044,112,11446,5137,4896,119,10152
SC,McCormick,45065,9608,5416,150,15174,2637,2460,40,5137,2479,2652,85,5216,2687,2958,52,5697,2513,3565,75,6153
SC,Newberry,45071,6708,9616,200,16524,6891,9218,178,16287,6217,10017,573,16807,6958,11443,230,18631,5841,12067,221,18129
SC,Oconee,45073,9481,21164,487,31132,8537,21573,503,30613,7998,24178,1459,33635,10414,29698,556,40668,9987,31772,505,42264
SC,Orangeburg,45075,27263,12115,376,39754,30454,11888,295,42637,26318,11931,661,38910,27295,13603,307,41205,22832,13750,388,36970
SC,Pickens,45077,11691,32552,885,45128,11122,33385,915,45422,10354,36236,2459,49049,13645,42907,994,57546,13891,45728,832,60451
SC,Richland,45079,105656,57941,1440,165037,94350,46725,1941,143016,108000,52469,8253,168722,132570,58313,2939,193822,121110,58019,3282,182411
SC,Saluda,45081,3323,5191,89,8603,3322,5130,101,8553,2813,5526,225,8564,2963,6210,101,9274,2454,6452,108,9014
SC,Spartanburg,45083,41632,65042,1654,108328,40920,65951,1456,108327,39997,76277,4816,121090,52926,93560,2169,148655,50710,103032,1855,155597
SC,Sumter,45085,25431,18581,346,44358,27550,19266,445,47261,24047,18745,1294,44086,27379,21000,541,48920,23425,21215,530,45170
SC,Union,45087,5935,7449,167,13551,5748,6566,161,12475,4729,7061,302,12092,4935,8183,139,13257,4084,8102,103,12289
SC,Williamsburg,45089,11279,5004,160,16443,11318,4819,145,16282,9953,4864,237,15054,10289,5532,164,15985,8634,5524,172,14330
SC,York,45091,37918,54500,1278,93696,38757,59149,1522,99428,41593,66754,6010,114357,59008,82727,2315,144050,59600,88239,2220,150059
SD,Aurora,46003,655,794,46,1495,556,804,40,1400,340,974,93,1407,317,1052,36,1405,302,1056,35,1393
SD,Beadle,46005,3493,4054,167,7714,2881,4230,152,7263,1912,4455,405,6772,2107,4808,166,7081,2017,4826,167,7010
SD,Bennett,46007,557,614,37,1208,548,626,29,1203,412,666,71,1149,466,694,23,1183,389,676,23,1088
SD,Bon Homme,46009,1367,1712,96,3175,1167,1830,77,3074,704,2105,165,2974,721,2235,45,3001,697,2236,59,2992
SD,Brookings,46011,7207,6431,307,13945,5826,6219,353,12398,4879,6748,1053,12680,6110,8000,457,14567,5978,8575,386,14939
SD,Brown,46013,9041,8067,318,17426,7249,8320,497,16066,5452,9613,1049,16114,6538,10580,429,17547,6075,10645,323,17043
SD,Brule,46015,965,1407,67,2439,824,1499,56,2379,571,1565,152,2288,673,1750,67,2490,666,1694,63,2423
SD,Buffalo,46017,454,156,9,619,472,166,3,641,296,171,23,490,352,183,14,549,291,164,11,466
SD,Butte,46019,1306,2821,129,4256,1000,3068,133,4201,696,3357,298,4351,939,3731,132,4802,942,4024,116,5082
SD,Campbell,46021,243,591,20,854,153,616,18,787,105,704,22,831,117,747,9,873,120,706,10,836
SD,Charles Mix,46023,1807,2109,62,3978,1482,2229,51,3762,935,2382,116,3433,1177,2552,54,3783,1000,2551,64,3615
SD,Clark,46025,830,1065,45,1940,713,1067,41,1821,398,1139,120,1657,437,1373,40,1850,415,1382,45,1842
SD,Clay,46027,3808,2296,138,6242,2955,2146,132,5233,2608,2109,352,5069,3083,2456,159,5698,2944,2574,139,5657
SD,Codington,46029,5595,6374,216,12185,4588,6696,240,11524,3174,7764,731,11669,3837,8958,366,13161,3840,9349,321,13510
SD,Corson,46031,837,535,34,1406,647,515,37,1199,535,588,52,1175,622,647,14,1283,495,631,17,1143
SD,Custer,46033,1475,2909,123,4507,1335,3062,123,4520,1121,3293,307,4721,1522,3852,120,5494,1567,4313,121,6001
SD,Davison,46035,3554,4731,170,8455,3042,4754,172,7968,2355,5157,440,7952,2648,5613,193,8454,2743,6208,226,9177
SD,Day,46037,1785,1372,48,3205,1497,1320,56,2873,974,1627,146,2747,1052,1869,43,2964,1000,1876,56,2932
SD,Deuel,46039,1054,1088,76,2218,941,1175,55,2171,570,1366,144,2080,609,1699,42,2350,528,1717,53,2298
SD,Dewey,46041,1328,659,32,2019,1207,663,25,1895,888,723,97,1708,1131,790,45,1966,1032,793,46,1871
SD,Douglas,46043,424,1293,39,1756,332,1334,24,1690,214,1338,53,1605,216,1468,23,1707,219,1419,20,1658
SD,Edmunds,46045,819,1213,44,2076,622,1264,50,1936,380,1433,105,1918,417,1538,30,1985,384,1618,29,2031
SD,Fall River,46047,1338,2348,123,3809,1137,2256,118,3511,821,2511,231,3563,1053,2878,111,4042,1030,3135,109,4274
SD,Faulk,46049,426,739,27,1192,331,765,31,1127,204,858,56,1118,198,964,20,1182,183,920,27,1130
SD,Grant,46051,1786,1951,93,3830,1493,2034,79,3606,971,2382,211,3564,1056,2618,71,3745,946,2594,90,3630
SD,Gregory,46053,771,1423,53,2247,599,1507,45,2151,391,1600,100,2091,455,1771,32,2258,426,1790,51,2267
SD,Haakon,46055,187,939,27,1153,138,940,14,1092,77,936,31,1044,105,1026,6,1137,105,1004,16,1125
SD,Hamlin,46057,1043,1661,83,2787,921,1803,69,2793,555,2051,156,2762,647,2372,64,3083,610,2560,56,3226
SD,Hand,46059,718,1247,46,2011,575,1242,31,1848,334,1391,93,1818,373,1433,30,1836,365,1376,23,1764
SD,Hanson,46061,961,1426,44,2431,760,1627,29,2416,424,1497,85,2006,557,1793,38,2388,399,1611,36,2046
SD,Harding,46063,135,575,24,734,82,638,19,739,38,695,37,770,49,748,16,813,48,754,18,820
SD,Hughes,46065,3037,5298,133,8468,2786,5219,150,8155,2450,5174,551,8175,2953,5522,248,8723,2838,5379,218,8435
SD,Hutchinson,46067,1242,2285,81,3608,923,2451,51,3425,692,2517,156,3365,762,2944,61,3767,755,2918,63,3736
SD,Hyde,46069,226,547,12,785,189,531,13,733,125,543,22,690,136,564,10,710,148,530,17,695
SD,Jackson,46071,435,668,30,1133,426,661,19,1106,323,722,50,1095,359,738,18,1115,357,753,19,1129
SD,Jerauld,46073,542,546,17,1105,452,538,16,1006,264,648,55,967,270,721,15,1006,276,708,15,999
SD,Jones,46075,147,463,17,627,108,490,11,609,69,450,39,558,90,498,11,599,60,477,13,550
SD,Kingsbury,46077,1277,1435,72,2784,1092,1451,65,2608,703,1680,168,2551,819,1904,56,2779,760,1989,52,2801
SD,Lake,46079,3033,2993,131,6157,2724,3419,142,6285,2314,4038,434,6786,2068,3681,124,5873,1978,3819,109,5906
SD,Lawrence,46081,4932,6787,336,12055,3973,7025,361,11359,3356,7411,1075,11842,4537,8753,538,13828,5074,9904,431,15409
SD,Lincoln,46083,8642,11803,322,20767,7982,13611,359,21952,8076,15499,1656,25231,11981,19617,798,32396,12981,22621,791,36393
SD,Lyman,46085,710,894,37,1641,605,933,31,1569,369,977,75,1421,525,1042,30,1597,422,993,32,1447
SD,Marshall,46091,1261,900,30,2191,1061,889,37,1987,754,1056,137,1947,858,1287,33,2178,782,1288,39,2109
SD,McCook,46087,1219,1646,80,2945,905,1655,53,2613,623,1794,170,2587,769,2068,63,2900,733,2227,71,3031
SD,McPherson,46089,441,915,19,1375,272,921,22,1215,192,892,53,1137,222,1075,27,1324,188,1087,24,1299
SD,Meade,46093,3751,7515,340,11606,2928,7560,323,10811,2223,8441,957,11621,3285,9875,510,13670,3421,10887,364,14672
SD,Mellette,46095,373,445,25,843,375,381,13,769,238,402,43,683,298,449,22,769,285,434,21,740
SD,Miner,46097,605,577,36,1218,479,636,25,1140,281,706,77,1064,320,787,31,1138,293,841,33,1167
SD,Minnehaha,46099,39838,39251,1463,80552,34668,40330,1567,76565,30610,42043,5610,78263,40482,49249,2595,92326,39923,51842,2221,93986
SD,Moody,46101,1663,1508,83,3254,1429,1535,69,3033,1043,1731,159,2933,1179,1951,76,3206,1052,2068,69,3189
SD,Oglala Lakota,46102,2971,331,48,3350,2922,188,20,3130,2510,241,154,2905,2829,297,74,3200,2567,406,89,3062
SD,Pennington,46103,17802,27603,875,46280,15122,28229,1107,44458,14074,29804,3865,47743,20606,35063,1849,57518,20051,35009,1520,56580
SD,Perkins,46105,499,1102,85,1686,319,1205,66,1590,188,1333,85,1606,239,1401,29,1669,228,1342,21,1591
SD,Potter,46107,482,937,21,1440,339,1029,13,1381,215,1071,51,1337,227,1139,14,1380,214,1059,25,1298
SD,Roberts,46109,2672,1781,83,4536,2302,1883,71,4256,1540,2144,205,3889,1828,2404,75,4307,1560,2514,75,4149
SD,Sanborn,46111,500,669,38,1207,389,688,38,1115,241,819,63,1123,257,905,23,1185,259,929,24,1212
SD,Spink,46115,1550,1660,59,3269,1300,1670,71,3041,919,1854,178,2951,998,2104,61,3163,921,2145,73,3139
SD,Stanley,46117,510,1017,26,1553,435,1063,42,1540,329,1148,90,1567,421,1203,28,1652,447,1260,28,1735
SD,Sully,46119,233,581,19,833,186,611,19,816,137,679,45,861,185,726,19,930,168,716,17,901
SD,Todd,46121,2208,571,49,2828,1976,498,23,2497,1505,487,133,2125,1963,532,44,2539,1570,497,59,2126
SD,Tripp,46123,914,1859,66,2839,737,1905,49,2691,462,2069,99,2630,495,2161,40,2696,470,2150,34,2654
SD,Turner,46125,1681,2538,133,4352,1411,2715,84,4210,961,2937,252,4150,1139,3290,119,4548,1044,3374,120,4538
SD,Union,46127,3244,4310,147,7701,2782,4698,116,7596,2227,5290,380,7897,2725,5944,186,8855,2548,6160,168,8876
SD,Walworth,46129,923,1668,59,2650,671,1731,60,2462,457,1896,124,2477,565,1966,49,2580,481,1940,45,2466
SD,Yankton,46135,4838,5039,257,10134,4208,5463,253,9924,3301,5659,663,9623,4016,6581,303,10900,3883,6650,299,10832
SD,Ziebach,46137,554,312,25,891,439,314,8,761,353,368,46,767,481,404,21,906,366,388,27,781
TN,Anderson,47001,11396,19675,499,31570,10112,18941,568,29621,9013,19212,1656,29881,11741,23184,645,35570,11525,24582,441,36548
TN,Bedford,47003,5027,10217,263,15507,4207,10026,200,14433,3395,11486,474,15355,4453,14354,281,19088,4122,15772,196,20090
TN,Benton,47005,2645,3696,138,6479,2255,3850,118,6223,1474,4716,138,6328,1529,5668,63,7260,1317,5886,57,7260
TN,Bledsoe,47007,1517,3166,101,4784,1267,3022,70,4359,897,3622,145,4664,971,4725,62,5758,891,5254,46,6191
TN,Blount,47009,15253,35571,821,51645,12925,35417,858,49200,12100,37443,2665,52208,17932,47369,1308,66609,17664,50699,861,69224
TN,Bradley,47011,9357,28333,501,38191,8035,27417,504,35956,7070,29768,1828,38666,9851,35204,810,45865,9852,38836,558,49246
TN,Campbell,47013,3867,8535,226,12628,3327,8602,168,12097,2248,9870,414,12532,2441,12331,161,14933,2305,13115,108,15528
TN,Cannon,47015,2011,3322,124,5457,1560,3308,100,4968,1127,4007,180,5314,1261,5190,106,6557,1132,5682,67,6881
TN,Carroll,47017,3980,7455,211,11646,3475,7219,151,10845,2327,7756,301,10384,2559,9205,141,11905,2233,9547,102,11882
TN,Carter,47019,5587,15852,330,21769,4786,15496,325,20607,3453,16898,733,21084,4529,19584,379,24492,4454,20167,231,24852
TN,Cheatham,47021,5498,10702,228,16428,4656,10266,255,15177,3878,11297,749,15924,5514,14438,308,20260,5464,14987,290,20741
TN,Chester,47023,1797,4587,75,6459,1622,4672,102,6396,1243,5081,183,6507,1412,5952,220,7584,1286,6206,85,7577
TN,Claiborne,47025,3078,7175,167,10420,2433,7617,128,10178,1832,8602,306,10740,2202,10604,139,12945,1971,11463,100,13534
TN,Clay,47027,1248,1676,70,2994,1037,1747,36,2820,707,2141,72,2920,735,2733,38,3506,614,3117,29,3760
TN,Cocke,47029,3340,8945,196,12481,2804,8459,187,11450,1981,9791,354,12126,2533,12162,164,14859,2415,13105,143,15663
TN,Coffee,47031,7132,13250,408,20790,5865,13013,364,19242,4743,14417,811,19971,5705,17883,694,24282,5440,19174,318,24932
TN,Crockett,47033,1967,3994,76,6037,1669,3782,46,5497,1303,3982,112,5397,1382,4673,59,6114,1196,4674,51,5921
TN,Cumberland,47035,7889,17436,387,25712,6260,18651,333,25244,5202,20413,745,26360,6728,25168,383,32279,6996,27399,247,34642
TN,Davidson,47037,158423,102915,3148,264486,138899,94464,4009,237372,148864,84550,15654,249068,199703,100218,9737,309658,181862,102256,5918,290036
TN,DeKalb,47041,2832,4085,148,7065,2168,4134,104,6406,1569,5171,215,6955,1750,6672,91,8513,1706,7599,91,9396
TN,Decatur,47039,1566,3101,96,4763,1302,2873,73,4248,894,3588,110,4592,904,4229,108,5241,819,4596,51,5466
TN,Dickson,47043,7506,11677,336,19519,6228,11287,306,17821,4722,13233,744,18699,6106,17643,574,24323,5913,19002,289,25204
TN,Dyer,47045,4411,9859,180,14450,3757,9921,122,13800,2816,10180,340,13336,3158,11768,153,15079,2707,11603,84,14394
TN,Fayette,47047,6892,12173,189,19254,6683,12682,197,19562,5874,13055,465,19394,7027,15690,267,22984,6720,16756,220,23696
TN,Fentress,47049,1831,4789,119,6739,1559,5240,91,6890,1100,6038,195,7333,1214,7441,74,8729,1149,8555,67,9771
TN,Franklin,47051,6613,10539,280,17432,5594,10252,253,16099,4374,11532,498,16404,4864,13987,281,19132,4529,15016,183,19728
TN,Gibson,47053,7406,13516,331,21253,6564,12883,220,19667,5258,13786,503,19547,5771,16259,305,22335,5100,16346,202,21648
TN,Giles,47055,4614,6902,173,11689,3759,6914,124,10797,2917,7970,250,11137,3298,9784,121,13203,2974,10394,119,13487
TN,Grainger,47057,2066,5297,140,7503,1668,5469,113,7250,1154,6626,228,8008,1467,8565,102,10134,1432,9630,68,11130
TN,Greene,47059,7110,17151,409,24670,6216,17234,487,23937,4216,18562,805,23583,5199,22259,629,28087,5145,25586,364,31095
TN,Grundy,47061,1971,2563,98,4632,1637,2502,78,4217,999,3636,128,4763,988,4802,65,5855,948,5334,46,6328
TN,Hamblen,47063,6807,15508,354,22669,5229,14515,276,20020,4075,15857,760,20692,5500,18811,320,24631,5132,20154,215,25501
TN,Hamilton,47065,64246,81702,1572,147520,58794,79877,3649,142320,55316,78733,8359,142408,75522,92108,3483,171113,74437,97195,2806,174438
TN,Hancock,47067,604,1588,49,2241,475,1527,44,2046,322,1843,66,2231,362,2372,10,2744,334,2558,16,2908
TN,Hardeman,47069,5919,5225,93,11237,5479,4864,92,10435,4185,4919,169,9273,4180,5760,123,10063,3527,5793,79,9399
TN,Hardin,47071,2794,7077,164,10035,2467,7886,142,10495,1622,8012,315,9949,1775,9559,204,11538,1704,10293,97,12094
TN,Hawkins,47073,5930,14756,354,21040,5086,14376,327,19789,3507,16648,619,20774,4083,20405,336,24824,3987,22066,213,26266
TN,Haywood,47075,4893,3165,63,8121,4567,2960,40,7567,3711,3013,110,6834,4012,3343,84,7439,3311,3286,55,6652
TN,Henderson,47077,3021,7669,144,10834,2516,7418,117,10051,1800,8138,279,10217,2092,9797,131,12020,1902,10083,62,12047
TN,Henry,47079,5153,8182,210,13545,4337,8187,207,12731,3063,9508,374,12945,3548,11239,260,15047,3286,11629,161,15076
TN,Hickman,47081,3563,4784,151,8498,2693,4756,146,7595,1824,5695,294,7813,2130,7577,125,9832,1968,8265,76,10309
TN,Houston,47083,1678,1608,68,3354,1400,1579,48,3027,866,2182,120,3168,871,2718,97,3686,773,2989,48,3810
TN,Humphreys,47085,3600,3818,162,7580,2904,3829,127,6860,1967,4930,256,7153,2017,6120,99,8236,1767,6400,97,8264
TN,Jackson,47087,2224,2185,92,4501,1736,2380,62,4178,1129,3236,101,4466,1135,4118,70,5323,1040,4586,50,5676
TN,Jefferson,47089,5178,13092,262,18532,4230,13037,298,17565,3494,14776,802,19072,4654,18651,311,23616,4503,21068,244,25815
TN,Johnson,47091,1837,4621,133,6591,1483,4611,100,6194,988,5410,181,6579,1246,6468,87,7801,1212,6829,61,8102
TN,Knox,47093,70215,113015,2856,186086,57594,106411,3325,167330,62878,105767,12052,180697,91422,124540,4594,220556,87516,130815,3533,221864
TN,Lake,47095,1024,1175,39,2238,884,1163,40,2087,577,1357,36,1970,526,1492,16,2034,429,1493,17,1939
TN,Lauderdale,47097,4322,4933,83,9338,4010,4616,62,8688,3056,4884,147,8087,3193,5674,98,8965,2571,5633,62,8266
TN,Lawrence,47099,5161,10566,293,16020,4237,10770,212,15219,2821,12420,425,15666,3195,15334,189,18718,2939,16429,165,19533
TN,Lewis,47101,1804,2951,79,4834,1445,3116,130,4691,890,3585,147,4622,1072,4474,63,5609,991,4852,47,5890
TN,Lincoln,47103,3695,9231,204,13130,3283,9791,175,13249,2554,10398,396,13348,2919,12281,408,15608,2782,13208,138,16128
TN,Loudon,47105,6058,15815,311,22184,5057,16701,308,22066,4919,17610,862,23391,6948,21713,686,29347,7625,25226,358,33209
TN,Macon,47111,4506,6746,185,11437,1552,5259,93,6904,1072,6263,169,7504,1307,8096,84,9487,1277,8958,98,10333
TN,Madison,47113,4320,6755,214,11289,18360,21989,342,40691,15448,21335,1337,38120,18390,23943,617,42950,16115,23385,464,39964
TN,Marion,47115,13058,20288,421,33767,3952,6268,184,10404,2832,7696,334,10862,3177,9911,168,13256,3026,10788,119,13933
TN,Marshall,47117,5541,12989,259,18789,3722,6823,184,10729,2852,8184,419,11455,3605,11043,230,14878,3390,12426,146,15962
TN,Maury,47119,3131,7135,156,10422,11819,20698,472,32989,10038,23799,1532,35369,14418,31464,775,46657,14145,37376,569,52090
TN,McMinn,47107,2060,5145,155,7360,4603,12958,257,17818,3510,14691,554,18755,4361,18198,285,22844,4207,19673,192,24072
TN,McNairy,47109,20209,23290,347,43846,2643,7010,156,9809,1848,7841,349,10038,1943,9093,239,11275,1727,9437,103,11267
TN,Meigs,47121,1372,2797,68,4237,1163,2728,67,3958,856,3342,122,4320,1008,4467,57,5532,968,5085,46,6099
TN,Monroe,47123,5053,11484,240,16777,4368,11717,235,16320,3186,13374,533,17093,3764,16783,250,20797,3608,18526,189,22323
TN,Montgomery,47125,25716,30175,627,56518,24349,30159,916,55424,21699,32341,3580,57620,32472,42187,2099,76758,32736,47795,1224,81755
TN,Moore,47127,881,2010,61,2952,705,2053,41,2799,496,2325,105,2926,573,2888,78,3539,542,3060,52,3654
TN,Morgan,47129,1969,4717,136,6822,1722,4668,110,6500,1054,5441,210,6705,1167,6930,131,8228,1054,7427,79,8560
TN,Obion,47131,4308,8873,211,13392,3320,8814,162,12296,2426,9526,297,12249,2589,10790,142,13521,2221,10596,83,12900
TN,Overton,47133,3419,4497,176,8092,2802,4772,83,7657,1945,6059,225,8229,2033,7918,86,10037,1931,9042,96,11069
TN,Perry,47135,1329,1596,75,3000,992,1578,51,2621,597,2167,91,2855,615,2775,38,3428,558,3139,19,3716
TN,Pickett,47137,854,1786,31,2671,711,1707,28,2446,536,2021,58,2615,525,2381,25,2931,487,2441,26,2954
TN,Polk,47139,2124,4267,110,6501,1856,4108,95,6059,1252,5097,171,6520,1492,6792,76,8360,1356,7302,69,8727
TN,Putnam,47141,9739,17101,476,27316,7793,17242,444,25479,6851,19002,1359,27212,9185,23759,649,33593,8991,25554,394,34939
TN,Rhea,47143,2907,8042,157,11106,2625,7793,160,10578,1942,8660,460,11062,2369,11050,218,13637,2312,11974,158,14444
TN,Roane,47145,7224,15658,394,23276,6014,14719,348,21081,4837,15880,952,21669,6043,19230,644,25917,6073,21011,328,27412
TN,Robertson,47147,9318,17903,393,27614,8289,17641,355,26285,6637,19410,1066,27113,8692,24536,489,33717,8428,26260,382,35070
TN,Rutherford,47149,40460,59892,1385,101737,36400,60829,1587,98816,36706,64515,6215,107436,59341,81480,3057,143878,56656,88811,2189,147656
TN,Scott,47151,1720,4931,132,6783,1452,5117,99,6668,934,6044,145,7123,986,8004,62,9052,942,8608,55,9605
TN,Sequatchie,47153,1717,3610,110,5437,1488,3541,112,5141,1053,4441,200,5694,1298,5855,99,7252,1292,6522,76,7890
TN,Sevier,47155,8604,24922,415,33941,7415,25979,462,33856,6297,28629,1386,36312,8721,33783,1031,43535,8322,35207,441,43970
TN,Shelby,47157,256297,145458,2425,404180,232201,135536,3012,370749,208992,116344,12047,337383,246105,129815,6135,382055,201759,118917,5821,326497
TN,Smith,47159,2992,4563,186,7741,2467,4492,122,7081,1689,5494,253,7436,1802,7136,113,9051,1595,7655,86,9336
TN,Stewart,47161,2470,2956,81,5507,2069,2963,83,5115,1222,3864,213,5299,1232,4950,114,6296,1160,5389,71,6620
TN,Sullivan,47163,18354,44808,835,63997,15303,43528,1002,59833,12578,46979,2721,62278,17272,55860,1225,74357,16624,58154,763,75541
TN,Sumner,47165,21487,44949,792,67228,18571,45979,784,65334,18161,50129,3215,71505,27680,63454,1496,92630,27874,68767,1120,97761
TN,Tipton,47167,7931,17165,220,25316,7020,16395,267,23682,5785,16910,786,23481,6837,20070,401,27308,6178,20303,252,26733
TN,Trousdale,47169,1475,1688,76,3239,1238,1610,53,2901,946,2103,111,3160,1012,2936,50,3998,856,3359,36,4251
TN,Unicoi,47171,2107,5011,105,7223,1909,5028,141,7078,1262,5671,262,7195,1615,6599,93,8307,1578,6876,87,8541
TN,Union,47173,1829,4467,103,6399,1474,4278,68,5820,1012,5053,182,6247,1249,6803,71,8123,1216,7384,69,8669
TN,Van Buren,47175,849,1294,37,2180,875,1384,39,2298,539,1820,60,2419,544,2342,35,2921,524,2718,23,3265
TN,Warren,47177,5515,8562,323,14400,4748,8007,253,13008,3535,9540,537,13612,3924,11850,235,16009,3647,13192,176,17015
TN,Washington,47179,15941,32341,700,48982,14318,32787,898,48003,13024,34252,2474,49750,18638,40444,1121,60203,18131,42299,804,61234
TN,Wayne,47181,1355,4076,96,5527,1163,4251,70,5484,717,5036,104,5857,820,5795,54,6669,762,6016,53,6831
TN,Weakley,47183,4596,8855,239,13690,3547,8601,184,12332,2772,9008,404,12184,3020,10396,319,13735,2725,10541,128,13394
TN,White,47185,3372,6103,172,9647,2793,6192,148,9133,1845,7671,309,9825,2143,9606,146,11895,2105,10717,109,12931
TN,Williamson,47187,27886,64858,902,93646,24328,68090,1188,93606,31013,68212,7046,106271,50161,86469,2386,139016,47695,94562,2411,144668
TN,Wilson,47189,15886,34595,678,51159,14669,36076,692,51437,14385,39406,2943,56734,22254,50296,1780,74330,23855,56425,974,81254
TX,Anderson,48001,4630,11884,141,16655,3796,12235,136,16167,3369,13201,407,16977,3955,15110,162,19227,3635,15597,121,19353
TX,Andrews,48003,790,3816,23,4629,794,3636,46,4476,836,3927,180,4943,850,4943,70,5863,806,5205,48,6059
TX,Angelina,48005,9379,19569,205,29153,7833,20301,269,28403,7538,21668,705,29911,9143,25076,355,34574,8146,26049,224,34419
TX,Aransas,48007,3006,6693,79,9778,2703,6829,114,9646,2465,7740,307,10512,2916,9239,135,12290,2831,10090,107,13028
TX,Archer,48009,740,3595,30,4365,525,3599,39,4163,394,3786,103,4283,446,4300,50,4796,520,4592,20,5132
TX,Armstrong,48011,128,856,6,990,98,828,9,935,70,924,27,1021,75,1035,2,1112,77,1029,3,1109
TX,Atascosa,48013,4415,5462,61,9938,5128,7451,125,12704,4651,8618,404,13673,5876,12039,203,18118,5153,13142,147,18442
TX,Austin,48015,2821,8786,114,11721,2252,9260,116,11628,2320,9637,317,12274,2951,11447,156,14554,2816,12457,106,15379
TX,Bailey,48017,682,1618,16,2316,466,1336,11,1813,397,1344,52,1793,409,1434,17,1860,332,1395,13,1740
TX,Bandera,48019,2250,6935,112,9297,1859,7423,152,9434,1726,8163,329,10218,2505,10057,153,12715,2532,10939,121,13592
TX,Bastrop,48021,11687,13817,414,25918,9860,14019,578,24457,10569,16328,1557,28454,15474,20516,675,36665,15989,23301,498,39788
TX,Baylor,48023,366,1262,15,1643,267,1297,28,1592,191,1267,41,1499,183,1494,25,1702,184,1471,15,1670
TX,Bee,48025,3645,4471,41,8157,3451,4354,68,7873,3444,4744,297,8485,3288,6006,126,9420,2606,6111,72,8789
TX,Bell,48027,40413,49242,679,90334,35315,49369,1081,85765,37801,51998,5195,94994,57014,67893,2468,127375,53973,75161,1423,130557
TX,Bexar,48029,275527,246275,3913,525715,263871,240519,7015,511405,319550,240333,29762,589645,448452,308618,11882,768952,411389,337545,8613,757547
TX,Blanco,48031,1467,3418,54,4939,1220,3637,114,4971,1244,4212,229,5685,1911,5443,87,7441,1973,6447,98,8518
TX,Borden,48033,40,316,5,361,32,324,6,362,31,330,4,365,16,397,3,416,16,370,1,387
TX,Bosque,48035,1797,5762,87,7646,1366,5873,97,7336,1278,6339,221,7838,1561,7469,96,9126,1524,7969,78,9571
TX,Bowie,48037,10815,24162,209,35186,10184,24840,333,35357,8838,24924,840,34602,10747,27116,398,38261,9282,27122,225,36629
TX,Brazoria,48039,36480,67515,945,104940,34327,70684,1411,106422,43200,72791,5190,121181,62228,90433,2323,154984,63976,95867,2107,161950
TX,Brazos,48041,20502,37465,706,58673,17440,37152,1253,55845,23121,38738,5352,67211,35349,47530,2182,85061,33844,56671,1332,91847
TX,Brewster,48043,1970,1855,75,3900,1765,1975,126,3866,1873,2077,302,4252,2258,2461,103,4822,1969,2545,62,4576
TX,Briscoe,48045,205,617,8,830,117,576,7,700,91,625,20,736,78,639,8,725,72,666,6,744
TX,Brooks,48047,1747,556,6,2309,1886,507,10,2403,1937,613,46,2596,1470,998,16,2484,1308,1077,17,2402
TX,Brown,48049,2822,12052,141,15015,1904,11894,138,13936,1621,12017,388,14026,2107,13698,164,15969,2132,14593,128,16853
TX,Burleson,48051,2053,4547,65,6665,1705,4671,79,6455,1491,5316,153,6960,1788,6743,78,8609,1705,7590,70,9365
TX,Burnet,48053,4608,12059,226,16893,3672,12828,270,16770,3797,14638,769,19204,5639,18767,311,24717,6114,21795,238,28147
TX,Caldwell,48055,5403,6107,138,11648,4787,6018,250,11055,4795,6691,606,12092,6672,8031,270,14973,6618,8880,188,15686
TX,Calhoun,48057,2729,4106,44,6879,2510,4145,91,6746,2118,4638,209,6965,2148,5641,67,7856,1853,5939,40,7832
TX,Callahan,48059,1063,4589,64,5716,751,4376,68,5195,569,4865,145,5579,734,6012,86,6832,761,6180,44,6985
TX,Cameron,48061,48480,26671,506,75657,49159,24955,688,74802,59402,29472,3205,92079,64063,49032,1079,114174,54258,60991,873,116122
TX,Camp,48063,1734,2798,35,4567,1428,2878,26,4332,1260,3201,81,4542,1394,3626,40,5060,1201,4011,30,5242
TX,Carson,48065,406,2548,26,2980,292,2450,33,2775,249,2620,95,2964,297,2779,46,3122,290,2866,16,3172
TX,Cass,48067,3490,8279,77,11846,2921,8747,96,11764,2391,9726,227,12344,2795,11033,99,13927,2406,11693,41,14140
TX,Castro,48069,719,1562,10,2291,630,1470,19,2119,526,1414,57,1997,466,1602,15,2083,418,1594,9,2021
TX,Chambers,48071,3188,9988,116,13292,2780,11761,151,14692,2948,13339,499,16786,3997,17353,302,21652,4192,20567,212,24971
TX,Cherokee,48073,4610,11695,112,16417,3935,12291,161,16387,3469,12919,402,16790,4210,15101,197,19508,3744,16593,165,20502
TX,Childress,48075,497,1782,17,2296,320,1665,11,1996,253,1802,29,2084,310,1943,26,2279,263,1991,18,2272
TX,Clay,48077,1085,4213,41,5339,740,4266,50,5056,536,4377,105,5018,614,5069,58,5741,584,5288,34,5906
TX,Cochran,48079,284,758,15,1057,256,648,12,916,190,679,32,901,177,809,14,1000,148,735,10,893
TX,Coke,48081,299,1252,18,1569,179,1216,11,1406,140,1265,18,1423,178,1586,15,1779,179,1623,12,1814
TX,Coleman,48083,643,3011,48,3702,441,3007,35,3483,388,3177,78,3643,451,3641,32,4124,428,3712,15,4155
TX,Collin,48085,109047,184897,2639,296583,100754,195933,4414,301101,140624,201014,19781,361419,230945,252318,8953,492216,222115,279534,13518,515167
TX,Collingsworth,48087,234,943,18,1195,177,962,11,1150,145,983,28,1156,155,1048,15,1218,135,1066,0,1201
TX,Colorado,48089,2508,5795,50,8353,2024,6015,56,8095,1987,6325,201,8513,2420,7472,83,9975,2108,7824,62,9994
TX,Comal,48091,12384,35233,541,48158,11437,39291,747,51475,14238,45136,2804,62178,24826,62740,1297,88863,27680,74756,1029,103465
TX,Comanche,48093,1334,3813,70,5217,890,3940,67,4897,789,4333,115,5237,853,5177,56,6086,834,5679,31,6544
TX,Concho,48095,257,807,13,1077,194,793,14,1001,148,885,35,1068,197,1058,13,1268,153,1038,7,1198
TX,Cooke,48097,3051,11871,110,15032,2240,11901,150,14291,2352,13181,422,15955,3210,15596,182,18988,3310,16975,147,20432
TX,Coryell,48099,6619,11550,163,18332,5141,11193,217,16551,5064,12225,964,18253,7565,15438,487,23490,6959,16688,264,23911
TX,Cottle,48101,187,509,9,705,180,553,6,739,92,506,14,612,113,540,9,662,89,565,3,657
TX,Crane,48103,319,1119,16,1454,275,985,23,1283,299,1049,36,1384,241,1247,15,1503,186,1195,6,1387
TX,Crockett,48105,512,1026,7,1545,480,957,20,1457,372,980,43,1395,344,1220,10,1574,323,1087,7,1417
TX,Crosby,48107,684,1221,9,1914,639,1132,16,1787,468,1181,79,1728,527,1396,30,1953,451,1416,13,1880
TX,Culberson,48109,492,257,10,759,566,294,16,876,454,280,33,767,438,415,11,864,319,451,11,781
TX,Dallam,48111,302,1269,18,1589,253,1248,31,1532,222,1261,61,1544,197,1389,23,1609,152,1285,10,1447
TX,Dallas,48113,422989,310000,5474,738463,403170,294339,8432,705941,461080,262945,34948,758973,598576,307076,15986,921638,511118,322569,15261,848948
TX,Dawson,48115,1152,2906,38,4096,1017,2591,32,3640,835,2636,92,3563,808,2951,30,3789,667,2810,34,3511
TX,DeWitt,48123,1716,4888,22,6626,1463,5114,47,6624,1163,5519,162,6844,1494,6567,57,8118,1270,6515,39,7824
TX,Deaf Smith,48117,1247,3466,31,4744,1239,3042,28,4309,1185,2911,120,4216,1264,3294,52,4610,1019,3233,34,4286
TX,Delta,48119,589,1580,18,2187,454,1524,40,2018,400,1836,45,2281,403,2162,27,2592,397,2250,11,2658
TX,Denton,48121,91160,149935,2168,243263,79917,156105,4103,240125,110890,170603,17152,298645,188695,222480,6789,417964,191503,250521,6705,448729
TX,Dickens,48125,234,730,8,972,216,793,10,1019,128,755,26,909,130,853,5,988,146,844,3,993
TX,Dimmit,48127,2692,874,21,3587,2141,762,14,2917,2173,974,78,3225,2264,1384,18,3666,1765,1653,9,3427
TX,Donley,48129,291,1374,25,1690,226,1286,21,1533,191,1225,49,1465,198,1438,12,1648,174,1512,26,1712
TX,Duval,48131,3298,1076,35,4409,3331,979,33,4343,2783,1316,69,4168,2575,2443,35,5053,2003,2439,19,4461
TX,Eastland,48133,1271,5165,73,6509,970,5443,81,6494,776,6011,176,6963,983,7237,72,8292,918,7397,48,8363
TX,Ector,48135,9123,26199,284,35606,8095,23936,377,32408,10249,25020,1261,36530,11367,32697,517,44581,9881,32429,305,42615
TX,Edwards,48137,346,673,16,1035,232,641,10,883,303,746,24,1073,168,893,5,1066,133,869,3,1005
TX,El Paso,48141,122021,61783,1429,185233,112273,56517,2263,171053,147843,55512,10653,214008,178126,84331,4758,267215,143156,105124,3091,251371
TX,Ellis,48139,15333,38078,442,53853,13803,39353,600,53756,16253,44941,2479,63673,27565,56717,1211,85493,33850,64763,872,99485
TX,Erath,48143,3128,10768,123,14019,1965,10325,177,12467,2160,11210,523,13893,2916,13684,253,16853,2871,15349,130,18350
TX,Falls,48145,2225,3328,46,5599,2033,3356,43,5432,1684,3441,123,5248,1899,4177,57,6133,1713,4520,43,6276
TX,Fannin,48147,3464,8092,138,11694,2482,8143,156,10781,2132,9548,364,12044,2655,12171,178,15004,2607,13648,130,16385
TX,Fayette,48149,3014,7582,118,10714,2311,8098,125,10534,2144,8743,287,11174,2661,10171,109,12941,2515,10699,113,13327
TX,Fisher,48151,687,1083,14,1784,512,1094,22,1628,403,1265,61,1729,352,1448,26,1826,330,1487,12,1829
TX,Floyd,48153,730,1784,7,2521,551,1523,11,2085,435,1474,50,1959,438,1584,17,2039,358,1715,16,2089
TX,Foard,48155,198,327,13,538,140,346,7,493,113,383,17,513,99,445,7,551,92,448,5,545
TX,Fort Bend,48157,98368,103206,1248,202822,101043,116028,2179,219250,134686,117291,10089,262066,195552,157718,4244,357514,179310,173592,9357,362259
TX,Franklin,48159,1036,3392,63,4491,750,3446,59,4255,665,3585,130,4380,804,4161,44,5009,813,4473,24,5310
TX,Freestone,48161,2034,5205,49,7288,1848,5644,70,7562,1471,6026,187,7684,1635,6991,85,8711,1499,7500,46,9045
TX,Frio,48163,2405,1644,13,4062,2376,1559,33,3968,2444,1856,100,4400,2422,2823,34,5279,1848,3060,25,4933
TX,Gaines,48165,650,3385,32,4067,535,3484,47,4066,597,3907,116,4620,576,5355,64,5995,538,5840,38,6416
TX,Galveston,48167,41805,62258,941,105004,39162,68594,1471,109227,43658,73757,5488,122903,58842,93911,2307,155060,56732,100295,1906,158933
TX,Garza,48169,375,1356,19,1750,276,1262,18,1556,230,1225,29,1484,231,1413,9,1653,213,1374,12,1599
TX,Gillespie,48171,2576,9563,199,12338,2055,10305,175,12535,2288,10446,480,13214,3176,12514,156,15846,3160,13202,120,16482
TX,Glasscock,48173,52,502,3,557,44,526,8,578,34,553,17,604,39,611,3,653,38,623,2,663
TX,Goliad,48175,1329,2298,28,3655,1127,2294,31,3452,973,2620,115,3708,877,3085,26,3988,778,3178,28,3984
TX,Gonzales,48177,2167,4076,44,6287,1773,4213,53,6039,1571,4587,176,6334,1948,5627,72,7647,1729,5981,45,7755
TX,Gray,48179,1153,6924,56,8133,885,6428,60,7373,701,6500,204,7405,829,6840,113,7782,845,6691,44,7580
TX,Grayson,48181,13900,31136,441,45477,10665,30907,635,42207,10301,35325,1790,47416,14506,44163,770,59439,14800,50556,532,65888
TX,Gregg,48183,13166,29203,241,42610,12336,28665,355,41356,11677,28764,1308,41749,14796,32493,693,47982,13294,33026,379,46699
TX,Grimes,48185,2704,5562,56,8322,2339,6141,118,8598,2194,7065,274,9533,2833,9432,148,12413,2734,11197,112,14043
TX,Guadalupe,48187,16156,30869,436,47461,15654,32959,634,49247,18391,36632,2799,57822,28805,47553,1234,77592,29573,54691,833,85097
TX,Hale,48189,2708,7171,64,9943,2228,6417,120,8765,2101,6366,391,8858,2279,7177,128,9584,1903,7283,92,9278
TX,Hall,48191,324,930,10,1264,265,832,11,1108,164,893,34,1091,168,995,5,1168,149,992,8,1149
TX,Hamilton,48193,863,2876,39,3778,591,2918,42,3551,479,3060,81,3620,641,3616,92,4349,625,3809,30,4464
TX,Hansford,48195,240,1847,15,2102,158,1787,15,1960,171,1730,46,1947,166,1849,32,2047,146,1842,11,1999
TX,Hardeman,48197,373,1199,23,1595,302,1176,17,1495,249,1207,57,1513,241,1330,9,1580,188,1210,7,1405
TX,Hardin,48199,3939,16603,160,20702,3358,17744,191,21293,2780,19606,394,22780,3474,23858,303,27635,3347,24691,119,28157
TX,Harris,48201,590982,571883,8607,1171472,585451,584866,15161,1185478,707914,545955,58243,1312112,918193,700630,21995,1640818,808771,722695,24844,1556310
TX,Harrison,48203,8887,17103,168,26158,8431,17471,197,26099,7151,18749,648,26548,7908,21466,336,29710,7369,22658,199,30226
TX,Hartley,48205,250,1711,24,1985,183,1700,21,1904,173,1730,49,1952,195,1868,15,2078,163,1843,10,2016
TX,Haskell,48207,699,1388,29,2116,551,1422,33,2006,314,1403,53,1770,353,1840,21,2214,313,1918,15,2246
TX,Hays,48209,28431,29638,983,59052,25448,31577,1783,58808,33224,33826,5114,72164,59524,47680,2153,109357,65528,58438,1722,125688
TX,Hemphill,48211,216,1345,9,1570,192,1298,19,1509,181,1462,52,1695,206,1486,28,1720,190,1412,10,1612
TX,Henderson,48213,7913,20857,223,28993,6094,21202,286,27582,5669,23650,726,30045,7060,28911,339,36310,6919,31379,230,38528
TX,Hidalgo,48215,90261,39668,855,130784,97879,39786,1301,138966,118809,48642,5986,173437,128199,90527,2158,220884,104517,110760,1917,217194
TX,Hill,48217,3811,9264,113,13188,2745,9128,159,12032,2547,10108,315,12970,2860,11926,145,14931,2919,13669,115,16703
TX,Hockley,48219,1797,5795,53,7645,1482,5543,94,7119,1260,5809,242,7311,1482,6536,77,8095,1323,6616,48,7987
TX,Hood,48221,5087,17299,210,22596,3829,18341,275,22445,4008,21382,872,26262,5648,26496,397,32541,6070,30174,294,36538
TX,Hopkins,48223,3530,9299,90,12919,2775,9834,133,12742,2510,10707,321,13538,3046,12719,174,15939,2917,13754,102,16773
TX,Houston,48225,2656,5872,96,8624,2235,5839,55,8129,1978,6205,170,8353,2314,7060,63,9437,2065,7247,50,9362
TX,Howard,48227,2545,7029,115,9689,1042,4032,65,5139,1770,6637,316,8723,2069,8054,117,10240,1759,7817,64,9640
TX,Hudspeth,48229,430,458,10,898,379,471,11,861,324,503,44,871,371,779,15,1165,275,759,4,1038
TX,Hunt,48231,8594,20573,357,29524,6658,20976,350,27984,6396,23910,1248,31554,8906,29163,505,38574,10212,36137,354,46703
TX,Hutchinson,48233,1322,7361,78,8761,1042,6797,77,7916,854,7042,259,8155,965,7681,125,8771,913,7273,55,8241
TX,Irion,48235,164,644,9,817,112,668,8,788,90,660,16,766,120,759,10,889,105,761,2,868
TX,Jack,48237,470,2528,25,3023,303,2580,24,2907,314,2973,63,3350,331,3418,33,3782,363,3819,19,4201
TX,Jackson,48239,1301,3723,33,5057,1068,3903,47,5018,904,4266,132,5302,1033,5231,76,6340,907,5386,36,6329
TX,Jasper,48241,3658,9022,96,12776,3402,9924,140,13466,2590,10609,220,13419,2954,12542,112,15608,2615,13162,62,15839
TX,Jeff Davis,48243,468,749,19,1236,440,717,31,1188,422,695,74,1191,501,784,20,1305,450,699,20,1169
TX,Jefferson,48245,44888,42905,503,88296,44626,43214,708,88548,42443,42862,2313,87618,46073,47570,1096,94739,38936,46596,740,86272
TX,Jim Hogg,48247,1336,472,7,1815,1301,356,10,1667,1635,430,54,2119,1197,833,6,2036,856,725,4,1585
TX,Jim Wells,48249,6706,4841,65,11612,6492,4595,76,11163,6694,5420,265,12379,6119,7453,97,13669,5577,7636,55,13268
TX,Johnson,48251,12912,36685,453,50050,10481,37609,663,48753,10988,44382,2236,57606,16464,54628,913,72005,19247,60752,692,80691
TX,Jones,48253,1528,4203,77,5808,1225,4258,79,5562,936,4819,205,5960,999,5660,82,6741,907,5988,51,6946
TX,Karnes,48255,1760,2736,31,4527,1324,2823,33,4180,1145,2965,88,4198,1234,3968,47,5249,1051,4001,23,5075
TX,Kaufman,48257,11161,23735,249,35145,9451,24804,349,34604,10278,29587,1400,41265,18405,37624,674,56703,24726,44063,577,69366
TX,Kendall,48259,3599,12971,176,16746,3035,14467,227,17729,3643,15700,777,20120,6020,20083,335,26438,6355,22668,272,29295
TX,Kenedy,48261,108,94,0,202,82,83,1,166,99,84,3,186,65,127,2,194,41,115,2,158
TX,Kent,48263,99,342,7,448,66,334,4,404,59,360,15,434,47,411,4,462,50,390,5,445
TX,Kerr,48265,5570,16752,234,22556,4325,17225,261,21811,4681,17727,889,23297,6524,20879,342,27745,6315,21615,226,28156
TX,Kimble,48267,342,1487,14,1843,217,1667,7,1891,206,1697,49,1952,284,1987,21,2292,261,2126,15,2402
TX,King,48269,8,151,4,163,5,139,1,145,5,149,5,159,8,151,0,159,6,129,0,135
TX,Kinney,48271,633,907,11,1551,522,880,23,1425,458,936,36,1430,446,1144,13,1603,346,1063,10,1419
TX,Kleberg,48273,5256,4540,80,9876,4752,4056,94,8902,4716,4367,429,9512,5314,5504,126,10944,4338,5612,60,10010
TX,Knox,48275,367,986,15,1368,332,1160,18,1510,247,1078,42,1367,265,1180,11,1456,214,1156,6,1376
TX,La Salle,48283,1052,714,10,1776,965,669,12,1646,1129,872,58,2059,1052,1335,19,2406,933,1417,10,2360
TX,Lamar,48277,5243,12952,167,18362,4173,12814,186,17173,3583,14561,467,18611,4458,16760,200,21418,4079,17044,113,21236
TX,Lamb,48279,1156,3344,25,4525,998,3056,35,4089,771,3111,113,3995,840,3521,47,4408,729,3398,24,4151
TX,Lampasas,48281,1903,5651,80,7634,1457,5583,98,7138,1483,6385,337,8205,2144,8086,169,10399,2232,8961,103,11296
TX,Lavaca,48285,1869,6293,61,8223,1427,6788,64,8279,1170,7347,144,8661,1333,8804,60,10197,1235,9215,36,10486
TX,Lee,48287,2000,4312,65,6377,1630,4504,77,6211,1372,4997,166,6535,1750,6255,81,8086,1640,6724,49,8413
TX,Leon,48289,1418,5566,57,7041,1061,5812,68,6941,909,6391,139,7439,1072,7523,79,8674,1033,7982,45,9060
TX,Liberty,48291,5991,15448,187,21626,5196,17304,211,22711,4862,18892,513,24267,5785,23302,247,29334,5952,25241,123,31316
TX,Limestone,48293,2516,5079,57,7652,2208,5288,67,7563,1778,5796,165,7739,2213,6789,93,9095,1921,7081,67,9069
TX,Lipscomb,48295,155,1093,8,1256,119,1044,5,1168,135,1159,38,1332,131,1205,17,1353,123,1125,11,1259
TX,Live Oak,48297,1048,3095,33,4176,915,3153,40,4108,742,3464,96,4302,819,4199,36,5054,761,4307,24,5092
TX,Llano,48299,2250,7281,98,9629,1818,7560,124,9502,1825,8299,323,10447,2465,10079,116,12660,2613,10902,107,13622
TX,Loving,48301,12,67,0,79,9,54,1,64,4,58,3,65,4,60,2,66,10,86,1,97
TX,Lubbock,48303,30486,66304,744,97534,26088,63133,1394,90615,28023,65651,5339,99013,40017,78861,1893,120771,37148,86547,1277,124972
TX,Lynn,48305,627,1473,16,2116,464,1377,11,1852,403,1546,60,2009,428,1853,12,2293,371,2175,21,2567
TX,Madison,48313,1146,2891,37,4074,964,3028,33,4025,881,3351,57,4289,1088,4169,40,5297,964,4498,27,5489
TX,Marion,48315,1644,2567,41,4252,1487,2730,54,4271,1165,2983,90,4238,1339,3470,55,4864,1101,3577,36,4714
TX,Martin,48317,314,1389,12,1715,247,1338,8,1593,266,1455,41,1762,288,1857,15,2160,247,1825,11,2083
TX,Mason,48319,546,1544,31,2121,380,1562,23,1965,354,1656,47,2057,457,1991,26,2474,434,2076,16,2526
TX,Matagorda,48321,4440,7835,98,12373,3972,8026,112,12110,3500,8366,330,12196,3733,9845,148,13726,3231,9957,120,13308
TX,Maverick,48323,8554,2316,69,10939,8302,2171,89,10562,10397,2816,375,13588,8332,6881,133,15346,6373,9285,85,15743
TX,McCulloch,48307,728,2263,19,3010,537,2419,37,2993,482,2552,69,3103,490,2904,42,3436,455,3033,25,3513
TX,McLennan,48309,29998,49044,632,79674,25688,47885,920,74493,27063,48260,3752,79075,36688,59543,1540,97771,33863,64606,1021,99490
TX,McMullen,48311,132,400,5,537,67,436,5,508,40,454,5,499,53,460,3,516,37,448,2,487
TX,Medina,48325,5147,10480,110,15737,4760,11016,172,15948,4634,12085,527,17246,6773,15642,229,22644,6950,17464,184,24598
TX,Menard,48327,295,712,11,1018,170,663,13,846,154,682,28,864,197,823,8,1028,170,861,8,1039
TX,Midland,48329,9691,36155,370,46216,8223,35452,602,44277,10025,36973,2214,49212,12329,45624,903,58856,11351,46944,505,58800
TX,Milam,48331,3044,5217,96,8357,2632,5478,110,8220,2051,6364,249,8664,2496,7984,96,10576,2331,8691,71,11093
TX,Mills,48333,398,1753,26,2177,279,1882,36,2197,243,1951,51,2245,271,2217,17,2505,310,2418,13,2741
TX,Mitchell,48335,586,1815,30,2431,536,1754,22,2312,354,1780,62,2196,397,2170,12,2579,352,2144,17,2513
TX,Montague,48337,1597,6245,108,7950,1116,6539,82,7737,885,7526,193,8604,1097,8615,102,9814,1208,9825,64,11097
TX,Montgomery,48339,36703,119884,1260,157847,32852,137822,2146,172820,45835,150314,8483,204632,74377,193382,3692,271451,82277,221964,2893,307134
TX,Moore,48341,1123,4282,32,5437,963,3967,53,4983,1098,3977,209,5284,1062,4359,87,5508,860,4458,41,5359
TX,Morris,48343,2055,3158,35,5248,1856,3226,47,5129,1425,3446,102,4973,1669,3872,46,5587,1312,4092,29,5433
TX,Motley,48345,67,522,5,594,55,538,6,599,40,566,9,615,46,604,2,652,35,612,3,650
TX,Nacogdoches,48347,8393,14828,170,23391,6441,13910,250,20601,6846,14771,1005,22622,9000,17378,385,26763,7690,17575,205,25470
TX,Navarro,48349,5400,10810,111,16321,4348,10838,130,15316,4002,11994,437,16433,5101,13800,220,19121,4708,14983,138,19829
TX,Newton,48351,1751,3446,63,5260,1721,4399,68,6188,1156,4288,90,5534,1173,4882,39,6094,952,4781,16,5749
TX,Nolan,48353,1521,3485,57,5063,1216,3277,74,4567,1029,3552,276,4857,1162,4131,63,5356,1020,4048,46,5114
TX,Nueces,48355,47912,52391,927,101230,45666,48779,1336,95781,49198,50766,4441,104405,60925,64617,1772,127314,53248,67201,1165,121614
TX,Ochiltree,48357,243,2851,15,3109,253,2718,19,2990,274,2628,100,3002,302,2812,42,3156,269,2723,16,3008
TX,Oldham,48359,102,813,5,920,71,786,8,865,78,850,20,948,81,917,11,1009,74,895,5,974
TX,Orange,48361,7646,21509,251,29406,6797,23361,344,30502,5735,25513,752,32000,6357,29186,451,35994,5945,30191,192,36328
TX,Palo Pinto,48363,2499,7264,127,9890,1810,7392,133,9335,1708,8284,278,10270,2178,10179,128,12485,2143,11093,97,13333
TX,Panola,48365,2586,7582,48,10216,2211,7941,69,10221,1835,8445,136,10416,2057,9326,68,11451,1905,9500,32,11437
TX,Parker,48367,10502,36974,475,47951,7804,38980,562,47346,8344,46473,2000,56817,13017,62045,1066,76128,14872,75168,762,90802
TX,Parmer,48369,719,2969,25,3713,528,2005,12,2545,485,1915,66,2466,488,2135,27,2650,368,2123,13,2504
TX,Pecos,48371,1476,2480,54,4010,1591,2512,44,4147,1554,2468,163,4185,1382,3215,71,4668,1144,3042,47,4233
TX,Polk,48373,6230,13731,188,20149,4836,14019,203,19058,4187,15176,489,19852,5387,18573,221,24181,4910,19216,159,24285
TX,Potter,48375,8939,20761,313,30013,7114,18905,399,26418,7657,19630,1364,28651,9921,22820,580,33321,8748,23007,336,32091
TX,Presidio,48377,1252,489,16,1757,1273,504,31,1808,1458,652,98,2208,1463,721,33,2217,1289,686,19,1994
TX,Rains,48379,1048,3146,42,4236,754,3265,46,4065,628,3968,105,4701,842,5155,56,6053,869,5649,36,6554
TX,Randall,48381,9468,41948,416,51832,7553,41366,669,49588,8367,43462,2476,54305,12802,50796,1076,64674,12935,53314,605,66854
TX,Reagan,48383,197,795,2,994,158,676,9,843,167,709,28,904,172,942,10,1124,141,800,8,949
TX,Real,48385,375,1238,15,1628,277,1236,20,1533,262,1382,37,1681,320,1643,19,1982,315,1625,18,1958
TX,Red River,48387,1539,3461,52,5052,1482,3549,43,5074,1149,3926,86,5161,1246,4517,43,5806,1103,4682,11,5796
TX,Reeves,48389,1606,1445,26,3077,1649,1185,33,2867,1659,1417,108,3184,1395,2254,38,3687,1070,2340,29,3439
TX,Refugio,48391,1382,1855,24,3261,998,1659,16,2673,1034,1830,84,2948,1108,2210,48,3366,919,2134,19,3072
TX,Roberts,48393,41,477,0,518,25,408,6,439,20,524,10,554,17,529,4,550,20,547,3,570
TX,Robertson,48395,2675,3980,55,6710,2792,4416,70,7278,2203,4668,164,7035,2374,5646,79,8099,1926,6177,51,8154
TX,Rockwall,48397,8492,23300,274,32066,8112,27098,441,35651,9655,28451,1842,39948,16412,36726,753,53891,18092,43542,617,62251
TX,Runnels,48399,720,3118,29,3867,517,3103,45,3665,453,3250,79,3782,552,3807,50,4409,452,3580,24,4056
TX,Rusk,48401,4983,13646,93,18722,4451,13924,162,18537,3935,14675,384,18994,4629,16534,205,21368,4337,17234,131,21702
TX,Sabine,48403,1077,3749,48,4874,806,3726,40,4572,614,3998,39,4651,669,4784,34,5487,590,4972,19,5581
TX,San Augustine,48405,1328,2342,45,3715,1193,2469,28,3690,910,2622,37,3569,980,3007,15,4002,809,2917,21,3747
TX,San Jacinto,48407,2721,6151,86,8958,2410,7105,95,9610,2038,8059,246,10343,2337,10161,140,12638,2175,10524,90,12789
TX,San Patricio,48409,8854,12404,138,21396,7854,11994,216,20064,7871,13030,755,21656,8988,16516,384,25888,8025,17337,210,25572
TX,San Saba,48411,487,1941,29,2457,323,1905,28,2256,293,2025,39,2357,287,2308,7,2602,276,2412,15,2703
TX,Schleicher,48413,324,970,10,1304,220,781,9,1010,208,821,30,1059,211,940,8,1159,192,906,10,1108
TX,Scurry,48415,1088,4414,67,5569,837,4121,64,5022,733,4410,146,5289,818,4983,68,5869,734,4945,41,5720
TX,Shackelford,48417,208,1284,13,1505,131,1218,14,1363,103,1378,23,1504,130,1484,14,1628,146,1565,16,1727
TX,Shelby,48419,2548,6630,42,9220,2318,6870,73,9261,1758,7179,149,9086,2068,7975,41,10084,1741,8164,43,9948
TX,Sherman,48421,127,884,9,1020,121,908,9,1038,96,807,32,935,91,886,14,991,48,817,7,872
TX,Smith,48423,23726,55187,648,79561,22101,61858,835,84794,22300,58930,3538,84768,29615,69080,1380,100075,28041,74862,912,103815
TX,Somervell,48425,799,2677,57,3533,609,2858,40,3507,541,3206,150,3897,768,4105,74,4947,751,4493,41,5285
TX,Starr,48427,8274,1492,26,9792,10248,1540,71,11859,9289,2224,227,11740,9123,8247,155,17525,6862,9487,70,16419
TX,Stephens,48429,626,2869,31,3526,475,2891,41,3407,348,3034,79,3461,397,3385,18,3800,384,3368,9,3761
TX,Sterling,48431,97,520,2,619,31,459,4,494,70,549,14,633,51,584,4,639,43,583,3,629
TX,Stonewall,48433,206,524,5,735,160,507,8,675,135,555,11,701,116,615,5,736,110,604,2,716
TX,Sutton,48435,381,1189,8,1578,369,1110,10,1489,313,1075,28,1416,322,1222,13,1557,228,1167,5,1400
TX,Swisher,48437,813,1683,39,2535,579,1654,32,2265,462,1671,71,2204,478,1845,32,2355,403,1840,22,2265
TX,Tarrant,48439,274880,348420,5253,628553,252789,348686,8674,610149,288392,345921,34201,668514,411567,409741,13389,834697,384501,426626,11553,822680
TX,Taylor,48441,12690,34317,432,47439,9725,32853,592,43170,10085,33250,2424,45759,14588,39547,977,55112,13624,41198,564,55386
TX,Terrell,48443,186,323,10,519,184,358,11,553,140,288,10,438,119,334,5,458,91,314,0,405
TX,Terry,48445,1379,2879,22,4280,1059,2602,46,3707,753,2459,143,3355,757,2812,43,3612,587,2815,17,3419
TX,Throckmorton,48447,166,671,1,838,109,700,4,813,84,715,9,808,82,806,11,899,73,823,4,900
TX,Titus,48449,3145,6028,72,9245,2638,6062,90,8790,2597,6511,311,9419,2856,7570,113,10539,2275,7861,72,10208
TX,Tom Green,48451,11158,27362,341,38861,9246,26749,532,36527,9173,27494,1812,38479,12239,32313,658,45210,11585,33399,454,45438
TX,Travis,48453,254017,136981,6716,397714,231540,139503,13847,384890,308260,127209,33251,468720,435860,161337,13152,610349,398981,170787,10517,580285
TX,Trinity,48455,1925,4095,57,6077,1614,4537,83,6234,1154,4737,94,5985,1323,5579,36,6938,1195,6136,43,7374
TX,Tyler,48457,2166,5644,100,7910,1659,5889,75,7623,1248,6624,144,8016,1403,8194,63,9660,1249,8286,42,9577
TX,Upshur,48459,3790,11222,152,15164,2953,11948,148,15049,2380,13209,424,16013,2877,15809,201,18887,2820,16939,123,19882
TX,Upton,48461,288,898,11,1197,332,952,14,1298,286,1007,54,1347,170,1178,20,1368,146,1149,8,1303
TX,Uvalde,48463,4126,4590,50,8766,3824,4526,81,8431,3867,4835,262,8964,4073,6174,95,10342,3218,6482,69,9769
TX,Val Verde,48465,6982,5752,86,12820,6267,5612,161,12040,6964,5890,763,13617,6771,8284,217,15272,5282,9162,134,14578
TX,Van Zandt,48467,4505,15734,156,20395,3083,15790,208,19081,2799,18473,618,21890,3516,22270,208,25994,3450,24351,134,27935
TX,Victoria,48469,9832,19878,221,29931,8795,19684,348,28827,8866,21275,982,31123,10380,23358,450,34188,9998,25010,231,35239
TX,Walker,48471,7334,11623,189,19146,5283,9569,214,15066,6091,12884,821,19796,7884,15375,353,23612,7461,17515,194,25170
TX,Waller,48473,7153,8265,90,15508,6401,9158,140,15699,5748,10531,505,16784,8191,14260,283,22734,10183,17077,285,27545
TX,Ward,48475,899,2667,36,3602,836,2364,38,3238,783,2547,115,3445,764,3241,55,4060,627,3115,22,3764
TX,Washington,48477,4034,10176,167,14377,3378,10850,145,14373,3382,10945,501,14828,4261,12959,198,17418,4058,14020,130,18208
TX,Webb,48479,33452,13119,250,46821,37592,11074,435,49101,42307,12947,1651,56905,41820,25898,679,68397,31952,33384,509,65845
TX,Wharton,48481,4937,9431,50,14418,4235,9750,102,14087,4238,10149,345,14732,4694,11926,141,16761,3910,12439,103,16452
TX,Wheeler,48483,314,1918,13,2245,232,1878,18,2128,194,2087,25,2306,168,2159,10,2337,169,2093,10,2272
TX,Wichita,48485,13868,31731,383,45982,10490,29756,677,40923,8770,27631,1718,38119,13161,32069,800,46030,12237,31818,442,44497
TX,Wilbarger,48487,1196,3283,30,4509,971,2956,53,3980,809,3166,130,4105,956,3524,44,4524,860,3566,37,4463
TX,Willacy,48489,3409,1456,38,4903,3595,1415,48,5058,3422,1547,126,5095,3108,2441,0,5549,2673,2856,34,5563
TX,Williamson,48491,67691,88323,2389,158403,61812,96910,4214,162936,84468,104175,14438,203081,143795,139729,5788,289312,147766,155310,5087,308163
TX,Wilson,48493,5362,10904,100,16366,4819,12205,162,17186,4790,13998,644,19432,6350,18463,200,25013,6247,20894,129,27270
TX,Winkler,48495,477,1529,26,2032,398,1331,16,1745,420,1403,53,1876,358,1753,15,2126,283,1646,3,1932
TX,Wise,48497,4471,15973,195,20639,3219,17178,295,20692,3412,20670,694,24776,4973,27032,357,32362,5605,32385,240,38230
TX,Wood,48499,4010,13658,116,17784,3052,14317,172,17541,2630,15700,397,18727,3509,19049,221,22779,3618,20621,142,24381
TX,Yoakum,48501,450,1989,19,2458,409,1698,21,2128,426,1797,80,2303,420,2174,37,2631,342,2039,12,2393
TX,Young,48503,1303,5942,60,7305,992,6225,99,7316,876,6601,230,7707,1034,7110,95,8239,962,7298,49,8309
TX,Zapata,48505,1939,919,8,2866,2517,993,19,3529,2063,1029,50,3142,1826,2033,15,3874,1877,2970,24,4871
TX,Zavala,48507,3263,596,17,3876,3042,574,37,3653,2636,694,66,3396,2864,1490,25,4379,1984,1482,26,3492
UT,Beaver,49001,542,1902,65,2509,341,2153,40,2534,264,1838,389,2491,357,2695,48,3100,394,2781,37,3212
UT,Box Elder,49003,3311,15228,519,19058,1830,15969,293,18092,2282,12230,5223,19735,4473,21548,1006,27027,5274,22853,782,28909
UT,Cache,49005,10294,29127,1911,41332,5434,30818,847,37099,8563,21139,16455,46157,16650,38032,2889,57571,18718,39457,2054,60229
UT,Carbon,49007,3468,4091,218,7777,2204,4834,193,7231,1717,5275,960,7952,2392,6693,284,9369,2525,6719,201,9445
UT,Daggett,49009,131,297,11,439,91,399,19,509,77,331,66,474,111,496,12,619,101,443,6,550
UT,Davis,49011,30477,77341,3084,110902,20417,90030,2121,112568,28776,62219,47416,138411,57411,104135,8349,169895,59895,101293,5304,166492
UT,Duchesne,49013,911,4689,144,5744,570,5608,95,6273,500,5508,934,6942,843,7513,168,8524,1009,7815,143,8967
UT,Emery,49015,973,3358,117,4448,569,3743,102,4414,380,3425,484,4289,572,4207,86,4865,603,4341,67,5011
UT,Garfield,49017,405,1710,44,2159,306,1811,40,2157,358,1606,380,2344,514,2158,60,2732,541,2211,59,2811
UT,Grand,49019,2067,1871,139,4077,1678,1917,217,3812,1960,1975,598,4533,2806,2248,131,5185,2828,2327,145,5300
UT,Iron,49021,3258,12518,674,16450,1720,11172,276,13168,2450,11561,3643,17654,4892,18989,1009,24890,5683,21571,622,27876
UT,Juab,49023,741,2683,192,3616,436,3400,71,3907,442,2827,908,4177,645,5087,134,5866,734,5671,113,6518
UT,Kane,49025,856,2212,86,3154,718,2463,100,3281,741,2265,499,3505,1083,2998,99,4180,1137,3277,72,4486
UT,Millard,49027,758,3653,328,4739,424,4421,113,4958,431,3860,951,5242,624,5404,132,6160,713,5558,114,6385
UT,Morgan,49029,689,3311,161,4161,386,3910,74,4370,577,3188,1427,5192,1086,5181,245,6512,1256,5300,201,6757
UT,Piute,49031,141,635,22,798,74,696,11,781,47,626,56,729,86,773,12,871,94,854,15,963
UT,Rich,49033,154,831,21,1006,83,907,9,999,104,797,208,1109,180,1157,26,1363,214,1211,22,1447
UT,Salt Lake,49035,176988,176692,10069,363749,132686,198739,10239,341664,175863,138043,104962,418868,289906,230174,21095,541175,273658,221555,14279,509492
UT,San Juan,49037,2406,2638,86,5130,2062,3006,91,5159,2042,2645,760,5447,3113,3535,230,6878,2581,3613,134,6328
UT,Sanpete,49039,1631,6664,476,8771,889,7767,148,8804,1061,6673,2430,10164,1794,10459,378,12631,1906,10653,384,12943
UT,Sevier,49041,1359,6394,254,8007,701,6961,119,7781,695,6740,1219,8654,1084,9052,227,10363,1236,9526,164,10926
UT,Summit,49043,9532,6956,321,16809,7656,8464,496,16616,10503,7333,2805,20641,15244,10252,592,26088,14612,10783,481,25876
UT,Tooele,49045,5830,10998,509,17337,3794,12240,388,16422,4573,11169,6087,21829,8943,21014,1561,31518,9560,23484,944,33988
UT,Uintah,49047,1462,8441,248,10151,962,10001,153,11116,995,9810,1992,12797,1663,13261,383,15307,1952,13599,280,15831
UT,Utah,49049,29567,122224,5488,157279,15791,142337,3150,161278,28522,102182,70847,201551,76033,192812,15635,284480,84937,203476,9531,297944
UT,Wasatch,49051,2892,5430,209,8531,2097,6852,160,9109,3063,6115,2942,12120,6187,10795,599,17581,6459,11495,400,18354
UT,Washington,49053,10826,37311,1392,49529,7762,41104,867,49733,10288,42650,9025,61963,20530,67294,2652,90476,22327,73165,1751,97243
UT,Wayne,49055,335,940,39,1314,213,1087,23,1323,271,966,184,1421,365,1229,27,1621,381,1238,32,1651
UT,Weber,49057,25666,45885,1843,73394,17569,48938,1636,68143,23131,40235,21673,85039,40695,65949,4798,111442,41238,67549,3230,112017
VA,Accomack,51001,7607,7833,183,15623,7653,8212,155,16020,6740,8583,495,15818,7578,9172,212,16962,7374,9659,111,17144
VA,Albemarle,51003,29729,20576,616,50921,29712,23263,757,53732,33345,19259,4122,56726,42466,20804,1387,64657,44279,21513,948,66740
VA,Alexandria,51510,50473,19181,710,70364,52434,20205,831,73470,57242,13285,5243,75770,66240,14544,1724,82508,62326,16112,1624,80062
VA,Alleghany,51005,3553,3715,101,7369,3403,3595,164,7162,2166,4874,285,7325,2243,5859,101,8203,2114,6093,70,8277
VA,Amelia,51007,2488,3970,71,6529,2488,4324,73,6885,2128,4708,204,7040,2411,5390,92,7893,2214,5776,42,8032
VA,Amherst,51009,6094,8470,136,14700,5898,8865,174,14937,5057,9719,620,15396,5672,11041,292,17005,5429,11742,132,17303
VA,Appomattox,51011,2641,4903,86,7630,2453,5340,131,7924,2023,5715,273,8011,2418,6702,148,9268,2324,7243,75,9642
VA,Arlington,51013,78994,29876,1283,110153,81178,34433,1668,117279,92016,20186,9154,121356,105344,22318,3037,130699,100446,25223,2693,128362
VA,Augusta,51015,9825,23120,393,33338,9448,23614,552,33614,8177,26163,2003,36343,10840,30714,724,42278,11403,32429,391,44223
VA,Bath,51017,1043,1349,40,2432,894,1274,50,2218,603,1548,102,2253,646,1834,21,2501,588,1976,18,2582
VA,Bedford,51019,11017,24420,393,35830,10925,29281,544,40750,9768,30659,2098,42525,12176,35600,893,48669,12414,38017,399,50830
VA,Bland,51021,864,2031,64,2959,735,2144,58,2937,453,2573,113,3139,532,2903,44,3479,524,2998,26,3548
VA,Botetourt,51023,5693,11471,242,17406,5449,12471,288,18208,4494,13375,870,18739,5700,15099,321,21120,5915,15796,182,21893
VA,Bristol,51520,2665,4579,115,7359,2487,4776,93,7356,1835,4892,305,7032,2313,5347,146,7806,2231,5197,51,7479
VA,Brunswick,51025,4973,2877,64,7914,4993,2965,71,8029,4481,3046,142,7669,4552,3357,39,7948,4184,3523,31,7738
VA,Buchanan,51027,4063,4541,130,8734,3094,6436,106,9636,1721,7296,230,9247,1587,8311,55,9953,1355,7939,33,9327
VA,Buckingham,51029,3489,3428,77,6994,3747,3569,131,7447,3128,3950,217,7295,3471,4544,111,8126,2988,4847,80,7915
VA,Buena Vista,51530,1108,1282,33,2423,919,1564,43,2526,693,1430,284,2407,825,1863,88,2776,767,2035,51,2853
VA,Campbell,51031,8091,17444,279,25814,7591,17687,354,25632,6664,19551,1320,27535,8070,21245,577,29892,7890,23032,249,31171
VA,Caroline,51033,7163,5617,139,12919,7258,6148,184,13590,6432,7147,1284,14863,7657,8336,295,16288,7957,9511,185,17653
VA,Carroll,51035,4109,8187,283,12579,3500,8351,464,12315,2559,10663,446,13668,2842,12659,150,15651,2925,13152,83,16160
VA,Charles City,51036,2838,1288,27,4153,2772,1396,45,4213,2496,1476,135,4107,2624,1761,56,4441,2384,1917,40,4341
VA,Charlotte,51037,2705,3372,80,6157,2502,3311,84,5897,2155,3479,174,5808,2317,3815,59,6191,2008,3963,35,6006
VA,Charlottesville,51540,15705,4078,261,20044,16267,4801,387,21455,17901,2960,1611,22472,20696,3094,415,24205,19435,3428,440,23303
VA,Chesapeake,51550,53994,52625,902,107521,54999,53845,1261,110105,52627,54047,6031,112705,66377,58180,2551,127108,65399,60550,1544,127493
VA,Chesterfield,51041,74310,86413,1365,162088,78954,91174,2095,172223,81074,85045,10342,176461,106935,93326,3623,203884,112869,94030,2831,209730
VA,Clarke,51043,3457,3840,134,7431,3237,4295,199,7731,3051,4661,501,8213,3920,5192,225,9337,3993,5641,148,9782
VA,Colonial Heights,51570,2562,6161,126,8849,2541,5937,115,8593,2367,5681,409,8457,2972,6007,167,9146,2982,5883,76,8941
VA,Covington,51580,1304,1020,30,2354,1319,975,35,2329,914,1349,119,2382,964,1580,59,2603,818,1642,15,2475
VA,Craig,51045,877,1695,49,2621,830,1757,77,2664,541,2140,113,2794,587,2536,46,3169,542,2562,17,3121
VA,Culpeper,51047,8802,10711,228,19741,8263,11549,319,20131,7759,13349,1110,22218,10617,16012,487,27116,10557,17685,311,28553
VA,Cumberland,51049,2255,2418,51,4724,2422,2538,80,5040,2036,2697,173,4906,2227,3019,64,5310,2117,3335,34,5486
VA,Danville,51590,12352,8361,177,20890,12215,7756,198,20169,11059,7303,590,18952,11710,7428,251,19389,10615,6894,158,17667
VA,Dickenson,51051,3278,3324,151,6753,2472,4274,132,6878,1335,4932,173,6440,1503,5748,52,7303,1316,5701,30,7047
VA,Dinwiddie,51053,6246,6526,120,12892,6425,6769,145,13339,5765,7447,363,13575,6224,8695,173,15092,5942,9549,98,15589
VA,Emporia,51595,1702,897,18,2617,1793,886,12,2691,1530,789,48,2367,1612,754,15,2381,1419,744,15,2178
VA,Essex,51057,2934,2379,51,5364,3009,2602,55,5666,2542,2657,209,5408,3038,3075,65,6178,2775,3245,44,6064
VA,Fairfax,51600,6575,4691,132,11398,6636,4762,179,11577,7367,3702,961,12030,9174,4007,302,13483,8797,4302,346,13445
VA,Fairfax,51059,310359,200994,4901,516254,260835,173786,5553,440174,355133,157710,38340,551183,419943,168401,12479,600823,386438,181895,16054,584387
VA,Falls Church,51610,4695,1970,85,6750,5006,2141,97,7244,5819,1324,614,7757,7146,1490,183,8819,7200,1620,149,8969
VA,Fauquier,51061,14616,19227,376,34219,13891,20955,493,35339,12971,22127,2369,37467,17565,25106,990,43661,17180,26825,532,44537
VA,Floyd,51063,2937,4441,138,7516,2732,4671,223,7626,2300,5293,458,8051,3004,6225,179,9408,2968,6551,106,9625
VA,Fluvanna,51065,6185,6420,130,12735,5885,6678,161,12724,5760,7025,812,13597,7414,8155,271,15840,7731,8777,170,16678
VA,Franklin,51620,2819,1576,32,4427,2830,1496,25,4351,2519,1421,130,4070,2525,1487,46,4058,2359,1476,41,3876
VA,Franklin,51067,9618,15414,369,25401,9082,16685,866,26633,7257,18569,1145,26971,8381,20895,426,29702,8321,22319,272,30912
VA,Frederick,51069,12961,20149,502,33612,12683,22851,738,36272,11932,26083,2425,40440,17207,30558,938,48703,18331,33117,592,52040
VA,Fredericksburg,51630,6155,3413,109,9677,7114,4054,228,11396,6707,3744,813,11264,8517,4037,308,12862,8760,4480,255,13495
VA,Galax,51640,1052,1317,33,2402,900,1332,41,2273,681,1603,92,2376,777,1838,23,2638,753,1946,18,2717
VA,Giles,51071,3192,4462,141,7795,2730,4660,154,7544,1950,5910,352,8212,2156,6876,144,9176,2069,7102,63,9234
VA,Gloucester,51073,6916,12089,217,19222,6764,12137,345,19246,5404,13096,1119,19619,6964,14875,443,22282,7034,15918,197,23149
VA,Goochland,51075,4813,7643,106,12562,4676,8448,163,13287,4889,8384,764,14037,6685,9966,299,16950,7875,11521,220,19616
VA,Grayson,51077,2480,4540,200,7220,2094,4801,251,7146,1407,5592,286,7285,1535,6529,67,8131,1503,6544,57,8104
VA,Greene,51079,3174,4980,106,8260,3284,5558,151,8993,2924,5945,739,9608,4163,6866,282,11311,4456,7432,150,12038
VA,Greensville,51081,3122,1729,36,4887,3135,1766,24,4925,2558,1737,68,4363,2627,1914,33,4574,2334,1936,26,4296
VA,Halifax,51083,8126,8600,124,16850,7760,8699,204,16663,6897,9704,400,17001,7666,10418,164,18248,6984,10741,119,17844
VA,Hampton,51650,46917,20476,550,67943,51733,19193,787,71713,41312,17902,3142,62356,46220,18430,1251,65901,43357,18383,892,62632
VA,Hanover,51085,18447,37344,457,56248,18283,39920,733,58936,19382,39630,3741,62753,25307,44318,1342,70967,26733,45569,785,73087
VA,Harrisonburg,51660,8444,6048,183,14675,8650,6564,327,15541,10212,6262,1519,17993,11022,5591,473,17086,10641,6266,338,17245
VA,Henrico,51087,86323,67381,1262,154966,89116,70235,1844,161195,93935,59857,9862,163654,116572,63440,3140,183152,115040,62882,2720,180642
VA,Henry,51089,11118,13758,339,25215,10312,13980,635,24927,8198,15208,700,24106,9127,16725,253,26105,8457,16800,156,25413
VA,Highland,51091,590,930,34,1554,459,924,28,1411,371,958,62,1391,417,1092,24,1533,416,1095,18,1529
VA,Hopewell,51670,5285,4149,90,9524,5178,3737,96,9011,4724,3885,399,9008,5430,4020,158,9608,5078,3838,90,9006
VA,Isle of Wight,51093,8573,11258,166,19997,8754,11797,221,20772,7881,12204,990,21075,9399,13707,350,23456,9779,14659,234,24672
VA,James City,51095,17352,20912,339,38603,17854,22830,450,41134,19105,21306,2762,43173,25553,23153,916,49622,26742,23575,575,50892
VA,King George,51099,4473,5888,113,10474,4476,6603,208,11287,4007,7341,711,12059,5404,8446,374,14224,5657,9500,205,15362
VA,King William,51101,3344,4966,78,8388,3326,5445,94,8865,2760,5975,426,9161,3260,7320,156,10736,3388,8080,93,11561
VA,King and Queen,51097,1918,1763,24,3705,1743,1863,39,3645,1468,2099,130,3697,1590,2450,75,4115,1536,2608,29,4173
VA,Lancaster,51103,3235,3647,56,6938,3144,3749,159,7052,2869,3523,253,6645,3368,3697,87,7152,3355,3866,58,7279
VA,Lee,51105,3219,5825,183,9227,2593,6845,150,9588,1627,7543,229,9399,1489,8365,92,9946,1391,8674,43,10108
VA,Lexington,51678,1543,914,22,2479,1484,1146,47,2677,1514,766,185,2465,1791,906,65,2762,1795,1030,38,2863
VA,Loudoun,51107,74845,63336,1278,139459,81900,74794,1954,158648,100795,69949,12353,183097,138372,82088,4402,224862,129280,92107,6821,228208
VA,Louisa,51109,6978,8182,193,15353,6949,9207,248,16404,6212,10528,891,17631,8269,13294,352,21915,8779,15084,204,24067
VA,Lunenburg,51111,2703,2900,47,5650,2684,2969,73,5726,2227,3204,155,5586,2418,3537,45,6000,2253,3594,32,5879
VA,Lynchburg,51680,16269,17638,434,34341,15905,19752,585,36242,14792,17982,2897,35671,18048,17097,1218,36363,16664,19574,477,36715
VA,Madison,51113,2862,3758,79,6699,2637,3864,96,6597,2203,4419,357,6979,2698,5300,131,8129,2700,5671,68,8439
VA,Manassas,51683,7518,5975,134,13627,8478,6463,213,15154,8423,5953,1035,15411,10356,6256,356,16968,9048,6670,303,16021
VA,Manassas Park,51685,2463,1634,43,4140,2873,1696,58,4627,3204,1733,295,5232,3992,1979,116,6087,3506,2314,147,5967
VA,Martinsville,51690,4139,2311,70,6520,3855,2312,110,6277,3533,2149,225,5907,3766,2165,82,6013,3435,2155,68,5658
VA,Mathews,51115,1934,3456,50,5440,1807,3488,69,5364,1563,3517,231,5311,1825,3901,100,5826,1774,4106,49,5929
VA,Mecklenburg,51117,7127,7817,138,15082,6786,7855,172,14813,6285,8288,372,14945,6803,9266,135,16204,6404,9791,71,16266
VA,Middlesex,51119,2391,3545,70,6006,2370,3619,78,6067,2108,3670,239,6017,2491,4196,98,6785,2473,4357,52,6882
VA,Montgomery,51121,21031,19028,594,40653,19903,20006,1029,40938,20021,19459,3551,43031,23218,20629,1190,45037,23811,22179,777,46767
VA,Nelson,51125,4391,3647,95,8133,4171,3944,110,8225,3689,4154,475,8318,4327,4812,177,9316,4298,5004,86,9388
VA,New Kent,51127,3493,6385,113,9991,3555,7246,140,10941,3546,8118,578,12242,4621,9631,211,14463,5641,10974,129,16744
VA,Newport News,51700,51972,28667,656,81295,50990,27224,955,79169,45618,25468,4629,75715,53099,26377,1727,81203,48169,26385,1075,75629
VA,Norfolk,51710,62819,24814,813,88446,55654,21366,905,77925,57023,21552,4813,83388,64440,23443,1998,89881,59941,24377,1325,85643
VA,Northampton,51131,3800,2713,73,6586,3737,2676,68,6481,3255,2686,231,6172,3667,2955,110,6732,3603,3183,46,6832
VA,Northumberland,51133,3312,4041,53,7406,3186,4308,48,7542,2852,4302,244,7398,3252,4485,78,7815,3202,4938,65,8205
VA,Norton,51720,743,744,25,1512,566,895,25,1486,383,1021,56,1460,464,1109,28,1601,458,1174,11,1643
VA,Nottoway,51135,3413,3499,76,6988,3344,3409,91,6844,2829,3712,203,6744,2971,4027,80,7078,2636,4168,49,6853
VA,Orange,51137,7107,8506,188,15801,6870,9244,216,16330,5957,10521,792,17270,7995,12426,321,20742,8274,13764,209,22247
VA,Page,51139,4235,6041,113,10389,3724,6344,137,10205,2514,7831,395,10740,3007,9345,162,12514,2976,10123,112,13211
VA,Patrick,51141,2879,5491,161,8531,2417,5622,202,8241,1768,6454,303,8525,1954,7485,95,9534,1886,7746,66,9698
VA,Petersburg,51730,13774,1583,183,15540,14377,1526,74,15977,12021,1451,314,13786,12389,1584,145,14118,11219,1702,156,13077
VA,Pittsylvania,51143,11415,18730,288,30433,10855,19275,448,30578,9199,21554,845,31598,10115,23751,361,34227,9599,24310,191,34100
VA,Poquoson,51735,1748,5229,88,7065,1679,5312,107,7098,1601,5092,484,7177,2054,5605,198,7857,2119,5800,105,8024
VA,Portsmouth,51740,32327,13984,354,46665,28994,12407,459,41860,28497,12795,1973,43265,30948,12755,879,44582,28306,12370,576,41252
VA,Powhatan,51145,4237,10088,131,14456,4066,11192,208,15466,4060,11885,955,16900,5320,14055,355,19730,5734,14918,189,20841
VA,Prince Edward,51147,5101,4174,113,9388,5132,3952,140,9224,4591,4101,451,9143,4973,4434,167,9574,4539,4782,103,9424
VA,Prince George,51149,7130,8752,124,16006,7671,9350,159,17180,6419,9157,608,16184,7103,10103,226,17432,6842,10590,164,17596
VA,Prince William,51153,93435,67621,1390,162446,103161,74371,2116,179648,113144,71721,11673,196538,142863,81222,3971,228056,131128,90203,6260,227591
VA,Pulaski,51155,5918,8857,275,15050,5287,8917,453,14657,4172,10322,673,15167,4925,12127,324,17376,4830,12732,128,17690
VA,Radford,51750,2930,2418,81,5429,2732,2520,130,5382,2925,2638,522,6085,3358,2786,176,6320,3231,3197,122,6550
VA,Rappahannock,51157,2105,2227,73,4405,1971,2307,53,4331,1747,2539,197,4483,2096,2812,70,4978,2041,2943,54,5038
VA,Richmond,51159,1618,2092,35,3745,1574,2160,34,3768,1347,2213,101,3661,1513,2547,42,4102,1439,2697,25,4161
VA,Richmond,51760,73623,18649,813,93085,71037,19732,1406,92175,81259,15581,6644,103484,92175,16603,2381,111159,88710,17041,2392,108143
VA,Roanoke,51770,24934,15394,444,40772,22179,14116,1184,37479,22286,14789,2391,39466,26773,15607,943,43323,25737,15787,604,42128
VA,Roanoke,51161,19812,30571,592,50975,19589,33344,860,53793,17200,31408,2881,51489,21801,34268,1115,57184,21693,34453,643,56789
VA,Rockbridge,51163,4347,5732,116,10195,4087,5898,170,10155,3508,6680,607,10795,4086,8088,199,12373,4160,8468,124,12752
VA,Rockingham,51165,10453,22468,413,33334,10059,24173,551,34783,9366,25990,2131,37487,12644,30349,818,43811,15035,33033,513,48581
VA,Russell,51167,4932,6389,173,11494,3716,8177,170,12063,2330,9521,395,12246,2373,10879,134,13386,2172,11303,50,13525
VA,Salem,51775,5164,7088,154,12406,4756,7289,225,12270,4202,7226,797,12225,5148,7683,220,13051,5237,7769,142,13148
VA,Scott,51169,2725,6980,170,9875,2395,7439,130,9964,1581,8247,272,10100,1692,9063,114,10869,1607,9392,58,11057
VA,Shenandoah,51171,6912,12005,306,19223,6462,12526,301,19289,5273,14094,1146,20513,6836,16463,385,23684,6914,17215,251,24380
VA,Smyth,51173,4239,7817,246,12302,4169,8376,206,12751,2665,9750,475,12890,3008,10963,165,14136,2805,11521,94,14420
VA,Southampton,51175,4402,4583,82,9067,4437,4733,91,9261,3595,5035,248,8878,3969,5730,87,9786,3626,6133,72,9831
VA,Spotsylvania,51177,24897,28610,562,54069,25150,31818,829,57797,24207,34623,3732,62562,34307,39411,1599,75317,35747,42531,931,79209
VA,Stafford,51179,25716,29221,518,55455,27130,32429,779,60338,27908,33868,4158,65934,40245,37636,1744,79625,41252,40590,1281,83123
VA,Staunton,51790,5569,5330,116,11015,5710,5257,187,11154,5333,5133,789,11255,6981,5695,314,12990,7592,5778,192,13562
VA,Suffolk,51800,22446,17165,297,39908,24194,17778,409,42381,23280,18006,1954,43240,28676,20082,884,49642,30597,22112,643,53352
VA,Surry,51181,2626,1663,36,4325,2574,1671,57,4302,2272,1819,137,4228,2397,2025,49,4471,2176,2205,48,4429
VA,Sussex,51183,3301,2026,36,5363,3350,2021,50,5421,2879,2055,110,5044,2827,2219,42,5088,2539,2322,31,4892
VA,Tazewell,51185,5596,11201,264,17061,3661,13843,208,17712,2895,15168,503,18566,3205,16731,198,20134,3030,16711,117,19858
VA,Virginia Beach,51810,98885,100319,2045,201249,94163,99107,2553,195823,91032,98224,14006,203262,117393,105087,5081,227561,115412,109375,2983,227770
VA,Warren,51187,6997,8879,250,16126,6449,9865,322,16636,5169,11773,1018,17960,6603,14069,475,21147,6910,15400,251,22561
VA,Washington,51191,8063,16077,360,24500,7076,18141,365,25582,5553,19320,974,25847,6617,21679,389,28685,6772,22455,185,29412
VA,Waynesboro,51820,3906,4815,139,8860,3836,4789,147,8772,3764,4801,639,9204,4961,5507,249,10717,5240,5882,152,11274
VA,Westmoreland,51193,4577,3719,81,8377,4155,4116,418,8689,3836,4448,290,8574,4501,5318,114,9933,4491,6003,87,10581
VA,Williamsburg,51830,4328,2353,106,6787,4901,2678,143,7722,5206,1925,495,7626,4790,1963,130,6883,5613,2119,119,7851
VA,Winchester,51840,5268,4725,133,10126,5089,4943,222,10254,5164,4790,713,10667,6610,5221,275,12106,6407,5252,163,11822
VA,Wise,51195,4995,8914,229,14138,3751,11041,145,14937,2701,12086,376,15163,3110,13366,139,16615,3036,13655,85,16776
VA,Wythe,51197,4107,8207,177,12491,3782,8324,230,12336,2770,10046,527,13343,3143,11733,196,15072,3075,12267,97,15439
VA,York,51199,13700,19833,364,33897,13165,20182,501,33848,12999,18837,2282,34118,17683,20241,863,38787,18296,20722,522,39540
VT,Addison,50001,13202,5667,369,19238,12290,5214,339,17843,11219,5297,2515,19031,14967,6292,763,22022,14879,6841,676,22396
VT,Bennington,50003,12524,6133,472,19129,11517,5687,308,17512,9539,5925,1917,17381,12705,7114,643,20462,12326,7697,529,20552
VT,Caledonia,50005,8900,5472,356,14728,8192,5088,265,13545,6445,5534,2096,14075,9011,6551,607,16169,8977,6927,578,16482
VT,Chittenden,50007,59611,22237,1592,83440,53615,21567,1349,76531,54814,18601,10003,83418,74961,21017,2937,98915,72656,20937,2812,96405
VT,Essex,50009,1733,1284,84,3101,1539,1169,61,2769,1019,1506,400,2925,1405,1773,110,3288,1344,1890,176,3410
VT,Franklin,50011,13179,7853,428,21460,12057,7405,293,19755,9351,8752,3308,21411,13611,11274,945,25830,13280,12490,782,26552
VT,Grand Isle,50013,2694,1490,85,4269,2531,1471,62,4064,2094,1487,529,4110,2905,1810,136,4851,2940,1893,134,4967
VT,Lamoille,50015,8914,3515,239,12668,8371,3352,201,11924,7241,3570,1951,12762,10240,4163,512,14915,9788,4505,464,14757
VT,Orange,50017,9799,5047,333,15179,9075,4588,301,13964,7541,5007,2101,14649,10304,6187,631,17122,10220,6683,633,17536
VT,Orleans,50019,7998,4482,291,12771,7116,4306,209,11631,5185,5159,1703,12047,7147,6512,437,14096,7006,7233,416,14655
VT,Rutland,50021,19355,11584,678,31617,17087,10834,493,28414,13635,12479,3505,29619,18230,14672,1068,33970,17375,15586,922,33883
VT,Washington,50023,22324,9129,747,32200,20349,8092,608,29049,18594,7993,4499,31086,25191,8928,1188,35307,24527,9327,1204,35058
VT,Windham,50025,17585,5997,499,24081,16080,5344,381,21805,14340,5454,2841,22635,18767,6440,828,26035,17904,6928,886,25718
VT,Windsor,50027,21444,9084,637,31165,19440,8583,445,28468,17556,8605,3767,29928,23376,9971,1099,34446,22569,10458,991,34018
WA,Adams,53001,1552,3222,84,4858,1516,3111,80,4707,1299,3083,262,4644,1814,3907,141,5862,1455,3767,123,5345
WA,Asotin,53003,4139,5451,190,9780,3993,5647,243,9883,3134,5741,861,9736,4250,7319,382,11951,4082,7004,310,11396
WA,Benton,53005,26288,45345,1278,72911,27846,49105,1923,78874,26360,47194,6473,80027,38706,60365,3962,103033,37662,59555,2730,99947
WA,Chelan,53007,13781,17605,572,31958,12519,17741,692,30952,13032,18114,2234,33380,19349,22746,1211,43306,18397,22363,1133,41893
WA,Clallam,53009,19470,18199,850,38519,17231,17087,924,35242,17677,18794,2986,39457,24721,23062,1481,49264,25440,21632,1318,48390
WA,Clark,53011,95356,84212,3196,182764,88822,88629,4116,181567,92757,92441,14962,200160,140324,126303,8776,275403,143206,123998,7591,274795
WA,Columbia,53013,686,1499,43,2228,634,1545,43,2222,526,1497,159,2182,668,1754,73,2495,661,1737,78,2476
WA,Cowlitz,53015,24597,19554,1078,45229,20897,19107,972,40976,17908,24185,3599,45692,23938,34424,1918,60280,22825,34580,1615,59020
WA,Douglas,53017,5848,9098,263,15209,5047,9287,344,14678,4918,9603,1022,15543,7811,12955,542,21308,7410,13095,564,21069
WA,Ferry,53019,1467,1916,118,3501,1276,1966,149,3391,1098,2202,301,3601,1486,2771,110,4367,1315,2667,114,4096
WA,Franklin,53021,7361,12037,298,19696,6876,11657,407,18940,8886,13206,1628,23720,13340,18039,1025,32404,11884,19086,769,31739
WA,Garfield,53023,385,968,20,1373,335,912,28,1275,279,851,116,1246,366,1069,54,1489,330,973,40,1343
WA,Grant,53025,9601,17153,684,27438,8746,17570,725,27041,7810,18518,2018,28346,11819,24764,1097,37680,10806,24326,937,36069
WA,Grays Harbor,53027,16354,12104,726,29184,15692,11743,789,28224,12020,14067,2280,28367,17354,19877,1210,38441,17161,19432,1045,37638
WA,Island,53029,22058,19426,675,42159,21080,19251,988,41319,20960,18465,3451,42876,29213,22746,1966,53925,29595,20967,1513,52075
WA,Jefferson,53031,13252,6330,409,19991,11985,6113,619,18717,12656,6037,1583,20276,17204,6931,657,24792,17459,6324,789,24572
WA,King,53033,648230,259716,14086,922032,599796,252090,19768,871654,718322,216339,63838,998499,907310,269167,34030,1210507,832606,252193,38082,1122881
WA,Kitsap,53035,68624,53297,2416,124337,59701,47468,2750,109919,63156,49018,12143,124317,90277,61563,6832,158672,91731,59080,5082,155893
WA,Kittitas,53037,8030,9471,367,17868,6462,8372,318,15152,7489,10100,1366,18955,11421,14105,838,26364,10810,14645,854,26309
WA,Klickitat,53039,4965,4944,255,10164,4373,5138,350,9861,4194,5789,786,10769,5959,7237,364,13560,5917,7178,432,13527
WA,Lewis,53041,13624,20278,803,34705,9772,15954,622,26348,9654,21992,2503,34149,14520,29391,1398,45309,14433,29322,1357,45112
WA,Lincoln,53043,2032,3803,142,5977,1649,4024,131,5804,1244,4108,361,5713,1713,5150,170,7033,1678,5272,157,7107
WA,Mason,53045,15050,12600,656,28306,14568,12637,692,27897,11993,13677,2403,28073,17269,18710,1324,37303,17215,18127,1160,36502
WA,Okanogan,53047,7613,8798,459,16870,5259,7151,371,12781,6298,9610,1183,17091,8900,11840,542,21282,8466,11555,596,20617
WA,Pacific,53049,6094,4555,288,10937,5684,4484,309,10477,4620,5360,736,10716,6794,6953,317,14064,6825,7010,343,14178
WA,Pend Oreille,53051,2562,3717,273,6552,2501,3942,206,6649,1934,4373,495,6802,2593,5728,232,8553,2461,5826,210,8497
WA,Pierce,53053,181824,141673,6023,329520,180478,144026,7630,332134,172538,146824,29123,348485,249506,197730,16845,464081,235169,188194,13322,436685
WA,San Juan,53055,7374,2958,199,10531,6943,3061,341,10345,7172,2688,914,10774,9725,3057,415,13197,9539,2890,510,12939
WA,Skagit,53057,30053,24687,1146,55886,21875,19418,980,42273,26690,24736,4542,55968,38252,32762,2409,73423,36956,30765,2116,69837
WA,Skamania,53059,2817,2524,149,5490,2554,2624,148,5326,2232,2928,479,5639,3192,3885,235,7312,3147,3961,206,7314
WA,Snohomish,53061,187294,126722,6317,320333,169927,121642,7190,298759,185227,128255,28691,342173,256728,166428,15640,438796,240099,161371,13857,415327
WA,Spokane,53063,105786,108314,5411,219511,91977,104797,5314,202088,93767,113435,20044,227246,135765,148576,11089,295430,131163,145338,8457,284958
WA,Stevens,53065,8499,13132,710,22341,6014,10794,473,17281,5767,15161,1749,22677,7839,19808,783,28430,7492,19895,708,28095
WA,Thurston,53067,75882,48366,2461,126709,64879,43703,3070,111652,68798,48624,11988,129410,96608,65277,6249,168134,95663,62282,5692,163637
WA,Wahkiakum,53069,1121,1105,68,2294,1091,1115,79,2285,832,1344,182,2358,1165,1741,75,2981,1204,1757,92,3053
WA,Walla Walla,53071,10081,14182,464,24727,5713,9098,344,15155,9694,13651,2074,25419,13690,16400,1171,31261,13106,15476,791,29373
WA,Whatcom,53073,58236,40205,1898,100339,49743,38764,2651,91158,60340,40599,8734,109673,83660,50489,4471,138620,83295,49213,4498,137006
WA,Whitman,53075,9070,8104,415,17589,6910,7460,481,14851,8146,7403,1756,17305,11184,9067,875,21126,10480,8699,666,19845
WA,Yakima,53077,33792,41946,1324,77062,25945,35381,1123,62449,31291,41735,4724,77750,43179,50555,2459,96193,36706,49368,2206,88280
WI,Adams,55001,5806,3974,206,9986,5537,4643,83,10263,3770,5983,411,10164,4329,7362,127,11818,4443,7763,647,12853
WI,Ashland,55003,5818,2634,122,8574,5387,2816,139,8342,4228,3302,499,8029,4801,3841,115,8757,4612,4191,130,8933
WI,Barron,55005,12078,10457,351,22886,10883,11413,287,22583,7879,13606,1158,22643,9194,15803,349,25346,8941,16726,1108,26775
WI,Bayfield,55007,5972,3365,131,9468,6025,3597,137,9759,4954,4125,450,9529,6147,4617,116,10880,6107,4860,237,11204
WI,Brown,55009,67269,55854,1631,124754,62433,64738,1343,128514,53364,67199,8416,128979,65511,75871,2635,144017,67937,79132,1891,148960
WI,Buffalo,55011,3949,2923,128,7000,3569,3352,87,7008,2531,4049,408,6988,2860,4834,122,7816,2765,5213,113,8091
WI,Burnett,55013,4337,4200,151,8688,3981,4541,112,8634,2948,5412,383,8743,3569,6462,110,10141,3665,7008,134,10807
WI,Calumet,55015,13295,12722,457,26474,11477,14519,340,26336,9646,15348,1656,26650,12116,18156,502,30774,12927,19488,445,32860
WI,Chippewa,55017,16239,13492,500,30231,15211,15371,332,30914,11886,17909,1766,31561,13983,21317,638,35938,14573,23399,428,38400
WI,Clark,55019,7454,6383,350,14187,6173,7394,173,13740,4227,8646,723,13596,4524,10002,372,14898,4509,10481,325,15315
WI,Columbia,55021,16661,12193,418,29272,17158,13014,288,30460,13526,14160,2085,29771,16410,16927,532,33869,16388,17988,467,34843
WI,Crawford,55023,4987,2830,164,7981,4622,3064,105,7791,3425,3844,475,7744,3953,4620,122,8695,3860,5113,111,9084
WI,Dane,55025,205984,73065,3890,282939,215389,83459,3997,302845,217526,71279,21212,310017,260185,78800,5806,344791,273995,85454,5391,364840
WI,Dodge,55027,19183,23015,625,42823,18745,25190,444,44379,13968,26643,2454,43065,16356,31355,725,48436,16518,33067,707,50292
WI,Door,55029,10142,7112,227,17481,9338,8109,160,17607,8026,8584,998,17608,10044,9752,321,20117,10565,10099,232,20896
WI,Douglas,55031,15830,7835,401,24066,14855,7698,309,22862,11345,9659,1507,22511,13218,10923,536,24677,13073,11732,360,25165
WI,Dunn,55033,13002,9566,421,22989,11303,10210,386,21899,9026,11488,1577,22091,9897,13173,454,23524,10643,14726,305,25674
WI,Eau Claire,55035,33146,20959,905,55010,30618,23218,759,54595,27294,23311,4280,54885,31620,25341,1314,58275,34400,27728,875,63003
WI,Florence,55037,1134,1512,39,2685,952,1643,20,2615,666,1897,94,2657,781,2133,26,2940,783,2356,19,3158
WI,Fond du Lac,55039,23463,28164,696,52323,22356,30329,587,53272,17391,31044,2892,51327,20588,35754,909,57251,20495,37272,671,58438
WI,Forest,55041,2673,1963,47,4683,2421,2172,50,4643,1584,2788,168,4540,1721,3285,47,5053,1681,3382,32,5095
WI,Grant,55043,14875,9068,377,24320,13574,10255,331,24160,10046,12349,1926,24321,10998,14142,468,25608,10966,15922,366,27254
WI,Green,55045,11502,6730,302,18534,11196,7848,258,19302,9122,8693,1170,18985,10851,10169,386,21406,10903,10843,280,22026
WI,Green Lake,55047,4000,5393,143,9536,3790,5779,88,9657,2701,6213,474,9388,3344,7168,159,10671,3449,7458,126,11033
WI,Iowa,55049,7987,3829,153,11969,8099,4302,114,12515,6669,4809,782,12260,7828,5909,255,13992,7750,6631,266,14647
WI,Iron,55051,1914,1464,54,3432,1783,1788,49,3620,1273,2090,134,3497,1533,2438,39,4010,1487,2557,35,4079
WI,Jackson,55053,5572,3552,127,9251,5297,3900,93,9290,3821,4907,544,9272,4256,5791,137,10184,4157,6204,140,10501
WI,Jefferson,55055,21448,21096,622,43166,20136,23489,511,44136,16561,23410,3175,43146,19904,27208,867,47979,20574,28771,690,50035
WI,Juneau,55057,6186,5148,196,11530,6237,5400,144,11781,4073,7123,536,11732,4746,8749,214,13709,4854,9525,149,14528
WI,Kenosha,55059,45836,31609,1344,78789,44838,34942,881,80661,35771,36025,5280,77076,42193,44972,1573,88738,41826,47478,1168,90472
WI,Kewaunee,55061,5902,4711,174,10787,5151,5746,121,11018,3623,6616,519,10758,3976,7927,192,12095,4059,8267,140,12466
WI,La Crosse,55063,38524,23701,993,63218,36632,25711,869,63212,32406,26389,4173,62968,37846,28684,1354,67884,39008,32247,987,72242
WI,Lafayette,55065,4732,2984,115,7831,4534,3313,81,7928,3288,3977,397,7662,3647,4821,87,8555,3469,5256,107,8832
WI,Langlade,55067,5182,5081,139,10402,4569,5810,103,10482,3260,6436,436,10132,3704,7330,131,11165,3746,7782,131,11659
WI,Lincoln,55069,8424,6519,325,15268,7543,7444,165,15152,5370,8400,936,14706,6261,10017,219,16497,6306,10633,249,17188
WI,Manitowoc,55071,22428,19234,752,42414,20382,21581,525,42488,14506,23193,2647,40346,16818,27218,793,44829,17399,28200,636,46235
WI,Marathon,55073,36367,30345,1228,67940,32330,36568,739,69637,26477,39013,4025,69515,30808,44624,1319,76751,31529,46213,933,78675
WI,Marinette,55075,11195,9726,334,21255,9868,10609,235,20712,6243,12995,808,20046,7366,15304,309,22979,7415,16670,279,24364
WI,Marquette,55077,4068,3654,124,7846,4112,3758,74,7944,2809,4714,370,7893,3239,5719,107,9065,3252,6041,113,9406
WI,Menominee,55078,1257,185,6,1448,1191,179,6,1376,1003,269,7,1279,1303,278,9,1590,1266,296,10,1572
WI,Milwaukee,55079,319819,149445,5928,475192,328090,158430,4424,490944,288797,125846,25604,440247,317270,134357,7344,458971,316292,138022,8452,462766
WI,Monroe,55081,10198,8666,288,19152,9505,9637,247,19389,7048,11352,1270,19670,8433,13775,403,22611,8476,14563,282,23321
WI,Oconto,55083,9927,8755,286,18968,8810,10691,226,19727,5884,13253,841,19978,6715,16226,274,23215,6967,17675,239,24881
WI,Oneida,55085,11907,9630,390,21927,10439,10905,233,21577,8104,12117,1252,21473,10105,13671,383,24159,10080,14455,302,24837
WI,Outagamie,55087,50294,39677,1592,91563,45565,47294,1378,94237,38087,49884,5897,93868,47667,58385,1970,108022,49438,60827,1640,111905
WI,Ozaukee,55089,20579,32172,614,53365,19075,35991,499,55565,20168,30430,3925,54523,26517,33912,1057,61486,27874,34504,821,63199
WI,Pepin,55091,2102,1616,53,3771,1875,1793,28,3696,1345,2206,188,3739,1489,2584,71,4144,1523,2798,33,4354
WI,Pierce,55093,11803,9812,492,22107,10213,10383,324,20920,8382,11258,1549,21189,9796,12815,706,23317,10171,14417,732,25320
WI,Polk,55095,10876,11282,485,22643,10054,12075,365,22494,7570,13815,1364,22749,9370,16611,390,26371,9567,18296,349,28212
WI,Portage,55097,24817,13810,795,39422,22052,16599,535,39186,18521,17306,2669,38496,20428,19299,876,40603,21503,20987,668,43158
WI,Price,55099,4559,3461,174,8194,3882,3879,109,7870,2669,4562,346,7577,3032,5394,120,8546,3005,5763,88,8856
WI,Racine,55101,53408,45954,1280,100642,52887,49173,877,102937,42512,46611,5010,94133,50159,54479,1813,106451,49721,56347,1334,107402
WI,Richland,55103,5041,3298,111,8450,4964,3575,97,8636,3577,4023,455,8055,3995,4871,148,9014,3985,5207,113,9305
WI,Rock,55105,50529,27364,1276,79169,49158,30492,812,80462,39343,31488,5237,76068,46658,37138,1564,85360,46642,40218,1253,88113
WI,Rusk,55107,3855,3253,164,7272,3391,3673,107,7171,2171,4564,352,7087,2517,5257,112,7886,2516,5660,85,8261
WI,Sauk,55111,18167,11562,447,30626,18718,12829,285,31832,14692,14791,1835,31318,18108,17493,602,36203,18172,18798,604,37574
WI,Sawyer,55113,4765,4199,121,9085,4482,4436,85,9003,3504,5185,432,9121,4498,5909,103,10510,4599,6422,101,11122
WI,Shawano,55115,10259,9538,292,20089,8990,11017,215,20222,6056,12742,953,19751,7131,15173,311,22615,7336,15850,269,23455
WI,Sheboygan,55117,30395,30801,911,62107,28356,34282,634,63272,22956,32458,4241,59655,27101,37609,1301,66011,27735,38763,912,67410
WI,St. Croix,55109,21177,22837,807,44821,19874,25475,660,46009,17486,26220,3802,47508,23190,32199,1318,56707,23870,35537,1070,60477
WI,Taylor,55119,4563,4586,197,9346,3761,5597,128,9486,2398,6589,497,9484,2693,7657,336,10686,2823,8209,140,11172
WI,Trempealeau,55121,8321,4808,185,13314,7601,5703,152,13456,5636,7364,675,13675,6285,8833,262,15380,6219,9661,186,16066
WI,Vernon,55123,8463,5367,245,14075,8031,5935,249,14215,6352,6996,865,14213,7457,8218,248,15923,7514,8807,258,16579
WI,Vilas,55125,6491,7055,204,13750,5931,7735,116,13782,4770,8169,673,13612,5903,9261,205,15369,6119,9837,145,16101
WI,Walworth,55127,24177,25485,760,50422,22512,28962,641,52115,18706,28851,3767,51324,22789,33851,960,57600,23161,36603,701,60465
WI,Washburn,55129,4693,4303,116,9112,4435,4692,115,9242,3284,5404,460,9148,3867,6334,177,10378,3867,6962,124,10953
WI,Washington,55131,25719,47729,963,74411,23136,54709,713,78558,20855,51729,5419,78003,26650,60237,1183,88070,28504,61604,1054,91162
WI,Waukesha,55133,85339,145152,2406,232897,77617,161567,1900,241084,79200,142521,17321,239042,103906,159649,4441,267996,108478,162768,3599,274845
WI,Waupaca,55135,12952,12232,327,25511,11565,13989,247,25801,8440,16189,1395,26024,9703,18952,475,29130,9947,20093,327,30367
WI,Waushara,55137,5868,5770,211,11849,5330,6558,129,12017,3792,7669,538,11999,4388,9016,164,13568,4571,9625,164,14360
WI,Winnebago,55139,48167,37946,1564,87677,45410,42073,1331,88814,37054,43448,6642,87144,44060,47796,2176,94032,44660,49179,1327,95166
WI,Wood,55141,21710,16581,761,39052,18546,19685,531,38762,14232,21503,2065,37800,16365,24308,625,41298,16599,24997,553,42149
WV,Barbour,54001,2419,3685,128,6232,1761,3804,168,5733,1222,4527,305,6054,1457,5116,104,6677,1199,5071,125,6395
WV,Berkeley,54003,15994,20841,456,37291,14122,21956,726,36804,12321,28244,2285,42850,17186,33279,1070,51535,17500,37580,1022,56102
WV,Boone,54005,4529,3632,205,8366,2777,5414,243,8434,1790,6504,389,8683,2041,6816,155,9012,1641,6314,187,8142
WV,Braxton,54007,2704,2629,75,5408,1985,2692,79,4756,1321,3537,232,5090,1457,4120,87,5664,1233,3991,89,5313
WV,Brooke,54009,4717,4961,177,9855,3984,5014,226,9224,2568,6625,420,9613,2947,7545,164,10656,2621,6986,175,9782
WV,Cabell,54011,15292,18793,506,34591,13380,17779,585,31744,11447,19850,1788,33085,14994,21721,645,37360,13474,21229,726,35429
WV,Calhoun,54013,993,1366,70,2429,801,1288,68,2157,456,2035,126,2617,568,2364,39,2971,488,2391,57,2936
WV,Clay,54015,1421,1755,89,3265,922,1957,110,2989,568,2300,104,2972,641,2679,45,3365,580,2597,63,3240
WV,Doddridge,54017,735,2218,65,3018,571,2108,64,2743,362,2358,120,2840,435,2619,47,3101,374,2541,41,2956
WV,Fayette,54019,7242,7658,292,15192,5368,8304,299,13971,4290,10357,690,15337,5063,11580,219,16862,4387,10910,323,15620
WV,Gilmer,54021,1004,1445,72,2521,830,1580,72,2482,545,1896,102,2543,599,2012,51,2662,486,1822,36,2344
WV,Grant,54023,997,3166,55,4218,713,3775,84,4572,512,4346,98,4956,607,4871,31,5509,552,4949,67,5568
WV,Greenbrier,54025,5881,7567,278,13726,4681,7873,318,12872,3765,9556,745,14066,4655,10925,270,15850,4196,10517,283,14996
WV,Hampshire,54027,2983,5222,141,8346,2294,5514,164,7972,1580,6692,336,8608,1939,8033,114,10086,1890,8464,146,10500
WV,Hancock,54029,5504,7518,198,13220,4571,7159,261,11991,3262,8909,531,12702,3790,9806,204,13800,3360,9462,208,13030
WV,Hardy,54031,1901,3376,129,5406,1477,3523,149,5149,1155,4274,214,5643,1381,4859,91,6331,1297,4997,117,6411
WV,Harrison,54033,13582,17824,464,31870,9660,15755,533,25948,7694,18750,1516,27960,9215,20683,567,30465,8402,20480,613,29495
WV,Jackson,54035,4861,7148,216,12225,3824,7360,281,11465,2663,9020,504,12187,3207,10093,208,13508,2699,9907,216,12822
WV,Jefferson,54037,11687,10600,253,22540,10215,11090,471,21776,9518,13204,1425,24147,12127,15033,543,27703,11967,16573,616,29156
WV,Kanawha,54039,40594,40952,934,82480,32190,41037,1224,74451,28263,43850,3577,75690,34344,46398,1502,82244,30231,43352,1656,75239
WV,Lewis,54041,2109,4335,159,6603,1719,4349,175,6243,1347,5274,307,6928,1538,5782,137,7457,1372,5550,126,7048
WV,Lincoln,54043,3029,3637,169,6835,2204,4336,207,6747,1459,5307,300,7066,1711,6012,107,7830,1279,5770,138,7187
WV,Logan,54045,5873,7326,265,13464,3461,8186,254,11901,2092,9897,370,12359,2333,10534,159,13026,1848,9500,121,11469
WV,Marion,54049,11618,11501,484,23603,8905,11981,528,21414,6964,14668,1397,23029,8901,16300,593,25794,8185,15881,568,24634
WV,Marshall,54051,5996,7759,245,14000,3395,6208,246,9849,2918,9666,632,13216,3455,10435,190,14080,3186,9808,239,13233
WV,Mason,54053,4484,5853,266,10603,3738,5706,269,9713,2081,7654,451,10186,2526,8491,186,11203,2111,8232,204,10547
WV,McDowell,54047,3430,2882,118,6430,2086,3931,119,6136,1438,4629,136,6203,1333,5148,46,6527,1036,4310,79,5425
WV,Mercer,54055,7450,13246,326,21022,5416,15406,394,21216,4704,17404,874,22982,5556,19237,341,25134,4851,18372,361,23584
WV,Mineral,54057,3750,7616,181,11547,2836,7687,261,10784,2050,9070,444,11564,2660,10040,172,12872,2483,10247,174,12904
WV,Mingo,54059,3582,4587,169,8338,2421,6163,210,8794,1370,7911,229,9510,1397,8544,81,10022,1061,7325,104,8490
WV,Monongalia,54061,17060,15775,542,33377,13664,16672,804,31140,14699,18432,2917,36048,20282,20803,987,42072,19265,21084,1103,41452
WV,Monroe,54063,2014,3397,164,5575,1441,3571,140,5152,1111,4443,251,5805,1345,5068,77,6490,1155,5089,123,6367
WV,Morgan,54065,2721,4428,127,7276,2361,4508,168,7037,1573,5732,349,7654,1998,6537,160,8695,1947,7009,141,9097
WV,Nicholas,54067,4357,4804,200,9361,2635,5823,218,8676,1840,7251,400,9491,2226,8279,125,10630,1919,7960,158,10037
WV,Ohio,54069,8593,10694,253,19540,6623,10577,341,17541,5493,11139,1306,17938,7223,12354,321,19898,6727,11593,369,18689
WV,Pendleton,54071,1310,2035,50,3395,1067,2087,70,3224,729,2398,98,3225,820,2782,57,3659,680,2687,58,3425
WV,Pleasants,54073,1142,1772,60,2974,942,1805,60,2807,621,2358,171,3150,699,2742,50,3491,656,2632,60,3348
WV,Pocahontas,54075,1548,2011,82,3641,1298,2167,88,3553,928,2496,222,3646,1047,2895,66,4008,927,2889,85,3901
WV,Preston,54077,4205,7325,264,11794,2916,7841,332,11089,2470,9538,651,12659,3163,11190,219,14572,2953,11176,297,14426
WV,Putnam,54079,9334,15162,282,24778,7198,15926,377,23501,5884,17788,1221,24893,7878,20034,589,28501,7124,19868,515,27507
WV,Raleigh,54081,10237,17548,472,28257,7651,20375,473,28499,6443,22048,1127,29618,7982,24673,451,33106,6816,23644,506,30966
WV,Randolph,54083,4539,6060,232,10831,3325,6150,252,9727,2735,7629,512,10876,3362,8673,165,12200,3008,8356,230,11594
WV,Ritchie,54085,998,2781,66,3845,762,2889,98,3749,496,3405,174,4075,586,3649,48,4283,517,3473,60,4050
WV,Roane,54087,2511,2943,109,5563,1928,2973,126,5027,1222,3781,244,5247,1455,4213,95,5763,1218,4189,114,5521
WV,Summers,54089,2290,2891,135,5316,1612,2968,132,4712,1190,3455,217,4862,1448,4074,63,5585,1226,3931,107,5264
WV,Taylor,54091,2462,3605,136,6203,1933,3827,127,5887,1491,4733,314,6538,1796,5477,110,7383,1694,5422,149,7265
WV,Tucker,54093,1288,2123,96,3507,876,2160,82,3118,751,2565,159,3475,938,2841,65,3844,890,2669,77,3636
WV,Tyler,54095,1241,2415,85,3741,880,2291,74,3245,507,2996,151,3654,631,3226,65,3922,554,2991,72,3617
WV,Upshur,54097,2925,5911,134,8970,2143,5878,174,8195,1766,7005,447,9218,2256,7771,194,10221,2033,7633,193,9859
WV,Wayne,54099,6137,8947,342,15426,4915,8673,335,13923,3357,11152,673,15182,4088,12585,274,16947,3532,11934,281,15747
WV,Webster,54101,1552,1386,114,3052,939,1708,97,2744,556,2302,120,2978,610,2759,33,3402,479,2478,41,2998
WV,Wetzel,54103,2942,3342,168,6452,2194,3449,165,5808,1359,4519,387,6265,1539,4993,135,6667,1294,4718,156,6168
WV,Wirt,54105,782,1496,46,2324,673,1422,68,2163,386,1911,125,2422,466,2134,53,2653,409,2120,52,2581
WV,Wood,54107,12573,22896,521,35990,11067,21980,553,33600,8400,25434,1781,35615,10926,27202,634,38762,10317,26380,616,37313
WV,Wyoming,54109,2735,4621,174,7530,1575,5751,170,7496,1062,6547,222,7831,1157,7353,82,8592,980,6503,82,7565
WY,Albany,56001,8644,7936,537,17117,7445,7851,756,16052,6890,7602,2568,17060,9092,8579,946,18617,8371,8930,338,17639
WY,Big Horn,56003,1108,4045,157,5310,868,4269,125,5262,604,4067,646,5317,788,4806,158,5752,742,4867,82,5691
WY,Campbell,56005,2990,13011,319,16320,2163,14952,362,17477,1324,15778,1097,18199,1935,16975,656,19566,2004,16006,226,18236
WY,Carbon,56007,2336,4331,187,6854,2109,4152,200,6461,1279,4409,686,6374,1427,5014,223,6664,1274,4952,101,6327
WY,Converse,56009,1380,4922,149,6451,1089,5043,155,6287,668,5520,466,6654,861,5917,192,6970,845,5756,77,6678
WY,Crook,56011,612,2967,104,3683,426,3109,122,3657,273,3348,205,3826,378,3651,90,4119,443,3805,63,4311
WY,Fremont,56013,6016,11083,493,17592,5333,11072,412,16817,4200,11167,1656,17023,5519,12007,585,18111,5179,11552,329,17060
WY,Goshen,56015,1832,3942,138,5912,1458,4178,122,5758,924,4418,454,5796,1203,4878,160,6241,1156,4893,85,6134
WY,Hot Springs,56017,619,1834,93,2546,523,1894,78,2495,400,1939,247,2586,482,1999,96,2577,488,2082,34,2604
WY,Johnson,56019,908,3334,112,4354,749,3362,106,4217,638,3477,302,4417,897,3881,136,4914,847,3936,68,4851
WY,Laramie,56021,16072,24549,1004,41625,13807,23247,1003,38057,11573,24847,4549,40969,15217,27891,1874,44982,14153,28063,683,42899
WY,Lincoln,56023,1823,6485,260,8568,1287,7144,142,8573,1105,6779,991,8875,1509,8643,316,10468,1623,8957,151,10731
WY,Natrona,56025,10475,21906,886,33267,8960,22129,968,32057,6577,23552,3219,33348,8530,25271,1401,35202,8337,24671,583,33591
WY,Niobrara,56027,244,1017,32,1293,200,1022,46,1268,115,1116,83,1314,155,1118,35,1308,112,1108,10,1230
WY,Park,56029,3757,10839,389,14985,2927,11234,331,14492,2535,11115,1445,15095,3410,12813,494,16717,3259,13084,232,16575
WY,Platte,56031,1407,3002,151,4560,1223,3136,141,4500,719,3437,373,4529,890,3898,135,4923,780,3874,73,4727
WY,Sheridan,56033,4458,10177,346,14981,3618,10267,340,14225,2927,10266,1317,14510,4043,11843,542,16428,3920,12041,258,16219
WY,Sublette,56035,936,3316,104,4356,767,3472,98,4337,644,3409,337,4390,882,3957,131,4970,920,3905,60,4885
WY,Sweetwater,56037,5762,10360,581,16703,4773,11427,550,16750,3231,12154,1745,17130,3823,12229,551,16603,3731,12541,297,16569
WY,Teton,56039,7472,4565,279,12316,6211,4858,287,11356,7314,3921,1392,12627,9848,4341,488,14677,8748,4134,195,13077
WY,Uinta,56041,2317,5763,303,8383,1628,6613,212,8453,1202,6154,1114,8470,1591,7496,315,9402,1561,7282,141,8984
WY,Washakie,56043,1042,2956,91,4089,794,3013,104,3911,532,2911,371,3814,651,3245,116,4012,656,3125,60,3841
WY,Weston,56045,658,2618,117,3393,422,2821,80,3323,299,3033,194,3526,360,3107,75,3542,378,3069,47,3494
